PLAYER_ID,PLAYER_NAME,NICKNAME,TEAM_ID,TEAM_ABBREVIATION,AGE,GP,W,L,W_PCT,MIN,FGM,FGA,FG_PCT,FG3M,FG3A,FG3_PCT,FTM,FTA,FT_PCT,OREB,DREB,REB,AST,TOV,STL,BLK,BLKA,PF,PFD,PTS,PLUS_MINUS,NBA_FANTASY_PTS,DD2,TD3,WNBA_FANTASY_PTS,GP_RANK,W_RANK,L_RANK,W_PCT_RANK,MIN_RANK,FGM_RANK,FGA_RANK,FG_PCT_RANK,FG3M_RANK,FG3A_RANK,FG3_PCT_RANK,FTM_RANK,FTA_RANK,FT_PCT_RANK,OREB_RANK,DREB_RANK,REB_RANK,AST_RANK,TOV_RANK,STL_RANK,BLK_RANK,BLKA_RANK,PF_RANK,PFD_RANK,PTS_RANK,PLUS_MINUS_RANK,NBA_FANTASY_PTS_RANK,DD2_RANK,TD3_RANK,WNBA_FANTASY_PTS_RANK,team_poss,E_DEF_RATING_RANK,sp_work_OFF_RATING,OFF_RATING,E_NET_RATING,sp_work_DEF_RATING,PIE_RANK,POSS,USG_PCT,AST_PCT_RANK,NET_RATING_RANK,DEF_RATING_RANK,AST_TO_RANK,FGM_PG,sp_work_NET_RATING,TM_TOV_PCT,E_USG_PCT,sp_work_DEF_RATING_RANK,sp_work_OFF_RATING_RANK,REB_PCT_RANK,sp_work_NET_RATING_RANK,DEF_RATING,AST_TO,FGA_PG,AST_PCT,EFG_PCT,AST_RATIO_RANK,OREB_PCT,E_TOV_PCT_RANK,E_DEF_RATING,PACE,DREB_PCT,E_PACE,NET_RATING,DREB_PCT_RANK,TM_TOV_PCT_RANK,sp_work_PACE_RANK,USG_PCT_RANK,PACE_PER40,E_PACE_RANK,TS_PCT,PACE_RANK,OREB_PCT_RANK,sp_work_PACE,E_USG_PCT_RANK,OFF_RATING_RANK,E_NET_RATING_RANK,TS_PCT_RANK,E_OFF_RATING,FGM_PG_RANK,PIE,E_TOV_PCT,E_OFF_RATING_RANK,AST_RATIO,EFG_PCT_RANK,FGA_PG_RANK,REB_PCT,FT_AST,AST_ADJ,SECONDARY_AST,POTENTIAL_AST,AST_TO_PASS_PCT,AST_TO_PASS_PCT_ADJ,AST_PTS_CREATED,PASSES_RECEIVED,PASSES_MADE,DRIVE_FTA,DRIVE_PASSES,DRIVE_TOV,DRIVE_FG_PCT,DRIVE_PF_PCT,DRIVE_PTS_PCT,DRIVES,DRIVE_FTM,DRIVE_PF,DRIVE_TOV_PCT,DRIVE_PASSES_PCT,DRIVE_PTS,DRIVE_FGA,DRIVE_AST_PCT,DRIVE_FT_PCT,DRIVE_AST,DRIVE_FGM,TOUCHES,PTS_PER_PAINT_TOUCH,POST_TOUCHES,PTS_PER_ELBOW_TOUCH,ELBOW_TOUCHES,FRONT_CT_TOUCHES,AVG_SEC_PER_TOUCH,PTS_PER_TOUCH,AVG_DRIB_PER_TOUCH,PTS_PER_POST_TOUCH,POINTS,TIME_OF_POSS,PAINT_TOUCHES,REB_CHANCE_PCT,REB_CHANCE_DEFER,OREB_CHANCES,DREB_UNCONTEST,DREB_CHANCE_PCT,OREB_CHANCE_PCT_ADJ,AVG_DREB_DIST,OREB_CHANCE_DEFER,REB_CONTEST,DREB_CONTEST,AVG_OREB_DIST,OREB_CONTEST_PCT,REB_CONTEST_PCT,DREB_CHANCES,DREB_CHANCE_DEFER,REB_CHANCE_PCT_ADJ,DREB_CHANCE_PCT_ADJ,AVG_REB_DIST,REB_UNCONTEST,OREB_UNCONTEST,OREB_CHANCE_PCT,DREB_CONTEST_PCT,REB_CHANCES,OREB_CONTEST,very_tight_FGM,very_tight_FGA_FREQUENCY,very_tight_FG_PCT,very_tight_EFG_PCT,very_tight_FGA,very_tight_FG3M,G,very_tight_FG2M,very_tight_FG3A_FREQUENCY,very_tight_FG3_PCT,very_tight_FG2A,very_tight_FG2A_FREQUENCY,very_tight_FG2_PCT,very_tight_FG3A,tight_FG_PCT,tight_FG2A_FREQUENCY,tight_FG2A,tight_FGM,tight_FG3M,tight_FG2M,tight_FGA,tight_FG3A_FREQUENCY,tight_FGA_FREQUENCY,tight_FG3_PCT,tight_FG3A,tight_FG2_PCT,tight_EFG_PCT,open_FG2_PCT,open_FGA,open_FG3A,open_FG2M,open_EFG_PCT,open_FG3M,open_FG2A,open_FGA_FREQUENCY,open_FG3A_FREQUENCY,open_FG3_PCT,open_FG_PCT,open_FGM,open_FG2A_FREQUENCY,wide_open_FGA_FREQUENCY,wide_open_EFG_PCT,wide_open_FG3A_FREQUENCY,wide_open_FG2A,wide_open_FG2M,wide_open_FG3_PCT,wide_open_FG_PCT,wide_open_FG2_PCT,wide_open_FG3M,wide_open_FG3A,wide_open_FG2A_FREQUENCY,wide_open_FGM,wide_open_FGA,PULL_UP_EFG_PCT,PULL_UP_FG3_PCT,PULL_UP_FG_PCT,PULL_UP_FG3M,PULL_UP_FGA,PULL_UP_FGM,PULL_UP_PTS,PULL_UP_FG3A,POST_TOUCH_PTS,PAINT_TOUCH_FG_PCT,ELBOW_TOUCH_FG_PCT,ELBOW_TOUCH_PTS,CATCH_SHOOT_PTS,PAINT_TOUCH_PTS,EFF_FG_PCT,POST_TOUCH_FG_PCT,CATCH_SHOOT_FG_PCT,RIGHT_CORNER_3_FG_PCT,ABOVE_BREAK_3_FGM,ITP_FGA,ITP_FGM,BACKCOURT_FG_PCT,CORNER_3_FGA,LEFT_CORNER_3_FGA,BACKCOURT_FGA,BACKCOURT_FGM,LEFT_CORNER_3_FG_PCT,CORNER_3_FG_PCT,MID_FGA,RIGHT_CORNER_3_FGA,MID_FGM,RA_FGM,RIGHT_CORNER_3_FGM,MID_FG_PCT,CORNER_3_FGM,RA_FGA,ITP_FG_PCT,ABOVE_BREAK_3_FGA,ABOVE_BREAK_3_FG_PCT,RA_FG_PCT,LEFT_CORNER_3_FGM,FREQ,PLAYER_POSITION,LT_06_PCT,FGM_LT_06,PLUSMINUS,FGA_LT_06,NS_LT_06_PCT,FGP_30_34,FGM_20_24,FGM_5_9,FGA_LT_5,FGM_40_PLUS,FGM_35_39,FGP_5_9,FGA_25_29,FGP_LT_5,FGP_25_29,FGA_5_9,FGA_15_19,FGA_20_24,FGP_15_19,FGM_10_14,FGA_40_PLUS,FGP_40_PLUS,FGP_20_24,FGP_10_14,FGM_LT_5,FGA_30_34,FGM_30_34,FGA_10_14,FGM_25_29,FGP_35_39,FGA_35_39,FGM_15_19,TEAM_ABBR,CATCH_SHOOT_FGM,CATCH_SHOOT_FG3_PCT,CATCH_SHOOT_FG3A,CATCH_SHOOT_FG3M,CATCH_SHOOT_FGA,CATCH_SHOOT_EFG_PCT,year,GAME_ID,index,overall_def_FREQ,overall_def_D_FGM,overall_def_D_FGA,overall_def_D_FG_PCT,overall_def_NORMAL_FG_PCT,overall_def_PCT_PLUSMINUS,three_pt_def_FREQ,three_pt_def_FG3M,three_pt_def_FG3A,three_pt_def_FG3_PCT,three_pt_def_NS_FG3_PCT,three_pt_def_PLUSMINUS,two_pt_def_FREQ,two_pt_def_FG2M,two_pt_def_FG2A,two_pt_def_FG2_PCT,two_pt_def_NS_FG2_PCT,two_pt_def_PLUSMINUS,less_6ft_def_FREQ,less_6ft_def_FGM_LT_06,less_6ft_def_FGA_LT_06,less_6ft_def_LT_06_PCT,less_6ft_def_NS_LT_06_PCT,less_6ft_def_PLUSMINUS,less_10ft_def_FREQ,less_10ft_def_FGM_LT_10,less_10ft_def_FGA_LT_10,less_10ft_def_LT_10_PCT,less_10ft_def_NS_LT_10_PCT,less_10ft_def_PLUSMINUS,more_15ft_def_FREQ,more_15ft_def_FGM_GT_15,more_15ft_def_FGA_GT_15,more_15ft_def_GT_15_PCT,more_15ft_def_NS_GT_15_PCT,more_15ft_def_PLUSMINUS,hustle_CONTESTED_SHOTS,hustle_CONTESTED_SHOTS_2PT,hustle_CONTESTED_SHOTS_3PT,hustle_DEFLECTIONS,hustle_CHARGES_DRAWN,hustle_SCREEN_ASSISTS,hustle_SCREEN_AST_PTS,hustle_OFF_LOOSE_BALLS_RECOVERED,hustle_DEF_LOOSE_BALLS_RECOVERED,hustle_LOOSE_BALLS_RECOVERED,hustle_PCT_LOOSE_BALLS_RECOVERED_OFF,hustle_PCT_LOOSE_BALLS_RECOVERED_DEF,hustle_OFF_BOXOUTS,hustle_DEF_BOXOUTS,hustle_BOX_OUTS,hustle_BOX_OUT_PLAYER_TEAM_REBS,hustle_BOX_OUT_PLAYER_REBS,hustle_PCT_BOX_OUTS_OFF,hustle_PCT_BOX_OUTS_DEF,hustle_PCT_BOX_OUTS_TEAM_REB,hustle_PCT_BOX_OUTS_REB,post_touch_TOUCHES,post_touch_POST_TOUCHES,post_touch_POST_TOUCH_FGM,post_touch_POST_TOUCH_FGA,post_touch_POST_TOUCH_FG_PCT,post_touch_POST_TOUCH_FTM,post_touch_POST_TOUCH_FTA,post_touch_POST_TOUCH_FT_PCT,post_touch_POST_TOUCH_PTS,post_touch_POST_TOUCH_PTS_PCT,post_touch_POST_TOUCH_PASSES,post_touch_POST_TOUCH_PASSES_PCT,post_touch_POST_TOUCH_AST,post_touch_POST_TOUCH_AST_PCT,post_touch_POST_TOUCH_TOV,post_touch_POST_TOUCH_TOV_PCT,post_touch_POST_TOUCH_FOULS,post_touch_POST_TOUCH_FOULS_PCT,speed_distance_MIN1,speed_distance_DIST_FEET,speed_distance_DIST_MILES,speed_distance_DIST_MILES_OFF,speed_distance_DIST_MILES_DEF,speed_distance_AVG_SPEED,speed_distance_AVG_SPEED_OFF,speed_distance_AVG_SPEED_DEF,opp_id,series_key,HTM,VTM,date,season,playoffs,team,opp_team,PLAYER_LAST_TEAM_ABBREVIATION,PLAYER_LAST_TEAM_ID,hustle_TEAM_ID,hustle_TEAM_ABBREVIATION,post_touch_TEAM_ID,post_touch_TEAM_ABBREVIATION,speed_distance_TEAM_ID,speed_distance_TEAM_ABBREVIATION,D_FGA,NORMAL_FG_PCT,D_FGM,D_FG_PCT,PCT_PLUSMINUS,more_15ft_def_TEAM_ID,more_15ft_def_OREB_CONTEST_PCT,more_15ft_def_OREB_CHANCES,more_15ft_def_OREB,more_15ft_def_OREB_CHANCE_PCT_ADJ,more_15ft_def_DREB_UNCONTEST,more_15ft_def_DREB_CHANCE_PCT_ADJ,more_15ft_def_REB_CONTEST,more_15ft_def_DREB_CONTEST,more_15ft_def_REB,more_15ft_def_OREB_CHANCE_PCT,more_15ft_def_REB_CHANCE_DEFER,more_15ft_def_REB_UNCONTEST,more_15ft_def_DREB_CHANCE_PCT,more_15ft_def_AVG_REB_DIST,more_15ft_def_OREB_CONTEST,more_15ft_def_AVG_DREB_DIST,more_15ft_def_REB_CONTEST_PCT,more_15ft_def_AVG_OREB_DIST,more_15ft_def_REB_CHANCE_PCT,more_15ft_def_DREB_CHANCES,more_15ft_def_REB_CHANCE_PCT_ADJ,more_15ft_def_DREB_CHANCE_DEFER,more_15ft_def_DREB,more_15ft_def_REB_CHANCES,more_15ft_def_DREB_CONTEST_PCT,more_15ft_def_TEAM_ABBREVIATION,more_15ft_def_OREB_CHANCE_DEFER,more_15ft_def_OREB_UNCONTEST,DIST_MILES_OFF,DIST_MILES_DEF,AVG_SPEED,AVG_SPEED_OFF,DIST_MILES,AVG_SPEED_DEF,MIN1,DIST_FEET,overall_def_PLAYER_NAME,overall_def_PLAYER_LAST_TEAM_ID,overall_def_PLAYER_LAST_TEAM_ABBREVIATION,overall_def_PLAYER_POSITION,overall_def_AGE,overall_def_GP,overall_def_G,three_pt_def_PLAYER_NAME,three_pt_def_PLAYER_LAST_TEAM_ID,three_pt_def_PLAYER_LAST_TEAM_ABBREVIATION,three_pt_def_PLAYER_POSITION,three_pt_def_AGE,three_pt_def_GP,three_pt_def_G,two_pt_def_PLAYER_NAME,two_pt_def_PLAYER_LAST_TEAM_ID,two_pt_def_PLAYER_LAST_TEAM_ABBREVIATION,two_pt_def_PLAYER_POSITION,two_pt_def_AGE,two_pt_def_GP,two_pt_def_G,less_6ft_def_PLAYER_NAME,less_6ft_def_PLAYER_LAST_TEAM_ID,less_6ft_def_PLAYER_LAST_TEAM_ABBREVIATION,less_6ft_def_PLAYER_POSITION,less_6ft_def_AGE,less_6ft_def_GP,less_6ft_def_G,less_10ft_def_PLAYER_NAME,less_10ft_def_PLAYER_LAST_TEAM_ID,less_10ft_def_PLAYER_LAST_TEAM_ABBREVIATION,less_10ft_def_PLAYER_POSITION,less_10ft_def_AGE,less_10ft_def_GP,less_10ft_def_G,more_15ft_def_PLAYER_NAME,more_15ft_def_PLAYER_LAST_TEAM_ID,more_15ft_def_PLAYER_LAST_TEAM_ABBREVIATION,more_15ft_def_PLAYER_POSITION,more_15ft_def_AGE,more_15ft_def_GP,more_15ft_def_G,hustle_PLAYER_NAME,hustle_AGE,hustle_G,hustle_MIN,post_touch_PLAYER_NAME,post_touch_GP,post_touch_W,post_touch_L,post_touch_MIN,speed_distance_PLAYER_NAME,speed_distance_GP,speed_distance_W,speed_distance_L,speed_distance_MIN,TEAM_COUNT,AST_POINTS_CREATED,opp_team_abbr,opp_team_id 
1630171,Isaac Okoro,Isaac,1610612739,CLE,20.0,1,1,0,1.0,31.52833333333333,2,8,0.25,0,2,0.0,3,3,1.0,1,4,5,3,0,2,1,2,1,3,7,2,26.5,0,0,21.0,1,1,1,1,52,159,105,197,135,128,135,39,58,1,59,67,73,59,159,17,34,229,61,39,152,97,89,22,4,111,,124,115.0,115.0,4.5,111.7,157,60,0.13,102,106,126,126,2.0,3.3,0.0,0.139,126,100,128,106,111.7,0.0,8.0,0.136,0.25,64,0.031,1,112.1,91.35,0.118,90.52,3.3,127,1,226,185,76.12,244,0.376,226,106,91.35,179,100,100,195,116.6,159,0.07,0.0,90,25.0,203,105,0.076,0.0,4.0,1.0,5.0,0.12,0.16,9.0,25.0,25.0,0.0,0.0,0.0,0.333,0.0,1.0,3.0,0.0,0.0,0.0,0.0,3.0,3.0,0.0,0.0,0.0,1.0,36.0,0.0,0.0,0.0,3.0,26.0,2.22,0.194,1.36,0.0,7.0,1.3,3.0,0.385,1.0,6.0,3.0,0.571,0.167,13.2,0.0,2.0,1.0,5.8,1.0,0.4,7.0,1.0,0.417,0.667,11.7,3.0,0.0,0.167,0.25,13.0,1.0,,,,,,,,,,,,,,,0.333,0.75,6.0,2.0,0.0,2.0,6.0,0.0,0.75,,0.0,0.333,0.333,,,,,,,,,,,,,,0.25,0.0,0.25,0.0,0.0,0.0,0.0,,0.0,2.0,0.0,0.0,2.0,0.0,0.0,0.0,0.0,1.0,0.0,0.0,1.0,0.0,0.0,0.0,0.0,0.0,0.0,0.25,0.0,0.0,0.0,0.0,0.0,0.0,0.0,0.0,0.0,0.0,0.0,0.0,0.0,0.0,0.0,0.0,2.0,0.0,0.0,0.0,6.0,0.0,2.0,0.0,0.333,0.0,0.354,F-G,0.649,144.0,0.032,222.0,0.616,0.0,0.0,0.0,6.0,0.0,,0.0,2.0,0.333,0.0,0.0,0.0,0.0,0.0,0.0,0.0,0.0,0.0,0.0,2.0,0.0,0.0,0.0,0.0,,,0.0,CLE,0.0,0.0,1.0,0.0,1.0,0.0,2021,22000829,,1.0,4.0,16.0,0.25,0.416,-0.166,0.563,2.0,9.0,0.222,0.379,-0.157,0.438,2.0,7.0,0.286,0.48,-0.194,0.25,0.0,4.0,0.0,0.517,-0.517,0.438,2.0,7.0,0.286,0.494,-0.209,0.563,2.0,9.0,0.222,0.382,-0.16,6.0,3.0,3.0,3.0,0.0,0.0,0.0,0.0,0.0,0.0,0.0,0.0,0.0,1.0,1.0,0.0,0.0,0.0,1.0,0.0,0.0,36.0,0.0,0.0,0.0,0.0,0.0,0.0,0.0,0.0,0.0,0.0,0.0,0.0,0.0,0.0,0.0,0.0,0.0,31.53,13094.0,2.48,1.35,1.13,4.23,4.19,3.94,,,CHA,CLE,20210414,2020-21,False,CLE,CHA,,,,,,,,,,,,,,,,,,,,,,,,,,,,,,,,,,,,,,,,,,,,,,,,,,,,,,,,,,,,,,,,,,,,,,,,,,,,,,,,,,,,,,,,,,,,,,,,,,,,,,,,,,,,,,
1630171,Isaac Okoro,Isaac,1610612739,CLE,20.0,1,0,1,0.0,35.821666666666665,5,7,0.714,2,2,1.0,5,7,0.714,0,3,3,0,2,1,1,1,1,5,17,-18,24.6,0,0,26.0,1,92,92,92,17,46,86,18,27,96,1,10,6,70,86,60,84,126,28,30,16,114,29,9,33,149,69,15,1,52,,114,101.4,101.4,-21.2,126.0,93,73,0.156,126,134,126,83,5.0,-24.7,16.7,0.163,126,123,118,134,126.0,0.0,7.0,0.0,0.857,126,0.0,143,123.9,97.82,0.107,98.09,-24.7,95,143,115,113,81.51,98,0.843,115,86,97.82,113,123,130,22,102.6,46,0.09,16.6,128,0.0,18,86,0.051,0.0,0.0,0.0,1.0,0.0,0.0,0.0,24.0,25.0,0.0,0.0,0.0,0.5,0.0,1.0,4.0,0.0,0.0,0.0,0.0,4.0,4.0,0.0,0.0,0.0,2.0,40.0,1.333,0.0,0.0,2.0,30.0,1.98,0.425,1.1,0.0,17.0,1.3,3.0,0.5,0.0,2.0,3.0,0.75,0.0,4.8,0.0,0.0,0.0,0.0,0.0,0.0,4.0,0.0,0.5,0.75,4.8,3.0,0.0,0.0,0.0,6.0,0.0,1.0,0.286,0.5,0.5,2.0,0.0,1.0,1.0,0.0,,2.0,0.286,0.5,0.0,0.667,0.429,3.0,2.0,0.0,2.0,3.0,0.0,0.429,,0.0,0.667,0.667,,1.0,1.0,0.0,1.5,1.0,0.0,0.143,0.143,1.0,1.0,1.0,0.0,0.143,1.5,0.143,0.0,0.0,1.0,1.0,,1.0,1.0,0.0,1.0,1.0,,,,0.0,0.0,0.0,0.0,0.0,0.0,1.0,0.0,0.0,6.0,4.0,0.857,0.0,1.0,1.0,1.0,0.0,0.0,0.0,1.0,0.0,0.0,0.0,0.0,1.0,0.0,1.0,0.0,3.0,1.0,0.0,1.0,5.0,0.0,1.0,1.0,0.6,0.0,0.361,F-G,0.672,137.0,0.054,204.0,0.617,,1.0,0.0,5.0,0.0,0.0,0.0,1.0,0.6,1.0,0.0,0.0,1.0,0.0,0.0,0.0,0.0,1.0,0.0,3.0,,,0.0,1.0,0.0,0.0,0.0,CLE,2.0,1.0,2.0,2.0,2.0,1.5,2021,22000749,,1.0,4.0,7.0,0.571,0.448,0.123,0.286,2.0,2.0,1.0,0.352,0.649,0.714,2.0,5.0,0.4,0.494,-0.094,0.714,2.0,5.0,0.4,0.586,-0.186,0.714,2.0,5.0,0.4,0.557,-0.157,0.286,2.0,2.0,1.0,0.355,0.646,2.0,1.0,1.0,2.0,0.0,0.0,0.0,1.0,1.0,2.0,0.5,0.5,0.0,0.0,0.0,0.0,0.0,0.0,0.0,0.0,0.0,40.0,0.0,0.0,0.0,0.0,0.0,0.0,0.0,0.0,0.0,0.0,0.0,0.0,0.0,0.0,0.0,0.0,0.0,35.82,14356.0,2.72,1.38,1.34,4.23,4.61,3.9,,,MIA,CLE,20210403,2020-21,False,CLE,MIA,,,,,,,,,,,,,,,,,,,,,,,,,,,,,,,,,,,,,,,,,,,,,,,,,,,,,,,,,,,,,,,,,,,,,,,,,,,,,,,,,,,,,,,,,,,,,,,,,,,,,,,,,,,,,,
1630171,Isaac Okoro,Isaac,1610612739,CLE,20.0,1,0,1,0.0,31.305,2,9,0.222,1,2,0.5,2,5,0.4,0,2,2,3,0,1,0,3,1,3,7,-14,16.9,0,0,15.0,1,115,115,115,22,119,70,173,65,91,34,49,23,103,96,104,124,43,123,34,68,210,58,27,112,182,115,18,2,120,,144,106.5,106.5,-21.8,127.0,176,62,0.153,83,154,144,90,2.0,-20.5,0.0,0.156,144,130,185,154,127.0,0.0,9.0,0.143,0.278,71,0.0,1,126.9,95.83,0.069,96.48,-20.5,164,1,193,130,79.86,186,0.313,193,96,95.83,134,130,149,171,105.1,119,0.016,0.0,135,21.4,167,70,0.029,0.0,3.0,0.0,5.0,0.103,0.103,8.0,30.0,29.0,0.0,1.0,0.0,0.25,0.0,0.6,5.0,0.0,0.0,0.0,0.2,3.0,4.0,0.0,0.0,0.0,1.0,41.0,0.0,0.0,0.0,0.0,29.0,2.93,0.171,2.37,0.0,7.0,2.0,2.0,0.333,1.0,3.0,2.0,0.667,0.0,15.9,0.0,0.0,0.0,0.0,0.0,0.0,3.0,1.0,0.4,1.0,15.9,2.0,0.0,0.0,0.0,6.0,0.0,1.0,0.333,0.333,0.333,3.0,0.0,1.0,1.0,0.0,,3.0,0.333,0.333,0.0,0.0,0.333,3.0,0.0,0.0,0.0,3.0,0.0,0.333,,0.0,0.0,0.0,0.0,2.0,1.0,0.0,0.0,0.0,1.0,0.222,0.111,0.0,0.0,0.0,0.111,0.111,1.5,0.111,0.0,0.0,1.0,1.0,,1.0,1.0,0.0,1.0,1.0,0.0,,0.0,0.0,1.0,0.0,0.0,0.0,0.0,0.0,0.0,0.0,3.0,0.0,0.278,0.0,0.5,0.0,1.0,0.0,0.0,0.0,0.0,0.0,0.0,0.0,0.0,0.0,1.0,0.0,0.0,1.0,0.0,0.0,0.0,6.0,0.0,2.0,0.5,0.167,0.0,0.353,F-G,0.667,184.0,0.05,276.0,0.617,0.0,0.0,0.0,6.0,0.0,,0.0,2.0,0.167,0.5,0.0,0.0,0.0,0.0,0.0,0.0,0.0,0.0,0.0,1.0,0.0,0.0,1.0,1.0,,,0.0,CLE,1.0,0.5,2.0,1.0,2.0,0.75,2021,22000991,,1.0,6.0,9.0,0.667,0.463,0.203,0.444,2.0,4.0,0.5,0.399,0.102,0.556,4.0,5.0,0.8,0.515,0.285,0.333,2.0,3.0,0.667,0.608,0.058,0.444,3.0,4.0,0.75,0.571,0.179,0.444,2.0,4.0,0.5,0.412,0.088,3.0,2.0,1.0,2.0,0.0,0.0,0.0,0.0,0.0,0.0,0.0,0.0,0.0,0.0,0.0,0.0,0.0,0.0,0.0,0.0,0.0,41.0,0.0,0.0,0.0,0.0,0.0,0.0,0.0,0.0,0.0,0.0,0.0,0.0,0.0,0.0,0.0,0.0,0.0,31.3,11446.0,2.17,1.17,1.0,4.03,4.12,3.93,,,CLE,POR,20210505,2020-21,False,CLE,POR,,,,,,,,,,,,,,,,,,,,,,,,,,,,,,,,,,,,,,,,,,,,,,,,,,,,,,,,,,,,,,,,,,,,,,,,,,,,,,,,,,,,,,,,,,,,,,,,,,,,,,,,,,,,,,
1630171,Isaac Okoro,Isaac,1610612739,CLE,20.0,1,0,1,0.0,34.02333333333333,3,8,0.375,1,3,0.333,2,2,1.0,2,2,4,0,0,2,0,0,4,1,9,-8,19.8,0,0,18.0,1,98,98,98,24,83,79,111,60,73,66,58,69,1,26,97,75,142,128,11,74,1,162,101,87,146,86,14,2,86,,124,110.3,110.3,-7.5,120.3,134,68,0.11,142,129,131,102,3.0,-10.0,0.0,0.113,131,103,124,129,120.3,0.0,8.0,0.0,0.438,142,0.061,1,120.1,96.64,0.056,95.74,-10.0,140,1,150,154,80.53,157,0.507,150,59,96.64,152,103,120,104,112.6,83,0.041,0.0,95,0.0,108,79,0.058,0.0,0.0,0.0,0.0,0.0,0.0,0.0,17.0,25.0,0.0,1.0,0.0,0.0,0.0,0.0,3.0,0.0,0.0,0.0,0.333,0.0,2.0,0.0,0.0,0.0,0.0,35.0,1.0,0.0,0.0,0.0,24.0,1.67,0.257,0.89,0.0,9.0,1.0,2.0,0.571,0.0,5.0,2.0,0.667,0.4,9.8,0.0,1.0,0.0,12.0,0.5,0.25,3.0,0.0,0.571,0.667,10.9,3.0,1.0,0.4,0.0,7.0,1.0,,,,,,,,,,,,,,,,,,,,,,,,,,,,,,,,,,,,,,,,,,,,,,,,,,,,,,,,,,0.0,0.0,0.0,,0.0,1.0,0.0,0.0,3.0,2.0,0.438,0.0,0.5,0.0,1.0,0.0,0.0,0.0,2.0,1.0,0.0,0.0,0.0,0.0,0.0,1.0,0.0,2.0,0.0,0.0,0.0,5.0,0.0,1.0,1.0,0.4,0.0,0.28,F-G,0.689,31.0,0.077,45.0,0.612,0.0,0.0,0.0,5.0,0.0,0.0,0.0,1.0,0.4,1.0,0.0,0.0,2.0,0.0,0.0,0.0,0.0,0.0,0.0,2.0,0.0,0.0,0.0,1.0,0.0,0.0,0.0,CLE,0.0,,,,0.0,,2021,22000261,,1.0,13.0,17.0,0.765,0.491,0.274,0.529,6.0,9.0,0.667,0.378,0.289,0.471,7.0,8.0,0.875,0.566,0.309,0.294,5.0,5.0,1.0,0.692,0.308,0.353,5.0,6.0,0.833,0.639,0.194,0.647,8.0,11.0,0.727,0.376,0.351,8.0,4.0,4.0,2.0,0.0,0.0,0.0,1.0,0.0,1.0,1.0,0.0,0.0,0.0,0.0,0.0,0.0,0.0,0.0,0.0,0.0,35.0,0.0,0.0,0.0,0.0,0.0,0.0,0.0,0.0,0.0,0.0,0.0,0.0,0.0,0.0,0.0,0.0,0.0,34.02,12894.0,2.44,1.26,1.18,4.03,4.61,3.82,,,CLE,LAL,20210125,2020-21,False,CLE,LAL,,,,,,,,,,,,,,,,,,,,,,,,,,,,,,,,,,,,,,,,,,,,,,,,,,,,,,,,,,,,,,,,,,,,,,,,,,,,,,,,,,,,,,,,,,,,,,,,,,,,,,,,,,,,,,
1630171,Isaac Okoro,Isaac,1610612739,CLE,20.0,1,0,1,0.0,35.833333333333336,6,11,0.545,2,4,0.5,1,2,0.5,1,4,5,1,0,0,0,2,4,1,15,-11,22.5,0,0,23.0,1,105,105,105,28,51,60,51,38,67,30,85,61,83,51,64,63,108,122,94,64,187,169,99,68,174,94,14,2,86,,117,101.5,101.5,-18.4,114.3,113,68,0.15,141,149,115,105,6.0,-12.8,0.0,0.149,115,141,111,149,114.3,0.0,11.0,0.053,0.636,142,0.026,1,114.5,92.43,0.121,94.87,-12.8,104,1,198,137,77.02,192,0.631,198,96,92.43,143,141,159,70,96.1,51,0.08,0.0,161,7.7,55,60,0.07,0.0,1.0,0.0,6.0,0.029,0.029,3.0,31.0,34.0,2.0,2.0,0.0,0.5,0.143,0.714,7.0,1.0,1.0,0.0,0.286,5.0,4.0,0.0,0.5,0.0,2.0,46.0,0.0,0.0,1.0,2.0,32.0,3.15,0.326,2.3,0.0,15.0,2.4,1.0,0.625,0.0,3.0,4.0,0.8,0.333,16.7,0.0,1.0,0.0,6.9,1.0,0.2,5.0,0.0,0.625,0.8,14.7,4.0,0.0,0.333,0.0,8.0,1.0,,,,,,,,,,,,,,,0.571,0.636,7.0,4.0,0.0,4.0,7.0,0.0,0.636,,0.0,0.571,0.571,,1.0,1.0,0.0,0.0,0.0,0.0,0.091,0.091,0.0,0.0,0.0,0.0,0.273,1.0,0.273,0.0,0.0,0.667,0.667,,2.0,3.0,0.0,2.0,3.0,0.0,0.0,0.0,0.0,1.0,0.0,0.0,1.0,0.0,0.0,1.0,2.0,6.0,0.0,0.636,0.0,0.667,0.0,2.0,2.0,1.0,0.0,1.0,1.0,0.0,0.0,0.0,0.0,0.0,0.0,0.0,3.0,0.0,0.0,0.0,5.0,0.5,3.0,0.667,0.6,0.0,0.352,F-G,0.665,187.0,0.048,281.0,0.617,,1.0,1.0,5.0,0.0,,0.5,2.0,0.6,0.5,2.0,0.0,2.0,0.0,0.0,0.0,0.0,0.5,0.0,3.0,,,0.0,1.0,,,0.0,CLE,2.0,0.667,3.0,2.0,3.0,1.0,2021,22001007,,1.0,11.0,16.0,0.688,0.458,0.229,0.313,4.0,5.0,0.8,0.326,0.474,0.688,7.0,11.0,0.636,0.536,0.1,0.313,3.0,5.0,0.6,0.621,-0.021,0.438,4.0,7.0,0.571,0.586,-0.014,0.438,5.0,7.0,0.714,0.361,0.354,5.0,4.0,1.0,2.0,0.0,0.0,0.0,0.0,1.0,1.0,0.0,1.0,0.0,0.0,0.0,0.0,0.0,0.0,0.0,0.0,0.0,46.0,0.0,0.0,0.0,0.0,0.0,0.0,0.0,0.0,0.0,0.0,0.0,0.0,0.0,0.0,0.0,0.0,0.0,35.83,13744.0,2.6,1.36,1.25,4.12,4.35,3.86,,,DAL,CLE,20210507,2020-21,False,CLE,DAL,,,,,,,,,,,,,,,,,,,,,,,,,,,,,,,,,,,,,,,,,,,,,,,,,,,,,,,,,,,,,,,,,,,,,,,,,,,,,,,,,,,,,,,,,,,,,,,,,,,,,,,,,,,,,,
1630171,Isaac Okoro,Isaac,1610612739,CLE,20.0,1,0,1,0.0,31.725,3,9,0.333,1,5,0.2,3,6,0.5,3,0,3,1,2,0,0,0,4,3,10,-13,13.1,0,0,15.0,1,100,100,100,29,79,58,117,45,30,86,28,8,81,11,155,81,88,28,79,56,1,168,25,73,171,121,17,2,104,,95,91.3,91.3,-18.1,110.1,178,69,0.173,130,146,106,75,3.0,-18.8,13.3,0.171,106,152,133,146,110.1,0.5,9.0,0.053,0.389,135,0.088,137,108.3,104.4,0.0,105.88,-18.8,155,134,49,101,87.0,29,0.43,49,32,104.4,103,152,147,124,90.3,79,-0.021,13.7,158,6.7,123,58,0.043,0.0,1.0,0.0,4.0,0.043,0.043,2.0,26.0,23.0,2.0,1.0,1.0,0.667,0.167,0.833,6.0,1.0,1.0,0.167,0.167,5.0,3.0,0.0,0.5,0.0,2.0,37.0,0.0,0.0,0.0,1.0,32.0,2.22,0.27,1.27,0.0,10.0,1.4,2.0,0.429,1.0,3.0,0.0,0.0,1.0,0.0,0.0,0.0,0.0,13.7,0.0,0.0,4.0,1.0,0.5,0.0,13.7,2.0,2.0,1.0,0.0,7.0,0.0,,,,,,,,,,,,,,,0.5,0.222,2.0,1.0,0.0,1.0,2.0,0.0,0.222,,0.0,0.5,0.5,,1.0,1.0,0.0,0.0,0.0,0.0,0.111,0.111,0.0,0.0,0.0,0.0,0.667,0.417,0.444,2.0,1.0,0.25,0.333,0.5,1.0,4.0,0.222,2.0,6.0,0.0,0.0,0.0,0.0,2.0,0.0,0.0,1.0,0.0,0.0,0.0,0.0,3.0,0.0,0.389,0.0,0.25,0.0,0.0,1.0,1.0,0.0,2.0,1.0,0.0,0.0,1.0,0.5,1.0,1.0,0.0,1.0,0.0,0.0,1.0,2.0,1.0,3.0,0.0,0.5,1.0,0.349,F-G,0.657,167.0,0.042,254.0,0.615,0.0,1.0,1.0,2.0,0.0,,1.0,2.0,0.5,0.0,1.0,0.0,4.0,0.0,0.0,0.0,0.0,0.25,0.0,1.0,0.0,0.0,0.0,0.0,,,0.0,CLE,1.0,0.25,4.0,1.0,4.0,0.375,2021,22000951,,1.0,6.0,12.0,0.5,0.465,0.035,0.25,2.0,3.0,0.667,0.344,0.323,0.75,4.0,9.0,0.444,0.513,-0.069,0.417,3.0,5.0,0.6,0.614,-0.014,0.417,3.0,5.0,0.6,0.585,0.015,0.417,2.0,5.0,0.4,0.377,0.023,6.0,6.0,0.0,2.0,0.0,0.0,0.0,1.0,0.0,1.0,1.0,0.0,0.0,1.0,1.0,0.0,0.0,0.0,1.0,0.0,0.0,37.0,0.0,0.0,0.0,0.0,0.0,0.0,0.0,0.0,0.0,0.0,0.0,0.0,0.0,0.0,0.0,0.0,0.0,31.73,13055.0,2.47,1.31,1.16,4.42,4.35,4.49,,,CLE,WAS,20210430,2020-21,False,CLE,WAS,,,,,,,,,,,,,,,,,,,,,,,,,,,,,,,,,,,,,,,,,,,,,,,,,,,,,,,,,,,,,,,,,,,,,,,,,,,,,,,,,,,,,,,,,,,,,,,,,,,,,,,,,,,,,,
1630171,Isaac Okoro,Isaac,1610612739,CLE,20.0,1,0,1,0.0,26.066666666666663,1,8,0.125,0,3,0.0,0,0,0.0,2,2,4,3,4,2,1,0,4,2,2,-12,16.3,0,0,15.0,1,67,67,67,66,105,64,121,77,60,77,86,88,86,19,73,48,31,6,8,16,1,108,50,118,117,86,18,4,87,,41,86.2,86.2,-24.5,106.9,130,58,0.169,34,110,39,57,1.0,-20.7,26.7,0.168,39,127,77,110,106.9,0.75,8.0,0.158,0.125,35,0.056,129,105.7,106.8,0.08,110.63,-20.7,93,128,34,67,89.0,16,0.125,34,38,106.8,69,127,114,122,81.3,105,-0.047,26.7,130,20.0,121,64,0.066,0.0,3.0,0.0,5.0,0.1,0.1,7.0,27.0,30.0,0.0,0.0,1.0,1.0,0.0,1.0,2.0,0.0,0.0,0.5,0.0,2.0,1.0,0.0,0.0,0.0,1.0,44.0,0.0,1.0,0.0,2.0,30.0,1.76,0.045,0.93,0.0,2.0,1.3,2.0,0.333,1.0,7.0,2.0,0.4,0.286,11.5,0.0,2.0,0.0,10.1,1.0,0.5,5.0,1.0,0.364,0.5,10.8,2.0,0.0,0.286,0.0,12.0,2.0,0.0,0.125,0.0,0.0,1.0,0.0,1.0,0.0,0.0,,1.0,0.125,0.0,0.0,0.25,0.5,4.0,1.0,0.0,1.0,4.0,0.0,0.5,,0.0,0.25,0.25,,,,,,,,,,,,,,0.375,0.0,0.375,0.0,0.0,0.0,0.0,,0.0,3.0,0.0,0.0,3.0,,,,0.0,0.0,0.0,0.0,0.0,0.0,0.0,0.0,0.0,0.0,0.0,0.125,0.0,0.0,0.0,0.0,1.0,0.0,0.0,1.0,1.0,0.0,0.0,0.0,0.0,1.0,0.0,0.0,1.0,0.0,0.0,0.0,3.0,0.0,2.0,0.0,0.333,0.0,0.287,F-G,0.694,59.0,0.078,85.0,0.616,0.0,0.0,0.0,4.0,0.0,,0.0,1.0,0.25,0.0,1.0,0.0,2.0,0.0,0.0,0.0,0.0,0.0,0.0,1.0,0.0,0.0,0.0,0.0,,,0.0,CLE,0.0,0.0,3.0,0.0,3.0,0.0,2021,22000424,,1.0,6.0,16.0,0.375,0.465,-0.09,0.313,2.0,5.0,0.4,0.379,0.021,0.688,4.0,11.0,0.364,0.528,-0.164,0.375,3.0,6.0,0.5,0.626,-0.126,0.563,4.0,9.0,0.444,0.586,-0.142,0.375,2.0,6.0,0.333,0.376,-0.042,8.0,5.0,3.0,2.0,0.0,0.0,0.0,0.0,0.0,0.0,0.0,0.0,0.0,0.0,0.0,0.0,0.0,0.0,0.0,0.0,0.0,44.0,1.0,0.0,1.0,0.0,0.0,0.0,0.0,0.0,0.0,0.0,0.0,0.0,0.0,0.0,0.0,0.0,0.0,26.07,11050.0,2.09,1.14,0.96,4.57,4.4,4.77,,,GSW,CLE,20210215,2020-21,False,CLE,GSW,,,,,,,,,,,,,,,,,,,,,,,,,,,,,,,,,,,,,,,,,,,,,,,,,,,,,,,,,,,,,,,,,,,,,,,,,,,,,,,,,,,,,,,,,,,,,,,,,,,,,,,,,,,,,,
1630171,Isaac Okoro,Isaac,1610612739,CLE,20.0,1,0,1,0.0,34.13333333333333,1,6,0.167,1,3,0.333,0,0,0.0,4,1,5,4,1,0,0,0,4,0,3,-4,14.0,0,0,13.0,1,71,71,71,30,102,82,123,46,62,53,69,73,69,3,102,47,26,47,74,47,1,127,86,105,96,97,13,2,93,,111,113.8,113.8,-7.2,123.8,129,65,0.09,59,99,116,7,1.0,-10.0,9.1,0.092,116,60,83,99,123.8,4.0,6.0,0.148,0.25,14,0.125,81,120.7,90.0,0.024,91.24,-10.0,124,81,137,128,75.0,132,0.25,137,8,90.0,128,60,93,119,113.6,102,0.0,9.1,62,36.4,116,82,0.068,0.0,5.0,1.0,3.0,0.174,0.217,9.0,16.0,23.0,0.0,0.0,1.0,0.0,0.0,0.0,4.0,0.0,0.0,0.25,0.0,0.0,3.0,0.0,0.0,0.0,0.0,31.0,0.0,0.0,0.0,1.0,27.0,1.82,0.097,0.74,0.0,3.0,0.9,2.0,0.833,1.0,4.0,1.0,0.5,1.0,6.4,0.0,3.0,0.0,15.3,0.75,0.6,2.0,1.0,1.0,1.0,13.5,2.0,1.0,1.0,0.0,6.0,3.0,0.0,0.333,0.0,0.0,2.0,0.0,1.0,0.0,0.0,,2.0,0.333,0.0,0.0,1.0,0.0,0.0,1.0,1.0,0.0,1.0,0.167,0.167,1.0,1.0,,1.5,0.0,1.0,0.0,0.0,0.0,0.0,1.0,0.167,0.0,,0.0,0.0,0.167,0.333,0.0,0.333,0.0,0.0,0.0,0.0,,0.0,2.0,0.0,0.0,2.0,0.0,,0.0,0.0,1.0,0.0,0.0,0.0,0.0,0.0,0.0,0.0,3.0,0.0,0.25,0.0,0.333,0.0,1.0,0.0,0.0,0.0,0.0,0.0,0.0,0.0,0.0,0.0,1.0,0.0,0.0,0.0,0.0,0.0,0.0,2.0,0.0,3.0,0.333,0.0,0.0,0.352,F-G,0.661,158.0,0.044,239.0,0.617,0.0,0.0,0.0,2.0,0.0,0.0,0.0,3.0,0.0,0.333,0.0,1.0,0.0,0.0,0.0,0.0,0.0,0.0,0.0,0.0,0.0,0.0,0.0,1.0,0.0,0.0,0.0,CLE,1.0,0.333,3.0,1.0,3.0,0.5,2021,22000900,,1.0,6.0,9.0,0.667,0.443,0.223,0.444,2.0,4.0,0.5,0.384,0.116,0.556,4.0,5.0,0.8,0.5,0.3,0.333,3.0,3.0,1.0,0.581,0.419,0.333,3.0,3.0,1.0,0.534,0.466,0.556,2.0,5.0,0.4,0.386,0.014,5.0,4.0,1.0,1.0,0.0,1.0,2.0,1.0,0.0,1.0,1.0,0.0,0.0,0.0,0.0,0.0,0.0,0.0,0.0,0.0,0.0,31.0,0.0,0.0,0.0,0.0,0.0,0.0,0.0,0.0,0.0,0.0,0.0,0.0,0.0,0.0,0.0,0.0,0.0,34.13,12726.0,2.41,1.17,1.24,4.01,4.09,3.94,,,CHA,CLE,20210423,2020-21,False,CLE,CHA,,,,,,,,,,,,,,,,,,,,,,,,,,,,,,,,,,,,,,,,,,,,,,,,,,,,,,,,,,,,,,,,,,,,,,,,,,,,,,,,,,,,,,,,,,,,,,,,,,,,,,,,,,,,,,
1630171,Isaac Okoro,Isaac,1610612739,CLE,20.0,1,0,1,0.0,33.55,2,9,0.222,0,1,0.0,0,4,0.0,0,2,2,1,1,0,0,1,4,3,4,-22,6.9,0,0,7.0,1,87,87,87,35,100,65,135,96,110,96,87,34,87,81,88,106,89,56,72,54,109,140,32,122,162,137,18,3,135,,101,88.1,88.1,-32.2,119.1,164,67,0.156,117,149,119,47,2.0,-31.1,7.7,0.153,119,148,136,149,119.1,1.0,9.0,0.045,0.222,110,0.0,89,115.6,96.57,0.063,100.69,-31.1,117,86,133,103,80.48,85,0.186,133,81,96.57,112,148,150,144,83.4,100,-0.079,7.8,155,7.7,138,65,0.029,0.0,1.0,0.0,3.0,0.045,0.045,2.0,30.0,22.0,4.0,1.0,1.0,0.0,0.25,0.0,8.0,0.0,2.0,0.125,0.125,0.0,4.0,0.0,0.0,0.0,0.0,35.0,0.0,0.0,0.0,0.0,21.0,3.56,0.114,2.83,0.0,4.0,2.1,0.0,0.5,0.0,2.0,2.0,1.0,0.0,20.8,0.0,0.0,0.0,0.0,0.0,0.0,2.0,0.0,0.5,1.0,20.8,2.0,0.0,0.0,0.0,4.0,0.0,,,,,,,,,,,,,,,0.25,0.5,4.0,1.0,0.0,1.0,4.0,0.0,0.5,,0.0,0.25,0.25,0.5,3.0,1.0,1.0,0.333,0.0,2.0,0.375,0.125,0.0,0.333,1.0,0.25,0.125,0.0,0.0,1.0,0.0,,0.0,0.0,0.0,0.0,0.125,0.0,1.0,0.0,,0.0,0.0,1.0,0.0,0.0,0.0,0.0,0.0,0.0,0.0,0.0,0.0,0.222,0.0,0.0,0.0,0.0,4.0,0.0,0.0,0.0,0.0,0.0,0.0,0.0,0.0,1.0,0.0,0.0,2.0,0.0,0.0,0.0,3.0,0.0,1.0,0.0,0.667,0.0,0.231,F-G,0.667,10.0,0.07,15.0,0.596,0.0,0.0,0.0,6.0,0.0,0.0,0.0,1.0,0.333,0.0,1.0,1.0,0.0,0.0,0.0,0.0,0.0,0.0,0.0,2.0,0.0,0.0,0.0,0.0,0.0,0.0,0.0,CLE,0.0,0.0,1.0,0.0,1.0,0.0,2021,22000137,,1.0,11.0,19.0,0.579,0.46,0.119,0.421,2.0,8.0,0.25,0.379,-0.129,0.579,9.0,11.0,0.818,0.515,0.303,0.263,4.0,5.0,0.8,0.604,0.196,0.474,8.0,9.0,0.889,0.57,0.319,0.421,2.0,8.0,0.25,0.395,-0.145,11.0,3.0,8.0,3.0,1.0,0.0,0.0,1.0,1.0,2.0,0.5,0.5,0.0,0.0,0.0,0.0,0.0,0.0,0.0,0.0,0.0,35.0,0.0,0.0,0.0,0.0,0.0,0.0,0.0,0.0,0.0,0.0,0.0,0.0,0.0,0.0,0.0,0.0,0.0,33.55,13547.0,2.57,1.31,1.25,4.35,4.36,4.35,,,MIL,CLE,20210109,2020-21,False,CLE,MIL,,,,,,,,,,,,,,,,,,,,,,,,,,,,,,,,,,,,,,,,,,,,,,,,,,,,,,,,,,,,,,,,,,,,,,,,,,,,,,,,,,,,,,,,,,,,,,,,,,,,,,,,,,,,,,
1630171,Isaac Okoro,Isaac,1610612739,CLE,20.0,1,1,0,1.0,41.71666666666667,4,8,0.5,1,3,0.333,4,4,1.0,1,1,2,4,2,2,2,1,0,2,13,5,31.4,0,0,28.0,1,1,1,1,5,60,66,52,52,59,56,12,20,1,35,103,99,24,28,8,5,106,1,41,53,53,30,14,2,39,,64,109.6,109.6,4.8,101.2,76,83,0.122,58,60,52,21,4.0,8.5,12.5,0.122,52,61,128,60,101.2,2.0,8.0,0.154,0.563,27,0.022,108,103.3,96.65,0.026,96.35,8.5,126,102,120,115,80.54,118,0.666,120,83,96.65,120,61,61,47,108.1,60,0.096,12.7,67,25.0,70,66,0.024,0.0,4.0,0.0,7.0,0.108,0.108,10.0,43.0,37.0,0.0,6.0,1.0,0.333,0.0,0.2,10.0,0.0,0.0,0.1,0.6,2.0,3.0,0.1,0.0,1.0,1.0,50.0,2.0,0.0,2.0,1.0,32.0,2.76,0.26,2.24,0.0,13.0,2.3,1.0,0.25,0.0,4.0,1.0,0.25,0.25,5.3,0.0,0.0,0.0,27.7,0.0,0.0,4.0,0.0,0.25,0.25,16.5,2.0,1.0,0.25,0.0,8.0,0.0,,,,,,,,,,,,,,,0.5,0.5,4.0,2.0,0.0,2.0,4.0,0.0,0.5,,0.0,0.5,0.5,1.0,1.0,0.0,1.0,1.0,0.0,1.0,0.125,0.0,,1.0,1.0,0.125,0.375,0.5,0.375,0.0,0.0,0.333,0.333,,1.0,3.0,0.0,1.0,3.0,0.0,,0.0,0.0,2.0,0.0,0.0,0.0,0.0,1.0,1.0,2.0,3.0,2.0,0.563,0.0,0.333,0.0,0.0,1.0,0.0,0.0,1.0,1.0,0.0,0.0,1.0,1.0,0.0,0.0,0.0,3.0,0.0,0.0,1.0,4.0,0.0,2.0,0.0,0.75,1.0,0.24,F-G,0.64,16.0,0.054,25.0,0.586,0.0,1.0,0.0,4.0,0.0,0.0,0.0,2.0,0.75,0.0,1.0,0.0,1.0,0.0,0.0,0.0,0.0,1.0,0.0,3.0,0.0,0.0,0.0,0.0,0.0,0.0,0.0,CLE,1.0,0.333,3.0,1.0,3.0,0.5,2021,22000181,,1.0,6.0,11.0,0.545,0.43,0.116,0.273,0.0,3.0,0.0,0.39,-0.39,0.727,6.0,8.0,0.75,0.448,0.302,0.545,5.0,6.0,0.833,0.547,0.286,0.636,6.0,7.0,0.857,0.492,0.365,0.273,0.0,3.0,0.0,0.383,-0.383,6.0,4.0,2.0,3.0,0.0,0.0,0.0,0.0,0.0,0.0,0.0,0.0,0.0,0.0,0.0,0.0,0.0,0.0,0.0,0.0,0.0,50.0,0.0,0.0,0.0,0.0,0.0,0.0,0.0,0.0,0.0,0.0,0.0,0.0,0.0,0.0,0.0,0.0,0.0,41.72,16834.0,3.19,1.66,1.53,4.36,4.75,3.98,,,CLE,NYK,20210115,2020-21,False,CLE,NYK,,,,,,,,,,,,,,,,,,,,,,,,,,,,,,,,,,,,,,,,,,,,,,,,,,,,,,,,,,,,,,,,,,,,,,,,,,,,,,,,,,,,,,,,,,,,,,,,,,,,,,,,,,,,,,
1630171,Isaac Okoro,Isaac,1610612739,CLE,20.0,1,0,1,0.0,32.958333333333336,1,7,0.143,0,3,0.0,0,0,0.0,0,2,2,2,2,0,0,1,2,1,2,-10,5.4,0,0,6.0,1,103,103,103,32,139,93,168,101,68,101,109,115,109,93,96,112,61,31,94,56,136,101,84,156,164,164,14,2,160,,73,88.2,88.2,-14.2,98.6,179,68,0.12,104,128,65,62,1.0,-10.4,18.2,0.122,65,159,155,128,98.6,1.0,7.0,0.087,0.143,71,0.0,162,99.9,101.22,0.067,102.03,-10.4,130,161,91,162,84.35,96,0.143,91,93,101.22,163,159,137,176,85.7,139,-0.04,18.2,164,18.2,169,93,0.03,0.0,2.0,0.0,3.0,0.1,0.1,4.0,20.0,20.0,0.0,1.0,2.0,1.0,0.0,0.5,4.0,0.0,0.0,0.5,0.25,2.0,1.0,0.25,0.0,1.0,1.0,29.0,0.0,0.0,0.0,0.0,22.0,2.41,0.069,1.41,0.0,2.0,1.2,2.0,0.286,2.0,2.0,2.0,0.4,0.0,15.1,0.0,0.0,0.0,0.0,0.0,0.0,5.0,2.0,0.4,0.667,15.1,2.0,0.0,0.0,0.0,7.0,0.0,0.0,0.286,0.0,0.0,2.0,0.0,1.0,0.0,0.0,,2.0,0.286,0.0,0.0,1.0,0.143,1.0,1.0,0.0,1.0,1.0,0.0,0.143,,0.0,1.0,1.0,0.0,2.0,1.0,0.0,0.0,0.0,1.0,0.286,0.143,0.0,0.0,0.0,0.143,0.286,0.0,0.286,0.0,0.0,0.0,0.0,,0.0,2.0,0.0,0.0,2.0,0.0,0.0,0.0,0.0,2.0,0.0,0.0,2.0,0.0,0.0,0.0,0.0,0.0,0.0,0.143,0.0,0.0,0.0,0.0,0.0,0.0,0.0,0.0,0.0,0.0,0.0,0.0,0.0,0.0,0.0,0.0,1.0,0.0,0.0,0.0,4.0,0.0,3.0,0.0,0.25,0.0,0.351,F-G,0.699,130.0,0.081,186.0,0.618,,0.0,0.0,4.0,0.0,0.0,0.0,2.0,0.25,0.0,0.0,0.0,1.0,0.0,0.0,0.0,0.0,0.0,0.0,1.0,,,0.0,0.0,0.0,0.0,0.0,CLE,0.0,0.0,1.0,0.0,1.0,0.0,2021,22000702,,1.0,7.0,12.0,0.583,0.461,0.122,0.333,0.0,4.0,0.0,0.378,-0.378,0.667,7.0,8.0,0.875,0.527,0.348,0.417,4.0,5.0,0.8,0.644,0.156,0.583,6.0,7.0,0.857,0.583,0.274,0.417,1.0,5.0,0.2,0.375,-0.175,7.0,6.0,1.0,0.0,0.0,0.0,0.0,2.0,0.0,2.0,1.0,0.0,0.0,3.0,3.0,3.0,0.0,0.0,1.0,1.0,0.0,29.0,0.0,0.0,0.0,0.0,0.0,0.0,0.0,0.0,0.0,0.0,0.0,0.0,0.0,0.0,0.0,0.0,0.0,32.97,13545.0,2.57,1.42,1.15,4.39,4.31,4.1,,,SAC,CLE,20210327,2020-21,False,CLE,SAC,,,,,,,,,,,,,,,,,,,,,,,,,,,,,,,,,,,,,,,,,,,,,,,,,,,,,,,,,,,,,,,,,,,,,,,,,,,,,,,,,,,,,,,,,,,,,,,,,,,,,,,,,,,,,,
1630171,Isaac Okoro,Isaac,1610612739,CLE,20.0,1,1,0,1.0,31.48,3,5,0.6,0,2,0.0,2,4,0.5,2,2,4,1,0,1,0,0,3,3,8,9,17.3,0,0,15.0,1,1,1,1,63,110,155,43,134,124,134,51,33,92,32,129,90,118,144,42,75,1,161,43,117,43,130,21,2,137,,116,125.0,125.0,13.1,109.2,159,64,0.093,171,56,116,118,3.0,15.8,0.0,0.091,116,28,122,56,109.2,0.0,5.0,0.038,0.6,124,0.077,1,109.5,98.35,0.069,99.17,15.8,165,1,156,201,81.96,139,0.592,156,46,98.35,202,28,70,95,122.6,110,0.049,0.0,41,12.5,76,155,0.073,0.0,1.0,0.0,3.0,0.05,0.05,3.0,17.0,20.0,0.0,2.0,0.0,0.0,0.0,0.0,2.0,0.0,0.0,0.0,1.0,0.0,0.0,0.0,0.0,0.0,0.0,28.0,1.75,0.0,2.0,2.0,21.0,1.33,0.286,0.5,0.0,8.0,0.6,4.0,0.8,1.0,3.0,1.0,1.0,1.0,12.6,1.0,2.0,1.0,11.5,0.5,0.5,2.0,0.0,1.0,1.0,12.1,2.0,1.0,0.667,0.5,5.0,1.0,1.0,0.2,1.0,1.0,1.0,0.0,1.0,1.0,0.0,,1.0,0.2,1.0,0.0,,,,,,,,,,,,,,1.0,2.0,0.0,2.0,1.0,0.0,2.0,0.4,0.0,,1.0,2.0,0.4,0.4,0.0,0.4,0.0,0.0,0.0,0.0,,0.0,2.0,0.0,0.0,2.0,,,,0.0,0.0,0.0,0.0,0.0,0.0,1.0,1.0,4.0,0.0,7.0,0.6,0.0,0.0,0.0,0.0,0.0,0.0,0.0,1.0,0.0,0.0,0.0,0.0,0.0,0.0,1.0,0.0,3.0,0.0,0.0,0.0,3.0,0.0,1.0,0.0,1.0,0.0,0.252,F-G,0.656,21.0,0.062,32.0,0.594,0.0,0.0,0.0,3.0,0.0,,0.0,1.0,1.0,0.0,0.0,0.0,1.0,0.0,0.0,0.0,0.0,0.0,0.0,3.0,0.0,0.0,0.0,0.0,,,0.0,CLE,0.0,0.0,2.0,0.0,2.0,0.0,2021,22000232,,1.0,7.0,12.0,0.583,0.463,0.12,0.75,4.0,9.0,0.444,0.388,0.056,0.25,3.0,3.0,1.0,0.483,0.517,0.167,2.0,2.0,1.0,0.602,0.399,0.25,3.0,3.0,1.0,0.516,0.484,0.75,4.0,9.0,0.444,0.4,0.044,8.0,2.0,6.0,2.0,0.0,0.0,0.0,0.0,1.0,1.0,0.0,1.0,0.0,1.0,1.0,1.0,1.0,0.0,1.0,1.0,1.0,28.0,0.0,0.0,0.0,0.0,0.0,0.0,0.0,0.0,0.0,0.0,0.0,0.0,0.0,0.0,0.0,0.0,0.0,31.48,11794.0,2.23,1.15,1.09,3.93,3.83,4.03,,,CLE,BKN,20210122,2020-21,False,CLE,BKN,,,,,,,,,,,,,,,,,,,,,,,,,,,,,,,,,,,,,,,,,,,,,,,,,,,,,,,,,,,,,,,,,,,,,,,,,,,,,,,,,,,,,,,,,,,,,,,,,,,,,,,,,,,,,,
1630171,Isaac Okoro,Isaac,1610612739,CLE,20.0,1,0,1,0.0,34.35,6,16,0.375,2,7,0.286,4,8,0.5,1,2,3,0,3,0,0,3,2,5,18,-22,18.6,0,0,23.0,1,158,158,158,50,59,30,203,56,36,124,35,10,123,69,166,154,227,22,148,101,296,153,17,51,295,183,33,2,134,,276,104.2,104.2,-36.9,136.6,259,72,0.268,227,268,272,162,6.0,-32.5,13.6,0.278,272,198,219,268,136.6,0.0,16.0,0.0,0.438,227,0.026,231,135.5,99.91,0.077,103.21,-32.5,217,235,195,40,83.26,141,0.461,195,148,99.91,39,198,274,208,98.5,59,0.009,13.3,226,0.0,201,30,0.046,0.0,0.0,0.0,1.0,0.0,0.0,0.0,38.0,26.0,2.0,0.0,0.0,0.571,0.125,1.5,8.0,2.0,1.0,0.0,0.0,12.0,7.0,0.0,1.0,0.0,4.0,48.0,0.0,0.0,0.0,0.0,31.0,3.93,0.375,3.08,0.0,18.0,3.1,0.0,0.375,1.0,5.0,2.0,0.667,0.2,10.6,0.0,0.0,0.0,34.6,0.0,0.0,3.0,1.0,0.429,1.0,18.6,3.0,1.0,0.2,0.0,8.0,0.0,1.0,0.25,0.25,0.25,4.0,0.0,1.0,1.0,0.0,,4.0,0.25,0.25,0.0,0.6,0.25,4.0,3.0,0.0,3.0,5.0,0.063,0.313,0.0,1.0,0.75,0.6,,5.0,5.0,0.0,0.6,2.0,0.0,0.313,0.313,0.4,0.4,2.0,0.0,0.125,0.0,0.063,1.0,0.0,0.0,0.0,0.0,0.0,1.0,0.063,0.0,2.0,0.188,0.2,0.125,1.0,8.0,1.0,3.0,5.0,0.0,0.0,0.0,0.0,3.0,0.0,0.438,0.0,0.5,0.0,2.0,3.0,2.0,0.0,1.0,0.0,0.0,0.0,0.0,0.0,1.0,1.0,0.0,2.0,0.0,0.0,0.0,5.0,0.667,6.0,0.333,0.4,0.0,0.354,F-G,0.66,204.0,0.045,309.0,0.615,0.0,2.0,2.0,5.0,0.0,,0.667,3.0,0.4,0.0,3.0,1.0,4.0,0.0,0.0,0.0,0.0,0.5,0.0,2.0,0.0,0.0,0.0,0.0,,,0.0,CLE,0.0,0.0,1.0,0.0,1.0,0.0,2021,22001067,,1.0,11.0,13.0,0.846,0.482,0.364,0.538,7.0,7.0,1.0,0.382,0.618,0.462,4.0,6.0,0.667,0.567,0.1,0.308,3.0,4.0,0.75,0.627,0.123,0.385,3.0,5.0,0.6,0.584,0.016,0.538,7.0,7.0,1.0,0.402,0.598,6.0,1.0,5.0,0.0,0.0,0.0,0.0,0.0,0.0,0.0,0.0,0.0,0.0,0.0,0.0,0.0,0.0,0.0,0.0,0.0,0.0,48.0,0.0,0.0,0.0,0.0,0.0,0.0,0.0,0.0,0.0,0.0,0.0,0.0,0.0,0.0,0.0,0.0,0.0,34.35,13361.0,2.53,1.45,1.08,4.18,4.57,4.07,,,BKN,CLE,20210516,2020-21,False,CLE,BKN,,,,,,,,,,,,,,,,,,,,,,,,,,,,,,,,,,,,,,,,,,,,,,,,,,,,,,,,,,,,,,,,,,,,,,,,,,,,,,,,,,,,,,,,,,,,,,,,,,,,,,,,,,,,,,
1630171,Isaac Okoro,Isaac,1610612739,CLE,20.0,1,1,0,1.0,27.671666666666667,4,9,0.444,0,1,0.0,0,0,0.0,1,0,1,1,1,1,0,0,2,1,8,19,12.7,0,0,12.0,1,1,1,1,100,86,98,139,149,161,149,138,148,138,65,221,195,133,77,42,76,1,121,110,129,6,171,18,2,175,,33,119.0,119.0,34.4,89.3,219,58,0.154,183,28,33,82,4.0,29.7,9.1,0.16,33,98,222,28,89.3,1.0,9.0,0.042,0.444,172,0.04,164,87.4,98.87,0.0,98.73,29.7,221,164,128,171,82.39,136,0.444,128,89,98.87,171,98,20,192,121.8,86,0.022,9.1,72,9.1,174,98,0.02,0.0,1.0,0.0,4.0,0.042,0.042,3.0,21.0,24.0,0.0,0.0,0.0,0.5,0.0,1.0,4.0,0.0,0.0,0.0,0.0,4.0,4.0,0.0,0.0,0.0,2.0,33.0,0.0,0.0,0.0,0.0,27.0,2.17,0.242,0.97,0.0,8.0,1.2,0.0,0.2,0.0,2.0,0.0,0.0,0.5,0.0,0.0,0.0,0.0,18.4,0.0,0.0,3.0,0.0,0.2,0.0,18.4,1.0,1.0,0.5,0.0,5.0,0.0,0.0,0.111,0.0,0.0,1.0,0.0,1.0,0.0,0.0,,1.0,0.111,0.0,0.0,0.6,0.556,5.0,3.0,0.0,3.0,5.0,0.0,0.556,,0.0,0.6,0.6,0.5,2.0,0.0,1.0,0.5,0.0,2.0,0.222,0.0,,0.5,1.0,0.222,0.111,0.0,0.111,0.0,0.0,0.0,0.0,,0.0,1.0,0.0,0.0,1.0,0.0,,0.0,0.0,1.0,0.0,0.0,0.0,0.0,0.0,0.0,0.0,0.0,0.0,0.444,0.0,0.0,0.0,0.0,1.0,0.0,0.0,0.0,0.0,0.0,0.0,0.0,0.0,1.0,0.0,0.0,4.0,0.0,0.0,0.0,6.0,0.0,1.0,0.0,0.667,0.0,0.352,F-G,0.657,155.0,0.039,236.0,0.618,0.0,0.0,0.0,6.0,0.0,,0.0,1.0,0.667,0.0,1.0,0.0,0.0,0.0,0.0,0.0,0.0,0.0,0.0,4.0,0.0,0.0,1.0,0.0,,,0.0,CLE,0.0,0.0,1.0,0.0,1.0,0.0,2021,22000881,,1.0,5.0,7.0,0.714,0.424,0.29,0.571,2.0,4.0,0.5,0.362,0.138,0.429,3.0,3.0,1.0,0.503,0.497,0.429,3.0,3.0,1.0,0.66,0.34,0.429,3.0,3.0,1.0,0.551,0.449,0.571,2.0,4.0,0.5,0.376,0.124,3.0,0.0,3.0,2.0,0.0,0.0,0.0,0.0,0.0,0.0,0.0,0.0,0.0,0.0,0.0,0.0,0.0,0.0,0.0,0.0,0.0,33.0,0.0,0.0,0.0,0.0,0.0,0.0,0.0,0.0,0.0,0.0,0.0,0.0,0.0,0.0,0.0,0.0,0.0,27.67,10606.0,2.01,1.03,0.97,4.11,3.94,4.31,,,CLE,CHI,20210421,2020-21,False,CLE,CHI,,,,,,,,,,,,,,,,,,,,,,,,,,,,,,,,,,,,,,,,,,,,,,,,,,,,,,,,,,,,,,,,,,,,,,,,,,,,,,,,,,,,,,,,,,,,,,,,,,,,,,,,,,,,,,
1630171,Isaac Okoro,Isaac,1610612739,CLE,20.0,1,0,1,0.0,32.166666666666664,8,16,0.5,1,8,0.125,3,4,0.75,2,4,6,0,1,0,0,1,0,3,20,-17,26.2,0,0,27.0,1,124,124,124,43,20,20,96,68,16,119,36,30,84,26,61,46,170,79,119,72,165,1,31,26,225,77,17,2,59,,189,96.8,96.8,-29.3,126.2,108,62,0.271,170,211,199,120,8.0,-29.5,5.3,0.271,199,180,79,211,126.2,0.0,16.0,0.0,0.531,170,0.061,97,124.3,91.77,0.167,93.38,-29.5,82,94,226,31,76.48,213,0.563,226,56,91.77,34,180,212,122,94.9,20,0.106,5.3,184,0.0,117,20,0.105,0.0,0.0,0.0,2.0,0.0,0.0,0.0,34.0,24.0,0.0,1.0,0.0,0.667,0.0,0.8,5.0,0.0,0.0,0.0,0.2,4.0,3.0,0.0,0.0,0.0,2.0,45.0,1.5,0.0,0.0,2.0,35.0,2.61,0.444,1.82,0.0,20.0,2.0,4.0,0.857,0.0,3.0,4.0,1.0,0.667,6.9,0.0,1.0,0.0,9.2,0.5,0.167,4.0,0.0,0.857,1.0,7.6,5.0,1.0,0.667,0.0,7.0,1.0,,,,,,,,,,,,,,,0.833,0.375,6.0,5.0,0.0,5.0,6.0,0.0,0.375,,0.0,0.833,0.833,1.0,3.0,2.0,1.0,0.333,0.0,1.0,0.188,0.125,0.0,0.333,1.0,0.063,0.438,0.357,0.375,1.0,1.0,0.167,0.286,1.0,1.0,6.0,0.063,2.0,7.0,0.0,0.0,0.0,0.0,1.0,0.0,0.0,1.0,0.0,1.0,0.0,0.0,3.0,6.0,0.531,0.0,0.143,0.5,0.0,3.0,3.0,0.0,5.0,3.0,0.0,0.0,0.0,0.2,0.0,2.0,0.0,4.0,1.0,0.0,1.0,5.0,1.0,3.0,0.0,0.8,0.0,0.346,F-G,0.661,162.0,0.045,245.0,0.616,0.0,1.0,1.0,7.0,0.0,,1.0,3.0,0.857,0.0,1.0,0.0,5.0,0.0,0.0,0.0,0.0,0.2,0.0,6.0,0.0,0.0,0.0,0.0,,,0.0,CLE,1.0,0.167,6.0,1.0,6.0,0.25,2021,22000921,,1.0,9.0,13.0,0.692,0.45,0.242,0.385,2.0,5.0,0.4,0.301,0.099,0.615,7.0,8.0,0.875,0.508,0.367,0.385,4.0,5.0,0.8,0.57,0.23,0.462,5.0,6.0,0.833,0.539,0.294,0.385,2.0,5.0,0.4,0.32,0.08,7.0,4.0,3.0,0.0,0.0,0.0,0.0,1.0,1.0,2.0,0.5,0.5,0.0,1.0,1.0,1.0,0.0,0.0,1.0,1.0,0.0,45.0,0.0,0.0,0.0,0.0,0.0,0.0,0.0,0.0,0.0,0.0,0.0,0.0,0.0,0.0,0.0,0.0,0.0,32.17,12502.0,2.37,1.32,1.05,4.26,4.19,3.95,,,TOR,CLE,20210426,2020-21,False,CLE,TOR,,,,,,,,,,,,,,,,,,,,,,,,,,,,,,,,,,,,,,,,,,,,,,,,,,,,,,,,,,,,,,,,,,,,,,,,,,,,,,,,,,,,,,,,,,,,,,,,,,,,,,,,,,,,,,
1630171,Isaac Okoro,Isaac,1610612739,CLE,20.0,1,0,1,0.0,27.58333333333333,1,5,0.2,0,1,0.0,0,0,0.0,0,2,2,0,0,2,0,1,2,0,2,-24,10.4,0,0,8.0,1,107,107,107,80,149,135,174,119,133,119,107,115,107,101,115,135,158,132,9,71,138,98,143,176,203,160,19,2,169,,201,105.6,105.6,-46.6,152.8,180,54,0.081,158,196,202,106,1.0,-47.3,0.0,0.085,202,106,154,196,152.8,0.0,5.0,0.0,0.2,158,0.0,1,154.2,93.1,0.133,91.78,-47.3,94,1,200,192,77.58,198,0.2,200,101,93.1,191,106,195,183,107.6,149,0.0,0.0,99,0.0,180,135,0.044,0.0,0.0,0.0,2.0,0.0,0.0,0.0,12.0,22.0,0.0,1.0,0.0,0.0,0.0,0.0,2.0,0.0,0.0,0.0,0.5,0.0,1.0,0.0,0.0,0.0,0.0,28.0,0.0,0.0,0.0,1.0,17.0,2.14,0.071,1.21,0.0,2.0,1.0,0.0,0.5,1.0,2.0,0.0,1.0,0.0,4.2,1.0,2.0,2.0,0.0,0.0,1.0,2.0,0.0,0.667,1.0,4.2,0.0,0.0,0.0,1.0,4.0,0.0,0.0,0.2,0.0,0.0,1.0,0.0,1.0,0.0,0.0,,1.0,0.2,0.0,0.0,0.0,0.2,1.0,0.0,0.0,0.0,1.0,0.0,0.2,,0.0,0.0,0.0,1.0,1.0,0.0,1.0,1.0,0.0,1.0,0.2,0.0,,1.0,1.0,0.2,0.4,0.0,0.2,1.0,0.0,0.0,0.0,0.0,0.0,1.0,0.2,0.0,2.0,,,,0.0,0.0,0.0,0.0,0.0,0.0,0.0,0.0,0.0,0.0,0.0,0.2,0.0,0.0,0.0,0.0,1.0,0.0,,1.0,0.0,,,0.0,0.0,0.0,1.0,0.0,1.0,0.0,0.0,0.0,3.0,0.0,0.0,0.0,0.333,0.0,0.282,F-G,0.7,42.0,0.093,60.0,0.607,0.0,0.0,0.0,3.0,,,0.0,0.0,0.333,0.0,1.0,0.0,1.0,0.0,0.0,,,0.0,0.0,1.0,0.0,0.0,0.0,0.0,,,0.0,CLE,0.0,0.0,1.0,0.0,1.0,0.0,2021,22000328,,1.0,7.0,10.0,0.7,0.463,0.237,0.6,5.0,6.0,0.833,0.387,0.446,0.4,2.0,4.0,0.5,0.509,-0.009,0.3,2.0,3.0,0.667,0.577,0.09,0.4,2.0,4.0,0.5,0.558,-0.058,0.6,5.0,6.0,0.833,0.404,0.43,6.0,3.0,3.0,1.0,0.0,0.0,0.0,1.0,1.0,2.0,0.5,0.5,0.0,0.0,0.0,0.0,0.0,0.0,0.0,0.0,0.0,28.0,0.0,0.0,0.0,0.0,0.0,0.0,0.0,0.0,0.0,0.0,0.0,0.0,0.0,0.0,0.0,0.0,0.0,27.58,10783.0,2.04,1.07,0.97,4.14,4.47,4.22,,,CLE,LAC,20210203,2020-21,False,CLE,LAC,,,,,,,,,,,,,,,,,,,,,,,,,,,,,,,,,,,,,,,,,,,,,,,,,,,,,,,,,,,,,,,,,,,,,,,,,,,,,,,,,,,,,,,,,,,,,,,,,,,,,,,,,,,,,,
1630171,Isaac Okoro,Isaac,1610612739,CLE,20.0,1,1,0,1.0,34.4,6,9,0.667,1,2,0.5,2,3,0.667,5,3,8,3,0,3,0,1,6,4,15,-1,38.1,0,0,33.0,1,1,1,1,22,31,52,19,52,76,31,33,38,55,2,56,18,37,95,3,49,105,153,17,37,78,23,13,3,28,,36,95.6,95.6,-3.7,98.5,44,68,0.12,51,88,41,74,6.0,-2.9,0.0,0.126,41,111,57,88,98.5,0.0,9.0,0.15,0.722,40,0.111,1,95.4,94.19,0.091,97.67,-2.9,94,1,143,115,78.49,117,0.727,143,16,94.19,111,111,88,34,91.8,31,0.138,0.0,123,23.1,30,52,0.103,0.0,3.0,0.0,5.0,0.079,0.079,8.0,26.0,38.0,0.0,1.0,0.0,0.0,0.0,0.0,2.0,0.0,0.0,0.0,0.5,0.0,1.0,0.5,0.0,1.0,0.0,48.0,1.2,0.0,0.0,0.0,34.0,2.58,0.313,1.52,0.0,15.0,2.1,5.0,0.727,0.0,6.0,3.0,0.6,0.833,6.6,0.0,3.0,0.0,4.9,0.6,0.375,5.0,0.0,0.727,0.6,5.5,5.0,2.0,0.833,0.0,11.0,3.0,,,,,,,,,,,,,,,0.714,0.778,7.0,5.0,0.0,5.0,7.0,0.0,0.778,,0.0,0.714,0.714,,,,,,,,,,,,,,0.222,0.75,0.222,0.0,0.0,0.5,0.5,,1.0,2.0,0.0,1.0,2.0,0.0,0.0,0.0,0.0,1.0,0.0,0.0,1.0,0.0,0.75,0.0,0.0,3.0,6.0,0.722,0.0,1.0,0.0,1.0,1.0,0.0,0.0,0.0,0.0,0.0,0.0,0.0,0.0,0.0,0.0,0.0,5.0,0.0,0.0,0.0,6.0,0.0,2.0,0.5,0.833,0.0,0.313,F-G,0.703,83.0,0.088,118.0,0.616,0.0,0.0,0.0,6.0,0.0,,0.0,2.0,0.833,0.5,1.0,0.0,0.0,0.0,0.0,0.0,0.0,0.0,0.0,5.0,0.0,0.0,0.0,1.0,,,0.0,CLE,1.0,1.0,1.0,1.0,1.0,1.5,2021,22000513,,1.0,10.0,15.0,0.667,0.54,0.126,0.133,1.0,2.0,0.5,0.433,0.067,0.867,9.0,13.0,0.692,0.564,0.128,0.467,6.0,7.0,0.857,0.659,0.198,0.8,9.0,12.0,0.75,0.591,0.159,0.2,1.0,3.0,0.333,0.434,-0.101,5.0,4.0,1.0,3.0,2.0,0.0,0.0,0.0,1.0,1.0,0.0,1.0,0.0,0.0,0.0,0.0,0.0,0.0,0.0,0.0,0.0,48.0,0.0,0.0,0.0,0.0,0.0,0.0,0.0,0.0,0.0,0.0,0.0,0.0,0.0,0.0,0.0,0.0,0.0,34.4,13516.0,2.56,1.4,1.15,4.31,4.46,4.15,,,PHI,CLE,20210227,2020-21,False,CLE,PHI,,,,,,,,,,,,,,,,,,,,,,,,,,,,,,,,,,,,,,,,,,,,,,,,,,,,,,,,,,,,,,,,,,,,,,,,,,,,,,,,,,,,,,,,,,,,,,,,,,,,,,,,,,,,,,
1630171,Isaac Okoro,Isaac,1610612739,CLE,20.0,1,0,1,0.0,32.166666666666664,6,10,0.6,1,3,0.333,0,0,0.0,1,1,2,4,0,0,0,1,1,0,13,4,21.4,0,0,20.0,1,70,70,70,21,27,38,29,42,50,50,81,86,81,24,89,76,24,72,53,47,87,30,100,35,45,57,9,1,54,,37,111.4,111.4,-1.3,110.4,61,70,0.122,44,63,39,56,6.0,1.0,0.0,0.124,39,81,106,63,110.4,0.0,10.0,0.167,0.65,26,0.034,1,109.1,102.22,0.026,104.61,1.0,111,1,60,102,85.18,49,0.65,60,47,102.22,103,81,69,51,107.8,27,0.101,0.0,90,28.6,38,38,0.03,0.0,4.0,0.0,4.0,0.174,0.174,9.0,22.0,23.0,0.0,0.0,0.0,0.333,0.0,0.667,3.0,0.0,0.0,0.0,0.0,2.0,3.0,0.0,0.0,0.0,1.0,34.0,2.0,0.0,0.0,0.0,29.0,1.96,0.382,0.79,0.0,13.0,1.1,2.0,0.5,0.0,2.0,1.0,0.5,0.5,5.5,0.0,1.0,0.0,1.7,1.0,0.5,2.0,0.0,0.5,0.5,3.6,1.0,0.0,0.5,0.0,4.0,1.0,,,,,,,,,,,,,,,0.6,0.5,5.0,3.0,0.0,3.0,5.0,0.0,0.5,,0.0,0.6,0.6,1.0,3.0,2.0,1.0,0.333,0.0,1.0,0.3,0.2,0.0,0.333,1.0,0.1,0.2,1.25,0.1,1.0,1.0,1.0,1.0,1.0,1.0,1.0,0.1,2.0,2.0,,,,0.0,0.0,0.0,0.0,0.0,0.0,1.0,0.0,0.0,3.0,4.0,0.65,0.0,0.333,0.0,0.0,0.0,0.0,0.0,2.0,2.0,0.0,0.0,0.5,0.5,0.0,0.0,0.0,5.0,0.0,0.0,1.0,7.0,0.0,1.0,0.0,0.714,1.0,0.267,F-G,0.706,36.0,0.096,51.0,0.61,0.0,1.0,0.0,7.0,0.0,0.0,0.0,1.0,0.714,0.0,0.0,0.0,2.0,0.0,0.0,0.0,0.0,0.5,0.0,5.0,0.0,0.0,0.0,0.0,0.0,0.0,0.0,CLE,1.0,0.333,3.0,1.0,3.0,0.5,2021,22000311,,1.0,4.0,12.0,0.333,0.436,-0.102,0.667,2.0,8.0,0.25,0.373,-0.123,0.333,2.0,4.0,0.5,0.525,-0.025,0.25,2.0,3.0,0.667,0.615,0.052,0.25,2.0,3.0,0.667,0.568,0.099,0.667,2.0,8.0,0.25,0.38,-0.13,8.0,2.0,6.0,0.0,0.0,0.0,0.0,0.0,0.0,0.0,0.0,0.0,0.0,0.0,0.0,0.0,0.0,0.0,0.0,0.0,0.0,34.0,0.0,0.0,0.0,0.0,0.0,0.0,0.0,0.0,0.0,0.0,0.0,0.0,0.0,0.0,0.0,0.0,0.0,32.17,12805.0,2.43,1.15,1.28,4.19,4.52,4.22,,,MIN,CLE,20210131,2020-21,False,CLE,MIN,,,,,,,,,,,,,,,,,,,,,,,,,,,,,,,,,,,,,,,,,,,,,,,,,,,,,,,,,,,,,,,,,,,,,,,,,,,,,,,,,,,,,,,,,,,,,,,,,,,,,,,,,,,,,,
1630171,Isaac Okoro,Isaac,1610612739,CLE,20.0,1,1,0,1.0,33.531666666666666,4,5,0.8,1,2,0.5,2,2,1.0,0,3,3,5,2,0,0,0,1,1,11,7,20.1,0,0,20.0,1,1,1,1,44,102,162,17,70,129,33,67,81,1,120,97,125,31,44,121,89,1,45,126,104,50,122,20,3,116,,138,119.4,119.4,3.8,109.7,123,72,0.094,90,72,136,34,4.0,9.7,15.4,0.094,136,44,186,72,109.7,2.5,5.0,0.172,0.9,18,0.0,190,109.1,103.07,0.088,106.33,9.7,175,187,157,220,85.89,104,0.935,157,120,103.07,223,44,102,16,112.9,102,0.096,15.5,80,38.5,17,162,0.045,0.0,5.0,0.0,7.0,0.161,0.161,12.0,24.0,31.0,0.0,2.0,1.0,1.0,0.0,0.5,4.0,0.0,0.0,0.25,0.5,2.0,1.0,0.5,0.0,2.0,1.0,42.0,1.0,0.0,0.0,0.0,30.0,1.8,0.262,1.0,0.0,11.0,1.3,4.0,0.6,0.0,1.0,3.0,0.75,0.0,9.2,0.0,0.0,0.0,0.0,0.0,0.0,4.0,0.0,0.6,0.75,9.2,3.0,0.0,0.0,0.0,5.0,0.0,,,,,,,,,,,,,,,1.0,0.4,2.0,2.0,0.0,2.0,2.0,0.0,0.4,,0.0,1.0,1.0,,,,,,,,,,,,,,0.6,0.833,0.4,1.0,1.0,0.5,0.667,1.0,1.0,2.0,0.2,2.0,3.0,,,,0.0,0.0,0.0,0.0,0.0,0.0,1.0,0.0,0.0,3.0,4.0,0.9,0.0,0.5,1.0,0.0,0.0,0.0,0.0,2.0,1.0,0.0,0.0,0.0,0.5,0.0,1.0,0.0,3.0,1.0,0.0,1.0,3.0,0.0,0.0,0.0,1.0,0.0,0.2,F-G,1.0,2.0,0.405,2.0,0.596,0.0,1.0,0.0,3.0,0.0,0.0,0.0,0.0,1.0,0.0,0.0,0.0,2.0,0.0,0.0,0.0,0.0,0.5,0.0,3.0,0.0,0.0,0.0,0.0,0.0,0.0,0.0,CLE,1.0,0.5,2.0,1.0,2.0,0.75,2021,22000010,,1.0,4.0,10.0,0.4,0.452,-0.052,0.7,2.0,7.0,0.286,0.355,-0.069,0.3,2.0,3.0,0.667,0.496,0.17,0.2,2.0,2.0,1.0,0.596,0.405,0.3,2.0,3.0,0.667,0.518,0.149,0.7,2.0,7.0,0.286,0.365,-0.08,6.0,2.0,4.0,4.0,0.0,0.0,0.0,0.0,1.0,1.0,0.0,1.0,0.0,2.0,2.0,2.0,0.0,0.0,1.0,1.0,0.0,42.0,0.0,0.0,0.0,0.0,0.0,0.0,0.0,0.0,0.0,0.0,0.0,0.0,0.0,0.0,0.0,0.0,0.0,33.53,13916.0,2.64,1.5,1.14,4.36,4.51,4.16,,,CLE,CHA,20201223,2020-21,False,CLE,CHA,,,,,,,,,,,,,,,,,,,,,,,,,,,,,,,,,,,,,,,,,,,,,,,,,,,,,,,,,,,,,,,,,,,,,,,,,,,,,,,,,,,,,,,,,,,,,,,,,,,,,,,,,,,,,,
1630171,Isaac Okoro,Isaac,1610612739,CLE,20.0,1,0,1,0.0,25.016666666666666,3,7,0.429,2,5,0.4,3,4,0.75,0,0,0,2,0,0,0,0,4,2,11,-20,14.0,0,0,15.0,1,79,79,79,92,77,86,77,30,39,47,32,31,50,84,136,143,59,113,77,56,1,127,52,66,155,109,20,2,101,,152,106.4,106.4,-52.8,145.8,121,47,0.164,71,146,152,95,3.0,-39.5,0.0,0.159,152,89,143,146,145.8,0.0,7.0,0.133,0.571,67,0.0,1,152.7,91.14,0.0,91.98,-39.5,136,1,152,87,75.95,145,0.628,152,84,91.14,96,89,150,54,99.9,77,0.038,0.0,106,18.2,63,86,0.0,0.0,2.0,0.0,4.0,0.091,0.091,5.0,20.0,22.0,0.0,0.0,0.0,0.0,0.0,0.0,1.0,0.0,0.0,0.0,0.0,0.0,1.0,0.0,0.0,0.0,0.0,33.0,0.0,0.0,0.0,0.0,30.0,1.76,0.333,0.39,0.0,11.0,1.0,0.0,,,,,,,,,,,,,,,,,,,,,,,,,0.0,0.143,0.0,0.0,1.0,0.0,1.0,0.0,0.0,,1.0,0.143,0.0,0.0,1.0,0.143,1.0,1.0,0.0,1.0,1.0,0.0,0.143,,0.0,1.0,1.0,,1.0,1.0,0.0,1.5,1.0,0.0,0.143,0.143,1.0,1.0,1.0,0.0,0.571,0.375,0.571,0.0,0.0,0.25,0.25,,1.0,4.0,0.0,1.0,4.0,,,,0.0,0.0,0.0,0.0,0.0,0.0,0.0,0.0,0.0,6.0,0.0,0.571,0.0,0.4,0.5,1.0,1.0,0.0,0.0,2.0,,0.0,0.0,,0.5,0.0,2.0,0.0,1.0,1.0,0.0,1.0,1.0,0.0,3.0,0.333,1.0,,0.272,F-G,0.672,45.0,0.06,67.0,0.612,0.0,2.0,0.0,1.0,0.0,,0.0,2.0,1.0,0.0,1.0,0.0,3.0,0.0,0.0,0.0,0.0,0.667,0.0,1.0,0.0,0.0,0.0,0.0,,,0.0,CLE,2.0,0.4,5.0,2.0,5.0,0.6,2021,22000372,,1.0,5.0,12.0,0.417,0.474,-0.057,0.417,2.0,5.0,0.4,0.335,0.065,0.583,3.0,7.0,0.429,0.531,-0.102,0.167,1.0,2.0,0.5,0.63,-0.13,0.333,2.0,4.0,0.5,0.585,-0.085,0.667,3.0,8.0,0.375,0.392,-0.017,9.0,6.0,3.0,0.0,0.0,0.0,0.0,0.0,0.0,0.0,0.0,0.0,0.0,1.0,1.0,1.0,0.0,0.0,1.0,1.0,0.0,33.0,0.0,0.0,0.0,0.0,0.0,0.0,0.0,0.0,0.0,0.0,0.0,0.0,0.0,0.0,0.0,0.0,0.0,25.02,8926.0,1.69,0.81,0.88,3.82,3.57,4.08,,,PHX,CLE,20210208,2020-21,False,CLE,PHX,,,,,,,,,,,,,,,,,,,,,,,,,,,,,,,,,,,,,,,,,,,,,,,,,,,,,,,,,,,,,,,,,,,,,,,,,,,,,,,,,,,,,,,,,,,,,,,,,,,,,,,,,,,,,,
1630171,Isaac Okoro,Isaac,1610612739,CLE,20.0,1,0,1,0.0,28.55,3,6,0.5,0,1,0.0,5,6,0.833,0,3,3,1,1,0,0,0,5,3,11,-8,15.1,0,0,15.0,1,101,101,101,79,98,111,69,112,128,112,11,16,56,114,80,106,110,67,101,68,1,190,33,81,147,132,17,3,124,,171,120.8,120.8,-9.1,133.3,147,53,0.164,140,138,169,65,3.0,-12.6,9.1,0.162,169,52,124,138,133.3,1.0,6.0,0.056,0.5,133,0.0,110,133.1,89.95,0.111,88.84,-12.6,108,102,180,108,74.96,186,0.637,180,114,89.95,114,52,126,73,124.0,98,0.039,9.4,43,9.1,95,111,0.061,0.0,2.0,1.0,2.0,0.034,0.069,3.0,29.0,29.0,4.0,2.0,0.0,0.667,0.286,1.0,7.0,3.0,2.0,0.0,0.286,7.0,3.0,0.0,0.75,0.0,2.0,39.0,0.0,0.0,0.0,3.0,30.0,2.75,0.282,1.97,0.0,11.0,1.8,1.0,0.6,1.0,1.0,0.0,0.75,0.0,3.6,1.0,3.0,3.0,0.0,0.0,1.0,4.0,0.0,0.75,0.75,3.6,0.0,0.0,0.0,1.0,5.0,0.0,0.0,0.167,0.0,0.0,1.0,0.0,1.0,0.0,0.0,,1.0,0.167,0.0,0.0,0.667,0.5,3.0,2.0,0.0,2.0,3.0,0.0,0.5,,0.0,0.667,0.667,1.0,1.0,0.0,1.0,1.0,0.0,1.0,0.167,0.0,,1.0,1.0,0.167,0.167,0.0,0.167,0.0,0.0,0.0,0.0,,0.0,1.0,0.0,0.0,1.0,0.5,0.0,0.5,0.0,2.0,1.0,2.0,1.0,0.0,0.0,0.0,0.0,0.0,0.0,0.5,0.0,0.0,0.0,0.0,2.0,1.0,,0.0,0.0,,,0.0,0.0,1.0,0.0,1.0,1.0,0.0,1.0,0.0,2.0,0.5,1.0,0.0,0.5,0.0,0.351,F-G,0.66,173.0,0.044,262.0,0.616,0.0,1.0,1.0,2.0,,0.0,0.5,1.0,0.5,0.0,2.0,0.0,1.0,0.0,0.0,,,1.0,0.0,1.0,0.0,0.0,0.0,0.0,0.0,0.0,0.0,CLE,0.0,,0.0,0.0,0.0,,2021,22000960,,1.0,10.0,18.0,0.556,0.462,0.094,0.333,3.0,6.0,0.5,0.341,0.159,0.667,7.0,12.0,0.583,0.554,0.029,0.444,6.0,8.0,0.75,0.644,0.106,0.556,6.0,10.0,0.6,0.601,-0.001,0.389,4.0,7.0,0.571,0.358,0.213,9.0,5.0,4.0,0.0,0.0,0.0,0.0,0.0,0.0,0.0,0.0,0.0,0.0,0.0,0.0,0.0,0.0,0.0,0.0,0.0,0.0,39.0,0.0,0.0,0.0,0.0,0.0,0.0,0.0,0.0,0.0,0.0,0.0,0.0,0.0,0.0,0.0,0.0,0.0,28.55,10838.0,2.05,1.11,0.94,4.18,4.05,3.91,,,CLE,MIA,20210501,2020-21,False,CLE,MIA,,,,,,,,,,,,,,,,,,,,,,,,,,,,,,,,,,,,,,,,,,,,,,,,,,,,,,,,,,,,,,,,,,,,,,,,,,,,,,,,,,,,,,,,,,,,,,,,,,,,,,,,,,,,,,
1630171,Isaac Okoro,Isaac,1610612739,CLE,20.0,1,0,1,0.0,29.98333333333333,6,10,0.6,2,4,0.5,5,5,1.0,2,1,3,3,0,1,0,0,2,4,19,-3,30.1,0,0,29.0,1,105,105,105,63,41,67,47,32,62,29,15,21,1,20,136,100,58,129,36,71,1,111,19,31,125,57,14,2,53,,125,109.7,109.7,-6.0,112.7,53,62,0.174,75,122,111,99,6.0,-3.0,0.0,0.175,111,119,147,122,112.7,0.0,10.0,0.176,0.7,80,0.065,1,114.4,100.06,0.037,99.86,-3.0,176,1,93,113,83.38,99,0.779,93,48,100.06,116,119,129,35,108.4,41,0.144,0.0,123,20.0,43,67,0.052,0.0,3.0,0.0,3.0,0.13,0.13,8.0,27.0,23.0,0.0,0.0,0.0,0.5,0.0,1.0,2.0,0.0,0.0,0.0,0.0,2.0,2.0,0.0,0.0,0.0,1.0,35.0,2.0,0.0,2.0,1.0,23.0,2.15,0.543,1.51,0.0,19.0,1.3,1.0,0.375,1.0,3.0,1.0,0.2,0.667,8.8,0.0,2.0,0.0,7.5,1.0,0.667,5.0,1.0,0.429,0.25,7.9,1.0,0.0,0.667,0.0,8.0,2.0,0.0,0.1,0.0,0.0,1.0,0.0,1.0,0.0,0.0,,1.0,0.1,0.0,0.0,0.75,0.3,3.0,3.0,0.0,3.0,4.0,0.1,0.4,0.0,1.0,1.0,0.75,0.5,2.0,0.0,1.0,0.5,0.0,2.0,0.2,0.0,,0.5,1.0,0.2,0.3,1.0,0.3,0.0,0.0,0.667,0.667,,2.0,3.0,0.0,2.0,3.0,,,,0.0,0.0,0.0,0.0,0.0,0.0,1.0,1.0,2.0,6.0,2.0,0.7,0.0,0.5,0.0,2.0,1.0,1.0,0.0,1.0,1.0,0.0,0.0,0.0,0.0,0.0,0.0,0.0,3.0,0.0,0.0,0.0,5.0,1.0,3.0,0.667,0.6,0.0,0.357,F-G,0.661,144.0,0.042,218.0,0.618,0.0,0.0,1.0,5.0,0.0,,1.0,3.0,0.6,0.667,1.0,0.0,1.0,0.0,0.0,0.0,0.0,0.0,0.0,3.0,0.0,0.0,0.0,2.0,,,0.0,CLE,2.0,0.5,4.0,2.0,4.0,0.75,2021,22000807,,1.0,7.0,11.0,0.636,0.507,0.13,0.273,1.0,3.0,0.333,0.381,-0.048,0.727,6.0,8.0,0.75,0.554,0.196,0.455,4.0,5.0,0.8,0.662,0.138,0.455,4.0,5.0,0.8,0.609,0.191,0.364,2.0,4.0,0.5,0.419,0.081,7.0,4.0,3.0,2.0,0.0,0.0,0.0,1.0,0.0,1.0,1.0,0.0,0.0,0.0,0.0,0.0,0.0,0.0,0.0,0.0,0.0,35.0,0.0,0.0,0.0,0.0,0.0,0.0,0.0,0.0,0.0,0.0,0.0,0.0,0.0,0.0,0.0,0.0,0.0,29.98,11965.0,2.27,1.13,1.14,4.34,4.24,4.08,,,CLE,NOP,20210411,2020-21,False,CLE,NOP,,,,,,,,,,,,,,,,,,,,,,,,,,,,,,,,,,,,,,,,,,,,,,,,,,,,,,,,,,,,,,,,,,,,,,,,,,,,,,,,,,,,,,,,,,,,,,,,,,,,,,,,,,,,,,
1630171,Isaac Okoro,Isaac,1610612739,CLE,20.0,1,0,1,0.0,28.183333333333334,4,4,1.0,0,0,0.0,1,3,0.333,0,5,5,1,1,1,0,0,3,2,9,-4,18.5,0,0,17.0,1,75,75,75,56,52,108,1,81,118,81,61,30,77,77,34,42,86,49,28,53,1,106,45,71,95,83,15,2,81,,109,106.8,106.8,-10.5,115.5,79,59,0.098,106,91,111,48,4.0,-8.7,14.3,0.104,111,69,63,91,115.5,1.0,4.0,0.053,1.0,79,0.0,106,114.5,99.63,0.156,101.44,-8.7,57,107,86,132,83.03,67,0.846,86,77,99.63,126,69,98,10,104.0,52,0.081,13.7,78,14.3,5,108,0.088,0.0,1.0,0.0,4.0,0.05,0.05,2.0,16.0,20.0,2.0,2.0,0.0,1.0,0.25,0.75,4.0,1.0,1.0,0.0,0.5,3.0,1.0,0.0,0.5,0.0,1.0,25.0,2.0,0.0,2.0,1.0,16.0,2.04,0.36,1.28,0.0,9.0,0.9,2.0,0.5,1.0,1.0,3.0,0.556,0.0,6.8,0.0,2.0,2.0,0.0,0.0,0.4,9.0,1.0,0.556,0.625,6.8,3.0,0.0,0.0,0.4,10.0,0.0,,,,,,,,,,,,,,,1.0,1.0,4.0,4.0,0.0,4.0,4.0,0.0,1.0,,0.0,1.0,1.0,,,,,,,,,,,,,,,,,,,,,,,,,,,,,,,0.0,0.0,0.0,,0.0,1.0,1.0,2.0,0.0,4.0,1.0,0.0,0.0,0.0,0.0,1.0,1.0,0.0,0.0,0.0,0.0,0.0,0.0,0.0,0.0,0.0,0.0,3.0,0.0,0.0,0.0,3.0,1.0,0.0,0.0,1.0,0.0,0.357,F-G,0.678,135.0,0.06,199.0,0.618,0.0,0.0,1.0,3.0,0.0,,1.0,0.0,1.0,0.0,1.0,0.0,0.0,0.0,0.0,0.0,0.0,0.0,0.0,3.0,0.0,0.0,0.0,0.0,,,0.0,CLE,0.0,,,,0.0,,2021,22000731,,1.0,6.0,17.0,0.353,0.498,-0.145,0.235,2.0,4.0,0.5,0.41,0.091,0.765,4.0,13.0,0.308,0.53,-0.222,0.471,3.0,8.0,0.375,0.623,-0.248,0.647,3.0,11.0,0.273,0.558,-0.285,0.294,3.0,5.0,0.6,0.445,0.155,6.0,5.0,1.0,3.0,0.0,0.0,0.0,0.0,0.0,0.0,0.0,0.0,0.0,1.0,1.0,1.0,1.0,0.0,1.0,1.0,1.0,25.0,0.0,0.0,0.0,0.0,0.0,0.0,0.0,0.0,0.0,0.0,0.0,0.0,0.0,0.0,0.0,0.0,0.0,28.18,11475.0,2.17,1.18,1.0,4.46,4.76,4.14,,,CLE,PHI,20210401,2020-21,False,CLE,PHI,,,,,,,,,,,,,,,,,,,,,,,,,,,,,,,,,,,,,,,,,,,,,,,,,,,,,,,,,,,,,,,,,,,,,,,,,,,,,,,,,,,,,,,,,,,,,,,,,,,,,,,,,,,,,,
1630171,Isaac Okoro,Isaac,1610612739,CLE,20.0,1,1,0,1.0,29.035,5,7,0.714,1,2,0.5,1,1,1.0,0,3,3,2,1,2,1,0,0,1,12,10,26.6,0,0,24.0,1,1,1,1,69,63,114,28,74,133,46,90,113,1,120,92,111,86,70,13,23,1,1,98,83,47,75,16,1,87,,47,111.9,111.9,15.8,94.9,62,59,0.121,135,65,48,42,5.0,16.9,10.0,0.128,48,112,170,65,94.9,2.0,7.0,0.095,0.786,86,0.0,154,95.9,97.54,0.107,97.11,16.9,138,154,181,193,81.28,171,0.806,181,120,97.54,187,112,70,34,111.7,63,0.143,9.6,115,20.0,38,114,0.051,0.0,2.0,0.0,3.0,0.071,0.071,6.0,24.0,28.0,0.0,2.0,0.0,1.0,0.0,1.4,5.0,0.0,0.0,0.0,0.4,7.0,3.0,0.0,0.0,0.0,3.0,36.0,0.0,0.0,0.0,0.0,26.0,2.13,0.333,1.08,0.0,12.0,1.3,1.0,0.429,1.0,3.0,1.0,0.75,0.0,3.0,0.0,2.0,2.0,0.0,0.0,0.667,4.0,1.0,0.5,1.0,3.0,1.0,0.0,0.0,0.667,7.0,0.0,0.0,0.143,0.0,0.0,1.0,0.0,1.0,0.0,0.0,,1.0,0.143,0.0,0.0,1.0,0.429,3.0,3.0,0.0,3.0,3.0,0.0,0.429,,0.0,1.0,1.0,1.0,1.0,0.0,1.0,1.0,0.0,1.0,0.143,0.0,,1.0,1.0,0.143,0.286,0.75,0.286,0.0,0.0,0.5,0.5,,1.0,2.0,0.0,1.0,2.0,1.5,1.0,1.0,1.0,1.0,1.0,3.0,1.0,0.0,0.0,0.0,0.0,0.0,0.0,0.786,0.0,0.0,0.0,1.0,1.0,1.0,0.0,0.0,0.0,0.0,0.0,0.0,0.0,0.0,0.0,0.0,3.0,0.0,0.0,0.0,4.0,1.0,2.0,0.5,0.75,0.0,0.348,F-G,0.689,122.0,0.072,177.0,0.618,,0.0,0.0,5.0,0.0,0.0,0.0,1.0,0.8,1.0,0.0,0.0,1.0,0.0,0.0,0.0,0.0,0.0,0.0,4.0,,,0.0,1.0,0.0,0.0,0.0,CLE,0.0,0.0,1.0,0.0,1.0,0.0,2021,22000671,,1.0,5.0,15.0,0.333,0.504,-0.17,0.333,2.0,5.0,0.4,0.406,-0.006,0.667,3.0,10.0,0.3,0.562,-0.262,0.533,3.0,8.0,0.375,0.639,-0.264,0.533,3.0,8.0,0.375,0.608,-0.233,0.467,2.0,7.0,0.286,0.427,-0.141,10.0,6.0,4.0,3.0,0.0,0.0,0.0,0.0,0.0,0.0,0.0,0.0,0.0,0.0,0.0,0.0,0.0,0.0,0.0,0.0,0.0,36.0,0.0,0.0,0.0,0.0,0.0,0.0,0.0,0.0,0.0,0.0,0.0,0.0,0.0,0.0,0.0,0.0,0.0,29.03,11054.0,2.09,1.13,0.96,4.1,3.89,4.35,,,CHI,CLE,20210324,2020-21,False,CLE,CHI,,,,,,,,,,,,,,,,,,,,,,,,,,,,,,,,,,,,,,,,,,,,,,,,,,,,,,,,,,,,,,,,,,,,,,,,,,,,,,,,,,,,,,,,,,,,,,,,,,,,,,,,,,,,,,
1630171,Isaac Okoro,Isaac,1610612739,CLE,20.0,1,0,1,0.0,29.956666666666667,5,12,0.417,0,3,0.0,0,0,0.0,1,0,1,2,1,0,0,3,4,1,10,-23,13.2,0,0,13.0,1,95,95,95,54,53,46,115,116,83,116,101,106,101,50,165,152,76,70,93,57,185,163,90,81,183,138,15,2,131,,140,92.2,92.2,-37.5,128.1,165,64,0.178,99,172,147,35,5.0,-35.9,6.7,0.182,147,169,173,172,128.1,2.0,12.0,0.105,0.417,108,0.03,89,128.9,102.55,0.0,102.64,-35.9,165,86,55,98,85.46,45,0.417,55,91,102.55,99,169,166,139,91.4,53,0.004,6.7,170,13.3,130,46,0.019,0.0,3.0,1.0,4.0,0.069,0.103,5.0,35.0,29.0,0.0,1.0,0.0,0.4,0.0,0.667,6.0,0.0,0.0,0.0,0.167,4.0,5.0,0.167,0.0,1.0,2.0,42.0,2.0,0.0,0.0,0.0,29.0,2.65,0.238,2.0,0.0,10.0,1.9,1.0,0.25,1.0,3.0,0.0,0.0,0.333,0.0,0.0,0.0,0.0,28.2,0.0,0.0,1.0,1.0,0.333,0.0,28.2,1.0,1.0,0.333,0.0,4.0,0.0,0.0,0.167,0.0,0.0,2.0,0.0,1.0,0.0,0.0,,2.0,0.167,0.0,0.0,0.667,0.5,6.0,4.0,0.0,4.0,6.0,0.0,0.5,,0.0,0.667,0.667,1.0,2.0,1.0,1.0,0.5,0.0,1.0,0.167,0.083,0.0,0.5,1.0,0.083,0.167,0.0,0.167,0.0,0.0,0.0,0.0,,0.0,2.0,0.0,0.0,2.0,0.0,0.0,0.0,0.0,1.0,0.0,0.0,1.0,0.0,1.0,0.0,0.0,0.0,2.0,0.417,0.0,0.0,0.0,0.0,5.0,2.0,0.0,1.0,0.0,0.0,0.0,0.0,0.0,1.0,1.0,0.0,3.0,0.0,0.0,0.0,3.0,0.4,2.0,0.0,1.0,0.0,0.279,F-G,0.686,48.0,0.073,70.0,0.612,0.0,0.0,1.0,6.0,0.0,,0.5,2.0,0.667,0.0,2.0,0.0,1.0,0.0,0.0,0.0,0.0,0.0,0.0,4.0,0.0,0.0,1.0,0.0,,,0.0,CLE,0.0,0.0,2.0,0.0,2.0,0.0,2021,22000388,,1.0,4.0,5.0,0.8,0.459,0.341,0.4,1.0,2.0,0.5,0.378,0.122,0.6,3.0,3.0,1.0,0.53,0.47,0.6,3.0,3.0,1.0,0.617,0.383,0.6,3.0,3.0,1.0,0.568,0.432,0.4,1.0,2.0,0.5,0.397,0.104,2.0,1.0,1.0,0.0,0.0,0.0,0.0,1.0,0.0,1.0,1.0,0.0,0.0,1.0,1.0,1.0,0.0,0.0,1.0,1.0,0.0,42.0,0.0,0.0,0.0,0.0,0.0,0.0,0.0,0.0,0.0,0.0,0.0,0.0,0.0,0.0,0.0,0.0,0.0,29.95,11885.0,2.25,1.18,1.07,4.39,4.55,4.24,,,DEN,CLE,20210210,2020-21,False,CLE,DEN,,,,,,,,,,,,,,,,,,,,,,,,,,,,,,,,,,,,,,,,,,,,,,,,,,,,,,,,,,,,,,,,,,,,,,,,,,,,,,,,,,,,,,,,,,,,,,,,,,,,,,,,,,,,,,
1630171,Isaac Okoro,Isaac,1610612739,CLE,20.0,1,1,0,1.0,30.37833333333333,3,6,0.5,2,5,0.4,0,0,0.0,1,6,7,5,6,2,1,0,1,0,8,8,26.9,0,0,28.0,1,1,1,1,69,93,103,62,34,46,54,110,119,110,49,28,36,21,3,14,24,1,30,159,101,37,72,16,4,59,,38,101.4,101.4,9.4,89.9,84,69,0.154,45,59,43,90,3.0,11.6,35.3,0.158,43,113,78,59,89.9,0.83,6.0,0.238,0.667,33,0.036,204,89.3,109.03,0.15,110.86,11.6,81,205,13,121,90.85,8,0.667,13,85,109.03,123,113,66,56,98.7,93,0.116,35.3,126,29.4,48,103,0.103,0.0,5.0,0.0,5.0,0.132,0.132,12.0,32.0,38.0,0.0,0.0,0.0,1.0,0.0,2.0,1.0,0.0,0.0,0.0,0.0,2.0,1.0,0.0,0.0,0.0,1.0,50.0,0.0,0.0,0.0,0.0,35.0,2.08,0.16,1.06,0.0,8.0,1.7,0.0,0.778,0.0,2.0,5.0,0.857,0.5,7.1,0.0,1.0,1.0,19.4,0.0,0.143,7.0,0.0,0.778,0.857,8.9,6.0,1.0,0.5,0.167,9.0,0.0,,,,,,,,,,,,,,,1.0,0.167,1.0,1.0,0.0,1.0,1.0,0.0,0.167,,0.0,1.0,1.0,,1.0,1.0,0.0,0.0,0.0,0.0,0.167,0.167,0.0,0.0,0.0,0.0,0.667,0.75,0.667,0.0,0.0,0.5,0.5,,2.0,4.0,0.0,2.0,4.0,1.5,1.0,1.0,1.0,1.0,1.0,3.0,1.0,0.0,0.0,0.0,0.0,3.0,0.0,0.667,0.0,0.25,0.0,2.0,0.0,0.0,0.0,2.0,2.0,0.0,0.0,0.0,0.0,0.0,0.0,0.0,1.0,0.0,0.0,0.0,1.0,0.0,3.0,0.667,1.0,0.0,0.338,F-G,0.712,116.0,0.097,163.0,0.615,0.0,1.0,0.0,1.0,0.0,0.0,0.0,1.0,1.0,1.0,0.0,0.0,4.0,0.0,0.0,0.0,0.0,0.25,0.0,1.0,0.0,0.0,0.0,1.0,0.0,0.0,0.0,CLE,1.0,0.25,4.0,1.0,4.0,0.375,2021,22000648,,1.0,5.0,13.0,0.385,0.47,-0.085,0.538,2.0,7.0,0.286,0.406,-0.121,0.462,3.0,6.0,0.5,0.523,-0.023,0.462,3.0,6.0,0.5,0.595,-0.095,0.462,3.0,6.0,0.5,0.552,-0.052,0.538,2.0,7.0,0.286,0.405,-0.12,8.0,5.0,3.0,2.0,0.0,0.0,0.0,0.0,1.0,1.0,0.0,1.0,0.0,3.0,3.0,3.0,0.0,0.0,1.0,1.0,0.0,50.0,0.0,0.0,0.0,0.0,0.0,0.0,0.0,0.0,0.0,0.0,0.0,0.0,0.0,0.0,0.0,0.0,0.0,30.38,12359.0,2.34,1.26,1.08,4.2,4.45,4.31,,,CLE,TOR,20210321,2020-21,False,CLE,TOR,,,,,,,,,,,,,,,,,,,,,,,,,,,,,,,,,,,,,,,,,,,,,,,,,,,,,,,,,,,,,,,,,,,,,,,,,,,,,,,,,,,,,,,,,,,,,,,,,,,,,,,,,,,,,,
1630171,Isaac Okoro,Isaac,1610612739,CLE,20.0,1,1,0,1.0,41.64666666666667,0,4,0.0,0,3,0.0,0,0,0.0,0,3,3,0,2,1,0,0,4,1,0,16,4.6,0,0,5.0,1,1,1,1,12,180,159,180,117,89,117,120,129,120,127,80,106,151,46,40,69,1,169,104,182,8,186,26,4,182,,27,109.3,109.3,24.5,92.9,194,86,0.067,151,42,41,110,0.0,16.4,33.3,0.069,41,82,163,42,92.9,0.0,4.0,0.0,0.0,151,0.0,205,88.8,97.97,0.067,98.38,16.4,152,204,177,199,81.64,182,0.0,177,127,97.97,199,82,24,182,113.4,180,-0.039,33.3,61,0.0,180,159,0.038,0.0,1.0,1.0,3.0,0.0,0.031,0.0,28.0,32.0,0.0,1.0,0.0,0.0,0.0,0.0,2.0,0.0,0.0,0.0,0.5,0.0,0.0,0.0,0.0,0.0,0.0,39.0,0.0,0.0,0.0,0.0,31.0,1.65,0.0,0.38,0.0,0.0,1.1,1.0,0.375,1.0,0.0,3.0,0.375,0.0,14.1,0.0,0.0,0.0,0.0,0.0,0.0,8.0,1.0,0.429,0.429,14.1,3.0,0.0,0.0,0.0,8.0,0.0,0.0,0.25,0.0,0.0,1.0,0.0,1.0,0.0,0.0,,1.0,0.25,0.0,0.0,,,,,,,,,,,,,,,,,,,,,,,,,,,0.75,0.0,0.75,0.0,0.0,0.0,0.0,,0.0,3.0,0.0,0.0,3.0,,,,0.0,0.0,0.0,0.0,0.0,0.0,0.0,0.0,0.0,0.0,0.0,0.0,0.0,0.0,0.0,0.0,0.0,0.0,0.0,1.0,0.0,0.0,0.0,0.0,0.0,0.0,1.0,0.0,0.0,0.0,0.0,0.0,1.0,0.0,2.0,0.0,0.0,0.0,0.143,F-G,0.667,2.0,0.097,3.0,0.569,,0.0,0.0,1.0,0.0,0.0,0.0,2.0,0.0,0.0,0.0,0.0,1.0,0.0,0.0,0.0,0.0,0.0,0.0,0.0,,,0.0,0.0,0.0,0.0,0.0,CLE,0.0,0.0,3.0,0.0,3.0,0.0,2021,22000023,,1.0,6.0,11.0,0.545,0.428,0.117,0.545,4.0,6.0,0.667,0.345,0.321,0.455,2.0,5.0,0.4,0.464,-0.064,0.091,0.0,1.0,0.0,0.517,-0.517,0.455,2.0,5.0,0.4,0.495,-0.095,0.545,4.0,6.0,0.667,0.359,0.308,9.0,3.0,6.0,2.0,0.0,1.0,3.0,0.0,1.0,1.0,0.0,1.0,0.0,1.0,1.0,1.0,0.0,0.0,1.0,1.0,0.0,39.0,0.0,0.0,0.0,0.0,0.0,0.0,0.0,0.0,0.0,0.0,0.0,0.0,0.0,0.0,0.0,0.0,0.0,41.65,16378.0,3.1,1.53,1.57,4.23,4.43,4.04,,,DET,CLE,20201226,2020-21,False,CLE,DET,,,,,,,,,,,,,,,,,,,,,,,,,,,,,,,,,,,,,,,,,,,,,,,,,,,,,,,,,,,,,,,,,,,,,,,,,,,,,,,,,,,,,,,,,,,,,,,,,,,,,,,,,,,,,,
1630171,Isaac Okoro,Isaac,1610612739,CLE,20.0,1,0,1,0.0,29.316666666666663,1,6,0.167,0,2,0.0,4,6,0.667,0,1,1,0,2,3,1,1,1,4,6,-39,17.2,0,0,15.0,1,80,80,80,39,111,93,125,87,86,87,14,13,49,81,104,117,124,23,3,17,98,33,18,98,148,96,7,2,99,,139,76.5,76.5,-53.1,131.9,130,68,0.153,124,141,139,79,1.0,-55.4,18.2,0.155,139,138,129,141,131.9,0.0,6.0,0.0,0.167,124,0.0,128,133.7,112.15,0.04,108.49,-55.4,125,125,9,94,93.46,17,0.347,9,81,112.15,96,138,141,113,80.6,111,0.004,18.8,133,0.0,126,93,0.018,0.0,0.0,0.0,4.0,0.0,0.0,0.0,29.0,26.0,0.0,1.0,0.0,0.25,0.0,0.4,5.0,0.0,0.0,0.0,0.2,2.0,4.0,0.0,0.0,0.0,1.0,37.0,0.0,0.0,1.0,1.0,20.0,3.07,0.162,2.43,0.0,6.0,1.9,2.0,0.2,1.0,3.0,1.0,0.5,0.0,10.3,0.0,0.0,0.0,0.0,0.0,0.0,2.0,1.0,0.25,1.0,10.3,1.0,0.0,0.0,0.0,5.0,0.0,0.0,0.167,0.0,0.0,1.0,0.0,1.0,0.0,0.0,,1.0,0.167,0.0,0.0,0.333,0.5,3.0,1.0,0.0,1.0,3.0,0.0,0.5,,0.0,0.333,0.333,,1.0,1.0,0.0,0.0,0.0,0.0,0.167,0.167,0.0,0.0,0.0,0.0,0.167,0.0,0.167,0.0,0.0,0.0,0.0,,0.0,1.0,0.0,0.0,1.0,0.0,0.0,0.0,0.0,1.0,0.0,0.0,1.0,0.0,0.0,0.0,1.0,0.0,0.0,0.167,0.0,0.0,0.0,0.0,2.0,0.0,0.0,0.0,0.0,0.0,0.0,0.0,0.0,0.0,0.0,0.0,1.0,0.0,0.0,0.0,2.0,0.0,2.0,0.0,0.5,0.0,0.278,F-G,0.65,26.0,0.048,40.0,0.602,0.0,0.0,0.0,3.0,0.0,0.0,0.0,1.0,0.333,0.0,1.0,0.0,1.0,0.0,0.0,0.0,0.0,0.0,0.0,1.0,0.0,0.0,0.0,0.0,0.0,0.0,0.0,CLE,0.0,0.0,1.0,0.0,1.0,0.0,2021,22000250,,1.0,10.0,17.0,0.588,0.452,0.136,0.176,3.0,3.0,1.0,0.348,0.652,0.824,7.0,14.0,0.5,0.528,-0.028,0.471,5.0,8.0,0.625,0.633,-0.008,0.706,6.0,12.0,0.5,0.576,-0.076,0.235,4.0,4.0,1.0,0.359,0.641,6.0,5.0,1.0,5.0,0.0,0.0,0.0,3.0,1.0,4.0,0.75,0.25,0.0,1.0,1.0,0.0,0.0,0.0,1.0,0.0,0.0,37.0,0.0,0.0,0.0,0.0,0.0,0.0,0.0,0.0,0.0,0.0,0.0,0.0,0.0,0.0,0.0,0.0,0.0,29.32,12312.0,2.33,1.17,1.16,4.38,4.61,4.53,,,BOS,CLE,20210124,2020-21,False,CLE,BOS,,,,,,,,,,,,,,,,,,,,,,,,,,,,,,,,,,,,,,,,,,,,,,,,,,,,,,,,,,,,,,,,,,,,,,,,,,,,,,,,,,,,,,,,,,,,,,,,,,,,,,,,,,,,,,
1630171,Isaac Okoro,Isaac,1610612739,CLE,20.0,1,1,0,1.0,26.98333333333333,4,6,0.667,2,2,1.0,0,0,0.0,0,2,2,0,1,0,1,1,3,0,10,7,14.4,0,0,16.0,1,1,1,1,80,76,107,26,33,99,1,104,109,104,92,98,117,143,61,91,21,128,146,132,94,51,120,15,1,112,,76,128.8,128.8,21.4,113.2,132,52,0.123,143,48,92,103,4.0,15.6,14.3,0.126,92,23,142,48,113.2,0.0,6.0,0.0,0.833,143,0.0,136,108.9,93.39,0.065,94.71,15.6,140,135,168,150,77.83,158,0.833,168,92,93.39,148,23,29,27,130.4,76,0.053,14.3,27,0.0,25,107,0.04,0.0,0.0,0.0,2.0,0.0,0.0,0.0,15.0,12.0,0.0,1.0,1.0,0.5,0.0,0.5,4.0,0.0,0.0,0.25,0.25,2.0,2.0,0.0,0.0,0.0,1.0,19.0,0.0,0.0,0.0,0.0,15.0,2.24,0.526,1.32,0.0,10.0,0.7,0.0,0.5,0.0,2.0,1.0,0.667,0.0,7.4,0.0,1.0,1.0,0.0,0.0,0.5,3.0,0.0,0.5,0.667,7.4,1.0,0.0,0.0,0.5,4.0,0.0,,,,,,,,,,,,,,,0.333,0.5,3.0,1.0,0.0,1.0,3.0,0.0,0.5,,0.0,0.333,0.333,1.0,1.0,0.0,1.0,1.0,0.0,1.0,0.167,0.0,,1.0,1.0,0.167,0.333,1.5,0.333,0.0,0.0,1.0,1.0,,2.0,2.0,0.0,2.0,2.0,0.75,1.0,0.5,1.0,2.0,1.0,3.0,1.0,0.0,0.0,0.0,0.0,3.0,0.0,0.833,0.0,1.0,1.0,1.0,1.0,0.0,0.0,1.0,0.0,0.0,0.0,0.0,1.0,1.0,1.0,0.0,2.0,1.0,0.0,1.0,2.0,0.0,1.0,1.0,1.0,0.0,0.307,F-G,0.694,77.0,0.081,111.0,0.613,0.0,1.0,0.0,3.0,0.0,0.0,0.0,1.0,0.667,1.0,0.0,0.0,1.0,0.0,0.0,0.0,0.0,1.0,0.0,2.0,0.0,0.0,1.0,1.0,0.0,0.0,0.0,CLE,1.0,1.0,1.0,1.0,1.0,1.5,2021,22000491,,1.0,9.0,17.0,0.529,0.42,0.11,0.353,2.0,6.0,0.333,0.324,0.009,0.647,7.0,11.0,0.636,0.51,0.126,0.412,5.0,7.0,0.714,0.602,0.113,0.529,7.0,9.0,0.778,0.564,0.214,0.471,2.0,8.0,0.25,0.317,-0.067,11.0,6.0,5.0,0.0,0.0,0.0,0.0,0.0,0.0,0.0,0.0,0.0,0.0,0.0,0.0,0.0,0.0,0.0,0.0,0.0,0.0,19.0,0.0,0.0,0.0,0.0,0.0,0.0,0.0,0.0,0.0,0.0,0.0,0.0,0.0,0.0,0.0,0.0,0.0,26.98,10081.0,1.91,1.0,0.91,4.05,4.16,3.94,,,CLE,HOU,20210224,2020-21,False,CLE,HOU,,,,,,,,,,,,,,,,,,,,,,,,,,,,,,,,,,,,,,,,,,,,,,,,,,,,,,,,,,,,,,,,,,,,,,,,,,,,,,,,,,,,,,,,,,,,,,,,,,,,,,,,,,,,,,
1630171,Isaac Okoro,Isaac,1610612739,CLE,20.0,1,1,0,1.0,37.335,3,5,0.6,1,3,0.333,3,3,1.0,1,1,2,6,1,2,0,0,4,3,10,1,26.4,0,0,23.0,1,1,1,1,25,111,163,45,87,103,95,37,55,1,53,167,160,22,87,18,85,1,228,40,101,115,92,20,3,98,,116,110.0,110.0,4.9,106.1,139,80,0.077,73,114,109,7,3.0,3.9,7.7,0.084,109,130,202,114,106.1,6.0,5.0,0.194,0.7,15,0.029,130,106.4,104.14,0.032,103.37,3.9,202,129,65,234,86.78,100,0.791,65,110,104.14,232,130,106,32,111.3,111,0.086,7.5,111,46.2,50,163,0.031,0.0,6.0,0.0,5.0,0.3,0.3,16.0,19.0,20.0,0.0,2.0,0.0,0.0,0.0,0.0,3.0,0.0,0.0,0.0,0.667,0.0,0.0,0.333,0.0,1.0,0.0,28.0,0.0,0.0,0.0,0.0,17.0,2.19,0.357,1.32,0.0,10.0,1.0,0.0,0.4,0.0,2.0,1.0,0.333,0.5,12.7,0.0,0.0,0.0,23.0,0.0,0.0,3.0,0.0,0.4,0.333,17.9,2.0,1.0,0.5,0.0,5.0,0.0,,,,,,,,,,,,,,,1.0,0.4,2.0,2.0,0.0,2.0,2.0,0.0,0.4,,0.0,1.0,1.0,,,,,,,,,,,,,,0.6,0.5,0.6,0.0,0.0,0.333,0.333,,1.0,3.0,0.0,1.0,3.0,,,,0.0,0.0,0.0,0.0,0.0,0.0,0.0,0.0,0.0,3.0,0.0,0.7,0.0,0.333,0.5,0.0,0.0,0.0,0.0,3.0,1.0,0.0,0.0,0.0,0.333,0.0,2.0,0.0,2.0,1.0,0.0,1.0,2.0,0.0,0.0,0.0,1.0,0.0,0.273,F-G,0.702,33.0,0.09,47.0,0.612,,1.0,0.0,2.0,0.0,0.0,0.0,0.0,1.0,0.0,0.0,0.0,3.0,0.0,0.0,0.0,0.0,0.333,0.0,2.0,,,0.0,0.0,0.0,0.0,0.0,CLE,1.0,0.333,3.0,1.0,3.0,0.5,2021,22000272,,1.0,7.0,11.0,0.636,0.434,0.202,0.182,2.0,2.0,1.0,0.35,0.65,0.818,5.0,9.0,0.556,0.481,0.075,0.182,2.0,2.0,1.0,0.619,0.381,0.364,4.0,4.0,1.0,0.565,0.436,0.364,2.0,4.0,0.5,0.383,0.117,7.0,6.0,1.0,1.0,0.0,0.0,0.0,0.0,0.0,0.0,0.0,0.0,0.0,0.0,0.0,0.0,0.0,0.0,0.0,0.0,0.0,28.0,0.0,0.0,0.0,0.0,0.0,0.0,0.0,0.0,0.0,0.0,0.0,0.0,0.0,0.0,0.0,0.0,0.0,37.33,14570.0,2.76,1.34,1.42,4.15,4.05,3.96,,,CLE,DET,20210127,2020-21,False,CLE,DET,,,,,,,,,,,,,,,,,,,,,,,,,,,,,,,,,,,,,,,,,,,,,,,,,,,,,,,,,,,,,,,,,,,,,,,,,,,,,,,,,,,,,,,,,,,,,,,,,,,,,,,,,,,,,,
1630171,Isaac Okoro,Isaac,1610612739,CLE,20.0,1,0,1,0.0,39.31,4,12,0.333,4,11,0.364,0,0,0.0,2,3,5,1,1,3,0,0,4,0,12,-11,27.5,0,0,28.0,1,79,79,79,11,55,36,97,5,3,52,83,88,83,16,67,55,88,51,5,49,1,131,116,55,143,51,19,1,45,,116,106.3,106.3,-5.1,121.5,110,80,0.141,119,121,133,55,4.0,-15.3,7.1,0.147,133,96,81,121,121.5,1.0,12.0,0.033,0.5,113,0.05,76,115.9,97.07,0.097,97.39,-15.3,91,73,119,104,80.9,110,0.5,119,48,97.07,103,96,96,86,110.8,55,0.043,7.1,65,7.1,73,36,0.07,1.0,2.0,0.0,3.0,0.036,0.071,3.0,28.0,28.0,0.0,2.0,0.0,0.0,0.0,0.0,3.0,0.0,0.0,0.0,0.667,0.0,1.0,0.0,0.0,0.0,0.0,41.0,0.0,0.0,0.0,0.0,31.0,1.69,0.293,0.98,0.0,12.0,1.2,1.0,0.556,0.0,4.0,2.0,0.6,0.5,8.2,0.0,3.0,1.0,15.4,1.0,0.6,5.0,0.0,0.556,0.6,11.1,2.0,0.0,0.5,0.333,9.0,2.0,,,,,,,,,,,,,,,0.0,0.083,1.0,0.0,0.0,0.0,1.0,0.0,0.083,,0.0,0.0,0.0,,,,,,,,,,,,,,0.917,0.545,0.917,0.0,0.0,0.364,0.364,,4.0,11.0,0.0,4.0,11.0,,,,0.0,0.0,0.0,0.0,0.0,0.0,0.0,0.0,0.0,12.0,0.0,0.5,0.0,0.364,0.333,1.0,0.0,0.0,0.0,9.0,3.0,0.0,0.0,0.333,0.333,0.0,6.0,0.0,0.0,2.0,0.0,3.0,1.0,0.0,2.0,0.5,0.0,1.0,0.291,F-G,0.713,67.0,0.098,94.0,0.614,0.0,3.0,0.0,1.0,0.0,0.0,0.0,2.0,0.0,0.5,0.0,0.0,9.0,0.0,0.0,0.0,0.0,0.333,0.0,0.0,0.0,0.0,0.0,1.0,0.0,0.0,0.0,CLE,4.0,0.364,11.0,4.0,11.0,0.545,2021,22000466,,1.0,10.0,14.0,0.714,0.428,0.286,0.357,2.0,5.0,0.4,0.347,0.053,0.643,8.0,9.0,0.889,0.495,0.394,0.357,4.0,5.0,0.8,0.548,0.252,0.571,7.0,8.0,0.875,0.539,0.337,0.357,2.0,5.0,0.4,0.355,0.045,5.0,3.0,2.0,4.0,0.0,2.0,4.0,1.0,0.0,1.0,1.0,0.0,1.0,1.0,2.0,2.0,1.0,0.5,0.5,1.0,0.5,41.0,0.0,0.0,0.0,0.0,0.0,0.0,0.0,0.0,0.0,0.0,0.0,0.0,0.0,0.0,0.0,0.0,0.0,39.32,15158.0,2.87,1.39,1.48,4.18,4.43,3.98,,,CLE,OKC,20210221,2020-21,False,CLE,OKC,,,,,,,,,,,,,,,,,,,,,,,,,,,,,,,,,,,,,,,,,,,,,,,,,,,,,,,,,,,,,,,,,,,,,,,,,,,,,,,,,,,,,,,,,,,,,,,,,,,,,,,,,,,,,,
1630171,Isaac Okoro,Isaac,1610612739,CLE,20.0,1,0,1,0.0,29.211666666666662,0,5,0.0,0,3,0.0,2,2,1.0,0,5,5,1,2,0,0,0,2,3,2,-20,7.5,0,0,8.0,1,110,110,110,84,195,144,195,131,98,131,56,70,1,115,42,69,108,37,100,69,1,96,36,178,208,185,23,1,183,,159,90.0,90.0,-33.6,121.3,201,60,0.123,160,205,149,100,0.0,-31.3,22.2,0.121,149,198,108,205,121.3,0.5,5.0,0.045,0.0,132,0.0,198,121.9,99.41,0.172,100.14,-31.3,64,197,136,164,82.84,129,0.17,136,115,99.41,169,198,205,201,88.3,195,-0.009,22.5,198,11.1,195,144,0.083,1.0,2.0,0.0,8.0,0.04,0.08,3.0,24.0,25.0,0.0,4.0,0.0,0.0,0.0,0.0,7.0,0.0,0.0,0.0,0.571,0.0,2.0,0.143,0.0,1.0,0.0,36.0,0.0,0.0,0.0,0.0,24.0,2.49,0.056,1.97,0.0,2.0,1.5,0.0,0.625,0.0,2.0,3.0,0.714,0.0,10.6,0.0,2.0,2.0,0.0,0.0,0.4,7.0,0.0,0.625,0.714,10.6,3.0,0.0,0.0,0.4,8.0,0.0,,,,,,,,,,,,,,,,,,,,,,,,,,,,0.0,4.0,2.0,0.0,0.0,0.0,2.0,0.8,0.4,0.0,0.0,0.0,0.4,0.2,0.0,0.2,0.0,0.0,0.0,0.0,,0.0,1.0,0.0,0.0,1.0,0.0,0.0,0.0,0.0,2.0,0.0,0.0,1.0,0.0,0.0,0.0,0.0,0.0,0.0,0.0,0.0,0.0,0.0,0.0,1.0,0.0,0.0,1.0,1.0,0.0,0.0,0.0,0.0,0.0,0.0,0.0,0.0,0.0,0.0,0.0,1.0,0.0,2.0,0.0,0.0,0.0,0.278,F-G,0.677,44.0,0.065,65.0,0.611,0.0,0.0,0.0,1.0,0.0,,0.0,1.0,0.0,0.0,0.0,0.0,2.0,0.0,0.0,0.0,0.0,0.0,0.0,0.0,0.0,0.0,1.0,0.0,,,0.0,CLE,0.0,0.0,2.0,0.0,2.0,0.0,2021,22000357,,1.0,8.0,12.0,0.667,0.438,0.228,0.25,2.0,3.0,0.667,0.375,0.292,0.75,6.0,9.0,0.667,0.488,0.178,0.083,1.0,1.0,1.0,0.708,0.292,0.333,4.0,4.0,1.0,0.597,0.403,0.5,3.0,6.0,0.5,0.397,0.103,5.0,4.0,1.0,1.0,0.0,0.0,0.0,0.0,1.0,1.0,0.0,1.0,0.0,1.0,1.0,1.0,0.0,0.0,1.0,1.0,0.0,36.0,0.0,0.0,0.0,0.0,0.0,0.0,0.0,0.0,0.0,0.0,0.0,0.0,0.0,0.0,0.0,0.0,0.0,29.22,11726.0,2.22,1.16,1.06,4.28,4.61,4.33,,,CLE,MIL,20210206,2020-21,False,CLE,MIL,,,,,,,,,,,,,,,,,,,,,,,,,,,,,,,,,,,,,,,,,,,,,,,,,,,,,,,,,,,,,,,,,,,,,,,,,,,,,,,,,,,,,,,,,,,,,,,,,,,,,,,,,,,,,,
1630171,Isaac Okoro,Isaac,1610612739,CLE,20.0,1,0,1,0.0,24.67833333333333,3,8,0.375,0,4,0.0,0,0,0.0,2,3,5,1,0,0,0,0,3,1,6,-21,13.5,0,0,12.0,1,106,106,106,79,90,77,127,108,59,108,97,103,97,20,70,49,110,127,99,60,1,144,86,118,190,123,9,2,124,,146,71.7,71.7,-52.6,117.4,131,46,0.145,97,190,131,107,3.0,-45.7,0.0,0.148,131,194,82,190,117.4,0.0,8.0,0.125,0.375,131,0.065,1,124.4,89.47,0.143,86.86,-45.7,88,1,193,134,74.56,202,0.375,193,45,89.47,135,194,193,152,71.9,90,0.049,0.0,195,11.1,140,77,0.096,0.0,1.0,0.0,3.0,0.043,0.043,2.0,21.0,23.0,0.0,2.0,0.0,0.667,0.0,0.8,5.0,0.0,0.0,0.0,0.4,4.0,3.0,0.0,0.0,0.0,2.0,32.0,0.667,0.0,0.0,1.0,27.0,2.09,0.188,1.06,0.0,6.0,1.1,3.0,0.833,1.0,2.0,2.0,0.75,1.0,12.7,0.0,3.0,1.0,6.1,1.0,0.6,4.0,1.0,1.0,1.0,10.0,2.0,0.0,1.0,0.333,6.0,2.0,,,,,,,,,,,,,,,0.75,0.5,4.0,3.0,0.0,3.0,4.0,0.0,0.5,,0.0,0.75,0.75,,,,,,,,,,,,,,0.5,0.0,0.5,0.0,0.0,0.0,0.0,,0.0,4.0,0.0,0.0,4.0,,,,0.0,0.0,0.0,0.0,0.0,0.0,1.0,0.0,0.0,0.0,2.0,0.375,0.0,0.0,0.0,0.0,1.0,0.0,,3.0,0.0,,,0.0,0.0,0.0,3.0,0.0,3.0,0.0,0.0,0.0,3.0,0.0,1.0,0.0,1.0,0.0,0.321,F-G,0.73,100.0,0.118,137.0,0.611,0.0,0.0,0.0,3.0,,,0.0,1.0,1.0,0.0,1.0,0.0,3.0,0.0,0.0,,,0.0,0.0,3.0,0.0,0.0,0.0,0.0,,,0.0,CLE,0.0,0.0,4.0,0.0,4.0,0.0,2021,22000597,,1.0,5.0,8.0,0.625,0.458,0.167,0.375,1.0,3.0,0.333,0.358,-0.025,0.625,4.0,5.0,0.8,0.532,0.268,0.375,3.0,3.0,1.0,0.605,0.395,0.5,3.0,4.0,0.75,0.588,0.162,0.375,1.0,3.0,0.333,0.381,-0.047,3.0,2.0,1.0,0.0,0.0,0.0,0.0,0.0,0.0,0.0,0.0,0.0,0.0,2.0,2.0,1.0,0.0,0.0,1.0,1.0,0.0,32.0,0.0,0.0,0.0,0.0,0.0,0.0,0.0,0.0,0.0,0.0,0.0,0.0,0.0,0.0,0.0,0.0,0.0,24.68,9244.0,1.75,0.88,0.87,4.11,3.96,4.26,,,ATL,CLE,20210314,2020-21,False,CLE,ATL,,,,,,,,,,,,,,,,,,,,,,,,,,,,,,,,,,,,,,,,,,,,,,,,,,,,,,,,,,,,,,,,,,,,,,,,,,,,,,,,,,,,,,,,,,,,,,,,,,,,,,,,,,,,,,
1630171,Isaac Okoro,Isaac,1610612739,CLE,20.0,1,0,1,0.0,31.383333333333333,5,7,0.714,2,4,0.5,1,1,1.0,0,1,1,1,0,1,0,0,1,1,13,-6,18.7,0,0,19.0,1,68,68,68,30,39,64,16,27,44,20,39,51,1,62,98,106,65,90,31,35,1,36,54,44,93,67,12,2,63,,89,101.6,101.6,-10.0,115.0,63,62,0.101,89,92,86,69,5.0,-13.4,0.0,0.112,86,80,115,92,115.0,0.0,7.0,0.05,0.857,67,0.0,1,114.6,93.3,0.034,92.07,-13.4,110,1,115,111,77.75,113,0.874,115,62,93.3,108,80,81,16,104.7,39,0.094,0.0,72,12.5,16,64,0.017,0.0,2.0,1.0,1.0,0.05,0.1,2.0,21.0,20.0,0.0,1.0,0.0,0.0,0.0,0.0,2.0,0.0,0.0,0.0,0.5,0.0,0.0,0.5,0.0,1.0,0.0,28.0,2.0,0.0,0.0,0.0,25.0,1.84,0.464,0.96,0.0,13.0,0.9,1.0,0.5,0.0,0.0,1.0,0.5,0.0,7.6,0.0,0.0,0.0,0.0,0.0,0.0,2.0,0.0,0.5,0.5,7.6,1.0,0.0,0.0,0.0,2.0,0.0,1.0,0.143,1.0,1.0,1.0,0.0,1.0,1.0,0.0,,1.0,0.143,1.0,0.0,,,,,,,,,,,,,,,,,,,,,,,,,,,0.857,0.833,0.571,2.0,2.0,0.5,0.667,1.0,2.0,4.0,0.286,4.0,6.0,,,,0.0,0.0,0.0,0.0,0.0,0.0,1.0,0.0,0.0,6.0,2.0,0.857,0.0,0.5,1.0,0.0,0.0,0.0,0.0,2.0,0.0,0.0,0.0,0.0,1.0,0.0,2.0,0.0,3.0,2.0,0.0,2.0,3.0,0.0,2.0,0.0,1.0,0.0,0.35,F-G,0.651,149.0,0.034,229.0,0.617,0.0,2.0,0.0,3.0,0.0,,0.0,1.0,1.0,0.0,0.0,0.0,3.0,0.0,0.0,0.0,0.0,0.667,0.0,3.0,0.0,0.0,0.0,0.0,,,0.0,CLE,2.0,0.5,4.0,2.0,4.0,0.75,2021,22000857,,1.0,2.0,6.0,0.333,0.427,-0.093,0.667,1.0,4.0,0.25,0.37,-0.12,0.333,1.0,2.0,0.5,0.473,0.027,,,,,,,0.167,1.0,1.0,1.0,0.512,0.488,0.667,1.0,4.0,0.25,0.381,-0.131,7.0,3.0,4.0,3.0,0.0,0.0,0.0,0.0,0.0,0.0,0.0,0.0,0.0,0.0,0.0,0.0,0.0,0.0,0.0,0.0,0.0,28.0,0.0,0.0,0.0,0.0,0.0,0.0,0.0,0.0,0.0,0.0,0.0,0.0,0.0,0.0,0.0,0.0,0.0,31.38,12260.0,2.32,1.18,1.14,4.21,4.45,3.98,,,CHI,CLE,20210417,2020-21,False,CLE,CHI,,,,,,,,,,,,,,,,,,,,,,,,,,,,,,,,,,,,,,,,,,,,,,,,,,,,,,,,,,,,,,,,,,,,,,,,,,,,,,,,,,,,,,,,,,,,,,,,,,,,,,,,,,,,,,
1630171,Isaac Okoro,Isaac,1610612739,CLE,20.0,1,1,0,1.0,32.53333333333333,2,4,0.5,0,0,0.0,0,0,0.0,0,1,1,1,3,1,1,0,1,0,4,14,9.7,0,0,10.0,1,1,1,1,34,111,146,61,113,156,113,96,104,96,91,142,151,99,17,33,26,1,46,133,143,22,154,17,1,146,,22,112.3,112.3,20.2,92.2,167,65,0.091,141,37,26,95,2.0,20.1,37.5,0.094,26,72,173,37,92.2,0.33,4.0,0.045,0.5,106,0.0,187,89.7,95.16,0.022,97.52,20.1,170,187,173,170,79.3,163,0.5,173,91,95.16,170,72,35,106,109.9,111,0.014,37.5,76,12.5,84,146,0.014,1.0,2.0,0.0,5.0,0.059,0.118,4.0,12.0,17.0,0.0,2.0,0.0,0.0,0.0,0.0,3.0,0.0,0.0,0.0,0.667,0.0,1.0,0.0,0.0,0.0,0.0,23.0,0.0,0.0,0.0,0.0,18.0,1.77,0.174,0.7,0.0,4.0,0.7,1.0,0.25,0.0,1.0,1.0,0.333,0.0,12.5,0.0,0.0,0.0,0.0,0.0,0.0,3.0,0.0,0.25,0.333,12.5,1.0,0.0,0.0,0.0,4.0,0.0,0.0,0.25,0.0,0.0,1.0,0.0,1.0,0.0,0.0,,1.0,0.25,0.0,0.0,0.667,0.75,3.0,2.0,0.0,2.0,3.0,0.0,0.75,,0.0,0.667,0.667,,,,,,,,,,,,,,,,,,,,,,,,,,,,,,,0.0,0.0,0.0,,0.0,0.0,0.0,0.0,0.0,0.0,0.5,0.0,0.0,0.0,0.0,2.0,1.0,0.0,0.0,0.0,0.0,0.0,0.0,0.0,0.0,0.0,0.0,1.0,0.0,0.0,0.0,2.0,0.5,0.0,0.0,0.5,0.0,0.281,F-G,0.702,40.0,0.093,57.0,0.609,0.0,0.0,0.0,4.0,0.0,0.0,0.0,0.0,0.5,0.0,0.0,0.0,0.0,0.0,0.0,0.0,0.0,0.0,0.0,2.0,0.0,0.0,0.0,0.0,0.0,0.0,0.0,CLE,0.0,,,,0.0,,2021,22000312,,1.0,7.0,12.0,0.583,0.444,0.139,0.333,1.0,4.0,0.25,0.382,-0.132,0.667,6.0,8.0,0.75,0.499,0.251,0.5,4.0,6.0,0.667,0.597,0.07,0.5,4.0,6.0,0.667,0.546,0.121,0.333,1.0,4.0,0.25,0.387,-0.137,5.0,3.0,2.0,0.0,0.0,0.0,0.0,0.0,0.0,0.0,0.0,0.0,0.0,2.0,2.0,1.0,0.0,0.0,1.0,1.0,0.0,23.0,0.0,0.0,0.0,0.0,0.0,0.0,0.0,0.0,0.0,0.0,0.0,0.0,0.0,0.0,0.0,0.0,0.0,32.53,12831.0,2.43,1.15,1.28,4.14,4.05,4.21,,,CLE,MIN,20210201,2020-21,False,CLE,MIN,,,,,,,,,,,,,,,,,,,,,,,,,,,,,,,,,,,,,,,,,,,,,,,,,,,,,,,,,,,,,,,,,,,,,,,,,,,,,,,,,,,,,,,,,,,,,,,,,,,,,,,,,,,,,,
1630171,Isaac Okoro,Isaac,1610612739,CLE,20.0,1,0,1,0.0,32.41833333333334,1,4,0.25,0,1,0.0,3,4,0.75,1,2,3,2,2,0,0,0,4,2,5,2,9.6,0,0,10.0,1,111,111,111,41,156,149,172,122,130,122,40,35,66,50,118,108,77,36,103,63,1,196,65,143,84,166,13,2,162,,51,98.4,98.4,1.4,90.6,203,61,0.118,116,82,41,72,1.0,7.7,20.0,0.116,41,157,149,82,90.6,1.0,4.0,0.1,0.25,72,0.033,193,96.7,92.54,0.067,89.67,7.7,155,187,216,173,77.12,216,0.434,216,91,92.54,179,157,108,147,98.1,156,-0.005,20.5,157,20.0,176,149,0.05,2.0,4.0,0.0,5.0,0.095,0.19,9.0,22.0,21.0,0.0,2.0,1.0,1.0,0.0,0.5,4.0,0.0,0.0,0.25,0.5,2.0,1.0,0.0,0.0,0.0,1.0,29.0,0.0,0.0,0.0,0.0,25.0,2.09,0.172,1.41,0.0,5.0,1.0,1.0,0.333,1.0,5.0,1.0,0.5,0.2,16.4,0.0,1.0,1.0,25.0,0.0,0.333,4.0,1.0,0.375,0.667,19.3,2.0,1.0,0.2,0.5,9.0,0.0,,,,,,,,,,,,,,,0.0,0.5,2.0,0.0,0.0,0.0,2.0,0.0,0.5,,0.0,0.0,0.0,,,,,,,,,,,,,,0.5,0.5,0.25,1.0,1.0,0.0,0.5,1.0,0.0,1.0,0.25,1.0,2.0,,,,0.0,0.0,0.0,0.0,0.0,0.0,0.0,0.0,0.0,0.0,0.0,0.25,0.0,0.0,0.0,0.0,0.0,0.0,0.0,1.0,0.0,0.0,0.0,0.0,0.0,0.0,1.0,0.0,1.0,0.0,0.0,0.0,3.0,0.0,0.0,0.0,0.333,0.0,0.268,F-G,0.708,34.0,0.098,48.0,0.61,,0.0,0.0,3.0,0.0,,0.0,0.0,0.333,0.0,0.0,0.0,1.0,0.0,0.0,0.0,0.0,0.0,0.0,1.0,,,0.0,0.0,,,0.0,CLE,0.0,0.0,1.0,0.0,1.0,0.0,2021,22000291,,1.0,3.0,7.0,0.429,0.42,0.009,0.286,1.0,2.0,0.5,0.4,0.101,0.714,2.0,5.0,0.4,0.44,-0.04,0.143,1.0,1.0,1.0,0.516,0.484,0.429,2.0,3.0,0.667,0.505,0.161,0.286,1.0,2.0,0.5,0.395,0.105,2.0,2.0,0.0,0.0,0.0,0.0,0.0,0.0,0.0,0.0,0.0,0.0,0.0,0.0,0.0,0.0,0.0,0.0,0.0,0.0,0.0,29.0,0.0,0.0,0.0,0.0,0.0,0.0,0.0,0.0,0.0,0.0,0.0,0.0,0.0,0.0,0.0,0.0,0.0,32.42,12010.0,2.27,1.03,1.24,4.02,3.95,3.77,,,NYK,CLE,20210129,2020-21,False,CLE,NYK,,,,,,,,,,,,,,,,,,,,,,,,,,,,,,,,,,,,,,,,,,,,,,,,,,,,,,,,,,,,,,,,,,,,,,,,,,,,,,,,,,,,,,,,,,,,,,,,,,,,,,,,,,,,,,
1630171,Isaac Okoro,Isaac,1610612739,CLE,20.0,1,0,1,0.0,27.466666666666665,3,7,0.429,0,2,0.0,4,6,0.667,1,1,2,2,1,0,0,2,5,3,10,-5,14.4,0,0,14.0,1,73,73,73,66,72,77,75,79,80,79,17,14,64,37,100,93,49,44,68,50,139,139,28,66,100,97,16,1,94,,73,111.1,111.1,-1.4,114.0,122,54,0.186,75,81,77,26,3.0,-2.9,7.7,0.181,77,78,115,81,114.0,2.0,7.0,0.1,0.429,63,0.042,88,112.8,96.99,0.034,97.37,-2.9,124,85,122,72,80.83,121,0.519,122,43,96.99,79,78,76,80,111.4,72,0.013,7.9,72,15.4,95,77,0.038,0.0,3.0,1.0,3.0,0.118,0.176,6.0,21.0,17.0,2.0,1.0,0.0,0.667,0.2,1.0,5.0,1.0,1.0,0.0,0.2,5.0,3.0,0.2,0.5,1.0,2.0,28.0,0.0,0.0,1.0,1.0,25.0,2.44,0.357,0.82,0.0,10.0,1.1,1.0,0.333,1.0,2.0,1.0,0.25,0.5,19.3,0.0,0.0,0.0,19.3,0.0,0.0,4.0,1.0,0.4,0.333,19.3,2.0,1.0,0.5,0.0,6.0,0.0,1.0,0.286,0.5,0.5,2.0,0.0,1.0,1.0,0.0,,2.0,0.286,0.5,0.0,0.667,0.429,3.0,2.0,0.0,2.0,3.0,0.0,0.429,,0.0,0.667,0.667,,1.0,1.0,0.0,0.0,0.0,0.0,0.143,0.143,0.0,0.0,0.0,0.0,0.143,0.0,0.143,0.0,0.0,0.0,0.0,,0.0,1.0,0.0,0.0,1.0,,,,0.0,0.0,0.0,0.0,0.0,0.0,0.0,0.0,1.0,0.0,0.0,0.429,0.0,0.0,0.0,0.0,2.0,1.0,0.0,1.0,1.0,0.0,0.0,0.0,0.0,0.0,0.0,0.0,2.0,0.0,0.0,0.0,3.0,0.5,1.0,0.0,0.667,0.0,0.345,F-G,0.658,158.0,0.041,240.0,0.617,0.0,0.0,0.0,4.0,0.0,,0.0,1.0,0.75,0.0,1.0,0.0,1.0,0.0,0.0,0.0,0.0,0.0,0.0,3.0,0.0,0.0,0.0,0.0,,,0.0,CLE,0.0,0.0,2.0,0.0,2.0,0.0,2021,22000197,,1.0,8.0,17.0,0.471,0.444,0.027,0.412,4.0,7.0,0.571,0.349,0.222,0.588,4.0,10.0,0.4,0.496,-0.096,0.059,0.0,1.0,0.0,0.606,-0.606,0.235,0.0,4.0,0.0,0.553,-0.553,0.647,7.0,11.0,0.636,0.367,0.27,10.0,8.0,2.0,1.0,0.0,0.0,0.0,0.0,0.0,0.0,0.0,0.0,0.0,2.0,2.0,2.0,0.0,0.0,1.0,1.0,0.0,28.0,0.0,0.0,0.0,0.0,0.0,0.0,0.0,0.0,0.0,0.0,0.0,0.0,0.0,0.0,0.0,0.0,0.0,27.47,10688.0,2.02,1.05,0.98,4.12,4.08,4.17,,,WAS,CLE,20210425,2020-21,False,CLE,WAS,,,,,,,,,,,,,,,,,,,,,,,,,,,,,,,,,,,,,,,,,,,,,,,,,,,,,,,,,,,,,,,,,,,,,,,,,,,,,,,,,,,,,,,,,,,,,,,,,,,,,,,,,,,,,,
1630171,Isaac Okoro,Isaac,1610612739,CLE,20.0,1,0,1,0.0,42.53333333333333,8,20,0.4,3,8,0.375,3,4,0.75,2,8,10,4,1,1,0,2,4,3,22,-10,42.0,1,0,41.0,1,66,66,66,1,19,8,81,11,11,46,25,26,44,23,8,9,27,34,21,43,112,114,25,17,106,20,1,2,14,,63,103.5,103.5,-18.3,111.2,57,86,0.223,34,74,48,11,8.0,-7.7,3.7,0.221,48,96,45,74,111.2,4.0,20.0,0.19,0.475,65,0.038,50,115.1,98.75,0.2,100.46,-7.7,31,50,109,39,82.29,105,0.506,109,46,98.75,43,96,95,82,96.7,19,0.101,3.7,106,14.8,80,8,0.108,2.0,6.0,0.0,8.0,0.083,0.125,12.0,49.0,48.0,0.0,6.0,0.0,0.222,0.0,0.267,15.0,0.0,0.0,0.0,0.4,4.0,9.0,0.067,0.0,1.0,2.0,74.0,1.0,0.0,0.667,3.0,46.0,3.95,0.297,3.26,0.0,22.0,4.9,4.0,0.667,0.0,5.0,7.0,0.8,0.4,8.0,0.0,2.0,1.0,9.7,0.5,0.2,10.0,0.0,0.667,0.8,8.3,8.0,1.0,0.4,0.125,15.0,1.0,2.0,0.2,0.5,0.5,4.0,0.0,1.0,2.0,0.0,,4.0,0.2,0.5,0.0,0.429,0.35,7.0,3.0,0.0,3.0,7.0,0.0,0.35,,0.0,0.429,0.429,0.0,4.0,3.0,0.0,0.375,1.0,1.0,0.2,0.15,0.333,0.25,1.0,0.05,0.25,0.6,0.25,0.0,0.0,0.4,0.4,,2.0,5.0,0.0,2.0,5.0,0.375,0.333,0.25,1.0,4.0,1.0,3.0,3.0,0.0,0.5,0.5,2.0,6.0,4.0,0.475,0.0,0.4,0.0,2.0,3.0,0.0,0.0,3.0,2.0,0.0,0.0,0.5,0.333,1.0,1.0,0.0,5.0,0.0,0.0,1.0,8.0,0.0,5.0,0.4,0.625,1.0,0.354,F-G,0.658,192.0,0.041,292.0,0.616,0.0,1.0,0.0,8.0,0.0,0.0,0.0,5.0,0.625,0.4,3.0,0.0,3.0,0.0,0.0,0.0,0.0,0.333,0.0,5.0,0.0,0.0,1.0,2.0,0.0,0.0,0.0,CLE,2.0,0.4,5.0,2.0,5.0,0.6,2021,22001027,,1.0,6.0,17.0,0.353,0.455,-0.102,0.235,1.0,4.0,0.25,0.338,-0.088,0.765,5.0,13.0,0.385,0.506,-0.121,0.412,2.0,7.0,0.286,0.582,-0.296,0.471,3.0,8.0,0.375,0.546,-0.171,0.294,1.0,5.0,0.2,0.336,-0.136,12.0,10.0,2.0,1.0,0.0,0.0,0.0,0.0,0.0,0.0,0.0,0.0,0.0,0.0,0.0,0.0,0.0,0.0,0.0,0.0,0.0,74.0,0.0,0.0,0.0,0.0,0.0,0.0,0.0,0.0,0.0,0.0,0.0,0.0,0.0,0.0,0.0,0.0,0.0,42.53,16918.0,3.2,1.74,1.46,4.18,4.12,4.27,,,CLE,IND,20210510,2020-21,False,CLE,IND,,,,,,,,,,,,,,,,,,,,,,,,,,,,,,,,,,,,,,,,,,,,,,,,,,,,,,,,,,,,,,,,,,,,,,,,,,,,,,,,,,,,,,,,,,,,,,,,,,,,,,,,,,,,,,
1630171,Isaac Okoro,Isaac,1610612739,CLE,20.0,1,1,0,1.0,37.05,3,6,0.5,1,2,0.5,1,1,1.0,1,4,5,3,1,0,3,1,3,1,8,-6,26.5,0,0,23.0,1,1,1,1,17,92,100,58,73,104,37,77,89,1,41,52,55,48,55,84,4,102,131,72,96,118,64,17,2,75,,92,112.2,112.2,-0.4,120.3,117,74,0.085,93,109,116,22,3.0,-8.1,10.0,0.092,116,90,113,109,120.3,3.0,6.0,0.111,0.583,28,0.033,105,113.4,95.87,0.087,98.44,-8.1,127,105,138,160,79.89,116,0.621,138,76,95.87,154,90,88,70,113.0,92,0.067,9.6,80,30.0,73,100,0.066,0.0,3.0,0.0,5.0,0.086,0.086,8.0,30.0,35.0,0.0,4.0,0.0,0.667,0.0,0.714,7.0,0.0,0.0,0.0,0.571,5.0,3.0,0.286,0.0,2.0,2.0,45.0,0.0,0.0,0.0,2.0,33.0,2.1,0.178,1.0,0.0,8.0,1.6,3.0,0.5,0.0,4.0,3.0,0.571,0.25,6.7,0.0,2.0,1.0,2.0,1.0,0.4,7.0,0.0,0.5,0.571,5.7,3.0,0.0,0.25,0.25,10.0,1.0,1.0,0.167,1.0,1.0,1.0,0.0,1.0,1.0,0.0,,1.0,0.167,1.0,0.0,0.333,0.5,3.0,1.0,0.0,1.0,3.0,0.0,0.5,,0.0,0.333,0.333,,1.0,1.0,0.0,0.0,0.0,0.0,0.167,0.167,0.0,0.0,0.0,0.0,0.167,1.5,0.167,0.0,0.0,1.0,1.0,,1.0,1.0,0.0,1.0,1.0,,,,0.0,0.0,0.0,0.0,0.0,0.0,0.0,0.0,0.0,3.0,0.0,0.583,0.0,0.5,1.0,0.0,2.0,1.0,0.0,1.0,0.0,0.0,0.0,0.0,1.0,0.0,1.0,0.0,1.0,1.0,0.0,1.0,2.0,0.5,1.0,0.0,0.5,0.0,0.301,F-G,0.692,72.0,0.079,104.0,0.613,0.0,1.0,1.0,2.0,0.0,0.0,0.5,1.0,0.5,0.0,2.0,0.0,1.0,0.0,0.0,0.0,0.0,1.0,0.0,1.0,0.0,0.0,0.0,0.0,0.0,0.0,0.0,CLE,1.0,0.5,2.0,1.0,2.0,0.75,2021,22000480,,1.0,5.0,22.0,0.227,0.465,-0.238,0.227,0.0,5.0,0.0,0.345,-0.345,0.773,5.0,17.0,0.294,0.52,-0.226,0.455,5.0,10.0,0.5,0.604,-0.104,0.636,5.0,14.0,0.357,0.552,-0.195,0.273,0.0,6.0,0.0,0.372,-0.372,10.0,7.0,3.0,2.0,0.0,1.0,2.0,1.0,0.0,1.0,1.0,0.0,0.0,1.0,1.0,1.0,0.0,0.0,1.0,1.0,0.0,45.0,0.0,0.0,0.0,0.0,0.0,0.0,0.0,0.0,0.0,0.0,0.0,0.0,0.0,0.0,0.0,0.0,0.0,37.05,15046.0,2.85,1.46,1.39,4.23,4.42,4.34,,,CLE,ATL,20210223,2020-21,False,CLE,ATL,,,,,,,,,,,,,,,,,,,,,,,,,,,,,,,,,,,,,,,,,,,,,,,,,,,,,,,,,,,,,,,,,,,,,,,,,,,,,,,,,,,,,,,,,,,,,,,,,,,,,,,,,,,,,,
1630171,Isaac Okoro,Isaac,1610612739,CLE,20.0,1,0,1,0.0,39.98333333333333,5,11,0.455,2,3,0.667,0,0,0.0,1,1,2,1,4,3,0,2,2,0,12,-13,20.9,0,0,23.0,1,79,79,79,2,40,40,70,25,60,10,76,84,76,36,112,102,82,3,2,55,128,71,104,51,123,72,12,2,58,,68,90.1,90.1,-17.7,106.2,113,81,0.165,115,106,64,82,5.0,-16.0,25.0,0.165,64,121,128,106,106.2,0.25,11.0,0.04,0.545,111,0.024,139,107.0,97.24,0.029,97.29,-16.0,125,139,84,86,81.03,97,0.545,84,73,97.24,89,121,109,70,89.3,40,0.038,25.0,121,6.3,58,40,0.026,0.0,3.0,2.0,6.0,0.026,0.079,3.0,42.0,38.0,0.0,3.0,1.0,0.667,0.0,0.571,7.0,0.0,0.0,0.143,0.429,4.0,3.0,0.0,0.0,0.0,2.0,54.0,0.0,0.0,0.0,0.0,42.0,2.51,0.222,1.81,0.0,12.0,2.3,3.0,0.667,0.0,2.0,1.0,0.5,0.5,17.1,0.0,0.0,0.0,7.4,0.0,0.0,2.0,0.0,0.667,0.5,12.3,2.0,1.0,0.5,0.0,3.0,0.0,1.0,0.091,1.0,1.0,1.0,0.0,1.0,1.0,0.0,,1.0,0.091,1.0,0.0,0.286,0.636,7.0,2.0,0.0,2.0,7.0,0.0,0.636,,0.0,0.286,0.286,,,,,,,,,,,,,,0.273,1.0,0.273,0.0,0.0,0.667,0.667,,2.0,3.0,0.0,2.0,3.0,0.75,1.0,0.5,1.0,2.0,1.0,3.0,1.0,0.0,0.0,0.0,0.0,3.0,0.0,0.545,0.0,0.5,1.0,1.0,1.0,0.0,0.0,1.0,0.0,0.0,0.0,0.0,1.0,0.0,1.0,0.0,3.0,1.0,0.0,1.0,7.0,0.0,2.0,0.5,0.429,0.0,0.222,F-G,0.556,10.0,-0.036,18.0,0.591,0.0,1.0,0.0,7.0,0.0,,0.0,2.0,0.429,0.5,0.0,0.0,1.0,0.0,0.0,0.0,0.0,1.0,0.0,3.0,0.0,0.0,1.0,1.0,,,0.0,CLE,1.0,0.5,2.0,1.0,2.0,0.75,2021,22000150,,1.0,5.0,16.0,0.313,0.441,-0.129,0.5,1.0,8.0,0.125,0.372,-0.247,0.5,4.0,8.0,0.5,0.502,-0.002,0.188,0.0,3.0,0.0,0.566,-0.566,0.313,2.0,5.0,0.4,0.536,-0.136,0.563,1.0,9.0,0.111,0.383,-0.272,12.0,6.0,6.0,2.0,0.0,0.0,0.0,0.0,3.0,3.0,0.0,1.0,0.0,1.0,1.0,1.0,0.0,0.0,1.0,1.0,0.0,54.0,0.0,0.0,0.0,0.0,0.0,0.0,0.0,0.0,0.0,0.0,0.0,0.0,0.0,0.0,0.0,0.0,0.0,39.98,16242.0,3.08,1.69,1.38,4.34,4.47,4.2,,,CLE,MEM,20210111,2020-21,False,CLE,MEM,,,,,,,,,,,,,,,,,,,,,,,,,,,,,,,,,,,,,,,,,,,,,,,,,,,,,,,,,,,,,,,,,,,,,,,,,,,,,,,,,,,,,,,,,,,,,,,,,,,,,,,,,,,,,,
1630171,Isaac Okoro,Isaac,1610612739,CLE,20.0,1,0,1,0.0,34.21666666666667,5,10,0.5,3,6,0.5,1,2,0.5,1,2,3,2,5,1,1,0,3,1,14,-8,21.6,0,0,26.0,1,100,100,100,27,49,56,64,16,31,30,71,48,78,46,106,91,67,4,32,22,1,145,80,51,140,84,16,3,52,,144,110.1,110.1,-11.3,121.7,134,69,0.205,107,125,148,94,5.0,-11.6,27.8,0.205,148,77,127,125,121.7,0.4,10.0,0.087,0.65,109,0.032,175,120.5,96.79,0.074,97.72,-11.6,133,175,140,67,80.66,131,0.643,140,72,96.79,74,77,128,57,109.2,49,0.042,28.0,85,11.1,55,56,0.052,0.0,2.0,0.0,4.0,0.061,0.061,5.0,30.0,33.0,0.0,1.0,1.0,0.0,0.0,0.0,3.0,0.0,0.0,0.333,0.333,0.0,1.0,0.0,0.0,0.0,0.0,49.0,1.333,0.0,0.0,0.0,32.0,1.6,0.286,0.8,0.0,14.0,1.3,3.0,0.375,1.0,3.0,1.0,0.4,0.5,4.7,1.0,1.0,1.0,20.1,0.0,0.333,5.0,0.0,0.429,0.4,9.8,2.0,1.0,0.333,0.5,8.0,0.0,1.0,0.1,1.0,1.0,1.0,0.0,1.0,1.0,0.0,,1.0,0.1,1.0,0.0,0.333,0.3,3.0,1.0,0.0,1.0,3.0,0.0,0.3,,0.0,0.333,0.333,,1.0,1.0,0.0,1.5,1.0,0.0,0.1,0.1,1.0,1.0,1.0,0.0,0.5,0.6,0.5,0.0,0.0,0.4,0.4,,2.0,5.0,0.0,2.0,5.0,1.5,1.0,1.0,1.0,1.0,1.0,3.0,1.0,0.0,1.0,0.0,0.0,6.0,4.0,0.65,0.0,0.4,0.5,2.0,0.0,0.0,0.0,4.0,2.0,0.0,0.0,0.0,0.25,0.0,2.0,0.0,2.0,1.0,0.0,1.0,4.0,0.0,2.0,1.0,0.5,0.0,0.288,F-G,0.708,63.0,0.09,89.0,0.618,0.0,2.0,0.0,4.0,0.0,,0.0,1.0,0.5,1.0,0.0,0.0,5.0,0.0,0.0,0.0,0.0,0.4,0.0,2.0,0.0,0.0,0.0,1.0,,,0.0,CLE,2.0,0.4,5.0,2.0,5.0,0.6,2021,22000563,,1.0,10.0,13.0,0.769,0.488,0.281,0.308,2.0,4.0,0.5,0.415,0.085,0.692,8.0,9.0,0.889,0.537,0.352,0.308,4.0,4.0,1.0,0.658,0.342,0.538,6.0,7.0,0.857,0.624,0.233,0.462,4.0,6.0,0.667,0.416,0.25,11.0,8.0,3.0,2.0,0.0,0.0,0.0,0.0,1.0,1.0,0.0,1.0,1.0,1.0,2.0,2.0,0.0,0.5,0.5,1.0,0.0,49.0,0.0,0.0,0.0,0.0,0.0,0.0,0.0,0.0,0.0,0.0,0.0,0.0,0.0,0.0,0.0,0.0,0.0,34.22,13835.0,2.62,1.36,1.26,4.26,4.55,4.3,,,CLE,DEN,20210219,2020-21,False,CLE,DEN,,,,,,,,,,,,,,,,,,,,,,,,,,,,,,,,,,,,,,,,,,,,,,,,,,,,,,,,,,,,,,,,,,,,,,,,,,,,,,,,,,,,,,,,,,,,,,,,,,,,,,,,,,,,,,
1630171,Isaac Okoro,Isaac,1610612739,CLE,20.0,1,0,1,0.0,47.15,10,16,0.625,3,4,0.75,9,9,1.0,1,2,3,6,1,1,0,2,1,7,32,-19,46.6,0,0,46.0,1,75,75,75,1,10,18,26,22,54,9,2,2,1,42,85,81,11,44,23,51,127,29,4,7,139,12,13,1,15,,119,109.6,109.6,-25.6,131.2,36,94,0.191,35,117,122,2,10.0,-21.6,3.7,0.193,122,70,113,117,131.2,6.0,16.0,0.231,0.719,43,0.021,58,129.1,95.19,0.044,98.79,-21.6,117,58,110,62,79.32,77,0.802,110,73,95.19,63,70,124,17,103.5,10,0.149,3.7,93,22.2,26,18,0.032,1.0,8.0,1.0,13.0,0.122,0.163,16.0,51.0,49.0,4.0,6.0,0.0,0.636,0.105,1.0,19.0,4.0,2.0,0.0,0.316,19.0,11.0,0.158,1.0,3.0,7.0,74.0,0.0,0.0,0.0,0.0,54.0,3.02,0.432,2.09,0.0,32.0,3.7,1.0,0.375,0.0,2.0,1.0,0.333,0.5,11.4,0.0,2.0,1.0,3.0,1.0,0.667,6.0,0.0,0.375,0.333,8.6,1.0,0.0,0.5,0.5,8.0,1.0,2.0,0.188,0.667,0.667,3.0,0.0,1.0,2.0,0.0,,3.0,0.188,0.667,0.0,0.625,0.5,8.0,5.0,0.0,5.0,8.0,0.0,0.5,,0.0,0.625,0.625,0.0,1.0,0.0,0.0,0.0,0.0,1.0,0.063,0.0,,0.0,0.0,0.063,0.25,1.125,0.25,0.0,0.0,0.75,0.75,,3.0,4.0,0.0,3.0,4.0,0.75,0.5,0.5,1.0,2.0,1.0,3.0,2.0,0.0,0.0,0.0,0.0,6.0,0.0,0.719,0.0,0.667,1.0,2.0,3.0,1.0,0.0,1.0,0.0,0.0,0.0,0.0,1.0,1.0,1.0,0.0,6.0,1.0,0.0,1.0,8.0,0.333,3.0,0.667,0.75,0.0,0.353,F-G,0.667,182.0,0.049,273.0,0.617,0.0,1.0,1.0,9.0,0.0,,0.5,3.0,0.667,0.667,2.0,0.0,2.0,0.0,0.0,0.0,0.0,0.5,0.0,6.0,0.0,0.0,0.0,2.0,,,0.0,CLE,2.0,1.0,2.0,2.0,3.0,1.0,2021,22000983,,1.0,18.0,27.0,0.667,0.483,0.183,0.222,3.0,6.0,0.5,0.356,0.144,0.778,15.0,21.0,0.714,0.541,0.173,0.407,9.0,11.0,0.818,0.641,0.177,0.519,11.0,14.0,0.786,0.594,0.192,0.444,7.0,12.0,0.583,0.393,0.191,16.0,13.0,3.0,1.0,0.0,0.0,0.0,1.0,0.0,1.0,1.0,0.0,0.0,0.0,0.0,0.0,0.0,0.0,0.0,0.0,0.0,74.0,0.0,0.0,0.0,0.0,0.0,0.0,0.0,0.0,0.0,0.0,0.0,0.0,0.0,0.0,0.0,0.0,0.0,47.15,17651.0,3.34,1.79,1.55,4.19,4.41,4.22,,,CLE,PHX,20210504,2020-21,False,CLE,PHX,,,,,,,,,,,,,,,,,,,,,,,,,,,,,,,,,,,,,,,,,,,,,,,,,,,,,,,,,,,,,,,,,,,,,,,,,,,,,,,,,,,,,,,,,,,,,,,,,,,,,,,,,,,,,,
1630171,Isaac Okoro,Isaac,1610612739,CLE,20.0,1,0,1,0.0,28.43,2,6,0.333,0,1,0.0,2,2,1.0,2,0,2,0,0,2,0,0,0,1,6,-18,14.4,0,0,12.0,1,84,84,84,63,102,97,113,96,108,96,34,43,1,20,146,106,131,98,5,62,1,1,69,103,161,108,14,2,115,,121,91.8,91.8,-32.0,119.4,130,61,0.104,131,138,114,82,2.0,-27.6,0.0,0.102,114,145,132,138,119.4,0.0,6.0,0.0,0.333,131,0.059,1,120.1,103.83,0.0,105.72,-27.6,146,1,46,145,86.53,51,0.436,46,45,103.83,149,145,145,116,88.1,102,0.04,0.0,145,0.0,122,97,0.035,0.0,0.0,0.0,1.0,0.0,0.0,0.0,15.0,18.0,2.0,1.0,0.0,0.0,0.333,0.667,3.0,2.0,1.0,0.0,0.333,2.0,1.0,0.0,1.0,0.0,0.0,25.0,0.0,0.0,0.0,0.0,18.0,2.33,0.24,1.12,0.0,6.0,1.0,1.0,0.667,0.0,3.0,0.0,0.0,0.667,0.0,0.0,2.0,0.0,5.8,1.0,1.0,0.0,0.0,0.667,0.0,5.8,0.0,0.0,0.667,0.0,3.0,2.0,0.0,0.333,0.0,0.0,2.0,0.0,1.0,0.0,0.0,,2.0,0.333,0.0,0.0,0.0,0.167,1.0,0.0,0.0,0.0,1.0,0.0,0.167,,0.0,0.0,0.0,1.0,2.0,1.0,1.0,0.5,0.0,1.0,0.333,0.167,0.0,0.5,1.0,0.167,0.167,1.0,0.0,1.0,1.0,,1.0,1.0,0.0,0.0,0.167,1.0,1.0,0.0,0.0,0.0,0.0,1.0,0.0,0.0,1.0,0.0,0.0,0.0,0.0,0.0,0.0,0.333,0.0,0.0,0.0,0.0,1.0,0.0,,0.0,0.0,,,0.0,0.0,0.0,0.0,0.0,2.0,0.0,0.0,0.0,4.0,0.0,1.0,0.0,0.5,0.0,0.343,F-G,0.704,119.0,0.088,169.0,0.617,,0.0,0.0,4.0,,,0.0,1.0,0.5,0.0,1.0,0.0,0.0,0.0,0.0,,,0.0,0.0,2.0,,,0.0,0.0,,,0.0,CLE,0.0,,0.0,0.0,0.0,,2021,22000653,,1.0,5.0,11.0,0.455,0.487,-0.032,0.273,1.0,3.0,0.333,0.345,-0.012,0.727,4.0,8.0,0.5,0.542,-0.042,0.545,3.0,6.0,0.5,0.66,-0.16,0.545,3.0,6.0,0.5,0.601,-0.101,0.455,2.0,5.0,0.4,0.361,0.039,7.0,4.0,3.0,2.0,0.0,0.0,0.0,0.0,1.0,1.0,0.0,1.0,0.0,1.0,1.0,1.0,0.0,0.0,1.0,1.0,0.0,25.0,0.0,0.0,0.0,0.0,0.0,0.0,0.0,0.0,0.0,0.0,0.0,0.0,0.0,0.0,0.0,0.0,0.0,28.43,11228.0,2.13,1.1,1.03,4.19,4.35,4.03,,,CLE,SAC,20210322,2020-21,False,CLE,SAC,,,,,,,,,,,,,,,,,,,,,,,,,,,,,,,,,,,,,,,,,,,,,,,,,,,,,,,,,,,,,,,,,,,,,,,,,,,,,,,,,,,,,,,,,,,,,,,,,,,,,,,,,,,,,,
1630171,Isaac Okoro,Isaac,1610612739,CLE,20.0,1,0,1,0.0,30.33333333333333,4,6,0.667,2,2,1.0,0,0,0.0,1,2,3,1,1,0,1,1,1,1,10,-13,17.1,0,0,18.0,1,72,72,72,45,54,85,18,26,71,1,67,72,67,39,68,68,75,52,70,24,83,24,63,67,124,83,15,2,78,,117,108.5,108.5,-22.5,135.1,80,59,0.106,98,120,123,47,4.0,-26.6,12.5,0.107,123,85,91,120,135.1,1.0,6.0,0.05,0.833,76,0.034,98,132.1,91.78,0.074,92.32,-26.6,91,95,122,107,76.48,127,0.833,122,69,91.78,107,85,116,13,109.6,54,0.071,12.5,82,12.5,10,85,0.054,0.0,1.0,0.0,4.0,0.037,0.037,3.0,23.0,27.0,0.0,1.0,1.0,0.5,0.0,0.5,4.0,0.0,0.0,0.25,0.25,2.0,2.0,0.0,0.0,0.0,1.0,35.0,2.0,0.0,0.0,0.0,27.0,1.74,0.286,0.69,0.0,10.0,1.0,1.0,0.429,0.0,2.0,1.0,0.4,0.5,4.6,0.0,1.0,1.0,22.2,0.0,0.333,5.0,0.0,0.429,0.4,10.5,2.0,1.0,0.5,0.5,7.0,0.0,0.0,0.167,0.0,0.0,1.0,0.0,1.0,0.0,0.0,,1.0,0.167,0.0,0.0,0.667,0.5,3.0,2.0,0.0,2.0,3.0,0.0,0.5,,0.0,0.667,0.667,,2.0,2.0,0.0,1.5,2.0,0.0,0.333,0.333,1.0,1.0,2.0,0.0,,,,,,,,,,,,,,0.0,,0.0,0.0,1.0,0.0,0.0,0.0,0.0,1.0,0.0,0.0,6.0,2.0,0.833,0.0,1.0,0.0,1.0,0.0,0.0,0.0,1.0,1.0,0.0,0.0,1.0,1.0,1.0,0.0,0.0,2.0,0.0,0.0,1.0,3.0,0.0,1.0,1.0,0.667,1.0,0.328,F-G,0.722,104.0,0.108,144.0,0.615,,1.0,0.0,3.0,0.0,,0.0,1.0,0.667,1.0,0.0,0.0,2.0,0.0,0.0,0.0,0.0,0.5,0.0,2.0,,,0.0,1.0,,,0.0,CLE,2.0,1.0,2.0,2.0,2.0,1.5,2021,22000610,,1.0,4.0,12.0,0.333,0.477,-0.144,0.25,0.0,3.0,0.0,0.369,-0.369,0.75,4.0,9.0,0.444,0.568,-0.124,0.583,4.0,7.0,0.571,0.678,-0.107,0.667,4.0,8.0,0.5,0.625,-0.125,0.333,0.0,4.0,0.0,0.368,-0.368,6.0,4.0,2.0,2.0,0.0,0.0,0.0,1.0,0.0,1.0,1.0,0.0,0.0,3.0,3.0,2.0,1.0,0.0,1.0,0.667,0.333,35.0,0.0,0.0,0.0,0.0,0.0,0.0,0.0,0.0,0.0,0.0,0.0,0.0,0.0,0.0,0.0,0.0,0.0,30.33,11686.0,2.21,1.16,1.05,4.05,4.35,4.11,,,MIA,CLE,20210316,2020-21,False,CLE,MIA,,,,,,,,,,,,,,,,,,,,,,,,,,,,,,,,,,,,,,,,,,,,,,,,,,,,,,,,,,,,,,,,,,,,,,,,,,,,,,,,,,,,,,,,,,,,,,,,,,,,,,,,,,,,,,
1630171,Isaac Okoro,Isaac,1610612739,CLE,20.0,1,0,1,0.0,35.535,4,13,0.308,2,6,0.333,1,2,0.5,2,1,3,3,1,2,0,1,3,3,11,-28,24.1,0,0,23.0,1,62,62,62,20,50,28,98,27,21,45,44,38,43,11,94,66,33,52,9,48,72,97,19,54,125,50,13,1,49,,122,97.1,97.1,-39.9,135.2,105,70,0.19,55,115,121,14,4.0,-38.1,5.6,0.192,121,81,90,115,135.2,3.0,13.0,0.125,0.385,54,0.054,55,136.4,95.23,0.037,95.18,-38.1,106,54,117,58,79.36,113,0.396,117,42,95.23,60,81,117,97,96.4,50,0.026,5.6,76,16.7,89,28,0.047,0.0,3.0,0.0,3.0,0.15,0.15,8.0,28.0,20.0,2.0,0.0,1.0,0.333,0.125,0.625,8.0,1.0,1.0,0.125,0.0,5.0,6.0,0.0,0.5,0.0,2.0,37.0,0.0,0.0,0.0,1.0,27.0,2.42,0.297,1.95,0.0,11.0,1.5,1.0,0.5,0.0,4.0,0.0,0.5,0.5,3.7,0.0,2.0,1.0,9.5,0.5,0.667,2.0,0.0,0.5,0.5,7.6,1.0,1.0,0.5,1.0,6.0,1.0,,,,,,,,,,,,,,,0.286,0.538,7.0,2.0,0.0,2.0,7.0,0.0,0.538,,0.0,0.286,0.286,,2.0,2.0,0.0,0.0,0.0,0.0,0.154,0.154,0.0,0.0,0.0,0.0,0.308,0.75,0.308,0.0,0.0,0.5,0.5,,2.0,4.0,0.0,2.0,4.0,,,,0.0,0.0,0.0,0.0,0.0,0.0,0.0,0.0,0.0,6.0,0.0,0.385,0.0,0.333,0.333,1.0,3.0,1.0,0.0,3.0,0.0,0.0,0.0,0.0,0.333,0.0,3.0,0.0,1.0,1.0,0.0,1.0,4.0,0.333,3.0,0.333,0.25,0.0,0.204,F-G,0.579,11.0,-0.019,19.0,0.598,0.0,1.0,1.0,4.0,0.0,0.0,0.333,3.0,0.25,0.333,3.0,0.0,3.0,0.0,0.0,0.0,0.0,0.333,0.0,1.0,0.0,0.0,0.0,1.0,0.0,0.0,0.0,CLE,2.0,0.4,5.0,2.0,5.0,0.6,2021,22000159,,1.0,8.0,12.0,0.667,0.462,0.205,0.583,5.0,7.0,0.714,0.39,0.324,0.417,3.0,5.0,0.6,0.519,0.081,0.083,1.0,1.0,1.0,0.719,0.281,0.167,2.0,2.0,1.0,0.609,0.391,0.667,5.0,8.0,0.625,0.392,0.233,7.0,2.0,5.0,3.0,0.0,0.0,0.0,1.0,0.0,1.0,1.0,0.0,0.0,1.0,1.0,0.0,0.0,0.0,1.0,0.0,0.0,37.0,0.0,0.0,0.0,0.0,0.0,0.0,0.0,0.0,0.0,0.0,0.0,0.0,0.0,0.0,0.0,0.0,0.0,35.53,13515.0,2.56,1.32,1.24,4.16,4.09,3.92,,,CLE,UTA,20210112,2020-21,False,CLE,UTA,,,,,,,,,,,,,,,,,,,,,,,,,,,,,,,,,,,,,,,,,,,,,,,,,,,,,,,,,,,,,,,,,,,,,,,,,,,,,,,,,,,,,,,,,,,,,,,,,,,,,,,,,,,,,,
1630171,Isaac Okoro,Isaac,1610612739,CLE,20.0,1,0,1,0.0,21.85,1,4,0.25,1,1,1.0,1,4,0.25,0,2,2,1,0,1,0,1,4,2,4,-12,10.9,0,0,10.0,1,103,103,103,118,154,143,164,72,132,1,84,36,108,95,113,123,108,126,33,63,139,174,58,149,186,157,18,1,153,,135,88.6,88.6,-25.1,121.4,192,44,0.122,134,189,149,108,1.0,-32.8,0.0,0.124,149,184,149,189,121.4,0.0,4.0,0.071,0.375,99,0.0,1,119.0,94.46,0.087,92.66,-32.8,133,1,170,154,78.72,189,0.347,170,95,94.46,155,184,181,169,93.9,154,-0.026,0.0,178,14.3,147,143,0.043,0.0,1.0,0.0,2.0,0.059,0.059,2.0,16.0,17.0,2.0,2.0,0.0,0.0,0.2,0.0,5.0,0.0,1.0,0.0,0.4,0.0,2.0,0.2,0.0,1.0,0.0,23.0,0.0,0.0,0.0,0.0,18.0,2.17,0.174,1.3,0.0,4.0,0.8,0.0,0.5,1.0,2.0,2.0,1.0,0.0,5.7,1.0,0.0,0.0,0.0,0.0,0.0,2.0,0.0,0.667,1.0,5.7,2.0,0.0,0.0,0.0,4.0,0.0,0.0,0.5,0.0,0.0,2.0,0.0,1.0,0.0,0.0,,2.0,0.5,0.0,0.0,,,,,,,,,,,,,,0.0,2.0,1.0,0.0,0.75,1.0,1.0,0.5,0.25,1.0,0.5,1.0,0.25,,,,,,,,,,,,,,,,,0.0,0.0,0.0,0.0,0.0,0.0,0.0,0.0,0.0,3.0,0.0,0.375,0.0,1.0,0.0,0.0,2.0,0.0,0.0,1.0,1.0,0.0,0.0,1.0,1.0,0.0,0.0,0.0,0.0,0.0,0.0,1.0,1.0,0.0,0.0,0.0,0.0,1.0,0.335,F-G,0.72,113.0,0.104,157.0,0.616,0.0,1.0,0.0,1.0,0.0,,0.0,0.0,0.0,0.0,2.0,0.0,1.0,0.0,0.0,0.0,0.0,1.0,0.0,0.0,0.0,0.0,0.0,0.0,,,0.0,CLE,1.0,1.0,1.0,1.0,1.0,1.5,2021,22000435,,1.0,5.0,11.0,0.455,0.475,-0.02,0.182,0.0,2.0,0.0,0.34,-0.34,0.818,5.0,9.0,0.556,0.514,0.041,0.273,2.0,3.0,0.667,0.618,0.049,0.455,3.0,5.0,0.6,0.557,0.043,0.273,1.0,3.0,0.333,0.348,-0.015,2.0,1.0,1.0,1.0,0.0,0.0,0.0,0.0,0.0,0.0,0.0,0.0,0.0,1.0,1.0,0.0,0.0,0.0,1.0,0.0,0.0,23.0,0.0,0.0,0.0,0.0,0.0,0.0,0.0,0.0,0.0,0.0,0.0,0.0,0.0,0.0,0.0,0.0,0.0,21.85,8483.0,1.61,0.82,0.79,4.14,4.03,4.25,,,CLE,SAS,20210319,2020-21,False,CLE,SAS,,,,,,,,,,,,,,,,,,,,,,,,,,,,,,,,,,,,,,,,,,,,,,,,,,,,,,,,,,,,,,,,,,,,,,,,,,,,,,,,,,,,,,,,,,,,,,,,,,,,,,,,,,,,,,
1630171,Isaac Okoro,Isaac,1610612739,CLE,20.0,1,1,0,1.0,35.15,6,13,0.462,2,6,0.333,1,1,1.0,1,0,1,2,1,1,0,1,1,1,15,24,21.2,0,0,22.0,1,1,1,1,18,27,26,72,24,28,50,65,78,1,40,128,113,54,52,29,47,109,33,68,31,3,64,13,1,62,,33,124.7,124.7,27.8,93.5,96,77,0.163,85,19,29,20,6.0,31.2,6.3,0.171,29,30,129,19,93.5,2.0,13.0,0.069,0.538,74,0.028,75,96.3,105.15,0.0,103.87,31.2,128,75,26,83,87.62,36,0.558,26,63,105.15,83,30,27,74,124.1,27,0.058,6.1,31,12.5,66,26,0.014,0.0,2.0,0.0,3.0,0.065,0.065,5.0,36.0,31.0,0.0,1.0,0.0,0.0,0.0,0.0,4.0,0.0,0.0,0.0,0.25,0.0,2.0,0.25,0.0,1.0,0.0,47.0,2.5,1.0,0.0,1.0,39.0,1.66,0.319,0.64,0.0,15.0,1.3,2.0,0.333,0.0,2.0,0.0,0.0,0.5,0.0,0.0,1.0,0.0,2.1,1.0,1.0,1.0,0.0,0.333,0.0,2.1,0.0,0.0,0.5,0.0,3.0,1.0,2.0,0.154,1.0,1.0,2.0,0.0,1.0,2.0,0.0,,2.0,0.154,1.0,0.0,0.25,0.308,4.0,1.0,0.0,1.0,4.0,0.0,0.308,,0.0,0.25,0.25,,1.0,1.0,0.0,0.0,0.0,0.0,0.077,0.077,0.0,0.0,0.0,0.0,0.462,0.667,0.385,1.0,1.0,0.4,0.5,1.0,2.0,5.0,0.077,3.0,6.0,0.333,0.0,0.333,0.0,3.0,1.0,2.0,1.0,0.0,1.0,0.0,0.0,6.0,5.0,0.538,0.0,0.4,0.5,0.0,1.0,0.0,0.0,5.0,3.0,0.0,0.0,0.333,0.4,2.0,2.0,1.0,3.0,1.0,0.5,2.0,4.0,0.0,1.0,0.0,0.75,1.0,0.362,F-G,0.657,140.0,0.04,213.0,0.617,,3.0,0.0,4.0,0.0,0.0,0.0,1.0,0.75,0.0,1.0,1.0,6.0,0.0,0.0,0.0,0.0,0.5,0.0,3.0,,,0.0,0.0,0.0,0.0,0.0,CLE,2.0,0.4,5.0,2.0,5.0,0.6,2021,22000785,,1.0,4.0,9.0,0.444,0.463,-0.018,0.333,0.0,3.0,0.0,0.346,-0.346,0.667,4.0,6.0,0.667,0.53,0.137,0.444,3.0,4.0,0.75,0.616,0.134,0.444,3.0,4.0,0.75,0.552,0.198,0.444,0.0,4.0,0.0,0.329,-0.329,1.0,0.0,1.0,3.0,0.0,0.0,0.0,0.0,1.0,1.0,0.0,1.0,0.0,0.0,0.0,0.0,0.0,0.0,0.0,0.0,0.0,47.0,1.0,0.0,0.0,0.0,0.0,0.0,0.0,0.0,0.0,1.0,1.0,0.0,0.0,0.0,0.0,0.0,0.0,35.15,13565.0,2.57,1.35,1.22,4.21,4.45,3.96,,,OKC,CLE,20210408,2020-21,False,CLE,OKC,,,,,,,,,,,,,,,,,,,,,,,,,,,,,,,,,,,,,,,,,,,,,,,,,,,,,,,,,,,,,,,,,,,,,,,,,,,,,,,,,,,,,,,,,,,,,,,,,,,,,,,,,,,,,,
1630171,Isaac Okoro,Isaac,1610612739,CLE,20.0,1,0,1,0.0,39.03333333333333,7,19,0.368,2,10,0.2,1,2,0.5,2,4,6,5,1,0,0,1,3,3,17,1,30.7,0,0,30.0,1,89,89,89,6,18,5,107,24,5,78,76,58,80,19,47,36,17,49,75,50,107,119,35,29,69,30,17,4,29,,71,111.0,111.0,1.9,111.1,115,82,0.233,47,86,82,7,7.0,-0.1,3.8,0.236,82,83,85,86,111.1,5.0,19.0,0.185,0.421,57,0.056,65,107.1,100.22,0.098,102.98,-0.1,99,64,93,42,83.52,66,0.428,93,46,100.22,47,83,71,117,109.0,18,0.059,3.9,87,19.2,107,5,0.078,0.0,6.0,1.0,10.0,0.096,0.115,11.0,60.0,52.0,0.0,7.0,0.0,0.429,0.0,0.375,16.0,0.0,0.0,0.0,0.438,6.0,7.0,0.063,0.0,1.0,3.0,76.0,1.0,1.0,0.0,0.0,49.0,3.59,0.224,2.82,0.0,17.0,4.5,2.0,0.667,1.0,3.0,3.0,0.667,0.667,11.1,0.0,2.0,1.0,13.3,0.5,0.333,6.0,1.0,0.75,0.8,11.8,4.0,1.0,0.667,0.25,9.0,1.0,1.0,0.158,0.333,0.333,3.0,0.0,1.0,1.0,0.0,,3.0,0.158,0.333,0.0,0.75,0.211,4.0,3.0,0.0,3.0,4.0,0.0,0.211,,0.0,0.75,0.75,0.5,3.0,1.0,1.0,0.333,0.0,2.0,0.158,0.053,0.0,0.333,1.0,0.105,0.474,0.333,0.474,0.0,0.0,0.222,0.222,,2.0,9.0,0.0,2.0,9.0,0.5,0.0,0.5,0.0,2.0,1.0,2.0,1.0,0.0,1.0,0.0,0.0,6.0,2.0,0.421,0.0,0.222,0.0,2.0,5.0,2.0,0.0,0.0,0.0,0.0,0.0,0.0,0.0,1.0,0.0,1.0,2.0,0.0,1.0,0.0,3.0,0.4,10.0,0.2,0.667,0.0,0.355,F-G,0.659,201.0,0.044,305.0,0.615,0.0,0.0,1.0,6.0,0.0,,0.5,10.0,0.5,0.2,2.0,1.0,0.0,1.0,0.0,0.0,0.0,0.0,0.0,3.0,0.0,0.0,0.0,2.0,,,1.0,CLE,2.0,0.25,8.0,2.0,8.0,0.375,2021,22000204,,1.0,11.0,19.0,0.579,0.455,0.124,0.211,0.0,4.0,0.0,0.343,-0.343,0.789,11.0,15.0,0.733,0.496,0.238,0.368,6.0,7.0,0.857,0.563,0.294,0.474,7.0,9.0,0.778,0.552,0.226,0.263,1.0,5.0,0.2,0.37,-0.17,9.0,6.0,3.0,0.0,1.0,0.0,0.0,2.0,1.0,3.0,0.667,0.333,0.0,1.0,1.0,1.0,1.0,0.0,1.0,1.0,1.0,76.0,1.0,0.0,0.0,0.0,0.0,0.0,0.0,0.0,0.0,0.0,0.0,0.0,0.0,1.0,1.0,0.0,0.0,39.03,14878.0,2.82,1.62,1.2,4.06,4.17,3.93,,,WAS,CLE,20210514,2020-21,False,CLE,WAS,,,,,,,,,,,,,,,,,,,,,,,,,,,,,,,,,,,,,,,,,,,,,,,,,,,,,,,,,,,,,,,,,,,,,,,,,,,,,,,,,,,,,,,,,,,,,,,,,,,,,,,,,,,,,,
1630171,Isaac Okoro,Isaac,1610612739,CLE,20.0,1,0,1,0.0,27.01,0,1,0.0,0,0,0.0,0,0,0.0,1,1,2,1,0,1,0,0,4,0,0,-9,6.9,0,0,5.0,1,117,117,117,88,201,210,201,123,183,123,126,132,126,46,164,153,109,153,37,65,1,194,161,207,182,192,17,1,203,,172,112.1,112.1,-13.2,123.3,209,58,0.016,158,156,171,121,0.0,-11.3,0.0,0.016,171,111,182,156,123.3,0.0,1.0,0.043,0.0,5,0.038,1,123.5,104.85,0.045,105.6,-11.3,193,1,63,222,87.38,58,0.0,63,80,104.85,222,111,160,207,110.3,201,-0.014,0.0,117,50.0,201,210,0.042,0.0,2.0,1.0,4.0,0.053,0.105,3.0,11.0,19.0,0.0,1.0,0.0,0.0,0.0,0.0,1.0,0.0,0.0,0.0,1.0,0.0,0.0,0.0,0.0,0.0,0.0,20.0,0.0,0.0,0.0,0.0,18.0,1.41,0.0,0.65,0.0,0.0,0.5,1.0,1.0,0.0,1.0,1.0,0.5,1.0,12.3,0.0,0.0,0.0,14.5,0.0,0.0,2.0,0.0,1.0,0.5,13.4,2.0,1.0,1.0,0.0,2.0,0.0,0.0,1.0,0.0,0.0,1.0,0.0,1.0,0.0,0.0,,1.0,1.0,0.0,0.0,,,,,,,,,,,,,,,,,,,,,,,,,,,,,,,,,,,,,,,,,,,,0.0,0.0,0.0,,0.0,0.0,0.0,0.0,0.0,0.0,0.0,0.0,0.0,0.0,0.0,0.0,0.0,0.0,0.0,0.0,0.0,0.0,0.0,0.0,0.0,0.0,0.0,0.0,0.0,0.0,0.0,1.0,0.0,0.0,0.0,0.0,0.0,0.277,F-G,0.699,51.0,0.086,73.0,0.612,0.0,0.0,0.0,1.0,0.0,0.0,0.0,0.0,0.0,0.0,0.0,0.0,0.0,0.0,0.0,0.0,0.0,0.0,0.0,0.0,0.0,0.0,0.0,0.0,0.0,0.0,0.0,CLE,0.0,,,,0.0,,2021,22000404,,1.0,8.0,13.0,0.615,0.431,0.185,0.385,1.0,5.0,0.2,0.384,-0.184,0.615,7.0,8.0,0.875,0.502,0.373,0.231,3.0,3.0,1.0,0.615,0.385,0.308,4.0,4.0,1.0,0.563,0.437,0.462,2.0,6.0,0.333,0.39,-0.057,9.0,6.0,3.0,4.0,0.0,0.0,0.0,1.0,0.0,1.0,1.0,0.0,0.0,2.0,2.0,2.0,0.0,0.0,1.0,1.0,0.0,20.0,0.0,0.0,0.0,0.0,0.0,0.0,0.0,0.0,0.0,0.0,0.0,0.0,0.0,0.0,0.0,0.0,0.0,27.02,10890.0,2.06,1.0,1.06,4.38,4.41,4.34,,,POR,CLE,20210212,2020-21,False,CLE,POR,,,,,,,,,,,,,,,,,,,,,,,,,,,,,,,,,,,,,,,,,,,,,,,,,,,,,,,,,,,,,,,,,,,,,,,,,,,,,,,,,,,,,,,,,,,,,,,,,,,,,,,,,,,,,,
1630171,Isaac Okoro,Isaac,1610612739,CLE,20.0,1,0,1,0.0,25.5,2,3,0.667,0,0,0.0,2,2,1.0,0,1,1,2,3,1,0,0,2,2,6,-7,10.2,0,0,11.0,1,115,115,115,112,134,177,30,130,185,130,47,61,1,105,166,178,85,14,41,71,1,107,59,139,167,170,22,1,159,,75,85.2,85.2,-13.7,98.1,167,54,0.121,91,153,62,99,2.0,-13.0,33.3,0.122,62,196,204,153,98.1,0.67,3.0,0.143,0.667,68,0.0,221,101.1,101.65,0.059,98.82,-13.0,172,217,70,168,84.71,131,0.773,70,105,101.65,172,196,155,35,87.5,134,0.048,33.8,191,22.2,49,177,0.023,0.0,2.0,0.0,2.0,0.125,0.125,5.0,18.0,16.0,2.0,1.0,2.0,0.667,0.143,0.857,7.0,2.0,1.0,0.286,0.143,6.0,3.0,0.0,1.0,0.0,2.0,24.0,0.0,0.0,0.0,0.0,19.0,2.19,0.25,1.29,0.0,6.0,0.9,0.0,1.0,0.0,0.0,1.0,1.0,0.0,9.4,0.0,0.0,0.0,0.0,0.0,0.0,1.0,0.0,1.0,1.0,9.4,1.0,0.0,0.0,0.0,1.0,0.0,1.0,0.333,1.0,1.0,1.0,0.0,1.0,1.0,0.0,,1.0,0.333,1.0,0.0,0.5,0.667,2.0,1.0,0.0,1.0,2.0,0.0,0.667,,0.0,0.5,0.5,,,,,,,,,,,,,,,,,,,,,,,,,,,0.0,,0.0,,1.0,0.0,0.0,,0.0,0.0,0.0,0.0,0.0,0.0,0.667,0.0,0.0,0.0,0.0,2.0,1.0,0.0,0.0,0.0,0.0,0.0,0.0,0.0,0.0,0.0,0.0,1.0,0.0,0.0,0.0,1.0,0.5,0.0,0.0,1.0,0.0,0.349,F-G,0.696,126.0,0.078,181.0,0.618,,0.0,0.0,2.0,0.0,0.0,0.0,0.0,1.0,0.0,1.0,0.0,0.0,0.0,0.0,0.0,0.0,0.0,0.0,2.0,,,0.0,0.0,0.0,0.0,0.0,CLE,0.0,,,,0.0,,2021,22000693,,1.0,5.0,10.0,0.5,0.458,0.042,0.5,0.0,5.0,0.0,0.355,-0.355,0.5,5.0,5.0,1.0,0.533,0.467,0.4,4.0,4.0,1.0,0.624,0.376,0.5,5.0,5.0,1.0,0.573,0.427,0.5,0.0,5.0,0.0,0.35,-0.35,3.0,1.0,2.0,2.0,0.0,0.0,0.0,0.0,0.0,0.0,0.0,0.0,0.0,2.0,2.0,0.0,0.0,0.0,1.0,0.0,0.0,24.0,0.0,0.0,0.0,0.0,0.0,0.0,0.0,0.0,0.0,0.0,0.0,0.0,0.0,0.0,0.0,0.0,0.0,25.5,10343.0,1.96,1.04,0.92,4.41,4.27,4.1,,,LAL,CLE,20210326,2020-21,False,CLE,LAL,,,,,,,,,,,,,,,,,,,,,,,,,,,,,,,,,,,,,,,,,,,,,,,,,,,,,,,,,,,,,,,,,,,,,,,,,,,,,,,,,,,,,,,,,,,,,,,,,,,,,,,,,,,,,,
1630171,Isaac Okoro,Isaac,1610612739,CLE,20.0,1,0,1,0.0,27.78333333333333,1,9,0.111,0,6,0.0,3,5,0.6,0,3,3,0,1,0,0,0,3,3,5,-24,7.6,0,0,8.0,1,125,125,125,84,178,81,210,128,34,128,36,20,88,111,88,121,175,79,111,74,1,170,39,155,233,200,15,3,192,,202,82.7,82.7,-43.5,121.8,232,52,0.207,175,217,198,136,1.0,-39.1,8.3,0.215,198,209,176,217,121.8,0.0,9.0,0.0,0.111,175,0.0,110,124.9,92.43,0.111,91.98,-39.1,132,110,224,85,77.02,229,0.223,224,111,92.43,86,209,231,210,81.4,178,-0.056,8.2,211,0.0,210,81,0.051,0.0,0.0,0.0,1.0,0.0,0.0,0.0,32.0,27.0,0.0,0.0,0.0,0.0,0.0,0.0,2.0,0.0,0.0,0.0,0.0,0.0,2.0,0.0,0.0,0.0,0.0,39.0,0.5,0.0,0.0,0.0,34.0,1.75,0.128,0.77,0.0,5.0,1.1,4.0,0.5,2.0,0.0,3.0,0.5,0.0,15.5,0.0,0.0,0.0,0.0,0.0,0.0,6.0,2.0,0.75,0.75,15.5,3.0,0.0,0.0,0.0,6.0,0.0,,,,,,,,,,,,,,,0.333,0.333,3.0,1.0,0.0,1.0,3.0,0.0,0.333,,0.0,0.333,0.333,,1.0,1.0,0.0,0.0,0.0,0.0,0.111,0.111,0.0,0.0,0.0,0.0,0.556,0.0,0.556,0.0,0.0,0.0,0.0,,0.0,5.0,0.0,0.0,5.0,0.0,0.0,0.0,0.0,1.0,0.0,0.0,1.0,0.0,1.0,0.0,0.0,0.0,2.0,0.111,0.0,0.0,0.0,0.0,2.0,0.0,0.0,1.0,1.0,0.0,0.0,0.0,0.0,0.0,0.0,0.0,1.0,0.0,0.0,0.0,1.0,0.0,5.0,0.0,1.0,0.0,0.353,F-G,0.691,132.0,0.073,191.0,0.618,0.0,0.0,0.0,1.0,0.0,0.0,0.0,1.0,1.0,0.0,2.0,0.0,5.0,0.0,0.0,0.0,0.0,0.0,0.0,1.0,0.0,0.0,0.0,0.0,0.0,0.0,0.0,CLE,0.0,0.0,5.0,0.0,5.0,0.0,2021,22000715,,1.0,6.0,11.0,0.545,0.461,0.085,0.364,3.0,4.0,0.75,0.382,0.369,0.636,3.0,7.0,0.429,0.512,-0.084,0.455,2.0,5.0,0.4,0.601,-0.201,0.545,3.0,6.0,0.5,0.533,-0.033,0.364,3.0,4.0,0.75,0.396,0.354,5.0,3.0,2.0,2.0,0.0,1.0,2.0,0.0,0.0,0.0,0.0,0.0,0.0,3.0,3.0,1.0,0.0,0.0,1.0,1.0,0.0,39.0,0.0,0.0,0.0,0.0,0.0,0.0,0.0,0.0,0.0,0.0,0.0,0.0,0.0,0.0,0.0,0.0,0.0,27.78,10910.0,2.07,1.16,0.91,4.35,4.66,4.0,,,UTA,CLE,20210329,2020-21,False,CLE,UTA,,,,,,,,,,,,,,,,,,,,,,,,,,,,,,,,,,,,,,,,,,,,,,,,,,,,,,,,,,,,,,,,,,,,,,,,,,,,,,,,,,,,,,,,,,,,,,,,,,,,,,,,,,,,,,
1630171,Isaac Okoro,Isaac,1610612739,CLE,20.0,1,1,0,1.0,43.27166666666667,3,9,0.333,2,4,0.5,0,0,0.0,3,0,3,2,2,1,0,2,6,0,8,-14,15.6,0,0,17.0,1,1,1,1,9,89,70,118,41,58,27,96,99,96,12,157,97,72,32,31,68,160,178,122,94,160,116,18,3,100,,157,110.3,110.3,-15.3,123.6,160,87,0.113,129,125,159,64,3.0,-13.3,15.4,0.113,159,72,143,125,123.6,1.0,9.0,0.056,0.444,85,0.073,138,123.9,97.62,0.0,98.28,-13.3,157,138,148,146,81.35,139,0.444,148,35,97.62,149,72,129,122,108.6,89,-0.008,15.4,77,15.4,111,70,0.038,0.0,4.0,2.0,3.0,0.056,0.111,6.0,31.0,36.0,0.0,4.0,0.0,0.5,0.0,0.333,6.0,0.0,0.0,0.0,0.667,2.0,2.0,0.0,0.0,0.0,1.0,47.0,0.0,0.0,0.0,1.0,39.0,1.9,0.17,0.85,0.0,8.0,1.5,6.0,0.375,1.0,7.0,0.0,0.0,0.5,0.0,1.0,2.0,0.0,8.1,0.667,0.667,1.0,0.0,0.429,0.0,8.1,1.0,1.0,0.429,0.0,8.0,2.0,0.0,0.111,0.0,0.0,1.0,0.0,1.0,0.0,0.0,,1.0,0.111,0.0,0.0,0.0,0.222,2.0,0.0,0.0,0.0,2.0,0.0,0.222,,0.0,0.0,0.0,0.5,2.0,0.0,1.0,0.5,0.0,2.0,0.222,0.0,,0.5,1.0,0.222,0.444,0.75,0.444,0.0,0.0,0.5,0.5,,2.0,4.0,0.0,2.0,4.0,0.0,0.0,0.0,0.0,1.0,0.0,0.0,1.0,0.0,0.0,0.0,0.0,6.0,0.0,0.444,0.0,0.667,1.0,0.0,0.0,0.0,0.0,2.0,0.0,0.0,0.0,0.0,1.0,0.0,2.0,0.0,1.0,2.0,0.0,2.0,5.0,0.0,2.0,0.0,0.2,0.0,0.261,F-G,0.633,19.0,0.04,30.0,0.594,0.0,2.0,0.0,5.0,0.0,,0.0,2.0,0.2,0.0,0.0,0.0,2.0,0.0,0.0,0.0,0.0,1.0,0.0,1.0,0.0,0.0,0.0,0.0,,,0.0,CLE,2.0,0.667,3.0,2.0,3.0,1.0,2021,22000216,,1.0,7.0,11.0,0.636,0.492,0.145,0.273,3.0,3.0,1.0,0.432,0.568,0.727,4.0,8.0,0.5,0.549,-0.049,0.455,3.0,5.0,0.6,0.632,-0.032,0.545,4.0,6.0,0.667,0.589,0.078,0.364,3.0,4.0,0.75,0.45,0.301,3.0,3.0,0.0,1.0,0.0,0.0,0.0,1.0,1.0,2.0,0.5,0.5,0.0,0.0,0.0,0.0,0.0,0.0,0.0,0.0,0.0,47.0,0.0,0.0,0.0,0.0,0.0,0.0,0.0,0.0,0.0,0.0,0.0,0.0,0.0,0.0,0.0,0.0,0.0,43.27,16825.0,3.19,1.72,1.47,4.19,4.27,4.1,,,CLE,BKN,20210120,2020-21,False,CLE,BKN,,,,,,,,,,,,,,,,,,,,,,,,,,,,,,,,,,,,,,,,,,,,,,,,,,,,,,,,,,,,,,,,,,,,,,,,,,,,,,,,,,,,,,,,,,,,,,,,,,,,,,,,,,,,,,
1630171,Isaac Okoro,Isaac,1610612739,CLE,20.0,1,0,1,0.0,36.5,4,12,0.333,1,4,0.25,6,6,1.0,3,2,5,2,0,4,0,3,2,4,15,-5,36.0,0,0,31.0,1,119,119,119,17,79,44,150,67,61,94,6,13,1,13,112,60,75,128,1,68,225,125,20,59,157,39,14,4,41,,111,101.3,101.3,-9.3,106.3,108,78,0.157,132,127,101,103,4.0,-5.0,0.0,0.167,101,154,123,127,106.3,0.0,12.0,0.087,0.375,126,0.075,1,109.7,103.23,0.059,102.1,-5.0,169,1,68,143,86.03,74,0.512,68,46,103.23,133,154,144,125,100.4,79,0.092,0.0,159,12.5,154,44,0.068,0.0,3.0,1.0,5.0,0.063,0.094,4.0,33.0,32.0,0.0,2.0,0.0,0.333,0.0,0.6,5.0,0.0,0.0,0.0,0.4,3.0,3.0,0.2,0.0,1.0,1.0,48.0,0.0,1.0,0.0,0.0,40.0,2.06,0.313,1.44,2.0,15.0,1.6,4.0,0.417,1.0,7.0,1.0,0.4,0.5,6.1,1.0,3.0,1.0,8.9,0.667,0.6,5.0,0.0,0.455,0.4,7.8,2.0,1.0,0.429,0.5,12.0,2.0,0.0,0.083,0.0,0.0,1.0,0.0,1.0,0.0,0.0,,1.0,0.083,0.0,0.0,0.2,0.417,5.0,1.0,0.0,1.0,5.0,0.0,0.417,,0.0,0.2,0.2,1.0,1.0,0.0,1.0,1.0,0.0,1.0,0.083,0.0,,1.0,1.0,0.083,0.417,0.5,0.333,1.0,1.0,0.25,0.4,1.0,1.0,4.0,0.083,2.0,5.0,0.5,0.0,0.5,0.0,2.0,1.0,2.0,1.0,2.0,0.0,0.0,0.0,3.0,0.0,0.375,0.0,0.333,0.0,0.0,1.0,1.0,0.0,3.0,2.0,0.0,0.0,0.5,0.333,1.0,1.0,0.0,2.0,0.0,0.0,1.0,6.0,1.0,1.0,0.0,0.333,1.0,0.348,F-G,0.659,164.0,0.043,249.0,0.615,0.0,1.0,0.0,6.0,0.0,,0.0,0.0,0.333,0.0,1.0,0.0,4.0,0.0,1.0,0.0,0.0,0.25,1.0,2.0,0.0,0.0,1.0,0.0,,,0.0,CLE,1.0,0.333,3.0,1.0,3.0,0.5,2021,22000933,,1.0,3.0,7.0,0.429,0.413,0.016,0.286,0.0,2.0,0.0,0.344,-0.344,0.714,3.0,5.0,0.6,0.468,0.132,0.571,2.0,4.0,0.5,0.548,-0.048,0.571,2.0,4.0,0.5,0.529,-0.029,0.429,1.0,3.0,0.333,0.345,-0.012,1.0,1.0,0.0,4.0,0.0,0.0,0.0,2.0,1.0,3.0,0.667,0.333,0.0,1.0,1.0,1.0,0.0,0.0,1.0,1.0,0.0,48.0,1.0,0.0,0.0,0.0,2.0,2.0,1.0,2.0,2.0,0.0,0.0,0.0,0.0,0.0,0.0,1.0,1.0,36.5,15197.0,2.88,1.49,1.39,4.42,4.48,4.36,,,CLE,ORL,20210428,2020-21,False,CLE,ORL,,,,,,,,,,,,,,,,,,,,,,,,,,,,,,,,,,,,,,,,,,,,,,,,,,,,,,,,,,,,,,,,,,,,,,,,,,,,,,,,,,,,,,,,,,,,,,,,,,,,,,,,,,,,,,
1630171,Isaac Okoro,Isaac,1610612739,CLE,20.0,1,1,0,1.0,35.11666666666667,5,10,0.5,0,1,0.0,5,5,1.0,1,3,4,2,1,0,0,3,4,5,15,9,21.8,0,0,21.0,1,1,1,1,41,55,72,53,106,136,106,13,27,1,51,86,85,66,83,96,56,199,165,18,51,36,89,21,7,89,,117,123.9,123.9,10.1,111.3,112,71,0.167,119,53,124,29,5.0,12.7,6.7,0.168,124,18,125,53,111.3,2.0,10.0,0.08,0.5,103,0.037,89,109.7,97.05,0.075,99.4,12.7,145,88,145,115,80.87,129,0.615,145,75,97.05,117,18,51,65,119.8,55,0.078,6.6,32,13.3,85,72,0.06,0.0,2.0,0.0,3.0,0.065,0.065,5.0,34.0,31.0,0.0,1.0,0.0,0.4,0.0,0.571,7.0,0.0,0.0,0.0,0.143,4.0,5.0,0.143,0.0,1.0,2.0,45.0,2.0,0.0,0.0,0.0,34.0,1.97,0.333,1.02,0.0,15.0,1.5,1.0,0.364,1.0,5.0,2.0,0.429,0.2,12.1,0.0,1.0,1.0,23.4,0.0,0.25,7.0,1.0,0.4,0.5,14.9,3.0,1.0,0.2,0.333,11.0,0.0,0.0,0.1,0.0,0.0,1.0,0.0,1.0,0.0,0.0,,1.0,0.1,0.0,0.0,0.5,0.6,6.0,3.0,0.0,3.0,6.0,0.0,0.6,,0.0,0.5,0.5,1.0,2.0,0.0,2.0,1.0,0.0,2.0,0.2,0.0,,1.0,2.0,0.2,0.1,0.0,0.1,0.0,0.0,0.0,0.0,,0.0,1.0,0.0,0.0,1.0,,,,0.0,0.0,0.0,0.0,0.0,0.0,1.0,0.0,0.0,0.0,2.0,0.5,0.0,0.0,0.0,0.0,1.0,0.0,0.0,0.0,0.0,0.0,0.0,0.0,0.0,0.0,0.0,0.0,5.0,0.0,0.0,0.0,8.0,0.0,1.0,0.0,0.625,0.0,0.336,F-G,0.721,111.0,0.105,154.0,0.616,0.0,0.0,0.0,8.0,0.0,0.0,0.0,0.0,0.625,0.0,1.0,0.0,0.0,0.0,0.0,0.0,0.0,0.0,0.0,5.0,1.0,0.0,0.0,0.0,0.0,0.0,0.0,CLE,0.0,0.0,1.0,0.0,1.0,0.0,2021,22000620,,1.0,9.0,19.0,0.474,0.474,0.0,0.316,1.0,6.0,0.167,0.39,-0.223,0.684,8.0,13.0,0.615,0.526,0.089,0.526,7.0,10.0,0.7,0.629,0.071,0.632,7.0,12.0,0.583,0.584,0.0,0.316,1.0,6.0,0.167,0.396,-0.229,14.0,9.0,5.0,1.0,0.0,1.0,3.0,0.0,0.0,0.0,0.0,0.0,0.0,2.0,2.0,2.0,1.0,0.0,1.0,1.0,0.5,45.0,0.0,0.0,0.0,0.0,0.0,0.0,0.0,0.0,0.0,0.0,0.0,0.0,0.0,0.0,0.0,0.0,0.0,35.12,14087.0,2.67,1.5,1.17,4.29,4.24,4.35,,,CLE,BOS,20210317,2020-21,False,CLE,BOS,,,,,,,,,,,,,,,,,,,,,,,,,,,,,,,,,,,,,,,,,,,,,,,,,,,,,,,,,,,,,,,,,,,,,,,,,,,,,,,,,,,,,,,,,,,,,,,,,,,,,,,,,,,,,,
1630171,Isaac Okoro,Isaac,1610612739,CLE,20.0,1,1,0,1.0,33.33833333333333,2,8,0.25,1,6,0.167,0,0,0.0,0,1,1,2,2,1,1,1,3,0,5,19,13.2,0,0,13.0,1,1,1,1,35,92,60,115,51,29,81,77,82,77,72,101,110,51,20,26,15,87,103,95,101,3,99,16,2,94,,8,113.6,113.6,23.5,83.6,128,66,0.137,79,9,7,45,2.0,30.1,16.7,0.138,7,78,126,9,83.6,1.0,8.0,0.077,0.313,59,0.0,112,84.8,95.75,0.03,97.42,30.1,120,110,110,98,79.79,100,0.313,110,72,95.75,100,78,15,121,108.3,92,-0.013,16.7,93,16.7,119,60,0.017,0.0,2.0,0.0,1.0,0.08,0.08,4.0,25.0,25.0,0.0,0.0,1.0,0.0,0.0,0.0,1.0,0.0,0.0,1.0,0.0,0.0,0.0,0.0,0.0,0.0,0.0,35.0,2.0,0.0,0.0,1.0,29.0,1.88,0.143,0.94,0.0,5.0,1.1,1.0,0.333,0.0,1.0,1.0,0.5,0.0,15.2,0.0,0.0,0.0,0.0,0.0,0.0,2.0,0.0,0.333,0.5,15.2,1.0,0.0,0.0,0.0,3.0,0.0,,,,,,,,,,,,,,,0.0,0.125,1.0,0.0,0.0,0.0,2.0,0.125,0.25,0.0,1.0,0.0,0.0,1.0,1.0,0.0,1.0,1.0,0.0,1.0,0.125,0.0,,1.0,1.0,0.125,0.625,0.3,0.625,0.0,0.0,0.2,0.2,,1.0,5.0,0.0,1.0,5.0,0.0,0.0,0.0,0.0,2.0,0.0,0.0,2.0,0.0,1.0,0.0,0.0,3.0,2.0,0.313,0.0,0.25,1.0,0.0,0.0,0.0,0.0,2.0,1.0,0.0,0.0,0.0,0.5,0.0,1.0,0.0,1.0,1.0,0.0,1.0,2.0,0.0,4.0,0.0,0.5,0.0,0.311,F-G,0.697,85.0,0.084,122.0,0.613,,1.0,0.0,2.0,0.0,,0.0,3.0,0.5,0.0,0.0,0.0,3.0,0.0,0.0,0.0,0.0,0.333,0.0,1.0,,,0.0,0.0,,,0.0,CLE,1.0,0.25,4.0,1.0,4.0,0.375,2021,22000532,,1.0,5.0,15.0,0.333,0.407,-0.074,0.267,0.0,4.0,0.0,0.346,-0.346,0.733,5.0,11.0,0.455,0.451,0.004,0.267,2.0,4.0,0.5,0.532,-0.032,0.4,3.0,6.0,0.5,0.513,-0.013,0.467,1.0,7.0,0.143,0.33,-0.188,10.0,6.0,4.0,0.0,0.0,0.0,0.0,0.0,1.0,1.0,0.0,1.0,0.0,1.0,1.0,1.0,0.0,0.0,1.0,1.0,0.0,35.0,0.0,0.0,0.0,0.0,0.0,0.0,0.0,0.0,0.0,0.0,0.0,0.0,0.0,0.0,0.0,0.0,0.0,33.33,12238.0,2.32,1.26,1.06,3.85,4.25,3.77,,,HOU,CLE,20210301,2020-21,False,CLE,HOU,,,,,,,,,,,,,,,,,,,,,,,,,,,,,,,,,,,,,,,,,,,,,,,,,,,,,,,,,,,,,,,,,,,,,,,,,,,,,,,,,,,,,,,,,,,,,,,,,,,,,,,,,,,,,,
1630171,Isaac Okoro,Isaac,1610612739,CLE,20.0,1,0,1,0.0,32.556666666666665,3,4,0.75,0,0,0.0,1,1,1.0,0,2,2,2,3,1,0,0,4,1,7,2,12.4,0,0,13.0,1,98,98,98,54,105,145,18,113,157,113,85,101,1,101,114,136,80,18,43,60,1,161,94,124,80,143,19,5,134,,135,118.3,118.3,-3.6,117.1,163,71,0.09,118,92,117,88,3.0,1.2,33.3,0.097,117,70,155,92,117.1,0.67,4.0,0.074,0.75,63,0.0,189,120.9,103.94,0.087,102.79,1.2,127,189,61,171,86.62,71,0.788,61,101,103.94,169,70,107,35,117.3,105,0.024,31.8,78,22.2,33,145,0.043,0.0,2.0,0.0,2.0,0.071,0.071,5.0,20.0,28.0,0.0,1.0,1.0,0.5,0.0,0.5,4.0,0.0,0.0,0.25,0.25,2.0,2.0,0.0,0.0,0.0,1.0,36.0,3.0,0.0,1.0,3.0,24.0,2.33,0.194,0.81,0.0,7.0,1.4,1.0,0.5,0.0,1.0,2.0,0.667,0.0,3.7,0.0,0.0,0.0,0.0,0.0,0.0,3.0,0.0,0.5,0.667,3.7,2.0,0.0,0.0,0.0,4.0,0.0,,,,,,,,,,,,,,,0.5,0.5,2.0,1.0,0.0,1.0,2.0,0.0,0.5,,0.0,0.5,0.5,1.0,1.0,0.0,1.0,1.0,0.0,1.0,0.25,0.0,,1.0,1.0,0.25,0.25,1.0,0.0,1.0,1.0,,1.0,1.0,0.0,0.0,0.25,1.0,1.0,,,,,0.0,0.0,0.0,,0.0,1.0,1.0,3.0,0.0,3.0,0.75,0.0,0.0,0.0,0.0,0.0,0.0,0.0,0.0,0.0,0.0,0.0,0.0,0.0,0.0,0.0,0.0,3.0,0.0,0.0,0.0,4.0,0.0,0.0,0.0,0.75,0.0,0.316,F-G,0.713,92.0,0.104,129.0,0.61,0.0,0.0,0.0,4.0,0.0,0.0,0.0,0.0,0.75,0.0,0.0,0.0,0.0,0.0,0.0,0.0,0.0,0.0,0.0,3.0,0.0,0.0,0.0,0.0,0.0,0.0,0.0,CLE,0.0,,,,0.0,,2021,22000543,,1.0,11.0,16.0,0.688,0.466,0.222,0.25,2.0,4.0,0.5,0.391,0.109,0.75,9.0,12.0,0.75,0.517,0.234,0.438,7.0,7.0,1.0,0.553,0.447,0.5,7.0,8.0,0.875,0.532,0.343,0.375,3.0,6.0,0.5,0.401,0.099,8.0,6.0,2.0,1.0,0.0,0.0,0.0,0.0,0.0,0.0,0.0,0.0,0.0,1.0,1.0,1.0,0.0,0.0,1.0,1.0,0.0,36.0,0.0,0.0,0.0,0.0,0.0,0.0,0.0,0.0,0.0,0.0,0.0,0.0,0.0,0.0,0.0,0.0,0.0,32.55,12808.0,2.43,1.26,1.16,4.13,4.17,4.45,,,CLE,IND,20210303,2020-21,False,CLE,IND,,,,,,,,,,,,,,,,,,,,,,,,,,,,,,,,,,,,,,,,,,,,,,,,,,,,,,,,,,,,,,,,,,,,,,,,,,,,,,,,,,,,,,,,,,,,,,,,,,,,,,,,,,,,,,
1630171,Isaac Okoro,Isaac,1610612739,CLE,20.0,1,0,1,0.0,26.25,1,3,0.333,0,1,0.0,0,0,0.0,3,2,5,3,0,0,1,0,3,0,2,0,15.5,0,0,12.0,1,80,80,80,56,114,113,110,78,91,78,89,93,89,7,77,41,36,98,75,18,1,117,116,134,78,94,13,2,101,,114,120.4,120.4,-2.3,118.2,130,54,0.05,67,74,104,75,1.0,2.2,0.0,0.05,104,46,65,74,118.2,0.0,3.0,0.13,0.333,3,0.12,1,119.9,99.66,0.087,100.1,2.2,104,1,130,154,83.05,125,0.333,130,18,99.66,154,46,80,128,117.6,114,0.031,0.0,53,50.0,117,113,0.104,1.0,4.0,0.0,5.0,0.176,0.235,9.0,9.0,17.0,0.0,1.0,0.0,0.0,0.0,0.0,1.0,0.0,0.0,0.0,1.0,0.0,0.0,0.0,0.0,0.0,0.0,20.0,1.0,0.0,0.0,1.0,16.0,1.29,0.1,0.5,0.0,2.0,0.4,2.0,0.714,0.0,3.0,1.0,0.5,1.0,2.5,0.0,2.0,1.0,13.8,0.333,0.4,4.0,0.0,0.714,0.5,9.2,3.0,2.0,1.0,0.5,7.0,1.0,,,,,,,,,,,,,,,0.0,0.0,0.0,0.0,0.0,0.0,1.0,0.333,0.333,0.0,1.0,,0.0,0.0,1.0,0.0,0.0,0.0,0.0,1.0,0.333,0.0,,0.0,0.0,0.333,0.333,1.0,0.0,1.0,1.0,,1.0,1.0,0.0,0.0,0.333,1.0,1.0,0.0,,0.0,0.0,1.0,0.0,0.0,0.0,0.0,1.0,0.0,0.0,0.0,2.0,0.333,0.0,0.0,0.0,0.0,0.0,0.0,0.0,0.0,0.0,0.0,0.0,0.0,0.0,1.0,0.0,0.0,1.0,0.0,0.0,0.0,1.0,0.0,1.0,0.0,1.0,0.0,0.355,F-G,0.657,140.0,0.04,213.0,0.617,0.0,0.0,0.0,1.0,0.0,,0.0,1.0,1.0,0.0,0.0,1.0,0.0,0.0,0.0,0.0,0.0,0.0,0.0,1.0,0.0,0.0,0.0,0.0,,,0.0,CLE,0.0,0.0,1.0,0.0,1.0,0.0,2021,22000794,,1.0,8.0,11.0,0.727,0.417,0.31,0.455,4.0,5.0,0.8,0.387,0.413,0.545,4.0,6.0,0.667,0.429,0.238,,,,,,,0.091,1.0,1.0,1.0,0.494,0.506,0.727,7.0,8.0,0.875,0.388,0.488,7.0,6.0,1.0,0.0,0.0,0.0,0.0,2.0,1.0,3.0,0.667,0.333,0.0,1.0,1.0,1.0,0.0,0.0,1.0,1.0,0.0,20.0,0.0,0.0,0.0,0.0,0.0,0.0,0.0,0.0,0.0,0.0,0.0,0.0,0.0,0.0,0.0,0.0,0.0,26.25,10356.0,1.96,0.95,1.01,4.35,4.74,4.03,,,CLE,TOR,20210410,2020-21,False,CLE,TOR,,,,,,,,,,,,,,,,,,,,,,,,,,,,,,,,,,,,,,,,,,,,,,,,,,,,,,,,,,,,,,,,,,,,,,,,,,,,,,,,,,,,,,,,,,,,,,,,,,,,,,,,,,,,,,
1630171,Isaac Okoro,Isaac,1610612739,CLE,20.0,1,0,1,0.0,31.508333333333333,4,8,0.5,2,5,0.4,0,2,0.0,1,2,3,0,0,2,2,0,2,1,10,-11,25.6,0,0,23.0,1,95,95,95,42,72,87,71,40,46,63,94,54,94,50,100,102,139,122,11,8,1,87,93,92,149,66,14,1,77,,80,97.1,97.1,-13.5,113.2,122,68,0.117,139,131,89,100,4.0,-16.2,0.0,0.122,89,139,145,131,113.2,0.0,8.0,0.0,0.625,139,0.026,1,110.4,103.59,0.071,104.96,-16.2,137,1,57,154,86.33,58,0.563,57,91,103.59,150,139,134,94,96.9,72,0.058,0.0,137,0.0,62,87,0.045,0.0,0.0,0.0,4.0,0.0,0.0,0.0,15.0,22.0,0.0,1.0,0.0,1.0,0.0,1.333,3.0,0.0,0.0,0.0,0.333,4.0,2.0,0.0,0.0,0.0,2.0,32.0,0.0,1.0,0.0,1.0,23.0,2.1,0.313,0.94,0.0,10.0,1.1,1.0,0.5,1.0,2.0,0.0,0.5,0.5,10.0,0.0,3.0,2.0,6.7,1.0,1.0,4.0,1.0,0.6,0.667,8.9,0.0,0.0,0.5,1.0,6.0,1.0,0.0,0.125,0.0,0.0,1.0,0.0,1.0,0.0,0.0,,1.0,0.125,0.0,0.0,1.0,0.25,2.0,2.0,0.0,2.0,2.0,0.0,0.25,,0.0,1.0,1.0,,1.0,1.0,0.0,0.0,0.0,0.0,0.125,0.125,0.0,0.0,0.0,0.0,0.5,0.75,0.5,0.0,0.0,0.5,0.5,,2.0,4.0,0.0,2.0,4.0,1.5,1.0,1.0,1.0,1.0,1.0,3.0,1.0,0.0,0.0,0.0,0.0,3.0,0.0,0.625,0.0,0.25,0.0,1.0,1.0,1.0,0.0,1.0,1.0,0.0,0.0,1.0,1.0,0.0,0.0,0.0,1.0,0.0,0.0,1.0,2.0,1.0,4.0,0.25,0.5,1.0,0.288,F-G,0.672,43.0,0.062,64.0,0.61,0.0,1.0,1.0,2.0,0.0,,1.0,3.0,0.5,0.333,1.0,0.0,2.0,0.0,0.0,0.0,0.0,0.5,0.0,1.0,0.0,0.0,0.0,1.0,,,0.0,CLE,1.0,0.25,4.0,1.0,4.0,0.375,2021,22000346,,1.0,4.0,9.0,0.444,0.488,-0.044,0.333,1.0,3.0,0.333,0.372,-0.039,0.667,3.0,6.0,0.5,0.563,-0.063,0.444,1.0,4.0,0.25,0.651,-0.401,0.444,1.0,4.0,0.25,0.608,-0.358,0.444,2.0,4.0,0.5,0.385,0.115,8.0,5.0,3.0,1.0,0.0,0.0,0.0,0.0,2.0,2.0,0.0,1.0,0.0,2.0,2.0,1.0,1.0,0.0,1.0,0.5,0.5,32.0,1.0,0.0,0.0,0.0,0.0,0.0,0.0,0.0,0.0,1.0,1.0,0.0,0.0,0.0,0.0,0.0,0.0,31.52,12347.0,2.34,1.24,1.1,4.06,3.97,4.17,,,CLE,MIL,20210205,2020-21,False,CLE,MIL,,,,,,,,,,,,,,,,,,,,,,,,,,,,,,,,,,,,,,,,,,,,,,,,,,,,,,,,,,,,,,,,,,,,,,,,,,,,,,,,,,,,,,,,,,,,,,,,,,,,,,,,,,,,,,
1630171,Isaac Okoro,Isaac,1610612739,CLE,20.0,1,0,1,0.0,31.55,5,15,0.333,0,4,0.0,2,2,1.0,0,1,1,1,1,0,0,0,5,1,12,-10,13.7,0,0,14.0,1,85,85,85,37,47,22,109,91,51,91,44,51,1,75,117,126,93,54,77,50,1,151,72,67,132,115,9,1,108,,110,103.1,103.1,-25.2,120.3,148,65,0.224,118,118,111,55,5.0,-17.2,5.6,0.224,111,98,149,118,120.3,1.0,15.0,0.053,0.333,126,0.0,69,120.4,98.13,0.037,102.18,-17.2,143,68,107,54,81.77,65,0.378,107,75,98.13,57,98,129,121,95.2,47,-0.016,5.6,117,5.6,121,22,0.016,0.0,1.0,0.0,2.0,0.027,0.027,3.0,45.0,37.0,2.0,0.0,0.0,0.5,0.111,1.111,9.0,2.0,1.0,0.0,0.0,10.0,8.0,0.0,1.0,0.0,4.0,54.0,0.0,0.0,0.0,1.0,33.0,3.82,0.222,3.2,0.0,12.0,3.4,1.0,0.333,0.0,1.0,1.0,0.5,0.0,11.8,0.0,0.0,0.0,0.0,0.0,0.0,2.0,0.0,0.333,0.5,11.8,1.0,0.0,0.0,0.0,3.0,0.0,2.0,0.2,0.667,0.667,3.0,0.0,1.0,2.0,0.0,,3.0,0.2,0.667,0.0,0.375,0.467,7.0,3.0,0.0,3.0,8.0,0.067,0.533,0.0,1.0,0.429,0.375,0.0,2.0,1.0,0.0,0.0,0.0,1.0,0.133,0.067,0.0,0.0,0.0,0.067,0.133,0.0,0.133,0.0,0.0,0.0,0.0,,0.0,2.0,0.0,0.0,2.0,0.0,0.0,0.0,0.0,3.0,0.0,0.0,2.0,0.0,0.0,0.0,0.0,0.0,0.0,0.333,0.0,0.0,0.0,0.0,3.0,2.0,0.0,0.0,0.0,0.0,0.0,0.0,0.0,2.0,0.0,0.0,3.0,0.0,0.0,0.0,6.0,0.667,4.0,0.0,0.5,0.0,0.353,F-G,0.667,190.0,0.05,285.0,0.617,0.0,0.0,2.0,6.0,0.0,,0.667,4.0,0.5,0.0,3.0,0.0,1.0,0.0,0.0,0.0,0.0,0.0,0.0,3.0,0.0,0.0,1.0,0.0,,,0.0,CLE,0.0,0.0,2.0,0.0,2.0,0.0,2021,22001021,,1.0,8.0,10.0,0.8,0.445,0.355,0.5,4.0,5.0,0.8,0.392,0.408,0.5,4.0,5.0,0.8,0.527,0.273,0.4,3.0,4.0,0.75,0.616,0.134,0.5,4.0,5.0,0.8,0.569,0.231,0.5,4.0,5.0,0.8,0.394,0.406,4.0,0.0,4.0,0.0,0.0,0.0,0.0,0.0,0.0,0.0,0.0,0.0,0.0,0.0,0.0,0.0,0.0,0.0,0.0,0.0,0.0,54.0,0.0,0.0,0.0,0.0,0.0,0.0,0.0,0.0,0.0,0.0,0.0,0.0,0.0,0.0,0.0,0.0,0.0,31.55,12226.0,2.32,1.25,1.07,4.17,4.12,4.24,,,CLE,DAL,20210509,2020-21,False,CLE,DAL,,,,,,,,,,,,,,,,,,,,,,,,,,,,,,,,,,,,,,,,,,,,,,,,,,,,,,,,,,,,,,,,,,,,,,,,,,,,,,,,,,,,,,,,,,,,,,,,,,,,,,,,,,,,,,
1630171,Isaac Okoro,Isaac,1610612739,CLE,20.0,1,0,1,0.0,28.0,4,5,0.8,0,1,0.0,2,2,1.0,0,0,0,2,0,0,0,0,3,2,10,-1,13.0,0,0,12.0,1,110,110,110,93,82,137,14,118,143,118,53,65,1,106,189,196,90,132,106,64,1,148,63,95,118,151,22,2,153,,97,108.8,108.8,7.4,110.5,126,57,0.092,114,121,111,109,4.0,-1.8,0.0,0.095,111,128,196,121,110.5,0.0,5.0,0.105,0.8,58,0.0,1,107.3,97.71,0.0,96.65,-1.8,189,1,161,190,81.43,166,0.85,161,106,97.71,190,128,85,30,114.7,82,0.075,0.0,100,25.0,32,137,0.0,0.0,2.0,0.0,2.0,0.095,0.095,5.0,28.0,21.0,0.0,1.0,0.0,1.0,0.0,1.0,4.0,0.0,0.0,0.0,0.25,4.0,2.0,0.0,0.0,0.0,2.0,29.0,1.0,0.0,2.0,1.0,19.0,3.04,0.345,2.28,0.0,10.0,1.5,2.0,,,,,,,,,,,,,,,,,,,,,,,,,1.0,0.2,1.0,1.0,1.0,0.0,1.0,1.0,0.0,,1.0,0.2,1.0,0.0,1.0,0.4,2.0,2.0,0.0,2.0,2.0,0.0,0.4,,0.0,1.0,1.0,1.0,1.0,0.0,1.0,1.0,0.0,1.0,0.2,0.0,,1.0,1.0,0.2,0.2,0.0,0.2,0.0,0.0,0.0,0.0,,0.0,1.0,0.0,0.0,1.0,0.0,0.0,0.0,0.0,1.0,0.0,0.0,1.0,0.0,0.0,1.0,2.0,0.0,2.0,0.8,0.0,0.0,0.0,0.0,0.0,0.0,0.0,0.0,0.0,0.0,0.0,0.0,0.0,0.0,0.0,0.0,4.0,0.0,0.0,0.0,4.0,0.0,1.0,0.0,1.0,0.0,0.188,F-G,0.5,3.0,-0.092,6.0,0.592,,0.0,0.0,4.0,0.0,,0.0,0.0,1.0,0.0,0.0,0.0,1.0,0.0,0.0,0.0,0.0,0.0,0.0,4.0,,,0.0,0.0,,,0.0,CLE,0.0,,0.0,0.0,0.0,,2021,22000108,,1.0,6.0,11.0,0.545,0.405,0.14,0.455,3.0,5.0,0.6,0.308,0.292,0.545,3.0,6.0,0.5,0.49,0.01,0.273,1.0,3.0,0.333,0.615,-0.282,0.364,1.0,4.0,0.25,0.521,-0.271,0.636,5.0,7.0,0.714,0.321,0.394,5.0,4.0,1.0,1.0,0.0,0.0,0.0,0.0,0.0,0.0,0.0,0.0,0.0,0.0,0.0,0.0,0.0,0.0,0.0,0.0,0.0,29.0,0.0,0.0,0.0,0.0,0.0,0.0,0.0,0.0,0.0,0.0,0.0,0.0,0.0,0.0,0.0,0.0,0.0,28.0,11225.0,2.13,1.12,1.0,4.23,4.41,4.05,,,ORL,CLE,20210106,2020-21,False,CLE,ORL,,,,,,,,,,,,,,,,,,,,,,,,,,,,,,,,,,,,,,,,,,,,,,,,,,,,,,,,,,,,,,,,,,,,,,,,,,,,,,,,,,,,,,,,,,,,,,,,,,,,,,,,,,,,,,
1630171,Isaac Okoro,Isaac,1610612739,CLE,20.0,1,0,1,0.0,28.70833333333333,1,8,0.125,0,2,0.0,0,0,0.0,0,0,0,1,1,0,0,0,3,0,2,-27,2.5,0,0,3.0,1,80,80,80,45,105,62,131,75,79,75,73,78,73,70,136,141,69,47,72,52,1,117,102,124,149,142,11,1,136,,129,78.9,78.9,-42.2,122.0,149,57,0.153,93,140,128,43,1.0,-43.1,10.0,0.154,128,130,141,140,122.0,1.0,8.0,0.067,0.125,94,0.0,86,119.4,96.98,0.0,99.12,-43.1,136,84,125,97,80.81,115,0.125,125,70,96.98,100,130,141,137,77.2,105,-0.079,10.0,132,10.0,131,62,0.0,0.0,1.0,0.0,4.0,0.042,0.042,2.0,30.0,24.0,0.0,1.0,0.0,0.0,0.0,0.0,4.0,0.0,0.0,0.0,0.25,0.0,3.0,0.0,0.0,0.0,0.0,34.0,0.0,0.0,0.0,1.0,31.0,2.08,0.059,1.06,0.0,2.0,1.2,1.0,,,,,,,,,,,,,,,,,,,,,,,,,0.0,0.125,0.0,0.0,1.0,0.0,1.0,0.0,0.0,,1.0,0.125,0.0,0.0,0.2,0.625,5.0,1.0,0.0,1.0,5.0,0.0,0.625,,0.0,0.2,0.2,,,,,,,,,,,,,,0.25,0.0,0.25,0.0,0.0,0.0,0.0,,0.0,2.0,0.0,0.0,2.0,0.0,,0.0,0.0,1.0,0.0,0.0,0.0,0.0,0.0,0.0,0.0,0.0,0.0,0.125,0.0,0.0,0.0,0.0,1.0,0.0,0.0,1.0,1.0,0.0,0.0,0.0,0.0,0.0,0.0,0.0,1.0,0.0,0.0,0.0,5.0,0.0,1.0,0.0,0.2,0.0,0.32,F-G,0.724,97.0,0.112,134.0,0.612,0.0,0.0,0.0,5.0,0.0,,0.0,1.0,0.2,0.0,1.0,0.0,1.0,0.0,0.0,0.0,0.0,0.0,0.0,1.0,0.0,0.0,0.0,0.0,,,0.0,CLE,0.0,0.0,2.0,0.0,2.0,0.0,2021,22000581,,1.0,9.0,11.0,0.818,0.46,0.358,0.273,1.0,3.0,0.333,0.351,-0.018,0.727,8.0,8.0,1.0,0.512,0.489,0.455,5.0,5.0,1.0,0.666,0.334,0.455,5.0,5.0,1.0,0.611,0.389,0.364,2.0,4.0,0.5,0.384,0.116,5.0,3.0,2.0,1.0,0.0,1.0,2.0,0.0,0.0,0.0,0.0,0.0,0.0,0.0,0.0,0.0,0.0,0.0,0.0,0.0,0.0,34.0,0.0,0.0,0.0,0.0,0.0,0.0,0.0,0.0,0.0,0.0,0.0,0.0,0.0,0.0,0.0,0.0,0.0,28.72,11637.0,2.2,1.09,1.11,4.32,4.31,4.34,,,NOP,CLE,20210312,2020-21,False,CLE,NOP,,,,,,,,,,,,,,,,,,,,,,,,,,,,,,,,,,,,,,,,,,,,,,,,,,,,,,,,,,,,,,,,,,,,,,,,,,,,,,,,,,,,,,,,,,,,,,,,,,,,,,,,,,,,,,
1630171,Isaac Okoro,Isaac,1610612739,CLE,20.0,1,1,0,1.0,28.33333333333333,4,6,0.667,3,3,1.0,0,0,0.0,0,3,3,1,1,0,0,2,4,0,11,16,15.1,0,0,18.0,1,1,1,1,51,59,88,11,16,56,1,88,92,88,80,60,78,83,49,72,46,125,114,111,62,11,98,11,3,81,,57,133.9,133.9,22.4,110.5,97,59,0.108,106,23,65,40,4.0,23.4,12.5,0.108,65,14,104,23,110.5,1.0,6.0,0.04,0.917,88,0.0,94,107.7,98.26,0.097,100.97,23.4,87,93,106,123,81.88,84,0.917,106,80,98.26,123,14,28,9,130.1,59,0.061,12.5,18,12.5,9,88,0.052,1.0,2.0,0.0,5.0,0.063,0.125,3.0,16.0,16.0,0.0,1.0,0.0,0.0,0.0,0.0,2.0,0.0,0.0,0.0,0.5,0.0,1.0,0.0,0.0,0.0,0.0,23.0,0.0,0.0,0.0,0.0,17.0,2.41,0.478,0.87,0.0,11.0,0.9,1.0,0.375,2.0,3.0,1.0,0.6,0.0,4.1,0.0,2.0,2.0,0.0,0.0,0.667,5.0,2.0,0.5,1.0,4.1,1.0,0.0,0.0,0.667,8.0,0.0,0.0,0.333,0.0,0.0,2.0,0.0,1.0,0.0,0.0,,2.0,0.333,0.0,0.0,1.0,0.167,1.0,1.0,0.0,1.0,1.0,0.0,0.167,,0.0,1.0,1.0,,,,,,,,,,,,,,0.5,1.5,0.5,0.0,0.0,1.0,1.0,,3.0,3.0,0.0,3.0,3.0,1.5,1.0,1.0,1.0,1.0,1.0,3.0,1.0,0.0,0.0,0.0,0.0,6.0,0.0,0.917,0.0,1.0,1.0,1.0,0.0,0.0,0.0,2.0,1.0,0.0,0.0,1.0,1.0,0.0,1.0,0.0,1.0,1.0,0.0,2.0,3.0,0.0,1.0,1.0,0.333,1.0,0.36,F-G,0.656,137.0,0.038,209.0,0.617,0.0,2.0,0.0,3.0,0.0,0.0,0.0,1.0,0.333,1.0,0.0,0.0,2.0,0.0,0.0,0.0,0.0,1.0,0.0,1.0,0.0,0.0,0.0,1.0,0.0,0.0,0.0,CLE,2.0,1.0,2.0,2.0,2.0,1.5,2021,22000767,,1.0,3.0,15.0,0.2,0.478,-0.278,0.133,0.0,2.0,0.0,0.302,-0.302,0.867,3.0,13.0,0.231,0.517,-0.286,0.333,0.0,5.0,0.0,0.608,-0.608,0.533,1.0,8.0,0.125,0.559,-0.434,0.4,2.0,6.0,0.333,0.389,-0.056,6.0,5.0,1.0,1.0,0.0,0.0,0.0,0.0,0.0,0.0,0.0,0.0,0.0,1.0,1.0,1.0,1.0,0.0,1.0,1.0,1.0,23.0,0.0,0.0,0.0,0.0,0.0,0.0,0.0,0.0,0.0,0.0,0.0,0.0,0.0,0.0,0.0,0.0,0.0,28.33,11185.0,2.12,1.18,0.94,4.27,4.76,3.76,,,SAS,CLE,20210405,2020-21,False,CLE,SAS,,,,,,,,,,,,,,,,,,,,,,,,,,,,,,,,,,,,,,,,,,,,,,,,,,,,,,,,,,,,,,,,,,,,,,,,,,,,,,,,,,,,,,,,,,,,,,,,,,,,,,,,,,,,,,
1630171,Isaac Okoro,Isaac,1610612739,CLE,20.0,1,1,0,1.0,39.3,3,9,0.333,1,4,0.25,1,2,0.5,2,0,2,2,2,1,2,1,2,2,8,-1,20.4,0,0,19.0,1,1,1,1,6,50,38,70,41,33,59,47,31,49,10,95,71,39,18,23,2,76,56,26,60,60,57,12,1,58,,32,96.1,96.1,-3.4,96.1,87,76,0.145,66,60,33,35,3.0,-0.1,14.3,0.144,33,89,90,60,96.1,1.0,9.0,0.08,0.389,50,0.049,83,97.8,93.44,0.0,93.39,-0.1,95,82,110,67,77.86,102,0.405,110,29,93.44,70,89,66,80,94.5,50,0.014,14.4,95,14.3,78,38,0.026,0.0,2.0,0.0,5.0,0.065,0.065,6.0,35.0,31.0,2.0,4.0,0.0,0.0,0.143,0.143,7.0,1.0,1.0,0.0,0.571,1.0,2.0,0.143,0.5,1.0,0.0,43.0,1.0,0.0,0.0,0.0,37.0,2.18,0.186,1.07,0.0,8.0,1.6,4.0,0.4,0.0,4.0,0.0,0.0,0.5,0.0,0.0,1.0,0.0,11.0,0.5,0.5,1.0,0.0,0.4,0.0,11.0,1.0,1.0,0.5,0.0,5.0,1.0,0.0,0.111,0.0,0.0,1.0,0.0,1.0,0.0,0.0,,1.0,0.111,0.0,0.0,0.333,0.333,3.0,1.0,0.0,1.0,3.0,0.0,0.333,,0.0,0.333,0.333,1.0,2.0,1.0,1.0,0.5,0.0,1.0,0.222,0.111,0.0,0.5,1.0,0.111,0.333,0.5,0.333,0.0,0.0,0.333,0.333,,1.0,3.0,0.0,1.0,3.0,1.5,1.0,1.0,1.0,1.0,1.0,3.0,1.0,0.0,0.667,0.0,0.0,0.0,4.0,0.389,0.0,0.0,0.0,1.0,0.0,0.0,0.0,2.0,0.0,0.0,0.0,0.0,0.0,0.0,2.0,0.0,2.0,0.0,0.0,0.0,5.0,0.0,2.0,0.5,0.4,0.0,0.217,F-G,0.6,6.0,0.008,10.0,0.592,,0.0,0.0,5.0,0.0,,0.0,1.0,0.4,1.0,0.0,0.0,3.0,0.0,0.0,0.0,0.0,0.0,0.0,2.0,,,0.0,1.0,,,0.0,CLE,0.0,0.0,3.0,0.0,3.0,0.0,2021,22000119,,1.0,6.0,14.0,0.429,0.451,-0.022,0.357,1.0,5.0,0.2,0.341,-0.141,0.643,5.0,9.0,0.556,0.505,0.051,0.286,3.0,4.0,0.75,0.593,0.157,0.5,3.0,7.0,0.429,0.541,-0.112,0.357,1.0,5.0,0.2,0.366,-0.166,4.0,4.0,0.0,3.0,1.0,0.0,0.0,0.0,1.0,1.0,0.0,1.0,1.0,0.0,1.0,1.0,1.0,1.0,0.0,1.0,1.0,43.0,0.0,0.0,0.0,0.0,0.0,0.0,0.0,0.0,0.0,0.0,0.0,0.0,0.0,0.0,0.0,0.0,0.0,39.3,15464.0,2.93,1.58,1.35,4.26,4.32,4.19,,,MEM,CLE,20210107,2020-21,False,CLE,MEM,,,,,,,,,,,,,,,,,,,,,,,,,,,,,,,,,,,,,,,,,,,,,,,,,,,,,,,,,,,,,,,,,,,,,,,,,,,,,,,,,,,,,,,,,,,,,,,,,,,,,,,,,,,,,,
1630171,Isaac Okoro,Isaac,1610612739,CLE,20.0,1,1,0,1.0,36.13333333333333,6,14,0.429,0,3,0.0,3,3,1.0,1,5,6,6,2,0,1,2,2,3,15,5,32.2,0,0,29.0,1,1,1,1,11,28,16,63,65,47,65,23,33,1,26,26,27,11,16,54,12,124,56,28,31,34,24,14,1,28,,14,97.4,97.4,7.0,90.9,43,77,0.2,19,46,17,12,6.0,6.5,8.7,0.21,17,103,72,46,90.9,3.0,14.0,0.286,0.429,24,0.028,92,91.2,102.29,0.106,101.68,6.5,71,92,65,58,85.24,70,0.49,65,56,102.29,58,103,48,79,98.2,28,0.12,8.6,98,26.1,76,16,0.072,0.0,6.0,0.0,12.0,0.143,0.143,13.0,47.0,42.0,0.0,7.0,0.0,0.75,0.0,0.5,12.0,0.0,0.0,0.0,0.583,6.0,4.0,0.083,0.0,1.0,3.0,60.0,1.333,4.0,1.5,2.0,41.0,3.79,0.25,3.08,0.5,15.0,3.8,3.0,0.6,1.0,4.0,4.0,0.833,0.25,6.0,0.0,1.0,1.0,21.3,0.0,0.167,6.0,1.0,0.667,1.0,8.5,5.0,1.0,0.25,0.2,10.0,0.0,,,,,,,,,,,,,,,0.625,0.571,8.0,5.0,0.0,5.0,8.0,0.0,0.571,,0.0,0.625,0.625,0.0,2.0,1.0,0.0,0.0,0.0,1.0,0.143,0.071,0.0,0.0,0.0,0.071,0.286,0.25,0.143,2.0,1.0,0.0,0.25,0.5,0.0,2.0,0.143,1.0,4.0,0.0,0.0,0.0,0.0,1.0,0.0,0.0,1.0,2.0,0.5,0.5,3.0,0.0,4.0,0.429,0.0,0.0,0.0,0.0,1.0,0.0,0.0,0.0,0.0,0.0,0.0,0.0,0.0,1.0,0.0,0.0,6.0,0.0,0.0,0.0,9.0,0.0,3.0,0.0,0.667,0.0,0.354,F-G,0.654,195.0,0.038,298.0,0.616,0.0,0.0,0.0,9.0,0.0,0.0,0.0,3.0,0.667,0.0,1.0,0.0,0.0,0.0,0.0,0.0,0.0,0.0,0.0,6.0,0.0,0.0,1.0,0.0,0.0,0.0,0.0,CLE,0.0,0.0,2.0,0.0,3.0,0.0,2021,22001044,,1.0,5.0,16.0,0.313,0.452,-0.139,0.25,2.0,4.0,0.5,0.398,0.102,0.75,3.0,12.0,0.25,0.493,-0.243,0.375,3.0,6.0,0.5,0.606,-0.106,0.5,3.0,8.0,0.375,0.554,-0.179,0.313,2.0,5.0,0.4,0.397,0.003,6.0,6.0,0.0,3.0,1.0,0.0,0.0,0.0,0.0,0.0,0.0,0.0,0.0,0.0,0.0,0.0,0.0,0.0,0.0,0.0,0.0,60.0,4.0,0.0,1.0,0.0,2.0,2.0,1.0,2.0,0.5,2.0,0.5,0.0,0.0,0.0,0.0,1.0,0.25,36.13,14135.0,2.68,1.46,1.22,4.21,4.46,3.93,,,CLE,BOS,20210512,2020-21,False,CLE,BOS,,,,,,,,,,,,,,,,,,,,,,,,,,,,,,,,,,,,,,,,,,,,,,,,,,,,,,,,,,,,,,,,,,,,,,,,,,,,,,,,,,,,,,,,,,,,,,,,,,,,,,,,,,,,,,
1630171,Isaac Okoro,Isaac,1610612739,CLE,20.0,1,0,1,0.0,33.6,3,8,0.375,0,2,0.0,0,0,0.0,1,0,1,2,1,3,0,1,2,2,6,3,18.2,0,0,15.0,1,47,47,47,16,47,36,53,50,49,50,40,43,40,16,72,63,33,25,1,21,67,49,22,53,33,49,7,1,52,,18,107.0,107.0,9.6,102.8,72,71,0.117,51,41,25,16,3.0,4.2,9.1,0.119,25,54,77,41,102.8,2.0,8.0,0.08,0.375,43,0.029,57,99.1,101.43,0.0,102.54,4.2,72,57,39,73,84.52,29,0.375,39,39,101.43,73,54,34,66,108.7,47,0.026,9.1,53,18.2,60,36,0.014,0.0,4.0,2.0,4.0,0.069,0.138,6.0,27.0,29.0,0.0,1.0,1.0,0.333,0.0,0.4,5.0,0.0,0.0,0.2,0.2,2.0,3.0,0.0,0.0,0.0,1.0,39.0,0.667,0.0,0.0,0.0,33.0,2.32,0.154,1.21,0.0,6.0,1.5,3.0,0.25,2.0,2.0,0.0,0.0,0.5,0.0,0.0,0.0,0.0,8.0,0.0,0.0,2.0,2.0,0.5,0.0,8.0,1.0,1.0,0.5,0.0,4.0,0.0,1.0,0.25,0.5,0.5,2.0,0.0,1.0,1.0,0.0,,2.0,0.25,0.5,0.0,0.667,0.375,3.0,2.0,0.0,2.0,3.0,0.0,0.375,,0.0,0.667,0.667,,,,,,,,,,,,,,0.375,0.0,0.25,1.0,0.0,0.0,0.0,0.0,0.0,2.0,0.125,0.0,3.0,0.0,,0.0,0.0,1.0,0.0,0.0,0.0,0.0,1.0,0.0,0.0,0.0,2.0,0.375,0.0,0.0,0.0,0.0,2.0,0.0,0.0,1.0,0.0,0.0,0.0,0.0,0.0,0.0,1.0,0.0,3.0,0.0,0.0,0.0,4.0,0.0,1.0,0.0,0.75,0.0,0.353,F-G,0.651,149.0,0.034,229.0,0.617,0.0,0.0,0.0,4.0,0.0,0.0,0.0,1.0,0.75,0.0,2.0,0.0,1.0,0.0,0.0,0.0,0.0,0.0,0.0,3.0,0.0,0.0,0.0,0.0,0.0,0.0,0.0,CLE,0.0,0.0,2.0,0.0,2.0,0.0,2021,22000841,,1.0,10.0,21.0,0.476,0.472,0.005,0.476,3.0,10.0,0.3,0.412,-0.112,0.524,7.0,11.0,0.636,0.572,0.064,0.333,5.0,7.0,0.714,0.64,0.074,0.476,6.0,10.0,0.6,0.636,-0.036,0.476,3.0,10.0,0.3,0.412,-0.112,11.0,5.0,6.0,3.0,0.0,0.0,0.0,0.0,0.0,0.0,0.0,0.0,0.0,0.0,0.0,0.0,0.0,0.0,0.0,0.0,0.0,39.0,0.0,0.0,0.0,0.0,0.0,0.0,0.0,0.0,0.0,0.0,0.0,0.0,0.0,0.0,0.0,0.0,0.0,33.6,13656.0,2.59,1.35,1.24,4.35,4.52,4.17,,,CLE,GSW,20210415,2020-21,False,CLE,GSW,,,,,,,,,,,,,,,,,,,,,,,,,,,,,,,,,,,,,,,,,,,,,,,,,,,,,,,,,,,,,,,,,,,,,,,,,,,,,,,,,,,,,,,,,,,,,,,,,,,,,,,,,,,,,,
1630171,Isaac Okoro,Isaac,1610612739,CLE,20.0,1,0,1,0.0,29.945,4,9,0.444,0,3,0.0,2,3,0.667,0,3,3,2,2,1,1,1,4,3,10,-8,20.6,0,0,19.0,1,108,108,108,63,81,75,116,110,75,110,56,55,76,111,76,104,69,32,35,18,150,179,42,91,165,95,18,4,98,,126,106.5,106.5,-13.5,117.5,157,62,0.167,121,144,144,56,4.0,-11.0,14.3,0.173,144,122,151,144,117.5,1.0,9.0,0.087,0.444,108,0.0,160,113.2,100.18,0.103,105.41,-11.0,119,158,126,111,83.49,65,0.484,126,111,100.18,109,122,151,132,99.8,81,0.038,14.0,155,14.3,130,75,0.048,0.0,2.0,0.0,1.0,0.105,0.105,5.0,18.0,19.0,0.0,1.0,0.0,0.5,0.0,0.667,3.0,0.0,0.0,0.0,0.333,2.0,2.0,0.0,0.0,0.0,1.0,32.0,1.5,0.0,0.0,0.0,20.0,2.19,0.313,1.53,0.0,10.0,1.2,4.0,0.5,0.0,1.0,3.0,0.6,0.0,4.9,0.0,0.0,0.0,0.0,0.0,0.0,5.0,0.0,0.5,0.6,4.9,3.0,0.0,0.0,0.0,6.0,0.0,1.0,0.111,1.0,1.0,1.0,0.0,1.0,1.0,0.0,,1.0,0.111,1.0,0.0,0.5,0.444,4.0,2.0,0.0,2.0,4.0,0.0,0.444,,0.0,0.5,0.5,1.0,1.0,0.0,1.0,1.0,0.0,1.0,0.111,0.0,,1.0,1.0,0.111,0.333,0.0,0.333,0.0,0.0,0.0,0.0,,0.0,3.0,0.0,0.0,3.0,0.0,0.0,0.0,0.0,2.0,0.0,0.0,1.0,0.0,1.0,0.0,0.0,0.0,6.0,0.444,0.0,0.0,0.0,0.0,1.0,0.0,0.0,1.0,1.0,0.0,0.0,0.0,0.0,0.0,0.0,0.0,4.0,0.0,0.0,0.0,5.0,0.0,2.0,0.0,0.8,0.0,0.282,F-G,0.709,56.0,0.093,79.0,0.616,,0.0,0.0,5.0,0.0,,0.0,2.0,0.8,0.0,1.0,0.0,1.0,0.0,0.0,0.0,0.0,0.0,0.0,4.0,,,0.0,0.0,,,0.0,CLE,0.0,0.0,2.0,0.0,2.0,0.0,2021,22000419,,1.0,10.0,16.0,0.625,0.446,0.179,0.188,2.0,3.0,0.667,0.414,0.253,0.813,8.0,13.0,0.615,0.489,0.127,0.375,5.0,6.0,0.833,0.655,0.178,0.563,6.0,9.0,0.667,0.531,0.135,0.25,2.0,4.0,0.5,0.368,0.132,7.0,5.0,2.0,1.0,0.0,1.0,3.0,0.0,0.0,0.0,0.0,0.0,0.0,3.0,3.0,2.0,0.0,0.0,1.0,1.0,0.0,32.0,0.0,0.0,0.0,0.0,0.0,0.0,0.0,0.0,0.0,0.0,0.0,0.0,0.0,0.0,0.0,0.0,0.0,29.95,12559.0,2.38,1.24,1.14,4.47,4.66,3.94,,,LAC,CLE,20210214,2020-21,False,CLE,LAC,,,,,,,,,,,,,,,,,,,,,,,,,,,,,,,,,,,,,,,,,,,,,,,,,,,,,,,,,,,,,,,,,,,,,,,,,,,,,,,,,,,,,,,,,,,,,,,,,,,,,,,,,,,,,,
1630171,Isaac Okoro,Isaac,1610612739,CLE,20.0,1,0,1,0.0,32.166666666666664,2,9,0.222,0,4,0.0,2,2,1.0,1,2,3,0,2,0,1,0,5,2,6,-11,10.6,0,0,11.0,1,101,101,101,41,112,70,150,92,50,92,42,49,1,38,113,102,135,31,89,17,1,189,51,109,174,134,13,3,128,,80,92.1,92.1,-16.6,106.2,189,63,0.169,135,145,104,102,2.0,-14.1,16.7,0.164,104,146,145,145,106.2,0.0,9.0,0.0,0.222,135,0.03,155,102.4,95.5,0.057,100.73,-14.1,156,152,166,102,79.59,111,0.304,166,71,95.5,118,146,149,152,85.8,112,-0.052,16.8,163,0.0,151,70,0.044,0.0,1.0,1.0,1.0,0.0,0.045,0.0,22.0,22.0,0.0,0.0,0.0,0.5,0.0,1.0,2.0,0.0,0.0,0.0,0.0,2.0,2.0,0.0,0.0,0.0,1.0,35.0,0.0,0.0,0.0,2.0,27.0,2.25,0.171,1.29,0.0,6.0,1.3,1.0,0.5,1.0,3.0,1.0,0.667,0.333,14.3,0.0,1.0,1.0,22.1,0.0,0.333,3.0,1.0,0.6,1.0,16.9,2.0,1.0,0.333,0.5,6.0,0.0,,,,,,,,,,,,,,,0.333,0.333,3.0,1.0,0.0,1.0,3.0,0.0,0.333,,0.0,0.333,0.333,1.0,1.0,0.0,1.0,1.0,0.0,1.0,0.111,0.0,,1.0,1.0,0.111,0.556,0.0,0.444,1.0,0.0,0.0,0.0,0.0,0.0,4.0,0.111,0.0,5.0,0.0,,0.0,0.0,1.0,0.0,0.0,0.0,0.0,0.0,0.0,0.0,0.0,0.0,0.222,0.0,0.0,0.0,0.0,3.0,2.0,0.0,3.0,2.0,0.0,0.0,0.0,0.0,2.0,1.0,0.0,0.0,0.0,0.0,0.0,0.0,0.667,1.0,0.0,0.0,0.0,0.351,F-G,0.652,152.0,0.035,233.0,0.617,,0.0,2.0,0.0,0.0,,0.667,1.0,0.0,0.0,3.0,1.0,3.0,0.0,0.0,0.0,0.0,0.0,0.0,0.0,,,1.0,0.0,,,0.0,CLE,0.0,0.0,4.0,0.0,4.0,0.0,2021,22000868,,1.0,4.0,9.0,0.444,0.473,-0.029,0.556,1.0,5.0,0.2,0.332,-0.132,0.444,3.0,4.0,0.75,0.586,0.164,0.444,3.0,4.0,0.75,0.636,0.114,0.444,3.0,4.0,0.75,0.602,0.149,0.556,1.0,5.0,0.2,0.35,-0.15,6.0,3.0,3.0,1.0,0.0,1.0,2.0,0.0,2.0,2.0,0.0,1.0,0.0,1.0,1.0,1.0,0.0,0.0,1.0,1.0,0.0,35.0,0.0,0.0,0.0,0.0,0.0,0.0,0.0,0.0,0.0,0.0,0.0,0.0,0.0,0.0,0.0,0.0,0.0,32.17,12616.0,2.39,1.26,1.13,4.16,4.62,3.73,,,DET,CLE,20210419,2020-21,False,CLE,DET,,,,,,,,,,,,,,,,,,,,,,,,,,,,,,,,,,,,,,,,,,,,,,,,,,,,,,,,,,,,,,,,,,,,,,,,,,,,,,,,,,,,,,,,,,,,,,,,,,,,,,,,,,,,,,
1630171,Isaac Okoro,Isaac,1610612739,CLE,21.0,1,1,0,1.0,32.24166666666667,5,7,0.714,1,2,0.5,4,4,1.0,0,1,1,0,0,2,0,1,2,3,15,6,22.2,0,0,21.0,1,1,1,1,65,70,129,21,80,129,22,28,35,1,117,166,177,174,158,13,77,162,115,40,55,66,109,26,3,111,,142,113.8,113.8,5.7,106.3,105,65,0.11,174,95,119,121,5.0,7.6,0.0,0.125,119,78,207,95,106.3,0.0,7.0,0.0,0.786,174,0.0,1,110.0,96.02,0.032,93.64,7.6,196,1,189,209,80.02,219,0.856,189,117,96.02,200,78,97,17,115.7,70,0.101,0.0,68,0.0,24,129,0.017,0.0,0.0,0.0,2.0,0.0,0.0,0.0,21.0,16.0,2.0,1.0,0.0,1.0,0.25,1.0,4.0,2.0,1.0,0.0,0.25,4.0,1.0,0.0,1.0,0.0,1.0,26.0,0.0,0.0,2.0,1.0,21.0,2.22,0.577,1.35,0.0,15.0,1.0,0.0,0.25,0.0,3.0,1.0,1.0,0.0,14.1,0.0,0.0,0.0,0.0,0.0,0.0,1.0,0.0,0.25,1.0,14.1,1.0,0.0,0.0,0.0,4.0,0.0,,,,,,,,,,,,,,,0.5,0.286,2.0,1.0,0.0,1.0,2.0,0.0,0.286,,0.0,0.5,0.5,1.0,1.0,0.0,1.0,1.0,0.0,1.0,0.143,0.0,,1.0,1.0,0.143,0.571,0.875,0.286,2.0,2.0,0.5,0.75,1.0,1.0,2.0,0.286,3.0,4.0,0.0,,0.0,0.0,1.0,0.0,0.0,0.0,0.0,0.0,1.0,2.0,3.0,0.0,0.786,0.0,0.5,0.0,0.0,1.0,0.0,0.0,2.0,1.0,0.0,0.0,1.0,0.5,0.0,1.0,0.0,4.0,0.0,0.0,1.0,4.0,0.0,0.0,0.0,1.0,1.0,0.332,F-G,0.569,58.0,-0.053,102.0,0.621,0.0,1.0,0.0,4.0,0.0,0.0,0.0,0.0,1.0,0.0,1.0,0.0,2.0,0.0,0.0,0.0,0.0,0.5,0.0,4.0,0.0,0.0,0.0,0.0,0.0,0.0,0.0,CLE,1.0,0.5,2.0,1.0,2.0,0.75,2022,22100657,,1.0,5.0,15.0,0.333,0.478,-0.144,0.467,2.0,7.0,0.286,0.401,-0.116,0.533,3.0,8.0,0.375,0.535,-0.16,0.2,1.0,3.0,0.333,0.631,-0.298,0.4,2.0,6.0,0.333,0.579,-0.246,0.533,2.0,8.0,0.25,0.4,-0.15,5.0,2.0,3.0,3.0,0.0,0.0,0.0,0.0,0.0,0.0,0.0,0.0,0.0,0.0,0.0,0.0,0.0,0.0,0.0,0.0,0.0,26.0,0.0,0.0,0.0,0.0,0.0,0.0,0.0,0.0,0.0,0.0,0.0,0.0,0.0,0.0,0.0,0.0,0.0,32.25,11617.0,2.2,1.14,1.06,3.85,3.79,3.9,,,CLE,BKN,20220117,2021-22,False,CLE,BKN,,,,,,,,,,,,,,,,,,,,,,,,,,,,,,,,,,,,,,,,,,,,,,,,,,,,,,,,,,,,,,,,,,,,,,,,,,,,,,,,,,,,,,,,,,,,,,,,,,,,,,,,,,,,,,
1630171,Isaac Okoro,Isaac,1610612739,CLE,21.0,1,1,0,1.0,28.08333333333333,1,7,0.143,0,2,0.0,0,0,0.0,2,1,3,0,0,1,0,0,4,1,2,3,8.6,0,0,7.0,1,1,1,1,62,122,92,144,97,91,97,86,88,86,17,117,88,123,102,24,57,1,150,76,134,62,129,15,3,132,,29,101.9,101.9,11.8,96.2,166,52,0.111,123,69,40,85,1.0,5.8,0.0,0.114,40,104,119,69,96.2,0.0,7.0,0.0,0.143,123,0.065,1,91.2,88.88,0.033,90.86,5.8,141,1,166,138,74.07,161,0.143,166,42,88.88,141,104,53,146,103.0,122,-0.067,0.0,99,0.0,144,92,0.049,0.0,0.0,0.0,3.0,0.0,0.0,0.0,24.0,26.0,0.0,3.0,0.0,0.0,0.0,0.0,4.0,0.0,0.0,0.0,0.75,0.0,1.0,0.0,0.0,0.0,0.0,34.0,0.0,0.0,0.0,0.0,23.0,2.28,0.059,1.38,0.0,2.0,1.3,3.0,0.6,0.0,4.0,1.0,1.0,0.5,10.9,0.0,1.0,0.0,15.3,0.5,0.333,1.0,0.0,0.6,1.0,13.8,2.0,1.0,0.5,0.0,5.0,1.0,1.0,0.571,0.25,0.25,4.0,0.0,1.0,1.0,0.0,,4.0,0.571,0.25,0.0,0.0,0.143,1.0,0.0,0.0,0.0,1.0,0.0,0.143,,0.0,0.0,0.0,,,,,,,,,,,,,,0.286,0.0,0.286,0.0,0.0,0.0,0.0,,0.0,2.0,0.0,0.0,2.0,,,,0.0,0.0,0.0,0.0,0.0,0.0,0.0,0.0,0.0,0.0,0.0,0.143,0.0,0.0,0.0,0.0,0.0,0.0,0.0,2.0,1.0,0.0,0.0,0.0,0.0,0.0,1.0,0.0,1.0,0.0,0.0,0.0,5.0,0.0,0.0,0.0,0.2,0.0,0.341,F-G,0.6,84.0,-0.011,140.0,0.611,0.0,0.0,0.0,5.0,0.0,0.0,0.0,0.0,0.2,0.0,0.0,0.0,2.0,0.0,0.0,0.0,0.0,0.0,0.0,1.0,0.0,0.0,0.0,0.0,0.0,0.0,0.0,CLE,0.0,0.0,2.0,0.0,2.0,0.0,2022,22100805,,1.0,5.0,9.0,0.556,0.413,0.142,0.444,1.0,4.0,0.25,0.37,-0.12,0.556,4.0,5.0,0.8,0.465,0.335,0.333,3.0,3.0,1.0,0.55,0.45,0.556,4.0,5.0,0.8,0.518,0.282,0.444,1.0,4.0,0.25,0.376,-0.126,3.0,2.0,1.0,2.0,0.0,0.0,0.0,1.0,0.0,1.0,1.0,0.0,1.0,1.0,2.0,1.0,0.0,0.5,0.5,0.5,0.0,34.0,0.0,0.0,0.0,0.0,0.0,0.0,0.0,0.0,0.0,0.0,0.0,0.0,0.0,0.0,0.0,0.0,0.0,28.08,11166.0,2.11,1.13,0.98,4.12,3.96,4.31,,,CLE,IND,20220206,2021-22,False,CLE,IND,,,,,,,,,,,,,,,,,,,,,,,,,,,,,,,,,,,,,,,,,,,,,,,,,,,,,,,,,,,,,,,,,,,,,,,,,,,,,,,,,,,,,,,,,,,,,,,,,,,,,,,,,,,,,,
1630171,Isaac Okoro,Isaac,1610612739,CLE,21.0,1,0,1,0.0,18.261666666666667,0,6,0.0,0,3,0.0,0,0,0.0,1,2,3,0,0,2,0,2,2,1,0,-20,9.6,0,0,7.0,1,106,106,106,133,185,108,185,116,75,116,103,111,103,52,116,102,142,132,16,75,178,93,90,188,200,165,19,2,171,,148,63.2,63.2,-56.0,110.0,196,38,0.143,142,198,108,101,0.0,-46.8,0.0,0.146,108,203,109,198,110.0,0.0,6.0,0.0,0.0,142,0.037,1,117.3,102.51,0.125,100.83,-46.8,97,1,58,144,85.42,104,0.0,58,84,102.51,145,203,202,188,61.2,185,-0.061,0.0,204,0.0,185,108,0.07,0.0,0.0,0.0,1.0,0.0,0.0,0.0,16.0,19.0,0.0,1.0,0.0,0.0,0.0,0.0,1.0,0.0,0.0,0.0,1.0,0.0,0.0,0.0,0.0,0.0,0.0,26.0,0.0,0.0,0.0,0.0,19.0,2.76,0.0,1.65,0.0,0.0,1.2,2.0,0.429,0.0,4.0,1.0,0.667,0.25,8.4,0.0,2.0,1.0,2.0,1.0,0.667,3.0,0.0,0.429,0.667,6.3,1.0,0.0,0.25,0.5,7.0,1.0,0.0,0.333,0.0,0.0,2.0,0.0,1.0,0.0,0.0,,2.0,0.333,0.0,0.0,0.0,0.167,1.0,0.0,0.0,0.0,1.0,0.0,0.167,,0.0,0.0,0.0,,,,,,,,,,,,,,0.5,0.0,0.5,0.0,0.0,0.0,0.0,,0.0,3.0,0.0,0.0,3.0,0.0,0.0,0.0,0.0,2.0,0.0,0.0,2.0,0.0,0.0,0.0,0.0,0.0,0.0,0.0,0.0,0.0,0.0,0.0,1.0,0.0,0.0,2.0,2.0,0.0,0.0,0.0,0.0,0.0,0.0,0.0,0.0,0.0,0.0,0.0,2.0,0.0,1.0,0.0,0.0,0.0,0.354,F-G,0.6,42.0,-0.028,70.0,0.628,0.0,0.0,0.0,2.0,0.0,,0.0,1.0,0.0,0.0,1.0,0.0,2.0,0.0,0.0,0.0,0.0,0.0,0.0,0.0,0.0,0.0,0.0,0.0,,,0.0,CLE,0.0,0.0,1.0,0.0,1.0,0.0,2022,22100358,,1.0,5.0,9.0,0.556,0.454,0.102,0.333,2.0,3.0,0.667,0.403,0.264,0.667,3.0,6.0,0.5,0.499,0.001,0.333,1.0,3.0,0.333,0.594,-0.261,0.444,1.0,4.0,0.25,0.551,-0.301,0.333,2.0,3.0,0.667,0.402,0.265,3.0,2.0,1.0,2.0,1.0,0.0,0.0,0.0,0.0,0.0,0.0,0.0,0.0,0.0,0.0,0.0,0.0,0.0,0.0,0.0,0.0,26.0,0.0,0.0,0.0,0.0,0.0,0.0,0.0,0.0,0.0,0.0,0.0,0.0,0.0,0.0,0.0,0.0,0.0,18.27,7284.0,1.38,0.76,0.62,4.3,4.17,4.49,,,MIL,CLE,20211206,2021-22,False,CLE,MIL,,,,,,,,,,,,,,,,,,,,,,,,,,,,,,,,,,,,,,,,,,,,,,,,,,,,,,,,,,,,,,,,,,,,,,,,,,,,,,,,,,,,,,,,,,,,,,,,,,,,,,,,,,,,,,
1630171,Isaac Okoro,Isaac,1610612739,CLE,21.0,1,0,1,0.0,29.246666666666663,7,8,0.875,0,1,0.0,8,9,0.889,1,2,3,3,3,0,0,0,2,5,22,7,27.1,0,0,28.0,1,102,102,102,53,26,85,11,109,132,109,4,5,51,50,106,98,47,16,90,71,1,92,13,20,49,61,19,1,50,,136,127.9,127.9,15.8,120.3,47,61,0.217,83,82,138,57,7.0,7.5,16.7,0.23,138,37,118,82,120.3,1.0,8.0,0.143,0.875,84,0.04,163,121.2,98.47,0.095,94.76,7.5,119,158,126,64,82.06,180,0.92,126,71,98.47,55,37,46,16,137.0,26,0.151,16.7,16,16.7,18,85,0.065,0.0,3.0,0.0,3.0,0.115,0.115,7.0,36.0,26.0,4.0,1.0,0.0,1.0,0.4,1.6,5.0,4.0,2.0,0.0,0.2,8.0,2.0,0.0,1.0,0.0,2.0,42.0,1.667,0.0,2.0,1.0,30.0,2.34,0.524,1.9,0.0,22.0,1.6,3.0,0.75,0.0,1.0,1.0,0.667,1.0,15.2,0.0,1.0,1.0,18.4,0.0,0.333,3.0,0.0,0.75,0.667,16.3,2.0,1.0,1.0,0.5,4.0,0.0,,,,,,,,,,,,,,,1.0,0.75,6.0,6.0,0.0,6.0,6.0,0.0,0.75,,0.0,1.0,1.0,,,,,,,,,,,,,,0.25,0.5,0.125,1.0,1.0,0.0,0.5,1.0,0.0,1.0,0.125,1.0,2.0,,,,0.0,0.0,0.0,0.0,0.0,0.0,1.0,1.0,2.0,0.0,5.0,0.875,0.0,0.0,0.0,0.0,1.0,1.0,0.0,1.0,0.0,0.0,0.0,0.0,0.0,0.0,1.0,0.0,6.0,0.0,0.0,0.0,6.0,1.0,0.0,0.0,1.0,0.0,0.354,F-G,0.607,105.0,-0.005,173.0,0.612,0.0,0.0,0.0,7.0,0.0,,0.0,0.0,1.0,0.0,0.0,0.0,1.0,0.0,0.0,0.0,0.0,0.0,0.0,7.0,0.0,0.0,0.0,0.0,,,0.0,CLE,0.0,0.0,1.0,0.0,1.0,0.0,2022,22100947,,1.0,3.0,4.0,0.75,0.432,0.318,,,,,,,1.0,3.0,4.0,0.75,0.486,0.264,0.25,1.0,1.0,1.0,0.714,0.286,0.75,3.0,3.0,1.0,0.547,0.453,0.25,0.0,1.0,0.0,0.341,-0.341,0.0,0.0,0.0,1.0,0.0,0.0,0.0,1.0,0.0,1.0,1.0,0.0,0.0,1.0,1.0,1.0,0.0,0.0,1.0,1.0,0.0,42.0,0.0,0.0,0.0,0.0,0.0,0.0,0.0,0.0,0.0,0.0,0.0,0.0,0.0,0.0,0.0,0.0,0.0,29.25,10908.0,2.07,1.06,1.01,3.97,4.14,3.82,,,PHI,CLE,20220304,2021-22,False,CLE,PHI,,,,,,,,,,,,,,,,,,,,,,,,,,,,,,,,,,,,,,,,,,,,,,,,,,,,,,,,,,,,,,,,,,,,,,,,,,,,,,,,,,,,,,,,,,,,,,,,,,,,,,,,,,,,,,
1630171,Isaac Okoro,Isaac,1610612739,CLE,21.0,1,0,1,0.0,28.25,2,6,0.333,0,2,0.0,0,0,0.0,0,1,1,0,0,1,0,1,3,0,4,-14,8.2,0,0,7.0,1,89,89,89,61,99,94,118,100,95,100,95,100,95,79,116,125,121,104,42,51,127,112,118,124,149,136,16,1,140,,152,108.5,108.5,-25.1,136.8,157,59,0.1,121,138,161,82,2.0,-28.4,0.0,0.102,161,91,142,138,136.8,0.0,6.0,0.0,0.333,121,0.0,1,134.1,98.55,0.05,99.3,-28.4,135,1,135,149,82.12,118,0.333,135,79,98.55,148,91,139,137,109.0,99,-0.007,0.0,87,0.0,128,94,0.024,0.0,1.0,1.0,0.0,0.0,0.067,0.0,13.0,15.0,0.0,0.0,0.0,1.0,0.0,2.0,1.0,0.0,0.0,0.0,0.0,2.0,1.0,0.0,0.0,0.0,1.0,22.0,0.0,0.0,0.0,1.0,14.0,1.73,0.182,0.77,0.0,4.0,0.6,1.0,0.333,0.0,1.0,1.0,0.5,0.0,7.9,0.0,0.0,0.0,0.0,0.0,0.0,2.0,0.0,0.333,0.5,7.9,1.0,0.0,0.0,0.0,3.0,0.0,2.0,0.5,0.667,0.667,3.0,0.0,1.0,2.0,0.0,,3.0,0.5,0.667,0.0,,,,,,,,,,,,,,,,,,,,,,,,,,,0.5,0.0,0.333,1.0,0.0,0.0,0.0,0.0,0.0,2.0,0.167,0.0,3.0,0.0,,0.0,0.0,1.0,0.0,0.0,0.0,0.0,0.0,0.0,0.0,0.0,0.0,0.333,0.0,0.0,0.0,0.0,1.0,1.0,0.0,2.0,0.0,0.0,0.0,0.0,0.0,1.0,2.0,0.0,1.0,0.0,0.0,0.0,2.0,1.0,0.0,0.0,0.5,0.0,0.355,F-G,0.605,104.0,-0.007,172.0,0.612,0.0,0.0,1.0,2.0,0.0,,1.0,0.0,0.5,0.0,1.0,1.0,2.0,0.0,0.0,0.0,0.0,0.0,0.0,1.0,0.0,0.0,0.0,0.0,,,0.0,CLE,0.0,0.0,2.0,0.0,2.0,0.0,2022,22100932,,1.0,3.0,4.0,0.75,0.463,0.287,,,,,,,1.0,3.0,4.0,0.75,0.539,0.211,0.75,3.0,3.0,1.0,0.654,0.346,1.0,3.0,4.0,0.75,0.573,0.177,,,,,,,1.0,1.0,0.0,1.0,0.0,0.0,0.0,0.0,0.0,0.0,0.0,0.0,0.0,0.0,0.0,0.0,0.0,0.0,0.0,0.0,0.0,22.0,0.0,0.0,0.0,0.0,0.0,0.0,0.0,0.0,0.0,0.0,0.0,0.0,0.0,0.0,0.0,0.0,0.0,28.25,11328.0,2.15,1.03,1.12,4.17,4.09,4.25,,,CLE,CHA,20220302,2021-22,False,CLE,CHA,,,,,,,,,,,,,,,,,,,,,,,,,,,,,,,,,,,,,,,,,,,,,,,,,,,,,,,,,,,,,,,,,,,,,,,,,,,,,,,,,,,,,,,,,,,,,,,,,,,,,,,,,,,,,,
1630171,Isaac Okoro,Isaac,1610612739,CLE,21.0,1,0,1,0.0,31.816666666666663,0,2,0.0,0,1,0.0,3,6,0.5,1,3,4,1,0,1,0,1,2,3,3,-6,12.3,0,0,10.0,1,125,125,125,58,219,206,219,146,171,146,42,19,105,54,96,94,132,157,58,73,164,100,48,196,170,180,24,4,184,,129,107.9,107.9,-2.8,115.6,211,63,0.07,181,157,136,133,0.0,-7.7,0.0,0.069,136,157,136,157,115.6,0.0,2.0,0.045,0.0,113,0.032,1,114.8,95.8,0.097,94.38,-7.7,136,1,200,229,79.83,214,0.323,200,102,95.8,230,157,130,201,112.1,219,0.012,0.0,122,16.7,219,206,0.065,0.0,1.0,0.0,4.0,0.056,0.056,3.0,14.0,18.0,0.0,1.0,0.0,0.0,0.0,0.0,1.0,0.0,0.0,0.0,1.0,0.0,0.0,1.0,0.0,1.0,0.0,23.0,0.0,0.0,0.0,0.0,12.0,1.8,0.13,1.13,0.0,3.0,0.7,1.0,0.667,0.0,1.0,0.0,0.6,1.0,7.6,0.0,3.0,3.0,4.5,0.0,0.75,5.0,0.0,0.667,0.6,6.8,1.0,1.0,1.0,1.0,6.0,0.0,,,,,,,,,,,,,,,0.0,0.5,1.0,0.0,0.0,0.0,1.0,0.0,0.5,,0.0,0.0,0.0,,1.0,1.0,0.0,0.0,0.0,0.0,0.5,0.5,0.0,0.0,0.0,0.0,,,,,,,,,,,,,,,,,0.0,0.0,0.0,0.0,0.0,0.0,0.0,0.0,0.0,0.0,0.0,0.0,0.0,0.0,0.0,0.0,0.0,0.0,0.0,1.0,1.0,0.0,0.0,0.0,0.0,0.0,0.0,0.0,0.0,0.0,0.0,0.0,1.0,0.0,0.0,0.0,0.0,0.0,0.347,F-G,0.615,139.0,0.001,226.0,0.614,0.0,0.0,0.0,1.0,0.0,0.0,0.0,0.0,0.0,0.0,0.0,0.0,1.0,0.0,0.0,0.0,0.0,0.0,0.0,0.0,0.0,0.0,0.0,0.0,0.0,0.0,0.0,CLE,0.0,0.0,1.0,0.0,1.0,0.0,2022,22101170,,1.0,2.0,9.0,0.222,0.492,-0.27,0.333,0.0,3.0,0.0,0.382,-0.382,0.667,2.0,6.0,0.333,0.555,-0.222,0.222,2.0,2.0,1.0,0.684,0.317,0.222,2.0,2.0,1.0,0.638,0.363,0.333,0.0,3.0,0.0,0.37,-0.37,3.0,2.0,1.0,0.0,0.0,0.0,0.0,1.0,2.0,3.0,0.333,0.667,0.0,2.0,2.0,2.0,0.0,0.0,1.0,1.0,0.0,23.0,0.0,0.0,0.0,0.0,0.0,0.0,0.0,0.0,0.0,0.0,0.0,0.0,0.0,0.0,0.0,0.0,0.0,31.82,11608.0,2.2,1.06,1.14,3.84,3.81,3.87,,,CLE,PHI,20220403,2021-22,False,CLE,PHI,,,,,,,,,,,,,,,,,,,,,,,,,,,,,,,,,,,,,,,,,,,,,,,,,,,,,,,,,,,,,,,,,,,,,,,,,,,,,,,,,,,,,,,,,,,,,,,,,,,,,,,,,,,,,,
1630171,Isaac Okoro,Isaac,1610612739,CLE,21.0,1,1,0,1.0,29.05,1,4,0.25,1,2,0.5,5,6,0.833,1,3,4,2,1,0,0,0,2,4,8,12,14.8,0,0,15.0,1,1,1,1,72,137,122,148,67,95,31,17,15,62,40,68,67,72,56,76,57,1,74,25,100,20,115,19,1,111,,21,109.5,109.5,23.3,90.5,129,63,0.116,108,38,25,31,1.0,19.0,10.0,0.115,25,100,110,38,90.5,2.0,4.0,0.08,0.375,64,0.034,121,89.3,104.1,0.094,103.37,19.0,113,115,43,143,86.75,55,0.602,43,66,104.1,149,100,31,78,112.6,137,0.059,10.4,80,20.0,132,122,0.066,0.0,2.0,0.0,2.0,0.074,0.074,6.0,28.0,27.0,0.0,0.0,0.0,0.0,0.0,0.0,1.0,0.0,0.0,0.0,0.0,0.0,1.0,0.0,0.0,0.0,0.0,35.0,1.0,0.0,2.0,1.0,27.0,2.05,0.229,1.14,0.0,8.0,1.2,2.0,0.5,0.0,3.0,2.0,0.6,0.333,8.9,0.0,1.0,1.0,10.1,0.0,0.25,5.0,0.0,0.5,0.6,9.2,3.0,1.0,0.333,0.333,8.0,0.0,,,,,,,,,,,,,,,0.0,0.5,2.0,0.0,0.0,0.0,2.0,0.0,0.5,,0.0,0.0,0.0,,,,,,,,,,,,,,0.5,0.75,0.5,0.0,0.0,0.5,0.5,,1.0,2.0,0.0,1.0,2.0,,,,0.0,0.0,0.0,0.0,0.0,0.0,0.0,0.0,2.0,3.0,2.0,0.375,0.0,0.5,0.0,0.0,2.0,0.0,0.0,1.0,1.0,0.0,0.0,1.0,1.0,0.0,0.0,0.0,0.0,0.0,0.0,1.0,0.0,0.0,1.0,0.0,0.0,1.0,0.365,F-G,0.606,40.0,-0.023,66.0,0.629,0.0,1.0,0.0,1.0,0.0,0.0,0.0,1.0,0.0,0.0,0.0,0.0,1.0,0.0,0.0,0.0,0.0,1.0,0.0,0.0,0.0,0.0,1.0,0.0,0.0,0.0,0.0,CLE,1.0,0.5,2.0,1.0,2.0,0.75,2022,22100334,,1.0,6.0,12.0,0.5,0.47,0.03,0.25,1.0,3.0,0.333,0.344,-0.01,0.75,5.0,9.0,0.556,0.527,0.028,0.333,4.0,4.0,1.0,0.657,0.344,0.5,5.0,6.0,0.833,0.591,0.243,0.333,1.0,4.0,0.25,0.36,-0.11,2.0,2.0,0.0,1.0,0.0,1.0,3.0,0.0,0.0,0.0,0.0,0.0,0.0,0.0,0.0,0.0,0.0,0.0,0.0,0.0,0.0,35.0,0.0,0.0,0.0,0.0,0.0,0.0,0.0,0.0,0.0,0.0,0.0,0.0,0.0,0.0,0.0,0.0,0.0,29.05,11281.0,2.14,1.07,1.07,4.1,4.24,4.33,,,WAS,CLE,20211203,2021-22,False,CLE,WAS,,,,,,,,,,,,,,,,,,,,,,,,,,,,,,,,,,,,,,,,,,,,,,,,,,,,,,,,,,,,,,,,,,,,,,,,,,,,,,,,,,,,,,,,,,,,,,,,,,,,,,,,,,,,,,
1630171,Isaac Okoro,Isaac,1610612739,CLE,21.0,1,1,0,1.0,27.71333333333333,4,7,0.571,0,1,0.0,1,2,0.5,2,2,4,1,1,0,0,1,4,3,9,16,14.3,0,0,14.0,1,1,1,1,110,105,134,76,152,179,152,115,86,125,28,142,95,132,89,142,87,179,232,47,131,19,174,20,2,169,,47,123.6,123.6,29.3,94.5,214,55,0.15,189,36,50,80,4.0,29.1,10.0,0.149,50,48,125,36,94.5,1.0,7.0,0.045,0.571,162,0.105,149,92.7,95.26,0.074,96.82,29.1,198,146,224,179,79.38,210,0.571,224,34,95.26,185,48,35,139,122.0,105,0.035,10.1,52,10.0,111,134,0.087,0.0,1.0,0.0,1.0,0.048,0.048,2.0,23.0,21.0,0.0,2.0,0.0,0.333,0.0,0.4,5.0,0.0,0.0,0.0,0.4,2.0,3.0,0.0,0.0,0.0,1.0,31.0,1.0,0.0,0.0,1.0,21.0,3.09,0.29,1.94,0.0,9.0,1.6,2.0,0.5,0.0,3.0,2.0,0.4,0.667,18.3,0.0,1.0,0.0,17.6,0.5,0.25,5.0,0.0,0.5,0.4,17.9,3.0,1.0,0.667,0.0,8.0,1.0,0.0,0.143,0.0,0.0,1.0,0.0,1.0,0.0,0.0,,1.0,0.143,0.0,0.0,0.667,0.429,3.0,2.0,0.0,2.0,3.0,0.0,0.429,,0.0,0.667,0.667,1.0,1.0,0.0,1.0,1.0,0.0,1.0,0.143,0.0,,1.0,1.0,0.143,0.286,0.5,0.143,1.0,1.0,0.0,0.5,1.0,0.0,1.0,0.143,1.0,2.0,,,,0.0,0.0,0.0,0.0,0.0,0.0,1.0,0.0,0.0,0.0,2.0,0.571,0.0,0.0,0.0,0.0,0.0,0.0,0.0,1.0,0.0,0.0,0.0,0.0,0.0,0.0,1.0,0.0,4.0,0.0,0.0,0.0,6.0,0.0,0.0,0.0,0.667,0.0,0.35,F-G,0.597,43.0,-0.031,72.0,0.629,0.0,0.0,0.0,6.0,0.0,0.0,0.0,0.0,0.667,0.0,0.0,0.0,1.0,0.0,0.0,0.0,0.0,0.0,0.0,4.0,0.0,0.0,0.0,0.0,0.0,0.0,0.0,CLE,0.0,0.0,1.0,0.0,1.0,0.0,2022,22100367,,1.0,4.0,8.0,0.5,0.474,0.026,0.25,1.0,2.0,0.5,0.389,0.111,0.75,3.0,6.0,0.5,0.532,-0.032,0.25,1.0,2.0,0.5,0.648,-0.148,0.25,1.0,2.0,0.5,0.62,-0.12,0.75,3.0,6.0,0.5,0.383,0.118,6.0,4.0,2.0,2.0,0.0,0.0,0.0,1.0,0.0,1.0,1.0,0.0,0.0,0.0,0.0,0.0,0.0,0.0,0.0,0.0,0.0,31.0,0.0,0.0,0.0,0.0,0.0,0.0,0.0,0.0,0.0,0.0,0.0,0.0,0.0,0.0,0.0,0.0,0.0,27.72,11094.0,2.1,1.11,0.99,4.27,4.3,4.23,,,CLE,CHI,20211208,2021-22,False,CLE,CHI,,,,,,,,,,,,,,,,,,,,,,,,,,,,,,,,,,,,,,,,,,,,,,,,,,,,,,,,,,,,,,,,,,,,,,,,,,,,,,,,,,,,,,,,,,,,,,,,,,,,,,,,,,,,,,
1630171,Isaac Okoro,Isaac,1610612739,CLE,21.0,1,0,1,0.0,33.63333333333333,2,5,0.4,0,1,0.0,2,2,1.0,1,2,3,2,1,2,0,0,1,2,6,11,17.6,0,0,15.0,1,70,70,70,38,91,94,86,78,89,78,33,39,1,36,78,76,59,40,10,46,1,33,38,91,24,87,15,1,88,,6,98.5,98.5,12.3,84.8,96,68,0.088,81,41,6,30,2.0,13.7,11.1,0.09,6,114,112,41,84.8,2.0,5.0,0.077,0.4,41,0.026,105,81.6,95.62,0.053,99.93,13.7,118,103,126,125,79.68,93,0.51,126,70,95.62,124,114,45,84,93.8,91,0.071,11.3,121,22.2,99,94,0.039,0.0,2.0,0.0,1.0,0.095,0.095,6.0,15.0,21.0,0.0,0.0,1.0,0.0,0.0,0.0,1.0,0.0,0.0,1.0,0.0,0.0,0.0,0.0,0.0,0.0,0.0,27.0,0.667,0.0,0.0,0.0,19.0,2.64,0.222,1.59,0.0,6.0,1.2,3.0,0.3,0.0,3.0,2.0,0.286,0.333,11.0,0.0,0.0,0.0,3.7,0.0,0.0,7.0,0.0,0.3,0.286,8.6,3.0,1.0,0.333,0.0,10.0,0.0,0.0,0.4,0.0,0.0,2.0,0.0,1.0,0.0,0.0,,2.0,0.4,0.0,0.0,1.0,0.4,2.0,2.0,0.0,2.0,2.0,0.0,0.4,,0.0,1.0,1.0,,,,,,,,,,,,,,0.2,0.0,0.2,0.0,0.0,0.0,0.0,,0.0,1.0,0.0,0.0,1.0,,,,0.0,0.0,0.0,0.0,0.0,0.0,0.5,0.0,0.0,0.0,2.0,0.4,0.0,0.0,0.0,0.0,0.0,0.0,0.0,1.0,0.0,0.0,0.0,0.0,0.0,0.0,1.0,0.0,2.0,0.0,0.0,0.0,4.0,0.0,0.0,0.0,0.5,0.0,0.35,F-G,0.62,114.0,0.007,184.0,0.613,,0.0,0.0,4.0,0.0,0.0,0.0,0.0,0.5,0.0,0.0,0.0,1.0,0.0,0.0,0.0,0.0,0.0,0.0,2.0,,,0.0,0.0,0.0,0.0,0.0,CLE,0.0,0.0,1.0,0.0,1.0,0.0,2022,22101006,,1.0,6.0,12.0,0.5,0.48,0.02,0.25,0.0,3.0,0.0,0.358,-0.358,0.75,6.0,9.0,0.667,0.533,0.133,0.417,5.0,5.0,1.0,0.639,0.361,0.417,5.0,5.0,1.0,0.59,0.41,0.5,0.0,6.0,0.0,0.414,-0.414,8.0,6.0,2.0,1.0,0.0,0.0,0.0,0.0,1.0,1.0,0.0,1.0,0.0,1.0,1.0,1.0,0.0,0.0,1.0,1.0,0.0,27.0,0.0,0.0,0.0,0.0,0.0,0.0,0.0,0.0,0.0,0.0,0.0,0.0,0.0,0.0,0.0,0.0,0.0,33.63,12932.0,2.45,1.22,1.23,4.0,4.01,4.0,,,CHI,CLE,20220312,2021-22,False,CLE,CHI,,,,,,,,,,,,,,,,,,,,,,,,,,,,,,,,,,,,,,,,,,,,,,,,,,,,,,,,,,,,,,,,,,,,,,,,,,,,,,,,,,,,,,,,,,,,,,,,,,,,,,,,,,,,,,
1630171,Isaac Okoro,Isaac,1610612739,CLE,21.0,1,0,1,0.0,28.37333333333333,1,5,0.2,1,3,0.333,3,4,0.75,3,2,5,1,0,1,0,0,2,2,6,-9,16.5,0,0,15.0,1,80,80,80,48,113,98,133,46,67,53,28,26,45,9,81,34,85,95,30,46,1,74,49,95,112,91,13,1,90,,133,117.9,117.9,-13.2,129.3,116,56,0.104,115,96,126,82,1.0,-11.5,0.0,0.103,126,58,50,96,129.3,0.0,5.0,0.053,0.3,89,0.111,1,129.9,96.43,0.091,96.67,-11.5,94,1,139,136,80.36,145,0.444,139,17,96.43,138,58,98,111,116.7,113,0.038,0.0,58,12.5,126,98,0.102,0.0,1.0,0.0,0.0,0.031,0.031,2.0,28.0,32.0,0.0,3.0,0.0,0.0,0.0,0.0,4.0,0.0,0.0,0.0,0.75,0.0,1.0,0.0,0.0,0.0,0.0,43.0,0.5,0.0,0.0,1.0,31.0,2.53,0.14,1.58,0.0,6.0,1.8,4.0,0.714,0.0,4.0,1.0,0.667,0.75,7.9,0.0,2.0,1.0,8.3,0.333,0.4,3.0,0.0,0.714,0.667,8.2,3.0,2.0,0.75,0.5,7.0,1.0,,,,,,,,,,,,,,,0.0,0.4,2.0,0.0,0.0,0.0,2.0,0.0,0.4,,0.0,0.0,0.0,,,,,,,,,,,,,,0.6,0.5,0.6,0.0,0.0,0.333,0.333,,1.0,3.0,0.0,1.0,3.0,,,,0.0,0.0,0.0,0.0,0.0,0.0,0.0,0.0,0.0,3.0,2.0,0.3,0.0,0.333,0.333,0.0,0.0,0.0,0.0,3.0,0.0,0.0,0.0,0.0,0.333,0.0,3.0,0.0,0.0,1.0,0.0,1.0,2.0,0.0,0.0,0.0,0.0,0.0,0.351,F-G,0.598,101.0,-0.013,169.0,0.611,0.0,1.0,0.0,2.0,0.0,0.0,0.0,0.0,0.0,0.0,0.0,0.0,3.0,0.0,0.0,0.0,0.0,0.333,0.0,0.0,0.0,0.0,0.0,0.0,0.0,0.0,0.0,CLE,1.0,0.333,3.0,1.0,3.0,0.5,2022,22100920,,1.0,6.0,7.0,0.857,0.447,0.41,0.286,1.0,2.0,0.5,0.343,0.157,0.714,5.0,5.0,1.0,0.527,0.473,0.571,4.0,4.0,1.0,0.605,0.395,0.714,5.0,5.0,1.0,0.564,0.436,0.286,1.0,2.0,0.5,0.344,0.157,4.0,2.0,2.0,1.0,0.0,0.0,0.0,0.0,0.0,0.0,0.0,0.0,0.0,1.0,1.0,1.0,0.0,0.0,1.0,1.0,0.0,43.0,0.0,0.0,0.0,0.0,0.0,0.0,0.0,0.0,0.0,0.0,0.0,0.0,0.0,0.0,0.0,0.0,0.0,28.37,10971.0,2.08,1.13,0.94,4.13,4.05,3.82,,,CLE,MIN,20220228,2021-22,False,CLE,MIN,,,,,,,,,,,,,,,,,,,,,,,,,,,,,,,,,,,,,,,,,,,,,,,,,,,,,,,,,,,,,,,,,,,,,,,,,,,,,,,,,,,,,,,,,,,,,,,,,,,,,,,,,,,,,,
1630171,Isaac Okoro,Isaac,1610612739,CLE,21.0,1,0,1,0.0,36.443333333333335,4,9,0.444,3,7,0.429,4,4,1.0,1,3,4,2,1,2,0,0,0,3,15,-5,27.8,0,0,28.0,1,115,115,115,13,70,78,100,12,22,42,25,37,1,62,90,90,69,66,13,72,1,1,32,48,136,61,20,2,53,,128,110.4,110.4,-1.1,111.1,97,77,0.132,117,110,135,28,4.0,-0.7,7.1,0.132,135,85,161,110,111.1,2.0,9.0,0.087,0.611,98,0.023,117,109.7,104.05,0.075,105.55,-0.7,154,115,67,166,86.71,46,0.697,67,115,104.05,171,85,111,46,108.6,70,0.101,7.3,94,14.3,55,78,0.048,0.0,2.0,0.0,5.0,0.069,0.069,5.0,32.0,29.0,2.0,0.0,0.0,0.0,0.5,1.0,2.0,2.0,1.0,0.0,0.0,2.0,1.0,0.0,1.0,0.0,0.0,43.0,2.0,0.0,0.0,0.0,33.0,2.08,0.349,1.09,0.0,15.0,1.5,1.0,0.444,0.0,4.0,1.0,0.6,0.25,10.5,0.0,3.0,2.0,7.9,1.0,0.75,5.0,0.0,0.444,0.6,9.8,1.0,0.0,0.25,0.667,9.0,1.0,1.0,0.222,0.5,0.5,2.0,0.0,1.0,1.0,0.0,,2.0,0.222,0.5,0.0,,,,,,,,,,,,,,,2.0,2.0,0.0,0.75,1.0,0.0,0.222,0.222,0.5,0.5,1.0,0.0,0.556,0.6,0.556,0.0,0.0,0.4,0.4,,2.0,5.0,0.0,2.0,5.0,,,,0.0,0.0,0.0,0.0,0.0,0.0,1.0,0.0,0.0,9.0,2.0,0.611,0.0,0.429,0.5,1.0,0.0,0.0,0.0,5.0,1.0,0.0,0.0,0.0,0.4,0.0,4.0,0.0,1.0,2.0,0.0,2.0,2.0,0.0,2.0,0.5,0.5,0.0,0.403,F-G,0.574,31.0,-0.045,54.0,0.619,0.0,2.0,0.0,2.0,0.0,,0.0,2.0,0.5,0.5,0.0,0.0,5.0,0.0,0.0,0.0,0.0,0.4,0.0,1.0,0.0,0.0,0.0,1.0,,,0.0,CLE,3.0,0.429,7.0,3.0,7.0,0.643,2022,22100253,,1.0,3.0,11.0,0.273,0.425,-0.152,0.273,0.0,3.0,0.0,0.336,-0.336,0.727,3.0,8.0,0.375,0.485,-0.11,0.364,2.0,4.0,0.5,0.562,-0.062,0.545,2.0,6.0,0.333,0.516,-0.183,0.364,1.0,4.0,0.25,0.354,-0.104,4.0,2.0,2.0,2.0,0.0,0.0,0.0,1.0,1.0,2.0,0.5,0.5,0.0,2.0,2.0,2.0,2.0,0.0,1.0,1.0,1.0,43.0,0.0,0.0,0.0,0.0,0.0,0.0,0.0,0.0,0.0,0.0,0.0,0.0,0.0,0.0,0.0,0.0,0.0,36.45,14351.0,2.72,1.44,1.28,4.11,4.29,3.94,,,CLE,BKN,20211122,2021-22,False,CLE,BKN,,,,,,,,,,,,,,,,,,,,,,,,,,,,,,,,,,,,,,,,,,,,,,,,,,,,,,,,,,,,,,,,,,,,,,,,,,,,,,,,,,,,,,,,,,,,,,,,,,,,,,,,,,,,,,
1630171,Isaac Okoro,Isaac,1610612739,CLE,21.0,1,1,0,1.0,32.15,5,8,0.625,1,2,0.5,0,0,0.0,1,0,1,2,0,1,0,1,1,4,11,-7,18.2,0,0,17.0,1,1,1,1,11,25,41,21,32,45,17,48,49,48,24,80,68,33,50,14,26,68,16,10,38,59,45,9,1,46,,43,110.6,110.6,-14.6,121.2,53,66,0.107,55,51,47,40,5.0,-10.6,0.0,0.109,47,61,80,51,121.2,0.0,8.0,0.08,0.688,30,0.034,1,121.5,98.54,0.0,100.12,-10.6,80,1,65,74,82.12,60,0.688,65,46,98.54,75,61,55,30,106.9,25,0.074,0.0,64,20.0,27,41,0.018,0.0,2.0,0.0,2.0,0.105,0.105,5.0,21.0,19.0,0.0,2.0,0.0,0.667,0.0,0.8,5.0,0.0,0.0,0.0,0.4,4.0,3.0,0.4,0.0,2.0,2.0,29.0,1.0,0.0,0.0,1.0,23.0,3.12,0.379,2.17,0.0,11.0,1.5,2.0,0.333,1.0,2.0,0.0,0.0,0.5,0.0,0.0,0.0,0.0,16.2,0.0,0.0,1.0,1.0,0.5,0.0,16.2,1.0,1.0,0.5,0.0,3.0,0.0,,,,,,,,,,,,,,,0.6,0.625,5.0,3.0,0.0,3.0,5.0,0.0,0.625,,0.0,0.6,0.6,,,,,,,,,,,,,,0.375,0.833,0.25,1.0,1.0,0.5,0.667,1.0,1.0,2.0,0.125,2.0,3.0,,,,0.0,0.0,0.0,0.0,0.0,0.0,0.5,0.0,0.0,3.0,2.0,0.688,0.0,0.5,1.0,0.0,0.0,0.0,0.0,2.0,1.0,0.0,0.0,0.0,0.5,0.0,1.0,0.0,4.0,1.0,0.0,1.0,6.0,0.0,0.0,0.0,0.667,0.0,0.345,F-G,0.612,120.0,0.0,196.0,0.613,0.0,1.0,0.0,6.0,0.0,0.0,0.0,0.0,0.667,0.0,0.0,0.0,2.0,0.0,0.0,0.0,0.0,0.5,0.0,4.0,0.0,0.0,0.0,0.0,0.0,0.0,0.0,CLE,1.0,0.5,2.0,1.0,2.0,0.75,2022,22101060,,1.0,5.0,9.0,0.556,0.432,0.124,0.111,1.0,1.0,1.0,0.314,0.686,0.889,4.0,8.0,0.5,0.488,0.012,0.444,3.0,4.0,0.75,0.572,0.178,0.778,4.0,7.0,0.571,0.517,0.055,0.111,1.0,1.0,1.0,0.336,0.664,4.0,3.0,1.0,1.0,0.0,0.0,0.0,1.0,0.0,1.0,1.0,0.0,0.0,0.0,0.0,0.0,0.0,0.0,0.0,0.0,0.0,29.0,0.0,0.0,0.0,0.0,0.0,0.0,0.0,0.0,0.0,0.0,0.0,0.0,0.0,0.0,0.0,0.0,0.0,32.15,12367.0,2.34,1.24,1.1,4.0,3.79,4.25,,,CLE,DET,20220319,2021-22,False,CLE,DET,,,,,,,,,,,,,,,,,,,,,,,,,,,,,,,,,,,,,,,,,,,,,,,,,,,,,,,,,,,,,,,,,,,,,,,,,,,,,,,,,,,,,,,,,,,,,,,,,,,,,,,,,,,,,,
1630171,Isaac Okoro,Isaac,1610612739,CLE,21.0,1,0,1,0.0,27.101666666666667,2,7,0.286,2,3,0.667,0,0,0.0,0,1,1,4,0,0,0,1,2,2,6,-3,13.2,0,0,13.0,1,55,55,55,42,69,55,85,21,40,13,52,57,52,58,68,78,21,60,51,28,79,51,29,68,65,71,8,1,70,,57,113.7,113.7,-4.4,117.3,82,51,0.125,26,58,45,55,2.0,-3.6,0.0,0.132,45,70,96,58,117.3,0.0,7.0,0.2,0.429,15,0.0,1,122.6,91.21,0.038,87.53,-3.6,85,1,99,84,76.01,105,0.429,99,58,91.21,83,70,62,78,118.2,69,0.034,0.0,60,36.4,75,55,0.02,0.0,4.0,0.0,6.0,0.174,0.174,11.0,26.0,23.0,0.0,2.0,0.0,0.0,0.0,0.0,4.0,0.0,0.0,0.0,0.5,0.0,2.0,0.25,0.0,1.0,0.0,31.0,0.0,0.0,0.0,1.0,18.0,2.81,0.194,2.06,0.0,6.0,1.5,1.0,0.25,0.0,1.0,1.0,0.333,0.0,16.1,0.0,0.0,0.0,0.0,0.0,0.0,3.0,0.0,0.25,0.333,16.1,1.0,0.0,0.0,0.0,4.0,0.0,0.0,0.286,0.0,0.0,2.0,0.0,1.0,0.0,0.0,,2.0,0.286,0.0,0.0,0.0,0.286,2.0,0.0,0.0,0.0,2.0,0.0,0.286,,0.0,0.0,0.0,,,,,,,,,,,,,,0.429,1.0,0.429,0.0,0.0,0.667,0.667,,2.0,3.0,0.0,2.0,3.0,,,,0.0,0.0,0.0,0.0,0.0,0.0,0.0,0.0,0.0,6.0,0.0,0.429,0.0,0.667,1.0,0.0,0.0,0.0,0.0,2.0,0.0,0.0,0.0,0.0,1.0,0.0,2.0,0.0,0.0,2.0,0.0,2.0,4.0,0.0,1.0,0.0,0.0,0.0,0.345,F-G,0.619,125.0,0.005,202.0,0.613,0.0,2.0,0.0,4.0,0.0,,0.0,0.0,0.0,0.0,0.0,0.0,3.0,0.0,0.0,0.0,0.0,0.667,0.0,0.0,0.0,0.0,0.0,0.0,,,0.0,CLE,2.0,0.667,3.0,2.0,3.0,1.0,2022,22101095,,1.0,6.0,10.0,0.6,0.465,0.135,0.4,2.0,4.0,0.5,0.347,0.153,0.6,4.0,6.0,0.667,0.533,0.134,0.2,2.0,2.0,1.0,0.651,0.349,0.4,3.0,4.0,0.75,0.599,0.152,0.5,2.0,5.0,0.4,0.348,0.052,8.0,4.0,4.0,2.0,1.0,1.0,2.0,0.0,0.0,0.0,0.0,0.0,0.0,2.0,2.0,1.0,0.0,0.0,1.0,0.5,0.0,31.0,0.0,0.0,0.0,0.0,0.0,0.0,0.0,0.0,0.0,0.0,0.0,0.0,0.0,0.0,0.0,0.0,0.0,27.1,10262.0,1.94,0.95,0.99,3.98,4.28,4.11,,,TOR,CLE,20220324,2021-22,False,CLE,TOR,,,,,,,,,,,,,,,,,,,,,,,,,,,,,,,,,,,,,,,,,,,,,,,,,,,,,,,,,,,,,,,,,,,,,,,,,,,,,,,,,,,,,,,,,,,,,,,,,,,,,,,,,,,,,,
1630171,Isaac Okoro,Isaac,1610612739,CLE,21.0,1,1,0,1.0,23.48,4,12,0.333,1,7,0.143,0,1,0.0,1,8,9,1,3,1,0,1,1,2,9,9,21.3,0,0,22.0,1,1,1,1,117,76,53,141,65,27,125,116,106,116,60,11,18,101,24,49,80,154,59,61,92,53,96,14,3,86,,15,93.5,93.5,19.2,73.9,129,46,0.3,139,55,16,109,4.0,19.6,18.8,0.31,16,167,19,55,73.9,0.33,12.0,0.071,0.375,160,0.045,196,72.7,94.04,0.286,95.59,19.6,17,197,205,19,78.36,198,0.362,205,87,94.04,19,167,56,176,92.0,76,0.091,18.2,169,6.3,153,53,0.18,0.0,1.0,0.0,1.0,0.034,0.034,2.0,32.0,29.0,0.0,1.0,1.0,0.5,0.0,0.667,6.0,0.0,0.0,0.167,0.167,4.0,4.0,0.0,0.0,0.0,2.0,45.0,2.0,0.0,0.0,0.0,33.0,2.39,0.2,1.64,0.0,9.0,1.8,1.0,0.643,0.0,3.0,6.0,0.727,0.333,7.6,0.0,2.0,2.0,19.0,0.0,0.222,11.0,0.0,0.643,0.727,8.8,7.0,1.0,0.333,0.25,14.0,0.0,,,,,,,,,,,,,,,0.6,0.417,5.0,3.0,0.0,3.0,5.0,0.0,0.417,,0.0,0.6,0.6,,1.0,1.0,0.0,0.0,0.0,0.0,0.083,0.083,0.0,0.0,0.0,0.0,0.5,0.25,0.5,0.0,0.0,0.167,0.167,,1.0,6.0,0.0,1.0,6.0,0.0,0.0,0.0,0.0,1.0,0.0,0.0,1.0,0.0,1.0,0.0,0.0,3.0,2.0,0.375,0.0,0.167,0.0,1.0,0.0,0.0,0.0,3.0,1.0,0.0,0.0,0.0,0.0,0.0,2.0,0.0,3.0,0.0,0.0,0.0,5.0,0.0,4.0,0.25,0.6,0.0,0.394,F-G,0.538,14.0,-0.095,26.0,0.633,0.0,0.0,0.0,5.0,0.0,,0.0,3.0,0.6,0.333,0.0,0.0,4.0,0.0,0.0,0.0,0.0,0.0,0.0,3.0,0.0,0.0,0.0,1.0,,,0.0,CLE,0.0,0.0,5.0,0.0,5.0,0.0,2022,22100176,,1.0,3.0,8.0,0.375,0.408,-0.033,,,,,,,1.0,3.0,8.0,0.375,0.463,-0.088,0.25,1.0,2.0,0.5,0.572,-0.072,0.25,1.0,2.0,0.5,0.52,-0.02,0.25,0.0,2.0,0.0,0.35,-0.35,4.0,4.0,0.0,0.0,1.0,0.0,0.0,1.0,1.0,2.0,0.5,0.5,0.0,0.0,0.0,0.0,0.0,0.0,0.0,0.0,0.0,45.0,0.0,0.0,0.0,0.0,0.0,0.0,0.0,0.0,0.0,0.0,0.0,0.0,0.0,0.0,0.0,0.0,0.0,23.48,9697.0,1.84,0.99,0.84,4.33,4.64,3.99,,,CLE,DET,20211112,2021-22,False,CLE,DET,,,,,,,,,,,,,,,,,,,,,,,,,,,,,,,,,,,,,,,,,,,,,,,,,,,,,,,,,,,,,,,,,,,,,,,,,,,,,,,,,,,,,,,,,,,,,,,,,,,,,,,,,,,,,,
1630171,Isaac Okoro,Isaac,1610612739,CLE,21.0,1,0,1,0.0,25.383333333333333,3,5,0.6,0,2,0.0,1,2,0.5,1,1,2,1,1,0,0,0,2,1,7,-21,9.9,0,0,10.0,1,121,121,121,88,99,128,44,125,118,125,74,49,83,51,144,121,108,78,112,66,1,119,97,119,224,155,21,3,152,,208,96.5,96.5,-34.3,135.7,174,57,0.111,145,195,209,61,3.0,-39.2,12.5,0.117,209,153,160,195,135.7,1.0,5.0,0.063,0.6,123,0.045,147,136.1,106.84,0.042,103.89,-39.2,178,145,56,186,89.03,99,0.595,56,72,106.84,187,153,188,92,101.8,99,0.028,12.7,128,12.5,74,128,0.043,0.0,1.0,0.0,3.0,0.034,0.034,3.0,28.0,29.0,0.0,2.0,0.0,1.0,0.0,0.667,3.0,0.0,0.0,0.0,0.667,2.0,1.0,0.0,0.0,0.0,1.0,37.0,2.0,0.0,0.667,3.0,26.0,1.93,0.189,1.03,0.0,7.0,1.2,1.0,0.667,0.0,2.0,0.0,1.0,0.5,4.2,0.0,2.0,1.0,13.6,1.0,1.0,1.0,0.0,0.667,1.0,8.9,0.0,0.0,0.5,1.0,3.0,1.0,1.0,0.2,1.0,1.0,1.0,0.0,1.0,1.0,0.0,,1.0,0.2,1.0,0.0,1.0,0.4,2.0,2.0,0.0,2.0,2.0,0.0,0.4,,0.0,1.0,1.0,,,,,,,,,,,,,,0.4,0.0,0.4,0.0,0.0,0.0,0.0,,0.0,2.0,0.0,0.0,2.0,,,,0.0,0.0,0.0,0.0,0.0,0.0,1.0,1.0,2.0,0.0,2.0,0.6,0.0,0.0,0.0,0.0,0.0,0.0,0.0,1.0,0.0,0.0,0.0,0.0,0.0,0.0,1.0,0.0,3.0,0.0,0.0,0.0,3.0,0.0,1.0,0.0,1.0,0.0,0.353,F-G,0.833,5.0,0.21,6.0,0.623,0.0,0.0,0.0,3.0,0.0,,0.0,1.0,1.0,0.0,0.0,0.0,1.0,0.0,0.0,0.0,0.0,0.0,0.0,3.0,0.0,0.0,0.0,0.0,,,0.0,CLE,0.0,0.0,2.0,0.0,2.0,0.0,2022,22100017,,1.0,6.0,9.0,0.667,0.452,0.215,0.556,4.0,5.0,0.8,0.357,0.443,0.444,2.0,4.0,0.5,0.487,0.013,0.222,2.0,2.0,1.0,0.591,0.409,0.444,2.0,4.0,0.5,0.507,-0.007,0.556,4.0,5.0,0.8,0.364,0.436,3.0,0.0,3.0,3.0,0.0,1.0,2.0,0.0,0.0,0.0,0.0,0.0,0.0,0.0,0.0,0.0,0.0,0.0,0.0,0.0,0.0,37.0,0.0,0.0,0.0,0.0,0.0,0.0,0.0,0.0,0.0,0.0,0.0,0.0,0.0,0.0,0.0,0.0,0.0,25.38,11037.0,2.09,1.09,1.0,4.61,4.75,4.46,,,CLE,CHA,20211022,2021-22,False,CLE,CHA,,,,,,,,,,,,,,,,,,,,,,,,,,,,,,,,,,,,,,,,,,,,,,,,,,,,,,,,,,,,,,,,,,,,,,,,,,,,,,,,,,,,,,,,,,,,,,,,,,,,,,,,,,,,,,
1630171,Isaac Okoro,Isaac,1610612739,CLE,21.0,1,0,1,0.0,31.54,4,8,0.5,1,4,0.25,3,4,0.75,1,4,5,3,1,3,0,0,3,3,12,-4,30.5,0,0,27.0,1,126,126,126,57,78,98,73,75,68,101,28,32,61,49,67,70,51,81,1,69,1,180,38,75,153,53,15,1,65,,78,93.7,93.7,-2.4,96.9,97,63,0.159,81,128,74,15,4.0,-3.3,7.1,0.161,74,177,124,128,96.9,3.0,8.0,0.176,0.563,76,0.03,123,97.6,97.4,0.133,96.24,-3.3,117,120,155,155,81.17,165,0.615,155,101,97.4,157,177,132,83,95.2,78,0.117,7.3,174,21.4,91,98,0.079,0.0,4.0,1.0,3.0,0.097,0.129,7.0,28.0,31.0,4.0,2.0,0.0,0.0,0.5,0.75,4.0,3.0,2.0,0.0,0.5,3.0,0.0,0.0,0.75,0.0,0.0,44.0,0.0,0.0,0.0,0.0,26.0,3.08,0.273,2.25,0.0,12.0,2.3,0.0,0.714,1.0,2.0,4.0,0.8,0.5,6.3,0.0,0.0,0.0,12.3,0.0,0.0,5.0,1.0,0.833,1.0,7.5,5.0,1.0,0.5,0.0,7.0,0.0,1.0,0.125,1.0,1.0,1.0,0.0,1.0,1.0,0.0,,1.0,0.125,1.0,0.0,0.5,0.25,2.0,1.0,0.0,1.0,2.0,0.0,0.25,,0.0,0.5,0.5,,,,,,,,,,,,,,0.625,0.5,0.5,1.0,1.0,0.25,0.4,1.0,1.0,4.0,0.125,2.0,5.0,,,,0.0,0.0,0.0,0.0,0.0,0.0,0.0,0.0,0.0,3.0,0.0,0.563,0.0,0.25,0.333,0.0,1.0,0.0,0.0,3.0,0.0,0.0,0.0,0.0,0.333,0.0,3.0,0.0,3.0,1.0,0.0,1.0,3.0,0.0,1.0,0.0,1.0,0.0,0.4,F-G,0.556,20.0,-0.068,36.0,0.624,0.0,1.0,0.0,3.0,0.0,,0.0,1.0,1.0,0.0,1.0,0.0,3.0,0.0,0.0,0.0,0.0,0.333,0.0,3.0,0.0,0.0,0.0,0.0,,,0.0,CLE,1.0,0.25,4.0,1.0,4.0,0.375,2022,22100199,,1.0,9.0,17.0,0.529,0.433,0.097,0.412,2.0,7.0,0.286,0.35,-0.065,0.588,7.0,10.0,0.7,0.49,0.21,0.412,5.0,7.0,0.714,0.584,0.131,0.412,5.0,7.0,0.714,0.537,0.177,0.529,3.0,9.0,0.333,0.361,-0.027,7.0,4.0,3.0,4.0,0.0,1.0,2.0,0.0,0.0,0.0,0.0,0.0,0.0,1.0,1.0,1.0,0.0,0.0,1.0,1.0,0.0,44.0,0.0,0.0,0.0,0.0,0.0,0.0,0.0,0.0,0.0,0.0,0.0,0.0,0.0,0.0,0.0,0.0,0.0,31.53,12551.0,2.38,1.27,1.11,4.31,4.46,4.16,,,CLE,BOS,20211115,2021-22,False,CLE,BOS,,,,,,,,,,,,,,,,,,,,,,,,,,,,,,,,,,,,,,,,,,,,,,,,,,,,,,,,,,,,,,,,,,,,,,,,,,,,,,,,,,,,,,,,,,,,,,,,,,,,,,,,,,,,,,
1630171,Isaac Okoro,Isaac,1610612739,CLE,21.0,1,0,1,0.0,29.515,3,7,0.429,0,1,0.0,2,3,0.667,0,0,0,3,1,0,0,0,4,3,8,-12,11.5,0,0,11.0,1,133,133,133,98,129,135,147,148,174,148,58,60,95,146,232,242,62,75,121,97,1,217,51,139,228,188,26,5,183,,197,107.9,107.9,-11.7,127.0,227,63,0.13,106,200,192,22,3.0,-19.0,8.3,0.142,192,162,242,200,127.0,3.0,7.0,0.13,0.429,66,0.0,156,125.5,102.46,0.0,100.37,-19.0,232,154,50,182,85.38,113,0.481,50,146,102.46,175,162,174,170,113.9,129,0.007,8.1,129,25.0,169,135,0.0,0.0,2.0,0.0,4.0,0.188,0.125,5.0,22.0,16.0,0.0,0.0,0.0,0.333,0.0,0.667,3.0,0.0,0.0,0.0,0.0,2.0,3.0,0.0,0.0,0.0,1.0,26.0,0.0,0.0,0.0,0.0,21.0,2.4,0.308,1.12,0.0,8.0,1.0,1.0,,,,,,,,,,,,,,,,,,,,,,,,,2.0,0.286,1.0,1.0,2.0,0.0,1.0,2.0,0.0,,2.0,0.286,1.0,0.0,0.25,0.571,4.0,1.0,0.0,1.0,4.0,0.0,0.571,,0.0,0.25,0.25,,,,,,,,,,,,,,0.143,0.0,0.143,0.0,0.0,0.0,0.0,,0.0,1.0,0.0,0.0,1.0,,,,0.0,0.0,0.0,0.0,0.0,0.0,0.0,0.0,0.0,0.0,0.0,0.429,0.0,0.0,0.0,0.0,0.0,0.0,0.0,1.0,0.0,0.0,0.0,0.0,0.0,0.0,1.0,0.0,3.0,0.0,0.0,0.0,6.0,0.0,0.0,0.0,0.5,0.0,0.331,F-G,0.571,60.0,-0.05,105.0,0.621,0.0,0.0,0.0,6.0,0.0,,0.0,0.0,0.5,0.0,0.0,0.0,1.0,0.0,0.0,0.0,0.0,0.0,0.0,3.0,0.0,0.0,0.0,0.0,,,0.0,CLE,0.0,0.0,1.0,0.0,1.0,0.0,2022,22100673,,1.0,5.0,10.0,0.5,0.479,0.022,0.2,1.0,2.0,0.5,0.372,0.128,0.8,4.0,8.0,0.5,0.509,-0.009,0.3,2.0,3.0,0.667,0.614,0.053,0.5,3.0,5.0,0.6,0.567,0.033,0.4,2.0,4.0,0.5,0.405,0.095,4.0,3.0,1.0,0.0,0.0,1.0,3.0,0.0,0.0,0.0,0.0,0.0,0.0,0.0,0.0,0.0,0.0,0.0,0.0,0.0,0.0,26.0,0.0,0.0,0.0,0.0,0.0,0.0,0.0,0.0,0.0,0.0,0.0,0.0,0.0,0.0,0.0,0.0,0.0,29.52,11192.0,2.12,1.09,1.03,4.06,4.34,3.8,,,CHI,CLE,20220119,2021-22,False,CLE,CHI,,,,,,,,,,,,,,,,,,,,,,,,,,,,,,,,,,,,,,,,,,,,,,,,,,,,,,,,,,,,,,,,,,,,,,,,,,,,,,,,,,,,,,,,,,,,,,,,,,,,,,,,,,,,,,
1630171,Isaac Okoro,Isaac,1610612739,CLE,21.0,1,0,1,0.0,29.15,4,4,1.0,4,4,1.0,0,0,0.0,0,1,1,1,0,1,0,0,2,0,12,12,17.7,0,0,20.0,1,91,91,91,71,77,130,1,12,58,1,106,110,106,95,137,150,98,113,25,70,1,79,129,72,15,104,13,2,84,,130,145.0,145.0,18.3,125.0,112,60,0.063,138,34,132,99,4.0,20.0,0.0,0.061,132,7,162,34,125.0,0.0,4.0,0.034,1.5,69,0.0,1,123.7,98.8,0.043,100.38,20.0,156,1,76,167,82.33,52,1.5,76,95,98.8,167,7,37,1,142.0,77,0.077,0.0,8,20.0,1,130,0.022,0.0,1.0,0.0,3.0,0.056,0.056,3.0,16.0,18.0,0.0,0.0,0.0,0.0,0.0,0.0,0.0,0.0,0.0,0.0,0.0,0.0,0.0,0.0,0.0,0.0,0.0,23.0,0.0,0.0,0.0,1.0,19.0,1.7,0.522,0.78,0.0,12.0,0.7,1.0,0.5,1.0,1.0,0.0,1.0,0.0,2.4,1.0,1.0,1.0,0.0,0.0,1.0,1.0,0.0,1.0,1.0,2.4,0.0,0.0,0.0,1.0,2.0,0.0,,,,,,,,,,,,,,,,,,,,,,,,,,,,,,,,,,,,,,,,,1.0,1.5,1.0,0.0,0.0,1.0,1.0,,4.0,4.0,0.0,4.0,4.0,,,,0.0,0.0,0.0,0.0,0.0,0.0,0.0,0.0,0.0,12.0,0.0,1.5,0.0,1.0,1.0,1.0,0.0,0.0,0.0,3.0,0.0,0.0,0.0,0.0,1.0,0.0,3.0,0.0,0.0,3.0,0.0,3.0,0.0,0.0,1.0,1.0,0.0,0.0,0.348,F-G,0.615,123.0,0.002,200.0,0.613,0.0,3.0,0.0,0.0,0.0,,0.0,1.0,0.0,1.0,0.0,0.0,3.0,0.0,0.0,0.0,0.0,1.0,0.0,0.0,0.0,0.0,0.0,1.0,,,0.0,CLE,4.0,1.0,4.0,4.0,4.0,1.5,2022,22101072,,1.0,6.0,7.0,0.857,0.491,0.366,,,,,,,1.0,6.0,7.0,0.857,0.543,0.315,0.571,3.0,4.0,0.75,0.631,0.12,0.571,3.0,4.0,0.75,0.603,0.147,0.429,3.0,3.0,1.0,0.341,0.659,5.0,5.0,0.0,2.0,0.0,0.0,0.0,0.0,0.0,0.0,0.0,0.0,0.0,0.0,0.0,0.0,0.0,0.0,0.0,0.0,0.0,23.0,0.0,0.0,0.0,0.0,0.0,0.0,0.0,0.0,0.0,0.0,0.0,0.0,0.0,0.0,0.0,0.0,0.0,29.15,10490.0,1.99,0.97,1.01,3.92,4.29,3.61,,,CLE,LAL,20220321,2021-22,False,CLE,LAL,,,,,,,,,,,,,,,,,,,,,,,,,,,,,,,,,,,,,,,,,,,,,,,,,,,,,,,,,,,,,,,,,,,,,,,,,,,,,,,,,,,,,,,,,,,,,,,,,,,,,,,,,,,,,,
1630171,Isaac Okoro,Isaac,1610612739,CLE,21.0,1,1,0,1.0,16.483333333333334,2,6,0.333,0,2,0.0,2,4,0.5,0,1,1,1,1,0,0,0,1,2,6,-3,7.7,0,0,8.0,1,1,1,1,135,117,103,122,101,93,101,43,22,85,98,130,146,102,59,90,64,1,34,52,120,110,149,18,2,148,,176,122.2,122.2,-1.6,134.3,151,36,0.231,124,126,175,58,2.0,-12.1,10.0,0.235,175,37,156,126,134.3,1.0,6.0,0.059,0.333,115,0.0,121,130.3,103.38,0.071,102.33,-12.1,132,111,68,51,86.15,85,0.387,68,98,103.38,52,37,94,136,128.7,117,0.0,10.2,24,10.0,134,103,0.033,0.0,1.0,0.0,1.0,0.071,0.071,2.0,20.0,14.0,2.0,0.0,0.0,0.5,0.333,1.0,3.0,1.0,1.0,0.0,0.0,3.0,2.0,0.0,0.5,0.0,1.0,23.0,0.0,0.0,0.0,0.0,19.0,2.15,0.261,1.39,0.0,6.0,0.8,0.0,0.5,0.0,1.0,1.0,1.0,0.0,20.1,0.0,0.0,0.0,0.0,0.0,0.0,1.0,0.0,0.5,1.0,20.1,1.0,0.0,0.0,0.0,2.0,0.0,,,,,,,,,,,,,,,0.5,0.667,4.0,2.0,0.0,2.0,4.0,0.0,0.667,,0.0,0.5,0.5,,,,,,,,,,,,,,0.333,0.0,0.333,0.0,0.0,0.0,0.0,,0.0,2.0,0.0,0.0,2.0,,,,0.0,0.0,0.0,0.0,0.0,0.0,0.0,0.0,0.0,0.0,0.0,0.333,0.0,0.0,0.0,0.0,0.0,0.0,0.0,2.0,0.0,0.0,0.0,0.0,0.0,0.0,2.0,0.0,2.0,0.0,0.0,0.0,4.0,0.0,0.0,0.0,0.5,0.0,0.332,F-G,0.585,55.0,-0.037,94.0,0.622,0.0,0.0,0.0,4.0,0.0,0.0,0.0,0.0,0.5,0.0,0.0,0.0,2.0,0.0,0.0,0.0,0.0,0.0,0.0,2.0,0.0,0.0,0.0,0.0,0.0,0.0,0.0,CLE,0.0,0.0,2.0,0.0,2.0,0.0,2022,22100638,,1.0,3.0,3.0,1.0,0.478,0.522,,,,,,,1.0,3.0,3.0,1.0,0.525,0.475,0.667,2.0,2.0,1.0,0.63,0.371,1.0,3.0,3.0,1.0,0.566,0.434,,,,,,,2.0,2.0,0.0,0.0,0.0,0.0,0.0,0.0,0.0,0.0,0.0,0.0,0.0,1.0,1.0,1.0,0.0,0.0,1.0,1.0,0.0,23.0,0.0,0.0,0.0,0.0,0.0,0.0,0.0,0.0,0.0,0.0,0.0,0.0,0.0,0.0,0.0,0.0,0.0,16.48,6567.0,1.24,0.66,0.59,4.0,4.28,4.42,,,SAS,CLE,20220114,2021-22,False,CLE,SAS,,,,,,,,,,,,,,,,,,,,,,,,,,,,,,,,,,,,,,,,,,,,,,,,,,,,,,,,,,,,,,,,,,,,,,,,,,,,,,,,,,,,,,,,,,,,,,,,,,,,,,,,,,,,,,
1630171,Isaac Okoro,Isaac,1610612739,CLE,21.0,1,1,0,1.0,17.948333333333334,2,4,0.5,0,0,0.0,0,0,0.0,1,1,2,2,0,0,0,0,3,0,4,18,9.4,0,0,8.0,1,1,1,1,225,208,227,120,186,246,186,174,183,174,89,217,209,126,200,152,102,1,217,232,250,34,260,30,5,270,,46,143.6,143.6,56.0,95.0,261,39,0.091,177,20,53,174,2.0,48.6,0.0,0.094,53,34,219,20,95.0,0.0,4.0,0.105,0.5,48,0.053,1,92.8,105.64,0.048,105.1,48.6,258,1,61,274,88.03,73,0.5,61,100,105.64,274,34,12,194,148.8,208,0.027,0.0,21,33.3,160,227,0.05,1.0,4.0,1.0,6.0,0.118,0.235,6.0,15.0,17.0,0.0,1.0,0.0,0.333,0.0,0.5,4.0,0.0,0.0,0.0,0.25,2.0,3.0,0.0,0.0,0.0,1.0,21.0,1.0,0.0,0.0,1.0,16.0,1.76,0.19,0.9,0.0,4.0,0.6,2.0,0.667,0.0,2.0,1.0,1.0,0.5,5.8,0.0,0.0,0.0,11.7,0.0,0.0,1.0,0.0,0.667,1.0,8.8,2.0,1.0,0.5,0.0,3.0,0.0,1.0,0.5,0.5,0.5,2.0,0.0,1.0,1.0,0.0,,2.0,0.5,0.5,0.0,0.5,0.5,2.0,1.0,0.0,1.0,2.0,0.0,0.5,,0.0,0.5,0.5,,,,,,,,,,,,,,,,,,,,,,,,,,,,,,,0.0,0.0,0.0,,0.0,1.0,0.0,0.0,0.0,2.0,0.5,0.0,0.0,0.0,0.0,1.0,0.0,,0.0,0.0,,,0.0,0.0,0.0,0.0,0.0,2.0,0.0,0.0,0.0,3.0,0.0,0.0,0.0,0.667,0.0,0.344,F-G,0.617,142.0,0.003,230.0,0.614,0.0,0.0,0.0,3.0,,,0.0,0.0,0.667,0.0,1.0,0.0,0.0,0.0,0.0,,,0.0,0.0,2.0,0.0,0.0,0.0,0.0,,,0.0,CLE,0.0,,,,0.0,,2022,22101218,,1.0,2.0,3.0,0.667,0.456,0.21,,,,,,,1.0,2.0,3.0,0.667,0.495,0.172,0.667,2.0,2.0,1.0,0.571,0.429,0.667,2.0,2.0,1.0,0.549,0.452,0.333,0.0,1.0,0.0,0.391,-0.391,1.0,1.0,0.0,0.0,0.0,0.0,0.0,0.0,0.0,0.0,0.0,0.0,0.0,0.0,0.0,0.0,0.0,0.0,0.0,0.0,0.0,21.0,0.0,0.0,0.0,0.0,0.0,0.0,0.0,0.0,0.0,0.0,0.0,0.0,0.0,0.0,0.0,0.0,0.0,17.95,7760.0,1.47,0.74,0.73,4.75,4.66,4.23,,,CLE,MIL,20220410,2021-22,False,CLE,MIL,,,,,,,,,,,,,,,,,,,,,,,,,,,,,,,,,,,,,,,,,,,,,,,,,,,,,,,,,,,,,,,,,,,,,,,,,,,,,,,,,,,,,,,,,,,,,,,,,,,,,,,,,,,,,,
1630171,Isaac Okoro,Isaac,1610612739,CLE,21.0,1,1,0,1.0,29.45,4,5,0.8,0,0,0.0,2,2,1.0,1,2,3,2,3,1,1,1,2,2,10,8,19.6,0,0,19.0,1,1,1,1,62,70,126,16,117,156,117,36,50,1,37,87,83,68,13,30,27,121,92,42,82,32,94,17,1,89,,28,108.3,108.3,15.2,98.3,92,60,0.136,93,50,38,80,4.0,10.1,27.3,0.138,38,110,120,50,98.3,0.67,5.0,0.111,0.8,82,0.048,181,94.7,96.16,0.061,97.27,10.1,142,180,137,134,80.14,129,0.85,137,61,96.16,135,110,43,27,109.9,70,0.092,27.6,101,18.2,34,126,0.056,0.0,2.0,0.0,6.0,0.077,0.077,6.0,26.0,26.0,0.0,1.0,0.0,1.0,0.0,1.0,2.0,0.0,0.0,0.0,0.5,2.0,1.0,0.0,0.0,0.0,1.0,35.0,2.0,0.0,0.0,0.0,28.0,1.57,0.286,0.66,0.0,10.0,0.9,1.0,1.0,0.0,1.0,2.0,1.0,1.0,27.6,0.0,0.0,0.0,1.7,0.0,0.0,2.0,0.0,1.0,1.0,19.0,3.0,1.0,1.0,0.0,3.0,0.0,1.0,0.2,1.0,1.0,1.0,0.0,1.0,1.0,0.0,,1.0,0.2,1.0,0.0,0.75,0.8,4.0,3.0,0.0,3.0,4.0,0.0,0.8,,0.0,0.75,0.75,,,,,,,,,,,,,,,,,,,,,,,,,,,1.0,,1.0,,1.0,1.0,2.0,,0.0,1.0,0.0,0.0,0.0,2.0,0.8,0.0,0.0,0.0,0.0,1.0,0.0,0.0,0.0,0.0,0.0,0.0,0.0,0.0,2.0,0.0,2.0,2.0,0.0,1.0,0.0,2.0,0.0,0.0,0.0,1.0,0.0,0.367,F-G,0.581,36.0,-0.047,62.0,0.628,0.0,0.0,0.0,3.0,0.0,,0.0,0.0,0.667,0.0,0.0,1.0,0.0,1.0,1.0,0.0,0.0,0.0,1.0,2.0,0.0,0.0,1.0,0.0,,,1.0,CLE,0.0,,,,0.0,,2022,22100323,,1.0,3.0,9.0,0.333,0.427,-0.093,0.556,2.0,5.0,0.4,0.375,0.025,0.444,1.0,4.0,0.25,0.524,-0.274,0.222,1.0,2.0,0.5,0.631,-0.131,0.333,1.0,3.0,0.333,0.58,-0.247,0.556,2.0,5.0,0.4,0.381,0.019,4.0,1.0,3.0,0.0,0.0,0.0,0.0,0.0,0.0,0.0,0.0,0.0,0.0,0.0,0.0,0.0,0.0,0.0,0.0,0.0,0.0,35.0,0.0,0.0,0.0,0.0,0.0,0.0,0.0,0.0,0.0,0.0,0.0,0.0,0.0,0.0,0.0,0.0,0.0,29.45,11199.0,2.12,1.01,1.11,4.05,4.04,4.06,,,MIA,CLE,20211201,2021-22,False,CLE,MIA,,,,,,,,,,,,,,,,,,,,,,,,,,,,,,,,,,,,,,,,,,,,,,,,,,,,,,,,,,,,,,,,,,,,,,,,,,,,,,,,,,,,,,,,,,,,,,,,,,,,,,,,,,,,,,
1630171,Isaac Okoro,Isaac,1610612739,CLE,21.0,1,0,1,0.0,39.016666666666666,3,11,0.273,0,2,0.0,2,2,1.0,4,2,6,2,2,1,0,2,3,1,8,-9,19.2,0,0,18.0,1,115,115,115,4,105,69,159,124,128,124,47,56,1,6,128,56,66,42,43,81,213,168,104,111,194,118,20,2,119,,179,97.5,97.5,-13.8,108.8,181,80,0.151,138,161,164,64,3.0,-11.3,12.5,0.15,164,140,124,161,108.8,1.0,11.0,0.08,0.273,117,0.085,159,110.6,98.42,0.054,97.98,-11.3,182,156,116,149,82.02,125,0.337,116,30,98.42,155,140,174,161,96.8,105,0.014,12.6,145,12.5,164,69,0.071,0.0,1.0,0.0,3.0,0.105,0.053,3.0,25.0,19.0,0.0,2.0,0.0,0.333,0.0,0.4,5.0,0.0,0.0,0.0,0.4,2.0,3.0,0.0,0.0,0.0,1.0,34.0,0.25,0.0,0.0,0.0,30.0,1.77,0.235,1.0,0.0,8.0,1.0,8.0,0.462,0.0,9.0,1.0,0.5,0.444,6.6,0.0,4.0,1.0,4.8,0.75,0.667,4.0,0.0,0.462,0.5,5.4,2.0,1.0,0.444,0.5,13.0,3.0,0.0,0.091,0.0,0.0,1.0,0.0,1.0,0.0,0.0,,1.0,0.091,0.0,0.0,0.0,0.455,5.0,0.0,0.0,0.0,5.0,0.0,0.455,,0.0,0.0,0.0,1.0,2.0,0.0,2.0,1.0,0.0,2.0,0.182,0.0,,1.0,2.0,0.182,0.273,0.333,0.182,1.0,1.0,0.0,0.333,1.0,0.0,2.0,0.091,1.0,3.0,0.0,0.0,0.0,0.0,1.0,0.0,0.0,1.0,0.0,0.25,0.0,0.0,0.0,2.0,0.273,0.0,0.0,0.0,0.0,3.0,0.0,0.0,1.0,0.0,0.0,0.0,0.0,0.0,0.0,1.0,0.0,3.0,0.0,0.0,0.0,6.0,0.0,1.0,0.0,0.5,0.0,0.396,F-G,0.55,22.0,-0.075,40.0,0.625,0.0,0.0,0.0,9.0,0.0,,0.0,1.0,0.333,0.0,0.0,0.0,1.0,0.0,0.0,0.0,0.0,0.0,0.0,3.0,0.0,0.0,0.0,0.0,,,0.0,CLE,0.0,0.0,1.0,0.0,1.0,0.0,2022,22100216,,1.0,5.0,11.0,0.455,0.46,-0.006,0.455,2.0,5.0,0.4,0.347,0.053,0.545,3.0,6.0,0.5,0.538,-0.038,0.364,2.0,4.0,0.5,0.636,-0.136,0.364,2.0,4.0,0.5,0.598,-0.098,0.636,3.0,7.0,0.429,0.377,0.052,4.0,0.0,4.0,2.0,0.0,0.0,0.0,1.0,0.0,1.0,1.0,0.0,0.0,0.0,0.0,0.0,0.0,0.0,0.0,0.0,0.0,34.0,0.0,0.0,0.0,0.0,0.0,0.0,0.0,0.0,0.0,0.0,0.0,0.0,0.0,0.0,0.0,0.0,0.0,39.02,15028.0,2.85,1.46,1.39,4.09,4.21,4.28,,,BKN,CLE,20211117,2021-22,False,CLE,BKN,,,,,,,,,,,,,,,,,,,,,,,,,,,,,,,,,,,,,,,,,,,,,,,,,,,,,,,,,,,,,,,,,,,,,,,,,,,,,,,,,,,,,,,,,,,,,,,,,,,,,,,,,,,,,,
1630171,Isaac Okoro,Isaac,1610612739,CLE,21.0,1,1,0,1.0,17.833333333333332,0,7,0.0,0,3,0.0,2,2,1.0,0,3,3,0,2,0,0,1,2,1,2,-7,3.6,0,0,5.0,1,1,1,1,98,126,75,126,88,56,88,39,44,1,79,46,69,105,32,69,47,85,60,76,121,104,128,17,2,122,,39,78.4,78.4,-22.6,97.3,138,37,0.263,105,105,32,77,0.0,-18.9,20.0,0.264,32,128,51,105,97.3,0.0,7.0,0.0,0.0,105,0.0,116,100.1,99.59,0.2,98.73,-18.9,28,112,44,25,82.99,68,0.127,44,79,99.59,26,128,111,131,77.5,126,-0.128,20.2,127,0.0,126,75,0.094,0.0,0.0,0.0,1.0,0.0,0.0,0.0,18.0,14.0,0.0,0.0,1.0,0.0,0.0,0.0,4.0,0.0,0.0,0.25,0.0,0.0,3.0,0.0,0.0,0.0,0.0,24.0,0.0,0.0,0.0,0.0,17.0,2.71,0.083,1.92,0.0,2.0,1.1,0.0,0.5,0.0,1.0,3.0,0.6,0.0,14.9,0.0,0.0,0.0,0.0,0.0,0.0,5.0,0.0,0.5,0.6,14.9,3.0,0.0,0.0,0.0,6.0,0.0,,,,,,,,,,,,,,,0.0,0.286,2.0,0.0,0.0,0.0,2.0,0.0,0.286,,0.0,0.0,0.0,0.0,2.0,0.0,0.0,0.0,0.0,2.0,0.286,0.0,,0.0,0.0,0.286,0.429,0.0,0.429,0.0,0.0,0.0,0.0,,0.0,3.0,0.0,0.0,3.0,,,,0.0,0.0,0.0,0.0,0.0,0.0,0.0,0.0,0.0,0.0,0.0,0.0,0.0,0.0,0.0,0.0,1.0,0.0,0.0,2.0,2.0,0.0,0.0,0.0,0.0,0.0,0.0,0.0,0.0,0.0,0.0,0.0,3.0,0.0,1.0,0.0,0.0,0.0,0.397,F-G,0.517,15.0,-0.116,29.0,0.633,0.0,0.0,0.0,3.0,0.0,,0.0,1.0,0.0,0.0,1.0,0.0,2.0,0.0,0.0,0.0,0.0,0.0,0.0,0.0,0.0,0.0,0.0,0.0,,,0.0,CLE,0.0,0.0,2.0,0.0,2.0,0.0,2022,22100190,,1.0,4.0,7.0,0.571,0.515,0.057,0.286,1.0,2.0,0.5,0.375,0.125,0.714,3.0,5.0,0.6,0.58,0.02,0.429,1.0,3.0,0.333,0.633,-0.3,0.571,2.0,4.0,0.5,0.626,-0.126,0.429,2.0,3.0,0.667,0.375,0.292,4.0,2.0,2.0,1.0,0.0,0.0,0.0,0.0,1.0,1.0,0.0,1.0,0.0,0.0,0.0,0.0,0.0,0.0,0.0,0.0,0.0,24.0,0.0,0.0,0.0,0.0,0.0,0.0,0.0,0.0,0.0,0.0,0.0,0.0,0.0,0.0,0.0,0.0,0.0,17.83,6758.0,1.28,0.67,0.61,4.14,4.55,3.76,,,CLE,BOS,20211113,2021-22,False,CLE,BOS,,,,,,,,,,,,,,,,,,,,,,,,,,,,,,,,,,,,,,,,,,,,,,,,,,,,,,,,,,,,,,,,,,,,,,,,,,,,,,,,,,,,,,,,,,,,,,,,,,,,,,,,,,,,,,
1630171,Isaac Okoro,Isaac,1610612739,CLE,21.0,1,1,0,1.0,30.951666666666668,7,10,0.7,1,3,0.333,1,1,1.0,1,2,3,1,1,0,1,0,0,1,16,19,23.1,0,0,23.0,1,1,1,1,52,25,62,16,53,83,55,70,90,1,61,97,100,89,68,92,23,1,1,92,41,11,82,21,1,76,,92,136.9,136.9,32.4,106.1,79,65,0.153,127,26,96,52,7.0,30.9,8.3,0.164,96,10,134,26,106.1,1.0,10.0,0.037,0.75,116,0.05,102,103.1,101.58,0.063,103.62,30.9,140,103,87,125,84.65,56,0.766,87,73,101.58,119,10,23,22,135.4,25,0.106,8.0,14,8.3,22,62,0.058,1.0,2.0,0.0,5.0,0.034,0.069,6.0,31.0,29.0,0.0,1.0,0.0,1.0,0.0,1.333,3.0,0.0,0.0,0.0,0.333,4.0,2.0,0.0,0.0,0.0,2.0,40.0,2.0,0.0,1.5,2.0,33.0,2.0,0.4,1.13,0.0,16.0,1.3,1.0,0.5,0.0,2.0,2.0,0.5,0.5,7.3,0.0,0.0,0.0,14.1,0.0,0.0,4.0,0.0,0.5,0.5,9.6,3.0,1.0,0.5,0.0,6.0,0.0,1.0,0.1,1.0,1.0,1.0,0.0,1.0,1.0,0.0,,1.0,0.1,1.0,0.0,0.5,0.2,2.0,1.0,0.0,1.0,2.0,0.0,0.2,,0.0,0.5,0.5,1.0,2.0,0.0,2.0,1.0,0.0,2.0,0.2,0.0,,1.0,2.0,0.2,0.5,0.7,0.3,2.0,2.0,0.333,0.6,1.0,1.0,3.0,0.2,3.0,5.0,,,,0.0,0.0,0.0,0.0,0.0,0.0,1.0,1.0,3.0,3.0,2.0,0.75,0.0,0.333,0.333,0.0,0.0,0.0,0.0,3.0,0.0,0.0,0.0,0.0,0.333,0.0,3.0,0.0,6.0,1.0,0.0,1.0,7.0,0.0,0.0,0.0,0.857,0.0,0.341,F-G,0.608,45.0,-0.02,74.0,0.628,0.0,1.0,0.0,7.0,0.0,,0.0,0.0,0.857,0.0,0.0,0.0,3.0,0.0,0.0,0.0,0.0,0.333,0.0,6.0,0.0,0.0,0.0,0.0,,,0.0,CLE,1.0,0.333,3.0,1.0,3.0,0.5,2022,22100387,,1.0,5.0,11.0,0.455,0.455,0.0,0.727,2.0,8.0,0.25,0.334,-0.084,0.273,3.0,3.0,1.0,0.536,0.464,0.182,2.0,2.0,1.0,0.597,0.403,0.182,2.0,2.0,1.0,0.562,0.438,0.818,3.0,9.0,0.333,0.342,-0.009,7.0,1.0,6.0,0.0,0.0,0.0,0.0,1.0,0.0,1.0,1.0,0.0,0.0,0.0,0.0,0.0,0.0,0.0,0.0,0.0,0.0,40.0,0.0,0.0,0.0,0.0,0.0,0.0,0.0,0.0,0.0,0.0,0.0,0.0,0.0,0.0,0.0,0.0,0.0,30.95,11930.0,2.26,1.05,1.21,4.17,4.01,4.32,,,MIN,CLE,20211210,2021-22,False,CLE,MIN,,,,,,,,,,,,,,,,,,,,,,,,,,,,,,,,,,,,,,,,,,,,,,,,,,,,,,,,,,,,,,,,,,,,,,,,,,,,,,,,,,,,,,,,,,,,,,,,,,,,,,,,,,,,,,
1630171,Isaac Okoro,Isaac,1610612739,CLE,21.0,1,0,1,0.0,27.65,4,6,0.667,2,3,0.667,1,3,0.333,2,3,5,0,0,1,0,1,3,4,11,1,20.0,0,0,20.0,1,77,77,77,49,48,80,19,16,59,13,73,45,86,17,59,41,110,91,25,60,95,105,16,59,64,76,12,1,69,,67,110.9,110.9,1.4,109.1,77,55,0.108,110,67,65,78,4.0,1.8,0.0,0.116,65,72,78,67,109.1,0.0,6.0,0.0,0.833,110,0.065,1,109.0,95.48,0.086,95.72,1.8,99,1,144,129,79.57,142,0.751,144,32,95.48,129,72,70,29,110.4,48,0.088,0.0,72,0.0,16,80,0.076,0.0,0.0,0.0,2.0,0.0,0.0,0.0,15.0,16.0,0.0,1.0,0.0,0.0,0.0,0.0,2.0,0.0,0.0,0.0,0.5,0.0,0.0,0.0,0.0,0.0,0.0,25.0,1.0,0.0,0.0,0.0,20.0,2.3,0.44,1.52,0.0,11.0,1.0,2.0,0.625,0.0,4.0,3.0,0.75,0.5,16.6,0.0,1.0,0.0,3.7,0.5,0.2,4.0,0.0,0.625,0.75,11.4,4.0,1.0,0.5,0.0,8.0,1.0,0.0,0.167,0.0,0.0,1.0,0.0,1.0,0.0,0.0,,1.0,0.167,0.0,0.0,1.0,0.333,2.0,2.0,0.0,2.0,2.0,0.0,0.333,,0.0,1.0,1.0,,,,,,,,,,,,,,0.5,1.0,0.5,0.0,0.0,0.667,0.667,,2.0,3.0,0.0,2.0,3.0,,,,0.0,0.0,0.0,0.0,0.0,0.0,1.0,0.0,0.0,6.0,2.0,0.833,0.0,0.667,0.5,0.0,0.0,0.0,0.0,3.0,1.0,0.0,0.0,1.0,0.667,0.0,2.0,0.0,2.0,1.0,0.0,2.0,3.0,0.0,0.0,0.0,0.667,1.0,0.35,F-G,0.591,97.0,-0.019,164.0,0.61,0.0,2.0,0.0,3.0,0.0,,0.0,0.0,0.667,0.0,0.0,0.0,3.0,0.0,0.0,0.0,0.0,0.667,0.0,2.0,0.0,0.0,0.0,0.0,,,0.0,CLE,2.0,0.667,3.0,2.0,3.0,1.0,2022,22100889,,1.0,5.0,15.0,0.333,0.432,-0.098,0.333,1.0,5.0,0.2,0.346,-0.146,0.667,4.0,10.0,0.4,0.493,-0.093,0.333,2.0,5.0,0.4,0.59,-0.19,0.4,2.0,6.0,0.333,0.553,-0.22,0.4,1.0,6.0,0.167,0.354,-0.187,8.0,6.0,2.0,1.0,0.0,0.0,0.0,0.0,0.0,0.0,0.0,0.0,0.0,0.0,0.0,0.0,0.0,0.0,0.0,0.0,0.0,25.0,0.0,0.0,0.0,0.0,0.0,0.0,0.0,0.0,0.0,0.0,0.0,0.0,0.0,0.0,0.0,0.0,0.0,27.65,10534.0,2.0,0.92,1.08,4.06,3.65,4.47,,,DET,CLE,20220224,2021-22,False,CLE,DET,,,,,,,,,,,,,,,,,,,,,,,,,,,,,,,,,,,,,,,,,,,,,,,,,,,,,,,,,,,,,,,,,,,,,,,,,,,,,,,,,,,,,,,,,,,,,,,,,,,,,,,,,,,,,,
1630171,Isaac Okoro,Isaac,1610612739,CLE,21.0,1,1,0,1.0,37.46666666666667,3,7,0.429,0,0,0.0,0,0,0.0,2,2,4,3,1,2,0,1,2,2,6,18,20.3,0,0,17.0,1,1,1,1,11,69,74,78,74,110,74,85,88,85,14,78,54,31,46,4,43,102,57,50,86,8,72,18,2,74,,18,112.5,112.5,21.4,90.0,89,72,0.093,67,21,20,14,3.0,22.5,9.1,0.093,20,70,92,21,90.0,3.0,7.0,0.12,0.429,30,0.051,88,88.3,90.96,0.054,92.96,22.5,107,86,143,123,75.8,140,0.429,143,38,90.96,123,70,28,102,109.8,69,0.054,9.1,73,27.3,91,74,0.053,0.0,3.0,0.0,3.0,0.103,0.103,8.0,23.0,29.0,0.0,2.0,0.0,0.25,0.0,0.333,6.0,0.0,0.0,0.0,0.333,2.0,4.0,0.167,0.0,1.0,1.0,40.0,1.0,0.0,0.0,1.0,29.0,2.05,0.15,1.2,0.0,6.0,1.4,2.0,0.444,1.0,5.0,2.0,0.5,0.5,18.6,1.0,0.0,0.0,8.4,0.0,0.0,4.0,0.0,0.5,0.5,13.5,4.0,2.0,0.4,0.0,9.0,0.0,0.0,0.286,0.0,0.0,2.0,0.0,1.0,0.0,0.0,,2.0,0.286,0.0,0.0,0.75,0.571,4.0,3.0,0.0,3.0,4.0,0.0,0.571,,0.0,0.75,0.75,0.0,1.0,0.0,0.0,0.0,0.0,1.0,0.143,0.0,,0.0,0.0,0.143,,,,,,,,,,,,,,,,,,0.0,0.0,0.0,,0.0,0.5,0.0,0.0,0.0,2.0,0.429,0.0,0.0,0.0,0.0,2.0,0.0,0.0,0.0,0.0,0.0,0.0,0.0,0.0,0.0,0.0,0.0,3.0,0.0,0.0,0.0,5.0,0.0,0.0,0.0,0.6,0.0,0.348,F-G,0.588,97.0,-0.023,165.0,0.611,0.0,0.0,0.0,6.0,0.0,0.0,0.0,0.0,0.5,0.0,1.0,0.0,0.0,0.0,0.0,0.0,0.0,0.0,0.0,3.0,0.0,0.0,0.0,0.0,0.0,0.0,0.0,CLE,0.0,,,,0.0,,2022,22100907,,1.0,1.0,6.0,0.167,0.49,-0.323,0.167,0.0,1.0,0.0,0.35,-0.35,0.833,1.0,5.0,0.2,0.551,-0.351,0.167,0.0,1.0,0.0,0.739,-0.739,0.167,0.0,1.0,0.0,0.71,-0.71,0.833,1.0,5.0,0.2,0.355,-0.155,5.0,4.0,1.0,3.0,0.0,0.0,0.0,0.0,0.0,0.0,0.0,0.0,0.0,3.0,3.0,3.0,0.0,0.0,1.0,1.0,0.0,40.0,0.0,0.0,0.0,0.0,0.0,0.0,0.0,0.0,0.0,0.0,0.0,0.0,0.0,0.0,0.0,0.0,0.0,37.47,14137.0,2.68,1.41,1.27,4.04,4.2,3.9,,,CLE,WAS,20220226,2021-22,False,CLE,WAS,,,,,,,,,,,,,,,,,,,,,,,,,,,,,,,,,,,,,,,,,,,,,,,,,,,,,,,,,,,,,,,,,,,,,,,,,,,,,,,,,,,,,,,,,,,,,,,,,,,,,,,,,,,,,,
1630171,Isaac Okoro,Isaac,1610612739,CLE,21.0,1,0,1,0.0,31.6,1,1,1.0,0,0,0.0,3,4,0.75,1,1,2,1,1,0,0,0,3,2,5,-25,7.9,0,0,8.0,1,110,110,110,63,163,199,1,121,176,121,41,39,67,51,158,140,118,68,100,60,1,137,66,152,217,181,25,3,177,,200,93.8,93.8,-37.1,132.8,175,64,0.057,158,205,205,64,1.0,-39.1,20.0,0.055,205,180,178,205,132.8,1.0,1.0,0.045,1.0,71,0.036,195,130.3,97.22,0.04,98.46,-39.1,184,188,154,207,81.01,145,0.906,154,82,97.22,207,180,201,11,93.2,163,0.019,21.0,186,20.0,5,199,0.038,0.0,1.0,0.0,5.0,0.045,0.045,3.0,19.0,22.0,0.0,1.0,1.0,1.0,0.0,0.667,3.0,0.0,0.0,0.333,0.333,2.0,1.0,0.0,0.0,0.0,1.0,26.0,0.0,0.0,0.0,0.0,20.0,2.36,0.192,1.23,0.0,5.0,1.0,0.0,0.4,0.0,4.0,1.0,1.0,0.25,10.3,0.0,0.0,0.0,27.3,0.0,0.0,1.0,0.0,0.4,1.0,18.8,2.0,1.0,0.25,0.0,5.0,0.0,,,,,,,,,,,,,,,1.0,1.0,1.0,1.0,0.0,1.0,1.0,0.0,1.0,,0.0,1.0,1.0,,,,,,,,,,,,,,,,,,,,,,,,,,,,,,,0.0,0.0,0.0,,0.0,0.0,0.0,0.0,0.0,0.0,1.0,0.0,0.0,0.0,0.0,1.0,1.0,0.0,0.0,0.0,0.0,0.0,0.0,0.0,0.0,0.0,0.0,0.0,0.0,0.0,0.0,0.0,1.0,0.0,0.0,0.0,0.0,0.349,F-G,0.601,92.0,-0.01,153.0,0.611,0.0,0.0,1.0,0.0,0.0,,1.0,0.0,0.0,0.0,1.0,0.0,0.0,0.0,0.0,0.0,0.0,0.0,0.0,0.0,0.0,0.0,0.0,0.0,,,0.0,CLE,0.0,,,,0.0,,2022,22100849,,1.0,7.0,10.0,0.7,0.488,0.212,0.3,2.0,3.0,0.667,0.396,0.271,0.7,5.0,7.0,0.714,0.521,0.193,0.4,3.0,4.0,0.75,0.659,0.092,0.6,4.0,6.0,0.667,0.594,0.073,0.3,2.0,3.0,0.667,0.395,0.271,4.0,3.0,1.0,5.0,0.0,0.0,0.0,1.0,0.0,1.0,1.0,0.0,1.0,0.0,1.0,0.0,0.0,1.0,0.0,0.0,0.0,26.0,0.0,0.0,0.0,0.0,0.0,0.0,0.0,0.0,0.0,0.0,0.0,0.0,0.0,0.0,0.0,0.0,0.0,31.6,12304.0,2.33,1.13,1.2,4.07,3.73,4.44,,,PHI,CLE,20220212,2021-22,False,CLE,PHI,,,,,,,,,,,,,,,,,,,,,,,,,,,,,,,,,,,,,,,,,,,,,,,,,,,,,,,,,,,,,,,,,,,,,,,,,,,,,,,,,,,,,,,,,,,,,,,,,,,,,,,,,,,,,,
1630171,Isaac Okoro,Isaac,1610612739,CLE,21.0,1,0,1,0.0,31.5,1,5,0.2,0,2,0.0,0,0,0.0,1,2,3,5,0,1,2,1,2,0,2,-8,22.1,0,0,16.0,1,112,112,112,70,169,149,185,125,118,125,122,127,122,59,119,115,32,153,40,4,147,92,156,186,168,104,20,3,141,,209,131.7,131.7,-12.2,142.2,169,63,0.069,76,143,210,122,1.0,-10.4,0.0,0.07,210,25,149,143,142.2,0.0,5.0,0.179,0.2,3,0.037,1,136.6,96.76,0.074,101.55,-10.4,153,1,183,208,80.63,131,0.2,183,94,96.76,207,25,154,196,124.5,169,0.034,0.0,40,50.0,192,149,0.056,0.0,5.0,0.0,4.0,0.25,0.25,13.0,14.0,20.0,0.0,1.0,0.0,0.0,0.0,0.0,2.0,0.0,0.0,0.0,0.5,0.0,1.0,0.5,0.0,1.0,0.0,26.0,0.0,0.0,0.0,1.0,20.0,2.12,0.077,0.96,0.0,2.0,0.9,2.0,0.429,0.0,4.0,2.0,0.667,0.25,5.1,0.0,0.0,0.0,4.3,0.0,0.0,3.0,0.0,0.429,0.667,4.8,3.0,1.0,0.25,0.0,7.0,0.0,,,,,,,,,,,,,,,0.333,0.6,3.0,1.0,0.0,1.0,3.0,0.0,0.6,,0.0,0.333,0.333,,,,,,,,,,,,,,0.4,0.0,0.4,0.0,0.0,0.0,0.0,,0.0,2.0,0.0,0.0,2.0,,,,0.0,0.0,0.0,0.0,0.0,0.0,0.0,0.0,0.0,0.0,0.0,0.2,0.0,0.0,0.0,0.0,1.0,0.0,0.0,2.0,1.0,0.0,0.0,0.0,0.0,0.0,1.0,0.0,1.0,0.0,0.0,0.0,2.0,0.0,0.0,0.0,0.5,0.0,0.345,F-G,0.628,135.0,0.012,215.0,0.616,0.0,0.0,0.0,2.0,0.0,0.0,0.0,0.0,0.5,0.0,1.0,0.0,2.0,0.0,0.0,0.0,0.0,0.0,0.0,1.0,0.0,0.0,0.0,0.0,0.0,0.0,0.0,CLE,0.0,0.0,2.0,0.0,2.0,0.0,2022,22101136,,1.0,5.0,13.0,0.385,0.465,-0.08,0.077,0.0,1.0,0.0,0.351,-0.351,0.923,5.0,12.0,0.417,0.531,-0.114,0.385,3.0,5.0,0.6,0.676,-0.076,0.692,4.0,9.0,0.444,0.615,-0.171,0.231,1.0,3.0,0.333,0.365,-0.032,7.0,5.0,2.0,1.0,0.0,0.0,0.0,0.0,0.0,0.0,0.0,0.0,0.0,1.0,1.0,1.0,0.0,0.0,1.0,1.0,0.0,26.0,0.0,0.0,0.0,0.0,0.0,0.0,0.0,0.0,0.0,0.0,0.0,0.0,0.0,0.0,0.0,0.0,0.0,31.5,11884.0,2.25,1.07,1.18,4.09,4.12,4.06,,,CLE,DAL,20220330,2021-22,False,CLE,DAL,,,,,,,,,,,,,,,,,,,,,,,,,,,,,,,,,,,,,,,,,,,,,,,,,,,,,,,,,,,,,,,,,,,,,,,,,,,,,,,,,,,,,,,,,,,,,,,,,,,,,,,,,,,,,,
1630171,Isaac Okoro,Isaac,1610612739,CLE,21.0,1,1,0,1.0,30.571666666666665,7,8,0.875,1,1,1.0,1,2,0.5,2,0,2,2,1,0,0,0,2,1,16,17,20.4,0,0,21.0,1,1,1,1,26,13,43,9,39,71,1,49,38,50,5,90,68,37,30,50,29,1,47,53,24,13,48,10,1,43,,44,145.0,145.0,28.3,114.8,55,60,0.149,63,15,48,16,7.0,30.2,8.3,0.149,48,9,85,15,114.8,2.0,8.0,0.08,0.938,44,0.095,66,113.9,94.99,0.0,96.25,30.2,90,63,78,67,79.16,67,0.901,78,14,94.99,72,9,21,12,142.2,13,0.099,8.4,8,16.7,12,43,0.04,1.0,5.0,2.0,5.0,0.083,0.208,8.0,28.0,24.0,0.0,3.0,1.0,0.5,0.0,0.333,6.0,0.0,0.0,0.167,0.5,2.0,2.0,0.0,0.0,0.0,1.0,34.0,1.5,0.0,0.0,0.0,28.0,2.23,0.471,1.68,0.0,16.0,1.3,4.0,0.286,1.0,3.0,0.0,0.0,0.667,0.0,0.0,1.0,0.0,11.7,0.5,0.5,4.0,1.0,0.333,0.0,11.7,1.0,1.0,0.667,0.0,7.0,1.0,1.0,0.125,1.0,1.0,1.0,0.0,1.0,1.0,0.0,,1.0,0.125,1.0,0.0,1.0,0.5,4.0,4.0,0.0,4.0,4.0,0.0,0.5,,0.0,1.0,1.0,,,,,,,,,,,,,,0.375,0.833,0.125,2.0,1.0,1.0,0.667,0.5,1.0,1.0,0.25,2.0,3.0,,,,0.0,0.0,0.0,0.0,0.0,0.0,1.0,0.0,0.0,3.0,6.0,0.938,0.0,1.0,0.0,0.0,0.0,0.0,0.0,1.0,1.0,0.0,0.0,1.0,1.0,0.0,0.0,0.0,6.0,0.0,0.0,1.0,7.0,0.0,0.0,0.0,0.857,1.0,0.349,F-G,0.612,137.0,-0.002,224.0,0.614,0.0,1.0,0.0,7.0,0.0,0.0,0.0,0.0,0.857,0.0,0.0,0.0,1.0,0.0,0.0,0.0,0.0,1.0,0.0,6.0,0.0,0.0,0.0,0.0,0.0,0.0,0.0,CLE,1.0,1.0,1.0,1.0,1.0,1.5,2022,22101162,,1.0,2.0,11.0,0.182,0.406,-0.224,0.364,1.0,4.0,0.25,0.369,-0.119,0.636,1.0,7.0,0.143,0.443,-0.3,0.455,0.0,5.0,0.0,0.53,-0.53,0.545,1.0,6.0,0.167,0.478,-0.311,0.364,1.0,4.0,0.25,0.366,-0.116,7.0,5.0,2.0,1.0,0.0,0.0,0.0,1.0,0.0,1.0,1.0,0.0,0.0,1.0,1.0,1.0,0.0,0.0,1.0,1.0,0.0,34.0,0.0,0.0,0.0,0.0,0.0,0.0,0.0,0.0,0.0,0.0,0.0,0.0,0.0,0.0,0.0,0.0,0.0,30.57,12331.0,2.34,1.15,1.18,4.16,4.42,4.27,,,NYK,CLE,20220402,2021-22,False,CLE,NYK,,,,,,,,,,,,,,,,,,,,,,,,,,,,,,,,,,,,,,,,,,,,,,,,,,,,,,,,,,,,,,,,,,,,,,,,,,,,,,,,,,,,,,,,,,,,,,,,,,,,,,,,,,,,,,
1630171,Isaac Okoro,Isaac,1610612739,CLE,21.0,1,0,1,0.0,34.81166666666667,2,2,1.0,1,1,1.0,1,2,0.5,2,0,2,1,1,0,1,0,2,2,6,-7,11.9,0,0,12.0,1,87,87,87,19,102,148,1,46,114,1,75,52,74,23,148,111,90,57,79,18,1,86,48,109,114,121,14,2,117,,95,102.9,102.9,-6.7,111.6,130,68,0.05,118,101,106,49,2.0,-8.7,20.0,0.049,106,102,140,101,111.6,1.0,2.0,0.045,1.25,61,0.05,141,109.4,94.45,0.0,95.47,-8.7,148,140,121,161,78.71,114,1.042,121,56,94.45,162,102,98,2,102.8,102,0.039,20.5,100,20.0,1,148,0.029,0.0,1.0,0.0,3.0,0.083,0.083,2.0,10.0,12.0,2.0,2.0,0.0,1.0,0.25,0.75,4.0,1.0,1.0,0.0,0.5,3.0,1.0,0.0,0.5,0.0,1.0,15.0,0.0,0.0,0.0,0.0,11.0,2.07,0.4,1.4,0.0,6.0,0.5,0.0,0.4,1.0,4.0,0.0,0.0,0.667,0.0,1.0,0.0,0.0,16.6,0.0,0.0,1.0,0.0,0.5,0.0,16.6,2.0,2.0,0.5,0.0,5.0,0.0,,,,,,,,,,,,,,,1.0,0.5,1.0,1.0,0.0,1.0,1.0,0.0,0.5,,0.0,1.0,1.0,,,,,,,,,,,,,,0.5,1.5,0.5,0.0,0.0,1.0,1.0,,1.0,1.0,0.0,1.0,1.0,,,,0.0,0.0,0.0,0.0,0.0,0.0,0.0,0.0,0.0,3.0,0.0,1.25,0.0,1.0,1.0,0.0,0.0,0.0,0.0,1.0,0.0,0.0,0.0,0.0,1.0,0.0,1.0,0.0,1.0,1.0,0.0,1.0,1.0,0.0,0.0,0.0,1.0,0.0,0.347,F-G,0.623,129.0,0.009,207.0,0.614,0.0,1.0,0.0,1.0,0.0,0.0,0.0,0.0,1.0,0.0,0.0,0.0,1.0,0.0,0.0,0.0,0.0,1.0,0.0,1.0,0.0,0.0,0.0,0.0,0.0,0.0,0.0,CLE,1.0,1.0,1.0,1.0,1.0,1.5,2022,22101110,,1.0,6.0,12.0,0.5,0.472,0.028,0.25,1.0,3.0,0.333,0.373,-0.039,0.75,5.0,9.0,0.556,0.537,0.018,0.417,4.0,5.0,0.8,0.655,0.145,0.5,4.0,6.0,0.667,0.614,0.053,0.417,1.0,5.0,0.2,0.388,-0.188,6.0,4.0,2.0,0.0,0.0,0.0,0.0,0.0,1.0,1.0,0.0,1.0,0.0,2.0,2.0,1.0,0.0,0.0,1.0,0.5,0.0,15.0,0.0,0.0,0.0,0.0,0.0,0.0,0.0,0.0,0.0,0.0,0.0,0.0,0.0,0.0,0.0,0.0,0.0,34.82,13200.0,2.5,1.18,1.32,3.98,3.93,4.03,,,CLE,CHI,20220326,2021-22,False,CLE,CHI,,,,,,,,,,,,,,,,,,,,,,,,,,,,,,,,,,,,,,,,,,,,,,,,,,,,,,,,,,,,,,,,,,,,,,,,,,,,,,,,,,,,,,,,,,,,,,,,,,,,,,,,,,,,,,
1630171,Isaac Okoro,Isaac,1610612739,CLE,21.0,1,0,1,0.0,32.026666666666664,5,7,0.714,1,1,1.0,0,0,0.0,0,2,2,1,0,1,1,1,3,0,11,-15,20.9,0,0,19.0,1,87,87,87,62,55,90,16,54,110,1,95,101,95,98,97,116,92,107,29,21,103,110,126,74,166,94,19,2,95,,150,104.7,104.7,-17.3,124.2,97,64,0.095,128,152,145,90,5.0,-19.6,0.0,0.095,145,111,140,152,124.2,0.0,7.0,0.043,0.786,97,0.0,1,122.0,97.42,0.065,98.38,-19.6,128,1,99,150,81.18,93,0.786,99,98,97.42,152,111,147,27,104.6,55,0.083,0.0,111,12.5,19,90,0.032,1.0,2.0,0.0,4.0,0.038,0.077,5.0,25.0,26.0,0.0,0.0,0.0,0.0,0.0,0.0,2.0,0.0,0.0,0.0,0.0,0.0,2.0,0.0,0.0,0.0,0.0,34.0,0.0,0.0,0.0,1.0,27.0,2.07,0.324,1.32,0.0,11.0,1.2,0.0,0.286,0.0,2.0,0.0,0.4,0.0,3.1,0.0,2.0,2.0,0.0,0.0,1.0,5.0,0.0,0.286,0.4,3.1,0.0,0.0,0.0,1.0,7.0,0.0,0.0,0.143,0.0,0.0,1.0,0.0,1.0,0.0,0.0,,1.0,0.143,0.0,0.0,0.75,0.571,4.0,3.0,0.0,3.0,4.0,0.0,0.571,,0.0,0.75,0.75,1.0,1.0,0.0,1.0,1.0,0.0,1.0,0.143,0.0,,1.0,1.0,0.143,0.143,1.5,0.143,0.0,0.0,1.0,1.0,,1.0,1.0,0.0,1.0,1.0,,,,0.0,0.0,0.0,0.0,0.0,0.0,0.0,0.0,0.0,3.0,0.0,0.786,0.0,1.0,1.0,0.0,1.0,0.0,0.0,1.0,0.0,0.0,0.0,0.0,1.0,0.0,1.0,0.0,4.0,1.0,0.0,1.0,5.0,0.0,0.0,0.0,0.8,0.0,0.341,F-G,0.595,78.0,-0.018,131.0,0.613,0.0,1.0,0.0,5.0,0.0,0.0,0.0,0.0,0.8,0.0,1.0,0.0,1.0,0.0,0.0,0.0,0.0,1.0,0.0,4.0,0.0,0.0,0.0,0.0,0.0,0.0,0.0,CLE,1.0,1.0,1.0,1.0,1.0,1.5,2022,22100777,,1.0,5.0,12.0,0.417,0.443,-0.027,0.5,1.0,6.0,0.167,0.377,-0.211,0.5,4.0,6.0,0.667,0.535,0.132,0.5,4.0,6.0,0.667,0.589,0.078,0.5,4.0,6.0,0.667,0.558,0.109,0.5,1.0,6.0,0.167,0.377,-0.211,6.0,3.0,3.0,2.0,0.0,0.0,0.0,0.0,0.0,0.0,0.0,0.0,0.0,0.0,0.0,0.0,0.0,0.0,0.0,0.0,0.0,34.0,0.0,0.0,0.0,0.0,0.0,0.0,0.0,0.0,0.0,0.0,0.0,0.0,0.0,0.0,0.0,0.0,0.0,32.03,12096.0,2.29,1.2,1.09,4.02,3.96,4.08,,,HOU,CLE,20220202,2021-22,False,CLE,HOU,,,,,,,,,,,,,,,,,,,,,,,,,,,,,,,,,,,,,,,,,,,,,,,,,,,,,,,,,,,,,,,,,,,,,,,,,,,,,,,,,,,,,,,,,,,,,,,,,,,,,,,,,,,,,,
1630171,Isaac Okoro,Isaac,1610612739,CLE,21.0,1,0,1,0.0,33.358333333333334,4,7,0.571,1,3,0.333,0,0,0.0,1,2,3,4,1,1,0,1,2,1,9,-5,20.6,0,0,19.0,1,85,85,85,29,66,84,64,60,70,62,85,91,85,35,86,86,30,46,28,36,129,86,68,87,107,75,17,5,79,,104,119.0,119.0,0.4,125.0,100,63,0.118,55,93,123,11,4.0,-6.0,8.3,0.122,123,63,124,93,125.0,4.0,7.0,0.174,0.643,26,0.037,93,121.1,91.37,0.049,91.92,-6.0,128,93,154,135,76.14,152,0.643,154,64,91.37,135,63,78,68,121.5,66,0.073,8.3,59,33.3,61,84,0.044,0.0,4.0,0.0,6.0,0.154,0.154,9.0,29.0,26.0,0.0,1.0,0.0,0.0,0.0,0.0,2.0,0.0,0.0,0.0,0.5,0.0,0.0,0.5,0.0,1.0,0.0,35.0,2.0,0.0,0.0,0.0,30.0,2.36,0.257,1.54,0.0,9.0,1.4,2.0,0.429,1.0,2.0,2.0,0.4,0.5,13.0,0.0,1.0,0.0,16.2,1.0,0.333,5.0,1.0,0.5,0.5,14.1,2.0,0.0,0.5,0.0,7.0,1.0,,,,,,,,,,,,,,,0.75,0.571,4.0,3.0,0.0,3.0,4.0,0.0,0.571,,0.0,0.75,0.75,,,,,,,,,,,,,,0.429,0.5,0.429,0.0,0.0,0.333,0.333,,1.0,3.0,0.0,1.0,3.0,,,,0.0,0.0,0.0,0.0,0.0,0.0,1.0,0.0,0.0,3.0,4.0,0.643,0.0,0.333,0.0,0.0,0.0,0.0,0.0,2.0,1.0,0.0,0.0,1.0,0.5,0.0,1.0,0.0,3.0,0.0,0.0,1.0,4.0,0.0,1.0,0.0,0.75,1.0,0.337,F-G,0.593,73.0,-0.02,123.0,0.613,0.0,1.0,0.0,4.0,0.0,0.0,0.0,1.0,0.75,0.0,0.0,0.0,2.0,0.0,0.0,0.0,0.0,0.5,0.0,3.0,0.0,0.0,0.0,0.0,0.0,0.0,0.0,CLE,1.0,0.333,3.0,1.0,3.0,0.5,2022,22100754,,1.0,6.0,13.0,0.462,0.439,0.023,0.385,2.0,5.0,0.4,0.329,0.071,0.615,4.0,8.0,0.5,0.513,-0.013,0.385,4.0,5.0,0.8,0.611,0.189,0.462,4.0,6.0,0.667,0.568,0.099,0.538,2.0,7.0,0.286,0.341,-0.055,2.0,2.0,0.0,2.0,0.0,1.0,3.0,1.0,0.0,1.0,1.0,0.0,0.0,0.0,0.0,0.0,0.0,0.0,0.0,0.0,0.0,35.0,0.0,0.0,0.0,0.0,0.0,0.0,0.0,0.0,0.0,0.0,0.0,0.0,0.0,0.0,0.0,0.0,0.0,33.37,12226.0,2.32,1.16,1.16,3.8,4.15,3.81,,,DET,CLE,20220130,2021-22,False,CLE,DET,,,,,,,,,,,,,,,,,,,,,,,,,,,,,,,,,,,,,,,,,,,,,,,,,,,,,,,,,,,,,,,,,,,,,,,,,,,,,,,,,,,,,,,,,,,,,,,,,,,,,,,,,,,,,,
1630171,Isaac Okoro,Isaac,1610612739,CLE,21.0,1,1,0,1.0,36.065,3,7,0.429,1,4,0.25,2,2,1.0,0,2,2,4,0,0,0,0,3,2,9,0,17.4,0,0,16.0,1,1,1,1,24,87,95,92,54,47,84,41,51,1,97,93,113,31,126,83,51,1,127,47,86,84,101,20,2,103,,68,105.6,105.6,0.5,105.6,117,72,0.094,70,84,69,106,3.0,0.0,0.0,0.093,69,99,154,84,105.6,0.0,7.0,0.16,0.5,20,0.0,1,106.1,95.83,0.05,95.11,0.0,141,1,126,161,79.86,135,0.571,126,97,95.83,163,99,88,80,106.6,87,0.058,0.0,99,33.3,80,95,0.024,1.0,5.0,0.0,7.0,0.129,0.161,9.0,24.0,31.0,0.0,5.0,0.0,0.0,0.0,0.0,5.0,0.0,0.0,0.0,1.0,0.0,0.0,0.2,0.0,1.0,0.0,40.0,2.0,0.0,0.0,0.0,28.0,1.96,0.225,1.38,0.0,9.0,1.3,1.0,0.286,2.0,1.0,2.0,0.333,0.0,15.5,0.0,0.0,0.0,0.0,0.0,0.0,6.0,2.0,0.4,0.5,15.5,2.0,0.0,0.0,0.0,7.0,0.0,0.0,0.143,0.0,0.0,1.0,0.0,1.0,0.0,0.0,,1.0,0.143,0.0,0.0,1.0,0.286,2.0,2.0,0.0,2.0,2.0,0.0,0.286,,0.0,1.0,1.0,,,,,,,,,,,,,,0.571,0.375,0.571,0.0,0.0,0.25,0.25,,1.0,4.0,0.0,1.0,4.0,,,,0.0,0.0,0.0,0.0,0.0,0.0,0.0,0.0,0.0,3.0,2.0,0.5,0.0,0.25,0.25,0.0,0.0,0.0,0.0,4.0,0.0,0.0,0.0,0.0,0.25,0.0,4.0,0.0,2.0,1.0,0.0,1.0,3.0,0.0,0.0,0.0,0.667,0.0,0.342,F-G,0.591,81.0,-0.021,137.0,0.612,0.0,1.0,0.0,3.0,0.0,0.0,0.0,0.0,0.667,0.0,0.0,0.0,4.0,0.0,0.0,0.0,0.0,0.25,0.0,2.0,0.0,0.0,0.0,0.0,0.0,0.0,0.0,CLE,1.0,0.25,4.0,1.0,4.0,0.375,2022,22100787,,1.0,7.0,17.0,0.412,0.433,-0.022,0.353,2.0,6.0,0.333,0.377,-0.044,0.647,5.0,11.0,0.455,0.478,-0.024,0.353,3.0,6.0,0.5,0.589,-0.089,0.353,3.0,6.0,0.5,0.533,-0.033,0.353,2.0,6.0,0.333,0.371,-0.038,6.0,4.0,2.0,2.0,0.0,0.0,0.0,1.0,0.0,1.0,1.0,0.0,0.0,1.0,1.0,0.0,0.0,0.0,1.0,0.0,0.0,40.0,0.0,0.0,0.0,0.0,0.0,0.0,0.0,0.0,0.0,0.0,0.0,0.0,0.0,0.0,0.0,0.0,0.0,36.07,14299.0,2.71,1.34,1.37,4.22,4.07,4.36,,,CHA,CLE,20220204,2021-22,False,CLE,CHA,,,,,,,,,,,,,,,,,,,,,,,,,,,,,,,,,,,,,,,,,,,,,,,,,,,,,,,,,,,,,,,,,,,,,,,,,,,,,,,,,,,,,,,,,,,,,,,,,,,,,,,,,,,,,,
1630171,Isaac Okoro,Isaac,1610612739,CLE,21.0,1,0,1,0.0,43.45,4,10,0.4,0,4,0.0,2,4,0.5,4,3,7,3,0,2,0,0,2,3,10,-13,28.9,0,0,24.0,1,75,75,75,1,50,39,74,69,44,69,17,9,38,3,48,14,36,78,5,46,1,92,17,54,126,34,5,1,40,,80,101.2,101.2,-17.4,115.9,90,81,0.124,71,86,90,68,4.0,-14.6,0.0,0.122,90,86,61,86,115.9,0.0,10.0,0.111,0.4,55,0.098,1,113.6,90.03,0.079,93.3,-14.6,90,1,127,103,75.03,93,0.425,127,17,90.03,105,86,96,87,96.2,50,0.058,0.0,101,20.0,85,39,0.089,0.0,4.0,1.0,4.0,0.075,0.1,7.0,35.0,40.0,0.0,1.0,1.0,0.5,0.0,0.5,4.0,0.0,0.0,0.25,0.25,2.0,2.0,0.0,0.0,0.0,1.0,54.0,0.667,0.0,0.0,0.0,38.0,2.07,0.185,1.41,0.0,10.0,1.9,6.0,0.538,2.0,6.0,2.0,0.429,0.8,7.5,1.0,5.0,1.0,9.0,1.0,0.714,7.0,1.0,0.636,0.5,8.4,2.0,0.0,0.667,0.333,13.0,4.0,0.0,0.1,0.0,0.0,1.0,0.0,1.0,0.0,0.0,,1.0,0.1,0.0,0.0,0.667,0.3,3.0,2.0,0.0,2.0,3.0,0.0,0.3,,0.0,0.667,0.667,1.0,3.0,1.0,2.0,0.667,0.0,2.0,0.3,0.1,0.0,0.667,2.0,0.2,0.3,0.0,0.3,0.0,0.0,0.0,0.0,,0.0,3.0,0.0,0.0,3.0,,,,0.0,0.0,0.0,0.0,0.0,0.0,1.0,0.0,0.0,0.0,4.0,0.4,0.0,0.0,0.0,0.0,1.0,0.0,0.0,3.0,0.0,0.0,0.0,0.0,0.0,0.0,3.0,0.0,4.0,0.0,0.0,0.0,5.0,0.0,1.0,0.0,0.8,0.0,0.407,F-G,0.58,29.0,-0.044,50.0,0.624,0.0,0.0,0.0,5.0,0.0,,0.0,1.0,0.8,0.0,1.0,0.0,3.0,0.0,0.0,0.0,0.0,0.0,0.0,4.0,0.0,0.0,0.0,0.0,,,0.0,CLE,0.0,0.0,4.0,0.0,4.0,0.0,2022,22100224,,1.0,10.0,22.0,0.455,0.461,-0.006,0.409,1.0,9.0,0.111,0.379,-0.268,0.591,9.0,13.0,0.692,0.539,0.153,0.455,7.0,10.0,0.7,0.621,0.079,0.545,9.0,12.0,0.75,0.594,0.156,0.409,1.0,9.0,0.111,0.385,-0.274,10.0,6.0,4.0,2.0,0.0,1.0,3.0,1.0,1.0,2.0,0.5,0.5,0.0,2.0,2.0,2.0,1.0,0.0,1.0,1.0,0.5,54.0,0.0,0.0,0.0,0.0,0.0,0.0,0.0,0.0,0.0,0.0,0.0,0.0,0.0,0.0,0.0,0.0,0.0,43.45,16871.0,3.2,1.64,1.55,4.2,3.99,4.43,,,CLE,GSW,20211118,2021-22,False,CLE,GSW,,,,,,,,,,,,,,,,,,,,,,,,,,,,,,,,,,,,,,,,,,,,,,,,,,,,,,,,,,,,,,,,,,,,,,,,,,,,,,,,,,,,,,,,,,,,,,,,,,,,,,,,,,,,,,
1630171,Isaac Okoro,Isaac,1610612739,CLE,21.0,1,1,0,1.0,35.13166666666667,3,6,0.5,0,3,0.0,2,2,1.0,1,4,5,1,5,3,1,0,4,4,8,21,22.5,0,0,22.0,1,1,1,1,9,28,36,22,35,27,35,15,24,1,19,23,21,33,2,3,6,1,47,7,33,2,24,9,1,23,,3,101.4,101.4,26.0,72.6,41,73,0.124,46,7,3,36,3.0,28.8,41.7,0.136,3,44,44,7,72.6,0.2,6.0,0.042,0.5,42,0.026,60,73.8,99.74,0.091,99.77,28.8,37,60,27,52,83.12,29,0.581,27,34,99.74,50,44,6,25,99.7,28,0.06,38.8,41,8.3,31,36,0.06,0.0,2.0,1.0,7.0,0.025,0.05,2.0,41.0,40.0,0.0,3.0,1.0,0.0,0.0,0.0,5.0,0.0,0.0,0.2,0.6,0.0,0.0,0.0,0.0,0.0,0.0,51.0,0.0,0.0,0.0,0.0,34.0,1.81,0.157,1.2,0.0,8.0,1.5,1.0,0.714,0.0,2.0,4.0,0.8,0.5,14.8,0.0,0.0,0.0,17.4,0.0,0.0,5.0,0.0,0.714,0.8,15.3,5.0,1.0,0.5,0.0,7.0,0.0,1.0,0.167,1.0,1.0,1.0,0.0,1.0,1.0,0.0,,1.0,0.167,1.0,0.0,1.0,0.167,1.0,1.0,0.0,1.0,1.0,0.0,0.167,,0.0,1.0,1.0,1.0,1.0,0.0,1.0,1.0,0.0,1.0,0.167,0.0,,1.0,1.0,0.167,0.5,0.0,0.5,0.0,0.0,0.0,0.0,,0.0,3.0,0.0,0.0,3.0,,,,0.0,0.0,0.0,0.0,0.0,0.0,0.0,0.0,0.0,0.0,0.0,0.5,0.0,0.0,0.0,0.0,1.0,1.0,0.0,3.0,2.0,0.0,0.0,0.0,0.0,0.0,1.0,0.0,2.0,0.0,0.0,0.0,2.0,1.0,0.0,0.0,1.0,0.0,0.324,F-G,0.574,62.0,-0.046,108.0,0.62,0.0,0.0,1.0,2.0,0.0,0.0,1.0,0.0,1.0,0.0,1.0,0.0,3.0,0.0,0.0,0.0,0.0,0.0,0.0,2.0,0.0,0.0,0.0,0.0,0.0,0.0,0.0,CLE,0.0,0.0,3.0,0.0,3.0,0.0,2022,22100695,,1.0,7.0,16.0,0.438,0.446,-0.008,0.375,2.0,6.0,0.333,0.282,0.051,0.625,5.0,10.0,0.5,0.52,-0.02,0.188,2.0,3.0,0.667,0.603,0.064,0.5,5.0,8.0,0.625,0.547,0.078,0.375,2.0,6.0,0.333,0.3,0.034,6.0,6.0,0.0,4.0,0.0,1.0,2.0,0.0,0.0,0.0,0.0,0.0,0.0,0.0,0.0,0.0,0.0,0.0,0.0,0.0,0.0,51.0,0.0,0.0,0.0,0.0,0.0,0.0,0.0,0.0,0.0,0.0,0.0,0.0,0.0,0.0,0.0,0.0,0.0,35.13,13556.0,2.57,1.38,1.19,4.15,4.1,4.21,,,CLE,OKC,20220122,2021-22,False,CLE,OKC,,,,,,,,,,,,,,,,,,,,,,,,,,,,,,,,,,,,,,,,,,,,,,,,,,,,,,,,,,,,,,,,,,,,,,,,,,,,,,,,,,,,,,,,,,,,,,,,,,,,,,,,,,,,,,
1630171,Isaac Okoro,Isaac,1610612739,CLE,21.0,1,1,0,1.0,32.71666666666667,6,13,0.462,0,3,0.0,2,3,0.667,3,3,6,2,0,0,1,0,1,2,14,18,27.2,0,0,24.0,1,1,1,1,24,14,14,40,44,39,44,18,20,25,6,37,23,30,50,43,8,1,18,25,21,3,28,10,1,31,,11,110.1,110.1,22.1,86.6,32,69,0.177,43,9,13,36,6.0,23.6,0.0,0.182,13,33,35,9,86.6,0.0,13.0,0.091,0.462,47,0.094,1,87.2,99.77,0.077,99.74,23.6,56,1,49,44,83.14,50,0.489,49,16,99.77,44,33,9,49,109.4,14,0.103,0.0,34,12.5,49,14,0.085,1.0,4.0,1.0,3.0,0.1,0.2,5.0,27.0,20.0,2.0,0.0,0.0,0.333,0.25,0.75,4.0,1.0,1.0,0.0,0.0,3.0,3.0,0.0,0.5,0.0,1.0,36.0,1.0,0.0,0.667,3.0,26.0,1.9,0.389,1.19,0.0,14.0,1.1,5.0,0.462,2.0,7.0,3.0,0.5,0.5,7.2,1.0,1.0,0.0,8.5,0.333,0.167,6.0,1.0,0.545,0.6,7.8,5.0,2.0,0.429,0.0,13.0,1.0,2.0,0.154,1.0,1.0,2.0,0.0,1.0,2.0,0.0,,2.0,0.154,1.0,0.0,0.571,0.538,7.0,4.0,0.0,4.0,7.0,0.0,0.538,,0.0,0.571,0.571,0.0,1.0,0.0,0.0,0.0,0.0,1.0,0.077,0.0,,0.0,0.0,0.077,0.231,0.0,0.231,0.0,0.0,0.0,0.0,,0.0,3.0,0.0,0.0,3.0,0.0,0.0,0.0,0.0,1.0,0.0,0.0,1.0,0.0,0.5,0.5,2.0,0.0,5.0,0.462,0.0,0.0,0.0,0.0,1.0,0.0,0.0,3.0,1.0,0.0,0.0,0.0,0.0,0.0,2.0,0.0,6.0,0.0,0.0,0.0,9.0,0.0,0.0,0.0,0.667,0.0,0.33,F-G,0.588,67.0,-0.028,114.0,0.616,0.0,0.0,0.0,10.0,0.0,0.0,0.0,0.0,0.6,0.0,0.0,0.0,3.0,0.0,0.0,0.0,0.0,0.0,0.0,6.0,0.0,0.0,0.0,0.0,0.0,0.0,0.0,CLE,0.0,0.0,2.0,0.0,2.0,0.0,2022,22100709,,1.0,7.0,12.0,0.583,0.417,0.166,0.333,1.0,4.0,0.25,0.373,-0.123,0.667,6.0,8.0,0.75,0.463,0.287,0.5,5.0,6.0,0.833,0.538,0.296,0.5,5.0,6.0,0.833,0.503,0.331,0.417,2.0,5.0,0.4,0.38,0.02,4.0,3.0,1.0,1.0,0.0,0.0,0.0,1.0,0.0,1.0,1.0,0.0,0.0,0.0,0.0,0.0,0.0,0.0,0.0,0.0,0.0,36.0,0.0,0.0,0.0,0.0,0.0,0.0,0.0,0.0,0.0,0.0,0.0,0.0,0.0,0.0,0.0,0.0,0.0,32.72,13022.0,2.47,1.3,1.17,4.3,4.4,4.19,,,CLE,NYK,20220124,2021-22,False,CLE,NYK,,,,,,,,,,,,,,,,,,,,,,,,,,,,,,,,,,,,,,,,,,,,,,,,,,,,,,,,,,,,,,,,,,,,,,,,,,,,,,,,,,,,,,,,,,,,,,,,,,,,,,,,,,,,,,
1630171,Isaac Okoro,Isaac,1610612739,CLE,21.0,1,1,0,1.0,33.20666666666666,4,7,0.571,1,1,1.0,2,2,1.0,1,0,1,1,1,2,0,1,2,1,11,10,18.7,0,0,18.0,1,1,1,1,20,47,67,35,44,87,1,32,40,1,36,112,104,68,44,12,41,88,57,53,52,25,71,12,1,67,,87,141.2,141.2,18.5,124.6,86,68,0.113,91,33,94,41,4.0,16.5,10.0,0.113,94,17,113,33,124.6,1.0,7.0,0.031,0.643,76,0.031,75,122.0,99.02,0.0,100.38,16.5,112,74,118,102,82.51,114,0.698,118,61,99.02,103,17,29,38,140.4,47,0.047,10.1,16,10.0,45,67,0.019,0.0,1.0,0.0,4.0,0.067,0.067,2.0,18.0,15.0,0.0,1.0,0.0,0.333,0.0,0.5,4.0,0.0,0.0,0.0,0.25,2.0,3.0,0.0,0.0,0.0,1.0,24.0,1.0,0.0,2.0,1.0,19.0,2.4,0.458,1.33,0.0,11.0,1.0,2.0,0.167,1.0,5.0,0.0,0.0,0.25,0.0,1.0,0.0,0.0,3.4,0.0,0.0,1.0,0.0,0.2,0.0,3.4,1.0,1.0,0.2,0.0,6.0,0.0,0.0,0.143,0.0,0.0,1.0,0.0,1.0,0.0,0.0,,1.0,0.143,0.0,0.0,0.5,0.571,4.0,2.0,0.0,2.0,4.0,0.0,0.571,,0.0,0.5,0.5,,,,,,,,,,,,,,0.286,1.25,0.143,1.0,1.0,1.0,1.0,1.0,1.0,1.0,0.143,2.0,2.0,,,,0.0,0.0,0.0,0.0,0.0,0.0,1.0,1.0,2.0,3.0,2.0,0.643,0.0,1.0,0.0,0.0,0.0,0.0,0.0,1.0,1.0,0.0,0.0,1.0,1.0,1.0,0.0,0.0,3.0,0.0,0.0,1.0,5.0,0.0,0.0,0.0,0.6,1.0,0.348,F-G,0.606,106.0,-0.006,175.0,0.612,0.0,1.0,0.0,5.0,0.0,0.0,0.0,0.0,0.6,0.0,1.0,0.0,1.0,0.0,0.0,0.0,0.0,1.0,0.0,3.0,0.0,0.0,0.0,0.0,0.0,0.0,0.0,CLE,1.0,1.0,1.0,1.0,1.0,1.5,2022,22100976,,1.0,3.0,4.0,0.75,0.407,0.344,0.75,2.0,3.0,0.667,0.359,0.307,0.25,1.0,1.0,1.0,0.434,0.566,,,,,,,,,,,,,1.0,3.0,4.0,0.75,0.365,0.385,2.0,0.0,2.0,4.0,0.0,1.0,2.0,1.0,0.0,1.0,1.0,0.0,0.0,0.0,0.0,0.0,0.0,0.0,0.0,0.0,0.0,24.0,0.0,0.0,0.0,0.0,0.0,0.0,0.0,0.0,0.0,0.0,0.0,0.0,0.0,0.0,0.0,0.0,0.0,33.2,13450.0,2.55,1.27,1.28,4.23,4.22,4.6,,,IND,CLE,20220308,2021-22,False,CLE,IND,,,,,,,,,,,,,,,,,,,,,,,,,,,,,,,,,,,,,,,,,,,,,,,,,,,,,,,,,,,,,,,,,,,,,,,,,,,,,,,,,,,,,,,,,,,,,,,,,,,,,,,,,,,,,,
1630171,Isaac Okoro,Isaac,1610612739,CLE,21.0,1,1,0,1.0,27.385,4,6,0.667,2,2,1.0,4,4,1.0,1,3,4,1,1,2,0,0,1,2,14,14,25.3,0,0,25.0,1,1,1,1,61,48,71,20,29,66,1,11,16,1,31,48,44,71,41,9,38,1,35,36,38,17,48,10,1,48,,10,113.3,113.3,33.1,90.0,25,60,0.134,86,24,15,38,4.0,23.3,10.0,0.136,15,44,67,24,90.0,1.0,6.0,0.045,0.833,78,0.045,78,85.6,105.17,0.073,105.48,23.3,76,78,14,89,87.64,19,0.902,14,38,105.17,90,44,11,11,118.7,48,0.158,10.2,31,10.0,13,71,0.063,0.0,1.0,0.0,5.0,0.045,0.045,3.0,17.0,22.0,0.0,1.0,0.0,0.0,0.0,0.0,2.0,0.0,0.0,0.0,0.5,0.0,1.0,0.5,0.0,1.0,0.0,31.0,2.0,0.0,0.0,0.0,17.0,1.84,0.452,1.13,0.0,14.0,1.0,2.0,0.667,0.0,1.0,3.0,0.6,1.0,11.4,0.0,0.0,0.0,6.0,0.0,0.0,5.0,0.0,0.667,0.6,10.1,4.0,1.0,1.0,0.0,6.0,0.0,0.0,0.167,0.0,0.0,1.0,0.0,1.0,0.0,0.0,,1.0,0.167,0.0,0.0,0.5,0.333,2.0,1.0,0.0,1.0,2.0,0.0,0.333,,0.0,0.5,0.5,,,,,,,,,,,,,,0.5,1.333,0.333,1.0,1.0,1.0,1.0,1.0,2.0,2.0,0.167,3.0,3.0,,,,0.0,0.0,0.0,0.0,0.0,0.0,1.0,0.0,0.0,6.0,4.0,0.833,0.0,1.0,0.0,1.0,0.0,0.0,0.0,1.0,1.0,0.0,0.0,1.0,1.0,0.0,0.0,0.0,2.0,0.0,0.0,1.0,4.0,0.0,1.0,1.0,0.5,1.0,0.348,F-G,0.599,88.0,-0.011,147.0,0.61,0.0,2.0,0.0,4.0,0.0,0.0,0.0,0.0,0.5,0.0,0.0,0.0,2.0,0.0,0.0,0.0,0.0,1.0,0.0,2.0,0.0,0.0,0.0,0.0,0.0,0.0,0.0,CLE,2.0,1.0,2.0,2.0,2.0,1.5,2022,22100825,,1.0,5.0,12.0,0.417,0.449,-0.033,0.25,0.0,3.0,0.0,0.344,-0.344,0.75,5.0,9.0,0.556,0.502,0.054,0.583,4.0,7.0,0.571,0.596,-0.025,0.75,5.0,9.0,0.556,0.547,0.009,0.25,0.0,3.0,0.0,0.358,-0.358,3.0,1.0,2.0,1.0,0.0,0.0,0.0,0.0,0.0,0.0,0.0,0.0,0.0,1.0,1.0,1.0,0.0,0.0,1.0,1.0,0.0,31.0,0.0,0.0,0.0,0.0,0.0,0.0,0.0,0.0,0.0,0.0,0.0,0.0,0.0,0.0,0.0,0.0,0.0,27.38,11445.0,2.17,1.09,1.08,4.47,4.39,4.55,,,CLE,SAS,20220209,2021-22,False,CLE,SAS,,,,,,,,,,,,,,,,,,,,,,,,,,,,,,,,,,,,,,,,,,,,,,,,,,,,,,,,,,,,,,,,,,,,,,,,,,,,,,,,,,,,,,,,,,,,,,,,,,,,,,,,,,,,,,
1630171,Isaac Okoro,Isaac,1610612739,CLE,21.0,1,0,1,0.0,25.116666666666667,2,3,0.667,0,0,0.0,2,2,1.0,0,1,1,0,0,1,0,0,3,1,6,-20,10.2,0,0,9.0,1,55,55,55,47,63,81,17,58,84,58,29,37,1,50,71,81,79,61,21,32,1,71,42,65,105,80,11,1,80,,99,98.1,98.1,-36.2,135.2,85,54,0.066,79,96,97,51,2.0,-37.0,0.0,0.064,97,87,93,96,135.2,0.0,3.0,0.0,0.667,79,0.0,1,135.7,103.2,0.042,102.32,-37.0,90,1,17,94,86.0,26,0.773,17,50,103.2,94,87,95,19,99.5,63,0.037,0.0,84,0.0,25,81,0.019,0.0,0.0,0.0,2.0,0.0,0.0,0.0,10.0,13.0,0.0,2.0,0.0,0.0,0.0,0.0,2.0,0.0,0.0,0.0,1.0,0.0,0.0,0.0,0.0,0.0,0.0,17.0,0.0,0.0,0.0,0.0,11.0,2.12,0.353,1.41,0.0,6.0,0.6,0.0,0.5,0.0,1.0,1.0,1.0,0.0,4.1,0.0,0.0,0.0,0.0,0.0,0.0,1.0,0.0,0.5,1.0,4.1,1.0,0.0,0.0,0.0,2.0,0.0,1.0,0.333,1.0,1.0,1.0,0.0,1.0,1.0,0.0,,1.0,0.333,1.0,0.0,0.0,0.333,1.0,0.0,0.0,0.0,1.0,0.0,0.333,,0.0,0.0,0.0,,,,,,,,,,,,,,0.333,1.0,0.0,1.0,1.0,,1.0,1.0,0.0,0.0,0.333,1.0,1.0,,,,,0.0,0.0,0.0,,0.0,0.0,0.0,0.0,0.0,0.0,0.667,0.0,0.0,0.0,0.0,0.0,0.0,0.0,0.0,0.0,0.0,0.0,0.0,0.0,0.0,0.0,0.0,2.0,0.0,0.0,0.0,3.0,0.0,0.0,0.0,0.667,0.0,0.347,F-G,0.626,137.0,0.01,219.0,0.616,0.0,0.0,0.0,3.0,0.0,,0.0,0.0,0.667,0.0,0.0,0.0,0.0,0.0,0.0,0.0,0.0,0.0,0.0,2.0,0.0,0.0,0.0,0.0,,,0.0,CLE,0.0,,,,0.0,,2022,22100452,,1.0,3.0,7.0,0.429,0.474,-0.045,0.429,1.0,3.0,0.333,0.369,-0.035,0.571,2.0,4.0,0.5,0.537,-0.037,0.571,2.0,4.0,0.5,0.607,-0.107,0.571,2.0,4.0,0.5,0.545,-0.045,0.429,1.0,3.0,0.333,0.397,-0.063,1.0,0.0,1.0,2.0,0.0,0.0,0.0,0.0,0.0,0.0,0.0,0.0,0.0,0.0,0.0,0.0,0.0,0.0,0.0,0.0,0.0,17.0,0.0,0.0,0.0,0.0,0.0,0.0,0.0,0.0,0.0,0.0,0.0,0.0,0.0,0.0,0.0,0.0,0.0,25.12,9734.0,1.84,0.9,0.95,3.99,3.94,4.05,,,ATL,CLE,20220331,2021-22,False,CLE,ATL,,,,,,,,,,,,,,,,,,,,,,,,,,,,,,,,,,,,,,,,,,,,,,,,,,,,,,,,,,,,,,,,,,,,,,,,,,,,,,,,,,,,,,,,,,,,,,,,,,,,,,,,,,,,,,
1630171,Isaac Okoro,Isaac,1610612739,CLE,21.0,1,0,1,0.0,34.215,2,8,0.25,1,4,0.25,0,1,0.0,2,1,3,4,0,1,0,0,2,1,5,-8,17.6,0,0,15.0,1,141,141,141,42,171,117,206,91,88,115,152,144,152,32,199,148,51,179,44,78,1,123,124,188,209,154,24,1,166,,208,120.9,120.9,-2.8,121.9,224,67,0.103,107,132,214,139,2.0,-1.0,0.0,0.11,214,69,209,132,121.9,0.0,8.0,0.148,0.313,23,0.057,1,122.3,98.2,0.032,98.62,-1.0,230,1,220,245,81.84,216,0.296,220,79,98.2,238,69,139,226,119.5,171,0.021,0.0,77,33.3,206,117,0.045,0.0,4.0,0.0,7.0,0.167,0.167,10.0,25.0,24.0,0.0,2.0,0.0,0.0,0.0,0.0,3.0,0.0,0.0,0.0,0.667,0.0,1.0,0.333,0.0,1.0,0.0,32.0,0.0,0.0,0.0,1.0,28.0,2.23,0.156,1.09,0.0,5.0,1.2,1.0,0.6,0.0,3.0,1.0,0.5,0.667,10.7,0.0,1.0,0.0,11.9,0.5,0.333,2.0,0.0,0.6,0.5,11.5,2.0,1.0,0.667,0.0,5.0,1.0,,,,,,,,,,,,,,,0.25,0.5,4.0,1.0,0.0,1.0,4.0,0.0,0.5,,0.0,0.25,0.25,,,,,,,,,,,,,,0.5,0.375,0.5,0.0,0.0,0.25,0.25,,1.0,4.0,0.0,1.0,4.0,0.0,,0.0,0.0,1.0,0.0,0.0,0.0,0.0,0.0,0.0,0.0,3.0,0.0,0.313,0.0,0.25,0.0,1.0,0.0,0.0,0.0,3.0,3.0,0.0,0.0,0.0,0.0,1.0,0.0,0.0,1.0,0.0,0.0,0.0,3.0,0.0,1.0,1.0,0.333,0.0,0.383,F-G,0.579,33.0,-0.045,57.0,0.624,0.0,1.0,0.0,3.0,0.0,,0.0,0.0,0.333,0.0,0.0,1.0,4.0,0.0,0.0,0.0,0.0,0.25,0.0,1.0,0.0,0.0,0.0,0.0,,,0.0,CLE,1.0,0.25,4.0,1.0,4.0,0.375,2022,22100267,,1.0,7.0,15.0,0.467,0.473,-0.006,0.267,1.0,4.0,0.25,0.374,-0.124,0.733,6.0,11.0,0.545,0.532,0.013,0.2,2.0,3.0,0.667,0.711,-0.044,0.2,2.0,3.0,0.667,0.644,0.023,0.667,4.0,10.0,0.4,0.401,-0.001,10.0,8.0,2.0,1.0,0.0,0.0,0.0,2.0,0.0,2.0,1.0,0.0,0.0,0.0,0.0,0.0,0.0,0.0,0.0,0.0,0.0,32.0,0.0,0.0,0.0,0.0,0.0,0.0,0.0,0.0,0.0,0.0,0.0,0.0,0.0,0.0,0.0,0.0,0.0,34.22,13117.0,2.48,1.25,1.24,4.06,3.83,3.95,,,CLE,PHX,20211124,2021-22,False,CLE,PHX,,,,,,,,,,,,,,,,,,,,,,,,,,,,,,,,,,,,,,,,,,,,,,,,,,,,,,,,,,,,,,,,,,,,,,,,,,,,,,,,,,,,,,,,,,,,,,,,,,,,,,,,,,,,,,
1630171,Isaac Okoro,Isaac,1610612739,CLE,21.0,1,1,0,1.0,26.70833333333333,3,9,0.333,1,3,0.333,0,0,0.0,1,4,5,1,2,0,0,2,4,0,7,18,12.5,0,0,14.0,1,1,1,1,76,78,62,109,56,78,65,90,94,90,44,47,50,80,30,78,49,150,133,113,92,7,113,16,3,104,,5,113.0,113.0,35.3,76.8,142,54,0.18,116,10,3,73,3.0,36.2,16.7,0.184,3,62,62,10,76.8,0.5,9.0,0.043,0.389,108,0.038,126,80.0,98.85,0.143,95.79,36.2,62,125,87,87,82.37,120,0.389,87,69,98.85,87,62,11,127,115.4,78,0.005,16.7,52,8.3,116,62,0.093,0.0,1.0,0.0,0.0,0.053,0.053,2.0,21.0,19.0,0.0,2.0,0.0,0.333,0.0,0.4,5.0,0.0,0.0,0.0,0.4,2.0,3.0,0.2,0.0,1.0,1.0,30.0,2.0,0.0,0.0,0.0,21.0,2.11,0.233,1.47,0.0,7.0,1.1,1.0,0.556,0.0,3.0,4.0,0.667,0.333,12.9,0.0,0.0,0.0,21.2,0.0,0.0,6.0,0.0,0.556,0.667,14.5,5.0,1.0,0.333,0.0,9.0,0.0,0.0,0.111,0.0,0.0,1.0,0.0,1.0,0.0,0.0,,1.0,0.111,0.0,0.0,0.25,0.444,4.0,1.0,0.0,1.0,4.0,0.0,0.444,,0.0,0.25,0.25,1.0,1.0,0.0,1.0,1.0,0.0,1.0,0.111,0.0,,1.0,1.0,0.111,0.333,0.5,0.333,0.0,0.0,0.333,0.333,,1.0,3.0,0.0,1.0,3.0,,,,0.0,0.0,0.0,0.0,0.0,0.0,1.0,0.0,0.0,3.0,2.0,0.389,0.0,0.333,1.0,0.0,1.0,0.0,0.0,1.0,0.0,0.0,0.0,0.0,1.0,0.0,1.0,0.0,2.0,1.0,0.0,1.0,5.0,0.0,2.0,0.0,0.4,0.0,0.375,F-G,0.579,33.0,-0.045,57.0,0.624,0.0,1.0,0.0,5.0,0.0,0.0,0.0,1.0,0.4,0.0,1.0,0.0,2.0,0.0,0.0,0.0,0.0,0.5,0.0,2.0,0.0,0.0,0.0,0.0,0.0,0.0,0.0,CLE,1.0,0.333,3.0,1.0,3.0,0.5,2022,22100295,,1.0,0.0,3.0,0.0,0.451,-0.451,0.667,0.0,2.0,0.0,0.271,-0.271,0.333,0.0,1.0,0.0,0.511,-0.511,,,,,,,0.333,0.0,1.0,0.0,0.528,-0.528,0.667,0.0,2.0,0.0,0.293,-0.293,2.0,1.0,1.0,0.0,0.0,0.0,0.0,0.0,1.0,1.0,0.0,1.0,0.0,0.0,0.0,0.0,0.0,0.0,0.0,0.0,0.0,30.0,0.0,0.0,0.0,0.0,0.0,0.0,0.0,0.0,0.0,0.0,0.0,0.0,0.0,0.0,0.0,0.0,0.0,26.72,10240.0,1.94,1.0,0.94,4.07,4.2,3.92,,,CLE,ORL,20211127,2021-22,False,CLE,ORL,,,,,,,,,,,,,,,,,,,,,,,,,,,,,,,,,,,,,,,,,,,,,,,,,,,,,,,,,,,,,,,,,,,,,,,,,,,,,,,,,,,,,,,,,,,,,,,,,,,,,,,,,,,,,,
1630171,Isaac Okoro,Isaac,1610612739,CLE,21.0,1,1,0,1.0,12.25,1,1,1.0,0,0,0.0,0,0,0.0,0,1,1,1,0,1,1,0,0,0,2,0,10.7,0,0,8.0,1,1,1,1,120,106,137,1,79,122,79,73,75,73,78,106,113,77,103,27,14,1,1,106,116,69,108,14,2,111,,123,115.4,115.4,-9.5,120.0,81,26,0.034,87,86,118,78,1.0,-4.6,0.0,0.036,118,33,112,86,120.0,0.0,1.0,0.077,1.0,6,0.0,1,120.6,99.92,0.077,101.64,-4.6,100,1,78,146,83.27,73,1.0,78,78,99.92,146,33,94,3,111.1,106,0.083,0.0,48,50.0,3,137,0.043,0.0,2.0,1.0,3.0,0.077,0.154,2.0,9.0,13.0,0.0,2.0,0.0,0.0,0.0,0.0,2.0,0.0,0.0,0.0,1.0,0.0,0.0,0.5,0.0,1.0,0.0,15.0,0.0,0.0,2.0,1.0,11.0,2.57,0.133,1.33,0.0,2.0,0.6,0.0,0.5,0.0,0.0,1.0,0.5,0.0,7.0,0.0,0.0,0.0,0.0,0.0,0.0,2.0,0.0,0.5,0.5,7.0,1.0,0.0,0.0,0.0,2.0,0.0,,,,,,,,,,,,,,,1.0,1.0,1.0,1.0,0.0,1.0,1.0,0.0,1.0,,0.0,1.0,1.0,,,,,,,,,,,,,,,,,,,,,,,,,,,,,,,0.0,0.0,0.0,,0.0,0.0,1.0,2.0,0.0,0.0,1.0,0.0,0.0,,0.0,0.0,0.0,0.0,0.0,0.0,0.0,0.0,0.0,0.0,0.0,,0.0,1.0,,0.0,0.0,1.0,0.0,0.0,0.0,1.0,0.0,0.329,F-G,0.576,53.0,-0.046,92.0,0.622,0.0,0.0,0.0,1.0,0.0,,0.0,0.0,1.0,0.0,0.0,0.0,0.0,0.0,0.0,0.0,0.0,0.0,0.0,1.0,0.0,0.0,0.0,0.0,,,0.0,CLE,0.0,,,,0.0,,2022,22100547,,1.0,2.0,4.0,0.5,0.407,0.094,0.5,1.0,2.0,0.5,0.364,0.137,0.5,1.0,2.0,0.5,0.434,0.066,0.5,1.0,2.0,0.5,0.518,-0.018,0.5,1.0,2.0,0.5,0.447,0.053,0.5,1.0,2.0,0.5,0.359,0.142,3.0,3.0,0.0,1.0,0.0,0.0,0.0,0.0,0.0,0.0,0.0,0.0,0.0,0.0,0.0,0.0,0.0,0.0,0.0,0.0,0.0,15.0,0.0,0.0,0.0,0.0,0.0,0.0,0.0,0.0,0.0,0.0,0.0,0.0,0.0,0.0,0.0,0.0,0.0,12.25,4891.0,0.93,0.5,0.43,4.24,4.27,4.19,,,CLE,IND,20220102,2021-22,False,CLE,IND,,,,,,,,,,,,,,,,,,,,,,,,,,,,,,,,,,,,,,,,,,,,,,,,,,,,,,,,,,,,,,,,,,,,,,,,,,,,,,,,,,,,,,,,,,,,,,,,,,,,,,,,,,,,,,
1630171,Isaac Okoro,Isaac,1610612739,CLE,21.0,1,0,1,0.0,30.50333333333333,3,7,0.429,2,3,0.667,3,4,0.75,0,1,1,1,2,0,0,0,3,2,11,-5,11.7,0,0,15.0,1,34,34,34,21,31,32,33,12,25,3,12,14,17,35,44,47,30,6,25,21,1,43,19,23,44,40,8,2,35,,33,103.2,103.2,-7.5,111.1,50,63,0.159,41,39,29,28,3.0,-7.9,16.7,0.157,29,40,57,39,111.1,0.5,7.0,0.048,0.571,40,0.0,59,109.9,99.14,0.034,100.08,-7.9,53,59,32,34,82.61,36,0.628,32,35,99.14,37,40,40,18,102.4,31,0.024,17.0,39,8.3,23,32,0.016,0.0,2.0,1.0,4.0,0.077,0.154,2.0,24.0,13.0,0.0,0.0,1.0,0.0,0.0,0.0,2.0,0.0,0.0,0.5,0.0,0.0,1.0,0.0,0.0,0.0,0.0,26.0,0.0,0.0,0.0,0.0,19.0,2.37,0.423,1.54,0.0,11.0,1.0,0.0,0.5,0.0,0.0,0.0,0.5,0.0,6.0,0.0,1.0,1.0,0.0,0.0,1.0,2.0,0.0,0.5,0.5,6.0,0.0,0.0,0.0,1.0,2.0,0.0,,,,,,,,,,,,,,,0.333,0.429,3.0,1.0,0.0,1.0,3.0,0.0,0.429,,0.0,0.333,0.333,,1.0,1.0,0.0,1.5,1.0,0.0,0.143,0.143,1.0,1.0,1.0,0.0,0.429,0.5,0.286,1.0,0.0,0.5,0.333,0.0,1.0,2.0,0.143,1.0,3.0,0.0,0.0,0.0,0.0,2.0,0.0,0.0,1.0,0.0,0.0,0.0,0.0,6.0,0.0,0.571,0.0,1.0,0.0,2.0,1.0,0.0,0.0,0.0,0.0,0.0,0.0,0.0,0.0,1.0,0.0,0.0,1.0,0.0,0.0,0.0,2.0,0.0,3.0,0.667,0.5,0.0,0.33,F-G,0.581,50.0,-0.045,86.0,0.626,,1.0,0.0,2.0,0.0,,0.0,2.0,0.5,0.5,1.0,0.0,2.0,0.0,0.0,0.0,0.0,0.5,0.0,1.0,,,0.0,1.0,,,0.0,CLE,1.0,1.0,1.0,1.0,1.0,1.5,2022,22100527,,1.0,4.0,11.0,0.364,0.434,-0.07,0.455,1.0,5.0,0.2,0.326,-0.126,0.545,3.0,6.0,0.5,0.475,0.025,0.273,2.0,3.0,0.667,0.6,0.067,0.455,2.0,5.0,0.4,0.518,-0.118,0.455,1.0,5.0,0.2,0.344,-0.144,5.0,4.0,1.0,0.0,0.0,0.0,0.0,0.0,0.0,0.0,0.0,0.0,0.0,0.0,0.0,0.0,0.0,0.0,0.0,0.0,0.0,26.0,0.0,0.0,0.0,0.0,0.0,0.0,0.0,0.0,0.0,0.0,0.0,0.0,0.0,0.0,0.0,0.0,0.0,30.5,11999.0,2.27,1.15,1.13,4.34,4.13,4.18,,,WAS,CLE,20211230,2021-22,False,CLE,WAS,,,,,,,,,,,,,,,,,,,,,,,,,,,,,,,,,,,,,,,,,,,,,,,,,,,,,,,,,,,,,,,,,,,,,,,,,,,,,,,,,,,,,,,,,,,,,,,,,,,,,,,,,,,,,,
1630171,Isaac Okoro,Isaac,1610612739,CLE,21.0,1,1,0,1.0,38.99,4,6,0.667,1,1,1.0,11,13,0.846,1,4,5,5,1,1,1,0,4,8,20,21,38.5,0,0,35.0,1,1,1,1,15,67,103,20,67,116,1,2,2,51,47,52,59,29,60,35,23,1,147,4,37,6,33,15,1,36,,28,128.4,128.4,32.5,100.0,38,74,0.155,56,18,31,6,4.0,28.4,5.6,0.157,31,23,111,18,100.0,5.0,6.0,0.185,0.75,44,0.029,85,97.9,91.1,0.091,91.4,28.4,114,82,169,109,75.92,168,0.853,169,85,91.1,113,23,12,17,130.4,67,0.142,5.6,26,27.8,24,103,0.063,1.0,6.0,0.0,7.0,0.208,0.25,15.0,29.0,24.0,2.0,3.0,0.0,0.0,0.167,0.167,6.0,1.0,1.0,0.0,0.5,1.0,2.0,0.333,0.5,2.0,0.0,38.0,2.0,0.0,0.0,1.0,25.0,2.67,0.526,2.16,0.0,20.0,1.7,3.0,0.455,2.0,3.0,1.0,0.5,0.5,7.3,1.0,4.0,3.0,14.1,1.0,0.8,8.0,1.0,0.556,0.571,8.6,1.0,0.0,0.333,0.75,11.0,1.0,,,,,,,,,,,,,,,0.5,0.667,4.0,2.0,0.0,2.0,4.0,0.0,0.667,,0.0,0.5,0.5,1.0,1.0,0.0,1.0,1.0,0.0,1.0,0.167,0.0,,1.0,1.0,0.167,0.167,1.5,0.167,0.0,0.0,1.0,1.0,,1.0,1.0,0.0,1.0,1.0,,,,0.0,0.0,0.0,0.0,0.0,0.0,1.0,0.0,0.0,3.0,6.0,0.75,0.0,1.0,1.0,0.0,1.0,0.0,0.0,1.0,0.0,0.0,0.0,0.0,1.0,0.0,1.0,0.0,3.0,1.0,0.0,1.0,4.0,0.0,0.0,0.0,0.75,0.0,0.344,F-G,0.613,114.0,0.0,186.0,0.613,0.0,1.0,0.0,4.0,0.0,,0.0,0.0,0.75,0.0,1.0,0.0,1.0,0.0,0.0,0.0,0.0,1.0,0.0,3.0,0.0,0.0,0.0,0.0,,,0.0,CLE,1.0,1.0,1.0,1.0,1.0,1.5,2022,22101020,,1.0,3.0,14.0,0.214,0.451,-0.237,0.5,1.0,7.0,0.143,0.394,-0.251,0.5,2.0,7.0,0.286,0.487,-0.202,0.143,0.0,2.0,0.0,0.592,-0.592,0.143,0.0,2.0,0.0,0.572,-0.572,0.714,3.0,10.0,0.3,0.4,-0.1,8.0,4.0,4.0,1.0,0.0,0.0,0.0,0.0,1.0,1.0,0.0,1.0,0.0,1.0,1.0,1.0,1.0,0.0,1.0,1.0,1.0,38.0,0.0,0.0,0.0,0.0,0.0,0.0,0.0,0.0,0.0,0.0,0.0,0.0,0.0,0.0,0.0,0.0,0.0,38.98,14232.0,2.7,1.3,1.4,3.85,3.91,3.78,,,CLE,LAC,20220314,2021-22,False,CLE,LAC,,,,,,,,,,,,,,,,,,,,,,,,,,,,,,,,,,,,,,,,,,,,,,,,,,,,,,,,,,,,,,,,,,,,,,,,,,,,,,,,,,,,,,,,,,,,,,,,,,,,,,,,,,,,,,
1630171,Isaac Okoro,Isaac,1610612739,CLE,21.0,1,0,1,0.0,30.58333333333333,2,6,0.333,0,1,0.0,2,4,0.5,2,0,2,3,3,1,0,1,5,2,6,-5,12.9,0,0,13.0,1,75,75,75,59,100,91,103,95,111,95,48,31,63,24,139,103,33,13,24,63,91,141,49,105,109,118,18,4,111,,48,95.0,95.0,-3.2,103.3,145,60,0.157,52,108,55,47,2.0,-8.3,21.4,0.16,55,121,136,108,103.3,1.0,6.0,0.158,0.333,52,0.053,140,101.0,94.17,0.0,93.89,-8.3,139,138,120,89,78.47,127,0.387,120,46,94.17,92,121,87,119,97.8,100,-0.03,21.8,113,21.4,116,91,0.029,0.0,3.0,0.0,6.0,0.125,0.125,8.0,32.0,24.0,4.0,1.0,1.0,0.0,0.4,0.4,5.0,2.0,2.0,0.2,0.2,2.0,1.0,0.0,0.5,0.0,0.0,36.0,1.0,0.0,0.0,1.0,25.0,2.2,0.167,1.83,0.0,6.0,1.3,4.0,0.4,1.0,4.0,0.0,0.0,0.5,0.0,0.0,1.0,0.0,11.0,0.5,0.5,1.0,1.0,0.5,0.0,11.0,1.0,1.0,0.5,0.0,5.0,1.0,0.0,0.333,0.0,0.0,2.0,0.0,1.0,0.0,0.0,,2.0,0.333,0.0,0.0,0.0,0.167,1.0,0.0,0.0,0.0,1.0,0.0,0.167,,0.0,0.0,0.0,1.0,2.0,0.0,2.0,1.0,0.0,2.0,0.333,0.0,,1.0,2.0,0.333,0.167,0.0,0.167,0.0,0.0,0.0,0.0,,0.0,1.0,0.0,0.0,1.0,,,,0.0,0.0,0.0,0.0,0.0,0.0,0.667,0.0,0.0,0.0,4.0,0.333,0.0,0.0,0.0,0.0,1.0,0.0,0.0,1.0,0.0,0.0,0.0,0.0,0.0,0.0,1.0,0.0,2.0,0.0,0.0,0.0,4.0,0.0,0.0,0.0,0.5,0.0,0.332,F-G,0.578,48.0,-0.049,83.0,0.627,0.0,0.0,0.0,4.0,0.0,,0.0,0.0,0.5,0.0,0.0,0.0,1.0,0.0,0.0,0.0,0.0,0.0,0.0,2.0,0.0,0.0,1.0,0.0,,,0.0,CLE,0.0,0.0,1.0,0.0,1.0,0.0,2022,22100513,,1.0,1.0,8.0,0.125,0.452,-0.327,0.5,0.0,4.0,0.0,0.326,-0.326,0.5,1.0,4.0,0.25,0.569,-0.319,,,,,,,0.375,1.0,3.0,0.333,0.551,-0.218,0.625,0.0,5.0,0.0,0.388,-0.388,4.0,2.0,2.0,3.0,0.0,0.0,0.0,1.0,0.0,1.0,1.0,0.0,0.0,0.0,0.0,0.0,0.0,0.0,0.0,0.0,0.0,36.0,0.0,0.0,0.0,0.0,0.0,0.0,0.0,0.0,0.0,0.0,0.0,0.0,0.0,0.0,0.0,0.0,0.0,30.58,11719.0,2.22,1.14,1.08,4.05,3.84,4.29,,,NOP,CLE,20211228,2021-22,False,CLE,NOP,,,,,,,,,,,,,,,,,,,,,,,,,,,,,,,,,,,,,,,,,,,,,,,,,,,,,,,,,,,,,,,,,,,,,,,,,,,,,,,,,,,,,,,,,,,,,,,,,,,,,,,,,,,,,,
1630171,Isaac Okoro,Isaac,1610612739,CLE,21.0,1,1,0,1.0,36.37166666666667,4,6,0.667,0,0,0.0,3,3,1.0,1,4,5,1,1,4,1,0,2,2,11,5,32.5,0,0,27.0,1,1,1,1,31,71,112,20,104,142,104,33,50,1,47,52,58,103,75,1,19,1,56,62,79,48,47,21,2,58,,45,108.0,108.0,3.9,102.7,75,75,0.098,124,64,42,59,4.0,5.3,11.1,0.102,42,108,104,64,102.7,1.0,6.0,0.043,0.667,107,0.026,102,101.5,98.32,0.114,100.06,5.3,92,102,107,150,81.93,106,0.751,107,97,98.32,149,108,67,30,105.5,71,0.106,10.7,107,11.1,36,112,0.068,0.0,2.0,1.0,6.0,0.04,0.08,3.0,18.0,25.0,0.0,3.0,0.0,0.5,0.0,0.4,5.0,0.0,0.0,0.0,0.6,2.0,2.0,0.2,0.0,1.0,1.0,33.0,2.0,0.0,0.0,1.0,21.0,2.54,0.333,1.97,0.0,11.0,1.4,1.0,0.417,0.0,5.0,4.0,0.5,0.2,11.7,0.0,0.0,0.0,16.6,0.0,0.0,8.0,0.0,0.417,0.5,12.6,5.0,1.0,0.2,0.0,12.0,0.0,0.0,0.167,0.0,0.0,1.0,0.0,1.0,0.0,0.0,,1.0,0.167,0.0,0.0,0.75,0.667,4.0,3.0,0.0,3.0,4.0,0.0,0.667,,0.0,0.75,0.75,1.0,1.0,0.0,1.0,1.0,0.0,1.0,0.167,0.0,,1.0,1.0,0.167,,,,,,,,,,,,,,,,,,0.0,0.0,0.0,,0.0,1.0,0.0,0.0,0.0,2.0,0.667,0.0,0.0,0.0,0.0,2.0,1.0,0.0,0.0,0.0,0.0,0.0,0.0,0.0,0.0,0.0,0.0,3.0,0.0,0.0,0.0,4.0,0.5,0.0,0.0,0.75,0.0,0.344,F-G,0.629,132.0,0.014,210.0,0.615,0.0,0.0,1.0,4.0,0.0,0.0,0.5,0.0,0.75,0.0,2.0,0.0,0.0,0.0,0.0,0.0,0.0,0.0,0.0,3.0,0.0,0.0,0.0,0.0,0.0,0.0,0.0,CLE,0.0,,,,0.0,,2022,22101123,,1.0,5.0,14.0,0.357,0.406,-0.048,0.5,2.0,7.0,0.286,0.299,-0.014,0.5,3.0,7.0,0.429,0.498,-0.07,0.214,3.0,3.0,1.0,0.626,0.374,0.357,3.0,5.0,0.6,0.561,0.039,0.571,2.0,8.0,0.25,0.319,-0.069,9.0,4.0,5.0,4.0,0.0,1.0,3.0,0.0,0.0,0.0,0.0,0.0,0.0,1.0,1.0,1.0,0.0,0.0,1.0,1.0,0.0,33.0,0.0,0.0,0.0,0.0,0.0,0.0,0.0,0.0,0.0,0.0,0.0,0.0,0.0,0.0,0.0,0.0,0.0,36.37,13359.0,2.53,1.25,1.28,3.93,3.69,4.19,,,CLE,ORL,20220328,2021-22,False,CLE,ORL,,,,,,,,,,,,,,,,,,,,,,,,,,,,,,,,,,,,,,,,,,,,,,,,,,,,,,,,,,,,,,,,,,,,,,,,,,,,,,,,,,,,,,,,,,,,,,,,,,,,,,,,,,,,,,
1630171,Isaac Okoro,Isaac,1610612739,CLE,21.0,1,0,1,0.0,29.861666666666668,4,9,0.444,1,2,0.5,0,0,0.0,2,0,2,1,1,0,0,0,2,1,9,-8,11.9,0,0,13.0,1,106,106,106,72,79,77,99,62,104,23,119,128,119,23,179,135,105,71,101,63,1,77,106,103,166,143,22,1,133,,159,113.6,113.6,-10.3,123.0,161,59,0.156,135,131,156,63,4.0,-9.4,9.1,0.156,156,88,155,131,123.0,1.0,9.0,0.056,0.5,124,0.08,112,124.0,96.44,0.0,95.96,-9.4,179,111,162,124,80.37,169,0.5,162,40,96.44,128,88,138,119,113.7,79,0.023,9.1,91,9.1,91,77,0.042,0.0,2.0,1.0,3.0,0.056,0.111,2.0,23.0,18.0,0.0,2.0,0.0,0.0,0.0,0.0,4.0,0.0,0.0,0.0,0.5,0.0,2.0,0.25,0.0,1.0,0.0,27.0,1.333,0.0,2.0,1.0,22.0,2.71,0.333,1.56,0.0,9.0,1.2,3.0,0.667,1.0,2.0,0.0,0.0,1.0,0.0,0.0,1.0,0.0,6.9,0.5,0.5,1.0,1.0,1.0,0.0,6.9,1.0,1.0,1.0,0.0,3.0,1.0,1.0,0.222,0.5,0.5,2.0,0.0,1.0,1.0,0.0,,2.0,0.222,0.5,0.0,0.5,0.444,4.0,2.0,0.0,2.0,4.0,0.0,0.444,,0.0,0.5,0.5,,,,,,,,,,,,,,0.333,0.5,0.222,1.0,0.0,0.5,0.333,0.0,1.0,2.0,0.111,1.0,3.0,0.0,,0.0,0.0,2.0,0.0,0.0,0.0,0.0,0.667,1.0,2.0,3.0,4.0,0.5,0.0,0.5,1.0,0.0,0.0,0.0,0.0,2.0,1.0,0.0,0.0,0.0,0.5,2.0,1.0,0.0,3.0,1.0,0.0,1.0,5.0,0.0,0.0,0.0,0.6,0.0,0.348,F-G,0.609,109.0,-0.003,179.0,0.612,,1.0,0.0,5.0,0.0,,0.0,0.0,0.6,0.0,0.0,2.0,2.0,0.0,0.0,0.0,0.0,0.5,0.0,3.0,,,0.0,0.0,,,0.0,CLE,1.0,0.5,2.0,1.0,2.0,0.75,2022,22100998,,1.0,6.0,11.0,0.545,0.452,0.093,0.364,2.0,4.0,0.5,0.377,0.123,0.636,4.0,7.0,0.571,0.514,0.058,0.364,3.0,4.0,0.75,0.614,0.136,0.455,3.0,5.0,0.6,0.567,0.033,0.364,2.0,4.0,0.5,0.378,0.122,5.0,2.0,3.0,1.0,1.0,0.0,0.0,0.0,0.0,0.0,0.0,0.0,0.0,1.0,1.0,1.0,0.0,0.0,1.0,1.0,0.0,27.0,0.0,0.0,0.0,0.0,0.0,0.0,0.0,0.0,0.0,0.0,0.0,0.0,0.0,0.0,0.0,0.0,0.0,29.87,11416.0,2.16,1.07,1.09,4.14,4.16,4.13,,,MIA,CLE,20220311,2021-22,False,CLE,MIA,,,,,,,,,,,,,,,,,,,,,,,,,,,,,,,,,,,,,,,,,,,,,,,,,,,,,,,,,,,,,,,,,,,,,,,,,,,,,,,,,,,,,,,,,,,,,,,,,,,,,,,,,,,,,,
1630171,Isaac Okoro,Isaac,1610612739,CLE,21.0,1,0,1,0.0,26.416666666666668,2,3,0.667,2,3,0.667,0,0,0.0,0,1,1,4,1,1,0,0,6,1,6,3,15.2,0,0,15.0,1,73,73,73,64,87,117,21,29,65,13,82,86,82,88,95,112,25,54,18,50,1,137,75,87,53,87,16,1,82,,124,141.2,141.2,6.4,135.3,110,51,0.068,58,58,124,8,2.0,5.9,12.5,0.067,124,10,125,58,135.3,4.0,3.0,0.16,1.0,6,0.0,96,133.7,92.67,0.053,93.58,5.9,110,95,120,135,77.22,110,1.0,120,88,92.67,135,10,52,8,140.1,87,0.031,12.5,9,50.0,7,117,0.025,0.0,4.0,0.0,4.0,0.16,0.16,11.0,24.0,25.0,0.0,2.0,1.0,0.0,0.0,0.0,3.0,0.0,0.0,0.333,0.667,0.0,0.0,0.667,0.0,2.0,0.0,29.0,0.0,0.0,0.0,0.0,20.0,2.62,0.207,1.79,0.0,6.0,1.3,0.0,0.25,0.0,0.0,1.0,0.25,0.0,4.0,0.0,0.0,0.0,0.0,0.0,0.0,4.0,0.0,0.25,0.25,4.0,1.0,0.0,0.0,0.0,4.0,0.0,,,,,,,,,,,,,,,,,,,,,,,,,,,,,,,,,,,,,,,,,1.0,1.0,1.0,0.0,0.0,0.667,0.667,,2.0,3.0,0.0,2.0,3.0,,,,0.0,0.0,0.0,0.0,0.0,0.0,0.0,0.0,0.0,6.0,0.0,1.0,0.0,0.667,1.0,0.0,0.0,0.0,0.0,3.0,1.0,0.0,0.0,0.0,0.667,0.0,2.0,0.0,0.0,2.0,0.0,2.0,0.0,0.0,0.0,0.0,0.0,0.0,0.351,F-G,0.597,95.0,-0.013,159.0,0.611,0.0,2.0,0.0,0.0,0.0,0.0,0.0,0.0,0.0,0.0,0.0,0.0,3.0,0.0,0.0,0.0,0.0,0.667,0.0,0.0,0.0,0.0,0.0,0.0,0.0,0.0,0.0,CLE,2.0,0.667,3.0,2.0,3.0,1.0,2022,22100867,,1.0,10.0,15.0,0.667,0.462,0.205,0.267,3.0,4.0,0.75,0.374,0.376,0.733,7.0,11.0,0.636,0.514,0.122,0.4,3.0,6.0,0.5,0.608,-0.108,0.467,4.0,7.0,0.571,0.556,0.016,0.333,4.0,5.0,0.8,0.397,0.403,4.0,2.0,2.0,1.0,0.0,0.0,0.0,0.0,1.0,1.0,0.0,1.0,0.0,1.0,1.0,1.0,0.0,0.0,1.0,1.0,0.0,29.0,0.0,0.0,0.0,0.0,0.0,0.0,0.0,0.0,0.0,0.0,0.0,0.0,0.0,0.0,0.0,0.0,0.0,26.42,10406.0,1.97,1.01,0.96,4.22,4.0,4.46,,,ATL,CLE,20220215,2021-22,False,CLE,ATL,,,,,,,,,,,,,,,,,,,,,,,,,,,,,,,,,,,,,,,,,,,,,,,,,,,,,,,,,,,,,,,,,,,,,,,,,,,,,,,,,,,,,,,,,,,,,,,,,,,,,,,,,,,,,,
1630171,Isaac Okoro,Isaac,1610612739,CLE,21.0,1,0,1,0.0,27.656666666666663,1,2,0.5,0,1,0.0,1,2,0.5,0,1,1,1,0,0,0,0,2,2,3,-11,5.7,0,0,5.0,1,99,99,99,65,141,159,75,98,122,98,84,62,91,87,129,142,98,114,95,49,1,84,54,148,142,166,13,1,165,,128,107.0,107.0,-11.7,124.1,165,57,0.047,127,127,140,86,1.0,-17.1,0.0,0.047,140,114,161,127,124.1,0.0,2.0,0.048,0.5,44,0.0,1,121.2,99.8,0.038,99.9,-17.1,152,1,87,179,83.16,90,0.521,87,87,99.8,179,114,123,115,109.5,141,0.008,0.0,108,25.0,104,159,0.018,1.0,2.0,0.0,2.0,0.1,0.2,4.0,11.0,10.0,0.0,1.0,0.0,0.0,0.0,0.0,1.0,0.0,0.0,0.0,1.0,0.0,0.0,0.0,0.0,0.0,0.0,14.0,0.0,0.0,0.0,0.0,12.0,2.03,0.214,1.07,0.0,3.0,0.5,1.0,0.333,0.0,0.0,1.0,0.333,0.0,17.3,0.0,0.0,0.0,0.0,0.0,0.0,3.0,0.0,0.333,0.333,17.3,1.0,0.0,0.0,0.0,3.0,0.0,,,,,,,,,,,,,,,1.0,0.5,1.0,1.0,0.0,1.0,1.0,0.0,0.5,,0.0,1.0,1.0,,,,,,,,,,,,,,0.5,0.0,0.5,0.0,0.0,0.0,0.0,,0.0,1.0,0.0,0.0,1.0,,,,0.0,0.0,0.0,0.0,0.0,0.0,0.0,0.0,0.0,0.0,0.0,0.5,0.0,0.0,0.0,0.0,0.0,0.0,0.0,1.0,0.0,0.0,0.0,0.0,0.0,0.0,1.0,0.0,1.0,0.0,0.0,0.0,1.0,0.0,0.0,0.0,1.0,0.0,0.342,F-G,0.614,140.0,-0.001,228.0,0.615,0.0,0.0,0.0,1.0,0.0,,0.0,0.0,1.0,0.0,0.0,0.0,1.0,0.0,0.0,0.0,0.0,0.0,0.0,1.0,0.0,0.0,0.0,0.0,,,0.0,CLE,0.0,0.0,1.0,0.0,1.0,0.0,2022,22101205,,1.0,4.0,7.0,0.571,0.49,0.082,0.143,0.0,1.0,0.0,0.417,-0.417,0.857,4.0,6.0,0.667,0.528,0.139,0.143,1.0,1.0,1.0,0.601,0.399,0.571,2.0,4.0,0.5,0.591,-0.091,0.286,1.0,2.0,0.5,0.444,0.056,6.0,6.0,0.0,1.0,0.0,0.0,0.0,0.0,1.0,1.0,0.0,1.0,0.0,0.0,0.0,0.0,0.0,0.0,0.0,0.0,0.0,14.0,0.0,0.0,0.0,0.0,0.0,0.0,0.0,0.0,0.0,0.0,0.0,0.0,0.0,0.0,0.0,0.0,0.0,27.65,10141.0,1.92,0.91,1.01,3.83,3.99,3.7,,,BKN,CLE,20220408,2021-22,False,CLE,BKN,,,,,,,,,,,,,,,,,,,,,,,,,,,,,,,,,,,,,,,,,,,,,,,,,,,,,,,,,,,,,,,,,,,,,,,,,,,,,,,,,,,,,,,,,,,,,,,,,,,,,,,,,,,,,,
1630171,Isaac Okoro,Isaac,1610612739,CLE,21.0,1,1,0,1.0,28.496666666666663,2,5,0.4,0,0,0.0,0,0,0.0,1,1,2,2,1,2,2,0,2,2,4,8,20.4,0,0,16.0,1,1,1,1,59,110,118,103,103,150,103,109,113,109,40,135,123,65,73,16,4,1,97,58,129,44,94,13,1,108,,34,96.6,96.6,19.2,81.4,140,58,0.09,110,60,39,32,2.0,15.2,12.5,0.091,39,121,170,60,81.4,2.0,5.0,0.1,0.4,39,0.031,135,78.7,98.54,0.029,99.48,15.2,176,132,163,179,82.11,143,0.4,163,80,98.54,180,121,47,139,98.0,110,0.057,12.5,123,25.0,127,118,0.03,0.0,2.0,0.0,6.0,0.083,0.083,5.0,24.0,24.0,0.0,0.0,0.0,1.0,0.0,2.0,1.0,0.0,0.0,0.0,0.0,2.0,1.0,0.0,0.0,0.0,1.0,30.0,0.0,0.0,0.0,1.0,27.0,1.98,0.133,0.9,0.0,4.0,1.0,3.0,0.222,0.0,4.0,0.0,0.2,0.25,7.1,0.0,1.0,1.0,8.7,0.0,0.5,5.0,0.0,0.222,0.2,7.9,1.0,1.0,0.25,1.0,9.0,0.0,0.0,0.2,0.0,0.0,1.0,0.0,1.0,0.0,0.0,,1.0,0.2,0.0,0.0,0.333,0.6,3.0,1.0,0.0,1.0,3.0,0.0,0.6,,0.0,0.333,0.333,1.0,1.0,0.0,1.0,1.0,0.0,1.0,0.2,0.0,,1.0,1.0,0.2,,,,,,,,,,,,,,,,,,0.0,0.0,0.0,,0.0,0.0,0.0,0.0,0.0,0.0,0.4,0.0,0.0,0.0,0.0,2.0,0.0,0.0,0.0,0.0,0.0,0.0,0.0,0.0,0.0,0.0,0.0,2.0,0.0,0.0,0.0,3.0,0.0,0.0,0.0,0.667,0.0,0.386,F-G,0.647,11.0,0.022,17.0,0.625,0.0,0.0,0.0,4.0,0.0,0.0,0.0,0.0,0.5,0.0,1.0,0.0,0.0,0.0,0.0,0.0,0.0,0.0,0.0,2.0,0.0,0.0,0.0,0.0,0.0,0.0,0.0,CLE,0.0,,,,0.0,,2022,22100048,,1.0,3.0,12.0,0.25,0.42,-0.17,0.417,1.0,5.0,0.2,0.272,-0.072,0.583,2.0,7.0,0.286,0.541,-0.255,0.25,2.0,3.0,0.667,0.661,0.006,0.333,2.0,4.0,0.5,0.612,-0.112,0.5,1.0,6.0,0.167,0.318,-0.152,8.0,3.0,5.0,1.0,0.0,0.0,0.0,0.0,1.0,1.0,0.0,1.0,0.0,1.0,1.0,1.0,0.0,0.0,1.0,1.0,0.0,30.0,0.0,0.0,0.0,0.0,0.0,0.0,0.0,0.0,0.0,0.0,0.0,0.0,0.0,0.0,0.0,0.0,0.0,28.5,10707.0,2.03,1.14,0.89,3.98,3.89,4.11,,,DEN,CLE,20211025,2021-22,False,CLE,DEN,,,,,,,,,,,,,,,,,,,,,,,,,,,,,,,,,,,,,,,,,,,,,,,,,,,,,,,,,,,,,,,,,,,,,,,,,,,,,,,,,,,,,,,,,,,,,,,,,,,,,,,,,,,,,,
1630171,Isaac Okoro,Isaac,1610612739,CLE,21.0,1,1,0,1.0,37.295,2,8,0.25,0,3,0.0,0,0,0.0,3,2,5,2,1,1,1,1,1,1,4,18,18.0,0,0,15.0,1,1,1,1,20,155,116,195,143,102,143,138,147,138,17,132,73,93,78,43,17,181,60,124,179,23,144,19,2,155,,73,128.4,128.4,24.9,102.7,211,74,0.102,172,44,80,49,2.0,25.7,9.1,0.104,80,50,146,44,102.7,2.0,8.0,0.056,0.25,100,0.071,153,102.3,95.88,0.063,96.53,25.7,196,150,184,218,79.9,162,0.25,184,67,95.88,217,50,51,212,127.1,155,0.018,9.1,50,18.2,203,116,0.068,0.0,2.0,0.0,1.0,0.105,0.105,5.0,21.0,19.0,0.0,0.0,0.0,0.0,0.0,0.0,1.0,0.0,0.0,0.0,0.0,0.0,0.0,0.0,0.0,0.0,0.0,30.0,0.5,0.0,0.0,0.0,22.0,2.12,0.133,1.17,0.0,4.0,1.1,4.0,0.556,1.0,3.0,2.0,0.333,1.0,10.1,0.0,3.0,1.0,3.5,0.667,0.6,6.0,1.0,0.625,0.4,6.8,2.0,0.0,1.0,0.5,9.0,2.0,0.0,0.125,0.0,0.0,1.0,0.0,1.0,0.0,0.0,,1.0,0.125,0.0,0.0,0.5,0.5,4.0,2.0,0.0,2.0,4.0,0.0,0.5,,0.0,0.5,0.5,,1.0,1.0,0.0,0.0,0.0,0.0,0.125,0.125,0.0,0.0,0.0,0.0,0.25,0.0,0.25,0.0,0.0,0.0,0.0,,0.0,2.0,0.0,0.0,2.0,,,,0.0,0.0,0.0,0.0,0.0,0.0,0.333,0.0,0.0,0.0,2.0,0.25,0.0,0.0,0.0,0.0,0.0,0.0,,2.0,1.0,,,0.0,0.0,0.0,1.0,0.0,2.0,0.0,0.0,0.0,5.0,0.0,1.0,0.0,0.4,0.0,0.343,F-G,0.609,117.0,-0.004,192.0,0.613,0.0,0.0,0.0,5.0,,,0.0,1.0,0.4,0.0,0.0,0.0,2.0,0.0,0.0,,,0.0,0.0,2.0,0.0,0.0,0.0,0.0,,,0.0,CLE,0.0,0.0,3.0,0.0,3.0,0.0,2022,22101049,,1.0,1.0,10.0,0.1,0.46,-0.36,0.3,0.0,3.0,0.0,0.379,-0.379,0.7,1.0,7.0,0.143,0.523,-0.38,0.4,1.0,4.0,0.25,0.624,-0.374,0.5,1.0,5.0,0.2,0.577,-0.377,0.5,0.0,5.0,0.0,0.38,-0.38,8.0,7.0,1.0,1.0,0.0,0.0,0.0,1.0,0.0,1.0,1.0,0.0,0.0,0.0,0.0,0.0,0.0,0.0,0.0,0.0,0.0,30.0,0.0,0.0,0.0,0.0,0.0,0.0,0.0,0.0,0.0,0.0,0.0,0.0,0.0,0.0,0.0,0.0,0.0,37.3,14701.0,2.78,1.41,1.38,4.19,4.27,4.11,,,CLE,DEN,20220318,2021-22,False,CLE,DEN,,,,,,,,,,,,,,,,,,,,,,,,,,,,,,,,,,,,,,,,,,,,,,,,,,,,,,,,,,,,,,,,,,,,,,,,,,,,,,,,,,,,,,,,,,,,,,,,,,,,,,,,,,,,,,
1630171,Isaac Okoro,Isaac,1610612739,CLE,21.0,1,1,0,1.0,25.486666666666668,4,5,0.8,2,2,1.0,4,4,1.0,2,1,3,1,1,0,0,1,2,3,14,-1,18.1,0,0,20.0,1,1,1,1,77,58,102,12,31,84,1,12,20,1,16,118,87,93,55,78,65,103,73,31,43,93,93,11,1,75,,50,97.9,97.9,3.3,100.0,29,48,0.145,111,91,55,59,4.0,-2.1,11.1,0.146,55,113,114,91,100.0,1.0,5.0,0.067,1.0,105,0.071,114,96.5,90.4,0.031,91.15,-2.1,145,107,163,116,75.33,162,1.036,163,30,90.4,118,113,79,4,99.8,58,0.159,11.4,104,11.1,3,102,0.05,0.0,1.0,0.0,6.0,0.063,0.063,2.0,22.0,16.0,4.0,2.0,0.0,1.0,0.4,1.2,5.0,4.0,2.0,0.0,0.4,6.0,1.0,0.0,1.0,0.0,1.0,25.0,0.0,0.0,0.0,0.0,20.0,2.07,0.56,1.56,0.0,14.0,0.9,1.0,0.5,1.0,3.0,1.0,0.333,0.667,17.5,0.0,1.0,0.0,9.9,0.5,0.333,3.0,1.0,0.6,0.5,12.4,2.0,1.0,0.667,0.0,6.0,1.0,0.0,0.2,0.0,0.0,1.0,0.0,1.0,0.0,0.0,,1.0,0.2,0.0,0.0,1.0,0.4,2.0,2.0,0.0,2.0,2.0,0.0,0.4,,0.0,1.0,1.0,,,,,,,,,,,,,,0.4,1.5,0.4,0.0,0.0,1.0,1.0,,2.0,2.0,0.0,2.0,2.0,,,,0.0,0.0,0.0,0.0,0.0,0.0,0.0,0.0,0.0,6.0,0.0,1.0,0.0,1.0,1.0,0.0,0.0,0.0,0.0,2.0,1.0,0.0,0.0,1.0,1.0,0.0,1.0,0.0,2.0,1.0,0.0,2.0,3.0,0.0,0.0,0.0,0.667,1.0,0.336,F-G,0.592,74.0,-0.022,125.0,0.614,0.0,2.0,0.0,3.0,0.0,,0.0,0.0,0.667,0.0,0.0,0.0,2.0,0.0,0.0,0.0,0.0,1.0,0.0,2.0,0.0,0.0,0.0,0.0,,,0.0,CLE,2.0,1.0,2.0,2.0,2.0,1.5,2022,22100759,,1.0,2.0,7.0,0.286,0.492,-0.207,0.429,0.0,3.0,0.0,0.344,-0.344,0.571,2.0,4.0,0.5,0.592,-0.092,0.286,1.0,2.0,0.5,0.665,-0.165,0.429,1.0,3.0,0.333,0.602,-0.269,0.571,1.0,4.0,0.25,0.335,-0.085,3.0,2.0,1.0,0.0,0.0,0.0,0.0,0.0,0.0,0.0,0.0,0.0,0.0,0.0,0.0,0.0,0.0,0.0,0.0,0.0,0.0,25.0,0.0,0.0,0.0,0.0,0.0,0.0,0.0,0.0,0.0,0.0,0.0,0.0,0.0,0.0,0.0,0.0,0.0,25.48,9656.0,1.83,0.87,0.96,3.95,3.8,4.57,,,CLE,NOP,20220131,2021-22,False,CLE,NOP,,,,,,,,,,,,,,,,,,,,,,,,,,,,,,,,,,,,,,,,,,,,,,,,,,,,,,,,,,,,,,,,,,,,,,,,,,,,,,,,,,,,,,,,,,,,,,,,,,,,,,,,,,,,,,
1630171,Isaac Okoro,Isaac,1610612739,CLE,21.0,1,1,0,1.0,34.986666666666665,7,12,0.583,4,8,0.5,0,0,0.0,0,5,5,2,1,0,0,1,3,1,18,10,26.0,0,0,29.0,1,1,1,1,15,21,43,48,11,9,37,100,104,100,97,30,53,71,59,89,63,120,135,88,30,40,64,11,1,42,,79,124.2,124.2,15.9,107.5,74,66,0.178,112,58,83,30,7.0,16.8,6.7,0.182,83,45,91,58,107.5,2.0,12.0,0.087,0.75,100,0.0,95,107.3,91.23,0.152,91.65,16.8,67,94,173,100,76.03,171,0.75,173,97,91.23,103,45,64,36,123.3,21,0.112,6.7,50,13.3,30,43,0.083,0.0,2.0,0.0,3.0,0.074,0.074,5.0,30.0,27.0,0.0,1.0,1.0,1.0,0.0,0.667,3.0,0.0,0.0,0.333,0.333,2.0,1.0,0.0,0.0,0.0,1.0,41.0,2.0,0.0,0.0,0.0,28.0,1.99,0.439,0.93,0.0,18.0,1.4,1.0,0.5,1.0,1.0,4.0,0.556,0.0,10.4,0.0,1.0,1.0,0.0,0.0,0.2,9.0,1.0,0.556,0.625,10.4,4.0,0.0,0.0,0.2,10.0,0.0,1.0,0.083,1.0,1.0,1.0,0.0,1.0,1.0,0.0,,1.0,0.083,1.0,0.0,1.0,0.167,2.0,3.0,1.0,2.0,3.0,0.083,0.25,1.0,1.0,1.0,1.167,0.0,1.0,0.0,0.0,0.0,0.0,1.0,0.083,0.0,,0.0,0.0,0.083,0.583,0.643,0.583,0.0,0.0,0.429,0.429,,3.0,7.0,0.0,3.0,7.0,0.0,0.0,0.0,0.0,1.0,0.0,0.0,1.0,0.0,1.0,0.0,0.0,12.0,2.0,0.75,0.0,0.571,0.5,0.0,0.0,0.0,0.0,7.0,3.0,0.0,0.0,0.667,0.571,1.0,4.0,0.0,3.0,2.0,0.0,4.0,4.0,0.0,0.0,0.0,0.75,2.0,0.349,F-G,0.578,48.0,-0.049,83.0,0.627,0.0,4.0,0.0,4.0,0.0,,0.0,0.0,0.75,0.0,0.0,0.0,8.0,0.0,0.0,0.0,0.0,0.5,0.0,3.0,0.0,0.0,0.0,0.0,,,0.0,CLE,4.0,0.571,7.0,4.0,7.0,0.857,2022,22100404,,1.0,3.0,10.0,0.3,0.445,-0.145,0.4,1.0,4.0,0.25,0.373,-0.123,0.6,2.0,6.0,0.333,0.521,-0.187,0.5,2.0,5.0,0.4,0.619,-0.219,0.6,2.0,6.0,0.333,0.567,-0.233,0.4,1.0,4.0,0.25,0.374,-0.124,5.0,3.0,2.0,0.0,0.0,1.0,3.0,1.0,0.0,1.0,1.0,0.0,0.0,1.0,1.0,1.0,0.0,0.0,1.0,1.0,0.0,41.0,0.0,0.0,0.0,0.0,0.0,0.0,0.0,0.0,0.0,0.0,0.0,0.0,0.0,0.0,0.0,0.0,0.0,34.98,12361.0,2.34,1.15,1.19,3.68,3.85,3.83,,,CLE,MIA,20211213,2021-22,False,CLE,MIA,,,,,,,,,,,,,,,,,,,,,,,,,,,,,,,,,,,,,,,,,,,,,,,,,,,,,,,,,,,,,,,,,,,,,,,,,,,,,,,,,,,,,,,,,,,,,,,,,,,,,,,,,,,,,,
1630171,Isaac Okoro,Isaac,1610612739,CLE,21.0,1,0,1,0.0,30.59,4,4,1.0,1,1,1.0,1,3,0.333,0,2,2,5,1,0,0,0,6,2,10,3,18.9,0,0,18.0,1,109,109,109,59,74,142,1,65,129,1,86,56,111,114,110,137,25,60,85,74,1,215,55,86,82,105,19,3,106,,175,132.8,132.8,5.0,127.9,151,61,0.095,64,93,168,3,4.0,4.9,9.1,0.101,168,24,174,93,127.9,5.0,4.0,0.172,1.125,11,0.0,140,128.7,95.72,0.054,95.09,4.9,165,140,174,188,79.76,168,0.94,174,114,95.72,185,24,95,18,133.7,74,0.05,8.8,22,45.5,8,142,0.036,0.0,5.0,0.0,8.0,0.238,0.238,11.0,22.0,21.0,0.0,2.0,1.0,1.0,0.0,0.5,4.0,0.0,0.0,0.25,0.5,2.0,1.0,0.5,0.0,2.0,1.0,27.0,1.5,0.0,0.0,0.0,21.0,2.56,0.37,1.85,0.0,10.0,1.2,2.0,1.0,0.0,0.0,2.0,1.0,0.0,17.5,0.0,0.0,0.0,0.0,0.0,0.0,2.0,0.0,1.0,1.0,17.5,2.0,0.0,0.0,0.0,2.0,0.0,,,,,,,,,,,,,,,1.0,0.5,2.0,2.0,0.0,2.0,2.0,0.0,0.5,,0.0,1.0,1.0,1.0,1.0,0.0,1.0,1.0,0.0,1.0,0.25,0.0,,1.0,1.0,0.25,0.25,1.5,0.25,0.0,0.0,1.0,1.0,,1.0,1.0,0.0,1.0,1.0,,,,0.0,0.0,0.0,0.0,0.0,0.0,1.0,0.0,0.0,3.0,3.0,1.125,0.0,1.0,,1.0,0.0,0.0,0.0,0.0,0.0,0.0,0.0,0.0,0.0,1.0,,1.0,2.0,,1.0,0.0,2.0,0.0,1.0,1.0,1.0,0.0,0.326,F-G,0.578,52.0,-0.047,90.0,0.624,0.0,0.0,1.0,2.0,0.0,0.0,1.0,1.0,1.0,1.0,1.0,0.0,0.0,0.0,0.0,0.0,0.0,0.0,0.0,2.0,0.0,0.0,0.0,1.0,0.0,0.0,0.0,CLE,1.0,1.0,1.0,1.0,1.0,1.5,2022,22100533,,1.0,5.0,15.0,0.333,0.45,-0.116,0.533,3.0,8.0,0.375,0.361,0.014,0.467,2.0,7.0,0.286,0.496,-0.21,0.267,2.0,4.0,0.5,0.587,-0.087,0.333,2.0,5.0,0.4,0.514,-0.114,0.533,3.0,8.0,0.375,0.392,-0.017,6.0,0.0,6.0,0.0,0.0,0.0,0.0,1.0,1.0,2.0,0.5,0.5,0.0,0.0,0.0,0.0,0.0,0.0,0.0,0.0,0.0,27.0,0.0,0.0,0.0,0.0,0.0,0.0,0.0,0.0,0.0,0.0,0.0,0.0,0.0,0.0,0.0,0.0,0.0,30.58,11363.0,2.15,1.07,1.08,4.09,4.13,4.05,,,CLE,ATL,20211231,2021-22,False,CLE,ATL,,,,,,,,,,,,,,,,,,,,,,,,,,,,,,,,,,,,,,,,,,,,,,,,,,,,,,,,,,,,,,,,,,,,,,,,,,,,,,,,,,,,,,,,,,,,,,,,,,,,,,,,,,,,,,
1630171,Isaac Okoro,Isaac,1610612739,CLE,21.0,1,0,1,0.0,28.031666666666663,1,4,0.25,0,2,0.0,0,0,0.0,1,5,6,1,1,0,0,0,3,0,2,-2,9.7,0,0,9.0,1,139,139,139,106,189,191,201,142,153,142,132,142,132,80,55,59,138,94,135,103,1,189,192,212,155,211,21,3,203,,54,86.8,86.8,-2.0,90.6,224,53,0.089,178,159,43,70,1.0,-3.8,16.7,0.093,43,232,99,159,90.6,1.0,4.0,0.059,0.25,106,0.04,214,92.8,90.75,0.152,87.64,-3.8,106,212,262,249,75.63,264,0.25,262,97,90.75,249,232,149,220,90.8,189,0.019,16.7,220,16.7,207,191,0.103,1.0,2.0,0.0,2.0,0.034,0.069,4.0,27.0,29.0,0.0,1.0,0.0,0.5,0.0,0.667,3.0,0.0,0.0,0.0,0.333,2.0,2.0,0.0,0.0,0.0,1.0,35.0,0.0,0.0,0.0,0.0,27.0,2.31,0.057,1.0,0.0,2.0,1.3,1.0,0.857,0.0,1.0,3.0,0.833,1.0,4.4,0.0,3.0,2.0,3.4,1.0,0.5,6.0,0.0,0.857,0.833,4.2,3.0,0.0,1.0,0.4,7.0,1.0,,,,,,,,,,,,,,,1.0,0.25,1.0,1.0,0.0,1.0,1.0,0.0,0.25,,0.0,1.0,1.0,0.0,1.0,0.0,0.0,0.0,0.0,1.0,0.25,0.0,,0.0,0.0,0.25,0.5,0.0,0.5,0.0,0.0,0.0,0.0,,0.0,2.0,0.0,0.0,2.0,0.0,0.0,0.0,0.0,1.0,0.0,0.0,1.0,0.0,0.0,0.0,0.0,0.0,0.0,0.25,0.0,0.0,0.0,0.0,1.0,0.0,0.0,1.0,1.0,0.0,0.0,0.0,0.0,0.0,0.0,0.0,1.0,0.0,0.0,0.0,1.0,0.0,1.0,0.0,1.0,0.0,0.414,F-G,0.542,13.0,-0.097,24.0,0.638,,0.0,0.0,1.0,0.0,,0.0,1.0,1.0,0.0,1.0,0.0,1.0,0.0,0.0,0.0,0.0,0.0,0.0,1.0,,,0.0,0.0,,,0.0,CLE,0.0,0.0,1.0,0.0,1.0,0.0,2022,22100158,,1.0,2.0,14.0,0.143,0.496,-0.353,0.214,0.0,3.0,0.0,0.314,-0.314,0.786,2.0,11.0,0.182,0.556,-0.374,0.5,2.0,7.0,0.286,0.67,-0.385,0.5,2.0,7.0,0.286,0.627,-0.341,0.357,0.0,5.0,0.0,0.345,-0.345,9.0,8.0,1.0,1.0,0.0,0.0,0.0,0.0,0.0,0.0,0.0,0.0,0.0,1.0,1.0,1.0,0.0,0.0,1.0,1.0,0.0,35.0,0.0,0.0,0.0,0.0,0.0,0.0,0.0,0.0,0.0,0.0,0.0,0.0,0.0,0.0,0.0,0.0,0.0,28.03,10662.0,2.02,1.05,0.97,4.11,4.27,4.36,,,CLE,WAS,20211110,2021-22,False,CLE,WAS,,,,,,,,,,,,,,,,,,,,,,,,,,,,,,,,,,,,,,,,,,,,,,,,,,,,,,,,,,,,,,,,,,,,,,,,,,,,,,,,,,,,,,,,,,,,,,,,,,,,,,,,,,,,,,
1630171,Isaac Okoro,Isaac,1610612739,CLE,21.0,1,0,1,0.0,20.56833333333333,3,5,0.6,0,1,0.0,2,2,1.0,1,2,3,1,0,0,1,0,4,2,8,8,16.1,0,0,14.0,1,124,124,124,136,109,143,49,132,149,132,48,65,1,66,131,123,126,166,119,28,1,203,69,122,60,142,20,1,152,,148,130.2,130.2,20.1,106.7,149,43,0.106,167,50,125,132,3.0,23.6,0.0,0.127,125,17,127,50,106.7,0.0,5.0,0.056,0.6,103,0.053,1,111.9,102.68,0.083,99.51,23.6,153,1,142,198,85.57,186,0.68,142,73,102.68,179,17,52,60,132.1,109,0.057,0.0,19,16.7,80,143,0.07,0.0,4.0,2.0,1.0,0.059,0.235,5.0,19.0,17.0,0.0,0.0,0.0,0.0,0.0,0.0,1.0,0.0,0.0,0.0,0.0,0.0,0.0,0.0,0.0,0.0,0.0,25.0,2.0,0.0,0.0,2.0,20.0,1.98,0.32,0.84,0.0,8.0,0.8,1.0,0.429,1.0,2.0,1.0,0.4,0.5,9.5,0.0,1.0,1.0,16.2,0.0,0.333,5.0,1.0,0.5,0.5,11.7,2.0,1.0,0.5,0.5,7.0,0.0,,,,,,,,,,,,,,,0.5,0.4,2.0,1.0,0.0,1.0,2.0,0.0,0.4,,0.0,0.5,0.5,,,,,,,,,,,,,,0.6,0.667,0.2,2.0,2.0,0.0,0.667,1.0,0.0,1.0,0.4,2.0,3.0,,,,0.0,0.0,0.0,0.0,0.0,0.0,1.0,0.0,0.0,0.0,2.0,0.6,0.0,0.0,0.0,0.0,2.0,1.0,0.0,0.0,0.0,0.0,0.0,0.0,0.0,0.0,0.0,0.0,2.0,0.0,0.0,0.0,2.0,0.5,1.0,0.0,1.0,0.0,0.5,F-G,0.75,3.0,0.111,4.0,0.639,0.0,0.0,1.0,2.0,0.0,,0.5,1.0,1.0,0.0,2.0,0.0,0.0,0.0,0.0,0.0,0.0,0.0,0.0,2.0,0.0,0.0,0.0,0.0,,,0.0,CLE,0.0,0.0,1.0,0.0,1.0,0.0,2022,22100007,,1.0,4.0,8.0,0.5,0.486,0.014,,,,,,,1.0,4.0,8.0,0.5,0.527,-0.027,0.5,3.0,4.0,0.75,0.639,0.111,0.875,4.0,7.0,0.571,0.575,-0.004,0.125,0.0,1.0,0.0,0.33,-0.33,4.0,4.0,0.0,0.0,0.0,0.0,0.0,1.0,1.0,2.0,0.5,0.5,0.0,0.0,0.0,0.0,0.0,0.0,0.0,0.0,0.0,25.0,0.0,0.0,0.0,0.0,0.0,0.0,0.0,0.0,0.0,0.0,0.0,0.0,0.0,0.0,0.0,0.0,0.0,20.57,9497.0,1.8,0.99,0.81,4.07,4.48,3.66,,,MEM,CLE,20211020,2021-22,False,CLE,MEM,,,,,,,,,,,,,,,,,,,,,,,,,,,,,,,,,,,,,,,,,,,,,,,,,,,,,,,,,,,,,,,,,,,,,,,,,,,,,,,,,,,,,,,,,,,,,,,,,,,,,,,,,,,,,,
1630171,Isaac Okoro,Isaac,1610612739,CLE,21.0,1,1,0,1.0,24.48333333333333,1,5,0.2,0,3,0.0,5,6,0.833,0,0,0,1,0,0,1,0,4,3,7,12,11.5,0,0,10.0,1,1,1,1,103,148,127,168,121,79,121,17,19,58,109,176,182,100,123,85,18,1,173,37,112,27,141,24,2,144,,55,119.6,119.6,16.6,92.5,186,51,0.136,144,23,37,104,1.0,27.2,0.0,0.129,37,61,182,23,92.5,0.0,5.0,0.048,0.2,116,0.0,1,99.9,101.95,0.0,99.4,27.2,176,1,37,148,84.96,49,0.458,37,109,101.95,161,61,47,131,116.5,148,-0.005,0.0,73,11.1,175,127,0.0,0.0,1.0,0.0,3.0,0.063,0.063,2.0,22.0,16.0,2.0,3.0,0.0,0.0,0.2,0.2,5.0,1.0,1.0,0.0,0.6,1.0,1.0,0.0,0.5,0.0,0.0,26.0,1.0,0.0,2.0,1.0,23.0,1.27,0.269,0.65,0.0,7.0,0.6,2.0,,,,,,,,,,,,,,,,,,,,,,,,,0.0,0.2,0.0,0.0,1.0,0.0,1.0,0.0,0.0,,1.0,0.2,0.0,0.0,,,,,,,,,,,,,,1.0,1.0,0.0,1.0,1.0,0.0,1.0,0.2,0.0,,1.0,1.0,0.2,0.6,0.0,0.6,0.0,0.0,0.0,0.0,,0.0,3.0,0.0,0.0,3.0,,,,0.0,0.0,0.0,0.0,0.0,0.0,0.0,0.0,2.0,0.0,2.0,0.2,0.0,0.0,0.0,0.0,0.0,0.0,0.0,3.0,2.0,0.0,0.0,0.0,0.0,0.0,1.0,0.0,1.0,0.0,0.0,0.0,2.0,0.0,0.0,0.0,0.5,0.0,0.339,F-G,0.576,57.0,-0.045,99.0,0.621,0.0,0.0,0.0,2.0,0.0,,0.0,0.0,0.5,0.0,0.0,0.0,3.0,0.0,0.0,0.0,0.0,0.0,0.0,1.0,0.0,0.0,0.0,0.0,,,0.0,CLE,0.0,0.0,3.0,0.0,3.0,0.0,2022,22100646,,1.0,3.0,9.0,0.333,0.45,-0.116,0.222,0.0,2.0,0.0,0.299,-0.299,0.778,3.0,7.0,0.429,0.514,-0.085,0.556,2.0,5.0,0.4,0.595,-0.195,0.556,2.0,5.0,0.4,0.546,-0.146,0.333,0.0,3.0,0.0,0.311,-0.311,5.0,5.0,0.0,0.0,0.0,1.0,3.0,1.0,0.0,1.0,1.0,0.0,0.0,0.0,0.0,0.0,0.0,0.0,0.0,0.0,0.0,26.0,0.0,0.0,0.0,0.0,0.0,0.0,0.0,0.0,0.0,0.0,0.0,0.0,0.0,0.0,0.0,0.0,0.0,24.48,9659.0,1.83,0.89,0.94,4.06,4.12,4.01,,,OKC,CLE,20220115,2021-22,False,CLE,OKC,,,,,,,,,,,,,,,,,,,,,,,,,,,,,,,,,,,,,,,,,,,,,,,,,,,,,,,,,,,,,,,,,,,,,,,,,,,,,,,,,,,,,,,,,,,,,,,,,,,,,,,,,,,,,,
1630171,Isaac Okoro,Isaac,1610612739,CLE,21.0,1,1,0,1.0,26.506666666666668,4,6,0.667,1,2,0.5,1,1,1.0,0,1,1,2,0,0,1,1,3,2,10,5,17.2,0,0,16.0,1,1,1,1,86,72,107,31,56,101,31,68,91,1,84,132,142,68,104,74,18,139,145,49,78,53,100,20,3,99,,80,106.7,106.7,-1.7,98.3,102,60,0.092,99,69,50,84,4.0,8.3,0.0,0.099,50,108,168,69,98.3,0.0,6.0,0.091,0.75,48,0.0,1,103.1,108.65,0.034,108.91,8.3,159,1,15,175,90.54,11,0.776,15,84,108.65,173,108,98,35,101.5,72,0.082,0.0,125,25.0,36,107,0.02,0.0,2.0,0.0,3.0,0.091,0.091,6.0,22.0,22.0,0.0,1.0,0.0,1.0,0.0,1.0,2.0,0.0,0.0,0.0,0.5,2.0,1.0,0.5,0.0,1.0,1.0,28.0,0.0,0.0,1.0,2.0,21.0,2.19,0.357,1.36,0.0,10.0,1.0,1.0,0.25,0.0,3.0,1.0,1.0,0.0,11.7,0.0,0.0,0.0,0.0,0.0,0.0,1.0,0.0,0.25,1.0,11.7,1.0,0.0,0.0,0.0,4.0,0.0,,,,,,,,,,,,,,,0.75,0.667,4.0,3.0,0.0,3.0,4.0,0.0,0.667,,0.0,0.75,0.75,,,,,,,,,,,,,,0.333,0.75,0.333,0.0,0.0,0.5,0.5,,1.0,2.0,0.0,1.0,2.0,,,,0.0,0.0,0.0,0.0,0.0,0.0,0.0,0.5,2.0,3.0,0.0,0.75,0.0,0.5,0.0,0.0,0.0,0.0,0.0,2.0,2.0,0.0,0.0,0.5,0.5,0.0,0.0,0.0,3.0,0.0,0.0,1.0,4.0,0.0,0.0,0.0,0.75,1.0,0.375,F-G,0.583,35.0,-0.044,60.0,0.628,0.0,1.0,0.0,4.0,0.0,,0.0,0.0,0.75,0.0,0.0,0.0,2.0,0.0,0.0,0.0,0.0,0.5,0.0,3.0,0.0,0.0,0.0,0.0,,,0.0,CLE,1.0,0.5,2.0,1.0,2.0,0.75,2022,22100310,,1.0,3.0,8.0,0.375,0.471,-0.096,0.25,1.0,2.0,0.5,0.376,0.124,0.75,2.0,6.0,0.333,0.554,-0.221,0.375,2.0,3.0,0.667,0.691,-0.025,0.5,2.0,4.0,0.5,0.639,-0.139,0.375,1.0,3.0,0.333,0.366,-0.033,5.0,4.0,1.0,0.0,0.0,0.0,0.0,0.0,0.0,0.0,0.0,0.0,0.0,1.0,1.0,1.0,0.0,0.0,1.0,1.0,0.0,28.0,0.0,0.0,0.0,0.0,0.0,0.0,0.0,0.0,0.0,0.0,0.0,0.0,0.0,0.0,0.0,0.0,0.0,26.5,10601.0,2.01,1.03,0.98,4.26,4.17,4.36,,,DAL,CLE,20211129,2021-22,False,CLE,DAL,,,,,,,,,,,,,,,,,,,,,,,,,,,,,,,,,,,,,,,,,,,,,,,,,,,,,,,,,,,,,,,,,,,,,,,,,,,,,,,,,,,,,,,,,,,,,,,,,,,,,,,,,,,,,,
1630171,Isaac Okoro,Isaac,1610612739,CLE,21.0,1,1,0,1.0,33.155,2,7,0.286,0,2,0.0,6,6,1.0,0,1,1,3,1,0,2,1,3,4,10,11,20.7,0,0,18.0,1,1,1,1,33,93,77,114,88,83,88,7,8,1,77,100,110,38,55,76,8,95,110,17,72,23,78,17,4,85,,19,119.1,119.1,30.5,104.5,102,68,0.145,75,47,61,14,2.0,14.6,7.1,0.147,61,43,126,47,104.5,3.0,7.0,0.111,0.286,44,0.0,71,89.9,97.72,0.029,105.02,14.6,117,70,140,110,81.44,76,0.519,140,77,97.72,111,43,13,81,120.5,93,0.052,7.3,39,21.4,118,77,0.016,0.0,3.0,0.0,4.0,0.111,0.111,7.0,26.0,27.0,2.0,0.0,0.0,0.333,0.25,1.0,4.0,2.0,1.0,0.0,0.0,4.0,3.0,0.0,1.0,0.0,1.0,38.0,1.0,0.0,0.0,0.0,31.0,2.24,0.263,1.37,0.0,10.0,1.4,2.0,0.2,0.0,2.0,1.0,0.333,0.0,19.1,0.0,0.0,0.0,0.0,0.0,0.0,3.0,0.0,0.2,0.333,19.1,1.0,0.0,0.0,0.0,5.0,0.0,1.0,0.286,0.5,0.5,2.0,0.0,1.0,1.0,0.0,,2.0,0.286,0.5,0.0,0.5,0.286,2.0,1.0,0.0,1.0,2.0,0.0,0.286,,0.0,0.5,0.5,,,,,,,,,,,,,,0.429,0.0,0.286,1.0,0.0,0.0,0.0,0.0,0.0,2.0,0.143,0.0,3.0,0.0,,0.0,0.0,1.0,0.0,0.0,0.0,0.0,1.0,0.0,0.0,0.0,2.0,0.286,0.0,0.0,0.0,0.0,1.0,1.0,0.0,1.0,0.0,0.0,0.0,0.0,0.0,1.0,1.0,0.0,1.0,0.0,0.0,0.0,3.0,1.0,1.0,0.0,0.333,0.0,0.348,F-G,0.597,89.0,-0.012,149.0,0.61,0.0,0.0,1.0,3.0,0.0,0.0,1.0,1.0,0.333,0.0,1.0,1.0,1.0,0.0,0.0,0.0,0.0,0.0,0.0,1.0,0.0,0.0,0.0,0.0,0.0,0.0,0.0,CLE,0.0,0.0,2.0,0.0,2.0,0.0,2022,22100839,,1.0,3.0,6.0,0.5,0.441,0.059,0.333,1.0,2.0,0.5,0.392,0.108,0.667,2.0,4.0,0.5,0.487,0.014,0.333,1.0,2.0,0.5,0.584,-0.084,0.333,1.0,2.0,0.5,0.54,-0.04,0.5,2.0,3.0,0.667,0.417,0.25,3.0,2.0,1.0,2.0,0.0,0.0,0.0,0.0,0.0,0.0,0.0,0.0,0.0,0.0,0.0,0.0,0.0,0.0,0.0,0.0,0.0,38.0,0.0,0.0,0.0,0.0,0.0,0.0,0.0,0.0,0.0,0.0,0.0,0.0,0.0,0.0,0.0,0.0,0.0,33.15,12756.0,2.42,1.19,1.23,3.97,3.91,4.05,,,IND,CLE,20220211,2021-22,False,CLE,IND,,,,,,,,,,,,,,,,,,,,,,,,,,,,,,,,,,,,,,,,,,,,,,,,,,,,,,,,,,,,,,,,,,,,,,,,,,,,,,,,,,,,,,,,,,,,,,,,,,,,,,,,,,,,,,
1630171,Isaac Okoro,Isaac,1610612739,CLE,21.0,1,1,0,1.0,21.566666666666663,7,9,0.778,3,3,1.0,3,4,0.75,1,2,3,0,1,1,0,0,3,2,20,21,25.6,0,0,28.0,1,1,1,1,135,32,87,18,21,106,1,43,33,79,44,120,115,165,80,34,66,1,167,61,33,18,78,18,2,66,,17,124.4,124.4,43.2,76.1,11,45,0.231,165,15,17,121,7.0,48.4,8.3,0.219,17,41,136,15,76.1,0.0,9.0,0.0,0.944,165,0.043,138,76.7,101.27,0.083,102.78,48.4,152,132,79,66,84.39,63,0.929,79,63,101.27,81,41,22,15,119.9,32,0.219,8.5,60,0.0,15,87,0.064,0.0,0.0,0.0,1.0,0.0,0.0,0.0,25.0,18.0,3.0,0.0,1.0,0.667,0.2,1.0,5.0,2.0,1.0,0.2,0.0,5.0,3.0,0.0,0.667,0.0,2.0,30.0,1.333,0.0,0.0,0.0,25.0,1.85,0.667,0.9,0.0,20.0,0.9,3.0,0.6,0.0,2.0,1.0,0.667,0.5,10.1,0.0,2.0,1.0,3.3,1.0,0.667,3.0,0.0,0.6,0.667,7.8,1.0,0.0,0.5,0.5,5.0,1.0,1.0,0.222,0.5,0.5,2.0,0.0,1.0,1.0,0.0,,2.0,0.222,0.5,0.0,0.667,0.333,3.0,2.0,0.0,2.0,3.0,0.0,0.333,,0.0,0.667,0.667,1.0,1.0,0.0,1.0,1.0,0.0,1.0,0.111,0.0,,1.0,1.0,0.111,0.333,1.5,0.333,0.0,0.0,1.0,1.0,,3.0,3.0,0.0,3.0,3.0,,,,0.0,0.0,0.0,0.0,0.0,0.0,0.667,0.0,0.0,9.0,4.0,0.944,0.0,1.0,1.0,0.0,0.0,0.0,0.0,3.0,2.0,0.0,0.0,1.0,1.0,0.0,1.0,0.0,4.0,1.0,0.0,3.0,6.0,0.0,0.0,0.0,0.667,2.0,0.343,F-G,0.578,48.0,-0.049,83.0,0.627,0.0,3.0,0.0,6.0,0.0,,0.0,0.0,0.667,0.0,0.0,0.0,3.0,0.0,0.0,0.0,0.0,1.0,0.0,4.0,0.0,0.0,0.0,0.0,,,0.0,CLE,3.0,1.0,3.0,3.0,3.0,1.5,2022,22100417,,1.0,1.0,4.0,0.25,0.432,-0.182,0.75,0.0,3.0,0.0,0.36,-0.36,0.25,1.0,1.0,1.0,0.656,0.344,,,,,,,,,,,,,0.75,0.0,3.0,0.0,0.361,-0.361,0.0,0.0,0.0,1.0,0.0,1.0,3.0,0.0,1.0,1.0,0.0,1.0,0.0,0.0,0.0,0.0,0.0,0.0,0.0,0.0,0.0,30.0,0.0,0.0,0.0,0.0,0.0,0.0,0.0,0.0,0.0,0.0,0.0,0.0,0.0,0.0,0.0,0.0,0.0,21.57,8302.0,1.57,0.79,0.79,4.21,4.24,4.19,,,CLE,HOU,20211215,2021-22,False,CLE,HOU,,,,,,,,,,,,,,,,,,,,,,,,,,,,,,,,,,,,,,,,,,,,,,,,,,,,,,,,,,,,,,,,,,,,,,,,,,,,,,,,,,,,,,,,,,,,,,,,,,,,,,,,,,,,,,
1630171,Isaac Okoro,Isaac,1610612739,CLE,21.0,1,1,0,1.0,33.61,3,8,0.375,1,2,0.5,2,4,0.5,3,1,4,3,0,0,0,1,3,2,9,2,18.3,0,0,17.0,1,1,1,1,33,73,74,96,52,88,18,28,24,52,14,127,68,32,112,84,50,111,117,47,78,70,87,16,1,88,,100,107.4,107.4,3.0,106.0,122,68,0.127,64,88,104,90,3.0,1.4,0.0,0.126,104,54,124,88,106.0,0.0,8.0,0.13,0.438,40,0.07,1,104.8,96.4,0.026,96.69,1.4,150,1,142,127,80.33,133,0.461,142,40,96.4,132,54,83,93,107.9,73,0.035,0.0,52,23.1,89,74,0.049,0.0,3.0,0.0,6.0,0.1,0.1,6.0,30.0,30.0,0.0,2.0,0.0,0.0,0.0,0.0,4.0,0.0,0.0,0.0,0.5,0.0,2.0,0.5,0.0,2.0,0.0,42.0,1.5,0.0,0.0,1.0,33.0,2.17,0.214,0.93,0.0,9.0,1.5,4.0,0.5,2.0,4.0,1.0,0.25,0.75,8.4,0.0,2.0,0.0,5.7,0.667,0.5,4.0,2.0,0.667,0.5,6.4,2.0,1.0,0.75,0.0,8.0,2.0,,,,,,,,,,,,,,,0.25,0.5,4.0,1.0,0.0,1.0,4.0,0.0,0.5,,0.0,0.25,0.25,0.5,2.0,0.0,1.0,0.5,0.0,2.0,0.25,0.0,,0.5,1.0,0.25,0.25,0.75,0.25,0.0,0.0,0.5,0.5,,1.0,2.0,0.0,1.0,2.0,0.0,,0.0,0.0,1.0,0.0,0.0,0.0,0.0,0.667,0.0,0.0,3.0,6.0,0.438,0.0,0.5,0.0,1.0,3.0,0.0,0.0,0.0,0.0,0.0,0.0,0.0,0.0,0.0,0.0,0.0,2.0,0.0,0.0,0.0,3.0,0.0,2.0,0.5,0.667,0.0,0.438,F-G,0.643,9.0,0.025,14.0,0.618,0.0,0.0,0.0,5.0,0.0,,0.0,2.0,0.4,0.5,0.0,0.0,0.0,0.0,0.0,0.0,0.0,0.0,0.0,2.0,0.0,0.0,1.0,1.0,,,0.0,CLE,1.0,0.5,2.0,1.0,2.0,0.75,2022,22100027,,1.0,7.0,15.0,0.467,0.459,0.007,0.2,0.0,3.0,0.0,0.379,-0.379,0.8,7.0,12.0,0.583,0.517,0.067,0.533,4.0,8.0,0.5,0.613,-0.113,0.533,4.0,8.0,0.5,0.536,-0.036,0.333,1.0,5.0,0.2,0.392,-0.192,6.0,4.0,2.0,0.0,0.0,0.0,0.0,0.0,0.0,0.0,0.0,0.0,0.0,1.0,1.0,1.0,0.0,0.0,1.0,1.0,0.0,42.0,0.0,0.0,0.0,0.0,0.0,0.0,0.0,0.0,0.0,0.0,0.0,0.0,0.0,0.0,0.0,0.0,0.0,33.62,13777.0,2.61,1.43,1.18,4.34,4.22,4.51,,,CLE,ATL,20211023,2021-22,False,CLE,ATL,,,,,,,,,,,,,,,,,,,,,,,,,,,,,,,,,,,,,,,,,,,,,,,,,,,,,,,,,,,,,,,,,,,,,,,,,,,,,,,,,,,,,,,,,,,,,,,,,,,,,,,,,,,,,,
1630171,Isaac Okoro,Isaac,1610612739,CLE,21.0,1,1,0,1.0,29.736666666666668,7,9,0.778,2,3,0.667,4,4,1.0,1,3,4,3,2,2,0,0,1,2,20,9,33.3,0,0,33.0,1,1,1,1,36,13,53,14,26,57,11,12,20,1,40,55,52,35,25,7,46,1,34,38,16,38,23,11,1,25,,32,108.5,108.5,16.9,95.8,19,71,0.169,67,57,33,31,7.0,12.7,12.5,0.17,33,93,98,57,95.8,1.5,9.0,0.15,0.889,58,0.032,108,92.9,114.61,0.077,115.64,12.7,98,103,7,83,95.5,5,0.929,7,70,114.61,85,93,49,9,109.8,13,0.184,12.7,85,18.8,13,53,0.057,0.0,3.0,0.0,4.0,0.12,0.12,7.0,31.0,25.0,0.0,1.0,0.0,0.5,0.0,0.667,3.0,0.0,0.0,0.0,0.333,2.0,2.0,0.0,0.0,0.0,1.0,40.0,2.0,0.0,0.0,0.0,24.0,2.67,0.5,2.13,0.0,20.0,1.8,2.0,0.667,0.0,2.0,3.0,0.75,0.5,11.8,0.0,0.0,0.0,17.3,0.0,0.0,4.0,0.0,0.667,0.75,13.2,4.0,1.0,0.5,0.0,6.0,0.0,,,,,,,,,,,,,,,0.75,0.444,4.0,3.0,0.0,3.0,4.0,0.0,0.444,,0.0,0.75,0.75,1.0,2.0,0.0,2.0,1.0,0.0,2.0,0.222,0.0,,1.0,2.0,0.222,0.333,1.0,0.333,0.0,0.0,0.667,0.667,,2.0,3.0,0.0,2.0,3.0,,,,0.0,0.0,0.0,0.0,0.0,0.0,1.0,0.0,0.0,6.0,4.0,0.889,0.0,0.667,0.0,1.0,0.0,0.0,0.0,2.0,2.0,0.0,0.0,0.5,0.5,0.0,0.0,0.0,5.0,0.0,0.0,1.0,6.0,0.0,1.0,1.0,0.833,1.0,0.342,F-G,0.59,46.0,-0.038,78.0,0.628,0.0,1.0,0.0,6.0,0.0,0.0,0.0,1.0,0.833,1.0,0.0,0.0,2.0,0.0,0.0,0.0,0.0,0.5,0.0,5.0,0.0,0.0,0.0,1.0,0.0,0.0,0.0,CLE,2.0,0.667,3.0,2.0,3.0,1.0,2022,22100393,,1.0,4.0,11.0,0.364,0.458,-0.095,0.364,1.0,4.0,0.25,0.347,-0.097,0.636,3.0,7.0,0.429,0.534,-0.105,0.364,1.0,4.0,0.25,0.625,-0.375,0.455,1.0,5.0,0.2,0.578,-0.378,0.455,2.0,5.0,0.4,0.373,0.027,8.0,6.0,2.0,2.0,0.0,0.0,0.0,0.0,1.0,1.0,0.0,1.0,0.0,0.0,0.0,0.0,0.0,0.0,0.0,0.0,0.0,40.0,0.0,0.0,0.0,0.0,0.0,0.0,0.0,0.0,0.0,0.0,0.0,0.0,0.0,0.0,0.0,0.0,0.0,29.73,12326.0,2.33,1.25,1.08,4.32,4.49,4.51,,,CLE,SAC,20211211,2021-22,False,CLE,SAC,,,,,,,,,,,,,,,,,,,,,,,,,,,,,,,,,,,,,,,,,,,,,,,,,,,,,,,,,,,,,,,,,,,,,,,,,,,,,,,,,,,,,,,,,,,,,,,,,,,,,,,,,,,,,,
1630171,Isaac Okoro,Isaac,1610612739,CLE,21.0,1,0,1,0.0,25.81833333333333,2,9,0.222,2,7,0.286,0,0,0.0,2,1,3,3,1,2,0,0,2,0,6,4,19.1,0,0,18.0,1,42,42,42,42,53,33,66,19,11,37,44,48,44,16,57,40,20,22,4,23,1,41,59,51,19,44,9,1,42,,32,119.6,119.6,6.8,111.8,63,51,0.164,29,29,35,3,2.0,7.8,7.7,0.168,35,32,55,29,111.8,3.0,9.0,0.143,0.333,19,0.077,52,111.3,94.82,0.037,95.6,7.8,68,52,44,57,79.01,37,0.333,44,21,94.82,56,32,32,68,118.1,53,0.026,7.7,33,23.1,63,33,0.057,0.0,3.0,0.0,8.0,0.115,0.115,7.0,27.0,26.0,0.0,1.0,0.0,0.0,0.0,0.0,3.0,0.0,0.0,0.0,0.333,0.0,2.0,0.0,0.0,0.0,0.0,37.0,0.0,0.0,0.0,0.0,30.0,1.94,0.162,0.89,0.0,6.0,1.2,1.0,0.75,0.0,3.0,0.0,1.0,0.667,6.0,0.0,2.0,1.0,12.3,0.5,0.667,1.0,0.0,0.75,1.0,10.2,1.0,1.0,0.667,1.0,4.0,1.0,,,,,,,,,,,,,,,0.0,0.222,2.0,0.0,0.0,0.0,2.0,0.0,0.222,,0.0,0.0,0.0,,,,,,,,,,,,,,0.778,0.429,0.778,0.0,0.0,0.286,0.286,,2.0,7.0,0.0,2.0,7.0,0.0,0.0,0.0,0.0,1.0,0.0,0.0,1.0,0.0,0.0,0.0,0.0,6.0,0.0,0.333,0.0,0.333,0.25,1.0,1.0,0.0,0.0,4.0,0.0,0.0,0.0,0.0,0.25,0.0,4.0,0.0,0.0,1.0,0.0,1.0,1.0,0.0,3.0,0.333,0.0,0.0,0.354,F-G,0.612,41.0,-0.018,67.0,0.63,0.0,1.0,0.0,1.0,0.0,,0.0,2.0,0.0,0.5,1.0,0.0,5.0,0.0,0.0,0.0,0.0,0.2,0.0,0.0,0.0,0.0,0.0,1.0,,,0.0,CLE,2.0,0.333,6.0,2.0,6.0,0.5,2022,22100349,,1.0,5.0,8.0,0.625,0.438,0.188,0.5,2.0,4.0,0.5,0.361,0.139,0.5,3.0,4.0,0.75,0.496,0.254,0.125,1.0,1.0,1.0,0.642,0.358,0.25,1.0,2.0,0.5,0.518,-0.018,0.625,3.0,5.0,0.6,0.364,0.236,2.0,2.0,0.0,1.0,0.0,0.0,0.0,1.0,1.0,2.0,0.5,0.5,0.0,1.0,1.0,1.0,0.0,0.0,1.0,1.0,0.0,37.0,0.0,0.0,0.0,0.0,0.0,0.0,0.0,0.0,0.0,0.0,0.0,0.0,0.0,0.0,0.0,0.0,0.0,25.82,9915.0,1.88,0.96,0.92,4.19,4.31,4.06,,,CLE,UTA,20211205,2021-22,False,CLE,UTA,,,,,,,,,,,,,,,,,,,,,,,,,,,,,,,,,,,,,,,,,,,,,,,,,,,,,,,,,,,,,,,,,,,,,,,,,,,,,,,,,,,,,,,,,,,,,,,,,,,,,,,,,,,,,,
1630171,Isaac Okoro,Isaac,1610612739,CLE,21.0,1,0,1,0.0,29.4,2,4,0.5,1,3,0.333,0,2,0.0,1,0,1,1,0,2,1,1,0,1,5,2,16.7,0,0,14.0,1,122,122,122,85,155,181,89,84,102,82,141,76,141,60,217,188,135,160,13,25,159,1,113,172,93,147,33,1,162,,126,111.3,111.3,-2.1,109.8,189,62,0.071,180,112,124,131,2.0,1.5,0.0,0.069,124,111,217,112,109.8,0.0,4.0,0.04,0.625,113,0.03,1,111.1,100.41,0.0,100.87,1.5,217,1,172,230,83.67,167,0.512,172,105,100.41,234,111,122,143,109.0,155,0.037,0.0,124,16.7,82,181,0.015,0.0,1.0,0.0,3.0,0.063,0.063,3.0,12.0,16.0,0.0,1.0,0.0,1.0,0.0,1.0,2.0,0.0,0.0,0.0,0.5,2.0,1.0,0.0,0.0,0.0,1.0,21.0,0.0,0.0,0.0,0.0,13.0,2.55,0.238,1.05,0.0,5.0,0.9,1.0,0.25,0.0,4.0,0.0,0.0,0.25,0.0,0.0,0.0,0.0,7.4,0.0,0.0,0.0,0.0,0.25,0.0,7.4,1.0,1.0,0.25,0.0,4.0,0.0,,,,,,,,,,,,,,,,,,,,,,,,,,,,1.0,2.0,1.0,1.0,0.5,0.0,1.0,0.5,0.25,0.0,0.5,1.0,0.25,0.5,0.75,0.5,0.0,0.0,0.5,0.5,,1.0,2.0,0.0,1.0,2.0,0.0,0.0,0.0,0.0,1.0,0.0,0.0,1.0,0.0,0.0,0.0,0.0,3.0,0.0,0.625,0.0,0.5,0.0,1.0,0.0,0.0,0.0,2.0,0.0,0.0,0.0,0.0,0.0,0.0,2.0,0.0,1.0,0.0,0.0,0.0,1.0,0.0,1.0,1.0,1.0,0.0,0.344,F-G,0.612,139.0,-0.002,227.0,0.615,0.0,0.0,0.0,1.0,0.0,0.0,0.0,1.0,1.0,1.0,0.0,0.0,2.0,0.0,0.0,0.0,0.0,0.0,0.0,1.0,0.0,0.0,0.0,1.0,0.0,0.0,0.0,CLE,1.0,0.5,2.0,1.0,2.0,0.75,2022,22101179,,1.0,4.0,8.0,0.5,0.487,0.013,0.125,1.0,1.0,1.0,0.328,0.672,0.875,3.0,7.0,0.429,0.509,-0.08,0.125,0.0,1.0,0.0,0.687,-0.687,0.375,0.0,3.0,0.0,0.574,-0.574,0.25,2.0,2.0,1.0,0.335,0.666,7.0,7.0,0.0,3.0,0.0,0.0,0.0,0.0,0.0,0.0,0.0,0.0,0.0,0.0,0.0,0.0,0.0,0.0,0.0,0.0,0.0,21.0,0.0,0.0,0.0,0.0,0.0,0.0,0.0,0.0,0.0,0.0,0.0,0.0,0.0,0.0,0.0,0.0,0.0,29.4,11636.0,2.2,1.13,1.08,4.27,4.22,4.31,,,ORL,CLE,20220405,2021-22,False,CLE,ORL,,,,,,,,,,,,,,,,,,,,,,,,,,,,,,,,,,,,,,,,,,,,,,,,,,,,,,,,,,,,,,,,,,,,,,,,,,,,,,,,,,,,,,,,,,,,,,,,,,,,,,,,,,,,,,
1630171,Isaac Okoro,Isaac,1610612739,CLE,21.0,1,0,1,0.0,41.45,5,9,0.556,3,5,0.6,4,4,1.0,0,5,5,1,0,0,0,1,3,4,17,-17,24.5,0,0,26.0,1,132,132,132,3,77,95,88,22,56,34,29,37,1,131,40,69,127,141,110,66,188,176,27,57,243,99,19,1,79,,229,118.5,118.5,-23.9,139.5,156,81,0.125,193,198,229,123,5.0,-21.0,0.0,0.122,229,123,140,198,139.5,0.0,9.0,0.037,0.722,177,0.0,1,140.5,93.8,0.167,94.24,-21.0,78,1,185,177,78.17,176,0.79,185,131,93.8,193,123,209,41,116.6,77,0.078,0.0,130,8.3,54,95,0.074,0.0,1.0,0.0,2.0,0.043,0.043,2.0,26.0,23.0,0.0,1.0,0.0,0.667,0.0,0.8,5.0,0.0,0.0,0.0,0.2,4.0,3.0,0.2,0.0,1.0,2.0,35.0,2.0,0.0,0.0,0.0,25.0,2.88,0.486,2.29,0.0,17.0,1.7,1.0,0.625,0.0,3.0,4.0,1.0,0.0,14.1,0.0,1.0,1.0,0.0,0.0,0.2,5.0,0.0,0.625,1.0,14.1,4.0,0.0,0.0,0.2,8.0,0.0,,,,,,,,,,,,,,,0.333,0.333,3.0,1.0,0.0,1.0,3.0,0.0,0.333,,0.0,0.333,0.333,1.0,1.0,0.0,1.0,1.0,0.0,1.0,0.111,0.0,,1.0,1.0,0.111,0.556,0.9,0.556,0.0,0.0,0.6,0.6,,3.0,5.0,0.0,3.0,5.0,,,,0.0,0.0,0.0,0.0,0.0,0.0,0.0,0.0,0.0,9.0,2.0,0.722,0.0,0.6,0.75,0.0,0.0,0.0,0.0,4.0,0.0,0.0,0.0,0.0,0.75,0.0,4.0,0.0,2.0,3.0,0.0,3.0,4.0,0.0,1.0,0.0,0.5,0.0,0.342,F-G,0.617,116.0,0.004,188.0,0.613,0.0,3.0,0.0,4.0,0.0,0.0,0.0,1.0,0.5,0.0,0.0,0.0,4.0,0.0,0.0,0.0,0.0,0.75,0.0,2.0,0.0,0.0,0.0,0.0,0.0,0.0,0.0,CLE,3.0,0.6,5.0,3.0,5.0,0.9,2022,22101034,,1.0,5.0,9.0,0.556,0.476,0.08,0.556,2.0,5.0,0.4,0.352,0.048,0.444,3.0,4.0,0.75,0.513,0.237,0.222,2.0,2.0,1.0,0.677,0.323,0.222,2.0,2.0,1.0,0.616,0.385,0.667,2.0,6.0,0.333,0.368,-0.034,3.0,1.0,2.0,1.0,0.0,0.0,0.0,1.0,0.0,1.0,1.0,0.0,0.0,0.0,0.0,0.0,0.0,0.0,0.0,0.0,0.0,35.0,0.0,0.0,0.0,0.0,0.0,0.0,0.0,0.0,0.0,0.0,0.0,0.0,0.0,0.0,0.0,0.0,0.0,41.45,15135.0,2.87,1.47,1.39,3.95,3.94,3.95,,,CLE,PHI,20220316,2021-22,False,CLE,PHI,,,,,,,,,,,,,,,,,,,,,,,,,,,,,,,,,,,,,,,,,,,,,,,,,,,,,,,,,,,,,,,,,,,,,,,,,,,,,,,,,,,,,,,,,,,,,,,,,,,,,,,,,,,,,,
1630171,Isaac Okoro,Isaac,1610612739,CLE,21.0,1,1,0,1.0,28.916666666666668,1,3,0.333,1,3,0.333,0,0,0.0,0,2,2,3,0,1,1,0,3,1,3,3,15.9,0,0,13.0,1,1,1,1,66,161,163,150,67,83,73,118,128,118,106,118,138,53,129,33,14,1,141,106,167,72,131,15,4,143,,132,125.5,125.5,2.9,120.0,164,55,0.048,93,88,142,105,1.0,5.5,0.0,0.048,142,54,169,88,120.0,0.0,3.0,0.125,0.5,5,0.0,1,117.3,91.3,0.087,94.35,5.5,144,1,212,209,76.08,189,0.5,212,106,91.3,209,54,98,132,120.2,161,0.037,0.0,73,50.0,103,163,0.039,0.0,3.0,0.0,6.0,0.097,0.097,9.0,27.0,31.0,0.0,3.0,0.0,0.0,0.0,0.0,3.0,0.0,0.0,0.0,1.0,0.0,0.0,0.333,0.0,1.0,0.0,34.0,0.0,0.0,0.0,0.0,24.0,1.83,0.088,1.06,0.0,3.0,1.0,0.0,0.333,2.0,1.0,2.0,0.4,0.0,7.8,1.0,0.0,0.0,0.0,0.0,0.0,5.0,1.0,0.5,0.5,7.8,2.0,0.0,0.0,0.0,6.0,0.0,,,,,,,,,,,,,,,,,,,,,,,,,,,,,,,,,,,,,,,,,1.0,0.5,1.0,0.0,0.0,0.333,0.333,,1.0,3.0,0.0,1.0,3.0,,,,0.0,0.0,0.0,0.0,0.0,0.0,0.0,0.0,0.0,3.0,0.0,0.5,0.0,0.333,0.333,0.0,0.0,0.0,0.0,3.0,0.0,0.0,0.0,0.0,0.333,0.0,3.0,0.0,0.0,1.0,0.0,1.0,0.0,0.0,0.0,0.0,0.0,0.0,0.335,F-G,0.585,69.0,-0.029,118.0,0.614,0.0,1.0,0.0,0.0,0.0,,0.0,0.0,0.0,0.0,0.0,0.0,3.0,0.0,0.0,0.0,0.0,0.333,0.0,0.0,0.0,0.0,0.0,0.0,,,0.0,CLE,1.0,0.333,3.0,1.0,3.0,0.5,2022,22100722,,1.0,3.0,7.0,0.429,0.446,-0.017,0.143,0.0,1.0,0.0,0.309,-0.309,0.857,3.0,6.0,0.5,0.492,0.008,0.571,2.0,4.0,0.5,0.541,-0.041,0.857,3.0,6.0,0.5,0.529,-0.029,0.143,0.0,1.0,0.0,0.313,-0.313,6.0,6.0,0.0,3.0,1.0,0.0,0.0,0.0,1.0,1.0,0.0,1.0,0.0,1.0,1.0,1.0,0.0,0.0,1.0,1.0,0.0,34.0,0.0,0.0,0.0,0.0,0.0,0.0,0.0,0.0,0.0,0.0,0.0,0.0,0.0,0.0,0.0,0.0,0.0,28.92,11155.0,2.11,1.16,0.95,4.12,4.09,4.61,,,CLE,MIL,20220126,2021-22,False,CLE,MIL,,,,,,,,,,,,,,,,,,,,,,,,,,,,,,,,,,,,,,,,,,,,,,,,,,,,,,,,,,,,,,,,,,,,,,,,,,,,,,,,,,,,,,,,,,,,,,,,,,,,,,,,,,,,,,
1630171,Isaac Okoro,Isaac,1610612739,CLE,21.0,1,1,0,1.0,22.07333333333333,1,7,0.143,0,3,0.0,0,0,0.0,2,2,4,1,2,0,1,1,3,0,2,-14,9.3,0,0,9.0,1,1,1,1,91,124,80,145,91,66,91,94,98,94,27,87,65,82,24,73,24,96,97,117,140,149,127,17,2,124,,92,91.5,91.5,-26.5,116.3,156,47,0.164,98,139,80,67,1.0,-24.8,20.0,0.165,80,145,80,139,116.3,0.5,7.0,0.056,0.143,96,0.087,142,118.7,104.38,0.077,102.94,-24.8,119,142,31,84,86.98,41,0.143,31,30,104.38,86,145,141,147,92.2,124,-0.055,20.0,143,10.0,145,80,0.082,0.0,1.0,0.0,2.0,0.053,0.053,3.0,21.0,19.0,0.0,1.0,1.0,0.5,0.0,0.5,4.0,0.0,0.0,0.25,0.25,2.0,2.0,0.0,0.0,0.0,1.0,28.0,0.0,0.0,0.0,0.0,17.0,3.27,0.071,2.54,0.0,2.0,1.5,0.0,0.444,1.0,4.0,2.0,0.4,0.5,11.3,0.0,1.0,0.0,12.9,0.5,0.25,5.0,1.0,0.5,0.5,12.1,3.0,1.0,0.5,0.0,9.0,1.0,,,,,,,,,,,,,,,0.25,0.571,4.0,1.0,0.0,1.0,4.0,0.0,0.571,,0.0,0.25,0.25,,,,,,,,,,,,,,0.429,0.0,0.429,0.0,0.0,0.0,0.0,,0.0,3.0,0.0,0.0,3.0,,,,0.0,0.0,0.0,0.0,0.0,0.0,0.0,0.0,0.0,0.0,0.0,0.143,0.0,0.0,0.0,0.0,0.0,0.0,0.0,3.0,1.0,0.0,0.0,0.0,0.0,0.0,2.0,0.0,1.0,0.0,0.0,0.0,4.0,0.0,0.0,0.0,0.25,0.0,0.351,F-G,0.606,106.0,-0.006,175.0,0.612,0.0,0.0,0.0,4.0,0.0,,0.0,0.0,0.25,0.0,0.0,0.0,3.0,0.0,0.0,0.0,0.0,0.0,0.0,1.0,0.0,0.0,0.0,0.0,,,0.0,CLE,0.0,0.0,3.0,0.0,3.0,0.0,2022,22100962,,1.0,4.0,10.0,0.4,0.469,-0.069,0.3,2.0,3.0,0.667,0.34,0.327,0.7,2.0,7.0,0.286,0.514,-0.228,0.2,1.0,2.0,0.5,0.598,-0.098,0.6,1.0,6.0,0.167,0.56,-0.394,0.3,2.0,3.0,0.667,0.353,0.314,4.0,3.0,1.0,1.0,0.0,0.0,0.0,0.0,0.0,0.0,0.0,0.0,0.0,1.0,1.0,1.0,0.0,0.0,1.0,1.0,0.0,28.0,0.0,0.0,0.0,0.0,0.0,0.0,0.0,0.0,0.0,0.0,0.0,0.0,0.0,0.0,0.0,0.0,0.0,22.07,8794.0,1.67,0.88,0.79,4.31,4.24,4.38,,,CLE,TOR,20220306,2021-22,False,CLE,TOR,,,,,,,,,,,,,,,,,,,,,,,,,,,,,,,,,,,,,,,,,,,,,,,,,,,,,,,,,,,,,,,,,,,,,,,,,,,,,,,,,,,,,,,,,,,,,,,,,,,,,,,,,,,,,,
1630171,Isaac Okoro,Isaac,1610612739,CLE,22.0,1,1,0,1.0,7.866666666666666,0,0,0.0,0,0,0.0,0,0,0.0,0,0,0,0,1,0,0,0,2,0,0,-6,-1.0,0,0,0.0,1,1,1,1,212,207,221,207,129,186,129,112,121,112,120,199,206,177,88,110,86,1,107,162,209,160,231,26,2,226,,51,61.1,61.1,-32.3,94.4,227,18,0.056,177,208,53,128,0.0,-33.3,100.0,0.056,53,227,206,210,94.4,0.0,0.0,0.0,0.0,177,0.0,231,93.4,109.83,0.0,110.44,-33.3,199,231,39,214,91.53,29,0.0,39,120,109.83,215,227,206,209,61.1,207,-0.146,100.0,227,0.0,207,221,0.0,0.0,0.0,0.0,1.0,0.0,0.0,0.0,6.0,8.0,0.0,0.0,1.0,0.0,0.0,0.0,1.0,0.0,0.0,1.0,0.0,0.0,0.0,0.0,0.0,0.0,0.0,9.0,0.0,0.0,0.0,0.0,6.0,2.84,0.0,1.44,0.0,0.0,0.4,0.0,,,,,,,,,,,,,,,,,,,,,,,,,,,,,,,,,,,,,,,,,,,,,,,,,,,,,,,,,,,,,,,,,,,,,,,,,,,,,,,,,,0.0,0.0,0.0,,0.0,0.0,0.0,0.0,0.0,0.0,0.0,0.0,0.0,0.0,0.0,0.0,0.0,0.0,0.0,0.0,0.0,0.0,0.0,0.0,0.0,0.0,0.0,0.0,0.0,0.0,0.0,0.0,0.0,0.0,0.0,0.0,0.0,0.342,F-G,0.462,6.0,-0.191,13.0,0.652,0.0,0.0,0.0,0.0,0.0,,0.0,0.0,0.0,0.0,0.0,0.0,0.0,0.0,0.0,0.0,0.0,0.0,0.0,0.0,0.0,0.0,0.0,0.0,,,0.0,CLE,0.0,,,,0.0,,2023,22200107,,1.0,1.0,3.0,0.333,0.474,-0.141,0.333,0.0,1.0,0.0,0.338,-0.338,0.667,1.0,2.0,0.5,0.556,-0.056,0.667,1.0,2.0,0.5,0.639,-0.139,0.667,1.0,2.0,0.5,0.603,-0.103,0.333,0.0,1.0,0.0,0.36,-0.36,2.0,1.0,1.0,1.0,0.0,0.0,0.0,0.0,0.0,0.0,0.0,0.0,0.0,0.0,0.0,0.0,0.0,0.0,0.0,0.0,0.0,9.0,0.0,0.0,0.0,0.0,0.0,0.0,0.0,0.0,0.0,0.0,0.0,0.0,0.0,0.0,0.0,0.0,0.0,7.87,3345.0,0.63,0.34,0.29,4.36,3.83,5.04,,,CLE,BOS,20221102,2022-23,False,CLE,BOS,,,,,,,,,,,,,,,,,,,,,,,,,,,,,,,,,,,,,,,,,,,,,,,,,,,,,,,,,,,,,,,,,,,,,,,,,,,,,,,,,,,,,,,,,,,,,,,,,,,,,,,,,,,,,,
1630171,Isaac Okoro,Isaac,1610612739,CLE,22.0,1,1,0,1.0,24.043333333333333,3,5,0.6,1,2,0.5,2,4,0.5,2,1,3,2,0,2,1,1,1,2,9,9,24.6,0,0,21.0,1,1,1,1,74,71,89,30,49,73,29,37,22,58,12,104,70,54,81,11,21,86,25,46,71,23,60,16,2,64,,8,110.2,110.2,22.7,90.0,37,49,0.13,77,23,11,68,3.0,20.2,0.0,0.126,11,72,88,23,90.0,0.0,5.0,0.1,0.7,51,0.083,1,85.7,98.82,0.038,102.18,20.2,123,1,99,98,82.35,73,0.666,99,22,98.82,105,72,20,46,108.3,71,0.13,0.0,80,22.2,35,89,0.06,0.0,2.0,0.0,4.0,0.111,0.111,5.0,15.0,18.0,2.0,1.0,0.0,0.0,0.5,0.5,2.0,1.0,1.0,0.0,0.5,1.0,0.0,0.5,0.5,1.0,0.0,25.0,1.0,0.0,0.0,1.0,16.0,1.53,0.36,0.84,0.0,9.0,0.6,1.0,0.375,1.0,4.0,0.0,0.25,0.5,7.7,0.0,2.0,1.0,12.7,0.5,0.667,4.0,1.0,0.429,0.333,11.0,1.0,1.0,0.5,1.0,8.0,1.0,,,,,,,,,,,,,,,0.5,0.4,2.0,1.0,0.0,1.0,2.0,0.0,0.4,,0.0,0.5,0.5,,,,,,,,,,,,,,0.6,0.833,0.4,1.0,1.0,0.5,0.667,1.0,1.0,2.0,0.2,2.0,3.0,,,,0.0,0.0,0.0,0.0,0.0,0.0,0.0,0.0,0.0,3.0,1.0,0.7,0.0,0.5,1.0,0.0,0.0,0.0,0.0,1.0,,0.0,0.0,,1.0,0.0,1.0,0.0,2.0,1.0,0.0,1.0,3.0,0.0,1.0,0.0,0.667,,0.342,F-G,0.553,63.0,-0.081,114.0,0.633,0.0,1.0,0.0,3.0,0.0,0.0,0.0,0.0,0.667,0.0,0.0,0.0,2.0,0.0,0.0,0.0,0.0,0.5,0.0,2.0,0.0,0.0,0.0,0.0,0.0,0.0,0.0,CLE,1.0,0.5,2.0,1.0,2.0,0.75,2023,22200695,,1.0,2.0,4.0,0.5,0.453,0.047,0.5,1.0,2.0,0.5,0.377,0.124,0.5,1.0,2.0,0.5,0.55,-0.05,0.25,0.0,1.0,0.0,0.637,-0.637,0.25,0.0,1.0,0.0,0.615,-0.615,0.5,1.0,2.0,0.5,0.377,0.123,3.0,3.0,0.0,5.0,0.0,0.0,0.0,1.0,0.0,1.0,1.0,0.0,0.0,0.0,0.0,0.0,0.0,0.0,0.0,0.0,0.0,25.0,0.0,0.0,0.0,0.0,0.0,0.0,0.0,0.0,0.0,0.0,0.0,0.0,0.0,0.0,0.0,0.0,0.0,24.05,8946.0,1.69,0.81,0.89,3.92,3.72,4.12,,,CLE,MIL,20230121,2022-23,False,CLE,MIL,,,,,,,,,,,,,,,,,,,,,,,,,,,,,,,,,,,,,,,,,,,,,,,,,,,,,,,,,,,,,,,,,,,,,,,,,,,,,,,,,,,,,,,,,,,,,,,,,,,,,,,,,,,,,,
1630171,Isaac Okoro,Isaac,1610612739,CLE,22.0,1,1,0,1.0,29.2,7,9,0.778,3,4,0.75,3,3,1.0,1,2,3,3,1,2,0,1,2,2,20,23,33.1,0,0,33.0,1,1,1,1,41,12,47,17,7,34,10,26,39,1,27,67,62,36,53,7,39,87,55,42,14,9,25,14,1,20,,21,140.0,140.0,44.1,98.4,23,60,0.169,64,15,30,13,7.0,41.6,7.1,0.172,30,9,89,15,98.4,3.0,9.0,0.125,0.944,44,0.043,57,94.3,100.27,0.056,103.1,41.6,94,56,49,73,83.56,44,0.969,49,45,100.27,74,9,13,13,138.3,12,0.161,7.0,11,21.4,14,47,0.051,0.0,3.0,0.0,2.0,0.231,0.231,6.0,13.0,13.0,2.0,1.0,0.0,0.5,0.25,1.0,4.0,2.0,1.0,0.0,0.25,4.0,2.0,0.25,1.0,1.0,1.0,24.0,1.0,0.0,0.0,1.0,15.0,2.08,0.833,1.5,0.0,20.0,0.8,2.0,0.6,0.0,1.0,1.0,0.5,1.0,3.4,0.0,1.0,1.0,12.1,0.0,0.333,4.0,0.0,0.6,0.5,6.3,2.0,1.0,1.0,0.5,5.0,0.0,,,,,,,,,,,,,,,0.75,0.444,4.0,3.0,0.0,3.0,4.0,0.0,0.444,,0.0,0.75,0.75,,1.0,1.0,0.0,1.5,1.0,0.0,0.111,0.111,1.0,1.0,1.0,0.0,0.444,1.0,0.333,1.0,1.0,0.667,0.75,1.0,2.0,3.0,0.111,3.0,4.0,,,,0.0,0.0,0.0,0.0,0.0,0.0,1.0,0.0,0.0,9.0,2.0,0.944,0.0,0.75,1.0,0.0,3.0,2.0,0.0,4.0,1.0,0.0,0.0,0.0,0.75,0.0,3.0,0.0,2.0,3.0,0.0,3.0,2.0,0.667,0.0,0.0,1.0,0.0,0.343,F-G,0.556,74.0,-0.074,133.0,0.63,,3.0,2.0,3.0,0.0,0.0,1.0,0.0,0.667,0.0,2.0,0.0,4.0,0.0,0.0,0.0,0.0,0.75,0.0,2.0,,,0.0,0.0,0.0,0.0,0.0,CLE,3.0,0.75,4.0,3.0,4.0,1.125,2023,22200803,,1.0,2.0,8.0,0.25,0.48,-0.23,0.75,2.0,6.0,0.333,0.394,-0.06,0.25,0.0,2.0,0.0,0.532,-0.532,0.125,0.0,1.0,0.0,0.541,-0.541,0.25,0.0,2.0,0.0,0.581,-0.581,0.75,2.0,6.0,0.333,0.398,-0.064,4.0,2.0,2.0,1.0,0.0,1.0,2.0,0.0,1.0,1.0,0.0,1.0,0.0,1.0,1.0,1.0,1.0,0.0,1.0,1.0,1.0,24.0,0.0,0.0,0.0,0.0,0.0,0.0,0.0,0.0,0.0,0.0,0.0,0.0,0.0,0.0,0.0,0.0,0.0,29.2,11761.0,2.23,1.17,1.06,4.21,4.33,4.47,,,IND,CLE,20230205,2022-23,False,CLE,IND,,,,,,,,,,,,,,,,,,,,,,,,,,,,,,,,,,,,,,,,,,,,,,,,,,,,,,,,,,,,,,,,,,,,,,,,,,,,,,,,,,,,,,,,,,,,,,,,,,,,,,,,,,,,,,
1630171,Isaac Okoro,Isaac,1610612739,CLE,22.0,1,1,0,1.0,19.56833333333333,1,3,0.333,1,1,1.0,0,0,0.0,1,2,3,1,0,0,1,1,6,0,3,3,11.1,0,0,10.0,1,1,1,1,141,170,173,164,70,140,1,130,133,130,55,124,115,123,148,104,24,160,225,163,179,86,162,26,1,165,,209,156.8,156.8,13.4,144.7,207,37,0.068,150,67,219,113,1.0,12.0,0.0,0.067,219,1,88,67,144.7,0.0,3.0,0.063,0.5,50,0.059,1,136.5,91.99,0.133,96.84,12.0,105,1,204,216,76.65,167,0.5,204,62,91.99,218,1,56,133,149.9,170,-0.012,0.0,4,25.0,105,173,0.094,0.0,1.0,0.0,0.0,0.077,0.077,2.0,8.0,13.0,0.0,2.0,0.0,0.0,0.0,0.0,3.0,0.0,0.0,0.0,0.667,0.0,1.0,0.0,0.0,0.0,0.0,17.0,0.0,0.0,0.0,0.0,10.0,2.01,0.176,1.0,0.0,3.0,0.6,1.0,0.429,1.0,4.0,1.0,0.667,0.333,8.9,1.0,1.0,1.0,9.4,0.0,0.333,3.0,0.0,0.5,0.667,9.1,2.0,1.0,0.25,0.5,7.0,0.0,,,,,,,,,,,,,,,0.0,0.333,1.0,0.0,0.0,0.0,1.0,0.0,0.333,,0.0,0.0,0.0,0.0,1.0,0.0,0.0,0.0,0.0,1.0,0.333,0.0,,0.0,0.0,0.333,0.333,1.5,0.333,0.0,0.0,1.0,1.0,,1.0,1.0,0.0,1.0,1.0,,,,0.0,0.0,0.0,0.0,0.0,0.0,0.0,0.0,0.0,3.0,0.0,0.5,0.0,1.0,1.0,0.0,0.0,0.0,,1.0,0.0,,,0.0,1.0,0.0,1.0,0.0,0.0,1.0,0.0,1.0,2.0,0.0,0.0,0.0,0.0,0.0,0.352,F-G,0.57,49.0,-0.07,86.0,0.64,0.0,1.0,0.0,2.0,,,0.0,0.0,0.0,0.0,0.0,0.0,1.0,0.0,0.0,,,1.0,0.0,0.0,0.0,0.0,0.0,0.0,,,0.0,CLE,1.0,1.0,1.0,1.0,1.0,1.5,2023,22200552,,1.0,7.0,12.0,0.583,0.509,0.075,,,,,,,1.0,7.0,12.0,0.583,0.544,0.039,0.5,4.0,6.0,0.667,0.659,0.008,0.583,5.0,7.0,0.714,0.632,0.083,0.167,1.0,2.0,0.5,0.432,0.068,6.0,6.0,0.0,0.0,0.0,1.0,2.0,1.0,0.0,1.0,1.0,0.0,0.0,0.0,0.0,0.0,0.0,0.0,0.0,0.0,0.0,17.0,0.0,0.0,0.0,0.0,0.0,0.0,0.0,0.0,0.0,0.0,0.0,0.0,0.0,0.0,0.0,0.0,0.0,19.57,7567.0,1.43,0.72,0.71,3.94,3.9,3.97,,,CLE,CHI,20230102,2022-23,False,CLE,CHI,,,,,,,,,,,,,,,,,,,,,,,,,,,,,,,,,,,,,,,,,,,,,,,,,,,,,,,,,,,,,,,,,,,,,,,,,,,,,,,,,,,,,,,,,,,,,,,,,,,,,,,,,,,,,,
1630171,Isaac Okoro,Isaac,1610612739,CLE,22.0,1,1,0,1.0,25.98333333333333,4,6,0.667,2,3,0.667,2,3,0.667,0,2,2,3,1,0,0,0,0,2,12,23,17.9,0,0,19.0,1,1,1,1,71,71,94,24,26,65,13,43,38,63,76,87,106,45,55,70,51,1,1,44,65,10,95,13,1,86,,26,137.7,137.7,42.1,94.3,76,53,0.14,87,10,24,18,4.0,43.4,9.1,0.144,24,18,123,10,94.3,3.0,6.0,0.12,0.833,46,0.0,97,93.2,97.91,0.077,99.39,43.4,120,96,133,126,81.59,116,0.82,133,76,97.91,126,18,12,26,135.3,71,0.102,8.8,23,27.3,17,94,0.045,0.0,3.0,0.0,3.0,0.231,0.231,6.0,18.0,13.0,0.0,1.0,1.0,0.667,0.0,1.0,5.0,0.0,0.0,0.2,0.2,5.0,3.0,0.0,0.0,0.0,2.0,21.0,0.0,0.0,0.0,1.0,15.0,2.05,0.571,1.48,0.0,12.0,0.7,0.0,0.667,1.0,1.0,2.0,1.0,0.0,13.1,1.0,0.0,0.0,0.0,0.0,0.0,2.0,0.0,1.0,1.0,13.1,2.0,0.0,0.0,0.0,3.0,0.0,,,,,,,,,,,,,,,0.5,0.333,2.0,1.0,0.0,1.0,2.0,0.0,0.333,,0.0,0.5,0.5,1.0,2.0,1.0,1.0,1.25,1.0,1.0,0.333,0.167,1.0,1.0,2.0,0.167,0.333,0.75,0.333,0.0,0.0,0.5,0.5,,1.0,2.0,0.0,1.0,2.0,1.5,1.0,1.0,1.0,1.0,1.0,3.0,1.0,0.0,0.0,0.0,0.0,3.0,0.0,0.833,0.0,0.5,0.5,0.0,3.0,2.0,0.0,3.0,1.0,0.0,0.0,1.0,0.667,0.0,2.0,0.0,0.0,1.0,0.0,2.0,0.0,0.667,0.0,0.0,0.0,1.0,0.34,F-G,0.552,74.0,-0.077,134.0,0.63,0.0,2.0,0.0,1.0,0.0,,0.0,0.0,1.0,0.0,1.0,0.0,3.0,0.0,1.0,0.0,0.0,0.667,1.0,1.0,0.0,0.0,1.0,0.0,,,0.0,CLE,1.0,0.5,2.0,1.0,2.0,0.75,2023,22200809,,1.0,2.0,6.0,0.333,0.445,-0.112,0.333,0.0,2.0,0.0,0.341,-0.341,0.667,2.0,4.0,0.5,0.493,0.007,0.167,0.0,1.0,0.0,0.589,-0.589,0.167,0.0,1.0,0.0,0.558,-0.558,0.5,1.0,3.0,0.333,0.364,-0.031,2.0,2.0,0.0,1.0,0.0,0.0,0.0,0.0,0.0,0.0,0.0,0.0,0.0,1.0,1.0,1.0,0.0,0.0,1.0,1.0,0.0,21.0,0.0,0.0,0.0,0.0,0.0,0.0,0.0,0.0,0.0,0.0,0.0,0.0,0.0,0.0,0.0,0.0,0.0,25.98,9842.0,1.86,0.94,0.92,4.19,3.98,3.96,,,WAS,CLE,20230206,2022-23,False,CLE,WAS,,,,,,,,,,,,,,,,,,,,,,,,,,,,,,,,,,,,,,,,,,,,,,,,,,,,,,,,,,,,,,,,,,,,,,,,,,,,,,,,,,,,,,,,,,,,,,,,,,,,,,,,,,,,,,
1630171,Isaac Okoro,Isaac,1610612739,CLE,22.0,1,0,1,0.0,18.53,2,6,0.333,1,4,0.25,0,0,0.0,0,1,1,2,0,0,1,0,3,0,5,-11,12.2,0,0,11.0,1,108,108,108,143,128,121,143,72,67,102,112,118,112,120,146,171,74,132,85,27,1,141,150,146,180,147,17,3,153,,211,122.9,122.9,-28.6,158.8,181,35,0.154,85,194,210,100,2.0,-36.0,0.0,0.159,210,50,168,194,158.8,0.0,6.0,0.133,0.417,49,0.0,1,156.4,89.37,0.1,88.28,-36.0,127,1,207,135,74.47,211,0.417,207,120,89.37,132,50,188,163,127.8,128,0.015,0.0,31,25.0,146,121,0.042,0.0,2.0,0.0,3.0,0.182,0.182,4.0,13.0,11.0,0.0,0.0,0.0,0.0,0.0,0.0,1.0,0.0,0.0,0.0,0.0,0.0,1.0,0.0,0.0,0.0,0.0,17.0,0.0,0.0,0.0,0.0,11.0,2.27,0.294,1.53,0.0,5.0,0.6,1.0,0.333,0.0,0.0,1.0,0.333,0.0,11.0,0.0,0.0,0.0,0.0,0.0,0.0,3.0,0.0,0.333,0.333,11.0,1.0,0.0,0.0,0.0,3.0,0.0,,,,,,,,,,,,,,,0.5,0.333,2.0,1.0,0.0,1.0,2.0,0.0,0.333,,0.0,0.5,0.5,,2.0,2.0,0.0,0.0,0.0,0.0,0.333,0.333,0.0,0.0,0.0,0.0,0.333,0.75,0.333,0.0,0.0,0.5,0.5,,1.0,2.0,0.0,1.0,2.0,,,,0.0,0.0,0.0,0.0,0.0,0.0,0.0,0.0,0.0,3.0,0.0,0.417,0.0,0.25,0.5,0.0,1.0,0.0,,4.0,2.0,,,0.0,0.25,0.0,2.0,0.0,1.0,1.0,0.0,1.0,1.0,0.0,0.0,0.0,1.0,0.0,0.339,F-G,0.544,80.0,-0.082,147.0,0.626,,1.0,0.0,1.0,,,0.0,0.0,1.0,0.0,1.0,,4.0,,0.0,,,0.25,0.0,1.0,,,0.0,0.0,,,,CLE,1.0,0.25,4.0,1.0,4.0,0.375,2023,22200875,,1.0,3.0,6.0,0.5,0.461,0.039,0.5,1.0,3.0,0.333,0.385,-0.051,0.5,2.0,3.0,0.667,0.511,0.156,0.5,2.0,3.0,0.667,0.596,0.071,0.5,2.0,3.0,0.667,0.547,0.12,0.5,1.0,3.0,0.333,0.387,-0.054,4.0,2.0,2.0,3.0,0.0,0.0,0.0,0.0,0.0,0.0,0.0,0.0,0.0,1.0,1.0,0.0,0.0,0.0,1.0,0.0,0.0,17.0,0.0,0.0,0.0,0.0,0.0,0.0,0.0,0.0,0.0,0.0,0.0,0.0,0.0,0.0,0.0,0.0,0.0,18.53,6875.0,1.3,0.6,0.7,3.96,3.78,4.13,,,PHI,CLE,20230215,2022-23,False,CLE,PHI,,,,,,,,,,,,,,,,,,,,,,,,,,,,,,,,,,,,,,,,,,,,,,,,,,,,,,,,,,,,,,,,,,,,,,,,,,,,,,,,,,,,,,,,,,,,,,,,,,,,,,,,,,,,,,
1630171,Isaac Okoro,Isaac,1610612739,CLE,22.0,1,1,0,1.0,21.53833333333333,0,3,0.0,0,2,0.0,2,2,1.0,0,4,4,2,1,1,1,0,1,1,2,24,14.8,0,0,12.0,1,1,1,1,99,155,131,155,97,89,97,42,50,1,90,47,68,61,54,19,16,1,34,85,144,1,107,12,1,117,,6,136.4,136.4,50.8,80.0,121,44,0.102,95,3,6,25,0.0,56.4,14.3,0.098,6,11,72,3,80.0,2.0,3.0,0.1,0.0,32,0.0,140,80.1,99.17,0.138,101.18,56.4,63,135,93,147,82.64,65,0.258,93,90,99.17,156,11,5,152,130.9,155,0.056,14.5,30,28.6,155,131,0.085,0.0,2.0,0.0,1.0,0.111,0.111,4.0,12.0,18.0,0.0,0.0,0.0,0.0,0.0,0.0,0.0,0.0,0.0,0.0,0.0,0.0,0.0,0.0,0.0,0.0,0.0,23.0,0.0,0.0,0.0,0.0,13.0,1.41,0.087,0.65,0.0,2.0,0.5,1.0,1.0,0.0,0.0,4.0,1.0,0.0,7.4,0.0,0.0,0.0,0.0,0.0,0.0,4.0,0.0,1.0,1.0,7.4,4.0,0.0,0.0,0.0,4.0,0.0,0.0,0.333,0.0,0.0,1.0,0.0,1.0,0.0,0.0,,1.0,0.333,0.0,0.0,,,,,,,,,,,,,,,,,,,,,,,,,,,0.667,0.0,0.667,0.0,0.0,0.0,0.0,,0.0,2.0,0.0,0.0,2.0,,,,0.0,0.0,0.0,0.0,0.0,0.0,0.0,0.0,0.0,0.0,0.0,0.0,0.0,0.0,0.0,0.0,0.0,0.0,0.0,2.0,1.0,0.0,0.0,0.0,0.0,0.0,1.0,0.0,0.0,0.0,0.0,0.0,1.0,0.0,0.0,0.0,0.0,0.0,0.314,F-G,0.455,5.0,-0.2,11.0,0.655,0.0,0.0,0.0,1.0,0.0,0.0,0.0,0.0,0.0,0.0,0.0,0.0,2.0,0.0,0.0,0.0,0.0,0.0,0.0,0.0,0.0,0.0,0.0,0.0,0.0,0.0,0.0,CLE,0.0,0.0,1.0,0.0,1.0,0.0,2023,22200090,,1.0,2.0,9.0,0.222,0.468,-0.246,0.444,0.0,4.0,0.0,0.364,-0.364,0.556,2.0,5.0,0.4,0.539,-0.139,0.222,1.0,2.0,0.5,0.654,-0.154,0.333,2.0,3.0,0.667,0.581,0.086,0.556,0.0,5.0,0.0,0.38,-0.38,6.0,5.0,1.0,2.0,0.0,0.0,0.0,0.0,0.0,0.0,0.0,0.0,0.0,0.0,0.0,0.0,0.0,0.0,0.0,0.0,0.0,23.0,0.0,0.0,0.0,0.0,0.0,0.0,0.0,0.0,0.0,0.0,0.0,0.0,0.0,0.0,0.0,0.0,0.0,21.53,9067.0,1.72,0.9,0.82,4.39,4.43,4.33,,,CLE,NYK,20221030,2022-23,False,CLE,NYK,,,,,,,,,,,,,,,,,,,,,,,,,,,,,,,,,,,,,,,,,,,,,,,,,,,,,,,,,,,,,,,,,,,,,,,,,,,,,,,,,,,,,,,,,,,,,,,,,,,,,,,,,,,,,,
1630171,Isaac Okoro,Isaac,1610612739,CLE,22.0,1,0,1,0.0,33.626666666666665,6,9,0.667,1,2,0.5,3,3,1.0,2,0,2,3,0,2,0,0,2,2,16,-2,28.9,0,0,26.0,1,58,58,58,36,29,43,13,38,65,20,24,37,1,18,104,75,33,77,15,36,1,47,39,30,63,42,9,2,43,,49,110.0,110.0,-3.3,105.3,41,70,0.128,44,40,25,61,6.0,4.7,0.0,0.135,25,74,96,40,105.3,0.0,9.0,0.143,0.722,33,0.054,1,112.2,103.49,0.0,100.72,4.7,104,1,46,87,86.24,54,0.775,46,39,103.49,86,74,69,15,108.9,29,0.117,0.0,79,23.1,23,43,0.03,1.0,4.0,0.0,6.0,0.176,0.235,7.0,16.0,17.0,2.0,0.0,0.0,0.0,0.5,1.0,2.0,2.0,1.0,0.0,0.0,2.0,1.0,0.0,1.0,0.0,0.0,27.0,1.286,0.0,0.0,2.0,20.0,1.47,0.593,0.56,0.0,16.0,0.7,7.0,0.286,1.0,4.0,0.0,0.0,0.5,0.0,0.0,2.0,0.0,3.8,1.0,1.0,3.0,1.0,0.333,0.0,3.8,0.0,0.0,0.5,0.0,7.0,2.0,,,,,,,,,,,,,,,0.714,0.778,7.0,5.0,0.0,5.0,7.0,0.0,0.778,,0.0,0.714,0.714,,,,,,,,,,,,,,0.222,0.75,0.222,0.0,0.0,0.5,0.5,,1.0,2.0,0.0,1.0,2.0,,,,0.0,0.0,0.0,0.0,0.0,0.0,1.0,0.0,0.0,3.0,9.0,0.722,0.0,0.5,0.0,1.0,1.0,0.0,0.0,1.0,1.0,0.0,0.0,0.0,0.0,0.0,0.0,0.0,5.0,0.0,0.0,0.0,6.0,0.0,1.0,1.0,0.833,0.0,0.326,F-G,0.541,86.0,-0.086,159.0,0.627,,0.0,0.0,6.0,0.0,,0.0,1.0,0.833,1.0,1.0,0.0,1.0,0.0,0.0,0.0,0.0,0.0,0.0,5.0,,,0.0,1.0,,,0.0,CLE,1.0,0.5,2.0,1.0,2.0,0.75,2023,22201000,,1.0,5.0,7.0,0.714,0.428,0.286,0.571,4.0,4.0,1.0,0.362,0.638,0.429,1.0,3.0,0.333,0.503,-0.17,0.143,0.0,1.0,0.0,0.625,-0.625,0.143,0.0,1.0,0.0,0.577,-0.577,0.714,4.0,5.0,0.8,0.376,0.424,5.0,3.0,2.0,3.0,0.0,1.0,2.0,0.0,0.0,0.0,0.0,0.0,0.0,1.0,1.0,1.0,0.0,0.0,1.0,1.0,0.0,27.0,0.0,0.0,0.0,0.0,0.0,0.0,0.0,0.0,0.0,0.0,0.0,0.0,0.0,0.0,0.0,0.0,0.0,33.63,12730.0,2.41,1.19,1.23,4.03,3.94,4.12,,,MIA,CLE,20230310,2022-23,False,CLE,MIA,,,,,,,,,,,,,,,,,,,,,,,,,,,,,,,,,,,,,,,,,,,,,,,,,,,,,,,,,,,,,,,,,,,,,,,,,,,,,,,,,,,,,,,,,,,,,,,,,,,,,,,,,,,,,,
1630171,Isaac Okoro,Isaac,1610612739,CLE,22.0,1,0,1,0.0,26.29833333333333,3,7,0.429,0,3,0.0,0,0,0.0,2,2,4,2,1,2,2,0,3,0,6,-7,24.8,0,0,20.0,1,50,50,50,49,53,51,65,56,40,56,58,61,58,12,55,44,38,40,8,3,1,63,74,67,72,39,9,2,50,,88,115.1,115.1,-13.5,125.9,70,53,0.131,53,69,80,16,3.0,-10.8,10.0,0.134,80,35,49,69,125.9,2.0,7.0,0.091,0.429,39,0.077,56,129.0,97.65,0.091,96.33,-10.8,66,55,74,64,81.37,77,0.429,74,16,97.65,66,35,73,75,115.4,53,0.05,10.0,34,20.0,73,51,0.083,0.0,4.0,2.0,4.0,0.087,0.174,4.0,22.0,23.0,0.0,1.0,0.0,1.0,0.0,1.0,2.0,0.0,0.0,0.0,0.5,2.0,1.0,0.5,0.0,1.0,1.0,31.0,1.0,0.0,0.0,0.0,25.0,1.41,0.194,0.61,0.0,6.0,0.7,2.0,0.444,0.0,4.0,1.0,0.4,0.5,9.5,0.0,2.0,1.0,12.2,0.5,0.5,5.0,0.0,0.444,0.4,10.8,2.0,1.0,0.5,0.5,9.0,1.0,1.0,0.143,1.0,1.0,1.0,0.0,1.0,1.0,0.0,,1.0,0.143,1.0,0.0,0.667,0.429,3.0,2.0,0.0,2.0,3.0,0.0,0.429,,0.0,0.667,0.667,,,,,,,,,,,,,,0.429,0.0,0.429,0.0,0.0,0.0,0.0,,0.0,3.0,0.0,0.0,3.0,,,,0.0,0.0,0.0,0.0,0.0,0.0,0.5,0.0,0.0,0.0,2.0,0.429,0.0,0.0,0.0,0.0,1.0,1.0,0.0,3.0,1.0,0.0,0.0,0.0,0.0,0.0,2.0,0.0,2.0,0.0,0.0,0.0,3.0,1.0,0.0,0.0,0.667,0.0,0.345,F-G,0.556,69.0,-0.075,124.0,0.632,0.0,0.0,1.0,3.0,0.0,,1.0,0.0,0.667,0.0,1.0,0.0,3.0,0.0,0.0,0.0,0.0,0.0,0.0,2.0,0.0,0.0,0.0,0.0,,,0.0,CLE,0.0,0.0,3.0,0.0,3.0,0.0,2023,22200739,,1.0,4.0,10.0,0.4,0.508,-0.108,,,,,,,1.0,4.0,10.0,0.4,0.539,-0.139,0.5,2.0,5.0,0.4,0.604,-0.204,0.5,2.0,5.0,0.4,0.571,-0.171,0.1,1.0,1.0,1.0,0.379,0.621,7.0,7.0,0.0,2.0,0.0,0.0,0.0,0.0,0.0,0.0,0.0,0.0,0.0,0.0,0.0,0.0,0.0,0.0,0.0,0.0,0.0,31.0,0.0,0.0,0.0,0.0,0.0,0.0,0.0,0.0,0.0,0.0,0.0,0.0,0.0,0.0,0.0,0.0,0.0,26.3,10012.0,1.9,0.99,0.91,4.09,3.99,4.19,,,OKC,CLE,20230127,2022-23,False,CLE,OKC,,,,,,,,,,,,,,,,,,,,,,,,,,,,,,,,,,,,,,,,,,,,,,,,,,,,,,,,,,,,,,,,,,,,,,,,,,,,,,,,,,,,,,,,,,,,,,,,,,,,,,,,,,,,,,
1630171,Isaac Okoro,Isaac,1610612739,CLE,22.0,1,1,0,1.0,8.833333333333334,1,1,1.0,0,0,0.0,2,2,1.0,0,1,1,0,1,0,0,0,1,1,4,9,4.2,0,0,5.0,1,1,1,1,164,131,173,1,103,154,103,44,54,1,104,128,144,140,65,90,49,1,44,85,129,42,164,15,1,158,,26,138.9,138.9,62.4,88.9,101,18,0.158,140,10,31,100,1.0,50.0,33.3,0.162,31,11,87,10,88.9,0.0,1.0,0.0,1.0,140,0.0,190,86.8,97.81,0.125,95.64,50.0,88,186,141,115,81.51,151,1.064,141,104,97.81,114,11,7,5,149.2,131,0.08,34.7,11,0.0,5,173,0.083,0.0,0.0,0.0,0.0,0.0,0.0,0.0,3.0,3.0,2.0,0.0,0.0,0.0,1.0,2.0,1.0,2.0,1.0,0.0,0.0,2.0,0.0,0.0,1.0,0.0,0.0,6.0,0.0,0.0,0.0,0.0,5.0,1.65,0.667,0.83,0.0,4.0,0.2,0.0,1.0,0.0,0.0,1.0,1.0,0.0,18.4,0.0,0.0,0.0,0.0,0.0,0.0,1.0,0.0,1.0,1.0,18.4,1.0,0.0,0.0,0.0,1.0,0.0,,,,,,,,,,,,,,,,,,,,,,,,,,,,1.0,1.0,0.0,1.0,1.0,0.0,1.0,1.0,0.0,,1.0,1.0,1.0,,,,,,,,,,,,,,,,,,0.0,0.0,0.0,,0.0,0.0,0.0,0.0,0.0,0.0,1.0,0.0,0.0,,0.0,0.0,0.0,,0.0,0.0,,,0.0,0.0,0.0,,0.0,1.0,,0.0,0.0,1.0,0.0,0.0,0.0,1.0,0.0,0.327,F-G,0.55,99.0,-0.078,180.0,0.628,,0.0,0.0,1.0,,,0.0,0.0,1.0,0.0,0.0,0.0,0.0,0.0,0.0,,,0.0,0.0,1.0,,,0.0,0.0,,,0.0,CLE,0.0,,,,0.0,,2023,22201117,,1.0,1.0,1.0,1.0,0.569,0.431,,,,,,,1.0,1.0,1.0,1.0,0.679,0.321,1.0,1.0,1.0,1.0,0.707,0.293,1.0,1.0,1.0,1.0,0.682,0.318,,,,,,,0.0,0.0,0.0,1.0,0.0,0.0,0.0,0.0,0.0,0.0,0.0,0.0,0.0,0.0,0.0,0.0,0.0,0.0,0.0,0.0,0.0,6.0,0.0,0.0,0.0,0.0,0.0,0.0,0.0,0.0,0.0,0.0,0.0,0.0,0.0,0.0,0.0,0.0,0.0,8.83,3385.0,0.64,0.29,0.35,3.9,4.07,4.98,,,CLE,HOU,20230326,2022-23,False,CLE,HOU,,,,,,,,,,,,,,,,,,,,,,,,,,,,,,,,,,,,,,,,,,,,,,,,,,,,,,,,,,,,,,,,,,,,,,,,,,,,,,,,,,,,,,,,,,,,,,,,,,,,,,,,,,,,,,
1630171,Isaac Okoro,Isaac,1610612739,CLE,22.0,1,0,1,0.0,33.513333333333335,6,6,1.0,4,4,1.0,1,2,0.5,0,3,3,1,1,0,2,0,2,2,17,5,27.1,0,0,29.0,1,94,94,94,32,44,111,1,8,59,1,80,57,84,106,59,93,95,63,86,9,1,89,56,40,59,64,21,2,52,,97,128.4,128.4,8.4,117.4,69,67,0.103,139,68,102,64,6.0,11.0,11.1,0.103,102,43,140,68,117.4,1.0,6.0,0.037,1.333,116,0.0,124,114.7,97.39,0.081,100.57,11.0,121,118,116,158,81.16,97,1.235,116,106,97.39,158,43,70,5,123.1,44,0.115,11.3,56,11.1,4,111,0.045,0.0,1.0,0.0,3.0,0.091,0.091,2.0,12.0,11.0,2.0,3.0,1.0,1.0,0.167,0.5,6.0,1.0,1.0,0.167,0.5,3.0,1.0,0.167,0.5,1.0,1.0,19.0,0.0,0.0,0.0,0.0,13.0,2.18,0.895,1.47,0.0,17.0,0.7,0.0,0.333,1.0,1.0,1.0,0.375,0.0,12.0,0.0,2.0,2.0,0.0,0.0,0.667,8.0,1.0,0.375,0.429,12.0,1.0,0.0,0.0,0.667,9.0,0.0,,,,,,,,,,,,,,,1.0,0.333,2.0,2.0,0.0,2.0,2.0,0.0,0.333,,0.0,1.0,1.0,,,,,,,,,,,,,,0.667,1.5,0.667,0.0,0.0,1.0,1.0,,4.0,4.0,0.0,4.0,4.0,,,,0.0,0.0,0.0,0.0,0.0,0.0,0.0,0.0,0.0,12.0,0.0,1.333,0.0,1.0,1.0,1.0,1.0,1.0,0.0,3.0,1.0,0.0,0.0,1.0,1.0,0.0,2.0,0.0,1.0,2.0,0.0,3.0,1.0,1.0,1.0,1.0,1.0,1.0,0.343,F-G,0.569,62.0,-0.064,109.0,0.633,,4.0,1.0,1.0,0.0,,1.0,0.0,1.0,0.0,1.0,0.0,4.0,0.0,0.0,0.0,0.0,1.0,0.0,1.0,,,0.0,0.0,,,0.0,CLE,4.0,1.0,4.0,4.0,4.0,1.5,2023,22200672,,1.0,5.0,16.0,0.313,0.468,-0.155,0.313,1.0,5.0,0.2,0.34,-0.14,0.688,4.0,11.0,0.364,0.521,-0.158,0.5,3.0,8.0,0.375,0.595,-0.22,0.563,3.0,9.0,0.333,0.547,-0.214,0.313,1.0,5.0,0.2,0.345,-0.145,6.0,4.0,2.0,1.0,0.0,0.0,0.0,0.0,0.0,0.0,0.0,0.0,0.0,0.0,0.0,0.0,0.0,0.0,0.0,0.0,0.0,19.0,0.0,0.0,0.0,0.0,0.0,0.0,0.0,0.0,0.0,0.0,0.0,0.0,0.0,0.0,0.0,0.0,0.0,33.52,12515.0,2.37,1.19,1.18,4.02,3.94,4.1,,,MEM,CLE,20230118,2022-23,False,CLE,MEM,,,,,,,,,,,,,,,,,,,,,,,,,,,,,,,,,,,,,,,,,,,,,,,,,,,,,,,,,,,,,,,,,,,,,,,,,,,,,,,,,,,,,,,,,,,,,,,,,,,,,,,,,,,,,,
1630171,Isaac Okoro,Isaac,1610612739,CLE,22.0,1,1,0,1.0,22.28333333333333,5,7,0.714,1,3,0.333,0,0,0.0,1,4,5,2,1,3,0,0,1,0,11,20,28.0,0,0,25.0,1,1,1,1,150,79,126,37,81,108,90,149,157,149,68,67,76,92,95,3,89,1,66,196,102,12,82,20,1,88,,87,146.5,146.5,39.8,100.0,54,43,0.163,134,16,56,42,5.0,46.5,10.0,0.162,56,4,42,16,100.0,2.0,7.0,0.1,0.786,87,0.063,162,105.0,92.63,0.267,90.99,46.5,27,160,262,156,77.19,263,0.786,262,77,92.63,166,4,22,47,144.8,79,0.162,10.0,9,20.0,48,126,0.161,1.0,3.0,0.0,4.0,0.087,0.13,5.0,17.0,23.0,0.0,0.0,0.0,1.0,0.0,2.0,1.0,0.0,0.0,0.0,0.0,2.0,1.0,0.0,0.0,0.0,1.0,31.0,2.0,0.0,0.0,0.0,16.0,2.55,0.355,1.81,0.0,11.0,1.3,2.0,0.714,1.0,1.0,4.0,0.667,1.0,8.5,0.0,1.0,0.0,4.0,1.0,0.2,6.0,1.0,0.833,0.8,7.6,4.0,0.0,1.0,0.0,7.0,1.0,2.0,0.286,1.0,1.0,2.0,0.0,1.0,2.0,0.0,,2.0,0.286,1.0,0.0,1.0,0.286,2.0,2.0,0.0,2.0,2.0,0.0,0.286,,0.0,1.0,1.0,,,,,,,,,,,,,,0.429,0.5,0.429,0.0,0.0,0.333,0.333,,1.0,3.0,0.0,1.0,3.0,0.0,0.0,0.0,0.0,1.0,0.0,0.0,1.0,0.0,1.0,0.0,0.0,3.0,4.0,0.786,0.0,0.5,0.5,0.0,0.0,0.0,,2.0,0.0,,,0.0,0.5,0.0,2.0,0.0,4.0,1.0,0.0,1.0,4.0,0.0,1.0,0.0,1.0,0.0,0.287,F-G,0.622,23.0,-0.021,37.0,0.642,,1.0,0.0,4.0,,,0.0,1.0,1.0,0.0,0.0,0.0,2.0,0.0,0.0,,,0.5,0.0,4.0,,,0.0,0.0,,,0.0,CLE,1.0,0.5,2.0,1.0,2.0,0.75,2023,22200312,,1.0,4.0,4.0,1.0,0.505,0.496,0.25,1.0,1.0,1.0,0.317,0.683,0.75,3.0,3.0,1.0,0.552,0.448,0.25,1.0,1.0,1.0,0.605,0.395,0.5,2.0,2.0,1.0,0.607,0.394,0.25,1.0,1.0,1.0,0.331,0.669,3.0,2.0,1.0,3.0,0.0,0.0,0.0,0.0,1.0,1.0,0.0,1.0,0.0,0.0,0.0,0.0,0.0,0.0,0.0,0.0,0.0,31.0,0.0,0.0,0.0,0.0,0.0,0.0,0.0,0.0,0.0,0.0,0.0,0.0,0.0,0.0,0.0,0.0,0.0,22.28,9083.0,1.72,0.94,0.78,4.28,4.11,4.48,,,CLE,PHI,20221130,2022-23,False,CLE,PHI,,,,,,,,,,,,,,,,,,,,,,,,,,,,,,,,,,,,,,,,,,,,,,,,,,,,,,,,,,,,,,,,,,,,,,,,,,,,,,,,,,,,,,,,,,,,,,,,,,,,,,,,,,,,,,
1630171,Isaac Okoro,Isaac,1610612739,CLE,22.0,1,1,0,1.0,29.133333333333333,4,8,0.5,2,5,0.4,3,5,0.6,0,4,4,2,1,0,0,0,2,4,13,26,19.8,0,0,21.0,1,1,1,1,54,58,75,63,28,38,46,30,19,62,91,42,67,68,61,77,52,1,88,19,49,4,82,12,1,69,,18,123.7,123.7,45.4,79.7,79,59,0.157,104,13,16,31,4.0,44.1,7.7,0.164,16,33,102,13,79.7,2.0,8.0,0.087,0.625,85,0.0,85,79.9,97.21,0.121,96.48,44.1,89,84,129,108,81.01,139,0.637,129,91,97.21,108,33,11,59,125.3,58,0.101,7.6,33,15.4,55,75,0.069,0.0,3.0,1.0,3.0,0.105,0.158,6.0,25.0,19.0,0.0,3.0,0.0,0.0,0.0,0.0,4.0,0.0,0.0,0.0,0.75,0.0,1.0,0.0,0.0,0.0,0.0,32.0,0.5,0.0,0.0,1.0,23.0,1.54,0.406,0.88,0.0,13.0,0.8,2.0,0.5,1.0,1.0,1.0,0.571,0.0,6.3,0.0,3.0,3.0,0.0,0.0,0.75,7.0,1.0,0.571,0.667,6.3,1.0,0.0,0.0,0.75,8.0,0.0,1.0,0.125,1.0,1.0,1.0,0.0,1.0,1.0,0.0,,1.0,0.125,1.0,0.0,1.0,0.125,1.0,1.0,0.0,1.0,1.0,0.0,0.125,,0.0,1.0,1.0,0.0,1.0,0.0,0.0,0.0,0.0,1.0,0.125,0.0,,0.0,0.0,0.125,0.625,0.6,0.625,0.0,0.0,0.4,0.4,,2.0,5.0,0.0,2.0,5.0,0.0,,0.0,0.0,1.0,0.0,0.0,0.0,0.0,0.0,0.0,0.0,6.0,1.0,0.625,0.0,0.4,0.333,0.0,0.0,0.0,0.0,4.0,1.0,0.0,0.0,1.0,0.5,1.0,3.0,0.0,2.0,1.0,0.0,2.0,2.0,0.0,1.0,0.0,1.0,1.0,0.354,F-G,0.607,17.0,-0.038,28.0,0.645,0.0,2.0,0.0,2.0,0.0,,0.0,1.0,1.0,0.0,0.0,1.0,4.0,0.0,0.0,0.0,0.0,0.5,0.0,2.0,0.0,0.0,0.0,0.0,,,0.0,CLE,2.0,0.4,5.0,2.0,5.0,0.6,2023,22200244,,1.0,3.0,4.0,0.75,0.469,0.281,,,,,,,1.0,3.0,4.0,0.75,0.529,0.221,0.75,3.0,3.0,1.0,0.683,0.317,1.0,3.0,4.0,0.75,0.593,0.157,,,,,,,0.0,0.0,0.0,1.0,0.0,0.0,0.0,0.0,0.0,0.0,0.0,0.0,0.0,0.0,0.0,0.0,0.0,0.0,0.0,0.0,0.0,32.0,0.0,0.0,0.0,0.0,0.0,0.0,0.0,0.0,0.0,0.0,0.0,0.0,0.0,0.0,0.0,0.0,0.0,29.13,11573.0,2.19,1.11,1.09,4.18,4.1,4.25,,,CLE,MIA,20221120,2022-23,False,CLE,MIA,,,,,,,,,,,,,,,,,,,,,,,,,,,,,,,,,,,,,,,,,,,,,,,,,,,,,,,,,,,,,,,,,,,,,,,,,,,,,,,,,,,,,,,,,,,,,,,,,,,,,,,,,,,,,,
1630171,Isaac Okoro,Isaac,1610612739,CLE,22.0,1,1,0,1.0,28.813333333333333,5,5,1.0,0,0,0.0,2,4,0.5,1,2,3,2,2,3,0,0,4,4,12,7,25.6,0,0,23.0,1,1,1,1,57,45,86,1,79,113,79,36,25,61,33,74,69,53,33,1,38,1,117,14,53,34,56,19,2,59,,64,120.6,120.6,12.5,109.5,74,63,0.118,67,40,67,48,5.0,11.1,20.0,0.132,67,31,90,41,109.5,1.0,5.0,0.08,1.0,53,0.037,119,109.0,104.95,0.069,104.78,11.1,95,120,36,102,87.46,40,0.888,36,52,104.95,101,31,38,15,121.6,45,0.08,18.6,28,20.0,5,86,0.054,0.0,2.0,0.0,2.0,0.25,0.25,6.0,10.0,8.0,0.0,0.0,0.0,0.0,0.0,0.0,0.0,0.0,0.0,0.0,0.0,0.0,0.0,0.0,0.0,0.0,0.0,17.0,2.0,1.0,1.0,2.0,9.0,1.86,0.706,1.06,2.0,12.0,0.5,2.0,0.429,0.0,2.0,2.0,0.4,0.5,9.7,0.0,1.0,0.0,14.6,1.0,0.333,5.0,0.0,0.429,0.4,11.3,2.0,0.0,0.5,0.0,7.0,1.0,1.0,0.2,1.0,1.0,1.0,0.0,1.0,1.0,0.0,,1.0,0.2,1.0,0.0,1.0,0.4,2.0,2.0,0.0,2.0,2.0,0.0,0.4,,0.0,1.0,1.0,1.0,1.0,0.0,1.0,1.0,0.0,1.0,0.2,0.0,,1.0,1.0,0.2,0.2,1.0,0.0,1.0,1.0,,1.0,1.0,0.0,0.0,0.2,1.0,1.0,,,,,0.0,0.0,0.0,,2.0,1.0,1.0,2.0,0.0,4.0,1.0,1.0,0.0,0.0,0.0,0.0,0.0,0.0,0.0,0.0,0.0,0.0,0.0,0.0,0.0,0.0,0.0,5.0,0.0,0.0,0.0,5.0,0.0,0.0,0.0,1.0,0.0,0.347,F-G,0.561,74.0,-0.07,132.0,0.631,0.0,0.0,0.0,5.0,0.0,,0.0,0.0,1.0,0.0,0.0,0.0,0.0,0.0,0.0,0.0,0.0,0.0,0.0,5.0,0.0,0.0,0.0,0.0,,,0.0,CLE,0.0,,,,0.0,,2023,22200779,,1.0,3.0,6.0,0.5,0.458,0.043,0.333,2.0,2.0,1.0,0.398,0.602,0.667,1.0,4.0,0.25,0.505,-0.255,0.333,0.0,2.0,0.0,0.574,-0.574,0.5,0.0,3.0,0.0,0.527,-0.527,0.5,3.0,3.0,1.0,0.42,0.58,2.0,0.0,2.0,6.0,0.0,1.0,2.0,1.0,1.0,2.0,0.5,0.5,0.0,1.0,1.0,1.0,0.0,0.0,1.0,1.0,0.0,17.0,1.0,1.0,1.0,1.0,0.0,0.0,0.0,2.0,2.0,0.0,0.0,0.0,0.0,0.0,0.0,0.0,0.0,28.82,11583.0,2.19,1.07,1.13,4.28,4.12,4.47,,,CLE,MEM,20230202,2022-23,False,CLE,MEM,,,,,,,,,,,,,,,,,,,,,,,,,,,,,,,,,,,,,,,,,,,,,,,,,,,,,,,,,,,,,,,,,,,,,,,,,,,,,,,,,,,,,,,,,,,,,,,,,,,,,,,,,,,,,,
1630171,Isaac Okoro,Isaac,1610612739,CLE,22.0,1,1,0,1.0,9.783333333333331,1,2,0.5,1,1,1.0,0,0,0.0,0,0,0,0,0,0,0,1,0,0,3,-4,3.0,0,0,4.0,1,1,1,1,53,44,53,21,16,44,1,34,36,34,31,54,57,45,44,28,20,46,1,47,47,38,56,7,2,52,,56,110.5,110.5,-19.7,125.0,36,19,0.095,45,43,53,36,1.0,-14.5,0.0,0.097,53,31,57,43,125.0,0.0,2.0,0.0,0.75,45,0.0,1,127.3,95.67,0.0,96.07,-14.5,54,1,45,54,79.73,43,0.75,45,31,95.67,54,31,47,12,107.6,44,0.057,0.0,35,0.0,11,53,0.0,0.0,1.0,1.0,0.0,0.0,0.2,0.0,5.0,5.0,0.0,0.0,0.0,0.0,0.0,0.0,1.0,0.0,0.0,0.0,0.0,0.0,1.0,0.0,0.0,0.0,0.0,7.0,0.0,0.0,0.0,0.0,4.0,1.4,0.429,0.43,0.0,3.0,0.2,0.0,,,,,,,,,,,,,,,,,,,,,,,,,0.0,0.5,0.0,0.0,1.0,0.0,1.0,0.0,0.0,,1.0,0.5,0.0,0.0,,,,,,,,,,,,,,,,,,,,,,,,,,,0.5,1.5,0.5,0.0,0.0,1.0,1.0,,1.0,1.0,0.0,1.0,1.0,,,,0.0,0.0,0.0,0.0,0.0,0.0,0.0,0.0,0.0,3.0,0.0,0.75,0.0,1.0,1.0,0.0,1.0,0.0,,1.0,0.0,,,0.0,1.0,0.0,1.0,0.0,0.0,1.0,0.0,1.0,0.0,0.0,0.0,0.0,0.0,0.0,0.333,F-G,0.58,29.0,-0.051,50.0,0.631,,1.0,0.0,0.0,,,0.0,0.0,0.0,0.0,1.0,0.0,1.0,0.0,0.0,,,1.0,0.0,0.0,,,0.0,0.0,,,0.0,CLE,1.0,1.0,1.0,1.0,1.0,1.5,2023,22200360,,1.0,4.0,6.0,0.667,0.454,0.213,,,,,,,1.0,4.0,6.0,0.667,0.522,0.144,0.5,3.0,3.0,1.0,0.603,0.397,0.667,3.0,4.0,0.75,0.561,0.19,,,,,,,2.0,2.0,0.0,2.0,0.0,0.0,0.0,0.0,0.0,0.0,0.0,0.0,0.0,2.0,2.0,1.0,0.0,0.0,1.0,1.0,0.0,7.0,0.0,0.0,0.0,0.0,0.0,0.0,0.0,0.0,0.0,0.0,0.0,0.0,0.0,0.0,0.0,0.0,0.0,9.78,3376.0,0.64,0.31,0.33,3.46,3.49,3.42,,,CLE,LAL,20221206,2022-23,False,CLE,LAL,,,,,,,,,,,,,,,,,,,,,,,,,,,,,,,,,,,,,,,,,,,,,,,,,,,,,,,,,,,,,,,,,,,,,,,,,,,,,,,,,,,,,,,,,,,,,,,,,,,,,,,,,,,,,,
1630171,Isaac Okoro,Isaac,1610612739,CLE,22.0,1,0,1,0.0,12.271666666666668,2,2,1.0,1,1,1.0,2,2,1.0,0,2,2,0,2,0,0,0,1,2,7,-7,7.4,0,0,10.0,1,31,31,31,49,42,48,1,26,40,1,12,15,1,29,28,32,50,14,34,17,1,15,19,40,48,46,6,2,46,,23,75.0,75.0,-27.7,100.0,8,28,0.161,50,53,18,38,2.0,-25.0,40.0,0.161,18,54,24,53,100.0,0.0,2.0,0.0,1.25,50,0.0,59,104.6,109.52,0.182,105.69,-25.0,17,57,10,35,91.27,19,1.215,10,29,109.52,37,54,51,2,77.0,42,0.197,41.0,55,0.0,2,48,0.091,0.0,0.0,0.0,0.0,0.0,0.0,0.0,7.0,3.0,0.0,0.0,0.0,0.0,0.0,0.0,0.0,0.0,0.0,0.0,0.0,0.0,0.0,0.0,0.0,0.0,0.0,9.0,0.0,0.0,1.0,2.0,6.0,1.97,0.778,1.0,0.0,7.0,0.3,0.0,0.4,0.0,2.0,2.0,0.667,0.0,9.7,0.0,0.0,0.0,0.0,0.0,0.0,3.0,0.0,0.4,0.667,9.7,2.0,0.0,0.0,0.0,5.0,0.0,,,,,,,,,,,,,,,,,,,,,,,,,,,,1.0,1.0,0.0,1.0,1.0,0.0,1.0,0.5,0.0,,1.0,1.0,0.5,0.5,1.5,0.5,0.0,0.0,1.0,1.0,,1.0,1.0,0.0,1.0,1.0,,,,0.0,0.0,0.0,0.0,0.0,0.0,0.0,0.0,2.0,3.0,0.0,1.25,0.0,1.0,0.0,0.0,0.0,0.0,0.0,1.0,1.0,0.0,0.0,1.0,1.0,0.0,0.0,0.0,1.0,0.0,0.0,1.0,1.0,0.0,0.0,0.0,1.0,1.0,0.158,F-G,1.0,3.0,0.335,3.0,0.665,,1.0,0.0,1.0,0.0,0.0,0.0,0.0,1.0,0.0,0.0,0.0,1.0,0.0,0.0,0.0,0.0,1.0,0.0,1.0,,,0.0,0.0,0.0,0.0,0.0,CLE,1.0,1.0,1.0,1.0,1.0,1.5,2023,42200133,,1.0,2.0,6.0,0.333,0.45,-0.117,0.167,0.0,1.0,0.0,0.297,-0.297,0.833,2.0,5.0,0.4,0.528,-0.128,,,,,,,0.333,1.0,2.0,0.5,0.579,-0.079,0.333,0.0,2.0,0.0,0.273,-0.273,3.0,3.0,0.0,0.0,1.0,0.0,0.0,0.0,0.0,0.0,0.0,0.0,0.0,0.0,0.0,0.0,0.0,0.0,0.0,0.0,0.0,9.0,0.0,0.0,0.0,0.0,0.0,0.0,0.0,0.0,0.0,0.0,0.0,0.0,0.0,0.0,0.0,0.0,0.0,12.27,4591.0,0.87,0.43,0.44,4.03,3.67,3.5,1610612752.0,CLE_NYK_2023,NYK,CLE,20230421,2022-23,True,CLE,NYK,,,,,,,,,,,,,,,,,,,,,,,,,,,,,,,,,,,,,,,,,,,,,,,,,,,,,,,,,,,,,,,,,,,,,,,,,,,,,,,,,,,,,,,,,,,,,,,,,,,,,,,,,,,,,,
1630171,Isaac Okoro,Isaac,1610612739,CLE,22.0,1,0,1,0.0,24.81833333333333,2,3,0.667,0,0,0.0,0,0,0.0,0,0,0,1,1,2,0,0,3,1,4,-9,10.5,0,0,9.0,1,105,105,105,103,125,153,34,121,170,121,104,107,104,106,183,194,105,78,11,79,1,146,99,149,168,148,17,1,154,,79,92.0,92.0,-9.9,112.2,172,50,0.077,129,159,108,69,2.0,-20.2,20.0,0.08,108,174,194,159,112.2,1.0,3.0,0.067,0.667,79,0.0,173,105.5,95.74,0.0,96.9,-20.2,183,171,158,187,79.78,166,0.667,158,106,95.74,186,174,132,71,95.7,125,0.024,20.0,167,20.0,61,153,0.0,0.0,1.0,0.0,2.0,0.083,0.083,3.0,9.0,12.0,0.0,0.0,0.0,0.0,0.0,0.0,1.0,0.0,0.0,0.0,0.0,0.0,1.0,0.0,0.0,0.0,0.0,17.0,2.0,0.0,0.0,0.0,8.0,1.98,0.235,0.82,0.0,4.0,0.6,1.0,,,,,,,,,,,,,,,,,,,,,,,,,,,,,,,,,,,,,,,0.667,1.0,3.0,2.0,0.0,2.0,3.0,0.0,1.0,,0.0,0.667,0.667,,,,,,,,,,,,,,,,,,,,,,,,,,,,,,,0.0,0.0,0.0,,0.0,1.0,0.0,0.0,0.0,2.0,0.667,0.0,0.0,0.0,0.0,0.0,0.0,0.0,0.0,0.0,0.0,0.0,0.0,0.0,0.0,0.0,0.0,2.0,0.0,0.0,0.0,3.0,0.0,0.0,0.0,0.667,0.0,0.309,F-G,0.571,12.0,-0.081,21.0,0.653,,0.0,0.0,3.0,0.0,0.0,0.0,0.0,0.667,0.0,0.0,0.0,0.0,0.0,0.0,0.0,0.0,0.0,0.0,2.0,,,0.0,0.0,0.0,0.0,0.0,CLE,0.0,,,,0.0,,2023,22200216,,1.0,2.0,5.0,0.4,0.446,-0.046,0.6,1.0,3.0,0.333,0.388,-0.054,0.4,1.0,2.0,0.5,0.511,-0.011,0.2,0.0,1.0,0.0,0.721,-0.721,0.2,0.0,1.0,0.0,0.66,-0.66,0.6,1.0,3.0,0.333,0.375,-0.041,0.0,0.0,0.0,1.0,0.0,0.0,0.0,0.0,0.0,0.0,0.0,0.0,0.0,0.0,0.0,0.0,0.0,0.0,0.0,0.0,0.0,17.0,0.0,0.0,0.0,0.0,0.0,0.0,0.0,0.0,0.0,0.0,0.0,0.0,0.0,0.0,0.0,0.0,0.0,24.82,9690.0,1.84,0.9,0.93,4.13,4.06,4.19,,,MIL,CLE,20221116,2022-23,False,CLE,MIL,,,,,,,,,,,,,,,,,,,,,,,,,,,,,,,,,,,,,,,,,,,,,,,,,,,,,,,,,,,,,,,,,,,,,,,,,,,,,,,,,,,,,,,,,,,,,,,,,,,,,,,,,,,,,,
1630171,Isaac Okoro,Isaac,1610612739,CLE,22.0,1,0,1,0.0,15.411666666666669,3,4,0.75,2,3,0.667,0,0,0.0,0,3,3,1,1,3,0,0,0,0,8,-2,21.1,0,0,20.0,1,73,73,73,109,76,103,16,27,55,6,71,74,71,69,52,73,74,48,4,43,1,1,93,79,84,69,13,1,69,,43,97.1,97.1,-3.6,100.0,7,34,0.143,56,80,30,42,3.0,-2.9,16.7,0.147,30,117,37,80,100.0,1.0,4.0,0.125,1.0,61,0.0,123,103.7,107.45,0.231,103.9,-2.9,25,122,25,101,89.54,32,1.0,25,69,107.45,103,117,84,5,100.1,76,0.211,16.7,114,16.7,3,103,0.136,0.0,1.0,0.0,0.0,0.059,0.059,2.0,10.0,17.0,0.0,0.0,0.0,1.0,0.0,2.0,1.0,0.0,0.0,0.0,0.0,2.0,1.0,0.0,0.0,0.0,1.0,22.0,0.0,0.0,0.0,0.0,10.0,1.75,0.364,0.77,0.0,8.0,0.6,0.0,0.6,1.0,1.0,3.0,0.75,0.0,19.6,0.0,0.0,0.0,0.0,0.0,0.0,4.0,1.0,0.75,1.0,19.6,3.0,0.0,0.0,0.0,5.0,0.0,1.0,0.25,1.0,1.0,1.0,0.0,1.0,1.0,0.0,,1.0,0.25,1.0,0.0,,,,,,,,,,,,,,,,,,,,,,,,,,,0.75,1.0,0.75,0.0,0.0,0.667,0.667,,2.0,3.0,0.0,2.0,3.0,,,,0.0,0.0,0.0,0.0,0.0,0.0,0.0,0.0,0.0,6.0,0.0,1.0,0.0,0.667,0.667,0.0,0.0,0.0,,3.0,0.0,,,0.0,0.667,0.0,3.0,0.0,1.0,2.0,0.0,2.0,1.0,0.0,0.0,0.0,1.0,0.0,0.338,F-G,0.576,57.0,-0.061,99.0,0.637,0.0,2.0,0.0,1.0,,,0.0,0.0,1.0,0.0,0.0,0.0,3.0,0.0,0.0,,,0.667,0.0,1.0,0.0,0.0,0.0,0.0,,,0.0,CLE,2.0,0.667,3.0,2.0,3.0,1.0,2023,22200645,,1.0,2.0,3.0,0.667,0.478,0.189,0.333,1.0,1.0,1.0,0.38,0.62,0.667,1.0,2.0,0.5,0.552,-0.052,0.333,0.0,1.0,0.0,0.611,-0.611,0.667,1.0,2.0,0.5,0.604,-0.104,0.333,1.0,1.0,1.0,0.397,0.603,1.0,1.0,0.0,2.0,0.0,0.0,0.0,0.0,0.0,0.0,0.0,0.0,0.0,2.0,2.0,2.0,0.0,0.0,1.0,1.0,0.0,22.0,0.0,0.0,0.0,0.0,0.0,0.0,0.0,0.0,0.0,0.0,0.0,0.0,0.0,0.0,0.0,0.0,0.0,15.42,6414.0,1.21,0.6,0.62,4.46,4.59,4.34,,,MIN,CLE,20230114,2022-23,False,CLE,MIN,,,,,,,,,,,,,,,,,,,,,,,,,,,,,,,,,,,,,,,,,,,,,,,,,,,,,,,,,,,,,,,,,,,,,,,,,,,,,,,,,,,,,,,,,,,,,,,,,,,,,,,,,,,,,,
1630171,Isaac Okoro,Isaac,1610612739,CLE,22.0,1,0,1,0.0,17.563333333333333,0,2,0.0,0,0,0.0,3,4,0.75,0,3,3,2,2,1,0,0,3,2,3,0,10.6,0,0,10.0,1,160,160,160,212,274,256,274,161,240,161,56,52,99,161,112,157,111,71,71,115,1,219,90,231,145,232,22,1,227,,119,102.7,102.7,-2.7,97.4,258,37,0.136,124,130,84,96,0.0,5.3,25.0,0.134,84,201,161,130,97.4,1.0,2.0,0.154,0.0,78,0.0,289,102.5,103.85,0.167,102.7,5.3,102,279,118,219,86.54,159,0.399,118,161,103.85,230,201,174,233,99.8,274,0.017,25.8,213,25.0,274,256,0.079,0.0,2.0,0.0,1.0,0.143,0.143,5.0,9.0,14.0,0.0,0.0,1.0,0.0,0.0,0.0,1.0,0.0,0.0,1.0,0.0,0.0,0.0,0.0,0.0,0.0,0.0,20.0,0.0,0.0,0.0,0.0,14.0,2.36,0.15,1.1,0.0,3.0,0.8,1.0,0.5,1.0,0.0,3.0,0.5,0.0,6.5,0.0,0.0,0.0,0.0,0.0,0.0,6.0,1.0,0.6,0.6,6.5,3.0,0.0,0.0,0.0,6.0,0.0,,,,,,,,,,,,,,,0.0,1.0,2.0,0.0,0.0,0.0,2.0,0.0,1.0,,0.0,0.0,0.0,,,,,,,,,,,,,,,,,,,,,,,,,,,,,,,0.0,0.0,0.0,,0.0,0.0,0.0,0.0,0.0,0.0,0.0,0.0,0.0,0.0,0.0,1.0,0.0,0.0,0.0,0.0,0.0,0.0,0.0,0.0,0.0,0.0,0.0,0.0,0.0,0.0,0.0,1.0,0.0,0.0,0.0,0.0,0.0,0.313,F-G,0.533,8.0,-0.11,15.0,0.644,0.0,0.0,0.0,1.0,0.0,,0.0,0.0,0.0,0.0,1.0,0.0,0.0,0.0,0.0,0.0,0.0,0.0,0.0,0.0,0.0,0.0,0.0,0.0,,,0.0,CLE,0.0,,,,0.0,,2023,22200158,,1.0,2.0,4.0,0.5,0.464,0.036,0.5,1.0,2.0,0.5,0.38,0.12,0.5,1.0,2.0,0.5,0.562,-0.062,0.25,1.0,1.0,1.0,0.655,0.345,0.25,1.0,1.0,1.0,0.621,0.379,0.5,1.0,2.0,0.5,0.39,0.11,1.0,1.0,0.0,1.0,0.0,0.0,0.0,0.0,0.0,0.0,0.0,0.0,0.0,0.0,0.0,0.0,0.0,0.0,0.0,0.0,0.0,20.0,0.0,0.0,0.0,0.0,0.0,0.0,0.0,0.0,0.0,0.0,0.0,0.0,0.0,0.0,0.0,0.0,0.0,17.57,7168.0,1.36,0.71,0.65,4.37,4.19,4.56,,,LAC,CLE,20221107,2022-23,False,CLE,LAC,,,,,,,,,,,,,,,,,,,,,,,,,,,,,,,,,,,,,,,,,,,,,,,,,,,,,,,,,,,,,,,,,,,,,,,,,,,,,,,,,,,,,,,,,,,,,,,,,,,,,,,,,,,,,,
1630171,Isaac Okoro,Isaac,1610612739,CLE,22.0,1,0,1,0.0,9.53,1,4,0.25,0,2,0.0,0,0,0.0,0,0,0,1,0,0,0,0,0,0,2,-4,3.5,0,0,3.0,1,73,73,73,123,116,104,118,80,78,80,81,87,81,75,126,131,78,91,82,42,1,1,102,120,84,130,13,1,130,,74,100.0,100.0,5.2,126.3,125,20,0.182,50,124,104,81,1.0,-26.3,0.0,0.215,104,112,131,124,126.3,0.0,4.0,0.167,0.25,50,0.0,1,114.9,98.22,0.0,94.49,-26.3,126,1,112,67,81.85,133,0.25,112,75,98.22,47,112,54,125,120.2,116,0.0,0.0,47,20.0,121,104,0.0,0.0,1.0,0.0,0.0,0.333,0.333,2.0,6.0,3.0,0.0,0.0,0.0,1.0,0.0,2.0,1.0,0.0,0.0,0.0,0.0,2.0,1.0,0.0,0.0,0.0,1.0,7.0,0.0,0.0,0.0,0.0,3.0,2.18,0.286,1.86,0.0,2.0,0.3,0.0,,,,,,,,,,,,,,,,,,,,,,,,,0.0,0.25,0.0,0.0,1.0,0.0,1.0,0.0,0.0,,1.0,0.25,0.0,0.0,1.0,0.25,1.0,1.0,0.0,1.0,1.0,0.0,0.25,,0.0,1.0,1.0,,,,,,,,,,,,,,0.5,0.0,0.5,0.0,0.0,0.0,0.0,,0.0,2.0,0.0,0.0,2.0,,,,0.0,0.0,0.0,0.0,0.0,0.0,0.0,0.0,0.0,0.0,0.0,0.25,0.0,0.0,0.0,0.0,0.0,0.0,0.0,2.0,1.0,0.0,0.0,0.0,0.0,0.0,1.0,0.0,1.0,0.0,0.0,0.0,2.0,0.0,0.0,0.0,0.5,0.0,0.353,F-G,0.579,44.0,-0.058,76.0,0.637,0.0,0.0,0.0,2.0,0.0,,0.0,0.0,0.5,0.0,0.0,0.0,2.0,0.0,0.0,0.0,0.0,0.0,0.0,1.0,0.0,0.0,0.0,0.0,,,0.0,CLE,0.0,0.0,2.0,0.0,2.0,0.0,2023,22200498,,1.0,1.0,1.0,1.0,0.543,0.457,,,,,,,1.0,1.0,1.0,1.0,0.596,0.404,,,,,,,,,,,,,1.0,1.0,1.0,1.0,0.448,0.552,0.0,0.0,0.0,0.0,0.0,0.0,0.0,0.0,0.0,0.0,0.0,0.0,0.0,0.0,0.0,0.0,0.0,0.0,0.0,0.0,0.0,7.0,0.0,0.0,0.0,0.0,0.0,0.0,0.0,0.0,0.0,0.0,0.0,0.0,0.0,0.0,0.0,0.0,0.0,9.53,3398.0,0.64,0.28,0.36,3.53,4.03,4.21,,,CLE,BKN,20221226,2022-23,False,CLE,BKN,,,,,,,,,,,,,,,,,,,,,,,,,,,,,,,,,,,,,,,,,,,,,,,,,,,,,,,,,,,,,,,,,,,,,,,,,,,,,,,,,,,,,,,,,,,,,,,,,,,,,,,,,,,,,,
1630171,Isaac Okoro,Isaac,1610612739,CLE,22.0,1,0,1,0.0,19.756666666666668,4,6,0.667,2,4,0.5,5,6,0.833,1,2,3,2,0,0,2,0,2,3,15,-14,27.6,0,0,26.0,1,148,148,148,189,111,155,50,54,87,37,24,30,81,80,146,148,112,190,142,8,1,137,51,82,269,96,27,3,95,,247,102.5,102.5,-28.9,131.0,47,40,0.205,73,250,253,150,4.0,-28.5,0.0,0.204,253,222,166,250,131.0,0.0,6.0,0.2,0.833,122,0.053,1,130.7,99.61,0.087,100.05,-28.5,186,1,171,113,83.01,158,0.868,171,95,99.61,123,222,249,36,101.8,111,0.168,0.0,230,18.2,39,155,0.071,0.0,2.0,0.0,2.0,0.286,0.286,5.0,11.0,7.0,2.0,0.0,0.0,1.0,0.5,2.0,2.0,2.0,1.0,0.0,0.0,4.0,1.0,0.0,1.0,0.0,1.0,16.0,0.0,0.0,0.0,0.0,12.0,1.6,0.938,0.5,0.0,15.0,0.4,1.0,0.25,1.0,1.0,1.0,0.182,1.0,7.6,0.0,1.0,1.0,6.3,0.0,0.333,11.0,1.0,0.273,0.2,7.2,2.0,1.0,1.0,0.5,12.0,0.0,,,,,,,,,,,,,,,1.0,0.333,2.0,2.0,0.0,2.0,2.0,0.0,0.333,,0.0,1.0,1.0,,,,,,,,,,,,,,0.667,0.75,0.667,0.0,0.0,0.5,0.5,,2.0,4.0,0.0,2.0,4.0,,,,0.0,0.0,0.0,0.0,0.0,0.0,0.0,0.0,0.0,6.0,0.0,0.833,0.0,0.5,1.0,0.0,1.0,1.0,0.0,4.0,2.0,0.0,0.0,0.0,0.5,0.0,2.0,0.0,1.0,2.0,0.0,2.0,1.0,1.0,0.0,0.0,1.0,0.0,0.355,F-G,0.579,44.0,-0.058,76.0,0.637,0.0,2.0,1.0,1.0,0.0,0.0,1.0,0.0,1.0,0.0,1.0,0.0,4.0,0.0,0.0,0.0,0.0,0.5,0.0,1.0,0.0,0.0,0.0,0.0,0.0,0.0,0.0,CLE,2.0,0.5,4.0,2.0,4.0,0.75,2023,22200484,,1.0,6.0,12.0,0.5,0.458,0.042,0.417,3.0,5.0,0.6,0.327,0.273,0.583,3.0,7.0,0.429,0.542,-0.113,0.417,2.0,5.0,0.4,0.623,-0.223,0.583,3.0,7.0,0.429,0.59,-0.162,0.417,3.0,5.0,0.6,0.343,0.257,5.0,2.0,3.0,0.0,0.0,0.0,0.0,0.0,0.0,0.0,0.0,0.0,0.0,1.0,1.0,1.0,0.0,0.0,1.0,1.0,0.0,16.0,0.0,0.0,0.0,0.0,0.0,0.0,0.0,0.0,0.0,0.0,0.0,0.0,0.0,0.0,0.0,0.0,0.0,19.75,7671.0,1.45,0.66,0.79,4.32,4.53,4.14,,,CLE,TOR,20221223,2022-23,False,CLE,TOR,,,,,,,,,,,,,,,,,,,,,,,,,,,,,,,,,,,,,,,,,,,,,,,,,,,,,,,,,,,,,,,,,,,,,,,,,,,,,,,,,,,,,,,,,,,,,,,,,,,,,,,,,,,,,,
1630171,Isaac Okoro,Isaac,1610612739,CLE,22.0,1,0,1,0.0,6.383333333333334,0,0,0.0,0,0,0.0,0,0,0.0,0,0,0,0,0,0,0,0,0,0,0,-5,0.0,0,0,0.0,1,135,135,135,247,236,263,236,148,219,148,148,156,148,151,236,246,204,186,129,95,1,1,195,241,178,266,25,2,266,,268,113.3,113.3,-13.4,157.1,230,15,0.0,204,258,273,147,0.0,-43.8,0.0,0.0,273,118,246,258,157.1,0.0,0.0,0.0,0.0,204,0.0,1,146.7,109.03,0.0,104.37,-43.8,236,1,40,266,90.86,77,0.0,40,151,109.03,266,118,188,241,133.2,236,0.0,0.0,40,0.0,236,263,0.0,0.0,0.0,0.0,0.0,0.0,0.0,0.0,2.0,5.0,0.0,1.0,0.0,0.0,0.0,0.0,1.0,0.0,0.0,0.0,1.0,0.0,0.0,0.0,0.0,0.0,0.0,5.0,0.0,0.0,0.0,0.0,4.0,2.14,0.0,1.0,0.0,0.0,0.2,0.0,,,,,,,,,,,,,,,,,,,,,,,,,,,,,,,,,,,,,,,,,,,,,,,,,,,,,,,,,,,,,,,,,,,,,,,,,,,,,,,,,,0.0,0.0,0.0,,0.0,0.0,0.0,0.0,0.0,0.0,0.0,0.0,0.0,0.0,0.0,0.0,0.0,,0.0,0.0,,,0.0,0.0,0.0,0.0,0.0,0.0,0.0,0.0,0.0,0.0,0.0,0.0,0.0,0.0,0.0,0.314,F-G,0.563,9.0,-0.085,16.0,0.647,,0.0,0.0,0.0,,,0.0,0.0,0.0,0.0,0.0,0.0,0.0,0.0,,,,0.0,,0.0,,,,0.0,,,0.0,CLE,0.0,,,,0.0,,2023,22200171,,1.0,2.0,3.0,0.667,0.464,0.203,0.333,1.0,1.0,1.0,0.357,0.643,0.667,1.0,2.0,0.5,0.552,-0.052,0.333,1.0,1.0,1.0,0.704,0.296,0.667,1.0,2.0,0.5,0.615,-0.115,0.333,1.0,1.0,1.0,0.362,0.638,1.0,1.0,0.0,0.0,0.0,0.0,0.0,0.0,0.0,0.0,0.0,0.0,0.0,0.0,0.0,0.0,0.0,0.0,0.0,0.0,0.0,5.0,0.0,0.0,0.0,0.0,0.0,0.0,0.0,0.0,0.0,0.0,0.0,0.0,0.0,0.0,0.0,0.0,0.0,6.38,2651.0,0.5,0.26,0.24,4.4,5.05,3.69,,,SAC,CLE,20221109,2022-23,False,CLE,SAC,,,,,,,,,,,,,,,,,,,,,,,,,,,,,,,,,,,,,,,,,,,,,,,,,,,,,,,,,,,,,,,,,,,,,,,,,,,,,,,,,,,,,,,,,,,,,,,,,,,,,,,,,,,,,,
1630171,Isaac Okoro,Isaac,1610612739,CLE,22.0,1,1,0,1.0,10.193333333333332,1,2,0.5,0,0,0.0,0,0,0.0,1,1,2,0,0,0,0,1,0,0,2,-5,4.4,0,0,4.0,1,1,1,1,172,154,164,82,111,153,111,114,117,114,45,140,129,152,132,82,74,147,1,143,168,141,181,16,2,181,,21,60.0,60.0,-20.2,85.0,40,20,0.087,152,174,20,109,1.0,-25.0,0.0,0.1,20,200,89,174,85.0,0.0,2.0,0.0,0.5,152,0.091,1,86.6,94.18,0.083,88.81,-25.0,136,1,183,192,78.48,202,0.5,183,27,94.18,185,200,163,131,66.4,154,0.147,0.0,199,0.0,105,164,0.087,0.0,1.0,1.0,0.0,0.0,0.333,0.0,3.0,3.0,0.0,0.0,0.0,1.0,0.0,2.0,1.0,0.0,0.0,0.0,0.0,2.0,1.0,0.0,0.0,0.0,1.0,6.0,0.0,0.0,0.0,1.0,4.0,2.59,0.333,2.0,0.0,2.0,0.3,0.0,0.667,0.0,2.0,1.0,1.0,0.5,11.2,0.0,0.0,0.0,17.9,0.0,0.0,1.0,0.0,0.667,1.0,14.5,2.0,1.0,0.5,0.0,3.0,0.0,0.0,0.5,0.0,0.0,1.0,0.0,1.0,0.0,0.0,,1.0,0.5,0.0,0.0,1.0,0.5,1.0,1.0,0.0,1.0,1.0,0.0,0.5,,0.0,1.0,1.0,,,,,,,,,,,,,,,,,,,,,,,,,,,,,,,0.0,0.0,0.0,,0.0,0.0,0.0,0.0,0.0,0.0,0.5,0.0,0.0,0.0,0.0,0.0,0.0,,0.0,0.0,,,0.0,0.0,0.0,0.0,0.0,1.0,0.0,0.0,0.0,2.0,0.0,0.0,0.0,0.5,0.0,0.341,F-G,0.579,33.0,-0.051,57.0,0.63,0.0,0.0,0.0,2.0,,,0.0,0.0,0.5,0.0,0.0,0.0,0.0,0.0,0.0,,,0.0,0.0,1.0,0.0,0.0,0.0,0.0,,,0.0,CLE,0.0,,,,0.0,,2023,22200421,,1.0,0.0,1.0,0.0,0.496,-0.496,,,,,,,1.0,0.0,1.0,0.0,0.588,-0.588,,,,,,,1.0,0.0,1.0,0.0,0.651,-0.651,,,,,,,1.0,1.0,0.0,0.0,0.0,0.0,0.0,0.0,0.0,0.0,0.0,0.0,0.0,0.0,0.0,0.0,0.0,0.0,0.0,0.0,0.0,6.0,0.0,0.0,0.0,0.0,0.0,0.0,0.0,0.0,0.0,0.0,0.0,0.0,0.0,0.0,0.0,0.0,0.0,10.2,3640.0,0.69,0.33,0.36,3.8,3.05,4.68,,,DAL,CLE,20221214,2022-23,False,CLE,DAL,,,,,,,,,,,,,,,,,,,,,,,,,,,,,,,,,,,,,,,,,,,,,,,,,,,,,,,,,,,,,,,,,,,,,,,,,,,,,,,,,,,,,,,,,,,,,,,,,,,,,,,,,,,,,,
1630171,Isaac Okoro,Isaac,1610612739,CLE,22.0,1,1,0,1.0,28.606666666666666,3,7,0.429,1,3,0.333,0,0,0.0,0,0,0,1,0,0,0,0,1,0,7,13,8.5,0,0,9.0,1,1,1,1,86,112,108,130,70,91,74,125,130,125,121,192,204,122,148,107,63,1,47,153,130,28,186,19,1,184,,92,131.0,131.0,24.0,114.5,181,58,0.108,176,54,116,128,3.0,16.5,0.0,0.11,116,40,204,54,114.5,0.0,7.0,0.036,0.5,130,0.0,1,110.0,94.8,0.0,95.64,16.5,192,1,190,193,79.0,179,0.5,190,121,94.8,194,40,39,147,134.0,112,0.024,0.0,27,12.5,119,108,0.0,0.0,1.0,0.0,3.0,0.056,0.056,3.0,20.0,18.0,0.0,0.0,0.0,0.0,0.0,0.0,1.0,0.0,0.0,0.0,0.0,0.0,1.0,0.0,0.0,0.0,0.0,25.0,2.0,0.0,0.0,0.0,19.0,1.86,0.28,0.96,0.0,7.0,0.8,1.0,,,,,,,,,,,,,,,,,,,,,,,,,,,,,,,,,,,,,,,0.667,0.429,3.0,2.0,0.0,2.0,3.0,0.0,0.429,,0.0,0.667,0.667,0.0,1.0,0.0,0.0,0.0,0.0,1.0,0.143,0.0,,0.0,0.0,0.143,0.429,0.5,0.429,0.0,0.0,0.333,0.333,,1.0,3.0,0.0,1.0,3.0,,,,0.0,0.0,0.0,0.0,0.0,0.0,1.0,0.0,0.0,3.0,2.0,0.5,0.0,0.333,0.0,0.0,0.0,0.0,0.0,3.0,1.0,0.0,0.0,1.0,0.333,0.0,2.0,0.0,2.0,0.0,0.0,1.0,4.0,0.0,0.0,0.0,0.5,1.0,0.336,F-G,0.536,74.0,-0.092,138.0,0.628,,1.0,0.0,4.0,0.0,0.0,0.0,0.0,0.5,0.0,0.0,0.0,3.0,0.0,0.0,0.0,0.0,0.333,0.0,2.0,,,0.0,0.0,0.0,0.0,0.0,CLE,1.0,0.333,3.0,1.0,3.0,0.5,2023,22200842,,1.0,3.0,10.0,0.3,0.446,-0.146,0.5,2.0,5.0,0.4,0.379,0.021,0.5,1.0,5.0,0.2,0.497,-0.297,0.1,0.0,1.0,0.0,0.575,-0.575,0.3,0.0,3.0,0.0,0.508,-0.508,0.5,2.0,5.0,0.4,0.392,0.008,4.0,2.0,2.0,0.0,0.0,0.0,0.0,0.0,0.0,0.0,0.0,0.0,0.0,0.0,0.0,0.0,0.0,0.0,0.0,0.0,0.0,25.0,0.0,0.0,0.0,0.0,0.0,0.0,0.0,0.0,0.0,0.0,0.0,0.0,0.0,0.0,0.0,0.0,0.0,28.6,10274.0,1.95,0.89,1.06,3.73,3.54,4.3,,,NOP,CLE,20230210,2022-23,False,CLE,NOP,,,,,,,,,,,,,,,,,,,,,,,,,,,,,,,,,,,,,,,,,,,,,,,,,,,,,,,,,,,,,,,,,,,,,,,,,,,,,,,,,,,,,,,,,,,,,,,,,,,,,,,,,,,,,,
1630171,Isaac Okoro,Isaac,1610612739,CLE,22.0,1,0,1,0.0,22.71333333333333,1,5,0.2,1,3,0.333,3,4,0.75,2,4,6,1,0,0,1,0,2,2,6,-14,17.7,0,0,16.0,1,88,88,88,90,129,111,147,59,70,72,33,29,63,22,51,41,98,113,87,18,1,81,50,115,154,105,16,1,106,,113,102.1,102.1,-19.9,124.0,126,47,0.135,115,130,114,98,1.0,-21.9,0.0,0.133,114,129,35,130,124.0,0.0,5.0,0.063,0.3,101,0.083,1,124.6,102.49,0.211,101.02,-21.9,42,1,91,130,85.41,93,0.444,91,37,102.49,135,129,129,128,104.7,129,0.048,0.0,124,12.5,139,111,0.14,0.0,1.0,0.0,2.0,0.091,0.091,2.0,8.0,11.0,0.0,0.0,0.0,0.0,0.0,0.0,0.0,0.0,0.0,0.0,0.0,0.0,0.0,0.0,0.0,0.0,0.0,18.0,0.25,0.0,2.0,1.0,11.0,1.56,0.333,0.56,0.0,6.0,0.5,4.0,0.75,0.0,2.0,2.0,0.667,1.0,5.6,0.0,4.0,2.0,4.7,1.0,0.667,6.0,0.0,0.75,0.667,5.3,2.0,0.0,1.0,0.5,8.0,2.0,,,,,,,,,,,,,,,0.0,0.4,2.0,0.0,0.0,0.0,2.0,0.0,0.4,,0.0,0.0,0.0,,,,,,,,,,,,,,0.6,0.5,0.6,0.0,0.0,0.333,0.333,,1.0,3.0,0.0,1.0,3.0,,,,0.0,0.0,0.0,0.0,0.0,0.0,0.0,0.0,2.0,3.0,1.0,0.3,0.0,0.333,0.5,0.0,0.0,0.0,0.0,3.0,1.0,0.0,0.0,0.0,0.333,0.0,2.0,0.0,0.0,1.0,0.0,1.0,2.0,0.0,0.0,0.0,0.0,0.0,0.338,F-G,0.542,83.0,-0.084,153.0,0.626,0.0,1.0,0.0,2.0,0.0,0.0,0.0,0.0,0.0,0.0,0.0,0.0,3.0,0.0,0.0,0.0,0.0,0.333,0.0,0.0,0.0,0.0,0.0,0.0,0.0,0.0,0.0,CLE,1.0,0.333,3.0,1.0,3.0,0.5,2023,22200896,,1.0,2.0,9.0,0.222,0.465,-0.242,0.444,2.0,4.0,0.5,0.348,0.153,0.556,0.0,5.0,0.0,0.525,-0.525,0.111,0.0,1.0,0.0,0.708,-0.708,0.333,0.0,3.0,0.0,0.552,-0.552,0.556,2.0,5.0,0.4,0.384,0.016,1.0,1.0,0.0,2.0,0.0,0.0,0.0,0.0,1.0,1.0,0.0,1.0,0.0,0.0,0.0,0.0,0.0,0.0,0.0,0.0,0.0,18.0,0.0,0.0,0.0,0.0,0.0,0.0,0.0,0.0,0.0,0.0,0.0,0.0,0.0,0.0,0.0,0.0,0.0,22.72,9027.0,1.71,0.78,0.93,4.23,4.19,4.24,,,ATL,CLE,20230224,2022-23,False,CLE,ATL,,,,,,,,,,,,,,,,,,,,,,,,,,,,,,,,,,,,,,,,,,,,,,,,,,,,,,,,,,,,,,,,,,,,,,,,,,,,,,,,,,,,,,,,,,,,,,,,,,,,,,,,,,,,,,
1630171,Isaac Okoro,Isaac,1610612739,CLE,22.0,1,1,0,1.0,26.34,5,11,0.455,0,4,0.0,0,0,0.0,0,6,6,0,1,1,2,0,1,0,10,-8,25.2,0,0,22.0,1,1,1,1,60,34,34,68,79,43,79,74,82,74,74,13,28,113,46,22,3,1,34,101,59,115,47,9,1,55,,65,92.5,92.5,-11.8,101.8,61,53,0.2,113,96,65,75,5.0,-9.3,8.3,0.205,65,115,60,96,101.8,0.0,11.0,0.0,0.455,113,0.0,81,101.9,99.32,0.2,100.56,-9.3,30,79,58,62,82.76,51,0.455,58,74,99.32,63,115,100,97,90.1,34,0.109,8.3,118,0.0,86,34,0.1,1.0,1.0,0.0,1.0,0.0,0.045,1.0,19.0,22.0,0.0,1.0,1.0,0.5,0.0,0.5,4.0,0.0,0.0,0.25,0.25,2.0,2.0,0.0,0.0,0.0,1.0,34.0,2.0,0.0,0.0,0.0,18.0,1.92,0.294,1.44,0.0,10.0,1.1,2.0,0.667,0.0,1.0,6.0,0.75,0.0,8.1,0.0,0.0,0.0,0.0,0.0,0.0,8.0,0.0,0.667,0.75,8.1,6.0,0.0,0.0,0.0,9.0,0.0,2.0,0.182,1.0,1.0,2.0,0.0,1.0,2.0,0.0,,2.0,0.182,1.0,0.0,0.5,0.364,4.0,2.0,0.0,2.0,4.0,0.0,0.364,,0.0,0.5,0.5,1.0,1.0,0.0,1.0,1.0,0.0,1.0,0.091,0.0,,1.0,1.0,0.091,0.364,0.0,0.364,0.0,0.0,0.0,0.0,,0.0,4.0,0.0,0.0,4.0,0.0,,0.0,0.0,1.0,0.0,0.0,0.0,0.0,1.0,0.0,0.0,0.0,4.0,0.455,0.0,0.0,0.0,0.0,2.0,1.0,0.0,3.0,0.0,0.0,0.0,0.0,0.0,1.0,3.0,0.0,4.0,0.0,0.0,0.0,4.0,0.5,1.0,0.0,1.0,0.0,0.346,F-G,0.565,35.0,-0.066,62.0,0.63,0.0,0.0,1.0,4.0,0.0,,0.333,1.0,1.0,0.0,3.0,0.0,3.0,0.0,0.0,0.0,0.0,0.0,0.0,4.0,0.0,0.0,0.0,0.0,,,0.0,CLE,0.0,0.0,4.0,0.0,4.0,0.0,2023,22200440,,1.0,3.0,10.0,0.3,0.402,-0.102,0.3,1.0,3.0,0.333,0.34,-0.007,0.7,2.0,7.0,0.286,0.493,-0.208,0.4,1.0,4.0,0.25,0.615,-0.365,0.5,1.0,5.0,0.2,0.535,-0.335,0.5,2.0,5.0,0.4,0.364,0.036,6.0,5.0,1.0,2.0,0.0,0.0,0.0,0.0,1.0,1.0,0.0,1.0,0.0,0.0,0.0,0.0,0.0,0.0,0.0,0.0,0.0,34.0,0.0,0.0,0.0,0.0,0.0,0.0,0.0,0.0,0.0,0.0,0.0,0.0,0.0,0.0,0.0,0.0,0.0,26.33,10412.0,1.97,0.95,1.02,4.33,4.7,4.02,,,CLE,DAL,20221217,2022-23,False,CLE,DAL,,,,,,,,,,,,,,,,,,,,,,,,,,,,,,,,,,,,,,,,,,,,,,,,,,,,,,,,,,,,,,,,,,,,,,,,,,,,,,,,,,,,,,,,,,,,,,,,,,,,,,,,,,,,,,
1630171,Isaac Okoro,Isaac,1610612739,CLE,22.0,1,1,0,1.0,5.36,1,3,0.333,0,2,0.0,0,0,0.0,0,0,0,0,1,0,0,0,3,0,2,-12,1.0,0,0,2.0,1,1,1,1,219,176,185,164,130,129,130,137,142,137,124,202,214,184,76,109,74,1,170,165,196,211,236,23,1,224,,219,46.2,46.2,-87.3,128.6,251,13,0.267,184,248,200,132,1.0,-82.4,25.0,0.271,200,251,214,248,128.6,0.0,3.0,0.0,0.333,184,0.0,233,134.3,120.9,0.0,117.13,-82.4,202,232,8,42,100.75,5,0.333,8,124,120.9,40,251,251,194,47.0,176,-0.421,25.0,251,0.0,179,185,0.0,0.0,0.0,0.0,0.0,0.0,0.0,0.0,5.0,4.0,0.0,0.0,0.0,1.0,0.0,2.0,1.0,0.0,0.0,0.0,0.0,2.0,1.0,0.0,0.0,0.0,1.0,7.0,0.0,0.0,0.0,0.0,5.0,1.1,0.286,0.43,0.0,2.0,0.1,0.0,,,,,,,,,,,,,,,,,,,,,,,,,,,,,,,,,,,,,,,,,,,,,,,,,,,,1.0,1.0,0.0,1.0,1.0,0.0,1.0,0.333,0.0,,1.0,1.0,0.333,0.667,0.0,0.667,0.0,0.0,0.0,0.0,,0.0,2.0,0.0,0.0,2.0,,,,0.0,0.0,0.0,0.0,0.0,0.0,0.0,0.0,0.0,0.0,0.0,0.333,0.0,0.0,0.0,0.0,0.0,0.0,0.0,1.0,,0.0,0.0,,0.0,0.0,1.0,0.0,1.0,0.0,0.0,0.0,1.0,0.0,1.0,0.0,1.0,,0.346,F-G,0.444,4.0,-0.21,9.0,0.655,,0.0,0.0,1.0,0.0,,0.0,1.0,1.0,0.0,0.0,0.0,1.0,0.0,0.0,0.0,0.0,0.0,0.0,1.0,,,0.0,0.0,,,0.0,CLE,0.0,0.0,2.0,0.0,2.0,0.0,2023,22200072,,1.0,2.0,3.0,0.667,0.48,0.186,0.333,1.0,1.0,1.0,0.413,0.587,0.667,1.0,2.0,0.5,0.572,-0.072,0.333,1.0,1.0,1.0,0.657,0.343,0.333,1.0,1.0,1.0,0.63,0.37,0.667,1.0,2.0,0.5,0.383,0.118,2.0,2.0,0.0,0.0,0.0,0.0,0.0,0.0,0.0,0.0,0.0,0.0,0.0,0.0,0.0,0.0,0.0,0.0,0.0,0.0,0.0,7.0,0.0,0.0,0.0,0.0,0.0,0.0,0.0,0.0,0.0,0.0,0.0,0.0,0.0,0.0,0.0,0.0,0.0,5.37,2390.0,0.45,0.22,0.23,5.1,3.55,4.79,,,BOS,CLE,20221028,2022-23,False,CLE,BOS,,,,,,,,,,,,,,,,,,,,,,,,,,,,,,,,,,,,,,,,,,,,,,,,,,,,,,,,,,,,,,,,,,,,,,,,,,,,,,,,,,,,,,,,,,,,,,,,,,,,,,,,,,,,,,
1630171,Isaac Okoro,Isaac,1610612739,CLE,22.0,1,1,0,1.0,11.48,1,2,0.5,0,1,0.0,0,0,0.0,1,0,1,0,0,0,0,0,1,0,2,-10,3.2,0,0,3.0,1,1,1,1,172,151,171,78,113,134,113,112,120,112,55,180,159,156,138,108,80,1,53,145,169,184,194,15,1,192,,201,91.7,91.7,-45.1,133.3,184,24,0.074,156,197,199,114,1.0,-41.7,0.0,0.077,199,168,154,197,133.3,0.0,2.0,0.0,0.5,156,0.083,1,137.2,100.35,0.0,98.68,-41.7,180,1,143,193,83.62,162,0.5,143,38,100.35,195,168,201,125,92.1,151,0.009,0.0,166,0.0,99,171,0.048,0.0,0.0,0.0,1.0,0.0,0.0,0.0,5.0,8.0,0.0,0.0,0.0,0.0,0.0,0.0,0.0,0.0,0.0,0.0,0.0,0.0,0.0,0.0,0.0,0.0,0.0,11.0,0.0,0.0,0.0,0.0,8.0,1.51,0.182,0.27,0.0,2.0,0.3,0.0,0.5,0.0,1.0,0.0,0.0,1.0,0.0,0.0,0.0,0.0,23.6,0.0,0.0,1.0,0.0,0.5,0.0,23.6,1.0,1.0,1.0,0.0,2.0,0.0,,,,,,,,,,,,,,,1.0,0.5,1.0,1.0,0.0,1.0,1.0,0.0,0.5,,0.0,1.0,1.0,,,,,,,,,,,,,,0.5,0.0,0.5,0.0,0.0,0.0,0.0,,0.0,1.0,0.0,0.0,1.0,,,,0.0,0.0,0.0,0.0,0.0,0.0,0.0,0.0,0.0,0.0,0.0,0.5,0.0,0.0,,0.0,0.0,0.0,,1.0,1.0,,,0.0,0.0,0.0,,0.0,1.0,,0.0,0.0,1.0,0.0,0.0,0.0,1.0,0.0,0.348,F-G,0.375,3.0,-0.28,8.0,0.655,,0.0,0.0,1.0,,,0.0,0.0,1.0,0.0,0.0,0.0,1.0,0.0,0.0,,,0.0,0.0,1.0,,,0.0,0.0,,,0.0,CLE,0.0,0.0,1.0,0.0,1.0,0.0,2023,22200056,,1.0,2.0,3.0,0.667,0.467,0.2,,,,,,,1.0,2.0,3.0,0.667,0.525,0.142,0.667,1.0,2.0,0.5,0.695,-0.195,1.0,2.0,3.0,0.667,0.582,0.085,,,,,,,2.0,2.0,0.0,0.0,0.0,0.0,0.0,0.0,0.0,0.0,0.0,0.0,0.0,0.0,0.0,0.0,0.0,0.0,0.0,0.0,0.0,11.0,0.0,0.0,0.0,0.0,0.0,0.0,0.0,0.0,0.0,0.0,0.0,0.0,0.0,0.0,0.0,0.0,0.0,11.48,4515.0,0.86,0.46,0.4,4.37,4.56,4.16,,,CLE,ORL,20221026,2022-23,False,CLE,ORL,,,,,,,,,,,,,,,,,,,,,,,,,,,,,,,,,,,,,,,,,,,,,,,,,,,,,,,,,,,,,,,,,,,,,,,,,,,,,,,,,,,,,,,,,,,,,,,,,,,,,,,,,,,,,,
1630171,Isaac Okoro,Isaac,1610612739,CLE,22.0,1,1,0,1.0,36.61666666666667,2,4,0.5,1,3,0.333,0,0,0.0,0,2,2,1,1,0,0,0,1,0,5,14,7.9,0,0,9.0,1,1,1,1,14,138,156,97,73,79,80,127,129,127,122,99,131,123,86,114,64,1,44,159,162,15,187,19,1,176,,87,134.2,134.2,27.3,116.7,189,73,0.062,168,48,102,66,2.0,17.6,16.7,0.064,102,41,174,48,116.7,1.0,4.0,0.028,0.625,96,0.0,165,111.8,95.04,0.069,95.46,17.6,155,164,176,216,79.2,188,0.625,176,122,95.04,216,41,24,108,139.0,138,0.024,16.7,27,16.7,89,156,0.038,0.0,2.0,1.0,1.0,0.036,0.071,2.0,20.0,28.0,0.0,2.0,0.0,0.0,0.0,0.0,2.0,0.0,0.0,0.0,1.0,0.0,0.0,0.5,0.0,1.0,0.0,33.0,1.0,0.0,0.0,0.0,22.0,1.42,0.152,0.52,0.0,5.0,0.8,2.0,0.4,1.0,2.0,2.0,0.667,0.0,12.4,0.0,0.0,0.0,0.0,0.0,0.0,3.0,1.0,0.5,1.0,12.4,2.0,0.0,0.0,0.0,5.0,0.0,,,,,,,,,,,,,,,1.0,0.25,1.0,1.0,0.0,1.0,1.0,0.0,0.25,,0.0,1.0,1.0,,1.0,1.0,0.0,0.0,0.0,0.0,0.25,0.25,0.0,0.0,0.0,0.0,0.5,0.75,0.5,0.0,0.0,0.5,0.5,,1.0,2.0,0.0,1.0,2.0,,,,0.0,0.0,0.0,0.0,0.0,0.0,1.0,0.0,0.0,3.0,2.0,0.625,0.0,0.333,0.0,0.0,0.0,0.0,0.0,3.0,2.0,0.0,0.0,0.5,0.333,0.0,1.0,0.0,1.0,0.0,0.0,1.0,1.0,0.0,0.0,0.0,1.0,1.0,0.337,F-G,0.542,78.0,-0.085,144.0,0.627,0.0,1.0,0.0,1.0,0.0,,0.0,0.0,1.0,0.0,0.0,0.0,3.0,0.0,0.0,0.0,0.0,0.333,0.0,1.0,0.0,0.0,0.0,0.0,,,0.0,CLE,1.0,0.333,3.0,1.0,3.0,0.5,2023,22200858,,1.0,4.0,10.0,0.4,0.458,-0.058,0.1,0.0,1.0,0.0,0.329,-0.329,0.9,4.0,9.0,0.444,0.522,-0.078,0.5,3.0,5.0,0.6,0.594,0.006,0.9,4.0,9.0,0.444,0.556,-0.111,0.1,0.0,1.0,0.0,0.33,-0.33,4.0,4.0,0.0,1.0,0.0,1.0,2.0,2.0,0.0,2.0,1.0,0.0,0.0,0.0,0.0,0.0,0.0,0.0,0.0,0.0,0.0,33.0,0.0,0.0,0.0,0.0,0.0,0.0,0.0,0.0,0.0,0.0,0.0,0.0,0.0,0.0,0.0,0.0,0.0,36.62,13323.0,2.52,1.21,1.32,3.83,3.59,4.09,,,CLE,SAS,20230213,2022-23,False,CLE,SAS,,,,,,,,,,,,,,,,,,,,,,,,,,,,,,,,,,,,,,,,,,,,,,,,,,,,,,,,,,,,,,,,,,,,,,,,,,,,,,,,,,,,,,,,,,,,,,,,,,,,,,,,,,,,,,
1630171,Isaac Okoro,Isaac,1610612739,CLE,22.0,1,1,0,1.0,20.705,1,1,1.0,0,0,0.0,1,1,1.0,1,2,3,1,0,1,1,0,1,2,3,16,14.1,0,0,11.0,1,1,1,1,155,185,227,1,136,195,136,88,115,1,59,128,113,129,166,50,30,1,51,75,191,21,157,30,2,169,,9,125.0,125.0,51.9,78.4,78,36,0.024,167,10,14,140,1.0,46.6,0.0,0.037,14,51,119,10,78.4,0.0,1.0,0.063,1.0,2,0.071,1,80.1,84.62,0.087,81.46,46.6,160,1,249,243,70.51,243,1.042,249,55,84.62,243,51,8,5,132.0,185,0.128,0.0,28,50.0,5,227,0.081,0.0,1.0,0.0,2.0,0.05,0.05,2.0,6.0,20.0,0.0,1.0,0.0,0.0,0.0,0.0,1.0,0.0,0.0,0.0,1.0,0.0,0.0,1.0,0.0,1.0,0.0,21.0,0.0,0.0,0.0,0.0,9.0,1.87,0.143,0.9,0.0,3.0,0.7,0.0,0.5,0.0,1.0,1.0,0.4,1.0,11.5,0.0,2.0,1.0,12.8,1.0,0.667,5.0,0.0,0.5,0.4,11.9,1.0,0.0,1.0,0.5,6.0,1.0,,,,,,,,,,,,,,,1.0,1.0,1.0,1.0,0.0,1.0,1.0,0.0,1.0,,0.0,1.0,1.0,,,,,,,,,,,,,,,,,,,,,,,,,,,,,,,0.0,0.0,0.0,,0.0,0.0,0.0,0.0,0.0,0.0,1.0,0.0,0.0,0.0,0.0,0.0,0.0,0.0,0.0,0.0,0.0,0.0,0.0,0.0,0.0,0.0,0.0,1.0,0.0,0.0,0.0,1.0,0.0,0.0,0.0,1.0,0.0,0.304,F-G,0.607,17.0,-0.038,28.0,0.645,0.0,0.0,0.0,1.0,0.0,,0.0,0.0,1.0,0.0,0.0,0.0,0.0,0.0,0.0,0.0,0.0,0.0,0.0,1.0,0.0,0.0,0.0,0.0,,,0.0,CLE,0.0,,,,0.0,,2023,22200261,,1.0,2.0,4.0,0.5,0.461,0.039,0.5,2.0,2.0,1.0,0.389,0.611,0.5,0.0,2.0,0.0,0.526,-0.526,,,,,,,,,,,,,0.75,2.0,3.0,0.667,0.396,0.271,4.0,3.0,1.0,2.0,0.0,0.0,0.0,0.0,1.0,1.0,0.0,1.0,0.0,2.0,2.0,1.0,0.0,0.0,1.0,0.5,0.0,21.0,0.0,0.0,0.0,0.0,0.0,0.0,0.0,0.0,0.0,0.0,0.0,0.0,0.0,0.0,0.0,0.0,0.0,20.7,7545.0,1.43,0.66,0.77,3.7,3.96,3.97,,,CLE,POR,20221123,2022-23,False,CLE,POR,,,,,,,,,,,,,,,,,,,,,,,,,,,,,,,,,,,,,,,,,,,,,,,,,,,,,,,,,,,,,,,,,,,,,,,,,,,,,,,,,,,,,,,,,,,,,,,,,,,,,,,,,,,,,,
1630171,Isaac Okoro,Isaac,1610612739,CLE,22.0,1,1,0,1.0,29.43,4,4,1.0,1,1,1.0,2,3,0.667,1,4,5,0,1,2,0,0,3,2,11,4,22.0,0,0,21.0,1,1,1,1,53,50,84,1,45,73,1,32,32,41,29,36,34,81,43,5,38,1,76,40,50,35,52,16,2,54,,68,120.3,120.3,4.4,114.1,56,64,0.085,81,41,66,61,4.0,6.3,16.7,0.089,66,23,49,41,114.1,0.0,4.0,0.0,1.125,81,0.036,95,114.4,104.38,0.148,104.87,6.3,48,96,40,106,86.99,34,1.034,40,45,104.38,105,23,46,5,118.8,50,0.097,15.8,29,0.0,3,84,0.091,0.0,1.0,1.0,1.0,0.0,0.043,0.0,12.0,23.0,0.0,2.0,0.0,1.0,0.0,0.667,3.0,0.0,0.0,0.0,0.667,2.0,1.0,0.0,0.0,0.0,1.0,29.0,2.0,0.0,0.0,0.0,15.0,2.22,0.379,1.21,0.0,11.0,1.1,2.0,1.0,0.0,1.0,2.0,1.0,1.0,10.1,0.0,3.0,2.0,4.0,1.0,0.6,4.0,0.0,1.0,1.0,8.9,2.0,0.0,1.0,0.5,5.0,1.0,,,,,,,,,,,,,,,1.0,0.5,2.0,2.0,0.0,2.0,2.0,0.0,0.5,,0.0,1.0,1.0,1.0,1.0,0.0,1.0,1.0,0.0,1.0,0.25,0.0,,1.0,1.0,0.25,0.25,1.5,0.25,0.0,0.0,1.0,1.0,,1.0,1.0,0.0,1.0,1.0,,,,0.0,0.0,0.0,0.0,0.0,0.0,1.0,0.0,0.0,3.0,4.0,1.125,0.0,1.0,0.0,0.0,0.0,0.0,0.0,1.0,1.0,0.0,0.0,1.0,1.0,0.0,0.0,0.0,3.0,0.0,0.0,1.0,3.0,0.0,0.0,0.0,1.0,1.0,0.338,F-G,0.582,57.0,-0.055,98.0,0.637,0.0,1.0,0.0,3.0,0.0,0.0,0.0,0.0,1.0,0.0,0.0,0.0,1.0,0.0,0.0,0.0,0.0,1.0,0.0,3.0,0.0,0.0,0.0,0.0,0.0,0.0,0.0,CLE,1.0,1.0,1.0,1.0,1.0,1.5,2023,22200631,,1.0,7.0,15.0,0.467,0.465,0.002,0.533,5.0,8.0,0.625,0.377,0.248,0.467,2.0,7.0,0.286,0.556,-0.27,0.2,2.0,3.0,0.667,0.645,0.022,0.333,2.0,5.0,0.4,0.602,-0.202,0.667,5.0,10.0,0.5,0.388,0.112,11.0,5.0,6.0,5.0,0.0,1.0,3.0,0.0,1.0,1.0,0.0,1.0,0.0,0.0,0.0,0.0,0.0,0.0,0.0,0.0,0.0,29.0,0.0,0.0,0.0,0.0,0.0,0.0,0.0,0.0,0.0,0.0,0.0,0.0,0.0,0.0,0.0,0.0,0.0,29.43,11557.0,2.19,1.1,1.09,4.19,4.0,4.41,,,POR,CLE,20230112,2022-23,False,CLE,POR,,,,,,,,,,,,,,,,,,,,,,,,,,,,,,,,,,,,,,,,,,,,,,,,,,,,,,,,,,,,,,,,,,,,,,,,,,,,,,,,,,,,,,,,,,,,,,,,,,,,,,,,,,,,,,
1630171,Isaac Okoro,Isaac,1610612739,CLE,22.0,1,0,1,0.0,20.15,1,1,1.0,0,0,0.0,0,0,0.0,2,0,2,1,0,0,0,0,4,0,2,-7,5.9,0,0,5.0,1,98,98,98,118,145,172,1,111,155,111,104,113,104,32,165,118,108,122,84,61,1,157,130,151,142,167,20,3,166,,157,118.4,118.4,-11.3,130.0,158,38,0.022,137,127,152,108,1.0,-11.6,0.0,0.023,152,63,103,127,130.0,0.0,1.0,0.063,1.0,6,0.118,1,131.6,92.9,0.0,91.62,-11.6,165,1,175,183,77.42,177,1.0,175,21,92.9,183,63,128,8,120.3,145,0.0,0.0,52,50.0,7,172,0.063,0.0,1.0,0.0,1.0,0.125,0.125,2.0,5.0,8.0,0.0,0.0,0.0,0.0,0.0,0.0,1.0,0.0,0.0,0.0,0.0,0.0,0.0,0.0,0.0,0.0,0.0,10.0,1.0,0.0,2.0,1.0,7.0,2.1,0.2,1.6,0.0,2.0,0.4,2.0,0.4,1.0,3.0,0.0,0.0,0.667,0.0,0.0,1.0,0.0,12.9,0.5,0.5,2.0,1.0,0.5,0.0,12.9,1.0,1.0,0.667,0.0,5.0,1.0,,,,,,,,,,,,,,,1.0,1.0,1.0,1.0,0.0,1.0,1.0,0.0,1.0,,0.0,1.0,1.0,,,,,,,,,,,,,,,,,,,,,,,,,,,,,,,0.0,0.0,0.0,,0.0,1.0,1.0,2.0,0.0,2.0,1.0,0.0,0.0,0.0,0.0,0.0,0.0,0.0,0.0,0.0,0.0,0.0,0.0,0.0,1.0,0.0,1.0,0.0,0.0,1.0,0.0,0.0,0.0,0.0,0.0,0.0,0.0,0.343,F-G,0.546,83.0,-0.08,152.0,0.626,,0.0,0.0,0.0,0.0,,0.0,0.0,0.0,0.0,0.0,0.0,0.0,0.0,1.0,0.0,0.0,0.0,1.0,0.0,,,1.0,0.0,,,0.0,CLE,0.0,,,,0.0,,2023,22200886,,1.0,5.0,10.0,0.5,0.457,0.043,0.3,1.0,3.0,0.333,0.398,-0.065,0.7,4.0,7.0,0.571,0.508,0.063,0.5,3.0,5.0,0.6,0.62,-0.02,0.6,3.0,6.0,0.5,0.567,-0.067,0.4,2.0,4.0,0.5,0.411,0.089,3.0,0.0,3.0,2.0,0.0,0.0,0.0,0.0,0.0,0.0,0.0,0.0,0.0,1.0,1.0,1.0,0.0,0.0,1.0,1.0,0.0,10.0,0.0,0.0,0.0,0.0,0.0,0.0,0.0,0.0,0.0,0.0,0.0,0.0,0.0,0.0,0.0,0.0,0.0,20.15,7733.0,1.46,0.74,0.73,4.12,3.85,3.85,,,CLE,DEN,20230223,2022-23,False,CLE,DEN,,,,,,,,,,,,,,,,,,,,,,,,,,,,,,,,,,,,,,,,,,,,,,,,,,,,,,,,,,,,,,,,,,,,,,,,,,,,,,,,,,,,,,,,,,,,,,,,,,,,,,,,,,,,,,
1630171,Isaac Okoro,Isaac,1610612739,CLE,22.0,1,1,0,1.0,28.34,2,5,0.4,1,4,0.25,0,0,0.0,2,0,2,1,0,1,0,0,5,0,5,-12,11.9,0,0,11.0,1,1,1,1,45,75,79,81,33,34,56,72,74,72,14,111,78,62,80,19,42,1,120,89,84,96,90,12,2,89,,85,104.9,104.9,-17.6,122.6,107,61,0.075,94,87,87,68,2.0,-17.7,0.0,0.076,87,74,102,87,122.6,0.0,5.0,0.043,0.5,59,0.069,1,120.8,104.16,0.0,105.82,-17.7,111,1,29,117,86.8,21,0.5,29,29,104.16,118,74,80,78,103.2,75,0.0,0.0,77,16.7,68,79,0.038,0.0,1.0,0.0,3.0,0.143,0.143,3.0,8.0,7.0,0.0,1.0,0.0,0.0,0.0,0.0,1.0,0.0,0.0,0.0,1.0,0.0,0.0,0.0,0.0,0.0,0.0,12.0,1.0,0.0,0.0,0.0,9.0,1.14,0.417,0.58,0.0,5.0,0.2,2.0,0.4,1.0,2.0,0.0,0.0,1.0,0.0,0.0,1.0,0.0,2.3,0.5,0.5,3.0,1.0,0.5,0.0,2.3,1.0,1.0,1.0,0.0,5.0,1.0,,,,,,,,,,,,,,,1.0,0.2,1.0,1.0,0.0,1.0,1.0,0.0,0.2,,0.0,1.0,1.0,,,,,,,,,,,,,,0.8,0.375,0.8,0.0,0.0,0.25,0.25,,1.0,4.0,0.0,1.0,4.0,,,,0.0,0.0,0.0,0.0,0.0,0.0,1.0,0.0,0.0,3.0,2.0,0.5,0.0,0.25,0.333,0.0,0.0,0.0,0.0,4.0,1.0,0.0,0.0,0.0,0.25,0.0,3.0,0.0,1.0,1.0,0.0,1.0,1.0,0.0,0.0,0.0,1.0,0.0,0.333,F-G,0.554,92.0,-0.073,166.0,0.627,0.0,1.0,0.0,1.0,0.0,,0.0,0.0,1.0,0.0,0.0,0.0,4.0,0.0,0.0,0.0,0.0,0.25,0.0,1.0,0.0,0.0,0.0,0.0,,,0.0,CLE,1.0,0.25,4.0,1.0,4.0,0.375,2023,22201015,,1.0,8.0,12.0,0.667,0.442,0.225,0.417,2.0,5.0,0.4,0.304,0.096,0.583,6.0,7.0,0.857,0.511,0.347,0.583,6.0,7.0,0.857,0.617,0.24,0.583,6.0,7.0,0.857,0.555,0.302,0.417,2.0,5.0,0.4,0.33,0.07,6.0,4.0,2.0,1.0,0.0,0.0,0.0,0.0,0.0,0.0,0.0,0.0,0.0,1.0,1.0,1.0,0.0,0.0,1.0,1.0,0.0,12.0,0.0,0.0,0.0,0.0,0.0,0.0,0.0,0.0,0.0,0.0,0.0,0.0,0.0,0.0,0.0,0.0,0.0,28.33,11491.0,2.18,1.0,1.18,4.34,4.08,4.57,,,CHA,CLE,20230312,2022-23,False,CLE,CHA,,,,,,,,,,,,,,,,,,,,,,,,,,,,,,,,,,,,,,,,,,,,,,,,,,,,,,,,,,,,,,,,,,,,,,,,,,,,,,,,,,,,,,,,,,,,,,,,,,,,,,,,,,,,,,
1630171,Isaac Okoro,Isaac,1610612739,CLE,22.0,1,1,0,1.0,19.383333333333333,2,5,0.4,0,2,0.0,1,2,0.5,0,0,0,0,1,2,0,1,2,1,5,23,10.0,0,0,9.0,1,1,1,1,76,74,73,80,69,54,69,56,48,58,67,111,116,93,46,6,33,89,62,64,85,3,93,17,1,97,,9,135.6,135.6,46.5,82.6,107,45,0.146,93,4,10,65,2.0,52.9,14.3,0.142,10,30,116,4,82.6,0.0,5.0,0.0,0.4,93,0.0,91,85.0,112.67,0.0,112.82,52.9,111,88,2,90,93.9,4,0.425,2,67,112.67,92,30,3,98,131.5,74,0.0,14.5,35,0.0,92,73,0.0,1.0,1.0,0.0,2.0,0.0,0.143,1.0,11.0,7.0,0.0,0.0,0.0,0.0,0.0,0.0,1.0,0.0,0.0,0.0,0.0,0.0,1.0,0.0,0.0,0.0,0.0,14.0,2.0,0.0,0.0,0.0,10.0,2.19,0.357,1.93,0.0,5.0,0.5,1.0,,,,,,,,,,,,,,,,,,,,,,,,,,,,,,,,,,,,,,,0.667,0.6,3.0,2.0,0.0,2.0,3.0,0.0,0.6,,0.0,0.667,0.667,,,,,,,,,,,,,,0.4,0.0,0.4,0.0,0.0,0.0,0.0,,0.0,2.0,0.0,0.0,2.0,,,,0.0,0.0,0.0,0.0,0.0,0.0,1.0,0.0,0.0,0.0,2.0,0.4,0.0,0.0,0.0,0.0,0.0,0.0,0.0,2.0,,0.0,0.0,,0.0,0.0,2.0,0.0,2.0,0.0,0.0,0.0,3.0,0.0,0.0,0.0,0.667,,0.335,F-G,0.551,86.0,-0.075,156.0,0.627,,0.0,0.0,3.0,0.0,,0.0,0.0,0.667,0.0,0.0,0.0,2.0,0.0,0.0,0.0,0.0,0.0,0.0,2.0,,,0.0,0.0,,,0.0,CLE,0.0,0.0,2.0,0.0,2.0,0.0,2023,22200957,,1.0,1.0,5.0,0.2,0.4,-0.2,0.4,1.0,2.0,0.5,0.343,0.157,0.6,0.0,3.0,0.0,0.438,-0.438,,,,,,,0.2,0.0,1.0,0.0,0.482,-0.482,0.8,1.0,4.0,0.25,0.34,-0.09,2.0,2.0,0.0,3.0,0.0,1.0,2.0,0.0,1.0,1.0,0.0,1.0,0.0,1.0,1.0,1.0,0.0,0.0,1.0,1.0,0.0,14.0,0.0,0.0,0.0,0.0,0.0,0.0,0.0,0.0,0.0,0.0,0.0,0.0,0.0,0.0,0.0,0.0,0.0,19.38,7809.0,1.48,0.67,0.8,4.43,4.58,4.31,,,CLE,DET,20230304,2022-23,False,CLE,DET,,,,,,,,,,,,,,,,,,,,,,,,,,,,,,,,,,,,,,,,,,,,,,,,,,,,,,,,,,,,,,,,,,,,,,,,,,,,,,,,,,,,,,,,,,,,,,,,,,,,,,,,,,,,,,
1630171,Isaac Okoro,Isaac,1610612739,CLE,22.0,1,1,0,1.0,27.011666666666667,3,9,0.333,1,5,0.2,0,0,0.0,0,3,3,0,0,1,0,0,0,1,7,0,13.6,0,0,13.0,1,1,1,1,81,93,70,129,53,36,89,93,99,93,104,67,94,146,117,33,59,1,1,82,106,89,124,15,2,124,,69,103.5,103.5,3.5,101.7,143,57,0.148,146,83,72,100,3.0,1.8,0.0,0.152,72,101,115,83,101.7,0.0,9.0,0.0,0.389,146,0.0,1,101.4,102.18,0.15,101.72,1.8,69,1,73,121,85.15,73,0.389,73,104,102.18,122,101,74,139,104.8,93,0.041,0.0,96,0.0,130,70,0.065,0.0,1.0,1.0,0.0,0.0,0.067,0.0,13.0,15.0,0.0,0.0,0.0,1.0,0.0,2.0,1.0,0.0,0.0,0.0,0.0,2.0,1.0,0.0,0.0,0.0,1.0,24.0,0.667,0.0,0.0,1.0,15.0,1.36,0.292,0.58,0.0,7.0,0.5,3.0,0.6,0.0,2.0,2.0,1.0,0.0,8.2,0.0,1.0,1.0,0.0,0.0,0.333,3.0,0.0,0.6,1.0,8.2,2.0,0.0,0.0,0.333,5.0,0.0,1.0,0.111,1.0,1.0,1.0,0.0,1.0,1.0,0.0,,1.0,0.111,1.0,0.0,0.5,0.222,2.0,1.0,0.0,1.0,2.0,0.0,0.222,,0.0,0.5,0.5,0.0,1.0,0.0,0.0,0.0,0.0,1.0,0.111,0.0,,0.0,0.0,0.111,0.556,0.3,0.556,0.0,0.0,0.2,0.2,,1.0,5.0,0.0,1.0,5.0,,,,0.0,0.0,0.0,0.0,0.0,0.0,0.5,0.0,0.0,3.0,2.0,0.389,0.0,0.2,0.0,0.0,0.0,0.0,0.0,5.0,2.0,0.0,0.0,0.5,0.2,0.0,3.0,0.0,2.0,0.0,0.0,1.0,4.0,0.0,0.0,0.0,0.5,1.0,0.333,F-G,0.54,75.0,-0.088,139.0,0.628,0.0,1.0,0.0,4.0,0.0,,0.0,0.0,0.5,0.0,0.0,0.0,5.0,0.0,0.0,0.0,0.0,0.2,0.0,2.0,0.0,0.0,0.0,0.0,,,0.0,CLE,1.0,0.2,5.0,1.0,5.0,0.3,2023,22200852,,1.0,4.0,6.0,0.667,0.489,0.177,0.333,1.0,2.0,0.5,0.37,0.13,0.667,3.0,4.0,0.75,0.565,0.185,0.167,1.0,1.0,1.0,0.656,0.344,0.5,3.0,3.0,1.0,0.641,0.359,0.5,1.0,3.0,0.333,0.39,-0.057,3.0,2.0,1.0,1.0,0.0,2.0,5.0,0.0,1.0,1.0,0.0,1.0,0.0,0.0,0.0,0.0,0.0,0.0,0.0,0.0,0.0,24.0,0.0,0.0,0.0,0.0,0.0,0.0,0.0,0.0,0.0,0.0,0.0,0.0,0.0,0.0,0.0,0.0,0.0,27.02,10273.0,1.95,0.94,1.0,4.01,3.74,4.3,,,CLE,CHI,20230211,2022-23,False,CLE,CHI,,,,,,,,,,,,,,,,,,,,,,,,,,,,,,,,,,,,,,,,,,,,,,,,,,,,,,,,,,,,,,,,,,,,,,,,,,,,,,,,,,,,,,,,,,,,,,,,,,,,,,,,,,,,,,
1630171,Isaac Okoro,Isaac,1610612739,CLE,22.0,1,1,0,1.0,22.94333333333333,3,7,0.429,1,4,0.25,2,2,1.0,0,2,2,2,0,1,0,0,1,1,9,-5,17.4,0,0,16.0,1,1,1,1,66,68,64,77,41,41,58,32,39,1,59,57,75,50,72,18,36,1,22,61,70,87,69,15,3,74,,50,104.0,104.0,-6.5,116.3,64,50,0.145,61,88,51,63,3.0,-12.3,0.0,0.152,51,93,93,88,116.3,0.0,7.0,0.118,0.5,46,0.0,1,117.2,103.56,0.08,100.0,-12.3,79,1,35,79,86.3,45,0.571,35,59,103.56,77,93,76,72,110.7,68,0.087,0.0,85,20.0,71,64,0.039,0.0,2.0,0.0,3.0,0.182,0.182,4.0,12.0,11.0,0.0,0.0,0.0,1.0,0.0,2.0,2.0,0.0,0.0,0.0,0.0,4.0,2.0,0.0,0.0,0.0,2.0,20.0,0.0,0.0,0.0,0.0,13.0,1.64,0.45,0.7,0.0,9.0,0.5,0.0,0.5,0.0,1.0,1.0,0.667,0.0,4.8,0.0,1.0,1.0,0.0,0.0,0.5,3.0,0.0,0.5,0.667,4.8,1.0,0.0,0.0,0.5,4.0,0.0,,,,,,,,,,,,,,,0.667,0.429,3.0,2.0,0.0,2.0,3.0,0.0,0.429,,0.0,0.667,0.667,,,,,,,,,,,,,,0.571,0.375,0.571,0.0,0.0,0.25,0.25,,1.0,4.0,0.0,1.0,4.0,,,,0.0,0.0,0.0,0.0,0.0,0.0,0.0,0.0,0.0,3.0,0.0,0.5,0.0,0.25,0.333,0.0,1.0,1.0,0.0,4.0,1.0,0.0,0.0,0.0,0.25,0.0,3.0,0.0,1.0,1.0,0.0,1.0,2.0,1.0,0.0,0.0,0.5,0.0,0.333,F-G,0.544,86.0,-0.083,158.0,0.627,,1.0,1.0,2.0,0.0,,1.0,0.0,0.5,0.0,1.0,0.0,4.0,0.0,0.0,0.0,0.0,0.25,0.0,1.0,,,0.0,0.0,,,0.0,CLE,1.0,0.25,4.0,1.0,4.0,0.375,2023,22200971,,1.0,4.0,9.0,0.444,0.488,-0.044,0.222,2.0,2.0,1.0,0.416,0.584,0.778,2.0,7.0,0.286,0.567,-0.281,0.222,0.0,2.0,0.0,0.668,-0.668,0.556,1.0,5.0,0.2,0.598,-0.398,0.333,2.0,3.0,0.667,0.398,0.269,4.0,4.0,0.0,1.0,0.0,0.0,0.0,0.0,0.0,0.0,0.0,0.0,0.0,2.0,2.0,2.0,0.0,0.0,1.0,1.0,0.0,20.0,0.0,0.0,0.0,0.0,0.0,0.0,0.0,0.0,0.0,0.0,0.0,0.0,0.0,0.0,0.0,0.0,0.0,22.95,8852.0,1.68,0.79,0.88,4.11,4.12,4.09,,,CLE,BOS,20230306,2022-23,False,CLE,BOS,,,,,,,,,,,,,,,,,,,,,,,,,,,,,,,,,,,,,,,,,,,,,,,,,,,,,,,,,,,,,,,,,,,,,,,,,,,,,,,,,,,,,,,,,,,,,,,,,,,,,,,,,,,,,,
1630171,Isaac Okoro,Isaac,1610612739,CLE,22.0,1,1,0,1.0,25.215,3,6,0.5,2,4,0.5,0,0,0.0,1,2,3,3,0,1,0,0,3,0,8,5,19.1,0,0,18.0,1,1,1,1,110,107,128,80,37,62,38,115,119,115,63,122,115,59,160,41,62,1,158,144,117,53,115,16,3,121,,79,118.5,118.5,18.7,107.3,122,54,0.098,81,57,96,126,3.0,11.2,0.0,0.106,96,58,148,57,107.3,0.0,6.0,0.158,0.667,25,0.048,1,105.1,103.75,0.067,102.68,11.2,167,1,96,200,86.46,102,0.667,96,80,103.75,197,58,44,70,123.7,107,0.085,0.0,39,33.3,65,128,0.059,0.0,3.0,0.0,3.0,0.167,0.167,7.0,13.0,18.0,0.0,1.0,0.0,0.0,0.0,0.0,1.0,0.0,0.0,0.0,1.0,0.0,0.0,1.0,0.0,1.0,0.0,25.0,0.667,0.0,0.0,0.0,13.0,2.12,0.32,1.04,0.0,8.0,0.9,3.0,0.429,2.0,2.0,2.0,0.4,0.5,4.8,0.0,1.0,0.0,3.6,1.0,0.333,5.0,2.0,0.6,0.667,4.4,2.0,0.0,0.5,0.0,7.0,1.0,,,,,,,,,,,,,,,0.5,0.333,2.0,1.0,0.0,1.0,2.0,0.0,0.333,,0.0,0.5,0.5,,,,,,,,,,,,,,0.667,0.75,0.667,0.0,0.0,0.5,0.5,,2.0,4.0,0.0,2.0,4.0,,,,0.0,0.0,0.0,0.0,0.0,0.0,0.5,0.0,0.0,6.0,2.0,0.667,0.0,0.5,0.5,0.0,0.0,0.0,0.0,4.0,2.0,0.0,0.0,0.5,0.5,0.0,2.0,0.0,1.0,1.0,0.0,2.0,2.0,0.0,0.0,0.0,0.5,1.0,0.351,F-G,0.592,42.0,-0.046,71.0,0.638,0.0,2.0,0.0,2.0,0.0,0.0,0.0,0.0,0.5,0.0,0.0,0.0,4.0,0.0,0.0,0.0,0.0,0.5,0.0,1.0,0.0,0.0,0.0,0.0,0.0,0.0,0.0,CLE,2.0,0.5,4.0,2.0,4.0,0.75,2023,22200466,,1.0,6.0,14.0,0.429,0.495,-0.067,0.214,0.0,3.0,0.0,0.362,-0.362,0.786,6.0,11.0,0.545,0.559,-0.013,0.429,5.0,6.0,0.833,0.688,0.146,0.643,6.0,9.0,0.667,0.631,0.035,0.286,0.0,4.0,0.0,0.378,-0.378,7.0,5.0,2.0,4.0,0.0,0.0,0.0,0.0,0.0,0.0,0.0,0.0,0.0,2.0,2.0,1.0,0.0,0.0,1.0,0.5,0.0,25.0,0.0,0.0,0.0,0.0,0.0,0.0,0.0,0.0,0.0,0.0,0.0,0.0,0.0,0.0,0.0,0.0,0.0,25.22,10224.0,1.94,0.96,0.97,4.19,4.27,4.55,,,CLE,MIL,20221221,2022-23,False,CLE,MIL,,,,,,,,,,,,,,,,,,,,,,,,,,,,,,,,,,,,,,,,,,,,,,,,,,,,,,,,,,,,,,,,,,,,,,,,,,,,,,,,,,,,,,,,,,,,,,,,,,,,,,,,,,,,,,
1630171,Isaac Okoro,Isaac,1610612739,CLE,22.0,1,0,1,0.0,15.733333333333333,0,2,0.0,0,2,0.0,0,0,0.0,0,3,3,0,1,2,3,0,0,1,0,-4,17.6,0,0,13.0,1,75,75,75,110,132,125,132,78,70,78,73,77,73,77,52,70,115,60,6,3,1,1,66,134,96,77,11,1,94,,110,109.1,109.1,-6.7,121.2,101,33,0.077,115,100,117,83,0.0,-12.1,33.3,0.08,117,64,39,100,121.2,0.0,2.0,0.0,0.0,115,0.0,141,117.8,100.68,0.273,101.23,-12.1,15,141,85,140,83.9,83,0.0,85,77,100.68,139,64,88,134,111.1,132,0.054,33.3,58,0.0,132,125,0.12,0.0,0.0,0.0,0.0,0.0,0.0,0.0,4.0,11.0,0.0,0.0,0.0,0.0,0.0,0.0,0.0,0.0,0.0,0.0,0.0,0.0,0.0,0.0,0.0,0.0,0.0,13.0,0.0,0.0,0.0,0.0,6.0,1.78,0.0,0.92,0.0,0.0,0.4,0.0,1.0,0.0,1.0,3.0,1.0,0.0,13.6,0.0,0.0,0.0,0.0,0.0,0.0,3.0,0.0,1.0,1.0,13.6,3.0,0.0,0.0,0.0,3.0,0.0,,,,,,,,,,,,,,,,,,,,,,,,,,,,,,,,,,,,,,,,,1.0,0.0,1.0,0.0,0.0,0.0,0.0,,0.0,2.0,0.0,0.0,2.0,,,,0.0,0.0,0.0,0.0,0.0,0.0,0.0,0.0,0.0,0.0,0.0,0.0,0.0,0.0,0.0,0.0,0.0,0.0,0.0,1.0,0.0,0.0,0.0,0.0,0.0,0.0,1.0,0.0,0.0,0.0,0.0,0.0,0.0,0.0,1.0,0.0,0.0,0.0,0.343,F-G,0.579,33.0,-0.051,57.0,0.63,,0.0,0.0,0.0,0.0,,0.0,0.0,0.0,0.0,0.0,0.0,2.0,0.0,0.0,0.0,0.0,0.0,0.0,0.0,,,0.0,0.0,,,0.0,CLE,0.0,0.0,2.0,0.0,2.0,0.0,2023,22200406,,1.0,1.0,5.0,0.2,0.451,-0.251,0.2,0.0,1.0,0.0,0.413,-0.413,0.8,1.0,4.0,0.25,0.511,-0.261,0.2,1.0,1.0,1.0,0.631,0.369,0.6,1.0,3.0,0.333,0.556,-0.222,0.2,0.0,1.0,0.0,0.403,-0.403,5.0,4.0,1.0,2.0,0.0,0.0,0.0,0.0,2.0,2.0,0.0,1.0,0.0,0.0,0.0,0.0,0.0,0.0,0.0,0.0,0.0,13.0,0.0,0.0,0.0,0.0,0.0,0.0,0.0,0.0,0.0,0.0,0.0,0.0,0.0,0.0,0.0,0.0,0.0,15.73,5924.0,1.12,0.52,0.6,3.89,3.52,4.26,,,SAS,CLE,20221212,2022-23,False,CLE,SAS,,,,,,,,,,,,,,,,,,,,,,,,,,,,,,,,,,,,,,,,,,,,,,,,,,,,,,,,,,,,,,,,,,,,,,,,,,,,,,,,,,,,,,,,,,,,,,,,,,,,,,,,,,,,,,
1630171,Isaac Okoro,Isaac,1610612739,CLE,22.0,1,0,1,0.0,25.01333333333333,2,4,0.5,1,2,0.5,0,0,0.0,1,3,4,4,3,0,1,0,3,0,5,-4,15.8,0,0,16.0,1,48,48,48,53,63,73,29,38,61,9,57,60,57,31,39,44,23,13,48,10,1,56,72,68,53,60,17,4,59,,52,108.2,108.2,-1.8,109.6,66,49,0.13,24,46,53,28,2.0,-1.5,27.3,0.131,53,45,40,46,109.6,1.33,4.0,0.2,0.625,8,0.045,88,108.8,96.91,0.125,97.79,-1.5,43,88,73,73,80.76,70,0.625,73,34,96.91,77,45,48,29,107.0,63,0.05,27.3,48,36.4,24,73,0.087,0.0,4.0,0.0,2.0,0.19,0.19,9.0,14.0,21.0,0.0,1.0,0.0,0.0,0.0,0.0,1.0,0.0,0.0,0.0,1.0,0.0,0.0,1.0,0.0,1.0,0.0,27.0,0.5,0.0,0.0,1.0,18.0,1.51,0.185,0.48,0.0,5.0,0.7,4.0,0.667,0.0,2.0,3.0,0.6,0.5,10.7,0.0,0.0,0.0,2.8,0.0,0.0,5.0,0.0,0.667,0.6,8.7,4.0,1.0,0.5,0.0,6.0,0.0,,,,,,,,,,,,,,,0.5,0.5,2.0,1.0,0.0,1.0,2.0,0.0,0.5,,0.0,0.5,0.5,,,,,,,,,,,,,,0.5,0.75,0.5,0.0,0.0,0.5,0.5,,1.0,2.0,0.0,1.0,2.0,0.0,0.0,0.0,0.0,1.0,0.0,0.0,1.0,0.0,0.5,0.0,0.0,3.0,2.0,0.625,0.0,1.0,1.0,0.0,1.0,0.0,0.0,1.0,0.0,0.0,0.0,0.0,1.0,0.0,1.0,0.0,1.0,1.0,0.0,1.0,1.0,0.0,1.0,0.0,1.0,0.0,0.348,F-G,0.569,74.0,-0.062,130.0,0.632,0.0,1.0,0.0,1.0,0.0,,0.0,1.0,1.0,0.0,1.0,0.0,1.0,0.0,0.0,0.0,0.0,1.0,0.0,1.0,0.0,0.0,0.0,0.0,,,0.0,CLE,1.0,1.0,1.0,1.0,1.0,1.5,2023,22200764,,1.0,6.0,10.0,0.6,0.469,0.131,0.3,2.0,3.0,0.667,0.369,0.298,0.7,4.0,7.0,0.571,0.526,0.045,0.4,3.0,4.0,0.75,0.625,0.125,0.5,3.0,5.0,0.6,0.58,0.02,0.3,2.0,3.0,0.667,0.384,0.283,7.0,4.0,3.0,0.0,0.0,1.0,2.0,0.0,0.0,0.0,0.0,0.0,0.0,0.0,0.0,0.0,0.0,0.0,0.0,0.0,0.0,27.0,0.0,0.0,0.0,0.0,0.0,0.0,0.0,0.0,0.0,0.0,0.0,0.0,0.0,0.0,0.0,0.0,0.0,25.02,9904.0,1.88,0.94,0.93,4.24,3.99,4.05,,,CLE,MIA,20230131,2022-23,False,CLE,MIA,,,,,,,,,,,,,,,,,,,,,,,,,,,,,,,,,,,,,,,,,,,,,,,,,,,,,,,,,,,,,,,,,,,,,,,,,,,,,,,,,,,,,,,,,,,,,,,,,,,,,,,,,,,,,,
1630171,Isaac Okoro,Isaac,1610612739,CLE,22.0,1,0,1,0.0,21.06,4,4,1.0,0,0,0.0,2,2,1.0,0,3,3,2,0,0,0,0,1,2,10,7,16.6,0,0,15.0,1,64,64,64,71,53,86,1,70,99,70,36,42,1,63,43,62,42,85,52,44,1,20,44,59,35,71,14,2,72,,90,136.2,136.2,12.1,123.9,37,47,0.093,67,36,83,70,4.0,12.3,0.0,0.092,83,16,53,36,123.9,0.0,4.0,0.095,1.0,27,0.0,1,126.2,105.98,0.167,104.21,12.3,33,1,28,113,88.32,38,1.025,28,63,105.98,114,16,35,7,138.3,53,0.119,0.0,12,28.6,6,86,0.081,0.0,3.0,1.0,2.0,0.154,0.231,4.0,9.0,13.0,2.0,1.0,0.0,0.0,0.5,1.0,2.0,2.0,1.0,0.0,0.5,2.0,0.0,0.5,1.0,1.0,0.0,19.0,1.5,0.0,2.0,2.0,11.0,1.46,0.526,0.32,0.0,10.0,0.5,4.0,0.429,0.0,3.0,2.0,0.75,0.0,9.4,0.0,1.0,1.0,0.0,0.0,0.333,4.0,0.0,0.429,0.75,9.4,2.0,0.0,0.0,0.333,7.0,0.0,1.0,0.25,1.0,1.0,1.0,0.0,1.0,1.0,0.0,,1.0,0.25,1.0,0.0,1.0,0.75,3.0,3.0,0.0,3.0,3.0,0.0,0.75,,0.0,1.0,1.0,,,,,,,,,,,,,,,,,,,,,,,,,,,,,,,0.0,0.0,0.0,,0.0,1.0,1.0,4.0,0.0,6.0,1.0,0.0,0.0,0.0,0.0,0.0,0.0,0.0,0.0,0.0,0.0,0.0,0.0,0.0,0.0,0.0,0.0,4.0,0.0,0.0,0.0,4.0,0.0,0.0,0.0,1.0,0.0,0.345,F-G,0.579,44.0,-0.058,76.0,0.637,,0.0,0.0,4.0,0.0,,0.0,0.0,1.0,0.0,0.0,0.0,0.0,0.0,0.0,0.0,0.0,0.0,0.0,4.0,,,0.0,0.0,,,0.0,CLE,0.0,,,,0.0,,2023,22200524,,1.0,3.0,5.0,0.6,0.479,0.121,0.4,1.0,2.0,0.5,0.4,0.1,0.6,2.0,3.0,0.667,0.544,0.123,,,,,,,0.4,1.0,2.0,0.5,0.562,-0.062,0.6,2.0,3.0,0.667,0.414,0.253,5.0,4.0,1.0,1.0,0.0,0.0,0.0,0.0,0.0,0.0,0.0,0.0,0.0,0.0,0.0,0.0,0.0,0.0,0.0,0.0,0.0,19.0,0.0,0.0,0.0,0.0,0.0,0.0,0.0,0.0,0.0,0.0,0.0,0.0,0.0,0.0,0.0,0.0,0.0,21.07,8938.0,1.69,0.87,0.83,4.44,4.48,4.38,,,IND,CLE,20221229,2022-23,False,CLE,IND,,,,,,,,,,,,,,,,,,,,,,,,,,,,,,,,,,,,,,,,,,,,,,,,,,,,,,,,,,,,,,,,,,,,,,,,,,,,,,,,,,,,,,,,,,,,,,,,,,,,,,,,,,,,,,
1630171,Isaac Okoro,Isaac,1610612739,CLE,22.0,1,1,0,1.0,30.046666666666667,4,8,0.5,1,4,0.25,3,4,0.75,1,1,2,4,1,1,0,1,2,3,12,10,22.4,0,0,21.0,1,1,1,1,59,66,78,65,64,59,88,40,32,61,46,129,122,27,70,27,56,127,79,34,71,32,77,17,1,81,,58,120.3,120.3,14.3,106.3,98,64,0.157,53,54,59,8,4.0,14.0,6.7,0.159,59,66,151,54,106.3,4.0,8.0,0.174,0.563,32,0.045,83,107.0,101.44,0.025,100.71,14.0,160,78,96,110,84.54,111,0.615,96,66,101.44,114,66,57,78,121.3,66,0.084,6.8,50,26.7,81,78,0.032,0.0,4.0,0.0,4.0,0.267,0.267,9.0,19.0,15.0,0.0,1.0,1.0,0.0,0.0,0.0,3.0,0.0,0.0,0.333,0.333,0.0,1.0,0.333,0.0,1.0,0.0,28.0,1.0,0.0,0.0,1.0,17.0,2.57,0.429,1.18,0.0,12.0,1.2,2.0,0.4,0.0,3.0,1.0,0.333,0.333,10.0,0.0,1.0,0.0,2.0,1.0,0.5,3.0,0.0,0.4,0.333,6.0,1.0,0.0,0.333,0.0,5.0,1.0,0.0,0.125,0.0,0.0,1.0,0.0,1.0,0.0,0.0,,1.0,0.125,0.0,0.0,1.0,0.375,3.0,3.0,0.0,3.0,3.0,0.0,0.375,,0.0,1.0,1.0,,,,,,,,,,,,,,0.5,0.375,0.5,0.0,0.0,0.25,0.25,,1.0,4.0,0.0,1.0,4.0,,,,0.0,0.0,0.0,0.0,0.0,0.0,0.0,0.0,0.0,3.0,2.0,0.563,0.0,0.25,0.5,0.0,0.0,0.0,0.0,4.0,2.0,0.0,0.0,0.0,0.25,0.0,2.0,0.0,3.0,1.0,0.0,1.0,4.0,0.0,0.0,0.0,0.75,0.0,0.346,F-G,0.569,37.0,-0.064,65.0,0.633,0.0,1.0,0.0,4.0,0.0,,0.0,0.0,0.75,0.0,0.0,0.0,4.0,0.0,0.0,0.0,0.0,0.25,0.0,3.0,0.0,0.0,0.0,0.0,,,0.0,CLE,1.0,0.25,4.0,1.0,4.0,0.375,2023,22200452,,1.0,4.0,9.0,0.444,0.492,-0.047,0.333,1.0,3.0,0.333,0.349,-0.016,0.667,3.0,6.0,0.5,0.599,-0.099,0.333,2.0,3.0,0.667,0.696,-0.029,0.556,2.0,5.0,0.4,0.626,-0.226,0.333,1.0,3.0,0.333,0.353,-0.019,4.0,2.0,2.0,2.0,0.0,0.0,0.0,0.0,0.0,0.0,0.0,0.0,1.0,1.0,2.0,2.0,1.0,0.5,0.5,1.0,0.5,28.0,0.0,0.0,0.0,0.0,0.0,0.0,0.0,0.0,0.0,0.0,0.0,0.0,0.0,0.0,0.0,0.0,0.0,30.05,11027.0,2.09,1.05,1.04,3.92,4.09,3.76,,,CLE,UTA,20221219,2022-23,False,CLE,UTA,,,,,,,,,,,,,,,,,,,,,,,,,,,,,,,,,,,,,,,,,,,,,,,,,,,,,,,,,,,,,,,,,,,,,,,,,,,,,,,,,,,,,,,,,,,,,,,,,,,,,,,,,,,,,,
1630171,Isaac Okoro,Isaac,1610612739,CLE,22.0,1,1,0,1.0,5.933333333333334,0,1,0.0,0,0,0.0,0,0,0.0,0,0,0,0,0,0,0,0,1,0,0,-2,0.0,0,0,0.0,1,1,1,1,76,73,75,73,41,67,41,40,45,40,45,70,74,64,52,40,29,1,15,59,76,50,80,10,1,80,,29,91.7,91.7,-3.9,108.3,80,12,0.077,64,64,47,42,0.0,-16.7,0.0,0.08,47,63,74,64,108.3,0.0,1.0,0.0,0.0,64,0.0,1,99.4,97.08,0.0,99.51,-16.7,70,1,53,70,80.9,42,0.0,53,45,97.08,70,63,48,76,95.5,73,-0.2,0.0,57,0.0,73,75,0.0,0.0,0.0,0.0,0.0,0.0,0.0,0.0,3.0,2.0,0.0,0.0,0.0,0.0,0.0,0.0,1.0,0.0,0.0,0.0,0.0,0.0,1.0,0.0,0.0,0.0,0.0,3.0,0.0,0.0,0.0,0.0,3.0,2.13,0.0,0.67,0.0,0.0,0.1,0.0,,,,,,,,,,,,,,,,,,,,,,,,,,,,,,,,,,,,,,,0.0,1.0,1.0,0.0,0.0,0.0,1.0,0.0,1.0,,0.0,0.0,0.0,,,,,,,,,,,,,,,,,,,,,,,,,,,,,,,0.0,0.0,0.0,,0.0,0.0,0.0,0.0,0.0,0.0,0.0,0.0,0.0,0.0,0.0,0.0,0.0,,0.0,,,,,0.0,0.0,0.0,0.0,0.0,0.0,0.0,0.0,1.0,0.0,0.0,0.0,0.0,,0.318,F-G,0.5,7.0,-0.143,14.0,0.643,,0.0,0.0,1.0,,,0.0,0.0,0.0,0.0,0.0,0.0,0.0,0.0,0.0,,,0.0,0.0,0.0,,,0.0,0.0,,,0.0,CLE,0.0,,,,0.0,,2023,22200140,,1.0,0.0,1.0,0.0,0.424,-0.424,1.0,0.0,1.0,0.0,0.354,-0.354,,,,,,,,,,,,,,,,,,,1.0,0.0,1.0,0.0,0.383,-0.383,1.0,0.0,1.0,0.0,0.0,0.0,0.0,0.0,0.0,0.0,0.0,0.0,0.0,0.0,0.0,0.0,0.0,0.0,0.0,0.0,0.0,3.0,0.0,0.0,0.0,0.0,0.0,0.0,0.0,0.0,0.0,0.0,0.0,0.0,0.0,0.0,0.0,0.0,0.0,5.93,2378.0,0.45,0.23,0.22,4.68,3.41,4.17,,,LAL,CLE,20221106,2022-23,False,CLE,LAL,,,,,,,,,,,,,,,,,,,,,,,,,,,,,,,,,,,,,,,,,,,,,,,,,,,,,,,,,,,,,,,,,,,,,,,,,,,,,,,,,,,,,,,,,,,,,,,,,,,,,,,,,,,,,,
1630171,Isaac Okoro,Isaac,1610612739,CLE,22.0,1,0,1,0.0,17.536666666666665,1,2,0.5,1,2,0.5,0,0,0.0,0,1,1,1,1,0,1,0,1,1,3,-8,7.7,0,0,8.0,1,101,101,101,142,149,165,66,66,105,32,107,113,107,101,138,153,110,78,98,17,1,28,98,155,157,165,19,2,161,,67,82.9,82.9,-22.8,105.7,138,35,0.081,95,167,66,73,1.0,-22.9,25.0,0.083,66,184,145,167,105.7,1.0,2.0,0.111,0.75,53,0.0,180,105.5,95.8,0.083,96.02,-22.9,125,180,160,174,79.83,162,0.75,160,101,95.8,173,184,169,39,82.7,149,0.053,25.0,187,25.0,32,165,0.04,0.0,1.0,0.0,2.0,0.091,0.091,3.0,11.0,11.0,0.0,2.0,1.0,0.0,0.0,0.0,3.0,0.0,0.0,0.333,0.667,0.0,0.0,0.0,0.0,0.0,0.0,14.0,0.0,0.0,0.0,0.0,10.0,2.29,0.214,1.5,0.0,3.0,0.5,0.0,1.0,0.0,0.0,1.0,1.0,0.0,18.4,0.0,0.0,0.0,0.0,0.0,0.0,1.0,0.0,1.0,1.0,18.4,1.0,0.0,0.0,0.0,1.0,0.0,,,,,,,,,,,,,,,,,,,,,,,,,,,,,,,,,,,,,,,,,1.0,0.75,1.0,0.0,0.0,0.5,0.5,,1.0,2.0,0.0,1.0,2.0,,,,0.0,0.0,0.0,0.0,0.0,0.0,0.0,0.0,0.0,3.0,0.0,0.75,0.0,0.5,0.5,0.0,0.0,0.0,,2.0,0.0,,,0.0,0.5,0.0,2.0,0.0,0.0,1.0,0.0,1.0,0.0,0.0,0.0,0.0,0.0,0.0,0.344,F-G,0.585,31.0,-0.048,53.0,0.633,0.0,1.0,0.0,0.0,,,0.0,0.0,0.0,0.0,0.0,0.0,2.0,0.0,0.0,,,0.5,0.0,0.0,0.0,0.0,0.0,0.0,,,0.0,CLE,1.0,0.5,2.0,1.0,2.0,0.75,2023,22200381,,1.0,3.0,4.0,0.75,0.528,0.222,0.25,1.0,1.0,1.0,0.36,0.64,0.75,2.0,3.0,0.667,0.613,0.053,0.75,2.0,3.0,0.667,0.673,-0.006,0.75,2.0,3.0,0.667,0.654,0.012,0.25,1.0,1.0,1.0,0.358,0.642,3.0,2.0,1.0,2.0,0.0,0.0,0.0,0.0,0.0,0.0,0.0,0.0,0.0,0.0,0.0,0.0,0.0,0.0,0.0,0.0,0.0,14.0,0.0,0.0,0.0,0.0,0.0,0.0,0.0,0.0,0.0,0.0,0.0,0.0,0.0,0.0,0.0,0.0,0.0,17.53,6356.0,1.2,0.55,0.65,3.85,3.49,4.98,,,CLE,SAC,20221209,2022-23,False,CLE,SAC,,,,,,,,,,,,,,,,,,,,,,,,,,,,,,,,,,,,,,,,,,,,,,,,,,,,,,,,,,,,,,,,,,,,,,,,,,,,,,,,,,,,,,,,,,,,,,,,,,,,,,,,,,,,,,
1630171,Isaac Okoro,Isaac,1610612739,CLE,22.0,1,0,1,0.0,11.76,0,1,0.0,0,1,0.0,0,0,0.0,0,0,0,0,1,0,0,0,4,0,0,0,-1.0,0,0,0.0,1,131,131,131,216,218,226,218,139,167,139,146,158,146,136,220,227,193,98,120,94,1,215,194,226,118,262,25,1,248,,22,89.3,89.3,9.9,86.2,258,28,0.071,193,112,29,132,0.0,3.1,50.0,0.075,29,212,227,112,86.2,0.0,1.0,0.0,0.0,193,0.0,258,83.6,116.33,0.0,115.67,3.1,220,258,20,238,96.94,10,0.0,20,136,116.33,238,212,77,226,93.4,218,-0.203,50.0,200,0.0,218,226,0.0,1.0,1.0,0.0,2.0,0.0,0.071,2.0,13.0,14.0,0.0,1.0,0.0,0.0,0.0,0.0,1.0,0.0,0.0,0.0,1.0,0.0,0.0,0.0,0.0,0.0,0.0,17.0,0.0,0.0,0.0,0.0,10.0,3.3,0.0,2.41,0.0,0.0,0.9,0.0,,,,,,,,,,,,,,,,,,,,,,,,,,,,,,,,,,,,,,,,,,,,,,,,,,,,,,,,,,,,,,,,,1.0,0.0,1.0,0.0,0.0,0.0,0.0,,0.0,1.0,0.0,0.0,1.0,,,,0.0,0.0,0.0,0.0,0.0,0.0,0.0,0.0,0.0,0.0,0.0,0.0,0.0,0.0,0.0,0.0,0.0,0.0,0.0,1.0,1.0,0.0,0.0,0.0,0.0,0.0,0.0,0.0,0.0,0.0,0.0,0.0,0.0,0.0,0.0,0.0,0.0,0.0,,,,,,,,0.0,0.0,0.0,0.0,0.0,,0.0,0.0,0.0,0.0,0.0,0.0,1.0,0.0,0.0,0.0,0.0,0.0,0.0,0.0,0.0,0.0,0.0,0.0,,,0.0,CLE,0.0,0.0,1.0,0.0,1.0,0.0,2023,22200008,,1.0,0.0,1.0,0.0,0.473,-0.473,,,,,,,1.0,0.0,1.0,0.0,0.536,-0.536,,,,,,,1.0,0.0,1.0,0.0,0.572,-0.572,,,,,,,,,,,,,,,,,,,,,,,,,,,,17.0,0.0,0.0,0.0,0.0,0.0,0.0,0.0,0.0,0.0,0.0,0.0,0.0,0.0,0.0,0.0,0.0,0.0,11.77,5030.0,0.95,0.51,0.45,4.7,4.2,4.28,,,TOR,CLE,20221019,2022-23,False,CLE,TOR,,,,,,,,,,,,,,,,,,,,,,,,,,,,,,,,,,,,,,,,,,,,,,,,,,,,,,,,,,,,,,,,,,,,,,,,,,,,,,,,,,,,,,,,,,,,,,,,,,,,,,,,,,,,,,
1630171,Isaac Okoro,Isaac,1610612739,CLE,22.0,1,1,0,1.0,20.316666666666663,1,4,0.25,0,2,0.0,0,0,0.0,0,2,2,0,0,1,0,0,2,1,2,-5,7.4,0,0,6.0,1,1,1,1,90,115,111,129,78,76,78,88,96,88,87,74,95,114,101,28,51,1,76,79,131,109,127,14,1,128,,44,92.9,92.9,-8.3,104.8,138,42,0.087,114,115,70,82,1.0,-11.9,0.0,0.086,70,131,114,115,104.8,0.0,4.0,0.0,0.25,114,0.0,1,99.5,99.23,0.095,102.73,-11.9,81,1,116,150,82.69,75,0.25,116,87,99.23,152,131,102,139,91.2,115,0.0,0.0,133,0.0,131,111,0.043,0.0,0.0,0.0,1.0,0.0,0.0,0.0,9.0,15.0,0.0,0.0,0.0,1.0,0.0,2.0,1.0,0.0,0.0,0.0,0.0,2.0,1.0,0.0,0.0,0.0,1.0,20.0,0.0,0.0,0.0,0.0,12.0,2.12,0.1,0.9,0.0,2.0,0.7,0.0,0.5,0.0,1.0,2.0,0.667,0.0,10.1,0.0,0.0,0.0,0.0,0.0,0.0,3.0,0.0,0.5,0.667,10.1,2.0,0.0,0.0,0.0,4.0,0.0,,,,,,,,,,,,,,,0.5,0.5,2.0,1.0,0.0,1.0,2.0,0.0,0.5,,0.0,0.5,0.5,,,,,,,,,,,,,,0.5,0.0,0.5,0.0,0.0,0.0,0.0,,0.0,2.0,0.0,0.0,2.0,,,,0.0,0.0,0.0,0.0,0.0,0.0,0.0,0.0,0.0,0.0,0.0,0.25,0.0,0.0,0.0,0.0,0.0,0.0,0.0,2.0,1.0,0.0,0.0,0.0,0.0,0.0,1.0,0.0,1.0,0.0,0.0,0.0,2.0,0.0,0.0,0.0,0.5,0.0,0.3,F-G,0.333,2.0,-0.308,6.0,0.641,0.0,0.0,0.0,2.0,0.0,,0.0,0.0,0.5,0.0,0.0,0.0,2.0,0.0,0.0,0.0,0.0,0.0,0.0,1.0,0.0,0.0,0.0,0.0,,,0.0,CLE,0.0,0.0,2.0,0.0,2.0,0.0,2023,22200039,,1.0,6.0,9.0,0.667,0.487,0.179,0.222,2.0,2.0,1.0,0.382,0.618,0.778,4.0,7.0,0.571,0.547,0.025,0.444,2.0,4.0,0.5,0.637,-0.137,0.444,2.0,4.0,0.5,0.598,-0.098,0.222,2.0,2.0,1.0,0.41,0.59,3.0,2.0,1.0,1.0,0.0,0.0,0.0,0.0,0.0,0.0,0.0,0.0,0.0,0.0,0.0,0.0,0.0,0.0,0.0,0.0,0.0,20.0,0.0,0.0,0.0,0.0,0.0,0.0,0.0,0.0,0.0,0.0,0.0,0.0,0.0,0.0,0.0,0.0,0.0,20.32,8349.0,1.58,0.76,0.82,4.41,4.52,4.31,,,CLE,WAS,20221023,2022-23,False,CLE,WAS,,,,,,,,,,,,,,,,,,,,,,,,,,,,,,,,,,,,,,,,,,,,,,,,,,,,,,,,,,,,,,,,,,,,,,,,,,,,,,,,,,,,,,,,,,,,,,,,,,,,,,,,,,,,,,
1630171,Isaac Okoro,Isaac,1610612739,CLE,22.0,1,0,1,0.0,30.61,3,5,0.6,1,3,0.333,2,3,0.667,3,3,6,5,1,0,0,0,4,2,9,18,22.7,0,0,21.0,1,71,71,71,49,66,89,34,48,54,49,37,40,55,8,55,35,18,50,57,51,1,120,39,67,5,60,12,2,63,,31,129.8,129.8,31.6,96.6,68,57,0.111,42,14,34,4,3.0,33.3,8.3,0.114,34,24,48,14,96.6,5.0,5.0,0.192,0.7,11,0.111,84,96.1,90.17,0.1,91.14,33.3,79,84,130,109,75.14,125,0.712,130,17,90.17,109,24,14,34,127.7,66,0.088,8.1,29,41.7,33,89,0.105,0.0,5.0,0.0,6.0,0.25,0.25,13.0,17.0,20.0,0.0,0.0,0.0,0.0,0.0,0.0,0.0,0.0,0.0,0.0,0.0,0.0,0.0,0.0,0.0,0.0,0.0,26.0,0.0,0.0,0.0,1.0,16.0,1.57,0.346,0.65,0.0,9.0,0.7,0.0,0.545,1.0,4.0,2.0,0.375,0.75,6.3,0.0,2.0,1.0,20.1,0.333,0.333,8.0,1.0,0.6,0.429,13.2,4.0,2.0,0.75,0.333,11.0,1.0,,,,,,,,,,,,,,,1.0,0.2,1.0,1.0,0.0,1.0,1.0,0.0,0.2,,0.0,1.0,1.0,,,,,,,,,,,,,,0.8,0.625,0.6,1.0,1.0,0.333,0.5,1.0,1.0,3.0,0.2,2.0,4.0,,,,0.0,0.0,0.0,0.0,0.0,0.0,0.0,0.0,0.0,3.0,0.0,0.7,0.0,0.333,0.0,0.0,0.0,0.0,0.0,3.0,3.0,0.0,0.0,0.333,0.333,0.0,0.0,0.0,2.0,0.0,0.0,1.0,2.0,0.0,0.0,0.0,1.0,1.0,0.341,F-G,0.556,65.0,-0.078,117.0,0.633,0.0,1.0,0.0,2.0,0.0,,0.0,0.0,1.0,0.0,0.0,0.0,3.0,0.0,0.0,0.0,0.0,0.333,0.0,2.0,0.0,0.0,0.0,0.0,,,0.0,CLE,1.0,0.333,3.0,1.0,3.0,0.5,2023,22200715,,1.0,3.0,10.0,0.3,0.482,-0.182,0.3,1.0,3.0,0.333,0.39,-0.057,0.7,2.0,7.0,0.286,0.536,-0.251,0.3,2.0,3.0,0.667,0.626,0.041,0.5,2.0,5.0,0.4,0.576,-0.176,0.5,1.0,5.0,0.2,0.397,-0.197,6.0,4.0,2.0,2.0,0.0,1.0,2.0,2.0,0.0,2.0,1.0,0.0,0.0,1.0,1.0,1.0,1.0,0.0,1.0,1.0,1.0,26.0,0.0,0.0,0.0,0.0,0.0,0.0,0.0,0.0,0.0,0.0,0.0,0.0,0.0,0.0,0.0,0.0,0.0,30.62,11296.0,2.14,0.98,1.16,3.89,4.08,4.07,,,NYK,CLE,20230124,2022-23,False,CLE,NYK,,,,,,,,,,,,,,,,,,,,,,,,,,,,,,,,,,,,,,,,,,,,,,,,,,,,,,,,,,,,,,,,,,,,,,,,,,,,,,,,,,,,,,,,,,,,,,,,,,,,,,,,,,,,,,
1630171,Isaac Okoro,Isaac,1610612739,CLE,22.0,1,1,0,1.0,27.08333333333333,2,4,0.5,1,3,0.333,2,2,1.0,1,3,4,5,0,0,2,0,0,1,7,29,25.3,0,0,21.0,1,1,1,1,86,124,128,69,53,67,64,49,56,1,48,75,78,25,117,87,8,1,1,88,116,2,73,15,2,83,,14,136.5,136.5,43.9,84.0,35,52,0.078,46,2,11,97,2.0,52.5,0.0,0.077,11,13,103,2,84.0,0.0,4.0,0.208,0.625,3,0.036,1,84.6,90.39,0.115,92.94,52.5,105,1,165,161,75.32,155,0.717,165,75,90.39,164,13,4,53,128.5,124,0.146,0.0,22,50.0,63,128,0.074,0.0,5.0,0.0,6.0,0.208,0.208,11.0,19.0,24.0,0.0,3.0,0.0,1.0,0.0,0.5,4.0,0.0,0.0,0.0,0.75,2.0,1.0,0.5,0.0,2.0,1.0,29.0,0.0,0.0,0.0,0.0,21.0,2.02,0.241,1.17,0.0,7.0,1.0,1.0,0.667,0.0,1.0,1.0,0.5,1.0,9.6,0.0,2.0,2.0,4.7,0.0,0.5,6.0,0.0,0.667,0.5,8.4,2.0,1.0,1.0,0.667,6.0,0.0,,,,,,,,,,,,,,,0.5,0.25,1.0,1.0,0.0,1.0,2.0,0.25,0.5,0.0,1.0,1.0,0.5,,1.0,1.0,0.0,1.5,1.0,0.0,0.25,0.25,1.0,1.0,1.0,0.0,0.25,0.0,0.25,0.0,0.0,0.0,0.0,,0.0,1.0,0.0,0.0,1.0,0.0,0.0,0.0,0.0,2.0,0.0,0.0,2.0,0.0,0.0,0.0,0.0,3.0,0.0,0.625,0.0,1.0,0.5,0.0,0.0,0.0,0.0,2.0,0.0,0.0,0.0,0.0,0.5,0.0,2.0,0.0,1.0,1.0,0.0,1.0,1.0,0.0,1.0,0.0,1.0,0.0,0.342,F-G,0.54,74.0,-0.088,137.0,0.628,0.0,1.0,0.0,1.0,0.0,,0.0,1.0,1.0,0.0,0.0,0.0,2.0,0.0,0.0,0.0,0.0,0.5,0.0,1.0,0.0,0.0,0.0,0.0,,,0.0,CLE,1.0,1.0,1.0,1.0,1.0,1.5,2023,22200822,,1.0,2.0,7.0,0.286,0.455,-0.169,0.286,0.0,2.0,0.0,0.388,-0.388,0.714,2.0,5.0,0.4,0.528,-0.128,0.429,0.0,3.0,0.0,0.558,-0.558,0.429,0.0,3.0,0.0,0.53,-0.53,0.429,1.0,3.0,0.333,0.403,-0.07,5.0,4.0,1.0,0.0,0.0,0.0,0.0,1.0,0.0,1.0,1.0,0.0,0.0,0.0,0.0,0.0,0.0,0.0,0.0,0.0,0.0,29.0,0.0,0.0,0.0,0.0,0.0,0.0,0.0,0.0,0.0,0.0,0.0,0.0,0.0,0.0,0.0,0.0,0.0,27.08,10047.0,1.9,1.0,0.9,3.94,3.95,3.94,,,CLE,DET,20230208,2022-23,False,CLE,DET,,,,,,,,,,,,,,,,,,,,,,,,,,,,,,,,,,,,,,,,,,,,,,,,,,,,,,,,,,,,,,,,,,,,,,,,,,,,,,,,,,,,,,,,,,,,,,,,,,,,,,,,,,,,,,
1630171,Isaac Okoro,Isaac,1610612739,CLE,22.0,1,1,0,1.0,28.99,5,7,0.714,3,4,0.75,0,0,0.0,0,0,0,2,1,2,0,0,2,0,13,9,21.0,0,0,22.0,1,1,1,1,44,39,72,20,13,45,10,79,81,79,77,127,133,54,57,12,35,1,71,101,47,21,62,8,1,50,,32,113.8,113.8,20.3,95.0,53,58,0.129,84,29,30,25,5.0,18.8,10.0,0.131,30,47,133,29,95.0,2.0,7.0,0.1,0.929,57,0.0,84,95.8,97.69,0.0,96.3,18.8,127,84,94,111,81.41,108,0.929,94,77,97.69,116,47,26,11,116.1,39,0.115,10.0,47,20.0,14,72,0.0,0.0,2.0,0.0,2.0,0.125,0.125,4.0,17.0,16.0,0.0,1.0,0.0,0.0,0.0,0.0,2.0,0.0,0.0,0.0,0.5,0.0,1.0,0.5,0.0,1.0,0.0,24.0,2.0,0.0,0.0,0.0,17.0,1.47,0.542,0.46,0.0,13.0,0.6,2.0,,,,,,,,,,,,,,,,,,,,,,,,,1.0,0.143,1.0,1.0,1.0,0.0,1.0,1.0,0.0,,1.0,0.143,1.0,0.0,0.5,0.286,2.0,1.0,0.0,1.0,2.0,0.0,0.286,,0.0,0.5,0.5,,,,,,,,,,,,,,0.571,1.125,0.571,0.0,0.0,0.75,0.75,,3.0,4.0,0.0,3.0,4.0,,,,0.0,0.0,0.0,0.0,0.0,0.0,1.0,0.0,0.0,9.0,4.0,0.929,0.0,0.75,0.75,0.0,2.0,1.0,0.0,4.0,0.0,0.0,0.0,0.0,0.75,0.0,4.0,0.0,1.0,3.0,0.0,3.0,1.0,0.5,0.0,0.0,1.0,0.0,0.329,F-G,0.544,86.0,-0.083,158.0,0.627,,3.0,1.0,1.0,0.0,,0.5,0.0,1.0,0.0,2.0,0.0,4.0,0.0,0.0,0.0,0.0,0.75,0.0,1.0,,,0.0,0.0,,,0.0,CLE,3.0,0.75,4.0,3.0,4.0,1.125,2023,22200987,,1.0,2.0,6.0,0.333,0.428,-0.095,0.833,2.0,5.0,0.4,0.356,0.044,0.167,0.0,1.0,0.0,0.505,-0.505,,,,,,,0.167,0.0,1.0,0.0,0.577,-0.577,0.833,2.0,5.0,0.4,0.371,0.029,1.0,1.0,0.0,2.0,0.0,0.0,0.0,0.0,0.0,0.0,0.0,0.0,0.0,1.0,1.0,1.0,0.0,0.0,1.0,1.0,0.0,24.0,0.0,0.0,0.0,0.0,0.0,0.0,0.0,0.0,0.0,0.0,0.0,0.0,0.0,0.0,0.0,0.0,0.0,28.98,11170.0,2.12,1.06,1.06,4.09,4.26,4.29,,,MIA,CLE,20230308,2022-23,False,CLE,MIA,,,,,,,,,,,,,,,,,,,,,,,,,,,,,,,,,,,,,,,,,,,,,,,,,,,,,,,,,,,,,,,,,,,,,,,,,,,,,,,,,,,,,,,,,,,,,,,,,,,,,,,,,,,,,,
1630171,Isaac Okoro,Isaac,1610612739,CLE,22.0,1,0,1,0.0,13.12,0,3,0.0,0,1,0.0,0,0,0.0,0,0,0,1,0,0,0,0,4,1,0,-10,1.5,0,0,1.0,1,83,83,83,135,144,127,144,92,108,92,88,93,88,82,146,153,86,109,77,56,1,147,73,146,129,158,12,2,158,,118,82.1,82.1,-32.0,113.8,167,28,0.094,69,143,116,94,0.0,-31.7,0.0,0.1,116,149,153,143,113.8,0.0,3.0,0.143,0.0,40,0.0,1,114.0,104.27,0.0,104.34,-31.7,146,1,56,137,86.89,57,0.0,56,82,104.27,135,149,146,146,81.9,144,-0.15,0.0,149,25.0,144,127,0.0,0.0,2.0,1.0,2.0,0.1,0.2,3.0,11.0,10.0,0.0,0.0,0.0,0.0,0.0,0.0,1.0,0.0,0.0,0.0,0.0,0.0,1.0,0.0,0.0,0.0,0.0,13.0,0.0,0.0,0.0,0.0,6.0,1.77,0.0,1.38,0.0,0.0,0.4,0.0,,,,,,,,,,,,,,,,,,,,,,,,,,,,,,,,,,,,,,,0.0,0.667,2.0,0.0,0.0,0.0,2.0,0.0,0.667,,0.0,0.0,0.0,,,,,,,,,,,,,,0.333,0.0,0.333,0.0,0.0,0.0,0.0,,0.0,1.0,0.0,0.0,1.0,,,,0.0,0.0,0.0,0.0,0.0,0.0,0.0,0.0,0.0,0.0,0.0,0.0,0.0,0.0,0.0,0.0,1.0,0.0,,1.0,0.0,,,0.0,0.0,0.0,1.0,0.0,0.0,0.0,0.0,0.0,1.0,0.0,0.0,0.0,0.0,0.0,0.326,F-G,0.553,26.0,-0.08,47.0,0.633,0.0,0.0,0.0,1.0,,,0.0,0.0,0.0,0.0,0.0,0.0,1.0,0.0,0.0,,,0.0,0.0,0.0,0.0,0.0,1.0,0.0,,,0.0,CLE,0.0,0.0,1.0,0.0,1.0,0.0,2023,22200348,,1.0,2.0,4.0,0.5,0.511,-0.011,,,,,,,1.0,2.0,4.0,0.5,0.563,-0.063,0.75,1.0,3.0,0.333,0.617,-0.284,1.0,2.0,4.0,0.5,0.606,-0.106,,,,,,,,,,,,,,,,,,,,,,,,,,,,13.0,0.0,0.0,0.0,0.0,0.0,0.0,0.0,0.0,0.0,0.0,0.0,0.0,0.0,0.0,0.0,0.0,0.0,13.12,5354.0,1.01,0.5,0.51,4.28,4.18,4.38,,,NYK,CLE,20221204,2022-23,False,CLE,NYK,,,,,,,,,,,,,,,,,,,,,,,,,,,,,,,,,,,,,,,,,,,,,,,,,,,,,,,,,,,,,,,,,,,,,,,,,,,,,,,,,,,,,,,,,,,,,,,,,,,,,,,,,,,,,,
1630171,Isaac Okoro,Isaac,1610612739,CLE,22.0,1,1,0,1.0,2.75,0,1,0.0,0,0,0.0,0,0,0.0,1,0,1,0,2,0,0,0,2,1,0,2,-0.8,0,0,1.0,1,1,1,1,53,46,49,46,30,40,30,25,27,25,17,49,45,36,15,32,22,1,32,24,48,23,60,6,1,51,,2,80.0,80.0,30.0,40.0,61,5,0.5,36,4,2,29,0.0,40.0,66.7,0.5,2,52,1,4,40.0,0.0,1.0,0.0,0.0,36,0.5,60,50.0,87.27,0.0,78.55,40.0,49,60,57,2,72.73,57,0.0,57,1,87.27,2,52,7,48,80.0,46,-4.5,66.7,52,0.0,46,49,0.25,0.0,0.0,0.0,0.0,0.0,0.0,0.0,3.0,2.0,0.0,1.0,0.0,0.0,0.0,0.0,2.0,0.0,0.0,0.0,0.5,0.0,1.0,0.0,0.0,0.0,0.0,5.0,0.0,0.0,0.0,0.0,4.0,1.66,0.0,1.2,0.0,0.0,0.1,2.0,0.5,0.0,1.0,0.0,0.0,1.0,0.0,0.0,0.0,0.0,5.8,0.0,0.0,1.0,0.0,0.5,0.0,5.8,1.0,1.0,1.0,0.0,2.0,0.0,,,,,,,,,,,,,,,0.0,1.0,1.0,0.0,0.0,0.0,1.0,0.0,1.0,,0.0,0.0,0.0,,,,,,,,,,,,,,,,,,,,,,,,,,,,,,,0.0,0.0,0.0,,0.0,0.0,0.0,0.0,0.0,0.0,0.0,0.0,0.0,,0.0,0.0,0.0,0.0,0.0,0.0,0.0,0.0,0.0,0.0,0.0,,0.0,0.0,,0.0,0.0,1.0,0.0,0.0,0.0,0.0,0.0,0.231,F-G,1.0,3.0,0.335,3.0,0.665,,0.0,0.0,1.0,0.0,,0.0,0.0,0.0,0.0,0.0,,0.0,,0.0,0.0,0.0,0.0,0.0,0.0,,,0.0,0.0,,,,CLE,0.0,,,,0.0,,2023,42200132,,1.0,1.0,2.0,0.5,0.488,0.012,0.5,0.0,1.0,0.0,0.398,-0.398,0.5,1.0,1.0,1.0,0.524,0.476,,,,,,,,,,,,,1.0,1.0,2.0,0.5,0.423,0.077,1.0,1.0,0.0,0.0,1.0,0.0,0.0,0.0,0.0,0.0,0.0,0.0,0.0,0.0,0.0,0.0,0.0,0.0,0.0,0.0,0.0,5.0,0.0,0.0,0.0,0.0,0.0,0.0,0.0,0.0,0.0,0.0,0.0,0.0,0.0,0.0,0.0,0.0,0.0,2.75,1009.0,0.19,0.08,0.11,4.25,4.5,4.03,1610612752.0,CLE_NYK_2023,CLE,NYK,20230418,2022-23,True,CLE,NYK,,,,,,,,,,,,,,,,,,,,,,,,,,,,,,,,,,,,,,,,,,,,,,,,,,,,,,,,,,,,,,,,,,,,,,,,,,,,,,,,,,,,,,,,,,,,,,,,,,,,,,,,,,,,,,
1630171,Isaac Okoro,Isaac,1610612739,CLE,22.0,1,1,0,1.0,26.183333333333334,2,4,0.5,0,1,0.0,0,0,0.0,1,3,4,1,1,1,1,0,2,0,4,5,15.3,0,0,13.0,1,1,1,1,73,103,111,65,87,102,87,97,102,97,47,62,69,80,58,33,19,1,73,116,126,48,107,17,4,111,,33,109.1,109.1,8.7,101.9,132,55,0.082,118,70,44,50,2.0,7.2,16.7,0.08,44,102,92,70,101.9,1.0,4.0,0.048,0.5,76,0.033,133,97.3,99.91,0.12,103.69,7.2,82,132,80,152,83.26,55,0.5,80,69,99.91,155,102,68,110,106.0,103,0.044,16.7,112,16.7,91,111,0.073,0.0,1.0,0.0,1.0,0.053,0.053,2.0,13.0,19.0,0.0,0.0,0.0,1.0,0.0,2.0,1.0,0.0,0.0,0.0,0.0,2.0,1.0,0.0,0.0,0.0,1.0,24.0,0.0,0.0,0.0,3.0,15.0,1.97,0.167,1.38,0.0,4.0,0.8,1.0,0.8,1.0,2.0,3.0,1.0,1.0,8.8,1.0,0.0,0.0,10.2,0.0,0.0,3.0,0.0,1.0,1.0,9.1,4.0,1.0,0.5,0.0,5.0,0.0,1.0,0.25,1.0,1.0,1.0,0.0,1.0,1.0,0.0,,1.0,0.25,1.0,0.0,0.5,0.5,2.0,1.0,0.0,1.0,2.0,0.0,0.5,,0.0,0.5,0.5,,,,,,,,,,,,,,0.25,0.0,0.25,0.0,0.0,0.0,0.0,,0.0,1.0,0.0,0.0,1.0,,,,0.0,0.0,0.0,0.0,0.0,0.0,0.0,0.0,0.0,0.0,0.0,0.5,0.0,0.0,0.0,0.0,0.0,0.0,0.0,1.0,1.0,0.0,0.0,0.0,0.0,0.0,0.0,0.0,2.0,0.0,0.0,0.0,3.0,0.0,0.0,0.0,0.667,0.0,0.326,F-G,0.555,96.0,-0.07,173.0,0.625,0.0,0.0,0.0,3.0,0.0,,0.0,0.0,0.667,0.0,0.0,0.0,1.0,0.0,0.0,0.0,0.0,0.0,0.0,2.0,0.0,0.0,0.0,0.0,,,0.0,CLE,0.0,0.0,1.0,0.0,1.0,0.0,2023,22201049,,1.0,5.0,8.0,0.625,0.488,0.137,0.125,0.0,1.0,0.0,0.382,-0.382,0.875,5.0,7.0,0.714,0.547,0.168,0.375,2.0,3.0,0.667,0.634,0.033,0.625,4.0,5.0,0.8,0.599,0.201,0.125,0.0,1.0,0.0,0.41,-0.41,4.0,3.0,1.0,2.0,0.0,0.0,0.0,0.0,0.0,0.0,0.0,0.0,0.0,0.0,0.0,0.0,0.0,0.0,0.0,0.0,0.0,24.0,0.0,0.0,0.0,0.0,0.0,0.0,0.0,0.0,0.0,0.0,0.0,0.0,0.0,0.0,0.0,0.0,0.0,26.18,10620.0,2.01,0.96,1.05,4.28,4.38,4.59,,,CLE,WAS,20230317,2022-23,False,CLE,WAS,,,,,,,,,,,,,,,,,,,,,,,,,,,,,,,,,,,,,,,,,,,,,,,,,,,,,,,,,,,,,,,,,,,,,,,,,,,,,,,,,,,,,,,,,,,,,,,,,,,,,,,,,,,,,,
1630171,Isaac Okoro,Isaac,1610612739,CLE,22.0,1,0,1,0.0,18.453333333333333,1,5,0.2,0,1,0.0,2,3,0.667,1,0,1,0,1,1,0,0,5,3,4,-9,7.2,0,0,7.0,1,84,84,84,116,128,111,139,94,113,94,47,46,67,48,136,129,126,57,28,52,1,155,33,124,138,138,17,1,138,,133,100.0,100.0,-31.9,118.9,160,35,0.159,126,131,109,83,1.0,-18.9,14.3,0.168,109,129,130,131,118.9,0.0,5.0,0.0,0.2,126,0.045,115,127.5,93.64,0.0,92.55,-18.9,136,116,144,100,78.03,151,0.316,144,63,93.64,99,129,146,131,95.5,128,-0.088,13.7,138,0.0,140,111,0.031,0.0,0.0,0.0,0.0,0.0,0.0,0.0,9.0,10.0,0.0,0.0,0.0,0.0,0.0,0.0,1.0,0.0,0.0,0.0,0.0,0.0,1.0,0.0,0.0,0.0,0.0,17.0,0.0,0.0,0.0,0.0,12.0,1.35,0.235,0.41,0.0,4.0,0.4,2.0,0.25,0.0,4.0,0.0,0.0,0.25,0.0,0.0,0.0,0.0,6.1,0.0,0.0,0.0,0.0,0.25,0.0,6.1,1.0,1.0,0.25,0.0,4.0,0.0,1.0,0.4,0.5,0.5,2.0,0.0,1.0,1.0,0.0,,2.0,0.4,0.5,0.0,0.0,0.4,2.0,0.0,0.0,0.0,2.0,0.0,0.4,,0.0,0.0,0.0,,,,,,,,,,,,,,0.2,0.0,0.2,0.0,0.0,0.0,0.0,,0.0,1.0,0.0,0.0,1.0,,,,0.0,0.0,0.0,0.0,0.0,0.0,0.0,0.0,0.0,0.0,0.0,0.2,0.0,0.0,0.0,0.0,1.0,0.0,0.0,1.0,1.0,0.0,0.0,0.0,0.0,0.0,0.0,0.0,1.0,0.0,0.0,0.0,3.0,0.0,0.0,0.0,0.333,0.0,0.339,F-G,0.579,11.0,-0.068,19.0,0.647,,0.0,0.0,3.0,0.0,,0.0,0.0,0.333,0.0,1.0,0.0,1.0,0.0,0.0,0.0,0.0,0.0,0.0,1.0,,,0.0,0.0,,,0.0,CLE,0.0,0.0,1.0,0.0,1.0,0.0,2023,22200182,,1.0,4.0,5.0,0.8,0.462,0.338,0.4,2.0,2.0,1.0,0.372,0.628,0.6,2.0,3.0,0.667,0.556,0.111,0.6,2.0,3.0,0.667,0.644,0.022,0.6,2.0,3.0,0.667,0.614,0.052,0.4,2.0,2.0,1.0,0.381,0.619,2.0,0.0,2.0,0.0,0.0,0.0,0.0,0.0,1.0,1.0,0.0,1.0,0.0,0.0,0.0,0.0,0.0,0.0,0.0,0.0,0.0,17.0,0.0,0.0,0.0,0.0,0.0,0.0,0.0,0.0,0.0,0.0,0.0,0.0,0.0,0.0,0.0,0.0,0.0,18.45,6945.0,1.32,0.65,0.66,4.03,3.97,4.78,,,GSW,CLE,20221111,2022-23,False,CLE,GSW,,,,,,,,,,,,,,,,,,,,,,,,,,,,,,,,,,,,,,,,,,,,,,,,,,,,,,,,,,,,,,,,,,,,,,,,,,,,,,,,,,,,,,,,,,,,,,,,,,,,,,,,,,,,,,
1630171,Isaac Okoro,Isaac,1610612739,CLE,22.0,1,1,0,1.0,29.951666666666668,2,2,1.0,1,1,1.0,2,2,1.0,1,6,7,0,0,1,0,0,3,2,7,14,18.4,0,0,17.0,1,1,1,1,63,112,153,1,58,127,1,56,71,1,35,21,21,132,113,29,51,1,131,60,108,20,103,19,3,100,,7,112.3,112.3,36.2,83.3,25,57,0.048,132,32,7,89,2.0,28.9,0.0,0.047,7,91,55,32,83.3,0.0,2.0,0.0,1.25,132,0.038,1,78.1,93.75,0.162,96.19,28.9,63,1,154,176,78.13,137,1.215,154,57,93.75,177,91,19,4,114.3,112,0.167,0.0,86,0.0,3,153,0.111,0.0,0.0,0.0,0.0,0.0,0.0,0.0,4.0,17.0,0.0,0.0,0.0,0.0,0.0,0.0,0.0,0.0,0.0,0.0,0.0,0.0,0.0,0.0,0.0,0.0,0.0,21.0,0.0,0.0,0.0,1.0,10.0,1.46,0.333,0.48,0.0,7.0,0.5,0.0,0.778,0.0,2.0,6.0,0.75,0.5,12.2,0.0,0.0,0.0,14.6,0.0,0.0,8.0,0.0,0.778,0.75,12.6,7.0,1.0,0.5,0.0,9.0,0.0,,,,,,,,,,,,,,,1.0,0.5,1.0,1.0,0.0,1.0,1.0,0.0,0.5,,0.0,1.0,1.0,,,,,,,,,,,,,,0.5,1.5,0.5,0.0,0.0,1.0,1.0,,1.0,1.0,0.0,1.0,1.0,,,,0.0,0.0,0.0,0.0,0.0,0.0,0.0,0.0,0.0,3.0,0.0,1.25,0.0,1.0,0.0,0.0,0.0,0.0,0.0,1.0,1.0,0.0,0.0,1.0,1.0,0.0,0.0,0.0,1.0,0.0,0.0,1.0,1.0,0.0,0.0,0.0,1.0,1.0,0.289,F-G,0.606,20.0,-0.037,33.0,0.643,0.0,1.0,0.0,1.0,0.0,,0.0,0.0,1.0,0.0,0.0,0.0,1.0,0.0,0.0,0.0,0.0,1.0,0.0,1.0,0.0,0.0,0.0,0.0,,,0.0,CLE,1.0,1.0,1.0,1.0,1.0,1.5,2023,22200295,,1.0,7.0,11.0,0.636,0.467,0.169,0.182,1.0,2.0,0.5,0.284,0.216,0.818,6.0,9.0,0.667,0.493,0.174,0.273,2.0,3.0,0.667,0.602,0.065,0.364,2.0,4.0,0.5,0.573,-0.073,0.273,1.0,3.0,0.333,0.327,0.006,6.0,4.0,2.0,1.0,0.0,0.0,0.0,0.0,0.0,0.0,0.0,0.0,0.0,1.0,1.0,1.0,1.0,0.0,1.0,1.0,1.0,21.0,0.0,0.0,0.0,0.0,0.0,0.0,0.0,0.0,0.0,0.0,0.0,0.0,0.0,0.0,0.0,0.0,0.0,29.95,10853.0,2.06,0.93,1.12,3.94,3.56,3.93,,,DET,CLE,20221127,2022-23,False,CLE,DET,,,,,,,,,,,,,,,,,,,,,,,,,,,,,,,,,,,,,,,,,,,,,,,,,,,,,,,,,,,,,,,,,,,,,,,,,,,,,,,,,,,,,,,,,,,,,,,,,,,,,,,,,,,,,,
1630171,Isaac Okoro,Isaac,1610612739,CLE,22.0,1,1,0,1.0,20.418333333333333,0,4,0.0,0,2,0.0,0,0,0.0,0,3,3,2,0,1,0,0,4,0,0,14,9.6,0,0,7.0,1,1,1,1,73,113,88,113,72,69,72,64,72,64,66,50,63,46,80,21,31,1,114,88,114,18,96,11,2,101,,31,141.5,141.5,36.2,102.3,118,41,0.093,80,9,34,68,0.0,39.1,0.0,0.09,34,12,60,9,102.3,0.0,4.0,0.087,0.0,20,0.0,1,99.8,98.73,0.12,101.93,39.1,62,1,67,116,82.28,43,0.0,67,66,98.73,119,12,13,114,136.0,113,-0.022,0.0,16,33.3,113,88,0.081,0.0,2.0,0.0,2.0,0.167,0.167,5.0,7.0,12.0,0.0,0.0,0.0,0.0,0.0,0.0,2.0,0.0,0.0,0.0,0.0,0.0,2.0,0.0,0.0,0.0,0.0,16.0,0.0,0.0,0.0,0.0,7.0,1.47,0.0,0.69,0.0,0.0,0.4,0.0,0.6,1.0,0.0,1.0,0.6,0.0,6.5,0.0,2.0,2.0,0.0,0.0,0.667,5.0,1.0,0.75,0.75,6.5,1.0,0.0,0.0,0.667,5.0,0.0,,,,,,,,,,,,,,,0.0,0.5,2.0,0.0,0.0,0.0,2.0,0.0,0.5,,0.0,0.0,0.0,,,,,,,,,,,,,,0.5,0.0,0.5,0.0,0.0,0.0,0.0,,0.0,2.0,0.0,0.0,2.0,,,,0.0,0.0,0.0,0.0,0.0,0.0,0.0,0.0,0.0,0.0,0.0,0.0,0.0,0.0,0.0,0.0,0.0,0.0,0.0,2.0,1.0,0.0,0.0,0.0,0.0,0.0,1.0,0.0,0.0,0.0,0.0,0.0,2.0,0.0,0.0,0.0,0.0,0.0,0.323,F-G,0.549,96.0,-0.078,175.0,0.626,,0.0,0.0,2.0,0.0,,0.0,0.0,0.0,0.0,0.0,0.0,2.0,0.0,0.0,0.0,0.0,0.0,0.0,0.0,,,0.0,0.0,,,0.0,CLE,0.0,0.0,2.0,0.0,2.0,0.0,2023,22201079,,1.0,4.0,11.0,0.364,0.477,-0.114,0.455,0.0,5.0,0.0,0.381,-0.381,0.545,4.0,6.0,0.667,0.554,0.113,0.182,0.0,2.0,0.0,0.713,-0.713,0.273,1.0,3.0,0.333,0.617,-0.283,0.636,2.0,7.0,0.286,0.393,-0.108,4.0,2.0,2.0,2.0,0.0,1.0,3.0,0.0,0.0,0.0,0.0,0.0,0.0,0.0,0.0,0.0,0.0,0.0,0.0,0.0,0.0,16.0,0.0,0.0,0.0,0.0,0.0,0.0,0.0,0.0,0.0,0.0,0.0,0.0,0.0,0.0,0.0,0.0,0.0,20.42,7912.0,1.5,0.69,0.81,4.15,4.5,3.89,,,BKN,CLE,20230321,2022-23,False,CLE,BKN,,,,,,,,,,,,,,,,,,,,,,,,,,,,,,,,,,,,,,,,,,,,,,,,,,,,,,,,,,,,,,,,,,,,,,,,,,,,,,,,,,,,,,,,,,,,,,,,,,,,,,,,,,,,,,
1630171,Isaac Okoro,Isaac,1610612739,CLE,22.0,1,1,0,1.0,28.666666666666668,4,8,0.5,2,4,0.5,1,2,0.5,0,4,4,1,1,2,0,0,1,1,11,2,22.3,0,0,22.0,1,1,1,1,70,74,82,68,37,54,31,81,61,85,95,39,71,96,54,11,50,1,25,85,79,71,80,15,2,75,,53,119.3,119.3,2.6,113.8,88,57,0.152,127,70,47,60,4.0,5.5,9.1,0.151,47,99,68,70,113.8,1.0,8.0,0.045,0.625,124,0.0,111,113.9,96.28,0.211,97.42,5.5,30,106,135,112,80.23,128,0.619,135,95,96.28,116,99,80,76,116.4,74,0.091,9.2,114,9.1,65,82,0.085,0.0,1.0,0.0,1.0,0.05,0.05,2.0,17.0,20.0,0.0,1.0,0.0,0.0,0.0,0.0,3.0,0.0,0.0,0.0,0.333,0.0,2.0,0.0,0.0,0.0,0.0,30.0,0.0,0.0,0.0,0.0,14.0,2.09,0.367,1.5,0.0,11.0,1.0,0.0,1.0,0.0,0.0,3.0,1.0,0.0,15.1,0.0,1.0,1.0,0.0,0.0,0.25,4.0,0.0,1.0,1.0,15.1,3.0,0.0,0.0,0.25,4.0,0.0,,,,,,,,,,,,,,,0.5,0.25,2.0,1.0,0.0,1.0,2.0,0.0,0.25,,0.0,0.5,0.5,0.5,2.0,0.0,1.0,0.5,0.0,2.0,0.25,0.0,,0.5,1.0,0.25,0.5,0.75,0.5,0.0,0.0,0.5,0.5,,2.0,4.0,0.0,2.0,4.0,,,,0.0,0.0,0.0,0.0,0.0,0.0,0.0,0.0,0.0,6.0,0.0,0.625,0.0,0.5,0.5,0.0,0.0,0.0,0.0,4.0,,0.0,0.0,,0.5,0.0,4.0,0.0,2.0,2.0,0.0,2.0,4.0,0.0,0.0,0.0,0.5,,0.334,F-G,0.584,59.0,-0.052,101.0,0.636,0.0,2.0,0.0,4.0,0.0,,0.0,0.0,0.5,0.0,0.0,0.0,4.0,0.0,0.0,0.0,0.0,0.5,0.0,2.0,0.0,0.0,0.0,0.0,,,0.0,CLE,2.0,0.5,4.0,2.0,4.0,0.75,2023,22200658,,1.0,4.0,9.0,0.444,0.466,-0.022,0.111,0.0,1.0,0.0,0.387,-0.387,0.889,4.0,8.0,0.5,0.514,-0.014,0.222,2.0,2.0,1.0,0.626,0.375,0.444,2.0,4.0,0.5,0.578,-0.078,0.444,2.0,4.0,0.5,0.384,0.116,4.0,4.0,0.0,1.0,0.0,0.0,0.0,0.0,1.0,1.0,0.0,1.0,0.0,0.0,0.0,0.0,0.0,0.0,0.0,0.0,0.0,30.0,0.0,0.0,0.0,0.0,0.0,0.0,0.0,0.0,0.0,0.0,0.0,0.0,0.0,0.0,0.0,0.0,0.0,28.67,10880.0,2.06,1.0,1.06,4.11,3.77,4.46,,,CLE,NOP,20230116,2022-23,False,CLE,NOP,,,,,,,,,,,,,,,,,,,,,,,,,,,,,,,,,,,,,,,,,,,,,,,,,,,,,,,,,,,,,,,,,,,,,,,,,,,,,,,,,,,,,,,,,,,,,,,,,,,,,,,,,,,,,,
1630171,Isaac Okoro,Isaac,1610612739,CLE,22.0,1,0,1,0.0,19.721666666666668,4,5,0.8,2,3,0.667,0,0,0.0,0,1,1,2,0,2,0,0,3,1,10,1,20.2,0,0,19.0,1,41,41,41,46,28,46,6,13,35,4,37,38,37,41,55,58,33,45,3,23,1,52,35,33,33,39,13,2,37,,38,111.4,111.4,6.2,105.6,4,35,0.135,20,28,32,40,4.0,5.9,0.0,0.141,32,35,62,28,105.6,0.0,5.0,0.2,1.0,20,0.0,1,106.7,86.4,0.048,85.33,5.9,60,1,80,47,72.0,79,1.0,80,41,86.4,47,35,26,4,113.0,28,0.202,0.0,23,28.6,3,46,0.027,0.0,2.0,0.0,3.0,0.125,0.125,5.0,15.0,16.0,0.0,0.0,0.0,0.0,0.0,0.0,0.0,0.0,0.0,0.0,0.0,0.0,0.0,0.0,0.0,0.0,0.0,22.0,0.667,0.0,0.0,1.0,14.0,1.85,0.455,0.45,0.0,10.0,0.7,3.0,0.5,0.0,0.0,1.0,0.5,0.0,13.4,0.0,0.0,0.0,0.0,0.0,0.0,2.0,0.0,0.5,0.5,13.4,1.0,0.0,0.0,0.0,2.0,0.0,,,,,,,,,,,,,,,1.0,0.2,1.0,1.0,0.0,1.0,1.0,0.0,0.2,,0.0,1.0,1.0,1.0,1.0,0.0,1.0,1.0,0.0,1.0,0.2,0.0,,1.0,1.0,0.2,0.6,1.0,0.6,0.0,0.0,0.667,0.667,,2.0,3.0,0.0,2.0,3.0,,,,0.0,0.0,0.0,0.0,0.0,0.0,1.0,0.0,0.0,6.0,2.0,1.0,0.0,0.667,1.0,0.0,0.0,0.0,0.0,2.0,1.0,0.0,0.0,1.0,1.0,0.0,1.0,0.0,2.0,1.0,0.0,2.0,2.0,0.0,1.0,0.0,1.0,1.0,0.139,F-G,0.8,4.0,0.14,5.0,0.66,0.0,2.0,0.0,2.0,0.0,,0.0,1.0,1.0,0.0,0.0,0.0,2.0,0.0,0.0,0.0,0.0,1.0,0.0,2.0,0.0,0.0,0.0,0.0,,,0.0,CLE,2.0,0.667,3.0,2.0,3.0,1.0,2023,42200135,,1.0,3.0,10.0,0.3,0.473,-0.173,0.5,1.0,5.0,0.2,0.359,-0.159,0.5,2.0,5.0,0.4,0.528,-0.128,0.1,1.0,1.0,1.0,0.621,0.379,0.2,2.0,2.0,1.0,0.585,0.416,0.5,1.0,5.0,0.2,0.359,-0.159,7.0,4.0,3.0,2.0,0.0,0.0,0.0,0.0,0.0,0.0,0.0,0.0,0.0,1.0,1.0,1.0,0.0,0.0,1.0,1.0,0.0,22.0,0.0,0.0,0.0,0.0,0.0,0.0,0.0,0.0,0.0,0.0,0.0,0.0,0.0,0.0,0.0,0.0,0.0,19.72,7519.0,1.42,0.67,0.76,3.97,4.06,4.46,1610612752.0,CLE_NYK_2023,CLE,NYK,20230426,2022-23,True,CLE,NYK,,,,,,,,,,,,,,,,,,,,,,,,,,,,,,,,,,,,,,,,,,,,,,,,,,,,,,,,,,,,,,,,,,,,,,,,,,,,,,,,,,,,,,,,,,,,,,,,,,,,,,,,,,,,,,
1630171,Isaac Okoro,Isaac,1610612739,CLE,22.0,1,1,0,1.0,29.801666666666662,4,5,0.8,3,4,0.75,0,0,0.0,0,1,1,1,0,0,0,0,3,0,11,-8,13.7,0,0,16.0,1,1,1,1,24,28,53,8,7,28,7,36,41,36,41,58,67,46,56,44,25,1,65,54,33,62,56,6,2,48,,53,113.3,113.3,-3.5,122.6,52,60,0.071,67,44,59,51,4.0,-9.2,0.0,0.074,59,32,72,44,122.6,0.0,5.0,0.05,1.1,39,0.0,1,119.3,98.25,0.033,98.57,-9.2,70,1,53,73,81.87,61,1.1,53,41,98.25,74,32,37,4,115.8,28,0.069,0.0,27,16.7,4,53,0.016,0.0,1.0,0.0,2.0,0.071,0.071,3.0,14.0,14.0,0.0,1.0,0.0,1.0,0.0,1.0,2.0,0.0,0.0,0.0,0.5,2.0,1.0,0.5,0.0,1.0,1.0,19.0,0.0,0.0,0.0,0.0,14.0,1.91,0.579,0.47,0.0,11.0,0.6,0.0,0.2,0.0,2.0,1.0,0.333,0.0,8.1,0.0,0.0,0.0,0.0,0.0,0.0,3.0,0.0,0.2,0.333,8.1,1.0,0.0,0.0,0.0,5.0,0.0,,,,,,,,,,,,,,,1.0,0.2,1.0,1.0,0.0,1.0,1.0,0.0,0.2,,0.0,1.0,1.0,,,,,,,,,,,,,,0.8,1.125,0.8,0.0,0.0,0.75,0.75,,3.0,4.0,0.0,3.0,4.0,,,,0.0,0.0,0.0,0.0,0.0,0.0,0.0,0.0,0.0,9.0,0.0,1.1,0.0,0.75,0.5,0.0,0.0,0.0,0.0,4.0,2.0,0.0,0.0,1.0,0.75,0.0,2.0,0.0,1.0,1.0,0.0,3.0,1.0,0.0,0.0,0.0,1.0,2.0,0.325,F-G,0.547,98.0,-0.08,179.0,0.628,0.0,3.0,0.0,1.0,0.0,0.0,0.0,0.0,1.0,0.0,0.0,0.0,4.0,0.0,0.0,0.0,0.0,0.75,0.0,1.0,0.0,0.0,0.0,0.0,0.0,0.0,0.0,CLE,3.0,0.75,4.0,3.0,4.0,1.125,2023,22201094,,1.0,6.0,9.0,0.667,0.511,0.156,0.111,1.0,1.0,1.0,0.383,0.617,0.889,5.0,8.0,0.625,0.56,0.065,0.444,2.0,4.0,0.5,0.682,-0.182,0.556,2.0,5.0,0.4,0.617,-0.217,0.111,1.0,1.0,1.0,0.401,0.599,3.0,2.0,1.0,0.0,0.0,0.0,0.0,0.0,0.0,0.0,0.0,0.0,0.0,0.0,0.0,0.0,0.0,0.0,0.0,0.0,0.0,19.0,0.0,0.0,0.0,0.0,0.0,0.0,0.0,0.0,0.0,0.0,0.0,0.0,0.0,0.0,0.0,0.0,0.0,29.8,11067.0,2.1,1.01,1.09,4.0,3.73,4.26,,,BKN,CLE,20230323,2022-23,False,CLE,BKN,,,,,,,,,,,,,,,,,,,,,,,,,,,,,,,,,,,,,,,,,,,,,,,,,,,,,,,,,,,,,,,,,,,,,,,,,,,,,,,,,,,,,,,,,,,,,,,,,,,,,,,,,,,,,,
1630171,Isaac Okoro,Isaac,1610612739,CLE,22.0,1,0,1,0.0,22.675,1,6,0.167,0,4,0.0,4,4,1.0,2,1,3,2,0,0,0,0,3,4,6,6,12.6,0,0,11.0,1,41,41,41,44,59,40,66,44,23,44,7,10,1,10,55,47,26,53,39,22,1,48,9,46,22,58,8,1,60,,2,100.0,100.0,15.7,85.1,64,46,0.145,36,19,3,45,1.0,14.9,0.0,0.144,3,54,54,19,85.1,0.0,6.0,0.118,0.167,24,0.074,1,84.4,98.43,0.036,98.82,14.9,64,1,49,49,82.03,36,0.387,49,19,98.43,51,54,23,58,100.1,59,0.03,0.0,54,20.0,67,40,0.055,0.0,2.0,0.0,2.0,0.1,0.1,4.0,17.0,20.0,0.0,2.0,0.0,0.0,0.0,0.0,4.0,0.0,0.0,0.0,0.5,0.0,1.0,0.25,0.0,1.0,0.0,29.0,1.0,0.0,0.0,0.0,20.0,1.74,0.207,0.79,0.0,6.0,0.8,2.0,0.6,0.0,4.0,1.0,1.0,0.5,8.8,0.0,2.0,0.0,4.0,1.0,0.667,1.0,0.0,0.6,1.0,5.6,1.0,0.0,0.5,0.0,5.0,2.0,,,,,,,,,,,,,,,0.5,0.333,2.0,1.0,0.0,1.0,2.0,0.0,0.333,,0.0,0.5,0.5,,1.0,1.0,0.0,0.0,0.0,0.0,0.167,0.167,0.0,0.0,0.0,0.0,0.5,0.0,0.5,0.0,0.0,0.0,0.0,,0.0,3.0,0.0,0.0,3.0,,,,0.0,0.0,0.0,0.0,0.0,0.0,0.0,0.0,0.0,0.0,2.0,0.167,0.0,0.0,0.0,0.0,0.0,0.0,0.0,4.0,1.0,0.0,0.0,0.0,0.0,0.0,3.0,0.0,1.0,0.0,0.0,0.0,2.0,0.0,0.0,0.0,0.5,0.0,0.273,F-G,1.0,3.0,0.335,3.0,0.665,0.0,0.0,0.0,2.0,0.0,,0.0,0.0,0.5,0.0,0.0,0.0,4.0,0.0,0.0,0.0,0.0,0.0,0.0,1.0,0.0,0.0,0.0,0.0,,,0.0,CLE,0.0,0.0,4.0,0.0,4.0,0.0,2023,42200131,,1.0,5.0,11.0,0.455,0.478,-0.024,0.182,0.0,2.0,0.0,0.379,-0.379,0.818,5.0,9.0,0.556,0.54,0.016,0.273,3.0,3.0,1.0,0.665,0.335,0.364,3.0,4.0,0.75,0.597,0.153,0.364,0.0,4.0,0.0,0.39,-0.39,7.0,6.0,1.0,3.0,1.0,1.0,2.0,0.0,0.0,0.0,0.0,0.0,0.0,0.0,0.0,0.0,0.0,0.0,0.0,0.0,0.0,29.0,0.0,0.0,0.0,0.0,0.0,0.0,0.0,0.0,0.0,0.0,0.0,0.0,0.0,0.0,0.0,0.0,0.0,22.68,9406.0,1.78,0.85,0.93,4.46,4.09,4.32,1610612752.0,CLE_NYK_2023,CLE,NYK,20230415,2022-23,True,CLE,NYK,,,,,,,,,,,,,,,,,,,,,,,,,,,,,,,,,,,,,,,,,,,,,,,,,,,,,,,,,,,,,,,,,,,,,,,,,,,,,,,,,,,,,,,,,,,,,,,,,,,,,,,,,,,,,,
1630171,Isaac Okoro,Isaac,1610612739,CLE,22.0,1,1,0,1.0,22.94,3,5,0.6,0,1,0.0,5,6,0.833,3,4,7,0,0,1,1,1,3,3,11,2,25.4,0,0,22.0,1,1,1,1,98,90,120,39,104,123,104,19,21,56,17,49,28,139,121,39,20,120,118,36,73,64,65,12,2,74,,76,113.3,113.3,8.9,102.1,46,45,0.151,139,46,65,100,3.0,11.3,0.0,0.145,65,85,27,46,102.1,0.0,5.0,0.0,0.6,139,0.125,1,105.2,97.3,0.182,95.54,11.3,56,1,144,114,81.08,159,0.72,144,26,97.3,125,85,58,41,114.0,90,0.145,0.0,82,0.0,67,120,0.152,0.0,0.0,0.0,2.0,0.0,0.0,0.0,13.0,23.0,4.0,1.0,0.0,0.5,0.4,1.2,5.0,4.0,2.0,0.0,0.2,6.0,2.0,0.0,1.0,0.0,1.0,31.0,1.5,0.0,0.0,0.0,21.0,1.81,0.355,0.61,0.0,11.0,0.9,2.0,0.538,2.0,5.0,3.0,0.5,0.6,10.7,0.0,1.0,1.0,7.2,0.0,0.143,8.0,2.0,0.636,0.667,9.2,6.0,3.0,0.6,0.25,13.0,0.0,,,,,,,,,,,,,,,0.5,0.4,2.0,1.0,0.0,1.0,2.0,0.0,0.4,,0.0,0.5,0.5,1.0,1.0,0.0,1.0,1.0,0.0,1.0,0.2,0.0,,1.0,1.0,0.2,0.4,0.5,0.2,1.0,1.0,0.0,0.5,1.0,0.0,1.0,0.2,1.0,2.0,,,,0.0,0.0,0.0,0.0,0.0,0.0,1.0,0.0,0.0,0.0,3.0,0.6,0.0,0.0,0.0,0.0,1.0,1.0,0.0,1.0,1.0,0.0,0.0,0.0,0.0,0.0,0.0,0.0,2.0,0.0,0.0,0.0,3.0,1.0,0.0,0.0,0.667,0.0,0.345,F-G,0.563,45.0,-0.076,80.0,0.639,0.0,0.0,0.0,4.0,0.0,,0.0,0.0,0.75,0.0,0.0,0.0,1.0,0.0,0.0,0.0,0.0,0.0,0.0,3.0,0.0,0.0,0.0,0.0,,,0.0,CLE,0.0,0.0,1.0,0.0,1.0,0.0,2023,22200540,,1.0,5.0,12.0,0.417,0.498,-0.082,0.167,0.0,2.0,0.0,0.371,-0.371,0.833,5.0,10.0,0.5,0.542,-0.042,0.333,1.0,4.0,0.25,0.677,-0.427,0.5,3.0,6.0,0.5,0.651,-0.151,0.333,1.0,4.0,0.25,0.396,-0.146,9.0,8.0,1.0,1.0,0.0,0.0,0.0,1.0,0.0,1.0,1.0,0.0,0.0,1.0,1.0,0.0,0.0,0.0,1.0,0.0,0.0,31.0,0.0,0.0,0.0,0.0,0.0,0.0,0.0,0.0,0.0,0.0,0.0,0.0,0.0,0.0,0.0,0.0,0.0,22.93,8988.0,1.7,0.86,0.84,4.09,4.12,4.06,,,CHI,CLE,20221231,2022-23,False,CLE,CHI,,,,,,,,,,,,,,,,,,,,,,,,,,,,,,,,,,,,,,,,,,,,,,,,,,,,,,,,,,,,,,,,,,,,,,,,,,,,,,,,,,,,,,,,,,,,,,,,,,,,,,,,,,,,,,
1630171,Isaac Okoro,Isaac,1610612739,CLE,22.0,1,0,1,0.0,15.776666666666667,2,5,0.4,0,3,0.0,5,5,1.0,1,1,2,0,0,0,1,0,4,3,9,-9,14.4,0,0,13.0,1,95,95,95,138,102,113,102,102,74,102,19,25,1,48,132,114,144,117,78,20,1,160,40,86,141,122,13,1,124,,132,106.3,106.3,-26.1,126.5,124,32,0.184,144,140,137,99,2.0,-20.2,0.0,0.191,137,129,121,140,126.5,0.0,5.0,0.0,0.4,144,0.048,1,124.3,100.4,0.083,105.33,-20.2,128,1,92,84,83.67,41,0.625,92,59,100.4,82,129,144,69,98.2,102,0.058,0.0,152,0.0,127,113,0.061,0.0,1.0,1.0,1.0,0.0,0.167,0.0,8.0,6.0,0.0,0.0,0.0,1.0,0.0,3.0,1.0,0.0,0.0,0.0,0.0,3.0,1.0,0.0,0.0,0.0,1.0,13.0,2.0,0.0,2.0,1.0,10.0,1.7,0.692,0.62,0.0,9.0,0.4,1.0,0.4,0.0,4.0,1.0,1.0,0.25,22.9,0.0,0.0,0.0,7.2,0.0,0.0,1.0,0.0,0.4,1.0,15.1,2.0,1.0,0.25,0.0,5.0,0.0,,,,,,,,,,,,,,,1.0,0.2,1.0,1.0,0.0,1.0,1.0,0.0,0.2,,0.0,1.0,1.0,1.0,1.0,0.0,1.0,1.0,0.0,1.0,0.2,0.0,,1.0,1.0,0.2,0.6,0.0,0.6,0.0,0.0,0.0,0.0,,0.0,3.0,0.0,0.0,3.0,,,,0.0,0.0,0.0,0.0,0.0,0.0,0.0,1.0,2.0,0.0,2.0,0.4,0.0,0.0,0.0,0.0,1.0,1.0,0.0,3.0,0.0,0.0,0.0,0.0,0.0,0.0,3.0,0.0,1.0,0.0,0.0,0.0,1.0,1.0,0.0,0.0,1.0,0.0,0.339,F-G,0.551,86.0,-0.075,156.0,0.627,0.0,0.0,0.0,2.0,0.0,,0.0,0.0,1.0,0.0,0.0,0.0,3.0,0.0,0.0,0.0,0.0,0.0,0.0,2.0,0.0,0.0,0.0,0.0,,,0.0,CLE,0.0,0.0,3.0,0.0,3.0,0.0,2023,22200935,,1.0,2.0,5.0,0.4,0.477,-0.077,0.2,0.0,1.0,0.0,0.338,-0.338,0.8,2.0,4.0,0.5,0.546,-0.046,0.4,2.0,2.0,1.0,0.648,0.352,0.6,2.0,3.0,0.667,0.612,0.055,0.2,0.0,1.0,0.0,0.36,-0.36,2.0,1.0,1.0,0.0,0.0,0.0,0.0,0.0,1.0,1.0,0.0,1.0,0.0,0.0,0.0,0.0,0.0,0.0,0.0,0.0,0.0,13.0,0.0,0.0,0.0,0.0,0.0,0.0,0.0,0.0,0.0,0.0,0.0,0.0,0.0,0.0,0.0,0.0,0.0,15.78,6211.0,1.18,0.55,0.63,4.16,3.48,4.15,,,BOS,CLE,20230301,2022-23,False,CLE,BOS,,,,,,,,,,,,,,,,,,,,,,,,,,,,,,,,,,,,,,,,,,,,,,,,,,,,,,,,,,,,,,,,,,,,,,,,,,,,,,,,,,,,,,,,,,,,,,,,,,,,,,,,,,,,,,
1630171,Isaac Okoro,Isaac,1610612739,CLE,22.0,1,0,1,0.0,17.411666666666665,1,5,0.2,0,0,0.0,1,2,0.5,3,2,5,2,1,2,0,0,1,1,3,-13,17.0,0,0,14.0,1,119,119,119,157,182,145,196,131,181,131,101,75,105,19,109,66,85,70,8,68,1,52,107,185,206,130,26,3,142,,199,82.9,82.9,-40.5,123.5,168,35,0.152,63,220,174,42,1.0,-40.7,11.1,0.167,174,221,61,220,123.5,2.0,5.0,0.2,0.2,75,0.107,164,133.2,95.11,0.154,86.56,-40.7,77,160,190,146,79.26,223,0.255,190,31,95.11,132,221,218,201,92.7,182,0.053,11.3,204,22.2,198,145,0.122,1.0,3.0,0.0,5.0,0.125,0.188,6.0,14.0,16.0,0.0,2.0,0.0,0.0,0.0,0.0,5.0,0.0,0.0,0.0,0.4,0.0,3.0,0.2,0.0,1.0,0.0,23.0,0.0,0.0,0.0,0.0,15.0,2.1,0.13,1.52,0.0,3.0,0.8,4.0,0.625,1.0,4.0,2.0,0.5,0.75,10.2,0.0,2.0,0.0,5.1,0.667,0.4,4.0,1.0,0.714,0.667,7.1,3.0,1.0,0.75,0.0,8.0,2.0,0.0,0.2,0.0,0.0,1.0,0.0,1.0,0.0,0.0,,1.0,0.2,0.0,0.0,0.0,0.6,3.0,0.0,0.0,0.0,3.0,0.0,0.6,,0.0,0.0,0.0,1.0,1.0,0.0,1.0,1.0,0.0,1.0,0.2,0.0,,1.0,1.0,0.2,,,,,,,,,,,,,,,,,,0.0,0.0,0.0,,0.0,0.0,0.0,0.0,0.0,0.0,0.2,0.0,0.0,0.0,0.0,3.0,1.0,,0.0,0.0,,,0.0,0.0,0.0,0.0,0.0,0.0,0.0,0.0,0.0,2.0,0.333,0.0,0.0,0.0,0.0,0.352,F-G,0.576,53.0,-0.064,92.0,0.64,0.0,0.0,0.0,3.0,,,0.0,0.0,0.333,0.0,2.0,0.0,0.0,0.0,0.0,,,0.0,0.0,1.0,0.0,0.0,0.0,0.0,,,0.0,CLE,0.0,,,,0.0,,2023,22200588,,1.0,3.0,7.0,0.429,0.495,-0.066,0.429,1.0,3.0,0.333,0.392,-0.059,0.571,2.0,4.0,0.5,0.589,-0.089,0.286,1.0,2.0,0.5,0.701,-0.201,0.429,2.0,3.0,0.667,0.665,0.001,0.571,1.0,4.0,0.25,0.407,-0.157,0.0,0.0,0.0,1.0,0.0,0.0,0.0,0.0,0.0,0.0,0.0,0.0,0.0,0.0,0.0,0.0,0.0,0.0,0.0,0.0,0.0,23.0,0.0,0.0,0.0,0.0,0.0,0.0,0.0,0.0,0.0,0.0,0.0,0.0,0.0,0.0,0.0,0.0,0.0,17.42,6492.0,1.23,0.63,0.6,3.95,3.67,4.26,,,DEN,CLE,20230106,2022-23,False,CLE,DEN,,,,,,,,,,,,,,,,,,,,,,,,,,,,,,,,,,,,,,,,,,,,,,,,,,,,,,,,,,,,,,,,,,,,,,,,,,,,,,,,,,,,,,,,,,,,,,,,,,,,,,,,,,,,,,
1630171,Isaac Okoro,Isaac,1610612739,CLE,22.0,1,1,0,1.0,16.391666666666666,1,2,0.5,1,2,0.5,0,0,0.0,0,1,1,0,1,0,0,0,5,0,3,2,3.2,0,0,5.0,1,1,1,1,166,156,180,73,76,110,31,136,143,136,119,159,171,170,82,109,70,1,211,172,171,86,199,28,3,192,,169,121.6,121.6,-2.5,122.9,214,37,0.075,170,115,175,128,1.0,-1.2,33.3,0.073,175,45,188,115,122.9,0.0,2.0,0.0,0.75,170,0.0,218,120.4,105.42,0.071,108.17,-1.2,165,217,55,206,87.85,27,0.75,55,119,105.42,206,45,120,41,117.9,156,-0.043,33.3,64,0.0,33,180,0.032,0.0,0.0,0.0,0.0,0.0,0.0,0.0,8.0,8.0,0.0,0.0,0.0,0.0,0.0,0.0,0.0,0.0,0.0,0.0,0.0,0.0,0.0,0.0,0.0,0.0,0.0,12.0,0.0,0.0,0.0,0.0,9.0,1.51,0.25,0.75,0.0,3.0,0.3,0.0,0.5,0.0,0.0,0.0,0.5,0.0,3.2,0.0,1.0,1.0,0.0,0.0,1.0,2.0,0.0,0.5,0.5,3.2,0.0,0.0,0.0,1.0,2.0,0.0,,,,,,,,,,,,,,,,,,,,,,,,,,,,,,,,,,,,,,,,,1.0,0.75,1.0,0.0,0.0,0.5,0.5,,1.0,2.0,0.0,1.0,2.0,,,,0.0,0.0,0.0,0.0,0.0,0.0,0.0,0.0,0.0,3.0,0.0,0.75,0.0,0.5,1.0,0.0,0.0,0.0,0.0,2.0,1.0,0.0,0.0,0.0,0.5,0.0,1.0,0.0,0.0,1.0,0.0,1.0,0.0,0.0,0.0,0.0,0.0,0.0,0.333,F-G,0.56,14.0,-0.081,25.0,0.641,,1.0,0.0,0.0,0.0,,0.0,0.0,0.0,0.0,0.0,0.0,2.0,0.0,0.0,0.0,0.0,0.5,0.0,0.0,,,0.0,0.0,,,0.0,CLE,1.0,0.5,2.0,1.0,2.0,0.75,2023,22200225,,1.0,5.0,7.0,0.714,0.426,0.288,0.143,1.0,1.0,1.0,0.327,0.673,0.857,4.0,6.0,0.667,0.505,0.162,0.571,2.0,4.0,0.5,0.577,-0.077,0.714,3.0,5.0,0.6,0.526,0.074,0.143,1.0,1.0,1.0,0.35,0.65,4.0,4.0,0.0,0.0,0.0,0.0,0.0,0.0,0.0,0.0,0.0,0.0,0.0,0.0,0.0,0.0,0.0,0.0,0.0,0.0,0.0,12.0,0.0,0.0,0.0,0.0,0.0,0.0,0.0,0.0,0.0,0.0,0.0,0.0,0.0,0.0,0.0,0.0,0.0,16.4,7001.0,1.33,0.63,0.7,4.31,3.82,4.86,,,CLE,CHA,20221118,2022-23,False,CLE,CHA,,,,,,,,,,,,,,,,,,,,,,,,,,,,,,,,,,,,,,,,,,,,,,,,,,,,,,,,,,,,,,,,,,,,,,,,,,,,,,,,,,,,,,,,,,,,,,,,,,,,,,,,,,,,,,
1630171,Isaac Okoro,Isaac,1610612739,CLE,22.0,1,1,0,1.0,18.95,3,7,0.429,2,4,0.5,0,0,0.0,0,3,3,2,0,0,2,0,2,0,8,-3,20.6,0,0,19.0,1,1,1,1,109,87,84,91,37,51,24,91,92,91,85,57,79,63,104,67,5,1,70,104,90,90,87,10,2,86,,83,107.9,107.9,-8.4,112.8,70,38,0.149,57,92,67,86,3.0,-4.9,0.0,0.151,67,109,88,92,112.8,0.0,7.0,0.167,0.571,59,0.0,1,115.5,97.52,0.167,96.71,-4.9,52,1,121,101,81.27,133,0.571,121,85,97.52,103,109,99,84,107.1,87,0.108,0.0,110,22.2,75,84,0.073,0.0,2.0,0.0,0.0,0.143,0.143,4.0,16.0,14.0,0.0,1.0,0.0,0.333,0.0,0.5,4.0,0.0,0.0,0.0,0.25,2.0,3.0,0.0,0.0,0.0,1.0,21.0,0.0,0.0,0.0,0.0,14.0,2.03,0.381,1.33,0.0,8.0,0.7,0.0,0.5,1.0,1.0,3.0,0.6,0.0,8.1,0.0,0.0,0.0,0.0,0.0,0.0,5.0,1.0,0.6,0.75,8.1,3.0,0.0,0.0,0.0,6.0,0.0,0.0,0.143,0.0,0.0,1.0,0.0,1.0,0.0,0.0,,1.0,0.143,0.0,0.0,0.0,0.143,1.0,0.0,0.0,0.0,1.0,0.0,0.143,,0.0,0.0,0.0,1.0,2.0,1.0,1.0,0.5,0.0,1.0,0.286,0.143,0.0,0.5,1.0,0.143,0.429,1.0,0.429,0.0,0.0,0.667,0.667,,2.0,3.0,0.0,2.0,3.0,,,,0.0,0.0,0.0,0.0,0.0,0.0,0.0,0.0,0.0,6.0,0.0,0.571,0.0,0.5,1.0,0.0,1.0,0.0,0.0,4.0,3.0,0.0,0.0,0.333,0.5,0.0,1.0,0.0,1.0,1.0,0.0,2.0,2.0,0.0,0.0,0.0,0.5,1.0,0.348,F-G,0.571,32.0,-0.059,56.0,0.63,,2.0,0.0,3.0,0.0,,0.0,0.0,0.333,0.0,0.0,0.0,4.0,0.0,0.0,0.0,0.0,0.5,0.0,1.0,,,0.0,0.0,,,0.0,CLE,2.0,0.667,3.0,2.0,3.0,1.0,2023,22200390,,1.0,2.0,7.0,0.286,0.464,-0.179,0.143,1.0,1.0,1.0,0.405,0.595,0.857,1.0,6.0,0.167,0.505,-0.338,0.429,1.0,3.0,0.333,0.571,-0.238,0.571,1.0,4.0,0.25,0.53,-0.28,0.143,1.0,1.0,1.0,0.415,0.585,4.0,4.0,0.0,2.0,0.0,0.0,0.0,0.0,0.0,0.0,0.0,0.0,0.0,0.0,0.0,0.0,0.0,0.0,0.0,0.0,0.0,21.0,0.0,0.0,0.0,0.0,0.0,0.0,0.0,0.0,0.0,0.0,0.0,0.0,0.0,0.0,0.0,0.0,0.0,18.95,7286.0,1.38,0.71,0.67,4.14,3.81,4.53,,,CLE,OKC,20221210,2022-23,False,CLE,OKC,,,,,,,,,,,,,,,,,,,,,,,,,,,,,,,,,,,,,,,,,,,,,,,,,,,,,,,,,,,,,,,,,,,,,,,,,,,,,,,,,,,,,,,,,,,,,,,,,,,,,,,,,,,,,,
1630171,Isaac Okoro,Isaac,1610612739,CLE,22.0,1,1,0,1.0,35.571666666666665,1,3,0.333,1,1,1.0,0,0,0.0,2,1,3,1,0,1,1,0,5,1,3,11,14.1,0,0,12.0,1,1,1,1,21,120,122,112,50,105,1,87,94,87,20,117,85,91,100,34,13,1,166,66,126,34,109,15,2,115,,78,134.3,134.3,19.6,115.3,142,70,0.038,116,44,96,79,1.0,19.0,0.0,0.038,96,22,117,44,115.3,0.0,3.0,0.029,0.5,44,0.061,1,112.7,95.81,0.042,97.61,19.0,135,1,144,158,79.84,120,0.5,144,45,95.81,159,22,42,94,132.3,120,0.003,0.0,27,25.0,74,122,0.053,0.0,2.0,1.0,2.0,0.056,0.111,3.0,14.0,18.0,0.0,0.0,0.0,0.0,0.0,0.0,0.0,0.0,0.0,0.0,0.0,0.0,0.0,0.0,0.0,0.0,0.0,21.0,0.0,0.0,0.0,0.0,17.0,1.35,0.143,0.52,0.0,3.0,0.5,2.0,0.3,1.0,6.0,1.0,0.25,0.333,14.3,0.0,1.0,0.0,6.8,0.5,0.333,4.0,1.0,0.333,0.333,9.3,2.0,1.0,0.333,0.0,10.0,1.0,,,,,,,,,,,,,,,0.0,0.667,2.0,0.0,0.0,0.0,2.0,0.0,0.667,,0.0,0.0,0.0,,,,,,,,,,,,,,0.333,1.5,0.333,0.0,0.0,1.0,1.0,,1.0,1.0,0.0,1.0,1.0,,,,0.0,0.0,0.0,0.0,0.0,0.0,0.0,0.0,0.0,3.0,0.0,0.5,0.0,1.0,1.0,0.0,0.0,0.0,0.0,1.0,0.0,0.0,0.0,0.0,1.0,0.0,1.0,0.0,0.0,1.0,0.0,1.0,2.0,0.0,0.0,0.0,0.0,0.0,0.329,F-G,0.554,93.0,-0.073,168.0,0.627,0.0,1.0,0.0,2.0,0.0,,0.0,0.0,0.0,0.0,0.0,0.0,1.0,0.0,0.0,0.0,0.0,1.0,0.0,0.0,0.0,0.0,0.0,0.0,,,0.0,CLE,1.0,1.0,1.0,1.0,1.0,1.5,2023,22201027,,1.0,6.0,12.0,0.5,0.421,0.079,0.5,2.0,6.0,0.333,0.324,0.009,0.5,4.0,6.0,0.667,0.494,0.172,0.167,1.0,2.0,0.5,0.602,-0.102,0.333,2.0,4.0,0.5,0.538,-0.038,0.667,4.0,8.0,0.5,0.347,0.153,8.0,5.0,3.0,2.0,0.0,0.0,0.0,2.0,1.0,3.0,0.667,0.333,0.0,0.0,0.0,0.0,0.0,0.0,0.0,0.0,0.0,21.0,0.0,0.0,0.0,0.0,0.0,0.0,0.0,0.0,0.0,0.0,0.0,0.0,0.0,0.0,0.0,0.0,0.0,35.57,13369.0,2.53,1.17,1.36,3.94,3.86,4.32,,,CHA,CLE,20230314,2022-23,False,CLE,CHA,,,,,,,,,,,,,,,,,,,,,,,,,,,,,,,,,,,,,,,,,,,,,,,,,,,,,,,,,,,,,,,,,,,,,,,,,,,,,,,,,,,,,,,,,,,,,,,,,,,,,,,,,,,,,,
1630171,Isaac Okoro,Isaac,1610612739,CLE,22.0,1,0,1,0.0,17.126666666666665,4,9,0.444,1,5,0.2,0,0,0.0,0,0,0,0,0,0,2,1,1,0,9,1,15.0,0,0,14.0,1,41,41,41,57,36,35,38,24,21,41,42,43,42,39,67,69,56,48,33,4,49,15,57,41,33,47,9,1,47,,7,90.9,90.9,7.5,85.3,14,33,0.237,56,31,7,42,4.0,5.6,0.0,0.248,7,69,69,31,85.3,0.0,9.0,0.0,0.5,56,0.0,1,82.7,93.89,0.0,95.79,5.6,67,1,50,14,78.24,46,0.5,50,39,93.89,15,69,30,46,90.1,36,0.14,0.0,70,0.0,36,35,0.0,0.0,0.0,0.0,0.0,0.0,0.0,0.0,15.0,10.0,0.0,0.0,0.0,0.667,0.0,1.333,3.0,0.0,0.0,0.0,0.0,4.0,3.0,0.0,0.0,0.0,2.0,20.0,0.0,0.0,0.0,0.0,13.0,1.33,0.45,0.6,0.0,9.0,0.4,0.0,,,,,,,,,,,,,,,,,,,,,,,,,1.0,0.111,1.0,1.0,1.0,0.0,1.0,1.0,0.0,,1.0,0.111,1.0,0.0,0.667,0.333,3.0,2.0,0.0,2.0,3.0,0.0,0.333,,0.0,0.667,0.667,,,,,,,,,,,,,,0.556,0.3,0.556,0.0,0.0,0.2,0.2,,1.0,5.0,0.0,1.0,5.0,,,,0.0,0.0,0.0,0.0,0.0,0.0,0.0,0.0,0.0,3.0,0.0,0.5,0.0,0.2,0.333,0.0,1.0,1.0,0.0,5.0,2.0,0.0,0.0,0.0,0.2,0.0,3.0,0.0,2.0,1.0,0.0,1.0,3.0,1.0,0.0,0.0,0.667,0.0,0.154,F-G,0.75,3.0,0.08,4.0,0.67,,1.0,1.0,3.0,0.0,,1.0,0.0,0.667,0.0,1.0,0.0,5.0,0.0,0.0,0.0,0.0,0.2,0.0,2.0,,,0.0,0.0,,,0.0,CLE,1.0,0.2,5.0,1.0,5.0,0.3,2023,42200134,,1.0,1.0,7.0,0.143,0.497,-0.355,0.143,1.0,1.0,1.0,0.398,0.602,0.857,0.0,6.0,0.0,0.548,-0.548,0.143,0.0,1.0,0.0,0.687,-0.687,0.571,0.0,4.0,0.0,0.6,-0.6,0.429,1.0,3.0,0.333,0.423,-0.09,6.0,5.0,1.0,0.0,0.0,0.0,0.0,0.0,0.0,0.0,0.0,0.0,0.0,1.0,1.0,0.0,0.0,0.0,1.0,0.0,0.0,20.0,0.0,0.0,0.0,0.0,0.0,0.0,0.0,0.0,0.0,0.0,0.0,0.0,0.0,0.0,0.0,0.0,0.0,17.13,6495.0,1.23,0.58,0.65,3.81,3.77,3.86,1610612752.0,CLE_NYK_2023,NYK,CLE,20230423,2022-23,True,CLE,NYK,,,,,,,,,,,,,,,,,,,,,,,,,,,,,,,,,,,,,,,,,,,,,,,,,,,,,,,,,,,,,,,,,,,,,,,,,,,,,,,,,,,,,,,,,,,,,,,,,,,,,,,,,,,,,,
1630171,Isaac Okoro,Isaac,1610612739,CLE,22.0,1,0,1,0.0,17.616666666666667,1,3,0.333,0,2,0.0,2,2,1.0,0,2,2,0,0,0,0,0,3,1,4,-1,6.4,0,0,6.0,1,72,72,72,92,108,110,95,82,76,82,42,51,1,72,72,87,106,93,69,44,1,90,64,105,77,122,11,3,119,,118,136.4,136.4,5.2,131.4,121,33,0.118,106,53,116,76,1.0,4.9,0.0,0.117,116,21,69,53,131.4,0.0,3.0,0.0,0.333,106,0.0,1,130.8,92.64,0.182,92.97,4.9,40,1,130,110,77.2,131,0.515,130,72,92.64,112,21,50,84,136.0,108,0.012,0.0,20,0.0,110,110,0.08,0.0,0.0,0.0,0.0,0.0,0.0,0.0,9.0,10.0,2.0,1.0,0.0,0.0,0.5,1.0,2.0,2.0,1.0,0.0,0.5,2.0,0.0,0.0,1.0,0.0,0.0,14.0,2.0,0.0,0.0,1.0,7.0,1.95,0.286,0.86,0.0,4.0,0.5,1.0,0.5,0.0,1.0,2.0,0.667,0.0,15.1,0.0,0.0,0.0,0.0,0.0,0.0,3.0,0.0,0.5,0.667,15.1,2.0,0.0,0.0,0.0,4.0,0.0,,,,,,,,,,,,,,,,,,,,,,,,,,,,1.0,1.0,0.0,1.0,1.0,0.0,1.0,0.333,0.0,,1.0,1.0,0.333,0.667,0.0,0.667,0.0,0.0,0.0,0.0,,0.0,2.0,0.0,0.0,2.0,,,,0.0,0.0,0.0,0.0,0.0,0.0,1.0,0.0,0.0,0.0,2.0,0.333,0.0,0.0,0.0,0.0,0.0,0.0,0.0,2.0,2.0,0.0,0.0,0.0,0.0,0.0,0.0,0.0,1.0,0.0,0.0,0.0,1.0,0.0,0.0,0.0,1.0,0.0,0.345,F-G,0.579,55.0,-0.058,95.0,0.637,0.0,0.0,0.0,1.0,0.0,,0.0,0.0,1.0,0.0,0.0,,2.0,,0.0,0.0,0.0,0.0,0.0,1.0,0.0,0.0,0.0,0.0,,,,CLE,0.0,0.0,2.0,0.0,2.0,0.0,2023,22200614,,1.0,2.0,5.0,0.4,0.454,-0.054,0.4,1.0,2.0,0.5,0.368,0.133,0.6,1.0,3.0,0.333,0.548,-0.215,0.2,1.0,1.0,1.0,0.593,0.407,0.6,1.0,3.0,0.333,0.577,-0.244,0.4,1.0,2.0,0.5,0.375,0.125,4.0,3.0,1.0,0.0,0.0,0.0,0.0,0.0,0.0,0.0,0.0,0.0,0.0,0.0,0.0,0.0,0.0,0.0,0.0,0.0,0.0,14.0,0.0,0.0,0.0,0.0,0.0,0.0,0.0,0.0,0.0,0.0,0.0,0.0,0.0,0.0,0.0,0.0,0.0,17.62,6424.0,1.22,0.58,0.64,3.81,4.07,3.57,,,UTA,CLE,20230110,2022-23,False,CLE,UTA,,,,,,,,,,,,,,,,,,,,,,,,,,,,,,,,,,,,,,,,,,,,,,,,,,,,,,,,,,,,,,,,,,,,,,,,,,,,,,,,,,,,,,,,,,,,,,,,,,,,,,,,,,,,,,
1630171,Isaac Okoro,Isaac,1610612739,CLE,22.0,1,1,0,1.0,20.571666666666665,3,6,0.5,1,4,0.25,0,0,0.0,0,1,1,1,0,0,1,0,1,0,7,-7,12.7,0,0,12.0,1,1,1,1,139,111,131,79,69,68,105,120,126,120,126,150,171,116,144,107,17,1,33,159,133,168,154,27,1,155,,142,97.6,97.6,-15.6,117.1,135,42,0.136,132,180,137,121,3.0,-19.5,0.0,0.144,137,181,193,180,117.1,0.0,6.0,0.083,0.583,106,0.0,1,116.5,96.83,0.043,95.48,-19.5,179,1,176,157,80.69,185,0.583,176,126,96.83,153,181,175,102,100.9,111,0.07,0.0,171,14.3,86,131,0.024,0.0,1.0,0.0,1.0,0.071,0.071,2.0,12.0,14.0,0.0,0.0,0.0,1.0,0.0,2.0,1.0,0.0,0.0,0.0,0.0,2.0,1.0,0.0,0.0,0.0,1.0,20.0,2.0,0.0,0.0,0.0,15.0,1.73,0.35,0.45,0.0,7.0,0.6,1.0,0.2,0.0,3.0,1.0,0.5,0.0,2.6,0.0,0.0,0.0,0.0,0.0,0.0,2.0,0.0,0.2,0.5,2.6,1.0,0.0,0.0,0.0,5.0,0.0,,,,,,,,,,,,,,,1.0,0.167,1.0,1.0,0.0,1.0,1.0,0.0,0.167,,0.0,1.0,1.0,1.0,1.0,0.0,1.0,1.0,0.0,1.0,0.167,0.0,,1.0,1.0,0.167,0.667,0.375,0.667,0.0,0.0,0.25,0.25,,1.0,4.0,0.0,1.0,4.0,,,,0.0,0.0,0.0,0.0,0.0,0.0,1.0,0.0,0.0,3.0,2.0,0.583,0.0,0.25,0.0,0.0,0.0,0.0,,4.0,1.0,,,1.0,0.25,0.0,3.0,0.0,2.0,0.0,0.0,1.0,2.0,0.0,0.0,0.0,1.0,1.0,0.314,F-G,0.568,25.0,-0.066,44.0,0.634,0.0,1.0,0.0,2.0,,0.0,0.0,0.0,1.0,0.0,0.0,0.0,4.0,0.0,0.0,,,0.25,0.0,2.0,0.0,0.0,0.0,0.0,0.0,0.0,0.0,CLE,1.0,0.25,4.0,1.0,4.0,0.375,2023,22200330,,1.0,4.0,11.0,0.364,0.466,-0.102,0.182,1.0,2.0,0.5,0.363,0.138,0.818,3.0,9.0,0.333,0.519,-0.185,0.636,2.0,7.0,0.286,0.588,-0.302,0.727,3.0,8.0,0.375,0.55,-0.175,0.182,1.0,2.0,0.5,0.379,0.122,4.0,4.0,0.0,1.0,0.0,0.0,0.0,0.0,0.0,0.0,0.0,0.0,0.0,2.0,2.0,2.0,0.0,0.0,1.0,1.0,0.0,20.0,0.0,0.0,0.0,0.0,0.0,0.0,0.0,0.0,0.0,0.0,0.0,0.0,0.0,0.0,0.0,0.0,0.0,20.57,8369.0,1.59,0.74,0.84,4.24,3.83,4.12,,,CLE,ORL,20221202,2022-23,False,CLE,ORL,,,,,,,,,,,,,,,,,,,,,,,,,,,,,,,,,,,,,,,,,,,,,,,,,,,,,,,,,,,,,,,,,,,,,,,,,,,,,,,,,,,,,,,,,,,,,,,,,,,,,,,,,,,,,,
1630171,Isaac Okoro,Isaac,1610612739,CLE,22.0,1,1,0,1.0,18.1,2,5,0.4,1,4,0.25,3,3,1.0,1,1,2,0,0,0,1,0,3,2,8,14,13.4,0,0,13.0,1,1,1,1,59,54,54,52,24,25,37,11,20,1,27,57,54,66,51,47,7,1,54,27,48,13,58,6,2,58,,9,120.0,120.0,40.2,77.8,48,35,0.154,66,9,8,47,2.0,42.2,0.0,0.17,8,35,60,9,77.8,0.0,5.0,0.0,0.5,66,0.067,1,78.8,94.14,0.043,93.88,42.2,67,1,59,49,78.45,70,0.633,59,22,94.14,45,35,9,32,119.0,54,0.073,0.0,35,0.0,42,54,0.053,0.0,1.0,1.0,0.0,0.0,0.111,0.0,11.0,9.0,0.0,1.0,0.0,1.0,0.0,1.5,2.0,0.0,0.0,0.0,0.5,3.0,1.0,0.0,0.0,0.0,1.0,15.0,0.0,0.0,0.0,0.0,11.0,1.27,0.533,0.53,0.0,8.0,0.3,0.0,0.4,1.0,1.0,1.0,0.25,1.0,6.7,0.0,0.0,0.0,18.4,0.0,0.0,4.0,1.0,0.5,0.333,12.5,2.0,1.0,1.0,0.0,5.0,0.0,,,,,,,,,,,,,,,1.0,0.2,1.0,1.0,0.0,1.0,1.0,0.0,0.2,,0.0,1.0,1.0,,,,,,,,,,,,,,0.8,0.375,0.8,0.0,0.0,0.25,0.25,,1.0,4.0,0.0,1.0,4.0,,,,0.0,0.0,0.0,0.0,0.0,0.0,0.0,0.0,0.0,3.0,0.0,0.5,0.0,0.25,0.0,1.0,0.0,0.0,,3.0,0.0,,,0.0,0.0,0.0,3.0,0.0,1.0,0.0,0.0,0.0,1.0,0.0,1.0,1.0,1.0,0.0,0.346,F-G,0.563,71.0,-0.068,126.0,0.632,0.0,0.0,0.0,1.0,,,0.0,1.0,1.0,1.0,0.0,0.0,3.0,0.0,0.0,,,0.0,0.0,1.0,0.0,0.0,0.0,1.0,,,0.0,CLE,1.0,0.25,4.0,1.0,4.0,0.375,2023,22200754,,1.0,2.0,5.0,0.4,0.471,-0.071,0.6,0.0,3.0,0.0,0.427,-0.427,0.4,2.0,2.0,1.0,0.549,0.451,0.4,2.0,2.0,1.0,0.641,0.36,0.4,2.0,2.0,1.0,0.654,0.346,0.6,0.0,3.0,0.0,0.429,-0.429,4.0,1.0,3.0,1.0,0.0,0.0,0.0,1.0,0.0,1.0,1.0,0.0,0.0,0.0,0.0,0.0,0.0,0.0,0.0,0.0,0.0,15.0,0.0,0.0,0.0,0.0,0.0,0.0,0.0,0.0,0.0,0.0,0.0,0.0,0.0,0.0,0.0,0.0,0.0,18.1,7330.0,1.39,0.63,0.76,4.28,4.01,4.5,,,CLE,LAC,20230129,2022-23,False,CLE,LAC,,,,,,,,,,,,,,,,,,,,,,,,,,,,,,,,,,,,,,,,,,,,,,,,,,,,,,,,,,,,,,,,,,,,,,,,,,,,,,,,,,,,,,,,,,,,,,,,,,,,,,,,,,,,,,
1630171,Isaac Okoro,Isaac,1610612739,CLE,22.0,1,0,1,0.0,21.64333333333333,2,5,0.4,0,2,0.0,0,0,0.0,1,1,2,1,0,2,0,0,4,1,4,-18,13.9,0,0,11.0,1,99,99,99,111,116,121,120,116,92,116,99,109,99,55,119,115,102,113,8,46,1,164,85,140,181,126,15,3,136,,159,106.7,106.7,-31.1,137.5,163,45,0.098,129,168,151,95,2.0,-30.8,0.0,0.102,151,138,133,168,137.5,0.0,5.0,0.056,0.4,86,0.048,1,142.2,103.13,0.05,99.36,-30.8,139,1,43,163,85.94,86,0.4,43,69,103.13,162,138,157,150,111.1,116,0.013,0.0,122,16.7,138,121,0.049,0.0,1.0,0.0,4.0,0.083,0.083,2.0,11.0,12.0,0.0,1.0,0.0,0.0,0.0,0.0,2.0,0.0,0.0,0.0,0.5,0.0,1.0,0.0,0.0,0.0,0.0,17.0,0.0,0.0,0.0,0.0,12.0,1.27,0.235,0.59,0.0,4.0,0.4,0.0,0.5,0.0,1.0,1.0,0.333,1.0,7.4,0.0,1.0,0.0,12.2,1.0,0.5,3.0,0.0,0.5,0.333,9.8,1.0,0.0,1.0,0.0,4.0,1.0,,,,,,,,,,,,,,,1.0,0.2,1.0,1.0,0.0,1.0,1.0,0.0,0.2,,0.0,1.0,1.0,0.0,1.0,0.0,0.0,0.0,0.0,1.0,0.2,0.0,,0.0,0.0,0.2,0.6,0.333,0.4,1.0,1.0,0.0,0.333,1.0,0.0,2.0,0.2,1.0,3.0,,,,0.0,0.0,0.0,0.0,0.0,0.0,0.0,0.0,0.0,0.0,0.0,0.4,0.0,0.0,0.0,0.0,0.0,0.0,0.0,2.0,0.0,0.0,0.0,0.0,0.0,0.0,2.0,0.0,2.0,0.0,0.0,0.0,3.0,0.0,0.0,0.0,0.667,0.0,0.343,F-G,0.558,63.0,-0.076,113.0,0.633,0.0,0.0,0.0,3.0,0.0,,0.0,1.0,0.667,0.0,0.0,0.0,1.0,0.0,0.0,0.0,0.0,0.0,0.0,2.0,0.0,0.0,0.0,0.0,,,0.0,CLE,0.0,0.0,2.0,0.0,2.0,0.0,2023,22200685,,1.0,5.0,11.0,0.455,0.448,0.007,0.364,2.0,4.0,0.5,0.36,0.141,0.636,3.0,7.0,0.429,0.547,-0.118,0.364,1.0,4.0,0.25,0.637,-0.387,0.364,1.0,4.0,0.25,0.607,-0.357,0.364,2.0,4.0,0.5,0.362,0.138,4.0,3.0,1.0,1.0,0.0,0.0,0.0,0.0,0.0,0.0,0.0,0.0,0.0,0.0,0.0,0.0,0.0,0.0,0.0,0.0,0.0,17.0,0.0,0.0,0.0,0.0,0.0,0.0,0.0,0.0,0.0,0.0,0.0,0.0,0.0,0.0,0.0,0.0,0.0,21.65,8415.0,1.59,0.73,0.87,4.25,3.84,4.63,,,CLE,GSW,20230120,2022-23,False,CLE,GSW,,,,,,,,,,,,,,,,,,,,,,,,,,,,,,,,,,,,,,,,,,,,,,,,,,,,,,,,,,,,,,,,,,,,,,,,,,,,,,,,,,,,,,,,,,,,,,,,,,,,,,,,,,,,,,
1630171,Isaac Okoro,Isaac,1610612739,CLE,22.0,1,1,0,1.0,20.69,3,3,1.0,2,2,1.0,0,0,0.0,0,2,2,1,0,0,0,0,0,0,8,10,11.9,0,0,13.0,1,1,1,1,115,80,138,1,30,100,1,103,109,103,99,94,124,98,125,81,53,1,1,131,90,29,124,18,2,117,,82,134.9,134.9,27.7,109.1,85,43,0.065,121,27,95,100,3.0,25.8,0.0,0.065,95,14,140,27,109.1,0.0,3.0,0.053,1.333,38,0.0,1,106.2,100.92,0.074,102.68,25.8,131,1,82,177,84.1,72,1.333,82,99,100.92,177,14,20,3,133.9,80,0.096,0.0,13,25.0,3,138,0.045,0.0,1.0,0.0,1.0,0.1,0.1,3.0,6.0,10.0,0.0,1.0,0.0,0.0,0.0,0.0,1.0,0.0,0.0,0.0,1.0,0.0,0.0,0.0,0.0,0.0,0.0,13.0,0.0,0.0,0.0,0.0,7.0,2.3,0.615,1.08,0.0,8.0,0.5,0.0,0.5,1.0,0.0,2.0,0.5,0.0,13.2,0.0,0.0,0.0,0.0,0.0,0.0,4.0,1.0,0.667,0.667,13.2,2.0,0.0,0.0,0.0,4.0,0.0,,,,,,,,,,,,,,,1.0,0.333,1.0,1.0,0.0,1.0,1.0,0.0,0.333,,0.0,1.0,1.0,,,,,,,,,,,,,,0.667,1.5,0.667,0.0,0.0,1.0,1.0,,2.0,2.0,0.0,2.0,2.0,,,,0.0,0.0,0.0,0.0,0.0,0.0,0.0,0.0,0.0,6.0,0.0,1.333,0.0,1.0,1.0,0.0,0.0,0.0,0.0,2.0,1.0,0.0,0.0,1.0,1.0,0.0,1.0,0.0,1.0,1.0,0.0,2.0,1.0,0.0,0.0,0.0,1.0,1.0,0.338,F-G,0.545,84.0,-0.081,154.0,0.626,,2.0,0.0,1.0,0.0,0.0,0.0,0.0,1.0,0.0,0.0,0.0,2.0,0.0,0.0,0.0,0.0,1.0,0.0,1.0,,,0.0,0.0,0.0,0.0,0.0,CLE,2.0,1.0,2.0,2.0,2.0,1.5,2023,22200914,,1.0,2.0,3.0,0.667,0.445,0.222,0.333,1.0,1.0,1.0,0.365,0.635,0.667,1.0,2.0,0.5,0.515,-0.015,0.333,1.0,1.0,1.0,0.624,0.376,0.667,1.0,2.0,0.5,0.564,-0.064,0.333,1.0,1.0,1.0,0.373,0.627,1.0,1.0,0.0,1.0,0.0,0.0,0.0,0.0,0.0,0.0,0.0,0.0,0.0,0.0,0.0,0.0,0.0,0.0,0.0,0.0,0.0,13.0,0.0,0.0,0.0,0.0,0.0,0.0,0.0,0.0,0.0,0.0,0.0,0.0,0.0,0.0,0.0,0.0,0.0,20.68,7821.0,1.48,0.76,0.72,4.11,4.47,3.77,,,CLE,TOR,20230226,2022-23,False,CLE,TOR,,,,,,,,,,,,,,,,,,,,,,,,,,,,,,,,,,,,,,,,,,,,,,,,,,,,,,,,,,,,,,,,,,,,,,,,,,,,,,,,,,,,,,,,,,,,,,,,,,,,,,,,,,,,,,
1630171,Isaac Okoro,Isaac,1610612739,CLE,22.0,1,0,1,0.0,28.83333333333333,3,4,0.75,1,2,0.5,1,2,0.5,3,0,3,1,1,2,0,0,2,1,8,15,18.1,0,0,17.0,1,75,75,75,51,77,103,14,42,71,29,51,44,53,12,120,69,82,61,12,47,1,69,65,76,13,81,14,2,78,,73,135.6,135.6,23.3,108.3,96,59,0.091,101,23,63,50,3.0,27.3,14.3,0.088,63,21,93,23,108.3,1.0,4.0,0.043,0.875,72,0.111,106,111.0,99.05,0.0,98.32,27.3,120,103,105,130,82.54,114,0.82,105,21,99.05,132,21,24,16,134.3,77,0.068,14.5,19,14.3,16,103,0.058,0.0,1.0,0.0,2.0,0.048,0.048,4.0,15.0,21.0,0.0,1.0,1.0,1.0,0.0,0.667,3.0,0.0,0.0,0.333,0.333,2.0,1.0,0.0,0.0,0.0,1.0,27.0,0.0,0.0,0.0,0.0,19.0,1.87,0.296,1.15,0.0,8.0,0.8,1.0,0.75,0.0,3.0,0.0,0.0,1.0,0.0,0.0,1.0,0.0,8.9,0.333,0.333,2.0,0.0,0.75,0.0,8.9,2.0,2.0,1.0,0.0,4.0,1.0,,,,,,,,,,,,,,,1.0,0.5,2.0,2.0,0.0,2.0,2.0,0.0,0.5,,0.0,1.0,1.0,,,,,,,,,,,,,,0.5,0.75,0.5,0.0,0.0,0.5,0.5,,1.0,2.0,0.0,1.0,2.0,,,,0.0,0.0,0.0,0.0,0.0,0.0,0.0,0.0,0.0,3.0,0.0,0.875,0.0,0.5,1.0,0.0,1.0,1.0,0.0,1.0,0.0,0.0,0.0,0.0,1.0,0.0,1.0,0.0,1.0,1.0,0.0,1.0,1.0,1.0,1.0,0.0,1.0,0.0,0.317,F-G,0.6,12.0,-0.049,20.0,0.649,0.0,1.0,1.0,1.0,0.0,0.0,1.0,1.0,1.0,0.0,1.0,0.0,1.0,0.0,0.0,0.0,0.0,1.0,0.0,1.0,0.0,0.0,0.0,0.0,0.0,0.0,0.0,CLE,1.0,0.5,2.0,1.0,2.0,0.75,2023,22200193,,1.0,4.0,7.0,0.571,0.476,0.095,0.429,1.0,3.0,0.333,0.356,-0.023,0.571,3.0,4.0,0.75,0.558,0.193,0.143,1.0,1.0,1.0,0.696,0.304,0.286,2.0,2.0,1.0,0.633,0.367,0.571,2.0,4.0,0.5,0.376,0.124,3.0,2.0,1.0,3.0,0.0,0.0,0.0,1.0,0.0,1.0,1.0,0.0,0.0,0.0,0.0,0.0,0.0,0.0,0.0,0.0,0.0,27.0,0.0,0.0,0.0,0.0,0.0,0.0,0.0,0.0,0.0,0.0,0.0,0.0,0.0,0.0,0.0,0.0,0.0,28.83,11247.0,2.13,1.01,1.12,4.03,3.98,4.07,,,CLE,MIN,20221113,2022-23,False,CLE,MIN,,,,,,,,,,,,,,,,,,,,,,,,,,,,,,,,,,,,,,,,,,,,,,,,,,,,,,,,,,,,,,,,,,,,,,,,,,,,,,,,,,,,,,,,,,,,,,,,,,,,,,,,,,,,,,
1630171,Isaac Okoro,Isaac,1610612739,CLE,22.0,1,1,0,1.0,19.266666666666666,3,7,0.429,1,3,0.333,0,1,0.0,0,4,4,1,0,0,0,0,2,1,7,5,13.3,0,0,13.0,1,1,1,1,164,122,117,132,78,97,70,147,145,147,133,59,95,122,158,128,81,1,94,127,147,55,168,19,2,166,,10,86.8,86.8,5.2,71.8,126,38,0.167,97,49,4,130,3.0,15.0,0.0,0.18,4,219,95,49,71.8,0.0,7.0,0.143,0.5,133,0.0,1,78.6,95.92,0.211,93.48,15.0,43,1,202,139,79.93,230,0.47,202,133,95.92,129,219,86,169,83.8,122,0.09,0.0,222,12.5,109,117,0.091,0.0,1.0,0.0,2.0,0.05,0.05,3.0,16.0,20.0,0.0,0.0,0.0,0.333,0.0,0.667,3.0,0.0,0.0,0.0,0.0,2.0,3.0,0.0,0.0,0.0,1.0,27.0,2.0,0.0,0.0,0.0,16.0,1.79,0.259,0.7,0.0,7.0,0.8,1.0,0.5,0.0,3.0,3.0,0.8,0.0,11.9,0.0,1.0,1.0,0.0,0.0,0.25,5.0,0.0,0.5,0.8,11.9,3.0,0.0,0.0,0.25,8.0,0.0,2.0,0.286,1.0,1.0,2.0,0.0,1.0,2.0,0.0,,2.0,0.286,1.0,0.0,0.0,0.143,1.0,0.0,0.0,0.0,1.0,0.0,0.143,,0.0,0.0,0.0,0.0,1.0,0.0,0.0,0.0,0.0,1.0,0.143,0.0,,0.0,0.0,0.143,0.429,0.5,0.429,0.0,0.0,0.333,0.333,,1.0,3.0,0.0,1.0,3.0,,,,0.0,0.0,0.0,0.0,0.0,0.0,1.0,0.0,0.0,3.0,2.0,0.5,0.0,0.333,0.333,0.0,0.0,0.0,0.0,3.0,,0.0,0.0,,0.333,0.0,3.0,0.0,2.0,1.0,0.0,1.0,4.0,0.0,0.0,0.0,0.5,,0.354,F-G,0.578,52.0,-0.061,90.0,0.639,0.0,1.0,0.0,4.0,0.0,,0.0,0.0,0.5,0.0,0.0,0.0,3.0,0.0,0.0,0.0,0.0,0.333,0.0,2.0,0.0,0.0,0.0,0.0,,,0.0,CLE,1.0,0.5,2.0,1.0,2.0,0.75,2023,22200565,,1.0,6.0,10.0,0.6,0.463,0.137,0.1,1.0,1.0,1.0,0.383,0.617,0.9,5.0,9.0,0.556,0.488,0.068,0.4,3.0,4.0,0.75,0.605,0.146,0.4,3.0,4.0,0.75,0.56,0.19,0.3,1.0,3.0,0.333,0.402,-0.069,5.0,4.0,1.0,0.0,0.0,2.0,6.0,0.0,0.0,0.0,0.0,0.0,0.0,1.0,1.0,1.0,1.0,0.0,1.0,1.0,1.0,27.0,0.0,0.0,0.0,0.0,0.0,0.0,0.0,0.0,0.0,0.0,0.0,0.0,0.0,0.0,0.0,0.0,0.0,19.27,7883.0,1.49,0.74,0.75,4.41,4.28,3.96,,,CLE,PHX,20230104,2022-23,False,CLE,PHX,,,,,,,,,,,,,,,,,,,,,,,,,,,,,,,,,,,,,,,,,,,,,,,,,,,,,,,,,,,,,,,,,,,,,,,,,,,,,,,,,,,,,,,,,,,,,,,,,,,,,,,,,,,,,,
1630171,Isaac Okoro,Isaac,1610612739,CLE,22.0,1,0,1,0.0,24.23333333333333,3,6,0.5,2,3,0.667,1,2,0.5,1,1,2,1,1,1,0,2,3,2,9,-8,14.9,0,0,16.0,1,71,71,71,78,77,82,52,32,67,11,57,44,60,41,97,89,82,56,27,32,133,84,50,77,110,99,13,2,88,,86,113.0,113.0,-21.3,125.0,96,46,0.143,96,99,84,44,3.0,-12.0,11.1,0.137,84,86,95,99,125.0,1.0,6.0,0.063,0.667,90,0.036,88,124.3,93.09,0.063,97.85,-12.0,101,85,120,95,77.58,107,0.654,120,55,93.09,101,86,116,55,102.9,77,0.049,11.3,104,11.1,46,82,0.045,0.0,1.0,0.0,5.0,0.048,0.048,3.0,18.0,21.0,0.0,0.0,1.0,0.0,0.0,0.0,1.0,0.0,0.0,1.0,0.0,0.0,0.0,0.0,0.0,0.0,0.0,31.0,0.333,0.0,0.0,3.0,23.0,1.56,0.29,0.45,0.0,9.0,0.8,3.0,0.25,1.0,4.0,1.0,0.25,0.25,17.2,0.0,1.0,0.0,6.3,1.0,0.5,4.0,1.0,0.286,0.333,11.7,1.0,0.0,0.25,0.0,8.0,1.0,,,,,,,,,,,,,,,0.0,0.333,2.0,0.0,0.0,0.0,2.0,0.0,0.333,,0.0,0.0,0.0,1.0,1.0,0.0,1.0,1.0,0.0,1.0,0.167,0.0,,1.0,1.0,0.167,0.5,1.0,0.5,0.0,0.0,0.667,0.667,,2.0,3.0,0.0,2.0,3.0,,,,0.0,0.0,0.0,0.0,0.0,0.0,0.0,0.0,0.0,6.0,1.0,0.667,0.0,0.667,0.667,0.0,0.0,0.0,0.0,3.0,0.0,0.0,0.0,0.0,0.667,0.0,3.0,0.0,1.0,2.0,0.0,2.0,3.0,0.0,0.0,0.0,0.333,0.0,0.326,F-G,0.553,94.0,-0.072,170.0,0.625,0.0,2.0,0.0,3.0,0.0,,0.0,0.0,0.333,0.0,0.0,0.0,3.0,0.0,0.0,0.0,0.0,0.667,0.0,1.0,0.0,0.0,0.0,0.0,,,0.0,CLE,2.0,0.667,3.0,2.0,3.0,1.0,2023,22201035,,1.0,6.0,11.0,0.545,0.467,0.078,0.273,2.0,3.0,0.667,0.385,0.281,0.727,4.0,8.0,0.5,0.533,-0.033,0.182,1.0,2.0,0.5,0.513,-0.013,0.455,2.0,5.0,0.4,0.563,-0.163,0.273,2.0,3.0,0.667,0.387,0.279,4.0,3.0,1.0,2.0,0.0,0.0,0.0,1.0,0.0,1.0,1.0,0.0,0.0,1.0,1.0,1.0,0.0,0.0,1.0,1.0,0.0,31.0,0.0,0.0,0.0,0.0,0.0,0.0,0.0,0.0,0.0,0.0,0.0,0.0,0.0,0.0,0.0,0.0,0.0,24.23,9189.0,1.74,0.88,0.86,3.9,4.04,4.23,,,CLE,PHI,20230315,2022-23,False,CLE,PHI,,,,,,,,,,,,,,,,,,,,,,,,,,,,,,,,,,,,,,,,,,,,,,,,,,,,,,,,,,,,,,,,,,,,,,,,,,,,,,,,,,,,,,,,,,,,,,,,,,,,,,,,,,,,,,
1630171,Isaac Okoro,Isaac,1610612739,CLE,22.0,1,1,0,1.0,9.516666666666667,1,2,0.5,0,1,0.0,0,0,0.0,0,0,0,0,0,2,0,0,0,0,2,-5,8.0,0,0,6.0,1,1,1,1,184,159,177,83,126,141,126,121,123,121,96,192,196,160,135,12,56,1,1,147,177,146,172,18,2,178,,169,100.0,100.0,-22.1,126.3,130,19,0.1,160,177,173,110,1.0,-26.3,0.0,0.104,173,150,196,177,126.3,0.0,2.0,0.0,0.5,160,0.0,1,125.8,95.83,0.0,94.32,-26.3,192,1,190,188,79.86,188,0.5,190,96,95.83,186,150,165,136,103.7,159,0.069,0.0,134,0.0,114,177,0.0,0.0,0.0,0.0,1.0,0.0,0.0,0.0,3.0,3.0,0.0,1.0,0.0,1.0,0.0,1.0,2.0,0.0,0.0,0.0,0.5,2.0,1.0,0.0,0.0,0.0,1.0,5.0,0.0,0.0,0.0,0.0,3.0,2.29,0.4,1.2,0.0,2.0,0.2,0.0,,,,,,,,,,,,,,,,,,,,,,,,,,,,,,,,,,,,,,,,,,,,,,,,,,,,1.0,1.0,0.0,1.0,1.0,0.0,1.0,0.5,0.0,,1.0,1.0,0.5,0.5,0.0,0.5,0.0,0.0,0.0,0.0,,0.0,1.0,0.0,0.0,1.0,,,,0.0,0.0,0.0,0.0,0.0,0.0,0.0,0.0,0.0,0.0,0.0,0.5,0.0,0.0,0.0,0.0,0.0,0.0,,1.0,0.0,,,0.0,0.0,0.0,1.0,0.0,1.0,0.0,0.0,0.0,1.0,0.0,0.0,0.0,1.0,0.0,0.343,F-G,0.586,34.0,-0.045,58.0,0.631,,0.0,0.0,1.0,,,0.0,0.0,1.0,0.0,0.0,0.0,1.0,0.0,0.0,,,0.0,0.0,1.0,,,0.0,0.0,,,0.0,CLE,0.0,0.0,1.0,0.0,1.0,0.0,2023,22200431,,1.0,1.0,2.0,0.5,0.491,0.009,0.5,0.0,1.0,0.0,0.323,-0.323,0.5,1.0,1.0,1.0,0.638,0.362,0.5,1.0,1.0,1.0,0.697,0.303,0.5,1.0,1.0,1.0,0.67,0.33,0.5,0.0,1.0,0.0,0.324,-0.324,1.0,0.0,1.0,2.0,0.0,0.0,0.0,0.0,0.0,0.0,0.0,0.0,0.0,0.0,0.0,0.0,0.0,0.0,0.0,0.0,0.0,5.0,0.0,0.0,0.0,0.0,0.0,0.0,0.0,0.0,0.0,0.0,0.0,0.0,0.0,0.0,0.0,0.0,0.0,9.52,3664.0,0.69,0.32,0.38,4.17,3.61,4.72,,,CLE,IND,20221216,2022-23,False,CLE,IND,,,,,,,,,,,,,,,,,,,,,,,,,,,,,,,,,,,,,,,,,,,,,,,,,,,,,,,,,,,,,,,,,,,,,,,,,,,,,,,,,,,,,,,,,,,,,,,,,,,,,,,,,,,,,,
1630171,Isaac Okoro,Isaac,1610612739,CLE,22.0,1,1,0,1.0,25.55,2,5,0.4,1,2,0.5,0,1,0.0,1,0,1,2,0,0,0,2,1,2,5,3,9.2,0,0,9.0,1,1,1,1,58,68,77,62,38,60,17,68,64,68,27,108,102,46,77,50,43,116,25,37,78,50,97,11,1,95,,80,133.3,133.3,18.7,119.6,97,48,0.093,70,34,87,66,2.0,13.7,0.0,0.103,87,14,111,34,119.6,0.0,5.0,0.095,0.5,19,0.045,1,115.4,92.99,0.0,94.46,13.7,108,1,97,109,77.5,93,0.46,97,37,92.99,109,14,32,77,134.1,68,0.021,0.0,14,28.6,54,77,0.024,0.0,4.0,2.0,3.0,0.111,0.222,4.0,16.0,18.0,0.0,1.0,0.0,0.5,0.0,0.667,3.0,0.0,0.0,0.0,0.333,2.0,2.0,0.333,0.0,1.0,1.0,23.0,0.0,0.0,0.0,0.0,18.0,1.81,0.217,0.96,0.0,5.0,0.7,1.0,0.25,0.0,2.0,0.0,0.0,0.5,0.0,0.0,0.0,0.0,8.1,0.0,0.0,2.0,0.0,0.25,0.0,8.1,1.0,1.0,0.5,0.0,4.0,0.0,0.0,0.2,0.0,0.0,1.0,0.0,1.0,0.0,0.0,,1.0,0.2,0.0,0.0,0.5,0.4,2.0,1.0,0.0,1.0,2.0,0.0,0.4,,0.0,0.5,0.5,,,,,,,,,,,,,,0.4,0.75,0.4,0.0,0.0,0.5,0.5,,1.0,2.0,0.0,1.0,2.0,,,,0.0,0.0,0.0,0.0,0.0,0.0,0.0,0.0,0.0,3.0,0.0,0.5,0.0,0.5,0.0,0.0,2.0,1.0,0.0,2.0,1.0,0.0,0.0,1.0,0.5,0.0,1.0,0.0,0.0,0.0,0.0,1.0,1.0,0.5,0.0,0.0,0.0,1.0,0.341,F-G,0.563,67.0,-0.07,119.0,0.633,0.0,1.0,0.0,2.0,0.0,,0.0,0.0,0.5,0.0,1.0,0.0,2.0,0.0,0.0,0.0,0.0,0.5,0.0,1.0,0.0,0.0,0.0,0.0,,,0.0,CLE,1.0,0.5,2.0,1.0,2.0,0.75,2023,22200733,,1.0,5.0,6.0,0.833,0.42,0.413,0.5,2.0,3.0,0.667,0.305,0.362,0.5,3.0,3.0,1.0,0.515,0.485,0.333,2.0,2.0,1.0,0.608,0.393,0.333,2.0,2.0,1.0,0.576,0.425,0.5,2.0,3.0,0.667,0.312,0.354,2.0,0.0,2.0,3.0,0.0,0.0,0.0,0.0,1.0,1.0,0.0,1.0,0.0,0.0,0.0,0.0,0.0,0.0,0.0,0.0,0.0,23.0,0.0,0.0,0.0,0.0,0.0,0.0,0.0,0.0,0.0,0.0,0.0,0.0,0.0,0.0,0.0,0.0,0.0,25.55,9654.0,1.83,0.84,0.99,4.02,3.61,4.42,,,HOU,CLE,20230126,2022-23,False,CLE,HOU,,,,,,,,,,,,,,,,,,,,,,,,,,,,,,,,,,,,,,,,,,,,,,,,,,,,,,,,,,,,,,,,,,,,,,,,,,,,,,,,,,,,,,,,,,,,,,,,,,,,,,,,,,,,,,
1630171,Isaac Okoro,Isaac,1610612739,CLE,22.0,1,0,1,0.0,32.181666666666665,1,11,0.091,0,5,0.0,0,0,0.0,4,1,5,1,1,1,0,1,2,0,2,-13,11.5,0,0,10.0,1,114,114,114,48,149,59,189,123,48,123,108,114,108,5,148,59,104,78,41,68,140,97,154,173,195,151,17,1,151,,88,87.1,87.1,-16.6,109.8,204,62,0.16,138,180,108,64,1.0,-22.7,7.7,0.17,108,185,123,180,109.8,1.0,11.0,0.048,0.091,137,0.093,94,105.7,91.73,0.034,92.5,-22.7,182,92,202,129,76.44,198,0.091,202,35,91.73,118,185,162,195,89.1,149,-0.058,7.7,178,7.7,189,59,0.069,1.0,2.0,0.0,5.0,0.043,0.087,4.0,23.0,23.0,0.0,1.0,0.0,0.0,0.0,0.0,5.0,0.0,0.0,0.0,0.2,0.0,4.0,0.0,0.0,0.0,0.0,36.0,0.0,0.0,0.0,0.0,27.0,2.16,0.056,1.28,0.0,2.0,1.3,2.0,0.5,0.0,7.0,1.0,0.333,0.571,6.1,0.0,2.0,0.0,11.8,0.5,0.4,3.0,0.0,0.5,0.333,10.7,3.0,2.0,0.571,0.0,10.0,2.0,0.0,0.091,0.0,0.0,1.0,0.0,1.0,0.0,0.0,,1.0,0.091,0.0,0.0,0.0,0.364,4.0,0.0,0.0,0.0,4.0,0.0,0.364,,0.0,0.0,0.0,1.0,1.0,0.0,1.0,1.0,0.0,1.0,0.091,0.0,,1.0,1.0,0.091,0.455,0.0,0.455,0.0,0.0,0.0,0.0,,0.0,5.0,0.0,0.0,5.0,,,,0.0,0.0,0.0,0.0,0.0,0.0,0.0,0.0,0.0,0.0,0.0,0.091,0.0,0.0,0.0,0.0,2.0,0.0,0.0,3.0,1.0,0.0,0.0,0.0,0.0,0.0,2.0,0.0,1.0,0.0,0.0,0.0,4.0,0.0,2.0,0.0,0.25,0.0,0.288,F-G,0.611,22.0,-0.032,36.0,0.643,0.0,0.0,0.0,4.0,0.0,,0.0,1.0,0.25,0.0,2.0,0.0,4.0,0.0,0.0,0.0,0.0,0.0,0.0,1.0,0.0,0.0,0.0,0.0,,,0.0,CLE,0.0,0.0,5.0,0.0,5.0,0.0,2023,22200303,,1.0,6.0,11.0,0.545,0.464,0.082,0.455,2.0,5.0,0.4,0.312,0.088,0.545,4.0,6.0,0.667,0.548,0.119,0.273,2.0,3.0,0.667,0.651,0.016,0.364,2.0,4.0,0.5,0.598,-0.098,0.455,2.0,5.0,0.4,0.314,0.086,7.0,4.0,3.0,1.0,0.0,0.0,0.0,1.0,0.0,1.0,1.0,0.0,0.0,3.0,3.0,3.0,0.0,0.0,1.0,1.0,0.0,36.0,0.0,0.0,0.0,0.0,0.0,0.0,0.0,0.0,0.0,0.0,0.0,0.0,0.0,0.0,0.0,0.0,0.0,32.18,12430.0,2.35,1.17,1.18,4.16,4.27,4.05,,,TOR,CLE,20221128,2022-23,False,CLE,TOR,,,,,,,,,,,,,,,,,,,,,,,,,,,,,,,,,,,,,,,,,,,,,,,,,,,,,,,,,,,,,,,,,,,,,,,,,,,,,,,,,,,,,,,,,,,,,,,,,,,,,,,,,,,,,,
1630171,Isaac Okoro,Isaac,1610612739,CLE,22.0,1,1,0,1.0,26.94333333333333,1,5,0.2,0,2,0.0,0,0,0.0,0,1,1,0,3,0,0,2,1,0,2,-4,0.2,0,0,3.0,1,1,1,1,75,145,111,169,123,105,123,108,117,108,99,131,153,149,8,83,72,180,38,147,162,132,196,22,2,183,,76,94.7,94.7,-12.8,105.5,192,57,0.119,149,132,60,110,1.0,-10.7,37.5,0.125,60,176,172,132,105.5,0.0,5.0,0.0,0.2,149,0.0,198,108.9,99.76,0.037,97.52,-10.7,165,198,108,155,83.14,148,0.2,108,99,99.76,155,176,143,180,96.1,145,-0.046,37.5,171,0.0,171,111,0.019,0.0,0.0,0.0,0.0,0.0,0.0,0.0,12.0,14.0,0.0,0.0,0.0,0.0,0.0,0.0,1.0,0.0,0.0,0.0,0.0,0.0,1.0,0.0,0.0,0.0,0.0,21.0,0.0,0.0,0.0,0.0,16.0,2.44,0.095,1.19,0.0,2.0,0.9,0.0,0.2,0.0,2.0,1.0,0.333,0.0,6.3,0.0,0.0,0.0,0.0,0.0,0.0,3.0,0.0,0.2,0.333,6.3,1.0,0.0,0.0,0.0,5.0,0.0,0.0,0.4,0.0,0.0,2.0,0.0,1.0,0.0,0.0,,2.0,0.4,0.0,0.0,1.0,0.2,1.0,1.0,0.0,1.0,1.0,0.0,0.2,,0.0,1.0,1.0,,1.0,1.0,0.0,0.0,0.0,0.0,0.2,0.2,0.0,0.0,0.0,0.0,0.2,0.0,0.2,0.0,0.0,0.0,0.0,,0.0,1.0,0.0,0.0,1.0,,,,0.0,0.0,0.0,0.0,0.0,0.0,0.0,0.0,0.0,0.0,0.0,0.2,0.0,0.0,0.0,0.0,0.0,0.0,0.0,1.0,0.0,0.0,0.0,0.0,0.0,0.0,1.0,0.0,1.0,0.0,0.0,0.0,3.0,0.0,1.0,0.0,0.333,0.0,0.182,F-G,0.0,0.0,-0.651,2.0,0.651,0.0,0.0,0.0,3.0,0.0,,0.0,1.0,0.333,0.0,0.0,0.0,1.0,0.0,0.0,0.0,0.0,0.0,0.0,1.0,0.0,0.0,0.0,0.0,,,0.0,CLE,0.0,0.0,2.0,0.0,2.0,0.0,2023,22200032,,1.0,5.0,10.0,0.5,0.492,0.008,0.6,3.0,6.0,0.5,0.355,0.145,0.4,2.0,4.0,0.5,0.563,-0.063,0.2,0.0,2.0,0.0,0.651,-0.651,0.2,0.0,2.0,0.0,0.624,-0.624,0.7,4.0,7.0,0.571,0.374,0.197,7.0,2.0,5.0,1.0,0.0,0.0,0.0,0.0,0.0,0.0,0.0,0.0,0.0,0.0,0.0,0.0,0.0,0.0,0.0,0.0,0.0,21.0,0.0,0.0,0.0,0.0,0.0,0.0,0.0,0.0,0.0,0.0,0.0,0.0,0.0,0.0,0.0,0.0,0.0,26.95,10298.0,1.95,0.96,0.99,4.17,3.95,4.43,,,CHI,CLE,20221022,2022-23,False,CLE,CHI,,,,,,,,,,,,,,,,,,,,,,,,,,,,,,,,,,,,,,,,,,,,,,,,,,,,,,,,,,,,,,,,,,,,,,,,,,,,,,,,,,,,,,,,,,,,,,,,,,,,,,,,,,,,,,
1630171,Isaac Okoro,Isaac,1610612739,CLE,22.0,1,1,0,1.0,15.105,1,3,0.333,0,1,0.0,2,2,1.0,0,1,1,0,1,0,1,0,4,1,4,8,7.2,0,0,7.0,1,1,1,1,126,121,132,117,84,111,84,45,52,1,84,115,128,129,67,90,15,1,140,76,119,39,133,13,1,134,,33,123.3,123.3,34.3,93.5,156,30,0.167,129,23,42,96,1.0,29.8,20.0,0.163,42,45,131,23,93.5,0.0,3.0,0.0,0.333,129,0.0,136,89.2,96.92,0.059,99.27,29.8,128,132,158,86,80.77,150,0.515,158,84,96.92,94,45,18,95,123.5,121,-0.028,20.5,30,0.0,124,132,0.038,0.0,0.0,0.0,0.0,0.0,0.0,0.0,5.0,3.0,0.0,0.0,0.0,0.0,0.0,0.0,1.0,0.0,0.0,0.0,0.0,0.0,1.0,0.0,0.0,0.0,0.0,8.0,2.0,0.0,0.0,0.0,6.0,2.04,0.5,1.13,0.0,4.0,0.3,1.0,0.333,0.0,0.0,1.0,0.333,0.0,4.2,0.0,0.0,0.0,0.0,0.0,0.0,3.0,0.0,0.333,0.333,4.2,1.0,0.0,0.0,0.0,3.0,0.0,,,,,,,,,,,,,,,0.5,0.667,2.0,1.0,0.0,1.0,2.0,0.0,0.667,,0.0,0.5,0.5,,,,,,,,,,,,,,0.333,0.0,0.333,0.0,0.0,0.0,0.0,,0.0,1.0,0.0,0.0,1.0,,,,0.0,0.0,0.0,0.0,0.0,0.0,1.0,0.0,0.0,0.0,2.0,0.333,0.0,0.0,0.0,0.0,1.0,0.0,0.0,1.0,,0.0,0.0,,0.0,0.0,1.0,0.0,1.0,0.0,0.0,0.0,1.0,0.0,0.0,0.0,1.0,,0.318,F-G,0.607,17.0,-0.038,28.0,0.645,0.0,0.0,0.0,1.0,0.0,,0.0,0.0,1.0,0.0,1.0,0.0,1.0,0.0,0.0,0.0,0.0,0.0,0.0,1.0,0.0,0.0,0.0,0.0,,,0.0,CLE,0.0,0.0,1.0,0.0,1.0,0.0,2023,22200248,,1.0,1.0,9.0,0.111,0.442,-0.33,0.222,0.0,2.0,0.0,0.331,-0.331,0.778,1.0,7.0,0.143,0.489,-0.346,,,,,,,0.333,1.0,3.0,0.333,0.512,-0.179,0.222,0.0,2.0,0.0,0.361,-0.361,7.0,5.0,2.0,1.0,0.0,0.0,0.0,1.0,0.0,1.0,1.0,0.0,0.0,1.0,1.0,1.0,0.0,0.0,1.0,1.0,0.0,8.0,0.0,0.0,0.0,0.0,0.0,0.0,0.0,0.0,0.0,0.0,0.0,0.0,0.0,0.0,0.0,0.0,0.0,15.1,5568.0,1.05,0.48,0.58,4.03,4.02,4.04,,,CLE,ATL,20221121,2022-23,False,CLE,ATL,,,,,,,,,,,,,,,,,,,,,,,,,,,,,,,,,,,,,,,,,,,,,,,,,,,,,,,,,,,,,,,,,,,,,,,,,,,,,,,,,,,,,,,,,,,,,,,,,,,,,,,,,,,,,,
1630171,Isaac Okoro,Isaac,1610612739,CLE,22.0,1,1,0,1.0,22.706666666666667,4,6,0.667,0,1,0.0,1,1,1.0,0,4,4,0,0,1,0,1,1,2,9,0,16.8,0,0,15.0,1,1,1,1,131,89,138,32,144,164,144,98,124,1,122,69,88,187,184,50,87,168,43,78,121,120,133,17,3,146,,40,79.2,79.2,-0.8,84.4,31,48,0.109,187,141,45,142,4.0,-5.3,0.0,0.126,45,213,128,141,84.4,0.0,6.0,0.0,0.667,187,0.0,1,83.3,98.3,0.148,96.94,-5.3,104,1,176,215,81.91,213,0.699,176,122,98.3,199,213,122,63,82.5,89,0.179,0.0,214,0.0,59,138,0.078,0.0,0.0,0.0,1.0,0.0,0.0,0.0,18.0,21.0,0.0,0.0,0.0,1.0,0.0,2.0,2.0,0.0,0.0,0.0,0.0,4.0,2.0,0.0,0.0,0.0,2.0,28.0,0.0,0.0,0.0,0.0,16.0,3.65,0.321,2.39,0.0,9.0,1.7,1.0,0.667,0.0,0.0,3.0,0.667,0.0,6.4,0.0,1.0,1.0,0.0,0.0,0.25,6.0,0.0,0.667,0.667,6.4,3.0,0.0,0.0,0.25,6.0,0.0,1.0,0.167,1.0,1.0,1.0,0.0,1.0,1.0,0.0,,1.0,0.167,1.0,0.0,0.75,0.667,4.0,3.0,0.0,3.0,4.0,0.0,0.667,,0.0,0.75,0.75,,,,,,,,,,,,,,0.167,0.0,0.167,0.0,0.0,0.0,0.0,,0.0,1.0,0.0,0.0,1.0,,,,0.0,0.0,0.0,0.0,0.0,0.0,0.0,0.0,0.0,0.0,0.0,0.667,0.0,0.0,0.0,0.0,2.0,1.0,0.0,0.0,0.0,0.0,0.0,0.0,0.0,0.0,0.0,0.0,3.0,0.0,0.0,0.0,3.0,0.5,1.0,0.0,1.0,0.0,0.326,F-G,0.5,7.0,-0.143,14.0,0.643,0.0,0.0,1.0,3.0,0.0,0.0,0.5,0.0,1.0,0.0,2.0,0.0,1.0,0.0,0.0,0.0,0.0,0.0,0.0,3.0,0.0,0.0,0.0,0.0,0.0,0.0,0.0,CLE,0.0,0.0,1.0,0.0,1.0,0.0,2023,22200120,,1.0,3.0,5.0,0.6,0.445,0.155,0.4,1.0,2.0,0.5,0.343,0.157,0.6,2.0,3.0,0.667,0.512,0.155,0.2,1.0,1.0,1.0,0.521,0.479,0.2,1.0,1.0,1.0,0.482,0.518,0.6,1.0,3.0,0.333,0.383,-0.049,3.0,3.0,0.0,2.0,0.0,0.0,0.0,1.0,0.0,1.0,1.0,0.0,0.0,1.0,1.0,1.0,1.0,0.0,1.0,1.0,1.0,28.0,0.0,0.0,0.0,0.0,0.0,0.0,0.0,0.0,0.0,0.0,0.0,0.0,0.0,0.0,0.0,0.0,0.0,22.7,8721.0,1.65,0.9,0.75,4.17,4.01,4.36,,,DET,CLE,20221104,2022-23,False,CLE,DET,,,,,,,,,,,,,,,,,,,,,,,,,,,,,,,,,,,,,,,,,,,,,,,,,,,,,,,,,,,,,,,,,,,,,,,,,,,,,,,,,,,,,,,,,,,,,,,,,,,,,,,,,,,,,,
1630171,Isaac Okoro,Isaac,1610612739,CLE,22.0,1,1,0,1.0,23.221666666666668,5,9,0.556,4,6,0.667,0,2,0.0,0,3,3,0,1,0,0,0,2,2,14,-11,16.6,0,0,21.0,1,1,1,1,106,62,77,58,5,26,13,95,62,95,91,74,94,131,74,89,71,1,79,58,55,152,115,15,2,91,,156,104.2,104.2,-17.8,129.8,120,48,0.216,131,154,165,99,5.0,-25.6,9.1,0.227,165,119,88,154,129.8,0.0,9.0,0.0,0.778,131,0.0,87,126.6,98.18,0.143,97.32,-25.6,72,86,124,64,81.82,137,0.709,124,91,98.18,60,119,140,48,108.8,62,0.069,9.2,89,0.0,25,77,0.077,0.0,1.0,1.0,1.0,0.0,0.067,0.0,20.0,15.0,0.0,2.0,0.0,1.0,0.0,0.667,3.0,0.0,0.0,0.0,0.667,2.0,1.0,0.0,0.0,0.0,1.0,26.0,0.0,0.0,0.0,1.0,16.0,1.79,0.538,1.04,0.0,14.0,0.8,0.0,0.5,0.0,0.0,2.0,0.5,0.0,4.6,0.0,1.0,1.0,0.0,0.0,0.333,6.0,0.0,0.5,0.5,4.6,2.0,0.0,0.0,0.333,6.0,0.0,0.0,0.111,0.0,0.0,1.0,0.0,1.0,0.0,0.0,,1.0,0.111,0.0,0.0,1.0,0.111,1.0,1.0,0.0,1.0,1.0,0.0,0.111,,0.0,1.0,1.0,0.0,2.0,1.0,0.0,0.75,1.0,1.0,0.222,0.111,1.0,0.5,1.0,0.111,0.556,0.9,0.556,0.0,0.0,0.6,0.6,,3.0,5.0,0.0,3.0,5.0,1.5,1.0,1.0,1.0,1.0,1.0,3.0,1.0,0.0,0.0,0.0,0.0,9.0,0.0,0.778,0.0,0.6,0.0,2.0,0.0,0.0,0.0,4.0,3.0,0.0,0.0,0.667,0.5,0.0,1.0,0.0,1.0,0.0,0.0,2.0,3.0,0.0,2.0,1.0,0.333,2.0,0.348,F-G,0.574,54.0,-0.063,94.0,0.637,0.0,3.0,0.0,3.0,0.0,,0.0,1.0,0.333,1.0,0.0,0.0,5.0,0.0,0.0,0.0,0.0,0.6,0.0,1.0,0.0,0.0,0.0,1.0,,,0.0,CLE,3.0,0.6,5.0,3.0,5.0,0.9,2023,22200603,,1.0,7.0,9.0,0.778,0.428,0.35,0.333,3.0,3.0,1.0,0.379,0.621,0.667,4.0,6.0,0.667,0.472,0.195,0.222,1.0,2.0,0.5,0.506,-0.006,0.667,4.0,6.0,0.667,0.512,0.154,0.333,3.0,3.0,1.0,0.373,0.627,3.0,3.0,0.0,1.0,0.0,0.0,0.0,0.0,0.0,0.0,0.0,0.0,0.0,2.0,2.0,2.0,0.0,0.0,1.0,1.0,0.0,26.0,0.0,0.0,0.0,0.0,0.0,0.0,0.0,0.0,0.0,0.0,0.0,0.0,0.0,0.0,0.0,0.0,0.0,23.22,9033.0,1.71,0.83,0.88,4.16,3.88,4.46,,,PHX,CLE,20230108,2022-23,False,CLE,PHX,,,,,,,,,,,,,,,,,,,,,,,,,,,,,,,,,,,,,,,,,,,,,,,,,,,,,,,,,,,,,,,,,,,,,,,,,,,,,,,,,,,,,,,,,,,,,,,,,,,,,,,,,,,,,,
1630171,Isaac Okoro,Isaac,1610612739,CLE,22.0,1,0,1,0.0,31.7,3,6,0.5,1,4,0.25,6,6,1.0,1,3,4,1,0,0,0,0,1,3,13,3,19.3,0,0,19.0,1,146,146,146,81,127,159,94,82,84,122,16,30,1,88,110,110,147,197,135,89,1,56,55,89,102,146,27,1,139,,163,124.2,124.2,12.0,113.8,140,62,0.13,198,94,167,167,3.0,10.3,0.0,0.127,167,65,170,94,113.8,0.0,6.0,0.045,0.583,179,0.031,1,112.6,96.15,0.107,96.55,10.3,162,1,228,209,80.13,225,0.752,228,141,96.15,213,65,82,49,124.6,127,0.094,0.0,61,10.0,101,159,0.067,0.0,1.0,0.0,6.0,0.045,0.045,2.0,23.0,22.0,2.0,1.0,0.0,0.0,0.5,1.0,2.0,2.0,1.0,0.0,0.5,2.0,0.0,0.0,1.0,0.0,0.0,32.0,0.0,0.0,2.0,1.0,23.0,2.79,0.406,1.75,0.0,13.0,1.5,3.0,0.571,0.0,3.0,3.0,0.75,0.333,6.3,0.0,1.0,0.0,8.0,1.0,0.25,4.0,0.0,0.571,0.75,6.7,3.0,0.0,0.333,0.0,7.0,1.0,,,,,,,,,,,,,,,,,,,,,,,,,,,,1.0,1.0,0.0,1.0,1.0,0.0,1.0,0.167,0.0,,1.0,1.0,0.167,0.833,0.5,0.667,1.0,1.0,0.25,0.4,1.0,1.0,4.0,0.167,2.0,5.0,1.5,1.0,1.0,1.0,1.0,1.0,3.0,1.0,0.0,0.0,1.0,2.0,0.0,0.0,0.583,0.0,0.0,0.0,1.0,0.0,0.0,0.0,2.0,1.0,0.0,0.0,0.0,0.0,0.0,1.0,0.0,2.0,0.0,0.0,0.0,2.0,0.0,2.0,0.5,1.0,0.0,0.291,F-G,0.6,18.0,-0.047,30.0,0.647,0.0,0.0,0.0,2.0,0.0,0.0,0.0,2.0,1.0,0.5,0.0,0.0,2.0,0.0,0.0,0.0,0.0,0.0,0.0,2.0,0.0,0.0,0.0,1.0,0.0,0.0,0.0,CLE,0.0,0.0,3.0,0.0,3.0,0.0,2023,22200280,,1.0,4.0,11.0,0.364,0.46,-0.096,0.364,3.0,4.0,0.75,0.368,0.382,0.636,1.0,7.0,0.143,0.514,-0.372,0.182,1.0,2.0,0.5,0.671,-0.171,0.455,1.0,5.0,0.2,0.573,-0.373,0.364,3.0,4.0,0.75,0.384,0.366,4.0,3.0,1.0,0.0,0.0,0.0,0.0,0.0,0.0,0.0,0.0,0.0,0.0,1.0,1.0,0.0,0.0,0.0,1.0,0.0,0.0,32.0,0.0,0.0,0.0,0.0,0.0,0.0,0.0,0.0,0.0,0.0,0.0,0.0,0.0,0.0,0.0,0.0,0.0,31.7,12754.0,2.42,1.22,1.2,4.2,4.16,4.26,,,MIL,CLE,20221125,2022-23,False,CLE,MIL,,,,,,,,,,,,,,,,,,,,,,,,,,,,,,,,,,,,,,,,,,,,,,,,,,,,,,,,,,,,,,,,,,,,,,,,,,,,,,,,,,,,,,,,,,,,,,,,,,,,,,,,,,,,,,
1630171,Isaac Okoro,Isaac,1610612739,CLE,22.0,1,0,1,0.0,17.126666666666665,4,9,0.444,1,5,0.2,0,0,0.0,0,0,0,0,0,0,2,1,1,0,9,1,15.0,0,0,14.0,1,41,41,41,57,36,35,38,24,21,41,42,43,42,39,67,69,56,48,33,4,49,15,57,41,33,47,9,1,47,,7,90.9,90.9,7.5,85.3,14,33,0.237,56,31,7,42,4.0,5.6,0.0,0.248,7,69,69,31,85.3,0.0,9.0,0.0,0.5,56,0.0,1,82.7,93.89,0.0,95.79,5.6,67,1,50,14,78.24,46,0.5,50,39,93.89,15,69,30,46,90.1,36,0.14,0.0,70,0.0,36,35,0.0,0.0,0.0,0.0,0.0,0.0,0.0,0.0,15.0,10.0,0.0,0.0,0.0,0.667,0.0,1.333,3.0,0.0,0.0,0.0,0.0,4.0,3.0,0.0,0.0,0.0,2.0,20.0,0.0,0.0,0.0,0.0,13.0,1.33,0.45,0.6,0.0,9.0,0.4,0.0,,,,,,,,,,,,,,,,,,,,,,,,,1.0,0.111,1.0,1.0,1.0,0.0,1.0,1.0,0.0,,1.0,0.111,1.0,0.0,0.667,0.333,3.0,2.0,0.0,2.0,3.0,0.0,0.333,,0.0,0.667,0.667,,,,,,,,,,,,,,0.556,0.3,0.556,0.0,0.0,0.2,0.2,,1.0,5.0,0.0,1.0,5.0,,,,0.0,0.0,0.0,0.0,0.0,0.0,0.0,0.0,0.0,3.0,0.0,0.5,0.0,0.2,0.333,0.0,1.0,1.0,0.0,5.0,2.0,0.0,0.0,0.0,0.2,0.0,3.0,0.0,2.0,1.0,0.0,1.0,3.0,1.0,0.0,0.0,0.667,0.0,0.154,F-G,0.75,3.0,0.08,4.0,0.67,,1.0,1.0,3.0,0.0,,1.0,0.0,0.667,0.0,1.0,0.0,5.0,0.0,0.0,0.0,0.0,0.2,0.0,2.0,,,0.0,0.0,,,0.0,CLE,1.0,0.2,5.0,1.0,5.0,0.3,2023,42200134,,1.0,1.0,7.0,0.143,0.497,-0.355,0.143,1.0,1.0,1.0,0.398,0.602,0.857,0.0,6.0,0.0,0.548,-0.548,0.143,0.0,1.0,0.0,0.687,-0.687,0.571,0.0,4.0,0.0,0.6,-0.6,0.429,1.0,3.0,0.333,0.423,-0.09,6.0,5.0,1.0,0.0,0.0,0.0,0.0,0.0,0.0,0.0,0.0,0.0,0.0,1.0,1.0,0.0,0.0,0.0,1.0,0.0,0.0,20.0,0.0,0.0,0.0,0.0,0.0,0.0,0.0,0.0,0.0,0.0,0.0,0.0,0.0,0.0,0.0,0.0,0.0,17.13,6495.0,1.23,0.58,0.65,3.81,3.77,3.86,1610612752.0,CLE_NYK_2023,NYK,CLE,20230423,2022-23,True,CLE,NYK,CLE,1610612739.0,1610612739.0,CLE,1610612739.0,CLE,1610612739.0,CLE,,,,,,,,,,,,,,,,,,,,,,,,,,,,,,,,,,,,,,,,,,,,,,,,,,,,,,,,,,,,,,,,,,,,,,,,,,,,,,,,,,,,,,,,,,,,,,,,,,,,,,
1630171,Isaac Okoro,Isaac,1610612739,CLE,22.0,1,1,0,1.0,2.75,0,1,0.0,0,0,0.0,0,0,0.0,1,0,1,0,2,0,0,0,2,1,0,2,-0.8,0,0,1.0,1,1,1,1,53,46,49,46,30,40,30,25,27,25,17,49,45,36,15,32,22,1,32,24,48,23,60,6,1,51,,2,80.0,80.0,30.0,40.0,61,5,0.5,36,4,2,29,0.0,40.0,66.7,0.5,2,52,1,4,40.0,0.0,1.0,0.0,0.0,36,0.5,60,50.0,87.27,0.0,78.55,40.0,49,60,57,2,72.73,57,0.0,57,1,87.27,2,52,7,48,80.0,46,-4.5,66.7,52,0.0,46,49,0.25,0.0,0.0,0.0,0.0,0.0,0.0,0.0,3.0,2.0,0.0,1.0,0.0,0.0,0.0,0.0,2.0,0.0,0.0,0.0,0.5,0.0,1.0,0.0,0.0,0.0,0.0,5.0,0.0,0.0,0.0,0.0,4.0,1.66,0.0,1.2,0.0,0.0,0.1,2.0,0.5,0.0,1.0,0.0,0.0,1.0,0.0,0.0,0.0,0.0,5.8,0.0,0.0,1.0,0.0,0.5,0.0,5.8,1.0,1.0,1.0,0.0,2.0,0.0,,,,,,,,,,,,,,,0.0,1.0,1.0,0.0,0.0,0.0,1.0,0.0,1.0,,0.0,0.0,0.0,,,,,,,,,,,,,,,,,,,,,,,,,,,,,,,0.0,0.0,0.0,,0.0,0.0,0.0,0.0,0.0,0.0,0.0,0.0,0.0,,0.0,0.0,0.0,0.0,0.0,0.0,0.0,0.0,0.0,0.0,0.0,,0.0,0.0,,0.0,0.0,1.0,0.0,0.0,0.0,0.0,0.0,0.231,F-G,1.0,3.0,0.335,3.0,0.665,,0.0,0.0,1.0,0.0,,0.0,0.0,0.0,0.0,0.0,,0.0,,0.0,0.0,0.0,0.0,0.0,0.0,,,0.0,0.0,,,,CLE,0.0,,,,0.0,,2023,42200132,,1.0,1.0,2.0,0.5,0.488,0.012,0.5,0.0,1.0,0.0,0.398,-0.398,0.5,1.0,1.0,1.0,0.524,0.476,,,,,,,,,,,,,1.0,1.0,2.0,0.5,0.423,0.077,1.0,1.0,0.0,0.0,1.0,0.0,0.0,0.0,0.0,0.0,0.0,0.0,0.0,0.0,0.0,0.0,0.0,0.0,0.0,0.0,0.0,5.0,0.0,0.0,0.0,0.0,0.0,0.0,0.0,0.0,0.0,0.0,0.0,0.0,0.0,0.0,0.0,0.0,0.0,2.75,1009.0,0.19,0.08,0.11,4.25,4.5,4.03,1610612752.0,CLE_NYK_2023,CLE,NYK,20230418,2022-23,True,CLE,NYK,,,1610612739.0,CLE,1610612739.0,CLE,1610612739.0,CLE,,,,,,,,,,,,,,,,,,,,,,,,,,,,,,,,,,,,,,,,,,,,,,,,,,,,,,,,,,,,,,,,,,,,,,,,,,,,,,,,,,,,,,,,,,,,,,,,,,,,,,
1630171,Isaac Okoro,Isaac,1610612739,CLE,22.0,1,0,1,0.0,22.675,1,6,0.167,0,4,0.0,4,4,1.0,2,1,3,2,0,0,0,0,3,4,6,6,12.6,0,0,11.0,1,41,41,41,44,59,40,66,44,23,44,7,10,1,10,55,47,26,53,39,22,1,48,9,46,22,58,8,1,60,,2,100.0,100.0,15.7,85.1,64,46,0.145,36,19,3,45,1.0,14.9,0.0,0.144,3,54,54,19,85.1,0.0,6.0,0.118,0.167,24,0.074,1,84.4,98.43,0.036,98.82,14.9,64,1,49,49,82.03,36,0.387,49,19,98.43,51,54,23,58,100.1,59,0.03,0.0,54,20.0,67,40,0.055,0.0,2.0,0.0,2.0,0.1,0.1,4.0,17.0,20.0,0.0,2.0,0.0,0.0,0.0,0.0,4.0,0.0,0.0,0.0,0.5,0.0,1.0,0.25,0.0,1.0,0.0,29.0,1.0,0.0,0.0,0.0,20.0,1.74,0.207,0.79,0.0,6.0,0.8,2.0,0.6,0.0,4.0,1.0,1.0,0.5,8.8,0.0,2.0,0.0,4.0,1.0,0.667,1.0,0.0,0.6,1.0,5.6,1.0,0.0,0.5,0.0,5.0,2.0,,,,,,,,,,,,,,,0.5,0.333,2.0,1.0,0.0,1.0,2.0,0.0,0.333,,0.0,0.5,0.5,,1.0,1.0,0.0,0.0,0.0,0.0,0.167,0.167,0.0,0.0,0.0,0.0,0.5,0.0,0.5,0.0,0.0,0.0,0.0,,0.0,3.0,0.0,0.0,3.0,,,,0.0,0.0,0.0,0.0,0.0,0.0,0.0,0.0,0.0,0.0,2.0,0.167,0.0,0.0,0.0,0.0,0.0,0.0,0.0,4.0,1.0,0.0,0.0,0.0,0.0,0.0,3.0,0.0,1.0,0.0,0.0,0.0,2.0,0.0,0.0,0.0,0.5,0.0,0.273,F-G,1.0,3.0,0.335,3.0,0.665,0.0,0.0,0.0,2.0,0.0,,0.0,0.0,0.5,0.0,0.0,0.0,4.0,0.0,0.0,0.0,0.0,0.0,0.0,1.0,0.0,0.0,0.0,0.0,,,0.0,CLE,0.0,0.0,4.0,0.0,4.0,0.0,2023,42200131,,1.0,5.0,11.0,0.455,0.478,-0.024,0.182,0.0,2.0,0.0,0.379,-0.379,0.818,5.0,9.0,0.556,0.54,0.016,0.273,3.0,3.0,1.0,0.665,0.335,0.364,3.0,4.0,0.75,0.597,0.153,0.364,0.0,4.0,0.0,0.39,-0.39,7.0,6.0,1.0,3.0,1.0,1.0,2.0,0.0,0.0,0.0,0.0,0.0,0.0,0.0,0.0,0.0,0.0,0.0,0.0,0.0,0.0,29.0,0.0,0.0,0.0,0.0,0.0,0.0,0.0,0.0,0.0,0.0,0.0,0.0,0.0,0.0,0.0,0.0,0.0,22.68,9406.0,1.78,0.85,0.93,4.46,4.09,4.32,1610612752.0,CLE_NYK_2023,CLE,NYK,20230415,2022-23,True,CLE,NYK,,,1610612739.0,CLE,1610612739.0,CLE,1610612739.0,CLE,,,,,,,,,,,,,,,,,,,,,,,,,,,,,,,,,,,,,,,,,,,,,,,,,,,,,,,,,,,,,,,,,,,,,,,,,,,,,,,,,,,,,,,,,,,,,,,,,,,,,,
1630171,Isaac Okoro,Isaac,1610612739,CLE,22.0,1,0,1,0.0,12.271666666666668,2,2,1.0,1,1,1.0,2,2,1.0,0,2,2,0,2,0,0,0,1,2,7,-7,7.4,0,0,10.0,1,31,31,31,49,42,48,1,26,40,1,12,15,1,29,28,32,50,14,34,17,1,15,19,40,48,46,6,2,46,,23,75.0,75.0,-27.7,100.0,8,28,0.161,50,53,18,38,2.0,-25.0,40.0,0.161,18,54,24,53,100.0,0.0,2.0,0.0,1.25,50,0.0,59,104.6,109.52,0.182,105.69,-25.0,17,57,10,35,91.27,19,1.215,10,29,109.52,37,54,51,2,77.0,42,0.197,41.0,55,0.0,2,48,0.091,0.0,0.0,0.0,0.0,0.0,0.0,0.0,7.0,3.0,0.0,0.0,0.0,0.0,0.0,0.0,0.0,0.0,0.0,0.0,0.0,0.0,0.0,0.0,0.0,0.0,0.0,9.0,0.0,0.0,1.0,2.0,6.0,1.97,0.778,1.0,0.0,7.0,0.3,0.0,0.4,0.0,2.0,2.0,0.667,0.0,9.7,0.0,0.0,0.0,0.0,0.0,0.0,3.0,0.0,0.4,0.667,9.7,2.0,0.0,0.0,0.0,5.0,0.0,,,,,,,,,,,,,,,,,,,,,,,,,,,,1.0,1.0,0.0,1.0,1.0,0.0,1.0,0.5,0.0,,1.0,1.0,0.5,0.5,1.5,0.5,0.0,0.0,1.0,1.0,,1.0,1.0,0.0,1.0,1.0,,,,0.0,0.0,0.0,0.0,0.0,0.0,0.0,0.0,2.0,3.0,0.0,1.25,0.0,1.0,0.0,0.0,0.0,0.0,0.0,1.0,1.0,0.0,0.0,1.0,1.0,0.0,0.0,0.0,1.0,0.0,0.0,1.0,1.0,0.0,0.0,0.0,1.0,1.0,0.158,F-G,1.0,3.0,0.335,3.0,0.665,,1.0,0.0,1.0,0.0,0.0,0.0,0.0,1.0,0.0,0.0,0.0,1.0,0.0,0.0,0.0,0.0,1.0,0.0,1.0,,,0.0,0.0,0.0,0.0,0.0,CLE,1.0,1.0,1.0,1.0,1.0,1.5,2023,42200133,,1.0,2.0,6.0,0.333,0.45,-0.117,0.167,0.0,1.0,0.0,0.297,-0.297,0.833,2.0,5.0,0.4,0.528,-0.128,,,,,,,0.333,1.0,2.0,0.5,0.579,-0.079,0.333,0.0,2.0,0.0,0.273,-0.273,3.0,3.0,0.0,0.0,1.0,0.0,0.0,0.0,0.0,0.0,0.0,0.0,0.0,0.0,0.0,0.0,0.0,0.0,0.0,0.0,0.0,9.0,0.0,0.0,0.0,0.0,0.0,0.0,0.0,0.0,0.0,0.0,0.0,0.0,0.0,0.0,0.0,0.0,0.0,12.27,4591.0,0.87,0.43,0.44,4.03,3.67,3.5,1610612752.0,CLE_NYK_2023,NYK,CLE,20230421,2022-23,True,CLE,NYK,,,1610612739.0,CLE,1610612739.0,CLE,1610612739.0,CLE,,,,,,,,,,,,,,,,,,,,,,,,,,,,,,,,,,,,,,,,,,,,,,,,,,,,,,,,,,,,,,,,,,,,,,,,,,,,,,,,,,,,,,,,,,,,,,,,,,,,,,
1630171,Isaac Okoro,Isaac,1610612739,CLE,22.0,1,0,1,0.0,19.721666666666668,4,5,0.8,2,3,0.667,0,0,0.0,0,1,1,2,0,2,0,0,3,1,10,1,20.2,0,0,19.0,1,41,41,41,46,28,46,6,13,35,4,37,38,37,41,55,58,33,45,3,23,1,52,35,33,33,39,13,2,37,,38,111.4,111.4,6.2,105.6,4,35,0.135,20,28,32,40,4.0,5.9,0.0,0.141,32,35,62,28,105.6,0.0,5.0,0.2,1.0,20,0.0,1,106.7,86.4,0.048,85.33,5.9,60,1,80,47,72.0,79,1.0,80,41,86.4,47,35,26,4,113.0,28,0.202,0.0,23,28.6,3,46,0.027,0.0,2.0,0.0,3.0,0.125,0.125,5.0,15.0,16.0,0.0,0.0,0.0,0.0,0.0,0.0,0.0,0.0,0.0,0.0,0.0,0.0,0.0,0.0,0.0,0.0,0.0,22.0,0.667,0.0,0.0,1.0,14.0,1.85,0.455,0.45,0.0,10.0,0.7,3.0,0.5,0.0,0.0,1.0,0.5,0.0,13.4,0.0,0.0,0.0,0.0,0.0,0.0,2.0,0.0,0.5,0.5,13.4,1.0,0.0,0.0,0.0,2.0,0.0,,,,,,,,,,,,,,,1.0,0.2,1.0,1.0,0.0,1.0,1.0,0.0,0.2,,0.0,1.0,1.0,1.0,1.0,0.0,1.0,1.0,0.0,1.0,0.2,0.0,,1.0,1.0,0.2,0.6,1.0,0.6,0.0,0.0,0.667,0.667,,2.0,3.0,0.0,2.0,3.0,,,,0.0,0.0,0.0,0.0,0.0,0.0,1.0,0.0,0.0,6.0,2.0,1.0,0.0,0.667,1.0,0.0,0.0,0.0,0.0,2.0,1.0,0.0,0.0,1.0,1.0,0.0,1.0,0.0,2.0,1.0,0.0,2.0,2.0,0.0,1.0,0.0,1.0,1.0,0.139,F-G,0.8,4.0,0.14,5.0,0.66,0.0,2.0,0.0,2.0,0.0,,0.0,1.0,1.0,0.0,0.0,0.0,2.0,0.0,0.0,0.0,0.0,1.0,0.0,2.0,0.0,0.0,0.0,0.0,,,0.0,CLE,2.0,0.667,3.0,2.0,3.0,1.0,2023,42200135,,1.0,3.0,10.0,0.3,0.473,-0.173,0.5,1.0,5.0,0.2,0.359,-0.159,0.5,2.0,5.0,0.4,0.528,-0.128,0.1,1.0,1.0,1.0,0.621,0.379,0.2,2.0,2.0,1.0,0.585,0.416,0.5,1.0,5.0,0.2,0.359,-0.159,7.0,4.0,3.0,2.0,0.0,0.0,0.0,0.0,0.0,0.0,0.0,0.0,0.0,1.0,1.0,1.0,0.0,0.0,1.0,1.0,0.0,22.0,0.0,0.0,0.0,0.0,0.0,0.0,0.0,0.0,0.0,0.0,0.0,0.0,0.0,0.0,0.0,0.0,0.0,19.72,7519.0,1.42,0.67,0.76,3.97,4.06,4.46,1610612752.0,CLE_NYK_2023,CLE,NYK,20230426,2022-23,True,CLE,NYK,,,1610612739.0,CLE,1610612739.0,CLE,1610612739.0,CLE,,,,,,,,,,,,,,,,,,,,,,,,,,,,,,,,,,,,,,,,,,,,,,,,,,,,,,,,,,,,,,,,,,,,,,,,,,,,,,,,,,,,,,,,,,,,,,,,,,,,,,
1630171,Isaac Okoro,Isaac,1610612739,CLE,23.0,1,1,0,1.0,33.06666666666667,3,6,0.5,0,2,0.0,2,2,1.0,1,2,3,1,0,1,0,1,2,2,8,24,16.1,0,0,14.0,1,1,1,1,7,8,10,7,10,9,10,7,7,1,7,9,9,8,13,4,9,13,8,7,9,1,10,3,1,10,,2,121.7,121.7,36.1,85.7,12,69,0.095,15,2,5,11,3.0,36.0,0.0,0.094,5,2,17,2,85.7,0.0,6.0,0.042,0.5,10,0.038,1,87.7,100.89,0.044,98.94,36.0,17,1,11,15,84.07,11,0.581,11,11,100.89,15,2,2,10,123.7,8,0.07,0.0,3,12.5,10,10,0.042,1.0,2.0,0.0,2.0,0.063,0.125,3.0,15.0,16.0,0.0,2.0,0.0,1.0,0.0,1.2,5.0,0.0,0.0,0.0,0.4,6.0,3.0,0.0,0.0,0.0,3.0,23.0,0.0,0.0,0.0,0.0,16.0,2.07,0.348,1.39,0.0,8.0,0.8,0.0,0.375,0.0,1.0,1.0,0.286,1.0,11.5,0.0,2.0,1.0,10.1,1.0,0.667,7.0,0.0,0.375,0.286,11.0,1.0,0.0,1.0,0.5,8.0,1.0,2.0,0.5,0.667,0.667,3.0,0.0,1.0,2.0,0.0,,3.0,0.5,0.667,0.0,,,,,,,,,,,,,,1.0,1.0,0.0,1.0,1.0,0.0,1.0,0.167,0.0,,1.0,1.0,0.167,0.333,0.0,0.333,0.0,0.0,0.0,0.0,,0.0,2.0,0.0,0.0,2.0,1.0,,1.0,0.0,1.0,1.0,2.0,0.0,0.0,0.0,0.0,0.0,0.0,0.0,0.5,0.0,0.0,0.0,0.0,1.0,1.0,0.0,0.0,0.0,0.0,0.0,0.0,0.0,0.0,0.0,0.0,2.0,0.0,0.0,0.0,3.0,1.0,2.0,0.0,0.667,0.0,0.313,F-G,0.55,11.0,-0.087,20.0,0.637,0.0,0.0,1.0,3.0,0.0,,1.0,1.0,0.667,0.0,1.0,0.0,1.0,0.0,0.0,0.0,0.0,0.0,0.0,2.0,0.0,0.0,0.0,0.0,,,0.0,CLE,0.0,0.0,2.0,0.0,2.0,0.0,2024,42300137,,1.0,6.0,16.0,0.375,0.462,-0.087,0.375,2.0,6.0,0.333,0.355,-0.021,0.625,4.0,10.0,0.4,0.511,-0.111,0.25,2.0,4.0,0.5,0.627,-0.127,0.313,2.0,5.0,0.4,0.577,-0.177,0.438,2.0,7.0,0.286,0.382,-0.096,7.0,4.0,3.0,4.0,1.0,0.0,0.0,0.0,0.0,0.0,0.0,0.0,1.0,1.0,2.0,2.0,1.0,0.5,0.5,1.0,0.5,23.0,0.0,0.0,0.0,0.0,0.0,0.0,0.0,0.0,0.0,0.0,0.0,0.0,0.0,0.0,0.0,0.0,0.0,33.07,12934.0,2.45,1.1,1.35,4.09,4.05,4.12,1610612753.0,CLE_ORL_2024,CLE,ORL,20240505,2023-24,True,CLE,ORL,,,,,,,,,,,,,,,,,,,,,,,,,,,,,,,,,,,,,,,,,,,,,,,,,,,,,,,,,,,,,,,,,,,,,,,,,,,,,,,,,,,,,,,,,,,,,,,,,,,,,,,,,,,,,,
1630171,Isaac Okoro,Isaac,1610612739,CLE,23.0,1,1,0,1.0,20.35,3,4,0.75,1,1,1.0,1,2,0.5,0,1,1,0,0,0,0,0,4,1,8,15,9.2,0,0,10.0,1,1,1,1,103,76,109,12,58,105,1,67,50,64,79,119,128,126,97,65,48,1,137,70,82,13,128,18,3,122,,21,137.5,137.5,35.2,97.6,126,40,0.111,126,10,23,86,3.0,39.9,0.0,0.106,23,19,139,10,97.6,0.0,4.0,0.0,0.875,126,0.0,1,98.7,95.53,0.053,96.24,39.9,130,1,125,127,79.61,115,0.82,125,79,95.53,135,19,11,28,133.9,76,0.032,0.0,23,0.0,21,109,0.028,0.0,0.0,0.0,0.0,0.0,0.0,0.0,14.0,13.0,0.0,1.0,0.0,0.0,0.0,0.0,2.0,0.0,0.0,0.0,0.5,0.0,1.0,0.0,0.0,0.0,0.0,18.0,2.0,0.0,0.0,0.0,11.0,2.17,0.444,1.67,0.0,8.0,0.7,2.0,1.0,0.0,0.0,1.0,1.0,0.0,4.6,0.0,0.0,0.0,0.0,0.0,0.0,1.0,0.0,1.0,1.0,4.6,1.0,0.0,0.0,0.0,1.0,0.0,,,,,,,,,,,,,,,0.667,0.75,3.0,2.0,0.0,2.0,3.0,0.0,0.75,,0.0,0.667,0.667,,,,,,,,,,,,,,0.25,1.5,0.25,0.0,0.0,1.0,1.0,,1.0,1.0,0.0,1.0,1.0,,,,0.0,0.0,0.0,0.0,0.0,0.0,1.0,0.0,0.0,3.0,4.0,0.875,0.0,1.0,0.0,0.0,1.0,0.0,0.0,1.0,1.0,0.0,0.0,1.0,1.0,0.0,0.0,0.0,2.0,0.0,0.0,1.0,2.0,0.0,0.0,0.0,1.0,1.0,0.296,F-G,0.61,47.0,-0.021,77.0,0.631,,1.0,0.0,2.0,0.0,,0.0,0.0,1.0,0.0,1.0,0.0,1.0,0.0,0.0,0.0,0.0,1.0,0.0,2.0,,,0.0,0.0,,,0.0,CLE,1.0,1.0,1.0,1.0,1.0,1.5,2024,22300607,,1.0,3.0,9.0,0.333,0.464,-0.13,0.222,1.0,2.0,0.5,0.313,0.188,0.778,2.0,7.0,0.286,0.51,-0.225,0.222,0.0,2.0,0.0,0.633,-0.633,0.222,0.0,2.0,0.0,0.596,-0.596,0.667,3.0,6.0,0.5,0.367,0.133,6.0,5.0,1.0,0.0,0.0,0.0,0.0,0.0,0.0,0.0,0.0,0.0,0.0,2.0,2.0,2.0,0.0,0.0,1.0,1.0,0.0,18.0,0.0,0.0,0.0,0.0,0.0,0.0,0.0,0.0,0.0,0.0,0.0,0.0,0.0,0.0,0.0,0.0,0.0,20.35,8112.0,1.54,0.75,0.79,4.21,4.93,4.12,,,ORL,CLE,20240122,2023-24,False,CLE,ORL,,,,,,,,,,,,,,,,,,,,,,,,,,,,,,,,,,,,,,,,,,,,,,,,,,,,,,,,,,,,,,,,,,,,,,,,,,,,,,,,,,,,,,,,,,,,,,,,,,,,,,,,,,,,,,
1630171,Isaac Okoro,Isaac,1610612739,CLE,23.0,1,0,1,0.0,19.1,1,5,0.2,1,3,0.333,0,0,0.0,0,1,1,0,3,0,0,0,0,1,3,-20,1.2,0,0,5.0,1,66,66,66,90,98,85,110,48,56,55,67,72,67,66,86,99,102,10,56,44,1,1,54,104,130,128,13,2,113,,92,71.1,71.1,-53.3,123.7,130,38,0.195,102,128,86,64,1.0,-52.6,37.5,0.207,86,127,108,128,123.7,0.0,5.0,0.0,0.3,102,0.0,132,125.0,95.5,0.067,94.54,-52.6,95,132,97,61,79.58,100,0.3,97,66,95.5,58,127,128,110,71.7,98,-0.051,37.5,129,0.0,107,85,0.029,0.0,0.0,0.0,2.0,0.0,0.0,0.0,21.0,21.0,0.0,1.0,0.0,0.0,0.0,0.0,3.0,0.0,0.0,0.0,0.333,0.0,2.0,0.0,0.0,0.0,0.0,29.0,0.0,0.0,0.0,0.0,20.0,1.98,0.103,1.28,0.0,3.0,1.0,0.0,0.333,0.0,1.0,1.0,0.5,0.0,13.3,0.0,0.0,0.0,0.0,0.0,0.0,2.0,0.0,0.333,0.5,13.3,1.0,0.0,0.0,0.0,3.0,0.0,,,,,,,,,,,,,,,0.0,0.4,2.0,0.0,0.0,0.0,2.0,0.0,0.4,,0.0,0.0,0.0,,1.0,1.0,0.0,0.0,0.0,0.0,0.2,0.2,0.0,0.0,0.0,0.0,0.4,0.75,0.4,0.0,0.0,0.5,0.5,,1.0,2.0,0.0,1.0,2.0,,,,0.0,0.0,0.0,0.0,0.0,0.0,0.0,0.0,0.0,3.0,0.0,0.3,0.0,0.333,0.0,0.0,2.0,0.0,,2.0,1.0,,,1.0,0.5,0.0,1.0,0.0,0.0,0.0,0.0,1.0,0.0,0.0,1.0,0.0,0.0,1.0,0.289,F-G,0.669,107.0,0.037,160.0,0.632,0.0,1.0,0.0,1.0,,,0.0,1.0,0.0,0.0,1.0,0.0,2.0,0.0,0.0,,,0.5,0.0,0.0,0.0,0.0,0.0,0.0,,,0.0,CLE,1.0,0.333,3.0,1.0,3.0,0.5,2024,22301029,,1.0,0.0,2.0,0.0,0.381,-0.381,1.0,0.0,2.0,0.0,0.343,-0.343,,,,,,,,,,,,,,,,,,,1.0,0.0,2.0,0.0,0.348,-0.348,1.0,0.0,1.0,3.0,0.0,0.0,0.0,0.0,0.0,0.0,0.0,0.0,1.0,0.0,1.0,1.0,0.0,1.0,0.0,1.0,0.0,29.0,0.0,0.0,0.0,0.0,0.0,0.0,0.0,0.0,0.0,0.0,0.0,0.0,0.0,0.0,0.0,0.0,0.0,19.1,8100.0,1.53,0.79,0.74,4.42,4.67,4.17,,,MIA,CLE,20240324,2023-24,False,CLE,MIA,,,,,,,,,,,,,,,,,,,,,,,,,,,,,,,,,,,,,,,,,,,,,,,,,,,,,,,,,,,,,,,,,,,,,,,,,,,,,,,,,,,,,,,,,,,,,,,,,,,,,,,,,,,,,,
1630171,Isaac Okoro,Isaac,1610612739,CLE,23.0,1,1,0,1.0,24.716666666666665,4,9,0.444,2,5,0.4,2,2,1.0,0,0,0,4,2,1,1,1,2,1,12,13,22.0,0,0,22.0,1,1,1,1,88,70,72,108,32,47,58,40,48,1,105,169,178,37,20,30,25,133,115,73,68,31,83,17,2,79,,95,132.7,132.7,16.6,109.8,128,52,0.19,47,44,89,38,4.0,22.9,12.5,0.192,89,39,178,44,109.8,2.0,9.0,0.222,0.556,53,0.0,152,109.2,100.01,0.0,103.04,22.9,169,149,95,89,83.34,54,0.607,95,105,100.01,92,39,68,80,125.8,70,0.07,12.6,54,25.0,88,72,0.0,0.0,4.0,0.0,4.0,0.286,0.286,10.0,23.0,14.0,0.0,1.0,1.0,0.5,0.0,0.5,4.0,0.0,0.0,0.25,0.25,2.0,2.0,0.25,0.0,1.0,1.0,26.0,0.0,0.0,0.0,0.0,23.0,2.43,0.462,1.42,0.0,12.0,1.1,0.0,,,,,,,,,,,,,,,,,,,,,,,,,,,,,,,,,,,,,,,0.5,0.444,4.0,2.0,0.0,2.0,4.0,0.0,0.444,,0.0,0.5,0.5,,,,,,,,,,,,,,0.556,0.6,0.556,0.0,0.0,0.4,0.4,,2.0,5.0,0.0,2.0,5.0,,,,0.0,0.0,0.0,0.0,0.0,0.0,0.0,0.0,0.0,6.0,0.0,0.556,0.0,0.4,0.25,1.0,2.0,1.0,0.0,4.0,0.0,0.0,0.0,0.0,0.25,0.0,4.0,0.0,1.0,1.0,0.0,1.0,2.0,0.5,1.0,1.0,0.5,0.0,0.287,F-G,0.675,79.0,0.045,117.0,0.63,,1.0,0.0,3.0,0.0,0.0,0.0,1.0,0.667,1.0,1.0,0.0,4.0,0.0,0.0,0.0,0.0,0.25,0.0,2.0,,,0.0,1.0,0.0,0.0,0.0,CLE,2.0,0.4,5.0,2.0,5.0,0.6,2024,22300857,,1.0,6.0,10.0,0.6,0.456,0.144,0.3,1.0,3.0,0.333,0.355,-0.022,0.7,5.0,7.0,0.714,0.512,0.202,0.3,2.0,3.0,0.667,0.543,0.124,0.5,4.0,5.0,0.8,0.54,0.26,0.4,2.0,4.0,0.5,0.399,0.101,5.0,4.0,1.0,1.0,0.0,0.0,0.0,0.0,0.0,0.0,0.0,0.0,0.0,1.0,1.0,1.0,0.0,0.0,1.0,1.0,0.0,26.0,0.0,0.0,0.0,0.0,0.0,0.0,0.0,0.0,0.0,0.0,0.0,0.0,0.0,0.0,0.0,0.0,0.0,24.72,10005.0,1.89,1.0,0.9,4.33,4.4,4.25,,,DET,CLE,20240301,2023-24,False,CLE,DET,,,,,,,,,,,,,,,,,,,,,,,,,,,,,,,,,,,,,,,,,,,,,,,,,,,,,,,,,,,,,,,,,,,,,,,,,,,,,,,,,,,,,,,,,,,,,,,,,,,,,,,,,,,,,,
1630171,Isaac Okoro,Isaac,1610612739,CLE,23.0,1,1,0,1.0,23.71,3,6,0.5,2,3,0.667,0,0,0.0,2,4,6,1,2,0,3,1,3,0,8,6,23.7,0,0,23.0,1,1,1,1,103,92,100,72,37,64,24,93,98,93,24,47,38,108,30,88,4,119,143,116,99,51,86,17,2,77,,19,109.8,109.8,13.4,98.0,113,51,0.145,138,62,21,98,3.0,11.8,22.2,0.148,21,129,44,62,98.0,0.5,6.0,0.053,0.667,120,0.1,172,96.0,103.25,0.154,104.54,11.8,63,171,34,115,86.04,33,0.667,34,30,103.25,117,129,60,64,109.4,92,0.072,22.2,128,11.1,52,100,0.13,0.0,1.0,0.0,2.0,0.053,0.053,2.0,16.0,19.0,0.0,1.0,0.0,0.0,0.0,0.0,2.0,0.0,0.0,0.0,0.5,0.0,1.0,0.0,0.0,0.0,0.0,27.0,1.0,0.0,0.0,0.0,14.0,1.9,0.296,1.33,0.0,8.0,0.9,2.0,1.0,0.0,2.0,2.0,1.0,1.0,10.0,0.0,3.0,2.0,6.2,0.5,0.5,4.0,0.0,1.0,1.0,8.8,3.0,1.0,1.0,0.5,6.0,1.0,0.0,0.167,0.0,0.0,1.0,0.0,1.0,0.0,0.0,,1.0,0.167,0.0,0.0,0.5,0.333,2.0,1.0,0.0,1.0,2.0,0.0,0.333,,0.0,0.5,0.5,,,,,,,,,,,,,,0.5,1.0,0.5,0.0,0.0,0.667,0.667,,2.0,3.0,0.0,2.0,3.0,,,,0.0,0.0,0.0,0.0,0.0,0.0,0.5,0.0,0.0,6.0,2.0,0.667,0.0,0.667,0.0,1.0,1.0,0.0,0.0,2.0,2.0,0.0,0.0,0.5,0.5,0.0,0.0,0.0,1.0,0.0,0.0,1.0,2.0,0.0,1.0,1.0,0.5,1.0,0.292,F-G,0.636,63.0,0.003,99.0,0.633,0.0,2.0,0.0,3.0,0.0,,0.0,0.0,0.333,0.0,0.0,0.0,3.0,0.0,0.0,0.0,0.0,0.667,0.0,1.0,0.0,0.0,0.0,0.0,,,0.0,CLE,2.0,0.667,3.0,2.0,3.0,1.0,2024,22300735,,1.0,4.0,8.0,0.5,0.463,0.038,0.125,0.0,1.0,0.0,0.373,-0.373,0.875,4.0,7.0,0.571,0.513,0.058,0.25,2.0,2.0,1.0,0.631,0.369,0.625,3.0,5.0,0.6,0.572,0.028,0.125,0.0,1.0,0.0,0.364,-0.364,5.0,5.0,0.0,0.0,0.0,1.0,3.0,1.0,0.0,1.0,1.0,0.0,0.0,0.0,0.0,0.0,0.0,0.0,0.0,0.0,0.0,27.0,0.0,0.0,0.0,0.0,0.0,0.0,0.0,0.0,0.0,0.0,0.0,0.0,0.0,0.0,0.0,0.0,0.0,23.72,8996.0,1.7,0.9,0.81,4.07,4.13,4.01,,,BKN,CLE,20240208,2023-24,False,CLE,BKN,,,,,,,,,,,,,,,,,,,,,,,,,,,,,,,,,,,,,,,,,,,,,,,,,,,,,,,,,,,,,,,,,,,,,,,,,,,,,,,,,,,,,,,,,,,,,,,,,,,,,,,,,,,,,,
1630171,Isaac Okoro,Isaac,1610612739,CLE,23.0,1,0,1,0.0,30.24,7,9,0.778,2,4,0.5,1,1,1.0,0,2,2,1,2,0,0,0,4,1,17,-3,18.9,0,0,22.0,1,140,140,140,79,38,97,25,42,71,52,93,130,1,122,128,151,143,46,124,79,1,252,114,57,164,138,24,3,108,,207,119.0,119.0,-6.8,126.3,132,58,0.175,190,161,201,125,7.0,-7.4,16.7,0.184,201,100,185,161,126.3,0.5,9.0,0.053,0.889,188,0.0,228,125.4,91.27,0.083,91.71,-7.4,167,229,262,145,76.06,264,0.9,262,122,91.27,139,100,166,24,118.6,38,0.091,16.1,105,8.3,27,97,0.047,0.0,3.0,2.0,2.0,0.05,0.15,3.0,23.0,20.0,0.0,2.0,1.0,1.0,0.0,1.0,6.0,0.0,0.0,0.167,0.333,6.0,3.0,0.0,0.0,0.0,3.0,31.0,0.0,0.0,0.0,0.0,21.0,1.78,0.548,1.19,0.0,17.0,0.9,0.0,0.667,0.0,0.0,1.0,0.667,0.0,14.8,0.0,1.0,1.0,0.0,0.0,0.5,3.0,0.0,0.667,0.667,14.8,1.0,0.0,0.0,0.5,3.0,0.0,,,,,,,,,,,,,,,1.0,0.444,4.0,4.0,0.0,4.0,4.0,0.0,0.444,,0.0,1.0,1.0,1.0,1.0,0.0,1.0,1.0,0.0,1.0,0.111,0.0,,1.0,1.0,0.111,0.444,0.75,0.444,0.0,0.0,0.5,0.5,,2.0,4.0,0.0,2.0,4.0,,,,0.0,0.0,0.0,0.0,0.0,0.0,0.0,0.0,0.0,6.0,0.0,0.889,0.0,0.5,0.667,0.0,0.0,0.0,0.0,3.0,0.0,0.0,0.0,0.0,0.667,0.0,3.0,0.0,5.0,2.0,0.0,2.0,5.0,0.0,1.0,0.0,1.0,0.0,0.289,F-G,0.651,69.0,0.018,106.0,0.633,0.0,2.0,0.0,5.0,0.0,,0.0,1.0,1.0,0.0,0.0,0.0,3.0,0.0,0.0,0.0,0.0,0.667,0.0,5.0,0.0,0.0,0.0,0.0,,,0.0,CLE,2.0,0.5,4.0,2.0,4.0,0.75,2024,22300792,,1.0,7.0,9.0,0.778,0.464,0.314,0.222,2.0,2.0,1.0,0.305,0.695,0.778,5.0,7.0,0.714,0.536,0.178,0.333,3.0,3.0,1.0,0.652,0.348,0.444,4.0,4.0,1.0,0.607,0.394,0.333,2.0,3.0,0.667,0.329,0.338,4.0,4.0,0.0,1.0,0.0,0.0,0.0,1.0,1.0,2.0,0.5,0.5,0.0,1.0,1.0,1.0,1.0,0.0,1.0,1.0,1.0,31.0,0.0,0.0,0.0,0.0,0.0,0.0,0.0,0.0,0.0,0.0,0.0,0.0,0.0,0.0,0.0,0.0,0.0,30.23,11890.0,2.25,1.08,1.17,4.29,4.44,4.15,,,CLE,ORL,20240222,2023-24,False,CLE,ORL,,,,,,,,,,,,,,,,,,,,,,,,,,,,,,,,,,,,,,,,,,,,,,,,,,,,,,,,,,,,,,,,,,,,,,,,,,,,,,,,,,,,,,,,,,,,,,,,,,,,,,,,,,,,,,
1630171,Isaac Okoro,Isaac,1610612739,CLE,23.0,1,1,0,1.0,25.02166666666667,3,5,0.6,2,4,0.5,1,2,0.5,0,6,6,5,1,1,0,0,1,1,9,12,25.7,0,0,24.0,1,1,1,1,106,106,140,44,35,65,37,79,60,85,117,27,49,27,85,49,86,1,62,85,100,46,73,20,1,79,,153,136.5,136.5,23.1,113.5,90,52,0.13,65,51,145,10,3.0,23.1,8.3,0.128,145,12,46,51,113.5,5.0,5.0,0.227,0.8,18,0.0,124,114.5,99.75,0.25,98.91,23.1,29,124,107,176,83.13,129,0.765,107,117,99.75,182,12,58,37,137.6,106,0.115,8.4,12,41.7,28,140,0.146,1.0,6.0,0.0,4.0,0.238,0.286,12.0,20.0,21.0,0.0,1.0,0.0,0.0,0.0,0.0,1.0,0.0,0.0,0.0,1.0,0.0,0.0,1.0,0.0,1.0,0.0,28.0,0.0,0.0,0.0,0.0,15.0,1.68,0.321,1.07,0.0,9.0,0.8,0.0,0.857,0.0,1.0,6.0,0.857,0.0,13.1,0.0,0.0,0.0,0.0,0.0,0.0,7.0,0.0,0.857,0.857,13.1,6.0,0.0,0.0,0.0,7.0,0.0,,,,,,,,,,,,,,,,,,,,,,,,,,,,,,,,,,,,,,,,,1.0,0.8,0.8,1.0,1.0,0.5,0.6,1.0,2.0,4.0,0.2,3.0,5.0,,,,0.0,0.0,0.0,0.0,0.0,0.0,0.0,0.0,0.0,8.0,0.0,0.8,0.0,0.6,0.5,1.0,0.0,0.0,0.0,2.0,0.0,0.0,0.0,0.0,0.5,1.0,2.0,1.0,0.0,1.0,1.0,1.0,0.0,0.0,2.0,0.5,0.0,0.0,0.285,F-G,0.667,74.0,0.033,111.0,0.633,0.0,1.0,0.0,0.0,0.0,,0.0,2.0,0.0,0.5,0.0,1.0,2.0,1.0,0.0,0.0,0.0,0.5,0.0,0.0,0.0,0.0,0.0,1.0,,,1.0,CLE,3.0,0.5,4.0,2.0,5.0,0.8,2024,22300832,,1.0,5.0,6.0,0.833,0.482,0.351,0.333,1.0,2.0,0.5,0.388,0.113,0.667,4.0,4.0,1.0,0.566,0.434,0.333,2.0,2.0,1.0,0.677,0.323,0.333,2.0,2.0,1.0,0.636,0.364,0.5,2.0,3.0,0.667,0.4,0.267,5.0,3.0,2.0,1.0,0.0,0.0,0.0,0.0,1.0,1.0,0.0,1.0,0.0,2.0,2.0,2.0,1.0,0.0,1.0,1.0,0.5,28.0,0.0,0.0,0.0,0.0,0.0,0.0,0.0,0.0,0.0,0.0,0.0,0.0,0.0,0.0,0.0,0.0,0.0,25.02,9661.0,1.83,0.93,0.9,4.08,4.3,3.89,,,CLE,DAL,20240227,2023-24,False,CLE,DAL,,,,,,,,,,,,,,,,,,,,,,,,,,,,,,,,,,,,,,,,,,,,,,,,,,,,,,,,,,,,,,,,,,,,,,,,,,,,,,,,,,,,,,,,,,,,,,,,,,,,,,,,,,,,,,
1630171,Isaac Okoro,Isaac,1610612739,CLE,23.0,1,1,0,1.0,16.446666666666665,3,6,0.5,0,1,0.0,0,1,0.0,1,1,2,2,0,0,2,1,0,1,6,-3,17.4,0,0,14.0,1,1,1,1,116,82,100,61,102,112,102,83,79,83,42,108,103,59,96,72,7,105,1,70,105,107,97,17,1,107,,94,121.9,121.9,-0.2,123.5,97,32,0.167,67,84,115,81,3.0,-1.7,0.0,0.18,115,47,101,84,123.5,0.0,6.0,0.154,0.5,40,0.063,1,115.8,96.31,0.045,102.21,-1.7,125,1,131,93,80.26,77,0.466,131,44,96.31,89,47,80,114,115.5,82,0.085,0.0,76,25.0,82,100,0.053,0.0,2.0,0.0,1.0,0.154,0.154,5.0,15.0,13.0,0.0,2.0,0.0,1.0,0.0,0.667,3.0,0.0,0.0,0.0,0.667,2.0,1.0,0.667,0.0,2.0,1.0,19.0,0.4,0.0,0.0,0.0,14.0,1.71,0.316,1.0,0.0,6.0,0.5,5.0,0.333,0.0,3.0,1.0,0.333,0.333,6.0,0.0,1.0,0.0,1.8,1.0,0.5,3.0,0.0,0.333,0.333,3.9,1.0,0.0,0.333,0.0,6.0,1.0,0.0,0.333,0.0,0.0,2.0,0.0,1.0,0.0,0.0,,2.0,0.333,0.0,0.0,1.0,0.333,2.0,2.0,0.0,2.0,2.0,0.0,0.333,,0.0,1.0,1.0,,,,,,,,,,,,,,0.333,0.5,0.167,1.0,1.0,0.0,0.5,1.0,0.0,1.0,0.167,1.0,2.0,,,,0.0,0.0,0.0,0.0,0.0,0.0,0.333,0.0,0.0,0.0,2.0,0.5,0.0,0.0,0.0,0.0,0.0,0.0,,1.0,1.0,,,0.0,0.0,0.0,0.0,0.0,3.0,0.0,0.0,0.0,5.0,0.0,0.0,0.0,0.6,0.0,0.277,F-G,0.778,14.0,0.139,18.0,0.639,0.0,0.0,0.0,5.0,,,0.0,0.0,0.6,0.0,0.0,0.0,1.0,0.0,0.0,,,0.0,0.0,3.0,0.0,0.0,0.0,0.0,,,0.0,CLE,0.0,0.0,1.0,0.0,1.0,0.0,2024,22300055,,1.0,2.0,6.0,0.333,0.426,-0.093,0.667,1.0,4.0,0.25,0.359,-0.109,0.333,1.0,2.0,0.5,0.491,0.009,0.167,1.0,1.0,1.0,0.554,0.446,0.333,1.0,2.0,0.5,0.504,-0.004,0.667,1.0,4.0,0.25,0.37,-0.12,4.0,2.0,2.0,1.0,0.0,1.0,3.0,0.0,0.0,0.0,0.0,0.0,0.0,0.0,0.0,0.0,0.0,0.0,0.0,0.0,0.0,19.0,0.0,0.0,0.0,0.0,0.0,0.0,0.0,0.0,0.0,0.0,0.0,0.0,0.0,0.0,0.0,0.0,0.0,16.45,7096.0,1.34,0.71,0.64,4.36,4.66,4.05,,,CLE,ATL,20231128,2023-24,False,CLE,ATL,,,,,,,,,,,,,,,,,,,,,,,,,,,,,,,,,,,,,,,,,,,,,,,,,,,,,,,,,,,,,,,,,,,,,,,,,,,,,,,,,,,,,,,,,,,,,,,,,,,,,,,,,,,,,,
1630171,Isaac Okoro,Isaac,1610612739,CLE,23.0,1,1,0,1.0,33.21666666666667,4,7,0.571,1,2,0.5,0,0,0.0,1,2,3,2,2,1,0,1,4,1,9,-4,16.6,0,0,17.0,1,1,1,1,43,62,86,34,56,88,22,82,89,82,42,83,87,62,25,32,62,100,138,63,81,98,101,20,3,90,,100,110.0,110.0,-11.6,114.8,122,60,0.127,91,87,95,54,4.0,-4.8,18.2,0.126,95,80,110,87,114.8,1.0,7.0,0.091,0.643,75,0.032,135,115.7,87.43,0.069,89.54,-4.8,112,135,153,119,72.85,144,0.643,153,70,87.43,121,80,105,49,104.1,62,0.043,18.2,103,18.2,43,86,0.05,0.0,2.0,0.0,5.0,0.065,0.065,4.0,26.0,31.0,0.0,1.0,0.0,0.333,0.0,0.5,4.0,0.0,0.0,0.0,0.25,2.0,3.0,0.0,0.0,0.0,1.0,40.0,0.8,0.0,1.0,2.0,22.0,2.07,0.225,1.18,0.0,9.0,1.4,5.0,0.375,0.0,4.0,2.0,0.5,0.25,8.9,0.0,0.0,0.0,7.0,0.0,0.0,4.0,0.0,0.375,0.5,8.2,3.0,1.0,0.25,0.0,8.0,0.0,,,,,,,,,,,,,,,0.5,0.571,4.0,2.0,0.0,2.0,4.0,0.0,0.571,,0.0,0.5,0.5,1.0,1.0,0.0,1.0,1.0,0.0,1.0,0.143,0.0,,1.0,1.0,0.143,0.286,0.75,0.286,0.0,0.0,0.5,0.5,,1.0,2.0,0.0,1.0,2.0,,,,0.0,0.0,0.0,0.0,0.0,0.0,1.0,1.0,2.0,3.0,4.0,0.643,0.0,0.5,0.0,0.0,1.0,1.0,0.0,2.0,2.0,0.0,0.0,0.5,0.5,0.0,0.0,0.0,2.0,0.0,0.0,1.0,4.0,1.0,0.0,0.0,0.5,1.0,0.289,F-G,0.678,101.0,0.046,149.0,0.632,0.0,1.0,0.0,5.0,0.0,,0.0,0.0,0.6,0.0,0.0,0.0,2.0,0.0,0.0,0.0,0.0,0.5,0.0,3.0,0.0,0.0,0.0,0.0,,,0.0,CLE,1.0,0.5,2.0,1.0,2.0,0.75,2024,22300983,,1.0,7.0,11.0,0.636,0.499,0.137,0.364,0.0,4.0,0.0,0.364,-0.364,0.636,7.0,7.0,1.0,0.585,0.415,0.273,3.0,3.0,1.0,0.655,0.345,0.455,5.0,5.0,1.0,0.623,0.377,0.455,1.0,5.0,0.2,0.387,-0.187,4.0,1.0,3.0,1.0,0.0,1.0,2.0,0.0,0.0,0.0,0.0,0.0,0.0,1.0,1.0,1.0,0.0,0.0,1.0,1.0,0.0,40.0,0.0,0.0,0.0,0.0,0.0,0.0,0.0,0.0,0.0,0.0,0.0,0.0,0.0,0.0,0.0,0.0,0.0,33.22,12903.0,2.44,1.26,1.18,4.1,4.14,4.42,,,IND,CLE,20240318,2023-24,False,CLE,IND,,,,,,,,,,,,,,,,,,,,,,,,,,,,,,,,,,,,,,,,,,,,,,,,,,,,,,,,,,,,,,,,,,,,,,,,,,,,,,,,,,,,,,,,,,,,,,,,,,,,,,,,,,,,,,
1630171,Isaac Okoro,Isaac,1610612739,CLE,23.0,1,0,1,0.0,12.45,2,4,0.5,1,1,1.0,0,0,0.0,1,2,3,1,0,0,0,0,3,1,5,1,10.1,0,0,10.0,1,21,21,21,27,24,26,15,15,30,1,15,16,15,8,17,17,19,24,16,12,1,28,16,25,15,26,6,2,26,,14,113.0,113.0,5.9,100.0,20,23,0.143,15,11,11,20,2.0,13.0,0.0,0.141,11,17,11,11,100.0,0.0,4.0,0.143,0.625,18,0.071,1,101.0,92.53,0.182,94.61,13.0,11,1,12,28,77.11,3,0.625,12,8,92.53,28,17,16,14,106.9,24,0.079,0.0,23,20.0,12,26,0.12,0.0,2.0,1.0,2.0,0.083,0.167,3.0,14.0,12.0,0.0,0.0,0.0,0.0,0.0,0.0,2.0,0.0,0.0,0.0,0.0,0.0,1.0,0.0,0.0,0.0,0.0,17.0,0.0,0.0,1.0,2.0,12.0,2.2,0.294,1.88,0.0,5.0,0.6,0.0,0.5,0.0,2.0,1.0,0.5,0.5,6.1,0.0,1.0,1.0,18.0,0.0,0.333,4.0,0.0,0.5,0.5,10.1,2.0,1.0,0.5,0.5,6.0,0.0,,,,,,,,,,,,,,,0.333,0.75,3.0,1.0,0.0,1.0,3.0,0.0,0.75,,0.0,0.333,0.333,,,,,,,,,,,,,,0.25,1.5,0.25,0.0,0.0,1.0,1.0,,1.0,1.0,0.0,1.0,1.0,,,,0.0,0.0,0.0,0.0,0.0,0.0,0.0,1.0,2.0,3.0,0.0,0.625,0.0,1.0,0.0,1.0,1.0,0.0,0.0,0.0,0.0,0.0,0.0,0.0,0.0,1.0,0.0,0.0,1.0,0.0,0.0,0.0,1.0,0.0,1.0,1.0,1.0,0.0,0.321,F-G,0.593,16.0,-0.051,27.0,0.643,0.0,0.0,0.0,1.0,0.0,,0.0,1.0,1.0,1.0,1.0,0.0,0.0,0.0,0.0,0.0,0.0,0.0,0.0,1.0,0.0,0.0,1.0,1.0,,,0.0,CLE,1.0,1.0,1.0,1.0,1.0,1.5,2024,42300205,,,,,,,,,,,,,,,,,,,,,,,,,,,,,,,,,,,,,,0.0,0.0,0.0,1.0,0.0,0.0,0.0,0.0,1.0,1.0,0.0,1.0,0.0,0.0,0.0,0.0,0.0,0.0,0.0,0.0,0.0,17.0,0.0,0.0,0.0,0.0,0.0,0.0,0.0,0.0,0.0,0.0,0.0,0.0,0.0,0.0,0.0,0.0,0.0,12.45,4563.0,0.86,0.47,0.39,4.13,4.64,3.64,1610612738.0,CLE_BOS_2024,BOS,CLE,20240515,2023-24,True,CLE,BOS,,,,,,,,,,,,,,,,,,,,,,,,,,,,,,,,,,,,,,,,,,,,,,,,,,,,,,,,,,,,,,,,,,,,,,,,,,,,,,,,,,,,,,,,,,,,,,,,,,,,,,,,,,,,,,
1630171,Isaac Okoro,Isaac,1610612739,CLE,23.0,1,1,0,1.0,31.33,5,11,0.455,4,8,0.5,2,4,0.5,0,4,4,1,0,1,2,0,1,2,16,-4,31.3,0,0,31.0,1,1,1,1,57,56,55,89,9,20,29,37,21,69,105,53,81,101,109,30,6,1,48,43,49,119,47,15,2,45,,63,98.4,98.4,-5.4,104.8,70,63,0.188,131,113,66,95,5.0,-6.3,0.0,0.187,66,134,131,113,104.8,0.0,11.0,0.053,0.636,133,0.0,1,103.7,96.52,0.103,97.07,-6.3,117,1,110,82,80.43,117,0.627,110,105,96.52,89,134,110,66,98.3,56,0.11,0.0,136,7.1,54,55,0.053,0.0,2.0,1.0,3.0,0.04,0.08,3.0,29.0,25.0,0.0,3.0,0.0,0.0,0.0,0.0,5.0,0.0,0.0,0.0,0.6,0.0,2.0,0.2,0.0,1.0,0.0,38.0,0.0,0.0,0.0,0.0,27.0,2.14,0.421,1.5,0.0,16.0,1.4,1.0,0.5,1.0,3.0,4.0,0.8,0.0,3.7,0.0,0.0,0.0,0.0,0.0,0.0,5.0,1.0,0.571,1.0,3.7,4.0,0.0,0.0,0.0,8.0,0.0,,,,,,,,,,,,,,,0.333,0.273,3.0,1.0,0.0,1.0,3.0,0.0,0.273,,0.0,0.333,0.333,,1.0,1.0,0.0,0.0,0.0,0.0,0.091,0.091,0.0,0.0,0.0,0.0,0.636,0.857,0.636,0.0,0.0,0.571,0.571,,4.0,7.0,0.0,4.0,7.0,1.5,1.0,1.0,1.0,1.0,1.0,3.0,1.0,0.0,0.0,0.0,0.0,9.0,0.0,0.636,0.0,0.429,0.5,1.0,2.0,0.0,0.0,5.0,3.0,0.0,0.0,0.667,0.6,0.0,2.0,0.0,1.0,1.0,0.0,3.0,1.0,0.0,3.0,0.333,1.0,2.0,0.291,F-G,0.643,81.0,0.01,126.0,0.633,0.0,4.0,0.0,2.0,0.0,,0.0,2.0,0.5,0.0,1.0,0.0,6.0,0.0,0.0,0.0,0.0,0.667,0.0,1.0,0.0,0.0,0.0,0.0,,,0.0,CLE,3.0,0.429,7.0,3.0,7.0,0.643,2024,22300886,,1.0,3.0,12.0,0.25,0.484,-0.234,0.333,2.0,4.0,0.5,0.382,0.118,0.667,1.0,8.0,0.125,0.571,-0.446,0.583,0.0,7.0,0.0,0.669,-0.669,0.667,1.0,8.0,0.125,0.62,-0.495,0.333,2.0,4.0,0.5,0.387,0.113,4.0,3.0,1.0,1.0,0.0,1.0,2.0,0.0,0.0,0.0,0.0,0.0,0.0,2.0,2.0,2.0,0.0,0.0,1.0,1.0,0.0,38.0,0.0,0.0,0.0,0.0,0.0,0.0,0.0,0.0,0.0,0.0,0.0,0.0,0.0,0.0,0.0,0.0,0.0,31.33,11917.0,2.26,1.19,1.07,4.21,4.69,3.79,,,CLE,BOS,20240305,2023-24,False,CLE,BOS,,,,,,,,,,,,,,,,,,,,,,,,,,,,,,,,,,,,,,,,,,,,,,,,,,,,,,,,,,,,,,,,,,,,,,,,,,,,,,,,,,,,,,,,,,,,,,,,,,,,,,,,,,,,,,
1630171,Isaac Okoro,Isaac,1610612739,CLE,23.0,1,1,0,1.0,14.785,1,4,0.25,0,2,0.0,0,0,0.0,0,0,0,0,1,0,0,0,4,1,2,-10,1.0,0,0,2.0,1,1,1,1,184,182,164,196,137,120,137,118,126,118,131,213,222,184,75,105,75,1,226,98,203,214,241,26,2,225,,194,96.6,96.6,-29.9,122.6,250,29,0.156,184,210,202,119,1.0,-26.0,20.0,0.16,202,185,222,210,122.6,0.0,4.0,0.0,0.25,184,0.0,226,119.3,97.4,0.0,102.53,-26.0,213,226,130,146,81.16,47,0.25,130,131,97.4,148,185,224,212,89.4,182,-0.156,20.0,206,0.0,201,164,0.0,0.0,0.0,0.0,2.0,0.0,0.0,0.0,8.0,7.0,0.0,0.0,1.0,0.5,0.0,0.5,4.0,0.0,0.0,0.25,0.0,2.0,2.0,0.0,0.0,0.0,1.0,13.0,0.0,0.0,0.0,0.0,8.0,2.4,0.154,1.54,0.0,2.0,0.5,0.0,,,,,,,,,,,,,,,,,,,,,,,,,,,,,,,,,,,,,,,0.0,0.25,1.0,0.0,0.0,0.0,1.0,0.0,0.25,,0.0,0.0,0.0,1.0,1.0,0.0,1.0,1.0,0.0,1.0,0.25,0.0,,1.0,1.0,0.25,0.5,0.0,0.5,0.0,0.0,0.0,0.0,,0.0,2.0,0.0,0.0,2.0,,,,0.0,0.0,0.0,0.0,0.0,0.0,0.0,0.0,0.0,0.0,0.0,0.25,0.0,0.0,0.0,0.0,0.0,0.0,0.0,2.0,0.0,0.0,0.0,0.0,0.0,0.0,2.0,0.0,1.0,0.0,0.0,0.0,2.0,0.0,0.0,0.0,0.5,0.0,0.288,F-G,0.665,109.0,0.033,164.0,0.632,0.0,0.0,0.0,2.0,0.0,0.0,0.0,0.0,0.5,0.0,0.0,0.0,2.0,0.0,0.0,0.0,0.0,0.0,0.0,1.0,0.0,0.0,0.0,0.0,0.0,0.0,0.0,CLE,0.0,0.0,2.0,0.0,2.0,0.0,2024,22301067,,1.0,2.0,6.0,0.333,0.449,-0.116,0.167,0.0,1.0,0.0,0.373,-0.373,0.833,2.0,5.0,0.4,0.539,-0.139,0.333,1.0,2.0,0.5,0.617,-0.117,0.667,2.0,4.0,0.5,0.598,-0.098,0.333,0.0,2.0,0.0,0.38,-0.38,2.0,1.0,1.0,1.0,0.0,0.0,0.0,0.0,0.0,0.0,0.0,0.0,0.0,0.0,0.0,0.0,0.0,0.0,0.0,0.0,0.0,13.0,0.0,0.0,0.0,0.0,0.0,0.0,0.0,0.0,0.0,0.0,0.0,0.0,0.0,0.0,0.0,0.0,0.0,14.78,5782.0,1.1,0.51,0.59,3.96,3.71,4.18,,,CLE,PHI,20240329,2023-24,False,CLE,PHI,,,,,,,,,,,,,,,,,,,,,,,,,,,,,,,,,,,,,,,,,,,,,,,,,,,,,,,,,,,,,,,,,,,,,,,,,,,,,,,,,,,,,,,,,,,,,,,,,,,,,,,,,,,,,,
1630171,Isaac Okoro,Isaac,1610612739,CLE,23.0,1,0,1,0.0,16.266666666666666,1,4,0.25,1,2,0.5,0,0,0.0,0,2,2,1,1,1,0,1,1,0,3,-15,8.9,0,0,9.0,1,54,54,54,75,74,69,85,41,62,20,55,58,55,51,53,67,58,37,14,36,78,21,72,78,97,78,10,1,78,,97,103.2,103.2,-49.5,146.9,84,31,0.139,69,96,97,35,1.0,-43.6,16.7,0.143,97,78,64,96,146.9,1.0,4.0,0.083,0.375,53,0.0,86,144.0,92.95,0.133,98.14,-43.6,47,84,91,69,77.46,75,0.375,91,51,92.95,69,78,97,83,94.5,74,0.026,16.7,89,16.7,77,69,0.063,0.0,1.0,0.0,2.0,0.059,0.059,3.0,12.0,17.0,0.0,3.0,0.0,0.0,0.0,0.0,3.0,0.0,0.0,0.0,1.0,0.0,0.0,0.0,0.0,0.0,0.0,23.0,0.0,0.0,0.0,0.0,13.0,1.29,0.13,0.87,0.0,3.0,0.5,1.0,0.667,0.0,1.0,2.0,1.0,0.0,23.1,0.0,0.0,0.0,0.0,0.0,0.0,2.0,0.0,0.667,1.0,23.1,2.0,0.0,0.0,0.0,3.0,0.0,,,,,,,,,,,,,,,0.0,0.5,2.0,0.0,0.0,0.0,2.0,0.0,0.5,,0.0,0.0,0.0,,,,,,,,,,,,,,0.5,0.75,0.5,0.0,0.0,0.5,0.5,,1.0,2.0,0.0,1.0,2.0,,,,0.0,0.0,0.0,0.0,0.0,0.0,0.0,0.0,0.0,3.0,0.0,0.375,0.0,0.5,0.0,1.0,1.0,0.0,0.0,1.0,0.0,0.0,0.0,0.0,0.0,0.0,1.0,0.0,0.0,0.0,0.0,0.0,1.0,0.0,1.0,1.0,0.0,0.0,0.316,F-G,0.639,23.0,0.008,36.0,0.631,,1.0,0.0,1.0,0.0,0.0,0.0,0.0,0.0,0.0,0.0,0.0,2.0,0.0,0.0,0.0,0.0,0.5,0.0,0.0,,,1.0,0.0,0.0,0.0,0.0,CLE,1.0,0.5,2.0,1.0,2.0,0.75,2024,22300305,,1.0,7.0,12.0,0.583,0.484,0.099,0.583,4.0,7.0,0.571,0.379,0.192,0.417,3.0,5.0,0.6,0.566,0.034,0.25,2.0,3.0,0.667,0.649,0.018,0.417,3.0,5.0,0.6,0.625,-0.025,0.583,4.0,7.0,0.571,0.393,0.178,2.0,1.0,1.0,0.0,0.0,1.0,3.0,0.0,0.0,0.0,0.0,0.0,0.0,0.0,0.0,0.0,0.0,0.0,0.0,0.0,0.0,23.0,0.0,0.0,0.0,0.0,0.0,0.0,0.0,0.0,0.0,0.0,0.0,0.0,0.0,0.0,0.0,0.0,0.0,16.27,6356.0,1.2,0.64,0.56,4.19,3.94,4.45,,,BOS,CLE,20231212,2023-24,False,CLE,BOS,,,,,,,,,,,,,,,,,,,,,,,,,,,,,,,,,,,,,,,,,,,,,,,,,,,,,,,,,,,,,,,,,,,,,,,,,,,,,,,,,,,,,,,,,,,,,,,,,,,,,,,,,,,,,,
1630171,Isaac Okoro,Isaac,1610612739,CLE,23.0,1,0,1,0.0,21.03833333333333,0,0,0.0,0,0,0.0,0,0,0.0,0,1,1,1,2,1,0,0,3,0,0,-12,3.7,0,0,4.0,1,48,48,48,47,68,79,68,44,66,44,38,40,38,39,52,59,40,15,15,22,1,69,50,71,74,71,6,2,66,,78,95.2,95.2,-27.4,126.8,81,42,0.045,52,69,78,30,0.0,-31.6,66.7,0.049,78,50,69,69,126.8,0.5,0.0,0.071,0.0,15,0.0,90,125.6,94.68,0.063,93.68,-31.6,62,90,51,79,78.9,54,0.0,51,39,94.68,79,50,68,71,98.2,68,-0.026,66.7,49,33.3,68,79,0.033,0.0,1.0,0.0,1.0,0.083,0.083,2.0,10.0,12.0,0.0,1.0,2.0,0.0,0.0,0.0,3.0,0.0,0.0,0.667,0.333,0.0,0.0,0.0,0.0,0.0,0.0,15.0,0.0,0.0,0.0,0.0,11.0,2.23,0.0,1.33,0.0,0.0,0.6,0.0,0.5,0.0,0.0,1.0,0.5,0.0,4.2,0.0,0.0,0.0,0.0,0.0,0.0,2.0,0.0,0.5,0.5,4.2,1.0,0.0,0.0,0.0,2.0,0.0,,,,,,,,,,,,,,,,,,,,,,,,,,,,,,,,,,,,,,,,,,,,,,,,,,,,,,,,,,0.0,0.0,0.0,,0.0,0.0,0.0,0.0,0.0,0.0,0.0,0.0,0.0,0.0,0.0,0.0,0.0,0.0,0.0,0.0,0.0,0.0,0.0,0.0,0.0,0.0,0.0,0.0,0.0,0.0,0.0,0.0,0.0,0.0,0.0,0.0,0.0,0.355,F-G,0.545,6.0,-0.084,11.0,0.629,0.0,0.0,0.0,0.0,0.0,,0.0,0.0,0.0,0.0,0.0,0.0,0.0,0.0,0.0,0.0,0.0,0.0,0.0,0.0,0.0,0.0,0.0,0.0,,,0.0,CLE,0.0,,,,0.0,,2024,42300134,,1.0,2.0,4.0,0.5,0.446,0.054,0.25,0.0,1.0,0.0,0.374,-0.374,0.75,2.0,3.0,0.667,0.494,0.172,0.75,2.0,3.0,0.667,0.576,0.09,0.75,2.0,3.0,0.667,0.53,0.137,0.25,0.0,1.0,0.0,0.376,-0.376,3.0,2.0,1.0,1.0,0.0,0.0,0.0,0.0,0.0,0.0,0.0,0.0,0.0,0.0,0.0,0.0,0.0,0.0,0.0,0.0,0.0,15.0,0.0,0.0,0.0,0.0,0.0,0.0,0.0,0.0,0.0,0.0,0.0,0.0,0.0,0.0,0.0,0.0,0.0,21.03,7932.0,1.5,0.72,0.79,3.94,3.89,3.99,1610612753.0,CLE_ORL_2024,ORL,CLE,20240427,2023-24,True,CLE,ORL,,,,,,,,,,,,,,,,,,,,,,,,,,,,,,,,,,,,,,,,,,,,,,,,,,,,,,,,,,,,,,,,,,,,,,,,,,,,,,,,,,,,,,,,,,,,,,,,,,,,,,,,,,,,,,
1630171,Isaac Okoro,Isaac,1610612739,CLE,23.0,1,1,0,1.0,26.8,4,10,0.4,1,5,0.2,3,3,1.0,0,2,2,4,0,1,0,0,1,3,12,19,23.4,0,0,21.0,1,1,1,1,98,90,79,133,82,56,118,29,44,1,125,117,143,45,142,40,80,1,61,29,86,12,97,19,3,102,,36,133.3,133.3,34.6,96.4,101,54,0.156,82,13,39,123,4.0,37.0,0.0,0.177,39,23,185,13,96.4,0.0,10.0,0.167,0.45,48,0.0,1,96.1,97.61,0.071,98.72,37.0,167,1,141,148,81.34,136,0.53,141,125,97.61,127,23,17,122,130.7,90,0.1,0.0,27,28.6,147,79,0.037,0.0,4.0,1.0,1.0,0.16,0.16,7.0,28.0,25.0,0.0,0.0,0.0,0.5,0.0,1.5,2.0,0.0,0.0,0.0,0.0,3.0,2.0,0.0,0.0,0.0,1.0,36.0,0.0,0.0,0.0,0.0,23.0,2.42,0.333,1.36,0.0,12.0,1.5,0.0,0.333,1.0,2.0,2.0,0.5,0.0,5.4,0.0,0.0,0.0,0.0,0.0,0.0,4.0,1.0,0.4,0.667,5.4,2.0,0.0,0.0,0.0,6.0,0.0,,,,,,,,,,,,,,,0.6,0.5,5.0,3.0,0.0,3.0,5.0,0.0,0.5,,0.0,0.6,0.6,,,,,,,,,,,,,,0.5,0.3,0.5,0.0,0.0,0.2,0.2,,1.0,5.0,0.0,1.0,5.0,0.75,0.5,0.5,1.0,2.0,1.0,3.0,2.0,0.0,0.0,0.0,0.0,0.0,0.0,0.45,0.0,0.0,0.0,1.0,2.0,1.0,,2.0,0.0,,,0.0,0.0,0.0,2.0,0.0,2.0,0.0,0.0,0.0,3.0,0.5,3.0,0.333,0.667,0.0,0.294,F-G,0.644,65.0,0.011,101.0,0.633,0.0,0.0,0.0,5.0,,0.0,0.0,3.0,0.6,0.333,0.0,0.0,2.0,0.0,0.0,,,0.0,0.0,3.0,0.0,0.0,0.0,1.0,0.0,0.0,0.0,CLE,0.0,0.0,3.0,0.0,3.0,0.0,2024,22300756,,1.0,2.0,4.0,0.5,0.457,0.044,0.5,0.0,2.0,0.0,0.327,-0.327,0.5,2.0,2.0,1.0,0.522,0.478,0.5,2.0,2.0,1.0,0.609,0.392,0.5,2.0,2.0,1.0,0.556,0.444,0.5,0.0,2.0,0.0,0.331,-0.331,2.0,0.0,2.0,1.0,0.0,0.0,0.0,0.0,0.0,0.0,0.0,0.0,0.0,0.0,0.0,0.0,0.0,0.0,0.0,0.0,0.0,36.0,0.0,0.0,0.0,0.0,0.0,0.0,0.0,0.0,0.0,0.0,0.0,0.0,0.0,0.0,0.0,0.0,0.0,26.8,10578.0,2.0,1.05,0.96,4.18,4.06,4.32,,,TOR,CLE,20240210,2023-24,False,CLE,TOR,,,,,,,,,,,,,,,,,,,,,,,,,,,,,,,,,,,,,,,,,,,,,,,,,,,,,,,,,,,,,,,,,,,,,,,,,,,,,,,,,,,,,,,,,,,,,,,,,,,,,,,,,,,,,,
1630171,Isaac Okoro,Isaac,1610612739,CLE,23.0,1,0,1,0.0,25.531666666666663,0,4,0.0,0,4,0.0,1,4,0.25,3,1,4,0,1,0,0,0,2,2,1,-21,4.8,0,0,5.0,1,141,141,141,126,246,198,246,167,84,167,126,48,156,17,181,102,223,98,130,85,1,120,83,250,267,242,19,1,240,,106,77.6,77.6,-36.9,115.7,269,49,0.111,223,244,113,149,0.0,-38.1,14.3,0.111,113,256,160,244,115.7,0.0,4.0,0.0,0.0,223,0.079,220,113.4,94.0,0.037,95.66,-38.1,221,206,248,219,78.33,249,0.087,248,64,94.0,222,256,249,249,76.4,246,-0.092,14.8,262,0.0,246,198,0.062,0.0,0.0,0.0,2.0,0.0,0.0,0.0,14.0,18.0,0.0,1.0,0.0,0.0,0.0,0.0,1.0,0.0,0.0,0.0,1.0,0.0,0.0,0.0,0.0,0.0,0.0,26.0,0.333,0.0,0.0,0.0,19.0,1.79,0.038,0.77,0.0,1.0,0.8,3.0,0.444,1.0,4.0,0.0,0.2,0.75,3.5,0.0,4.0,1.0,6.5,1.0,1.0,5.0,1.0,0.5,0.25,5.7,0.0,0.0,0.75,1.0,9.0,3.0,,,,,,,,,,,,,,,,,,,,,,,,,,,,,,,,,,,,,,,,,1.0,0.0,1.0,0.0,0.0,0.0,0.0,,0.0,4.0,0.0,0.0,4.0,,,,0.0,0.0,0.0,0.0,0.0,0.0,0.0,0.0,0.0,0.0,1.0,0.0,0.0,0.0,0.0,0.0,0.0,0.0,,3.0,0.0,,,0.0,0.0,0.0,3.0,0.0,0.0,0.0,0.0,0.0,0.0,0.0,1.0,0.0,0.0,0.0,0.324,F-G,0.636,21.0,0.007,33.0,0.629,0.0,0.0,0.0,0.0,,0.0,0.0,1.0,0.0,0.0,0.0,0.0,3.0,0.0,0.0,,,0.0,0.0,0.0,0.0,0.0,0.0,0.0,0.0,0.0,0.0,CLE,0.0,0.0,4.0,0.0,4.0,0.0,2024,22300294,,1.0,3.0,5.0,0.6,0.453,0.147,0.4,2.0,2.0,1.0,0.429,0.571,0.6,1.0,3.0,0.333,0.546,-0.212,0.4,1.0,2.0,0.5,0.647,-0.147,0.6,1.0,3.0,0.333,0.591,-0.258,0.4,2.0,2.0,1.0,0.429,0.571,4.0,2.0,2.0,3.0,0.0,0.0,0.0,0.0,0.0,0.0,0.0,0.0,0.0,1.0,1.0,1.0,0.0,0.0,1.0,1.0,0.0,26.0,0.0,0.0,0.0,0.0,0.0,0.0,0.0,0.0,0.0,0.0,0.0,0.0,0.0,0.0,0.0,0.0,0.0,25.53,9792.0,1.85,0.89,0.97,4.15,4.12,4.18,,,ORL,CLE,20231211,2023-24,False,CLE,ORL,,,,,,,,,,,,,,,,,,,,,,,,,,,,,,,,,,,,,,,,,,,,,,,,,,,,,,,,,,,,,,,,,,,,,,,,,,,,,,,,,,,,,,,,,,,,,,,,,,,,,,,,,,,,,,
1630171,Isaac Okoro,Isaac,1610612739,CLE,23.0,1,1,0,1.0,29.78333333333333,6,8,0.75,0,0,0.0,2,2,1.0,2,1,3,0,0,4,0,1,1,1,14,18,29.6,0,0,25.0,1,1,1,1,71,47,89,9,117,163,117,47,57,1,26,146,99,164,121,1,65,133,46,93,62,11,56,15,2,68,,44,129.0,129.0,34.1,98.4,56,62,0.13,164,31,47,102,6.0,30.6,0.0,0.134,47,37,126,31,98.4,0.0,8.0,0.0,0.75,164,0.077,1,98.9,100.73,0.04,99.02,30.6,175,1,69,148,83.94,96,0.788,69,48,100.73,150,37,27,30,133.0,47,0.13,0.0,33,0.0,27,89,0.059,0.0,1.0,1.0,0.0,0.0,0.083,0.0,12.0,12.0,0.0,0.0,0.0,0.0,0.0,0.0,1.0,0.0,0.0,0.0,0.0,0.0,1.0,0.0,0.0,0.0,0.0,21.0,2.0,0.0,0.0,0.0,10.0,2.58,0.667,2.29,0.0,14.0,0.9,2.0,0.429,0.0,3.0,1.0,0.25,0.667,4.9,0.0,2.0,0.0,14.9,1.0,0.667,4.0,0.0,0.429,0.25,11.6,1.0,0.0,0.667,0.0,7.0,2.0,2.0,0.25,1.0,1.0,2.0,0.0,1.0,2.0,0.0,,2.0,0.25,1.0,0.0,0.6,0.625,5.0,3.0,0.0,3.0,5.0,0.0,0.625,,0.0,0.6,0.6,1.0,1.0,0.0,1.0,1.0,0.0,1.0,0.125,0.0,,1.0,1.0,0.125,,,,,,,,,,,,,,,,,,0.0,0.0,0.0,,0.0,1.0,0.0,0.0,0.0,4.0,0.75,0.0,0.0,0.0,0.0,0.0,0.0,0.0,0.0,0.0,0.0,0.0,0.0,0.0,0.0,0.0,0.0,6.0,0.0,0.0,0.0,8.0,0.0,0.0,0.0,0.75,0.0,0.285,F-G,0.609,53.0,-0.022,87.0,0.631,0.0,0.0,0.0,8.0,0.0,0.0,0.0,0.0,0.75,0.0,0.0,0.0,0.0,0.0,0.0,0.0,0.0,0.0,0.0,6.0,0.0,0.0,0.0,0.0,0.0,0.0,0.0,CLE,0.0,,,,0.0,,2024,22300675,,1.0,3.0,7.0,0.429,0.46,-0.032,0.286,2.0,2.0,1.0,0.368,0.633,0.714,1.0,5.0,0.2,0.512,-0.312,0.286,0.0,2.0,0.0,0.615,-0.615,0.286,0.0,2.0,0.0,0.575,-0.575,0.429,2.0,3.0,0.667,0.39,0.276,4.0,3.0,1.0,3.0,0.0,0.0,0.0,1.0,1.0,2.0,0.5,0.5,0.0,1.0,1.0,1.0,0.0,0.0,1.0,1.0,0.0,21.0,0.0,0.0,0.0,0.0,0.0,0.0,0.0,0.0,0.0,0.0,0.0,0.0,0.0,0.0,0.0,0.0,0.0,29.78,11464.0,2.17,1.0,1.17,4.09,3.93,4.24,,,CLE,DET,20240131,2023-24,False,CLE,DET,,,,,,,,,,,,,,,,,,,,,,,,,,,,,,,,,,,,,,,,,,,,,,,,,,,,,,,,,,,,,,,,,,,,,,,,,,,,,,,,,,,,,,,,,,,,,,,,,,,,,,,,,,,,,,
1630171,Isaac Okoro,Isaac,1610612739,CLE,23.0,1,1,0,1.0,21.6,2,5,0.4,0,0,0.0,4,6,0.667,2,2,4,0,3,1,0,1,2,3,8,16,12.8,0,0,14.0,1,1,1,1,165,183,190,191,176,257,176,30,20,107,30,152,110,242,26,57,102,221,150,56,159,39,206,23,3,189,,30,121.4,121.4,42.6,79.5,251,42,0.22,242,28,32,159,2.0,41.9,27.3,0.216,32,98,104,28,79.5,0.0,5.0,0.0,0.4,242,0.105,298,78.4,95.56,0.105,96.44,41.9,185,293,261,108,79.63,262,0.524,261,38,95.56,114,98,28,182,121.0,183,0.027,28.2,93,0.0,217,190,0.105,0.0,0.0,0.0,1.0,0.0,0.0,0.0,19.0,16.0,2.0,0.0,1.0,0.0,0.25,0.25,4.0,1.0,1.0,0.25,0.0,1.0,2.0,0.0,0.5,0.0,0.0,26.0,1.0,0.0,0.0,0.0,16.0,3.18,0.308,2.73,0.0,8.0,1.4,2.0,0.8,0.0,2.0,0.0,0.667,1.0,12.5,0.0,2.0,2.0,19.2,0.0,0.5,3.0,0.0,0.8,0.667,15.8,2.0,2.0,1.0,1.0,5.0,0.0,1.0,0.2,1.0,1.0,1.0,0.0,1.0,1.0,0.0,,1.0,0.2,1.0,0.0,0.25,0.8,4.0,1.0,0.0,1.0,4.0,0.0,0.8,,0.0,0.25,0.25,,,,,,,,,,,,,,,,,,,,,,,,,,,,,,,0.0,0.0,0.0,,0.0,1.0,0.0,0.0,0.0,2.0,0.4,0.0,0.0,0.0,0.0,1.0,0.0,,0.0,0.0,,,0.0,0.0,0.0,0.0,0.0,2.0,0.0,0.0,0.0,4.0,0.0,0.0,0.0,0.5,0.0,0.3,F-G,0.639,39.0,-0.001,61.0,0.641,0.0,0.0,0.0,4.0,,,0.0,0.0,0.5,0.0,1.0,0.0,0.0,0.0,0.0,,,0.0,0.0,2.0,0.0,0.0,0.0,0.0,,,0.0,CLE,0.0,,,,0.0,,2024,22300482,,1.0,3.0,7.0,0.429,0.499,-0.07,0.714,2.0,5.0,0.4,0.379,0.021,0.286,1.0,2.0,0.5,0.622,-0.122,0.143,1.0,1.0,1.0,0.739,0.261,0.286,1.0,2.0,0.5,0.641,-0.141,0.714,2.0,5.0,0.4,0.385,0.015,1.0,0.0,1.0,2.0,0.0,0.0,0.0,1.0,0.0,1.0,1.0,0.0,0.0,0.0,0.0,0.0,0.0,0.0,0.0,0.0,0.0,26.0,0.0,0.0,0.0,0.0,0.0,0.0,0.0,0.0,0.0,0.0,0.0,0.0,0.0,0.0,0.0,0.0,0.0,21.6,8693.0,1.65,0.83,0.81,4.2,4.34,4.05,,,CLE,WAS,20240105,2023-24,False,CLE,WAS,,,,,,,,,,,,,,,,,,,,,,,,,,,,,,,,,,,,,,,,,,,,,,,,,,,,,,,,,,,,,,,,,,,,,,,,,,,,,,,,,,,,,,,,,,,,,,,,,,,,,,,,,,,,,,
1630171,Isaac Okoro,Isaac,1610612739,CLE,23.0,1,1,0,1.0,25.616666666666667,5,7,0.714,0,0,0.0,0,1,0.0,1,2,3,7,0,1,1,0,2,1,10,37,30.1,0,0,24.0,1,1,1,1,79,56,87,28,106,151,106,93,90,93,56,98,97,14,119,28,21,1,118,72,74,2,51,15,3,67,,18,142.9,142.9,63.1,76.8,64,56,0.113,39,3,22,99,5.0,66.1,0.0,0.118,22,11,143,3,76.8,0.0,7.0,0.259,0.714,6,0.04,1,74.4,104.93,0.063,108.6,66.1,148,1,44,156,87.44,9,0.672,44,82,104.93,152,11,6,57,137.6,56,0.127,0.0,20,50.0,44,87,0.053,0.0,7.0,0.0,8.0,0.35,0.35,17.0,23.0,20.0,0.0,1.0,0.0,0.5,0.0,0.667,3.0,0.0,0.0,0.0,0.333,2.0,2.0,0.333,0.0,1.0,1.0,28.0,2.0,0.0,0.0,1.0,17.0,1.84,0.357,1.36,0.0,10.0,0.9,2.0,0.5,1.0,1.0,2.0,0.4,1.0,17.3,0.0,1.0,0.0,4.5,1.0,0.333,5.0,1.0,0.6,0.5,13.0,2.0,0.0,1.0,0.0,6.0,1.0,2.0,0.286,1.0,1.0,2.0,0.0,1.0,2.0,0.0,,2.0,0.286,1.0,0.0,0.5,0.571,4.0,2.0,0.0,2.0,4.0,0.0,0.571,,0.0,0.5,0.5,1.0,1.0,0.0,1.0,1.0,0.0,1.0,0.143,0.0,,1.0,1.0,0.143,,,,,,,,,,,,,,,,,,0.0,0.0,0.0,,0.0,1.0,0.0,0.0,0.0,4.0,0.714,0.0,0.0,0.0,0.0,2.0,1.0,,0.0,0.0,,,0.0,0.0,0.0,0.0,0.0,4.0,0.0,0.0,0.0,5.0,0.5,0.0,0.0,0.8,0.0,0.291,F-G,0.638,44.0,0.002,69.0,0.636,0.0,0.0,0.0,6.0,,,0.0,0.0,0.833,0.0,1.0,0.0,0.0,0.0,0.0,,,0.0,0.0,5.0,0.0,0.0,0.0,0.0,,,0.0,CLE,0.0,,,,0.0,,2024,22300572,,1.0,4.0,14.0,0.286,0.437,-0.152,0.357,1.0,5.0,0.2,0.372,-0.172,0.643,3.0,9.0,0.333,0.499,-0.166,0.214,2.0,3.0,0.667,0.573,0.094,0.286,3.0,4.0,0.75,0.548,0.202,0.429,1.0,6.0,0.167,0.375,-0.209,5.0,5.0,0.0,2.0,0.0,0.0,0.0,0.0,0.0,0.0,0.0,0.0,0.0,0.0,0.0,0.0,0.0,0.0,0.0,0.0,0.0,28.0,0.0,0.0,0.0,0.0,0.0,0.0,0.0,0.0,0.0,0.0,0.0,0.0,0.0,0.0,0.0,0.0,0.0,25.62,10483.0,1.99,0.98,1.0,4.5,4.8,4.24,,,CLE,MIL,20240117,2023-24,False,CLE,MIL,,,,,,,,,,,,,,,,,,,,,,,,,,,,,,,,,,,,,,,,,,,,,,,,,,,,,,,,,,,,,,,,,,,,,,,,,,,,,,,,,,,,,,,,,,,,,,,,,,,,,,,,,,,,,,
1630171,Isaac Okoro,Isaac,1610612739,CLE,23.0,1,1,0,1.0,34.656666666666666,4,12,0.333,2,5,0.4,2,2,1.0,3,1,4,0,1,0,0,2,4,1,12,5,15.8,0,0,18.0,1,1,1,1,12,30,22,70,18,28,27,30,36,1,5,76,40,92,28,53,34,106,105,44,34,43,65,8,2,48,,28,105.5,105.5,12.4,96.0,91,73,0.169,92,45,31,53,4.0,9.5,7.1,0.175,31,73,82,45,96.0,0.0,12.0,0.0,0.417,92,0.079,65,95.5,102.49,0.026,101.58,9.5,95,64,33,58,85.41,65,0.466,33,22,102.49,58,73,41,69,108.0,30,0.014,7.2,61,0.0,68,22,0.053,0.0,1.0,1.0,2.0,0.0,0.045,0.0,28.0,22.0,0.0,1.0,1.0,0.333,0.0,0.4,5.0,0.0,0.0,0.2,0.2,2.0,3.0,0.0,0.0,0.0,1.0,37.0,0.0,0.0,0.0,0.0,24.0,2.65,0.324,1.97,0.0,12.0,1.6,2.0,0.571,1.0,4.0,1.0,0.333,0.75,25.4,0.0,2.0,0.0,5.9,0.667,0.5,3.0,1.0,0.667,0.5,10.8,2.0,1.0,0.75,0.0,7.0,2.0,1.0,0.25,0.333,0.333,3.0,0.0,1.0,1.0,0.0,,3.0,0.25,0.333,0.0,0.25,0.333,4.0,1.0,0.0,1.0,4.0,0.0,0.333,,0.0,0.25,0.25,,,,,,,,,,,,,,0.417,0.6,0.417,0.0,0.0,0.4,0.4,,2.0,5.0,0.0,2.0,5.0,,,,0.0,0.0,0.0,0.0,0.0,0.0,0.0,0.0,0.0,6.0,0.0,0.417,0.0,0.4,0.5,1.0,2.0,1.0,0.0,3.0,1.0,0.0,0.0,0.0,0.333,0.0,2.0,0.0,1.0,1.0,0.0,1.0,5.0,0.5,2.0,0.5,0.2,0.0,0.294,F-G,0.641,41.0,0.001,64.0,0.64,0.0,1.0,1.0,5.0,0.0,,0.5,2.0,0.2,0.5,2.0,0.0,3.0,0.0,0.0,0.0,0.0,0.333,0.0,1.0,0.0,0.0,0.0,1.0,,,0.0,CLE,2.0,0.4,5.0,2.0,5.0,0.6,2024,22300527,,1.0,1.0,5.0,0.2,0.431,-0.231,0.2,0.0,1.0,0.0,0.333,-0.333,0.8,1.0,4.0,0.25,0.484,-0.234,0.4,1.0,2.0,0.5,0.591,-0.091,0.4,1.0,2.0,0.5,0.543,-0.043,0.2,0.0,1.0,0.0,0.331,-0.331,4.0,2.0,2.0,1.0,0.0,1.0,2.0,1.0,1.0,2.0,0.5,0.5,0.0,0.0,0.0,0.0,0.0,0.0,0.0,0.0,0.0,37.0,0.0,0.0,0.0,0.0,0.0,0.0,0.0,0.0,0.0,0.0,0.0,0.0,0.0,0.0,0.0,0.0,0.0,34.65,13706.0,2.6,1.36,1.24,4.2,4.51,3.88,,,CLE,BKN,20240111,2023-24,False,CLE,BKN,,,,,,,,,,,,,,,,,,,,,,,,,,,,,,,,,,,,,,,,,,,,,,,,,,,,,,,,,,,,,,,,,,,,,,,,,,,,,,,,,,,,,,,,,,,,,,,,,,,,,,,,,,,,,,
1630171,Isaac Okoro,Isaac,1610612739,CLE,23.0,1,0,1,0.0,17.78,1,7,0.143,0,4,0.0,0,0,0.0,0,1,1,1,1,1,0,1,0,1,2,-17,6.7,0,0,6.0,1,22,22,22,24,26,20,29,23,11,23,15,17,15,22,28,31,20,11,5,13,29,1,13,29,40,29,4,1,30,,36,81.8,81.8,-47.7,125.7,39,33,0.229,18,36,39,15,1.0,-43.9,11.1,0.233,39,35,34,36,125.7,1.0,7.0,0.111,0.143,21,0.0,29,131.3,91.79,0.083,88.87,-43.9,27,29,24,7,76.49,30,0.143,24,22,91.79,9,35,36,31,83.5,26,-0.034,11.1,35,11.1,29,20,0.033,0.0,1.0,0.0,1.0,0.091,0.091,2.0,17.0,11.0,0.0,1.0,0.0,0.0,0.0,0.0,1.0,0.0,0.0,0.0,1.0,0.0,0.0,1.0,0.0,1.0,0.0,19.0,0.0,0.0,0.0,2.0,16.0,1.97,0.105,1.16,0.0,2.0,0.6,2.0,0.25,1.0,1.0,1.0,0.333,0.0,3.8,0.0,0.0,0.0,0.0,0.0,0.0,3.0,1.0,0.333,0.5,3.8,1.0,0.0,0.0,0.0,4.0,0.0,,,,,,,,,,,,,,,0.333,0.429,3.0,1.0,0.0,1.0,3.0,0.0,0.429,,0.0,0.333,0.333,,,,,,,,,,,,,,0.571,0.0,0.571,0.0,0.0,0.0,0.0,,0.0,4.0,0.0,0.0,4.0,,,,0.0,0.0,0.0,0.0,0.0,0.0,0.0,0.0,0.0,0.0,0.0,0.143,0.0,0.0,0.0,0.0,0.0,0.0,0.0,3.0,2.0,0.0,0.0,0.0,0.0,0.0,1.0,0.0,1.0,0.0,0.0,0.0,3.0,0.0,1.0,0.0,0.333,0.0,0.317,F-G,0.615,16.0,-0.028,26.0,0.643,0.0,0.0,0.0,3.0,0.0,,0.0,1.0,0.333,0.0,0.0,0.0,3.0,0.0,0.0,0.0,0.0,0.0,0.0,1.0,0.0,0.0,0.0,0.0,,,0.0,CLE,0.0,0.0,4.0,0.0,4.0,0.0,2024,42300203,,1.0,2.0,4.0,0.5,0.493,0.007,0.5,0.0,2.0,0.0,0.354,-0.354,0.5,2.0,2.0,1.0,0.578,0.422,0.25,1.0,1.0,1.0,0.651,0.349,0.25,1.0,1.0,1.0,0.62,0.38,0.5,0.0,2.0,0.0,0.374,-0.374,3.0,1.0,2.0,0.0,0.0,1.0,2.0,0.0,0.0,0.0,0.0,0.0,0.0,0.0,0.0,0.0,0.0,0.0,0.0,0.0,0.0,19.0,0.0,0.0,0.0,0.0,0.0,0.0,0.0,0.0,0.0,0.0,0.0,0.0,0.0,0.0,0.0,0.0,0.0,17.78,6808.0,1.29,0.66,0.63,4.12,4.53,3.74,1610612738.0,CLE_BOS_2024,CLE,BOS,20240511,2023-24,True,CLE,BOS,,,,,,,,,,,,,,,,,,,,,,,,,,,,,,,,,,,,,,,,,,,,,,,,,,,,,,,,,,,,,,,,,,,,,,,,,,,,,,,,,,,,,,,,,,,,,,,,,,,,,,,,,,,,,,
1630171,Isaac Okoro,Isaac,1610612739,CLE,23.0,1,0,1,0.0,28.076666666666668,3,8,0.375,1,3,0.333,3,4,0.75,4,3,7,2,1,2,1,2,3,2,10,-7,29.4,0,0,26.0,1,111,111,111,100,112,103,139,80,99,79,46,39,64,9,81,45,80,100,23,21,190,137,76,101,176,70,25,2,85,,26,77.8,77.8,-12.8,87.5,76,63,0.155,78,164,21,31,3.0,-9.7,7.7,0.155,21,206,66,164,87.5,2.0,8.0,0.143,0.438,98,0.1,85,88.7,108.56,0.1,109.21,-9.7,122,81,38,136,90.47,40,0.512,38,24,108.56,141,206,169,110,75.9,112,0.113,7.8,207,15.4,137,103,0.1,0.0,3.0,1.0,8.0,0.074,0.111,5.0,26.0,27.0,0.0,2.0,0.0,0.333,0.0,0.4,5.0,0.0,0.0,0.0,0.4,2.0,3.0,0.0,0.0,0.0,1.0,39.0,0.0,0.0,0.0,1.0,25.0,2.2,0.256,1.51,0.0,10.0,1.4,3.0,0.583,1.0,7.0,3.0,0.6,0.571,12.6,0.0,3.0,0.0,9.1,0.75,0.429,5.0,1.0,0.636,0.75,10.6,4.0,1.0,0.571,0.0,12.0,3.0,0.0,0.375,0.0,0.0,3.0,0.0,1.0,0.0,0.0,,3.0,0.375,0.0,0.0,1.0,0.25,2.0,2.0,0.0,2.0,2.0,0.0,0.25,,0.0,1.0,1.0,,,,,,,,,,,,,,0.375,0.5,0.375,0.0,0.0,0.333,0.333,,1.0,3.0,0.0,1.0,3.0,,,,0.0,0.0,0.0,0.0,0.0,0.0,0.0,0.0,0.0,3.0,0.0,0.438,0.0,0.333,1.0,0.0,1.0,0.0,0.0,2.0,1.0,0.0,0.0,0.0,0.5,0.0,1.0,0.0,2.0,1.0,0.0,1.0,4.0,0.0,1.0,0.0,0.5,0.0,0.444,F-G,0.875,7.0,0.232,8.0,0.643,0.0,1.0,0.0,4.0,0.0,0.0,0.0,1.0,0.5,0.0,1.0,0.0,2.0,0.0,0.0,0.0,0.0,0.5,0.0,2.0,0.0,0.0,0.0,0.0,0.0,0.0,0.0,CLE,1.0,0.333,3.0,1.0,3.0,0.5,2024,22300081,,1.0,4.0,9.0,0.444,0.523,-0.079,0.111,0.0,1.0,0.0,0.421,-0.421,0.889,4.0,8.0,0.5,0.569,-0.069,0.556,4.0,5.0,0.8,0.652,0.148,0.667,4.0,6.0,0.667,0.606,0.061,0.222,0.0,2.0,0.0,0.429,-0.429,4.0,4.0,0.0,1.0,0.0,0.0,0.0,2.0,0.0,2.0,1.0,0.0,0.0,0.0,0.0,0.0,0.0,0.0,0.0,0.0,0.0,39.0,0.0,0.0,0.0,0.0,0.0,0.0,0.0,0.0,0.0,0.0,0.0,0.0,0.0,0.0,0.0,0.0,0.0,28.08,11771.0,2.23,1.09,1.14,4.05,4.36,3.78,,,CLE,OKC,20231027,2023-24,False,CLE,OKC,,,,,,,,,,,,,,,,,,,,,,,,,,,,,,,,,,,,,,,,,,,,,,,,,,,,,,,,,,,,,,,,,,,,,,,,,,,,,,,,,,,,,,,,,,,,,,,,,,,,,,,,,,,,,,
1630171,Isaac Okoro,Isaac,1610612739,CLE,23.0,1,1,0,1.0,24.73,3,4,0.75,2,2,1.0,2,4,0.5,0,0,0,0,2,2,1,0,1,3,10,15,17.0,0,0,18.0,1,1,1,1,59,68,93,14,28,64,1,27,15,49,78,104,113,93,18,5,13,1,40,16,56,13,77,9,3,70,,45,140.4,140.4,37.3,111.5,90,52,0.145,93,18,59,58,3.0,28.8,25.0,0.15,59,21,113,18,111.5,0.0,4.0,0.0,1.0,93,0.0,126,109.5,100.93,0.0,99.65,28.8,104,125,64,93,84.11,74,0.868,64,78,100.93,94,21,12,13,146.8,68,0.054,25.8,13,0.0,5,93,0.0,0.0,0.0,0.0,0.0,0.0,0.0,0.0,10.0,7.0,0.0,1.0,0.0,0.0,0.0,0.0,3.0,0.0,0.0,0.0,0.333,0.0,1.0,0.0,0.0,0.0,0.0,17.0,0.0,0.0,0.0,0.0,9.0,2.13,0.588,1.65,0.0,10.0,0.6,0.0,,,,,,,,,,,,,,,,,,,,,,,,,,,,,,,,,,,,,,,0.0,0.25,1.0,0.0,0.0,0.0,1.0,0.0,0.25,,0.0,0.0,0.0,,,,,,,,,,,,,,0.75,1.333,0.5,1.0,1.0,1.0,1.0,1.0,2.0,2.0,0.25,3.0,3.0,,,,0.0,0.0,0.0,0.0,0.0,0.0,0.0,0.0,0.0,6.0,0.0,1.0,0.0,1.0,1.0,0.0,0.0,0.0,0.0,2.0,1.0,0.0,0.0,1.0,1.0,0.0,1.0,0.0,1.0,1.0,0.0,2.0,2.0,0.0,0.0,0.0,0.5,1.0,0.292,F-G,0.621,59.0,-0.011,95.0,0.632,0.0,2.0,0.0,2.0,0.0,0.0,0.0,0.0,0.5,0.0,0.0,0.0,2.0,0.0,0.0,0.0,0.0,1.0,0.0,1.0,0.0,0.0,0.0,0.0,0.0,0.0,0.0,CLE,2.0,1.0,2.0,2.0,2.0,1.5,2024,22300714,,1.0,4.0,10.0,0.4,0.455,-0.055,0.4,1.0,4.0,0.25,0.369,-0.119,0.6,3.0,6.0,0.5,0.54,-0.04,0.3,2.0,3.0,0.667,0.66,0.007,0.4,2.0,4.0,0.5,0.606,-0.106,0.5,2.0,5.0,0.4,0.369,0.031,5.0,3.0,2.0,3.0,0.0,0.0,0.0,0.0,1.0,1.0,0.0,1.0,0.0,0.0,0.0,0.0,0.0,0.0,0.0,0.0,0.0,17.0,0.0,0.0,0.0,0.0,0.0,0.0,0.0,0.0,0.0,0.0,0.0,0.0,0.0,0.0,0.0,0.0,0.0,24.73,9829.0,1.86,0.87,0.99,4.29,4.28,4.29,,,CLE,SAC,20240205,2023-24,False,CLE,SAC,,,,,,,,,,,,,,,,,,,,,,,,,,,,,,,,,,,,,,,,,,,,,,,,,,,,,,,,,,,,,,,,,,,,,,,,,,,,,,,,,,,,,,,,,,,,,,,,,,,,,,,,,,,,,,
1630171,Isaac Okoro,Isaac,1610612739,CLE,23.0,1,1,0,1.0,32.95166666666667,3,8,0.375,1,4,0.25,0,0,0.0,3,4,7,2,1,0,0,1,4,1,7,5,17.4,0,0,17.0,1,1,1,1,44,94,81,115,51,56,67,96,100,96,7,47,24,70,65,92,65,127,169,76,111,54,108,15,2,104,,98,116.4,116.4,7.0,109.0,142,67,0.123,114,73,103,37,3.0,7.5,9.1,0.124,103,60,45,73,109.0,2.0,8.0,0.069,0.438,80,0.094,103,110.4,97.6,0.129,96.55,7.5,84,103,110,147,81.33,114,0.438,110,19,97.6,148,60,75,127,117.4,94,0.03,9.1,57,18.2,110,81,0.111,0.0,3.0,1.0,4.0,0.061,0.091,4.0,25.0,33.0,0.0,1.0,1.0,0.0,0.0,0.0,3.0,0.0,0.0,0.333,0.333,0.0,1.0,0.333,0.0,1.0,0.0,43.0,0.0,0.0,0.0,1.0,25.0,2.29,0.163,1.14,0.0,7.0,1.6,3.0,0.538,3.0,5.0,2.0,0.5,0.75,7.1,1.0,4.0,2.0,6.4,0.667,0.571,8.0,2.0,0.7,0.667,6.8,3.0,1.0,0.6,0.5,13.0,2.0,,,,,,,,,,,,,,,0.0,0.25,2.0,0.0,0.0,0.0,2.0,0.0,0.25,,0.0,0.0,0.0,1.0,1.0,0.0,1.0,1.0,0.0,1.0,0.125,0.0,,1.0,1.0,0.125,0.625,0.5,0.5,1.0,1.0,0.25,0.4,1.0,1.0,4.0,0.125,2.0,5.0,,,,0.0,0.0,0.0,0.0,0.0,0.0,0.0,0.0,0.0,3.0,0.0,0.438,0.0,0.25,0.0,0.0,1.0,0.0,0.0,3.0,2.0,0.0,0.0,0.5,0.333,0.0,1.0,0.0,2.0,0.0,0.0,1.0,3.0,0.0,1.0,0.0,0.667,1.0,0.284,F-G,0.667,94.0,0.034,141.0,0.633,0.0,1.0,0.0,3.0,0.0,,0.0,1.0,0.667,0.0,0.0,0.0,3.0,0.0,0.0,0.0,0.0,0.333,0.0,2.0,0.0,0.0,1.0,0.0,,,0.0,CLE,1.0,0.25,4.0,1.0,4.0,0.375,2024,22300951,,1.0,5.0,8.0,0.625,0.495,0.13,0.125,0.0,1.0,0.0,0.362,-0.362,0.875,5.0,7.0,0.714,0.559,0.155,0.5,3.0,4.0,0.75,0.66,0.09,0.625,4.0,5.0,0.8,0.606,0.194,0.125,0.0,1.0,0.0,0.366,-0.366,1.0,1.0,0.0,1.0,0.0,0.0,0.0,0.0,1.0,1.0,0.0,1.0,0.0,1.0,1.0,1.0,0.0,0.0,1.0,1.0,0.0,43.0,0.0,0.0,0.0,0.0,0.0,0.0,0.0,0.0,0.0,0.0,0.0,0.0,0.0,0.0,0.0,0.0,0.0,32.95,12819.0,2.43,1.3,1.13,4.11,4.01,4.23,,,NOP,CLE,20240313,2023-24,False,CLE,NOP,,,,,,,,,,,,,,,,,,,,,,,,,,,,,,,,,,,,,,,,,,,,,,,,,,,,,,,,,,,,,,,,,,,,,,,,,,,,,,,,,,,,,,,,,,,,,,,,,,,,,,,,,,,,,,
1630171,Isaac Okoro,Isaac,1610612739,CLE,23.0,1,0,1,0.0,28.99833333333333,5,11,0.455,1,3,0.333,0,0,0.0,1,1,2,4,0,0,2,2,1,0,11,-9,25.4,0,0,22.0,1,111,111,111,70,61,67,88,64,83,70,97,107,97,64,156,138,40,131,106,7,194,55,140,85,169,70,27,2,82,,178,108.6,108.6,-12.8,118.0,109,58,0.172,53,145,157,107,5.0,-9.4,0.0,0.18,157,93,166,145,118.0,0.0,11.0,0.211,0.5,45,0.038,1,123.3,98.49,0.037,95.54,-9.4,178,1,143,104,82.07,191,0.5,143,84,98.49,105,93,149,114,110.4,61,0.084,0.0,84,26.7,93,67,0.038,0.0,4.0,0.0,6.0,0.211,0.211,9.0,24.0,19.0,0.0,1.0,0.0,0.25,0.0,0.4,5.0,0.0,0.0,0.0,0.2,2.0,4.0,0.0,0.0,0.0,1.0,31.0,1.0,0.0,0.0,0.0,26.0,2.03,0.355,1.32,0.0,11.0,1.0,2.0,0.333,2.0,2.0,1.0,0.25,0.5,7.4,0.0,1.0,0.0,2.6,1.0,0.5,4.0,2.0,0.5,0.5,5.0,1.0,0.0,0.5,0.0,6.0,1.0,0.0,0.182,0.0,0.0,2.0,0.0,1.0,0.0,0.0,,2.0,0.182,0.0,0.0,0.6,0.455,5.0,3.0,0.0,3.0,5.0,0.0,0.455,,0.0,0.6,0.6,1.0,1.0,0.0,1.0,1.0,0.0,1.0,0.091,0.0,,1.0,1.0,0.091,0.273,0.5,0.273,0.0,0.0,0.333,0.333,,1.0,3.0,0.0,1.0,3.0,,,,0.0,0.0,0.0,0.0,0.0,0.0,1.0,0.0,0.0,3.0,2.0,0.5,0.0,0.333,0.0,1.0,1.0,0.0,0.0,0.0,0.0,0.0,0.0,0.0,0.0,0.0,0.0,0.0,4.0,0.0,0.0,0.0,7.0,0.0,3.0,0.333,0.571,0.0,0.288,F-G,0.657,71.0,0.025,108.0,0.632,0.0,0.0,0.0,7.0,0.0,,0.0,3.0,0.571,0.333,1.0,0.0,0.0,0.0,0.0,0.0,0.0,0.0,0.0,4.0,0.0,0.0,0.0,1.0,,,0.0,CLE,1.0,0.333,3.0,1.0,3.0,0.5,2024,22300805,,1.0,5.0,8.0,0.625,0.455,0.17,0.125,1.0,1.0,1.0,0.398,0.602,0.875,4.0,7.0,0.571,0.527,0.045,0.25,2.0,2.0,1.0,0.609,0.392,0.375,2.0,3.0,0.667,0.575,0.092,0.25,2.0,2.0,1.0,0.394,0.606,9.0,8.0,1.0,1.0,0.0,0.0,0.0,0.0,1.0,1.0,0.0,1.0,0.0,0.0,0.0,0.0,0.0,0.0,0.0,0.0,0.0,31.0,0.0,0.0,0.0,0.0,0.0,0.0,0.0,0.0,0.0,0.0,0.0,0.0,0.0,0.0,0.0,0.0,0.0,29.0,11520.0,2.18,1.04,1.14,4.25,4.18,3.94,,,PHI,CLE,20240223,2023-24,False,CLE,PHI,,,,,,,,,,,,,,,,,,,,,,,,,,,,,,,,,,,,,,,,,,,,,,,,,,,,,,,,,,,,,,,,,,,,,,,,,,,,,,,,,,,,,,,,,,,,,,,,,,,,,,,,,,,,,,
1630171,Isaac Okoro,Isaac,1610612739,CLE,23.0,1,0,1,0.0,35.05,7,13,0.538,1,5,0.2,2,2,1.0,0,2,2,2,1,1,1,0,4,2,17,-12,27.4,0,0,26.0,1,84,84,84,28,27,40,57,62,39,93,42,50,1,86,81,100,63,57,26,19,1,142,38,39,142,58,14,3,57,,109,104.2,104.2,-22.1,124.6,101,71,0.169,92,128,114,34,7.0,-20.4,6.3,0.185,114,121,143,128,124.6,2.0,13.0,0.091,0.577,92,0.0,72,122.8,95.86,0.061,98.3,-20.4,128,73,135,84,79.89,112,0.612,135,86,95.86,73,121,129,71,100.7,27,0.072,5.9,126,12.5,74,40,0.029,0.0,2.0,0.0,6.0,0.087,0.087,6.0,28.0,23.0,0.0,1.0,1.0,0.333,0.0,0.4,5.0,0.0,0.0,0.2,0.2,2.0,3.0,0.0,0.0,0.0,1.0,37.0,0.0,0.0,0.0,0.0,26.0,2.19,0.459,1.46,0.0,17.0,1.4,0.0,0.4,1.0,2.0,2.0,0.667,0.0,12.6,1.0,0.0,0.0,0.0,0.0,0.0,3.0,0.0,0.5,0.667,12.6,2.0,0.0,0.0,0.0,5.0,0.0,1.0,0.077,1.0,1.0,1.0,0.0,1.0,1.0,0.0,,1.0,0.077,1.0,0.0,0.667,0.231,3.0,2.0,0.0,2.0,3.0,0.0,0.231,,0.0,0.667,0.667,0.5,3.0,1.0,1.0,0.833,1.0,2.0,0.231,0.077,1.0,0.667,2.0,0.154,0.462,0.333,0.308,2.0,2.0,0.0,0.333,1.0,0.0,4.0,0.154,2.0,6.0,1.0,,1.0,0.0,2.0,2.0,4.0,0.0,0.0,0.0,0.0,0.0,3.0,0.0,0.577,0.0,0.2,0.0,1.0,3.0,2.0,0.0,3.0,2.0,0.0,0.0,0.0,0.0,1.0,1.0,1.0,3.0,0.0,1.0,0.0,4.0,0.667,2.0,0.5,0.75,0.0,0.289,F-G,0.651,84.0,0.019,129.0,0.632,0.0,0.0,2.0,4.0,0.0,0.0,0.667,2.0,0.75,0.5,3.0,1.0,3.0,1.0,0.0,0.0,0.0,0.0,0.0,3.0,0.0,0.0,0.0,1.0,0.0,0.0,1.0,CLE,1.0,0.2,5.0,1.0,5.0,0.3,2024,22300895,,1.0,7.0,14.0,0.5,0.452,0.048,0.214,1.0,3.0,0.333,0.364,-0.031,0.786,6.0,11.0,0.545,0.518,0.027,0.214,3.0,3.0,1.0,0.598,0.402,0.643,6.0,9.0,0.667,0.552,0.115,0.286,1.0,4.0,0.25,0.399,-0.149,6.0,5.0,1.0,1.0,0.0,0.0,0.0,0.0,0.0,0.0,0.0,0.0,0.0,0.0,0.0,0.0,0.0,0.0,0.0,0.0,0.0,37.0,0.0,0.0,0.0,0.0,0.0,0.0,0.0,0.0,0.0,0.0,0.0,0.0,0.0,0.0,0.0,0.0,0.0,35.05,13824.0,2.62,1.35,1.27,4.21,4.31,4.12,,,ATL,CLE,20240306,2023-24,False,CLE,ATL,,,,,,,,,,,,,,,,,,,,,,,,,,,,,,,,,,,,,,,,,,,,,,,,,,,,,,,,,,,,,,,,,,,,,,,,,,,,,,,,,,,,,,,,,,,,,,,,,,,,,,,,,,,,,,
1630171,Isaac Okoro,Isaac,1610612739,CLE,23.0,1,1,0,1.0,18.95,1,2,0.5,0,0,0.0,2,2,1.0,0,2,2,0,0,1,1,0,2,1,4,4,12.4,0,0,10.0,1,1,1,1,51,50,62,27,42,61,42,21,26,1,42,41,49,54,44,15,11,1,31,42,50,28,48,9,1,52,,5,86.1,86.1,16.1,71.1,22,36,0.077,54,21,6,37,1.0,15.1,0.0,0.071,6,65,61,21,71.1,0.0,2.0,0.0,0.5,54,0.0,1,67.0,93.72,0.069,98.23,15.1,55,1,52,73,78.1,38,0.694,52,42,93.72,75,65,20,15,83.2,50,0.145,0.0,67,0.0,35,62,0.039,0.0,0.0,0.0,2.0,0.0,0.0,0.0,10.0,11.0,0.0,0.0,0.0,0.0,0.0,0.0,0.0,0.0,0.0,0.0,0.0,0.0,0.0,0.0,0.0,0.0,0.0,14.0,0.0,0.0,0.0,0.0,7.0,2.32,0.286,1.93,0.0,4.0,0.5,0.0,0.286,0.0,2.0,1.0,0.4,0.0,10.8,0.0,1.0,1.0,0.0,0.0,0.5,5.0,0.0,0.286,0.4,10.8,1.0,0.0,0.0,0.5,7.0,0.0,,,,,,,,,,,,,,,0.0,0.5,1.0,0.0,0.0,0.0,1.0,0.0,0.5,,0.0,0.0,0.0,1.0,1.0,0.0,1.0,1.0,0.0,1.0,0.5,0.0,,1.0,1.0,0.5,,,,,,,,,,,,,,,,,,0.0,0.0,0.0,,0.0,0.0,0.0,0.0,0.0,0.0,0.5,0.0,0.0,0.0,0.0,0.0,0.0,0.0,0.0,0.0,0.0,0.0,0.0,0.0,0.0,0.0,0.0,1.0,0.0,0.0,0.0,2.0,0.0,0.0,0.0,0.5,0.0,0.4,F-G,0.25,1.0,-0.404,4.0,0.654,0.0,0.0,0.0,2.0,0.0,,0.0,0.0,0.5,0.0,0.0,0.0,0.0,0.0,0.0,0.0,0.0,0.0,0.0,1.0,0.0,0.0,0.0,0.0,,,0.0,CLE,0.0,,,,0.0,,2024,42300131,,1.0,2.0,10.0,0.2,0.484,-0.284,0.5,1.0,5.0,0.2,0.35,-0.15,0.5,1.0,5.0,0.2,0.574,-0.374,0.4,1.0,4.0,0.25,0.654,-0.404,0.4,1.0,4.0,0.25,0.625,-0.375,0.6,1.0,6.0,0.167,0.358,-0.191,3.0,2.0,1.0,1.0,0.0,0.0,0.0,0.0,0.0,0.0,0.0,0.0,0.0,1.0,1.0,1.0,1.0,0.0,1.0,1.0,1.0,14.0,0.0,0.0,0.0,0.0,0.0,0.0,0.0,0.0,0.0,0.0,0.0,0.0,0.0,0.0,0.0,0.0,0.0,18.95,7592.0,1.44,0.73,0.71,4.13,4.33,3.94,1610612753.0,CLE_ORL_2024,CLE,ORL,20240420,2023-24,True,CLE,ORL,,,,,,,,,,,,,,,,,,,,,,,,,,,,,,,,,,,,,,,,,,,,,,,,,,,,,,,,,,,,,,,,,,,,,,,,,,,,,,,,,,,,,,,,,,,,,,,,,,,,,,,,,,,,,,
1630171,Isaac Okoro,Isaac,1610612739,CLE,23.0,1,1,0,1.0,21.33333333333333,5,6,0.833,1,1,1.0,1,2,0.5,0,1,1,0,3,1,0,1,4,1,12,15,13.2,0,0,16.0,1,1,1,1,21,12,22,3,13,27,1,18,13,18,22,25,31,32,2,6,15,34,42,18,14,6,26,5,1,21,,10,128.6,128.6,35.6,90.7,26,42,0.233,32,5,10,20,5.0,37.9,30.0,0.235,10,10,40,5,90.7,0.0,6.0,0.0,0.917,32,0.0,45,92.8,95.63,0.042,94.64,37.9,35,45,28,11,79.69,31,0.872,28,22,95.63,11,10,8,5,128.3,12,0.062,30.4,9,0.0,3,22,0.026,0.0,0.0,0.0,1.0,0.0,0.0,0.0,14.0,9.0,0.0,1.0,0.0,0.0,0.0,0.0,2.0,0.0,0.0,0.0,0.5,0.0,1.0,0.0,0.0,0.0,0.0,17.0,2.0,0.0,0.0,1.0,12.0,2.15,0.706,1.82,0.0,12.0,0.6,1.0,0.25,0.0,1.0,0.0,0.333,0.0,5.0,0.0,1.0,1.0,0.0,0.0,1.0,3.0,0.0,0.25,0.333,5.0,0.0,0.0,0.0,1.0,4.0,0.0,0.0,0.167,0.0,0.0,1.0,0.0,1.0,0.0,0.0,,1.0,0.167,0.0,0.0,1.0,0.5,3.0,3.0,0.0,3.0,3.0,0.0,0.5,,0.0,1.0,1.0,1.0,1.0,0.0,1.0,1.0,0.0,1.0,0.167,0.0,,1.0,1.0,0.167,0.167,1.5,0.167,0.0,0.0,1.0,1.0,,1.0,1.0,0.0,1.0,1.0,,,,0.0,0.0,0.0,0.0,0.0,0.0,1.0,0.0,0.0,3.0,2.0,0.917,0.0,1.0,0.0,1.0,0.0,0.0,0.0,0.0,0.0,0.0,0.0,0.0,0.0,0.0,0.0,0.0,4.0,0.0,0.0,0.0,5.0,0.0,1.0,1.0,0.8,0.0,0.321,F-G,0.6,15.0,-0.043,25.0,0.643,0.0,0.0,0.0,5.0,0.0,,0.0,1.0,0.8,1.0,0.0,0.0,0.0,0.0,0.0,0.0,0.0,0.0,0.0,4.0,0.0,0.0,0.0,1.0,,,0.0,CLE,1.0,1.0,1.0,1.0,1.0,1.5,2024,42300202,,1.0,2.0,5.0,0.4,0.495,-0.095,0.4,0.0,2.0,0.0,0.377,-0.377,0.6,2.0,3.0,0.667,0.564,0.103,0.4,2.0,2.0,1.0,0.651,0.349,0.4,2.0,2.0,1.0,0.62,0.38,0.4,0.0,2.0,0.0,0.393,-0.393,1.0,0.0,1.0,0.0,0.0,3.0,9.0,0.0,1.0,1.0,0.0,1.0,0.0,0.0,0.0,0.0,0.0,0.0,0.0,0.0,0.0,17.0,0.0,0.0,0.0,0.0,0.0,0.0,0.0,0.0,0.0,0.0,0.0,0.0,0.0,0.0,0.0,0.0,0.0,21.33,8377.0,1.59,0.84,0.75,4.18,4.34,3.51,1610612738.0,CLE_BOS_2024,BOS,CLE,20240509,2023-24,True,CLE,BOS,,,,,,,,,,,,,,,,,,,,,,,,,,,,,,,,,,,,,,,,,,,,,,,,,,,,,,,,,,,,,,,,,,,,,,,,,,,,,,,,,,,,,,,,,,,,,,,,,,,,,,,,,,,,,,
1630171,Isaac Okoro,Isaac,1610612739,CLE,23.0,1,1,0,1.0,33.18333333333333,5,9,0.556,1,3,0.333,1,3,0.333,0,5,5,2,2,2,0,0,3,3,12,19,25.0,0,0,24.0,1,1,1,1,35,51,65,45,47,62,61,63,42,81,81,36,54,71,26,8,56,1,125,31,66,11,69,19,2,67,,34,113.5,113.5,22.1,87.8,108,74,0.15,109,38,32,55,5.0,25.7,14.3,0.16,32,71,101,38,87.8,1.0,9.0,0.077,0.611,89,0.0,121,91.2,107.04,0.119,105.19,25.7,89,121,40,106,89.2,56,0.581,40,81,107.04,100,71,50,77,113.3,51,0.071,14.0,78,14.3,58,65,0.068,0.0,2.0,0.0,3.0,0.074,0.074,5.0,28.0,27.0,2.0,1.0,0.0,0.0,0.333,0.333,3.0,1.0,1.0,0.0,0.333,1.0,1.0,0.333,0.5,1.0,0.0,40.0,2.0,1.0,0.0,0.0,20.0,2.87,0.3,2.2,0.0,12.0,1.9,1.0,0.556,2.0,2.0,3.0,0.714,0.0,7.9,0.0,2.0,2.0,0.0,0.0,0.4,7.0,2.0,0.714,1.0,7.9,3.0,0.0,0.0,0.4,9.0,0.0,,,,,,,,,,,,,,,0.5,0.444,4.0,2.0,0.0,2.0,4.0,0.0,0.444,,0.0,0.5,0.5,1.0,1.0,0.0,1.0,1.0,0.0,1.0,0.111,0.0,,1.0,1.0,0.111,0.444,0.625,0.333,1.0,1.0,0.333,0.5,1.0,1.0,3.0,0.111,2.0,4.0,,,,0.0,0.0,0.0,0.0,0.0,0.0,1.0,0.0,0.0,3.0,2.0,0.611,0.0,0.333,0.0,0.0,0.0,0.0,0.0,2.0,1.0,0.0,0.0,1.0,0.5,0.0,1.0,0.0,4.0,0.0,0.0,1.0,6.0,0.0,1.0,0.0,0.667,1.0,0.299,F-G,0.627,47.0,-0.005,75.0,0.631,0.0,1.0,0.0,6.0,0.0,,0.0,1.0,0.667,0.0,0.0,0.0,2.0,0.0,0.0,0.0,0.0,0.5,0.0,4.0,0.0,0.0,0.0,0.0,,,0.0,CLE,1.0,0.333,3.0,1.0,3.0,0.5,2024,22300595,,1.0,8.0,14.0,0.571,0.441,0.131,0.286,3.0,4.0,0.75,0.373,0.377,0.714,5.0,10.0,0.5,0.501,-0.001,0.429,3.0,6.0,0.5,0.578,-0.078,0.5,4.0,7.0,0.571,0.537,0.035,0.429,4.0,6.0,0.667,0.367,0.299,5.0,4.0,1.0,5.0,0.0,0.0,0.0,0.0,0.0,0.0,0.0,0.0,0.0,2.0,2.0,2.0,1.0,0.0,1.0,1.0,0.5,40.0,1.0,0.0,0.0,0.0,0.0,0.0,0.0,0.0,0.0,1.0,1.0,0.0,0.0,0.0,0.0,0.0,0.0,33.18,13117.0,2.48,1.31,1.18,4.28,4.36,4.19,,,ATL,CLE,20240120,2023-24,False,CLE,ATL,,,,,,,,,,,,,,,,,,,,,,,,,,,,,,,,,,,,,,,,,,,,,,,,,,,,,,,,,,,,,,,,,,,,,,,,,,,,,,,,,,,,,,,,,,,,,,,,,,,,,,,,,,,,,,
1630171,Isaac Okoro,Isaac,1610612739,CLE,23.0,1,0,1,0.0,24.23333333333333,3,5,0.6,0,1,0.0,4,4,1.0,1,0,1,0,0,0,0,1,2,2,10,-16,11.2,0,0,11.0,1,93,93,93,82,81,102,45,106,111,106,20,25,1,41,144,133,139,105,79,56,130,106,47,75,170,128,16,2,127,,151,101.9,101.9,-32.0,132.1,130,53,0.121,139,161,146,94,3.0,-30.2,0.0,0.12,146,132,147,161,132.1,0.0,5.0,0.0,0.6,139,0.038,1,135.0,104.98,0.0,103.24,-30.2,144,1,45,140,87.48,61,0.74,45,67,104.98,143,132,159,52,103.1,81,0.054,0.0,126,0.0,77,102,0.02,0.0,0.0,0.0,2.0,0.0,0.0,0.0,19.0,19.0,2.0,0.0,0.0,0.75,0.2,1.6,5.0,2.0,1.0,0.0,0.0,8.0,4.0,0.0,1.0,0.0,3.0,26.0,0.0,0.0,2.0,1.0,16.0,1.89,0.385,1.46,0.0,10.0,0.8,0.0,0.333,0.0,1.0,0.0,0.0,1.0,0.0,0.0,0.0,0.0,16.8,0.0,0.0,2.0,0.0,0.333,0.0,16.8,1.0,1.0,1.0,0.0,3.0,0.0,0.0,0.2,0.0,0.0,1.0,0.0,1.0,0.0,0.0,,1.0,0.2,0.0,0.0,1.0,0.6,3.0,3.0,0.0,3.0,3.0,0.0,0.6,,0.0,1.0,1.0,,,,,,,,,,,,,,0.2,0.0,0.2,0.0,0.0,0.0,0.0,,0.0,1.0,0.0,0.0,1.0,,,,0.0,0.0,0.0,0.0,0.0,0.0,0.0,0.0,2.0,0.0,0.0,0.6,0.0,0.0,0.0,0.0,2.0,2.0,0.0,0.0,0.0,0.0,0.0,0.0,0.0,0.0,0.0,0.0,1.0,0.0,0.0,0.0,2.0,1.0,1.0,0.0,0.5,0.0,0.296,F-G,0.617,50.0,-0.015,81.0,0.632,,0.0,2.0,2.0,0.0,,1.0,1.0,0.5,0.0,2.0,0.0,0.0,0.0,0.0,0.0,0.0,0.0,0.0,1.0,,,0.0,0.0,,,0.0,CLE,0.0,0.0,1.0,0.0,1.0,0.0,2024,22300624,,1.0,7.0,14.0,0.5,0.468,0.032,0.429,2.0,6.0,0.333,0.368,-0.035,0.571,5.0,8.0,0.625,0.561,0.064,0.286,3.0,4.0,0.75,0.648,0.103,0.357,4.0,5.0,0.8,0.625,0.175,0.643,3.0,9.0,0.333,0.386,-0.052,10.0,6.0,4.0,0.0,0.0,1.0,2.0,1.0,0.0,1.0,1.0,0.0,0.0,0.0,0.0,0.0,0.0,0.0,0.0,0.0,0.0,26.0,0.0,0.0,0.0,0.0,0.0,0.0,0.0,0.0,0.0,0.0,0.0,0.0,0.0,0.0,0.0,0.0,0.0,24.23,9854.0,1.87,0.97,0.9,4.46,5.05,3.95,,,MIL,CLE,20240124,2023-24,False,CLE,MIL,,,,,,,,,,,,,,,,,,,,,,,,,,,,,,,,,,,,,,,,,,,,,,,,,,,,,,,,,,,,,,,,,,,,,,,,,,,,,,,,,,,,,,,,,,,,,,,,,,,,,,,,,,,,,,
1630171,Isaac Okoro,Isaac,1610612739,CLE,23.0,1,1,0,1.0,31.543333333333333,6,9,0.667,3,4,0.75,3,4,0.75,3,0,3,3,0,1,0,0,2,3,18,-1,29.1,0,0,29.0,1,1,1,1,46,47,75,32,23,60,14,43,38,80,10,200,105,53,128,36,59,1,121,39,39,118,56,18,2,50,,150,127.9,127.9,4.0,129.4,95,68,0.133,109,119,160,105,6.0,-1.5,0.0,0.137,160,75,157,119,129.4,0.0,9.0,0.111,0.833,85,0.094,1,125.3,103.48,0.0,104.63,-1.5,200,1,72,156,86.23,64,0.836,72,40,103.48,156,75,99,28,129.3,47,0.105,0.0,58,21.4,28,75,0.049,0.0,5.0,2.0,7.0,0.1,0.167,6.0,33.0,30.0,2.0,2.0,0.0,0.0,0.333,0.333,3.0,1.0,1.0,0.0,0.667,1.0,0.0,0.333,0.5,1.0,0.0,41.0,0.8,0.0,0.0,1.0,29.0,1.89,0.439,1.24,0.0,18.0,1.3,5.0,0.6,0.0,4.0,0.0,0.0,0.75,0.0,0.0,1.0,0.0,5.5,0.333,0.333,1.0,0.0,0.6,0.0,5.5,2.0,2.0,0.75,0.0,5.0,1.0,1.0,0.111,1.0,1.0,1.0,0.0,1.0,1.0,0.0,,1.0,0.111,1.0,0.0,0.5,0.444,4.0,2.0,0.0,2.0,4.0,0.0,0.444,,0.0,0.5,0.5,,,,,,,,,,,,,,0.444,1.125,0.444,0.0,0.0,0.75,0.75,,3.0,4.0,0.0,3.0,4.0,,,,0.0,0.0,0.0,0.0,0.0,0.0,0.667,0.0,0.0,9.0,4.0,0.833,0.0,0.75,1.0,0.0,0.0,0.0,0.0,4.0,3.0,0.0,0.0,0.667,0.75,0.0,1.0,0.0,3.0,1.0,0.0,3.0,5.0,0.0,0.0,0.0,0.6,2.0,0.313,F-G,0.619,26.0,-0.016,42.0,0.635,0.0,3.0,0.0,5.0,0.0,0.0,0.0,0.0,0.6,0.0,0.0,0.0,4.0,0.0,0.0,0.0,0.0,0.75,0.0,3.0,0.0,0.0,0.0,0.0,0.0,0.0,0.0,CLE,3.0,0.75,4.0,3.0,4.0,1.125,2024,22300336,,1.0,6.0,13.0,0.462,0.478,-0.016,0.385,2.0,5.0,0.4,0.366,0.034,0.615,4.0,8.0,0.5,0.548,-0.048,0.231,2.0,3.0,0.667,0.661,0.006,0.231,2.0,3.0,0.667,0.624,0.042,0.385,2.0,5.0,0.4,0.379,0.021,5.0,3.0,2.0,3.0,0.0,0.0,0.0,0.0,0.0,0.0,0.0,0.0,0.0,0.0,0.0,0.0,0.0,0.0,0.0,0.0,0.0,41.0,0.0,0.0,0.0,0.0,0.0,0.0,0.0,0.0,0.0,0.0,0.0,0.0,0.0,0.0,0.0,0.0,0.0,31.55,12793.0,2.42,1.28,1.14,4.26,4.36,4.15,,,CLE,ATL,20231216,2023-24,False,CLE,ATL,,,,,,,,,,,,,,,,,,,,,,,,,,,,,,,,,,,,,,,,,,,,,,,,,,,,,,,,,,,,,,,,,,,,,,,,,,,,,,,,,,,,,,,,,,,,,,,,,,,,,,,,,,,,,,
1630171,Isaac Okoro,Isaac,1610612739,CLE,23.0,1,0,1,0.0,24.32333333333333,2,5,0.4,0,2,0.0,0,0,0.0,0,1,1,1,0,0,2,0,3,2,4,-1,12.7,0,0,10.0,1,22,22,22,19,23,21,19,19,21,19,20,20,20,27,23,30,18,23,19,2,1,24,14,24,20,24,5,1,26,,15,102.1,102.1,9.6,100.0,32,48,0.094,24,19,17,19,2.0,2.1,0.0,0.097,17,24,35,19,100.0,0.0,5.0,0.053,0.4,13,0.0,1,93.5,96.7,0.032,99.66,2.1,29,1,17,34,80.58,9,0.4,17,27,96.7,34,24,13,25,103.1,23,0.015,0.0,22,16.7,22,21,0.02,0.0,1.0,0.0,1.0,0.091,0.091,3.0,13.0,11.0,0.0,2.0,0.0,0.0,0.0,0.0,2.0,0.0,0.0,0.0,1.0,0.0,0.0,0.0,0.0,0.0,0.0,16.0,0.0,0.0,0.0,0.0,14.0,1.58,0.25,1.0,0.0,4.0,0.4,0.0,0.333,0.0,0.0,1.0,0.333,0.0,14.6,0.0,0.0,0.0,0.0,0.0,0.0,3.0,0.0,0.333,0.333,14.6,1.0,0.0,0.0,0.0,3.0,0.0,,,,,,,,,,,,,,,0.667,0.6,3.0,2.0,0.0,2.0,3.0,0.0,0.6,,0.0,0.667,0.667,,,,,,,,,,,,,,0.4,0.0,0.4,0.0,0.0,0.0,0.0,,0.0,2.0,0.0,0.0,2.0,,,,0.0,0.0,0.0,0.0,0.0,0.0,0.0,0.0,0.0,0.0,0.0,0.4,0.0,0.0,0.0,0.0,0.0,0.0,0.0,0.0,,0.0,0.0,,0.0,0.0,0.0,0.0,2.0,0.0,0.0,0.0,3.0,0.0,2.0,0.0,0.667,,0.333,F-G,0.563,9.0,-0.077,16.0,0.64,0.0,0.0,0.0,3.0,0.0,,0.0,2.0,0.667,0.0,0.0,0.0,0.0,0.0,0.0,0.0,0.0,0.0,0.0,2.0,0.0,0.0,0.0,0.0,,,0.0,CLE,0.0,0.0,2.0,0.0,2.0,0.0,2024,42300136,,1.0,1.0,7.0,0.143,0.491,-0.348,0.143,1.0,1.0,1.0,0.345,0.655,0.857,0.0,6.0,0.0,0.549,-0.549,0.286,0.0,2.0,0.0,0.692,-0.692,0.714,0.0,5.0,0.0,0.592,-0.592,0.143,1.0,1.0,1.0,0.384,0.616,5.0,5.0,0.0,0.0,0.0,2.0,4.0,0.0,1.0,1.0,0.0,1.0,0.0,0.0,0.0,0.0,0.0,0.0,0.0,0.0,0.0,16.0,0.0,0.0,0.0,0.0,0.0,0.0,0.0,0.0,0.0,0.0,0.0,0.0,0.0,0.0,0.0,0.0,0.0,24.32,9667.0,1.83,0.84,0.99,3.99,3.77,4.19,1610612753.0,CLE_ORL_2024,ORL,CLE,20240503,2023-24,True,CLE,ORL,,,,,,,,,,,,,,,,,,,,,,,,,,,,,,,,,,,,,,,,,,,,,,,,,,,,,,,,,,,,,,,,,,,,,,,,,,,,,,,,,,,,,,,,,,,,,,,,,,,,,,,,,,,,,,
1630171,Isaac Okoro,Isaac,1610612739,CLE,23.0,1,0,1,0.0,23.12833333333333,2,6,0.333,2,4,0.5,2,2,1.0,3,2,5,1,0,0,1,0,2,1,8,0,18.5,0,0,18.0,1,109,109,109,115,125,124,144,27,69,25,45,54,1,14,116,57,109,137,98,21,1,114,86,114,106,117,19,3,116,,178,126.7,126.7,1.5,121.3,148,45,0.14,138,94,167,110,2.0,5.4,0.0,0.136,167,30,62,94,121.3,0.0,6.0,0.056,0.5,123,0.15,1,123.2,95.47,0.091,95.47,5.4,136,1,176,150,79.56,177,0.581,176,17,95.47,159,30,105,95,124.7,125,0.065,0.0,38,12.5,103,124,0.119,0.0,1.0,0.0,2.0,0.083,0.083,3.0,12.0,12.0,0.0,1.0,0.0,0.0,0.0,0.0,2.0,0.0,0.0,0.0,0.5,0.0,1.0,0.5,0.0,1.0,0.0,19.0,0.0,0.0,0.0,0.0,13.0,1.71,0.421,1.0,0.0,8.0,0.5,1.0,0.714,0.0,3.0,2.0,0.5,1.0,12.9,0.0,2.0,0.0,11.1,0.667,0.4,4.0,0.0,0.714,0.5,11.8,3.0,1.0,1.0,0.0,7.0,2.0,0.0,0.333,0.0,0.0,2.0,0.0,1.0,0.0,0.0,,2.0,0.333,0.0,0.0,,,,,,,,,,,,,,,,,,,,,,,,,,,0.667,0.75,0.667,0.0,0.0,0.5,0.5,,2.0,4.0,0.0,2.0,4.0,,,,0.0,0.0,0.0,0.0,0.0,0.0,0.0,0.0,0.0,6.0,0.0,0.5,0.0,0.5,0.667,0.0,0.0,0.0,0.0,3.0,0.0,0.0,0.0,0.0,0.667,0.0,3.0,0.0,0.0,2.0,0.0,2.0,2.0,0.0,1.0,0.0,0.0,0.0,0.291,F-G,0.647,66.0,0.015,102.0,0.632,0.0,2.0,0.0,2.0,0.0,,0.0,1.0,0.0,0.0,0.0,0.0,3.0,0.0,0.0,0.0,0.0,0.667,0.0,0.0,0.0,0.0,0.0,0.0,,,0.0,CLE,2.0,0.5,4.0,2.0,4.0,0.75,2024,22300762,,1.0,3.0,7.0,0.429,0.466,-0.037,0.286,2.0,2.0,1.0,0.391,0.609,0.714,1.0,5.0,0.2,0.518,-0.318,0.143,1.0,1.0,1.0,0.595,0.405,0.143,1.0,1.0,1.0,0.557,0.443,0.429,2.0,3.0,0.667,0.381,0.285,3.0,2.0,1.0,2.0,0.0,0.0,0.0,1.0,1.0,2.0,0.5,0.5,1.0,0.0,1.0,1.0,1.0,1.0,0.0,1.0,1.0,19.0,0.0,0.0,0.0,0.0,0.0,0.0,0.0,0.0,0.0,0.0,0.0,0.0,0.0,0.0,0.0,0.0,0.0,23.13,8960.0,1.7,0.83,0.87,4.08,3.91,4.24,,,CLE,PHI,20240212,2023-24,False,CLE,PHI,,,,,,,,,,,,,,,,,,,,,,,,,,,,,,,,,,,,,,,,,,,,,,,,,,,,,,,,,,,,,,,,,,,,,,,,,,,,,,,,,,,,,,,,,,,,,,,,,,,,,,,,,,,,,,
1630171,Isaac Okoro,Isaac,1610612739,CLE,23.0,1,0,1,0.0,23.015,2,3,0.667,1,1,1.0,0,0,0.0,0,1,1,2,1,2,0,1,4,0,5,-19,14.2,0,0,13.0,1,66,66,66,80,95,113,19,50,97,1,69,76,69,72,95,105,61,55,10,48,89,117,95,102,136,99,12,1,100,,112,96.0,96.0,-24.4,131.4,115,50,0.077,71,129,119,29,2.0,-35.4,16.7,0.083,119,118,122,129,131.4,2.0,3.0,0.125,0.833,21,0.0,110,126.6,105.32,0.056,104.15,-35.4,105,106,32,127,87.77,44,0.833,32,72,105.32,126,118,120,14,102.2,95,0.037,16.7,101,33.3,16,113,0.026,0.0,2.0,0.0,2.0,0.154,0.154,6.0,11.0,13.0,0.0,0.0,0.0,1.0,0.0,2.0,1.0,0.0,0.0,0.0,0.0,2.0,1.0,0.0,0.0,0.0,1.0,16.0,0.0,0.0,0.0,0.0,9.0,1.83,0.313,1.06,0.0,5.0,0.5,0.0,0.333,0.0,1.0,1.0,0.5,0.0,9.7,0.0,0.0,0.0,0.0,0.0,0.0,2.0,0.0,0.333,0.5,9.7,1.0,0.0,0.0,0.0,3.0,0.0,0.0,0.333,0.0,0.0,1.0,0.0,1.0,0.0,0.0,,1.0,0.333,0.0,0.0,,,,,,,,,,,,,,1.0,1.0,0.0,1.0,1.0,0.0,1.0,0.333,0.0,,1.0,1.0,0.333,0.333,1.5,0.333,0.0,0.0,1.0,1.0,,1.0,1.0,0.0,1.0,1.0,,,,0.0,0.0,0.0,0.0,0.0,0.0,0.0,0.0,0.0,3.0,0.0,0.833,0.0,1.0,1.0,0.0,1.0,1.0,0.0,1.0,0.0,0.0,0.0,0.0,1.0,0.0,1.0,0.0,0.0,1.0,0.0,1.0,1.0,1.0,0.0,0.0,0.0,0.0,0.32,F-G,0.813,13.0,0.172,16.0,0.641,0.0,1.0,1.0,1.0,0.0,,1.0,0.0,0.0,0.0,1.0,0.0,1.0,0.0,0.0,0.0,0.0,1.0,0.0,0.0,0.0,0.0,0.0,0.0,,,0.0,CLE,1.0,1.0,1.0,1.0,1.0,1.5,2024,22300001,,1.0,1.0,3.0,0.333,0.493,-0.16,,,,,,,1.0,1.0,3.0,0.333,0.607,-0.274,0.333,1.0,1.0,1.0,0.698,0.302,0.667,1.0,2.0,0.5,0.639,-0.139,0.333,0.0,1.0,0.0,0.411,-0.411,2.0,2.0,0.0,2.0,0.0,1.0,2.0,0.0,0.0,0.0,0.0,0.0,0.0,1.0,1.0,1.0,0.0,0.0,1.0,1.0,0.0,16.0,0.0,0.0,0.0,0.0,0.0,0.0,0.0,0.0,0.0,0.0,0.0,0.0,0.0,0.0,0.0,0.0,0.0,23.02,9051.0,1.71,0.84,0.87,4.06,3.6,4.56,,,IND,CLE,20231103,2023-24,False,CLE,IND,,,,,,,,,,,,,,,,,,,,,,,,,,,,,,,,,,,,,,,,,,,,,,,,,,,,,,,,,,,,,,,,,,,,,,,,,,,,,,,,,,,,,,,,,,,,,,,,,,,,,,,,,,,,,,
1630171,Isaac Okoro,Isaac,1610612739,CLE,23.0,1,0,1,0.0,21.24,1,8,0.125,0,4,0.0,0,1,0.0,2,1,3,2,0,0,1,2,3,2,2,-6,11.6,0,0,9.0,1,19,19,19,23,28,17,33,23,11,23,20,19,20,6,26,19,13,20,16,6,29,25,11,32,31,25,4,2,27,,27,100.0,100.0,-16.9,109.3,35,41,0.17,17,29,22,16,1.0,-9.3,0.0,0.18,22,26,23,29,109.3,0.0,8.0,0.133,0.125,12,0.077,1,110.3,94.92,0.056,97.72,-9.3,26,1,19,18,79.1,18,0.118,19,5,94.92,16,26,30,33,93.4,28,-0.054,0.0,31,20.0,33,17,0.068,0.0,2.0,0.0,2.0,0.143,0.143,5.0,19.0,14.0,0.0,2.0,0.0,1.0,0.0,0.667,3.0,0.0,0.0,0.0,0.667,2.0,1.0,0.0,0.0,0.0,1.0,24.0,0.0,0.0,0.0,1.0,18.0,1.69,0.083,0.92,0.0,2.0,0.7,3.0,0.429,0.0,4.0,0.0,0.333,0.5,17.8,0.0,2.0,1.0,5.5,0.5,0.667,3.0,0.0,0.429,0.333,9.6,1.0,1.0,0.5,1.0,7.0,1.0,0.0,0.25,0.0,0.0,2.0,0.0,1.0,0.0,0.0,,2.0,0.25,0.0,0.0,0.0,0.125,1.0,0.0,0.0,0.0,1.0,0.0,0.125,,0.0,0.0,0.0,1.0,1.0,0.0,1.0,1.0,0.0,1.0,0.125,0.0,,1.0,1.0,0.125,0.5,0.0,0.5,0.0,0.0,0.0,0.0,,0.0,4.0,0.0,0.0,4.0,0.0,0.0,0.0,0.0,2.0,0.0,0.0,2.0,0.0,0.0,0.0,0.0,0.0,0.0,0.125,0.0,0.0,0.0,0.0,0.0,0.0,0.0,1.0,0.0,1.0,0.0,0.0,0.0,0.0,1.0,0.0,1.0,0.0,0.0,0.0,4.0,0.0,2.0,0.0,0.25,0.0,0.321,F-G,0.593,16.0,-0.051,27.0,0.643,0.0,0.0,0.0,4.0,0.0,0.0,0.0,1.0,0.25,0.0,0.0,0.0,2.0,0.0,0.0,1.0,0.0,0.0,0.0,1.0,0.0,0.0,0.0,0.0,0.0,0.0,0.0,CLE,0.0,0.0,2.0,0.0,2.0,0.0,2024,42300204,,1.0,1.0,2.0,0.5,0.503,-0.003,0.5,1.0,1.0,1.0,0.348,0.652,0.5,0.0,1.0,0.0,0.578,-0.578,0.5,0.0,1.0,0.0,0.651,-0.651,0.5,0.0,1.0,0.0,0.62,-0.62,0.5,1.0,1.0,1.0,0.38,0.62,2.0,1.0,1.0,1.0,0.0,2.0,5.0,0.0,0.0,0.0,0.0,0.0,0.0,0.0,0.0,0.0,0.0,0.0,0.0,0.0,0.0,24.0,0.0,0.0,0.0,0.0,0.0,0.0,0.0,0.0,0.0,0.0,0.0,0.0,0.0,0.0,0.0,0.0,0.0,21.23,8515.0,1.61,0.81,0.8,4.24,4.27,4.21,1610612738.0,CLE_BOS_2024,CLE,BOS,20240513,2023-24,True,CLE,BOS,,,,,,,,,,,,,,,,,,,,,,,,,,,,,,,,,,,,,,,,,,,,,,,,,,,,,,,,,,,,,,,,,,,,,,,,,,,,,,,,,,,,,,,,,,,,,,,,,,,,,,,,,,,,,,
1630171,Isaac Okoro,Isaac,1610612739,CLE,23.0,1,0,1,0.0,32.18333333333333,7,10,0.7,2,5,0.4,0,1,0.0,1,2,3,4,0,1,0,0,2,2,16,-19,28.6,0,0,27.0,1,81,81,81,45,24,59,26,28,40,55,83,77,83,42,88,87,32,105,31,65,1,77,43,42,156,56,10,1,55,,155,115.0,115.0,-30.6,141.9,77,60,0.147,51,131,158,92,7.0,-26.9,0.0,0.155,158,82,110,131,141.9,0.0,10.0,0.19,0.8,35,0.032,1,139.8,90.98,0.077,94.08,-26.9,113,1,156,102,75.82,143,0.766,156,68,90.98,94,82,139,32,109.2,24,0.101,0.0,97,28.6,30,59,0.053,0.0,4.0,0.0,5.0,0.118,0.118,11.0,36.0,34.0,0.0,2.0,0.0,1.0,0.0,1.0,4.0,0.0,0.0,0.0,0.5,4.0,2.0,0.25,0.0,1.0,2.0,44.0,0.667,0.0,0.0,0.0,30.0,2.26,0.364,1.89,0.0,16.0,1.7,3.0,0.6,0.0,1.0,1.0,0.5,1.0,12.9,0.0,1.0,1.0,9.2,0.0,0.333,4.0,0.0,0.6,0.5,11.7,2.0,1.0,1.0,0.5,5.0,0.0,5.0,0.5,1.0,1.0,5.0,0.0,1.0,5.0,0.0,,5.0,0.5,1.0,0.0,,,,,,,,,,,,,,,,,,,,,,,,,,,0.5,0.6,0.5,0.0,0.0,0.4,0.4,,2.0,5.0,0.0,2.0,5.0,0.0,0.0,0.0,0.0,1.0,0.0,0.0,1.0,0.0,1.0,0.0,0.0,6.0,2.0,0.8,0.0,0.5,1.0,1.0,1.0,1.0,0.0,2.0,1.0,0.0,0.0,0.0,0.5,0.0,1.0,0.0,4.0,1.0,0.0,1.0,4.0,1.0,3.0,0.333,1.0,0.0,0.299,F-G,0.633,31.0,-0.002,49.0,0.634,0.0,1.0,1.0,4.0,0.0,0.0,1.0,2.0,1.0,0.5,1.0,0.0,3.0,0.0,0.0,0.0,0.0,0.333,0.0,4.0,0.0,0.0,0.0,1.0,0.0,0.0,0.0,CLE,2.0,0.5,4.0,2.0,4.0,0.75,2024,22300375,,1.0,6.0,14.0,0.429,0.465,-0.036,0.643,4.0,9.0,0.444,0.396,0.048,0.357,2.0,5.0,0.4,0.557,-0.157,0.286,2.0,4.0,0.5,0.662,-0.162,0.286,2.0,4.0,0.5,0.617,-0.117,0.643,4.0,9.0,0.444,0.4,0.044,3.0,2.0,1.0,1.0,0.0,0.0,0.0,1.0,0.0,1.0,1.0,0.0,0.0,0.0,0.0,0.0,0.0,0.0,0.0,0.0,0.0,44.0,0.0,0.0,0.0,0.0,0.0,0.0,0.0,0.0,0.0,0.0,0.0,0.0,0.0,0.0,0.0,0.0,0.0,32.18,12783.0,2.42,1.25,1.17,4.27,4.49,4.4,,,CLE,NOP,20231221,2023-24,False,CLE,NOP,,,,,,,,,,,,,,,,,,,,,,,,,,,,,,,,,,,,,,,,,,,,,,,,,,,,,,,,,,,,,,,,,,,,,,,,,,,,,,,,,,,,,,,,,,,,,,,,,,,,,,,,,,,,,,
1630171,Isaac Okoro,Isaac,1610612739,CLE,23.0,1,1,0,1.0,25.13833333333333,2,4,0.5,0,1,0.0,3,3,1.0,1,0,1,0,0,1,1,0,1,3,7,-5,14.2,0,0,12.0,1,1,1,1,147,196,222,110,179,212,179,51,71,1,79,263,229,235,201,53,26,1,75,50,179,216,197,32,1,209,,198,114.5,114.5,-1.3,121.4,227,55,0.078,235,185,221,166,2.0,-6.9,0.0,0.087,221,139,260,185,121.4,0.0,4.0,0.0,0.5,235,0.038,1,117.3,105.97,0.0,107.16,-6.9,263,1,63,278,88.31,36,0.658,63,117,105.97,271,139,150,105,116.1,196,0.045,0.0,120,0.0,157,222,0.019,0.0,0.0,0.0,3.0,0.0,0.0,0.0,15.0,18.0,0.0,2.0,0.0,1.0,0.0,0.667,3.0,0.0,0.0,0.0,0.667,2.0,1.0,0.0,0.0,0.0,1.0,24.0,0.0,0.0,0.0,1.0,13.0,1.95,0.292,1.29,0.0,7.0,0.8,1.0,0.167,1.0,2.0,0.0,0.0,0.5,0.0,0.0,0.0,0.0,7.2,0.0,0.0,4.0,1.0,0.2,0.0,7.2,1.0,1.0,0.5,0.0,6.0,0.0,,,,,,,,,,,,,,,1.0,0.5,2.0,2.0,0.0,2.0,2.0,0.0,0.5,,0.0,1.0,1.0,0.0,1.0,0.0,0.0,0.0,0.0,1.0,0.25,0.0,,0.0,0.0,0.25,0.25,0.0,0.25,0.0,0.0,0.0,0.0,,0.0,1.0,0.0,0.0,1.0,,,,0.0,0.0,0.0,0.0,0.0,0.0,0.0,0.0,0.0,0.0,0.0,0.5,0.0,0.0,0.0,0.0,0.0,0.0,0.0,1.0,1.0,0.0,0.0,0.0,0.0,0.0,0.0,0.0,2.0,0.0,0.0,0.0,3.0,0.0,0.0,0.0,0.667,0.0,0.28,F-G,0.651,110.0,0.018,169.0,0.632,0.0,0.0,0.0,3.0,0.0,,0.0,0.0,0.667,0.0,0.0,0.0,1.0,0.0,0.0,0.0,0.0,0.0,0.0,2.0,0.0,0.0,0.0,0.0,,,0.0,CLE,0.0,0.0,1.0,0.0,1.0,0.0,2024,22301174,,1.0,3.0,12.0,0.25,0.529,-0.279,0.333,1.0,4.0,0.25,0.37,-0.12,0.667,2.0,8.0,0.25,0.582,-0.332,0.25,0.0,3.0,0.0,0.69,-0.69,0.417,1.0,5.0,0.2,0.636,-0.436,0.333,1.0,4.0,0.25,0.378,-0.128,7.0,5.0,2.0,1.0,0.0,1.0,2.0,0.0,0.0,0.0,0.0,0.0,0.0,2.0,2.0,2.0,0.0,0.0,1.0,1.0,0.0,24.0,0.0,0.0,0.0,0.0,0.0,0.0,0.0,0.0,0.0,0.0,0.0,0.0,0.0,0.0,0.0,0.0,0.0,25.13,10470.0,1.98,0.98,1.0,4.46,4.6,4.33,,,CLE,IND,20240412,2023-24,False,CLE,IND,,,,,,,,,,,,,,,,,,,,,,,,,,,,,,,,,,,,,,,,,,,,,,,,,,,,,,,,,,,,,,,,,,,,,,,,,,,,,,,,,,,,,,,,,,,,,,,,,,,,,,,,,,,,,,
1630171,Isaac Okoro,Isaac,1610612739,CLE,23.0,1,0,1,0.0,24.113333333333333,5,8,0.625,3,5,0.6,0,0,0.0,0,0,0,2,0,1,1,0,1,1,13,-6,22.0,0,0,22.0,1,64,64,64,68,41,59,18,15,36,10,62,64,62,72,107,113,52,77,21,24,1,30,59,48,88,61,17,3,58,,59,108.2,108.2,2.5,113.5,40,49,0.157,59,74,63,65,5.0,-5.3,0.0,0.166,63,59,113,74,113.5,0.0,8.0,0.133,0.813,53,0.0,1,110.1,100.53,0.0,100.21,-5.3,107,1,73,73,83.77,73,0.813,73,72,100.53,73,59,51,13,112.6,41,0.112,0.0,51,20.0,12,59,0.0,0.0,2.0,0.0,2.0,0.133,0.133,5.0,18.0,15.0,0.0,1.0,0.0,0.667,0.0,1.0,4.0,0.0,0.0,0.0,0.25,4.0,3.0,0.25,0.0,1.0,2.0,24.0,0.0,0.0,0.0,0.0,18.0,1.69,0.542,0.96,0.0,13.0,0.7,0.0,,,,,,,,,,,,,,,,,,,,,,,,,,,,,,,,,,,,,,,0.667,0.375,3.0,2.0,0.0,2.0,3.0,0.0,0.375,,0.0,0.667,0.667,,,,,,,,,,,,,,0.625,0.9,0.625,0.0,0.0,0.6,0.6,,3.0,5.0,0.0,3.0,5.0,,,,0.0,0.0,0.0,0.0,0.0,0.0,0.0,0.0,0.0,9.0,0.0,0.813,0.0,0.6,0.5,1.0,0.0,0.0,0.0,4.0,2.0,0.0,0.0,0.5,0.5,0.0,2.0,0.0,2.0,1.0,0.0,2.0,3.0,0.0,1.0,1.0,0.667,1.0,0.286,F-G,0.675,77.0,0.043,114.0,0.633,,2.0,0.0,3.0,0.0,,0.0,1.0,0.667,1.0,0.0,0.0,4.0,0.0,0.0,0.0,0.0,0.5,0.0,2.0,,,0.0,1.0,,,0.0,CLE,3.0,0.6,5.0,3.0,5.0,0.9,2024,22300846,,1.0,4.0,9.0,0.444,0.454,-0.01,0.333,1.0,3.0,0.333,0.374,-0.041,0.667,3.0,6.0,0.5,0.519,-0.019,0.333,3.0,3.0,1.0,0.614,0.386,0.444,3.0,4.0,0.75,0.547,0.203,0.444,1.0,4.0,0.25,0.377,-0.127,4.0,3.0,1.0,3.0,0.0,0.0,0.0,0.0,0.0,0.0,0.0,0.0,0.0,2.0,2.0,2.0,0.0,0.0,1.0,1.0,0.0,24.0,0.0,0.0,0.0,0.0,0.0,0.0,0.0,0.0,0.0,0.0,0.0,0.0,0.0,0.0,0.0,0.0,0.0,24.12,9324.0,1.77,0.89,0.88,4.22,4.18,4.26,,,CHI,CLE,20240228,2023-24,False,CLE,CHI,,,,,,,,,,,,,,,,,,,,,,,,,,,,,,,,,,,,,,,,,,,,,,,,,,,,,,,,,,,,,,,,,,,,,,,,,,,,,,,,,,,,,,,,,,,,,,,,,,,,,,,,,,,,,,
1630171,Isaac Okoro,Isaac,1610612739,CLE,23.0,1,0,1,0.0,28.55,4,11,0.364,3,8,0.375,0,0,0.0,0,1,1,1,0,0,0,1,2,1,11,-21,13.7,0,0,16.0,1,25,25,25,15,17,15,27,5,4,17,18,21,18,24,30,34,24,20,14,16,29,27,18,16,44,27,4,1,23,,42,100.0,100.0,-33.9,136.8,35,57,0.167,28,42,43,18,4.0,-36.8,0.0,0.174,43,26,39,42,136.8,0.0,11.0,0.059,0.5,27,0.0,1,132.0,95.83,0.034,98.49,-36.8,36,1,18,22,79.86,13,0.5,18,24,95.83,22,26,41,25,98.1,17,0.031,0.0,32,8.3,20,15,0.016,0.0,1.0,0.0,2.0,0.063,0.063,2.0,25.0,16.0,0.0,0.0,0.0,0.0,0.0,0.0,3.0,0.0,0.0,0.0,0.0,0.0,2.0,0.0,0.0,0.0,0.0,28.0,0.0,0.0,0.0,0.0,21.0,1.55,0.393,1.07,0.0,11.0,0.7,0.0,0.2,1.0,1.0,1.0,0.25,0.0,5.2,0.0,0.0,0.0,0.0,0.0,0.0,4.0,1.0,0.25,0.333,5.2,1.0,0.0,0.0,0.0,5.0,0.0,,,,,,,,,,,,,,,0.333,0.273,3.0,1.0,0.0,1.0,3.0,0.0,0.273,,0.0,0.333,0.333,,2.0,2.0,0.0,0.0,0.0,0.0,0.182,0.182,0.0,0.0,0.0,0.0,0.545,0.75,0.545,0.0,0.0,0.5,0.5,,3.0,6.0,0.0,3.0,6.0,0.0,0.0,0.0,0.0,1.0,0.0,0.0,1.0,0.0,0.0,0.0,0.0,9.0,0.0,0.5,0.0,0.429,0.0,3.0,2.0,0.0,0.0,1.0,0.0,1.0,0.0,0.0,0.0,0.0,1.0,0.0,1.0,0.0,0.0,0.0,1.0,0.0,6.0,0.5,1.0,0.0,0.315,F-G,0.565,13.0,-0.077,23.0,0.642,0.0,1.0,0.0,1.0,0.0,0.0,0.0,4.0,1.0,0.5,2.0,0.0,3.0,0.0,0.0,1.0,0.0,0.333,0.0,1.0,0.0,0.0,0.0,2.0,0.0,0.0,0.0,CLE,3.0,0.429,7.0,3.0,7.0,0.643,2024,42300201,,1.0,5.0,9.0,0.556,0.51,0.046,0.444,2.0,4.0,0.5,0.382,0.118,0.556,3.0,5.0,0.6,0.601,-0.001,0.333,2.0,3.0,0.667,0.672,-0.006,0.333,2.0,3.0,0.667,0.646,0.021,0.556,2.0,5.0,0.4,0.389,0.011,4.0,1.0,3.0,1.0,0.0,3.0,7.0,0.0,0.0,0.0,0.0,0.0,0.0,2.0,2.0,2.0,0.0,0.0,1.0,1.0,0.0,28.0,0.0,0.0,0.0,0.0,0.0,0.0,0.0,0.0,0.0,0.0,0.0,0.0,0.0,0.0,0.0,0.0,0.0,28.55,11059.0,2.09,1.06,1.03,4.18,4.61,3.8,1610612738.0,CLE_BOS_2024,BOS,CLE,20240507,2023-24,True,CLE,BOS,,,,,,,,,,,,,,,,,,,,,,,,,,,,,,,,,,,,,,,,,,,,,,,,,,,,,,,,,,,,,,,,,,,,,,,,,,,,,,,,,,,,,,,,,,,,,,,,,,,,,,,,,,,,,,
1630171,Isaac Okoro,Isaac,1610612739,CLE,23.0,1,1,0,1.0,38.63333333333333,7,13,0.538,4,7,0.571,4,5,0.8,2,1,3,1,2,0,1,2,2,3,22,4,28.1,0,0,32.0,1,1,1,1,3,23,26,53,9,17,21,17,16,40,11,89,69,68,20,58,19,129,73,23,17,44,36,9,2,29,,58,113.8,113.8,5.6,108.8,67,80,0.172,95,61,54,61,7.0,5.0,11.1,0.177,54,73,111,61,108.8,0.5,13.0,0.042,0.692,97,0.043,94,107.8,99.4,0.025,99.97,5.0,111,93,101,82,82.83,99,0.724,101,47,99.4,76,73,59,40,113.4,23,0.088,11.0,65,5.6,45,26,0.034,0.0,2.0,1.0,7.0,0.023,0.045,2.0,51.0,44.0,2.0,7.0,0.0,0.5,0.083,0.583,12.0,2.0,1.0,0.0,0.583,7.0,4.0,0.083,1.0,1.0,2.0,62.0,0.5,0.0,0.0,3.0,41.0,2.77,0.355,2.35,0.0,22.0,2.9,4.0,0.5,0.0,3.0,0.0,0.333,0.667,5.2,0.0,2.0,1.0,13.4,0.5,0.667,3.0,0.0,0.5,0.333,9.3,0.0,0.0,0.667,1.0,6.0,1.0,1.0,0.231,0.333,0.333,3.0,0.0,1.0,1.0,0.0,,3.0,0.231,0.333,0.0,0.667,0.231,3.0,2.0,0.0,2.0,3.0,0.0,0.231,,0.0,0.667,0.667,,1.0,1.0,0.0,1.5,1.0,0.0,0.077,0.077,1.0,1.0,1.0,0.0,0.462,0.75,0.462,0.0,0.0,0.5,0.5,,3.0,6.0,0.0,3.0,6.0,1.5,1.0,1.0,1.0,1.0,1.0,3.0,1.0,0.0,1.0,0.0,0.0,9.0,2.0,0.692,0.0,0.5,1.0,1.0,4.0,2.0,0.0,4.0,2.0,0.0,0.0,0.5,0.75,0.0,2.0,0.0,1.0,2.0,0.0,3.0,2.0,0.5,3.0,0.333,0.5,1.0,0.301,F-G,0.623,33.0,-0.015,53.0,0.638,0.0,3.0,1.0,4.0,0.0,0.0,0.5,2.0,0.5,0.5,2.0,0.0,5.0,0.0,0.0,0.0,0.0,0.6,0.0,2.0,0.0,0.0,0.0,1.0,0.0,0.0,0.0,CLE,3.0,0.5,6.0,3.0,6.0,0.75,2024,22300420,,1.0,4.0,12.0,0.333,0.446,-0.113,0.083,0.0,1.0,0.0,0.348,-0.348,0.917,4.0,11.0,0.364,0.53,-0.166,0.333,2.0,4.0,0.5,0.677,-0.177,0.417,2.0,5.0,0.4,0.621,-0.221,0.583,2.0,7.0,0.286,0.366,-0.081,7.0,7.0,0.0,1.0,0.0,0.0,0.0,1.0,0.0,1.0,1.0,0.0,0.0,1.0,1.0,1.0,0.0,0.0,1.0,1.0,0.0,62.0,0.0,0.0,0.0,0.0,0.0,0.0,0.0,0.0,0.0,0.0,0.0,0.0,0.0,0.0,0.0,0.0,0.0,38.63,16077.0,3.04,1.61,1.43,4.36,4.51,4.21,,,DAL,CLE,20231227,2023-24,False,CLE,DAL,,,,,,,,,,,,,,,,,,,,,,,,,,,,,,,,,,,,,,,,,,,,,,,,,,,,,,,,,,,,,,,,,,,,,,,,,,,,,,,,,,,,,,,,,,,,,,,,,,,,,,,,,,,,,,
1630171,Isaac Okoro,Isaac,1610612739,CLE,23.0,1,1,0,1.0,34.5,3,9,0.333,0,5,0.0,6,7,0.857,0,3,3,3,1,0,0,1,2,5,12,6,19.1,0,0,18.0,1,1,1,1,44,131,103,180,151,54,151,16,20,72,147,104,127,76,83,134,91,184,131,21,101,68,137,26,3,137,,56,110.6,110.6,3.0,98.5,175,66,0.167,126,76,41,28,3.0,12.1,6.3,0.17,41,158,209,76,98.5,3.0,9.0,0.13,0.333,121,0.0,136,101.4,93.22,0.091,94.61,12.1,173,133,259,139,77.68,247,0.497,259,147,93.22,144,158,115,172,104.4,131,0.062,6.2,187,18.8,199,103,0.043,0.0,3.0,0.0,7.0,0.091,0.091,7.0,41.0,33.0,2.0,5.0,0.0,0.75,0.1,0.9,10.0,2.0,1.0,0.0,0.5,9.0,4.0,0.2,1.0,2.0,3.0,47.0,2.0,0.0,0.0,0.0,32.0,3.0,0.255,2.7,0.0,12.0,2.4,1.0,0.429,0.0,2.0,2.0,0.6,0.0,10.8,0.0,1.0,1.0,0.0,0.0,0.333,5.0,0.0,0.429,0.6,10.8,2.0,0.0,0.0,0.333,7.0,0.0,0.0,0.111,0.0,0.0,1.0,0.0,1.0,0.0,0.0,,1.0,0.111,0.0,0.0,1.0,0.222,2.0,2.0,0.0,2.0,2.0,0.0,0.222,,0.0,1.0,1.0,1.0,1.0,0.0,1.0,1.0,0.0,1.0,0.111,0.0,,1.0,1.0,0.111,0.556,0.0,0.556,0.0,0.0,0.0,0.0,,0.0,5.0,0.0,0.0,5.0,,,,0.0,0.0,0.0,0.0,0.0,0.0,0.0,0.0,0.0,0.0,2.0,0.333,0.0,0.0,0.0,0.0,1.0,1.0,0.0,3.0,1.0,0.0,0.0,0.0,0.0,0.0,2.0,0.0,2.0,0.0,0.0,0.0,3.0,1.0,2.0,0.0,0.667,0.0,0.299,F-G,0.633,31.0,-0.002,49.0,0.634,0.0,0.0,1.0,3.0,0.0,0.0,1.0,1.0,0.667,0.0,1.0,0.0,4.0,0.0,0.0,0.0,0.0,0.0,0.0,2.0,0.0,0.0,0.0,0.0,0.0,0.0,0.0,CLE,0.0,0.0,5.0,0.0,5.0,0.0,2024,22300396,,,,,,,,,,,,,,,,,,,,,,,,,,,,,,,,,,,,,,1.0,1.0,0.0,0.0,0.0,1.0,3.0,0.0,0.0,0.0,0.0,0.0,0.0,0.0,0.0,0.0,0.0,0.0,0.0,0.0,0.0,47.0,0.0,0.0,0.0,0.0,0.0,0.0,0.0,0.0,0.0,0.0,0.0,0.0,0.0,0.0,0.0,0.0,0.0,34.5,13544.0,2.57,1.42,1.15,4.27,4.29,3.9,,,CHI,CLE,20231223,2023-24,False,CLE,CHI,,,,,,,,,,,,,,,,,,,,,,,,,,,,,,,,,,,,,,,,,,,,,,,,,,,,,,,,,,,,,,,,,,,,,,,,,,,,,,,,,,,,,,,,,,,,,,,,,,,,,,,,,,,,,,
1630171,Isaac Okoro,Isaac,1610612739,CLE,23.0,1,0,1,0.0,29.94833333333333,4,6,0.667,2,3,0.667,1,2,0.5,0,4,4,1,1,1,1,1,3,2,11,-11,22.3,0,0,22.0,1,98,98,98,61,67,99,20,36,80,17,70,47,74,86,57,75,105,61,40,24,120,137,50,73,162,85,18,1,83,,172,120.7,120.7,-18.3,137.3,129,58,0.129,130,134,174,62,4.0,-16.6,11.1,0.129,174,46,89,134,137.3,1.0,6.0,0.048,0.833,110,0.0,127,138.7,93.76,0.167,93.41,-16.6,62,124,147,134,78.13,145,0.799,147,86,93.76,138,46,141,24,120.4,67,0.068,11.3,47,11.1,15,99,0.085,1.0,3.0,1.0,4.0,0.038,0.115,4.0,26.0,26.0,0.0,5.0,1.0,0.0,0.0,0.0,6.0,0.0,0.0,0.167,0.833,0.0,0.0,0.167,0.0,1.0,0.0,36.0,0.0,0.0,2.0,1.0,26.0,2.18,0.306,1.5,0.0,11.0,1.3,0.0,0.5,0.0,1.0,3.0,0.571,0.0,4.6,0.0,1.0,1.0,0.0,0.0,0.25,7.0,0.0,0.5,0.571,4.6,3.0,0.0,0.0,0.25,8.0,0.0,,,,,,,,,,,,,,,0.667,0.5,3.0,2.0,0.0,2.0,3.0,0.0,0.5,,0.0,0.667,0.667,,,,,,,,,,,,,,0.5,1.0,0.5,0.0,0.0,0.667,0.667,,2.0,3.0,0.0,2.0,3.0,,,,0.0,0.0,0.0,0.0,0.0,0.0,0.0,1.0,2.0,6.0,0.0,0.833,0.0,0.667,1.0,0.0,0.0,0.0,0.0,3.0,1.0,0.0,0.0,0.0,0.667,0.0,2.0,0.0,2.0,2.0,0.0,2.0,3.0,0.0,0.0,0.0,0.667,0.0,0.283,F-G,0.657,88.0,0.024,134.0,0.632,0.0,2.0,0.0,3.0,0.0,0.0,0.0,0.0,0.667,0.0,0.0,0.0,3.0,0.0,0.0,0.0,0.0,0.667,0.0,2.0,0.0,0.0,0.0,0.0,0.0,0.0,0.0,CLE,2.0,0.667,3.0,2.0,3.0,1.0,2024,22300930,,1.0,7.0,10.0,0.7,0.472,0.228,0.6,5.0,6.0,0.833,0.37,0.463,0.4,2.0,4.0,0.5,0.547,-0.047,0.2,2.0,2.0,1.0,0.664,0.337,0.3,2.0,3.0,0.667,0.592,0.075,0.6,5.0,6.0,0.833,0.376,0.458,4.0,1.0,3.0,2.0,0.0,1.0,3.0,0.0,0.0,0.0,0.0,0.0,0.0,1.0,1.0,1.0,0.0,0.0,1.0,1.0,0.0,36.0,0.0,0.0,0.0,0.0,0.0,0.0,0.0,0.0,0.0,0.0,0.0,0.0,0.0,0.0,0.0,0.0,0.0,29.95,11911.0,2.26,1.1,1.15,4.32,4.29,4.35,,,CLE,BKN,20240310,2023-24,False,CLE,BKN,,,,,,,,,,,,,,,,,,,,,,,,,,,,,,,,,,,,,,,,,,,,,,,,,,,,,,,,,,,,,,,,,,,,,,,,,,,,,,,,,,,,,,,,,,,,,,,,,,,,,,,,,,,,,,
1630171,Isaac Okoro,Isaac,1610612739,CLE,23.0,1,0,1,0.0,29.81833333333333,3,5,0.6,0,1,0.0,2,2,1.0,0,2,2,3,1,1,1,1,3,1,8,-10,19.9,0,0,17.0,1,101,101,101,79,102,128,46,112,131,112,51,59,1,102,104,122,63,65,32,25,121,136,95,110,165,104,24,1,110,,135,111.3,111.3,-20.9,125.4,139,62,0.099,115,141,139,24,3.0,-14.1,10.0,0.096,139,113,153,141,125.4,3.0,5.0,0.103,0.6,38,0.0,132,123.4,100.61,0.087,105.73,-14.1,122,126,99,167,83.84,46,0.68,99,102,100.61,172,113,161,61,102.5,102,0.054,10.1,142,30.0,76,128,0.037,0.0,3.0,0.0,3.0,0.12,0.12,6.0,24.0,25.0,0.0,0.0,1.0,0.5,0.0,0.667,3.0,0.0,0.0,0.333,0.0,2.0,2.0,0.0,0.0,0.0,1.0,33.0,0.0,0.0,0.0,0.0,12.0,2.73,0.242,2.39,0.0,8.0,1.5,0.0,0.25,1.0,4.0,2.0,0.5,0.0,16.6,0.0,0.0,0.0,0.0,0.0,0.0,4.0,1.0,0.286,0.667,16.6,2.0,0.0,0.0,0.0,8.0,0.0,0.0,0.2,0.0,0.0,1.0,0.0,1.0,0.0,0.0,,1.0,0.2,0.0,0.0,1.0,0.2,1.0,1.0,0.0,1.0,1.0,0.0,0.2,,0.0,1.0,1.0,1.0,1.0,0.0,1.0,1.0,0.0,1.0,0.2,0.0,,1.0,1.0,0.2,0.4,0.5,0.2,1.0,1.0,0.0,0.5,1.0,0.0,1.0,0.2,1.0,2.0,,,,0.0,0.0,0.0,0.0,0.0,0.0,0.0,0.0,0.0,0.0,0.0,0.6,0.0,0.0,0.0,0.0,1.0,0.0,0.0,0.0,0.0,0.0,0.0,0.0,0.0,0.0,0.0,0.0,3.0,0.0,0.0,0.0,3.0,0.0,1.0,0.0,1.0,0.0,0.304,F-G,0.625,35.0,-0.01,56.0,0.635,0.0,0.0,0.0,4.0,0.0,,0.0,1.0,0.75,0.0,0.0,0.0,0.0,0.0,0.0,0.0,0.0,0.0,0.0,3.0,0.0,0.0,0.0,0.0,,,0.0,CLE,0.0,0.0,1.0,0.0,1.0,0.0,2024,22300433,,1.0,3.0,8.0,0.375,0.457,-0.082,0.375,1.0,3.0,0.333,0.358,-0.025,0.625,2.0,5.0,0.4,0.53,-0.13,0.375,2.0,3.0,0.667,0.592,0.074,0.625,2.0,5.0,0.4,0.579,-0.179,0.375,1.0,3.0,0.333,0.366,-0.033,3.0,1.0,2.0,1.0,0.0,0.0,0.0,0.0,0.0,0.0,0.0,0.0,0.0,0.0,0.0,0.0,0.0,0.0,0.0,0.0,0.0,33.0,0.0,0.0,0.0,0.0,0.0,0.0,0.0,0.0,0.0,0.0,0.0,0.0,0.0,0.0,0.0,0.0,0.0,29.82,11894.0,2.25,1.2,1.06,4.35,4.46,4.24,,,CLE,MIL,20231229,2023-24,False,CLE,MIL,,,,,,,,,,,,,,,,,,,,,,,,,,,,,,,,,,,,,,,,,,,,,,,,,,,,,,,,,,,,,,,,,,,,,,,,,,,,,,,,,,,,,,,,,,,,,,,,,,,,,,,,,,,,,,
1630171,Isaac Okoro,Isaac,1610612739,CLE,23.0,1,1,0,1.0,30.62333333333333,5,11,0.455,3,7,0.429,1,2,0.5,3,2,5,3,1,0,0,0,1,1,14,8,23.5,0,0,25.0,1,1,1,1,63,63,62,108,15,26,68,90,69,94,12,108,53,60,68,103,79,1,66,105,61,45,95,17,4,75,,96,114.8,114.8,10.7,101.6,123,61,0.183,103,66,81,21,5.0,13.1,6.3,0.188,81,98,91,66,101.6,3.0,11.0,0.13,0.591,91,0.097,134,102.9,95.61,0.069,95.55,13.1,160,134,151,113,79.68,160,0.589,151,29,95.61,110,98,79,91,113.6,63,0.084,6.3,98,18.8,80,62,0.083,0.0,3.0,0.0,6.0,0.115,0.115,8.0,28.0,26.0,0.0,3.0,0.0,0.0,0.0,0.0,4.0,0.0,0.0,0.0,0.75,0.0,1.0,0.0,0.0,0.0,0.0,39.0,1.0,0.0,0.0,0.0,27.0,1.88,0.359,1.59,0.0,14.0,1.2,2.0,0.833,0.0,3.0,1.0,0.667,1.0,16.4,0.0,2.0,1.0,13.2,0.333,0.4,3.0,0.0,0.833,0.667,14.5,3.0,2.0,1.0,0.5,6.0,1.0,,,,,,,,,,,,,,,0.5,0.364,4.0,2.0,0.0,2.0,4.0,0.0,0.364,,0.0,0.5,0.5,,1.0,1.0,0.0,1.5,1.0,0.0,0.091,0.091,1.0,1.0,1.0,0.0,0.545,0.5,0.545,0.0,0.0,0.333,0.333,,2.0,6.0,0.0,2.0,6.0,1.5,1.0,1.0,1.0,1.0,1.0,3.0,1.0,0.0,1.0,0.0,0.0,6.0,2.0,0.591,0.0,0.333,0.25,2.0,1.0,0.0,0.0,4.0,0.0,0.0,0.0,0.0,0.25,0.0,4.0,0.0,2.0,1.0,0.0,1.0,3.0,0.0,3.0,0.667,0.667,0.0,0.288,F-G,0.665,107.0,0.033,161.0,0.631,0.0,1.0,0.0,3.0,0.0,0.0,0.0,3.0,0.667,0.667,1.0,0.0,4.0,0.0,0.0,0.0,0.0,0.25,0.0,2.0,0.0,0.0,0.0,2.0,0.0,0.0,0.0,CLE,2.0,0.333,6.0,2.0,6.0,0.5,2024,22301033,,1.0,3.0,6.0,0.5,0.43,0.07,0.5,2.0,3.0,0.667,0.36,0.307,0.5,1.0,3.0,0.333,0.506,-0.173,0.167,0.0,1.0,0.0,0.619,-0.619,0.333,0.0,2.0,0.0,0.552,-0.552,0.667,3.0,4.0,0.75,0.364,0.386,2.0,2.0,0.0,0.0,0.0,0.0,0.0,0.0,1.0,1.0,0.0,1.0,0.0,0.0,0.0,0.0,0.0,0.0,0.0,0.0,0.0,39.0,0.0,0.0,0.0,0.0,0.0,0.0,0.0,0.0,0.0,0.0,0.0,0.0,0.0,0.0,0.0,0.0,0.0,30.62,11698.0,2.22,1.12,1.09,4.1,4.08,4.12,,,CLE,CHA,20240325,2023-24,False,CLE,CHA,,,,,,,,,,,,,,,,,,,,,,,,,,,,,,,,,,,,,,,,,,,,,,,,,,,,,,,,,,,,,,,,,,,,,,,,,,,,,,,,,,,,,,,,,,,,,,,,,,,,,,,,,,,,,,
1630171,Isaac Okoro,Isaac,1610612739,CLE,23.0,1,0,1,0.0,24.99333333333333,3,6,0.5,1,1,1.0,0,0,0.0,1,1,2,0,0,0,0,1,2,0,7,-13,9.4,0,0,10.0,1,130,130,130,119,124,136,91,90,162,1,132,141,132,64,169,154,180,158,121,82,170,136,169,144,225,190,28,2,182,,234,116.0,116.0,-24.3,136.5,202,50,0.1,180,187,231,130,3.0,-20.5,0.0,0.102,231,92,182,187,136.5,0.0,6.0,0.0,0.583,180,0.034,1,138.1,97.95,0.059,98.29,-20.5,179,1,121,222,81.62,114,0.583,121,107,97.95,223,92,205,118,113.8,124,0.027,0.0,112,0.0,106,136,0.043,0.0,0.0,0.0,1.0,0.0,0.0,0.0,24.0,24.0,0.0,0.0,0.0,0.333,0.0,0.667,3.0,0.0,0.0,0.0,0.0,2.0,3.0,0.0,0.0,0.0,1.0,30.0,0.0,0.0,0.0,0.0,21.0,1.85,0.233,1.37,0.0,7.0,0.9,0.0,0.4,2.0,2.0,1.0,0.333,0.5,9.7,0.0,0.0,0.0,11.0,0.0,0.0,3.0,2.0,0.667,1.0,10.3,2.0,1.0,0.5,0.0,5.0,0.0,,,,,,,,,,,,,,,0.25,0.667,4.0,1.0,0.0,1.0,4.0,0.0,0.667,,0.0,0.25,0.25,1.0,2.0,1.0,1.0,1.25,1.0,1.0,0.333,0.167,1.0,1.0,2.0,0.167,,,,,,,,,,,,,,,,,0.0,0.0,0.0,0.0,0.0,0.0,0.0,0.0,0.0,3.0,0.0,0.583,0.0,1.0,0.0,1.0,2.0,0.0,0.0,0.0,0.0,0.0,0.0,0.0,0.0,0.0,0.0,0.0,2.0,0.0,0.0,0.0,3.0,0.0,1.0,1.0,0.667,0.0,0.288,F-G,0.667,108.0,0.035,162.0,0.632,0.0,0.0,0.0,4.0,0.0,,0.0,1.0,0.5,1.0,1.0,0.0,0.0,0.0,0.0,0.0,0.0,0.0,0.0,2.0,0.0,0.0,0.0,1.0,,,0.0,CLE,1.0,1.0,1.0,1.0,1.0,1.5,2024,22301048,,1.0,2.0,3.0,0.667,0.524,0.143,0.667,1.0,2.0,0.5,0.373,0.127,0.333,1.0,1.0,1.0,0.693,0.307,0.333,1.0,1.0,1.0,0.74,0.26,0.333,1.0,1.0,1.0,0.719,0.281,0.667,1.0,2.0,0.5,0.399,0.101,2.0,0.0,2.0,0.0,0.0,0.0,0.0,0.0,0.0,0.0,0.0,0.0,0.0,2.0,2.0,2.0,0.0,0.0,1.0,1.0,0.0,30.0,0.0,0.0,0.0,0.0,0.0,0.0,0.0,0.0,0.0,0.0,0.0,0.0,0.0,0.0,0.0,0.0,0.0,25.0,9896.0,1.87,0.94,0.94,4.32,4.11,4.08,,,CHA,CLE,20240327,2023-24,False,CLE,CHA,,,,,,,,,,,,,,,,,,,,,,,,,,,,,,,,,,,,,,,,,,,,,,,,,,,,,,,,,,,,,,,,,,,,,,,,,,,,,,,,,,,,,,,,,,,,,,,,,,,,,,,,,,,,,,
1630171,Isaac Okoro,Isaac,1610612739,CLE,23.0,1,1,0,1.0,27.035,1,2,0.5,1,2,0.5,0,0,0.0,4,1,5,1,2,0,0,0,0,2,3,-17,8.5,0,0,10.0,1,1,1,1,80,139,159,71,68,101,29,101,109,101,11,120,57,102,33,87,68,1,1,50,142,172,151,21,1,142,,154,101.8,101.8,-29.9,132.1,149,56,0.059,135,152,151,85,1.0,-30.4,40.0,0.061,151,137,69,152,132.1,0.5,2.0,0.05,0.75,71,0.125,183,132.8,99.43,0.048,98.65,-30.4,143,183,83,180,82.86,117,0.75,83,22,99.43,180,137,155,35,102.9,139,0.031,40.0,132,20.0,31,159,0.094,1.0,2.0,0.0,7.0,0.042,0.083,4.0,20.0,24.0,0.0,3.0,2.0,0.0,0.0,0.0,5.0,0.0,0.0,0.4,0.6,0.0,0.0,0.2,0.0,1.0,0.0,30.0,0.0,0.0,0.0,1.0,23.0,1.83,0.1,1.1,0.0,3.0,0.9,3.0,0.625,2.0,5.0,1.0,0.333,0.8,2.4,0.0,1.0,0.0,8.7,0.25,0.2,3.0,2.0,0.833,1.0,7.4,4.0,3.0,0.8,0.0,8.0,1.0,,,,,,,,,,,,,,,,,,,,,,,,,,,,,,,,,,,,,,,,,1.0,0.75,1.0,0.0,0.0,0.5,0.5,,1.0,2.0,0.0,1.0,2.0,,,,0.0,0.0,0.0,0.0,0.0,0.0,0.0,0.0,0.0,3.0,0.0,0.75,0.0,0.5,0.0,0.0,0.0,0.0,0.0,1.0,1.0,0.0,0.0,1.0,1.0,0.0,0.0,0.0,0.0,0.0,0.0,1.0,0.0,0.0,1.0,0.0,0.0,1.0,0.291,F-G,0.645,40.0,0.004,62.0,0.641,0.0,1.0,0.0,0.0,0.0,,0.0,1.0,0.0,0.0,0.0,0.0,1.0,0.0,0.0,0.0,0.0,1.0,0.0,0.0,0.0,0.0,0.0,0.0,,,0.0,CLE,1.0,0.5,2.0,1.0,2.0,0.75,2024,22300497,,1.0,4.0,10.0,0.4,0.474,-0.074,0.5,1.0,5.0,0.2,0.366,-0.166,0.5,3.0,5.0,0.6,0.553,0.047,0.1,1.0,1.0,1.0,0.69,0.31,0.2,2.0,2.0,1.0,0.652,0.348,0.7,2.0,7.0,0.286,0.376,-0.09,5.0,3.0,2.0,1.0,0.0,0.0,0.0,1.0,0.0,1.0,1.0,0.0,0.0,1.0,1.0,1.0,0.0,0.0,1.0,1.0,0.0,30.0,0.0,0.0,0.0,0.0,0.0,0.0,0.0,0.0,0.0,0.0,0.0,0.0,0.0,0.0,0.0,0.0,0.0,27.03,10660.0,2.02,1.03,0.99,4.11,3.79,4.48,,,CLE,SAS,20240107,2023-24,False,CLE,SAS,,,,,,,,,,,,,,,,,,,,,,,,,,,,,,,,,,,,,,,,,,,,,,,,,,,,,,,,,,,,,,,,,,,,,,,,,,,,,,,,,,,,,,,,,,,,,,,,,,,,,,,,,,,,,,
1630171,Isaac Okoro,Isaac,1610612739,CLE,23.0,1,0,1,0.0,15.883333333333333,0,3,0.0,0,2,0.0,0,0,0.0,0,1,1,2,2,2,0,0,4,0,0,-20,8.2,0,0,7.0,1,34,34,34,45,54,47,54,33,34,33,29,32,29,31,41,50,24,6,2,23,1,56,43,55,57,45,7,1,46,,61,93.5,93.5,-72.4,153.1,59,31,0.147,21,62,58,21,0.0,-59.6,28.6,0.143,58,54,49,62,153.1,1.0,3.0,0.167,0.0,10,0.0,59,160.6,95.19,0.091,95.8,-59.6,39,59,23,39,79.33,31,0.0,23,31,95.19,43,54,62,55,88.2,54,-0.051,28.6,54,28.6,54,47,0.036,0.0,2.0,0.0,3.0,0.125,0.125,6.0,14.0,16.0,0.0,1.0,0.0,0.0,0.0,0.0,1.0,0.0,0.0,0.0,1.0,0.0,0.0,0.0,0.0,0.0,0.0,21.0,0.0,0.0,0.0,0.0,8.0,2.18,0.0,1.62,0.0,0.0,0.8,0.0,1.0,0.0,1.0,1.0,1.0,0.0,5.1,0.0,0.0,0.0,0.0,0.0,0.0,1.0,0.0,1.0,1.0,5.1,1.0,0.0,0.0,0.0,1.0,0.0,,,,,,,,,,,,,,,0.0,0.333,1.0,0.0,0.0,0.0,1.0,0.0,0.333,,0.0,0.0,0.0,,1.0,1.0,0.0,0.0,0.0,0.0,0.333,0.333,0.0,0.0,0.0,0.0,0.333,0.0,0.333,0.0,0.0,0.0,0.0,,0.0,1.0,0.0,0.0,1.0,0.0,0.0,0.0,0.0,1.0,0.0,0.0,1.0,0.0,0.0,0.0,0.0,0.0,0.0,0.0,0.0,0.0,0.0,0.0,0.0,0.0,0.0,0.0,0.0,0.0,0.0,0.0,0.0,0.0,0.0,0.0,0.0,0.0,0.0,0.0,1.0,0.0,2.0,0.0,0.0,0.0,0.296,F-G,0.5,4.0,-0.149,8.0,0.649,0.0,0.0,0.0,1.0,0.0,,0.0,2.0,0.0,0.0,0.0,0.0,0.0,0.0,0.0,0.0,0.0,0.0,0.0,0.0,0.0,0.0,0.0,0.0,,,0.0,CLE,0.0,0.0,1.0,0.0,1.0,0.0,2024,42300133,,1.0,5.0,8.0,0.625,0.467,0.158,0.625,3.0,5.0,0.6,0.343,0.257,0.375,2.0,3.0,0.667,0.517,0.149,0.125,1.0,1.0,1.0,0.629,0.371,0.125,1.0,1.0,1.0,0.588,0.412,0.75,4.0,6.0,0.667,0.354,0.313,4.0,2.0,2.0,1.0,0.0,0.0,0.0,0.0,0.0,0.0,0.0,0.0,0.0,1.0,1.0,1.0,1.0,0.0,1.0,1.0,1.0,21.0,0.0,0.0,0.0,0.0,0.0,0.0,0.0,0.0,0.0,0.0,0.0,0.0,0.0,0.0,0.0,0.0,0.0,15.88,5859.0,1.11,0.54,0.57,3.85,3.81,3.89,1610612753.0,CLE_ORL_2024,ORL,CLE,20240425,2023-24,True,CLE,ORL,,,,,,,,,,,,,,,,,,,,,,,,,,,,,,,,,,,,,,,,,,,,,,,,,,,,,,,,,,,,,,,,,,,,,,,,,,,,,,,,,,,,,,,,,,,,,,,,,,,,,,,,,,,,,,
1630171,Isaac Okoro,Isaac,1610612739,CLE,23.0,1,1,0,1.0,28.735,0,4,0.0,0,2,0.0,0,0,0.0,0,1,1,1,0,1,0,1,1,0,0,16,5.7,0,0,4.0,1,1,1,1,81,191,161,191,127,120,127,112,117,112,115,155,168,127,138,36,85,137,38,154,197,18,189,17,3,194,,41,119.7,119.7,24.7,90.5,204,61,0.059,164,27,31,115,0.0,29.2,0.0,0.059,31,47,198,27,90.5,0.0,4.0,0.037,0.0,82,0.0,1,93.6,103.57,0.033,102.43,29.2,190,1,82,209,86.31,119,0.0,82,115,103.57,209,47,26,197,118.3,191,-0.019,0.0,56,20.0,191,161,0.017,0.0,1.0,0.0,4.0,0.05,0.05,2.0,20.0,20.0,0.0,1.0,0.0,0.0,0.0,0.0,2.0,0.0,0.0,0.0,0.5,0.0,1.0,0.5,0.0,1.0,0.0,27.0,2.0,0.0,0.0,0.0,16.0,2.75,0.0,2.33,0.0,0.0,1.2,1.0,0.25,0.0,1.0,1.0,0.333,0.0,5.6,0.0,0.0,0.0,0.0,0.0,0.0,3.0,0.0,0.25,0.333,5.6,1.0,0.0,0.0,0.0,4.0,0.0,,,,,,,,,,,,,,,0.0,0.5,2.0,0.0,0.0,0.0,2.0,0.0,0.5,,0.0,0.0,0.0,,,,,,,,,,,,,,0.5,0.0,0.5,0.0,0.0,0.0,0.0,,0.0,2.0,0.0,0.0,2.0,,,,0.0,0.0,0.0,0.0,0.0,0.0,0.0,0.0,0.0,0.0,2.0,0.0,0.0,0.0,0.0,0.0,0.0,0.0,0.0,2.0,1.0,0.0,0.0,0.0,0.0,0.0,1.0,0.0,0.0,0.0,0.0,0.0,2.0,0.0,0.0,0.0,0.0,0.0,0.33,F-G,0.667,20.0,0.038,30.0,0.629,0.0,0.0,0.0,2.0,0.0,,0.0,0.0,0.0,0.0,0.0,0.0,2.0,0.0,0.0,0.0,0.0,0.0,0.0,0.0,0.0,0.0,0.0,0.0,,,0.0,CLE,0.0,0.0,2.0,0.0,2.0,0.0,2024,22301205,,1.0,1.0,6.0,0.167,0.434,-0.267,0.333,0.0,2.0,0.0,0.366,-0.366,0.667,1.0,4.0,0.25,0.56,-0.31,0.333,1.0,2.0,0.5,0.622,-0.122,0.667,1.0,4.0,0.25,0.584,-0.334,0.333,0.0,2.0,0.0,0.363,-0.363,2.0,1.0,1.0,1.0,0.0,0.0,0.0,1.0,0.0,1.0,1.0,0.0,0.0,2.0,2.0,2.0,0.0,0.0,1.0,1.0,0.0,27.0,0.0,0.0,0.0,0.0,0.0,0.0,0.0,0.0,0.0,0.0,0.0,0.0,0.0,0.0,0.0,0.0,0.0,28.73,11084.0,2.1,1.11,0.99,4.04,4.0,4.1,,,CLE,ORL,20231206,2023-24,False,CLE,ORL,,,,,,,,,,,,,,,,,,,,,,,,,,,,,,,,,,,,,,,,,,,,,,,,,,,,,,,,,,,,,,,,,,,,,,,,,,,,,,,,,,,,,,,,,,,,,,,,,,,,,,,,,,,,,,
1630171,Isaac Okoro,Isaac,1610612739,CLE,23.0,1,1,0,1.0,33.431666666666665,5,10,0.5,3,4,0.75,4,4,1.0,1,0,1,3,1,1,0,1,0,2,17,-8,24.7,0,0,26.0,1,1,1,1,57,75,78,89,19,76,25,25,39,1,61,206,183,67,84,43,91,167,1,66,59,192,93,22,2,82,,119,106.1,106.1,-6.1,116.4,83,66,0.169,80,159,145,25,5.0,-10.4,6.3,0.17,145,163,217,159,116.4,3.0,10.0,0.167,0.65,92,0.028,128,111.7,95.48,0.0,97.66,-10.4,206,125,185,132,79.57,162,0.723,185,114,95.48,138,163,138,59,105.7,75,0.117,6.3,164,18.8,76,78,0.015,1.0,4.0,0.0,8.0,0.1,0.133,8.0,35.0,30.0,0.0,6.0,1.0,0.5,0.0,0.222,9.0,0.0,0.0,0.111,0.667,2.0,2.0,0.111,0.0,1.0,1.0,43.0,1.0,0.0,0.0,0.0,35.0,1.9,0.395,1.33,0.0,17.0,1.4,2.0,0.333,0.0,2.0,0.0,0.0,0.5,0.0,0.0,1.0,0.0,7.2,1.0,1.0,1.0,0.0,0.333,0.0,7.2,0.0,0.0,0.5,0.0,3.0,1.0,2.0,0.3,0.667,0.667,3.0,0.0,1.0,2.0,0.0,,3.0,0.3,0.667,0.0,0.0,0.3,3.0,0.0,0.0,0.0,3.0,0.0,0.3,,0.0,0.0,0.0,,1.0,1.0,0.0,0.0,0.0,0.0,0.1,0.1,0.0,0.0,0.0,0.0,0.3,1.5,0.3,0.0,0.0,1.0,1.0,,3.0,3.0,0.0,3.0,3.0,0.0,0.0,0.0,0.0,1.0,0.0,0.0,1.0,0.0,0.5,0.0,0.0,9.0,2.0,0.65,0.0,1.0,1.0,1.0,2.0,0.0,0.0,3.0,1.0,0.0,0.0,0.0,0.667,0.0,2.0,0.0,2.0,2.0,0.0,2.0,4.0,0.0,1.0,1.0,0.5,0.0,0.285,F-G,0.624,53.0,-0.008,85.0,0.631,0.0,2.0,0.0,6.0,0.0,,0.0,1.0,0.333,1.0,0.0,0.0,3.0,0.0,0.0,0.0,0.0,0.667,0.0,2.0,0.0,0.0,0.0,1.0,,,0.0,CLE,3.0,1.0,3.0,3.0,3.0,1.5,2024,22300658,,1.0,5.0,7.0,0.714,0.468,0.246,0.143,0.0,1.0,0.0,0.374,-0.374,0.857,5.0,6.0,0.833,0.525,0.308,0.429,3.0,3.0,1.0,0.573,0.427,0.429,3.0,3.0,1.0,0.552,0.448,0.143,0.0,1.0,0.0,0.377,-0.377,2.0,2.0,0.0,3.0,0.0,0.0,0.0,0.0,0.0,0.0,0.0,0.0,0.0,0.0,0.0,0.0,0.0,0.0,0.0,0.0,0.0,43.0,0.0,0.0,0.0,0.0,0.0,0.0,0.0,0.0,0.0,0.0,0.0,0.0,0.0,0.0,0.0,0.0,0.0,33.43,12755.0,2.42,1.25,1.16,3.93,4.34,3.88,,,CLE,LAC,20240129,2023-24,False,CLE,LAC,,,,,,,,,,,,,,,,,,,,,,,,,,,,,,,,,,,,,,,,,,,,,,,,,,,,,,,,,,,,,,,,,,,,,,,,,,,,,,,,,,,,,,,,,,,,,,,,,,,,,,,,,,,,,,
1630171,Isaac Okoro,Isaac,1610612739,CLE,23.0,1,0,1,0.0,18.506666666666668,2,3,0.667,0,0,0.0,1,1,1.0,1,2,3,0,2,0,1,1,1,1,5,7,9.6,0,0,10.0,1,67,67,67,82,82,102,15,75,106,75,52,68,1,36,71,63,97,20,58,18,83,25,58,91,30,103,12,1,100,,62,135.9,135.9,24.7,115.0,105,39,0.119,97,23,68,67,2.0,20.9,40.0,0.132,68,14,53,23,115.0,0.0,3.0,0.0,0.667,97,0.077,128,110.5,102.45,0.095,104.84,20.9,82,128,49,101,85.37,36,0.727,49,36,102.45,97,14,21,28,135.2,82,0.036,36.8,15,0.0,32,102,0.088,0.0,0.0,0.0,1.0,0.0,0.0,0.0,12.0,11.0,0.0,0.0,0.0,0.0,0.0,0.0,0.0,0.0,0.0,0.0,0.0,0.0,0.0,0.0,0.0,0.0,0.0,16.0,0.0,0.0,0.0,0.0,11.0,1.63,0.313,1.06,0.0,5.0,0.4,1.0,0.5,0.0,3.0,2.0,0.667,0.333,11.3,0.0,1.0,0.0,16.6,1.0,0.333,3.0,0.0,0.5,0.667,13.1,2.0,0.0,0.333,0.0,6.0,1.0,,,,,,,,,,,,,,,0.5,0.667,2.0,1.0,0.0,1.0,2.0,0.0,0.667,,0.0,0.5,0.5,,,,,,,,,,,,,,0.333,1.0,0.0,1.0,1.0,,1.0,1.0,0.0,0.0,0.333,1.0,1.0,,,,,0.0,0.0,0.0,,0.0,0.0,0.0,0.0,0.0,0.0,0.667,0.0,0.0,0.0,0.0,0.0,0.0,0.0,0.0,0.0,0.0,0.0,0.0,0.0,0.0,0.0,0.0,2.0,0.0,0.0,0.0,3.0,0.0,0.0,0.0,0.667,0.0,0.309,F-G,0.765,13.0,0.121,17.0,0.643,0.0,0.0,0.0,3.0,0.0,,0.0,0.0,0.667,0.0,0.0,0.0,0.0,0.0,0.0,0.0,0.0,0.0,0.0,2.0,0.0,0.0,0.0,0.0,,,0.0,CLE,0.0,,,,0.0,,2024,22300242,,1.0,1.0,5.0,0.2,0.475,-0.275,0.6,1.0,3.0,0.333,0.393,-0.06,0.4,0.0,2.0,0.0,0.543,-0.543,0.2,0.0,1.0,0.0,0.688,-0.688,0.4,0.0,2.0,0.0,0.612,-0.612,0.6,1.0,3.0,0.333,0.395,-0.062,3.0,1.0,2.0,0.0,0.0,0.0,0.0,2.0,0.0,2.0,1.0,0.0,0.0,0.0,0.0,0.0,0.0,0.0,0.0,0.0,0.0,16.0,0.0,0.0,0.0,0.0,0.0,0.0,0.0,0.0,0.0,0.0,0.0,0.0,0.0,0.0,0.0,0.0,0.0,18.5,7638.0,1.45,0.68,0.76,4.14,4.72,4.21,,,CLE,LAL,20231125,2023-24,False,CLE,LAL,,,,,,,,,,,,,,,,,,,,,,,,,,,,,,,,,,,,,,,,,,,,,,,,,,,,,,,,,,,,,,,,,,,,,,,,,,,,,,,,,,,,,,,,,,,,,,,,,,,,,,,,,,,,,,
1630171,Isaac Okoro,Isaac,1610612739,CLE,23.0,1,1,0,1.0,27.631666666666668,2,3,0.667,0,1,0.0,1,3,0.333,0,3,3,3,0,1,1,0,1,3,5,17,19.1,0,0,15.0,1,1,1,1,61,95,117,25,87,100,87,59,31,78,64,60,72,45,93,21,14,1,32,17,106,3,73,13,2,86,,21,126.7,126.7,29.5,95.2,92,60,0.059,83,14,19,81,2.0,31.5,0.0,0.066,19,39,104,14,95.2,0.0,3.0,0.115,0.667,12,0.0,1,96.8,105.97,0.094,105.2,31.5,97,1,48,143,88.3,58,0.579,48,64,105.97,142,39,16,74,126.3,95,0.072,0.0,36,42.9,50,117,0.052,0.0,3.0,0.0,4.0,0.231,0.231,7.0,13.0,13.0,0.0,4.0,0.0,1.0,0.0,0.333,6.0,0.0,0.0,0.0,0.667,2.0,1.0,0.333,0.0,2.0,1.0,19.0,0.0,0.0,0.0,0.0,11.0,2.48,0.263,1.84,0.0,5.0,0.8,0.0,0.5,0.0,1.0,2.0,0.6,0.0,5.1,0.0,1.0,1.0,0.0,0.0,0.333,5.0,0.0,0.5,0.6,5.1,2.0,0.0,0.0,0.333,6.0,0.0,,,,,,,,,,,,,,,1.0,0.667,2.0,2.0,0.0,2.0,2.0,0.0,0.667,,0.0,1.0,1.0,,,,,,,,,,,,,,0.333,0.0,0.333,0.0,0.0,0.0,0.0,,0.0,1.0,0.0,0.0,1.0,,,,0.0,0.0,0.0,0.0,0.0,0.0,0.0,0.0,0.0,0.0,0.0,0.667,0.0,0.0,0.0,0.0,1.0,1.0,0.0,1.0,0.0,0.0,0.0,0.0,0.0,0.0,1.0,0.0,1.0,0.0,0.0,0.0,1.0,1.0,0.0,0.0,1.0,0.0,0.293,F-G,0.629,61.0,-0.004,97.0,0.633,0.0,0.0,0.0,2.0,0.0,0.0,0.0,0.0,1.0,0.0,0.0,0.0,1.0,0.0,0.0,0.0,0.0,0.0,0.0,2.0,0.0,0.0,0.0,0.0,0.0,0.0,0.0,CLE,0.0,0.0,1.0,0.0,1.0,0.0,2024,22300728,,1.0,5.0,6.0,0.833,0.524,0.31,0.333,1.0,2.0,0.5,0.399,0.102,0.667,4.0,4.0,1.0,0.584,0.416,0.333,2.0,2.0,1.0,0.695,0.305,0.333,2.0,2.0,1.0,0.656,0.345,0.333,1.0,2.0,0.5,0.399,0.101,2.0,2.0,0.0,1.0,0.0,0.0,0.0,0.0,0.0,0.0,0.0,0.0,0.0,0.0,0.0,0.0,0.0,0.0,0.0,0.0,0.0,19.0,0.0,0.0,0.0,0.0,0.0,0.0,0.0,0.0,0.0,0.0,0.0,0.0,0.0,0.0,0.0,0.0,0.0,27.63,10978.0,2.08,1.07,1.01,4.18,4.03,4.37,,,WAS,CLE,20240207,2023-24,False,CLE,WAS,,,,,,,,,,,,,,,,,,,,,,,,,,,,,,,,,,,,,,,,,,,,,,,,,,,,,,,,,,,,,,,,,,,,,,,,,,,,,,,,,,,,,,,,,,,,,,,,,,,,,,,,,,,,,,
1630171,Isaac Okoro,Isaac,1610612739,CLE,23.0,1,1,0,1.0,33.025,4,7,0.571,1,3,0.333,0,0,0.0,0,6,6,4,0,4,0,1,3,2,9,15,34.2,0,0,28.0,1,1,1,1,62,102,127,58,85,106,89,144,147,144,136,34,54,47,158,3,83,143,153,80,128,15,59,27,4,83,,28,112.9,112.9,21.1,92.8,67,70,0.092,94,36,22,133,4.0,20.1,0.0,0.095,22,121,108,36,92.8,0.0,7.0,0.138,0.643,18,0.0,1,93.6,101.01,0.167,99.71,20.1,78,1,132,205,84.18,162,0.643,132,136,101.01,205,121,34,79,114.8,102,0.129,0.0,103,36.4,70,127,0.086,0.0,4.0,0.0,5.0,0.154,0.154,10.0,19.0,26.0,0.0,1.0,0.0,0.667,0.0,1.0,4.0,0.0,0.0,0.0,0.25,4.0,3.0,0.0,0.0,0.0,2.0,35.0,0.0,0.0,0.0,0.0,13.0,2.09,0.257,1.86,0.0,9.0,1.2,0.0,0.75,0.0,2.0,3.0,1.0,0.0,6.5,0.0,3.0,3.0,0.0,0.0,0.5,6.0,0.0,0.75,1.0,6.5,3.0,0.0,0.0,0.5,8.0,0.0,1.0,0.143,1.0,1.0,1.0,0.0,1.0,1.0,0.0,,1.0,0.143,1.0,0.0,0.667,0.429,3.0,2.0,0.0,2.0,3.0,0.0,0.429,,0.0,0.667,0.667,,,,,,,,,,,,,,0.429,0.5,0.429,0.0,0.0,0.333,0.333,,1.0,3.0,0.0,1.0,3.0,,,,0.0,0.0,0.0,0.0,0.0,0.0,0.0,0.0,0.0,3.0,0.0,0.643,0.0,0.333,0.0,1.0,2.0,1.0,0.0,1.0,1.0,0.0,0.0,0.0,0.0,0.0,0.0,0.0,2.0,0.0,0.0,0.0,2.0,0.5,2.0,0.5,1.0,0.0,0.329,F-G,0.679,19.0,0.049,28.0,0.629,0.0,0.0,1.0,2.0,0.0,,0.5,2.0,1.0,0.5,2.0,0.0,1.0,0.0,0.0,0.0,0.0,0.0,0.0,2.0,0.0,0.0,0.0,1.0,,,0.0,CLE,1.0,0.5,2.0,1.0,2.0,0.75,2024,22300283,,1.0,10.0,19.0,0.526,0.466,0.06,0.211,2.0,4.0,0.5,0.377,0.123,0.789,8.0,15.0,0.533,0.521,0.012,0.526,5.0,10.0,0.5,0.613,-0.113,0.579,6.0,11.0,0.545,0.562,-0.017,0.316,3.0,6.0,0.5,0.392,0.108,8.0,7.0,1.0,3.0,1.0,0.0,0.0,0.0,1.0,1.0,0.0,1.0,0.0,0.0,0.0,0.0,0.0,0.0,0.0,0.0,0.0,35.0,0.0,0.0,0.0,0.0,0.0,0.0,0.0,0.0,0.0,0.0,0.0,0.0,0.0,0.0,0.0,0.0,0.0,33.03,12634.0,2.39,1.19,1.21,4.16,4.07,4.27,,,DET,CLE,20231202,2023-24,False,CLE,DET,,,,,,,,,,,,,,,,,,,,,,,,,,,,,,,,,,,,,,,,,,,,,,,,,,,,,,,,,,,,,,,,,,,,,,,,,,,,,,,,,,,,,,,,,,,,,,,,,,,,,,,,,,,,,,
1630171,Isaac Okoro,Isaac,1610612739,CLE,23.0,1,1,0,1.0,31.64666666666667,6,10,0.6,2,4,0.5,4,5,0.8,3,3,6,4,2,2,1,1,5,6,18,5,38.2,0,0,36.0,1,1,1,1,58,45,84,54,42,82,39,29,32,75,20,98,58,49,49,16,28,185,261,9,42,78,31,26,2,32,,114,119.4,119.4,13.3,103.0,99,62,0.206,99,67,110,43,6.0,16.4,11.1,0.207,110,60,107,67,103.0,2.0,10.0,0.182,0.7,78,0.094,166,103.2,97.83,0.094,98.86,16.4,163,165,216,98,81.53,200,0.738,216,48,97.83,104,60,72,54,116.5,45,0.123,11.0,77,22.2,61,84,0.094,0.0,4.0,0.0,6.0,0.222,0.222,10.0,21.0,18.0,0.0,0.0,0.0,0.0,0.0,0.0,2.0,0.0,0.0,0.0,0.0,0.0,2.0,0.0,0.0,0.0,0.0,31.0,1.0,0.0,2.0,1.0,24.0,1.3,0.581,0.71,0.0,18.0,0.7,4.0,0.667,1.0,5.0,2.0,0.75,0.6,6.9,0.0,2.0,0.0,7.8,0.667,0.333,4.0,1.0,0.75,1.0,7.4,3.0,1.0,0.6,0.0,9.0,2.0,2.0,0.2,1.0,1.0,2.0,0.0,1.0,2.0,0.0,,2.0,0.2,1.0,0.0,0.5,0.1,1.0,1.0,0.0,1.0,2.0,0.1,0.2,0.0,1.0,1.0,0.5,0.5,2.0,0.0,1.0,0.5,0.0,2.0,0.2,0.0,,0.5,1.0,0.2,0.4,0.75,0.3,1.0,0.0,0.667,0.5,0.0,2.0,3.0,0.1,2.0,4.0,,,,0.0,0.0,0.0,0.0,0.0,0.0,1.0,1.0,2.0,6.0,4.0,0.7,0.0,0.5,0.667,0.0,3.0,1.0,0.0,4.0,1.0,0.0,0.0,0.0,0.5,0.0,3.0,0.0,3.0,2.0,0.0,2.0,3.0,0.333,0.0,0.0,1.0,0.0,0.333,F-G,1.0,3.0,0.373,3.0,0.627,0.0,2.0,1.0,3.0,0.0,,0.5,0.0,1.0,0.0,2.0,0.0,4.0,0.0,0.0,0.0,0.0,0.5,0.0,3.0,0.0,0.0,1.0,0.0,,,0.0,CLE,2.0,0.5,4.0,2.0,4.0,0.75,2024,22300067,,1.0,6.0,9.0,0.667,0.462,0.205,0.111,0.0,1.0,0.0,0.366,-0.366,0.889,6.0,8.0,0.75,0.504,0.246,0.333,3.0,3.0,1.0,0.627,0.373,0.333,3.0,3.0,1.0,0.58,0.42,0.444,2.0,4.0,0.5,0.374,0.126,7.0,6.0,1.0,3.0,0.0,1.0,2.0,0.0,1.0,1.0,0.0,1.0,0.0,1.0,1.0,1.0,0.0,0.0,1.0,1.0,0.0,31.0,0.0,0.0,0.0,0.0,0.0,0.0,0.0,0.0,0.0,0.0,0.0,0.0,0.0,0.0,0.0,0.0,0.0,31.65,12882.0,2.44,1.13,1.31,4.25,4.13,4.36,,,BKN,CLE,20231025,2023-24,False,CLE,BKN,,,,,,,,,,,,,,,,,,,,,,,,,,,,,,,,,,,,,,,,,,,,,,,,,,,,,,,,,,,,,,,,,,,,,,,,,,,,,,,,,,,,,,,,,,,,,,,,,,,,,,,,,,,,,,
1630171,Isaac Okoro,Isaac,1610612739,CLE,23.0,1,1,0,1.0,19.505,4,4,1.0,1,1,1.0,0,0,0.0,0,2,2,3,0,1,0,0,2,0,9,12,18.9,0,0,17.0,1,1,1,1,163,100,179,1,99,165,1,138,147,138,130,129,162,71,152,47,80,1,121,179,126,38,136,20,2,144,,108,147.5,147.5,33.2,117.5,91,40,0.087,101,42,145,137,4.0,30.0,0.0,0.09,145,19,185,42,117.5,0.0,4.0,0.176,1.125,12,0.0,1,108.5,98.44,0.077,104.54,30.0,175,1,171,231,82.03,93,1.125,171,130,98.44,232,19,38,6,141.7,100,0.121,0.0,31,42.9,5,179,0.048,1.0,5.0,1.0,3.0,0.15,0.25,9.0,16.0,20.0,0.0,0.0,0.0,1.0,0.0,2.0,1.0,0.0,0.0,0.0,0.0,2.0,1.0,0.0,0.0,0.0,1.0,25.0,0.0,0.0,0.0,0.0,11.0,2.54,0.36,2.12,0.0,9.0,1.1,1.0,0.5,0.0,0.0,2.0,0.5,0.0,7.0,0.0,0.0,0.0,0.0,0.0,0.0,4.0,0.0,0.5,0.5,7.0,2.0,0.0,0.0,0.0,4.0,0.0,,,,,,,,,,,,,,,1.0,0.25,1.0,1.0,0.0,1.0,1.0,0.0,0.25,,0.0,1.0,1.0,1.0,2.0,0.0,2.0,1.0,0.0,2.0,0.5,0.0,,1.0,2.0,0.5,0.25,1.5,0.25,0.0,0.0,1.0,1.0,,1.0,1.0,0.0,1.0,1.0,,,,0.0,0.0,0.0,0.0,0.0,0.0,0.0,0.0,0.0,3.0,0.0,1.125,0.0,1.0,0.0,0.0,0.0,0.0,0.0,1.0,1.0,0.0,0.0,1.0,1.0,0.0,0.0,0.0,3.0,0.0,0.0,1.0,3.0,0.0,0.0,0.0,1.0,1.0,0.306,F-G,0.633,38.0,-0.006,60.0,0.639,0.0,1.0,0.0,3.0,0.0,,0.0,0.0,1.0,0.0,0.0,0.0,1.0,0.0,0.0,0.0,0.0,1.0,0.0,3.0,0.0,0.0,0.0,0.0,,,0.0,CLE,1.0,1.0,1.0,1.0,1.0,1.5,2024,22300465,,1.0,2.0,4.0,0.5,0.56,-0.06,0.25,0.0,1.0,0.0,0.326,-0.326,0.75,2.0,3.0,0.667,0.635,0.032,0.75,2.0,3.0,0.667,0.702,-0.036,0.75,2.0,3.0,0.667,0.665,0.001,0.25,0.0,1.0,0.0,0.341,-0.341,1.0,1.0,0.0,1.0,0.0,2.0,6.0,0.0,1.0,1.0,0.0,1.0,0.0,1.0,1.0,1.0,0.0,0.0,1.0,1.0,0.0,25.0,0.0,0.0,0.0,0.0,0.0,0.0,0.0,0.0,0.0,0.0,0.0,0.0,0.0,0.0,0.0,0.0,0.0,19.5,8159.0,1.55,0.75,0.79,4.34,5.16,4.2,,,CLE,WAS,20240103,2023-24,False,CLE,WAS,,,,,,,,,,,,,,,,,,,,,,,,,,,,,,,,,,,,,,,,,,,,,,,,,,,,,,,,,,,,,,,,,,,,,,,,,,,,,,,,,,,,,,,,,,,,,,,,,,,,,,,,,,,,,,
1630171,Isaac Okoro,Isaac,1610612739,CLE,23.0,1,1,0,1.0,24.9,3,8,0.375,1,5,0.2,0,0,0.0,0,1,1,2,0,0,0,1,1,0,7,9,11.2,0,0,11.0,1,1,1,1,62,59,59,74,43,33,59,72,77,72,62,90,95,56,71,52,35,82,22,91,71,23,92,17,2,86,,8,116.4,116.4,21.4,98.2,96,55,0.131,68,23,13,61,3.0,18.1,0.0,0.134,13,53,104,23,98.2,0.0,8.0,0.1,0.438,42,0.0,1,95.3,106.99,0.029,108.49,18.1,101,1,29,86,89.16,19,0.438,29,62,106.99,84,53,18,81,116.7,59,0.038,0.0,49,20.0,73,59,0.016,0.0,1.0,0.0,2.0,0.095,0.048,3.0,19.0,21.0,0.0,1.0,0.0,0.0,0.0,0.0,2.0,0.0,0.0,0.0,0.5,0.0,1.0,0.0,0.0,0.0,0.0,29.0,0.0,0.0,2.0,1.0,15.0,1.44,0.241,0.86,0.0,7.0,0.7,0.0,0.2,1.0,1.0,1.0,0.25,0.0,1.4,0.0,0.0,0.0,0.0,0.0,0.0,4.0,1.0,0.25,0.333,1.4,1.0,0.0,0.0,0.0,5.0,0.0,2.0,0.25,1.0,1.0,2.0,0.0,1.0,2.0,0.0,,2.0,0.25,1.0,0.0,0.0,0.125,1.0,0.0,0.0,0.0,1.0,0.0,0.125,,0.0,0.0,0.0,,,,,,,,,,,,,,0.625,0.3,0.625,0.0,0.0,0.2,0.2,,1.0,5.0,0.0,1.0,5.0,,,,0.0,0.0,0.0,0.0,0.0,0.0,0.0,1.0,2.0,3.0,0.0,0.438,0.0,0.2,0.0,1.0,1.0,0.0,0.0,2.0,1.0,0.0,0.0,0.0,0.0,0.0,1.0,0.0,2.0,0.0,0.0,0.0,2.0,0.0,3.0,0.333,1.0,0.0,0.292,F-G,0.62,57.0,-0.011,92.0,0.631,0.0,0.0,0.0,2.0,0.0,,0.0,3.0,1.0,0.333,1.0,0.0,2.0,0.0,0.0,0.0,0.0,0.0,0.0,2.0,0.0,0.0,0.0,1.0,,,0.0,CLE,1.0,0.2,5.0,1.0,5.0,0.3,2024,22300703,,1.0,3.0,7.0,0.429,0.461,-0.032,0.286,0.0,2.0,0.0,0.323,-0.323,0.714,3.0,5.0,0.6,0.528,0.072,0.571,3.0,4.0,0.75,0.633,0.117,0.571,3.0,4.0,0.75,0.571,0.18,0.286,0.0,2.0,0.0,0.319,-0.319,0.0,0.0,0.0,4.0,0.0,1.0,3.0,0.0,0.0,0.0,0.0,0.0,0.0,2.0,2.0,1.0,0.0,0.0,1.0,0.5,0.0,29.0,0.0,0.0,0.0,0.0,0.0,0.0,0.0,0.0,0.0,0.0,0.0,0.0,0.0,0.0,0.0,0.0,0.0,24.9,10511.0,1.99,0.99,1.0,4.41,4.37,4.45,,,SAS,CLE,20240203,2023-24,False,CLE,SAS,,,,,,,,,,,,,,,,,,,,,,,,,,,,,,,,,,,,,,,,,,,,,,,,,,,,,,,,,,,,,,,,,,,,,,,,,,,,,,,,,,,,,,,,,,,,,,,,,,,,,,,,,,,,,,
1630171,Isaac Okoro,Isaac,1610612739,CLE,23.0,1,0,1,0.0,24.65,4,11,0.364,2,5,0.4,1,2,0.5,3,4,7,0,1,0,0,0,2,2,11,-9,18.4,0,0,20.0,1,37,37,37,28,24,17,49,11,13,17,23,20,23,3,19,10,55,26,33,21,1,39,21,23,58,36,3,1,29,,40,100.0,100.0,-11.6,116.0,49,49,0.217,55,52,47,41,4.0,-16.0,7.7,0.216,47,49,19,52,116.0,0.0,11.0,0.0,0.455,55,0.094,31,110.5,96.39,0.16,99.31,-16.0,22,29,53,23,80.32,46,0.463,53,12,96.39,27,49,45,48,98.9,24,0.07,7.8,50,0.0,47,17,0.123,0.0,0.0,0.0,2.0,0.0,0.0,0.0,18.0,12.0,0.0,1.0,0.0,0.5,0.0,0.667,3.0,0.0,0.0,0.0,0.333,2.0,2.0,0.0,0.0,0.0,1.0,26.0,0.0,0.0,0.0,1.0,19.0,2.61,0.423,2.12,0.0,11.0,1.1,2.0,0.636,1.0,4.0,4.0,0.571,0.75,9.3,0.0,0.0,0.0,8.6,0.0,0.0,7.0,1.0,0.7,0.667,9.0,6.0,2.0,0.75,0.0,11.0,0.0,1.0,0.273,0.333,0.333,3.0,0.0,1.0,1.0,0.0,,3.0,0.273,0.333,0.0,0.5,0.182,2.0,1.0,0.0,1.0,2.0,0.0,0.182,,0.0,0.5,0.5,0.0,3.0,2.0,0.0,0.5,1.0,1.0,0.273,0.182,0.5,0.333,1.0,0.091,0.273,0.5,0.273,0.0,0.0,0.333,0.333,,1.0,3.0,0.0,1.0,3.0,0.0,0.0,0.0,0.0,1.0,0.0,0.0,1.0,0.0,0.0,0.0,0.0,6.0,0.0,0.455,0.0,0.5,0.0,0.0,0.0,0.0,0.0,4.0,3.0,0.0,0.0,0.667,0.5,0.0,1.0,0.0,2.0,0.0,0.0,2.0,6.0,0.0,1.0,0.0,0.333,2.0,0.4,F-G,0.786,11.0,0.146,14.0,0.639,,2.0,0.0,6.0,0.0,,0.0,1.0,0.333,0.0,0.0,0.0,4.0,0.0,0.0,0.0,0.0,0.5,0.0,2.0,,,0.0,0.0,,,0.0,CLE,2.0,0.5,4.0,2.0,4.0,0.75,2024,22300112,,1.0,4.0,9.0,0.444,0.475,-0.031,0.111,0.0,1.0,0.0,0.389,-0.389,0.889,4.0,8.0,0.5,0.516,-0.016,0.222,1.0,2.0,0.5,0.601,-0.101,0.556,1.0,5.0,0.2,0.542,-0.342,0.333,2.0,3.0,0.667,0.398,0.269,7.0,6.0,1.0,0.0,0.0,0.0,0.0,0.0,0.0,0.0,0.0,0.0,0.0,0.0,0.0,0.0,0.0,0.0,0.0,0.0,0.0,26.0,0.0,0.0,0.0,0.0,0.0,0.0,0.0,0.0,0.0,0.0,0.0,0.0,0.0,0.0,0.0,0.0,0.0,24.65,9238.0,1.75,0.8,0.95,3.94,4.07,3.82,,,CLE,NYK,20231031,2023-24,False,CLE,NYK,,,,,,,,,,,,,,,,,,,,,,,,,,,,,,,,,,,,,,,,,,,,,,,,,,,,,,,,,,,,,,,,,,,,,,,,,,,,,,,,,,,,,,,,,,,,,,,,,,,,,,,,,,,,,,
1630171,Isaac Okoro,Isaac,1610612739,CLE,23.0,1,1,0,1.0,25.40333333333333,4,8,0.5,2,5,0.4,0,0,0.0,0,0,0,1,2,4,0,0,0,2,10,12,21.5,0,0,21.0,1,1,1,1,32,23,24,11,9,15,14,28,29,28,27,46,48,31,10,1,21,1,1,18,22,1,26,8,2,26,,7,107.3,107.3,29.8,88.7,18,55,0.164,38,2,9,26,4.0,18.6,18.2,0.174,9,21,48,2,88.7,0.5,8.0,0.053,0.625,36,0.0,45,85.0,102.03,0.0,100.79,18.6,46,45,3,24,85.03,3,0.625,3,27,102.03,23,21,2,12,114.8,23,0.112,18.2,4,9.1,11,24,0.0,0.0,1.0,0.0,1.0,0.077,0.077,3.0,17.0,13.0,0.0,0.0,0.0,0.0,0.0,0.0,1.0,0.0,0.0,0.0,0.0,0.0,0.0,0.0,0.0,0.0,0.0,26.0,0.0,0.0,0.0,0.0,14.0,2.01,0.385,1.04,0.0,10.0,0.9,1.0,,,,,,,,,,,,,,,,,,,,,,,,,,,,,,,,,,,,,,,1.0,0.125,1.0,1.0,0.0,1.0,1.0,0.0,0.125,,0.0,1.0,1.0,0.5,3.0,1.0,1.0,0.333,0.0,2.0,0.375,0.125,0.0,0.333,1.0,0.25,0.5,0.75,0.5,0.0,0.0,0.5,0.5,,2.0,4.0,0.0,2.0,4.0,1.5,1.0,1.0,1.0,1.0,1.0,3.0,1.0,0.0,0.0,0.0,0.0,3.0,0.0,0.625,0.0,0.25,0.0,1.0,0.0,0.0,0.0,4.0,2.0,0.0,0.0,0.5,0.25,0.0,2.0,0.0,2.0,0.0,0.0,1.0,3.0,0.0,1.0,1.0,0.667,1.0,0.368,F-G,0.429,3.0,-0.223,7.0,0.652,0.0,1.0,0.0,3.0,0.0,,0.0,1.0,0.667,1.0,0.0,0.0,4.0,0.0,0.0,0.0,0.0,0.25,0.0,2.0,0.0,0.0,0.0,1.0,,,0.0,CLE,1.0,0.25,4.0,1.0,4.0,0.375,2024,42300132,,1.0,3.0,9.0,0.333,0.484,-0.151,0.444,0.0,4.0,0.0,0.35,-0.35,0.556,3.0,5.0,0.6,0.553,0.047,0.333,2.0,3.0,0.667,0.65,0.017,0.444,3.0,4.0,0.75,0.598,0.153,0.444,0.0,4.0,0.0,0.35,-0.35,3.0,2.0,1.0,4.0,0.0,4.0,10.0,0.0,0.0,0.0,0.0,0.0,0.0,2.0,2.0,2.0,0.0,0.0,1.0,1.0,0.0,26.0,0.0,0.0,0.0,0.0,0.0,0.0,0.0,0.0,0.0,0.0,0.0,0.0,0.0,0.0,0.0,0.0,0.0,25.4,9983.0,1.89,0.89,1.0,4.16,4.17,4.15,1610612753.0,CLE_ORL_2024,CLE,ORL,20240422,2023-24,True,CLE,ORL,,,,,,,,,,,,,,,,,,,,,,,,,,,,,,,,,,,,,,,,,,,,,,,,,,,,,,,,,,,,,,,,,,,,,,,,,,,,,,,,,,,,,,,,,,,,,,,,,,,,,,,,,,,,,,
1630171,Isaac Okoro,Isaac,1610612739,CLE,23.0,1,0,1,0.0,29.05,3,6,0.5,3,4,0.75,2,2,1.0,0,3,3,6,0,0,0,1,0,1,11,12,23.6,0,0,23.0,1,193,193,193,86,172,191,112,24,94,25,63,79,1,178,118,160,28,227,169,106,244,1,133,130,70,141,23,4,136,,213,135.0,135.0,17.8,116.9,151,60,0.104,82,111,211,184,3.0,18.1,0.0,0.103,211,43,228,111,116.9,0.0,6.0,0.214,0.75,22,0.0,1,118.3,98.31,0.103,97.35,18.1,186,1,249,287,81.93,274,0.799,249,178,98.31,289,43,104,52,136.1,172,0.101,0.0,43,46.2,57,191,0.053,0.0,6.0,0.0,10.0,0.154,0.154,16.0,37.0,39.0,2.0,0.0,0.0,0.0,0.333,0.667,3.0,2.0,1.0,0.0,0.0,2.0,2.0,0.0,1.0,0.0,0.0,46.0,0.0,0.0,0.0,0.0,20.0,4.29,0.239,3.91,0.0,11.0,3.3,0.0,0.6,1.0,1.0,3.0,0.75,0.0,5.9,0.0,0.0,0.0,0.0,0.0,0.0,4.0,1.0,0.75,1.0,5.9,3.0,0.0,0.0,0.0,5.0,0.0,,,,,,,,,,,,,,,0.0,0.167,1.0,0.0,0.0,0.0,1.0,0.0,0.167,,0.0,0.0,0.0,0.0,1.0,0.0,0.0,0.0,0.0,1.0,0.167,0.0,,0.0,0.0,0.167,0.667,1.125,0.667,0.0,0.0,0.75,0.75,,3.0,4.0,0.0,3.0,4.0,0.75,0.5,0.5,1.0,2.0,1.0,3.0,2.0,0.0,0.0,0.0,0.0,6.0,0.0,0.75,0.0,1.0,1.0,2.0,1.0,0.0,0.0,1.0,0.0,0.0,0.0,0.0,1.0,0.0,1.0,0.0,0.0,1.0,0.0,1.0,1.0,0.0,3.0,0.667,0.0,0.0,0.28,F-G,0.655,112.0,0.023,171.0,0.632,0.0,1.0,0.0,2.0,0.0,,0.0,3.0,0.0,0.667,0.0,0.0,1.0,0.0,0.0,0.0,0.0,1.0,0.0,0.0,0.0,0.0,0.0,2.0,,,0.0,CLE,2.0,1.0,2.0,2.0,2.0,1.5,2024,22301187,,1.0,4.0,6.0,0.667,0.422,0.245,0.5,2.0,3.0,0.667,0.364,0.303,0.5,2.0,3.0,0.667,0.477,0.19,0.333,2.0,2.0,1.0,0.605,0.396,0.333,2.0,2.0,1.0,0.553,0.447,0.667,2.0,4.0,0.5,0.313,0.187,2.0,1.0,1.0,2.0,0.0,0.0,0.0,0.0,0.0,0.0,0.0,0.0,0.0,0.0,0.0,0.0,0.0,0.0,0.0,0.0,0.0,46.0,0.0,0.0,0.0,0.0,0.0,0.0,0.0,0.0,0.0,0.0,0.0,0.0,0.0,0.0,0.0,0.0,0.0,29.05,11005.0,2.08,1.06,1.02,4.11,4.55,3.72,,,CLE,CHA,20240414,2023-24,False,CLE,CHA,,,,,,,,,,,,,,,,,,,,,,,,,,,,,,,,,,,,,,,,,,,,,,,,,,,,,,,,,,,,,,,,,,,,,,,,,,,,,,,,,,,,,,,,,,,,,,,,,,,,,,,,,,,,,,
1630171,Isaac Okoro,Isaac,1610612739,CLE,23.0,1,0,1,0.0,33.458333333333336,4,12,0.333,2,7,0.286,0,0,0.0,0,2,2,1,1,0,1,1,3,0,10,-13,15.9,0,0,17.0,1,99,99,99,37,67,47,133,31,21,81,96,98,96,108,97,123,110,66,95,22,121,139,118,85,165,118,15,1,104,,108,97.2,97.2,-16.5,115.5,160,71,0.167,140,147,115,55,4.0,-18.3,7.1,0.169,115,145,164,147,115.5,1.0,12.0,0.043,0.417,134,0.0,99,113.8,101.86,0.053,102.6,-18.3,148,99,74,104,84.88,56,0.417,74,108,101.86,104,145,141,145,97.2,67,0.01,7.1,151,7.1,133,47,0.027,0.0,1.0,0.0,3.0,0.045,0.045,2.0,27.0,22.0,0.0,2.0,1.0,0.333,0.0,0.333,6.0,0.0,0.0,0.167,0.333,2.0,3.0,0.167,0.0,1.0,1.0,36.0,0.0,0.0,0.0,0.0,26.0,2.01,0.278,1.06,0.0,10.0,1.2,0.0,0.222,0.0,3.0,2.0,0.333,0.0,21.8,0.0,0.0,0.0,0.0,0.0,0.0,6.0,0.0,0.222,0.333,21.8,2.0,0.0,0.0,0.0,9.0,0.0,,,,,,,,,,,,,,,0.5,0.167,2.0,1.0,0.0,1.0,2.0,0.0,0.167,,0.0,0.5,0.5,0.333,5.0,2.0,1.0,0.5,1.0,3.0,0.417,0.167,0.5,0.4,2.0,0.25,0.417,0.3,0.417,0.0,0.0,0.2,0.2,,1.0,5.0,0.0,1.0,5.0,,,,0.0,0.0,0.0,0.0,0.0,0.0,0.0,0.0,0.0,6.0,0.0,0.417,0.0,0.286,0.25,1.0,0.0,0.0,0.0,4.0,0.0,0.0,0.0,0.0,0.25,0.0,4.0,0.0,2.0,1.0,0.0,1.0,5.0,0.0,3.0,0.333,0.4,0.0,0.289,F-G,0.671,98.0,0.04,146.0,0.631,0.0,2.0,0.0,5.0,0.0,,0.0,2.0,0.4,0.0,0.0,0.0,5.0,0.0,0.0,0.0,0.0,0.4,0.0,2.0,0.0,0.0,0.0,0.0,,,0.0,CLE,2.0,0.286,7.0,2.0,7.0,0.429,2024,22300967,,1.0,5.0,9.0,0.556,0.436,0.12,0.222,1.0,2.0,0.5,0.346,0.154,0.778,4.0,7.0,0.571,0.512,0.059,0.556,4.0,5.0,0.8,0.592,0.208,0.667,4.0,6.0,0.667,0.559,0.107,0.333,1.0,3.0,0.333,0.355,-0.021,5.0,3.0,2.0,0.0,0.0,0.0,0.0,0.0,1.0,1.0,0.0,1.0,0.0,0.0,0.0,0.0,0.0,0.0,0.0,0.0,0.0,36.0,0.0,0.0,0.0,0.0,0.0,0.0,0.0,0.0,0.0,0.0,0.0,0.0,0.0,0.0,0.0,0.0,0.0,33.47,12932.0,2.45,1.26,1.19,4.1,4.26,4.28,,,HOU,CLE,20240316,2023-24,False,CLE,HOU,,,,,,,,,,,,,,,,,,,,,,,,,,,,,,,,,,,,,,,,,,,,,,,,,,,,,,,,,,,,,,,,,,,,,,,,,,,,,,,,,,,,,,,,,,,,,,,,,,,,,,,,,,,,,,
1630171,Isaac Okoro,Isaac,1610612739,CLE,23.0,1,0,1,0.0,34.416666666666664,7,13,0.538,3,8,0.375,0,1,0.0,2,3,5,4,1,2,1,0,1,1,17,-4,37.0,0,0,35.0,1,88,88,88,25,25,34,45,16,14,42,71,70,71,21,60,43,30,52,12,19,1,48,63,34,98,29,11,3,27,,114,109.4,109.4,-9.4,117.5,53,64,0.187,47,98,116,9,7.0,-8.1,5.6,0.196,116,61,87,98,117.5,4.0,13.0,0.19,0.654,60,0.057,74,117.9,88.56,0.097,88.76,-8.1,103,74,158,76,73.8,154,0.632,158,54,88.56,70,61,103,52,108.5,25,0.121,5.4,67,22.2,41,34,0.076,0.0,5.0,1.0,9.0,0.121,0.152,9.0,37.0,33.0,0.0,6.0,0.0,0.0,0.0,0.0,6.0,0.0,0.0,0.0,1.0,0.0,0.0,0.5,0.0,3.0,0.0,47.0,1.2,1.0,0.0,0.0,33.0,1.92,0.362,1.64,2.0,17.0,1.5,5.0,1.0,0.0,2.0,3.0,1.0,1.0,7.7,0.0,2.0,0.0,6.4,1.0,0.4,3.0,0.0,1.0,1.0,7.1,3.0,0.0,1.0,0.0,5.0,2.0,1.0,0.077,1.0,1.0,1.0,0.0,1.0,1.0,0.0,,1.0,0.077,1.0,0.0,0.5,0.154,2.0,1.0,0.0,1.0,2.0,0.0,0.154,,0.0,0.5,0.5,1.0,2.0,0.0,2.0,1.0,0.0,2.0,0.154,0.0,,1.0,2.0,0.154,0.615,0.563,0.615,0.0,0.0,0.375,0.375,,3.0,8.0,0.0,3.0,8.0,,,,0.0,0.0,0.0,0.0,0.0,2.0,1.0,0.0,0.0,9.0,6.0,0.654,1.0,0.375,0.5,2.0,0.0,0.0,0.0,3.0,1.0,0.0,0.0,0.0,0.333,0.0,2.0,0.0,4.0,1.0,0.0,1.0,5.0,0.0,5.0,0.4,0.8,0.0,0.283,F-G,0.681,81.0,0.05,119.0,0.631,0.0,1.0,0.0,5.0,0.0,,0.0,4.0,0.8,0.5,0.0,0.0,4.0,0.0,0.0,0.0,0.0,0.25,0.0,4.0,0.0,0.0,0.0,2.0,,,0.0,CLE,3.0,0.375,8.0,3.0,8.0,0.563,2024,22300876,,1.0,6.0,13.0,0.462,0.463,-0.002,0.692,3.0,9.0,0.333,0.394,-0.06,0.308,3.0,4.0,0.75,0.555,0.195,0.154,2.0,2.0,1.0,0.643,0.358,0.154,2.0,2.0,1.0,0.628,0.373,0.846,4.0,11.0,0.364,0.399,-0.035,7.0,2.0,5.0,2.0,0.0,0.0,0.0,0.0,2.0,2.0,0.0,1.0,0.0,0.0,0.0,0.0,0.0,0.0,0.0,0.0,0.0,47.0,1.0,1.0,1.0,1.0,0.0,0.0,0.0,2.0,2.0,0.0,0.0,0.0,0.0,0.0,0.0,0.0,0.0,34.42,13107.0,2.48,1.19,1.29,4.07,4.16,3.99,,,CLE,NYK,20240303,2023-24,False,CLE,NYK,,,,,,,,,,,,,,,,,,,,,,,,,,,,,,,,,,,,,,,,,,,,,,,,,,,,,,,,,,,,,,,,,,,,,,,,,,,,,,,,,,,,,,,,,,,,,,,,,,,,,,,,,,,,,,
1630171,Isaac Okoro,Isaac,1610612739,CLE,23.0,1,0,1,0.0,16.9,1,2,0.5,1,1,1.0,0,0,0.0,0,0,0,0,0,1,0,0,1,1,3,-12,6.0,0,0,6.0,1,89,89,89,134,135,151,71,68,126,1,100,101,100,97,158,167,137,113,45,52,1,28,84,139,166,156,25,1,153,,113,87.9,87.9,-35.8,124.2,135,33,0.051,137,170,118,96,1.0,-36.4,0.0,0.051,118,167,167,170,124.2,0.0,2.0,0.0,0.75,137,0.0,1,121.4,93.73,0.0,96.06,-36.4,158,1,160,172,78.11,145,0.75,160,97,93.73,172,167,167,30,85.6,135,0.032,0.0,165,0.0,26,151,0.0,0.0,0.0,0.0,1.0,0.0,0.0,0.0,11.0,10.0,0.0,3.0,0.0,0.0,0.0,0.0,3.0,0.0,0.0,0.0,1.0,0.0,0.0,0.0,0.0,0.0,0.0,14.0,0.0,0.0,0.0,0.0,12.0,1.51,0.214,0.93,0.0,3.0,0.4,0.0,,,,,,,,,,,,,,,,,,,,,,,,,,,,,,,,,,,,,,,,,,,,,,,,,,,,0.0,1.0,0.0,0.0,0.0,0.0,1.0,0.5,0.0,,0.0,0.0,0.5,0.5,1.5,0.5,0.0,0.0,1.0,1.0,,1.0,1.0,0.0,1.0,1.0,,,,0.0,0.0,0.0,0.0,0.0,0.0,0.0,0.0,0.0,3.0,0.0,0.75,0.0,1.0,1.0,0.0,0.0,0.0,0.0,1.0,0.0,0.0,0.0,0.0,1.0,0.0,1.0,0.0,0.0,1.0,0.0,1.0,1.0,0.0,0.0,0.0,0.0,0.0,0.273,F-G,0.778,14.0,0.139,18.0,0.639,0.0,1.0,0.0,1.0,0.0,,0.0,0.0,0.0,0.0,0.0,0.0,1.0,0.0,0.0,0.0,0.0,1.0,0.0,0.0,0.0,0.0,0.0,0.0,,,0.0,CLE,1.0,1.0,1.0,1.0,1.0,1.5,2024,22300265,,1.0,0.0,1.0,0.0,0.385,-0.385,,,,,,,1.0,0.0,1.0,0.0,0.416,-0.416,,,,,,,,,,,,,1.0,0.0,1.0,0.0,0.337,-0.337,1.0,1.0,0.0,3.0,1.0,0.0,0.0,0.0,0.0,0.0,0.0,0.0,0.0,1.0,1.0,1.0,0.0,0.0,1.0,1.0,0.0,14.0,0.0,0.0,0.0,0.0,0.0,0.0,0.0,0.0,0.0,0.0,0.0,0.0,0.0,0.0,0.0,0.0,0.0,16.9,6338.0,1.2,0.59,0.61,3.97,3.89,4.05,,,CLE,POR,20231130,2023-24,False,CLE,POR,,,,,,,,,,,,,,,,,,,,,,,,,,,,,,,,,,,,,,,,,,,,,,,,,,,,,,,,,,,,,,,,,,,,,,,,,,,,,,,,,,,,,,,,,,,,,,,,,,,,,,,,,,,,,,
1630171,Isaac Okoro,Isaac,1610612739,CLE,23.0,1,1,0,1.0,22.545,2,10,0.2,2,6,0.333,2,2,1.0,1,3,4,2,1,0,0,3,4,1,8,-10,14.8,0,0,16.0,1,1,1,1,36,35,22,46,10,10,20,14,17,1,15,24,23,23,20,25,21,53,47,24,29,46,36,6,2,34,,11,78.7,78.7,-17.0,97.9,47,47,0.231,26,43,12,13,2.0,-19.2,7.1,0.241,12,51,26,43,97.9,2.0,10.0,0.154,0.3,29,0.034,26,96.9,101.13,0.13,100.96,-19.2,25,26,7,10,84.28,3,0.368,7,26,101.13,10,51,42,44,79.9,35,0.007,7.2,51,14.3,44,22,0.077,0.0,2.0,0.0,3.0,0.222,0.222,4.0,14.0,9.0,2.0,0.0,0.0,0.0,0.333,0.667,3.0,2.0,1.0,0.0,0.0,2.0,2.0,0.0,1.0,0.0,0.0,20.0,0.0,0.0,0.0,0.0,13.0,1.57,0.4,0.95,0.0,8.0,0.5,1.0,0.667,0.0,3.0,1.0,1.0,0.333,6.3,0.0,3.0,2.0,6.2,1.0,0.75,3.0,0.0,0.667,1.0,6.3,1.0,0.0,0.333,0.667,6.0,1.0,0.0,0.2,0.0,0.0,2.0,0.0,1.0,0.0,0.0,,2.0,0.2,0.0,0.0,0.0,0.2,2.0,0.0,0.0,0.0,3.0,0.1,0.3,0.0,1.0,0.0,0.0,,,,,,,,,,,,,,0.5,0.6,0.5,0.0,0.0,0.4,0.4,,2.0,5.0,0.0,2.0,5.0,0.0,0.0,0.0,0.0,2.0,0.0,0.0,1.0,0.0,0.0,0.0,0.0,6.0,0.0,0.3,0.0,0.4,1.0,0.0,1.0,0.0,0.0,3.0,2.0,0.0,0.0,0.5,0.667,0.0,1.0,0.0,0.0,1.0,0.0,2.0,3.0,0.0,3.0,0.0,0.0,1.0,0.333,F-G,0.643,9.0,0.011,14.0,0.632,0.0,2.0,0.0,3.0,0.0,0.0,0.0,2.0,0.0,0.0,1.0,0.0,3.0,0.0,0.0,0.0,0.0,0.667,0.0,0.0,1.0,0.0,0.0,0.0,0.0,0.0,0.0,CLE,2.0,0.4,5.0,2.0,5.0,0.6,2024,42300135,,1.0,7.0,11.0,0.636,0.467,0.17,0.182,1.0,2.0,0.5,0.366,0.135,0.818,6.0,9.0,0.667,0.525,0.142,0.273,3.0,3.0,1.0,0.643,0.357,0.364,3.0,4.0,0.75,0.608,0.142,0.455,3.0,5.0,0.6,0.384,0.216,5.0,5.0,0.0,0.0,0.0,3.0,6.0,0.0,0.0,0.0,0.0,0.0,0.0,0.0,0.0,0.0,0.0,0.0,0.0,0.0,0.0,20.0,0.0,0.0,0.0,0.0,0.0,0.0,0.0,0.0,0.0,0.0,0.0,0.0,0.0,0.0,0.0,0.0,0.0,22.55,8780.0,1.66,0.78,0.88,4.25,4.54,4.03,1610612753.0,CLE_ORL_2024,CLE,ORL,20240430,2023-24,True,CLE,ORL,,,,,,,,,,,,,,,,,,,,,,,,,,,,,,,,,,,,,,,,,,,,,,,,,,,,,,,,,,,,,,,,,,,,,,,,,,,,,,,,,,,,,,,,,,,,,,,,,,,,,,,,,,,,,,
1630171,Isaac Okoro,Isaac,1610612739,CLE,23.0,1,1,0,1.0,24.67333333333333,2,7,0.286,1,3,0.333,0,2,0.0,3,3,6,5,1,0,0,1,2,1,5,3,18.7,0,0,17.0,1,1,1,1,105,136,102,174,77,87,80,100,63,100,16,75,46,28,58,93,68,144,110,95,144,79,114,21,1,117,,79,125.5,125.5,11.2,112.0,162,47,0.155,49,71,80,9,2.0,13.5,7.1,0.156,80,87,56,71,112.0,5.0,7.0,0.238,0.357,37,0.115,126,112.4,94.35,0.136,94.94,13.5,83,124,181,124,78.63,164,0.317,181,28,94.35,128,87,86,185,123.5,136,0.043,7.2,89,35.7,175,102,0.125,0.0,5.0,0.0,6.0,0.179,0.179,12.0,24.0,28.0,0.0,1.0,0.0,0.0,0.0,0.0,3.0,0.0,0.0,0.0,0.333,0.0,2.0,0.333,0.0,1.0,0.0,36.0,0.667,0.0,0.0,0.0,23.0,2.02,0.139,1.22,0.0,5.0,1.2,3.0,0.667,0.0,5.0,2.0,0.75,0.6,11.7,0.0,3.0,1.0,9.9,0.667,0.5,4.0,0.0,0.667,0.75,10.8,3.0,1.0,0.6,0.333,9.0,2.0,0.0,0.143,0.0,0.0,1.0,0.0,1.0,0.0,0.0,,1.0,0.143,0.0,0.0,0.333,0.429,3.0,1.0,0.0,1.0,3.0,0.0,0.429,,0.0,0.333,0.333,,,,,,,,,,,,,,0.429,0.5,0.429,0.0,0.0,0.333,0.333,,1.0,3.0,0.0,1.0,3.0,,,,0.0,0.0,0.0,0.0,0.0,0.0,1.0,0.0,0.0,3.0,2.0,0.357,0.0,0.333,0.0,1.0,0.0,0.0,0.0,2.0,0.0,0.0,0.0,0.0,0.0,1.0,2.0,1.0,0.0,0.0,1.0,0.0,3.0,0.0,1.0,1.0,0.0,0.0,0.3,F-G,0.644,29.0,0.012,45.0,0.632,0.0,0.0,0.0,3.0,0.0,,0.0,1.0,0.0,1.0,0.0,1.0,2.0,1.0,0.0,0.0,0.0,0.0,0.0,0.0,0.0,0.0,0.0,1.0,,,1.0,CLE,1.0,0.333,3.0,1.0,3.0,0.5,2024,22300364,,1.0,3.0,7.0,0.429,0.46,-0.031,0.571,1.0,4.0,0.25,0.378,-0.128,0.429,2.0,3.0,0.667,0.509,0.158,0.286,2.0,2.0,1.0,0.595,0.406,0.286,2.0,2.0,1.0,0.55,0.45,0.571,1.0,4.0,0.25,0.372,-0.122,2.0,1.0,1.0,0.0,0.0,0.0,0.0,1.0,0.0,1.0,1.0,0.0,0.0,0.0,0.0,0.0,0.0,0.0,0.0,0.0,0.0,36.0,0.0,0.0,0.0,0.0,0.0,0.0,0.0,0.0,0.0,0.0,0.0,0.0,0.0,0.0,0.0,0.0,0.0,24.67,9609.0,1.82,0.92,0.9,4.07,4.13,4.03,,,CLE,UTA,20231220,2023-24,False,CLE,UTA,,,,,,,,,,,,,,,,,,,,,,,,,,,,,,,,,,,,,,,,,,,,,,,,,,,,,,,,,,,,,,,,,,,,,,,,,,,,,,,,,,,,,,,,,,,,,,,,,,,,,,,,,,,,,,
1630171,Isaac Okoro,Isaac,1610612739,CLE,23.0,1,1,0,1.0,21.661666666666665,3,4,0.75,1,2,0.5,2,2,1.0,0,1,1,0,1,1,1,0,2,1,9,-12,15.2,0,0,15.0,1,1,1,1,161,141,199,22,95,154,40,73,94,1,139,183,206,206,89,37,26,1,130,132,137,228,166,26,2,159,,116,87.5,87.5,-17.4,114.9,123,48,0.113,206,216,141,140,3.0,-27.4,16.7,0.12,141,240,235,216,114.9,0.0,4.0,0.0,0.875,206,0.0,233,110.6,105.26,0.037,104.06,-27.4,220,227,65,224,87.71,90,0.922,65,139,105.26,223,240,190,17,93.2,141,0.1,17.0,231,0.0,22,199,0.02,0.0,0.0,0.0,2.0,0.0,0.0,0.0,13.0,14.0,2.0,0.0,0.0,1.0,0.333,2.0,3.0,2.0,1.0,0.0,0.0,6.0,2.0,0.0,1.0,0.0,2.0,20.0,0.0,0.0,0.0,0.0,12.0,2.44,0.45,1.85,0.0,9.0,0.8,1.0,0.5,0.0,0.0,1.0,0.5,0.0,21.1,0.0,0.0,0.0,0.0,0.0,0.0,2.0,0.0,0.5,0.5,21.1,1.0,0.0,0.0,0.0,2.0,0.0,,,,,,,,,,,,,,,1.0,0.25,1.0,1.0,0.0,1.0,1.0,0.0,0.25,,0.0,1.0,1.0,1.0,1.0,0.0,1.0,1.0,0.0,1.0,0.25,0.0,,1.0,1.0,0.25,0.5,0.75,0.5,0.0,0.0,0.5,0.5,,1.0,2.0,0.0,1.0,2.0,,,,0.0,0.0,0.0,0.0,0.0,0.0,0.0,0.0,0.0,3.0,0.0,0.875,0.0,0.5,0.5,0.0,1.0,1.0,0.0,2.0,0.0,0.0,0.0,0.0,0.5,0.0,2.0,0.0,1.0,1.0,0.0,1.0,1.0,1.0,0.0,0.0,1.0,0.0,0.32,F-G,0.645,20.0,0.017,31.0,0.628,0.0,1.0,1.0,1.0,0.0,0.0,1.0,0.0,1.0,0.0,1.0,0.0,2.0,0.0,0.0,0.0,0.0,0.5,0.0,1.0,0.0,0.0,0.0,0.0,0.0,0.0,0.0,CLE,1.0,0.5,2.0,1.0,2.0,0.75,2024,22301220,,1.0,4.0,6.0,0.667,0.471,0.195,0.167,1.0,1.0,1.0,0.347,0.653,0.833,3.0,5.0,0.6,0.553,0.047,0.167,0.0,1.0,0.0,0.604,-0.604,0.667,3.0,4.0,0.75,0.575,0.175,0.333,1.0,2.0,0.5,0.354,0.146,4.0,4.0,0.0,1.0,0.0,1.0,3.0,0.0,0.0,0.0,0.0,0.0,0.0,0.0,0.0,0.0,0.0,0.0,0.0,0.0,0.0,20.0,0.0,0.0,0.0,0.0,0.0,0.0,0.0,0.0,0.0,0.0,0.0,0.0,0.0,0.0,0.0,0.0,0.0,21.67,9011.0,1.71,0.9,0.81,4.28,4.32,4.24,,,MIA,CLE,20231208,2023-24,False,CLE,MIA,,,,,,,,,,,,,,,,,,,,,,,,,,,,,,,,,,,,,,,,,,,,,,,,,,,,,,,,,,,,,,,,,,,,,,,,,,,,,,,,,,,,,,,,,,,,,,,,,,,,,,,,,,,,,,
1630171,Isaac Okoro,Isaac,1610612739,CLE,23.0,1,0,1,0.0,38.42666666666667,3,6,0.5,1,3,0.333,0,0,0.0,0,1,1,1,0,0,0,0,2,1,7,2,9.7,0,0,10.0,1,98,98,98,4,79,91,68,58,66,70,83,89,83,92,114,134,98,110,84,61,1,104,68,99,78,136,16,2,129,,93,124.3,124.3,7.9,119.7,149,70,0.077,135,81,115,94,3.0,4.6,0.0,0.078,115,55,159,81,119.7,0.0,6.0,0.037,0.583,104,0.0,1,114.8,88.06,0.026,90.54,4.6,149,1,178,170,73.39,167,0.583,178,92,88.06,171,55,73,88,122.7,79,0.026,0.0,55,14.3,79,91,0.014,0.0,1.0,0.0,2.0,0.032,0.032,2.0,34.0,31.0,0.0,1.0,0.0,1.0,0.0,1.0,2.0,0.0,0.0,0.0,0.5,2.0,1.0,0.5,0.0,1.0,1.0,39.0,2.0,0.0,0.0,0.0,32.0,1.85,0.179,0.9,0.0,7.0,1.2,1.0,0.333,2.0,1.0,1.0,0.5,0.0,14.2,1.0,0.0,0.0,0.0,0.0,0.0,2.0,1.0,1.0,1.0,14.2,1.0,0.0,0.0,0.0,3.0,0.0,,,,,,,,,,,,,,,0.0,0.167,1.0,0.0,0.0,0.0,1.0,0.0,0.167,,0.0,0.0,0.0,1.0,2.0,1.0,1.0,0.5,0.0,1.0,0.333,0.167,0.0,0.5,1.0,0.167,0.5,0.833,0.333,1.0,1.0,0.5,0.667,1.0,1.0,2.0,0.167,2.0,3.0,,,,0.0,0.0,0.0,0.0,0.0,0.0,1.0,0.0,0.0,3.0,2.0,0.583,0.0,0.333,0.5,0.0,0.0,0.0,0.0,2.0,0.0,0.0,0.0,0.0,0.5,0.0,2.0,0.0,2.0,1.0,0.0,1.0,3.0,0.0,1.0,0.0,0.667,0.0,0.287,F-G,0.675,104.0,0.044,154.0,0.631,0.0,1.0,0.0,3.0,0.0,,0.0,1.0,0.667,0.0,0.0,0.0,2.0,0.0,0.0,0.0,0.0,0.5,0.0,2.0,0.0,0.0,0.0,0.0,,,0.0,CLE,1.0,0.333,3.0,1.0,3.0,0.5,2024,22300996,,1.0,8.0,21.0,0.381,0.461,-0.08,0.476,4.0,10.0,0.4,0.351,0.05,0.524,4.0,11.0,0.364,0.518,-0.155,0.238,3.0,5.0,0.6,0.6,0.0,0.333,3.0,7.0,0.429,0.561,-0.132,0.619,4.0,13.0,0.308,0.363,-0.055,6.0,4.0,2.0,2.0,0.0,0.0,0.0,0.0,0.0,0.0,0.0,0.0,0.0,1.0,1.0,1.0,0.0,0.0,1.0,1.0,0.0,39.0,0.0,0.0,0.0,0.0,0.0,0.0,0.0,0.0,0.0,0.0,0.0,0.0,0.0,0.0,0.0,0.0,0.0,38.43,14214.0,2.69,1.27,1.42,3.89,3.99,3.82,,,CLE,MIA,20240320,2023-24,False,CLE,MIA,,,,,,,,,,,,,,,,,,,,,,,,,,,,,,,,,,,,,,,,,,,,,,,,,,,,,,,,,,,,,,,,,,,,,,,,,,,,,,,,,,,,,,,,,,,,,,,,,,,,,,,,,,,,,,
1630171,Isaac Okoro,Isaac,1610612739,CLE,23.0,1,0,1,0.0,27.425,5,10,0.5,0,4,0.0,6,7,0.857,0,1,1,3,1,2,1,0,4,4,16,-18,29.7,0,0,26.0,1,92,92,92,60,48,55,64,93,54,93,7,10,46,84,118,131,41,57,9,19,1,148,19,37,159,46,15,3,55,,121,98.3,98.3,-20.9,122.6,86,59,0.219,62,126,124,15,5.0,-24.3,5.9,0.227,124,122,159,126,122.6,3.0,10.0,0.188,0.5,78,0.0,85,119.0,105.89,0.036,107.67,-24.3,146,85,41,63,88.24,29,0.612,41,84,105.89,61,122,124,74,98.0,48,0.099,5.9,123,17.6,88,55,0.017,0.0,3.0,0.0,6.0,0.103,0.103,6.0,37.0,29.0,2.0,6.0,1.0,0.0,0.111,0.111,9.0,1.0,1.0,0.111,0.667,1.0,1.0,0.111,0.5,1.0,0.0,43.0,2.0,0.0,2.0,1.0,31.0,1.95,0.372,1.4,0.0,16.0,1.4,1.0,0.167,0.0,3.0,1.0,0.333,0.0,8.0,0.0,0.0,0.0,0.0,0.0,0.0,3.0,0.0,0.167,0.333,8.0,1.0,0.0,0.0,0.0,6.0,0.0,1.0,0.2,0.5,0.5,2.0,0.0,1.0,1.0,0.0,,2.0,0.2,0.5,0.0,1.0,0.3,3.0,3.0,0.0,3.0,3.0,0.0,0.3,,0.0,1.0,1.0,,,,,,,,,,,,,,0.5,0.2,0.4,1.0,1.0,0.0,0.2,1.0,0.0,4.0,0.1,1.0,5.0,0.0,0.0,0.0,0.0,1.0,0.0,0.0,1.0,0.0,1.0,1.0,2.0,0.0,2.0,0.5,0.0,0.0,0.0,0.0,2.0,2.0,0.0,3.0,0.0,0.0,0.0,0.0,0.0,0.0,3.0,0.0,3.0,0.0,0.0,0.0,4.0,1.0,1.0,0.0,0.75,0.0,0.297,F-G,0.632,36.0,-0.004,57.0,0.636,,0.0,2.0,4.0,0.0,,1.0,1.0,0.75,0.0,2.0,0.0,3.0,0.0,0.0,0.0,0.0,0.0,0.0,3.0,,,0.0,0.0,,,0.0,CLE,0.0,0.0,3.0,0.0,3.0,0.0,2024,22300452,,1.0,3.0,8.0,0.375,0.466,-0.091,0.5,1.0,4.0,0.25,0.354,-0.104,0.5,2.0,4.0,0.5,0.518,-0.018,0.125,1.0,1.0,1.0,0.657,0.343,0.5,2.0,4.0,0.5,0.572,-0.072,0.5,1.0,4.0,0.25,0.367,-0.117,6.0,4.0,2.0,2.0,0.0,1.0,2.0,0.0,1.0,1.0,0.0,1.0,0.0,2.0,2.0,2.0,0.0,0.0,1.0,1.0,0.0,43.0,0.0,0.0,0.0,0.0,0.0,0.0,0.0,0.0,0.0,0.0,0.0,0.0,0.0,0.0,0.0,0.0,0.0,27.43,11631.0,2.2,1.15,1.05,4.5,4.78,4.21,,,TOR,CLE,20240101,2023-24,False,CLE,TOR,,,,,,,,,,,,,,,,,,,,,,,,,,,,,,,,,,,,,,,,,,,,,,,,,,,,,,,,,,,,,,,,,,,,,,,,,,,,,,,,,,,,,,,,,,,,,,,,,,,,,,,,,,,,,,
1630171,Isaac Okoro,Isaac,1610612739,CLE,23.0,1,1,0,1.0,21.041666666666668,2,4,0.5,1,1,1.0,1,1,1.0,1,3,4,0,1,0,0,0,2,2,6,7,9.8,0,0,11.0,1,1,1,1,53,51,58,23,28,58,1,33,40,1,27,38,36,65,25,39,38,1,40,25,53,12,70,8,1,66,,12,111.4,111.4,29.3,93.3,56,44,0.1,65,14,15,40,2.0,18.0,20.0,0.116,15,43,44,14,93.3,0.0,4.0,0.0,0.625,65,0.048,73,90.3,101.51,0.103,99.78,18.0,47,73,22,68,84.59,40,0.676,22,30,101.51,64,43,5,22,119.6,51,0.055,18.4,28,0.0,22,58,0.08,0.0,0.0,0.0,1.0,0.0,0.0,0.0,11.0,12.0,0.0,0.0,0.0,0.0,0.0,0.0,2.0,0.0,0.0,0.0,0.0,0.0,2.0,0.0,0.0,0.0,0.0,17.0,0.0,0.0,0.0,0.0,10.0,3.33,0.353,2.82,0.0,6.0,0.9,0.0,0.571,0.0,2.0,1.0,0.6,0.5,10.2,0.0,2.0,2.0,20.6,0.0,0.5,5.0,0.0,0.571,0.6,12.8,2.0,1.0,0.5,0.667,7.0,0.0,,,,,,,,,,,,,,,0.333,0.75,3.0,1.0,0.0,1.0,3.0,0.0,0.75,,0.0,0.333,0.333,,,,,,,,,,,,,,0.25,1.5,0.25,0.0,0.0,1.0,1.0,,1.0,1.0,0.0,1.0,1.0,,,,0.0,0.0,0.0,0.0,0.0,0.0,0.0,0.0,0.0,3.0,0.0,0.625,0.0,1.0,0.0,1.0,1.0,0.0,0.0,0.0,0.0,0.0,0.0,0.0,0.0,0.0,0.0,0.0,1.0,0.0,0.0,0.0,2.0,0.0,1.0,1.0,0.5,0.0,0.286,F-G,0.614,54.0,-0.017,88.0,0.631,0.0,0.0,0.0,2.0,0.0,,0.0,1.0,0.5,1.0,1.0,0.0,0.0,0.0,0.0,0.0,0.0,0.0,0.0,1.0,0.0,0.0,0.0,1.0,,,0.0,CLE,1.0,1.0,1.0,1.0,1.0,1.5,2024,22300687,,1.0,1.0,3.0,0.333,0.44,-0.107,0.667,0.0,2.0,0.0,0.368,-0.368,0.333,1.0,1.0,1.0,0.529,0.471,0.333,1.0,1.0,1.0,0.635,0.365,0.333,1.0,1.0,1.0,0.566,0.434,0.667,0.0,2.0,0.0,0.359,-0.359,2.0,0.0,2.0,0.0,1.0,0.0,0.0,0.0,0.0,0.0,0.0,0.0,0.0,0.0,0.0,0.0,0.0,0.0,0.0,0.0,0.0,17.0,0.0,0.0,0.0,0.0,0.0,0.0,0.0,0.0,0.0,0.0,0.0,0.0,0.0,0.0,0.0,0.0,0.0,21.05,8606.0,1.63,0.79,0.84,4.02,4.32,3.75,,,MEM,CLE,20240201,2023-24,False,CLE,MEM,,,,,,,,,,,,,,,,,,,,,,,,,,,,,,,,,,,,,,,,,,,,,,,,,,,,,,,,,,,,,,,,,,,,,,,,,,,,,,,,,,,,,,,,,,,,,,,,,,,,,,,,,,,,,,
1630171,Isaac Okoro,Isaac,1610612739,CLE,23.0,1,1,0,1.0,9.94,1,3,0.333,0,1,0.0,0,0,0.0,0,0,0,0,1,0,0,0,0,0,2,-3,1.0,0,0,2.0,1,1,1,1,141,121,122,114,92,114,92,86,90,86,90,144,148,127,63,81,52,1,1,115,139,103,163,13,1,150,,16,75.0,75.0,-20.8,85.7,161,20,0.19,127,111,10,91,1.0,-10.7,25.0,0.19,10,157,148,111,85.7,0.0,3.0,0.0,0.333,127,0.0,152,92.2,98.99,0.0,97.84,-10.7,144,152,97,71,82.49,114,0.333,97,90,98.99,84,157,130,135,71.4,121,-0.038,25.0,159,0.0,130,122,0.0,0.0,0.0,0.0,1.0,0.0,0.0,0.0,8.0,5.0,0.0,2.0,1.0,0.0,0.0,0.0,4.0,0.0,0.0,0.25,0.5,0.0,1.0,0.0,0.0,0.0,0.0,9.0,0.0,0.0,0.0,0.0,8.0,1.93,0.222,1.67,0.0,2.0,0.3,0.0,,,,,,,,,,,,,,,,,,,,,,,,,0.0,0.333,0.0,0.0,1.0,0.0,1.0,0.0,0.0,,1.0,0.333,0.0,0.0,1.0,0.333,1.0,1.0,0.0,1.0,1.0,0.0,0.333,,0.0,1.0,1.0,,,,,,,,,,,,,,0.333,0.0,0.333,0.0,0.0,0.0,0.0,,0.0,1.0,0.0,0.0,1.0,,,,0.0,0.0,0.0,0.0,0.0,0.0,0.0,0.0,0.0,0.0,0.0,0.333,0.0,0.0,0.0,0.0,0.0,0.0,,1.0,1.0,,,0.0,0.0,0.0,0.0,0.0,1.0,0.0,0.0,0.0,2.0,0.0,0.0,0.0,0.5,0.0,0.288,F-G,0.765,13.0,0.121,17.0,0.643,,0.0,0.0,2.0,,,0.0,0.0,0.5,0.0,0.0,0.0,1.0,0.0,0.0,,,0.0,0.0,1.0,,,0.0,0.0,,,0.0,CLE,0.0,0.0,1.0,0.0,1.0,0.0,2024,22300251,,1.0,0.0,4.0,0.0,0.462,-0.462,0.5,0.0,2.0,0.0,0.345,-0.345,0.5,0.0,2.0,0.0,0.536,-0.536,,,,,,,0.25,0.0,1.0,0.0,0.58,-0.58,0.5,0.0,2.0,0.0,0.359,-0.359,3.0,2.0,1.0,2.0,0.0,0.0,0.0,0.0,0.0,0.0,0.0,0.0,0.0,0.0,0.0,0.0,0.0,0.0,0.0,0.0,0.0,9.0,0.0,0.0,0.0,0.0,0.0,0.0,0.0,0.0,0.0,0.0,0.0,0.0,0.0,0.0,0.0,0.0,0.0,9.93,4038.0,0.76,0.4,0.37,4.48,4.78,4.21,,,CLE,TOR,20231126,2023-24,False,CLE,TOR,,,,,,,,,,,,,,,,,,,,,,,,,,,,,,,,,,,,,,,,,,,,,,,,,,,,,,,,,,,,,,,,,,,,,,,,,,,,,,,,,,,,,,,,,,,,,,,,,,,,,,,,,,,,,,
1630171,Isaac Okoro,Isaac,1610612739,CLE,23.0,1,1,0,1.0,42.72166666666666,3,5,0.6,1,1,1.0,2,3,0.667,1,5,6,2,0,1,2,0,4,3,9,13,28.2,0,0,24.0,1,1,1,1,3,71,97,26,49,108,1,36,35,56,44,32,39,62,96,25,10,1,142,26,74,23,52,17,2,60,,29,110.8,110.8,19.4,96.3,78,83,0.063,93,44,46,74,3.0,14.5,0.0,0.068,46,68,81,44,96.3,0.0,5.0,0.077,0.7,33,0.023,1,88.3,92.69,0.109,98.24,14.5,80,1,105,145,77.24,50,0.712,105,80,92.69,143,68,37,31,107.7,71,0.086,0.0,77,25.0,25,97,0.067,0.0,2.0,0.0,5.0,0.05,0.05,4.0,29.0,40.0,2.0,1.0,0.0,0.0,0.5,0.5,2.0,1.0,1.0,0.0,0.5,1.0,0.0,0.5,0.5,1.0,0.0,47.0,0.0,1.0,0.75,4.0,29.0,2.85,0.191,1.72,0.0,9.0,2.2,3.0,0.6,0.0,3.0,4.0,0.714,0.333,8.7,0.0,1.0,1.0,6.8,0.0,0.167,7.0,0.0,0.6,0.714,8.4,5.0,1.0,0.333,0.2,10.0,0.0,,,,,,,,,,,,,,,0.5,0.4,2.0,1.0,0.0,1.0,2.0,0.0,0.4,,0.0,0.5,0.5,0.5,2.0,0.0,1.0,0.5,0.0,2.0,0.4,0.0,,0.5,1.0,0.4,0.2,1.5,0.2,0.0,0.0,1.0,1.0,,1.0,1.0,0.0,1.0,1.0,,,,0.0,0.0,0.0,0.0,0.0,0.0,0.0,0.5,3.0,3.0,0.0,0.7,0.0,1.0,0.0,1.0,1.0,0.0,0.0,0.0,0.0,0.0,0.0,0.0,0.0,0.0,0.0,0.0,2.0,0.0,0.0,0.0,3.0,0.0,1.0,1.0,0.667,0.0,0.285,F-G,0.652,86.0,0.02,132.0,0.632,0.0,0.0,0.0,3.0,0.0,0.0,0.0,1.0,0.667,1.0,1.0,0.0,0.0,0.0,0.0,0.0,0.0,0.0,0.0,2.0,0.0,0.0,0.0,1.0,0.0,0.0,0.0,CLE,1.0,1.0,1.0,1.0,1.0,1.5,2024,22300911,,1.0,4.0,16.0,0.25,0.466,-0.216,0.25,0.0,4.0,0.0,0.393,-0.393,0.75,4.0,12.0,0.333,0.531,-0.198,0.188,2.0,3.0,0.667,0.625,0.042,0.375,4.0,6.0,0.667,0.594,0.072,0.5,0.0,8.0,0.0,0.386,-0.386,10.0,8.0,2.0,2.0,0.0,0.0,0.0,1.0,0.0,1.0,1.0,0.0,0.0,0.0,0.0,0.0,0.0,0.0,0.0,0.0,0.0,47.0,1.0,0.0,1.0,0.0,0.0,0.0,0.0,0.0,0.0,0.0,0.0,0.0,0.0,0.0,0.0,0.0,0.0,42.72,16049.0,3.04,1.54,1.5,3.83,3.78,3.89,,,CLE,MIN,20240308,2023-24,False,CLE,MIN,,,,,,,,,,,,,,,,,,,,,,,,,,,,,,,,,,,,,,,,,,,,,,,,,,,,,,,,,,,,,,,,,,,,,,,,,,,,,,,,,,,,,,,,,,,,,,,,,,,,,,,,,,,,,,
1630171,Isaac Okoro,Isaac,1610612739,CLE,23.0,1,1,0,1.0,25.28333333333333,3,12,0.25,1,6,0.167,0,0,0.0,1,4,5,1,1,0,0,2,1,0,7,18,13.5,0,0,14.0,1,1,1,1,108,97,52,171,67,37,119,122,128,122,61,65,72,130,72,91,87,203,45,156,124,11,155,18,1,143,,21,117.9,117.9,34.3,85.7,188,56,0.203,170,25,28,77,3.0,32.1,7.1,0.201,28,72,90,25,85.7,1.0,12.0,0.048,0.292,166,0.036,118,82.5,106.32,0.148,108.9,32.1,84,116,38,88,88.6,26,0.292,38,103,106.32,95,72,24,184,116.8,97,0.013,7.1,68,7.1,174,52,0.091,0.0,2.0,1.0,2.0,0.048,0.095,3.0,25.0,21.0,0.0,0.0,0.0,0.0,0.0,0.0,2.0,0.0,0.0,0.0,0.0,0.0,2.0,0.0,0.0,0.0,0.0,34.0,0.0,1.0,0.0,0.0,20.0,2.1,0.206,1.56,0.0,7.0,1.2,2.0,0.714,0.0,3.0,3.0,1.0,0.333,13.3,0.0,2.0,1.0,8.6,1.0,0.4,4.0,0.0,0.714,1.0,12.3,3.0,0.0,0.333,0.25,7.0,1.0,,,,,,,,,,,,,,,0.4,0.417,5.0,2.0,0.0,2.0,5.0,0.0,0.417,,0.0,0.4,0.4,,,,,,,,,,,,,,0.583,0.214,0.5,1.0,0.0,0.167,0.143,0.0,1.0,6.0,0.083,1.0,7.0,0.0,0.0,0.0,0.0,1.0,0.0,0.0,1.0,0.0,0.0,0.0,0.0,3.0,0.0,0.292,0.0,0.2,0.0,0.0,1.0,0.0,,5.0,4.0,,,0.25,0.2,0.0,1.0,0.0,2.0,0.0,0.0,1.0,5.0,0.0,1.0,0.0,0.4,1.0,0.296,F-G,0.636,42.0,-0.002,66.0,0.639,0.0,1.0,0.0,5.0,,,0.0,1.0,0.4,0.0,1.0,0.0,5.0,0.0,0.0,,,0.2,0.0,2.0,0.0,0.0,0.0,0.0,,,0.0,CLE,1.0,0.2,5.0,1.0,5.0,0.3,2024,22300561,,1.0,1.0,5.0,0.2,0.464,-0.264,0.4,0.0,2.0,0.0,0.394,-0.394,0.6,1.0,3.0,0.333,0.539,-0.206,0.4,1.0,2.0,0.5,0.6,-0.1,0.4,1.0,2.0,0.5,0.576,-0.076,0.6,0.0,3.0,0.0,0.386,-0.386,4.0,2.0,2.0,0.0,0.0,2.0,5.0,0.0,0.0,0.0,0.0,0.0,0.0,0.0,0.0,0.0,0.0,0.0,0.0,0.0,0.0,34.0,1.0,0.0,1.0,0.0,0.0,0.0,0.0,0.0,0.0,0.0,0.0,0.0,0.0,0.0,0.0,0.0,0.0,25.28,9951.0,1.88,1.01,0.87,4.29,4.32,4.26,,,CLE,CHI,20240115,2023-24,False,CLE,CHI,,,,,,,,,,,,,,,,,,,,,,,,,,,,,,,,,,,,,,,,,,,,,,,,,,,,,,,,,,,,,,,,,,,,,,,,,,,,,,,,,,,,,,,,,,,,,,,,,,,,,,,,,,,,,,
1630171,Isaac Okoro,Isaac,1610612739,CLE,23.0,1,1,0,1.0,30.74333333333333,1,3,0.333,0,2,0.0,0,0,0.0,0,3,3,2,1,1,0,0,6,1,2,-1,10.6,0,0,9.0,1,1,1,1,63,211,222,199,149,154,149,154,163,154,139,100,130,104,98,58,84,1,277,131,239,137,209,23,1,215,,20,89.8,89.8,10.3,90.0,261,59,0.063,145,141,34,38,1.0,-0.2,16.7,0.067,34,238,218,141,90.0,2.0,3.0,0.111,0.333,24,0.0,219,82.8,92.9,0.068,95.4,-0.2,213,217,277,268,77.42,255,0.333,277,139,92.9,268,238,89,229,93.0,211,-0.014,16.7,216,33.3,215,222,0.042,0.0,2.0,0.0,3.0,0.133,0.133,5.0,15.0,15.0,0.0,2.0,0.0,0.0,0.0,0.0,2.0,0.0,0.0,0.0,1.0,0.0,0.0,0.5,0.0,1.0,0.0,21.0,0.0,0.0,0.0,0.0,13.0,2.3,0.095,1.86,0.0,2.0,0.8,0.0,0.429,0.0,2.0,2.0,0.6,0.0,6.9,0.0,1.0,1.0,0.0,0.0,0.333,5.0,0.0,0.429,0.6,6.9,2.0,0.0,0.0,0.333,7.0,0.0,,,,,,,,,,,,,,,1.0,0.333,1.0,1.0,0.0,1.0,1.0,0.0,0.333,,0.0,1.0,1.0,,,,,,,,,,,,,,0.667,0.0,0.667,0.0,0.0,0.0,0.0,,0.0,2.0,0.0,0.0,2.0,,,,0.0,0.0,0.0,0.0,0.0,0.0,0.0,0.0,0.0,0.0,0.0,0.333,0.0,0.0,0.0,0.0,0.0,0.0,0.0,2.0,1.0,0.0,0.0,0.0,0.0,0.0,1.0,0.0,1.0,0.0,0.0,0.0,1.0,0.0,0.0,0.0,1.0,0.0,0.319,F-G,0.8,12.0,0.163,15.0,0.637,0.0,0.0,0.0,1.0,0.0,0.0,0.0,0.0,1.0,0.0,0.0,0.0,2.0,0.0,0.0,0.0,0.0,0.0,0.0,1.0,0.0,0.0,0.0,0.0,0.0,0.0,0.0,CLE,0.0,0.0,2.0,0.0,2.0,0.0,2024,22300120,,1.0,7.0,12.0,0.583,0.473,0.11,,,,,,,1.0,7.0,12.0,0.583,0.511,0.072,0.083,1.0,1.0,1.0,0.601,0.399,0.333,2.0,4.0,0.5,0.536,-0.036,0.25,2.0,3.0,0.667,0.398,0.269,5.0,5.0,0.0,1.0,0.0,0.0,0.0,0.0,0.0,0.0,0.0,0.0,0.0,2.0,2.0,2.0,0.0,0.0,1.0,1.0,0.0,21.0,0.0,0.0,0.0,0.0,0.0,0.0,0.0,0.0,0.0,0.0,0.0,0.0,0.0,0.0,0.0,0.0,0.0,30.75,11357.0,2.15,0.98,1.17,4.02,4.25,3.85,,,NYK,CLE,20231101,2023-24,False,CLE,NYK,,,,,,,,,,,,,,,,,,,,,,,,,,,,,,,,,,,,,,,,,,,,,,,,,,,,,,,,,,,,,,,,,,,,,,,,,,,,,,,,,,,,,,,,,,,,,,,,,,,,,,,,,,,,,,
1630171,Isaac Okoro,Isaac,1610612739,CLE,23.0,1,1,0,1.0,26.866666666666667,6,11,0.545,4,8,0.5,0,0,0.0,0,1,1,2,0,0,0,0,1,2,16,1,20.2,0,0,23.0,1,1,1,1,113,56,82,75,17,19,42,149,152,149,142,191,210,109,179,138,92,1,69,75,61,118,137,27,1,106,,182,125.0,125.0,7.4,118.5,108,52,0.2,145,100,168,142,6.0,6.5,0.0,0.203,168,70,240,100,118.5,0.0,11.0,0.111,0.727,140,0.0,1,119.4,94.69,0.042,93.69,6.5,225,1,247,110,78.91,247,0.727,247,142,94.69,119,70,106,62,126.8,56,0.115,0.0,65,15.4,57,82,0.022,0.0,3.0,1.0,1.0,0.105,0.158,4.0,23.0,19.0,0.0,2.0,0.0,1.0,0.0,1.0,4.0,0.0,0.0,0.0,0.5,4.0,2.0,0.5,0.0,2.0,2.0,31.0,0.0,0.0,0.0,1.0,21.0,1.46,0.516,0.55,0.0,16.0,0.8,0.0,0.143,0.0,0.0,1.0,0.143,0.0,7.9,0.0,0.0,0.0,0.0,0.0,0.0,7.0,0.0,0.143,0.143,7.9,1.0,0.0,0.0,0.0,7.0,0.0,,,,,,,,,,,,,,,0.5,0.182,2.0,1.0,0.0,1.0,2.0,0.0,0.182,,0.0,0.5,0.5,1.0,1.0,0.0,1.0,1.0,0.0,1.0,0.091,0.0,,1.0,1.0,0.091,0.727,0.75,0.727,0.0,0.0,0.5,0.5,,4.0,8.0,0.0,4.0,8.0,,,,0.0,0.0,0.0,0.0,0.0,0.0,0.0,0.0,0.0,12.0,0.0,0.727,0.0,0.5,0.333,1.0,0.0,0.0,0.0,5.0,2.0,0.0,0.0,1.0,0.6,0.0,3.0,0.0,2.0,1.0,0.0,3.0,3.0,0.0,3.0,0.333,0.667,2.0,0.288,F-G,0.641,66.0,0.009,103.0,0.632,0.0,4.0,0.0,3.0,0.0,0.0,0.0,2.0,0.667,0.0,0.0,0.0,6.0,0.0,0.0,0.0,0.0,0.667,0.0,2.0,0.0,0.0,0.0,0.0,0.0,0.0,0.0,CLE,4.0,0.5,8.0,4.0,8.0,0.75,2024,22300781,,1.0,4.0,8.0,0.5,0.466,0.034,0.375,1.0,3.0,0.333,0.388,-0.055,0.625,3.0,5.0,0.6,0.504,0.096,0.125,0.0,1.0,0.0,0.619,-0.619,0.125,0.0,1.0,0.0,0.59,-0.59,0.75,3.0,6.0,0.5,0.387,0.113,4.0,2.0,2.0,0.0,1.0,0.0,0.0,0.0,0.0,0.0,0.0,0.0,0.0,0.0,0.0,0.0,0.0,0.0,0.0,0.0,0.0,31.0,0.0,0.0,0.0,0.0,0.0,0.0,0.0,0.0,0.0,0.0,0.0,0.0,0.0,0.0,0.0,0.0,0.0,26.87,10231.0,1.94,0.93,1.01,3.93,3.81,4.05,,,CLE,CHI,20240214,2023-24,False,CLE,CHI,,,,,,,,,,,,,,,,,,,,,,,,,,,,,,,,,,,,,,,,,,,,,,,,,,,,,,,,,,,,,,,,,,,,,,,,,,,,,,,,,,,,,,,,,,,,,,,,,,,,,,,,,,,,,,
1630171,Isaac Okoro,Isaac,1610612739,CLE,23.0,1,0,1,0.0,35.53333333333333,2,6,0.333,0,3,0.0,1,2,0.5,0,1,1,4,1,2,1,0,2,1,5,-6,20.2,0,0,16.0,1,87,87,87,21,102,98,118,99,73,99,64,51,68,92,121,133,33,57,16,18,1,92,63,111,107,77,17,1,98,,85,97.0,97.0,-10.5,107.6,128,67,0.09,62,97,86,8,2.0,-10.6,9.1,0.105,86,124,151,97,107.6,4.0,6.0,0.174,0.333,17,0.0,90,107.3,89.83,0.029,90.05,-10.6,141,91,149,149,74.86,147,0.363,149,92,89.83,140,124,98,131,96.8,102,0.037,8.4,123,36.4,129,98,0.014,1.0,5.0,0.0,8.0,0.138,0.172,9.0,30.0,29.0,0.0,0.0,1.0,0.5,0.0,0.667,3.0,0.0,0.0,0.333,0.0,2.0,2.0,0.0,0.0,0.0,1.0,38.0,0.0,1.0,0.0,1.0,28.0,2.04,0.132,1.71,0.0,5.0,1.3,1.0,0.25,0.0,2.0,1.0,0.5,0.0,2.6,0.0,0.0,0.0,0.0,0.0,0.0,2.0,0.0,0.25,0.5,2.6,1.0,0.0,0.0,0.0,4.0,0.0,1.0,0.167,1.0,1.0,1.0,0.0,1.0,1.0,0.0,,1.0,0.167,1.0,0.0,0.5,0.333,2.0,1.0,0.0,1.0,2.0,0.0,0.333,,0.0,0.5,0.5,,1.0,1.0,0.0,0.0,0.0,0.0,0.167,0.167,0.0,0.0,0.0,0.0,0.333,0.0,0.333,0.0,0.0,0.0,0.0,,0.0,2.0,0.0,0.0,2.0,0.0,0.0,0.0,0.0,1.0,0.0,0.0,1.0,0.0,0.0,0.0,0.0,0.0,0.0,0.333,0.0,0.0,0.0,0.0,2.0,1.0,0.0,2.0,1.0,0.0,0.0,0.0,0.0,0.0,1.0,0.0,1.0,0.0,0.0,0.0,1.0,0.5,1.0,0.0,1.0,0.0,0.29,F-G,0.669,107.0,0.037,160.0,0.632,0.0,0.0,0.0,2.0,0.0,0.0,0.0,0.0,1.0,0.0,1.0,0.0,3.0,0.0,0.0,0.0,0.0,0.0,0.0,2.0,0.0,0.0,0.0,0.0,0.0,0.0,0.0,CLE,0.0,0.0,2.0,0.0,2.0,0.0,2024,22301014,,1.0,5.0,15.0,0.333,0.484,-0.151,0.133,1.0,2.0,0.5,0.435,0.065,0.867,4.0,13.0,0.308,0.536,-0.228,0.4,3.0,6.0,0.5,0.65,-0.15,0.667,4.0,10.0,0.4,0.583,-0.183,0.267,1.0,4.0,0.25,0.405,-0.155,5.0,5.0,0.0,3.0,0.0,1.0,2.0,2.0,0.0,2.0,1.0,0.0,0.0,0.0,0.0,0.0,0.0,0.0,0.0,0.0,0.0,38.0,1.0,0.0,0.0,0.0,0.0,0.0,0.0,0.0,0.0,1.0,1.0,0.0,0.0,0.0,0.0,0.0,0.0,35.53,13773.0,2.61,1.3,1.31,4.12,4.08,4.14,,,MIN,CLE,20240322,2023-24,False,CLE,MIN,,,,,,,,,,,,,,,,,,,,,,,,,,,,,,,,,,,,,,,,,,,,,,,,,,,,,,,,,,,,,,,,,,,,,,,,,,,,,,,,,,,,,,,,,,,,,,,,,,,,,,,,,,,,,,
1630171,Isaac Okoro,Isaac,1610612739,CLE,23.0,1,0,1,0.0,34.88333333333333,5,8,0.625,0,0,0.0,1,2,0.5,2,4,6,3,0,0,1,0,3,3,11,-2,25.7,0,0,22.0,1,80,80,80,15,37,57,28,82,125,82,50,38,52,18,35,30,41,93,69,16,1,118,27,54,90,51,15,1,59,,81,111.4,111.4,6.3,112.7,87,70,0.105,84,85,92,80,5.0,-1.2,0.0,0.106,92,66,85,85,112.7,0.0,8.0,0.12,0.625,48,0.043,1,106.9,97.01,0.103,98.91,-1.2,90,1,121,134,80.84,105,0.619,121,56,97.01,135,66,61,53,113.2,37,0.085,0.0,58,25.0,44,57,0.071,1.0,4.0,0.0,5.0,0.13,0.174,9.0,26.0,23.0,2.0,2.0,0.0,0.5,0.143,0.714,7.0,1.0,1.0,0.0,0.286,5.0,4.0,0.143,0.5,1.0,2.0,33.0,0.667,0.0,0.0,0.0,20.0,4.04,0.333,3.64,0.0,11.0,2.2,3.0,0.455,1.0,2.0,3.0,0.333,1.0,8.9,0.0,1.0,0.0,9.6,0.5,0.2,9.0,1.0,0.5,0.375,9.2,4.0,1.0,1.0,0.0,11.0,1.0,1.0,0.25,0.5,0.5,2.0,0.0,1.0,1.0,0.0,,2.0,0.25,0.5,0.0,1.0,0.375,3.0,3.0,0.0,3.0,3.0,0.0,0.375,,0.0,1.0,1.0,0.333,3.0,0.0,1.0,0.333,0.0,3.0,0.375,0.0,,0.333,1.0,0.375,,,,,,,,,,,,,,,,,,0.0,0.0,0.0,,0.0,1.0,0.0,0.0,0.0,2.0,0.625,0.0,0.0,0.0,0.0,0.0,0.0,0.0,0.0,0.0,0.0,0.0,0.0,0.0,0.0,0.0,0.0,5.0,0.0,0.0,0.0,8.0,0.0,0.0,0.0,0.625,0.0,0.462,F-G,0.833,10.0,0.187,12.0,0.646,,0.0,0.0,8.0,0.0,0.0,0.0,0.0,0.625,0.0,0.0,0.0,0.0,0.0,0.0,0.0,0.0,0.0,0.0,5.0,,,0.0,0.0,0.0,0.0,0.0,CLE,0.0,,,,0.0,,2024,22300091,,1.0,5.0,8.0,0.625,0.502,0.123,0.375,2.0,3.0,0.667,0.374,0.292,0.625,3.0,5.0,0.6,0.6,0.0,0.5,3.0,4.0,0.75,0.652,0.098,0.5,3.0,4.0,0.75,0.62,0.131,0.5,2.0,4.0,0.5,0.401,0.099,2.0,2.0,0.0,0.0,0.0,0.0,0.0,1.0,0.0,1.0,1.0,0.0,0.0,0.0,0.0,0.0,0.0,0.0,0.0,0.0,0.0,33.0,0.0,0.0,0.0,0.0,0.0,0.0,0.0,0.0,0.0,0.0,0.0,0.0,0.0,0.0,0.0,0.0,0.0,34.88,14020.0,2.66,1.39,1.27,4.35,4.31,4.4,,,CLE,IND,20231028,2023-24,False,CLE,IND,,,,,,,,,,,,,,,,,,,,,,,,,,,,,,,,,,,,,,,,,,,,,,,,,,,,,,,,,,,,,,,,,,,,,,,,,,,,,,,,,,,,,,,,,,,,,,,,,,,,,,,,,,,,,,
1630171,Isaac Okoro,Isaac,1610612739,CLE,23.0,1,1,0,1.0,30.911666666666665,1,6,0.167,1,2,0.5,0,4,0.0,0,1,1,1,0,2,2,1,1,4,3,12,17.7,0,0,14.0,1,1,1,1,40,121,82,145,54,81,22,96,26,96,84,117,125,92,109,6,5,118,45,17,128,24,92,18,2,100,,31,107.6,107.6,19.7,92.2,166,66,0.104,125,45,41,93,1.0,15.4,0.0,0.105,41,102,154,45,92.2,0.0,6.0,0.042,0.25,108,0.0,1,89.4,100.93,0.026,101.71,15.4,145,1,114,141,84.11,120,0.193,114,84,100.93,141,102,35,150,109.2,121,-0.019,0.0,89,11.1,138,82,0.014,0.0,1.0,0.0,0.0,0.091,0.091,2.0,14.0,11.0,0.0,0.0,0.0,0.0,0.0,0.0,5.0,0.0,0.0,0.0,0.0,0.0,4.0,0.0,0.0,0.0,0.0,20.0,0.0,0.0,0.0,0.0,13.0,2.45,0.15,2.1,0.0,3.0,0.8,0.0,0.167,0.0,3.0,0.0,0.333,0.0,6.8,0.0,1.0,1.0,0.0,0.0,1.0,3.0,0.0,0.167,0.333,6.8,0.0,0.0,0.0,1.0,6.0,0.0,0.0,0.167,0.0,0.0,1.0,0.0,1.0,0.0,0.0,,1.0,0.167,0.0,0.0,0.0,0.5,3.0,0.0,0.0,0.0,3.0,0.0,0.5,,0.0,0.0,0.0,,,,,,,,,,,,,,0.333,0.75,0.333,0.0,0.0,0.5,0.5,,1.0,2.0,0.0,1.0,2.0,,,,0.0,0.0,0.0,0.0,0.0,0.0,0.0,0.0,0.0,3.0,0.0,0.25,0.0,0.5,0.0,1.0,2.0,0.0,0.0,0.0,0.0,0.0,0.0,0.0,0.0,0.0,0.0,0.0,0.0,0.0,0.0,0.0,2.0,0.0,2.0,0.5,0.0,0.0,0.282,F-G,0.61,50.0,-0.024,82.0,0.633,0.0,0.0,0.0,3.0,0.0,0.0,0.0,2.0,0.0,0.5,0.0,0.0,0.0,0.0,0.0,0.0,0.0,0.0,0.0,0.0,0.0,0.0,1.0,1.0,0.0,0.0,0.0,CLE,1.0,0.5,2.0,1.0,2.0,0.75,2024,22300639,,1.0,2.0,17.0,0.118,0.44,-0.323,0.588,2.0,10.0,0.2,0.358,-0.158,0.412,0.0,7.0,0.0,0.536,-0.536,0.059,0.0,1.0,0.0,0.738,-0.738,0.235,0.0,4.0,0.0,0.605,-0.605,0.588,2.0,10.0,0.2,0.364,-0.164,8.0,3.0,5.0,4.0,0.0,1.0,2.0,0.0,1.0,1.0,0.0,1.0,0.0,0.0,0.0,0.0,0.0,0.0,0.0,0.0,0.0,20.0,0.0,0.0,0.0,0.0,0.0,0.0,0.0,0.0,0.0,0.0,0.0,0.0,0.0,0.0,0.0,0.0,0.0,30.92,11749.0,2.23,1.19,1.04,4.0,4.2,3.79,,,MIL,CLE,20240126,2023-24,False,CLE,MIL,,,,,,,,,,,,,,,,,,,,,,,,,,,,,,,,,,,,,,,,,,,,,,,,,,,,,,,,,,,,,,,,,,,,,,,,,,,,,,,,,,,,,,,,,,,,,,,,,,,,,,,,,,,,,,
1630171,Isaac Okoro,Isaac,1610612739,CLE,23.0,1,0,1,0.0,39.4,4,12,0.333,2,7,0.286,3,4,0.75,1,3,4,3,2,4,0,2,3,4,13,-10,32.3,0,0,30.0,1,64,64,64,2,50,34,85,19,15,48,16,14,38,37,52,54,35,13,2,45,115,96,9,41,102,32,13,3,33,,98,112.5,112.5,-12.7,125.0,88,80,0.178,67,89,95,41,4.0,-12.5,10.5,0.182,95,61,74,89,125.0,1.5,12.0,0.107,0.417,67,0.029,90,127.4,97.46,0.091,95.61,-12.5,72,89,80,60,81.22,86,0.472,80,58,97.46,59,61,89,79,114.7,50,0.054,10.7,57,15.8,82,34,0.06,1.0,4.0,0.0,6.0,0.079,0.105,10.0,42.0,38.0,0.0,2.0,0.0,0.0,0.0,0.0,3.0,0.0,0.0,0.0,0.667,0.0,1.0,0.333,0.0,1.0,0.0,56.0,0.0,0.0,0.0,0.0,38.0,1.86,0.232,1.14,0.0,13.0,1.7,3.0,0.4,3.0,4.0,3.0,0.5,0.333,11.7,1.0,1.0,0.0,1.4,1.0,0.25,6.0,2.0,0.571,0.75,9.2,3.0,0.0,0.25,0.0,10.0,1.0,0.0,0.083,0.0,0.0,1.0,0.0,1.0,0.0,0.0,,1.0,0.083,0.0,0.0,0.0,0.167,2.0,0.0,0.0,0.0,2.0,0.0,0.167,,0.0,0.0,0.0,1.0,2.0,0.0,2.0,1.0,0.0,2.0,0.167,0.0,,1.0,2.0,0.167,0.583,0.429,0.583,0.0,0.0,0.286,0.286,,2.0,7.0,0.0,2.0,7.0,,,,0.0,0.0,0.0,0.0,0.0,0.0,0.0,0.0,0.0,6.0,0.0,0.417,0.0,0.286,0.25,0.0,0.0,0.0,0.0,5.0,1.0,0.0,0.0,1.0,0.4,0.0,4.0,0.0,2.0,1.0,0.0,2.0,5.0,0.0,2.0,0.0,0.4,1.0,0.281,F-G,0.664,91.0,0.032,137.0,0.632,0.0,2.0,0.0,5.0,0.0,0.0,0.0,2.0,0.4,0.0,0.0,0.0,5.0,0.0,0.0,0.0,0.0,0.4,0.0,2.0,0.0,0.0,0.0,0.0,0.0,0.0,0.0,CLE,2.0,0.286,7.0,2.0,7.0,0.429,2024,22300934,,1.0,10.0,15.0,0.667,0.495,0.171,0.4,4.0,6.0,0.667,0.426,0.241,0.6,6.0,9.0,0.667,0.544,0.122,0.2,3.0,3.0,1.0,0.622,0.378,0.2,3.0,3.0,1.0,0.575,0.425,0.6,6.0,9.0,0.667,0.434,0.233,5.0,4.0,1.0,5.0,1.0,0.0,0.0,1.0,1.0,2.0,0.5,0.5,0.0,1.0,1.0,1.0,0.0,0.0,1.0,1.0,0.0,56.0,0.0,0.0,0.0,0.0,0.0,0.0,0.0,0.0,0.0,0.0,0.0,0.0,0.0,0.0,0.0,0.0,0.0,39.4,15821.0,3.0,1.6,1.4,4.29,4.49,4.08,,,CLE,PHX,20240311,2023-24,False,CLE,PHX,,,,,,,,,,,,,,,,,,,,,,,,,,,,,,,,,,,,,,,,,,,,,,,,,,,,,,,,,,,,,,,,,,,,,,,,,,,,,,,,,,,,,,,,,,,,,,,,,,,,,,,,,,,,,,
1630171,Isaac Okoro,Isaac,1610612739,CLE,23.0,1,1,0,1.0,32.385,4,7,0.571,1,2,0.5,2,3,0.667,4,3,7,6,0,0,1,1,1,4,11,-2,31.4,0,0,27.0,1,1,1,1,47,86,115,64,80,124,40,61,58,89,7,75,37,20,150,105,28,146,32,27,92,126,57,18,3,66,,136,125.4,125.4,8.2,130.6,67,63,0.11,43,129,174,128,4.0,-5.2,0.0,0.119,174,67,74,129,130.6,0.0,7.0,0.25,0.643,14,0.118,1,119.4,92.64,0.091,96.16,-5.2,131,1,221,191,77.2,199,0.661,221,30,92.64,188,67,84,75,127.6,86,0.13,0.0,49,42.9,72,115,0.104,0.0,6.0,0.0,11.0,0.15,0.15,15.0,32.0,40.0,2.0,4.0,0.0,0.6,0.1,0.8,10.0,2.0,1.0,0.0,0.4,8.0,5.0,0.1,1.0,1.0,3.0,48.0,0.0,0.0,0.0,0.0,29.0,2.69,0.229,1.98,0.0,11.0,2.2,1.0,0.636,0.0,6.0,3.0,0.6,0.667,12.0,0.0,0.0,0.0,14.1,0.0,0.0,5.0,0.0,0.636,0.6,13.2,7.0,4.0,0.667,0.0,11.0,0.0,1.0,0.286,0.5,0.5,2.0,0.0,1.0,1.0,0.0,,2.0,0.286,0.5,0.0,1.0,0.286,2.0,2.0,0.0,2.0,2.0,0.0,0.286,,0.0,1.0,1.0,0.0,1.0,0.0,0.0,0.0,0.0,1.0,0.143,0.0,,0.0,0.0,0.143,0.286,0.75,0.286,0.0,0.0,0.5,0.5,,1.0,2.0,0.0,1.0,2.0,,,,0.0,0.0,0.0,0.0,0.0,0.0,0.0,0.0,0.0,3.0,0.0,0.643,0.0,0.5,0.5,0.0,0.0,0.0,0.0,2.0,0.0,0.0,0.0,0.0,0.5,0.0,2.0,0.0,3.0,1.0,0.0,1.0,5.0,0.0,0.0,0.0,0.6,0.0,0.301,F-G,0.628,27.0,-0.006,43.0,0.634,0.0,1.0,0.0,5.0,0.0,0.0,0.0,0.0,0.6,0.0,0.0,0.0,2.0,0.0,0.0,0.0,0.0,0.5,0.0,3.0,0.0,0.0,0.0,0.0,0.0,0.0,0.0,CLE,1.0,0.5,2.0,1.0,2.0,0.75,2024,22300349,,1.0,6.0,9.0,0.667,0.424,0.243,0.556,4.0,5.0,0.8,0.371,0.429,0.444,2.0,4.0,0.5,0.475,0.025,0.111,1.0,1.0,1.0,0.573,0.427,0.111,1.0,1.0,1.0,0.519,0.481,0.778,5.0,7.0,0.714,0.384,0.331,6.0,4.0,2.0,1.0,0.0,4.0,10.0,0.0,0.0,0.0,0.0,0.0,0.0,0.0,0.0,0.0,0.0,0.0,0.0,0.0,0.0,48.0,0.0,0.0,0.0,0.0,0.0,0.0,0.0,0.0,0.0,0.0,0.0,0.0,0.0,0.0,0.0,0.0,0.0,32.38,13022.0,2.47,1.23,1.24,4.3,4.35,3.93,,,CLE,HOU,20231218,2023-24,False,CLE,HOU,,,,,,,,,,,,,,,,,,,,,,,,,,,,,,,,,,,,,,,,,,,,,,,,,,,,,,,,,,,,,,,,,,,,,,,,,,,,,,,,,,,,,,,,,,,,,,,,,,,,,,,,,,,,,,
1630171,Isaac Okoro,Isaac,1610612739,CLE,23.0,1,0,1,0.0,25.305,4,4,1.0,0,0,0.0,3,4,0.75,1,2,3,0,0,0,0,0,2,3,11,0,14.6,0,0,14.0,1,144,144,144,132,104,185,1,149,213,149,55,48,91,57,132,123,203,152,136,93,1,133,51,113,125,174,32,2,169,,155,120.8,120.8,3.7,116.4,131,53,0.103,203,110,146,134,4.0,4.4,0.0,0.101,146,102,155,110,116.4,0.0,4.0,0.0,1.0,203,0.045,1,117.0,102.43,0.074,102.2,4.4,172,1,96,223,85.36,100,0.955,96,87,102.43,227,102,110,17,120.7,104,0.091,0.0,90,0.0,8,185,0.061,0.0,1.0,1.0,1.0,0.0,0.071,0.0,15.0,14.0,0.0,0.0,0.0,1.0,0.0,2.0,2.0,0.0,0.0,0.0,0.0,4.0,2.0,0.0,0.0,0.0,2.0,20.0,1.0,0.0,0.0,0.0,15.0,2.1,0.55,1.55,0.0,11.0,0.7,4.0,0.5,1.0,2.0,1.0,0.5,0.5,5.9,0.0,2.0,1.0,6.3,1.0,0.667,4.0,1.0,0.6,0.667,6.0,1.0,0.0,0.5,0.5,6.0,1.0,,,,,,,,,,,,,,,1.0,0.75,3.0,3.0,0.0,3.0,3.0,0.0,0.75,,0.0,1.0,1.0,1.0,1.0,0.0,1.0,1.0,0.0,1.0,0.25,0.0,,1.0,1.0,0.25,,,,,,,,,,,,,,,,,,0.0,0.0,0.0,,0.0,1.0,0.0,0.0,0.0,4.0,1.0,0.0,0.0,0.0,0.0,1.0,1.0,0.0,0.0,0.0,0.0,0.0,0.0,0.0,0.0,0.0,0.0,3.0,0.0,0.0,0.0,3.0,1.0,0.0,0.0,1.0,0.0,0.285,F-G,0.661,109.0,0.029,165.0,0.631,0.0,0.0,1.0,3.0,0.0,0.0,1.0,0.0,1.0,0.0,1.0,0.0,0.0,0.0,0.0,0.0,0.0,0.0,0.0,3.0,0.0,0.0,0.0,0.0,0.0,0.0,0.0,CLE,0.0,,,,0.0,,2024,22301132,,1.0,4.0,10.0,0.4,0.461,-0.061,0.6,4.0,6.0,0.667,0.39,0.277,0.4,0.0,4.0,0.0,0.508,-0.508,0.1,0.0,1.0,0.0,0.547,-0.547,0.2,0.0,2.0,0.0,0.54,-0.54,0.8,4.0,8.0,0.5,0.381,0.119,5.0,2.0,3.0,1.0,1.0,0.0,0.0,1.0,0.0,1.0,1.0,0.0,0.0,0.0,0.0,0.0,0.0,0.0,0.0,0.0,0.0,20.0,0.0,0.0,0.0,0.0,0.0,0.0,0.0,0.0,0.0,0.0,0.0,0.0,0.0,0.0,0.0,0.0,0.0,25.3,9836.0,1.86,0.98,0.88,4.16,4.48,3.85,,,LAC,CLE,20240407,2023-24,False,CLE,LAC,,,,,,,,,,,,,,,,,,,,,,,,,,,,,,,,,,,,,,,,,,,,,,,,,,,,,,,,,,,,,,,,,,,,,,,,,,,,,,,,,,,,,,,,,,,,,,,,,,,,,,,,,,,,,,
1630171,Isaac Okoro,Isaac,1610612739,CLE,23.0,1,1,0,1.0,26.555,2,5,0.4,1,4,0.25,2,6,0.333,0,4,4,0,0,1,0,0,1,3,7,13,14.8,0,0,14.0,1,1,1,1,64,98,101,96,65,49,83,33,10,84,90,48,60,135,102,29,52,1,66,27,86,21,102,11,1,98,,37,112.7,112.7,26.9,87.5,132,55,0.136,135,45,46,90,2.0,25.2,0.0,0.129,46,76,104,45,87.5,0.0,5.0,0.0,0.5,135,0.0,1,85.4,100.32,0.121,101.8,25.2,81,1,90,122,83.6,64,0.458,90,90,100.32,136,76,46,115,112.2,98,0.039,0.0,80,0.0,83,101,0.066,0.0,0.0,0.0,1.0,0.0,0.0,0.0,18.0,19.0,0.0,1.0,0.0,0.0,0.0,0.0,1.0,0.0,0.0,0.0,1.0,0.0,0.0,0.0,0.0,0.0,0.0,27.0,0.0,0.0,0.0,0.0,17.0,1.48,0.259,0.85,0.0,7.0,0.7,0.0,1.0,0.0,0.0,2.0,1.0,0.0,6.8,0.0,2.0,2.0,0.0,0.0,0.5,4.0,0.0,1.0,1.0,6.8,2.0,0.0,0.0,0.5,4.0,0.0,,,,,,,,,,,,,,,1.0,0.2,1.0,1.0,0.0,1.0,1.0,0.0,0.2,,0.0,1.0,1.0,,,,,,,,,,,,,,0.8,0.375,0.8,0.0,0.0,0.25,0.25,,1.0,4.0,0.0,1.0,4.0,,,,0.0,0.0,0.0,0.0,0.0,0.0,0.0,0.0,0.0,3.0,0.0,0.5,0.0,0.25,0.333,0.0,0.0,0.0,,4.0,1.0,,,0.0,0.25,0.0,3.0,0.0,1.0,1.0,0.0,1.0,1.0,0.0,0.0,0.0,1.0,0.0,0.28,F-G,0.663,110.0,0.031,166.0,0.631,0.0,1.0,0.0,1.0,0.0,,0.0,0.0,1.0,0.0,0.0,0.0,4.0,0.0,0.0,0.0,0.0,0.25,0.0,1.0,0.0,0.0,0.0,0.0,,,0.0,CLE,1.0,0.25,4.0,1.0,4.0,0.375,2024,22301158,,1.0,3.0,13.0,0.231,0.429,-0.198,0.462,2.0,6.0,0.333,0.35,-0.016,0.538,1.0,7.0,0.143,0.482,-0.339,0.077,1.0,1.0,1.0,0.617,0.383,0.231,1.0,3.0,0.333,0.507,-0.174,0.615,2.0,8.0,0.25,0.344,-0.094,3.0,3.0,0.0,3.0,0.0,0.0,0.0,0.0,0.0,0.0,0.0,0.0,0.0,0.0,0.0,0.0,0.0,0.0,0.0,0.0,0.0,27.0,0.0,0.0,0.0,0.0,0.0,0.0,0.0,0.0,0.0,0.0,0.0,0.0,0.0,0.0,0.0,0.0,0.0,26.55,11306.0,2.14,0.97,1.17,4.45,4.77,4.57,,,CLE,MEM,20240410,2023-24,False,CLE,MEM,,,,,,,,,,,,,,,,,,,,,,,,,,,,,,,,,,,,,,,,,,,,,,,,,,,,,,,,,,,,,,,,,,,,,,,,,,,,,,,,,,,,,,,,,,,,,,,,,,,,,,,,,,,,,,
1630171,Isaac Okoro,Isaac,1610612739,CLE,23.0,1,1,0,1.0,18.558333333333334,2,6,0.333,1,4,0.25,2,2,1.0,0,1,1,2,0,2,0,0,0,1,7,1,17.2,0,0,15.0,1,1,1,1,141,134,122,152,80,75,111,46,56,1,117,152,177,84,137,22,73,1,1,88,124,111,128,26,3,131,,84,107.3,107.3,9.4,104.9,121,41,0.159,97,114,102,120,2.0,2.4,0.0,0.171,102,128,203,114,104.9,0.0,6.0,0.154,0.417,84,0.0,1,103.0,106.04,0.045,104.65,2.4,185,1,55,138,88.37,66,0.509,55,117,106.04,125,128,93,130,112.4,134,0.089,0.0,99,22.2,151,122,0.024,2.0,4.0,0.0,5.0,0.154,0.308,5.0,15.0,13.0,0.0,3.0,0.0,0.0,0.0,0.0,4.0,0.0,0.0,0.0,0.75,0.0,1.0,0.25,0.0,1.0,0.0,19.0,2.0,0.0,0.0,0.0,12.0,2.15,0.368,1.74,0.0,7.0,0.7,1.0,0.25,0.0,1.0,1.0,0.333,0.0,17.7,0.0,0.0,0.0,0.0,0.0,0.0,3.0,0.0,0.25,0.333,17.7,1.0,0.0,0.0,0.0,4.0,0.0,,,,,,,,,,,,,,,0.5,0.333,2.0,1.0,0.0,1.0,2.0,0.0,0.333,,0.0,0.5,0.5,,,,,,,,,,,,,,0.667,0.375,0.667,0.0,0.0,0.25,0.25,,1.0,4.0,0.0,1.0,4.0,0.0,0.0,0.0,0.0,1.0,0.0,0.0,1.0,0.0,1.0,0.0,0.0,3.0,2.0,0.417,0.0,0.333,0.333,0.0,1.0,0.0,0.0,3.0,0.0,1.0,0.0,0.0,0.333,0.0,3.0,0.0,1.0,1.0,0.0,1.0,1.0,0.0,0.0,0.0,1.0,0.0,0.285,F-G,0.661,72.0,0.028,109.0,0.632,0.0,1.0,0.0,1.0,0.0,,0.0,0.0,1.0,0.0,1.0,0.0,3.0,0.0,0.0,1.0,0.0,0.333,0.0,1.0,0.0,0.0,0.0,0.0,,,0.0,CLE,1.0,0.333,3.0,1.0,3.0,0.5,2024,22300820,,1.0,4.0,8.0,0.5,0.442,0.058,0.75,3.0,6.0,0.5,0.332,0.168,0.25,1.0,2.0,0.5,0.528,-0.028,0.125,1.0,1.0,1.0,0.644,0.356,0.25,1.0,2.0,0.5,0.571,-0.071,0.75,3.0,6.0,0.5,0.348,0.152,3.0,1.0,2.0,3.0,0.0,0.0,0.0,0.0,0.0,0.0,0.0,0.0,0.0,1.0,1.0,1.0,0.0,0.0,1.0,1.0,0.0,19.0,0.0,0.0,0.0,0.0,0.0,0.0,0.0,0.0,0.0,0.0,0.0,0.0,0.0,0.0,0.0,0.0,0.0,18.57,7353.0,1.39,0.68,0.71,4.17,4.06,4.29,,,WAS,CLE,20240225,2023-24,False,CLE,WAS,,,,,,,,,,,,,,,,,,,,,,,,,,,,,,,,,,,,,,,,,,,,,,,,,,,,,,,,,,,,,,,,,,,,,,,,,,,,,,,,,,,,,,,,,,,,,,,,,,,,,,,,,,,,,,
1630171,Isaac Okoro,Isaac,1610612739,CLE,23.0,1,0,1,0.0,17.816666666666666,2,2,1.0,1,1,1.0,2,2,1.0,1,3,4,2,1,1,0,0,3,3,7,4,16.8,0,0,16.0,1,76,76,76,98,89,122,1,52,102,1,36,41,1,53,50,53,56,47,24,43,1,111,25,84,53,87,13,2,79,,101,125.7,125.7,9.5,121.2,58,35,0.108,72,63,89,25,2.0,4.5,16.7,0.11,89,38,33,63,121.2,2.0,2.0,0.125,1.25,18,0.083,125,122.5,91.6,0.2,88.85,4.5,33,124,147,125,76.33,149,1.215,147,32,91.6,125,38,60,5,132.1,89,0.112,17.0,26,33.3,4,122,0.148,0.0,2.0,0.0,2.0,0.133,0.133,4.0,13.0,15.0,2.0,2.0,0.0,1.0,0.25,1.0,4.0,2.0,1.0,0.0,0.5,4.0,1.0,0.25,1.0,1.0,1.0,20.0,0.0,0.0,0.0,0.0,10.0,2.06,0.35,1.35,0.0,7.0,0.7,1.0,0.571,0.0,1.0,3.0,0.5,1.0,8.3,0.0,0.0,0.0,7.4,0.0,0.0,6.0,0.0,0.571,0.5,8.0,4.0,1.0,1.0,0.0,7.0,0.0,1.0,0.5,1.0,1.0,1.0,0.0,1.0,1.0,0.0,,1.0,0.5,1.0,0.0,,,,,,,,,,,,,,,,,,,,,,,,,,,0.5,1.5,0.5,0.0,0.0,1.0,1.0,,1.0,1.0,0.0,1.0,1.0,,,,0.0,0.0,0.0,0.0,0.0,0.0,0.0,0.0,0.0,3.0,0.0,1.25,0.0,1.0,0.0,1.0,0.0,0.0,,0.0,0.0,,,0.0,0.0,0.0,0.0,0.0,1.0,0.0,0.0,0.0,1.0,0.0,1.0,1.0,1.0,0.0,0.322,F-G,0.615,24.0,-0.018,39.0,0.633,0.0,1.0,0.0,1.0,,,0.0,0.0,1.0,0.0,0.0,0.0,1.0,0.0,0.0,,,1.0,0.0,1.0,0.0,0.0,0.0,0.0,,,0.0,CLE,1.0,1.0,1.0,1.0,1.0,1.5,2024,22300319,,1.0,2.0,7.0,0.286,0.482,-0.197,0.143,1.0,1.0,1.0,0.418,0.582,0.857,1.0,6.0,0.167,0.567,-0.4,0.429,1.0,3.0,0.333,0.661,-0.328,0.571,1.0,4.0,0.25,0.615,-0.365,0.286,1.0,2.0,0.5,0.395,0.105,3.0,3.0,0.0,2.0,0.0,2.0,5.0,0.0,0.0,0.0,0.0,0.0,0.0,0.0,0.0,0.0,0.0,0.0,0.0,0.0,0.0,20.0,0.0,0.0,0.0,0.0,0.0,0.0,0.0,0.0,0.0,0.0,0.0,0.0,0.0,0.0,0.0,0.0,0.0,17.82,7231.0,1.37,0.76,0.61,4.35,4.92,3.79,,,BOS,CLE,20231214,2023-24,False,CLE,BOS,,,,,,,,,,,,,,,,,,,,,,,,,,,,,,,,,,,,,,,,,,,,,,,,,,,,,,,,,,,,,,,,,,,,,,,,,,,,,,,,,,,,,,,,,,,,,,,,,,,,,,,,,,,,,,
1630171,Isaac Okoro,Isaac,1610612739,CLE,23.0,1,1,0,1.0,18.95,1,2,0.5,0,0,0.0,2,2,1.0,0,2,2,0,0,1,1,0,2,1,4,4,12.4,0,0,10.0,1,1,1,1,51,50,62,27,42,61,42,21,26,1,42,41,49,54,44,15,11,1,31,42,50,28,48,9,1,52,,5,86.1,86.1,16.1,71.1,22,36,0.077,54,21,6,37,1.0,15.1,0.0,0.071,6,65,61,21,71.1,0.0,2.0,0.0,0.5,54,0.0,1,67.0,93.72,0.069,98.23,15.1,55,1,52,73,78.1,38,0.694,52,42,93.72,75,65,20,15,83.2,50,0.145,0.0,67,0.0,35,62,0.039,0.0,0.0,0.0,2.0,0.0,0.0,0.0,10.0,11.0,0.0,0.0,0.0,0.0,0.0,0.0,0.0,0.0,0.0,0.0,0.0,0.0,0.0,0.0,0.0,0.0,0.0,14.0,0.0,0.0,0.0,0.0,7.0,2.32,0.286,1.93,0.0,4.0,0.5,0.0,0.286,0.0,2.0,1.0,0.4,0.0,10.8,0.0,1.0,1.0,0.0,0.0,0.5,5.0,0.0,0.286,0.4,10.8,1.0,0.0,0.0,0.5,7.0,0.0,,,,,,,,,,,,,,,0.0,0.5,1.0,0.0,0.0,0.0,1.0,0.0,0.5,,0.0,0.0,0.0,1.0,1.0,0.0,1.0,1.0,0.0,1.0,0.5,0.0,,1.0,1.0,0.5,,,,,,,,,,,,,,,,,,0.0,0.0,0.0,,0.0,0.0,0.0,0.0,0.0,0.0,0.5,0.0,0.0,0.0,0.0,0.0,0.0,0.0,0.0,0.0,0.0,0.0,0.0,0.0,0.0,0.0,0.0,1.0,0.0,0.0,0.0,2.0,0.0,0.0,0.0,0.5,0.0,0.4,F-G,0.25,1.0,-0.404,4.0,0.654,0.0,0.0,0.0,2.0,0.0,,0.0,0.0,0.5,0.0,0.0,0.0,0.0,0.0,0.0,0.0,0.0,0.0,0.0,1.0,0.0,0.0,0.0,0.0,,,0.0,CLE,0.0,,,,0.0,,2024,42300131,,1.0,2.0,10.0,0.2,0.484,-0.284,0.5,1.0,5.0,0.2,0.35,-0.15,0.5,1.0,5.0,0.2,0.574,-0.374,0.4,1.0,4.0,0.25,0.654,-0.404,0.4,1.0,4.0,0.25,0.625,-0.375,0.6,1.0,6.0,0.167,0.358,-0.191,3.0,2.0,1.0,1.0,0.0,0.0,0.0,0.0,0.0,0.0,0.0,0.0,0.0,1.0,1.0,1.0,1.0,0.0,1.0,1.0,1.0,14.0,0.0,0.0,0.0,0.0,0.0,0.0,0.0,0.0,0.0,0.0,0.0,0.0,0.0,0.0,0.0,0.0,0.0,18.95,7592.0,1.44,0.73,0.71,4.13,4.33,3.94,1610612753.0,CLE_ORL_2024,CLE,ORL,20240420,2023-24,True,CLE,ORL,,,1610612739.0,CLE,1610612739.0,CLE,1610612739.0,CLE,,,,,,,,,,,,,,,,,,,,,,,,,,,,,,,,,,,,,,,,,,,,,,,,,,,,,,,,,,,,,,,,,,,,,,,,,,,,,,,,,,,,,,,,,,,,,,,,,,,,,,
1630171,Isaac Okoro,Isaac,1610612739,CLE,23.0,1,0,1,0.0,21.24,1,8,0.125,0,4,0.0,0,1,0.0,2,1,3,2,0,0,1,2,3,2,2,-6,11.6,0,0,9.0,1,19,19,19,23,28,17,33,23,11,23,20,19,20,6,26,19,13,20,16,6,29,25,11,32,31,25,4,2,27,,27,100.0,100.0,-16.9,109.3,35,41,0.17,17,29,22,16,1.0,-9.3,0.0,0.18,22,26,23,29,109.3,0.0,8.0,0.133,0.125,12,0.077,1,110.3,94.92,0.056,97.72,-9.3,26,1,19,18,79.1,18,0.118,19,5,94.92,16,26,30,33,93.4,28,-0.054,0.0,31,20.0,33,17,0.068,0.0,2.0,0.0,2.0,0.143,0.143,5.0,19.0,14.0,0.0,2.0,0.0,1.0,0.0,0.667,3.0,0.0,0.0,0.0,0.667,2.0,1.0,0.0,0.0,0.0,1.0,24.0,0.0,0.0,0.0,1.0,18.0,1.69,0.083,0.92,0.0,2.0,0.7,3.0,0.429,0.0,4.0,0.0,0.333,0.5,17.8,0.0,2.0,1.0,5.5,0.5,0.667,3.0,0.0,0.429,0.333,9.6,1.0,1.0,0.5,1.0,7.0,1.0,0.0,0.25,0.0,0.0,2.0,0.0,1.0,0.0,0.0,,2.0,0.25,0.0,0.0,0.0,0.125,1.0,0.0,0.0,0.0,1.0,0.0,0.125,,0.0,0.0,0.0,1.0,1.0,0.0,1.0,1.0,0.0,1.0,0.125,0.0,,1.0,1.0,0.125,0.5,0.0,0.5,0.0,0.0,0.0,0.0,,0.0,4.0,0.0,0.0,4.0,0.0,0.0,0.0,0.0,2.0,0.0,0.0,2.0,0.0,0.0,0.0,0.0,0.0,0.0,0.125,0.0,0.0,0.0,0.0,0.0,0.0,0.0,1.0,0.0,1.0,0.0,0.0,0.0,0.0,1.0,0.0,1.0,0.0,0.0,0.0,4.0,0.0,2.0,0.0,0.25,0.0,0.321,F-G,0.593,16.0,-0.051,27.0,0.643,0.0,0.0,0.0,4.0,0.0,0.0,0.0,1.0,0.25,0.0,0.0,0.0,2.0,0.0,0.0,1.0,0.0,0.0,0.0,1.0,0.0,0.0,0.0,0.0,0.0,0.0,0.0,CLE,0.0,0.0,2.0,0.0,2.0,0.0,2024,42300204,,1.0,1.0,2.0,0.5,0.503,-0.003,0.5,1.0,1.0,1.0,0.348,0.652,0.5,0.0,1.0,0.0,0.578,-0.578,0.5,0.0,1.0,0.0,0.651,-0.651,0.5,0.0,1.0,0.0,0.62,-0.62,0.5,1.0,1.0,1.0,0.38,0.62,2.0,1.0,1.0,1.0,0.0,2.0,5.0,0.0,0.0,0.0,0.0,0.0,0.0,0.0,0.0,0.0,0.0,0.0,0.0,0.0,0.0,24.0,0.0,0.0,0.0,0.0,0.0,0.0,0.0,0.0,0.0,0.0,0.0,0.0,0.0,0.0,0.0,0.0,0.0,21.23,8515.0,1.61,0.81,0.8,4.24,4.27,4.21,1610612738.0,CLE_BOS_2024,CLE,BOS,20240513,2023-24,True,CLE,BOS,CLE,1610612739.0,1610612739.0,CLE,1610612739.0,CLE,1610612739.0,CLE,,,,,,,,,,,,,,,,,,,,,,,,,,,,,,,,,,,,,,,,,,,,,,,,,,,,,,,,,,,,,,,,,,,,,,,,,,,,,,,,,,,,,,,,,,,,,,,,,,,,,,
1630171,Isaac Okoro,Isaac,1610612739,CLE,23.0,1,0,1,0.0,17.78,1,7,0.143,0,4,0.0,0,0,0.0,0,1,1,1,1,1,0,1,0,1,2,-17,6.7,0,0,6.0,1,22,22,22,24,26,20,29,23,11,23,15,17,15,22,28,31,20,11,5,13,29,1,13,29,40,29,4,1,30,,36,81.8,81.8,-47.7,125.7,39,33,0.229,18,36,39,15,1.0,-43.9,11.1,0.233,39,35,34,36,125.7,1.0,7.0,0.111,0.143,21,0.0,29,131.3,91.79,0.083,88.87,-43.9,27,29,24,7,76.49,30,0.143,24,22,91.79,9,35,36,31,83.5,26,-0.034,11.1,35,11.1,29,20,0.033,0.0,1.0,0.0,1.0,0.091,0.091,2.0,17.0,11.0,0.0,1.0,0.0,0.0,0.0,0.0,1.0,0.0,0.0,0.0,1.0,0.0,0.0,1.0,0.0,1.0,0.0,19.0,0.0,0.0,0.0,2.0,16.0,1.97,0.105,1.16,0.0,2.0,0.6,2.0,0.25,1.0,1.0,1.0,0.333,0.0,3.8,0.0,0.0,0.0,0.0,0.0,0.0,3.0,1.0,0.333,0.5,3.8,1.0,0.0,0.0,0.0,4.0,0.0,,,,,,,,,,,,,,,0.333,0.429,3.0,1.0,0.0,1.0,3.0,0.0,0.429,,0.0,0.333,0.333,,,,,,,,,,,,,,0.571,0.0,0.571,0.0,0.0,0.0,0.0,,0.0,4.0,0.0,0.0,4.0,,,,0.0,0.0,0.0,0.0,0.0,0.0,0.0,0.0,0.0,0.0,0.0,0.143,0.0,0.0,0.0,0.0,0.0,0.0,0.0,3.0,2.0,0.0,0.0,0.0,0.0,0.0,1.0,0.0,1.0,0.0,0.0,0.0,3.0,0.0,1.0,0.0,0.333,0.0,0.317,F-G,0.615,16.0,-0.028,26.0,0.643,0.0,0.0,0.0,3.0,0.0,,0.0,1.0,0.333,0.0,0.0,0.0,3.0,0.0,0.0,0.0,0.0,0.0,0.0,1.0,0.0,0.0,0.0,0.0,,,0.0,CLE,0.0,0.0,4.0,0.0,4.0,0.0,2024,42300203,,1.0,2.0,4.0,0.5,0.493,0.007,0.5,0.0,2.0,0.0,0.354,-0.354,0.5,2.0,2.0,1.0,0.578,0.422,0.25,1.0,1.0,1.0,0.651,0.349,0.25,1.0,1.0,1.0,0.62,0.38,0.5,0.0,2.0,0.0,0.374,-0.374,3.0,1.0,2.0,0.0,0.0,1.0,2.0,0.0,0.0,0.0,0.0,0.0,0.0,0.0,0.0,0.0,0.0,0.0,0.0,0.0,0.0,19.0,0.0,0.0,0.0,0.0,0.0,0.0,0.0,0.0,0.0,0.0,0.0,0.0,0.0,0.0,0.0,0.0,0.0,17.78,6808.0,1.29,0.66,0.63,4.12,4.53,3.74,1610612738.0,CLE_BOS_2024,CLE,BOS,20240511,2023-24,True,CLE,BOS,,,1610612739.0,CLE,1610612739.0,CLE,1610612739.0,CLE,,,,,,,,,,,,,,,,,,,,,,,,,,,,,,,,,,,,,,,,,,,,,,,,,,,,,,,,,,,,,,,,,,,,,,,,,,,,,,,,,,,,,,,,,,,,,,,,,,,,,,
1630171,Isaac Okoro,Isaac,1610612739,CLE,23.0,1,1,0,1.0,21.33333333333333,5,6,0.833,1,1,1.0,1,2,0.5,0,1,1,0,3,1,0,1,4,1,12,15,13.2,0,0,16.0,1,1,1,1,21,12,22,3,13,27,1,18,13,18,22,25,31,32,2,6,15,34,42,18,14,6,26,5,1,21,,10,128.6,128.6,35.6,90.7,26,42,0.233,32,5,10,20,5.0,37.9,30.0,0.235,10,10,40,5,90.7,0.0,6.0,0.0,0.917,32,0.0,45,92.8,95.63,0.042,94.64,37.9,35,45,28,11,79.69,31,0.872,28,22,95.63,11,10,8,5,128.3,12,0.062,30.4,9,0.0,3,22,0.026,0.0,0.0,0.0,1.0,0.0,0.0,0.0,14.0,9.0,0.0,1.0,0.0,0.0,0.0,0.0,2.0,0.0,0.0,0.0,0.5,0.0,1.0,0.0,0.0,0.0,0.0,17.0,2.0,0.0,0.0,1.0,12.0,2.15,0.706,1.82,0.0,12.0,0.6,1.0,0.25,0.0,1.0,0.0,0.333,0.0,5.0,0.0,1.0,1.0,0.0,0.0,1.0,3.0,0.0,0.25,0.333,5.0,0.0,0.0,0.0,1.0,4.0,0.0,0.0,0.167,0.0,0.0,1.0,0.0,1.0,0.0,0.0,,1.0,0.167,0.0,0.0,1.0,0.5,3.0,3.0,0.0,3.0,3.0,0.0,0.5,,0.0,1.0,1.0,1.0,1.0,0.0,1.0,1.0,0.0,1.0,0.167,0.0,,1.0,1.0,0.167,0.167,1.5,0.167,0.0,0.0,1.0,1.0,,1.0,1.0,0.0,1.0,1.0,,,,0.0,0.0,0.0,0.0,0.0,0.0,1.0,0.0,0.0,3.0,2.0,0.917,0.0,1.0,0.0,1.0,0.0,0.0,0.0,0.0,0.0,0.0,0.0,0.0,0.0,0.0,0.0,0.0,4.0,0.0,0.0,0.0,5.0,0.0,1.0,1.0,0.8,0.0,0.321,F-G,0.6,15.0,-0.043,25.0,0.643,0.0,0.0,0.0,5.0,0.0,,0.0,1.0,0.8,1.0,0.0,0.0,0.0,0.0,0.0,0.0,0.0,0.0,0.0,4.0,0.0,0.0,0.0,1.0,,,0.0,CLE,1.0,1.0,1.0,1.0,1.0,1.5,2024,42300202,,1.0,2.0,5.0,0.4,0.495,-0.095,0.4,0.0,2.0,0.0,0.377,-0.377,0.6,2.0,3.0,0.667,0.564,0.103,0.4,2.0,2.0,1.0,0.651,0.349,0.4,2.0,2.0,1.0,0.62,0.38,0.4,0.0,2.0,0.0,0.393,-0.393,1.0,0.0,1.0,0.0,0.0,3.0,9.0,0.0,1.0,1.0,0.0,1.0,0.0,0.0,0.0,0.0,0.0,0.0,0.0,0.0,0.0,17.0,0.0,0.0,0.0,0.0,0.0,0.0,0.0,0.0,0.0,0.0,0.0,0.0,0.0,0.0,0.0,0.0,0.0,21.33,8377.0,1.59,0.84,0.75,4.18,4.34,3.51,1610612738.0,CLE_BOS_2024,BOS,CLE,20240509,2023-24,True,CLE,BOS,CLE,1610612739.0,1610612739.0,CLE,1610612739.0,CLE,1610612739.0,CLE,,,,,,,,,,,,,,,,,,,,,,,,,,,,,,,,,,,,,,,,,,,,,,,,,,,,,,,,,,,,,,,,,,,,,,,,,,,,,,,,,,,,,,,,,,,,,,,,,,,,,,
1630171,Isaac Okoro,Isaac,1610612739,CLE,23.0,1,0,1,0.0,28.55,4,11,0.364,3,8,0.375,0,0,0.0,0,1,1,1,0,0,0,1,2,1,11,-21,13.7,0,0,16.0,1,25,25,25,15,17,15,27,5,4,17,18,21,18,24,30,34,24,20,14,16,29,27,18,16,44,27,4,1,23,,42,100.0,100.0,-33.9,136.8,35,57,0.167,28,42,43,18,4.0,-36.8,0.0,0.174,43,26,39,42,136.8,0.0,11.0,0.059,0.5,27,0.0,1,132.0,95.83,0.034,98.49,-36.8,36,1,18,22,79.86,13,0.5,18,24,95.83,22,26,41,25,98.1,17,0.031,0.0,32,8.3,20,15,0.016,0.0,1.0,0.0,2.0,0.063,0.063,2.0,25.0,16.0,0.0,0.0,0.0,0.0,0.0,0.0,3.0,0.0,0.0,0.0,0.0,0.0,2.0,0.0,0.0,0.0,0.0,28.0,0.0,0.0,0.0,0.0,21.0,1.55,0.393,1.07,0.0,11.0,0.7,0.0,0.2,1.0,1.0,1.0,0.25,0.0,5.2,0.0,0.0,0.0,0.0,0.0,0.0,4.0,1.0,0.25,0.333,5.2,1.0,0.0,0.0,0.0,5.0,0.0,,,,,,,,,,,,,,,0.333,0.273,3.0,1.0,0.0,1.0,3.0,0.0,0.273,,0.0,0.333,0.333,,2.0,2.0,0.0,0.0,0.0,0.0,0.182,0.182,0.0,0.0,0.0,0.0,0.545,0.75,0.545,0.0,0.0,0.5,0.5,,3.0,6.0,0.0,3.0,6.0,0.0,0.0,0.0,0.0,1.0,0.0,0.0,1.0,0.0,0.0,0.0,0.0,9.0,0.0,0.5,0.0,0.429,0.0,3.0,2.0,0.0,0.0,1.0,0.0,1.0,0.0,0.0,0.0,0.0,1.0,0.0,1.0,0.0,0.0,0.0,1.0,0.0,6.0,0.5,1.0,0.0,0.315,F-G,0.565,13.0,-0.077,23.0,0.642,0.0,1.0,0.0,1.0,0.0,0.0,0.0,4.0,1.0,0.5,2.0,0.0,3.0,0.0,0.0,1.0,0.0,0.333,0.0,1.0,0.0,0.0,0.0,2.0,0.0,0.0,0.0,CLE,3.0,0.429,7.0,3.0,7.0,0.643,2024,42300201,,1.0,5.0,9.0,0.556,0.51,0.046,0.444,2.0,4.0,0.5,0.382,0.118,0.556,3.0,5.0,0.6,0.601,-0.001,0.333,2.0,3.0,0.667,0.672,-0.006,0.333,2.0,3.0,0.667,0.646,0.021,0.556,2.0,5.0,0.4,0.389,0.011,4.0,1.0,3.0,1.0,0.0,3.0,7.0,0.0,0.0,0.0,0.0,0.0,0.0,2.0,2.0,2.0,0.0,0.0,1.0,1.0,0.0,28.0,0.0,0.0,0.0,0.0,0.0,0.0,0.0,0.0,0.0,0.0,0.0,0.0,0.0,0.0,0.0,0.0,0.0,28.55,11059.0,2.09,1.06,1.03,4.18,4.61,3.8,1610612738.0,CLE_BOS_2024,BOS,CLE,20240507,2023-24,True,CLE,BOS,,,1610612739.0,CLE,1610612739.0,CLE,1610612739.0,CLE,,,,,,,,,,,,,,,,,,,,,,,,,,,,,,,,,,,,,,,,,,,,,,,,,,,,,,,,,,,,,,,,,,,,,,,,,,,,,,,,,,,,,,,,,,,,,,,,,,,,,,
1630171,Isaac Okoro,Isaac,1610612739,CLE,23.0,1,1,0,1.0,25.40333333333333,4,8,0.5,2,5,0.4,0,0,0.0,0,0,0,1,2,4,0,0,0,2,10,12,21.5,0,0,21.0,1,1,1,1,32,23,24,11,9,15,14,28,29,28,27,46,48,31,10,1,21,1,1,18,22,1,26,8,2,26,,7,107.3,107.3,29.8,88.7,18,55,0.164,38,2,9,26,4.0,18.6,18.2,0.174,9,21,48,2,88.7,0.5,8.0,0.053,0.625,36,0.0,45,85.0,102.03,0.0,100.79,18.6,46,45,3,24,85.03,3,0.625,3,27,102.03,23,21,2,12,114.8,23,0.112,18.2,4,9.1,11,24,0.0,0.0,1.0,0.0,1.0,0.077,0.077,3.0,17.0,13.0,0.0,0.0,0.0,0.0,0.0,0.0,1.0,0.0,0.0,0.0,0.0,0.0,0.0,0.0,0.0,0.0,0.0,26.0,0.0,0.0,0.0,0.0,14.0,2.01,0.385,1.04,0.0,10.0,0.9,1.0,,,,,,,,,,,,,,,,,,,,,,,,,,,,,,,,,,,,,,,1.0,0.125,1.0,1.0,0.0,1.0,1.0,0.0,0.125,,0.0,1.0,1.0,0.5,3.0,1.0,1.0,0.333,0.0,2.0,0.375,0.125,0.0,0.333,1.0,0.25,0.5,0.75,0.5,0.0,0.0,0.5,0.5,,2.0,4.0,0.0,2.0,4.0,1.5,1.0,1.0,1.0,1.0,1.0,3.0,1.0,0.0,0.0,0.0,0.0,3.0,0.0,0.625,0.0,0.25,0.0,1.0,0.0,0.0,0.0,4.0,2.0,0.0,0.0,0.5,0.25,0.0,2.0,0.0,2.0,0.0,0.0,1.0,3.0,0.0,1.0,1.0,0.667,1.0,0.368,F-G,0.429,3.0,-0.223,7.0,0.652,0.0,1.0,0.0,3.0,0.0,,0.0,1.0,0.667,1.0,0.0,0.0,4.0,0.0,0.0,0.0,0.0,0.25,0.0,2.0,0.0,0.0,0.0,1.0,,,0.0,CLE,1.0,0.25,4.0,1.0,4.0,0.375,2024,42300132,,1.0,3.0,9.0,0.333,0.484,-0.151,0.444,0.0,4.0,0.0,0.35,-0.35,0.556,3.0,5.0,0.6,0.553,0.047,0.333,2.0,3.0,0.667,0.65,0.017,0.444,3.0,4.0,0.75,0.598,0.153,0.444,0.0,4.0,0.0,0.35,-0.35,3.0,2.0,1.0,4.0,0.0,4.0,10.0,0.0,0.0,0.0,0.0,0.0,0.0,2.0,2.0,2.0,0.0,0.0,1.0,1.0,0.0,26.0,0.0,0.0,0.0,0.0,0.0,0.0,0.0,0.0,0.0,0.0,0.0,0.0,0.0,0.0,0.0,0.0,0.0,25.4,9983.0,1.89,0.89,1.0,4.16,4.17,4.15,1610612753.0,CLE_ORL_2024,CLE,ORL,20240422,2023-24,True,CLE,ORL,,,1610612739.0,CLE,1610612739.0,CLE,1610612739.0,CLE,,,,,,,,,,,,,,,,,,,,,,,,,,,,,,,,,,,,,,,,,,,,,,,,,,,,,,,,,,,,,,,,,,,,,,,,,,,,,,,,,,,,,,,,,,,,,,,,,,,,,,
1630171,Isaac Okoro,Isaac,1610612739,CLE,23.0,1,0,1,0.0,15.883333333333333,0,3,0.0,0,2,0.0,0,0,0.0,0,1,1,2,2,2,0,0,4,0,0,-20,8.2,0,0,7.0,1,34,34,34,45,54,47,54,33,34,33,29,32,29,31,41,50,24,6,2,23,1,56,43,55,57,45,7,1,46,,61,93.5,93.5,-72.4,153.1,59,31,0.147,21,62,58,21,0.0,-59.6,28.6,0.143,58,54,49,62,153.1,1.0,3.0,0.167,0.0,10,0.0,59,160.6,95.19,0.091,95.8,-59.6,39,59,23,39,79.33,31,0.0,23,31,95.19,43,54,62,55,88.2,54,-0.051,28.6,54,28.6,54,47,0.036,0.0,2.0,0.0,3.0,0.125,0.125,6.0,14.0,16.0,0.0,1.0,0.0,0.0,0.0,0.0,1.0,0.0,0.0,0.0,1.0,0.0,0.0,0.0,0.0,0.0,0.0,21.0,0.0,0.0,0.0,0.0,8.0,2.18,0.0,1.62,0.0,0.0,0.8,0.0,1.0,0.0,1.0,1.0,1.0,0.0,5.1,0.0,0.0,0.0,0.0,0.0,0.0,1.0,0.0,1.0,1.0,5.1,1.0,0.0,0.0,0.0,1.0,0.0,,,,,,,,,,,,,,,0.0,0.333,1.0,0.0,0.0,0.0,1.0,0.0,0.333,,0.0,0.0,0.0,,1.0,1.0,0.0,0.0,0.0,0.0,0.333,0.333,0.0,0.0,0.0,0.0,0.333,0.0,0.333,0.0,0.0,0.0,0.0,,0.0,1.0,0.0,0.0,1.0,0.0,0.0,0.0,0.0,1.0,0.0,0.0,1.0,0.0,0.0,0.0,0.0,0.0,0.0,0.0,0.0,0.0,0.0,0.0,0.0,0.0,0.0,0.0,0.0,0.0,0.0,0.0,0.0,0.0,0.0,0.0,0.0,0.0,0.0,0.0,1.0,0.0,2.0,0.0,0.0,0.0,0.296,F-G,0.5,4.0,-0.149,8.0,0.649,0.0,0.0,0.0,1.0,0.0,,0.0,2.0,0.0,0.0,0.0,0.0,0.0,0.0,0.0,0.0,0.0,0.0,0.0,0.0,0.0,0.0,0.0,0.0,,,0.0,CLE,0.0,0.0,1.0,0.0,1.0,0.0,2024,42300133,,1.0,5.0,8.0,0.625,0.467,0.158,0.625,3.0,5.0,0.6,0.343,0.257,0.375,2.0,3.0,0.667,0.517,0.149,0.125,1.0,1.0,1.0,0.629,0.371,0.125,1.0,1.0,1.0,0.588,0.412,0.75,4.0,6.0,0.667,0.354,0.313,4.0,2.0,2.0,1.0,0.0,0.0,0.0,0.0,0.0,0.0,0.0,0.0,0.0,1.0,1.0,1.0,1.0,0.0,1.0,1.0,1.0,21.0,0.0,0.0,0.0,0.0,0.0,0.0,0.0,0.0,0.0,0.0,0.0,0.0,0.0,0.0,0.0,0.0,0.0,15.88,5859.0,1.11,0.54,0.57,3.85,3.81,3.89,1610612753.0,CLE_ORL_2024,ORL,CLE,20240425,2023-24,True,CLE,ORL,,,1610612739.0,CLE,1610612739.0,CLE,1610612739.0,CLE,,,,,,,,,,,,,,,,,,,,,,,,,,,,,,,,,,,,,,,,,,,,,,,,,,,,,,,,,,,,,,,,,,,,,,,,,,,,,,,,,,,,,,,,,,,,,,,,,,,,,,
1630171,Isaac Okoro,Isaac,1610612739,CLE,23.0,1,1,0,1.0,22.545,2,10,0.2,2,6,0.333,2,2,1.0,1,3,4,2,1,0,0,3,4,1,8,-10,14.8,0,0,16.0,1,1,1,1,36,35,22,46,10,10,20,14,17,1,15,24,23,23,20,25,21,53,47,24,29,46,36,6,2,34,,11,78.7,78.7,-17.0,97.9,47,47,0.231,26,43,12,13,2.0,-19.2,7.1,0.241,12,51,26,43,97.9,2.0,10.0,0.154,0.3,29,0.034,26,96.9,101.13,0.13,100.96,-19.2,25,26,7,10,84.28,3,0.368,7,26,101.13,10,51,42,44,79.9,35,0.007,7.2,51,14.3,44,22,0.077,0.0,2.0,0.0,3.0,0.222,0.222,4.0,14.0,9.0,2.0,0.0,0.0,0.0,0.333,0.667,3.0,2.0,1.0,0.0,0.0,2.0,2.0,0.0,1.0,0.0,0.0,20.0,0.0,0.0,0.0,0.0,13.0,1.57,0.4,0.95,0.0,8.0,0.5,1.0,0.667,0.0,3.0,1.0,1.0,0.333,6.3,0.0,3.0,2.0,6.2,1.0,0.75,3.0,0.0,0.667,1.0,6.3,1.0,0.0,0.333,0.667,6.0,1.0,0.0,0.2,0.0,0.0,2.0,0.0,1.0,0.0,0.0,,2.0,0.2,0.0,0.0,0.0,0.2,2.0,0.0,0.0,0.0,3.0,0.1,0.3,0.0,1.0,0.0,0.0,,,,,,,,,,,,,,0.5,0.6,0.5,0.0,0.0,0.4,0.4,,2.0,5.0,0.0,2.0,5.0,0.0,0.0,0.0,0.0,2.0,0.0,0.0,1.0,0.0,0.0,0.0,0.0,6.0,0.0,0.3,0.0,0.4,1.0,0.0,1.0,0.0,0.0,3.0,2.0,0.0,0.0,0.5,0.667,0.0,1.0,0.0,0.0,1.0,0.0,2.0,3.0,0.0,3.0,0.0,0.0,1.0,0.333,F-G,0.643,9.0,0.011,14.0,0.632,0.0,2.0,0.0,3.0,0.0,0.0,0.0,2.0,0.0,0.0,1.0,0.0,3.0,0.0,0.0,0.0,0.0,0.667,0.0,0.0,1.0,0.0,0.0,0.0,0.0,0.0,0.0,CLE,2.0,0.4,5.0,2.0,5.0,0.6,2024,42300135,,1.0,7.0,11.0,0.636,0.467,0.17,0.182,1.0,2.0,0.5,0.366,0.135,0.818,6.0,9.0,0.667,0.525,0.142,0.273,3.0,3.0,1.0,0.643,0.357,0.364,3.0,4.0,0.75,0.608,0.142,0.455,3.0,5.0,0.6,0.384,0.216,5.0,5.0,0.0,0.0,0.0,3.0,6.0,0.0,0.0,0.0,0.0,0.0,0.0,0.0,0.0,0.0,0.0,0.0,0.0,0.0,0.0,20.0,0.0,0.0,0.0,0.0,0.0,0.0,0.0,0.0,0.0,0.0,0.0,0.0,0.0,0.0,0.0,0.0,0.0,22.55,8780.0,1.66,0.78,0.88,4.25,4.54,4.03,1610612753.0,CLE_ORL_2024,CLE,ORL,20240430,2023-24,True,CLE,ORL,CLE,1610612739.0,1610612739.0,CLE,1610612739.0,CLE,1610612739.0,CLE,,,,,,,,,,,,,,,,,,,,,,,,,,,,,,,,,,,,,,,,,,,,,,,,,,,,,,,,,,,,,,,,,,,,,,,,,,,,,,,,,,,,,,,,,,,,,,,,,,,,,,
1630171,Isaac Okoro,Isaac,1610612739,CLE,23.0,1,0,1,0.0,21.03833333333333,0,0,0.0,0,0,0.0,0,0,0.0,0,1,1,1,2,1,0,0,3,0,0,-12,3.7,0,0,4.0,1,48,48,48,47,68,79,68,44,66,44,38,40,38,39,52,59,40,15,15,22,1,69,50,71,74,71,6,2,66,,78,95.2,95.2,-27.4,126.8,81,42,0.045,52,69,78,30,0.0,-31.6,66.7,0.049,78,50,69,69,126.8,0.5,0.0,0.071,0.0,15,0.0,90,125.6,94.68,0.063,93.68,-31.6,62,90,51,79,78.9,54,0.0,51,39,94.68,79,50,68,71,98.2,68,-0.026,66.7,49,33.3,68,79,0.033,0.0,1.0,0.0,1.0,0.083,0.083,2.0,10.0,12.0,0.0,1.0,2.0,0.0,0.0,0.0,3.0,0.0,0.0,0.667,0.333,0.0,0.0,0.0,0.0,0.0,0.0,15.0,0.0,0.0,0.0,0.0,11.0,2.23,0.0,1.33,0.0,0.0,0.6,0.0,0.5,0.0,0.0,1.0,0.5,0.0,4.2,0.0,0.0,0.0,0.0,0.0,0.0,2.0,0.0,0.5,0.5,4.2,1.0,0.0,0.0,0.0,2.0,0.0,,,,,,,,,,,,,,,,,,,,,,,,,,,,,,,,,,,,,,,,,,,,,,,,,,,,,,,,,,0.0,0.0,0.0,,0.0,0.0,0.0,0.0,0.0,0.0,0.0,0.0,0.0,0.0,0.0,0.0,0.0,0.0,0.0,0.0,0.0,0.0,0.0,0.0,0.0,0.0,0.0,0.0,0.0,0.0,0.0,0.0,0.0,0.0,0.0,0.0,0.0,0.355,F-G,0.545,6.0,-0.084,11.0,0.629,0.0,0.0,0.0,0.0,0.0,,0.0,0.0,0.0,0.0,0.0,0.0,0.0,0.0,0.0,0.0,0.0,0.0,0.0,0.0,0.0,0.0,0.0,0.0,,,0.0,CLE,0.0,,,,0.0,,2024,42300134,,1.0,2.0,4.0,0.5,0.446,0.054,0.25,0.0,1.0,0.0,0.374,-0.374,0.75,2.0,3.0,0.667,0.494,0.172,0.75,2.0,3.0,0.667,0.576,0.09,0.75,2.0,3.0,0.667,0.53,0.137,0.25,0.0,1.0,0.0,0.376,-0.376,3.0,2.0,1.0,1.0,0.0,0.0,0.0,0.0,0.0,0.0,0.0,0.0,0.0,0.0,0.0,0.0,0.0,0.0,0.0,0.0,0.0,15.0,0.0,0.0,0.0,0.0,0.0,0.0,0.0,0.0,0.0,0.0,0.0,0.0,0.0,0.0,0.0,0.0,0.0,21.03,7932.0,1.5,0.72,0.79,3.94,3.89,3.99,1610612753.0,CLE_ORL_2024,ORL,CLE,20240427,2023-24,True,CLE,ORL,,,1610612739.0,CLE,1610612739.0,CLE,1610612739.0,CLE,,,,,,,,,,,,,,,,,,,,,,,,,,,,,,,,,,,,,,,,,,,,,,,,,,,,,,,,,,,,,,,,,,,,,,,,,,,,,,,,,,,,,,,,,,,,,,,,,,,,,,
1630171,Isaac Okoro,Isaac,1610612739,CLE,23.0,1,1,0,1.0,33.06666666666667,3,6,0.5,0,2,0.0,2,2,1.0,1,2,3,1,0,1,0,1,2,2,8,24,16.1,0,0,14.0,1,1,1,1,7,8,10,7,10,9,10,7,7,1,7,9,9,8,13,4,9,13,8,7,9,1,10,3,1,10,,2,121.7,121.7,36.1,85.7,12,69,0.095,15,2,5,11,3.0,36.0,0.0,0.094,5,2,17,2,85.7,0.0,6.0,0.042,0.5,10,0.038,1,87.7,100.89,0.044,98.94,36.0,17,1,11,15,84.07,11,0.581,11,11,100.89,15,2,2,10,123.7,8,0.07,0.0,3,12.5,10,10,0.042,1.0,2.0,0.0,2.0,0.063,0.125,3.0,15.0,16.0,0.0,2.0,0.0,1.0,0.0,1.2,5.0,0.0,0.0,0.0,0.4,6.0,3.0,0.0,0.0,0.0,3.0,23.0,0.0,0.0,0.0,0.0,16.0,2.07,0.348,1.39,0.0,8.0,0.8,0.0,0.375,0.0,1.0,1.0,0.286,1.0,11.5,0.0,2.0,1.0,10.1,1.0,0.667,7.0,0.0,0.375,0.286,11.0,1.0,0.0,1.0,0.5,8.0,1.0,2.0,0.5,0.667,0.667,3.0,0.0,1.0,2.0,0.0,,3.0,0.5,0.667,0.0,,,,,,,,,,,,,,1.0,1.0,0.0,1.0,1.0,0.0,1.0,0.167,0.0,,1.0,1.0,0.167,0.333,0.0,0.333,0.0,0.0,0.0,0.0,,0.0,2.0,0.0,0.0,2.0,1.0,,1.0,0.0,1.0,1.0,2.0,0.0,0.0,0.0,0.0,0.0,0.0,0.0,0.5,0.0,0.0,0.0,0.0,1.0,1.0,0.0,0.0,0.0,0.0,0.0,0.0,0.0,0.0,0.0,0.0,2.0,0.0,0.0,0.0,3.0,1.0,2.0,0.0,0.667,0.0,0.313,F-G,0.55,11.0,-0.087,20.0,0.637,0.0,0.0,1.0,3.0,0.0,,1.0,1.0,0.667,0.0,1.0,0.0,1.0,0.0,0.0,0.0,0.0,0.0,0.0,2.0,0.0,0.0,0.0,0.0,,,0.0,CLE,0.0,0.0,2.0,0.0,2.0,0.0,2024,42300137,,1.0,6.0,16.0,0.375,0.462,-0.087,0.375,2.0,6.0,0.333,0.355,-0.021,0.625,4.0,10.0,0.4,0.511,-0.111,0.25,2.0,4.0,0.5,0.627,-0.127,0.313,2.0,5.0,0.4,0.577,-0.177,0.438,2.0,7.0,0.286,0.382,-0.096,7.0,4.0,3.0,4.0,1.0,0.0,0.0,0.0,0.0,0.0,0.0,0.0,1.0,1.0,2.0,2.0,1.0,0.5,0.5,1.0,0.5,23.0,0.0,0.0,0.0,0.0,0.0,0.0,0.0,0.0,0.0,0.0,0.0,0.0,0.0,0.0,0.0,0.0,0.0,33.07,12934.0,2.45,1.1,1.35,4.09,4.05,4.12,1610612753.0,CLE_ORL_2024,CLE,ORL,20240505,2023-24,True,CLE,ORL,CLE,1610612739.0,1610612739.0,CLE,1610612739.0,CLE,1610612739.0,CLE,,,,,,,,,,,,,,,,,,,,,,,,,,,,,,,,,,,,,,,,,,,,,,,,,,,,,,,,,,,,,,,,,,,,,,,,,,,,,,,,,,,,,,,,,,,,,,,,,,,,,,
1630171,Isaac Okoro,Isaac,1610612739,CLE,23.0,1,0,1,0.0,12.45,2,4,0.5,1,1,1.0,0,0,0.0,1,2,3,1,0,0,0,0,3,1,5,1,10.1,0,0,10.0,1,21,21,21,27,24,26,15,15,30,1,15,16,15,8,17,17,19,24,16,12,1,28,16,25,15,26,6,2,26,,14,113.0,113.0,5.9,100.0,20,23,0.143,15,11,11,20,2.0,13.0,0.0,0.141,11,17,11,11,100.0,0.0,4.0,0.143,0.625,18,0.071,1,101.0,92.53,0.182,94.61,13.0,11,1,12,28,77.11,3,0.625,12,8,92.53,28,17,16,14,106.9,24,0.079,0.0,23,20.0,12,26,0.12,0.0,2.0,1.0,2.0,0.083,0.167,3.0,14.0,12.0,0.0,0.0,0.0,0.0,0.0,0.0,2.0,0.0,0.0,0.0,0.0,0.0,1.0,0.0,0.0,0.0,0.0,17.0,0.0,0.0,1.0,2.0,12.0,2.2,0.294,1.88,0.0,5.0,0.6,0.0,0.5,0.0,2.0,1.0,0.5,0.5,6.1,0.0,1.0,1.0,18.0,0.0,0.333,4.0,0.0,0.5,0.5,10.1,2.0,1.0,0.5,0.5,6.0,0.0,,,,,,,,,,,,,,,0.333,0.75,3.0,1.0,0.0,1.0,3.0,0.0,0.75,,0.0,0.333,0.333,,,,,,,,,,,,,,0.25,1.5,0.25,0.0,0.0,1.0,1.0,,1.0,1.0,0.0,1.0,1.0,,,,0.0,0.0,0.0,0.0,0.0,0.0,0.0,1.0,2.0,3.0,0.0,0.625,0.0,1.0,0.0,1.0,1.0,0.0,0.0,0.0,0.0,0.0,0.0,0.0,0.0,1.0,0.0,0.0,1.0,0.0,0.0,0.0,1.0,0.0,1.0,1.0,1.0,0.0,0.321,F-G,0.593,16.0,-0.051,27.0,0.643,0.0,0.0,0.0,1.0,0.0,,0.0,1.0,1.0,1.0,1.0,0.0,0.0,0.0,0.0,0.0,0.0,0.0,0.0,1.0,0.0,0.0,1.0,1.0,,,0.0,CLE,1.0,1.0,1.0,1.0,1.0,1.5,2024,42300205,,,,,,,,,,,,,,,,,,,,,,,,,,,,,,,,,,,,,,0.0,0.0,0.0,1.0,0.0,0.0,0.0,0.0,1.0,1.0,0.0,1.0,0.0,0.0,0.0,0.0,0.0,0.0,0.0,0.0,0.0,17.0,0.0,0.0,0.0,0.0,0.0,0.0,0.0,0.0,0.0,0.0,0.0,0.0,0.0,0.0,0.0,0.0,0.0,12.45,4563.0,0.86,0.47,0.39,4.13,4.64,3.64,1610612738.0,CLE_BOS_2024,BOS,CLE,20240515,2023-24,True,CLE,BOS,,,1610612739.0,CLE,1610612739.0,CLE,1610612739.0,CLE,,,,,,,,,,,,,,,,,,,,,,,,,,,,,,,,,,,,,,,,,,,,,,,,,,,,,,,,,,,,,,,,,,,,,,,,,,,,,,,,,,,,,,,,,,,,,,,,,,,,,,
1630171,Isaac Okoro,Isaac,1610612739,CLE,23.0,1,0,1,0.0,24.32333333333333,2,5,0.4,0,2,0.0,0,0,0.0,0,1,1,1,0,0,2,0,3,2,4,-1,12.7,0,0,10.0,1,22,22,22,19,23,21,19,19,21,19,20,20,20,27,23,30,18,23,19,2,1,24,14,24,20,24,5,1,26,,15,102.1,102.1,9.6,100.0,32,48,0.094,24,19,17,19,2.0,2.1,0.0,0.097,17,24,35,19,100.0,0.0,5.0,0.053,0.4,13,0.0,1,93.5,96.7,0.032,99.66,2.1,29,1,17,34,80.58,9,0.4,17,27,96.7,34,24,13,25,103.1,23,0.015,0.0,22,16.7,22,21,0.02,0.0,1.0,0.0,1.0,0.091,0.091,3.0,13.0,11.0,0.0,2.0,0.0,0.0,0.0,0.0,2.0,0.0,0.0,0.0,1.0,0.0,0.0,0.0,0.0,0.0,0.0,16.0,0.0,0.0,0.0,0.0,14.0,1.58,0.25,1.0,0.0,4.0,0.4,0.0,0.333,0.0,0.0,1.0,0.333,0.0,14.6,0.0,0.0,0.0,0.0,0.0,0.0,3.0,0.0,0.333,0.333,14.6,1.0,0.0,0.0,0.0,3.0,0.0,,,,,,,,,,,,,,,0.667,0.6,3.0,2.0,0.0,2.0,3.0,0.0,0.6,,0.0,0.667,0.667,,,,,,,,,,,,,,0.4,0.0,0.4,0.0,0.0,0.0,0.0,,0.0,2.0,0.0,0.0,2.0,,,,0.0,0.0,0.0,0.0,0.0,0.0,0.0,0.0,0.0,0.0,0.0,0.4,0.0,0.0,0.0,0.0,0.0,0.0,0.0,0.0,,0.0,0.0,,0.0,0.0,0.0,0.0,2.0,0.0,0.0,0.0,3.0,0.0,2.0,0.0,0.667,,0.333,F-G,0.563,9.0,-0.077,16.0,0.64,0.0,0.0,0.0,3.0,0.0,,0.0,2.0,0.667,0.0,0.0,0.0,0.0,0.0,0.0,0.0,0.0,0.0,0.0,2.0,0.0,0.0,0.0,0.0,,,0.0,CLE,0.0,0.0,2.0,0.0,2.0,0.0,2024,42300136,,1.0,1.0,7.0,0.143,0.491,-0.348,0.143,1.0,1.0,1.0,0.345,0.655,0.857,0.0,6.0,0.0,0.549,-0.549,0.286,0.0,2.0,0.0,0.692,-0.692,0.714,0.0,5.0,0.0,0.592,-0.592,0.143,1.0,1.0,1.0,0.384,0.616,5.0,5.0,0.0,0.0,0.0,2.0,4.0,0.0,1.0,1.0,0.0,1.0,0.0,0.0,0.0,0.0,0.0,0.0,0.0,0.0,0.0,16.0,0.0,0.0,0.0,0.0,0.0,0.0,0.0,0.0,0.0,0.0,0.0,0.0,0.0,0.0,0.0,0.0,0.0,24.32,9667.0,1.83,0.84,0.99,3.99,3.77,4.19,1610612753.0,CLE_ORL_2024,ORL,CLE,20240503,2023-24,True,CLE,ORL,,,1610612739.0,CLE,1610612739.0,CLE,1610612739.0,CLE,,,,,,,,,,,,,,,,,,,,,,,,,,,,,,,,,,,,,,,,,,,,,,,,,,,,,,,,,,,,,,,,,,,,,,,,,,,,,,,,,,,,,,,,,,,,,,,,,,,,,,
1630171,Isaac Okoro,Isaac,1610612739,CLE,24.0,1,1,0,1.0,19.766666666666666,3,6,0.5,0,2,0.0,0,0,0.0,1,3,4,0,0,0,0,1,1,0,6,6,10.8,0,0,10.0,1,1,1,1,134,99,119,70,125,113,125,101,110,101,56,74,75,156,137,99,60,166,59,134,128,61,152,16,2,156,,48,108.9,108.9,12.4,100.0,129,45,0.12,156,78,52,103,3.0,8.9,0.0,0.124,52,123,98,78,100.0,0.0,6.0,0.0,0.5,156,0.053,1,95.2,106.85,0.115,110.1,8.9,111,1,32,167,89.04,11,0.5,32,74,106.85,167,123,68,127,107.6,99,0.07,0.0,135,0.0,104,119,0.089,0.0,0.0,0.0,1.0,0.0,0.0,0.0,13.0,16.0,0.0,1.0,0.0,0.0,0.0,0.0,1.0,0.0,0.0,0.0,1.0,0.0,0.0,0.0,0.0,0.0,0.0,22.0,0.667,0.0,2.0,1.0,12.0,2.17,0.273,1.36,0.0,6.0,0.8,6.0,0.5,1.0,3.0,1.0,0.6,0.333,4.2,0.0,3.0,2.0,3.8,1.0,0.75,5.0,1.0,0.571,0.75,4.1,1.0,0.0,0.333,0.667,8.0,1.0,1.0,0.167,1.0,1.0,1.0,0.0,1.0,1.0,0.0,,1.0,0.167,1.0,0.0,0.5,0.333,2.0,1.0,0.0,1.0,2.0,0.0,0.333,,0.0,0.5,0.5,1.0,1.0,0.0,1.0,1.0,0.0,1.0,0.167,0.0,,1.0,1.0,0.167,0.333,0.0,0.333,0.0,0.0,0.0,0.0,,0.0,2.0,0.0,0.0,2.0,,,,0.0,0.0,0.0,0.0,0.0,0.0,0.667,1.0,2.0,0.0,4.0,0.5,0.0,0.0,0.0,0.0,1.0,1.0,0.0,2.0,0.0,0.0,0.0,0.0,0.0,0.0,2.0,0.0,2.0,0.0,0.0,0.0,3.0,1.0,0.0,0.0,0.667,0.0,0.273,F-G,0.545,54.0,-0.079,99.0,0.625,,0.0,0.0,4.0,0.0,,0.0,0.0,0.75,0.0,0.0,0.0,2.0,0.0,0.0,0.0,0.0,0.0,0.0,3.0,,,0.0,0.0,,,0.0,CLE,0.0,0.0,2.0,0.0,2.0,0.0,2025,22401124,,1.0,3.0,11.0,0.273,0.452,-0.179,0.636,1.0,7.0,0.143,0.341,-0.198,0.364,2.0,4.0,0.5,0.544,-0.044,0.273,1.0,3.0,0.333,0.622,-0.288,0.364,2.0,4.0,0.5,0.584,-0.084,0.636,1.0,7.0,0.143,0.337,-0.194,7.0,3.0,4.0,0.0,0.0,0.0,0.0,0.0,0.0,0.0,0.0,0.0,0.0,0.0,0.0,0.0,0.0,0.0,0.0,0.0,0.0,22.0,0.0,0.0,0.0,0.0,0.0,0.0,0.0,0.0,0.0,0.0,0.0,0.0,0.0,0.0,0.0,0.0,0.0,19.77,8756.0,1.66,0.88,0.78,4.86,5.17,4.55,,,SAS,CLE,20250404,2024-25,False,CLE,SAS,CLE,,1610612739.0,CLE,1610612739.0,CLE,1610612739.0,CLE,11.0,0.452,3.0,0.273,-0.18,,1.0,3.0,1.0,0.333,1.0,0.75,3.0,2.0,4.0,0.333,1.0,1.0,0.6,4.1,1.0,4.2,0.75,3.8,0.5,5.0,0.571,1.0,3.0,8.0,0.667,CLE,0.0,0.0,0.88,0.78,4.86,5.17,1.66,4.55,19.77,8756.0,Isaac Okoro,1610612739.0,CLE,F-G,24.0,1.0,1.0,Isaac Okoro,1610612739.0,CLE,F-G,24.0,1.0,1.0,Isaac Okoro,1610612739.0,CLE,F-G,24.0,1.0,1.0,Isaac Okoro,1610612739.0,CLE,F-G,24.0,1.0,1.0,Isaac Okoro,1610612739.0,CLE,F-G,24.0,1.0,1.0,Isaac Okoro,1610612739.0,CLE,F-G,24.0,1.0,1.0,Isaac Okoro,24.0,1.0,19.8,Isaac Okoro,1.0,1.0,0.0,19.8,Isaac Okoro,1.0,1.0,0.0,19.77,,,,
1630171,Isaac Okoro,Isaac,1610612739,CLE,24.0,1,0,1,0.0,31.08333333333333,5,11,0.455,2,6,0.333,1,1,1.0,0,2,2,2,0,0,0,0,4,2,13,-1,18.4,0,0,19.0,1,59,59,59,23,34,29,59,27,20,51,44,54,1,55,54,62,41,66,54,29,1,97,32,40,56,61,13,1,57,,38,101.5,101.5,-11.7,106.2,76,67,0.134,58,59,34,58,5.0,-4.7,0.0,0.145,34,84,87,59,106.2,0.0,11.0,0.095,0.545,58,0.0,1,107.3,101.92,0.051,104.51,-4.7,73,1,72,72,84.93,61,0.568,72,55,101.92,69,84,68,57,95.7,34,0.056,0.0,95,15.4,55,29,0.024,0.0,2.0,0.0,3.0,0.083,0.083,6.0,27.0,24.0,0.0,1.0,0.0,0.333,0.0,0.75,4.0,0.0,0.0,0.0,0.25,3.0,3.0,0.0,0.0,0.0,1.0,37.0,0.667,0.0,0.0,0.0,20.0,2.87,0.351,2.3,0.0,13.0,1.8,3.0,0.667,0.0,1.0,2.0,1.0,0.0,4.9,0.0,0.0,0.0,0.0,0.0,0.0,2.0,0.0,0.667,1.0,4.9,2.0,0.0,0.0,0.0,3.0,0.0,,,,,,,,,,,,,,,0.667,0.273,3.0,2.0,0.0,2.0,3.0,0.0,0.273,,0.0,0.667,0.667,0.5,2.0,0.0,1.0,0.5,0.0,2.0,0.182,0.0,,0.5,1.0,0.182,0.545,0.5,0.545,0.0,0.0,0.333,0.333,,2.0,6.0,0.0,2.0,6.0,0.0,0.0,0.0,0.0,1.0,0.0,0.0,1.0,0.0,1.0,0.0,0.0,6.0,2.0,0.545,0.0,0.4,0.0,0.0,1.0,1.0,0.0,4.0,3.0,0.0,0.0,0.667,0.5,1.0,1.0,0.0,2.0,0.0,0.0,2.0,3.0,1.0,2.0,0.0,0.667,2.0,0.27,F-G,0.544,56.0,-0.084,103.0,0.628,0.0,2.0,1.0,3.0,0.0,,1.0,2.0,0.667,0.0,1.0,0.0,4.0,0.0,0.0,0.0,0.0,0.5,0.0,2.0,0.0,0.0,1.0,0.0,,,0.0,CLE,2.0,0.4,5.0,2.0,5.0,0.6,2025,22401168,,1.0,3.0,8.0,0.375,0.483,-0.108,0.625,2.0,5.0,0.4,0.369,0.031,0.375,1.0,3.0,0.333,0.594,-0.26,0.375,1.0,3.0,0.333,0.649,-0.315,0.375,1.0,3.0,0.333,0.601,-0.268,0.625,2.0,5.0,0.4,0.4,0.0,5.0,3.0,2.0,0.0,0.0,3.0,7.0,0.0,0.0,0.0,0.0,0.0,0.0,0.0,0.0,0.0,0.0,0.0,0.0,0.0,0.0,37.0,0.0,0.0,0.0,0.0,0.0,0.0,0.0,0.0,0.0,0.0,0.0,0.0,0.0,0.0,0.0,0.0,0.0,31.08,13181.0,2.5,1.28,1.22,4.55,4.92,4.2,,,IND,CLE,20250410,2024-25,False,CLE,IND,,,1610612739.0,CLE,1610612739.0,CLE,1610612739.0,CLE,8.0,0.484,3.0,0.375,-0.109,,0.0,1.0,0.0,0.0,2.0,1.0,0.0,0.0,2.0,0.0,0.0,2.0,1.0,4.9,0.0,4.9,0.0,0.0,0.667,2.0,0.667,0.0,2.0,3.0,0.0,CLE,0.0,0.0,1.28,1.22,4.55,4.92,2.5,4.2,31.08,13181.0,Isaac Okoro,1610612739.0,CLE,F-G,24.0,1.0,1.0,Isaac Okoro,1610612739.0,CLE,F-G,24.0,1.0,1.0,Isaac Okoro,1610612739.0,CLE,F-G,24.0,1.0,1.0,Isaac Okoro,1610612739.0,CLE,F-G,24.0,1.0,1.0,Isaac Okoro,1610612739.0,CLE,F-G,24.0,1.0,1.0,Isaac Okoro,1610612739.0,CLE,F-G,24.0,1.0,1.0,Isaac Okoro,24.0,1.0,31.1,Isaac Okoro,1.0,0.0,1.0,31.1,Isaac Okoro,1.0,0.0,1.0,31.08,,,,
1630171,Isaac Okoro,Isaac,1610612739,CLE,24.0,1,1,0,1.0,16.773333333333333,2,4,0.5,1,2,0.5,0,0,0.0,1,0,1,1,1,0,0,0,2,0,5,16,6.7,0,0,8.0,1,1,1,1,136,120,138,57,66,112,26,97,103,97,51,161,143,104,62,88,67,1,91,127,131,11,161,18,2,154,,11,121.2,121.2,45.8,70.6,139,33,0.119,111,10,12,62,2.0,50.6,16.7,0.122,12,49,158,10,70.6,1.0,4.0,0.083,0.625,83,0.053,167,69.0,95.87,0.0,99.59,50.6,161,164,163,141,79.89,145,0.625,163,54,95.87,142,49,10,65,114.8,120,0.043,16.7,60,16.7,59,138,0.023,0.0,1.0,0.0,2.0,0.1,0.1,3.0,8.0,10.0,0.0,1.0,0.0,0.0,0.0,0.0,2.0,0.0,0.0,0.0,0.5,0.0,1.0,0.0,0.0,0.0,0.0,15.0,1.0,0.0,0.0,0.0,11.0,1.45,0.333,0.67,0.0,5.0,0.4,2.0,0.5,1.0,1.0,0.0,0.0,1.0,0.0,0.0,0.0,0.0,18.3,0.0,0.0,1.0,1.0,1.0,0.0,18.3,1.0,1.0,1.0,0.0,2.0,0.0,,,,,,,,,,,,,,,0.0,0.25,1.0,0.0,0.0,0.0,1.0,0.0,0.25,,0.0,0.0,0.0,,1.0,1.0,0.0,1.5,1.0,0.0,0.25,0.25,1.0,1.0,1.0,0.0,0.5,0.5,0.25,1.0,1.0,0.0,0.5,1.0,0.0,1.0,0.25,1.0,2.0,,,,0.0,0.0,0.0,0.0,0.0,0.0,1.0,0.0,0.0,3.0,2.0,0.625,0.0,0.5,0.0,0.0,1.0,0.0,0.0,2.0,1.0,0.0,0.0,1.0,0.5,0.0,1.0,0.0,1.0,0.0,0.0,1.0,1.0,0.0,0.0,0.0,1.0,1.0,0.276,F-G,0.603,38.0,-0.02,63.0,0.623,0.0,1.0,0.0,1.0,0.0,,0.0,0.0,1.0,0.0,1.0,0.0,2.0,0.0,0.0,0.0,0.0,0.5,0.0,1.0,0.0,0.0,0.0,0.0,,,0.0,CLE,1.0,0.5,2.0,1.0,2.0,0.75,2025,22400791,,1.0,2.0,5.0,0.4,0.448,-0.048,0.8,2.0,4.0,0.5,0.354,0.146,0.2,0.0,1.0,0.0,0.561,-0.561,,,,,,,0.2,0.0,1.0,0.0,0.567,-0.567,0.8,2.0,4.0,0.5,0.356,0.144,4.0,1.0,3.0,0.0,0.0,0.0,0.0,0.0,0.0,0.0,0.0,0.0,0.0,0.0,0.0,0.0,0.0,0.0,0.0,0.0,0.0,15.0,0.0,0.0,0.0,0.0,0.0,0.0,0.0,0.0,0.0,0.0,0.0,0.0,0.0,0.0,0.0,0.0,0.0,16.77,7040.0,1.33,0.66,0.67,4.27,4.97,4.27,,,BKN,CLE,20250220,2024-25,False,CLE,BKN,,,1610612739.0,CLE,1610612739.0,CLE,1610612739.0,CLE,,,,,,,,,,,,,,,,,,,,,,,,,,,,,,,,,,,,,,,,,,,Isaac Okoro,1610612739.0,CLE,F-G,24.0,1.0,1.0,Isaac Okoro,1610612739.0,CLE,F-G,24.0,1.0,1.0,Isaac Okoro,1610612739.0,CLE,F-G,24.0,1.0,1.0,,,,,,,,Isaac Okoro,1610612739.0,CLE,F-G,24.0,1.0,1.0,Isaac Okoro,1610612739.0,CLE,F-G,24.0,1.0,1.0,Isaac Okoro,24.0,1.0,16.8,Isaac Okoro,1.0,1.0,0.0,16.8,Isaac Okoro,1.0,1.0,0.0,16.77,,,,
1630171,Isaac Okoro,Isaac,1610612739,CLE,24.0,1,1,0,1.0,12.143333333333333,2,4,0.5,1,3,0.333,0,0,0.0,0,3,3,0,0,0,1,0,1,0,5,3,11.6,0,0,11.0,1,1,1,1,173,137,152,82,76,93,87,106,113,106,123,60,107,169,143,106,18,1,55,138,148,81,159,20,2,156,,109,145.5,145.5,21.2,116.0,110,22,0.133,169,31,100,127,2.0,29.5,0.0,0.134,100,14,61,31,116.0,0.0,4.0,0.0,0.625,169,0.0,1,118.7,92.89,0.231,93.52,29.5,36,1,187,153,77.41,173,0.625,187,123,92.89,154,14,43,84,139.9,137,0.092,0.0,20,0.0,76,152,0.111,0.0,0.0,0.0,0.0,0.0,0.0,0.0,6.0,5.0,0.0,0.0,0.0,0.0,0.0,0.0,0.0,0.0,0.0,0.0,0.0,0.0,0.0,0.0,0.0,0.0,0.0,9.0,2.0,0.0,0.0,0.0,5.0,1.91,0.556,1.44,0.0,5.0,0.3,1.0,0.6,0.0,2.0,2.0,1.0,0.0,8.0,0.0,1.0,1.0,0.0,0.0,0.333,3.0,0.0,0.6,1.0,8.0,2.0,0.0,0.0,0.333,5.0,0.0,,,,,,,,,,,,,,,1.0,0.25,1.0,1.0,0.0,1.0,1.0,0.0,0.25,,0.0,1.0,1.0,,,,,,,,,,,,,,0.75,0.5,0.75,0.0,0.0,0.333,0.333,,1.0,3.0,0.0,1.0,3.0,,,,0.0,0.0,0.0,0.0,0.0,0.0,1.0,0.0,0.0,3.0,2.0,0.625,0.0,0.333,,0.0,0.0,0.0,,2.0,2.0,,,0.5,0.5,0.0,,0.0,1.0,,0.0,1.0,1.0,0.0,1.0,0.0,1.0,1.0,0.276,F-G,0.557,39.0,-0.068,70.0,0.625,0.0,1.0,0.0,1.0,,,0.0,1.0,1.0,0.0,0.0,0.0,2.0,0.0,0.0,,,0.5,0.0,1.0,0.0,0.0,0.0,0.0,,,0.0,CLE,1.0,0.333,3.0,1.0,3.0,0.5,2025,22400852,,1.0,2.0,6.0,0.333,0.449,-0.115,0.167,1.0,1.0,1.0,0.352,0.648,0.833,1.0,5.0,0.2,0.548,-0.348,0.667,1.0,4.0,0.25,0.657,-0.407,0.667,1.0,4.0,0.25,0.623,-0.373,0.167,1.0,1.0,1.0,0.358,0.642,4.0,4.0,0.0,0.0,0.0,1.0,3.0,0.0,0.0,0.0,0.0,0.0,0.0,0.0,0.0,0.0,0.0,0.0,0.0,0.0,0.0,9.0,0.0,0.0,0.0,0.0,0.0,0.0,0.0,0.0,0.0,0.0,0.0,0.0,0.0,0.0,0.0,0.0,0.0,12.15,4506.0,0.85,0.45,0.4,4.14,5.28,3.27,,,BOS,CLE,20250228,2024-25,False,CLE,BOS,,,1610612739.0,CLE,1610612739.0,CLE,1610612739.0,CLE,,,,,,,,,,,,,,,,,,,,,,,,,,,,,,,,,,,,,,,,,,,Isaac Okoro,1610612739.0,CLE,F-G,24.0,1.0,1.0,Isaac Okoro,1610612739.0,CLE,F-G,24.0,1.0,1.0,Isaac Okoro,1610612739.0,CLE,F-G,24.0,1.0,1.0,Isaac Okoro,1610612739.0,CLE,F-G,24.0,1.0,1.0,Isaac Okoro,1610612739.0,CLE,F-G,24.0,1.0,1.0,Isaac Okoro,1610612739.0,CLE,F-G,24.0,1.0,1.0,Isaac Okoro,24.0,1.0,12.2,Isaac Okoro,1.0,1.0,0.0,12.2,Isaac Okoro,1.0,1.0,0.0,12.15,,,,
1630171,Isaac Okoro,Isaac,1610612739,CLE,23.0,1,0,1,0.0,22.7,2,9,0.222,1,8,0.125,2,2,1.0,0,3,3,1,2,0,0,0,4,1,7,13,10.1,0,0,12.0,1,57,57,57,49,64,40,97,32,6,61,26,30,1,59,46,55,62,20,50,40,1,97,42,62,22,87,7,1,81,,48,141.7,141.7,23.1,114.6,103,48,0.214,82,18,56,54,2.0,27.1,15.4,0.21,56,9,69,18,114.6,0.5,9.0,0.043,0.278,78,0.0,87,108.9,101.5,0.107,107.88,27.1,64,85,76,33,84.58,30,0.354,76,59,101.5,40,9,20,91,132.0,64,-0.017,15.5,19,7.7,94,40,0.064,0.0,1.0,0.0,0.0,0.1,0.1,2.0,14.0,10.0,0.0,1.0,1.0,0.0,0.0,0.0,2.0,0.0,0.0,0.5,0.5,0.0,0.0,0.5,0.0,1.0,0.0,22.0,1.333,0.0,0.0,1.0,16.0,1.47,0.318,0.59,0.0,7.0,0.5,3.0,0.333,1.0,0.0,1.0,0.333,0.0,15.7,0.0,2.0,2.0,0.0,0.0,0.667,9.0,1.0,0.375,0.375,15.7,1.0,0.0,0.0,0.667,9.0,0.0,,,,,,,,,,,,,,,,,,,,,,,,,,,,1.0,1.0,0.0,1.0,1.0,0.0,1.0,0.111,0.0,,1.0,1.0,0.111,0.889,0.188,0.889,0.0,0.0,0.125,0.125,,1.0,8.0,0.0,1.0,8.0,,,,0.0,0.0,0.0,0.0,0.0,0.0,1.0,0.0,0.0,3.0,4.0,0.278,0.0,0.125,0.0,0.0,0.0,0.0,0.0,4.0,2.0,0.0,0.0,0.5,0.25,0.0,2.0,0.0,1.0,0.0,0.0,1.0,1.0,0.0,4.0,0.0,1.0,1.0,0.283,F-G,0.603,38.0,-0.019,63.0,0.623,,1.0,0.0,1.0,0.0,0.0,0.0,1.0,1.0,0.0,0.0,0.0,7.0,0.0,0.0,0.0,0.0,0.143,0.0,1.0,,,0.0,0.0,0.0,0.0,0.0,CLE,1.0,0.125,8.0,1.0,8.0,0.188,2025,22400574,,1.0,3.0,10.0,0.3,0.458,-0.158,0.6,1.0,6.0,0.167,0.337,-0.171,0.4,2.0,4.0,0.5,0.583,-0.083,0.3,1.0,3.0,0.333,0.659,-0.325,0.3,1.0,3.0,0.333,0.624,-0.291,0.6,1.0,6.0,0.167,0.346,-0.179,5.0,1.0,4.0,0.0,0.0,0.0,0.0,0.0,0.0,0.0,0.0,0.0,0.0,2.0,2.0,2.0,1.0,0.0,1.0,1.0,0.5,22.0,0.0,0.0,0.0,0.0,0.0,0.0,0.0,0.0,0.0,0.0,0.0,0.0,0.0,0.0,0.0,0.0,0.0,22.7,9647.0,1.83,0.95,0.87,4.46,5.2,4.27,,,OKC,CLE,20250116,2024-25,False,CLE,OKC,,,1610612739.0,CLE,1610612739.0,CLE,1610612739.0,CLE,,,,,,,,,,,,,,,,,,,,,,,,,,,,,,,,,,,,,,,,,,,Isaac Okoro,1610612739.0,CLE,F-G,24.0,1.0,1.0,Isaac Okoro,1610612739.0,CLE,F-G,24.0,1.0,1.0,Isaac Okoro,1610612739.0,CLE,F-G,24.0,1.0,1.0,Isaac Okoro,1610612739.0,CLE,F-G,24.0,1.0,1.0,Isaac Okoro,1610612739.0,CLE,F-G,24.0,1.0,1.0,Isaac Okoro,1610612739.0,CLE,F-G,24.0,1.0,1.0,Isaac Okoro,24.0,1.0,22.7,Isaac Okoro,1.0,0.0,1.0,22.7,Isaac Okoro,1.0,0.0,1.0,22.7,,,,
1630171,Isaac Okoro,Isaac,1610612739,CLE,24.0,1,0,1,0.0,15.625,2,3,0.667,1,2,0.5,0,0,0.0,0,0,0,0,1,1,1,0,1,0,5,-6,10.0,0,0,10.0,1,112,112,112,177,145,186,38,89,136,37,128,134,128,127,189,203,174,80,41,20,1,53,159,157,163,184,14,3,180,,211,136.7,136.7,-15.8,151.6,180,30,0.121,174,165,208,127,2.0,-14.9,25.0,0.124,208,28,203,165,151.6,0.0,3.0,0.0,0.833,174,0.0,212,155.6,93.7,0.0,91.42,-14.9,189,212,208,172,78.08,210,0.833,208,127,93.7,172,28,173,25,139.8,145,0.038,25.0,21,0.0,22,186,0.0,0.0,0.0,0.0,0.0,0.0,0.0,0.0,8.0,9.0,0.0,1.0,0.0,0.0,0.0,0.0,1.0,0.0,0.0,0.0,1.0,0.0,0.0,0.0,0.0,0.0,0.0,13.0,0.0,0.0,0.0,0.0,8.0,1.91,0.385,1.46,0.0,5.0,0.4,1.0,,,,,,,,,,,,,,,,,,,,,,,,,,,,,,,,,,,,,,,1.0,0.333,1.0,1.0,0.0,1.0,1.0,0.0,0.333,,0.0,1.0,1.0,,,,,,,,,,,,,,0.667,0.75,0.667,0.0,0.0,0.5,0.5,,1.0,2.0,0.0,1.0,2.0,,,,0.0,0.0,0.0,0.0,0.0,0.0,0.0,0.0,0.0,3.0,0.0,0.833,0.0,0.5,1.0,0.0,0.0,0.0,0.0,1.0,0.0,0.0,0.0,0.0,1.0,0.0,1.0,0.0,1.0,1.0,0.0,1.0,1.0,0.0,1.0,0.0,1.0,0.0,0.26,F-G,0.543,44.0,-0.081,81.0,0.624,0.0,1.0,0.0,1.0,0.0,,0.0,1.0,1.0,0.0,0.0,0.0,1.0,0.0,0.0,0.0,0.0,1.0,0.0,1.0,0.0,0.0,0.0,0.0,,,0.0,CLE,1.0,0.5,2.0,1.0,2.0,0.75,2025,22401009,,1.0,5.0,9.0,0.556,0.469,0.087,0.222,1.0,2.0,0.5,0.384,0.116,0.778,4.0,7.0,0.571,0.539,0.033,0.222,2.0,2.0,1.0,0.634,0.366,0.333,3.0,3.0,1.0,0.611,0.389,0.222,1.0,2.0,0.5,0.385,0.115,6.0,5.0,1.0,1.0,0.0,0.0,0.0,0.0,0.0,0.0,0.0,0.0,0.0,0.0,0.0,0.0,0.0,0.0,0.0,0.0,0.0,13.0,0.0,0.0,0.0,0.0,0.0,0.0,0.0,0.0,0.0,0.0,0.0,0.0,0.0,0.0,0.0,0.0,0.0,15.63,6254.0,1.18,0.59,0.59,4.31,4.45,4.17,,,SAC,CLE,20250319,2024-25,False,CLE,SAC,,,1610612739.0,CLE,1610612739.0,CLE,1610612739.0,CLE,,,,,,,,,,,,,,,,,,,,,,,,,,,,,,,,,,,,,,,,,,,Isaac Okoro,1610612739.0,CLE,F-G,24.0,1.0,1.0,Isaac Okoro,1610612739.0,CLE,F-G,24.0,1.0,1.0,Isaac Okoro,1610612739.0,CLE,F-G,24.0,1.0,1.0,Isaac Okoro,1610612739.0,CLE,F-G,24.0,1.0,1.0,Isaac Okoro,1610612739.0,CLE,F-G,24.0,1.0,1.0,Isaac Okoro,1610612739.0,CLE,F-G,24.0,1.0,1.0,Isaac Okoro,24.0,1.0,15.6,Isaac Okoro,1.0,0.0,1.0,15.6,Isaac Okoro,1.0,0.0,1.0,15.63,,,,
1630171,Isaac Okoro,Isaac,1610612739,CLE,23.0,1,1,0,1.0,20.116666666666667,3,6,0.5,3,6,0.5,0,0,0.0,0,2,2,0,0,2,0,0,3,0,9,6,17.4,0,0,18.0,1,1,1,1,150,112,124,81,23,42,48,115,120,115,122,119,139,177,143,18,81,1,160,153,111,62,134,26,2,122,,71,121.4,121.4,18.0,107.1,137,42,0.128,177,60,86,124,3.0,14.3,0.0,0.128,86,66,150,60,107.1,0.0,6.0,0.0,0.75,177,0.0,1,104.2,100.22,0.091,101.36,14.3,140,1,116,170,83.51,116,0.75,116,122,100.22,170,66,56,53,122.1,112,0.072,0.0,59,0.0,49,124,0.051,0.0,0.0,0.0,0.0,0.0,0.0,0.0,14.0,15.0,0.0,0.0,0.0,0.0,0.0,0.0,0.0,0.0,0.0,0.0,0.0,0.0,0.0,0.0,0.0,0.0,0.0,22.0,0.0,0.0,0.0,0.0,12.0,1.09,0.409,0.59,0.0,9.0,0.4,0.0,0.5,1.0,0.0,2.0,0.5,0.0,6.5,0.0,0.0,0.0,0.0,0.0,0.0,4.0,1.0,0.667,0.667,6.5,2.0,0.0,0.0,0.0,4.0,0.0,,,,,,,,,,,,,,,,,,,,,,,,,,,,,,,,,,,,,,,,,1.0,0.75,1.0,0.0,0.0,0.5,0.5,,3.0,6.0,0.0,3.0,6.0,,,,0.0,0.0,0.0,0.0,0.0,0.0,0.0,0.0,0.0,9.0,0.0,0.75,0.0,0.5,0.0,2.0,0.0,0.0,0.0,3.0,1.0,0.0,0.0,1.0,0.333,0.0,2.0,0.0,0.0,0.0,0.0,1.0,0.0,0.0,3.0,0.667,0.0,1.0,0.267,F-G,0.593,16.0,-0.025,27.0,0.618,0.0,2.0,0.0,0.0,0.0,,0.0,2.0,0.0,0.5,0.0,0.0,4.0,0.0,0.0,0.0,0.0,0.5,0.0,0.0,0.0,0.0,0.0,1.0,,,0.0,CLE,2.0,0.4,5.0,2.0,5.0,0.6,2025,22400220,,1.0,4.0,11.0,0.364,0.482,-0.119,0.455,2.0,5.0,0.4,0.381,0.019,0.545,2.0,6.0,0.333,0.562,-0.229,0.273,1.0,3.0,0.333,0.673,-0.34,0.455,2.0,5.0,0.4,0.596,-0.196,0.455,2.0,5.0,0.4,0.383,0.017,4.0,2.0,2.0,1.0,0.0,1.0,2.0,0.0,1.0,1.0,0.0,1.0,0.0,0.0,0.0,0.0,0.0,0.0,0.0,0.0,0.0,22.0,0.0,0.0,0.0,0.0,0.0,0.0,0.0,0.0,0.0,0.0,0.0,0.0,0.0,0.0,0.0,0.0,0.0,20.12,8347.0,1.58,0.69,0.89,4.56,4.77,4.42,,,PHI,CLE,20241113,2024-25,False,CLE,PHI,,,1610612739.0,CLE,1610612739.0,CLE,1610612739.0,CLE,,,,,,,,,,,,,,,,,,,,,,,,,,,,,,,,,,,,,,,,,,,Isaac Okoro,1610612739.0,CLE,F-G,24.0,1.0,1.0,Isaac Okoro,1610612739.0,CLE,F-G,24.0,1.0,1.0,Isaac Okoro,1610612739.0,CLE,F-G,24.0,1.0,1.0,Isaac Okoro,1610612739.0,CLE,F-G,24.0,1.0,1.0,Isaac Okoro,1610612739.0,CLE,F-G,24.0,1.0,1.0,Isaac Okoro,1610612739.0,CLE,F-G,24.0,1.0,1.0,Isaac Okoro,24.0,1.0,20.1,Isaac Okoro,1.0,1.0,0.0,20.1,Isaac Okoro,1.0,1.0,0.0,20.12,,,,
1630171,Isaac Okoro,Isaac,1610612739,CLE,23.0,1,1,0,1.0,26.30666666666667,2,5,0.4,1,3,0.333,0,0,0.0,2,1,3,2,1,1,0,1,4,0,5,20,13.6,0,0,13.0,1,1,1,1,137,185,192,182,95,129,104,168,183,168,31,210,156,121,95,62,102,196,271,218,201,13,202,28,3,193,,98,135.7,135.7,33.7,100.0,263,56,0.097,199,27,73,50,2.0,35.7,12.5,0.097,73,22,183,27,100.0,2.0,5.0,0.071,0.5,73,0.077,223,100.5,102.18,0.045,102.51,35.7,242,223,128,270,85.15,132,0.5,128,58,102.18,272,22,28,178,134.2,185,0.015,12.5,29,25.0,141,192,0.063,0.0,3.0,1.0,3.0,0.167,0.25,5.0,13.0,12.0,0.0,1.0,1.0,0.0,0.0,0.0,3.0,0.0,0.0,0.333,0.333,0.0,1.0,0.333,0.0,1.0,0.0,18.0,2.0,0.0,0.0,0.0,11.0,2.27,0.278,1.94,0.0,5.0,0.7,1.0,0.333,1.0,6.0,1.0,0.333,0.333,9.5,0.0,1.0,0.0,8.5,0.5,0.333,3.0,1.0,0.375,0.5,8.9,2.0,1.0,0.333,0.0,9.0,1.0,0.0,0.2,0.0,0.0,1.0,0.0,1.0,0.0,0.0,,1.0,0.2,0.0,0.0,1.0,0.2,1.0,1.0,0.0,1.0,1.0,0.0,0.2,,0.0,1.0,1.0,,1.0,1.0,0.0,0.0,0.0,0.0,0.2,0.2,0.0,0.0,0.0,0.0,0.4,0.75,0.4,0.0,0.0,0.5,0.5,,1.0,2.0,0.0,1.0,2.0,1.5,1.0,1.0,1.0,1.0,1.0,3.0,1.0,0.0,1.0,0.0,0.0,0.0,2.0,0.5,0.0,0.0,0.0,0.0,0.0,0.0,0.0,3.0,2.0,0.0,0.0,0.5,0.333,0.0,1.0,0.0,1.0,0.0,0.0,1.0,2.0,0.0,0.0,0.0,0.5,1.0,0.228,F-G,0.692,9.0,0.081,13.0,0.612,0.0,1.0,0.0,2.0,0.0,0.0,0.0,0.0,0.5,0.0,0.0,0.0,3.0,0.0,0.0,0.0,0.0,0.333,0.0,1.0,0.0,0.0,0.0,0.0,0.0,0.0,0.0,CLE,0.0,0.0,2.0,0.0,2.0,0.0,2025,22400154,,1.0,3.0,9.0,0.333,0.453,-0.119,0.556,2.0,5.0,0.4,0.397,0.003,0.444,1.0,4.0,0.25,0.522,-0.272,0.333,1.0,3.0,0.333,0.6,-0.267,0.333,1.0,3.0,0.333,0.564,-0.23,0.556,2.0,5.0,0.4,0.406,-0.006,3.0,2.0,1.0,1.0,0.0,3.0,8.0,1.0,0.0,1.0,1.0,0.0,1.0,1.0,2.0,1.0,1.0,0.5,0.5,0.5,0.5,18.0,0.0,0.0,0.0,0.0,0.0,0.0,0.0,0.0,0.0,0.0,0.0,0.0,0.0,0.0,0.0,0.0,0.0,26.3,10475.0,1.98,0.94,1.04,4.36,4.2,4.09,,,CLE,MIL,20241104,2024-25,False,CLE,MIL,CLE,1610612739.0,1610612739.0,CLE,1610612739.0,CLE,1610612739.0,CLE,,,,,,,,,,,,,,,,,,,,,,,,,,,,,,,,,,,,,,,,,,,Isaac Okoro,1610612739.0,CLE,F-G,24.0,1.0,1.0,Isaac Okoro,1610612739.0,CLE,F-G,24.0,1.0,1.0,Isaac Okoro,1610612739.0,CLE,F-G,24.0,1.0,1.0,Isaac Okoro,1610612739.0,CLE,F-G,24.0,1.0,1.0,Isaac Okoro,1610612739.0,CLE,F-G,24.0,1.0,1.0,Isaac Okoro,1610612739.0,CLE,F-G,24.0,1.0,1.0,Isaac Okoro,24.0,1.0,26.3,Isaac Okoro,1.0,1.0,0.0,26.3,Isaac Okoro,1.0,1.0,0.0,26.3,,,,
1630171,Isaac Okoro,Isaac,1610612739,CLE,23.0,1,1,0,1.0,18.911666666666665,0,4,0.0,0,1,0.0,3,5,0.6,3,2,5,1,1,2,2,3,2,2,3,4,21.5,0,0,17.0,1,1,1,1,132,183,147,183,121,144,121,43,31,94,11,100,68,116,77,13,7,212,87,63,153,69,92,19,3,110,,84,118.6,118.6,11.5,109.3,176,43,0.135,144,69,98,69,0.0,9.3,12.5,0.141,98,68,60,69,109.3,1.0,4.0,0.063,0.0,120,0.143,140,104.6,109.14,0.083,112.74,9.3,128,139,40,155,90.95,28,0.242,40,11,109.14,152,68,66,176,116.1,183,0.021,12.2,71,12.5,183,147,0.111,0.0,1.0,0.0,1.0,0.067,0.067,3.0,11.0,15.0,0.0,3.0,1.0,0.0,0.0,0.0,5.0,0.0,0.0,0.2,0.6,0.0,1.0,0.2,0.0,1.0,0.0,23.0,0.0,0.0,0.0,1.0,15.0,2.97,0.13,2.04,0.0,3.0,1.1,3.0,0.714,0.0,6.0,2.0,0.667,0.5,19.1,0.0,2.0,0.0,9.3,0.667,0.4,3.0,0.0,0.714,0.667,13.2,3.0,1.0,0.5,0.0,7.0,2.0,0.0,0.25,0.0,0.0,1.0,0.0,1.0,0.0,0.0,,1.0,0.25,0.0,0.0,0.0,0.5,2.0,0.0,0.0,0.0,2.0,0.0,0.5,,0.0,0.0,0.0,,,,,,,,,,,,,,0.25,0.0,0.25,0.0,0.0,0.0,0.0,,0.0,1.0,0.0,0.0,1.0,0.0,,0.0,0.0,1.0,0.0,0.0,0.0,0.0,0.0,0.0,0.0,0.0,0.0,0.0,0.0,0.0,0.0,0.0,1.0,0.0,0.0,0.0,0.0,0.0,0.0,0.0,0.0,0.0,0.0,0.0,0.0,0.0,0.0,0.0,2.0,0.0,1.0,0.0,0.0,0.0,0.241,F-G,0.714,5.0,0.111,7.0,0.603,,0.0,0.0,3.0,0.0,,0.0,1.0,0.0,0.0,0.0,0.0,0.0,0.0,0.0,0.0,0.0,0.0,0.0,0.0,,,0.0,0.0,,,0.0,CLE,0.0,0.0,1.0,0.0,1.0,0.0,2025,22400090,,1.0,4.0,11.0,0.364,0.454,-0.09,0.455,2.0,5.0,0.4,0.297,0.103,0.545,2.0,6.0,0.333,0.515,-0.182,0.182,2.0,2.0,1.0,0.59,0.41,0.455,2.0,5.0,0.4,0.531,-0.131,0.455,2.0,5.0,0.4,0.309,0.091,4.0,2.0,2.0,2.0,0.0,0.0,0.0,0.0,0.0,0.0,0.0,0.0,0.0,0.0,0.0,0.0,0.0,0.0,0.0,0.0,0.0,23.0,0.0,0.0,0.0,0.0,0.0,0.0,0.0,0.0,0.0,0.0,0.0,0.0,0.0,0.0,0.0,0.0,0.0,18.92,8514.0,1.61,0.86,0.75,4.63,5.06,4.77,,,WAS,CLE,20241026,2024-25,False,CLE,WAS,CLE,1610612739.0,1610612739.0,CLE,1610612739.0,CLE,1610612739.0,CLE,,,,,,,,,,,,,,,,,,,,,,,,,,,,,,,,,,,,,,,,,,,Isaac Okoro,1610612739.0,CLE,F-G,24.0,1.0,1.0,Isaac Okoro,1610612739.0,CLE,F-G,24.0,1.0,1.0,Isaac Okoro,1610612739.0,CLE,F-G,24.0,1.0,1.0,Isaac Okoro,1610612739.0,CLE,F-G,24.0,1.0,1.0,Isaac Okoro,1610612739.0,CLE,F-G,24.0,1.0,1.0,Isaac Okoro,1610612739.0,CLE,F-G,24.0,1.0,1.0,Isaac Okoro,24.0,1.0,18.9,Isaac Okoro,1.0,1.0,0.0,18.9,Isaac Okoro,1.0,1.0,0.0,18.92,,,,
1630171,Isaac Okoro,Isaac,1610612739,CLE,23.0,1,1,0,1.0,23.856666666666666,3,3,1.0,1,1,1.0,0,0,0.0,1,3,4,3,0,0,0,0,0,0,7,6,16.3,0,0,15.0,1,1,1,1,121,127,197,1,86,166,1,135,146,135,61,96,96,67,166,125,73,1,1,184,148,61,158,20,4,158,,228,152.1,152.1,18.6,131.4,129,48,0.055,119,45,222,135,3.0,20.7,0.0,0.055,222,7,99,45,131.4,0.0,3.0,0.125,1.167,3,0.053,1,133.6,99.59,0.136,98.71,20.7,118,1,159,251,83.0,182,1.167,159,75,99.59,251,7,51,8,152.2,127,0.092,0.0,7,50.0,9,197,0.098,0.0,3.0,0.0,4.0,0.188,0.188,9.0,7.0,16.0,0.0,0.0,0.0,0.0,0.0,0.0,0.0,0.0,0.0,0.0,0.0,0.0,0.0,0.0,0.0,0.0,0.0,19.0,0.0,0.0,0.0,0.0,7.0,1.45,0.368,0.84,0.0,7.0,0.5,2.0,0.4,1.0,4.0,2.0,0.429,0.25,9.1,0.0,2.0,1.0,2.0,1.0,0.5,7.0,1.0,0.444,0.5,7.3,2.0,0.0,0.25,0.333,10.0,1.0,1.0,0.333,1.0,1.0,1.0,0.0,1.0,1.0,0.0,,1.0,0.333,1.0,0.0,,,,,,,,,,,,,,1.0,1.0,0.0,1.0,1.0,0.0,1.0,0.333,0.0,,1.0,1.0,0.333,0.333,1.5,0.333,0.0,0.0,1.0,1.0,,1.0,1.0,0.0,1.0,1.0,,,,0.0,0.0,0.0,0.0,0.0,0.0,0.0,0.0,0.0,3.0,0.0,1.167,0.0,1.0,0.0,1.0,0.0,0.0,0.0,0.0,,0.0,0.0,,0.0,0.0,0.0,0.0,2.0,0.0,0.0,0.0,2.0,0.0,1.0,1.0,1.0,,0.281,F-G,0.611,11.0,0.0,18.0,0.611,0.0,1.0,0.0,2.0,0.0,,0.0,0.0,1.0,0.0,0.0,0.0,1.0,0.0,0.0,0.0,0.0,1.0,0.0,2.0,0.0,0.0,0.0,0.0,,,0.0,CLE,1.0,1.0,1.0,1.0,1.0,1.5,2025,22400175,,1.0,3.0,7.0,0.429,0.47,-0.042,,,,,,,1.0,3.0,7.0,0.429,0.52,-0.092,0.714,2.0,5.0,0.4,0.606,-0.206,0.714,2.0,5.0,0.4,0.565,-0.165,0.143,1.0,1.0,1.0,0.41,0.59,2.0,2.0,0.0,0.0,0.0,1.0,3.0,0.0,0.0,0.0,0.0,0.0,0.0,0.0,0.0,0.0,0.0,0.0,0.0,0.0,0.0,19.0,0.0,0.0,0.0,0.0,0.0,0.0,0.0,0.0,0.0,0.0,0.0,0.0,0.0,0.0,0.0,0.0,0.0,23.85,9861.0,1.87,0.91,0.96,4.49,4.84,4.2,,,NOP,CLE,20241106,2024-25,False,CLE,NOP,CLE,1610612739.0,1610612739.0,CLE,1610612739.0,CLE,1610612739.0,CLE,,,,,,,,,,,,,,,,,,,,,,,,,,,,,,,,,,,,,,,,,,,Isaac Okoro,1610612739.0,CLE,F-G,24.0,1.0,1.0,,,,,,,,Isaac Okoro,1610612739.0,CLE,F-G,24.0,1.0,1.0,Isaac Okoro,1610612739.0,CLE,F-G,24.0,1.0,1.0,Isaac Okoro,1610612739.0,CLE,F-G,24.0,1.0,1.0,Isaac Okoro,1610612739.0,CLE,F-G,24.0,1.0,1.0,Isaac Okoro,24.0,1.0,23.9,Isaac Okoro,1.0,1.0,0.0,23.9,Isaac Okoro,1.0,1.0,0.0,23.85,,,,
1630171,Isaac Okoro,Isaac,1610612739,CLE,24.0,1,1,0,1.0,23.65,2,4,0.5,2,2,1.0,2,2,1.0,2,2,4,2,0,1,1,1,2,2,8,25,21.8,0,0,20.0,1,1,1,1,70,91,111,49,28,80,1,30,35,1,22,76,68,59,98,32,19,90,85,34,77,2,73,13,2,73,,29,139.1,139.1,57.8,83.0,73,46,0.096,89,7,30,77,2.0,56.2,0.0,0.094,30,8,78,7,83.0,0.0,4.0,0.091,0.75,32,0.095,1,82.1,94.38,0.067,94.66,56.2,110,1,130,133,78.65,129,0.82,130,32,94.38,134,8,7,18,139.9,91,0.103,0.0,14,28.6,24,111,0.078,0.0,2.0,0.0,3.0,0.133,0.133,6.0,13.0,15.0,0.0,1.0,0.0,0.0,0.0,0.0,1.0,0.0,0.0,0.0,1.0,0.0,0.0,0.0,0.0,0.0,0.0,21.0,0.0,0.0,0.0,0.0,14.0,2.08,0.381,1.48,0.0,8.0,0.7,4.0,0.4,2.0,4.0,0.0,0.333,0.667,3.9,1.0,3.0,2.0,2.7,0.5,0.75,6.0,1.0,0.5,0.4,3.3,1.0,1.0,0.5,1.0,10.0,1.0,0.0,0.25,0.0,0.0,1.0,0.0,1.0,0.0,0.0,,1.0,0.25,0.0,0.0,0.0,0.25,1.0,0.0,0.0,0.0,1.0,0.0,0.25,,0.0,0.0,0.0,,1.0,1.0,0.0,1.5,1.0,0.0,0.25,0.25,1.0,1.0,1.0,0.0,0.25,1.5,0.25,0.0,0.0,1.0,1.0,,1.0,1.0,0.0,1.0,1.0,1.5,1.0,1.0,1.0,1.0,1.0,3.0,1.0,0.0,0.0,0.0,0.0,3.0,0.0,0.75,0.0,1.0,0.0,1.0,1.0,0.0,0.0,1.0,1.0,0.0,0.0,1.0,1.0,0.0,0.0,0.0,0.0,0.0,0.0,1.0,1.0,0.0,1.0,1.0,0.0,1.0,0.266,F-G,0.576,38.0,-0.047,66.0,0.622,,1.0,0.0,1.0,0.0,,0.0,1.0,0.0,1.0,1.0,0.0,1.0,0.0,0.0,0.0,0.0,1.0,0.0,0.0,,,0.0,1.0,,,0.0,CLE,1.0,1.0,1.0,1.0,1.0,1.5,2025,22400830,,1.0,1.0,7.0,0.143,0.44,-0.298,0.143,0.0,1.0,0.0,0.268,-0.268,0.857,1.0,6.0,0.167,0.502,-0.336,0.286,0.0,2.0,0.0,0.626,-0.626,0.571,1.0,4.0,0.25,0.56,-0.31,0.143,0.0,1.0,0.0,0.272,-0.272,4.0,2.0,2.0,1.0,0.0,1.0,2.0,1.0,0.0,1.0,1.0,0.0,0.0,1.0,1.0,1.0,1.0,0.0,1.0,1.0,1.0,21.0,0.0,0.0,0.0,0.0,0.0,0.0,0.0,0.0,0.0,0.0,0.0,0.0,0.0,0.0,0.0,0.0,0.0,23.65,9158.0,1.73,0.87,0.87,4.12,4.79,3.99,,,ORL,CLE,20250225,2024-25,False,CLE,ORL,CLE,1610612739.0,1610612739.0,CLE,1610612739.0,CLE,1610612739.0,CLE,,,,,,,,,,,,,,,,,,,,,,,,,,,,,,,,,,,,,,,,,,,Isaac Okoro,1610612739.0,CLE,F-G,24.0,1.0,1.0,Isaac Okoro,1610612739.0,CLE,F-G,24.0,1.0,1.0,Isaac Okoro,1610612739.0,CLE,F-G,24.0,1.0,1.0,Isaac Okoro,1610612739.0,CLE,F-G,24.0,1.0,1.0,Isaac Okoro,1610612739.0,CLE,F-G,24.0,1.0,1.0,Isaac Okoro,1610612739.0,CLE,F-G,24.0,1.0,1.0,Isaac Okoro,24.0,1.0,23.7,Isaac Okoro,1.0,1.0,0.0,23.7,Isaac Okoro,1.0,1.0,0.0,23.65,,,,
1630171,Isaac Okoro,Isaac,1610612739,CLE,23.0,1,1,0,1.0,17.983333333333334,2,2,1.0,0,0,0.0,0,0,0.0,1,1,2,3,0,0,0,0,3,1,4,10,10.9,0,0,9.0,1,1,1,1,143,124,180,1,124,176,124,123,130,123,56,140,129,63,150,113,80,1,145,107,151,39,163,13,1,169,,83,125.0,125.0,33.7,100.0,127,36,0.05,81,45,69,123,2.0,25.0,0.0,0.053,69,37,128,45,100.0,0.0,2.0,0.188,1.0,6,0.077,1,100.1,94.75,0.059,91.55,25.0,155,1,214,213,78.96,224,1.0,214,50,94.75,212,37,32,12,133.8,124,0.079,0.0,17,60.0,7,180,0.067,0.0,3.0,0.0,5.0,0.2,0.2,7.0,11.0,15.0,0.0,2.0,0.0,0.0,0.0,0.0,2.0,0.0,0.0,0.0,1.0,0.0,0.0,0.5,0.0,1.0,0.0,17.0,0.8,0.0,0.0,0.0,13.0,1.68,0.235,0.76,0.0,4.0,0.5,5.0,0.4,0.0,3.0,1.0,0.5,0.333,17.2,0.0,1.0,0.0,6.9,1.0,0.5,2.0,0.0,0.4,0.5,12.0,1.0,0.0,0.333,0.0,5.0,1.0,,,,,,,,,,,,,,,1.0,0.5,1.0,1.0,0.0,1.0,1.0,0.0,0.5,,0.0,1.0,1.0,1.0,1.0,0.0,1.0,1.0,0.0,1.0,0.5,0.0,,1.0,1.0,0.5,,,,,,,,,,,,,,,,,,0.0,0.0,0.0,,0.0,1.0,0.0,0.0,0.0,4.0,1.0,0.0,0.0,0.0,0.0,0.0,0.0,0.0,0.0,0.0,0.0,0.0,0.0,0.0,0.0,0.0,0.0,2.0,0.0,0.0,0.0,2.0,0.0,0.0,0.0,1.0,0.0,0.278,F-G,0.6,3.0,0.003,5.0,0.597,0.0,0.0,0.0,2.0,0.0,,0.0,0.0,1.0,0.0,0.0,0.0,0.0,0.0,0.0,0.0,0.0,0.0,0.0,2.0,0.0,0.0,0.0,0.0,,,0.0,CLE,0.0,,,,0.0,,2025,22400080,,1.0,3.0,6.0,0.5,0.373,0.127,0.667,2.0,4.0,0.5,0.284,0.217,0.333,1.0,2.0,0.5,0.516,-0.016,0.167,1.0,1.0,1.0,0.567,0.433,0.333,1.0,2.0,0.5,0.568,-0.068,0.667,2.0,4.0,0.5,0.287,0.213,3.0,1.0,2.0,0.0,1.0,2.0,5.0,0.0,0.0,0.0,0.0,0.0,0.0,1.0,1.0,1.0,0.0,0.0,1.0,1.0,0.0,17.0,0.0,0.0,0.0,0.0,0.0,0.0,0.0,0.0,0.0,0.0,0.0,0.0,0.0,0.0,0.0,0.0,0.0,17.98,7477.0,1.42,0.77,0.65,4.27,4.63,3.87,,,CLE,DET,20241025,2024-25,False,CLE,DET,,,1610612739.0,CLE,1610612739.0,CLE,1610612739.0,CLE,,,,,,,,,,,,,,,,,,,,,,,,,,,,,,,,,,,,,,,,,,,Isaac Okoro,1610612739.0,CLE,F-G,24.0,1.0,1.0,Isaac Okoro,1610612739.0,CLE,F-G,24.0,1.0,1.0,Isaac Okoro,1610612739.0,CLE,F-G,24.0,1.0,1.0,Isaac Okoro,1610612739.0,CLE,F-G,24.0,1.0,1.0,Isaac Okoro,1610612739.0,CLE,F-G,24.0,1.0,1.0,Isaac Okoro,1610612739.0,CLE,F-G,24.0,1.0,1.0,Isaac Okoro,24.0,1.0,18.0,Isaac Okoro,1.0,1.0,0.0,18.0,Isaac Okoro,1.0,1.0,0.0,17.98,,,,
1630171,Isaac Okoro,Isaac,1610612739,CLE,24.0,1,1,0,1.0,13.258333333333333,2,4,0.5,1,3,0.333,0,0,0.0,2,0,2,0,1,0,0,0,3,2,5,-14,6.4,0,0,8.0,1,1,1,1,133,100,114,52,61,78,59,86,91,86,21,142,100,122,51,76,58,1,114,49,116,142,139,18,3,131,,146,108.3,108.3,-35.2,142.9,141,24,0.172,122,142,149,90,2.0,-34.5,20.0,0.179,149,93,87,142,142.9,0.0,4.0,0.0,0.625,122,0.133,145,143.7,94.13,0.0,93.77,-34.5,142,144,146,83,78.44,140,0.625,146,10,94.13,79,93,147,58,108.5,100,0.0,20.0,90,0.0,51,114,0.065,0.0,0.0,0.0,1.0,0.0,0.0,0.0,9.0,11.0,0.0,1.0,0.0,0.0,0.0,0.0,1.0,0.0,0.0,0.0,1.0,0.0,0.0,0.0,0.0,0.0,0.0,16.0,2.0,0.0,0.0,0.0,11.0,1.77,0.313,1.06,0.0,5.0,0.5,1.0,0.667,0.0,3.0,0.0,0.0,0.667,0.0,0.0,1.0,0.0,14.1,0.5,0.5,0.0,0.0,0.667,0.0,14.1,1.0,1.0,0.667,0.0,3.0,1.0,,,,,,,,,,,,,,,1.0,0.25,1.0,1.0,0.0,1.0,1.0,0.0,0.25,,0.0,1.0,1.0,,,,,,,,,,,,,,0.75,0.5,0.75,0.0,0.0,0.333,0.333,,1.0,3.0,0.0,1.0,3.0,,,,0.0,0.0,0.0,0.0,0.0,0.0,1.0,0.0,0.0,3.0,2.0,0.625,0.0,0.333,0.0,1.0,0.0,0.0,0.0,2.0,1.0,0.0,0.0,0.0,0.0,0.0,1.0,0.0,1.0,0.0,0.0,0.0,1.0,0.0,1.0,1.0,1.0,0.0,0.269,F-G,0.548,40.0,-0.078,73.0,0.626,0.0,0.0,0.0,1.0,0.0,0.0,0.0,1.0,1.0,1.0,0.0,0.0,2.0,0.0,0.0,0.0,0.0,0.0,0.0,1.0,0.0,0.0,0.0,1.0,0.0,0.0,0.0,CLE,1.0,0.333,3.0,1.0,3.0,0.5,2025,22400904,,1.0,3.0,4.0,0.75,0.386,0.364,0.75,2.0,3.0,0.667,0.284,0.382,0.25,1.0,1.0,1.0,0.569,0.431,0.25,1.0,1.0,1.0,0.627,0.373,0.25,1.0,1.0,1.0,0.593,0.407,0.75,2.0,3.0,0.667,0.288,0.379,1.0,0.0,1.0,0.0,0.0,2.0,6.0,2.0,0.0,2.0,1.0,0.0,0.0,0.0,0.0,0.0,0.0,0.0,0.0,0.0,0.0,16.0,0.0,0.0,0.0,0.0,0.0,0.0,0.0,0.0,0.0,0.0,0.0,0.0,0.0,0.0,0.0,0.0,0.0,13.27,5420.0,1.03,0.51,0.52,4.23,4.68,3.85,,,CHA,CLE,20250307,2024-25,False,CLE,CHA,,,1610612739.0,CLE,1610612739.0,CLE,1610612739.0,CLE,,,,,,,,,,,,,,,,,,,,,,,,,,,,,,,,,,,,,,,,,,,Isaac Okoro,1610612739.0,CLE,F-G,24.0,1.0,1.0,Isaac Okoro,1610612739.0,CLE,F-G,24.0,1.0,1.0,Isaac Okoro,1610612739.0,CLE,F-G,24.0,1.0,1.0,Isaac Okoro,1610612739.0,CLE,F-G,24.0,1.0,1.0,Isaac Okoro,1610612739.0,CLE,F-G,24.0,1.0,1.0,Isaac Okoro,1610612739.0,CLE,F-G,24.0,1.0,1.0,Isaac Okoro,24.0,1.0,13.3,Isaac Okoro,1.0,1.0,0.0,13.3,Isaac Okoro,1.0,1.0,0.0,13.27,,,,
1630171,Isaac Okoro,Isaac,1610612739,CLE,23.0,1,1,0,1.0,30.313333333333333,3,8,0.375,2,5,0.4,1,1,1.0,2,3,5,3,1,1,1,0,2,2,9,22,24.5,0,0,23.0,1,1,1,1,63,113,103,151,41,49,76,97,120,1,28,67,64,62,97,48,21,1,111,71,115,10,90,18,2,90,,32,123.1,123.1,32.1,87.9,142,65,0.125,125,31,30,9,3.0,35.2,8.3,0.131,30,53,111,31,87.9,3.0,8.0,0.111,0.5,57,0.065,104,88.6,103.72,0.091,104.32,35.2,138,104,93,191,86.43,92,0.533,93,64,103.72,191,53,37,132,120.7,113,0.077,8.0,61,25.0,123,103,0.078,0.0,3.0,0.0,4.0,0.115,0.115,7.0,25.0,26.0,0.0,0.0,0.0,0.0,0.0,0.0,1.0,0.0,0.0,0.0,0.0,0.0,0.0,0.0,0.0,0.0,0.0,35.0,0.0,1.0,0.0,0.0,22.0,2.45,0.257,2.0,3.0,9.0,1.4,1.0,0.5,1.0,3.0,3.0,0.429,0.667,8.4,0.0,1.0,0.0,9.2,0.5,0.2,7.0,1.0,0.556,0.5,8.7,4.0,1.0,0.667,0.0,10.0,1.0,1.0,0.125,1.0,1.0,1.0,0.0,1.0,1.0,0.0,,1.0,0.125,1.0,0.0,0.0,0.25,2.0,0.0,0.0,0.0,2.0,0.0,0.25,,0.0,0.0,0.0,,1.0,1.0,0.0,0.0,0.0,0.0,0.125,0.125,0.0,0.0,0.0,0.0,0.5,0.75,0.5,0.0,0.0,0.5,0.5,,2.0,4.0,0.0,2.0,4.0,0.0,0.0,0.0,0.0,1.0,0.0,0.0,1.0,3.0,0.0,0.0,0.0,6.0,0.0,0.5,1.0,0.5,1.0,1.0,1.0,1.0,0.0,2.0,1.0,0.0,0.0,0.0,0.5,0.0,1.0,0.0,0.0,1.0,0.0,1.0,2.0,1.0,3.0,0.333,0.0,0.0,0.301,F-G,0.577,30.0,-0.023,52.0,0.6,0.0,1.0,1.0,2.0,0.0,0.0,1.0,3.0,0.0,0.333,1.0,0.0,2.0,0.0,0.0,0.0,0.0,0.5,0.0,0.0,0.0,0.0,0.0,1.0,0.0,0.0,0.0,CLE,2.0,0.5,4.0,2.0,4.0,0.75,2025,22400051,,1.0,3.0,9.0,0.333,0.411,-0.078,0.556,1.0,5.0,0.2,0.331,-0.131,0.444,2.0,4.0,0.5,0.48,0.021,0.111,1.0,1.0,1.0,0.546,0.454,0.333,2.0,3.0,0.667,0.535,0.131,0.556,1.0,5.0,0.2,0.348,-0.148,4.0,2.0,2.0,1.0,0.0,0.0,0.0,0.0,1.0,1.0,0.0,1.0,0.0,0.0,0.0,0.0,0.0,0.0,0.0,0.0,0.0,35.0,1.0,1.0,1.0,1.0,0.0,0.0,0.0,3.0,3.0,0.0,0.0,0.0,0.0,0.0,0.0,0.0,0.0,30.32,12857.0,2.44,1.26,1.18,4.41,4.7,4.47,,,CLE,WAS,20241203,2024-25,False,CLE,WAS,CLE,1610612739.0,1610612739.0,CLE,1610612739.0,CLE,1610612739.0,CLE,,,,,,,,,,,,,,,,,,,,,,,,,,,,,,,,,,,,,,,,,,,Isaac Okoro,1610612739.0,CLE,F-G,24.0,1.0,1.0,Isaac Okoro,1610612739.0,CLE,F-G,24.0,1.0,1.0,Isaac Okoro,1610612739.0,CLE,F-G,24.0,1.0,1.0,Isaac Okoro,1610612739.0,CLE,F-G,24.0,1.0,1.0,Isaac Okoro,1610612739.0,CLE,F-G,24.0,1.0,1.0,Isaac Okoro,1610612739.0,CLE,F-G,24.0,1.0,1.0,Isaac Okoro,24.0,1.0,30.3,Isaac Okoro,1.0,1.0,0.0,30.3,Isaac Okoro,1.0,1.0,0.0,30.32,,,,
1630171,Isaac Okoro,Isaac,1610612739,CLE,23.0,1,1,0,1.0,26.07333333333333,2,4,0.5,0,2,0.0,0,0,0.0,0,1,1,3,0,2,1,0,2,1,4,3,18.7,0,0,14.0,1,1,1,1,111,144,176,72,150,155,150,141,147,141,142,186,207,61,161,19,28,1,133,107,185,99,137,20,3,159,,204,129.3,129.3,4.9,124.1,188,58,0.067,128,107,206,131,2.0,5.2,0.0,0.068,206,30,228,107,124.1,0.0,4.0,0.115,0.5,12,0.0,1,124.5,106.78,0.048,106.59,5.2,211,1,86,242,88.98,94,0.5,86,142,106.78,242,30,116,142,129.4,144,0.042,0.0,32,42.9,112,176,0.023,0.0,3.0,0.0,3.0,0.15,0.15,6.0,15.0,20.0,0.0,2.0,0.0,0.0,0.0,0.0,2.0,0.0,0.0,0.0,1.0,0.0,0.0,0.5,0.0,1.0,0.0,25.0,1.0,0.0,0.0,1.0,15.0,1.44,0.16,0.76,0.0,4.0,0.6,2.0,0.333,0.0,1.0,1.0,0.5,0.0,8.8,0.0,0.0,0.0,0.0,0.0,0.0,2.0,0.0,0.333,0.5,8.8,1.0,0.0,0.0,0.0,3.0,0.0,1.0,0.25,1.0,1.0,1.0,0.0,1.0,1.0,0.0,,1.0,0.25,1.0,0.0,1.0,0.25,1.0,1.0,0.0,1.0,1.0,0.0,0.25,,0.0,1.0,1.0,,2.0,2.0,0.0,0.0,0.0,0.0,0.5,0.5,0.0,0.0,0.0,0.0,,,,,,,,,,,,,,,,,0.0,0.0,0.0,0.0,0.0,0.0,1.0,0.0,0.0,0.0,2.0,0.5,0.0,0.0,0.0,0.0,0.0,0.0,0.0,1.0,1.0,0.0,0.0,0.0,0.0,0.0,0.0,0.0,2.0,0.0,0.0,0.0,2.0,0.0,1.0,0.0,1.0,0.0,0.268,F-G,0.567,17.0,-0.046,30.0,0.613,0.0,0.0,0.0,2.0,0.0,,0.0,1.0,1.0,0.0,0.0,0.0,1.0,0.0,0.0,0.0,0.0,0.0,0.0,2.0,0.0,0.0,0.0,0.0,,,0.0,CLE,0.0,0.0,2.0,0.0,2.0,0.0,2025,22400013,,1.0,4.0,11.0,0.364,0.474,-0.111,0.545,2.0,6.0,0.333,0.364,-0.03,0.455,2.0,5.0,0.4,0.571,-0.171,0.273,1.0,3.0,0.333,0.631,-0.298,0.273,1.0,3.0,0.333,0.594,-0.261,0.636,2.0,7.0,0.286,0.372,-0.087,5.0,5.0,0.0,2.0,0.0,2.0,5.0,0.0,0.0,0.0,0.0,0.0,0.0,0.0,0.0,0.0,0.0,0.0,0.0,0.0,0.0,25.0,0.0,0.0,0.0,0.0,0.0,0.0,0.0,0.0,0.0,0.0,0.0,0.0,0.0,0.0,0.0,0.0,0.0,26.07,11249.0,2.13,1.09,1.04,4.48,4.76,4.21,,,CLE,CHI,20241115,2024-25,False,CLE,CHI,CLE,1610612739.0,1610612739.0,CLE,1610612739.0,CLE,1610612739.0,CLE,,,,,,,,,,,,,,,,,,,,,,,,,,,,,,,,,,,,,,,,,,,Isaac Okoro,1610612739.0,CLE,F-G,24.0,1.0,1.0,Isaac Okoro,1610612739.0,CLE,F-G,24.0,1.0,1.0,Isaac Okoro,1610612739.0,CLE,F-G,24.0,1.0,1.0,Isaac Okoro,1610612739.0,CLE,F-G,24.0,1.0,1.0,Isaac Okoro,1610612739.0,CLE,F-G,24.0,1.0,1.0,Isaac Okoro,1610612739.0,CLE,F-G,24.0,1.0,1.0,Isaac Okoro,24.0,1.0,26.1,Isaac Okoro,1.0,1.0,0.0,26.1,Isaac Okoro,1.0,1.0,0.0,26.07,,,,
1630171,Isaac Okoro,Isaac,1610612739,CLE,23.0,1,1,0,1.0,24.041666666666668,2,2,1.0,2,2,1.0,0,0,0.0,1,1,2,2,0,0,2,0,4,0,6,-9,17.4,0,0,16.0,1,1,1,1,108,127,163,1,41,112,1,113,116,113,57,138,128,82,138,109,8,1,172,137,131,171,131,18,3,131,,169,125.0,125.0,-3.0,132.7,137,48,0.038,107,133,181,110,2.0,-7.7,0.0,0.039,181,40,166,133,132.7,0.0,2.0,0.105,1.5,6,0.053,1,128.4,99.83,0.033,101.38,-7.7,171,1,147,196,83.19,112,1.5,147,67,99.83,196,40,117,1,125.4,127,0.056,0.0,43,50.0,1,163,0.041,0.0,3.0,1.0,3.0,0.143,0.214,5.0,13.0,14.0,0.0,2.0,0.0,0.0,0.0,0.0,2.0,0.0,0.0,0.0,1.0,0.0,0.0,0.0,0.0,0.0,0.0,16.0,0.0,0.0,0.0,2.0,13.0,2.05,0.375,1.75,0.0,6.0,0.5,1.0,0.222,0.0,4.0,1.0,0.2,0.25,24.5,0.0,0.0,0.0,19.7,0.0,0.0,5.0,0.0,0.222,0.2,22.1,2.0,1.0,0.25,0.0,9.0,0.0,,,,,,,,,,,,,,,,,,,,,,,,,,,,,,,,,,,,,,,,,1.0,1.5,1.0,0.0,0.0,1.0,1.0,,2.0,2.0,0.0,2.0,2.0,1.5,1.0,1.0,1.0,1.0,1.0,3.0,1.0,0.0,0.0,0.0,0.0,3.0,0.0,1.5,0.0,1.0,0.0,2.0,0.0,0.0,0.0,0.0,0.0,0.0,0.0,0.0,0.0,0.0,0.0,0.0,0.0,0.0,0.0,0.0,0.0,0.0,2.0,1.0,0.0,0.0,0.311,F-G,0.569,29.0,-0.028,51.0,0.597,0.0,0.0,0.0,0.0,0.0,0.0,0.0,2.0,0.0,1.0,0.0,0.0,0.0,0.0,0.0,0.0,0.0,0.0,0.0,0.0,0.0,0.0,0.0,2.0,0.0,0.0,0.0,CLE,1.0,1.0,1.0,1.0,1.0,1.5,2025,22400307,,1.0,4.0,12.0,0.333,0.452,-0.119,0.333,2.0,4.0,0.5,0.392,0.108,0.667,2.0,8.0,0.25,0.57,-0.32,0.5,2.0,6.0,0.333,0.64,-0.307,0.583,2.0,7.0,0.286,0.617,-0.332,0.417,2.0,5.0,0.4,0.395,0.005,8.0,6.0,2.0,0.0,0.0,4.0,12.0,0.0,0.0,0.0,0.0,0.0,0.0,1.0,1.0,1.0,0.0,0.0,1.0,1.0,0.0,16.0,0.0,0.0,0.0,0.0,0.0,0.0,0.0,0.0,0.0,0.0,0.0,0.0,0.0,0.0,0.0,0.0,0.0,24.05,9439.0,1.79,0.86,0.92,4.18,5.01,3.57,,,CLE,BOS,20241201,2024-25,False,CLE,BOS,,,1610612739.0,CLE,1610612739.0,CLE,1610612739.0,CLE,,,,,,,,,,,,,,,,,,,,,,,,,,,,,,,,,,,,,,,,,,,Isaac Okoro,1610612739.0,CLE,F-G,24.0,1.0,1.0,Isaac Okoro,1610612739.0,CLE,F-G,24.0,1.0,1.0,Isaac Okoro,1610612739.0,CLE,F-G,24.0,1.0,1.0,Isaac Okoro,1610612739.0,CLE,F-G,24.0,1.0,1.0,Isaac Okoro,1610612739.0,CLE,F-G,24.0,1.0,1.0,Isaac Okoro,1610612739.0,CLE,F-G,24.0,1.0,1.0,Isaac Okoro,24.0,1.0,24.1,Isaac Okoro,1.0,1.0,0.0,24.1,Isaac Okoro,1.0,1.0,0.0,24.05,,,,
1630171,Isaac Okoro,Isaac,1610612739,CLE,24.0,1,0,1,0.0,7.883333333333334,1,2,0.5,0,1,0.0,0,0,0.0,1,1,2,0,0,0,0,0,1,0,2,-13,4.4,0,0,4.0,1,88,88,88,150,126,137,50,99,113,99,91,93,91,53,111,105,135,103,86,51,1,27,114,138,147,152,17,2,150,,109,33.3,33.3,-83.6,112.5,66,15,0.111,135,167,96,86,1.0,-79.2,0.0,0.112,96,167,73,167,112.5,0.0,2.0,0.0,0.5,135,0.067,1,115.1,94.38,0.111,95.96,-79.2,76,1,144,132,78.65,147,0.5,145,51,94.38,135,167,167,102,31.5,126,0.107,0.0,167,0.0,79,137,0.083,0.0,1.0,1.0,2.0,0.0,0.167,0.0,6.0,6.0,0.0,0.0,0.0,0.0,0.0,0.0,0.0,0.0,0.0,0.0,0.0,0.0,0.0,0.0,0.0,0.0,0.0,8.0,1.0,0.0,2.0,1.0,4.0,1.41,0.25,1.25,0.0,2.0,0.2,2.0,0.667,0.0,1.0,1.0,0.5,1.0,15.2,0.0,1.0,0.0,3.1,1.0,0.5,2.0,0.0,0.667,0.5,9.2,1.0,0.0,1.0,0.0,3.0,1.0,,,,,,,,,,,,,,,,,,,,,,,,,,,,1.0,1.0,0.0,1.0,1.0,0.0,1.0,0.5,0.0,,1.0,1.0,0.5,0.5,0.0,0.5,0.0,0.0,0.0,0.0,,0.0,1.0,0.0,0.0,1.0,,,,0.0,0.0,0.0,0.0,0.0,0.0,1.0,1.0,2.0,0.0,2.0,0.5,0.0,0.0,0.0,0.0,0.0,0.0,,1.0,1.0,,,0.0,0.0,0.0,0.0,0.0,1.0,0.0,0.0,0.0,1.0,0.0,0.0,0.0,1.0,0.0,0.257,F-G,0.539,41.0,-0.084,76.0,0.623,0.0,0.0,0.0,1.0,,,0.0,0.0,1.0,0.0,0.0,0.0,1.0,0.0,0.0,,,0.0,0.0,1.0,0.0,0.0,0.0,0.0,,,0.0,CLE,0.0,0.0,1.0,0.0,1.0,0.0,2025,22400979,,,,,,,,,,,,,,,,,,,,,,,,,,,,,,,,,,,,,,,,,,,,,,,,,,,,,,,,,,,8.0,0.0,0.0,0.0,0.0,0.0,0.0,0.0,0.0,0.0,0.0,0.0,0.0,0.0,0.0,0.0,0.0,0.0,7.88,3242.0,0.61,0.31,0.31,4.34,4.57,4.14,,,CLE,ORL,20250316,2024-25,False,CLE,ORL,,,,,1610612739.0,CLE,1610612739.0,CLE,,,,,,,,,,,,,,,,,,,,,,,,,,,,,,,,,,,,,,,,,,,,,,,,,,,,,,,,,,,,,,,,,,,,,,,,,,,,,,,,,,,,,,,,,Isaac Okoro,1.0,0.0,1.0,7.9,Isaac Okoro,1.0,0.0,1.0,7.88,,,,
1630171,Isaac Okoro,Isaac,1610612739,CLE,23.0,1,0,1,0.0,22.735,3,8,0.375,2,5,0.4,0,0,0.0,2,2,4,3,0,0,0,0,1,0,8,-3,17.3,0,0,17.0,1,154,154,154,151,134,120,192,61,78,92,153,167,153,40,139,101,79,195,161,107,1,78,201,148,184,169,32,2,162,,243,122.9,122.9,-6.0,129.2,181,48,0.143,94,181,256,166,3.0,-6.3,0.0,0.144,256,76,147,181,129.2,0.0,8.0,0.176,0.5,70,0.08,1,125.2,101.34,0.069,104.51,-6.2,200,1,166,198,84.45,119,0.5,166,58,101.34,201,76,188,173,119.2,134,0.071,0.0,86,27.3,147,120,0.074,0.0,4.0,1.0,7.0,0.13,0.174,7.0,22.0,23.0,0.0,2.0,0.0,0.0,0.0,0.0,3.0,0.0,0.0,0.0,0.667,0.0,1.0,0.333,0.0,1.0,0.0,31.0,0.5,0.0,0.5,4.0,20.0,1.41,0.258,0.74,0.0,8.0,0.7,4.0,0.667,1.0,3.0,1.0,0.667,0.667,6.0,0.0,2.0,1.0,8.9,0.5,0.5,3.0,1.0,0.8,1.0,7.4,2.0,1.0,0.667,0.5,6.0,1.0,1.0,0.125,1.0,1.0,1.0,0.0,1.0,1.0,0.0,,1.0,0.125,1.0,0.0,0.0,0.25,2.0,0.0,0.0,0.0,2.0,0.0,0.25,,0.0,0.0,0.0,,,,,,,,,,,,,,0.625,0.6,0.625,0.0,0.0,0.4,0.4,,2.0,5.0,0.0,2.0,5.0,,,,0.0,0.0,0.0,0.0,0.0,0.0,1.0,0.5,2.0,6.0,2.0,0.5,0.0,0.4,0.0,1.0,0.0,0.0,0.0,3.0,2.0,0.0,0.0,0.5,0.333,0.0,1.0,0.0,1.0,0.0,0.0,1.0,3.0,0.0,2.0,0.5,0.333,1.0,0.281,F-G,0.585,24.0,-0.021,41.0,0.607,0.0,1.0,0.0,3.0,0.0,0.0,0.0,1.0,0.333,1.0,0.0,0.0,4.0,0.0,0.0,0.0,0.0,0.25,0.0,1.0,0.0,0.0,0.0,1.0,0.0,0.0,0.0,CLE,2.0,0.4,5.0,2.0,5.0,0.6,2025,22400287,,1.0,4.0,7.0,0.571,0.458,0.114,0.571,2.0,4.0,0.5,0.343,0.157,0.429,2.0,3.0,0.667,0.538,0.129,0.286,1.0,2.0,0.5,0.651,-0.151,0.429,2.0,3.0,0.667,0.57,0.097,0.571,2.0,4.0,0.5,0.341,0.159,3.0,0.0,3.0,0.0,0.0,2.0,4.0,1.0,0.0,1.0,1.0,0.0,0.0,0.0,0.0,0.0,0.0,0.0,0.0,0.0,0.0,31.0,0.0,0.0,0.0,0.0,0.0,0.0,0.0,0.0,0.0,0.0,0.0,0.0,0.0,0.0,0.0,0.0,0.0,22.73,9948.0,1.88,0.99,0.9,4.69,4.9,4.47,,,CLE,ATL,20241127,2024-25,False,CLE,ATL,CLE,1610612739.0,1610612739.0,CLE,1610612739.0,CLE,1610612739.0,CLE,,,,,,,,,,,,,,,,,,,,,,,,,,,,,,,,,,,,,,,,,,,Isaac Okoro,1610612739.0,CLE,F-G,24.0,1.0,1.0,Isaac Okoro,1610612739.0,CLE,F-G,24.0,1.0,1.0,Isaac Okoro,1610612739.0,CLE,F-G,24.0,1.0,1.0,Isaac Okoro,1610612739.0,CLE,F-G,24.0,1.0,1.0,Isaac Okoro,1610612739.0,CLE,F-G,24.0,1.0,1.0,Isaac Okoro,1610612739.0,CLE,F-G,24.0,1.0,1.0,Isaac Okoro,24.0,1.0,22.7,Isaac Okoro,1.0,0.0,1.0,22.7,Isaac Okoro,1.0,0.0,1.0,22.73,,,,
1630171,Isaac Okoro,Isaac,1610612739,CLE,23.0,1,1,0,1.0,13.783333333333331,3,4,0.75,0,1,0.0,0,0,0.0,0,0,0,1,1,0,0,0,1,0,6,10,6.5,0,0,7.0,1,1,1,1,170,104,160,14,125,152,125,113,122,113,117,192,201,120,66,104,80,1,60,149,136,35,182,24,3,178,,101,146.7,146.7,38.5,109.7,157,30,0.167,132,26,86,72,3.0,37.0,16.7,0.169,86,8,201,26,109.7,1.0,4.0,0.083,0.75,96,0.0,174,110.5,106.22,0.0,104.96,37.0,192,170,55,129,88.51,63,0.75,55,117,106.22,131,8,23,40,149.1,104,0.048,16.7,6,16.7,29,160,0.0,0.0,1.0,0.0,1.0,0.111,0.111,3.0,12.0,9.0,0.0,1.0,0.0,1.0,0.0,1.333,3.0,0.0,0.0,0.0,0.333,4.0,2.0,0.0,0.0,0.0,2.0,14.0,2.0,0.0,0.0,0.0,11.0,1.57,0.429,1.07,0.0,6.0,0.4,1.0,,,,,,,,,,,,,,,,,,,,,,,,,1.0,0.25,1.0,1.0,1.0,0.0,1.0,1.0,0.0,,1.0,0.25,1.0,0.0,1.0,0.5,2.0,2.0,0.0,2.0,2.0,0.0,0.5,,0.0,1.0,1.0,,,,,,,,,,,,,,0.25,0.0,0.25,0.0,0.0,0.0,0.0,,0.0,1.0,0.0,0.0,1.0,,,,0.0,0.0,0.0,0.0,0.0,0.0,1.0,0.0,0.0,0.0,2.0,0.75,0.0,0.0,0.0,0.0,1.0,1.0,0.0,1.0,0.0,0.0,0.0,0.0,0.0,0.0,1.0,0.0,2.0,0.0,0.0,0.0,2.0,1.0,0.0,0.0,1.0,0.0,0.277,F-G,0.545,18.0,-0.073,33.0,0.619,0.0,0.0,1.0,2.0,0.0,,1.0,0.0,1.0,0.0,1.0,0.0,1.0,0.0,0.0,0.0,0.0,0.0,0.0,2.0,0.0,0.0,0.0,0.0,,,0.0,CLE,0.0,0.0,1.0,0.0,1.0,0.0,2025,22400236,,1.0,3.0,7.0,0.429,0.417,0.011,0.571,2.0,4.0,0.5,0.362,0.138,0.429,1.0,3.0,0.333,0.501,-0.168,0.429,1.0,3.0,0.333,0.651,-0.318,0.429,1.0,3.0,0.333,0.58,-0.246,0.571,2.0,4.0,0.5,0.364,0.137,0.0,0.0,0.0,0.0,0.0,2.0,6.0,0.0,0.0,0.0,0.0,0.0,0.0,0.0,0.0,0.0,0.0,0.0,0.0,0.0,0.0,14.0,0.0,0.0,0.0,0.0,0.0,0.0,0.0,0.0,0.0,0.0,0.0,0.0,0.0,0.0,0.0,0.0,0.0,13.78,6008.0,1.14,0.53,0.61,4.56,4.7,4.45,,,CLE,CHA,20241117,2024-25,False,CLE,CHA,CLE,1610612739.0,1610612739.0,CLE,1610612739.0,CLE,1610612739.0,CLE,,,,,,,,,,,,,,,,,,,,,,,,,,,,,,,,,,,,,,,,,,,Isaac Okoro,1610612739.0,CLE,F-G,24.0,1.0,1.0,Isaac Okoro,1610612739.0,CLE,F-G,24.0,1.0,1.0,Isaac Okoro,1610612739.0,CLE,F-G,24.0,1.0,1.0,Isaac Okoro,1610612739.0,CLE,F-G,24.0,1.0,1.0,Isaac Okoro,1610612739.0,CLE,F-G,24.0,1.0,1.0,Isaac Okoro,1610612739.0,CLE,F-G,24.0,1.0,1.0,Isaac Okoro,24.0,1.0,13.8,Isaac Okoro,1.0,1.0,0.0,13.8,Isaac Okoro,1.0,1.0,0.0,13.78,,,,
1630171,Isaac Okoro,Isaac,1610612739,CLE,24.0,1,0,1,0.0,29.453333333333333,1,2,0.5,0,1,0.0,3,4,0.75,0,2,2,1,0,2,0,0,2,2,5,1,14.9,0,0,12.0,1,24,24,24,18,26,32,10,20,26,20,9,12,12,26,19,24,19,25,3,13,1,18,16,24,15,25,5,1,26,102.0,28,125.8,125.8,8.1,120.3,28,62,0.056,26,15,27,21,1.0,5.5,0.0,0.053,27,3,32,15,120.3,0.0,2.0,0.042,0.5,14,0.0,1,114.9,102.67,0.069,106.32,5.5,23,1,12,34,85.56,5,0.665,12,26,102.67,35,3,15,9,123.0,26,0.047,0.0,5,20.0,16,32,0.035,0.0,1.0,0.0,3.0,0.059,0.059,2.0,15.0,17.0,4.0,0.0,0.0,0.0,1.0,1.5,2.0,3.0,2.0,0.0,0.0,3.0,0.0,0.0,0.75,0.0,0.0,24.0,0.667,0.0,0.0,0.0,8.0,3.49,0.208,2.96,0.0,5.0,1.4,3.0,0.286,1.0,3.0,2.0,0.5,0.0,11.4,0.0,0.0,0.0,0.0,0.0,0.0,4.0,1.0,0.333,0.667,11.4,2.0,0.0,0.0,0.0,7.0,0.0,,,,,,,,,,,,,,,1.0,0.5,1.0,1.0,0.0,1.0,1.0,0.0,0.5,,0.0,1.0,1.0,,,,,,,,,,,,,,0.5,0.0,0.5,0.0,0.0,0.0,0.0,,0.0,1.0,0.0,0.0,1.0,,,,0.0,0.0,0.0,0.0,0.0,0.0,1.0,0.0,0.0,0.0,2.0,0.5,0.0,0.0,0.0,0.0,0.0,0.0,0.0,0.0,0.0,0.0,0.0,0.0,0.0,0.0,0.0,0.0,1.0,0.0,0.0,0.0,1.0,0.0,1.0,0.0,1.0,0.0,0.3,F-G,0.667,4.0,0.009,6.0,0.658,0.0,0.0,0.0,1.0,0.0,,0.0,1.0,1.0,0.0,0.0,0.0,0.0,0.0,0.0,0.0,0.0,0.0,0.0,1.0,0.0,0.0,0.0,0.0,,,0.0,CLE,0.0,0.0,1.0,0.0,1.0,0.0,2025,42400202,,1.0,2.0,2.0,1.0,0.477,0.524,,,,,,,1.0,2.0,2.0,1.0,0.575,0.426,1.0,2.0,2.0,1.0,0.681,0.319,1.0,2.0,2.0,1.0,0.619,0.382,,,,,,,2.0,2.0,0.0,2.0,0.0,2.0,4.0,0.0,0.0,0.0,0.0,0.0,0.0,0.0,0.0,0.0,0.0,0.0,0.0,0.0,0.0,24.0,0.0,0.0,0.0,0.0,0.0,0.0,0.0,0.0,0.0,0.0,0.0,0.0,0.0,0.0,0.0,0.0,0.0,29.45,13029.0,2.47,1.22,1.25,4.62,4.59,4.65,,,CLE,IND,20250506,2024-25,True,CLE,IND,,,1610612739.0,CLE,1610612739.0,CLE,1610612739.0,CLE,2.0,0.478,2.0,1.0,0.522,,0.0,3.0,0.0,0.0,2.0,0.667,0.0,0.0,2.0,0.0,1.0,2.0,0.5,11.4,0.0,11.4,0.0,0.0,0.286,4.0,0.333,1.0,2.0,7.0,0.0,CLE,0.0,0.0,1.22,1.25,4.62,4.59,2.47,4.65,29.45,13029.0,Isaac Okoro,1610612739.0,CLE,F-G,24.0,1.0,1.0,,,,,,,,Isaac Okoro,1610612739.0,CLE,F-G,24.0,1.0,1.0,Isaac Okoro,1610612739.0,CLE,F-G,24.0,1.0,1.0,Isaac Okoro,1610612739.0,CLE,F-G,24.0,1.0,1.0,,,,,,,,Isaac Okoro,24.0,1.0,29.5,Isaac Okoro,1.0,0.0,1.0,29.5,Isaac Okoro,1.0,0.0,1.0,29.45,,,,
1630171,Isaac Okoro,Isaac,1610612739,CLE,24.0,1,0,1,0.0,16.133333333333333,1,2,0.5,0,0,0.0,0,0,0.0,0,0,0,0,1,1,0,0,1,0,2,2,4.0,0,0,4.0,1,22,22,22,26,25,31,13,24,33,24,20,22,20,23,35,35,29,16,8,14,1,7,29,32,12,36,4,1,36,100.0,14,108.3,108.3,16.1,102.8,33,36,0.081,29,13,13,21,1.0,5.6,33.3,0.087,13,22,35,13,102.8,0.0,2.0,0.0,0.5,29,0.0,35,100.4,107.11,0.0,104.61,5.6,35,35,4,34,89.26,10,0.5,4,23,107.11,34,22,8,21,116.5,25,0.0,33.3,11,0.0,16,31,0.0,0.0,0.0,0.0,2.0,0.0,0.0,0.0,12.0,11.0,0.0,1.0,1.0,0.5,0.0,0.5,4.0,0.0,0.0,0.25,0.25,2.0,2.0,0.0,0.0,0.0,1.0,15.0,0.0,0.0,0.0,0.0,8.0,3.57,0.133,3.73,0.0,2.0,0.9,0.0,,,,,,,,,,,,,,,,,,,,,,,,,,,,,,,,,,,,,,,0.5,1.0,2.0,1.0,0.0,1.0,2.0,0.0,1.0,,0.0,0.5,0.5,,,,,,,,,,,,,,,,,,,,,,,,,,,,,,,0.0,0.0,0.0,,0.0,0.0,0.0,0.0,0.0,0.0,0.5,0.0,0.0,0.0,0.0,1.0,1.0,0.0,0.0,0.0,0.0,0.0,0.0,0.0,0.0,0.0,0.0,0.0,0.0,0.0,0.0,1.0,1.0,0.0,0.0,0.0,0.0,0.25,F-G,0.75,6.0,0.099,8.0,0.651,0.0,0.0,1.0,1.0,0.0,0.0,1.0,0.0,0.0,0.0,1.0,0.0,0.0,0.0,0.0,0.0,0.0,0.0,0.0,0.0,0.0,0.0,0.0,0.0,0.0,0.0,0.0,CLE,0.0,,,,0.0,,2025,42400205,,1.0,2.0,3.0,0.667,0.449,0.218,0.667,1.0,2.0,0.5,0.35,0.151,0.333,1.0,1.0,1.0,0.525,0.475,,,,,,,0.333,1.0,1.0,1.0,0.566,0.434,0.667,1.0,2.0,0.5,0.383,0.118,2.0,1.0,1.0,1.0,0.0,1.0,2.0,0.0,1.0,1.0,0.0,1.0,0.0,1.0,1.0,1.0,0.0,0.0,1.0,1.0,0.0,15.0,0.0,0.0,0.0,0.0,0.0,0.0,0.0,0.0,0.0,0.0,0.0,0.0,0.0,0.0,0.0,0.0,0.0,16.13,7328.0,1.39,0.64,0.75,4.86,4.53,4.51,,,CLE,IND,20250513,2024-25,True,CLE,IND,,,1610612739.0,CLE,1610612739.0,CLE,1610612739.0,CLE,3.0,0.449,2.0,0.667,0.218,,,,,,,,,,,,,,,,,,,,,,,,,,,,,,0.64,0.75,4.86,4.53,1.39,4.51,16.13,7328.0,Isaac Okoro,1610612739.0,CLE,F-G,24.0,1.0,1.0,Isaac Okoro,1610612739.0,CLE,F-G,24.0,1.0,1.0,Isaac Okoro,1610612739.0,CLE,F-G,24.0,1.0,1.0,,,,,,,,Isaac Okoro,1610612739.0,CLE,F-G,24.0,1.0,1.0,Isaac Okoro,1610612739.0,CLE,F-G,24.0,1.0,1.0,Isaac Okoro,24.0,1.0,16.1,Isaac Okoro,1.0,0.0,1.0,16.1,Isaac Okoro,1.0,0.0,1.0,16.13,,,,
1630171,Isaac Okoro,Isaac,1610612739,CLE,23.0,1,1,0,1.0,19.98333333333333,1,3,0.333,1,2,0.5,0,0,0.0,0,0,0,0,0,1,0,0,5,0,3,4,6.0,0,0,6.0,1,1,1,1,145,166,178,154,79,129,32,123,130,123,121,201,213,182,155,53,68,1,225,167,175,73,196,23,1,191,,88,119.0,119.0,14.5,109.5,229,42,0.067,182,78,117,135,1.0,9.5,0.0,0.066,117,69,213,78,109.5,0.0,3.0,0.0,0.5,182,0.0,1,103.1,100.88,0.0,104.63,9.5,201,1,123,214,84.07,92,0.5,123,121,100.88,216,69,67,132,117.6,166,-0.038,0.0,74,0.0,105,178,0.0,0.0,0.0,0.0,0.0,0.0,0.0,0.0,8.0,7.0,0.0,1.0,0.0,0.0,0.0,0.0,1.0,0.0,0.0,0.0,1.0,0.0,0.0,0.0,0.0,0.0,0.0,10.0,0.0,0.0,0.0,0.0,8.0,1.66,0.3,0.7,0.0,3.0,0.3,0.0,,,,,,,,,,,,,,,,,,,,,,,,,0.0,0.333,0.0,0.0,1.0,0.0,1.0,0.0,0.0,,1.0,0.333,0.0,0.0,,,,,,,,,,,,,,,,,,,,,,,,,,,0.667,0.75,0.667,0.0,0.0,0.5,0.5,,1.0,2.0,0.0,1.0,2.0,,,,0.0,0.0,0.0,0.0,0.0,0.0,0.0,0.0,0.0,3.0,0.0,0.5,0.0,0.5,0.5,0.0,0.0,0.0,,2.0,0.0,,,0.0,0.5,0.0,2.0,0.0,0.0,1.0,0.0,1.0,1.0,0.0,0.0,0.0,0.0,0.0,0.222,F-G,0.75,6.0,0.149,8.0,0.601,,1.0,0.0,1.0,,,0.0,0.0,0.0,0.0,0.0,0.0,2.0,0.0,0.0,,,0.5,0.0,0.0,,,0.0,0.0,,,0.0,CLE,1.0,0.5,2.0,1.0,2.0,0.75,2025,22400118,,1.0,2.0,5.0,0.4,0.481,-0.081,0.4,0.0,2.0,0.0,0.379,-0.379,0.6,2.0,3.0,0.667,0.595,0.071,0.2,1.0,1.0,1.0,0.712,0.288,0.4,2.0,2.0,1.0,0.645,0.355,0.6,0.0,3.0,0.0,0.382,-0.382,4.0,2.0,2.0,1.0,0.0,0.0,0.0,0.0,0.0,0.0,0.0,0.0,0.0,0.0,0.0,0.0,0.0,0.0,0.0,0.0,0.0,10.0,0.0,0.0,0.0,0.0,0.0,0.0,0.0,0.0,0.0,0.0,0.0,0.0,0.0,0.0,0.0,0.0,0.0,19.98,7964.0,1.51,0.73,0.78,4.19,4.2,4.18,,,CLE,LAL,20241030,2024-25,False,CLE,LAL,CLE,1610612739.0,1610612739.0,CLE,1610612739.0,CLE,1610612739.0,CLE,,,,,,,,,,,,,,,,,,,,,,,,,,,,,,,,,,,,,,,,,,,Isaac Okoro,1610612739.0,CLE,F-G,24.0,1.0,1.0,Isaac Okoro,1610612739.0,CLE,F-G,24.0,1.0,1.0,Isaac Okoro,1610612739.0,CLE,F-G,24.0,1.0,1.0,Isaac Okoro,1610612739.0,CLE,F-G,24.0,1.0,1.0,Isaac Okoro,1610612739.0,CLE,F-G,24.0,1.0,1.0,Isaac Okoro,1610612739.0,CLE,F-G,24.0,1.0,1.0,Isaac Okoro,24.0,1.0,20.0,Isaac Okoro,1.0,1.0,0.0,20.0,Isaac Okoro,1.0,1.0,0.0,19.98,,,,
1630171,Isaac Okoro,Isaac,1610612739,CLE,24.0,1,1,0,1.0,20.8,3,4,0.75,1,2,0.5,0,0,0.0,1,2,3,2,2,0,0,0,2,0,7,7,11.6,0,0,13.0,1,1,1,1,131,112,147,21,86,119,47,118,124,118,52,118,106,84,36,113,64,1,109,146,127,63,150,15,2,136,,58,118.4,118.4,17.6,106.3,140,49,0.111,118,86,72,70,3.0,12.1,25.0,0.116,72,92,125,86,106.3,1.0,4.0,0.111,0.875,54,0.045,199,101.4,111.92,0.083,114.23,12.1,141,198,32,167,93.27,13,0.875,32,77,111.92,167,92,68,24,119.0,112,0.065,25.0,88,25.0,23,147,0.065,0.0,2.0,0.0,3.0,0.133,0.133,4.0,16.0,15.0,0.0,0.0,0.0,0.0,0.0,0.0,0.0,0.0,0.0,0.0,0.0,0.0,0.0,0.0,0.0,0.0,0.0,21.0,1.0,0.0,0.0,2.0,11.0,2.76,0.333,2.81,0.0,7.0,1.0,2.0,0.5,0.0,3.0,1.0,0.667,0.333,18.3,0.0,1.0,1.0,7.1,0.0,0.333,3.0,0.0,0.5,0.667,14.5,2.0,1.0,0.333,0.5,6.0,0.0,,,,,,,,,,,,,,,1.0,0.5,2.0,2.0,0.0,2.0,2.0,0.0,0.5,,0.0,1.0,1.0,,,,,,,,,,,,,,0.5,0.75,0.5,0.0,0.0,0.5,0.5,,1.0,2.0,0.0,1.0,2.0,,,,0.0,0.0,0.0,0.0,0.0,0.0,1.0,0.0,0.0,3.0,2.0,0.875,0.0,0.5,1.0,0.0,0.0,0.0,0.0,2.0,1.0,0.0,0.0,0.0,0.5,0.0,1.0,0.0,2.0,1.0,0.0,1.0,2.0,0.0,0.0,0.0,1.0,0.0,0.257,F-G,0.539,41.0,-0.084,76.0,0.624,0.0,1.0,0.0,2.0,0.0,0.0,0.0,0.0,1.0,0.0,0.0,0.0,2.0,0.0,0.0,0.0,0.0,0.5,0.0,2.0,0.0,0.0,0.0,0.0,0.0,0.0,0.0,CLE,1.0,0.5,2.0,1.0,2.0,0.75,2025,22400962,,1.0,2.0,9.0,0.222,0.466,-0.244,0.556,0.0,5.0,0.0,0.374,-0.374,0.444,2.0,4.0,0.5,0.528,-0.028,0.111,1.0,1.0,1.0,0.576,0.424,0.333,1.0,3.0,0.333,0.547,-0.214,0.556,0.0,5.0,0.0,0.379,-0.379,2.0,1.0,1.0,0.0,0.0,0.0,0.0,0.0,0.0,0.0,0.0,0.0,0.0,1.0,1.0,1.0,1.0,0.0,1.0,1.0,1.0,21.0,0.0,0.0,0.0,0.0,0.0,0.0,0.0,0.0,0.0,0.0,0.0,0.0,0.0,0.0,0.0,0.0,0.0,20.8,9382.0,1.78,0.93,0.85,4.71,4.55,4.34,,,MEM,CLE,20250314,2024-25,False,CLE,MEM,,,1610612739.0,CLE,1610612739.0,CLE,1610612739.0,CLE,,,,,,,,,,,,,,,,,,,,,,,,,,,,,,,,,,,,,,,,,,,Isaac Okoro,1610612739.0,CLE,F-G,24.0,1.0,1.0,Isaac Okoro,1610612739.0,CLE,F-G,24.0,1.0,1.0,Isaac Okoro,1610612739.0,CLE,F-G,24.0,1.0,1.0,Isaac Okoro,1610612739.0,CLE,F-G,24.0,1.0,1.0,Isaac Okoro,1610612739.0,CLE,F-G,24.0,1.0,1.0,Isaac Okoro,1610612739.0,CLE,F-G,24.0,1.0,1.0,Isaac Okoro,24.0,1.0,20.8,Isaac Okoro,1.0,1.0,0.0,20.8,Isaac Okoro,1.0,1.0,0.0,20.8,,,,
1630171,Isaac Okoro,Isaac,1610612739,CLE,23.0,1,1,0,1.0,11.633333333333333,1,2,0.5,1,2,0.5,0,0,0.0,0,0,0,2,0,0,0,0,3,0,3,-5,6.0,0,0,6.0,1,1,1,1,144,133,143,62,65,105,34,92,100,92,90,149,153,59,113,84,58,1,123,113,140,109,151,14,4,148,,140,123.1,123.1,-8.7,137.0,142,26,0.071,61,113,152,94,1.0,-14.0,0.0,0.071,152,37,153,113,137.0,0.0,2.0,0.167,0.75,7,0.0,1,131.8,109.34,0.0,111.57,-14.0,149,1,30,159,91.12,22,0.75,30,90,109.34,160,37,98,30,123.1,133,0.014,0.0,41,50.0,29,143,0.0,0.0,2.0,0.0,1.0,0.25,0.25,5.0,9.0,8.0,0.0,2.0,0.0,0.0,0.0,0.0,2.0,0.0,0.0,0.0,1.0,0.0,0.0,0.0,0.0,0.0,0.0,10.0,0.0,0.0,0.0,0.0,7.0,1.94,0.3,1.7,0.0,3.0,0.3,0.0,,,,,,,,,,,,,,,,,,,,,,,,,,,,,,,,,,,,,,,,,,,,,,,,,,,,,,,,,,,,,,,,,1.0,0.75,1.0,0.0,0.0,0.5,0.5,,1.0,2.0,0.0,1.0,2.0,,,,0.0,0.0,0.0,0.0,0.0,0.0,0.0,0.0,0.0,3.0,0.0,0.75,0.0,0.5,1.0,0.0,0.0,0.0,0.0,1.0,,0.0,0.0,,1.0,0.0,1.0,0.0,0.0,1.0,0.0,1.0,0.0,0.0,1.0,0.0,0.0,,0.313,F-G,0.589,33.0,-0.013,56.0,0.603,,1.0,0.0,0.0,0.0,,0.0,1.0,0.0,0.0,0.0,0.0,1.0,0.0,0.0,0.0,0.0,1.0,0.0,0.0,,,0.0,0.0,,,0.0,CLE,1.0,0.5,2.0,1.0,2.0,0.75,2025,22400325,,1.0,4.0,6.0,0.667,0.521,0.146,0.167,0.0,1.0,0.0,0.397,-0.397,0.833,4.0,5.0,0.8,0.587,0.213,0.667,3.0,4.0,0.75,0.654,0.096,0.667,3.0,4.0,0.75,0.617,0.133,0.167,0.0,1.0,0.0,0.417,-0.417,2.0,1.0,1.0,3.0,0.0,0.0,0.0,0.0,0.0,0.0,0.0,0.0,0.0,0.0,0.0,0.0,0.0,0.0,0.0,0.0,0.0,10.0,0.0,0.0,0.0,0.0,0.0,0.0,0.0,0.0,0.0,0.0,0.0,0.0,0.0,0.0,0.0,0.0,0.0,11.63,5297.0,1.0,0.51,0.49,4.85,4.81,4.9,,,CLE,DEN,20241205,2024-25,False,CLE,DEN,,,1610612739.0,CLE,1610612739.0,CLE,1610612739.0,CLE,,,,,,,,,,,,,,,,,,,,,,,,,,,,,,,,,,,,,,,,,,,Isaac Okoro,1610612739.0,CLE,F-G,24.0,1.0,1.0,Isaac Okoro,1610612739.0,CLE,F-G,24.0,1.0,1.0,Isaac Okoro,1610612739.0,CLE,F-G,24.0,1.0,1.0,Isaac Okoro,1610612739.0,CLE,F-G,24.0,1.0,1.0,Isaac Okoro,1610612739.0,CLE,F-G,24.0,1.0,1.0,Isaac Okoro,1610612739.0,CLE,F-G,24.0,1.0,1.0,Isaac Okoro,24.0,1.0,11.6,Isaac Okoro,1.0,1.0,0.0,11.6,Isaac Okoro,1.0,1.0,0.0,11.63,,,,
1630171,Isaac Okoro,Isaac,1610612739,CLE,23.0,1,1,0,1.0,26.5,6,10,0.6,4,6,0.667,0,0,0.0,1,0,1,4,0,0,1,2,2,2,16,32,26.2,0,0,27.0,1,1,1,1,117,55,98,59,15,40,29,150,158,150,66,244,220,49,177,129,32,263,152,81,60,4,92,20,5,77,,67,150.8,150.8,54.0,96.6,129,59,0.149,102,11,65,145,6.0,54.2,0.0,0.152,65,5,249,11,96.6,0.0,10.0,0.16,0.8,57,0.053,1,95.1,106.87,0.0,108.39,54.2,244,1,85,180,89.06,82,0.8,85,87,106.87,187,5,10,42,149.0,55,0.103,0.0,5,28.6,42,98,0.021,0.0,4.0,0.0,5.0,0.2,0.2,10.0,25.0,20.0,0.0,3.0,0.0,0.0,0.0,0.0,4.0,0.0,0.0,0.0,0.75,0.0,1.0,0.5,0.0,2.0,0.0,30.0,1.333,0.0,1.333,3.0,22.0,1.44,0.533,0.73,0.0,16.0,0.7,3.0,0.25,0.0,3.0,0.0,0.0,0.333,0.0,0.0,0.0,0.0,6.1,0.0,0.0,1.0,0.0,0.25,0.0,6.1,1.0,1.0,0.333,0.0,4.0,0.0,,,,,,,,,,,,,,,0.5,0.4,4.0,2.0,0.0,2.0,4.0,0.0,0.4,,0.0,0.5,0.5,,1.0,1.0,0.0,1.5,1.0,0.0,0.1,0.1,1.0,1.0,1.0,0.0,0.5,0.9,0.5,0.0,0.0,0.6,0.6,,3.0,5.0,0.0,3.0,5.0,,,,0.0,0.0,0.0,0.0,0.0,0.0,1.0,1.0,4.0,12.0,4.0,0.8,0.0,0.667,1.0,1.0,0.0,0.0,0.0,3.0,1.0,0.0,0.0,1.0,1.0,0.0,2.0,0.0,2.0,2.0,0.0,3.0,4.0,0.0,3.0,0.333,0.5,1.0,0.28,F-G,0.619,13.0,-0.005,21.0,0.624,0.0,4.0,0.0,4.0,0.0,,0.0,2.0,0.5,0.0,0.0,0.0,4.0,0.0,0.0,0.0,0.0,1.0,0.0,2.0,0.0,0.0,0.0,0.0,,,0.0,CLE,4.0,0.667,6.0,4.0,6.0,1.0,2025,22400188,,1.0,6.0,11.0,0.545,0.467,0.079,0.455,3.0,5.0,0.6,0.341,0.259,0.545,3.0,6.0,0.5,0.55,-0.05,0.273,2.0,3.0,0.667,0.631,0.035,0.545,3.0,6.0,0.5,0.584,-0.084,0.455,3.0,5.0,0.6,0.348,0.252,6.0,4.0,2.0,1.0,0.0,1.0,2.0,1.0,0.0,1.0,1.0,0.0,0.0,2.0,2.0,2.0,0.0,0.0,1.0,1.0,0.0,30.0,0.0,0.0,0.0,0.0,0.0,0.0,0.0,0.0,0.0,0.0,0.0,0.0,0.0,0.0,0.0,0.0,0.0,26.5,11574.0,2.19,1.16,1.04,4.68,4.84,4.51,,,CLE,GSW,20241108,2024-25,False,CLE,GSW,,,1610612739.0,CLE,1610612739.0,CLE,1610612739.0,CLE,,,,,,,,,,,,,,,,,,,,,,,,,,,,,,,,,,,,,,,,,,,Isaac Okoro,1610612739.0,CLE,F-G,24.0,1.0,1.0,Isaac Okoro,1610612739.0,CLE,F-G,24.0,1.0,1.0,Isaac Okoro,1610612739.0,CLE,F-G,24.0,1.0,1.0,Isaac Okoro,1610612739.0,CLE,F-G,24.0,1.0,1.0,Isaac Okoro,1610612739.0,CLE,F-G,24.0,1.0,1.0,Isaac Okoro,1610612739.0,CLE,F-G,24.0,1.0,1.0,Isaac Okoro,24.0,1.0,26.5,Isaac Okoro,1.0,1.0,0.0,26.5,Isaac Okoro,1.0,1.0,0.0,26.5,,,,
1630171,Isaac Okoro,Isaac,1610612739,CLE,24.0,1,1,0,1.0,19.06833333333333,2,5,0.4,1,4,0.25,1,2,0.5,1,3,4,0,0,0,1,0,0,1,6,-1,13.8,0,0,13.0,1,1,1,1,138,129,133,128,69,73,100,99,73,96,59,73,75,167,130,99,19,1,1,98,129,115,129,23,1,131,,101,122.5,122.5,14.6,122.0,132,40,0.118,167,106,145,114,2.0,0.5,0.0,0.123,145,86,96,106,122.0,0.0,5.0,0.0,0.5,167,0.042,1,111.2,101.95,0.143,105.62,0.5,93,1,104,179,84.96,71,0.51,104,81,101.95,177,86,65,129,125.8,129,0.067,0.0,63,0.0,110,133,0.089,0.0,0.0,0.0,3.0,0.0,0.0,0.0,22.0,24.0,0.0,2.0,0.0,0.0,0.0,0.0,2.0,0.0,0.0,0.0,1.0,0.0,0.0,0.0,0.0,0.0,0.0,31.0,0.667,0.0,2.0,1.0,14.0,2.25,0.194,1.81,0.0,6.0,1.2,3.0,0.4,2.0,3.0,3.0,0.429,0.5,7.1,1.0,1.0,0.0,4.9,1.0,0.25,7.0,1.0,0.5,0.5,6.6,3.0,0.0,0.333,0.0,10.0,1.0,,,,,,,,,,,,,,,1.0,0.2,1.0,1.0,0.0,1.0,1.0,0.0,0.2,,0.0,1.0,1.0,,,,,,,,,,,,,,0.8,0.375,0.8,0.0,0.0,0.25,0.25,,1.0,4.0,0.0,1.0,4.0,,,,0.0,0.0,0.0,0.0,0.0,0.0,1.0,1.0,2.0,3.0,2.0,0.5,0.0,0.25,0.0,1.0,1.0,1.0,0.0,1.0,1.0,0.0,0.0,0.0,0.0,0.0,0.0,0.0,0.0,0.0,0.0,0.0,0.0,1.0,3.0,0.333,0.0,0.0,0.266,F-G,0.594,38.0,-0.029,64.0,0.622,,0.0,1.0,0.0,0.0,0.0,1.0,3.0,0.0,0.333,1.0,0.0,1.0,0.0,0.0,0.0,0.0,0.0,0.0,0.0,,,0.0,1.0,0.0,0.0,0.0,CLE,1.0,0.25,4.0,1.0,4.0,0.375,2025,22400819,,1.0,4.0,10.0,0.4,0.476,-0.076,0.1,1.0,1.0,1.0,0.299,0.701,0.9,3.0,9.0,0.333,0.542,-0.208,0.1,0.0,1.0,0.0,0.567,-0.567,0.3,1.0,3.0,0.333,0.576,-0.243,0.5,1.0,5.0,0.2,0.343,-0.143,5.0,4.0,1.0,0.0,0.0,1.0,3.0,0.0,0.0,0.0,0.0,0.0,0.0,1.0,1.0,1.0,0.0,0.0,1.0,1.0,0.0,31.0,0.0,0.0,0.0,0.0,0.0,0.0,0.0,0.0,0.0,0.0,0.0,0.0,0.0,0.0,0.0,0.0,0.0,19.07,8011.0,1.52,0.83,0.69,4.41,4.47,4.34,,,CLE,MEM,20250223,2024-25,False,CLE,MEM,,,1610612739.0,CLE,1610612739.0,CLE,1610612739.0,CLE,,,,,,,,,,,,,,,,,,,,,,,,,,,,,,,,,,,,,,,,,,,Isaac Okoro,1610612739.0,CLE,F-G,24.0,1.0,1.0,Isaac Okoro,1610612739.0,CLE,F-G,24.0,1.0,1.0,Isaac Okoro,1610612739.0,CLE,F-G,24.0,1.0,1.0,Isaac Okoro,1610612739.0,CLE,F-G,24.0,1.0,1.0,Isaac Okoro,1610612739.0,CLE,F-G,24.0,1.0,1.0,Isaac Okoro,1610612739.0,CLE,F-G,24.0,1.0,1.0,Isaac Okoro,24.0,1.0,19.1,Isaac Okoro,1.0,1.0,0.0,19.1,Isaac Okoro,1.0,1.0,0.0,19.07,,,,
1630171,Isaac Okoro,Isaac,1610612739,CLE,24.0,1,1,0,1.0,32.74166666666667,3,10,0.3,0,5,0.0,0,2,0.0,3,2,5,0,1,2,0,1,4,1,6,7,17.0,0,0,15.0,1,1,1,1,13,46,28,64,54,24,54,48,24,48,7,44,25,68,26,7,25,59,73,35,61,18,53,11,2,57,,15,119.4,119.4,8.2,106.3,80,62,0.156,68,20,20,50,3.0,13.0,8.3,0.156,20,32,41,20,106.3,0.0,10.0,0.0,0.3,68,0.081,48,103.8,91.63,0.061,95.7,13.0,60,48,78,60,76.36,67,0.276,78,13,91.63,61,32,32,72,112.1,46,-0.019,8.4,47,0.0,69,28,0.071,0.0,0.0,0.0,6.0,0.0,0.0,0.0,25.0,23.0,0.0,2.0,1.0,1.0,0.0,0.5,4.0,0.0,0.0,0.25,0.5,2.0,1.0,0.0,0.0,0.0,1.0,36.0,0.0,0.0,0.0,1.0,22.0,1.93,0.167,1.67,0.0,6.0,1.2,2.0,0.625,0.0,5.0,1.0,0.5,0.6,12.2,0.0,3.0,1.0,7.9,0.667,0.6,4.0,0.0,0.625,0.5,9.6,2.0,1.0,0.6,0.5,8.0,2.0,2.0,0.4,0.5,0.5,4.0,0.0,1.0,2.0,0.0,,4.0,0.4,0.5,0.0,1.0,0.1,1.0,1.0,0.0,1.0,1.0,0.0,0.1,,0.0,1.0,1.0,,1.0,1.0,0.0,0.0,0.0,0.0,0.1,0.1,0.0,0.0,0.0,0.0,0.4,0.0,0.4,0.0,0.0,0.0,0.0,,0.0,4.0,0.0,0.0,4.0,,,,0.0,0.0,0.0,0.0,0.0,0.0,0.0,0.0,0.0,0.0,0.0,0.3,0.0,0.0,0.0,0.0,0.0,0.0,0.0,3.0,2.0,0.0,0.0,0.0,0.0,0.0,1.0,0.0,3.0,0.0,0.0,0.0,5.0,0.0,2.0,0.0,0.6,0.0,0.261,F-G,0.533,40.0,-0.091,75.0,0.625,0.0,0.0,0.0,5.0,0.0,,0.0,1.0,0.6,0.0,0.0,0.0,4.0,0.0,0.0,0.0,0.0,0.0,0.0,3.0,0.0,0.0,0.0,0.0,,,0.0,CLE,0.0,0.0,5.0,0.0,5.0,0.0,2025,22400940,,1.0,3.0,11.0,0.273,0.442,-0.169,0.727,2.0,8.0,0.25,0.366,-0.116,0.273,1.0,3.0,0.333,0.502,-0.169,0.182,0.0,2.0,0.0,0.62,-0.62,0.182,0.0,2.0,0.0,0.572,-0.572,0.727,2.0,8.0,0.25,0.379,-0.129,6.0,2.0,4.0,2.0,0.0,0.0,0.0,0.0,0.0,0.0,0.0,0.0,0.0,0.0,0.0,0.0,0.0,0.0,0.0,0.0,0.0,36.0,0.0,0.0,0.0,0.0,0.0,0.0,0.0,0.0,0.0,0.0,0.0,0.0,0.0,0.0,0.0,0.0,0.0,32.75,13385.0,2.54,1.21,1.32,4.25,4.76,3.87,,,CLE,BKN,20250311,2024-25,False,CLE,BKN,CLE,1610612739.0,1610612739.0,CLE,1610612739.0,CLE,1610612739.0,CLE,,,,,,,,,,,,,,,,,,,,,,,,,,,,,,,,,,,,,,,,,,,Isaac Okoro,1610612739.0,CLE,F-G,24.0,1.0,1.0,Isaac Okoro,1610612739.0,CLE,F-G,24.0,1.0,1.0,Isaac Okoro,1610612739.0,CLE,F-G,24.0,1.0,1.0,Isaac Okoro,1610612739.0,CLE,F-G,24.0,1.0,1.0,Isaac Okoro,1610612739.0,CLE,F-G,24.0,1.0,1.0,Isaac Okoro,1610612739.0,CLE,F-G,24.0,1.0,1.0,Isaac Okoro,24.0,1.0,32.8,Isaac Okoro,1.0,1.0,0.0,32.8,Isaac Okoro,1.0,1.0,0.0,32.75,,,,
1630171,Isaac Okoro,Isaac,1610612739,CLE,23.0,1,1,0,1.0,6.7,0,3,0.0,0,1,0.0,0,0,0.0,0,1,1,1,0,1,0,1,2,0,0,2,5.7,0,0,4.0,1,1,1,1,132,132,116,132,92,108,92,85,87,85,83,97,110,79,95,30,49,115,82,100,135,68,127,9,3,132,,9,100.0,100.0,12.2,78.6,153,13,0.176,44,30,11,79,0.0,21.4,0.0,0.178,11,117,80,30,78.6,0.0,3.0,0.2,0.0,41,0.0,1,75.1,96.72,0.143,105.74,21.4,50,1,143,84,80.6,31,0.0,143,83,96.72,88,117,55,135,87.4,132,-0.154,0.0,135,25.0,132,116,0.071,0.0,1.0,0.0,1.0,0.143,0.143,3.0,7.0,7.0,0.0,0.0,0.0,0.0,0.0,0.0,0.0,0.0,0.0,0.0,0.0,0.0,0.0,0.0,0.0,0.0,0.0,11.0,0.0,0.0,0.0,0.0,6.0,1.75,0.0,1.73,0.0,0.0,0.3,0.0,0.5,0.0,1.0,1.0,1.0,0.0,7.5,0.0,0.0,0.0,0.0,0.0,0.0,1.0,0.0,0.5,1.0,7.5,1.0,0.0,0.0,0.0,2.0,0.0,0.0,0.333,0.0,0.0,1.0,0.0,1.0,0.0,0.0,,1.0,0.333,0.0,0.0,0.0,0.333,1.0,0.0,0.0,0.0,1.0,0.0,0.333,,0.0,0.0,0.0,,,,,,,,,,,,,,0.333,0.0,0.333,0.0,0.0,0.0,0.0,,0.0,1.0,0.0,0.0,1.0,,,,0.0,0.0,0.0,0.0,0.0,0.0,0.0,0.0,0.0,0.0,0.0,0.0,0.0,0.0,,0.0,2.0,0.0,,1.0,1.0,,,0.0,0.0,0.0,,0.0,0.0,,0.0,0.0,0.0,0.0,0.0,0.0,0.0,0.0,0.282,F-G,0.617,37.0,-0.004,60.0,0.621,,0.0,0.0,1.0,,,0.0,0.0,0.0,0.0,1.0,0.0,1.0,0.0,0.0,,,0.0,0.0,0.0,,,0.0,0.0,,,0.0,CLE,0.0,0.0,1.0,0.0,1.0,0.0,2025,22400554,,1.0,0.0,1.0,0.0,0.466,-0.466,,,,,,,1.0,0.0,1.0,0.0,0.538,-0.538,,,,,,,,,,,,,,,,,,,0.0,0.0,0.0,1.0,0.0,0.0,0.0,1.0,0.0,1.0,1.0,0.0,0.0,1.0,1.0,1.0,0.0,0.0,1.0,1.0,0.0,11.0,0.0,0.0,0.0,0.0,0.0,0.0,0.0,0.0,0.0,0.0,0.0,0.0,0.0,0.0,0.0,0.0,0.0,6.7,2930.0,0.55,0.32,0.24,4.87,4.54,3.5,,,IND,CLE,20250114,2024-25,False,CLE,IND,CLE,1610612739.0,1610612739.0,CLE,1610612739.0,CLE,1610612739.0,CLE,,,,,,,,,,,,,,,,,,,,,,,,,,,,,,,,,,,,,,,,,,,Isaac Okoro,1610612739.0,CLE,F-G,24.0,1.0,1.0,,,,,,,,Isaac Okoro,1610612739.0,CLE,F-G,24.0,1.0,1.0,,,,,,,,,,,,,,,,,,,,,,Isaac Okoro,24.0,1.0,6.7,Isaac Okoro,1.0,1.0,0.0,6.7,Isaac Okoro,1.0,1.0,0.0,6.7,,,,
1630171,Isaac Okoro,Isaac,1610612739,CLE,24.0,1,0,1,0.0,24.78333333333333,1,2,0.5,0,1,0.0,5,8,0.625,1,2,3,0,0,0,0,0,4,4,7,-9,10.6,0,0,10.0,1,76,76,76,65,115,133,52,91,105,91,15,5,64,37,79,77,121,102,79,39,1,130,13,89,117,114,17,1,115,,138,120.4,120.4,-17.9,145.1,130,54,0.098,121,123,142,93,1.0,-24.7,0.0,0.094,142,50,88,123,145.1,0.0,2.0,0.0,0.5,121,0.038,1,139.0,101.68,0.087,103.54,-24.7,95,1,61,132,84.73,60,0.634,61,59,101.68,139,50,106,56,121.1,115,0.013,0.0,49,0.0,74,133,0.061,0.0,0.0,0.0,1.0,0.0,0.0,0.0,10.0,14.0,2.0,0.0,0.0,0.0,1.0,2.0,1.0,2.0,1.0,0.0,0.0,2.0,0.0,0.0,1.0,0.0,0.0,20.0,0.667,1.0,0.0,0.0,10.0,1.56,0.35,0.95,1.0,7.0,0.5,3.0,0.3,1.0,5.0,1.0,0.4,0.2,5.5,0.0,2.0,1.0,11.9,1.0,0.667,5.0,1.0,0.333,0.5,7.6,1.0,0.0,0.2,0.5,10.0,1.0,,,,,,,,,,,,,,,,,,,,,,,,,,,,1.0,1.0,0.0,1.0,1.0,0.0,1.0,0.5,0.0,,1.0,1.0,0.5,0.5,0.0,0.5,0.0,0.0,0.0,0.0,,0.0,1.0,0.0,0.0,1.0,,,,0.0,0.0,0.0,0.0,0.0,1.0,1.0,0.0,0.0,0.0,2.0,0.5,0.0,0.0,0.0,0.0,0.0,0.0,0.0,1.0,0.0,0.0,0.0,0.0,0.0,0.0,1.0,0.0,1.0,0.0,0.0,0.0,1.0,0.0,0.0,0.0,1.0,0.0,0.274,F-G,0.548,51.0,-0.077,93.0,0.625,0.0,0.0,0.0,1.0,0.0,,0.0,0.0,1.0,0.0,0.0,0.0,1.0,0.0,0.0,0.0,0.0,0.0,0.0,1.0,0.0,0.0,0.0,0.0,,,0.0,CLE,0.0,0.0,1.0,0.0,1.0,0.0,2025,22401067,,1.0,4.0,6.0,0.667,0.427,0.24,0.333,1.0,2.0,0.5,0.355,0.145,0.667,3.0,4.0,0.75,0.499,0.252,0.333,2.0,2.0,1.0,0.638,0.362,0.333,2.0,2.0,1.0,0.607,0.394,0.667,2.0,4.0,0.5,0.36,0.14,7.0,3.0,4.0,1.0,0.0,3.0,8.0,0.0,0.0,0.0,0.0,0.0,0.0,1.0,1.0,1.0,0.0,0.0,1.0,1.0,0.0,20.0,1.0,0.0,0.0,0.0,1.0,2.0,0.5,1.0,1.0,0.0,0.0,0.0,0.0,0.0,0.0,1.0,1.0,24.78,10291.0,1.95,1.04,0.91,4.27,4.54,4.01,,,DET,CLE,20250328,2024-25,False,CLE,DET,,,1610612739.0,CLE,1610612739.0,CLE,1610612739.0,CLE,6.0,0.431,4.0,0.667,0.236,,1.0,5.0,1.0,0.2,1.0,0.5,2.0,1.0,3.0,0.2,1.0,1.0,0.4,7.6,1.0,5.5,0.667,11.9,0.3,5.0,0.333,1.0,2.0,10.0,0.5,CLE,0.0,0.0,1.04,0.91,4.27,4.54,1.95,4.01,24.78,10291.0,Isaac Okoro,1610612739.0,CLE,F-G,24.0,1.0,1.0,Isaac Okoro,1610612739.0,CLE,F-G,24.0,1.0,1.0,Isaac Okoro,1610612739.0,CLE,F-G,24.0,1.0,1.0,Isaac Okoro,1610612739.0,CLE,F-G,24.0,1.0,1.0,Isaac Okoro,1610612739.0,CLE,F-G,24.0,1.0,1.0,Isaac Okoro,1610612739.0,CLE,F-G,24.0,1.0,1.0,Isaac Okoro,24.0,1.0,24.8,Isaac Okoro,1.0,0.0,1.0,24.8,Isaac Okoro,1.0,0.0,1.0,24.78,,,,
1630171,Isaac Okoro,Isaac,1610612739,CLE,24.0,1,1,0,1.0,18.585,1,3,0.333,1,3,0.333,0,0,0.0,1,2,3,0,0,0,1,0,2,0,3,-2,9.6,0,0,9.0,1,1,1,1,120,135,138,135,71,82,70,92,99,92,46,96,90,142,110,85,14,1,92,122,144,107,141,14,2,138,,71,125.0,125.0,20.0,114.6,154,36,0.071,142,70,101,95,1.0,10.4,0.0,0.073,101,48,95,70,114.6,0.0,3.0,0.0,0.5,142,0.048,1,108.7,99.44,0.1,100.98,10.4,103,1,96,172,82.86,91,0.5,96,65,99.44,174,48,49,120,128.7,135,0.029,0.0,37,0.0,103,138,0.073,0.0,0.0,0.0,3.0,0.0,0.0,0.0,14.0,18.0,0.0,1.0,0.0,0.0,0.0,0.0,1.0,0.0,0.0,0.0,1.0,0.0,0.0,0.0,0.0,0.0,0.0,22.0,0.0,0.0,0.0,0.0,15.0,1.25,0.136,0.68,0.0,3.0,0.5,2.0,0.6,1.0,3.0,1.0,1.0,0.5,17.6,1.0,1.0,1.0,5.9,0.0,0.333,2.0,0.0,0.75,1.0,13.7,2.0,1.0,0.333,0.5,5.0,0.0,,,,,,,,,,,,,,,,,,,,,,,,,,,,,,,,,,,,,,,,,1.0,0.5,1.0,0.0,0.0,0.333,0.333,,1.0,3.0,0.0,1.0,3.0,,,,0.0,0.0,0.0,0.0,0.0,0.0,0.0,0.0,0.0,3.0,0.0,0.5,0.0,0.333,0.0,0.0,0.0,0.0,0.0,3.0,2.0,0.0,0.0,0.5,0.333,0.0,1.0,0.0,0.0,0.0,0.0,1.0,0.0,0.0,0.0,0.0,0.0,1.0,0.274,F-G,0.549,39.0,-0.075,71.0,0.625,0.0,1.0,0.0,0.0,0.0,,0.0,0.0,0.0,0.0,0.0,0.0,3.0,0.0,0.0,0.0,0.0,0.333,0.0,0.0,0.0,0.0,0.0,0.0,,,0.0,CLE,1.0,0.333,3.0,1.0,3.0,0.5,2025,22400867,,1.0,2.0,5.0,0.4,0.453,-0.053,0.2,0.0,1.0,0.0,0.371,-0.371,0.8,2.0,4.0,0.5,0.547,-0.047,0.2,0.0,1.0,0.0,0.68,-0.68,0.6,2.0,3.0,0.667,0.578,0.089,0.2,0.0,1.0,0.0,0.394,-0.394,3.0,1.0,2.0,0.0,0.0,1.0,3.0,0.0,0.0,0.0,0.0,0.0,0.0,0.0,0.0,0.0,0.0,0.0,0.0,0.0,0.0,22.0,0.0,0.0,0.0,0.0,0.0,0.0,0.0,0.0,0.0,0.0,0.0,0.0,0.0,0.0,0.0,0.0,0.0,18.58,7508.0,1.42,0.68,0.74,4.16,4.59,3.82,,,CLE,POR,20250302,2024-25,False,CLE,POR,,,1610612739.0,CLE,1610612739.0,CLE,1610612739.0,CLE,,,,,,,,,,,,,,,,,,,,,,,,,,,,,,,,,,,,,,,,,,,Isaac Okoro,1610612739.0,CLE,F-G,24.0,1.0,1.0,Isaac Okoro,1610612739.0,CLE,F-G,24.0,1.0,1.0,Isaac Okoro,1610612739.0,CLE,F-G,24.0,1.0,1.0,Isaac Okoro,1610612739.0,CLE,F-G,24.0,1.0,1.0,Isaac Okoro,1610612739.0,CLE,F-G,24.0,1.0,1.0,Isaac Okoro,1610612739.0,CLE,F-G,24.0,1.0,1.0,Isaac Okoro,24.0,1.0,18.6,Isaac Okoro,1.0,1.0,0.0,18.6,Isaac Okoro,1.0,1.0,0.0,18.58,,,,
1630171,Isaac Okoro,Isaac,1610612739,CLE,23.0,1,1,0,1.0,14.92,1,5,0.2,0,3,0.0,1,2,0.5,0,1,1,1,0,0,0,0,1,1,3,-20,5.7,0,0,5.0,1,1,1,1,65,64,49,68,52,36,52,40,34,36,42,55,63,46,55,45,31,1,9,46,67,82,73,9,1,75,,80,96.4,96.4,-59.5,151.6,73,28,0.188,46,78,81,47,1.0,-55.2,0.0,0.19,81,59,58,78,151.6,0.0,5.0,0.111,0.2,45,0.0,1,153.0,94.91,0.1,95.87,-55.2,48,1,64,39,79.09,67,0.255,64,42,94.91,38,59,78,72,93.5,64,-0.015,0.0,64,14.3,69,49,0.04,0.0,1.0,0.0,1.0,0.091,0.091,3.0,15.0,11.0,2.0,1.0,0.0,1.0,0.333,1.0,3.0,1.0,1.0,0.0,0.333,3.0,1.0,0.0,0.5,0.0,1.0,18.0,0.0,0.0,0.0,0.0,14.0,1.74,0.167,1.0,0.0,3.0,0.5,1.0,1.0,0.0,0.0,1.0,1.0,0.0,23.9,0.0,0.0,0.0,0.0,0.0,0.0,1.0,0.0,1.0,1.0,23.9,1.0,0.0,0.0,0.0,1.0,0.0,0.0,0.2,0.0,0.0,1.0,0.0,1.0,0.0,0.0,,1.0,0.2,0.0,0.0,1.0,0.2,1.0,1.0,0.0,1.0,1.0,0.0,0.2,,0.0,1.0,1.0,,,,,,,,,,,,,,0.6,0.0,0.6,0.0,0.0,0.0,0.0,,0.0,3.0,0.0,0.0,3.0,,,,0.0,0.0,0.0,0.0,0.0,0.0,0.0,0.0,0.0,0.0,0.0,0.2,0.0,0.0,0.0,0.0,0.0,0.0,0.0,3.0,,0.0,0.0,,0.0,0.0,3.0,0.0,1.0,0.0,0.0,0.0,2.0,0.0,0.0,0.0,0.5,,0.277,F-G,0.609,14.0,-0.02,23.0,0.629,0.0,0.0,0.0,2.0,0.0,,0.0,0.0,0.5,0.0,0.0,0.0,3.0,0.0,0.0,0.0,0.0,0.0,0.0,1.0,0.0,0.0,0.0,0.0,,,0.0,CLE,0.0,0.0,3.0,0.0,3.0,0.0,2025,22400199,,1.0,3.0,8.0,0.375,0.432,-0.057,0.625,2.0,5.0,0.4,0.361,0.039,0.375,1.0,3.0,0.333,0.528,-0.194,0.25,1.0,2.0,0.5,0.641,-0.141,0.25,1.0,2.0,0.5,0.592,-0.092,0.75,2.0,6.0,0.333,0.378,-0.045,5.0,2.0,3.0,0.0,0.0,0.0,0.0,0.0,0.0,0.0,0.0,0.0,0.0,0.0,0.0,0.0,0.0,0.0,0.0,0.0,0.0,18.0,0.0,0.0,0.0,0.0,0.0,0.0,0.0,0.0,0.0,0.0,0.0,0.0,0.0,0.0,0.0,0.0,0.0,14.92,6003.0,1.14,0.54,0.59,4.14,4.38,3.97,,,CLE,BKN,20241109,2024-25,False,CLE,BKN,CLE,1610612739.0,1610612739.0,CLE,1610612739.0,CLE,1610612739.0,CLE,,,,,,,,,,,,,,,,,,,,,,,,,,,,,,,,,,,,,,,,,,,Isaac Okoro,1610612739.0,CLE,F-G,24.0,1.0,1.0,Isaac Okoro,1610612739.0,CLE,F-G,24.0,1.0,1.0,Isaac Okoro,1610612739.0,CLE,F-G,24.0,1.0,1.0,Isaac Okoro,1610612739.0,CLE,F-G,24.0,1.0,1.0,Isaac Okoro,1610612739.0,CLE,F-G,24.0,1.0,1.0,Isaac Okoro,1610612739.0,CLE,F-G,24.0,1.0,1.0,Isaac Okoro,24.0,1.0,14.9,Isaac Okoro,1.0,1.0,0.0,14.9,Isaac Okoro,1.0,1.0,0.0,14.92,,,,
1630171,Isaac Okoro,Isaac,1610612739,CLE,24.0,1,1,0,1.0,16.57,1,3,0.333,0,2,0.0,0,0,0.0,2,2,4,3,0,1,0,0,1,0,2,7,14.3,0,0,11.0,1,1,1,1,132,125,130,117,111,98,111,90,95,90,22,80,61,46,107,31,39,1,44,118,143,48,114,14,3,119,,9,103.0,103.0,22.9,77.1,62,33,0.079,50,37,11,93,1.0,25.9,0.0,0.079,11,129,54,37,77.1,0.0,3.0,0.214,0.333,8,0.118,1,76.5,98.49,0.1,100.63,25.9,81,1,88,154,82.08,77,0.333,88,17,98.49,155,129,39,134,99.4,125,0.125,0.0,132,50.0,127,130,0.108,0.0,3.0,0.0,5.0,0.158,0.158,6.0,15.0,19.0,0.0,2.0,0.0,0.0,0.0,0.0,2.0,0.0,0.0,0.0,1.0,0.0,0.0,1.0,0.0,2.0,0.0,23.0,0.0,0.0,0.0,0.0,13.0,3.84,0.087,3.04,0.0,2.0,1.5,2.0,0.667,1.0,3.0,1.0,0.667,0.667,8.6,0.0,3.0,1.0,4.6,1.0,0.75,3.0,1.0,0.8,1.0,6.6,1.0,0.0,0.667,0.5,6.0,2.0,,,,,,,,,,,,,,,,,,,,,,,,,,,,1.0,1.0,0.0,1.0,1.0,0.0,1.0,0.333,0.0,,1.0,1.0,0.333,0.667,0.0,0.667,0.0,0.0,0.0,0.0,,0.0,2.0,0.0,0.0,2.0,,,,0.0,0.0,0.0,0.0,0.0,0.0,0.0,0.0,0.0,0.0,0.0,0.333,0.0,0.0,0.0,0.0,0.0,0.0,0.0,1.0,0.0,0.0,0.0,0.0,0.0,0.0,1.0,0.0,1.0,0.0,0.0,0.0,1.0,0.0,1.0,0.0,1.0,0.0,0.263,F-G,0.535,46.0,-0.09,86.0,0.625,0.0,0.0,0.0,1.0,0.0,,0.0,1.0,1.0,0.0,0.0,0.0,1.0,0.0,0.0,0.0,0.0,0.0,0.0,1.0,0.0,0.0,0.0,0.0,,,0.0,CLE,0.0,0.0,2.0,0.0,2.0,0.0,2025,22401051,,1.0,1.0,5.0,0.2,0.482,-0.282,0.4,0.0,2.0,0.0,0.337,-0.337,0.6,1.0,3.0,0.333,0.574,-0.24,0.4,1.0,2.0,0.5,0.596,-0.096,0.4,1.0,2.0,0.5,0.585,-0.085,0.4,0.0,2.0,0.0,0.362,-0.362,3.0,1.0,2.0,2.0,0.0,0.0,0.0,0.0,0.0,0.0,0.0,0.0,1.0,0.0,1.0,1.0,1.0,1.0,0.0,1.0,1.0,23.0,0.0,0.0,0.0,0.0,0.0,0.0,0.0,0.0,0.0,0.0,0.0,0.0,0.0,0.0,0.0,0.0,0.0,16.57,6735.0,1.28,0.65,0.62,4.38,4.52,4.23,,,POR,CLE,20250325,2024-25,False,CLE,POR,,,1610612739.0,CLE,1610612739.0,CLE,1610612739.0,CLE,5.0,0.485,1.0,0.2,-0.285,,1.0,3.0,2.0,0.667,1.0,1.0,3.0,1.0,4.0,0.667,1.0,1.0,0.667,6.6,2.0,8.6,0.75,4.6,0.667,3.0,0.8,1.0,2.0,6.0,0.5,CLE,0.0,0.0,0.65,0.62,4.38,4.52,1.28,4.23,16.57,6735.0,Isaac Okoro,1610612739.0,CLE,F-G,24.0,1.0,1.0,Isaac Okoro,1610612739.0,CLE,F-G,24.0,1.0,1.0,Isaac Okoro,1610612739.0,CLE,F-G,24.0,1.0,1.0,Isaac Okoro,1610612739.0,CLE,F-G,24.0,1.0,1.0,Isaac Okoro,1610612739.0,CLE,F-G,24.0,1.0,1.0,Isaac Okoro,1610612739.0,CLE,F-G,24.0,1.0,1.0,Isaac Okoro,24.0,1.0,16.6,Isaac Okoro,1.0,1.0,0.0,16.6,Isaac Okoro,1.0,1.0,0.0,16.57,,,,
1630171,Isaac Okoro,Isaac,1610612739,CLE,24.0,1,1,0,1.0,16.083333333333332,2,3,0.667,1,2,0.5,0,0,0.0,1,0,1,1,1,0,0,0,1,0,5,11,6.7,0,0,8.0,1,1,1,1,125,106,132,24,64,95,31,94,99,94,46,145,130,97,48,84,54,1,47,118,115,23,142,15,1,129,,40,134.4,134.4,43.4,100.0,120,32,0.108,104,22,46,51,2.0,34.4,20.0,0.112,46,22,136,22,100.0,1.0,3.0,0.077,0.833,63,0.083,151,96.4,95.5,0.0,95.44,34.4,145,151,141,148,79.59,130,0.833,141,37,95.5,145,22,17,20,139.8,106,0.052,20.0,19,20.0,20,132,0.033,0.0,1.0,0.0,2.0,0.125,0.125,3.0,11.0,8.0,0.0,1.0,1.0,0.0,0.0,0.0,2.0,0.0,0.0,0.5,0.5,0.0,0.0,0.0,0.0,0.0,0.0,12.0,0.0,0.0,0.0,1.0,10.0,1.69,0.417,1.08,0.0,5.0,0.3,0.0,0.5,0.0,2.0,0.0,0.0,0.5,0.0,0.0,0.0,0.0,11.7,0.0,0.0,0.0,0.0,0.5,0.0,11.7,1.0,1.0,0.5,0.0,2.0,0.0,,,,,,,,,,,,,,,1.0,0.333,1.0,1.0,0.0,1.0,1.0,0.0,0.333,,0.0,1.0,1.0,,,,,,,,,,,,,,0.667,0.75,0.667,0.0,0.0,0.5,0.5,,1.0,2.0,0.0,1.0,2.0,,,,0.0,0.0,0.0,0.0,0.0,0.0,0.0,0.0,0.0,3.0,0.0,0.833,0.0,0.5,1.0,0.0,0.0,0.0,0.0,2.0,1.0,0.0,0.0,0.0,0.5,0.0,1.0,0.0,1.0,1.0,0.0,1.0,1.0,0.0,0.0,0.0,1.0,0.0,0.264,F-G,0.548,40.0,-0.077,73.0,0.625,0.0,1.0,0.0,1.0,0.0,0.0,0.0,0.0,1.0,0.0,0.0,0.0,2.0,0.0,0.0,0.0,0.0,0.5,0.0,1.0,0.0,0.0,0.0,0.0,0.0,0.0,0.0,CLE,1.0,0.5,2.0,1.0,2.0,0.75,2025,22400922,,1.0,3.0,5.0,0.6,0.448,0.152,0.8,2.0,4.0,0.5,0.4,0.101,0.2,1.0,1.0,1.0,0.528,0.472,,,,,,,0.2,1.0,1.0,1.0,0.555,0.445,0.8,2.0,4.0,0.5,0.403,0.097,1.0,1.0,0.0,0.0,0.0,0.0,0.0,0.0,1.0,1.0,0.0,1.0,0.0,0.0,0.0,0.0,0.0,0.0,0.0,0.0,0.0,12.0,0.0,0.0,0.0,0.0,0.0,0.0,0.0,0.0,0.0,0.0,0.0,0.0,0.0,0.0,0.0,0.0,0.0,16.08,6215.0,1.18,0.56,0.62,4.12,4.3,3.96,,,MIL,CLE,20250309,2024-25,False,CLE,MIL,,,1610612739.0,CLE,1610612739.0,CLE,1610612739.0,CLE,,,,,,,,,,,,,,,,,,,,,,,,,,,,,,,,,,,,,,,,,,,Isaac Okoro,1610612739.0,CLE,F-G,24.0,1.0,1.0,Isaac Okoro,1610612739.0,CLE,F-G,24.0,1.0,1.0,Isaac Okoro,1610612739.0,CLE,F-G,24.0,1.0,1.0,,,,,,,,Isaac Okoro,1610612739.0,CLE,F-G,24.0,1.0,1.0,Isaac Okoro,1610612739.0,CLE,F-G,24.0,1.0,1.0,Isaac Okoro,24.0,1.0,16.1,Isaac Okoro,1.0,1.0,0.0,16.1,Isaac Okoro,1.0,1.0,0.0,16.08,,,,
1630171,Isaac Okoro,Isaac,1610612739,CLE,24.0,1,1,0,1.0,19.28333333333333,4,7,0.571,1,2,0.5,0,0,0.0,0,4,4,1,0,0,0,0,1,0,9,10,15.3,0,0,15.0,1,1,1,1,105,70,82,58,61,94,32,86,88,86,87,39,58,92,98,82,44,1,43,110,90,35,104,18,2,102,,19,123.8,123.8,30.9,102.4,60,42,0.152,117,36,53,82,4.0,21.4,0.0,0.156,53,47,91,36,102.4,0.0,7.0,0.063,0.643,104,0.0,1,93.7,103.3,0.121,107.78,21.4,87,1,72,105,86.08,20,0.643,72,87,103.3,105,47,24,75,124.5,70,0.119,0.0,47,12.5,63,82,0.075,0.0,1.0,0.0,2.0,0.083,0.083,3.0,12.0,12.0,0.0,0.0,0.0,1.0,0.0,2.0,2.0,0.0,0.0,0.0,0.0,4.0,2.0,0.0,0.0,0.0,2.0,19.0,0.0,0.0,0.0,0.0,9.0,2.35,0.474,1.84,0.0,9.0,0.7,1.0,0.5,1.0,1.0,1.0,0.571,0.0,8.3,1.0,3.0,3.0,0.0,0.0,0.75,7.0,0.0,0.571,0.571,8.3,1.0,0.0,0.0,0.75,8.0,0.0,,,,,,,,,,,,,,,0.6,0.714,5.0,3.0,0.0,3.0,5.0,0.0,0.714,,0.0,0.6,0.6,,,,,,,,,,,,,,0.286,0.75,0.286,0.0,0.0,0.5,0.5,,1.0,2.0,0.0,1.0,2.0,,,,0.0,0.0,0.0,0.0,0.0,0.0,0.0,0.0,0.0,3.0,0.0,0.643,0.0,0.5,0.0,0.0,0.0,0.0,0.0,2.0,1.0,0.0,0.0,1.0,0.5,0.0,1.0,0.0,3.0,0.0,0.0,1.0,5.0,0.0,0.0,0.0,0.6,1.0,0.272,F-G,0.538,49.0,-0.086,91.0,0.624,0.0,1.0,0.0,5.0,0.0,,0.0,0.0,0.6,0.0,0.0,0.0,2.0,0.0,0.0,0.0,0.0,0.5,0.0,3.0,0.0,0.0,0.0,0.0,,,0.0,CLE,1.0,0.5,2.0,1.0,2.0,0.75,2025,22401059,,1.0,3.0,7.0,0.429,0.482,-0.053,0.143,0.0,1.0,0.0,0.318,-0.318,0.857,3.0,6.0,0.5,0.564,-0.064,0.714,3.0,5.0,0.6,0.626,-0.026,0.857,3.0,6.0,0.5,0.585,-0.085,0.143,0.0,1.0,0.0,0.311,-0.311,4.0,3.0,1.0,0.0,0.0,0.0,0.0,0.0,0.0,0.0,0.0,0.0,0.0,4.0,4.0,3.0,2.0,0.0,1.0,0.75,0.5,19.0,0.0,0.0,0.0,0.0,0.0,0.0,0.0,0.0,0.0,0.0,0.0,0.0,0.0,0.0,0.0,0.0,0.0,19.28,8144.0,1.54,0.76,0.78,4.41,5.34,4.19,,,CLE,SAS,20250327,2024-25,False,CLE,SAS,,,1610612739.0,CLE,1610612739.0,CLE,1610612739.0,CLE,7.0,0.479,3.0,0.429,-0.05,,0.0,1.0,0.0,0.0,1.0,0.571,3.0,3.0,4.0,0.0,1.0,1.0,0.571,8.3,0.0,8.3,0.75,0.0,0.5,7.0,0.571,0.0,4.0,8.0,0.75,CLE,1.0,0.0,0.76,0.78,4.41,5.34,1.54,4.19,19.28,8144.0,Isaac Okoro,1610612739.0,CLE,F-G,24.0,1.0,1.0,Isaac Okoro,1610612739.0,CLE,F-G,24.0,1.0,1.0,Isaac Okoro,1610612739.0,CLE,F-G,24.0,1.0,1.0,Isaac Okoro,1610612739.0,CLE,F-G,24.0,1.0,1.0,Isaac Okoro,1610612739.0,CLE,F-G,24.0,1.0,1.0,Isaac Okoro,1610612739.0,CLE,F-G,24.0,1.0,1.0,Isaac Okoro,24.0,1.0,19.3,Isaac Okoro,1.0,1.0,0.0,19.3,Isaac Okoro,1.0,1.0,0.0,19.28,,,,
1630171,Isaac Okoro,Isaac,1610612739,CLE,23.0,1,0,1,0.0,18.33333333333333,0,5,0.0,0,2,0.0,2,2,1.0,1,0,1,1,2,1,0,2,2,2,2,-12,5.7,0,0,6.0,1,103,103,103,140,183,131,183,125,126,125,47,51,1,57,163,152,112,44,44,59,188,97,59,167,184,182,21,4,174,,147,90.0,90.0,-31.2,120.0,200,40,0.163,136,179,150,104,0.0,-30.0,22.2,0.162,150,183,165,179,120.0,0.5,5.0,0.071,0.0,131,0.037,188,119.8,104.73,0.0,105.67,-30.0,163,184,57,115,87.27,41,0.17,57,86,104.73,125,183,182,185,88.6,183,-0.063,22.5,187,11.1,183,131,0.025,1.0,2.0,0.0,3.0,0.067,0.133,4.0,18.0,15.0,0.0,1.0,1.0,0.0,0.0,0.0,4.0,0.0,0.0,0.25,0.25,0.0,2.0,0.0,0.0,0.0,0.0,24.0,0.4,0.0,0.0,2.0,17.0,1.82,0.083,1.0,0.0,2.0,0.7,5.0,0.5,0.0,1.0,0.0,0.0,1.0,0.0,0.0,1.0,0.0,3.6,1.0,1.0,1.0,0.0,0.5,0.0,3.6,0.0,0.0,1.0,0.0,2.0,1.0,,,,,,,,,,,,,,,0.0,0.6,3.0,0.0,0.0,0.0,3.0,0.0,0.6,,0.0,0.0,0.0,,1.0,1.0,0.0,0.0,0.0,0.0,0.2,0.2,0.0,0.0,0.0,0.0,0.2,0.0,0.2,0.0,0.0,0.0,0.0,,0.0,1.0,0.0,0.0,1.0,,,,0.0,0.0,0.0,0.0,0.0,0.0,0.0,0.0,0.0,0.0,2.0,0.0,0.0,0.0,0.0,0.0,1.0,0.0,0.0,2.0,1.0,0.0,0.0,0.0,0.0,0.0,1.0,0.0,0.0,0.0,0.0,0.0,2.0,0.0,0.0,0.0,0.0,0.0,0.296,F-G,0.6,27.0,-0.005,45.0,0.605,,0.0,0.0,2.0,0.0,0.0,0.0,0.0,0.0,0.0,1.0,0.0,2.0,0.0,0.0,0.0,0.0,0.0,0.0,0.0,,,0.0,0.0,0.0,0.0,0.0,CLE,0.0,0.0,2.0,0.0,2.0,0.0,2025,22400041,,1.0,4.0,6.0,0.667,0.446,0.221,0.333,1.0,2.0,0.5,0.379,0.122,0.667,3.0,4.0,0.75,0.497,0.253,0.667,3.0,4.0,0.75,0.563,0.187,0.667,3.0,4.0,0.75,0.52,0.231,0.333,1.0,2.0,0.5,0.383,0.117,2.0,1.0,1.0,1.0,0.0,0.0,0.0,0.0,0.0,0.0,0.0,0.0,1.0,0.0,1.0,1.0,1.0,1.0,0.0,1.0,1.0,24.0,0.0,0.0,0.0,0.0,0.0,0.0,0.0,0.0,0.0,0.0,0.0,0.0,0.0,0.0,0.0,0.0,0.0,18.33,7738.0,1.47,0.76,0.71,4.61,4.78,4.41,,,ATL,CLE,20241129,2024-25,False,CLE,ATL,,,1610612739.0,CLE,1610612739.0,CLE,1610612739.0,CLE,,,,,,,,,,,,,,,,,,,,,,,,,,,,,,,,,,,,,,,,,,,Isaac Okoro,1610612739.0,CLE,F-G,24.0,1.0,1.0,Isaac Okoro,1610612739.0,CLE,F-G,24.0,1.0,1.0,Isaac Okoro,1610612739.0,CLE,F-G,24.0,1.0,1.0,Isaac Okoro,1610612739.0,CLE,F-G,24.0,1.0,1.0,Isaac Okoro,1610612739.0,CLE,F-G,24.0,1.0,1.0,Isaac Okoro,1610612739.0,CLE,F-G,24.0,1.0,1.0,Isaac Okoro,24.0,1.0,18.3,Isaac Okoro,1.0,0.0,1.0,18.3,Isaac Okoro,1.0,0.0,1.0,18.33,,,,
1630171,Isaac Okoro,Isaac,1610612739,CLE,23.0,1,1,0,1.0,19.03333333333333,1,2,0.5,0,0,0.0,1,2,0.5,0,2,2,2,1,0,1,1,1,3,3,9,10.4,0,0,9.0,1,1,1,1,133,165,186,68,124,184,124,104,82,105,127,105,132,78,79,112,22,153,47,40,169,43,171,16,1,172,,40,122.5,122.5,27.2,97.6,169,40,0.093,117,37,49,30,1.0,24.9,16.7,0.092,49,59,142,37,97.6,2.0,2.0,0.111,0.5,26,0.0,185,94.1,102.14,0.111,104.56,24.9,113,177,143,201,85.11,108,0.521,143,127,102.14,206,59,35,125,121.3,165,0.045,17.0,67,33.3,106,186,0.065,0.0,2.0,0.0,3.0,0.111,0.111,4.0,14.0,18.0,2.0,2.0,0.0,0.0,0.333,0.333,3.0,1.0,1.0,0.0,0.667,1.0,0.0,0.0,0.5,0.0,0.0,22.0,0.0,0.0,0.0,0.0,14.0,1.78,0.136,1.36,0.0,3.0,0.7,2.0,0.5,0.0,1.0,1.0,0.667,0.0,7.8,0.0,1.0,1.0,0.0,0.0,0.5,3.0,0.0,0.5,0.667,7.8,1.0,0.0,0.0,0.5,4.0,0.0,,,,,,,,,,,,,,,0.0,0.5,1.0,0.0,0.0,0.0,1.0,0.0,0.5,,0.0,0.0,0.0,,,,,,,,,,,,,,0.5,1.0,0.0,1.0,1.0,,1.0,1.0,0.0,0.0,0.5,1.0,1.0,,,,,0.0,0.0,0.0,,0.0,0.0,0.0,0.0,0.0,0.0,0.5,0.0,0.0,0.0,0.0,0.0,0.0,0.0,0.0,0.0,0.0,0.0,0.0,0.0,0.0,0.0,0.0,1.0,0.0,0.0,0.0,2.0,0.0,0.0,0.0,0.5,0.0,0.333,F-G,0.5,2.0,-0.107,4.0,0.607,0.0,0.0,0.0,2.0,0.0,,0.0,0.0,0.5,0.0,0.0,0.0,0.0,0.0,0.0,0.0,0.0,0.0,0.0,1.0,0.0,0.0,0.0,0.0,,,0.0,CLE,0.0,,,,0.0,,2025,22400067,,1.0,6.0,12.0,0.5,0.423,0.077,0.5,3.0,6.0,0.5,0.341,0.159,0.5,3.0,6.0,0.5,0.514,-0.014,0.333,2.0,4.0,0.5,0.595,-0.095,0.417,2.0,5.0,0.4,0.55,-0.15,0.5,3.0,6.0,0.5,0.324,0.176,3.0,2.0,1.0,1.0,1.0,0.0,0.0,0.0,0.0,0.0,0.0,0.0,0.0,0.0,0.0,0.0,0.0,0.0,0.0,0.0,0.0,22.0,0.0,0.0,0.0,0.0,0.0,0.0,0.0,0.0,0.0,0.0,0.0,0.0,0.0,0.0,0.0,0.0,0.0,19.03,7927.0,1.5,0.81,0.7,4.36,4.72,4.0,,,TOR,CLE,20241023,2024-25,False,CLE,TOR,,,1610612739.0,CLE,1610612739.0,CLE,1610612739.0,CLE,,,,,,,,,,,,,,,,,,,,,,,,,,,,,,,,,,,,,,,,,,,Isaac Okoro,1610612739.0,CLE,F-G,24.0,1.0,1.0,Isaac Okoro,1610612739.0,CLE,F-G,24.0,1.0,1.0,Isaac Okoro,1610612739.0,CLE,F-G,24.0,1.0,1.0,Isaac Okoro,1610612739.0,CLE,F-G,24.0,1.0,1.0,Isaac Okoro,1610612739.0,CLE,F-G,24.0,1.0,1.0,Isaac Okoro,1610612739.0,CLE,F-G,24.0,1.0,1.0,Isaac Okoro,24.0,1.0,19.0,Isaac Okoro,1.0,1.0,0.0,19.0,Isaac Okoro,1.0,1.0,0.0,19.03,,,,
1630171,Isaac Okoro,Isaac,1610612739,CLE,24.0,1,1,0,1.0,19.85,1,5,0.2,0,2,0.0,0,0,0.0,1,4,5,0,0,0,0,0,1,0,2,2,8.0,0,0,7.0,1,1,1,1,135,168,141,187,144,129,144,110,118,110,59,51,51,177,144,100,62,1,61,145,189,94,184,18,2,185,,72,112.2,112.2,5.9,102.3,193,41,0.106,177,90,62,125,1.0,9.9,0.0,0.107,62,132,52,90,102.3,0.0,5.0,0.0,0.2,177,0.048,1,104.6,101.56,0.222,101.22,9.9,36,1,82,189,84.63,116,0.2,82,78,101.56,190,132,95,198,110.5,168,0.017,0.0,142,0.0,190,141,0.128,0.0,0.0,0.0,1.0,0.0,0.0,0.0,10.0,13.0,0.0,0.0,0.0,0.0,0.0,0.0,0.0,0.0,0.0,0.0,0.0,0.0,0.0,0.0,0.0,0.0,0.0,18.0,1.0,0.0,0.0,0.0,10.0,2.08,0.111,1.44,0.0,2.0,0.6,2.0,0.714,1.0,3.0,2.0,1.0,0.5,11.7,1.0,2.0,2.0,9.7,0.0,0.4,4.0,0.0,0.833,1.0,11.3,3.0,1.0,0.333,0.5,7.0,0.0,,,,,,,,,,,,,,,0.5,0.4,2.0,1.0,0.0,1.0,2.0,0.0,0.4,,0.0,0.5,0.5,,,,,,,,,,,,,,0.6,0.0,0.4,1.0,0.0,0.0,0.0,0.0,0.0,2.0,0.2,0.0,3.0,0.0,0.0,0.0,0.0,1.0,0.0,0.0,1.0,0.0,1.0,0.0,0.0,0.0,2.0,0.2,0.0,0.0,0.0,0.0,0.0,0.0,,1.0,0.0,,,0.0,0.0,1.0,1.0,0.0,1.0,0.0,0.0,0.0,2.0,0.0,1.0,0.0,0.5,0.0,0.267,F-G,0.55,55.0,-0.075,100.0,0.625,0.0,0.0,0.0,2.0,,,0.0,1.0,0.5,0.0,0.0,0.0,2.0,0.0,0.0,,,0.0,0.0,1.0,0.0,0.0,0.0,0.0,,,0.0,CLE,0.0,0.0,1.0,0.0,2.0,0.0,2025,22401147,,1.0,2.0,6.0,0.333,0.437,-0.104,0.833,2.0,5.0,0.4,0.336,0.064,0.167,0.0,1.0,0.0,0.552,-0.552,,,,,,,0.167,0.0,1.0,0.0,0.57,-0.57,0.833,2.0,5.0,0.4,0.334,0.066,3.0,1.0,2.0,0.0,0.0,1.0,3.0,0.0,0.0,0.0,0.0,0.0,0.0,1.0,1.0,1.0,0.0,0.0,1.0,1.0,0.0,18.0,0.0,0.0,0.0,0.0,0.0,0.0,0.0,0.0,0.0,0.0,0.0,0.0,0.0,0.0,0.0,0.0,0.0,19.85,8164.0,1.55,0.78,0.76,4.37,4.75,4.57,,,CLE,CHI,20250408,2024-25,False,CLE,CHI,,,1610612739.0,CLE,1610612739.0,CLE,1610612739.0,CLE,6.0,0.438,2.0,0.333,-0.105,,0.0,3.0,1.0,0.5,2.0,1.0,2.0,2.0,5.0,0.333,1.0,3.0,1.0,11.3,0.0,11.7,0.4,9.7,0.714,4.0,0.833,0.0,4.0,7.0,0.5,CLE,1.0,1.0,0.78,0.76,4.37,4.75,1.55,4.57,19.85,8164.0,Isaac Okoro,1610612739.0,CLE,F-G,24.0,1.0,1.0,Isaac Okoro,1610612739.0,CLE,F-G,24.0,1.0,1.0,Isaac Okoro,1610612739.0,CLE,F-G,24.0,1.0,1.0,,,,,,,,Isaac Okoro,1610612739.0,CLE,F-G,24.0,1.0,1.0,Isaac Okoro,1610612739.0,CLE,F-G,24.0,1.0,1.0,Isaac Okoro,24.0,1.0,19.9,Isaac Okoro,1.0,1.0,0.0,19.9,Isaac Okoro,1.0,1.0,0.0,19.85,,,,
1630171,Isaac Okoro,Isaac,1610612739,CLE,23.0,1,1,0,1.0,7.533333333333333,0,5,0.0,0,4,0.0,0,0,0.0,1,1,2,1,0,0,0,0,1,0,0,6,3.9,0,0,3.0,1,1,1,1,132,125,92,125,81,58,81,80,87,80,47,96,88,83,97,76,55,1,29,106,130,36,132,14,1,132,,28,140.0,140.0,46.0,100.0,136,15,0.238,82,6,31,88,0.0,40.0,0.0,0.239,31,14,57,6,100.0,0.0,5.0,0.111,0.0,75,0.083,1,95.2,95.58,0.1,97.61,40.0,73,1,107,35,79.65,79,0.0,107,34,95.58,37,14,5,130,141.1,125,-0.108,0.0,14,16.7,125,92,0.091,0.0,1.0,0.0,1.0,0.143,0.143,2.0,8.0,7.0,0.0,1.0,0.0,0.0,0.0,0.0,2.0,0.0,0.0,0.0,0.5,0.0,1.0,0.5,0.0,1.0,0.0,12.0,0.0,0.0,0.0,0.0,9.0,1.72,0.0,0.75,0.0,0.0,0.3,0.0,1.0,0.0,1.0,1.0,1.0,1.0,13.3,0.0,0.0,0.0,20.9,0.0,0.0,1.0,0.0,1.0,1.0,17.1,2.0,1.0,1.0,0.0,2.0,0.0,,,,,,,,,,,,,,,0.0,0.2,1.0,0.0,0.0,0.0,1.0,0.0,0.2,,0.0,0.0,0.0,,1.0,1.0,0.0,0.0,0.0,0.0,0.2,0.2,0.0,0.0,0.0,0.0,0.6,0.0,0.6,0.0,0.0,0.0,0.0,,0.0,3.0,0.0,0.0,3.0,,,,0.0,0.0,0.0,0.0,0.0,0.0,0.0,0.0,0.0,0.0,0.0,0.0,0.0,0.0,0.0,0.0,0.0,0.0,0.0,2.0,0.0,0.0,0.0,0.0,0.0,0.0,2.0,0.0,0.0,0.0,0.0,0.0,1.0,0.0,2.0,0.0,0.0,0.0,0.294,F-G,0.617,37.0,-0.005,60.0,0.622,,0.0,0.0,1.0,0.0,,0.0,1.0,0.0,0.0,0.0,,3.0,,0.0,0.0,0.0,0.0,0.0,0.0,,,0.0,0.0,,,,CLE,0.0,0.0,4.0,0.0,4.0,0.0,2025,22400517,,1.0,0.0,1.0,0.0,0.445,-0.445,1.0,0.0,1.0,0.0,0.267,-0.267,,,,,,,,,,,,,,,,,,,1.0,0.0,1.0,0.0,0.322,-0.322,0.0,0.0,0.0,0.0,0.0,0.0,0.0,0.0,0.0,0.0,0.0,0.0,0.0,1.0,1.0,1.0,1.0,0.0,1.0,1.0,1.0,12.0,0.0,0.0,0.0,0.0,0.0,0.0,0.0,0.0,0.0,0.0,0.0,0.0,0.0,0.0,0.0,0.0,0.0,7.53,3100.0,0.59,0.33,0.26,4.64,4.7,4.58,,,CLE,TOR,20250109,2024-25,False,CLE,TOR,,,1610612739.0,CLE,1610612739.0,CLE,1610612739.0,CLE,,,,,,,,,,,,,,,,,,,,,,,,,,,,,,,,,,,,,,,,,,,Isaac Okoro,1610612739.0,CLE,F-G,24.0,1.0,1.0,Isaac Okoro,1610612739.0,CLE,F-G,24.0,1.0,1.0,,,,,,,,,,,,,,,,,,,,,,Isaac Okoro,1610612739.0,CLE,F-G,24.0,1.0,1.0,Isaac Okoro,24.0,1.0,7.5,Isaac Okoro,1.0,1.0,0.0,7.5,Isaac Okoro,1.0,1.0,0.0,7.53,,,,
1630171,Isaac Okoro,Isaac,1610612739,CLE,23.0,1,1,0,1.0,18.89333333333333,1,3,0.333,1,2,0.5,0,0,0.0,0,1,1,1,0,1,0,0,1,0,3,-11,8.7,0,0,8.0,1,1,1,1,68,76,80,72,39,61,16,49,52,49,58,68,76,54,72,26,34,1,35,69,78,94,78,10,1,80,,79,100.0,100.0,-16.6,125.0,82,44,0.064,68,89,80,54,1.0,-25.0,0.0,0.067,80,70,88,89,125.0,0.0,3.0,0.067,0.5,25,0.0,1,122.5,111.79,0.059,109.75,-25.0,76,1,2,101,93.15,4,0.5,2,58,111.79,101,70,79,61,106.0,76,0.027,0.0,61,25.0,55,80,0.026,0.0,1.0,0.0,1.0,0.1,0.1,2.0,9.0,10.0,0.0,0.0,0.0,0.0,0.0,0.0,1.0,0.0,0.0,0.0,0.0,0.0,1.0,0.0,0.0,0.0,0.0,13.0,0.0,0.0,0.0,0.0,7.0,1.49,0.231,0.77,0.0,3.0,0.3,0.0,0.25,0.0,1.0,1.0,0.333,0.0,9.6,0.0,0.0,0.0,0.0,0.0,0.0,3.0,0.0,0.25,0.333,9.6,1.0,0.0,0.0,0.0,4.0,0.0,,,,,,,,,,,,,,,0.0,0.333,1.0,0.0,0.0,0.0,1.0,0.0,0.333,,0.0,0.0,0.0,,,,,,,,,,,,,,0.667,0.75,0.667,0.0,0.0,0.5,0.5,,1.0,2.0,0.0,1.0,2.0,,,,0.0,0.0,0.0,0.0,0.0,0.0,0.0,0.0,0.0,3.0,0.0,0.5,0.0,0.5,0.0,1.0,1.0,0.0,0.0,0.0,0.0,0.0,0.0,0.0,0.0,0.0,0.0,0.0,0.0,0.0,0.0,0.0,0.0,0.0,2.0,0.5,0.0,0.0,0.267,F-G,0.625,15.0,0.003,24.0,0.622,,0.0,0.0,0.0,0.0,,0.0,2.0,0.0,0.5,1.0,0.0,0.0,0.0,0.0,0.0,0.0,0.0,0.0,0.0,,,0.0,1.0,,,0.0,CLE,1.0,0.5,2.0,1.0,2.0,0.75,2025,22400212,,1.0,5.0,7.0,0.714,0.467,0.247,0.429,1.0,3.0,0.333,0.376,-0.043,0.571,4.0,4.0,1.0,0.556,0.445,0.143,1.0,1.0,1.0,0.581,0.419,0.143,1.0,1.0,1.0,0.523,0.477,0.857,4.0,6.0,0.667,0.403,0.263,2.0,1.0,1.0,1.0,0.0,0.0,0.0,0.0,0.0,0.0,0.0,0.0,0.0,0.0,0.0,0.0,0.0,0.0,0.0,0.0,0.0,13.0,0.0,0.0,0.0,0.0,0.0,0.0,0.0,0.0,0.0,0.0,0.0,0.0,0.0,0.0,0.0,0.0,0.0,18.9,7992.0,1.51,0.79,0.72,4.54,4.76,4.31,,,CHI,CLE,20241111,2024-25,False,CLE,CHI,,,1610612739.0,CLE,1610612739.0,CLE,1610612739.0,CLE,,,,,,,,,,,,,,,,,,,,,,,,,,,,,,,,,,,,,,,,,,,Isaac Okoro,1610612739.0,CLE,F-G,24.0,1.0,1.0,Isaac Okoro,1610612739.0,CLE,F-G,24.0,1.0,1.0,Isaac Okoro,1610612739.0,CLE,F-G,24.0,1.0,1.0,Isaac Okoro,1610612739.0,CLE,F-G,24.0,1.0,1.0,Isaac Okoro,1610612739.0,CLE,F-G,24.0,1.0,1.0,Isaac Okoro,1610612739.0,CLE,F-G,24.0,1.0,1.0,Isaac Okoro,24.0,1.0,18.9,Isaac Okoro,1.0,1.0,0.0,18.9,Isaac Okoro,1.0,1.0,0.0,18.9,,,,
1630171,Isaac Okoro,Isaac,1610612739,CLE,24.0,1,1,0,1.0,11.1,4,5,0.8,3,4,0.75,0,0,0.0,0,0,0,0,0,0,0,0,1,0,11,-10,11.0,0,0,14.0,1,1,1,1,147,66,112,12,14,54,13,93,99,93,95,156,163,133,120,92,54,1,54,117,69,140,133,14,1,114,,172,118.2,118.2,-30.6,156.5,42,22,0.208,133,152,172,101,4.0,-38.3,0.0,0.217,172,77,163,152,156.5,0.0,5.0,0.0,1.1,133,0.0,1,154.4,97.3,0.0,95.83,-38.3,156,1,156,66,81.08,154,1.1,153,95,97.3,64,77,146,5,123.8,66,0.14,0.0,57,0.0,6,112,0.0,0.0,0.0,0.0,1.0,0.0,0.0,0.0,12.0,9.0,0.0,0.0,0.0,0.0,0.0,0.0,0.0,0.0,0.0,0.0,0.0,0.0,0.0,0.0,0.0,0.0,0.0,14.0,2.0,0.0,2.0,1.0,8.0,1.78,0.786,1.14,0.0,11.0,0.4,1.0,,,,,,,,,,,,,,,,,,,,,,,,,,,,,,,,,,,,,,,1.0,0.2,1.0,1.0,0.0,1.0,1.0,0.0,0.2,,0.0,1.0,1.0,,,,,,,,,,,,,,0.8,1.125,0.8,0.0,0.0,0.75,0.75,,3.0,4.0,0.0,3.0,4.0,,,,0.0,0.0,0.0,0.0,0.0,0.0,1.0,1.0,2.0,9.0,2.0,1.1,0.0,0.75,0.5,2.0,0.0,0.0,,2.0,0.0,,,0.0,0.5,0.0,2.0,0.0,1.0,1.0,0.0,1.0,1.0,0.0,2.0,1.0,1.0,0.0,0.273,F-G,0.543,51.0,-0.083,94.0,0.626,,2.0,0.0,1.0,,,0.0,1.0,1.0,1.0,0.0,0.0,3.0,0.0,0.0,,,0.667,0.0,1.0,,,0.0,1.0,,,0.0,CLE,3.0,0.75,4.0,3.0,4.0,1.125,2025,22401081,,1.0,3.0,4.0,0.75,0.453,0.297,0.5,2.0,2.0,1.0,0.383,0.618,0.5,1.0,2.0,0.5,0.541,-0.041,0.25,0.0,1.0,0.0,0.655,-0.655,0.25,0.0,1.0,0.0,0.569,-0.569,0.75,3.0,3.0,1.0,0.395,0.605,2.0,1.0,1.0,0.0,0.0,1.0,3.0,0.0,0.0,0.0,0.0,0.0,0.0,0.0,0.0,0.0,0.0,0.0,0.0,0.0,0.0,14.0,0.0,0.0,0.0,0.0,0.0,0.0,0.0,0.0,0.0,0.0,0.0,0.0,0.0,0.0,0.0,0.0,0.0,11.1,4591.0,0.87,0.42,0.45,4.66,4.48,3.85,,,CLE,LAC,20250330,2024-25,False,CLE,LAC,,,1610612739.0,CLE,1610612739.0,CLE,1610612739.0,CLE,4.0,0.452,3.0,0.75,0.299,,,,,,,,,,,,,,,,,,,,,,,,,,,,,,0.42,0.45,4.66,4.48,0.87,3.85,11.1,4591.0,Isaac Okoro,1610612739.0,CLE,F-G,24.0,1.0,1.0,Isaac Okoro,1610612739.0,CLE,F-G,24.0,1.0,1.0,Isaac Okoro,1610612739.0,CLE,F-G,24.0,1.0,1.0,Isaac Okoro,1610612739.0,CLE,F-G,24.0,1.0,1.0,Isaac Okoro,1610612739.0,CLE,F-G,24.0,1.0,1.0,Isaac Okoro,1610612739.0,CLE,F-G,24.0,1.0,1.0,Isaac Okoro,24.0,1.0,11.1,Isaac Okoro,1.0,1.0,0.0,11.1,Isaac Okoro,1.0,1.0,0.0,11.1,,,,
1630171,Isaac Okoro,Isaac,1610612739,CLE,23.0,1,0,1,0.0,18.15,1,5,0.2,0,2,0.0,1,2,0.5,0,0,0,2,0,0,1,1,2,2,3,-3,9.0,0,0,7.0,1,92,92,92,128,142,114,156,118,111,118,85,59,83,95,165,170,70,110,89,18,120,83,51,151,108,152,20,1,161,,82,109.1,109.1,1.8,114.7,177,33,0.176,70,114,111,93,1.0,-5.6,0.0,0.175,111,108,170,114,114.7,0.0,5.0,0.167,0.2,48,0.0,1,108.5,88.6,0.0,90.71,-5.6,165,1,184,98,73.83,179,0.255,184,95,88.6,103,108,86,164,110.3,142,-0.02,0.0,96,25.0,165,114,0.0,0.0,2.0,0.0,1.0,0.2,0.2,5.0,12.0,10.0,0.0,0.0,0.0,0.0,0.0,0.0,1.0,0.0,0.0,0.0,0.0,0.0,1.0,0.0,0.0,0.0,0.0,16.0,1.5,0.0,0.0,0.0,13.0,1.19,0.188,0.63,0.0,3.0,0.3,2.0,,,,,,,,,,,,,,,,,,,,,,,,,,,,,,,,,,,,,,,0.0,0.4,2.0,0.0,0.0,0.0,2.0,0.0,0.4,,0.0,0.0,0.0,1.0,1.0,0.0,1.0,1.0,0.0,1.0,0.2,0.0,,1.0,1.0,0.2,0.4,0.0,0.4,0.0,0.0,0.0,0.0,,0.0,2.0,0.0,0.0,2.0,,,,0.0,0.0,0.0,0.0,0.0,0.0,1.0,0.0,0.0,0.0,3.0,0.2,0.0,0.0,0.0,0.0,1.0,0.0,0.0,2.0,1.0,0.0,0.0,0.0,0.0,0.0,1.0,0.0,1.0,0.0,0.0,0.0,2.0,0.0,0.0,0.0,0.5,0.0,0.283,F-G,0.617,37.0,-0.003,60.0,0.62,0.0,0.0,0.0,3.0,0.0,,0.0,0.0,0.333,0.0,0.0,0.0,2.0,0.0,0.0,0.0,0.0,0.0,0.0,1.0,0.0,0.0,0.0,0.0,,,0.0,CLE,0.0,0.0,2.0,0.0,2.0,0.0,2025,22400543,,1.0,2.0,8.0,0.25,0.48,-0.23,0.5,1.0,4.0,0.25,0.36,-0.11,0.5,1.0,4.0,0.25,0.564,-0.314,,,,,,,0.375,1.0,3.0,0.333,0.593,-0.259,0.5,1.0,4.0,0.25,0.376,-0.126,5.0,2.0,3.0,1.0,0.0,1.0,3.0,1.0,0.0,1.0,1.0,0.0,0.0,0.0,0.0,0.0,0.0,0.0,0.0,0.0,0.0,16.0,0.0,0.0,0.0,0.0,0.0,0.0,0.0,0.0,0.0,0.0,0.0,0.0,0.0,0.0,0.0,0.0,0.0,18.15,7344.0,1.39,0.65,0.74,4.42,5.03,3.94,,,CLE,IND,20250112,2024-25,False,CLE,IND,,,1610612739.0,CLE,1610612739.0,CLE,1610612739.0,CLE,,,,,,,,,,,,,,,,,,,,,,,,,,,,,,,,,,,,,,,,,,,Isaac Okoro,1610612739.0,CLE,F-G,24.0,1.0,1.0,Isaac Okoro,1610612739.0,CLE,F-G,24.0,1.0,1.0,Isaac Okoro,1610612739.0,CLE,F-G,24.0,1.0,1.0,,,,,,,,Isaac Okoro,1610612739.0,CLE,F-G,24.0,1.0,1.0,Isaac Okoro,1610612739.0,CLE,F-G,24.0,1.0,1.0,Isaac Okoro,24.0,1.0,18.2,Isaac Okoro,1.0,0.0,1.0,18.2,Isaac Okoro,1.0,0.0,1.0,18.15,,,,
1630171,Isaac Okoro,Isaac,1610612739,CLE,24.0,1,1,0,1.0,27.43,6,9,0.667,3,3,1.0,0,0,0.0,2,3,5,1,0,1,0,0,4,0,15,9,25.5,0,0,26.0,1,1,1,1,125,62,132,45,35,148,1,156,163,156,44,131,94,171,195,57,95,1,285,207,81,82,125,34,6,107,,62,112.1,112.1,24.1,96.6,80,58,0.129,215,119,77,164,6.0,15.5,0.0,0.134,77,150,163,119,96.6,0.0,9.0,0.059,0.833,203,0.069,1,91.2,101.49,0.088,103.03,15.5,205,1,164,249,84.58,154,0.833,164,72,101.49,241,150,84,40,115.3,62,0.147,0.0,132,10.0,35,132,0.079,0.0,1.0,0.0,3.0,0.053,0.053,2.0,17.0,19.0,0.0,1.0,0.0,0.0,0.0,0.0,3.0,0.0,0.0,0.0,0.333,0.0,2.0,0.0,0.0,0.0,0.0,28.0,1.0,1.0,2.0,1.0,19.0,2.18,0.536,1.64,0.0,15.0,1.0,4.0,0.556,1.0,4.0,3.0,0.6,0.5,13.7,0.0,1.0,1.0,16.7,0.0,0.2,5.0,1.0,0.625,0.75,14.4,4.0,1.0,0.5,0.333,9.0,0.0,0.0,0.111,0.0,0.0,1.0,0.0,1.0,0.0,0.0,,1.0,0.111,0.0,0.0,0.5,0.333,3.0,2.0,1.0,1.0,4.0,0.111,0.444,1.0,1.0,0.333,0.625,1.0,1.0,0.0,1.0,1.0,0.0,1.0,0.111,0.0,,1.0,1.0,0.111,0.333,1.333,0.222,1.0,1.0,1.0,1.0,1.0,2.0,2.0,0.111,3.0,3.0,,,,0.0,0.0,0.0,0.0,0.0,0.0,0.667,1.0,2.0,9.0,4.0,0.833,0.0,1.0,0.0,1.0,0.0,0.0,0.0,2.0,2.0,0.0,0.0,1.0,1.0,0.0,0.0,0.0,3.0,0.0,0.0,2.0,6.0,0.0,1.0,1.0,0.5,2.0,0.268,F-G,0.538,56.0,-0.088,104.0,0.626,,2.0,0.0,6.0,0.0,0.0,0.0,1.0,0.5,1.0,0.0,0.0,2.0,0.0,0.0,0.0,0.0,1.0,0.0,3.0,,,0.0,1.0,0.0,0.0,0.0,CLE,3.0,1.0,3.0,3.0,3.0,1.5,2025,22401175,,1.0,1.0,6.0,0.167,0.457,-0.29,0.5,0.0,3.0,0.0,0.362,-0.362,0.5,1.0,3.0,0.333,0.476,-0.143,0.167,0.0,1.0,0.0,0.473,-0.473,0.333,1.0,2.0,0.5,0.514,-0.014,0.667,0.0,4.0,0.0,0.38,-0.38,2.0,1.0,1.0,1.0,0.0,0.0,0.0,1.0,0.0,1.0,1.0,0.0,0.0,1.0,1.0,1.0,0.0,0.0,1.0,1.0,0.0,28.0,1.0,0.0,0.0,0.0,0.0,0.0,0.0,0.0,0.0,1.0,1.0,1.0,1.0,0.0,0.0,0.0,0.0,27.43,11677.0,2.21,1.13,1.09,4.47,4.93,4.09,,,NYK,CLE,20250411,2024-25,False,CLE,NYK,CLE,,1610612739.0,CLE,1610612739.0,CLE,1610612739.0,CLE,6.0,0.463,1.0,0.167,-0.296,,0.0,4.0,2.0,0.5,3.0,0.75,1.0,1.0,5.0,0.5,1.0,4.0,0.6,14.4,0.0,13.7,0.2,16.7,0.556,5.0,0.625,1.0,3.0,9.0,0.333,CLE,0.0,1.0,1.13,1.09,4.47,4.93,2.21,4.09,27.43,11677.0,Isaac Okoro,1610612739.0,CLE,F-G,24.0,1.0,1.0,Isaac Okoro,1610612739.0,CLE,F-G,24.0,1.0,1.0,Isaac Okoro,1610612739.0,CLE,F-G,24.0,1.0,1.0,Isaac Okoro,1610612739.0,CLE,F-G,24.0,1.0,1.0,Isaac Okoro,1610612739.0,CLE,F-G,24.0,1.0,1.0,Isaac Okoro,1610612739.0,CLE,F-G,24.0,1.0,1.0,Isaac Okoro,24.0,1.0,27.4,Isaac Okoro,1.0,1.0,0.0,27.4,Isaac Okoro,1.0,1.0,0.0,27.43,,,,
1630171,Isaac Okoro,Isaac,1610612739,CLE,24.0,1,0,1,0.0,13.8,3,6,0.5,2,5,0.4,2,2,1.0,1,0,1,1,0,0,0,0,1,1,10,5,12.7,0,0,14.0,1,113,113,113,166,106,117,77,55,42,90,40,54,1,49,169,154,125,144,120,70,1,63,83,101,76,155,14,1,146,,152,139.3,139.3,13.9,125.9,85,28,0.206,128,83,145,127,3.0,13.4,0.0,0.202,145,28,156,83,125.9,0.0,6.0,0.1,0.667,140,0.067,1,125.0,95.65,0.0,96.14,13.4,169,1,167,82,79.71,159,0.727,167,59,95.65,90,28,74,64,138.9,106,0.112,0.0,25,12.5,74,117,0.04,0.0,1.0,0.0,1.0,0.5,0.5,3.0,7.0,2.0,0.0,0.0,0.0,0.0,0.0,0.0,0.0,0.0,0.0,0.0,0.0,0.0,0.0,0.0,0.0,0.0,0.0,9.0,0.0,0.0,0.0,0.0,6.0,1.5,1.111,0.89,0.0,10.0,0.2,0.0,0.5,0.0,2.0,0.0,0.0,0.5,0.0,0.0,0.0,0.0,20.9,0.0,0.0,0.0,0.0,0.5,0.0,20.9,1.0,1.0,0.5,0.0,2.0,0.0,,,,,,,,,,,,,,,1.0,0.167,1.0,1.0,0.0,1.0,1.0,0.0,0.167,,0.0,1.0,1.0,,1.0,1.0,0.0,0.0,0.0,0.0,0.167,0.167,0.0,0.0,0.0,0.0,0.667,0.75,0.667,0.0,0.0,0.5,0.5,,2.0,4.0,0.0,2.0,4.0,,,,0.0,0.0,0.0,0.0,0.0,0.0,0.0,0.0,0.0,6.0,0.0,0.667,0.0,0.4,0.5,0.0,0.0,0.0,0.0,4.0,2.0,0.0,0.0,0.5,0.5,0.0,2.0,0.0,1.0,1.0,0.0,2.0,1.0,0.0,1.0,0.0,1.0,1.0,0.26,F-G,0.549,45.0,-0.075,82.0,0.624,,2.0,0.0,1.0,0.0,0.0,0.0,1.0,1.0,0.0,0.0,0.0,4.0,0.0,0.0,0.0,0.0,0.5,0.0,1.0,,,0.0,0.0,0.0,0.0,0.0,CLE,2.0,0.4,5.0,2.0,5.0,0.6,2025,22401021,,1.0,2.0,3.0,0.667,0.483,0.184,0.667,1.0,2.0,0.5,0.381,0.119,0.333,1.0,1.0,1.0,0.542,0.458,0.333,1.0,1.0,1.0,0.624,0.376,0.333,1.0,1.0,1.0,0.581,0.419,0.667,1.0,2.0,0.5,0.429,0.072,1.0,0.0,1.0,0.0,0.0,0.0,0.0,0.0,0.0,0.0,0.0,0.0,0.0,0.0,0.0,0.0,0.0,0.0,0.0,0.0,0.0,9.0,0.0,0.0,0.0,0.0,0.0,0.0,0.0,0.0,0.0,0.0,0.0,0.0,0.0,0.0,0.0,0.0,0.0,13.8,5577.0,1.06,0.46,0.59,4.55,5.24,4.1,,,PHX,CLE,20250321,2024-25,False,CLE,PHX,,,1610612739.0,CLE,1610612739.0,CLE,1610612739.0,CLE,3.0,0.481,2.0,0.667,0.185,1610612739.0,0.0,2.0,1.0,0.5,0.0,0.0,0.0,0.0,1.0,0.5,0.0,1.0,0.0,20.9,0.0,0.0,0.0,20.9,0.5,0.0,0.5,0.0,0.0,2.0,0.0,CLE,0.0,1.0,0.46,0.59,4.55,5.24,1.06,4.1,13.8,5577.0,Isaac Okoro,1610612739.0,CLE,F-G,24.0,1.0,1.0,Isaac Okoro,1610612739.0,CLE,F-G,24.0,1.0,1.0,Isaac Okoro,1610612739.0,CLE,F-G,24.0,1.0,1.0,Isaac Okoro,1610612739.0,CLE,F-G,24.0,1.0,1.0,Isaac Okoro,1610612739.0,CLE,F-G,24.0,1.0,1.0,Isaac Okoro,1610612739.0,CLE,F-G,24.0,1.0,1.0,Isaac Okoro,24.0,1.0,13.8,Isaac Okoro,1.0,0.0,1.0,13.8,Isaac Okoro,1.0,0.0,1.0,13.8,,,,
1630171,Isaac Okoro,Isaac,1610612739,CLE,23.0,1,1,0,1.0,9.193333333333332,0,2,0.0,0,1,0.0,0,0,0.0,0,0,0,1,0,1,0,0,0,0,0,-15,4.5,0,0,3.0,1,1,1,1,199,189,190,189,131,158,131,123,132,123,128,188,198,114,152,40,87,1,1,165,194,222,195,28,1,202,,226,72.7,72.7,-60.3,147.6,187,22,0.083,77,225,226,127,0.0,-74.9,0.0,0.098,226,213,198,225,147.6,0.0,2.0,0.167,0.0,27,0.0,1,147.6,112.26,0.0,102.65,-74.9,188,1,29,200,93.55,110,0.0,29,128,112.26,191,213,221,194,87.3,189,0.0,0.0,199,33.3,189,190,0.0,0.0,1.0,0.0,1.0,0.5,0.5,2.0,3.0,2.0,0.0,0.0,0.0,0.0,0.0,0.0,0.0,0.0,0.0,0.0,0.0,0.0,0.0,0.0,0.0,0.0,0.0,5.0,0.0,0.0,0.0,0.0,2.0,1.59,0.0,1.4,0.0,0.0,0.1,1.0,,,,,,,,,,,,,,,,,,,,,,,,,0.0,0.5,0.0,0.0,1.0,0.0,1.0,0.0,0.0,,1.0,0.5,0.0,0.0,,,,,,,,,,,,,,,,,,,,,,,,,,,0.5,0.0,0.5,0.0,0.0,0.0,0.0,,0.0,1.0,0.0,0.0,1.0,,,,0.0,0.0,0.0,0.0,0.0,0.0,0.0,0.0,0.0,0.0,0.0,0.0,0.0,0.0,0.0,0.0,0.0,0.0,0.0,1.0,1.0,0.0,0.0,0.0,0.0,0.0,0.0,0.0,0.0,0.0,0.0,0.0,1.0,0.0,0.0,0.0,0.0,0.0,0.226,F-G,0.714,5.0,0.111,7.0,0.603,,0.0,0.0,1.0,0.0,0.0,0.0,0.0,0.0,0.0,0.0,0.0,1.0,0.0,0.0,0.0,0.0,0.0,0.0,0.0,,,0.0,0.0,0.0,0.0,0.0,CLE,0.0,0.0,1.0,0.0,1.0,0.0,2025,22400106,,1.0,2.0,2.0,1.0,0.405,0.596,1.0,2.0,2.0,1.0,0.366,0.634,,,,,,,,,,,,,,,,,,,1.0,2.0,2.0,1.0,0.37,0.63,0.0,0.0,0.0,3.0,0.0,0.0,0.0,0.0,0.0,0.0,0.0,0.0,0.0,0.0,0.0,0.0,0.0,0.0,0.0,0.0,0.0,5.0,0.0,0.0,0.0,0.0,0.0,0.0,0.0,0.0,0.0,0.0,0.0,0.0,0.0,0.0,0.0,0.0,0.0,9.2,3875.0,0.73,0.32,0.41,4.18,4.52,3.95,,,NYK,CLE,20241028,2024-25,False,CLE,NYK,CLE,1610612739.0,1610612739.0,CLE,1610612739.0,CLE,1610612739.0,CLE,,,,,,,,,,,,,,,,,,,,,,,,,,,,,,,,,,,,,,,,,,,Isaac Okoro,1610612739.0,CLE,F-G,24.0,1.0,1.0,Isaac Okoro,1610612739.0,CLE,F-G,24.0,1.0,1.0,,,,,,,,,,,,,,,,,,,,,,Isaac Okoro,1610612739.0,CLE,F-G,24.0,1.0,1.0,Isaac Okoro,24.0,1.0,9.2,Isaac Okoro,1.0,1.0,0.0,9.2,Isaac Okoro,1.0,1.0,0.0,9.2,,,,
1630171,Isaac Okoro,Isaac,1610612739,CLE,24.0,1,0,1,0.0,15.018333333333333,1,4,0.25,0,2,0.0,0,0,0.0,2,0,2,2,0,0,0,1,0,0,2,3,7.4,0,0,6.0,1,24,24,24,28,27,29,29,24,21,24,19,20,19,4,32,29,15,24,19,17,23,1,26,30,15,30,6,1,30,100.0,13,115.6,115.6,12.9,100.0,29,32,0.111,16,11,10,20,1.0,15.6,0.0,0.11,10,13,26,11,100.0,0.0,4.0,0.143,0.25,3,0.111,1,102.0,105.47,0.0,104.7,15.6,32,1,5,33,87.89,2,0.25,5,3,105.47,33,13,12,32,114.9,27,0.031,0.0,12,33.3,31,29,0.061,0.0,2.0,0.0,2.0,0.4,0.4,4.0,7.0,5.0,0.0,1.0,0.0,0.0,0.0,0.0,2.0,0.0,0.0,0.0,0.5,0.0,1.0,0.5,0.0,1.0,0.0,9.0,1.0,0.0,0.0,0.0,6.0,2.85,0.222,2.78,0.0,2.0,0.4,2.0,0.5,1.0,3.0,0.0,0.0,0.667,0.0,0.0,1.0,0.0,3.2,0.5,0.5,1.0,1.0,0.667,0.0,3.2,1.0,1.0,0.667,0.0,4.0,1.0,1.0,0.5,0.5,0.5,2.0,0.0,1.0,1.0,0.0,,2.0,0.5,0.5,0.0,,,,,,,,,,,,,,,,,,,,,,,,,,,0.5,0.0,0.5,0.0,0.0,0.0,0.0,,0.0,2.0,0.0,0.0,2.0,,,,0.0,0.0,0.0,0.0,0.0,0.0,1.0,0.0,0.0,0.0,2.0,0.25,0.0,0.0,0.0,0.0,0.0,0.0,,2.0,1.0,,,0.0,0.0,0.0,1.0,0.0,1.0,0.0,0.0,0.0,2.0,0.0,0.0,0.0,0.5,0.0,0.222,F-G,0.5,2.0,-0.14,4.0,0.64,0.0,0.0,0.0,2.0,,,0.0,0.0,0.5,0.0,0.0,0.0,2.0,0.0,0.0,,,0.0,0.0,1.0,0.0,0.0,0.0,0.0,,,0.0,CLE,0.0,0.0,2.0,0.0,2.0,0.0,2025,42400201,,1.0,0.0,3.0,0.0,0.482,-0.482,0.333,0.0,1.0,0.0,0.454,-0.454,0.667,0.0,2.0,0.0,0.533,-0.533,0.667,0.0,2.0,0.0,0.618,-0.618,0.667,0.0,2.0,0.0,0.576,-0.576,0.333,0.0,1.0,0.0,0.453,-0.453,2.0,1.0,1.0,1.0,0.0,1.0,2.0,0.0,0.0,0.0,0.0,0.0,0.0,1.0,1.0,1.0,0.0,0.0,1.0,1.0,0.0,9.0,0.0,0.0,0.0,0.0,0.0,0.0,0.0,0.0,0.0,0.0,0.0,0.0,0.0,0.0,0.0,0.0,0.0,15.02,6388.0,1.21,0.57,0.64,4.51,4.87,4.21,,,CLE,IND,20250504,2024-25,True,CLE,IND,CLE,,1610612739.0,CLE,1610612739.0,CLE,1610612739.0,CLE,3.0,0.494,0.0,0.0,-0.494,,0.5,3.0,2.0,0.667,0.0,0.0,1.0,0.0,2.0,0.667,1.0,1.0,0.0,3.2,1.0,0.0,0.5,3.2,0.5,1.0,0.667,1.0,0.0,4.0,0.0,CLE,0.0,1.0,0.57,0.64,4.51,4.87,1.21,4.21,15.02,6388.0,Isaac Okoro,1610612739.0,CLE,F-G,24.0,1.0,1.0,Isaac Okoro,1610612739.0,CLE,F-G,24.0,1.0,1.0,Isaac Okoro,1610612739.0,CLE,F-G,24.0,1.0,1.0,Isaac Okoro,1610612739.0,CLE,F-G,24.0,1.0,1.0,Isaac Okoro,1610612739.0,CLE,F-G,24.0,1.0,1.0,Isaac Okoro,1610612739.0,CLE,F-G,24.0,1.0,1.0,Isaac Okoro,24.0,1.0,15.0,Isaac Okoro,1.0,0.0,1.0,15.0,Isaac Okoro,1.0,0.0,1.0,15.02,,,,
1630171,Isaac Okoro,Isaac,1610612739,CLE,23.0,1,1,0,1.0,28.1,4,5,0.8,3,4,0.75,2,2,1.0,2,6,8,1,0,1,0,0,5,3,13,12,27.1,0,0,27.0,1,1,1,1,85,78,137,13,22,77,13,51,62,1,26,29,29,117,132,42,62,1,211,43,72,24,75,21,2,69,,86,127.8,127.8,30.0,105.6,61,54,0.098,161,34,102,114,4.0,22.2,0.0,0.101,102,28,45,34,105.6,0.0,5.0,0.048,1.1,108,0.074,1,101.6,92.24,0.194,92.65,22.2,47,1,220,189,76.87,208,1.105,220,37,92.24,191,28,29,4,131.7,78,0.139,0.0,21,14.3,7,137,0.138,0.0,1.0,0.0,2.0,0.053,0.053,2.0,18.0,19.0,2.0,0.0,0.0,0.0,0.5,1.0,2.0,2.0,1.0,0.0,0.0,2.0,0.0,0.0,1.0,0.0,0.0,29.0,0.0,0.0,0.0,0.0,18.0,2.56,0.448,2.03,0.0,13.0,1.2,2.0,0.615,1.0,5.0,5.0,0.75,0.4,14.7,0.0,3.0,1.0,4.2,1.0,0.375,8.0,1.0,0.667,0.857,12.1,5.0,0.0,0.4,0.167,13.0,2.0,1.0,0.2,1.0,1.0,1.0,0.0,1.0,1.0,0.0,,1.0,0.2,1.0,0.0,,,,,,,,,,,,,,,,,,,,,,,,,,,0.8,1.125,0.8,0.0,0.0,0.75,0.75,,3.0,4.0,0.0,3.0,4.0,,,,0.0,0.0,0.0,0.0,0.0,0.0,0.0,0.0,0.0,9.0,0.0,1.1,0.0,0.75,0.0,3.0,0.0,0.0,0.0,0.0,0.0,0.0,0.0,0.0,0.0,0.0,0.0,0.0,1.0,0.0,0.0,0.0,1.0,0.0,4.0,0.75,1.0,0.0,0.208,F-G,0.8,8.0,0.201,10.0,0.599,0.0,0.0,0.0,1.0,0.0,0.0,0.0,3.0,1.0,1.0,0.0,0.0,1.0,0.0,0.0,0.0,0.0,0.0,0.0,1.0,0.0,0.0,0.0,3.0,0.0,0.0,0.0,CLE,3.0,0.75,4.0,3.0,4.0,1.125,2025,22400145,,1.0,3.0,6.0,0.5,0.451,0.05,0.667,1.0,4.0,0.25,0.376,-0.126,0.333,2.0,2.0,1.0,0.517,0.484,,,,,,,0.167,1.0,1.0,1.0,0.581,0.419,0.833,2.0,5.0,0.4,0.401,-0.001,2.0,2.0,0.0,1.0,0.0,0.0,0.0,1.0,1.0,2.0,0.5,0.5,0.0,2.0,2.0,2.0,1.0,0.0,1.0,1.0,0.5,29.0,0.0,0.0,0.0,0.0,0.0,0.0,0.0,0.0,0.0,0.0,0.0,0.0,0.0,0.0,0.0,0.0,0.0,28.1,11153.0,2.11,1.02,1.09,4.2,4.14,4.24,,,MIL,CLE,20241102,2024-25,False,CLE,MIL,CLE,1610612739.0,1610612739.0,CLE,1610612739.0,CLE,1610612739.0,CLE,,,,,,,,,,,,,,,,,,,,,,,,,,,,,,,,,,,,,,,,,,,Isaac Okoro,1610612739.0,CLE,F-G,24.0,1.0,1.0,Isaac Okoro,1610612739.0,CLE,F-G,24.0,1.0,1.0,Isaac Okoro,1610612739.0,CLE,F-G,24.0,1.0,1.0,,,,,,,,Isaac Okoro,1610612739.0,CLE,F-G,24.0,1.0,1.0,Isaac Okoro,1610612739.0,CLE,F-G,24.0,1.0,1.0,Isaac Okoro,24.0,1.0,28.1,Isaac Okoro,1.0,1.0,0.0,28.1,Isaac Okoro,1.0,1.0,0.0,28.1,,,,
1630171,Isaac Okoro,Isaac,1610612739,CLE,24.0,1,0,1,0.0,18.85,5,6,0.833,2,2,1.0,1,2,0.5,0,2,2,0,2,1,0,0,2,1,13,15,16.4,0,0,19.0,1,25,25,25,26,7,28,3,6,26,1,24,16,24,26,20,26,31,8,7,11,1,18,26,11,6,24,3,1,20,101.0,16,127.5,127.5,38.9,92.3,15,40,0.196,31,11,18,23,5.0,35.2,22.2,0.201,18,11,29,11,92.3,0.0,6.0,0.0,1.0,31,0.0,40,91.4,100.58,0.091,100.02,35.2,25,40,28,20,83.82,19,0.945,28,26,100.58,20,11,10,3,130.2,7,0.137,22.5,11,0.0,2,28,0.053,0.0,0.0,0.0,0.0,0.0,0.0,0.0,12.0,11.0,0.0,0.0,0.0,0.667,0.0,1.333,3.0,0.0,0.0,0.0,0.0,4.0,3.0,0.0,0.0,0.0,2.0,20.0,0.0,0.0,0.0,1.0,9.0,2.33,0.65,1.95,0.0,13.0,0.8,1.0,1.0,0.0,0.0,2.0,1.0,0.0,10.2,0.0,0.0,0.0,0.0,0.0,0.0,2.0,0.0,1.0,1.0,10.2,2.0,0.0,0.0,0.0,2.0,0.0,2.0,0.333,1.0,1.0,2.0,0.0,1.0,2.0,0.0,,2.0,0.333,1.0,0.0,0.0,0.167,1.0,0.0,0.0,0.0,1.0,0.0,0.167,,0.0,0.0,0.0,,,,,,,,,,,,,,0.5,1.333,0.333,1.0,1.0,1.0,1.0,1.0,2.0,2.0,0.167,3.0,3.0,,,,0.0,0.0,0.0,0.0,0.0,0.0,0.0,0.0,0.0,6.0,0.0,1.0,0.0,1.0,1.0,0.0,3.0,3.0,0.0,2.0,1.0,0.0,0.0,1.0,1.0,1.0,1.0,0.0,0.0,1.0,0.0,2.0,0.0,1.0,0.0,0.0,0.0,1.0,0.276,F-G,0.75,6.0,0.099,8.0,0.651,,2.0,3.0,0.0,0.0,0.0,1.0,0.0,0.0,0.0,3.0,0.0,2.0,0.0,0.0,0.0,0.0,1.0,0.0,0.0,,,1.0,0.0,0.0,0.0,0.0,CLE,2.0,1.0,2.0,2.0,2.0,1.5,2025,42400204,,1.0,3.0,8.0,0.375,0.48,-0.105,0.5,1.0,4.0,0.25,0.372,-0.122,0.5,2.0,4.0,0.5,0.607,-0.107,0.25,2.0,2.0,1.0,0.628,0.372,0.25,2.0,2.0,1.0,0.591,0.409,0.75,1.0,6.0,0.167,0.403,-0.236,6.0,2.0,4.0,2.0,0.0,2.0,4.0,1.0,1.0,2.0,0.5,0.5,0.0,0.0,0.0,0.0,0.0,0.0,0.0,0.0,0.0,20.0,0.0,0.0,0.0,0.0,0.0,0.0,0.0,0.0,0.0,0.0,0.0,0.0,0.0,0.0,0.0,0.0,0.0,18.85,8320.0,1.58,0.8,0.77,4.66,5.14,4.27,,,IND,CLE,20250511,2024-25,True,CLE,IND,CLE,,1610612739.0,CLE,1610612739.0,CLE,1610612739.0,CLE,8.0,0.481,3.0,0.375,-0.106,,0.0,0.0,0.0,0.0,2.0,1.0,0.0,0.0,2.0,0.0,0.0,2.0,1.0,10.2,0.0,10.2,0.0,0.0,1.0,2.0,1.0,0.0,2.0,2.0,0.0,CLE,0.0,0.0,0.8,0.77,4.66,5.14,1.58,4.27,18.85,8320.0,Isaac Okoro,1610612739.0,CLE,F-G,24.0,1.0,1.0,Isaac Okoro,1610612739.0,CLE,F-G,24.0,1.0,1.0,Isaac Okoro,1610612739.0,CLE,F-G,24.0,1.0,1.0,Isaac Okoro,1610612739.0,CLE,F-G,24.0,1.0,1.0,Isaac Okoro,1610612739.0,CLE,F-G,24.0,1.0,1.0,Isaac Okoro,1610612739.0,CLE,F-G,24.0,1.0,1.0,Isaac Okoro,24.0,1.0,18.9,Isaac Okoro,1.0,0.0,1.0,18.9,Isaac Okoro,1.0,0.0,1.0,18.85,,,,
1630171,Isaac Okoro,Isaac,1610612739,CLE,24.0,1,0,1,0.0,17.615,3,3,1.0,1,1,1.0,0,0,0.0,2,0,2,1,1,2,0,0,1,0,7,20,15.9,0,0,15.0,1,118,118,118,166,121,177,1,81,159,1,112,121,112,25,198,147,136,82,18,67,1,57,159,137,13,150,19,2,141,,24,145.9,145.9,56.6,94.4,119,37,0.1,165,12,39,68,3.0,51.5,20.0,0.101,39,14,124,12,94.4,1.0,3.0,0.05,1.167,97,0.167,194,90.3,99.46,0.0,101.37,51.5,198,193,147,196,82.88,125,1.167,147,11,99.46,199,14,6,6,146.9,121,0.094,20.0,12,20.0,6,177,0.074,0.0,1.0,0.0,2.0,0.083,0.083,2.0,11.0,12.0,0.0,0.0,0.0,1.0,0.0,2.0,1.0,0.0,0.0,0.0,0.0,2.0,1.0,0.0,0.0,0.0,1.0,17.0,0.667,0.0,0.0,0.0,10.0,1.74,0.412,1.0,0.0,7.0,0.5,3.0,1.0,0.0,2.0,0.0,0.0,1.0,0.0,0.0,2.0,0.0,4.0,1.0,1.0,0.0,0.0,1.0,0.0,4.0,0.0,0.0,1.0,0.0,2.0,2.0,,,,,,,,,,,,,,,1.0,0.667,2.0,2.0,0.0,2.0,2.0,0.0,0.667,,0.0,1.0,1.0,,,,,,,,,,,,,,0.333,1.5,0.333,0.0,0.0,1.0,1.0,,1.0,1.0,0.0,1.0,1.0,,,,0.0,0.0,0.0,0.0,0.0,0.0,1.0,0.0,0.0,3.0,2.0,1.167,0.0,1.0,0.0,1.0,0.0,0.0,,0.0,0.0,,,0.0,0.0,0.0,0.0,0.0,2.0,0.0,0.0,0.0,2.0,0.0,1.0,1.0,1.0,0.0,0.272,F-G,0.55,55.0,-0.075,100.0,0.625,0.0,0.0,0.0,2.0,,0.0,0.0,1.0,1.0,1.0,0.0,0.0,0.0,0.0,0.0,,,0.0,0.0,2.0,0.0,0.0,0.0,1.0,0.0,0.0,0.0,CLE,1.0,1.0,1.0,1.0,1.0,1.5,2025,22401138,,1.0,2.0,6.0,0.333,0.482,-0.148,0.333,0.0,2.0,0.0,0.388,-0.388,0.667,2.0,4.0,0.5,0.53,-0.03,0.167,1.0,1.0,1.0,0.64,0.36,0.333,1.0,2.0,0.5,0.577,-0.077,0.5,0.0,3.0,0.0,0.421,-0.421,3.0,2.0,1.0,1.0,0.0,0.0,0.0,0.0,0.0,0.0,0.0,0.0,0.0,1.0,1.0,1.0,0.0,0.0,1.0,1.0,0.0,17.0,0.0,0.0,0.0,0.0,0.0,0.0,0.0,0.0,0.0,0.0,0.0,0.0,0.0,0.0,0.0,0.0,0.0,17.62,7468.0,1.41,0.66,0.76,4.53,5.21,4.58,,,CLE,SAC,20250406,2024-25,False,CLE,SAC,,,1610612739.0,CLE,1610612739.0,CLE,1610612739.0,CLE,6.0,0.485,2.0,0.333,-0.152,,1.0,2.0,2.0,1.0,0.0,0.0,2.0,0.0,2.0,1.0,0.0,0.0,0.0,4.0,2.0,0.0,1.0,4.0,1.0,0.0,1.0,0.0,0.0,2.0,0.0,CLE,0.0,0.0,0.66,0.76,4.53,5.21,1.41,4.58,17.62,7468.0,Isaac Okoro,1610612739.0,CLE,F-G,24.0,1.0,1.0,Isaac Okoro,1610612739.0,CLE,F-G,24.0,1.0,1.0,Isaac Okoro,1610612739.0,CLE,F-G,24.0,1.0,1.0,Isaac Okoro,1610612739.0,CLE,F-G,24.0,1.0,1.0,Isaac Okoro,1610612739.0,CLE,F-G,24.0,1.0,1.0,Isaac Okoro,1610612739.0,CLE,F-G,24.0,1.0,1.0,Isaac Okoro,24.0,1.0,17.6,Isaac Okoro,1.0,0.0,1.0,17.6,Isaac Okoro,1.0,0.0,1.0,17.62,,,,
1630171,Isaac Okoro,Isaac,1610612739,CLE,23.0,1,1,0,1.0,13.016666666666667,0,2,0.0,0,2,0.0,0,0,0.0,0,0,0,1,0,1,0,0,1,1,0,12,4.5,0,0,3.0,1,1,1,1,138,157,145,157,100,94,100,91,96,91,90,147,157,96,106,31,54,1,53,76,161,33,158,13,1,161,,48,146.2,146.2,35.4,104.0,167,26,0.063,111,17,57,92,0.0,42.2,0.0,0.063,57,7,157,17,104.0,0.0,2.0,0.071,0.0,16,0.0,1,100.5,94.03,0.0,99.27,42.2,147,1,145,166,78.36,92,0.0,145,90,94.03,166,7,21,161,135.9,157,-0.017,0.0,16,33.3,157,145,0.0,0.0,1.0,0.0,0.0,0.125,0.125,2.0,6.0,8.0,0.0,0.0,0.0,0.0,0.0,0.0,0.0,0.0,0.0,0.0,0.0,0.0,0.0,0.0,0.0,0.0,0.0,11.0,0.0,0.0,0.0,0.0,7.0,1.23,0.0,0.73,0.0,0.0,0.2,0.0,,,,,,,,,,,,,,,,,,,,,,,,,,,,,,,,,,,,,,,,,,,,,,,,,,,,,,,,,,,,,,,,,1.0,0.0,1.0,0.0,0.0,0.0,0.0,,0.0,2.0,0.0,0.0,2.0,,,,0.0,0.0,0.0,0.0,0.0,0.0,0.0,0.0,0.0,0.0,0.0,0.0,0.0,0.0,0.0,0.0,0.0,0.0,0.0,0.0,0.0,0.0,0.0,0.0,0.0,0.0,0.0,0.0,0.0,0.0,0.0,0.0,0.0,0.0,2.0,0.0,0.0,0.0,0.296,F-G,0.617,37.0,-0.005,60.0,0.621,0.0,0.0,0.0,0.0,0.0,,0.0,2.0,0.0,0.0,0.0,0.0,0.0,0.0,0.0,0.0,0.0,0.0,0.0,0.0,0.0,0.0,0.0,0.0,,,0.0,CLE,0.0,0.0,2.0,0.0,2.0,0.0,2025,22400509,,1.0,3.0,5.0,0.6,0.495,0.105,0.4,2.0,2.0,1.0,0.355,0.645,0.6,1.0,3.0,0.333,0.564,-0.231,,,,,,,,,,,,,1.0,3.0,5.0,0.6,0.389,0.211,5.0,4.0,1.0,1.0,0.0,1.0,2.0,0.0,0.0,0.0,0.0,0.0,0.0,1.0,1.0,1.0,0.0,0.0,1.0,1.0,0.0,11.0,0.0,0.0,0.0,0.0,0.0,0.0,0.0,0.0,0.0,0.0,0.0,0.0,0.0,0.0,0.0,0.0,0.0,13.02,5117.0,0.97,0.47,0.5,4.31,4.54,4.11,,,CLE,OKC,20250108,2024-25,False,CLE,OKC,,,1610612739.0,CLE,1610612739.0,CLE,1610612739.0,CLE,,,,,,,,,,,,,,,,,,,,,,,,,,,,,,,,,,,,,,,,,,,Isaac Okoro,1610612739.0,CLE,F-G,24.0,1.0,1.0,Isaac Okoro,1610612739.0,CLE,F-G,24.0,1.0,1.0,Isaac Okoro,1610612739.0,CLE,F-G,24.0,1.0,1.0,,,,,,,,,,,,,,,Isaac Okoro,1610612739.0,CLE,F-G,24.0,1.0,1.0,Isaac Okoro,24.0,1.0,13.0,Isaac Okoro,1.0,1.0,0.0,13.0,Isaac Okoro,1.0,1.0,0.0,13.02,,,,
1630171,Isaac Okoro,Isaac,1610612739,CLE,24.0,1,1,0,1.0,23.35,5,10,0.5,1,6,0.167,0,0,0.0,2,4,6,2,1,2,0,0,0,1,11,13,26.2,0,0,24.0,1,1,1,1,100,59,67,61,68,32,112,97,100,97,28,45,35,64,55,7,56,1,1,78,83,24,67,23,2,75,,42,127.7,127.7,26.7,104.4,39,47,0.186,96,37,64,38,5.0,23.2,7.7,0.194,64,39,52,37,104.4,2.0,10.0,0.1,0.55,92,0.083,116,98.9,94.56,0.154,97.93,23.2,67,116,158,96,78.8,125,0.55,158,40,94.56,95,39,32,102,125.6,59,0.156,7.7,46,15.4,87,67,0.12,0.0,3.0,1.0,4.0,0.105,0.158,5.0,19.0,19.0,0.0,1.0,0.0,0.0,0.0,0.0,1.0,0.0,0.0,0.0,1.0,0.0,0.0,0.0,0.0,0.0,0.0,30.0,0.667,0.0,0.0,1.0,21.0,1.92,0.367,1.27,0.0,11.0,1.0,3.0,0.667,1.0,3.0,3.0,0.667,0.667,6.8,0.0,1.0,1.0,14.8,0.0,0.167,6.0,1.0,0.75,0.8,9.5,5.0,2.0,0.667,0.25,9.0,0.0,1.0,0.1,1.0,1.0,1.0,0.0,1.0,1.0,0.0,,1.0,0.1,1.0,0.0,1.0,0.3,3.0,3.0,0.0,3.0,3.0,0.0,0.3,,0.0,1.0,1.0,,,,,,,,,,,,,,0.6,0.25,0.6,0.0,0.0,0.167,0.167,,1.0,6.0,0.0,1.0,6.0,0.0,0.0,0.0,0.0,1.0,0.0,0.0,1.0,0.0,1.0,0.0,0.0,3.0,2.0,0.55,0.0,0.2,0.25,0.0,0.0,0.0,0.0,5.0,1.0,0.0,0.0,0.0,0.2,0.0,4.0,0.0,4.0,1.0,0.0,1.0,4.0,0.0,1.0,0.0,1.0,0.0,0.274,F-G,0.552,53.0,-0.074,96.0,0.626,0.0,1.0,0.0,4.0,0.0,0.0,0.0,1.0,1.0,0.0,0.0,0.0,5.0,0.0,0.0,0.0,0.0,0.2,0.0,4.0,0.0,0.0,0.0,0.0,0.0,0.0,0.0,CLE,1.0,0.2,5.0,1.0,5.0,0.3,2025,22401103,,1.0,5.0,7.0,0.714,0.465,0.249,0.429,1.0,3.0,0.333,0.359,-0.026,0.571,4.0,4.0,1.0,0.562,0.438,0.286,2.0,2.0,1.0,0.655,0.345,0.286,2.0,2.0,1.0,0.599,0.401,0.429,1.0,3.0,0.333,0.359,-0.026,3.0,2.0,1.0,3.0,0.0,0.0,0.0,1.0,2.0,3.0,0.333,0.667,0.0,2.0,2.0,2.0,1.0,0.0,1.0,1.0,0.5,30.0,0.0,0.0,0.0,0.0,0.0,0.0,0.0,0.0,0.0,0.0,0.0,0.0,0.0,0.0,0.0,0.0,0.0,23.35,9252.0,1.75,0.89,0.86,4.29,4.51,4.09,,,CLE,NYK,20250402,2024-25,False,CLE,NYK,CLE,,1610612739.0,CLE,1610612739.0,CLE,1610612739.0,CLE,7.0,0.468,5.0,0.714,0.246,,0.0,3.0,2.0,0.667,3.0,0.8,1.0,1.0,6.0,0.667,1.0,5.0,0.667,9.5,0.0,6.8,0.167,14.8,0.667,6.0,0.75,1.0,4.0,9.0,0.25,CLE,0.0,2.0,0.89,0.86,4.29,4.51,1.75,4.09,23.35,9252.0,Isaac Okoro,1610612739.0,CLE,F-G,24.0,1.0,1.0,Isaac Okoro,1610612739.0,CLE,F-G,24.0,1.0,1.0,Isaac Okoro,1610612739.0,CLE,F-G,24.0,1.0,1.0,Isaac Okoro,1610612739.0,CLE,F-G,24.0,1.0,1.0,Isaac Okoro,1610612739.0,CLE,F-G,24.0,1.0,1.0,Isaac Okoro,1610612739.0,CLE,F-G,24.0,1.0,1.0,Isaac Okoro,24.0,1.0,23.4,Isaac Okoro,1.0,1.0,0.0,23.4,Isaac Okoro,1.0,1.0,0.0,23.35,,,,
1630171,Isaac Okoro,Isaac,1610612739,CLE,24.0,1,1,0,1.0,12.966666666666669,2,3,0.667,2,3,0.667,0,0,0.0,0,1,1,0,1,0,0,0,0,0,6,12,6.2,0,0,9.0,1,1,1,1,32,23,36,4,9,23,2,24,27,24,25,28,32,32,15,22,13,1,1,34,23,12,37,4,1,34,97.0,11,134.6,134.6,50.4,88.5,20,26,0.143,32,9,11,22,2.0,46.2,25.0,0.145,11,8,34,9,88.5,0.0,3.0,0.0,1.0,32,0.0,38,86.7,96.25,0.059,96.32,46.2,30,38,18,32,80.21,21,1.0,18,25,96.25,33,8,9,2,137.1,23,0.108,25.0,9,0.0,1,36,0.038,0.0,2.0,2.0,0.0,0.0,0.25,0.0,10.0,8.0,0.0,0.0,1.0,0.0,0.0,0.0,1.0,0.0,0.0,1.0,0.0,0.0,0.0,0.0,0.0,0.0,0.0,13.0,0.0,0.0,0.0,0.0,9.0,2.78,0.462,2.15,0.0,6.0,0.6,0.0,0.333,0.0,2.0,1.0,1.0,0.0,15.6,0.0,0.0,0.0,0.0,0.0,0.0,1.0,0.0,0.333,1.0,15.6,1.0,0.0,0.0,0.0,3.0,0.0,,,,,,,,,,,,,,,,,,,,,,,,,,,,,1.0,1.0,0.0,0.0,0.0,0.0,0.333,0.333,0.0,0.0,0.0,0.0,0.667,1.5,0.667,0.0,0.0,1.0,1.0,,2.0,2.0,0.0,2.0,2.0,,,,0.0,0.0,0.0,0.0,0.0,0.0,0.0,0.0,0.0,6.0,0.0,1.0,0.0,0.667,1.0,1.0,0.0,0.0,0.0,1.0,0.0,0.0,0.0,0.0,1.0,0.0,1.0,0.0,0.0,1.0,0.0,1.0,0.0,0.0,2.0,0.5,0.0,0.0,0.133,F-G,1.0,2.0,0.347,2.0,0.653,0.0,1.0,0.0,0.0,0.0,0.0,0.0,1.0,0.0,1.0,0.0,0.0,2.0,0.0,0.0,0.0,0.0,0.5,0.0,0.0,0.0,0.0,0.0,1.0,0.0,0.0,0.0,CLE,2.0,0.667,3.0,2.0,3.0,1.0,2025,42400104,,1.0,1.0,4.0,0.25,0.468,-0.218,0.75,0.0,3.0,0.0,0.375,-0.375,0.25,1.0,1.0,1.0,0.633,0.367,0.25,1.0,1.0,1.0,0.703,0.297,0.25,1.0,1.0,1.0,0.661,0.339,0.75,0.0,3.0,0.0,0.372,-0.372,2.0,0.0,2.0,0.0,0.0,1.0,3.0,0.0,0.0,0.0,0.0,0.0,0.0,0.0,0.0,0.0,0.0,0.0,0.0,0.0,0.0,13.0,0.0,0.0,0.0,0.0,0.0,0.0,0.0,0.0,0.0,0.0,0.0,0.0,0.0,0.0,0.0,0.0,0.0,12.97,5205.0,0.99,0.51,0.48,4.38,4.47,4.29,,,MIA,CLE,20250428,2024-25,True,CLE,MIA,,,1610612739.0,CLE,1610612739.0,CLE,1610612739.0,CLE,4.0,0.468,1.0,0.25,-0.218,,0.0,2.0,0.0,0.0,1.0,1.0,0.0,0.0,1.0,0.0,0.0,1.0,1.0,15.6,0.0,15.6,0.0,0.0,0.333,1.0,0.333,0.0,1.0,3.0,0.0,CLE,0.0,0.0,0.51,0.48,4.38,4.47,0.99,4.29,12.97,5205.0,Isaac Okoro,1610612739.0,CLE,F-G,24.0,1.0,1.0,Isaac Okoro,1610612739.0,CLE,F-G,24.0,1.0,1.0,Isaac Okoro,1610612739.0,CLE,F-G,24.0,1.0,1.0,Isaac Okoro,1610612739.0,CLE,F-G,24.0,1.0,1.0,Isaac Okoro,1610612739.0,CLE,F-G,24.0,1.0,1.0,Isaac Okoro,1610612739.0,CLE,F-G,24.0,1.0,1.0,Isaac Okoro,24.0,1.0,13.0,Isaac Okoro,1.0,1.0,0.0,13.0,Isaac Okoro,1.0,1.0,0.0,12.97,,,,
1630171,Isaac Okoro,Isaac,1610612739,CLE,24.0,1,1,0,1.0,9.85,1,2,0.5,1,1,1.0,0,0,0.0,0,1,1,0,0,1,0,1,3,0,3,1,7.2,0,0,7.0,1,1,1,1,53,43,48,18,23,43,1,37,38,37,29,39,43,42,36,10,18,46,49,43,43,26,46,5,1,45,94.0,61,157.9,157.9,13.2,145.0,52,19,0.105,42,17,64,28,1.0,12.9,0.0,0.112,64,2,30,17,145.0,0.0,2.0,0.0,0.75,42,0.0,1,154.6,95.03,0.167,89.28,12.9,17,1,37,54,79.19,55,0.75,37,29,95.03,54,2,17,13,167.8,43,0.016,0.0,2,0.0,12,48,0.083,0.0,0.0,0.0,0.0,0.0,0.0,0.0,5.0,8.0,0.0,0.0,0.0,0.0,0.0,0.0,1.0,0.0,0.0,0.0,0.0,0.0,1.0,0.0,0.0,0.0,0.0,10.0,0.0,0.0,0.0,0.0,4.0,2.42,0.3,1.7,0.0,3.0,0.4,0.0,1.0,0.0,0.0,1.0,1.0,0.0,14.7,0.0,0.0,0.0,0.0,0.0,0.0,1.0,0.0,1.0,1.0,14.7,1.0,0.0,0.0,0.0,1.0,0.0,,,,,,,,,,,,,,,,,,,,,,,,,,,,0.0,1.0,0.0,0.0,0.0,0.0,1.0,0.5,0.0,,0.0,0.0,0.5,0.5,1.5,0.5,0.0,0.0,1.0,1.0,,1.0,1.0,0.0,1.0,1.0,,,,0.0,0.0,0.0,0.0,0.0,0.0,0.0,0.0,0.0,3.0,0.0,0.75,0.0,1.0,1.0,0.0,1.0,0.0,,1.0,,,,,1.0,0.0,1.0,0.0,,1.0,0.0,1.0,,0.0,0.0,0.0,,,0.111,F-G,1.0,1.0,0.4,1.0,0.6,0.0,1.0,0.0,0.0,,,0.0,0.0,0.0,0.0,1.0,0.0,1.0,0.0,0.0,,,1.0,0.0,0.0,0.0,0.0,0.0,0.0,,,0.0,CLE,1.0,1.0,1.0,1.0,1.0,1.5,2025,42400102,,1.0,4.0,5.0,0.8,0.475,0.325,0.6,2.0,3.0,0.667,0.378,0.288,0.4,2.0,2.0,1.0,0.538,0.462,0.2,1.0,1.0,1.0,0.603,0.397,0.4,2.0,2.0,1.0,0.574,0.426,0.6,2.0,3.0,0.667,0.386,0.281,2.0,1.0,1.0,1.0,0.0,0.0,0.0,0.0,0.0,0.0,0.0,0.0,0.0,0.0,0.0,0.0,0.0,0.0,0.0,0.0,0.0,10.0,0.0,0.0,0.0,0.0,0.0,0.0,0.0,0.0,0.0,0.0,0.0,0.0,0.0,0.0,0.0,0.0,0.0,9.85,4114.0,0.78,0.36,0.42,4.68,5.07,4.36,,,CLE,MIA,20250423,2024-25,True,CLE,MIA,,,1610612739.0,CLE,1610612739.0,CLE,1610612739.0,CLE,5.0,0.477,4.0,0.8,0.323,,0.0,0.0,0.0,0.0,1.0,1.0,0.0,0.0,1.0,0.0,0.0,1.0,1.0,14.7,0.0,14.7,0.0,0.0,1.0,1.0,1.0,0.0,1.0,1.0,0.0,CLE,0.0,0.0,0.36,0.42,4.68,5.07,0.78,4.36,9.85,4114.0,Isaac Okoro,1610612739.0,CLE,F-G,24.0,1.0,1.0,Isaac Okoro,1610612739.0,CLE,F-G,24.0,1.0,1.0,Isaac Okoro,1610612739.0,CLE,F-G,24.0,1.0,1.0,Isaac Okoro,1610612739.0,CLE,F-G,24.0,1.0,1.0,Isaac Okoro,1610612739.0,CLE,F-G,24.0,1.0,1.0,Isaac Okoro,1610612739.0,CLE,F-G,24.0,1.0,1.0,Isaac Okoro,24.0,1.0,9.9,Isaac Okoro,1.0,1.0,0.0,9.9,Isaac Okoro,1.0,1.0,0.0,9.85,,,,
1630171,Isaac Okoro,Isaac,1610612739,CLE,24.0,1,1,0,1.0,10.05,3,5,0.6,1,2,0.5,0,0,0.0,1,1,2,1,0,1,0,0,1,0,7,1,13.9,0,0,13.0,1,1,1,1,139,81,102,35,57,85,28,81,85,81,47,117,108,88,94,29,53,1,36,106,91,69,107,20,2,104,,20,105.0,105.0,6.0,95.2,15,20,0.217,44,47,19,81,3.0,9.8,0.0,0.219,19,119,51,47,95.2,0.0,5.0,0.2,0.7,71,0.077,1,99.6,97.91,0.143,95.43,9.8,61,1,112,43,81.59,135,0.7,112,31,97.91,49,119,60,38,105.6,81,0.19,0.0,116,16.7,31,102,0.1,0.0,1.0,0.0,2.0,0.1,0.1,2.0,11.0,10.0,0.0,1.0,0.0,0.0,0.0,0.0,2.0,0.0,0.0,0.0,0.5,0.0,1.0,0.0,0.0,0.0,0.0,15.0,1.333,0.0,0.0,1.0,10.0,1.32,0.467,0.8,0.0,7.0,0.3,3.0,0.5,1.0,1.0,1.0,0.333,1.0,13.7,0.0,1.0,0.0,4.9,1.0,0.5,3.0,1.0,0.667,0.5,9.3,1.0,0.0,1.0,0.0,4.0,1.0,0.0,0.2,0.0,0.0,1.0,0.0,1.0,0.0,0.0,,1.0,0.2,0.0,0.0,1.0,0.4,2.0,2.0,0.0,2.0,2.0,0.0,0.4,,0.0,1.0,1.0,,1.0,1.0,0.0,1.5,1.0,0.0,0.2,0.2,1.0,1.0,1.0,0.0,0.2,0.0,0.2,0.0,0.0,0.0,0.0,,0.0,1.0,0.0,0.0,1.0,,,,0.0,0.0,0.0,0.0,0.0,0.0,1.0,0.0,0.0,3.0,4.0,0.7,0.0,0.5,1.0,0.0,0.0,0.0,0.0,2.0,1.0,0.0,0.0,0.0,0.5,0.0,1.0,0.0,2.0,1.0,0.0,1.0,3.0,0.0,0.0,0.0,0.667,0.0,0.27,F-G,0.542,39.0,-0.084,72.0,0.625,,1.0,0.0,3.0,0.0,,0.0,0.0,0.667,0.0,0.0,0.0,2.0,0.0,0.0,0.0,0.0,0.5,0.0,2.0,,,0.0,0.0,,,0.0,CLE,1.0,0.5,2.0,1.0,2.0,0.75,2025,22400893,,1.0,1.0,3.0,0.333,0.426,-0.092,0.667,0.0,2.0,0.0,0.402,-0.402,0.333,1.0,1.0,1.0,0.564,0.436,,,,,,,0.333,1.0,1.0,1.0,0.592,0.408,0.667,0.0,2.0,0.0,0.4,-0.4,1.0,0.0,1.0,1.0,0.0,0.0,0.0,0.0,1.0,1.0,0.0,1.0,0.0,1.0,1.0,1.0,0.0,0.0,1.0,1.0,0.0,15.0,0.0,0.0,0.0,0.0,0.0,0.0,0.0,0.0,0.0,0.0,0.0,0.0,0.0,0.0,0.0,0.0,0.0,10.05,4432.0,0.84,0.44,0.4,4.57,4.51,4.63,,,CLE,MIA,20250305,2024-25,False,CLE,MIA,CLE,1610612739.0,1610612739.0,CLE,1610612739.0,CLE,1610612739.0,CLE,,,,,,,,,,,,,,,,,,,,,,,,,,,,,,,,,,,,,,,,,,,Isaac Okoro,1610612739.0,CLE,F-G,24.0,1.0,1.0,Isaac Okoro,1610612739.0,CLE,F-G,24.0,1.0,1.0,Isaac Okoro,1610612739.0,CLE,F-G,24.0,1.0,1.0,,,,,,,,Isaac Okoro,1610612739.0,CLE,F-G,24.0,1.0,1.0,Isaac Okoro,1610612739.0,CLE,F-G,24.0,1.0,1.0,Isaac Okoro,24.0,1.0,10.1,Isaac Okoro,1.0,1.0,0.0,10.1,Isaac Okoro,1.0,1.0,0.0,10.05,,,,
1630171,Isaac Okoro,Isaac,1610612739,CLE,24.0,1,1,0,1.0,18.416666666666668,3,6,0.5,0,2,0.0,0,0,0.0,1,4,5,1,1,0,0,0,1,0,6,10,12.5,0,0,12.0,1,1,1,1,126,85,111,68,109,107,109,109,119,109,52,49,52,116,70,110,61,1,51,136,113,38,134,10,1,124,,33,121.6,121.6,32.8,92.1,119,37,0.163,141,30,26,69,3.0,29.5,12.5,0.166,26,60,41,30,92.1,1.0,6.0,0.071,0.5,121,0.067,128,91.9,97.74,0.2,96.64,29.5,44,126,150,121,81.45,162,0.5,150,58,97.74,122,60,31,115,124.7,85,0.08,12.5,45,12.5,87,111,0.143,0.0,1.0,0.0,0.0,0.091,0.091,2.0,11.0,11.0,0.0,0.0,0.0,0.5,0.0,0.667,3.0,0.0,0.0,0.0,0.0,2.0,2.0,0.0,0.0,0.0,1.0,19.0,0.0,0.0,0.0,1.0,13.0,2.06,0.316,1.42,0.0,6.0,0.7,0.0,0.833,0.0,1.0,2.0,0.8,1.0,7.8,0.0,2.0,2.0,15.4,0.0,0.4,5.0,0.0,0.833,0.8,9.3,3.0,1.0,1.0,0.5,6.0,0.0,,,,,,,,,,,,,,,0.5,0.333,2.0,1.0,0.0,1.0,2.0,0.0,0.333,,0.0,0.5,0.5,1.0,2.0,0.0,2.0,1.0,0.0,2.0,0.333,0.0,,1.0,2.0,0.333,0.333,0.0,0.333,0.0,0.0,0.0,0.0,,0.0,2.0,0.0,0.0,2.0,0.0,0.0,0.0,0.0,2.0,0.0,0.0,1.0,0.0,0.0,0.0,0.0,0.0,0.0,0.5,0.0,0.0,0.0,0.0,0.0,0.0,0.0,1.0,1.0,0.0,0.0,0.0,0.0,1.0,0.0,0.0,3.0,0.0,0.0,0.0,3.0,0.0,1.0,0.0,1.0,0.0,0.273,F-G,0.603,38.0,-0.02,63.0,0.623,,0.0,0.0,3.0,0.0,0.0,0.0,1.0,1.0,0.0,1.0,0.0,1.0,0.0,0.0,0.0,0.0,0.0,0.0,3.0,,,0.0,0.0,0.0,0.0,0.0,CLE,0.0,0.0,1.0,0.0,1.0,0.0,2025,22400797,,1.0,2.0,3.0,0.667,0.351,0.316,1.0,2.0,3.0,0.667,0.339,0.328,,,,,,,,,,,,,,,,,,,1.0,2.0,3.0,0.667,0.332,0.334,0.0,0.0,0.0,0.0,0.0,0.0,0.0,0.0,0.0,0.0,0.0,0.0,0.0,1.0,1.0,1.0,1.0,0.0,1.0,1.0,1.0,19.0,0.0,0.0,0.0,0.0,0.0,0.0,0.0,0.0,0.0,0.0,0.0,0.0,0.0,0.0,0.0,0.0,0.0,18.42,7397.0,1.4,0.74,0.66,4.31,4.53,4.11,,,CLE,NYK,20250221,2024-25,False,CLE,NYK,,,1610612739.0,CLE,1610612739.0,CLE,1610612739.0,CLE,,,,,,,,,,,,,,,,,,,,,,,,,,,,,,,,,,,,,,,,,,,Isaac Okoro,1610612739.0,CLE,F-G,24.0,1.0,1.0,Isaac Okoro,1610612739.0,CLE,F-G,24.0,1.0,1.0,,,,,,,,,,,,,,,,,,,,,,Isaac Okoro,1610612739.0,CLE,F-G,24.0,1.0,1.0,Isaac Okoro,24.0,1.0,18.4,Isaac Okoro,1.0,1.0,0.0,18.4,Isaac Okoro,1.0,1.0,0.0,18.42,,,,
1630171,Isaac Okoro,Isaac,1610612739,CLE,23.0,1,1,0,1.0,19.365,3,7,0.429,2,4,0.5,1,2,0.5,1,0,1,0,0,1,0,1,0,1,9,-7,13.2,0,0,14.0,1,1,1,1,123,92,99,107,38,68,32,72,52,79,47,163,145,154,116,36,68,124,1,88,90,142,135,18,1,126,,84,102.6,102.6,-4.1,121.1,121,38,0.19,154,141,116,104,3.0,-18.4,0.0,0.199,116,148,163,141,121.1,0.0,7.0,0.0,0.571,154,0.05,1,113.5,94.19,0.0,94.39,-18.4,163,1,176,77,78.49,181,0.571,176,63,94.19,73,148,113,99,109.4,92,0.068,0.0,120,0.0,87,99,0.024,0.0,1.0,1.0,2.0,0.0,0.077,0.0,17.0,13.0,0.0,1.0,0.0,1.0,0.0,1.0,2.0,0.0,0.0,0.0,0.5,2.0,1.0,0.0,0.0,0.0,1.0,22.0,0.0,0.0,0.0,1.0,14.0,2.52,0.409,2.0,0.0,9.0,0.9,1.0,0.2,1.0,4.0,0.0,0.0,0.25,0.0,0.0,0.0,0.0,19.3,0.0,0.0,1.0,1.0,0.25,0.0,19.3,1.0,1.0,0.25,0.0,5.0,0.0,,,,,,,,,,,,,,,0.0,0.286,2.0,0.0,0.0,0.0,2.0,0.0,0.286,,0.0,0.0,0.0,1.0,2.0,1.0,1.0,0.5,0.0,1.0,0.286,0.143,0.0,0.5,1.0,0.143,0.429,1.0,0.429,0.0,0.0,0.667,0.667,,2.0,3.0,0.0,2.0,3.0,0.0,0.0,0.0,0.0,1.0,0.0,0.0,1.0,0.0,0.0,0.0,0.0,6.0,0.0,0.571,0.0,0.667,0.0,1.0,0.0,0.0,,2.0,2.0,,,0.5,0.5,0.0,0.0,0.0,1.0,0.0,0.0,1.0,3.0,0.0,2.0,0.5,0.333,1.0,0.238,F-G,0.8,8.0,0.196,10.0,0.604,0.0,2.0,0.0,3.0,,,0.0,0.0,0.333,0.0,0.0,0.0,4.0,0.0,0.0,,,0.5,0.0,1.0,0.0,0.0,0.0,0.0,,,0.0,CLE,2.0,0.667,3.0,2.0,3.0,1.0,2025,22400133,,1.0,5.0,6.0,0.833,0.413,0.42,0.333,2.0,2.0,1.0,0.315,0.685,0.667,3.0,4.0,0.75,0.5,0.25,0.333,2.0,2.0,1.0,0.642,0.358,0.5,3.0,3.0,1.0,0.555,0.445,0.333,2.0,2.0,1.0,0.319,0.681,1.0,1.0,0.0,1.0,0.0,0.0,0.0,0.0,2.0,2.0,0.0,1.0,0.0,0.0,0.0,0.0,0.0,0.0,0.0,0.0,0.0,22.0,0.0,0.0,0.0,0.0,0.0,0.0,0.0,0.0,0.0,0.0,0.0,0.0,0.0,0.0,0.0,0.0,0.0,19.37,7868.0,1.49,0.84,0.65,4.41,4.32,4.53,,,CLE,ORL,20241101,2024-25,False,CLE,ORL,,,1610612739.0,CLE,1610612739.0,CLE,1610612739.0,CLE,,,,,,,,,,,,,,,,,,,,,,,,,,,,,,,,,,,,,,,,,,,Isaac Okoro,1610612739.0,CLE,F-G,24.0,1.0,1.0,Isaac Okoro,1610612739.0,CLE,F-G,24.0,1.0,1.0,Isaac Okoro,1610612739.0,CLE,F-G,24.0,1.0,1.0,Isaac Okoro,1610612739.0,CLE,F-G,24.0,1.0,1.0,Isaac Okoro,1610612739.0,CLE,F-G,24.0,1.0,1.0,Isaac Okoro,1610612739.0,CLE,F-G,24.0,1.0,1.0,Isaac Okoro,24.0,1.0,19.4,Isaac Okoro,1.0,1.0,0.0,19.4,Isaac Okoro,1.0,1.0,0.0,19.37,,,,
1630171,Isaac Okoro,Isaac,1610612739,CLE,24.0,1,1,0,1.0,8.983333333333333,4,6,0.667,1,3,0.333,0,0,0.0,1,0,1,1,0,0,0,0,3,0,9,9,11.7,0,0,12.0,1,1,1,1,66,30,49,13,26,38,27,41,44,41,21,66,61,44,52,42,26,1,51,58,39,11,54,9,1,53,91.0,6,143.8,143.8,62.9,82.4,14,16,0.316,27,8,6,43,4.0,61.4,0.0,0.316,6,8,42,8,82.4,0.0,6.0,0.167,0.75,45,0.143,1,80.8,88.16,0.0,89.02,61.4,66,1,76,3,73.47,75,0.75,76,5,88.16,4,8,7,14,143.8,30,0.18,0.0,8,14.3,14,49,0.071,0.0,1.0,0.0,1.0,0.091,0.091,2.0,14.0,11.0,0.0,2.0,0.0,1.0,0.0,0.667,3.0,0.0,0.0,0.0,0.667,2.0,1.0,0.0,0.0,0.0,1.0,17.0,2.0,0.0,0.0,0.0,10.0,3.29,0.529,2.76,0.0,9.0,0.9,2.0,0.25,1.0,3.0,0.0,0.0,0.5,0.0,1.0,1.0,0.0,3.1,1.0,1.0,1.0,0.0,0.333,0.0,3.1,0.0,0.0,0.333,0.0,4.0,1.0,,,,,,,,,,,,,,,0.75,0.5,3.0,3.0,0.0,3.0,4.0,0.167,0.667,0.0,1.0,1.0,0.75,,,,,,,,,,,,,,0.333,0.75,0.333,0.0,0.0,0.5,0.5,,1.0,2.0,0.0,1.0,2.0,0.5,0.333,0.333,1.0,3.0,1.0,3.0,3.0,0.0,1.0,0.0,0.0,0.0,4.0,0.75,0.0,0.0,0.0,1.0,0.0,0.0,,1.0,1.0,,,0.0,0.0,0.0,0.0,0.0,3.0,0.0,0.0,0.0,3.0,0.0,2.0,0.5,1.0,0.0,0.091,F-G,1.0,1.0,0.396,1.0,0.604,,0.0,0.0,3.0,,,0.0,2.0,1.0,0.5,0.0,0.0,1.0,0.0,0.0,,,0.0,0.0,3.0,,,0.0,1.0,,,0.0,CLE,0.0,,0.0,0.0,0.0,,2025,42400103,,1.0,1.0,2.0,0.5,0.457,0.043,1.0,1.0,2.0,0.5,0.373,0.127,,,,,,,,,,,,,,,,,,,1.0,1.0,2.0,0.5,0.372,0.129,0.0,0.0,0.0,1.0,0.0,0.0,0.0,0.0,0.0,0.0,0.0,0.0,0.0,0.0,0.0,0.0,0.0,0.0,0.0,0.0,0.0,17.0,0.0,0.0,0.0,0.0,0.0,0.0,0.0,0.0,0.0,0.0,0.0,0.0,0.0,0.0,0.0,0.0,0.0,8.98,3787.0,0.72,0.39,0.33,4.28,4.41,4.13,,,MIA,CLE,20250426,2024-25,True,CLE,MIA,,,1610612739.0,CLE,1610612739.0,CLE,1610612739.0,CLE,2.0,0.457,1.0,0.5,0.044,,1.0,3.0,1.0,0.5,0.0,0.0,1.0,0.0,1.0,0.333,1.0,0.0,0.0,3.1,1.0,0.0,1.0,3.1,0.25,1.0,0.333,0.0,0.0,4.0,0.0,CLE,1.0,0.0,0.39,0.33,4.28,4.41,0.72,4.13,8.98,3787.0,Isaac Okoro,1610612739.0,CLE,F-G,24.0,1.0,1.0,Isaac Okoro,1610612739.0,CLE,F-G,24.0,1.0,1.0,,,,,,,,,,,,,,,,,,,,,,Isaac Okoro,1610612739.0,CLE,F-G,24.0,1.0,1.0,Isaac Okoro,24.0,1.0,9.0,Isaac Okoro,1.0,1.0,0.0,9.0,Isaac Okoro,1.0,1.0,0.0,8.98,,,,
1630171,Isaac Okoro,Isaac,1610612739,CLE,24.0,1,1,0,1.0,12.616666666666667,0,4,0.0,0,4,0.0,0,0,0.0,1,1,2,1,0,0,1,0,1,0,0,5,6.9,0,0,5.0,1,1,1,1,68,72,53,72,48,23,48,31,36,31,29,56,56,47,55,43,9,1,34,55,72,28,69,5,1,71,88.0,78,152.2,152.2,23.7,130.4,87,23,0.143,57,25,81,44,0.0,21.7,0.0,0.146,81,5,37,25,130.4,0.0,4.0,0.077,0.0,30,0.077,1,125.6,87.5,0.111,90.01,21.7,45,1,76,55,72.92,51,0.0,76,21,87.5,55,5,20,72,149.3,72,-0.031,0.0,6,20.0,72,53,0.091,0.0,1.0,0.0,2.0,0.083,0.083,3.0,11.0,12.0,0.0,0.0,0.0,0.0,0.0,0.0,0.0,0.0,0.0,0.0,0.0,0.0,0.0,0.0,0.0,0.0,0.0,16.0,0.0,0.0,0.0,0.0,11.0,1.34,0.0,0.75,0.0,0.0,0.4,0.0,0.667,0.0,2.0,0.0,1.0,0.5,2.2,0.0,1.0,1.0,19.7,0.0,0.5,1.0,0.0,0.667,1.0,10.9,1.0,1.0,0.5,1.0,3.0,0.0,,,,,,,,,,,,,,,,,,,,,,,,,,,,,,,,,,,,,,,,,1.0,0.0,1.0,0.0,0.0,0.0,0.0,,0.0,4.0,0.0,0.0,4.0,,,,0.0,0.0,0.0,0.0,0.0,0.0,0.0,0.0,0.0,0.0,0.0,0.0,0.0,0.0,0.0,0.0,0.0,0.0,,4.0,1.0,,,0.0,0.0,0.0,3.0,0.0,0.0,0.0,0.0,0.0,0.0,0.0,0.0,0.0,0.0,0.0,,,,,,,,0.0,0.0,0.0,0.0,,,0.0,0.0,0.0,0.0,0.0,0.0,4.0,0.0,0.0,,,0.0,0.0,0.0,0.0,0.0,0.0,0.0,,,0.0,CLE,0.0,0.0,4.0,0.0,4.0,0.0,2025,42400101,,1.0,2.0,4.0,0.5,0.475,0.025,0.5,1.0,2.0,0.5,0.393,0.108,0.5,1.0,2.0,0.5,0.565,-0.065,,,,,,,,,,,,,0.5,1.0,2.0,0.5,0.393,0.108,2.0,1.0,1.0,0.0,0.0,2.0,4.0,1.0,0.0,1.0,1.0,0.0,0.0,0.0,0.0,0.0,0.0,0.0,0.0,0.0,0.0,16.0,0.0,0.0,0.0,0.0,0.0,0.0,0.0,0.0,0.0,0.0,0.0,0.0,0.0,0.0,0.0,0.0,0.0,12.62,5528.0,1.05,0.54,0.51,4.47,4.61,4.34,,,CLE,MIA,20250420,2024-25,True,CLE,MIA,,,1610612739.0,CLE,1610612739.0,CLE,1610612739.0,CLE,4.0,0.475,2.0,0.5,0.025,,0.0,2.0,1.0,0.5,0.0,1.0,1.0,1.0,2.0,0.5,0.0,1.0,1.0,10.9,0.0,2.2,0.5,19.7,0.667,1.0,0.667,0.0,1.0,3.0,1.0,CLE,0.0,1.0,0.54,0.51,4.47,4.61,1.05,4.34,12.62,5528.0,Isaac Okoro,1610612739.0,CLE,F-G,24.0,1.0,1.0,Isaac Okoro,1610612739.0,CLE,F-G,24.0,1.0,1.0,Isaac Okoro,1610612739.0,CLE,F-G,24.0,1.0,1.0,,,,,,,,,,,,,,,Isaac Okoro,1610612739.0,CLE,F-G,24.0,1.0,1.0,Isaac Okoro,24.0,1.0,12.6,Isaac Okoro,1.0,1.0,0.0,12.6,Isaac Okoro,1.0,1.0,0.0,12.62,,,,
1630171,Isaac Okoro,Isaac,1610612739,CLE,24.0,1,1,0,1.0,3.733333333333333,0,1,0.0,0,0,0.0,1,2,0.5,0,0,0,0,0,1,0,0,1,1,1,-3,4.0,0,0,3.0,1,1,1,1,38,38,37,38,25,35,25,18,18,17,20,41,41,28,27,6,18,1,7,24,39,26,39,7,1,39,104.0,9,30.0,30.0,-30.4,66.7,43,10,0.182,28,38,9,19,0.0,-36.7,0.0,0.212,9,44,41,38,66.7,0.0,1.0,0.0,0.0,28,0.0,1,68.5,122.14,0.0,106.97,-36.7,41,1,3,22,101.79,17,0.266,3,20,122.14,17,44,37,35,38.1,38,-0.167,0.0,43,0.0,38,37,0.0,0.0,0.0,0.0,1.0,0.0,0.0,0.0,2.0,1.0,0.0,0.0,0.0,0.0,0.0,0.0,0.0,0.0,0.0,0.0,0.0,0.0,0.0,0.0,0.0,0.0,0.0,3.0,0.0,0.0,0.0,1.0,2.0,2.27,0.333,2.0,0.0,1.0,0.1,0.0,,,,,,,,,,,,,,,,,,,,,,,,,,,,,,,,,,,,,,,0.0,1.0,1.0,0.0,0.0,0.0,1.0,0.0,1.0,,0.0,0.0,0.0,,,,,,,,,,,,,,,,,,,,,,,,,,,,,,,0.0,0.0,0.0,,0.0,0.0,0.0,0.0,0.0,0.0,0.0,0.0,0.0,0.0,0.0,0.0,0.0,0.0,0.0,,0.0,0.0,,0.0,0.0,0.0,0.0,0.0,0.0,0.0,0.0,1.0,0.0,0.0,0.0,0.0,,0.286,F-G,0.667,4.0,0.009,6.0,0.658,,0.0,0.0,1.0,0.0,,0.0,0.0,0.0,0.0,0.0,,0.0,,0.0,0.0,0.0,0.0,0.0,0.0,,,0.0,0.0,,,,CLE,0.0,,,,0.0,,2025,42400203,,1.0,0.0,1.0,0.0,0.464,-0.464,1.0,0.0,1.0,0.0,0.405,-0.405,,,,,,,,,,,,,,,,,,,1.0,0.0,1.0,0.0,0.401,-0.401,1.0,0.0,1.0,1.0,0.0,0.0,0.0,0.0,0.0,0.0,0.0,0.0,0.0,1.0,1.0,1.0,0.0,0.0,1.0,1.0,0.0,3.0,0.0,0.0,0.0,0.0,0.0,0.0,0.0,0.0,0.0,0.0,0.0,0.0,0.0,0.0,0.0,0.0,0.0,3.73,1614.0,0.31,0.16,0.14,4.71,5.52,3.65,,,IND,CLE,20250509,2024-25,True,CLE,IND,,,1610612739.0,CLE,1610612739.0,CLE,1610612739.0,CLE,1.0,0.467,0.0,0.0,-0.467,,,,,,,,,,,,,,,,,,,,,,,,,,,,,,0.16,0.14,4.71,5.52,0.31,3.65,3.73,1614.0,Isaac Okoro,1610612739.0,CLE,F-G,24.0,1.0,1.0,Isaac Okoro,1610612739.0,CLE,F-G,24.0,1.0,1.0,,,,,,,,,,,,,,,,,,,,,,Isaac Okoro,1610612739.0,CLE,F-G,24.0,1.0,1.0,Isaac Okoro,24.0,1.0,3.7,Isaac Okoro,1.0,1.0,0.0,3.7,Isaac Okoro,1.0,1.0,0.0,3.73,,,,
1630171,Isaac Okoro,Isaac,1610612739,CLE,24.0,1,1,0,1.0,20.466666666666665,2,4,0.5,0,1,0.0,0,0,0.0,0,1,1,1,0,0,0,0,3,1,4,8,6.7,0,0,6.0,1,1,1,1,121,117,136,62,115,133,115,94,102,94,104,125,145,116,118,91,54,1,149,75,135,40,156,19,2,157,,75,125.5,125.5,22.4,113.3,165,47,0.078,140,56,90,103,2.0,12.2,0.0,0.082,90,59,164,56,113.3,0.0,4.0,0.053,0.5,84,0.0,1,109.2,107.88,0.043,107.37,12.2,153,1,40,174,89.9,37,0.5,40,104,107.88,175,59,42,113,131.6,117,0.01,0.0,34,20.0,91,136,0.023,0.0,1.0,0.0,1.0,0.125,0.125,2.0,9.0,8.0,0.0,3.0,0.0,0.0,0.0,0.0,3.0,0.0,0.0,0.0,1.0,0.0,0.0,0.333,0.0,1.0,0.0,13.0,1.0,0.0,0.0,1.0,9.0,1.72,0.308,1.0,0.0,4.0,0.4,4.0,0.25,0.0,0.0,1.0,0.25,0.0,3.8,0.0,0.0,0.0,0.0,0.0,0.0,4.0,0.0,0.25,0.25,3.8,1.0,0.0,0.0,0.0,4.0,0.0,,,,,,,,,,,,,,,0.5,0.5,2.0,1.0,0.0,1.0,2.0,0.0,0.5,,0.0,0.5,0.5,1.0,1.0,0.0,1.0,1.0,0.0,1.0,0.25,0.0,,1.0,1.0,0.25,0.25,0.0,0.25,0.0,0.0,0.0,0.0,,0.0,1.0,0.0,0.0,1.0,,,,0.0,0.0,0.0,0.0,0.0,0.0,1.0,0.0,0.0,0.0,4.0,0.5,0.0,0.0,0.0,0.0,0.0,0.0,,1.0,0.0,,,0.0,0.0,0.0,1.0,0.0,2.0,0.0,0.0,0.0,3.0,0.0,0.0,0.0,0.667,0.0,0.273,F-G,0.542,39.0,-0.083,72.0,0.625,0.0,0.0,0.0,3.0,,,0.0,0.0,0.667,0.0,0.0,0.0,1.0,0.0,0.0,,,0.0,0.0,2.0,0.0,0.0,0.0,0.0,,,0.0,CLE,0.0,0.0,1.0,0.0,1.0,0.0,2025,22400886,,1.0,2.0,5.0,0.4,0.444,-0.044,0.4,1.0,2.0,0.5,0.343,0.158,0.6,1.0,3.0,0.333,0.51,-0.177,0.2,0.0,1.0,0.0,0.565,-0.565,0.6,1.0,3.0,0.333,0.527,-0.194,0.4,1.0,2.0,0.5,0.341,0.16,4.0,3.0,1.0,1.0,0.0,0.0,0.0,0.0,0.0,0.0,0.0,0.0,0.0,0.0,0.0,0.0,0.0,0.0,0.0,0.0,0.0,13.0,0.0,0.0,0.0,0.0,0.0,0.0,0.0,0.0,0.0,0.0,0.0,0.0,0.0,0.0,0.0,0.0,0.0,20.47,8954.0,1.7,0.87,0.83,4.63,4.77,4.47,,,CHI,CLE,20250304,2024-25,False,CLE,CHI,,,1610612739.0,CLE,1610612739.0,CLE,1610612739.0,CLE,,,,,,,,,,,,,,,,,,,,,,,,,,,,,,,,,,,,,,,,,,,Isaac Okoro,1610612739.0,CLE,F-G,24.0,1.0,1.0,Isaac Okoro,1610612739.0,CLE,F-G,24.0,1.0,1.0,Isaac Okoro,1610612739.0,CLE,F-G,24.0,1.0,1.0,Isaac Okoro,1610612739.0,CLE,F-G,24.0,1.0,1.0,Isaac Okoro,1610612739.0,CLE,F-G,24.0,1.0,1.0,Isaac Okoro,1610612739.0,CLE,F-G,24.0,1.0,1.0,Isaac Okoro,24.0,1.0,20.5,Isaac Okoro,1.0,1.0,0.0,20.5,Isaac Okoro,1.0,1.0,0.0,20.47,,,,
1630171,Isaac Okoro,Isaac,1610612739,CLE,24.0,1,1,0,1.0,19.75,1,4,0.25,0,2,0.0,4,4,1.0,0,0,0,0,0,1,0,1,2,3,6,8,9.0,0,0,8.0,1,1,1,1,107,134,124,133,105,91,105,20,28,1,92,139,145,131,96,32,55,102,71,29,114,35,134,15,2,136,,26,117.5,117.5,19.4,97.5,136,40,0.128,131,35,28,89,1.0,20.0,0.0,0.126,28,78,145,35,97.5,0.0,4.0,0.0,0.25,131,0.0,1,95.7,97.22,0.0,99.16,20.0,139,1,92,120,81.01,80,0.521,92,92,97.22,124,78,36,101,115.1,134,0.026,0.0,83,0.0,139,124,0.0,0.0,0.0,0.0,0.0,0.0,0.0,0.0,9.0,8.0,0.0,0.0,0.0,0.5,0.0,1.0,2.0,0.0,0.0,0.0,0.0,2.0,2.0,0.0,0.0,0.0,1.0,14.0,0.0,1.0,0.0,0.0,9.0,2.23,0.429,1.5,0.0,6.0,0.5,0.0,,,,,,,,,,,,,,,,,,,,,,,,,,,,,,,,,,,,,,,0.0,0.25,1.0,0.0,0.0,0.0,1.0,0.0,0.25,,0.0,0.0,0.0,1.0,1.0,0.0,1.0,1.0,0.0,1.0,0.25,0.0,,1.0,1.0,0.25,0.5,0.0,0.5,0.0,0.0,0.0,0.0,,0.0,2.0,0.0,0.0,2.0,,,,0.0,0.0,0.0,0.0,0.0,0.0,0.0,0.0,0.0,0.0,0.0,0.25,0.0,0.0,0.0,0.0,1.0,0.0,0.0,0.0,0.0,0.0,0.0,0.0,0.0,0.0,0.0,0.0,1.0,0.0,0.0,0.0,1.0,0.0,2.0,0.0,1.0,0.0,0.261,F-G,0.536,45.0,-0.09,84.0,0.625,,0.0,0.0,2.0,0.0,0.0,0.0,2.0,0.5,0.0,0.0,0.0,0.0,0.0,0.0,0.0,0.0,0.0,0.0,1.0,,,0.0,0.0,0.0,0.0,0.0,CLE,0.0,0.0,2.0,0.0,2.0,0.0,2025,22401030,,1.0,1.0,7.0,0.143,0.445,-0.302,0.571,1.0,4.0,0.25,0.329,-0.079,0.429,0.0,3.0,0.0,0.571,-0.571,0.286,0.0,2.0,0.0,0.68,-0.68,0.429,0.0,3.0,0.0,0.593,-0.593,0.571,1.0,4.0,0.25,0.328,-0.078,3.0,2.0,1.0,0.0,0.0,0.0,0.0,0.0,1.0,1.0,0.0,1.0,0.0,0.0,0.0,0.0,0.0,0.0,0.0,0.0,0.0,14.0,1.0,0.0,0.0,0.0,0.0,0.0,0.0,0.0,0.0,1.0,1.0,0.0,0.0,0.0,0.0,0.0,0.0,19.75,7628.0,1.44,0.72,0.73,3.91,4.21,3.66,,,UTA,CLE,20250323,2024-25,False,CLE,UTA,,,1610612739.0,CLE,1610612739.0,CLE,1610612739.0,CLE,7.0,0.452,1.0,0.143,-0.309,,,,,,,,,,,,,,,,,,,,,,,,,,,,,,0.72,0.73,3.91,4.21,1.44,3.66,19.75,7628.0,Isaac Okoro,1610612739.0,CLE,F-G,24.0,1.0,1.0,Isaac Okoro,1610612739.0,CLE,F-G,24.0,1.0,1.0,Isaac Okoro,1610612739.0,CLE,F-G,24.0,1.0,1.0,Isaac Okoro,1610612739.0,CLE,F-G,24.0,1.0,1.0,Isaac Okoro,1610612739.0,CLE,F-G,24.0,1.0,1.0,Isaac Okoro,1610612739.0,CLE,F-G,24.0,1.0,1.0,Isaac Okoro,24.0,1.0,19.8,Isaac Okoro,1.0,1.0,0.0,19.8,Isaac Okoro,1.0,1.0,0.0,19.75,,,,
1630171,Isaac Okoro,Isaac,1610612739,CLE,23.0,1,1,0,1.0,28.716666666666665,4,4,1.0,2,2,1.0,0,1,0.0,2,4,6,4,0,1,1,0,1,1,10,12,29.2,0,0,26.0,1,1,1,1,48,49,92,1,25,68,1,64,65,64,20,32,25,23,86,19,16,1,21,62,55,12,39,12,1,44,,28,122.0,122.0,20.6,101.7,24,59,0.06,55,18,30,75,4.0,20.3,0.0,0.066,30,22,52,18,101.7,0.0,4.0,0.154,1.25,2,0.069,1,100.1,98.62,0.1,99.92,20.3,64,1,71,117,82.18,57,1.126,71,33,98.62,117,22,22,2,120.7,49,0.159,0.0,29,50.0,2,92,0.087,0.0,4.0,0.0,10.0,0.129,0.129,10.0,22.0,31.0,0.0,1.0,0.0,1.0,0.0,1.0,2.0,0.0,0.0,0.0,0.5,2.0,1.0,0.0,0.0,0.0,1.0,35.0,0.667,1.0,2.0,1.0,17.0,2.26,0.286,1.94,0.0,10.0,1.3,3.0,0.6,1.0,2.0,1.0,0.444,1.0,9.8,0.0,3.0,3.0,9.0,0.0,0.5,9.0,1.0,0.667,0.5,9.5,3.0,2.0,1.0,0.75,10.0,0.0,,,,,,,,,,,,,,,1.0,0.25,1.0,1.0,0.0,1.0,1.0,0.0,0.25,,0.0,1.0,1.0,,,,,,,,,,,,,,0.75,1.333,0.5,1.0,1.0,1.0,1.0,1.0,2.0,2.0,0.25,3.0,3.0,,,,0.0,0.0,0.0,0.0,0.0,0.0,1.0,1.0,2.0,6.0,2.0,1.25,0.0,1.0,0.0,0.0,0.0,0.0,0.0,2.0,2.0,0.0,0.0,1.0,1.0,0.0,0.0,0.0,2.0,0.0,0.0,2.0,2.0,0.0,0.0,0.0,1.0,2.0,0.281,F-G,0.59,23.0,-0.018,39.0,0.608,0.0,2.0,0.0,2.0,0.0,,0.0,0.0,1.0,0.0,0.0,0.0,2.0,0.0,0.0,0.0,0.0,1.0,0.0,2.0,0.0,0.0,0.0,0.0,,,0.0,CLE,2.0,1.0,2.0,2.0,2.0,1.5,2025,22400275,,1.0,10.0,20.0,0.5,0.474,0.026,0.5,3.0,10.0,0.3,0.347,-0.047,0.5,7.0,10.0,0.7,0.54,0.16,0.3,5.0,6.0,0.833,0.601,0.232,0.45,6.0,9.0,0.667,0.565,0.102,0.5,3.0,10.0,0.3,0.352,-0.052,4.0,2.0,2.0,4.0,0.0,2.0,5.0,0.0,2.0,2.0,0.0,1.0,0.0,0.0,0.0,0.0,0.0,0.0,0.0,0.0,0.0,35.0,1.0,0.0,0.0,0.0,0.0,0.0,0.0,0.0,0.0,1.0,1.0,0.0,0.0,0.0,0.0,0.0,0.0,28.72,12245.0,2.32,1.24,1.08,4.52,4.49,4.55,,,CLE,TOR,20241124,2024-25,False,CLE,TOR,,,1610612739.0,CLE,1610612739.0,CLE,1610612739.0,CLE,,,,,,,,,,,,,,,,,,,,,,,,,,,,,,,,,,,,,,,,,,,Isaac Okoro,1610612739.0,CLE,F-G,24.0,1.0,1.0,Isaac Okoro,1610612739.0,CLE,F-G,24.0,1.0,1.0,Isaac Okoro,1610612739.0,CLE,F-G,24.0,1.0,1.0,Isaac Okoro,1610612739.0,CLE,F-G,24.0,1.0,1.0,Isaac Okoro,1610612739.0,CLE,F-G,24.0,1.0,1.0,Isaac Okoro,1610612739.0,CLE,F-G,24.0,1.0,1.0,Isaac Okoro,24.0,1.0,28.7,Isaac Okoro,1.0,1.0,0.0,28.7,Isaac Okoro,1.0,1.0,0.0,28.72,,,,
1630171,Isaac Okoro,Isaac,1610612739,CLE,23.0,1,1,0,1.0,24.666666666666668,4,8,0.5,3,4,0.75,2,2,1.0,1,1,2,1,2,1,1,2,2,2,13,16,20.9,0,0,23.0,1,1,1,1,79,67,80,55,17,63,12,39,53,1,51,121,115,97,31,35,18,150,85,45,59,17,85,10,1,69,,39,126.4,126.4,27.9,100.0,91,53,0.177,124,20,46,84,4.0,26.4,16.7,0.178,46,40,137,20,100.0,0.5,8.0,0.059,0.688,121,0.036,130,95.9,101.19,0.042,104.42,26.4,139,130,88,82,84.32,67,0.732,88,74,101.19,84,40,17,41,123.8,67,0.087,16.8,41,8.3,41,80,0.038,0.0,1.0,0.0,4.0,0.056,0.056,2.0,20.0,18.0,0.0,1.0,0.0,0.0,0.0,0.0,1.0,0.0,0.0,0.0,1.0,0.0,0.0,0.0,0.0,0.0,0.0,28.0,0.0,0.0,0.0,0.0,20.0,1.49,0.464,1.0,0.0,13.0,0.7,2.0,0.25,1.0,7.0,1.0,1.0,0.167,17.4,1.0,1.0,0.0,10.3,1.0,0.5,1.0,0.0,0.286,1.0,13.9,1.0,0.0,0.143,0.0,8.0,1.0,0.0,0.25,0.0,0.0,2.0,0.0,1.0,0.0,0.0,,2.0,0.25,0.0,0.0,0.0,0.125,1.0,0.0,0.0,0.0,1.0,0.0,0.125,,0.0,0.0,0.0,1.0,1.0,0.0,1.0,1.0,0.0,1.0,0.125,0.0,,1.0,1.0,0.125,0.5,1.125,0.5,0.0,0.0,0.75,0.75,,3.0,4.0,0.0,3.0,4.0,,,,0.0,0.0,0.0,0.0,0.0,0.0,0.0,0.0,0.0,9.0,0.0,0.688,0.0,0.75,0.0,0.0,0.0,0.0,0.0,4.0,3.0,0.0,0.0,1.0,0.75,0.0,1.0,0.0,1.0,0.0,0.0,3.0,4.0,0.0,0.0,0.0,0.25,3.0,0.306,F-G,0.61,36.0,0.003,59.0,0.607,0.0,3.0,0.0,4.0,0.0,0.0,0.0,0.0,0.25,0.0,0.0,0.0,4.0,0.0,0.0,0.0,0.0,0.75,0.0,1.0,0.0,0.0,0.0,0.0,0.0,0.0,0.0,CLE,3.0,0.75,4.0,3.0,4.0,1.125,2025,22401208,,1.0,6.0,14.0,0.429,0.438,-0.01,0.643,2.0,9.0,0.222,0.327,-0.105,0.357,4.0,5.0,0.8,0.498,0.302,0.214,3.0,3.0,1.0,0.63,0.37,0.286,4.0,4.0,1.0,0.555,0.445,0.643,2.0,9.0,0.222,0.327,-0.105,5.0,1.0,4.0,1.0,0.0,0.0,0.0,0.0,1.0,1.0,0.0,1.0,0.0,0.0,0.0,0.0,0.0,0.0,0.0,0.0,0.0,28.0,0.0,0.0,0.0,0.0,0.0,0.0,0.0,0.0,0.0,0.0,0.0,0.0,0.0,0.0,0.0,0.0,0.0,24.67,10379.0,1.97,1.0,0.97,4.51,4.48,4.53,,,CLE,WAS,20241213,2024-25,False,CLE,WAS,CLE,1610612739.0,1610612739.0,CLE,1610612739.0,CLE,1610612739.0,CLE,,,,,,,,,,,,,,,,,,,,,,,,,,,,,,,,,,,,,,,,,,,Isaac Okoro,1610612739.0,CLE,F-G,24.0,1.0,1.0,Isaac Okoro,1610612739.0,CLE,F-G,24.0,1.0,1.0,Isaac Okoro,1610612739.0,CLE,F-G,24.0,1.0,1.0,Isaac Okoro,1610612739.0,CLE,F-G,24.0,1.0,1.0,Isaac Okoro,1610612739.0,CLE,F-G,24.0,1.0,1.0,Isaac Okoro,1610612739.0,CLE,F-G,24.0,1.0,1.0,Isaac Okoro,24.0,1.0,24.7,Isaac Okoro,1.0,1.0,0.0,24.7,Isaac Okoro,1.0,1.0,0.0,24.67,,,,
1630171,Isaac Okoro,Isaac,1610612739,CLE,23.0,1,1,0,1.0,19.516666666666666,4,5,0.8,2,3,0.667,2,2,1.0,1,0,1,1,0,1,0,0,2,1,12,20,17.7,0,0,18.0,1,1,1,1,82,49,80,8,25,52,15,40,50,1,30,105,94,69,94,35,51,1,47,75,47,8,75,11,4,72,,17,142.9,142.9,52.3,100.0,38,42,0.133,90,8,21,81,4.0,42.9,0.0,0.135,21,11,97,8,100.0,0.0,5.0,0.056,1.0,63,0.083,1,95.3,100.84,0.0,101.57,42.9,105,1,96,87,84.03,96,1.02,96,29,100.84,90,11,2,4,147.6,49,0.119,0.0,6,14.3,5,80,0.036,0.0,1.0,0.0,1.0,0.1,0.1,3.0,11.0,10.0,0.0,0.0,0.0,1.0,0.0,2.0,1.0,0.0,0.0,0.0,0.0,2.0,1.0,0.0,0.0,0.0,1.0,16.0,0.0,0.0,0.0,1.0,11.0,1.63,0.75,0.94,0.0,12.0,0.4,1.0,0.333,0.0,2.0,0.0,0.0,0.5,0.0,0.0,0.0,0.0,22.0,0.0,0.0,1.0,0.0,0.333,0.0,22.0,1.0,1.0,0.5,0.0,3.0,0.0,,,,,,,,,,,,,,,1.0,0.4,2.0,2.0,0.0,2.0,2.0,0.0,0.4,,0.0,1.0,1.0,,1.0,1.0,0.0,0.0,0.0,0.0,0.2,0.2,0.0,0.0,0.0,0.0,0.4,1.5,0.4,0.0,0.0,1.0,1.0,,2.0,2.0,0.0,2.0,2.0,,,,0.0,0.0,0.0,0.0,0.0,0.0,0.0,0.0,0.0,6.0,0.0,1.0,0.0,0.667,1.0,0.0,0.0,0.0,0.0,2.0,0.0,0.0,0.0,0.0,1.0,0.0,2.0,0.0,2.0,2.0,0.0,2.0,2.0,0.0,1.0,0.0,1.0,0.0,0.303,F-G,0.617,37.0,0.008,60.0,0.609,0.0,2.0,0.0,2.0,0.0,,0.0,1.0,1.0,0.0,0.0,0.0,2.0,0.0,0.0,0.0,0.0,1.0,0.0,2.0,0.0,0.0,0.0,0.0,,,0.0,CLE,2.0,0.667,3.0,2.0,3.0,1.0,2025,22401224,,1.0,1.0,5.0,0.2,0.446,-0.246,0.8,0.0,4.0,0.0,0.355,-0.355,0.2,1.0,1.0,1.0,0.565,0.435,0.2,1.0,1.0,1.0,0.673,0.327,0.2,1.0,1.0,1.0,0.605,0.395,0.8,0.0,4.0,0.0,0.357,-0.357,4.0,0.0,4.0,3.0,0.0,0.0,0.0,0.0,0.0,0.0,0.0,0.0,0.0,0.0,0.0,0.0,0.0,0.0,0.0,0.0,0.0,16.0,0.0,0.0,0.0,0.0,0.0,0.0,0.0,0.0,0.0,0.0,0.0,0.0,0.0,0.0,0.0,0.0,0.0,19.52,8016.0,1.52,0.78,0.74,4.32,4.56,4.06,,,BKN,CLE,20241216,2024-25,False,CLE,BKN,,,1610612739.0,CLE,1610612739.0,CLE,1610612739.0,CLE,,,,,,,,,,,,,,,,,,,,,,,,,,,,,,,,,,,,,,,,,,,Isaac Okoro,1610612739.0,CLE,F-G,24.0,1.0,1.0,Isaac Okoro,1610612739.0,CLE,F-G,24.0,1.0,1.0,Isaac Okoro,1610612739.0,CLE,F-G,24.0,1.0,1.0,Isaac Okoro,1610612739.0,CLE,F-G,24.0,1.0,1.0,Isaac Okoro,1610612739.0,CLE,F-G,24.0,1.0,1.0,Isaac Okoro,1610612739.0,CLE,F-G,24.0,1.0,1.0,Isaac Okoro,24.0,1.0,19.5,Isaac Okoro,1.0,1.0,0.0,19.5,Isaac Okoro,1.0,1.0,0.0,19.52,,,,
1630171,Isaac Okoro,Isaac,1610612739,CLE,24.0,1,0,1,0.0,12.2,1,4,0.25,1,3,0.333,0,0,0.0,0,0,0,2,2,1,0,1,2,0,3,7,7.0,0,0,8.0,1,43,43,43,73,56,58,62,32,40,31,52,54,52,45,74,75,30,11,15,27,58,41,61,61,22,70,6,1,65,,6,100.0,100.0,32.3,73.9,80,24,0.222,23,12,6,26,1.0,26.1,25.0,0.236,6,60,75,12,73.9,1.0,4.0,0.222,0.375,19,0.0,74,74.7,92.46,0.0,88.92,26.1,74,74,69,27,77.05,72,0.375,69,45,92.46,24,60,14,63,107.0,56,-0.035,25.0,45,25.0,55,58,0.0,0.0,2.0,0.0,2.0,0.333,0.333,5.0,9.0,6.0,0.0,0.0,1.0,0.0,0.0,0.0,1.0,0.0,0.0,1.0,0.0,0.0,0.0,0.0,0.0,0.0,0.0,12.0,0.0,0.0,0.0,0.0,8.0,2.21,0.25,1.67,0.0,3.0,0.4,1.0,,,,,,,,,,,,,,,,,,,,,,,,,0.0,0.25,0.0,0.0,1.0,0.0,1.0,0.0,0.0,,1.0,0.25,0.0,0.0,,,,,,,,,,,,,,,1.0,1.0,0.0,0.0,0.0,0.0,0.25,0.25,0.0,0.0,0.0,0.0,0.5,0.75,0.5,0.0,0.0,0.5,0.5,,1.0,2.0,0.0,1.0,2.0,0.0,0.0,0.0,0.0,2.0,0.0,0.0,2.0,0.0,0.0,0.0,0.0,3.0,0.0,0.375,0.0,1.0,1.0,0.0,0.0,0.0,0.0,1.0,0.0,0.0,0.0,0.0,1.0,0.0,1.0,0.0,0.0,1.0,0.0,1.0,1.0,0.0,2.0,0.0,0.0,0.0,0.261,F-G,0.532,42.0,-0.092,79.0,0.623,,1.0,0.0,1.0,0.0,,0.0,0.0,0.0,0.0,0.0,0.0,3.0,0.0,0.0,0.0,0.0,0.333,0.0,0.0,,,0.0,0.0,,,0.0,CLE,1.0,1.0,1.0,1.0,1.0,1.5,2025,22400997,,1.0,2.0,7.0,0.286,0.486,-0.2,0.286,0.0,2.0,0.0,0.378,-0.378,0.714,2.0,5.0,0.4,0.554,-0.154,0.429,1.0,3.0,0.333,0.619,-0.286,0.429,1.0,3.0,0.333,0.587,-0.254,0.429,0.0,3.0,0.0,0.389,-0.389,2.0,1.0,1.0,1.0,0.0,0.0,0.0,0.0,0.0,0.0,0.0,0.0,0.0,0.0,0.0,0.0,0.0,0.0,0.0,0.0,0.0,12.0,0.0,0.0,0.0,0.0,0.0,0.0,0.0,0.0,0.0,0.0,0.0,0.0,0.0,0.0,0.0,0.0,0.0,12.2,4824.0,0.91,0.4,0.51,4.07,4.45,3.81,,,LAC,CLE,20250318,2024-25,False,CLE,LAC,CLE,1610612739.0,1610612739.0,CLE,1610612739.0,CLE,1610612739.0,CLE,,,,,,,,,,,,,,,,,,,,,,,,,,,,,,,,,,,,,,,,,,,Isaac Okoro,1610612739.0,CLE,F-G,24.0,1.0,1.0,Isaac Okoro,1610612739.0,CLE,F-G,24.0,1.0,1.0,Isaac Okoro,1610612739.0,CLE,F-G,24.0,1.0,1.0,Isaac Okoro,1610612739.0,CLE,F-G,24.0,1.0,1.0,Isaac Okoro,1610612739.0,CLE,F-G,24.0,1.0,1.0,Isaac Okoro,1610612739.0,CLE,F-G,24.0,1.0,1.0,Isaac Okoro,24.0,1.0,12.2,Isaac Okoro,1.0,0.0,1.0,12.2,Isaac Okoro,1.0,0.0,1.0,12.2,,,,
1630171,Isaac Okoro,Isaac,1610612739,CLE,24.0,1,1,0,1.0,12.616666666666667,0,4,0.0,0,4,0.0,0,0,0.0,1,1,2,1,0,0,1,0,1,0,0,5,6.9,0,0,5.0,1,1,1,1,68,72,53,72,48,23,48,31,36,31,29,56,56,47,55,43,9,1,34,55,72,28,69,5,1,71,88.0,78,152.2,152.2,23.7,130.4,87,23,0.143,57,25,81,44,0.0,21.7,0.0,0.146,81,5,37,25,130.4,0.0,4.0,0.077,0.0,30,0.077,1,125.6,87.5,0.111,90.01,21.7,45,1,76,55,72.92,51,0.0,76,21,87.5,55,5,20,72,149.3,72,-0.031,0.0,6,20.0,72,53,0.091,0.0,1.0,0.0,2.0,0.083,0.083,3.0,11.0,12.0,0.0,0.0,0.0,0.0,0.0,0.0,0.0,0.0,0.0,0.0,0.0,0.0,0.0,0.0,0.0,0.0,0.0,16.0,0.0,0.0,0.0,0.0,11.0,1.34,0.0,0.75,0.0,0.0,0.4,0.0,0.667,0.0,2.0,0.0,1.0,0.5,2.2,0.0,1.0,1.0,19.7,0.0,0.5,1.0,0.0,0.667,1.0,10.9,1.0,1.0,0.5,1.0,3.0,0.0,,,,,,,,,,,,,,,,,,,,,,,,,,,,,,,,,,,,,,,,,1.0,0.0,1.0,0.0,0.0,0.0,0.0,,0.0,4.0,0.0,0.0,4.0,,,,0.0,0.0,0.0,0.0,0.0,0.0,0.0,0.0,0.0,0.0,0.0,0.0,0.0,0.0,0.0,0.0,0.0,0.0,,4.0,1.0,,,0.0,0.0,0.0,3.0,0.0,0.0,0.0,0.0,0.0,0.0,0.0,0.0,0.0,0.0,0.0,,,,,,,,0.0,0.0,0.0,0.0,,,0.0,0.0,0.0,0.0,0.0,0.0,4.0,0.0,0.0,,,0.0,0.0,0.0,0.0,0.0,0.0,0.0,,,0.0,CLE,0.0,0.0,4.0,0.0,4.0,0.0,2025,42400101,,,,,,,,0.5,1.0,2.0,0.5,0.394,0.107,0.5,1.0,2.0,0.5,0.565,-0.065,,,,,,,,,,,,,,,,,,,2.0,1.0,1.0,0.0,0.0,2.0,4.0,0.0,0.0,0.0,0.0,0.0,0.0,0.0,0.0,0.0,0.0,0.0,0.0,0.0,0.0,16.0,0.0,0.0,0.0,0.0,0.0,0.0,0.0,0.0,0.0,0.0,0.0,0.0,0.0,0.0,0.0,0.0,0.0,,,,,,,,,,,CLE,MIA,20250420,2024-25,True,CLE,MIA,,,,CLE,,CLE,,,4.0,0.475,2.0,0.5,0.025,,0.0,2.0,1.0,0.5,0.0,1.0,1.0,1.0,2.0,0.5,0.0,1.0,1.0,10.9,0.0,2.2,0.5,19.7,0.667,1.0,0.667,0.0,1.0,3.0,1.0,CLE,0.0,1.0,0.54,0.51,4.47,4.61,1.05,4.34,12.62,5528.0,,,,,,,,,,,,,,,,,,,,,,,,,,,,,,,,,,,,,,,,,,,,,,,,,,,,,,,,,,,,
1630171,Isaac Okoro,Isaac,1610612739,CLE,24.0,1,1,0,1.0,9.85,1,2,0.5,1,1,1.0,0,0,0.0,0,1,1,0,0,1,0,1,3,0,3,1,7.2,0,0,7.0,1,1,1,1,53,43,48,18,23,43,1,37,38,37,29,39,43,42,36,10,18,46,49,43,43,26,46,5,1,45,94.0,61,157.9,157.9,13.2,145.0,52,19,0.105,42,17,64,28,1.0,12.9,0.0,0.112,64,2,30,17,145.0,0.0,2.0,0.0,0.75,42,0.0,1,154.6,95.03,0.167,89.28,12.9,17,1,37,54,79.19,55,0.75,37,29,95.03,54,2,17,13,167.8,43,0.016,0.0,2,0.0,12,48,0.083,0.0,0.0,0.0,0.0,0.0,0.0,0.0,5.0,8.0,0.0,0.0,0.0,0.0,0.0,0.0,1.0,0.0,0.0,0.0,0.0,0.0,1.0,0.0,0.0,0.0,0.0,10.0,0.0,0.0,0.0,0.0,4.0,2.42,0.3,1.7,0.0,3.0,0.4,0.0,1.0,0.0,0.0,1.0,1.0,0.0,14.7,0.0,0.0,0.0,0.0,0.0,0.0,1.0,0.0,1.0,1.0,14.7,1.0,0.0,0.0,0.0,1.0,0.0,,,,,,,,,,,,,,,,,,,,,,,,,,,,0.0,1.0,0.0,0.0,0.0,0.0,1.0,0.5,0.0,,0.0,0.0,0.5,0.5,1.5,0.5,0.0,0.0,1.0,1.0,,1.0,1.0,0.0,1.0,1.0,,,,0.0,0.0,0.0,0.0,0.0,0.0,0.0,0.0,0.0,3.0,0.0,0.75,0.0,1.0,1.0,0.0,1.0,0.0,,1.0,,,,,1.0,0.0,1.0,0.0,,1.0,0.0,1.0,,0.0,0.0,0.0,,,0.111,F-G,1.0,1.0,0.4,1.0,0.6,0.0,1.0,0.0,0.0,,,0.0,0.0,0.0,0.0,1.0,0.0,1.0,0.0,0.0,,,1.0,0.0,0.0,0.0,0.0,0.0,0.0,,,0.0,CLE,1.0,1.0,1.0,1.0,1.0,1.5,2025,42400102,,,,,,,,0.6,2.0,3.0,0.667,0.383,0.283,0.4,2.0,2.0,1.0,0.538,0.462,0.2,1.0,1.0,1.0,0.6,0.4,0.4,2.0,2.0,1.0,0.571,0.429,,,,,,,2.0,1.0,1.0,1.0,0.0,0.0,0.0,0.0,0.0,0.0,0.0,0.0,0.0,0.0,0.0,0.0,0.0,0.0,0.0,0.0,0.0,10.0,0.0,0.0,0.0,0.0,0.0,0.0,0.0,0.0,0.0,0.0,0.0,0.0,0.0,0.0,0.0,0.0,0.0,,,,,,,,,,,CLE,MIA,20250423,2024-25,True,CLE,MIA,,,,CLE,,CLE,,,5.0,0.477,4.0,0.8,0.323,,0.0,0.0,0.0,0.0,1.0,1.0,0.0,0.0,1.0,0.0,0.0,1.0,1.0,14.7,0.0,14.7,0.0,0.0,1.0,1.0,1.0,0.0,1.0,1.0,0.0,CLE,0.0,0.0,0.36,0.42,4.68,5.07,0.78,4.36,9.85,4114.0,,,,,,,,,,,,,,,,,,,,,,,,,,,,,,,,,,,,,,,,,,,,,,,,,,,,,,,,,,,,
1630171,Isaac Okoro,Isaac,1610612739,CLE,24.0,1,1,0,1.0,8.983333333333333,4,6,0.667,1,3,0.333,0,0,0.0,1,0,1,1,0,0,0,0,3,0,9,9,11.7,0,0,12.0,1,1,1,1,66,30,49,13,26,38,27,41,44,41,21,66,61,44,52,42,26,1,51,58,39,11,54,9,1,53,91.0,6,143.8,143.8,62.9,82.4,14,16,0.316,27,8,6,43,4.0,61.4,0.0,0.316,6,8,42,8,82.4,0.0,6.0,0.167,0.75,45,0.143,1,80.8,88.16,0.0,89.02,61.4,66,1,76,3,73.47,75,0.75,76,5,88.16,4,8,7,14,143.8,30,0.18,0.0,8,14.3,14,49,0.071,0.0,1.0,0.0,1.0,0.091,0.091,2.0,14.0,11.0,0.0,2.0,0.0,1.0,0.0,0.667,3.0,0.0,0.0,0.0,0.667,2.0,1.0,0.0,0.0,0.0,1.0,17.0,2.0,0.0,0.0,0.0,10.0,3.29,0.529,2.76,0.0,9.0,0.9,2.0,0.25,1.0,3.0,0.0,0.0,0.5,0.0,1.0,1.0,0.0,3.1,1.0,1.0,1.0,0.0,0.333,0.0,3.1,0.0,0.0,0.333,0.0,4.0,1.0,,,,,,,,,,,,,,,0.75,0.5,3.0,3.0,0.0,3.0,4.0,0.167,0.667,0.0,1.0,1.0,0.75,,,,,,,,,,,,,,0.333,0.75,0.333,0.0,0.0,0.5,0.5,,1.0,2.0,0.0,1.0,2.0,0.5,0.333,0.333,1.0,3.0,1.0,3.0,3.0,0.0,1.0,0.0,0.0,0.0,4.0,0.75,0.0,0.0,0.0,1.0,0.0,0.0,,1.0,1.0,,,0.0,0.0,0.0,0.0,0.0,3.0,0.0,0.0,0.0,3.0,0.0,2.0,0.5,1.0,0.0,0.091,F-G,1.0,1.0,0.396,1.0,0.604,,0.0,0.0,3.0,,,0.0,2.0,1.0,0.5,0.0,0.0,1.0,0.0,0.0,,,0.0,0.0,3.0,,,0.0,1.0,,,0.0,CLE,0.0,,0.0,0.0,0.0,,2025,42400103,,,,,,,,1.0,1.0,2.0,0.5,0.374,0.127,,,,,,,,,,,,,,,,,,,,,,,,,1.0,0.0,1.0,1.0,0.0,0.0,0.0,0.0,0.0,0.0,0.0,0.0,0.0,0.0,0.0,0.0,0.0,0.0,0.0,0.0,0.0,17.0,0.0,0.0,0.0,0.0,0.0,0.0,0.0,0.0,0.0,0.0,0.0,0.0,0.0,0.0,0.0,0.0,0.0,,,,,,,,,,,MIA,CLE,20250426,2024-25,True,CLE,MIA,,,,CLE,,CLE,,,2.0,0.457,1.0,0.5,0.044,,1.0,3.0,1.0,0.5,0.0,0.0,1.0,0.0,1.0,0.333,1.0,0.0,0.0,3.1,1.0,0.0,1.0,3.1,0.25,1.0,0.333,0.0,0.0,4.0,0.0,CLE,1.0,0.0,0.39,0.33,4.28,4.41,0.72,4.13,8.98,3787.0,,,,,,,,,,,,,,,,,,,,,,,,,,,,,,,,,,,,,,,,,,,,,,,,,,,,,,,,,,,,
1630171,Isaac Okoro,Isaac,1610612739,CLE,24.0,1,1,0,1.0,12.966666666666669,2,3,0.667,2,3,0.667,0,0,0.0,0,1,1,0,1,0,0,0,0,0,6,12,6.2,0,0,9.0,1,1,1,1,32,23,36,4,9,23,2,24,27,24,25,28,32,32,15,22,13,1,1,34,23,12,37,4,1,34,97.0,11,134.6,134.6,50.4,88.5,20,26,0.143,32,9,11,22,2.0,46.2,25.0,0.145,11,8,34,9,88.5,0.0,3.0,0.0,1.0,32,0.0,38,86.7,96.25,0.059,96.32,46.2,30,38,18,32,80.21,21,1.0,18,25,96.25,33,8,9,2,137.1,23,0.108,25.0,9,0.0,1,36,0.038,0.0,2.0,2.0,0.0,0.0,0.25,0.0,10.0,8.0,0.0,0.0,1.0,0.0,0.0,0.0,1.0,0.0,0.0,1.0,0.0,0.0,0.0,0.0,0.0,0.0,0.0,13.0,0.0,0.0,0.0,0.0,9.0,2.78,0.462,2.15,0.0,6.0,0.6,0.0,0.333,0.0,2.0,1.0,1.0,0.0,15.6,0.0,0.0,0.0,0.0,0.0,0.0,1.0,0.0,0.333,1.0,15.6,1.0,0.0,0.0,0.0,3.0,0.0,,,,,,,,,,,,,,,,,,,,,,,,,,,,,1.0,1.0,0.0,0.0,0.0,0.0,0.333,0.333,0.0,0.0,0.0,0.0,0.667,1.5,0.667,0.0,0.0,1.0,1.0,,2.0,2.0,0.0,2.0,2.0,,,,0.0,0.0,0.0,0.0,0.0,0.0,0.0,0.0,0.0,6.0,0.0,1.0,0.0,0.667,1.0,1.0,0.0,0.0,0.0,1.0,0.0,0.0,0.0,0.0,1.0,0.0,1.0,0.0,0.0,1.0,0.0,1.0,0.0,0.0,2.0,0.5,0.0,0.0,0.133,F-G,1.0,2.0,0.347,2.0,0.653,0.0,1.0,0.0,0.0,0.0,0.0,0.0,1.0,0.0,1.0,0.0,0.0,2.0,0.0,0.0,0.0,0.0,0.5,0.0,0.0,0.0,0.0,0.0,1.0,0.0,0.0,0.0,CLE,2.0,0.667,3.0,2.0,3.0,1.0,2025,42400104,,,,,,,,0.75,0.0,3.0,0.0,0.375,-0.375,0.25,1.0,1.0,1.0,0.633,0.367,0.25,1.0,1.0,1.0,0.703,0.297,0.25,1.0,1.0,1.0,0.661,0.339,,,,,,,2.0,0.0,2.0,0.0,0.0,1.0,3.0,0.0,0.0,0.0,0.0,0.0,0.0,0.0,0.0,0.0,0.0,0.0,0.0,0.0,0.0,13.0,0.0,0.0,0.0,0.0,0.0,0.0,0.0,0.0,0.0,0.0,0.0,0.0,0.0,0.0,0.0,0.0,0.0,,,,,,,,,,,MIA,CLE,20250428,2024-25,True,CLE,MIA,,,,CLE,,CLE,,,4.0,0.468,1.0,0.25,-0.218,,0.0,2.0,0.0,0.0,1.0,1.0,0.0,0.0,1.0,0.0,0.0,1.0,1.0,15.6,0.0,15.6,0.0,0.0,0.333,1.0,0.333,0.0,1.0,3.0,0.0,CLE,0.0,0.0,0.51,0.48,4.38,4.47,0.99,4.29,12.97,5205.0,,,,,,,,,,,,,,,,,,,,,,,,,,,,,,,,,,,,,,,,,,,,,,,,,,,,,,,,,,,,
1630171,Isaac Okoro,Isaac,1610612739,CLE,24.0,1,0,1,0.0,15.018333333333333,1,4,0.25,0,2,0.0,0,0,0.0,2,0,2,2,0,0,0,1,0,0,2,3,7.4,0,0,6.0,1,24,24,24,28,27,29,29,24,21,24,19,20,19,4,32,29,15,24,19,17,23,1,26,30,15,30,6,1,30,100.0,13,115.6,115.6,12.9,100.0,29,32,0.111,16,11,10,20,1.0,15.6,0.0,0.11,10,13,26,11,100.0,0.0,4.0,0.143,0.25,3,0.111,1,102.0,105.47,0.0,104.7,15.6,32,1,5,33,87.89,2,0.25,5,3,105.47,33,13,12,32,114.9,27,0.031,0.0,12,33.3,31,29,0.061,0.0,2.0,0.0,2.0,0.4,0.4,4.0,7.0,5.0,0.0,1.0,0.0,0.0,0.0,0.0,2.0,0.0,0.0,0.0,0.5,0.0,1.0,0.5,0.0,1.0,0.0,9.0,1.0,0.0,0.0,0.0,6.0,2.85,0.222,2.78,0.0,2.0,0.4,2.0,0.5,1.0,3.0,0.0,0.0,0.667,0.0,0.0,1.0,0.0,3.2,0.5,0.5,1.0,1.0,0.667,0.0,3.2,1.0,1.0,0.667,0.0,4.0,1.0,1.0,0.5,0.5,0.5,2.0,0.0,1.0,1.0,0.0,,2.0,0.5,0.5,0.0,,,,,,,,,,,,,,,,,,,,,,,,,,,0.5,0.0,0.5,0.0,0.0,0.0,0.0,,0.0,2.0,0.0,0.0,2.0,,,,0.0,0.0,0.0,0.0,0.0,0.0,1.0,0.0,0.0,0.0,2.0,0.25,0.0,0.0,0.0,0.0,0.0,0.0,,2.0,1.0,,,0.0,0.0,0.0,1.0,0.0,1.0,0.0,0.0,0.0,2.0,0.0,0.0,0.0,0.5,0.0,0.222,F-G,0.5,2.0,-0.14,4.0,0.64,0.0,0.0,0.0,2.0,,,0.0,0.0,0.5,0.0,0.0,0.0,2.0,0.0,0.0,,,0.0,0.0,1.0,0.0,0.0,0.0,0.0,,,0.0,CLE,0.0,0.0,2.0,0.0,2.0,0.0,2025,42400201,,,,,,,,0.333,0.0,1.0,0.0,0.447,-0.447,0.667,0.0,2.0,0.0,0.552,-0.552,0.667,0.0,2.0,0.0,0.627,-0.627,0.667,0.0,2.0,0.0,0.591,-0.591,,,,,,,2.0,1.0,1.0,1.0,0.0,1.0,2.0,0.0,0.0,0.0,0.0,0.0,0.0,2.0,2.0,2.0,0.0,0.0,1.0,1.0,0.0,9.0,0.0,0.0,0.0,0.0,0.0,0.0,0.0,0.0,0.0,0.0,0.0,0.0,0.0,0.0,0.0,0.0,0.0,,,,,,,,,,,CLE,IND,20250504,2024-25,True,CLE,IND,CLE,,,CLE,,CLE,,,3.0,0.494,0.0,0.0,-0.494,,0.5,3.0,2.0,0.667,0.0,0.0,1.0,0.0,2.0,0.667,1.0,1.0,0.0,3.2,1.0,0.0,0.5,3.2,0.5,1.0,0.667,1.0,0.0,4.0,0.0,CLE,0.0,1.0,0.57,0.64,4.51,4.87,1.21,4.21,15.02,6388.0,,,,,,,,,,,,,,,,,,,,,,,,,,,,,,,,,,,,,,,,,,,,,,,,,,,,,,,,,,,,
1630171,Isaac Okoro,Isaac,1610612739,CLE,24.0,1,0,1,0.0,29.453333333333333,1,2,0.5,0,1,0.0,3,4,0.75,0,2,2,1,0,2,0,0,2,2,5,1,14.9,0,0,12.0,1,24,24,24,18,26,32,10,20,26,20,9,12,12,26,19,24,19,25,3,13,1,18,16,24,15,25,5,1,26,102.0,28,125.8,125.8,8.1,120.3,28,62,0.056,26,15,27,21,1.0,5.5,0.0,0.053,27,3,32,15,120.3,0.0,2.0,0.042,0.5,14,0.0,1,114.9,102.67,0.069,106.32,5.5,23,1,12,34,85.56,5,0.665,12,26,102.67,35,3,15,9,123.0,26,0.047,0.0,5,20.0,16,32,0.035,0.0,1.0,0.0,3.0,0.059,0.059,2.0,15.0,17.0,4.0,0.0,0.0,0.0,1.0,1.5,2.0,3.0,2.0,0.0,0.0,3.0,0.0,0.0,0.75,0.0,0.0,24.0,0.667,0.0,0.0,0.0,8.0,3.49,0.208,2.96,0.0,5.0,1.4,3.0,0.286,1.0,3.0,2.0,0.5,0.0,11.4,0.0,0.0,0.0,0.0,0.0,0.0,4.0,1.0,0.333,0.667,11.4,2.0,0.0,0.0,0.0,7.0,0.0,,,,,,,,,,,,,,,1.0,0.5,1.0,1.0,0.0,1.0,1.0,0.0,0.5,,0.0,1.0,1.0,,,,,,,,,,,,,,0.5,0.0,0.5,0.0,0.0,0.0,0.0,,0.0,1.0,0.0,0.0,1.0,,,,0.0,0.0,0.0,0.0,0.0,0.0,1.0,0.0,0.0,0.0,2.0,0.5,0.0,0.0,0.0,0.0,0.0,0.0,0.0,0.0,0.0,0.0,0.0,0.0,0.0,0.0,0.0,0.0,1.0,0.0,0.0,0.0,1.0,0.0,1.0,0.0,1.0,0.0,0.3,F-G,0.667,4.0,0.009,6.0,0.658,0.0,0.0,0.0,1.0,0.0,,0.0,1.0,1.0,0.0,0.0,0.0,0.0,0.0,0.0,0.0,0.0,0.0,0.0,1.0,0.0,0.0,0.0,0.0,,,0.0,CLE,0.0,0.0,1.0,0.0,1.0,0.0,2025,42400202,,,,,,,,,,,,,,1.0,2.0,2.0,1.0,0.575,0.425,1.0,2.0,2.0,1.0,0.691,0.31,1.0,2.0,2.0,1.0,0.628,0.373,,,,,,,2.0,2.0,0.0,2.0,0.0,2.0,4.0,0.0,0.0,0.0,0.0,0.0,0.0,0.0,0.0,0.0,0.0,0.0,0.0,0.0,0.0,24.0,0.0,0.0,0.0,0.0,0.0,0.0,0.0,0.0,0.0,0.0,0.0,0.0,0.0,0.0,0.0,0.0,0.0,,,,,,,,,,,CLE,IND,20250506,2024-25,True,CLE,IND,,,,CLE,,CLE,,,2.0,0.478,2.0,1.0,0.522,,0.0,3.0,0.0,0.0,2.0,0.667,0.0,0.0,2.0,0.0,1.0,2.0,0.5,11.4,0.0,11.4,0.0,0.0,0.286,4.0,0.333,1.0,2.0,7.0,0.0,CLE,0.0,0.0,1.22,1.25,4.62,4.59,2.47,4.65,29.45,13029.0,,,,,,,,,,,,,,,,,,,,,,,,,,,,,,,,,,,,,,,,,,,,,,,,,,,,,,,,,,,,
1630171,Isaac Okoro,Isaac,1610612739,CLE,24.0,1,1,0,1.0,3.733333333333333,0,1,0.0,0,0,0.0,1,2,0.5,0,0,0,0,0,1,0,0,1,1,1,-3,4.0,0,0,3.0,1,1,1,1,38,38,37,38,25,35,25,18,18,17,20,41,41,28,27,6,18,1,7,24,39,26,39,7,1,39,104.0,9,30.0,30.0,-30.4,66.7,43,10,0.182,28,38,9,19,0.0,-36.7,0.0,0.212,9,44,41,38,66.7,0.0,1.0,0.0,0.0,28,0.0,1,68.5,122.14,0.0,106.97,-36.7,41,1,3,22,101.79,17,0.266,3,20,122.14,17,44,37,35,38.1,38,-0.167,0.0,43,0.0,38,37,0.0,0.0,0.0,0.0,1.0,0.0,0.0,0.0,2.0,1.0,0.0,0.0,0.0,0.0,0.0,0.0,0.0,0.0,0.0,0.0,0.0,0.0,0.0,0.0,0.0,0.0,0.0,3.0,0.0,0.0,0.0,1.0,2.0,2.27,0.333,2.0,0.0,1.0,0.1,0.0,,,,,,,,,,,,,,,,,,,,,,,,,,,,,,,,,,,,,,,0.0,1.0,1.0,0.0,0.0,0.0,1.0,0.0,1.0,,0.0,0.0,0.0,,,,,,,,,,,,,,,,,,,,,,,,,,,,,,,0.0,0.0,0.0,,0.0,0.0,0.0,0.0,0.0,0.0,0.0,0.0,0.0,0.0,0.0,0.0,0.0,0.0,0.0,,0.0,0.0,,0.0,0.0,0.0,0.0,0.0,0.0,0.0,0.0,1.0,0.0,0.0,0.0,0.0,,0.286,F-G,0.667,4.0,0.009,6.0,0.658,,0.0,0.0,1.0,0.0,,0.0,0.0,0.0,0.0,0.0,,0.0,,0.0,0.0,0.0,0.0,0.0,0.0,,,0.0,0.0,,,,CLE,0.0,,,,0.0,,2025,42400203,,,,,,,,1.0,0.0,1.0,0.0,0.409,-0.409,,,,,,,,,,,,,,,,,,,,,,,,,1.0,0.0,1.0,1.0,0.0,0.0,0.0,0.0,0.0,0.0,0.0,0.0,0.0,1.0,1.0,1.0,0.0,0.0,1.0,1.0,0.0,3.0,0.0,0.0,0.0,0.0,0.0,0.0,0.0,0.0,0.0,0.0,0.0,0.0,0.0,0.0,0.0,0.0,0.0,,,,,,,,,,,IND,CLE,20250509,2024-25,True,CLE,IND,,,,CLE,,CLE,,,1.0,0.467,0.0,0.0,-0.467,,,,,,,,,,,,,,,,,,,,,,,,,,,,,,0.16,0.14,4.71,5.52,0.31,3.65,3.73,1614.0,,,,,,,,,,,,,,,,,,,,,,,,,,,,,,,,,,,,,,,,,,,,,,,,,,,,,,,,,,,,
1630171,Isaac Okoro,Isaac,1610612739,CLE,24.0,1,0,1,0.0,18.85,5,6,0.833,2,2,1.0,1,2,0.5,0,2,2,0,2,1,0,0,2,1,13,15,16.4,0,0,19.0,1,25,25,25,26,7,28,3,6,26,1,24,16,24,26,20,26,31,8,7,11,1,18,26,11,6,24,3,1,20,101.0,16,127.5,127.5,38.9,92.3,15,40,0.196,31,11,18,23,5.0,35.2,22.2,0.201,18,11,29,11,92.3,0.0,6.0,0.0,1.0,31,0.0,40,91.4,100.58,0.091,100.02,35.2,25,40,28,20,83.82,19,0.945,28,26,100.58,20,11,10,3,130.2,7,0.137,22.5,11,0.0,2,28,0.053,0.0,0.0,0.0,0.0,0.0,0.0,0.0,12.0,11.0,0.0,0.0,0.0,0.667,0.0,1.333,3.0,0.0,0.0,0.0,0.0,4.0,3.0,0.0,0.0,0.0,2.0,20.0,0.0,0.0,0.0,1.0,9.0,2.33,0.65,1.95,0.0,13.0,0.8,1.0,1.0,0.0,0.0,2.0,1.0,0.0,10.2,0.0,0.0,0.0,0.0,0.0,0.0,2.0,0.0,1.0,1.0,10.2,2.0,0.0,0.0,0.0,2.0,0.0,2.0,0.333,1.0,1.0,2.0,0.0,1.0,2.0,0.0,,2.0,0.333,1.0,0.0,0.0,0.167,1.0,0.0,0.0,0.0,1.0,0.0,0.167,,0.0,0.0,0.0,,,,,,,,,,,,,,0.5,1.333,0.333,1.0,1.0,1.0,1.0,1.0,2.0,2.0,0.167,3.0,3.0,,,,0.0,0.0,0.0,0.0,0.0,0.0,0.0,0.0,0.0,6.0,0.0,1.0,0.0,1.0,1.0,0.0,3.0,3.0,0.0,2.0,1.0,0.0,0.0,1.0,1.0,1.0,1.0,0.0,0.0,1.0,0.0,2.0,0.0,1.0,0.0,0.0,0.0,1.0,0.276,F-G,0.75,6.0,0.099,8.0,0.651,,2.0,3.0,0.0,0.0,0.0,1.0,0.0,0.0,0.0,3.0,0.0,2.0,0.0,0.0,0.0,0.0,1.0,0.0,0.0,,,1.0,0.0,0.0,0.0,0.0,CLE,2.0,1.0,2.0,2.0,2.0,1.5,2025,42400204,,,,,,,,0.5,1.0,4.0,0.25,0.365,-0.115,0.5,2.0,4.0,0.5,0.619,-0.119,0.25,2.0,2.0,1.0,0.63,0.37,0.25,2.0,2.0,1.0,0.598,0.402,,,,,,,6.0,2.0,4.0,2.0,0.0,2.0,4.0,1.0,1.0,2.0,0.5,0.5,0.0,0.0,0.0,0.0,0.0,0.0,0.0,0.0,0.0,20.0,0.0,0.0,0.0,0.0,0.0,0.0,0.0,0.0,0.0,0.0,0.0,0.0,0.0,0.0,0.0,0.0,0.0,,,,,,,,,,,IND,CLE,20250511,2024-25,True,CLE,IND,CLE,,,CLE,,CLE,,,8.0,0.481,3.0,0.375,-0.106,,0.0,0.0,0.0,0.0,2.0,1.0,0.0,0.0,2.0,0.0,0.0,2.0,1.0,10.2,0.0,10.2,0.0,0.0,1.0,2.0,1.0,0.0,2.0,2.0,0.0,CLE,0.0,0.0,0.8,0.77,4.66,5.14,1.58,4.27,18.85,8320.0,,,,,,,,,,,,,,,,,,,,,,,,,,,,,,,,,,,,,,,,,,,,,,,,,,,,,,,,,,,,
1630171,Isaac Okoro,Isaac,1610612739,CLE,24.0,1,0,1,0.0,16.133333333333333,1,2,0.5,0,0,0.0,0,0,0.0,0,0,0,0,1,1,0,0,1,0,2,2,4.0,0,0,4.0,1,22,22,22,26,25,31,13,24,33,24,20,22,20,23,35,35,29,16,8,14,1,7,29,32,12,36,4,1,36,100.0,14,108.3,108.3,16.1,102.8,33,36,0.081,29,13,13,21,1.0,5.6,33.3,0.087,13,22,35,13,102.8,0.0,2.0,0.0,0.5,29,0.0,35,100.4,107.11,0.0,104.61,5.6,35,35,4,34,89.26,10,0.5,4,23,107.11,34,22,8,21,116.5,25,0.0,33.3,11,0.0,16,31,0.0,0.0,0.0,0.0,2.0,0.0,0.0,0.0,12.0,11.0,0.0,1.0,1.0,0.5,0.0,0.5,4.0,0.0,0.0,0.25,0.25,2.0,2.0,0.0,0.0,0.0,1.0,15.0,0.0,0.0,0.0,0.0,8.0,3.57,0.133,3.73,0.0,2.0,0.9,0.0,,,,,,,,,,,,,,,,,,,,,,,,,,,,,,,,,,,,,,,0.5,1.0,2.0,1.0,0.0,1.0,2.0,0.0,1.0,,0.0,0.5,0.5,,,,,,,,,,,,,,,,,,,,,,,,,,,,,,,0.0,0.0,0.0,,0.0,0.0,0.0,0.0,0.0,0.0,0.5,0.0,0.0,0.0,0.0,1.0,1.0,0.0,0.0,0.0,0.0,0.0,0.0,0.0,0.0,0.0,0.0,0.0,0.0,0.0,0.0,1.0,1.0,0.0,0.0,0.0,0.0,0.25,F-G,0.75,6.0,0.099,8.0,0.651,0.0,0.0,1.0,1.0,0.0,0.0,1.0,0.0,0.0,0.0,1.0,0.0,0.0,0.0,0.0,0.0,0.0,0.0,0.0,0.0,0.0,0.0,0.0,0.0,0.0,0.0,0.0,CLE,0.0,,,,0.0,,2025,42400205,,,,,,,,0.667,1.0,2.0,0.5,0.338,0.162,0.333,1.0,1.0,1.0,0.527,0.473,,,,,,,0.333,1.0,1.0,1.0,0.572,0.428,,,,,,,2.0,1.0,1.0,1.0,0.0,1.0,2.0,0.0,1.0,1.0,0.0,1.0,0.0,1.0,1.0,1.0,0.0,0.0,1.0,1.0,0.0,15.0,0.0,0.0,0.0,0.0,0.0,0.0,0.0,0.0,0.0,0.0,0.0,0.0,0.0,0.0,0.0,0.0,0.0,,,,,,,,,,,CLE,IND,20250513,2024-25,True,CLE,IND,,,,CLE,,CLE,,,3.0,0.449,2.0,0.667,0.218,,,,,,,,,,,,,,,,,,,,,,,,,,,,,,0.64,0.75,4.86,4.53,1.39,4.51,16.13,7328.0,,,,,,,,,,,,,,,,,,,,,,,,,,,,,,,,,,,,,,,,,,,,,,,,,,,,,,,,,,,,
1630171,Isaac Okoro,Isaac,1610612741,CHI,24.0,1,1,0,1.0,22.516666666666666,0,2,0.0,0,0,0.0,0,0,0.0,1,4,5,4,2,0,0,1,5,3,0,17,10.0,0,0,9.0,1,1,1,1,135,227,215,227,152,207,152,158,165,158,68,57,72,44,43,132,97,168,244,61,235,12,198,18,1,201,,53,139.1,139.1,33.5,102.2,246,46,0.074,77,24,63,41,0.0,37.0,25.0,0.075,63,16,94,24,102.2,2.0,2.0,0.182,0.0,5,0.05,243,101.3,98.06,0.138,100.06,37.0,105,243,229,237,81.72,216,0.0,229,99,98.06,239,16,25,235,134.8,227,-0.005,25.0,20,50.0,227,215,0.102,0.0,4.0,0.0,3.0,0.222,0.222,9.0,11.0,18.0,0.0,2.0,0.0,0.0,0.0,0.0,3.0,0.0,0.0,0.0,0.667,0.0,1.0,0.667,0.0,2.0,0.0,23.0,0.0,0.0,0.0,1.0,11.0,1.65,0.0,0.83,0.0,0.0,0.6,4.0,0.625,0.0,3.0,2.0,0.667,0.333,10.1,0.0,3.0,2.0,1.8,1.0,0.6,6.0,0.0,0.625,0.667,8.4,2.0,0.0,0.333,0.5,8.0,1.0,,,,,,,,,,,,,,,0.0,0.5,1.0,0.0,0.0,0.0,1.0,0.0,0.5,,0.0,0.0,0.0,0.0,1.0,0.0,0.0,0.0,0.0,1.0,0.5,0.0,,0.0,0.0,0.5,,,,,,,,,,,,,,,,,,0.0,0.0,0.0,,0.0,0.0,0.0,0.0,0.0,0.0,0.0,0.0,0.0,0.0,0.0,0.0,0.0,0.0,0.0,0.0,0.0,0.0,0.0,0.0,1.0,0.0,0.0,0.0,0.0,0.0,0.0,1.0,0.0,0.0,0.0,0.0,0.0,0.167,F-G,1.0,2.0,0.397,2.0,0.604,0.0,0.0,0.0,1.0,0.0,0.0,0.0,0.0,0.0,0.0,0.0,0.0,0.0,0.0,0.0,0.0,0.0,0.0,0.0,0.0,0.0,0.0,1.0,0.0,0.0,0.0,0.0,CHI,0.0,,,,0.0,,2026,22500084,,,,,,,,0.5,1.0,6.0,0.167,0.306,-0.139,0.5,3.0,6.0,0.5,0.533,-0.033,0.167,2.0,2.0,1.0,0.604,0.397,0.167,2.0,2.0,1.0,0.591,0.41,0.667,1.0,8.0,0.125,0.34,-0.215,2.0,1.0,1.0,3.0,1.0,0.0,0.0,0.0,0.0,0.0,0.0,0.0,0.0,2.0,2.0,2.0,1.0,0.0,1.0,1.0,0.5,23.0,0.0,0.0,0.0,0.0,0.0,0.0,0.0,0.0,0.0,0.0,0.0,0.0,0.0,0.0,0.0,0.0,0.0,,,,,,,,,,,CHI,DET,20251022,2025-26,False,CHI,DET,,,,CHI,,CHI,,,12.0,0.465,4.0,0.333,-0.132,,,,,,,,,,,,,,,,,,,,,,,,,,,,,,0.8,0.8,4.48,4.59,1.6,4.37,22.5,8681.0,,,,,,,,,,,,,,,,,,,,,,,,,,,,,,,,,,,,,,,,,,,,,,,,,,,,,,,,,1.0,,DET,1610612765.0
1630171,Isaac Okoro,Isaac,1610612741,CHI,24.0,1,1,0,1.0,21.591666666666665,0,6,0.0,0,3,0.0,0,0,0.0,2,2,4,0,1,0,1,2,4,0,0,-5,6.8,0,0,6.0,1,1,1,1,63,100,64,100,65,45,65,70,72,70,13,54,43,85,43,53,7,112,98,88,105,74,90,9,2,92,,41,92.5,92.5,-5.4,103.8,112,53,0.125,85,71,55,60,0.0,-11.4,14.3,0.129,55,95,54,71,103.8,0.0,6.0,0.0,0.0,85,0.08,77,101.0,116.71,0.074,116.44,-11.4,74,77,12,94,97.26,9,0.0,12,23,116.71,99,95,65,105,95.6,100,-0.088,14.3,94,0.0,100,64,0.077,0.0,0.0,0.0,0.0,0.0,0.0,0.0,12.0,10.0,0.0,0.0,0.0,0.0,0.0,0.0,2.0,0.0,0.0,0.0,0.0,0.0,1.0,0.0,0.0,0.0,0.0,20.0,0.0,0.0,0.0,2.0,14.0,1.92,0.0,1.55,0.0,0.0,0.6,5.0,0.667,0.0,4.0,2.0,1.0,0.5,11.3,0.0,2.0,0.0,2.2,1.0,0.5,2.0,0.0,0.667,1.0,6.7,2.0,0.0,0.5,0.0,6.0,2.0,0.0,0.333,0.0,0.0,2.0,0.0,1.0,0.0,0.0,,2.0,0.333,0.0,0.0,0.0,0.167,1.0,0.0,0.0,0.0,1.0,0.0,0.167,,0.0,0.0,0.0,,,,,,,,,,,,,,0.5,0.0,0.5,0.0,0.0,0.0,0.0,,0.0,3.0,0.0,0.0,3.0,,,,0.0,0.0,0.0,0.0,0.0,0.0,0.0,0.0,0.0,0.0,0.0,0.0,0.0,0.0,0.0,0.0,0.0,0.0,0.0,2.0,1.0,0.0,0.0,0.0,0.0,0.0,1.0,0.0,0.0,0.0,0.0,0.0,3.0,0.0,1.0,0.0,0.0,0.0,0.263,F-G,1.0,5.0,0.357,5.0,0.643,,0.0,0.0,3.0,0.0,,0.0,1.0,0.0,0.0,0.0,0.0,2.0,0.0,0.0,0.0,0.0,0.0,0.0,0.0,,,0.0,0.0,,,0.0,CHI,0.0,0.0,3.0,0.0,3.0,0.0,2026,22500100,,,,,,,,,,,,,,1.0,5.0,7.0,0.714,0.531,0.183,0.429,3.0,3.0,1.0,0.669,0.331,0.857,4.0,6.0,0.667,0.585,0.082,,,,,,,6.0,5.0,1.0,1.0,0.0,0.0,0.0,0.0,0.0,0.0,0.0,0.0,0.0,0.0,0.0,0.0,0.0,0.0,0.0,0.0,0.0,20.0,0.0,0.0,0.0,0.0,0.0,0.0,0.0,0.0,0.0,0.0,0.0,0.0,0.0,0.0,0.0,0.0,0.0,,,,,,,,,,,ORL,CHI,20251025,2025-26,False,CHI,ORL,CHI,,,CHI,,CHI,,,7.0,0.47,5.0,0.714,0.245,,,,,,,,,,,,,,,,,,,,,,,,,,,,,,0.9,0.8,5.03,5.34,1.7,4.73,21.6,8902.0,,,,,,,,,,,,,,,,,,,,,,,,,,,,,,,,,,,,,,,,,,,,,,,,,,,,,,,,,1.0,,ORL,1610612753.0
1630171,Isaac Okoro,Isaac,1610612741,CHI,24.0,1,1,0,1.0,24.285,4,8,0.5,1,4,0.25,1,1,1.0,0,0,0,1,1,0,0,0,2,2,10,-1,10.5,0,0,12.0,1,1,1,1,114,84,102,90,79,70,119,111,129,1,122,205,211,130,92,119,70,1,111,78,106,133,172,23,2,152,,142,109.3,109.3,-5.1,113.2,182,54,0.155,173,136,134,74,4.0,-3.9,10.0,0.168,134,143,211,136,113.2,1.0,8.0,0.05,0.563,154,0.0,144,114.2,105.74,0.0,105.35,-3.9,205,145,79,155,88.12,95,0.592,79,122,105.74,150,143,138,109,109.1,84,0.035,9.6,146,10.0,103,102,0.0,0.0,1.0,0.0,1.0,0.053,0.053,3.0,20.0,19.0,0.0,1.0,1.0,0.0,0.0,0.0,3.0,0.0,0.0,0.333,0.333,0.0,1.0,0.0,0.0,0.0,0.0,28.0,2.0,0.0,0.0,0.0,15.0,1.44,0.357,0.57,0.0,10.0,0.7,1.0,,,,,,,,,,,,,,,,,,,,,,,,,1.0,0.125,1.0,1.0,1.0,0.0,1.0,1.0,0.0,,1.0,0.125,1.0,0.0,0.667,0.375,3.0,2.0,0.0,2.0,3.0,0.0,0.375,,0.0,0.667,0.667,,1.0,1.0,0.0,0.0,0.0,0.0,0.125,0.125,0.0,0.0,0.0,0.0,0.375,0.5,0.375,0.0,0.0,0.333,0.333,,1.0,3.0,0.0,1.0,3.0,0.0,0.0,0.0,0.0,2.0,0.0,0.0,2.0,0.0,1.0,0.0,0.0,3.0,2.0,0.563,0.0,0.5,0.0,1.0,0.0,0.0,,1.0,0.0,,,0.0,0.0,0.0,1.0,0.0,3.0,0.0,0.0,0.0,4.0,0.0,3.0,0.333,0.75,0.0,0.286,F-G,0.9,9.0,0.261,10.0,0.639,0.0,0.0,0.0,4.0,,0.0,0.0,3.0,0.75,0.333,0.0,0.0,1.0,0.0,0.0,,,0.0,0.0,3.0,0.0,0.0,0.0,1.0,0.0,0.0,0.0,CHI,1.0,0.5,2.0,1.0,2.0,0.75,2026,22500115,,,,,,,,0.313,2.0,5.0,0.4,0.339,0.061,0.688,7.0,11.0,0.636,0.568,0.068,0.313,4.0,5.0,0.8,0.635,0.165,0.563,6.0,9.0,0.667,0.6,0.067,0.438,3.0,7.0,0.429,0.365,0.064,10.0,8.0,2.0,3.0,0.0,0.0,0.0,0.0,0.0,0.0,0.0,0.0,0.0,1.0,1.0,1.0,0.0,0.0,1.0,1.0,0.0,28.0,0.0,0.0,0.0,0.0,0.0,0.0,0.0,0.0,0.0,0.0,0.0,0.0,0.0,0.0,0.0,0.0,0.0,,,,,,,,,,,CHI,ATL,20251027,2025-26,False,CHI,ATL,CHI,,,CHI,,CHI,,,16.0,0.491,9.0,0.563,0.072,,,,,,,,,,,,,,,,,,,,,,,,,,,,,,1.0,0.8,4.75,5.05,1.8,4.44,24.3,9574.0,,,,,,,,,,,,,,,,,,,,,,,,,,,,,,,,,,,,,,,,,,,,,,,,,,,,,,,,,1.0,,ATL,1610612737.0
1630171,Isaac Okoro,Isaac,1610612741,CHI,24.0,1,1,0,1.0,28.683333333333334,4,9,0.444,1,4,0.25,0,0,0.0,1,3,4,2,2,1,1,1,3,0,9,20,20.8,0,0,20.0,1,1,1,1,70,79,79,115,70,69,98,124,133,124,57,67,77,85,40,47,18,148,139,163,104,11,101,23,2,100,,49,130.0,130.0,29.7,100.0,157,60,0.157,145,25,42,81,4.0,30.0,15.4,0.161,42,43,116,25,100.0,1.0,9.0,0.08,0.5,120,0.037,171,99.9,98.73,0.094,98.9,30.0,122,169,158,133,82.28,173,0.5,158,92,98.73,135,43,25,140,129.7,79,0.047,15.4,47,15.4,112,79,0.068,1.0,3.0,0.0,3.0,0.111,0.167,6.0,21.0,18.0,0.0,1.0,1.0,1.0,0.0,0.667,3.0,0.0,0.0,0.333,0.333,2.0,1.0,0.0,0.0,0.0,1.0,29.0,0.0,0.0,0.0,0.0,17.0,1.94,0.31,1.62,0.0,9.0,0.9,1.0,0.444,3.0,3.0,2.0,0.5,0.333,4.7,0.0,2.0,1.0,2.2,1.0,0.5,6.0,3.0,0.667,1.0,4.1,2.0,0.0,0.333,0.333,9.0,1.0,,,,,,,,,,,,,,,1.0,0.333,3.0,3.0,0.0,3.0,3.0,0.0,0.333,,0.0,1.0,1.0,0.0,2.0,0.0,0.0,0.0,0.0,2.0,0.222,0.0,,0.0,0.0,0.222,0.444,0.375,0.444,0.0,0.0,0.25,0.25,,1.0,4.0,0.0,1.0,4.0,,,,0.0,0.0,0.0,0.0,0.0,0.0,0.0,0.0,0.0,3.0,0.0,0.5,0.0,0.25,0.5,0.0,0.0,0.0,,4.0,2.0,,,0.0,0.25,0.0,2.0,0.0,3.0,1.0,0.0,1.0,5.0,0.0,0.0,0.0,0.6,0.0,0.286,F-G,0.917,11.0,0.278,12.0,0.639,,1.0,0.0,5.0,,0.0,0.0,0.0,0.6,0.0,0.0,0.0,4.0,0.0,0.0,,,0.25,0.0,3.0,,,0.0,0.0,0.0,0.0,0.0,CHI,1.0,0.25,4.0,1.0,4.0,0.375,2026,22500132,,,,,,,,0.286,0.0,2.0,0.0,0.378,-0.378,0.714,4.0,5.0,0.8,0.52,0.28,0.286,2.0,2.0,1.0,0.637,0.363,0.286,2.0,2.0,1.0,0.599,0.401,0.286,0.0,2.0,0.0,0.389,-0.389,6.0,4.0,2.0,1.0,0.0,0.0,0.0,0.0,0.0,0.0,0.0,0.0,0.0,2.0,2.0,2.0,2.0,0.0,1.0,1.0,1.0,29.0,0.0,0.0,0.0,0.0,0.0,0.0,0.0,0.0,0.0,0.0,0.0,0.0,0.0,0.0,0.0,0.0,0.0,,,,,,,,,,,CHI,SAC,20251029,2025-26,False,CHI,SAC,,,,CHI,,CHI,,,7.0,0.481,4.0,0.571,0.09,,,,,,,,,,,,,,,,,,,,,,,,,,,,,,1.0,1.0,4.48,4.34,2.0,4.63,28.7,10719.0,,,,,,,,,,,,,,,,,,,,,,,,,,,,,,,,,,,,,,,,,,,,,,,,,,,,,,,,,1.0,,SAC,1610612758.0
1630171,Isaac Okoro,Isaac,1610612741,CHI,24.0,1,1,0,1.0,16.116666666666667,1,3,0.333,1,2,0.5,0,0,0.0,0,0,0,0,0,1,0,0,2,0,3,-11,6.0,0,0,6.0,1,1,1,1,121,126,136,114,60,102,19,102,107,102,103,142,149,130,108,34,64,1,72,119,133,150,144,13,1,144,,162,114.3,114.3,-35.6,150.0,150,35,0.073,130,147,161,93,1.0,-35.7,0.0,0.076,161,86,149,147,150.0,0.0,3.0,0.0,0.5,130,0.0,1,148.3,102.75,0.0,104.12,-35.7,142,1,47,160,85.63,45,0.5,47,103,102.75,160,86,152,99,112.6,126,0.0,0.0,90,0.0,74,136,0.0,0.0,1.0,1.0,0.0,0.0,0.071,0.0,12.0,14.0,0.0,1.0,0.0,0.0,0.0,0.0,2.0,0.0,0.0,0.0,0.5,0.0,1.0,0.0,0.0,0.0,0.0,17.0,0.0,0.0,0.0,0.0,8.0,1.76,0.176,1.18,0.0,3.0,0.5,0.0,,,,,,,,,,,,,,,,,,,,,,,,,,,,,,,,,,,,,,,0.0,0.333,1.0,0.0,0.0,0.0,1.0,0.0,0.333,,0.0,0.0,0.0,,,,,,,,,,,,,,0.667,0.75,0.667,0.0,0.0,0.5,0.5,,1.0,2.0,0.0,1.0,2.0,,,,0.0,0.0,0.0,0.0,0.0,0.0,0.0,0.0,0.0,3.0,0.0,0.5,0.0,0.5,0.0,0.0,0.0,0.0,,2.0,2.0,,,0.5,0.5,0.0,0.0,0.0,0.0,0.0,0.0,1.0,1.0,0.0,0.0,0.0,0.0,1.0,0.283,F-G,0.846,11.0,0.211,13.0,0.635,0.0,1.0,0.0,1.0,,,0.0,0.0,0.0,0.0,0.0,0.0,2.0,0.0,0.0,,,0.5,0.0,0.0,0.0,0.0,0.0,0.0,,,0.0,CHI,1.0,0.5,2.0,1.0,2.0,0.75,2026,22500023,,,,,,,,0.25,1.0,1.0,1.0,0.416,0.584,0.75,1.0,3.0,0.333,0.521,-0.187,0.25,0.0,1.0,0.0,0.597,-0.597,0.5,0.0,2.0,0.0,0.549,-0.549,0.5,2.0,2.0,1.0,0.397,0.603,1.0,0.0,1.0,1.0,0.0,1.0,2.0,0.0,0.0,0.0,0.0,0.0,0.0,1.0,1.0,1.0,0.0,0.0,1.0,1.0,0.0,17.0,0.0,0.0,0.0,0.0,0.0,0.0,0.0,0.0,0.0,0.0,0.0,0.0,0.0,0.0,0.0,0.0,0.0,,,,,,,,,,,CHI,NYK,20251031,2025-26,False,CHI,NYK,,,,CHI,,CHI,,,4.0,0.476,2.0,0.5,0.024,,,,,,,,,,,,,,,,,,,,,,,,,,,,,,0.6,0.6,4.78,4.7,1.2,4.87,16.1,6489.0,,,,,,,,,,,,,,,,,,,,,,,,,,,,,,,,,,,,,,,,,,,,,,,,,,,,,,,,,1.0,,NYK,1610612752.0
1630171,Isaac Okoro,Isaac,1610612741,CHI,24.0,1,1,0,1.0,32.95333333333333,5,8,0.625,3,6,0.5,3,4,0.75,1,1,2,5,1,2,1,0,3,3,16,4,33.9,0,0,32.0,1,1,1,1,15,35,51,22,14,17,23,25,24,51,34,86,83,13,45,13,17,1,98,29,31,44,27,9,2,27,,32,114.9,114.9,11.4,107.4,42,67,0.145,40,47,48,6,5.0,7.6,6.3,0.143,48,61,119,47,107.4,5.0,8.0,0.2,0.813,28,0.033,62,101.3,98.32,0.026,102.2,7.6,119,59,109,86,81.93,63,0.82,109,63,98.32,88,61,41,16,112.8,35,0.13,6.3,68,31.3,17,51,0.029,0.0,5.0,0.0,5.0,0.208,0.208,10.0,26.0,24.0,2.0,0.0,0.0,0.0,1.0,1.0,1.0,1.0,1.0,0.0,0.0,1.0,0.0,0.0,0.5,0.0,0.0,34.0,2.0,0.0,0.0,0.0,23.0,1.57,0.471,0.88,0.0,16.0,0.9,1.0,0.4,0.0,2.0,1.0,0.333,0.5,8.3,0.0,0.0,0.0,15.1,0.0,0.0,3.0,0.0,0.4,0.333,11.7,2.0,1.0,0.5,0.0,5.0,0.0,,,,,,,,,,,,,,,1.0,0.25,2.0,2.0,0.0,2.0,2.0,0.0,0.25,,0.0,1.0,1.0,,,,,,,,,,,,,,0.75,0.75,0.75,0.0,0.0,0.5,0.5,,3.0,6.0,0.0,3.0,6.0,1.5,1.0,1.0,1.0,1.0,1.0,3.0,1.0,0.0,1.0,0.0,0.0,6.0,2.0,0.813,0.0,0.4,0.667,0.0,0.0,0.0,0.0,5.0,2.0,0.0,0.0,0.5,0.6,0.0,3.0,0.0,2.0,2.0,0.0,3.0,2.0,0.0,1.0,0.0,1.0,1.0,0.323,F-G,0.714,15.0,0.074,21.0,0.641,0.0,3.0,0.0,2.0,0.0,0.0,0.0,1.0,1.0,0.0,0.0,0.0,5.0,0.0,0.0,0.0,0.0,0.6,0.0,2.0,0.0,0.0,0.0,0.0,0.0,0.0,0.0,CHI,2.0,0.4,5.0,2.0,5.0,0.6,2026,22500167,,,,,,,,0.444,1.0,4.0,0.25,0.367,-0.117,0.556,2.0,5.0,0.4,0.512,-0.112,0.444,2.0,4.0,0.5,0.616,-0.116,0.444,2.0,4.0,0.5,0.597,-0.097,0.556,1.0,5.0,0.2,0.359,-0.159,2.0,2.0,0.0,3.0,1.0,1.0,2.0,0.0,1.0,1.0,0.0,1.0,0.0,0.0,0.0,0.0,0.0,0.0,0.0,0.0,0.0,34.0,0.0,0.0,0.0,0.0,0.0,0.0,0.0,0.0,0.0,0.0,0.0,0.0,0.0,0.0,0.0,0.0,0.0,,,,,,,,,,,CHI,PHI,20251104,2025-26,False,CHI,PHI,,,,CHI,,CHI,,,9.0,0.443,3.0,0.333,-0.109,,,,,,,,,,,,,,,,,,,,,,,,,,,,,,1.1,1.2,4.5,4.9,2.3,4.19,33.0,12047.0,,,,,,,,,,,,,,,,,,,,,,,,,,,,,,,,,,,,,,,,,,,,,,,,,,,,,,,,,1.0,,PHI,1610612755.0
1630171,Isaac Okoro,Isaac,1610612741,CHI,24.0,1,0,1,0.0,16.55,3,6,0.5,0,2,0.0,0,0,0.0,2,2,4,0,0,1,1,1,4,0,6,-13,16.8,0,0,14.0,1,129,129,129,176,117,130,79,138,140,138,138,149,138,38,123,95,192,158,42,21,168,225,180,147,209,142,17,2,153,,179,97.0,97.0,-23.7,128.6,187,33,0.162,192,206,197,135,3.0,-31.6,0.0,0.167,197,189,77,206,128.6,0.0,6.0,0.0,0.5,192,0.111,1,124.0,98.61,0.105,98.84,-31.6,140,1,215,147,82.18,207,0.5,215,36,98.61,150,189,184,147,100.4,117,0.049,0.0,185,0.0,119,130,0.108,0.0,0.0,0.0,3.0,0.0,0.0,0.0,13.0,17.0,0.0,1.0,0.0,0.0,0.0,0.0,1.0,0.0,0.0,0.0,1.0,0.0,0.0,0.0,0.0,0.0,0.0,23.0,0.8,0.0,0.0,1.0,15.0,1.34,0.261,0.7,0.0,6.0,0.5,5.0,0.571,0.0,2.0,2.0,0.4,1.0,2.0,0.0,0.0,0.0,10.1,0.0,0.0,5.0,0.0,0.571,0.4,6.1,4.0,2.0,1.0,0.0,7.0,0.0,3.0,0.667,0.75,0.75,4.0,0.0,1.0,3.0,0.0,,4.0,0.667,0.75,0.0,,,,,,,,,,,,,,,,,,,,,,,,,,,0.333,0.0,0.333,0.0,0.0,0.0,0.0,,0.0,2.0,0.0,0.0,2.0,,,,0.0,0.0,0.0,0.0,0.0,0.0,1.0,0.0,0.0,0.0,4.0,0.5,0.0,0.0,0.0,0.0,0.0,0.0,0.0,2.0,0.0,0.0,0.0,0.0,0.0,0.0,2.0,0.0,3.0,0.0,0.0,0.0,4.0,0.0,0.0,0.0,0.75,0.0,0.384,F-G,0.643,18.0,-0.03,28.0,0.673,,0.0,0.0,4.0,0.0,,0.0,0.0,0.75,0.0,0.0,0.0,2.0,0.0,0.0,0.0,0.0,0.0,0.0,3.0,,,0.0,0.0,,,0.0,CHI,0.0,0.0,2.0,0.0,2.0,0.0,2026,22500035,,,,,,,,0.125,0.0,1.0,0.0,0.435,-0.435,0.875,3.0,7.0,0.429,0.657,-0.228,0.875,3.0,7.0,0.429,0.77,-0.341,0.875,3.0,7.0,0.429,0.748,-0.319,0.125,0.0,1.0,0.0,0.333,-0.333,3.0,2.0,1.0,1.0,0.0,0.0,0.0,1.0,0.0,1.0,1.0,0.0,0.0,0.0,0.0,0.0,0.0,0.0,0.0,0.0,0.0,23.0,0.0,0.0,0.0,0.0,0.0,0.0,0.0,0.0,0.0,0.0,0.0,0.0,0.0,0.0,0.0,0.0,0.0,,,,,,,,,,,MIL,CHI,20251107,2025-26,False,CHI,MIL,CHI,,,CHI,,CHI,,,8.0,0.639,3.0,0.375,-0.264,,,,,,,,,,,,,,,,,,,,,,,,,,,,,,0.6,0.6,4.58,5.27,1.2,4.05,16.6,6184.0,,,,,,,,,,,,,,,,,,,,,,,,,,,,,,,,,,,,,,,,,,,,,,,,,,,,,,,,,1.0,,MIL,1610612749.0
1630171,Isaac Okoro,Isaac,1610612741,CHI,24.0,1,0,1,0.0,32.55,5,7,0.714,3,4,0.75,6,6,1.0,1,3,4,3,1,0,0,1,3,6,19,-9,27.3,0,0,29.0,1,84,84,84,31,52,88,12,14,49,7,9,15,1,55,56,69,53,56,78,54,108,113,5,25,130,65,15,3,49,,139,119.4,119.4,-11.1,134.8,47,67,0.147,70,123,139,25,5.0,-15.4,7.1,0.147,139,65,100,123,134.8,3.0,7.0,0.15,0.929,60,0.033,84,131.9,98.06,0.094,98.6,-15.4,96,77,137,114,81.72,130,0.985,137,88,98.06,119,65,119,6,120.8,52,0.129,7.3,57,21.4,7,88,0.065,0.0,3.0,0.0,3.0,0.214,0.214,7.0,20.0,14.0,2.0,1.0,1.0,0.0,0.333,0.667,3.0,2.0,1.0,0.333,0.333,2.0,0.0,0.0,1.0,0.0,0.0,26.0,2.0,0.0,0.0,0.0,20.0,2.39,0.731,1.27,0.0,19.0,1.0,2.0,0.5,1.0,2.0,3.0,0.5,0.5,15.3,0.0,0.0,0.0,12.1,0.0,0.0,6.0,1.0,0.571,0.6,14.5,4.0,1.0,0.5,0.0,8.0,0.0,,,,,,,,,,,,,,,1.0,0.143,1.0,1.0,0.0,1.0,1.0,0.0,0.143,,0.0,1.0,1.0,0.0,2.0,1.0,0.0,0.0,0.0,1.0,0.286,0.143,0.0,0.0,0.0,0.143,0.571,1.375,0.429,1.0,1.0,1.0,1.0,1.0,3.0,3.0,0.143,4.0,4.0,,,,0.0,0.0,0.0,0.0,0.0,0.0,1.0,0.0,0.0,9.0,4.0,0.929,0.0,0.75,0.0,2.0,0.0,0.0,0.0,1.0,1.0,0.0,0.0,1.0,1.0,0.0,0.0,0.0,2.0,0.0,0.0,1.0,3.0,0.0,3.0,0.667,0.667,1.0,0.356,F-G,0.613,19.0,-0.059,31.0,0.672,0.0,1.0,0.0,3.0,0.0,0.0,0.0,2.0,0.667,1.0,0.0,0.0,2.0,0.0,0.0,0.0,0.0,0.5,0.0,2.0,0.0,0.0,0.0,2.0,0.0,0.0,0.0,CHI,3.0,0.75,4.0,3.0,4.0,1.125,2026,22500186,,,,,,,,0.5,5.0,7.0,0.714,0.364,0.351,0.5,4.0,7.0,0.571,0.597,-0.026,0.214,1.0,3.0,0.333,0.662,-0.329,0.214,1.0,3.0,0.333,0.616,-0.283,0.643,6.0,9.0,0.667,0.383,0.284,5.0,2.0,3.0,2.0,0.0,0.0,0.0,0.0,0.0,0.0,0.0,0.0,0.0,1.0,1.0,1.0,0.0,0.0,1.0,1.0,0.0,26.0,0.0,0.0,0.0,0.0,0.0,0.0,0.0,0.0,0.0,0.0,0.0,0.0,0.0,0.0,0.0,0.0,0.0,,,,,,,,,,,CLE,CHI,20251108,2025-26,False,CHI,CLE,,,,CHI,,CHI,,,14.0,0.472,9.0,0.643,0.17,,,,,,,,,,,,,,,,,,,,,,,,,,,,,,1.2,1.1,4.37,4.43,2.3,4.31,32.6,12241.0,,,,,,,,,,,,,,,,,,,,,,,,,,,,,,,,,,,,,,,,,,,,,,,,,,,,,,,,,1.0,,CLE,1610612739.0
1630171,Isaac Okoro,Isaac,1610612741,CHI,24.0,1,0,1,0.0,20.816666666666663,0,5,0.0,0,3,0.0,2,2,1.0,1,1,2,3,2,0,1,0,5,1,2,-3,9.9,0,0,9.0,1,92,92,92,114,167,120,167,117,79,117,58,69,1,58,127,123,51,37,103,21,1,170,91,152,112,147,18,3,147,,161,121.7,121.7,-4.8,125.5,175,46,0.157,78,107,144,64,0.0,-3.8,18.2,0.16,144,52,139,107,125.5,1.5,5.0,0.15,0.0,37,0.045,150,128.1,107.22,0.048,105.42,-3.8,152,148,35,112,89.35,61,0.17,35,72,107.22,107,52,115,169,123.3,167,-0.043,18.4,41,27.3,167,120,0.047,0.0,3.0,0.0,4.0,0.15,0.15,8.0,21.0,20.0,2.0,2.0,0.0,0.0,0.25,0.5,4.0,2.0,1.0,0.0,0.5,2.0,1.0,0.0,1.0,0.0,0.0,28.0,0.0,0.0,0.0,2.0,20.0,1.84,0.071,1.32,0.0,2.0,0.9,2.0,0.4,0.0,2.0,0.0,0.333,0.5,4.1,0.0,1.0,1.0,7.0,0.0,0.5,3.0,0.0,0.4,0.333,5.5,1.0,1.0,0.5,1.0,5.0,0.0,0.0,0.2,0.0,0.0,1.0,0.0,1.0,0.0,0.0,,1.0,0.2,0.0,0.0,0.0,0.2,1.0,0.0,0.0,0.0,1.0,0.0,0.2,,0.0,0.0,0.0,,1.0,1.0,0.0,0.0,0.0,0.0,0.2,0.2,0.0,0.0,0.0,0.0,0.4,0.0,0.4,0.0,0.0,0.0,0.0,,0.0,2.0,0.0,0.0,2.0,,,,0.0,0.0,0.0,0.0,0.0,0.0,0.0,0.0,0.0,0.0,0.0,0.0,0.0,0.0,0.0,0.0,0.0,0.0,0.0,2.0,1.0,0.0,0.0,0.0,0.0,0.0,1.0,0.0,0.0,0.0,0.0,0.0,2.0,0.0,1.0,0.0,0.0,0.0,0.36,F-G,0.611,22.0,-0.065,36.0,0.676,,0.0,0.0,2.0,0.0,,0.0,1.0,0.0,0.0,0.0,0.0,2.0,0.0,0.0,0.0,0.0,0.0,0.0,0.0,,,0.0,0.0,,,0.0,CHI,0.0,0.0,3.0,0.0,3.0,0.0,2026,22500202,,,,,,,,0.385,1.0,5.0,0.2,0.328,-0.128,0.615,6.0,8.0,0.75,0.615,0.135,0.385,3.0,5.0,0.6,0.703,-0.103,0.462,4.0,6.0,0.667,0.659,0.008,0.385,1.0,5.0,0.2,0.331,-0.131,7.0,4.0,3.0,0.0,0.0,0.0,0.0,1.0,0.0,1.0,1.0,0.0,0.0,0.0,0.0,0.0,0.0,0.0,0.0,0.0,0.0,28.0,0.0,0.0,0.0,0.0,0.0,0.0,0.0,0.0,0.0,0.0,0.0,0.0,0.0,0.0,0.0,0.0,0.0,,,,,,,,,,,CHI,SAS,20251110,2025-26,False,CHI,SAS,CHI,,,CHI,,CHI,,,13.0,0.508,7.0,0.538,0.031,,,,,,,,,,,,,,,,,,,,,,,,,,,,,,0.9,0.7,4.65,5.08,1.5,4.82,20.8,8168.0,,,,,,,,,,,,,,,,,,,,,,,,,,,,,,,,,,,,,,,,,,,,,,,,,,,,,,,,,1.0,,SAS,1610612759.0
1630171,Isaac Okoro,Isaac,1610612741,CHI,24.0,1,1,0,1.0,25.64666666666667,5,8,0.625,3,6,0.5,0,1,0.0,0,1,1,0,0,0,0,0,4,1,13,-9,14.2,0,0,17.0,1,1,1,1,89,57,88,29,19,35,30,106,102,106,110,126,145,141,120,99,68,1,150,95,66,145,129,12,3,112,,162,121.1,121.1,-12.2,130.0,134,57,0.127,141,121,163,105,5.0,-8.9,0.0,0.134,163,44,162,121,130.0,0.0,8.0,0.0,0.813,141,0.0,1,129.2,109.49,0.036,111.66,-8.9,148,1,31,134,91.24,14,0.77,31,110,109.49,133,44,131,20,117.0,57,0.042,0.0,63,0.0,13,88,0.018,0.0,0.0,0.0,3.0,0.0,0.0,0.0,21.0,22.0,0.0,3.0,0.0,0.0,0.0,0.0,3.0,0.0,0.0,0.0,1.0,0.0,0.0,0.0,0.0,0.0,0.0,30.0,0.0,0.0,0.0,0.0,18.0,1.5,0.433,0.57,0.0,13.0,0.8,0.0,0.333,0.0,1.0,0.0,0.5,0.0,7.6,0.0,1.0,1.0,0.0,0.0,1.0,2.0,0.0,0.333,0.5,7.6,0.0,0.0,0.0,1.0,3.0,0.0,,,,,,,,,,,,,,,1.0,0.25,2.0,2.0,0.0,2.0,2.0,0.0,0.25,,0.0,1.0,1.0,,,,,,,,,,,,,,0.75,0.75,0.75,0.0,0.0,0.5,0.5,,3.0,6.0,0.0,3.0,6.0,,,,0.0,0.0,0.0,0.0,0.0,0.0,0.0,0.0,0.0,9.0,0.0,0.813,0.0,0.5,1.0,0.0,0.0,0.0,0.0,5.0,4.0,0.0,0.0,0.5,0.6,0.0,1.0,0.0,2.0,1.0,0.0,3.0,2.0,0.0,1.0,0.0,1.0,2.0,0.406,F-G,0.603,35.0,-0.057,58.0,0.66,0.0,3.0,0.0,2.0,0.0,0.0,0.0,0.0,1.0,0.0,0.0,0.0,6.0,0.0,0.0,0.0,0.0,0.5,0.0,2.0,0.0,0.0,0.0,0.0,0.0,0.0,0.0,CHI,3.0,0.5,6.0,3.0,6.0,0.75,2026,22500263,,,,,,,,0.444,1.0,4.0,0.25,0.33,-0.08,0.556,2.0,5.0,0.4,0.574,-0.174,0.556,2.0,5.0,0.4,0.61,-0.21,0.556,2.0,5.0,0.4,0.585,-0.185,0.444,1.0,4.0,0.25,0.324,-0.074,3.0,1.0,2.0,1.0,0.0,0.0,0.0,0.0,0.0,0.0,0.0,0.0,0.0,1.0,1.0,1.0,0.0,0.0,1.0,1.0,0.0,30.0,0.0,0.0,0.0,0.0,0.0,0.0,0.0,0.0,0.0,0.0,0.0,0.0,0.0,0.0,0.0,0.0,0.0,,,,,,,,,,,POR,CHI,20251119,2025-26,False,CHI,POR,,,,CHI,,CHI,,,9.0,0.468,3.0,0.333,-0.134,,,,,,,,,,,,,,,,,,,,,,,,,,,,,,1.0,0.9,4.78,5.24,1.9,4.35,25.7,10035.0,,,,,,,,,,,,,,,,,,,,,,,,,,,,,,,,,,,,,,,,,,,,,,,,,,,,,,,,,1.0,,POR,1610612757.0
1630171,Isaac Okoro,Isaac,1610612741,CHI,24.0,1,1,0,1.0,19.94833333333333,1,3,0.333,0,2,0.0,0,0,0.0,1,0,1,1,0,0,1,0,0,0,2,-11,7.7,0,0,6.0,1,1,1,1,106,128,128,115,97,95,97,94,98,94,38,152,134,89,113,89,19,1,1,124,138,140,137,13,2,139,,163,113.6,113.6,-29.7,141.9,144,44,0.061,115,146,162,92,1.0,-28.2,0.0,0.061,162,76,150,146,141.9,0.0,3.0,0.056,0.333,36,0.042,1,143.5,104.67,0.0,104.04,-28.2,152,1,83,162,87.23,101,0.333,83,61,104.67,162,76,152,136,113.7,128,0.017,0.0,68,25.0,126,128,0.023,0.0,1.0,0.0,2.0,0.111,0.111,2.0,8.0,9.0,0.0,0.0,0.0,0.0,0.0,0.0,0.0,0.0,0.0,0.0,0.0,0.0,0.0,0.0,0.0,0.0,0.0,12.0,2.0,0.0,0.0,0.0,8.0,1.48,0.167,1.0,0.0,2.0,0.3,1.0,0.25,0.0,3.0,0.0,0.0,0.333,0.0,0.0,0.0,0.0,18.6,0.0,0.0,1.0,0.0,0.25,0.0,18.6,1.0,1.0,0.333,0.0,4.0,0.0,,,,,,,,,,,,,,,,,,,,,,,,,,,,1.0,1.0,0.0,1.0,1.0,0.0,1.0,0.333,0.0,,1.0,1.0,0.333,0.667,0.0,0.667,0.0,0.0,0.0,0.0,,0.0,2.0,0.0,0.0,2.0,,,,0.0,0.0,0.0,0.0,0.0,0.0,1.0,0.0,0.0,0.0,2.0,0.333,0.0,0.0,0.0,0.0,0.0,0.0,0.0,2.0,0.0,0.0,0.0,0.0,0.0,0.0,2.0,0.0,1.0,0.0,0.0,0.0,1.0,0.0,0.0,0.0,1.0,0.0,0.396,F-G,0.623,33.0,-0.042,53.0,0.665,,0.0,0.0,1.0,0.0,0.0,0.0,0.0,1.0,0.0,0.0,0.0,2.0,0.0,0.0,0.0,0.0,0.0,0.0,1.0,,,0.0,0.0,0.0,0.0,0.0,CHI,0.0,0.0,2.0,0.0,2.0,0.0,2026,22500248,,,,,,,,0.2,0.0,1.0,0.0,0.415,-0.415,0.8,2.0,4.0,0.5,0.564,-0.064,0.8,2.0,4.0,0.5,0.681,-0.181,0.8,2.0,4.0,0.5,0.632,-0.132,0.2,0.0,1.0,0.0,0.441,-0.441,2.0,2.0,0.0,0.0,0.0,0.0,0.0,1.0,0.0,1.0,1.0,0.0,0.0,0.0,0.0,0.0,0.0,0.0,0.0,0.0,0.0,12.0,0.0,0.0,0.0,0.0,0.0,0.0,0.0,0.0,0.0,0.0,0.0,0.0,0.0,0.0,0.0,0.0,0.0,,,,,,,,,,,DEN,CHI,20251117,2025-26,False,CHI,DEN,,,,CHI,,CHI,,,5.0,0.499,2.0,0.4,-0.099,,,,,,,,,,,,,,,,,,,,,,,,,,,,,,0.8,0.6,4.68,5.54,1.4,3.87,20.0,7526.0,,,,,,,,,,,,,,,,,,,,,,,,,,,,,,,,,,,,,,,,,,,,,,,,,,,,,,,,,1.0,,DEN,1610612743.0
1630171,Isaac Okoro,Isaac,1610612741,CHI,24.0,1,0,1,0.0,16.866666666666667,4,8,0.5,1,2,0.5,0,2,0.0,1,1,2,0,0,0,0,2,2,2,9,-20,11.4,0,0,12.0,1,98,98,98,137,72,80,78,69,104,40,116,66,116,55,127,110,151,139,112,68,179,86,63,89,190,136,15,2,133,,138,79.5,79.5,-47.3,134.2,145,39,0.214,151,192,170,118,4.0,-54.7,0.0,0.217,170,183,136,192,134.2,0.0,8.0,0.0,0.563,151,0.053,1,124.9,109.57,0.043,114.97,-54.7,157,1,40,69,91.3,16,0.507,40,71,109.57,70,183,185,119,77.6,72,0.034,0.0,186,0.0,90,80,0.048,0.0,0.0,0.0,2.0,0.0,0.0,0.0,16.0,11.0,0.0,1.0,0.0,0.333,0.0,0.5,4.0,0.0,0.0,0.0,0.25,2.0,3.0,0.0,0.0,0.0,1.0,21.0,1.333,0.0,0.0,1.0,16.0,1.86,0.429,1.0,0.0,9.0,0.7,3.0,0.286,2.0,2.0,1.0,0.2,0.5,24.6,0.0,1.0,0.0,6.1,1.0,0.5,5.0,2.0,0.4,0.333,15.3,1.0,0.0,0.5,0.0,7.0,1.0,1.0,0.25,0.5,0.5,2.0,0.0,1.0,1.0,0.0,,2.0,0.25,0.5,0.0,0.5,0.5,4.0,2.0,0.0,2.0,4.0,0.0,0.5,,0.0,0.5,0.5,,,,,,,,,,,,,,0.25,0.75,0.25,0.0,0.0,0.5,0.5,,1.0,2.0,0.0,1.0,2.0,,,,0.0,0.0,0.0,0.0,0.0,0.0,1.0,0.0,0.0,3.0,4.0,0.563,0.0,0.5,0.0,1.0,1.0,1.0,0.0,0.0,0.0,0.0,0.0,0.0,0.0,0.0,0.0,0.0,2.0,0.0,0.0,0.0,5.0,1.0,2.0,0.5,0.4,0.0,0.417,F-G,0.603,38.0,-0.055,63.0,0.658,0.0,0.0,0.0,6.0,0.0,,0.0,2.0,0.5,0.5,0.0,0.0,0.0,0.0,0.0,0.0,0.0,0.0,0.0,3.0,0.0,0.0,0.0,1.0,,,0.0,CHI,1.0,0.5,2.0,1.0,2.0,0.75,2026,22500051,,,,,,,,0.25,1.0,2.0,0.5,0.477,0.023,0.75,4.0,6.0,0.667,0.554,0.112,0.625,3.0,5.0,0.6,0.63,-0.03,0.75,4.0,6.0,0.667,0.569,0.098,0.25,1.0,2.0,0.5,0.475,0.025,3.0,1.0,2.0,0.0,0.0,0.0,0.0,0.0,0.0,0.0,0.0,0.0,0.0,1.0,1.0,1.0,0.0,0.0,1.0,1.0,0.0,21.0,0.0,0.0,0.0,0.0,0.0,0.0,0.0,0.0,0.0,0.0,0.0,0.0,0.0,0.0,0.0,0.0,0.0,,,,,,,,,,,CHI,MIA,20251121,2025-26,False,CHI,MIA,CHI,,,CHI,,CHI,,,8.0,0.514,5.0,0.625,0.112,,,,,,,,,,,,,,,,,,,,,,,,,,,,,,0.7,0.6,4.97,4.77,1.3,5.22,16.9,6906.0,,,,,,,,,,,,,,,,,,,,,,,,,,,,,,,,,,,,,,,,,,,,,,,,,,,,,,,,,1.0,,MIA,1610612748.0
1630171,Isaac Okoro,Isaac,1610612741,CHI,24.0,1,0,1,0.0,40.36333333333334,2,7,0.286,1,3,0.333,0,0,0.0,3,3,6,3,1,1,1,1,4,0,5,-15,21.7,0,0,19.0,1,86,86,86,12,99,81,137,65,73,64,101,105,101,12,65,43,46,56,37,23,108,137,116,114,150,88,17,2,92,,83,100.0,100.0,-13.0,116.1,138,86,0.082,78,120,82,18,2.0,-16.1,9.1,0.086,82,134,93,120,116.1,3.0,7.0,0.13,0.357,38,0.067,97,115.5,102.87,0.064,101.87,-16.1,124,96,77,156,85.72,97,0.357,77,42,102.87,152,134,117,141,102.5,99,0.025,9.1,129,27.3,130,81,0.065,0.0,3.0,0.0,5.0,0.13,0.13,8.0,19.0,23.0,0.0,0.0,1.0,0.0,0.0,0.0,2.0,0.0,0.0,0.5,0.0,0.0,1.0,0.0,0.0,0.0,0.0,32.0,0.4,0.0,2.0,1.0,20.0,1.31,0.156,0.84,0.0,5.0,0.7,5.0,0.333,2.0,9.0,1.0,0.333,0.375,6.7,1.0,5.0,2.0,10.2,1.0,0.833,9.0,1.0,0.375,0.375,8.5,1.0,0.0,0.333,0.667,18.0,3.0,0.0,0.286,0.0,0.0,2.0,0.0,1.0,0.0,0.0,,2.0,0.286,0.0,0.0,0.0,0.143,1.0,0.0,0.0,0.0,1.0,0.0,0.143,,0.0,0.0,0.0,,,,,,,,,,,,,,0.571,0.625,0.429,1.0,1.0,0.333,0.5,1.0,1.0,3.0,0.143,2.0,4.0,,,,0.0,0.0,0.0,0.0,0.0,0.0,0.333,1.0,2.0,3.0,2.0,0.357,0.0,0.333,1.0,0.0,2.0,0.0,0.0,3.0,2.0,0.0,0.0,0.0,0.333,0.0,1.0,0.0,1.0,1.0,0.0,1.0,2.0,0.0,0.0,0.0,0.5,0.0,0.38,F-G,0.633,31.0,-0.031,49.0,0.664,,1.0,0.0,3.0,0.0,,0.0,0.0,0.333,0.0,1.0,0.0,3.0,0.0,0.0,0.0,0.0,0.333,0.0,1.0,,,0.0,0.0,,,0.0,CHI,1.0,0.333,3.0,1.0,3.0,0.5,2026,22500240,,,,,,,,0.538,4.0,7.0,0.571,0.346,0.225,0.462,5.0,6.0,0.833,0.546,0.288,0.385,5.0,5.0,1.0,0.649,0.351,0.385,5.0,5.0,1.0,0.611,0.389,0.615,4.0,8.0,0.5,0.354,0.146,6.0,5.0,1.0,1.0,0.0,0.0,0.0,1.0,0.0,1.0,1.0,0.0,0.0,1.0,1.0,1.0,0.0,0.0,1.0,1.0,0.0,32.0,0.0,0.0,0.0,0.0,0.0,0.0,0.0,0.0,0.0,0.0,0.0,0.0,0.0,0.0,0.0,0.0,0.0,,,,,,,,,,,UTA,CHI,20251116,2025-26,False,CHI,UTA,CHI,,,CHI,,CHI,,,13.0,0.46,9.0,0.692,0.233,,,,,,,,,,,,,,,,,,,,,,,,,,,,,,1.4,1.4,4.3,4.69,2.8,3.97,40.4,14811.0,,,,,,,,,,,,,,,,,,,,,,,,,,,,,,,,,,,,,,,,,,,,,,,,,,,,,,,,,1.0,,UTA,1610612762.0
1630171,Isaac Okoro,Isaac,1610612741,CHI,24.0,1,0,1,0.0,31.73333333333333,5,7,0.714,2,2,1.0,3,4,0.75,2,2,4,2,1,0,3,1,2,5,15,-5,30.8,0,0,29.0,1,142,142,142,41,71,124,43,49,157,1,45,40,93,34,126,99,107,96,139,3,185,132,19,63,180,60,14,3,64,,115,102.8,102.8,-11.2,109.9,106,71,0.123,173,155,105,52,5.0,-7.0,8.3,0.122,105,196,169,155,109.9,2.0,7.0,0.091,0.857,143,0.061,148,111.5,107.39,0.067,107.97,-7.0,192,143,74,212,89.5,65,0.856,74,83,107.39,217,196,173,44,100.3,71,0.114,8.5,208,16.7,41,124,0.063,1.0,3.0,0.0,3.0,0.111,0.167,7.0,20.0,18.0,0.0,1.0,0.0,1.0,0.0,1.0,2.0,0.0,0.0,0.0,0.5,2.0,1.0,0.5,0.0,1.0,1.0,31.0,1.0,0.0,0.0,0.0,16.0,2.06,0.484,1.23,0.0,15.0,1.1,4.0,0.286,2.0,7.0,1.0,0.286,0.286,4.5,0.0,2.0,1.0,1.8,0.5,0.5,7.0,2.0,0.333,0.4,3.2,2.0,1.0,0.286,0.5,14.0,1.0,1.0,0.143,1.0,1.0,1.0,0.0,1.0,1.0,0.0,,1.0,0.143,1.0,0.0,0.333,0.429,3.0,1.0,0.0,1.0,3.0,0.0,0.429,,0.0,0.333,0.333,,,,,,,,,,,,,,0.429,1.333,0.286,1.0,1.0,1.0,1.0,1.0,2.0,2.0,0.143,3.0,3.0,,,,0.0,0.0,0.0,0.0,0.0,0.0,0.667,0.0,0.0,6.0,4.0,0.857,0.0,1.0,0.0,1.0,0.0,0.0,0.0,1.0,1.0,0.0,0.0,1.0,1.0,0.0,0.0,0.0,3.0,0.0,0.0,1.0,5.0,0.0,1.0,1.0,0.6,1.0,0.379,F-G,0.591,26.0,-0.074,44.0,0.665,,1.0,0.0,5.0,0.0,0.0,0.0,1.0,0.6,1.0,0.0,0.0,1.0,0.0,0.0,0.0,0.0,1.0,0.0,3.0,,,0.0,1.0,0.0,0.0,0.0,CHI,2.0,1.0,2.0,2.0,2.0,1.5,2026,22500214,,,,,,,,0.375,3.0,6.0,0.5,0.384,0.116,0.625,5.0,10.0,0.5,0.562,-0.062,0.5,4.0,8.0,0.5,0.614,-0.114,0.625,5.0,10.0,0.5,0.601,-0.101,0.375,3.0,6.0,0.5,0.382,0.119,8.0,8.0,0.0,1.0,1.0,1.0,2.0,0.0,0.0,0.0,0.0,0.0,0.0,1.0,1.0,1.0,0.0,0.0,1.0,1.0,0.0,31.0,0.0,0.0,0.0,0.0,0.0,0.0,0.0,0.0,0.0,0.0,0.0,0.0,0.0,0.0,0.0,0.0,0.0,,,,,,,,,,,DET,CHI,20251112,2025-26,False,CHI,DET,CHI,,,CHI,,CHI,,,16.0,0.477,8.0,0.5,0.023,,,,,,,,,,,,,,,,,,,,,,,,,,,,,,1.2,1.2,4.79,5.18,2.4,4.45,31.7,12466.0,,,,,,,,,,,,,,,,,,,,,,,,,,,,,,,,,,,,,,,,,,,,,,,,,,,,,,,,,1.0,,DET,1610612765.0
1630171,Isaac Okoro,Isaac,1610612741,CHI,24.0,1,0,1,0.0,21.933333333333334,6,11,0.545,2,4,0.5,0,0,0.0,1,0,1,0,3,0,0,1,3,1,14,-18,12.2,0,0,17.0,1,93,93,93,97,36,44,55,36,56,30,99,102,99,45,149,132,133,19,89,46,130,120,86,57,170,117,15,3,95,,155,97.8,97.8,-38.2,134.8,140,45,0.286,133,160,148,92,6.0,-37.0,21.4,0.292,148,148,151,160,134.8,0.0,11.0,0.0,0.636,133,0.05,160,138.5,99.57,0.0,96.99,-37.0,149,160,133,20,82.98,156,0.636,133,62,99.57,20,148,161,69,100.3,36,0.031,21.4,140,0.0,60,44,0.022,0.0,0.0,0.0,1.0,0.0,0.0,0.0,20.0,12.0,0.0,0.0,0.0,0.25,0.0,0.5,4.0,0.0,0.0,0.0,0.0,2.0,4.0,0.0,0.0,0.0,1.0,27.0,0.667,0.0,0.0,1.0,18.0,1.59,0.519,1.11,0.0,14.0,0.7,3.0,0.125,2.0,3.0,0.0,0.0,0.5,0.0,1.0,0.0,0.0,4.3,0.0,0.0,5.0,1.0,0.167,0.0,4.3,1.0,1.0,0.333,0.0,8.0,0.0,1.0,0.091,1.0,1.0,1.0,0.0,1.0,1.0,0.0,,1.0,0.091,1.0,0.0,0.25,0.364,4.0,1.0,0.0,1.0,4.0,0.0,0.364,,0.0,0.25,0.25,1.0,2.0,1.0,1.0,0.5,0.0,1.0,0.182,0.091,0.0,0.5,1.0,0.091,0.364,1.0,0.273,1.0,1.0,0.667,0.75,1.0,2.0,3.0,0.091,3.0,4.0,,,,0.0,0.0,0.0,0.0,0.0,0.0,1.0,0.0,0.0,6.0,2.0,0.636,0.0,0.5,1.0,0.0,1.0,1.0,,3.0,2.0,,,0.5,0.667,0.0,1.0,0.0,3.0,1.0,0.0,2.0,6.0,1.0,1.0,0.0,0.5,1.0,0.304,F-G,0.765,13.0,0.117,17.0,0.648,0.0,2.0,0.0,7.0,,0.0,0.0,1.0,0.571,0.0,0.0,0.0,3.0,0.0,0.0,,,0.667,0.0,4.0,0.0,0.0,0.0,0.0,0.0,0.0,0.0,CHI,2.0,0.5,4.0,2.0,4.0,0.75,2026,22500153,,,,,,,,0.5,2.0,5.0,0.4,0.386,0.014,0.5,3.0,5.0,0.6,0.595,0.005,0.4,2.0,4.0,0.5,0.685,-0.185,0.5,3.0,5.0,0.6,0.658,-0.058,0.5,2.0,5.0,0.4,0.379,0.021,4.0,2.0,2.0,1.0,0.0,0.0,0.0,0.0,0.0,0.0,0.0,0.0,0.0,0.0,0.0,0.0,0.0,0.0,0.0,0.0,0.0,27.0,0.0,0.0,0.0,0.0,0.0,0.0,0.0,0.0,0.0,0.0,0.0,0.0,0.0,0.0,0.0,0.0,0.0,,,,,,,,,,,NYK,CHI,20251102,2025-26,False,CHI,NYK,CHI,,,CHI,,CHI,,,10.0,0.499,5.0,0.5,0.002,,,,,,,,,,,,,,,,,,,,,,,,,,,,,,0.8,0.8,5.03,5.18,1.7,4.36,21.9,8755.0,,,,,,,,,,,,,,,,,,,,,,,,,,,,,,,,,,,,,,,,,,,,,,,,,,,,,,,,,1.0,,NYK,1610612752.0
1630171,Isaac Okoro,Isaac,1610612741,CHI,24.0,1,0,1,0.0,23.516666666666666,2,10,0.2,1,8,0.125,0,0,0.0,2,1,3,1,0,0,0,0,1,1,5,-1,10.1,0,0,10.0,1,82,82,82,86,104,55,141,58,13,96,102,106,102,29,121,83,98,113,93,60,1,24,82,116,88,136,16,2,134,,96,106.1,106.1,-2.4,112.8,148,49,0.179,121,100,99,90,2.0,-6.6,0.0,0.185,99,110,104,100,112.8,0.0,10.0,0.056,0.25,111,0.074,1,110.5,97.97,0.045,98.01,-6.6,135,1,118,86,81.64,128,0.25,118,44,97.97,86,110,95,146,108.2,104,-0.011,0.0,96,9.1,138,55,0.061,0.0,1.0,0.0,1.0,0.091,0.091,2.0,15.0,11.0,0.0,0.0,0.0,0.0,0.0,0.0,0.0,0.0,0.0,0.0,0.0,0.0,0.0,0.0,0.0,0.0,0.0,21.0,0.667,0.0,0.0,0.0,15.0,1.22,0.238,0.62,0.0,5.0,0.4,3.0,0.375,1.0,4.0,1.0,0.25,0.5,21.8,0.0,2.0,0.0,3.3,1.0,0.667,4.0,1.0,0.429,0.333,9.5,1.0,0.0,0.5,0.0,8.0,2.0,,,,,,,,,,,,,,,0.0,0.1,1.0,0.0,0.0,0.0,1.0,0.0,0.1,,0.0,0.0,0.0,1.0,1.0,0.0,1.0,1.0,0.0,1.0,0.1,0.0,,1.0,1.0,0.1,0.8,0.188,0.8,0.0,0.0,0.125,0.125,,1.0,8.0,0.0,1.0,8.0,0.0,0.0,0.0,0.0,1.0,0.0,0.0,1.0,0.0,0.5,0.0,0.0,3.0,2.0,0.25,0.0,0.143,0.0,1.0,0.0,0.0,,2.0,2.0,,,0.0,0.0,0.0,0.0,0.0,1.0,0.0,0.0,0.0,2.0,0.0,6.0,0.167,0.5,0.0,0.417,F-G,0.6,42.0,-0.04,70.0,0.64,0.0,0.0,0.0,2.0,0.0,,0.0,6.0,0.5,0.167,0.0,0.0,2.0,0.0,0.0,0.0,0.0,0.0,0.0,1.0,0.0,0.0,0.0,1.0,,,0.0,CHI,1.0,0.143,7.0,1.0,7.0,0.214,2026,22501223,,,,,,,,0.3,1.0,3.0,0.333,0.323,0.01,0.7,4.0,7.0,0.571,0.528,0.043,0.3,2.0,3.0,0.667,0.567,0.099,0.5,3.0,5.0,0.6,0.538,0.062,0.4,2.0,4.0,0.5,0.341,0.159,4.0,3.0,1.0,2.0,1.0,0.0,0.0,1.0,0.0,1.0,1.0,0.0,0.0,2.0,2.0,2.0,0.0,0.0,1.0,1.0,0.0,21.0,0.0,0.0,0.0,0.0,0.0,0.0,0.0,0.0,0.0,0.0,0.0,0.0,0.0,0.0,0.0,0.0,0.0,,,,,,,,,,,CHI,NOP,20251214,2025-26,False,CHI,NOP,,,,CHI,,CHI,,,10.0,0.455,5.0,0.5,0.045,,,,,,,,,,,,,,,,,,,,,,,,,,,,,,0.8,0.9,4.56,4.74,1.7,4.42,23.5,9010.0,,,,,,,,,,,,,,,,,,,,,,,,,,,,,,,,,,,,,,,,,,,,,,,,,,,,,,,,,1.0,,NOP,1610612740.0
1630171,Isaac Okoro,Isaac,1610612741,CHI,24.0,1,1,0,1.0,17.838333333333335,3,5,0.6,2,2,1.0,0,0,0.0,0,1,1,2,0,0,0,0,1,1,8,-14,12.2,0,0,13.0,1,1,1,1,136,97,122,43,39,107,1,110,113,110,109,133,149,72,121,98,68,1,43,99,105,175,134,14,1,134,,176,102.6,102.6,-30.4,138.5,106,39,0.119,62,179,178,97,3.0,-35.9,0.0,0.128,178,145,170,179,138.5,0.0,5.0,0.182,0.8,41,0.0,1,137.9,104.94,0.056,102.74,-35.9,150,1,72,149,87.45,107,0.8,72,109,104.94,143,145,174,30,107.5,97,0.084,0.0,129,28.6,27,122,0.026,0.0,2.0,0.0,3.0,0.125,0.125,5.0,15.0,16.0,0.0,1.0,0.0,0.5,0.0,0.5,4.0,0.0,0.0,0.0,0.25,2.0,2.0,0.0,0.0,0.0,1.0,23.0,0.0,1.0,0.0,1.0,14.0,2.34,0.348,1.26,0.0,8.0,0.9,1.0,0.25,2.0,2.0,1.0,0.5,0.0,17.8,1.0,0.0,0.0,0.0,0.0,0.0,2.0,1.0,0.5,1.0,17.8,1.0,0.0,0.0,0.0,4.0,0.0,,,,,,,,,,,,,,,0.333,0.6,3.0,1.0,0.0,1.0,3.0,0.0,0.6,,0.0,0.333,0.333,,,,,,,,,,,,,,0.4,1.5,0.4,0.0,0.0,1.0,1.0,,2.0,2.0,0.0,2.0,2.0,1.5,1.0,1.0,1.0,1.0,1.0,3.0,1.0,0.0,0.0,0.0,0.0,3.0,0.0,0.8,0.0,1.0,1.0,1.0,1.0,0.0,,1.0,0.0,,,0.0,1.0,0.0,1.0,0.0,1.0,1.0,0.0,1.0,2.0,0.0,1.0,1.0,0.5,0.0,0.395,F-G,0.614,51.0,-0.025,83.0,0.64,0.0,1.0,0.0,3.0,,0.0,0.0,1.0,0.333,1.0,0.0,0.0,1.0,0.0,0.0,,,1.0,0.0,1.0,0.0,0.0,0.0,1.0,0.0,0.0,0.0,CHI,1.0,1.0,1.0,1.0,1.0,1.5,2026,22500427,,,,,,,,0.75,1.0,3.0,0.333,0.399,-0.066,0.25,1.0,1.0,1.0,0.517,0.483,0.25,1.0,1.0,1.0,0.627,0.373,0.25,1.0,1.0,1.0,0.627,0.373,0.75,1.0,3.0,0.333,0.422,-0.089,2.0,1.0,1.0,0.0,1.0,0.0,0.0,0.0,0.0,0.0,0.0,0.0,0.0,0.0,0.0,0.0,0.0,0.0,0.0,0.0,0.0,23.0,1.0,0.0,1.0,0.0,0.0,0.0,0.0,0.0,0.0,0.0,0.0,0.0,0.0,0.0,0.0,0.0,0.0,,,,,,,,,,,CHI,PHI,20251226,2025-26,False,CHI,PHI,,,,CHI,,CHI,,,4.0,0.431,2.0,0.5,0.069,,,,,,,,,,,,,,,,,,,,,,,,,,,,,,0.8,0.6,4.47,4.98,1.4,3.93,17.8,7532.0,,,,,,,,,,,,,,,,,,,,,,,,,,,,,,,,,,,,,,,,,,,,,,,,,,,,,,,,,1.0,,PHI,1610612755.0
1630171,Isaac Okoro,Isaac,1610612741,CHI,24.0,1,0,1,0.0,20.02833333333333,0,4,0.0,0,3,0.0,4,4,1.0,1,2,3,0,1,0,0,0,1,2,4,-13,6.6,0,0,7.0,1,128,128,128,144,213,167,213,139,109,139,30,34,1,65,122,120,184,72,113,78,1,58,69,169,212,196,19,2,191,,144,92.5,92.5,-25.9,119.0,213,40,0.167,184,194,141,127,0.0,-26.5,14.3,0.163,141,211,124,194,119.0,0.0,4.0,0.0,0.0,184,0.048,202,119.5,98.26,0.105,97.49,-26.5,130,200,175,130,81.88,188,0.347,175,87,98.26,141,211,201,201,93.6,213,0.006,14.8,212,0.0,213,167,0.075,0.0,0.0,0.0,1.0,0.0,0.0,0.0,14.0,12.0,4.0,1.0,0.0,0.0,0.667,1.333,3.0,4.0,2.0,0.0,0.333,4.0,0.0,0.0,1.0,0.0,0.0,20.0,0.0,0.0,0.0,0.0,15.0,1.72,0.2,1.15,0.0,4.0,0.6,0.0,1.0,0.0,1.0,2.0,1.0,1.0,7.0,0.0,0.0,0.0,10.7,0.0,0.0,2.0,0.0,1.0,1.0,8.3,3.0,1.0,1.0,0.0,3.0,0.0,0.0,0.25,0.0,0.0,1.0,0.0,1.0,0.0,0.0,,1.0,0.25,0.0,0.0,,,,,,,,,,,,,,,,,,,,,,,,,,,0.75,0.0,0.75,0.0,0.0,0.0,0.0,,0.0,3.0,0.0,0.0,3.0,,,,0.0,0.0,0.0,0.0,0.0,0.0,0.0,0.0,0.0,0.0,0.0,0.0,0.0,0.0,0.0,0.0,0.0,0.0,,2.0,2.0,,,0.0,0.0,0.0,0.0,0.0,0.0,0.0,0.0,0.0,1.0,0.0,1.0,0.0,0.0,0.0,0.394,F-G,0.607,54.0,-0.034,89.0,0.64,,0.0,0.0,1.0,,,0.0,1.0,0.0,0.0,0.0,0.0,2.0,0.0,0.0,,,0.0,0.0,0.0,,,0.0,0.0,,,0.0,CHI,0.0,0.0,3.0,0.0,3.0,0.0,2026,22500452,,,,,,,,0.5,0.0,2.0,0.0,0.397,-0.397,0.5,2.0,2.0,1.0,0.553,0.447,,,,,,,,,,,,,0.5,0.0,2.0,0.0,0.413,-0.413,3.0,2.0,1.0,1.0,0.0,0.0,0.0,0.0,0.0,0.0,0.0,0.0,1.0,0.0,1.0,1.0,1.0,1.0,0.0,1.0,1.0,20.0,0.0,0.0,0.0,0.0,0.0,0.0,0.0,0.0,0.0,0.0,0.0,0.0,0.0,0.0,0.0,0.0,0.0,,,,,,,,,,,CHI,MIN,20251229,2025-26,False,CHI,MIN,CHI,,,CHI,,CHI,,,4.0,0.49,2.0,0.5,0.01,,,,,,,,,,,,,,,,,,,,,,,,,,,,,,0.8,0.8,4.3,4.64,1.5,4.54,20.0,8109.0,,,,,,,,,,,,,,,,,,,,,,,,,,,,,,,,,,,,,,,,,,,,,,,,,,,,,,,,,1.0,,MIN,1610612750.0
1630171,Isaac Okoro,Isaac,1610612741,CHI,24.0,1,1,0,1.0,29.55,4,8,0.5,0,2,0.0,1,1,1.0,1,2,3,1,0,1,0,0,2,2,9,18,17.1,0,0,15.0,1,1,1,1,54,80,92,76,123,118,123,98,116,1,50,112,104,117,145,48,72,1,97,64,111,16,135,13,2,139,,57,131.1,131.1,26.9,100.0,141,61,0.114,167,30,53,124,4.0,31.1,0.0,0.121,53,26,141,30,100.0,0.0,8.0,0.038,0.5,134,0.036,1,98.7,99.9,0.067,102.79,31.1,153,1,154,165,83.25,124,0.533,154,85,99.9,166,26,40,114,125.5,80,0.053,0.0,42,11.1,107,92,0.052,0.0,1.0,0.0,2.0,0.048,0.048,2.0,18.0,21.0,0.0,1.0,0.0,0.333,0.0,0.5,4.0,0.0,0.0,0.0,0.25,2.0,3.0,0.0,0.0,0.0,1.0,29.0,1.0,0.0,2.0,1.0,19.0,2.4,0.31,1.38,0.0,9.0,1.2,2.0,0.75,0.0,1.0,2.0,0.667,1.0,15.9,0.0,1.0,0.0,10.5,1.0,0.333,3.0,0.0,0.75,0.667,14.1,2.0,0.0,1.0,0.0,4.0,1.0,1.0,0.125,1.0,1.0,1.0,0.0,1.0,1.0,0.0,,1.0,0.125,1.0,0.0,0.333,0.375,3.0,1.0,0.0,1.0,3.0,0.0,0.375,,0.0,0.333,0.333,1.0,1.0,0.0,1.0,1.0,0.0,1.0,0.125,0.0,,1.0,1.0,0.125,0.375,0.333,0.25,1.0,1.0,0.0,0.333,1.0,0.0,2.0,0.125,1.0,3.0,,,,0.0,0.0,0.0,0.0,0.0,0.0,1.0,1.0,2.0,0.0,2.0,0.5,0.0,0.0,0.0,0.0,0.0,0.0,0.0,2.0,0.0,0.0,0.0,0.0,0.0,0.0,2.0,0.0,4.0,0.0,0.0,0.0,6.0,0.0,0.0,0.0,0.667,0.0,0.391,F-G,0.6,60.0,-0.037,100.0,0.637,,0.0,0.0,6.0,0.0,,0.0,0.0,0.667,0.0,0.0,0.0,2.0,0.0,0.0,0.0,0.0,0.0,0.0,4.0,,,0.0,0.0,,,0.0,CHI,0.0,0.0,2.0,0.0,2.0,0.0,2026,22500480,,,,,,,,0.429,2.0,6.0,0.333,0.334,0.0,0.571,4.0,8.0,0.5,0.533,-0.033,0.286,2.0,4.0,0.5,0.624,-0.124,0.357,2.0,5.0,0.4,0.572,-0.172,0.5,3.0,7.0,0.429,0.336,0.092,6.0,3.0,3.0,2.0,1.0,1.0,2.0,1.0,0.0,1.0,1.0,0.0,0.0,1.0,1.0,1.0,1.0,0.0,1.0,1.0,1.0,29.0,0.0,0.0,0.0,0.0,0.0,0.0,0.0,0.0,0.0,0.0,0.0,0.0,0.0,0.0,0.0,0.0,0.0,,,,,,,,,,,CHI,ORL,20260102,2025-26,False,CHI,ORL,CHI,,,CHI,,CHI,,,14.0,0.464,6.0,0.429,-0.035,,,,,,,,,,,,,,,,,,,,,,,,,,,,,,1.2,1.1,4.38,4.63,2.3,4.15,29.6,12383.0,,,,,,,,,,,,,,,,,,,,,,,,,,,,,,,,,,,,,,,,,,,,,,,,,,,,,,,,,1.0,,ORL,1610612753.0
1630171,Isaac Okoro,Isaac,1610612741,CHI,24.0,1,0,1,0.0,24.866666666666667,1,7,0.143,1,7,0.143,2,2,1.0,0,3,3,1,1,0,1,0,1,1,5,-6,12.1,0,0,12.0,1,84,84,84,77,125,84,146,64,17,104,41,48,1,83,61,80,91,56,84,21,1,50,76,114,121,123,14,1,121,,80,107.8,107.8,0.1,117.3,146,51,0.158,127,110,106,47,1.0,-9.5,10.0,0.163,106,95,112,110,117.3,1.0,7.0,0.053,0.214,114,0.0,105,111.0,99.41,0.091,100.84,-9.5,106,99,57,96,82.84,47,0.317,57,83,99.41,97,95,83,140,111.1,125,0.014,10.1,82,10.0,141,84,0.053,0.0,1.0,0.0,3.0,0.042,0.042,2.0,25.0,24.0,2.0,2.0,1.0,0.0,0.25,0.5,4.0,2.0,1.0,0.25,0.5,2.0,0.0,0.0,1.0,0.0,0.0,33.0,0.0,0.0,0.0,0.0,23.0,1.83,0.152,1.15,0.0,5.0,1.0,0.0,0.5,1.0,2.0,2.0,0.75,0.0,9.0,0.0,1.0,1.0,0.0,0.0,0.333,4.0,1.0,0.6,1.0,9.0,2.0,0.0,0.0,0.333,6.0,0.0,,,,,,,,,,,,,,,,,,,,,,,,,,,,,,,,,,,,,,,,,1.0,0.214,1.0,0.0,0.0,0.143,0.143,,1.0,7.0,0.0,1.0,7.0,,,,0.0,0.0,0.0,0.0,0.0,0.0,0.0,0.0,0.0,3.0,0.0,0.214,0.0,0.143,0.0,1.0,0.0,0.0,,2.0,1.0,,,0.0,0.0,0.0,1.0,0.0,0.0,0.0,0.0,0.0,0.0,0.0,5.0,0.2,0.0,0.0,0.382,F-G,0.587,61.0,-0.049,104.0,0.636,,0.0,0.0,0.0,,0.0,0.0,3.0,0.0,0.333,0.0,0.0,4.0,0.0,0.0,,,0.0,0.0,0.0,,,0.0,1.0,0.0,0.0,0.0,CHI,1.0,0.143,7.0,1.0,7.0,0.214,2026,22500503,,,,,,,,0.444,1.0,4.0,0.25,0.366,-0.116,0.556,2.0,5.0,0.4,0.551,-0.151,,,,,,,0.111,1.0,1.0,1.0,0.606,0.394,0.667,1.0,6.0,0.167,0.404,-0.238,3.0,3.0,0.0,1.0,0.0,0.0,0.0,1.0,0.0,1.0,1.0,0.0,0.0,1.0,1.0,1.0,0.0,0.0,1.0,1.0,0.0,33.0,0.0,0.0,0.0,0.0,0.0,0.0,0.0,0.0,0.0,0.0,0.0,0.0,0.0,0.0,0.0,0.0,0.0,,,,,,,,,,,BOS,CHI,20260105,2025-26,False,CHI,BOS,,,,CHI,,CHI,,,9.0,0.487,3.0,0.333,-0.154,,,,,,,,,,,,,,,,,,,,,,,,,,,,,,0.9,1.0,4.33,4.53,1.9,4.16,24.9,10015.0,,,,,,,,,,,,,,,,,,,,,,,,,,,,,,,,,,,,,,,,,,,,,,,,,,,,,,,,,1.0,,BOS,1610612738.0
1630171,Isaac Okoro,Isaac,1610612741,CHI,24.0,1,1,0,1.0,28.75,5,9,0.556,3,6,0.5,0,0,0.0,1,3,4,2,1,0,1,0,1,1,13,15,22.8,0,0,24.0,1,1,1,1,29,32,49,46,16,24,26,77,77,77,35,51,50,52,48,67,19,1,35,60,41,23,60,6,1,53,,68,137.7,137.7,29.6,107.8,75,61,0.145,84,27,73,20,5.0,29.9,8.3,0.146,73,25,76,27,107.8,2.0,9.0,0.067,0.722,63,0.04,67,107.4,104.35,0.1,104.82,29.9,85,67,68,92,86.96,71,0.722,68,49,104.35,92,25,25,35,137.0,32,0.087,8.3,24,16.7,33,49,0.073,1.0,3.0,0.0,5.0,0.091,0.136,6.0,19.0,22.0,0.0,0.0,0.0,0.0,0.0,0.0,1.0,0.0,0.0,0.0,0.0,0.0,1.0,0.0,0.0,0.0,0.0,32.0,1.0,0.0,0.0,0.0,20.0,1.27,0.406,0.28,0.0,13.0,0.7,2.0,0.5,0.0,3.0,2.0,0.5,0.333,10.8,0.0,1.0,1.0,8.5,0.0,0.25,6.0,0.0,0.5,0.5,10.2,3.0,1.0,0.333,0.333,8.0,0.0,,,,,,,,,,,,,,,0.5,0.222,2.0,1.0,0.0,1.0,2.0,0.0,0.222,,0.0,0.5,0.5,,1.0,1.0,0.0,0.0,0.0,0.0,0.111,0.111,0.0,0.0,0.0,0.0,0.667,0.917,0.556,1.0,1.0,0.6,0.667,1.0,3.0,5.0,0.111,4.0,6.0,,,,0.0,0.0,0.0,0.0,0.0,0.0,1.0,0.0,0.0,9.0,2.0,0.722,0.0,0.5,0.5,1.0,0.0,0.0,0.0,4.0,2.0,0.0,0.0,0.5,0.5,0.0,2.0,0.0,2.0,1.0,0.0,2.0,3.0,0.0,2.0,0.5,0.667,1.0,0.375,F-G,0.563,63.0,-0.078,112.0,0.64,,2.0,0.0,3.0,0.0,0.0,0.0,2.0,0.667,0.5,0.0,0.0,4.0,0.0,0.0,0.0,0.0,0.5,0.0,2.0,,,0.0,1.0,0.0,0.0,0.0,CHI,3.0,0.5,6.0,3.0,6.0,0.75,2026,22500546,,,,,,,,0.563,3.0,9.0,0.333,0.368,-0.035,0.438,3.0,7.0,0.429,0.566,-0.138,0.188,2.0,3.0,0.667,0.74,-0.073,0.188,2.0,3.0,0.667,0.71,-0.043,0.75,4.0,12.0,0.333,0.368,-0.035,6.0,3.0,3.0,0.0,0.0,1.0,2.0,0.0,0.0,0.0,0.0,0.0,0.0,1.0,1.0,1.0,0.0,0.0,1.0,1.0,0.0,32.0,0.0,0.0,0.0,0.0,0.0,0.0,0.0,0.0,0.0,0.0,0.0,0.0,0.0,0.0,0.0,0.0,0.0,,,,,,,,,,,CHI,DAL,20260110,2025-26,False,CHI,DAL,,,,CHI,,CHI,,,16.0,0.431,6.0,0.375,-0.056,,,,,,,,,,,,,,,,,,,,,,,,,,,,,,1.2,1.1,4.77,4.99,2.4,4.18,28.8,12533.0,,,,,,,,,,,,,,,,,,,,,,,,,,,,,,,,,,,,,,,,,,,,,,,,,,,,,,,,,1.0,,DAL,1610612742.0
1630171,Isaac Okoro,Isaac,1610612741,CHI,24.0,1,1,0,1.0,26.3,3,6,0.5,0,2,0.0,3,4,0.75,4,2,6,2,0,1,1,1,4,2,9,6,25.2,0,0,21.0,1,1,1,1,43,66,76,51,71,63,71,16,13,40,4,66,23,53,86,22,14,90,123,36,64,39,48,9,1,55,,81,127.5,127.5,5.9,115.7,87,51,0.131,88,45,79,73,3.0,11.8,0.0,0.132,79,21,32,45,115.7,0.0,6.0,0.087,0.5,56,0.143,1,115.1,93.08,0.077,95.85,11.8,89,1,103,96,77.57,84,0.58,103,10,93.08,100,21,54,63,120.9,66,0.066,0.0,39,20.0,66,76,0.111,0.0,2.0,0.0,5.0,0.133,0.133,5.0,16.0,15.0,2.0,0.0,0.0,1.0,0.5,2.0,2.0,2.0,1.0,0.0,0.0,4.0,1.0,0.0,1.0,0.0,1.0,24.0,0.667,0.0,0.667,3.0,18.0,2.04,0.375,1.67,0.0,9.0,0.8,3.0,0.667,0.0,8.0,1.0,1.0,0.5,16.5,0.0,2.0,1.0,15.4,0.25,0.333,2.0,0.0,0.667,1.0,15.7,4.0,3.0,0.5,0.5,9.0,1.0,0.0,0.167,0.0,0.0,1.0,0.0,1.0,0.0,0.0,,1.0,0.167,0.0,0.0,1.0,0.167,1.0,1.0,0.0,1.0,1.0,0.0,0.167,,0.0,1.0,1.0,1.0,2.0,0.0,2.0,1.0,0.0,2.0,0.333,0.0,,1.0,2.0,0.333,0.333,0.0,0.333,0.0,0.0,0.0,0.0,,0.0,2.0,0.0,0.0,2.0,0.0,0.0,0.0,0.0,1.0,0.0,0.0,1.0,0.0,1.0,1.0,2.0,0.0,2.0,0.5,0.0,0.0,0.0,0.0,0.0,0.0,0.0,1.0,1.0,0.0,0.0,0.0,0.0,0.0,0.0,0.0,3.0,0.0,0.0,0.0,4.0,0.0,1.0,0.0,0.75,0.0,0.354,F-G,0.585,72.0,-0.053,123.0,0.638,,0.0,0.0,4.0,0.0,0.0,0.0,1.0,0.75,0.0,0.0,0.0,1.0,0.0,0.0,0.0,0.0,0.0,0.0,3.0,,,0.0,0.0,0.0,0.0,0.0,CHI,0.0,0.0,1.0,0.0,1.0,0.0,2026,22500603,,,,,,,,0.429,2.0,3.0,0.667,0.338,0.329,0.571,0.0,4.0,0.0,0.452,-0.452,0.143,0.0,1.0,0.0,0.514,-0.514,0.429,0.0,3.0,0.0,0.447,-0.447,0.429,2.0,3.0,0.667,0.334,0.333,3.0,3.0,0.0,3.0,0.0,1.0,2.0,1.0,0.0,1.0,1.0,0.0,0.0,0.0,0.0,0.0,0.0,0.0,0.0,0.0,0.0,24.0,0.0,0.0,0.0,0.0,0.0,0.0,0.0,0.0,0.0,0.0,0.0,0.0,0.0,0.0,0.0,0.0,0.0,,,,,,,,,,,CHI,BKN,20260118,2025-26,False,CHI,BKN,CHI,,,CHI,,CHI,,,7.0,0.407,2.0,0.286,-0.121,,,,,,,,,,,,,,,,,,,,,,,,,,,,,,1.0,1.1,4.48,4.52,2.1,4.44,26.3,10870.0,,,,,,,,,,,,,,,,,,,,,,,,,,,,,,,,,,,,,,,,,,,,,,,,,,,,,,,,,1.0,,BKN,1610612751.0
1630171,Isaac Okoro,Isaac,1610612741,CHI,25.0,1,0,1,0.0,27.766666666666666,3,5,0.6,1,2,0.5,0,0,0.0,0,1,1,5,0,0,0,0,2,2,7,10,15.7,0,0,14.0,1,77,77,77,47,69,96,23,46,82,15,77,84,77,85,109,121,18,101,86,51,1,86,34,85,33,100,7,1,96,,112,132.8,132.8,20.2,115.5,98,58,0.083,41,38,110,81,3.0,17.2,0.0,0.086,110,18,139,38,115.5,0.0,5.0,0.208,0.7,6,0.0,1,116.3,100.26,0.037,98.54,17.2,135,1,98,131,83.55,117,0.7,98,85,100.26,133,18,37,24,136.5,69,0.062,0.0,14,50.0,21,96,0.023,0.0,5.0,0.0,6.0,0.217,0.217,14.0,24.0,23.0,0.0,6.0,0.0,0.0,0.0,0.0,6.0,0.0,0.0,0.0,1.0,0.0,0.0,0.333,0.0,2.0,0.0,31.0,0.5,0.0,0.0,1.0,25.0,1.79,0.226,1.03,0.0,7.0,0.9,4.0,0.333,1.0,2.0,1.0,0.5,0.0,6.2,0.0,0.0,0.0,0.0,0.0,0.0,2.0,1.0,0.5,1.0,6.2,1.0,0.0,0.0,0.0,3.0,0.0,1.0,0.2,1.0,1.0,1.0,0.0,1.0,1.0,0.0,,1.0,0.2,1.0,0.0,0.5,0.4,2.0,1.0,0.0,1.0,2.0,0.0,0.4,,0.0,0.5,0.5,,1.0,1.0,0.0,0.0,0.0,0.0,0.2,0.2,0.0,0.0,0.0,0.0,0.2,1.5,0.2,0.0,0.0,1.0,1.0,,1.0,1.0,0.0,1.0,1.0,1.5,1.0,1.0,1.0,1.0,1.0,3.0,1.0,0.0,0.5,0.0,0.0,0.0,2.0,0.7,0.0,0.0,0.0,1.0,1.0,0.0,0.0,0.0,0.0,0.0,0.0,0.0,0.0,0.0,0.0,0.0,2.0,0.0,0.0,0.0,2.0,0.0,2.0,0.5,1.0,0.0,0.343,F-G,0.589,76.0,-0.053,129.0,0.642,0.0,1.0,0.0,3.0,0.0,,0.0,1.0,0.667,0.0,0.0,0.0,1.0,0.0,0.0,0.0,0.0,1.0,0.0,2.0,0.0,0.0,0.0,0.0,,,0.0,CHI,0.0,0.0,1.0,0.0,1.0,0.0,2026,22500661,,,,,,,,0.125,1.0,1.0,1.0,0.343,0.657,0.875,4.0,7.0,0.571,0.579,-0.007,0.375,3.0,3.0,1.0,0.743,0.257,0.75,4.0,6.0,0.667,0.639,0.027,0.125,1.0,1.0,1.0,0.368,0.632,5.0,4.0,1.0,0.0,0.0,0.0,0.0,0.0,0.0,0.0,0.0,0.0,0.0,1.0,1.0,1.0,1.0,0.0,1.0,1.0,1.0,31.0,0.0,0.0,0.0,0.0,0.0,0.0,0.0,0.0,0.0,0.0,0.0,0.0,0.0,0.0,0.0,0.0,0.0,,,,,,,,,,,CHI,LAL,20260126,2025-26,False,CHI,LAL,CHI,,,CHI,,CHI,,,8.0,0.48,5.0,0.625,0.145,,,,,,,,,,,,,,,,,,,,,,,,,,,,,,1.1,1.0,4.1,4.67,2.0,3.97,27.8,10769.0,,,,,,,,,,,,,,,,,,,,,,,,,,,,,,,,,,,,,,,,,,,,,,,,,,,,,,,,,1.0,,LAL,1610612747.0
1630171,Isaac Okoro,Isaac,1610612741,CHI,25.0,1,0,1,0.0,26.191666666666663,3,7,0.429,2,3,0.667,0,0,0.0,2,0,2,0,0,0,1,0,4,1,8,-7,13.4,0,0,14.0,1,89,89,89,76,78,80,85,27,65,10,87,89,87,26,147,113,127,106,82,21,1,152,73,83,127,110,12,1,99,,119,113.8,113.8,-6.5,121.7,142,58,0.1,127,101,122,91,3.0,-7.9,0.0,0.1,122,79,136,101,121.7,0.0,7.0,0.0,0.571,127,0.065,1,120.9,108.13,0.0,108.24,-7.9,147,1,27,143,90.1,21,0.571,27,49,108.13,146,79,108,65,114.3,78,0.012,0.0,76,0.0,54,80,0.033,0.0,0.0,0.0,2.0,0.0,0.0,0.0,19.0,27.0,0.0,0.0,0.0,0.5,0.0,0.667,3.0,0.0,0.0,0.0,0.0,2.0,2.0,0.0,0.0,0.0,1.0,35.0,0.0,0.0,0.0,0.0,21.0,1.93,0.229,0.63,0.0,8.0,1.1,4.0,0.286,1.0,3.0,0.0,0.0,0.667,0.0,0.0,1.0,0.0,10.4,0.5,0.5,4.0,1.0,0.333,0.0,10.4,1.0,1.0,0.667,0.0,7.0,1.0,0.0,0.143,0.0,0.0,1.0,0.0,1.0,0.0,0.0,,1.0,0.143,0.0,0.0,0.333,0.429,3.0,1.0,0.0,1.0,3.0,0.0,0.429,,0.0,0.333,0.333,,,,,,,,,,,,,,0.429,1.0,0.429,0.0,0.0,0.667,0.667,,2.0,3.0,0.0,2.0,3.0,0.0,0.0,0.0,0.0,1.0,0.0,0.0,1.0,0.0,0.0,0.0,0.0,6.0,0.0,0.571,0.0,1.0,1.0,0.0,1.0,0.0,0.0,2.0,1.0,0.0,0.0,1.0,1.0,0.0,1.0,0.0,1.0,1.0,0.0,2.0,3.0,0.0,1.0,0.0,0.333,1.0,0.338,F-G,0.594,79.0,-0.048,133.0,0.642,,2.0,0.0,3.0,0.0,,0.0,1.0,0.333,0.0,1.0,0.0,2.0,0.0,0.0,0.0,0.0,1.0,0.0,1.0,,,0.0,0.0,,,0.0,CHI,2.0,1.0,2.0,2.0,2.0,1.5,2026,22500529,,,,,,,,0.5,2.0,4.0,0.5,0.397,0.103,0.5,1.0,4.0,0.25,0.545,-0.295,0.25,1.0,2.0,0.5,0.625,-0.125,0.25,1.0,2.0,0.5,0.572,-0.072,0.75,2.0,6.0,0.333,0.393,-0.059,7.0,3.0,4.0,2.0,0.0,0.0,0.0,0.0,0.0,0.0,0.0,0.0,0.0,0.0,0.0,0.0,0.0,0.0,0.0,0.0,0.0,35.0,0.0,0.0,0.0,0.0,0.0,0.0,0.0,0.0,0.0,0.0,0.0,0.0,0.0,0.0,0.0,0.0,0.0,,,,,,,,,,,CHI,MIA,20260129,2025-26,False,CHI,MIA,CHI,,,CHI,,CHI,,,8.0,0.473,3.0,0.375,-0.098,,,,,,,,,,,,,,,,,,,,,,,,,,,,,,1.2,1.0,4.74,4.8,2.2,4.66,26.2,11685.0,,,,,,,,,,,,,,,,,,,,,,,,,,,,,,,,,,,,,,,,,,,,,,,,,,,,,,,,,1.0,,MIA,1610612748.0
1630171,Isaac Okoro,Isaac,1610612741,CHI,25.0,1,1,0,1.0,26.28833333333333,3,7,0.429,2,4,0.5,2,2,1.0,0,5,5,1,0,1,0,2,2,3,10,-6,20.5,0,0,20.0,1,1,1,1,71,80,79,88,33,60,32,41,47,1,87,31,46,101,115,42,62,147,74,27,73,111,86,14,3,83,,84,101.8,101.8,-11.9,112.7,61,55,0.131,118,100,84,98,3.0,-10.9,0.0,0.132,84,114,66,100,112.7,0.0,7.0,0.071,0.571,115,0.0,1,111.0,100.42,0.172,102.54,-10.9,48,1,83,108,83.69,73,0.635,83,87,100.42,113,114,106,62,99.2,80,0.113,0.0,127,11.1,71,79,0.089,1.0,3.0,1.0,6.0,0.05,0.15,4.0,15.0,20.0,0.0,2.0,0.0,0.0,0.0,0.0,4.0,0.0,0.0,0.0,0.5,0.0,1.0,0.25,0.0,1.0,0.0,29.0,0.0,0.0,0.0,0.0,19.0,1.66,0.345,0.93,0.0,10.0,0.8,0.0,0.714,0.0,0.0,2.0,0.714,0.0,9.6,0.0,3.0,3.0,0.0,0.0,0.6,7.0,0.0,0.714,0.714,9.6,2.0,0.0,0.0,0.6,7.0,0.0,0.0,0.143,0.0,0.0,1.0,0.0,1.0,0.0,0.0,,1.0,0.143,0.0,0.0,0.5,0.286,2.0,1.0,0.0,1.0,2.0,0.0,0.286,,0.0,0.5,0.5,,,,,,,,,,,,,,0.571,0.75,0.571,0.0,0.0,0.5,0.5,,2.0,4.0,0.0,2.0,4.0,,,,0.0,0.0,0.0,0.0,0.0,0.0,0.0,0.0,0.0,6.0,0.0,0.571,0.0,0.5,0.0,0.0,1.0,0.0,0.0,2.0,2.0,0.0,0.0,1.0,1.0,0.0,0.0,0.0,1.0,0.0,0.0,2.0,2.0,0.0,2.0,0.0,0.5,2.0,0.348,F-G,0.584,73.0,-0.055,125.0,0.639,0.0,2.0,0.0,3.0,0.0,,0.0,0.0,0.333,0.0,0.0,0.0,4.0,0.0,0.0,0.0,0.0,0.5,0.0,1.0,0.0,0.0,0.0,0.0,,,0.0,CHI,2.0,0.5,4.0,2.0,4.0,0.75,2026,22500631,,,,,,,,0.75,4.0,9.0,0.444,0.381,0.063,0.25,1.0,3.0,0.333,0.607,-0.274,0.167,1.0,2.0,0.5,0.732,-0.232,0.167,1.0,2.0,0.5,0.678,-0.178,0.75,4.0,9.0,0.444,0.391,0.054,6.0,2.0,4.0,2.0,0.0,0.0,0.0,0.0,0.0,0.0,0.0,0.0,0.0,3.0,3.0,3.0,2.0,0.0,1.0,1.0,0.667,29.0,0.0,0.0,0.0,0.0,0.0,0.0,0.0,0.0,0.0,0.0,0.0,0.0,0.0,0.0,0.0,0.0,0.0,,,,,,,,,,,MIN,CHI,20260122,2025-26,False,CHI,MIN,CHI,,,CHI,,CHI,,,12.0,0.495,5.0,0.417,-0.079,,,,,,,,,,,,,,,,,,,,,,,,,,,,,,1.0,1.0,4.47,4.19,2.1,4.32,26.3,10908.0,,,,,,,,,,,,,,,,,,,,,,,,,,,,,,,,,,,,,,,,,,,,,,,,,,,,,,,,,1.0,,MIN,1610612750.0
1630171,Isaac Okoro,Isaac,1610612741,CHI,25.0,1,1,0,1.0,14.938333333333333,1,3,0.333,0,1,0.0,0,0,0.0,0,0,0,0,1,0,0,1,1,1,2,-6,1.0,0,0,2.0,1,1,1,1,113,121,114,111,81,96,81,82,88,82,79,118,129,110,53,74,50,100,27,65,126,108,143,15,3,137,,132,120.6,120.6,-9.7,146.9,137,34,0.105,110,128,138,73,1.0,-26.3,25.0,0.115,138,45,129,128,146.9,0.0,3.0,0.0,0.333,110,0.0,134,142.9,106.04,0.0,102.24,-26.3,118,134,53,119,88.36,86,0.333,53,79,106.04,116,45,103,122,133.3,121,-0.022,25.0,24,0.0,116,114,0.0,0.0,1.0,1.0,1.0,0.0,0.077,0.0,11.0,13.0,0.0,0.0,1.0,0.0,0.0,0.0,2.0,0.0,0.0,0.5,0.0,0.0,1.0,0.0,0.0,0.0,0.0,18.0,1.0,0.0,0.0,0.0,12.0,1.63,0.111,0.33,0.0,2.0,0.5,2.0,,,,,,,,,,,,,,,,,,,,,,,,,1.0,0.333,1.0,1.0,1.0,0.0,1.0,1.0,0.0,,1.0,0.333,1.0,0.0,0.0,0.333,1.0,0.0,0.0,0.0,1.0,0.0,0.333,,0.0,0.0,0.0,,,,,,,,,,,,,,0.333,0.0,0.333,0.0,0.0,0.0,0.0,,0.0,1.0,0.0,0.0,1.0,,,,0.0,0.0,0.0,0.0,0.0,0.0,1.0,0.0,0.0,0.0,2.0,0.333,0.0,0.0,0.0,0.0,1.0,0.0,,1.0,1.0,,,0.0,0.0,0.0,0.0,0.0,1.0,0.0,0.0,0.0,1.0,0.0,0.0,0.0,1.0,0.0,0.354,F-G,0.585,72.0,-0.052,123.0,0.638,0.0,0.0,0.0,1.0,0.0,,0.0,0.0,1.0,0.0,1.0,0.0,1.0,0.0,0.0,0.0,0.0,0.0,0.0,1.0,0.0,0.0,0.0,0.0,,,0.0,CHI,0.0,0.0,1.0,0.0,1.0,0.0,2026,22500614,,,,,,,,,,,,,,,,,,,,,,,,,,,,,,,,,,,,,,0.0,0.0,0.0,0.0,1.0,0.0,0.0,0.0,0.0,0.0,0.0,0.0,0.0,0.0,0.0,0.0,0.0,0.0,0.0,0.0,0.0,18.0,0.0,0.0,0.0,0.0,0.0,0.0,0.0,0.0,0.0,0.0,0.0,0.0,0.0,0.0,0.0,0.0,0.0,,,,,,,,,,,CHI,LAC,20260120,2025-26,False,CHI,LAC,CHI,,,CHI,,CHI,,,,,,,,,,,,,,,,,,,,,,,,,,,,,,,,,,,,,0.7,0.5,4.55,5.18,1.2,3.89,14.9,6532.0,,,,,,,,,,,,,,,,,,,,,,,,,,,,,,,,,,,,,,,,,,,,,,,,,,,,,,,,,1.0,,LAC,1610612746.0
1630171,Isaac Okoro,Isaac,1610612741,CHI,25.0,1,0,1,0.0,32.44166666666667,2,3,0.667,0,1,0.0,2,2,1.0,0,2,2,5,0,4,0,0,2,1,6,0,27.9,0,0,21.0,1,61,61,61,36,76,95,18,70,82,70,35,42,1,61,59,72,15,76,2,40,1,53,55,79,54,46,11,1,63,,24,107.6,107.6,6.2,106.0,52,66,0.059,39,56,35,68,2.0,1.6,0.0,0.058,35,73,102,56,106.0,0.0,3.0,0.185,0.667,2,0.0,1,100.7,98.39,0.056,101.26,1.6,94,1,73,116,81.99,40,0.773,73,61,98.39,116,73,40,26,106.9,76,0.101,0.0,80,55.6,36,95,0.03,0.0,5.0,0.0,3.0,0.25,0.25,13.0,14.0,20.0,2.0,0.0,0.0,0.0,1.0,2.0,1.0,2.0,1.0,0.0,0.0,2.0,0.0,0.0,1.0,0.0,0.0,24.0,1.0,0.0,0.0,0.0,13.0,1.57,0.25,0.92,0.0,6.0,0.6,2.0,1.0,0.0,0.0,2.0,1.0,0.0,14.2,0.0,0.0,0.0,0.0,0.0,0.0,2.0,0.0,1.0,1.0,14.2,2.0,0.0,0.0,0.0,2.0,0.0,,,,,,,,,,,,,,,1.0,0.333,1.0,1.0,0.0,1.0,1.0,0.0,0.333,,0.0,1.0,1.0,,,,,,,,,,,,,,0.667,0.5,0.333,1.0,1.0,0.0,0.5,1.0,0.0,1.0,0.333,1.0,2.0,,,,0.0,0.0,0.0,0.0,0.0,0.0,1.0,0.0,0.0,0.0,2.0,0.667,0.0,0.0,0.0,0.0,0.0,0.0,0.0,0.0,0.0,0.0,0.0,0.0,0.0,0.0,0.0,0.0,2.0,0.0,0.0,0.0,2.0,0.0,1.0,0.0,1.0,0.0,0.359,F-G,0.59,72.0,-0.049,122.0,0.639,0.0,0.0,0.0,2.0,0.0,0.0,0.0,1.0,1.0,0.0,0.0,0.0,0.0,0.0,0.0,0.0,0.0,0.0,0.0,2.0,0.0,0.0,0.0,0.0,0.0,0.0,0.0,CHI,0.0,0.0,1.0,0.0,1.0,0.0,2026,22500587,,,,,,,,0.692,4.0,9.0,0.444,0.378,0.067,0.308,1.0,4.0,0.25,0.574,-0.324,0.077,1.0,1.0,1.0,0.662,0.338,0.077,1.0,1.0,1.0,0.614,0.386,0.923,4.0,12.0,0.333,0.375,-0.042,7.0,3.0,4.0,3.0,0.0,1.0,2.0,0.0,3.0,3.0,0.0,1.0,0.0,0.0,0.0,0.0,0.0,0.0,0.0,0.0,0.0,24.0,0.0,0.0,0.0,0.0,0.0,0.0,0.0,0.0,0.0,0.0,0.0,0.0,0.0,0.0,0.0,0.0,0.0,,,,,,,,,,,BKN,CHI,20260116,2025-26,False,CHI,BKN,,,,CHI,,CHI,,,13.0,0.477,5.0,0.385,-0.092,,,,,,,,,,,,,,,,,,,,,,,,,,,,,,1.3,1.2,4.18,4.97,2.4,3.83,32.5,12879.0,,,,,,,,,,,,,,,,,,,,,,,,,,,,,,,,,,,,,,,,,,,,,,,,,,,,,,,,,1.0,,BKN,1610612751.0
1630171,Isaac Okoro,Isaac,1610612741,CHI,25.0,1,1,0,1.0,33.821666666666665,5,10,0.5,1,4,0.25,1,1,1.0,1,1,2,3,0,0,0,0,4,3,12,0,18.9,0,0,18.0,1,1,1,1,18,40,45,49,49,49,68,66,80,1,38,111,99,45,85,58,45,1,130,28,46,71,82,13,1,78,,121,134.3,134.3,7.5,128.8,119,70,0.13,84,58,123,71,5.0,5.5,0.0,0.136,123,9,128,58,128.8,0.0,10.0,0.094,0.55,42,0.037,1,127.4,101.47,0.034,101.84,5.5,128,1,55,116,84.56,47,0.575,55,66,101.47,113,9,51,72,134.8,40,0.039,0.0,6,23.1,69,45,0.036,0.0,3.0,0.0,5.0,0.143,0.143,6.0,27.0,21.0,0.0,1.0,0.0,0.333,0.0,0.5,4.0,0.0,0.0,0.0,0.25,2.0,3.0,0.25,0.0,1.0,1.0,35.0,1.25,1.0,0.0,0.0,26.0,1.56,0.343,0.6,0.0,12.0,0.9,4.0,0.286,1.0,3.0,1.0,0.25,0.333,13.3,0.0,1.0,0.0,9.7,1.0,0.5,4.0,1.0,0.333,0.333,11.5,1.0,0.0,0.333,0.0,7.0,1.0,1.0,0.2,0.5,0.5,2.0,0.0,1.0,1.0,0.0,,2.0,0.2,0.5,0.0,0.667,0.3,3.0,2.0,0.0,2.0,3.0,0.0,0.3,,0.0,0.667,0.667,1.0,1.0,0.0,1.0,1.0,0.0,1.0,0.1,0.0,,1.0,1.0,0.1,0.4,0.375,0.4,0.0,0.0,0.25,0.25,,1.0,4.0,0.0,1.0,4.0,,,,0.0,0.0,0.0,0.0,0.0,0.0,1.0,0.0,0.0,3.0,5.0,0.55,0.0,0.25,0.0,0.0,1.0,0.0,0.0,2.0,1.0,0.0,0.0,1.0,0.5,0.0,1.0,0.0,4.0,0.0,0.0,1.0,5.0,0.0,2.0,0.0,0.8,1.0,0.37,F-G,0.587,71.0,-0.052,121.0,0.639,,1.0,0.0,5.0,0.0,0.0,0.0,2.0,0.8,0.0,1.0,0.0,2.0,0.0,0.0,0.0,0.0,0.5,0.0,4.0,,,0.0,0.0,0.0,0.0,0.0,CHI,1.0,0.25,4.0,1.0,4.0,0.375,2026,22500573,,,,,,,,0.412,2.0,7.0,0.286,0.343,-0.057,0.588,9.0,10.0,0.9,0.564,0.336,0.471,7.0,8.0,0.875,0.637,0.238,0.471,7.0,8.0,0.875,0.603,0.272,0.471,3.0,8.0,0.375,0.361,0.014,8.0,3.0,5.0,0.0,0.0,0.0,0.0,1.0,0.0,1.0,1.0,0.0,0.0,1.0,1.0,1.0,0.0,0.0,1.0,1.0,0.0,35.0,1.0,0.0,0.0,0.0,0.0,0.0,0.0,0.0,0.0,0.0,0.0,0.0,0.0,0.0,0.0,0.0,0.0,,,,,,,,,,,CHI,UTA,20260114,2025-26,False,CHI,UTA,CHI,,,CHI,,CHI,,,17.0,0.459,11.0,0.647,0.188,,,,,,,,,,,,,,,,,,,,,,,,,,,,,,1.4,1.3,4.46,4.65,2.7,4.28,33.8,14179.0,,,,,,,,,,,,,,,,,,,,,,,,,,,,,,,,,,,,,,,,,,,,,,,,,,,,,,,,,1.0,,UTA,1610612762.0
1630171,Isaac Okoro,Isaac,1610612741,CHI,25.0,1,1,0,1.0,30.9,6,7,0.857,0,0,0.0,0,0,0.0,2,0,2,1,0,1,0,1,4,1,12,1,18.9,0,0,17.0,1,1,1,1,12,10,23,2,22,35,22,25,25,25,6,34,26,25,34,11,13,28,35,23,17,16,22,7,2,24,,34,128.8,128.8,9.2,121.7,27,66,0.101,34,15,32,31,6.0,7.0,0.0,0.103,32,3,31,15,121.7,0.0,7.0,0.037,0.857,26,0.095,1,121.0,104.85,0.0,104.61,7.0,34,1,36,36,87.38,37,0.857,36,8,104.85,37,3,12,3,130.2,10,0.058,0.0,3,12.5,3,23,0.04,0.0,2.0,1.0,2.0,0.067,0.133,2.0,15.0,15.0,0.0,0.0,1.0,1.0,0.0,0.667,3.0,0.0,0.0,0.333,0.0,2.0,1.0,0.0,0.0,0.0,1.0,24.0,1.333,0.0,1.0,2.0,14.0,1.73,0.5,1.25,0.0,12.0,0.7,6.0,0.667,0.0,3.0,0.0,0.0,0.667,0.0,0.0,1.0,0.0,6.2,0.5,0.5,0.0,0.0,0.667,0.0,6.2,1.0,1.0,0.667,0.0,3.0,1.0,1.0,0.143,1.0,1.0,1.0,0.0,1.0,1.0,0.0,,1.0,0.143,1.0,0.0,0.75,0.571,4.0,3.0,0.0,3.0,4.0,0.0,0.571,,0.0,0.75,0.75,1.0,2.0,0.0,2.0,1.0,0.0,2.0,0.286,0.0,,1.0,2.0,0.286,,,,,,,,,,,,,,,,,,0.0,0.0,0.0,,0.0,1.0,1.0,2.0,0.0,8.0,0.857,0.0,0.0,0.0,0.0,1.0,0.0,,0.0,0.0,,,0.0,0.0,0.0,0.0,0.0,6.0,0.0,0.0,0.0,6.0,0.0,0.0,0.0,1.0,0.0,0.41,F-G,0.6,45.0,-0.036,75.0,0.636,0.0,0.0,0.0,7.0,0.0,,0.0,0.0,0.857,0.0,0.0,0.0,0.0,0.0,0.0,0.0,0.0,0.0,0.0,6.0,0.0,0.0,0.0,0.0,,,0.0,CHI,0.0,,,,0.0,,2026,22500367,,,,,,,,0.533,3.0,8.0,0.375,0.351,0.024,0.467,4.0,7.0,0.571,0.555,0.016,0.267,3.0,4.0,0.75,0.653,0.098,0.4,4.0,6.0,0.667,0.592,0.074,0.533,3.0,8.0,0.375,0.366,0.009,5.0,2.0,3.0,1.0,0.0,0.0,0.0,0.0,0.0,0.0,0.0,0.0,0.0,0.0,0.0,0.0,0.0,0.0,0.0,0.0,0.0,24.0,0.0,0.0,0.0,0.0,0.0,0.0,0.0,0.0,0.0,0.0,0.0,0.0,0.0,0.0,0.0,0.0,0.0,,,,,,,,,,,CHI,CLE,20251217,2025-26,False,CHI,CLE,CHI,,,CHI,,CHI,,,15.0,0.462,7.0,0.467,0.005,,,,,,,,,,,,,,,,,,,,,,,,,,,,,,1.2,1.3,4.58,4.73,2.5,4.46,30.9,13058.0,,,,,,,,,,,,,,,,,,,,,,,,,,,,,,,,,,,,,,,,,,,,,,,,,,,,,,,,,1.0,,CLE,1610612739.0
1630171,Isaac Okoro,Isaac,1610612741,CHI,25.0,1,1,0,1.0,27.05,5,9,0.556,2,6,0.333,0,1,0.0,1,1,2,1,0,0,2,0,0,2,12,8,21.9,0,0,21.0,1,1,1,1,50,37,54,33,26,26,52,73,72,73,36,87,81,72,81,64,2,1,1,35,49,28,66,11,2,64,,43,132.7,132.7,23.2,119.6,76,52,0.161,92,40,81,69,5.0,13.1,0.0,0.167,81,16,93,40,119.6,0.0,9.0,0.048,0.667,86,0.045,1,105.4,91.39,0.031,98.95,13.1,106,1,112,71,76.16,84,0.636,112,51,91.39,70,16,22,47,128.6,37,0.079,0.0,21,10.0,30,54,0.037,0.0,1.0,0.0,1.0,0.067,0.067,3.0,18.0,15.0,0.0,0.0,0.0,1.0,0.0,2.0,1.0,0.0,0.0,0.0,0.0,2.0,1.0,0.0,0.0,0.0,1.0,26.0,0.0,0.0,0.0,0.0,19.0,1.74,0.462,0.88,0.0,12.0,0.8,0.0,0.286,0.0,2.0,1.0,0.2,0.5,16.9,0.0,1.0,0.0,21.6,1.0,0.5,5.0,0.0,0.286,0.2,19.3,1.0,0.0,0.5,0.0,7.0,1.0,1.0,0.111,1.0,1.0,1.0,0.0,1.0,1.0,0.0,,1.0,0.111,1.0,0.0,1.0,0.111,1.0,1.0,0.0,1.0,1.0,0.0,0.111,,0.0,1.0,1.0,1.0,1.0,0.0,1.0,1.0,0.0,1.0,0.111,0.0,,1.0,1.0,0.111,0.667,0.5,0.667,0.0,0.0,0.333,0.333,,2.0,6.0,0.0,2.0,6.0,1.5,1.0,1.0,1.0,1.0,1.0,3.0,1.0,0.0,0.0,0.0,0.0,3.0,0.0,0.667,0.0,0.2,0.333,1.0,0.0,0.0,0.0,3.0,0.0,0.0,0.0,0.0,0.333,0.0,3.0,0.0,3.0,1.0,0.0,1.0,3.0,0.0,3.0,0.333,1.0,0.0,0.342,F-G,0.579,73.0,-0.06,126.0,0.639,,1.0,0.0,3.0,0.0,,0.0,2.0,1.0,0.5,0.0,0.0,4.0,0.0,0.0,0.0,0.0,0.25,0.0,3.0,,,0.0,1.0,,,0.0,CHI,1.0,0.2,5.0,1.0,5.0,0.3,2026,22500647,,,,,,,,0.667,1.0,6.0,0.167,0.358,-0.191,0.333,0.0,3.0,0.0,0.519,-0.519,0.111,0.0,1.0,0.0,0.635,-0.635,0.222,0.0,2.0,0.0,0.586,-0.586,0.667,1.0,6.0,0.167,0.374,-0.207,7.0,4.0,3.0,1.0,0.0,1.0,2.0,1.0,0.0,1.0,1.0,0.0,0.0,0.0,0.0,0.0,0.0,0.0,0.0,0.0,0.0,26.0,0.0,0.0,0.0,0.0,0.0,0.0,0.0,0.0,0.0,0.0,0.0,0.0,0.0,0.0,0.0,0.0,0.0,,,,,,,,,,,CHI,BOS,20260124,2025-26,False,CHI,BOS,CHI,,,CHI,,CHI,,,9.0,0.466,1.0,0.111,-0.355,,,,,,,,,,,,,,,,,,,,,,,,,,,,,,1.0,1.0,4.4,4.67,2.1,3.79,27.1,10894.0,,,,,,,,,,,,,,,,,,,,,,,,,,,,,,,,,,,,,,,,,,,,,,,,,,,,,,,,,1.0,,BOS,1610612738.0
1630171,Isaac Okoro,Isaac,1610612741,CHI,25.0,1,0,1,0.0,24.766666666666666,3,9,0.333,2,4,0.5,1,2,0.5,2,2,4,1,0,0,0,0,4,4,9,-4,15.3,0,0,16.0,1,79,79,79,68,72,53,107,27,58,27,58,45,64,19,75,54,82,90,74,38,1,138,16,73,97,96,9,1,89,,121,128.6,128.6,-0.9,136.7,129,49,0.179,116,92,133,74,3.0,-8.2,0.0,0.18,133,31,66,92,136.7,0.0,9.0,0.048,0.444,108,0.083,1,129.5,94.97,0.083,97.56,-8.2,97,1,140,70,79.14,115,0.455,140,27,94.97,75,31,81,108,128.7,72,0.017,0.0,34,9.1,98,53,0.083,0.0,1.0,0.0,1.0,0.05,0.05,2.0,20.0,20.0,2.0,2.0,0.0,0.0,0.25,0.25,4.0,1.0,1.0,0.0,0.5,1.0,1.0,0.0,0.5,0.0,0.0,32.0,0.667,0.0,0.0,0.0,21.0,1.77,0.281,0.84,0.0,9.0,0.9,3.0,,,,,,,,,,,,,,,,,,,,,,,,,,,,,,,,,,,,,,,,,,,,,,,,,,,,0.0,1.0,0.0,0.0,0.0,0.0,1.0,0.111,0.0,,0.0,0.0,0.111,0.444,0.75,0.444,0.0,0.0,0.5,0.5,,2.0,4.0,0.0,2.0,4.0,,,,0.0,0.0,0.0,0.0,0.0,0.0,0.333,0.0,0.0,6.0,2.0,0.444,0.0,0.5,1.0,1.0,2.0,0.0,0.0,2.0,1.0,0.0,0.0,0.0,0.5,0.0,1.0,0.0,1.0,1.0,0.0,1.0,3.0,0.0,2.0,0.5,0.333,0.0,0.365,F-G,0.566,64.0,-0.072,113.0,0.639,0.0,1.0,0.0,3.0,0.0,,0.0,1.0,0.333,1.0,2.0,0.0,3.0,0.0,0.0,0.0,0.0,0.333,0.0,1.0,0.0,0.0,0.0,1.0,,,0.0,CHI,2.0,0.5,4.0,2.0,4.0,0.75,2026,22500565,,,,,,,,0.091,1.0,1.0,1.0,0.346,0.654,0.909,7.0,10.0,0.7,0.559,0.141,0.091,1.0,1.0,1.0,0.659,0.341,0.182,1.0,2.0,0.5,0.632,-0.132,0.364,3.0,4.0,0.75,0.397,0.353,9.0,9.0,0.0,0.0,0.0,4.0,9.0,0.0,1.0,1.0,0.0,1.0,0.0,0.0,0.0,0.0,0.0,0.0,0.0,0.0,0.0,32.0,0.0,0.0,0.0,0.0,0.0,0.0,0.0,0.0,0.0,0.0,0.0,0.0,0.0,0.0,0.0,0.0,0.0,,,,,,,,,,,HOU,CHI,20260113,2025-26,False,CHI,HOU,,,,CHI,,CHI,,,11.0,0.505,8.0,0.727,0.222,,,,,,,,,,,,,,,,,,,,,,,,,,,,,,1.0,0.9,4.36,4.77,1.9,4.0,24.8,10205.0,,,,,,,,,,,,,,,,,,,,,,,,,,,,,,,,,,,,,,,,,,,,,,,,,,,,,,,,,1.0,,HOU,1610612745.0
1630171,Isaac Okoro,Isaac,1610612741,CHI,25.0,1,0,1,0.0,24.966666666666665,1,4,0.25,0,2,0.0,0,0,0.0,2,2,4,0,0,1,1,0,0,1,2,-4,12.8,0,0,10.0,1,134,134,134,120,179,177,192,141,146,141,122,134,122,45,134,101,186,160,48,32,1,1,104,197,175,178,19,2,189,,158,104.1,104.1,-8.9,112.2,199,49,0.071,186,171,163,130,1.0,-8.2,0.0,0.072,163,154,120,171,112.2,0.0,4.0,0.0,0.25,186,0.083,1,110.5,94.21,0.077,96.09,-8.2,169,1,178,237,78.5,166,0.25,178,55,94.21,238,154,171,213,101.6,179,0.03,0.0,153,0.0,205,177,0.08,0.0,0.0,0.0,2.0,0.0,0.0,0.0,12.0,17.0,0.0,3.0,0.0,0.5,0.0,0.333,6.0,0.0,0.0,0.0,0.5,2.0,2.0,0.0,0.0,0.0,1.0,22.0,0.0,0.0,0.0,0.0,13.0,2.4,0.091,1.68,0.0,2.0,0.9,0.0,1.0,0.0,2.0,1.0,1.0,1.0,5.9,0.0,1.0,1.0,17.0,0.0,0.25,2.0,0.0,1.0,1.0,11.5,3.0,2.0,1.0,0.5,4.0,0.0,,,,,,,,,,,,,,,1.0,0.25,1.0,1.0,0.0,1.0,1.0,0.0,0.25,,0.0,1.0,1.0,0.0,1.0,0.0,0.0,0.0,0.0,1.0,0.25,0.0,,0.0,0.0,0.25,0.5,0.0,0.5,0.0,0.0,0.0,0.0,,0.0,2.0,0.0,0.0,2.0,0.0,0.0,0.0,0.0,1.0,0.0,0.0,1.0,0.0,0.0,0.0,0.0,0.0,0.0,0.25,0.0,0.0,0.0,0.0,1.0,0.0,0.0,2.0,1.0,0.0,0.0,0.0,0.0,0.0,1.0,0.0,1.0,0.0,0.0,0.0,1.0,0.0,0.0,0.0,1.0,0.0,0.385,F-G,0.56,61.0,-0.076,109.0,0.635,0.0,0.0,0.0,1.0,0.0,,0.0,0.0,1.0,0.0,1.0,0.0,2.0,0.0,0.0,0.0,0.0,0.0,0.0,1.0,0.0,0.0,0.0,0.0,,,0.0,CHI,0.0,0.0,1.0,0.0,1.0,0.0,2026,22500517,,,,,,,,0.364,4.0,4.0,1.0,0.377,0.623,0.636,1.0,7.0,0.143,0.567,-0.424,0.364,0.0,4.0,0.0,0.619,-0.619,0.545,0.0,6.0,0.0,0.584,-0.584,0.364,4.0,4.0,1.0,0.374,0.626,3.0,3.0,0.0,3.0,0.0,0.0,0.0,1.0,0.0,1.0,1.0,0.0,0.0,1.0,1.0,1.0,1.0,0.0,1.0,1.0,1.0,22.0,0.0,0.0,0.0,0.0,0.0,0.0,0.0,0.0,0.0,0.0,0.0,0.0,0.0,0.0,0.0,0.0,0.0,,,,,,,,,,,DET,CHI,20260107,2025-26,False,CHI,DET,,,,CHI,,CHI,,,11.0,0.474,5.0,0.455,-0.019,,,,,,,,,,,,,,,,,,,,,,,,,,,,,,0.9,1.0,4.3,4.4,1.9,4.22,25.0,10151.0,,,,,,,,,,,,,,,,,,,,,,,,,,,,,,,,,,,,,,,,,,,,,,,,,,,,,,,,,1.0,,DET,1610612765.0
1630171,Isaac Okoro,Isaac,1610612741,CHI,25.0,1,0,1,0.0,27.166666666666668,1,5,0.2,0,4,0.0,0,0,0.0,0,2,2,1,1,1,0,0,3,0,2,-4,7.9,0,0,7.0,1,81,81,81,73,124,107,137,102,62,102,82,89,82,91,83,105,93,55,32,52,1,131,109,136,105,133,16,2,134,,98,111.1,111.1,-4.1,120.8,158,54,0.1,119,111,111,58,1.0,-9.6,14.3,0.106,111,92,135,111,120.8,1.0,5.0,0.043,0.2,84,0.0,132,118.6,94.53,0.065,93.96,-9.6,120,130,140,140,78.77,142,0.2,140,91,94.53,138,92,93,145,114.5,124,-0.016,14.3,81,14.3,139,107,0.035,0.0,1.0,0.0,3.0,0.042,0.042,2.0,19.0,24.0,0.0,1.0,0.0,0.0,0.0,0.0,1.0,0.0,0.0,0.0,1.0,0.0,0.0,0.0,0.0,0.0,0.0,29.0,0.667,0.0,0.0,0.0,21.0,1.47,0.069,0.66,0.0,2.0,0.7,3.0,0.4,1.0,0.0,2.0,0.4,0.0,9.3,0.0,0.0,0.0,0.0,0.0,0.0,5.0,1.0,0.5,0.5,9.3,2.0,0.0,0.0,0.0,5.0,0.0,,,,,,,,,,,,,,,,,,,,,,,,,,,,1.0,2.0,1.0,1.0,0.5,0.0,1.0,0.4,0.2,0.0,0.5,1.0,0.2,0.6,0.0,0.6,0.0,0.0,0.0,0.0,,0.0,3.0,0.0,0.0,3.0,,,,0.0,0.0,0.0,0.0,0.0,0.0,1.0,0.0,0.0,0.0,2.0,0.2,0.0,0.0,0.0,0.0,0.0,0.0,0.0,2.0,2.0,0.0,0.0,0.0,0.0,0.0,0.0,0.0,1.0,0.0,0.0,0.0,1.0,0.0,2.0,0.0,1.0,0.0,0.399,F-G,0.581,61.0,-0.055,105.0,0.636,,0.0,0.0,1.0,0.0,0.0,0.0,1.0,1.0,0.0,0.0,0.0,3.0,0.0,0.0,0.0,0.0,0.0,0.0,1.0,,,0.0,0.0,0.0,0.0,0.0,CHI,0.0,0.0,4.0,0.0,4.0,0.0,2026,22500489,,,,,,,,0.286,1.0,2.0,0.5,0.403,0.097,0.714,1.0,5.0,0.2,0.557,-0.357,0.571,1.0,4.0,0.25,0.627,-0.377,0.571,1.0,4.0,0.25,0.593,-0.343,0.429,1.0,3.0,0.333,0.405,-0.072,3.0,2.0,1.0,3.0,0.0,2.0,4.0,0.0,2.0,2.0,0.0,1.0,0.0,1.0,1.0,1.0,1.0,0.0,1.0,1.0,1.0,29.0,0.0,0.0,0.0,0.0,0.0,0.0,0.0,0.0,0.0,0.0,0.0,0.0,0.0,0.0,0.0,0.0,0.0,,,,,,,,,,,CHI,CHA,20260103,2025-26,False,CHI,CHA,,,,CHI,,CHI,,,7.0,0.488,2.0,0.286,-0.202,,,,,,,,,,,,,,,,,,,,,,,,,,,,,,1.1,1.0,4.39,4.9,2.1,3.93,27.2,11023.0,,,,,,,,,,,,,,,,,,,,,,,,,,,,,,,,,,,,,,,,,,,,,,,,,,,,,,,,,1.0,,CHA,1610612766.0
1630171,Isaac Okoro,Isaac,1610612741,CHI,25.0,1,0,1,0.0,19.466666666666665,4,8,0.5,1,1,1.0,1,2,0.5,2,2,4,2,0,0,0,0,2,2,10,-2,17.8,0,0,17.0,1,97,97,97,120,76,89,67,62,130,1,73,61,75,39,105,81,75,117,98,57,1,101,52,87,108,114,14,2,109,,94,120.0,120.0,3.8,122.0,104,40,0.188,90,103,130,103,4.0,-2.0,0.0,0.188,130,73,77,103,122.0,0.0,8.0,0.133,0.563,87,0.1,1,115.2,99.86,0.091,103.22,-2.0,108,1,118,90,83.22,78,0.563,118,48,99.86,93,73,79,91,119.0,76,0.085,0.0,73,18.2,79,89,0.095,0.0,3.0,1.0,4.0,0.111,0.167,6.0,17.0,18.0,0.0,1.0,0.0,0.0,0.0,0.0,3.0,0.0,0.0,0.0,0.333,0.0,2.0,0.0,0.0,0.0,0.0,26.0,0.5,0.0,0.0,0.0,13.0,1.88,0.385,1.35,0.0,10.0,0.8,2.0,0.5,0.0,4.0,1.0,0.5,0.5,7.6,0.0,3.0,1.0,2.1,1.0,0.75,4.0,0.0,0.5,0.5,4.9,1.0,0.0,0.5,0.5,8.0,2.0,,,,,,,,,,,,,,,0.0,0.5,4.0,0.0,0.0,0.0,4.0,0.0,0.5,,0.0,0.0,0.0,1.0,3.0,0.0,3.0,1.0,0.0,3.0,0.375,0.0,,1.0,3.0,0.375,0.125,1.5,0.125,0.0,0.0,1.0,1.0,,1.0,1.0,0.0,1.0,1.0,,,,0.0,0.0,0.0,0.0,0.0,0.0,0.0,0.0,0.0,3.0,1.0,0.563,0.0,1.0,0.0,1.0,1.0,0.0,0.0,0.0,0.0,0.0,0.0,0.0,0.0,0.0,0.0,0.0,3.0,0.0,0.0,0.0,6.0,0.0,1.0,1.0,0.5,0.0,0.405,F-G,0.6,54.0,-0.039,90.0,0.639,0.0,0.0,0.0,7.0,0.0,,0.0,1.0,0.429,1.0,0.0,0.0,0.0,0.0,0.0,0.0,0.0,0.0,0.0,3.0,0.0,0.0,0.0,1.0,,,0.0,CHI,1.0,1.0,1.0,1.0,1.0,1.5,2026,22500437,,,,,,,,0.417,2.0,5.0,0.4,0.396,0.004,0.583,3.0,7.0,0.429,0.547,-0.118,0.5,3.0,6.0,0.5,0.645,-0.145,0.583,3.0,7.0,0.429,0.591,-0.162,0.417,2.0,5.0,0.4,0.367,0.033,5.0,4.0,1.0,1.0,0.0,0.0,0.0,0.0,0.0,0.0,0.0,0.0,0.0,4.0,4.0,4.0,1.0,0.0,1.0,1.0,0.25,26.0,0.0,0.0,0.0,0.0,0.0,0.0,0.0,0.0,0.0,0.0,0.0,0.0,0.0,0.0,0.0,0.0,0.0,,,,,,,,,,,CHI,MIL,20251227,2025-26,False,CHI,MIL,,,,CHI,,CHI,,,12.0,0.512,5.0,0.417,-0.096,,,,,,,,,,,,,,,,,,,,,,,,,,,,,,0.7,0.8,4.42,4.85,1.5,4.1,19.5,7951.0,,,,,,,,,,,,,,,,,,,,,,,,,,,,,,,,,,,,,,,,,,,,,,,,,,,,,,,,,1.0,,MIL,1610612749.0
1630171,Isaac Okoro,Isaac,1610612741,CHI,25.0,1,1,0,1.0,22.09,2,6,0.333,1,3,0.333,3,4,0.75,2,0,2,1,0,0,1,1,3,2,8,-11,14.9,0,0,14.0,1,1,1,1,162,181,166,213,102,122,112,59,53,107,43,254,166,164,194,147,32,221,217,92,166,265,192,23,2,192,,258,123.4,123.4,-13.9,140.8,251,47,0.145,230,215,283,169,2.0,-17.4,0.0,0.147,283,115,211,215,140.8,0.0,6.0,0.048,0.417,194,0.091,1,134.9,104.3,0.0,107.69,-17.4,254,1,102,210,86.92,65,0.515,102,59,104.3,219,115,215,186,120.9,181,0.019,0.0,129,11.1,211,166,0.045,0.0,1.0,0.0,2.0,0.067,0.067,3.0,17.0,15.0,0.0,1.0,0.0,0.0,0.0,0.0,2.0,0.0,0.0,0.0,0.5,0.0,1.0,0.0,0.0,0.0,0.0,24.0,0.4,0.0,0.0,0.0,16.0,1.32,0.333,0.58,0.0,8.0,0.5,5.0,0.4,0.0,3.0,0.0,0.0,0.667,0.0,0.0,2.0,0.0,4.5,1.0,1.0,2.0,0.0,0.4,0.0,4.5,0.0,0.0,0.667,0.0,5.0,2.0,,,,,,,,,,,,,,,0.333,0.5,3.0,1.0,0.0,1.0,3.0,0.0,0.5,,0.0,0.333,0.333,,,,,,,,,,,,,,0.5,0.5,0.5,0.0,0.0,0.333,0.333,,1.0,3.0,0.0,1.0,3.0,,,,0.0,0.0,0.0,0.0,0.0,0.0,0.0,0.0,0.0,3.0,2.0,0.417,0.0,0.333,0.333,0.0,1.0,0.0,0.0,3.0,0.0,0.0,0.0,0.0,0.333,0.0,3.0,0.0,1.0,1.0,0.0,1.0,2.0,0.0,0.0,0.0,0.5,0.0,0.403,F-G,0.602,50.0,-0.036,83.0,0.639,0.0,1.0,0.0,2.0,0.0,0.0,0.0,0.0,0.5,0.0,1.0,0.0,3.0,0.0,0.0,0.0,0.0,0.333,0.0,1.0,0.0,0.0,0.0,0.0,0.0,0.0,0.0,CHI,1.0,0.333,3.0,1.0,3.0,0.5,2026,22500411,,,,,,,,0.429,1.0,3.0,0.333,0.362,-0.029,0.571,2.0,4.0,0.5,0.543,-0.043,0.143,1.0,1.0,1.0,0.679,0.321,0.286,1.0,2.0,0.5,0.563,-0.063,0.571,2.0,4.0,0.5,0.365,0.135,4.0,3.0,1.0,1.0,0.0,0.0,0.0,0.0,0.0,0.0,0.0,0.0,1.0,1.0,2.0,2.0,1.0,0.5,0.5,1.0,0.5,24.0,0.0,0.0,0.0,0.0,0.0,0.0,0.0,0.0,0.0,0.0,0.0,0.0,0.0,0.0,0.0,0.0,0.0,,,,,,,,,,,ATL,CHI,20251223,2025-26,False,CHI,ATL,,,,CHI,,CHI,,,7.0,0.47,3.0,0.429,-0.041,,,,,,,,,,,,,,,,,,,,,,,,,,,,,,0.9,0.8,4.34,4.53,1.7,4.13,22.1,9082.0,,,,,,,,,,,,,,,,,,,,,,,,,,,,,,,,,,,,,,,,,,,,,,,,,,,,,,,,,1.0,,ATL,1610612737.0
1630171,Isaac Okoro,Isaac,1610612741,CHI,25.0,1,1,0,1.0,18.591666666666665,6,7,0.857,2,3,0.667,0,1,0.0,1,0,1,1,0,2,0,0,6,1,14,5,22.7,0,0,22.0,1,1,1,1,82,27,69,6,33,58,13,69,71,69,29,102,96,75,75,7,34,1,117,60,43,26,54,18,1,59,,108,153.3,153.3,7.3,145.5,79,45,0.143,88,31,111,65,6.0,7.9,0.0,0.15,111,1,97,31,145.5,0.0,7.0,0.05,1.0,71,0.056,1,137.3,114.89,0.0,121.76,7.9,102,1,4,84,95.74,1,0.941,4,30,114.89,85,1,34,6,144.6,27,0.067,0.0,4,12.5,2,69,0.032,0.0,2.0,1.0,2.0,0.091,0.182,3.0,14.0,11.0,0.0,2.0,0.0,0.0,0.0,0.0,2.0,0.0,0.0,0.0,1.0,0.0,0.0,0.0,0.0,0.0,0.0,18.0,0.0,0.0,0.0,0.0,11.0,1.53,0.778,1.0,0.0,14.0,0.5,1.0,0.333,0.0,1.0,0.0,0.0,1.0,0.0,0.0,0.0,0.0,5.0,0.0,0.0,2.0,0.0,0.333,0.0,5.0,1.0,1.0,1.0,0.0,3.0,0.0,,,,,,,,,,,,,,,1.0,0.429,3.0,3.0,0.0,3.0,3.0,0.0,0.429,,0.0,1.0,1.0,,,,,,,,,,,,,,0.571,1.0,0.429,1.0,1.0,0.667,0.75,1.0,2.0,3.0,0.143,3.0,4.0,,,,0.0,0.0,0.0,0.0,0.0,0.0,0.0,0.0,0.0,6.0,0.0,1.0,0.0,0.667,1.0,1.0,0.0,0.0,0.0,2.0,1.0,0.0,0.0,0.0,0.5,0.0,1.0,0.0,4.0,1.0,0.0,1.0,4.0,0.0,1.0,1.0,1.0,0.0,0.412,F-G,0.598,49.0,-0.041,82.0,0.638,0.0,1.0,0.0,4.0,0.0,,0.0,1.0,1.0,1.0,0.0,0.0,2.0,0.0,0.0,0.0,0.0,0.5,0.0,4.0,0.0,0.0,0.0,1.0,,,0.0,CHI,2.0,0.667,3.0,2.0,3.0,1.0,2026,22500396,,,,,,,,0.455,2.0,5.0,0.4,0.3,0.1,0.545,4.0,6.0,0.667,0.558,0.109,0.364,2.0,4.0,0.5,0.664,-0.164,0.545,4.0,6.0,0.667,0.599,0.068,0.455,2.0,5.0,0.4,0.306,0.094,2.0,2.0,0.0,2.0,0.0,0.0,0.0,1.0,0.0,1.0,1.0,0.0,0.0,0.0,0.0,0.0,0.0,0.0,0.0,0.0,0.0,18.0,0.0,0.0,0.0,0.0,0.0,0.0,0.0,0.0,0.0,0.0,0.0,0.0,0.0,0.0,0.0,0.0,0.0,,,,,,,,,,,ATL,CHI,20251221,2025-26,False,CHI,ATL,,,,CHI,,CHI,,,11.0,0.494,6.0,0.545,0.052,,,,,,,,,,,,,,,,,,,,,,,,,,,,,,0.8,0.8,4.91,4.89,1.6,4.93,18.6,8479.0,,,,,,,,,,,,,,,,,,,,,,,,,,,,,,,,,,,,,,,,,,,,,,,,,,,,,,,,,1.0,,ATL,1610612737.0
1630171,Isaac Okoro,Isaac,1610612741,CHI,25.0,1,1,0,1.0,19.5,1,3,0.333,1,1,1.0,0,0,0.0,1,1,2,0,0,3,1,0,0,0,3,-14,17.4,0,0,14.0,1,1,1,1,67,83,85,70,38,77,1,61,63,61,36,69,71,80,72,1,13,1,1,76,84,95,63,11,1,72,,91,97.7,97.7,-34.6,123.9,76,44,0.06,80,89,81,60,1.0,-26.2,0.0,0.059,81,82,79,89,123.9,0.0,3.0,0.0,0.5,80,0.037,1,127.7,110.77,0.053,111.8,-26.2,77,1,18,100,92.31,10,0.5,18,51,110.77,100,82,94,60,93.1,83,0.057,0.0,86,0.0,49,85,0.043,0.0,0.0,0.0,2.0,0.0,0.0,0.0,11.0,16.0,0.0,3.0,0.0,0.0,0.0,0.0,4.0,0.0,0.0,0.0,0.75,0.0,1.0,0.0,0.0,0.0,0.0,19.0,0.0,0.0,0.0,1.0,12.0,2.11,0.158,1.74,0.0,3.0,0.7,1.0,0.333,2.0,2.0,1.0,0.25,1.0,11.5,1.0,0.0,0.0,22.0,0.0,0.0,4.0,1.0,0.5,0.333,16.7,2.0,1.0,0.5,0.0,6.0,0.0,,,,,,,,,,,,,,,0.0,0.333,1.0,0.0,0.0,0.0,1.0,0.0,0.333,,0.0,0.0,0.0,0.0,1.0,0.0,0.0,0.0,0.0,1.0,0.333,0.0,,0.0,0.0,0.333,0.333,1.5,0.333,0.0,0.0,1.0,1.0,,1.0,1.0,0.0,1.0,1.0,1.5,1.0,1.0,1.0,1.0,1.0,3.0,1.0,0.0,0.0,0.0,0.0,0.0,0.0,0.5,0.0,0.0,0.0,1.0,0.0,0.0,,0.0,,,,,0.0,0.0,0.0,0.0,0.0,0.0,0.0,0.0,2.0,0.0,1.0,1.0,0.0,,0.415,F-G,0.603,47.0,-0.034,78.0,0.637,0.0,0.0,0.0,2.0,,,0.0,1.0,0.0,1.0,0.0,0.0,0.0,0.0,0.0,,,0.0,0.0,0.0,0.0,0.0,0.0,1.0,,,0.0,CHI,0.0,,0.0,0.0,0.0,,2026,22500384,,,,,,,,,,,,,,1.0,2.0,5.0,0.4,0.57,-0.17,0.6,2.0,3.0,0.667,0.654,0.013,0.8,2.0,4.0,0.5,0.607,-0.107,,,,,,,2.0,2.0,0.0,1.0,0.0,0.0,0.0,0.0,0.0,0.0,0.0,0.0,0.0,0.0,0.0,0.0,0.0,0.0,0.0,0.0,0.0,19.0,0.0,0.0,0.0,0.0,0.0,0.0,0.0,0.0,0.0,0.0,0.0,0.0,0.0,0.0,0.0,0.0,0.0,,,,,,,,,,,CLE,CHI,20251219,2025-26,False,CHI,CLE,,,,CHI,,CHI,,,5.0,0.452,2.0,0.4,-0.052,,,,,,,,,,,,,,,,,,,,,,,,,,,,,,0.9,0.8,4.68,5.36,1.6,4.59,19.5,8684.0,,,,,,,,,,,,,,,,,,,,,,,,,,,,,,,,,,,,,,,,,,,,,,,,,,,,,,,,,1.0,,CLE,1610612739.0
1630171,Isaac Okoro,Isaac,1610612741,CHI,25.0,1,1,0,1.0,26.166666666666668,7,11,0.636,0,2,0.0,1,1,1.0,1,2,3,1,0,0,0,0,3,1,15,-4,20.1,0,0,19.0,1,1,1,1,62,21,41,21,85,79,85,68,77,1,39,82,77,88,91,71,49,1,87,77,42,96,83,12,2,81,,128,126.3,126.3,-5.7,133.3,80,57,0.177,118,93,130,81,7.0,-7.0,0.0,0.189,130,31,81,93,133.3,0.0,11.0,0.045,0.636,113,0.048,1,135.2,104.56,0.083,102.54,-7.0,93,1,72,70,87.13,88,0.656,72,52,104.56,62,31,93,48,129.5,21,0.077,0.0,26,8.3,41,41,0.067,0.0,1.0,0.0,1.0,0.053,0.053,2.0,20.0,19.0,0.0,0.0,0.0,0.75,0.0,1.5,4.0,0.0,0.0,0.0,0.0,6.0,4.0,0.0,0.0,0.0,3.0,31.0,1.5,0.0,0.0,0.0,19.0,1.63,0.484,1.0,0.0,15.0,0.8,4.0,0.6,1.0,1.0,2.0,0.5,1.0,11.7,0.0,1.0,0.0,2.7,1.0,0.333,4.0,1.0,0.75,0.667,8.7,2.0,0.0,1.0,0.0,5.0,1.0,,,,,,,,,,,,,,,0.778,0.818,9.0,7.0,0.0,7.0,9.0,0.0,0.818,,0.0,0.778,0.778,,1.0,1.0,0.0,0.0,0.0,0.0,0.091,0.091,0.0,0.0,0.0,0.0,0.091,0.0,0.091,0.0,0.0,0.0,0.0,,0.0,1.0,0.0,0.0,1.0,0.0,0.0,0.0,0.0,1.0,0.0,0.0,1.0,0.0,0.75,0.0,0.0,0.0,6.0,0.636,0.0,0.0,0.0,0.0,1.0,1.0,0.0,2.0,0.0,0.0,0.0,0.0,0.0,0.0,2.0,0.0,6.0,0.0,0.0,0.0,8.0,1.0,0.0,0.0,0.75,0.0,0.43,F-G,0.588,40.0,-0.049,68.0,0.637,,0.0,0.0,9.0,0.0,0.0,0.0,0.0,0.778,0.0,0.0,0.0,2.0,0.0,0.0,0.0,0.0,0.0,0.0,7.0,,,0.0,0.0,0.0,0.0,0.0,CHI,0.0,0.0,1.0,0.0,1.0,0.0,2026,22501209,,,,,,,,0.143,0.0,1.0,0.0,0.338,-0.338,0.857,3.0,6.0,0.5,0.487,0.013,0.571,2.0,4.0,0.5,0.552,-0.052,0.714,3.0,5.0,0.6,0.531,0.069,0.143,0.0,1.0,0.0,0.339,-0.339,1.0,1.0,0.0,1.0,0.0,0.0,0.0,0.0,0.0,0.0,0.0,0.0,0.0,0.0,0.0,0.0,0.0,0.0,0.0,0.0,0.0,31.0,0.0,0.0,0.0,0.0,0.0,0.0,0.0,0.0,0.0,0.0,0.0,0.0,0.0,0.0,0.0,0.0,0.0,,,,,,,,,,,CHA,CHI,20251212,2025-26,False,CHI,CHA,,,,CHI,,CHI,,,7.0,0.421,3.0,0.429,0.008,,,,,,,,,,,,,,,,,,,,,,,,,,,,,,1.1,1.0,4.6,5.04,2.1,4.19,26.2,11121.0,,,,,,,,,,,,,,,,,,,,,,,,,,,,,,,,,,,,,,,,,,,,,,,,,,,,,,,,,1.0,,CHA,1610612766.0
1630171,Isaac Okoro,Isaac,1610612741,CHI,25.0,1,0,1,0.0,22.83333333333333,2,6,0.333,1,3,0.333,0,0,0.0,0,2,2,0,0,0,0,0,3,1,5,7,7.4,0,0,8.0,1,105,105,105,100,121,111,135,65,77,82,95,100,95,108,92,124,150,131,97,65,1,154,76,131,58,158,9,1,155,,118,135.6,135.6,16.7,117.4,170,45,0.12,150,56,120,109,2.0,18.2,0.0,0.119,120,22,145,56,117.4,0.0,6.0,0.0,0.417,150,0.0,1,117.3,95.65,0.083,96.24,18.2,126,1,165,156,79.71,153,0.417,165,108,95.65,158,22,61,141,134.0,121,0.0,0.0,25,0.0,129,111,0.043,0.0,0.0,0.0,0.0,0.0,0.0,0.0,19.0,20.0,0.0,0.0,0.0,0.0,0.0,0.0,3.0,0.0,0.0,0.0,0.0,0.0,2.0,0.0,0.0,0.0,0.0,28.0,2.0,0.0,0.0,0.0,19.0,1.95,0.179,1.14,0.0,5.0,0.9,1.0,0.333,2.0,1.0,2.0,0.4,0.0,13.2,0.0,0.0,0.0,0.0,0.0,0.0,5.0,2.0,0.5,0.667,13.2,2.0,0.0,0.0,0.0,6.0,0.0,,,,,,,,,,,,,,,0.333,0.5,3.0,1.0,0.0,1.0,3.0,0.0,0.5,,0.0,0.333,0.333,,,,,,,,,,,,,,0.5,0.5,0.5,0.0,0.0,0.333,0.333,,1.0,3.0,0.0,1.0,3.0,,,,0.0,0.0,0.0,0.0,0.0,0.0,1.0,0.0,0.0,3.0,2.0,0.417,0.0,0.333,1.0,0.0,0.0,0.0,0.0,2.0,1.0,0.0,0.0,0.0,0.5,0.0,1.0,0.0,1.0,1.0,0.0,1.0,3.0,0.0,1.0,0.0,0.333,0.0,0.339,F-G,0.595,78.0,-0.047,131.0,0.643,0.0,1.0,0.0,3.0,0.0,,0.0,1.0,0.333,0.0,0.0,0.0,2.0,0.0,0.0,0.0,0.0,0.5,0.0,1.0,0.0,0.0,0.0,0.0,,,0.0,CHI,1.0,0.333,3.0,1.0,3.0,0.5,2026,22500672,,,,,,,,0.4,1.0,4.0,0.25,0.358,-0.108,0.6,2.0,6.0,0.333,0.502,-0.169,0.2,2.0,2.0,1.0,0.644,0.356,0.4,2.0,4.0,0.5,0.551,-0.051,0.6,1.0,6.0,0.167,0.372,-0.205,7.0,5.0,2.0,0.0,0.0,2.0,5.0,0.0,0.0,0.0,0.0,0.0,0.0,1.0,1.0,1.0,0.0,0.0,1.0,1.0,0.0,28.0,0.0,0.0,0.0,0.0,0.0,0.0,0.0,0.0,0.0,0.0,0.0,0.0,0.0,0.0,0.0,0.0,0.0,,,,,,,,,,,IND,CHI,20260128,2025-26,False,CHI,IND,,,,CHI,,CHI,,,10.0,0.459,3.0,0.3,-0.159,,,,,,,,,,,,,,,,,,,,,,,,,,,,,,1.1,1.0,4.82,4.79,2.1,4.85,22.8,10933.0,,,,,,,,,,,,,,,,,,,,,,,,,,,,,,,,,,,,,,,,,,,,,,,,,,,,,,,,,1.0,,IND,1610612754.0
1630171,Isaac Okoro,Isaac,1610612741,CHI,25.0,1,1,0,1.0,35.61666666666667,8,10,0.8,2,4,0.5,6,8,0.75,1,4,5,2,2,1,2,0,4,5,24,31,40.0,0,0,39.0,1,1,1,1,12,21,67,13,37,66,31,16,11,57,56,54,62,77,33,35,9,1,169,15,19,1,25,14,2,22,,38,136.3,136.3,41.4,100.0,64,80,0.184,145,14,41,62,8.0,36.3,11.1,0.184,41,26,110,14,100.0,1.0,10.0,0.063,0.9,129,0.033,126,97.3,106.47,0.087,106.95,36.3,125,122,63,94,88.72,70,0.888,63,88,106.47,97,26,15,19,138.7,21,0.123,11.4,20,11.1,16,67,0.066,1.0,4.0,1.0,6.0,0.05,0.1,8.0,41.0,40.0,0.0,3.0,1.0,1.0,0.0,0.4,5.0,0.0,0.0,0.2,0.6,2.0,1.0,0.2,0.0,1.0,1.0,55.0,1.0,0.0,1.0,2.0,38.0,1.99,0.436,1.38,0.0,24.0,1.8,1.0,0.556,2.0,3.0,2.0,0.667,0.5,6.0,1.0,2.0,2.0,18.4,0.0,0.4,6.0,1.0,0.714,0.8,8.5,3.0,1.0,0.333,0.5,9.0,0.0,1.0,0.1,1.0,1.0,1.0,0.0,1.0,1.0,0.0,,1.0,0.1,1.0,0.0,1.0,0.3,3.0,3.0,0.0,3.0,3.0,0.0,0.3,,0.0,1.0,1.0,1.0,1.0,0.0,1.0,1.0,0.0,1.0,0.1,0.0,,1.0,1.0,0.1,0.5,0.8,0.4,1.0,1.0,0.5,0.6,1.0,2.0,4.0,0.1,3.0,5.0,,,,0.0,0.0,0.0,0.0,0.0,0.0,0.0,1.0,2.0,6.0,1.0,0.9,0.0,0.5,1.0,0.0,0.0,0.0,0.0,3.0,1.0,0.0,0.0,0.0,0.667,0.0,2.0,0.0,6.0,2.0,0.0,2.0,6.0,0.0,1.0,0.0,1.0,0.0,0.401,F-G,0.598,58.0,-0.04,97.0,0.638,0.0,2.0,0.0,6.0,0.0,,0.0,1.0,1.0,0.0,0.0,0.0,3.0,0.0,0.0,0.0,0.0,0.667,0.0,6.0,0.0,0.0,0.0,0.0,,,0.0,CHI,2.0,0.5,4.0,2.0,4.0,0.75,2026,22500466,,,,,,,,0.188,0.0,3.0,0.0,0.338,-0.338,0.813,4.0,13.0,0.308,0.536,-0.229,0.438,4.0,7.0,0.571,0.624,-0.052,0.563,4.0,9.0,0.444,0.579,-0.134,0.313,0.0,5.0,0.0,0.328,-0.328,9.0,7.0,2.0,2.0,1.0,2.0,4.0,0.0,0.0,0.0,0.0,0.0,0.0,3.0,3.0,3.0,0.0,0.0,1.0,1.0,0.0,55.0,0.0,0.0,0.0,0.0,0.0,0.0,0.0,0.0,0.0,0.0,0.0,0.0,0.0,0.0,0.0,0.0,0.0,,,,,,,,,,,CHI,NOP,20251231,2025-26,False,CHI,NOP,CHI,,,CHI,,CHI,,,16.0,0.484,4.0,0.25,-0.234,,,,,,,,,,,,,,,,,,,,,,,,,,,,,,1.6,1.3,4.59,5.01,2.9,4.15,35.6,15122.0,,,,,,,,,,,,,,,,,,,,,,,,,,,,,,,,,,,,,,,,,,,,,,,,,,,,,,,,,1.0,,NOP,1610612740.0
1630171,Isaac Okoro,Isaac,1610612741,CHI,25.0,1,1,0,1.0,34.4,7,12,0.583,2,2,1.0,4,6,0.667,0,1,1,3,1,1,0,1,3,5,20,10,27.7,0,0,28.0,1,1,1,1,18,17,32,28,31,71,1,15,13,44,66,94,99,40,47,28,44,78,83,11,18,14,45,12,2,36,,32,116.0,116.0,9.6,103.7,69,81,0.186,61,32,29,15,7.0,12.3,5.3,0.184,29,47,113,32,103.7,3.0,12.0,0.115,0.667,59,0.0,49,102.3,113.02,0.022,115.93,12.3,108,48,20,54,94.19,18,0.683,20,66,113.02,59,47,36,37,111.9,17,0.083,5.4,60,15.8,33,32,0.013,0.0,4.0,1.0,3.0,0.107,0.143,9.0,36.0,28.0,4.0,2.0,0.0,0.5,0.2,0.8,10.0,2.0,2.0,0.0,0.2,8.0,6.0,0.1,0.5,1.0,3.0,44.0,2.0,0.0,0.0,0.0,30.0,2.4,0.455,1.64,0.0,20.0,1.8,1.0,0.167,1.0,2.0,1.0,0.25,0.0,7.5,0.0,0.0,0.0,0.0,0.0,0.0,4.0,1.0,0.2,0.333,7.5,1.0,0.0,0.0,0.0,6.0,0.0,2.0,0.333,0.5,0.5,4.0,0.0,1.0,2.0,0.0,,4.0,0.333,0.5,0.0,0.5,0.5,6.0,3.0,0.0,3.0,6.0,0.0,0.5,,0.0,0.5,0.5,,2.0,2.0,0.0,1.5,2.0,0.0,0.167,0.167,1.0,1.0,2.0,0.0,,,,,,,,,,,,,,,,,0.0,0.0,0.0,0.0,0.0,0.0,1.0,0.0,0.0,6.0,2.0,0.667,0.0,1.0,0.0,2.0,3.0,1.0,0.0,0.0,0.0,0.0,0.0,0.0,0.0,0.0,0.0,0.0,4.0,0.0,0.0,0.0,7.0,0.333,2.0,1.0,0.571,0.0,0.336,F-G,0.593,83.0,-0.049,140.0,0.641,,1.0,1.0,7.0,0.0,0.0,0.333,1.0,0.571,1.0,3.0,0.0,1.0,0.0,0.0,0.0,0.0,1.0,0.0,4.0,,,0.0,1.0,0.0,0.0,0.0,CHI,2.0,1.0,2.0,2.0,2.0,1.5,2026,22500692,,,,,,,,0.478,4.0,11.0,0.364,0.354,0.01,0.522,6.0,12.0,0.5,0.546,-0.046,0.304,4.0,7.0,0.571,0.622,-0.051,0.435,6.0,10.0,0.6,0.572,0.029,0.565,4.0,13.0,0.308,0.354,-0.047,8.0,6.0,2.0,3.0,1.0,2.0,4.0,0.0,0.0,0.0,0.0,0.0,0.0,1.0,1.0,1.0,0.0,0.0,1.0,1.0,0.0,44.0,0.0,0.0,0.0,0.0,0.0,0.0,0.0,0.0,0.0,0.0,0.0,0.0,0.0,0.0,0.0,0.0,0.0,,,,,,,,,,,MIA,CHI,20260131,2025-26,False,CHI,MIA,CHI,,,CHI,,CHI,,,23.0,0.454,10.0,0.435,-0.019,,,,,,,,,,,,,,,,,,,,,,,,,,,,,,1.6,1.4,4.92,4.98,3.0,4.85,34.4,15859.0,,,,,,,,,,,,,,,,,,,,,,,,,,,,,,,,,,,,,,,,,,,,,,,,,,,,,,,,,1.0,,MIA,1610612748.0
1630171,Isaac Okoro,Isaac,1610612741,CHI,25.0,1,0,1,0.0,25.48333333333333,3,7,0.429,0,3,0.0,3,4,0.75,1,2,3,0,2,0,0,0,1,2,9,-32,10.6,0,0,12.0,1,119,119,119,89,87,106,107,129,91,129,35,33,63,64,100,105,168,40,107,59,1,60,55,92,228,161,17,1,150,,196,74.1,74.1,-56.1,130.9,181,54,0.183,168,211,197,115,3.0,-56.8,18.2,0.184,197,200,156,211,130.9,0.0,7.0,0.0,0.429,168,0.033,191,130.7,102.66,0.069,102.35,-56.8,153,189,98,120,85.55,93,0.514,98,113,102.66,131,200,211,117,74.6,87,0.034,18.6,203,0.0,134,106,0.051,0.0,0.0,0.0,4.0,0.0,0.0,0.0,25.0,24.0,2.0,1.0,0.0,0.667,0.2,1.0,5.0,1.0,1.0,0.0,0.2,5.0,3.0,0.0,0.5,0.0,2.0,35.0,0.0,0.0,0.0,0.0,24.0,2.4,0.257,1.97,0.0,9.0,1.4,1.0,0.375,0.0,2.0,1.0,0.286,0.5,6.6,0.0,2.0,1.0,1.4,1.0,0.667,7.0,0.0,0.375,0.286,4.9,2.0,1.0,0.5,0.5,8.0,1.0,,,,,,,,,,,,,,,0.667,0.429,3.0,2.0,0.0,2.0,3.0,0.0,0.429,,0.0,0.667,0.667,1.0,3.0,2.0,1.0,0.333,0.0,1.0,0.429,0.286,0.0,0.333,1.0,0.143,0.143,0.0,0.143,0.0,0.0,0.0,0.0,,0.0,1.0,0.0,0.0,1.0,,,,0.0,0.0,0.0,0.0,0.0,0.0,0.0,0.0,0.0,0.0,0.0,0.429,0.0,0.0,0.0,0.0,1.0,1.0,0.0,2.0,0.0,0.0,0.0,0.0,0.0,0.0,2.0,0.0,2.0,0.0,0.0,0.0,3.0,1.0,1.0,0.0,0.667,0.0,0.334,F-G,0.597,86.0,-0.043,144.0,0.641,0.0,0.0,1.0,3.0,0.0,,1.0,1.0,0.667,0.0,1.0,0.0,2.0,0.0,0.0,0.0,0.0,0.0,0.0,2.0,0.0,0.0,0.0,0.0,,,0.0,CHI,0.0,0.0,3.0,0.0,3.0,0.0,2026,22500705,,,,,,,,0.357,2.0,5.0,0.4,0.352,0.048,0.643,6.0,9.0,0.667,0.536,0.13,0.286,3.0,4.0,0.75,0.609,0.142,0.5,4.0,7.0,0.571,0.567,0.004,0.429,3.0,6.0,0.5,0.368,0.133,10.0,7.0,3.0,0.0,0.0,0.0,0.0,0.0,0.0,0.0,0.0,0.0,0.0,1.0,1.0,1.0,1.0,0.0,1.0,1.0,1.0,35.0,0.0,0.0,0.0,0.0,0.0,0.0,0.0,0.0,0.0,0.0,0.0,0.0,0.0,0.0,0.0,0.0,0.0,,,,,,,,,,,MIA,CHI,20260201,2025-26,False,CHI,MIA,,,,CHI,,CHI,,,14.0,0.481,8.0,0.571,0.09,,,,,,,,,,,,,,,,,,,,,,,,,,,,,,1.1,1.0,4.45,4.93,2.0,4.42,25.5,10678.0,,,,,,,,,,,,,,,,,,,,,,,,,,,,,,,,,,,,,,,,,,,,,,,,,,,,,,,,,1.0,,MIA,1610612748.0
1630171,Isaac Okoro,Isaac,1610612741,CHI,25.0,1,0,1,0.0,36.48333333333333,3,7,0.429,0,2,0.0,4,4,1.0,1,3,4,4,1,4,0,0,3,2,10,-25,31.8,0,0,26.0,1,109,109,109,8,101,106,122,129,119,129,29,39,1,65,70,75,38,82,2,59,1,139,66,104,208,52,18,3,70,,188,103.7,103.7,-30.3,135.8,126,82,0.105,75,183,194,15,3.0,-32.1,7.1,0.105,194,147,146,183,135.8,4.0,7.0,0.16,0.429,40,0.023,90,132.7,107.23,0.094,109.12,-32.1,122,82,47,182,89.36,36,0.571,47,121,107.23,185,147,182,111,102.4,101,0.079,7.3,153,28.6,142,106,0.053,1.0,5.0,0.0,7.0,0.105,0.132,11.0,27.0,38.0,0.0,5.0,0.0,1.0,0.0,0.571,7.0,0.0,0.0,0.0,0.714,4.0,2.0,0.286,0.0,2.0,2.0,49.0,0.0,0.0,0.0,4.0,26.0,2.0,0.204,1.14,0.0,10.0,1.6,4.0,0.5,0.0,3.0,3.0,0.5,0.333,6.8,0.0,0.0,0.0,20.0,0.0,0.0,6.0,0.0,0.5,0.5,10.1,4.0,1.0,0.333,0.0,8.0,0.0,0.0,0.143,0.0,0.0,1.0,0.0,1.0,0.0,0.0,,1.0,0.143,0.0,0.0,0.5,0.286,2.0,1.0,0.0,1.0,2.0,0.0,0.286,,0.0,0.5,0.5,1.0,2.0,0.0,2.0,1.0,0.0,2.0,0.286,0.0,,1.0,2.0,0.286,0.286,0.0,0.286,0.0,0.0,0.0,0.0,,0.0,2.0,0.0,0.0,2.0,0.5,0.0,0.5,0.0,2.0,1.0,2.0,1.0,0.0,0.0,0.0,0.0,0.0,0.0,0.429,0.0,0.0,0.0,0.0,3.0,2.0,0.0,1.0,1.0,0.0,0.0,0.0,0.0,0.0,0.0,0.0,1.0,0.0,0.0,0.0,2.0,0.667,1.0,0.0,0.5,0.0,0.337,F-G,0.58,94.0,-0.063,162.0,0.644,0.0,0.0,1.0,3.0,0.0,,0.5,0.0,0.667,0.0,2.0,0.0,2.0,0.0,0.0,0.0,0.0,0.0,0.0,2.0,0.0,0.0,0.0,0.0,,,0.0,CHI,0.0,0.0,1.0,0.0,1.0,0.0,2026,22500762,,,,,,,,0.333,2.0,4.0,0.5,0.324,0.177,0.667,3.0,8.0,0.375,0.541,-0.166,0.5,2.0,6.0,0.333,0.599,-0.265,0.583,3.0,7.0,0.429,0.579,-0.15,0.333,2.0,4.0,0.5,0.322,0.178,4.0,3.0,1.0,4.0,0.0,1.0,3.0,0.0,0.0,0.0,0.0,0.0,0.0,2.0,2.0,2.0,1.0,0.0,1.0,1.0,0.5,49.0,0.0,0.0,0.0,0.0,0.0,0.0,0.0,0.0,0.0,0.0,0.0,0.0,0.0,0.0,0.0,0.0,0.0,,,,,,,,,,,BKN,CHI,20260209,2025-26,False,CHI,BKN,CHI,,,CHI,,CHI,,,12.0,0.437,5.0,0.417,-0.02,,,,,,,,,,,,,,,,,,,,,,,,,,,,,,1.6,1.5,4.59,5.04,3.0,4.47,36.5,16004.0,,,,,,,,,,,,,,,,,,,,,,,,,,,,,,,,,,,,,,,,,,,,,,,,,,,,,,,,,1.0,,BKN,1610612751.0
1630171,Isaac Okoro,Isaac,1610612741,CHI,25.0,1,0,1,0.0,25.865,5,11,0.455,2,6,0.333,1,1,1.0,1,1,2,3,1,1,0,2,2,2,13,-14,21.9,0,0,22.0,1,105,105,105,100,65,62,112,39,42,87,94,113,1,54,144,130,62,77,46,68,184,89,54,78,182,106,18,4,101,,181,112.3,112.3,-27.2,136.8,123,57,0.185,69,160,178,22,5.0,-24.6,6.7,0.194,178,112,158,160,136.8,3.0,11.0,0.176,0.545,79,0.034,89,137.6,105.78,0.048,106.37,-24.6,157,89,55,96,88.15,54,0.568,55,87,105.78,94,112,170,109,110.4,65,0.071,6.5,119,20.0,99,62,0.04,0.0,3.0,0.0,6.0,0.15,0.15,8.0,25.0,20.0,0.0,3.0,0.0,0.0,0.0,0.0,4.0,0.0,0.0,0.0,0.75,0.0,1.0,0.0,0.0,0.0,0.0,34.0,1.0,0.0,0.0,1.0,27.0,1.46,0.382,0.85,0.0,13.0,0.8,2.0,0.286,2.0,6.0,1.0,0.5,0.2,8.5,1.0,1.0,0.0,10.9,1.0,0.5,2.0,1.0,0.4,1.0,9.7,1.0,0.0,0.167,0.0,7.0,1.0,0.0,0.091,0.0,0.0,1.0,0.0,1.0,0.0,0.0,,1.0,0.091,0.0,0.0,0.667,0.273,3.0,2.0,0.0,2.0,3.0,0.0,0.273,,0.0,0.667,0.667,,,,,,,,,,,,,,0.636,0.571,0.545,1.0,1.0,0.333,0.429,1.0,2.0,6.0,0.091,3.0,7.0,1.5,1.0,1.0,1.0,1.0,1.0,3.0,1.0,0.0,1.0,0.0,0.0,3.0,2.0,0.545,0.0,0.2,0.0,0.0,0.0,0.0,0.0,5.0,4.0,0.0,0.0,0.5,0.4,0.0,1.0,0.0,3.0,0.0,0.0,2.0,5.0,0.0,1.0,0.0,0.6,2.0,0.333,F-G,0.59,92.0,-0.056,156.0,0.645,0.0,2.0,0.0,5.0,0.0,0.0,0.0,1.0,0.6,0.0,0.0,0.0,5.0,0.0,0.0,0.0,0.0,0.4,0.0,3.0,0.0,0.0,0.0,0.0,0.0,0.0,0.0,CHI,1.0,0.2,5.0,1.0,5.0,0.3,2026,22500752,,,,,,,,0.75,3.0,6.0,0.5,0.393,0.107,0.25,1.0,2.0,0.5,0.512,-0.012,0.25,1.0,2.0,0.5,0.593,-0.093,0.25,1.0,2.0,0.5,0.555,-0.055,0.75,3.0,6.0,0.5,0.405,0.095,1.0,0.0,1.0,2.0,0.0,2.0,4.0,0.0,0.0,0.0,0.0,0.0,0.0,0.0,0.0,0.0,0.0,0.0,0.0,0.0,0.0,34.0,0.0,0.0,0.0,0.0,0.0,0.0,0.0,0.0,0.0,0.0,0.0,0.0,0.0,0.0,0.0,0.0,0.0,,,,,,,,,,,CHI,DEN,20260207,2025-26,False,CHI,DEN,CHI,,,CHI,,CHI,,,8.0,0.472,4.0,0.5,0.028,,,,,,,,,,,,,,,,,,,,,,,,,,,,,,1.1,1.0,4.6,4.87,2.1,4.33,25.9,11212.0,,,,,,,,,,,,,,,,,,,,,,,,,,,,,,,,,,,,,,,,,,,,,,,,,,,,,,,,,1.0,,DEN,1610612743.0
1630171,Isaac Okoro,Isaac,1610612741,CHI,25.0,1,0,1,0.0,40.41666666666666,3,10,0.3,1,6,0.167,2,2,1.0,1,1,2,2,2,2,2,1,0,1,9,-4,24.4,0,0,22.0,1,109,109,109,2,118,68,165,75,38,130,47,58,1,68,136,127,90,26,14,6,156,1,93,117,139,89,26,3,95,,132,118.4,118.4,0.4,123.0,175,87,0.134,154,121,140,72,3.0,-4.6,13.3,0.14,140,92,177,121,123.0,1.0,10.0,0.063,0.35,129,0.023,173,120.4,103.32,0.022,103.37,-4.6,177,167,82,164,86.1,74,0.414,82,115,103.32,159,92,108,155,120.8,118,0.031,13.4,84,13.3,167,68,0.022,0.0,2.0,0.0,3.0,0.069,0.069,6.0,28.0,29.0,2.0,7.0,0.0,0.5,0.1,0.4,10.0,2.0,1.0,0.0,0.7,4.0,2.0,0.1,1.0,1.0,1.0,43.0,0.0,2.0,0.0,0.0,25.0,2.48,0.209,1.51,0.0,9.0,1.8,0.0,0.333,0.0,3.0,1.0,0.333,0.333,7.6,0.0,0.0,0.0,23.2,0.0,0.0,3.0,0.0,0.333,0.333,15.4,2.0,1.0,0.333,0.0,6.0,0.0,0.0,0.111,0.0,0.0,1.0,0.0,1.0,0.0,0.0,,1.0,0.111,0.0,0.0,0.5,0.222,2.0,1.0,0.0,1.0,2.0,0.0,0.222,,0.0,0.5,0.5,1.0,2.0,1.0,1.0,1.25,1.0,1.0,0.222,0.111,1.0,1.0,2.0,0.111,0.444,0.0,0.444,0.0,0.0,0.0,0.0,,0.0,4.0,0.0,0.0,4.0,,,,0.0,0.0,0.0,0.0,0.0,0.0,0.0,0.0,0.0,3.0,0.0,0.35,0.0,0.2,0.5,0.0,2.0,1.0,0.0,2.0,0.0,0.0,0.0,0.0,0.5,0.0,2.0,0.0,1.0,1.0,0.0,1.0,2.0,0.5,4.0,0.0,0.5,0.0,0.335,F-G,0.586,89.0,-0.06,152.0,0.645,0.0,1.0,1.0,3.0,0.0,0.0,1.0,2.0,0.333,0.0,1.0,0.0,2.0,0.0,0.0,0.0,0.0,0.5,0.0,1.0,1.0,0.0,0.0,0.0,0.0,1.0,0.0,CHI,1.0,0.2,5.0,1.0,5.0,0.3,2026,22500722,,,,,,,,0.348,4.0,8.0,0.5,0.397,0.104,0.652,5.0,15.0,0.333,0.576,-0.242,0.348,3.0,8.0,0.375,0.689,-0.314,0.652,5.0,15.0,0.333,0.603,-0.27,0.348,4.0,8.0,0.5,0.397,0.103,16.0,11.0,5.0,3.0,0.0,2.0,5.0,1.0,0.0,1.0,1.0,0.0,0.0,1.0,1.0,1.0,0.0,0.0,1.0,1.0,0.0,43.0,2.0,0.0,0.0,0.0,0.0,0.0,0.0,0.0,0.0,1.0,0.5,1.0,0.5,1.0,0.5,0.0,0.0,,,,,,,,,,,MIL,CHI,20260203,2025-26,False,CHI,MIL,CHI,,,CHI,,CHI,,,23.0,0.501,9.0,0.391,-0.11,,,,,,,,,,,,,,,,,,,,,,,,,,,,,,1.6,1.6,4.49,5.08,3.2,4.03,40.4,16729.0,,,,,,,,,,,,,,,,,,,,,,,,,,,,,,,,,,,,,,,,,,,,,,,,,,,,,,,,,1.0,,MIL,1610612749.0
1630171,Isaac Okoro,Isaac,1610612741,CHI,25.0,1,0,1,0.0,29.766666666666666,3,8,0.375,0,4,0.0,4,4,1.0,2,0,2,1,1,1,0,0,2,2,10,-21,15.9,0,0,15.0,1,85,85,85,56,81,79,114,89,52,89,11,21,1,22,141,105,94,58,43,57,1,79,45,79,162,107,14,3,107,,148,100.0,100.0,-34.0,136.7,127,61,0.153,126,153,152,61,3.0,-36.7,8.3,0.157,152,131,138,153,136.7,1.0,8.0,0.05,0.375,117,0.063,86,134.8,97.56,0.0,97.85,-36.7,141,80,112,100,81.3,118,0.512,112,46,97.56,102,131,149,101,100.8,81,0.035,8.5,130,8.3,123,79,0.036,0.0,1.0,0.0,0.0,0.056,0.056,2.0,22.0,18.0,4.0,1.0,0.0,0.667,0.333,1.333,6.0,4.0,2.0,0.0,0.167,8.0,3.0,0.0,1.0,0.0,2.0,30.0,1.0,0.0,2.0,1.0,20.0,2.59,0.333,1.83,0.0,10.0,1.3,2.0,0.4,0.0,2.0,0.0,0.0,1.0,0.0,0.0,1.0,0.0,11.8,0.5,0.5,3.0,0.0,0.4,0.0,11.8,1.0,1.0,1.0,0.0,5.0,1.0,1.0,0.25,0.5,0.5,2.0,0.0,1.0,1.0,0.0,,2.0,0.25,0.5,0.0,1.0,0.125,1.0,1.0,0.0,1.0,1.0,0.0,0.125,,0.0,1.0,1.0,1.0,2.0,1.0,1.0,0.5,0.0,1.0,0.25,0.125,0.0,0.5,1.0,0.125,0.375,0.0,0.375,0.0,0.0,0.0,0.0,,0.0,3.0,0.0,0.0,3.0,0.0,0.0,0.0,0.0,3.0,0.0,0.0,3.0,0.0,1.0,1.0,2.0,0.0,2.0,0.375,0.0,0.0,0.0,0.0,0.0,0.0,0.0,3.0,2.0,0.0,0.0,0.0,0.0,0.0,1.0,0.0,3.0,0.0,0.0,0.0,4.0,0.0,1.0,0.0,0.75,0.0,0.334,F-G,0.591,91.0,-0.055,154.0,0.646,0.0,0.0,0.0,4.0,0.0,0.0,0.0,1.0,0.75,0.0,0.0,0.0,3.0,0.0,0.0,0.0,0.0,0.0,0.0,3.0,0.0,0.0,0.0,0.0,0.0,0.0,0.0,CHI,0.0,0.0,1.0,0.0,1.0,0.0,2026,22500736,,,,,,,,0.571,1.0,4.0,0.25,0.356,-0.106,0.429,2.0,3.0,0.667,0.587,0.079,0.286,2.0,2.0,1.0,0.707,0.293,0.286,2.0,2.0,1.0,0.663,0.338,0.571,1.0,4.0,0.25,0.39,-0.14,4.0,1.0,3.0,1.0,0.0,0.0,0.0,1.0,0.0,1.0,1.0,0.0,0.0,1.0,1.0,1.0,0.0,0.0,1.0,1.0,0.0,30.0,0.0,0.0,0.0,0.0,0.0,0.0,0.0,0.0,0.0,0.0,0.0,0.0,0.0,0.0,0.0,0.0,0.0,,,,,,,,,,,TOR,CHI,20260205,2025-26,False,CHI,TOR,CHI,,,CHI,,CHI,,,7.0,0.501,3.0,0.429,-0.073,,,,,,,,,,,,,,,,,,,,,,,,,,,,,,1.3,1.1,4.35,4.64,2.4,4.05,29.8,12496.0,,,,,,,,,,,,,,,,,,,,,,,,,,,,,,,,,,,,,,,,,,,,,,,,,,,,,,,,,1.0,,TOR,1610612761.0
1630171,Isaac Okoro,Isaac,1610612741,CHI,25.0,1,0,1,0.0,29.543333333333333,6,12,0.5,3,5,0.6,1,1,1.0,2,3,5,1,1,0,0,0,1,2,16,0,22.5,0,0,25.0,1,110,110,110,53,29,39,70,15,47,24,82,105,1,26,74,59,114,76,117,74,1,45,49,38,98,97,15,2,70,,110,110.9,110.9,3.8,109.2,87,64,0.183,156,94,127,66,6.0,1.7,7.1,0.191,127,85,114,94,109.2,1.0,12.0,0.056,0.625,156,0.065,98,106.3,104.8,0.088,106.65,1.7,151,98,74,97,87.33,58,0.643,74,58,104.8,94,85,91,75,110.1,29,0.111,6.9,82,7.1,64,39,0.077,1.0,2.0,0.0,2.0,0.048,0.095,4.0,22.0,21.0,0.0,0.0,1.0,1.0,0.0,1.0,2.0,0.0,0.0,0.5,0.0,2.0,1.0,0.0,0.0,0.0,1.0,37.0,1.667,0.0,0.0,0.0,24.0,1.73,0.432,1.14,0.0,16.0,1.1,3.0,0.833,1.0,3.0,3.0,1.0,1.0,14.7,1.0,1.0,0.0,10.8,0.5,0.2,3.0,0.0,1.0,1.0,13.1,4.0,1.0,0.667,0.0,6.0,1.0,2.0,0.25,0.667,0.667,3.0,0.0,1.0,2.0,0.0,,3.0,0.25,0.667,0.0,0.25,0.333,4.0,1.0,0.0,1.0,4.0,0.0,0.333,,0.0,0.25,0.25,,,,,,,,,,,,,,0.417,0.9,0.417,0.0,0.0,0.6,0.6,,3.0,5.0,0.0,3.0,5.0,,,,0.0,0.0,0.0,0.0,0.0,0.0,0.667,0.0,0.0,9.0,5.0,0.625,0.0,0.6,1.0,0.0,0.0,0.0,0.0,5.0,4.0,0.0,0.0,0.5,0.6,0.0,1.0,0.0,3.0,1.0,0.0,3.0,7.0,0.0,0.0,0.0,0.429,2.0,0.337,F-G,0.588,97.0,-0.055,165.0,0.642,0.0,3.0,0.0,7.0,0.0,,0.0,0.0,0.429,0.0,0.0,0.0,5.0,0.0,0.0,0.0,0.0,0.6,0.0,3.0,0.0,0.0,0.0,0.0,,,0.0,CHI,3.0,0.6,5.0,3.0,5.0,0.9,2026,22500797,,,,,,,,0.125,1.0,1.0,1.0,0.369,0.631,0.875,4.0,7.0,0.571,0.533,0.039,0.375,3.0,3.0,1.0,0.622,0.378,0.625,3.0,5.0,0.6,0.587,0.013,0.25,1.0,2.0,0.5,0.415,0.085,3.0,3.0,0.0,2.0,1.0,1.0,2.0,1.0,0.0,1.0,1.0,0.0,0.0,1.0,1.0,1.0,0.0,0.0,1.0,1.0,0.0,37.0,0.0,0.0,0.0,0.0,0.0,0.0,0.0,0.0,0.0,0.0,0.0,0.0,0.0,0.0,0.0,0.0,0.0,,,,,,,,,,,CHI,TOR,20260219,2025-26,False,CHI,TOR,CHI,,,CHI,,CHI,,,8.0,0.468,5.0,0.625,0.157,,,,,,,,,,,,,,,,,,,,,,,,,,,,,,1.2,1.1,4.34,4.38,2.3,4.31,29.6,12271.0,,,,,,,,,,,,,,,,,,,,,,,,,,,,,,,,,,,,,,,,,,,,,,,,,,,,,,,,,1.0,,TOR,1610612761.0
1630171,Isaac Okoro,Isaac,1610612741,CHI,25.0,1,0,1,0.0,33.00666666666667,4,10,0.4,3,7,0.429,1,1,1.0,3,3,6,1,2,0,0,1,3,2,12,-15,18.7,0,0,22.0,1,120,120,120,38,77,70,146,22,24,74,105,123,1,12,84,51,132,40,137,66,166,180,59,77,212,125,17,2,95,,121,87.9,87.9,-25.7,110.6,174,66,0.158,152,188,120,111,4.0,-22.7,15.4,0.165,120,200,114,188,110.6,0.5,10.0,0.071,0.55,167,0.081,178,112.8,95.98,0.091,95.49,-22.7,137,177,169,134,79.98,174,0.575,169,49,95.98,139,200,196,113,87.1,77,0.054,14.9,209,7.7,109,70,0.086,0.0,2.0,1.0,4.0,0.033,0.067,3.0,34.0,30.0,0.0,1.0,1.0,1.0,0.0,0.75,4.0,0.0,0.0,0.25,0.25,3.0,1.0,0.0,0.0,0.0,1.0,45.0,0.0,0.0,0.0,1.0,36.0,1.68,0.267,1.0,0.0,12.0,1.3,4.0,,,,,,,,,,,,,,,,,,,,,,,,,1.0,0.1,1.0,1.0,1.0,0.0,1.0,1.0,0.0,,1.0,0.1,1.0,0.0,0.0,0.2,2.0,0.0,0.0,0.0,2.0,0.0,0.2,,0.0,0.0,0.0,,1.0,1.0,0.0,1.5,1.0,0.0,0.1,0.1,1.0,1.0,1.0,0.0,0.6,0.5,0.6,0.0,0.0,0.333,0.333,,2.0,6.0,0.0,2.0,6.0,,,,0.0,0.0,0.0,0.0,0.0,0.0,0.0,0.0,0.0,9.0,0.0,0.55,0.0,0.429,1.0,1.0,0.0,0.0,0.0,5.0,4.0,0.0,0.0,0.25,0.4,0.0,1.0,0.0,1.0,1.0,0.0,2.0,3.0,0.0,2.0,0.5,0.333,1.0,0.335,F-G,0.581,100.0,-0.06,172.0,0.641,,3.0,0.0,3.0,0.0,,0.0,1.0,0.333,0.0,0.0,0.0,6.0,0.0,0.0,0.0,0.0,0.5,0.0,1.0,,,0.0,0.0,,,0.0,CHI,3.0,0.429,7.0,3.0,7.0,0.643,2026,22500825,,,,,,,,0.25,0.0,2.0,0.0,0.374,-0.374,0.75,4.0,6.0,0.667,0.542,0.125,0.25,2.0,2.0,1.0,0.639,0.362,0.375,3.0,3.0,1.0,0.588,0.412,0.5,1.0,4.0,0.25,0.369,-0.119,5.0,4.0,1.0,2.0,0.0,0.0,0.0,1.0,0.0,1.0,1.0,0.0,0.0,1.0,1.0,1.0,0.0,0.0,1.0,1.0,0.0,45.0,0.0,0.0,0.0,0.0,0.0,0.0,0.0,0.0,0.0,0.0,0.0,0.0,0.0,0.0,0.0,0.0,0.0,,,,,,,,,,,CHI,NYK,20260222,2025-26,False,CHI,NYK,CHI,,,CHI,,CHI,,,8.0,0.475,4.0,0.5,0.025,,,,,,,,,,,,,,,,,,,,,,,,,,,,,,1.2,1.2,4.3,3.99,2.5,4.27,33.0,12945.0,,,,,,,,,,,,,,,,,,,,,,,,,,,,,,,,,,,,,,,,,,,,,,,,,,,,,,,,,1.0,,NYK,1610612752.0
1630171,Isaac Okoro,Isaac,1610612741,CHI,25.0,1,0,1,0.0,33.833333333333336,5,12,0.417,3,6,0.5,2,2,1.0,3,0,3,3,1,1,1,1,2,2,15,-18,28.1,0,0,28.0,1,70,70,70,21,38,32,77,11,24,21,33,45,1,9,114,61,39,47,28,18,79,63,43,37,126,48,10,1,41,,84,105.5,105.5,-20.1,126.7,91,73,0.169,70,97,101,13,5.0,-21.2,5.9,0.165,101,79,98,97,126.7,3.0,12.0,0.13,0.542,61,0.079,57,118.8,104.99,0.0,112.08,-21.2,114,57,69,74,87.49,26,0.582,69,28,104.99,79,79,95,63,98.7,38,0.065,5.9,95,17.6,62,32,0.037,0.0,4.0,1.0,6.0,0.15,0.2,8.0,26.0,20.0,0.0,2.0,0.0,0.0,0.0,0.0,2.0,0.0,0.0,0.0,1.0,0.0,0.0,0.0,0.0,0.0,0.0,35.0,1.0,1.0,1.0,2.0,28.0,1.76,0.429,0.83,2.0,15.0,1.0,2.0,0.5,0.0,5.0,0.0,0.0,0.6,0.0,0.0,1.0,0.0,16.1,0.333,0.333,1.0,0.0,0.5,0.0,16.1,2.0,2.0,0.6,0.0,6.0,1.0,1.0,0.167,0.5,0.5,2.0,0.0,1.0,1.0,0.0,,2.0,0.167,0.5,0.0,0.0,0.25,3.0,0.0,0.0,0.0,3.0,0.0,0.25,,0.0,0.0,0.0,,2.0,2.0,0.0,0.0,0.0,0.0,0.167,0.167,0.0,0.0,0.0,0.0,0.417,1.1,0.333,1.0,1.0,0.75,0.8,1.0,3.0,4.0,0.083,4.0,5.0,,,,0.0,0.0,0.0,0.0,0.0,2.0,0.5,0.5,2.0,9.0,2.0,0.542,0.0,0.5,0.0,1.0,0.0,0.0,0.0,3.0,2.0,0.0,0.0,0.5,0.333,1.0,1.0,1.0,2.0,0.0,1.0,1.0,6.0,0.0,2.0,0.5,0.333,1.0,0.336,F-G,0.576,98.0,-0.064,170.0,0.641,0.0,2.0,0.0,6.0,0.0,0.0,0.0,2.0,0.333,0.5,0.0,0.0,4.0,0.0,0.0,0.0,0.0,0.5,0.0,2.0,0.0,0.0,0.0,1.0,0.0,0.0,0.0,CHI,3.0,0.5,6.0,3.0,6.0,0.75,2026,22500814,,,,,,,,0.353,3.0,6.0,0.5,0.35,0.15,0.647,4.0,11.0,0.364,0.534,-0.171,0.294,1.0,5.0,0.2,0.642,-0.442,0.471,3.0,8.0,0.375,0.567,-0.192,0.353,3.0,6.0,0.5,0.373,0.127,12.0,8.0,4.0,3.0,0.0,0.0,0.0,0.0,0.0,0.0,0.0,0.0,1.0,0.0,1.0,1.0,1.0,1.0,0.0,1.0,1.0,35.0,1.0,0.0,0.0,0.0,2.0,2.0,1.0,2.0,2.0,0.0,0.0,0.0,0.0,0.0,0.0,1.0,1.0,,,,,,,,,,,CHI,DET,20260221,2025-26,False,CHI,DET,CHI,,,CHI,,CHI,,,17.0,0.479,7.0,0.412,-0.067,,,,,,,,,,,,,,,,,,,,,,,,,,,,,,1.3,1.4,4.36,4.64,2.6,4.42,33.8,13977.0,,,,,,,,,,,,,,,,,,,,,,,,,,,,,,,,,,,,,,,,,,,,,,,,,,,,,,,,,1.0,,DET,1610612765.0
1630171,Isaac Okoro,Isaac,1610612741,CHI,25.0,1,0,1,0.0,27.071666666666665,1,6,0.167,1,5,0.2,4,4,1.0,1,1,2,2,0,1,0,1,0,2,7,-33,15.4,0,0,14.0,1,127,127,127,84,177,139,202,82,56,117,22,27,1,64,165,153,92,152,52,78,157,1,61,140,241,152,15,1,153,,222,86.4,86.4,-51.9,140.0,165,59,0.123,126,226,223,132,1.0,-53.6,0.0,0.123,223,216,185,226,140.0,0.0,6.0,0.118,0.25,86,0.036,1,138.2,105.5,0.043,106.24,-53.6,187,1,80,179,87.91,77,0.451,80,115,105.5,184,216,230,147,86.3,177,0.051,0.0,214,20.0,192,139,0.039,0.0,2.0,0.0,5.0,0.1,0.1,6.0,18.0,20.0,2.0,2.0,0.0,0.0,0.25,0.5,4.0,2.0,1.0,0.0,0.5,2.0,1.0,0.0,1.0,0.0,0.0,29.0,0.0,0.0,0.0,1.0,19.0,1.64,0.241,1.07,0.0,7.0,0.8,1.0,0.4,1.0,4.0,1.0,1.0,0.333,13.4,1.0,0.0,0.0,19.9,0.0,0.0,1.0,0.0,0.5,1.0,16.6,2.0,1.0,0.25,0.0,5.0,0.0,,,,,,,,,,,,,,,0.0,0.167,1.0,0.0,0.0,0.0,1.0,0.0,0.167,,0.0,0.0,0.0,,3.0,3.0,0.0,0.0,0.0,0.0,0.5,0.5,0.0,0.0,0.0,0.0,0.333,0.75,0.333,0.0,0.0,0.5,0.5,,1.0,2.0,0.0,1.0,2.0,0.0,0.0,0.0,0.0,1.0,0.0,0.0,1.0,0.0,0.0,0.0,0.0,3.0,0.0,0.25,0.0,0.25,0.0,1.0,1.0,0.0,0.0,2.0,2.0,0.0,0.0,0.0,0.0,0.0,0.0,0.0,0.0,0.0,0.0,0.0,0.0,0.0,3.0,0.333,0.0,0.0,0.331,F-G,0.583,102.0,-0.055,175.0,0.638,0.0,0.0,0.0,0.0,0.0,0.0,0.0,2.0,0.0,0.5,1.0,0.0,3.0,0.0,0.0,0.0,0.0,0.0,0.0,0.0,0.0,0.0,0.0,1.0,0.0,0.0,0.0,CHI,1.0,0.25,4.0,1.0,4.0,0.375,2026,22500836,,,,,,,,0.6,5.0,9.0,0.556,0.364,0.191,0.4,3.0,6.0,0.5,0.52,-0.02,0.2,2.0,3.0,0.667,0.614,0.053,0.267,3.0,4.0,0.75,0.568,0.182,0.6,5.0,9.0,0.556,0.371,0.184,6.0,2.0,4.0,0.0,0.0,0.0,0.0,0.0,0.0,0.0,0.0,0.0,0.0,0.0,0.0,0.0,0.0,0.0,0.0,0.0,0.0,29.0,0.0,0.0,0.0,0.0,0.0,0.0,0.0,0.0,0.0,0.0,0.0,0.0,0.0,0.0,0.0,0.0,0.0,,,,,,,,,,,CHI,CHA,20260224,2025-26,False,CHI,CHA,,,,CHI,,CHI,,,15.0,0.432,8.0,0.533,0.101,,,,,,,,,,,,,,,,,,,,,,,,,,,,,,1.0,1.1,4.32,4.41,2.1,4.26,27.1,11033.0,,,,,,,,,,,,,,,,,,,,,,,,,,,,,,,,,,,,,,,,,,,,,,,,,,,,,,,,,1.0,,CHA,1610612766.0
1630171,Isaac Okoro,Isaac,1610612741,CHI,25.0,1,0,1,0.0,37.406666666666666,4,8,0.5,1,4,0.25,3,4,0.75,2,3,5,0,1,1,0,0,1,2,12,-6,20.0,0,0,20.0,1,107,107,107,9,79,87,79,68,56,96,43,44,72,24,69,60,168,77,46,66,1,42,64,76,151,110,14,1,102,,84,103.7,103.7,-9.7,109.8,137,81,0.121,168,129,88,122,4.0,-6.1,9.1,0.12,88,140,137,129,109.8,0.0,8.0,0.0,0.563,168,0.059,117,110.1,104.58,0.07,106.15,-6.1,157,113,66,160,87.15,43,0.615,66,62,104.58,165,140,140,96,100.4,79,0.067,9.3,163,0.0,96,87,0.065,2.0,3.0,1.0,5.0,0.0,0.088,4.0,35.0,34.0,2.0,4.0,0.0,0.5,0.25,0.625,8.0,2.0,2.0,0.0,0.5,5.0,2.0,0.0,1.0,0.0,1.0,47.0,1.0,0.0,0.0,1.0,30.0,2.55,0.255,2.15,0.0,12.0,2.0,2.0,0.714,0.0,4.0,0.0,1.0,0.5,14.4,0.0,4.0,3.0,16.6,0.5,0.8,3.0,0.0,0.714,1.0,15.3,1.0,1.0,0.5,1.0,7.0,1.0,,,,,,,,,,,,,,,0.75,0.5,4.0,3.0,0.0,3.0,4.0,0.0,0.5,,0.0,0.75,0.75,,1.0,1.0,0.0,0.0,0.0,0.0,0.125,0.125,0.0,0.0,0.0,0.0,0.375,0.5,0.375,0.0,0.0,0.333,0.333,,1.0,3.0,0.0,1.0,3.0,0.0,0.0,0.0,0.0,1.0,0.0,0.0,1.0,0.0,1.0,0.0,0.0,3.0,2.0,0.563,0.0,0.333,0.5,0.0,0.0,0.0,0.0,3.0,1.0,0.0,0.0,0.0,0.333,0.0,2.0,0.0,3.0,1.0,0.0,1.0,4.0,0.0,1.0,0.0,0.75,0.0,0.332,F-G,0.578,104.0,-0.06,180.0,0.638,0.0,1.0,0.0,4.0,0.0,,0.0,1.0,0.75,0.0,0.0,0.0,3.0,0.0,0.0,0.0,0.0,0.333,0.0,3.0,0.0,0.0,0.0,0.0,,,0.0,CHI,1.0,0.333,3.0,1.0,3.0,0.5,2026,22500853,,,,,,,,0.462,1.0,6.0,0.167,0.339,-0.172,0.538,2.0,7.0,0.286,0.575,-0.29,0.385,2.0,5.0,0.4,0.651,-0.251,0.385,2.0,5.0,0.4,0.623,-0.223,0.462,1.0,6.0,0.167,0.337,-0.17,6.0,4.0,2.0,1.0,0.0,0.0,0.0,1.0,0.0,1.0,1.0,0.0,0.0,0.0,0.0,0.0,0.0,0.0,0.0,0.0,0.0,47.0,0.0,0.0,0.0,0.0,0.0,0.0,0.0,0.0,0.0,0.0,0.0,0.0,0.0,0.0,0.0,0.0,0.0,,,,,,,,,,,CHI,POR,20260226,2025-26,False,CHI,POR,,,,CHI,,CHI,,,13.0,0.467,3.0,0.231,-0.237,,,,,,,,,,,,,,,,,,,,,,,,,,,,,,1.6,1.4,4.46,4.7,3.0,4.22,37.4,15674.0,,,,,,,,,,,,,,,,,,,,,,,,,,,,,,,,,,,,,,,,,,,,,,,,,,,,,,,,,1.0,,POR,1610612757.0
1630171,Isaac Okoro,Isaac,1610612741,CHI,25.0,1,1,0,1.0,31.741666666666667,2,5,0.4,1,4,0.25,2,4,0.5,0,4,4,3,2,2,0,0,4,3,7,8,20.3,0,0,19.0,1,1,1,1,45,144,151,132,69,69,96,53,35,96,118,56,87,66,40,17,83,1,221,36,134,57,122,17,2,122,,57,106.9,106.9,15.6,95.8,192,72,0.114,121,83,70,67,2.0,11.1,16.7,0.114,70,116,145,83,95.8,1.5,5.0,0.125,0.5,71,0.0,198,92.6,108.88,0.108,110.15,11.1,119,195,25,191,90.73,23,0.518,25,118,108.88,196,116,75,123,108.2,144,0.034,17.0,111,25.0,109,151,0.054,0.0,3.0,0.0,8.0,0.111,0.111,9.0,28.0,27.0,2.0,5.0,1.0,1.0,0.125,0.375,8.0,1.0,1.0,0.125,0.625,3.0,1.0,0.125,0.5,1.0,1.0,36.0,0.0,0.0,0.0,0.0,24.0,2.12,0.194,1.67,0.0,7.0,1.3,0.0,0.5,1.0,1.0,4.0,0.571,0.0,15.7,0.0,0.0,0.0,0.0,0.0,0.0,7.0,1.0,0.571,0.667,15.7,4.0,0.0,0.0,0.0,8.0,0.0,,,,,,,,,,,,,,,1.0,0.2,1.0,1.0,0.0,1.0,1.0,0.0,0.2,,0.0,1.0,1.0,,,,,,,,,,,,,,0.8,0.375,0.8,0.0,0.0,0.25,0.25,,1.0,4.0,0.0,1.0,4.0,,,,0.0,0.0,0.0,0.0,0.0,0.0,0.0,0.0,0.0,3.0,0.0,0.5,0.0,0.25,0.0,0.0,0.0,0.0,0.0,3.0,2.0,0.0,0.0,0.5,0.333,0.0,1.0,0.0,1.0,0.0,0.0,1.0,1.0,0.0,1.0,0.0,1.0,1.0,0.335,F-G,0.575,107.0,-0.062,186.0,0.637,0.0,1.0,0.0,1.0,0.0,,0.0,0.0,1.0,0.0,0.0,0.0,4.0,0.0,0.0,0.0,0.0,0.25,0.0,1.0,0.0,0.0,0.0,0.0,,,0.0,CHI,1.0,0.25,4.0,1.0,4.0,0.375,2026,22500870,,,,,,,,0.429,2.0,6.0,0.333,0.4,-0.067,0.571,4.0,8.0,0.5,0.518,-0.018,0.429,3.0,6.0,0.5,0.597,-0.097,0.429,3.0,6.0,0.5,0.545,-0.045,0.571,3.0,8.0,0.375,0.4,-0.025,6.0,4.0,2.0,3.0,1.0,1.0,3.0,0.0,0.0,0.0,0.0,0.0,0.0,1.0,1.0,1.0,0.0,0.0,1.0,1.0,0.0,36.0,0.0,0.0,0.0,0.0,0.0,0.0,0.0,0.0,0.0,0.0,0.0,0.0,0.0,0.0,0.0,0.0,0.0,,,,,,,,,,,CHI,MIL,20260301,2025-26,False,CHI,MIL,,,,CHI,,CHI,,,14.0,0.449,6.0,0.429,-0.021,,,,,,,,,,,,,,,,,,,,,,,,,,,,,,1.3,1.3,4.61,4.61,2.6,4.61,31.8,13782.0,,,,,,,,,,,,,,,,,,,,,,,,,,,,,,,,,,,,,,,,,,,,,,,,,,,,,,,,,1.0,,MIL,1610612749.0
1630171,Isaac Okoro,Isaac,1610612741,CHI,25.0,1,0,1,0.0,31.80666666666667,1,9,0.111,0,5,0.0,2,2,1.0,0,1,1,2,2,0,0,0,3,1,4,-11,6.2,0,0,7.0,1,109,109,109,35,160,75,183,110,46,110,66,72,1,103,152,167,86,37,98,74,1,145,105,159,174,179,17,1,173,,146,95.8,95.8,-21.3,112.9,205,71,0.152,125,152,138,78,1.0,-17.1,14.3,0.15,138,143,189,152,112.9,1.0,9.0,0.091,0.111,113,0.0,154,114.2,106.39,0.027,107.39,-17.1,180,151,55,134,88.66,37,0.202,55,103,106.39,141,143,164,185,92.9,160,-0.043,14.4,154,14.3,183,75,0.013,0.0,3.0,1.0,4.0,0.074,0.111,5.0,29.0,27.0,0.0,2.0,1.0,0.5,0.0,0.4,5.0,0.0,0.0,0.2,0.4,2.0,2.0,0.0,0.0,0.0,1.0,40.0,1.0,2.0,2.0,1.0,27.0,1.88,0.1,0.95,0.0,4.0,1.3,2.0,0.125,1.0,4.0,1.0,0.25,0.0,15.7,1.0,0.0,0.0,0.0,0.0,0.0,4.0,0.0,0.143,0.25,15.7,1.0,0.0,0.0,0.0,8.0,0.0,0.0,0.111,0.0,0.0,1.0,0.0,1.0,0.0,0.0,,1.0,0.111,0.0,0.0,0.333,0.333,3.0,1.0,0.0,1.0,3.0,0.0,0.333,,0.0,0.333,0.333,,2.0,2.0,0.0,0.0,0.0,0.0,0.222,0.222,0.0,0.0,0.0,0.0,0.333,0.0,0.333,0.0,0.0,0.0,0.0,,0.0,3.0,0.0,0.0,3.0,,,,0.0,0.0,0.0,0.0,0.0,0.0,0.0,0.0,2.0,0.0,2.0,0.111,0.0,0.0,0.0,0.0,1.0,0.0,0.0,2.0,1.0,0.0,0.0,0.0,0.0,0.0,1.0,0.0,1.0,0.0,0.0,0.0,3.0,0.0,3.0,0.0,0.333,0.0,0.339,F-G,0.57,110.0,-0.068,193.0,0.638,0.0,0.0,0.0,3.0,0.0,,0.0,3.0,0.333,0.0,1.0,0.0,2.0,0.0,0.0,0.0,0.0,0.0,0.0,1.0,0.0,0.0,0.0,0.0,,,0.0,CHI,0.0,0.0,5.0,0.0,5.0,0.0,2026,22500889,,,,,,,,0.308,1.0,4.0,0.25,0.372,-0.122,0.692,4.0,9.0,0.444,0.556,-0.111,0.538,3.0,7.0,0.429,0.651,-0.222,0.692,4.0,9.0,0.444,0.583,-0.139,0.308,1.0,4.0,0.25,0.376,-0.126,8.0,6.0,2.0,3.0,0.0,0.0,0.0,0.0,0.0,0.0,0.0,0.0,0.0,1.0,1.0,1.0,0.0,0.0,1.0,1.0,0.0,40.0,2.0,0.0,0.0,0.0,0.0,0.0,0.0,0.0,0.0,2.0,1.0,1.0,0.5,0.0,0.0,0.0,0.0,,,,,,,,,,,CHI,OKC,20260303,2025-26,False,CHI,OKC,CHI,,,CHI,,CHI,,,13.0,0.452,5.0,0.385,-0.068,,,,,,,,,,,,,,,,,,,,,,,,,,,,,,1.5,1.3,4.76,4.95,2.8,4.56,31.8,14583.0,,,,,,,,,,,,,,,,,,,,,,,,,,,,,,,,,,,,,,,,,,,,,,,,,,,,,,,,,1.0,,OKC,1610612760.0
1630171,Isaac Okoro,Isaac,1610612741,CHI,25.0,1,0,1,0.0,23.731666666666666,2,5,0.4,2,5,0.4,3,4,0.75,0,1,1,1,0,0,0,0,6,2,9,-9,11.7,0,0,13.0,1,111,111,111,101,124,140,125,39,57,60,40,41,75,129,149,168,125,127,89,68,1,226,67,99,172,155,15,3,135,,147,103.8,103.8,-14.3,120.8,185,53,0.119,158,152,142,108,2.0,-17.0,0.0,0.118,142,164,192,152,120.8,0.0,5.0,0.063,0.6,130,0.0,1,119.1,107.2,0.04,107.4,-17.0,178,1,37,177,89.33,37,0.666,37,129,107.2,182,164,145,72,104.8,124,0.009,0.0,154,12.5,75,140,0.019,0.0,1.0,0.0,2.0,0.077,0.077,3.0,13.0,13.0,2.0,1.0,0.0,0.0,0.5,0.5,2.0,1.0,1.0,0.0,0.5,1.0,0.0,0.0,0.5,0.0,0.0,20.0,0.0,0.0,0.0,0.0,14.0,2.01,0.45,1.5,0.0,9.0,0.7,1.0,0.25,0.0,1.0,1.0,0.333,0.0,15.4,0.0,0.0,0.0,0.0,0.0,0.0,3.0,0.0,0.25,0.333,15.4,1.0,0.0,0.0,0.0,4.0,0.0,,,,,,,,,,,,,,,,,,,,,,,,,,,,,,,,,,,,,,,,,1.0,0.6,1.0,0.0,0.0,0.4,0.4,,2.0,5.0,0.0,2.0,5.0,1.5,1.0,1.0,1.0,1.0,1.0,3.0,1.0,0.0,0.0,0.0,0.0,3.0,0.0,0.6,0.0,0.25,0.0,2.0,0.0,0.0,0.0,0.0,0.0,0.0,0.0,0.0,0.0,0.0,0.0,0.0,0.0,0.0,0.0,0.0,0.0,0.0,5.0,0.4,0.0,0.0,0.34,F-G,0.569,112.0,-0.068,197.0,0.637,,0.0,0.0,0.0,0.0,,0.0,5.0,0.0,0.4,0.0,0.0,0.0,0.0,0.0,0.0,0.0,0.0,0.0,0.0,,,0.0,2.0,,,0.0,CHI,1.0,0.333,3.0,1.0,3.0,0.5,2026,22500930,,,,,,,,0.455,1.0,5.0,0.2,0.344,-0.144,0.545,3.0,6.0,0.5,0.561,-0.061,0.364,2.0,4.0,0.5,0.591,-0.091,0.545,3.0,6.0,0.5,0.59,-0.09,0.455,1.0,5.0,0.2,0.347,-0.147,5.0,3.0,2.0,1.0,0.0,0.0,0.0,0.0,1.0,1.0,0.0,1.0,0.0,0.0,0.0,0.0,0.0,0.0,0.0,0.0,0.0,20.0,0.0,0.0,0.0,0.0,0.0,0.0,0.0,0.0,0.0,0.0,0.0,0.0,0.0,0.0,0.0,0.0,0.0,,,,,,,,,,,SAC,CHI,20260308,2025-26,False,CHI,SAC,,,,CHI,,CHI,,,11.0,0.473,4.0,0.364,-0.109,,,,,,,,,,,,,,,,,,,,,,,,,,,,,,1.1,0.8,4.46,5.22,1.9,3.72,23.7,10204.0,,,,,,,,,,,,,,,,,,,,,,,,,,,,,,,,,,,,,,,,,,,,,,,,,,,,,,,,,1.0,,SAC,1610612758.0
1630171,Isaac Okoro,Isaac,1610612741,CHI,25.0,1,1,0,1.0,35.516666666666666,3,7,0.429,0,1,0.0,0,0,0.0,0,1,1,3,2,1,0,1,3,0,6,-1,12.7,0,0,12.0,1,1,1,1,27,99,94,103,100,124,100,108,115,108,104,123,146,53,31,41,50,140,130,137,124,106,136,17,2,134,,43,105.3,105.3,4.8,103.9,153,75,0.11,98,88,53,62,3.0,1.4,16.7,0.112,53,125,171,88,103.9,1.5,7.0,0.107,0.429,42,0.0,159,102.6,102.71,0.022,102.44,1.4,164,158,56,158,85.59,50,0.429,56,104,102.71,160,125,77,135,107.3,99,0.016,16.7,120,25.0,125,94,0.012,1.0,4.0,0.0,6.0,0.158,0.211,8.0,21.0,19.0,0.0,5.0,0.0,0.0,0.0,0.0,6.0,0.0,0.0,0.0,0.833,0.0,1.0,0.167,0.0,1.0,0.0,27.0,0.0,0.0,2.0,1.0,19.0,2.4,0.222,1.81,0.0,6.0,1.1,1.0,,,,,,,,,,,,,,,,,,,,,,,,,,,,,,,,,,,,,,,,,,,,,,,,,,,,,,,,,,,,,,,,,,,,,,,,,,,,,,,,,,0.0,0.0,0.0,,0.0,0.0,1.0,2.0,0.0,0.0,0.429,0.0,0.0,0.0,0.0,2.0,0.0,0.0,0.0,0.0,0.0,0.0,0.0,0.0,0.0,0.0,0.0,3.0,0.0,0.0,0.0,4.0,0.0,1.0,0.0,0.75,0.0,0.339,F-G,0.57,110.0,-0.068,193.0,0.638,0.0,0.0,0.0,5.0,0.0,0.0,0.0,1.0,0.6,0.0,1.0,0.0,0.0,0.0,0.0,0.0,0.0,0.0,0.0,3.0,0.0,0.0,0.0,0.0,0.0,0.0,0.0,CHI,0.0,,,,0.0,,2026,22500905,,,,,,,,,,,,,,,,,,,,,,,,,,,,,,,,,,,,,,8.0,4.0,4.0,2.0,0.0,0.0,0.0,0.0,0.0,0.0,0.0,0.0,0.0,0.0,0.0,0.0,0.0,0.0,0.0,0.0,0.0,27.0,0.0,0.0,0.0,0.0,0.0,0.0,0.0,0.0,0.0,0.0,0.0,0.0,0.0,0.0,0.0,0.0,0.0,,,,,,,,,,,PHX,CHI,20260305,2025-26,False,CHI,PHX,,,,CHI,,CHI,,,13.0,0.444,5.0,0.385,-0.059,,,,,,,,,,,,,,,,,,,,,,,,,,,,,,1.4,1.3,4.31,4.54,2.7,4.1,35.5,14285.0,,,,,,,,,,,,,,,,,,,,,,,,,,,,,,,,,,,,,,,,,,,,,,,,,,,,,,,,,1.0,,PHX,1610612756.0
1630171,Isaac Okoro,Isaac,1610612741,CHI,25.0,1,0,1,0.0,25.255,2,5,0.4,1,3,0.333,1,2,0.5,0,3,3,0,0,1,0,0,5,1,6,-10,12.6,0,0,12.0,1,86,86,86,83,105,107,91,52,71,54,62,43,66,87,64,89,128,109,29,59,1,155,72,107,132,119,17,3,117,,137,113.0,113.0,-12.4,131.5,138,54,0.107,128,121,144,97,2.0,-18.5,0.0,0.106,144,70,96,121,131.5,0.0,5.0,0.0,0.5,128,0.0,1,126.4,102.63,0.12,104.23,-18.5,77,1,74,137,85.53,48,0.51,74,87,102.63,140,70,113,93,114.0,105,0.007,0.0,73,0.0,76,107,0.064,0.0,0.0,0.0,4.0,0.0,0.0,0.0,19.0,21.0,2.0,5.0,0.0,0.0,0.143,0.143,7.0,1.0,1.0,0.0,0.714,1.0,0.0,0.0,0.5,0.0,0.0,28.0,2.0,0.0,0.0,0.0,17.0,1.83,0.214,1.46,0.0,6.0,0.9,1.0,0.429,1.0,1.0,3.0,0.5,0.0,11.7,0.0,0.0,0.0,0.0,0.0,0.0,6.0,1.0,0.5,0.6,11.7,3.0,0.0,0.0,0.0,7.0,0.0,,,,,,,,,,,,,,,0.0,0.2,1.0,0.0,0.0,0.0,1.0,0.0,0.2,,0.0,0.0,0.0,1.0,1.0,0.0,1.0,1.0,0.0,1.0,0.2,0.0,,1.0,1.0,0.2,0.6,0.5,0.6,0.0,0.0,0.333,0.333,,1.0,3.0,0.0,1.0,3.0,0.0,0.0,0.0,0.0,1.0,0.0,0.0,1.0,0.0,1.0,0.0,0.0,3.0,2.0,0.5,0.0,0.5,0.0,1.0,1.0,0.0,0.0,1.0,0.0,0.0,0.0,0.0,0.0,0.0,1.0,0.0,1.0,0.0,0.0,0.0,1.0,0.0,2.0,0.5,1.0,0.0,0.338,F-G,0.568,121.0,-0.069,213.0,0.637,,0.0,0.0,2.0,0.0,,0.0,2.0,0.5,0.5,0.0,0.0,1.0,0.0,0.0,0.0,0.0,0.0,0.0,1.0,,,0.0,1.0,,,0.0,CHI,1.0,0.5,2.0,1.0,2.0,0.75,2026,22501094,,,,,,,,0.556,3.0,5.0,0.6,0.349,0.251,0.444,2.0,4.0,0.5,0.578,-0.078,0.222,1.0,2.0,0.5,0.712,-0.212,0.222,1.0,2.0,0.5,0.653,-0.153,0.556,3.0,5.0,0.6,0.362,0.238,4.0,3.0,1.0,1.0,0.0,1.0,2.0,0.0,1.0,1.0,0.0,1.0,0.0,0.0,0.0,0.0,0.0,0.0,0.0,0.0,0.0,28.0,0.0,0.0,0.0,0.0,0.0,0.0,0.0,0.0,0.0,0.0,0.0,0.0,0.0,0.0,0.0,0.0,0.0,,,,,,,,,,,SAS,CHI,20260330,2025-26,False,CHI,SAS,,,,CHI,,CHI,,,9.0,0.488,5.0,0.556,0.067,,,,,,,,,,,,,,,,,,,,,,,,,,,,,,1.1,0.9,4.5,4.88,2.0,4.1,25.3,10436.0,,,,,,,,,,,,,,,,,,,,,,,,,,,,,,,,,,,,,,,,,,,,,,,,,,,,,,,,,1.0,,SAS,1610612759.0
1630171,Isaac Okoro,Isaac,1610612741,CHI,25.0,1,0,1,0.0,26.23333333333333,4,5,0.8,3,4,0.75,3,4,0.75,1,0,1,2,0,1,0,0,2,3,14,-10,21.2,0,0,22.0,1,103,103,103,75,83,122,11,20,59,12,36,33,69,49,157,143,91,115,38,62,1,83,30,65,146,95,18,4,85,,149,120.3,120.3,-15.2,135.0,96,59,0.109,114,123,149,97,4.0,-14.7,0.0,0.106,149,91,159,123,135.0,0.0,5.0,0.091,1.1,76,0.042,1,134.6,108.87,0.0,109.49,-14.7,157,1,46,163,90.72,61,1.036,46,74,108.87,167,91,126,6,119.4,83,0.089,0.0,92,22.2,3,122,0.022,,,,,,,,,,,,,,,,,,,,,,,,,,,,,,,,,,,,,,,,,,,,,,,,,,,,,,,,,,,,,,,,,,,,,,,,,,,,,,,,,,,,,,,,,,,,,,,,,,,,,,,,,,,,,,,,,,,,,,,,,0.0,0.0,0.0,,,,,,,,,,,0.0,3.0,0.0,0.0,0.0,1.0,1.0,0.0,0.0,0.0,0.0,0.0,0.0,0.0,1.0,0.0,0.0,0.0,1.0,0.0,3.0,1.0,1.0,0.0,0.342,F-G,0.577,127.0,-0.061,220.0,0.638,0.0,0.0,0.0,1.0,0.0,,0.0,3.0,1.0,1.0,0.0,0.0,1.0,0.0,0.0,0.0,0.0,0.0,0.0,1.0,0.0,0.0,0.0,3.0,,,0.0,CHI,0.0,,,,0.0,,2026,22501109,,,,,,,,0.214,1.0,3.0,0.333,0.343,-0.01,0.786,9.0,11.0,0.818,0.541,0.277,0.5,6.0,7.0,0.857,0.656,0.201,0.571,7.0,8.0,0.875,0.614,0.262,0.286,2.0,4.0,0.5,0.334,0.166,10.0,6.0,4.0,2.0,0.0,0.0,0.0,0.0,0.0,0.0,0.0,0.0,0.0,0.0,0.0,0.0,0.0,0.0,0.0,0.0,0.0,,,,,,,,,,,,,,,,,,,,,,,,,,,,,CHI,IND,20260401,2025-26,False,CHI,IND,,,,CHI,,,,,14.0,0.473,10.0,0.714,0.242,,,,,,,,,,,,,,,,,,,,,,,,,,,,,,,,,,,,,,,,,,,,,,,,,,,,,,,,,,,,,,,,,,,,,,,,,,,,,,,,,,,,,,,,,,,,,,1.0,,IND,1610612754.0
1630171,Isaac Okoro,Isaac,1610612741,CHI,25.0,1,0,1,0.0,29.7,3,7,0.429,0,3,0.0,1,2,0.5,1,3,4,1,2,0,3,0,4,3,7,-6,20.3,0,0,18.0,1,69,69,69,30,66,65,77,73,53,73,51,45,53,35,43,47,78,25,72,1,1,112,21,79,87,65,14,3,73,,49,109.0,109.0,-4.2,116.2,110,67,0.132,96,74,80,58,3.0,-7.2,18.2,0.133,80,77,68,74,116.2,0.5,7.0,0.045,0.429,86,0.034,110,107.6,109.09,0.083,116.33,-7.2,74,106,23,87,90.91,10,0.444,23,58,109.09,88,77,67,93,103.5,66,0.015,18.4,87,9.1,90,65,0.062,0.0,1.0,0.0,2.0,0.053,0.053,2.0,23.0,19.0,0.0,2.0,0.0,1.0,0.0,1.0,4.0,0.0,0.0,0.0,0.5,4.0,2.0,0.25,0.0,1.0,2.0,29.0,0.0,0.0,0.0,1.0,17.0,2.34,0.241,1.86,0.0,7.0,1.1,2.0,0.571,0.0,1.0,1.0,0.5,1.0,6.4,0.0,3.0,2.0,6.0,1.0,0.75,6.0,0.0,0.571,0.5,6.3,1.0,0.0,1.0,0.667,7.0,1.0,1.0,0.143,1.0,1.0,1.0,0.0,1.0,1.0,0.0,,1.0,0.143,1.0,0.0,0.5,0.286,2.0,1.0,0.0,1.0,2.0,0.0,0.286,,0.0,0.5,0.5,1.0,1.0,0.0,1.0,1.0,0.0,1.0,0.143,0.0,,1.0,1.0,0.143,0.429,0.0,0.429,0.0,0.0,0.0,0.0,,0.0,3.0,0.0,0.0,3.0,,,,0.0,0.0,0.0,0.0,0.0,0.0,0.0,0.0,0.0,0.0,0.0,0.429,0.0,0.0,0.0,0.0,0.0,0.0,0.0,2.0,0.0,0.0,0.0,0.0,0.0,0.0,2.0,0.0,3.0,0.0,0.0,0.0,4.0,0.0,1.0,0.0,0.75,0.0,0.34,F-G,0.569,120.0,-0.068,211.0,0.636,0.0,0.0,0.0,4.0,0.0,,0.0,0.0,0.75,0.0,0.0,0.0,3.0,0.0,0.0,0.0,0.0,0.0,0.0,3.0,0.0,0.0,0.0,0.0,,,0.0,CHI,0.0,0.0,3.0,0.0,3.0,0.0,2026,22501079,,,,,,,,,,,,,,,,,,,,,,,,,,,,,,,,,,,,,,9.0,7.0,2.0,3.0,2.0,3.0,6.0,0.0,0.0,0.0,0.0,0.0,0.0,1.0,1.0,1.0,1.0,0.0,1.0,1.0,1.0,29.0,0.0,0.0,0.0,0.0,0.0,0.0,0.0,0.0,0.0,0.0,0.0,0.0,0.0,0.0,0.0,0.0,0.0,,,,,,,,,,,MEM,CHI,20260328,2025-26,False,CHI,MEM,CHI,,,CHI,,CHI,,,,,,,,,,,,,,,,,,,,,,,,,,,,,,,,,,,,,1.2,1.2,4.42,4.77,2.4,4.13,29.7,12745.0,,,,,,,,,,,,,,,,,,,,,,,,,,,,,,,,,,,,,,,,,,,,,,,,,,,,,,,,,1.0,,MEM,1610612763.0
1630171,Isaac Okoro,Isaac,1610612741,CHI,25.0,1,0,1,0.0,31.216666666666665,7,13,0.538,3,5,0.6,3,3,1.0,3,1,4,0,0,0,1,2,3,2,20,-14,27.8,0,0,29.0,1,112,112,112,40,38,43,71,23,49,24,41,59,1,12,139,86,158,137,100,19,203,148,65,34,205,72,16,2,56,,133,109.0,109.0,-16.8,129.9,103,67,0.179,158,170,167,108,7.0,-20.9,0.0,0.184,167,132,157,170,129.9,0.0,13.0,0.0,0.654,158,0.079,1,119.7,103.02,0.024,110.43,-20.9,182,1,117,111,85.85,29,0.698,117,52,103.02,116,132,154,67,102.9,38,0.093,0.0,156,0.0,71,43,0.05,0.0,1.0,1.0,1.0,0.0,0.056,0.0,27.0,18.0,0.0,0.0,0.0,0.333,0.0,0.667,3.0,0.0,0.0,0.0,0.0,2.0,3.0,0.0,0.0,0.0,1.0,33.0,0.667,2.0,2.0,1.0,26.0,2.02,0.606,1.21,0.0,20.0,1.1,3.0,0.364,0.0,6.0,1.0,0.2,0.5,7.5,0.0,1.0,0.0,10.6,0.333,0.25,5.0,0.0,0.364,0.2,9.8,3.0,2.0,0.5,0.0,11.0,1.0,1.0,0.154,0.5,0.5,2.0,0.0,1.0,1.0,0.0,,2.0,0.154,0.5,0.0,0.5,0.462,6.0,3.0,0.0,3.0,6.0,0.0,0.462,,0.0,0.5,0.5,,,,,,,,,,,,,,0.385,0.9,0.385,0.0,0.0,0.6,0.6,,3.0,5.0,0.0,3.0,5.0,0.0,0.0,0.0,0.0,1.0,0.0,0.0,1.0,0.0,0.0,0.0,2.0,9.0,2.0,0.654,0.0,0.75,0.0,1.0,0.0,0.0,0.0,4.0,3.0,0.0,0.0,0.667,0.5,0.0,1.0,0.0,4.0,0.0,0.0,2.0,8.0,0.0,1.0,1.0,0.5,2.0,0.34,F-G,0.569,120.0,-0.068,211.0,0.636,0.0,2.0,0.0,8.0,0.0,,0.0,1.0,0.5,1.0,0.0,0.0,4.0,0.0,0.0,0.0,0.0,0.5,0.0,4.0,0.0,0.0,0.0,1.0,,,0.0,CHI,3.0,0.75,4.0,3.0,4.0,1.125,2026,22501070,,,,,,,,0.2,0.0,3.0,0.0,0.386,-0.386,0.8,5.0,12.0,0.417,0.581,-0.165,0.6,5.0,9.0,0.556,0.659,-0.103,0.733,5.0,11.0,0.455,0.619,-0.165,0.2,0.0,3.0,0.0,0.436,-0.436,7.0,6.0,1.0,1.0,0.0,1.0,2.0,0.0,0.0,0.0,0.0,0.0,0.0,1.0,1.0,1.0,0.0,0.0,1.0,1.0,0.0,33.0,2.0,0.0,0.0,0.0,0.0,0.0,0.0,0.0,0.0,2.0,1.0,0.0,0.0,0.0,0.0,0.0,0.0,,,,,,,,,,,OKC,CHI,20260327,2025-26,False,CHI,OKC,CHI,,,CHI,,CHI,,,15.0,0.522,5.0,0.333,-0.189,,,,,,,,,,,,,,,,,,,,,,,,,,,,,,1.4,1.2,4.55,5.1,2.5,4.38,31.2,13423.0,,,,,,,,,,,,,,,,,,,,,,,,,,,,,,,,,,,,,,,,,,,,,,,,,,,,,,,,,1.0,,OKC,1610612760.0
1630171,Isaac Okoro,Isaac,1610612741,CHI,25.0,1,0,1,0.0,23.28333333333333,5,10,0.5,3,6,0.5,0,0,0.0,1,1,2,1,0,1,0,1,2,0,13,-22,19.9,0,0,21.0,1,127,127,127,134,72,76,89,25,38,35,135,145,135,56,177,156,146,158,61,85,171,117,186,92,246,132,21,2,120,,243,111.3,111.3,-41.9,147.3,163,53,0.169,170,222,243,134,5.0,-36.0,0.0,0.172,243,137,203,222,147.3,0.0,10.0,0.067,0.65,169,0.032,1,148.7,111.32,0.045,113.14,-36.0,209,1,41,139,92.77,27,0.65,41,108,111.32,145,137,233,94,106.7,72,0.066,0.0,154,9.1,81,76,0.038,0.0,1.0,0.0,2.0,0.077,0.077,3.0,18.0,13.0,0.0,1.0,0.0,0.0,0.0,0.0,1.0,0.0,0.0,0.0,1.0,0.0,0.0,1.0,0.0,1.0,0.0,23.0,1.0,0.0,0.0,0.0,18.0,1.17,0.565,0.57,0.0,13.0,0.4,2.0,0.286,1.0,5.0,1.0,0.5,0.2,3.6,0.0,0.0,0.0,6.6,0.0,0.0,2.0,1.0,0.333,1.0,5.1,2.0,1.0,0.2,0.0,7.0,0.0,0.0,0.1,0.0,0.0,1.0,0.0,1.0,0.0,0.0,,1.0,0.1,0.0,0.0,0.667,0.3,3.0,2.0,0.0,2.0,3.0,0.0,0.3,,0.0,0.667,0.667,,,,,,,,,,,,,,0.6,0.75,0.6,0.0,0.0,0.5,0.5,,3.0,6.0,0.0,3.0,6.0,,,,0.0,0.0,0.0,0.0,0.0,0.0,0.5,0.0,0.0,9.0,2.0,0.65,0.0,0.5,0.667,1.0,1.0,0.0,0.0,3.0,0.0,0.0,0.0,0.0,0.667,0.0,3.0,0.0,2.0,2.0,0.0,2.0,3.0,0.0,3.0,0.333,0.667,0.0,0.333,F-G,0.569,115.0,-0.066,202.0,0.635,0.0,2.0,0.0,4.0,0.0,,0.0,3.0,0.5,0.333,0.0,0.0,3.0,0.0,0.0,0.0,0.0,0.667,0.0,2.0,0.0,0.0,0.0,1.0,,,0.0,CHI,3.0,0.5,6.0,3.0,6.0,0.75,2026,22501053,,,,,,,,0.385,3.0,5.0,0.6,0.374,0.226,0.615,5.0,8.0,0.625,0.526,0.099,0.308,3.0,4.0,0.75,0.633,0.117,0.385,3.0,5.0,0.6,0.599,0.001,0.538,4.0,7.0,0.571,0.4,0.171,3.0,2.0,1.0,2.0,0.0,0.0,0.0,0.0,1.0,1.0,0.0,1.0,0.0,0.0,0.0,0.0,0.0,0.0,0.0,0.0,0.0,23.0,0.0,0.0,0.0,0.0,0.0,0.0,0.0,0.0,0.0,0.0,0.0,0.0,0.0,0.0,0.0,0.0,0.0,,,,,,,,,,,PHI,CHI,20260325,2025-26,False,CHI,PHI,CHI,,,CHI,,CHI,,,13.0,0.45,8.0,0.615,0.165,,,,,,,,,,,,,,,,,,,,,,,,,,,,,,1.0,0.9,4.53,5.14,1.9,4.01,23.3,10272.0,,,,,,,,,,,,,,,,,,,,,,,,,,,,,,,,,,,,,,,,,,,,,,,,,,,,,,,,,1.0,,PHI,1610612755.0
