PLAYER_ID,PLAYER_NAME,NICKNAME,TEAM_ID,TEAM_ABBREVIATION,AGE,GP,W,L,W_PCT,MIN,FGM,FGA,FG_PCT,FG3M,FG3A,FG3_PCT,FTM,FTA,FT_PCT,OREB,DREB,REB,AST,TOV,STL,BLK,BLKA,PF,PFD,PTS,PLUS_MINUS,NBA_FANTASY_PTS,DD2,TD3,WNBA_FANTASY_PTS,GP_RANK,W_RANK,L_RANK,W_PCT_RANK,MIN_RANK,FGM_RANK,FGA_RANK,FG_PCT_RANK,FG3M_RANK,FG3A_RANK,FG3_PCT_RANK,FTM_RANK,FTA_RANK,FT_PCT_RANK,OREB_RANK,DREB_RANK,REB_RANK,AST_RANK,TOV_RANK,STL_RANK,BLK_RANK,BLKA_RANK,PF_RANK,PFD_RANK,PTS_RANK,PLUS_MINUS_RANK,NBA_FANTASY_PTS_RANK,DD2_RANK,TD3_RANK,WNBA_FANTASY_PTS_RANK,team_poss,sp_work_OFF_RATING,FGA_PG,AST_TO,sp_work_DEF_RATING,PACE_RANK,AST_TO_RANK,PIE_RANK,E_PACE_RANK,OFF_RATING_RANK,AST_PCT,DREB_PCT,E_TOV_PCT_RANK,PACE_PER40,TM_TOV_PCT_RANK,FGM_PG_RANK,E_NET_RATING_RANK,sp_work_NET_RATING,E_NET_RATING,E_OFF_RATING_RANK,EFG_PCT_RANK,AST_PCT_RANK,TM_TOV_PCT,E_DEF_RATING,sp_work_PACE_RANK,REB_PCT,DEF_RATING_RANK,E_DEF_RATING_RANK,DEF_RATING,sp_work_OFF_RATING_RANK,OFF_RATING,E_PACE,E_USG_PCT_RANK,E_TOV_PCT,DREB_PCT_RANK,sp_work_PACE,FGA_PG_RANK,PACE,NET_RATING,AST_RATIO,POSS,OREB_PCT,E_OFF_RATING,EFG_PCT,TS_PCT,USG_PCT,PIE,REB_PCT_RANK,AST_RATIO_RANK,sp_work_DEF_RATING_RANK,OREB_PCT_RANK,NET_RATING_RANK,FGM_PG,TS_PCT_RANK,sp_work_NET_RATING_RANK,E_USG_PCT,USG_PCT_RANK,AST_PTS_CREATED,PASSES_RECEIVED,AST_ADJ,PASSES_MADE,AST_TO_PASS_PCT,POTENTIAL_AST,FT_AST,SECONDARY_AST,AST_TO_PASS_PCT_ADJ,DRIVE_FGM,DRIVE_PASSES,DRIVE_FG_PCT,DRIVE_AST,DRIVE_PASSES_PCT,DRIVE_PTS_PCT,DRIVE_FTA,DRIVE_PTS,DRIVE_FT_PCT,DRIVE_PF_PCT,DRIVE_TOV,DRIVE_PF,DRIVE_TOV_PCT,DRIVE_FGA,DRIVE_FTM,DRIVES,DRIVE_AST_PCT,ELBOW_TOUCHES,POINTS,AVG_DRIB_PER_TOUCH,PTS_PER_TOUCH,POST_TOUCHES,PAINT_TOUCHES,TOUCHES,PTS_PER_ELBOW_TOUCH,PTS_PER_PAINT_TOUCH,FRONT_CT_TOUCHES,TIME_OF_POSS,PTS_PER_POST_TOUCH,AVG_SEC_PER_TOUCH,DREB_CONTEST_PCT,REB_CHANCE_PCT,DREB_CHANCE_PCT,OREB_CHANCES,AVG_DREB_DIST,AVG_REB_DIST,DREB_CHANCES,OREB_CHANCE_DEFER,REB_CHANCE_DEFER,DREB_UNCONTEST,REB_CHANCE_PCT_ADJ,OREB_CHANCE_PCT_ADJ,OREB_CONTEST_PCT,OREB_CHANCE_PCT,REB_CONTEST_PCT,REB_CHANCES,REB_CONTEST,AVG_OREB_DIST,DREB_CHANCE_PCT_ADJ,REB_UNCONTEST,OREB_CONTEST,OREB_UNCONTEST,DREB_CHANCE_DEFER,DREB_CONTEST,very_tight_FG3M,very_tight_FG3A_FREQUENCY,very_tight_FG2A_FREQUENCY,very_tight_FG2M,G,very_tight_FGM,very_tight_FG2_PCT,very_tight_FGA,very_tight_FGA_FREQUENCY,very_tight_EFG_PCT,very_tight_FG3_PCT,very_tight_FG2A,very_tight_FG_PCT,very_tight_FG3A,tight_FG3_PCT,tight_FG2M,tight_FGA_FREQUENCY,tight_FG3A_FREQUENCY,tight_EFG_PCT,tight_FGM,tight_FG3M,tight_FG2A,tight_FGA,tight_FG3A,tight_FG2_PCT,tight_FG_PCT,tight_FG2A_FREQUENCY,open_FG2M,open_FG3M,open_FGA,open_FG2_PCT,open_FGA_FREQUENCY,open_FG2A,open_FG3A_FREQUENCY,open_FG3A,open_FG3_PCT,open_FG_PCT,open_FG2A_FREQUENCY,open_EFG_PCT,open_FGM,wide_open_FGA,wide_open_FG2M,wide_open_FG2A,wide_open_FG3A,wide_open_FG3_PCT,wide_open_FG2A_FREQUENCY,wide_open_FG3A_FREQUENCY,wide_open_EFG_PCT,wide_open_FG_PCT,wide_open_FG2_PCT,wide_open_FGA_FREQUENCY,wide_open_FG3M,wide_open_FGM,PULL_UP_FG_PCT,PULL_UP_FGA,PULL_UP_FG3_PCT,PULL_UP_EFG_PCT,PULL_UP_FG3M,PULL_UP_FG3A,PULL_UP_PTS,PULL_UP_FGM,PAINT_TOUCH_PTS,POST_TOUCH_PTS,ELBOW_TOUCH_PTS,CATCH_SHOOT_FG_PCT,PAINT_TOUCH_FG_PCT,EFF_FG_PCT,POST_TOUCH_FG_PCT,ELBOW_TOUCH_FG_PCT,CATCH_SHOOT_PTS,CORNER_3_FGM,BACKCOURT_FGA,ITP_FGA,RIGHT_CORNER_3_FGM,MID_FGA,LEFT_CORNER_3_FGM,RIGHT_CORNER_3_FG_PCT,LEFT_CORNER_3_FG_PCT,ABOVE_BREAK_3_FGA,RIGHT_CORNER_3_FGA,MID_FG_PCT,LEFT_CORNER_3_FGA,BACKCOURT_FG_PCT,ITP_FGM,ITP_FG_PCT,ABOVE_BREAK_3_FGM,CORNER_3_FG_PCT,MID_FGM,ABOVE_BREAK_3_FG_PCT,RA_FGA,BACKCOURT_FGM,CORNER_3_FGA,RA_FG_PCT,RA_FGM,FGM_LT_06,FREQ,PLAYER_POSITION,LT_06_PCT,NS_LT_06_PCT,FGA_LT_06,PLUSMINUS,FGM_35_39,FGA_20_24,FGA_15_19,FGA_25_29,FGA_30_34,FGP_25_29,FGM_25_29,FGM_15_19,FGM_40_PLUS,FGA_5_9,FGM_LT_5,FGM_20_24,FGA_35_39,FGP_35_39,FGP_LT_5,FGM_10_14,FGA_40_PLUS,FGP_20_24,FGA_10_14,FGM_30_34,FGP_10_14,FGM_5_9,FGP_5_9,FGP_40_PLUS,TEAM_ABBR,FGP_30_34,FGP_15_19,FGA_LT_5,CATCH_SHOOT_FGA,CATCH_SHOOT_EFG_PCT,CATCH_SHOOT_FGM,CATCH_SHOOT_FG3_PCT,CATCH_SHOOT_FG3M,CATCH_SHOOT_FG3A,year,GAME_ID,overall_def_FREQ,overall_def_D_FGM,overall_def_D_FGA,overall_def_D_FG_PCT,overall_def_NORMAL_FG_PCT,overall_def_PCT_PLUSMINUS,three_pt_def_FREQ,three_pt_def_FG3M,three_pt_def_FG3A,three_pt_def_FG3_PCT,three_pt_def_NS_FG3_PCT,three_pt_def_PLUSMINUS,two_pt_def_FREQ,two_pt_def_FG2M,two_pt_def_FG2A,two_pt_def_FG2_PCT,two_pt_def_NS_FG2_PCT,two_pt_def_PLUSMINUS,less_6ft_def_FREQ,less_6ft_def_FGM_LT_06,less_6ft_def_FGA_LT_06,less_6ft_def_LT_06_PCT,less_6ft_def_NS_LT_06_PCT,less_6ft_def_PLUSMINUS,less_10ft_def_FREQ,less_10ft_def_FGM_LT_10,less_10ft_def_FGA_LT_10,less_10ft_def_LT_10_PCT,less_10ft_def_NS_LT_10_PCT,less_10ft_def_PLUSMINUS,more_15ft_def_FREQ,more_15ft_def_FGM_GT_15,more_15ft_def_FGA_GT_15,more_15ft_def_GT_15_PCT,more_15ft_def_NS_GT_15_PCT,more_15ft_def_PLUSMINUS,hustle_CONTESTED_SHOTS,hustle_CONTESTED_SHOTS_2PT,hustle_CONTESTED_SHOTS_3PT,hustle_DEFLECTIONS,hustle_CHARGES_DRAWN,hustle_SCREEN_ASSISTS,hustle_SCREEN_AST_PTS,hustle_OFF_LOOSE_BALLS_RECOVERED,hustle_DEF_LOOSE_BALLS_RECOVERED,hustle_LOOSE_BALLS_RECOVERED,hustle_PCT_LOOSE_BALLS_RECOVERED_OFF,hustle_PCT_LOOSE_BALLS_RECOVERED_DEF,hustle_OFF_BOXOUTS,hustle_DEF_BOXOUTS,hustle_BOX_OUTS,hustle_BOX_OUT_PLAYER_TEAM_REBS,hustle_BOX_OUT_PLAYER_REBS,hustle_PCT_BOX_OUTS_OFF,hustle_PCT_BOX_OUTS_DEF,hustle_PCT_BOX_OUTS_TEAM_REB,hustle_PCT_BOX_OUTS_REB,post_touch_TOUCHES,post_touch_POST_TOUCHES,post_touch_POST_TOUCH_FGM,post_touch_POST_TOUCH_FGA,post_touch_POST_TOUCH_FG_PCT,post_touch_POST_TOUCH_FTM,post_touch_POST_TOUCH_FTA,post_touch_POST_TOUCH_FT_PCT,post_touch_POST_TOUCH_PTS,post_touch_POST_TOUCH_PTS_PCT,post_touch_POST_TOUCH_PASSES,post_touch_POST_TOUCH_PASSES_PCT,post_touch_POST_TOUCH_AST,post_touch_POST_TOUCH_AST_PCT,post_touch_POST_TOUCH_TOV,post_touch_POST_TOUCH_TOV_PCT,post_touch_POST_TOUCH_FOULS,post_touch_POST_TOUCH_FOULS_PCT,speed_distance_MIN1,speed_distance_DIST_FEET,speed_distance_DIST_MILES,speed_distance_DIST_MILES_OFF,speed_distance_DIST_MILES_DEF,speed_distance_AVG_SPEED,speed_distance_AVG_SPEED_OFF,speed_distance_AVG_SPEED_DEF,index,opp_id,series_key,HTM,VTM,date,season,playoffs,team,opp_team,PLAYER_LAST_TEAM_ABBREVIATION,PLAYER_LAST_TEAM_ID,D_FGA,NORMAL_FG_PCT,D_FGM,D_FG_PCT,PCT_PLUSMINUS,more_15ft_def_TEAM_ID,more_15ft_def_OREB_CONTEST_PCT,more_15ft_def_OREB_CHANCES,more_15ft_def_OREB,more_15ft_def_OREB_CHANCE_PCT_ADJ,more_15ft_def_DREB_UNCONTEST,more_15ft_def_DREB_CHANCE_PCT_ADJ,more_15ft_def_REB_CONTEST,more_15ft_def_DREB_CONTEST,more_15ft_def_REB,more_15ft_def_OREB_CHANCE_PCT,more_15ft_def_REB_CHANCE_DEFER,more_15ft_def_REB_UNCONTEST,more_15ft_def_DREB_CHANCE_PCT,more_15ft_def_AVG_REB_DIST,more_15ft_def_OREB_CONTEST,more_15ft_def_AVG_DREB_DIST,more_15ft_def_REB_CONTEST_PCT,more_15ft_def_AVG_OREB_DIST,more_15ft_def_REB_CHANCE_PCT,more_15ft_def_DREB_CHANCES,more_15ft_def_REB_CHANCE_PCT_ADJ,more_15ft_def_DREB_CHANCE_DEFER,more_15ft_def_DREB,more_15ft_def_REB_CHANCES,more_15ft_def_DREB_CONTEST_PCT,more_15ft_def_TEAM_ABBREVIATION,more_15ft_def_OREB_CHANCE_DEFER,more_15ft_def_OREB_UNCONTEST,DIST_MILES_OFF,DIST_MILES_DEF,AVG_SPEED,AVG_SPEED_OFF,DIST_MILES,AVG_SPEED_DEF,MIN1,DIST_FEET,overall_def_PLAYER_NAME,overall_def_PLAYER_LAST_TEAM_ID,overall_def_PLAYER_LAST_TEAM_ABBREVIATION,overall_def_PLAYER_POSITION,overall_def_AGE,overall_def_GP,overall_def_G,three_pt_def_PLAYER_NAME,three_pt_def_PLAYER_LAST_TEAM_ID,three_pt_def_PLAYER_LAST_TEAM_ABBREVIATION,three_pt_def_PLAYER_POSITION,three_pt_def_AGE,three_pt_def_GP,three_pt_def_G,two_pt_def_PLAYER_NAME,two_pt_def_PLAYER_LAST_TEAM_ID,two_pt_def_PLAYER_LAST_TEAM_ABBREVIATION,two_pt_def_PLAYER_POSITION,two_pt_def_AGE,two_pt_def_GP,two_pt_def_G,less_6ft_def_PLAYER_NAME,less_6ft_def_PLAYER_LAST_TEAM_ID,less_6ft_def_PLAYER_LAST_TEAM_ABBREVIATION,less_6ft_def_PLAYER_POSITION,less_6ft_def_AGE,less_6ft_def_GP,less_6ft_def_G,less_10ft_def_PLAYER_NAME,less_10ft_def_PLAYER_LAST_TEAM_ID,less_10ft_def_PLAYER_LAST_TEAM_ABBREVIATION,less_10ft_def_PLAYER_POSITION,less_10ft_def_AGE,less_10ft_def_GP,less_10ft_def_G,more_15ft_def_PLAYER_NAME,more_15ft_def_PLAYER_LAST_TEAM_ID,more_15ft_def_PLAYER_LAST_TEAM_ABBREVIATION,more_15ft_def_PLAYER_POSITION,more_15ft_def_AGE,more_15ft_def_GP,more_15ft_def_G,hustle_PLAYER_NAME,hustle_TEAM_ID,hustle_TEAM_ABBREVIATION,hustle_AGE,hustle_G,hustle_MIN,post_touch_PLAYER_NAME,post_touch_TEAM_ID,post_touch_TEAM_ABBREVIATION,post_touch_GP,post_touch_W,post_touch_L,post_touch_MIN,speed_distance_PLAYER_NAME,speed_distance_TEAM_ID,speed_distance_TEAM_ABBREVIATION,speed_distance_GP,speed_distance_W,speed_distance_L,speed_distance_MIN,TEAM_COUNT,AST_POINTS_CREATED,opp_team_abbr,opp_team_id 
1630314,Brandon Williams,Brandon,1610612757,POR,22.0,1,0,1,0.0,4.983333333333333,0,1,0.0,0,0,0.0,1,2,0.5,0,2,2,2,0,0,0,0,0,2,1,6,6.4,0,0,5.0,1,84,84,84,151,137,149,137,79,124,79,64,51,64,80,85,106,55,99,80,49,1,1,43,139,45,131,17,2,136,,140.0,1.0,0.0,72.7,66,78,22,153,3,0.4,0.333,1,84.28,1,137,4,67.3,57.1,4,137,10,0.0,88.1,66,0.167,12,35,72.7,3,140.0,90.16,94,0.0,11,101.14,149,101.14,67.3,50.0,10,0.0,145.2,0.0,0.266,0.167,0.188,20,3,12,80,3,0.0,131,3,0.162,85,4.0,9.0,3.0,9.0,0.222,1.0,0.0,1.0,0.333,0.0,2.0,0.0,1.0,1.0,0.0,0.0,0.0,0.0,0.0,0.0,0.0,0.0,0.0,0.0,2.0,0.5,0.0,1.0,2.58,0.083,0.0,0.0,12.0,0.0,0.0,4.0,0.5,0.0,2.72,0.0,0.5,0.667,1.0,6.2,6.2,3.0,1.0,1.0,2.0,0.667,0.0,0.0,0.0,0.0,4.0,0.0,0.0,0.667,2.0,0.0,0.0,0.0,0.0,,,,,,,,,,,,,,,,0.0,1.0,0.0,0.0,0.0,0.0,1.0,1.0,0.0,0.0,0.0,1.0,,,,,,,,,,,,,,,,,,,,,,,,,,,0.0,1.0,,0.0,,,0.0,0.0,0.0,0.0,0.0,0.0,0.0,0.0,0.0,0.0,0.0,0.0,0.0,0.0,,1.0,0.0,,0.0,0.0,,0.0,0.0,0.0,0.0,0.0,0.0,0.0,0.0,0.0,0.0,0.0,0.0,0.0,0.0,1.0,0.333,G,1.0,0.68,1.0,0.32,,0.0,1.0,0.0,,0.0,0.0,0.0,0.0,0.0,0.0,0.0,,,0.0,0.0,0.0,0.0,0.0,,0.0,0.0,0.0,0.0,POR,,0.0,0.0,0.0,,0.0,,,,2022,22100523,1.0,0.0,1.0,0.0,0.428,-0.428,1.0,0.0,1.0,0.0,0.396,-0.396,,,,,,,,,,,,,,,,,,,1.0,0.0,1.0,0.0,0.395,-0.395,1.0,0.0,1.0,0.0,0.0,0.0,0.0,0.0,0.0,0.0,0.0,0.0,0.0,0.0,0.0,0.0,0.0,0.0,0.0,0.0,0.0,12.0,0.0,0.0,0.0,0.0,0.0,0.0,0.0,0.0,0.0,0.0,0.0,0.0,0.0,0.0,0.0,0.0,0.0,4.98,1994.0,0.38,0.19,0.18,4.52,5.28,3.95,,,,POR,UTA,20211229,2021-22,False,POR,UTA,,,,,,,,,,,,,,,,,,,,,,,,,,,,,,,,,,,,,,,,,,,,,,,,,,,,,,,,,,,,,,,,,,,,,,,,,,,,,,,,,,,,,,,,,,,,,,,,,,,,,,,,,,,,,,
1630314,Brandon Williams,Brandon,1610612757,POR,22.0,1,0,1,0.0,27.266666666666666,4,10,0.4,2,6,0.333,0,0,0.0,1,1,2,10,6,1,0,0,2,1,10,-5,24.4,1,0,26.0,1,112,112,112,95,89,78,131,41,40,67,122,127,122,59,150,142,7,3,40,78,1,92,111,97,148,98,1,3,78,,110.7,10.0,1.67,119.6,159,64,131,187,112,0.5,0.043,199,82.15,199,89,158,-8.9,-13.8,108,104,5,23.1,124.1,159,0.043,141,174,119.6,112,110.7,97.0,40,23.1,180,98.58,78,98.58,-8.9,38.5,56,0.043,110.3,0.5,0.5,0.254,0.07,168,17,141,81,138,4.0,127,138,0.261,40,26.0,65.0,10.0,52.0,0.192,14.0,0.0,0.0,0.192,1.0,3.0,0.5,1.0,0.5,0.333,0.0,2.0,0.0,0.0,0.0,0.0,0.0,2.0,0.0,6.0,0.167,0.0,10.0,4.77,0.141,0.0,0.0,71.0,0.0,0.0,38.0,5.6,0.0,4.71,0.0,0.667,0.5,1.0,10.6,20.7,2.0,0.0,0.0,1.0,0.667,1.0,0.0,1.0,0.0,3.0,0.0,30.9,0.5,2.0,0.0,1.0,0.0,0.0,0.0,0.0,0.1,1.0,1.0,1.0,1.0,1.0,0.1,1.0,,1.0,1.0,0.0,0.0,1.0,0.2,0.1,0.5,1.0,0.0,1.0,2.0,1.0,1.0,0.5,0.1,0.0,1.0,5.0,0.0,0.5,2.0,0.3,3.0,0.333,0.2,0.2,0.3,1.0,2.0,0.0,0.0,2.0,0.5,0.0,0.2,0.75,0.5,,0.2,1.0,1.0,0.2,5.0,0.25,0.3,1.0,4.0,3.0,1.0,0.0,0.0,0.0,0.5,0.0,0.5,0.0,0.0,3.0,1.0,0.0,0.0,0.0,1.0,1.0,0.0,1.0,5.0,0.0,0.0,1.0,0.0,0.0,0.0,1.0,1.0,0.0,0.2,3.0,0.0,1.0,0.667,2.0,45.0,0.326,G,0.625,0.611,72.0,0.014,,2.0,0.0,4.0,0.0,0.25,1.0,0.0,0.0,0.0,2.0,1.0,,,0.667,0.0,0.0,0.5,1.0,0.0,0.0,0.0,0.0,0.0,POR,0.0,0.0,3.0,2.0,0.75,1.0,0.5,1.0,2.0,2022,22101146,1.0,5.0,9.0,0.556,0.462,0.094,0.222,1.0,2.0,0.5,0.364,0.136,0.778,4.0,7.0,0.571,0.51,0.061,0.111,0.0,1.0,0.0,0.59,-0.59,0.333,2.0,3.0,0.667,0.548,0.118,0.556,3.0,5.0,0.6,0.4,0.2,5.0,3.0,2.0,3.0,0.0,0.0,0.0,0.0,0.0,0.0,0.0,0.0,0.0,0.0,0.0,0.0,0.0,0.0,0.0,0.0,0.0,71.0,0.0,0.0,0.0,0.0,0.0,0.0,0.0,0.0,0.0,0.0,0.0,0.0,0.0,0.0,0.0,0.0,0.0,27.27,11133.0,2.11,1.17,0.94,4.35,4.81,3.86,,,,POR,NOP,20220330,2021-22,False,POR,NOP,,,,,,,,,,,,,,,,,,,,,,,,,,,,,,,,,,,,,,,,,,,,,,,,,,,,,,,,,,,,,,,,,,,,,,,,,,,,,,,,,,,,,,,,,,,,,,,,,,,,,,,,,,,,,,
1630314,Brandon Williams,Brandon,1610612757,POR,22.0,1,0,1,0.0,33.63333333333333,7,18,0.389,2,7,0.286,11,16,0.688,2,6,8,2,4,4,1,1,4,10,27,-25,50.6,0,0,49.0,1,90,90,90,33,21,14,101,28,17,63,2,1,63,24,19,20,57,6,1,16,111,128,3,10,162,8,19,2,8,,79.7,18.0,0.5,111.4,16,80,33,9,153,0.167,0.154,122,93.95,116,21,148,-31.6,-25.1,155,97,52,12.5,106.5,16,0.096,78,51,111.4,153,79.7,114.23,6,12.9,66,112.75,14,112.75,-31.6,6.3,79,0.045,81.4,0.444,0.539,0.345,0.159,70,111,78,63,147,7.0,86,147,0.348,7,5.0,75.0,2.0,65.0,0.031,9.0,0.0,0.0,0.031,3.0,5.0,0.429,0.0,0.313,0.688,8.0,11.0,0.625,0.25,0.0,4.0,0.0,7.0,5.0,16.0,0.0,1.0,27.0,4.2,0.276,0.0,1.0,98.0,0.0,0.0,35.0,7.3,0.0,4.49,0.167,0.667,0.667,3.0,7.1,8.0,9.0,0.0,0.0,5.0,0.667,0.667,1.0,0.667,0.375,12.0,3.0,10.8,0.667,5.0,2.0,0.0,0.0,1.0,0.0,0.0,0.111,0.0,1.0,0.0,0.0,2.0,0.111,0.0,,2.0,0.0,0.0,,3.0,0.333,0.0,0.5,3.0,0.0,6.0,6.0,0.0,0.5,0.5,0.333,2.0,2.0,7.0,1.0,0.389,2.0,0.278,5.0,0.4,0.571,0.111,0.714,4.0,3.0,0.0,1.0,2.0,0.0,0.056,0.111,0.0,0.0,0.0,0.167,0.0,0.0,0.4,10.0,0.333,0.5,2.0,6.0,10.0,4.0,0.0,0.0,0.0,0.0,0.0,0.444,0.0,0.0,0.0,0.0,0.0,2.0,0.0,2.0,0.0,0.0,0.0,7.0,0.0,0.5,0.0,0.0,1.0,0.5,2.0,0.0,1.0,0.286,7.0,0.0,0.0,0.429,3.0,14.0,0.393,G,0.583,0.619,24.0,-0.036,0.0,4.0,1.0,3.0,0.0,0.333,1.0,0.0,0.0,0.0,3.0,1.0,0.0,0.0,0.429,2.0,0.0,0.25,3.0,0.0,0.667,0.0,0.0,0.0,POR,0.0,0.0,7.0,1.0,0.0,0.0,0.0,0.0,1.0,2022,22100971,1.0,7.0,18.0,0.389,0.454,-0.065,0.222,1.0,4.0,0.25,0.364,-0.114,0.778,6.0,14.0,0.429,0.534,-0.105,0.667,6.0,12.0,0.5,0.616,-0.116,0.778,6.0,14.0,0.429,0.561,-0.133,0.222,1.0,4.0,0.25,0.366,-0.116,7.0,5.0,2.0,5.0,0.0,0.0,0.0,2.0,0.0,2.0,1.0,0.0,0.0,1.0,1.0,1.0,1.0,0.0,1.0,1.0,1.0,98.0,0.0,0.0,0.0,0.0,0.0,0.0,0.0,0.0,0.0,0.0,0.0,0.0,0.0,0.0,0.0,0.0,0.0,33.63,14301.0,2.71,1.51,1.2,4.44,4.8,4.06,,,,MIN,POR,20220307,2021-22,False,POR,MIN,,,,,,,,,,,,,,,,,,,,,,,,,,,,,,,,,,,,,,,,,,,,,,,,,,,,,,,,,,,,,,,,,,,,,,,,,,,,,,,,,,,,,,,,,,,,,,,,,,,,,,,,,,,,,,
1630314,Brandon Williams,Brandon,1610612757,POR,22.0,1,0,1,0.0,25.116666666666667,3,13,0.231,0,5,0.0,1,1,1.0,1,2,3,3,4,1,0,2,3,1,7,-32,14.1,0,0,15.0,1,118,118,118,107,119,40,190,132,52,132,94,109,1,54,122,115,56,6,40,69,215,165,100,139,234,155,18,1,142,,91.4,13.0,0.75,154.5,27,93,215,18,194,0.176,0.083,210,89.98,209,119,228,-63.2,-67.3,202,196,79,20.0,154.4,27,0.054,225,226,154.5,194,91.4,110.73,44,19.6,151,107.98,40,107.98,-63.2,15.0,58,0.031,87.1,0.231,0.26,0.254,-0.027,161,110,225,92,228,3.0,193,228,0.261,45,10.0,44.0,4.0,35.0,0.086,8.0,1.0,0.0,0.114,2.0,2.0,0.333,1.0,0.2,0.5,0.0,5.0,0.0,0.0,1.0,0.0,0.1,6.0,0.0,10.0,0.1,0.0,7.0,4.21,0.135,0.0,0.0,52.0,0.0,0.0,24.0,3.9,0.0,4.45,0.0,0.429,0.667,4.0,9.8,13.0,3.0,1.0,1.0,2.0,0.5,0.333,0.0,0.25,0.0,7.0,0.0,19.5,0.667,3.0,0.0,1.0,0.0,0.0,0.0,0.0,0.077,1.0,1.0,1.0,1.0,1.0,0.077,1.0,,1.0,1.0,0.0,,1.0,0.385,0.0,0.2,1.0,0.0,5.0,5.0,0.0,0.2,0.2,0.385,1.0,0.0,3.0,0.5,0.231,2.0,0.077,1.0,0.0,0.333,0.154,0.333,1.0,4.0,0.0,0.0,4.0,0.0,0.0,0.308,0.0,0.0,,0.308,0.0,0.0,0.2,5.0,0.0,0.2,0.0,2.0,2.0,1.0,0.0,0.0,0.0,0.0,0.0,0.231,0.0,0.0,0.0,0.0,0.0,1.0,0.0,2.0,0.0,0.0,0.0,5.0,0.0,0.5,0.0,0.0,0.0,0.0,0.0,0.0,1.0,0.0,5.0,0.0,0.0,0.4,2.0,38.0,0.343,G,0.655,0.614,58.0,0.041,,2.0,1.0,4.0,0.0,0.0,0.0,0.0,0.0,0.0,2.0,1.0,,,0.4,0.0,0.0,0.5,1.0,0.0,0.0,0.0,0.0,0.0,POR,0.0,0.0,5.0,3.0,0.0,0.0,0.0,0.0,3.0,2022,22101094,1.0,10.0,18.0,0.556,0.451,0.105,0.667,7.0,12.0,0.583,0.362,0.222,0.333,3.0,6.0,0.5,0.507,-0.007,0.056,0.0,1.0,0.0,0.603,-0.603,0.111,1.0,2.0,0.5,0.54,-0.04,0.667,7.0,12.0,0.583,0.381,0.202,12.0,3.0,9.0,2.0,0.0,0.0,0.0,2.0,0.0,2.0,1.0,0.0,0.0,0.0,0.0,0.0,0.0,0.0,0.0,0.0,0.0,52.0,0.0,0.0,0.0,0.0,0.0,0.0,0.0,0.0,0.0,0.0,0.0,0.0,0.0,0.0,0.0,0.0,0.0,25.12,10275.0,1.95,1.1,0.85,4.29,4.64,3.89,,,,POR,SAS,20220323,2021-22,False,POR,SAS,,,,,,,,,,,,,,,,,,,,,,,,,,,,,,,,,,,,,,,,,,,,,,,,,,,,,,,,,,,,,,,,,,,,,,,,,,,,,,,,,,,,,,,,,,,,,,,,,,,,,,,,,,,,,,
1630314,Brandon Williams,Brandon,1610612757,POR,22.0,1,0,1,0.0,32.416666666666664,4,16,0.25,1,4,0.25,1,1,1.0,0,4,4,4,1,2,1,1,4,3,10,-31,28.8,0,0,25.0,1,162,162,162,57,122,35,253,113,110,149,133,164,1,159,84,122,61,104,18,33,207,265,50,141,304,93,30,5,110,,66.2,16.0,4.0,108.6,124,19,248,172,294,0.308,0.125,121,85.14,121,122,283,-42.4,-45.3,291,260,40,4.8,111.0,124,0.055,109,122,108.6,294,66.2,101.31,79,4.7,149,102.17,35,102.17,-42.4,19.0,68,0.0,65.8,0.281,0.304,0.236,0.036,207,138,109,159,278,4.0,266,278,0.244,80,10.0,63.0,4.0,54.0,0.074,8.0,0.0,0.0,0.074,1.0,4.0,0.2,1.0,0.4,0.3,2.0,3.0,0.5,0.1,0.0,1.0,0.0,5.0,1.0,10.0,0.1,1.0,10.0,5.1,0.137,0.0,0.0,73.0,2.0,0.0,25.0,6.1,0.0,5.02,0.25,0.333,0.4,3.0,7.4,7.4,10.0,0.0,1.0,3.0,0.364,0.0,0.0,0.0,0.25,12.0,1.0,0.0,0.444,3.0,0.0,0.0,1.0,1.0,0.0,0.0,0.188,0.0,1.0,0.0,0.0,3.0,0.188,0.0,,3.0,0.0,0.0,,2.0,0.375,0.0,0.333,2.0,0.0,6.0,6.0,0.0,0.333,0.333,0.375,0.0,1.0,3.0,0.0,0.188,1.0,0.125,2.0,0.5,0.333,0.063,0.5,1.0,4.0,1.0,2.0,2.0,0.0,0.125,0.125,0.25,0.25,0.5,0.25,0.0,1.0,0.286,7.0,0.5,0.357,1.0,2.0,5.0,2.0,0.0,0.0,2.0,0.0,0.0,0.281,0.0,1.0,0.0,0.0,0.0,1.0,0.0,5.0,0.0,0.0,0.0,3.0,1.0,0.2,0.0,0.0,0.0,0.0,1.0,0.0,1.0,0.333,6.0,0.0,1.0,0.333,2.0,56.0,0.341,G,0.615,0.61,91.0,0.006,,3.0,1.0,3.0,0.0,0.333,1.0,0.0,0.0,0.0,2.0,1.0,,,0.333,0.0,0.0,0.333,3.0,0.0,0.0,0.0,0.0,0.0,POR,0.0,0.0,6.0,2.0,0.0,0.0,0.0,0.0,2.0,2022,22101230,1.0,6.0,12.0,0.5,0.434,0.066,0.417,2.0,5.0,0.4,0.364,0.036,0.583,4.0,7.0,0.571,0.522,0.049,0.417,3.0,5.0,0.6,0.584,0.016,0.5,3.0,6.0,0.5,0.535,-0.035,0.417,2.0,5.0,0.4,0.375,0.025,4.0,2.0,2.0,2.0,0.0,0.0,0.0,0.0,0.0,0.0,0.0,0.0,0.0,0.0,0.0,0.0,0.0,0.0,0.0,0.0,0.0,73.0,0.0,0.0,0.0,0.0,0.0,0.0,0.0,0.0,0.0,0.0,0.0,0.0,0.0,0.0,0.0,0.0,0.0,32.42,13622.0,2.58,1.4,1.18,4.45,4.88,4.04,,,,POR,UTA,20220410,2021-22,False,POR,UTA,,,,,,,,,,,,,,,,,,,,,,,,,,,,,,,,,,,,,,,,,,,,,,,,,,,,,,,,,,,,,,,,,,,,,,,,,,,,,,,,,,,,,,,,,,,,,,,,,,,,,,,,,,,,,,
1630314,Brandon Williams,Brandon,1610612757,POR,22.0,1,1,0,1.0,33.38333333333333,6,17,0.353,0,3,0.0,11,11,1.0,2,4,6,3,2,3,0,3,2,7,23,8,41.7,0,0,38.0,1,1,1,1,41,43,17,125,95,72,95,1,1,1,26,50,41,52,25,2,70,176,79,1,18,26,20,13,2,24,,118.9,17.0,1.5,109.6,17,44,33,7,63,0.13,0.111,97,88.07,96,43,34,9.3,19.7,55,137,85,7.4,100.7,17,0.08,70,37,109.6,63,118.9,109.65,28,7.5,100,105.68,17,105.68,9.3,11.1,74,0.051,120.4,0.353,0.527,0.267,0.144,89,115,70,58,63,6.0,103,63,0.274,28,6.0,67.0,4.0,55.0,0.055,12.0,0.0,1.0,0.073,4.0,3.0,0.5,0.0,0.231,0.769,2.0,10.0,1.0,0.077,1.0,1.0,0.077,8.0,2.0,13.0,0.0,0.0,23.0,5.18,0.277,0.0,1.0,83.0,0.0,0.0,33.0,7.4,0.0,5.34,0.5,0.6,0.571,3.0,9.0,11.8,7.0,0.0,0.0,2.0,0.6,0.667,0.0,0.667,0.333,10.0,2.0,17.5,0.571,4.0,0.0,2.0,0.0,2.0,0.0,0.0,0.176,1.0,1.0,1.0,0.333,3.0,0.176,0.333,,3.0,0.333,0.0,,4.0,0.529,0.0,0.444,4.0,0.0,9.0,9.0,0.0,0.444,0.444,0.529,1.0,0.0,2.0,1.0,0.118,1.0,0.059,1.0,0.0,0.5,0.059,0.5,1.0,3.0,0.0,1.0,2.0,0.0,0.059,0.118,0.0,0.0,0.0,0.176,0.0,0.0,0.2,5.0,0.0,0.2,0.0,2.0,2.0,1.0,0.0,0.0,0.0,0.0,0.0,0.353,0.0,0.0,0.0,0.0,0.0,7.0,0.0,2.0,0.0,0.0,0.0,3.0,0.0,0.0,0.0,0.0,2.0,0.286,0.0,0.0,0.0,0.0,5.0,0.0,0.0,0.8,4.0,38.0,0.377,G,0.667,0.614,57.0,0.053,,0.0,2.0,3.0,0.0,0.0,0.0,0.0,0.0,1.0,5.0,0.0,,,0.5,1.0,0.0,0.0,1.0,0.0,1.0,0.0,0.0,0.0,POR,0.0,0.0,10.0,1.0,0.0,0.0,0.0,0.0,1.0,2022,22101073,1.0,4.0,13.0,0.308,0.434,-0.126,0.538,1.0,7.0,0.143,0.385,-0.242,0.462,3.0,6.0,0.5,0.501,-0.001,0.231,3.0,3.0,1.0,0.642,0.358,0.385,3.0,5.0,0.6,0.556,0.044,0.538,1.0,7.0,0.143,0.383,-0.241,5.0,1.0,4.0,5.0,0.0,0.0,0.0,1.0,0.0,1.0,1.0,0.0,0.0,0.0,0.0,0.0,0.0,0.0,0.0,0.0,0.0,83.0,0.0,0.0,0.0,0.0,0.0,0.0,0.0,0.0,0.0,0.0,0.0,0.0,0.0,0.0,0.0,0.0,0.0,33.38,14225.0,2.69,1.44,1.25,4.47,4.82,4.13,,,,DET,POR,20220321,2021-22,False,POR,DET,,,,,,,,,,,,,,,,,,,,,,,,,,,,,,,,,,,,,,,,,,,,,,,,,,,,,,,,,,,,,,,,,,,,,,,,,,,,,,,,,,,,,,,,,,,,,,,,,,,,,,,,,,,,,,
1630314,Brandon Williams,Brandon,1610612757,POR,22.0,1,0,1,0.0,37.29666666666667,10,19,0.526,3,7,0.429,1,3,0.333,3,3,6,5,2,3,1,1,2,3,24,13,48.7,0,0,46.0,1,133,133,133,19,14,13,87,23,26,78,108,64,131,17,92,56,30,33,7,17,181,124,45,22,31,12,19,2,13,,130.8,19.0,2.5,118.7,135,41,70,104,41,0.161,0.107,133,82.04,134,14,98,12.1,6.9,51,83,89,7.4,120.1,135,0.088,149,158,118.7,41,130.8,99.41,77,7.3,132,98.45,13,98.45,12.1,18.5,78,0.075,126.9,0.605,0.591,0.232,0.133,112,98,149,64,75,10.0,113,75,0.234,71,16.0,56.0,7.0,48.0,0.104,10.0,2.0,0.0,0.146,4.0,3.0,0.5,2.0,0.25,0.75,0.0,9.0,0.0,0.0,1.0,0.0,0.083,8.0,0.0,12.0,0.167,0.0,24.0,4.25,0.333,0.0,2.0,72.0,0.0,1.0,34.0,5.5,0.0,4.58,0.0,0.6,0.429,5.0,12.8,17.5,7.0,0.0,0.0,3.0,0.6,0.6,0.333,0.6,0.167,10.0,1.0,22.1,0.429,5.0,1.0,2.0,0.0,0.0,0.0,0.0,0.053,0.0,1.0,0.0,0.0,1.0,0.053,0.0,,1.0,0.0,0.0,,6.0,0.474,0.0,0.667,6.0,0.0,9.0,9.0,0.0,0.667,0.667,0.474,1.0,0.0,3.0,1.0,0.158,1.0,0.105,2.0,0.0,0.333,0.053,0.333,1.0,6.0,0.0,1.0,5.0,0.6,0.053,0.263,0.75,0.5,0.0,0.316,3.0,3.0,0.571,7.0,0.6,0.786,3.0,5.0,11.0,4.0,2.0,0.0,0.0,0.0,1.0,0.605,0.0,0.0,0.0,0.0,1.0,4.0,0.0,2.0,0.0,0.0,0.0,5.0,0.0,0.5,1.0,0.0,2.0,0.5,3.0,0.0,1.0,0.6,6.0,0.0,1.0,0.667,4.0,30.0,0.392,G,0.612,0.618,49.0,-0.006,0.0,2.0,2.0,4.0,0.0,0.5,2.0,1.0,0.0,2.0,5.0,1.0,0.0,0.0,0.714,0.0,1.0,0.5,1.0,0.0,0.0,1.0,0.5,0.0,POR,0.0,0.5,7.0,2.0,0.0,0.0,0.0,0.0,2.0,2022,22101048,1.0,9.0,15.0,0.6,0.474,0.126,0.467,5.0,7.0,0.714,0.375,0.34,0.533,4.0,8.0,0.5,0.532,-0.032,0.267,2.0,4.0,0.5,0.613,-0.113,0.4,3.0,6.0,0.5,0.582,-0.082,0.467,5.0,7.0,0.714,0.428,0.286,7.0,4.0,3.0,2.0,0.0,1.0,3.0,2.0,2.0,4.0,0.5,0.5,0.0,0.0,0.0,0.0,0.0,0.0,0.0,0.0,0.0,72.0,0.0,0.0,0.0,0.0,0.0,0.0,0.0,0.0,0.0,0.0,0.0,0.0,0.0,0.0,0.0,0.0,0.0,37.3,14972.0,2.84,1.56,1.28,4.19,4.95,3.76,,,,BKN,POR,20220318,2021-22,False,POR,BKN,,,,,,,,,,,,,,,,,,,,,,,,,,,,,,,,,,,,,,,,,,,,,,,,,,,,,,,,,,,,,,,,,,,,,,,,,,,,,,,,,,,,,,,,,,,,,,,,,,,,,,,,,,,,,,
1630314,Brandon Williams,Brandon,1610612757,POR,22.0,1,0,1,0.0,40.975,8,20,0.4,5,8,0.625,4,6,0.667,1,3,4,12,3,4,0,2,4,5,25,0,56.8,1,0,54.0,1,87,87,87,8,23,10,106,4,23,18,22,18,73,47,72,76,3,14,1,60,152,139,16,19,82,5,1,2,4,,120.2,20.0,4.0,124.7,132,8,54,144,51,0.4,0.081,77,80.54,77,23,92,-4.5,-3.0,47,84,10,7.9,122.8,132,0.044,137,135,124.7,51,120.2,97.53,37,8.0,118,96.64,10,96.64,-4.5,31.6,84,0.019,119.8,0.525,0.552,0.25,0.126,133,19,137,103,100,8.0,92,100,0.253,35,32.0,86.0,14.0,74.0,0.162,25.0,1.0,1.0,0.189,2.0,16.0,0.182,5.0,0.571,0.179,2.0,5.0,0.5,0.036,0.0,1.0,0.0,11.0,1.0,28.0,0.179,1.0,25.0,4.53,0.245,0.0,0.0,102.0,0.0,0.0,52.0,7.7,0.0,4.55,0.667,0.286,0.5,9.0,13.7,16.2,6.0,1.0,1.0,1.0,0.308,0.125,0.0,0.111,0.5,14.0,2.0,23.9,0.5,2.0,0.0,1.0,0.0,2.0,,,,,,,,,,,,,,,0.0,1.0,0.55,0.05,0.091,1.0,0.0,10.0,11.0,1.0,0.1,0.091,0.5,2.0,0.0,3.0,1.0,0.15,2.0,0.05,1.0,0.0,0.667,0.1,0.667,2.0,6.0,0.0,0.0,6.0,0.833,0.0,0.3,1.25,0.833,,0.3,5.0,5.0,0.4,5.0,0.25,0.5,1.0,4.0,5.0,2.0,0.0,0.0,0.0,1.0,0.0,0.525,0.0,0.0,12.0,1.0,1.0,7.0,1.0,1.0,0.0,1.0,0.0,6.0,1.0,1.0,0.0,0.0,0.0,0.0,4.0,1.0,1.0,0.667,4.0,0.0,1.0,0.5,2.0,45.0,0.335,G,0.634,0.611,71.0,0.023,0.0,4.0,1.0,3.0,0.0,0.333,1.0,1.0,0.0,3.0,2.0,4.0,0.0,0.0,0.286,0.0,1.0,1.0,1.0,0.0,0.0,0.0,0.0,0.0,POR,0.0,1.0,7.0,4.0,1.5,4.0,1.0,4.0,4.0,2022,22101130,1.0,5.0,12.0,0.417,0.426,-0.01,0.333,2.0,4.0,0.5,0.318,0.182,0.667,3.0,8.0,0.375,0.516,-0.141,0.333,2.0,4.0,0.5,0.615,-0.115,0.667,3.0,8.0,0.375,0.55,-0.175,0.333,2.0,4.0,0.5,0.321,0.18,5.0,1.0,4.0,4.0,0.0,0.0,0.0,2.0,1.0,3.0,0.667,0.333,0.0,2.0,2.0,2.0,1.0,0.0,1.0,1.0,0.5,102.0,0.0,0.0,0.0,0.0,0.0,0.0,0.0,0.0,0.0,0.0,0.0,0.0,0.0,0.0,0.0,0.0,0.0,40.98,16841.0,3.19,1.71,1.48,4.38,4.46,4.3,,,,POR,OKC,20220328,2021-22,False,POR,OKC,,,,,,,,,,,,,,,,,,,,,,,,,,,,,,,,,,,,,,,,,,,,,,,,,,,,,,,,,,,,,,,,,,,,,,,,,,,,,,,,,,,,,,,,,,,,,,,,,,,,,,,,,,,,,,
1630314,Brandon Williams,Brandon,1610612757,POR,22.0,1,0,1,0.0,30.08333333333333,2,9,0.222,1,5,0.2,0,0,0.0,1,2,3,7,3,1,1,0,0,1,5,-16,22.1,0,0,20.0,1,125,125,125,73,157,94,204,97,64,131,138,143,138,54,122,117,19,21,58,21,1,1,121,177,221,114,24,4,121,,93.4,9.0,2.33,115.9,118,43,178,77,214,0.35,0.063,194,82.44,195,157,194,-22.4,-23.5,220,202,22,15.8,112.4,118,0.047,138,117,115.9,214,93.4,102.91,133,15.8,166,98.93,94,98.93,-22.4,36.8,61,0.031,89.0,0.278,0.278,0.171,0.054,168,31,138,104,202,2.0,206,202,0.174,131,17.0,64.0,8.0,56.0,0.125,13.0,1.0,0.0,0.143,0.0,6.0,0.0,2.0,0.545,0.0,0.0,0.0,0.0,0.0,2.0,0.0,0.182,2.0,0.0,11.0,0.182,1.0,5.0,4.44,0.07,0.0,1.0,71.0,0.0,0.0,34.0,5.5,0.0,4.62,0.0,0.5,0.4,1.0,9.8,13.1,5.0,0.0,1.0,2.0,0.6,1.0,0.0,1.0,0.0,6.0,0.0,19.8,0.5,3.0,0.0,1.0,1.0,0.0,,,,,,,,,,,,,,,,1.0,0.333,0.0,0.333,1.0,0.0,3.0,3.0,0.0,0.333,0.333,0.333,0.0,0.0,4.0,0.0,0.444,1.0,0.333,3.0,0.0,0.0,0.111,0.0,0.0,2.0,0.0,0.0,2.0,0.5,0.0,0.222,0.75,0.5,,0.222,1.0,1.0,0.333,3.0,0.0,0.333,0.0,1.0,2.0,1.0,0.0,0.0,0.0,0.25,0.0,0.278,0.0,0.0,3.0,0.0,0.0,0.0,0.0,2.0,0.0,0.0,0.0,5.0,0.0,0.5,0.0,0.0,0.0,0.0,1.0,0.0,1.0,0.2,2.0,0.0,0.0,0.0,0.0,50.0,0.336,G,0.61,0.611,82.0,-0.001,0.0,0.0,2.0,5.0,0.0,0.2,1.0,1.0,0.0,0.0,0.0,0.0,0.0,0.0,0.0,0.0,0.0,0.0,0.0,0.0,0.0,0.0,0.0,0.0,POR,0.0,0.5,2.0,4.0,0.375,1.0,0.25,1.0,4.0,2022,22101175,1.0,6.0,14.0,0.429,0.457,-0.029,0.429,1.0,6.0,0.167,0.358,-0.191,0.571,5.0,8.0,0.625,0.528,0.097,0.5,4.0,7.0,0.571,0.598,-0.026,0.571,5.0,8.0,0.625,0.544,0.081,0.429,1.0,6.0,0.167,0.363,-0.197,10.0,4.0,6.0,2.0,0.0,0.0,0.0,0.0,0.0,0.0,0.0,0.0,0.0,1.0,1.0,1.0,0.0,0.0,1.0,1.0,0.0,71.0,0.0,0.0,0.0,0.0,0.0,0.0,0.0,0.0,0.0,0.0,0.0,0.0,0.0,0.0,0.0,0.0,0.0,30.08,12601.0,2.39,1.34,1.05,4.45,4.5,3.99,,,,SAS,POR,20220403,2021-22,False,POR,SAS,,,,,,,,,,,,,,,,,,,,,,,,,,,,,,,,,,,,,,,,,,,,,,,,,,,,,,,,,,,,,,,,,,,,,,,,,,,,,,,,,,,,,,,,,,,,,,,,,,,,,,,,,,,,,,
1630314,Brandon Williams,Brandon,1610612757,POR,22.0,1,0,1,0.0,23.683333333333334,1,10,0.1,0,5,0.0,0,0,0.0,1,1,2,2,2,0,1,2,1,0,2,-30,8.4,0,0,8.0,1,78,78,78,72,109,40,132,82,38,82,83,86,83,42,101,95,52,20,71,11,138,25,106,126,147,121,12,1,123,,87.5,10.0,1.0,150.0,82,45,144,74,139,0.105,0.053,106,81.07,103,109,146,-62.5,-69.5,140,133,78,14.3,152.9,82,0.041,144,144,150.0,139,87.5,98.7,52,14.3,114,97.28,40,97.28,-62.5,14.3,48,0.033,83.5,0.1,0.1,0.211,-0.054,114,78,144,61,146,1.0,139,146,0.209,49,5.0,45.0,2.0,44.0,0.045,5.0,0.0,0.0,0.045,0.0,5.0,0.0,1.0,0.556,0.0,0.0,0.0,0.0,0.0,0.0,0.0,0.0,4.0,0.0,9.0,0.111,1.0,2.0,4.12,0.035,0.0,0.0,57.0,2.0,0.0,22.0,4.3,0.0,4.57,0.0,0.286,0.333,4.0,14.3,17.0,3.0,0.0,0.0,1.0,0.286,0.25,1.0,0.25,0.5,7.0,1.0,19.8,0.333,1.0,1.0,0.0,0.0,0.0,0.0,0.0,0.1,0.0,1.0,0.0,0.0,1.0,0.1,0.0,,1.0,0.0,0.0,,0.0,0.3,0.0,0.0,0.0,0.0,3.0,3.0,0.0,0.0,0.0,0.3,1.0,0.0,3.0,1.0,0.3,1.0,0.2,2.0,0.0,0.333,0.1,0.333,1.0,3.0,0.0,0.0,3.0,0.0,0.0,0.3,0.0,0.0,,0.3,0.0,0.0,0.0,1.0,0.0,0.0,0.0,1.0,0.0,0.0,0.0,0.0,2.0,0.2,0.0,0.1,0.0,1.0,2.0,0.0,0.0,0.0,0.0,1.0,0.0,0.0,0.0,5.0,0.0,1.0,0.0,0.0,0.0,0.0,0.0,0.0,1.0,0.0,4.0,0.0,0.0,0.0,0.0,41.0,0.342,G,0.651,0.611,63.0,0.04,0.0,0.0,1.0,5.0,0.0,0.0,0.0,1.0,0.0,0.0,0.0,0.0,0.0,0.0,0.0,0.0,0.0,0.0,0.0,0.0,0.0,0.0,0.0,0.0,POR,0.0,1.0,4.0,5.0,0.2,1.0,0.0,0.0,4.0,2022,22101105,1.0,9.0,15.0,0.6,0.445,0.155,0.533,4.0,8.0,0.5,0.344,0.157,0.467,5.0,7.0,0.714,0.521,0.193,0.333,3.0,5.0,0.6,0.575,0.025,0.4,4.0,6.0,0.667,0.549,0.118,0.533,4.0,8.0,0.5,0.346,0.154,10.0,3.0,7.0,2.0,0.0,0.0,0.0,1.0,0.0,1.0,1.0,0.0,0.0,0.0,0.0,0.0,0.0,0.0,0.0,0.0,0.0,57.0,0.0,0.0,0.0,0.0,0.0,0.0,0.0,0.0,0.0,0.0,0.0,0.0,0.0,0.0,0.0,0.0,0.0,23.68,10077.0,1.91,1.02,0.89,4.59,4.72,4.46,,,,POR,HOU,20220325,2021-22,False,POR,HOU,,,,,,,,,,,,,,,,,,,,,,,,,,,,,,,,,,,,,,,,,,,,,,,,,,,,,,,,,,,,,,,,,,,,,,,,,,,,,,,,,,,,,,,,,,,,,,,,,,,,,,,,,,,,,,
1630314,Brandon Williams,Brandon,1610612757,POR,22.0,1,0,1,0.0,23.25,4,10,0.4,0,2,0.0,1,2,0.5,1,1,2,5,2,0,0,1,3,2,9,-21,16.9,0,0,16.0,1,99,99,99,98,71,58,112,98,99,98,84,62,91,34,129,120,21,27,95,49,141,130,54,88,168,103,13,1,103,,88.9,10.0,2.5,129.8,152,29,146,152,157,0.357,0.056,121,79.14,120,71,165,-40.9,-44.7,158,126,20,11.1,132.1,152,0.047,154,160,129.8,157,88.9,94.89,31,11.2,143,94.97,58,94.97,-40.9,27.8,45,0.04,87.4,0.4,0.414,0.265,0.039,134,39,154,58,162,4.0,132,162,0.264,29,11.0,56.0,5.0,45.0,0.111,13.0,0.0,0.0,0.111,2.0,5.0,0.5,2.0,0.455,0.455,2.0,5.0,0.5,0.091,0.0,1.0,0.0,4.0,1.0,11.0,0.182,0.0,9.0,5.41,0.148,0.0,0.0,61.0,0.0,0.0,24.0,5.4,0.0,5.27,0.0,0.667,1.0,2.0,19.6,17.6,1.0,0.0,0.0,1.0,0.667,0.5,0.0,0.5,0.0,3.0,0.0,15.6,1.0,2.0,0.0,1.0,0.0,0.0,,,,,,,,,,,,,,,,3.0,0.4,0.0,0.75,3.0,0.0,4.0,4.0,0.0,0.75,0.75,0.4,1.0,0.0,5.0,0.25,0.5,4.0,0.1,1.0,0.0,0.2,0.4,0.2,1.0,1.0,0.0,0.0,1.0,0.0,0.0,0.1,0.0,0.0,,0.1,0.0,0.0,0.333,6.0,0.0,0.333,0.0,1.0,4.0,2.0,0.0,0.0,0.0,0.0,0.0,0.4,0.0,0.0,0.0,0.0,0.0,2.0,0.0,3.0,0.0,0.0,0.0,2.0,0.0,0.333,0.0,0.0,1.0,0.5,0.0,0.0,1.0,0.0,3.0,0.0,0.0,0.667,2.0,53.0,0.337,G,0.616,0.611,86.0,0.005,,0.0,1.0,2.0,,0.0,0.0,0.0,0.0,0.0,2.0,0.0,,,0.667,2.0,0.0,0.0,4.0,,0.5,0.0,0.0,0.0,POR,,0.0,3.0,1.0,0.0,0.0,0.0,0.0,1.0,2022,22101209,1.0,1.0,3.0,0.333,0.42,-0.086,0.667,1.0,2.0,0.5,0.36,0.14,0.333,0.0,1.0,0.0,0.448,-0.448,,,,,,,,,,,,,0.667,1.0,2.0,0.5,0.365,0.136,3.0,1.0,2.0,1.0,0.0,0.0,0.0,2.0,0.0,2.0,1.0,0.0,0.0,0.0,0.0,0.0,0.0,0.0,0.0,0.0,0.0,61.0,0.0,0.0,0.0,0.0,0.0,0.0,0.0,0.0,0.0,0.0,0.0,0.0,0.0,0.0,0.0,0.0,0.0,23.25,9383.0,1.78,0.97,0.81,4.43,5.14,3.77,,,,DAL,POR,20220408,2021-22,False,POR,DAL,,,,,,,,,,,,,,,,,,,,,,,,,,,,,,,,,,,,,,,,,,,,,,,,,,,,,,,,,,,,,,,,,,,,,,,,,,,,,,,,,,,,,,,,,,,,,,,,,,,,,,,,,,,,,,
1630314,Brandon Williams,Brandon,1610612757,POR,22.0,1,0,1,0.0,33.5,6,15,0.4,1,6,0.167,2,2,1.0,1,3,4,8,1,1,1,0,3,1,15,-12,36.8,0,0,32.0,1,87,87,87,24,28,20,100,46,18,90,41,52,1,53,68,66,7,57,38,18,1,119,75,38,144,23,14,2,31,,97.1,15.0,8.0,114.5,75,3,71,56,125,0.421,0.1,66,82.39,65,28,116,-17.4,-14.5,123,104,9,4.0,110.0,75,0.058,116,100,114.5,125,97.1,101.73,80,4.0,96,98.87,20,98.87,-17.4,32.0,69,0.026,95.5,0.433,0.472,0.2,0.113,114,31,116,83,120,6.0,111,120,0.203,75,18.0,53.0,9.0,51.0,0.157,14.0,1.0,1.0,0.176,3.0,1.0,0.5,0.0,0.143,0.857,0.0,6.0,0.0,0.0,0.0,0.0,0.0,6.0,0.0,7.0,0.0,0.0,15.0,3.66,0.221,0.0,1.0,68.0,0.0,2.0,25.0,4.7,0.0,4.17,0.0,0.444,0.5,4.0,9.6,10.7,6.0,1.0,2.0,3.0,0.571,0.333,1.0,0.25,0.25,9.0,1.0,14.0,0.6,3.0,1.0,0.0,1.0,0.0,,,,,,,,,,,,,,,,2.0,0.267,0.0,0.5,2.0,0.0,4.0,4.0,0.0,0.5,0.5,0.267,2.0,1.0,4.0,0.667,0.267,3.0,0.067,1.0,1.0,0.75,0.2,0.875,3.0,7.0,1.0,2.0,5.0,0.0,0.133,0.333,0.143,0.143,0.5,0.467,0.0,1.0,0.5,4.0,0.0,0.5,0.0,1.0,4.0,2.0,2.0,0.0,0.0,0.2,1.0,0.433,0.0,0.0,3.0,0.0,0.0,3.0,0.0,1.0,0.0,0.0,0.0,4.0,1.0,1.0,1.0,0.0,2.0,0.667,1.0,0.0,1.0,0.25,5.0,0.0,2.0,0.4,2.0,43.0,0.335,G,0.642,0.611,67.0,0.031,,3.0,0.0,3.0,1.0,0.333,1.0,0.0,0.0,2.0,2.0,1.0,,,0.4,1.0,0.0,0.333,1.0,0.0,1.0,1.0,0.5,0.0,POR,0.0,0.0,5.0,5.0,0.3,1.0,0.2,1.0,5.0,2022,22101114,1.0,8.0,16.0,0.5,0.441,0.059,0.563,6.0,9.0,0.667,0.333,0.334,0.438,2.0,7.0,0.286,0.518,-0.232,0.25,2.0,4.0,0.5,0.613,-0.113,0.375,2.0,6.0,0.333,0.563,-0.23,0.563,6.0,9.0,0.667,0.339,0.327,10.0,4.0,6.0,2.0,0.0,0.0,0.0,1.0,0.0,1.0,1.0,0.0,0.0,0.0,0.0,0.0,0.0,0.0,0.0,0.0,0.0,68.0,0.0,0.0,0.0,0.0,0.0,0.0,0.0,0.0,0.0,0.0,0.0,0.0,0.0,0.0,0.0,0.0,0.0,33.5,13322.0,2.52,1.3,1.23,4.22,4.74,3.77,,,,POR,HOU,20220326,2021-22,False,POR,HOU,,,,,,,,,,,,,,,,,,,,,,,,,,,,,,,,,,,,,,,,,,,,,,,,,,,,,,,,,,,,,,,,,,,,,,,,,,,,,,,,,,,,,,,,,,,,,,,,,,,,,,,,,,,,,,
1630314,Brandon Williams,Brandon,1610612757,POR,22.0,1,0,1,0.0,19.5,4,9,0.444,1,3,0.333,3,3,1.0,1,1,2,0,2,0,0,2,2,3,12,-26,12.4,0,0,15.0,1,77,77,77,98,48,51,82,46,59,39,33,45,1,34,103,94,110,26,71,60,134,71,28,47,150,111,12,1,88,,75.0,9.0,0.0,133.3,99,78,91,53,143,0.0,0.056,122,84.1,122,48,146,-58.3,-55.3,144,76,110,16.7,126.8,99,0.047,143,127,133.3,143,75.0,105.99,17,16.2,116,100.92,51,100.92,-58.3,0.0,40,0.04,71.5,0.5,0.581,0.273,0.063,108,110,143,45,147,4.0,68,147,0.287,19,0.0,35.0,1.0,31.0,0.0,4.0,0.0,1.0,0.032,2.0,1.0,0.4,0.0,0.143,0.714,0.0,5.0,0.0,0.0,0.0,0.0,0.0,5.0,0.0,7.0,0.0,0.0,12.0,4.39,0.261,0.0,1.0,46.0,0.0,0.0,16.0,3.7,0.0,4.8,1.0,0.222,0.167,3.0,6.1,5.1,6.0,0.0,0.0,0.0,0.222,0.333,1.0,0.333,1.0,9.0,2.0,4.1,0.167,0.0,1.0,0.0,0.0,1.0,,,,,,,,,,,,,,,1.0,2.0,0.556,0.111,0.7,3.0,1.0,4.0,5.0,1.0,0.5,0.6,0.444,1.0,0.0,3.0,0.5,0.333,2.0,0.111,1.0,0.0,0.333,0.222,0.333,1.0,1.0,0.0,0.0,1.0,0.0,0.0,0.111,0.0,0.0,,0.111,0.0,0.0,0.333,6.0,0.0,0.333,0.0,2.0,4.0,2.0,0.0,0.0,0.0,1.0,0.0,0.5,0.0,0.0,3.0,0.0,0.0,3.0,0.0,2.0,0.0,0.0,0.0,3.0,0.0,0.5,0.0,0.0,2.0,0.667,1.0,0.0,1.0,0.333,1.0,0.0,0.0,0.0,0.0,2.0,0.222,G,1.0,0.671,2.0,0.33,,1.0,2.0,2.0,,0.0,0.0,1.0,0.0,2.0,0.0,1.0,,,0.0,1.0,0.0,1.0,1.0,,1.0,1.0,0.5,0.0,POR,,0.5,1.0,1.0,1.5,1.0,1.0,1.0,1.0,2022,22100894,1.0,4.0,6.0,0.667,0.444,0.223,0.333,2.0,2.0,1.0,0.356,0.645,0.667,2.0,4.0,0.5,0.501,-0.001,0.167,1.0,1.0,1.0,0.661,0.339,0.333,1.0,2.0,0.5,0.591,-0.091,0.5,3.0,3.0,1.0,0.376,0.624,3.0,2.0,1.0,0.0,0.0,0.0,0.0,0.0,0.0,0.0,0.0,0.0,0.0,1.0,1.0,1.0,1.0,0.0,1.0,1.0,1.0,46.0,0.0,0.0,0.0,0.0,0.0,0.0,0.0,0.0,0.0,0.0,0.0,0.0,0.0,0.0,0.0,0.0,0.0,19.5,7907.0,1.5,0.81,0.69,4.28,4.62,3.95,,,,POR,GSW,20220224,2021-22,False,POR,GSW,,,,,,,,,,,,,,,,,,,,,,,,,,,,,,,,,,,,,,,,,,,,,,,,,,,,,,,,,,,,,,,,,,,,,,,,,,,,,,,,,,,,,,,,,,,,,,,,,,,,,,,,,,,,,,
1630314,Brandon Williams,Brandon,1610612757,POR,22.0,1,0,1,0.0,6.766666666666667,2,2,1.0,0,0,0.0,3,5,0.6,0,0,0,0,0,0,0,0,0,3,7,14,7.0,0,0,7.0,1,80,80,80,129,92,124,1,81,110,81,25,21,57,82,133,140,112,99,68,45,1,1,28,83,19,123,11,1,119,,153.3,2.0,0.0,60.0,32,81,3,55,7,0.0,0.0,1,88.67,1,92,8,93.3,93.5,9,2,112,0.0,61.5,32,0.0,9,6,60.0,7,153.3,104.56,43,0.0,133,106.4,124,106.4,93.3,0.0,15,0.0,155.0,1.0,0.833,0.222,0.303,140,112,9,82,5,2.0,19,5,0.235,44,0.0,9.0,0.0,5.0,0.0,0.0,0.0,0.0,0.0,1.0,0.0,1.0,0.0,0.0,2.0,2.0,4.0,0.5,0.5,0.0,1.0,0.0,1.0,1.0,2.0,0.0,1.0,7.0,3.44,0.778,0.0,1.0,9.0,1.0,1.0,3.0,0.5,0.0,3.37,,,,,,,,,,,,,,,,,,,,,,,,,0.0,0.0,0.5,1.0,1.0,1.0,1.0,1.0,0.5,1.0,,1.0,1.0,0.0,,,,,,,,,,,,,,1.0,0.0,1.0,1.0,0.5,1.0,0.0,0.0,,1.0,0.5,1.0,1.0,,,,,,,,,,,,,,1.0,1.0,,1.0,,,2.0,1.0,1.0,0.0,1.0,0.0,0.0,1.0,0.0,0.0,0.0,0.0,,1.0,0.0,0.0,0.0,0.0,0.0,0.0,0.0,0.0,0.0,,1.0,1.0,0.0,0.0,0.0,0.0,1.0,,0.0,1.0,1.0,1.0,0.5,G,1.0,0.68,1.0,0.32,0.0,0.0,,0.0,,0.0,0.0,,,1.0,1.0,0.0,0.0,0.0,1.0,0.0,,0.0,0.0,,0.0,1.0,1.0,,POR,,,1.0,0.0,,0.0,,,,2022,22100506,1.0,1.0,2.0,0.5,0.299,0.202,0.5,0.0,1.0,0.0,0.0,0.0,0.5,1.0,1.0,1.0,0.571,0.429,0.5,1.0,1.0,1.0,0.68,0.32,0.5,1.0,1.0,1.0,0.632,0.368,0.5,0.0,1.0,0.0,0.0,0.0,1.0,0.0,1.0,1.0,0.0,0.0,0.0,0.0,0.0,0.0,0.0,0.0,0.0,0.0,0.0,0.0,0.0,0.0,0.0,0.0,0.0,9.0,0.0,0.0,0.0,0.0,0.0,0.0,0.0,0.0,0.0,0.0,0.0,0.0,0.0,0.0,0.0,0.0,0.0,6.77,2853.0,0.54,0.29,0.25,4.03,4.92,3.18,,,,POR,DAL,20211227,2021-22,False,POR,DAL,,,,,,,,,,,,,,,,,,,,,,,,,,,,,,,,,,,,,,,,,,,,,,,,,,,,,,,,,,,,,,,,,,,,,,,,,,,,,,,,,,,,,,,,,,,,,,,,,,,,,,,,,,,,,,
1630314,Brandon Williams,Brandon,1610612757,POR,22.0,1,0,1,0.0,29.183333333333334,4,10,0.4,3,4,0.75,6,7,0.857,1,3,4,3,1,1,0,0,2,6,17,-6,28.3,0,0,29.0,1,94,94,94,72,81,60,125,24,63,16,13,14,65,49,73,74,61,77,37,66,1,74,7,44,139,72,17,1,60,,122.0,10.0,3.0,134.5,175,23,89,166,65,0.143,0.143,77,80.18,77,81,139,-12.4,-13.5,72,99,82,5.9,133.4,175,0.073,168,167,134.5,65,122.0,97.47,79,5.9,75,96.22,60,96.22,-12.4,17.6,59,0.029,119.9,0.55,0.65,0.194,0.101,105,90,168,92,133,4.0,73,133,0.198,83,8.0,56.0,3.0,50.0,0.06,10.0,0.0,0.0,0.06,0.0,5.0,0.0,0.0,0.455,0.273,4.0,3.0,0.75,0.182,1.0,2.0,0.091,2.0,3.0,11.0,0.0,1.0,17.0,3.97,0.254,0.0,1.0,67.0,0.0,0.0,30.0,4.8,0.0,4.26,0.0,0.667,0.75,2.0,8.0,8.8,4.0,0.0,0.0,3.0,0.667,0.5,0.0,0.5,0.0,6.0,0.0,11.1,0.75,4.0,0.0,1.0,0.0,0.0,,,,,,,,,,,,,,,,0.0,0.4,0.0,0.0,0.0,0.0,4.0,4.0,0.0,0.0,0.0,0.4,1.0,1.0,3.0,0.5,0.3,2.0,0.1,1.0,1.0,0.667,0.2,0.833,2.0,3.0,0.0,0.0,3.0,0.667,0.0,0.3,1.0,0.667,,0.3,2.0,2.0,0.5,2.0,,0.5,0.0,0.0,2.0,1.0,0.0,0.0,0.0,0.75,0.0,0.55,0.0,0.0,9.0,1.0,0.0,1.0,1.0,2.0,0.0,0.5,0.0,2.0,2.0,0.5,0.0,0.0,0.0,0.0,2.0,0.5,1.0,1.0,3.0,0.0,2.0,0.0,0.0,46.0,0.326,G,0.613,0.612,75.0,0.001,,2.0,2.0,2.0,0.0,1.0,2.0,1.0,0.0,0.0,0.0,1.0,,,0.0,0.0,0.0,0.5,0.0,0.0,0.0,0.0,0.0,0.0,POR,0.0,0.5,4.0,4.0,1.125,3.0,0.75,3.0,4.0,2022,22101158,1.0,5.0,9.0,0.556,0.467,0.088,0.444,3.0,4.0,0.75,0.363,0.387,0.556,2.0,5.0,0.4,0.549,-0.149,0.333,1.0,3.0,0.333,0.642,-0.309,0.333,1.0,3.0,0.333,0.596,-0.262,0.556,3.0,5.0,0.6,0.349,0.251,1.0,0.0,1.0,2.0,0.0,0.0,0.0,0.0,0.0,0.0,0.0,0.0,0.0,1.0,1.0,1.0,0.0,0.0,1.0,1.0,0.0,67.0,0.0,0.0,0.0,0.0,0.0,0.0,0.0,0.0,0.0,0.0,0.0,0.0,0.0,0.0,0.0,0.0,0.0,29.18,11810.0,2.24,1.18,1.05,4.24,4.76,4.11,,,,SAS,POR,20220401,2021-22,False,POR,SAS,,,,,,,,,,,,,,,,,,,,,,,,,,,,,,,,,,,,,,,,,,,,,,,,,,,,,,,,,,,,,,,,,,,,,,,,,,,,,,,,,,,,,,,,,,,,,,,,,,,,,,,,,,,,,,
1630314,Brandon Williams,Brandon,1610612757,POR,22.0,1,0,1,0.0,35.78333333333333,8,17,0.471,2,6,0.333,2,5,0.4,0,3,3,6,5,1,1,1,3,3,20,-9,33.6,0,0,35.0,1,94,94,94,31,25,24,87,38,31,62,57,28,98,102,78,96,16,3,35,23,118,118,35,37,144,50,15,1,36,,106.3,17.0,1.2,117.7,59,59,113,46,125,0.24,0.061,148,88.31,148,25,126,-11.4,-12.2,126,82,35,16.7,115.9,59,0.034,107,101,117.7,125,106.3,108.17,28,16.6,139,105.97,24,105.97,-11.4,20.0,79,0.0,103.7,0.529,0.521,0.27,0.063,148,69,107,102,117,8.0,100,117,0.275,25,13.0,55.0,7.0,49.0,0.122,10.0,0.0,1.0,0.143,5.0,3.0,0.5,3.0,0.188,0.688,2.0,11.0,0.5,0.063,2.0,1.0,0.125,10.0,1.0,16.0,0.188,0.0,20.0,4.27,0.274,0.0,0.0,73.0,0.0,0.0,27.0,5.6,0.0,4.6,0.0,0.3,0.375,2.0,14.5,14.5,8.0,0.0,0.0,3.0,0.3,0.0,0.0,0.0,0.0,10.0,0.0,0.0,0.375,3.0,0.0,0.0,0.0,0.0,0.0,0.0,0.176,3.0,1.0,3.0,1.0,3.0,0.176,1.0,,3.0,1.0,0.0,,3.0,0.471,0.0,0.375,3.0,0.0,8.0,8.0,0.0,0.375,0.375,0.471,0.0,1.0,4.0,,0.235,0.0,0.235,4.0,0.25,0.25,0.0,0.375,1.0,2.0,0.0,0.0,2.0,0.5,0.0,0.118,0.75,0.5,,0.118,1.0,1.0,0.0,2.0,0.0,0.0,0.0,2.0,0.0,0.0,0.0,0.0,0.0,0.5,0.0,0.529,0.0,0.0,6.0,2.0,0.0,2.0,0.0,0.0,2.0,0.0,0.667,3.0,0.0,0.0,3.0,0.0,0.0,0.0,0.0,0.667,0.0,0.0,9.0,0.0,3.0,0.667,6.0,24.0,0.4,G,0.6,0.622,40.0,-0.022,0.0,3.0,0.0,3.0,0.0,0.0,0.0,0.0,0.0,2.0,6.0,2.0,0.0,0.0,0.667,0.0,0.0,0.667,0.0,0.0,0.0,0.0,0.0,0.0,POR,0.0,0.0,9.0,4.0,0.75,2.0,0.5,2.0,4.0,2022,22101021,1.0,8.0,20.0,0.4,0.468,-0.068,0.45,2.0,9.0,0.222,0.372,-0.15,0.55,6.0,11.0,0.545,0.55,-0.005,0.45,6.0,9.0,0.667,0.633,0.034,0.5,6.0,10.0,0.6,0.565,0.035,0.5,2.0,10.0,0.2,0.385,-0.185,11.0,5.0,6.0,1.0,0.0,1.0,3.0,0.0,0.0,0.0,0.0,0.0,0.0,2.0,2.0,2.0,0.0,0.0,1.0,1.0,0.0,73.0,0.0,0.0,0.0,0.0,0.0,0.0,0.0,0.0,0.0,0.0,0.0,0.0,0.0,0.0,0.0,0.0,0.0,35.78,15065.0,2.85,1.59,1.26,4.51,5.05,4.0,,,,ATL,POR,20220314,2021-22,False,POR,ATL,,,,,,,,,,,,,,,,,,,,,,,,,,,,,,,,,,,,,,,,,,,,,,,,,,,,,,,,,,,,,,,,,,,,,,,,,,,,,,,,,,,,,,,,,,,,,,,,,,,,,,,,,,,,,,
1630314,Brandon Williams,Brandon,1610612757,POR,22.0,1,0,1,0.0,24.166666666666668,2,7,0.286,2,5,0.4,6,9,0.667,0,0,0,7,3,0,0,1,2,5,12,-12,19.5,0,0,21.0,1,86,86,86,86,102,80,128,28,40,42,8,7,54,90,146,154,9,12,87,53,106,71,10,60,139,88,15,2,75,,90.7,7.0,2.33,113.0,36,27,108,25,140,0.467,0.0,129,89.38,124,102,133,-22.2,-26.6,144,106,4,14.3,113.8,36,0.0,86,94,113.0,140,90.7,109.0,48,14.3,146,107.26,80,107.26,-22.2,33.3,54,0.0,87.3,0.429,0.547,0.23,0.059,154,17,86,90,127,2.0,82,128,0.228,42,17.0,49.0,8.0,43.0,0.163,10.0,0.0,1.0,0.186,0.0,7.0,0.0,3.0,0.583,0.333,4.0,4.0,1.0,0.167,1.0,2.0,0.083,1.0,4.0,12.0,0.25,1.0,12.0,4.02,0.207,0.0,0.0,58.0,0.0,0.0,23.0,4.3,0.0,4.42,,,,,,,,,,,,,,,,,,,,,,,,,0.0,0.0,0.143,0.0,1.0,0.0,0.0,1.0,0.143,0.0,,1.0,0.0,0.0,,0.0,0.143,0.0,0.0,0.0,0.0,1.0,1.0,0.0,0.0,0.0,0.143,0.0,2.0,4.0,,0.571,0.0,0.571,4.0,0.5,0.5,0.0,0.75,2.0,1.0,0.0,0.0,1.0,0.0,0.0,0.143,0.0,0.0,,0.143,0.0,0.0,0.667,3.0,0.667,1.0,2.0,3.0,6.0,2.0,0.0,0.0,0.0,0.0,0.0,0.429,0.0,0.0,0.0,0.0,0.0,1.0,0.0,0.0,0.0,0.0,0.0,3.0,1.0,0.0,1.0,0.0,0.0,0.0,2.0,0.0,0.0,0.667,1.0,0.0,2.0,0.0,0.0,6.0,0.304,G,0.857,0.625,7.0,0.233,,2.0,0.0,3.0,0.0,0.667,2.0,0.0,0.0,1.0,0.0,0.0,,,0.0,0.0,0.0,0.0,0.0,0.0,0.0,0.0,0.0,0.0,POR,0.0,0.0,1.0,2.0,0.0,0.0,0.0,0.0,2.0,2022,22100918,1.0,6.0,14.0,0.429,0.432,-0.004,0.5,1.0,7.0,0.143,0.339,-0.196,0.5,5.0,7.0,0.714,0.539,0.175,0.357,4.0,5.0,0.8,0.606,0.194,0.429,5.0,6.0,0.833,0.574,0.259,0.571,1.0,8.0,0.125,0.347,-0.222,9.0,2.0,7.0,1.0,0.0,0.0,0.0,2.0,0.0,2.0,1.0,0.0,0.0,0.0,0.0,0.0,0.0,0.0,0.0,0.0,0.0,58.0,0.0,0.0,0.0,0.0,0.0,0.0,0.0,0.0,0.0,0.0,0.0,0.0,0.0,0.0,0.0,0.0,0.0,24.17,10163.0,1.92,1.06,0.86,4.36,5.05,4.14,,,,POR,DEN,20220227,2021-22,False,POR,DEN,,,,,,,,,,,,,,,,,,,,,,,,,,,,,,,,,,,,,,,,,,,,,,,,,,,,,,,,,,,,,,,,,,,,,,,,,,,,,,,,,,,,,,,,,,,,,,,,,,,,,,,,,,,,,,
1630314,Brandon Williams,Brandon,1610612757,POR,22.0,1,0,1,0.0,25.266666666666666,2,10,0.2,2,9,0.222,4,7,0.571,0,0,0,2,2,0,0,0,3,4,10,-31,11.0,0,0,14.0,1,94,94,94,84,114,54,146,29,8,92,24,10,87,91,163,168,71,32,105,52,1,122,23,87,184,145,15,1,125,,84.3,10.0,1.0,145.1,118,58,169,116,160,0.143,0.0,120,80.74,120,114,175,-60.8,-53.8,158,140,84,11.8,140.0,118,0.0,181,173,145.1,160,84.3,97.53,35,11.7,163,96.89,54,96.89,-60.8,11.8,51,0.0,86.3,0.3,0.382,0.259,-0.036,168,106,181,91,177,2.0,134,177,0.27,33,5.0,54.0,3.0,41.0,0.049,5.0,0.0,1.0,0.073,0.0,2.0,0.0,0.0,0.286,0.143,4.0,1.0,0.25,0.286,2.0,2.0,0.286,1.0,1.0,7.0,0.0,1.0,10.0,3.2,0.169,0.0,1.0,59.0,0.0,0.0,35.0,3.7,0.0,3.72,,,,,,,,,,,,,,,,,,,,,,,,,0.0,0.0,0.1,0.0,1.0,0.0,0.0,1.0,0.1,0.0,,1.0,0.0,0.0,,,,,,,,,,,,,,0.0,1.0,3.0,,0.3,0.0,0.3,3.0,0.333,0.333,0.0,0.5,1.0,6.0,0.0,0.0,6.0,0.167,0.0,0.6,0.25,0.167,,0.6,1.0,1.0,0.0,2.0,0.0,0.0,0.0,2.0,0.0,0.0,0.0,0.0,0.0,0.286,0.0,0.3,0.0,0.0,6.0,0.0,0.0,0.0,0.0,0.0,0.0,0.0,0.0,8.0,1.0,0.0,0.0,0.0,0.0,0.0,2.0,0.0,0.0,0.25,1.0,0.0,1.0,0.0,0.0,35.0,0.391,G,0.648,0.612,54.0,0.036,,2.0,0.0,7.0,0.0,0.286,2.0,0.0,0.0,0.0,0.0,0.0,,,0.0,0.0,0.0,0.0,0.0,0.0,0.0,0.0,0.0,0.0,POR,0.0,0.0,1.0,7.0,0.429,2.0,0.286,2.0,7.0,2022,22101062,1.0,8.0,13.0,0.615,0.435,0.18,0.308,0.0,4.0,0.0,0.39,-0.39,0.692,8.0,9.0,0.889,0.515,0.374,0.385,5.0,5.0,1.0,0.558,0.442,0.385,5.0,5.0,1.0,0.53,0.47,0.538,2.0,7.0,0.286,0.375,-0.089,2.0,0.0,2.0,1.0,0.0,0.0,0.0,0.0,0.0,0.0,0.0,0.0,0.0,0.0,0.0,0.0,0.0,0.0,0.0,0.0,0.0,59.0,0.0,0.0,0.0,0.0,0.0,0.0,0.0,0.0,0.0,0.0,0.0,0.0,0.0,0.0,0.0,0.0,0.0,25.27,10293.0,1.95,1.03,0.92,4.18,4.47,3.91,,,,IND,POR,20220320,2021-22,False,POR,IND,,,,,,,,,,,,,,,,,,,,,,,,,,,,,,,,,,,,,,,,,,,,,,,,,,,,,,,,,,,,,,,,,,,,,,,,,,,,,,,,,,,,,,,,,,,,,,,,,,,,,,,,,,,,,,
1630314,Brandon Williams,Brandon,1610612757,POR,22.0,1,0,1,0.0,14.85,5,8,0.625,1,1,1.0,3,3,1.0,1,2,3,1,1,0,0,1,1,2,14,-1,18.1,0,0,19.0,1,89,89,89,130,47,72,39,61,111,1,32,45,1,32,91,80,88,56,95,51,127,43,57,50,89,91,16,1,85,,87.5,8.0,1.0,93.5,83,47,4,39,140,0.2,0.1,97,84.85,97,47,87,-6.0,-1.0,146,49,48,9.1,88.3,83,0.081,45,32,93.5,140,87.5,104.92,16,8.8,100,101.82,72,101.82,-6.0,9.1,32,0.059,87.3,0.688,0.751,0.294,0.287,84,107,45,41,103,5.0,37,103,0.312,18,2.0,23.0,2.0,16.0,0.063,5.0,0.0,1.0,0.125,1.0,3.0,0.333,0.0,0.429,0.286,0.0,2.0,0.0,0.0,1.0,0.0,0.143,3.0,0.0,7.0,0.0,0.0,14.0,4.79,0.5,0.0,1.0,28.0,0.0,2.0,17.0,2.3,0.0,4.93,0.0,0.75,1.0,2.0,16.4,12.1,2.0,0.0,0.0,2.0,0.75,0.5,0.0,0.5,0.0,4.0,0.0,3.3,1.0,3.0,0.0,1.0,0.0,0.0,0.0,0.0,0.375,2.0,1.0,2.0,0.667,3.0,0.375,0.667,,3.0,0.667,0.0,,1.0,0.25,0.0,0.5,1.0,0.0,2.0,2.0,0.0,0.5,0.5,0.25,1.0,1.0,3.0,0.5,0.375,2.0,0.125,1.0,1.0,0.667,0.25,0.833,2.0,,,,,,,,,,,,,,0.0,1.0,,0.0,0.0,0.0,0.0,0.0,2.0,0.0,0.0,1.0,1.0,0.688,0.0,0.0,3.0,1.0,0.0,3.0,1.0,1.0,0.0,1.0,0.0,0.0,1.0,0.0,0.0,0.0,1.0,0.333,0.0,1.0,0.0,0.0,3.0,0.0,1.0,1.0,3.0,6.0,0.25,G,0.857,0.625,7.0,0.233,,1.0,1.0,0.0,0.0,0.0,0.0,0.0,0.0,2.0,3.0,1.0,,,0.75,0.0,0.0,1.0,0.0,0.0,0.0,1.0,0.5,0.0,POR,0.0,0.0,4.0,1.0,1.5,1.0,1.0,1.0,1.0,2022,22100939,1.0,1.0,5.0,0.2,0.434,-0.234,0.8,1.0,4.0,0.25,0.375,-0.125,0.2,0.0,1.0,0.0,0.535,-0.535,,,,,,,,,,,,,1.0,1.0,5.0,0.2,0.383,-0.183,4.0,0.0,4.0,0.0,0.0,0.0,0.0,0.0,1.0,1.0,0.0,1.0,0.0,0.0,0.0,0.0,0.0,0.0,0.0,0.0,0.0,28.0,0.0,0.0,0.0,0.0,0.0,0.0,0.0,0.0,0.0,0.0,0.0,0.0,0.0,0.0,0.0,0.0,0.0,14.85,5911.0,1.12,0.59,0.53,4.16,4.53,3.77,,,,PHX,POR,20220302,2021-22,False,POR,PHX,,,,,,,,,,,,,,,,,,,,,,,,,,,,,,,,,,,,,,,,,,,,,,,,,,,,,,,,,,,,,,,,,,,,,,,,,,,,,,,,,,,,,,,,,,,,,,,,,,,,,,,,,,,,,,
1630314,Brandon Williams,Brandon,1610612757,POR,22.0,1,1,0,1.0,39.93333333333333,4,15,0.267,1,5,0.2,1,2,0.5,1,4,5,4,1,1,1,2,1,1,10,8,27.0,0,0,24.0,1,1,1,1,3,53,27,113,47,30,71,60,39,68,36,40,46,29,40,28,15,131,33,64,64,32,53,15,1,57,,124.1,15.0,4.0,115.9,81,11,114,70,45,0.111,0.1,69,82.64,69,53,54,8.2,7.8,51,114,64,4.8,113.4,81,0.063,73,63,115.9,45,124.1,101.47,72,4.8,85,99.17,27,99.17,8.2,19.0,83,0.026,121.1,0.3,0.315,0.181,0.032,91,53,73,71,50,4.0,117,50,0.179,69,10.0,55.0,4.0,54.0,0.074,12.0,0.0,0.0,0.074,1.0,6.0,0.143,2.0,0.429,0.214,2.0,3.0,0.5,0.071,0.0,1.0,0.0,7.0,1.0,14.0,0.143,0.0,10.0,4.51,0.141,0.0,0.0,71.0,0.0,0.0,25.0,5.8,0.0,4.86,0.0,0.833,0.8,1.0,6.3,7.1,5.0,0.0,0.0,4.0,0.833,1.0,0.0,1.0,0.0,6.0,0.0,10.3,0.8,5.0,0.0,1.0,0.0,0.0,0.0,0.0,0.067,0.0,1.0,0.0,0.0,1.0,0.067,0.0,,1.0,0.0,0.0,0.0,2.0,0.533,0.067,0.25,2.0,0.0,7.0,8.0,1.0,0.286,0.25,0.467,1.0,1.0,5.0,0.5,0.333,2.0,0.2,3.0,0.333,0.4,0.133,0.5,2.0,1.0,0.0,0.0,1.0,0.0,0.0,0.067,0.0,0.0,,0.067,0.0,0.0,0.0,3.0,0.0,0.0,0.0,2.0,0.0,0.0,0.0,0.0,0.0,0.5,0.0,0.3,0.0,0.0,5.0,1.0,0.0,1.0,1.0,2.0,0.0,0.5,0.0,3.0,2.0,0.5,0.0,0.0,0.0,0.0,0.0,0.5,1.0,0.0,7.0,0.0,2.0,0.286,2.0,18.0,0.388,G,0.581,0.619,31.0,-0.038,0.0,2.0,1.0,3.0,0.0,0.0,0.0,0.0,0.0,0.0,2.0,1.0,0.0,0.0,0.25,1.0,0.0,0.5,1.0,0.0,1.0,0.0,0.0,0.0,POR,0.0,0.0,8.0,4.0,0.625,2.0,0.333,1.0,3.0,2022,22101011,1.0,5.0,13.0,0.385,0.468,-0.084,0.462,2.0,6.0,0.333,0.348,-0.014,0.538,3.0,7.0,0.429,0.536,-0.107,0.385,2.0,5.0,0.4,0.626,-0.226,0.462,2.0,6.0,0.333,0.572,-0.239,0.538,3.0,7.0,0.429,0.361,0.067,8.0,3.0,5.0,2.0,0.0,1.0,2.0,0.0,0.0,0.0,0.0,0.0,0.0,0.0,0.0,0.0,0.0,0.0,0.0,0.0,0.0,71.0,0.0,0.0,0.0,0.0,0.0,0.0,0.0,0.0,0.0,0.0,0.0,0.0,0.0,0.0,0.0,0.0,0.0,39.93,16002.0,3.03,1.67,1.36,4.18,4.83,3.83,,,,POR,WAS,20220312,2021-22,False,POR,WAS,,,,,,,,,,,,,,,,,,,,,,,,,,,,,,,,,,,,,,,,,,,,,,,,,,,,,,,,,,,,,,,,,,,,,,,,,,,,,,,,,,,,,,,,,,,,,,,,,,,,,,,,,,,,,,
1630314,Brandon Williams,Brandon,1610612757,POR,22.0,1,0,1,0.0,26.916666666666668,9,14,0.643,2,5,0.4,1,1,1.0,0,2,2,1,3,1,0,0,4,1,21,-16,24.9,0,0,28.0,1,66,66,66,53,10,22,21,27,32,41,45,58,1,67,71,78,72,11,21,36,1,99,60,17,114,54,11,1,35,,113.0,14.0,0.33,140.0,88,61,49,80,58,0.083,0.08,101,80.99,100,10,113,-27.0,-29.4,77,22,74,16.7,138.0,88,0.038,116,113,140.0,58,113.0,99.83,22,16.3,81,97.19,22,97.19,-27.0,5.6,54,0.0,108.6,0.714,0.727,0.266,0.108,93,91,116,67,110,9.0,23,110,0.268,23,3.0,36.0,2.0,25.0,0.04,4.0,0.0,1.0,0.08,5.0,2.0,0.833,0.0,0.25,1.375,0.0,11.0,0.0,0.0,0.0,0.0,0.0,6.0,0.0,8.0,0.0,2.0,21.0,3.9,0.5,0.0,0.0,42.0,1.0,0.0,21.0,3.0,0.0,4.24,0.5,0.333,0.5,2.0,7.3,7.3,4.0,0.0,0.0,1.0,0.333,0.0,0.0,0.0,0.5,6.0,1.0,0.0,0.5,1.0,0.0,0.0,0.0,1.0,0.0,0.0,0.071,1.0,1.0,1.0,1.0,1.0,0.071,1.0,,1.0,1.0,0.0,,5.0,0.429,0.0,0.833,5.0,0.0,6.0,6.0,0.0,0.833,0.833,0.429,1.0,0.0,4.0,0.5,0.286,2.0,0.143,2.0,0.0,0.25,0.143,0.25,1.0,3.0,0.0,0.0,3.0,0.667,0.0,0.214,1.0,0.667,,0.214,2.0,2.0,0.333,3.0,0.0,0.333,0.0,1.0,2.0,1.0,0.0,0.0,2.0,0.5,0.0,0.714,0.0,1.0,6.0,1.0,1.0,3.0,1.0,2.0,0.0,0.5,0.0,1.0,2.0,0.5,0.0,0.0,3.0,1.0,0.0,0.5,1.0,0.0,5.0,0.0,2.0,0.8,4.0,8.0,0.279,G,0.667,0.622,12.0,0.044,,3.0,1.0,1.0,,0.0,0.0,0.0,0.0,3.0,4.0,2.0,,,0.8,0.0,1.0,0.667,0.0,,0.0,3.0,1.0,0.0,POR,,0.0,5.0,4.0,0.75,2.0,0.5,2.0,4.0,2022,22100958,1.0,7.0,15.0,0.467,0.45,0.017,0.333,2.0,5.0,0.4,0.377,0.023,0.667,5.0,10.0,0.5,0.526,-0.026,0.333,2.0,5.0,0.4,0.619,-0.219,0.4,3.0,6.0,0.5,0.581,-0.081,0.467,3.0,7.0,0.429,0.366,0.062,5.0,2.0,3.0,2.0,0.0,0.0,0.0,0.0,0.0,0.0,0.0,0.0,0.0,0.0,0.0,0.0,0.0,0.0,0.0,0.0,0.0,42.0,0.0,0.0,0.0,0.0,0.0,0.0,0.0,0.0,0.0,0.0,0.0,0.0,0.0,0.0,0.0,0.0,0.0,26.92,10433.0,1.98,1.04,0.93,4.15,4.24,3.66,,,,MIN,POR,20220305,2021-22,False,POR,MIN,,,,,,,,,,,,,,,,,,,,,,,,,,,,,,,,,,,,,,,,,,,,,,,,,,,,,,,,,,,,,,,,,,,,,,,,,,,,,,,,,,,,,,,,,,,,,,,,,,,,,,,,,,,,,,
1630314,Brandon Williams,Brandon,1610612757,POR,22.0,1,0,1,0.0,26.0,3,13,0.231,0,3,0.0,3,5,0.6,0,6,6,1,4,0,0,2,3,6,9,-26,13.7,0,0,16.0,1,133,133,133,107,118,41,200,136,113,136,44,26,115,122,33,50,121,7,122,68,231,181,6,114,253,162,23,2,141,,68.5,13.0,0.25,116.7,127,125,239,127,235,0.125,0.25,218,83.08,217,118,239,-48.1,-44.2,236,204,92,20.0,114.0,127,0.105,169,159,116.7,235,68.5,99.99,14,19.8,29,99.69,41,99.69,-48.1,5.0,54,0.0,69.8,0.231,0.296,0.322,-0.041,83,168,169,122,240,3.0,208,240,0.337,18,5.0,47.0,2.0,36.0,0.028,5.0,1.0,0.0,0.056,2.0,3.0,0.333,0.0,0.25,0.5,4.0,6.0,0.5,0.167,1.0,2.0,0.083,6.0,2.0,12.0,0.0,0.0,9.0,4.05,0.153,0.0,0.0,59.0,0.0,0.0,25.0,4.4,0.0,4.46,0.167,0.6,0.857,3.0,13.9,13.9,7.0,0.0,0.0,5.0,0.6,0.0,0.0,0.0,0.167,10.0,1.0,0.0,0.857,5.0,0.0,0.0,0.0,1.0,0.0,0.0,0.077,0.0,1.0,0.0,0.0,1.0,0.077,0.0,,1.0,0.0,0.0,0.0,3.0,0.538,0.077,0.429,3.0,0.0,6.0,7.0,1.0,0.5,0.429,0.462,0.0,0.0,3.0,0.0,0.231,1.0,0.154,2.0,0.0,0.0,0.077,0.0,0.0,2.0,0.0,2.0,0.0,,0.154,0.0,0.0,0.0,0.0,0.154,0.0,0.0,0.125,8.0,0.0,0.125,0.0,2.0,2.0,1.0,0.0,0.0,0.0,0.0,0.0,0.231,0.0,0.0,0.0,0.0,0.0,7.0,0.0,3.0,0.0,0.0,0.0,3.0,0.0,0.333,0.0,0.0,2.0,0.286,0.0,0.0,1.0,0.0,0.0,0.0,0.0,0.0,0.0,16.0,0.388,G,0.615,0.617,26.0,-0.002,,0.0,2.0,3.0,,0.0,0.0,0.0,0.0,5.0,0.0,0.0,,,0.0,1.0,0.0,0.0,3.0,,0.333,2.0,0.4,0.0,POR,,0.0,0.0,1.0,0.0,0.0,0.0,0.0,1.0,2022,22100990,1.0,3.0,6.0,0.5,0.443,0.057,0.5,1.0,3.0,0.333,0.358,-0.024,0.5,2.0,3.0,0.667,0.539,0.128,0.333,2.0,2.0,1.0,0.594,0.406,0.333,2.0,2.0,1.0,0.551,0.449,0.5,1.0,3.0,0.333,0.366,-0.033,4.0,3.0,1.0,1.0,0.0,0.0,0.0,0.0,1.0,1.0,0.0,1.0,0.0,0.0,0.0,0.0,0.0,0.0,0.0,0.0,0.0,59.0,0.0,0.0,0.0,0.0,0.0,0.0,0.0,0.0,0.0,0.0,0.0,0.0,0.0,0.0,0.0,0.0,0.0,26.0,10179.0,1.93,1.08,0.84,4.05,4.91,3.26,,,,UTA,POR,20220309,2021-22,False,POR,UTA,,,,,,,,,,,,,,,,,,,,,,,,,,,,,,,,,,,,,,,,,,,,,,,,,,,,,,,,,,,,,,,,,,,,,,,,,,,,,,,,,,,,,,,,,,,,,,,,,,,,,,,,,,,,,,
1630314,Brandon Williams,Brandon,1610612757,POR,22.0,1,0,1,0.0,28.95,6,15,0.4,2,6,0.333,0,2,0.0,1,1,2,2,2,0,2,0,2,2,14,-7,23.4,0,0,24.0,1,132,132,132,81,53,39,153,43,41,101,135,78,135,63,170,155,88,39,110,6,1,123,67,78,190,102,19,1,91,,101.6,15.0,1.0,111.3,86,75,209,110,202,0.105,0.034,175,84.97,171,53,185,-9.7,-17.3,206,170,125,10.0,117.3,86,0.03,107,142,111.3,202,101.6,100.11,56,10.1,215,101.97,39,101.97,-9.7,10.0,61,0.027,100.1,0.467,0.441,0.254,0.03,213,171,107,127,162,6.0,182,162,0.256,48,5.0,48.0,2.0,43.0,0.047,4.0,0.0,0.0,0.047,2.0,4.0,0.4,1.0,0.4,0.4,2.0,4.0,0.0,0.1,0.0,1.0,0.0,5.0,0.0,10.0,0.1,2.0,14.0,3.19,0.222,0.0,1.0,63.0,0.0,0.0,33.0,4.2,0.0,3.97,0.0,0.5,0.333,1.0,4.2,14.8,3.0,0.0,1.0,1.0,0.667,1.0,0.0,1.0,0.0,4.0,0.0,25.4,0.5,2.0,0.0,1.0,1.0,0.0,0.0,0.0,0.133,0.0,1.0,0.0,0.0,2.0,0.133,0.0,,2.0,0.0,0.0,,3.0,0.333,0.0,0.6,3.0,0.0,5.0,5.0,0.0,0.6,0.6,0.333,1.0,0.0,4.0,0.5,0.267,2.0,0.133,2.0,0.0,0.25,0.133,0.25,1.0,4.0,0.0,0.0,4.0,0.5,0.0,0.267,0.75,0.5,,0.267,2.0,2.0,0.25,4.0,0.0,0.25,0.0,2.0,2.0,1.0,0.0,0.0,0.0,0.5,0.0,0.467,0.0,0.0,6.0,2.0,0.0,1.0,0.0,2.0,2.0,0.0,1.0,3.0,1.0,0.5,2.0,0.0,0.0,0.0,0.0,0.667,1.0,0.0,6.0,0.0,3.0,0.5,3.0,28.0,0.409,G,0.622,0.618,45.0,0.004,,6.0,1.0,0.0,,0.0,0.0,0.0,0.0,1.0,3.0,2.0,,,0.5,1.0,0.0,0.333,1.0,,1.0,0.0,0.0,0.0,POR,,0.0,6.0,4.0,0.75,2.0,0.5,2.0,4.0,2022,22101037,1.0,7.0,10.0,0.7,0.457,0.243,0.4,3.0,4.0,0.75,0.369,0.381,0.6,4.0,6.0,0.667,0.523,0.144,0.5,4.0,5.0,0.8,0.59,0.21,0.6,4.0,6.0,0.667,0.557,0.11,0.4,3.0,4.0,0.75,0.378,0.372,6.0,2.0,4.0,4.0,0.0,0.0,0.0,0.0,0.0,0.0,0.0,0.0,0.0,0.0,0.0,0.0,0.0,0.0,0.0,0.0,0.0,63.0,0.0,0.0,0.0,0.0,0.0,0.0,0.0,0.0,0.0,0.0,0.0,0.0,0.0,0.0,0.0,0.0,0.0,28.95,12288.0,2.33,1.29,1.04,4.48,4.98,3.95,,,,NYK,POR,20220316,2021-22,False,POR,NYK,,,,,,,,,,,,,,,,,,,,,,,,,,,,,,,,,,,,,,,,,,,,,,,,,,,,,,,,,,,,,,,,,,,,,,,,,,,,,,,,,,,,,,,,,,,,,,,,,,,,,,,,,,,,,,
1630314,Brandon Williams,Brandon,1610612757,POR,22.0,1,0,1,0.0,16.8,1,4,0.25,0,1,0.0,3,4,0.75,0,1,1,4,4,0,0,0,1,2,5,-15,8.2,0,0,10.0,1,81,81,81,105,113,100,122,89,97,89,22,21,61,74,99,113,31,5,75,43,1,26,41,106,131,120,13,3,113,,105.9,4.0,1.0,150.0,120,52,130,120,112,0.333,0.071,144,80.95,144,113,144,-44.1,-56.4,121,129,19,28.6,157.4,120,0.042,143,147,150.0,112,105.9,97.2,23,29.1,109,97.14,100,97.14,-44.1,28.6,34,0.0,101.0,0.25,0.434,0.278,0.012,117,40,143,74,136,1.0,117,136,0.274,20,9.0,33.0,4.0,29.0,0.138,6.0,0.0,0.0,0.138,1.0,5.0,0.5,1.0,0.455,0.455,4.0,5.0,0.75,0.182,2.0,2.0,0.182,2.0,3.0,11.0,0.091,0.0,5.0,4.88,0.125,0.0,0.0,40.0,0.0,0.0,15.0,3.4,0.0,5.16,0.0,0.333,0.333,0.0,24.7,24.7,3.0,0.0,0.0,1.0,0.333,0.0,0.0,0.0,0.0,3.0,0.0,0.0,0.333,1.0,0.0,0.0,0.0,0.0,0.0,0.0,0.25,0.0,1.0,0.0,0.0,1.0,0.25,0.0,,1.0,0.0,0.0,,0.0,0.25,0.0,0.0,0.0,0.0,1.0,1.0,0.0,0.0,0.0,0.25,1.0,0.0,2.0,1.0,0.5,1.0,0.25,1.0,0.0,0.5,0.25,0.5,1.0,,,,,,,,,,,,,,0.5,2.0,,0.5,0.0,0.0,2.0,1.0,0.0,0.0,0.0,0.0,0.0,0.25,0.0,0.0,0.0,0.0,,1.0,0.0,1.0,0.0,0.0,0.0,1.0,0.0,0.0,0.0,,1.0,1.0,0.0,0.0,0.0,0.0,1.0,,0.0,0.0,0.0,53.0,0.341,G,0.616,0.611,86.0,0.005,0.0,0.0,1.0,1.0,0.0,0.0,0.0,0.0,0.0,0.0,0.0,0.0,0.0,0.0,0.0,1.0,0.0,0.0,1.0,0.0,1.0,0.0,0.0,0.0,POR,0.0,0.0,1.0,1.0,0.0,0.0,0.0,0.0,1.0,2022,22101200,1.0,5.0,8.0,0.625,0.507,0.118,0.25,2.0,2.0,1.0,0.353,0.647,0.75,3.0,6.0,0.5,0.587,-0.087,0.5,3.0,4.0,0.75,0.622,0.128,0.5,3.0,4.0,0.75,0.587,0.163,0.5,2.0,4.0,0.5,0.334,0.166,4.0,2.0,2.0,0.0,0.0,0.0,0.0,1.0,0.0,1.0,1.0,0.0,0.0,0.0,0.0,0.0,0.0,0.0,0.0,0.0,0.0,40.0,0.0,0.0,0.0,0.0,0.0,0.0,0.0,0.0,0.0,0.0,0.0,0.0,0.0,0.0,0.0,0.0,0.0,16.8,7007.0,1.33,0.74,0.58,4.28,4.32,4.22,,,,NOP,POR,20220407,2021-22,False,POR,NOP,,,,,,,,,,,,,,,,,,,,,,,,,,,,,,,,,,,,,,,,,,,,,,,,,,,,,,,,,,,,,,,,,,,,,,,,,,,,,,,,,,,,,,,,,,,,,,,,,,,,,,,,,,,,,,
1630314,Brandon Williams,Brandon,1610612742,DAL,24.0,1,1,0,1.0,5.933333333333334,0,1,0.0,0,0,0.0,0,2,0.0,1,1,2,0,0,1,0,0,0,2,0,-9,5.4,0,0,4.0,1,1,1,1,238,228,237,228,151,202,151,138,85,138,64,172,162,206,152,47,80,1,1,79,234,203,222,20,2,229,,57.1,1.0,0.0,113.3,15,137,251,9,257,0.0,0.25,1,97.75,1,228,259,-56.2,-65.7,257,228,206,0.0,122.5,15,0.125,129,164,113.3,257,57.1,113.1,206,0.0,34,117.3,237,117.3,-56.2,0.0,14,0.083,56.8,0.0,0.0,0.125,-0.031,58,206,129,49,257,0.0,234,257,0.117,191,0.0,6.0,0.0,8.0,0.0,3.0,0.0,0.0,0.0,0.0,1.0,0.0,0.0,1.0,0.0,0.0,0.0,0.0,0.0,0.0,0.0,0.0,0.0,0.0,1.0,0.0,0.0,0.0,6.55,0.0,0.0,1.0,11.0,0.0,0.0,4.0,1.1,0.0,6.26,0.0,0.667,0.333,1.0,5.1,3.7,3.0,0.0,1.0,1.0,1.0,1.0,0.0,1.0,0.0,3.0,0.0,2.4,0.5,2.0,0.0,1.0,1.0,0.0,,,,,,,,,,,,,,,,0.0,1.0,0.0,0.0,0.0,0.0,1.0,1.0,0.0,0.0,0.0,1.0,,,,,,,,,,,,,,,,,,,,,,,,,,,,0.0,,,,,0.0,0.0,0.0,0.0,0.0,0.0,0.0,0.0,0.0,0.0,0.0,0.0,,0.0,0.0,0.0,0.0,0.0,0.0,0.0,0.0,0.0,0.0,,0.0,0.0,0.0,0.0,0.0,0.0,1.0,,0.0,0.0,0.0,2.0,0.75,G,0.667,0.557,3.0,0.11,,0.0,0.0,0.0,0.0,0.0,0.0,0.0,,0.0,0.0,0.0,,,0.0,0.0,,0.0,0.0,0.0,0.0,0.0,0.0,,DAL,0.0,0.0,1.0,0.0,,0.0,,,,2024,22300472,1.0,1.0,1.0,1.0,0.385,0.615,1.0,1.0,1.0,1.0,0.325,0.675,,,,,,,,,,,,,,,,,,,1.0,1.0,1.0,1.0,0.337,0.663,1.0,0.0,1.0,1.0,0.0,0.0,0.0,0.0,0.0,0.0,0.0,0.0,0.0,0.0,0.0,0.0,0.0,0.0,0.0,0.0,0.0,11.0,0.0,0.0,0.0,0.0,0.0,0.0,0.0,0.0,0.0,0.0,0.0,0.0,0.0,0.0,0.0,0.0,0.0,5.93,2500.0,0.47,0.25,0.22,4.67,5.53,3.77,,,,DAL,POR,20240103,2023-24,False,DAL,POR,,,,,,,,,,,,,,,,,,,,,,,,,,,,,,,,,,,,,,,,,,,,,,,,,,,,,,,,,,,,,,,,,,,,,,,,,,,,,,,,,,,,,,,,,,,,,,,,,,,,,,,,,,,,,,
1630314,Brandon Williams,Brandon,1610612742,DAL,24.0,1,0,1,0.0,8.266666666666667,1,3,0.333,0,1,0.0,3,3,1.0,0,0,0,2,0,0,0,0,0,2,5,-10,8.0,0,0,7.0,1,106,106,106,185,155,162,153,117,136,117,34,44,1,110,180,187,84,121,93,65,1,1,55,136,163,164,15,2,166,,100.0,3.0,0.0,158.8,122,102,77,85,151,0.4,0.0,1,82.26,1,155,204,-58.8,-64.1,175,165,6,0.0,161.1,122,0.0,205,206,158.8,151,100.0,99.52,59,0.0,180,98.71,162,98.71,-58.8,33.3,17,0.0,97.0,0.333,0.579,0.222,0.116,187,25,205,110,203,1.0,103,203,0.233,59,4.0,13.0,2.0,11.0,0.182,2.0,0.0,0.0,0.182,1.0,0.0,0.5,0.0,0.0,1.667,2.0,5.0,1.0,0.333,0.0,1.0,0.0,2.0,2.0,3.0,0.0,0.0,5.0,5.56,0.313,0.0,0.0,16.0,0.0,0.0,5.0,1.6,0.0,5.94,,,,,,,,,,,,,,,,,,,,,,,,,,,,,,,,,,,,,,,,1.0,0.333,0.0,1.0,1.0,0.0,1.0,1.0,0.0,1.0,1.0,0.333,0.0,0.0,1.0,0.0,0.333,1.0,0.0,0.0,,0.0,0.333,0.0,0.0,1.0,0.0,0.0,1.0,0.0,0.0,0.333,0.0,0.0,,0.333,0.0,0.0,0.0,2.0,0.0,0.0,0.0,1.0,0.0,0.0,0.0,0.0,0.0,0.0,0.0,0.333,0.0,0.0,0.0,,,2.0,,0.0,,,,1.0,,0.0,,,1.0,0.5,0.0,,0.0,0.0,0.0,,,0.0,0.0,6.0,0.5,G,0.6,0.576,10.0,0.024,,1.0,0.0,0.0,,0.0,0.0,0.0,,1.0,0.0,0.0,,,0.0,0.0,,0.0,1.0,,0.0,1.0,1.0,,DAL,,0.0,0.0,0.0,,0.0,,0.0,0.0,2024,22300680,1.0,3.0,3.0,1.0,0.405,0.595,0.333,1.0,1.0,1.0,0.435,0.565,0.667,2.0,2.0,1.0,0.444,0.557,0.333,1.0,1.0,1.0,0.525,0.475,0.333,1.0,1.0,1.0,0.468,0.532,0.667,2.0,2.0,1.0,0.395,0.606,2.0,1.0,1.0,0.0,0.0,0.0,0.0,0.0,0.0,0.0,0.0,0.0,0.0,0.0,0.0,0.0,0.0,0.0,0.0,0.0,0.0,16.0,0.0,0.0,0.0,0.0,0.0,0.0,0.0,0.0,0.0,0.0,0.0,0.0,0.0,0.0,0.0,0.0,0.0,8.27,3415.0,0.65,0.33,0.32,4.08,4.27,3.91,,,,MIN,DAL,20240131,2023-24,False,DAL,MIN,,,,,,,,,,,,,,,,,,,,,,,,,,,,,,,,,,,,,,,,,,,,,,,,,,,,,,,,,,,,,,,,,,,,,,,,,,,,,,,,,,,,,,,,,,,,,,,,,,,,,,,,,,,,,,
1630314,Brandon Williams,Brandon,1610612742,DAL,24.0,1,0,1,0.0,3.05,0,1,0.0,0,0,0.0,0,0,0.0,0,1,1,1,0,0,0,0,0,1,0,1,2.7,0,0,2.0,1,56,56,56,103,90,98,90,59,87,59,58,62,58,60,74,81,61,74,53,35,1,1,47,92,42,96,10,2,97,,60.0,1.0,0.0,33.3,109,64,4,107,106,1.0,0.25,1,72.13,1,90,25,26.7,20.0,106,90,1,0.0,40.0,109,0.111,3,3,33.3,106,60.0,78.69,65,0.0,9,86.56,98,86.56,26.7,50.0,5,0.0,60.0,0.0,0.0,0.167,0.333,31,5,3,60,20,0.0,92,20,0.167,61,3.0,3.0,1.0,3.0,0.333,1.0,0.0,0.0,0.333,0.0,1.0,0.0,1.0,1.0,0.0,0.0,0.0,0.0,0.0,0.0,0.0,0.0,0.0,0.0,1.0,1.0,0.0,0.0,5.0,0.0,0.0,0.0,5.0,0.0,0.0,2.0,0.4,0.0,4.36,0.0,0.5,0.5,0.0,7.6,7.6,2.0,0.0,0.0,1.0,0.5,0.0,0.0,0.0,0.0,2.0,0.0,0.0,0.5,1.0,0.0,0.0,0.0,0.0,,,,,,,,,,,,,,,,0.0,1.0,0.0,0.0,0.0,0.0,1.0,1.0,0.0,0.0,0.0,1.0,,,,,,,,,,,,,,,,,,,,,,,,,,,,0.0,,,,,0.0,0.0,0.0,0.0,0.0,0.0,0.0,0.0,0.0,0.0,0.0,0.0,,,0.0,,0.0,0.0,0.0,0.0,0.0,,0.0,,,,0.0,0.0,,0.0,1.0,,0.0,0.0,0.0,5.0,0.75,G,0.556,0.581,9.0,-0.026,0.0,0.0,,0.0,,0.0,0.0,,,,0.0,0.0,0.0,0.0,0.0,,,0.0,,,,,,,DAL,,,1.0,0.0,,0.0,,,,2024,22300515,1.0,1.0,1.0,1.0,0.464,0.536,,,,,,,1.0,1.0,1.0,1.0,0.536,0.464,1.0,1.0,1.0,1.0,0.662,0.338,1.0,1.0,1.0,1.0,0.577,0.423,,,,,,,,,,,,,,,,,,,,,,,,,,,,5.0,0.0,0.0,0.0,0.0,0.0,0.0,0.0,0.0,0.0,0.0,0.0,0.0,0.0,0.0,0.0,0.0,0.0,3.05,1064.0,0.2,0.09,0.11,3.7,5.83,2.72,,,,DAL,MEM,20240109,2023-24,False,DAL,MEM,,,,,,,,,,,,,,,,,,,,,,,,,,,,,,,,,,,,,,,,,,,,,,,,,,,,,,,,,,,,,,,,,,,,,,,,,,,,,,,,,,,,,,,,,,,,,,,,,,,,,,,,,,,,,,
1630314,Brandon Williams,Brandon,1610612742,DAL,24.0,1,0,1,0.0,29.78333333333333,8,21,0.381,1,6,0.167,5,6,0.833,1,4,5,3,3,0,0,1,1,4,22,-29,29.5,0,0,31.0,1,193,193,193,80,25,6,217,97,36,175,15,13,97,102,77,95,86,30,169,106,244,99,18,26,332,96,23,4,68,,89.1,21.0,1.0,128.4,99,109,176,76,274,0.25,0.143,202,87.97,198,25,302,-39.3,-43.2,284,231,61,10.0,128.7,99,0.069,277,269,128.4,274,89.1,107.63,14,10.1,135,105.56,6,105.56,-39.3,10.0,64,0.023,85.4,0.405,0.465,0.355,0.086,189,220,277,175,291,8.0,223,291,0.352,9,6.0,57.0,3.0,44.0,0.068,8.0,0.0,0.0,0.068,1.0,0.0,0.167,0.0,0.0,0.636,6.0,7.0,0.833,0.273,1.0,3.0,0.091,6.0,5.0,11.0,0.0,1.0,22.0,3.9,0.301,0.0,1.0,73.0,2.0,2.0,31.0,4.9,0.0,4.03,0.25,0.556,0.8,4.0,6.7,10.2,5.0,1.0,1.0,3.0,0.625,0.333,0.0,0.25,0.2,9.0,1.0,24.6,0.8,4.0,0.0,1.0,0.0,1.0,0.0,0.0,0.048,0.0,1.0,0.0,0.0,1.0,0.048,0.0,,1.0,0.0,0.0,,3.0,0.238,0.0,0.6,3.0,0.0,5.0,5.0,0.0,0.6,0.6,0.238,3.0,1.0,10.0,0.429,0.476,7.0,0.143,3.0,0.333,0.4,0.333,0.45,4.0,5.0,1.0,2.0,3.0,0.0,0.095,0.143,0.2,0.2,0.5,0.238,0.0,1.0,0.444,9.0,0.0,0.444,0.0,1.0,8.0,4.0,2.0,0.0,2.0,0.2,1.0,0.405,0.0,1.0,3.0,0.0,0.0,6.0,0.0,5.0,0.0,0.0,0.0,4.0,2.0,0.6,0.0,0.0,1.0,0.167,1.0,0.0,3.0,0.25,4.0,0.0,2.0,0.75,3.0,12.0,0.302,G,0.632,0.591,19.0,0.04,,4.0,4.0,4.0,,0.25,1.0,2.0,0.0,2.0,3.0,1.0,,,0.6,1.0,0.0,0.25,2.0,,0.5,0.0,0.0,0.0,DAL,,0.5,5.0,5.0,0.3,1.0,0.2,1.0,5.0,2024,22301196,1.0,7.0,16.0,0.438,0.473,-0.035,0.438,3.0,7.0,0.429,0.398,0.03,0.563,4.0,9.0,0.444,0.557,-0.113,0.313,3.0,5.0,0.6,0.64,-0.04,0.375,4.0,6.0,0.667,0.609,0.058,0.563,3.0,9.0,0.333,0.403,-0.07,5.0,3.0,2.0,3.0,0.0,0.0,0.0,2.0,0.0,2.0,1.0,0.0,0.0,0.0,0.0,0.0,0.0,0.0,0.0,0.0,0.0,73.0,0.0,0.0,0.0,0.0,0.0,0.0,0.0,0.0,0.0,0.0,0.0,0.0,0.0,0.0,0.0,0.0,0.0,29.78,12214.0,2.31,1.24,1.07,4.34,4.49,4.19,,,,OKC,DAL,20240414,2023-24,False,DAL,OKC,,,,,,,,,,,,,,,,,,,,,,,,,,,,,,,,,,,,,,,,,,,,,,,,,,,,,,,,,,,,,,,,,,,,,,,,,,,,,,,,,,,,,,,,,,,,,,,,,,,,,,,,,,,,,,
1630314,Brandon Williams,Brandon,1610612742,DAL,24.0,1,1,0,1.0,5.433333333333334,0,2,0.0,0,0,0.0,0,0,0.0,0,0,0,0,0,0,0,1,1,0,0,-2,0.0,0,0,0.0,1,1,1,1,252,244,227,244,153,227,153,149,152,149,142,238,253,209,179,138,92,192,69,187,249,151,271,27,1,271,,54.5,2.0,0.0,72.7,206,142,283,170,270,0.0,0.0,1,80.98,1,244,230,-18.2,-26.6,273,244,209,0.0,76.6,206,0.0,19,18,72.7,270,54.5,99.12,190,0.0,238,97.18,227,97.18,-18.2,0.0,11,0.0,50.0,0.0,0.0,0.154,-0.353,253,209,19,142,204,0.0,249,205,0.154,182,0.0,7.0,0.0,6.0,0.0,1.0,0.0,0.0,0.0,0.0,0.0,0.0,0.0,0.0,0.0,0.0,0.0,0.0,0.0,0.0,0.0,0.0,2.0,0.0,3.0,0.0,0.0,0.0,7.56,0.0,0.0,0.0,9.0,0.0,0.0,4.0,1.2,0.0,8.24,,,,,,,,,,,,,,,,,,,,,,,,,0.0,0.0,0.5,0.0,1.0,0.0,0.0,1.0,0.5,0.0,,1.0,0.0,0.0,,0.0,0.5,0.0,0.0,0.0,0.0,1.0,1.0,0.0,0.0,0.0,0.5,,,,,,,,,,,,,,,,,,,,,,,,,,,,0.0,,,,,0.0,0.0,0.0,0.0,0.0,0.0,0.0,0.0,0.0,0.0,0.0,0.0,,0.0,0.0,0.0,0.0,0.0,0.0,0.0,0.0,0.0,0.0,,0.0,0.0,0.0,0.0,0.0,0.0,2.0,,0.0,0.0,0.0,8.0,0.414,G,0.667,0.572,12.0,0.095,,0.0,0.0,0.0,0.0,0.0,0.0,0.0,,0.0,0.0,0.0,,,0.0,0.0,,0.0,0.0,0.0,0.0,0.0,0.0,,DAL,0.0,0.0,2.0,0.0,,0.0,,,,2024,22300785,1.0,2.0,3.0,0.667,0.432,0.235,0.333,1.0,1.0,1.0,0.347,0.653,0.667,1.0,2.0,0.5,0.494,0.006,,,,,,,0.333,1.0,1.0,1.0,0.573,0.427,0.667,1.0,2.0,0.5,0.347,0.153,,,,,,,,,,,,,,,,,,,,,,9.0,0.0,0.0,0.0,0.0,0.0,0.0,0.0,0.0,0.0,0.0,0.0,0.0,0.0,0.0,0.0,0.0,0.0,5.43,2138.0,0.4,0.22,0.18,4.02,3.96,4.08,,,,DAL,SAS,20240214,2023-24,False,DAL,SAS,,,,,,,,,,,,,,,,,,,,,,,,,,,,,,,,,,,,,,,,,,,,,,,,,,,,,,,,,,,,,,,,,,,,,,,,,,,,,,,,,,,,,,,,,,,,,,,,,,,,,,,,,,,,,,
1630314,Brandon Williams,Brandon,1610612742,DAL,24.0,1,0,1,0.0,4.8,1,2,0.5,0,1,0.0,0,1,0.0,0,0,0,0,0,0,0,0,0,1,2,0,2.0,0,0,2.0,1,93,93,93,156,133,142,67,106,111,106,84,78,84,84,144,150,139,105,79,56,1,1,78,146,92,163,16,2,161,,136.4,2.0,0.0,150.0,41,94,156,82,31,0.0,0.0,1,87.5,1,133,106,-13.6,-6.3,22,99,139,0.0,150.0,41,0.0,172,171,150.0,31,136.4,102.2,79,0.0,144,105.0,142,105.0,-13.6,0.0,11,0.0,143.7,0.5,0.41,0.154,0.0,150,139,172,84,125,1.0,141,125,0.196,107,0.0,9.0,0.0,9.0,0.0,1.0,0.0,0.0,0.0,1.0,0.0,1.0,0.0,0.0,2.0,0.0,2.0,0.0,0.0,0.0,0.0,0.0,1.0,0.0,1.0,0.0,0.0,2.0,4.27,0.182,0.0,0.0,11.0,0.0,0.0,3.0,0.9,0.0,4.87,,,,,,,,,,,,,,,,,,,,,,,,,,,,,,,,,,,,,,,,1.0,0.5,0.0,1.0,1.0,0.0,1.0,1.0,0.0,1.0,1.0,0.5,0.0,0.0,1.0,,0.5,0.0,0.5,1.0,0.0,0.0,0.0,0.0,0.0,,,,,,,,,,,,,,0.0,1.0,0.0,0.0,0.0,1.0,0.0,0.0,0.0,0.0,0.0,0.0,0.0,0.5,0.0,0.0,0.0,0.0,,0.0,0.0,0.0,,0.0,,1.0,0.0,0.0,,,0.0,0.0,0.0,0.0,0.0,0.0,1.0,,0.0,1.0,1.0,5.0,0.529,G,0.556,0.581,9.0,-0.026,0.0,1.0,0.0,0.0,,0.0,0.0,0.0,,0.0,1.0,0.0,0.0,0.0,1.0,,,0.0,,,,0.0,0.0,,DAL,,0.0,1.0,0.0,,0.0,,0.0,0.0,2024,22300625,1.0,2.0,3.0,0.667,0.396,0.271,0.333,0.0,1.0,0.0,0.301,-0.301,0.667,2.0,2.0,1.0,0.464,0.537,,,,,,,0.667,2.0,2.0,1.0,0.533,0.467,0.333,0.0,1.0,0.0,0.325,-0.325,,,,,,,,,,,,,,,,,,,,,,11.0,0.0,0.0,0.0,0.0,0.0,0.0,0.0,0.0,0.0,0.0,0.0,0.0,0.0,0.0,0.0,0.0,0.0,4.8,1921.0,0.36,0.2,0.17,4.55,4.38,4.72,,,,DAL,PHX,20240124,2023-24,False,DAL,PHX,,,,,,,,,,,,,,,,,,,,,,,,,,,,,,,,,,,,,,,,,,,,,,,,,,,,,,,,,,,,,,,,,,,,,,,,,,,,,,,,,,,,,,,,,,,,,,,,,,,,,,,,,,,,,,
1630314,Brandon Williams,Brandon,1610612742,DAL,24.0,1,0,1,0.0,6.7,2,3,0.667,0,0,0.0,0,0,0.0,1,0,1,1,1,0,0,0,1,0,4,-13,5.7,0,0,6.0,1,92,92,92,154,106,126,26,93,135,93,95,100,95,35,151,131,86,57,79,54,1,48,120,122,143,143,15,3,139,,46.2,3.0,1.0,146.2,159,48,81,154,172,1.0,0.0,154,77.61,154,106,173,-100.0,-78.7,172,42,1,20.0,128.7,159,0.067,166,146,146.2,172,46.2,95.86,19,20.0,151,93.13,126,93.13,-100.0,20.0,13,0.125,50.0,0.667,0.667,0.286,0.102,98,65,166,7,173,2.0,55,174,0.308,23,2.0,9.0,1.0,8.0,0.125,2.0,0.0,0.0,0.125,2.0,2.0,0.667,1.0,0.4,0.8,0.0,4.0,0.0,0.0,0.0,0.0,0.0,3.0,0.0,5.0,0.2,0.0,4.0,2.92,0.333,0.0,0.0,12.0,0.0,0.0,8.0,0.6,0.0,3.15,0.0,1.0,0.0,1.0,0.0,20.9,0.0,0.0,0.0,0.0,1.0,1.0,0.0,1.0,0.0,1.0,0.0,20.9,0.0,1.0,0.0,1.0,0.0,0.0,0.0,0.0,0.333,0.0,1.0,0.0,0.0,1.0,0.333,0.0,,1.0,0.0,0.0,,2.0,0.667,0.0,1.0,2.0,0.0,2.0,2.0,0.0,1.0,1.0,0.667,,,,,,,,,,,,,,,,,,,,,,,,,,,,0.0,,,,,0.0,0.0,0.0,0.0,0.0,0.0,0.0,0.667,0.0,0.0,0.0,0.0,,1.0,,0.0,0.0,,0.0,0.0,,0.0,0.0,,0.0,0.0,0.0,0.0,0.0,0.0,2.0,,0.0,1.0,2.0,2.0,1.0,G,0.667,0.557,3.0,0.11,,0.0,,0.0,0.0,0.0,0.0,,,1.0,2.0,0.0,,,1.0,0.0,,0.0,0.0,0.0,0.0,0.0,0.0,,DAL,0.0,,2.0,0.0,,0.0,,,,2024,22300457,1.0,2.0,3.0,0.667,0.418,0.249,,,,,,,1.0,2.0,3.0,0.667,0.512,0.155,1.0,2.0,3.0,0.667,0.557,0.11,1.0,2.0,3.0,0.667,0.521,0.145,,,,,,,,,,,,,,,,,,,,,,,,,,,,12.0,0.0,0.0,0.0,0.0,0.0,0.0,0.0,0.0,0.0,0.0,0.0,0.0,0.0,0.0,0.0,0.0,0.0,6.7,2784.0,0.53,0.3,0.22,4.19,5.16,3.27,,,,UTA,DAL,20240101,2023-24,False,DAL,UTA,,,,,,,,,,,,,,,,,,,,,,,,,,,,,,,,,,,,,,,,,,,,,,,,,,,,,,,,,,,,,,,,,,,,,,,,,,,,,,,,,,,,,,,,,,,,,,,,,,,,,,,,,,,,,,
1630314,Brandon Williams,Brandon,1610612742,DAL,24.0,1,1,0,1.0,0.755,0,1,0.0,0,1,0.0,0,0,0.0,0,0,0,0,0,0,0,0,0,0,0,2,0.0,0,0,0.0,1,1,1,1,106,84,91,84,56,67,56,57,61,57,57,90,94,76,67,54,31,1,1,74,88,45,101,9,2,101,,100.0,1.0,0.0,0.0,98,55,110,109,69,0.0,0.0,1,79.47,1,84,1,100.0,200.0,1,84,76,0.0,0.0,98,0.0,1,1,0.0,69,100.0,63.58,1,0.0,90,95.36,91,95.36,100.0,0.0,2,0.0,200.0,0.0,0.0,0.333,-0.667,94,76,1,57,3,0.0,88,3,0.5,6,0.0,2.0,0.0,1.0,0.0,0.0,0.0,0.0,0.0,0.0,0.0,0.0,0.0,0.0,0.0,0.0,0.0,0.0,0.0,0.0,0.0,0.0,0.0,0.0,0.0,0.0,0.0,0.0,3.5,0.0,0.0,0.0,2.0,0.0,0.0,1.0,0.1,0.0,4.04,,,,,,,,,,,,,,,,,,,,,,,,,,,,,,,,,,,,,,,,,,,,,,,,,,,,,,,,,,,,,,,,,1.0,0.0,0.0,1.0,0.0,0.0,1.0,0.0,0.0,,1.0,0.0,0.0,0.0,1.0,0.0,0.0,0.0,1.0,0.0,0.0,0.0,0.0,0.0,0.0,0.0,0.0,0.0,0.0,0.0,,,,,0.0,,,,1.0,,0.0,,,,,0.0,,0.0,0.0,,,,,,8.0,0.4,G,0.667,0.572,12.0,0.095,,0.0,,1.0,,0.0,0.0,,,,,0.0,,,,,,0.0,,,,,,,DAL,,,,0.0,,0.0,,0.0,0.0,2024,22301124,1.0,0.0,1.0,0.0,0.37,-0.37,1.0,0.0,1.0,0.0,0.225,-0.225,,,,,,,,,,,,,,,,,,,1.0,0.0,1.0,0.0,0.3,-0.3,1.0,0.0,1.0,0.0,0.0,0.0,0.0,0.0,0.0,0.0,0.0,0.0,0.0,0.0,0.0,0.0,0.0,0.0,0.0,0.0,0.0,2.0,0.0,0.0,0.0,0.0,0.0,0.0,0.0,0.0,0.0,0.0,0.0,0.0,0.0,0.0,0.0,0.0,0.0,0.75,272.0,0.05,0.04,0.01,7.26,0.0,0.0,,,,DAL,ATL,20240404,2023-24,False,DAL,ATL,,,,,,,,,,,,,,,,,,,,,,,,,,,,,,,,,,,,,,,,,,,,,,,,,,,,,,,,,,,,,,,,,,,,,,,,,,,,,,,,,,,,,,,,,,,,,,,,,,,,,,,,,,,,,,
1630314,Brandon Williams,Brandon,1610612742,DAL,24.0,1,1,0,1.0,0.065,0,0,0.0,0,0,0.0,0,0,0.0,0,0,0,0,0,0,0,0,0,0,0,0,0.0,0,0,0.0,1,1,1,1,216,184,207,184,122,167,122,98,108,98,104,192,198,156,137,98,67,1,1,141,188,106,210,19,3,210,,0.0,0.0,0.0,0.0,1,110,180,1,215,0.0,0.0,1,615.38,1,184,110,0.0,0.0,215,184,156,0.0,0.0,1,0.0,1,1,0.0,215,0.0,369.23,209,0.0,192,738.46,207,738.46,0.0,0.0,1,0.0,0.0,0.0,0.0,0.0,0.0,198,156,1,104,111,0.0,188,111,0.0,209,0.0,0.0,0.0,0.0,0.0,0.0,0.0,0.0,0.0,0.0,0.0,0.0,0.0,0.0,0.0,0.0,0.0,0.0,0.0,0.0,0.0,0.0,0.0,0.0,0.0,0.0,0.0,0.0,0.0,0.0,0.0,0.0,0.0,0.0,0.0,0.0,0.0,0.0,0.0,,,,,,,,,,,,,,,,,,,,,,,,,,,,,,,,,,,,,,,,,,,,,,,,,,,,,,,,,,,,,,,,,,,,,,,,,,,,,,,0.0,,,,,0.0,0.0,0.0,0.0,0.0,0.0,0.0,0.0,0.0,0.0,0.0,,,,,0.0,,,,,,0.0,,,,,,,0.0,,,,,,,8.0,0.462,G,0.667,0.572,12.0,0.095,,,0.0,,,,,0.0,,,,,,,,,,,,,,,,,DAL,,0.0,,0.0,,0.0,,,,2024,22300768,,,,,,,,,,,,,,,,,,,,,,,,,,,,,,,,,,,,,,,,,,,,,,,,,,,,,,,,,,0.0,0.0,0.0,0.0,0.0,0.0,0.0,0.0,0.0,0.0,0.0,0.0,0.0,0.0,0.0,0.0,0.0,0.0,0.07,46.0,0.01,0.0,0.01,0.0,0.0,0.0,,,,DAL,WAS,20240212,2023-24,False,DAL,WAS,,,,,,,,,,,,,,,,,,,,,,,,,,,,,,,,,,,,,,,,,,,,,,,,,,,,,,,,,,,,,,,,,,,,,,,,,,,,,,,,,,,,,,,,,,,,,,,,,,,,,,,,,,,,,,
1630314,Brandon Williams,Brandon,1610612742,DAL,24.0,1,1,0,1.0,5.733333333333333,0,2,0.0,0,0,0.0,0,0,0.0,1,1,2,2,1,0,0,1,0,0,0,0,4.4,0,0,4.0,1,1,1,1,211,202,193,202,137,187,137,113,122,113,54,163,143,87,78,106,80,148,1,154,207,108,205,19,3,202,,115.4,2.0,2.0,115.4,31,41,191,7,71,0.333,0.111,195,90.7,194,202,27,0.0,28.4,34,202,22,20.0,97.9,31,0.133,145,46,115.4,71,115.4,113.86,77,20.0,118,108.84,193,108.84,0.0,40.0,13,0.167,126.3,0.0,0.0,0.2,0.019,44,15,145,16,111,0.0,207,111,0.216,85,5.0,8.0,2.0,8.0,0.25,3.0,0.0,0.0,0.25,0.0,3.0,0.0,0.0,0.6,0.0,0.0,0.0,0.0,0.0,0.0,0.0,0.0,2.0,0.0,5.0,0.0,0.0,0.0,5.5,0.0,0.0,0.0,12.0,0.0,0.0,3.0,1.0,0.0,5.24,0.0,0.667,1.0,2.0,6.0,19.7,1.0,0.0,0.0,1.0,0.667,0.5,0.0,0.5,0.0,3.0,0.0,33.4,1.0,2.0,0.0,1.0,0.0,0.0,,,,,,,,,,,,,,,,0.0,1.0,0.0,0.0,0.0,0.0,2.0,2.0,0.0,0.0,0.0,1.0,,,,,,,,,,,,,,,,,,,,,,,,,,,,0.0,,,,,0.0,0.0,0.0,0.0,0.0,0.0,0.0,0.0,0.0,0.0,0.0,0.0,,2.0,0.0,0.0,0.0,0.0,0.0,0.0,0.0,0.0,0.0,,0.0,0.0,0.0,0.0,0.0,0.0,0.0,,0.0,0.0,0.0,8.0,0.462,G,0.667,0.572,12.0,0.095,,0.0,0.0,0.0,0.0,0.0,0.0,0.0,,1.0,0.0,0.0,,,0.0,0.0,,0.0,0.0,0.0,0.0,0.0,0.0,,DAL,0.0,0.0,1.0,0.0,,0.0,,,,2024,22300748,1.0,1.0,3.0,0.333,0.477,-0.144,0.333,1.0,1.0,1.0,0.43,0.57,0.667,0.0,2.0,0.0,0.57,-0.57,,,,,,,0.333,0.0,1.0,0.0,0.615,-0.615,0.667,1.0,2.0,0.5,0.423,0.078,1.0,1.0,0.0,0.0,0.0,1.0,2.0,0.0,1.0,1.0,0.0,1.0,0.0,0.0,0.0,0.0,0.0,0.0,0.0,0.0,0.0,12.0,0.0,0.0,0.0,0.0,0.0,0.0,0.0,0.0,0.0,0.0,0.0,0.0,0.0,0.0,0.0,0.0,0.0,5.73,2296.0,0.43,0.24,0.2,3.82,4.0,3.66,,,,DAL,OKC,20240210,2023-24,False,DAL,OKC,,,,,,,,,,,,,,,,,,,,,,,,,,,,,,,,,,,,,,,,,,,,,,,,,,,,,,,,,,,,,,,,,,,,,,,,,,,,,,,,,,,,,,,,,,,,,,,,,,,,,,,,,,,,,,
1630314,Brandon Williams,Brandon,1610612742,DAL,24.0,1,0,1,0.0,4.733333333333333,2,3,0.667,1,2,0.5,0,0,0.0,0,1,1,2,0,0,0,0,0,0,5,6,9.2,0,0,9.0,1,101,101,101,181,109,145,31,60,101,28,93,100,93,105,129,146,72,119,86,60,1,1,130,128,48,148,15,3,143,,130.0,3.0,0.0,77.8,125,99,5,190,37,0.667,0.25,1,80.28,1,109,3,52.2,68.6,7,25,2,0.0,77.8,125,0.125,26,26,77.8,37,130.0,90.66,30,0.0,20,96.34,145,96.34,52.2,40.0,10,0.0,146.4,0.833,0.833,0.25,0.333,45,19,26,105,10,2.0,30,10,0.276,43,6.0,8.0,3.0,5.0,0.4,2.0,1.0,0.0,0.6,1.0,0.0,1.0,0.0,0.0,2.0,0.0,2.0,0.0,0.0,0.0,0.0,0.0,1.0,0.0,1.0,0.0,1.0,5.0,5.0,0.556,0.0,0.0,9.0,0.0,0.0,4.0,0.7,0.0,4.57,0.0,0.5,0.5,0.0,6.8,6.8,2.0,0.0,1.0,1.0,1.0,0.0,0.0,0.0,0.0,2.0,0.0,0.0,1.0,1.0,0.0,0.0,1.0,0.0,,,,,,,,,,,,,,,,1.0,0.333,0.0,1.0,1.0,0.0,1.0,1.0,0.0,1.0,1.0,0.333,0.0,0.0,1.0,,0.333,0.0,0.333,1.0,0.0,0.0,0.0,0.0,0.0,1.0,0.0,0.0,1.0,1.0,0.0,0.333,1.5,1.0,,0.333,1.0,1.0,1.0,1.0,1.0,1.5,1.0,1.0,3.0,1.0,0.0,0.0,0.0,0.0,0.0,0.833,0.0,0.0,0.0,0.0,0.0,0.0,,0.0,0.0,,0.0,2.0,,0.0,0.0,0.0,0.0,0.0,1.0,0.0,0.0,0.5,1.0,0.0,0.0,1.0,1.0,5.0,0.643,G,0.556,0.581,9.0,-0.026,,0.0,0.0,2.0,,0.5,1.0,0.0,0.0,0.0,1.0,0.0,,,1.0,0.0,0.0,0.0,0.0,,0.0,0.0,0.0,0.0,DAL,,0.0,1.0,1.0,0.0,0.0,0.0,0.0,1.0,2024,22300577,1.0,1.0,2.0,0.5,0.431,0.069,,,,,,,1.0,1.0,2.0,0.5,0.518,-0.018,,,,,,,,,,,,,0.5,0.0,1.0,0.0,0.365,-0.365,,,,,,,,,,,,,,,,,,,,,,9.0,0.0,0.0,0.0,0.0,0.0,0.0,0.0,0.0,0.0,0.0,0.0,0.0,0.0,0.0,0.0,0.0,0.0,4.73,1857.0,0.35,0.18,0.17,4.69,5.23,4.25,,,,LAL,DAL,20240117,2023-24,False,DAL,LAL,,,,,,,,,,,,,,,,,,,,,,,,,,,,,,,,,,,,,,,,,,,,,,,,,,,,,,,,,,,,,,,,,,,,,,,,,,,,,,,,,,,,,,,,,,,,,,,,,,,,,,,,,,,,,,
1630314,Brandon Williams,Brandon,1610612742,DAL,24.0,1,1,0,1.0,3.633333333333333,1,1,1.0,0,0,0.0,0,0,0.0,0,0,0,1,0,0,0,0,0,0,2,2,3.5,0,0,3.0,1,1,1,1,265,207,253,1,159,225,159,132,143,132,161,250,256,167,167,148,103,1,1,181,229,109,256,27,4,256,,100.0,1.0,0.0,77.8,22,148,18,20,190,0.333,0.0,1,99.08,1,207,108,22.2,9.8,200,8,26,0.0,90.2,22,0.0,23,50,77.8,190,100.0,110.71,252,0.0,250,118.9,253,118.9,22.2,50.0,9,0.0,100.0,1.0,1.0,0.1,0.24,256,7,23,161,59,1.0,11,59,0.1,249,2.0,5.0,1.0,4.0,0.25,2.0,0.0,0.0,0.25,1.0,2.0,1.0,0.0,0.667,0.667,0.0,2.0,0.0,0.0,0.0,0.0,0.0,1.0,0.0,3.0,0.0,0.0,2.0,7.83,0.333,0.0,0.0,6.0,0.0,0.0,1.0,0.8,0.0,7.64,,,,,,,,,,,,,,,,,,,,,,,,,,,,,,,,,,,,,,,,1.0,1.0,0.0,1.0,1.0,0.0,1.0,1.0,0.0,1.0,1.0,1.0,,,,,,,,,,,,,,,,,,,,,,,,,,,,0.0,,,,,0.0,0.0,0.0,0.0,0.0,0.0,0.0,1.0,0.0,0.0,0.0,,,0.0,,0.0,,,,0.0,,0.0,,,0.0,0.0,0.0,,0.0,0.0,1.0,,,1.0,1.0,8.0,0.387,G,0.667,0.572,12.0,0.095,,0.0,0.0,0.0,,0.0,0.0,0.0,,0.0,1.0,0.0,,,1.0,0.0,,0.0,0.0,,0.0,0.0,0.0,,DAL,,0.0,1.0,0.0,,0.0,,,,2024,22301144,1.0,0.0,1.0,0.0,0.391,-0.391,,,,,,,1.0,0.0,1.0,0.0,0.35,-0.35,,,,,,,,,,,,,1.0,0.0,1.0,0.0,0.371,-0.371,1.0,1.0,0.0,0.0,0.0,0.0,0.0,0.0,0.0,0.0,0.0,0.0,0.0,0.0,0.0,0.0,0.0,0.0,0.0,0.0,0.0,6.0,0.0,0.0,0.0,0.0,0.0,0.0,0.0,0.0,0.0,0.0,0.0,0.0,0.0,0.0,0.0,0.0,0.0,3.63,1547.0,0.29,0.17,0.13,4.47,5.46,3.3,,,,CHA,DAL,20240409,2023-24,False,DAL,CHA,,,,,,,,,,,,,,,,,,,,,,,,,,,,,,,,,,,,,,,,,,,,,,,,,,,,,,,,,,,,,,,,,,,,,,,,,,,,,,,,,,,,,,,,,,,,,,,,,,,,,,,,,,,,,,
1630314,Brandon Williams,Brandon,1610612742,DAL,24.0,1,1,0,1.0,9.9,2,3,0.667,1,1,1.0,2,3,0.667,0,0,0,2,1,0,1,0,0,3,7,3,12.0,0,0,12.0,1,1,1,1,259,183,227,38,102,197,1,74,69,107,164,275,288,111,114,158,24,1,1,56,175,111,216,23,3,205,,130.4,3.0,2.0,117.4,33,43,127,22,48,0.25,0.0,223,92.93,224,183,72,13.0,22.0,37,28,70,14.3,110.5,33,0.0,193,145,117.4,48,130.4,114.13,116,13.7,275,111.52,227,111.52,13.0,28.6,23,0.0,132.5,0.833,0.81,0.2,0.119,288,63,193,164,106,2.0,44,106,0.216,131,5.0,17.0,2.0,11.0,0.182,1.0,0.0,0.0,0.182,0.0,2.0,0.0,1.0,0.5,0.25,2.0,1.0,0.5,0.25,1.0,1.0,0.25,0.0,1.0,4.0,0.25,0.0,7.0,4.47,0.368,0.0,0.0,19.0,0.0,0.0,10.0,1.4,0.0,4.39,,,,,,,,,,,,,,,,,,,,,,,,,0.0,0.0,0.333,1.0,1.0,1.0,1.0,1.0,0.333,1.0,,1.0,1.0,0.0,,,,,,,,,,,,,,0.0,0.0,1.0,0.0,0.333,1.0,0.0,0.0,,0.0,0.333,0.0,0.0,1.0,0.0,0.0,1.0,1.0,0.0,0.333,1.5,1.0,,0.333,1.0,1.0,1.0,1.0,1.0,1.5,1.0,1.0,3.0,1.0,0.0,0.0,0.0,0.0,0.0,0.833,0.0,0.0,0.0,0.0,0.0,0.0,,1.0,0.0,,0.0,1.0,,0.0,0.0,0.0,0.0,0.0,1.0,0.0,0.0,1.0,1.0,0.0,0.0,1.0,1.0,4.0,0.727,G,0.5,0.571,8.0,-0.071,,1.0,0.0,1.0,,1.0,1.0,0.0,0.0,0.0,1.0,0.0,,,1.0,0.0,0.0,0.0,0.0,,0.0,0.0,0.0,0.0,DAL,,0.0,1.0,1.0,0.0,0.0,,0.0,0.0,2024,22300487,1.0,4.0,7.0,0.571,0.427,0.145,0.286,2.0,2.0,1.0,0.325,0.675,0.714,2.0,5.0,0.4,0.523,-0.123,0.714,2.0,5.0,0.4,0.58,-0.18,0.714,2.0,5.0,0.4,0.528,-0.128,0.286,2.0,2.0,1.0,0.337,0.663,2.0,2.0,0.0,0.0,0.0,0.0,0.0,1.0,0.0,1.0,1.0,0.0,0.0,0.0,0.0,0.0,0.0,0.0,0.0,0.0,0.0,19.0,0.0,0.0,0.0,0.0,0.0,0.0,0.0,0.0,0.0,0.0,0.0,0.0,0.0,0.0,0.0,0.0,0.0,9.9,4303.0,0.81,0.47,0.34,4.47,5.52,3.39,,,,DAL,POR,20240105,2023-24,False,DAL,POR,,,,,,,,,,,,,,,,,,,,,,,,,,,,,,,,,,,,,,,,,,,,,,,,,,,,,,,,,,,,,,,,,,,,,,,,,,,,,,,,,,,,,,,,,,,,,,,,,,,,,,,,,,,,,,
1630314,Brandon Williams,Brandon,1610612742,DAL,24.0,1,0,1,0.0,17.666666666666668,2,8,0.25,0,2,0.0,0,0,0.0,0,1,1,0,1,0,0,2,1,0,4,-9,4.2,0,0,5.0,1,151,151,151,213,196,132,251,179,162,179,163,171,163,151,213,229,235,93,142,101,289,75,205,229,247,283,32,1,276,,84.2,8.0,0.0,105.1,87,166,299,172,278,0.0,0.056,202,87.17,200,196,231,-20.9,-17.5,273,255,235,11.1,107.0,87,0.026,90,101,105.1,278,84.2,100.64,117,11.1,234,104.6,132,104.6,-20.9,0.0,38,0.0,89.5,0.25,0.25,0.205,-0.044,252,235,90,151,250,2.0,266,250,0.216,128,0.0,25.0,0.0,20.0,0.0,1.0,0.0,0.0,0.0,0.0,2.0,0.0,0.0,0.5,0.0,0.0,0.0,0.0,0.0,0.0,0.0,0.0,2.0,0.0,4.0,0.0,0.0,4.0,5.38,0.138,0.0,0.0,29.0,0.0,0.0,8.0,2.5,0.0,5.08,0.0,0.5,1.0,1.0,7.0,7.0,1.0,0.0,0.0,1.0,0.5,0.0,0.0,0.0,0.0,2.0,0.0,0.0,1.0,1.0,0.0,0.0,0.0,0.0,,,,,,,,,,,,,,,,2.0,0.75,0.0,0.333,2.0,0.0,6.0,6.0,0.0,0.333,0.333,0.75,0.0,0.0,2.0,,0.25,0.0,0.25,2.0,0.0,0.0,0.0,0.0,0.0,,,,,,,,,,,,,,1.0,1.0,,1.0,0.0,0.0,2.0,1.0,0.0,0.0,0.0,0.0,0.0,0.25,0.0,0.0,0.0,0.0,0.0,0.0,0.0,1.0,0.0,0.0,0.0,2.0,0.0,1.0,0.0,0.0,0.0,0.0,0.0,0.0,1.0,0.0,5.0,0.0,0.0,0.2,1.0,9.0,0.298,G,0.643,0.574,14.0,0.069,,0.0,1.0,2.0,,0.0,0.0,1.0,0.0,0.0,1.0,0.0,,,0.2,0.0,0.0,0.0,0.0,,0.0,0.0,0.0,0.0,DAL,,1.0,5.0,2.0,0.0,0.0,0.0,0.0,2.0,2024,22301181,1.0,8.0,16.0,0.5,0.418,0.082,0.438,2.0,7.0,0.286,0.345,-0.059,0.563,6.0,9.0,0.667,0.478,0.188,0.125,1.0,2.0,0.5,0.585,-0.085,0.188,1.0,3.0,0.333,0.497,-0.164,0.625,5.0,10.0,0.5,0.365,0.135,4.0,3.0,1.0,0.0,0.0,0.0,0.0,0.0,0.0,0.0,0.0,0.0,0.0,0.0,0.0,0.0,0.0,0.0,0.0,0.0,0.0,29.0,0.0,0.0,0.0,0.0,0.0,0.0,0.0,0.0,0.0,0.0,0.0,0.0,0.0,0.0,0.0,0.0,0.0,17.67,7171.0,1.36,0.67,0.69,4.55,5.14,4.07,,,,DAL,DET,20240412,2023-24,False,DAL,DET,,,,,,,,,,,,,,,,,,,,,,,,,,,,,,,,,,,,,,,,,,,,,,,,,,,,,,,,,,,,,,,,,,,,,,,,,,,,,,,,,,,,,,,,,,,,,,,,,,,,,,,,,,,,,,
1630314,Brandon Williams,Brandon,1610612742,DAL,24.0,1,1,0,1.0,3.183333333333333,0,2,0.0,0,1,0.0,0,0,0.0,0,0,0,2,0,0,0,0,0,1,0,-1,3.0,0,0,2.0,1,1,1,1,127,116,109,116,70,85,70,67,71,67,78,104,113,58,72,58,45,1,1,57,116,66,121,9,3,123,,87.5,2.0,0.0,88.9,3,58,117,6,119,0.667,0.0,1,106.81,1,116,107,-1.4,-26.8,118,116,2,0.0,114.3,3,0.0,7,61,88.9,119,87.5,113.09,40,0.0,104,128.17,109,128.17,-1.4,50.0,8,0.0,87.5,0.0,0.0,0.222,0.0,113,6,7,78,66,0.0,116,66,0.222,39,4.0,7.0,2.0,7.0,0.286,2.0,0.0,0.0,0.286,0.0,0.0,0.0,0.0,0.0,0.0,0.0,0.0,0.0,0.0,0.0,0.0,0.0,0.0,0.0,0.0,0.0,0.0,0.0,3.44,0.0,0.0,0.0,9.0,0.0,0.0,4.0,0.6,0.0,3.84,,,,,,,,,,,,,,,,,,,,,,,,,,,,,,,,,,,,,,,,0.0,0.5,0.0,0.0,0.0,0.0,1.0,1.0,0.0,0.0,0.0,0.5,0.0,0.0,1.0,,0.5,0.0,0.5,1.0,0.0,0.0,0.0,0.0,0.0,,,,,,,,,,,,,,0.0,2.0,0.0,0.0,0.0,1.0,0.0,0.0,0.0,0.0,0.0,0.0,0.0,0.0,0.0,0.0,0.0,,,1.0,,,,,,1.0,,,,,0.0,0.0,0.0,,,0.0,0.0,,,0.0,0.0,8.0,0.545,G,0.667,0.572,12.0,0.095,0.0,,,1.0,,0.0,0.0,,,0.0,0.0,,0.0,0.0,0.0,,,,,,,0.0,0.0,,DAL,,,1.0,0.0,,0.0,,0.0,0.0,2024,22300715,1.0,2.0,2.0,1.0,0.443,0.557,,,,,,,1.0,2.0,2.0,1.0,0.514,0.487,1.0,2.0,2.0,1.0,0.553,0.447,1.0,2.0,2.0,1.0,0.53,0.47,,,,,,,0.0,0.0,0.0,1.0,0.0,0.0,0.0,0.0,0.0,0.0,0.0,0.0,0.0,0.0,0.0,0.0,0.0,0.0,0.0,0.0,0.0,9.0,0.0,0.0,0.0,0.0,0.0,0.0,0.0,0.0,0.0,0.0,0.0,0.0,0.0,0.0,0.0,0.0,0.0,3.18,1294.0,0.25,0.14,0.1,3.48,2.92,4.3,,,,PHI,DAL,20240205,2023-24,False,DAL,PHI,,,,,,,,,,,,,,,,,,,,,,,,,,,,,,,,,,,,,,,,,,,,,,,,,,,,,,,,,,,,,,,,,,,,,,,,,,,,,,,,,,,,,,,,,,,,,,,,,,,,,,,,,,,,,,
1630314,Brandon Williams,Brandon,1610612742,DAL,24.0,1,1,0,1.0,1.2833333333333334,0,0,0.0,0,0,0.0,1,2,0.5,0,0,0,0,0,0,0,0,0,1,1,-2,1.0,0,0,1.0,1,1,1,1,184,165,178,165,104,145,104,66,51,65,101,152,162,150,122,88,69,1,1,78,165,105,179,17,2,178,,33.3,0.0,0.0,150.0,153,109,166,186,181,0.0,0.0,1,77.92,1,165,184,-116.7,-96.8,181,165,150,0.0,150.0,153,0.0,181,180,150.0,181,33.3,72.56,2,0.0,152,93.51,178,93.51,-116.7,0.0,3,0.0,53.2,0.0,0.568,0.333,0.0,162,150,181,101,188,0.0,100,188,0.468,11,0.0,3.0,0.0,2.0,0.0,0.0,0.0,0.0,0.0,0.0,0.0,0.0,0.0,0.0,1.0,2.0,1.0,0.5,1.0,0.0,1.0,0.0,0.0,1.0,1.0,0.0,0.0,1.0,6.0,0.333,0.0,0.0,3.0,0.0,0.0,1.0,0.3,0.0,5.84,,,,,,,,,,,,,,,,,,,,,,,,,,,,,,,,,,,,,,,,,,,,,,,,,,,,,,,,,,,,,,,,,,,,,,,,,,,,,,,0.0,,,,,0.0,0.0,0.0,0.0,0.0,0.0,0.0,0.0,0.0,0.0,0.0,,,0.0,,,,,,0.0,,,,,0.0,0.0,0.0,,,0.0,,,,,,8.0,0.522,G,0.667,0.572,12.0,0.095,,,,0.0,,0.0,0.0,,,0.0,,,,,,0.0,,,0.0,,0.0,0.0,0.0,,DAL,,,,0.0,,0.0,,,,2024,22300736,1.0,0.0,1.0,0.0,0.448,-0.448,1.0,0.0,1.0,0.0,0.401,-0.401,,,,,,,,,,,,,,,,,,,1.0,0.0,1.0,0.0,0.408,-0.408,1.0,0.0,1.0,0.0,0.0,0.0,0.0,0.0,0.0,0.0,0.0,0.0,0.0,0.0,0.0,0.0,0.0,0.0,0.0,0.0,0.0,3.0,0.0,0.0,0.0,0.0,0.0,0.0,0.0,0.0,0.0,0.0,0.0,0.0,0.0,0.0,0.0,0.0,0.0,1.28,478.0,0.09,0.05,0.04,4.31,0.0,0.0,,,,NYK,DAL,20240208,2023-24,False,DAL,NYK,,,,,,,,,,,,,,,,,,,,,,,,,,,,,,,,,,,,,,,,,,,,,,,,,,,,,,,,,,,,,,,,,,,,,,,,,,,,,,,,,,,,,,,,,,,,,,,,,,,,,,,,,,,,,,
1630314,Brandon Williams,Brandon,1610612742,DAL,24.0,1,1,0,1.0,1.95,1,1,1.0,0,0,0.0,0,0,0.0,0,0,0,1,0,0,0,0,0,0,2,4,3.5,0,0,3.0,1,1,1,1,165,119,152,1,103,142,103,87,94,87,90,151,158,86,102,87,52,1,1,117,142,61,161,11,1,157,,120.0,1.0,0.0,40.0,11,90,8,6,40,0.5,0.0,1,102.56,1,119,6,80.0,80.0,48,6,6,0.0,40.0,11,0.0,7,6,40.0,40,120.0,123.08,80,0.0,151,123.08,152,123.08,80.0,50.0,5,0.0,120.0,1.0,1.0,0.167,0.375,158,6,7,90,6,1.0,8,6,0.2,100,2.0,4.0,1.0,4.0,0.25,0.0,0.0,0.0,0.25,0.0,1.0,0.0,1.0,1.0,0.0,0.0,0.0,0.0,0.0,0.0,0.0,0.0,0.0,0.0,1.0,1.0,0.0,2.0,4.6,0.4,0.0,1.0,5.0,0.0,2.0,3.0,0.4,0.0,4.88,,,,,,,,,,,,,,,,,,,,,,,,,0.0,0.0,1.0,1.0,1.0,1.0,1.0,1.0,1.0,1.0,,1.0,1.0,0.0,,,,,,,,,,,,,,,,,,,,,,,,,,,,,,,,,,,,,,,,,0.0,,,,,0.0,0.0,2.0,0.0,0.0,0.0,1.0,1.0,0.0,0.0,0.0,0.0,,0.0,,0.0,0.0,,0.0,,,0.0,0.0,,0.0,0.0,,0.0,0.0,,1.0,,0.0,1.0,1.0,8.0,0.387,G,0.667,0.572,12.0,0.095,,0.0,0.0,,,,,0.0,,0.0,1.0,0.0,,,1.0,,,0.0,,,,0.0,0.0,,DAL,,0.0,1.0,0.0,,0.0,,,,2024,22301161,,,,,,,,,,,,,,,,,,,,,,,,,,,,,,,,,,,,,,,,,,,,,,,,,,,,,,,,,,5.0,0.0,0.0,0.0,0.0,0.0,0.0,0.0,0.0,0.0,0.0,0.0,0.0,0.0,0.0,0.0,0.0,0.0,1.95,829.0,0.16,0.09,0.07,5.31,4.68,6.14,,,,MIA,DAL,20240410,2023-24,False,DAL,MIA,,,,,,,,,,,,,,,,,,,,,,,,,,,,,,,,,,,,,,,,,,,,,,,,,,,,,,,,,,,,,,,,,,,,,,,,,,,,,,,,,,,,,,,,,,,,,,,,,,,,,,,,,,,,,,
1630314,Brandon Williams,Brandon,1610612742,DAL,25.0,1,1,0,1.0,18.3,2,9,0.222,0,2,0.0,3,5,0.6,1,2,3,5,3,2,0,4,1,4,7,10,21.1,0,0,19.0,1,1,1,1,146,132,75,181,138,122,138,29,21,79,49,104,93,23,20,25,70,217,63,16,129,47,102,14,1,111,,104.8,9.0,1.67,82.9,11,63,155,8,152,0.417,0.118,164,90.71,165,132,54,21.8,22.8,153,183,9,15.8,81.0,11,0.086,15,11,82.9,152,104.8,110.58,19,15.6,102,108.85,75,108.85,21.8,26.3,42,0.056,103.9,0.222,0.313,0.298,0.06,91,59,15,63,59,2.0,181,59,0.313,23,12.0,25.0,5.0,19.0,0.263,3.0,0.0,0.0,0.263,1.0,7.0,0.25,2.0,0.5,0.286,4.0,4.0,0.5,0.143,1.0,2.0,0.071,4.0,2.0,14.0,0.143,0.0,7.0,5.49,0.2,0.0,1.0,35.0,0.0,0.0,13.0,3.1,0.0,5.26,0.5,0.375,0.5,4.0,5.7,3.9,4.0,0.0,2.0,0.0,0.5,0.25,1.0,0.25,0.667,8.0,2.0,2.0,1.0,0.0,1.0,0.0,2.0,1.0,0.0,0.0,0.222,0.0,1.0,0.0,0.0,2.0,0.222,0.0,,2.0,0.0,0.0,,1.0,0.444,0.0,0.25,1.0,0.0,4.0,4.0,0.0,0.25,0.25,0.444,1.0,0.0,2.0,1.0,0.222,1.0,0.111,1.0,0.0,0.5,0.111,0.5,1.0,1.0,0.0,0.0,1.0,0.0,0.0,0.111,0.0,0.0,,0.111,0.0,0.0,0.0,2.0,0.0,0.0,0.0,2.0,0.0,0.0,0.0,0.0,0.0,0.0,0.0,0.222,0.0,0.0,0.0,0.0,1.0,3.0,0.0,0.0,0.0,0.0,0.0,1.0,0.0,0.0,0.0,0.0,1.0,0.333,0.0,0.0,0.0,0.0,4.0,0.0,0.0,0.25,1.0,39.0,0.393,G,0.709,0.63,55.0,0.08,,1.0,0.0,0.0,0.0,0.0,0.0,0.0,0.0,2.0,1.0,0.0,,,0.2,0.0,1.0,0.0,0.0,0.0,0.0,1.0,0.5,0.0,DAL,0.0,0.0,5.0,0.0,,0.0,,0.0,0.0,2025,22401019,1.0,2.0,6.0,0.333,0.465,-0.131,0.333,1.0,2.0,0.5,0.38,0.12,0.667,1.0,4.0,0.25,0.557,-0.307,0.667,1.0,4.0,0.25,0.624,-0.374,0.667,1.0,4.0,0.25,0.588,-0.338,0.333,1.0,2.0,0.5,0.387,0.114,0.0,0.0,0.0,3.0,0.0,0.0,0.0,1.0,0.0,1.0,1.0,0.0,0.0,0.0,0.0,0.0,0.0,0.0,0.0,0.0,0.0,35.0,0.0,0.0,0.0,0.0,0.0,0.0,0.0,0.0,0.0,0.0,0.0,0.0,0.0,0.0,0.0,0.0,0.0,18.3,8537.0,1.62,0.89,0.72,4.65,5.07,4.19,,,,DAL,DET,20250321,2024-25,False,DAL,DET,DAL,1610612742.0,6.0,0.467,2.0,0.333,-0.134,1610612742.0,1.0,4.0,1.0,0.25,0.0,1.0,2.0,1.0,3.0,0.25,2.0,0.0,0.5,3.9,1.0,5.7,0.667,2.0,0.375,4.0,0.5,2.0,2.0,8.0,0.5,DAL,0.0,0.0,0.89,0.72,4.65,5.07,1.62,4.19,18.3,8537.0,Brandon Williams,1610612742.0,DAL,G,25.0,1.0,1.0,Brandon Williams,1610612742.0,DAL,G,25.0,1.0,1.0,Brandon Williams,1610612742.0,DAL,G,25.0,1.0,1.0,Brandon Williams,1610612742.0,DAL,G,25.0,1.0,1.0,Brandon Williams,1610612742.0,DAL,G,25.0,1.0,1.0,Brandon Williams,1610612742.0,DAL,G,25.0,1.0,1.0,Brandon Williams,1610612742.0,DAL,25.0,1.0,18.3,Brandon Williams,1610612742.0,DAL,1.0,1.0,0.0,18.3,Brandon Williams,1610612742.0,DAL,1.0,1.0,0.0,18.3,,,,
1630314,Brandon Williams,Brandon,1610612742,DAL,25.0,1,0,1,0.0,27.58333333333333,7,11,0.636,1,2,0.5,7,8,0.875,0,1,1,3,3,2,0,1,2,6,22,-13,30.7,0,0,31.0,1,84,84,84,59,23,46,32,67,98,37,4,5,53,87,113,123,46,10,7,39,132,89,4,15,146,41,14,3,35,,95.2,11.0,1.0,118.0,18,55,37,8,148,0.2,0.043,139,89.18,133,23,107,-22.9,-11.3,138,50,53,14.3,109.4,18,0.023,91,61,118.0,148,95.2,109.63,22,14.6,131,107.02,46,107.02,-22.9,14.3,62,0.0,98.1,0.682,0.758,0.281,0.148,142,96,91,87,129,7.0,34,129,0.291,23,7.0,43.0,3.0,37.0,0.081,4.0,0.0,0.0,0.081,3.0,3.0,0.6,1.0,0.273,1.0,6.0,11.0,0.833,0.273,0.0,3.0,0.0,5.0,5.0,11.0,0.091,0.0,22.0,4.59,0.393,0.0,0.0,56.0,0.0,0.0,17.0,4.4,0.0,4.71,0.0,0.2,0.25,1.0,9.2,9.2,4.0,0.0,2.0,1.0,0.333,0.0,0.0,0.0,0.0,5.0,0.0,0.0,0.5,1.0,0.0,0.0,2.0,0.0,,,,,,,,,,,,,,,,5.0,0.727,0.0,0.625,5.0,0.0,8.0,8.0,0.0,0.625,0.625,0.727,1.0,0.0,1.0,1.0,0.091,1.0,0.0,0.0,,1.0,0.091,1.0,1.0,2.0,0.0,0.0,2.0,0.5,0.0,0.182,0.75,0.5,,0.182,1.0,1.0,1.0,1.0,,1.0,0.0,0.0,2.0,1.0,0.0,0.0,0.0,0.5,0.0,0.682,0.0,0.0,3.0,1.0,0.0,0.0,0.0,1.0,1.0,0.0,1.0,1.0,0.0,1.0,1.0,0.0,0.0,0.0,0.0,1.0,1.0,0.0,8.0,0.0,1.0,0.625,5.0,46.0,0.405,G,0.719,0.629,64.0,0.09,0.0,2.0,0.0,0.0,0.0,0.0,0.0,0.0,0.0,0.0,5.0,1.0,0.0,0.0,0.625,1.0,0.0,0.5,1.0,0.0,1.0,0.0,0.0,0.0,DAL,0.0,0.0,8.0,2.0,0.75,1.0,0.5,1.0,2.0,2025,22401048,1.0,5.0,10.0,0.5,0.472,0.028,,,,,,,1.0,5.0,10.0,0.5,0.542,-0.042,0.5,3.0,5.0,0.6,0.62,-0.02,0.9,5.0,9.0,0.556,0.615,-0.059,,,,,,,2.0,2.0,0.0,4.0,0.0,0.0,0.0,0.0,2.0,2.0,0.0,1.0,0.0,0.0,0.0,0.0,0.0,0.0,0.0,0.0,0.0,56.0,0.0,0.0,0.0,0.0,0.0,0.0,0.0,0.0,0.0,0.0,0.0,0.0,0.0,0.0,0.0,0.0,0.0,27.58,11999.0,2.27,1.17,1.1,4.55,5.03,4.12,,,,NYK,DAL,20250325,2024-25,False,DAL,NYK,,,10.0,0.501,5.0,0.5,-0.001,,0.0,1.0,0.0,0.0,1.0,0.5,0.0,0.0,1.0,0.0,2.0,1.0,0.25,9.2,0.0,9.2,0.0,0.0,0.2,4.0,0.333,2.0,1.0,5.0,0.0,DAL,0.0,0.0,1.17,1.1,4.55,5.03,2.27,4.12,27.58,11999.0,Brandon Williams,1610612742.0,DAL,G,25.0,1.0,1.0,,,,,,,,Brandon Williams,1610612742.0,DAL,G,25.0,1.0,1.0,Brandon Williams,1610612742.0,DAL,G,25.0,1.0,1.0,Brandon Williams,1610612742.0,DAL,G,25.0,1.0,1.0,,,,,,,,Brandon Williams,1610612742.0,DAL,25.0,1.0,27.6,Brandon Williams,1610612742.0,DAL,1.0,0.0,1.0,27.6,Brandon Williams,1610612742.0,DAL,1.0,0.0,1.0,27.58,,,,
1630314,Brandon Williams,Brandon,1610612742,DAL,25.0,1,1,0,1.0,8.068333333333333,0,2,0.0,0,0,0.0,2,2,1.0,0,3,3,3,2,0,0,0,2,1,2,-4,8.1,0,0,8.0,1,1,1,1,173,174,167,174,120,166,120,38,49,1,112,68,92,52,31,99,53,1,119,76,158,130,157,16,3,153,,72.2,2.0,1.5,94.4,64,61,95,10,200,0.75,0.429,200,89.24,197,174,150,-22.2,-19.4,202,174,3,25.0,89.1,64,0.188,49,33,94.4,200,72.2,112.2,55,25.4,4,107.09,167,107.09,-22.2,37.5,18,0.0,69.7,0.0,0.347,0.238,0.105,21,29,49,112,154,0.0,149,154,0.236,52,7.0,13.0,3.0,12.0,0.25,2.0,0.0,0.0,0.25,0.0,2.0,0.0,1.0,0.286,0.286,2.0,2.0,1.0,0.143,2.0,1.0,0.286,2.0,2.0,7.0,0.143,0.0,2.0,6.35,0.118,0.0,0.0,17.0,0.0,0.0,9.0,1.9,0.0,6.6,0.0,0.75,1.0,1.0,9.7,9.7,3.0,0.0,0.0,3.0,0.75,0.0,0.0,0.0,0.0,4.0,0.0,0.0,1.0,3.0,0.0,0.0,0.0,0.0,,,,,,,,,,,,,,,,0.0,1.0,0.0,0.0,0.0,0.0,2.0,2.0,0.0,0.0,0.0,1.0,,,,,,,,,,,,,,,,,,,,,,,,,,,0.0,1.0,,0.0,,,0.0,0.0,0.0,0.0,0.0,0.0,0.0,0.0,0.0,0.0,0.0,0.0,0.0,2.0,,0.0,0.0,,0.0,0.0,,0.0,0.0,0.0,0.0,0.0,0.0,0.0,0.0,0.0,0.0,0.0,0.0,0.0,0.0,4.0,0.28,G,0.571,0.61,7.0,-0.039,,0.0,,0.0,,0.0,0.0,,0.0,1.0,0.0,0.0,,,0.0,0.0,0.0,0.0,0.0,,0.0,0.0,0.0,0.0,DAL,,,1.0,0.0,,0.0,,,,2025,22400625,1.0,0.0,1.0,0.0,0.526,-0.526,,,,,,,1.0,0.0,1.0,0.0,0.582,-0.582,,,,,,,,,,,,,,,,,,,0.0,0.0,0.0,0.0,0.0,0.0,0.0,0.0,1.0,1.0,0.0,1.0,0.0,0.0,0.0,0.0,0.0,0.0,0.0,0.0,0.0,17.0,0.0,0.0,0.0,0.0,0.0,0.0,0.0,0.0,0.0,0.0,0.0,0.0,0.0,0.0,0.0,0.0,0.0,8.07,3424.0,0.65,0.35,0.3,4.2,5.36,4.39,,,,OKC,DAL,20250123,2024-25,False,DAL,OKC,,,,,,,,,,,,,,,,,,,,,,,,,,,,,,,,,,,,,,,,,,,,,Brandon Williams,1610612742.0,DAL,G,25.0,1.0,1.0,,,,,,,,Brandon Williams,1610612742.0,DAL,G,25.0,1.0,1.0,,,,,,,,,,,,,,,,,,,,,,Brandon Williams,1610612742.0,DAL,25.0,1.0,8.1,Brandon Williams,1610612742.0,DAL,1.0,1.0,0.0,8.1,Brandon Williams,1610612742.0,DAL,1.0,1.0,0.0,8.07,,,,
1630314,Brandon Williams,Brandon,1610612742,DAL,25.0,1,0,1,0.0,1.25,0,0,0.0,0,0,0.0,1,2,0.5,0,0,0,0,0,0,0,0,0,1,1,-2,1.0,0,0,1.0,1,100,100,100,186,165,180,165,111,156,111,67,50,67,108,159,167,149,129,88,67,1,1,89,165,102,178,22,4,177,,33.3,0.0,0.0,150.0,133,113,158,187,185,0.0,0.0,1,80.0,1,165,184,-116.7,-96.8,185,165,149,0.0,150.0,133,0.0,180,179,150.0,185,33.3,74.5,16,0.0,159,96.0,180,96.0,-116.7,0.0,3,0.0,53.2,0.0,0.568,0.25,0.0,167,149,180,108,185,0.0,85,185,0.306,34,0.0,3.0,0.0,1.0,0.0,0.0,0.0,0.0,0.0,0.0,0.0,0.0,0.0,0.0,1.0,2.0,1.0,0.5,1.0,0.0,1.0,0.0,0.0,1.0,1.0,0.0,0.0,1.0,3.33,0.333,0.0,0.0,3.0,0.0,0.0,1.0,0.2,0.0,4.16,,,,,,,,,,,,,,,,,,,,,,,,,,,,,,,,,,,,,,,,,,,,,,,,,,,,,,,,,,,,,,,,,,,,,,,,,,,,,,,0.0,,,,,0.0,0.0,0.0,0.0,0.0,0.0,0.0,0.0,0.0,0.0,0.0,,0.0,,,0.0,,,,0.0,,0.0,,0.0,,,0.0,,0.0,0.0,0.0,0.0,,0.0,0.0,2.0,0.263,G,0.4,0.564,5.0,-0.164,,,0.0,0.0,,0.0,0.0,0.0,0.0,,0.0,,,,0.0,,0.0,,,,,,,0.0,DAL,,0.0,0.0,0.0,,0.0,,,,2025,22400499,,,,,,,,,,,,,,,,,,,,,,,,,,,,,,,,,,,,,,,,,,,,,,,,,,,,,,,,,,3.0,0.0,0.0,0.0,0.0,0.0,0.0,0.0,0.0,0.0,0.0,0.0,0.0,0.0,0.0,0.0,0.0,0.0,1.25,399.0,0.08,0.04,0.03,4.25,0.0,0.0,,,,MEM,DAL,20250106,2024-25,False,DAL,MEM,,,,,,,,,,,,,,,,,,,,,,,,,,,,,,,,,,,,,,,,,,,,,,,,,,,,,,,,,,,,,,,,,,,,,,,,,,,,,,,,,,,,,,,,,,,,,Brandon Williams,1610612742.0,DAL,1.0,0.0,1.0,1.3,Brandon Williams,1610612742.0,DAL,1.0,0.0,1.0,1.25,,,,
1630314,Brandon Williams,Brandon,1610612742,DAL,25.0,1,0,1,0.0,12.0,1,3,0.333,1,1,1.0,2,2,1.0,0,1,1,1,0,0,1,1,0,1,5,1,10.7,0,0,10.0,1,114,114,114,173,158,165,151,69,147,1,60,73,1,108,142,158,114,130,99,19,158,1,98,143,87,147,23,1,149,,103.8,3.0,0.0,100.0,81,114,86,82,154,0.125,0.067,1,86.67,1,158,101,3.8,2.3,154,110,102,0.0,100.0,81,0.04,50,58,100.0,154,103.8,104.8,159,0.0,158,104.0,165,104.0,3.8,20.0,26,0.0,102.3,0.5,0.644,0.148,0.115,164,80,50,108,93,1.0,79,93,0.142,145,4.0,12.0,2.0,11.0,0.091,2.0,1.0,0.0,0.182,0.0,1.0,0.0,0.0,0.25,0.5,2.0,2.0,1.0,0.25,0.0,1.0,0.0,2.0,2.0,4.0,0.0,0.0,5.0,5.13,0.333,0.0,0.0,15.0,0.0,0.0,3.0,1.3,0.0,5.33,0.0,0.333,0.333,0.0,6.4,6.4,3.0,0.0,1.0,1.0,0.5,0.0,0.0,0.0,0.0,3.0,0.0,0.0,0.5,1.0,0.0,0.0,1.0,0.0,,,,,,,,,,,,,,,,0.0,0.667,0.0,0.0,0.0,0.0,2.0,2.0,0.0,0.0,0.0,0.667,,,,,,,,,,,,,,1.0,0.0,0.0,1.0,1.0,0.0,0.333,1.5,1.0,,0.333,1.0,1.0,1.0,1.0,1.0,1.5,1.0,1.0,3.0,1.0,0.0,0.0,0.0,0.0,0.0,0.5,0.0,0.0,0.0,0.0,0.0,1.0,0.0,0.0,0.0,0.0,0.0,1.0,0.0,0.0,0.0,0.0,0.0,0.0,1.0,0.0,0.0,1.0,1.0,0.0,0.0,0.0,0.0,9.0,0.281,G,0.563,0.608,16.0,-0.045,,0.0,0.0,1.0,0.0,1.0,1.0,0.0,0.0,1.0,0.0,0.0,,,0.0,0.0,0.0,0.0,0.0,0.0,0.0,0.0,0.0,0.0,DAL,0.0,0.0,1.0,0.0,,0.0,,0.0,0.0,2025,22400812,1.0,2.0,7.0,0.286,0.422,-0.136,0.571,1.0,4.0,0.25,0.328,-0.078,0.429,1.0,3.0,0.333,0.461,-0.128,,,,,,,,,,,,,0.857,1.0,6.0,0.167,0.373,-0.207,4.0,3.0,1.0,0.0,0.0,1.0,2.0,0.0,0.0,0.0,0.0,0.0,0.0,0.0,0.0,0.0,0.0,0.0,0.0,0.0,0.0,15.0,0.0,0.0,0.0,0.0,0.0,0.0,0.0,0.0,0.0,0.0,0.0,0.0,0.0,0.0,0.0,0.0,0.0,12.0,4968.0,0.94,0.44,0.5,4.19,4.51,3.96,,,,GSW,DAL,20250223,2024-25,False,DAL,GSW,,,,,,,,,,,,,,,,,,,,,,,,,,,,,,,,,,,,,,,,,,,,,Brandon Williams,1610612742.0,DAL,G,25.0,1.0,1.0,Brandon Williams,1610612742.0,DAL,G,25.0,1.0,1.0,Brandon Williams,1610612742.0,DAL,G,25.0,1.0,1.0,,,,,,,,,,,,,,,Brandon Williams,1610612742.0,DAL,G,25.0,1.0,1.0,Brandon Williams,1610612742.0,DAL,25.0,1.0,12.0,Brandon Williams,1610612742.0,DAL,1.0,0.0,1.0,12.0,Brandon Williams,1610612742.0,DAL,1.0,0.0,1.0,12.0,,,,
1630314,Brandon Williams,Brandon,1610612742,DAL,25.0,1,0,1,0.0,32.13333333333333,3,8,0.375,0,3,0.0,5,5,1.0,2,0,2,2,3,1,1,1,2,5,11,1,19.4,0,0,19.0,1,88,88,88,33,81,76,106,99,72,99,17,24,1,33,148,105,60,17,34,16,118,80,15,64,73,86,17,2,77,,121.7,8.0,0.67,120.3,57,72,129,72,41,0.077,0.0,150,85.89,150,81,76,1.4,3.5,32,115,106,20.0,119.8,57,0.036,120,128,120.3,41,121.7,102.62,88,19.7,148,103.07,76,103.07,1.4,13.3,69,0.077,123.3,0.375,0.539,0.173,0.036,128,99,120,41,81,3.0,86,81,0.183,91,7.0,42.0,4.0,41.0,0.049,6.0,1.0,1.0,0.098,2.0,2.0,0.5,0.0,0.25,0.875,2.0,7.0,1.0,0.125,1.0,1.0,0.125,4.0,2.0,8.0,0.0,1.0,11.0,4.38,0.196,0.0,1.0,56.0,0.0,0.0,17.0,4.1,0.0,4.39,0.0,0.25,0.0,4.0,0.0,19.0,4.0,0.0,1.0,0.0,0.286,0.5,0.5,0.5,0.5,8.0,1.0,19.0,0.0,1.0,1.0,1.0,1.0,0.0,0.0,0.0,0.125,0.0,1.0,0.0,0.0,1.0,0.125,0.0,,1.0,0.0,0.0,,2.0,0.25,0.0,1.0,2.0,0.0,2.0,2.0,0.0,1.0,1.0,0.25,1.0,0.0,3.0,0.5,0.375,2.0,0.125,1.0,0.0,0.333,0.25,0.333,1.0,2.0,0.0,0.0,2.0,0.0,0.0,0.25,0.0,0.0,,0.25,0.0,0.0,0.0,2.0,0.0,0.0,0.0,1.0,0.0,0.0,0.0,0.0,0.0,0.0,0.0,0.375,0.0,0.0,0.0,0.0,0.0,2.0,0.0,1.0,0.0,0.0,0.0,2.0,0.0,0.0,1.0,0.0,1.0,0.5,0.0,0.0,0.0,0.0,2.0,0.0,1.0,1.0,2.0,38.0,0.381,G,0.745,0.629,51.0,0.116,,2.0,0.0,1.0,0.0,0.0,0.0,0.0,0.0,1.0,3.0,0.0,,,1.0,0.0,0.0,0.0,1.0,0.0,0.0,0.0,0.0,0.0,DAL,0.0,0.0,3.0,2.0,0.0,0.0,0.0,0.0,2.0,2025,22400976,1.0,5.0,12.0,0.417,0.472,-0.055,0.25,0.0,3.0,0.0,0.364,-0.364,0.75,5.0,9.0,0.556,0.548,0.008,0.5,5.0,6.0,0.833,0.609,0.224,0.667,5.0,8.0,0.625,0.564,0.061,0.333,0.0,4.0,0.0,0.382,-0.382,4.0,3.0,1.0,2.0,0.0,1.0,3.0,0.0,0.0,0.0,0.0,0.0,0.0,1.0,1.0,1.0,0.0,0.0,1.0,1.0,0.0,56.0,0.0,0.0,0.0,0.0,0.0,0.0,0.0,0.0,0.0,0.0,0.0,0.0,0.0,0.0,0.0,0.0,0.0,32.13,12887.0,2.44,1.24,1.2,4.26,4.59,3.96,,,,DAL,PHI,20250316,2024-25,False,DAL,PHI,DAL,1610612742.0,,,,,,,,,,,,,,,,,,,,,,,,,,,,,,,,,,,,,,,,,,,Brandon Williams,1610612742.0,DAL,G,25.0,1.0,1.0,Brandon Williams,1610612742.0,DAL,G,25.0,1.0,1.0,Brandon Williams,1610612742.0,DAL,G,25.0,1.0,1.0,Brandon Williams,1610612742.0,DAL,G,25.0,1.0,1.0,Brandon Williams,1610612742.0,DAL,G,25.0,1.0,1.0,Brandon Williams,1610612742.0,DAL,G,25.0,1.0,1.0,Brandon Williams,1610612742.0,DAL,25.0,1.0,32.1,Brandon Williams,1610612742.0,DAL,1.0,0.0,1.0,32.1,Brandon Williams,1610612742.0,DAL,1.0,0.0,1.0,32.13,,,,
1630314,Brandon Williams,Brandon,1610612742,DAL,25.0,1,0,1,0.0,4.2,1,1,1.0,1,1,1.0,0,0,0.0,0,0,0,0,0,0,0,0,0,1,3,0,3.0,0,0,4.0,1,82,82,82,135,110,133,1,54,108,1,85,87,85,83,127,136,115,95,80,49,1,1,66,116,76,137,9,3,132,,110.0,1.0,0.0,110.0,8,79,24,7,93,0.0,0.0,1,95.24,1,110,73,0.0,1.4,84,1,115,0.0,112.7,8,0.0,56,69,110.0,93,110.0,110.86,128,0.0,127,114.29,133,114.29,0.0,0.0,10,0.0,114.1,1.5,1.5,0.1,0.171,136,115,56,83,77,1.0,1,77,0.104,128,0.0,6.0,0.0,3.0,0.0,0.0,0.0,0.0,0.0,0.0,0.0,0.0,0.0,0.0,0.0,0.0,0.0,0.0,0.0,0.0,0.0,0.0,0.0,0.0,0.0,0.0,0.0,3.0,5.33,0.5,0.0,1.0,6.0,0.0,0.0,2.0,0.7,0.0,6.78,,,,,,,,,,,,,,,,,,,,,,,,,,,,,,,,,,,,,,,,,,,,,,,,,,,,,,,,,,,,,,,,,1.0,0.0,0.0,1.0,1.0,0.0,1.0,1.5,1.0,,1.0,1.0,1.0,,0.0,,,0.0,0.0,0.0,0.0,0.0,0.0,0.0,1.0,0.0,1.5,0.0,0.0,3.0,0.0,0.0,0.0,0.0,0.0,0.0,0.0,0.0,1.0,0.0,0.0,0.0,0.0,0.0,0.0,1.0,0.0,0.0,1.0,0.0,0.0,0.0,0.0,0.0,3.0,0.286,G,0.5,0.582,6.0,-0.082,,0.0,0.0,1.0,0.0,1.0,1.0,0.0,0.0,0.0,0.0,0.0,,,0.0,0.0,0.0,0.0,0.0,0.0,0.0,0.0,0.0,0.0,DAL,0.0,0.0,0.0,1.0,1.5,1.0,1.0,1.0,1.0,2025,22400559,1.0,2.0,2.0,1.0,0.503,0.497,0.5,1.0,1.0,1.0,0.403,0.597,0.5,1.0,1.0,1.0,0.642,0.358,0.5,1.0,1.0,1.0,0.695,0.305,0.5,1.0,1.0,1.0,0.664,0.336,0.5,1.0,1.0,1.0,0.398,0.602,1.0,1.0,0.0,0.0,0.0,0.0,0.0,0.0,0.0,0.0,0.0,0.0,0.0,0.0,0.0,0.0,0.0,0.0,0.0,0.0,0.0,6.0,0.0,0.0,0.0,0.0,0.0,0.0,0.0,0.0,0.0,0.0,0.0,0.0,0.0,0.0,0.0,0.0,0.0,4.2,1617.0,0.31,0.14,0.16,3.87,2.9,4.66,,,,DAL,DEN,20250114,2024-25,False,DAL,DEN,,,,,,,,,,,,,,,,,,,,,,,,,,,,,,,,,,,,,,,,,,,,,Brandon Williams,1610612742.0,DAL,G,25.0,1.0,1.0,Brandon Williams,1610612742.0,DAL,G,25.0,1.0,1.0,Brandon Williams,1610612742.0,DAL,G,25.0,1.0,1.0,Brandon Williams,1610612742.0,DAL,G,25.0,1.0,1.0,Brandon Williams,1610612742.0,DAL,G,25.0,1.0,1.0,Brandon Williams,1610612742.0,DAL,G,25.0,1.0,1.0,Brandon Williams,1610612742.0,DAL,25.0,1.0,4.2,Brandon Williams,1610612742.0,DAL,1.0,0.0,1.0,4.2,Brandon Williams,1610612742.0,DAL,1.0,0.0,1.0,4.2,,,,
1630314,Brandon Williams,Brandon,1610612742,DAL,24.0,1,1,0,1.0,6.283333333333333,1,1,1.0,0,0,0.0,0,0,0.0,1,1,2,1,1,0,0,0,1,0,2,-6,4.9,0,0,5.0,1,1,1,1,237,204,235,1,154,213,154,135,146,135,61,167,152,143,85,125,73,1,59,184,218,189,229,20,4,219,,121.4,1.0,1.0,164.3,55,89,180,137,72,0.167,0.167,252,89.12,252,204,247,-42.9,-39.3,29,12,84,33.3,170.1,55,0.154,258,258,164.3,72,121.4,101.3,198,33.3,86,106.95,235,106.95,-42.9,33.3,14,0.143,130.8,1.0,1.0,0.125,0.061,36,31,258,19,247,1.0,16,247,0.133,200,5.0,12.0,2.0,11.0,0.091,1.0,0.0,0.0,0.182,1.0,1.0,1.0,0.0,0.5,1.0,0.0,2.0,0.0,0.0,0.0,0.0,0.0,1.0,0.0,2.0,0.0,0.0,2.0,4.79,0.143,0.0,1.0,14.0,0.0,0.0,7.0,1.1,0.0,4.9,0.0,1.0,1.0,1.0,5.5,6.4,1.0,0.0,0.0,1.0,1.0,1.0,1.0,1.0,0.5,2.0,1.0,7.4,1.0,1.0,1.0,0.0,0.0,0.0,,,,,,,,,,,,,,,,1.0,1.0,0.0,1.0,1.0,0.0,1.0,1.0,0.0,1.0,1.0,1.0,,,,,,,,,,,,,,,,,,,,,,,,,,,,0.0,,,,,0.0,0.0,0.0,0.0,0.0,0.0,0.0,1.0,0.0,0.0,0.0,0.0,,0.0,,0.0,0.0,,0.0,0.0,,0.0,0.0,,0.0,0.0,0.0,0.0,0.0,0.0,1.0,,0.0,1.0,1.0,1.0,0.5,G,0.5,0.278,2.0,0.222,,0.0,0.0,0.0,,0.0,0.0,0.0,,0.0,1.0,0.0,,,1.0,,,0.0,,,,0.0,0.0,,DAL,,0.0,1.0,0.0,,0.0,,,,2025,22400176,1.0,1.0,2.0,0.5,0.452,0.049,0.5,0.0,1.0,0.0,0.4,-0.4,0.5,1.0,1.0,1.0,0.5,0.5,0.5,1.0,1.0,1.0,0.52,0.48,0.5,1.0,1.0,1.0,0.517,0.483,0.5,0.0,1.0,0.0,0.4,-0.4,1.0,0.0,1.0,0.0,0.0,0.0,0.0,1.0,0.0,1.0,1.0,0.0,0.0,0.0,0.0,0.0,0.0,0.0,0.0,0.0,0.0,14.0,0.0,0.0,0.0,0.0,0.0,0.0,0.0,0.0,0.0,0.0,0.0,0.0,0.0,0.0,0.0,0.0,0.0,6.28,2761.0,0.52,0.3,0.23,4.47,4.37,4.64,,,,DAL,CHI,20241106,2024-25,False,DAL,CHI,,,,,,,,,,,,,,,,,,,,,,,,,,,,,,,,,,,,,,,,,,,,,Brandon Williams,1610612742.0,DAL,G,25.0,1.0,1.0,Brandon Williams,1610612742.0,DAL,G,25.0,1.0,1.0,Brandon Williams,1610612742.0,DAL,G,25.0,1.0,1.0,Brandon Williams,1610612742.0,DAL,G,25.0,1.0,1.0,Brandon Williams,1610612742.0,DAL,G,25.0,1.0,1.0,Brandon Williams,1610612742.0,DAL,G,25.0,1.0,1.0,Brandon Williams,1610612742.0,DAL,25.0,1.0,6.3,Brandon Williams,1610612742.0,DAL,1.0,1.0,0.0,6.3,Brandon Williams,1610612742.0,DAL,1.0,1.0,0.0,6.28,,,,
1630314,Brandon Williams,Brandon,1610612742,DAL,24.0,1,1,0,1.0,5.516666666666667,1,4,0.25,0,0,0.0,0,0,0.0,0,1,1,0,1,0,0,2,0,1,2,-3,2.2,0,0,3.0,1,1,1,1,99,80,74,80,62,85,62,58,62,58,65,69,86,81,33,46,31,96,1,40,87,71,97,7,3,96,,50.0,4.0,0.0,69.2,3,52,100,4,103,0.0,0.111,95,90.63,95,80,97,-19.2,-29.6,103,87,81,20.0,75.8,3,0.056,5,5,69.2,103,50.0,108.24,4,20.0,51,108.76,74,108.76,-19.2,0.0,12,0.0,46.2,0.25,0.25,0.357,-0.083,67,81,5,65,92,1.0,89,92,0.357,4,0.0,10.0,0.0,6.0,0.0,1.0,0.0,0.0,0.0,1.0,0.0,0.25,0.0,0.0,0.5,0.0,2.0,0.0,0.0,0.0,0.0,0.0,4.0,0.0,4.0,0.0,0.0,2.0,6.0,0.167,0.0,0.0,12.0,0.0,0.0,5.0,1.2,0.0,5.78,1.0,0.25,0.5,2.0,3.3,3.3,2.0,0.0,0.0,0.0,0.25,0.0,0.0,0.0,1.0,4.0,1.0,0.0,0.5,0.0,0.0,0.0,0.0,1.0,0.0,0.0,0.5,0.0,1.0,0.0,0.0,2.0,0.5,0.0,,2.0,0.0,0.0,,0.0,0.25,0.0,0.0,0.0,0.0,1.0,1.0,0.0,0.0,0.0,0.25,1.0,0.0,1.0,1.0,0.25,1.0,0.0,0.0,,1.0,0.25,1.0,1.0,,,,,,,,,,,,,,1.0,1.0,,1.0,,,2.0,1.0,0.0,0.0,0.0,0.0,0.0,0.25,0.0,0.0,0.0,0.0,,1.0,0.0,0.0,,0.0,,0.0,0.0,0.0,,,1.0,1.0,0.0,0.0,0.0,0.0,3.0,,0.0,0.0,0.0,1.0,0.4,G,0.5,0.222,2.0,0.278,,0.0,0.0,0.0,,0.0,0.0,0.0,,1.0,0.0,0.0,,,0.0,0.0,,0.0,0.0,,0.0,1.0,1.0,,DAL,,0.0,3.0,0.0,,0.0,,,,2025,22400232,1.0,0.0,1.0,0.0,0.438,-0.438,,,,,,,1.0,0.0,1.0,0.0,0.468,-0.468,,,,,,,,,,,,,,,,,,,0.0,0.0,0.0,0.0,0.0,0.0,0.0,0.0,0.0,0.0,0.0,0.0,0.0,1.0,1.0,1.0,0.0,0.0,1.0,1.0,0.0,12.0,0.0,0.0,0.0,0.0,0.0,0.0,0.0,0.0,0.0,0.0,0.0,0.0,0.0,0.0,0.0,0.0,0.0,5.52,2515.0,0.48,0.27,0.21,5.08,5.73,4.35,,,,DAL,SAS,20241116,2024-25,False,DAL,SAS,DAL,1610612742.0,,,,,,,,,,,,,,,,,,,,,,,,,,,,,,,,,,,,,,,,,,,Brandon Williams,1610612742.0,DAL,G,25.0,1.0,1.0,,,,,,,,Brandon Williams,1610612742.0,DAL,G,25.0,1.0,1.0,,,,,,,,,,,,,,,,,,,,,,Brandon Williams,1610612742.0,DAL,25.0,1.0,5.5,Brandon Williams,1610612742.0,DAL,1.0,1.0,0.0,5.5,Brandon Williams,1610612742.0,DAL,1.0,1.0,0.0,5.52,,,,
1630314,Brandon Williams,Brandon,1610612742,DAL,25.0,1,0,1,0.0,33.95,10,15,0.667,4,8,0.5,7,8,0.875,1,4,5,6,2,1,0,1,1,5,31,5,47.0,0,0,48.0,1,80,80,80,37,8,24,18,7,15,28,9,8,39,45,42,44,15,24,33,58,106,34,13,5,51,13,18,3,11,,115.8,15.0,3.0,110.7,30,21,12,31,60,0.286,0.114,92,88.95,92,8,74,5.1,1.8,66,26,20,7.4,112.4,30,0.07,81,84,110.7,60,115.8,106.66,39,7.5,71,106.75,24,106.75,5.1,22.2,76,0.028,114.2,0.8,0.837,0.247,0.198,83,48,81,73,67,10.0,24,67,0.247,38,11.0,50.0,6.0,46.0,0.13,8.0,0.0,1.0,0.13,5.0,2.0,0.833,0.0,0.154,1.154,6.0,15.0,0.833,0.231,2.0,3.0,0.154,6.0,5.0,13.0,0.0,0.0,31.0,4.13,0.463,0.0,0.0,67.0,0.0,0.0,28.0,4.6,0.0,4.14,0.0,0.625,0.667,2.0,10.6,13.0,6.0,0.0,0.0,3.0,0.625,0.5,0.0,0.5,0.0,8.0,0.0,20.4,0.667,4.0,0.0,1.0,0.0,0.0,,,,,,,,,,,,,,,,2.0,0.2,0.0,0.667,2.0,0.0,3.0,3.0,0.0,0.667,0.667,0.2,4.0,1.0,7.0,1.0,0.467,4.0,0.2,3.0,0.333,0.714,0.267,0.786,5.0,5.0,0.0,0.0,5.0,0.6,0.0,0.333,0.9,0.6,,0.333,3.0,3.0,1.0,3.0,1.0,1.167,1.0,1.0,7.0,3.0,0.0,0.0,0.0,0.429,0.0,0.8,0.0,0.0,9.0,1.0,0.0,4.0,1.0,2.0,0.0,1.0,0.0,7.0,1.0,1.0,0.0,0.0,3.0,0.75,3.0,1.0,2.0,0.429,1.0,0.0,1.0,1.0,1.0,21.0,0.345,G,0.7,0.628,30.0,0.072,0.0,1.0,1.0,7.0,0.0,0.429,3.0,1.0,0.0,4.0,1.0,1.0,0.0,0.0,1.0,1.0,0.0,1.0,1.0,0.0,1.0,3.0,0.75,0.0,DAL,0.0,1.0,1.0,7.0,0.643,3.0,0.429,3.0,7.0,2025,22400906,1.0,9.0,14.0,0.643,0.481,0.162,0.143,2.0,2.0,1.0,0.329,0.672,0.857,7.0,12.0,0.583,0.55,0.034,0.5,6.0,7.0,0.857,0.651,0.206,0.571,7.0,8.0,0.875,0.597,0.278,0.143,2.0,2.0,1.0,0.334,0.667,8.0,5.0,3.0,3.0,0.0,1.0,2.0,0.0,2.0,2.0,0.0,1.0,0.0,0.0,0.0,0.0,0.0,0.0,0.0,0.0,0.0,67.0,0.0,0.0,0.0,0.0,0.0,0.0,0.0,0.0,0.0,0.0,0.0,0.0,0.0,0.0,0.0,0.0,0.0,33.95,14819.0,2.81,1.5,1.3,4.59,5.06,4.15,,,,DAL,MEM,20250307,2024-25,False,DAL,MEM,,,,,,,,,,,,,,,,,,,,,,,,,,,,,,,,,,,,,,,,,,,,,Brandon Williams,1610612742.0,DAL,G,25.0,1.0,1.0,Brandon Williams,1610612742.0,DAL,G,25.0,1.0,1.0,Brandon Williams,1610612742.0,DAL,G,25.0,1.0,1.0,Brandon Williams,1610612742.0,DAL,G,25.0,1.0,1.0,Brandon Williams,1610612742.0,DAL,G,25.0,1.0,1.0,Brandon Williams,1610612742.0,DAL,G,25.0,1.0,1.0,Brandon Williams,1610612742.0,DAL,25.0,1.0,34.0,Brandon Williams,1610612742.0,DAL,1.0,0.0,1.0,34.0,Brandon Williams,1610612742.0,DAL,1.0,0.0,1.0,33.95,,,,
1630314,Brandon Williams,Brandon,1610612742,DAL,25.0,1,1,0,1.0,22.266666666666666,7,8,0.875,2,2,1.0,1,1,1.0,0,1,1,3,3,1,1,0,3,2,17,2,25.7,0,0,27.0,1,1,1,1,181,44,154,17,60,185,1,111,141,1,168,217,239,90,22,57,36,1,233,69,58,141,123,34,6,99,,127.7,8.0,1.0,118.4,128,96,99,218,75,0.176,0.045,278,86.23,277,44,143,9.3,5.5,57,9,115,21.4,124.7,128,0.026,203,236,118.4,75,127.7,99.81,99,20.8,247,103.47,154,103.47,9.3,21.4,47,0.0,130.2,1.0,1.007,0.216,0.13,268,117,203,168,134,7.0,10,134,0.228,106,6.0,34.0,3.0,35.0,0.086,3.0,0.0,0.0,0.086,5.0,3.0,0.833,0.0,0.333,1.222,0.0,11.0,0.0,0.0,0.0,0.0,0.0,6.0,0.0,9.0,0.0,1.0,17.0,4.26,0.362,0.0,1.0,47.0,0.0,0.0,21.0,3.5,0.0,4.49,0.0,1.0,1.0,0.0,9.4,9.4,1.0,0.0,0.0,1.0,1.0,0.0,0.0,0.0,0.0,1.0,0.0,0.0,1.0,1.0,0.0,0.0,0.0,0.0,,,,,,,,,,,,,,,,4.0,0.625,0.0,0.8,4.0,0.0,5.0,5.0,0.0,0.8,0.8,0.625,1.0,1.0,2.0,1.0,0.25,1.0,0.125,1.0,1.0,1.0,0.125,1.25,2.0,1.0,0.0,0.0,1.0,1.0,0.0,0.125,1.5,1.0,,0.125,1.0,1.0,1.0,2.0,1.0,1.5,2.0,2.0,6.0,2.0,0.0,0.0,0.0,0.0,0.0,1.0,0.0,0.0,0.0,0.0,0.0,0.0,0.0,0.0,0.0,0.0,0.0,2.0,0.0,0.0,0.0,0.0,0.0,0.0,2.0,0.0,0.0,1.0,6.0,0.0,0.0,0.833,5.0,56.0,0.402,G,0.718,0.624,78.0,0.094,,0.0,0.0,2.0,0.0,1.0,2.0,0.0,0.0,0.0,5.0,0.0,,,0.833,0.0,0.0,0.0,0.0,0.0,0.0,0.0,0.0,0.0,DAL,0.0,0.0,6.0,0.0,,0.0,,0.0,0.0,2025,22401178,1.0,8.0,13.0,0.615,0.401,0.215,0.308,2.0,4.0,0.5,0.335,0.165,0.692,6.0,9.0,0.667,0.471,0.195,0.462,5.0,6.0,0.833,0.549,0.285,0.538,6.0,7.0,0.857,0.506,0.351,0.385,2.0,5.0,0.4,0.343,0.057,3.0,3.0,0.0,2.0,0.0,0.0,0.0,2.0,1.0,3.0,0.667,0.333,0.0,0.0,0.0,0.0,0.0,0.0,0.0,0.0,0.0,47.0,0.0,0.0,0.0,0.0,0.0,0.0,0.0,0.0,0.0,0.0,0.0,0.0,0.0,0.0,0.0,0.0,0.0,22.27,9305.0,1.76,0.94,0.82,4.53,4.17,4.4,,,,DAL,TOR,20250411,2024-25,False,DAL,TOR,,,13.0,0.401,8.0,0.615,0.214,,0.0,0.0,0.0,0.0,1.0,1.0,0.0,0.0,1.0,0.0,0.0,1.0,1.0,9.4,0.0,9.4,0.0,0.0,1.0,1.0,1.0,0.0,1.0,1.0,0.0,DAL,0.0,0.0,0.94,0.82,4.53,4.17,1.76,4.4,22.27,9305.0,Brandon Williams,1610612742.0,DAL,G,25.0,1.0,1.0,Brandon Williams,1610612742.0,DAL,G,25.0,1.0,1.0,Brandon Williams,1610612742.0,DAL,G,25.0,1.0,1.0,Brandon Williams,1610612742.0,DAL,G,25.0,1.0,1.0,Brandon Williams,1610612742.0,DAL,G,25.0,1.0,1.0,Brandon Williams,1610612742.0,DAL,G,25.0,1.0,1.0,Brandon Williams,1610612742.0,DAL,25.0,1.0,22.3,Brandon Williams,1610612742.0,DAL,1.0,1.0,0.0,22.3,Brandon Williams,1610612742.0,DAL,1.0,1.0,0.0,22.27,,,,
1630314,Brandon Williams,Brandon,1610612742,DAL,24.0,1,1,0,1.0,1.1,0,1,0.0,0,0,0.0,0,0,0.0,0,0,0,0,0,0,0,0,0,0,0,-5,0.0,0,0,0.0,1,1,1,1,232,189,199,189,131,190,131,123,132,123,128,188,198,169,152,108,87,1,1,165,194,158,218,28,1,219,,0.0,1.0,0.0,166.7,42,127,228,232,228,0.0,0.0,1,90.91,1,189,232,-166.7,-266.0,228,189,169,0.0,266.0,42,0.0,229,232,166.7,228,0.0,84.65,2,0.0,188,109.09,199,109.09,-166.7,0.0,2,0.0,0.0,0.0,0.0,0.5,-0.25,198,169,229,128,231,0.0,194,231,0.5,2,0.0,3.0,0.0,2.0,0.0,0.0,0.0,0.0,0.0,0.0,0.0,0.0,0.0,0.0,0.0,0.0,0.0,0.0,0.0,0.0,0.0,0.0,1.0,0.0,1.0,0.0,0.0,0.0,10.5,0.0,0.0,0.0,4.0,0.0,0.0,1.0,0.6,0.0,8.63,,,,,,,,,,,,,,,,,,,,,,,,,0.0,0.0,1.0,0.0,1.0,0.0,0.0,1.0,1.0,0.0,,1.0,0.0,0.0,,,,,,,,,,,,,,,,,,,,,,,,,,,,,,,,,,,,,,,,,0.0,,,,,0.0,0.0,0.0,0.0,0.0,0.0,0.0,0.0,0.0,0.0,0.0,0.0,,0.0,0.0,,,0.0,,,0.0,,,,0.0,0.0,,0.0,,,1.0,,0.0,0.0,0.0,,,,,,,,,0.0,,,,,,,,,0.0,0.0,,,0.0,0.0,,0.0,0.0,,0.0,,,,DAL,,,1.0,0.0,,0.0,,,,2025,22400110,,,,,,,,,,,,,,,,,,,,,,,,,,,,,,,,,,,,,,,,,,,,,,,,,,,,,,,,,,4.0,0.0,0.0,0.0,0.0,0.0,0.0,0.0,0.0,0.0,0.0,0.0,0.0,0.0,0.0,0.0,0.0,0.0,1.1,457.0,0.09,0.06,0.03,4.78,7.58,0.0,,,,DAL,UTA,20241028,2024-25,False,DAL,UTA,DAL,1610612742.0,,,,,,,,,,,,,,,,,,,,,,,,,,,,,,,,,,,,,,,,,,,,,,,,,,,,,,,,,,,,,,,,,,,,,,,,,,,,,,,,,,,,,,,,,,,Brandon Williams,1610612742.0,DAL,1.0,1.0,0.0,1.1,Brandon Williams,1610612742.0,DAL,1.0,1.0,0.0,1.1,,,,
1630314,Brandon Williams,Brandon,1610612742,DAL,25.0,1,0,1,0.0,7.0,0,2,0.0,0,0,0.0,0,2,0.0,1,3,4,0,1,0,1,1,1,1,0,-2,6.8,0,0,6.0,1,153,153,153,279,275,270,275,172,250,172,155,82,155,96,127,131,241,110,149,28,194,73,133,281,166,265,32,2,266,,126.7,2.0,0.0,140.0,96,172,293,18,58,0.0,0.5,282,85.71,279,275,217,-13.3,-16.8,108,275,241,25.0,133.2,96,0.267,281,269,140.0,58,126.7,109.99,148,25.8,4,102.86,270,102.86,-13.3,0.0,15,0.111,116.4,0.0,0.0,0.19,-0.052,9,241,281,43,201,0.0,281,201,0.191,141,0.0,6.0,0.0,11.0,0.0,1.0,0.0,0.0,0.0,0.0,3.0,0.0,0.0,0.6,0.0,2.0,0.0,0.0,0.2,0.0,1.0,0.0,1.0,0.0,5.0,0.0,1.0,0.0,3.57,0.0,0.0,0.0,14.0,0.0,0.0,7.0,0.9,0.0,3.77,0.667,0.667,0.75,3.0,7.1,8.9,4.0,1.0,1.0,1.0,0.8,0.5,0.0,0.333,0.5,6.0,2.0,14.5,0.75,2.0,0.0,1.0,0.0,2.0,,,,,,,,,,,,,,,,0.0,1.0,0.0,0.0,0.0,0.0,2.0,2.0,0.0,0.0,0.0,1.0,,,,,,,,,,,,,,,,,,,,,,,,,,,,0.0,,,,,0.0,0.0,0.0,0.0,0.0,0.0,0.0,0.0,0.0,0.0,0.0,0.0,,1.0,,0.0,0.0,,0.0,0.0,,0.0,0.0,,0.0,0.0,0.0,0.0,0.0,0.0,1.0,,0.0,0.0,0.0,57.0,0.408,G,0.713,0.625,80.0,0.088,,0.0,,0.0,,0.0,0.0,,,0.0,0.0,0.0,,,0.0,0.0,,0.0,1.0,,0.0,0.0,0.0,,DAL,,,1.0,0.0,,0.0,,,,2025,22401194,1.0,1.0,2.0,0.5,0.483,0.017,,,,,,,1.0,1.0,2.0,0.5,0.575,-0.075,1.0,1.0,2.0,0.5,0.616,-0.116,1.0,1.0,2.0,0.5,0.599,-0.099,,,,,,,1.0,1.0,0.0,0.0,0.0,0.0,0.0,0.0,0.0,0.0,0.0,0.0,0.0,2.0,2.0,2.0,1.0,0.0,1.0,1.0,0.5,14.0,0.0,0.0,0.0,0.0,0.0,0.0,0.0,0.0,0.0,0.0,0.0,0.0,0.0,0.0,0.0,0.0,0.0,7.0,3059.0,0.58,0.34,0.24,4.89,4.3,3.79,,,,MEM,DAL,20250413,2024-25,False,DAL,MEM,,,2.0,0.49,1.0,0.5,0.011,,0.0,3.0,1.0,0.5,1.0,0.75,2.0,2.0,4.0,0.333,1.0,2.0,0.75,8.9,0.0,7.1,0.5,14.5,0.667,4.0,0.8,0.0,3.0,6.0,0.667,DAL,1.0,1.0,0.34,0.24,4.89,4.3,0.58,3.79,7.0,3059.0,Brandon Williams,1610612742.0,DAL,G,25.0,1.0,1.0,,,,,,,,Brandon Williams,1610612742.0,DAL,G,25.0,1.0,1.0,Brandon Williams,1610612742.0,DAL,G,25.0,1.0,1.0,Brandon Williams,1610612742.0,DAL,G,25.0,1.0,1.0,,,,,,,,Brandon Williams,1610612742.0,DAL,25.0,1.0,7.0,Brandon Williams,1610612742.0,DAL,1.0,0.0,1.0,7.0,Brandon Williams,1610612742.0,DAL,1.0,0.0,1.0,7.0,,,,
1630314,Brandon Williams,Brandon,1610612742,DAL,25.0,1,1,0,1.0,27.036666666666665,6,10,0.6,1,1,1.0,1,1,1.0,1,2,3,6,4,2,0,1,3,3,14,21,28.6,0,0,28.0,1,1,1,1,71,35,50,44,61,119,1,63,79,1,42,86,77,15,7,10,44,132,126,23,55,9,49,18,2,50,,129.1,10.0,1.5,94.3,150,40,37,138,35,0.316,0.065,149,79.89,149,35,17,34.8,34.7,34,60,21,20.0,94.1,150,0.06,31,20,94.3,35,129.1,96.15,39,19.6,125,95.87,50,95.87,34.8,30.0,55,0.053,128.7,0.65,0.67,0.233,0.141,106,39,31,58,21,6.0,59,21,0.248,46,16.0,35.0,7.0,30.0,0.2,7.0,0.0,1.0,0.233,0.0,7.0,0.0,4.0,0.636,0.0,0.0,0.0,0.0,0.0,2.0,0.0,0.182,1.0,0.0,11.0,0.364,1.0,14.0,6.89,0.298,0.0,1.0,47.0,0.0,0.0,15.0,5.4,0.0,6.85,0.0,0.333,0.286,2.0,4.5,5.0,7.0,0.0,2.0,2.0,0.429,0.5,0.0,0.5,0.0,9.0,0.0,6.1,0.4,3.0,0.0,1.0,2.0,0.0,0.0,0.0,0.2,1.0,1.0,1.0,0.5,2.0,0.2,0.5,,2.0,0.5,0.0,,2.0,0.4,0.0,0.5,2.0,0.0,4.0,4.0,0.0,0.5,0.5,0.4,1.0,0.0,2.0,0.5,0.2,2.0,0.0,0.0,,0.5,0.2,0.5,1.0,2.0,1.0,1.0,1.0,1.0,0.1,0.1,1.25,1.0,1.0,0.2,1.0,2.0,0.5,2.0,,0.5,0.0,0.0,2.0,1.0,0.0,0.0,0.0,1.0,0.0,0.65,0.0,0.0,3.0,0.0,0.0,2.0,0.0,2.0,0.0,0.0,0.0,1.0,0.0,0.5,0.0,0.0,0.0,0.0,1.0,0.0,1.0,1.0,5.0,0.0,0.0,0.8,4.0,50.0,0.391,G,0.735,0.631,68.0,0.104,,1.0,1.0,1.0,0.0,1.0,1.0,0.0,0.0,2.0,4.0,1.0,,,0.8,0.0,0.0,1.0,0.0,0.0,0.0,0.0,0.0,0.0,DAL,0.0,0.0,5.0,1.0,1.5,1.0,1.0,1.0,1.0,2025,22401060,1.0,7.0,16.0,0.438,0.44,-0.003,0.438,1.0,7.0,0.143,0.326,-0.183,0.563,6.0,9.0,0.667,0.512,0.155,0.25,4.0,4.0,1.0,0.632,0.369,0.438,5.0,7.0,0.714,0.567,0.148,0.5,1.0,8.0,0.125,0.336,-0.211,5.0,3.0,2.0,6.0,0.0,0.0,0.0,1.0,1.0,2.0,0.5,0.5,0.0,0.0,0.0,0.0,0.0,0.0,0.0,0.0,0.0,47.0,0.0,0.0,0.0,0.0,0.0,0.0,0.0,0.0,0.0,0.0,0.0,0.0,0.0,0.0,0.0,0.0,0.0,27.03,11172.0,2.12,1.14,0.97,4.28,4.5,4.05,,,,ORL,DAL,20250327,2024-25,False,DAL,ORL,DAL,,16.0,0.442,7.0,0.438,-0.005,,0.0,2.0,1.0,0.5,2.0,0.4,0.0,0.0,3.0,0.5,2.0,3.0,0.286,5.0,0.0,4.5,0.0,6.1,0.333,7.0,0.429,2.0,2.0,9.0,0.0,DAL,0.0,1.0,1.14,0.97,4.28,4.5,2.12,4.05,27.03,11172.0,Brandon Williams,1610612742.0,DAL,G,25.0,1.0,1.0,Brandon Williams,1610612742.0,DAL,G,25.0,1.0,1.0,Brandon Williams,1610612742.0,DAL,G,25.0,1.0,1.0,Brandon Williams,1610612742.0,DAL,G,25.0,1.0,1.0,Brandon Williams,1610612742.0,DAL,G,25.0,1.0,1.0,Brandon Williams,1610612742.0,DAL,G,25.0,1.0,1.0,Brandon Williams,1610612742.0,DAL,25.0,1.0,27.0,Brandon Williams,1610612742.0,DAL,1.0,1.0,0.0,27.0,Brandon Williams,1610612742.0,DAL,1.0,1.0,0.0,27.03,,,,
1630314,Brandon Williams,Brandon,1610612742,DAL,25.0,1,0,1,0.0,34.166666666666664,7,15,0.467,0,4,0.0,0,0,0.0,0,5,5,8,3,2,0,1,2,1,14,-16,35.0,0,0,31.0,1,80,80,80,35,32,30,73,95,59,95,81,85,81,79,35,51,7,13,6,53,103,80,66,50,141,38,20,2,43,,105.3,15.0,2.67,123.1,20,23,81,17,117,0.308,0.172,110,90.15,110,32,124,-17.8,-23.4,123,99,17,11.5,125.3,20,0.072,105,118,123.1,117,105.3,108.96,44,11.5,42,108.18,30,108.18,-17.8,30.8,76,0.0,101.9,0.467,0.467,0.222,0.084,83,26,105,79,119,7.0,108,119,0.224,42,19.0,59.0,12.0,57.0,0.14,10.0,0.0,4.0,0.211,2.0,4.0,0.667,1.0,0.571,0.571,0.0,4.0,0.0,0.0,0.0,0.0,0.0,3.0,0.0,7.0,0.143,2.0,14.0,4.31,0.187,0.0,2.0,75.0,1.0,0.0,23.0,5.5,0.0,4.42,0.4,0.5,0.833,4.0,8.8,8.8,6.0,0.0,0.0,3.0,0.5,0.0,0.0,0.0,0.4,10.0,2.0,0.0,0.833,3.0,0.0,0.0,0.0,2.0,0.0,0.0,0.133,1.0,1.0,1.0,0.5,2.0,0.133,0.5,,2.0,0.5,0.0,,5.0,0.533,0.0,0.625,5.0,0.0,8.0,8.0,0.0,0.625,0.625,0.533,1.0,0.0,3.0,1.0,0.2,1.0,0.133,2.0,0.0,0.333,0.067,0.333,1.0,2.0,0.0,0.0,2.0,0.0,0.0,0.133,0.0,0.0,,0.133,0.0,0.0,0.333,3.0,0.0,0.333,0.0,2.0,2.0,1.0,0.0,0.0,2.0,0.0,0.0,0.467,0.0,1.0,0.0,0.0,1.0,5.0,0.0,2.0,0.0,0.0,0.0,2.0,1.0,1.0,0.0,0.0,2.0,0.4,0.0,0.0,2.0,0.0,4.0,0.0,1.0,0.75,3.0,15.0,0.315,G,0.652,0.624,23.0,0.028,,1.0,1.0,2.0,0.0,0.0,0.0,1.0,0.0,5.0,3.0,0.0,,,0.75,1.0,1.0,0.0,1.0,0.0,1.0,2.0,0.4,0.0,DAL,0.0,1.0,4.0,2.0,0.0,0.0,0.0,0.0,2.0,2025,22400897,1.0,11.0,16.0,0.688,0.495,0.192,0.313,2.0,5.0,0.4,0.307,0.093,0.688,9.0,11.0,0.818,0.598,0.22,0.438,6.0,7.0,0.857,0.662,0.195,0.563,7.0,9.0,0.778,0.653,0.125,0.438,4.0,7.0,0.571,0.35,0.221,3.0,2.0,1.0,5.0,0.0,0.0,0.0,1.0,1.0,2.0,0.5,0.5,0.0,0.0,0.0,0.0,0.0,0.0,0.0,0.0,0.0,75.0,0.0,0.0,0.0,0.0,0.0,0.0,0.0,0.0,0.0,0.0,0.0,0.0,0.0,0.0,0.0,0.0,0.0,34.17,14512.0,2.75,1.39,1.35,4.5,4.98,4.39,,,,MIL,DAL,20250305,2024-25,False,DAL,MIL,DAL,1610612742.0,,,,,,,,,,,,,,,,,,,,,,,,,,,,,,,,,,,,,,,,,,,Brandon Williams,1610612742.0,DAL,G,25.0,1.0,1.0,Brandon Williams,1610612742.0,DAL,G,25.0,1.0,1.0,Brandon Williams,1610612742.0,DAL,G,25.0,1.0,1.0,Brandon Williams,1610612742.0,DAL,G,25.0,1.0,1.0,Brandon Williams,1610612742.0,DAL,G,25.0,1.0,1.0,Brandon Williams,1610612742.0,DAL,G,25.0,1.0,1.0,Brandon Williams,1610612742.0,DAL,25.0,1.0,34.2,Brandon Williams,1610612742.0,DAL,1.0,0.0,1.0,34.2,Brandon Williams,1610612742.0,DAL,1.0,0.0,1.0,34.17,,,,
1630314,Brandon Williams,Brandon,1610612742,DAL,25.0,1,0,1,0.0,28.2,6,12,0.5,2,5,0.4,5,6,0.833,0,3,3,6,1,2,0,1,2,6,19,4,36.6,0,0,34.0,1,95,95,95,75,42,48,63,33,49,53,12,13,37,101,73,95,20,73,17,54,129,98,8,36,62,36,17,1,37,,116.1,12.0,6.0,109.7,49,3,45,38,64,0.286,0.1,71,87.94,71,42,84,6.5,3.0,85,72,29,4.8,109.0,49,0.054,88,89,109.7,64,116.1,107.81,45,4.6,107,105.53,48,105.53,6.5,28.6,62,0.0,112.0,0.583,0.649,0.227,0.15,135,32,88,101,69,6.0,62,69,0.232,42,14.0,43.0,6.0,49.0,0.122,9.0,0.0,0.0,0.122,3.0,9.0,1.0,4.0,0.692,0.462,0.0,6.0,0.0,0.0,0.0,0.0,0.0,3.0,0.0,13.0,0.308,0.0,19.0,3.78,0.292,0.0,0.0,65.0,0.0,0.0,22.0,4.4,0.0,4.04,0.333,0.3,0.375,2.0,4.3,4.3,8.0,0.0,3.0,2.0,0.429,0.0,0.0,0.0,0.333,10.0,1.0,0.0,0.6,2.0,0.0,0.0,3.0,1.0,0.0,0.0,0.167,1.0,1.0,1.0,0.5,2.0,0.167,0.5,,2.0,0.5,0.0,,3.0,0.333,0.0,0.75,3.0,0.0,4.0,4.0,0.0,0.75,0.75,0.333,0.0,1.0,3.0,0.0,0.25,1.0,0.167,2.0,0.5,0.333,0.083,0.5,1.0,3.0,0.0,0.0,3.0,0.333,0.0,0.25,0.5,0.333,,0.25,1.0,1.0,0.0,3.0,0.0,0.0,0.0,3.0,0.0,0.0,0.0,0.0,0.0,0.667,0.0,0.583,0.0,0.0,6.0,1.0,0.0,0.0,0.0,1.0,1.0,0.0,0.5,3.0,0.0,0.0,2.0,0.0,0.0,0.0,1.0,0.5,0.0,0.333,6.0,0.0,2.0,0.667,4.0,29.0,0.369,G,0.707,0.633,41.0,0.075,,3.0,0.0,2.0,,0.0,0.0,0.0,0.0,0.0,4.0,2.0,,,0.667,0.0,0.0,0.667,1.0,,0.0,0.0,0.0,0.0,DAL,,0.0,6.0,3.0,1.0,2.0,1.0,2.0,2.0,2025,22400951,1.0,5.0,12.0,0.417,0.463,-0.047,0.25,0.0,3.0,0.0,0.346,-0.346,0.75,5.0,9.0,0.556,0.563,-0.008,0.583,5.0,7.0,0.714,0.623,0.092,0.75,5.0,9.0,0.556,0.582,-0.026,0.25,0.0,3.0,0.0,0.379,-0.379,5.0,2.0,3.0,4.0,0.0,0.0,0.0,0.0,0.0,0.0,0.0,0.0,0.0,1.0,1.0,1.0,0.0,0.0,1.0,1.0,0.0,65.0,0.0,0.0,0.0,0.0,0.0,0.0,0.0,0.0,0.0,0.0,0.0,0.0,0.0,0.0,0.0,0.0,0.0,28.2,12146.0,2.3,1.21,1.09,4.56,4.65,4.47,,,,SAS,DAL,20250312,2024-25,False,DAL,SAS,DAL,1610612742.0,,,,,,,,,,,,,,,,,,,,,,,,,,,,,,,,,,,,,,,,,,,Brandon Williams,1610612742.0,DAL,G,25.0,1.0,1.0,Brandon Williams,1610612742.0,DAL,G,25.0,1.0,1.0,Brandon Williams,1610612742.0,DAL,G,25.0,1.0,1.0,Brandon Williams,1610612742.0,DAL,G,25.0,1.0,1.0,Brandon Williams,1610612742.0,DAL,G,25.0,1.0,1.0,Brandon Williams,1610612742.0,DAL,G,25.0,1.0,1.0,Brandon Williams,1610612742.0,DAL,25.0,1.0,28.2,Brandon Williams,1610612742.0,DAL,1.0,0.0,1.0,28.2,Brandon Williams,1610612742.0,DAL,1.0,0.0,1.0,28.2,,,,
1630314,Brandon Williams,Brandon,1610612742,DAL,25.0,1,1,0,1.0,19.183333333333334,6,10,0.6,1,2,0.5,2,2,1.0,3,2,5,4,1,1,0,1,1,1,15,8,29.0,0,0,27.0,1,1,1,1,113,34,50,40,52,93,22,37,46,1,9,91,52,31,59,31,45,123,49,63,44,33,48,16,1,56,,105.1,10.0,4.0,78.6,75,11,4,86,113,0.444,0.087,90,84.45,88,34,21,26.6,22.6,111,49,8,6.3,83.5,75,0.116,6,11,78.6,113,105.1,97.78,33,6.3,113,101.34,50,101.34,26.6,25.0,39,0.15,106.1,0.65,0.689,0.267,0.263,48,45,6,10,16,6.0,45,16,0.266,25,12.0,33.0,5.0,28.0,0.143,6.0,1.0,0.0,0.179,1.0,1.0,0.25,0.0,0.167,0.667,2.0,4.0,1.0,0.167,0.0,1.0,0.0,4.0,2.0,6.0,0.0,2.0,15.0,4.88,0.357,0.0,4.0,42.0,1.0,1.0,16.0,3.4,0.0,4.9,0.0,0.556,0.4,4.0,10.9,10.3,5.0,1.0,2.0,2.0,0.714,1.0,0.333,0.75,0.2,9.0,1.0,9.9,0.5,4.0,1.0,2.0,1.0,0.0,0.0,0.0,0.5,3.0,1.0,3.0,0.6,5.0,0.5,0.6,,5.0,0.6,0.0,,1.0,0.2,0.0,0.5,1.0,0.0,2.0,2.0,0.0,0.5,0.5,0.2,1.0,0.0,1.0,1.0,0.1,1.0,0.0,0.0,,1.0,0.1,1.0,1.0,2.0,0.0,0.0,2.0,0.5,0.0,0.2,0.75,0.5,,0.2,1.0,1.0,0.0,1.0,0.0,0.0,0.0,1.0,0.0,0.0,4.0,0.0,2.0,1.0,1.0,0.65,0.0,1.0,5.0,0.0,0.0,4.0,0.0,0.0,0.0,0.0,0.0,2.0,0.0,0.0,0.0,0.0,2.0,0.5,1.0,0.0,0.0,0.5,4.0,0.0,0.0,0.75,3.0,43.0,0.399,G,0.729,0.627,59.0,0.101,0.0,0.0,0.0,2.0,0.0,0.5,1.0,0.0,0.0,1.0,4.0,0.0,0.0,0.0,0.667,1.0,0.0,0.0,1.0,0.0,1.0,0.0,0.0,0.0,DAL,0.0,0.0,6.0,2.0,1.25,2.0,1.0,1.0,1.0,2025,22401040,1.0,4.0,8.0,0.5,0.448,0.052,0.125,0.0,1.0,0.0,0.314,-0.314,0.875,4.0,7.0,0.571,0.519,0.052,0.5,4.0,4.0,1.0,0.606,0.394,0.625,4.0,5.0,0.8,0.565,0.235,0.25,0.0,2.0,0.0,0.336,-0.336,1.0,1.0,0.0,1.0,0.0,0.0,0.0,1.0,0.0,1.0,1.0,0.0,0.0,0.0,0.0,0.0,0.0,0.0,0.0,0.0,0.0,42.0,0.0,0.0,0.0,0.0,0.0,0.0,0.0,0.0,0.0,0.0,0.0,0.0,0.0,0.0,0.0,0.0,0.0,19.18,8032.0,1.52,0.84,0.69,4.4,4.56,4.23,,,,BKN,DAL,20250324,2024-25,False,DAL,BKN,DAL,,8.0,0.451,4.0,0.5,0.049,,0.333,4.0,3.0,1.0,2.0,0.5,1.0,0.0,5.0,0.75,2.0,4.0,0.4,10.3,1.0,10.9,0.2,9.9,0.556,5.0,0.714,1.0,2.0,9.0,0.0,DAL,1.0,2.0,0.84,0.69,4.4,4.56,1.52,4.23,19.18,8032.0,Brandon Williams,1610612742.0,DAL,G,25.0,1.0,1.0,Brandon Williams,1610612742.0,DAL,G,25.0,1.0,1.0,Brandon Williams,1610612742.0,DAL,G,25.0,1.0,1.0,Brandon Williams,1610612742.0,DAL,G,25.0,1.0,1.0,Brandon Williams,1610612742.0,DAL,G,25.0,1.0,1.0,Brandon Williams,1610612742.0,DAL,G,25.0,1.0,1.0,Brandon Williams,1610612742.0,DAL,25.0,1.0,19.2,Brandon Williams,1610612742.0,DAL,1.0,1.0,0.0,19.2,Brandon Williams,1610612742.0,DAL,1.0,1.0,0.0,19.18,,,,
1630314,Brandon Williams,Brandon,1610612742,DAL,25.0,1,0,1,0.0,1.55,0,0,0.0,0,0,0.0,0,0,0.0,0,0,0,0,0,0,0,0,0,0,0,0,0.0,0,0,0.0,1,151,151,151,297,250,283,250,170,230,170,160,169,160,172,252,272,220,185,145,95,1,1,202,260,148,291,28,5,291,,0.0,0.0,0.0,0.0,303,153,249,298,299,0.0,0.0,1,64.52,1,250,146,0.0,0.0,299,250,220,0.0,0.0,303,0.0,1,1,0.0,299,0.0,61.94,287,0.0,252,77.42,283,77.42,0.0,0.0,3,0.0,0.0,0.0,0.0,0.0,0.0,272,220,1,172,148,0.0,260,148,0.0,287,0.0,2.0,0.0,1.0,0.0,0.0,0.0,0.0,0.0,0.0,0.0,0.0,0.0,0.0,0.0,0.0,0.0,0.0,0.0,0.0,0.0,0.0,0.0,0.0,0.0,0.0,0.0,0.0,4.0,0.0,0.0,0.0,2.0,0.0,0.0,1.0,0.1,0.0,4.16,,,,,,,,,,,,,,,,,,,,,,,,,,,,,,,,,,,,,,,,,,,,,,,,,,,,,,,,,,,,,,,,,,,,,,,,,,,,,,,0.0,,,,,0.0,0.0,0.0,0.0,0.0,0.0,0.0,0.0,0.0,0.0,0.0,0.0,,,0.0,0.0,0.0,0.0,0.0,0.0,0.0,0.0,0.0,,,,0.0,0.0,0.0,0.0,,,0.0,,,4.0,0.269,G,0.571,0.605,7.0,-0.033,,0.0,0.0,,,,,0.0,,,,0.0,,,,,,0.0,,,,,,,DAL,,0.0,,0.0,,0.0,,,,2025,22400635,1.0,0.0,1.0,0.0,0.369,-0.369,1.0,0.0,1.0,0.0,0.295,-0.295,,,,,,,,,,,,,,,,,,,1.0,0.0,1.0,0.0,0.295,-0.295,1.0,0.0,1.0,0.0,0.0,0.0,0.0,0.0,0.0,0.0,0.0,0.0,0.0,0.0,0.0,0.0,0.0,0.0,0.0,0.0,0.0,2.0,0.0,0.0,0.0,0.0,0.0,0.0,0.0,0.0,0.0,0.0,0.0,0.0,0.0,0.0,0.0,0.0,0.0,1.55,564.0,0.11,0.07,0.04,3.71,5.45,0.0,,,,DAL,BOS,20250125,2024-25,False,DAL,BOS,,,,,,,,,,,,,,,,,,,,,,,,,,,,,,,,,,,,,,,,,,,,,Brandon Williams,1610612742.0,DAL,G,25.0,1.0,1.0,Brandon Williams,1610612742.0,DAL,G,25.0,1.0,1.0,,,,,,,,,,,,,,,,,,,,,,Brandon Williams,1610612742.0,DAL,G,25.0,1.0,1.0,Brandon Williams,1610612742.0,DAL,25.0,1.0,1.6,Brandon Williams,1610612742.0,DAL,1.0,0.0,1.0,1.6,Brandon Williams,1610612742.0,DAL,1.0,0.0,1.0,1.55,,,,
1630314,Brandon Williams,Brandon,1610612742,DAL,25.0,1,0,1,0.0,20.08333333333333,4,9,0.444,2,4,0.5,3,4,0.75,1,2,3,2,1,0,0,2,1,3,13,8,18.6,0,0,20.0,1,97,97,97,113,68,72,99,37,61,30,23,23,63,57,98,96,73,55,88,69,168,50,31,61,38,105,14,1,90,,142.2,9.0,2.0,124.4,34,46,109,48,11,0.111,0.1,101,89.63,96,68,69,17.8,9.6,10,77,98,7.1,132.1,34,0.073,143,166,124.4,11,142.2,104.64,67,7.3,102,107.55,72,107.55,17.8,14.3,45,0.048,141.7,0.556,0.604,0.214,0.078,97,104,143,74,41,4.0,75,41,0.217,63,5.0,40.0,3.0,38.0,0.053,7.0,0.0,1.0,0.079,1.0,6.0,0.333,0.0,0.667,0.222,0.0,2.0,0.0,0.0,0.0,0.0,0.0,3.0,0.0,9.0,0.0,1.0,13.0,3.43,0.265,0.0,1.0,49.0,0.0,0.0,19.0,3.2,0.0,3.87,0.0,0.6,0.667,2.0,8.4,8.4,3.0,0.0,0.0,2.0,0.6,0.5,0.0,0.5,0.0,5.0,0.0,8.4,0.667,3.0,0.0,1.0,0.0,0.0,0.0,0.0,0.111,0.0,1.0,0.0,0.0,1.0,0.111,0.0,,1.0,0.0,0.0,0.0,2.0,0.556,0.111,0.4,2.0,0.0,4.0,5.0,1.0,0.5,0.4,0.444,,,,,,,,,,,,,,3.0,0.0,0.0,3.0,0.667,0.0,0.333,1.0,0.667,,0.333,2.0,2.0,0.0,3.0,0.0,0.0,0.0,2.0,0.0,0.0,0.0,0.0,0.0,1.0,0.0,0.556,0.0,0.0,6.0,0.0,0.0,1.0,0.0,0.0,0.0,0.0,0.0,4.0,0.0,0.0,0.0,0.0,0.0,0.0,2.0,0.0,0.0,0.5,4.0,0.0,0.0,0.5,2.0,2.0,0.263,G,0.4,0.536,5.0,-0.136,,1.0,0.0,2.0,0.0,1.0,2.0,0.0,0.0,1.0,2.0,0.0,,,0.5,0.0,1.0,0.0,0.0,0.0,0.0,0.0,0.0,0.0,DAL,0.0,0.0,4.0,2.0,1.5,2.0,1.0,2.0,2.0,2025,22400474,1.0,2.0,5.0,0.4,0.483,-0.083,0.8,2.0,4.0,0.5,0.404,0.096,0.2,0.0,1.0,0.0,0.562,-0.562,,,,,,,0.2,0.0,1.0,0.0,0.553,-0.553,0.8,2.0,4.0,0.5,0.401,0.099,3.0,1.0,2.0,3.0,0.0,0.0,0.0,1.0,0.0,1.0,1.0,0.0,0.0,0.0,0.0,0.0,0.0,0.0,0.0,0.0,0.0,49.0,0.0,0.0,0.0,0.0,0.0,0.0,0.0,0.0,0.0,0.0,0.0,0.0,0.0,0.0,0.0,0.0,0.0,20.08,8871.0,1.68,0.89,0.79,4.72,5.13,4.32,,,,DAL,CLE,20250103,2024-25,False,DAL,CLE,DAL,1610612742.0,,,,,,,,,,,,,,,,,,,,,,,,,,,,,,,,,,,,,,,,,,,Brandon Williams,1610612742.0,DAL,G,25.0,1.0,1.0,Brandon Williams,1610612742.0,DAL,G,25.0,1.0,1.0,Brandon Williams,1610612742.0,DAL,G,25.0,1.0,1.0,,,,,,,,Brandon Williams,1610612742.0,DAL,G,25.0,1.0,1.0,Brandon Williams,1610612742.0,DAL,G,25.0,1.0,1.0,Brandon Williams,1610612742.0,DAL,25.0,1.0,20.1,Brandon Williams,1610612742.0,DAL,1.0,0.0,1.0,20.1,Brandon Williams,1610612742.0,DAL,1.0,0.0,1.0,20.08,,,,
1630314,Brandon Williams,Brandon,1610612742,DAL,24.0,1,1,0,1.0,2.6333333333333333,0,0,0.0,0,0,0.0,0,0,0.0,0,0,0,0,0,0,0,0,0,0,0,0,0.0,0,0,0.0,1,1,1,1,122,111,117,111,71,98,71,70,73,70,68,106,112,90,82,69,43,1,1,92,114,63,121,12,2,121,,85.7,0.0,0.0,85.7,1,66,106,9,108,0.0,0.0,1,106.33,1,111,67,0.0,-2.8,100,111,90,0.0,93.2,1,0.0,18,27,85.7,108,85.7,119.21,120,0.0,106,127.59,117,127.59,0.0,0.0,7,0.0,90.4,0.0,0.0,0.0,0.0,112,90,18,68,64,0.0,114,64,0.0,120,0.0,1.0,0.0,2.0,0.0,0.0,0.0,0.0,0.0,0.0,0.0,0.0,0.0,0.0,0.0,0.0,0.0,0.0,0.0,0.0,0.0,0.0,0.0,0.0,0.0,0.0,0.0,0.0,3.0,0.0,0.0,0.0,2.0,0.0,0.0,0.0,0.1,0.0,3.8,,,,,,,,,,,,,,,,,,,,,,,,,,,,,,,,,,,,,,,,,,,,,,,,,,,,,,,,,,,,,,,,,,,,,,,,,,,,,,,0.0,,,,,0.0,0.0,0.0,0.0,0.0,0.0,0.0,0.0,0.0,0.0,0.0,0.0,,0.0,,0.0,0.0,,0.0,0.0,,0.0,0.0,,0.0,0.0,0.0,0.0,0.0,0.0,0.0,,0.0,0.0,0.0,1.0,0.4,G,0.5,0.222,2.0,0.278,0.0,0.0,0.0,0.0,0.0,0.0,0.0,0.0,,0.0,0.0,0.0,0.0,0.0,0.0,0.0,,0.0,0.0,0.0,0.0,0.0,0.0,,DAL,0.0,0.0,0.0,0.0,,0.0,,,,2025,22400024,,,,,,,,,,,,,,,,,,,,,,,,,,,,,,,,,,,,,,,,,,,,,,,,,,,,,,,,,,2.0,0.0,0.0,0.0,0.0,0.0,0.0,0.0,0.0,0.0,0.0,0.0,0.0,0.0,0.0,0.0,0.0,0.0,2.63,1178.0,0.22,0.12,0.11,3.94,3.99,3.89,,,,DAL,NOP,20241119,2024-25,False,DAL,NOP,,,,,,,,,,,,,,,,,,,,,,,,,,,,,,,,,,,,,,,,,,,,,,,,,,,,,,,,,,,,,,,,,,,,,,,,,,,,,,,,,,,,,,,,,,,,,Brandon Williams,1610612742.0,DAL,1.0,1.0,0.0,2.6,Brandon Williams,1610612742.0,DAL,1.0,1.0,0.0,2.63,,,,
1630314,Brandon Williams,Brandon,1610612742,DAL,25.0,1,0,1,0.0,5.283333333333333,0,3,0.0,0,1,0.0,0,0,0.0,0,0,0,0,1,0,0,1,0,0,0,1,-1.0,0,0,0.0,1,119,119,119,220,198,177,198,136,152,136,124,132,124,114,202,208,174,76,112,72,151,1,156,205,99,230,24,2,225,,108.3,3.0,0.0,100.0,26,119,228,8,131,0.0,0.0,211,90.85,209,198,116,8.3,0.9,164,198,174,25.0,100.0,26,0.0,66,68,100.0,131,108.3,113.02,35,25.0,202,109.02,177,109.02,8.3,0.0,12,0.0,100.9,0.0,0.0,0.267,-0.157,208,174,66,114,86,0.0,205,86,0.269,33,0.0,6.0,0.0,6.0,0.0,0.0,0.0,0.0,0.0,0.0,0.0,0.0,0.0,0.0,0.0,0.0,0.0,0.0,0.0,0.0,0.0,0.0,2.0,0.0,2.0,0.0,0.0,0.0,2.82,0.0,0.0,0.0,11.0,0.0,0.0,5.0,0.7,0.0,4.03,,,,,,,,,,,,,,,,,,,,,,,,,,,,,,,,,,,,,,,,0.0,0.667,0.0,0.0,0.0,0.0,2.0,2.0,0.0,0.0,0.0,0.667,,,,,,,,,,,,,,1.0,0.0,0.0,1.0,0.0,0.0,0.333,0.0,0.0,,0.333,0.0,0.0,,0.0,,,0.0,0.0,0.0,0.0,0.0,0.0,0.0,0.0,0.0,0.0,0.0,0.0,0.0,0.0,,0.0,0.0,0.0,0.0,0.0,0.0,0.0,0.0,0.0,1.0,,0.0,0.0,0.0,0.0,0.0,0.0,2.0,,1.0,0.0,0.0,4.0,0.304,G,0.571,0.6,7.0,-0.029,,1.0,0.0,0.0,,0.0,0.0,0.0,,0.0,0.0,0.0,,,0.0,0.0,,0.0,0.0,,0.0,0.0,0.0,,DAL,,0.0,2.0,1.0,0.0,0.0,0.0,0.0,1.0,2025,22400566,1.0,1.0,2.0,0.5,0.428,0.072,0.5,0.0,1.0,0.0,0.376,-0.376,0.5,1.0,1.0,1.0,0.556,0.444,0.5,1.0,1.0,1.0,0.672,0.328,0.5,1.0,1.0,1.0,0.606,0.394,0.5,0.0,1.0,0.0,0.381,-0.381,,,,,,,,,,,,,,,,,,,,,,11.0,0.0,0.0,0.0,0.0,0.0,0.0,0.0,0.0,0.0,0.0,0.0,0.0,0.0,0.0,0.0,0.0,0.0,5.28,2392.0,0.45,0.24,0.21,5.49,4.09,4.73,,,,NOP,DAL,20250115,2024-25,False,DAL,NOP,,,,,,,,,,,,,,,,,,,,,,,,,,,,,,,,,,,,,,,,,,,,,Brandon Williams,1610612742.0,DAL,G,25.0,1.0,1.0,Brandon Williams,1610612742.0,DAL,G,25.0,1.0,1.0,Brandon Williams,1610612742.0,DAL,G,25.0,1.0,1.0,Brandon Williams,1610612742.0,DAL,G,25.0,1.0,1.0,Brandon Williams,1610612742.0,DAL,G,25.0,1.0,1.0,Brandon Williams,1610612742.0,DAL,G,25.0,1.0,1.0,,,,,,,Brandon Williams,1610612742.0,DAL,1.0,0.0,1.0,5.3,Brandon Williams,1610612742.0,DAL,1.0,0.0,1.0,5.28,,,,
1630314,Brandon Williams,Brandon,1610612742,DAL,24.0,1,1,0,1.0,5.766666666666667,0,3,0.0,0,2,0.0,2,3,0.667,0,1,1,1,0,0,0,0,1,1,2,-2,4.7,0,0,4.0,1,1,1,1,62,58,50,58,39,33,39,15,16,28,39,45,53,34,44,33,18,1,17,33,56,38,56,4,1,59,,53.8,3.0,0.0,69.2,5,31,70,3,65,0.5,0.111,1,90.17,1,58,53,-15.4,-18.6,67,58,2,0.0,71.2,5,0.059,11,11,69.2,65,53.8,108.04,9,0.0,31,108.21,50,108.21,-15.4,20.0,13,0.0,52.6,0.0,0.231,0.267,-1.0,47,22,11,39,51,0.0,58,51,0.282,12,3.0,8.0,1.0,7.0,0.143,2.0,0.0,0.0,0.143,0.0,2.0,0.0,1.0,0.667,0.0,0.0,0.0,0.0,0.0,0.0,0.0,0.0,1.0,0.0,3.0,0.333,0.0,2.0,5.0,0.167,0.0,0.0,12.0,0.0,0.0,7.0,1.0,0.0,4.98,0.0,0.5,1.0,1.0,4.9,4.9,1.0,0.0,0.0,1.0,0.5,0.0,0.0,0.0,0.0,2.0,0.0,0.0,1.0,1.0,0.0,0.0,0.0,0.0,,,,,,,,,,,,,,,,0.0,0.333,0.0,0.0,0.0,0.0,1.0,1.0,0.0,0.0,0.0,0.333,0.0,0.0,1.0,,0.333,0.0,0.333,1.0,0.0,0.0,0.0,0.0,0.0,1.0,0.0,0.0,1.0,0.0,0.0,0.333,0.0,0.0,,0.333,0.0,0.0,,0.0,,,0.0,0.0,0.0,0.0,0.0,0.0,0.0,0.0,0.0,0.0,0.0,0.0,0.0,0.0,0.0,0.0,0.0,0.0,0.0,0.0,0.0,2.0,0.0,0.0,0.0,0.0,0.0,0.0,0.0,0.0,0.0,0.0,1.0,0.0,0.0,0.0,0.0,0.0,0.5,G,0.0,0.0,1.0,0.0,,1.0,0.0,1.0,0.0,0.0,0.0,0.0,0.0,0.0,0.0,0.0,,,0.0,0.0,0.0,0.0,0.0,0.0,0.0,0.0,0.0,0.0,DAL,0.0,0.0,1.0,2.0,0.0,0.0,0.0,0.0,2.0,2025,22400153,1.0,0.0,2.0,0.0,0.384,-0.384,,,,,,,1.0,0.0,2.0,0.0,0.472,-0.472,0.5,0.0,1.0,0.0,0.571,-0.571,1.0,0.0,2.0,0.0,0.478,-0.478,,,,,,,,,,,,,,,,,,,,,,,,,,,,12.0,0.0,0.0,0.0,0.0,0.0,0.0,0.0,0.0,0.0,0.0,0.0,0.0,0.0,0.0,0.0,0.0,0.0,5.77,2478.0,0.47,0.26,0.21,4.72,5.46,3.92,,,,DAL,ORL,20241103,2024-25,False,DAL,ORL,,,,,,,,,,,,,,,,,,,,,,,,,,,,,,,,,,,,,,,,,,,,,Brandon Williams,1610612742.0,DAL,G,25.0,1.0,1.0,,,,,,,,Brandon Williams,1610612742.0,DAL,G,25.0,1.0,1.0,Brandon Williams,1610612742.0,DAL,G,25.0,1.0,1.0,Brandon Williams,1610612742.0,DAL,G,25.0,1.0,1.0,,,,,,,,,,,,,,Brandon Williams,1610612742.0,DAL,1.0,1.0,0.0,5.8,Brandon Williams,1610612742.0,DAL,1.0,1.0,0.0,5.77,,,,
1630314,Brandon Williams,Brandon,1610612742,DAL,25.0,1,0,1,0.0,18.3,2,4,0.5,2,3,0.667,0,0,0.0,0,1,1,1,1,1,0,0,0,0,6,-12,10.7,0,0,12.0,1,51,51,51,70,74,80,40,22,49,10,52,59,52,54,76,84,65,31,16,38,1,1,70,72,82,85,14,2,76,,90.2,4.0,1.0,122.5,38,38,68,45,86,0.091,0.05,87,88.52,87,74,85,-32.3,-27.2,86,23,67,16.7,120.6,38,0.022,60,54,122.5,86,90.2,105.29,83,16.7,81,106.23,80,106.23,-32.3,16.7,41,0.0,93.3,0.75,0.75,0.106,0.069,86,53,60,54,87,2.0,27,87,0.112,84,2.0,30.0,1.0,29.0,0.034,5.0,0.0,0.0,0.034,0.0,1.0,0.0,0.0,0.5,0.0,0.0,0.0,0.0,0.0,0.0,0.0,0.0,1.0,0.0,2.0,0.0,0.0,6.0,3.84,0.162,0.0,1.0,37.0,0.0,0.0,11.0,2.5,0.0,4.06,1.0,0.5,0.5,0.0,2.6,2.6,2.0,0.0,0.0,0.0,0.5,0.0,0.0,0.0,1.0,2.0,1.0,0.0,0.5,0.0,0.0,0.0,0.0,1.0,,,,,,,,,,,,,,,,0.0,0.25,0.0,0.0,0.0,0.0,1.0,1.0,0.0,0.0,0.0,0.25,,,,,,,,,,,,,,3.0,0.0,0.0,3.0,0.667,0.0,0.75,1.0,0.667,,0.75,2.0,2.0,0.0,1.0,0.0,0.0,0.0,1.0,0.0,0.0,0.0,0.0,0.0,1.0,0.0,0.75,0.0,0.0,6.0,0.0,,0.0,0.0,0.0,0.0,0.0,0.0,3.0,0.0,0.0,0.0,,0.0,0.0,2.0,0.0,0.0,0.667,1.0,,0.0,0.0,0.0,5.0,0.229,G,0.625,0.618,8.0,0.007,,0.0,0.0,3.0,0.0,0.667,2.0,0.0,,0.0,0.0,0.0,,,0.0,0.0,,0.0,0.0,0.0,0.0,0.0,0.0,,DAL,0.0,0.0,1.0,2.0,1.5,2.0,1.0,2.0,2.0,2025,22400696,1.0,4.0,7.0,0.571,0.443,0.129,0.714,3.0,5.0,0.6,0.38,0.22,0.286,1.0,2.0,0.5,0.555,-0.055,,,,,,,0.286,1.0,2.0,0.5,0.587,-0.087,0.714,3.0,5.0,0.6,0.382,0.218,4.0,1.0,3.0,3.0,0.0,0.0,0.0,0.0,0.0,0.0,0.0,0.0,0.0,0.0,0.0,0.0,0.0,0.0,0.0,0.0,0.0,37.0,0.0,0.0,0.0,0.0,0.0,0.0,0.0,0.0,0.0,0.0,0.0,0.0,0.0,0.0,0.0,0.0,0.0,18.3,7745.0,1.47,0.84,0.63,4.6,4.81,3.75,,,,CLE,DAL,20250202,2024-25,False,DAL,CLE,,,,,,,,,,,,,,,,,,,,,,,,,,,,,,,,,,,,,,,,,,,,,Brandon Williams,1610612742.0,DAL,G,25.0,1.0,1.0,Brandon Williams,1610612742.0,DAL,G,25.0,1.0,1.0,Brandon Williams,1610612742.0,DAL,G,25.0,1.0,1.0,,,,,,,,Brandon Williams,1610612742.0,DAL,G,25.0,1.0,1.0,Brandon Williams,1610612742.0,DAL,G,25.0,1.0,1.0,Brandon Williams,1610612742.0,DAL,25.0,1.0,18.3,Brandon Williams,1610612742.0,DAL,1.0,0.0,1.0,18.3,Brandon Williams,1610612742.0,DAL,1.0,0.0,1.0,18.3,,,,
1630314,Brandon Williams,Brandon,1610612742,DAL,25.0,1,1,0,1.0,14.986666666666666,4,6,0.667,2,3,0.667,2,2,1.0,0,1,1,0,0,2,1,1,0,2,12,9,22.2,0,0,21.0,1,1,1,1,234,132,181,36,60,137,23,87,101,1,180,211,244,232,198,21,43,190,1,86,127,63,151,32,3,152,,115.6,6.0,0.0,87.5,164,165,12,175,120,0.0,0.053,1,85.41,1,132,20,28.1,35.3,88,25,232,0.0,85.0,164,0.03,28,26,87.5,120,115.6,102.04,105,0.0,235,102.49,181,102.49,28.1,0.0,32,0.0,120.3,0.833,0.872,0.206,0.231,257,232,28,180,37,4.0,23,37,0.217,111,0.0,18.0,0.0,15.0,0.0,2.0,0.0,0.0,0.0,2.0,1.0,1.0,0.0,0.25,1.5,2.0,6.0,1.0,0.25,0.0,1.0,0.0,2.0,2.0,4.0,0.0,0.0,12.0,4.04,0.5,0.0,0.0,24.0,0.0,0.0,10.0,1.6,0.0,4.01,0.0,0.25,0.333,1.0,21.7,21.7,3.0,0.0,0.0,1.0,0.25,0.0,0.0,0.0,0.0,4.0,0.0,0.0,0.333,1.0,0.0,0.0,0.0,0.0,0.0,0.0,0.167,1.0,1.0,1.0,1.0,1.0,0.167,1.0,,1.0,1.0,0.0,,1.0,0.333,0.0,0.5,1.0,0.0,2.0,2.0,0.0,0.5,0.5,0.333,0.0,1.0,1.0,,0.167,0.0,0.167,1.0,1.0,1.0,0.0,1.5,1.0,2.0,0.0,0.0,2.0,0.5,0.0,0.333,0.75,0.5,,0.333,1.0,1.0,1.0,1.0,1.0,1.5,1.0,1.0,3.0,1.0,0.0,0.0,0.0,0.5,0.0,0.833,0.0,0.0,3.0,1.0,0.0,0.0,1.0,1.0,0.0,0.5,0.0,1.0,2.0,0.0,0.0,0.0,0.0,0.0,1.0,0.5,0.0,1.0,2.0,0.0,2.0,1.0,2.0,6.0,0.268,G,0.545,0.621,11.0,-0.075,,2.0,,1.0,0.0,1.0,1.0,,0.0,1.0,2.0,1.0,,,1.0,0.0,0.0,0.5,0.0,0.0,0.0,0.0,0.0,0.0,DAL,0.0,,2.0,2.0,0.75,1.0,0.5,1.0,2.0,2025,22400782,1.0,1.0,6.0,0.167,0.464,-0.298,0.5,0.0,3.0,0.0,0.382,-0.382,0.5,1.0,3.0,0.333,0.529,-0.196,0.5,1.0,3.0,0.333,0.598,-0.265,0.5,1.0,3.0,0.333,0.567,-0.234,0.5,0.0,3.0,0.0,0.382,-0.382,1.0,1.0,0.0,3.0,0.0,0.0,0.0,0.0,0.0,0.0,0.0,0.0,0.0,0.0,0.0,0.0,0.0,0.0,0.0,0.0,0.0,24.0,0.0,0.0,0.0,0.0,0.0,0.0,0.0,0.0,0.0,0.0,0.0,0.0,0.0,0.0,0.0,0.0,0.0,14.98,6339.0,1.2,0.61,0.59,4.5,4.79,4.24,,,,DAL,GSW,20250212,2024-25,False,DAL,GSW,DAL,1610612742.0,,,,,,,,,,,,,,,,,,,,,,,,,,,,,,,,,,,,,,,,,,,Brandon Williams,1610612742.0,DAL,G,25.0,1.0,1.0,Brandon Williams,1610612742.0,DAL,G,25.0,1.0,1.0,Brandon Williams,1610612742.0,DAL,G,25.0,1.0,1.0,Brandon Williams,1610612742.0,DAL,G,25.0,1.0,1.0,Brandon Williams,1610612742.0,DAL,G,25.0,1.0,1.0,Brandon Williams,1610612742.0,DAL,G,25.0,1.0,1.0,Brandon Williams,1610612742.0,DAL,25.0,1.0,15.0,Brandon Williams,1610612742.0,DAL,1.0,1.0,0.0,15.0,Brandon Williams,1610612742.0,DAL,1.0,1.0,0.0,14.98,,,,
1630314,Brandon Williams,Brandon,1610612742,DAL,25.0,1,1,0,1.0,15.931666666666668,3,8,0.375,0,1,0.0,6,6,1.0,0,1,1,3,1,1,0,0,0,4,12,7,19.7,0,0,18.0,1,1,1,1,114,78,74,90,89,106,89,10,14,1,80,106,120,43,38,22,42,1,1,17,63,38,81,12,1,86,,105.3,8.0,3.0,89.2,10,21,17,6,101,0.25,0.056,84,94.15,82,78,38,16.1,18.9,103,105,32,6.7,89.3,10,0.029,23,21,89.2,101,105.3,111.36,10,6.8,119,112.98,74,112.98,16.1,20.0,38,0.0,108.2,0.375,0.564,0.308,0.191,133,64,23,80,40,3.0,68,40,0.307,10,7.0,27.0,5.0,25.0,0.12,6.0,0.0,2.0,0.2,2.0,4.0,0.5,1.0,0.4,0.8,4.0,8.0,1.0,0.2,0.0,2.0,0.0,4.0,4.0,10.0,0.1,0.0,12.0,6.55,0.316,0.0,0.0,38.0,0.0,0.0,5.0,4.1,0.0,6.46,0.0,0.333,0.5,1.0,3.1,3.1,2.0,0.0,0.0,1.0,0.333,0.0,0.0,0.0,0.0,3.0,0.0,0.0,0.5,1.0,0.0,0.0,0.0,0.0,,,,,,,,,,,,,,,,1.0,0.5,0.0,0.25,1.0,0.0,4.0,4.0,0.0,0.25,0.25,0.5,2.0,0.0,2.0,1.0,0.25,2.0,0.0,0.0,,1.0,0.25,1.0,2.0,2.0,0.0,1.0,1.0,0.0,0.125,0.125,0.0,0.0,0.0,0.25,0.0,0.0,0.0,2.0,0.0,0.0,0.0,1.0,0.0,0.0,0.0,0.0,0.0,0.0,0.0,0.375,0.0,0.0,0.0,0.0,0.0,0.0,0.0,1.0,0.0,0.0,0.0,1.0,0.0,0.0,0.0,0.0,0.0,0.0,0.0,0.0,0.0,0.0,6.0,0.0,0.0,0.5,3.0,51.0,0.398,G,0.708,0.626,72.0,0.082,0.0,0.0,1.0,1.0,0.0,0.0,0.0,0.0,0.0,0.0,3.0,0.0,0.0,0.0,0.5,0.0,0.0,0.0,0.0,0.0,0.0,0.0,0.0,0.0,DAL,0.0,0.0,6.0,0.0,,0.0,,0.0,0.0,2025,22401077,1.0,1.0,7.0,0.143,0.435,-0.292,0.429,0.0,3.0,0.0,0.342,-0.342,0.571,1.0,4.0,0.25,0.507,-0.257,0.571,1.0,4.0,0.25,0.567,-0.317,0.571,1.0,4.0,0.25,0.535,-0.285,0.429,0.0,3.0,0.0,0.341,-0.341,0.0,0.0,0.0,2.0,0.0,1.0,2.0,1.0,0.0,1.0,1.0,0.0,0.0,0.0,0.0,0.0,0.0,0.0,0.0,0.0,0.0,38.0,0.0,0.0,0.0,0.0,0.0,0.0,0.0,0.0,0.0,0.0,0.0,0.0,0.0,0.0,0.0,0.0,0.0,15.93,7398.0,1.4,0.74,0.66,4.79,4.59,5.01,,,,CHI,DAL,20250329,2024-25,False,DAL,CHI,,,7.0,0.432,1.0,0.143,-0.289,,0.0,1.0,0.0,0.0,1.0,0.5,0.0,0.0,1.0,0.0,0.0,1.0,0.5,3.1,0.0,3.1,0.0,0.0,0.333,2.0,0.333,0.0,1.0,3.0,0.0,DAL,0.0,0.0,0.74,0.66,4.79,4.59,1.4,5.01,15.93,7398.0,Brandon Williams,1610612742.0,DAL,G,25.0,1.0,1.0,Brandon Williams,1610612742.0,DAL,G,25.0,1.0,1.0,Brandon Williams,1610612742.0,DAL,G,25.0,1.0,1.0,Brandon Williams,1610612742.0,DAL,G,25.0,1.0,1.0,Brandon Williams,1610612742.0,DAL,G,25.0,1.0,1.0,Brandon Williams,1610612742.0,DAL,G,25.0,1.0,1.0,Brandon Williams,1610612742.0,DAL,25.0,1.0,15.9,Brandon Williams,1610612742.0,DAL,1.0,1.0,0.0,15.9,Brandon Williams,1610612742.0,DAL,1.0,1.0,0.0,15.93,,,,
1630314,Brandon Williams,Brandon,1610612742,DAL,25.0,1,0,1,0.0,26.0,11,14,0.786,2,4,0.5,1,1,1.0,0,4,4,2,1,1,0,0,2,2,25,-14,34.8,0,0,35.0,1,110,110,110,88,6,35,19,45,66,47,94,110,1,110,49,78,84,76,40,64,1,109,62,14,184,40,15,2,33,,101.8,14.0,2.0,134.6,144,31,11,167,154,0.167,0.16,99,82.31,99,6,176,-32.8,-26.9,141,25,73,5.9,133.3,144,0.074,182,181,134.6,154,101.8,97.07,40,5.7,72,98.77,35,98.77,-32.8,11.8,55,0.0,106.4,0.857,0.866,0.25,0.225,115,139,182,110,186,11.0,28,186,0.268,49,5.0,41.0,2.0,33.0,0.061,5.0,0.0,0.0,0.061,7.0,3.0,0.875,1.0,0.273,1.364,0.0,15.0,0.0,0.0,0.0,0.0,0.0,8.0,0.0,11.0,0.091,1.0,25.0,4.04,0.472,0.0,1.0,53.0,0.0,0.0,21.0,3.7,0.0,4.22,0.25,0.8,0.8,0.0,8.5,8.5,5.0,0.0,0.0,3.0,0.8,0.0,0.0,0.0,0.25,5.0,1.0,0.0,0.8,3.0,0.0,0.0,0.0,1.0,0.0,0.0,0.071,1.0,1.0,1.0,1.0,1.0,0.071,1.0,,1.0,1.0,0.0,,7.0,0.5,0.0,1.0,7.0,0.0,7.0,7.0,0.0,1.0,1.0,0.5,0.0,1.0,2.0,0.0,0.143,1.0,0.071,1.0,1.0,0.5,0.071,0.75,1.0,4.0,1.0,1.0,3.0,0.333,0.071,0.214,0.625,0.5,1.0,0.286,1.0,2.0,0.667,3.0,0.5,0.833,1.0,2.0,5.0,2.0,0.0,0.0,0.0,0.5,0.0,0.857,0.0,0.0,3.0,0.0,0.0,4.0,0.0,0.0,0.0,0.0,0.0,3.0,1.0,0.0,0.0,0.0,3.0,0.75,2.0,0.0,0.0,0.667,6.0,0.0,1.0,1.0,6.0,33.0,0.369,G,0.733,0.631,45.0,0.102,,2.0,0.0,2.0,,1.0,2.0,0.0,0.0,2.0,6.0,0.0,,,1.0,2.0,0.0,0.0,2.0,,1.0,1.0,0.5,0.0,DAL,,0.0,6.0,2.0,0.75,1.0,0.5,1.0,2.0,2025,22400961,1.0,8.0,11.0,0.727,0.444,0.283,0.182,1.0,2.0,0.5,0.37,0.131,0.818,7.0,9.0,0.778,0.515,0.263,0.364,4.0,4.0,1.0,0.576,0.424,0.727,7.0,8.0,0.875,0.549,0.326,0.182,1.0,2.0,0.5,0.375,0.126,4.0,3.0,1.0,0.0,0.0,1.0,2.0,0.0,1.0,1.0,0.0,1.0,0.0,0.0,0.0,0.0,0.0,0.0,0.0,0.0,0.0,53.0,0.0,0.0,0.0,0.0,0.0,0.0,0.0,0.0,0.0,0.0,0.0,0.0,0.0,0.0,0.0,0.0,0.0,26.0,11056.0,2.09,1.12,0.98,4.48,4.78,4.19,,,,HOU,DAL,20250314,2024-25,False,DAL,HOU,DAL,1610612742.0,,,,,,,,,,,,,,,,,,,,,,,,,,,,,,,,,,,,,,,,,,,Brandon Williams,1610612742.0,DAL,G,25.0,1.0,1.0,Brandon Williams,1610612742.0,DAL,G,25.0,1.0,1.0,Brandon Williams,1610612742.0,DAL,G,25.0,1.0,1.0,Brandon Williams,1610612742.0,DAL,G,25.0,1.0,1.0,Brandon Williams,1610612742.0,DAL,G,25.0,1.0,1.0,Brandon Williams,1610612742.0,DAL,G,25.0,1.0,1.0,Brandon Williams,1610612742.0,DAL,25.0,1.0,26.0,Brandon Williams,1610612742.0,DAL,1.0,0.0,1.0,26.0,Brandon Williams,1610612742.0,DAL,1.0,0.0,1.0,26.0,,,,
1630314,Brandon Williams,Brandon,1610612742,DAL,25.0,1,1,0,1.0,24.666666666666668,4,7,0.571,2,4,0.5,1,2,0.5,0,1,1,3,3,0,0,0,5,2,11,7,13.7,0,0,17.0,1,1,1,1,53,39,52,21,21,32,12,46,32,46,63,70,78,32,11,50,31,1,99,30,43,26,71,11,1,55,,117.6,7.0,1.0,106.0,68,29,79,59,31,0.143,0.031,91,81.89,91,39,32,11.6,9.5,43,17,49,21.4,104.5,68,0.017,37,32,106.0,31,117.6,100.57,51,21.6,87,98.27,52,98.27,11.6,21.4,51,0.0,114.0,0.714,0.698,0.19,0.029,89,34,37,63,25,4.0,22,25,0.192,50,6.0,28.0,4.0,33.0,0.091,4.0,0.0,1.0,0.121,1.0,1.0,1.0,1.0,0.333,0.667,0.0,2.0,0.0,0.0,0.0,0.0,0.0,1.0,0.0,3.0,0.333,0.0,11.0,2.69,0.244,0.0,1.0,45.0,0.0,0.0,22.0,2.5,0.0,3.39,1.0,0.125,0.2,3.0,2.1,2.1,5.0,1.0,2.0,0.0,0.167,0.0,0.0,0.0,1.0,8.0,1.0,0.0,0.25,0.0,0.0,0.0,1.0,1.0,,,,,,,,,,,,,,,,1.0,0.143,0.0,1.0,1.0,0.0,1.0,1.0,0.0,1.0,1.0,0.143,1.0,1.0,3.0,1.0,0.429,1.0,0.286,2.0,0.5,0.667,0.143,0.833,2.0,3.0,0.0,1.0,2.0,0.5,0.143,0.286,0.5,0.333,0.0,0.429,1.0,1.0,0.5,2.0,0.0,0.5,0.0,1.0,2.0,1.0,0.0,0.0,0.0,0.5,0.0,0.714,0.0,0.0,6.0,2.0,0.0,1.0,2.0,1.0,0.0,1.0,0.0,2.0,2.0,0.0,0.0,0.0,1.0,1.0,0.0,1.0,0.0,0.0,1.0,0.0,2.0,1.0,1.0,9.0,0.32,G,0.563,0.609,16.0,-0.047,,3.0,0.0,2.0,,0.0,0.0,0.0,0.0,0.0,1.0,2.0,,,1.0,1.0,0.0,0.667,1.0,,1.0,0.0,0.0,0.0,DAL,,0.0,1.0,4.0,0.75,2.0,0.667,2.0,3.0,2025,22400786,1.0,4.0,9.0,0.444,0.453,-0.009,0.222,0.0,2.0,0.0,0.378,-0.378,0.778,4.0,7.0,0.571,0.509,0.062,0.556,3.0,5.0,0.6,0.602,-0.002,0.778,4.0,7.0,0.571,0.564,0.007,0.222,0.0,2.0,0.0,0.38,-0.38,2.0,2.0,0.0,0.0,0.0,0.0,0.0,0.0,0.0,0.0,0.0,0.0,0.0,0.0,0.0,0.0,0.0,0.0,0.0,0.0,0.0,45.0,0.0,0.0,0.0,0.0,0.0,0.0,0.0,0.0,0.0,0.0,0.0,0.0,0.0,0.0,0.0,0.0,0.0,24.67,10470.0,1.98,1.11,0.87,4.6,4.71,4.48,,,,DAL,MIA,20250213,2024-25,False,DAL,MIA,,,,,,,,,,,,,,,,,,,,,,,,,,,,,,,,,,,,,,,,,,,,,Brandon Williams,1610612742.0,DAL,G,25.0,1.0,1.0,Brandon Williams,1610612742.0,DAL,G,25.0,1.0,1.0,Brandon Williams,1610612742.0,DAL,G,25.0,1.0,1.0,Brandon Williams,1610612742.0,DAL,G,25.0,1.0,1.0,Brandon Williams,1610612742.0,DAL,G,25.0,1.0,1.0,Brandon Williams,1610612742.0,DAL,G,25.0,1.0,1.0,Brandon Williams,1610612742.0,DAL,25.0,1.0,24.7,Brandon Williams,1610612742.0,DAL,1.0,1.0,0.0,24.7,Brandon Williams,1610612742.0,DAL,1.0,1.0,0.0,24.67,,,,
1630314,Brandon Williams,Brandon,1610612742,DAL,25.0,1,0,1,0.0,19.633333333333333,4,6,0.667,0,2,0.0,2,2,1.0,0,1,1,2,2,1,0,0,1,2,10,-6,15.2,0,0,15.0,1,81,81,81,91,57,85,22,89,85,89,36,47,1,72,103,117,53,26,30,41,1,42,47,66,114,93,19,4,87,,102.3,6.0,1.0,113.6,32,41,58,31,98,0.182,0.034,132,88.62,130,57,108,-11.3,-12.8,94,36,53,18.2,113.4,32,0.022,96,96,113.6,98,102.3,107.33,69,18.4,133,106.35,85,106.35,-11.3,18.2,43,0.0,100.6,0.667,0.727,0.196,0.111,138,60,96,72,100,4.0,34,100,0.199,62,5.0,33.0,2.0,31.0,0.065,4.0,0.0,0.0,0.065,3.0,4.0,1.0,0.0,0.444,0.889,2.0,8.0,1.0,0.111,1.0,1.0,0.111,3.0,2.0,9.0,0.0,0.0,10.0,3.93,0.244,0.0,0.0,41.0,0.0,0.0,16.0,2.8,0.0,4.07,0.0,0.333,0.333,0.0,12.9,12.9,3.0,0.0,0.0,1.0,0.333,0.0,0.0,0.0,0.0,3.0,0.0,0.0,0.333,1.0,0.0,0.0,0.0,0.0,,,,,,,,,,,,,,,,2.0,0.333,0.0,1.0,2.0,0.0,2.0,2.0,0.0,1.0,1.0,0.333,2.0,0.0,2.0,1.0,0.333,2.0,0.0,0.0,,1.0,0.333,1.0,2.0,2.0,0.0,0.0,2.0,0.0,0.0,0.333,0.0,0.0,,0.333,0.0,0.0,0.5,2.0,0.0,0.5,0.0,1.0,2.0,1.0,0.0,0.0,0.0,0.0,0.0,0.667,0.0,0.0,0.0,0.0,0.0,0.0,0.0,1.0,0.0,0.0,0.0,1.0,1.0,1.0,0.0,0.0,0.0,0.0,0.0,0.0,1.0,0.0,3.0,0.0,1.0,1.0,3.0,2.0,0.357,G,0.4,0.532,5.0,-0.132,,2.0,1.0,0.0,,0.0,0.0,1.0,0.0,0.0,3.0,0.0,,,1.0,0.0,0.0,0.0,0.0,,0.0,0.0,0.0,0.0,DAL,,1.0,3.0,1.0,0.0,0.0,0.0,0.0,1.0,2025,22400448,1.0,3.0,9.0,0.333,0.474,-0.14,0.444,0.0,4.0,0.0,0.351,-0.351,0.556,3.0,5.0,0.6,0.554,0.046,0.333,1.0,3.0,0.333,0.644,-0.311,0.333,1.0,3.0,0.333,0.606,-0.273,0.667,2.0,6.0,0.333,0.37,-0.037,4.0,2.0,2.0,0.0,0.0,0.0,0.0,0.0,1.0,1.0,0.0,1.0,0.0,0.0,0.0,0.0,0.0,0.0,0.0,0.0,0.0,41.0,0.0,0.0,0.0,0.0,0.0,0.0,0.0,0.0,0.0,0.0,0.0,0.0,0.0,0.0,0.0,0.0,0.0,19.63,8578.0,1.62,0.82,0.8,4.55,4.71,4.39,,,,SAC,DAL,20241230,2024-25,False,DAL,SAC,,,,,,,,,,,,,,,,,,,,,,,,,,,,,,,,,,,,,,,,,,,,,Brandon Williams,1610612742.0,DAL,G,25.0,1.0,1.0,Brandon Williams,1610612742.0,DAL,G,25.0,1.0,1.0,Brandon Williams,1610612742.0,DAL,G,25.0,1.0,1.0,Brandon Williams,1610612742.0,DAL,G,25.0,1.0,1.0,Brandon Williams,1610612742.0,DAL,G,25.0,1.0,1.0,Brandon Williams,1610612742.0,DAL,G,25.0,1.0,1.0,Brandon Williams,1610612742.0,DAL,25.0,1.0,19.6,Brandon Williams,1610612742.0,DAL,1.0,0.0,1.0,19.6,Brandon Williams,1610612742.0,DAL,1.0,0.0,1.0,19.63,,,,
1630314,Brandon Williams,Brandon,1610612742,DAL,25.0,1,0,1,0.0,23.606666666666666,5,10,0.5,1,3,0.333,2,2,1.0,1,4,5,5,0,3,0,0,1,1,13,-1,35.5,0,0,30.0,1,92,92,92,87,47,51,61,64,75,67,39,48,1,46,42,51,20,99,1,54,1,47,71,54,91,32,15,1,44,,120.0,10.0,0.0,117.3,59,78,41,63,64,0.294,0.235,1,86.42,1,47,84,2.7,2.0,61,81,18,0.0,119.1,59,0.122,108,106,117.3,64,120.0,102.4,61,0.0,28,103.7,51,103.7,2.7,31.3,50,0.042,121.2,0.55,0.597,0.212,0.147,50,25,108,65,84,5.0,78,84,0.211,61,13.0,39.0,7.0,41.0,0.122,9.0,0.0,2.0,0.171,2.0,8.0,0.5,2.0,0.667,0.333,0.0,4.0,0.0,0.0,0.0,0.0,0.0,4.0,0.0,12.0,0.167,0.0,13.0,4.08,0.25,0.0,0.0,52.0,0.0,0.0,20.0,3.5,0.0,4.04,0.0,1.0,1.0,1.0,10.7,12.9,4.0,0.0,0.0,4.0,1.0,1.0,0.0,1.0,0.0,5.0,0.0,21.6,1.0,5.0,0.0,1.0,0.0,0.0,0.0,0.0,0.2,2.0,1.0,2.0,1.0,2.0,0.2,1.0,,2.0,1.0,0.0,,1.0,0.3,0.0,0.333,1.0,0.0,3.0,3.0,0.0,0.333,0.333,0.3,1.0,1.0,3.0,0.5,0.3,2.0,0.1,1.0,1.0,0.667,0.2,0.833,2.0,2.0,0.0,0.0,2.0,0.0,0.0,0.2,0.0,0.0,,0.2,0.0,0.0,0.5,2.0,,0.5,0.0,0.0,2.0,1.0,0.0,0.0,0.0,0.333,0.0,0.55,0.0,0.0,3.0,0.0,0.0,1.0,0.0,2.0,0.0,0.0,0.0,3.0,0.0,0.5,0.0,0.0,0.0,0.0,1.0,0.0,1.0,0.333,4.0,0.0,0.0,0.75,3.0,24.0,0.343,G,0.706,0.632,34.0,0.074,,1.0,0.0,3.0,0.0,0.333,1.0,0.0,0.0,1.0,3.0,1.0,,,0.75,0.0,0.0,1.0,1.0,0.0,0.0,0.0,0.0,0.0,DAL,0.0,0.0,4.0,3.0,0.5,1.0,0.333,1.0,3.0,2025,22400921,1.0,7.0,12.0,0.583,0.487,0.096,0.167,0.0,2.0,0.0,0.392,-0.392,0.833,7.0,10.0,0.7,0.598,0.102,0.333,3.0,4.0,0.75,0.692,0.058,0.5,5.0,6.0,0.833,0.689,0.145,0.333,1.0,4.0,0.25,0.413,-0.163,5.0,4.0,1.0,6.0,0.0,0.0,0.0,0.0,0.0,0.0,0.0,0.0,0.0,0.0,0.0,0.0,0.0,0.0,0.0,0.0,0.0,52.0,0.0,0.0,0.0,0.0,0.0,0.0,0.0,0.0,0.0,0.0,0.0,0.0,0.0,0.0,0.0,0.0,0.0,23.6,9810.0,1.86,0.94,0.92,4.6,4.7,4.07,,,,DAL,PHX,20250309,2024-25,False,DAL,PHX,DAL,1610612742.0,,,,,,,,,,,,,,,,,,,,,,,,,,,,,,,,,,,,,,,,,,,Brandon Williams,1610612742.0,DAL,G,25.0,1.0,1.0,Brandon Williams,1610612742.0,DAL,G,25.0,1.0,1.0,Brandon Williams,1610612742.0,DAL,G,25.0,1.0,1.0,Brandon Williams,1610612742.0,DAL,G,25.0,1.0,1.0,Brandon Williams,1610612742.0,DAL,G,25.0,1.0,1.0,Brandon Williams,1610612742.0,DAL,G,25.0,1.0,1.0,Brandon Williams,1610612742.0,DAL,25.0,1.0,23.6,Brandon Williams,1610612742.0,DAL,1.0,0.0,1.0,23.6,Brandon Williams,1610612742.0,DAL,1.0,0.0,1.0,23.6,,,,
1630314,Brandon Williams,Brandon,1610612742,DAL,25.0,1,1,0,1.0,7.616666666666666,0,2,0.0,0,2,0.0,0,0,0.0,0,1,1,6,1,0,0,0,1,0,0,-3,9.2,0,0,7.0,1,1,1,1,219,216,210,216,142,138,142,117,129,117,139,169,196,26,93,126,79,1,61,179,218,143,190,21,3,199,,117.6,2.0,6.0,127.8,19,5,141,45,94,0.857,0.1,155,91.9,153,216,156,-10.1,-13.5,83,216,2,11.1,132.8,19,0.067,199,217,127.8,94,117.6,107.39,141,11.1,138,110.28,210,110.28,-10.1,66.7,17,0.0,119.3,0.0,0.0,0.167,0.073,146,4,199,139,156,0.0,218,156,0.169,136,15.0,14.0,6.0,14.0,0.429,5.0,0.0,0.0,0.429,0.0,2.0,0.0,1.0,1.0,0.0,0.0,0.0,0.0,0.0,0.0,0.0,0.0,0.0,0.0,2.0,0.5,0.0,0.0,5.67,0.0,0.0,0.0,18.0,0.0,0.0,5.0,1.7,0.0,5.78,0.0,1.0,1.0,1.0,14.3,14.3,1.0,0.0,0.0,1.0,1.0,0.0,0.0,0.0,0.0,1.0,0.0,0.0,1.0,1.0,0.0,0.0,0.0,0.0,,,,,,,,,,,,,,,,,,,,,,,,,,,,0.0,0.0,1.0,,0.5,0.0,0.5,1.0,0.0,0.0,0.0,0.0,0.0,1.0,0.0,0.0,1.0,0.0,0.0,0.5,0.0,0.0,,0.5,0.0,0.0,0.0,1.0,0.0,0.0,0.0,1.0,0.0,0.0,0.0,0.0,0.0,0.0,0.0,0.0,0.0,0.0,0.0,0.0,,0.0,0.0,0.0,0.0,0.0,0.0,2.0,0.0,0.0,0.0,,0.0,0.0,0.0,0.0,0.0,0.0,0.0,,0.0,0.0,0.0,5.0,0.286,G,0.625,0.614,8.0,0.011,,0.0,,2.0,0.0,0.0,0.0,,,0.0,0.0,0.0,,,0.0,0.0,,0.0,0.0,0.0,0.0,0.0,0.0,,DAL,0.0,,0.0,1.0,0.0,0.0,0.0,0.0,1.0,2025,22400657,1.0,2.0,2.0,1.0,0.451,0.55,,,,,,,1.0,2.0,2.0,1.0,0.554,0.447,0.5,1.0,1.0,1.0,0.658,0.342,0.5,1.0,1.0,1.0,0.601,0.399,,,,,,,1.0,1.0,0.0,0.0,0.0,0.0,0.0,0.0,0.0,0.0,0.0,0.0,0.0,0.0,0.0,0.0,0.0,0.0,0.0,0.0,0.0,18.0,0.0,0.0,0.0,0.0,0.0,0.0,0.0,0.0,0.0,0.0,0.0,0.0,0.0,0.0,0.0,0.0,0.0,7.62,3239.0,0.61,0.33,0.28,4.38,4.67,4.13,,,,DAL,WAS,20250127,2024-25,False,DAL,WAS,,,,,,,,,,,,,,,,,,,,,,,,,,,,,,,,,,,,,,,,,,,,,Brandon Williams,1610612742.0,DAL,G,25.0,1.0,1.0,,,,,,,,Brandon Williams,1610612742.0,DAL,G,25.0,1.0,1.0,Brandon Williams,1610612742.0,DAL,G,25.0,1.0,1.0,Brandon Williams,1610612742.0,DAL,G,25.0,1.0,1.0,,,,,,,,Brandon Williams,1610612742.0,DAL,25.0,1.0,7.6,Brandon Williams,1610612742.0,DAL,1.0,1.0,0.0,7.6,Brandon Williams,1610612742.0,DAL,1.0,1.0,0.0,7.62,,,,
1630314,Brandon Williams,Brandon,1610612742,DAL,25.0,1,0,1,0.0,9.35,1,2,0.5,0,0,0.0,0,0,0.0,0,0,0,3,0,1,0,1,0,1,2,7,9.5,0,0,7.0,1,84,84,84,143,123,138,57,98,130,98,83,87,83,96,141,150,38,113,38,52,106,1,68,137,41,131,16,1,139,,95.2,2.0,0.0,65.0,44,96,25,59,130,0.429,0.0,1,87.7,1,123,30,30.2,23.1,134,84,8,0.0,69.3,44,0.0,3,4,65.0,130,95.2,103.7,146,0.0,141,105.24,138,105.24,30.2,60.0,21,0.0,92.4,0.5,0.5,0.083,0.182,150,3,3,96,16,1.0,96,16,0.088,146,6.0,11.0,3.0,11.0,0.273,2.0,0.0,0.0,0.273,1.0,2.0,0.5,2.0,0.5,0.5,0.0,2.0,0.0,0.0,0.0,0.0,0.0,2.0,0.0,4.0,0.5,0.0,2.0,3.93,0.133,0.0,0.0,15.0,0.0,0.0,6.0,1.0,0.0,3.9,,,,,,,,,,,,,,,,,,,,,,,,,0.0,0.0,0.5,1.0,1.0,1.0,1.0,1.0,0.5,1.0,,1.0,1.0,0.0,,0.0,0.5,0.0,0.0,0.0,0.0,1.0,1.0,0.0,0.0,0.0,0.5,,,,,,,,,,,,,,,,,,,,,,,,,,,,0.0,,,,,0.0,0.0,0.0,0.0,0.0,0.0,0.0,0.5,0.0,0.0,0.0,0.0,0.0,1.0,,0.0,0.0,,0.0,0.0,,0.0,0.0,0.0,1.0,1.0,0.0,0.0,0.0,0.0,1.0,0.0,0.0,0.0,0.0,4.0,0.292,G,0.571,0.602,7.0,-0.031,0.0,0.0,0.0,0.0,,0.0,0.0,0.0,0.0,1.0,0.0,0.0,0.0,0.0,0.0,0.0,0.0,0.0,0.0,,0.0,1.0,1.0,0.0,DAL,,0.0,1.0,0.0,,0.0,,,,2025,22400614,1.0,0.0,1.0,0.0,0.443,-0.443,1.0,0.0,1.0,0.0,0.347,-0.347,,,,,,,,,,,,,,,,,,,1.0,0.0,1.0,0.0,0.326,-0.326,1.0,0.0,1.0,1.0,0.0,0.0,0.0,0.0,0.0,0.0,0.0,0.0,0.0,0.0,0.0,0.0,0.0,0.0,0.0,0.0,0.0,15.0,0.0,0.0,0.0,0.0,0.0,0.0,0.0,0.0,0.0,0.0,0.0,0.0,0.0,0.0,0.0,0.0,0.0,9.35,4059.0,0.77,0.42,0.35,4.81,4.42,3.95,,,,DAL,MIN,20250122,2024-25,False,DAL,MIN,DAL,1610612742.0,,,,,,,,,,,,,,,,,,,,,,,,,,,,,,,,,,,,,,,,,,,Brandon Williams,1610612742.0,DAL,G,25.0,1.0,1.0,Brandon Williams,1610612742.0,DAL,G,25.0,1.0,1.0,,,,,,,,,,,,,,,,,,,,,,Brandon Williams,1610612742.0,DAL,G,25.0,1.0,1.0,Brandon Williams,1610612742.0,DAL,25.0,1.0,9.4,Brandon Williams,1610612742.0,DAL,1.0,0.0,1.0,9.4,Brandon Williams,1610612742.0,DAL,1.0,0.0,1.0,9.35,,,,
1630314,Brandon Williams,Brandon,1610612742,DAL,25.0,1,1,0,1.0,1.4333333333333331,2,2,1.0,0,0,0.0,0,0,0.0,0,0,0,0,0,0,0,0,0,0,4,4,4.0,0,0,4.0,1,1,1,1,140,87,122,1,88,115,88,73,77,73,93,118,130,102,90,73,48,1,1,94,103,42,130,15,1,128,,133.3,2.0,0.0,0.0,58,74,2,144,18,0.0,0.0,1,83.72,1,87,1,133.3,133.3,14,4,102,0.0,0.0,58,0.0,1,1,0.0,18,133.3,83.72,1,0.0,118,100.47,122,100.47,133.3,0.0,3,0.0,133.3,1.0,1.0,0.5,0.889,130,102,1,93,1,2.0,4,1,0.5,1,0.0,2.0,0.0,1.0,0.0,0.0,0.0,0.0,0.0,1.0,0.0,1.0,0.0,0.0,2.0,0.0,2.0,0.0,0.0,0.0,0.0,0.0,1.0,0.0,1.0,0.0,0.0,4.0,1.0,1.333,0.0,0.0,3.0,0.0,0.0,3.0,0.1,0.0,1.41,,,,,,,,,,,,,,,,,,,,,,,,,,,,,,,,,,,,,,,,1.0,0.5,0.0,1.0,1.0,0.0,1.0,1.0,0.0,1.0,1.0,0.5,1.0,0.0,1.0,1.0,0.5,1.0,0.0,0.0,,1.0,0.5,1.0,1.0,,,,,,,,,,,,,,,0.0,,,,,0.0,0.0,0.0,0.0,0.0,0.0,0.0,1.0,0.0,0.0,0.0,0.0,,,,0.0,0.0,,0.0,0.0,,0.0,0.0,,,,0.0,0.0,0.0,0.0,2.0,,0.0,1.0,2.0,2.0,0.263,G,0.4,0.564,5.0,-0.164,,0.0,0.0,0.0,,0.0,0.0,0.0,,,2.0,0.0,,,1.0,,,0.0,,,,,,,DAL,,0.0,2.0,0.0,,0.0,,,,2025,22400504,,,,,,,,,,,,,,,,,,,,,,,,,,,,,,,,,,,,,,,,,,,,,,,,,,,,,,,,,,3.0,0.0,0.0,0.0,0.0,0.0,0.0,0.0,0.0,0.0,0.0,0.0,0.0,0.0,0.0,0.0,0.0,0.0,1.43,567.0,0.11,0.06,0.05,3.81,5.91,0.0,,,,DAL,LAL,20250107,2024-25,False,DAL,LAL,,,,,,,,,,,,,,,,,,,,,,,,,,,,,,,,,,,,,,,,,,,,,,,,,,,,,,,,,,,,,,,,,,,,,,,,,,,,,,,,,,,,,,,,,,,,,Brandon Williams,1610612742.0,DAL,1.0,1.0,0.0,1.4,Brandon Williams,1610612742.0,DAL,1.0,1.0,0.0,1.43,,,,
1630314,Brandon Williams,Brandon,1610612742,DAL,25.0,1,0,1,0.0,2.05,0,0,0.0,0,0,0.0,0,0,0.0,0,0,0,0,0,0,0,0,0,0,0,4,0.0,0,0,0.0,1,85,85,85,161,148,163,148,93,141,93,83,88,83,83,141,148,130,103,93,62,1,1,108,151,54,163,14,3,163,,80.0,0.0,0.0,0.0,47,92,149,154,158,0.0,0.0,1,87.8,1,148,3,80.0,100.0,118,148,130,0.0,0.0,47,0.0,1,1,0.0,158,80.0,93.66,165,0.0,141,105.37,163,105.37,80.0,0.0,5,0.0,100.0,0.0,0.0,0.0,0.0,148,130,1,83,4,0.0,151,4,0.0,165,0.0,1.0,0.0,1.0,0.0,0.0,0.0,0.0,0.0,0.0,0.0,0.0,0.0,0.0,0.0,0.0,0.0,0.0,0.0,0.0,0.0,0.0,0.0,0.0,0.0,0.0,0.0,0.0,4.0,0.0,0.0,0.0,1.0,0.0,0.0,0.0,0.1,0.0,4.72,,,,,,,,,,,,,,,,,,,,,,,,,,,,,,,,,,,,,,,,,,,,,,,,,,,,,,,,,,,,,,,,,,,,,,,,,,,,,,,0.0,,,,,0.0,0.0,0.0,0.0,0.0,0.0,0.0,0.0,0.0,0.0,0.0,,,0.0,,,,,,0.0,,,,,0.0,0.0,0.0,,,0.0,0.0,,,0.0,0.0,2.0,0.357,G,0.4,0.537,5.0,-0.137,0.0,0.0,,0.0,0.0,0.0,0.0,,,0.0,0.0,0.0,0.0,0.0,0.0,,,0.0,,0.0,,0.0,0.0,,DAL,0.0,,0.0,0.0,,0.0,,,,2025,22400460,,,,,,,,,,,,,,,,,,,,,,,,,,,,,,,,,,,,,,,,,,,,,,,,,,,,,,,,,,1.0,0.0,0.0,0.0,0.0,0.0,0.0,0.0,0.0,0.0,0.0,0.0,0.0,0.0,0.0,0.0,0.0,0.0,2.05,759.0,0.14,0.06,0.08,2.64,8.51,3.84,,,,HOU,DAL,20250101,2024-25,False,DAL,HOU,,,,,,,,,,,,,,,,,,,,,,,,,,,,,,,,,,,,,,,,,,,,,,,,,,,,,,,,,,,,,,,,,,,,,,,,,,,,,,,,,,,,,,,,,,,,,Brandon Williams,1610612742.0,DAL,1.0,0.0,1.0,2.1,Brandon Williams,1610612742.0,DAL,1.0,0.0,1.0,2.05,,,,
1630314,Brandon Williams,Brandon,1610612742,DAL,26.0,1,0,1,0.0,11.566666666666666,0,1,0.0,0,0,0.0,0,2,0.0,0,0,0,2,1,1,0,1,0,3,0,-8,5.0,0,0,4.0,1,134,134,134,219,227,233,227,152,207,152,158,96,158,149,220,237,92,103,47,97,168,1,61,235,221,232,18,1,233,,91.7,1.0,2.0,130.4,232,41,250,253,236,0.25,0.0,232,81.27,228,227,223,-38.8,-21.1,195,227,41,20.0,122.7,232,0.0,238,210,130.4,236,91.7,95.61,199,20.5,220,97.52,233,97.52,-38.8,40.0,24,0.0,101.7,0.0,0.0,0.12,-0.022,237,23,238,149,250,0.0,235,250,0.127,202,4.0,16.0,2.0,19.0,0.105,2.0,0.0,0.0,0.105,0.0,2.0,0.0,1.0,0.5,0.0,2.0,0.0,0.0,0.25,0.0,1.0,0.0,1.0,0.0,4.0,0.25,0.0,0.0,3.26,0.0,0.0,0.0,23.0,0.0,0.0,8.0,1.3,0.0,3.34,,,,,,,,,,,,,,,,,,,,,,,,,,,,,,,,,,,,,,,,0.0,1.0,0.0,0.0,0.0,0.0,1.0,1.0,0.0,0.0,0.0,1.0,,,,,,,,,,,,,,,,,,,,,,,,,,,,0.0,,,,,0.0,0.0,0.0,0.0,0.0,0.0,0.0,0.0,0.0,0.0,0.0,0.0,0.0,0.0,0.0,0.0,0.0,0.0,0.0,0.0,0.0,0.0,0.0,0.0,0.0,0.0,0.0,0.0,0.0,0.0,1.0,0.0,0.0,0.0,0.0,3.0,0.571,G,0.75,0.689,4.0,0.061,0.0,0.0,0.0,0.0,0.0,0.0,0.0,0.0,0.0,0.0,0.0,0.0,0.0,0.0,0.0,0.0,0.0,0.0,0.0,0.0,0.0,0.0,0.0,0.0,DAL,0.0,0.0,1.0,0.0,,0.0,,,,2026,22500004,,,,,,,0.143,1.0,1.0,1.0,0.316,0.684,0.857,3.0,6.0,0.5,0.561,-0.061,0.571,3.0,4.0,0.75,0.689,0.061,0.714,3.0,5.0,0.6,0.627,-0.027,0.286,1.0,2.0,0.5,0.255,0.246,2.0,2.0,0.0,1.0,0.0,1.0,2.0,0.0,0.0,0.0,0.0,0.0,0.0,0.0,0.0,0.0,0.0,0.0,0.0,0.0,0.0,23.0,0.0,0.0,0.0,0.0,0.0,0.0,0.0,0.0,0.0,0.0,0.0,0.0,0.0,0.0,0.0,0.0,0.0,,,,,,,,,,,,DAL,SAS,20251022,2025-26,False,DAL,SAS,,,7.0,0.485,4.0,0.571,0.086,,,,,,,,,,,,,,,,,,,,,,,,,,,,,,0.5,0.4,4.85,5.21,0.9,4.45,11.6,4678.0,,,,,,,,,,,,,,,,,,,,,,,,,,,,,,,,,,,,,,,,,,,,,DAL,,,,,,DAL,,,,,,,,,,,,1.0,,SAS,1610612759.0
1630314,Brandon Williams,Brandon,1610612742,DAL,26.0,1,0,1,0.0,6.93,0,2,0.0,0,0,0.0,0,0,0.0,0,0,0,1,0,1,0,0,1,1,0,1,4.5,0,0,3.0,1,133,133,133,238,232,220,232,156,221,156,138,149,138,151,231,244,139,187,62,79,1,62,124,240,114,235,16,1,241,,126.7,2.0,0.0,112.5,86,154,252,181,48,0.125,0.0,1,89.47,1,232,149,14.2,-4.3,44,232,119,0.0,132.0,86,0.0,148,222,112.5,48,126.7,98.77,209,0.0,231,107.36,220,107.36,14.2,33.3,15,0.0,127.7,0.0,0.0,0.118,-0.028,244,27,148,151,76,0.0,240,76,0.118,205,4.0,6.0,2.0,7.0,0.143,1.0,1.0,0.0,0.286,0.0,3.0,0.0,0.0,0.6,0.0,0.0,0.0,0.0,0.0,0.0,0.0,0.0,2.0,0.0,5.0,0.0,0.0,0.0,7.5,0.0,0.0,0.0,10.0,0.0,0.0,3.0,1.1,0.0,6.73,,,,,,,,,,,,,,,,,,,,,,,,,,,,,,,,,,,,,,,,0.0,0.5,0.0,0.0,0.0,0.0,1.0,1.0,0.0,0.0,0.0,0.5,0.0,0.0,1.0,0.0,0.5,1.0,0.0,0.0,,0.0,0.5,0.0,0.0,,,,,,,,,,,,,,,0.0,,,,,0.0,0.0,0.0,0.0,0.0,0.0,0.0,0.0,0.0,0.0,0.0,,,0.0,,1.0,,,,0.0,,0.0,,,0.0,0.0,0.0,,0.0,0.0,1.0,,,0.0,0.0,3.0,0.444,G,0.75,0.689,4.0,0.061,,0.0,0.0,0.0,,0.0,0.0,0.0,,0.0,0.0,0.0,,,0.0,0.0,,0.0,1.0,,0.0,0.0,0.0,,DAL,,0.0,1.0,0.0,,0.0,,,,2026,22500096,,,,,,,1.0,2.0,2.0,1.0,0.395,0.605,,,,,,,,,,,,,,,,,,,1.0,2.0,2.0,1.0,0.44,0.56,2.0,0.0,2.0,1.0,0.0,0.0,0.0,0.0,0.0,0.0,0.0,0.0,0.0,0.0,0.0,0.0,0.0,0.0,0.0,0.0,0.0,10.0,0.0,0.0,0.0,0.0,0.0,0.0,0.0,0.0,0.0,0.0,0.0,0.0,0.0,0.0,0.0,0.0,0.0,,,,,,,,,,,,DAL,WAS,20251024,2025-26,False,DAL,WAS,,,2.0,0.445,2.0,1.0,0.555,,,,,,,,,,,,,,,,,,,,,,,,,,,,,,0.3,0.2,4.6,5.09,0.5,4.03,6.9,2890.0,,,,,,,,,,,,,,,,,,,,,,,,,,,,,,,,,,,,,,,,,,,,,DAL,,,,,,DAL,,,,,,,,,,,,1.0,,WAS,1610612764.0
1630314,Brandon Williams,Brandon,1610612742,DAL,26.0,1,1,0,1.0,22.251666666666665,9,14,0.643,0,2,0.0,2,2,1.0,1,6,7,2,2,0,1,0,3,2,20,3,32.4,0,0,31.0,1,1,1,1,114,19,30,41,134,123,134,63,73,1,57,22,32,85,40,108,18,1,139,65,28,79,54,23,2,53,,103.8,14.0,1.0,100.0,28,81,5,11,153,0.25,0.167,128,92.58,127,19,57,3.8,14.8,148,71,46,10.5,90.6,28,0.127,42,31,100.0,153,103.8,115.97,11,10.6,52,111.09,30,111.09,3.8,10.5,52,0.053,105.4,0.643,0.672,0.315,0.253,42,148,42,75,94,9.0,71,94,0.323,10,7.0,51.0,3.0,47.0,0.043,6.0,1.0,0.0,0.064,6.0,5.0,0.667,1.0,0.333,0.8,0.0,12.0,0.0,0.0,1.0,0.0,0.067,9.0,0.0,15.0,0.067,0.0,20.0,4.6,0.299,0.0,0.0,67.0,0.0,0.0,26.0,4.7,0.0,4.17,0.167,0.636,0.667,2.0,8.1,10.7,9.0,0.0,0.0,5.0,0.636,0.5,0.0,0.5,0.143,11.0,1.0,26.6,0.667,6.0,0.0,1.0,0.0,1.0,,,,,,,,,,,,,,,,5.0,0.571,0.0,0.625,5.0,0.0,8.0,8.0,0.0,0.625,0.625,0.571,4.0,0.0,4.0,1.0,0.286,4.0,0.0,0.0,,1.0,0.286,1.0,4.0,2.0,0.0,0.0,2.0,0.0,0.0,0.143,0.0,0.0,,0.143,0.0,0.0,1.0,2.0,,1.0,0.0,0.0,4.0,2.0,0.0,0.0,0.0,0.0,0.0,0.643,0.0,0.0,0.0,0.0,0.0,4.0,0.0,1.0,0.0,0.0,0.0,2.0,0.0,1.0,0.0,0.0,2.0,0.5,0.0,0.0,1.0,0.0,7.0,0.0,0.0,0.857,6.0,3.0,0.235,G,0.75,0.689,4.0,0.061,,1.0,1.0,1.0,0.0,0.0,0.0,1.0,0.0,3.0,6.0,0.0,,,0.857,1.0,0.0,0.0,1.0,0.0,1.0,1.0,0.333,0.0,DAL,0.0,1.0,7.0,2.0,0.0,0.0,0.0,0.0,2.0,2026,22500133,,,,,,,0.625,3.0,5.0,0.6,0.276,0.324,0.375,2.0,3.0,0.667,0.316,0.351,,,,,,,0.25,2.0,2.0,1.0,0.429,0.571,0.75,3.0,6.0,0.5,0.299,0.202,5.0,1.0,4.0,0.0,0.0,0.0,0.0,2.0,0.0,2.0,1.0,0.0,0.0,0.0,0.0,0.0,0.0,0.0,0.0,0.0,0.0,67.0,0.0,0.0,0.0,0.0,0.0,0.0,0.0,0.0,0.0,0.0,0.0,0.0,0.0,0.0,0.0,0.0,0.0,,,,,,,,,,,,DAL,IND,20251029,2025-26,False,DAL,IND,,,8.0,0.378,5.0,0.625,0.247,,,,,,,,,,,,,,,,,,,,,,,,,,,,,,1.0,0.8,4.98,5.23,1.8,4.68,22.3,9507.0,,,,,,,,,,,,,,,,,,,,,,,,,,,,,,,,,,,,,,,,,,,,,DAL,,,,,,DAL,,,,,,,,,,,,1.0,,IND,1610612754.0
1630314,Brandon Williams,Brandon,1610612742,DAL,26.0,1,0,1,0.0,22.05,5,8,0.625,0,2,0.0,1,1,1.0,0,1,1,3,3,2,0,0,3,7,11,1,19.7,0,0,19.0,1,129,129,129,121,65,100,48,138,140,138,110,138,1,137,166,190,59,18,18,86,1,185,4,97,113,123,17,2,123,,100.0,8.0,1.0,91.8,127,83,111,144,176,0.214,0.04,223,86.17,224,65,108,8.2,4.3,192,80,66,21.4,93.4,127,0.021,47,54,91.8,176,100.0,103.66,75,20.8,201,103.4,100,103.4,8.2,21.4,46,0.0,97.7,0.625,0.652,0.216,0.104,217,87,47,137,108,5.0,85,108,0.224,78,7.0,41.0,3.0,39.0,0.077,8.0,0.0,0.0,0.077,2.0,8.0,0.667,1.0,0.571,0.357,0.0,5.0,0.0,0.0,0.0,0.0,0.0,3.0,0.0,14.0,0.071,1.0,11.0,4.39,0.196,0.0,1.0,56.0,0.0,0.0,27.0,4.0,0.0,4.29,0.0,0.25,0.25,0.0,2.8,2.8,4.0,0.0,0.0,1.0,0.25,0.0,0.0,0.0,0.0,4.0,0.0,0.0,0.25,1.0,0.0,0.0,0.0,0.0,,,,,,,,,,,,,,,,5.0,0.625,0.0,1.0,5.0,0.0,5.0,5.0,0.0,1.0,1.0,0.625,0.0,0.0,2.0,,0.25,0.0,0.25,2.0,0.0,0.0,0.0,0.0,0.0,1.0,0.0,1.0,0.0,,0.125,0.0,0.0,0.0,0.0,0.125,0.0,0.0,0.5,2.0,,0.5,0.0,0.0,2.0,1.0,0.0,0.0,0.0,0.0,0.0,0.625,0.0,0.0,0.0,0.0,0.0,1.0,0.0,2.0,0.0,0.0,0.0,1.0,0.0,0.5,1.0,0.0,1.0,1.0,0.0,0.0,1.0,0.0,3.0,0.0,1.0,1.0,3.0,9.0,0.283,G,0.692,0.654,13.0,0.039,,2.0,1.0,0.0,0.0,0.0,0.0,1.0,0.0,1.0,3.0,0.0,,,1.0,0.0,0.0,0.0,1.0,0.0,0.0,1.0,1.0,0.0,DAL,0.0,1.0,3.0,2.0,0.0,0.0,0.0,0.0,2.0,2026,22500034,,,,,,,0.6,0.0,3.0,0.0,0.382,-0.382,0.4,1.0,2.0,0.5,0.487,0.013,0.2,1.0,1.0,1.0,0.652,0.348,0.4,1.0,2.0,0.5,0.535,-0.035,0.6,0.0,3.0,0.0,0.387,-0.387,1.0,1.0,0.0,2.0,0.0,0.0,0.0,0.0,0.0,0.0,0.0,0.0,0.0,1.0,1.0,1.0,0.0,0.0,1.0,1.0,0.0,56.0,0.0,0.0,0.0,0.0,0.0,0.0,0.0,0.0,0.0,0.0,0.0,0.0,0.0,0.0,0.0,0.0,0.0,,,,,,,,,,,,MEM,DAL,20251107,2025-26,False,DAL,MEM,,,5.0,0.439,1.0,0.2,-0.239,,,,,,,,,,,,,,,,,,,,,,,,,,,,,,1.0,0.8,4.9,5.5,1.8,4.32,22.1,9710.0,,,,,,,,,,,,,,,,,,,,,,,,,,,,,,,,,,,,,,,,,,,,,DAL,,,,,,DAL,,,,,,,,,,,,1.0,,MEM,1610612763.0
1630314,Brandon Williams,Brandon,1610612742,DAL,26.0,1,1,0,1.0,25.65,6,16,0.375,1,4,0.25,1,2,0.5,0,2,2,6,1,4,0,2,2,1,14,24,36.4,0,0,31.0,1,1,1,1,76,36,16,105,57,49,74,75,60,79,100,82,106,17,56,2,54,150,65,76,53,1,35,15,3,41,,117.9,16.0,6.0,76.4,68,9,35,67,70,0.3,0.071,58,86.55,57,36,11,41.5,42.8,68,115,23,4.2,75.2,68,0.034,13,12,76.4,70,117.9,104.57,20,4.2,112,103.86,16,103.86,41.5,25.0,56,0.0,118.0,0.406,0.415,0.261,0.144,130,42,13,100,12,6.0,122,12,0.267,21,13.0,45.0,6.0,41.0,0.146,6.0,0.0,0.0,0.146,2.0,8.0,0.286,4.0,0.5,0.313,2.0,5.0,0.5,0.063,0.0,1.0,0.0,7.0,1.0,16.0,0.25,0.0,14.0,5.29,0.237,0.0,1.0,59.0,0.0,0.0,24.0,4.9,0.0,4.94,0.0,0.333,0.667,3.0,12.1,12.1,3.0,2.0,2.0,2.0,0.5,0.0,0.0,0.0,0.0,6.0,0.0,0.0,0.667,2.0,0.0,0.0,0.0,0.0,0.0,0.0,0.188,1.0,1.0,1.0,0.333,3.0,0.188,0.333,,3.0,0.333,0.0,,3.0,0.313,0.0,0.6,3.0,0.0,5.0,5.0,0.0,0.6,0.6,0.313,0.0,0.0,4.0,0.0,0.25,3.0,0.063,1.0,0.0,0.0,0.188,0.0,0.0,4.0,1.0,1.0,3.0,0.333,0.063,0.188,0.625,0.5,1.0,0.25,1.0,2.0,0.0,3.0,0.0,0.0,0.0,1.0,0.0,0.0,0.0,0.0,0.0,0.333,0.0,0.406,0.0,0.0,3.0,0.0,0.0,3.0,0.0,1.0,0.0,0.0,0.0,4.0,0.0,0.0,0.0,0.0,0.0,0.0,1.0,0.0,0.0,0.25,8.0,0.0,0.0,0.625,5.0,10.0,0.291,G,0.625,0.624,16.0,0.001,0.0,0.0,1.0,4.0,0.0,0.25,1.0,0.0,0.0,1.0,5.0,0.0,0.0,0.0,0.5,0.0,0.0,0.0,0.0,0.0,0.0,0.0,0.0,0.0,DAL,0.0,0.0,10.0,3.0,0.5,1.0,0.333,1.0,3.0,2026,22500183,,,,,,,0.444,0.0,4.0,0.0,0.407,-0.407,0.556,1.0,5.0,0.2,0.419,-0.219,0.333,1.0,3.0,0.333,0.496,-0.163,0.333,1.0,3.0,0.333,0.448,-0.115,0.444,0.0,4.0,0.0,0.439,-0.439,3.0,1.0,2.0,8.0,0.0,0.0,0.0,0.0,2.0,2.0,0.0,1.0,0.0,0.0,0.0,0.0,0.0,0.0,0.0,0.0,0.0,59.0,0.0,0.0,0.0,0.0,0.0,0.0,0.0,0.0,0.0,0.0,0.0,0.0,0.0,0.0,0.0,0.0,0.0,,,,,,,,,,,,WAS,DAL,20251108,2025-26,False,DAL,WAS,DAL,,9.0,0.432,1.0,0.111,-0.321,,,,,,,,,,,,,,,,,,,,,,,,,,,,,,1.0,0.9,4.61,4.94,1.9,4.28,25.7,10212.0,,,,,,,,,,,,,,,,,,,,,,,,,,,,,,,,,,,,,,,,,,,,,DAL,,,,,,DAL,,,,,,,,,,,,1.0,,WAS,1610612764.0
1630314,Brandon Williams,Brandon,1610612742,DAL,26.0,1,0,1,0.0,33.16166666666667,4,12,0.333,1,3,0.333,10,11,0.909,3,3,6,3,4,1,0,2,2,10,19,3,29.7,0,0,31.0,1,92,92,92,46,65,47,117,59,79,59,4,5,57,18,77,46,51,8,33,74,162,69,3,36,60,52,18,3,45,,111.4,12.0,0.75,110.3,123,90,81,109,98,0.15,0.086,146,83.23,142,65,100,1.1,-1.1,116,130,78,16.7,108.6,123,0.079,73,68,110.3,98,111.4,102.45,42,16.8,116,99.87,47,99.87,1.1,12.5,70,0.073,107.6,0.375,0.564,0.25,0.099,93,112,73,44,81,4.0,83,81,0.25,36,9.0,63.0,5.0,52.0,0.058,12.0,1.0,1.0,0.096,2.0,7.0,0.333,1.0,0.438,0.563,4.0,9.0,1.0,0.125,1.0,2.0,0.063,6.0,4.0,16.0,0.063,0.0,19.0,4.96,0.247,0.0,2.0,77.0,0.0,0.0,33.0,5.9,0.0,4.59,0.0,0.462,0.375,6.0,12.7,12.2,8.0,0.0,0.0,3.0,0.462,0.5,0.667,0.5,0.333,13.0,2.0,11.7,0.375,4.0,2.0,1.0,0.0,0.0,0.0,0.0,0.083,0.0,1.0,0.0,0.0,1.0,0.083,0.0,,1.0,0.0,0.0,,2.0,0.5,0.0,0.333,2.0,0.0,6.0,6.0,0.0,0.333,0.333,0.5,1.0,1.0,4.0,0.5,0.333,2.0,0.167,2.0,0.5,0.5,0.167,0.625,2.0,1.0,0.0,0.0,1.0,0.0,0.0,0.083,0.0,0.0,,0.083,0.0,0.0,0.0,2.0,0.0,0.0,0.0,1.0,0.0,0.0,0.0,0.0,0.0,0.5,0.0,0.375,0.0,0.0,3.0,1.0,0.0,3.0,1.0,1.0,0.0,1.0,0.0,2.0,1.0,0.0,0.0,0.0,1.0,0.333,0.0,1.0,0.0,0.0,5.0,0.0,1.0,0.4,2.0,11.0,0.308,G,0.55,0.631,20.0,-0.081,0.0,1.0,1.0,2.0,0.0,0.0,0.0,0.0,0.0,2.0,3.0,1.0,0.0,0.0,0.5,0.0,0.0,1.0,0.0,0.0,0.0,0.0,0.0,0.0,DAL,0.0,0.0,6.0,2.0,0.75,1.0,0.5,1.0,2.0,2026,22500203,,,,,,,0.4,1.0,4.0,0.25,0.463,-0.213,0.6,2.0,6.0,0.333,0.553,-0.219,0.4,1.0,4.0,0.25,0.657,-0.407,0.4,1.0,4.0,0.25,0.626,-0.376,0.4,1.0,4.0,0.25,0.467,-0.217,1.0,1.0,0.0,3.0,0.0,3.0,8.0,1.0,1.0,2.0,0.5,0.5,0.0,0.0,0.0,0.0,0.0,0.0,0.0,0.0,0.0,77.0,0.0,0.0,0.0,0.0,0.0,0.0,0.0,0.0,0.0,0.0,0.0,0.0,0.0,0.0,0.0,0.0,0.0,,,,,,,,,,,,DAL,MIL,20251110,2025-26,False,DAL,MIL,DAL,,10.0,0.489,3.0,0.3,-0.189,,,,,,,,,,,,,,,,,,,,,,,,,,,,,,1.4,1.1,4.81,5.48,2.5,4.15,33.2,12960.0,,,,,,,,,,,,,,,,,,,,,,,,,,,,,,,,,,,,,,,,,,,,,DAL,,,,,,DAL,,,,,,,,,,,,1.0,,MIL,1610612749.0
1630314,Brandon Williams,Brandon,1610612742,DAL,26.0,1,0,1,0.0,18.133333333333333,2,9,0.222,0,5,0.0,3,4,0.75,0,2,2,5,0,2,0,1,1,5,7,-27,22.9,0,0,18.0,1,100,100,100,119,111,74,157,106,59,106,38,39,61,105,96,126,22,127,20,57,133,33,19,110,188,83,23,4,101,,61.9,9.0,0.0,126.2,16,100,67,10,177,0.625,0.2,1,92.65,1,111,183,-64.3,-72.7,180,159,1,0.0,128.0,16,0.057,133,143,126.2,177,61.9,116.95,55,0.0,35,111.18,74,111.18,-64.3,31.3,42,0.0,55.4,0.222,0.325,0.229,0.111,117,31,133,105,181,2.0,153,181,0.224,46,12.0,37.0,6.0,32.0,0.156,10.0,1.0,0.0,0.188,2.0,8.0,0.667,2.0,0.571,0.357,2.0,5.0,0.5,0.071,0.0,1.0,0.0,3.0,1.0,14.0,0.143,0.0,7.0,5.15,0.152,0.0,2.0,46.0,0.0,0.0,20.0,3.9,0.0,5.08,0.0,0.5,0.5,0.0,7.9,7.9,4.0,0.0,0.0,2.0,0.5,0.0,0.0,0.0,0.0,4.0,0.0,0.0,0.5,2.0,0.0,0.0,0.0,0.0,,,,,,,,,,,,,,,0.0,1.0,0.444,0.111,0.25,1.0,0.0,3.0,4.0,1.0,0.333,0.25,0.333,1.0,0.0,1.0,1.0,0.111,1.0,0.0,0.0,,1.0,0.111,1.0,1.0,4.0,0.0,0.0,4.0,0.0,0.0,0.444,0.0,0.0,,0.444,0.0,0.0,0.0,3.0,0.0,0.0,0.0,3.0,0.0,0.0,0.0,0.0,0.0,0.0,0.0,0.222,0.0,0.0,0.0,0.0,0.0,0.0,0.0,0.0,0.0,0.0,0.0,3.0,0.0,0.0,2.0,0.0,0.0,0.0,0.0,0.0,0.0,0.0,4.0,0.0,2.0,0.5,2.0,13.0,0.321,G,0.5,0.638,26.0,-0.138,,4.0,0.0,1.0,,0.0,0.0,0.0,0.0,0.0,2.0,0.0,,,0.5,0.0,0.0,0.0,0.0,,0.0,0.0,0.0,0.0,DAL,,0.0,4.0,2.0,0.0,0.0,0.0,0.0,2.0,2026,22500046,,,,,,,,,,,,,1.0,1.0,2.0,0.5,0.717,-0.217,0.5,1.0,1.0,1.0,0.744,0.256,0.5,1.0,1.0,1.0,0.738,0.262,0.5,0.0,1.0,0.0,0.367,-0.367,0.0,0.0,0.0,2.0,0.0,0.0,0.0,1.0,2.0,3.0,0.333,0.667,0.0,0.0,0.0,0.0,0.0,0.0,0.0,0.0,0.0,46.0,0.0,0.0,0.0,0.0,0.0,0.0,0.0,0.0,0.0,0.0,0.0,0.0,0.0,0.0,0.0,0.0,0.0,,,,,,,,,,,,DAL,LAC,20251114,2025-26,False,DAL,LAC,,,2.0,0.533,1.0,0.5,-0.033,,,,,,,,,,,,,,,,,,,,,,,,,,,,,,0.8,0.6,4.75,5.05,1.4,4.42,18.1,7606.0,,,,,,,,,,,,,,,,,,,,,,,,,,,,,,,,,,,,,,,,,,,,,DAL,,,,,,DAL,,,,,,,,,,,,1.0,,LAC,1610612746.0
1630314,Brandon Williams,Brandon,1610612742,DAL,26.0,1,0,1,0.0,20.866666666666667,4,13,0.308,1,4,0.25,3,4,0.75,1,1,2,5,3,1,0,2,0,3,12,-6,21.9,0,0,22.0,1,107,107,107,130,83,44,149,73,74,92,34,32,66,62,140,135,27,16,44,62,201,1,33,78,156,102,17,2,94,,97.8,13.0,1.67,110.9,63,57,122,94,165,0.455,0.048,156,88.18,154,83,168,-13.0,-17.9,158,151,9,13.0,117.0,63,0.042,107,136,110.9,165,97.8,102.36,16,13.2,164,105.81,44,105.81,-13.0,21.7,46,0.037,99.1,0.346,0.407,0.327,0.082,162,72,107,93,151,4.0,145,151,0.333,13,15.0,47.0,5.0,36.0,0.139,12.0,0.0,0.0,0.139,2.0,9.0,0.333,2.0,0.529,0.412,4.0,7.0,0.75,0.118,0.0,2.0,0.0,6.0,3.0,17.0,0.118,1.0,12.0,5.82,0.214,0.0,0.0,56.0,0.0,0.0,20.0,5.1,0.0,5.44,0.0,0.5,1.0,3.0,6.4,10.9,1.0,0.0,0.0,1.0,0.5,0.333,1.0,0.333,0.5,4.0,1.0,15.5,1.0,1.0,1.0,0.0,0.0,0.0,,,,,,,,,,,,,,,1.0,2.0,0.538,0.077,0.5,3.0,1.0,6.0,7.0,1.0,0.333,0.429,0.462,1.0,0.0,4.0,0.333,0.308,3.0,0.077,1.0,0.0,0.25,0.231,0.25,1.0,2.0,0.0,0.0,2.0,0.0,0.0,0.154,0.0,0.0,,0.154,0.0,0.0,0.333,3.0,1.0,0.5,1.0,1.0,3.0,1.0,0.0,0.0,0.0,0.0,0.0,0.346,0.0,0.0,0.0,0.0,,2.0,0.0,2.0,0.0,0.0,0.0,3.0,1.0,0.0,0.0,,1.0,0.5,1.0,0.0,0.0,0.333,5.0,,1.0,0.4,2.0,34.0,0.36,G,0.63,0.611,54.0,0.019,0.0,1.0,1.0,3.0,0.0,0.333,1.0,0.0,0.0,1.0,2.0,0.0,0.0,0.0,0.4,0.0,0.0,0.0,2.0,0.0,0.0,1.0,1.0,0.0,DAL,0.0,0.0,5.0,3.0,0.0,0.0,0.0,0.0,3.0,2026,22500286,,,,,,,0.167,0.0,1.0,0.0,0.361,-0.361,0.833,4.0,5.0,0.8,0.554,0.246,0.5,3.0,3.0,1.0,0.529,0.471,0.667,4.0,4.0,1.0,0.526,0.474,0.167,0.0,1.0,0.0,0.355,-0.355,1.0,1.0,0.0,2.0,0.0,0.0,0.0,0.0,0.0,0.0,0.0,0.0,0.0,0.0,0.0,0.0,0.0,0.0,0.0,0.0,0.0,56.0,0.0,0.0,0.0,0.0,0.0,0.0,0.0,0.0,0.0,0.0,0.0,0.0,0.0,0.0,0.0,0.0,0.0,,,,,,,,,,,,MIA,DAL,20251124,2025-26,False,DAL,MIA,,,6.0,0.499,4.0,0.667,0.168,,,,,,,,,,,,,,,,,,,,,,,,,,,,,,1.0,0.7,4.9,5.34,1.6,5.03,20.9,8685.0,,,,,,,,,,,,,,,,,,,,,,,,,,,,,,,,,,,,,,,,,,,,,DAL,,,,,,DAL,,,,,,,,,,,,1.0,,MIA,1610612748.0
1630314,Brandon Williams,Brandon,1610612742,DAL,26.0,1,0,1,0.0,20.415,2,11,0.182,1,6,0.167,4,4,1.0,1,1,2,4,3,1,0,3,4,3,9,-7,17.4,0,0,18.0,1,92,92,92,115,113,60,153,59,35,98,23,35,1,60,126,120,39,23,43,68,176,150,39,93,137,115,12,3,110,,90.2,11.0,1.33,104.8,149,58,160,144,149,0.571,0.042,139,81.31,135,113,160,-14.5,-25.5,162,152,2,15.0,109.6,149,0.042,69,91,104.8,149,90.2,98.99,9,15.2,146,97.58,60,97.58,-14.5,20.0,41,0.042,84.0,0.227,0.353,0.32,-0.009,137,67,69,79,140,2.0,142,140,0.321,7,10.0,40.0,4.0,34.0,0.118,8.0,0.0,0.0,0.118,1.0,3.0,0.2,1.0,0.25,0.5,4.0,6.0,1.0,0.167,1.0,2.0,0.083,5.0,4.0,12.0,0.083,0.0,9.0,6.0,0.18,0.0,1.0,50.0,0.0,0.0,19.0,4.5,0.0,5.36,0.0,0.4,1.0,4.0,9.3,5.3,1.0,1.0,1.0,1.0,0.5,0.333,1.0,0.25,0.5,5.0,1.0,1.4,1.0,1.0,1.0,0.0,0.0,0.0,0.0,0.0,0.182,0.0,1.0,0.0,0.0,2.0,0.182,0.0,,2.0,0.0,0.0,,1.0,0.273,0.0,0.333,1.0,0.0,3.0,3.0,0.0,0.333,0.333,0.273,0.0,0.0,1.0,,0.091,0.0,0.091,1.0,0.0,0.0,0.0,0.0,0.0,5.0,0.0,0.0,5.0,0.2,0.0,0.455,0.3,0.2,,0.455,1.0,1.0,0.5,2.0,0.0,0.5,0.0,1.0,2.0,1.0,0.0,0.0,0.0,0.2,0.0,0.227,0.0,0.0,3.0,0.0,0.0,2.0,0.0,0.0,0.0,0.0,0.0,3.0,1.0,0.0,2.0,0.0,1.0,0.5,1.0,0.0,0.0,0.333,3.0,0.0,3.0,0.0,0.0,23.0,0.325,G,0.605,0.625,38.0,-0.02,0.0,4.0,0.0,2.0,0.0,0.5,1.0,0.0,0.0,1.0,0.0,0.0,0.0,0.0,0.0,1.0,0.0,0.0,1.0,0.0,1.0,0.0,0.0,0.0,DAL,0.0,0.0,3.0,5.0,0.3,1.0,0.2,1.0,5.0,2026,22500262,,,,,,,0.6,1.0,6.0,0.167,0.423,-0.256,0.4,4.0,4.0,1.0,0.563,0.437,0.1,1.0,1.0,1.0,0.563,0.437,0.2,2.0,2.0,1.0,0.584,0.417,0.6,1.0,6.0,0.167,0.419,-0.252,4.0,2.0,2.0,1.0,0.0,0.0,0.0,0.0,0.0,0.0,0.0,0.0,0.0,1.0,1.0,1.0,1.0,0.0,1.0,1.0,1.0,50.0,0.0,0.0,0.0,0.0,0.0,0.0,0.0,0.0,0.0,0.0,0.0,0.0,0.0,0.0,0.0,0.0,0.0,,,,,,,,,,,,DAL,NYK,20251119,2025-26,False,DAL,NYK,DAL,,10.0,0.454,5.0,0.5,0.046,,,,,,,,,,,,,,,,,,,,,,,,,,,,,,0.8,0.7,4.59,4.67,1.5,4.51,20.4,7981.0,,,,,,,,,,,,,,,,,,,,,,,,,,,,,,,,,,,,,,,,,,,,,DAL,,,,,,DAL,,,,,,,,,,,,1.0,,NYK,1610612752.0
1630314,Brandon Williams,Brandon,1610612742,DAL,26.0,1,0,1,0.0,24.293333333333333,4,12,0.333,1,3,0.333,6,6,1.0,1,4,5,2,2,1,1,1,3,6,15,-8,28.0,0,0,27.0,1,89,89,89,84,64,35,115,49,72,58,10,16,1,38,44,47,65,36,33,19,118,112,5,44,130,46,13,2,48,,94.4,12.0,1.0,109.3,57,50,75,87,137,0.143,0.167,102,88.91,100,64,120,-14.8,-14.2,129,118,65,10.5,110.7,57,0.098,83,96,109.3,137,94.4,104.84,26,10.7,51,106.7,35,106.7,-14.8,10.5,54,0.037,96.5,0.375,0.512,0.283,0.106,63,101,83,65,120,4.0,95,120,0.283,22,6.0,38.0,3.0,28.0,0.071,4.0,0.0,1.0,0.107,2.0,7.0,0.333,2.0,0.438,0.5,4.0,8.0,1.0,0.125,0.0,2.0,0.0,6.0,4.0,16.0,0.125,1.0,15.0,5.6,0.3,0.0,1.0,50.0,0.0,0.0,18.0,4.4,0.0,5.24,0.0,0.833,0.8,1.0,11.8,11.8,5.0,0.0,0.0,4.0,0.833,1.0,0.0,1.0,0.0,6.0,0.0,11.6,0.8,5.0,0.0,1.0,0.0,0.0,,,,,,,,,,,,,,,,3.0,0.5,0.0,0.5,3.0,0.0,6.0,6.0,0.0,0.5,0.5,0.5,0.0,0.0,2.0,0.0,0.167,2.0,0.0,0.0,,0.0,0.167,0.0,0.0,4.0,0.0,1.0,3.0,0.333,0.083,0.25,0.375,0.25,0.0,0.333,1.0,1.0,0.0,4.0,0.0,0.0,0.0,1.0,0.0,0.0,0.0,0.0,0.0,0.5,0.0,0.375,0.0,0.0,3.0,1.0,0.0,2.0,1.0,2.0,0.0,1.0,0.0,2.0,1.0,0.0,0.0,0.0,1.0,0.5,0.0,1.0,0.0,0.0,5.0,0.0,1.0,0.4,2.0,22.0,0.346,G,0.595,0.626,37.0,-0.032,,2.0,0.0,1.0,,0.0,0.0,0.0,0.0,2.0,2.0,1.0,,,0.4,0.0,0.0,0.5,2.0,,0.0,1.0,0.5,0.0,DAL,,0.0,5.0,2.0,0.75,1.0,0.5,1.0,2.0,2026,22500246,,,,,,,0.583,2.0,7.0,0.286,0.417,-0.131,0.417,4.0,5.0,0.8,0.519,0.281,0.417,4.0,5.0,0.8,0.584,0.216,0.417,4.0,5.0,0.8,0.556,0.244,0.583,2.0,7.0,0.286,0.411,-0.125,1.0,0.0,1.0,1.0,0.0,0.0,0.0,0.0,0.0,0.0,0.0,0.0,0.0,0.0,0.0,0.0,0.0,0.0,0.0,0.0,0.0,50.0,0.0,0.0,0.0,0.0,0.0,0.0,0.0,0.0,0.0,0.0,0.0,0.0,0.0,0.0,0.0,0.0,0.0,,,,,,,,,,,,MIN,DAL,20251117,2025-26,False,DAL,MIN,,,12.0,0.474,6.0,0.5,0.026,,,,,,,,,,,,,,,,,,,,,,,,,,,,,,1.0,0.8,4.76,5.2,1.8,4.31,24.3,9618.0,,,,,,,,,,,,,,,,,,,,,,,,,,,,,,,,,,,,,,,,,,,,,DAL,,,,,,DAL,,,,,,,,,,,,1.0,,MIN,1610612750.0
1630314,Brandon Williams,Brandon,1610612742,DAL,26.0,1,1,0,1.0,28.33333333333333,1,12,0.083,1,7,0.143,2,2,1.0,2,3,5,12,6,1,2,2,1,2,5,1,32.0,0,0,29.0,1,1,1,1,65,143,44,172,69,16,110,50,66,1,29,58,53,2,2,52,8,179,36,63,126,81,56,15,2,61,,128.3,12.0,2.0,124.6,130,31,146,110,46,0.462,0.125,167,85.41,167,143,87,3.7,2.1,52,172,10,19.4,124.5,130,0.094,143,135,124.6,46,128.3,103.24,30,19.4,82,102.49,44,102.49,3.7,38.7,60,0.069,126.6,0.125,0.194,0.268,0.032,81,20,143,52,78,1.0,175,78,0.267,28,32.0,54.0,12.0,44.0,0.273,14.0,0.0,0.0,0.273,0.0,3.0,0.0,0.0,0.3,0.0,0.0,0.0,0.0,0.0,2.0,0.0,0.2,4.0,0.0,10.0,0.0,0.0,5.0,6.13,0.075,0.0,0.0,67.0,0.0,0.0,19.0,6.3,0.0,5.61,0.333,0.5,0.6,5.0,13.8,14.8,5.0,0.0,1.0,2.0,0.556,0.4,0.0,0.4,0.2,10.0,1.0,16.4,0.75,4.0,0.0,2.0,1.0,1.0,,,,,,,,,,,,,,,,0.0,0.333,0.0,0.0,0.0,0.0,4.0,4.0,0.0,0.0,0.0,0.333,0.0,0.0,5.0,0.0,0.417,1.0,0.333,4.0,0.0,0.0,0.083,0.0,0.0,3.0,0.0,0.0,3.0,0.333,0.0,0.25,0.5,0.333,,0.25,1.0,1.0,0.0,5.0,0.0,0.0,0.0,4.0,0.0,0.0,0.0,0.0,0.0,0.333,0.0,0.125,0.0,0.0,3.0,0.0,0.0,2.0,0.0,0.0,0.0,0.0,0.0,5.0,2.0,0.0,0.0,0.0,0.0,0.0,1.0,0.0,0.0,0.2,3.0,0.0,2.0,0.0,0.0,29.0,0.346,G,0.644,0.619,45.0,0.025,0.0,3.0,0.0,4.0,0.0,0.25,1.0,0.0,0.0,2.0,0.0,0.0,0.0,0.0,0.0,0.0,0.0,0.0,0.0,0.0,0.0,0.0,0.0,0.0,DAL,0.0,0.0,3.0,3.0,0.5,1.0,0.333,1.0,3.0,2026,22500052,,,,,,,0.385,1.0,5.0,0.2,0.347,-0.147,0.615,7.0,8.0,0.875,0.517,0.358,0.538,6.0,7.0,0.857,0.588,0.269,0.615,7.0,8.0,0.875,0.555,0.32,0.385,1.0,5.0,0.2,0.35,-0.15,4.0,1.0,3.0,3.0,0.0,0.0,0.0,1.0,0.0,1.0,1.0,0.0,0.0,0.0,0.0,0.0,0.0,0.0,0.0,0.0,0.0,67.0,0.0,0.0,0.0,0.0,0.0,0.0,0.0,0.0,0.0,0.0,0.0,0.0,0.0,0.0,0.0,0.0,0.0,,,,,,,,,,,,DAL,NOP,20251121,2025-26,False,DAL,NOP,,,13.0,0.433,8.0,0.615,0.182,,,,,,,,,,,,,,,,,,,,,,,,,,,,,,1.2,1.0,4.96,5.05,2.2,4.85,28.3,11478.0,,,,,,,,,,,,,,,,,,,,,,,,,,,,,,,,,,,,,,,,,,,,,DAL,,,,,,DAL,,,,,,,,,,,,1.0,,NOP,1610612740.0
1630314,Brandon Williams,Brandon,1610612742,DAL,26.0,1,0,1,0.0,18.716666666666665,4,9,0.444,1,3,0.333,1,2,0.5,0,1,1,3,1,2,0,1,2,1,10,6,20.7,0,0,19.0,1,119,119,119,146,88,88,115,80,102,90,109,77,111,131,158,179,58,88,16,70,173,112,112,106,46,114,21,3,118,,111.9,9.0,3.0,100.0,87,21,119,119,113,0.2,0.059,120,88.69,118,88,80,11.9,6.6,120,113,70,7.1,104.3,87,0.024,53,84,100.0,113,111.9,104.79,65,7.2,171,106.43,88,106.43,11.9,21.4,42,0.0,110.8,0.5,0.506,0.224,0.09,203,84,53,131,60,4.0,139,60,0.23,65,8.0,28.0,4.0,25.0,0.12,4.0,0.0,1.0,0.16,3.0,4.0,0.5,2.0,0.308,0.538,2.0,7.0,0.5,0.077,1.0,1.0,0.077,6.0,1.0,13.0,0.154,0.0,10.0,5.38,0.25,0.0,0.0,40.0,0.0,0.0,16.0,3.5,0.0,5.31,0.0,0.333,0.5,1.0,4.2,4.2,2.0,0.0,0.0,1.0,0.333,0.0,0.0,0.0,0.0,3.0,0.0,0.0,0.5,1.0,0.0,0.0,0.0,0.0,,,,,,,,,,,,,,,,2.0,0.556,0.0,0.4,2.0,0.0,5.0,5.0,0.0,0.4,0.4,0.556,1.0,0.0,2.0,1.0,0.222,1.0,0.111,1.0,0.0,0.5,0.111,0.5,1.0,2.0,0.0,0.0,2.0,0.5,0.0,0.222,0.75,0.5,,0.222,1.0,1.0,1.0,1.0,,1.0,0.0,0.0,2.0,1.0,0.0,0.0,0.0,0.333,0.0,0.5,0.0,0.0,3.0,0.0,0.0,2.0,0.0,0.0,0.0,0.0,0.0,2.0,0.0,0.0,1.0,0.0,1.0,0.5,1.0,0.0,0.0,0.5,4.0,0.0,1.0,0.5,2.0,8.0,0.293,G,0.667,0.657,12.0,0.01,0.0,3.0,0.0,0.0,0.0,0.0,0.0,0.0,0.0,2.0,2.0,1.0,0.0,0.0,0.5,0.0,0.0,0.333,0.0,0.0,0.0,1.0,0.5,0.0,DAL,0.0,0.0,4.0,3.0,0.5,1.0,0.333,1.0,3.0,2026,22500177,,,,,,,0.417,1.0,5.0,0.2,0.359,-0.159,0.583,4.0,7.0,0.571,0.517,0.054,0.25,2.0,3.0,0.667,0.664,0.003,0.333,3.0,4.0,0.75,0.622,0.129,0.5,1.0,6.0,0.167,0.352,-0.185,5.0,1.0,4.0,5.0,0.0,0.0,0.0,0.0,0.0,0.0,0.0,0.0,0.0,0.0,0.0,0.0,0.0,0.0,0.0,0.0,0.0,40.0,0.0,0.0,0.0,0.0,0.0,0.0,0.0,0.0,0.0,0.0,0.0,0.0,0.0,0.0,0.0,0.0,0.0,,,,,,,,,,,,DAL,NOP,20251105,2025-26,False,DAL,NOP,,,12.0,0.438,5.0,0.417,-0.022,,,,,,,,,,,,,,,,,,,,,,,,,,,,,,0.7,0.7,4.61,4.76,1.4,4.49,18.7,7500.0,,,,,,,,,,,,,,,,,,,,,,,,,,,,,,,,,,,,,,,,,,,,,DAL,,,,,,DAL,,,,,,,,,,,,1.0,,NOP,1610612740.0
1630314,Brandon Williams,Brandon,1610612742,DAL,26.0,1,0,1,0.0,16.623333333333335,3,7,0.429,1,4,0.25,5,8,0.625,0,0,0,0,3,1,0,0,2,4,12,2,12.0,0,0,15.0,1,71,71,71,89,56,60,74,41,36,65,13,7,55,64,115,123,102,7,24,36,1,69,15,44,51,90,11,1,74,,110.8,7.0,0.0,105.4,35,65,113,36,76,0.0,0.0,126,89.03,126,56,62,5.4,1.5,79,70,102,21.4,107.5,35,0.0,51,52,105.4,76,110.8,106.66,6,22.2,115,106.84,60,106.84,5.4,0.0,37,0.0,109.0,0.5,0.57,0.333,0.015,123,102,51,64,56,3.0,67,56,0.333,4,0.0,30.0,0.0,21.0,0.0,1.0,0.0,0.0,0.0,1.0,4.0,0.5,0.0,0.444,0.556,4.0,5.0,0.75,0.222,1.0,2.0,0.111,2.0,3.0,9.0,0.0,0.0,12.0,4.77,0.343,0.0,0.0,35.0,0.0,0.0,17.0,2.5,0.0,4.23,,,,,,,,,,,,,,,,,,,,,,,,,0.0,0.0,0.143,1.0,1.0,1.0,1.0,1.0,0.143,1.0,,1.0,1.0,0.0,,0.0,0.143,0.0,0.0,0.0,0.0,1.0,1.0,0.0,0.0,0.0,0.143,1.0,1.0,2.0,1.0,0.286,1.0,0.143,1.0,1.0,1.0,0.143,1.25,2.0,3.0,0.0,0.0,3.0,0.0,0.0,0.429,0.0,0.0,,0.429,0.0,0.0,1.0,1.0,,1.0,0.0,0.0,2.0,1.0,0.0,0.0,0.0,0.25,0.0,0.5,0.0,0.0,3.0,0.0,0.0,1.0,0.0,1.0,0.0,0.0,0.0,1.0,2.0,1.0,1.0,0.0,1.0,1.0,1.0,0.0,1.0,1.0,1.0,0.0,3.0,0.0,0.0,4.0,0.292,G,0.571,0.664,7.0,-0.093,0.0,3.0,1.0,1.0,,1.0,1.0,1.0,0.0,0.0,1.0,0.0,0.0,0.0,0.5,0.0,0.0,0.0,0.0,,0.0,0.0,0.0,0.0,DAL,,1.0,2.0,4.0,0.375,1.0,0.25,1.0,4.0,2026,22500147,,,,,,,0.143,0.0,1.0,0.0,0.333,-0.333,0.857,1.0,6.0,0.167,0.515,-0.348,0.429,1.0,3.0,0.333,0.63,-0.296,0.429,1.0,3.0,0.333,0.567,-0.233,0.429,0.0,3.0,0.0,0.348,-0.348,3.0,2.0,1.0,1.0,0.0,0.0,0.0,0.0,1.0,1.0,0.0,1.0,0.0,0.0,0.0,0.0,0.0,0.0,0.0,0.0,0.0,35.0,0.0,0.0,0.0,0.0,0.0,0.0,0.0,0.0,0.0,0.0,0.0,0.0,0.0,0.0,0.0,0.0,0.0,,,,,,,,,,,,DET,DAL,20251101,2025-26,False,DAL,DET,DAL,,7.0,0.459,1.0,0.143,-0.316,,,,,,,,,,,,,,,,,,,,,,,,,,,,,,0.8,0.6,4.78,5.68,1.3,4.56,16.6,7072.0,,,,,,,,,,,,,,,,,,,,,,,,,,,,,,,,,,,,,,,,,,,,,DAL,,,,,,DAL,,,,,,,,,,,,1.0,,DET,1610612765.0
1630314,Brandon Williams,Brandon,1610612742,DAL,26.0,1,1,0,1.0,13.15,1,5,0.2,0,1,0.0,0,0,0.0,0,1,1,4,0,0,0,2,1,0,2,1,9.2,0,0,7.0,1,1,1,1,154,147,126,157,113,132,113,100,105,100,96,132,146,42,115,94,56,178,46,134,158,89,153,15,2,158,,127.6,5.0,0.0,128.6,90,98,153,93,42,0.286,0.111,1,86.69,1,147,126,-1.0,-11.0,71,158,30,0.0,133.5,90,0.036,147,160,128.6,42,127.6,104.32,125,0.0,91,104.03,126,104.03,-1.0,44.4,29,0.0,122.5,0.2,0.2,0.147,0.024,147,15,147,96,97,1.0,163,97,0.151,127,10.0,26.0,4.0,23.0,0.174,4.0,0.0,0.0,0.174,1.0,1.0,0.333,0.0,0.2,0.4,0.0,2.0,0.0,0.0,0.0,0.0,0.0,3.0,0.0,5.0,0.0,1.0,2.0,4.13,0.065,0.0,1.0,31.0,0.0,0.0,14.0,2.3,0.0,4.45,0.0,0.333,1.0,2.0,8.1,8.1,1.0,0.0,0.0,1.0,0.333,0.0,0.0,0.0,0.0,3.0,0.0,0.0,1.0,1.0,0.0,0.0,0.0,0.0,0.0,0.0,0.2,0.0,1.0,0.0,0.0,1.0,0.2,0.0,,1.0,0.0,0.0,,1.0,0.6,0.0,0.333,1.0,0.0,3.0,3.0,0.0,0.333,0.333,0.6,,,,,,,,,,,,,,1.0,0.0,0.0,1.0,0.0,0.0,0.2,0.0,0.0,,0.2,0.0,0.0,,0.0,,,0.0,0.0,0.0,0.0,0.0,0.0,0.0,0.0,0.0,0.2,0.0,0.0,0.0,0.0,0.0,0.0,0.0,0.0,0.0,0.0,0.0,1.0,0.0,0.0,0.0,0.0,0.0,0.0,0.0,0.0,0.0,0.0,4.0,0.0,0.0,0.25,1.0,40.0,0.357,G,0.656,0.619,61.0,0.037,,0.0,0.0,1.0,0.0,0.0,0.0,0.0,0.0,0.0,1.0,0.0,,,0.25,0.0,0.0,0.0,0.0,0.0,0.0,0.0,0.0,0.0,DAL,0.0,0.0,4.0,1.0,0.0,0.0,0.0,0.0,1.0,2026,22500315,,,,,,,0.2,1.0,1.0,1.0,0.39,0.61,0.8,3.0,4.0,0.75,0.584,0.166,0.4,2.0,2.0,1.0,0.567,0.434,0.6,3.0,3.0,1.0,0.622,0.378,0.2,1.0,1.0,1.0,0.398,0.602,1.0,0.0,1.0,3.0,0.0,0.0,0.0,0.0,0.0,0.0,0.0,0.0,0.0,0.0,0.0,0.0,0.0,0.0,0.0,0.0,0.0,31.0,0.0,0.0,0.0,0.0,0.0,0.0,0.0,0.0,0.0,0.0,0.0,0.0,0.0,0.0,0.0,0.0,0.0,,,,,,,,,,,,DEN,DAL,20251201,2025-26,False,DAL,DEN,DAL,,5.0,0.487,4.0,0.8,0.313,,,,,,,,,,,,,,,,,,,,,,,,,,,,,,0.5,0.4,4.68,4.56,1.0,3.85,13.2,5235.0,,,,,,,,,,,,,,,,,,,,,,,,,,,,,,,,,,,,,,,,,,,,,DAL,,,,,,DAL,,,,,,,,,,,,1.0,,DEN,1610612743.0
1630314,Brandon Williams,Brandon,1610612742,DAL,26.0,1,0,1,0.0,24.10833333333333,3,11,0.273,1,3,0.333,4,6,0.667,0,2,2,3,1,1,0,0,4,4,11,9,19.9,0,0,19.0,1,111,111,111,110,115,65,178,77,105,84,37,25,93,127,111,138,56,86,44,80,1,183,26,97,44,121,21,4,119,,128.8,11.0,3.0,109.4,88,20,184,90,40,0.158,0.105,93,87.11,90,115,62,19.4,14.2,53,184,81,5.6,110.0,88,0.042,83,97,109.4,40,128.8,106.16,57,5.7,120,104.53,65,104.53,19.4,16.7,52,0.0,124.3,0.318,0.403,0.238,0.02,162,104,83,127,46,3.0,173,46,0.236,48,8.0,40.0,5.0,34.0,0.088,7.0,1.0,1.0,0.147,1.0,4.0,0.143,0.0,0.308,0.231,2.0,3.0,0.5,0.077,0.0,1.0,0.0,7.0,1.0,13.0,0.0,0.0,11.0,4.89,0.208,0.0,0.0,53.0,0.0,0.0,16.0,4.2,0.0,4.79,0.0,0.333,0.4,1.0,5.4,5.4,5.0,0.0,1.0,2.0,0.4,0.0,0.0,0.0,0.0,6.0,0.0,0.0,0.5,2.0,0.0,0.0,1.0,0.0,,,,,,,,,,,,,,,,2.0,0.636,0.0,0.286,2.0,0.0,7.0,7.0,0.0,0.286,0.286,0.636,0.0,0.0,1.0,0.0,0.091,1.0,0.0,0.0,,0.0,0.091,0.0,0.0,3.0,0.0,0.0,3.0,0.333,0.0,0.273,0.5,0.333,,0.273,1.0,1.0,0.0,1.0,,0.0,0.0,0.0,0.0,0.0,0.0,0.0,0.0,0.333,0.0,0.318,0.0,0.0,3.0,0.0,,5.0,0.0,0.0,0.0,0.0,0.0,3.0,0.0,0.0,0.0,,1.0,0.2,1.0,0.0,0.0,0.333,3.0,,0.0,0.333,1.0,37.0,0.363,G,0.638,0.621,58.0,0.017,,0.0,0.0,3.0,0.0,0.333,1.0,0.0,,3.0,1.0,0.0,,,0.2,0.0,,0.0,0.0,0.0,0.0,1.0,0.333,,DAL,0.0,0.0,5.0,3.0,0.5,1.0,0.333,1.0,3.0,2026,22500078,,,,,,,0.6,2.0,6.0,0.333,0.364,-0.031,0.4,3.0,4.0,0.75,0.626,0.124,0.4,3.0,4.0,0.75,0.762,-0.012,0.4,3.0,4.0,0.75,0.685,0.065,0.6,2.0,6.0,0.333,0.38,-0.046,1.0,0.0,1.0,2.0,0.0,0.0,0.0,0.0,0.0,0.0,0.0,0.0,0.0,0.0,0.0,0.0,0.0,0.0,0.0,0.0,0.0,53.0,0.0,0.0,0.0,0.0,0.0,0.0,0.0,0.0,0.0,0.0,0.0,0.0,0.0,0.0,0.0,0.0,0.0,,,,,,,,,,,,LAL,DAL,20251128,2025-26,False,DAL,LAL,,,10.0,0.479,5.0,0.5,0.022,,,,,,,,,,,,,,,,,,,,,,,,,,,,,,0.9,0.8,4.61,4.86,1.8,3.9,24.1,9357.0,,,,,,,,,,,,,,,,,,,,,,,,,,,,,,,,,,,,,,,,,,,,,DAL,,,,,,DAL,,,,,,,,,,,,1.0,,LAL,1610612747.0
1630314,Brandon Williams,Brandon,1610612742,DAL,26.0,1,0,1,0.0,31.83,6,11,0.545,2,4,0.5,4,4,1.0,1,2,3,4,1,1,0,0,3,5,18,-2,29.6,0,0,29.0,1,81,81,81,27,32,40,53,30,48,25,21,26,1,40,69,66,27,45,19,48,1,109,12,29,94,41,13,2,43,,110.0,11.0,4.0,113.3,155,11,42,148,95,0.211,0.057,84,75.4,82,32,85,-3.3,-2.1,101,45,40,5.6,112.0,155,0.043,66,58,113.3,95,110.0,91.08,63,5.6,116,90.48,40,90.48,-3.3,22.2,60,0.029,109.9,0.636,0.705,0.2,0.132,112,54,66,79,88,6.0,40,88,0.202,58,11.0,59.0,6.0,52.0,0.077,14.0,1.0,1.0,0.115,4.0,8.0,0.8,1.0,0.5,0.75,4.0,12.0,1.0,0.125,1.0,2.0,0.063,5.0,4.0,16.0,0.063,0.0,18.0,4.67,0.269,0.0,0.0,67.0,0.0,0.0,33.0,5.1,0.0,4.53,0.0,0.5,0.4,1.0,3.4,5.3,5.0,0.0,0.0,2.0,0.5,1.0,0.0,1.0,0.0,6.0,0.0,9.1,0.4,3.0,0.0,1.0,0.0,0.0,0.0,0.0,0.091,1.0,1.0,1.0,1.0,1.0,0.091,1.0,,1.0,1.0,0.0,,3.0,0.364,0.0,0.75,3.0,0.0,4.0,4.0,0.0,0.75,0.75,0.364,0.0,2.0,4.0,0.0,0.364,2.0,0.182,2.0,1.0,0.5,0.182,0.75,2.0,2.0,0.0,0.0,2.0,0.0,0.0,0.182,0.0,0.0,,0.182,0.0,0.0,0.5,2.0,1.0,0.75,1.0,1.0,3.0,1.0,0.0,0.0,0.0,0.333,0.0,0.636,0.0,0.0,3.0,0.0,0.0,0.0,0.0,1.0,0.0,0.0,0.0,3.0,0.0,0.0,1.0,0.0,0.0,0.0,2.0,0.0,0.0,0.667,6.0,0.0,1.0,0.667,4.0,31.0,0.354,G,0.608,0.616,51.0,-0.008,,1.0,1.0,3.0,,0.667,2.0,0.0,0.0,0.0,4.0,0.0,,,0.667,0.0,0.0,0.0,0.0,,0.0,0.0,0.0,0.0,DAL,,0.0,6.0,3.0,0.5,1.0,0.333,1.0,3.0,2026,22500273,,,,,,,0.214,0.0,3.0,0.0,0.346,-0.346,0.786,5.0,11.0,0.455,0.508,-0.053,0.429,2.0,6.0,0.333,0.591,-0.258,0.714,5.0,10.0,0.5,0.545,-0.045,0.286,0.0,4.0,0.0,0.37,-0.37,5.0,2.0,3.0,5.0,0.0,0.0,0.0,0.0,0.0,0.0,0.0,0.0,0.0,0.0,0.0,0.0,0.0,0.0,0.0,0.0,0.0,67.0,0.0,0.0,0.0,0.0,0.0,0.0,0.0,0.0,0.0,0.0,0.0,0.0,0.0,0.0,0.0,0.0,0.0,,,,,,,,,,,,DAL,MEM,20251122,2025-26,False,DAL,MEM,DAL,,14.0,0.413,5.0,0.357,-0.056,,,,,,,,,,,,,,,,,,,,,,,,,,,,,,1.2,1.1,4.63,4.62,2.3,4.64,31.8,11925.0,,,,,,,,,,,,,,,,,,,,,,,,,,,,,,,,,,,,,,,,,,,,,DAL,,,,,,DAL,,,,,,,,,,,,1.0,,MEM,1610612763.0
1630314,Brandon Williams,Brandon,1610612742,DAL,26.0,1,1,0,1.0,30.73333333333333,5,10,0.5,0,1,0.0,5,6,0.833,1,2,3,6,1,1,0,1,1,5,15,4,29.6,0,0,26.0,1,1,1,1,54,52,58,52,104,119,104,21,20,57,52,87,88,20,56,37,60,108,24,17,53,49,56,17,2,61,,134.4,10.0,6.0,130.2,114,3,57,120,17,0.24,0.05,70,82.65,69,52,51,4.2,8.6,14,76,36,5.0,127.2,114,0.047,134,131,130.2,17,134.4,99.8,70,5.1,136,99.18,58,99.18,4.2,30.0,64,0.042,135.8,0.5,0.593,0.194,0.118,118,31,134,68,63,5.0,70,63,0.197,61,16.0,53.0,7.0,45.0,0.133,13.0,1.0,0.0,0.156,5.0,9.0,0.556,1.0,0.409,0.591,4.0,13.0,0.75,0.091,1.0,2.0,0.045,9.0,3.0,22.0,0.045,0.0,15.0,6.17,0.227,0.0,1.0,66.0,0.0,0.0,29.0,6.3,0.0,5.72,0.0,0.429,0.333,1.0,6.8,7.0,6.0,0.0,0.0,2.0,0.429,1.0,1.0,1.0,0.333,7.0,1.0,7.3,0.333,2.0,1.0,0.0,0.0,0.0,0.0,0.0,0.2,2.0,1.0,2.0,1.0,2.0,0.2,1.0,,2.0,1.0,0.0,,1.0,0.4,0.0,0.25,1.0,0.0,4.0,4.0,0.0,0.25,0.25,0.4,2.0,0.0,3.0,0.667,0.3,3.0,0.0,0.0,,0.667,0.3,0.667,2.0,1.0,0.0,0.0,1.0,0.0,0.0,0.1,0.0,0.0,,0.1,0.0,0.0,0.333,3.0,,0.333,0.0,0.0,2.0,1.0,0.0,0.0,0.0,0.0,0.0,0.5,0.0,0.0,0.0,0.0,0.0,4.0,0.0,0.0,0.0,0.0,0.0,1.0,0.0,0.0,0.0,0.0,2.0,0.5,0.0,0.0,0.0,0.0,5.0,0.0,0.0,0.6,3.0,18.0,0.337,G,0.563,0.633,32.0,-0.071,,0.0,0.0,1.0,0.0,0.0,0.0,0.0,0.0,1.0,4.0,0.0,,,0.667,1.0,0.0,0.0,2.0,0.0,0.5,0.0,0.0,0.0,DAL,0.0,0.0,6.0,1.0,0.0,0.0,0.0,0.0,1.0,2026,22500238,,,,,,,0.286,1.0,4.0,0.25,0.312,-0.062,0.714,7.0,10.0,0.7,0.542,0.158,0.429,5.0,6.0,0.833,0.611,0.222,0.429,5.0,6.0,0.833,0.594,0.24,0.5,2.0,7.0,0.286,0.328,-0.043,4.0,2.0,2.0,3.0,0.0,0.0,0.0,0.0,1.0,1.0,0.0,1.0,0.0,0.0,0.0,0.0,0.0,0.0,0.0,0.0,0.0,66.0,0.0,0.0,0.0,0.0,0.0,0.0,0.0,0.0,0.0,0.0,0.0,0.0,0.0,0.0,0.0,0.0,0.0,,,,,,,,,,,,DAL,POR,20251116,2025-26,False,DAL,POR,DAL,,14.0,0.438,8.0,0.571,0.134,,,,,,,,,,,,,,,,,,,,,,,,,,,,,,1.3,1.0,4.61,5.06,2.3,4.13,30.7,12359.0,,,,,,,,,,,,,,,,,,,,,,,,,,,,,,,,,,,,,,,,,,,,,DAL,,,,,,DAL,,,,,,,,,,,,1.0,,POR,1610612757.0
1630314,Brandon Williams,Brandon,1610612742,DAL,26.0,1,0,1,0.0,33.24666666666667,7,13,0.538,0,3,0.0,3,3,1.0,1,4,5,9,4,3,0,1,0,2,17,11,41.5,0,0,37.0,1,142,142,142,29,31,43,87,158,114,158,45,60,1,68,60,70,5,6,4,84,185,1,76,50,56,22,14,3,32,,120.0,13.0,2.25,105.3,61,51,70,52,100,0.321,0.111,207,90.23,207,31,97,14.7,11.9,118,133,40,14.8,105.4,61,0.077,86,81,105.3,100,120.0,109.47,104,14.6,141,108.28,43,108.28,14.7,33.3,75,0.034,117.3,0.538,0.594,0.214,0.14,141,36,86,127,86,7.0,120,86,0.219,100,23.0,46.0,11.0,42.0,0.214,13.0,0.0,2.0,0.262,3.0,9.0,0.6,3.0,0.529,0.353,0.0,6.0,0.0,0.0,2.0,0.0,0.118,5.0,0.0,17.0,0.176,0.0,17.0,5.41,0.266,0.0,1.0,64.0,0.0,3.0,20.0,5.1,0.0,4.8,0.0,0.556,0.571,2.0,7.1,9.9,7.0,0.0,1.0,4.0,0.625,0.5,0.0,0.5,0.0,9.0,0.0,21.5,0.667,5.0,0.0,1.0,1.0,0.0,0.0,0.0,0.077,0.0,1.0,0.0,0.0,1.0,0.077,0.0,,1.0,0.0,0.0,,4.0,0.385,0.0,0.8,4.0,0.0,5.0,5.0,0.0,0.8,0.8,0.385,2.0,0.0,4.0,0.667,0.308,3.0,0.077,1.0,0.0,0.5,0.231,0.5,2.0,3.0,1.0,1.0,2.0,0.0,0.077,0.154,0.333,0.333,1.0,0.231,0.0,1.0,0.0,3.0,0.0,0.0,0.0,1.0,0.0,0.0,3.0,0.0,0.0,0.0,1.0,0.538,0.0,0.0,0.0,0.0,0.0,3.0,0.0,1.0,0.0,0.0,0.0,3.0,0.0,0.0,0.0,0.0,2.0,0.667,0.0,0.0,0.0,0.0,6.0,0.0,0.0,0.833,5.0,12.0,0.316,G,0.48,0.634,25.0,-0.154,0.0,1.0,0.0,2.0,0.0,0.0,0.0,0.0,0.0,1.0,6.0,0.0,0.0,0.0,0.857,0.0,0.0,0.0,2.0,0.0,0.0,1.0,1.0,0.0,DAL,0.0,0.0,7.0,2.0,0.0,0.0,0.0,0.0,2.0,2026,22500221,,,,,,,0.357,2.0,5.0,0.4,0.409,-0.009,0.643,4.0,9.0,0.444,0.538,-0.093,0.357,1.0,5.0,0.2,0.648,-0.448,0.429,2.0,6.0,0.333,0.585,-0.252,0.429,2.0,6.0,0.333,0.418,-0.085,2.0,1.0,1.0,4.0,0.0,0.0,0.0,0.0,1.0,1.0,0.0,1.0,0.0,0.0,0.0,0.0,0.0,0.0,0.0,0.0,0.0,64.0,0.0,0.0,0.0,0.0,0.0,0.0,0.0,0.0,0.0,0.0,0.0,0.0,0.0,0.0,0.0,0.0,0.0,,,,,,,,,,,,DAL,PHX,20251112,2025-26,False,DAL,PHX,DAL,,14.0,0.469,6.0,0.429,-0.04,,,,,,,,,,,,,,,,,,,,,,,,,,,,,,1.4,1.2,4.69,5.62,2.5,4.21,33.3,13354.0,,,,,,,,,,,,,,,,,,,,,,,,,,,,,,,,,,,,,,,,,,,,,DAL,,,,,,DAL,,,,,,,,,,,,1.0,,PHX,1610612756.0
1630314,Brandon Williams,Brandon,1610612742,DAL,26.0,1,0,1,0.0,8.306666666666667,1,2,0.5,0,1,0.0,0,0,0.0,0,2,2,0,2,3,0,0,2,0,2,-11,11.4,0,0,10.0,1,95,95,95,166,135,159,66,103,133,103,106,115,106,111,95,121,149,39,7,57,1,83,138,156,176,140,18,2,142,,52.6,2.0,0.0,110.5,22,112,52,79,194,0.0,0.2,196,91.49,196,135,190,-57.9,-59.1,196,91,149,50.0,115.4,22,0.08,98,121,110.5,194,52.6,103.9,104,50.0,35,109.79,159,109.79,-57.9,0.0,19,0.0,56.3,0.5,0.5,0.167,0.129,93,149,98,111,187,1.0,114,187,0.176,106,0.0,21.0,1.0,25.0,0.0,5.0,1.0,0.0,0.04,0.0,2.0,0.0,0.0,0.667,0.0,0.0,0.0,0.0,0.0,1.0,0.0,0.333,0.0,0.0,3.0,0.0,0.0,2.0,2.97,0.063,0.0,0.0,32.0,0.0,0.0,11.0,1.6,0.0,3.09,0.5,1.0,1.0,1.0,7.3,7.3,2.0,0.0,0.0,1.0,1.0,0.0,0.0,0.0,0.5,2.0,1.0,0.0,1.0,1.0,0.0,0.0,0.0,1.0,,,,,,,,,,,,,,,,1.0,0.5,0.0,1.0,1.0,0.0,1.0,1.0,0.0,1.0,1.0,0.5,0.0,0.0,1.0,,0.5,0.0,0.5,1.0,0.0,0.0,0.0,0.0,0.0,,,,,,,,,,,,,,0.0,1.0,0.0,0.0,0.0,1.0,0.0,0.0,0.0,0.0,0.0,0.0,0.0,0.5,0.0,0.0,0.0,0.0,0.0,0.0,0.0,0.0,0.0,0.0,0.0,1.0,0.0,0.0,0.0,0.0,0.0,0.0,0.0,0.0,0.0,0.0,1.0,0.0,0.0,1.0,1.0,6.0,0.31,G,0.667,0.654,9.0,0.012,,0.0,,1.0,,0.0,0.0,,0.0,0.0,1.0,0.0,,,1.0,0.0,0.0,0.0,0.0,,0.0,0.0,0.0,0.0,DAL,,,1.0,0.0,,0.0,,0.0,0.0,2026,22500160,,,,,,,,,,,,,1.0,3.0,5.0,0.6,0.531,0.069,0.4,2.0,2.0,1.0,0.621,0.38,0.6,2.0,3.0,0.667,0.59,0.076,,,,,,,2.0,2.0,0.0,3.0,0.0,0.0,0.0,0.0,1.0,1.0,0.0,1.0,0.0,0.0,0.0,0.0,0.0,0.0,0.0,0.0,0.0,32.0,0.0,0.0,0.0,0.0,0.0,0.0,0.0,0.0,0.0,0.0,0.0,0.0,0.0,0.0,0.0,0.0,0.0,,,,,,,,,,,,HOU,DAL,20251103,2025-26,False,DAL,HOU,,,5.0,0.503,3.0,0.6,0.097,,,,,,,,,,,,,,,,,,,,,,,,,,,,,,0.3,0.3,5.12,4.44,0.7,4.33,8.3,3451.0,,,,,,,,,,,,,,,,,,,,,,,,,,,,,,,,,,,,,,,,,,,,,DAL,,,,,,DAL,,,,,,,,,,,,1.0,,HOU,1610612745.0
1630314,Brandon Williams,Brandon,1610612742,DAL,26.0,1,1,0,1.0,13.833333333333334,3,7,0.429,0,1,0.0,1,1,1.0,1,1,2,2,2,0,0,1,0,2,7,-2,10.4,0,0,11.0,1,1,1,1,148,88,91,97,108,127,108,82,104,1,53,136,125,63,31,100,67,132,1,54,110,112,147,14,2,137,,110.3,7.0,1.0,106.3,40,57,106,17,100,0.222,0.056,163,88.19,165,88,93,4.1,1.0,108,120,47,18.2,104.6,40,0.065,87,84,106.3,100,110.3,109.02,25,17.5,150,105.83,91,105.83,4.1,18.2,29,0.077,105.5,0.429,0.47,0.273,0.078,122,78,87,44,87,3.0,122,87,0.283,25,5.0,31.0,4.0,25.0,0.08,2.0,0.0,2.0,0.16,1.0,2.0,0.333,0.0,0.25,0.25,0.0,2.0,0.0,0.0,2.0,0.0,0.25,3.0,0.0,8.0,0.0,0.0,7.0,6.34,0.2,0.0,0.0,35.0,0.0,0.0,10.0,3.4,0.0,5.83,0.0,0.4,0.333,2.0,4.7,15.4,3.0,0.0,0.0,1.0,0.4,0.5,0.0,0.5,0.0,5.0,0.0,26.1,0.333,2.0,0.0,1.0,0.0,0.0,0.0,0.0,0.143,0.0,1.0,0.0,0.0,1.0,0.143,0.0,,1.0,0.0,0.0,,2.0,0.429,0.0,0.667,2.0,0.0,3.0,3.0,0.0,0.667,0.667,0.429,1.0,0.0,2.0,0.5,0.286,2.0,0.0,0.0,,0.5,0.286,0.5,1.0,1.0,0.0,0.0,1.0,0.0,0.0,0.143,0.0,0.0,,0.143,0.0,0.0,0.5,2.0,,0.5,0.0,0.0,2.0,1.0,0.0,0.0,0.0,0.0,0.0,0.429,0.0,0.0,0.0,0.0,0.0,1.0,0.0,2.0,0.0,0.0,0.0,1.0,0.0,0.5,0.0,0.0,1.0,1.0,0.0,0.0,1.0,0.0,3.0,0.0,0.0,0.333,1.0,42.0,0.36,G,0.667,0.619,63.0,0.048,0.0,0.0,1.0,1.0,,0.0,0.0,0.0,0.0,0.0,2.0,0.0,0.0,0.0,0.5,1.0,0.0,0.0,1.0,,1.0,0.0,0.0,0.0,DAL,,0.0,4.0,1.0,0.0,0.0,0.0,0.0,1.0,2026,22500332,,,,,,,0.5,1.0,2.0,0.5,0.389,0.111,0.5,2.0,2.0,1.0,0.567,0.433,0.5,2.0,2.0,1.0,0.623,0.377,0.5,2.0,2.0,1.0,0.582,0.418,0.5,1.0,2.0,0.5,0.4,0.1,,,,,,,,,,,,,,,,,,,,,,35.0,0.0,0.0,0.0,0.0,0.0,0.0,0.0,0.0,0.0,0.0,0.0,0.0,0.0,0.0,0.0,0.0,0.0,,,,,,,,,,,,DAL,MIA,20251203,2025-26,False,DAL,MIA,DAL,,4.0,0.506,3.0,0.75,0.244,,,,,,,,,,,,,,,,,,,,,,,,,,,,,,0.6,0.4,4.48,5.08,1.0,3.81,13.8,5506.0,,,,,,,,,,,,,,,,,,,,,,,,,,,,,,,,,,,,,,,,,,,,,,,,,,,DAL,,,,,,,,,,,,1.0,,MIA,1610612748.0
1630314,Brandon Williams,Brandon,1610612742,DAL,26.0,1,0,1,0.0,23.716666666666665,3,9,0.333,1,4,0.25,2,2,1.0,1,2,3,7,1,0,0,1,0,4,9,-3,22.1,0,0,20.0,1,135,135,135,116,124,87,190,83,75,118,66,81,1,59,132,115,12,101,142,71,195,1,29,122,158,101,8,2,109,,119.6,9.0,7.0,123.1,90,2,123,163,85,0.412,0.105,111,86.86,111,124,160,-3.5,-5.8,65,197,17,5.6,129.9,90,0.068,192,215,123.1,85,119.6,99.62,112,5.6,144,104.23,87,104.23,-3.5,38.9,51,0.04,124.1,0.389,0.455,0.204,0.096,154,26,192,99,141,3.0,194,141,0.209,106,19.0,49.0,7.0,46.0,0.152,10.0,0.0,0.0,0.152,2.0,4.0,0.5,1.0,0.364,0.545,2.0,6.0,1.0,0.091,0.0,1.0,0.0,4.0,2.0,11.0,0.091,1.0,9.0,3.9,0.143,0.0,2.0,63.0,0.0,0.0,28.0,4.3,0.0,4.05,0.5,0.6,0.5,1.0,2.3,4.0,4.0,0.0,1.0,1.0,0.75,1.0,0.0,1.0,0.333,5.0,1.0,7.5,0.667,2.0,0.0,1.0,1.0,1.0,,,,,,,,,,,,,,,,2.0,0.444,0.0,0.5,2.0,0.0,4.0,4.0,0.0,0.5,0.5,0.444,0.0,0.0,1.0,0.0,0.111,1.0,0.0,0.0,,0.0,0.111,0.0,0.0,4.0,0.0,0.0,4.0,0.25,0.0,0.444,0.375,0.25,,0.444,1.0,1.0,0.333,3.0,1.0,0.5,1.0,1.0,3.0,1.0,0.0,0.0,0.0,0.0,0.0,0.389,0.0,0.0,0.0,0.0,,1.0,0.0,1.0,0.0,0.0,0.0,2.0,2.0,0.0,0.0,,0.0,0.0,1.0,0.0,0.0,0.5,3.0,,2.0,0.667,2.0,43.0,0.354,G,0.672,0.619,64.0,0.053,,3.0,1.0,1.0,,0.0,0.0,0.0,,0.0,2.0,1.0,,,0.667,0.0,,0.333,1.0,,0.0,0.0,0.0,,DAL,,0.0,3.0,3.0,0.0,0.0,0.0,0.0,3.0,2026,22500349,,,,,,,0.333,1.0,2.0,0.5,0.299,0.202,0.667,3.0,4.0,0.75,0.555,0.195,0.167,1.0,1.0,1.0,0.625,0.375,0.333,2.0,2.0,1.0,0.61,0.39,0.333,1.0,2.0,0.5,0.249,0.251,3.0,2.0,1.0,0.0,0.0,0.0,0.0,0.0,0.0,0.0,0.0,0.0,0.0,0.0,0.0,0.0,0.0,0.0,0.0,0.0,0.0,63.0,0.0,0.0,0.0,0.0,0.0,0.0,0.0,0.0,0.0,0.0,0.0,0.0,0.0,0.0,0.0,0.0,0.0,,,,,,,,,,,,OKC,DAL,20251205,2025-26,False,DAL,OKC,,,6.0,0.484,4.0,0.667,0.182,,,,,,,,,,,,,,,,,,,,,,,,,,,,,,1.0,0.7,4.62,4.79,1.8,3.88,23.7,9317.0,,,,,,,,,,,,,,,,,,,,,,,,,,,,,,,,,,,,,,,,,,,,,DAL,,,,,,DAL,,,,,,,,,,,,1.0,,OKC,1610612760.0
1630314,Brandon Williams,Brandon,1610612742,DAL,26.0,1,1,0,1.0,23.101666666666667,8,12,0.667,1,2,0.5,3,5,0.6,0,1,1,5,0,2,0,1,2,4,20,18,34.7,0,0,31.0,1,1,1,1,76,15,32,23,40,80,24,25,13,66,87,96,109,21,96,12,53,100,66,14,17,12,23,10,3,30,,136.2,12.0,0.0,93.9,68,79,13,69,21,0.278,0.045,1,83.11,1,15,9,42.3,41.1,20,39,25,0.0,92.7,68,0.027,23,20,93.9,21,136.2,101.27,18,0.0,118,99.73,32,99.73,42.3,26.3,47,0.0,133.8,0.708,0.704,0.28,0.211,125,35,23,87,11,8.0,43,11,0.285,18,12.0,41.0,5.0,29.0,0.172,6.0,0.0,0.0,0.172,6.0,6.0,0.667,0.0,0.375,0.875,2.0,14.0,0.5,0.063,0.0,1.0,0.0,9.0,1.0,16.0,0.0,0.0,20.0,6.58,0.417,0.0,0.0,48.0,0.0,0.0,16.0,5.1,0.0,6.37,0.0,0.167,0.25,2.0,10.2,10.2,4.0,0.0,1.0,1.0,0.2,0.0,0.0,0.0,0.0,6.0,0.0,0.0,0.333,1.0,0.0,0.0,1.0,0.0,,,,,,,,,,,,,,,,4.0,0.583,0.0,0.571,4.0,0.0,7.0,7.0,0.0,0.571,0.571,0.583,3.0,0.0,3.0,1.0,0.25,3.0,0.0,0.0,,1.0,0.25,1.0,3.0,2.0,0.0,0.0,2.0,0.5,0.0,0.167,0.75,0.5,,0.167,1.0,1.0,0.75,4.0,0.0,0.75,0.0,1.0,6.0,3.0,0.0,0.0,0.0,1.0,0.0,0.708,0.0,0.0,3.0,0.0,0.0,5.0,0.0,0.0,0.0,0.0,0.0,2.0,0.0,0.0,0.0,0.0,4.0,0.8,1.0,0.0,0.0,0.5,5.0,0.0,0.0,0.6,3.0,46.0,0.358,G,0.687,0.625,67.0,0.062,,0.0,0.0,2.0,,0.5,1.0,0.0,0.0,0.0,4.0,0.0,,,0.571,3.0,0.0,0.0,3.0,,1.0,0.0,0.0,0.0,DAL,,0.0,7.0,1.0,1.5,1.0,1.0,1.0,1.0,2026,22500356,,,,,,,0.167,1.0,1.0,1.0,0.433,0.567,0.833,5.0,5.0,1.0,0.564,0.436,0.5,3.0,3.0,1.0,0.768,0.232,0.667,4.0,4.0,1.0,0.721,0.279,0.167,1.0,1.0,1.0,0.42,0.58,1.0,1.0,0.0,3.0,0.0,0.0,0.0,0.0,0.0,0.0,0.0,0.0,0.0,0.0,0.0,0.0,0.0,0.0,0.0,0.0,0.0,48.0,0.0,0.0,0.0,0.0,0.0,0.0,0.0,0.0,0.0,0.0,0.0,0.0,0.0,0.0,0.0,0.0,0.0,,,,,,,,,,,,DAL,HOU,20251206,2025-26,False,DAL,HOU,,,6.0,0.463,6.0,1.0,0.537,,,,,,,,,,,,,,,,,,,,,,,,,,,,,,0.8,0.8,4.47,4.39,1.7,4.04,23.1,8870.0,,,,,,,,,,,,,,,,,,,,,,,,,,,,,,,,,,,,,,,,,,,,,DAL,,,,,,DAL,,,,,,,,,,,,1.0,,HOU,1610612745.0
1630314,Brandon Williams,Brandon,1610612742,DAL,26.0,1,0,1,0.0,14.7,2,8,0.25,0,4,0.0,0,0,0.0,0,3,3,2,0,2,0,0,1,0,4,7,16.6,0,0,13.0,1,79,79,79,114,85,66,116,90,44,90,86,88,86,92,54,76,60,98,11,47,1,38,107,109,43,87,13,2,97,,125.0,8.0,0.0,108.6,4,82,110,2,38,0.125,0.214,1,96.6,1,85,76,16.4,0.6,56,122,74,0.0,114.9,4,0.086,82,102,108.6,38,125.0,117.62,84,0.0,31,115.92,66,115.92,16.4,20.0,36,0.0,115.5,0.25,0.25,0.174,0.049,62,55,82,92,45,2.0,127,45,0.174,79,4.0,29.0,3.0,30.0,0.067,5.0,0.0,1.0,0.1,1.0,1.0,0.5,0.0,0.333,0.667,0.0,2.0,0.0,0.0,0.0,0.0,0.0,2.0,0.0,3.0,0.0,0.0,4.0,4.32,0.098,0.0,1.0,41.0,0.0,0.0,15.0,3.0,0.0,4.39,0.667,1.0,1.0,0.0,21.2,21.2,3.0,0.0,0.0,1.0,1.0,0.0,0.0,0.0,0.667,3.0,2.0,0.0,1.0,1.0,0.0,0.0,0.0,2.0,,,,,,,,,,,,,,,,1.0,0.375,0.0,0.333,1.0,0.0,3.0,3.0,0.0,0.333,0.333,0.375,1.0,0.0,3.0,1.0,0.375,1.0,0.25,2.0,0.0,0.333,0.125,0.333,1.0,2.0,0.0,0.0,2.0,0.0,0.0,0.25,0.0,0.0,,0.25,0.0,0.0,0.0,2.0,0.0,0.0,0.0,2.0,0.0,0.0,0.0,0.0,0.0,0.0,0.0,0.25,0.0,0.0,0.0,0.0,1.0,1.0,0.0,0.0,0.0,0.0,0.0,2.0,0.0,0.0,1.0,0.0,0.0,0.0,0.0,0.0,0.0,0.0,3.0,0.0,1.0,0.667,2.0,55.0,0.379,G,0.647,0.617,85.0,0.03,,2.0,0.0,1.0,0.0,0.0,0.0,0.0,0.0,0.0,2.0,0.0,,,0.5,0.0,1.0,0.0,0.0,0.0,0.0,0.0,0.0,0.0,DAL,0.0,0.0,4.0,2.0,0.0,0.0,0.0,0.0,2.0,2026,22500404,,,,,,,0.4,0.0,2.0,0.0,0.339,-0.339,0.6,1.0,3.0,0.333,0.57,-0.236,0.4,1.0,2.0,0.5,0.665,-0.165,0.6,1.0,3.0,0.333,0.569,-0.236,0.4,0.0,2.0,0.0,0.339,-0.339,2.0,1.0,1.0,2.0,0.0,0.0,0.0,0.0,0.0,0.0,0.0,0.0,0.0,0.0,0.0,0.0,0.0,0.0,0.0,0.0,0.0,41.0,0.0,0.0,0.0,0.0,0.0,0.0,0.0,0.0,0.0,0.0,0.0,0.0,0.0,0.0,0.0,0.0,0.0,,,,,,,,,,,,NOP,DAL,20251222,2025-26,False,DAL,NOP,,,5.0,0.449,1.0,0.2,-0.249,,,,,,,,,,,,,,,,,,,,,,,,,,,,,,0.7,0.5,4.43,4.65,1.2,4.14,14.7,6185.0,,,,,,,,,,,,,,,,,,,,,,,,,,,,,,,,,,,,,,,,,,,,,DAL,,,,,,DAL,,,,,,,,,,,,1.0,,NOP,1610612740.0
1630314,Brandon Williams,Brandon,1610612742,DAL,26.0,1,0,1,0.0,30.363333333333333,8,12,0.667,0,0,0.0,6,6,1.0,1,2,3,4,0,1,0,1,3,8,22,0,34.6,0,0,31.0,1,128,128,128,51,25,54,37,139,195,139,12,16,1,65,122,120,43,148,41,78,168,181,3,35,121,51,19,2,64,,121.2,12.0,0.0,125.0,112,127,37,84,109,0.19,0.059,1,85.63,1,25,124,-3.8,0.0,107,69,74,0.0,120.3,112,0.045,162,145,125.0,109,121.2,105.1,104,0.0,181,102.76,54,102.76,-3.8,22.2,66,0.031,120.3,0.667,0.751,0.189,0.165,184,81,162,124,135,8.0,54,135,0.202,105,11.0,43.0,6.0,37.0,0.108,6.0,0.0,2.0,0.162,4.0,4.0,0.571,0.0,0.308,0.923,4.0,12.0,1.0,0.154,0.0,2.0,0.0,7.0,4.0,13.0,0.0,0.0,22.0,6.87,0.415,0.0,1.0,53.0,0.0,2.0,12.0,5.5,0.0,6.22,0.0,0.5,0.667,5.0,8.5,6.3,3.0,0.0,1.0,2.0,0.6,0.2,0.0,0.2,0.0,6.0,0.0,2.1,1.0,3.0,0.0,1.0,1.0,0.0,,,,,,,,,,,,,,,,7.0,0.667,0.0,0.875,7.0,0.0,8.0,8.0,0.0,0.875,0.875,0.667,1.0,0.0,2.0,0.5,0.167,2.0,0.0,0.0,,0.5,0.167,0.5,1.0,2.0,0.0,2.0,0.0,,0.167,0.0,0.0,0.0,0.0,0.167,0.0,0.0,0.333,3.0,,0.333,,,2.0,1.0,2.0,0.0,0.0,0.0,1.0,0.667,0.0,0.0,0.0,0.0,0.0,4.0,0.0,1.0,0.0,0.0,0.0,0.0,0.0,0.0,0.0,0.0,2.0,0.5,0.0,0.0,0.0,0.0,7.0,0.0,0.0,0.857,6.0,60.0,0.375,G,0.638,0.614,94.0,0.024,0.0,1.0,0.0,0.0,,0.0,0.0,0.0,0.0,2.0,6.0,0.0,0.0,0.0,0.75,1.0,0.0,0.0,1.0,,1.0,1.0,0.5,0.0,DAL,,0.0,8.0,0.0,,0.0,,,,2026,22500457,,,,,,,0.467,3.0,7.0,0.429,0.307,0.121,0.533,2.0,8.0,0.25,0.512,-0.262,0.267,2.0,4.0,0.5,0.614,-0.114,0.4,2.0,6.0,0.333,0.553,-0.22,0.533,3.0,8.0,0.375,0.303,0.072,7.0,4.0,3.0,2.0,1.0,0.0,0.0,0.0,0.0,0.0,0.0,0.0,0.0,0.0,0.0,0.0,0.0,0.0,0.0,0.0,0.0,53.0,0.0,0.0,0.0,0.0,0.0,0.0,0.0,0.0,0.0,0.0,0.0,0.0,0.0,0.0,0.0,0.0,0.0,,,,,,,,,,,,POR,DAL,20251229,2025-26,False,DAL,POR,,,15.0,0.411,5.0,0.333,-0.078,,,,,,,,,,,,,,,,,,,,,,,,,,,,,,1.3,1.1,4.4,4.93,2.4,3.9,30.4,12438.0,,,,,,,,,,,,,,,,,,,,,,,,,,,,,,,,,,,,,,,,,,,,,DAL,,,,,,DAL,,,,,,,,,,,,1.0,,POR,1610612757.0
1630314,Brandon Williams,Brandon,1610612742,DAL,26.0,1,1,0,1.0,27.516666666666666,8,13,0.615,2,4,0.5,4,4,1.0,3,1,4,5,2,2,0,1,0,2,22,30,38.3,0,0,37.0,1,1,1,1,63,19,42,44,39,65,34,18,37,1,12,129,78,18,29,13,63,138,1,59,23,7,25,10,1,24,,152.5,13.0,2.5,103.4,110,29,20,117,10,0.217,0.036,103,85.04,98,19,16,49.1,47.5,11,58,57,9.1,103.9,110,0.078,54,57,103.4,10,152.5,102.22,40,9.2,169,102.05,42,102.05,49.1,22.7,59,0.13,151.4,0.692,0.745,0.254,0.179,97,76,54,20,18,8.0,44,18,0.256,37,15.0,49.0,7.0,43.0,0.116,8.0,2.0,0.0,0.163,1.0,2.0,0.333,0.0,0.286,0.571,2.0,4.0,1.0,0.143,1.0,1.0,0.143,3.0,2.0,7.0,0.0,1.0,22.0,3.52,0.361,0.0,3.0,61.0,0.0,0.667,27.0,3.8,0.0,3.7,1.0,0.8,1.0,4.0,3.0,9.6,1.0,0.0,0.0,0.0,0.8,0.75,0.0,0.75,0.25,5.0,1.0,11.9,1.0,3.0,0.0,3.0,0.0,1.0,0.0,0.0,0.154,1.0,1.0,1.0,0.5,2.0,0.154,0.5,,2.0,0.5,0.0,,2.0,0.231,0.0,0.667,2.0,0.0,3.0,3.0,0.0,0.667,0.667,0.231,2.0,1.0,3.0,1.0,0.231,2.0,0.077,1.0,1.0,1.0,0.154,1.167,3.0,5.0,1.0,2.0,3.0,0.333,0.154,0.231,0.5,0.4,0.5,0.385,1.0,2.0,0.333,3.0,,0.333,0.0,0.0,2.0,1.0,2.0,0.0,0.0,0.5,1.0,0.692,0.0,0.0,6.0,1.0,0.0,2.0,0.0,3.0,1.0,0.0,1.0,3.0,0.0,0.667,1.0,0.0,0.0,0.0,1.0,1.0,2.0,0.333,4.0,0.0,1.0,1.0,4.0,75.0,0.353,G,0.658,0.612,114.0,0.045,,3.0,1.0,2.0,0.0,0.0,0.0,1.0,0.0,1.0,4.0,2.0,,,1.0,1.0,0.0,0.667,2.0,0.0,0.5,0.0,0.0,0.0,DAL,0.0,1.0,4.0,4.0,0.75,2.0,0.5,2.0,4.0,2026,22500593,,,,,,,0.4,1.0,6.0,0.167,0.332,-0.165,0.6,4.0,9.0,0.444,0.56,-0.115,0.133,2.0,2.0,1.0,0.584,0.417,0.2,3.0,3.0,1.0,0.552,0.448,0.667,1.0,10.0,0.1,0.35,-0.25,7.0,4.0,3.0,1.0,0.0,0.0,0.0,0.0,0.0,0.0,0.0,0.0,0.0,1.0,1.0,1.0,0.0,0.0,1.0,1.0,0.0,61.0,0.0,0.0,0.0,0.0,0.0,0.0,0.0,0.0,0.0,0.0,0.0,0.0,0.0,0.0,0.0,0.0,0.0,,,,,,,,,,,,DAL,UTA,20260117,2025-26,False,DAL,UTA,DAL,,15.0,0.46,5.0,0.333,-0.126,,,,,,,,,,,,,,,,,,,,,,,,,,,,,,1.1,1.1,4.51,4.93,2.2,4.15,27.5,11588.0,,,,,,,,,,,,,,,,,,,,,,,,,,,,,,,,,,,,,,,,,,,,,DAL,,,,,,DAL,,,,,,,,,,,,1.0,,UTA,1610612762.0
1630314,Brandon Williams,Brandon,1610612742,DAL,26.0,1,1,0,1.0,10.633333333333333,2,4,0.5,0,0,0.0,2,4,0.5,0,1,1,1,2,0,0,0,2,3,6,-9,6.7,0,0,8.0,1,1,1,1,163,112,134,65,114,156,114,54,36,80,101,133,143,106,36,95,69,1,89,37,116,155,159,12,1,150,,73.9,4.0,0.5,108.3,56,91,167,75,187,0.25,0.056,179,88.4,179,112,177,-34.4,-34.0,183,98,37,22.2,110.5,56,0.036,93,100,108.3,187,73.9,103.19,19,22.8,148,106.08,134,106.08,-34.4,11.1,23,0.0,76.6,0.5,0.521,0.32,0.0,153,125,93,101,179,2.0,112,179,0.321,16,3.0,23.0,1.0,15.0,0.067,1.0,0.0,0.0,0.067,1.0,0.0,0.333,0.0,0.0,0.667,4.0,4.0,0.5,0.333,0.0,2.0,0.0,3.0,2.0,6.0,0.0,0.0,6.0,5.12,0.24,0.0,0.0,25.0,0.0,0.0,8.0,2.1,0.0,5.15,0.0,1.0,1.0,0.0,4.5,4.5,1.0,0.0,0.0,1.0,1.0,0.0,0.0,0.0,0.0,1.0,0.0,0.0,1.0,1.0,0.0,0.0,0.0,0.0,0.0,0.0,0.25,1.0,1.0,1.0,1.0,1.0,0.25,1.0,,1.0,1.0,0.0,,1.0,0.5,0.0,0.5,1.0,0.0,2.0,2.0,0.0,0.5,0.5,0.5,0.0,0.0,1.0,0.0,0.25,1.0,0.0,0.0,,0.0,0.25,0.0,0.0,,,,,,,,,,,,,,,0.0,,,,,0.0,0.0,0.0,0.0,0.0,0.0,0.0,0.5,0.0,0.0,0.0,0.0,,1.0,0.0,1.0,0.0,0.0,0.0,0.0,0.0,0.0,0.0,,1.0,1.0,0.0,0.0,0.0,0.0,2.0,,0.0,0.5,1.0,79.0,0.361,G,0.658,0.615,120.0,0.043,,0.0,0.0,0.0,0.0,0.0,0.0,0.0,0.0,2.0,1.0,0.0,,,0.5,0.0,0.0,0.0,0.0,0.0,0.0,1.0,0.5,0.0,DAL,0.0,0.0,2.0,0.0,,0.0,,,,2026,22500016,,,,,,,0.333,0.0,3.0,0.0,0.404,-0.404,0.667,4.0,6.0,0.667,0.559,0.108,0.667,4.0,6.0,0.667,0.637,0.03,0.667,4.0,6.0,0.667,0.594,0.073,0.333,0.0,3.0,0.0,0.407,-0.407,3.0,1.0,2.0,0.0,0.0,0.0,0.0,0.0,0.0,0.0,0.0,0.0,0.0,0.0,0.0,0.0,0.0,0.0,0.0,0.0,0.0,25.0,0.0,0.0,0.0,0.0,0.0,0.0,0.0,0.0,0.0,0.0,0.0,0.0,0.0,0.0,0.0,0.0,0.0,,,,,,,,,,,,NYK,DAL,20260119,2025-26,False,DAL,NYK,DAL,,9.0,0.506,4.0,0.444,-0.061,,,,,,,,,,,,,,,,,,,,,,,,,,,,,,0.4,0.4,4.26,4.3,0.8,4.21,10.6,4450.0,,,,,,,,,,,,,,,,,,,,,,,,,,,,,,,,,,,,,,,,,,,,,DAL,,,,,,DAL,,,,,,,,,,,,1.0,,NYK,1610612752.0
1630314,Brandon Williams,Brandon,1610612742,DAL,26.0,1,0,1,0.0,20.95,6,10,0.6,0,1,0.0,3,3,1.0,0,1,1,6,1,2,0,2,1,2,15,11,30.2,0,0,26.0,1,89,89,89,98,33,55,21,92,109,92,29,40,1,96,123,133,12,54,10,63,154,48,45,40,25,50,12,1,58,,125.6,10.0,6.0,91.5,53,4,18,58,38,0.353,0.048,82,85.92,82,33,32,34.1,20.5,60,47,12,5.6,97.8,53,0.024,26,35,91.5,38,125.6,102.64,35,5.5,137,103.1,55,103.1,34.1,33.3,43,0.0,118.3,0.6,0.663,0.25,0.193,145,15,26,96,14,6.0,38,14,0.253,29,13.0,39.0,6.0,34.0,0.176,4.0,0.0,0.0,0.176,4.0,2.0,0.8,1.0,0.25,1.375,2.0,11.0,1.0,0.125,0.0,1.0,0.0,5.0,2.0,8.0,0.125,1.0,15.0,4.96,0.319,0.0,1.0,47.0,2.0,2.0,15.0,3.9,0.0,4.92,0.0,0.333,0.5,1.0,14.9,14.9,2.0,0.0,0.0,1.0,0.333,0.0,0.0,0.0,0.0,3.0,0.0,0.0,0.5,1.0,0.0,0.0,0.0,0.0,0.0,0.0,0.2,1.0,1.0,1.0,0.5,2.0,0.2,0.5,,2.0,0.5,0.0,,2.0,0.4,0.0,0.5,2.0,0.0,4.0,4.0,0.0,0.5,0.5,0.4,2.0,0.0,3.0,1.0,0.3,2.0,0.1,1.0,0.0,0.667,0.2,0.667,2.0,1.0,1.0,1.0,0.0,,0.1,0.0,1.0,1.0,1.0,0.1,0.0,1.0,1.0,2.0,,1.0,0.0,0.0,4.0,2.0,2.0,0.0,2.0,0.0,1.0,0.6,0.0,1.0,0.0,0.0,0.0,3.0,0.0,1.0,0.0,0.0,0.0,1.0,0.0,1.0,0.0,0.0,2.0,0.667,0.0,0.0,1.0,0.0,5.0,0.0,0.0,0.6,3.0,92.0,0.376,G,0.652,0.621,141.0,0.032,0.0,0.0,1.0,1.0,,0.0,0.0,1.0,0.0,3.0,3.0,0.0,0.0,0.0,0.6,0.0,0.0,0.0,0.0,,0.0,2.0,0.667,0.0,DAL,,1.0,5.0,1.0,0.0,0.0,0.0,0.0,1.0,2026,22500683,,,,,,,0.222,0.0,2.0,0.0,0.375,-0.375,0.778,4.0,7.0,0.571,0.553,0.018,0.556,3.0,5.0,0.6,0.61,-0.01,0.778,4.0,7.0,0.571,0.582,-0.011,0.222,0.0,2.0,0.0,0.377,-0.377,2.0,1.0,1.0,2.0,0.0,0.0,0.0,0.0,1.0,1.0,0.0,1.0,0.0,1.0,1.0,1.0,1.0,0.0,1.0,1.0,1.0,47.0,0.0,0.0,0.0,0.0,0.0,0.0,0.0,0.0,0.0,0.0,0.0,0.0,0.0,0.0,0.0,0.0,0.0,,,,,,,,,,,,DAL,CHA,20260129,2025-26,False,DAL,CHA,DAL,,9.0,0.491,4.0,0.444,-0.047,,,,,,,,,,,,,,,,,,,,,,,,,,,,,,0.8,0.7,3.97,4.52,1.5,3.49,21.0,8102.0,,,,,,,,,,,,,,,,,,,,,,,,,,,,,,,,,,,,,,,,,,,,,DAL,,,,,,DAL,,,,,,,,,,,,1.0,,CHA,1610612766.0
1630314,Brandon Williams,Brandon,1610612742,DAL,26.0,1,1,0,1.0,26.76333333333333,7,10,0.7,0,2,0.0,5,6,0.833,0,5,5,4,4,0,0,0,2,3,19,2,27.0,0,0,28.0,1,1,1,1,70,26,58,19,108,95,108,13,13,52,87,31,46,31,8,92,62,1,74,27,33,66,65,14,3,56,,112.9,10.0,1.0,107.9,16,67,35,20,71,0.222,0.161,141,93.41,141,26,72,5.0,3.5,66,41,45,19.0,110.4,16,0.094,69,80,107.9,71,112.9,110.37,35,19.4,55,112.09,58,112.09,5.0,19.0,62,0.0,113.9,0.7,0.752,0.25,0.14,62,83,69,87,68,7.0,35,68,0.25,31,11.0,47.0,5.0,41.0,0.098,10.0,1.0,0.0,0.122,3.0,3.0,0.75,1.0,0.25,0.75,4.0,9.0,0.75,0.167,3.0,2.0,0.25,4.0,3.0,12.0,0.083,0.0,19.0,6.32,0.317,0.0,1.0,60.0,0.0,2.0,13.0,5.8,0.0,5.77,0.4,0.714,0.714,0.0,7.5,7.5,7.0,0.0,1.0,3.0,0.833,0.0,0.0,0.0,0.4,7.0,2.0,0.0,0.833,3.0,0.0,0.0,1.0,2.0,,,,,,,,,,,,,,,,5.0,0.6,0.0,0.833,5.0,0.0,6.0,6.0,0.0,0.833,0.833,0.6,1.0,0.0,2.0,1.0,0.2,1.0,0.1,1.0,0.0,0.5,0.1,0.5,1.0,2.0,1.0,1.0,1.0,0.0,0.1,0.1,0.5,0.5,1.0,0.2,0.0,1.0,0.333,3.0,0.0,0.333,0.0,2.0,2.0,1.0,2.0,0.0,0.0,0.0,1.0,0.7,0.0,0.0,0.0,0.0,0.0,1.0,0.0,1.0,0.0,0.0,0.0,2.0,0.0,1.0,0.0,0.0,0.0,0.0,0.0,0.0,1.0,0.0,6.0,0.0,0.0,1.0,6.0,81.0,0.36,G,0.659,0.615,123.0,0.044,,0.0,1.0,2.0,0.0,0.0,0.0,1.0,0.0,1.0,6.0,0.0,,,1.0,0.0,0.0,0.0,0.0,0.0,0.0,0.0,0.0,0.0,DAL,0.0,1.0,6.0,0.0,,0.0,,0.0,0.0,2026,22500630,,,,,,,0.6,3.0,6.0,0.5,0.357,0.143,0.4,3.0,4.0,0.75,0.523,0.227,0.3,2.0,3.0,0.667,0.599,0.068,0.3,2.0,3.0,0.667,0.6,0.067,0.6,3.0,6.0,0.5,0.361,0.14,3.0,1.0,2.0,3.0,0.0,0.0,0.0,0.0,0.0,0.0,0.0,0.0,0.0,1.0,1.0,1.0,1.0,0.0,1.0,1.0,1.0,60.0,0.0,0.0,0.0,0.0,0.0,0.0,0.0,0.0,0.0,0.0,0.0,0.0,0.0,0.0,0.0,0.0,0.0,,,,,,,,,,,,DAL,GSW,20260122,2025-26,False,DAL,GSW,,,10.0,0.445,6.0,0.6,0.155,,,,,,,,,,,,,,,,,,,,,,,,,,,,,,1.3,1.0,4.55,5.13,2.2,4.34,26.8,11799.0,,,,,,,,,,,,,,,,,,,,,,,,,,,,,,,,,,,,,,,,,,,,,DAL,,,,,,DAL,,,,,,,,,,,,1.0,,GSW,1610612744.0
1630314,Brandon Williams,Brandon,1610612742,DAL,26.0,1,0,1,0.0,25.416666666666668,6,13,0.462,0,3,0.0,8,12,0.667,0,7,7,1,1,1,1,0,2,6,20,4,34.9,0,0,32.0,1,71,71,71,67,31,29,72,84,67,84,4,2,63,88,8,18,85,42,23,18,1,72,3,19,44,23,13,1,24,,116.4,13.0,1.0,113.2,49,44,17,29,67,0.059,0.304,78,84.98,75,31,64,3.2,2.4,73,96,100,4.8,111.7,49,0.13,73,71,113.2,67,116.4,103.72,17,4.9,8,101.98,29,101.98,3.2,4.8,55,0.0,114.0,0.462,0.547,0.303,0.179,30,107,73,88,69,6.0,79,69,0.301,17,4.0,39.0,2.0,34.0,0.029,11.0,1.0,0.0,0.059,3.0,3.0,0.5,0.0,0.214,0.786,8.0,11.0,0.625,0.286,0.0,4.0,0.0,6.0,5.0,14.0,0.0,0.0,20.0,4.45,0.364,0.0,0.0,55.0,0.0,0.0,14.0,4.3,0.0,4.7,0.0,0.538,0.636,3.0,6.3,6.3,11.0,0.0,0.0,7.0,0.538,0.0,0.0,0.0,0.0,13.0,0.0,0.0,0.636,7.0,0.0,0.0,0.0,0.0,0.0,0.0,0.154,1.0,1.0,1.0,0.5,2.0,0.154,0.5,,2.0,0.5,0.0,0.0,3.0,0.462,0.077,0.5,3.0,0.0,5.0,6.0,1.0,0.6,0.5,0.385,2.0,0.0,4.0,0.667,0.308,3.0,0.077,1.0,0.0,0.5,0.231,0.5,2.0,1.0,0.0,0.0,1.0,0.0,0.0,0.077,0.0,0.0,,0.077,0.0,0.0,0.25,4.0,0.0,0.25,0.0,2.0,2.0,1.0,0.0,0.0,0.0,0.0,0.0,0.462,0.0,0.0,0.0,0.0,0.0,4.0,0.0,0.0,0.0,0.0,0.0,3.0,0.0,0.0,0.0,0.0,1.0,0.25,0.0,0.0,0.0,0.0,6.0,0.0,0.0,0.833,5.0,69.0,0.357,G,0.651,0.613,106.0,0.038,0.0,0.0,0.0,3.0,0.0,0.0,0.0,0.0,0.0,3.0,5.0,0.0,0.0,0.0,0.833,0.0,0.0,0.0,1.0,0.0,0.0,1.0,0.333,0.0,DAL,0.0,0.0,6.0,1.0,0.0,0.0,0.0,0.0,1.0,2026,22500575,,,,,,,0.364,2.0,4.0,0.5,0.404,0.097,0.636,3.0,7.0,0.429,0.521,-0.092,0.091,1.0,1.0,1.0,0.601,0.399,0.273,1.0,3.0,0.333,0.581,-0.247,0.455,3.0,5.0,0.6,0.423,0.177,8.0,6.0,2.0,3.0,0.0,0.0,0.0,0.0,0.0,0.0,0.0,0.0,0.0,0.0,0.0,0.0,0.0,0.0,0.0,0.0,0.0,55.0,0.0,0.0,0.0,0.0,0.0,0.0,0.0,0.0,0.0,0.0,0.0,0.0,0.0,0.0,0.0,0.0,0.0,,,,,,,,,,,,DAL,DEN,20260114,2025-26,False,DAL,DEN,DAL,,11.0,0.469,5.0,0.455,-0.014,,,,,,,,,,,,,,,,,,,,,,,,,,,,,,1.0,1.1,4.51,5.18,2.1,4.04,25.4,10981.0,,,,,,,,,,,,,,,,,,,,,,,,,,,,,,,,,,,,,,,,,,,,,DAL,,,,,,DAL,,,,,,,,,,,,1.0,,DEN,1610612743.0
1630314,Brandon Williams,Brandon,1610612742,DAL,26.0,1,1,0,1.0,26.611666666666668,7,13,0.538,1,2,0.5,3,5,0.6,1,1,2,2,2,2,0,0,4,4,18,-6,27.4,0,0,27.0,1,1,1,1,55,18,26,32,37,72,18,19,16,44,42,88,82,57,24,5,47,1,115,15,25,91,45,10,1,41,,100.0,13.0,1.0,107.9,24,47,69,26,65,0.125,0.036,72,93.94,72,18,91,-7.9,-12.9,81,49,66,10.5,109.7,24,0.032,78,89,107.9,65,100.0,113.63,36,10.4,109,112.73,26,112.73,-7.9,10.5,62,0.029,96.8,0.577,0.592,0.233,0.086,108,85,78,62,81,7.0,52,81,0.239,32,5.0,45.0,3.0,36.0,0.056,7.0,0.0,1.0,0.083,3.0,3.0,0.429,0.0,0.214,0.571,2.0,8.0,0.5,0.071,1.0,1.0,0.071,7.0,1.0,14.0,0.0,1.0,18.0,5.32,0.316,0.0,1.0,57.0,0.0,0.0,21.0,5.0,0.0,5.26,1.0,0.4,0.5,3.0,6.0,7.2,2.0,1.0,1.0,0.0,0.5,0.5,1.0,0.333,1.0,5.0,2.0,8.3,0.5,0.0,1.0,0.0,0.0,1.0,0.0,0.0,0.077,1.0,1.0,1.0,1.0,1.0,0.077,1.0,,1.0,1.0,0.0,,3.0,0.615,0.0,0.375,3.0,0.0,8.0,8.0,0.0,0.375,0.375,0.615,2.0,1.0,4.0,1.0,0.308,2.0,0.154,2.0,0.5,0.75,0.154,0.875,3.0,,,,,,,,,,,,,,1.0,2.0,,1.0,0.0,0.0,4.0,2.0,0.0,0.0,0.0,0.5,0.0,0.577,0.0,0.0,3.0,0.0,0.0,4.0,0.0,1.0,0.0,0.0,0.0,2.0,0.0,1.0,0.0,0.0,1.0,0.25,1.0,0.0,1.0,0.5,6.0,0.0,0.0,0.667,4.0,66.0,0.362,G,0.653,0.612,101.0,0.041,0.0,1.0,1.0,1.0,,0.0,0.0,1.0,0.0,2.0,4.0,1.0,0.0,0.0,0.571,1.0,0.0,1.0,1.0,,1.0,0.0,0.0,0.0,DAL,,1.0,7.0,2.0,0.75,1.0,0.5,1.0,2.0,2026,22500515,,,,,,,0.308,0.0,4.0,0.0,0.365,-0.365,0.692,5.0,9.0,0.556,0.524,0.032,0.231,3.0,3.0,1.0,0.672,0.328,0.308,3.0,4.0,0.75,0.611,0.139,0.462,1.0,6.0,0.167,0.385,-0.218,7.0,4.0,3.0,1.0,0.0,1.0,3.0,0.0,0.0,0.0,0.0,0.0,0.0,0.0,0.0,0.0,0.0,0.0,0.0,0.0,0.0,57.0,0.0,0.0,0.0,0.0,0.0,0.0,0.0,0.0,0.0,0.0,0.0,0.0,0.0,0.0,0.0,0.0,0.0,,,,,,,,,,,,SAC,DAL,20260106,2025-26,False,DAL,SAC,DAL,,13.0,0.465,5.0,0.385,-0.08,,,,,,,,,,,,,,,,,,,,,,,,,,,,,,1.2,1.0,4.56,5.04,2.2,4.09,26.6,11412.0,,,,,,,,,,,,,,,,,,,,,,,,,,,,,,,,,,,,,,,,,,,,,DAL,,,,,,DAL,,,,,,,,,,,,1.0,,SAC,1610612758.0
1630314,Brandon Williams,Brandon,1610612742,DAL,26.0,1,0,1,0.0,29.95,9,12,0.75,1,1,1.0,7,9,0.778,0,3,3,3,2,0,0,1,2,7,26,-17,32.1,0,0,33.0,1,59,59,59,35,10,25,9,34,68,1,5,4,34,59,41,55,25,16,48,40,73,60,2,9,108,28,10,2,19,,117.4,12.0,1.5,144.1,21,32,36,29,50,0.12,0.103,70,91.49,70,10,89,-26.7,-22.9,36,13,51,9.5,144.5,21,0.056,106,109,144.1,50,117.4,107.7,28,9.5,56,109.78,25,109.78,-26.7,14.3,69,0.0,121.6,0.792,0.815,0.247,0.128,67,59,106,59,93,9.0,14,93,0.262,31,8.0,47.0,5.0,36.0,0.083,8.0,1.0,1.0,0.139,5.0,1.0,0.625,0.0,0.083,1.167,4.0,14.0,1.0,0.167,1.0,2.0,0.083,8.0,4.0,12.0,0.0,1.0,26.0,6.52,0.464,0.0,0.0,56.0,2.0,0.0,11.0,5.8,0.0,6.21,0.667,0.429,0.5,1.0,4.8,4.8,6.0,0.0,1.0,1.0,0.5,0.0,0.0,0.0,0.667,7.0,2.0,0.0,0.6,1.0,0.0,0.0,1.0,2.0,,,,,,,,,,,,,,,,5.0,0.583,0.0,0.714,5.0,0.0,7.0,7.0,0.0,0.714,0.714,0.583,2.0,1.0,4.0,0.667,0.333,3.0,0.083,1.0,1.0,0.75,0.25,0.875,3.0,1.0,1.0,1.0,0.0,,0.083,0.0,1.0,1.0,1.0,0.083,0.0,1.0,1.0,3.0,1.0,1.167,1.0,1.0,7.0,3.0,0.0,0.0,2.0,0.0,0.0,0.792,0.0,1.0,0.0,0.0,0.0,3.0,0.0,2.0,0.0,0.0,0.0,1.0,0.0,1.0,0.0,0.0,0.0,0.0,1.0,0.0,2.0,1.0,6.0,0.0,0.0,1.0,6.0,58.0,0.384,G,0.637,0.611,91.0,0.026,0.0,1.0,1.0,1.0,0.0,1.0,1.0,1.0,0.0,1.0,6.0,1.0,0.0,0.0,0.75,0.0,0.0,1.0,0.0,0.0,0.0,0.0,0.0,0.0,DAL,0.0,1.0,8.0,0.0,,0.0,,0.0,0.0,2026,22500011,,,,,,,0.5,1.0,3.0,0.333,0.303,0.03,0.5,3.0,3.0,1.0,0.548,0.452,0.333,2.0,2.0,1.0,0.64,0.361,0.5,3.0,3.0,1.0,0.599,0.401,0.5,1.0,3.0,0.333,0.308,0.025,1.0,0.0,1.0,0.0,0.0,0.0,0.0,0.0,0.0,0.0,0.0,0.0,0.0,2.0,2.0,2.0,1.0,0.0,1.0,1.0,0.5,56.0,0.0,0.0,0.0,0.0,0.0,0.0,0.0,0.0,0.0,0.0,0.0,0.0,0.0,0.0,0.0,0.0,0.0,,,,,,,,,,,,GSW,DAL,20251225,2025-26,False,DAL,GSW,,,6.0,0.437,4.0,0.667,0.229,,,,,,,,,,,,,,,,,,,,,,,,,,,,,,1.3,1.2,4.56,5.03,2.5,4.14,30.0,13388.0,,,,,,,,,,,,,,,,,,,,,,,,,,,,,,,,,,,,,,,,,,,,,DAL,,,,,,DAL,,,,,,,,,,,,1.0,,GSW,1610612744.0
1630314,Brandon Williams,Brandon,1610612742,DAL,26.0,1,0,1,0.0,23.183333333333334,8,17,0.471,0,1,0.0,4,5,0.8,0,4,4,4,2,0,0,2,2,4,20,-24,28.8,0,0,28.0,1,61,61,61,76,7,13,61,78,87,78,14,13,43,72,33,50,31,22,64,52,108,55,13,19,118,45,11,2,45,,87.5,17.0,2.0,130.4,6,24,33,5,113,0.444,0.174,59,96.62,59,7,117,-42.9,-46.6,115,83,8,8.3,130.3,6,0.068,109,106,130.4,113,87.5,118.68,8,7.9,37,115.95,13,115.95,-42.9,16.7,56,0.0,83.6,0.471,0.521,0.303,0.133,70,64,109,72,115,8.0,77,115,0.328,10,10.0,44.0,4.0,36.0,0.111,8.0,0.0,0.0,0.111,6.0,6.0,0.6,0.0,0.316,0.789,2.0,15.0,1.0,0.053,2.0,1.0,0.105,10.0,2.0,19.0,0.0,0.0,20.0,4.65,0.351,0.0,0.0,57.0,0.0,0.0,19.0,4.5,0.0,4.74,0.25,0.5,0.8,3.0,10.2,10.2,5.0,0.0,1.0,3.0,0.571,0.0,0.0,0.0,0.25,8.0,1.0,0.0,1.0,3.0,0.0,0.0,1.0,1.0,,,,,,,,,,,,,,,,7.0,0.588,0.0,0.7,7.0,0.0,10.0,10.0,0.0,0.7,0.7,0.588,1.0,0.0,5.0,0.25,0.294,4.0,0.059,1.0,0.0,0.2,0.235,0.2,1.0,2.0,0.0,2.0,0.0,,0.118,0.0,0.0,0.0,0.0,0.118,0.0,0.0,0.0,5.0,,0.0,0.0,0.0,0.0,0.0,0.0,0.0,0.0,0.0,0.0,0.471,0.0,0.0,0.0,0.0,0.0,8.0,0.0,3.0,0.0,0.0,0.0,1.0,0.0,0.0,0.0,0.0,4.0,0.5,0.0,0.0,0.0,0.0,5.0,0.0,0.0,0.8,4.0,85.0,0.366,G,0.659,0.617,129.0,0.042,,1.0,0.0,1.0,0.0,0.0,0.0,0.0,0.0,5.0,5.0,0.0,,,0.833,1.0,0.0,0.0,4.0,0.0,0.25,2.0,0.4,0.0,DAL,0.0,0.0,6.0,1.0,0.0,0.0,0.0,0.0,1.0,2026,22500648,,,,,,,0.3,1.0,3.0,0.333,0.361,-0.028,0.7,4.0,7.0,0.571,0.591,-0.019,0.6,4.0,6.0,0.667,0.656,0.011,0.6,4.0,6.0,0.667,0.63,0.037,0.4,1.0,4.0,0.25,0.395,-0.145,2.0,2.0,0.0,0.0,0.0,0.0,0.0,0.0,0.0,0.0,0.0,0.0,0.0,0.0,0.0,0.0,0.0,0.0,0.0,0.0,0.0,57.0,0.0,0.0,0.0,0.0,0.0,0.0,0.0,0.0,0.0,0.0,0.0,0.0,0.0,0.0,0.0,0.0,0.0,,,,,,,,,,,,DAL,LAL,20260124,2025-26,False,DAL,LAL,,,10.0,0.475,5.0,0.5,0.025,,,,,,,,,,,,,,,,,,,,,,,,,,,,,,1.1,0.9,4.76,5.32,2.0,4.21,23.2,10478.0,,,,,,,,,,,,,,,,,,,,,,,,,,,,,,,,,,,,,,,,,,,,,DAL,,,,,,DAL,,,,,,,,,,,,1.0,,LAL,1610612747.0
1630314,Brandon Williams,Brandon,1610612742,DAL,26.0,1,1,0,1.0,24.45,7,10,0.7,1,1,1.0,0,1,0.0,1,6,7,3,3,1,0,2,5,1,15,9,27.9,0,0,28.0,1,1,1,1,83,31,59,19,69,111,1,82,77,82,42,24,31,50,14,32,52,149,159,65,47,27,58,16,2,53,,116.1,10.0,1.0,105.7,35,58,59,43,76,0.158,0.2,145,89.16,145,31,41,10.4,12.5,67,29,62,18.8,106.0,35,0.135,46,43,105.7,76,116.1,105.7,40,18.2,32,106.99,59,106.99,10.4,18.8,56,0.045,118.5,0.75,0.718,0.213,0.115,34,65,46,62,39,7.0,41,39,0.236,51,8.0,34.0,5.0,28.0,0.107,6.0,0.0,2.0,0.179,5.0,2.0,0.714,1.0,0.2,1.0,0.0,10.0,0.0,0.0,1.0,0.0,0.1,7.0,0.0,10.0,0.1,0.0,15.0,6.8,0.341,0.0,1.0,44.0,0.0,0.0,8.0,4.6,0.0,6.26,0.167,0.7,0.667,1.0,8.4,8.2,9.0,0.0,1.0,5.0,0.778,1.0,1.0,1.0,0.286,10.0,2.0,7.0,0.75,5.0,1.0,0.0,1.0,1.0,0.0,0.0,0.2,1.0,1.0,1.0,0.5,2.0,0.2,0.5,,2.0,0.5,0.0,,4.0,0.5,0.0,0.8,4.0,0.0,5.0,5.0,0.0,0.8,0.8,0.5,,,,,,,,,,,,,,3.0,1.0,2.0,1.0,1.0,0.2,0.1,0.833,0.667,0.5,0.3,1.0,2.0,,0.0,,,0.0,0.0,0.0,0.0,0.0,0.0,0.0,0.5,0.0,0.75,0.0,0.0,3.0,1.0,0.0,1.0,0.0,1.0,1.0,0.0,1.0,0.0,0.0,0.0,1.0,0.0,0.0,0.0,0.0,1.0,0.0,0.0,7.0,0.0,1.0,0.857,6.0,63.0,0.368,G,0.643,0.61,98.0,0.032,0.0,1.0,1.0,0.0,0.0,0.0,0.0,0.0,0.0,0.0,6.0,1.0,0.0,0.0,0.75,0.0,0.0,1.0,0.0,0.0,0.0,0.0,0.0,0.0,DAL,0.0,0.0,8.0,2.0,0.75,1.0,1.0,1.0,1.0,2026,22500491,,,,,,,0.444,3.0,4.0,0.75,0.415,0.336,0.556,3.0,5.0,0.6,0.533,0.067,0.222,2.0,2.0,1.0,0.615,0.386,0.556,3.0,5.0,0.6,0.577,0.023,0.444,3.0,4.0,0.75,0.406,0.344,3.0,1.0,2.0,1.0,0.0,0.0,0.0,1.0,0.0,1.0,1.0,0.0,0.0,0.0,0.0,0.0,0.0,0.0,0.0,0.0,0.0,44.0,0.0,0.0,0.0,0.0,0.0,0.0,0.0,0.0,0.0,0.0,0.0,0.0,0.0,0.0,0.0,0.0,0.0,,,,,,,,,,,,DAL,HOU,20260103,2025-26,False,DAL,HOU,DAL,,9.0,0.476,6.0,0.667,0.191,,,,,,,,,,,,,,,,,,,,,,,,,,,,,,1.0,1.0,4.52,5.08,2.0,4.08,24.5,10475.0,,,,,,,,,,,,,,,,,,,,,,,,,,,,,,,,,,,,,,,,,,,,,DAL,,,,,,DAL,,,,,,,,,,,,1.0,,HOU,1610612745.0
1630314,Brandon Williams,Brandon,1610612742,DAL,26.0,1,0,1,0.0,23.65,5,15,0.333,0,3,0.0,4,4,1.0,1,6,7,5,2,1,0,3,0,3,14,-10,30.9,0,0,28.0,1,54,54,54,58,28,9,73,61,42,61,11,18,1,25,10,15,16,16,27,34,101,1,17,30,83,24,7,1,25,,96.4,15.0,2.5,118.9,17,12,34,23,89,0.357,0.333,52,91.33,51,28,81,-22.5,-21.5,84,79,11,8.3,118.2,17,0.143,70,74,118.9,89,96.4,109.76,8,8.4,8,109.6,9,109.6,-22.5,20.8,55,0.032,96.6,0.333,0.418,0.297,0.125,18,35,70,44,83,5.0,77,83,0.314,8,11.0,42.0,5.0,38.0,0.132,11.0,0.0,0.0,0.132,3.0,5.0,0.429,2.0,0.357,0.571,2.0,8.0,1.0,0.071,0.0,1.0,0.0,7.0,2.0,14.0,0.143,0.0,14.0,3.52,0.233,0.0,1.0,60.0,0.0,0.0,28.0,4.0,0.0,3.98,0.167,0.778,1.0,3.0,7.8,7.8,6.0,0.0,0.0,5.0,0.778,0.333,1.0,0.333,0.286,9.0,2.0,7.7,1.0,5.0,1.0,0.0,0.0,1.0,0.0,0.0,0.133,0.0,1.0,0.0,0.0,2.0,0.133,0.0,,2.0,0.0,0.0,,4.0,0.467,0.0,0.571,4.0,0.0,7.0,7.0,0.0,0.571,0.571,0.467,1.0,0.0,3.0,0.333,0.2,3.0,0.0,0.0,,0.333,0.2,0.333,1.0,3.0,0.0,0.0,3.0,0.0,0.0,0.2,0.0,0.0,,0.2,0.0,0.0,0.333,3.0,,0.333,0.0,0.0,2.0,1.0,0.0,0.0,0.0,0.0,0.0,0.333,0.0,0.0,0.0,0.0,0.0,1.0,0.0,2.0,0.0,0.0,0.0,3.0,0.0,0.5,0.0,0.0,1.0,1.0,0.0,0.0,1.0,0.0,9.0,0.0,0.0,0.333,3.0,61.0,0.374,G,0.635,0.611,96.0,0.025,,0.0,1.0,3.0,,0.0,0.0,1.0,0.0,0.0,4.0,0.0,,,0.4,0.0,0.0,0.0,1.0,,0.0,0.0,0.0,0.0,DAL,,1.0,10.0,3.0,0.0,0.0,0.0,0.0,3.0,2026,22500473,,,,,,,0.4,1.0,2.0,0.5,0.373,0.128,0.6,3.0,3.0,1.0,0.508,0.492,0.2,1.0,1.0,1.0,0.509,0.491,0.4,2.0,2.0,1.0,0.555,0.445,0.4,1.0,2.0,0.5,0.374,0.127,1.0,1.0,0.0,1.0,0.0,0.0,0.0,0.0,1.0,1.0,0.0,1.0,0.0,0.0,0.0,0.0,0.0,0.0,0.0,0.0,0.0,60.0,0.0,0.0,0.0,0.0,0.0,0.0,0.0,0.0,0.0,0.0,0.0,0.0,0.0,0.0,0.0,0.0,0.0,,,,,,,,,,,,DAL,PHI,20260101,2025-26,False,DAL,PHI,DAL,,5.0,0.444,4.0,0.8,0.356,,,,,,,,,,,,,,,,,,,,,,,,,,,,,,1.0,0.9,4.47,4.88,1.9,4.09,23.7,10026.0,,,,,,,,,,,,,,,,,,,,,,,,,,,,,,,,,,,,,,,,,,,,,DAL,,,,,,DAL,,,,,,,,,,,,1.0,,PHI,1610612755.0
1630314,Brandon Williams,Brandon,1610612742,DAL,26.0,1,0,1,0.0,21.37833333333333,4,6,0.667,0,0,0.0,2,2,1.0,0,2,2,5,4,0,0,0,2,1,10,-7,15.9,0,0,17.0,1,107,107,107,125,77,120,24,115,169,115,57,74,1,117,117,143,27,11,113,75,1,82,111,85,147,133,23,2,111,,100.0,6.0,1.25,114.3,34,70,90,42,126,0.333,0.063,195,91.68,189,77,161,-14.3,-22.1,148,41,18,25.0,119.4,34,0.04,122,156,114.3,126,100.0,109.25,80,25.2,155,110.02,120,110.02,-14.3,31.3,49,0.0,97.2,0.667,0.727,0.208,0.099,169,26,122,117,138,4.0,35,138,0.204,68,12.0,37.0,6.0,33.0,0.152,6.0,0.0,1.0,0.182,2.0,3.0,0.667,2.0,0.375,0.75,2.0,6.0,1.0,0.125,1.0,1.0,0.125,3.0,2.0,8.0,0.25,1.0,10.0,5.66,0.227,0.0,0.0,44.0,2.0,0.0,10.0,3.8,0.0,5.19,0.0,0.667,0.667,0.0,8.0,8.0,3.0,0.0,0.0,2.0,0.667,0.0,0.0,0.0,0.0,3.0,0.0,0.0,0.667,2.0,0.0,0.0,0.0,0.0,,,,,,,,,,,,,,,,3.0,0.833,0.0,0.6,3.0,0.0,5.0,5.0,0.0,0.6,0.6,0.833,,,,,,,,,,,,,,1.0,1.0,1.0,0.0,,0.167,0.0,1.0,1.0,1.0,0.167,0.0,1.0,1.0,1.0,,1.0,,,2.0,1.0,0.0,0.0,2.0,0.0,0.0,0.667,0.0,1.0,0.0,0.0,0.0,0.0,0.0,1.0,0.0,0.0,0.0,0.0,0.0,1.0,0.0,0.0,0.0,0.0,0.0,0.0,1.0,0.0,5.0,0.0,0.0,0.6,3.0,54.0,0.382,G,0.643,0.607,84.0,0.036,,0.0,0.0,0.0,,0.0,0.0,0.0,0.0,0.0,3.0,0.0,,,0.6,1.0,0.0,0.0,1.0,,1.0,0.0,0.0,0.0,DAL,,0.0,5.0,0.0,,0.0,,,,2026,22500387,,,,,,,0.182,1.0,2.0,0.5,0.369,0.131,0.818,5.0,9.0,0.556,0.487,0.068,0.636,4.0,7.0,0.571,0.597,-0.026,0.636,4.0,7.0,0.571,0.545,0.027,0.182,1.0,2.0,0.5,0.364,0.136,3.0,2.0,1.0,2.0,0.0,0.0,0.0,0.0,0.0,0.0,0.0,0.0,0.0,1.0,1.0,1.0,0.0,0.0,1.0,1.0,0.0,44.0,0.0,0.0,0.0,0.0,0.0,0.0,0.0,0.0,0.0,0.0,0.0,0.0,0.0,0.0,0.0,0.0,0.0,,,,,,,,,,,,PHI,DAL,20251220,2025-26,False,DAL,PHI,,,11.0,0.437,6.0,0.545,0.108,,,,,,,,,,,,,,,,,,,,,,,,,,,,,,0.9,0.8,4.59,5.0,1.8,3.78,21.4,9420.0,,,,,,,,,,,,,,,,,,,,,,,,,,,,,,,,,,,,,,,,,,,,,DAL,,,,,,DAL,,,,,,,,,,,,1.0,,PHI,1610612755.0
1630314,Brandon Williams,Brandon,1610612742,DAL,26.0,1,1,0,1.0,24.683333333333334,7,8,0.875,0,1,0.0,4,6,0.667,0,2,2,3,3,0,1,0,3,3,18,10,24.9,0,0,25.0,1,1,1,1,81,26,80,13,119,143,119,20,13,73,112,95,129,48,15,90,21,1,148,30,36,46,85,14,1,74,,124.6,8.0,1.0,103.4,17,57,78,18,56,0.15,0.071,164,93.99,163,26,41,21.2,25.3,41,21,74,17.6,103.7,17,0.044,72,70,103.4,56,124.6,110.73,53,18.0,137,112.79,80,112.79,21.2,17.6,57,0.0,129.0,0.875,0.846,0.241,0.109,146,81,72,112,47,7.0,26,47,0.243,50,7.0,51.0,6.0,44.0,0.068,8.0,1.0,2.0,0.136,4.0,1.0,1.0,0.0,0.111,1.222,4.0,11.0,0.75,0.222,2.0,2.0,0.222,4.0,3.0,9.0,0.0,1.0,18.0,4.14,0.305,0.0,1.0,59.0,2.0,2.0,23.0,4.1,0.0,4.21,0.0,0.4,0.4,0.0,6.4,6.4,5.0,0.0,2.0,2.0,0.667,0.0,0.0,0.0,0.0,5.0,0.0,0.0,0.667,2.0,0.0,0.0,2.0,0.0,,,,,,,,,,,,,,,,4.0,0.5,0.0,1.0,4.0,0.0,4.0,4.0,0.0,1.0,1.0,0.5,3.0,0.0,4.0,1.0,0.5,3.0,0.125,1.0,0.0,0.75,0.375,0.75,3.0,,,,,,,,,,,,,,1.0,2.0,,1.0,0.0,0.0,4.0,2.0,2.0,0.0,2.0,0.0,1.0,0.875,0.0,1.0,0.0,0.0,0.0,2.0,0.0,2.0,0.0,0.0,0.0,0.0,0.0,1.0,1.0,0.0,2.0,1.0,0.0,0.0,2.0,0.0,3.0,0.0,1.0,1.0,3.0,73.0,0.364,G,0.652,0.615,112.0,0.037,0.0,1.0,0.0,0.0,0.0,0.0,0.0,0.0,0.0,0.0,5.0,0.0,0.0,0.0,1.0,2.0,0.0,0.0,2.0,0.0,1.0,0.0,0.0,0.0,DAL,0.0,0.0,5.0,1.0,0.0,0.0,0.0,0.0,1.0,2026,22500583,,,,,,,0.273,1.0,3.0,0.333,0.327,0.006,0.727,6.0,8.0,0.75,0.556,0.195,0.545,4.0,6.0,0.667,0.646,0.021,0.636,5.0,7.0,0.714,0.596,0.118,0.364,2.0,4.0,0.5,0.343,0.157,4.0,3.0,1.0,1.0,0.0,0.0,0.0,0.0,0.0,0.0,0.0,0.0,0.0,0.0,0.0,0.0,0.0,0.0,0.0,0.0,0.0,59.0,0.0,0.0,0.0,0.0,0.0,0.0,0.0,0.0,0.0,0.0,0.0,0.0,0.0,0.0,0.0,0.0,0.0,,,,,,,,,,,,DAL,UTA,20260115,2025-26,False,DAL,UTA,,,11.0,0.48,7.0,0.636,0.157,,,,,,,,,,,,,,,,,,,,,,,,,,,,,,1.0,0.9,4.38,4.87,1.9,3.94,24.7,10153.0,,,,,,,,,,,,,,,,,,,,,,,,,,,,,,,,,,,,,,,,,,,,,DAL,,,,,,DAL,,,,,,,,,,,,1.0,,UTA,1610612762.0
1630314,Brandon Williams,Brandon,1610612742,DAL,26.0,1,1,0,1.0,15.15,2,6,0.333,0,3,0.0,5,6,0.833,0,0,0,2,2,0,0,0,1,3,9,-23,10.0,0,0,11.0,1,1,1,1,222,181,166,213,183,122,183,26,27,95,156,254,268,111,52,147,88,1,85,58,150,313,227,23,2,219,,118.2,6.0,1.0,187.9,100,101,245,120,142,0.154,0.0,251,87.13,243,181,304,-69.7,-67.7,123,232,126,15.4,189.3,100,0.0,316,311,187.9,142,118.2,102.72,18,15.8,254,104.55,166,104.55,-69.7,15.4,33,0.0,121.6,0.333,0.521,0.314,0.027,268,163,316,156,307,2.0,184,307,0.322,15,5.0,28.0,2.0,21.0,0.095,4.0,0.0,0.0,0.095,2.0,2.0,0.667,1.0,0.25,1.0,4.0,8.0,1.0,0.25,1.0,2.0,0.125,3.0,4.0,8.0,0.125,0.0,9.0,4.33,0.273,0.0,0.0,33.0,0.0,0.0,11.0,2.4,0.0,4.44,,,,,,,,,,,,,,,,,,,,,,,,,0.0,0.0,0.167,1.0,1.0,1.0,1.0,1.0,0.167,1.0,,1.0,1.0,0.0,0.0,0.0,0.333,0.167,0.0,0.0,0.0,1.0,2.0,1.0,0.0,0.0,0.167,1.0,0.0,2.0,1.0,0.333,1.0,0.167,1.0,0.0,0.5,0.167,0.5,1.0,1.0,0.0,0.0,1.0,0.0,0.0,0.167,0.0,0.0,,0.167,0.0,0.0,,0.0,,,0.0,0.0,0.0,0.0,0.0,0.0,0.0,0.0,0.0,0.333,0.0,0.0,0.0,0.0,0.0,1.0,0.0,1.0,0.0,0.0,0.0,2.0,0.0,1.0,1.0,0.0,0.0,0.0,0.0,0.0,1.0,0.0,1.0,0.0,1.0,1.0,1.0,56.0,0.385,G,0.629,0.611,89.0,0.018,,1.0,0.0,2.0,,0.0,0.0,0.0,0.0,0.0,1.0,0.0,,,0.5,1.0,0.0,0.0,1.0,,1.0,0.0,0.0,0.0,DAL,,0.0,2.0,3.0,0.0,0.0,0.0,0.0,3.0,2026,22500415,,,,,,,0.5,2.0,3.0,0.667,0.422,0.245,0.5,1.0,3.0,0.333,0.621,-0.288,0.5,1.0,3.0,0.333,0.682,-0.349,0.5,1.0,3.0,0.333,0.647,-0.314,0.5,2.0,3.0,0.667,0.436,0.231,1.0,1.0,0.0,1.0,0.0,0.0,0.0,0.0,0.0,0.0,0.0,0.0,0.0,0.0,0.0,0.0,0.0,0.0,0.0,0.0,0.0,33.0,0.0,0.0,0.0,0.0,0.0,0.0,0.0,0.0,0.0,0.0,0.0,0.0,0.0,0.0,0.0,0.0,0.0,,,,,,,,,,,,DAL,DEN,20251223,2025-26,False,DAL,DEN,DAL,,6.0,0.517,3.0,0.5,-0.017,,,,,,,,,,,,,,,,,,,,,,,,,,,,,,0.6,0.5,4.36,4.76,1.1,3.96,15.2,5980.0,,,,,,,,,,,,,,,,,,,,,,,,,,,,,,,,,,,,,,,,,,,,,DAL,,,,,,DAL,,,,,,,,,,,,1.0,,DEN,1610612743.0
1630314,Brandon Williams,Brandon,1610612742,DAL,26.0,1,1,0,1.0,31.26833333333333,3,8,0.375,0,4,0.0,8,10,0.8,0,5,5,2,3,0,2,0,1,5,14,-5,26.0,0,0,25.0,1,1,1,1,71,113,112,169,139,83,139,6,8,78,146,42,79,95,21,134,13,1,45,18,82,165,90,25,4,91,,89.7,8.0,0.67,97.1,91,122,84,123,209,0.125,0.109,211,86.99,201,113,136,-7.4,-4.2,202,178,113,16.7,96.8,91,0.063,62,60,97.1,209,89.7,102.88,87,17.2,128,104.39,112,104.39,-7.4,11.1,68,0.0,92.6,0.375,0.565,0.211,0.122,156,158,62,146,154,3.0,122,154,0.214,83,6.0,48.0,4.0,40.0,0.05,7.0,1.0,1.0,0.1,2.0,2.0,0.667,1.0,0.2,0.9,6.0,9.0,0.833,0.3,1.0,3.0,0.1,3.0,5.0,10.0,0.1,0.0,14.0,5.6,0.246,0.0,0.0,57.0,0.0,0.0,17.0,5.1,0.0,5.35,0.4,0.5,0.625,2.0,10.3,10.3,8.0,0.0,1.0,3.0,0.556,0.0,0.0,0.0,0.4,10.0,2.0,0.0,0.714,3.0,0.0,0.0,1.0,2.0,,,,,,,,,,,,,,,,3.0,0.375,0.0,1.0,3.0,0.0,3.0,3.0,0.0,1.0,1.0,0.375,0.0,0.0,2.0,0.0,0.25,1.0,0.125,1.0,0.0,0.0,0.125,0.0,0.0,3.0,0.0,0.0,3.0,0.0,0.0,0.375,0.0,0.0,,0.375,0.0,0.0,0.5,4.0,0.0,0.5,0.0,1.0,4.0,2.0,0.0,0.0,0.0,0.0,0.0,0.375,0.0,0.0,0.0,0.0,0.0,1.0,0.0,2.0,0.0,0.0,0.0,3.0,0.0,0.5,1.0,0.0,1.0,1.0,0.0,0.0,1.0,0.0,1.0,0.0,1.0,1.0,1.0,50.0,0.368,G,0.649,0.608,77.0,0.042,,3.0,1.0,1.0,0.0,0.0,0.0,1.0,0.0,0.0,1.0,0.0,,,1.0,1.0,0.0,0.0,2.0,0.0,0.5,0.0,0.0,0.0,DAL,0.0,1.0,1.0,3.0,0.0,0.0,0.0,0.0,3.0,2026,22500376,,,,,,,0.231,0.0,3.0,0.0,0.371,-0.371,0.769,5.0,10.0,0.5,0.538,-0.038,0.538,4.0,7.0,0.571,0.608,-0.037,0.538,4.0,7.0,0.571,0.562,0.009,0.231,0.0,3.0,0.0,0.365,-0.365,3.0,2.0,1.0,0.0,0.0,0.0,0.0,0.0,1.0,1.0,0.0,1.0,0.0,1.0,1.0,1.0,1.0,0.0,1.0,1.0,1.0,57.0,0.0,0.0,0.0,0.0,0.0,0.0,0.0,0.0,0.0,0.0,0.0,0.0,0.0,0.0,0.0,0.0,0.0,,,,,,,,,,,,DAL,DET,20251218,2025-26,False,DAL,DET,,,13.0,0.473,5.0,0.385,-0.088,,,,,,,,,,,,,,,,,,,,,,,,,,,,,,1.4,1.2,4.59,4.82,2.6,4.36,31.3,13610.0,,,,,,,,,,,,,,,,,,,,,,,,,,,,,,,,,,,,,,,,,,,,,DAL,,,,,,DAL,,,,,,,,,,,,1.0,,DET,1610612765.0
1630314,Brandon Williams,Brandon,1610612742,DAL,26.0,1,1,0,1.0,26.461666666666662,4,7,0.571,1,1,1.0,0,0,0.0,0,3,3,5,2,1,0,1,1,2,9,14,21.1,0,0,20.0,1,1,1,1,60,65,79,38,52,101,1,82,87,82,88,61,77,21,22,31,49,96,22,49,82,13,79,12,2,76,,118.3,7.0,2.5,98.3,41,28,63,26,69,0.192,0.115,110,89.19,109,65,36,20.1,12.3,93,40,46,14.3,99.5,41,0.053,15,17,98.3,69,118.3,109.56,108,14.3,72,107.02,79,107.02,20.1,35.7,60,0.0,111.8,0.643,0.643,0.129,0.1,103,16,15,88,24,4.0,50,24,0.128,103,13.0,40.0,8.0,38.0,0.132,10.0,1.0,2.0,0.211,1.0,4.0,0.25,1.0,0.444,0.222,0.0,2.0,0.0,0.0,1.0,0.0,0.111,4.0,0.0,9.0,0.111,0.0,9.0,6.14,0.18,0.0,0.0,50.0,0.0,0.0,17.0,4.6,0.0,5.56,0.333,0.429,0.5,1.0,4.6,4.6,6.0,0.0,1.0,2.0,0.5,0.0,0.0,0.0,0.333,7.0,1.0,0.0,0.6,2.0,0.0,0.0,1.0,1.0,,,,,,,,,,,,,,,,3.0,0.714,0.0,0.6,3.0,0.0,5.0,5.0,0.0,0.6,0.6,0.714,0.0,0.0,1.0,0.0,0.143,1.0,0.0,0.0,,0.0,0.143,0.0,0.0,1.0,0.0,0.0,1.0,1.0,0.0,0.143,1.5,1.0,,0.143,1.0,1.0,0.5,2.0,,0.5,0.0,0.0,2.0,1.0,0.0,0.0,0.0,1.0,0.0,0.643,0.0,0.0,3.0,0.0,0.0,3.0,0.0,1.0,0.0,0.0,0.0,1.0,0.0,1.0,0.0,0.0,1.0,0.333,1.0,0.0,1.0,1.0,2.0,0.0,0.0,0.5,1.0,46.0,0.357,G,0.657,0.608,70.0,0.05,,0.0,0.0,1.0,0.0,1.0,1.0,0.0,0.0,1.0,2.0,0.0,,,0.667,1.0,0.0,0.0,2.0,0.0,0.5,0.0,0.0,0.0,DAL,0.0,0.0,3.0,1.0,1.5,1.0,1.0,1.0,1.0,2026,22501214,,,,,,,0.25,2.0,2.0,1.0,0.353,0.648,0.75,1.0,6.0,0.167,0.457,-0.29,0.25,0.0,2.0,0.0,0.525,-0.525,0.625,1.0,5.0,0.2,0.486,-0.286,0.375,2.0,3.0,0.667,0.358,0.308,2.0,2.0,0.0,1.0,0.0,0.0,0.0,0.0,1.0,1.0,0.0,1.0,0.0,0.0,0.0,0.0,0.0,0.0,0.0,0.0,0.0,50.0,0.0,0.0,0.0,0.0,0.0,0.0,0.0,0.0,0.0,0.0,0.0,0.0,0.0,0.0,0.0,0.0,0.0,,,,,,,,,,,,DAL,BKN,20251212,2025-26,False,DAL,BKN,,,8.0,0.423,3.0,0.375,-0.048,,,,,,,,,,,,,,,,,,,,,,,,,,,,,,1.1,0.9,4.76,5.41,2.0,4.14,26.5,10658.0,,,,,,,,,,,,,,,,,,,,,,,,,,,,,,,,,,,,,,,,,,,,,DAL,,,,,,DAL,,,,,,,,,,,,1.0,,BKN,1610612751.0
1630314,Brandon Williams,Brandon,1610612742,DAL,26.0,1,0,1,0.0,23.716666666666665,4,10,0.4,1,1,1.0,8,12,0.667,0,5,5,3,2,0,0,2,2,6,17,-2,25.5,0,0,26.0,1,105,105,105,96,75,60,111,65,144,1,3,2,68,108,28,48,64,30,97,65,187,110,3,43,101,73,9,1,64,,117.6,10.0,1.5,119.2,78,55,93,78,71,0.2,0.2,116,86.86,113,75,97,-1.6,-1.4,68,121,64,9.5,120.3,78,0.106,128,131,119.2,71,117.6,103.18,18,9.9,38,104.23,60,104.23,-1.6,14.3,51,0.0,119.0,0.45,0.556,0.3,0.106,61,106,128,108,98,4.0,100,98,0.312,17,7.0,38.0,3.0,28.0,0.107,3.0,0.0,0.0,0.107,2.0,3.0,0.333,2.0,0.214,0.571,8.0,8.0,0.5,0.286,1.0,4.0,0.071,6.0,4.0,14.0,0.143,1.0,17.0,5.74,0.34,0.0,1.0,50.0,0.0,1.0,15.0,4.6,0.0,5.52,0.2,0.417,0.556,3.0,7.3,7.3,9.0,0.0,0.0,4.0,0.417,0.0,0.0,0.0,0.2,12.0,1.0,0.0,0.556,4.0,0.0,0.0,0.0,1.0,0.0,0.0,0.1,0.0,1.0,0.0,0.0,1.0,0.1,0.0,,1.0,0.0,0.0,,0.0,0.4,0.0,0.0,0.0,0.0,4.0,4.0,0.0,0.0,0.0,0.4,3.0,0.0,3.0,1.0,0.3,3.0,0.0,0.0,,1.0,0.3,1.0,3.0,2.0,0.0,1.0,1.0,1.0,0.1,0.1,0.75,0.5,0.0,0.2,1.0,1.0,0.5,2.0,,0.5,0.0,0.0,2.0,1.0,1.0,0.0,0.0,0.5,0.0,0.45,0.0,0.0,3.0,0.0,0.0,2.0,0.0,3.0,0.0,0.0,0.0,1.0,0.0,0.333,0.0,0.0,0.0,0.0,1.0,0.0,1.0,1.0,4.0,0.0,0.0,0.5,2.0,89.0,0.372,G,0.654,0.622,136.0,0.033,,0.0,2.0,1.0,0.0,1.0,1.0,1.0,0.0,1.0,2.0,0.0,,,0.4,0.0,0.0,0.0,1.0,0.0,0.0,0.0,0.0,0.0,DAL,0.0,0.5,5.0,2.0,0.75,1.0,1.0,1.0,1.0,2026,22500677,,,,,,,0.214,2.0,3.0,0.667,0.387,0.28,0.786,6.0,11.0,0.545,0.552,-0.007,0.5,4.0,7.0,0.571,0.706,-0.135,0.643,5.0,9.0,0.556,0.583,-0.027,0.286,2.0,4.0,0.5,0.395,0.105,2.0,1.0,1.0,0.0,0.0,0.0,0.0,0.0,0.0,0.0,0.0,0.0,0.0,0.0,0.0,0.0,0.0,0.0,0.0,0.0,0.0,50.0,0.0,0.0,0.0,0.0,0.0,0.0,0.0,0.0,0.0,0.0,0.0,0.0,0.0,0.0,0.0,0.0,0.0,,,,,,,,,,,,DAL,MIN,20260128,2025-26,False,DAL,MIN,DAL,,14.0,0.459,8.0,0.571,0.112,,,,,,,,,,,,,,,,,,,,,,,,,,,,,,1.0,0.9,4.47,4.81,1.9,4.13,23.7,9970.0,,,,,,,,,,,,,,,,,,,,,,,,,,,,,,,,,,,,,,,,,,,,,DAL,,,,,,DAL,,,,,,,,,,,,1.0,,MIN,1610612750.0
1630314,Brandon Williams,Brandon,1610612742,DAL,26.0,1,0,1,0.0,8.971666666666666,5,7,0.714,2,3,0.667,1,1,1.0,0,0,0,0,1,0,0,0,1,1,13,3,12.0,0,0,15.0,1,60,60,60,111,40,68,13,31,55,10,47,57,1,66,109,114,99,47,64,44,1,23,53,44,46,94,12,2,83,,150.0,7.0,0.0,133.3,100,68,14,95,2,0.0,0.0,78,80.25,80,40,75,16.7,-6.4,7,9,99,12.5,142.2,100,0.0,108,114,133.3,2,150.0,98.34,5,11.8,109,96.3,68,96.3,16.7,0.0,18,0.0,135.8,0.857,0.874,0.333,0.173,114,99,108,66,21,5.0,7,21,0.339,3,0.0,18.0,0.0,10.0,0.0,1.0,0.0,0.0,0.0,2.0,1.0,1.0,0.0,0.333,1.667,0.0,5.0,0.0,0.0,0.0,0.0,0.0,2.0,0.0,3.0,0.0,0.0,13.0,4.95,0.65,0.0,0.0,20.0,0.0,0.0,8.0,1.8,0.0,5.25,,,,,,,,,,,,,,,,,,,,,,,,,0.0,0.0,0.143,0.0,1.0,0.0,0.0,1.0,0.143,0.0,,1.0,0.0,0.0,,,,,,,,,,,,,,3.0,0.0,3.0,1.0,0.429,3.0,0.0,0.0,,1.0,0.429,1.0,3.0,3.0,0.0,0.0,3.0,0.667,0.0,0.429,1.0,0.667,,0.429,2.0,2.0,1.0,1.0,1.0,1.5,1.0,1.0,3.0,1.0,0.0,0.0,0.0,0.5,0.0,0.857,0.0,0.0,3.0,1.0,,3.0,,0.0,1.0,,1.0,2.0,,0.0,1.0,,2.0,0.667,1.0,1.0,0.0,0.5,1.0,,1.0,1.0,1.0,93.0,0.376,G,0.655,0.621,142.0,0.034,0.0,1.0,0.0,2.0,,0.5,1.0,0.0,0.0,1.0,2.0,1.0,0.0,0.0,0.667,0.0,0.0,1.0,0.0,,0.0,1.0,1.0,0.0,DAL,,0.0,3.0,2.0,0.75,1.0,0.5,1.0,2.0,2026,22500701,,,,,,,,,,,,,1.0,3.0,3.0,1.0,0.471,0.529,0.333,1.0,1.0,1.0,0.531,0.469,0.333,1.0,1.0,1.0,0.5,0.5,0.667,2.0,2.0,1.0,0.389,0.611,1.0,1.0,0.0,0.0,0.0,0.0,0.0,0.0,0.0,0.0,0.0,0.0,0.0,0.0,0.0,0.0,0.0,0.0,0.0,0.0,0.0,20.0,0.0,0.0,0.0,0.0,0.0,0.0,0.0,0.0,0.0,0.0,0.0,0.0,0.0,0.0,0.0,0.0,0.0,,,,,,,,,,,,HOU,DAL,20260131,2025-26,False,DAL,HOU,DAL,,3.0,0.441,3.0,1.0,0.559,,,,,,,,,,,,,,,,,,,,,,,,,,,,,,0.4,0.3,4.38,4.58,0.7,4.14,9.0,3600.0,,,,,,,,,,,,,,,,,,,,,,,,,,,,,,,,,,,,,,,,,,,,,DAL,,,,,,DAL,,,,,,,,,,,,1.0,,HOU,1610612745.0
1630314,Brandon Williams,Brandon,1610612742,DAL,26.0,1,0,1,0.0,8.566666666666666,1,4,0.25,0,2,0.0,0,0,0.0,1,2,3,1,3,0,0,0,0,2,2,-8,4.1,0,0,6.0,1,32,32,32,55,45,42,52,39,34,39,34,35,34,19,34,31,41,8,32,15,1,1,19,51,49,58,8,1,52,,81.0,4.0,0.33,125.0,2,35,60,5,58,0.167,0.222,56,95.72,55,45,55,-44.0,-39.1,56,54,21,37.5,122.3,2,0.176,46,44,125.0,58,81.0,114.53,9,37.5,12,114.86,42,114.86,-44.0,12.5,21,0.125,83.2,0.25,0.25,0.304,-0.011,7,43,46,5,56,1.0,55,56,0.312,9,2.0,18.0,1.0,13.0,0.077,2.0,0.0,0.0,0.077,1.0,0.0,0.5,0.0,0.0,0.667,0.0,2.0,0.0,0.0,1.0,0.0,0.333,2.0,0.0,3.0,0.0,0.0,2.0,4.18,0.091,0.0,0.0,22.0,0.0,0.0,8.0,1.6,0.0,4.29,1.0,0.75,0.667,1.0,12.2,13.5,3.0,0.0,0.0,0.0,0.75,1.0,0.0,1.0,0.667,4.0,2.0,16.1,0.667,1.0,0.0,1.0,0.0,2.0,0.0,0.0,0.25,1.0,1.0,1.0,1.0,1.0,0.25,1.0,,1.0,1.0,0.0,,0.0,0.25,0.0,0.0,0.0,0.0,1.0,1.0,0.0,0.0,0.0,0.25,0.0,0.0,1.0,,0.25,0.0,0.25,1.0,0.0,0.0,0.0,0.0,0.0,1.0,0.0,0.0,1.0,0.0,0.0,0.25,0.0,0.0,,0.25,0.0,0.0,,0.0,,,0.0,0.0,0.0,0.0,0.0,0.0,0.0,0.0,0.0,0.25,0.0,0.0,0.0,0.0,0.0,2.0,0.0,0.0,0.0,0.0,0.0,2.0,0.0,0.0,0.0,0.0,1.0,0.5,0.0,0.0,0.0,0.0,0.0,0.0,0.0,0.0,0.0,68.0,0.367,G,0.648,0.615,105.0,0.033,,0.0,0.0,2.0,,0.0,0.0,0.0,0.0,2.0,0.0,0.0,,,0.0,0.0,0.0,0.0,0.0,,0.0,1.0,0.5,0.0,DAL,,0.0,0.0,2.0,0.0,0.0,0.0,0.0,2.0,2026,22500531,,,,,,,0.429,1.0,3.0,0.333,0.314,0.02,0.571,2.0,4.0,0.5,0.551,-0.051,0.571,2.0,4.0,0.5,0.65,-0.15,0.571,2.0,4.0,0.5,0.592,-0.092,0.429,1.0,3.0,0.333,0.325,0.009,2.0,0.0,2.0,0.0,0.0,0.0,0.0,0.0,0.0,0.0,0.0,0.0,0.0,0.0,0.0,0.0,0.0,0.0,0.0,0.0,0.0,22.0,0.0,0.0,0.0,0.0,0.0,0.0,0.0,0.0,0.0,0.0,0.0,0.0,0.0,0.0,0.0,0.0,0.0,,,,,,,,,,,,UTA,DAL,20260108,2025-26,False,DAL,UTA,DAL,,7.0,0.478,3.0,0.429,-0.05,,,,,,,,,,,,,,,,,,,,,,,,,,,,,,0.3,0.3,3.98,3.99,0.6,3.97,8.6,3427.0,,,,,,,,,,,,,,,,,,,,,,,,,,,,,,,,,,,,,,,,,,,,,DAL,,,,,,DAL,,,,,,,,,,,,1.0,,UTA,1610612762.0
1630314,Brandon Williams,Brandon,1610612742,DAL,26.0,1,1,0,1.0,25.843333333333334,5,14,0.357,0,5,0.0,4,5,0.8,0,1,1,7,1,3,1,2,1,4,14,17,36.7,0,0,30.0,1,1,1,1,75,43,26,115,101,46,101,20,23,49,90,110,126,10,56,4,11,154,31,19,51,11,26,13,1,50,,125.0,14.0,7.0,98.1,52,3,59,54,39,0.368,0.043,62,85.13,61,43,22,26.9,29.6,38,129,11,4.2,97.9,52,0.022,38,41,98.1,39,125.0,101.3,17,4.1,136,102.15,26,102.15,26.9,29.2,56,0.0,127.5,0.357,0.432,0.283,0.128,144,37,38,90,26,5.0,119,26,0.297,18,18.0,49.0,8.0,43.0,0.163,8.0,0.0,1.0,0.186,4.0,8.0,0.5,2.0,0.421,0.526,2.0,10.0,1.0,0.053,1.0,1.0,0.053,8.0,2.0,19.0,0.105,0.0,14.0,5.21,0.23,0.0,1.0,61.0,0.0,0.0,24.0,5.3,0.0,5.2,0.0,0.111,0.143,2.0,6.0,6.0,7.0,0.0,1.0,1.0,0.125,0.0,0.0,0.0,0.0,9.0,0.0,0.0,0.167,1.0,0.0,0.0,1.0,0.0,,,,,,,,,,,,,,,,3.0,0.5,0.0,0.429,3.0,0.0,7.0,7.0,0.0,0.429,0.429,0.5,0.0,0.0,1.0,,0.071,0.0,0.071,1.0,0.0,0.0,0.0,0.0,0.0,6.0,2.0,2.0,4.0,0.0,0.143,0.286,0.333,0.333,1.0,0.429,0.0,2.0,0.667,3.0,0.0,0.667,0.0,1.0,4.0,2.0,0.0,0.0,0.0,0.0,0.0,0.357,0.0,0.0,0.0,0.0,0.0,4.0,0.0,0.0,0.0,0.0,0.0,4.0,0.0,0.0,1.0,0.0,2.0,0.5,0.0,0.0,0.0,0.0,5.0,0.0,1.0,0.6,3.0,38.0,0.359,G,0.633,0.609,60.0,0.024,0.0,1.0,0.0,4.0,0.0,0.0,0.0,0.0,0.0,1.0,4.0,0.0,0.0,0.0,0.571,1.0,0.0,0.0,1.0,0.0,1.0,0.0,0.0,0.0,DAL,0.0,0.0,7.0,4.0,0.0,0.0,0.0,0.0,4.0,2026,22500300,,,,,,,0.5,1.0,3.0,0.333,0.357,-0.024,0.5,1.0,3.0,0.333,0.512,-0.178,0.167,1.0,1.0,1.0,0.566,0.434,0.333,1.0,2.0,0.5,0.512,-0.012,0.5,1.0,3.0,0.333,0.357,-0.024,3.0,2.0,1.0,2.0,0.0,0.0,0.0,0.0,0.0,0.0,0.0,0.0,0.0,0.0,0.0,0.0,0.0,0.0,0.0,0.0,0.0,61.0,0.0,0.0,0.0,0.0,0.0,0.0,0.0,0.0,0.0,0.0,0.0,0.0,0.0,0.0,0.0,0.0,0.0,,,,,,,,,,,,LAC,DAL,20251129,2025-26,False,DAL,LAC,,,6.0,0.451,2.0,0.333,-0.117,,,,,,,,,,,,,,,,,,,,,,,,,,,,,,1.1,0.8,4.46,5.28,1.9,3.68,25.9,9979.0,,,,,,,,,,,,,,,,,,,,,,,,,,,,,,,,,,,,,,,,,,,,,DAL,,,,,,DAL,,,,,,,,,,,,1.0,,LAC,1610612746.0
1630314,Brandon Williams,Brandon,1610612742,DAL,26.0,1,0,1,0.0,23.633333333333333,8,12,0.667,2,2,1.0,0,0,0.0,1,2,3,4,1,1,0,0,0,1,18,-10,29.6,0,0,29.0,1,105,105,105,114,19,50,26,39,122,1,118,127,118,54,105,99,33,77,46,68,1,1,104,43,158,67,18,4,66,,103.6,12.0,4.0,125.9,35,9,25,17,141,0.25,0.083,82,93.09,80,19,132,-22.4,-10.5,136,31,32,5.9,116.7,35,0.051,147,113,125.9,141,103.6,114.67,83,5.9,128,111.71,50,111.71,-22.4,23.5,56,0.029,106.1,0.75,0.75,0.2,0.168,141,65,147,98,153,8.0,37,153,0.211,84,8.0,42.0,4.0,38.0,0.105,12.0,0.0,0.0,0.105,3.0,0.0,0.6,0.0,0.0,1.2,0.0,6.0,0.0,0.0,0.0,0.0,0.0,5.0,0.0,5.0,0.0,0.0,18.0,5.41,0.353,0.0,1.0,51.0,0.0,2.0,17.0,4.2,0.0,4.97,0.0,0.5,0.4,1.0,9.8,8.1,5.0,0.0,0.0,2.0,0.5,1.0,0.0,1.0,0.0,6.0,0.0,4.8,0.4,3.0,0.0,1.0,0.0,0.0,,,,,,,,,,,,,,,,4.0,0.583,0.0,0.571,4.0,0.0,7.0,7.0,0.0,0.571,0.571,0.583,2.0,0.0,2.0,1.0,0.167,2.0,0.0,0.0,,1.0,0.167,1.0,2.0,3.0,0.0,1.0,2.0,1.0,0.083,0.167,1.0,0.667,0.0,0.25,2.0,2.0,0.5,2.0,,0.5,0.0,0.0,2.0,1.0,2.0,0.0,0.0,1.0,1.0,0.75,0.0,0.0,6.0,1.0,0.0,5.0,1.0,1.0,0.0,1.0,0.0,1.0,1.0,0.0,0.0,0.0,4.0,0.8,1.0,1.0,0.0,1.0,4.0,0.0,1.0,0.5,2.0,95.0,0.374,G,0.651,0.622,146.0,0.028,,1.0,1.0,1.0,,1.0,1.0,0.0,0.0,4.0,2.0,1.0,,,0.5,1.0,0.0,1.0,1.0,,1.0,3.0,0.75,0.0,DAL,,0.0,4.0,2.0,1.5,2.0,1.0,2.0,2.0,2026,22500749,,,,,,,0.5,3.0,6.0,0.5,0.326,0.174,0.5,3.0,6.0,0.5,0.542,-0.042,0.333,2.0,4.0,0.5,0.618,-0.118,0.417,3.0,5.0,0.6,0.574,0.026,0.5,3.0,6.0,0.5,0.352,0.148,3.0,1.0,2.0,2.0,0.0,0.0,0.0,0.0,0.0,0.0,0.0,0.0,0.0,0.0,0.0,0.0,0.0,0.0,0.0,0.0,0.0,51.0,0.0,0.0,0.0,0.0,0.0,0.0,0.0,0.0,0.0,0.0,0.0,0.0,0.0,0.0,0.0,0.0,0.0,,,,,,,,,,,,SAS,DAL,20260207,2025-26,False,DAL,SAS,,,12.0,0.455,6.0,0.5,0.045,,,,,,,,,,,,,,,,,,,,,,,,,,,,,,1.0,0.8,4.29,4.63,1.8,3.93,23.6,9667.0,,,,,,,,,,,,,,,,,,,,,,,,,,,,,,,,,,,,,,,,,,,,,DAL,,,,,,DAL,,,,,,,,,,,,1.0,,SAS,1610612759.0
1630314,Brandon Williams,Brandon,1610612742,DAL,26.0,1,0,1,0.0,17.763333333333332,2,8,0.25,0,3,0.0,1,2,0.5,0,2,2,2,1,1,0,2,1,1,5,-4,12.4,0,0,11.0,1,42,42,42,57,56,34,74,52,30,52,33,27,36,50,45,53,34,27,17,27,84,27,43,65,53,63,7,2,67,,115.8,8.0,2.0,120.0,35,19,77,46,35,0.167,0.091,45,87.82,42,56,59,-4.2,-12.0,40,75,28,8.3,126.7,35,0.05,72,79,120.0,35,115.8,103.01,19,8.4,58,105.39,34,105.39,-4.2,16.7,38,0.0,114.7,0.25,0.282,0.244,0.012,68,45,72,50,51,2.0,80,51,0.239,14,4.0,21.0,2.0,18.0,0.111,3.0,0.0,0.0,0.111,1.0,1.0,0.25,0.0,0.125,0.375,2.0,3.0,0.5,0.125,1.0,1.0,0.125,4.0,1.0,8.0,0.0,0.0,5.0,4.0,0.172,0.0,1.0,29.0,0.0,2.0,13.0,1.9,0.0,3.85,0.0,0.667,0.667,0.0,7.1,7.1,3.0,0.0,1.0,2.0,1.0,0.0,0.0,0.0,0.0,3.0,0.0,0.0,1.0,2.0,0.0,0.0,1.0,0.0,0.0,0.0,0.375,2.0,1.0,2.0,0.667,3.0,0.375,0.667,,3.0,0.667,0.0,,0.0,0.25,0.0,0.0,0.0,0.0,2.0,2.0,0.0,0.0,0.0,0.25,0.0,0.0,1.0,,0.125,0.0,0.125,1.0,0.0,0.0,0.0,0.0,0.0,2.0,0.0,0.0,2.0,0.0,0.0,0.25,0.0,0.0,,0.25,0.0,0.0,,0.0,,,0.0,0.0,0.0,0.0,2.0,0.0,0.0,0.0,1.0,0.25,0.0,0.0,0.0,0.0,0.0,3.0,0.0,0.0,0.0,0.0,0.0,2.0,0.0,0.0,1.0,0.0,0.0,0.0,0.0,0.0,0.0,0.0,2.0,0.0,1.0,1.0,2.0,97.0,0.373,G,0.655,0.624,148.0,0.032,0.0,1.0,0.0,2.0,0.0,0.0,0.0,0.0,0.0,2.0,2.0,0.0,0.0,0.0,0.667,0.0,0.0,0.0,0.0,0.0,0.0,0.0,0.0,0.0,DAL,0.0,0.0,3.0,3.0,0.0,0.0,0.0,0.0,3.0,2026,22500773,,,,,,,0.429,3.0,3.0,1.0,0.351,0.649,0.571,3.0,4.0,0.75,0.552,0.198,0.286,2.0,2.0,1.0,0.727,0.273,0.286,2.0,2.0,1.0,0.647,0.353,0.571,3.0,4.0,0.75,0.398,0.352,3.0,2.0,1.0,0.0,0.0,0.0,0.0,0.0,0.0,0.0,0.0,0.0,0.0,1.0,1.0,1.0,0.0,0.0,1.0,1.0,0.0,29.0,0.0,0.0,0.0,0.0,0.0,0.0,0.0,0.0,0.0,0.0,0.0,0.0,0.0,0.0,0.0,0.0,0.0,,,,,,,,,,,,PHX,DAL,20260210,2025-26,False,DAL,PHX,DAL,,7.0,0.49,6.0,0.857,0.367,,,,,,,,,,,,,,,,,,,,,,,,,,,,,,0.7,0.7,4.46,5.05,1.4,4.0,17.8,7505.0,,,,,,,,,,,,,,,,,,,,,,,,,,,,,,,,,,,,,,,,,,,,,DAL,,,,,,DAL,,,,,,,,,,,,1.0,,PHX,1610612756.0
1630314,Brandon Williams,Brandon,1610612742,DAL,26.0,1,0,1,0.0,29.05,6,11,0.545,1,3,0.333,4,5,0.8,1,4,5,7,4,1,0,1,0,5,17,2,32.5,0,0,32.0,1,38,38,38,18,12,19,25,22,30,23,11,11,16,19,14,17,3,2,11,18,51,1,5,12,27,11,6,2,11,,116.7,11.0,1.75,109.7,34,15,21,27,27,0.35,0.138,52,83.99,51,12,28,7.0,4.9,30,30,8,16.7,109.7,34,0.098,33,32,109.7,27,116.7,101.62,11,16.5,24,100.79,19,100.79,7.0,29.2,60,0.045,114.7,0.591,0.644,0.27,0.151,28,12,33,28,27,6.0,28,27,0.277,11,17.0,45.0,8.0,39.0,0.179,8.0,1.0,0.0,0.205,4.0,6.0,0.571,3.0,0.375,0.625,2.0,10.0,0.5,0.063,1.0,1.0,0.063,7.0,1.0,16.0,0.188,0.0,17.0,5.58,0.288,0.0,2.0,59.0,0.0,0.0,17.0,5.4,0.0,5.52,0.25,0.714,0.667,1.0,6.6,7.1,6.0,0.0,0.0,3.0,0.714,1.0,0.0,1.0,0.2,7.0,1.0,9.1,0.667,4.0,0.0,1.0,0.0,1.0,0.0,0.0,0.091,0.0,1.0,0.0,0.0,1.0,0.091,0.0,,1.0,0.0,0.0,,2.0,0.364,0.0,0.5,2.0,0.0,4.0,4.0,0.0,0.5,0.5,0.364,1.0,0.0,1.0,1.0,0.091,1.0,0.0,0.0,,1.0,0.091,1.0,1.0,5.0,2.0,2.0,3.0,0.333,0.182,0.273,0.7,0.6,1.0,0.455,1.0,3.0,0.6,5.0,0.0,0.6,0.0,2.0,6.0,3.0,0.0,0.0,0.0,1.0,0.0,0.591,0.0,0.0,3.0,0.0,0.0,6.0,0.0,1.0,0.0,0.0,0.0,3.0,0.0,1.0,0.0,0.0,3.0,0.5,1.0,0.0,1.0,0.333,1.0,0.0,0.0,1.0,1.0,99.0,0.37,G,0.66,0.625,150.0,0.035,,0.0,1.0,3.0,0.0,0.333,1.0,1.0,0.0,4.0,1.0,0.0,,,0.5,1.0,0.0,0.0,1.0,0.0,1.0,2.0,0.5,0.0,DAL,0.0,1.0,2.0,1.0,1.5,1.0,1.0,1.0,1.0,2026,22500791,,,,,,,0.375,1.0,3.0,0.333,0.345,-0.011,0.625,3.0,5.0,0.6,0.556,0.044,0.25,2.0,2.0,1.0,0.679,0.322,0.625,3.0,5.0,0.6,0.6,0.0,0.375,1.0,3.0,0.333,0.35,-0.017,2.0,1.0,1.0,1.0,0.0,0.0,0.0,0.0,2.0,2.0,0.0,1.0,0.0,0.0,0.0,0.0,0.0,0.0,0.0,0.0,0.0,59.0,0.0,0.0,0.0,0.0,0.0,0.0,0.0,0.0,0.0,0.0,0.0,0.0,0.0,0.0,0.0,0.0,0.0,,,,,,,,,,,,LAL,DAL,20260212,2025-26,False,DAL,LAL,DAL,,8.0,0.45,4.0,0.5,0.05,,,,,,,,,,,,,,,,,,,,,,,,,,,,,,1.2,1.1,4.42,5.04,2.3,3.89,29.1,12100.0,,,,,,,,,,,,,,,,,,,,,,,,,,,,,,,,,,,,,,,,,,,,,DAL,,,,,,DAL,,,,,,,,,,,,1.0,,LAL,1610612747.0
1630314,Brandon Williams,Brandon,1610612742,DAL,26.0,1,1,0,1.0,21.966666666666665,4,8,0.5,1,3,0.333,6,8,0.75,0,1,1,7,2,2,1,1,0,4,15,15,33.7,0,0,30.0,1,1,1,1,131,77,100,83,80,106,87,7,8,71,138,153,180,15,40,14,20,166,1,19,57,27,48,17,2,51,,138.0,8.0,3.5,108.0,26,21,57,12,19,0.304,0.04,130,91.05,129,77,37,30.0,27.9,23,104,35,9.5,107.3,26,0.023,104,99,108.0,19,138.0,110.74,55,9.7,192,109.26,100,109.26,30.0,33.3,50,0.0,135.2,0.563,0.651,0.246,0.138,202,36,104,138,32,4.0,86,32,0.246,52,17.0,42.0,8.0,35.0,0.2,11.0,1.0,0.0,0.229,1.0,3.0,0.5,0.0,0.375,0.625,4.0,5.0,0.75,0.25,1.0,2.0,0.125,2.0,3.0,8.0,0.0,1.0,15.0,5.82,0.306,0.0,1.0,49.0,2.0,2.0,16.0,4.4,0.0,5.43,0.0,0.2,0.333,2.0,9.3,9.3,3.0,0.0,0.0,1.0,0.2,0.0,0.0,0.0,0.0,5.0,0.0,0.0,0.333,1.0,0.0,0.0,0.0,0.0,0.0,0.0,0.125,0.0,1.0,0.0,0.0,1.0,0.125,0.0,,1.0,0.0,0.0,,2.0,0.375,0.0,0.667,2.0,0.0,3.0,3.0,0.0,0.667,0.667,0.375,1.0,1.0,2.0,1.0,0.25,1.0,0.125,1.0,1.0,1.0,0.125,1.25,2.0,2.0,0.0,0.0,2.0,0.0,0.0,0.25,0.0,0.0,,0.25,0.0,0.0,0.5,2.0,0.5,0.75,1.0,2.0,3.0,1.0,2.0,0.0,2.0,0.0,0.0,0.563,0.0,0.0,0.0,0.0,0.0,2.0,0.0,0.0,0.0,0.0,0.0,3.0,0.0,0.0,0.0,0.0,1.0,0.5,1.0,0.0,0.0,0.333,3.0,0.0,0.0,0.667,2.0,103.0,0.366,G,0.66,0.625,156.0,0.036,0.0,1.0,0.0,2.0,0.0,0.5,1.0,0.0,0.0,0.0,3.0,0.0,0.0,0.0,0.6,0.0,0.0,0.0,0.0,0.0,0.0,0.0,0.0,0.0,DAL,0.0,0.0,5.0,1.0,0.0,0.0,0.0,0.0,1.0,2026,22500821,,,,,,,0.333,2.0,3.0,0.667,0.348,0.318,0.667,3.0,6.0,0.5,0.566,-0.066,0.444,2.0,4.0,0.5,0.667,-0.167,0.556,2.0,5.0,0.4,0.615,-0.215,0.444,3.0,4.0,0.75,0.34,0.411,3.0,2.0,1.0,1.0,0.0,0.0,0.0,0.0,2.0,2.0,0.0,1.0,0.0,0.0,0.0,0.0,0.0,0.0,0.0,0.0,0.0,49.0,0.0,0.0,0.0,0.0,0.0,0.0,0.0,0.0,0.0,0.0,0.0,0.0,0.0,0.0,0.0,0.0,0.0,,,,,,,,,,,,IND,DAL,20260222,2025-26,False,DAL,IND,DAL,,9.0,0.466,5.0,0.556,0.089,,,,,,,,,,,,,,,,,,,,,,,,,,,,,,1.0,0.8,4.64,5.04,1.8,4.21,22.0,9391.0,,,,,,,,,,,,,,,,,,,,,,,,,,,,,,,,,,,,,,,,,,,,,DAL,,,,,,DAL,,,,,,,,,,,,1.0,,IND,1610612754.0
1630314,Brandon Williams,Brandon,1610612742,DAL,26.0,1,0,1,0.0,18.416666666666668,4,8,0.5,0,1,0.0,5,8,0.625,0,1,1,4,2,0,0,1,1,6,13,-15,18.2,0,0,18.0,1,101,101,101,133,75,91,79,119,131,119,15,6,76,98,140,153,31,38,105,62,125,40,7,60,169,110,18,2,102,,102.4,8.0,2.0,138.1,69,30,90,35,128,0.4,0.045,115,91.22,106,75,169,-35.7,-32.4,140,102,11,11.1,133.6,69,0.022,172,161,138.1,128,102.4,111.92,30,11.4,166,109.47,91,109.47,-35.7,22.2,42,0.0,101.2,0.5,0.564,0.292,0.099,173,67,172,98,169,4.0,110,169,0.285,22,9.0,42.0,4.0,30.0,0.133,7.0,0.0,0.0,0.133,4.0,3.0,0.571,1.0,0.2,0.667,2.0,10.0,1.0,0.067,1.0,1.0,0.067,7.0,2.0,15.0,0.067,0.0,13.0,6.04,0.271,0.0,0.0,48.0,0.0,0.0,13.0,4.6,0.0,5.74,0.0,0.25,0.333,1.0,8.5,8.5,3.0,0.0,0.0,1.0,0.25,0.0,0.0,0.0,0.0,4.0,0.0,0.0,0.333,1.0,0.0,0.0,0.0,0.0,0.0,0.0,0.125,1.0,1.0,1.0,1.0,1.0,0.125,1.0,,1.0,1.0,0.0,,2.0,0.375,0.0,0.667,2.0,0.0,3.0,3.0,0.0,0.667,0.667,0.375,0.0,0.0,2.0,0.0,0.25,2.0,0.0,0.0,,0.0,0.25,0.0,0.0,2.0,1.0,1.0,1.0,0.0,0.125,0.125,0.5,0.5,1.0,0.25,0.0,1.0,0.0,2.0,,0.0,0.0,0.0,0.0,0.0,0.0,0.0,0.0,0.0,0.0,0.5,0.0,0.0,0.0,0.0,0.0,2.0,0.0,2.0,0.0,0.0,0.0,0.0,0.0,0.0,1.0,0.0,2.0,1.0,0.0,0.0,0.0,0.0,3.0,0.0,1.0,0.667,2.0,101.0,0.365,G,0.664,0.624,152.0,0.041,,1.0,1.0,0.0,,0.0,0.0,0.0,0.0,2.0,2.0,0.0,,,0.667,0.0,0.0,0.0,1.0,,0.0,2.0,1.0,0.0,DAL,,0.0,3.0,1.0,0.0,0.0,0.0,0.0,1.0,2026,22500806,,,,,,,0.583,2.0,7.0,0.286,0.421,-0.135,0.417,3.0,5.0,0.6,0.561,0.039,0.167,2.0,2.0,1.0,0.628,0.372,0.25,2.0,3.0,0.667,0.575,0.092,0.667,3.0,8.0,0.375,0.423,-0.048,3.0,0.0,3.0,0.0,0.0,0.0,0.0,0.0,0.0,0.0,0.0,0.0,0.0,0.0,0.0,0.0,0.0,0.0,0.0,0.0,0.0,48.0,0.0,0.0,0.0,0.0,0.0,0.0,0.0,0.0,0.0,0.0,0.0,0.0,0.0,0.0,0.0,0.0,0.0,,,,,,,,,,,,MIN,DAL,20260220,2025-26,False,DAL,MIN,DAL,,12.0,0.487,5.0,0.417,-0.07,,,,,,,,,,,,,,,,,,,,,,,,,,,,,,0.9,0.7,4.83,5.15,1.6,4.48,18.4,8389.0,,,,,,,,,,,,,,,,,,,,,,,,,,,,,,,,,,,,,,,,,,,,,DAL,,,,,,DAL,,,,,,,,,,,,1.0,,MIN,1610612750.0
1630314,Brandon Williams,Brandon,1610612742,DAL,26.0,1,1,0,1.0,29.37333333333333,9,11,0.818,1,2,0.5,0,0,0.0,0,1,1,10,4,0,2,0,3,1,19,11,37.2,1,0,35.0,1,1,1,1,61,11,65,14,82,138,38,120,128,120,140,165,190,2,10,139,10,1,182,110,38,38,34,1,1,32,,143.5,11.0,2.5,120.0,99,33,73,146,13,0.37,0.037,195,86.47,194,11,46,23.5,19.0,10,24,10,16.0,126.2,99,0.024,173,194,120.0,13,143.5,100.56,80,16.0,193,103.77,65,103.77,23.5,40.0,62,0.0,145.2,0.864,0.864,0.227,0.132,204,19,173,140,40,9.0,23,40,0.23,73,25.0,52.0,13.0,41.0,0.244,8.0,1.0,2.0,0.317,5.0,6.0,0.833,3.0,0.462,0.769,0.0,10.0,0.0,0.0,1.0,0.0,0.077,6.0,0.0,13.0,0.231,0.0,19.0,7.34,0.328,0.0,0.0,58.0,0.0,0.0,16.0,6.3,0.0,6.47,0.0,0.167,0.2,1.0,9.6,9.6,5.0,0.0,2.0,1.0,0.25,0.0,0.0,0.0,0.0,6.0,0.0,0.0,0.333,1.0,0.0,0.0,2.0,0.0,,,,,,,,,,,,,,,,4.0,0.455,0.0,0.8,4.0,0.0,5.0,5.0,0.0,0.8,0.8,0.455,2.0,0.0,2.0,1.0,0.182,2.0,0.0,0.0,,1.0,0.182,1.0,2.0,4.0,2.0,2.0,2.0,0.5,0.182,0.182,0.875,0.75,1.0,0.364,1.0,3.0,0.8,5.0,,0.8,0.0,0.0,8.0,4.0,0.0,0.0,0.0,0.5,0.0,0.864,0.0,0.0,3.0,0.0,0.0,4.0,0.0,2.0,0.0,0.0,0.0,1.0,1.0,1.0,0.0,0.0,3.0,0.75,1.0,0.0,2.0,1.0,3.0,0.0,1.0,1.0,3.0,104.0,0.364,G,0.658,0.624,158.0,0.034,0.0,1.0,2.0,1.0,0.0,1.0,1.0,2.0,0.0,1.0,4.0,0.0,0.0,0.0,1.0,1.0,0.0,0.0,2.0,0.0,0.5,1.0,1.0,0.0,DAL,0.0,1.0,4.0,2.0,0.75,1.0,0.5,1.0,2.0,2026,22500833,,,,,,,0.25,1.0,2.0,0.5,0.275,0.226,0.75,3.0,6.0,0.5,0.473,0.027,0.25,1.0,2.0,0.5,0.53,-0.03,0.5,3.0,4.0,0.75,0.568,0.182,0.25,1.0,2.0,0.5,0.286,0.214,4.0,3.0,1.0,3.0,0.0,0.0,0.0,0.0,0.0,0.0,0.0,0.0,0.0,0.0,0.0,0.0,0.0,0.0,0.0,0.0,0.0,58.0,0.0,0.0,0.0,0.0,0.0,0.0,0.0,0.0,0.0,0.0,0.0,0.0,0.0,0.0,0.0,0.0,0.0,,,,,,,,,,,,BKN,DAL,20260224,2025-26,False,DAL,BKN,,,8.0,0.418,4.0,0.5,0.082,,,,,,,,,,,,,,,,,,,,,,,,,,,,,,1.3,1.0,4.39,4.79,2.3,3.96,29.4,12081.0,,,,,,,,,,,,,,,,,,,,,,,,,,,,,,,,,,,,,,,,,,,,,DAL,,,,,,DAL,,,,,,,,,,,,1.0,,BKN,1610612751.0
1630314,Brandon Williams,Brandon,1610612742,DAL,26.0,1,0,1,0.0,27.03333333333333,6,10,0.6,1,2,0.5,3,7,0.429,1,2,3,4,3,1,0,0,3,4,16,1,25.6,0,0,26.0,1,107,107,107,78,36,59,52,68,114,38,43,13,113,62,110,108,37,17,46,66,1,147,21,43,91,71,14,1,59,,123.3,10.0,1.33,119.7,31,71,130,46,62,0.19,0.063,158,89.52,158,36,131,3.7,-5.7,77,70,66,15.0,126.3,31,0.058,132,162,119.7,62,123.3,105.79,52,14.9,161,107.42,59,107.42,3.7,20.0,60,0.05,120.6,0.65,0.612,0.246,0.072,147,85,132,78,87,6.0,99,87,0.25,48,12.0,43.0,7.0,38.0,0.105,8.0,1.0,2.0,0.184,4.0,8.0,0.571,0.0,0.444,0.556,4.0,10.0,0.25,0.111,1.0,2.0,0.056,7.0,1.0,18.0,0.0,0.0,16.0,5.04,0.296,0.0,0.0,54.0,0.0,0.0,16.0,4.4,0.0,4.94,0.0,0.6,0.5,2.0,13.7,15.4,4.0,0.0,1.0,2.0,0.75,0.5,0.0,0.5,0.0,5.0,0.0,18.7,0.667,3.0,0.0,1.0,1.0,0.0,0.0,0.0,0.2,2.0,1.0,2.0,1.0,2.0,0.2,1.0,,2.0,1.0,0.0,,2.0,0.2,0.0,1.0,2.0,0.0,2.0,2.0,0.0,1.0,1.0,0.2,1.0,1.0,4.0,0.333,0.4,3.0,0.1,1.0,1.0,0.5,0.3,0.625,2.0,2.0,0.0,1.0,1.0,0.0,0.1,0.1,0.0,0.0,0.0,0.2,0.0,0.0,0.0,2.0,,0.0,0.0,0.0,0.0,0.0,0.0,0.0,0.0,0.5,0.0,0.65,0.0,0.0,3.0,1.0,0.0,4.0,0.0,1.0,1.0,0.0,0.5,0.0,0.0,0.0,2.0,0.0,2.0,0.5,0.0,0.5,0.0,0.0,3.0,0.0,2.0,1.0,3.0,108.0,0.368,G,0.659,0.625,164.0,0.034,,2.0,0.0,0.0,0.0,0.0,0.0,0.0,0.0,1.0,5.0,1.0,,,1.0,0.0,0.0,0.5,2.0,0.0,0.0,0.0,0.0,0.0,DAL,0.0,0.0,5.0,2.0,0.75,1.0,0.5,1.0,2.0,2026,22500854,,,,,,,0.417,1.0,5.0,0.2,0.188,0.012,0.583,4.0,7.0,0.571,0.536,0.035,0.5,4.0,6.0,0.667,0.651,0.016,0.5,4.0,6.0,0.667,0.601,0.065,0.417,1.0,5.0,0.2,0.173,0.027,5.0,2.0,3.0,3.0,0.0,0.0,0.0,1.0,0.0,1.0,1.0,0.0,0.0,0.0,0.0,0.0,0.0,0.0,0.0,0.0,0.0,54.0,0.0,0.0,0.0,0.0,0.0,0.0,0.0,0.0,0.0,0.0,0.0,0.0,0.0,0.0,0.0,0.0,0.0,,,,,,,,,,,,DAL,SAC,20260226,2025-26,False,DAL,SAC,DAL,,12.0,0.356,5.0,0.417,0.061,,,,,,,,,,,,,,,,,,,,,,,,,,,,,,1.1,1.1,4.55,5.29,2.2,3.99,27.0,11662.0,,,,,,,,,,,,,,,,,,,,,,,,,,,,,,,,,,,,,,,,,,,,,DAL,,,,,,DAL,,,,,,,,,,,,1.0,,SAC,1610612758.0
1630314,Brandon Williams,Brandon,1610612742,DAL,26.0,1,0,1,0.0,26.416666666666668,5,14,0.357,2,3,0.667,4,5,0.8,0,8,8,4,2,0,0,1,0,3,16,-17,29.6,0,0,30.0,1,59,59,59,37,25,11,76,18,38,13,11,14,30,57,8,11,21,13,62,40,78,1,23,21,96,28,11,2,24,,96.6,14.0,2.0,125.4,30,25,33,18,92,0.25,0.286,62,89.34,62,25,87,-28.8,-31.8,94,75,23,9.1,124.3,30,0.14,81,81,125.4,92,96.6,110.04,21,9.0,12,107.21,11,107.21,-28.8,18.2,59,0.0,92.5,0.429,0.494,0.269,0.131,22,53,81,57,92,5.0,76,92,0.269,20,11.0,42.0,7.0,42.0,0.095,8.0,1.0,2.0,0.167,3.0,3.0,0.3,1.0,0.231,0.538,0.0,7.0,0.0,0.0,0.0,0.0,0.0,10.0,0.0,13.0,0.077,0.0,16.0,4.97,0.258,0.0,0.0,62.0,0.0,0.0,18.0,5.3,0.0,5.1,0.25,0.615,0.615,0.0,10.6,10.6,13.0,0.0,2.0,6.0,0.727,0.0,0.0,0.0,0.25,13.0,2.0,0.0,0.727,6.0,0.0,0.0,2.0,2.0,0.0,0.0,0.071,0.0,1.0,0.0,0.0,1.0,0.071,0.0,,1.0,0.0,0.0,,2.0,0.571,0.0,0.25,2.0,0.0,8.0,8.0,0.0,0.25,0.25,0.571,1.0,2.0,4.0,0.5,0.286,2.0,0.143,2.0,1.0,0.75,0.143,1.0,3.0,1.0,0.0,0.0,1.0,0.0,0.0,0.071,0.0,0.0,,0.071,0.0,0.0,0.667,3.0,1.0,0.833,1.0,1.0,5.0,2.0,0.0,0.0,0.0,0.5,0.0,0.429,0.0,0.0,3.0,0.0,0.0,4.0,0.0,1.0,0.0,0.0,0.0,3.0,0.0,1.0,0.0,0.0,1.0,0.25,2.0,0.0,1.0,0.667,6.0,0.0,0.0,0.167,1.0,109.0,0.364,G,0.657,0.625,166.0,0.032,,0.0,0.0,3.0,0.0,0.667,2.0,0.0,0.0,3.0,1.0,0.0,,,0.167,1.0,0.0,0.0,2.0,0.0,0.5,1.0,0.333,0.0,DAL,0.0,0.0,6.0,2.0,0.75,1.0,0.5,1.0,2.0,2026,22500861,,,,,,,0.4,1.0,4.0,0.25,0.375,-0.125,0.6,3.0,6.0,0.5,0.546,-0.046,0.2,1.0,2.0,0.5,0.635,-0.135,0.4,2.0,4.0,0.5,0.582,-0.082,0.5,1.0,5.0,0.2,0.396,-0.196,2.0,1.0,1.0,2.0,0.0,0.0,0.0,0.0,1.0,1.0,0.0,1.0,0.0,0.0,0.0,0.0,0.0,0.0,0.0,0.0,0.0,62.0,0.0,0.0,0.0,0.0,0.0,0.0,0.0,0.0,0.0,0.0,0.0,0.0,0.0,0.0,0.0,0.0,0.0,,,,,,,,,,,,DAL,MEM,20260227,2025-26,False,DAL,MEM,DAL,,10.0,0.457,4.0,0.4,-0.057,,,,,,,,,,,,,,,,,,,,,,,,,,,,,,1.2,1.0,4.76,4.91,2.2,4.6,26.4,11418.0,,,,,,,,,,,,,,,,,,,,,,,,,,,,,,,,,,,,,,,,,,,,,DAL,,,,,,DAL,,,,,,,,,,,,1.0,,MEM,1610612763.0
1630314,Brandon Williams,Brandon,1610612742,DAL,26.0,1,0,1,0.0,24.116666666666667,5,12,0.417,0,2,0.0,4,4,1.0,1,2,3,3,1,0,0,1,0,5,14,-14,21.1,0,0,20.0,1,122,122,122,115,57,47,127,127,130,127,25,35,1,63,122,112,66,87,122,83,161,1,14,66,210,116,17,2,117,,80.4,12.0,3.0,107.8,107,19,62,112,215,0.3,0.077,97,84.59,97,57,201,-27.5,-28.6,219,154,47,5.6,108.4,107,0.053,123,126,107.8,215,80.4,101.67,50,5.6,149,101.51,47,101.51,-27.5,16.7,51,0.032,79.8,0.417,0.509,0.259,0.139,148,112,123,102,192,5.0,132,192,0.257,41,7.0,35.0,3.0,28.0,0.107,6.0,0.0,0.0,0.107,2.0,5.0,0.4,0.0,0.385,0.615,4.0,8.0,1.0,0.154,0.0,2.0,0.0,5.0,4.0,13.0,0.0,0.0,14.0,5.33,0.304,0.0,1.0,46.0,0.0,0.0,15.0,4.0,0.0,5.21,0.0,0.6,0.667,2.0,11.7,8.7,3.0,0.0,0.0,2.0,0.6,0.5,1.0,0.5,0.333,5.0,1.0,2.6,0.667,2.0,1.0,0.0,0.0,0.0,,,,,,,,,,,,,,,,1.0,0.333,0.0,0.25,1.0,0.0,4.0,4.0,0.0,0.25,0.25,0.333,3.0,0.0,4.0,0.75,0.333,4.0,0.0,0.0,,0.75,0.333,0.75,3.0,4.0,1.0,2.0,2.0,0.0,0.167,0.167,0.25,0.25,0.5,0.333,0.0,1.0,0.667,6.0,0.0,0.667,0.0,1.0,8.0,4.0,0.0,0.0,0.0,0.0,0.0,0.417,0.0,0.0,0.0,0.0,0.0,3.0,0.0,4.0,0.0,0.0,0.0,2.0,0.0,0.75,0.0,0.0,1.0,0.333,0.0,0.0,3.0,0.0,3.0,0.0,0.0,0.333,1.0,109.0,0.356,G,0.657,0.625,166.0,0.032,,1.0,4.0,1.0,0.0,0.0,0.0,3.0,0.0,1.0,1.0,0.0,,,0.25,1.0,0.0,0.0,1.0,0.0,1.0,0.0,0.0,0.0,DAL,0.0,0.75,4.0,1.0,0.0,0.0,0.0,0.0,1.0,2026,22500876,,,,,,,0.6,1.0,6.0,0.167,0.38,-0.214,0.4,3.0,4.0,0.75,0.535,0.215,,,,,,,,,,,,,0.7,2.0,7.0,0.286,0.389,-0.103,4.0,2.0,2.0,0.0,0.0,0.0,0.0,0.0,0.0,0.0,0.0,0.0,0.0,0.0,0.0,0.0,0.0,0.0,0.0,0.0,0.0,46.0,0.0,0.0,0.0,0.0,0.0,0.0,0.0,0.0,0.0,0.0,0.0,0.0,0.0,0.0,0.0,0.0,0.0,,,,,,,,,,,,DAL,OKC,20260301,2025-26,False,DAL,OKC,,,10.0,0.453,4.0,0.4,-0.053,,,,,,,,,,,,,,,,,,,,,,,,,,,,,,1.1,0.9,4.67,5.0,2.0,4.33,24.1,10440.0,,,,,,,,,,,,,,,,,,,,,,,,,,,,,,,,,,,,,,,,,,,,,DAL,,,,,,DAL,,,,,,,,,,,,1.0,,OKC,1610612760.0
1630314,Brandon Williams,Brandon,1610612742,DAL,26.0,1,0,1,0.0,26.616666666666667,4,10,0.4,0,1,0.0,10,11,0.909,0,4,4,1,0,0,1,1,2,7,18,-13,27.3,0,0,25.0,1,109,109,109,75,77,60,122,110,147,110,1,3,68,103,56,85,121,145,98,22,134,95,2,30,183,67,17,1,71,,94.7,10.0,0.0,121.8,126,120,63,106,148,0.083,0.133,1,84.16,1,77,163,-27.1,-20.3,141,140,127,0.0,116.7,126,0.069,177,156,121.8,148,94.7,102.25,50,0.0,89,100.99,60,100.99,-27.1,6.3,57,0.0,96.4,0.4,0.606,0.238,0.14,110,151,177,103,176,4.0,90,176,0.247,50,4.0,41.0,2.0,32.0,0.031,6.0,1.0,0.0,0.063,1.0,1.0,0.25,0.0,0.167,0.667,2.0,4.0,1.0,0.167,0.0,1.0,0.0,4.0,2.0,6.0,0.0,1.0,18.0,5.63,0.367,0.0,1.0,49.0,0.0,0.0,14.0,4.3,0.0,5.26,0.5,0.667,0.8,1.0,8.3,8.3,5.0,0.0,0.0,2.0,0.667,0.0,0.0,0.0,0.5,6.0,2.0,0.0,0.8,2.0,0.0,0.0,0.0,2.0,0.0,0.0,0.2,0.0,1.0,0.0,0.0,2.0,0.2,0.0,,2.0,0.0,0.0,,4.0,0.6,0.0,0.667,4.0,0.0,6.0,6.0,0.0,0.667,0.667,0.6,,,,,,,,,,,,,,2.0,0.0,1.0,1.0,0.0,0.1,0.1,0.0,0.0,0.0,0.2,0.0,0.0,0.5,2.0,,0.5,0.0,0.0,2.0,1.0,0.0,0.0,0.0,0.0,0.0,0.4,0.0,0.0,0.0,0.0,0.0,1.0,0.0,2.0,0.0,0.0,0.0,1.0,0.0,0.5,0.0,0.0,0.0,0.0,0.0,0.0,1.0,0.0,6.0,0.0,0.0,0.5,3.0,109.0,0.349,G,0.653,0.625,167.0,0.028,,0.0,1.0,1.0,0.0,0.0,0.0,1.0,0.0,0.0,3.0,0.0,,,0.429,0.0,0.0,0.0,1.0,0.0,0.0,0.0,0.0,0.0,DAL,0.0,1.0,7.0,1.0,0.0,0.0,0.0,0.0,1.0,2026,22500883,,,,,,,0.5,2.0,6.0,0.333,0.378,-0.045,0.5,3.0,6.0,0.5,0.495,0.005,0.083,0.0,1.0,0.0,0.602,-0.602,0.333,2.0,4.0,0.5,0.552,-0.052,0.5,2.0,6.0,0.333,0.382,-0.049,8.0,5.0,3.0,3.0,0.0,1.0,2.0,0.0,0.0,0.0,0.0,0.0,0.0,0.0,0.0,0.0,0.0,0.0,0.0,0.0,0.0,49.0,0.0,0.0,0.0,0.0,0.0,0.0,0.0,0.0,0.0,0.0,0.0,0.0,0.0,0.0,0.0,0.0,0.0,,,,,,,,,,,,CHA,DAL,20260303,2025-26,False,DAL,CHA,DAL,,12.0,0.424,5.0,0.417,-0.008,,,,,,,,,,,,,,,,,,,,,,,,,,,,,,1.1,1.0,4.44,5.27,2.1,3.79,26.6,11132.0,,,,,,,,,,,,,,,,,,,,,,,,,,,,,,,,,,,,,,,,,,,,,DAL,,,,,,DAL,,,,,,,,,,,,1.0,,CHA,1610612766.0
1630314,Brandon Williams,Brandon,1610612742,DAL,26.0,1,0,1,0.0,18.796666666666667,4,8,0.5,1,4,0.25,7,8,0.875,0,0,0,1,3,0,2,0,2,5,16,-16,20.5,0,0,22.0,1,111,111,111,148,80,89,69,67,70,100,10,13,60,129,188,199,125,12,89,10,1,99,17,56,197,102,15,3,85,,78.0,8.0,0.33,120.0,67,104,63,35,212,0.2,0.0,201,86.19,201,80,196,-42.0,-40.5,211,90,68,20.0,115.4,67,0.0,134,129,120.0,212,78.0,107.66,27,19.3,188,103.42,89,103.42,-42.0,6.7,41,0.0,74.9,0.563,0.694,0.298,0.138,199,158,134,129,197,4.0,64,197,0.304,24,2.0,37.0,1.0,24.0,0.042,6.0,0.0,0.0,0.042,1.0,2.0,0.5,1.0,0.333,1.0,5.0,6.0,0.8,0.5,0.0,3.0,0.0,2.0,4.0,6.0,0.167,0.0,16.0,5.14,0.381,0.0,0.0,42.0,0.0,0.0,21.0,3.3,0.0,4.7,,,,,,,,,,,,,,,,,,,,,,,,,,,,,,,,,,,,,,,,1.0,0.125,0.0,1.0,1.0,0.0,1.0,1.0,0.0,1.0,1.0,0.125,2.0,1.0,4.0,0.667,0.5,3.0,0.125,1.0,1.0,0.75,0.375,0.875,3.0,3.0,0.0,0.0,3.0,0.0,0.0,0.375,0.0,0.0,,0.375,0.0,0.0,0.0,1.0,,0.0,0.0,0.0,0.0,0.0,0.0,0.0,0.0,0.4,0.0,0.563,0.0,0.0,5.0,1.0,0.0,1.0,0.0,1.0,1.0,0.0,1.0,1.0,2.0,1.0,1.0,0.0,0.0,0.0,0.0,0.333,1.0,0.0,2.0,0.0,3.0,1.0,2.0,111.0,0.351,G,0.645,0.625,172.0,0.02,,3.0,1.0,1.0,0.0,0.0,0.0,1.0,0.0,1.0,2.0,1.0,,,1.0,0.0,0.0,0.333,0.0,0.0,0.0,0.0,0.0,0.0,DAL,0.0,1.0,2.0,5.0,0.5,2.0,0.25,1.0,4.0,2026,22500924,,,,,,,0.25,1.0,2.0,0.5,0.306,0.194,0.75,2.0,6.0,0.333,0.55,-0.217,0.375,1.0,3.0,0.333,0.639,-0.305,0.5,1.0,4.0,0.25,0.607,-0.357,0.25,1.0,2.0,0.5,0.333,0.167,4.0,3.0,1.0,1.0,0.0,0.0,0.0,1.0,0.0,1.0,1.0,0.0,0.0,0.0,0.0,0.0,0.0,0.0,0.0,0.0,0.0,42.0,0.0,0.0,0.0,0.0,0.0,0.0,0.0,0.0,0.0,0.0,0.0,0.0,0.0,0.0,0.0,0.0,0.0,,,,,,,,,,,,TOR,DAL,20260308,2025-26,False,DAL,TOR,,,8.0,0.45,3.0,0.375,-0.075,,,,,,,,,,,,,,,,,,,,,,,,,,,,,,0.9,0.7,4.35,4.82,1.5,4.43,18.8,8047.0,,,,,,,,,,,,,,,,,,,,,,,,,,,,,,,,,,,,,,,,,,,,,DAL,,,,,,DAL,,,,,,,,,,,,1.0,,TOR,1610612761.0
1630314,Brandon Williams,Brandon,1610612742,DAL,26.0,1,0,1,0.0,19.216666666666665,3,8,0.375,2,5,0.4,3,4,0.75,0,7,7,4,0,0,0,2,0,3,11,-4,25.4,0,0,24.0,1,79,79,79,92,73,63,100,26,36,45,25,26,47,89,12,23,30,89,67,42,139,1,21,57,96,52,10,1,52,,97.5,8.0,0.0,110.3,108,73,12,146,125,0.364,0.35,1,82.22,1,73,94,-12.8,-8.8,102,78,10,0.0,115.2,108,0.184,54,83,110.3,125,97.5,92.37,35,0.0,4,98.66,63,98.66,-12.8,28.6,40,0.0,106.4,0.5,0.564,0.238,0.213,14,36,54,89,101,3.0,74,101,0.253,36,11.0,28.0,4.0,33.0,0.121,6.0,0.0,0.0,0.121,0.0,3.0,0.0,0.0,0.6,0.6,4.0,3.0,0.75,0.4,0.0,2.0,0.0,0.0,3.0,5.0,0.0,0.0,11.0,4.32,0.25,0.0,0.0,44.0,0.0,0.0,10.0,3.3,0.0,4.45,0.429,0.636,0.875,3.0,6.2,6.2,8.0,0.0,0.0,4.0,0.636,0.0,0.0,0.0,0.429,11.0,3.0,0.0,0.875,4.0,0.0,0.0,0.0,3.0,,,,,,,,,,,,,,,,1.0,0.375,0.0,0.333,1.0,0.0,3.0,3.0,0.0,0.333,0.333,0.375,0.0,0.0,1.0,,0.125,0.0,0.125,1.0,0.0,0.0,0.0,0.0,0.0,4.0,0.0,0.0,4.0,0.5,0.0,0.5,0.75,0.5,,0.5,2.0,2.0,1.0,2.0,1.0,1.25,1.0,1.0,5.0,2.0,0.0,0.0,0.0,0.25,0.0,0.5,0.0,0.0,3.0,1.0,0.0,1.0,1.0,1.0,0.0,1.0,0.0,4.0,1.0,1.0,0.0,0.0,0.0,0.0,1.0,1.0,1.0,0.25,1.0,0.0,1.0,0.0,0.0,110.0,0.351,G,0.651,0.625,169.0,0.026,,1.0,1.0,4.0,0.0,0.25,1.0,1.0,0.0,0.0,0.0,1.0,,,0.0,0.0,0.0,1.0,0.0,0.0,0.0,0.0,0.0,0.0,DAL,0.0,1.0,2.0,4.0,0.375,1.0,0.25,1.0,4.0,2026,22500908,,,,,,,0.5,1.0,2.0,0.5,0.36,0.14,0.5,1.0,2.0,0.5,0.616,-0.116,0.5,1.0,2.0,0.5,0.688,-0.188,0.5,1.0,2.0,0.5,0.636,-0.136,0.5,1.0,2.0,0.5,0.361,0.14,0.0,0.0,0.0,2.0,0.0,0.0,0.0,0.0,0.0,0.0,0.0,0.0,0.0,0.0,0.0,0.0,0.0,0.0,0.0,0.0,0.0,44.0,0.0,0.0,0.0,0.0,0.0,0.0,0.0,0.0,0.0,0.0,0.0,0.0,0.0,0.0,0.0,0.0,0.0,,,,,,,,,,,,BOS,DAL,20260306,2025-26,False,DAL,BOS,,,4.0,0.461,2.0,0.5,0.039,,,,,,,,,,,,,,,,,,,,,,,,,,,,,,0.7,0.7,4.06,4.44,1.4,3.75,19.2,7461.0,,,,,,,,,,,,,,,,,,,,,,,,,,,,,,,,,,,,,,,,,,,,,DAL,,,,,,DAL,,,,,,,,,,,,1.0,,BOS,1610612738.0
1630314,Brandon Williams,Brandon,1610612742,DAL,26.0,1,0,1,0.0,17.605,3,4,0.75,0,0,0.0,7,8,0.875,0,2,2,5,1,0,0,1,0,4,13,4,21.9,0,0,20.0,1,120,120,120,164,110,160,19,138,195,138,9,12,57,123,119,153,31,79,113,60,176,1,32,76,78,106,20,3,109,,142.1,4.0,5.0,135.1,102,12,29,92,18,0.357,0.118,120,85.2,115,110,76,7.0,12.5,18,39,22,7.1,133.3,102,0.065,209,198,135.1,18,142.1,101.64,78,7.4,116,102.24,160,102.24,7.0,35.7,38,0.0,145.8,0.75,0.864,0.22,0.168,137,35,209,123,92,3.0,28,92,0.224,78,13.0,33.0,6.0,26.0,0.192,9.0,1.0,0.0,0.231,2.0,4.0,0.667,3.0,0.444,0.667,2.0,6.0,1.0,0.111,1.0,1.0,0.111,3.0,2.0,9.0,0.333,1.0,13.0,6.76,0.342,0.0,1.0,38.0,2.0,2.0,13.0,3.9,0.0,6.08,0.5,0.4,0.5,1.0,7.5,7.5,4.0,0.0,1.0,1.0,0.5,0.0,0.0,0.0,0.5,5.0,1.0,0.0,0.667,1.0,0.0,0.0,1.0,1.0,0.0,0.0,0.25,0.0,1.0,0.0,0.0,1.0,0.25,0.0,,1.0,0.0,0.0,,2.0,0.5,0.0,1.0,2.0,0.0,2.0,2.0,0.0,1.0,1.0,0.5,1.0,0.0,1.0,1.0,0.25,1.0,0.0,0.0,,1.0,0.25,1.0,1.0,,,,,,,,,,,,,,1.0,1.0,,1.0,,,2.0,1.0,2.0,0.0,2.0,0.0,0.0,0.75,0.0,0.0,0.0,0.0,0.0,1.0,0.0,0.0,0.0,0.0,0.0,0.0,0.0,0.0,0.0,0.0,1.0,1.0,0.0,0.0,0.0,0.0,3.0,0.0,0.0,0.667,2.0,112.0,0.348,G,0.647,0.625,173.0,0.023,0.0,0.0,0.0,0.0,,0.0,0.0,0.0,0.0,0.0,2.0,0.0,0.0,0.0,0.667,1.0,0.0,0.0,1.0,,1.0,0.0,0.0,0.0,DAL,,0.0,3.0,0.0,,0.0,,,,2026,22500939,,,,,,,0.429,1.0,3.0,0.333,0.357,-0.023,0.571,3.0,4.0,0.75,0.504,0.247,0.143,1.0,1.0,1.0,0.634,0.366,0.286,2.0,2.0,1.0,0.575,0.426,0.571,2.0,4.0,0.5,0.365,0.136,2.0,1.0,1.0,1.0,0.0,0.0,0.0,0.0,1.0,1.0,0.0,1.0,0.0,1.0,1.0,1.0,0.0,0.0,1.0,1.0,0.0,38.0,0.0,0.0,0.0,0.0,0.0,0.0,0.0,0.0,0.0,0.0,0.0,0.0,0.0,0.0,0.0,0.0,0.0,,,,,,,,,,,,ATL,DAL,20260310,2025-26,False,DAL,ATL,DAL,,7.0,0.421,4.0,0.571,0.15,,,,,,,,,,,,,,,,,,,,,,,,,,,,,,0.8,0.6,4.65,4.83,1.5,3.84,17.6,7660.0,,,,,,,,,,,,,,,,,,,,,,,,,,,,,,,,,,,,,,,,,,,,,DAL,,,,,,DAL,,,,,,,,,,,,1.0,,ATL,1610612737.0
1630314,Brandon Williams,Brandon,1610612742,DAL,26.0,1,0,1,0.0,21.33333333333333,3,8,0.375,2,3,0.667,4,5,0.8,0,3,3,3,3,0,1,1,2,4,12,-25,20.1,0,0,22.0,1,85,85,85,101,80,77,101,31,73,15,18,21,51,100,70,93,38,12,96,17,107,73,17,53,163,88,10,2,71,,91.5,8.0,1.0,147.8,41,54,96,29,140,0.25,0.167,136,87.19,136,80,158,-56.3,-58.7,143,82,28,18.8,148.0,41,0.063,158,160,147.8,140,91.5,105.89,41,18.5,48,104.63,77,104.63,-56.3,18.8,47,0.0,89.3,0.5,0.588,0.224,0.074,111,64,158,100,160,3.0,75,160,0.235,44,6.0,34.0,3.0,33.0,0.091,9.0,0.0,0.0,0.091,1.0,0.0,0.25,0.0,0.0,0.667,2.0,4.0,1.0,0.167,1.0,1.0,0.167,4.0,2.0,6.0,0.0,0.0,12.0,6.09,0.255,0.0,1.0,47.0,0.0,0.0,13.0,4.2,0.0,5.35,0.0,0.5,0.75,2.0,7.3,7.3,4.0,0.0,0.0,3.0,0.5,0.0,0.0,0.0,0.0,6.0,0.0,0.0,0.75,3.0,0.0,0.0,0.0,0.0,,,,,,,,,,,,,,,,1.0,0.5,0.0,0.25,1.0,0.0,4.0,4.0,0.0,0.25,0.25,0.5,0.0,0.0,1.0,,0.125,0.0,0.125,1.0,0.0,0.0,0.0,0.0,0.0,3.0,0.0,1.0,2.0,1.0,0.125,0.25,1.0,0.667,0.0,0.375,2.0,2.0,0.0,1.0,,0.0,0.0,0.0,0.0,0.0,0.0,0.0,0.0,0.667,0.0,0.5,0.0,0.0,6.0,0.0,0.0,3.0,0.0,1.0,0.0,0.0,0.0,2.0,1.0,0.0,0.0,0.0,0.0,0.0,2.0,0.0,0.0,1.0,1.0,0.0,1.0,1.0,1.0,118.0,0.347,G,0.652,0.624,181.0,0.028,,1.0,1.0,2.0,,1.0,2.0,0.0,0.0,2.0,1.0,0.0,,,1.0,0.0,0.0,0.0,1.0,,0.0,0.0,0.0,0.0,DAL,,0.0,1.0,3.0,1.0,2.0,0.667,2.0,3.0,2026,22500965,,,,,,,0.583,4.0,7.0,0.571,0.296,0.276,0.417,4.0,5.0,0.8,0.557,0.243,0.333,4.0,4.0,1.0,0.641,0.359,0.333,4.0,4.0,1.0,0.609,0.391,0.583,4.0,7.0,0.571,0.298,0.274,8.0,1.0,7.0,0.0,0.0,0.0,0.0,0.0,0.0,0.0,0.0,0.0,0.0,0.0,0.0,0.0,0.0,0.0,0.0,0.0,0.0,47.0,0.0,0.0,0.0,0.0,0.0,0.0,0.0,0.0,0.0,0.0,0.0,0.0,0.0,0.0,0.0,0.0,0.0,,,,,,,,,,,,DAL,CLE,20260313,2025-26,False,DAL,CLE,,,12.0,0.455,8.0,0.667,0.211,,,,,,,,,,,,,,,,,,,,,,,,,,,,,,1.0,0.7,4.42,5.05,1.7,3.75,21.3,9058.0,,,,,,,,,,,,,,,,,,,,,,,,,,,,,,,,,,,,,,,,,,,,,DAL,,,,,,DAL,,,,,,,,,,,,1.0,,CLE,1610612739.0
1630314,Brandon Williams,Brandon,1610612742,DAL,26.0,1,1,0,1.0,28.25,4,8,0.5,0,3,0.0,4,4,1.0,2,6,8,5,2,2,2,0,3,4,12,-5,39.1,0,0,33.0,1,1,1,1,64,75,89,69,111,90,111,25,34,1,23,17,23,26,30,12,7,1,129,24,70,119,30,14,3,36,,108.3,8.0,2.5,116.7,100,28,43,89,118,0.238,0.158,124,84.96,124,75,103,-8.3,-3.5,113,96,35,11.8,113.2,100,0.116,98,87,116.7,118,108.3,102.9,113,11.9,53,101.95,89,101.95,-8.3,29.4,60,0.065,109.6,0.5,0.615,0.162,0.147,50,36,98,57,114,4.0,77,114,0.167,114,11.0,38.0,6.0,37.0,0.135,7.0,0.0,1.0,0.162,4.0,3.0,1.0,1.0,0.375,1.25,2.0,10.0,1.0,0.125,0.0,1.0,0.0,4.0,2.0,8.0,0.125,0.0,12.0,6.37,0.245,0.0,0.0,49.0,0.0,0.0,20.0,4.4,0.0,5.43,,,,,,,,,,,,,,,,,,,,,,,,,,,,,,,,,,,,,,,,3.0,0.375,0.0,1.0,3.0,0.0,3.0,3.0,0.0,1.0,1.0,0.375,1.0,0.0,3.0,0.5,0.375,2.0,0.125,1.0,0.0,0.333,0.25,0.333,1.0,2.0,0.0,0.0,2.0,0.0,0.0,0.25,0.0,0.0,,0.25,0.0,0.0,0.5,2.0,,0.5,0.0,0.0,2.0,1.0,0.0,0.0,0.0,0.0,0.0,0.5,0.0,0.0,0.0,0.0,0.0,1.0,0.0,1.0,0.0,0.0,0.0,1.0,0.0,0.0,2.0,0.0,1.0,1.0,0.0,0.0,0.0,0.0,3.0,0.0,2.0,1.0,3.0,114.0,0.347,G,0.644,0.623,177.0,0.021,,3.0,1.0,0.0,0.0,0.0,0.0,0.0,0.0,1.0,3.0,0.0,,,1.0,0.0,0.0,0.0,0.0,0.0,0.0,1.0,1.0,0.0,DAL,0.0,0.0,3.0,3.0,0.0,0.0,0.0,0.0,3.0,2026,22501111,,,,,,,0.538,0.0,7.0,0.0,0.335,-0.335,0.462,2.0,6.0,0.333,0.489,-0.155,0.308,2.0,4.0,0.5,0.554,-0.054,0.462,2.0,6.0,0.333,0.507,-0.174,0.538,0.0,7.0,0.0,0.324,-0.324,8.0,2.0,6.0,1.0,0.0,0.0,0.0,1.0,1.0,2.0,0.5,0.5,0.0,0.0,0.0,0.0,0.0,0.0,0.0,0.0,0.0,49.0,0.0,0.0,0.0,0.0,0.0,0.0,0.0,0.0,0.0,0.0,0.0,0.0,0.0,0.0,0.0,0.0,0.0,,,,,,,,,,,,MEM,DAL,20260312,2025-26,False,DAL,MEM,,,13.0,0.412,2.0,0.154,-0.258,,,,,,,,,,,,,,,,,,,,,,,,,,,,,,1.2,1.0,4.18,4.63,2.1,4.1,28.3,11298.0,,,,,,,,,,,,,,,,,,,,,,,,,,,,,,,,,,,,,,,,,,,,,DAL,,,,,,DAL,,,,,,,,,,,,1.0,,MEM,1610612763.0
1630314,Brandon Williams,Brandon,1610612742,DAL,26.0,1,1,0,1.0,23.73333333333333,4,7,0.571,0,1,0.0,4,4,1.0,0,2,2,5,0,2,0,1,1,2,12,-5,27.9,0,0,23.0,1,1,1,1,76,50,71,39,94,100,94,16,23,1,75,66,86,24,101,13,49,94,39,39,52,103,47,16,1,61,,121.2,7.0,0.0,125.9,16,75,44,36,54,0.294,0.1,1,89.33,1,50,99,-4.8,-9.7,44,65,22,0.0,132.1,16,0.05,115,123,125.9,54,121.2,104.12,81,0.0,76,107.19,71,107.19,-4.8,35.7,52,0.0,122.4,0.571,0.685,0.164,0.134,91,18,115,75,83,4.0,47,83,0.161,77,15.0,33.0,6.0,30.0,0.167,7.0,1.0,0.0,0.2,4.0,1.0,0.8,0.0,0.125,1.25,2.0,10.0,1.0,0.125,0.0,1.0,0.0,5.0,2.0,8.0,0.0,1.0,12.0,6.28,0.279,0.0,0.0,43.0,0.0,0.0,11.0,4.2,0.0,5.91,1.0,0.25,0.286,1.0,11.2,11.2,7.0,0.0,0.0,0.0,0.25,0.0,0.0,0.0,1.0,8.0,2.0,0.0,0.286,0.0,0.0,0.0,0.0,2.0,0.0,0.0,0.143,1.0,1.0,1.0,1.0,1.0,0.143,1.0,,1.0,1.0,0.0,,2.0,0.429,0.0,0.667,2.0,0.0,3.0,3.0,0.0,0.667,0.667,0.429,1.0,0.0,1.0,1.0,0.143,1.0,0.0,0.0,,1.0,0.143,1.0,1.0,2.0,0.0,1.0,1.0,0.0,0.143,0.143,0.0,0.0,0.0,0.286,0.0,0.0,0.0,1.0,,0.0,0.0,0.0,0.0,0.0,0.0,0.0,0.0,0.0,0.0,0.571,0.0,0.0,0.0,0.0,0.0,2.0,0.0,1.0,0.0,0.0,0.0,1.0,0.0,0.0,0.0,0.0,1.0,0.5,0.0,0.0,0.0,0.0,3.0,0.0,0.0,1.0,3.0,118.0,0.347,G,0.648,0.624,182.0,0.025,,1.0,0.0,1.0,,0.0,0.0,0.0,0.0,2.0,3.0,0.0,,,1.0,0.0,0.0,0.0,0.0,,0.0,1.0,0.5,0.0,DAL,,0.0,3.0,1.0,0.0,0.0,0.0,0.0,1.0,2026,22500977,,,,,,,,,,,,,1.0,0.0,2.0,0.0,0.528,-0.528,0.5,0.0,1.0,0.0,0.633,-0.633,0.5,0.0,1.0,0.0,0.625,-0.625,,,,,,,0.0,0.0,0.0,6.0,0.0,0.0,0.0,0.0,1.0,1.0,0.0,1.0,0.0,0.0,0.0,0.0,0.0,0.0,0.0,0.0,0.0,43.0,0.0,0.0,0.0,0.0,0.0,0.0,0.0,0.0,0.0,0.0,0.0,0.0,0.0,0.0,0.0,0.0,0.0,,,,,,,,,,,,CLE,DAL,20260315,2025-26,False,DAL,CLE,DAL,,2.0,0.421,0.0,0.0,-0.421,,,,,,,,,,,,,,,,,,,,,,,,,,,,,,1.0,0.9,4.36,4.46,1.9,4.25,23.7,10131.0,,,,,,,,,,,,,,,,,,,,,,,,,,,,,,,,,,,,,,,,,,,,,DAL,,,,,,DAL,,,,,,,,,,,,1.0,,CLE,1610612739.0
1630314,Brandon Williams,Brandon,1610612742,DAL,26.0,1,0,1,0.0,5.183333333333334,0,2,0.0,0,0,0.0,0,0,0.0,0,0,0,1,0,0,1,1,0,1,0,-16,4.5,0,0,3.0,1,84,84,84,161,151,140,151,96,138,96,98,104,98,102,140,151,92,112,95,17,115,1,87,156,155,154,11,3,157,,27.3,2.0,0.0,158.3,51,97,159,7,170,1.0,0.0,1,88.75,1,151,170,-131.1,-118.7,170,151,1,0.0,143.9,51,0.0,169,166,158.3,170,27.3,116.13,114,0.0,140,106.5,140,106.5,-131.1,33.3,11,0.0,25.3,0.0,0.0,0.154,-0.029,151,22,169,102,170,0.0,156,170,0.155,110,3.0,8.0,2.0,7.0,0.143,2.0,1.0,0.0,0.286,0.0,0.0,0.0,0.0,0.0,0.0,0.0,0.0,0.0,0.0,0.0,0.0,0.0,1.0,0.0,1.0,0.0,1.0,0.0,4.44,0.0,0.0,0.0,9.0,0.0,0.0,3.0,0.7,0.0,4.66,,,,,,,,,,,,,,,,,,,,,,,,,,,,,,,,,,,,,,,,0.0,1.0,0.0,0.0,0.0,0.0,2.0,2.0,0.0,0.0,0.0,1.0,,,,,,,,,,,,,,,,,,,,,,,,,,,,0.0,,,,,0.0,0.0,0.0,0.0,0.0,0.0,0.0,0.0,0.0,0.0,0.0,0.0,,1.0,,0.0,0.0,,0.0,0.0,,0.0,0.0,,0.0,0.0,0.0,0.0,0.0,0.0,1.0,,0.0,0.0,0.0,118.0,0.347,G,0.645,0.623,183.0,0.022,,0.0,0.0,0.0,,0.0,0.0,0.0,,0.0,0.0,0.0,,,0.0,0.0,,0.0,0.0,,0.0,0.0,0.0,,DAL,,0.0,2.0,0.0,,0.0,,,,2026,22500988,,,,,,,0.333,0.0,1.0,0.0,0.339,-0.339,0.667,1.0,2.0,0.5,0.462,0.038,0.333,0.0,1.0,0.0,0.536,-0.536,0.333,0.0,1.0,0.0,0.507,-0.507,0.333,0.0,1.0,0.0,0.338,-0.338,3.0,1.0,2.0,0.0,1.0,0.0,0.0,0.0,0.0,0.0,0.0,0.0,0.0,0.0,0.0,0.0,0.0,0.0,0.0,0.0,0.0,9.0,0.0,0.0,0.0,0.0,0.0,0.0,0.0,0.0,0.0,0.0,0.0,0.0,0.0,0.0,0.0,0.0,0.0,,,,,,,,,,,,NOP,DAL,20260316,2025-26,False,DAL,NOP,,,3.0,0.426,1.0,0.333,-0.093,,,,,,,,,,,,,,,,,,,,,,,,,,,,,,0.2,0.2,4.24,3.88,0.4,4.68,5.2,2206.0,,,,,,,,,,,,,,,,,,,,,,,,,,,,,,,,,,,,,,,,,,,,,DAL,,,,,,DAL,,,,,,,,,,,,1.0,,NOP,1610612740.0
1630314,Brandon Williams,Brandon,1610612742,DAL,26.0,1,0,1,0.0,27.78333333333333,4,10,0.4,1,3,0.333,6,6,1.0,0,6,6,7,3,2,0,0,0,4,15,-21,35.7,0,0,33.0,1,86,86,86,66,67,64,91,52,71,54,8,13,1,87,18,38,12,14,12,59,1,1,17,43,149,25,17,3,31,,83.9,10.0,2.33,121.7,35,35,18,67,148,0.538,0.222,122,87.82,122,67,145,-37.8,-33.5,146,101,1,13.0,121.3,35,0.094,121,119,121.7,148,83.9,103.18,49,13.3,24,105.39,64,105.39,-37.8,30.4,62,0.0,87.8,0.45,0.593,0.219,0.181,59,31,121,87,147,4.0,68,147,0.226,49,16.0,44.0,8.0,41.0,0.171,12.0,1.0,0.0,0.195,1.0,4.0,1.0,2.0,0.571,0.571,2.0,4.0,1.0,0.143,0.0,1.0,0.0,1.0,2.0,7.0,0.286,1.0,15.0,5.44,0.242,0.0,2.0,62.0,0.0,1.0,19.0,5.2,0.0,5.01,0.167,0.667,0.75,2.0,6.4,6.4,8.0,0.0,0.0,5.0,0.667,0.0,0.0,0.0,0.167,9.0,1.0,0.0,0.75,5.0,0.0,0.0,0.0,1.0,0.0,0.0,0.1,0.0,1.0,0.0,0.0,1.0,0.1,0.0,,1.0,0.0,0.0,,3.0,0.4,0.0,0.75,3.0,0.0,4.0,4.0,0.0,0.75,0.75,0.4,0.0,1.0,3.0,0.0,0.3,1.0,0.2,2.0,0.5,0.333,0.1,0.5,1.0,2.0,0.0,1.0,1.0,0.0,0.1,0.1,0.0,0.0,0.0,0.2,0.0,0.0,0.25,4.0,1.0,0.375,1.0,1.0,3.0,1.0,2.0,0.0,0.0,0.0,1.0,0.45,0.0,0.0,0.0,0.0,0.0,1.0,0.0,2.0,0.0,0.0,0.0,3.0,0.0,0.0,0.0,0.0,0.0,0.0,1.0,0.0,0.0,0.333,4.0,0.0,0.0,0.75,3.0,125.0,0.353,G,0.644,0.622,194.0,0.023,,3.0,2.0,0.0,0.0,0.0,0.0,0.0,0.0,0.0,3.0,1.0,,,0.75,0.0,0.0,0.333,1.0,0.0,0.0,0.0,0.0,0.0,DAL,0.0,0.0,4.0,2.0,0.0,0.0,0.0,0.0,2.0,2026,22501095,,,,,,,0.2,2.0,2.0,1.0,0.375,0.626,0.8,6.0,8.0,0.75,0.564,0.186,0.5,5.0,5.0,1.0,0.618,0.382,0.6,5.0,6.0,0.833,0.585,0.248,0.3,2.0,3.0,0.667,0.389,0.278,3.0,1.0,2.0,2.0,0.0,0.0,0.0,0.0,0.0,0.0,0.0,0.0,0.0,0.0,0.0,0.0,0.0,0.0,0.0,0.0,0.0,62.0,0.0,0.0,0.0,0.0,0.0,0.0,0.0,0.0,0.0,0.0,0.0,0.0,0.0,0.0,0.0,0.0,0.0,,,,,,,,,,,,DAL,MIN,20260330,2025-26,False,DAL,MIN,DAL,,10.0,0.485,8.0,0.8,0.315,,,,,,,,,,,,,,,,,,,,,,,,,,,,,,1.2,1.0,4.47,4.84,2.2,4.1,27.8,11875.0,,,,,,,,,,,,,,,,,,,,,,,,,,,,,,,,,,,,,,,,,,,,,DAL,,,,,,DAL,,,,,,,,,,,,1.0,,MIN,1610612750.0
1630314,Brandon Williams,Brandon,1610612742,DAL,26.0,1,0,1,0.0,25.58333333333333,6,11,0.545,0,2,0.0,6,6,1.0,0,2,2,2,4,1,0,1,1,4,18,-22,22.4,0,0,24.0,1,83,83,83,60,25,38,44,84,83,84,12,15,1,76,70,86,51,6,30,49,116,46,14,24,158,59,9,1,48,,98.3,11.0,0.5,131.1,15,72,68,16,111,0.154,0.071,149,93.81,151,25,141,-32.8,-35.3,120,61,62,21.1,132.3,15,0.032,136,140,131.1,111,98.3,112.84,36,20.4,99,112.57,38,112.57,-32.8,10.5,59,0.0,97.0,0.545,0.66,0.25,0.11,121,95,136,76,135,6.0,51,135,0.26,41,6.0,43.0,3.0,36.0,0.056,9.0,1.0,0.0,0.083,3.0,5.0,0.6,1.0,0.417,0.667,2.0,8.0,1.0,0.083,1.0,1.0,0.083,5.0,2.0,12.0,0.083,1.0,18.0,5.65,0.333,0.0,1.0,54.0,0.0,0.0,9.0,4.9,0.0,5.43,0.0,0.4,0.5,1.0,11.6,11.6,4.0,0.0,1.0,2.0,0.5,0.0,0.0,0.0,0.0,5.0,0.0,0.0,0.667,2.0,0.0,0.0,1.0,0.0,0.0,0.0,0.182,1.0,1.0,1.0,0.5,2.0,0.182,0.5,,2.0,0.5,0.0,,4.0,0.455,0.0,0.8,4.0,0.0,5.0,5.0,0.0,0.8,0.8,0.455,1.0,0.0,3.0,0.5,0.273,2.0,0.091,1.0,0.0,0.333,0.182,0.333,1.0,1.0,0.0,0.0,1.0,0.0,0.0,0.091,0.0,0.0,,0.091,0.0,0.0,0.333,3.0,0.0,0.333,0.0,1.0,2.0,1.0,0.0,0.0,0.0,0.0,0.0,0.545,0.0,0.0,0.0,0.0,0.0,3.0,0.0,0.0,0.0,0.0,0.0,1.0,0.0,0.0,1.0,0.0,1.0,0.333,0.0,0.0,0.0,0.0,6.0,0.0,1.0,0.833,5.0,128.0,0.355,G,0.643,0.624,199.0,0.019,,1.0,0.0,1.0,0.0,0.0,0.0,0.0,0.0,1.0,5.0,0.0,,,0.833,1.0,0.0,0.0,2.0,0.0,0.5,0.0,0.0,0.0,DAL,0.0,0.0,6.0,1.0,0.0,0.0,0.0,0.0,1.0,2026,22500652,,,,,,,0.417,3.0,5.0,0.6,0.397,0.203,0.583,4.0,7.0,0.571,0.623,-0.051,0.417,3.0,5.0,0.6,0.704,-0.104,0.5,3.0,6.0,0.5,0.677,-0.177,0.417,3.0,5.0,0.6,0.405,0.195,4.0,2.0,2.0,2.0,0.0,0.0,0.0,0.0,0.0,0.0,0.0,0.0,0.0,0.0,0.0,0.0,0.0,0.0,0.0,0.0,0.0,54.0,0.0,0.0,0.0,0.0,0.0,0.0,0.0,0.0,0.0,0.0,0.0,0.0,0.0,0.0,0.0,0.0,0.0,,,,,,,,,,,,MIL,DAL,20260331,2025-26,False,DAL,MIL,DAL,,12.0,0.511,7.0,0.583,0.072,,,,,,,,,,,,,,,,,,,,,,,,,,,,,,1.1,1.0,4.65,4.98,2.1,4.33,25.6,10885.0,,,,,,,,,,,,,,,,,,,,,,,,,,,,,,,,,,,,,,,,,,,,,DAL,,,,,,DAL,,,,,,,,,,,,1.0,,MIL,1610612749.0
1630314,Brandon Williams,Brandon,1610612742,DAL,26.0,1,1,0,1.0,20.036666666666665,2,6,0.333,0,1,0.0,6,8,0.75,0,1,1,5,2,0,1,1,5,5,10,7,19.7,0,0,18.0,1,1,1,1,134,124,123,139,124,143,124,11,9,68,126,139,167,24,31,100,19,141,205,15,97,47,108,16,2,112,,104.7,6.0,2.5,86.4,103,42,121,77,152,0.357,0.043,151,86.84,150,124,41,18.3,19.0,154,155,21,11.8,84.2,103,0.022,10,9,86.4,152,104.7,106.27,56,12.1,171,104.21,123,104.21,18.3,29.4,43,0.0,103.2,0.333,0.525,0.245,0.074,187,44,10,126,44,2.0,116,44,0.242,47,13.0,34.0,8.0,25.0,0.2,13.0,2.0,1.0,0.32,2.0,6.0,0.4,2.0,0.375,0.438,4.0,7.0,0.75,0.125,1.0,2.0,0.063,5.0,3.0,16.0,0.125,0.0,10.0,9.0,0.25,0.0,0.0,40.0,0.0,0.0,8.0,5.1,0.0,7.64,0.0,0.167,0.333,3.0,11.4,11.4,3.0,0.0,0.0,1.0,0.167,0.0,0.0,0.0,0.0,6.0,0.0,0.0,0.333,1.0,0.0,0.0,0.0,0.0,0.0,0.0,0.5,0.0,1.0,0.0,0.0,3.0,0.5,0.0,,3.0,0.0,0.0,,1.0,0.167,0.0,1.0,1.0,0.0,1.0,1.0,0.0,1.0,1.0,0.167,1.0,0.0,2.0,1.0,0.333,1.0,0.167,1.0,0.0,0.5,0.167,0.5,1.0,,,,,,,,,,,,,,0.5,2.0,0.0,0.5,0.0,1.0,2.0,1.0,0.0,0.0,0.0,0.0,0.0,0.333,0.0,0.0,0.0,0.0,0.0,2.0,0.0,0.0,0.0,0.0,0.0,1.0,0.0,0.0,0.0,0.0,1.0,0.5,0.0,0.0,0.0,0.0,3.0,0.0,0.0,0.333,1.0,120.0,0.351,G,0.635,0.622,189.0,0.013,0.0,0.0,0.0,1.0,0.0,0.0,0.0,0.0,0.0,1.0,1.0,0.0,0.0,0.0,0.25,0.0,0.0,0.0,0.0,0.0,0.0,1.0,1.0,0.0,DAL,0.0,0.0,4.0,0.0,,0.0,,0.0,0.0,2026,22501074,,,,,,,0.5,0.0,3.0,0.0,0.37,-0.37,0.5,1.0,3.0,0.333,0.552,-0.219,0.167,0.0,1.0,0.0,0.642,-0.642,0.333,0.0,2.0,0.0,0.594,-0.594,0.5,0.0,3.0,0.0,0.372,-0.372,2.0,1.0,1.0,1.0,0.0,0.0,0.0,0.0,0.0,0.0,0.0,0.0,0.0,0.0,0.0,0.0,0.0,0.0,0.0,0.0,0.0,40.0,0.0,0.0,0.0,0.0,0.0,0.0,0.0,0.0,0.0,0.0,0.0,0.0,0.0,0.0,0.0,0.0,0.0,,,,,,,,,,,,POR,DAL,20260327,2025-26,False,DAL,POR,DAL,,6.0,0.448,1.0,0.167,-0.281,,,,,,,,,,,,,,,,,,,,,,,,,,,,,,0.9,0.7,4.4,4.74,1.6,4.02,20.0,8641.0,,,,,,,,,,,,,,,,,,,,,,,,,,,,,,,,,,,,,,,,,,,,,DAL,,,,,,DAL,,,,,,,,,,,,1.0,,POR,1610612757.0
1630314,Brandon Williams,Brandon,1610612742,DAL,26.0,1,0,1,0.0,19.316666666666663,3,6,0.5,0,2,0.0,5,7,0.714,1,1,2,6,1,0,0,0,4,6,11,-1,21.4,0,0,19.0,1,127,127,127,167,132,149,89,158,148,158,29,22,91,56,177,156,27,87,119,85,1,213,11,112,127,117,21,2,132,,135.6,6.0,6.0,137.8,36,9,151,62,29,0.316,0.063,122,93.18,121,132,166,-2.2,-12.8,31,135,33,6.3,147.9,36,0.051,221,242,137.8,29,135.6,108.19,112,6.2,187,111.82,149,111.82,-2.2,37.5,45,0.043,135.1,0.5,0.606,0.2,0.073,178,25,221,84,134,3.0,118,134,0.201,103,15.0,41.0,8.0,37.0,0.162,12.0,0.0,2.0,0.216,2.0,7.0,0.667,3.0,0.636,0.364,2.0,4.0,0.0,0.091,0.0,1.0,0.0,3.0,0.0,11.0,0.273,0.0,11.0,5.45,0.234,0.0,1.0,47.0,0.0,0.0,13.0,4.3,0.0,5.49,0.0,0.5,0.5,2.0,2.6,3.8,2.0,0.0,1.0,1.0,0.667,0.5,1.0,0.5,0.5,4.0,1.0,5.1,1.0,1.0,1.0,0.0,1.0,0.0,,,,,,,,,,,,,,,,2.0,0.5,0.0,0.667,2.0,0.0,3.0,3.0,0.0,0.667,0.667,0.5,1.0,0.0,2.0,1.0,0.333,1.0,0.167,1.0,0.0,0.5,0.167,0.5,1.0,1.0,0.0,0.0,1.0,0.0,0.0,0.167,0.0,0.0,,0.167,0.0,0.0,0.0,2.0,0.0,0.0,0.0,1.0,0.0,0.0,0.0,0.0,0.0,0.0,0.0,0.5,0.0,0.0,0.0,0.0,0.0,0.0,0.0,1.0,0.0,0.0,0.0,2.0,0.0,0.0,0.0,0.0,0.0,0.0,0.0,0.0,0.0,0.0,3.0,0.0,0.0,1.0,3.0,120.0,0.353,G,0.638,0.622,188.0,0.016,,1.0,0.0,1.0,0.0,0.0,0.0,0.0,0.0,0.0,3.0,0.0,,,1.0,0.0,0.0,0.0,1.0,0.0,0.0,0.0,0.0,0.0,DAL,0.0,0.0,3.0,1.0,0.0,0.0,0.0,0.0,1.0,2026,22501059,,,,,,,0.167,1.0,1.0,1.0,0.391,0.609,0.833,3.0,5.0,0.6,0.536,0.064,0.667,2.0,4.0,0.5,0.622,-0.122,0.667,2.0,4.0,0.5,0.583,-0.083,0.167,1.0,1.0,1.0,0.377,0.623,1.0,1.0,0.0,0.0,1.0,0.0,0.0,0.0,0.0,0.0,0.0,0.0,0.0,1.0,1.0,1.0,0.0,0.0,1.0,1.0,0.0,47.0,0.0,0.0,0.0,0.0,0.0,0.0,0.0,0.0,0.0,0.0,0.0,0.0,0.0,0.0,0.0,0.0,0.0,,,,,,,,,,,,DEN,DAL,20260325,2025-26,False,DAL,DEN,,,6.0,0.483,4.0,0.667,0.184,,,,,,,,,,,,,,,,,,,,,,,,,,,,,,0.9,0.7,4.5,5.01,1.6,3.97,19.3,8375.0,,,,,,,,,,,,,,,,,,,,,,,,,,,,,,,,,,,,,,,,,,,,,DAL,,,,,,DAL,,,,,,,,,,,,1.0,,DEN,1610612743.0
