PLAYER_ID,PLAYER_NAME,TEAM_ID,TEAM_ABBREVIATION,AGE,MIN,FGM,FGA,FG_PCT,FG3M,FG3A,FG3_PCT,FTM,FTA,FT_PCT,OREB,DREB,REB,AST,TOV,STL,BLK,BLKA,PF,PFD,PTS,PLUS_MINUS,REB_PCT,E_OFF_RATING,E_DEF_RATING,PIE,DREB_PCT,TM_TOV_PCT,POSS,OREB_PCT,TS_PCT,PACE_PER40,OFF_RATING,E_PACE,AST_TO,AST_PCT,PACE,DEF_RATING,AST_RATIO,NET_RATING,E_NET_RATING,E_USG_PCT,EFG_PCT,USG_PCT,E_TOV_PCT,POTENTIAL_AST,FT_AST,AST_TO_PASS_PCT_ADJ,AST_PTS_CREATED,PASSES_MADE,AST_TO_PASS_PCT,SECONDARY_AST,PASSES_RECEIVED,AST_ADJ,DRIVE_TOV,DRIVE_FGA,DRIVE_PTS_PCT,DRIVE_FGM,DRIVE_PF_PCT,DRIVE_TOV_PCT,DRIVE_AST_PCT,DRIVE_FTA,DRIVE_FTM,DRIVE_AST,DRIVE_PASSES_PCT,DRIVES,DRIVE_FT_PCT,DRIVE_PF,DRIVE_FG_PCT,DRIVE_PASSES,DRIVE_PTS,ELBOW_TOUCHES,PAINT_TOUCHES,TOUCHES,TIME_OF_POSS,PTS_PER_ELBOW_TOUCH,PTS_PER_PAINT_TOUCH,AVG_SEC_PER_TOUCH,PTS_PER_POST_TOUCH,POST_TOUCHES,FRONT_CT_TOUCHES,PTS_PER_TOUCH,AVG_DRIB_PER_TOUCH,REB_CONTEST,AVG_REB_DIST,DREB_CHANCES,AVG_DREB_DIST,DREB_UNCONTEST,DREB_CHANCE_DEFER,REB_CHANCE_PCT,REB_CHANCE_DEFER,OREB_CONTEST_PCT,OREB_CHANCE_PCT,DREB_CHANCE_PCT_ADJ,REB_CHANCES,OREB_CONTEST,OREB_UNCONTEST,REB_UNCONTEST,OREB_CHANCE_DEFER,DREB_CONTEST,OREB_CHANCE_PCT_ADJ,DREB_CONTEST_PCT,REB_CHANCE_PCT_ADJ,OREB_CHANCES,DREB_CHANCE_PCT,REB_CONTEST_PCT,AVG_OREB_DIST,very_tight_FG2_PCT,very_tight_FG3M,very_tight_FG2A_FREQUENCY,very_tight_FG3A_FREQUENCY,very_tight_FG3A,very_tight_FG2M,very_tight_FGM,very_tight_FGA,very_tight_FG_PCT,very_tight_FGA_FREQUENCY,very_tight_EFG_PCT,very_tight_FG2A,very_tight_FG3_PCT,tight_FG2A,tight_FG2A_FREQUENCY,tight_FG3A,tight_FG2_PCT,tight_FG3A_FREQUENCY,tight_FGM,tight_FGA_FREQUENCY,tight_FGA,tight_EFG_PCT,tight_FG3_PCT,tight_FG2M,tight_FG_PCT,tight_FG3M,open_FGA,open_FG3A,open_EFG_PCT,open_FG3M,open_FGA_FREQUENCY,open_FGM,open_FG2M,open_FG2_PCT,open_FG3A_FREQUENCY,open_FG2A_FREQUENCY,open_FG2A,open_FG_PCT,open_FG3_PCT,wide_open_FGA_FREQUENCY,wide_open_FG3M,wide_open_FG2M,wide_open_FG2A_FREQUENCY,wide_open_FG3A,wide_open_FG3A_FREQUENCY,wide_open_FG2_PCT,wide_open_FG3_PCT,wide_open_EFG_PCT,wide_open_FG2A,wide_open_FGA,wide_open_FG_PCT,wide_open_FGM,PULL_UP_FGM,PULL_UP_FG3A,PULL_UP_PTS,PULL_UP_EFG_PCT,PULL_UP_FG_PCT,PULL_UP_FG3_PCT,PULL_UP_FG3M,PULL_UP_FGA,POST_TOUCH_PTS,ELBOW_TOUCH_FG_PCT,ELBOW_TOUCH_PTS,POST_TOUCH_FG_PCT,EFF_FG_PCT,CATCH_SHOOT_FG_PCT,PAINT_TOUCH_FG_PCT,CATCH_SHOOT_PTS,PAINT_TOUCH_PTS,CORNER_3_FG_PCT,BACKCOURT_FGA,MID_FG_PCT,RIGHT_CORNER_3_FG_PCT,ITP_FG_PCT,ITP_FGA,ABOVE_BREAK_3_FGA,ABOVE_BREAK_3_FG_PCT,LEFT_CORNER_3_FGA,CORNER_3_FGM,LEFT_CORNER_3_FGM,LEFT_CORNER_3_FG_PCT,ITP_FGM,RA_FGM,RIGHT_CORNER_3_FGM,RIGHT_CORNER_3_FGA,ABOVE_BREAK_3_FGM,BACKCOURT_FG_PCT,CORNER_3_FGA,BACKCOURT_FGM,MID_FGA,MID_FGM,RA_FGA,RA_FG_PCT,FGA_LT_06,FGM_LT_06,FREQ,LT_06_PCT,NS_LT_06_PCT,PLUSMINUS,FGA_15_19,FGP_25_29,FGA_35_39,FGP_LT_5,FGA_30_34,FGP_35_39,FGP_40_PLUS,FGA_25_29,FGP_10_14,FGM_LT_5,FGA_40_PLUS,FGP_5_9,FGM_35_39,FGM_40_PLUS,FGP_15_19,FGM_25_29,FGM_5_9,FGA_20_24,FGA_LT_5,FGA_5_9,FGP_20_24,FGP_30_34,FGM_30_34,FGM_20_24,FGM_15_19,FGM_10_14,FGA_10_14,CATCH_SHOOT_FGA,CATCH_SHOOT_FG3_PCT,CATCH_SHOOT_FG3A,CATCH_SHOOT_FG3M,CATCH_SHOOT_EFG_PCT,CATCH_SHOOT_FGM,year,GAME_ID,date,season,playoffs,overall_def_FREQ,overall_def_D_FGM,overall_def_D_FGA,overall_def_D_FG_PCT,overall_def_NORMAL_FG_PCT,overall_def_PCT_PLUSMINUS,three_pt_def_FG3M,three_pt_def_FG3A,three_pt_def_FG3_PCT,three_pt_def_NS_FG3_PCT,two_pt_def_FG2M,two_pt_def_FG2A,two_pt_def_FG2_PCT,two_pt_def_NS_FG2_PCT,less_10ft_def_FGM_LT_10,less_10ft_def_FGA_LT_10,less_10ft_def_LT_10_PCT,less_10ft_def_NS_LT_10_PCT,more_15ft_def_FGM_GT_15,more_15ft_def_FGA_GT_15,more_15ft_def_GT_15_PCT,more_15ft_def_NS_GT_15_PCT,post_touch_POST_TOUCH_FGM,post_touch_POST_TOUCH_FGA,post_touch_POST_TOUCH_FTM,post_touch_POST_TOUCH_FTA,post_touch_POST_TOUCH_FT_PCT,post_touch_POST_TOUCH_PTS_PCT,post_touch_POST_TOUCH_PASSES,post_touch_POST_TOUCH_PASSES_PCT,post_touch_POST_TOUCH_AST,post_touch_POST_TOUCH_AST_PCT,post_touch_POST_TOUCH_TOV,post_touch_POST_TOUCH_TOV_PCT,post_touch_POST_TOUCH_FOULS,post_touch_POST_TOUCH_FOULS_PCT,hustle_CONTESTED_SHOTS,hustle_CONTESTED_SHOTS_2PT,hustle_CONTESTED_SHOTS_3PT,hustle_DEFLECTIONS,hustle_CHARGES_DRAWN,hustle_SCREEN_ASSISTS,hustle_SCREEN_AST_PTS,hustle_OFF_LOOSE_BALLS_RECOVERED,hustle_DEF_LOOSE_BALLS_RECOVERED,hustle_LOOSE_BALLS_RECOVERED,hustle_PCT_LOOSE_BALLS_RECOVERED_OFF,hustle_PCT_LOOSE_BALLS_RECOVERED_DEF,hustle_OFF_BOXOUTS,hustle_DEF_BOXOUTS,hustle_BOX_OUTS,hustle_BOX_OUT_PLAYER_TEAM_REBS,hustle_BOX_OUT_PLAYER_REBS,hustle_PCT_BOX_OUTS_OFF,hustle_PCT_BOX_OUTS_DEF,hustle_PCT_BOX_OUTS_TEAM_REB,hustle_PCT_BOX_OUTS_REB
200794,Paul Millsap,1610612737,ATL,29.0,35.75,9,15,0.6,0,2,0.0,2,4,0.5,2,3,5,3,2,1,1,0,4,3,20,-7,0.082,112.7,119.2,0.08,0.103,9.1,77,0.063,0.597,86.71,110.4,102.44,1.5,0.143,104.06,117.9,13.6,-7.6,-6.6,0.236,0.6,0.226,9.2,6.0,0.0,0.148,7.0,27.0,0.111,1.0,30.0,4.0,0.0,2.0,2.0,2.0,0.0,0.0,0.0,0.0,0.0,0.0,0.0,2.0,0.0,0.0,1.0,0.0,4.0,4.0,7.0,46.0,1.8,1.5,0.571,2.31,0.25,8.0,32.0,0.435,0.96,1.0,4.0,9.0,5.0,3.0,2.0,0.333,2.0,0.5,0.333,0.429,15.0,1.0,1.0,4.0,0.0,0.0,0.333,0.0,0.385,6.0,0.333,0.2,2.3,0.75,0.0,0.267,0.0,0.0,3.0,3.0,4.0,0.75,0.267,0.75,4.0,,6.0,0.4,0.0,0.667,0.0,4.0,0.4,6.0,0.667,,4.0,0.667,0.0,1.0,0.0,1.0,0.0,0.067,1.0,1.0,1.0,0.0,0.067,1.0,1.0,,0.267,0.0,1.0,0.133,2.0,0.133,0.5,0.0,0.25,2.0,4.0,0.25,1.0,2.0,0.0,4.0,1.0,1.0,,0.0,2.0,2.0,1.0,6.0,0.25,0.6,0.0,0.5,0.0,4.0,0.0,0.0,0.5,0.0,0.667,3.0,2.0,0.0,0.0,0.0,0.0,0.0,2.0,5.0,0.0,0.0,0.0,0.0,0.0,0.0,4.0,2.0,6.0,0.833,3.0,2.0,0.15,0.667,0.569,0.098,1.0,0.0,,0.833,,,0.0,0.0,0.5,5.0,0.0,0.667,,0.0,0.0,0.0,2.0,3.0,6.0,3.0,0.333,,,1.0,0.0,1.0,2.0,3.0,0.0,2.0,0.0,0.0,0.0,2014,21300012,20131030.0,2013-14,False,,,,,,,,,,,,,,,,,,,,,,,,,,,,,,,,,,,,,,,,,,,,,,,,,,,,,,,,,
200794,Paul Millsap,1610612737,ATL,29.0,31.08333333333333,7,12,0.583,0,0,0.0,1,5,0.2,1,4,5,2,2,0,0,1,2,4,15,-3,0.081,95.5,102.9,0.091,0.129,11.1,61,0.032,0.528,77.86,96.7,94.26,1.0,0.143,93.43,103.3,11.1,-6.6,-7.4,0.25,0.583,0.239,11.0,3.0,0.0,0.095,4.0,21.0,0.095,0.0,25.0,2.0,0.0,1.0,0.667,1.0,0.0,0.0,0.333,0.0,0.0,1.0,0.333,3.0,0.0,0.0,1.0,1.0,2.0,2.0,8.0,39.0,1.2,0.0,1.375,1.8,0.0,1.0,25.0,0.385,0.72,1.0,17.3,12.0,22.0,2.0,1.0,0.263,1.0,0.0,0.143,0.364,19.0,0.0,2.0,4.0,0.0,1.0,0.143,0.25,0.278,7.0,0.333,0.2,3.3,1.0,0.0,0.273,0.0,0.0,3.0,3.0,3.0,1.0,0.273,1.0,3.0,,3.0,0.273,0.0,0.333,0.0,1.0,0.273,3.0,0.333,,1.0,0.333,0.0,3.0,0.0,0.667,0.0,0.273,2.0,2.0,0.667,0.0,0.273,3.0,0.667,,0.182,0.0,1.0,0.182,0.0,0.0,0.5,,0.5,2.0,2.0,0.5,1.0,1.0,,2.0,0.5,0.5,,,2.0,0.0,0.0,0.0,0.0,0.583,0.333,0.667,2.0,11.0,0.0,0.0,0.25,0.0,0.0,0.0,0.0,0.0,0.0,0.0,0.0,0.0,0.0,6.0,0.0,0.0,0.0,0.0,0.0,0.0,4.0,1.0,8.0,0.75,10.0,6.0,0.313,0.6,0.595,0.005,0.0,0.0,,0.75,,,0.0,0.0,0.333,6.0,0.0,0.0,,0.0,0.0,0.0,0.0,0.0,8.0,1.0,0.0,,,0.0,0.0,1.0,3.0,3.0,,,,0.333,1.0,2014,21300023,20131101.0,2013-14,False,,,,,,,,,,,,,,,,,,,,,,,,,,,,,,,,,,,,,,,,,,,,,,,,,,,,,,,,,
200794,Paul Millsap,1610612737,ATL,29.0,28.883333333333333,4,9,0.444,0,0,0.0,6,10,0.6,3,4,7,4,1,1,1,1,4,9,14,3,0.104,104.6,98.4,0.098,0.108,5.6,64,0.1,0.522,87.94,104.7,107.26,4.0,0.182,105.53,101.6,22.2,3.1,6.2,0.206,0.444,0.197,5.4,5.0,0.0,0.154,10.0,26.0,0.154,0.0,28.0,4.0,0.0,0.0,0.0,0.0,0.0,0.0,0.333,0.0,0.0,1.0,0.667,3.0,0.0,0.0,0.0,2.0,0.0,3.0,5.0,41.0,1.6,0.0,0.0,2.27,0.636,11.0,31.0,0.341,1.17,3.0,9.4,16.0,11.5,3.0,3.0,0.292,3.0,0.667,0.375,0.308,24.0,2.0,1.0,4.0,0.0,1.0,0.375,0.25,0.333,8.0,0.25,0.429,6.5,1.0,0.0,0.125,0.0,0.0,1.0,1.0,1.0,1.0,0.125,1.0,1.0,,4.0,0.5,0.0,0.5,0.0,2.0,0.5,4.0,0.5,,2.0,0.5,0.0,2.0,0.0,0.5,0.0,0.25,1.0,1.0,0.5,0.0,0.25,2.0,0.5,,0.125,0.0,0.0,0.125,0.0,0.0,0.0,,0.0,1.0,1.0,0.0,0.0,1.0,,2.0,0.5,0.5,,,2.0,7.0,0.0,0.0,0.667,0.444,0.0,0.0,0.0,0.0,0.0,0.0,0.0,0.0,0.5,4.0,0.0,0.0,0.0,0.0,0.0,0.0,2.0,2.0,0.0,0.0,0.0,0.0,0.0,0.0,2.0,0.0,3.0,0.667,15.0,8.0,0.366,0.533,0.557,-0.023,1.0,0.0,,0.667,0.0,,0.0,0.0,0.5,2.0,0.0,0.333,,0.0,0.0,0.0,1.0,0.0,3.0,3.0,0.0,0.0,0.0,0.0,0.0,1.0,2.0,2.0,,,,0.0,0.0,2014,21300046,20131103.0,2013-14,False,,,,,,,,,,,,,,,,,,,,,,,,,,,,,,,,,,,,,,,,,,,,,,,,,,,,,,,,,
200794,Paul Millsap,1610612737,ATL,29.0,33.666666666666664,9,15,0.6,2,3,0.667,5,6,0.833,3,8,11,4,2,4,1,0,0,5,25,5,0.164,108.8,103.4,0.255,0.242,8.3,70,0.088,0.709,83.76,110.0,100.09,2.0,0.2,100.51,101.4,16.7,8.6,5.3,0.256,0.667,0.26,8.5,10.0,0.0,0.116,13.0,43.0,0.093,0.0,36.0,5.0,0.0,1.0,0.5,1.0,0.0,0.0,0.0,0.0,0.0,0.0,0.75,4.0,0.0,0.0,1.0,3.0,2.0,8.0,6.0,63.0,2.6,0.75,0.0,2.46,0.833,6.0,38.0,0.397,1.33,4.0,6.2,13.0,6.5,7.0,0.0,0.611,0.0,1.0,0.6,0.615,18.0,3.0,1.0,8.0,0.0,1.0,0.6,0.125,0.611,5.0,0.615,0.364,5.5,0.333,0.0,0.2,0.0,0.0,1.0,1.0,3.0,0.333,0.2,0.333,3.0,,6.0,0.4,0.0,0.5,0.0,3.0,0.4,6.0,0.5,,3.0,0.5,0.0,4.0,1.0,1.125,1.0,0.267,4.0,3.0,1.0,0.067,0.2,3.0,1.0,1.0,0.133,1.0,0.0,0.0,2.0,0.133,,0.5,0.75,0.0,2.0,0.5,1.0,2.0,0.0,4.0,0.5,0.5,,0.0,4.0,5.0,0.5,6.0,0.5,0.667,0.75,0.0,8.0,0.0,1.0,0.0,0.667,0.0,0.571,7.0,2.0,0.5,1.0,1.0,1.0,1.0,4.0,1.0,0.0,0.0,1.0,0.0,1.0,0.0,3.0,2.0,2.0,0.5,18.0,10.0,0.333,0.556,0.552,0.003,2.0,0.5,,0.5,,,0.0,2.0,0.5,1.0,0.0,0.5,,0.0,1.0,1.0,3.0,1.0,2.0,6.0,1.0,,,1.0,2.0,1.0,2.0,4.0,0.667,3.0,2.0,1.0,3.0,2014,21300059,20131105.0,2013-14,False,,,,,,,,,,,,,,,,,,,,,,,,,,,,,,,,,,,,,,,,,,,,,,,,,,,,,,,,,
200794,Paul Millsap,1610612737,ATL,29.0,34.46666666666667,10,15,0.667,2,3,0.667,7,11,0.636,2,8,10,5,0,2,1,0,4,6,29,13,0.143,126.9,109.3,0.189,0.229,0.0,72,0.057,0.731,82.98,127.8,100.8,0.0,0.192,99.57,111.3,20.0,16.5,17.6,0.241,0.733,0.244,0.0,10.0,1.0,0.156,14.0,45.0,0.111,1.0,42.0,7.0,0.0,1.0,0.667,1.0,0.333,0.0,0.0,0.0,0.0,0.0,0.333,3.0,0.0,1.0,1.0,1.0,2.0,8.0,12.0,69.0,2.3,0.25,1.083,2.02,0.571,7.0,41.0,0.42,0.91,5.0,5.3,14.0,5.5,5.0,3.0,0.526,3.0,1.0,0.4,0.727,19.0,2.0,0.0,5.0,0.0,3.0,0.4,0.375,0.625,5.0,0.571,0.5,4.5,1.0,0.0,0.2,0.0,0.0,3.0,3.0,3.0,1.0,0.2,1.0,3.0,,5.0,0.333,0.0,0.6,0.0,3.0,0.333,5.0,0.6,,3.0,0.6,0.0,3.0,0.0,0.667,0.0,0.2,2.0,2.0,0.667,0.0,0.2,3.0,0.667,,0.267,2.0,0.0,0.067,3.0,0.2,0.0,0.667,0.75,1.0,4.0,0.5,2.0,2.0,1.0,5.0,0.417,0.333,1.0,1.0,6.0,4.0,0.5,2.0,0.333,0.733,0.5,0.833,3.0,13.0,0.0,0.0,0.25,0.0,0.5,2.0,3.0,0.667,0.0,0.0,0.0,0.0,1.0,6.0,0.0,0.0,2.0,0.0,0.0,0.0,4.0,1.0,6.0,1.0,23.0,12.0,0.359,0.522,0.551,-0.029,1.0,0.667,0.0,1.0,,0.0,0.0,3.0,0.0,6.0,0.0,0.5,0.0,0.0,1.0,2.0,1.0,0.0,6.0,2.0,0.0,,,0.0,1.0,0.0,3.0,2.0,0.5,2.0,1.0,0.75,1.0,2014,21300071,20131107.0,2013-14,False,,,,,,,,,,,,,,,,,,,,,,,,,,,,,,,,,,,,,,,,,,,,,,,,,,,,,,,,,
200794,Paul Millsap,1610612737,ATL,29.0,34.05833333333333,8,16,0.5,0,1,0.0,2,4,0.5,2,9,11,4,0,4,2,0,2,4,18,23,0.157,107.5,78.5,0.223,0.25,0.0,70,0.059,0.507,81.04,108.6,97.41,0.0,0.167,97.24,77.9,18.2,30.6,29.0,0.231,0.5,0.228,0.0,8.0,0.0,0.085,9.0,47.0,0.085,0.0,39.0,4.0,0.0,2.0,0.0,0.0,0.0,0.0,0.0,0.0,0.0,0.0,0.5,4.0,0.0,0.0,0.0,2.0,0.0,5.0,8.0,66.0,2.2,0.8,0.875,2.0,0.4,5.0,39.0,0.273,1.06,7.0,6.1,14.0,6.2,4.0,0.0,0.407,0.0,1.0,0.154,0.643,27.0,2.0,0.0,4.0,0.0,5.0,0.154,0.556,0.407,13.0,0.643,0.636,5.5,0.5,0.0,0.25,0.0,0.0,2.0,2.0,4.0,0.5,0.25,0.5,4.0,,3.0,0.188,0.0,0.333,0.0,1.0,0.188,3.0,0.333,,1.0,0.333,0.0,2.0,0.0,0.5,0.0,0.125,1.0,1.0,0.5,0.0,0.125,2.0,0.5,,0.438,0.0,4.0,0.375,1.0,0.063,0.667,0.0,0.571,6.0,7.0,0.571,4.0,1.0,0.0,2.0,0.333,0.333,,0.0,3.0,2.0,0.5,4.0,0.333,0.5,0.8,0.75,8.0,7.0,0.0,0.0,0.571,0.0,0.5,2.0,1.0,0.0,0.0,0.0,0.0,0.0,1.0,3.0,0.0,0.0,0.0,0.0,0.0,0.0,7.0,4.0,6.0,0.5,31.0,16.0,0.373,0.516,0.547,-0.031,5.0,0.0,,0.5,0.0,,0.0,0.0,1.0,3.0,0.0,0.0,,0.0,0.6,0.0,0.0,2.0,6.0,2.0,0.5,0.0,0.0,1.0,3.0,1.0,1.0,5.0,0.0,1.0,0.0,0.8,4.0,2014,21300086,20131109.0,2013-14,False,,,,,,,,,,,,,,,,,,,,,,,,,,,,,,,,,,,,,,,,,,,,,,,,,,,,,,,,,
200794,Paul Millsap,1610612737,ATL,29.0,26.29,2,7,0.286,1,2,0.5,4,4,1.0,1,4,5,0,1,0,1,0,2,3,9,1,0.094,95.1,93.7,0.083,0.143,10.0,51,0.04,0.514,77.6,98.0,95.74,0.0,0.0,93.12,96.1,0.0,2.0,1.3,0.172,0.357,0.172,10.2,3.0,0.0,0.0,0.0,29.0,0.0,0.0,26.0,0.0,0.0,0.0,0.0,0.0,0.0,0.0,0.0,0.0,0.0,0.0,1.0,1.0,0.0,0.0,0.0,1.0,0.0,3.0,5.0,42.0,1.1,0.0,0.4,1.55,0.0,5.0,27.0,0.214,0.52,4.0,6.1,11.0,7.1,1.0,2.0,0.278,2.0,1.0,0.143,0.444,18.0,1.0,0.0,1.0,0.0,3.0,0.143,0.75,0.313,7.0,0.364,0.8,2.0,0.0,0.0,0.429,0.0,0.0,0.0,0.0,3.0,0.0,0.429,0.0,3.0,,1.0,0.143,0.0,1.0,0.0,1.0,0.143,1.0,1.0,,1.0,1.0,0.0,1.0,0.0,0.0,0.0,0.143,0.0,0.0,0.0,0.0,0.143,1.0,0.0,,0.286,1.0,0.0,0.0,2.0,0.286,,0.5,0.75,0.0,2.0,0.5,1.0,0.0,0.0,0.0,0.0,0.0,,0.0,1.0,0.0,0.0,0.0,0.0,0.357,0.5,0.333,3.0,2.0,1.0,0.0,0.0,1.0,0.0,0.0,1.0,0.0,0.0,1.0,0.0,0.0,0.0,1.0,1.0,1.0,0.0,0.0,1.0,0.0,1.0,0.0,4.0,0.25,38.0,16.0,0.384,0.421,0.554,-0.133,1.0,0.0,0.0,0.25,,0.0,0.0,1.0,0.0,1.0,0.0,0.0,0.0,0.0,0.0,0.0,0.0,1.0,4.0,0.0,1.0,,,1.0,0.0,0.0,0.0,2.0,0.5,2.0,1.0,0.75,1.0,2014,21300098,20131111.0,2013-14,False,,,,,,,,,,,,,,,,,,,,,,,,,,,,,,,,,,,,,,,,,,,,,,,,,,,,,,,,,
200794,Paul Millsap,1610612737,ATL,29.0,31.445,3,9,0.333,0,2,0.0,0,0,0.0,1,5,6,4,2,1,3,0,3,5,6,-3,0.095,96.1,103.2,0.063,0.139,13.3,61,0.037,0.333,76.96,96.7,92.72,2.0,0.182,92.35,103.3,26.7,-6.6,-7.1,0.166,0.333,0.159,13.3,8.0,0.0,0.118,9.0,34.0,0.118,0.0,30.0,4.0,1.0,1.0,0.0,0.0,0.0,0.2,0.4,0.0,0.0,2.0,0.2,5.0,0.0,0.0,0.0,1.0,0.0,5.0,5.0,48.0,1.9,0.8,0.4,2.4,0.0,6.0,31.0,0.125,1.23,4.0,3.5,13.0,3.3,2.0,2.0,0.375,2.0,1.0,0.333,0.455,16.0,1.0,0.0,2.0,0.0,3.0,0.333,0.6,0.429,3.0,0.385,0.667,4.8,1.0,0.0,0.111,0.0,0.0,1.0,1.0,1.0,1.0,0.111,1.0,1.0,,1.0,0.111,1.0,1.0,0.111,1.0,0.222,2.0,0.5,0.0,1.0,0.5,0.0,5.0,1.0,0.2,0.0,0.556,1.0,1.0,0.25,0.111,0.444,4.0,0.2,0.0,0.111,0.0,0.0,0.111,0.0,0.0,0.0,,0.0,1.0,1.0,0.0,0.0,1.0,1.0,2.0,0.25,0.25,0.0,0.0,4.0,0.0,0.5,4.0,0.0,0.333,0.0,0.5,0.0,2.0,0.0,0.0,0.333,0.0,0.0,2.0,1.0,0.0,0.0,0.0,0.0,0.0,0.0,2.0,0.0,1.0,0.0,0.0,1.0,0.0,3.0,1.0,2.0,1.0,42.0,17.0,0.368,0.405,0.553,-0.149,1.0,0.0,,1.0,,,0.0,1.0,0.5,2.0,0.0,0.0,,0.0,0.0,0.0,0.0,1.0,2.0,2.0,0.0,,,0.0,0.0,1.0,2.0,2.0,0.0,1.0,0.0,0.0,0.0,2014,21300116,20131113.0,2013-14,False,,,,,,,,,,,,,,,,,,,,,,,,,,,,,,,,,,,,,,,,,,,,,,,,,,,,,,,,,
200794,Paul Millsap,1610612737,ATL,29.0,28.996666666666663,3,8,0.375,0,1,0.0,2,6,0.333,0,4,4,3,3,2,0,0,4,3,8,-3,0.08,106.8,113.2,0.008,0.154,17.6,64,0.0,0.376,86.91,106.3,104.62,1.0,0.167,104.29,114.5,17.6,-8.3,-6.4,0.211,0.375,0.209,18.0,5.0,1.0,0.098,9.0,41.0,0.073,0.0,32.0,4.0,0.0,2.0,0.8,1.0,0.6,0.0,0.0,6.0,2.0,0.0,0.0,5.0,0.333,3.0,0.5,0.0,4.0,3.0,2.0,55.0,1.8,0.0,1.0,1.97,0.333,3.0,30.0,0.145,1.11,1.0,3.8,12.0,3.8,3.0,0.0,0.286,1.0,0.0,0.0,0.333,14.0,0.0,0.0,3.0,1.0,1.0,0.0,0.25,0.308,2.0,0.333,0.25,0.0,0.0,0.0,0.125,0.0,0.0,0.0,0.0,1.0,0.0,0.125,0.0,1.0,,3.0,0.375,0.0,0.333,0.0,1.0,0.375,3.0,0.333,,1.0,0.333,0.0,1.0,0.0,1.0,0.0,0.125,1.0,1.0,1.0,0.0,0.125,1.0,1.0,,0.375,0.0,1.0,0.25,1.0,0.125,0.5,0.0,0.333,2.0,3.0,0.333,1.0,1.0,0.0,2.0,1.0,1.0,,0.0,1.0,1.0,0.0,0.0,0.0,0.375,0.2,1.0,2.0,2.0,0.0,0.0,0.25,0.0,1.0,1.0,1.0,0.0,0.0,0.0,0.0,0.0,1.0,1.0,0.0,0.0,0.0,0.0,0.0,0.0,4.0,1.0,2.0,0.5,52.0,22.0,0.409,0.423,0.554,-0.131,3.0,0.0,,0.5,0.0,,0.0,1.0,1.0,1.0,0.0,0.0,,0.0,0.0,0.0,0.0,1.0,2.0,0.0,1.0,0.0,0.0,1.0,0.0,1.0,1.0,4.0,0.0,1.0,0.0,0.25,1.0,2014,21300127,20131115.0,2013-14,False,,,,,,,,,,,,,,,,,,,,,,,,,,,,,,,,,,,,,,,,,,,,,,,,,,,,,,,,,
200794,Paul Millsap,1610612737,ATL,29.0,29.866666666666667,6,9,0.667,0,0,0.0,2,2,1.0,1,12,13,1,1,2,1,0,3,4,14,9,0.217,108.0,91.3,0.228,0.333,8.3,58,0.042,0.709,77.68,106.9,92.8,1.0,0.05,93.21,91.4,8.3,15.5,16.8,0.183,0.667,0.18,8.4,3.0,0.0,0.029,2.0,35.0,0.029,0.0,28.0,1.0,0.0,2.0,0.8,2.0,0.0,0.0,0.2,0.0,0.0,1.0,0.4,5.0,0.0,0.0,1.0,2.0,4.0,3.0,4.0,51.0,1.8,0.667,0.0,2.14,0.444,9.0,26.0,0.275,1.2,2.0,4.0,21.0,3.9,11.0,1.0,0.542,1.0,1.0,0.333,0.6,24.0,1.0,0.0,11.0,0.0,1.0,0.333,0.083,0.565,3.0,0.571,0.154,5.2,0.667,0.0,0.333,0.0,0.0,2.0,2.0,3.0,0.667,0.333,0.667,3.0,,3.0,0.333,0.0,0.667,0.0,2.0,0.333,3.0,0.667,,2.0,0.667,0.0,2.0,0.0,0.5,0.0,0.222,1.0,1.0,0.5,0.0,0.222,2.0,0.5,,0.111,0.0,1.0,0.111,0.0,0.0,1.0,,1.0,1.0,1.0,1.0,1.0,2.0,,4.0,1.0,1.0,,,2.0,4.0,1.0,2.0,0.5,0.667,0.5,0.0,2.0,0.0,0.0,,1.0,0.0,0.333,3.0,0.0,0.0,0.0,0.0,0.0,0.0,1.0,3.0,0.0,0.0,0.0,,0.0,,2.0,2.0,4.0,0.75,59.0,28.0,0.418,0.475,0.553,-0.079,2.0,0.0,,0.6,,,,0.0,0.0,3.0,,0.5,,,1.0,0.0,1.0,0.0,5.0,2.0,0.0,,,0.0,2.0,0.0,0.0,2.0,,,,0.5,1.0,2014,21300139,20131116.0,2013-14,False,,,,,,,,,,,,,,,,,,,,,,,,,,,,,,,,,,,,,,,,,,,,,,,,,,,,,,,,,
200794,Paul Millsap,1610612737,ATL,29.0,28.28333333333333,8,14,0.571,0,2,0.0,3,4,0.75,1,1,2,0,4,1,0,1,1,2,19,4,0.038,104.5,94.9,0.091,0.03,20.0,53,0.053,0.603,74.25,103.8,90.29,0.0,0.0,89.1,98.1,0.0,5.7,9.6,0.355,0.571,0.345,20.2,4.0,1.0,0.043,1.0,23.0,0.0,0.0,32.0,1.0,0.0,2.0,0.0,0.0,0.0,0.0,0.0,0.0,0.0,0.0,0.333,3.0,0.0,0.0,0.0,1.0,0.0,8.0,8.0,43.0,1.6,0.5,0.875,2.19,1.143,7.0,33.0,0.442,1.02,1.0,4.6,13.0,5.5,1.0,1.0,0.133,1.0,1.0,0.5,0.083,15.0,1.0,0.0,1.0,0.0,0.0,0.5,0.0,0.143,2.0,0.077,0.5,3.8,0.625,0.0,0.615,0.0,0.0,5.0,5.0,8.0,0.625,0.615,0.625,8.0,,2.0,0.154,0.0,1.0,0.0,2.0,0.154,2.0,1.0,,2.0,1.0,0.0,1.0,0.0,1.0,0.0,0.077,1.0,1.0,1.0,0.0,0.077,1.0,1.0,,0.154,0.0,0.0,0.0,2.0,0.154,,0.0,0.0,0.0,2.0,0.0,0.0,1.0,0.0,2.0,1.0,1.0,,0.0,1.0,8.0,0.5,4.0,1.0,0.571,0.0,0.6,0.0,7.0,0.0,0.0,0.0,0.0,1.0,3.0,1.0,0.0,0.0,0.0,0.0,0.0,3.0,5.0,0.0,1.0,0.0,0.0,1.0,0.0,0.0,0.0,9.0,0.556,63.0,29.0,0.409,0.46,0.553,-0.092,0.0,0.0,0.0,0.6,,0.0,0.0,0.0,1.0,6.0,0.0,1.0,0.0,0.0,0.0,0.0,1.0,2.0,10.0,1.0,0.0,,,0.0,0.0,1.0,1.0,2.0,0.0,2.0,0.0,0.0,0.0,2014,21300166,20131120.0,2013-14,False,,,,,,,,,,,,,,,,,,,,,,,,,,,,,,,,,,,,,,,,,,,,,,,,,,,,,,,,,
200794,Paul Millsap,1610612737,ATL,29.0,34.4,6,14,0.429,0,1,0.0,2,3,0.667,2,5,7,1,0,2,0,2,3,2,14,5,0.1,100.6,94.3,0.094,0.161,0.0,70,0.051,0.457,79.65,100.0,96.64,0.0,0.045,95.58,97.0,6.3,3.0,6.3,0.19,0.429,0.185,0.0,2.0,1.0,0.064,6.0,47.0,0.021,0.0,38.0,3.0,0.0,2.0,1.0,1.0,0.25,0.0,0.25,2.0,2.0,1.0,0.0,4.0,1.0,1.0,0.5,0.0,4.0,3.0,2.0,64.0,2.1,0.667,1.0,1.97,0.667,6.0,34.0,0.219,1.03,3.0,7.8,9.0,6.7,3.0,0.0,0.467,0.0,0.5,0.333,0.556,15.0,1.0,1.0,4.0,0.0,2.0,0.333,0.4,0.467,6.0,0.556,0.429,10.5,0.667,0.0,0.25,0.0,0.0,2.0,2.0,3.0,0.667,0.25,0.667,3.0,,3.0,0.25,0.0,0.333,0.0,1.0,0.25,3.0,0.333,,1.0,0.333,0.0,2.0,0.0,1.0,0.0,0.167,2.0,2.0,1.0,0.0,0.167,2.0,1.0,,0.333,0.0,1.0,0.25,1.0,0.083,0.333,0.0,0.25,3.0,4.0,0.25,1.0,2.0,0.0,4.0,0.667,0.667,,0.0,3.0,4.0,0.5,2.0,0.4,0.429,0.25,1.0,2.0,2.0,0.0,,0.4,0.0,0.25,4.0,0.0,0.0,0.0,0.0,0.0,0.0,1.0,3.0,0.0,1.0,0.0,,1.0,,5.0,2.0,4.0,0.75,73.0,36.0,0.427,0.493,0.557,-0.064,3.0,0.0,0.0,0.5,0.0,0.0,,0.0,1.0,3.0,,0.5,0.0,,0.333,0.0,1.0,2.0,6.0,2.0,0.0,0.0,0.0,0.0,1.0,1.0,1.0,4.0,0.0,1.0,0.0,0.25,1.0,2014,21300180,20131122.0,2013-14,False,,,,,,,,,,,,,,,,,,,,,,,,,,,,,,,,,,,,,,,,,,,,,,,,,,,,,,,,,
200794,Paul Millsap,1610612737,ATL,29.0,31.645,6,12,0.5,0,0,0.0,0,0,0.0,0,5,5,2,3,2,2,0,4,1,12,-18,0.076,75.7,98.9,0.101,0.179,17.6,67,0.0,0.5,85.32,76.1,104.02,0.67,0.133,102.39,101.5,11.8,-25.4,-23.2,0.213,0.5,0.211,17.6,4.0,0.0,0.1,5.0,40.0,0.05,2.0,33.0,4.0,0.0,3.0,0.0,0.0,0.0,0.0,0.0,0.0,0.0,0.0,0.0,3.0,0.0,0.0,0.0,0.0,0.0,6.0,2.0,55.0,1.5,1.0,2.0,1.65,0.5,4.0,33.0,0.218,0.69,2.0,5.3,7.0,5.3,3.0,0.0,0.417,0.0,0.0,0.0,0.714,12.0,0.0,0.0,3.0,0.0,2.0,0.0,0.4,0.417,5.0,0.714,0.4,0.0,0.333,0.0,0.25,0.0,0.0,1.0,1.0,3.0,0.333,0.25,0.333,3.0,,4.0,0.333,0.0,0.5,0.0,2.0,0.333,4.0,0.5,,2.0,0.5,0.0,3.0,0.0,0.667,0.0,0.25,2.0,2.0,0.667,0.0,0.25,3.0,0.667,,0.167,0.0,1.0,0.167,0.0,0.0,0.5,,0.5,2.0,2.0,0.5,1.0,1.0,,2.0,0.333,0.333,,,3.0,2.0,1.0,6.0,0.5,0.5,0.0,1.0,0.0,4.0,0.0,0.0,0.2,0.0,0.0,1.0,0.0,0.0,0.0,0.0,0.0,0.0,0.0,5.0,0.0,0.0,0.0,0.0,0.0,0.0,5.0,1.0,6.0,0.833,79.0,41.0,0.434,0.519,0.556,-0.037,3.0,0.0,,0.833,,,0.0,0.0,0.5,5.0,0.0,0.0,,0.0,0.0,0.0,0.0,0.0,6.0,1.0,0.0,,,0.0,0.0,1.0,2.0,1.0,,,,0.0,0.0,2014,21300190,20131123.0,2013-14,False,,,,,,,,,,,,,,,,,,,,,,,,,,,,,,,,,,,,,,,,,,,,,,,,,,,,,,,,,
200794,Paul Millsap,1610612737,ATL,29.0,26.793333333333333,4,7,0.571,0,0,0.0,2,3,0.667,1,4,5,0,4,0,1,0,2,4,10,-15,0.102,91.4,114.4,0.047,0.154,33.3,54,0.043,0.601,80.62,92.6,99.93,0.0,0.0,96.74,120.4,0.0,-27.8,-23.0,0.221,0.571,0.214,32.5,0.0,0.0,0.05,0.0,40.0,0.0,2.0,34.0,2.0,1.0,0.0,0.0,0.0,0.0,0.5,0.0,0.0,0.0,0.0,0.5,2.0,0.0,0.0,0.0,1.0,0.0,6.0,4.0,54.0,1.6,0.833,0.0,1.74,0.667,6.0,32.0,0.185,0.76,4.0,5.1,10.0,5.7,1.0,1.0,0.417,1.0,1.0,0.5,0.444,12.0,1.0,0.0,1.0,0.0,3.0,0.5,0.75,0.455,2.0,0.4,0.8,2.5,0.667,0.0,0.429,0.0,0.0,2.0,2.0,3.0,0.667,0.429,0.667,3.0,,2.0,0.286,0.0,0.5,0.0,1.0,0.286,2.0,0.5,,1.0,0.5,0.0,,,,,,,,,,,,,,0.286,0.0,1.0,0.286,0.0,0.0,0.5,,0.5,2.0,2.0,0.5,1.0,1.0,,2.0,0.5,0.5,,,2.0,4.0,0.667,5.0,0.667,0.571,0.5,0.0,2.0,0.0,0.0,,0.333,0.0,1.0,1.0,0.0,0.0,0.0,0.0,0.0,0.0,1.0,2.0,0.0,0.0,0.0,,0.0,,3.0,1.0,3.0,0.667,85.0,43.0,0.438,0.506,0.558,-0.052,1.0,0.0,,0.75,,,,0.0,1.0,3.0,,0.0,,,0.0,0.0,0.0,1.0,4.0,0.0,0.0,,,0.0,0.0,1.0,1.0,2.0,,,,0.5,1.0,2014,21300213,20131126.0,2013-14,False,,,,,,,,,,,,,,,,,,,,,,,,,,,,,,,,,,,,,,,,,,,,,,,,,,,,,,,,,
200794,Paul Millsap,1610612737,ATL,29.0,25.71333333333333,6,10,0.6,1,1,1.0,3,5,0.6,0,5,5,2,3,2,1,1,4,5,16,-18,0.114,83.7,124.0,0.152,0.263,17.6,48,0.0,0.656,75.45,87.5,92.03,0.67,0.167,90.54,122.4,11.8,-34.9,-40.3,0.28,0.65,0.278,17.4,7.0,0.0,0.094,4.0,32.0,0.063,1.0,33.0,3.0,0.0,2.0,0.0,0.0,0.0,0.0,0.0,0.0,0.0,0.0,0.5,4.0,0.0,0.0,0.0,2.0,0.0,3.0,2.0,48.0,2.0,0.667,1.0,2.53,0.692,13.0,32.0,0.333,1.33,1.0,6.4,7.0,6.4,4.0,0.0,0.385,0.0,0.0,0.0,0.714,13.0,0.0,0.0,4.0,0.0,1.0,0.0,0.2,0.385,6.0,0.714,0.2,0.0,0.667,0.0,0.333,0.0,0.0,2.0,2.0,3.0,0.667,0.333,0.667,3.0,,3.0,0.333,0.0,0.333,0.0,1.0,0.333,3.0,0.333,,1.0,0.333,0.0,2.0,0.0,1.0,0.0,0.222,2.0,2.0,1.0,0.0,0.222,2.0,1.0,,0.111,1.0,0.0,0.0,1.0,0.111,,1.0,1.5,0.0,1.0,1.0,1.0,0.0,0.0,0.0,,,,0.0,0.0,9.0,1.0,2.0,0.75,0.65,1.0,1.0,7.0,2.0,1.0,0.0,1.0,1.0,0.25,4.0,0.0,0.0,0.0,1.0,0.0,0.0,1.0,2.0,1.0,1.0,0.0,0.0,1.0,0.0,2.0,2.0,3.0,0.667,88.0,45.0,0.427,0.511,0.561,-0.049,1.0,0.0,,0.75,,,0.0,0.0,1.0,3.0,0.0,0.0,,0.0,1.0,0.0,0.0,1.0,4.0,3.0,1.0,,,1.0,1.0,1.0,1.0,2.0,1.0,1.0,1.0,1.25,2.0,2014,21300221,20131127.0,2013-14,False,,,,,,,,,,,,,,,,,,,,,,,,,,,,,,,,,,,,,,,,,,,,,,,,,,,,,,,,,
200794,Paul Millsap,1610612737,ATL,29.0,38.56666666666667,6,14,0.429,1,2,0.5,2,2,1.0,1,5,6,4,2,3,0,0,3,4,15,7,0.076,99.1,89.1,0.114,0.128,9.5,79,0.025,0.504,81.42,97.5,97.25,2.0,0.182,97.7,89.7,19.0,7.7,10.1,0.195,0.464,0.191,9.6,2.0,0.0,0.129,5.0,31.0,0.129,2.0,33.0,4.0,0.0,1.0,1.0,1.0,0.0,0.0,0.0,0.0,0.0,0.0,0.5,2.0,0.0,0.0,1.0,1.0,2.0,7.0,8.0,50.0,1.6,0.0,0.875,1.94,0.667,6.0,31.0,0.3,0.76,2.0,5.1,10.0,5.6,4.0,1.0,0.462,1.0,1.0,0.333,0.556,13.0,1.0,0.0,4.0,0.0,1.0,0.333,0.2,0.5,3.0,0.5,0.333,2.4,0.4,0.0,0.357,0.0,0.0,2.0,2.0,5.0,0.4,0.357,0.4,5.0,,4.0,0.286,0.0,0.5,0.0,2.0,0.286,4.0,0.5,,2.0,0.5,0.0,2.0,1.0,0.5,0.0,0.143,1.0,1.0,1.0,0.071,0.071,1.0,0.5,0.0,0.214,1.0,0.0,0.143,1.0,0.071,0.0,1.0,0.5,2.0,3.0,0.333,1.0,0.0,0.0,0.0,0.0,0.0,,0.0,1.0,4.0,0.0,0.0,0.667,0.464,0.4,0.5,5.0,7.0,0.0,0.0,0.25,0.0,0.0,1.0,1.0,1.0,0.0,0.0,0.0,0.0,0.0,4.0,0.0,1.0,1.0,0.0,1.0,0.0,4.0,1.0,7.0,0.571,89.0,45.0,0.41,0.506,0.562,-0.056,4.0,0.0,,0.571,,,0.0,0.0,0.0,4.0,0.0,0.0,,0.0,0.25,0.0,0.0,2.0,7.0,0.0,0.5,,,1.0,1.0,0.0,1.0,4.0,0.5,2.0,1.0,0.375,1.0,2014,21300231,20131129.0,2013-14,False,,,,,,,,,,,,,,,,,,,,,,,,,,,,,,,,,,,,,,,,,,,,,,,,,,,,,,,,,
200794,Paul Millsap,1610612737,ATL,29.0,34.65,9,14,0.643,4,5,0.8,1,2,0.5,1,9,10,2,4,1,2,1,4,2,23,-3,0.156,100.1,105.0,0.174,0.281,19.0,73,0.031,0.773,83.69,101.4,101.98,0.5,0.111,100.43,106.9,9.5,-5.6,-4.9,0.239,0.786,0.235,19.2,5.0,0.0,0.043,4.0,47.0,0.043,0.0,40.0,2.0,2.0,1.0,0.4,1.0,0.0,0.4,0.2,0.0,0.0,1.0,0.2,5.0,0.0,0.0,1.0,1.0,2.0,3.0,6.0,67.0,2.0,0.667,0.167,1.79,1.333,3.0,38.0,0.343,1.0,5.0,3.1,18.0,3.0,5.0,0.0,0.435,1.0,1.0,0.2,0.5,23.0,1.0,0.0,5.0,1.0,4.0,0.25,0.444,0.455,5.0,0.5,0.5,3.5,0.667,0.0,0.231,0.0,0.0,2.0,2.0,3.0,0.667,0.231,0.667,3.0,,3.0,0.231,0.0,0.667,0.0,2.0,0.231,3.0,0.667,,2.0,0.667,0.0,3.0,1.0,0.833,1.0,0.231,2.0,1.0,0.5,0.077,0.154,2.0,0.667,1.0,0.308,3.0,0.0,0.0,4.0,0.308,,0.75,1.125,0.0,4.0,0.75,3.0,0.0,0.0,0.0,0.0,0.0,,0.0,1.0,4.0,1.0,2.0,0.667,0.786,0.625,0.0,14.0,1.0,0.0,0.0,0.25,0.0,1.0,3.0,5.0,0.8,0.0,0.0,0.0,0.0,3.0,1.0,0.0,0.0,4.0,0.0,0.0,0.0,4.0,1.0,2.0,0.5,94.0,48.0,0.407,0.511,0.566,-0.055,2.0,0.8,0.0,0.75,0.0,0.0,0.0,5.0,0.0,3.0,0.0,1.0,0.0,0.0,0.5,4.0,1.0,1.0,4.0,1.0,0.0,0.0,0.0,0.0,1.0,0.0,1.0,8.0,0.8,5.0,4.0,0.875,5.0,2014,21300241,20131130.0,2013-14,False,,,,,,,,,,,,,,,,,,,,,,,,,,,,,,,,,,,,,,,,,,,,,,,,,,,,,,,,,
200794,Paul Millsap,1610612737,ATL,29.0,38.31666666666667,6,20,0.3,2,6,0.333,1,1,1.0,4,10,14,3,2,2,1,3,2,2,15,8,0.182,102.2,98.2,0.094,0.323,8.0,80,0.087,0.367,82.47,103.8,98.71,1.5,0.107,98.96,96.2,12.0,7.6,4.0,0.246,0.35,0.242,7.9,8.0,1.0,0.1,9.0,50.0,0.06,1.0,40.0,5.0,1.0,2.0,0.0,0.0,0.0,0.2,0.2,0.0,0.0,1.0,0.2,5.0,0.0,0.0,0.0,1.0,0.0,3.0,8.0,76.0,2.1,0.667,0.25,1.67,0.0,6.0,42.0,0.197,0.92,12.0,4.0,16.0,4.3,2.0,2.0,0.538,2.0,1.0,0.4,0.714,26.0,4.0,0.0,2.0,0.0,8.0,0.4,0.8,0.583,10.0,0.625,0.857,3.2,0.333,0.0,0.176,0.059,1.0,1.0,1.0,4.0,0.25,0.235,0.25,3.0,0.0,2.0,0.118,1.0,0.5,0.059,1.0,0.176,3.0,0.333,0.0,1.0,0.333,0.0,4.0,1.0,0.25,0.0,0.235,1.0,1.0,0.333,0.059,0.176,3.0,0.25,0.0,0.353,2.0,1.0,0.176,3.0,0.176,0.333,0.667,0.667,3.0,6.0,0.5,3.0,1.0,1.0,3.0,0.5,0.333,1.0,1.0,3.0,0.0,0.5,2.0,0.0,0.35,0.25,0.333,5.0,2.0,0.0,0.0,0.0,0.0,0.0,1.0,4.0,0.5,1.0,0.0,0.0,0.0,0.0,4.0,0.0,1.0,2.0,0.0,2.0,0.0,5.0,0.0,8.0,0.5,102.0,54.0,0.413,0.529,0.569,-0.039,3.0,0.0,0.0,0.5,0.0,0.0,0.0,0.0,0.0,4.0,0.0,0.0,0.0,0.0,0.0,0.0,0.0,6.0,8.0,1.0,0.333,0.0,0.0,2.0,0.0,0.0,2.0,8.0,0.2,5.0,1.0,0.313,2.0,2014,21300258,20131202.0,2013-14,False,,,,,,,,,,,,,,,,,,,,,,,,,,,,,,,,,,,,,,,,,,,,,,,,,,,,,,,,,
200794,Paul Millsap,1610612737,ATL,29.0,37.3,12,20,0.6,1,3,0.333,0,2,0.0,1,8,9,6,1,1,3,0,3,1,25,20,0.132,121.4,95.0,0.198,0.211,3.6,73,0.033,0.599,78.82,123.3,95.15,6.0,0.261,94.58,94.6,21.4,28.7,26.4,0.27,0.625,0.268,3.6,13.0,3.0,0.145,18.0,62.0,0.097,0.0,65.0,9.0,0.0,2.0,0.286,1.0,0.143,0.0,0.0,2.0,0.0,0.0,0.571,7.0,0.0,1.0,0.5,4.0,2.0,9.0,5.0,86.0,2.8,0.222,0.8,1.96,0.8,10.0,66.0,0.291,1.05,4.0,6.5,9.0,5.7,5.0,0.0,0.75,0.0,1.0,0.333,0.889,12.0,1.0,0.0,5.0,0.0,3.0,0.333,0.375,0.75,3.0,0.889,0.444,13.2,0.5,0.0,0.2,0.0,0.0,2.0,2.0,4.0,0.5,0.2,0.5,4.0,,6.0,0.3,0.0,0.667,0.0,4.0,0.3,6.0,0.667,,4.0,0.667,0.0,3.0,0.0,1.0,0.0,0.15,3.0,3.0,1.0,0.0,0.15,3.0,1.0,,0.35,1.0,2.0,0.2,3.0,0.15,0.5,0.333,0.5,4.0,7.0,0.429,3.0,1.0,0.0,2.0,0.5,0.5,,0.0,2.0,8.0,0.333,2.0,0.8,0.625,0.375,0.667,7.0,4.0,0.0,0.0,0.571,0.0,0.333,3.0,3.0,0.333,0.0,0.0,0.0,0.0,1.0,6.0,0.0,0.0,1.0,0.0,0.0,0.0,7.0,4.0,7.0,0.857,113.0,64.0,0.423,0.566,0.577,-0.011,6.0,0.0,0.0,0.857,,0.0,0.0,1.0,0.0,6.0,0.0,0.5,0.0,0.0,0.5,0.0,2.0,2.0,7.0,4.0,0.5,,,1.0,3.0,0.0,0.0,8.0,0.333,3.0,1.0,0.438,3.0,2014,21300270,20131204.0,2013-14,False,,,,,,,,,,,,,,,,,,,,,,,,,,,,,,,,,,,,,,,,,,,,,,,,,,,,,,,,,
200794,Paul Millsap,1610612737,ATL,29.0,27.3,7,14,0.5,1,3,0.333,1,3,0.333,7,7,14,5,0,1,0,0,0,2,16,15,0.206,113.0,87.3,0.26,0.189,0.0,56,0.226,0.522,81.32,114.3,99.16,0.0,0.25,97.58,89.1,25.0,25.2,25.7,0.226,0.536,0.221,0.0,10.0,0.0,0.116,12.0,43.0,0.116,0.0,37.0,5.0,0.0,1.0,0.0,0.0,0.0,0.0,0.4,0.0,0.0,2.0,0.4,5.0,0.0,0.0,0.0,2.0,0.0,10.0,8.0,61.0,2.1,0.0,1.0,2.08,0.667,3.0,42.0,0.262,1.3,5.0,5.7,10.0,3.3,5.0,2.0,0.7,2.0,0.429,0.7,0.875,20.0,3.0,4.0,9.0,0.0,2.0,0.7,0.286,0.778,10.0,0.7,0.357,8.0,1.0,0.0,0.143,0.0,0.0,2.0,2.0,2.0,1.0,0.143,1.0,2.0,,5.0,0.357,0.0,0.8,0.0,4.0,0.357,5.0,0.8,,4.0,0.8,0.0,1.0,0.0,0.0,0.0,0.071,0.0,0.0,0.0,0.0,0.071,1.0,0.0,,0.429,1.0,0.0,0.214,3.0,0.214,0.0,0.333,0.25,3.0,6.0,0.167,1.0,1.0,1.0,3.0,0.75,0.5,1.0,1.0,2.0,2.0,0.0,0.0,1.0,0.536,0.0,1.0,0.0,8.0,0.0,1.0,0.0,0.0,0.0,2.0,0.0,0.0,1.0,0.0,0.0,0.0,0.0,6.0,0.0,1.0,0.0,1.0,2.0,1.0,0.0,0.0,9.0,0.667,118.0,65.0,0.423,0.551,0.576,-0.025,0.0,0.0,,0.6,,,1.0,0.0,0.0,6.0,1.0,0.0,,1.0,0.0,0.0,0.0,2.0,10.0,1.0,0.0,,,0.0,0.0,0.0,0.0,4.0,0.0,2.0,0.0,0.0,0.0,2014,21300282,20131206.0,2013-14,False,,,,,,,,,,,,,,,,,,,,,,,,,,,,,,,,,,,,,,,,,,,,,,,,,,,,,,,,,
200794,Paul Millsap,1610612737,ATL,29.0,37.25,5,18,0.278,2,4,0.5,11,12,0.917,2,10,12,3,1,0,1,1,3,7,23,7,0.146,102.4,92.1,0.149,0.25,3.6,79,0.048,0.494,85.37,102.5,102.75,3.0,0.136,102.44,92.5,10.7,10.0,10.3,0.279,0.333,0.284,3.7,3.0,0.0,0.078,8.0,51.0,0.059,1.0,49.0,4.0,0.0,5.0,0.0,0.0,0.0,0.0,0.2,0.0,0.0,2.0,0.3,10.0,0.0,0.0,0.0,3.0,0.0,8.0,12.0,77.0,2.4,0.75,0.75,1.86,0.5,4.0,51.0,0.299,0.95,6.0,4.4,17.0,4.5,6.0,1.0,0.5,2.0,1.0,0.286,0.625,24.0,2.0,0.0,6.0,1.0,4.0,0.333,0.4,0.545,7.0,0.588,0.5,3.6,0.167,0.0,0.353,0.0,0.0,1.0,1.0,6.0,0.167,0.353,0.167,6.0,,5.0,0.294,0.0,0.4,0.0,2.0,0.294,5.0,0.4,,2.0,0.4,0.0,2.0,1.0,0.75,1.0,0.118,1.0,0.0,0.0,0.059,0.059,1.0,0.5,1.0,0.235,1.0,0.0,0.059,3.0,0.176,0.0,0.333,0.375,1.0,4.0,0.25,1.0,0.0,1.0,0.0,0.0,0.0,0.0,0.0,3.0,2.0,0.667,6.0,0.0,0.333,0.5,0.5,6.0,9.0,1.0,,0.0,1.0,0.5,2.0,3.0,0.333,0.0,1.0,0.0,0.0,1.0,2.0,1.0,1.0,1.0,,1.0,,7.0,0.0,5.0,0.4,125.0,69.0,0.424,0.552,0.577,-0.025,2.0,0.5,,0.333,,,0.0,2.0,0.0,2.0,0.0,0.25,,0.0,0.0,1.0,1.0,3.0,6.0,4.0,0.333,,,1.0,0.0,0.0,1.0,4.0,0.667,3.0,2.0,0.75,2.0,2014,21300313,20131210.0,2013-14,False,,,,,,,,,,,,,,,,,,,,,,,,,,,,,,,,,,,,,,,,,,,,,,,,,,,,,,,,,
200794,Paul Millsap,1610612737,ATL,29.0,40.23333333333333,6,17,0.353,0,2,0.0,4,7,0.571,4,7,11,4,1,1,1,0,5,5,16,6,0.118,97.6,86.9,0.083,0.146,4.0,80,0.089,0.398,80.03,96.3,95.83,4.0,0.167,96.04,87.7,16.0,8.6,10.7,0.234,0.353,0.231,4.0,7.0,0.0,0.083,9.0,60.0,0.067,1.0,48.0,5.0,0.0,2.0,0.5,1.0,0.0,0.0,0.25,0.0,0.0,1.0,0.25,4.0,0.0,0.0,0.5,1.0,2.0,8.0,13.0,82.0,2.6,0.125,0.769,1.92,0.0,4.0,51.0,0.195,0.94,5.0,4.3,14.0,5.2,6.0,1.0,0.524,1.0,1.0,0.571,0.538,21.0,4.0,0.0,6.0,0.0,1.0,0.571,0.143,0.55,7.0,0.5,0.455,2.6,0.286,0.0,0.412,0.0,0.0,2.0,2.0,7.0,0.286,0.412,0.286,7.0,,6.0,0.353,0.0,0.667,0.0,4.0,0.353,6.0,0.667,,4.0,0.667,0.0,3.0,1.0,0.0,0.0,0.176,0.0,0.0,0.0,0.059,0.118,2.0,0.0,0.0,0.059,0.0,0.0,0.0,1.0,0.059,,0.0,0.0,0.0,1.0,0.0,0.0,0.0,0.0,0.0,0.0,0.0,,0.0,2.0,0.0,0.0,1.0,0.0,0.353,0.0,0.571,0.0,10.0,0.0,0.0,0.0,0.0,0.0,3.0,2.0,0.0,0.0,0.0,0.0,0.0,0.0,6.0,0.0,0.0,0.0,0.0,0.0,0.0,3.0,0.0,9.0,0.667,135.0,77.0,0.422,0.57,0.583,-0.013,2.0,0.0,,0.667,,,0.0,0.0,0.0,6.0,0.0,0.0,,0.0,0.0,0.0,0.0,2.0,9.0,2.0,0.0,,,0.0,0.0,0.0,2.0,4.0,0.0,2.0,0.0,0.0,0.0,2014,21300332,20131213.0,2013-14,False,,,,,,,,,,,,,,,,,,,,,,,,,,,,,,,,,,,,,,,,,,,,,,,,,,,,,,,,,
200794,Paul Millsap,1610612737,ATL,29.0,34.1,7,9,0.778,1,2,0.5,3,3,1.0,1,7,8,1,9,4,0,0,6,5,18,-20,0.182,100.6,131.6,0.108,0.25,45.0,63,0.063,0.872,74.49,101.6,89.72,0.11,0.053,89.38,131.3,5.0,-29.7,-31.0,0.294,0.833,0.292,44.3,5.0,0.0,0.024,2.0,41.0,0.024,0.0,37.0,1.0,1.0,1.0,1.0,1.0,0.0,0.5,0.0,0.0,0.0,0.0,0.0,2.0,0.0,0.0,1.0,0.0,2.0,9.0,4.0,64.0,2.6,0.444,0.5,2.43,1.0,7.0,36.0,0.281,1.33,1.0,4.6,10.0,3.0,6.0,0.0,0.727,0.0,0.0,1.0,0.7,11.0,0.0,1.0,7.0,0.0,1.0,1.0,0.143,0.727,1.0,0.7,0.125,15.8,1.0,0.0,0.333,0.0,0.0,3.0,3.0,3.0,1.0,0.333,1.0,3.0,,1.0,0.111,0.0,1.0,0.0,1.0,0.111,1.0,1.0,,1.0,1.0,0.0,3.0,0.0,0.667,0.0,0.333,2.0,2.0,0.667,0.0,0.333,3.0,0.667,,0.222,1.0,0.0,0.0,2.0,0.222,,0.5,0.75,0.0,2.0,0.5,1.0,2.0,0.0,4.0,1.0,1.0,,0.0,2.0,7.0,1.0,4.0,1.0,0.833,0.333,0.0,3.0,2.0,0.0,,0.667,0.0,1.0,1.0,1.0,1.0,0.0,0.0,0.0,0.0,1.0,3.0,0.0,1.0,1.0,,1.0,,3.0,2.0,3.0,1.0,143.0,82.0,0.418,0.573,0.583,-0.01,1.0,0.0,,1.0,0.0,,0.0,0.0,1.0,3.0,0.0,1.0,,0.0,0.0,0.0,1.0,2.0,3.0,1.0,0.5,0.0,0.0,1.0,0.0,2.0,2.0,3.0,0.5,2.0,1.0,0.5,1.0,2014,21300345,20131214.0,2013-14,False,,,,,,,,,,,,,,,,,,,,,,,,,,,,,,,,,,,,,,,,,,,,,,,,,,,,,,,,,
200794,Paul Millsap,1610612737,ATL,29.0,33.05166666666667,6,13,0.462,2,4,0.5,4,5,0.8,3,6,9,2,2,4,1,0,3,4,18,6,0.132,114.9,105.3,0.139,0.194,10.5,65,0.081,0.592,78.06,113.8,93.67,1.0,0.083,93.67,106.3,10.5,7.6,9.6,0.225,0.538,0.221,10.4,4.0,0.0,0.077,5.0,39.0,0.051,1.0,28.0,3.0,0.0,1.0,1.5,1.0,0.5,0.0,0.0,2.0,1.0,0.0,0.0,2.0,0.5,1.0,1.0,0.0,3.0,4.0,4.0,56.0,1.8,0.5,0.5,1.93,1.25,4.0,28.0,0.321,1.05,7.0,5.0,8.0,4.6,2.0,2.0,0.643,2.0,1.0,0.5,1.0,14.0,3.0,0.0,2.0,0.0,4.0,0.5,0.667,0.75,6.0,0.75,0.778,5.7,0.667,0.0,0.231,0.0,0.0,2.0,2.0,3.0,0.667,0.231,0.667,3.0,,3.0,0.231,0.0,0.0,0.0,0.0,0.231,3.0,0.0,,0.0,0.0,0.0,2.0,1.0,0.5,0.0,0.154,1.0,1.0,1.0,0.077,0.077,1.0,0.5,0.0,0.385,2.0,1.0,0.154,3.0,0.231,0.5,0.667,0.8,2.0,5.0,0.6,3.0,0.0,0.0,0.0,0.0,0.0,,0.0,1.0,5.0,1.0,2.0,1.0,0.538,0.333,0.5,6.0,2.0,0.5,0.0,0.0,0.0,0.333,3.0,2.0,0.5,1.0,1.0,1.0,1.0,1.0,3.0,0.0,1.0,1.0,0.0,2.0,0.0,2.0,0.0,4.0,0.75,152.0,90.0,0.427,0.592,0.587,0.005,2.0,1.0,,0.75,,,0.0,1.0,0.5,3.0,0.0,0.0,,0.0,0.0,1.0,0.0,3.0,4.0,1.0,0.333,,,1.0,0.0,1.0,2.0,6.0,0.5,4.0,2.0,0.5,2.0,2014,21300357,20131216.0,2013-14,False,,,,,,,,,,,,,,,,,,,,,,,,,,,,,,,,,,,,,,,,,,,,,,,,,,,,,,,,,
200794,Paul Millsap,1610612737,ATL,29.0,28.816666666666663,4,10,0.4,3,4,0.75,3,4,0.75,3,5,8,4,3,1,1,1,1,6,14,-5,0.157,112.8,116.4,0.113,0.179,15.8,62,0.13,0.595,85.37,109.7,102.44,1.33,0.19,102.44,119.7,21.1,-10.0,-3.6,0.226,0.55,0.221,16.0,5.0,0.0,0.087,10.0,46.0,0.087,0.0,34.0,4.0,0.0,1.0,0.0,0.0,0.0,0.0,0.25,0.0,0.0,1.0,0.5,4.0,0.0,0.0,0.0,2.0,0.0,3.0,4.0,62.0,1.9,0.0,0.5,1.83,0.4,5.0,35.0,0.226,0.87,3.0,4.3,11.0,3.3,2.0,2.0,0.533,2.0,0.0,0.75,0.556,15.0,0.0,2.0,4.0,0.0,3.0,0.75,0.6,0.615,4.0,0.455,0.375,6.9,0.25,0.0,0.444,0.0,0.0,1.0,1.0,4.0,0.25,0.444,0.25,4.0,,1.0,0.111,0.0,0.0,0.0,0.0,0.111,1.0,0.0,,0.0,0.0,0.0,2.0,2.0,0.75,1.0,0.222,1.0,0.0,,0.222,0.0,0.0,0.5,0.5,0.222,2.0,0.0,0.0,2.0,0.222,,1.0,1.5,0.0,2.0,1.0,2.0,1.0,0.0,2.0,1.0,1.0,,0.0,1.0,2.0,0.0,0.0,0.5,0.55,0.75,0.0,9.0,2.0,0.667,0.0,1.0,0.5,0.0,2.0,1.0,1.0,1.0,2.0,1.0,1.0,0.0,0.0,1.0,2.0,1.0,0.0,3.0,0.0,1.0,1.0,3.0,0.0,156.0,91.0,0.43,0.583,0.587,-0.003,0.0,0.0,,0.0,,,0.0,0.0,1.0,0.0,0.0,0.0,,0.0,0.0,0.0,0.0,4.0,4.0,1.0,0.75,,,3.0,0.0,1.0,1.0,4.0,0.75,4.0,3.0,1.125,3.0,2014,21300372,20131218.0,2013-14,False,,,,,,,,,,,,,,,,,,,,,,,,,,,,,,,,,,,,,,,,,,,,,,,,,,,,,,,,,
200794,Paul Millsap,1610612737,ATL,29.0,26.83333333333333,4,10,0.4,0,3,0.0,6,8,0.75,3,7,10,3,1,1,1,1,1,5,14,23,0.161,121.7,80.5,0.172,0.2,5.6,55,0.111,0.518,80.5,121.8,98.1,3.0,0.143,96.6,83.0,16.7,38.8,41.2,0.234,0.4,0.238,5.7,5.0,0.0,0.125,6.0,24.0,0.125,0.0,23.0,3.0,0.0,1.0,1.5,1.0,0.75,0.0,0.0,6.0,4.0,0.0,0.0,4.0,0.667,3.0,1.0,0.0,6.0,7.0,9.0,42.0,1.4,0.286,0.444,1.97,0.0,2.0,25.0,0.333,1.02,4.0,8.3,11.0,5.7,3.0,0.0,0.714,0.0,0.0,1.0,0.636,14.0,0.0,2.0,5.0,0.0,4.0,1.0,0.571,0.714,3.0,0.636,0.4,17.4,,,,,,,,,,,,,,2.0,0.222,0.0,0.5,0.0,1.0,0.222,2.0,0.5,,1.0,0.5,0.0,2.0,0.0,0.5,0.0,0.222,1.0,1.0,0.5,0.0,0.222,2.0,0.5,,0.556,0.0,2.0,0.222,3.0,0.333,1.0,0.0,0.4,2.0,5.0,0.4,2.0,0.0,1.0,0.0,0.0,0.0,0.0,0.0,2.0,0.0,0.5,2.0,0.0,0.4,0.0,0.5,0.0,4.0,0.0,,0.0,0.0,1.0,1.0,3.0,0.0,0.0,0.0,0.0,0.0,1.0,3.0,0.0,0.0,0.0,,0.0,,1.0,0.0,5.0,0.6,165.0,95.0,0.438,0.576,0.588,-0.012,1.0,0.0,1.0,0.6,,0.0,0.0,1.0,0.0,3.0,0.0,1.0,0.0,0.0,0.0,0.0,1.0,1.0,5.0,1.0,0.0,,,0.0,0.0,0.0,0.0,2.0,0.0,2.0,0.0,0.0,0.0,2014,21300384,20131220.0,2013-14,False,,,,,,,,,,,,,,,,,,,,,,,,,,,,,,,,,,,,,,,,,,,,,,,,,,,,,,,,,
200794,Paul Millsap,1610612737,ATL,29.0,41.88,9,20,0.45,7,10,0.7,0,0,0.0,3,7,10,2,3,0,1,0,6,2,25,-2,0.127,111.7,117.1,0.104,0.184,12.0,83,0.073,0.625,78.8,113.3,95.22,0.67,0.077,94.56,117.1,8.0,-3.8,-5.4,0.237,0.625,0.232,12.0,4.0,0.0,0.083,5.0,36.0,0.056,1.0,41.0,3.0,0.0,4.0,0.5,1.0,0.0,0.0,0.0,0.0,0.0,0.0,0.0,4.0,0.0,0.0,0.25,0.0,2.0,1.0,4.0,61.0,1.9,0.0,0.5,1.86,0.333,6.0,41.0,0.41,0.9,2.0,6.9,13.0,4.4,5.0,1.0,0.476,2.0,0.333,0.375,0.583,21.0,1.0,2.0,7.0,1.0,1.0,0.429,0.143,0.526,8.0,0.538,0.2,11.8,0.2,0.0,0.25,0.0,0.0,1.0,1.0,5.0,0.2,0.25,0.2,5.0,,5.0,0.25,0.0,0.2,0.0,1.0,0.25,5.0,0.2,,1.0,0.2,0.0,2.0,2.0,0.75,1.0,0.1,1.0,0.0,,0.1,0.0,0.0,0.5,0.5,0.4,6.0,0.0,0.0,8.0,0.4,,0.75,1.125,0.0,8.0,0.75,6.0,0.0,0.0,0.0,0.0,0.0,,0.0,1.0,2.0,0.0,0.0,0.25,0.625,0.7,0.333,21.0,2.0,0.75,0.0,0.0,1.0,0.4,5.0,6.0,0.667,3.0,3.0,2.0,0.667,2.0,0.0,1.0,1.0,4.0,0.0,4.0,0.0,1.0,0.0,4.0,0.0,171.0,99.0,0.434,0.579,0.594,-0.015,1.0,0.8,,0.2,,,0.0,5.0,0.0,1.0,0.0,0.25,,0.0,0.0,4.0,1.0,5.0,5.0,4.0,0.6,,,3.0,0.0,0.0,0.0,10.0,0.7,10.0,7.0,1.05,7.0,2014,21300411,20131223.0,2013-14,False,,,,,,,,,,,,,,,,,,,,,,,,,,,,,,,,,,,,,,,,,,,,,,,,,,,,,,,,,
200794,Paul Millsap,1610612737,ATL,29.0,47.85,9,17,0.529,2,4,0.5,0,0,0.0,2,9,11,3,6,2,2,2,4,3,20,-7,0.139,103.1,110.3,0.094,0.225,23.1,97,0.051,0.588,82.34,107.2,101.08,0.5,0.086,98.81,111.0,11.5,-3.8,-7.1,0.215,0.588,0.215,23.1,4.0,0.0,0.042,7.0,72.0,0.042,0.0,56.0,3.0,2.0,8.0,0.8,4.0,0.0,0.2,0.0,0.0,0.0,0.0,0.0,10.0,0.0,0.0,0.5,0.0,8.0,4.0,3.0,97.0,3.2,0.5,0.667,1.96,0.0,4.0,53.0,0.206,0.85,7.0,5.3,16.0,5.4,4.0,1.0,0.5,1.0,1.0,0.333,0.6,22.0,2.0,0.0,4.0,0.0,5.0,0.333,0.556,0.524,6.0,0.563,0.636,5.2,0.6,0.0,0.333,0.0,0.0,3.0,3.0,5.0,0.6,0.333,0.6,5.0,,3.0,0.2,1.0,0.667,0.067,2.0,0.267,4.0,0.5,0.0,2.0,0.5,0.0,2.0,0.0,0.5,0.0,0.133,1.0,1.0,0.5,0.0,0.133,2.0,0.5,,0.267,2.0,1.0,0.067,3.0,0.2,1.0,0.667,1.0,1.0,4.0,0.75,3.0,0.0,0.0,0.0,,,,0.0,0.0,0.0,0.5,2.0,0.0,0.588,0.5,1.0,8.0,2.0,0.0,0.0,0.333,0.0,0.75,4.0,4.0,0.5,0.0,0.0,0.0,0.0,3.0,3.0,0.0,0.0,2.0,0.0,0.0,0.0,3.0,1.0,6.0,0.5,179.0,105.0,0.436,0.587,0.593,-0.006,0.0,0.5,,0.429,0.0,,0.0,4.0,0.5,3.0,0.0,1.0,,0.0,0.0,2.0,3.0,1.0,7.0,3.0,0.0,0.0,0.0,0.0,0.0,1.0,2.0,6.0,0.5,4.0,2.0,0.667,3.0,2014,21300423,20131226.0,2013-14,False,,,,,,,,,,,,,,,,,,,,,,,,,,,,,,,,,,,,,,,,,,,,,,,,,,,,,,,,,
200794,Paul Millsap,1610612737,ATL,29.0,39.6,10,18,0.556,1,3,0.333,12,14,0.857,2,11,13,2,2,1,2,0,2,14,33,13,0.146,111.8,98.7,0.236,0.22,7.1,83,0.051,0.683,83.33,112.0,99.54,1.0,0.111,100.0,97.6,7.1,14.5,13.1,0.297,0.583,0.289,7.1,3.0,0.0,0.043,6.0,47.0,0.043,0.0,48.0,2.0,1.0,7.0,0.643,4.0,0.071,0.071,0.071,2.0,1.0,1.0,0.143,14.0,0.5,1.0,0.571,2.0,9.0,7.0,6.0,80.0,2.6,0.286,1.5,1.95,1.0,2.0,50.0,0.413,0.98,3.0,5.3,18.0,4.2,8.0,1.0,0.619,1.0,0.5,0.667,0.647,21.0,1.0,1.0,9.0,0.0,2.0,0.667,0.182,0.65,3.0,0.611,0.231,10.7,0.667,0.0,0.167,0.0,0.0,2.0,2.0,3.0,0.667,0.167,0.667,3.0,,8.0,0.444,0.0,0.625,0.0,5.0,0.444,8.0,0.625,,5.0,0.625,0.0,4.0,0.0,0.5,0.0,0.222,2.0,2.0,0.5,0.0,0.222,4.0,0.5,,0.167,1.0,0.0,0.0,3.0,0.167,,0.333,0.5,0.0,3.0,0.333,1.0,1.0,0.0,2.0,1.0,1.0,,0.0,1.0,2.0,0.0,2.0,1.0,0.583,0.2,0.75,3.0,9.0,0.0,0.0,0.333,0.0,0.0,2.0,3.0,0.333,0.0,0.0,0.0,0.0,0.0,8.0,0.0,0.0,1.0,0.0,0.0,0.0,3.0,1.0,10.0,0.8,189.0,110.0,0.433,0.582,0.594,-0.012,2.0,0.0,0.0,0.727,,0.0,0.0,0.0,0.5,8.0,0.0,0.0,0.0,0.0,0.0,0.0,0.0,3.0,11.0,0.0,0.333,,,1.0,0.0,1.0,2.0,5.0,0.333,3.0,1.0,0.3,1.0,2014,21300440,20131228.0,2013-14,False,,,,,,,,,,,,,,,,,,,,,,,,,,,,,,,,,,,,,,,,,,,,,,,,,,,,,,,,,
200794,Paul Millsap,1610612737,ATL,29.0,36.145,4,14,0.286,1,6,0.167,8,10,0.8,2,5,7,2,4,2,2,0,4,8,17,-3,0.119,105.3,110.6,0.058,0.208,16.0,75,0.057,0.462,82.45,104.0,97.79,0.5,0.087,98.93,109.5,8.0,-5.5,-5.2,0.287,0.321,0.284,16.4,4.0,0.0,0.065,6.0,46.0,0.043,1.0,45.0,3.0,1.0,2.0,0.25,0.0,0.125,0.125,0.125,2.0,2.0,1.0,0.375,8.0,1.0,1.0,0.0,3.0,2.0,5.0,8.0,69.0,2.4,0.0,0.875,2.07,0.5,4.0,48.0,0.246,1.01,2.0,6.2,9.0,5.2,3.0,2.0,0.438,2.0,0.0,0.286,0.714,16.0,0.0,2.0,5.0,0.0,2.0,0.286,0.4,0.5,7.0,0.556,0.286,8.7,0.0,0.0,0.071,0.0,0.0,0.0,0.0,1.0,0.0,0.071,0.0,1.0,,4.0,0.286,0.0,0.25,0.0,1.0,0.286,4.0,0.25,,1.0,0.25,0.0,5.0,2.0,0.4,0.0,0.357,2.0,2.0,0.667,0.143,0.214,3.0,0.4,0.0,0.286,1.0,0.0,0.0,4.0,0.286,,0.25,0.375,0.0,4.0,0.25,1.0,0.0,0.0,0.0,0.0,0.0,,0.0,2.0,2.0,0.0,0.0,0.0,0.321,0.286,1.0,5.0,7.0,0.0,0.0,0.333,0.0,0.0,1.0,5.0,0.2,0.0,0.0,0.0,0.0,0.0,2.0,0.0,1.0,1.0,0.0,1.0,0.0,3.0,1.0,4.0,0.5,194.0,113.0,0.433,0.582,0.594,-0.011,1.0,0.0,0.0,0.5,,0.0,0.0,2.0,0.0,2.0,0.0,0.5,0.0,0.0,0.0,0.0,1.0,4.0,4.0,2.0,0.25,,,1.0,0.0,0.0,1.0,7.0,0.167,6.0,1.0,0.357,2.0,2014,21300449,20131229.0,2013-14,False,,,,,,,,,,,,,,,,,,,,,,,,,,,,,,,,,,,,,,,,,,,,,,,,,,,,,,,,,
200794,Paul Millsap,1610612737,ATL,29.0,39.18333333333333,12,19,0.632,0,1,0.0,10,14,0.714,5,10,15,2,4,2,2,1,2,11,34,18,0.163,99.3,78.3,0.291,0.217,12.5,81,0.109,0.676,82.18,101.2,100.62,0.5,0.118,98.61,80.0,6.3,21.2,21.0,0.308,0.632,0.313,12.8,4.0,0.0,0.054,4.0,37.0,0.054,0.0,45.0,2.0,0.0,3.0,1.286,2.0,0.571,0.0,0.0,8.0,5.0,0.0,0.0,7.0,0.625,4.0,0.667,0.0,9.0,8.0,14.0,72.0,3.0,0.75,1.0,2.46,0.75,12.0,47.0,0.472,1.92,6.0,4.3,17.0,4.4,6.0,2.0,0.517,2.0,0.4,0.417,0.667,29.0,2.0,2.0,8.0,0.0,4.0,0.417,0.4,0.556,12.0,0.588,0.4,4.1,0.5,0.0,0.222,0.0,0.0,2.0,2.0,4.0,0.5,0.222,0.5,4.0,,7.0,0.389,0.0,0.857,0.0,6.0,0.389,7.0,0.857,,6.0,0.857,0.0,5.0,0.0,0.6,0.0,0.278,3.0,3.0,0.6,0.0,0.278,5.0,0.6,,0.111,0.0,1.0,0.056,1.0,0.056,1.0,0.0,0.5,1.0,2.0,0.5,1.0,3.0,0.0,6.0,0.75,0.75,,0.0,4.0,9.0,0.75,6.0,0.75,0.632,0.0,0.625,0.0,14.0,0.0,0.0,0.8,0.0,0.6,5.0,1.0,0.0,0.0,0.0,0.0,0.0,3.0,5.0,0.0,0.0,0.0,0.0,0.0,0.0,5.0,4.0,8.0,0.625,200.0,115.0,0.432,0.575,0.594,-0.019,1.0,0.0,0.0,0.667,,0.0,0.0,0.0,0.667,6.0,0.0,0.6,0.0,0.0,1.0,0.0,3.0,1.0,9.0,5.0,0.0,,,0.0,1.0,2.0,3.0,2.0,0.0,1.0,0.0,0.0,0.0,2014,21300460,20131231.0,2013-14,False,,,,,,,,,,,,,,,,,,,,,,,,,,,,,,,,,,,,,,,,,,,,,,,,,,,,,,,,,
200794,Paul Millsap,1610612737,ATL,29.0,33.65,3,14,0.214,0,3,0.0,6,6,1.0,3,8,11,2,4,2,2,2,2,7,12,-6,0.155,89.7,92.9,0.076,0.211,17.4,75,0.091,0.361,87.96,88.0,107.75,0.5,0.1,105.56,98.6,8.7,-10.6,-3.3,0.266,0.214,0.259,17.7,3.0,0.0,0.049,4.0,41.0,0.049,0.0,43.0,2.0,0.0,1.0,0.0,0.0,0.0,0.0,0.0,0.0,0.0,0.0,0.667,3.0,0.0,0.0,0.0,2.0,0.0,6.0,5.0,66.0,2.9,0.333,0.0,2.65,0.545,11.0,43.0,0.182,1.59,5.0,4.2,14.0,3.8,4.0,2.0,0.611,2.0,0.667,0.75,0.667,18.0,2.0,1.0,5.0,0.0,3.0,0.75,0.375,0.688,4.0,0.571,0.455,5.1,1.0,0.0,0.167,0.0,0.0,2.0,2.0,2.0,1.0,0.167,1.0,2.0,,5.0,0.417,0.0,0.2,0.0,1.0,0.417,5.0,0.2,,1.0,0.2,0.0,4.0,2.0,0.0,0.0,0.333,0.0,0.0,0.0,0.167,0.167,2.0,0.0,0.0,0.083,0.0,0.0,0.0,1.0,0.083,,0.0,0.0,0.0,1.0,0.0,0.0,0.0,0.0,0.0,0.0,0.0,,0.0,2.0,6.0,0.333,2.0,0.25,0.214,0.0,0.0,0.0,0.0,0.0,0.0,0.0,0.0,0.5,2.0,3.0,0.0,0.0,0.0,0.0,0.0,1.0,2.0,0.0,0.0,0.0,0.0,0.0,0.0,5.0,0.0,4.0,0.5,203.0,116.0,0.426,0.571,0.594,-0.023,2.0,0.0,,0.5,,,0.0,2.0,0.0,2.0,0.0,0.5,,0.0,0.0,0.0,1.0,2.0,4.0,2.0,0.0,,,0.0,0.0,0.0,2.0,5.0,0.0,3.0,0.0,0.0,0.0,2014,21300483,20140103.0,2013-14,False,,,,,,,,,,,,,,,,,,,,,,,,,,,,,,,,,,,,,,,,,,,,,,,,,,,,,,,,,
200794,Paul Millsap,1610612737,ATL,29.0,30.866666666666667,5,18,0.278,0,3,0.0,6,6,1.0,6,6,12,1,2,1,2,6,2,5,16,-7,0.182,90.6,107.2,0.12,0.188,8.3,58,0.176,0.388,74.51,89.7,87.43,0.5,0.071,89.42,103.5,4.2,-13.9,-16.6,0.336,0.278,0.333,8.5,7.0,1.0,0.054,3.0,37.0,0.027,0.0,38.0,2.0,0.0,6.0,1.0,2.0,0.25,0.0,0.0,4.0,4.0,0.0,0.0,8.0,1.0,2.0,0.333,0.0,8.0,5.0,9.0,62.0,2.6,0.4,0.222,2.5,0.4,5.0,41.0,0.258,1.5,4.0,6.6,13.0,3.2,4.0,3.0,0.444,5.0,0.333,0.429,0.6,27.0,2.0,4.0,8.0,2.0,2.0,0.5,0.333,0.545,14.0,0.462,0.333,10.0,1.0,0.0,0.167,0.0,0.0,2.0,2.0,2.0,1.0,0.167,1.0,2.0,,6.0,0.5,0.0,0.333,0.0,2.0,0.5,6.0,0.333,,2.0,0.333,0.0,2.0,1.0,0.5,0.0,0.167,1.0,1.0,1.0,0.083,0.083,1.0,0.5,0.0,0.167,0.0,0.0,0.0,2.0,0.167,,0.0,0.0,0.0,2.0,0.0,0.0,1.0,1.0,2.0,0.5,0.5,0.0,0.0,2.0,2.0,1.0,2.0,0.25,0.278,0.0,0.0,0.0,2.0,0.0,0.0,0.5,0.0,0.375,8.0,3.0,0.0,0.0,0.0,0.0,0.0,3.0,1.0,0.0,0.0,0.0,0.0,0.0,0.0,2.0,1.0,5.0,0.2,212.0,119.0,0.429,0.561,0.593,-0.032,0.0,0.0,,0.143,,,0.0,2.0,0.0,1.0,0.0,0.571,,0.0,0.0,0.0,4.0,1.0,7.0,7.0,0.0,,,0.0,0.0,0.0,1.0,2.0,0.0,2.0,0.0,0.0,0.0,2014,21300492,20140104.0,2013-14,False,,,,,,,,,,,,,,,,,,,,,,,,,,,,,,,,,,,,,,,,,,,,,,,,,,,,,,,,,
200794,Paul Millsap,1610612737,ATL,29.0,34.85,4,12,0.333,2,3,0.667,6,6,1.0,2,2,4,5,4,1,0,3,2,8,16,-12,0.056,89.1,108.4,0.122,0.054,16.7,65,0.059,0.546,75.18,90.8,90.71,1.25,0.385,90.22,107.6,20.8,-16.8,-19.4,0.251,0.417,0.253,16.9,8.0,1.0,0.14,13.0,43.0,0.116,0.0,50.0,6.0,2.0,1.0,0.333,0.0,0.167,0.333,0.333,2.0,2.0,2.0,0.0,6.0,1.0,1.0,0.0,0.0,2.0,5.0,5.0,63.0,2.4,0.4,0.0,2.24,0.0,7.0,50.0,0.254,1.24,2.0,4.3,10.0,5.0,2.0,1.0,0.235,1.0,1.0,0.286,0.222,17.0,2.0,0.0,2.0,0.0,0.0,0.286,0.0,0.25,7.0,0.2,0.5,3.7,0.0,0.0,0.111,0.0,0.0,0.0,0.0,1.0,0.0,0.111,0.0,1.0,,3.0,0.333,0.0,0.333,0.0,1.0,0.333,3.0,0.333,,1.0,0.333,0.0,3.0,1.0,0.833,1.0,0.333,2.0,1.0,0.5,0.111,0.222,2.0,0.667,1.0,0.222,1.0,0.0,0.0,2.0,0.222,,0.5,0.75,0.0,2.0,0.5,1.0,0.0,0.0,0.0,,,,0.0,0.0,0.0,0.0,2.0,0.0,0.417,0.667,0.0,10.0,0.0,0.0,0.0,0.667,0.0,0.0,3.0,3.0,0.667,0.0,0.0,0.0,0.0,0.0,0.0,0.0,0.0,2.0,0.0,0.0,0.0,3.0,2.0,3.0,0.0,218.0,123.0,0.425,0.564,0.593,-0.029,2.0,0.667,0.0,0.0,,0.0,0.0,3.0,1.0,0.0,0.0,0.0,0.0,0.0,0.5,2.0,0.0,0.0,4.0,2.0,0.0,,,0.0,1.0,1.0,1.0,6.0,0.667,3.0,2.0,0.833,4.0,2014,21300506,20140106.0,2013-14,False,,,,,,,,,,,,,,,,,,,,,,,,,,,,,,,,,,,,,,,,,,,,,,,,,,,,,,,,,
200794,Paul Millsap,1610612737,ATL,29.0,32.86666666666667,1,10,0.1,0,1,0.0,2,2,1.0,0,6,6,5,0,1,1,2,1,2,4,8,0.082,104.8,80.4,0.069,0.14,0.0,61,0.0,0.184,74.85,101.6,92.27,0.0,0.238,89.82,87.1,31.3,14.5,24.4,0.172,0.1,0.169,0.0,10.0,0.0,0.139,13.0,36.0,0.139,0.0,34.0,5.0,0.0,2.0,0.5,1.0,0.0,0.0,0.0,0.0,0.0,0.0,0.5,4.0,0.0,0.0,0.5,2.0,2.0,4.0,1.0,50.0,1.6,0.0,0.0,1.88,0.0,3.0,33.0,0.08,1.0,4.0,4.1,14.0,4.1,3.0,2.0,0.375,2.0,0.0,0.0,0.5,16.0,1.0,0.0,3.0,0.0,3.0,0.0,0.5,0.429,2.0,0.429,0.667,0.0,0.5,0.0,0.25,0.0,0.0,1.0,1.0,2.0,0.5,0.25,0.5,2.0,,1.0,0.125,0.0,0.0,0.0,0.0,0.125,1.0,0.0,,0.0,0.0,0.0,3.0,0.0,0.0,0.0,0.375,0.0,0.0,0.0,0.0,0.375,3.0,0.0,,0.25,0.0,0.0,0.125,1.0,0.125,0.0,0.0,0.0,1.0,2.0,0.0,0.0,0.0,0.0,0.0,0.0,0.0,,0.0,1.0,0.0,0.0,0.0,0.0,0.1,0.0,0.0,0.0,0.0,0.0,0.0,0.0,0.0,0.0,1.0,1.0,0.0,0.0,0.0,0.0,0.0,0.0,1.0,0.0,0.0,0.0,0.0,0.0,0.0,4.0,0.0,4.0,0.25,223.0,126.0,0.423,0.565,0.592,-0.027,4.0,0.0,0.0,0.25,0.0,0.0,0.0,0.0,0.0,1.0,0.0,0.0,0.0,0.0,0.0,0.0,0.0,1.0,4.0,1.0,0.0,0.0,0.0,0.0,0.0,0.0,0.0,4.0,0.0,1.0,0.0,0.0,0.0,2014,21300522,20140108.0,2013-14,False,,,,,,,,,,,,,,,,,,,,,,,,,,,,,,,,,,,,,,,,,,,,,,,,,,,,,,,,,
200794,Paul Millsap,1610612737,ATL,29.0,32.0,8,18,0.444,2,6,0.333,2,3,0.667,4,3,7,5,3,1,1,1,3,3,20,1,0.103,90.1,93.0,0.21,0.103,11.1,58,0.103,0.518,72.5,91.4,86.07,1.67,0.5,87.0,89.7,18.5,1.7,-2.9,0.32,0.5,0.31,11.0,10.0,0.0,0.125,12.0,40.0,0.125,0.0,45.0,5.0,1.0,2.0,0.333,1.0,0.0,0.167,0.333,0.0,0.0,2.0,0.167,6.0,0.0,0.0,0.5,1.0,2.0,5.0,8.0,63.0,1.9,0.0,0.75,1.8,0.0,4.0,48.0,0.317,0.81,2.0,7.5,8.0,5.6,2.0,1.0,0.389,1.0,0.25,0.4,0.429,18.0,1.0,3.0,5.0,0.0,1.0,0.4,0.333,0.412,10.0,0.375,0.286,8.9,0.5,0.0,0.235,0.059,1.0,2.0,2.0,5.0,0.4,0.294,0.4,4.0,0.0,4.0,0.235,0.0,0.75,0.0,3.0,0.235,4.0,0.75,,3.0,0.75,0.0,3.0,1.0,0.333,0.0,0.176,1.0,1.0,0.5,0.059,0.118,2.0,0.333,0.0,0.294,2.0,0.0,0.059,4.0,0.235,0.0,0.5,0.6,1.0,5.0,0.4,2.0,1.0,0.0,2.0,0.5,0.5,,0.0,2.0,0.0,0.0,0.0,0.0,0.5,0.25,0.6,6.0,6.0,0.0,0.0,0.0,0.0,1.0,2.0,4.0,0.5,1.0,0.0,0.0,0.0,2.0,4.0,0.0,1.0,2.0,0.0,2.0,0.0,3.0,0.0,7.0,0.571,229.0,127.0,0.422,0.555,0.593,-0.038,3.0,0.5,1.0,0.571,0.0,0.0,0.0,2.0,1.0,4.0,0.0,1.0,0.0,0.0,0.0,1.0,1.0,3.0,7.0,1.0,0.333,0.0,0.0,1.0,0.0,1.0,1.0,7.0,0.333,6.0,2.0,0.429,2.0,2014,21300533,20140110.0,2013-14,False,,,,,,,,,,,,,,,,,,,,,,,,,,,,,,,,,,,,,,,,,,,,,,,,,,,,,,,,,
200794,Paul Millsap,1610612737,ATL,29.0,35.53333333333333,7,14,0.5,1,3,0.333,6,8,0.75,2,4,6,6,2,3,0,2,5,7,21,-17,0.1,105.3,126.4,0.12,0.143,7.7,71,0.063,0.599,81.05,105.6,97.29,3.0,0.3,97.26,126.0,23.1,-20.4,-21.1,0.249,0.536,0.25,7.8,11.0,1.0,0.115,16.0,61.0,0.098,0.0,57.0,7.0,0.0,2.0,1.0,1.0,0.333,0.0,0.0,2.0,1.0,0.0,0.0,3.0,0.5,1.0,0.5,0.0,3.0,7.0,12.0,86.0,2.5,0.714,1.0,1.73,0.6,10.0,58.0,0.244,0.84,3.0,7.9,8.0,6.3,2.0,1.0,0.353,1.0,0.5,0.222,0.571,17.0,1.0,1.0,3.0,0.0,2.0,0.222,0.5,0.375,9.0,0.5,0.5,11.1,1.0,0.0,0.167,0.0,0.0,2.0,2.0,2.0,1.0,0.167,1.0,2.0,,4.0,0.333,0.0,0.5,0.0,2.0,0.333,4.0,0.5,,2.0,0.5,0.0,3.0,1.0,1.167,1.0,0.25,3.0,2.0,1.0,0.083,0.167,2.0,1.0,1.0,0.25,0.0,0.0,0.083,2.0,0.167,0.0,0.0,0.0,1.0,3.0,0.0,0.0,2.0,0.0,4.0,0.667,0.667,,0.0,3.0,6.0,1.0,5.0,0.5,0.536,0.4,0.8,5.0,12.0,0.0,0.0,0.333,0.0,0.75,4.0,2.0,0.5,1.0,0.0,0.0,0.0,3.0,2.0,0.0,0.0,1.0,0.0,1.0,0.0,3.0,1.0,4.0,0.5,239.0,136.0,0.428,0.569,0.592,-0.023,1.0,0.5,0.0,0.6,,0.0,0.0,2.0,0.5,3.0,0.0,0.667,0.0,0.0,0.0,1.0,2.0,1.0,5.0,3.0,0.0,,,0.0,0.0,1.0,2.0,5.0,0.333,3.0,1.0,0.5,2.0,2014,21300553,20140112.0,2013-14,False,,,,,,,,,,,,,,,,,,,,,,,,,,,,,,,,,,,,,,,,,,,,,,,,,,,,,,,,,
200794,Paul Millsap,1610612737,ATL,29.0,29.05,5,14,0.357,0,2,0.0,3,3,1.0,2,1,3,1,2,3,1,1,1,3,13,-21,0.058,95.9,123.9,0.059,0.043,11.1,60,0.069,0.424,82.62,96.7,102.64,0.5,0.071,99.14,131.7,5.6,-35.0,-28.0,0.273,0.357,0.262,10.9,,,,,,,,,,,,,,,,,,,,,,,,,,,,,,,,,,,,,,,,,,,,,,,,,,,,,,,,,,,,,,,,,,,,,,,,,,,,,,,,,,,,,,,,,,,,,,,,,,,,,,,,,,,,,,,,,,,0.0,,0.0,,,,,0.0,,,,,,,,,,0.0,0.0,0.0,0.0,0.0,2.0,2.0,0.0,0.0,0.0,0.0,0.0,0.0,5.0,0.0,0.0,0.0,0.0,0.0,0.0,3.0,0.0,7.0,0.714,239.0,136.0,0.428,0.569,0.592,-0.023,3.0,0.0,0.0,0.625,,0.0,0.0,1.0,0.0,5.0,0.0,0.0,0.0,0.0,0.0,0.0,0.0,1.0,8.0,1.0,0.0,,,0.0,0.0,0.0,0.0,0.0,,,,,0.0,2014,21300579,20140116.0,2013-14,False,,,,,,,,,,,,,,,,,,,,,,,,,,,,,,,,,,,,,,,,,,,,,,,,,,,,,,,,,
200794,Paul Millsap,1610612737,ATL,29.0,30.975,8,13,0.615,0,1,0.0,10,11,0.909,0,7,7,4,2,1,1,1,5,12,26,10,0.135,130.6,119.4,0.184,0.25,8.7,63,0.0,0.729,79.42,130.2,95.36,2.0,0.2,95.3,120.0,17.4,10.2,11.1,0.297,0.615,0.275,8.4,7.0,1.0,0.162,12.0,37.0,0.108,1.0,42.0,6.0,0.0,3.0,1.0,2.0,0.0,0.0,0.0,0.0,0.0,0.0,0.5,6.0,0.0,0.0,0.667,3.0,6.0,3.0,3.0,58.0,2.1,0.667,1.667,2.19,0.727,11.0,41.0,0.448,1.33,2.0,5.5,11.0,5.5,5.0,0.0,0.538,1.0,0.0,0.0,0.636,13.0,0.0,0.0,5.0,1.0,2.0,0.0,0.286,0.583,2.0,0.636,0.286,0.0,0.25,0.0,0.333,0.0,0.0,1.0,1.0,4.0,0.25,0.333,0.25,4.0,,6.0,0.5,0.0,1.0,0.0,6.0,0.5,6.0,1.0,,6.0,1.0,0.0,,,,,,,,,,,,,,0.167,0.0,1.0,0.083,1.0,0.083,1.0,0.0,0.5,1.0,2.0,0.5,1.0,2.0,0.0,4.0,1.0,1.0,,0.0,2.0,8.0,0.0,2.0,0.667,0.615,0.0,0.667,0.0,5.0,0.0,0.0,1.0,0.0,0.5,4.0,1.0,0.0,0.0,0.0,0.0,0.0,2.0,5.0,0.0,0.0,0.0,0.0,0.0,0.0,1.0,1.0,7.0,0.714,248.0,140.0,0.428,0.565,0.595,-0.03,1.0,0.0,,0.714,,,0.0,1.0,0.0,5.0,0.0,0.5,,0.0,1.0,0.0,2.0,0.0,7.0,4.0,0.0,,,0.0,1.0,0.0,0.0,1.0,0.0,1.0,0.0,0.0,0.0,2014,21300612,20140120.0,2013-14,False,,,,,,,,,,,,,,,,,,,,,,,,,,,,,,,,,,,,,,,,,,,,,,,,,,,,,,,,,
200794,Paul Millsap,1610612737,ATL,29.0,38.38333333333333,9,17,0.529,1,3,0.333,5,6,0.833,2,4,6,5,3,3,5,0,2,5,24,4,0.086,108.7,106.0,0.158,0.118,11.1,80,0.056,0.611,82.85,113.8,103.62,1.67,0.217,99.42,110.1,18.5,3.6,2.7,0.25,0.559,0.239,10.9,11.0,0.0,0.1,12.0,50.0,0.1,0.0,46.0,5.0,0.0,2.0,0.667,1.0,0.0,0.0,0.333,0.0,0.0,1.0,0.0,3.0,0.0,0.0,0.5,0.0,2.0,6.0,9.0,72.0,2.5,0.0,0.889,2.07,0.538,13.0,50.0,0.333,1.1,3.0,4.7,9.0,3.1,2.0,2.0,0.4,2.0,0.5,0.333,0.571,15.0,1.0,1.0,3.0,0.0,2.0,0.333,0.5,0.462,6.0,0.444,0.5,7.9,0.5,0.0,0.235,0.0,0.0,2.0,2.0,4.0,0.5,0.235,0.5,4.0,,6.0,0.353,0.0,0.833,0.0,5.0,0.353,6.0,0.833,,5.0,0.833,0.0,3.0,0.0,0.0,0.0,0.176,0.0,0.0,0.0,0.0,0.176,3.0,0.0,,0.235,1.0,1.0,0.059,3.0,0.176,1.0,0.333,0.625,1.0,4.0,0.5,2.0,0.0,0.0,0.0,0.0,0.0,,0.0,1.0,7.0,0.0,0.0,0.75,0.559,0.2,0.8,3.0,8.0,0.0,,0.0,0.0,0.0,0.0,3.0,0.333,0.0,0.0,0.0,0.0,0.0,8.0,0.0,0.0,1.0,,0.0,,4.0,0.0,10.0,0.8,261.0,149.0,0.431,0.571,0.595,-0.024,3.0,0.333,0.0,0.8,,0.0,,3.0,0.0,8.0,,0.0,0.0,,0.0,1.0,0.0,0.0,10.0,1.0,0.0,,,0.0,0.0,0.0,0.0,4.0,0.333,3.0,1.0,0.375,1.0,2014,21300623,20140122.0,2013-14,False,,,,,,,,,,,,,,,,,,,,,,,,,,,,,,,,,,,,,,,,,,,,,,,,,,,,,,,,,
200794,Paul Millsap,1610612737,ATL,29.0,25.83333333333333,6,17,0.353,0,2,0.0,3,4,0.75,3,5,8,2,1,4,2,2,3,4,15,-16,0.148,71.2,103.2,0.153,0.217,4.5,56,0.097,0.4,85.94,71.4,102.6,2.0,0.222,103.12,101.8,9.1,-30.4,-31.9,0.313,0.353,0.313,4.6,5.0,1.0,0.091,4.0,33.0,0.061,0.0,38.0,3.0,0.0,3.0,0.333,0.0,0.167,0.0,0.0,2.0,2.0,0.0,0.333,6.0,1.0,1.0,0.0,2.0,2.0,8.0,8.0,56.0,1.7,0.75,0.875,1.87,0.0,3.0,39.0,0.268,0.89,3.0,2.8,7.0,3.1,4.0,1.0,0.571,1.0,0.667,0.429,0.833,14.0,2.0,1.0,5.0,0.0,1.0,0.429,0.2,0.615,7.0,0.714,0.375,2.3,0.25,0.0,0.267,0.0,0.0,1.0,1.0,4.0,0.25,0.267,0.25,4.0,,5.0,0.333,0.0,0.8,0.0,4.0,0.333,5.0,0.8,,4.0,0.8,0.0,3.0,1.0,0.0,0.0,0.2,0.0,0.0,0.0,0.067,0.133,2.0,0.0,0.0,0.2,0.0,1.0,0.133,1.0,0.067,0.5,0.0,0.333,2.0,3.0,0.333,1.0,0.0,0.0,0.0,,,,0.0,0.0,0.0,0.75,6.0,0.0,0.353,0.0,0.6,0.0,7.0,0.0,0.0,0.0,0.0,0.0,3.0,2.0,0.0,0.0,0.0,0.0,0.0,0.0,6.0,0.0,0.0,0.0,0.0,0.0,0.0,2.0,0.0,10.0,0.6,266.0,151.0,0.431,0.568,0.596,-0.028,1.0,0.0,,0.5,,,0.0,1.0,0.0,6.0,0.0,0.0,,0.0,0.0,0.0,0.0,1.0,12.0,2.0,0.0,,,0.0,0.0,0.0,0.0,3.0,0.0,2.0,0.0,0.0,0.0,2014,21300635,20140124.0,2013-14,False,,,,,,,,,,,,,,,,,,,,,,,,,,,,,,,,,,,,,,,,,,,,,,,,,,,,,,,,,
200794,Paul Millsap,1610612737,ATL,29.0,28.9,8,14,0.571,0,2,0.0,4,6,0.667,2,6,8,4,1,2,0,0,1,5,20,28,0.145,133.6,88.8,0.194,0.188,4.8,61,0.087,0.601,84.43,134.4,101.48,4.0,0.19,101.31,88.5,19.0,45.9,44.9,0.274,0.571,0.266,4.6,5.0,0.0,0.108,11.0,37.0,0.108,0.0,37.0,4.0,0.0,4.0,0.6,1.0,0.0,0.0,0.0,0.0,0.0,0.0,0.2,5.0,0.0,0.0,0.25,1.0,3.0,4.0,5.0,55.0,1.9,1.0,1.2,2.06,1.167,6.0,37.0,0.364,1.29,1.0,5.8,10.0,4.4,6.0,0.0,0.5,0.0,0.5,0.333,0.6,16.0,1.0,1.0,7.0,0.0,0.0,0.333,0.0,0.5,6.0,0.6,0.125,10.0,0.75,0.0,0.286,0.0,0.0,3.0,3.0,4.0,0.75,0.286,0.75,4.0,,7.0,0.5,0.0,0.571,0.0,4.0,0.5,7.0,0.571,,4.0,0.571,0.0,1.0,0.0,1.0,0.0,0.071,1.0,1.0,1.0,0.0,0.071,1.0,1.0,,0.143,0.0,0.0,0.0,2.0,0.143,,0.0,0.0,0.0,2.0,0.0,0.0,1.0,0.0,2.0,1.0,1.0,,0.0,1.0,7.0,1.0,4.0,1.0,0.571,0.0,1.0,0.0,6.0,0.0,,1.0,0.0,0.0,0.0,1.0,0.0,0.0,0.0,0.0,0.0,0.0,6.0,0.0,1.0,0.0,,1.0,,2.0,2.0,10.0,0.6,271.0,154.0,0.43,0.568,0.595,-0.027,0.0,0.0,,0.6,,,,1.0,1.0,6.0,,0.0,,,0.0,0.0,0.0,1.0,10.0,0.0,0.0,,,0.0,0.0,2.0,2.0,2.0,0.0,2.0,0.0,0.0,0.0,2014,21300650,20140125.0,2013-14,False,,,,,,,,,,,,,,,,,,,,,,,,,,,,,,,,,,,,,,,,,,,,,,,,,,,,,,,,,
200794,Paul Millsap,1610612737,ATL,29.0,34.69166666666667,9,19,0.474,1,2,0.5,4,4,1.0,3,5,8,4,5,1,1,4,3,5,23,-6,0.127,107.8,121.1,0.118,0.167,16.7,65,0.091,0.554,76.1,116.9,95.64,0.8,0.19,91.32,122.4,13.3,-5.5,-13.3,0.32,0.5,0.321,16.8,10.0,0.0,0.089,8.0,56.0,0.071,1.0,66.0,5.0,0.0,5.0,0.667,2.0,0.111,0.0,0.0,2.0,2.0,0.0,0.333,9.0,1.0,1.0,0.4,3.0,6.0,11.0,12.0,88.0,2.7,0.545,0.833,1.81,0.2,10.0,66.0,0.261,1.06,5.0,9.7,10.0,12.0,2.0,2.0,0.4,2.0,0.667,0.3,0.625,20.0,2.0,1.0,3.0,0.0,3.0,0.3,0.6,0.444,10.0,0.5,0.625,5.9,0.667,0.0,0.2,0.0,0.0,2.0,2.0,3.0,0.667,0.2,0.667,3.0,,5.0,0.333,0.0,0.8,0.0,4.0,0.333,5.0,0.8,,4.0,0.8,0.0,5.0,0.0,0.4,0.0,0.333,2.0,2.0,0.4,0.0,0.333,5.0,0.4,,0.133,1.0,0.0,0.0,2.0,0.133,,0.5,0.75,0.0,2.0,0.5,1.0,0.0,0.0,0.0,0.0,0.0,,0.0,1.0,2.0,0.429,6.0,0.5,0.5,0.333,0.5,3.0,10.0,1.0,,0.0,1.0,0.5,2.0,1.0,0.0,0.0,1.0,0.0,0.0,1.0,7.0,1.0,1.0,0.0,,1.0,,3.0,0.0,12.0,0.583,277.0,158.0,0.431,0.57,0.597,-0.027,0.0,0.0,,0.583,,,,0.0,0.0,7.0,,0.333,,,0.0,0.0,1.0,2.0,12.0,3.0,0.5,,,1.0,0.0,0.0,2.0,3.0,0.5,2.0,1.0,0.5,1.0,2014,21300666,20140127.0,2013-14,False,,,,,,,,,,,,,,,,,,,,,,,,,,,,,,,,,,,,,,,,,,,,,,,,,,,,,,,,,
200794,Paul Millsap,1610612737,ATL,29.0,36.52,10,19,0.526,0,2,0.0,4,8,0.5,6,6,12,4,2,2,1,1,5,6,24,6,0.141,109.9,101.6,0.152,0.15,7.1,73,0.133,0.533,79.41,111.0,96.92,2.0,0.222,95.29,104.2,14.3,6.8,8.3,0.27,0.526,0.27,7.0,11.0,1.0,0.102,13.0,59.0,0.068,1.0,58.0,6.0,0.0,4.0,0.75,3.0,0.0,0.0,0.125,0.0,0.0,1.0,0.375,8.0,0.0,0.0,0.75,3.0,6.0,7.0,14.0,84.0,3.1,0.0,0.857,2.19,0.286,7.0,60.0,0.286,1.07,7.0,4.2,10.0,3.6,5.0,1.0,0.632,1.0,1.0,0.667,0.667,19.0,6.0,0.0,5.0,0.0,1.0,0.667,0.167,0.667,9.0,0.6,0.583,4.9,0.556,0.0,0.5,0.0,0.0,5.0,5.0,9.0,0.556,0.5,0.556,9.0,,3.0,0.167,0.0,0.667,0.0,2.0,0.167,3.0,0.667,,2.0,0.667,0.0,4.0,0.0,0.75,0.0,0.222,3.0,3.0,0.75,0.0,0.222,4.0,0.75,,0.111,0.0,0.0,0.0,2.0,0.111,,0.0,0.0,0.0,2.0,0.0,0.0,0.0,0.0,0.0,0.0,0.0,,0.0,1.0,2.0,0.0,0.0,0.5,0.526,0.0,0.75,0.0,12.0,0.0,,0.0,0.0,0.5,4.0,1.0,0.0,1.0,0.0,0.0,0.0,2.0,8.0,0.0,0.0,0.0,,1.0,,1.0,0.0,12.0,0.667,461.0,265.0,0.439,0.575,0.596,-0.021,0.0,0.0,,0.643,,,0.0,1.0,0.0,9.0,0.0,0.5,,0.0,0.0,0.0,1.0,1.0,14.0,2.0,0.0,,,0.0,0.0,0.0,1.0,2.0,0.0,2.0,0.0,0.0,0.0,2014,21300677,20140408.0,2013-14,False,,,,,,,,,,,,,,,,,,,,,,,,,,,,,,,,,,,,,,,,,,,,,,,,,,,,,,,,,
200794,Paul Millsap,1610612737,ATL,29.0,26.916666666666668,4,11,0.364,0,0,0.0,4,7,0.571,0,4,4,4,3,6,2,1,2,5,12,27,0.063,107.4,71.0,0.11,0.125,14.3,68,0.0,0.426,101.05,110.3,122.51,1.33,0.182,121.26,70.6,19.0,39.7,36.4,0.225,0.364,0.224,14.2,6.0,0.0,0.194,8.0,31.0,0.129,2.0,30.0,6.0,0.0,3.0,0.8,2.0,0.0,0.0,0.0,0.0,0.0,0.0,0.4,5.0,0.0,0.0,0.667,2.0,4.0,3.0,3.0,48.0,1.8,0.0,1.0,2.21,0.333,6.0,29.0,0.25,1.27,2.0,6.7,10.0,6.7,2.0,0.0,0.222,0.0,0.0,0.0,0.4,18.0,0.0,0.0,2.0,0.0,2.0,0.0,0.5,0.222,8.0,0.4,0.5,0.0,0.667,0.0,0.3,0.0,0.0,2.0,2.0,3.0,0.667,0.3,0.667,3.0,,5.0,0.5,0.0,0.2,0.0,1.0,0.5,5.0,0.2,,1.0,0.2,0.0,,,,,,,,,,,,,,0.2,0.0,1.0,0.2,0.0,0.0,0.5,,0.5,2.0,2.0,0.5,1.0,1.0,,2.0,0.5,0.5,,,2.0,2.0,0.0,0.0,0.5,0.364,0.0,0.5,0.0,3.0,0.0,0.0,0.25,0.0,0.0,1.0,0.0,0.0,0.0,0.0,0.0,0.0,0.0,3.0,0.0,0.0,0.0,0.0,0.0,0.0,4.0,1.0,6.0,0.5,284.0,160.0,0.43,0.563,0.597,-0.033,2.0,0.0,,0.5,,,0.0,0.0,0.5,3.0,0.0,0.0,,0.0,0.0,0.0,0.0,0.0,6.0,1.0,0.0,,,0.0,0.0,1.0,2.0,2.0,,,,0.0,0.0,2014,21300690,20140131.0,2013-14,False,,,,,,,,,,,,,,,,,,,,,,,,,,,,,,,,,,,,,,,,,,,,,,,,,,,,,,,,,
200794,Paul Millsap,1610612737,ATL,29.0,31.72,9,18,0.5,0,2,0.0,2,3,0.667,4,9,13,2,5,3,1,1,6,4,20,15,0.197,104.7,89.2,0.146,0.265,19.2,67,0.125,0.518,83.86,109.0,101.93,0.4,0.095,100.63,87.9,7.7,21.1,15.5,0.305,0.5,0.308,19.0,3.0,1.0,0.093,4.0,43.0,0.047,2.0,38.0,4.0,0.0,5.0,1.0,3.0,0.0,0.0,0.0,0.0,0.0,0.0,0.167,6.0,0.0,0.0,0.6,1.0,6.0,5.0,9.0,69.0,2.2,0.4,0.889,1.93,0.75,4.0,41.0,0.29,0.75,6.0,6.7,15.0,5.3,5.0,0.0,0.542,1.0,0.5,0.444,0.6,24.0,2.0,2.0,7.0,1.0,4.0,0.5,0.444,0.565,9.0,0.6,0.462,9.8,0.636,0.0,0.647,0.0,0.0,7.0,7.0,11.0,0.636,0.647,0.636,11.0,,1.0,0.059,0.0,1.0,0.0,1.0,0.059,1.0,1.0,,1.0,1.0,0.0,2.0,0.0,0.5,0.0,0.118,1.0,1.0,0.5,0.0,0.118,2.0,0.5,,0.176,0.0,0.0,0.059,2.0,0.118,0.0,0.0,0.0,1.0,3.0,0.0,0.0,0.0,0.0,0.0,0.0,0.0,,0.0,1.0,3.0,1.0,2.0,0.5,0.5,0.0,0.571,0.0,8.0,0.0,0.0,0.5,,0.25,4.0,2.0,0.0,0.0,0.0,0.0,0.0,1.0,7.0,,,0.0,0.0,0.0,0.0,2.0,1.0,10.0,0.7,294.0,167.0,0.435,0.568,0.597,-0.029,0.0,0.0,,0.583,,,0.0,1.0,0.0,7.0,0.0,0.667,,0.0,0.0,0.0,2.0,1.0,12.0,3.0,0.0,,,0.0,0.0,0.0,1.0,2.0,0.0,2.0,0.0,0.0,0.0,2014,21300699,20140201.0,2013-14,False,,,,,,,,,,,,,,,,,,,,,,,,,,,,,,,,,,,,,,,,,,,,,,,,,,,,,,,,,
200794,Paul Millsap,1610612737,ATL,29.0,32.43333333333333,2,11,0.182,0,4,0.0,3,4,0.75,4,8,12,2,2,4,0,1,2,3,7,1,0.194,98.9,96.3,0.077,0.286,11.8,65,0.118,0.274,80.78,98.5,96.29,1.0,0.091,96.94,95.5,11.8,3.0,2.6,0.209,0.182,0.211,11.9,9.0,1.0,0.048,4.0,42.0,0.048,0.0,32.0,2.0,1.0,0.0,0.0,0.0,0.0,0.25,0.0,0.0,0.0,0.0,0.75,4.0,0.0,0.0,0.0,3.0,0.0,5.0,5.0,57.0,1.8,0.0,0.4,1.88,0.0,5.0,35.0,0.123,1.0,6.0,6.9,12.0,4.8,7.0,0.0,0.6,0.0,1.0,0.5,0.667,20.0,4.0,0.0,7.0,0.0,2.0,0.5,0.25,0.6,8.0,0.667,0.5,11.4,0.0,0.0,0.2,0.0,0.0,0.0,0.0,2.0,0.0,0.2,0.0,2.0,,2.0,0.2,2.0,0.5,0.2,1.0,0.4,4.0,0.25,0.0,1.0,0.25,0.0,2.0,0.0,0.5,0.0,0.2,1.0,1.0,0.5,0.0,0.2,2.0,0.5,,0.2,0.0,0.0,0.0,2.0,0.2,,0.0,0.0,0.0,2.0,0.0,0.0,0.0,1.0,0.0,0.0,0.0,0.0,0.0,3.0,0.0,0.0,0.0,0.0,0.182,0.0,0.333,0.0,2.0,0.0,1.0,0.0,0.0,0.0,1.0,3.0,0.0,0.0,0.0,0.0,0.0,0.0,2.0,0.0,0.0,0.0,0.0,0.0,0.0,2.0,0.0,4.0,0.5,301.0,170.0,0.434,0.565,0.596,-0.032,2.0,0.0,,0.5,0.0,,0.0,2.0,0.0,2.0,1.0,0.0,,0.0,0.0,0.0,0.0,1.0,4.0,1.0,0.0,0.0,0.0,0.0,0.0,0.0,0.0,3.0,0.0,3.0,0.0,0.0,0.0,2014,21300721,20140204.0,2013-14,False,,,,,,,,,,,,,,,,,,,,,,,,,,,,,,,,,,,,,,,,,,,,,,,,,,,,,,,,,
200794,Paul Millsap,1610612737,ATL,29.0,34.275,10,20,0.5,3,7,0.429,3,4,0.75,2,8,10,3,3,1,2,1,4,4,26,-1,0.156,108.3,112.4,0.162,0.258,10.7,70,0.061,0.597,80.53,107.1,95.85,1.0,0.158,96.63,111.8,10.7,-4.6,-4.2,0.329,0.575,0.329,10.8,5.0,0.0,0.08,6.0,50.0,0.06,1.0,57.0,4.0,0.0,4.0,0.0,0.0,0.0,0.0,0.0,0.0,0.0,0.0,0.333,6.0,0.0,0.0,0.0,2.0,0.0,5.0,5.0,81.0,2.9,0.8,1.0,2.12,0.571,7.0,59.0,0.321,1.16,3.0,6.3,13.0,5.8,6.0,0.0,0.526,0.0,0.5,0.333,0.615,19.0,1.0,1.0,7.0,0.0,2.0,0.333,0.25,0.526,6.0,0.615,0.3,8.0,0.5,0.0,0.105,0.0,0.0,1.0,1.0,2.0,0.5,0.105,0.5,2.0,,5.0,0.263,0.0,0.6,0.0,3.0,0.263,5.0,0.6,,3.0,0.6,0.0,3.0,1.0,0.667,0.0,0.158,2.0,2.0,1.0,0.053,0.105,2.0,0.667,0.0,0.474,3.0,1.0,0.158,6.0,0.316,0.333,0.5,0.611,3.0,9.0,0.444,4.0,2.0,0.0,4.0,0.5,0.5,,0.0,4.0,4.0,0.5,4.0,0.667,0.575,0.444,1.0,11.0,5.0,0.0,0.0,0.25,0.0,1.0,2.0,7.0,0.429,0.0,0.0,0.0,0.0,2.0,4.0,0.0,0.0,3.0,0.0,0.0,0.0,4.0,1.0,7.0,0.571,305.0,173.0,0.431,0.567,0.597,-0.03,3.0,0.5,,0.571,,,0.0,4.0,0.5,4.0,0.0,1.0,,0.0,0.333,2.0,1.0,3.0,7.0,1.0,0.333,,,1.0,1.0,1.0,2.0,9.0,0.429,7.0,3.0,0.611,4.0,2014,21300731,20140205.0,2013-14,False,,,,,,,,,,,,,,,,,,,,,,,,,,,,,,,,,,,,,,,,,,,,,,,,,,,,,,,,,
200794,Paul Millsap,1610612737,ATL,29.0,36.03333333333333,8,16,0.5,2,3,0.667,2,4,0.5,1,10,11,6,5,5,0,1,1,3,20,10,0.164,92.1,78.1,0.222,0.278,17.2,70,0.032,0.563,77.71,92.9,93.94,1.2,0.353,93.25,78.6,20.7,14.3,14.0,0.305,0.563,0.307,17.4,12.0,1.0,0.125,15.0,56.0,0.107,0.0,50.0,7.0,1.0,4.0,0.385,2.0,0.077,0.077,0.077,2.0,1.0,1.0,0.462,13.0,0.5,1.0,0.5,6.0,5.0,8.0,7.0,81.0,2.8,0.25,0.571,2.04,0.286,7.0,48.0,0.247,1.25,5.0,5.9,14.0,6.3,5.0,2.0,0.647,2.0,1.0,0.333,0.833,17.0,1.0,0.0,5.0,0.0,4.0,0.333,0.4,0.733,3.0,0.714,0.455,2.0,0.667,0.0,0.2,0.0,0.0,2.0,2.0,3.0,0.667,0.2,0.667,3.0,,5.0,0.333,0.0,0.4,0.0,2.0,0.333,5.0,0.4,,2.0,0.4,0.0,3.0,1.0,0.333,0.0,0.2,1.0,1.0,0.5,0.067,0.133,2.0,0.333,0.0,0.267,2.0,1.0,0.133,2.0,0.133,0.5,1.0,1.0,2.0,4.0,0.75,3.0,0.0,0.0,0.0,,,,0.0,0.0,2.0,0.333,2.0,0.5,0.563,0.429,0.667,8.0,4.0,0.0,0.0,0.2,0.0,0.333,3.0,3.0,0.667,0.0,0.0,0.0,0.0,1.0,4.0,0.0,0.0,2.0,0.0,0.0,0.0,5.0,1.0,5.0,0.8,317.0,180.0,0.438,0.568,0.597,-0.029,2.0,0.5,,0.833,,,0.0,2.0,0.0,5.0,0.0,0.0,,0.0,0.5,1.0,0.0,3.0,6.0,1.0,0.333,,,1.0,1.0,0.0,2.0,6.0,0.667,3.0,2.0,0.667,3.0,2014,21300750,20140208.0,2013-14,False,,,,,,,,,,,,,,,,,,,,,,,,,,,,,,,,,,,,,,,,,,,,,,,,,,,,,,,,,
200794,Paul Millsap,1610612737,ATL,29.0,33.40833333333333,6,15,0.4,3,6,0.5,0,0,0.0,0,2,2,1,2,0,1,0,4,0,15,-14,0.029,85.1,104.1,0.032,0.059,11.1,62,0.0,0.5,74.23,83.9,89.42,0.5,0.067,89.08,106.5,5.6,-22.6,-19.0,0.257,0.5,0.254,11.1,4.0,0.0,0.069,2.0,29.0,0.034,1.0,41.0,2.0,0.0,5.0,0.25,1.0,0.0,0.0,0.125,0.0,0.0,1.0,0.25,8.0,0.0,0.0,0.2,2.0,2.0,2.0,1.0,49.0,1.7,0.0,0.0,2.13,0.5,4.0,39.0,0.306,1.06,0.0,3.2,8.0,3.2,2.0,1.0,0.118,1.0,0.0,0.0,0.286,17.0,0.0,0.0,2.0,0.0,0.0,0.0,0.0,0.125,9.0,0.25,0.0,0.0,,,,,,,,,,,,,,5.0,0.333,0.0,0.0,0.0,0.0,0.333,5.0,0.0,,0.0,0.0,0.0,4.0,2.0,0.25,0.0,0.267,1.0,1.0,0.5,0.133,0.133,2.0,0.25,0.0,0.4,3.0,2.0,0.133,4.0,0.267,1.0,0.75,1.083,2.0,6.0,0.833,5.0,2.0,0.0,4.0,0.4,0.4,,0.0,5.0,2.0,0.0,0.0,0.5,0.5,0.5,0.0,9.0,0.0,0.0,0.0,0.4,0.0,0.0,2.0,6.0,0.5,0.0,0.0,0.0,0.0,0.0,1.0,0.0,0.0,3.0,0.0,0.0,0.0,5.0,2.0,2.0,0.5,324.0,183.0,0.437,0.565,0.596,-0.032,3.0,0.4,,0.5,,,0.0,5.0,0.5,1.0,0.0,0.0,,0.0,0.333,2.0,0.0,1.0,2.0,2.0,1.0,,,1.0,1.0,1.0,2.0,6.0,0.5,6.0,3.0,0.75,3.0,2014,21300772,20140211.0,2013-14,False,,,,,,,,,,,,,,,,,,,,,,,,,,,,,,,,,,,,,,,,,,,,,,,,,,,,,,,,,
200794,Paul Millsap,1610612737,ATL,29.0,31.35,4,8,0.5,1,3,0.333,8,9,0.889,0,6,6,4,3,0,0,0,2,5,17,-11,0.085,98.3,112.3,0.153,0.146,15.8,63,0.0,0.711,79.74,101.6,100.99,1.33,0.235,95.69,121.0,21.1,-19.4,-14.0,0.21,0.563,0.208,15.8,6.0,0.0,0.114,6.0,35.0,0.114,1.0,37.0,4.0,1.0,0.0,1.0,0.0,0.667,0.333,0.0,4.0,3.0,0.0,0.0,3.0,0.75,2.0,0.0,0.0,3.0,4.0,4.0,51.0,1.8,0.5,1.75,2.09,0.667,6.0,35.0,0.333,1.27,3.0,7.8,10.0,7.8,3.0,1.0,0.462,2.0,0.0,0.0,0.667,13.0,0.0,0.0,3.0,1.0,3.0,0.0,0.5,0.545,3.0,0.6,0.5,0.0,1.0,0.0,0.125,0.0,0.0,1.0,1.0,1.0,1.0,0.125,1.0,1.0,,1.0,0.125,0.0,1.0,0.0,1.0,0.125,1.0,1.0,,1.0,1.0,0.0,1.0,0.0,1.0,0.0,0.125,1.0,1.0,1.0,0.0,0.125,1.0,1.0,,0.625,1.0,0.0,0.25,3.0,0.375,0.0,0.333,0.3,2.0,5.0,0.2,1.0,0.0,0.0,0.0,0.0,0.0,,0.0,1.0,4.0,1.0,2.0,0.5,0.563,0.25,1.0,3.0,7.0,0.0,0.0,0.0,0.0,0.667,3.0,3.0,0.333,0.0,0.0,0.0,0.0,2.0,1.0,0.0,0.0,1.0,0.0,0.0,0.0,1.0,0.0,1.0,1.0,329.0,185.0,0.435,0.562,0.596,-0.033,0.0,0.333,,1.0,,,0.0,3.0,0.0,2.0,0.0,0.5,,0.0,0.0,1.0,1.0,0.0,2.0,2.0,0.0,,,0.0,0.0,0.0,1.0,4.0,0.333,3.0,1.0,0.375,1.0,2014,21300779,20140212.0,2013-14,False,,,,,,,,,,,,,,,,,,,,,,,,,,,,,,,,,,,,,,,,,,,,,,,,,,,,,,,,,
200794,Paul Millsap,1610612737,ATL,29.0,28.27833333333333,3,10,0.3,0,2,0.0,1,4,0.25,2,6,8,4,3,2,1,1,4,2,7,-16,0.16,95.3,119.1,0.032,0.261,15.8,58,0.074,0.298,82.04,94.8,99.57,1.33,0.222,98.45,122.4,21.1,-27.6,-23.8,0.225,0.3,0.231,16.0,5.0,0.0,0.125,9.0,32.0,0.125,0.0,25.0,4.0,1.0,3.0,0.0,0.0,0.0,0.25,0.0,0.0,0.0,0.0,0.0,4.0,0.0,0.0,0.0,0.0,0.0,1.0,4.0,46.0,1.5,0.0,0.25,2.0,1.333,3.0,27.0,0.152,1.24,3.0,3.6,11.0,3.7,4.0,3.0,0.571,4.0,0.5,0.667,0.75,14.0,1.0,1.0,5.0,1.0,2.0,1.0,0.333,0.8,3.0,0.545,0.375,3.0,0.25,0.0,0.444,0.0,0.0,1.0,1.0,4.0,0.25,0.444,0.25,4.0,,2.0,0.222,0.0,0.5,0.0,1.0,0.222,2.0,0.5,,1.0,0.5,0.0,1.0,0.0,1.0,0.0,0.111,1.0,1.0,1.0,0.0,0.111,1.0,1.0,,0.222,0.0,0.0,0.0,2.0,0.222,,0.0,0.0,0.0,2.0,0.0,0.0,1.0,0.0,2.0,0.5,0.5,,0.0,2.0,4.0,0.0,0.0,1.0,0.3,0.0,0.0,0.0,1.0,0.0,,0.5,0.0,0.5,2.0,2.0,0.0,0.0,0.0,0.0,0.0,1.0,1.0,0.0,0.0,0.0,,0.0,,2.0,1.0,4.0,0.25,331.0,186.0,0.432,0.562,0.596,-0.034,0.0,0.0,,0.25,0.0,,,2.0,0.5,1.0,,0.5,,,0.0,0.0,1.0,0.0,4.0,2.0,0.0,0.0,0.0,0.0,0.0,1.0,2.0,2.0,0.0,2.0,0.0,0.0,0.0,2014,21300792,20140218.0,2013-14,False,,,,,,,,,,,,,,,,,,,,,,,,,,,,,,,,,,,,,,,,,,,,,,,,,,,,,,,,,
200794,Paul Millsap,1610612737,ATL,29.0,37.75,7,18,0.389,1,4,0.25,6,8,0.75,2,9,11,4,3,3,1,2,2,6,21,-21,0.164,96.8,127.9,0.122,0.29,10.7,76,0.056,0.488,80.0,100.0,98.11,1.33,0.182,96.0,129.3,14.3,-29.3,-31.1,0.294,0.417,0.282,10.5,7.0,0.0,0.047,6.0,64.0,0.063,0.0,55.0,3.0,1.0,6.0,0.786,4.0,0.071,0.071,0.071,2.0,1.0,1.0,0.357,14.0,0.5,1.0,0.667,5.0,11.0,4.0,10.0,88.0,3.0,0.5,0.3,2.05,0.167,6.0,56.0,0.239,1.09,8.0,4.6,13.0,4.0,2.0,1.0,0.524,1.0,0.5,0.25,0.75,21.0,1.0,1.0,3.0,0.0,7.0,0.25,0.778,0.55,8.0,0.692,0.727,7.0,0.333,0.0,0.188,0.0,0.0,1.0,1.0,3.0,0.333,0.188,0.333,3.0,,8.0,0.5,0.0,0.625,0.0,5.0,0.5,8.0,0.625,,5.0,0.625,0.0,2.0,1.0,0.75,1.0,0.125,1.0,0.0,0.0,0.063,0.063,1.0,0.5,1.0,0.188,0.0,0.0,0.0,3.0,0.188,,0.0,0.0,0.0,3.0,0.0,0.0,0.0,0.0,0.0,,,,0.0,0.0,1.0,1.0,2.0,0.0,0.417,0.167,0.333,3.0,3.0,0.0,0.0,0.0,0.0,0.375,8.0,3.0,0.333,0.0,0.0,0.0,0.0,3.0,3.0,0.0,1.0,1.0,0.0,1.0,0.0,1.0,0.0,5.0,0.6,339.0,192.0,0.435,0.566,0.597,-0.03,1.0,0.5,,0.625,,,0.0,2.0,0.0,5.0,0.0,0.25,,0.0,0.0,1.0,1.0,2.0,8.0,4.0,0.0,,,0.0,0.0,0.0,1.0,6.0,0.25,4.0,1.0,0.25,1.0,2014,21300804,20140219.0,2013-14,False,,,,,,,,,,,,,,,,,,,,,,,,,,,,,,,,,,,,,,,,,,,,,,,,,,,,,,,,,
200794,Paul Millsap,1610612737,ATL,29.0,35.30166666666667,7,15,0.467,3,4,0.75,6,8,0.75,2,6,8,4,1,1,0,2,3,5,23,-12,0.113,113.9,128.7,0.141,0.171,4.2,69,0.056,0.621,78.75,113.0,94.09,4.0,0.19,94.5,128.6,16.7,-15.5,-14.8,0.249,0.567,0.25,4.3,9.0,0.0,0.109,11.0,46.0,0.087,1.0,43.0,5.0,0.0,3.0,0.625,1.0,0.25,0.0,0.125,4.0,3.0,1.0,0.25,8.0,0.75,2.0,0.333,2.0,5.0,3.0,6.0,66.0,1.8,0.333,0.667,1.66,0.0,3.0,46.0,0.348,0.62,6.0,3.2,12.0,3.2,1.0,1.0,0.5,2.0,0.5,0.5,0.545,16.0,1.0,0.0,1.0,1.0,5.0,0.667,0.833,0.571,4.0,0.5,0.75,3.4,0.0,0.0,0.154,0.0,0.0,0.0,0.0,2.0,0.0,0.154,0.0,2.0,,4.0,0.308,0.0,0.5,0.0,2.0,0.308,4.0,0.5,,2.0,0.5,0.0,3.0,1.0,0.833,1.0,0.231,2.0,1.0,0.5,0.077,0.154,2.0,0.667,1.0,0.308,2.0,1.0,0.077,3.0,0.231,1.0,0.667,1.0,1.0,4.0,0.75,3.0,0.0,0.0,0.0,0.0,0.0,,0.0,1.0,0.0,0.0,1.0,0.0,0.567,0.667,0.4,11.0,4.0,1.0,0.0,0.333,0.0,0.0,3.0,3.0,0.667,1.0,1.0,1.0,1.0,0.0,3.0,0.0,0.0,2.0,0.0,1.0,0.0,3.0,1.0,5.0,0.6,350.0,200.0,0.441,0.571,0.598,-0.026,3.0,0.667,,0.5,,,0.0,3.0,0.0,3.0,0.0,0.0,,0.0,0.333,2.0,0.0,1.0,6.0,2.0,1.0,,,1.0,1.0,0.0,0.0,6.0,0.75,4.0,3.0,0.917,4.0,2014,21300819,20140221.0,2013-14,False,,,,,,,,,,,,,,,,,,,,,,,,,,,,,,,,,,,,,,,,,,,,,,,,,,,,,,,,,
200794,Paul Millsap,1610612737,ATL,29.0,24.133333333333333,6,14,0.429,1,5,0.2,3,3,1.0,4,3,7,3,6,0,0,1,2,5,16,-14,0.149,87.3,109.6,0.108,0.13,25.0,47,0.167,0.522,80.39,87.2,96.58,0.5,0.3,96.46,110.0,12.5,-22.8,-22.3,0.381,0.464,0.375,24.7,5.0,0.0,0.059,4.0,34.0,0.088,0.0,41.0,2.0,2.0,1.0,0.0,0.0,0.0,0.333,0.167,0.0,0.0,1.0,0.333,6.0,0.0,0.0,0.0,2.0,0.0,4.0,5.0,57.0,2.1,0.0,1.4,2.19,0.182,11.0,48.0,0.281,1.18,3.0,7.4,7.0,6.7,2.0,1.0,0.538,1.0,0.5,0.667,0.5,13.0,2.0,2.0,4.0,0.0,1.0,0.667,0.333,0.583,6.0,0.429,0.429,7.8,0.5,0.0,0.154,0.0,0.0,1.0,1.0,2.0,0.5,0.154,0.5,2.0,,5.0,0.385,0.0,0.8,0.0,4.0,0.385,5.0,0.8,,4.0,0.8,0.0,3.0,2.0,0.0,0.0,0.231,0.0,0.0,0.0,0.154,0.077,1.0,0.0,0.0,0.231,1.0,0.0,0.0,3.0,0.231,,0.333,0.5,0.0,3.0,0.333,1.0,0.0,0.0,0.0,0.0,0.0,,0.0,1.0,2.0,0.0,0.0,0.25,0.464,0.2,0.667,3.0,7.0,0.0,0.0,0.0,0.0,0.4,5.0,4.0,0.25,1.0,0.0,0.0,0.0,2.0,3.0,0.0,0.0,1.0,0.0,1.0,0.0,1.0,0.0,3.0,1.0,355.0,203.0,0.442,0.572,0.598,-0.026,1.0,0.25,,0.8,0.0,,0.0,4.0,0.5,4.0,0.0,0.0,,0.0,0.0,1.0,0.0,1.0,5.0,1.0,0.0,0.0,0.0,0.0,0.0,1.0,2.0,5.0,0.2,5.0,1.0,0.3,1.0,2014,21300927,20140307.0,2013-14,False,,,,,,,,,,,,,,,,,,,,,,,,,,,,,,,,,,,,,,,,,,,,,,,,,,,,,,,,,
200794,Paul Millsap,1610612737,ATL,29.0,33.19833333333333,5,12,0.417,1,4,0.25,3,4,0.75,2,3,5,4,2,5,1,1,3,4,14,5,0.094,112.5,114.1,0.109,0.125,10.0,65,0.069,0.509,77.71,120.0,96.38,2.0,0.182,93.26,114.1,20.0,5.9,-1.7,0.209,0.458,0.213,10.1,5.0,0.0,0.085,9.0,47.0,0.085,0.0,44.0,4.0,0.0,2.0,0.5,0.0,0.333,0.0,0.333,4.0,3.0,2.0,0.0,6.0,0.75,2.0,0.0,0.0,3.0,8.0,10.0,67.0,2.0,0.5,0.6,1.75,0.5,4.0,41.0,0.209,0.9,3.0,4.1,5.0,5.6,1.0,0.0,0.556,0.0,0.5,0.5,0.6,9.0,1.0,1.0,2.0,0.0,2.0,0.5,0.667,0.556,4.0,0.6,0.6,1.9,0.5,0.0,0.182,0.0,0.0,1.0,1.0,2.0,0.5,0.182,0.5,2.0,,2.0,0.182,1.0,0.5,0.091,1.0,0.273,3.0,0.333,0.0,1.0,0.333,0.0,3.0,1.0,1.167,1.0,0.273,3.0,2.0,1.0,0.091,0.182,2.0,1.0,1.0,0.273,0.0,0.0,0.091,2.0,0.182,0.0,0.0,0.0,1.0,3.0,0.0,0.0,0.0,1.0,0.0,0.0,0.0,0.0,0.0,1.0,2.0,1.0,4.0,0.5,0.458,0.333,0.75,3.0,6.0,0.0,0.0,0.0,0.0,0.333,3.0,2.0,0.5,0.0,0.0,0.0,0.0,1.0,3.0,0.0,2.0,1.0,0.0,2.0,0.0,0.0,0.0,5.0,0.6,362.0,207.0,0.443,0.572,0.598,-0.026,0.0,0.5,,0.667,0.0,,0.0,2.0,0.0,4.0,0.0,0.0,,0.0,0.0,1.0,0.0,2.0,6.0,2.0,0.0,0.0,0.0,0.0,0.0,0.0,0.0,3.0,0.333,3.0,1.0,0.5,1.0,2014,21300933,20140308.0,2013-14,False,,,,,,,,,,,,,,,,,,,,,,,,,,,,,,,,,,,,,,,,,,,,,,,,,,,,,,,,,
200794,Paul Millsap,1610612737,ATL,29.0,31.53333333333333,7,14,0.5,2,4,0.5,7,8,0.875,2,6,8,3,4,1,1,0,2,5,23,8,0.17,136.9,125.6,0.134,0.273,16.0,67,0.08,0.656,83.72,132.8,98.55,0.75,0.15,100.47,124.6,12.0,8.2,11.3,0.303,0.571,0.301,16.3,4.0,0.0,0.128,7.0,47.0,0.064,3.0,46.0,6.0,1.0,1.0,0.667,0.0,0.333,0.167,0.167,4.0,4.0,1.0,0.167,6.0,1.0,2.0,0.0,1.0,4.0,5.0,8.0,72.0,2.4,0.4,0.875,2.0,0.0,4.0,46.0,0.319,0.93,5.0,4.0,8.0,2.7,3.0,1.0,0.8,1.0,1.0,1.0,0.857,10.0,2.0,0.0,3.0,0.0,3.0,1.0,0.5,0.889,2.0,0.75,0.625,8.1,0.667,0.0,0.214,0.0,0.0,2.0,2.0,3.0,0.667,0.214,0.667,3.0,,5.0,0.357,0.0,0.4,0.0,2.0,0.357,5.0,0.4,,2.0,0.4,0.0,3.0,1.0,0.333,0.0,0.214,1.0,1.0,0.5,0.071,0.143,2.0,0.333,0.0,0.214,2.0,0.0,0.0,3.0,0.214,,0.667,1.0,0.0,3.0,0.667,2.0,2.0,1.0,5.0,0.625,0.5,1.0,1.0,4.0,0.0,0.5,2.0,0.0,0.571,0.5,1.0,5.0,7.0,0.0,0.0,0.667,0.0,0.0,2.0,4.0,0.5,0.0,0.0,0.0,0.0,0.0,3.0,0.0,0.0,2.0,0.0,0.0,0.0,3.0,2.0,5.0,0.6,366.0,210.0,0.439,0.574,0.598,-0.024,3.0,0.5,,0.5,0.0,,0.0,2.0,0.0,3.0,0.0,0.0,,0.0,0.667,1.0,0.0,2.0,6.0,1.0,0.5,0.0,0.0,1.0,2.0,0.0,0.0,4.0,0.333,3.0,1.0,0.625,2.0,2014,21300948,20140310.0,2013-14,False,,,,,,,,,,,,,,,,,,,,,,,,,,,,,,,,,,,,,,,,,,,,,,,,,,,,,,,,,
200794,Paul Millsap,1610612737,ATL,29.0,30.33333333333333,6,12,0.5,2,4,0.5,3,4,0.75,0,8,8,4,2,0,2,0,4,4,17,-1,0.151,118.0,116.3,0.13,0.267,10.0,63,0.0,0.618,83.08,112.7,96.59,2.0,0.222,99.69,114.3,20.0,-1.6,1.7,0.246,0.583,0.239,10.1,7.0,0.0,0.102,12.0,49.0,0.082,0.0,41.0,5.0,0.0,3.0,0.5,1.0,0.0,0.0,0.25,0.0,0.0,1.0,0.0,4.0,0.0,0.0,0.333,0.0,2.0,4.0,2.0,68.0,2.1,0.0,0.0,1.82,0.5,8.0,41.0,0.25,0.62,1.0,4.3,11.0,4.3,7.0,2.0,0.571,2.0,0.0,0.0,0.889,14.0,0.0,0.0,7.0,0.0,1.0,0.0,0.125,0.667,3.0,0.727,0.125,0.0,0.667,0.0,0.25,0.0,0.0,2.0,2.0,3.0,0.667,0.25,0.667,3.0,,2.0,0.167,0.0,0.5,0.0,1.0,0.167,2.0,0.5,,1.0,0.5,0.0,3.0,1.0,0.333,0.0,0.25,1.0,1.0,0.5,0.083,0.167,2.0,0.333,0.0,0.333,2.0,0.0,0.083,3.0,0.25,0.0,0.667,0.75,1.0,4.0,0.5,2.0,1.0,0.0,2.0,1.0,1.0,,0.0,1.0,4.0,0.0,0.0,0.667,0.583,0.4,0.0,6.0,0.0,0.0,0.0,0.5,0.0,0.333,3.0,4.0,0.5,0.0,0.0,0.0,0.0,1.0,2.0,0.0,0.0,2.0,0.0,0.0,0.0,2.0,1.0,3.0,0.667,377.0,217.0,0.442,0.576,0.596,-0.02,1.0,0.5,,0.667,,,0.0,4.0,0.0,2.0,0.0,0.333,,0.0,1.0,2.0,1.0,1.0,3.0,3.0,0.0,,,0.0,1.0,0.0,0.0,5.0,0.5,4.0,2.0,0.6,2.0,2014,21300969,20140313.0,2013-14,False,,,,,,,,,,,,,,,,,,,,,,,,,,,,,,,,,,,,,,,,,,,,,,,,,,,,,,,,,
200794,Paul Millsap,1610612737,ATL,29.0,37.23333333333333,6,17,0.353,1,4,0.25,11,16,0.688,2,9,11,5,0,3,2,2,3,10,24,25,0.131,108.7,78.1,0.204,0.205,0.0,78,0.05,0.499,84.33,110.3,101.35,0.0,0.217,101.2,77.2,16.7,33.0,30.6,0.286,0.382,0.291,0.0,12.0,0.0,0.091,13.0,66.0,0.076,1.0,57.0,6.0,0.0,5.0,0.182,1.0,0.0,0.0,0.091,0.0,0.0,1.0,0.455,11.0,0.0,0.0,0.2,5.0,2.0,8.0,6.0,92.0,3.4,0.25,0.667,2.2,0.25,8.0,58.0,0.261,1.03,7.0,4.1,19.0,4.2,4.0,1.0,0.423,1.0,0.5,0.286,0.5,26.0,1.0,1.0,5.0,0.0,6.0,0.286,0.667,0.44,7.0,0.474,0.636,3.9,0.0,0.0,0.067,0.0,0.0,0.0,0.0,1.0,0.0,0.067,0.0,1.0,,8.0,0.533,0.0,0.5,0.0,4.0,0.533,8.0,0.5,,4.0,0.5,0.0,3.0,1.0,0.333,0.0,0.2,1.0,1.0,0.5,0.067,0.133,2.0,0.333,0.0,0.2,1.0,0.0,0.0,3.0,0.2,,0.333,0.5,0.0,3.0,0.333,1.0,2.0,0.0,4.0,0.333,0.333,,0.0,6.0,2.0,1.0,2.0,0.0,0.382,0.4,0.0,5.0,4.0,0.0,0.0,0.333,0.0,1.0,2.0,4.0,0.25,0.0,0.0,0.0,0.0,2.0,1.0,0.0,0.0,1.0,0.0,0.0,0.0,6.0,2.0,5.0,0.2,388.0,220.0,0.446,0.567,0.596,-0.029,3.0,0.0,,0.2,,,0.0,2.0,0.5,1.0,0.0,1.0,,0.0,0.333,0.0,1.0,2.0,5.0,1.0,0.5,,,1.0,1.0,2.0,4.0,5.0,0.25,4.0,1.0,0.5,2.0,2014,21300983,20140315.0,2013-14,False,,,,,,,,,,,,,,,,,,,,,,,,,,,,,,,,,,,,,,,,,,,,,,,,,,,,,,,,,
200794,Paul Millsap,1610612737,ATL,29.0,34.21666666666667,12,20,0.6,2,4,0.5,2,2,1.0,2,3,5,1,3,0,2,3,2,5,28,14,0.067,108.1,91.4,0.176,0.071,12.0,62,0.061,0.67,73.06,112.9,88.41,0.33,0.067,87.68,88.9,4.0,24.0,16.7,0.333,0.65,0.333,12.1,7.0,0.0,0.021,3.0,48.0,0.021,0.0,60.0,1.0,1.0,3.0,1.0,2.0,0.0,0.25,0.0,0.0,0.0,0.0,0.0,4.0,0.0,0.0,0.667,0.0,4.0,4.0,10.0,77.0,2.1,1.0,0.6,1.66,0.4,10.0,59.0,0.364,0.77,3.0,4.7,9.0,4.3,0.0,2.0,0.294,2.0,0.5,0.25,0.429,17.0,1.0,1.0,1.0,0.0,2.0,0.25,0.667,0.333,8.0,0.333,0.6,5.0,0.571,0.0,0.412,0.0,0.0,4.0,4.0,7.0,0.571,0.412,0.571,7.0,,4.0,0.235,0.0,1.0,0.0,4.0,0.235,4.0,1.0,,4.0,1.0,0.0,2.0,1.0,1.25,1.0,0.118,2.0,1.0,1.0,0.059,0.059,1.0,1.0,1.0,0.235,1.0,1.0,0.059,3.0,0.176,1.0,0.333,0.625,1.0,4.0,0.5,2.0,1.0,0.0,2.0,1.0,1.0,,0.0,1.0,4.0,1.0,4.0,0.5,0.65,0.667,0.6,10.0,6.0,0.0,,1.0,0.0,1.0,1.0,3.0,0.667,0.0,0.0,0.0,0.0,1.0,7.0,0.0,1.0,2.0,,1.0,,2.0,2.0,13.0,0.538,395.0,223.0,0.445,0.565,0.596,-0.031,2.0,0.667,,0.538,,,,3.0,1.0,7.0,,0.0,,,1.0,2.0,0.0,1.0,13.0,0.0,0.0,,,0.0,2.0,1.0,1.0,6.0,0.5,4.0,2.0,0.833,4.0,2014,21300996,20140317.0,2013-14,False,,,,,,,,,,,,,,,,,,,,,,,,,,,,,,,,,,,,,,,,,,,,,,,,,,,,,,,,,
200794,Paul Millsap,1610612737,ATL,29.0,38.45,6,16,0.375,1,3,0.333,6,7,0.857,3,10,13,10,2,1,0,0,3,10,19,7,0.2,122.2,120.2,0.161,0.357,6.5,76,0.081,0.498,79.06,125.0,94.25,5.0,0.4,94.88,115.8,32.3,9.2,2.0,0.249,0.406,0.25,6.4,17.0,1.0,0.164,29.0,67.0,0.149,0.0,59.0,11.0,1.0,1.0,0.222,0.0,0.111,0.111,0.333,2.0,2.0,3.0,0.333,9.0,1.0,1.0,0.0,3.0,2.0,7.0,6.0,93.0,3.4,0.571,0.333,2.18,0.4,10.0,62.0,0.204,0.91,6.0,5.2,14.0,4.9,6.0,0.0,0.684,0.0,0.667,0.6,0.714,19.0,2.0,1.0,7.0,0.0,4.0,0.6,0.4,0.684,5.0,0.714,0.462,6.5,0.2,0.0,0.313,0.0,0.0,1.0,1.0,5.0,0.2,0.313,0.2,5.0,,7.0,0.438,0.0,0.571,0.0,4.0,0.438,7.0,0.571,,4.0,0.571,0.0,1.0,0.0,0.0,0.0,0.063,0.0,0.0,0.0,0.0,0.063,1.0,0.0,,0.188,1.0,0.0,0.0,3.0,0.188,,0.333,0.5,0.0,3.0,0.333,1.0,0.0,0.0,0.0,0.0,0.0,,0.0,1.0,4.0,0.667,4.0,0.5,0.406,0.4,0.5,5.0,2.0,1.0,0.0,0.0,1.0,0.667,3.0,2.0,0.0,0.0,1.0,0.0,0.0,2.0,3.0,1.0,1.0,0.0,0.0,1.0,0.0,2.0,0.0,8.0,0.375,405.0,230.0,0.448,0.568,0.596,-0.028,1.0,0.0,0.0,0.444,,0.0,0.0,1.0,0.5,4.0,0.0,0.0,0.0,0.0,0.0,0.0,0.0,2.0,9.0,1.0,0.5,,,1.0,0.0,1.0,2.0,3.0,0.5,2.0,1.0,0.5,1.0,2014,21301004,20140318.0,2013-14,False,,,,,,,,,,,,,,,,,,,,,,,,,,,,,,,,,,,,,,,,,,,,,,,,,,,,,,,,,
200794,Paul Millsap,1610612737,ATL,29.0,32.61833333333333,9,15,0.6,1,2,0.5,1,1,1.0,2,2,4,1,2,1,0,0,5,2,20,-5,0.075,98.6,118.5,0.105,0.091,11.1,66,0.065,0.648,80.32,107.6,100.18,0.5,0.056,96.39,116.9,5.6,-9.3,-20.0,0.226,0.633,0.227,10.8,6.0,0.0,0.05,2.0,40.0,0.025,1.0,39.0,2.0,0.0,3.0,0.571,2.0,0.0,0.0,0.0,0.0,0.0,0.0,0.571,7.0,0.0,0.0,0.667,4.0,4.0,3.0,6.0,59.0,2.1,0.667,0.833,2.1,0.4,10.0,42.0,0.339,1.02,2.0,3.3,2.0,1.9,1.0,0.0,0.571,0.0,0.5,0.4,1.0,7.0,1.0,1.0,2.0,0.0,1.0,0.4,0.5,0.571,5.0,1.0,0.5,4.6,0.6,0.0,0.333,0.0,0.0,3.0,3.0,5.0,0.6,0.333,0.6,5.0,,4.0,0.267,1.0,0.5,0.067,3.0,0.333,5.0,0.7,1.0,2.0,0.6,1.0,4.0,1.0,0.75,0.0,0.267,3.0,3.0,1.0,0.067,0.2,3.0,0.75,0.0,0.067,0.0,0.0,0.067,0.0,0.0,0.0,,0.0,1.0,1.0,0.0,0.0,0.0,0.0,0.0,0.0,0.0,,0.0,2.0,4.0,0.5,2.0,0.5,0.633,0.667,0.667,5.0,5.0,0.0,0.0,0.333,0.0,0.0,0.0,2.0,0.5,,0.0,,,0.0,7.0,0.0,0.0,1.0,0.0,0.0,0.0,3.0,1.0,10.0,0.7,411.0,235.0,0.447,0.572,0.596,-0.024,3.0,0.0,,0.7,0.0,,0.0,1.0,0.0,7.0,0.0,0.0,,0.0,0.333,0.0,0.0,1.0,10.0,0.0,1.0,0.0,0.0,1.0,1.0,0.0,0.0,2.0,0.5,2.0,1.0,0.75,1.0,2014,21301025,20140321.0,2013-14,False,,,,,,,,,,,,,,,,,,,,,,,,,,,,,,,,,,,,,,,,,,,,,,,,,,,,,,,,,
200794,Paul Millsap,1610612737,ATL,29.0,40.91666666666666,7,16,0.438,2,4,0.5,1,2,0.5,1,7,8,0,5,3,1,2,2,3,17,-16,0.092,82.1,103.0,0.094,0.159,22.7,82,0.023,0.504,79.67,84.1,97.72,0.0,0.0,95.61,104.9,0.0,-20.8,-20.9,0.238,0.5,0.242,22.9,2.0,0.0,0.0,0.0,43.0,0.0,0.0,46.0,0.0,0.0,3.0,0.0,0.0,0.0,0.0,0.0,0.0,0.0,0.0,0.0,3.0,0.0,0.0,0.0,0.0,0.0,3.0,4.0,72.0,2.4,0.667,0.5,2.01,0.333,6.0,47.0,0.236,1.06,6.0,3.7,13.0,3.7,2.0,0.0,0.471,0.0,1.0,0.25,0.538,17.0,1.0,0.0,2.0,0.0,5.0,0.25,0.714,0.471,4.0,0.538,0.75,3.9,0.0,0.0,0.143,0.0,0.0,0.0,0.0,2.0,0.0,0.143,0.0,2.0,,2.0,0.143,0.0,0.5,0.0,1.0,0.143,2.0,0.5,,1.0,0.5,0.0,6.0,1.0,0.5,0.0,0.429,3.0,3.0,0.6,0.071,0.357,5.0,0.5,0.0,0.286,2.0,1.0,0.071,3.0,0.214,1.0,0.667,1.0,1.0,4.0,0.75,3.0,1.0,0.0,2.0,0.5,0.5,,0.0,2.0,2.0,1.0,2.0,0.5,0.5,0.5,0.5,8.0,2.0,0.0,0.0,0.5,0.0,0.429,7.0,3.0,0.667,0.0,0.0,0.0,0.0,3.0,0.0,0.0,1.0,2.0,0.0,1.0,0.0,4.0,2.0,1.0,0.0,416.0,238.0,0.443,0.572,0.596,-0.024,2.0,0.667,0.0,0.0,0.0,0.0,0.0,3.0,0.0,0.0,0.0,0.6,0.0,0.0,0.5,2.0,3.0,2.0,3.0,5.0,0.5,0.0,0.0,1.0,1.0,0.0,1.0,6.0,0.5,4.0,2.0,0.667,3.0,2014,21301040,20140323.0,2013-14,False,,,,,,,,,,,,,,,,,,,,,,,,,,,,,,,,,,,,,,,,,,,,,,,,,,,,,,,,,
200794,Paul Millsap,1610612737,ATL,29.0,37.62,6,14,0.429,0,2,0.0,7,10,0.7,0,5,5,0,3,2,2,0,2,8,19,-3,0.074,98.6,106.7,0.098,0.167,14.3,72,0.0,0.516,76.02,100.0,91.41,0.0,0.0,91.23,105.6,0.0,-5.6,-8.1,0.267,0.429,0.256,14.0,8.0,0.0,0.0,0.0,48.0,0.0,0.0,56.0,0.0,2.0,4.0,0.364,2.0,0.0,0.182,0.0,0.0,0.0,0.0,0.455,11.0,0.0,0.0,0.5,5.0,4.0,3.0,4.0,74.0,3.4,0.0,0.5,2.73,0.4,10.0,55.0,0.257,1.55,1.0,4.8,10.0,4.8,4.0,0.0,0.417,0.0,0.0,0.0,0.5,12.0,0.0,0.0,4.0,0.0,1.0,0.0,0.2,0.417,2.0,0.5,0.2,0.0,0.5,0.0,0.286,0.0,0.0,2.0,2.0,4.0,0.5,0.286,0.5,4.0,,7.0,0.5,0.0,0.429,0.0,3.0,0.5,7.0,0.429,,3.0,0.429,0.0,1.0,0.0,1.0,0.0,0.071,1.0,1.0,1.0,0.0,0.071,1.0,1.0,,0.143,0.0,0.0,0.0,2.0,0.143,,0.0,0.0,0.0,2.0,0.0,0.0,1.0,0.0,2.0,0.25,0.25,,0.0,4.0,4.0,0.0,0.0,0.667,0.429,0.0,0.5,0.0,2.0,0.0,0.0,0.2,0.0,1.0,4.0,1.0,0.0,1.0,0.0,0.0,0.0,4.0,1.0,0.0,0.0,0.0,0.0,1.0,0.0,5.0,1.0,3.0,0.333,419.0,240.0,0.44,0.573,0.596,-0.023,2.0,0.0,,0.5,0.0,,0.0,1.0,0.5,2.0,0.0,1.0,,0.0,0.0,0.0,3.0,2.0,4.0,3.0,0.0,0.0,0.0,0.0,0.0,1.0,2.0,3.0,0.0,2.0,0.0,0.0,0.0,2014,21301048,20140324.0,2013-14,False,,,,,,,,,,,,,,,,,,,,,,,,,,,,,,,,,,,,,,,,,,,,,,,,,,,,,,,,,
200794,Paul Millsap,1610612737,ATL,29.0,27.266666666666666,4,13,0.308,1,4,0.25,3,4,0.75,2,8,10,2,2,0,1,0,2,3,12,-8,0.159,66.8,84.5,0.127,0.286,10.5,59,0.057,0.407,87.29,71.2,107.42,1.0,0.2,104.74,83.3,10.5,-12.1,-17.6,0.247,0.346,0.246,10.7,7.0,0.0,0.045,5.0,44.0,0.045,0.0,45.0,2.0,0.0,3.0,0.167,0.0,0.167,0.0,0.0,2.0,1.0,0.0,0.333,6.0,0.5,1.0,0.0,2.0,1.0,6.0,3.0,61.0,2.4,0.0,0.0,2.37,0.571,7.0,46.0,0.197,1.59,1.0,5.3,10.0,4.3,7.0,0.0,0.625,0.0,0.0,0.333,0.8,16.0,0.0,2.0,9.0,0.0,1.0,0.333,0.125,0.625,6.0,0.8,0.1,9.3,1.0,0.0,0.154,0.0,0.0,2.0,2.0,2.0,1.0,0.154,1.0,2.0,,6.0,0.462,0.0,0.167,0.0,1.0,0.462,6.0,0.167,,1.0,0.167,0.0,2.0,1.0,0.0,0.0,0.154,0.0,0.0,0.0,0.077,0.077,1.0,0.0,0.0,0.231,1.0,0.0,0.0,3.0,0.231,,0.333,0.5,0.0,3.0,0.333,1.0,0.0,0.0,0.0,0.0,0.0,,0.0,2.0,4.0,0.0,0.0,0.667,0.346,0.25,0.0,3.0,0.0,0.0,0.0,0.0,0.0,0.5,4.0,4.0,0.25,0.0,0.0,0.0,0.0,2.0,1.0,0.0,0.0,1.0,0.0,0.0,0.0,2.0,0.0,3.0,0.333,424.0,241.0,0.441,0.568,0.596,-0.028,1.0,1.0,,0.333,,,0.0,1.0,0.0,2.0,0.0,1.0,,0.0,0.0,1.0,1.0,3.0,6.0,1.0,0.0,,,0.0,0.0,0.0,1.0,4.0,0.25,4.0,1.0,0.375,1.0,2014,21301065,20140326.0,2013-14,False,,,,,,,,,,,,,,,,,,,,,,,,,,,,,,,,,,,,,,,,,,,,,,,,,,,,,,,,,
200794,Paul Millsap,1610612737,ATL,29.0,34.961666666666666,3,15,0.2,0,4,0.0,4,5,0.8,2,4,6,3,1,2,0,1,3,5,10,5,0.087,102.0,102.6,0.026,0.125,4.8,65,0.054,0.291,74.37,110.8,93.28,3.0,0.12,89.24,103.1,14.3,7.7,-0.7,0.235,0.2,0.234,4.7,4.0,0.0,0.067,7.0,45.0,0.067,0.0,49.0,3.0,0.0,4.0,0.0,0.0,0.0,0.0,0.0,0.0,0.0,0.0,0.5,8.0,0.0,0.0,0.0,4.0,0.0,6.0,6.0,66.0,2.3,0.0,1.167,2.09,0.125,8.0,50.0,0.152,1.2,2.0,7.0,10.0,6.0,3.0,0.0,0.429,0.0,0.5,0.5,0.4,14.0,1.0,1.0,4.0,0.0,1.0,0.5,0.25,0.429,4.0,0.4,0.333,9.1,0.4,0.0,0.357,0.0,0.0,2.0,2.0,5.0,0.4,0.357,0.4,5.0,,2.0,0.143,2.0,0.0,0.143,0.0,0.286,4.0,0.0,0.0,0.0,0.0,0.0,2.0,0.0,0.0,0.0,0.143,0.0,0.0,0.0,0.0,0.143,2.0,0.0,,0.214,0.0,1.0,0.071,2.0,0.143,1.0,0.0,0.333,1.0,3.0,0.333,1.0,0.0,0.0,0.0,0.0,0.0,,0.0,4.0,1.0,0.0,0.0,0.0,0.2,0.0,0.75,0.0,7.0,0.0,0.0,0.0,0.0,0.0,3.0,3.0,0.0,1.0,0.0,0.0,0.0,0.0,3.0,0.0,0.0,0.0,0.0,1.0,0.0,4.0,0.0,4.0,0.75,428.0,243.0,0.438,0.568,0.597,-0.029,0.0,0.0,,0.6,0.0,,0.0,3.0,0.0,3.0,0.0,0.0,,0.0,0.0,0.0,0.0,1.0,5.0,1.0,0.0,0.0,0.0,0.0,0.0,0.0,5.0,3.0,0.0,3.0,0.0,0.0,0.0,2014,21301071,20140327.0,2013-14,False,,,,,,,,,,,,,,,,,,,,,,,,,,,,,,,,,,,,,,,,,,,,,,,,,,,,,,,,,
200794,Paul Millsap,1610612737,ATL,29.0,39.61666666666667,5,13,0.385,2,6,0.333,5,8,0.625,1,3,4,5,3,2,0,1,3,5,17,9,0.049,104.2,100.1,0.08,0.075,12.0,79,0.024,0.515,78.25,107.6,95.4,1.67,0.2,93.9,100.0,20.0,7.6,4.1,0.22,0.462,0.222,12.2,7.0,1.0,0.122,14.0,49.0,0.102,0.0,53.0,6.0,0.0,0.0,0.333,0.0,0.333,0.0,0.333,2.0,1.0,1.0,0.333,3.0,0.5,1.0,0.0,1.0,1.0,4.0,6.0,74.0,2.3,0.5,0.667,1.88,0.2,5.0,52.0,0.23,1.03,1.0,12.6,13.0,14.9,2.0,3.0,0.182,4.0,0.0,0.111,0.3,22.0,0.0,1.0,3.0,1.0,1.0,0.125,0.333,0.222,9.0,0.231,0.25,5.9,0.0,0.0,0.083,0.0,0.0,0.0,0.0,1.0,0.0,0.083,0.0,1.0,,4.0,0.333,0.0,0.5,0.0,2.0,0.333,4.0,0.5,,2.0,0.5,0.0,6.0,5.0,0.417,1.0,0.5,2.0,1.0,1.0,0.417,0.083,1.0,0.333,0.2,0.083,1.0,0.0,0.0,1.0,0.083,,1.0,1.5,0.0,1.0,1.0,1.0,0.0,0.0,0.0,0.0,0.0,,0.0,1.0,1.0,0.5,2.0,0.0,0.462,0.375,0.333,8.0,4.0,0.0,0.0,0.5,0.0,0.0,1.0,6.0,0.333,0.0,0.0,0.0,0.0,0.0,2.0,0.0,0.0,2.0,0.0,0.0,0.0,2.0,1.0,4.0,0.5,434.0,247.0,0.438,0.569,0.597,-0.028,2.0,0.4,0.0,0.4,,0.0,0.0,5.0,0.0,2.0,0.0,0.0,0.0,0.0,0.5,2.0,0.0,1.0,5.0,0.0,0.0,,,0.0,1.0,0.0,0.0,7.0,0.333,6.0,2.0,0.571,3.0,2014,21301089,20140329.0,2013-14,False,,,,,,,,,,,,,,,,,,,,,,,,,,,,,,,,,,,,,,,,,,,,,,,,,,,,,,,,,
200794,Paul Millsap,1610612737,ATL,29.0,35.92666666666667,9,15,0.6,1,2,0.5,9,13,0.692,5,12,17,4,3,3,0,1,1,9,28,9,0.25,111.5,106.0,0.237,0.4,10.7,76,0.132,0.676,83.5,114.5,101.27,1.33,0.19,100.2,105.4,14.3,9.1,5.6,0.264,0.633,0.267,10.8,9.0,0.0,0.083,10.0,60.0,0.067,1.0,51.0,5.0,1.0,3.0,0.556,2.0,0.111,0.111,0.111,2.0,1.0,1.0,0.333,9.0,0.5,1.0,0.667,3.0,5.0,6.0,12.0,83.0,2.9,1.167,0.75,2.08,0.25,8.0,56.0,0.337,1.1,7.0,6.9,11.0,5.6,8.0,0.0,0.85,1.0,0.6,0.556,1.091,20.0,3.0,1.0,9.0,1.0,4.0,0.625,0.333,0.895,9.0,1.091,0.412,10.9,0.6,0.0,0.357,0.0,0.0,3.0,3.0,5.0,0.6,0.357,0.6,5.0,,6.0,0.429,0.0,0.667,0.0,4.0,0.429,6.0,0.667,,4.0,0.667,0.0,1.0,1.0,0.0,0.0,0.071,0.0,0.0,,0.071,0.0,0.0,0.0,0.0,0.143,1.0,1.0,0.071,1.0,0.071,1.0,1.0,1.25,1.0,2.0,1.0,2.0,0.0,0.0,0.0,0.0,0.0,,0.0,1.0,2.0,1.0,7.0,0.0,0.633,0.5,0.667,3.0,9.0,1.0,0.0,0.0,1.0,0.667,3.0,1.0,0.0,0.0,1.0,0.0,0.0,2.0,6.0,1.0,1.0,0.0,0.0,1.0,0.0,1.0,0.0,9.0,0.667,436.0,248.0,0.436,0.569,0.597,-0.028,1.0,0.0,0.0,0.667,,0.0,0.0,1.0,0.0,6.0,0.0,0.667,0.0,0.0,0.0,0.0,2.0,1.0,9.0,3.0,1.0,,,1.0,0.0,0.0,0.0,2.0,0.5,2.0,1.0,0.75,1.0,2014,21301103,20140331.0,2013-14,False,,,,,,,,,,,,,,,,,,,,,,,,,,,,,,,,,,,,,,,,,,,,,,,,,,,,,,,,,
200794,Paul Millsap,1610612737,ATL,29.0,37.321666666666665,8,17,0.471,1,3,0.333,5,7,0.714,2,9,11,3,1,2,1,1,3,4,22,-4,0.177,104.9,113.1,0.148,0.281,4.2,72,0.067,0.548,76.63,104.2,90.88,3.0,0.158,91.96,111.3,12.5,-7.1,-8.2,0.276,0.5,0.273,4.2,7.0,0.0,0.049,8.0,61.0,0.049,0.0,55.0,3.0,0.0,4.0,0.455,2.0,0.091,0.0,0.273,2.0,0.0,3.0,0.182,11.0,0.0,1.0,0.5,2.0,5.0,7.0,6.0,84.0,2.9,0.286,0.333,2.05,0.4,5.0,57.0,0.262,0.89,1.0,5.2,11.0,5.6,9.0,1.0,0.733,1.0,0.5,0.5,0.9,15.0,1.0,0.0,9.0,0.0,0.0,0.5,0.0,0.786,4.0,0.818,0.091,2.4,0.667,0.0,0.375,0.0,0.0,4.0,4.0,6.0,0.667,0.375,0.667,6.0,,5.0,0.313,0.0,0.2,0.0,1.0,0.313,5.0,0.2,,1.0,0.2,0.0,3.0,0.0,0.667,0.0,0.188,2.0,2.0,0.667,0.0,0.188,3.0,0.667,,0.125,1.0,0.0,0.0,2.0,0.125,,0.5,0.75,0.0,2.0,0.5,1.0,1.0,0.0,2.0,0.333,0.333,,0.0,3.0,2.0,0.5,2.0,0.5,0.5,0.25,0.25,3.0,2.0,0.5,0.0,0.333,0.0,0.0,1.0,1.0,0.0,1.0,1.0,1.0,1.0,0.0,6.0,0.0,1.0,0.0,0.0,2.0,0.0,3.0,1.0,10.0,0.6,442.0,253.0,0.435,0.572,0.596,-0.024,2.0,0.0,,0.6,,,0.0,0.0,0.0,6.0,0.0,0.0,,0.0,0.5,0.0,0.0,4.0,10.0,0.0,0.25,,,1.0,1.0,0.0,1.0,3.0,0.5,2.0,1.0,0.5,1.0,2014,21301120,20140402.0,2013-14,False,,,,,,,,,,,,,,,,,,,,,,,,,,,,,,,,,,,,,,,,,,,,,,,,,,,,,,,,,
200794,Paul Millsap,1610612737,ATL,29.0,27.73333333333333,7,10,0.7,1,1,1.0,1,2,0.5,0,11,11,6,2,0,0,1,3,2,16,13,0.212,116.9,93.6,0.244,0.344,10.5,54,0.0,0.735,77.88,118.5,94.53,3.0,0.316,93.46,94.4,31.6,24.1,23.3,0.227,0.75,0.224,10.6,10.0,0.0,0.119,14.0,59.0,0.102,1.0,48.0,7.0,0.0,2.0,0.5,2.0,0.0,0.0,0.25,0.0,0.0,2.0,0.5,8.0,0.0,0.0,1.0,4.0,4.0,5.0,6.0,73.0,3.0,0.0,0.667,2.49,0.667,6.0,46.0,0.219,1.37,3.0,6.8,16.0,6.8,8.0,1.0,0.611,1.0,0.0,0.0,0.733,18.0,0.0,0.0,8.0,0.0,3.0,0.0,0.273,0.647,2.0,0.688,0.273,0.0,0.667,0.0,0.333,0.0,0.0,2.0,2.0,3.0,0.667,0.333,0.667,3.0,,5.0,0.556,0.0,0.8,0.0,4.0,0.556,5.0,0.8,,4.0,0.8,0.0,,,,,,,,,,,,,,0.111,1.0,0.0,0.0,1.0,0.111,,1.0,1.5,0.0,1.0,1.0,1.0,0.0,0.0,0.0,0.0,0.0,,0.0,1.0,4.0,0.0,0.0,0.667,0.75,1.0,1.0,3.0,4.0,0.0,0.0,0.5,0.0,0.5,2.0,1.0,1.0,0.0,0.0,0.0,0.0,1.0,4.0,0.0,0.0,1.0,0.0,0.0,0.0,2.0,1.0,5.0,0.8,447.0,256.0,0.435,0.573,0.595,-0.023,1.0,1.0,0.0,0.714,,0.0,0.0,1.0,1.0,5.0,0.0,0.0,0.0,0.0,0.0,1.0,0.0,0.0,7.0,0.0,0.0,,,0.0,0.0,1.0,1.0,1.0,1.0,1.0,1.0,1.5,1.0,2014,21301132,20140404.0,2013-14,False,,,,,,,,,,,,,,,,,,,,,,,,,,,,,,,,,,,,,,,,,,,,,,,,,,,,,,,,,
200794,Paul Millsap,1610612737,ATL,29.0,33.38333333333333,8,14,0.571,1,2,0.5,0,2,0.0,1,10,11,3,2,0,2,1,2,7,17,11,0.18,113.0,94.9,0.201,0.27,10.0,61,0.042,0.571,73.09,111.5,86.41,1.5,0.167,87.71,93.4,15.0,18.0,18.1,0.267,0.607,0.258,10.1,4.0,0.0,0.065,9.0,46.0,0.065,0.0,43.0,3.0,1.0,4.0,0.286,1.0,0.0,0.143,0.0,0.0,0.0,0.0,0.286,7.0,0.0,0.0,0.25,2.0,2.0,6.0,5.0,66.0,2.4,0.667,0.8,2.18,0.286,7.0,44.0,0.258,1.11,2.0,3.5,16.0,3.2,9.0,2.0,0.611,2.0,1.0,0.5,0.714,18.0,1.0,0.0,9.0,0.0,1.0,0.5,0.1,0.688,2.0,0.625,0.182,6.8,0.5,0.0,0.308,0.0,0.0,2.0,2.0,4.0,0.5,0.308,0.5,4.0,,6.0,0.462,0.0,0.667,0.0,4.0,0.462,6.0,0.667,,4.0,0.667,0.0,2.0,1.0,0.5,0.0,0.154,1.0,1.0,1.0,0.077,0.077,1.0,0.5,0.0,0.077,1.0,0.0,0.0,1.0,0.077,,1.0,1.5,0.0,1.0,1.0,1.0,1.0,0.0,2.0,1.0,1.0,,0.0,1.0,2.0,0.5,4.0,1.0,0.607,0.5,0.667,3.0,4.0,0.0,0.0,0.5,0.0,0.75,4.0,2.0,0.5,0.0,0.0,0.0,0.0,3.0,3.0,0.0,0.0,1.0,0.0,0.0,0.0,2.0,1.0,6.0,0.5,451.0,260.0,0.435,0.576,0.596,-0.019,1.0,0.5,,0.571,,,0.0,2.0,0.0,4.0,0.0,0.667,,0.0,1.0,1.0,2.0,0.0,7.0,3.0,0.0,,,0.0,1.0,0.0,1.0,2.0,0.5,2.0,1.0,0.75,1.0,2014,21301152,20140406.0,2013-14,False,,,,,,,,,,,,,,,,,,,,,,,,,,,,,,,,,,,,,,,,,,,,,,,,,,,,,,,,,
200794,Paul Millsap,1610612737,ATL,29.0,38.766666666666666,5,11,0.455,0,2,0.0,4,7,0.571,2,12,14,3,5,1,1,0,2,6,14,15,0.187,112.6,93.7,0.11,0.279,22.7,77,0.063,0.497,78.93,113.0,95.39,0.6,0.111,94.72,94.7,13.6,18.3,18.9,0.224,0.455,0.221,22.6,8.0,0.0,0.066,9.0,61.0,0.049,0.0,54.0,4.0,0.0,2.0,0.6,1.0,0.2,0.0,0.2,2.0,1.0,1.0,0.2,5.0,0.5,1.0,0.5,1.0,3.0,4.0,5.0,83.0,2.3,0.25,0.4,1.64,0.4,5.0,52.0,0.169,0.88,5.0,4.4,20.0,4.3,8.0,3.0,0.609,3.0,0.5,0.667,0.706,23.0,1.0,1.0,9.0,0.0,4.0,0.667,0.333,0.7,3.0,0.6,0.357,5.6,0.25,0.0,0.364,0.091,1.0,1.0,1.0,5.0,0.2,0.455,0.2,4.0,0.0,5.0,0.455,0.0,0.8,0.0,4.0,0.455,5.0,0.8,,4.0,0.8,0.0,,,,,,,,,,,,,,0.091,0.0,0.0,0.0,1.0,0.091,,0.0,0.0,0.0,1.0,0.0,0.0,1.0,0.0,2.0,1.0,1.0,,0.0,1.0,2.0,0.0,1.0,1.0,0.455,0.0,0.333,0.0,2.0,0.0,,1.0,0.0,0.0,0.0,2.0,0.0,0.0,0.0,0.0,0.0,0.0,4.0,0.0,0.0,0.0,,0.0,,1.0,1.0,8.0,0.5,466.0,268.0,0.439,0.575,0.595,-0.02,1.0,0.0,1.0,0.5,,0.0,,0.0,0.0,4.0,,0.0,0.0,,1.0,0.0,0.0,1.0,8.0,0.0,0.0,,,0.0,1.0,0.0,0.0,2.0,0.0,2.0,0.0,0.0,0.0,2014,21301166,20140409.0,2013-14,False,,,,,,,,,,,,,,,,,,,,,,,,,,,,,,,,,,,,,,,,,,,,,,,,,,,,,,,,,
200794,Paul Millsap,1610612737,ATL,29.0,37.3,10,19,0.526,1,2,0.5,6,6,1.0,4,6,10,2,1,1,2,2,3,6,27,7,0.133,103.4,88.9,0.25,0.146,4.2,69,0.118,0.624,74.53,107.2,94.56,2.0,0.105,89.44,95.7,8.3,11.5,14.4,0.284,0.553,0.278,4.1,11.0,0.0,0.041,4.0,49.0,0.041,0.0,55.0,2.0,0.0,8.0,1.143,6.0,0.071,0.0,0.0,2.0,2.0,0.0,0.286,14.0,1.0,1.0,0.75,4.0,16.0,6.0,9.0,74.0,2.6,0.333,0.667,2.14,0.182,11.0,57.0,0.365,1.26,5.0,4.3,11.0,2.4,5.0,0.0,0.455,0.0,1.0,0.364,0.545,22.0,4.0,0.0,5.0,0.0,1.0,0.364,0.167,0.455,11.0,0.545,0.5,7.1,0.6,0.0,0.294,0.0,0.0,3.0,3.0,5.0,0.6,0.294,0.6,5.0,,3.0,0.176,0.0,0.667,0.0,2.0,0.176,3.0,0.667,,2.0,0.667,0.0,3.0,0.0,0.667,0.0,0.176,2.0,2.0,0.667,0.0,0.176,3.0,0.667,,0.353,1.0,2.0,0.235,2.0,0.118,0.5,0.5,0.583,4.0,6.0,0.5,3.0,1.0,0.0,2.0,0.5,0.5,,0.0,2.0,2.0,0.5,2.0,0.2,0.553,0.25,0.75,3.0,6.0,0.0,0.0,0.333,0.0,0.4,5.0,2.0,0.5,0.0,0.0,0.0,0.0,2.0,6.0,0.0,0.0,1.0,0.0,0.0,0.0,3.0,1.0,9.0,0.667,471.0,270.0,0.436,0.573,0.594,-0.021,0.0,0.0,,0.6,,,0.0,0.0,0.5,6.0,0.0,0.5,,0.0,0.0,0.0,2.0,3.0,10.0,4.0,0.333,,,1.0,0.0,1.0,2.0,4.0,0.5,2.0,1.0,0.375,1.0,2014,21301179,20140411.0,2013-14,False,,,,,,,,,,,,,,,,,,,,,,,,,,,,,,,,,,,,,,,,,,,,,,,,,,,,,,,,,
200794,Paul Millsap,1610612737,ATL,29.0,35.13333333333333,4,10,0.4,1,2,0.5,2,2,1.0,1,7,8,5,2,2,0,1,4,1,11,18,0.125,108.8,83.2,0.117,0.219,11.1,68,0.031,0.506,77.42,108.8,92.44,2.5,0.227,92.9,82.4,27.8,26.5,25.5,0.181,0.45,0.181,11.2,9.0,0.0,0.1,13.0,50.0,0.1,0.0,46.0,5.0,0.0,4.0,0.444,2.0,0.0,0.0,0.111,0.0,0.0,1.0,0.444,9.0,0.0,0.0,0.5,4.0,4.0,5.0,2.0,62.0,1.8,0.0,1.0,1.79,1.0,2.0,46.0,0.177,0.74,1.0,5.0,9.0,4.2,6.0,1.0,0.667,1.0,0.0,0.333,0.875,12.0,0.0,1.0,7.0,0.0,1.0,0.333,0.143,0.727,3.0,0.778,0.125,10.7,1.0,0.0,0.111,0.0,0.0,1.0,1.0,1.0,1.0,0.111,1.0,1.0,,3.0,0.333,0.0,0.333,0.0,1.0,0.333,3.0,0.333,,1.0,0.333,0.0,3.0,1.0,0.0,0.0,0.333,0.0,0.0,0.0,0.111,0.222,2.0,0.0,0.0,0.222,1.0,1.0,0.111,1.0,0.111,1.0,1.0,1.25,1.0,2.0,1.0,2.0,1.0,0.0,2.0,0.5,0.5,,0.0,2.0,2.0,0.0,0.0,1.0,0.45,0.5,0.0,3.0,2.0,0.0,0.0,0.5,0.0,0.25,4.0,2.0,0.5,0.0,0.0,0.0,0.0,1.0,1.0,0.0,0.0,1.0,0.0,0.0,0.0,2.0,1.0,2.0,0.5,479.0,275.0,0.438,0.574,0.596,-0.022,1.0,1.0,,0.333,,,0.0,1.0,0.0,1.0,0.0,0.333,,0.0,0.0,1.0,1.0,2.0,3.0,3.0,0.5,,,1.0,0.0,0.0,0.0,1.0,1.0,1.0,1.0,1.5,1.0,2014,21301192,20140412.0,2013-14,False,,,,,,,,,,,,,,,,,,,,,,,,,,,,,,,,,,,,,,,,,,,,,,,,,,,,,,,,,
200794,Paul Millsap,1610612737,ATL,29.0,37.4,10,18,0.556,3,6,0.5,6,6,1.0,2,5,7,2,3,1,3,1,4,6,29,0,0.095,98.6,106.9,0.202,0.143,11.5,68,0.051,0.703,73.26,104.4,88.84,0.67,0.154,87.91,102.9,7.7,1.5,-8.4,0.295,0.639,0.3,11.7,10.0,2.0,0.077,10.0,65.0,0.031,1.0,66.0,5.0,0.0,7.0,0.8,4.0,0.133,0.0,0.0,4.0,4.0,0.0,0.333,15.0,1.0,2.0,0.571,5.0,12.0,6.0,4.0,92.0,3.1,0.333,0.5,2.05,0.4,5.0,68.0,0.315,1.13,4.0,4.2,12.0,4.0,3.0,1.0,0.368,1.0,1.0,0.286,0.455,19.0,2.0,0.0,3.0,0.0,2.0,0.286,0.4,0.389,7.0,0.417,0.571,4.6,,,,,,,,,,,,,,8.0,0.471,0.0,0.625,0.0,5.0,0.471,8.0,0.625,,5.0,0.625,0.0,3.0,1.0,0.833,1.0,0.176,2.0,1.0,0.5,0.059,0.118,2.0,0.667,1.0,0.353,2.0,1.0,0.059,5.0,0.294,1.0,0.4,0.667,1.0,6.0,0.5,3.0,1.0,0.0,2.0,0.333,0.333,,0.0,3.0,2.0,1.0,2.0,0.333,0.639,0.5,1.0,9.0,2.0,1.0,0.0,0.5,0.0,0.0,1.0,5.0,0.4,1.0,1.0,1.0,1.0,0.0,5.0,0.0,0.0,2.0,0.0,1.0,0.0,4.0,2.0,7.0,0.714,28.0,13.0,0.475,0.464,0.588,-0.124,1.0,0.0,,0.625,,,0.0,0.0,1.0,5.0,0.0,0.0,,0.0,0.0,0.0,0.0,8.0,8.0,0.0,0.5,,,4.0,0.0,1.0,1.0,6.0,0.5,6.0,3.0,0.75,3.0,2014,41300104,20140426.0,2013-14,True,1.0,7.0,16.0,0.438,0.461,-0.023,1.0,3.0,0.333,0.372,6.0,13.0,0.462,0.481,5.0,11.0,0.455,0.529,2.0,5.0,0.4,0.426,1.0,3.0,0.0,0.0,0.0,0.4,1.0,0.2,0.0,0.0,0.0,0.0,0.0,0.0,,,,,,,,,,,,,,,,,,,,,
200794,Paul Millsap,1610612737,ATL,29.0,37.91666666666666,3,11,0.273,1,4,0.25,7,8,0.875,0,14,14,4,6,0,1,0,3,4,14,20,0.175,101.4,80.6,0.134,0.311,24.0,76,0.0,0.482,80.18,105.3,97.07,0.67,0.2,96.21,78.9,16.0,26.3,20.9,0.251,0.318,0.256,24.5,7.0,0.0,0.06,7.0,50.0,0.08,0.0,43.0,3.0,2.0,0.0,0.5,0.0,0.25,0.25,0.125,4.0,4.0,1.0,0.375,8.0,1.0,2.0,0.0,3.0,4.0,5.0,3.0,70.0,2.6,0.4,0.667,2.27,0.0,3.0,41.0,0.2,1.29,4.0,4.5,21.0,4.5,10.0,0.0,0.667,0.0,0.0,0.0,0.667,21.0,0.0,0.0,10.0,0.0,4.0,0.0,0.286,0.667,0.0,0.667,0.286,0.0,0.0,0.0,0.091,0.0,0.0,0.0,0.0,1.0,0.0,0.091,0.0,1.0,,3.0,0.273,0.0,0.667,0.0,2.0,0.273,3.0,0.667,,2.0,0.667,0.0,4.0,1.0,0.0,0.0,0.364,0.0,0.0,0.0,0.091,0.273,3.0,0.0,0.0,0.273,1.0,0.0,0.0,3.0,0.273,,0.333,0.5,0.0,3.0,0.333,1.0,1.0,1.0,3.0,0.75,0.5,1.0,1.0,2.0,0.0,0.5,2.0,0.0,0.318,0.0,1.0,0.0,2.0,0.0,,0.0,0.0,0.0,1.0,3.0,0.333,1.0,0.0,0.0,0.0,0.0,2.0,0.0,0.0,1.0,,1.0,,4.0,0.0,2.0,1.0,20.0,9.0,0.465,0.45,0.588,-0.138,1.0,0.5,,1.0,0.0,,,2.0,0.0,2.0,,0.0,,,0.0,1.0,0.0,3.0,2.0,1.0,0.0,0.0,0.0,0.0,0.0,0.0,2.0,5.0,0.0,3.0,0.0,0.0,0.0,2014,41300103,20140424.0,2013-14,True,1.0,7.0,15.0,0.467,0.458,0.008,1.0,2.0,0.5,0.392,6.0,13.0,0.462,0.482,5.0,11.0,0.455,0.545,2.0,4.0,0.5,0.418,0.0,0.0,0.0,0.0,0.0,0.0,3.0,1.0,0.0,0.0,0.0,0.0,0.0,0.0,,,,,,,,,,,,,,,,,,,,,
200794,Paul Millsap,1610612737,ATL,29.0,43.85,6,21,0.286,0,5,0.0,3,5,0.6,10,7,17,4,2,4,1,5,4,10,15,-9,0.177,85.8,99.9,0.106,0.189,6.9,82,0.169,0.323,74.8,89.0,91.49,2.0,0.211,89.76,100.0,13.8,-11.0,-14.0,0.254,0.286,0.253,6.8,10.0,0.0,0.063,12.0,80.0,0.05,1.0,67.0,5.0,0.0,5.0,0.154,1.0,0.0,0.0,0.077,0.0,0.0,1.0,0.462,13.0,0.0,0.0,0.2,6.0,2.0,4.0,13.0,108.0,3.0,0.0,0.769,1.68,0.5,4.0,72.0,0.139,0.7,9.0,6.6,16.0,3.7,3.0,0.0,0.472,0.0,0.5,0.5,0.438,36.0,5.0,5.0,8.0,0.0,4.0,0.5,0.571,0.472,20.0,0.438,0.529,8.7,0.5,0.0,0.125,0.0,0.0,1.0,1.0,2.0,0.5,0.125,0.5,2.0,,4.0,0.25,0.0,0.0,0.0,0.0,0.25,4.0,0.0,,0.0,0.0,0.0,5.0,1.0,0.8,0.0,0.313,4.0,4.0,1.0,0.063,0.25,4.0,0.8,0.0,0.313,0.0,1.0,0.063,4.0,0.25,1.0,0.0,0.2,1.0,5.0,0.2,1.0,1.0,0.0,2.0,0.5,0.5,,0.0,2.0,2.0,0.0,0.0,0.5,0.286,0.0,0.714,0.0,10.0,0.0,0.0,0.5,0.0,0.0,2.0,5.0,0.0,0.0,0.0,0.0,0.0,0.0,5.0,0.0,0.0,0.0,0.0,0.0,0.0,2.0,1.0,12.0,0.417,50.0,23.0,0.481,0.46,0.589,-0.129,1.0,0.0,,0.417,,,0.0,5.0,0.0,5.0,0.0,0.0,,0.0,1.0,0.0,0.0,1.0,12.0,2.0,0.0,,,0.0,1.0,0.0,0.0,5.0,0.0,5.0,0.0,0.0,0.0,2014,41300107,20140503.0,2013-14,True,1.0,6.0,16.0,0.375,0.442,-0.067,1.0,3.0,0.333,0.383,5.0,13.0,0.385,0.463,5.0,10.0,0.5,0.494,1.0,4.0,0.25,0.385,1.0,2.0,0.0,0.0,0.0,0.5,1.0,0.25,1.0,0.25,0.0,0.0,0.0,0.0,,,,,,,,,,,,,,,,,,,,,
200794,Paul Millsap,1610612737,ATL,29.0,30.516666666666666,6,12,0.5,2,4,0.5,5,6,0.833,1,3,4,1,4,1,1,0,5,8,19,-26,0.071,83.4,129.3,0.099,0.13,20.0,57,0.03,0.649,75.37,84.2,90.25,0.25,0.083,90.44,127.6,5.0,-43.4,-45.8,0.293,0.583,0.292,20.4,6.0,0.0,0.023,3.0,43.0,0.023,0.0,47.0,1.0,2.0,2.0,0.222,1.0,0.0,0.222,0.111,0.0,0.0,1.0,0.444,9.0,0.0,0.0,0.5,4.0,2.0,2.0,5.0,65.0,2.7,1.0,0.6,2.52,0.667,6.0,45.0,0.292,1.43,3.0,7.2,7.0,7.1,1.0,0.0,0.286,1.0,2.0,0.143,0.429,14.0,2.0,0.0,1.0,1.0,1.0,0.167,0.333,0.308,7.0,0.429,0.75,7.3,0.5,0.0,0.5,0.0,0.0,3.0,3.0,6.0,0.5,0.5,0.5,6.0,,0.0,0.0,1.0,,0.083,0.0,0.083,1.0,0.0,0.0,0.0,0.0,0.0,1.0,0.0,0.0,0.0,0.083,0.0,0.0,0.0,0.0,0.083,1.0,0.0,,0.333,2.0,1.0,0.083,3.0,0.25,1.0,0.667,1.0,1.0,4.0,0.75,3.0,1.0,0.0,2.0,0.5,0.5,,0.0,2.0,4.0,0.0,2.0,1.0,0.583,0.5,0.0,6.0,3.0,0.0,0.0,0.333,0.0,0.5,2.0,4.0,0.5,0.0,0.0,0.0,0.0,1.0,2.0,0.0,0.0,2.0,0.0,0.0,0.0,3.0,1.0,3.0,0.667,11.0,5.0,0.393,0.455,0.574,-0.12,1.0,0.667,,0.667,,,0.0,3.0,0.0,2.0,0.0,0.333,,0.0,0.0,2.0,1.0,2.0,3.0,3.0,0.5,,,1.0,0.0,0.0,0.0,4.0,0.5,4.0,2.0,0.75,2.0,2014,41300102,20140422.0,2013-14,True,1.0,8.0,15.0,0.533,0.456,0.077,1.0,3.0,0.333,0.37,7.0,12.0,0.583,0.482,4.0,9.0,0.444,0.539,3.0,5.0,0.6,0.397,1.0,1.0,2.0,2.0,1.0,0.667,3.0,0.5,0.0,0.0,0.0,0.0,1.0,0.167,,,,,,,,,,,,,,,,,,,,,
200794,Paul Millsap,1610612737,ATL,29.0,36.36666666666667,7,17,0.412,2,4,0.5,9,11,0.818,0,8,8,1,1,1,1,3,1,11,25,6,0.105,105.5,92.8,0.225,0.195,4.3,70,0.0,0.572,78.09,105.7,94.61,1.0,0.059,93.71,94.4,4.3,11.3,12.7,0.292,0.471,0.286,4.2,4.0,0.0,0.022,3.0,45.0,0.022,0.0,45.0,1.0,0.0,2.0,0.0,0.0,0.0,0.0,0.0,0.0,0.0,0.0,0.6,5.0,0.0,0.0,0.0,3.0,0.0,4.0,3.0,67.0,2.6,0.0,1.333,2.29,1.5,8.0,42.0,0.373,1.15,3.0,5.9,16.0,5.9,5.0,5.0,0.421,5.0,0.0,0.0,0.727,19.0,0.0,0.0,5.0,0.0,3.0,0.0,0.375,0.571,3.0,0.5,0.375,0.0,0.667,0.0,0.214,0.0,0.0,2.0,2.0,3.0,0.667,0.214,0.667,3.0,,5.0,0.357,1.0,0.6,0.071,3.0,0.429,6.0,0.5,0.0,3.0,0.5,0.0,3.0,1.0,0.5,1.0,0.214,1.0,0.0,0.0,0.071,0.143,2.0,0.333,1.0,0.143,1.0,0.0,0.0,2.0,0.143,,0.5,0.75,0.0,2.0,0.5,1.0,0.0,0.0,0.0,0.0,0.0,,0.0,2.0,12.0,0.0,0.0,0.667,0.471,0.4,0.667,6.0,4.0,0.0,0.0,0.333,0.0,0.333,6.0,4.0,0.5,0.0,0.0,0.0,0.0,2.0,2.0,0.0,0.0,2.0,0.0,0.0,0.0,3.0,1.0,4.0,0.5,6.0,3.0,0.462,0.5,0.582,-0.082,0.0,1.0,,0.5,0.0,,0.0,1.0,0.0,2.0,0.0,0.5,,0.0,0.0,1.0,3.0,3.0,4.0,6.0,0.333,0.0,0.0,1.0,0.0,0.0,3.0,4.0,0.5,4.0,2.0,0.75,2.0,2014,41300101,20140419.0,2013-14,True,1.0,4.0,13.0,0.308,0.472,-0.164,0.0,2.0,0.0,0.296,4.0,11.0,0.364,0.485,4.0,7.0,0.571,0.532,0.0,6.0,0.0,0.432,4.0,6.0,2.0,2.0,1.0,1.5,0.0,0.0,1.0,0.125,0.0,0.0,1.0,0.125,,,,,,,,,,,,,,,,,,,,,
200794,Paul Millsap,1610612737,ATL,29.0,42.02666666666666,4,13,0.308,1,4,0.25,7,8,0.875,5,13,18,5,2,3,2,1,6,11,16,3,0.2,95.9,92.9,0.225,0.317,8.3,78,0.102,0.484,74.71,97.4,90.11,2.5,0.238,89.66,92.4,20.8,5.0,3.0,0.205,0.346,0.209,8.5,9.0,0.0,0.103,12.0,68.0,0.074,2.0,52.0,7.0,0.0,1.0,0.286,0.0,0.143,0.0,0.0,2.0,2.0,0.0,0.714,7.0,1.0,1.0,0.0,5.0,2.0,1.0,5.0,92.0,3.5,0.0,0.4,2.31,0.385,13.0,54.0,0.174,1.29,7.0,6.4,20.0,6.1,11.0,1.0,0.6,1.0,0.8,0.5,0.684,30.0,4.0,1.0,12.0,0.0,3.0,0.5,0.231,0.621,10.0,0.65,0.389,7.3,0.0,0.0,0.083,0.0,0.0,0.0,0.0,1.0,0.0,0.083,0.0,1.0,,4.0,0.333,0.0,0.75,0.0,3.0,0.333,4.0,0.75,,3.0,0.75,0.0,2.0,1.0,0.0,0.0,0.167,0.0,0.0,0.0,0.083,0.083,1.0,0.0,0.0,0.417,1.0,0.0,0.167,3.0,0.25,0.0,0.333,0.3,2.0,5.0,0.2,1.0,0.0,0.0,0.0,0.0,0.0,,0.0,3.0,5.0,0.0,0.0,0.0,0.346,0.2,1.0,3.0,2.0,0.5,0.0,0.0,0.5,1.0,1.0,2.0,0.0,0.0,1.0,0.0,0.0,1.0,2.0,1.0,2.0,0.0,0.0,2.0,0.0,4.0,0.0,4.0,0.5,43.0,20.0,0.489,0.465,0.597,-0.132,3.0,0.0,0.0,0.6,0.0,0.0,0.0,0.0,0.0,3.0,0.0,0.0,0.0,0.0,0.0,0.0,0.0,5.0,5.0,0.0,0.2,0.0,0.0,1.0,0.0,0.0,0.0,4.0,0.25,4.0,1.0,0.375,1.0,2014,41300106,20140501.0,2013-14,True,1.0,6.0,19.0,0.316,0.462,-0.146,1.0,3.0,0.333,0.328,5.0,16.0,0.313,0.498,4.0,12.0,0.333,0.557,1.0,6.0,0.167,0.417,0.0,3.0,5.0,6.0,0.833,0.385,6.0,0.462,1.0,0.077,0.0,0.0,3.0,0.231,,,,,,,,,,,,,,,,,,,,,
200794,Paul Millsap,1610612737,ATL,29.0,38.98333333333333,5,11,0.455,0,0,0.0,8,12,0.667,3,5,8,3,2,0,4,1,2,6,18,-9,0.119,97.7,113.3,0.117,0.152,9.1,76,0.088,0.553,78.5,100.0,94.07,1.5,0.167,94.19,110.4,13.6,-10.4,-15.5,0.224,0.455,0.232,9.4,7.0,0.0,0.066,12.0,61.0,0.049,0.0,51.0,4.0,0.0,3.0,0.667,1.0,0.0,0.0,0.0,0.0,0.0,0.0,0.0,3.0,0.0,0.0,0.333,0.0,2.0,1.0,4.0,80.0,2.7,0.0,0.5,2.0,0.556,9.0,50.0,0.225,0.91,3.0,8.3,14.0,5.2,4.0,1.0,0.348,1.0,0.667,0.333,0.385,23.0,2.0,1.0,5.0,0.0,1.0,0.333,0.2,0.364,9.0,0.357,0.375,13.5,0.333,0.0,0.3,0.0,0.0,1.0,1.0,3.0,0.333,0.3,0.333,3.0,,5.0,0.5,0.0,0.4,0.0,2.0,0.5,5.0,0.4,,2.0,0.4,0.0,2.0,0.0,1.0,0.0,0.2,2.0,2.0,1.0,0.0,0.2,2.0,1.0,,,,,,,,,,,,,,,2.0,,4.0,0.667,0.667,,,3.0,5.0,0.0,0.0,0.333,0.455,0.0,0.0,0.0,2.0,0.0,0.0,0.5,0.0,0.333,3.0,0.0,0.0,0.0,0.0,0.0,0.0,1.0,2.0,0.0,0.0,0.0,0.0,0.0,0.0,4.0,2.0,4.0,0.5,34.0,18.0,0.493,0.529,0.591,-0.062,1.0,0.0,0.0,0.5,,0.0,0.0,0.0,0.0,3.0,0.0,0.0,0.0,0.0,1.0,0.0,0.0,1.0,6.0,2.0,1.0,,,1.0,1.0,0.0,1.0,0.0,,,,,0.0,2014,41300105,20140428.0,2013-14,True,1.0,6.0,10.0,0.6,0.458,0.143,,,,,6.0,10.0,0.6,0.488,6.0,9.0,0.667,0.547,0.0,1.0,0.0,0.488,1.0,3.0,3.0,4.0,0.75,0.556,3.0,0.333,1.0,0.111,0.0,0.0,2.0,0.222,,,,,,,,,,,,,,,,,,,,,
200794,Paul Millsap,1610612737,ATL,30.0,34.0,5,9,0.556,1,3,0.333,2,4,0.5,0,3,3,2,2,2,1,0,4,4,13,4,0.047,104.0,95.1,0.074,0.081,13.3,69,0.0,0.604,82.35,102.9,97.92,1.0,0.1,98.82,94.4,13.3,8.5,9.0,0.182,0.611,0.183,13.6,8.0,0.0,0.047,5.0,43.0,0.047,0.0,42.0,2.0,0.0,0.0,0.0,0.0,0.0,0.0,0.25,0.0,0.0,1.0,0.75,4.0,0.0,0.0,0.0,3.0,0.0,5.0,1.0,57.0,2.1,0.8,2.0,2.26,0.667,3.0,39.0,0.228,1.11,1.0,7.7,13.0,7.7,2.0,0.0,0.2,0.0,0.0,0.0,0.231,15.0,0.0,0.0,2.0,0.0,1.0,0.0,0.333,0.2,2.0,0.231,0.333,0.0,,,,,,,,,,,,,,1.0,0.111,0.0,1.0,0.0,1.0,0.111,1.0,1.0,,1.0,1.0,0.0,7.0,2.0,0.643,1.0,0.778,4.0,3.0,0.6,0.222,0.556,5.0,0.571,0.5,0.111,0.0,0.0,0.0,1.0,0.111,,0.0,0.0,0.0,1.0,0.0,0.0,1.0,0.0,2.0,1.0,1.0,,0.0,1.0,2.0,1.0,4.0,1.0,0.611,0.333,1.0,5.0,2.0,0.0,0.0,0.667,0.0,0.0,1.0,3.0,0.333,0.0,0.0,0.0,0.0,0.0,2.0,0.0,0.0,1.0,0.0,0.0,0.0,3.0,2.0,2.0,1.0,12.0,8.0,0.364,0.667,0.598,0.069,3.0,0.333,,1.0,0.0,,0.0,3.0,0.0,2.0,0.0,0.0,,0.0,0.667,1.0,0.0,0.0,2.0,0.0,0.0,0.0,0.0,0.0,2.0,0.0,1.0,5.0,0.333,3.0,1.0,0.5,2.0,2015,21400032,20141101.0,2014-15,False,1.0,7.0,15.0,0.467,0.438,0.029,2.0,4.0,0.5,0.329,5.0,11.0,0.455,0.468,4.0,6.0,0.667,0.525,3.0,9.0,0.333,0.354,1.0,1.0,0.0,0.0,0.0,0.667,1.0,0.333,1.0,0.333,0.0,0.0,0.0,0.0,,,,,,,,,,,,,,,,,,,,,
200794,Paul Millsap,1610612737,ATL,30.0,30.58333333333333,5,12,0.417,1,3,0.333,6,8,0.75,1,6,7,3,6,1,0,1,2,4,17,-1,0.1,99.9,100.9,0.088,0.143,24.0,64,0.036,0.548,83.71,100.0,100.79,0.5,0.158,100.45,101.6,12.0,-1.6,-1.0,0.326,0.458,0.324,24.5,5.0,0.0,0.091,8.0,44.0,0.068,1.0,43.0,4.0,0.0,2.0,0.333,0.0,0.333,0.0,0.0,2.0,1.0,0.0,0.0,3.0,0.5,1.0,0.0,0.0,1.0,6.0,5.0,64.0,2.0,0.667,0.8,1.86,0.8,5.0,41.0,0.266,0.88,4.0,2.7,11.0,2.7,3.0,0.0,0.438,0.0,1.0,0.2,0.545,16.0,1.0,0.0,3.0,0.0,3.0,0.2,0.5,0.438,5.0,0.545,0.571,2.5,,,,,,,,,,,,,,4.0,0.364,0.0,0.5,0.0,2.0,0.364,4.0,0.5,,2.0,0.5,0.0,3.0,0.0,0.333,0.0,0.273,1.0,1.0,0.333,0.0,0.273,3.0,0.333,,0.364,1.0,1.0,0.091,3.0,0.273,1.0,0.333,0.625,1.0,4.0,0.5,2.0,0.0,1.0,0.0,0.0,0.0,0.0,0.0,1.0,4.0,0.5,4.0,1.0,0.458,0.5,0.5,5.0,4.0,0.0,0.0,0.5,0.0,0.5,4.0,3.0,0.333,0.0,0.0,0.0,0.0,2.0,1.0,0.0,0.0,1.0,0.0,0.0,0.0,2.0,1.0,3.0,0.333,232.0,146.0,0.447,0.629,0.585,0.044,1.0,0.333,,0.25,,,0.0,3.0,0.0,1.0,0.0,0.667,,0.0,1.0,1.0,2.0,0.0,4.0,3.0,0.0,,,0.0,1.0,0.0,1.0,4.0,0.5,2.0,1.0,0.625,2.0,2015,21400540,20150109.0,2014-15,False,1.0,4.0,16.0,0.25,0.44,-0.19,1.0,5.0,0.2,0.375,3.0,11.0,0.273,0.474,3.0,10.0,0.3,0.508,1.0,5.0,0.2,0.367,1.0,1.0,2.0,2.0,1.0,0.8,2.0,0.4,0.0,0.0,1.0,0.2,1.0,0.2,,,,,,,,,,,,,,,,,,,,,
200794,Paul Millsap,1610612737,ATL,30.0,46.73333333333333,7,14,0.5,1,4,0.25,1,2,0.5,3,9,12,4,1,3,3,1,5,2,16,2,0.129,118.3,116.1,0.108,0.184,5.0,90,0.068,0.538,76.6,117.8,92.03,4.0,0.111,91.93,116.9,20.0,0.9,2.2,0.153,0.536,0.152,5.0,9.0,0.0,0.103,13.0,58.0,0.069,1.0,46.0,6.0,1.0,5.0,0.455,2.0,0.091,0.091,0.091,2.0,1.0,1.0,0.091,11.0,0.5,1.0,0.4,1.0,5.0,5.0,7.0,81.0,2.9,0.8,0.571,2.14,0.0,5.0,49.0,0.198,1.16,6.0,4.2,22.0,4.0,5.0,2.0,0.375,2.0,0.667,0.3,0.45,32.0,2.0,1.0,6.0,0.0,4.0,0.3,0.444,0.4,10.0,0.409,0.5,4.9,1.0,0.0,0.077,0.0,0.0,1.0,1.0,1.0,1.0,0.077,1.0,1.0,,5.0,0.385,0.0,0.6,0.0,3.0,0.385,5.0,0.6,,3.0,0.6,0.0,5.0,2.0,0.4,0.0,0.385,2.0,2.0,0.667,0.154,0.231,3.0,0.4,0.0,0.154,1.0,0.0,0.0,2.0,0.154,,0.5,0.75,0.0,2.0,0.5,1.0,1.0,0.0,2.0,1.0,1.0,,0.0,1.0,0.0,1.0,4.0,0.0,0.536,0.25,0.5,3.0,4.0,0.0,0.0,0.0,0.0,0.4,5.0,4.0,0.25,0.0,0.0,0.0,0.0,2.0,4.0,0.0,0.0,1.0,0.0,0.0,0.0,0.0,0.0,5.0,0.8,27.0,12.0,0.474,0.444,0.576,-0.132,0.0,0.5,0.0,0.571,,0.0,0.0,2.0,1.0,4.0,0.0,0.5,0.0,0.0,0.0,1.0,1.0,2.0,7.0,2.0,0.0,,,0.0,0.0,1.0,1.0,4.0,0.25,4.0,1.0,0.375,1.0,2015,41400104,20150427.0,2014-15,True,1.0,8.0,19.0,0.421,0.45,-0.029,1.0,3.0,0.333,0.34,7.0,16.0,0.438,0.463,6.0,15.0,0.4,0.511,2.0,4.0,0.5,0.347,0.0,1.0,0.0,0.0,0.0,0.0,3.0,0.6,0.0,0.0,0.0,0.0,0.0,0.0,,,,,,,,,,,,,,,,,,,,,
200794,Paul Millsap,1610612737,ATL,30.0,35.498333333333335,6,14,0.429,2,5,0.4,7,9,0.778,0,8,8,2,1,3,0,0,2,6,21,-2,0.111,96.8,98.5,0.163,0.242,4.8,74,0.0,0.585,82.26,95.9,99.68,2.0,0.105,98.71,101.4,9.5,-5.4,-1.8,0.239,0.5,0.235,4.8,5.0,0.0,0.045,5.0,44.0,0.045,0.0,37.0,2.0,0.0,7.0,0.8,2.0,0.2,0.0,0.0,4.0,3.0,0.0,0.1,10.0,0.75,2.0,0.286,1.0,8.0,4.0,0.0,65.0,2.0,1.25,0.0,1.85,0.0,1.0,34.0,0.323,0.91,3.0,5.6,10.0,5.6,5.0,0.0,0.571,0.0,0.0,0.0,0.8,14.0,0.0,0.0,5.0,0.0,3.0,0.0,0.375,0.571,4.0,0.8,0.375,0.0,0.6,0.0,0.357,0.0,0.0,3.0,3.0,5.0,0.6,0.357,0.6,5.0,,3.0,0.214,0.0,0.0,0.0,0.0,0.214,3.0,0.0,,0.0,0.0,0.0,2.0,1.0,1.25,1.0,0.143,2.0,1.0,1.0,0.071,0.071,1.0,1.0,1.0,0.286,1.0,0.0,0.0,4.0,0.286,,0.25,0.375,0.0,4.0,0.25,1.0,1.0,0.0,2.0,1.0,1.0,,0.0,1.0,0.0,1.0,5.0,0.0,0.5,0.4,0.0,6.0,0.0,0.0,0.0,1.0,0.0,0.667,3.0,5.0,0.4,0.0,0.0,0.0,0.0,2.0,1.0,0.0,0.0,2.0,0.0,0.0,0.0,1.0,1.0,5.0,0.2,290.0,184.0,0.453,0.634,0.588,0.047,1.0,1.0,,0.333,0.0,,0.0,1.0,0.0,2.0,0.0,0.5,,0.0,1.0,1.0,1.0,4.0,6.0,2.0,0.25,0.0,0.0,1.0,1.0,0.0,0.0,5.0,0.4,5.0,2.0,0.6,2.0,2015,21400697,20150130.0,2014-15,False,1.0,10.0,15.0,0.667,0.442,0.224,3.0,5.0,0.6,0.371,7.0,10.0,0.7,0.485,5.0,7.0,0.714,0.541,3.0,6.0,0.5,0.386,0.0,0.0,0.0,0.0,0.0,0.0,0.0,0.0,0.0,0.0,1.0,1.0,0.0,0.0,,,,,,,,,,,,,,,,,,,,,
200794,Paul Millsap,1610612737,ATL,30.0,38.833333333333336,6,17,0.353,1,4,0.25,2,3,0.667,4,8,12,8,4,2,2,2,3,5,15,-3,0.125,103.5,113.3,0.114,0.195,13.3,74,0.073,0.409,77.25,109.5,94.21,2.0,0.333,92.7,110.5,26.7,-1.1,-9.8,0.237,0.382,0.232,13.2,18.0,0.0,0.127,21.0,63.0,0.127,0.0,56.0,8.0,2.0,2.0,0.286,1.0,0.0,0.286,0.0,0.0,0.0,0.0,0.286,7.0,0.0,0.0,0.5,2.0,2.0,4.0,9.0,86.0,3.0,0.25,0.222,2.09,0.0,2.0,60.0,0.174,1.21,7.0,5.3,14.0,5.6,5.0,1.0,0.429,1.0,0.75,0.286,0.615,28.0,3.0,0.0,5.0,0.0,4.0,0.286,0.5,0.444,14.0,0.571,0.583,4.4,0.4,0.0,0.333,0.0,0.0,2.0,2.0,5.0,0.4,0.333,0.4,5.0,,5.0,0.333,0.0,0.6,0.0,3.0,0.333,5.0,0.6,,3.0,0.6,0.0,,,,,,,,,,,,,,0.333,1.0,0.0,0.067,4.0,0.267,0.0,0.25,0.3,1.0,5.0,0.2,1.0,0.0,0.0,0.0,0.0,0.0,,0.0,1.0,0.0,0.0,1.0,0.0,0.382,0.2,0.25,3.0,2.0,0.0,0.0,0.0,0.0,0.0,0.0,3.0,0.333,0.0,0.0,0.0,0.0,0.0,5.0,0.0,1.0,1.0,0.0,1.0,0.0,2.0,0.0,11.0,0.455,43.0,19.0,0.43,0.442,0.593,-0.151,1.0,1.0,,0.455,,,0.0,1.0,0.0,5.0,0.0,0.0,,0.0,0.0,1.0,0.0,3.0,11.0,0.0,0.0,,,0.0,0.0,0.0,1.0,5.0,0.25,4.0,1.0,0.3,1.0,2015,41400201,20150503.0,2014-15,True,1.0,6.0,19.0,0.316,0.464,-0.148,1.0,4.0,0.25,0.41,5.0,15.0,0.333,0.489,5.0,12.0,0.417,0.586,1.0,6.0,0.167,0.397,0.0,1.0,0.0,0.0,0.0,0.0,1.0,0.5,0.0,0.0,0.0,0.0,0.0,0.0,,,,,,,,,,,,,,,,,,,,,
200794,Paul Millsap,1610612737,ATL,30.0,45.74666666666667,5,11,0.455,1,2,0.5,11,11,1.0,3,6,9,0,3,1,0,0,4,6,22,1,0.092,108.6,106.9,0.112,0.118,15.8,92,0.064,0.694,80.01,107.6,95.94,0.0,0.0,96.01,107.7,0.0,-0.1,1.7,0.194,0.5,0.188,15.9,4.0,1.0,0.02,2.0,50.0,0.0,0.0,45.0,1.0,0.0,2.0,0.0,0.0,0.0,0.0,0.0,0.0,0.0,0.0,0.25,4.0,0.0,0.0,0.0,1.0,0.0,9.0,7.0,71.0,2.3,0.556,1.143,1.93,1.5,8.0,48.0,0.31,1.06,3.0,4.6,9.0,2.6,3.0,1.0,0.643,1.0,0.0,0.6,0.75,14.0,0.0,3.0,6.0,0.0,3.0,0.6,0.5,0.692,5.0,0.667,0.333,8.6,1.0,0.0,0.273,0.0,0.0,3.0,3.0,3.0,1.0,0.273,1.0,3.0,,2.0,0.182,0.0,0.0,0.0,0.0,0.182,2.0,0.0,,0.0,0.0,0.0,4.0,0.0,0.25,0.0,0.364,1.0,1.0,0.25,0.0,0.364,4.0,0.25,,0.182,1.0,0.0,0.0,2.0,0.182,,0.5,0.75,0.0,2.0,0.5,1.0,0.0,0.0,0.0,,,,0.0,0.0,12.0,0.0,5.0,0.75,0.5,0.5,1.0,3.0,8.0,0.0,0.0,0.0,0.0,0.0,4.0,2.0,0.5,0.0,0.0,0.0,0.0,0.0,4.0,0.0,0.0,1.0,0.0,0.0,0.0,1.0,0.0,4.0,1.0,89.0,45.0,0.405,0.506,0.619,-0.114,0.0,0.5,0.0,0.8,,0.0,0.0,2.0,0.0,4.0,0.0,0.0,0.0,0.0,0.0,1.0,0.0,0.0,5.0,3.0,0.0,,,0.0,0.0,0.0,1.0,2.0,0.5,2.0,1.0,0.75,1.0,2015,41400303,20150524.0,2014-15,True,1.0,16.0,32.0,0.5,0.454,0.047,5.0,11.0,0.455,0.353,11.0,21.0,0.524,0.515,10.0,15.0,0.667,0.594,6.0,15.0,0.4,0.35,3.0,4.0,6.0,6.0,1.0,1.5,1.0,0.125,0.0,0.0,0.0,0.0,3.0,0.375,,,,,,,,,,,,,,,,,,,,,
200794,Paul Millsap,1610612737,ATL,30.0,27.35333333333333,7,13,0.538,0,1,0.0,5,5,1.0,1,4,5,6,2,2,0,0,5,4,19,0,0.094,110.2,109.1,0.167,0.16,8.7,58,0.036,0.625,84.08,108.6,100.8,3.0,0.353,100.9,110.5,26.1,-1.9,1.1,0.268,0.538,0.262,8.6,7.0,0.0,0.159,13.0,44.0,0.136,1.0,42.0,7.0,1.0,3.0,0.833,2.0,0.0,0.167,0.0,0.0,0.0,0.0,0.333,6.0,0.0,0.0,0.667,2.0,5.0,2.0,7.0,61.0,2.1,1.0,0.857,2.04,0.0,2.0,41.0,0.311,1.11,1.0,4.0,5.0,4.2,4.0,1.0,0.5,1.0,1.0,0.2,1.0,10.0,1.0,0.0,4.0,0.0,0.0,0.2,0.0,0.556,5.0,0.8,0.2,3.1,0.75,0.0,0.308,0.0,0.0,3.0,3.0,4.0,0.75,0.308,0.75,4.0,,7.0,0.538,0.0,0.571,0.0,4.0,0.538,7.0,0.571,,4.0,0.571,0.0,1.0,0.0,0.0,0.0,0.077,0.0,0.0,0.0,0.0,0.077,1.0,0.0,,0.077,0.0,0.0,0.0,1.0,0.077,,0.0,0.0,0.0,1.0,0.0,0.0,1.0,0.0,2.0,0.5,0.5,,0.0,2.0,0.0,0.0,2.0,0.0,0.538,0.0,0.5,0.0,6.0,0.0,0.0,0.0,0.0,0.333,3.0,1.0,0.0,0.0,0.0,0.0,0.0,1.0,6.0,0.0,0.0,0.0,0.0,0.0,0.0,1.0,0.0,8.0,0.75,57.0,27.0,0.416,0.474,0.602,-0.128,0.0,0.0,,0.75,0.0,,0.0,1.0,0.0,6.0,0.0,0.333,,0.0,0.0,0.0,1.0,0.0,8.0,3.0,0.0,0.0,0.0,0.0,0.0,0.0,1.0,1.0,0.0,1.0,0.0,0.0,0.0,2015,41400204,20150511.0,2014-15,True,1.0,5.0,9.0,0.556,0.45,0.106,0.0,1.0,0.0,0.341,5.0,8.0,0.625,0.469,4.0,6.0,0.667,0.551,1.0,2.0,0.5,0.34,0.0,0.0,0.0,0.0,0.0,0.0,0.0,0.0,2.0,1.0,0.0,0.0,0.0,0.0,,,,,,,,,,,,,,,,,,,,,
200794,Paul Millsap,1610612737,ATL,30.0,23.73333333333333,1,7,0.143,0,2,0.0,2,3,0.667,0,4,4,4,0,2,0,0,2,3,4,-11,0.105,113.1,138.4,0.046,0.2,0.0,44,0.0,0.24,75.0,113.6,89.27,0.0,0.19,90.0,135.6,33.3,-21.9,-25.3,0.169,0.143,0.163,0.0,5.0,0.0,0.105,8.0,38.0,0.105,0.0,31.0,4.0,0.0,1.0,1.0,1.0,0.25,0.0,0.25,2.0,2.0,1.0,0.25,4.0,1.0,1.0,1.0,1.0,4.0,4.0,3.0,48.0,1.5,0.0,0.0,1.93,0.0,3.0,29.0,0.083,1.15,2.0,4.5,8.0,4.5,2.0,2.0,0.444,2.0,0.0,0.0,0.667,9.0,0.0,0.0,2.0,0.0,2.0,0.0,0.5,0.571,1.0,0.5,0.5,0.0,0.0,0.0,0.143,0.0,0.0,0.0,0.0,1.0,0.0,0.143,0.0,1.0,,3.0,0.429,0.0,0.333,0.0,1.0,0.429,3.0,0.333,,1.0,0.333,0.0,1.0,0.0,0.0,0.0,0.143,0.0,0.0,0.0,0.0,0.143,1.0,0.0,,0.286,0.0,0.0,0.0,2.0,0.286,,0.0,0.0,0.0,2.0,0.0,0.0,0.0,0.0,0.0,0.0,0.0,,0.0,1.0,0.0,0.0,0.0,0.0,0.143,0.0,0.0,0.0,0.0,0.0,0.0,0.0,0.0,0.5,2.0,1.0,0.0,1.0,0.0,0.0,0.0,1.0,0.0,0.0,0.0,0.0,0.0,1.0,0.0,2.0,0.0,1.0,0.0,452.0,269.0,0.451,0.595,0.586,0.009,2.0,0.0,,0.0,,,0.0,1.0,0.0,0.0,0.0,1.0,,0.0,0.0,0.0,1.0,1.0,2.0,1.0,0.0,,,0.0,0.0,0.0,0.0,3.0,0.0,2.0,0.0,0.0,0.0,2015,21401109,20150331.0,2014-15,False,1.0,5.0,11.0,0.455,0.427,0.028,2.0,4.0,0.5,0.344,3.0,7.0,0.429,0.46,3.0,6.0,0.5,0.511,2.0,5.0,0.4,0.361,0.0,1.0,0.0,0.0,0.0,0.0,0.0,0.0,2.0,0.667,0.0,0.0,0.0,0.0,,,,,,,,,,,,,,,,,,,,,
200794,Paul Millsap,1610612737,ATL,30.0,34.25,6,10,0.6,0,2,0.0,9,12,0.75,2,2,4,3,2,3,1,0,3,7,21,2,0.053,114.1,108.9,0.121,0.048,9.5,74,0.059,0.687,85.84,113.5,104.35,1.5,0.158,103.01,112.3,14.3,1.2,5.1,0.223,0.6,0.222,9.9,7.0,0.0,0.059,7.0,51.0,0.059,0.0,50.0,3.0,1.0,1.0,0.667,0.0,0.333,0.111,0.111,6.0,6.0,1.0,0.333,9.0,1.0,3.0,0.0,3.0,6.0,6.0,5.0,75.0,2.8,1.0,1.6,2.21,0.25,8.0,52.0,0.28,0.84,0.0,8.4,9.0,8.4,2.0,0.0,0.308,0.0,0.0,0.5,0.222,13.0,0.0,2.0,4.0,0.0,0.0,0.5,0.0,0.308,4.0,0.222,0.0,8.3,1.0,0.0,0.1,0.0,0.0,1.0,1.0,1.0,1.0,0.1,1.0,1.0,,1.0,0.1,0.0,1.0,0.0,1.0,0.1,1.0,1.0,,1.0,1.0,0.0,5.0,0.0,0.6,0.0,0.5,3.0,3.0,0.6,0.0,0.5,5.0,0.6,,0.3,0.0,1.0,0.1,2.0,0.2,1.0,0.0,0.333,1.0,3.0,0.333,1.0,1.0,0.0,2.0,0.5,0.5,,0.0,2.0,2.0,1.0,6.0,0.5,0.6,0.5,1.0,4.0,8.0,0.0,0.0,0.667,0.0,0.75,4.0,2.0,0.0,0.0,0.0,0.0,0.0,3.0,1.0,0.0,0.0,0.0,0.0,0.0,0.0,3.0,2.0,1.0,1.0,334.0,206.0,0.465,0.617,0.587,0.03,1.0,0.0,,1.0,,,0.0,1.0,1.0,1.0,0.0,0.667,,0.0,1.0,0.0,2.0,2.0,1.0,3.0,0.0,,,0.0,1.0,2.0,2.0,3.0,0.0,1.0,0.0,0.667,2.0,2015,21400749,20150206.0,2014-15,False,1.0,8.0,23.0,0.348,0.467,-0.119,1.0,6.0,0.167,0.375,7.0,17.0,0.412,0.509,7.0,16.0,0.438,0.565,1.0,7.0,0.143,0.384,1.0,2.0,0.0,2.0,0.0,0.25,0.0,0.0,1.0,0.125,1.0,0.125,2.0,0.25,,,,,,,,,,,,,,,,,,,,,
200794,Paul Millsap,1610612737,ATL,30.0,28.883333333333333,5,15,0.333,0,2,0.0,1,4,0.25,5,4,9,0,4,1,1,4,2,4,11,-20,0.129,72.9,106.9,0.0,0.129,20.0,63,0.128,0.328,87.25,76.2,107.59,0.0,0.0,104.7,107.9,0.0,-31.7,-33.9,0.267,0.333,0.26,19.3,7.0,0.0,0.0,0.0,37.0,0.0,0.0,33.0,0.0,1.0,1.0,0.5,1.0,0.0,0.25,0.0,0.0,0.0,0.0,0.5,4.0,0.0,0.0,1.0,2.0,2.0,4.0,5.0,57.0,1.8,0.5,0.4,1.91,0.0,5.0,39.0,0.193,0.88,6.0,6.9,8.0,5.6,3.0,0.0,0.529,0.0,1.0,0.556,0.5,17.0,5.0,0.0,3.0,0.0,1.0,0.556,0.25,0.529,9.0,0.5,0.667,8.1,0.4,0.0,0.455,0.0,0.0,2.0,2.0,5.0,0.4,0.455,0.4,5.0,,2.0,0.182,0.0,0.5,0.0,1.0,0.182,2.0,0.5,,1.0,0.5,0.0,4.0,2.0,0.5,0.0,0.364,2.0,2.0,1.0,0.182,0.182,2.0,0.5,0.0,,,,,,,,,,,,,,1.0,0.0,2.0,1.0,1.0,,0.0,1.0,0.0,0.333,2.0,0.0,0.333,0.25,0.25,2.0,2.0,0.0,0.0,0.667,0.0,0.0,0.0,2.0,0.0,0.0,0.0,0.0,0.0,0.0,3.0,0.0,0.0,0.0,0.0,0.0,0.0,3.0,2.0,10.0,0.3,357.0,218.0,0.466,0.611,0.587,0.024,3.0,0.0,,0.3,,,0.0,2.0,0.0,3.0,0.0,0.0,,0.0,0.667,0.0,0.0,0.0,10.0,0.0,0.0,,,0.0,2.0,0.0,0.0,4.0,0.0,2.0,0.0,0.25,1.0,2015,21400805,20150220.0,2014-15,False,1.0,5.0,9.0,0.556,0.493,0.063,2.0,3.0,0.667,0.347,3.0,6.0,0.5,0.554,2.0,5.0,0.4,0.602,2.0,3.0,0.667,0.36,0.0,1.0,0.0,0.0,0.0,0.0,2.0,0.4,0.0,0.0,1.0,0.2,0.0,0.0,,,,,,,,,,,,,,,,,,,,,
200794,Paul Millsap,1610612737,ATL,30.0,34.016666666666666,7,15,0.467,2,5,0.4,3,6,0.5,1,8,9,2,2,2,1,0,1,4,19,2,0.164,116.1,113.4,0.114,0.267,9.1,67,0.04,0.539,79.37,117.9,95.92,1.0,0.091,95.25,113.2,9.1,4.7,2.7,0.276,0.533,0.282,9.2,4.0,0.0,0.083,5.0,48.0,0.042,2.0,45.0,4.0,1.0,2.0,0.5,1.0,0.167,0.167,0.0,2.0,1.0,0.0,0.333,6.0,0.5,1.0,0.5,2.0,3.0,0.0,3.0,69.0,2.0,0.0,0.667,1.77,0.286,7.0,45.0,0.275,0.74,4.0,6.4,9.0,6.9,5.0,0.0,0.643,0.0,1.0,0.2,0.889,14.0,1.0,0.0,5.0,0.0,3.0,0.2,0.375,0.643,5.0,0.889,0.444,2.4,1.0,0.0,0.067,0.0,0.0,1.0,1.0,1.0,1.0,0.067,1.0,1.0,,7.0,0.467,0.0,0.429,0.0,3.0,0.467,7.0,0.429,,3.0,0.429,0.0,2.0,1.0,1.25,1.0,0.133,2.0,1.0,1.0,0.067,0.067,1.0,1.0,1.0,0.333,1.0,0.0,0.067,4.0,0.267,0.0,0.25,0.3,1.0,5.0,0.2,1.0,2.0,1.0,4.0,0.667,0.667,0.0,0.0,3.0,2.0,0.0,0.0,0.0,0.533,0.4,0.5,6.0,2.0,1.0,0.0,0.5,0.0,0.0,1.0,4.0,0.25,1.0,1.0,1.0,1.0,0.0,3.0,0.0,0.0,1.0,0.0,1.0,0.0,4.0,2.0,5.0,0.6,42.0,30.0,0.359,0.714,0.583,0.132,2.0,0.333,,0.5,1.0,,0.0,3.0,0.0,3.0,0.0,0.0,,0.0,0.5,1.0,0.0,2.0,6.0,0.0,1.0,0.0,0.0,2.0,1.0,0.0,1.0,5.0,0.5,4.0,2.0,0.6,2.0,2015,21400124,20141114.0,2014-15,False,1.0,5.0,13.0,0.385,0.431,-0.047,2.0,7.0,0.286,0.372,3.0,6.0,0.5,0.474,3.0,4.0,0.75,0.507,2.0,8.0,0.25,0.383,0.0,2.0,2.0,4.0,0.5,0.286,3.0,0.429,0.0,0.0,0.0,0.0,2.0,0.286,,,,,,,,,,,,,,,,,,,,,
200794,Paul Millsap,1610612737,ATL,30.0,27.925,5,7,0.714,3,4,0.75,0,0,0.0,2,1,3,5,3,2,0,1,3,2,13,21,0.068,151.8,124.3,0.09,0.045,20.0,54,0.091,0.929,76.63,159.3,93.61,1.67,0.172,91.96,122.6,33.3,36.6,27.5,0.155,0.929,0.159,20.0,6.0,0.0,0.136,14.0,44.0,0.114,1.0,36.0,6.0,0.0,1.0,0.5,1.0,0.0,0.0,0.25,0.0,0.0,1.0,0.25,4.0,0.0,0.0,1.0,1.0,2.0,2.0,2.0,56.0,2.1,0.0,0.0,2.22,0.4,5.0,36.0,0.232,1.2,1.0,5.4,4.0,0.4,1.0,0.0,0.375,0.0,0.5,0.5,0.25,8.0,1.0,1.0,2.0,0.0,0.0,0.5,0.0,0.375,4.0,0.25,0.333,8.0,,,,,,,,,,,,,,1.0,0.167,0.0,1.0,0.0,1.0,0.167,1.0,1.0,,1.0,1.0,0.0,4.0,3.0,1.0,2.0,0.667,3.0,1.0,1.0,0.5,0.167,1.0,0.75,0.667,0.167,1.0,0.0,0.0,1.0,0.167,,1.0,1.5,0.0,1.0,1.0,1.0,0.0,0.0,0.0,,,,0.0,0.0,2.0,0.0,0.0,0.5,0.929,0.75,0.0,9.0,0.0,0.0,0.0,0.0,0.0,1.0,1.0,4.0,0.75,0.0,0.0,0.0,0.0,1.0,1.0,0.0,0.0,3.0,0.0,0.0,0.0,1.0,0.0,1.0,1.0,394.0,238.0,0.453,0.604,0.587,0.017,0.0,0.5,,1.0,,,0.0,2.0,0.0,1.0,0.0,0.5,,0.0,0.0,1.0,1.0,2.0,1.0,2.0,1.0,,,2.0,0.0,0.0,0.0,4.0,0.75,4.0,3.0,1.125,3.0,2015,21400939,20150309.0,2014-15,False,1.0,4.0,10.0,0.4,0.457,-0.057,1.0,2.0,0.5,0.337,3.0,8.0,0.375,0.492,3.0,7.0,0.429,0.541,1.0,3.0,0.333,0.363,1.0,2.0,0.0,0.0,0.0,0.4,2.0,0.4,1.0,0.2,0.0,0.0,0.0,0.0,,,,,,,,,,,,,,,,,,,,,
200794,Paul Millsap,1610612737,ATL,30.0,33.486666666666665,4,7,0.571,2,3,0.667,1,2,0.5,0,7,7,1,1,3,1,0,4,4,11,12,0.127,119.6,104.8,0.106,0.25,10.0,69,0.0,0.698,81.23,118.8,97.01,1.0,0.042,97.47,104.5,10.0,14.4,14.8,0.119,0.714,0.12,10.1,4.0,0.0,0.024,2.0,42.0,0.024,0.0,32.0,1.0,1.0,1.0,0.333,1.0,0.0,0.167,0.167,0.0,0.0,1.0,0.5,6.0,0.0,0.0,1.0,3.0,2.0,2.0,3.0,57.0,2.1,1.0,0.667,2.19,1.0,1.0,32.0,0.193,1.05,4.0,3.8,10.0,3.8,3.0,1.0,0.7,1.0,0.0,0.0,0.778,10.0,0.0,0.0,3.0,0.0,4.0,0.0,0.571,0.778,0.0,0.7,0.571,0.0,0.5,0.0,0.286,0.0,0.0,1.0,1.0,2.0,0.5,0.286,0.5,2.0,,,,,,,,,,,,,,,,,,,,,,,,,,,,0.714,2.0,1.0,0.286,3.0,0.429,0.5,0.667,0.8,2.0,5.0,0.6,3.0,0.0,0.0,0.0,0.0,0.0,,0.0,1.0,1.0,1.0,2.0,0.0,0.714,0.75,0.5,8.0,2.0,0.5,0.0,0.0,0.0,1.0,1.0,1.0,1.0,1.0,1.0,1.0,1.0,1.0,1.0,0.0,1.0,1.0,0.0,2.0,0.0,1.0,0.0,2.0,0.5,320.0,200.0,0.46,0.625,0.586,0.039,0.0,0.0,,0.5,,,0.0,0.0,1.0,1.0,0.0,0.0,,0.0,0.0,0.0,0.0,4.0,2.0,0.0,0.5,,,2.0,0.0,1.0,1.0,3.0,0.5,2.0,1.0,0.833,2.0,2015,21400732,20150204.0,2014-15,False,1.0,9.0,15.0,0.6,0.488,0.112,,,,,9.0,15.0,0.6,0.498,8.0,11.0,0.727,0.589,1.0,4.0,0.25,0.398,0.0,0.0,1.0,2.0,0.5,1.0,0.0,0.0,0.0,0.0,0.0,0.0,1.0,1.0,,,,,,,,,,,,,,,,,,,,,
200794,Paul Millsap,1610612737,ATL,30.0,32.53333333333333,8,12,0.667,2,4,0.5,2,2,1.0,1,4,5,6,1,4,0,1,3,3,20,9,0.111,131.5,115.7,0.187,0.2,5.0,59,0.04,0.776,72.54,133.9,88.94,6.0,0.24,87.05,118.6,30.0,15.3,15.8,0.207,0.75,0.209,5.0,8.0,0.0,0.12,14.0,50.0,0.12,0.0,41.0,6.0,0.0,4.0,1.6,4.0,0.0,0.0,0.2,0.0,0.0,1.0,0.0,5.0,0.0,0.0,1.0,0.0,8.0,1.0,2.0,65.0,2.1,2.0,2.0,1.97,0.0,2.0,37.0,0.308,0.88,4.0,3.7,7.0,3.8,1.0,1.0,0.5,1.0,1.0,0.333,0.667,10.0,1.0,0.0,1.0,0.0,3.0,0.333,0.75,0.556,3.0,0.571,0.8,3.6,0.5,0.0,0.182,0.0,0.0,1.0,1.0,2.0,0.5,0.182,0.5,2.0,,4.0,0.364,0.0,1.0,0.0,4.0,0.364,4.0,1.0,,4.0,1.0,0.0,2.0,1.0,1.25,1.0,0.182,2.0,1.0,1.0,0.091,0.091,1.0,1.0,1.0,0.273,1.0,0.0,0.0,3.0,0.273,,0.333,0.5,0.0,3.0,0.333,1.0,1.0,0.0,2.0,1.0,1.0,,0.0,1.0,0.0,1.0,2.0,0.0,0.75,0.5,1.0,6.0,4.0,1.0,0.0,1.0,1.0,0.5,2.0,3.0,0.333,0.0,1.0,0.0,0.0,1.0,4.0,1.0,1.0,1.0,0.0,1.0,0.0,1.0,1.0,5.0,0.8,280.0,179.0,0.455,0.639,0.587,0.052,1.0,1.0,,0.8,,,0.0,1.0,0.0,4.0,0.0,0.5,,0.0,1.0,1.0,1.0,3.0,5.0,2.0,0.333,,,1.0,1.0,0.0,0.0,4.0,0.5,4.0,2.0,0.75,2.0,2015,21400661,20150125.0,2014-15,False,1.0,9.0,12.0,0.75,0.447,0.303,1.0,3.0,0.333,0.333,8.0,9.0,0.889,0.477,8.0,9.0,0.889,0.54,1.0,3.0,0.333,0.356,0.0,1.0,0.0,0.0,0.0,0.0,1.0,0.5,0.0,0.0,0.0,0.0,0.0,0.0,,,,,,,,,,,,,,,,,,,,,
200794,Paul Millsap,1610612737,ATL,30.0,30.383333333333333,8,10,0.8,1,1,1.0,5,6,0.833,3,8,11,2,4,2,1,1,0,4,22,-12,0.193,84.8,104.4,0.261,0.296,21.1,62,0.1,0.87,82.28,85.5,98.58,0.5,0.143,98.74,103.2,10.5,-17.7,-19.6,0.243,0.85,0.243,21.5,12.0,0.0,0.048,4.0,42.0,0.048,0.0,38.0,2.0,0.0,3.0,0.857,2.0,0.143,0.0,0.0,2.0,2.0,0.0,0.429,7.0,1.0,1.0,0.667,3.0,6.0,2.0,8.0,61.0,2.0,1.0,0.75,1.95,0.0,6.0,41.0,0.361,1.13,6.0,6.5,10.0,7.5,5.0,0.0,0.733,0.0,1.0,0.6,0.8,15.0,3.0,0.0,5.0,0.0,3.0,0.6,0.375,0.733,5.0,0.8,0.545,3.9,1.0,0.0,0.333,0.0,0.0,3.0,3.0,3.0,1.0,0.333,1.0,3.0,,5.0,0.556,0.0,0.8,0.0,4.0,0.556,5.0,0.8,,4.0,0.8,0.0,,,,,,,,,,,,,,0.111,1.0,0.0,0.0,1.0,0.111,,1.0,1.5,0.0,1.0,1.0,1.0,0.0,0.0,0.0,,,,0.0,0.0,0.0,1.0,2.0,0.0,0.85,1.0,0.75,3.0,6.0,1.0,0.0,0.0,0.0,0.0,0.0,0.0,0.0,1.0,1.0,1.0,1.0,0.0,7.0,0.0,0.0,0.0,0.0,1.0,0.0,0.0,0.0,9.0,0.778,174.0,118.0,0.439,0.678,0.585,0.094,0.0,0.0,,0.778,0.0,,0.0,0.0,0.0,7.0,0.0,0.0,,0.0,0.0,0.0,0.0,1.0,9.0,0.0,1.0,0.0,0.0,1.0,0.0,0.0,0.0,1.0,1.0,1.0,1.0,1.5,1.0,2015,21400434,20141226.0,2014-15,False,1.0,4.0,8.0,0.5,0.436,0.064,2.0,3.0,0.667,0.366,2.0,5.0,0.4,0.445,0.0,2.0,0.0,0.549,4.0,6.0,0.667,0.35,0.0,0.0,0.0,0.0,0.0,0.0,3.0,0.5,2.0,0.333,1.0,0.167,0.0,0.0,,,,,,,,,,,,,,,,,,,,,
200794,Paul Millsap,1610612737,ATL,30.0,22.55333333333333,7,11,0.636,0,1,0.0,0,0,0.0,2,6,8,4,0,1,0,0,2,2,14,27,0.222,158.0,89.1,0.2,0.25,0.0,40,0.167,0.636,70.94,157.5,85.43,0.0,0.211,85.13,90.0,26.7,67.5,68.9,0.263,0.636,0.262,0.0,7.0,0.0,0.133,11.0,30.0,0.133,0.0,28.0,4.0,0.0,1.0,0.4,1.0,0.0,0.0,0.4,0.0,0.0,2.0,0.4,5.0,0.0,0.0,1.0,2.0,2.0,2.0,7.0,43.0,1.4,0.0,1.143,1.98,1.0,2.0,30.0,0.326,1.09,5.0,4.2,9.0,4.6,3.0,0.0,0.727,0.0,1.0,1.0,0.667,11.0,2.0,0.0,3.0,0.0,3.0,1.0,0.5,0.727,2.0,0.667,0.625,3.0,0.5,0.0,0.182,0.0,0.0,1.0,1.0,2.0,0.5,0.182,0.5,2.0,,5.0,0.455,0.0,0.6,0.0,3.0,0.455,5.0,0.6,,3.0,0.6,0.0,3.0,0.0,1.0,0.0,0.273,3.0,3.0,1.0,0.0,0.273,3.0,1.0,,0.091,0.0,0.0,0.0,1.0,0.091,,0.0,0.0,0.0,1.0,0.0,0.0,0.0,0.0,0.0,,,,0.0,0.0,2.0,0.0,0.0,0.5,0.636,0.0,0.571,0.0,8.0,0.0,0.0,0.0,0.0,0.0,1.0,1.0,0.0,0.0,0.0,0.0,0.0,0.0,7.0,0.0,0.0,0.0,0.0,0.0,0.0,0.0,0.0,9.0,0.778,151.0,106.0,0.443,0.702,0.58,0.122,0.0,0.0,,0.778,,,0.0,1.0,0.0,7.0,0.0,0.0,,0.0,0.0,0.0,0.0,0.0,9.0,1.0,0.0,,,0.0,0.0,0.0,0.0,1.0,0.0,1.0,0.0,0.0,0.0,2015,21400370,20141217.0,2014-15,False,1.0,6.0,8.0,0.75,0.462,0.288,1.0,1.0,1.0,0.374,5.0,7.0,0.714,0.5,4.0,5.0,0.8,0.56,2.0,2.0,1.0,0.397,1.0,2.0,0.0,0.0,0.0,1.0,0.0,0.0,0.0,0.0,0.0,0.0,0.0,0.0,,,,,,,,,,,,,,,,,,,,,
200794,Paul Millsap,1610612737,ATL,30.0,36.16666666666666,9,20,0.45,2,5,0.4,5,5,1.0,5,6,11,3,1,1,4,1,1,3,25,19,0.159,105.0,81.1,0.239,0.182,3.8,69,0.139,0.563,76.31,110.1,94.68,3.0,0.136,91.58,82.6,11.5,27.5,23.9,0.292,0.5,0.291,3.8,8.0,1.0,0.115,7.0,52.0,0.058,2.0,47.0,6.0,0.0,5.0,0.667,2.0,0.111,0.0,0.0,2.0,2.0,0.0,0.333,9.0,1.0,1.0,0.4,3.0,6.0,3.0,6.0,73.0,2.7,0.667,1.0,2.2,0.0,1.0,52.0,0.342,1.1,4.0,3.8,7.0,3.8,4.0,0.0,0.688,0.0,0.6,0.556,0.857,16.0,3.0,2.0,6.0,0.0,1.0,0.556,0.167,0.688,9.0,0.857,0.364,3.9,0.6,0.0,0.294,0.0,0.0,3.0,3.0,5.0,0.6,0.294,0.6,5.0,,4.0,0.235,0.0,0.5,0.0,2.0,0.235,4.0,0.5,,2.0,0.5,0.0,3.0,1.0,0.333,0.0,0.176,1.0,1.0,0.5,0.059,0.118,2.0,0.333,0.0,0.294,2.0,0.0,0.059,4.0,0.235,0.0,0.5,0.6,1.0,5.0,0.4,2.0,0.0,0.0,0.0,0.0,0.0,,0.0,1.0,0.0,0.5,2.0,0.0,0.5,0.333,1.0,6.0,6.0,0.0,0.0,0.0,0.0,0.4,5.0,5.0,0.4,0.0,0.0,0.0,0.0,2.0,5.0,0.0,0.0,2.0,0.0,0.0,0.0,2.0,0.0,8.0,0.625,432.0,258.0,0.449,0.597,0.586,0.011,2.0,0.4,,0.625,,,0.0,5.0,0.0,5.0,0.0,0.4,,0.0,0.0,2.0,2.0,0.0,8.0,5.0,0.0,,,0.0,0.0,0.0,0.0,6.0,0.4,5.0,2.0,0.5,2.0,2015,21401062,20150325.0,2014-15,False,1.0,5.0,13.0,0.385,0.47,-0.085,0.0,2.0,0.0,0.342,5.0,11.0,0.455,0.49,3.0,7.0,0.429,0.52,2.0,6.0,0.333,0.396,0.0,0.0,0.0,0.0,0.0,0.0,1.0,1.0,0.0,0.0,0.0,0.0,0.0,0.0,,,,,,,,,,,,,,,,,,,,,
200794,Paul Millsap,1610612737,ATL,30.0,34.06666666666667,7,13,0.538,1,3,0.333,2,2,1.0,1,7,8,3,3,1,0,1,4,2,17,16,0.121,107.2,85.3,0.124,0.219,15.0,67,0.029,0.612,79.26,109.0,95.05,1.0,0.13,95.11,83.8,15.0,25.1,21.9,0.216,0.577,0.218,15.1,6.0,0.0,0.056,7.0,54.0,0.056,0.0,48.0,3.0,0.0,2.0,0.667,2.0,0.0,0.0,0.0,0.0,0.0,0.0,0.667,6.0,0.0,0.0,1.0,4.0,4.0,3.0,13.0,72.0,2.1,0.0,0.615,1.74,0.444,9.0,48.0,0.236,0.72,1.0,4.2,13.0,4.0,7.0,0.0,0.471,0.0,1.0,0.25,0.538,17.0,1.0,0.0,7.0,0.0,0.0,0.25,0.0,0.471,4.0,0.538,0.125,5.6,0.667,0.0,0.25,0.0,0.0,2.0,2.0,3.0,0.667,0.25,0.667,3.0,,4.0,0.333,0.0,0.75,0.0,3.0,0.333,4.0,0.75,,3.0,0.75,0.0,2.0,0.0,0.5,0.0,0.167,1.0,1.0,0.5,0.0,0.167,2.0,0.5,,0.25,1.0,0.0,0.0,3.0,0.25,,0.333,0.5,0.0,3.0,0.333,1.0,1.0,0.0,2.0,0.5,0.5,,0.0,2.0,4.0,0.0,0.0,0.5,0.577,0.25,0.6,3.0,8.0,0.0,0.0,0.0,0.0,1.0,1.0,2.0,0.5,0.0,0.0,0.0,0.0,1.0,5.0,0.0,1.0,1.0,0.0,1.0,0.0,2.0,0.0,7.0,0.714,136.0,95.0,0.452,0.699,0.579,0.119,0.0,1.0,,0.714,,,0.0,1.0,0.0,5.0,0.0,1.0,,0.0,0.0,1.0,1.0,2.0,7.0,1.0,0.0,,,0.0,0.0,0.0,2.0,4.0,0.333,3.0,1.0,0.375,1.0,2015,21400319,20141210.0,2014-15,False,1.0,8.0,10.0,0.8,0.396,0.405,2.0,4.0,0.5,0.359,6.0,6.0,1.0,0.421,6.0,6.0,1.0,0.466,2.0,4.0,0.5,0.347,2.0,4.0,0.0,0.0,0.0,0.444,1.0,0.111,2.0,0.222,1.0,0.111,0.0,0.0,,,,,,,,,,,,,,,,,,,,,
200794,Paul Millsap,1610612737,ATL,30.0,34.66166666666667,6,10,0.6,0,2,0.0,3,4,0.75,2,7,9,2,1,2,0,0,4,5,15,5,0.15,121.3,117.9,0.114,0.226,7.1,64,0.069,0.638,72.7,121.9,87.38,2.0,0.083,87.24,117.7,14.3,4.1,3.5,0.177,0.6,0.164,6.8,7.0,0.0,0.051,5.0,59.0,0.034,1.0,50.0,3.0,1.0,2.0,0.556,2.0,0.0,0.111,0.111,0.0,0.0,1.0,0.556,9.0,0.0,0.0,1.0,5.0,5.0,3.0,3.0,74.0,2.9,0.0,0.0,2.32,0.0,4.0,54.0,0.203,1.26,4.0,4.5,8.0,4.7,4.0,0.0,0.818,0.0,1.0,0.667,0.875,11.0,2.0,0.0,4.0,0.0,2.0,0.667,0.286,0.818,3.0,0.875,0.444,4.1,1.0,0.0,0.5,0.0,0.0,5.0,5.0,5.0,1.0,0.5,1.0,5.0,,1.0,0.1,0.0,1.0,0.0,1.0,0.1,1.0,1.0,,1.0,1.0,0.0,2.0,0.0,0.0,0.0,0.2,0.0,0.0,0.0,0.0,0.2,2.0,0.0,,0.2,0.0,0.0,0.0,2.0,0.2,,0.0,0.0,0.0,2.0,0.0,0.0,0.0,0.0,0.0,0.0,0.0,,0.0,2.0,0.0,0.0,0.0,0.0,0.6,0.0,0.0,0.0,0.0,0.0,0.0,0.0,0.0,1.0,1.0,0.0,0.0,1.0,0.0,0.0,0.0,1.0,5.0,0.0,1.0,0.0,0.0,2.0,0.0,2.0,0.0,5.0,1.0,447.0,266.0,0.451,0.595,0.586,0.009,2.0,0.0,,1.0,0.0,,0.0,0.0,0.0,5.0,0.0,1.0,,0.0,0.0,0.0,1.0,2.0,5.0,1.0,0.0,0.0,0.0,0.0,0.0,0.0,0.0,2.0,0.0,2.0,0.0,0.0,0.0,2015,21401103,20150330.0,2014-15,False,1.0,8.0,14.0,0.571,0.464,0.108,1.0,3.0,0.333,0.383,7.0,11.0,0.636,0.479,5.0,8.0,0.625,0.521,2.0,5.0,0.4,0.404,0.0,1.0,0.0,0.0,0.0,0.0,3.0,0.75,0.0,0.0,0.0,0.0,0.0,0.0,,,,,,,,,,,,,,,,,,,,,
200794,Paul Millsap,1610612737,ATL,30.0,32.96666666666667,7,15,0.467,3,5,0.6,6,10,0.6,1,7,8,2,2,1,0,2,2,7,23,0,0.133,102.5,101.5,0.159,0.269,8.3,64,0.029,0.593,78.26,103.1,94.2,1.0,0.133,93.91,101.5,8.3,1.6,1.1,0.313,0.567,0.314,8.5,8.0,1.0,0.073,7.0,41.0,0.049,0.0,42.0,3.0,0.0,1.0,0.167,0.0,0.167,0.0,0.0,2.0,1.0,0.0,0.667,6.0,0.5,1.0,0.0,4.0,1.0,6.0,4.0,64.0,2.3,0.0,0.0,2.17,0.2,10.0,45.0,0.359,1.02,5.0,5.7,6.0,5.7,3.0,0.0,0.667,1.0,1.0,0.167,1.167,12.0,1.0,0.0,3.0,1.0,4.0,0.2,0.571,0.727,6.0,1.167,0.625,5.5,1.0,0.0,0.154,0.0,0.0,2.0,2.0,2.0,1.0,0.154,1.0,2.0,,2.0,0.154,0.0,0.0,0.0,0.0,0.154,2.0,0.0,,0.0,0.0,0.0,5.0,2.0,0.5,1.0,0.385,2.0,1.0,0.333,0.154,0.231,3.0,0.4,0.5,0.308,2.0,1.0,0.077,3.0,0.231,1.0,0.667,1.0,1.0,4.0,0.75,3.0,1.0,0.0,2.0,0.5,0.5,,0.0,2.0,2.0,0.0,0.0,0.333,0.567,0.571,0.0,11.0,0.0,0.0,0.0,0.5,0.0,0.0,1.0,5.0,0.6,0.0,0.0,0.0,0.0,0.0,2.0,0.0,0.0,3.0,0.0,0.0,0.0,4.0,2.0,5.0,0.4,139.0,98.0,0.444,0.705,0.58,0.125,3.0,0.333,,0.333,0.0,,0.0,3.0,0.0,2.0,0.0,0.0,,0.0,0.333,1.0,0.0,3.0,6.0,0.0,1.0,0.0,0.0,3.0,1.0,0.0,0.0,7.0,0.6,5.0,3.0,0.786,4.0,2015,21400330,20141212.0,2014-15,False,1.0,5.0,12.0,0.417,0.446,-0.029,1.0,6.0,0.167,0.374,4.0,6.0,0.667,0.528,3.0,3.0,1.0,0.624,1.0,7.0,0.143,0.374,1.0,3.0,0.0,2.0,0.0,0.2,4.0,0.4,0.0,0.0,2.0,0.2,1.0,0.1,,,,,,,,,,,,,,,,,,,,,
200794,Paul Millsap,1610612737,ATL,30.0,32.126666666666665,4,13,0.308,0,2,0.0,5,9,0.556,5,5,10,5,4,1,0,2,3,7,13,-14,0.135,97.0,116.6,0.048,0.132,15.4,64,0.139,0.383,79.06,98.4,97.86,1.25,0.238,94.87,122.2,19.2,-23.8,-19.6,0.287,0.308,0.284,15.4,8.0,0.0,0.182,13.0,33.0,0.152,1.0,36.0,6.0,1.0,2.0,0.0,0.0,0.0,0.167,0.333,0.0,0.0,2.0,0.167,6.0,0.0,0.0,0.0,1.0,0.0,4.0,12.0,57.0,2.1,0.0,0.5,2.19,0.5,2.0,41.0,0.228,1.23,5.0,5.5,9.0,6.4,3.0,0.0,0.556,0.0,0.6,0.556,0.556,18.0,3.0,2.0,5.0,0.0,2.0,0.556,0.4,0.556,9.0,0.556,0.5,4.5,1.0,0.0,0.091,0.0,0.0,1.0,1.0,1.0,1.0,0.091,1.0,1.0,,4.0,0.364,0.0,0.75,0.0,3.0,0.364,4.0,0.75,,3.0,0.75,0.0,2.0,0.0,0.0,0.0,0.182,0.0,0.0,0.0,0.0,0.182,2.0,0.0,,0.364,0.0,0.0,0.182,2.0,0.182,0.0,0.0,0.0,2.0,4.0,0.0,0.0,0.0,0.0,0.0,0.0,0.0,,0.0,1.0,1.0,0.0,0.0,0.0,0.308,0.0,0.5,0.0,6.0,0.0,0.0,0.0,0.0,0.0,4.0,1.0,0.0,1.0,0.0,0.0,0.0,0.0,4.0,0.0,0.0,0.0,0.0,1.0,0.0,1.0,0.0,6.0,0.667,7.0,4.0,0.389,0.571,0.599,-0.027,1.0,0.0,,0.5,,,0.0,0.0,0.0,4.0,0.0,0.0,,0.0,0.0,0.0,0.0,2.0,8.0,2.0,0.0,,,0.0,0.0,0.0,0.0,2.0,0.0,2.0,0.0,0.0,0.0,2015,21400008,20141029.0,2014-15,False,1.0,7.0,18.0,0.389,0.494,-0.105,0.0,2.0,0.0,0.333,7.0,16.0,0.438,0.526,5.0,13.0,0.385,0.576,2.0,5.0,0.4,0.359,0.0,0.0,1.0,2.0,0.5,0.5,1.0,0.5,0.0,0.0,0.0,0.0,1.0,0.5,,,,,,,,,,,,,,,,,,,,,
200794,Paul Millsap,1610612737,ATL,30.0,37.75,3,11,0.273,0,3,0.0,7,10,0.7,3,4,7,3,3,0,1,1,6,6,13,4,0.09,99.7,93.7,0.018,0.103,13.6,71,0.077,0.422,74.7,101.4,92.08,1.0,0.125,89.64,97.1,13.6,4.3,6.0,0.235,0.273,0.241,14.0,6.0,0.0,0.07,8.0,43.0,0.07,0.0,37.0,3.0,0.0,6.0,0.667,2.0,0.111,0.0,0.111,2.0,2.0,1.0,0.111,9.0,1.0,1.0,0.333,1.0,6.0,6.0,5.0,63.0,2.6,0.333,0.4,2.45,0.5,4.0,38.0,0.206,1.44,6.0,5.3,13.0,4.8,1.0,1.0,0.35,2.0,1.0,0.429,0.333,20.0,3.0,0.0,1.0,1.0,3.0,0.5,0.75,0.389,7.0,0.308,0.857,6.0,,,,,,,,,,,,,,5.0,0.5,0.0,0.6,0.0,3.0,0.5,5.0,0.6,,3.0,0.6,0.0,5.0,3.0,0.0,0.0,0.5,0.0,0.0,0.0,0.3,0.2,2.0,0.0,0.0,,,,,,,,,,,,,,1.0,0.0,2.0,0.5,0.5,,0.0,2.0,2.0,0.0,2.0,0.0,0.273,0.0,0.0,0.0,2.0,0.0,0.0,0.333,0.0,0.0,2.0,3.0,0.0,0.0,0.0,0.0,0.0,0.0,2.0,0.0,0.0,0.0,0.0,0.0,0.0,3.0,1.0,3.0,0.667,75.0,36.0,0.421,0.48,0.614,-0.134,2.0,0.0,0.0,0.667,0.0,0.0,0.0,2.0,0.0,2.0,0.0,0.0,0.0,0.0,0.5,0.0,0.0,1.0,3.0,3.0,0.0,0.0,0.0,0.0,1.0,0.0,0.0,3.0,0.0,3.0,0.0,0.0,0.0,2015,41400301,20150520.0,2014-15,True,1.0,7.0,14.0,0.5,0.461,0.039,2.0,3.0,0.667,0.378,5.0,11.0,0.455,0.513,4.0,8.0,0.5,0.594,3.0,6.0,0.5,0.379,0.0,0.0,2.0,2.0,1.0,0.5,3.0,0.75,0.0,0.0,0.0,0.0,1.0,0.25,,,,,,,,,,,,,,,,,,,,,
200794,Paul Millsap,1610612737,ATL,30.0,33.78333333333333,6,14,0.429,3,4,0.75,4,4,1.0,1,3,4,2,4,3,0,0,3,3,19,7,0.066,111.3,99.2,0.114,0.094,18.2,64,0.034,0.603,76.96,114.1,93.83,0.5,0.133,92.35,100.0,9.1,14.1,12.1,0.276,0.536,0.274,18.4,2.0,0.0,0.061,6.0,33.0,0.061,0.0,39.0,2.0,0.0,1.0,0.0,0.0,0.0,0.0,0.0,0.0,0.0,0.0,0.0,1.0,0.0,0.0,0.0,0.0,0.0,2.0,4.0,56.0,2.2,0.0,0.0,2.37,0.286,14.0,41.0,0.339,1.21,1.0,10.8,5.0,12.4,3.0,0.0,0.364,0.0,1.0,0.167,0.6,11.0,1.0,0.0,3.0,0.0,0.0,0.167,0.0,0.364,6.0,0.6,0.25,6.0,0.0,0.0,0.143,0.0,0.0,0.0,0.0,2.0,0.0,0.143,0.0,2.0,,5.0,0.357,0.0,0.4,0.0,2.0,0.357,5.0,0.4,,2.0,0.4,0.0,4.0,1.0,0.25,0.0,0.286,1.0,1.0,0.333,0.071,0.214,3.0,0.25,0.0,0.214,3.0,0.0,0.0,3.0,0.214,,1.0,1.5,0.0,3.0,1.0,3.0,1.0,0.0,2.0,0.25,0.25,,0.0,4.0,4.0,0.0,0.0,0.25,0.536,0.833,0.0,13.0,0.0,0.5,0.0,0.5,1.0,0.25,4.0,2.0,1.0,1.0,1.0,0.0,0.0,1.0,0.0,1.0,1.0,2.0,0.0,2.0,0.0,4.0,2.0,2.0,0.0,32.0,23.0,0.356,0.719,0.582,0.137,1.0,1.0,,0.0,0.0,,0.0,1.0,0.25,0.0,0.0,0.333,,0.0,1.0,1.0,1.0,3.0,2.0,3.0,0.667,0.0,0.0,2.0,1.0,1.0,4.0,6.0,0.75,4.0,3.0,1.083,5.0,2015,21400100,20141110.0,2014-15,False,1.0,8.0,17.0,0.471,0.438,0.033,0.0,3.0,0.0,0.341,8.0,14.0,0.571,0.467,3.0,4.0,0.75,0.546,5.0,11.0,0.455,0.39,1.0,4.0,2.0,2.0,1.0,0.286,6.0,0.429,0.0,0.0,1.0,0.071,1.0,0.071,,,,,,,,,,,,,,,,,,,,,
200794,Paul Millsap,1610612737,ATL,30.0,33.31666666666667,7,14,0.5,1,2,0.5,2,3,0.667,1,10,11,1,2,4,1,0,5,5,17,5,0.141,103.5,95.1,0.175,0.263,11.1,73,0.025,0.555,87.04,104.1,106.7,0.5,0.053,104.45,98.6,5.6,5.5,8.4,0.21,0.536,0.2,10.9,9.0,0.0,0.024,2.0,42.0,0.024,0.0,38.0,1.0,0.0,4.0,1.0,2.0,0.333,0.0,0.0,2.0,1.0,0.0,0.0,6.0,0.5,2.0,0.5,0.0,6.0,6.0,5.0,64.0,2.4,0.333,1.6,2.21,0.25,8.0,40.0,0.266,1.09,7.0,3.0,16.0,3.3,3.0,1.0,0.5,1.0,0.0,0.167,0.667,22.0,0.0,1.0,4.0,0.0,7.0,0.167,0.7,0.524,6.0,0.625,0.636,0.9,0.8,0.0,0.357,0.0,0.0,4.0,4.0,5.0,0.8,0.357,0.8,5.0,,5.0,0.357,0.0,0.4,0.0,2.0,0.357,5.0,0.4,,2.0,0.4,0.0,2.0,0.0,0.0,0.0,0.143,0.0,0.0,0.0,0.0,0.143,2.0,0.0,,0.143,1.0,0.0,0.0,2.0,0.143,,0.5,0.75,0.0,2.0,0.5,1.0,1.0,0.0,2.0,0.2,0.2,,0.0,5.0,2.0,0.333,2.0,0.333,0.536,0.5,1.0,3.0,8.0,0.0,0.0,0.25,0.0,0.333,3.0,2.0,0.5,0.0,0.0,0.0,0.0,1.0,4.0,0.0,0.0,1.0,0.0,0.0,0.0,4.0,1.0,5.0,0.8,78.0,53.0,0.429,0.679,0.589,0.09,2.0,0.5,,0.667,0.0,,0.0,2.0,0.5,4.0,0.0,0.5,,0.0,0.0,1.0,1.0,0.0,6.0,2.0,0.0,0.0,0.0,0.0,0.0,1.0,2.0,2.0,0.5,2.0,1.0,0.75,1.0,2015,21400205,20141125.0,2014-15,False,1.0,8.0,14.0,0.571,0.473,0.099,2.0,2.0,1.0,0.352,6.0,12.0,0.5,0.492,5.0,9.0,0.556,0.585,3.0,4.0,0.75,0.4,1.0,3.0,0.0,0.0,0.0,0.25,3.0,0.375,0.0,0.0,1.0,0.125,0.0,0.0,,,,,,,,,,,,,,,,,,,,,
200794,Paul Millsap,1610612737,ATL,30.0,31.0,6,13,0.462,4,5,0.8,7,10,0.7,0,2,2,2,2,4,0,1,1,7,23,1,0.028,95.2,97.4,0.156,0.057,9.5,64,0.0,0.661,80.65,98.4,100.49,1.0,0.118,96.77,101.6,9.5,-3.2,-2.2,0.273,0.615,0.26,9.3,4.0,0.0,0.053,4.0,38.0,0.053,0.0,39.0,2.0,1.0,3.0,0.714,1.0,0.143,0.143,0.0,2.0,2.0,0.0,0.143,7.0,1.0,1.0,0.333,1.0,5.0,3.0,2.0,56.0,1.7,0.0,0.0,1.85,0.286,7.0,41.0,0.411,0.89,2.0,7.5,6.0,7.5,0.0,0.0,0.182,0.0,0.0,0.0,0.333,11.0,0.0,0.0,0.0,0.0,2.0,0.0,1.0,0.182,5.0,0.333,1.0,0.0,0.667,0.0,0.25,0.0,0.0,2.0,2.0,3.0,0.667,0.25,0.667,3.0,,2.0,0.167,1.0,0.0,0.083,1.0,0.25,3.0,0.5,1.0,0.0,0.333,1.0,4.0,2.0,0.75,2.0,0.333,2.0,0.0,0.0,0.167,0.167,2.0,0.5,1.0,0.167,1.0,0.0,0.0,2.0,0.167,,0.5,0.75,0.0,2.0,0.5,1.0,0.0,0.0,0.0,0.0,0.0,,0.0,2.0,2.0,0.0,0.0,0.333,0.615,0.8,0.0,12.0,0.0,1.0,0.0,0.333,1.0,0.0,2.0,3.0,0.667,0.0,2.0,0.0,0.0,0.0,1.0,2.0,2.0,2.0,0.0,2.0,0.0,3.0,1.0,3.0,0.333,122.0,84.0,0.44,0.689,0.583,0.105,2.0,0.667,,0.333,,,0.0,3.0,0.0,1.0,0.0,0.5,,0.0,0.0,2.0,1.0,2.0,3.0,2.0,1.0,,,2.0,0.0,0.0,1.0,5.0,0.8,5.0,4.0,1.2,4.0,2015,21400295,20141207.0,2014-15,False,1.0,9.0,18.0,0.5,0.43,0.07,0.0,1.0,0.0,0.341,9.0,17.0,0.529,0.475,7.0,11.0,0.636,0.529,1.0,5.0,0.2,0.352,1.0,3.0,0.0,0.0,0.0,0.286,3.0,0.429,1.0,0.143,0.0,0.0,0.0,0.0,,,,,,,,,,,,,,,,,,,,,
200794,Paul Millsap,1610612737,ATL,30.0,37.06666666666667,5,9,0.556,0,1,0.0,3,3,1.0,2,7,9,4,4,4,2,0,3,3,13,5,0.138,111.3,106.0,0.13,0.184,22.2,73,0.074,0.63,78.24,111.0,93.57,1.0,0.167,93.88,105.6,22.2,5.4,5.3,0.182,0.556,0.177,21.8,7.0,0.0,0.068,10.0,59.0,0.068,0.0,44.0,4.0,1.0,1.0,1.0,1.0,0.0,0.333,0.333,0.0,0.0,1.0,0.0,3.0,0.0,0.0,1.0,0.0,3.0,6.0,7.0,74.0,2.3,0.0,0.857,1.83,0.0,6.0,44.0,0.176,0.92,5.0,3.6,16.0,3.6,4.0,0.0,0.5,0.0,0.5,1.0,0.438,18.0,1.0,1.0,5.0,0.0,4.0,1.0,0.571,0.5,2.0,0.438,0.556,3.6,0.75,0.0,0.444,0.0,0.0,3.0,3.0,4.0,0.75,0.444,0.75,4.0,,1.0,0.111,0.0,1.0,0.0,1.0,0.111,1.0,1.0,,1.0,1.0,0.0,2.0,0.0,0.5,0.0,0.222,1.0,1.0,0.5,0.0,0.222,2.0,0.5,,0.222,0.0,0.0,0.111,1.0,0.111,0.0,0.0,0.0,1.0,2.0,0.0,0.0,0.0,0.0,0.0,0.0,0.0,,0.0,1.0,0.0,0.0,0.0,0.0,0.556,0.0,0.75,0.0,6.0,0.0,0.0,0.0,0.0,0.0,0.0,1.0,0.0,0.0,0.0,0.0,0.0,0.0,5.0,0.0,0.0,0.0,0.0,0.0,0.0,2.0,0.0,6.0,0.833,98.0,64.0,0.458,0.653,0.586,0.067,2.0,0.0,,0.833,0.0,,0.0,1.0,0.0,5.0,0.0,0.0,,0.0,0.0,0.0,0.0,0.0,6.0,0.0,0.0,0.0,0.0,0.0,0.0,0.0,0.0,2.0,0.0,1.0,0.0,0.0,0.0,2015,21400225,20141128.0,2014-15,False,1.0,11.0,22.0,0.5,0.45,0.05,1.0,5.0,0.2,0.335,10.0,17.0,0.588,0.491,10.0,17.0,0.588,0.545,1.0,5.0,0.2,0.344,0.0,1.0,0.0,0.0,0.0,0.0,3.0,0.5,0.0,0.0,1.0,0.167,0.0,0.0,,,,,,,,,,,,,,,,,,,,,
200794,Paul Millsap,1610612737,ATL,30.0,16.725,1,5,0.2,0,1,0.0,6,6,1.0,1,2,3,5,0,1,1,0,1,3,8,10,0.12,137.0,103.7,0.162,0.125,0.0,33,0.111,0.524,80.12,136.4,95.57,0.0,0.333,96.14,102.9,38.5,33.4,33.4,0.219,0.2,0.229,0.0,5.0,0.0,0.261,13.0,23.0,0.217,1.0,22.0,6.0,0.0,2.0,0.667,1.0,0.167,0.0,0.167,2.0,2.0,1.0,0.333,6.0,1.0,1.0,0.5,2.0,4.0,2.0,2.0,31.0,1.2,0.0,1.0,2.41,1.0,2.0,23.0,0.258,1.13,2.0,4.4,3.0,4.9,1.0,0.0,0.75,0.0,1.0,1.0,0.667,4.0,1.0,0.0,1.0,0.0,1.0,1.0,0.5,0.75,1.0,0.667,0.667,3.4,,,,,,,,,,,,,,2.0,0.4,0.0,0.5,0.0,1.0,0.4,2.0,0.5,,1.0,0.5,0.0,2.0,1.0,0.0,0.0,0.4,0.0,0.0,0.0,0.2,0.2,1.0,0.0,0.0,0.2,0.0,0.0,0.2,0.0,0.0,0.0,,0.0,1.0,1.0,0.0,0.0,0.0,0.0,0.0,0.0,0.0,,0.0,2.0,2.0,0.0,0.0,0.0,0.2,0.0,0.0,0.0,2.0,0.0,,0.0,0.0,0.0,0.0,1.0,0.0,0.0,0.0,0.0,0.0,0.0,1.0,0.0,0.0,0.0,,0.0,,2.0,0.0,2.0,0.5,458.0,272.0,0.451,0.594,0.586,0.008,2.0,0.0,,0.5,,,,0.0,0.0,1.0,,0.0,,,0.0,0.0,0.0,1.0,2.0,0.0,0.0,,,0.0,0.0,0.0,0.0,1.0,0.0,1.0,0.0,0.0,0.0,2015,21401138,20150404.0,2014-15,False,1.0,5.0,12.0,0.417,0.459,-0.042,0.0,2.0,0.0,0.334,5.0,10.0,0.5,0.485,3.0,6.0,0.5,0.559,0.0,3.0,0.0,0.308,0.0,1.0,2.0,2.0,1.0,1.0,0.0,0.0,0.0,0.0,0.0,0.0,1.0,0.5,,,,,,,,,,,,,,,,,,,,,
200794,Paul Millsap,1610612737,ATL,30.0,32.38333333333333,10,21,0.476,1,3,0.333,2,2,1.0,8,8,16,3,3,1,2,1,1,3,23,3,0.235,91.0,88.8,0.287,0.276,10.7,65,0.205,0.526,80.29,93.8,98.07,1.0,0.25,96.35,89.2,10.7,4.6,2.1,0.307,0.5,0.298,10.8,9.0,1.0,0.085,8.0,47.0,0.064,0.0,46.0,4.0,1.0,7.0,0.889,4.0,0.0,0.111,0.0,0.0,0.0,0.0,0.111,9.0,0.0,0.0,0.571,1.0,8.0,8.0,13.0,74.0,2.6,0.25,0.769,2.11,0.0,7.0,54.0,0.311,1.11,10.0,3.8,11.0,3.6,4.0,0.0,0.615,0.0,0.75,0.533,0.727,26.0,6.0,2.0,6.0,0.0,4.0,0.533,0.5,0.615,15.0,0.727,0.625,4.0,0.2,0.0,0.25,0.0,0.0,1.0,1.0,5.0,0.2,0.25,0.2,5.0,,9.0,0.45,0.0,0.667,0.0,6.0,0.45,9.0,0.667,,6.0,0.667,0.0,2.0,1.0,1.25,1.0,0.1,2.0,1.0,1.0,0.05,0.05,1.0,1.0,1.0,0.2,0.0,1.0,0.1,2.0,0.1,0.5,0.0,0.25,2.0,4.0,0.25,1.0,0.0,0.0,0.0,,,,0.0,0.0,0.0,0.5,2.0,0.0,0.5,0.333,0.5,3.0,10.0,0.0,,0.0,0.0,0.0,2.0,1.0,1.0,1.0,0.0,0.0,0.0,0.0,9.0,0.0,1.0,1.0,,2.0,,1.0,0.0,15.0,0.6,362.0,220.0,0.465,0.608,0.587,0.021,0.0,1.0,,0.563,,,,1.0,0.0,9.0,,0.0,,,0.0,1.0,0.0,2.0,16.0,2.0,0.0,,,0.0,0.0,0.0,0.0,3.0,0.333,3.0,1.0,0.5,1.0,2015,21400822,20150222.0,2014-15,False,1.0,4.0,13.0,0.308,0.474,-0.167,0.0,1.0,0.0,0.402,4.0,12.0,0.333,0.501,3.0,7.0,0.429,0.561,1.0,6.0,0.167,0.373,0.0,2.0,0.0,0.0,0.0,0.0,3.0,0.429,2.0,0.286,0.0,0.0,0.0,0.0,,,,,,,,,,,,,,,,,,,,,
200794,Paul Millsap,1610612737,ATL,30.0,35.49,8,18,0.444,0,2,0.0,1,1,1.0,2,5,7,3,1,5,2,2,4,1,17,-5,0.093,82.9,98.3,0.145,0.172,4.5,72,0.043,0.461,80.59,88.9,99.68,3.0,0.15,96.7,97.2,13.6,-8.3,-15.4,0.228,0.444,0.224,4.5,7.0,0.0,0.08,7.0,50.0,0.06,1.0,46.0,4.0,0.0,2.0,0.0,0.0,0.0,0.0,0.0,0.0,0.0,0.0,0.5,4.0,0.0,0.0,0.0,2.0,0.0,3.0,9.0,71.0,2.4,1.333,1.444,2.01,0.5,4.0,45.0,0.239,1.07,4.0,3.0,9.0,3.4,3.0,0.0,0.333,0.0,1.0,0.167,0.556,21.0,2.0,0.0,3.0,0.0,2.0,0.167,0.4,0.333,12.0,0.556,0.571,2.1,0.556,0.0,0.563,0.0,0.0,5.0,5.0,9.0,0.556,0.563,0.556,9.0,,2.0,0.125,0.0,0.5,0.0,1.0,0.125,2.0,0.5,,1.0,0.5,0.0,2.0,1.0,0.0,0.0,0.125,0.0,0.0,0.0,0.063,0.063,1.0,0.0,0.0,0.188,0.0,2.0,0.125,1.0,0.063,1.0,0.0,0.667,2.0,3.0,0.667,2.0,0.0,0.0,0.0,0.0,0.0,,0.0,2.0,2.0,0.667,4.0,1.0,0.444,0.0,0.857,0.0,13.0,0.0,0.0,0.0,0.0,0.667,3.0,2.0,0.0,0.0,0.0,0.0,0.0,2.0,6.0,0.0,0.0,0.0,0.0,0.0,0.0,2.0,0.0,11.0,0.545,18.0,12.0,0.4,0.667,0.599,0.068,1.0,0.0,0.0,0.545,0.0,0.0,0.0,1.0,0.0,6.0,0.0,0.667,0.0,0.0,0.0,0.0,2.0,1.0,11.0,3.0,0.0,0.0,0.0,0.0,0.0,0.0,1.0,2.0,0.0,2.0,0.0,0.0,0.0,2015,21400064,20141105.0,2014-15,False,1.0,6.0,12.0,0.5,0.475,0.025,1.0,4.0,0.25,0.372,5.0,8.0,0.625,0.514,5.0,7.0,0.714,0.558,1.0,5.0,0.2,0.384,1.0,1.0,0.0,0.0,0.0,0.5,0.0,0.0,2.0,0.5,1.0,0.25,0.0,0.0,,,,,,,,,,,,,,,,,,,,,
200794,Paul Millsap,1610612737,ATL,30.0,30.973333333333333,5,13,0.385,0,4,0.0,6,8,0.75,2,8,10,5,0,0,0,1,2,5,16,-20,0.143,88.1,119.3,0.154,0.229,0.0,60,0.057,0.484,79.42,90.0,95.56,0.0,0.313,95.31,117.5,23.8,-27.5,-31.2,0.249,0.385,0.242,0.0,7.0,0.0,0.135,11.0,37.0,0.135,0.0,32.0,5.0,0.0,2.0,0.0,0.0,0.0,0.0,0.5,0.0,0.0,2.0,0.0,4.0,0.0,0.0,0.0,0.0,0.0,4.0,7.0,54.0,1.9,0.5,1.571,2.08,1.5,6.0,34.0,0.296,1.31,5.0,5.8,12.0,5.3,4.0,1.0,0.476,1.0,0.5,0.222,0.727,21.0,1.0,1.0,5.0,0.0,4.0,0.222,0.5,0.5,9.0,0.667,0.5,7.9,0.0,0.0,0.167,0.0,0.0,0.0,0.0,2.0,0.0,0.167,0.0,2.0,,5.0,0.417,0.0,1.0,0.0,5.0,0.417,5.0,1.0,,5.0,1.0,0.0,4.0,3.0,0.0,0.0,0.333,0.0,0.0,0.0,0.25,0.083,1.0,0.0,0.0,0.083,0.0,0.0,0.0,1.0,0.083,,0.0,0.0,0.0,1.0,0.0,0.0,1.0,0.0,2.0,1.0,1.0,,0.0,1.0,9.0,0.0,2.0,0.75,0.385,0.2,1.0,2.0,11.0,0.0,0.0,0.667,0.0,0.333,3.0,3.0,0.0,0.0,0.0,0.0,0.0,1.0,2.0,0.0,1.0,0.0,0.0,1.0,0.0,3.0,2.0,3.0,0.667,98.0,51.0,0.408,0.52,0.619,-0.099,0.0,0.0,,0.667,0.0,,0.0,3.0,0.667,2.0,0.0,0.333,,0.0,0.0,0.0,1.0,1.0,3.0,3.0,0.0,0.0,0.0,0.0,0.0,2.0,3.0,5.0,0.0,4.0,0.0,0.2,1.0,2015,41400304,20150526.0,2014-15,True,1.0,12.0,20.0,0.6,0.488,0.112,1.0,3.0,0.333,0.342,11.0,17.0,0.647,0.524,8.0,11.0,0.727,0.571,4.0,9.0,0.444,0.34,3.0,4.0,2.0,2.0,1.0,1.5,0.0,0.0,1.0,0.167,0.0,0.0,1.0,0.167,,,,,,,,,,,,,,,,,,,,,
200794,Paul Millsap,1610612737,ATL,30.0,32.38333333333333,5,14,0.357,0,3,0.0,5,6,0.833,2,4,6,1,2,0,2,2,2,3,15,-16,0.103,112.4,142.8,0.051,0.143,10.0,62,0.067,0.451,76.58,114.5,91.96,0.5,0.045,91.9,140.3,5.0,-25.8,-30.4,0.278,0.357,0.284,10.2,2.0,0.0,0.077,3.0,26.0,0.038,1.0,29.0,2.0,0.0,3.0,0.429,0.0,0.286,0.0,0.0,4.0,3.0,0.0,0.286,7.0,0.75,2.0,0.0,2.0,3.0,2.0,6.0,46.0,2.1,1.0,1.667,2.75,0.667,3.0,32.0,0.326,1.54,2.0,6.8,8.0,8.0,4.0,0.0,0.4,0.0,1.0,0.286,0.5,15.0,2.0,0.0,4.0,0.0,0.0,0.286,0.0,0.4,7.0,0.5,0.333,4.3,,,,,,,,,,,,,,4.0,0.333,0.0,0.5,0.0,2.0,0.333,4.0,0.5,,2.0,0.5,0.0,3.0,0.0,0.667,0.0,0.25,2.0,2.0,0.667,0.0,0.25,3.0,0.667,,0.417,0.0,1.0,0.167,3.0,0.25,0.5,0.0,0.2,2.0,5.0,0.2,1.0,1.0,0.0,2.0,1.0,1.0,,0.0,1.0,2.0,0.0,2.0,1.0,0.357,0.0,0.8,0.0,10.0,0.0,,1.0,0.0,0.0,1.0,2.0,0.0,0.0,0.0,0.0,0.0,0.0,4.0,0.0,1.0,0.0,,1.0,,1.0,1.0,9.0,0.444,310.0,193.0,0.456,0.623,0.585,0.038,0.0,0.0,,0.444,0.0,,,1.0,1.0,4.0,,0.0,,,0.0,0.0,0.0,2.0,9.0,1.0,0.0,0.0,0.0,0.0,0.0,1.0,1.0,4.0,0.0,3.0,0.0,0.0,0.0,2015,21400722,20150202.0,2014-15,False,1.0,12.0,18.0,0.667,0.471,0.196,1.0,3.0,0.333,0.41,11.0,15.0,0.733,0.491,7.0,10.0,0.7,0.526,4.0,7.0,0.571,0.411,1.0,1.0,0.0,0.0,0.0,0.667,1.0,0.333,1.0,0.333,0.0,0.0,0.0,0.0,,,,,,,,,,,,,,,,,,,,,
200794,Paul Millsap,1610612737,ATL,30.0,33.31666666666667,2,9,0.222,0,1,0.0,7,8,0.875,2,7,9,4,4,1,0,1,4,6,11,15,0.167,115.0,87.9,0.07,0.233,19.0,65,0.083,0.439,78.64,112.3,93.24,1.0,0.182,94.37,87.9,19.0,24.4,27.1,0.241,0.222,0.243,19.5,5.0,0.0,0.122,9.0,41.0,0.098,1.0,36.0,5.0,2.0,1.0,0.6,1.0,0.2,0.4,0.0,2.0,1.0,0.0,0.2,5.0,0.5,1.0,1.0,1.0,3.0,3.0,8.0,60.0,2.5,0.0,0.5,2.54,0.0,6.0,37.0,0.183,1.15,5.0,4.2,14.0,4.2,3.0,0.0,0.529,0.0,0.5,0.667,0.5,17.0,1.0,1.0,4.0,0.0,4.0,0.667,0.571,0.529,3.0,0.5,0.556,4.1,0.333,0.0,0.375,0.0,0.0,1.0,1.0,3.0,0.333,0.375,0.333,3.0,,4.0,0.5,0.0,0.25,0.0,1.0,0.5,4.0,0.25,,1.0,0.25,0.0,,,,,,,,,,,,,,0.125,0.0,0.0,0.0,1.0,0.125,,0.0,0.0,0.0,1.0,0.0,0.0,0.0,0.0,0.0,0.0,0.0,,0.0,1.0,0.0,0.0,0.0,0.0,0.222,0.0,0.5,0.0,4.0,0.0,0.0,0.0,0.0,0.0,2.0,1.0,0.0,0.0,0.0,0.0,0.0,0.0,2.0,0.0,0.0,0.0,0.0,0.0,0.0,2.0,0.0,4.0,0.5,223.0,143.0,0.443,0.641,0.586,0.055,2.0,0.0,,0.4,,,0.0,0.0,0.0,2.0,0.0,0.0,,0.0,0.0,0.0,0.0,1.0,5.0,1.0,0.0,,,0.0,0.0,0.0,0.0,1.0,0.0,1.0,0.0,0.0,0.0,2015,21400526,20150107.0,2014-15,False,1.0,5.0,12.0,0.417,0.456,-0.039,0.0,1.0,0.0,0.463,5.0,11.0,0.455,0.469,3.0,5.0,0.6,0.538,1.0,6.0,0.167,0.396,0.0,3.0,0.0,0.0,0.0,0.0,1.0,0.167,1.0,0.167,1.0,0.167,0.0,0.0,,,,,,,,,,,,,,,,,,,,,
200794,Paul Millsap,1610612737,ATL,30.0,42.91666666666666,4,11,0.364,1,3,0.333,4,4,1.0,1,5,6,3,6,1,0,0,5,7,13,7,0.073,106.9,98.0,0.032,0.116,27.3,86,0.026,0.509,81.09,111.6,101.0,0.5,0.097,97.3,101.1,13.6,10.5,8.9,0.198,0.409,0.198,27.6,5.0,0.0,0.061,7.0,49.0,0.061,0.0,46.0,3.0,0.0,0.0,0.667,0.0,0.333,0.0,0.0,2.0,2.0,0.0,0.667,3.0,1.0,1.0,0.0,2.0,2.0,5.0,7.0,67.0,2.5,0.4,0.571,2.22,0.75,8.0,45.0,0.194,0.93,4.0,3.3,10.0,3.4,2.0,1.0,0.4,2.0,1.0,0.2,0.556,15.0,1.0,0.0,2.0,1.0,3.0,0.25,0.6,0.462,5.0,0.5,0.667,3.1,0.25,0.0,0.364,0.0,0.0,1.0,1.0,4.0,0.25,0.364,0.25,4.0,,2.0,0.182,0.0,0.0,0.0,0.0,0.182,2.0,0.0,,0.0,0.0,0.0,4.0,3.0,0.625,1.0,0.364,2.0,1.0,1.0,0.273,0.091,1.0,0.5,0.333,0.091,0.0,1.0,0.091,0.0,0.0,1.0,,1.0,1.0,1.0,1.0,1.0,2.0,1.0,4.0,0.4,0.4,0.0,0.0,5.0,6.0,1.0,2.0,0.5,0.409,0.5,0.5,3.0,4.0,1.0,0.0,0.5,1.0,0.0,2.0,2.0,0.0,0.0,1.0,0.0,0.0,0.0,1.0,1.0,1.0,0.0,0.0,1.0,0.0,4.0,2.0,2.0,0.5,24.0,17.0,0.414,0.708,0.584,0.124,4.0,0.0,0.0,0.5,0.0,0.0,0.0,2.0,0.0,1.0,0.0,0.0,0.0,0.0,0.5,0.0,0.0,1.0,2.0,2.0,1.0,0.0,0.0,1.0,2.0,0.0,0.0,2.0,0.5,2.0,1.0,0.75,1.0,2015,21400071,20141107.0,2014-15,False,1.0,7.0,13.0,0.538,0.416,0.123,0.0,2.0,0.0,0.358,7.0,11.0,0.636,0.445,6.0,8.0,0.75,0.502,1.0,5.0,0.2,0.378,2.0,4.0,2.0,2.0,1.0,0.75,1.0,0.125,0.0,0.0,1.0,0.125,1.0,0.125,,,,,,,,,,,,,,,,,,,,,
200794,Paul Millsap,1610612737,ATL,30.0,30.43,8,15,0.533,3,6,0.5,1,2,0.5,0,7,7,2,1,0,0,0,2,3,20,5,0.095,85.3,81.6,0.263,0.179,5.3,61,0.0,0.63,80.18,86.9,95.4,2.0,0.182,96.22,78.7,10.5,8.2,3.6,0.259,0.633,0.262,5.3,5.0,0.0,0.087,4.0,46.0,0.043,2.0,47.0,4.0,1.0,2.0,0.333,1.0,0.111,0.111,0.111,2.0,1.0,1.0,0.444,9.0,0.5,1.0,0.5,4.0,3.0,2.0,6.0,67.0,2.3,0.0,1.0,2.09,0.0,4.0,46.0,0.299,1.13,4.0,4.7,12.0,4.7,3.0,1.0,0.583,1.0,0.0,0.0,0.636,12.0,0.0,0.0,3.0,0.0,4.0,0.0,0.571,0.636,0.0,0.583,0.571,0.0,0.75,0.0,0.267,0.0,0.0,3.0,3.0,4.0,0.75,0.267,0.75,4.0,,2.0,0.133,0.0,0.5,0.0,1.0,0.133,2.0,0.5,,1.0,0.5,0.0,4.0,2.0,0.375,1.0,0.267,1.0,0.0,0.0,0.133,0.133,2.0,0.25,0.5,0.333,2.0,1.0,0.067,4.0,0.267,1.0,0.5,0.8,1.0,5.0,0.6,3.0,0.0,0.0,0.0,,,,0.0,0.0,0.0,0.0,0.0,0.0,0.633,0.571,1.0,11.0,6.0,0.5,0.0,1.0,1.0,0.0,4.0,4.0,0.5,1.0,1.0,0.0,0.0,0.0,4.0,1.0,1.0,2.0,0.0,2.0,0.0,1.0,1.0,4.0,1.0,263.0,166.0,0.451,0.631,0.587,0.045,1.0,0.0,,1.0,,,0.0,1.0,0.0,4.0,0.0,0.0,,0.0,1.0,0.0,0.0,5.0,4.0,2.0,0.6,,,3.0,1.0,0.0,2.0,7.0,0.5,6.0,3.0,0.786,4.0,2015,21400613,20150119.0,2014-15,False,1.0,6.0,11.0,0.545,0.452,0.094,1.0,2.0,0.5,0.371,5.0,9.0,0.556,0.477,5.0,8.0,0.625,0.508,1.0,3.0,0.333,0.351,0.0,1.0,0.0,0.0,0.0,0.0,2.0,0.5,0.0,0.0,0.0,0.0,0.0,0.0,,,,,,,,,,,,,,,,,,,,,
200794,Paul Millsap,1610612737,ATL,30.0,28.633333333333333,2,10,0.2,0,3,0.0,0,0,0.0,0,6,6,1,2,1,3,0,2,0,4,-9,0.097,76.5,91.5,0.021,0.188,15.4,59,0.0,0.2,82.42,74.6,96.76,0.5,0.071,98.91,89.8,7.7,-15.3,-15.0,0.202,0.2,0.194,15.4,8.0,0.0,0.05,2.0,40.0,0.025,1.0,34.0,2.0,1.0,4.0,0.5,2.0,0.0,0.125,0.0,0.0,0.0,0.0,0.375,8.0,0.0,0.0,0.5,3.0,4.0,2.0,0.0,55.0,2.0,0.0,0.0,2.22,0.0,3.0,34.0,0.073,0.95,4.0,3.6,13.0,3.6,2.0,2.0,0.375,2.0,0.0,0.0,0.545,16.0,0.0,0.0,2.0,0.0,4.0,0.0,0.667,0.429,3.0,0.462,0.667,0.0,0.0,0.0,0.1,0.0,0.0,0.0,0.0,1.0,0.0,0.1,0.0,1.0,,3.0,0.3,0.0,0.333,0.0,1.0,0.3,3.0,0.333,,1.0,0.333,0.0,2.0,1.0,0.5,0.0,0.2,1.0,1.0,1.0,0.1,0.1,1.0,0.5,0.0,0.4,0.0,0.0,0.2,2.0,0.2,0.0,0.0,0.0,2.0,4.0,0.0,0.0,0.0,0.0,0.0,0.0,0.0,,0.0,1.0,0.0,0.0,0.0,0.0,0.2,0.0,0.0,0.0,0.0,0.0,0.0,0.0,0.0,0.5,2.0,2.0,0.0,1.0,0.0,0.0,0.0,1.0,1.0,0.0,0.0,0.0,0.0,1.0,0.0,3.0,0.0,2.0,0.5,341.0,210.0,0.466,0.616,0.587,0.029,1.0,0.0,,0.5,,,0.0,2.0,0.0,1.0,0.0,0.333,,0.0,0.0,0.0,1.0,1.0,2.0,3.0,0.0,,,0.0,0.0,0.0,1.0,4.0,0.0,3.0,0.0,0.0,0.0,2015,21400767,20150208.0,2014-15,False,1.0,5.0,14.0,0.357,0.466,-0.109,0.0,1.0,0.0,0.326,5.0,13.0,0.385,0.482,5.0,11.0,0.455,0.526,0.0,3.0,0.0,0.359,0.0,1.0,0.0,0.0,0.0,0.0,2.0,0.667,0.0,0.0,0.0,0.0,0.0,0.0,,,,,,,,,,,,,,,,,,,,,
200794,Paul Millsap,1610612737,ATL,30.0,33.7,2,11,0.182,1,3,0.333,10,10,1.0,3,8,11,4,2,0,0,1,4,6,15,22,0.145,116.7,87.4,0.112,0.182,9.1,70,0.094,0.487,81.31,114.3,96.09,2.0,0.16,97.57,86.6,18.2,27.7,29.3,0.23,0.227,0.231,9.3,5.0,0.0,0.103,9.0,39.0,0.103,0.0,33.0,4.0,0.0,3.0,0.286,0.0,0.143,0.0,0.143,2.0,2.0,1.0,0.286,7.0,1.0,1.0,0.0,2.0,2.0,7.0,4.0,59.0,2.2,0.571,0.0,2.21,1.0,2.0,37.0,0.254,1.37,7.0,6.3,16.0,7.0,4.0,1.0,0.524,1.0,1.0,0.6,0.533,21.0,3.0,0.0,4.0,0.0,4.0,0.6,0.5,0.55,5.0,0.5,0.636,4.5,0.0,0.0,0.2,0.0,0.0,0.0,0.0,2.0,0.0,0.2,0.0,2.0,,4.0,0.4,0.0,0.25,0.0,1.0,0.4,4.0,0.25,,1.0,0.25,0.0,1.0,1.0,0.0,0.0,0.1,0.0,0.0,,0.1,0.0,0.0,0.0,0.0,0.3,1.0,0.0,0.1,2.0,0.2,0.0,0.5,0.5,1.0,3.0,0.333,1.0,0.0,0.0,0.0,0.0,0.0,,0.0,1.0,2.0,0.0,4.0,0.0,0.227,0.25,0.0,3.0,0.0,0.0,0.0,0.0,0.0,0.0,3.0,3.0,0.333,0.0,0.0,0.0,0.0,0.0,1.0,0.0,0.0,1.0,0.0,0.0,0.0,2.0,0.0,3.0,0.333,202.0,130.0,0.437,0.644,0.582,0.061,1.0,0.0,0.0,0.2,,0.0,0.0,0.0,0.0,1.0,0.0,0.0,0.0,0.0,0.0,0.0,0.0,3.0,5.0,1.0,0.333,,,1.0,0.0,0.0,1.0,4.0,0.333,3.0,1.0,0.375,1.0,2015,21400492,20150102.0,2014-15,False,1.0,9.0,21.0,0.429,0.472,-0.044,1.0,6.0,0.167,0.333,8.0,15.0,0.533,0.512,5.0,9.0,0.556,0.554,3.0,10.0,0.3,0.348,0.0,1.0,2.0,2.0,1.0,1.0,0.0,0.0,0.0,0.0,0.0,0.0,1.0,0.5,,,,,,,,,,,,,,,,,,,,,
200794,Paul Millsap,1610612737,ATL,30.0,27.166666666666668,2,9,0.222,0,1,0.0,1,2,0.5,1,5,6,4,1,4,2,3,3,3,5,-1,0.107,92.5,88.1,0.073,0.2,6.7,58,0.032,0.253,85.4,91.4,104.78,4.0,0.19,102.48,93.1,26.7,-1.7,4.3,0.172,0.222,0.172,6.7,12.0,0.0,0.087,10.0,46.0,0.087,0.0,35.0,4.0,1.0,1.0,0.667,1.0,0.0,0.333,0.0,0.0,0.0,0.0,0.333,3.0,0.0,0.0,1.0,1.0,2.0,3.0,4.0,59.0,1.9,0.0,0.5,1.95,0.0,1.0,36.0,0.085,1.15,3.0,5.5,7.0,5.8,3.0,0.0,0.462,0.0,1.0,0.167,0.714,13.0,1.0,0.0,3.0,0.0,2.0,0.167,0.4,0.462,6.0,0.714,0.5,3.8,1.0,0.0,0.333,0.0,0.0,2.0,2.0,2.0,1.0,0.333,1.0,2.0,,1.0,0.167,0.0,0.0,0.0,0.0,0.167,1.0,0.0,,0.0,0.0,0.0,1.0,0.0,0.0,0.0,0.167,0.0,0.0,0.0,0.0,0.167,1.0,0.0,,0.333,0.0,0.0,0.167,1.0,0.167,0.0,0.0,0.0,1.0,2.0,0.0,0.0,0.0,0.0,0.0,0.0,0.0,,0.0,1.0,0.0,0.0,0.0,0.0,0.222,0.0,0.5,0.0,2.0,0.0,0.0,0.0,0.0,0.0,0.0,1.0,0.0,0.0,0.0,0.0,0.0,0.0,2.0,0.0,0.0,0.0,0.0,0.0,0.0,3.0,0.0,5.0,0.4,461.0,274.0,0.45,0.594,0.586,0.008,2.0,0.0,,0.4,,,0.0,1.0,0.0,2.0,0.0,0.0,,0.0,0.0,0.0,0.0,0.0,5.0,0.0,0.0,,,0.0,0.0,0.0,1.0,2.0,0.0,1.0,0.0,0.0,0.0,2015,21401217,20150415.0,2014-15,False,1.0,3.0,9.0,0.333,0.437,-0.103,1.0,2.0,0.5,0.309,2.0,7.0,0.286,0.466,2.0,6.0,0.333,0.49,1.0,2.0,0.5,0.317,0.0,1.0,0.0,0.0,0.0,0.0,0.0,0.0,0.0,0.0,0.0,0.0,0.0,0.0,,,,,,,,,,,,,,,,,,,,,
200794,Paul Millsap,1610612737,ATL,30.0,35.145,6,14,0.429,0,4,0.0,4,6,0.667,2,3,5,6,0,0,1,1,3,5,16,0,0.069,108.6,106.7,0.089,0.083,0.0,69,0.056,0.481,77.96,108.7,95.14,0.0,0.261,93.56,110.3,26.1,-1.6,1.9,0.216,0.429,0.215,0.0,13.0,0.0,0.125,13.0,48.0,0.125,0.0,46.0,6.0,0.0,4.0,0.2,0.0,0.1,0.0,0.1,2.0,2.0,1.0,0.3,10.0,1.0,1.0,0.0,3.0,2.0,9.0,8.0,68.0,2.5,0.222,1.0,2.2,0.375,8.0,48.0,0.235,0.93,4.0,3.0,10.0,3.5,1.0,2.0,0.313,2.0,1.0,0.333,0.375,16.0,2.0,0.0,1.0,0.0,2.0,0.333,0.667,0.357,6.0,0.3,0.8,2.3,0.333,0.0,0.231,0.0,0.0,1.0,1.0,3.0,0.333,0.231,0.333,3.0,,3.0,0.231,0.0,0.667,0.0,2.0,0.231,3.0,0.667,,2.0,0.667,0.0,2.0,0.0,1.0,0.0,0.154,2.0,2.0,1.0,0.0,0.154,2.0,1.0,,0.385,0.0,1.0,0.077,4.0,0.308,1.0,0.0,0.2,1.0,5.0,0.2,1.0,0.0,1.0,0.0,0.0,0.0,0.0,0.0,1.0,3.0,0.5,2.0,1.0,0.429,0.25,1.0,2.0,8.0,0.0,0.0,1.0,0.0,0.5,2.0,2.0,0.0,1.0,0.0,0.0,0.0,1.0,4.0,0.0,1.0,0.0,0.0,2.0,0.0,1.0,1.0,7.0,0.571,259.0,163.0,0.453,0.629,0.587,0.042,1.0,0.0,0.0,0.571,,0.0,0.0,1.0,0.0,4.0,0.0,0.5,0.0,0.0,1.0,0.0,1.0,3.0,7.0,2.0,0.0,,,0.0,1.0,0.0,0.0,4.0,0.0,3.0,0.0,0.25,1.0,2015,21400602,20150117.0,2014-15,False,1.0,6.0,14.0,0.429,0.445,-0.016,2.0,5.0,0.4,0.331,4.0,9.0,0.444,0.481,4.0,8.0,0.5,0.517,2.0,6.0,0.333,0.333,1.0,1.0,1.0,2.0,0.5,0.375,3.0,0.375,2.0,0.25,0.0,0.0,1.0,0.125,,,,,,,,,,,,,,,,,,,,,
200794,Paul Millsap,1610612737,ATL,30.0,34.181666666666665,6,12,0.5,1,1,1.0,1,3,0.333,2,4,6,5,4,2,0,2,4,4,14,7,0.125,112.0,112.3,0.071,0.167,18.2,70,0.083,0.526,80.16,117.1,98.33,1.25,0.227,96.19,111.9,22.7,5.2,-0.3,0.227,0.542,0.224,17.9,6.0,1.0,0.154,15.0,39.0,0.128,0.0,34.0,6.0,1.0,2.0,0.75,1.0,0.25,0.25,0.0,2.0,1.0,0.0,0.0,4.0,0.5,1.0,0.5,0.0,3.0,5.0,4.0,59.0,2.3,0.8,1.5,2.29,0.333,6.0,35.0,0.237,1.19,3.0,5.3,9.0,4.0,3.0,2.0,0.462,2.0,1.0,0.5,0.571,13.0,2.0,0.0,3.0,0.0,1.0,0.5,0.25,0.545,4.0,0.444,0.5,8.0,0.667,0.0,0.3,0.0,0.0,2.0,2.0,3.0,0.667,0.3,0.667,3.0,,5.0,0.5,0.0,0.6,0.0,3.0,0.5,5.0,0.6,,3.0,0.6,0.0,1.0,0.0,0.0,0.0,0.1,0.0,0.0,0.0,0.0,0.1,1.0,0.0,,0.1,1.0,0.0,0.0,1.0,0.1,,1.0,1.5,0.0,1.0,1.0,1.0,1.0,0.0,2.0,0.333,0.333,,0.0,3.0,2.0,0.667,4.0,0.5,0.542,1.0,1.0,3.0,6.0,0.0,,0.0,0.0,0.5,4.0,1.0,1.0,0.0,0.0,0.0,0.0,2.0,3.0,0.0,0.0,1.0,,0.0,,3.0,0.0,4.0,0.75,110.0,75.0,0.444,0.682,0.586,0.096,1.0,0.0,0.0,0.75,,0.0,,0.0,1.0,3.0,,0.2,0.0,,0.0,0.0,1.0,1.0,4.0,5.0,1.0,,,1.0,0.0,1.0,1.0,1.0,1.0,1.0,1.0,1.5,1.0,2015,21400267,20141203.0,2014-15,False,1.0,8.0,9.0,0.889,0.438,0.451,1.0,2.0,0.5,0.364,7.0,7.0,1.0,0.498,6.0,6.0,1.0,0.531,1.0,2.0,0.5,0.389,1.0,2.0,0.0,0.0,0.0,0.333,0.0,0.0,3.0,0.5,0.0,0.0,0.0,0.0,,,,,,,,,,,,,,,,,,,,,
200794,Paul Millsap,1610612737,ATL,30.0,27.416666666666668,6,10,0.6,2,4,0.5,3,4,0.75,2,7,9,2,1,1,1,0,1,2,17,16,0.158,116.3,84.5,0.211,0.241,6.7,54,0.071,0.723,80.24,116.7,96.12,2.0,0.125,96.29,83.9,13.3,32.7,31.9,0.223,0.7,0.228,6.8,5.0,0.0,0.083,8.0,36.0,0.056,0.0,32.0,3.0,1.0,3.0,0.4,1.0,0.0,0.2,0.0,0.0,0.0,0.0,0.2,5.0,0.0,0.0,0.333,1.0,2.0,3.0,1.0,51.0,2.0,1.333,0.0,2.4,0.0,4.0,33.0,0.333,1.49,2.0,6.0,13.0,4.3,6.0,2.0,0.6,2.0,0.5,1.0,0.636,15.0,1.0,1.0,7.0,0.0,1.0,1.0,0.143,0.692,2.0,0.538,0.222,11.9,0.0,0.0,0.1,0.0,0.0,0.0,0.0,1.0,0.0,0.1,0.0,1.0,,3.0,0.3,0.0,0.667,0.0,2.0,0.3,3.0,0.667,,2.0,0.667,0.0,3.0,1.0,0.667,0.0,0.3,2.0,2.0,1.0,0.1,0.2,2.0,0.667,0.0,0.3,2.0,0.0,0.0,3.0,0.3,,0.667,1.0,0.0,3.0,0.667,2.0,0.0,0.0,0.0,0.0,0.0,,0.0,1.0,0.0,1.0,4.0,0.0,0.7,0.667,0.0,10.0,0.0,1.0,0.0,0.667,1.0,0.5,2.0,3.0,0.333,0.0,1.0,0.0,0.0,1.0,1.0,1.0,1.0,1.0,0.0,1.0,0.0,3.0,2.0,1.0,1.0,113.0,78.0,0.436,0.69,0.585,0.106,3.0,1.0,0.0,1.0,,0.0,0.0,1.0,0.0,1.0,0.0,0.5,0.0,0.0,0.667,1.0,1.0,3.0,1.0,2.0,0.333,,,1.0,2.0,0.0,0.0,6.0,0.5,4.0,2.0,0.833,4.0,2015,21400280,20141205.0,2014-15,False,1.0,5.0,11.0,0.455,0.437,0.017,0.0,3.0,0.0,0.327,5.0,8.0,0.625,0.464,4.0,4.0,1.0,0.495,1.0,7.0,0.143,0.393,0.0,0.0,0.0,0.0,0.0,0.0,2.0,0.5,1.0,0.25,0.0,0.0,0.0,0.0,,,,,,,,,,,,,,,,,,,,,
200794,Paul Millsap,1610612737,ATL,30.0,32.75,2,11,0.182,0,1,0.0,2,2,1.0,0,7,7,2,0,2,1,0,4,4,6,-2,0.109,100.4,105.3,0.043,0.212,0.0,64,0.0,0.253,78.17,101.6,94.04,0.0,0.1,93.8,104.7,14.3,-3.1,-4.9,0.173,0.182,0.169,0.0,5.0,0.0,0.052,6.0,58.0,0.034,1.0,40.0,3.0,0.0,3.0,0.4,1.0,0.0,0.0,0.2,0.0,0.0,1.0,0.2,5.0,0.0,0.0,0.333,1.0,2.0,3.0,2.0,70.0,2.3,0.0,0.0,2.01,0.0,3.0,40.0,0.086,0.79,4.0,3.5,11.0,3.5,3.0,1.0,0.5,1.0,0.0,0.0,0.7,14.0,0.0,0.0,3.0,0.0,4.0,0.0,0.571,0.538,3.0,0.636,0.571,0.0,0.333,0.0,0.273,0.0,0.0,1.0,1.0,3.0,0.333,0.273,0.333,3.0,,4.0,0.364,0.0,0.25,0.0,1.0,0.364,4.0,0.25,,1.0,0.25,0.0,3.0,0.0,0.0,0.0,0.273,0.0,0.0,0.0,0.0,0.273,3.0,0.0,,0.091,0.0,0.0,0.0,1.0,0.091,,0.0,0.0,0.0,1.0,0.0,0.0,0.0,0.0,0.0,0.0,0.0,,0.0,3.0,0.0,0.0,0.0,0.0,0.182,0.0,0.0,0.0,0.0,0.0,0.0,0.0,0.0,0.0,3.0,1.0,0.0,0.0,0.0,0.0,0.0,0.0,2.0,0.0,0.0,0.0,0.0,0.0,0.0,4.0,0.0,3.0,0.667,8.0,7.0,0.615,0.875,0.608,0.267,3.0,0.0,,0.5,,,0.0,0.0,0.0,2.0,0.0,0.0,,0.0,0.0,0.0,0.0,1.0,4.0,3.0,0.0,,,0.0,0.0,0.0,0.0,2.0,0.0,1.0,0.0,0.0,0.0,2015,41400101,20150419.0,2014-15,True,1.0,9.0,13.0,0.692,0.46,0.233,1.0,1.0,1.0,0.373,8.0,12.0,0.667,0.49,8.0,11.0,0.727,0.547,1.0,2.0,0.5,0.337,0.0,0.0,0.0,0.0,0.0,0.0,2.0,0.667,0.0,0.0,0.0,0.0,0.0,0.0,,,,,,,,,,,,,,,,,,,,,
200794,Paul Millsap,1610612737,ATL,30.0,32.721666666666664,6,16,0.375,0,3,0.0,4,4,1.0,2,12,14,4,2,2,1,2,4,8,16,8,0.209,108.4,96.9,0.168,0.324,8.3,68,0.067,0.45,83.13,108.8,99.99,2.0,0.2,99.75,97.1,16.7,11.8,11.5,0.259,0.375,0.256,8.4,4.0,0.0,0.111,10.0,36.0,0.111,0.0,35.0,4.0,0.0,3.0,0.0,0.0,0.0,0.0,0.2,0.0,0.0,1.0,0.0,5.0,0.0,0.0,0.0,0.0,0.0,1.0,4.0,59.0,2.3,0.0,1.5,2.38,0.667,6.0,35.0,0.271,1.39,9.0,6.0,16.0,6.3,4.0,0.0,0.737,1.0,0.5,0.667,0.75,19.0,1.0,1.0,5.0,1.0,8.0,1.0,0.667,0.778,3.0,0.75,0.643,4.0,0.75,0.0,0.286,0.0,0.0,3.0,3.0,4.0,0.75,0.286,0.75,4.0,,2.0,0.143,0.0,0.0,0.0,0.0,0.143,2.0,0.0,,0.0,0.0,0.0,3.0,0.0,1.0,0.0,0.214,3.0,3.0,1.0,0.0,0.214,3.0,1.0,,0.357,0.0,0.0,0.143,3.0,0.214,0.0,0.0,0.0,2.0,5.0,0.0,0.0,1.0,0.0,2.0,1.0,1.0,,0.0,1.0,4.0,0.0,0.0,0.5,0.375,0.0,0.667,0.0,6.0,0.0,0.0,0.333,0.0,0.0,0.0,2.0,0.0,1.0,0.0,0.0,0.0,0.0,5.0,0.0,0.0,0.0,0.0,1.0,0.0,3.0,1.0,10.0,0.5,384.0,234.0,0.454,0.609,0.587,0.023,2.0,0.0,,0.5,0.0,,0.0,0.0,0.0,5.0,0.0,0.0,,0.0,0.5,0.0,0.0,3.0,10.0,0.0,0.0,0.0,0.0,0.0,1.0,0.0,1.0,4.0,0.0,3.0,0.0,0.0,0.0,2015,21400892,20150303.0,2014-15,False,1.0,9.0,15.0,0.6,0.456,0.144,2.0,6.0,0.333,0.355,7.0,9.0,0.778,0.492,6.0,8.0,0.75,0.53,2.0,6.0,0.333,0.343,2.0,4.0,0.0,0.0,0.0,0.667,1.0,0.167,0.0,0.0,0.0,0.0,0.0,0.0,,,,,,,,,,,,,,,,,,,,,
200794,Paul Millsap,1610612737,ATL,30.0,22.94,2,6,0.333,1,3,0.333,3,5,0.6,1,1,2,2,3,1,1,0,4,3,8,-4,0.047,112.9,120.4,0.0,0.045,23.1,43,0.048,0.488,75.85,116.3,93.24,0.67,0.111,91.02,122.7,15.4,-6.4,-7.5,0.223,0.417,0.22,22.7,2.0,0.0,0.111,4.0,18.0,0.111,0.0,20.0,2.0,2.0,1.0,0.4,0.0,0.2,0.4,0.0,2.0,2.0,0.0,0.2,5.0,1.0,1.0,0.0,1.0,2.0,1.0,1.0,29.0,0.9,0.0,2.0,1.84,0.5,2.0,20.0,0.276,0.79,0.0,5.8,8.0,2.4,1.0,1.0,0.2,1.0,0.0,0.5,0.143,10.0,0.0,1.0,2.0,0.0,0.0,0.5,0.0,0.222,2.0,0.125,0.0,9.2,1.0,0.0,0.167,0.0,0.0,1.0,1.0,1.0,1.0,0.167,1.0,1.0,,1.0,0.167,0.0,0.0,0.0,0.0,0.167,1.0,0.0,,0.0,0.0,0.0,2.0,1.0,0.0,0.0,0.333,0.0,0.0,0.0,0.167,0.167,1.0,0.0,0.0,0.333,1.0,0.0,0.0,2.0,0.333,,0.5,0.75,0.0,2.0,0.5,1.0,0.0,1.0,0.0,0.0,0.0,0.0,0.0,2.0,1.0,0.0,0.0,0.0,0.417,0.5,1.0,3.0,2.0,0.0,,0.0,0.0,0.0,0.0,2.0,0.5,0.0,0.0,0.0,0.0,0.0,1.0,0.0,1.0,1.0,,1.0,,1.0,0.0,2.0,0.5,53.0,25.0,0.414,0.472,0.602,-0.13,0.0,0.5,0.0,0.5,,0.0,,2.0,0.0,1.0,,0.0,0.0,,0.0,1.0,0.0,1.0,2.0,0.0,0.0,,,0.0,0.0,0.0,1.0,2.0,0.5,2.0,1.0,0.75,1.0,2015,41400203,20150509.0,2014-15,True,1.0,10.0,13.0,0.769,0.47,0.3,1.0,2.0,0.5,0.377,9.0,11.0,0.818,0.495,5.0,7.0,0.714,0.564,4.0,5.0,0.8,0.381,0.0,1.0,1.0,2.0,0.5,0.5,0.0,0.0,0.0,0.0,0.0,0.0,1.0,0.5,,,,,,,,,,,,,,,,,,,,,
200794,Paul Millsap,1610612737,ATL,30.0,31.366666666666667,3,12,0.25,0,3,0.0,3,4,0.75,4,6,10,2,2,0,0,0,3,3,9,-1,0.156,97.3,105.1,0.036,0.222,11.1,61,0.108,0.327,77.15,101.6,94.6,1.0,0.1,92.58,105.0,11.1,-3.4,-7.8,0.223,0.25,0.225,11.3,7.0,0.0,0.045,5.0,44.0,0.045,0.0,38.0,2.0,0.0,2.0,0.6,1.0,0.2,0.0,0.0,2.0,1.0,0.0,0.4,5.0,0.5,1.0,0.5,2.0,3.0,3.0,8.0,61.0,2.1,0.0,0.5,2.09,0.0,6.0,41.0,0.148,0.93,3.0,6.1,8.0,3.6,5.0,0.0,0.714,0.0,0.5,0.667,0.75,14.0,2.0,2.0,7.0,0.0,1.0,0.667,0.167,0.714,6.0,0.75,0.3,10.0,0.5,0.0,0.167,0.0,0.0,1.0,1.0,2.0,0.5,0.167,0.5,2.0,,5.0,0.417,0.0,0.4,0.0,2.0,0.417,5.0,0.4,,2.0,0.4,0.0,2.0,0.0,0.0,0.0,0.167,0.0,0.0,0.0,0.0,0.167,2.0,0.0,,0.25,0.0,0.0,0.0,3.0,0.25,,0.0,0.0,0.0,3.0,0.0,0.0,0.0,0.0,0.0,0.0,0.0,,0.0,1.0,0.0,0.0,0.0,0.0,0.25,0.0,0.25,0.0,4.0,0.0,,0.0,0.0,0.333,3.0,2.0,0.0,0.0,0.0,0.0,0.0,1.0,2.0,0.0,1.0,0.0,,1.0,,2.0,0.0,4.0,0.5,142.0,101.0,0.438,0.711,0.58,0.131,2.0,0.0,,0.6,,,0.0,2.0,0.0,3.0,0.0,0.0,,0.0,0.0,0.0,0.0,1.0,5.0,2.0,0.0,,,0.0,0.0,0.0,0.0,4.0,0.0,3.0,0.0,0.0,0.0,2015,21400343,20141213.0,2014-15,False,1.0,5.0,11.0,0.455,0.45,0.004,1.0,4.0,0.25,0.383,4.0,7.0,0.571,0.477,4.0,4.0,1.0,0.543,1.0,7.0,0.143,0.389,0.0,0.0,0.0,0.0,0.0,0.0,3.0,0.5,1.0,0.167,0.0,0.0,0.0,0.0,,,,,,,,,,,,,,,,,,,,,
200794,Paul Millsap,1610612737,ATL,30.0,29.65,6,11,0.545,0,2,0.0,2,3,0.667,1,5,6,3,4,2,3,0,2,3,14,6,0.107,108.6,107.1,0.128,0.156,21.1,59,0.042,0.568,78.25,113.6,96.03,0.75,0.188,93.9,107.0,15.8,6.5,1.5,0.252,0.545,0.246,20.7,7.0,1.0,0.091,7.0,44.0,0.068,0.0,44.0,4.0,1.0,2.0,0.833,2.0,0.0,0.167,0.333,0.0,0.0,2.0,0.167,6.0,0.0,0.0,1.0,1.0,5.0,2.0,6.0,61.0,2.1,0.0,1.0,2.04,0.444,9.0,43.0,0.23,0.89,2.0,5.0,9.0,5.3,4.0,1.0,0.5,1.0,1.0,0.333,0.625,12.0,1.0,0.0,4.0,0.0,1.0,0.333,0.2,0.545,3.0,0.556,0.333,3.4,1.0,0.0,0.091,0.0,0.0,1.0,1.0,1.0,1.0,0.091,1.0,1.0,,3.0,0.273,0.0,1.0,0.0,3.0,0.273,3.0,1.0,,3.0,1.0,0.0,5.0,1.0,0.4,0.0,0.455,2.0,2.0,0.5,0.091,0.364,4.0,0.4,0.0,0.182,0.0,0.0,0.091,1.0,0.091,0.0,0.0,0.0,1.0,2.0,0.0,0.0,1.0,0.0,2.0,0.333,0.333,,0.0,3.0,4.0,0.0,0.0,0.667,0.545,0.0,1.0,0.0,6.0,0.0,0.0,0.0,0.0,0.75,4.0,1.0,0.0,1.0,0.0,0.0,0.0,3.0,3.0,0.0,0.0,0.0,0.0,1.0,0.0,2.0,0.0,3.0,1.0,158.0,109.0,0.446,0.69,0.581,0.109,2.0,0.0,,0.833,0.0,,0.0,1.0,1.0,5.0,0.0,0.0,,0.0,0.0,0.0,0.0,1.0,6.0,0.0,0.0,0.0,0.0,0.0,0.0,1.0,1.0,2.0,0.0,2.0,0.0,0.0,0.0,2015,21400396,20141220.0,2014-15,False,1.0,6.0,13.0,0.462,0.45,0.012,2.0,4.0,0.5,0.34,4.0,9.0,0.444,0.508,4.0,8.0,0.5,0.536,2.0,4.0,0.5,0.335,2.0,3.0,0.0,0.0,0.0,0.444,3.0,0.333,0.0,0.0,1.0,0.111,0.0,0.0,,,,,,,,,,,,,,,,,,,,,
200794,Paul Millsap,1610612737,ATL,30.0,37.62166666666667,7,15,0.467,0,2,0.0,5,5,1.0,0,6,6,7,2,3,3,0,4,5,19,9,0.092,108.4,95.2,0.144,0.188,7.7,80,0.0,0.552,84.53,106.3,100.95,3.5,0.259,101.43,96.2,26.9,10.0,13.2,0.236,0.467,0.226,7.6,6.0,0.0,0.121,15.0,58.0,0.121,0.0,52.0,7.0,0.0,1.0,2.0,1.0,0.0,0.0,0.0,0.0,0.0,0.0,0.0,1.0,0.0,0.0,1.0,0.0,2.0,4.0,5.0,79.0,2.3,0.5,1.0,1.73,1.0,9.0,50.0,0.241,0.78,2.0,3.9,12.0,3.9,4.0,0.0,0.375,0.0,0.0,0.0,0.5,16.0,0.0,0.0,4.0,0.0,2.0,0.0,0.333,0.375,4.0,0.5,0.333,0.0,0.0,0.0,0.133,0.0,0.0,0.0,0.0,2.0,0.0,0.133,0.0,2.0,,9.0,0.6,0.0,0.667,0.0,6.0,0.6,9.0,0.667,,6.0,0.667,0.0,2.0,0.0,0.5,0.0,0.133,1.0,1.0,0.5,0.0,0.133,2.0,0.5,,0.133,0.0,0.0,0.0,2.0,0.133,,0.0,0.0,0.0,2.0,0.0,0.0,0.0,0.0,0.0,0.0,0.0,,0.0,2.0,9.0,0.0,2.0,0.75,0.467,0.0,1.0,0.0,5.0,0.0,0.0,0.0,0.0,0.5,6.0,2.0,0.0,0.0,0.0,0.0,0.0,3.0,4.0,0.0,0.0,0.0,0.0,0.0,0.0,2.0,0.0,5.0,0.8,104.0,69.0,0.435,0.663,0.587,0.077,1.0,0.0,,0.667,,,0.0,2.0,0.0,4.0,0.0,1.0,,0.0,0.0,0.0,3.0,1.0,6.0,3.0,0.0,,,0.0,0.0,0.0,2.0,4.0,0.0,2.0,0.0,0.0,0.0,2015,21400254,20141202.0,2014-15,False,1.0,8.0,18.0,0.444,0.452,-0.007,2.0,8.0,0.25,0.314,6.0,10.0,0.6,0.498,5.0,7.0,0.714,0.545,3.0,10.0,0.3,0.37,3.0,4.0,2.0,2.0,1.0,1.0,2.0,0.222,1.0,0.111,1.0,0.111,1.0,0.111,,,,,,,,,,,,,,,,,,,,,
200794,Paul Millsap,1610612737,ATL,30.0,34.5,7,18,0.389,2,4,0.5,2,2,1.0,6,11,17,3,1,5,1,0,3,4,18,-1,0.224,92.3,98.0,0.223,0.314,4.3,70,0.146,0.477,82.9,95.7,98.75,3.0,0.167,99.48,93.2,13.0,2.6,-5.8,0.235,0.444,0.235,4.4,7.0,0.0,0.056,7.0,54.0,0.056,0.0,42.0,3.0,0.0,4.0,0.4,2.0,0.0,0.0,0.1,0.0,0.0,1.0,0.5,10.0,0.0,0.0,0.5,5.0,4.0,5.0,11.0,75.0,2.1,0.0,0.545,1.65,0.0,3.0,47.0,0.24,0.85,9.0,4.9,15.0,3.9,6.0,0.0,0.708,0.0,0.667,0.667,0.733,24.0,4.0,2.0,8.0,0.0,5.0,0.667,0.455,0.708,9.0,0.733,0.529,7.0,0.0,0.0,0.278,0.0,0.0,0.0,0.0,5.0,0.0,0.278,0.0,5.0,,5.0,0.278,0.0,0.6,0.0,3.0,0.278,5.0,0.6,,3.0,0.6,0.0,7.0,3.0,0.5,1.0,0.389,3.0,2.0,0.5,0.167,0.222,4.0,0.429,0.333,0.056,1.0,0.0,0.0,1.0,0.056,,1.0,1.5,0.0,1.0,1.0,1.0,1.0,1.0,2.0,0.333,0.333,0.0,0.0,3.0,0.0,0.0,0.0,0.0,0.444,0.667,0.25,6.0,6.0,1.0,0.0,0.0,0.0,0.333,3.0,3.0,0.333,1.0,1.0,1.0,1.0,1.0,4.0,0.0,0.0,1.0,0.0,1.0,0.0,1.0,0.0,10.0,0.4,15.0,8.0,0.395,0.533,0.597,-0.064,0.0,0.5,0.0,0.364,,0.0,0.0,2.0,0.5,4.0,0.0,0.0,0.0,0.0,0.0,1.0,0.0,2.0,11.0,1.0,0.5,,,1.0,0.0,1.0,2.0,3.0,0.667,3.0,2.0,1.0,2.0,2015,41400103,20150425.0,2014-15,True,1.0,10.0,19.0,0.526,0.462,0.065,3.0,5.0,0.6,0.337,7.0,14.0,0.5,0.486,3.0,8.0,0.375,0.529,6.0,9.0,0.667,0.361,0.0,0.0,0.0,0.0,0.0,0.0,2.0,0.667,0.0,0.0,0.0,0.0,0.0,0.0,,,,,,,,,,,,,,,,,,,,,
200794,Paul Millsap,1610612737,ATL,30.0,25.016666666666666,5,12,0.417,0,2,0.0,2,2,1.0,3,2,5,0,2,2,1,2,3,3,12,-13,0.116,92.0,120.1,0.061,0.105,13.3,48,0.125,0.466,77.55,97.9,96.93,0.0,0.0,93.06,122.4,0.0,-24.5,-28.1,0.27,0.417,0.273,13.4,2.0,0.0,0.0,0.0,32.0,0.0,0.0,32.0,0.0,0.0,3.0,0.4,1.0,0.0,0.0,0.0,0.0,0.0,0.0,0.4,5.0,0.0,0.0,0.333,2.0,2.0,5.0,8.0,47.0,1.5,0.4,1.0,1.96,0.0,5.0,33.0,0.255,0.98,2.0,3.0,5.0,3.4,2.0,0.0,0.455,0.0,0.667,0.5,0.4,11.0,2.0,1.0,3.0,0.0,0.0,0.5,0.0,0.455,6.0,0.4,0.4,2.8,0.667,0.0,0.3,0.0,0.0,2.0,2.0,3.0,0.667,0.3,0.667,3.0,,4.0,0.4,0.0,0.5,0.0,2.0,0.4,4.0,0.5,,2.0,0.5,0.0,1.0,0.0,1.0,0.0,0.1,1.0,1.0,1.0,0.0,0.1,1.0,1.0,,0.2,0.0,0.0,0.0,2.0,0.2,,0.0,0.0,0.0,2.0,0.0,0.0,0.0,0.0,0.0,0.0,0.0,,0.0,2.0,0.0,0.5,2.0,0.0,0.417,0.333,0.8,2.0,8.0,0.0,0.0,0.333,0.0,0.5,2.0,2.0,0.0,0.0,0.0,0.0,0.0,1.0,3.0,0.0,0.0,0.0,0.0,0.0,0.0,3.0,1.0,5.0,0.6,396.0,239.0,0.451,0.604,0.587,0.017,2.0,0.0,,0.6,,,0.0,0.0,0.0,3.0,0.0,0.5,,0.0,0.5,0.0,1.0,2.0,5.0,2.0,0.0,,,0.0,1.0,0.0,1.0,3.0,0.0,2.0,0.0,0.333,1.0,2015,21400958,20150311.0,2014-15,False,1.0,5.0,9.0,0.556,0.444,0.112,2.0,4.0,0.5,0.349,3.0,5.0,0.6,0.494,2.0,3.0,0.667,0.53,3.0,5.0,0.6,0.351,0.0,2.0,0.0,0.0,0.0,0.0,2.0,0.4,0.0,0.0,1.0,0.2,0.0,0.0,,,,,,,,,,,,,,,,,,,,,
200794,Paul Millsap,1610612737,ATL,30.0,33.333333333333336,8,17,0.471,4,6,0.667,2,2,1.0,3,4,7,3,3,2,0,1,3,2,22,-19,0.146,92.8,118.7,0.117,0.2,12.5,67,0.107,0.615,81.0,91.0,95.88,1.0,0.188,97.2,117.6,12.5,-26.6,-25.9,0.304,0.588,0.3,12.6,5.0,0.0,0.073,7.0,41.0,0.073,0.0,43.0,3.0,0.0,4.0,0.286,1.0,0.0,0.0,0.0,0.0,0.0,0.0,0.429,7.0,0.0,0.0,0.25,3.0,2.0,3.0,7.0,62.0,2.1,0.667,0.857,2.06,0.0,1.0,44.0,0.355,1.0,0.0,4.0,9.0,2.9,4.0,0.0,0.538,0.0,0.0,0.75,0.444,13.0,0.0,2.0,6.0,0.0,0.0,0.75,0.0,0.538,4.0,0.444,0.0,6.3,1.0,0.0,0.063,0.0,0.0,1.0,1.0,1.0,1.0,0.063,1.0,1.0,,6.0,0.375,0.0,0.167,0.0,1.0,0.375,6.0,0.167,,1.0,0.167,0.0,4.0,1.0,0.5,0.0,0.25,2.0,2.0,0.667,0.063,0.188,3.0,0.5,0.0,0.313,4.0,0.0,0.0,5.0,0.313,,0.8,1.2,0.0,5.0,0.8,4.0,1.0,1.0,2.0,0.25,0.25,0.0,0.0,4.0,0.0,0.0,2.0,0.0,0.588,0.8,0.667,12.0,6.0,0.5,0.0,0.5,1.0,0.0,2.0,4.0,0.75,1.0,1.0,0.0,0.0,0.0,3.0,1.0,1.0,3.0,0.0,2.0,0.0,2.0,1.0,7.0,0.429,426.0,256.0,0.449,0.601,0.586,0.015,1.0,0.5,,0.429,,,0.0,2.0,0.0,3.0,0.0,0.0,,0.0,1.0,1.0,0.0,4.0,7.0,1.0,0.75,,,3.0,1.0,0.0,2.0,5.0,0.8,5.0,4.0,1.2,4.0,2015,21401039,20150322.0,2014-15,False,1.0,9.0,14.0,0.643,0.511,0.132,2.0,2.0,1.0,0.384,7.0,12.0,0.583,0.531,6.0,10.0,0.6,0.556,3.0,4.0,0.75,0.383,0.0,0.0,0.0,0.0,0.0,0.0,0.0,0.0,1.0,1.0,0.0,0.0,0.0,0.0,,,,,,,,,,,,,,,,,,,,,
200794,Paul Millsap,1610612737,ATL,30.0,32.31666666666667,7,15,0.467,0,2,0.0,2,5,0.4,3,5,8,3,1,3,0,2,3,3,16,0,0.127,101.3,104.4,0.127,0.172,4.8,64,0.088,0.465,79.22,103.1,95.36,3.0,0.158,95.06,103.1,14.3,0.0,-3.1,0.245,0.467,0.243,4.7,5.0,0.0,0.087,9.0,46.0,0.065,0.0,39.0,4.0,1.0,4.0,0.857,2.0,0.143,0.143,0.0,2.0,2.0,0.0,0.143,7.0,1.0,1.0,0.5,1.0,6.0,5.0,6.0,65.0,2.6,0.0,1.333,2.44,0.25,8.0,40.0,0.246,1.4,5.0,10.2,9.0,7.6,2.0,1.0,0.571,2.0,0.667,0.6,0.625,14.0,2.0,1.0,3.0,1.0,3.0,0.75,0.6,0.667,5.0,0.556,0.625,14.5,1.0,0.0,0.077,0.0,0.0,1.0,1.0,1.0,1.0,0.077,1.0,1.0,,8.0,0.615,0.0,0.75,0.0,6.0,0.615,8.0,0.75,,6.0,0.75,0.0,2.0,0.0,0.0,0.0,0.154,0.0,0.0,0.0,0.0,0.154,2.0,0.0,,0.154,0.0,0.0,0.0,2.0,0.154,,0.0,0.0,0.0,2.0,0.0,0.0,0.0,0.0,0.0,0.0,0.0,,0.0,3.0,2.0,0.0,0.0,0.333,0.467,0.0,0.667,0.0,8.0,0.0,0.0,0.0,0.0,0.333,6.0,2.0,0.0,0.0,0.0,0.0,0.0,2.0,5.0,0.0,0.0,0.0,0.0,0.0,0.0,1.0,0.0,6.0,0.833,387.0,235.0,0.451,0.607,0.587,0.02,0.0,0.0,,0.857,0.0,,0.0,2.0,0.0,6.0,0.0,1.0,,0.0,0.0,0.0,1.0,0.0,7.0,1.0,0.0,0.0,0.0,0.0,0.0,0.0,5.0,3.0,0.0,2.0,0.0,0.0,0.0,2015,21400915,20150306.0,2014-15,False,1.0,4.0,14.0,0.286,0.443,-0.157,3.0,10.0,0.3,0.37,1.0,4.0,0.25,0.502,1.0,4.0,0.25,0.547,3.0,10.0,0.3,0.386,1.0,3.0,0.0,0.0,0.0,0.25,2.0,0.25,2.0,0.25,0.0,0.0,0.0,0.0,,,,,,,,,,,,,,,,,,,,,
200794,Paul Millsap,1610612737,ATL,30.0,34.38333333333333,8,16,0.5,1,2,0.5,6,7,0.857,0,8,8,2,1,2,1,0,4,4,23,16,0.129,116.4,93.2,0.17,0.258,4.5,73,0.0,0.603,84.34,117.8,104.0,2.0,0.095,101.21,97.2,9.1,20.6,23.2,0.265,0.531,0.256,4.5,3.0,0.0,0.098,4.0,41.0,0.049,2.0,39.0,4.0,1.0,1.0,0.625,1.0,0.25,0.125,0.125,4.0,3.0,1.0,0.375,8.0,0.75,2.0,1.0,3.0,5.0,7.0,9.0,64.0,2.4,0.286,1.222,2.29,1.0,4.0,40.0,0.359,1.2,2.0,4.3,14.0,4.3,6.0,0.0,0.471,1.0,0.0,0.0,0.571,17.0,0.0,0.0,6.0,1.0,2.0,0.0,0.25,0.5,3.0,0.571,0.25,0.0,0.667,0.0,0.188,0.0,0.0,2.0,2.0,3.0,0.667,0.188,0.667,3.0,,9.0,0.563,0.0,0.333,0.0,3.0,0.563,9.0,0.333,,3.0,0.333,0.0,1.0,0.0,1.0,0.0,0.063,1.0,1.0,1.0,0.0,0.063,1.0,1.0,,0.188,1.0,1.0,0.063,2.0,0.125,1.0,0.5,0.833,1.0,3.0,0.667,2.0,2.0,0.0,4.0,0.4,0.4,,0.0,5.0,4.0,0.5,2.0,0.5,0.531,0.5,0.5,3.0,11.0,1.0,0.0,0.25,1.0,0.5,2.0,1.0,0.0,0.0,1.0,0.0,0.0,1.0,5.0,1.0,1.0,0.0,0.0,1.0,0.0,4.0,1.0,8.0,0.625,218.0,140.0,0.444,0.642,0.586,0.056,1.0,0.0,0.0,0.556,,0.0,0.0,0.0,0.0,5.0,0.0,1.0,0.0,0.0,0.0,0.0,2.0,2.0,9.0,2.0,0.5,,,1.0,0.0,0.0,2.0,2.0,0.5,2.0,1.0,0.75,1.0,2015,21400519,20150105.0,2014-15,False,1.0,7.0,13.0,0.538,0.531,0.008,0.0,2.0,0.0,0.416,7.0,11.0,0.636,0.546,6.0,9.0,0.667,0.617,1.0,4.0,0.25,0.425,2.0,4.0,0.0,0.0,0.0,1.0,0.0,0.0,0.0,0.0,0.0,0.0,0.0,0.0,,,,,,,,,,,,,,,,,,,,,
200794,Paul Millsap,1610612737,ATL,30.0,38.2,6,16,0.375,1,3,0.333,5,6,0.833,5,6,11,5,2,4,0,0,1,5,18,13,0.149,116.6,100.4,0.145,0.171,7.7,75,0.128,0.483,78.53,118.7,95.55,2.5,0.2,94.24,101.3,19.2,17.3,16.2,0.239,0.406,0.239,7.8,10.0,2.0,0.149,17.0,47.0,0.106,0.0,39.0,7.0,1.0,4.0,0.429,1.0,0.143,0.143,0.0,2.0,1.0,0.0,0.143,7.0,0.5,1.0,0.25,1.0,3.0,2.0,7.0,68.0,2.6,0.0,0.571,2.32,0.0,6.0,47.0,0.265,1.38,5.0,4.7,14.0,4.4,5.0,3.0,0.478,3.0,0.8,0.556,0.545,23.0,4.0,1.0,6.0,0.0,1.0,0.556,0.167,0.55,9.0,0.429,0.455,5.0,0.167,0.0,0.375,0.0,0.0,1.0,1.0,6.0,0.167,0.375,0.167,6.0,,6.0,0.375,0.0,0.5,0.0,3.0,0.375,6.0,0.5,,3.0,0.5,0.0,1.0,1.0,0.0,0.0,0.063,0.0,0.0,,0.063,0.0,0.0,0.0,0.0,0.188,1.0,1.0,0.063,2.0,0.125,1.0,0.5,0.833,1.0,3.0,0.667,2.0,0.0,0.0,0.0,0.0,0.0,,0.0,1.0,0.0,0.0,0.0,0.0,0.406,0.5,0.5,5.0,4.0,0.0,0.0,0.5,0.0,0.5,4.0,3.0,0.333,0.0,0.0,0.0,0.0,2.0,2.0,0.0,0.0,1.0,0.0,0.0,0.0,2.0,1.0,7.0,0.286,48.0,21.0,0.417,0.438,0.601,-0.164,2.0,0.0,,0.286,0.0,,0.0,0.0,0.0,2.0,0.0,0.5,,0.0,0.5,0.0,2.0,3.0,7.0,4.0,0.333,0.0,0.0,1.0,1.0,0.0,0.0,4.0,0.333,3.0,1.0,0.625,2.0,2015,41400202,20150505.0,2014-15,True,1.0,8.0,15.0,0.533,0.476,0.058,2.0,3.0,0.667,0.413,6.0,12.0,0.5,0.496,3.0,6.0,0.5,0.565,4.0,8.0,0.5,0.387,0.0,2.0,0.0,0.0,0.0,0.0,4.0,0.667,0.0,0.0,0.0,0.0,0.0,0.0,,,,,,,,,,,,,,,,,,,,,
200794,Paul Millsap,1610612737,ATL,30.0,30.966666666666665,8,13,0.615,1,2,0.5,2,2,1.0,3,6,9,7,2,1,0,1,3,2,19,18,0.145,130.9,105.8,0.176,0.167,8.7,64,0.115,0.684,82.67,134.4,100.75,3.5,0.28,99.2,106.3,30.4,28.1,25.1,0.215,0.654,0.216,8.7,10.0,0.0,0.22,21.0,41.0,0.171,1.0,37.0,9.0,1.0,3.0,0.5,2.0,0.0,0.125,0.125,0.0,0.0,1.0,0.375,8.0,0.0,0.0,0.667,3.0,4.0,4.0,5.0,60.0,2.4,0.5,1.6,2.4,0.444,9.0,37.0,0.317,1.02,6.0,3.0,10.0,3.3,2.0,0.0,0.5,1.0,0.667,0.375,0.6,18.0,2.0,1.0,3.0,1.0,4.0,0.429,0.667,0.529,8.0,0.6,0.667,2.4,0.667,0.0,0.25,0.0,0.0,2.0,2.0,3.0,0.667,0.25,0.667,3.0,,4.0,0.333,0.0,0.75,0.0,3.0,0.333,4.0,0.75,,3.0,0.75,0.0,3.0,1.0,0.667,0.0,0.25,2.0,2.0,1.0,0.083,0.167,2.0,0.667,0.0,0.167,1.0,0.0,0.083,1.0,0.083,0.0,1.0,0.75,1.0,2.0,0.5,1.0,1.0,0.0,2.0,1.0,1.0,,0.0,1.0,4.0,0.5,2.0,0.333,0.654,0.333,1.0,3.0,8.0,0.0,0.0,0.5,0.0,0.333,3.0,2.0,0.5,0.0,0.0,0.0,0.0,1.0,5.0,0.0,0.0,1.0,0.0,0.0,0.0,2.0,1.0,6.0,0.833,350.0,213.0,0.469,0.609,0.586,0.022,1.0,0.0,0.0,0.833,,0.0,0.0,0.0,1.0,5.0,0.0,0.333,0.0,0.0,0.0,0.0,1.0,2.0,6.0,3.0,0.5,,,1.0,0.0,1.0,1.0,3.0,0.5,2.0,1.0,0.5,1.0,2015,21400779,20150209.0,2014-15,False,1.0,4.0,15.0,0.267,0.45,-0.183,0.0,1.0,0.0,0.314,4.0,14.0,0.286,0.466,3.0,10.0,0.3,0.519,0.0,4.0,0.0,0.315,1.0,3.0,2.0,2.0,1.0,0.444,1.0,0.111,3.0,0.333,1.0,0.111,1.0,0.111,,,,,,,,,,,,,,,,,,,,,
200794,Paul Millsap,1610612737,ATL,30.0,31.48333333333333,9,15,0.6,2,4,0.5,5,8,0.625,0,9,9,6,2,2,0,0,1,7,25,29,0.153,126.3,81.1,0.221,0.257,7.7,65,0.0,0.675,82.58,127.7,100.87,3.0,0.273,99.1,83.1,23.1,44.6,45.2,0.312,0.667,0.308,7.5,8.0,0.0,0.149,18.0,47.0,0.128,0.0,48.0,7.0,0.0,1.0,0.8,1.0,0.2,0.0,0.2,2.0,2.0,1.0,0.2,5.0,1.0,1.0,1.0,1.0,4.0,7.0,4.0,69.0,2.2,0.571,1.0,1.91,0.5,2.0,47.0,0.362,1.04,3.0,9.4,10.0,9.4,6.0,1.0,0.692,1.0,0.0,0.0,1.0,13.0,0.0,0.0,6.0,0.0,3.0,0.0,0.333,0.75,3.0,0.9,0.333,0.0,0.333,0.0,0.2,0.0,0.0,1.0,1.0,3.0,0.333,0.2,0.333,3.0,,3.0,0.2,0.0,0.667,0.0,2.0,0.2,3.0,0.667,,2.0,0.667,0.0,3.0,1.0,0.333,0.0,0.2,1.0,1.0,0.5,0.067,0.133,2.0,0.333,0.0,0.4,2.0,3.0,0.2,3.0,0.2,1.0,0.667,1.0,3.0,6.0,0.833,5.0,1.0,0.0,2.0,0.5,0.5,,0.0,2.0,1.0,0.5,4.0,0.0,0.667,0.5,1.0,6.0,4.0,0.5,0.0,0.5,1.0,0.667,3.0,2.0,0.5,1.0,1.0,0.0,0.0,2.0,4.0,1.0,1.0,1.0,0.0,2.0,0.0,2.0,1.0,6.0,0.667,32.0,14.0,0.395,0.438,0.575,-0.138,1.0,0.0,,0.667,,,0.0,1.0,0.0,4.0,0.0,0.75,,0.0,0.0,0.0,3.0,3.0,6.0,4.0,0.667,,,2.0,0.0,0.0,0.0,4.0,0.5,4.0,2.0,0.75,2.0,2015,41400106,20150501.0,2014-15,True,1.0,2.0,8.0,0.25,0.454,-0.204,1.0,2.0,0.5,0.36,1.0,6.0,0.167,0.483,1.0,4.0,0.25,0.561,1.0,4.0,0.25,0.351,0.0,1.0,1.0,2.0,0.5,0.5,0.0,0.0,0.0,0.0,0.0,0.0,1.0,0.5,,,,,,,,,,,,,,,,,,,,,
200794,Paul Millsap,1610612737,ATL,30.0,27.43,6,14,0.429,2,4,0.5,2,2,1.0,5,4,9,3,3,2,0,2,3,4,16,-5,0.145,89.4,102.1,0.146,0.154,15.0,55,0.139,0.538,78.75,94.5,99.74,1.0,0.273,94.5,107.5,15.0,-13.0,-12.7,0.266,0.5,0.254,14.4,9.0,0.0,0.088,7.0,34.0,0.088,0.0,37.0,3.0,1.0,2.0,0.4,1.0,0.0,0.2,0.2,0.0,0.0,1.0,0.2,5.0,0.0,0.0,0.5,1.0,2.0,6.0,8.0,54.0,2.2,0.0,0.25,2.45,1.667,3.0,41.0,0.296,1.17,5.0,3.9,5.0,2.8,1.0,2.0,0.474,2.0,0.8,0.357,1.333,19.0,4.0,1.0,2.0,0.0,1.0,0.357,0.25,0.529,14.0,0.8,0.556,4.3,0.0,0.0,0.083,0.0,0.0,0.0,0.0,1.0,0.0,0.083,0.0,1.0,,7.0,0.583,0.0,0.571,0.0,4.0,0.583,7.0,0.571,,4.0,0.571,0.0,2.0,2.0,0.75,1.0,0.167,1.0,0.0,,0.167,0.0,0.0,0.5,0.5,0.167,1.0,0.0,0.0,2.0,0.167,,0.5,0.75,0.0,2.0,0.5,1.0,1.0,0.0,2.0,0.5,0.5,,0.0,2.0,5.0,0.0,0.0,0.667,0.5,0.5,0.25,6.0,2.0,0.0,,1.0,0.0,0.4,5.0,4.0,0.5,0.0,0.0,0.0,0.0,2.0,1.0,0.0,0.0,2.0,,0.0,,1.0,1.0,4.0,0.25,414.0,248.0,0.449,0.599,0.587,0.012,0.0,0.5,0.0,0.25,,0.0,,4.0,0.5,1.0,,0.5,0.0,,0.0,2.0,2.0,0.0,4.0,4.0,0.0,,,0.0,0.0,1.0,2.0,3.0,0.667,3.0,2.0,1.0,2.0,2015,21401014,20150318.0,2014-15,False,1.0,9.0,14.0,0.643,0.458,0.185,4.0,5.0,0.8,0.332,5.0,9.0,0.556,0.522,3.0,6.0,0.5,0.574,5.0,7.0,0.714,0.353,2.0,3.0,0.0,0.0,0.0,1.667,0.0,0.0,0.0,0.0,0.0,0.0,0.0,0.0,,,,,,,,,,,,,,,,,,,,,
200794,Paul Millsap,1610612737,ATL,30.0,39.8,13,23,0.565,4,8,0.5,0,0,0.0,6,11,17,3,2,2,2,3,2,1,30,7,0.246,111.3,105.1,0.22,0.297,7.1,76,0.188,0.652,76.38,115.8,94.14,1.5,0.143,91.66,106.6,10.7,9.2,6.3,0.281,0.652,0.281,7.1,7.0,3.0,0.108,13.0,65.0,0.046,1.0,56.0,7.0,1.0,7.0,0.444,2.0,0.0,0.111,0.0,0.0,0.0,0.0,0.111,9.0,0.0,0.0,0.286,1.0,4.0,2.0,6.0,94.0,3.6,0.0,1.0,2.29,0.4,5.0,60.0,0.319,1.18,7.0,6.6,14.0,5.2,7.0,0.0,0.739,0.0,0.5,0.667,0.786,23.0,3.0,3.0,10.0,0.0,4.0,0.667,0.364,0.739,9.0,0.786,0.412,9.3,0.5,0.0,0.2,0.0,0.0,2.0,2.0,4.0,0.5,0.2,0.5,4.0,,8.0,0.4,1.0,0.75,0.05,6.0,0.45,9.0,0.667,0.0,6.0,0.667,0.0,2.0,1.0,0.5,0.0,0.1,1.0,1.0,1.0,0.05,0.05,1.0,0.5,0.0,0.25,4.0,0.0,0.0,5.0,0.25,,0.8,1.2,0.0,5.0,0.8,4.0,0.0,1.0,0.0,0.0,0.0,0.0,0.0,1.0,2.0,0.0,0.0,1.0,0.652,0.571,1.0,12.0,6.0,0.0,0.0,0.0,0.0,0.25,4.0,6.0,0.667,2.0,0.0,0.0,0.0,1.0,8.0,0.0,0.0,4.0,0.0,2.0,0.0,0.0,0.0,11.0,0.727,38.0,27.0,0.365,0.711,0.587,0.124,0.0,0.667,0.0,0.667,,0.0,0.0,6.0,0.0,8.0,0.0,0.333,0.0,0.0,0.0,4.0,1.0,2.0,12.0,3.0,0.0,,,0.0,0.0,0.0,0.0,6.0,0.667,6.0,4.0,1.0,4.0,2015,21400110,20141112.0,2014-15,False,1.0,8.0,14.0,0.571,0.495,0.076,2.0,4.0,0.5,0.355,6.0,10.0,0.6,0.506,6.0,8.0,0.75,0.574,2.0,5.0,0.4,0.362,1.0,1.0,0.0,0.0,0.0,0.4,3.0,0.6,1.0,0.2,0.0,0.0,0.0,0.0,,,,,,,,,,,,,,,,,,,,,
200794,Paul Millsap,1610612737,ATL,30.0,36.92666666666667,10,17,0.588,0,2,0.0,6,6,1.0,0,9,9,3,0,2,3,0,2,4,26,6,0.123,112.0,100.9,0.222,0.231,0.0,77,0.0,0.662,81.78,110.4,100.22,0.0,0.136,98.14,106.8,13.0,3.6,11.0,0.24,0.588,0.238,0.0,10.0,0.0,0.071,9.0,56.0,0.054,1.0,56.0,4.0,0.0,6.0,0.857,3.0,0.0,0.0,0.0,0.0,0.0,0.0,0.143,7.0,0.0,0.0,0.5,1.0,6.0,4.0,6.0,79.0,2.7,1.0,1.0,2.08,0.667,9.0,52.0,0.329,0.92,3.0,4.9,11.0,4.9,6.0,0.0,0.563,0.0,0.0,0.0,0.818,16.0,0.0,0.0,6.0,0.0,3.0,0.0,0.333,0.563,5.0,0.818,0.333,0.0,1.0,0.0,0.118,0.0,0.0,2.0,2.0,2.0,1.0,0.118,1.0,2.0,,11.0,0.647,0.0,0.636,0.0,7.0,0.647,11.0,0.636,,7.0,0.636,0.0,2.0,1.0,0.0,0.0,0.118,0.0,0.0,0.0,0.059,0.059,1.0,0.0,0.0,0.118,0.0,1.0,0.059,1.0,0.059,1.0,0.0,0.5,1.0,2.0,0.5,1.0,0.0,1.0,0.0,0.0,0.0,0.0,0.0,2.0,6.0,1.0,4.0,0.333,0.588,0.333,0.667,2.0,6.0,0.0,0.0,0.5,0.0,0.25,4.0,2.0,0.0,0.0,0.0,0.0,0.0,1.0,8.0,0.0,0.0,0.0,0.0,0.0,0.0,2.0,1.0,9.0,0.889,196.0,127.0,0.444,0.648,0.582,0.066,0.0,0.0,0.0,0.889,,0.0,0.0,0.0,0.0,8.0,0.0,0.5,0.0,0.0,0.0,0.0,1.0,3.0,9.0,2.0,0.333,,,1.0,0.0,0.0,3.0,2.0,0.0,1.0,0.0,0.5,1.0,2015,21400466,20141230.0,2014-15,False,1.0,7.0,21.0,0.333,0.442,-0.109,2.0,3.0,0.667,0.337,5.0,18.0,0.278,0.483,5.0,14.0,0.357,0.516,2.0,6.0,0.333,0.376,1.0,3.0,4.0,4.0,1.0,0.667,4.0,0.444,0.0,0.0,0.0,0.0,2.0,0.222,,,,,,,,,,,,,,,,,,,,,
200794,Paul Millsap,1610612737,ATL,30.0,24.92333333333333,4,8,0.5,0,1,0.0,3,3,1.0,1,1,2,3,2,0,0,0,2,2,11,6,0.049,128.2,115.8,0.059,0.059,14.3,50,0.042,0.59,81.05,130.0,97.91,1.5,0.158,97.26,115.7,21.4,14.3,12.4,0.196,0.5,0.193,14.0,7.0,0.0,0.111,8.0,27.0,0.111,0.0,27.0,3.0,0.0,1.0,1.0,1.0,0.0,0.0,0.0,0.0,0.0,0.0,0.5,2.0,0.0,0.0,1.0,1.0,2.0,1.0,3.0,36.0,1.2,2.0,1.667,1.96,0.0,2.0,24.0,0.306,0.69,0.0,1.5,2.0,1.5,1.0,0.0,0.5,0.0,0.0,0.5,0.5,4.0,0.0,0.0,1.0,0.0,0.0,0.5,0.0,0.5,2.0,0.5,0.0,0.0,0.5,0.0,0.5,0.0,0.0,2.0,2.0,4.0,0.5,0.5,0.5,4.0,,1.0,0.125,0.0,0.0,0.0,0.0,0.125,1.0,0.0,,0.0,0.0,0.0,1.0,0.0,1.0,0.0,0.125,1.0,1.0,1.0,0.0,0.125,1.0,1.0,,0.25,0.0,1.0,0.125,1.0,0.125,1.0,0.0,0.5,1.0,2.0,0.5,1.0,0.0,0.0,0.0,0.0,0.0,,0.0,1.0,0.0,1.0,2.0,0.0,0.5,0.5,1.0,2.0,5.0,0.0,,0.5,0.0,0.0,0.0,1.0,0.0,0.0,0.0,0.0,0.0,0.0,3.0,0.0,0.0,0.0,,0.0,,2.0,1.0,5.0,0.6,239.0,150.0,0.45,0.628,0.586,0.041,2.0,0.0,,0.6,,,,0.0,0.0,3.0,,0.0,,,0.5,0.0,0.0,1.0,5.0,0.0,0.0,,,0.0,1.0,0.0,0.0,1.0,0.0,1.0,0.0,0.0,0.0,2015,21400558,20150111.0,2014-15,False,1.0,8.0,12.0,0.667,0.485,0.181,1.0,1.0,1.0,0.413,7.0,11.0,0.636,0.503,4.0,7.0,0.571,0.583,2.0,3.0,0.667,0.407,0.0,1.0,0.0,0.0,0.0,0.0,0.0,0.0,1.0,0.5,0.0,0.0,0.0,0.0,,,,,,,,,,,,,,,,,,,,,
200794,Paul Millsap,1610612737,ATL,30.0,26.996666666666663,2,8,0.25,0,0,0.0,0,0,0.0,0,5,5,2,1,2,0,2,3,2,4,-4,0.109,107.8,113.6,0.031,0.217,9.1,52,0.0,0.25,78.53,107.7,93.13,2.0,0.1,94.23,111.1,18.2,-3.4,-5.9,0.167,0.25,0.167,9.1,4.0,0.0,0.049,5.0,41.0,0.049,0.0,30.0,2.0,0.0,1.0,0.0,0.0,0.0,0.0,0.0,0.0,0.0,0.0,0.0,1.0,0.0,0.0,0.0,0.0,0.0,2.0,2.0,51.0,1.8,0.0,1.0,2.06,0.667,3.0,27.0,0.078,1.02,3.0,5.9,8.0,5.9,2.0,1.0,0.5,1.0,0.0,0.0,0.714,10.0,0.0,0.0,2.0,0.0,3.0,0.0,0.6,0.556,2.0,0.625,0.6,0.0,1.0,0.0,0.167,0.0,0.0,1.0,1.0,1.0,1.0,0.167,1.0,1.0,,2.0,0.333,0.0,0.5,0.0,1.0,0.333,2.0,0.5,,1.0,0.5,0.0,2.0,0.0,0.0,0.0,0.333,0.0,0.0,0.0,0.0,0.333,2.0,0.0,,0.167,0.0,0.0,0.167,0.0,0.0,0.0,,0.0,1.0,1.0,0.0,0.0,0.0,,0.0,0.0,0.0,,,1.0,2.0,0.0,0.0,0.5,0.25,0.0,0.5,0.0,2.0,0.0,0.0,0.0,0.0,0.0,0.0,0.0,0.0,0.0,0.0,0.0,0.0,0.0,2.0,0.0,0.0,0.0,0.0,0.0,0.0,4.0,0.0,4.0,0.5,79.0,38.0,0.42,0.481,0.615,-0.134,1.0,0.0,,0.5,,,0.0,0.0,0.0,2.0,0.0,0.0,,0.0,0.0,0.0,0.0,0.0,4.0,0.0,0.0,,,0.0,0.0,0.0,3.0,1.0,,,,0.0,0.0,2015,41400302,20150522.0,2014-15,True,1.0,5.0,10.0,0.5,0.486,0.014,2.0,2.0,1.0,0.34,3.0,8.0,0.375,0.512,2.0,6.0,0.333,0.59,2.0,2.0,1.0,0.35,1.0,2.0,0.0,0.0,0.0,0.667,1.0,0.333,0.0,0.0,0.0,0.0,0.0,0.0,,,,,,,,,,,,,,,,,,,,,
200794,Paul Millsap,1610612737,ATL,30.0,35.05,5,9,0.556,3,5,0.6,15,16,0.938,5,10,15,1,3,1,2,1,3,8,28,7,0.203,110.5,99.8,0.245,0.263,14.3,68,0.139,0.873,77.6,114.7,97.04,0.33,0.053,93.12,104.4,4.8,10.3,10.8,0.236,0.722,0.244,15.0,4.0,0.0,0.018,2.0,56.0,0.018,0.0,39.0,1.0,1.0,1.0,1.111,1.0,0.444,0.111,0.0,8.0,8.0,0.0,0.333,9.0,1.0,4.0,1.0,3.0,10.0,0.0,5.0,76.0,2.9,0.0,0.4,2.25,0.667,3.0,45.0,0.368,1.11,8.0,5.0,17.0,3.5,6.0,0.0,0.577,0.0,0.8,0.556,0.588,26.0,4.0,1.0,7.0,0.0,4.0,0.556,0.4,0.577,9.0,0.588,0.533,8.1,,,,,,,,,,,,,,2.0,0.25,1.0,0.5,0.125,1.0,0.375,3.0,0.333,0.0,1.0,0.333,0.0,1.0,0.0,1.0,0.0,0.125,1.0,1.0,1.0,0.0,0.125,1.0,1.0,,0.5,3.0,0.0,0.0,4.0,0.5,,0.75,1.125,0.0,4.0,0.75,3.0,0.0,0.0,0.0,0.0,0.0,,0.0,1.0,2.0,0.0,0.0,0.0,0.722,0.5,1.0,9.0,2.0,0.667,0.0,0.0,0.0,0.0,0.0,2.0,0.5,2.0,2.0,2.0,1.0,0.0,2.0,0.0,1.0,1.0,0.0,3.0,0.0,2.0,0.0,2.0,1.0,284.0,180.0,0.454,0.634,0.588,0.046,2.0,0.0,,1.0,,,0.0,0.0,0.0,2.0,0.0,0.0,,0.0,0.0,0.0,0.0,5.0,2.0,0.0,0.6,,,3.0,0.0,0.0,0.0,5.0,0.6,5.0,3.0,0.9,3.0,2015,21400683,20150128.0,2014-15,False,1.0,3.0,10.0,0.3,0.49,-0.19,1.0,2.0,0.5,0.352,2.0,8.0,0.25,0.529,2.0,6.0,0.333,0.577,1.0,4.0,0.25,0.423,0.0,1.0,2.0,2.0,1.0,0.667,1.0,0.333,0.0,0.0,0.0,0.0,1.0,0.333,,,,,,,,,,,,,,,,,,,,,
200794,Paul Millsap,1610612737,ATL,30.0,32.95,8,12,0.667,0,2,0.0,5,5,1.0,0,9,9,4,2,1,2,0,3,4,21,16,0.153,113.1,88.1,0.232,0.273,10.0,62,0.0,0.739,75.27,114.5,91.19,2.0,0.235,90.32,88.7,20.0,25.8,24.9,0.246,0.667,0.242,9.9,6.0,0.0,0.132,8.0,38.0,0.105,1.0,36.0,5.0,0.0,2.0,1.75,2.0,0.25,0.0,0.0,2.0,2.0,0.0,0.25,4.0,1.0,1.0,1.0,1.0,7.0,2.0,5.0,54.0,1.8,2.0,1.2,2.05,0.0,5.0,36.0,0.389,1.09,3.0,5.7,16.0,5.7,6.0,1.0,0.529,1.0,0.0,0.0,0.6,17.0,0.0,0.0,6.0,0.0,3.0,0.0,0.333,0.563,1.0,0.563,0.333,0.0,1.0,0.0,0.167,0.0,0.0,2.0,2.0,2.0,1.0,0.167,1.0,2.0,,6.0,0.5,0.0,0.667,0.0,4.0,0.5,6.0,0.667,,4.0,0.667,0.0,1.0,0.0,1.0,0.0,0.083,1.0,1.0,1.0,0.0,0.083,1.0,1.0,,0.25,0.0,1.0,0.083,2.0,0.167,1.0,0.0,0.333,1.0,3.0,0.333,1.0,2.0,0.0,4.0,0.667,0.667,,0.0,3.0,0.0,1.0,4.0,0.0,0.667,0.5,0.667,4.0,6.0,0.0,0.0,1.0,0.0,0.75,4.0,2.0,0.0,0.0,0.0,0.0,0.0,3.0,2.0,0.0,0.0,0.0,0.0,0.0,0.0,3.0,3.0,3.0,0.667,439.0,261.0,0.449,0.595,0.587,0.008,2.0,0.0,,0.667,,,0.0,0.0,0.0,2.0,0.0,1.0,,0.0,1.0,0.0,3.0,3.0,3.0,3.0,0.333,,,1.0,2.0,0.0,1.0,4.0,0.0,2.0,0.0,0.5,2.0,2015,21401077,20150327.0,2014-15,False,1.0,7.0,16.0,0.438,0.431,0.007,3.0,6.0,0.5,0.323,4.0,10.0,0.4,0.501,3.0,8.0,0.375,0.586,4.0,8.0,0.5,0.338,0.0,1.0,0.0,0.0,0.0,0.0,2.0,0.4,1.0,0.2,1.0,0.2,0.0,0.0,,,,,,,,,,,,,,,,,,,,,
200794,Paul Millsap,1610612737,ATL,30.0,36.41666666666666,8,19,0.421,1,5,0.2,0,0,0.0,3,5,8,3,0,0,0,2,2,1,17,20,0.093,109.2,85.7,0.125,0.119,0.0,71,0.068,0.447,77.44,111.3,93.06,0.0,0.15,92.92,84.3,13.6,27.0,23.5,0.217,0.447,0.213,0.0,7.0,0.0,0.093,10.0,43.0,0.07,0.0,45.0,4.0,1.0,3.0,1.0,2.0,0.0,0.25,0.0,0.0,0.0,0.0,0.0,4.0,0.0,0.0,0.667,0.0,4.0,6.0,6.0,64.0,1.9,0.333,0.667,1.77,0.25,8.0,47.0,0.266,0.75,5.0,9.9,10.0,10.6,3.0,2.0,0.4,2.0,1.0,0.3,0.625,20.0,3.0,0.0,3.0,0.0,2.0,0.3,0.4,0.444,10.0,0.5,0.625,8.8,0.667,0.0,0.176,0.0,0.0,2.0,2.0,3.0,0.667,0.176,0.667,3.0,,8.0,0.471,0.0,0.625,0.0,5.0,0.471,8.0,0.625,,5.0,0.625,0.0,1.0,0.0,0.0,0.0,0.059,0.0,0.0,0.0,0.0,0.059,1.0,0.0,,0.294,1.0,0.0,0.0,5.0,0.294,,0.2,0.3,0.0,5.0,0.2,1.0,0.0,0.0,0.0,,,,0.0,0.0,2.0,0.5,2.0,0.333,0.447,0.2,0.4,3.0,4.0,0.0,,0.5,0.0,0.5,2.0,4.0,0.25,0.0,0.0,0.0,0.0,1.0,5.0,0.0,1.0,1.0,,1.0,,2.0,1.0,10.0,0.5,183.0,122.0,0.436,0.667,0.583,0.084,0.0,0.333,0.0,0.5,,0.0,,3.0,0.0,5.0,,0.667,0.0,,0.0,1.0,2.0,2.0,10.0,3.0,0.0,,,0.0,0.0,0.0,1.0,5.0,0.2,5.0,1.0,0.3,1.0,2015,21400449,20141227.0,2014-15,False,1.0,9.0,24.0,0.375,0.443,-0.068,3.0,9.0,0.333,0.372,6.0,15.0,0.4,0.463,5.0,11.0,0.455,0.507,4.0,12.0,0.333,0.407,1.0,3.0,0.0,0.0,0.0,0.25,4.0,0.5,1.0,0.125,0.0,0.0,0.0,0.0,,,,,,,,,,,,,,,,,,,,,
200794,Paul Millsap,1610612737,ATL,30.0,33.53333333333333,4,12,0.333,1,4,0.25,8,9,0.889,1,8,9,7,2,1,1,1,3,6,17,7,0.123,112.9,103.6,0.159,0.205,8.0,66,0.029,0.533,79.92,115.2,95.85,3.5,0.368,95.9,101.5,28.0,13.7,9.3,0.245,0.375,0.243,8.0,12.0,0.0,0.143,18.0,56.0,0.125,1.0,53.0,8.0,1.0,1.0,0.5,1.0,0.125,0.125,0.125,2.0,2.0,1.0,0.5,8.0,1.0,1.0,1.0,4.0,4.0,2.0,2.0,75.0,2.8,0.0,0.0,2.22,0.667,9.0,53.0,0.227,1.05,4.0,3.1,12.0,3.2,5.0,1.0,0.529,1.0,1.0,0.2,0.727,17.0,1.0,0.0,5.0,0.0,3.0,0.2,0.375,0.563,5.0,0.667,0.444,2.7,1.0,0.0,0.091,0.0,0.0,1.0,1.0,1.0,1.0,0.091,1.0,1.0,,4.0,0.364,0.0,0.25,0.0,1.0,0.364,4.0,0.25,,1.0,0.25,0.0,3.0,1.0,0.333,0.0,0.273,1.0,1.0,0.5,0.091,0.182,2.0,0.333,0.0,0.273,1.0,0.0,0.0,3.0,0.273,,0.333,0.5,0.0,3.0,0.333,1.0,1.0,0.0,2.0,0.5,0.5,,0.0,2.0,6.0,0.0,0.0,0.5,0.375,0.25,0.0,3.0,0.0,0.0,0.0,0.0,0.0,1.0,2.0,3.0,0.333,1.0,0.0,0.0,0.0,2.0,1.0,0.0,0.0,1.0,0.0,1.0,0.0,1.0,0.0,5.0,0.2,172.0,118.0,0.443,0.686,0.584,0.102,0.0,0.0,,0.2,,,0.0,1.0,0.0,1.0,0.0,1.0,,0.0,0.0,0.0,2.0,3.0,5.0,2.0,0.333,,,1.0,0.0,0.0,1.0,4.0,0.25,4.0,1.0,0.375,1.0,2015,21400420,20141223.0,2014-15,False,1.0,9.0,17.0,0.529,0.478,0.051,2.0,5.0,0.4,0.391,7.0,12.0,0.583,0.516,6.0,9.0,0.667,0.587,3.0,7.0,0.429,0.414,1.0,2.0,4.0,4.0,1.0,0.667,1.0,0.111,3.0,0.333,1.0,0.111,2.0,0.222,,,,,,,,,,,,,,,,,,,,,
200794,Paul Millsap,1610612737,ATL,30.0,40.18333333333333,7,20,0.35,1,5,0.2,5,7,0.714,3,10,13,2,3,0,2,1,5,6,20,5,0.13,98.0,91.0,0.097,0.182,10.7,81,0.067,0.433,81.13,97.5,96.73,0.67,0.083,97.35,90.2,7.1,7.3,7.1,0.288,0.375,0.283,10.7,7.0,0.0,0.042,6.0,48.0,0.042,0.0,50.0,2.0,1.0,6.0,0.364,1.0,0.182,0.091,0.0,4.0,2.0,0.0,0.182,11.0,0.5,2.0,0.167,2.0,4.0,5.0,10.0,76.0,2.9,1.0,0.7,2.3,0.4,5.0,54.0,0.263,1.29,5.0,6.1,14.0,6.6,7.0,0.0,0.684,0.0,0.667,0.6,0.714,19.0,2.0,1.0,8.0,0.0,3.0,0.6,0.3,0.684,5.0,0.714,0.385,4.4,0.0,0.0,0.158,0.0,0.0,0.0,0.0,3.0,0.0,0.158,0.0,3.0,,8.0,0.421,0.0,0.625,0.0,5.0,0.421,8.0,0.625,,5.0,0.625,0.0,2.0,0.0,0.5,0.0,0.105,1.0,1.0,0.5,0.0,0.105,2.0,0.5,,0.316,1.0,0.0,0.053,5.0,0.263,0.0,0.2,0.25,1.0,6.0,0.167,1.0,2.0,0.0,4.0,0.5,0.5,,0.0,4.0,2.0,1.0,5.0,1.0,0.375,0.286,0.5,5.0,7.0,0.0,0.0,0.5,0.0,0.333,6.0,4.0,0.25,1.0,0.0,0.0,0.0,2.0,2.0,0.0,0.0,1.0,0.0,1.0,0.0,4.0,2.0,5.0,0.4,69.0,33.0,0.421,0.478,0.612,-0.133,1.0,0.25,,0.429,0.0,,0.0,4.0,0.333,3.0,0.0,0.25,,0.0,1.0,1.0,1.0,1.0,7.0,4.0,0.0,0.0,0.0,0.0,1.0,1.0,3.0,7.0,0.2,5.0,1.0,0.357,2.0,2015,41400206,20150515.0,2014-15,True,1.0,4.0,12.0,0.333,0.471,-0.137,0.0,3.0,0.0,0.412,4.0,9.0,0.444,0.502,3.0,6.0,0.5,0.596,1.0,5.0,0.2,0.394,1.0,1.0,0.0,0.0,0.0,0.4,2.0,0.4,0.0,0.0,2.0,0.4,0.0,0.0,,,,,,,,,,,,,,,,,,,,,
200794,Paul Millsap,1610612737,ATL,30.0,33.858333333333334,3,11,0.273,0,3,0.0,5,8,0.625,1,6,7,3,1,2,0,1,4,5,11,0,0.084,89.4,91.1,0.061,0.136,5.6,70,0.026,0.379,81.52,90.0,98.98,3.0,0.143,97.82,92.6,16.7,-2.6,-1.7,0.211,0.273,0.203,5.4,9.0,1.0,0.085,8.0,59.0,0.051,1.0,52.0,5.0,0.0,4.0,1.0,3.0,0.0,0.0,0.143,0.0,0.0,1.0,0.286,7.0,0.0,0.0,0.75,2.0,7.0,3.0,7.0,74.0,2.7,0.333,0.0,2.19,0.286,7.0,51.0,0.149,0.99,3.0,5.0,13.0,5.7,4.0,0.0,0.438,0.0,1.0,0.333,0.462,16.0,1.0,0.0,4.0,0.0,2.0,0.333,0.333,0.438,3.0,0.462,0.429,1.0,0.0,0.0,0.4,0.0,0.0,0.0,0.0,4.0,0.0,0.4,0.0,4.0,,3.0,0.3,0.0,1.0,0.0,3.0,0.3,3.0,1.0,,3.0,1.0,0.0,,,,,,,,,,,,,,0.3,0.0,0.0,0.0,3.0,0.3,,0.0,0.0,0.0,3.0,0.0,0.0,0.0,0.0,0.0,,,,0.0,0.0,2.0,0.0,1.0,0.0,0.273,0.0,0.0,0.0,0.0,0.0,0.0,0.5,0.0,0.5,2.0,3.0,0.0,0.0,0.0,0.0,0.0,1.0,1.0,0.0,0.0,0.0,0.0,0.0,0.0,2.0,1.0,4.0,0.25,353.0,216.0,0.466,0.612,0.586,0.026,0.0,0.0,0.0,0.25,,0.0,0.0,3.0,0.0,1.0,0.0,0.5,0.0,0.0,0.0,0.0,2.0,0.0,4.0,4.0,0.0,,,0.0,0.0,0.0,0.0,3.0,0.0,3.0,0.0,0.0,0.0,2015,21400789,20150211.0,2014-15,False,1.0,5.0,10.0,0.5,0.444,0.056,1.0,3.0,0.333,0.334,4.0,7.0,0.571,0.495,3.0,4.0,0.75,0.542,2.0,6.0,0.333,0.375,0.0,2.0,2.0,2.0,1.0,0.286,2.0,0.286,1.0,0.143,1.0,0.143,1.0,0.143,,,,,,,,,,,,,,,,,,,,,
200794,Paul Millsap,1610612737,ATL,30.0,23.883333333333333,7,10,0.7,0,1,0.0,4,5,0.8,1,5,6,1,1,3,0,1,2,3,18,28,0.14,132.4,73.1,0.22,0.172,7.1,46,0.071,0.738,76.2,134.8,93.82,1.0,0.059,91.44,75.6,7.1,59.2,59.3,0.276,0.7,0.271,7.0,2.0,0.0,0.026,2.0,39.0,0.026,0.0,32.0,1.0,0.0,2.0,1.667,2.0,0.333,0.0,0.0,2.0,1.0,0.0,0.0,3.0,0.5,1.0,1.0,0.0,5.0,7.0,7.0,53.0,1.9,0.714,1.143,2.12,1.75,4.0,34.0,0.34,1.15,1.0,3.7,10.0,3.8,5.0,1.0,0.545,1.0,1.0,1.0,0.556,11.0,1.0,0.0,5.0,0.0,0.0,1.0,0.0,0.6,1.0,0.5,0.167,2.8,1.0,0.0,0.111,0.0,0.0,1.0,1.0,1.0,1.0,0.111,1.0,1.0,,5.0,0.556,0.0,1.0,0.0,5.0,0.556,5.0,1.0,,5.0,1.0,0.0,1.0,0.0,1.0,0.0,0.111,1.0,1.0,1.0,0.0,0.111,1.0,1.0,,0.222,0.0,0.0,0.111,1.0,0.111,0.0,0.0,0.0,1.0,2.0,0.0,0.0,0.0,0.0,0.0,,,,0.0,0.0,7.0,0.5,5.0,1.0,0.7,0.0,0.8,0.0,8.0,0.0,0.0,0.0,0.0,1.0,3.0,1.0,0.0,0.0,0.0,0.0,0.0,3.0,4.0,0.0,0.0,0.0,0.0,0.0,0.0,1.0,0.0,5.0,0.8,99.0,65.0,0.448,0.657,0.586,0.07,1.0,0.0,,0.833,,,0.0,1.0,0.0,5.0,0.0,1.0,,0.0,0.0,0.0,2.0,0.0,6.0,2.0,0.0,,,0.0,0.0,0.0,0.0,2.0,0.0,1.0,0.0,0.0,0.0,2015,21400237,20141129.0,2014-15,False,1.0,2.0,7.0,0.286,0.438,-0.152,,,,,2.0,7.0,0.286,0.45,1.0,2.0,0.5,0.528,0.0,4.0,0.0,0.34,3.0,3.0,0.0,0.0,0.0,1.75,1.0,0.25,0.0,0.0,0.0,0.0,0.0,0.0,,,,,,,,,,,,,,,,,,,,,
200794,Paul Millsap,1610612737,ATL,30.0,33.06666666666667,6,9,0.667,2,2,1.0,2,2,1.0,1,7,8,4,3,3,2,0,3,1,16,29,0.14,127.3,78.4,0.184,0.184,17.6,64,0.053,0.81,78.63,128.1,95.84,1.33,0.154,94.35,80.3,23.5,47.8,49.0,0.197,0.778,0.2,17.8,8.0,1.0,0.122,10.0,41.0,0.098,0.0,31.0,5.0,1.0,1.0,0.0,0.0,0.0,0.167,0.0,0.0,0.0,0.0,0.667,6.0,0.0,0.0,0.0,4.0,0.0,0.0,3.0,54.0,2.1,0.0,2.0,2.33,0.0,4.0,32.0,0.296,0.83,2.0,3.2,10.0,3.2,5.0,0.0,0.615,0.0,0.0,0.333,0.7,13.0,0.0,1.0,6.0,0.0,2.0,0.333,0.286,0.615,3.0,0.7,0.25,2.8,0.5,0.0,0.222,0.0,0.0,1.0,1.0,2.0,0.5,0.222,0.5,2.0,,5.0,0.556,0.0,0.6,0.0,3.0,0.556,5.0,0.6,,3.0,0.6,0.0,,,,,,,,,,,,,,0.222,2.0,0.0,0.0,2.0,0.222,,1.0,1.5,0.0,2.0,1.0,2.0,0.0,0.0,0.0,,,,0.0,0.0,0.0,0.0,0.0,0.0,0.778,0.667,1.0,6.0,6.0,0.0,0.0,0.0,0.0,0.0,2.0,2.0,1.0,0.0,0.0,0.0,0.0,0.0,4.0,0.0,0.0,2.0,0.0,0.0,0.0,1.0,0.0,4.0,1.0,252.0,159.0,0.452,0.631,0.588,0.043,1.0,1.0,,0.8,0.0,,0.0,2.0,0.0,4.0,0.0,0.0,,0.0,0.0,2.0,0.0,0.0,5.0,1.0,0.0,0.0,0.0,0.0,0.0,0.0,0.0,2.0,1.0,2.0,2.0,1.5,2.0,2015,21400592,20150116.0,2014-15,False,1.0,8.0,13.0,0.615,0.491,0.124,1.0,2.0,0.5,0.39,7.0,11.0,0.636,0.518,5.0,7.0,0.714,0.59,3.0,5.0,0.6,0.374,0.0,0.0,0.0,0.0,0.0,0.0,2.0,0.5,0.0,0.0,1.0,0.25,0.0,0.0,,,,,,,,,,,,,,,,,,,,,
200794,Paul Millsap,1610612737,ATL,30.0,34.58,8,17,0.471,4,7,0.571,0,2,0.0,1,3,4,3,2,1,1,2,4,3,20,8,0.061,120.2,106.0,0.075,0.086,8.7,67,0.032,0.559,77.5,120.9,94.56,1.5,0.13,93.0,109.0,13.0,11.9,14.1,0.26,0.588,0.256,8.7,6.0,0.0,0.073,8.0,55.0,0.055,1.0,58.0,4.0,0.0,1.0,0.0,0.0,0.25,0.0,0.0,2.0,0.0,0.0,0.5,4.0,0.0,1.0,0.0,2.0,0.0,8.0,4.0,76.0,2.3,0.0,0.5,1.84,0.0,1.0,56.0,0.263,0.75,2.0,3.5,9.0,4.0,1.0,1.0,0.267,1.0,1.0,0.167,0.375,15.0,1.0,0.0,1.0,0.0,1.0,0.167,0.333,0.286,6.0,0.333,0.5,2.5,1.0,0.0,0.067,0.0,0.0,1.0,1.0,1.0,1.0,0.067,1.0,1.0,,5.0,0.333,1.0,0.4,0.067,3.0,0.4,6.0,0.583,1.0,2.0,0.5,1.0,2.0,0.0,0.5,0.0,0.133,1.0,1.0,0.5,0.0,0.133,2.0,0.5,,0.4,3.0,0.0,0.0,6.0,0.4,,0.5,0.75,0.0,6.0,0.5,3.0,0.0,0.0,0.0,0.0,0.0,,0.0,1.0,0.0,0.0,0.0,0.0,0.588,0.556,0.333,14.0,2.0,0.667,0.0,0.333,0.5,0.0,1.0,4.0,0.5,1.0,2.0,1.0,1.0,0.0,3.0,1.0,2.0,2.0,0.0,3.0,0.0,3.0,1.0,6.0,0.5,371.0,227.0,0.459,0.612,0.586,0.025,3.0,0.0,,0.429,,,0.0,1.0,0.0,3.0,0.0,0.0,,0.0,0.333,0.0,0.0,6.0,7.0,0.0,0.667,,,4.0,1.0,0.0,0.0,9.0,0.571,7.0,4.0,0.778,5.0,2015,21400858,20150227.0,2014-15,False,1.0,10.0,18.0,0.556,0.43,0.126,2.0,7.0,0.286,0.381,8.0,11.0,0.727,0.465,6.0,8.0,0.75,0.487,4.0,10.0,0.4,0.391,0.0,0.0,0.0,0.0,0.0,0.0,1.0,1.0,0.0,0.0,0.0,0.0,0.0,0.0,,,,,,,,,,,,,,,,,,,,,
200794,Paul Millsap,1610612737,ATL,30.0,34.63,8,13,0.615,1,2,0.5,2,2,1.0,5,5,10,4,4,0,1,1,5,4,19,11,0.147,111.0,95.2,0.147,0.147,19.0,72,0.147,0.684,83.74,113.9,102.9,1.0,0.211,100.49,97.3,19.0,16.6,15.8,0.218,0.654,0.207,18.3,9.0,0.0,0.085,12.0,47.0,0.085,0.0,43.0,4.0,0.0,3.0,0.571,2.0,0.0,0.0,0.143,0.0,0.0,1.0,0.429,7.0,0.0,0.0,0.667,3.0,4.0,3.0,7.0,67.0,2.4,0.0,1.0,2.19,0.429,7.0,48.0,0.284,1.0,6.0,4.9,12.0,4.1,2.0,0.0,0.526,0.0,0.6,0.714,0.417,19.0,3.0,2.0,4.0,0.0,3.0,0.714,0.6,0.526,7.0,0.417,0.6,5.8,0.667,0.0,0.25,0.0,0.0,2.0,2.0,3.0,0.667,0.25,0.667,3.0,,6.0,0.5,0.0,0.667,0.0,4.0,0.5,6.0,0.667,,4.0,0.667,0.0,,,,,,,,,,,,,,0.25,1.0,1.0,0.083,2.0,0.167,1.0,0.5,0.833,1.0,3.0,0.667,2.0,0.0,0.0,0.0,0.0,0.0,,0.0,1.0,3.0,0.0,0.0,0.333,0.654,0.5,0.75,5.0,7.0,1.0,0.0,0.333,0.0,0.75,4.0,1.0,0.0,1.0,1.0,1.0,1.0,3.0,3.0,0.0,0.0,0.0,0.0,1.0,0.0,3.0,1.0,4.0,0.75,409.0,245.0,0.45,0.599,0.586,0.013,3.0,0.0,,0.75,,,0.0,1.0,0.0,3.0,0.0,0.75,,0.0,0.333,0.0,3.0,1.0,4.0,4.0,1.0,,,1.0,1.0,0.0,0.0,3.0,0.5,2.0,1.0,0.833,2.0,2015,21400998,20150316.0,2014-15,False,1.0,7.0,11.0,0.636,0.471,0.165,2.0,3.0,0.667,0.338,5.0,8.0,0.625,0.481,4.0,7.0,0.571,0.531,3.0,4.0,0.75,0.347,1.0,3.0,0.0,0.0,0.0,0.429,2.0,0.286,1.0,0.143,0.0,0.0,0.0,0.0,,,,,,,,,,,,,,,,,,,,,
200794,Paul Millsap,1610612737,ATL,30.0,36.7,11,17,0.647,0,1,0.0,5,7,0.714,3,3,6,0,4,1,1,2,3,7,27,17,0.078,116.5,93.8,0.126,0.071,16.7,79,0.086,0.672,86.1,116.5,103.95,0.0,0.0,103.32,94.9,0.0,21.5,22.7,0.277,0.647,0.273,16.6,1.0,1.0,0.045,0.0,44.0,0.0,1.0,42.0,2.0,0.0,6.0,1.143,3.0,0.143,0.0,0.0,2.0,2.0,0.0,0.0,7.0,1.0,1.0,0.5,0.0,8.0,4.0,8.0,69.0,2.6,1.0,1.125,2.22,0.444,9.0,46.0,0.391,0.96,2.0,4.1,12.0,4.2,3.0,3.0,0.333,3.0,0.667,0.5,0.333,18.0,2.0,1.0,4.0,0.0,0.0,0.5,0.0,0.4,6.0,0.25,0.333,3.9,0.667,0.0,0.2,0.0,0.0,2.0,2.0,3.0,0.667,0.2,0.667,3.0,,8.0,0.533,0.0,0.875,0.0,7.0,0.533,8.0,0.875,,7.0,0.875,0.0,3.0,0.0,0.667,0.0,0.2,2.0,2.0,0.667,0.0,0.2,3.0,0.667,,0.067,0.0,0.0,0.0,1.0,0.067,,0.0,0.0,0.0,1.0,0.0,0.0,0.0,0.0,0.0,,,,0.0,0.0,4.0,1.0,4.0,0.667,0.647,0.0,1.0,0.0,9.0,0.0,0.0,0.0,0.0,0.333,3.0,1.0,0.0,0.0,0.0,0.0,0.0,1.0,10.0,0.0,0.0,0.0,0.0,0.0,0.0,1.0,0.0,12.0,0.833,209.0,134.0,0.437,0.641,0.583,0.058,0.0,0.0,,0.769,0.0,,0.0,1.0,0.0,10.0,0.0,0.5,,0.0,0.0,0.0,1.0,0.0,13.0,2.0,0.0,0.0,0.0,0.0,0.0,0.0,1.0,1.0,0.0,1.0,0.0,0.0,0.0,2015,21400501,20150103.0,2014-15,False,1.0,8.0,16.0,0.5,0.434,0.066,2.0,4.0,0.5,0.364,6.0,12.0,0.5,0.476,6.0,9.0,0.667,0.57,2.0,7.0,0.286,0.366,2.0,3.0,0.0,0.0,0.0,0.444,3.0,0.333,0.0,0.0,1.0,0.111,0.0,0.0,,,,,,,,,,,,,,,,,,,,,
200794,Paul Millsap,1610612737,ATL,30.0,36.516666666666666,6,14,0.429,0,3,0.0,2,3,0.667,1,6,7,2,6,0,1,0,2,5,14,3,0.092,92.5,87.3,0.051,0.136,26.1,77,0.031,0.457,83.8,93.5,103.11,0.33,0.087,100.56,90.8,8.7,2.7,5.2,0.248,0.429,0.241,25.7,4.0,0.0,0.086,5.0,35.0,0.057,1.0,41.0,3.0,1.0,2.0,0.375,1.0,0.125,0.125,0.0,2.0,1.0,0.0,0.5,8.0,0.5,1.0,0.5,4.0,3.0,5.0,8.0,60.0,2.2,0.6,0.75,2.2,0.444,9.0,43.0,0.233,1.22,2.0,6.9,10.0,7.8,4.0,1.0,0.389,1.0,1.0,0.125,0.667,18.0,1.0,0.0,4.0,0.0,1.0,0.125,0.167,0.412,8.0,0.6,0.286,2.7,0.2,0.0,0.357,0.0,0.0,1.0,1.0,5.0,0.2,0.357,0.2,5.0,,5.0,0.357,0.0,0.8,0.0,4.0,0.357,5.0,0.8,,4.0,0.8,0.0,1.0,1.0,0.0,0.0,0.071,0.0,0.0,,0.071,0.0,0.0,0.0,0.0,0.214,0.0,1.0,0.071,2.0,0.143,1.0,0.0,0.333,1.0,3.0,0.333,1.0,0.0,0.0,0.0,,,,0.0,0.0,4.0,0.5,3.0,0.5,0.429,0.25,1.0,2.0,6.0,0.0,,1.0,0.0,0.4,5.0,2.0,0.0,0.0,0.0,0.0,0.0,2.0,3.0,0.0,1.0,0.0,,1.0,,1.0,1.0,5.0,0.6,63.0,30.0,0.414,0.476,0.607,-0.131,1.0,0.0,,0.5,,,0.0,1.0,0.0,4.0,0.0,0.5,,0.0,1.0,0.0,1.0,2.0,8.0,2.0,0.0,,,0.0,1.0,0.0,0.0,4.0,0.0,3.0,0.0,0.25,1.0,2015,41400205,20150513.0,2014-15,True,1.0,7.0,15.0,0.467,0.478,-0.012,1.0,3.0,0.333,0.372,6.0,12.0,0.5,0.505,3.0,6.0,0.5,0.606,2.0,7.0,0.286,0.38,2.0,4.0,0.0,0.0,0.0,0.444,2.0,0.222,0.0,0.0,1.0,0.111,0.0,0.0,,,,,,,,,,,,,,,,,,,,,
200794,Paul Millsap,1610612737,ATL,30.0,34.86666666666667,5,10,0.5,1,3,0.333,7,7,1.0,1,9,10,3,3,2,2,0,2,5,18,18,0.154,119.0,93.2,0.185,0.237,15.8,66,0.037,0.688,76.29,121.2,92.07,1.0,0.13,91.55,92.5,15.8,28.7,25.8,0.223,0.55,0.222,15.7,8.0,0.0,0.085,7.0,47.0,0.064,1.0,45.0,4.0,1.0,3.0,1.222,2.0,0.333,0.111,0.111,6.0,6.0,1.0,0.111,9.0,1.0,3.0,0.667,1.0,11.0,3.0,4.0,65.0,2.6,0.667,0.5,2.4,0.0,1.0,46.0,0.277,1.34,6.0,5.4,17.0,5.6,4.0,2.0,0.556,2.0,1.0,1.0,0.6,18.0,1.0,0.0,4.0,0.0,5.0,1.0,0.556,0.625,1.0,0.529,0.6,3.0,0.0,0.0,0.1,0.0,0.0,0.0,0.0,1.0,0.0,0.1,0.0,1.0,,6.0,0.6,0.0,0.667,0.0,4.0,0.6,6.0,0.667,,4.0,0.667,0.0,,,,,,,,,,,,,,0.3,1.0,0.0,0.0,3.0,0.3,,0.333,0.5,0.0,3.0,0.333,1.0,0.0,0.0,0.0,,,,0.0,0.0,0.0,0.0,2.0,0.0,0.55,0.333,0.5,3.0,2.0,0.0,0.0,0.0,0.0,0.0,2.0,3.0,0.333,0.0,0.0,0.0,0.0,0.0,4.0,0.0,0.0,1.0,0.0,0.0,0.0,0.0,0.0,5.0,0.8,247.0,154.0,0.453,0.623,0.586,0.038,0.0,0.0,,0.571,0.0,,0.0,1.0,0.0,4.0,0.0,0.0,,0.0,0.0,0.0,0.0,2.0,7.0,0.0,0.5,0.0,0.0,1.0,0.0,0.0,0.0,3.0,0.333,3.0,1.0,0.5,1.0,2015,21400580,20150114.0,2014-15,False,1.0,8.0,14.0,0.571,0.454,0.118,3.0,4.0,0.75,0.341,5.0,10.0,0.5,0.496,5.0,9.0,0.556,0.542,3.0,5.0,0.6,0.39,0.0,1.0,0.0,0.0,0.0,0.0,0.0,0.0,0.0,0.0,0.0,0.0,0.0,0.0,,,,,,,,,,,,,,,,,,,,,
200794,Paul Millsap,1610612737,ATL,30.0,28.433333333333334,7,13,0.538,0,2,0.0,2,2,1.0,2,5,7,4,1,1,1,0,2,2,16,-9,0.132,103.0,120.5,0.139,0.2,5.3,57,0.071,0.576,80.89,107.0,98.99,4.0,0.2,97.07,120.7,21.1,-13.7,-17.5,0.218,0.538,0.221,5.3,6.0,0.0,0.105,9.0,38.0,0.105,0.0,39.0,4.0,0.0,3.0,0.4,1.0,0.0,0.0,0.2,0.0,0.0,1.0,0.2,5.0,0.0,0.0,0.333,1.0,2.0,4.0,3.0,54.0,1.6,0.0,1.333,1.79,0.4,5.0,40.0,0.296,0.72,6.0,2.6,9.0,3.3,1.0,1.0,0.538,1.0,1.0,0.5,0.625,13.0,2.0,0.0,1.0,0.0,4.0,0.5,0.8,0.583,4.0,0.556,0.857,0.8,0.667,0.0,0.231,0.0,0.0,2.0,2.0,3.0,0.667,0.231,0.667,3.0,,5.0,0.385,0.0,0.4,0.0,2.0,0.385,5.0,0.4,,2.0,0.4,0.0,3.0,0.0,1.0,0.0,0.231,3.0,3.0,1.0,0.0,0.231,3.0,1.0,,0.154,0.0,0.0,0.0,2.0,0.154,,0.0,0.0,0.0,2.0,0.0,0.0,2.0,0.0,4.0,0.667,0.667,,0.0,3.0,2.0,0.0,0.0,0.0,0.538,0.333,1.0,2.0,4.0,0.0,,0.75,0.0,0.5,2.0,2.0,0.0,0.0,0.0,0.0,0.0,1.0,3.0,0.0,0.0,0.0,,0.0,,4.0,3.0,5.0,0.6,48.0,35.0,0.369,0.729,0.585,0.144,2.0,0.0,,0.6,,,,2.0,0.5,3.0,,0.5,,,1.0,0.0,1.0,0.0,5.0,2.0,0.0,,,0.0,2.0,1.0,2.0,3.0,0.0,2.0,0.0,0.333,1.0,2015,21400133,20141115.0,2014-15,False,1.0,9.0,13.0,0.692,0.451,0.241,3.0,6.0,0.5,0.382,6.0,7.0,0.857,0.497,5.0,6.0,0.833,0.545,4.0,7.0,0.571,0.402,0.0,1.0,2.0,2.0,1.0,0.4,2.0,0.4,1.0,0.2,0.0,0.0,1.0,0.2,,,,,,,,,,,,,,,,,,,,,
200794,Paul Millsap,1610612737,ATL,30.0,38.555,8,15,0.533,2,4,0.5,4,5,0.8,0,5,5,4,4,2,0,0,4,6,22,-2,0.066,93.0,96.0,0.148,0.125,16.0,78,0.0,0.64,80.4,93.6,97.51,1.0,0.222,96.49,97.4,16.0,-3.8,-2.9,0.248,0.6,0.244,15.9,7.0,0.0,0.119,10.0,42.0,0.095,1.0,44.0,5.0,2.0,4.0,0.714,2.0,0.0,0.286,0.0,0.0,0.0,0.0,0.143,7.0,0.0,0.0,0.5,1.0,5.0,2.0,4.0,64.0,2.0,0.0,1.5,1.87,0.4,5.0,42.0,0.344,0.91,5.0,3.2,12.0,3.2,0.0,0.0,0.313,0.0,0.0,0.0,0.417,16.0,0.0,0.0,0.0,0.0,5.0,0.0,1.0,0.313,4.0,0.417,1.0,0.0,0.667,0.0,0.2,0.0,0.0,2.0,2.0,3.0,0.667,0.2,0.667,3.0,,4.0,0.267,0.0,0.5,0.0,2.0,0.267,4.0,0.5,,2.0,0.5,0.0,4.0,0.0,0.5,0.0,0.267,2.0,2.0,0.5,0.0,0.267,4.0,0.5,,0.267,2.0,0.0,0.0,4.0,0.267,,0.5,0.75,0.0,4.0,0.5,2.0,1.0,0.0,2.0,0.333,0.333,,0.0,3.0,2.0,0.0,0.0,0.5,0.6,0.5,0.75,6.0,6.0,1.0,0.0,0.333,0.0,0.5,4.0,3.0,0.333,1.0,1.0,1.0,1.0,2.0,3.0,0.0,0.0,1.0,0.0,1.0,0.0,3.0,1.0,4.0,0.75,377.0,229.0,0.454,0.607,0.587,0.021,2.0,0.0,,0.667,,,0.0,2.0,1.0,4.0,0.0,0.0,,0.0,0.0,0.0,0.0,2.0,6.0,1.0,1.0,,,2.0,0.0,2.0,2.0,4.0,0.5,4.0,2.0,0.75,2.0,2015,21400871,20150228.0,2014-15,False,1.0,9.0,21.0,0.429,0.43,-0.002,4.0,8.0,0.5,0.309,5.0,13.0,0.385,0.494,3.0,9.0,0.333,0.55,5.0,10.0,0.5,0.326,1.0,2.0,0.0,0.0,0.0,0.4,3.0,0.6,0.0,0.0,0.0,0.0,0.0,0.0,,,,,,,,,,,,,,,,,,,,,
200794,Paul Millsap,1610612737,ATL,30.0,36.32,3,11,0.273,0,2,0.0,5,8,0.625,2,11,13,3,3,0,1,2,3,8,11,9,0.178,116.6,103.7,0.073,0.314,14.3,69,0.053,0.379,75.44,118.8,92.99,1.0,0.13,90.53,107.4,14.3,11.5,12.9,0.221,0.273,0.222,14.6,5.0,0.0,0.061,7.0,49.0,0.061,0.0,40.0,3.0,0.0,2.0,0.5,1.0,0.0,0.0,0.0,0.0,0.0,0.0,0.5,4.0,0.0,0.0,0.5,2.0,2.0,4.0,3.0,67.0,2.5,0.5,0.667,2.26,0.222,9.0,40.0,0.164,1.25,7.0,3.6,13.0,3.6,6.0,0.0,0.65,1.0,1.0,0.286,0.846,20.0,2.0,0.0,6.0,1.0,5.0,0.333,0.455,0.684,7.0,0.846,0.538,3.5,0.333,0.0,0.333,0.0,0.0,1.0,1.0,3.0,0.333,0.333,0.333,3.0,,3.0,0.333,0.0,0.667,0.0,2.0,0.333,3.0,0.667,,2.0,0.667,0.0,3.0,2.0,0.0,0.0,0.333,0.0,0.0,0.0,0.222,0.111,1.0,0.0,0.0,,,,,,,,,,,,,,0.0,0.0,0.0,,,,0.0,0.0,2.0,0.5,2.0,0.333,0.273,0.0,0.333,0.0,2.0,0.0,0.0,0.0,0.0,0.5,2.0,2.0,0.0,0.0,0.0,0.0,0.0,1.0,2.0,0.0,0.0,0.0,0.0,0.0,0.0,1.0,0.0,6.0,0.333,28.0,20.0,0.384,0.714,0.583,0.131,1.0,0.0,,0.333,,,0.0,1.0,0.0,2.0,0.0,0.5,,0.0,0.0,0.0,1.0,1.0,6.0,2.0,0.0,,,0.0,0.0,0.0,0.0,2.0,0.0,2.0,0.0,0.0,0.0,2015,21400084,20141108.0,2014-15,False,1.0,6.0,15.0,0.4,0.445,-0.045,2.0,4.0,0.5,0.341,4.0,11.0,0.364,0.475,4.0,6.0,0.667,0.542,2.0,9.0,0.222,0.393,1.0,3.0,0.0,0.0,0.0,0.222,5.0,0.556,1.0,0.111,0.0,0.0,0.0,0.0,,,,,,,,,,,,,,,,,,,,,
200794,Paul Millsap,1610612737,ATL,30.0,33.233333333333334,7,12,0.583,1,2,0.5,0,0,0.0,3,5,8,2,4,1,0,0,3,1,15,11,0.119,100.9,86.5,0.132,0.167,22.2,63,0.081,0.625,75.83,103.2,91.57,0.5,0.111,90.99,85.7,11.1,17.5,14.4,0.218,0.625,0.211,22.2,5.0,0.0,0.063,5.0,48.0,0.042,1.0,39.0,3.0,0.0,2.0,0.4,1.0,0.0,0.0,0.0,0.0,0.0,0.0,0.6,5.0,0.0,0.0,0.5,3.0,2.0,1.0,4.0,63.0,2.2,2.0,0.5,2.1,0.5,4.0,42.0,0.238,1.02,5.0,3.6,6.0,4.1,3.0,0.0,0.667,0.0,1.0,0.5,0.833,12.0,3.0,0.0,3.0,0.0,2.0,0.5,0.4,0.667,6.0,0.833,0.625,2.7,0.0,0.0,0.167,0.0,0.0,0.0,0.0,2.0,0.0,0.167,0.0,2.0,,4.0,0.333,0.0,0.5,0.0,2.0,0.333,4.0,0.5,,2.0,0.5,0.0,1.0,0.0,1.0,0.0,0.083,1.0,1.0,1.0,0.0,0.083,1.0,1.0,,0.417,1.0,3.0,0.25,2.0,0.167,1.0,0.5,0.9,3.0,5.0,0.8,4.0,0.0,0.0,0.0,,,,0.0,0.0,2.0,1.0,2.0,0.5,0.625,0.8,0.5,9.0,2.0,0.0,,1.0,0.0,0.5,4.0,2.0,0.5,0.0,0.0,0.0,0.0,2.0,2.0,0.0,0.0,1.0,,0.0,,2.0,2.0,4.0,0.5,365.0,222.0,0.461,0.608,0.587,0.022,2.0,0.0,0.0,0.4,,0.0,,0.0,1.0,2.0,,0.5,0.0,,1.0,0.0,1.0,2.0,5.0,2.0,0.5,,,1.0,2.0,1.0,1.0,4.0,0.5,2.0,1.0,0.875,3.0,2015,21400843,20150225.0,2014-15,False,1.0,4.0,12.0,0.333,0.436,-0.103,0.0,5.0,0.0,0.33,4.0,7.0,0.571,0.468,2.0,3.0,0.667,0.457,0.0,6.0,0.0,0.365,1.0,2.0,0.0,0.0,0.0,0.5,2.0,0.5,0.0,0.0,0.0,0.0,0.0,0.0,,,,,,,,,,,,,,,,,,,,,
200794,Paul Millsap,1610612737,ATL,30.0,34.92166666666667,5,13,0.385,1,3,0.333,4,4,1.0,4,4,8,1,2,2,1,1,1,5,15,0,0.111,99.9,97.0,0.144,0.105,11.1,65,0.118,0.508,73.31,98.5,89.34,0.5,0.056,87.97,101.6,5.6,-3.1,2.9,0.236,0.423,0.233,11.3,4.0,0.0,0.05,2.0,40.0,0.025,1.0,37.0,2.0,2.0,3.0,0.4,1.0,0.1,0.2,0.0,2.0,2.0,0.0,0.3,10.0,1.0,1.0,0.333,3.0,4.0,3.0,5.0,61.0,2.3,0.0,0.8,2.28,0.286,7.0,42.0,0.246,0.95,5.0,2.7,11.0,3.0,3.0,0.0,0.471,0.0,1.0,0.667,0.364,17.0,4.0,0.0,3.0,0.0,1.0,0.667,0.25,0.471,6.0,0.364,0.625,2.5,1.0,0.0,0.083,0.0,0.0,1.0,1.0,1.0,1.0,0.083,1.0,1.0,,8.0,0.667,0.0,0.375,0.0,3.0,0.667,8.0,0.375,,3.0,0.375,0.0,1.0,1.0,1.5,1.0,0.083,1.0,0.0,,0.083,0.0,0.0,1.0,1.0,0.167,0.0,0.0,0.0,2.0,0.167,,0.0,0.0,0.0,2.0,0.0,0.0,0.0,0.0,0.0,0.0,0.0,,0.0,2.0,2.0,0.0,0.0,0.0,0.423,0.333,0.667,3.0,4.0,1.0,0.0,0.0,1.0,0.0,4.0,2.0,0.0,0.0,1.0,0.0,0.0,0.0,4.0,1.0,1.0,0.0,0.0,1.0,0.0,1.0,0.0,5.0,0.8,302.0,187.0,0.456,0.619,0.585,0.034,1.0,0.0,,0.667,0.0,,0.0,2.0,0.0,4.0,0.0,0.0,,0.0,0.0,0.0,0.0,1.0,6.0,2.0,1.0,0.0,0.0,1.0,0.0,0.0,1.0,3.0,0.333,3.0,1.0,0.5,1.0,2015,21400708,20150131.0,2014-15,False,1.0,8.0,22.0,0.364,0.399,-0.035,4.0,8.0,0.5,0.316,4.0,14.0,0.286,0.439,3.0,12.0,0.25,0.491,5.0,10.0,0.5,0.34,0.0,2.0,2.0,2.0,1.0,0.286,4.0,0.571,0.0,0.0,0.0,0.0,1.0,0.143,,,,,,,,,,,,,,,,,,,,,
200794,Paul Millsap,1610612737,ATL,30.0,32.55,11,16,0.688,2,4,0.5,5,8,0.625,0,4,4,3,1,4,2,0,2,4,29,-2,0.065,123.6,122.4,0.217,0.129,4.2,64,0.0,0.743,78.03,123.4,95.91,3.0,0.158,93.64,128.6,12.5,-5.1,1.2,0.278,0.75,0.276,4.3,4.0,0.0,0.081,5.0,37.0,0.081,1.0,38.0,3.0,0.0,2.0,0.3,1.0,0.2,0.0,0.2,4.0,1.0,2.0,0.4,10.0,0.25,2.0,0.5,4.0,3.0,2.0,2.0,61.0,2.3,0.0,1.0,2.29,1.2,5.0,37.0,0.475,1.38,4.0,5.2,10.0,5.2,0.0,0.0,0.333,0.0,0.0,0.0,0.4,12.0,0.0,0.0,0.0,0.0,4.0,0.0,1.0,0.333,2.0,0.4,1.0,0.0,0.5,0.0,0.125,0.0,0.0,1.0,1.0,2.0,0.5,0.125,0.5,2.0,,4.0,0.25,0.0,0.75,0.0,3.0,0.25,4.0,0.75,,3.0,0.75,0.0,4.0,1.0,0.5,0.0,0.25,2.0,2.0,0.667,0.063,0.188,3.0,0.5,0.0,0.375,2.0,3.0,0.188,3.0,0.188,1.0,0.667,1.0,3.0,6.0,0.833,5.0,1.0,0.0,2.0,0.5,0.5,,0.0,2.0,6.0,0.0,0.0,0.667,0.75,0.714,0.5,12.0,2.0,1.0,0.0,0.8,0.0,0.0,2.0,3.0,0.333,1.0,1.0,1.0,1.0,0.0,5.0,0.0,0.0,1.0,0.0,1.0,0.0,5.0,4.0,5.0,1.0,59.0,43.0,0.401,0.729,0.591,0.138,5.0,0.333,,1.0,,,0.0,3.0,0.0,5.0,0.0,0.0,,0.0,0.8,1.0,0.0,1.0,5.0,2.0,1.0,,,1.0,4.0,0.0,0.0,7.0,0.5,4.0,2.0,0.857,5.0,2015,21400155,20141118.0,2014-15,False,1.0,11.0,17.0,0.647,0.477,0.17,,,,,11.0,17.0,0.647,0.485,9.0,13.0,0.692,0.567,2.0,3.0,0.667,0.379,2.0,3.0,2.0,2.0,1.0,1.2,1.0,0.2,0.0,0.0,0.0,0.0,1.0,0.2,,,,,,,,,,,,,,,,,,,,,
200794,Paul Millsap,1610612737,ATL,30.0,37.1,8,16,0.5,1,3,0.333,2,4,0.5,0,3,3,3,2,4,2,1,4,3,19,-3,0.048,119.0,125.4,0.078,0.097,8.7,79,0.0,0.535,84.64,119.0,101.15,1.5,0.125,101.56,124.4,13.0,-5.4,-6.4,0.238,0.531,0.235,8.8,6.0,2.0,0.102,8.0,49.0,0.061,1.0,51.0,5.0,0.0,6.0,1.0,5.0,0.167,0.0,0.0,4.0,2.0,0.0,0.333,12.0,0.5,2.0,0.833,4.0,12.0,2.0,3.0,71.0,2.6,1.0,0.667,2.21,0.0,8.0,51.0,0.268,1.34,1.0,2.9,9.0,2.9,2.0,1.0,0.188,2.0,0.0,0.0,0.375,16.0,0.0,0.0,2.0,1.0,1.0,0.0,0.333,0.214,7.0,0.333,0.333,0.0,0.667,0.0,0.2,0.0,0.0,2.0,2.0,3.0,0.667,0.2,0.667,3.0,,5.0,0.333,0.0,0.6,0.0,3.0,0.333,5.0,0.6,,3.0,0.6,0.0,3.0,1.0,0.333,0.0,0.2,1.0,1.0,0.5,0.067,0.133,2.0,0.333,0.0,0.267,1.0,1.0,0.133,2.0,0.133,0.5,0.5,0.625,2.0,4.0,0.5,2.0,0.0,1.0,0.0,0.0,0.0,0.0,0.0,2.0,0.0,1.0,2.0,0.0,0.531,0.5,0.5,5.0,2.0,0.0,0.0,0.333,0.0,0.667,3.0,1.0,1.0,1.0,0.0,0.0,0.0,2.0,4.0,0.0,1.0,1.0,0.0,2.0,0.0,3.0,1.0,7.0,0.571,420.0,252.0,0.449,0.6,0.586,0.014,2.0,0.0,0.0,0.625,,0.0,0.0,0.0,0.0,5.0,0.0,0.5,0.0,0.0,0.5,0.0,1.0,3.0,8.0,2.0,0.333,,,1.0,1.0,0.0,1.0,4.0,0.5,2.0,1.0,0.625,2.0,2015,21401026,20150320.0,2014-15,False,1.0,7.0,13.0,0.538,0.43,0.108,3.0,6.0,0.5,0.354,4.0,7.0,0.571,0.463,4.0,6.0,0.667,0.513,3.0,7.0,0.429,0.366,0.0,4.0,0.0,0.0,0.0,0.0,3.0,0.375,1.0,0.125,0.0,0.0,0.0,0.0,,,,,,,,,,,,,,,,,,,,,
200794,Paul Millsap,1610612737,ATL,30.0,36.91666666666666,5,12,0.417,0,2,0.0,5,10,0.5,3,9,12,4,2,2,0,1,3,7,15,19,0.162,117.3,94.2,0.114,0.22,9.1,71,0.091,0.457,76.39,119.7,92.63,2.0,0.154,91.67,94.3,18.2,25.4,23.1,0.229,0.417,0.22,8.9,6.0,1.0,0.109,11.0,46.0,0.087,0.0,40.0,5.0,0.0,3.0,0.286,1.0,0.0,0.0,0.143,0.0,0.0,1.0,0.286,7.0,0.0,0.0,0.333,2.0,2.0,3.0,8.0,70.0,2.5,0.0,0.5,2.16,0.0,5.0,42.0,0.214,1.13,5.0,5.1,13.0,4.0,6.0,0.0,0.571,0.0,0.667,0.375,0.692,21.0,2.0,1.0,7.0,0.0,3.0,0.375,0.333,0.571,8.0,0.692,0.417,8.3,0.0,0.0,0.091,0.0,0.0,0.0,0.0,1.0,0.0,0.091,0.0,1.0,,2.0,0.182,0.0,0.5,0.0,1.0,0.182,2.0,0.5,,1.0,0.5,0.0,5.0,1.0,0.4,0.0,0.455,2.0,2.0,0.5,0.091,0.364,4.0,0.4,0.0,0.273,0.0,2.0,0.182,1.0,0.091,1.0,0.0,0.667,2.0,3.0,0.667,2.0,1.0,0.0,2.0,0.5,0.5,,0.0,2.0,0.0,0.0,0.0,0.0,0.417,0.4,0.333,4.0,4.0,0.0,0.0,0.6,0.0,0.0,1.0,1.0,0.0,0.0,0.0,0.0,0.0,0.0,2.0,0.0,1.0,0.0,0.0,1.0,0.0,5.0,3.0,4.0,0.5,72.0,48.0,0.429,0.667,0.585,0.082,3.0,0.0,,0.5,,,0.0,1.0,0.0,2.0,0.0,0.0,,0.0,0.333,0.0,0.0,3.0,4.0,1.0,0.667,,,2.0,1.0,0.0,0.0,5.0,0.0,2.0,0.0,0.4,2.0,2015,21400174,20141121.0,2014-15,False,1.0,7.0,21.0,0.333,0.446,-0.113,0.0,2.0,0.0,0.37,7.0,19.0,0.368,0.472,6.0,17.0,0.353,0.5,1.0,4.0,0.25,0.354,0.0,1.0,0.0,0.0,0.0,0.0,2.0,0.4,1.0,0.2,1.0,0.2,0.0,0.0,,,,,,,,,,,,,,,,,,,,,
200794,Paul Millsap,1610612737,ATL,30.0,34.05,7,11,0.636,4,4,1.0,1,2,0.5,2,5,7,2,1,0,2,1,2,4,19,17,0.099,110.1,87.7,0.164,0.143,6.7,65,0.056,0.8,76.36,116.9,96.08,2.0,0.1,91.63,90.8,13.3,26.2,22.4,0.174,0.818,0.173,6.7,9.0,1.0,0.078,7.0,51.0,0.039,1.0,43.0,4.0,0.0,1.0,0.143,0.0,0.143,0.0,0.0,2.0,1.0,0.0,0.571,7.0,0.5,1.0,0.0,4.0,1.0,0.0,4.0,67.0,2.4,0.0,1.0,2.19,0.0,6.0,44.0,0.284,1.01,1.0,3.1,12.0,2.3,4.0,3.0,0.467,3.0,0.0,0.667,0.556,15.0,0.0,2.0,6.0,0.0,1.0,0.667,0.2,0.583,3.0,0.417,0.143,5.1,0.0,0.0,0.1,0.0,0.0,0.0,0.0,1.0,0.0,0.1,0.0,1.0,,2.0,0.2,0.0,0.5,0.0,1.0,0.2,2.0,0.5,,1.0,0.5,0.0,1.0,0.0,1.0,0.0,0.1,1.0,1.0,1.0,0.0,0.1,1.0,1.0,,0.6,4.0,1.0,0.2,4.0,0.4,0.5,1.0,1.167,2.0,6.0,0.833,5.0,0.0,0.0,0.0,0.0,0.0,,0.0,1.0,0.0,0.0,0.0,0.0,0.818,1.0,1.0,14.0,4.0,0.0,0.0,0.5,0.0,0.0,1.0,4.0,1.0,0.0,0.0,0.0,0.0,0.0,2.0,0.0,0.0,4.0,0.0,0.0,0.0,2.0,1.0,4.0,0.5,9.0,7.0,0.474,0.778,0.612,0.166,1.0,1.0,,0.5,,,0.0,1.0,0.0,2.0,0.0,0.0,,0.0,1.0,1.0,0.0,4.0,4.0,1.0,0.75,,,3.0,1.0,0.0,0.0,5.0,1.0,4.0,4.0,1.4,5.0,2015,41400102,20150422.0,2014-15,True,1.0,1.0,6.0,0.167,0.436,-0.269,0.0,2.0,0.0,0.334,1.0,4.0,0.25,0.492,1.0,4.0,0.25,0.551,0.0,2.0,0.0,0.343,0.0,3.0,0.0,0.0,0.0,0.0,3.0,0.5,0.0,0.0,0.0,0.0,0.0,0.0,,,,,,,,,,,,,,,,,,,,,
200794,Paul Millsap,1610612737,ATL,30.0,38.18333333333333,5,12,0.417,1,2,0.5,2,4,0.5,1,11,12,7,4,0,2,1,3,2,13,9,0.148,102.4,96.2,0.116,0.244,16.0,85,0.028,0.472,89.04,104.7,106.88,1.75,0.25,106.85,94.1,28.0,10.6,6.2,0.193,0.458,0.194,16.2,17.0,2.0,0.167,19.0,60.0,0.117,1.0,57.0,10.0,0.0,3.0,0.625,2.0,0.125,0.0,0.125,2.0,1.0,1.0,0.375,8.0,0.5,1.0,0.667,3.0,5.0,5.0,7.0,80.0,3.2,0.4,0.143,2.37,0.222,9.0,53.0,0.163,1.18,4.0,7.8,14.0,7.9,8.0,0.0,0.667,0.0,1.0,0.25,0.786,18.0,1.0,0.0,8.0,0.0,3.0,0.25,0.273,0.667,4.0,0.786,0.333,6.7,0.0,0.0,0.091,0.0,0.0,0.0,0.0,1.0,0.0,0.091,0.0,1.0,,6.0,0.545,0.0,0.667,0.0,4.0,0.545,6.0,0.667,,4.0,0.667,0.0,3.0,1.0,0.0,0.0,0.273,0.0,0.0,0.0,0.091,0.182,2.0,0.0,0.0,0.091,1.0,0.0,0.0,1.0,0.091,,1.0,1.5,0.0,1.0,1.0,1.0,1.0,0.0,2.0,0.333,0.333,,0.0,3.0,2.0,1.0,2.0,0.25,0.458,0.5,0.0,3.0,1.0,1.0,0.0,0.0,1.0,0.333,3.0,1.0,0.0,0.0,1.0,0.0,0.0,1.0,3.0,1.0,1.0,0.0,0.0,1.0,0.0,2.0,0.0,5.0,0.6,165.0,114.0,0.445,0.691,0.583,0.108,0.0,0.0,,0.6,0.0,,0.0,1.0,0.0,3.0,0.0,0.333,,0.0,0.0,0.0,1.0,1.0,5.0,3.0,1.0,0.0,0.0,1.0,0.0,0.0,2.0,2.0,0.5,2.0,1.0,0.75,1.0,2015,21400413,20141222.0,2014-15,False,1.0,9.0,17.0,0.529,0.457,0.072,3.0,6.0,0.5,0.358,6.0,11.0,0.545,0.503,5.0,8.0,0.625,0.561,4.0,8.0,0.5,0.397,1.0,4.0,0.0,0.0,0.0,0.222,3.0,0.333,2.0,0.222,0.0,0.0,0.0,0.0,,,,,,,,,,,,,,,,,,,,,
200794,Paul Millsap,1610612737,ATL,30.0,33.17166666666667,9,17,0.529,2,3,0.667,2,2,1.0,2,8,10,3,4,2,2,2,0,4,22,11,0.169,120.6,99.4,0.182,0.235,16.0,63,0.08,0.615,76.57,125.4,96.89,0.75,0.136,91.89,106.3,12.0,19.1,21.2,0.298,0.588,0.301,16.1,4.0,0.0,0.07,8.0,43.0,0.07,0.0,46.0,3.0,2.0,5.0,0.727,3.0,0.091,0.182,0.0,2.0,2.0,0.0,0.273,11.0,1.0,1.0,0.6,3.0,8.0,0.0,5.0,67.0,2.4,0.0,0.8,2.12,0.0,6.0,47.0,0.328,1.4,6.0,3.5,13.0,3.4,4.0,1.0,0.556,1.0,1.0,0.4,0.667,18.0,2.0,0.0,4.0,0.0,4.0,0.4,0.5,0.588,5.0,0.615,0.6,4.1,1.0,0.0,0.267,0.0,0.0,4.0,4.0,4.0,1.0,0.267,1.0,4.0,,6.0,0.4,0.0,0.5,0.0,3.0,0.4,6.0,0.5,,3.0,0.5,0.0,2.0,1.0,0.75,1.0,0.133,1.0,0.0,0.0,0.067,0.067,1.0,0.5,1.0,0.2,1.0,0.0,0.067,2.0,0.133,0.0,0.5,0.5,1.0,3.0,0.333,1.0,0.0,0.0,0.0,0.0,0.0,,0.0,1.0,0.0,0.0,0.0,0.0,0.588,0.4,1.0,6.0,4.0,0.5,0.0,0.0,1.0,1.0,1.0,1.0,1.0,1.0,1.0,0.0,0.0,1.0,6.0,1.0,1.0,1.0,0.0,2.0,0.0,4.0,0.0,9.0,0.667,271.0,171.0,0.449,0.631,0.587,0.044,1.0,0.0,,0.667,,,0.0,0.0,0.0,6.0,0.0,1.0,,0.0,0.0,0.0,1.0,4.0,9.0,1.0,0.5,,,2.0,0.0,0.0,2.0,5.0,0.667,3.0,2.0,0.6,2.0,2015,21400642,20150123.0,2014-15,False,1.0,6.0,13.0,0.462,0.469,-0.007,0.0,3.0,0.0,0.35,6.0,10.0,0.6,0.501,5.0,8.0,0.625,0.567,1.0,5.0,0.2,0.392,0.0,1.0,0.0,0.0,0.0,0.0,4.0,0.667,0.0,0.0,1.0,0.167,0.0,0.0,,,,,,,,,,,,,,,,,,,,,
200794,Paul Millsap,1610612737,ATL,30.0,35.95,3,9,0.333,0,3,0.0,2,4,0.5,3,2,5,4,1,1,0,1,2,5,8,-7,0.085,123.8,141.9,0.033,0.074,6.3,69,0.094,0.372,76.77,130.4,94.16,4.0,0.138,92.13,140.6,25.0,-10.1,-18.1,0.144,0.333,0.148,6.3,5.0,0.0,0.102,9.0,49.0,0.082,1.0,33.0,5.0,0.0,2.0,0.0,0.0,0.0,0.0,0.2,0.0,0.0,1.0,0.2,5.0,0.0,0.0,0.0,1.0,0.0,2.0,11.0,64.0,1.9,0.0,0.273,1.8,0.667,3.0,39.0,0.125,0.63,3.0,3.8,7.0,2.5,1.0,0.0,0.313,0.0,0.667,0.333,0.286,16.0,2.0,1.0,2.0,0.0,1.0,0.333,0.5,0.313,9.0,0.286,0.6,4.7,,,,,,,,,,,,,,4.0,0.5,0.0,0.5,0.0,2.0,0.5,4.0,0.5,,2.0,0.5,0.0,2.0,1.0,0.5,0.0,0.25,1.0,1.0,1.0,0.125,0.125,1.0,0.5,0.0,0.25,0.0,0.0,0.0,2.0,0.25,,0.0,0.0,0.0,2.0,0.0,0.0,0.0,1.0,0.0,0.0,0.0,0.0,0.0,1.0,2.0,0.0,0.0,1.0,0.333,0.0,1.0,0.0,3.0,0.0,0.0,0.0,0.0,0.5,2.0,3.0,0.0,0.0,0.0,0.0,0.0,1.0,2.0,0.0,0.0,0.0,0.0,0.0,0.0,0.0,0.0,4.0,0.5,84.0,56.0,0.438,0.667,0.593,0.074,0.0,0.0,0.0,0.4,,0.0,0.0,3.0,0.0,2.0,0.0,1.0,0.0,0.0,0.0,0.0,1.0,0.0,5.0,1.0,0.0,,,0.0,0.0,0.0,0.0,2.0,0.0,2.0,0.0,0.0,0.0,2015,21400215,20141126.0,2014-15,False,1.0,4.0,10.0,0.4,0.513,-0.113,1.0,4.0,0.25,0.371,3.0,6.0,0.5,0.566,3.0,6.0,0.5,0.6,1.0,4.0,0.25,0.379,1.0,1.0,0.0,0.0,0.0,0.667,0.0,0.0,1.0,0.333,0.0,0.0,0.0,0.0,,,,,,,,,,,,,,,,,,,,,
200794,Paul Millsap,1610612737,ATL,30.0,29.58333333333333,4,7,0.571,1,3,0.333,3,3,1.0,1,8,9,1,4,0,0,1,3,4,12,22,0.155,116.1,81.8,0.111,0.267,30.8,59,0.036,0.721,80.45,120.3,98.23,0.25,0.045,96.54,81.7,7.7,38.7,34.3,0.186,0.643,0.185,30.0,3.0,0.0,0.02,2.0,49.0,0.02,0.0,34.0,1.0,1.0,2.0,0.333,1.0,0.0,0.167,0.167,0.0,0.0,1.0,0.333,6.0,0.0,0.0,0.5,2.0,2.0,1.0,2.0,61.0,1.8,0.0,1.5,1.8,1.0,2.0,36.0,0.197,0.75,3.0,6.0,11.0,6.0,6.0,0.0,0.692,0.0,1.0,0.5,0.727,13.0,1.0,0.0,6.0,0.0,2.0,0.5,0.25,0.692,2.0,0.727,0.333,5.5,,,,,,,,,,,,,,2.0,0.333,0.0,1.0,0.0,2.0,0.333,2.0,1.0,,2.0,1.0,0.0,1.0,0.0,1.0,0.0,0.167,1.0,1.0,1.0,0.0,0.167,1.0,1.0,,0.5,1.0,0.0,0.0,3.0,0.5,,0.333,0.5,0.0,3.0,0.333,1.0,1.0,0.0,2.0,1.0,1.0,,0.0,1.0,2.0,0.0,0.0,0.0,0.643,0.333,1.0,3.0,3.0,0.0,0.0,1.0,0.0,1.0,1.0,3.0,0.333,0.0,0.0,0.0,0.0,1.0,1.0,0.0,0.0,1.0,0.0,0.0,0.0,1.0,1.0,2.0,0.5,264.0,166.0,0.447,0.629,0.586,0.042,1.0,0.0,,0.5,,,0.0,1.0,0.0,1.0,0.0,1.0,,0.0,1.0,0.0,1.0,2.0,2.0,1.0,0.5,,,1.0,1.0,0.0,0.0,3.0,0.333,3.0,1.0,0.5,1.0,2015,21400628,20150121.0,2014-15,False,1.0,1.0,7.0,0.143,0.453,-0.31,0.0,2.0,0.0,0.336,1.0,5.0,0.2,0.483,0.0,2.0,0.0,0.509,1.0,5.0,0.2,0.342,0.0,0.0,2.0,2.0,1.0,1.0,1.0,0.5,0.0,0.0,0.0,0.0,1.0,0.5,,,,,,,,,,,,,,,,,,,,,
200794,Paul Millsap,1610612737,ATL,30.0,36.88333333333333,10,18,0.556,3,6,0.5,0,0,0.0,2,7,9,3,4,3,3,0,4,1,23,0,0.13,102.5,100.9,0.169,0.2,16.0,72,0.059,0.639,78.08,102.8,94.72,0.75,0.136,93.7,102.8,12.0,0.0,1.6,0.285,0.639,0.282,16.0,5.0,0.0,0.075,6.0,40.0,0.075,0.0,43.0,3.0,0.0,4.0,0.857,3.0,0.0,0.0,0.143,0.0,0.0,1.0,0.286,7.0,0.0,0.0,0.75,2.0,6.0,6.0,4.0,62.0,2.3,0.667,1.0,2.18,0.0,3.0,44.0,0.371,1.24,1.0,7.7,9.0,5.5,6.0,0.0,0.643,0.0,0.0,0.4,0.778,14.0,0.0,2.0,8.0,0.0,1.0,0.4,0.143,0.643,5.0,0.778,0.111,15.4,,,,,,,,,,,,,,6.0,0.333,0.0,0.333,0.0,2.0,0.333,6.0,0.333,,2.0,0.333,0.0,6.0,2.0,0.75,1.0,0.333,4.0,3.0,0.75,0.111,0.222,4.0,0.667,0.5,0.333,2.0,2.0,0.111,4.0,0.222,1.0,0.5,0.833,2.0,6.0,0.667,4.0,3.0,1.0,7.0,0.7,0.6,1.0,1.0,5.0,0.0,1.0,4.0,0.0,0.639,0.333,0.667,6.0,4.0,1.0,0.0,0.0,0.0,0.75,4.0,5.0,0.4,1.0,1.0,1.0,1.0,3.0,4.0,0.0,0.0,2.0,0.0,1.0,0.0,3.0,0.0,5.0,0.8,403.0,242.0,0.449,0.6,0.587,0.014,1.0,0.333,0.0,0.8,,0.0,0.0,3.0,0.0,4.0,0.0,0.6,0.0,0.0,0.0,1.0,3.0,3.0,5.0,5.0,0.667,,,2.0,0.0,0.0,1.0,6.0,0.4,5.0,2.0,0.5,2.0,2015,21400974,20150313.0,2014-15,False,1.0,8.0,19.0,0.421,0.453,-0.032,1.0,4.0,0.25,0.34,7.0,15.0,0.467,0.493,4.0,9.0,0.444,0.541,3.0,8.0,0.375,0.386,0.0,0.0,0.0,0.0,0.0,0.0,3.0,1.0,0.0,0.0,0.0,0.0,0.0,0.0,,,,,,,,,,,,,,,,,,,,,
200794,Paul Millsap,1610612737,ATL,30.0,41.345,4,11,0.364,1,4,0.25,1,4,0.25,2,4,6,3,2,1,0,1,2,3,10,14,0.077,116.2,100.4,0.03,0.1,11.1,81,0.053,0.392,77.4,116.0,93.25,1.5,0.094,92.88,101.3,16.7,14.8,15.8,0.168,0.409,0.167,11.3,7.0,0.0,0.075,6.0,53.0,0.057,1.0,48.0,4.0,1.0,1.0,0.0,0.0,0.0,0.167,0.0,0.0,0.0,0.0,0.667,6.0,0.0,0.0,0.0,4.0,0.0,0.0,4.0,70.0,2.5,0.0,1.0,2.13,0.375,8.0,48.0,0.143,0.93,3.0,6.3,10.0,3.6,2.0,4.0,0.4,4.0,0.5,0.4,0.667,15.0,1.0,1.0,3.0,0.0,2.0,0.4,0.5,0.545,5.0,0.4,0.5,11.7,,,,,,,,,,,,,,2.0,0.2,0.0,0.5,0.0,1.0,0.2,2.0,0.5,,1.0,0.5,0.0,5.0,1.0,0.4,0.0,0.5,2.0,2.0,0.5,0.1,0.4,4.0,0.4,0.0,0.3,1.0,0.0,0.0,3.0,0.3,,0.333,0.5,0.0,3.0,0.333,1.0,1.0,0.0,2.0,0.5,0.5,,0.0,2.0,3.0,0.0,0.0,1.0,0.409,0.167,1.0,3.0,4.0,0.333,0.0,0.333,0.5,0.5,2.0,1.0,0.0,1.0,1.0,0.0,0.0,1.0,1.0,1.0,2.0,0.0,0.0,3.0,0.0,3.0,1.0,2.0,0.5,29.0,13.0,0.397,0.448,0.57,-0.122,3.0,0.0,,0.5,,,0.0,0.0,0.0,1.0,0.0,0.5,,0.0,0.333,0.0,1.0,4.0,2.0,2.0,0.25,,,1.0,1.0,0.0,0.0,4.0,0.333,3.0,1.0,0.375,1.0,2015,41400105,20150429.0,2014-15,True,1.0,6.0,16.0,0.375,0.446,-0.071,2.0,8.0,0.25,0.35,4.0,8.0,0.5,0.48,2.0,4.0,0.5,0.51,4.0,11.0,0.364,0.353,1.0,1.0,1.0,4.0,0.25,0.375,4.0,0.5,0.0,0.0,1.0,0.125,2.0,0.25,,,,,,,,,,,,,,,,,,,,,
200794,Paul Millsap,1610612737,ATL,30.0,36.2,6,16,0.375,1,2,0.5,4,6,0.667,2,6,8,2,1,4,0,3,2,6,17,14,0.099,103.7,80.0,0.123,0.133,4.5,73,0.056,0.456,81.22,105.5,101.44,2.0,0.08,97.46,85.1,9.1,20.3,23.6,0.248,0.406,0.253,4.6,5.0,0.0,0.032,4.0,62.0,0.032,0.0,48.0,2.0,0.0,8.0,0.286,2.0,0.0,0.0,0.071,0.0,0.0,1.0,0.286,14.0,0.0,0.0,0.25,4.0,4.0,3.0,7.0,85.0,2.7,0.667,0.286,1.9,0.0,2.0,56.0,0.2,0.86,4.0,3.7,10.0,3.8,4.0,0.0,0.471,0.0,1.0,0.286,0.6,17.0,2.0,0.0,4.0,0.0,2.0,0.286,0.333,0.471,7.0,0.6,0.5,3.3,0.0,0.0,0.385,0.0,0.0,0.0,0.0,5.0,0.0,0.385,0.0,5.0,,4.0,0.308,0.0,0.75,0.0,3.0,0.308,4.0,0.75,,3.0,0.75,0.0,2.0,0.0,1.0,0.0,0.154,2.0,2.0,1.0,0.0,0.154,2.0,1.0,,0.154,1.0,0.0,0.0,2.0,0.154,,0.5,0.75,0.0,2.0,0.5,1.0,0.0,0.0,0.0,,,,0.0,0.0,0.0,1.0,2.0,0.0,0.406,0.5,0.5,3.0,2.0,0.0,0.0,0.0,0.0,0.25,4.0,2.0,0.5,0.0,0.0,0.0,0.0,1.0,4.0,0.0,0.0,1.0,0.0,0.0,0.0,0.0,0.0,10.0,0.4,147.0,103.0,0.441,0.701,0.579,0.121,0.0,0.5,,0.364,,,0.0,2.0,1.0,4.0,0.0,0.0,,0.0,0.0,1.0,0.0,0.0,11.0,2.0,0.0,,,0.0,0.0,1.0,1.0,2.0,0.5,2.0,1.0,0.75,1.0,2015,21400358,20141215.0,2014-15,False,1.0,2.0,9.0,0.222,0.447,-0.225,0.0,1.0,0.0,0.36,2.0,8.0,0.25,0.479,2.0,7.0,0.286,0.528,0.0,2.0,0.0,0.339,0.0,1.0,0.0,0.0,0.0,0.0,1.0,0.5,0.0,0.0,0.0,0.0,0.0,0.0,,,,,,,,,,,,,,,,,,,,,
200794,Paul Millsap,1610612737,ATL,30.0,32.65,2,6,0.333,0,2,0.0,3,9,0.333,0,8,8,2,2,2,2,0,3,7,7,8,0.131,107.5,97.0,0.044,0.25,14.3,66,0.0,0.351,81.47,109.1,97.73,1.0,0.091,97.76,95.5,14.3,13.6,10.4,0.168,0.333,0.171,14.3,3.0,0.0,0.049,5.0,41.0,0.049,0.0,33.0,2.0,1.0,2.0,0.0,0.0,0.167,0.167,0.0,2.0,0.0,0.0,0.333,6.0,0.0,1.0,0.0,2.0,0.0,5.0,6.0,56.0,1.6,0.8,0.5,1.74,0.0,2.0,32.0,0.125,0.91,3.0,3.8,14.0,3.8,5.0,1.0,0.471,1.0,0.0,0.0,0.615,17.0,0.0,0.0,5.0,0.0,3.0,0.0,0.375,0.5,3.0,0.571,0.375,0.0,0.5,0.0,0.333,0.0,0.0,1.0,1.0,2.0,0.5,0.333,0.5,2.0,,2.0,0.333,0.0,0.5,0.0,1.0,0.333,2.0,0.5,,1.0,0.5,0.0,1.0,1.0,0.0,0.0,0.167,0.0,0.0,,0.167,0.0,0.0,0.0,0.0,0.167,0.0,0.0,0.0,1.0,0.167,,0.0,0.0,0.0,1.0,0.0,0.0,0.0,0.0,0.0,,,,0.0,0.0,0.0,0.5,4.0,0.0,0.333,0.0,1.0,0.0,3.0,0.0,0.0,0.0,0.0,0.0,0.0,1.0,0.0,1.0,0.0,0.0,0.0,0.0,2.0,0.0,0.0,0.0,0.0,1.0,0.0,0.0,0.0,4.0,0.5,130.0,89.0,0.447,0.685,0.583,0.102,0.0,0.0,,0.5,,,0.0,1.0,0.0,2.0,0.0,0.0,,0.0,0.0,0.0,0.0,1.0,4.0,0.0,0.0,,,0.0,0.0,0.0,0.0,2.0,0.0,2.0,0.0,0.0,0.0,2015,21400301,20141208.0,2014-15,False,1.0,7.0,14.0,0.5,0.454,0.047,0.0,1.0,0.0,0.4,7.0,13.0,0.538,0.468,5.0,9.0,0.556,0.519,1.0,2.0,0.5,0.391,0.0,0.0,0.0,0.0,0.0,0.0,1.0,0.5,0.0,0.0,0.0,0.0,0.0,0.0,,,,,,,,,,,,,,,,,,,,,
200794,Paul Millsap,1610612737,ATL,30.0,34.05,7,11,0.636,4,4,1.0,1,2,0.5,2,5,7,2,1,0,2,1,2,4,19,17,0.099,110.1,87.7,0.164,0.143,6.7,65,0.056,0.8,76.36,116.9,96.08,2.0,0.1,91.63,90.8,13.3,26.2,22.4,0.174,0.818,0.173,6.7,9.0,1.0,0.078,7.0,51.0,0.039,1.0,43.0,4.0,0.0,1.0,0.143,0.0,0.143,0.0,0.0,2.0,1.0,0.0,0.571,7.0,0.5,1.0,0.0,4.0,1.0,0.0,4.0,67.0,2.4,0.0,1.0,2.19,0.0,6.0,44.0,0.284,1.01,1.0,3.1,12.0,2.3,4.0,3.0,0.467,3.0,0.0,0.667,0.556,15.0,0.0,2.0,6.0,0.0,1.0,0.667,0.2,0.583,3.0,0.417,0.143,5.1,0.0,0.0,0.1,0.0,0.0,0.0,0.0,1.0,0.0,0.1,0.0,1.0,,2.0,0.2,0.0,0.5,0.0,1.0,0.2,2.0,0.5,,1.0,0.5,0.0,1.0,0.0,1.0,0.0,0.1,1.0,1.0,1.0,0.0,0.1,1.0,1.0,,0.6,4.0,1.0,0.2,4.0,0.4,0.5,1.0,1.167,2.0,6.0,0.833,5.0,0.0,0.0,0.0,0.0,0.0,,0.0,1.0,0.0,0.0,0.0,0.0,0.818,1.0,1.0,14.0,4.0,0.0,0.0,0.5,0.0,0.0,1.0,4.0,1.0,0.0,0.0,0.0,0.0,0.0,2.0,0.0,0.0,4.0,0.0,0.0,0.0,2.0,1.0,4.0,0.5,9.0,7.0,0.474,0.778,0.612,0.166,1.0,1.0,,0.5,,,0.0,1.0,0.0,2.0,0.0,0.0,,0.0,1.0,1.0,0.0,4.0,4.0,1.0,0.75,,,3.0,1.0,0.0,0.0,5.0,1.0,4.0,4.0,1.4,5.0,2015,41400102,20150422.0,2014-15,True,1.0,1.0,6.0,0.167,0.436,-0.269,0.0,2.0,0.0,0.334,1.0,4.0,0.25,0.492,1.0,4.0,0.25,0.551,0.0,2.0,0.0,0.343,0.0,3.0,0.0,0.0,0.0,0.0,3.0,0.5,0.0,0.0,0.0,0.0,0.0,0.0,,,,,,,,,,,,,,,,,,,,,
200794,Paul Millsap,1610612737,ATL,30.0,37.75,3,11,0.273,0,3,0.0,7,10,0.7,3,4,7,3,3,0,1,1,6,6,13,4,0.09,99.7,93.7,0.018,0.103,13.6,71,0.077,0.422,74.7,101.4,92.08,1.0,0.125,89.64,97.1,13.6,4.3,6.0,0.235,0.273,0.241,14.0,6.0,0.0,0.07,8.0,43.0,0.07,0.0,37.0,3.0,0.0,6.0,0.667,2.0,0.111,0.0,0.111,2.0,2.0,1.0,0.111,9.0,1.0,1.0,0.333,1.0,6.0,6.0,5.0,63.0,2.6,0.333,0.4,2.45,0.5,4.0,38.0,0.206,1.44,6.0,5.3,13.0,4.8,1.0,1.0,0.35,2.0,1.0,0.429,0.333,20.0,3.0,0.0,1.0,1.0,3.0,0.5,0.75,0.389,7.0,0.308,0.857,6.0,,,,,,,,,,,,,,5.0,0.5,0.0,0.6,0.0,3.0,0.5,5.0,0.6,,3.0,0.6,0.0,5.0,3.0,0.0,0.0,0.5,0.0,0.0,0.0,0.3,0.2,2.0,0.0,0.0,,,,,,,,,,,,,,1.0,0.0,2.0,0.5,0.5,,0.0,2.0,2.0,0.0,2.0,0.0,0.273,0.0,0.0,0.0,2.0,0.0,0.0,0.333,0.0,0.0,2.0,3.0,0.0,0.0,0.0,0.0,0.0,0.0,2.0,0.0,0.0,0.0,0.0,0.0,0.0,3.0,1.0,3.0,0.667,75.0,36.0,0.421,0.48,0.614,-0.134,2.0,0.0,0.0,0.667,0.0,0.0,0.0,2.0,0.0,2.0,0.0,0.0,0.0,0.0,0.5,0.0,0.0,1.0,3.0,3.0,0.0,0.0,0.0,0.0,1.0,0.0,0.0,3.0,0.0,3.0,0.0,0.0,0.0,2015,41400301,20150520.0,2014-15,True,1.0,7.0,14.0,0.5,0.461,0.039,2.0,3.0,0.667,0.378,5.0,11.0,0.455,0.513,4.0,8.0,0.5,0.594,3.0,6.0,0.5,0.379,0.0,0.0,2.0,2.0,1.0,0.5,3.0,0.75,0.0,0.0,0.0,0.0,1.0,0.25,,,,,,,,,,,,,,,,,,,,,
200794,Paul Millsap,1610612737,ATL,30.0,46.73333333333333,7,14,0.5,1,4,0.25,1,2,0.5,3,9,12,4,1,3,3,1,5,2,16,2,0.129,118.3,116.1,0.108,0.184,5.0,90,0.068,0.538,76.6,117.8,92.03,4.0,0.111,91.93,116.9,20.0,0.9,2.2,0.153,0.536,0.152,5.0,9.0,0.0,0.103,13.0,58.0,0.069,1.0,46.0,6.0,1.0,5.0,0.455,2.0,0.091,0.091,0.091,2.0,1.0,1.0,0.091,11.0,0.5,1.0,0.4,1.0,5.0,5.0,7.0,81.0,2.9,0.8,0.571,2.14,0.0,5.0,49.0,0.198,1.16,6.0,4.2,22.0,4.0,5.0,2.0,0.375,2.0,0.667,0.3,0.45,32.0,2.0,1.0,6.0,0.0,4.0,0.3,0.444,0.4,10.0,0.409,0.5,4.9,1.0,0.0,0.077,0.0,0.0,1.0,1.0,1.0,1.0,0.077,1.0,1.0,,5.0,0.385,0.0,0.6,0.0,3.0,0.385,5.0,0.6,,3.0,0.6,0.0,5.0,2.0,0.4,0.0,0.385,2.0,2.0,0.667,0.154,0.231,3.0,0.4,0.0,0.154,1.0,0.0,0.0,2.0,0.154,,0.5,0.75,0.0,2.0,0.5,1.0,1.0,0.0,2.0,1.0,1.0,,0.0,1.0,0.0,1.0,4.0,0.0,0.536,0.25,0.5,3.0,4.0,0.0,0.0,0.0,0.0,0.4,5.0,4.0,0.25,0.0,0.0,0.0,0.0,2.0,4.0,0.0,0.0,1.0,0.0,0.0,0.0,0.0,0.0,5.0,0.8,27.0,12.0,0.474,0.444,0.576,-0.132,0.0,0.5,0.0,0.571,,0.0,0.0,2.0,1.0,4.0,0.0,0.5,0.0,0.0,0.0,1.0,1.0,2.0,7.0,2.0,0.0,,,0.0,0.0,1.0,1.0,4.0,0.25,4.0,1.0,0.375,1.0,2015,41400104,20150427.0,2014-15,True,1.0,8.0,19.0,0.421,0.45,-0.029,1.0,3.0,0.333,0.34,7.0,16.0,0.438,0.463,6.0,15.0,0.4,0.511,2.0,4.0,0.5,0.347,0.0,1.0,0.0,0.0,0.0,0.0,3.0,0.6,0.0,0.0,0.0,0.0,0.0,0.0,,,,,,,,,,,,,,,,,,,,,
200794,Paul Millsap,1610612737,ATL,30.0,38.2,6,16,0.375,1,3,0.333,5,6,0.833,5,6,11,5,2,4,0,0,1,5,18,13,0.149,116.6,100.4,0.145,0.171,7.7,75,0.128,0.483,78.53,118.7,95.55,2.5,0.2,94.24,101.3,19.2,17.3,16.2,0.239,0.406,0.239,7.8,10.0,2.0,0.149,17.0,47.0,0.106,0.0,39.0,7.0,1.0,4.0,0.429,1.0,0.143,0.143,0.0,2.0,1.0,0.0,0.143,7.0,0.5,1.0,0.25,1.0,3.0,2.0,7.0,68.0,2.6,0.0,0.571,2.32,0.0,6.0,47.0,0.265,1.38,5.0,4.7,14.0,4.4,5.0,3.0,0.478,3.0,0.8,0.556,0.545,23.0,4.0,1.0,6.0,0.0,1.0,0.556,0.167,0.55,9.0,0.429,0.455,5.0,0.167,0.0,0.375,0.0,0.0,1.0,1.0,6.0,0.167,0.375,0.167,6.0,,6.0,0.375,0.0,0.5,0.0,3.0,0.375,6.0,0.5,,3.0,0.5,0.0,1.0,1.0,0.0,0.0,0.063,0.0,0.0,,0.063,0.0,0.0,0.0,0.0,0.188,1.0,1.0,0.063,2.0,0.125,1.0,0.5,0.833,1.0,3.0,0.667,2.0,0.0,0.0,0.0,0.0,0.0,,0.0,1.0,0.0,0.0,0.0,0.0,0.406,0.5,0.5,5.0,4.0,0.0,0.0,0.5,0.0,0.5,4.0,3.0,0.333,0.0,0.0,0.0,0.0,2.0,2.0,0.0,0.0,1.0,0.0,0.0,0.0,2.0,1.0,7.0,0.286,48.0,21.0,0.417,0.438,0.601,-0.164,2.0,0.0,,0.286,0.0,,0.0,0.0,0.0,2.0,0.0,0.5,,0.0,0.5,0.0,2.0,3.0,7.0,4.0,0.333,0.0,0.0,1.0,1.0,0.0,0.0,4.0,0.333,3.0,1.0,0.625,2.0,2015,41400202,20150505.0,2014-15,True,1.0,8.0,15.0,0.533,0.476,0.058,2.0,3.0,0.667,0.413,6.0,12.0,0.5,0.496,3.0,6.0,0.5,0.565,4.0,8.0,0.5,0.387,0.0,2.0,0.0,0.0,0.0,0.0,4.0,0.667,0.0,0.0,0.0,0.0,0.0,0.0,,,,,,,,,,,,,,,,,,,,,
200794,Paul Millsap,1610612737,ATL,30.0,30.973333333333333,5,13,0.385,0,4,0.0,6,8,0.75,2,8,10,5,0,0,0,1,2,5,16,-20,0.143,88.1,119.3,0.154,0.229,0.0,60,0.057,0.484,79.42,90.0,95.56,0.0,0.313,95.31,117.5,23.8,-27.5,-31.2,0.249,0.385,0.242,0.0,7.0,0.0,0.135,11.0,37.0,0.135,0.0,32.0,5.0,0.0,2.0,0.0,0.0,0.0,0.0,0.5,0.0,0.0,2.0,0.0,4.0,0.0,0.0,0.0,0.0,0.0,4.0,7.0,54.0,1.9,0.5,1.571,2.08,1.5,6.0,34.0,0.296,1.31,5.0,5.8,12.0,5.3,4.0,1.0,0.476,1.0,0.5,0.222,0.727,21.0,1.0,1.0,5.0,0.0,4.0,0.222,0.5,0.5,9.0,0.667,0.5,7.9,0.0,0.0,0.167,0.0,0.0,0.0,0.0,2.0,0.0,0.167,0.0,2.0,,5.0,0.417,0.0,1.0,0.0,5.0,0.417,5.0,1.0,,5.0,1.0,0.0,4.0,3.0,0.0,0.0,0.333,0.0,0.0,0.0,0.25,0.083,1.0,0.0,0.0,0.083,0.0,0.0,0.0,1.0,0.083,,0.0,0.0,0.0,1.0,0.0,0.0,1.0,0.0,2.0,1.0,1.0,,0.0,1.0,9.0,0.0,2.0,0.75,0.385,0.2,1.0,2.0,11.0,0.0,0.0,0.667,0.0,0.333,3.0,3.0,0.0,0.0,0.0,0.0,0.0,1.0,2.0,0.0,1.0,0.0,0.0,1.0,0.0,3.0,2.0,3.0,0.667,98.0,51.0,0.408,0.52,0.619,-0.099,0.0,0.0,,0.667,0.0,,0.0,3.0,0.667,2.0,0.0,0.333,,0.0,0.0,0.0,1.0,1.0,3.0,3.0,0.0,0.0,0.0,0.0,0.0,2.0,3.0,5.0,0.0,4.0,0.0,0.2,1.0,2015,41400304,20150526.0,2014-15,True,1.0,12.0,20.0,0.6,0.488,0.112,1.0,3.0,0.333,0.342,11.0,17.0,0.647,0.524,8.0,11.0,0.727,0.571,4.0,9.0,0.444,0.34,3.0,4.0,2.0,2.0,1.0,1.5,0.0,0.0,1.0,0.167,0.0,0.0,1.0,0.167,,,,,,,,,,,,,,,,,,,,,
200794,Paul Millsap,1610612737,ATL,30.0,36.516666666666666,6,14,0.429,0,3,0.0,2,3,0.667,1,6,7,2,6,0,1,0,2,5,14,3,0.092,92.5,87.3,0.051,0.136,26.1,77,0.031,0.457,83.8,93.5,103.11,0.33,0.087,100.56,90.8,8.7,2.7,5.2,0.248,0.429,0.241,25.7,4.0,0.0,0.086,5.0,35.0,0.057,1.0,41.0,3.0,1.0,2.0,0.375,1.0,0.125,0.125,0.0,2.0,1.0,0.0,0.5,8.0,0.5,1.0,0.5,4.0,3.0,5.0,8.0,60.0,2.2,0.6,0.75,2.2,0.444,9.0,43.0,0.233,1.22,2.0,6.9,10.0,7.8,4.0,1.0,0.389,1.0,1.0,0.125,0.667,18.0,1.0,0.0,4.0,0.0,1.0,0.125,0.167,0.412,8.0,0.6,0.286,2.7,0.2,0.0,0.357,0.0,0.0,1.0,1.0,5.0,0.2,0.357,0.2,5.0,,5.0,0.357,0.0,0.8,0.0,4.0,0.357,5.0,0.8,,4.0,0.8,0.0,1.0,1.0,0.0,0.0,0.071,0.0,0.0,,0.071,0.0,0.0,0.0,0.0,0.214,0.0,1.0,0.071,2.0,0.143,1.0,0.0,0.333,1.0,3.0,0.333,1.0,0.0,0.0,0.0,,,,0.0,0.0,4.0,0.5,3.0,0.5,0.429,0.25,1.0,2.0,6.0,0.0,,1.0,0.0,0.4,5.0,2.0,0.0,0.0,0.0,0.0,0.0,2.0,3.0,0.0,1.0,0.0,,1.0,,1.0,1.0,5.0,0.6,63.0,30.0,0.414,0.476,0.607,-0.131,1.0,0.0,,0.5,,,0.0,1.0,0.0,4.0,0.0,0.5,,0.0,1.0,0.0,1.0,2.0,8.0,2.0,0.0,,,0.0,1.0,0.0,0.0,4.0,0.0,3.0,0.0,0.25,1.0,2015,41400205,20150513.0,2014-15,True,1.0,7.0,15.0,0.467,0.478,-0.012,1.0,3.0,0.333,0.372,6.0,12.0,0.5,0.505,3.0,6.0,0.5,0.606,2.0,7.0,0.286,0.38,2.0,4.0,0.0,0.0,0.0,0.444,2.0,0.222,0.0,0.0,1.0,0.111,0.0,0.0,,,,,,,,,,,,,,,,,,,,,
200794,Paul Millsap,1610612737,ATL,30.0,40.18333333333333,7,20,0.35,1,5,0.2,5,7,0.714,3,10,13,2,3,0,2,1,5,6,20,5,0.13,98.0,91.0,0.097,0.182,10.7,81,0.067,0.433,81.13,97.5,96.73,0.67,0.083,97.35,90.2,7.1,7.3,7.1,0.288,0.375,0.283,10.7,7.0,0.0,0.042,6.0,48.0,0.042,0.0,50.0,2.0,1.0,6.0,0.364,1.0,0.182,0.091,0.0,4.0,2.0,0.0,0.182,11.0,0.5,2.0,0.167,2.0,4.0,5.0,10.0,76.0,2.9,1.0,0.7,2.3,0.4,5.0,54.0,0.263,1.29,5.0,6.1,14.0,6.6,7.0,0.0,0.684,0.0,0.667,0.6,0.714,19.0,2.0,1.0,8.0,0.0,3.0,0.6,0.3,0.684,5.0,0.714,0.385,4.4,0.0,0.0,0.158,0.0,0.0,0.0,0.0,3.0,0.0,0.158,0.0,3.0,,8.0,0.421,0.0,0.625,0.0,5.0,0.421,8.0,0.625,,5.0,0.625,0.0,2.0,0.0,0.5,0.0,0.105,1.0,1.0,0.5,0.0,0.105,2.0,0.5,,0.316,1.0,0.0,0.053,5.0,0.263,0.0,0.2,0.25,1.0,6.0,0.167,1.0,2.0,0.0,4.0,0.5,0.5,,0.0,4.0,2.0,1.0,5.0,1.0,0.375,0.286,0.5,5.0,7.0,0.0,0.0,0.5,0.0,0.333,6.0,4.0,0.25,1.0,0.0,0.0,0.0,2.0,2.0,0.0,0.0,1.0,0.0,1.0,0.0,4.0,2.0,5.0,0.4,69.0,33.0,0.421,0.478,0.612,-0.133,1.0,0.25,,0.429,0.0,,0.0,4.0,0.333,3.0,0.0,0.25,,0.0,1.0,1.0,1.0,1.0,7.0,4.0,0.0,0.0,0.0,0.0,1.0,1.0,3.0,7.0,0.2,5.0,1.0,0.357,2.0,2015,41400206,20150515.0,2014-15,True,1.0,4.0,12.0,0.333,0.471,-0.137,0.0,3.0,0.0,0.412,4.0,9.0,0.444,0.502,3.0,6.0,0.5,0.596,1.0,5.0,0.2,0.394,1.0,1.0,0.0,0.0,0.0,0.4,2.0,0.4,0.0,0.0,2.0,0.4,0.0,0.0,,,,,,,,,,,,,,,,,,,,,
200794,Paul Millsap,1610612737,ATL,30.0,34.5,7,18,0.389,2,4,0.5,2,2,1.0,6,11,17,3,1,5,1,0,3,4,18,-1,0.224,92.3,98.0,0.223,0.314,4.3,70,0.146,0.477,82.9,95.7,98.75,3.0,0.167,99.48,93.2,13.0,2.6,-5.8,0.235,0.444,0.235,4.4,7.0,0.0,0.056,7.0,54.0,0.056,0.0,42.0,3.0,0.0,4.0,0.4,2.0,0.0,0.0,0.1,0.0,0.0,1.0,0.5,10.0,0.0,0.0,0.5,5.0,4.0,5.0,11.0,75.0,2.1,0.0,0.545,1.65,0.0,3.0,47.0,0.24,0.85,9.0,4.9,15.0,3.9,6.0,0.0,0.708,0.0,0.667,0.667,0.733,24.0,4.0,2.0,8.0,0.0,5.0,0.667,0.455,0.708,9.0,0.733,0.529,7.0,0.0,0.0,0.278,0.0,0.0,0.0,0.0,5.0,0.0,0.278,0.0,5.0,,5.0,0.278,0.0,0.6,0.0,3.0,0.278,5.0,0.6,,3.0,0.6,0.0,7.0,3.0,0.5,1.0,0.389,3.0,2.0,0.5,0.167,0.222,4.0,0.429,0.333,0.056,1.0,0.0,0.0,1.0,0.056,,1.0,1.5,0.0,1.0,1.0,1.0,1.0,1.0,2.0,0.333,0.333,0.0,0.0,3.0,0.0,0.0,0.0,0.0,0.444,0.667,0.25,6.0,6.0,1.0,0.0,0.0,0.0,0.333,3.0,3.0,0.333,1.0,1.0,1.0,1.0,1.0,4.0,0.0,0.0,1.0,0.0,1.0,0.0,1.0,0.0,10.0,0.4,15.0,8.0,0.395,0.533,0.597,-0.064,0.0,0.5,0.0,0.364,,0.0,0.0,2.0,0.5,4.0,0.0,0.0,0.0,0.0,0.0,1.0,0.0,2.0,11.0,1.0,0.5,,,1.0,0.0,1.0,2.0,3.0,0.667,3.0,2.0,1.0,2.0,2015,41400103,20150425.0,2014-15,True,1.0,10.0,19.0,0.526,0.462,0.065,3.0,5.0,0.6,0.337,7.0,14.0,0.5,0.486,3.0,8.0,0.375,0.529,6.0,9.0,0.667,0.361,0.0,0.0,0.0,0.0,0.0,0.0,2.0,0.667,0.0,0.0,0.0,0.0,0.0,0.0,,,,,,,,,,,,,,,,,,,,,
200794,Paul Millsap,1610612737,ATL,30.0,38.833333333333336,6,17,0.353,1,4,0.25,2,3,0.667,4,8,12,8,4,2,2,2,3,5,15,-3,0.125,103.5,113.3,0.114,0.195,13.3,74,0.073,0.409,77.25,109.5,94.21,2.0,0.333,92.7,110.5,26.7,-1.1,-9.8,0.237,0.382,0.232,13.2,18.0,0.0,0.127,21.0,63.0,0.127,0.0,56.0,8.0,2.0,2.0,0.286,1.0,0.0,0.286,0.0,0.0,0.0,0.0,0.286,7.0,0.0,0.0,0.5,2.0,2.0,4.0,9.0,86.0,3.0,0.25,0.222,2.09,0.0,2.0,60.0,0.174,1.21,7.0,5.3,14.0,5.6,5.0,1.0,0.429,1.0,0.75,0.286,0.615,28.0,3.0,0.0,5.0,0.0,4.0,0.286,0.5,0.444,14.0,0.571,0.583,4.4,0.4,0.0,0.333,0.0,0.0,2.0,2.0,5.0,0.4,0.333,0.4,5.0,,5.0,0.333,0.0,0.6,0.0,3.0,0.333,5.0,0.6,,3.0,0.6,0.0,,,,,,,,,,,,,,0.333,1.0,0.0,0.067,4.0,0.267,0.0,0.25,0.3,1.0,5.0,0.2,1.0,0.0,0.0,0.0,0.0,0.0,,0.0,1.0,0.0,0.0,1.0,0.0,0.382,0.2,0.25,3.0,2.0,0.0,0.0,0.0,0.0,0.0,0.0,3.0,0.333,0.0,0.0,0.0,0.0,0.0,5.0,0.0,1.0,1.0,0.0,1.0,0.0,2.0,0.0,11.0,0.455,43.0,19.0,0.43,0.442,0.593,-0.151,1.0,1.0,,0.455,,,0.0,1.0,0.0,5.0,0.0,0.0,,0.0,0.0,1.0,0.0,3.0,11.0,0.0,0.0,,,0.0,0.0,0.0,1.0,5.0,0.25,4.0,1.0,0.3,1.0,2015,41400201,20150503.0,2014-15,True,1.0,6.0,19.0,0.316,0.464,-0.148,1.0,4.0,0.25,0.41,5.0,15.0,0.333,0.489,5.0,12.0,0.417,0.586,1.0,6.0,0.167,0.397,0.0,1.0,0.0,0.0,0.0,0.0,1.0,0.5,0.0,0.0,0.0,0.0,0.0,0.0,,,,,,,,,,,,,,,,,,,,,
200794,Paul Millsap,1610612737,ATL,30.0,22.94,2,6,0.333,1,3,0.333,3,5,0.6,1,1,2,2,3,1,1,0,4,3,8,-4,0.047,112.9,120.4,0.0,0.045,23.1,43,0.048,0.488,75.85,116.3,93.24,0.67,0.111,91.02,122.7,15.4,-6.4,-7.5,0.223,0.417,0.22,22.7,2.0,0.0,0.111,4.0,18.0,0.111,0.0,20.0,2.0,2.0,1.0,0.4,0.0,0.2,0.4,0.0,2.0,2.0,0.0,0.2,5.0,1.0,1.0,0.0,1.0,2.0,1.0,1.0,29.0,0.9,0.0,2.0,1.84,0.5,2.0,20.0,0.276,0.79,0.0,5.8,8.0,2.4,1.0,1.0,0.2,1.0,0.0,0.5,0.143,10.0,0.0,1.0,2.0,0.0,0.0,0.5,0.0,0.222,2.0,0.125,0.0,9.2,1.0,0.0,0.167,0.0,0.0,1.0,1.0,1.0,1.0,0.167,1.0,1.0,,1.0,0.167,0.0,0.0,0.0,0.0,0.167,1.0,0.0,,0.0,0.0,0.0,2.0,1.0,0.0,0.0,0.333,0.0,0.0,0.0,0.167,0.167,1.0,0.0,0.0,0.333,1.0,0.0,0.0,2.0,0.333,,0.5,0.75,0.0,2.0,0.5,1.0,0.0,1.0,0.0,0.0,0.0,0.0,0.0,2.0,1.0,0.0,0.0,0.0,0.417,0.5,1.0,3.0,2.0,0.0,,0.0,0.0,0.0,0.0,2.0,0.5,0.0,0.0,0.0,0.0,0.0,1.0,0.0,1.0,1.0,,1.0,,1.0,0.0,2.0,0.5,53.0,25.0,0.414,0.472,0.602,-0.13,0.0,0.5,0.0,0.5,,0.0,,2.0,0.0,1.0,,0.0,0.0,,0.0,1.0,0.0,1.0,2.0,0.0,0.0,,,0.0,0.0,0.0,1.0,2.0,0.5,2.0,1.0,0.75,1.0,2015,41400203,20150509.0,2014-15,True,1.0,10.0,13.0,0.769,0.47,0.3,1.0,2.0,0.5,0.377,9.0,11.0,0.818,0.495,5.0,7.0,0.714,0.564,4.0,5.0,0.8,0.381,0.0,1.0,1.0,2.0,0.5,0.5,0.0,0.0,0.0,0.0,0.0,0.0,1.0,0.5,,,,,,,,,,,,,,,,,,,,,
200794,Paul Millsap,1610612737,ATL,30.0,45.74666666666667,5,11,0.455,1,2,0.5,11,11,1.0,3,6,9,0,3,1,0,0,4,6,22,1,0.092,108.6,106.9,0.112,0.118,15.8,92,0.064,0.694,80.01,107.6,95.94,0.0,0.0,96.01,107.7,0.0,-0.1,1.7,0.194,0.5,0.188,15.9,4.0,1.0,0.02,2.0,50.0,0.0,0.0,45.0,1.0,0.0,2.0,0.0,0.0,0.0,0.0,0.0,0.0,0.0,0.0,0.25,4.0,0.0,0.0,0.0,1.0,0.0,9.0,7.0,71.0,2.3,0.556,1.143,1.93,1.5,8.0,48.0,0.31,1.06,3.0,4.6,9.0,2.6,3.0,1.0,0.643,1.0,0.0,0.6,0.75,14.0,0.0,3.0,6.0,0.0,3.0,0.6,0.5,0.692,5.0,0.667,0.333,8.6,1.0,0.0,0.273,0.0,0.0,3.0,3.0,3.0,1.0,0.273,1.0,3.0,,2.0,0.182,0.0,0.0,0.0,0.0,0.182,2.0,0.0,,0.0,0.0,0.0,4.0,0.0,0.25,0.0,0.364,1.0,1.0,0.25,0.0,0.364,4.0,0.25,,0.182,1.0,0.0,0.0,2.0,0.182,,0.5,0.75,0.0,2.0,0.5,1.0,0.0,0.0,0.0,,,,0.0,0.0,12.0,0.0,5.0,0.75,0.5,0.5,1.0,3.0,8.0,0.0,0.0,0.0,0.0,0.0,4.0,2.0,0.5,0.0,0.0,0.0,0.0,0.0,4.0,0.0,0.0,1.0,0.0,0.0,0.0,1.0,0.0,4.0,1.0,89.0,45.0,0.405,0.506,0.619,-0.114,0.0,0.5,0.0,0.8,,0.0,0.0,2.0,0.0,4.0,0.0,0.0,0.0,0.0,0.0,1.0,0.0,0.0,5.0,3.0,0.0,,,0.0,0.0,0.0,1.0,2.0,0.5,2.0,1.0,0.75,1.0,2015,41400303,20150524.0,2014-15,True,1.0,16.0,32.0,0.5,0.454,0.047,5.0,11.0,0.455,0.353,11.0,21.0,0.524,0.515,10.0,15.0,0.667,0.594,6.0,15.0,0.4,0.35,3.0,4.0,6.0,6.0,1.0,1.5,1.0,0.125,0.0,0.0,0.0,0.0,3.0,0.375,,,,,,,,,,,,,,,,,,,,,
200794,Paul Millsap,1610612737,ATL,30.0,26.996666666666663,2,8,0.25,0,0,0.0,0,0,0.0,0,5,5,2,1,2,0,2,3,2,4,-4,0.109,107.8,113.6,0.031,0.217,9.1,52,0.0,0.25,78.53,107.7,93.13,2.0,0.1,94.23,111.1,18.2,-3.4,-5.9,0.167,0.25,0.167,9.1,4.0,0.0,0.049,5.0,41.0,0.049,0.0,30.0,2.0,0.0,1.0,0.0,0.0,0.0,0.0,0.0,0.0,0.0,0.0,0.0,1.0,0.0,0.0,0.0,0.0,0.0,2.0,2.0,51.0,1.8,0.0,1.0,2.06,0.667,3.0,27.0,0.078,1.02,3.0,5.9,8.0,5.9,2.0,1.0,0.5,1.0,0.0,0.0,0.714,10.0,0.0,0.0,2.0,0.0,3.0,0.0,0.6,0.556,2.0,0.625,0.6,0.0,1.0,0.0,0.167,0.0,0.0,1.0,1.0,1.0,1.0,0.167,1.0,1.0,,2.0,0.333,0.0,0.5,0.0,1.0,0.333,2.0,0.5,,1.0,0.5,0.0,2.0,0.0,0.0,0.0,0.333,0.0,0.0,0.0,0.0,0.333,2.0,0.0,,0.167,0.0,0.0,0.167,0.0,0.0,0.0,,0.0,1.0,1.0,0.0,0.0,0.0,,0.0,0.0,0.0,,,1.0,2.0,0.0,0.0,0.5,0.25,0.0,0.5,0.0,2.0,0.0,0.0,0.0,0.0,0.0,0.0,0.0,0.0,0.0,0.0,0.0,0.0,0.0,2.0,0.0,0.0,0.0,0.0,0.0,0.0,4.0,0.0,4.0,0.5,79.0,38.0,0.42,0.481,0.615,-0.134,1.0,0.0,,0.5,,,0.0,0.0,0.0,2.0,0.0,0.0,,0.0,0.0,0.0,0.0,0.0,4.0,0.0,0.0,,,0.0,0.0,0.0,3.0,1.0,,,,0.0,0.0,2015,41400302,20150522.0,2014-15,True,1.0,5.0,10.0,0.5,0.486,0.014,2.0,2.0,1.0,0.34,3.0,8.0,0.375,0.512,2.0,6.0,0.333,0.59,2.0,2.0,1.0,0.35,1.0,2.0,0.0,0.0,0.0,0.667,1.0,0.333,0.0,0.0,0.0,0.0,0.0,0.0,,,,,,,,,,,,,,,,,,,,,
200794,Paul Millsap,1610612737,ATL,30.0,41.345,4,11,0.364,1,4,0.25,1,4,0.25,2,4,6,3,2,1,0,1,2,3,10,14,0.077,116.2,100.4,0.03,0.1,11.1,81,0.053,0.392,77.4,116.0,93.25,1.5,0.094,92.88,101.3,16.7,14.8,15.8,0.168,0.409,0.167,11.3,7.0,0.0,0.075,6.0,53.0,0.057,1.0,48.0,4.0,1.0,1.0,0.0,0.0,0.0,0.167,0.0,0.0,0.0,0.0,0.667,6.0,0.0,0.0,0.0,4.0,0.0,0.0,4.0,70.0,2.5,0.0,1.0,2.13,0.375,8.0,48.0,0.143,0.93,3.0,6.3,10.0,3.6,2.0,4.0,0.4,4.0,0.5,0.4,0.667,15.0,1.0,1.0,3.0,0.0,2.0,0.4,0.5,0.545,5.0,0.4,0.5,11.7,,,,,,,,,,,,,,2.0,0.2,0.0,0.5,0.0,1.0,0.2,2.0,0.5,,1.0,0.5,0.0,5.0,1.0,0.4,0.0,0.5,2.0,2.0,0.5,0.1,0.4,4.0,0.4,0.0,0.3,1.0,0.0,0.0,3.0,0.3,,0.333,0.5,0.0,3.0,0.333,1.0,1.0,0.0,2.0,0.5,0.5,,0.0,2.0,3.0,0.0,0.0,1.0,0.409,0.167,1.0,3.0,4.0,0.333,0.0,0.333,0.5,0.5,2.0,1.0,0.0,1.0,1.0,0.0,0.0,1.0,1.0,1.0,2.0,0.0,0.0,3.0,0.0,3.0,1.0,2.0,0.5,29.0,13.0,0.397,0.448,0.57,-0.122,3.0,0.0,,0.5,,,0.0,0.0,0.0,1.0,0.0,0.5,,0.0,0.333,0.0,1.0,4.0,2.0,2.0,0.25,,,1.0,1.0,0.0,0.0,4.0,0.333,3.0,1.0,0.375,1.0,2015,41400105,20150429.0,2014-15,True,1.0,6.0,16.0,0.375,0.446,-0.071,2.0,8.0,0.25,0.35,4.0,8.0,0.5,0.48,2.0,4.0,0.5,0.51,4.0,11.0,0.364,0.353,1.0,1.0,1.0,4.0,0.25,0.375,4.0,0.5,0.0,0.0,1.0,0.125,2.0,0.25,,,,,,,,,,,,,,,,,,,,,
200794,Paul Millsap,1610612737,ATL,30.0,27.35333333333333,7,13,0.538,0,1,0.0,5,5,1.0,1,4,5,6,2,2,0,0,5,4,19,0,0.094,110.2,109.1,0.167,0.16,8.7,58,0.036,0.625,84.08,108.6,100.8,3.0,0.353,100.9,110.5,26.1,-1.9,1.1,0.268,0.538,0.262,8.6,7.0,0.0,0.159,13.0,44.0,0.136,1.0,42.0,7.0,1.0,3.0,0.833,2.0,0.0,0.167,0.0,0.0,0.0,0.0,0.333,6.0,0.0,0.0,0.667,2.0,5.0,2.0,7.0,61.0,2.1,1.0,0.857,2.04,0.0,2.0,41.0,0.311,1.11,1.0,4.0,5.0,4.2,4.0,1.0,0.5,1.0,1.0,0.2,1.0,10.0,1.0,0.0,4.0,0.0,0.0,0.2,0.0,0.556,5.0,0.8,0.2,3.1,0.75,0.0,0.308,0.0,0.0,3.0,3.0,4.0,0.75,0.308,0.75,4.0,,7.0,0.538,0.0,0.571,0.0,4.0,0.538,7.0,0.571,,4.0,0.571,0.0,1.0,0.0,0.0,0.0,0.077,0.0,0.0,0.0,0.0,0.077,1.0,0.0,,0.077,0.0,0.0,0.0,1.0,0.077,,0.0,0.0,0.0,1.0,0.0,0.0,1.0,0.0,2.0,0.5,0.5,,0.0,2.0,0.0,0.0,2.0,0.0,0.538,0.0,0.5,0.0,6.0,0.0,0.0,0.0,0.0,0.333,3.0,1.0,0.0,0.0,0.0,0.0,0.0,1.0,6.0,0.0,0.0,0.0,0.0,0.0,0.0,1.0,0.0,8.0,0.75,57.0,27.0,0.416,0.474,0.602,-0.128,0.0,0.0,,0.75,0.0,,0.0,1.0,0.0,6.0,0.0,0.333,,0.0,0.0,0.0,1.0,0.0,8.0,3.0,0.0,0.0,0.0,0.0,0.0,0.0,1.0,1.0,0.0,1.0,0.0,0.0,0.0,2015,41400204,20150511.0,2014-15,True,1.0,5.0,9.0,0.556,0.45,0.106,0.0,1.0,0.0,0.341,5.0,8.0,0.625,0.469,4.0,6.0,0.667,0.551,1.0,2.0,0.5,0.34,0.0,0.0,0.0,0.0,0.0,0.0,0.0,0.0,2.0,1.0,0.0,0.0,0.0,0.0,,,,,,,,,,,,,,,,,,,,,
200794,Paul Millsap,1610612737,ATL,30.0,32.75,2,11,0.182,0,1,0.0,2,2,1.0,0,7,7,2,0,2,1,0,4,4,6,-2,0.109,100.4,105.3,0.043,0.212,0.0,64,0.0,0.253,78.17,101.6,94.04,0.0,0.1,93.8,104.7,14.3,-3.1,-4.9,0.173,0.182,0.169,0.0,5.0,0.0,0.052,6.0,58.0,0.034,1.0,40.0,3.0,0.0,3.0,0.4,1.0,0.0,0.0,0.2,0.0,0.0,1.0,0.2,5.0,0.0,0.0,0.333,1.0,2.0,3.0,2.0,70.0,2.3,0.0,0.0,2.01,0.0,3.0,40.0,0.086,0.79,4.0,3.5,11.0,3.5,3.0,1.0,0.5,1.0,0.0,0.0,0.7,14.0,0.0,0.0,3.0,0.0,4.0,0.0,0.571,0.538,3.0,0.636,0.571,0.0,0.333,0.0,0.273,0.0,0.0,1.0,1.0,3.0,0.333,0.273,0.333,3.0,,4.0,0.364,0.0,0.25,0.0,1.0,0.364,4.0,0.25,,1.0,0.25,0.0,3.0,0.0,0.0,0.0,0.273,0.0,0.0,0.0,0.0,0.273,3.0,0.0,,0.091,0.0,0.0,0.0,1.0,0.091,,0.0,0.0,0.0,1.0,0.0,0.0,0.0,0.0,0.0,0.0,0.0,,0.0,3.0,0.0,0.0,0.0,0.0,0.182,0.0,0.0,0.0,0.0,0.0,0.0,0.0,0.0,0.0,3.0,1.0,0.0,0.0,0.0,0.0,0.0,0.0,2.0,0.0,0.0,0.0,0.0,0.0,0.0,4.0,0.0,3.0,0.667,8.0,7.0,0.615,0.875,0.608,0.267,3.0,0.0,,0.5,,,0.0,0.0,0.0,2.0,0.0,0.0,,0.0,0.0,0.0,0.0,1.0,4.0,3.0,0.0,,,0.0,0.0,0.0,0.0,2.0,0.0,1.0,0.0,0.0,0.0,2015,41400101,20150419.0,2014-15,True,1.0,9.0,13.0,0.692,0.46,0.233,1.0,1.0,1.0,0.373,8.0,12.0,0.667,0.49,8.0,11.0,0.727,0.547,1.0,2.0,0.5,0.337,0.0,0.0,0.0,0.0,0.0,0.0,2.0,0.667,0.0,0.0,0.0,0.0,0.0,0.0,,,,,,,,,,,,,,,,,,,,,
200794,Paul Millsap,1610612737,ATL,30.0,31.48333333333333,9,15,0.6,2,4,0.5,5,8,0.625,0,9,9,6,2,2,0,0,1,7,25,29,0.153,126.3,81.1,0.221,0.257,7.7,65,0.0,0.675,82.58,127.7,100.87,3.0,0.273,99.1,83.1,23.1,44.6,45.2,0.312,0.667,0.308,7.5,8.0,0.0,0.149,18.0,47.0,0.128,0.0,48.0,7.0,0.0,1.0,0.8,1.0,0.2,0.0,0.2,2.0,2.0,1.0,0.2,5.0,1.0,1.0,1.0,1.0,4.0,7.0,4.0,69.0,2.2,0.571,1.0,1.91,0.5,2.0,47.0,0.362,1.04,3.0,9.4,10.0,9.4,6.0,1.0,0.692,1.0,0.0,0.0,1.0,13.0,0.0,0.0,6.0,0.0,3.0,0.0,0.333,0.75,3.0,0.9,0.333,0.0,0.333,0.0,0.2,0.0,0.0,1.0,1.0,3.0,0.333,0.2,0.333,3.0,,3.0,0.2,0.0,0.667,0.0,2.0,0.2,3.0,0.667,,2.0,0.667,0.0,3.0,1.0,0.333,0.0,0.2,1.0,1.0,0.5,0.067,0.133,2.0,0.333,0.0,0.4,2.0,3.0,0.2,3.0,0.2,1.0,0.667,1.0,3.0,6.0,0.833,5.0,1.0,0.0,2.0,0.5,0.5,,0.0,2.0,1.0,0.5,4.0,0.0,0.667,0.5,1.0,6.0,4.0,0.5,0.0,0.5,1.0,0.667,3.0,2.0,0.5,1.0,1.0,0.0,0.0,2.0,4.0,1.0,1.0,1.0,0.0,2.0,0.0,2.0,1.0,6.0,0.667,32.0,14.0,0.395,0.438,0.575,-0.138,1.0,0.0,,0.667,,,0.0,1.0,0.0,4.0,0.0,0.75,,0.0,0.0,0.0,3.0,3.0,6.0,4.0,0.667,,,2.0,0.0,0.0,0.0,4.0,0.5,4.0,2.0,0.75,2.0,2015,41400106,20150501.0,2014-15,True,1.0,2.0,8.0,0.25,0.454,-0.204,1.0,2.0,0.5,0.36,1.0,6.0,0.167,0.483,1.0,4.0,0.25,0.561,1.0,4.0,0.25,0.351,0.0,1.0,1.0,2.0,0.5,0.5,0.0,0.0,0.0,0.0,0.0,0.0,1.0,0.5,,,,,,,,,,,,,,,,,,,,,
200794,Paul Millsap,1610612737,ATL,31.0,25.466666666666665,3,11,0.273,1,2,0.5,3,4,0.75,0,4,4,3,2,1,2,1,0,4,10,18,0.075,108.1,83.0,0.073,0.16,11.1,57,0.0,0.392,89.53,115.8,112.03,1.5,0.143,107.43,84.2,16.7,31.6,25.1,0.23,0.318,0.234,11.3,6.0,0.0,0.1,6.0,30.0,0.1,0.0,35.0,3.0,0.0,3.0,0.429,0.0,0.286,0.0,0.0,4.0,3.0,0.0,0.286,7.0,0.75,2.0,0.0,2.0,3.0,2.0,4.0,48.0,1.6,0.0,1.0,2.04,0.0,2.0,36.0,0.208,1.27,2.0,3.9,5.0,3.9,2.0,0.0,0.571,0.0,0.0,0.0,0.8,7.0,0.0,0.0,2.0,0.0,2.0,0.0,0.5,0.571,2.0,0.8,0.5,0.0,1.0,0.0,0.1,0.0,0.0,1.0,1.0,1.0,1.0,0.1,1.0,1.0,,6.0,0.6,0.0,0.167,0.0,1.0,0.6,6.0,0.167,,1.0,0.167,0.0,2.0,1.0,0.75,1.0,0.2,1.0,0.0,0.0,0.1,0.1,1.0,0.5,1.0,0.1,0.0,0.0,0.0,1.0,0.1,,0.0,0.0,0.0,1.0,0.0,0.0,0.0,0.0,0.0,0.0,0.0,,0.0,2.0,0.0,0.0,0.0,0.0,0.318,0.333,0.667,3.0,4.0,0.0,0.0,0.0,0.0,0.0,3.0,2.0,0.5,0.0,0.0,0.0,0.0,0.0,2.0,0.0,0.0,1.0,0.0,0.0,0.0,2.0,0.0,4.0,0.5,284.0,157.0,0.428,0.553,0.602,-0.049,2.0,0.0,0.0,0.4,,0.0,0.0,0.0,0.0,2.0,0.0,0.0,0.0,0.0,0.0,0.0,0.0,2.0,5.0,2.0,0.5,,,1.0,0.0,0.0,0.0,3.0,0.5,2.0,1.0,0.5,1.0,2016,21500736,20160203.0,2015-16,False,1.0,7.0,12.0,0.583,0.484,0.1,0.0,2.0,0.0,0.341,7.0,10.0,0.7,0.508,5.0,6.0,0.833,0.567,2.0,5.0,0.4,0.416,0.0,0.0,0.0,0.0,0.0,0.0,2.0,1.0,0.0,0.0,0.0,0.0,0.0,0.0,,,,,,,,,,,,,,,,,,,,,
200794,Paul Millsap,1610612737,ATL,31.0,34.03333333333333,5,16,0.313,0,2,0.0,4,4,1.0,5,4,9,4,2,2,0,1,5,4,14,-7,0.11,86.5,101.0,0.09,0.114,8.3,66,0.106,0.394,77.57,90.9,95.74,2.0,0.211,93.09,101.5,16.7,-10.6,-14.5,0.246,0.313,0.25,8.4,7.0,0.0,0.122,11.0,41.0,0.098,1.0,41.0,5.0,0.0,2.0,0.0,0.0,0.0,0.0,0.0,0.0,0.0,0.0,0.0,2.0,0.0,0.0,0.0,0.0,0.0,1.0,8.0,61.0,2.1,0.0,0.5,2.07,0.222,9.0,43.0,0.23,1.07,2.0,6.0,5.0,3.2,2.0,0.0,0.6,0.0,0.2,0.5,0.8,15.0,1.0,4.0,6.0,0.0,1.0,0.5,0.25,0.6,10.0,0.8,0.222,7.7,0.0,0.0,0.133,0.0,0.0,0.0,0.0,2.0,0.0,0.133,0.0,2.0,,2.0,0.133,0.0,1.0,0.0,2.0,0.133,2.0,1.0,,2.0,1.0,0.0,7.0,0.0,0.286,0.0,0.467,2.0,2.0,0.286,0.0,0.467,7.0,0.286,,0.267,0.0,1.0,0.133,2.0,0.133,0.5,0.0,0.25,2.0,4.0,0.25,1.0,1.0,0.0,2.0,0.25,0.25,,0.0,4.0,2.0,0.0,0.0,0.167,0.313,0.25,0.0,2.0,4.0,0.0,0.0,0.4,0.0,0.0,2.0,2.0,0.0,0.0,0.0,0.0,0.0,0.0,3.0,0.0,0.0,0.0,0.0,0.0,0.0,5.0,2.0,7.0,0.429,116.0,61.0,0.423,0.526,0.599,-0.074,2.0,0.0,,0.429,0.0,,0.0,0.0,0.0,3.0,0.0,0.0,,0.0,0.5,0.0,0.0,3.0,7.0,1.0,0.333,0.0,0.0,1.0,1.0,0.0,3.0,4.0,0.0,2.0,0.0,0.25,1.0,2016,21500272,20151202.0,2015-16,False,1.0,8.0,19.0,0.421,0.435,-0.014,1.0,6.0,0.167,0.357,7.0,13.0,0.538,0.472,6.0,10.0,0.6,0.512,1.0,8.0,0.125,0.356,1.0,6.0,0.0,0.0,0.0,0.222,2.0,0.222,1.0,0.111,0.0,0.0,0.0,0.0,,,,,,,,,,,,,,,,,,,,,
200794,Paul Millsap,1610612737,ATL,31.0,29.25,9,13,0.692,2,3,0.667,2,3,0.667,1,4,5,2,3,2,2,0,4,4,22,-28,0.094,78.2,120.1,0.158,0.174,15.8,59,0.033,0.768,80.68,78.0,98.82,0.67,0.25,96.82,125.4,10.5,-47.5,-42.0,0.28,0.769,0.274,15.5,5.0,0.0,0.053,4.0,38.0,0.053,0.0,41.0,2.0,1.0,4.0,0.571,2.0,0.0,0.143,0.143,0.0,0.0,1.0,0.0,7.0,0.0,0.0,0.5,0.0,4.0,5.0,2.0,57.0,1.9,0.6,1.0,2.0,1.0,2.0,38.0,0.386,1.44,2.0,5.3,9.0,2.7,1.0,1.0,0.556,1.0,0.0,0.0,0.5,9.0,0.0,1.0,2.0,0.0,2.0,0.0,0.5,0.625,0.0,0.444,0.4,13.0,0.5,0.0,0.154,0.0,0.0,1.0,1.0,2.0,0.5,0.154,0.5,2.0,,5.0,0.385,0.0,0.6,0.0,3.0,0.385,5.0,0.6,,3.0,0.6,0.0,4.0,1.0,1.125,1.0,0.308,4.0,3.0,1.0,0.077,0.231,3.0,1.0,1.0,0.154,1.0,0.0,0.0,2.0,0.154,,0.5,0.75,0.0,2.0,0.5,1.0,0.0,0.0,0.0,0.0,0.0,,0.0,2.0,2.0,1.0,3.0,1.0,0.769,0.8,1.0,10.0,2.0,0.0,0.0,1.0,0.0,0.5,4.0,2.0,1.0,,0.0,,,2.0,4.0,0.0,1.0,2.0,0.0,1.0,0.0,1.0,1.0,5.0,0.8,140.0,74.0,0.424,0.529,0.6,-0.071,1.0,,,0.8,,,0.0,,0.0,4.0,0.0,0.5,,0.0,1.0,,2.0,3.0,5.0,4.0,0.667,,,2.0,1.0,0.0,0.0,4.0,0.5,2.0,1.0,0.875,3.0,2016,21500347,20151212.0,2015-16,False,1.0,7.0,14.0,0.5,0.503,-0.003,0.0,2.0,0.0,0.36,7.0,12.0,0.583,0.511,6.0,10.0,0.6,0.578,0.0,2.0,0.0,0.368,1.0,1.0,0.0,0.0,0.0,1.0,1.0,0.5,0.0,0.0,0.0,0.0,0.0,0.0,,,,,,,,,,,,,,,,,,,,,
200794,Paul Millsap,1610612737,ATL,31.0,31.966666666666665,8,16,0.5,0,2,0.0,2,2,1.0,1,7,8,3,2,2,6,1,3,4,18,4,0.118,104.9,101.7,0.163,0.206,9.5,68,0.029,0.533,85.09,108.8,104.6,1.5,0.136,102.11,102.9,14.3,5.9,3.2,0.244,0.5,0.231,9.1,4.0,0.0,0.081,8.0,37.0,0.081,0.0,40.0,3.0,1.0,3.0,1.0,2.0,0.0,0.167,0.0,0.0,0.0,0.0,0.0,6.0,0.0,0.0,0.667,0.0,6.0,4.0,6.0,58.0,2.1,0.0,0.667,2.2,0.857,7.0,44.0,0.31,1.14,4.0,4.4,11.0,3.8,4.0,2.0,0.5,2.0,1.0,0.2,0.778,16.0,1.0,0.0,4.0,0.0,3.0,0.2,0.429,0.571,5.0,0.636,0.5,8.6,0.333,0.0,0.2,0.0,0.0,1.0,1.0,3.0,0.333,0.2,0.333,3.0,,5.0,0.333,0.0,0.8,0.0,4.0,0.333,5.0,0.8,,4.0,0.8,0.0,5.0,1.0,0.6,0.0,0.333,3.0,3.0,0.75,0.067,0.267,4.0,0.6,0.0,0.133,0.0,0.0,0.067,1.0,0.067,0.0,0.0,0.0,1.0,2.0,0.0,0.0,2.0,0.0,4.0,0.5,0.5,,0.0,4.0,6.0,0.0,0.0,0.6,0.5,0.0,0.5,0.0,4.0,0.0,,0.4,0.0,0.6,5.0,2.0,0.0,0.0,0.0,0.0,0.0,3.0,3.0,0.0,0.0,0.0,,0.0,,5.0,2.0,4.0,0.75,214.0,118.0,0.424,0.551,0.601,-0.049,3.0,0.0,,0.75,0.0,,,0.0,0.5,3.0,,0.667,,,0.333,0.0,2.0,2.0,4.0,3.0,0.0,0.0,0.0,0.0,1.0,2.0,4.0,2.0,0.0,2.0,0.0,0.0,0.0,2016,21500551,20160109.0,2015-16,False,1.0,6.0,14.0,0.429,0.448,-0.02,2.0,3.0,0.667,0.337,4.0,11.0,0.364,0.471,3.0,8.0,0.375,0.51,3.0,5.0,0.6,0.372,3.0,5.0,0.0,0.0,0.0,0.857,1.0,0.143,1.0,0.143,0.0,0.0,0.0,0.0,,,,,,,,,,,,,,,,,,,,,
200794,Paul Millsap,1610612737,ATL,31.0,28.33333333333333,5,9,0.556,0,1,0.0,3,3,1.0,0,2,2,0,2,1,1,0,4,2,13,-11,0.038,104.0,120.4,0.056,0.071,16.7,57,0.0,0.63,79.06,103.5,97.31,0.0,0.0,94.87,127.3,0.0,-23.8,-16.3,0.213,0.556,0.203,16.2,4.0,0.0,0.027,0.0,37.0,0.0,1.0,36.0,1.0,1.0,0.0,0.0,0.0,0.0,0.5,0.0,0.0,0.0,0.0,0.5,2.0,0.0,0.0,0.0,1.0,0.0,5.0,1.0,49.0,1.7,0.4,2.0,2.07,1.25,4.0,36.0,0.265,1.04,1.0,3.9,4.0,3.9,1.0,0.0,0.4,0.0,0.0,0.0,0.5,5.0,0.0,0.0,1.0,0.0,1.0,0.0,0.5,0.4,1.0,0.5,0.5,0.0,1.0,0.0,0.111,0.0,0.0,1.0,1.0,1.0,1.0,0.111,1.0,1.0,,3.0,0.333,0.0,1.0,0.0,3.0,0.333,3.0,1.0,,3.0,1.0,0.0,3.0,1.0,0.333,0.0,0.333,1.0,1.0,0.5,0.111,0.222,2.0,0.333,0.0,0.222,0.0,0.0,0.222,0.0,0.0,0.0,,0.0,2.0,2.0,0.0,0.0,3.0,1.0,6.0,0.75,0.75,0.0,0.0,4.0,5.0,0.0,2.0,1.0,0.556,0.0,1.0,0.0,2.0,0.0,0.0,0.4,0.0,1.0,1.0,1.0,0.0,0.0,0.0,0.0,0.0,1.0,2.0,0.0,0.0,0.0,0.0,0.0,0.0,5.0,2.0,2.0,1.0,394.0,222.0,0.419,0.563,0.603,-0.04,1.0,0.0,,1.0,,,0.0,0.0,0.667,2.0,0.0,0.0,,0.0,0.0,0.0,0.0,3.0,2.0,0.0,0.333,,,1.0,0.0,2.0,3.0,3.0,,0.0,0.0,0.0,0.0,2016,21501048,20160321.0,2015-16,False,1.0,6.0,11.0,0.545,0.475,0.071,2.0,3.0,0.667,0.331,4.0,8.0,0.5,0.518,3.0,6.0,0.5,0.595,3.0,5.0,0.6,0.356,2.0,2.0,0.0,0.0,0.0,1.25,2.0,0.5,0.0,0.0,0.0,0.0,0.0,0.0,,,,,,,,,,,,,,,,,,,,,
200794,Paul Millsap,1610612737,ATL,31.0,35.56666666666667,4,12,0.333,0,3,0.0,4,8,0.5,4,6,10,3,1,3,1,0,3,8,12,0,0.135,102.2,101.1,0.08,0.176,5.6,74,0.1,0.387,82.66,102.7,100.89,3.0,0.125,99.19,104.1,16.7,-1.4,1.1,0.194,0.333,0.174,5.1,6.0,0.0,0.058,7.0,52.0,0.058,0.0,43.0,3.0,0.0,2.0,0.0,0.0,0.0,0.0,0.0,0.0,0.0,0.0,0.333,3.0,0.0,0.0,0.0,1.0,0.0,4.0,8.0,70.0,2.2,0.0,0.625,1.92,0.6,5.0,47.0,0.171,0.89,5.0,9.3,9.0,12.0,4.0,0.0,0.714,0.0,0.75,0.8,0.667,14.0,3.0,1.0,5.0,0.0,2.0,0.8,0.333,0.714,5.0,0.667,0.5,5.3,0.0,0.0,0.167,0.0,0.0,0.0,0.0,2.0,0.0,0.167,0.0,2.0,,5.0,0.417,0.0,0.4,0.0,2.0,0.417,5.0,0.4,,2.0,0.4,0.0,1.0,0.0,1.0,0.0,0.083,1.0,1.0,1.0,0.0,0.083,1.0,1.0,,0.333,0.0,1.0,0.083,3.0,0.25,1.0,0.0,0.25,1.0,4.0,0.25,1.0,0.0,0.0,0.0,0.0,0.0,,0.0,2.0,3.0,0.0,0.0,0.5,0.333,0.25,0.5,2.0,5.0,0.0,0.0,1.0,0.0,0.333,6.0,3.0,0.0,0.0,0.0,0.0,0.0,2.0,1.0,0.0,0.0,0.0,0.0,0.0,0.0,1.0,1.0,2.0,0.5,28.0,15.0,0.4,0.536,0.606,-0.07,1.0,0.0,,0.5,0.0,,0.0,1.0,0.25,1.0,0.0,0.5,,0.0,1.0,0.0,1.0,2.0,2.0,2.0,0.0,0.0,0.0,0.0,1.0,1.0,4.0,4.0,0.0,3.0,0.0,0.25,1.0,2016,21500055,20151103.0,2015-16,False,1.0,7.0,13.0,0.538,0.465,0.074,0.0,2.0,0.0,0.267,7.0,11.0,0.636,0.496,6.0,8.0,0.75,0.564,1.0,4.0,0.25,0.356,1.0,2.0,0.0,0.0,0.0,0.6,3.0,0.6,0.0,0.0,0.0,0.0,0.0,0.0,,,,,,,,,,,,,,,,,,,,,
200794,Paul Millsap,1610612737,ATL,31.0,28.816666666666663,8,13,0.615,3,4,0.75,4,5,0.8,0,9,9,5,0,4,4,1,3,4,23,8,0.141,111.8,104.0,0.268,0.265,0.0,58,0.0,0.757,79.81,117.2,98.74,0.0,0.294,95.78,105.3,25.0,12.0,7.8,0.238,0.731,0.231,0.0,6.0,0.0,0.14,11.0,43.0,0.116,1.0,39.0,6.0,0.0,5.0,0.857,2.0,0.143,0.0,0.0,2.0,1.0,0.0,0.143,7.0,0.5,1.0,0.4,1.0,6.0,4.0,1.0,59.0,2.2,0.5,2.0,2.27,0.0,6.0,36.0,0.39,1.29,2.0,3.7,14.0,3.7,8.0,1.0,0.474,1.0,0.0,0.0,0.692,19.0,0.0,0.0,8.0,0.0,2.0,0.0,0.222,0.5,5.0,0.643,0.222,0.0,0.5,0.0,0.167,0.0,0.0,1.0,1.0,2.0,0.5,0.167,0.5,2.0,,3.0,0.25,0.0,0.667,0.0,2.0,0.25,3.0,0.667,,2.0,0.667,0.0,3.0,1.0,0.833,1.0,0.25,2.0,1.0,0.5,0.083,0.167,2.0,0.667,1.0,0.333,2.0,1.0,0.083,3.0,0.25,1.0,0.667,1.0,1.0,4.0,0.75,3.0,3.0,1.0,7.0,0.875,0.75,1.0,1.0,4.0,0.0,1.0,2.0,0.0,0.731,0.667,1.0,6.0,2.0,0.0,0.0,0.667,0.0,0.0,2.0,4.0,0.75,0.0,0.0,0.0,0.0,0.0,3.0,0.0,0.0,3.0,0.0,0.0,0.0,3.0,2.0,4.0,0.75,414.0,232.0,0.42,0.56,0.604,-0.044,1.0,0.75,,0.75,,,0.0,4.0,1.0,3.0,0.0,0.333,,0.0,0.0,3.0,1.0,0.0,4.0,3.0,0.0,,,0.0,0.0,1.0,1.0,3.0,0.667,3.0,2.0,1.0,2.0,2016,21501085,20160326.0,2015-16,False,1.0,5.0,11.0,0.455,0.47,-0.015,1.0,2.0,0.5,0.332,4.0,9.0,0.444,0.509,3.0,8.0,0.375,0.542,1.0,2.0,0.5,0.346,0.0,1.0,0.0,0.0,0.0,0.0,3.0,0.5,1.0,0.167,1.0,0.167,0.0,0.0,,,,,,,,,,,,,,,,,,,,,
200794,Paul Millsap,1610612737,ATL,31.0,34.428333333333335,5,14,0.357,1,2,0.5,3,4,0.75,4,5,9,2,0,2,2,4,3,4,14,-7,0.127,93.1,99.4,0.109,0.167,0.0,69,0.098,0.444,81.33,94.2,99.16,0.0,0.105,97.59,101.4,11.1,-7.2,-6.4,0.188,0.393,0.19,0.0,6.0,0.0,0.059,6.0,51.0,0.039,1.0,45.0,3.0,0.0,3.0,0.333,1.0,0.111,0.0,0.111,2.0,1.0,1.0,0.444,9.0,0.5,1.0,0.333,4.0,3.0,3.0,8.0,68.0,2.4,0.0,0.25,2.08,0.0,5.0,47.0,0.206,1.24,4.0,4.8,7.0,4.2,4.0,0.0,0.5,0.0,0.75,0.364,0.714,18.0,3.0,1.0,5.0,0.0,1.0,0.364,0.2,0.5,11.0,0.714,0.444,5.5,1.0,0.0,0.1,0.0,0.0,1.0,1.0,1.0,1.0,0.1,1.0,1.0,,3.0,0.3,0.0,0.333,0.0,1.0,0.3,3.0,0.333,,1.0,0.333,0.0,4.0,0.0,0.5,0.0,0.4,2.0,2.0,0.5,0.0,0.4,4.0,0.5,,0.2,1.0,0.0,0.0,2.0,0.2,,0.5,0.75,0.0,2.0,0.5,1.0,0.0,0.0,0.0,,,,0.0,0.0,0.0,0.0,0.0,0.0,0.393,0.4,0.333,5.0,2.0,0.0,0.0,0.5,0.0,0.0,3.0,2.0,0.5,0.0,0.0,0.0,0.0,0.0,2.0,0.0,0.0,1.0,0.0,0.0,0.0,4.0,2.0,5.0,0.4,297.0,163.0,0.432,0.549,0.603,-0.054,2.0,0.5,,0.286,0.0,,0.0,2.0,0.5,2.0,0.0,0.0,,0.0,0.5,1.0,0.0,0.0,7.0,1.0,0.0,0.0,0.0,0.0,1.0,1.0,2.0,4.0,0.5,2.0,1.0,0.625,2.0,2016,21500771,20160207.0,2015-16,False,1.0,3.0,8.0,0.375,0.478,-0.103,,,,,3.0,8.0,0.375,0.511,2.0,5.0,0.4,0.56,1.0,3.0,0.333,0.369,0.0,2.0,0.0,0.0,0.0,0.0,3.0,0.6,0.0,0.0,0.0,0.0,0.0,0.0,5.0,5.0,0.0,1.0,0.0,2.0,4.0,0.0,0.0,0.0,0.0,0.0,0.0,0.0,0.0,0.0,0.0,0.0,0.0,0.0,0.0
200794,Paul Millsap,1610612737,ATL,31.0,26.796666666666667,4,8,0.5,1,2,0.5,7,8,0.875,3,8,11,1,3,1,1,0,3,5,16,-25,0.212,99.1,144.7,0.157,0.286,18.8,55,0.125,0.694,80.61,98.2,97.7,0.33,0.083,96.73,149.1,6.3,-50.9,-45.6,0.248,0.563,0.25,19.3,5.0,0.0,0.044,3.0,45.0,0.022,1.0,35.0,2.0,0.0,1.0,0.5,0.0,0.25,0.0,0.0,2.0,2.0,0.0,0.5,4.0,1.0,1.0,0.0,2.0,2.0,2.0,7.0,62.0,2.1,1.0,0.714,2.05,0.75,4.0,34.0,0.258,1.24,4.0,6.2,12.0,4.8,5.0,0.0,0.688,0.0,0.333,0.75,0.667,16.0,1.0,2.0,7.0,0.0,3.0,0.75,0.375,0.688,4.0,0.667,0.364,9.9,0.0,0.0,0.125,0.0,0.0,0.0,0.0,1.0,0.0,0.125,0.0,1.0,,3.0,0.375,0.0,0.333,0.0,1.0,0.375,3.0,0.333,,1.0,0.333,0.0,1.0,0.0,1.0,0.0,0.125,1.0,1.0,1.0,0.0,0.125,1.0,1.0,,0.375,1.0,1.0,0.125,2.0,0.25,1.0,0.5,0.833,1.0,3.0,0.667,2.0,1.0,0.0,2.0,1.0,1.0,,0.0,1.0,3.0,0.0,2.0,0.0,0.563,0.5,0.5,3.0,5.0,0.0,0.0,1.0,0.0,0.0,1.0,2.0,0.5,0.0,0.0,0.0,0.0,0.0,2.0,0.0,0.0,1.0,0.0,0.0,0.0,1.0,1.0,4.0,0.5,66.0,39.0,0.475,0.591,0.596,-0.005,0.0,1.0,,0.5,,,0.0,1.0,1.0,2.0,0.0,0.0,,0.0,0.0,1.0,0.0,1.0,4.0,1.0,0.0,,,0.0,0.0,1.0,1.0,2.0,0.5,2.0,1.0,0.75,1.0,2016,41500202,20160504.0,2015-16,True,1.0,6.0,11.0,0.545,0.502,0.043,2.0,3.0,0.667,0.348,4.0,8.0,0.5,0.542,4.0,8.0,0.5,0.584,2.0,3.0,0.667,0.369,0.0,1.0,3.0,4.0,0.75,0.75,1.0,0.25,0.0,0.0,0.0,0.0,2.0,0.5,7.0,5.0,2.0,2.0,1.0,1.0,2.0,0.0,0.0,1.0,0.0,0.0,0.0,0.0,0.0,0.0,0.0,0.0,0.0,0.0,0.0
200794,Paul Millsap,1610612737,ATL,31.0,27.03333333333333,6,11,0.545,1,2,0.5,0,0,0.0,1,4,5,2,1,0,1,0,4,1,13,-1,0.096,83.9,92.4,0.124,0.129,7.1,52,0.048,0.591,76.2,84.6,89.81,2.0,0.143,91.44,88.2,14.3,-3.6,-8.5,0.22,0.591,0.218,7.1,2.0,0.0,0.053,6.0,38.0,0.053,0.0,37.0,2.0,1.0,2.0,0.0,0.0,0.0,0.25,0.0,0.0,0.0,0.0,0.25,4.0,0.0,0.0,0.0,1.0,0.0,5.0,6.0,51.0,1.8,0.0,1.0,2.11,0.5,4.0,39.0,0.255,1.08,1.0,5.4,9.0,4.8,3.0,0.0,0.455,0.0,0.0,0.5,0.444,11.0,0.0,1.0,4.0,0.0,1.0,0.5,0.25,0.455,2.0,0.444,0.2,7.8,1.0,0.0,0.091,0.0,0.0,1.0,1.0,1.0,1.0,0.091,1.0,1.0,,5.0,0.455,0.0,0.6,0.0,3.0,0.455,5.0,0.6,,3.0,0.6,0.0,3.0,0.0,0.333,0.0,0.273,1.0,1.0,0.333,0.0,0.273,3.0,0.333,,0.182,1.0,0.0,0.0,2.0,0.182,,0.5,0.75,0.0,2.0,0.5,1.0,1.0,0.0,2.0,1.0,1.0,,0.0,1.0,2.0,0.0,0.0,1.0,0.591,0.5,0.75,5.0,6.0,0.0,,0.667,0.0,0.333,3.0,2.0,0.5,,0.0,,,1.0,2.0,0.0,0.0,1.0,,0.0,,3.0,2.0,3.0,0.667,335.0,192.0,0.426,0.573,0.603,-0.03,1.0,0.5,,0.667,,,,2.0,0.5,2.0,,0.0,,,1.0,1.0,0.0,0.0,3.0,1.0,0.0,,,0.0,1.0,2.0,4.0,4.0,0.5,2.0,1.0,0.625,2.0,2016,21500878,20160228.0,2015-16,False,1.0,10.0,16.0,0.625,0.44,0.185,3.0,6.0,0.5,0.391,7.0,10.0,0.7,0.473,5.0,7.0,0.714,0.536,4.0,8.0,0.5,0.382,1.0,1.0,0.0,0.0,0.0,0.5,2.0,0.5,0.0,0.0,0.0,0.0,0.0,0.0,,,,,,,,,,,,,,,,,,,,,
200794,Paul Millsap,1610612737,ATL,31.0,24.9,7,11,0.636,0,1,0.0,4,4,1.0,2,4,6,4,1,2,0,1,2,3,18,5,0.118,119.5,107.9,0.182,0.154,5.6,55,0.08,0.705,88.35,118.2,106.02,4.0,0.222,106.02,109.1,22.2,9.1,11.6,0.224,0.636,0.222,5.6,9.0,1.0,0.15,13.0,40.0,0.1,1.0,39.0,6.0,0.0,0.0,0.0,0.0,0.0,0.0,0.0,0.0,0.0,0.0,0.0,0.0,0.0,0.0,0.0,0.0,0.0,2.0,9.0,57.0,1.6,0.0,1.333,1.64,1.0,6.0,40.0,0.316,0.98,1.0,5.9,7.0,5.6,4.0,1.0,0.545,1.0,0.5,0.5,0.667,11.0,1.0,1.0,5.0,0.0,0.0,0.5,0.0,0.6,4.0,0.571,0.167,6.6,1.0,0.0,0.3,0.0,0.0,3.0,3.0,3.0,1.0,0.3,1.0,3.0,,3.0,0.3,0.0,1.0,0.0,3.0,0.3,3.0,1.0,,3.0,1.0,0.0,1.0,0.0,1.0,0.0,0.1,1.0,1.0,1.0,0.0,0.1,1.0,1.0,,0.3,0.0,0.0,0.2,1.0,0.1,0.0,0.0,0.0,2.0,3.0,0.0,0.0,0.0,0.0,0.0,,,,0.0,0.0,6.0,0.0,0.0,0.75,0.636,0.0,0.8,0.0,12.0,0.0,,0.0,0.0,0.5,2.0,1.0,0.0,0.0,0.0,0.0,0.0,1.0,6.0,0.0,0.0,0.0,,0.0,,1.0,0.0,7.0,0.857,207.0,115.0,0.422,0.556,0.603,-0.047,0.0,0.0,,0.875,,,,1.0,0.0,7.0,,0.0,,,0.0,0.0,0.0,0.0,8.0,0.0,0.0,,,0.0,0.0,0.0,2.0,3.0,0.0,1.0,0.0,0.0,0.0,2016,21500536,20160107.0,2015-16,False,1.0,10.0,15.0,0.667,0.478,0.189,,,,,10.0,15.0,0.667,0.503,10.0,13.0,0.769,0.57,0.0,2.0,0.0,0.404,3.0,4.0,0.0,0.0,0.0,1.0,2.0,0.333,0.0,0.0,0.0,0.0,0.0,0.0,,,,,,,,,,,,,,,,,,,,,
200794,Paul Millsap,1610612737,ATL,31.0,33.276666666666664,8,16,0.5,1,3,0.333,5,8,0.625,4,3,7,7,1,3,1,2,3,6,22,10,0.117,119.9,106.5,0.153,0.107,3.6,66,0.125,0.564,78.73,121.2,95.52,7.0,0.292,94.48,107.7,25.0,13.5,13.4,0.271,0.531,0.273,3.6,11.0,0.0,0.135,17.0,52.0,0.135,0.0,53.0,7.0,0.0,1.0,0.333,0.0,0.167,0.0,0.167,2.0,2.0,1.0,0.5,6.0,1.0,1.0,0.0,3.0,2.0,9.0,8.0,72.0,2.2,0.333,1.0,1.85,0.0,4.0,56.0,0.306,0.71,2.0,6.3,4.0,3.1,2.0,0.0,0.583,0.0,0.25,0.5,0.75,12.0,1.0,3.0,5.0,0.0,1.0,0.5,0.333,0.583,8.0,0.75,0.286,8.7,0.0,0.0,0.071,0.0,0.0,0.0,0.0,1.0,0.0,0.071,0.0,1.0,,6.0,0.429,0.0,0.667,0.0,4.0,0.429,6.0,0.667,,4.0,0.667,0.0,2.0,0.0,1.0,0.0,0.143,2.0,2.0,1.0,0.0,0.143,2.0,1.0,,0.357,1.0,1.0,0.143,3.0,0.214,0.5,0.333,0.5,2.0,5.0,0.4,2.0,0.0,0.0,0.0,0.0,0.0,,0.0,1.0,0.0,0.0,3.0,0.0,0.531,0.4,0.667,5.0,8.0,1.0,0.0,0.333,1.0,1.0,1.0,2.0,0.0,0.0,1.0,0.0,0.0,1.0,5.0,1.0,1.0,0.0,0.0,1.0,0.0,3.0,1.0,9.0,0.556,175.0,94.0,0.425,0.537,0.599,-0.062,1.0,0.0,0.0,0.556,,0.0,0.0,0.0,0.0,5.0,0.0,1.0,0.0,0.0,1.0,0.0,1.0,4.0,9.0,1.0,0.25,,,1.0,1.0,0.0,1.0,5.0,0.333,3.0,1.0,0.5,2.0,2016,21500442,20151226.0,2015-16,False,1.0,7.0,16.0,0.438,0.452,-0.015,1.0,4.0,0.25,0.389,6.0,12.0,0.5,0.478,4.0,7.0,0.571,0.539,2.0,7.0,0.286,0.406,0.0,1.0,0.0,0.0,0.0,0.0,3.0,0.75,0.0,0.0,0.0,0.0,0.0,0.0,,,,,,,,,,,,,,,,,,,,,
200794,Paul Millsap,1610612737,ATL,31.0,33.781666666666666,8,12,0.667,0,1,0.0,2,4,0.5,0,9,9,2,2,3,0,0,3,3,18,10,0.123,105.4,89.9,0.184,0.209,11.1,71,0.0,0.654,82.29,102.8,98.98,1.0,0.091,98.75,92.6,11.1,10.2,15.4,0.221,0.667,0.219,11.3,6.0,0.0,0.068,4.0,44.0,0.045,1.0,38.0,3.0,0.0,1.0,0.25,0.0,0.25,0.0,0.5,2.0,1.0,2.0,0.0,4.0,0.5,1.0,0.0,0.0,1.0,5.0,1.0,61.0,2.2,1.2,2.0,2.16,2.0,2.0,39.0,0.295,1.46,3.0,4.1,18.0,4.1,6.0,2.0,0.429,2.0,0.0,0.0,0.563,21.0,0.0,0.0,6.0,0.0,3.0,0.0,0.333,0.474,3.0,0.5,0.333,0.0,1.0,0.0,0.083,0.0,0.0,1.0,1.0,1.0,1.0,0.083,1.0,1.0,,4.0,0.333,0.0,1.0,0.0,4.0,0.333,4.0,1.0,,4.0,1.0,0.0,6.0,0.0,0.5,0.0,0.5,3.0,3.0,0.5,0.0,0.5,6.0,0.5,,0.083,0.0,0.0,0.0,1.0,0.083,,0.0,0.0,0.0,1.0,0.0,0.0,2.0,0.0,4.0,1.0,1.0,,0.0,2.0,4.0,0.75,6.0,1.0,0.667,0.5,1.0,2.0,2.0,0.0,0.0,1.0,0.0,0.6,5.0,1.0,0.0,0.0,0.0,0.0,0.0,3.0,3.0,0.0,0.0,0.0,0.0,0.0,0.0,2.0,2.0,4.0,0.75,354.0,200.0,0.418,0.565,0.603,-0.038,2.0,0.0,,0.8,0.0,,0.0,0.0,1.0,4.0,0.0,0.333,,0.0,1.0,0.0,1.0,1.0,5.0,3.0,0.0,0.0,0.0,0.0,2.0,1.0,1.0,2.0,0.0,1.0,0.0,0.5,1.0,2016,21500947,20160308.0,2015-16,False,1.0,5.0,12.0,0.417,0.49,-0.073,0.0,2.0,0.0,0.373,5.0,10.0,0.5,0.512,4.0,8.0,0.5,0.604,0.0,3.0,0.0,0.382,2.0,2.0,0.0,0.0,0.0,2.0,0.0,0.0,0.0,0.0,0.0,0.0,0.0,0.0,,,,,,,,,,,,,,,,,,,,,
200794,Paul Millsap,1610612737,ATL,31.0,34.836666666666666,5,16,0.313,0,2,0.0,3,4,0.75,3,10,13,3,2,2,2,1,4,4,13,-5,0.203,100.7,113.6,0.097,0.303,8.7,69,0.097,0.366,78.65,105.8,97.25,1.5,0.136,94.38,114.7,13.0,-8.9,-12.9,0.249,0.313,0.256,8.8,5.0,0.0,0.048,9.0,62.0,0.048,0.0,61.0,3.0,0.0,4.0,0.4,1.0,0.0,0.0,0.0,0.0,0.0,0.0,0.2,5.0,0.0,0.0,0.25,1.0,2.0,4.0,8.0,86.0,2.9,1.0,0.75,2.0,0.0,8.0,63.0,0.151,0.92,4.0,4.9,14.0,5.3,8.0,0.0,0.684,0.0,0.667,0.6,0.714,19.0,2.0,1.0,9.0,0.0,2.0,0.6,0.2,0.684,5.0,0.714,0.308,3.7,0.5,0.0,0.133,0.0,0.0,1.0,1.0,2.0,0.5,0.133,0.5,2.0,,8.0,0.533,0.0,0.25,0.0,2.0,0.533,8.0,0.25,,2.0,0.25,0.0,3.0,1.0,0.333,0.0,0.2,1.0,1.0,0.5,0.067,0.133,2.0,0.333,0.0,0.133,0.0,1.0,0.067,1.0,0.067,1.0,0.0,0.5,1.0,2.0,0.5,1.0,0.0,1.0,0.0,0.0,0.0,0.0,0.0,4.0,0.0,0.5,4.0,0.0,0.313,0.667,0.4,4.0,6.0,0.0,0.0,0.5,0.0,0.0,4.0,2.0,0.0,0.0,0.0,0.0,0.0,0.0,3.0,0.0,0.0,0.0,0.0,0.0,0.0,4.0,2.0,6.0,0.5,167.0,89.0,0.439,0.533,0.6,-0.067,3.0,0.0,,0.5,0.0,,0.0,2.0,0.0,3.0,0.0,0.0,,0.0,0.667,0.0,0.0,0.0,6.0,3.0,0.0,0.0,0.0,0.0,2.0,0.0,2.0,3.0,0.0,1.0,0.0,0.667,2.0,2016,21500407,20151220.0,2015-16,False,1.0,8.0,12.0,0.667,0.48,0.186,1.0,2.0,0.5,0.391,7.0,10.0,0.7,0.503,6.0,9.0,0.667,0.549,2.0,3.0,0.667,0.397,0.0,1.0,0.0,0.0,0.0,0.0,4.0,0.5,1.0,0.125,0.0,0.0,0.0,0.0,,,,,,,,,,,,,,,,,,,,,
200794,Paul Millsap,1610612737,ATL,31.0,35.583333333333336,3,8,0.375,1,3,0.333,6,8,0.75,4,13,17,8,1,3,3,0,3,5,13,18,0.205,103.2,82.0,0.261,0.302,4.8,77,0.1,0.564,85.43,105.2,104.73,8.0,0.296,102.52,84.0,38.1,21.2,21.2,0.142,0.438,0.149,4.9,14.0,0.0,0.176,21.0,51.0,0.157,1.0,37.0,9.0,0.0,2.0,0.5,1.0,0.167,0.0,0.167,2.0,1.0,1.0,0.333,6.0,0.5,1.0,0.5,2.0,3.0,3.0,7.0,64.0,2.7,0.0,0.429,2.54,0.286,7.0,39.0,0.203,1.36,9.0,5.8,22.0,4.0,6.0,1.0,0.531,1.0,0.5,0.4,0.619,32.0,2.0,2.0,8.0,0.0,7.0,0.4,0.538,0.548,10.0,0.591,0.529,11.4,0.0,0.0,0.25,0.0,0.0,0.0,0.0,2.0,0.0,0.25,0.0,2.0,,1.0,0.125,1.0,1.0,0.125,1.0,0.25,2.0,0.5,0.0,1.0,0.5,0.0,1.0,0.0,0.0,0.0,0.125,0.0,0.0,0.0,0.0,0.125,1.0,0.0,,0.375,1.0,1.0,0.125,2.0,0.25,1.0,0.5,0.833,1.0,3.0,0.667,2.0,0.0,2.0,0.0,0.0,0.0,0.0,0.0,3.0,2.0,0.0,0.0,0.0,0.438,1.0,0.333,3.0,3.0,0.0,1.0,0.0,0.0,0.0,1.0,2.0,0.5,0.0,0.0,0.0,0.0,0.0,2.0,0.0,0.0,1.0,0.0,0.0,0.0,1.0,0.0,3.0,0.667,445.0,244.0,0.426,0.548,0.602,-0.054,0.0,0.0,,0.5,,,0.0,0.0,0.0,2.0,1.0,0.0,,0.0,0.0,0.0,0.0,2.0,4.0,0.0,0.5,,,1.0,0.0,0.0,1.0,1.0,1.0,1.0,1.0,1.5,1.0,2016,21501157,20160405.0,2015-16,False,1.0,2.0,12.0,0.167,0.427,-0.26,1.0,5.0,0.2,0.339,1.0,7.0,0.143,0.479,1.0,5.0,0.2,0.511,1.0,7.0,0.143,0.32,0.0,1.0,2.0,2.0,1.0,0.286,4.0,0.571,1.0,0.143,0.0,0.0,1.0,0.143,,,,,,,,,,,,,,,,,,,,,
200794,Paul Millsap,1610612737,ATL,31.0,23.866666666666667,3,8,0.375,1,4,0.25,0,0,0.0,2,7,9,1,4,2,3,0,3,3,7,-10,0.196,99.1,114.9,0.077,0.333,30.8,47,0.08,0.438,79.61,97.9,95.69,0.25,0.059,95.53,116.7,7.7,-18.8,-15.9,0.225,0.438,0.222,30.8,3.0,0.0,0.074,3.0,27.0,0.037,1.0,23.0,2.0,1.0,0.0,0.0,0.0,0.0,1.0,0.0,0.0,0.0,0.0,0.0,1.0,0.0,0.0,0.0,0.0,0.0,4.0,2.0,42.0,1.5,0.5,0.0,2.19,0.0,1.0,25.0,0.167,1.14,3.0,5.1,12.0,4.2,6.0,1.0,0.6,1.0,1.0,0.667,0.636,15.0,2.0,0.0,6.0,0.0,1.0,0.667,0.143,0.643,3.0,0.583,0.333,8.2,,,,,,,,,,,,,,4.0,0.5,0.0,0.5,0.0,2.0,0.5,4.0,0.5,,2.0,0.5,0.0,,,,,,,,,,,,,,0.5,1.0,0.0,0.0,4.0,0.5,,0.25,0.375,0.0,4.0,0.25,1.0,0.0,1.0,0.0,0.0,0.0,0.0,0.0,1.0,0.0,1.0,2.0,0.0,0.438,0.333,0.0,3.0,0.0,0.5,0.0,0.0,0.5,0.0,1.0,2.0,0.0,0.0,1.0,0.0,0.0,0.0,2.0,1.0,2.0,0.0,0.0,2.0,0.0,0.0,0.0,3.0,0.667,435.0,241.0,0.428,0.554,0.603,-0.049,0.0,0.0,,0.5,,,0.0,2.0,0.0,2.0,0.0,0.0,,0.0,0.0,0.0,0.0,2.0,4.0,0.0,0.5,,,1.0,0.0,0.0,0.0,3.0,0.333,3.0,1.0,0.5,1.0,2016,21501113,20160330.0,2015-16,False,1.0,4.0,9.0,0.444,0.51,-0.066,,,,,4.0,9.0,0.444,0.524,4.0,9.0,0.444,0.55,,,,,0.0,0.0,0.0,0.0,0.0,0.0,1.0,1.0,0.0,0.0,0.0,0.0,0.0,0.0,,,,,,,,,,,,,,,,,,,,,
200794,Paul Millsap,1610612737,ATL,31.0,29.03333333333333,4,9,0.444,1,3,0.333,2,6,0.333,0,4,4,3,0,1,0,0,3,4,11,14,0.078,120.9,92.7,0.061,0.138,0.0,54,0.0,0.473,73.71,118.5,88.35,0.0,0.167,88.45,94.3,20.0,24.2,28.3,0.212,0.5,0.214,0.0,7.0,0.0,0.077,6.0,39.0,0.077,0.0,34.0,3.0,0.0,1.0,0.0,0.0,0.0,0.0,0.0,0.0,0.0,0.0,0.8,5.0,0.0,0.0,0.0,4.0,0.0,4.0,1.0,50.0,1.6,0.25,1.0,1.95,0.0,1.0,33.0,0.22,0.84,1.0,7.2,10.0,7.2,3.0,0.0,0.333,0.0,0.0,0.0,0.4,12.0,0.0,0.0,3.0,0.0,1.0,0.0,0.25,0.333,2.0,0.4,0.25,0.0,,,,,,,,,,,,,,1.0,0.111,0.0,0.0,0.0,0.0,0.111,1.0,0.0,,0.0,0.0,0.0,2.0,1.0,0.5,0.0,0.222,1.0,1.0,1.0,0.111,0.111,1.0,0.5,0.0,0.667,1.0,2.0,0.444,2.0,0.222,0.5,0.5,0.583,4.0,6.0,0.5,3.0,1.0,0.0,2.0,1.0,1.0,,0.0,1.0,0.0,0.0,1.0,0.0,0.5,0.2,0.0,3.0,1.0,0.0,,0.333,0.0,0.0,1.0,2.0,0.5,1.0,0.0,0.0,0.0,0.0,2.0,0.0,0.0,1.0,,1.0,,3.0,1.0,2.0,1.0,343.0,195.0,0.419,0.569,0.602,-0.034,3.0,0.0,,1.0,0.0,,,0.0,0.0,2.0,,0.0,,,0.333,0.0,0.0,3.0,2.0,1.0,0.333,0.0,0.0,1.0,1.0,0.0,0.0,5.0,0.333,3.0,1.0,0.3,1.0,2016,21500921,20160304.0,2015-16,False,1.0,4.0,16.0,0.25,0.443,-0.193,0.0,2.0,0.0,0.319,4.0,14.0,0.286,0.469,1.0,5.0,0.2,0.531,3.0,11.0,0.273,0.31,0.0,0.0,0.0,0.0,0.0,0.0,1.0,1.0,0.0,0.0,0.0,0.0,0.0,0.0,,,,,,,,,,,,,,,,,,,,,
200794,Paul Millsap,1610612737,ATL,31.0,34.43333333333333,6,14,0.429,1,2,0.5,1,3,0.333,4,8,12,4,2,1,2,1,2,5,14,5,0.16,91.6,86.5,0.15,0.195,9.5,71,0.118,0.457,83.06,91.5,97.8,2.0,0.2,99.67,83.3,19.0,8.2,5.1,0.225,0.464,0.221,9.4,8.0,0.0,0.075,10.0,53.0,0.075,0.0,47.0,4.0,0.0,3.0,1.0,2.0,0.0,0.0,0.0,0.0,0.0,0.0,0.25,4.0,0.0,0.0,0.667,1.0,4.0,5.0,8.0,72.0,2.6,0.4,0.25,2.16,0.2,10.0,50.0,0.194,1.1,3.0,4.0,12.0,3.9,8.0,1.0,0.706,1.0,0.75,0.8,0.727,17.0,3.0,1.0,9.0,0.0,0.0,0.8,0.0,0.75,5.0,0.667,0.25,4.0,0.667,0.0,0.231,0.0,0.0,2.0,2.0,3.0,0.667,0.231,0.667,3.0,,5.0,0.385,0.0,0.2,0.0,1.0,0.385,5.0,0.2,,1.0,0.2,0.0,2.0,0.0,0.5,0.0,0.154,1.0,1.0,0.5,0.0,0.154,2.0,0.5,,0.231,1.0,1.0,0.077,2.0,0.154,1.0,0.5,0.833,1.0,3.0,0.667,2.0,1.0,0.0,2.0,0.25,0.25,,0.0,4.0,2.0,1.0,2.0,0.25,0.464,0.5,1.0,3.0,2.0,0.0,0.0,0.333,0.0,0.25,4.0,1.0,1.0,0.0,0.0,0.0,0.0,1.0,3.0,0.0,1.0,1.0,0.0,1.0,0.0,3.0,1.0,5.0,0.6,269.0,146.0,0.434,0.543,0.601,-0.058,2.0,0.0,0.0,0.429,0.0,0.0,0.0,0.0,0.5,3.0,0.0,1.0,0.0,0.0,0.0,0.0,1.0,2.0,7.0,1.0,0.5,0.0,0.0,1.0,0.0,1.0,2.0,2.0,0.5,2.0,1.0,0.75,1.0,2016,21500687,20160127.0,2015-16,False,1.0,4.0,15.0,0.267,0.425,-0.159,1.0,8.0,0.125,0.328,3.0,7.0,0.429,0.501,3.0,6.0,0.5,0.563,1.0,9.0,0.111,0.351,1.0,4.0,0.0,0.0,0.0,0.2,4.0,0.4,0.0,0.0,1.0,0.1,0.0,0.0,,,,,,,,,,,,,,,,,,,,,
200794,Paul Millsap,1610612737,ATL,31.0,32.11833333333333,8,16,0.5,1,4,0.25,0,0,0.0,2,7,9,6,5,3,0,1,3,2,17,11,0.141,110.6,94.2,0.143,0.2,18.5,68,0.069,0.531,84.06,113.2,104.37,1.2,0.286,100.88,98.5,22.2,14.7,16.5,0.282,0.531,0.284,18.5,9.0,0.0,0.146,17.0,41.0,0.146,0.0,43.0,6.0,1.0,2.0,0.0,0.0,0.0,0.25,0.0,0.0,0.0,0.0,0.25,4.0,0.0,0.0,0.0,1.0,0.0,6.0,4.0,64.0,2.1,0.333,1.5,1.99,1.0,2.0,43.0,0.266,1.28,1.0,6.1,14.0,4.5,6.0,1.0,0.474,1.0,0.0,0.4,0.538,19.0,0.0,2.0,8.0,0.0,1.0,0.4,0.143,0.5,5.0,0.5,0.111,11.4,0.0,0.0,0.067,0.0,0.0,0.0,0.0,1.0,0.0,0.067,0.0,1.0,,7.0,0.467,0.0,0.571,0.0,4.0,0.467,7.0,0.571,,4.0,0.571,0.0,2.0,1.0,0.5,0.0,0.133,1.0,1.0,1.0,0.067,0.067,1.0,0.5,0.0,0.333,1.0,2.0,0.133,3.0,0.2,1.0,0.333,0.7,2.0,5.0,0.6,3.0,3.0,1.0,6.0,0.6,0.6,0.0,0.0,5.0,2.0,0.5,2.0,1.0,0.531,0.5,1.0,5.0,6.0,0.0,,0.667,0.0,0.0,1.0,4.0,0.25,0.0,0.0,0.0,0.0,0.0,3.0,0.0,0.0,1.0,,0.0,,6.0,4.0,5.0,0.6,402.0,225.0,0.42,0.56,0.603,-0.044,4.0,0.25,,0.6,0.0,,,4.0,1.0,3.0,,0.0,,,0.75,1.0,0.0,0.0,5.0,2.0,0.0,0.0,0.0,0.0,3.0,1.0,1.0,4.0,0.333,3.0,1.0,0.625,2.0,2016,21501056,20160323.0,2015-16,False,1.0,10.0,16.0,0.625,0.468,0.157,3.0,4.0,0.75,0.312,7.0,12.0,0.583,0.51,4.0,9.0,0.444,0.588,5.0,6.0,0.833,0.382,1.0,1.0,0.0,0.0,0.0,1.0,0.0,0.0,0.0,0.0,1.0,0.5,0.0,0.0,,,,,,,,,,,,,,,,,,,,,
200794,Paul Millsap,1610612737,ATL,31.0,37.03333333333333,6,12,0.5,0,2,0.0,6,6,1.0,3,6,9,2,2,0,0,1,3,6,18,-15,0.111,87.2,104.8,0.127,0.158,10.5,75,0.07,0.615,81.01,88.0,99.15,1.0,0.111,97.21,108.0,10.5,-20.0,-17.7,0.204,0.5,0.205,10.7,5.0,0.0,0.058,5.0,52.0,0.038,1.0,43.0,3.0,2.0,3.0,0.25,1.0,0.0,0.25,0.0,0.0,0.0,0.0,0.375,8.0,0.0,0.0,0.333,3.0,2.0,3.0,9.0,72.0,2.2,0.0,0.889,1.86,0.8,5.0,45.0,0.25,0.99,4.0,4.8,11.0,4.8,4.0,1.0,0.529,1.0,0.667,0.5,0.6,17.0,2.0,1.0,5.0,0.0,2.0,0.5,0.333,0.563,6.0,0.545,0.444,4.7,0.667,0.0,0.273,0.0,0.0,2.0,2.0,3.0,0.667,0.273,0.667,3.0,,4.0,0.364,0.0,0.75,0.0,3.0,0.364,4.0,0.75,,3.0,0.75,0.0,2.0,0.0,0.5,0.0,0.182,1.0,1.0,0.5,0.0,0.182,2.0,0.5,,0.182,0.0,0.0,0.0,2.0,0.182,,0.0,0.0,0.0,2.0,0.0,0.0,0.0,0.0,0.0,,,,0.0,0.0,4.0,0.0,0.0,0.5,0.5,0.0,1.0,0.0,8.0,0.0,0.0,0.5,0.0,0.0,2.0,1.0,0.0,1.0,0.0,0.0,0.0,0.0,5.0,0.0,0.0,0.0,0.0,1.0,0.0,2.0,1.0,6.0,0.833,146.0,78.0,0.429,0.534,0.602,-0.067,0.0,0.0,,0.714,,,0.0,0.0,0.0,5.0,0.0,0.333,,0.0,0.0,0.0,1.0,2.0,7.0,3.0,0.0,,,0.0,0.0,0.0,0.0,2.0,0.0,2.0,0.0,0.0,0.0,2016,21500360,20151214.0,2015-16,False,1.0,7.0,10.0,0.7,0.485,0.215,2.0,2.0,1.0,0.362,5.0,8.0,0.625,0.521,4.0,6.0,0.667,0.589,3.0,4.0,0.75,0.386,1.0,2.0,2.0,2.0,1.0,0.8,2.0,0.4,0.0,0.0,0.0,0.0,1.0,0.2,,,,,,,,,,,,,,,,,,,,,
200794,Paul Millsap,1610612737,ATL,31.0,32.096666666666664,5,10,0.5,1,3,0.333,3,4,0.75,1,7,8,2,6,0,0,1,3,4,14,-15,0.116,90.4,110.3,0.071,0.179,30.0,63,0.033,0.595,79.14,93.7,98.97,0.33,0.111,94.96,115.6,10.0,-22.0,-19.9,0.256,0.55,0.257,30.4,4.0,0.0,0.08,6.0,50.0,0.04,2.0,45.0,4.0,2.0,3.0,0.8,2.0,0.0,0.4,0.0,0.0,0.0,0.0,0.0,5.0,0.0,0.0,0.667,0.0,4.0,4.0,3.0,69.0,2.1,0.0,2.0,1.85,0.0,4.0,46.0,0.203,0.78,2.0,8.6,13.0,9.0,4.0,0.0,0.533,0.0,0.0,0.5,0.538,15.0,0.0,1.0,5.0,0.0,2.0,0.5,0.286,0.533,2.0,0.538,0.25,5.8,0.75,0.0,0.444,0.0,0.0,3.0,3.0,4.0,0.75,0.444,0.75,4.0,,2.0,0.222,0.0,0.5,0.0,1.0,0.222,2.0,0.5,,1.0,0.5,0.0,1.0,1.0,0.0,0.0,0.111,0.0,0.0,,0.111,0.0,0.0,0.0,0.0,0.222,1.0,0.0,0.0,2.0,0.222,,0.5,0.75,0.0,2.0,0.5,1.0,0.0,0.0,0.0,0.0,0.0,,0.0,1.0,0.0,0.0,0.0,0.0,0.55,0.333,1.0,3.0,6.0,0.0,0.0,0.0,0.0,0.0,2.0,3.0,0.333,0.0,0.0,0.0,0.0,0.0,4.0,0.0,0.0,1.0,0.0,0.0,0.0,1.0,0.0,4.0,1.0,59.0,32.0,0.393,0.542,0.595,-0.053,1.0,0.5,,1.0,,,0.0,2.0,0.0,4.0,0.0,0.0,,0.0,0.0,1.0,0.0,1.0,4.0,2.0,0.0,,,0.0,0.0,0.0,0.0,3.0,0.333,3.0,1.0,0.5,1.0,2016,21500129,20151113.0,2015-16,False,1.0,7.0,13.0,0.538,0.499,0.04,2.0,3.0,0.667,0.279,5.0,10.0,0.5,0.532,5.0,9.0,0.556,0.571,2.0,4.0,0.5,0.312,0.0,1.0,0.0,0.0,0.0,0.0,1.0,0.25,0.0,0.0,2.0,0.5,0.0,0.0,,,,,,,,,,,,,,,,,,,,,
200794,Paul Millsap,1610612737,ATL,31.0,35.2,9,15,0.6,3,5,0.6,1,2,0.5,2,3,5,6,3,2,2,0,1,5,22,1,0.078,105.1,106.6,0.159,0.097,12.5,72,0.061,0.693,82.39,109.7,101.15,2.0,0.25,98.86,106.8,25.0,2.9,-1.6,0.241,0.7,0.231,12.1,8.0,0.0,0.146,12.0,48.0,0.125,1.0,44.0,7.0,0.0,4.0,0.714,2.0,0.0,0.0,0.0,0.0,0.0,0.0,0.286,7.0,0.0,0.0,0.5,2.0,5.0,2.0,7.0,67.0,2.2,1.0,0.571,1.99,0.4,5.0,44.0,0.328,0.99,3.0,7.0,7.0,7.7,3.0,0.0,0.385,0.0,1.0,0.333,0.429,13.0,2.0,0.0,3.0,0.0,1.0,0.333,0.333,0.385,6.0,0.429,0.6,5.6,1.0,0.0,0.067,0.0,0.0,1.0,1.0,1.0,1.0,0.067,1.0,1.0,,8.0,0.533,0.0,0.625,0.0,5.0,0.533,8.0,0.625,,5.0,0.625,0.0,2.0,1.0,0.75,1.0,0.133,1.0,0.0,0.0,0.067,0.067,1.0,0.5,1.0,0.267,2.0,0.0,0.0,4.0,0.267,,0.5,0.75,0.0,4.0,0.5,2.0,0.0,1.0,0.0,0.0,0.0,0.0,0.0,1.0,2.0,1.0,2.0,0.5,0.7,0.6,0.5,9.0,4.0,0.0,0.0,0.0,0.0,0.5,2.0,5.0,0.6,0.0,0.0,0.0,0.0,1.0,5.0,0.0,0.0,3.0,0.0,0.0,0.0,1.0,0.0,7.0,0.714,44.0,26.0,0.367,0.591,0.602,-0.011,0.0,0.0,,0.714,0.0,,0.0,1.0,0.0,5.0,0.0,0.5,,0.0,0.0,0.0,1.0,4.0,7.0,2.0,0.75,0.0,0.0,3.0,0.0,0.0,1.0,5.0,0.75,4.0,3.0,0.9,3.0,2016,21500101,20151109.0,2015-16,False,1.0,6.0,10.0,0.6,0.453,0.147,1.0,2.0,0.5,0.384,5.0,8.0,0.625,0.469,3.0,4.0,0.75,0.557,3.0,6.0,0.5,0.389,1.0,2.0,0.0,0.0,0.0,0.4,2.0,0.4,0.0,0.0,1.0,0.2,0.0,0.0,,,,,,,,,,,,,,,,,,,,,
200794,Paul Millsap,1610612737,ATL,31.0,34.42166666666667,2,8,0.25,0,2,0.0,8,12,0.667,1,4,5,0,2,2,3,2,5,9,12,3,0.071,96.3,96.6,0.034,0.111,12.5,71,0.029,0.452,80.76,98.6,99.04,0.0,0.0,96.92,98.5,0.0,0.1,-0.3,0.202,0.25,0.205,13.1,3.0,0.0,0.0,0.0,31.0,0.0,0.0,33.0,0.0,0.0,2.0,1.0,1.0,0.25,0.0,0.0,2.0,2.0,0.0,0.25,4.0,1.0,1.0,0.5,1.0,4.0,5.0,4.0,48.0,1.9,0.4,1.0,2.37,0.0,0.0,33.0,0.25,1.29,2.0,6.9,8.0,4.9,3.0,1.0,0.333,1.0,0.0,0.143,0.571,15.0,0.0,1.0,4.0,0.0,2.0,0.143,0.5,0.357,7.0,0.5,0.4,15.2,,,,,,,,,,,,,,1.0,0.167,0.0,0.0,0.0,0.0,0.167,1.0,0.0,,0.0,0.0,0.0,3.0,1.0,0.667,0.0,0.5,2.0,2.0,1.0,0.167,0.333,2.0,0.667,0.0,0.333,0.0,0.0,0.167,1.0,0.167,0.0,0.0,0.0,1.0,2.0,0.0,0.0,0.0,1.0,0.0,0.0,0.0,0.0,0.0,1.0,0.0,0.5,2.0,0.0,0.25,0.333,0.5,2.0,4.0,0.0,0.0,0.0,0.0,0.5,2.0,2.0,0.0,0.0,0.0,0.0,0.0,1.0,1.0,0.0,0.0,0.0,0.0,0.0,0.0,1.0,0.0,3.0,0.333,359.0,204.0,0.416,0.568,0.603,-0.035,2.0,0.0,0.0,0.333,0.0,0.0,0.0,2.0,0.0,1.0,0.0,0.0,0.0,0.0,0.5,0.0,0.0,0.0,3.0,1.0,0.0,0.0,0.0,0.0,1.0,0.0,0.0,3.0,0.0,1.0,0.0,0.333,1.0,2016,21500959,20160310.0,2015-16,False,1.0,8.0,17.0,0.471,0.434,0.037,2.0,6.0,0.333,0.353,6.0,11.0,0.545,0.476,5.0,8.0,0.625,0.527,3.0,8.0,0.375,0.367,0.0,0.0,0.0,0.0,0.0,0.0,0.0,0.0,0.0,0.0,0.0,0.0,0.0,0.0,,,,,,,,,,,,,,,,,,,,,
200794,Paul Millsap,1610612737,ATL,31.0,39.725,6,19,0.316,0,3,0.0,5,8,0.625,8,5,13,3,2,2,4,1,3,8,17,-16,0.151,98.0,119.6,0.084,0.128,7.4,73,0.17,0.377,74.51,101.4,91.06,1.5,0.143,89.41,120.0,11.1,-18.6,-21.6,0.271,0.316,0.264,7.3,7.0,0.0,0.085,8.0,47.0,0.064,1.0,49.0,4.0,0.0,3.0,0.0,0.0,0.0,0.0,0.0,0.0,0.0,0.0,0.2,5.0,0.0,0.0,0.0,1.0,0.0,4.0,13.0,73.0,2.1,1.0,0.692,1.74,0.5,4.0,54.0,0.233,0.78,9.0,5.3,8.0,3.5,3.0,0.0,0.591,1.0,0.875,0.571,0.625,22.0,7.0,0.0,3.0,1.0,2.0,0.615,0.4,0.619,14.0,0.625,0.692,6.5,0.6,0.0,0.278,0.0,0.0,3.0,3.0,5.0,0.6,0.278,0.6,5.0,,7.0,0.389,0.0,0.429,0.0,3.0,0.389,7.0,0.429,,3.0,0.429,0.0,2.0,0.0,0.0,0.0,0.111,0.0,0.0,0.0,0.0,0.111,2.0,0.0,,0.222,0.0,0.0,0.056,3.0,0.167,0.0,0.0,0.0,1.0,4.0,0.0,0.0,0.0,0.0,0.0,0.0,0.0,,0.0,3.0,2.0,0.667,4.0,0.0,0.316,0.0,0.375,0.0,9.0,0.0,0.0,0.0,0.0,0.2,5.0,2.0,0.0,0.0,0.0,0.0,0.0,1.0,5.0,0.0,1.0,0.0,0.0,1.0,0.0,3.0,0.0,8.0,0.625,58.0,35.0,0.453,0.603,0.594,0.01,0.0,0.0,0.0,0.667,0.0,0.0,0.0,2.0,0.0,6.0,0.0,0.0,0.0,0.0,0.0,0.0,0.0,1.0,9.0,3.0,0.0,0.0,0.0,0.0,0.0,0.0,4.0,3.0,0.0,3.0,0.0,0.0,0.0,2016,41500201,20160502.0,2015-16,True,1.0,6.0,22.0,0.273,0.469,-0.197,1.0,6.0,0.167,0.383,5.0,16.0,0.313,0.532,5.0,13.0,0.385,0.595,1.0,8.0,0.125,0.388,0.0,1.0,2.0,2.0,1.0,0.5,2.0,0.5,0.0,0.0,0.0,0.0,1.0,0.25,16.0,10.0,6.0,2.0,0.0,3.0,7.0,0.0,0.0,3.0,0.0,0.0,0.0,0.0,0.0,0.0,0.0,0.0,0.0,0.0,0.0
200794,Paul Millsap,1610612737,ATL,31.0,41.208333333333336,12,22,0.545,2,4,0.5,3,3,1.0,3,9,12,3,3,2,1,2,5,3,29,13,0.128,103.4,94.1,0.17,0.184,10.3,89,0.067,0.622,85.9,107.9,105.44,1.0,0.136,103.09,94.3,10.3,13.5,9.4,0.269,0.591,0.265,10.2,6.0,0.0,0.078,9.0,51.0,0.059,1.0,53.0,4.0,0.0,6.0,0.9,4.0,0.0,0.0,0.1,0.0,0.0,1.0,0.3,10.0,0.0,0.0,0.667,3.0,9.0,7.0,7.0,78.0,2.9,0.571,1.143,2.22,0.5,4.0,55.0,0.372,1.06,5.0,5.1,18.0,4.0,5.0,1.0,0.48,1.0,0.333,0.429,0.529,25.0,1.0,1.0,6.0,0.0,4.0,0.429,0.444,0.5,7.0,0.5,0.417,9.7,0.0,0.0,0.1,0.0,0.0,0.0,0.0,2.0,0.0,0.1,0.0,2.0,,8.0,0.4,1.0,0.625,0.05,5.0,0.45,9.0,0.556,0.0,5.0,0.556,0.0,4.0,1.0,0.875,1.0,0.2,3.0,2.0,0.667,0.05,0.15,3.0,0.75,1.0,0.25,1.0,3.0,0.15,2.0,0.1,1.0,0.5,0.9,3.0,5.0,0.8,4.0,0.0,1.0,0.0,0.0,0.0,0.0,0.0,4.0,2.0,0.5,4.0,0.0,0.591,0.8,0.5,10.0,8.0,0.0,0.0,0.5,0.0,0.5,4.0,4.0,0.5,0.0,0.0,0.0,0.0,2.0,6.0,0.0,0.0,2.0,0.0,0.0,0.0,4.0,2.0,10.0,0.6,440.0,243.0,0.426,0.552,0.603,-0.051,3.0,0.0,0.0,0.545,0.0,0.0,0.0,0.0,0.5,6.0,0.0,1.0,0.0,0.0,0.333,0.0,2.0,4.0,11.0,2.0,0.5,0.0,0.0,2.0,1.0,1.0,2.0,5.0,0.667,3.0,2.0,1.0,4.0,2016,21501131,20160401.0,2015-16,False,1.0,7.0,17.0,0.412,0.454,-0.042,3.0,8.0,0.375,0.367,4.0,9.0,0.444,0.509,4.0,7.0,0.571,0.545,3.0,8.0,0.375,0.382,0.0,1.0,2.0,2.0,1.0,0.5,2.0,0.5,0.0,0.0,0.0,0.0,1.0,0.25,,,,,,,,,,,,,,,,,,,,,
200794,Paul Millsap,1610612737,ATL,31.0,32.615,6,12,0.5,0,1,0.0,2,2,1.0,4,10,14,3,5,5,4,1,5,3,14,-17,0.184,75.4,98.1,0.173,0.278,23.8,71,0.1,0.543,87.08,77.5,107.67,0.6,0.188,104.49,101.4,14.3,-23.9,-22.8,0.229,0.5,0.228,23.9,9.0,1.0,0.1,9.0,50.0,0.06,1.0,37.0,5.0,0.0,1.0,0.0,0.0,0.0,0.0,0.2,0.0,0.0,1.0,0.4,5.0,0.0,0.0,0.0,2.0,0.0,6.0,9.0,70.0,2.8,0.667,0.222,2.42,0.667,3.0,41.0,0.2,1.67,7.0,3.8,14.0,3.5,6.0,2.0,0.667,2.0,0.75,0.571,0.833,21.0,3.0,1.0,7.0,0.0,4.0,0.571,0.4,0.737,7.0,0.714,0.5,4.4,1.0,0.0,0.182,0.0,0.0,2.0,2.0,2.0,1.0,0.182,1.0,2.0,,4.0,0.364,0.0,0.5,0.0,2.0,0.364,4.0,0.5,,2.0,0.5,0.0,3.0,0.0,0.333,0.0,0.273,1.0,1.0,0.333,0.0,0.273,3.0,0.333,,0.182,0.0,1.0,0.091,1.0,0.091,1.0,0.0,0.5,1.0,2.0,0.5,1.0,1.0,0.0,2.0,0.5,0.5,,0.0,2.0,2.0,0.5,4.0,0.0,0.5,0.0,0.5,0.0,2.0,0.0,0.0,1.0,0.0,0.333,6.0,1.0,0.0,0.0,0.0,0.0,0.0,2.0,3.0,0.0,0.0,0.0,0.0,0.0,0.0,1.0,1.0,4.0,0.75,261.0,142.0,0.439,0.544,0.601,-0.057,1.0,0.0,,0.6,,,0.0,0.0,0.0,3.0,0.0,0.5,,0.0,1.0,0.0,2.0,1.0,5.0,4.0,0.0,,,0.0,1.0,0.0,1.0,1.0,0.0,1.0,0.0,0.0,0.0,2016,21500643,20160121.0,2015-16,False,1.0,6.0,13.0,0.462,0.51,-0.048,1.0,1.0,1.0,0.332,5.0,12.0,0.417,0.539,5.0,11.0,0.455,0.572,1.0,2.0,0.5,0.383,0.0,1.0,2.0,2.0,1.0,0.667,0.0,0.0,0.0,0.0,1.0,0.333,1.0,0.333,,,,,,,,,,,,,,,,,,,,,
200794,Paul Millsap,1610612737,ATL,31.0,35.81666666666667,7,13,0.538,0,2,0.0,6,9,0.667,2,9,11,5,1,3,1,1,3,5,20,-4,0.129,100.1,107.1,0.18,0.191,4.3,73,0.053,0.59,81.53,101.4,98.34,5.0,0.25,97.83,106.8,21.7,-5.5,-7.0,0.228,0.538,0.228,4.4,9.0,0.0,0.116,13.0,43.0,0.116,0.0,36.0,5.0,0.0,1.0,2.0,1.0,0.667,0.0,0.0,4.0,4.0,0.0,0.0,3.0,1.0,2.0,1.0,0.0,6.0,5.0,8.0,61.0,1.9,0.4,1.125,1.91,0.0,5.0,38.0,0.328,0.98,4.0,6.5,14.0,7.2,7.0,0.0,0.5,0.0,1.0,0.25,0.643,22.0,2.0,0.0,7.0,0.0,2.0,0.25,0.222,0.5,8.0,0.643,0.364,3.6,1.0,0.0,0.083,0.0,0.0,1.0,1.0,1.0,1.0,0.083,1.0,1.0,,6.0,0.5,0.0,0.667,0.0,4.0,0.5,6.0,0.667,,4.0,0.667,0.0,2.0,0.0,0.5,0.0,0.167,1.0,1.0,0.5,0.0,0.167,2.0,0.5,,0.25,0.0,1.0,0.083,2.0,0.167,1.0,0.0,0.333,1.0,3.0,0.333,1.0,0.0,0.0,0.0,,,,0.0,0.0,0.0,1.0,2.0,0.0,0.538,0.25,0.8,2.0,9.0,0.0,0.0,0.5,0.0,0.333,3.0,1.0,0.0,0.0,0.0,0.0,0.0,1.0,5.0,0.0,1.0,0.0,0.0,1.0,0.0,2.0,1.0,6.0,0.833,127.0,66.0,0.419,0.52,0.596,-0.076,2.0,0.0,,0.857,0.0,,0.0,0.0,0.0,6.0,0.0,0.0,,0.0,0.5,0.0,0.0,2.0,7.0,2.0,0.0,0.0,0.0,0.0,1.0,0.0,0.0,4.0,0.0,2.0,0.0,0.25,1.0,2016,21500328,20151209.0,2015-16,False,1.0,9.0,20.0,0.45,0.444,0.006,2.0,6.0,0.333,0.319,7.0,14.0,0.5,0.484,3.0,4.0,0.75,0.52,4.0,12.0,0.333,0.388,0.0,1.0,0.0,0.0,0.0,0.0,4.0,0.8,0.0,0.0,0.0,0.0,0.0,0.0,,,,,,,,,,,,,,,,,,,,,
200794,Paul Millsap,1610612737,ATL,31.0,38.3,9,17,0.529,2,5,0.4,4,5,0.8,2,5,7,2,3,4,1,1,3,3,24,-1,0.085,89.7,92.2,0.196,0.111,12.5,76,0.054,0.625,80.42,94.7,99.89,0.67,0.125,96.5,93.6,8.3,1.1,-2.5,0.254,0.588,0.25,12.4,10.0,1.0,0.068,4.0,59.0,0.034,1.0,53.0,4.0,0.0,1.0,0.75,1.0,0.0,0.0,0.0,0.0,0.0,0.0,0.75,4.0,0.0,0.0,1.0,3.0,3.0,10.0,7.0,82.0,2.7,0.5,1.286,1.99,0.667,3.0,56.0,0.293,0.89,2.0,5.9,11.0,4.0,4.0,0.0,0.333,0.0,0.5,0.2,0.455,21.0,1.0,1.0,5.0,0.0,1.0,0.2,0.2,0.333,10.0,0.455,0.286,10.6,0.6,0.0,0.313,0.0,0.0,3.0,3.0,5.0,0.6,0.313,0.6,5.0,,6.0,0.375,0.0,0.667,0.0,4.0,0.375,6.0,0.667,,4.0,0.667,0.0,1.0,1.0,1.5,1.0,0.063,1.0,0.0,,0.063,0.0,0.0,1.0,1.0,0.25,1.0,0.0,0.0,4.0,0.25,,0.25,0.375,0.0,4.0,0.25,1.0,0.0,0.0,0.0,,,,0.0,0.0,2.0,0.667,5.0,0.0,0.588,0.333,0.8,6.0,9.0,1.0,0.0,0.0,1.0,0.5,2.0,4.0,0.25,0.0,1.0,0.0,0.0,1.0,6.0,1.0,1.0,1.0,0.0,1.0,0.0,1.0,0.0,9.0,0.667,185.0,101.0,0.426,0.546,0.601,-0.055,1.0,0.5,,0.7,0.0,,0.0,2.0,0.0,7.0,0.0,0.0,,0.0,0.0,1.0,0.0,3.0,10.0,1.0,0.333,0.0,0.0,1.0,0.0,0.0,0.0,6.0,0.4,5.0,2.0,0.5,2.0,2016,21500459,20151228.0,2015-16,False,1.0,9.0,22.0,0.409,0.486,-0.077,1.0,4.0,0.25,0.348,8.0,18.0,0.444,0.517,8.0,11.0,0.727,0.58,1.0,9.0,0.111,0.358,0.0,1.0,2.0,2.0,1.0,0.667,1.0,0.333,0.0,0.0,0.0,0.0,1.0,0.333,,,,,,,,,,,,,,,,,,,,,
200794,Paul Millsap,1610612737,ATL,31.0,27.313333333333333,6,9,0.667,0,0,0.0,1,3,0.333,2,10,12,6,1,1,2,1,1,2,13,9,0.207,96.7,75.9,0.275,0.278,5.9,54,0.091,0.63,79.08,96.3,97.01,6.0,0.353,94.9,79.6,35.3,16.7,20.8,0.196,0.667,0.19,5.8,8.0,0.0,0.14,14.0,43.0,0.14,0.0,38.0,6.0,1.0,3.0,1.0,2.0,0.2,0.2,0.0,2.0,0.0,0.0,0.0,5.0,0.0,1.0,0.667,0.0,5.0,3.0,3.0,56.0,2.1,0.667,0.667,2.23,0.667,3.0,37.0,0.232,1.5,5.0,6.0,15.0,4.6,5.0,1.0,0.667,1.0,0.5,0.667,0.714,18.0,1.0,1.0,6.0,0.0,4.0,0.667,0.4,0.706,3.0,0.667,0.417,12.1,1.0,0.0,0.25,0.0,0.0,2.0,2.0,2.0,1.0,0.25,1.0,2.0,,2.0,0.25,0.0,0.5,0.0,1.0,0.25,2.0,0.5,,1.0,0.5,0.0,3.0,0.0,0.667,0.0,0.375,2.0,2.0,0.667,0.0,0.375,3.0,0.667,,0.125,0.0,1.0,0.125,0.0,0.0,1.0,,1.0,1.0,1.0,1.0,1.0,0.0,,0.0,0.0,0.0,,,1.0,2.0,0.5,2.0,1.0,0.667,0.0,0.5,0.0,2.0,0.0,,0.0,0.0,0.667,3.0,0.0,0.0,0.0,0.0,0.0,0.0,2.0,4.0,0.0,0.0,0.0,,0.0,,1.0,0.0,5.0,0.8,245.0,133.0,0.438,0.543,0.602,-0.059,1.0,0.0,,0.8,,,,0.0,0.5,4.0,,1.0,,,0.0,0.0,1.0,0.0,5.0,1.0,0.0,,,0.0,0.0,1.0,2.0,0.0,,,,,0.0,2016,21500620,20160118.0,2015-16,False,1.0,4.0,11.0,0.364,0.452,-0.088,0.0,3.0,0.0,0.342,4.0,8.0,0.5,0.499,3.0,6.0,0.5,0.545,1.0,5.0,0.2,0.391,1.0,1.0,0.0,0.0,0.0,0.667,1.0,0.333,1.0,0.333,0.0,0.0,0.0,0.0,,,,,,,,,,,,,,,,,,,,,
200794,Paul Millsap,1610612737,ATL,31.0,27.183333333333334,7,12,0.583,1,2,0.5,5,5,1.0,1,4,5,2,2,0,1,1,4,6,20,-16,0.089,83.0,110.3,0.19,0.167,11.1,55,0.031,0.704,82.4,87.3,102.31,1.0,0.2,98.88,112.3,11.1,-25.0,-27.3,0.258,0.625,0.258,11.0,4.0,0.0,0.081,5.0,37.0,0.054,1.0,39.0,3.0,0.0,1.0,0.5,0.0,0.25,0.0,0.25,2.0,2.0,1.0,0.25,4.0,1.0,1.0,0.0,1.0,2.0,4.0,3.0,53.0,1.6,1.0,1.667,1.77,0.5,4.0,39.0,0.377,0.87,0.0,8.8,8.0,8.1,4.0,0.0,0.385,0.0,0.0,0.2,0.5,13.0,0.0,1.0,5.0,0.0,0.0,0.2,0.0,0.385,5.0,0.5,0.0,11.7,1.0,0.0,0.273,0.0,0.0,3.0,3.0,3.0,1.0,0.273,1.0,3.0,,4.0,0.364,0.0,0.5,0.0,2.0,0.364,4.0,0.5,,2.0,0.5,0.0,2.0,1.0,0.75,1.0,0.182,1.0,0.0,0.0,0.091,0.091,1.0,0.5,1.0,0.182,0.0,1.0,0.091,1.0,0.091,1.0,0.0,0.5,1.0,2.0,0.5,1.0,1.0,0.0,2.0,1.0,1.0,,0.0,1.0,2.0,1.0,4.0,0.5,0.625,0.5,1.0,5.0,5.0,0.0,,0.667,,0.0,2.0,2.0,0.5,0.0,0.0,0.0,0.0,0.0,4.0,,,1.0,,0.0,,3.0,2.0,5.0,0.8,216.0,120.0,0.422,0.556,0.601,-0.045,2.0,0.5,,0.8,,,,2.0,0.5,4.0,,0.0,,,0.5,1.0,0.0,0.0,5.0,1.0,0.0,,,0.0,1.0,1.0,2.0,4.0,0.5,2.0,1.0,0.625,2.0,2016,21500577,20160113.0,2015-16,False,1.0,3.0,7.0,0.429,0.468,-0.039,1.0,2.0,0.5,0.367,2.0,5.0,0.4,0.504,2.0,4.0,0.5,0.571,1.0,3.0,0.333,0.369,1.0,2.0,0.0,0.0,0.0,0.5,1.0,0.25,0.0,0.0,1.0,0.25,0.0,0.0,,,,,,,,,,,,,,,,,,,,,
200794,Paul Millsap,1610612737,ATL,31.0,35.465,4,12,0.333,1,3,0.333,2,2,1.0,3,8,11,3,2,1,6,2,2,2,11,2,0.117,100.6,93.6,0.11,0.154,11.1,75,0.071,0.427,84.59,100.0,103.21,1.5,0.143,101.51,97.3,16.7,2.7,7.0,0.182,0.375,0.181,11.2,9.0,1.0,0.08,8.0,50.0,0.06,0.0,46.0,4.0,0.0,1.0,0.4,1.0,0.0,0.0,0.0,0.0,0.0,0.0,0.6,5.0,0.0,0.0,1.0,3.0,2.0,5.0,5.0,67.0,2.4,0.0,0.4,2.14,0.0,4.0,46.0,0.164,1.1,7.0,6.7,21.0,6.7,3.0,2.0,0.407,2.0,0.667,0.5,0.421,27.0,2.0,1.0,4.0,0.0,5.0,0.5,0.625,0.44,6.0,0.381,0.636,6.5,0.0,0.0,0.1,0.0,0.0,0.0,0.0,1.0,0.0,0.1,0.0,1.0,,3.0,0.3,0.0,0.667,0.0,2.0,0.3,3.0,0.667,,2.0,0.667,0.0,3.0,1.0,0.0,0.0,0.3,0.0,0.0,0.0,0.1,0.2,2.0,0.0,0.0,0.3,1.0,1.0,0.1,2.0,0.2,1.0,0.5,0.833,1.0,3.0,0.667,2.0,0.0,0.0,0.0,0.0,0.0,,0.0,2.0,0.0,0.0,0.0,0.0,0.375,0.5,0.5,7.0,2.0,0.0,0.0,0.2,0.0,0.5,2.0,2.0,0.5,0.0,0.0,0.0,0.0,1.0,1.0,0.0,1.0,1.0,0.0,1.0,0.0,5.0,1.0,2.0,0.5,427.0,237.0,0.424,0.555,0.603,-0.048,1.0,1.0,,0.5,,,0.0,1.0,0.0,1.0,0.0,0.333,,0.0,0.0,1.0,1.0,3.0,2.0,3.0,0.333,,,1.0,0.0,0.0,2.0,5.0,0.333,3.0,1.0,0.5,2.0,2016,21501099,20160328.0,2015-16,False,1.0,9.0,21.0,0.429,0.468,-0.04,2.0,4.0,0.5,0.342,7.0,17.0,0.412,0.484,6.0,15.0,0.4,0.533,3.0,6.0,0.5,0.395,0.0,3.0,0.0,0.0,0.0,0.0,0.0,0.0,0.0,0.0,1.0,0.25,0.0,0.0,,,,,,,,,,,,,,,,,,,,,
200794,Paul Millsap,1610612737,ATL,31.0,34.221666666666664,7,11,0.636,0,2,0.0,8,10,0.8,1,11,12,1,4,2,1,0,4,6,22,0,0.2,118.5,120.4,0.139,0.355,19.0,72,0.034,0.714,83.57,118.1,99.84,0.25,0.048,100.29,119.7,4.8,-1.7,-1.9,0.253,0.636,0.256,19.6,8.0,2.0,0.054,5.0,56.0,0.018,0.0,51.0,3.0,0.0,2.0,1.2,2.0,0.2,0.0,0.0,2.0,2.0,0.0,0.4,5.0,1.0,1.0,1.0,2.0,6.0,6.0,4.0,75.0,2.7,0.667,1.0,2.17,0.875,8.0,51.0,0.293,1.15,5.0,3.5,14.0,3.3,7.0,0.0,0.8,0.0,1.0,1.0,0.786,15.0,1.0,0.0,7.0,0.0,4.0,1.0,0.364,0.8,1.0,0.786,0.417,5.0,1.0,0.0,0.091,0.0,0.0,1.0,1.0,1.0,1.0,0.091,1.0,1.0,,5.0,0.455,0.0,0.6,0.0,3.0,0.455,5.0,0.6,,3.0,0.6,0.0,3.0,1.0,0.667,0.0,0.273,2.0,2.0,1.0,0.091,0.182,2.0,0.667,0.0,0.182,0.0,1.0,0.091,1.0,0.091,1.0,0.0,0.5,1.0,2.0,0.5,1.0,0.0,0.0,0.0,0.0,0.0,,0.0,1.0,7.0,0.667,4.0,1.0,0.636,0.25,0.5,2.0,4.0,0.0,0.0,0.667,0.0,0.75,4.0,2.0,0.0,0.0,0.0,0.0,0.0,3.0,2.0,0.0,0.0,0.0,0.0,0.0,0.0,3.0,2.0,2.0,1.0,34.0,19.0,0.374,0.559,0.595,-0.036,1.0,0.0,0.0,1.0,,0.0,0.0,1.0,0.5,2.0,0.0,0.75,0.0,0.0,1.0,0.0,3.0,1.0,2.0,4.0,0.0,,,0.0,1.0,1.0,2.0,4.0,0.0,2.0,0.0,0.25,1.0,2016,21500081,20151106.0,2015-16,False,1.0,5.0,11.0,0.455,0.433,0.021,2.0,6.0,0.333,0.365,3.0,5.0,0.6,0.47,3.0,5.0,0.6,0.499,2.0,6.0,0.333,0.39,1.0,1.0,5.0,6.0,0.833,0.875,2.0,0.25,0.0,0.0,2.0,0.25,3.0,0.375,,,,,,,,,,,,,,,,,,,,,
200794,Paul Millsap,1610612737,ATL,31.0,36.63,10,18,0.556,1,4,0.25,7,8,0.875,1,5,6,2,3,1,2,1,2,5,28,6,0.094,114.9,102.5,0.173,0.156,11.1,68,0.031,0.651,73.71,113.2,89.32,0.67,0.111,88.45,106.0,7.4,7.3,12.4,0.327,0.583,0.329,11.3,6.0,1.0,0.1,7.0,40.0,0.05,1.0,46.0,4.0,0.0,1.0,0.0,0.0,0.0,0.0,0.25,0.0,0.0,1.0,0.5,4.0,0.0,0.0,0.0,2.0,0.0,5.0,10.0,65.0,2.0,0.8,1.1,1.84,0.286,7.0,47.0,0.431,1.17,0.0,8.9,10.0,7.9,5.0,2.0,0.462,2.0,0.0,0.333,0.625,13.0,0.0,1.0,6.0,0.0,0.0,0.333,0.0,0.545,3.0,0.5,0.0,14.0,,,,,,,,,,,,,,7.0,0.412,0.0,0.714,0.0,5.0,0.412,7.0,0.714,,5.0,0.714,0.0,4.0,0.0,0.75,0.0,0.235,3.0,3.0,0.75,0.0,0.235,4.0,0.75,,0.353,1.0,1.0,0.118,4.0,0.235,0.5,0.25,0.417,2.0,6.0,0.333,2.0,0.0,0.0,0.0,0.0,0.0,,0.0,2.0,2.0,0.5,4.0,0.0,0.583,0.429,1.0,7.0,11.0,0.0,0.0,0.5,0.0,1.0,1.0,4.0,0.25,0.0,0.0,0.0,0.0,1.0,5.0,0.0,0.0,1.0,0.0,0.0,0.0,6.0,3.0,7.0,0.714,64.0,35.0,0.393,0.547,0.6,-0.053,3.0,0.0,,0.714,,,0.0,1.0,0.5,5.0,0.0,1.0,,0.0,0.333,0.0,1.0,4.0,7.0,1.0,0.5,,,2.0,1.0,1.0,2.0,7.0,0.25,4.0,1.0,0.5,3.0,2016,21500148,20151115.0,2015-16,False,1.0,7.0,13.0,0.538,0.503,0.035,,,,,7.0,13.0,0.538,0.51,4.0,7.0,0.571,0.599,2.0,4.0,0.5,0.321,0.0,2.0,2.0,2.0,1.0,0.286,3.0,0.429,0.0,0.0,0.0,0.0,1.0,0.143,,,,,,,,,,,,,,,,,,,,,
200794,Paul Millsap,1610612737,ATL,31.0,13.283333333333331,1,4,0.25,0,1,0.0,2,2,1.0,0,5,5,0,2,1,0,1,0,2,4,3,0.208,107.4,97.5,0.093,0.417,28.6,26,0.0,0.41,78.29,107.7,93.45,0.0,0.0,93.95,96.2,0.0,11.5,9.9,0.254,0.25,0.25,29.1,0.0,0.0,0.13,0.0,23.0,0.0,3.0,20.0,3.0,1.0,2.0,1.0,1.0,0.25,0.25,0.0,2.0,2.0,0.0,0.0,4.0,1.0,1.0,0.5,0.0,4.0,2.0,1.0,32.0,1.5,0.0,0.0,2.76,0.0,1.0,20.0,0.125,1.69,3.0,3.1,7.0,3.1,2.0,0.0,0.556,0.0,0.0,0.0,0.714,9.0,0.0,0.0,2.0,0.0,3.0,0.0,0.6,0.556,2.0,0.714,0.6,0.0,,,,,,,,,,,,,,2.0,0.667,0.0,0.5,0.0,1.0,0.667,2.0,0.5,,1.0,0.5,0.0,,,,,,,,,,,,,,0.333,0.0,0.0,0.0,1.0,0.333,,0.0,0.0,0.0,1.0,0.0,0.0,0.0,0.0,0.0,,,,0.0,0.0,0.0,0.0,0.0,0.0,0.25,0.0,0.0,0.0,0.0,0.0,,0.0,,0.0,1.0,1.0,0.0,0.0,0.0,0.0,0.0,0.0,1.0,,,0.0,,0.0,,1.0,0.0,1.0,1.0,269.0,146.0,0.432,0.543,0.601,-0.058,0.0,0.0,,1.0,0.0,,,0.0,0.0,1.0,,0.0,,,0.0,0.0,0.0,1.0,1.0,2.0,0.0,0.0,0.0,0.0,0.0,0.0,0.0,1.0,0.0,1.0,0.0,0.0,0.0,2016,21500692,20160128.0,2015-16,False,1.0,1.0,2.0,0.5,0.494,0.006,,,,,1.0,2.0,0.5,0.503,,,,,,,,,0.0,1.0,0.0,0.0,0.0,0.0,0.0,0.0,0.0,0.0,0.0,0.0,0.0,0.0,,,,,,,,,,,,,,,,,,,,,
200794,Paul Millsap,1610612737,ATL,31.0,35.233333333333334,9,20,0.45,1,3,0.333,3,4,0.75,8,5,13,4,3,1,5,2,4,5,22,12,0.178,123.0,107.5,0.132,0.167,10.7,77,0.186,0.506,87.42,123.4,105.2,1.33,0.16,104.9,107.8,14.3,15.6,15.5,0.266,0.475,0.258,10.4,7.0,0.0,0.073,11.0,55.0,0.073,0.0,55.0,4.0,0.0,5.0,1.429,4.0,0.143,0.0,0.0,2.0,1.0,0.0,0.143,7.0,0.5,1.0,0.8,1.0,10.0,4.0,17.0,84.0,2.5,0.75,0.353,1.79,0.4,5.0,60.0,0.262,0.52,7.0,4.2,9.0,6.8,5.0,1.0,0.619,1.0,0.875,0.667,0.625,21.0,7.0,1.0,6.0,0.0,0.0,0.667,0.0,0.65,12.0,0.556,0.538,2.6,0.6,0.0,0.278,0.0,0.0,3.0,3.0,5.0,0.6,0.278,0.6,5.0,,6.0,0.333,0.0,0.5,0.0,3.0,0.333,6.0,0.5,,3.0,0.5,0.0,3.0,0.0,0.333,0.0,0.167,1.0,1.0,0.333,0.0,0.167,3.0,0.333,,0.222,1.0,1.0,0.056,3.0,0.167,1.0,0.333,0.625,1.0,4.0,0.5,2.0,0.0,0.0,0.0,0.0,0.0,,0.0,1.0,2.0,0.5,3.0,0.0,0.475,0.5,0.286,5.0,6.0,0.0,0.0,0.5,0.0,0.0,3.0,3.0,0.333,0.0,0.0,0.0,0.0,0.0,7.0,0.0,0.0,1.0,0.0,0.0,0.0,2.0,1.0,12.0,0.583,191.0,102.0,0.424,0.534,0.602,-0.068,0.0,0.0,,0.5,0.0,,0.0,0.0,0.0,7.0,0.0,0.0,,0.0,0.0,0.0,0.0,4.0,14.0,1.0,0.5,0.0,0.0,2.0,0.0,0.0,1.0,4.0,0.333,3.0,1.0,0.625,2.0,2016,21500470,20151229.0,2015-16,False,1.0,7.0,16.0,0.438,0.487,-0.05,4.0,5.0,0.8,0.329,3.0,11.0,0.273,0.544,2.0,10.0,0.2,0.571,4.0,5.0,0.8,0.335,0.0,3.0,2.0,2.0,1.0,0.4,1.0,0.2,0.0,0.0,0.0,0.0,1.0,0.2,,,,,,,,,,,,,,,,,,,,,
200794,Paul Millsap,1610612737,ATL,31.0,34.3,1,12,0.083,0,5,0.0,2,2,1.0,0,7,7,1,5,0,4,3,2,3,4,19,0.089,88.5,64.9,-0.044,0.163,26.3,71,0.0,0.155,82.22,93.0,102.86,0.2,0.048,98.66,67.1,5.3,25.8,23.6,0.233,0.083,0.234,26.5,4.0,0.0,0.022,3.0,46.0,0.022,0.0,42.0,1.0,0.0,0.0,0.0,0.0,0.0,0.0,0.0,0.0,0.0,0.0,1.0,1.0,0.0,0.0,0.0,1.0,0.0,3.0,8.0,63.0,2.1,0.0,0.25,1.96,0.0,7.0,41.0,0.063,0.92,2.0,3.4,14.0,3.4,5.0,3.0,0.412,3.0,0.0,0.0,0.636,17.0,0.0,0.0,5.0,0.0,2.0,0.0,0.286,0.5,3.0,0.5,0.286,0.0,0.5,0.0,0.222,0.0,0.0,1.0,1.0,2.0,0.5,0.222,0.5,2.0,,2.0,0.222,1.0,0.0,0.111,0.0,0.333,3.0,0.0,0.0,0.0,0.0,0.0,1.0,1.0,0.0,0.0,0.111,0.0,0.0,,0.111,0.0,0.0,0.0,0.0,0.333,0.0,0.0,0.0,3.0,0.333,,0.0,0.0,0.0,3.0,0.0,0.0,0.0,0.0,0.0,0.0,0.0,,0.0,2.0,0.0,0.0,0.0,0.0,0.083,0.0,0.25,0.0,2.0,0.0,0.0,0.0,0.0,0.0,1.0,3.0,0.0,2.0,0.0,0.0,0.0,0.0,1.0,0.0,0.0,0.0,0.0,2.0,0.0,2.0,0.0,4.0,0.25,14.0,8.0,0.333,0.571,0.593,-0.021,1.0,0.0,,0.25,,,0.0,1.0,0.0,1.0,0.0,0.0,,0.0,0.0,0.0,0.0,4.0,4.0,0.0,0.0,,,0.0,0.0,0.0,2.0,4.0,0.0,4.0,0.0,0.0,0.0,2016,41500132,20160419.0,2015-16,True,1.0,3.0,19.0,0.158,0.43,-0.272,0.0,4.0,0.0,0.346,3.0,15.0,0.2,0.47,2.0,8.0,0.25,0.51,1.0,11.0,0.091,0.35,0.0,3.0,0.0,0.0,0.0,0.0,1.0,0.143,1.0,0.143,2.0,0.286,0.0,0.0,18.0,15.0,3.0,1.0,0.0,2.0,4.0,0.0,0.0,1.0,0.0,0.0,0.0,0.0,0.0,0.0,0.0,0.0,0.0,0.0,0.0
200794,Paul Millsap,1610612737,ATL,31.0,36.2,6,17,0.353,2,6,0.333,5,5,1.0,4,3,7,2,4,1,0,1,4,6,19,-3,0.093,111.2,117.9,0.059,0.086,16.0,68,0.1,0.495,76.24,114.7,92.08,0.5,0.087,91.49,115.7,8.0,-1.0,-6.7,0.279,0.412,0.28,15.9,6.0,0.0,0.067,4.0,45.0,0.044,1.0,46.0,3.0,2.0,4.0,0.25,1.0,0.0,0.25,0.0,0.0,0.0,0.0,0.25,8.0,0.0,0.0,0.25,2.0,2.0,2.0,6.0,67.0,2.2,0.0,1.0,1.93,0.333,6.0,48.0,0.284,0.9,4.0,7.5,9.0,5.5,2.0,1.0,0.389,1.0,0.75,0.444,0.375,18.0,3.0,1.0,3.0,0.0,1.0,0.444,0.333,0.412,9.0,0.333,0.571,9.0,0.25,0.0,0.25,0.0,0.0,1.0,1.0,4.0,0.25,0.25,0.25,4.0,,5.0,0.313,0.0,0.6,0.0,3.0,0.313,5.0,0.6,,3.0,0.6,0.0,3.0,2.0,0.0,0.0,0.188,0.0,0.0,0.0,0.125,0.063,1.0,0.0,0.0,0.25,2.0,0.0,0.0,4.0,0.25,,0.5,0.75,0.0,4.0,0.5,2.0,0.0,0.0,0.0,,,,0.0,0.0,2.0,0.0,0.0,0.25,0.412,0.286,0.75,6.0,6.0,0.0,0.0,0.0,0.0,0.167,6.0,5.0,0.4,0.0,0.0,0.0,0.0,1.0,3.0,0.0,1.0,2.0,0.0,1.0,0.0,1.0,0.0,4.0,0.75,197.0,107.0,0.414,0.543,0.601,-0.058,1.0,0.5,0.0,0.5,0.0,0.0,0.0,2.0,0.0,3.0,0.0,0.25,0.0,0.0,0.0,1.0,1.0,4.0,6.0,4.0,0.25,0.0,0.0,1.0,0.0,0.0,0.0,7.0,0.333,6.0,2.0,0.429,2.0,2016,21500521,20160105.0,2015-16,False,1.0,11.0,17.0,0.647,0.448,0.199,2.0,4.0,0.5,0.361,9.0,13.0,0.692,0.478,4.0,5.0,0.8,0.544,7.0,10.0,0.7,0.397,1.0,4.0,0.0,0.0,0.0,0.333,1.0,0.167,0.0,0.0,0.0,0.0,0.0,0.0,,,,,,,,,,,,,,,,,,,,,
200794,Paul Millsap,1610612737,ATL,31.0,33.266666666666666,5,11,0.455,0,3,0.0,1,2,0.5,2,8,10,6,2,0,2,0,3,3,11,12,0.143,111.1,96.2,0.11,0.216,10.0,70,0.061,0.463,84.17,112.9,101.55,3.0,0.214,101.0,95.7,30.0,17.1,15.0,0.18,0.455,0.182,10.1,13.0,0.0,0.12,16.0,50.0,0.12,0.0,48.0,6.0,0.0,1.0,0.25,1.0,0.0,0.0,0.125,0.0,0.0,1.0,0.75,8.0,0.0,0.0,1.0,6.0,2.0,6.0,5.0,63.0,2.2,0.0,0.8,2.05,0.333,3.0,49.0,0.175,1.0,7.0,4.8,17.0,5.0,3.0,1.0,0.5,1.0,1.0,0.667,0.5,20.0,2.0,0.0,3.0,0.0,5.0,0.667,0.625,0.526,3.0,0.471,0.7,4.0,,,,,,,,,,,,,,5.0,0.455,0.0,0.8,0.0,4.0,0.455,5.0,0.8,,4.0,0.8,0.0,3.0,0.0,0.333,0.0,0.273,1.0,1.0,0.333,0.0,0.273,3.0,0.333,,0.273,0.0,0.0,0.0,3.0,0.273,,0.0,0.0,0.0,3.0,0.0,0.0,0.0,0.0,0.0,,,,0.0,0.0,1.0,0.0,0.0,0.0,0.455,0.0,0.667,0.0,4.0,0.0,0.0,0.0,0.0,0.0,2.0,2.0,0.0,0.0,0.0,0.0,0.0,0.0,5.0,0.0,1.0,0.0,0.0,1.0,0.0,1.0,0.0,5.0,1.0,391.0,220.0,0.42,0.563,0.603,-0.04,1.0,0.0,,1.0,,,0.0,1.0,0.0,5.0,0.0,0.0,,0.0,0.0,0.0,0.0,2.0,5.0,0.0,0.0,,,0.0,0.0,0.0,2.0,5.0,0.0,3.0,0.0,0.0,0.0,2016,21501029,20160319.0,2015-16,False,1.0,6.0,7.0,0.857,0.474,0.384,1.0,1.0,1.0,0.356,5.0,6.0,0.833,0.518,4.0,4.0,1.0,0.554,1.0,2.0,0.5,0.412,0.0,1.0,1.0,2.0,0.5,0.333,1.0,0.333,0.0,0.0,0.0,0.0,1.0,0.333,,,,,,,,,,,,,,,,,,,,,
200794,Paul Millsap,1610612737,ATL,31.0,37.06666666666667,4,11,0.364,0,3,0.0,5,6,0.833,2,12,14,2,4,1,5,0,4,4,13,10,0.2,109.2,92.0,0.118,0.308,20.0,73,0.065,0.477,79.86,108.2,95.44,0.5,0.087,95.83,92.0,10.0,16.2,17.2,0.237,0.364,0.24,20.4,4.0,0.0,0.07,5.0,57.0,0.035,2.0,45.0,4.0,1.0,2.0,0.286,0.0,0.143,0.143,0.0,2.0,2.0,0.0,0.429,7.0,1.0,1.0,0.0,3.0,2.0,3.0,6.0,74.0,2.5,0.0,0.667,2.05,0.286,7.0,47.0,0.176,1.18,6.0,6.9,13.0,5.1,7.0,0.0,0.824,0.0,0.5,0.5,0.923,17.0,1.0,1.0,8.0,0.0,5.0,0.5,0.417,0.824,4.0,0.923,0.429,17.8,0.0,0.0,0.091,0.0,0.0,0.0,0.0,1.0,0.0,0.091,0.0,1.0,,4.0,0.364,0.0,0.5,0.0,2.0,0.364,4.0,0.5,,2.0,0.5,0.0,1.0,0.0,0.0,0.0,0.091,0.0,0.0,0.0,0.0,0.091,1.0,0.0,,0.455,0.0,2.0,0.182,3.0,0.273,1.0,0.0,0.4,2.0,5.0,0.4,2.0,0.0,0.0,0.0,0.0,0.0,,0.0,1.0,2.0,0.0,0.0,0.5,0.364,0.0,1.0,0.0,4.0,0.0,0.0,0.0,0.0,1.0,1.0,3.0,0.0,0.0,0.0,0.0,0.0,1.0,3.0,0.0,0.0,0.0,0.0,0.0,0.0,2.0,0.0,5.0,0.6,453.0,247.0,0.428,0.545,0.602,-0.057,1.0,0.0,0.0,0.6,,0.0,0.0,0.0,0.0,3.0,0.0,1.0,0.0,0.0,0.0,0.0,1.0,3.0,5.0,1.0,0.0,,,0.0,0.0,0.0,1.0,4.0,0.0,3.0,0.0,0.0,0.0,2016,21501173,20160407.0,2015-16,False,1.0,8.0,14.0,0.571,0.466,0.105,1.0,2.0,0.5,0.358,7.0,12.0,0.583,0.488,6.0,11.0,0.545,0.534,1.0,2.0,0.5,0.357,1.0,2.0,0.0,0.0,0.0,0.286,1.0,0.143,2.0,0.286,1.0,0.143,0.0,0.0,,,,,,,,,,,,,,,,,,,,,
200794,Paul Millsap,1610612737,ATL,31.0,41.486666666666665,5,12,0.417,1,4,0.25,8,10,0.8,2,7,9,3,3,1,1,1,3,8,19,3,0.105,108.4,101.4,0.11,0.152,13.0,81,0.05,0.579,78.1,107.4,94.36,1.0,0.1,93.72,103.7,13.0,3.7,7.0,0.217,0.458,0.217,13.4,8.0,0.0,0.093,7.0,43.0,0.07,1.0,43.0,4.0,1.0,2.0,0.25,1.0,0.0,0.125,0.25,0.0,0.0,2.0,0.25,8.0,0.0,0.0,0.5,2.0,2.0,2.0,4.0,66.0,3.0,0.0,0.5,2.7,1.222,9.0,45.0,0.288,1.52,3.0,6.6,16.0,6.3,5.0,3.0,0.45,3.0,0.5,0.5,0.538,20.0,1.0,1.0,6.0,0.0,2.0,0.5,0.286,0.529,4.0,0.438,0.333,7.7,,,,,,,,,,,,,,6.0,0.545,0.0,0.5,0.0,3.0,0.545,6.0,0.5,,3.0,0.5,0.0,5.0,4.0,0.5,1.0,0.455,2.0,1.0,1.0,0.364,0.091,1.0,0.4,0.25,,,,,,,,,,,,,,1.0,1.0,3.0,0.75,0.5,1.0,1.0,2.0,11.0,0.0,0.0,1.0,0.458,0.0,1.0,0.0,2.0,0.0,0.0,0.333,0.0,0.0,0.0,3.0,0.333,1.0,0.0,0.0,0.0,0.0,3.0,0.0,0.0,1.0,0.0,1.0,0.0,3.0,1.0,5.0,0.6,84.0,43.0,0.438,0.512,0.6,-0.088,0.0,0.0,,0.6,,,0.0,0.0,0.5,3.0,0.0,0.0,,0.0,0.0,0.0,0.0,5.0,5.0,0.0,0.2,,,1.0,0.0,1.0,2.0,4.0,0.0,3.0,0.0,0.0,0.0,2016,41500204,20160508.0,2015-16,True,1.0,11.0,29.0,0.379,0.466,-0.087,5.0,10.0,0.5,0.366,6.0,19.0,0.316,0.525,4.0,15.0,0.267,0.579,7.0,13.0,0.538,0.375,3.0,3.0,5.0,6.0,0.833,1.222,2.0,0.222,0.0,0.0,0.0,0.0,3.0,0.333,24.0,13.0,11.0,1.0,0.0,3.0,6.0,0.0,0.0,1.0,0.0,0.0,0.0,0.0,0.0,0.0,0.0,0.0,0.0,0.0,0.0
200794,Paul Millsap,1610612737,ATL,31.0,24.6,7,8,0.875,1,1,1.0,6,7,0.857,0,0,0,3,1,0,2,0,3,6,21,7,0.0,129.9,104.8,0.181,0.0,6.7,50,0.0,0.948,82.11,132.0,104.47,3.0,0.214,98.54,115.7,20.0,16.3,25.1,0.238,0.938,0.235,6.6,4.0,1.0,0.103,9.0,39.0,0.077,0.0,33.0,4.0,0.0,3.0,0.8,2.0,0.0,0.0,0.2,0.0,0.0,1.0,0.2,5.0,0.0,0.0,0.667,1.0,4.0,3.0,5.0,49.0,1.6,0.0,1.4,1.97,1.25,4.0,33.0,0.429,0.94,,,,,,,,,,,,,,,,,,,,,,,,,1.0,0.0,0.375,0.0,0.0,3.0,3.0,3.0,1.0,0.375,1.0,3.0,,2.0,0.25,0.0,0.5,0.0,1.0,0.25,2.0,0.5,,1.0,0.5,0.0,1.0,0.0,1.0,0.0,0.125,1.0,1.0,1.0,0.0,0.125,1.0,1.0,,0.25,1.0,1.0,0.125,1.0,0.125,1.0,1.0,1.25,1.0,2.0,1.0,2.0,1.0,0.0,2.0,1.0,1.0,,0.0,1.0,5.0,0.0,0.0,1.0,0.938,1.0,1.0,5.0,7.0,0.0,,1.0,,1.0,1.0,1.0,1.0,0.0,0.0,0.0,0.0,1.0,4.0,,,1.0,,0.0,,1.0,1.0,5.0,0.8,153.0,82.0,0.435,0.536,0.6,-0.064,1.0,0.0,,0.8,,,,0.0,1.0,4.0,,0.0,,,1.0,0.0,0.0,1.0,5.0,0.0,1.0,,,1.0,1.0,1.0,1.0,1.0,,0.0,0.0,1.0,1.0,2016,21500376,20151216.0,2015-16,False,1.0,6.0,12.0,0.5,0.431,0.069,2.0,4.0,0.5,0.302,4.0,8.0,0.5,0.503,4.0,8.0,0.5,0.536,2.0,4.0,0.5,0.299,1.0,1.0,2.0,2.0,1.0,1.25,0.0,0.0,1.0,0.25,1.0,0.25,1.0,0.25,,,,,,,,,,,,,,,,,,,,,
200794,Paul Millsap,1610612737,ATL,31.0,39.16833333333334,7,17,0.412,1,4,0.25,2,3,0.667,3,5,8,4,4,2,1,0,2,4,17,-8,0.104,107.0,115.2,0.09,0.125,15.4,79,0.081,0.464,80.68,106.3,97.06,1.0,0.154,96.81,116.5,15.4,-10.1,-8.2,0.264,0.441,0.256,15.2,4.0,0.0,0.089,9.0,45.0,0.089,0.0,46.0,4.0,0.0,8.0,1.0,4.0,0.1,0.0,0.0,2.0,2.0,0.0,0.0,10.0,1.0,1.0,0.5,0.0,10.0,4.0,4.0,68.0,2.6,0.0,0.5,2.33,0.0,4.0,45.0,0.25,1.18,4.0,5.1,11.0,3.5,2.0,0.0,0.4,0.0,0.333,0.333,0.455,20.0,1.0,2.0,4.0,0.0,3.0,0.333,0.6,0.4,9.0,0.455,0.5,7.8,0.667,0.0,0.176,0.0,0.0,2.0,2.0,3.0,0.667,0.176,0.667,3.0,,7.0,0.412,0.0,0.429,0.0,3.0,0.412,7.0,0.429,,3.0,0.429,0.0,6.0,3.0,0.417,1.0,0.353,2.0,1.0,0.333,0.176,0.176,3.0,0.333,0.333,0.059,0.0,0.0,0.0,1.0,0.059,,0.0,0.0,0.0,1.0,0.0,0.0,0.0,0.0,0.0,,,,0.0,0.0,0.0,0.0,0.0,0.0,0.441,0.2,1.0,3.0,2.0,0.0,0.0,0.0,0.0,0.5,4.0,3.0,0.333,1.0,0.0,0.0,0.0,2.0,4.0,0.0,0.0,1.0,0.0,1.0,0.0,2.0,0.0,7.0,0.571,73.0,41.0,0.448,0.562,0.597,-0.035,1.0,0.0,,0.571,0.0,,0.0,0.0,0.333,4.0,0.0,0.5,,0.0,0.0,0.0,1.0,4.0,7.0,2.0,0.25,0.0,0.0,1.0,0.0,1.0,3.0,5.0,0.25,4.0,1.0,0.3,1.0,2016,41500203,20160506.0,2015-16,True,1.0,11.0,24.0,0.458,0.457,0.002,7.0,13.0,0.538,0.389,4.0,11.0,0.364,0.525,3.0,8.0,0.375,0.578,7.0,15.0,0.467,0.399,0.0,1.0,0.0,0.0,0.0,0.0,0.0,0.0,2.0,0.5,1.0,0.25,0.0,0.0,20.0,9.0,11.0,1.0,2.0,3.0,9.0,0.0,0.0,0.0,0.0,0.0,0.0,0.0,0.0,0.0,0.0,0.0,0.0,0.0,0.0
200794,Paul Millsap,1610612737,ATL,31.0,28.05666666666667,8,15,0.533,0,1,0.0,6,7,0.857,4,5,9,3,2,2,1,2,1,4,22,20,0.161,120.9,91.0,0.202,0.161,8.7,59,0.16,0.608,85.54,123.7,101.49,1.5,0.15,102.65,86.9,13.0,36.8,29.9,0.298,0.533,0.299,8.7,7.0,0.0,0.068,7.0,44.0,0.068,0.0,44.0,3.0,0.0,3.0,0.8,1.0,0.2,0.0,0.2,2.0,2.0,1.0,0.0,5.0,1.0,1.0,0.333,0.0,4.0,4.0,11.0,66.0,2.3,0.5,1.364,2.13,0.571,7.0,48.0,0.333,1.3,6.0,5.9,7.0,4.5,3.0,1.0,0.75,1.0,1.0,0.8,0.833,12.0,4.0,0.0,3.0,0.0,2.0,0.8,0.4,0.818,5.0,0.714,0.667,7.6,0.5,0.0,0.154,0.0,0.0,1.0,1.0,2.0,0.5,0.154,0.5,2.0,,7.0,0.538,0.0,0.571,0.0,4.0,0.538,7.0,0.571,,4.0,0.571,0.0,3.0,0.0,1.0,0.0,0.231,3.0,3.0,1.0,0.0,0.231,3.0,1.0,,0.077,0.0,0.0,0.0,1.0,0.077,,0.0,0.0,0.0,1.0,0.0,0.0,0.0,0.0,0.0,0.0,0.0,,0.0,1.0,4.0,0.0,2.0,0.667,0.533,0.5,0.857,2.0,15.0,0.0,0.0,0.5,0.0,0.5,2.0,1.0,0.0,0.0,0.0,0.0,0.0,1.0,6.0,0.0,0.0,0.0,0.0,0.0,0.0,2.0,1.0,10.0,0.6,264.0,144.0,0.436,0.545,0.6,-0.055,1.0,0.0,,0.545,,,0.0,1.0,1.0,6.0,0.0,1.0,,0.0,0.0,0.0,1.0,0.0,11.0,1.0,0.0,,,0.0,0.0,1.0,1.0,2.0,0.0,1.0,0.0,0.5,1.0,2016,21500672,20160125.0,2015-16,False,1.0,3.0,11.0,0.273,0.442,-0.17,0.0,3.0,0.0,0.331,3.0,8.0,0.375,0.47,3.0,5.0,0.6,0.527,0.0,6.0,0.0,0.396,2.0,3.0,0.0,0.0,0.0,0.571,3.0,0.429,0.0,0.0,1.0,0.143,0.0,0.0,,,,,,,,,,,,,,,,,,,,,
200794,Paul Millsap,1610612737,ATL,31.0,46.2,10,24,0.417,2,7,0.286,5,8,0.625,4,7,11,6,3,1,2,2,3,7,27,-16,0.107,84.7,100.7,0.145,0.135,8.1,93,0.078,0.491,80.95,84.9,97.45,2.0,0.273,97.14,101.1,16.2,-16.1,-16.0,0.301,0.458,0.301,8.2,7.0,0.0,0.111,15.0,63.0,0.095,1.0,67.0,7.0,0.0,3.0,0.5,2.0,0.167,0.0,0.25,4.0,2.0,3.0,0.333,12.0,0.5,2.0,0.667,4.0,6.0,10.0,8.0,97.0,3.6,0.2,0.5,2.2,0.833,12.0,72.0,0.278,1.11,5.0,5.3,17.0,5.5,6.0,0.0,0.44,0.0,1.0,0.5,0.412,25.0,4.0,0.0,6.0,0.0,1.0,0.5,0.143,0.44,8.0,0.412,0.455,5.0,0.8,0.0,0.227,0.0,0.0,4.0,4.0,5.0,0.8,0.227,0.8,5.0,,8.0,0.364,1.0,0.5,0.045,4.0,0.409,9.0,0.444,0.0,4.0,0.444,0.0,7.0,5.0,0.214,1.0,0.318,1.0,0.0,0.0,0.227,0.091,2.0,0.143,0.2,0.045,1.0,0.0,0.0,1.0,0.045,,1.0,1.5,0.0,1.0,1.0,1.0,1.0,2.0,2.0,0.2,0.2,0.0,0.0,5.0,10.0,1.0,2.0,0.714,0.458,0.4,0.5,6.0,4.0,0.333,0.0,0.0,0.5,0.667,3.0,4.0,0.25,1.0,1.0,0.0,0.0,2.0,6.0,1.0,2.0,1.0,0.0,3.0,0.0,4.0,0.0,10.0,0.6,321.0,181.0,0.431,0.564,0.603,-0.039,1.0,0.0,,0.6,,,0.0,2.0,0.25,6.0,0.0,0.5,,0.0,0.0,0.0,1.0,5.0,10.0,2.0,0.4,,,2.0,0.0,1.0,4.0,5.0,0.4,5.0,2.0,0.6,2.0,2016,21500819,20160220.0,2015-16,False,1.0,11.0,22.0,0.5,0.501,-0.001,0.0,1.0,0.0,0.321,11.0,21.0,0.524,0.524,8.0,14.0,0.571,0.58,3.0,7.0,0.429,0.322,5.0,7.0,0.0,0.0,0.0,0.833,1.0,0.083,1.0,0.083,1.0,0.083,0.0,0.0,,,,,,,,,,,,,,,,,,,,,
200794,Paul Millsap,1610612737,ATL,31.0,38.72,13,22,0.591,5,7,0.714,0,0,0.0,2,14,16,3,3,2,5,0,2,4,31,20,0.195,112.0,90.4,0.239,0.292,10.7,85,0.059,0.705,88.33,116.5,108.94,1.0,0.115,105.99,91.9,10.7,24.6,21.6,0.271,0.705,0.272,10.7,4.0,0.0,0.054,7.0,56.0,0.054,0.0,55.0,3.0,1.0,3.0,0.25,1.0,0.0,0.125,0.25,0.0,0.0,2.0,0.125,8.0,0.0,0.0,0.333,1.0,2.0,4.0,5.0,84.0,3.0,0.5,0.8,2.16,0.667,6.0,53.0,0.369,0.95,9.0,4.6,23.0,3.4,6.0,5.0,0.615,5.0,0.5,0.667,0.778,26.0,1.0,1.0,7.0,0.0,8.0,0.667,0.571,0.762,3.0,0.609,0.563,12.4,0.0,0.0,0.091,0.0,0.0,0.0,0.0,2.0,0.0,0.091,0.0,2.0,,7.0,0.318,0.0,0.571,0.0,4.0,0.318,7.0,0.571,,4.0,0.571,0.0,6.0,0.0,0.667,0.0,0.273,4.0,4.0,0.667,0.0,0.273,6.0,0.667,,0.318,5.0,0.0,0.0,7.0,0.318,,0.714,1.071,0.0,7.0,0.714,5.0,1.0,0.0,2.0,0.333,0.333,,0.0,3.0,4.0,0.333,2.0,0.5,0.705,0.714,0.5,15.0,4.0,1.0,0.0,0.5,1.0,0.25,4.0,6.0,0.667,0.0,1.0,0.0,0.0,1.0,5.0,1.0,1.0,4.0,0.0,1.0,0.0,4.0,2.0,7.0,0.714,460.0,250.0,0.428,0.543,0.603,-0.059,3.0,0.0,,0.625,0.0,,0.0,1.0,1.0,5.0,0.0,0.333,,0.0,0.333,0.0,1.0,6.0,8.0,3.0,0.833,0.0,0.0,5.0,1.0,1.0,1.0,7.0,0.714,7.0,5.0,1.071,5.0,2016,21501188,20160409.0,2015-16,False,1.0,6.0,16.0,0.375,0.456,-0.081,0.0,4.0,0.0,0.332,6.0,12.0,0.5,0.515,4.0,10.0,0.4,0.601,2.0,6.0,0.333,0.353,2.0,4.0,0.0,0.0,0.0,0.667,1.0,0.167,0.0,0.0,1.0,0.167,0.0,0.0,,,,,,,,,,,,,,,,,,,,,
200794,Paul Millsap,1610612737,ATL,31.0,34.505,3,11,0.273,1,2,0.5,4,8,0.5,3,8,11,5,3,5,0,1,2,5,11,14,0.141,109.2,88.2,0.101,0.167,13.0,77,0.1,0.379,89.26,113.0,112.96,1.67,0.179,107.11,94.8,21.7,18.2,20.9,0.209,0.318,0.214,13.3,6.0,0.0,0.106,13.0,47.0,0.106,0.0,41.0,5.0,0.0,3.0,0.2,0.0,0.4,0.0,0.0,4.0,1.0,0.0,0.0,5.0,0.25,2.0,0.0,0.0,1.0,5.0,6.0,67.0,2.6,0.0,0.333,2.36,0.5,6.0,40.0,0.164,1.27,3.0,6.4,19.0,6.7,7.0,4.0,0.407,4.0,0.667,0.375,0.533,27.0,2.0,1.0,8.0,0.0,1.0,0.375,0.125,0.478,8.0,0.421,0.273,5.5,1.0,0.0,0.2,0.0,0.0,2.0,2.0,2.0,1.0,0.2,1.0,2.0,,5.0,0.5,0.0,0.0,0.0,0.0,0.5,5.0,0.0,,0.0,0.0,0.0,,,,,,,,,,,,,,0.3,1.0,0.0,0.1,2.0,0.2,0.0,0.5,0.5,1.0,3.0,0.333,1.0,0.0,1.0,0.0,0.0,0.0,0.0,0.0,3.0,3.0,0.0,0.0,0.5,0.318,0.5,0.5,3.0,2.0,0.0,,0.0,0.0,0.0,3.0,2.0,0.5,0.0,0.0,0.0,0.0,0.0,2.0,0.0,0.0,1.0,,0.0,,1.0,0.0,5.0,0.4,11.0,5.0,0.407,0.455,0.575,-0.121,0.0,0.0,0.0,0.4,,0.0,0.0,1.0,0.0,2.0,0.0,0.0,0.0,0.0,0.0,0.0,0.0,1.0,5.0,4.0,1.0,,,1.0,0.0,0.0,0.0,2.0,1.0,1.0,1.0,0.75,1.0,2016,21500019,20151029.0,2015-16,False,1.0,6.0,16.0,0.375,0.452,-0.077,0.0,6.0,0.0,0.327,6.0,10.0,0.6,0.492,4.0,8.0,0.5,0.535,1.0,7.0,0.143,0.382,1.0,2.0,1.0,2.0,0.5,0.5,0.0,0.0,0.0,0.0,2.0,0.333,1.0,0.167,,,,,,,,,,,,,,,,,,,,,
200794,Paul Millsap,1610612737,ATL,31.0,31.616666666666667,6,15,0.4,1,4,0.25,9,11,0.818,3,7,10,2,1,2,1,1,4,7,22,11,0.135,110.9,86.8,0.195,0.171,4.3,67,0.091,0.554,84.13,106.0,101.05,2.0,0.125,100.96,90.9,8.7,15.1,24.1,0.285,0.433,0.276,4.4,5.0,0.0,0.047,6.0,43.0,0.047,0.0,36.0,2.0,1.0,5.0,0.333,1.0,0.111,0.111,0.0,2.0,1.0,0.0,0.222,9.0,0.5,1.0,0.2,2.0,3.0,1.0,5.0,63.0,2.3,0.0,1.0,2.16,1.333,3.0,41.0,0.349,1.17,3.0,5.1,14.0,4.9,7.0,2.0,0.476,3.0,1.0,0.429,0.583,21.0,3.0,0.0,7.0,1.0,0.0,0.5,0.0,0.556,7.0,0.5,0.3,5.6,0.333,0.0,0.214,0.071,1.0,1.0,1.0,4.0,0.25,0.286,0.25,3.0,0.0,6.0,0.429,0.0,0.5,0.0,3.0,0.429,6.0,0.5,,3.0,0.5,0.0,2.0,1.0,1.25,1.0,0.143,2.0,1.0,1.0,0.071,0.071,1.0,1.0,1.0,0.143,0.0,0.0,0.0,2.0,0.143,,0.0,0.0,0.0,2.0,0.0,0.0,2.0,0.0,4.0,0.667,0.667,,0.0,3.0,4.0,0.0,0.0,0.0,0.433,0.25,0.667,3.0,5.0,0.0,,0.667,0.0,0.667,3.0,3.0,0.333,0.0,0.0,0.0,0.0,2.0,1.0,0.0,1.0,1.0,,1.0,,3.0,2.0,5.0,0.2,100.0,52.0,0.45,0.52,0.599,-0.079,1.0,0.0,,0.167,,,,1.0,0.0,1.0,,1.0,,,1.0,0.0,3.0,3.0,6.0,3.0,0.333,,,1.0,1.0,0.0,1.0,4.0,0.25,4.0,1.0,0.375,1.0,2016,21500222,20151125.0,2015-16,False,1.0,6.0,15.0,0.4,0.454,-0.054,0.0,2.0,0.0,0.389,6.0,13.0,0.462,0.489,6.0,11.0,0.545,0.575,0.0,3.0,0.0,0.402,0.0,1.0,4.0,4.0,1.0,1.333,0.0,0.0,0.0,0.0,0.0,0.0,2.0,0.667,,,,,,,,,,,,,,,,,,,,,
200794,Paul Millsap,1610612737,ATL,31.0,26.316666666666663,3,9,0.333,0,1,0.0,2,5,0.4,4,4,8,2,1,2,1,1,2,3,8,-24,0.148,73.2,113.3,0.073,0.174,7.1,52,0.129,0.357,79.8,75.0,99.3,2.0,0.167,95.76,118.9,14.3,-43.9,-40.1,0.199,0.333,0.197,7.0,6.0,1.0,0.054,4.0,37.0,0.054,0.0,30.0,2.0,0.0,1.0,0.5,1.0,0.25,0.0,0.0,2.0,0.0,0.0,0.5,4.0,0.0,1.0,1.0,2.0,2.0,2.0,5.0,49.0,1.8,0.0,0.0,2.19,0.0,3.0,34.0,0.163,1.24,4.0,6.4,7.0,5.7,3.0,1.0,0.5,2.0,0.75,0.444,0.667,16.0,3.0,1.0,4.0,1.0,1.0,0.5,0.25,0.571,9.0,0.571,0.5,7.2,0.0,0.0,0.125,0.0,0.0,0.0,0.0,1.0,0.0,0.125,0.0,1.0,,1.0,0.125,0.0,0.0,0.0,0.0,0.125,1.0,0.0,,0.0,0.0,0.0,4.0,0.0,0.75,0.0,0.5,3.0,3.0,0.75,0.0,0.5,4.0,0.75,,0.25,0.0,0.0,0.125,1.0,0.125,0.0,0.0,0.0,1.0,2.0,0.0,0.0,1.0,0.0,2.0,1.0,1.0,,0.0,1.0,0.0,0.0,0.0,0.0,0.333,0.4,0.0,4.0,0.0,0.0,0.0,0.5,0.0,0.333,3.0,1.0,0.0,0.0,0.0,0.0,0.0,1.0,0.0,0.0,0.0,0.0,0.0,0.0,0.0,4.0,2.0,1.0,0.0,105.0,55.0,0.434,0.524,0.597,-0.074,1.0,0.0,,0.0,0.0,,0.0,1.0,0.75,0.0,0.0,0.0,,0.0,0.0,0.0,0.0,0.0,2.0,1.0,0.0,0.0,0.0,0.0,0.0,3.0,4.0,4.0,0.0,1.0,0.0,0.5,2.0,2016,21500242,20151128.0,2015-16,False,1.0,3.0,10.0,0.3,0.5,-0.2,0.0,1.0,0.0,0.383,3.0,9.0,0.333,0.507,0.0,3.0,0.0,0.573,3.0,6.0,0.5,0.402,0.0,2.0,0.0,0.0,0.0,0.0,0.0,0.0,1.0,0.333,0.0,0.0,0.0,0.0,,,,,,,,,,,,,,,,,,,,,
200794,Paul Millsap,1610612737,ATL,31.0,29.366666666666667,6,10,0.6,2,3,0.667,2,2,1.0,0,11,11,4,3,0,4,0,0,5,16,25,0.19,132.3,90.7,0.189,0.306,16.7,63,0.0,0.735,85.81,131.7,103.53,1.33,0.16,102.97,92.1,22.2,39.7,41.7,0.211,0.7,0.209,16.8,4.0,0.0,0.095,10.0,42.0,0.095,0.0,35.0,4.0,0.0,2.0,0.5,1.0,0.0,0.0,0.25,0.0,0.0,1.0,0.0,4.0,0.0,0.0,0.5,0.0,2.0,4.0,3.0,60.0,2.1,0.5,0.0,2.1,0.333,6.0,35.0,0.267,1.33,4.0,4.6,18.0,4.6,7.0,2.0,0.579,2.0,0.0,0.0,0.688,19.0,0.0,0.0,7.0,0.0,4.0,0.0,0.364,0.647,1.0,0.611,0.364,0.0,,,,,,,,,,,,,,4.0,0.4,0.0,0.5,0.0,2.0,0.4,4.0,0.5,,2.0,0.5,0.0,2.0,0.0,0.5,0.0,0.2,1.0,1.0,0.5,0.0,0.2,2.0,0.5,,0.4,2.0,1.0,0.1,3.0,0.3,1.0,0.667,1.0,1.0,4.0,0.75,3.0,2.0,1.0,5.0,0.625,0.5,1.0,1.0,4.0,2.0,1.0,2.0,0.0,0.7,0.667,0.0,5.0,0.0,0.0,,0.667,0.0,0.0,1.0,3.0,0.667,0.0,0.0,0.0,0.0,0.0,2.0,0.0,0.0,2.0,,0.0,,3.0,2.0,3.0,0.667,388.0,217.0,0.42,0.559,0.602,-0.043,1.0,0.0,,0.667,,,,0.0,0.0,2.0,,0.0,,,1.0,0.0,0.0,4.0,3.0,0.0,0.75,,,3.0,1.0,0.0,2.0,3.0,0.5,2.0,1.0,0.833,2.0,2016,21501015,20160317.0,2015-16,False,1.0,3.0,13.0,0.231,0.45,-0.219,0.0,2.0,0.0,0.37,3.0,11.0,0.273,0.491,2.0,9.0,0.222,0.53,1.0,4.0,0.25,0.394,0.0,2.0,2.0,2.0,1.0,0.333,1.0,0.167,1.0,0.167,1.0,0.167,1.0,0.167,,,,,,,,,,,,,,,,,,,,,
200794,Paul Millsap,1610612737,ATL,31.0,27.201666666666668,8,13,0.615,1,2,0.5,4,6,0.667,1,5,6,3,3,1,1,1,3,5,21,10,0.13,119.5,101.8,0.145,0.2,13.6,54,0.048,0.671,78.67,116.7,92.46,1.0,0.188,94.41,100.0,13.6,16.7,17.7,0.341,0.654,0.333,13.9,6.0,1.0,0.095,9.0,42.0,0.071,0.0,42.0,4.0,1.0,2.0,0.333,0.0,0.167,0.167,0.167,2.0,2.0,1.0,0.167,6.0,1.0,1.0,0.0,1.0,2.0,7.0,7.0,63.0,1.8,0.857,1.143,1.68,0.667,6.0,41.0,0.333,0.67,2.0,5.8,8.0,4.0,3.0,0.0,0.545,0.0,1.0,0.333,0.625,11.0,1.0,0.0,3.0,0.0,1.0,0.333,0.2,0.545,3.0,0.625,0.333,13.4,1.0,0.0,0.167,0.0,0.0,2.0,2.0,2.0,1.0,0.167,1.0,2.0,,8.0,0.667,0.0,0.625,0.0,5.0,0.667,8.0,0.625,,5.0,0.625,0.0,,,,,,,,,,,,,,0.167,1.0,0.0,0.0,2.0,0.167,,0.5,0.75,0.0,2.0,0.5,1.0,1.0,0.0,2.0,1.0,1.0,,0.0,1.0,4.0,1.0,6.0,0.667,0.654,0.5,0.8,3.0,8.0,0.0,0.0,0.0,0.0,0.667,3.0,2.0,0.5,0.0,0.0,0.0,0.0,2.0,5.0,0.0,0.0,1.0,0.0,0.0,0.0,0.0,0.0,8.0,0.625,239.0,130.0,0.435,0.544,0.602,-0.058,0.0,1.0,,0.625,,,0.0,1.0,0.0,5.0,0.0,1.0,,0.0,0.0,1.0,2.0,1.0,8.0,2.0,0.0,,,0.0,0.0,0.0,1.0,2.0,0.5,2.0,1.0,0.75,1.0,2016,21500602,20160116.0,2015-16,False,1.0,10.0,14.0,0.714,0.492,0.222,1.0,1.0,1.0,0.37,9.0,13.0,0.692,0.511,5.0,7.0,0.714,0.534,4.0,6.0,0.667,0.368,2.0,3.0,0.0,2.0,0.0,0.667,1.0,0.167,1.0,0.167,0.0,0.0,1.0,0.167,,,,,,,,,,,,,,,,,,,,,
200794,Paul Millsap,1610612737,ATL,31.0,34.8,6,10,0.6,2,2,1.0,3,4,0.75,4,2,6,3,5,1,1,1,2,3,17,-16,0.091,91.6,113.9,0.105,0.065,25.0,66,0.114,0.723,75.86,90.9,91.2,0.6,0.176,91.03,115.2,15.0,-24.2,-22.3,0.231,0.7,0.227,25.3,7.0,0.0,0.056,9.0,54.0,0.056,0.0,52.0,3.0,0.0,1.0,1.0,1.0,0.333,0.0,0.333,2.0,1.0,1.0,0.0,3.0,0.5,1.0,1.0,0.0,3.0,3.0,9.0,71.0,2.0,0.667,0.222,1.67,0.5,8.0,55.0,0.239,0.96,4.0,4.6,4.0,4.8,2.0,0.0,0.6,0.0,1.0,0.667,0.5,10.0,4.0,0.0,2.0,0.0,0.0,0.667,0.0,0.6,6.0,0.5,0.667,4.5,1.0,0.0,0.111,0.0,0.0,1.0,1.0,1.0,1.0,0.111,1.0,1.0,,3.0,0.333,0.0,0.667,0.0,2.0,0.333,3.0,0.667,,2.0,0.667,0.0,3.0,0.0,0.333,0.0,0.333,1.0,1.0,0.333,0.0,0.333,3.0,0.333,,0.222,2.0,0.0,0.0,2.0,0.222,,1.0,1.5,0.0,2.0,1.0,2.0,1.0,0.0,2.0,0.333,0.333,,0.0,3.0,4.0,1.0,2.0,0.5,0.7,0.75,0.0,8.0,2.0,1.0,,0.4,0.0,1.0,1.0,1.0,1.0,1.0,1.0,1.0,1.0,1.0,1.0,0.0,0.0,1.0,,1.0,,5.0,2.0,2.0,0.5,73.0,40.0,0.412,0.548,0.596,-0.048,1.0,1.0,,0.5,,,,1.0,0.5,1.0,,1.0,,,0.0,1.0,1.0,1.0,2.0,1.0,1.0,,,1.0,0.0,2.0,4.0,4.0,1.0,2.0,2.0,1.0,3.0,2016,21500159,20151117.0,2015-16,False,1.0,7.0,14.0,0.5,0.476,0.024,1.0,3.0,0.333,0.345,6.0,11.0,0.545,0.504,6.0,10.0,0.6,0.535,1.0,4.0,0.25,0.371,2.0,4.0,0.0,0.0,0.0,0.5,4.0,0.5,0.0,0.0,0.0,0.0,0.0,0.0,,,,,,,,,,,,,,,,,,,,,
200794,Paul Millsap,1610612737,ATL,31.0,34.0,6,14,0.429,3,6,0.5,6,6,1.0,2,4,6,7,1,1,2,0,0,3,21,17,0.097,113.6,98.8,0.166,0.154,4.0,71,0.056,0.631,82.94,119.7,101.42,7.0,0.269,99.53,97.1,28.0,22.6,14.8,0.218,0.536,0.222,4.1,15.0,1.0,0.163,18.0,49.0,0.143,0.0,46.0,8.0,0.0,3.0,0.0,0.0,0.0,0.0,0.222,0.0,0.0,2.0,0.444,9.0,0.0,0.0,0.0,4.0,0.0,6.0,4.0,67.0,2.3,0.333,1.5,2.06,0.667,6.0,49.0,0.313,0.85,0.0,16.2,5.0,11.3,5.0,1.0,0.429,2.0,0.0,0.222,1.0,14.0,0.0,2.0,7.0,1.0,0.0,0.25,0.0,0.5,9.0,0.8,0.0,28.4,0.4,0.0,0.357,0.0,0.0,2.0,2.0,5.0,0.4,0.357,0.4,5.0,,1.0,0.071,0.0,0.0,0.0,0.0,0.071,1.0,0.0,,0.0,0.0,0.0,4.0,2.0,0.625,1.0,0.286,2.0,1.0,0.5,0.143,0.143,2.0,0.5,0.5,0.286,2.0,0.0,0.0,4.0,0.286,,0.5,0.75,0.0,4.0,0.5,2.0,0.0,1.0,0.0,0.0,0.0,0.0,0.0,3.0,4.0,0.5,2.0,0.0,0.536,0.6,1.0,9.0,6.0,1.0,0.0,0.0,0.0,0.333,3.0,5.0,0.4,1.0,1.0,1.0,1.0,1.0,2.0,0.0,0.0,2.0,0.0,1.0,0.0,0.0,0.0,5.0,0.4,40.0,23.0,0.364,0.575,0.602,-0.027,0.0,1.0,,0.4,,,0.0,1.0,0.0,2.0,0.0,1.0,,0.0,0.0,1.0,1.0,5.0,5.0,1.0,0.4,,,2.0,0.0,0.0,2.0,5.0,0.6,5.0,3.0,0.9,3.0,2016,21500086,20151107.0,2015-16,False,1.0,8.0,19.0,0.421,0.449,-0.028,2.0,8.0,0.25,0.348,6.0,11.0,0.545,0.501,5.0,7.0,0.714,0.59,3.0,11.0,0.273,0.372,0.0,0.0,4.0,4.0,1.0,0.667,1.0,0.167,2.0,0.333,0.0,0.0,2.0,0.333,,,,,,,,,,,,,,,,,,,,,
200794,Paul Millsap,1610612737,ATL,31.0,33.821666666666665,6,12,0.5,0,1,0.0,3,3,1.0,2,6,8,2,2,2,2,2,3,3,15,8,0.118,109.0,97.0,0.126,0.146,11.8,63,0.074,0.563,74.51,109.5,89.52,1.0,0.1,89.41,96.8,11.8,12.7,12.0,0.218,0.5,0.211,11.5,4.0,0.0,0.054,2.0,37.0,0.054,1.0,35.0,2.0,0.0,3.0,1.2,2.0,0.2,0.0,0.0,2.0,2.0,0.0,0.2,5.0,1.0,1.0,0.667,1.0,6.0,3.0,8.0,54.0,1.9,0.0,1.125,2.07,0.0,3.0,37.0,0.278,1.26,4.0,5.0,14.0,4.2,4.0,2.0,0.421,2.0,1.0,0.4,0.5,19.0,2.0,0.0,4.0,0.0,2.0,0.4,0.333,0.471,5.0,0.429,0.5,7.1,0.5,0.0,0.4,0.0,0.0,2.0,2.0,4.0,0.5,0.4,0.5,4.0,,5.0,0.5,0.0,0.8,0.0,4.0,0.5,5.0,0.8,,4.0,0.8,0.0,,,,,,,,,,,,,,0.1,0.0,0.0,0.0,1.0,0.1,,0.0,0.0,0.0,1.0,0.0,0.0,0.0,1.0,0.0,0.0,0.0,0.0,0.0,1.0,0.0,0.0,0.0,0.0,0.5,0.0,0.8,0.0,9.0,0.0,0.0,0.0,0.0,0.333,3.0,0.0,0.0,0.0,0.0,0.0,0.0,1.0,5.0,0.0,1.0,0.0,0.0,1.0,0.0,0.0,0.0,8.0,0.625,123.0,63.0,0.435,0.512,0.596,-0.084,0.0,0.0,,0.667,,,0.0,0.0,0.0,6.0,0.0,0.0,,0.0,0.0,0.0,0.0,1.0,9.0,2.0,0.0,,,0.0,0.0,0.0,0.0,0.0,,0.0,0.0,,0.0,2016,21500286,20151204.0,2015-16,False,1.0,2.0,9.0,0.222,0.436,-0.213,,,,,2.0,9.0,0.222,0.45,2.0,8.0,0.25,0.51,,,,,0.0,1.0,0.0,0.0,0.0,0.0,2.0,0.667,0.0,0.0,0.0,0.0,0.0,0.0,,,,,,,,,,,,,,,,,,,,,
200794,Paul Millsap,1610612737,ATL,31.0,33.475,2,5,0.4,0,1,0.0,3,8,0.375,1,7,8,4,0,1,2,1,3,4,7,-13,0.133,100.4,116.1,0.07,0.25,0.0,65,0.031,0.411,78.27,96.9,91.91,0.0,0.167,93.92,115.2,30.8,-18.2,-15.6,0.132,0.4,0.134,0.0,13.0,1.0,0.1,10.0,50.0,0.08,0.0,40.0,5.0,0.0,1.0,0.5,1.0,0.0,0.0,0.0,0.0,0.0,0.0,0.75,4.0,0.0,0.0,1.0,3.0,2.0,5.0,4.0,61.0,2.4,0.0,0.75,2.34,0.571,7.0,41.0,0.115,1.0,6.0,4.1,13.0,3.2,2.0,1.0,0.533,1.0,1.0,0.5,0.583,15.0,1.0,0.0,2.0,0.0,5.0,0.5,0.714,0.571,2.0,0.538,0.75,9.9,1.0,0.0,0.25,0.0,0.0,1.0,1.0,1.0,1.0,0.25,1.0,1.0,,,,,,,,,,,,,,,2.0,0.0,0.5,0.0,0.5,1.0,1.0,0.5,0.0,0.5,2.0,0.5,,0.25,0.0,0.0,0.0,1.0,0.25,,0.0,0.0,0.0,1.0,0.0,0.0,0.0,0.0,0.0,,,,0.0,0.0,4.0,0.0,0.0,1.0,0.4,0.0,0.5,0.0,3.0,0.0,0.0,0.0,0.0,1.0,1.0,0.0,0.0,1.0,0.0,0.0,0.0,1.0,1.0,0.0,0.0,0.0,0.0,1.0,0.0,1.0,0.0,2.0,0.5,132.0,68.0,0.418,0.515,0.597,-0.082,1.0,0.0,,0.5,,,0.0,0.0,0.0,1.0,0.0,1.0,,0.0,0.0,0.0,1.0,1.0,2.0,1.0,0.0,,,0.0,0.0,0.0,0.0,1.0,0.0,1.0,0.0,0.0,0.0,2016,21500331,20151210.0,2015-16,False,1.0,6.0,13.0,0.462,0.486,-0.025,1.0,3.0,0.333,0.363,5.0,10.0,0.5,0.528,2.0,6.0,0.333,0.565,4.0,7.0,0.571,0.412,1.0,1.0,2.0,2.0,1.0,0.571,5.0,0.714,0.0,0.0,0.0,0.0,1.0,0.143,,,,,,,,,,,,,,,,,,,,,
200794,Paul Millsap,1610612737,ATL,31.0,35.266666666666666,6,10,0.6,0,2,0.0,11,13,0.846,4,10,14,4,3,0,0,1,2,11,23,27,0.233,141.0,105.0,0.187,0.294,13.0,69,0.154,0.732,77.13,143.5,94.46,1.33,0.167,92.55,107.5,17.4,36.0,36.1,0.249,0.6,0.25,13.2,7.0,0.0,0.085,11.0,47.0,0.085,0.0,42.0,4.0,1.0,0.0,0.0,0.0,0.5,0.5,0.0,0.0,0.0,0.0,0.0,2.0,0.0,1.0,0.0,0.0,0.0,2.0,11.0,70.0,2.6,2.0,0.727,2.19,0.727,11.0,46.0,0.329,1.34,2.0,7.7,15.0,6.9,9.0,2.0,0.583,2.0,0.5,0.444,0.769,24.0,2.0,2.0,11.0,0.0,0.0,0.444,0.0,0.636,9.0,0.667,0.143,9.4,1.0,0.0,0.111,0.0,0.0,1.0,1.0,1.0,1.0,0.111,1.0,1.0,,6.0,0.667,0.0,0.833,0.0,5.0,0.667,6.0,0.833,,5.0,0.833,0.0,,,,,,,,,,,,,,0.222,0.0,0.0,0.0,2.0,0.222,,0.0,0.0,0.0,2.0,0.0,0.0,1.0,0.0,2.0,1.0,1.0,,0.0,1.0,8.0,1.0,4.0,1.0,0.6,0.333,0.667,2.0,8.0,0.0,0.0,1.0,0.0,1.0,1.0,1.0,0.0,0.0,0.0,0.0,0.0,1.0,3.0,0.0,1.0,0.0,0.0,1.0,0.0,2.0,2.0,5.0,0.6,104.0,55.0,0.448,0.529,0.597,-0.068,1.0,0.0,,0.6,0.0,,0.0,0.0,1.0,3.0,0.0,1.0,,0.0,1.0,0.0,1.0,2.0,5.0,1.0,0.0,0.0,0.0,0.0,1.0,1.0,1.0,3.0,0.0,2.0,0.0,0.333,1.0,2016,21500233,20151127.0,2015-16,False,1.0,7.0,10.0,0.7,0.404,0.296,4.0,6.0,0.667,0.333,3.0,4.0,0.75,0.458,3.0,4.0,0.75,0.492,4.0,6.0,0.667,0.332,2.0,2.0,3.0,4.0,0.75,0.727,3.0,0.273,1.0,0.091,1.0,0.091,2.0,0.182,,,,,,,,,,,,,,,,,,,,,
200794,Paul Millsap,1610612737,ATL,31.0,45.83,19,31,0.613,3,6,0.5,4,6,0.667,5,8,13,3,3,2,4,1,5,8,45,2,0.124,91.8,97.0,0.299,0.163,7.9,89,0.089,0.669,76.37,97.8,95.48,1.0,0.214,91.64,98.8,7.9,-1.1,-5.2,0.347,0.661,0.333,7.6,14.0,1.0,0.068,9.0,59.0,0.051,0.0,70.0,4.0,1.0,6.0,0.571,3.0,0.071,0.071,0.0,2.0,1.0,0.0,0.429,14.0,0.5,1.0,0.5,6.0,8.0,3.0,7.0,97.0,4.0,0.667,1.0,2.46,0.813,16.0,68.0,0.464,1.63,5.0,4.9,15.0,5.1,7.0,3.0,0.52,3.0,0.8,0.5,0.667,25.0,4.0,1.0,8.0,0.0,1.0,0.5,0.125,0.591,10.0,0.533,0.385,4.7,0.667,0.0,0.3,0.0,0.0,6.0,6.0,9.0,0.667,0.3,0.667,9.0,,10.0,0.333,1.0,0.7,0.033,7.0,0.367,11.0,0.636,0.0,7.0,0.636,0.0,5.0,3.0,0.7,1.0,0.167,3.0,2.0,1.0,0.1,0.067,2.0,0.6,0.333,0.167,2.0,1.0,0.1,2.0,0.067,0.333,1.0,0.8,3.0,5.0,0.6,3.0,3.0,0.0,6.0,0.5,0.5,,0.0,6.0,13.0,1.0,2.0,0.667,0.661,0.571,0.75,11.0,7.0,0.0,0.0,0.667,0.0,0.429,7.0,6.0,0.5,0.0,0.0,0.0,0.0,3.0,9.0,0.0,0.0,3.0,0.0,0.0,0.0,6.0,4.0,12.0,0.75,35.0,23.0,0.455,0.657,0.574,0.083,0.0,0.333,,0.688,0.0,,0.0,3.0,0.667,11.0,0.0,0.0,,0.0,0.0,1.0,0.0,4.0,16.0,2.0,0.75,0.0,0.0,3.0,0.0,4.0,6.0,7.0,0.5,6.0,3.0,0.786,4.0,2016,41500134,20160424.0,2015-16,True,1.0,12.0,24.0,0.5,0.429,0.071,0.0,5.0,0.0,0.341,12.0,19.0,0.632,0.467,12.0,17.0,0.706,0.521,0.0,7.0,0.0,0.35,6.0,9.0,0.0,0.0,0.0,0.813,5.0,0.313,1.0,0.063,1.0,0.063,0.0,0.0,24.0,19.0,5.0,3.0,0.0,0.0,0.0,0.0,0.0,0.0,0.0,0.0,0.0,0.0,0.0,0.0,0.0,0.0,0.0,0.0,0.0
200794,Paul Millsap,1610612737,ATL,31.0,36.0,7,15,0.467,2,6,0.333,3,4,0.75,1,7,8,3,2,0,0,1,4,4,19,-22,0.091,93.3,121.2,0.112,0.14,9.1,72,0.026,0.567,80.56,93.1,96.85,1.5,0.158,96.67,121.9,13.6,-28.9,-27.9,0.238,0.533,0.241,9.2,7.0,0.0,0.07,8.0,43.0,0.07,0.0,43.0,3.0,0.0,1.0,0.2,0.0,0.2,0.0,0.2,2.0,1.0,1.0,0.4,5.0,0.5,1.0,0.0,2.0,1.0,5.0,8.0,64.0,2.0,0.0,1.5,1.9,0.8,10.0,46.0,0.297,0.94,5.0,4.6,14.0,5.0,3.0,1.0,0.471,1.0,1.0,0.333,0.538,17.0,1.0,0.0,3.0,0.0,4.0,0.333,0.571,0.5,3.0,0.5,0.625,2.1,0.5,0.0,0.143,0.071,1.0,1.0,1.0,3.0,0.333,0.214,0.333,2.0,0.0,2.0,0.143,0.0,0.5,0.0,1.0,0.143,2.0,0.5,,1.0,0.5,0.0,5.0,2.0,1.2,2.0,0.357,5.0,3.0,1.0,0.143,0.214,3.0,1.0,1.0,0.286,0.0,0.0,0.071,3.0,0.214,0.0,0.0,0.0,1.0,4.0,0.0,0.0,3.0,0.0,6.0,1.0,1.0,,0.0,3.0,8.0,0.0,0.0,0.75,0.533,0.286,0.833,6.0,12.0,0.0,0.0,0.667,0.0,0.5,2.0,3.0,0.667,3.0,0.0,0.0,0.0,1.0,2.0,0.0,0.0,2.0,0.0,3.0,0.0,3.0,2.0,4.0,0.5,3.0,1.0,0.273,0.333,0.573,-0.239,1.0,0.0,,0.5,,,0.0,0.0,1.0,2.0,0.0,0.0,,0.0,0.0,0.0,0.0,6.0,4.0,1.0,0.333,,,2.0,0.0,3.0,3.0,7.0,0.333,6.0,2.0,0.429,2.0,2016,21500001,20151027.0,2015-16,False,1.0,6.0,11.0,0.545,0.447,0.099,3.0,4.0,0.75,0.364,3.0,7.0,0.429,0.483,1.0,3.0,0.333,0.521,5.0,7.0,0.714,0.373,3.0,4.0,2.0,2.0,1.0,0.8,3.0,0.3,1.0,0.1,1.0,0.1,1.0,0.1,,,,,,,,,,,,,,,,,,,,,
200794,Paul Millsap,1610612737,ATL,31.0,31.016666666666666,3,13,0.231,0,3,0.0,8,9,0.889,5,6,11,5,3,4,2,1,4,9,14,-1,0.155,99.8,103.6,0.144,0.188,12.0,62,0.128,0.413,79.96,103.2,98.15,1.67,0.313,95.95,104.8,20.0,-1.6,-3.8,0.269,0.231,0.274,12.0,10.0,0.0,0.091,13.0,55.0,0.091,0.0,50.0,5.0,2.0,2.0,0.5,0.0,0.25,0.25,0.0,4.0,4.0,0.0,0.25,8.0,1.0,2.0,0.0,2.0,4.0,4.0,8.0,77.0,2.8,0.5,0.375,2.2,0.0,4.0,54.0,0.182,1.16,9.0,3.8,11.0,3.7,3.0,0.0,0.611,0.0,1.2,0.714,0.545,18.0,6.0,0.0,3.0,0.0,3.0,0.714,0.5,0.611,7.0,0.545,0.818,4.0,0.0,0.0,0.083,0.0,0.0,0.0,0.0,1.0,0.0,0.083,0.0,1.0,,4.0,0.333,0.0,0.5,0.0,2.0,0.333,4.0,0.5,,2.0,0.5,0.0,4.0,1.0,0.0,0.0,0.333,0.0,0.0,0.0,0.083,0.25,3.0,0.0,0.0,0.25,0.0,1.0,0.083,2.0,0.167,1.0,0.0,0.333,1.0,3.0,0.333,1.0,0.0,0.0,0.0,,,,0.0,0.0,0.0,0.5,2.0,0.0,0.231,0.2,0.333,2.0,3.0,0.0,0.0,0.0,0.0,0.4,5.0,3.0,0.0,0.0,0.0,0.0,0.0,2.0,1.0,0.0,0.0,0.0,0.0,0.0,0.0,0.0,0.0,5.0,0.2,86.0,46.0,0.437,0.535,0.595,-0.06,0.0,0.0,0.0,0.2,,0.0,0.0,0.0,0.5,1.0,0.0,0.333,0.0,0.0,0.0,0.0,1.0,3.0,5.0,3.0,0.0,,,0.0,0.0,1.0,2.0,5.0,0.0,3.0,0.0,0.2,1.0,2016,21500191,20151121.0,2015-16,False,1.0,4.0,10.0,0.4,0.453,-0.053,0.0,3.0,0.0,0.371,4.0,7.0,0.571,0.497,4.0,7.0,0.571,0.553,0.0,3.0,0.0,0.378,0.0,0.0,0.0,0.0,0.0,0.0,4.0,1.0,0.0,0.0,0.0,0.0,0.0,0.0,,,,,,,,,,,,,,,,,,,,,
200794,Paul Millsap,1610612737,ATL,31.0,30.6,5,10,0.5,1,4,0.25,1,2,0.5,1,8,9,3,1,5,0,0,3,2,12,9,0.15,106.3,93.2,0.177,0.258,6.7,59,0.034,0.551,76.47,106.8,91.95,3.0,0.158,91.76,93.1,20.0,13.7,13.1,0.185,0.55,0.179,6.7,7.0,1.0,0.115,10.0,52.0,0.058,2.0,38.0,6.0,0.0,1.0,0.0,0.0,0.0,0.0,0.0,0.0,0.0,0.0,0.5,2.0,0.0,0.0,0.0,1.0,0.0,4.0,4.0,65.0,2.5,0.0,0.0,2.31,0.375,8.0,37.0,0.185,1.31,3.0,3.4,14.0,3.4,5.0,0.0,0.5,0.0,0.0,0.25,0.571,18.0,0.0,0.0,5.0,0.0,3.0,0.25,0.375,0.5,4.0,0.571,0.333,0.0,1.0,0.0,0.1,0.0,0.0,1.0,1.0,1.0,1.0,0.1,1.0,1.0,,2.0,0.2,0.0,0.5,0.0,1.0,0.2,2.0,0.5,,1.0,0.5,0.0,3.0,0.0,0.667,0.0,0.3,2.0,2.0,0.667,0.0,0.3,3.0,0.667,,0.4,1.0,0.0,0.0,4.0,0.4,,0.25,0.375,0.0,4.0,0.25,1.0,0.0,0.0,0.0,0.0,0.0,,0.0,1.0,3.0,0.0,0.0,0.5,0.55,0.4,0.0,5.0,0.0,0.0,,0.667,0.0,1.0,1.0,3.0,0.333,1.0,0.0,0.0,0.0,1.0,1.0,0.0,0.0,1.0,,1.0,,3.0,2.0,2.0,0.5,30.0,16.0,0.375,0.533,0.606,-0.072,2.0,0.0,,0.5,,,,0.0,0.0,1.0,,1.0,,,0.5,0.0,2.0,4.0,2.0,2.0,0.25,,,1.0,1.0,0.0,0.0,5.0,0.25,4.0,1.0,0.5,2.0,2016,21500062,20151104.0,2015-16,False,1.0,5.0,10.0,0.5,0.494,0.006,0.0,3.0,0.0,0.306,5.0,7.0,0.714,0.521,2.0,3.0,0.667,0.557,2.0,5.0,0.4,0.362,1.0,2.0,1.0,2.0,0.5,0.375,4.0,0.5,1.0,0.125,0.0,0.0,1.0,0.125,,,,,,,,,,,,,,,,,,,,,
200794,Paul Millsap,1610612737,ATL,31.0,33.013333333333335,10,14,0.714,3,6,0.5,1,5,0.2,1,1,2,0,2,2,4,0,1,4,24,-3,0.033,106.3,110.4,0.143,0.03,11.1,64,0.037,0.741,77.54,107.8,94.59,0.0,0.0,93.05,112.5,0.0,-4.7,-4.1,0.272,0.821,0.269,11.0,5.0,0.0,0.0,0.0,35.0,0.0,0.0,44.0,0.0,0.0,4.0,1.8,4.0,0.2,0.0,0.0,2.0,1.0,0.0,0.0,5.0,0.5,1.0,1.0,0.0,9.0,2.0,2.0,56.0,2.0,0.0,0.0,2.15,0.4,5.0,41.0,0.429,1.13,1.0,13.7,6.0,18.4,1.0,2.0,0.222,2.0,1.0,0.333,0.25,9.0,1.0,0.0,1.0,0.0,0.0,0.333,0.0,0.286,3.0,0.167,0.5,9.0,0.5,0.0,0.143,0.0,0.0,1.0,1.0,2.0,0.5,0.143,0.5,2.0,,5.0,0.357,0.0,1.0,0.0,5.0,0.357,5.0,1.0,,5.0,1.0,0.0,1.0,0.0,1.0,0.0,0.071,1.0,1.0,1.0,0.0,0.071,1.0,1.0,,0.429,3.0,0.0,0.0,6.0,0.429,,0.5,0.75,0.0,6.0,0.5,3.0,0.0,0.0,0.0,,,,0.0,0.0,2.0,0.0,0.0,0.5,0.821,0.5,0.0,9.0,0.0,0.0,0.0,0.0,0.0,0.667,3.0,6.0,0.5,0.0,0.0,0.0,0.0,2.0,5.0,0.0,0.0,3.0,0.0,0.0,0.0,0.0,0.0,5.0,1.0,293.0,161.0,0.431,0.549,0.603,-0.053,0.0,0.5,,1.0,,,0.0,2.0,1.0,5.0,0.0,0.5,,0.0,0.0,1.0,1.0,4.0,5.0,2.0,0.5,,,2.0,0.0,1.0,1.0,6.0,0.5,6.0,3.0,0.75,3.0,2016,21500750,20160205.0,2015-16,False,1.0,9.0,17.0,0.529,0.469,0.061,1.0,1.0,1.0,0.374,8.0,16.0,0.5,0.489,5.0,10.0,0.5,0.567,3.0,5.0,0.6,0.373,1.0,2.0,0.0,2.0,0.0,0.4,1.0,0.2,0.0,0.0,0.0,0.0,1.0,0.2,,,,,,,,,,,,,,,,,,,,,
200794,Paul Millsap,1610612737,ATL,31.0,35.166666666666664,8,19,0.421,1,2,0.5,9,10,0.9,5,6,11,5,3,1,4,3,2,7,26,7,0.145,112.9,104.6,0.164,0.154,9.4,77,0.135,0.556,88.15,113.0,104.77,1.67,0.208,105.78,102.6,15.6,10.4,8.3,0.3,0.447,0.303,9.6,6.0,0.0,0.087,9.0,46.0,0.109,0.0,52.0,4.0,1.0,3.0,1.0,2.0,0.167,0.167,0.0,2.0,2.0,0.0,0.167,6.0,1.0,1.0,0.667,1.0,6.0,6.0,11.0,74.0,2.4,0.333,1.091,1.96,0.111,9.0,56.0,0.351,0.96,3.0,7.4,12.0,4.3,5.0,1.0,0.524,1.0,0.4,0.556,0.545,21.0,2.0,3.0,8.0,0.0,1.0,0.556,0.167,0.55,9.0,0.5,0.273,11.2,0.333,0.0,0.188,0.0,0.0,1.0,1.0,3.0,0.333,0.188,0.333,3.0,,4.0,0.25,0.0,0.25,0.0,1.0,0.25,4.0,0.25,,1.0,0.25,0.0,7.0,0.0,0.714,0.0,0.438,5.0,5.0,0.714,0.0,0.438,7.0,0.714,,0.125,1.0,0.0,0.0,2.0,0.125,,0.5,0.75,0.0,2.0,0.5,1.0,1.0,0.0,2.0,0.333,0.333,,0.0,3.0,1.0,0.333,2.0,0.0,0.447,0.4,0.667,5.0,12.0,0.0,0.0,0.2,0.0,0.5,2.0,1.0,1.0,0.0,0.0,0.0,0.0,1.0,5.0,0.0,1.0,1.0,0.0,1.0,0.0,5.0,1.0,10.0,0.5,111.0,56.0,0.435,0.505,0.6,-0.096,3.0,0.0,0.0,0.5,,0.0,0.0,0.0,0.5,5.0,0.0,0.0,0.0,0.0,0.333,0.0,0.0,2.0,10.0,2.0,0.5,,,1.0,1.0,1.0,2.0,3.0,0.5,2.0,1.0,0.833,2.0,2016,21500256,20151130.0,2015-16,False,1.0,4.0,13.0,0.308,0.493,-0.185,0.0,1.0,0.0,0.314,4.0,12.0,0.333,0.531,1.0,6.0,0.167,0.607,3.0,7.0,0.429,0.395,0.0,4.0,1.0,2.0,0.5,0.111,3.0,0.333,0.0,0.0,1.0,0.111,1.0,0.111,,,,,,,,,,,,,,,,,,,,,
200794,Paul Millsap,1610612737,ATL,31.0,41.583333333333336,8,18,0.444,3,5,0.6,3,6,0.5,3,10,13,6,6,4,1,1,6,4,22,0,0.178,110.3,104.8,0.104,0.278,18.2,83,0.081,0.533,80.32,109.6,97.7,1.0,0.222,96.38,108.3,18.2,1.3,5.5,0.298,0.528,0.3,18.4,7.0,0.0,0.101,14.0,69.0,0.087,1.0,68.0,7.0,0.0,8.0,0.5,3.0,0.071,0.0,0.0,2.0,1.0,0.0,0.357,14.0,0.5,1.0,0.375,5.0,7.0,1.0,7.0,100.0,3.6,0.0,0.714,2.13,0.0,2.0,69.0,0.22,1.15,5.0,5.2,13.0,4.8,7.0,0.0,0.65,0.0,0.667,0.429,0.769,20.0,2.0,1.0,8.0,0.0,3.0,0.429,0.3,0.65,7.0,0.769,0.385,6.5,0.333,0.0,0.176,0.0,0.0,1.0,1.0,3.0,0.333,0.176,0.333,3.0,,4.0,0.235,2.0,0.75,0.118,4.0,0.353,6.0,0.75,0.5,3.0,0.667,1.0,4.0,0.0,0.25,0.0,0.235,1.0,1.0,0.25,0.0,0.235,4.0,0.25,,0.235,2.0,0.0,0.059,3.0,0.176,0.0,0.667,0.75,1.0,4.0,0.5,2.0,0.0,0.0,0.0,0.0,0.0,,0.0,1.0,0.0,0.0,0.0,0.0,0.528,0.571,0.667,11.0,5.0,0.0,0.0,0.25,0.0,0.5,2.0,4.0,0.75,0.0,0.0,0.0,0.0,1.0,3.0,0.0,1.0,3.0,0.0,1.0,0.0,4.0,1.0,7.0,0.429,300.0,166.0,0.429,0.553,0.603,-0.049,1.0,1.0,,0.5,,,0.0,1.0,1.0,4.0,0.0,0.0,,0.0,0.0,1.0,0.0,5.0,8.0,2.0,0.4,,,2.0,0.0,1.0,1.0,6.0,0.6,5.0,3.0,0.75,3.0,2016,21500780,20160208.0,2015-16,False,1.0,7.0,11.0,0.636,0.473,0.163,0.0,2.0,0.0,0.416,7.0,9.0,0.778,0.498,5.0,6.0,0.833,0.554,2.0,4.0,0.5,0.368,0.0,1.0,0.0,0.0,0.0,0.0,0.0,0.0,1.0,0.5,0.0,0.0,0.0,0.0,,,,,,,,,,,,,,,,,,,,,
200794,Paul Millsap,1610612737,ATL,31.0,36.88333333333333,5,10,0.5,2,4,0.5,6,7,0.857,1,9,10,4,4,2,2,0,3,5,18,1,0.122,96.4,97.4,0.166,0.225,19.0,76,0.024,0.688,82.96,98.7,100.05,1.0,0.182,99.56,96.1,19.0,2.6,-1.0,0.201,0.6,0.2,19.0,11.0,1.0,0.077,10.0,52.0,0.077,0.0,40.0,4.0,1.0,1.0,0.1,0.0,0.1,0.1,0.0,2.0,1.0,0.0,0.7,10.0,0.5,1.0,0.0,7.0,1.0,7.0,1.0,69.0,2.4,0.286,2.0,2.1,1.0,5.0,44.0,0.261,1.22,5.0,4.7,13.0,4.1,4.0,1.0,0.625,1.0,0.0,0.333,0.75,16.0,0.0,1.0,5.0,0.0,5.0,0.333,0.556,0.667,3.0,0.692,0.5,10.2,0.0,0.0,0.1,0.0,0.0,0.0,0.0,1.0,0.0,0.1,0.0,1.0,,3.0,0.3,0.0,1.0,0.0,3.0,0.3,3.0,1.0,,3.0,1.0,0.0,3.0,2.0,0.5,1.0,0.3,1.0,0.0,0.0,0.2,0.1,1.0,0.333,0.5,0.3,1.0,0.0,0.1,2.0,0.2,0.0,0.5,0.5,1.0,3.0,0.333,1.0,0.0,0.0,0.0,0.0,0.0,,0.0,1.0,5.0,1.0,2.0,1.0,0.6,0.4,1.0,6.0,2.0,0.0,0.0,0.0,0.0,0.0,1.0,4.0,0.5,0.0,0.0,0.0,0.0,0.0,3.0,0.0,0.0,2.0,0.0,0.0,0.0,2.0,0.0,3.0,1.0,16.0,6.0,0.381,0.375,0.596,-0.221,1.0,0.0,0.0,1.0,,0.0,0.0,0.0,0.0,3.0,0.0,0.0,0.0,0.0,0.0,0.0,0.0,5.0,3.0,1.0,0.4,,,2.0,0.0,0.0,0.0,5.0,0.5,4.0,2.0,0.6,2.0,2016,21500026,20151030.0,2015-16,False,1.0,7.0,15.0,0.467,0.451,0.015,4.0,5.0,0.8,0.389,3.0,10.0,0.3,0.491,1.0,6.0,0.167,0.559,6.0,9.0,0.667,0.368,1.0,1.0,2.0,2.0,1.0,1.0,1.0,0.2,1.0,0.2,1.0,0.2,1.0,0.2,,,,,,,,,,,,,,,,,,,,,
200794,Paul Millsap,1610612737,ATL,31.0,32.5,3,12,0.25,0,3,0.0,6,6,1.0,5,8,13,4,3,2,5,1,4,4,12,7,0.16,109.0,93.6,0.129,0.195,13.6,66,0.125,0.41,80.62,109.1,100.08,1.33,0.182,96.74,100.0,18.2,9.1,15.5,0.232,0.25,0.234,13.9,6.0,0.0,0.083,10.0,48.0,0.083,0.0,37.0,4.0,1.0,1.0,0.4,0.0,0.2,0.2,0.0,2.0,2.0,0.0,0.4,5.0,1.0,1.0,0.0,2.0,2.0,1.0,10.0,64.0,2.1,2.0,0.6,1.94,0.0,4.0,40.0,0.188,0.97,11.0,4.5,17.0,3.1,3.0,0.0,0.481,1.0,1.0,0.5,0.471,27.0,5.0,0.0,3.0,1.0,6.0,0.556,0.75,0.5,10.0,0.471,0.846,7.1,0.5,0.0,0.182,0.0,0.0,1.0,1.0,2.0,0.5,0.182,0.5,2.0,,5.0,0.455,0.0,0.2,0.0,1.0,0.455,5.0,0.2,,1.0,0.2,0.0,1.0,1.0,0.0,0.0,0.091,0.0,0.0,,0.091,0.0,0.0,0.0,0.0,0.273,0.0,1.0,0.091,2.0,0.182,1.0,0.0,0.333,1.0,3.0,0.333,1.0,0.0,0.0,0.0,,,,0.0,0.0,0.0,1.0,2.0,0.0,0.25,0.25,0.4,2.0,6.0,0.0,0.0,0.5,0.0,0.0,2.0,2.0,0.0,0.0,0.0,0.0,0.0,0.0,2.0,0.0,1.0,0.0,0.0,1.0,0.0,2.0,1.0,5.0,0.4,330.0,188.0,0.428,0.57,0.603,-0.033,0.0,0.0,,0.4,0.0,,0.0,0.0,0.5,2.0,0.0,0.0,,0.0,0.0,0.0,0.0,3.0,5.0,2.0,0.0,0.0,0.0,0.0,0.0,1.0,2.0,4.0,0.0,3.0,0.0,0.25,1.0,2016,21500865,20160226.0,2015-16,False,1.0,10.0,17.0,0.588,0.457,0.131,2.0,2.0,1.0,0.297,8.0,15.0,0.533,0.48,5.0,10.0,0.5,0.52,4.0,6.0,0.667,0.376,0.0,3.0,0.0,0.0,0.0,0.0,1.0,0.25,0.0,0.0,0.0,0.0,0.0,0.0,,,,,,,,,,,,,,,,,,,,,
200794,Paul Millsap,1610612737,ATL,31.0,34.93333333333333,7,13,0.538,2,5,0.4,0,0,0.0,1,5,6,6,0,0,2,0,3,2,16,-3,0.082,105.2,112.2,0.13,0.135,0.0,68,0.028,0.615,78.44,107.4,94.2,0.0,0.273,94.12,110.1,31.6,-2.8,-7.0,0.172,0.615,0.171,0.0,10.0,0.0,0.115,14.0,52.0,0.115,0.0,46.0,6.0,0.0,3.0,0.4,1.0,0.0,0.0,0.2,0.0,0.0,1.0,0.2,5.0,0.0,0.0,0.333,1.0,2.0,4.0,8.0,66.0,2.1,0.5,0.5,1.87,0.0,9.0,46.0,0.242,0.8,1.0,4.7,10.0,4.3,5.0,2.0,0.353,2.0,1.0,0.143,0.625,17.0,1.0,0.0,5.0,0.0,0.0,0.143,0.0,0.4,7.0,0.5,0.167,6.6,1.0,0.0,0.077,0.0,0.0,1.0,1.0,1.0,1.0,0.077,1.0,1.0,,5.0,0.385,0.0,0.8,0.0,4.0,0.385,5.0,0.8,,4.0,0.8,0.0,4.0,3.0,0.75,2.0,0.308,2.0,0.0,0.0,0.231,0.077,1.0,0.5,0.667,0.231,0.0,0.0,0.077,2.0,0.154,0.0,0.0,0.0,1.0,3.0,0.0,0.0,1.0,0.0,2.0,1.0,1.0,,0.0,1.0,0.0,1.0,2.0,0.0,0.615,0.429,1.0,8.0,4.0,0.0,0.0,0.5,0.0,0.5,4.0,5.0,0.4,0.0,0.0,0.0,0.0,2.0,2.0,0.0,0.0,2.0,0.0,0.0,0.0,2.0,1.0,2.0,1.0,20.0,9.0,0.351,0.45,0.596,-0.146,1.0,0.5,,1.0,0.0,,0.0,4.0,0.667,2.0,0.0,0.5,,0.0,0.0,2.0,1.0,1.0,2.0,2.0,0.0,0.0,0.0,0.0,0.0,2.0,3.0,7.0,0.4,5.0,2.0,0.571,3.0,2016,21500039,20151101.0,2015-16,False,1.0,8.0,15.0,0.533,0.433,0.1,3.0,7.0,0.429,0.366,5.0,8.0,0.625,0.466,4.0,5.0,0.8,0.519,3.0,7.0,0.429,0.369,0.0,0.0,0.0,0.0,0.0,0.0,5.0,0.556,2.0,0.222,0.0,0.0,0.0,0.0,,,,,,,,,,,,,,,,,,,,,
200794,Paul Millsap,1610612737,ATL,31.0,34.10166666666667,6,15,0.4,0,2,0.0,1,3,0.333,3,7,10,1,1,4,1,0,2,5,13,1,0.135,107.3,108.2,0.099,0.2,5.6,78,0.077,0.398,90.32,109.0,110.38,1.0,0.048,108.38,110.5,5.6,-1.6,-0.9,0.201,0.4,0.195,5.5,5.0,0.0,0.024,3.0,41.0,0.024,0.0,34.0,1.0,0.0,3.0,0.5,1.0,0.0,0.0,0.0,0.0,0.0,0.0,0.25,4.0,0.0,0.0,0.333,1.0,2.0,3.0,10.0,59.0,1.9,0.0,0.7,1.98,1.0,4.0,36.0,0.22,1.08,4.0,3.5,10.0,2.8,4.0,1.0,0.625,2.0,0.333,0.5,0.778,16.0,1.0,2.0,6.0,1.0,3.0,0.6,0.429,0.714,6.0,0.7,0.4,5.3,0.0,0.0,0.067,0.0,0.0,0.0,0.0,1.0,0.0,0.067,0.0,1.0,,9.0,0.6,0.0,0.556,0.0,5.0,0.6,9.0,0.556,,5.0,0.556,0.0,2.0,0.0,0.0,0.0,0.133,0.0,0.0,0.0,0.0,0.133,2.0,0.0,,0.2,0.0,1.0,0.067,2.0,0.133,1.0,0.0,0.333,1.0,3.0,0.333,1.0,2.0,0.0,4.0,0.4,0.4,,0.0,5.0,4.0,0.0,0.0,0.667,0.4,0.0,0.6,0.0,7.0,0.0,0.0,0.25,0.0,0.5,4.0,2.0,0.0,0.0,0.0,0.0,0.0,2.0,3.0,0.0,0.0,0.0,0.0,0.0,0.0,4.0,1.0,5.0,0.6,382.0,216.0,0.42,0.565,0.603,-0.037,2.0,0.0,0.0,0.429,0.0,0.0,0.0,2.0,0.5,3.0,0.0,1.0,0.0,0.0,0.0,0.0,2.0,0.0,7.0,2.0,0.0,0.0,0.0,0.0,0.0,1.0,2.0,3.0,0.0,2.0,0.0,0.0,0.0,2016,21501007,20160316.0,2015-16,False,1.0,8.0,13.0,0.615,0.469,0.147,2.0,6.0,0.333,0.325,6.0,7.0,0.857,0.519,6.0,7.0,0.857,0.544,2.0,6.0,0.333,0.344,2.0,3.0,0.0,0.0,0.0,1.0,1.0,0.25,0.0,0.0,0.0,0.0,0.0,0.0,,,,,,,,,,,,,,,,,,,,,
200794,Paul Millsap,1610612737,ATL,31.0,33.93666666666667,7,10,0.7,3,3,1.0,6,7,0.857,2,7,9,2,1,2,0,1,3,5,23,7,0.13,110.5,100.1,0.203,0.184,6.3,72,0.065,0.879,84.27,109.7,101.44,2.0,0.091,101.13,101.4,12.5,8.3,10.5,0.184,0.85,0.177,6.2,6.0,0.0,0.023,3.0,43.0,0.047,0.0,35.0,1.0,0.0,0.0,0.4,0.0,0.2,0.0,0.0,2.0,2.0,0.0,0.8,5.0,1.0,1.0,0.0,4.0,2.0,2.0,6.0,58.0,2.0,0.0,1.0,2.11,1.0,4.0,32.0,0.397,1.34,4.0,5.6,12.0,6.2,5.0,1.0,0.5,1.0,1.0,0.333,0.636,18.0,2.0,0.0,5.0,0.0,2.0,0.333,0.286,0.529,6.0,0.583,0.444,3.8,0.0,0.0,0.111,0.0,0.0,0.0,0.0,1.0,0.0,0.111,0.0,1.0,,5.0,0.556,0.0,0.8,0.0,4.0,0.556,5.0,0.8,,4.0,0.8,0.0,,,,,,,,,,,,,,0.333,3.0,0.0,0.0,3.0,0.333,,1.0,1.5,0.0,3.0,1.0,3.0,0.0,0.0,0.0,,,,0.0,0.0,4.0,0.0,0.0,0.5,0.85,1.0,0.667,11.0,6.0,1.0,0.0,0.0,1.0,0.0,1.0,2.0,1.0,0.0,1.0,0.0,0.0,0.0,4.0,1.0,1.0,2.0,0.0,1.0,0.0,0.0,0.0,6.0,0.667,251.0,137.0,0.432,0.546,0.6,-0.055,0.0,1.0,,0.667,,,0.0,1.0,0.0,4.0,0.0,0.0,,0.0,0.0,1.0,0.0,2.0,6.0,1.0,1.0,,,2.0,0.0,0.0,0.0,4.0,1.0,3.0,3.0,1.375,4.0,2016,21500639,20160120.0,2015-16,False,1.0,7.0,21.0,0.333,0.443,-0.109,1.0,8.0,0.125,0.365,6.0,13.0,0.462,0.477,4.0,8.0,0.5,0.492,1.0,10.0,0.1,0.391,1.0,2.0,2.0,2.0,1.0,1.0,1.0,0.25,0.0,0.0,0.0,0.0,1.0,0.25,,,,,,,,,,,,,,,,,,,,,
200794,Paul Millsap,1610612737,ATL,31.0,27.631666666666668,4,8,0.5,1,3,0.333,1,4,0.25,3,5,8,6,2,1,1,1,3,2,10,24,0.133,124.6,86.1,0.103,0.179,11.1,59,0.094,0.512,84.69,125.4,102.0,3.0,0.25,101.62,86.2,33.3,39.2,38.4,0.172,0.563,0.174,11.3,11.0,0.0,0.152,15.0,46.0,0.13,1.0,39.0,7.0,1.0,1.0,0.333,1.0,0.0,0.167,0.0,0.0,0.0,0.0,0.667,6.0,0.0,0.0,1.0,4.0,2.0,3.0,3.0,60.0,2.1,0.667,1.0,2.07,0.2,10.0,39.0,0.167,1.07,4.0,5.3,9.0,3.9,3.0,1.0,0.615,1.0,0.667,0.75,0.625,13.0,2.0,1.0,4.0,0.0,2.0,0.75,0.4,0.667,4.0,0.556,0.5,7.6,,,,,,,,,,,,,,3.0,0.429,0.0,1.0,0.0,3.0,0.429,3.0,1.0,,3.0,1.0,0.0,1.0,0.0,0.0,0.0,0.143,0.0,0.0,0.0,0.0,0.143,1.0,0.0,,0.429,1.0,0.0,0.0,3.0,0.429,,0.333,0.5,0.0,3.0,0.333,1.0,1.0,0.0,2.0,0.5,0.5,,0.0,2.0,2.0,1.0,2.0,0.5,0.563,0.5,0.5,5.0,3.0,0.0,,0.0,0.0,1.0,2.0,3.0,0.333,0.0,0.0,0.0,0.0,2.0,1.0,0.0,0.0,1.0,,0.0,,1.0,0.0,2.0,0.5,40.0,25.0,0.444,0.625,0.575,0.05,0.0,0.0,,0.5,,,,0.0,0.667,1.0,,0.0,,,0.0,0.0,0.0,3.0,2.0,0.0,0.333,,,1.0,0.0,2.0,3.0,4.0,0.333,3.0,1.0,0.625,2.0,2016,41500135,20160426.0,2015-16,True,1.0,7.0,13.0,0.538,0.429,0.109,1.0,3.0,0.333,0.325,6.0,10.0,0.6,0.466,2.0,5.0,0.4,0.536,2.0,5.0,0.4,0.363,1.0,2.0,0.0,2.0,0.0,0.2,4.0,0.4,2.0,0.2,1.0,0.1,1.0,0.1,11.0,9.0,2.0,3.0,0.0,1.0,2.0,0.0,0.0,0.0,0.0,0.0,0.0,0.0,0.0,0.0,0.0,0.0,0.0,0.0,0.0
200794,Paul Millsap,1610612737,ATL,31.0,34.8,9,19,0.474,0,1,0.0,5,6,0.833,6,10,16,3,2,3,2,0,4,6,23,4,0.195,98.8,93.3,0.217,0.263,7.4,75,0.136,0.531,85.63,98.7,103.42,1.5,0.167,102.76,94.6,11.1,4.1,5.5,0.275,0.474,0.276,7.5,8.0,0.0,0.081,8.0,62.0,0.048,2.0,54.0,5.0,0.0,3.0,0.4,0.0,0.2,0.0,0.0,2.0,2.0,0.0,0.0,5.0,1.0,1.0,0.0,0.0,2.0,5.0,15.0,93.0,2.5,0.8,0.933,1.64,0.667,3.0,59.0,0.247,0.68,11.0,8.4,15.0,4.9,4.0,1.0,0.696,2.0,0.833,0.75,0.714,23.0,5.0,2.0,6.0,1.0,6.0,0.857,0.6,0.762,8.0,0.667,0.688,13.4,0.5,0.0,0.316,0.0,0.0,3.0,3.0,6.0,0.5,0.316,0.5,6.0,,9.0,0.474,0.0,0.556,0.0,5.0,0.474,9.0,0.556,,5.0,0.556,0.0,3.0,1.0,0.333,0.0,0.158,1.0,1.0,0.5,0.053,0.105,2.0,0.333,0.0,0.053,0.0,0.0,0.053,0.0,0.0,0.0,,0.0,1.0,1.0,0.0,0.0,0.0,0.0,0.0,,,,0.0,0.0,2.0,0.667,4.0,0.5,0.474,0.333,0.636,2.0,14.0,0.0,0.0,0.0,0.0,0.75,4.0,0.0,0.0,1.0,0.0,0.0,0.0,3.0,6.0,0.0,0.0,0.0,0.0,1.0,0.0,3.0,0.0,11.0,0.545,80.0,42.0,0.428,0.525,0.594,-0.069,1.0,0.0,,0.545,,,0.0,0.0,0.667,6.0,0.0,0.333,,0.0,0.0,0.0,1.0,1.0,11.0,3.0,0.0,,,0.0,0.0,2.0,3.0,3.0,0.0,1.0,0.0,0.333,1.0,2016,21500169,20151118.0,2015-16,False,1.0,3.0,10.0,0.3,0.474,-0.174,0.0,1.0,0.0,0.405,3.0,9.0,0.333,0.499,3.0,9.0,0.333,0.534,0.0,1.0,0.0,0.442,1.0,2.0,0.0,0.0,0.0,0.667,0.0,0.0,0.0,0.0,1.0,0.333,0.0,0.0,,,,,,,,,,,,,,,,,,,,,
200794,Paul Millsap,1610612737,ATL,31.0,24.55,3,9,0.333,0,2,0.0,6,7,0.857,0,6,6,1,2,1,0,0,2,5,12,14,0.136,111.3,85.1,0.106,0.25,13.3,52,0.0,0.497,84.73,111.5,101.51,0.5,0.067,101.67,84.6,6.7,26.9,26.2,0.26,0.333,0.259,13.3,4.0,2.0,0.077,6.0,39.0,0.026,0.0,34.0,3.0,0.0,2.0,1.25,1.0,0.25,0.0,0.0,2.0,2.0,0.0,0.25,4.0,1.0,1.0,0.5,1.0,5.0,2.0,2.0,54.0,1.5,1.0,0.0,1.7,1.0,2.0,35.0,0.222,0.76,4.0,4.5,9.0,4.5,2.0,1.0,0.6,1.0,0.0,0.0,0.75,10.0,0.0,0.0,2.0,0.0,4.0,0.0,0.667,0.667,1.0,0.667,0.667,0.0,,,,,,,,,,,,,,2.0,0.222,0.0,1.0,0.0,2.0,0.222,2.0,1.0,,2.0,1.0,0.0,5.0,0.0,0.2,0.0,0.556,1.0,1.0,0.2,0.0,0.556,5.0,0.2,,0.222,0.0,0.0,0.0,2.0,0.222,,0.0,0.0,0.0,2.0,0.0,0.0,0.0,0.0,0.0,0.0,0.0,,0.0,1.0,2.0,0.5,2.0,0.0,0.333,0.25,0.0,2.0,0.0,0.0,0.0,0.333,0.0,0.0,1.0,0.0,0.0,1.0,0.0,0.0,0.0,0.0,2.0,0.0,1.0,0.0,0.0,2.0,0.0,3.0,1.0,3.0,0.667,169.0,91.0,0.437,0.538,0.6,-0.062,2.0,0.0,,0.667,0.0,,0.0,0.0,0.0,2.0,0.0,0.0,,0.0,0.5,0.0,0.0,2.0,3.0,0.0,0.0,0.0,0.0,0.0,1.0,0.0,2.0,4.0,0.0,2.0,0.0,0.25,1.0,2016,21500413,20151221.0,2015-16,False,1.0,2.0,7.0,0.286,0.462,-0.176,0.0,3.0,0.0,0.39,2.0,4.0,0.5,0.513,2.0,3.0,0.667,0.536,0.0,4.0,0.0,0.409,0.0,1.0,2.0,2.0,1.0,1.0,0.0,0.0,0.0,0.0,0.0,0.0,1.0,0.5,,,,,,,,,,,,,,,,,,,,,
200794,Paul Millsap,1610612737,ATL,31.0,30.933333333333334,3,14,0.214,0,3,0.0,3,5,0.6,6,2,8,3,2,0,3,1,3,4,9,-10,0.127,97.2,110.2,0.004,0.067,9.5,67,0.182,0.278,86.64,97.0,104.65,1.5,0.125,103.97,111.9,14.3,-14.9,-13.0,0.243,0.214,0.24,9.4,6.0,0.0,0.069,4.0,29.0,0.103,0.0,34.0,2.0,1.0,3.0,0.4,1.0,0.0,0.2,0.0,0.0,0.0,0.0,0.2,5.0,0.0,0.0,0.333,1.0,2.0,0.0,10.0,47.0,1.4,0.0,0.0,1.85,1.0,6.0,37.0,0.191,1.0,4.0,4.6,3.0,7.4,2.0,0.0,0.727,0.0,0.667,0.75,0.667,11.0,4.0,2.0,4.0,0.0,0.0,0.75,0.0,0.727,8.0,0.667,0.5,3.7,0.4,0.0,0.385,0.0,0.0,2.0,2.0,5.0,0.4,0.385,0.4,5.0,,5.0,0.385,1.0,0.2,0.077,1.0,0.462,6.0,0.167,0.0,1.0,0.167,0.0,,,,,,,,,,,,,,0.154,0.0,0.0,0.0,2.0,0.154,,0.0,0.0,0.0,2.0,0.0,0.0,0.0,0.0,0.0,,,,0.0,0.0,6.0,0.0,0.0,0.5,0.214,0.0,0.0,0.0,0.0,0.0,,1.0,0.0,0.333,6.0,3.0,0.0,0.0,0.0,0.0,0.0,2.0,0.0,0.0,0.0,0.0,,0.0,,1.0,1.0,4.0,0.0,463.0,252.0,0.426,0.544,0.603,-0.059,0.0,0.0,0.0,0.0,0.0,0.0,,3.0,0.0,0.0,,0.5,0.0,,0.0,0.0,3.0,0.0,5.0,6.0,0.0,0.0,0.0,0.0,0.0,0.0,0.0,3.0,0.0,3.0,0.0,0.0,0.0,2016,21501203,20160411.0,2015-16,False,1.0,5.0,12.0,0.417,0.447,-0.03,2.0,6.0,0.333,0.386,3.0,6.0,0.5,0.506,2.0,3.0,0.667,0.593,3.0,7.0,0.429,0.397,2.0,4.0,1.0,2.0,0.5,1.0,1.0,0.167,0.0,0.0,0.0,0.0,1.0,0.167,,,,,,,,,,,,,,,,,,,,,
200794,Paul Millsap,1610612737,ATL,31.0,33.315,4,13,0.308,1,4,0.25,2,4,0.5,2,5,7,1,3,1,1,2,3,4,11,-26,0.097,73.6,110.8,0.022,0.152,15.8,71,0.051,0.373,85.85,74.6,103.25,0.33,0.067,103.02,109.7,5.3,-35.1,-37.3,0.231,0.346,0.231,16.0,6.0,0.0,0.02,2.0,51.0,0.02,0.0,50.0,1.0,1.0,4.0,0.333,1.0,0.0,0.167,0.0,0.0,0.0,0.0,0.0,6.0,0.0,0.0,0.25,0.0,2.0,6.0,10.0,73.0,2.5,0.333,0.3,2.05,0.0,4.0,50.0,0.151,1.18,3.0,7.0,10.0,8.0,4.0,2.0,0.438,2.0,1.0,0.333,0.625,16.0,2.0,0.0,4.0,0.0,1.0,0.333,0.2,0.5,6.0,0.5,0.429,4.5,0.0,0.0,0.182,0.0,0.0,0.0,0.0,2.0,0.0,0.182,0.0,2.0,,5.0,0.455,0.0,0.6,0.0,3.0,0.455,5.0,0.6,,3.0,0.6,0.0,1.0,1.0,0.0,0.0,0.091,0.0,0.0,,0.091,0.0,0.0,0.0,0.0,0.273,1.0,0.0,0.0,3.0,0.273,,0.333,0.5,0.0,3.0,0.333,1.0,0.0,0.0,0.0,,,,0.0,0.0,0.0,0.5,2.0,0.0,0.346,0.25,0.5,3.0,3.0,0.0,0.0,0.0,0.0,0.5,2.0,3.0,0.333,0.0,0.0,0.0,0.0,1.0,2.0,0.0,1.0,1.0,0.0,1.0,0.0,1.0,0.0,6.0,0.333,323.0,183.0,0.428,0.567,0.604,-0.037,0.0,0.0,0.0,0.333,,0.0,0.0,1.0,0.0,2.0,0.0,0.333,0.0,0.0,0.0,0.0,1.0,3.0,6.0,3.0,0.333,,,1.0,0.0,0.0,0.0,4.0,0.25,4.0,1.0,0.375,1.0,2016,21500836,20160222.0,2015-16,False,1.0,4.0,10.0,0.4,0.48,-0.08,2.0,8.0,0.25,0.385,2.0,2.0,1.0,0.556,2.0,2.0,1.0,0.628,2.0,8.0,0.25,0.395,0.0,2.0,0.0,0.0,0.0,0.0,2.0,0.5,0.0,0.0,0.0,0.0,0.0,0.0,,,,,,,,,,,,,,,,,,,,,
200794,Paul Millsap,1610612737,ATL,31.0,32.71666666666667,6,14,0.429,0,2,0.0,7,8,0.875,2,14,16,2,2,3,0,0,3,9,19,11,0.225,104.4,84.2,0.245,0.359,9.5,68,0.063,0.542,82.53,104.4,102.2,1.0,0.1,99.03,89.6,9.5,14.9,20.2,0.271,0.429,0.26,9.3,4.0,0.0,0.038,4.0,53.0,0.038,0.0,44.0,2.0,1.0,2.0,0.167,0.0,0.167,0.167,0.0,2.0,1.0,0.0,0.333,6.0,0.5,1.0,0.0,2.0,1.0,5.0,6.0,75.0,2.8,0.0,0.333,2.2,0.25,8.0,44.0,0.253,1.28,10.0,3.4,18.0,3.7,6.0,0.0,0.762,0.0,1.0,0.667,0.778,21.0,2.0,0.0,6.0,0.0,8.0,0.667,0.571,0.762,3.0,0.778,0.625,1.2,0.25,0.0,0.286,0.0,0.0,1.0,1.0,4.0,0.25,0.286,0.25,4.0,,7.0,0.5,0.0,0.571,0.0,4.0,0.5,7.0,0.571,,4.0,0.571,0.0,2.0,1.0,0.5,0.0,0.143,1.0,1.0,1.0,0.071,0.071,1.0,0.5,0.0,0.071,0.0,0.0,0.0,1.0,0.071,,0.0,0.0,0.0,1.0,0.0,0.0,1.0,0.0,2.0,0.5,0.5,,0.0,2.0,2.0,0.0,0.0,0.333,0.429,0.0,1.0,0.0,2.0,0.0,0.0,0.333,0.0,0.4,5.0,2.0,0.0,0.0,0.0,0.0,0.0,2.0,3.0,0.0,0.0,0.0,0.0,0.0,0.0,3.0,1.0,4.0,0.75,53.0,29.0,0.387,0.547,0.592,-0.044,2.0,0.0,,0.75,,,0.0,0.0,0.5,3.0,0.0,0.333,,0.0,0.5,0.0,1.0,3.0,4.0,3.0,0.0,,,0.0,1.0,1.0,2.0,3.0,0.0,2.0,0.0,0.0,0.0,2016,21500117,20151111.0,2015-16,False,1.0,9.0,17.0,0.529,0.428,0.102,3.0,4.0,0.75,0.375,6.0,13.0,0.462,0.467,3.0,9.0,0.333,0.501,5.0,6.0,0.833,0.383,1.0,3.0,0.0,0.0,0.0,0.25,5.0,0.625,0.0,0.0,0.0,0.0,0.0,0.0,,,,,,,,,,,,,,,,,,,,,
200794,Paul Millsap,1610612737,ATL,31.0,37.225,8,14,0.571,1,1,1.0,3,4,0.75,5,13,18,5,3,3,0,3,3,6,20,10,0.237,110.9,98.9,0.21,0.333,13.0,80,0.135,0.635,86.5,113.8,105.68,1.67,0.185,103.8,100.0,21.7,13.8,12.0,0.204,0.607,0.194,12.6,11.0,0.0,0.095,12.0,63.0,0.079,1.0,51.0,6.0,0.0,3.0,0.571,2.0,0.0,0.0,0.286,0.0,0.0,2.0,0.286,7.0,0.0,0.0,0.667,2.0,4.0,5.0,9.0,86.0,3.1,0.4,0.444,2.16,0.286,7.0,53.0,0.233,1.15,3.0,5.3,12.0,4.6,12.0,0.0,0.9,0.0,0.4,0.625,1.083,20.0,2.0,3.0,15.0,0.0,1.0,0.625,0.077,0.9,8.0,1.083,0.167,7.4,0.5,0.0,0.182,0.0,0.0,1.0,1.0,2.0,0.5,0.182,0.5,2.0,,6.0,0.545,0.0,0.833,0.0,5.0,0.545,6.0,0.833,,5.0,0.833,0.0,2.0,0.0,0.5,0.0,0.182,1.0,1.0,0.5,0.0,0.182,2.0,0.5,,0.091,1.0,0.0,0.0,1.0,0.091,,1.0,1.5,0.0,1.0,1.0,1.0,1.0,0.0,2.0,0.333,0.333,,0.0,3.0,2.0,1.0,2.0,0.333,0.607,1.0,0.5,3.0,4.0,0.0,0.0,0.0,0.0,0.5,4.0,1.0,1.0,0.0,0.0,0.0,0.0,2.0,5.0,0.0,0.0,1.0,0.0,0.0,0.0,1.0,0.0,8.0,0.625,347.0,196.0,0.416,0.565,0.602,-0.038,1.0,0.0,0.0,0.636,0.0,0.0,0.0,0.0,0.0,7.0,0.0,0.0,0.0,0.0,0.0,0.0,0.0,1.0,11.0,0.0,1.0,0.0,0.0,1.0,0.0,0.0,1.0,1.0,1.0,1.0,1.0,1.5,1.0,2016,21500929,20160305.0,2015-16,False,1.0,5.0,16.0,0.313,0.431,-0.119,4.0,10.0,0.4,0.348,1.0,6.0,0.167,0.517,1.0,4.0,0.25,0.57,4.0,11.0,0.364,0.363,1.0,3.0,0.0,0.0,0.0,0.286,2.0,0.286,1.0,0.143,1.0,0.143,0.0,0.0,,,,,,,,,,,,,,,,,,,,,
200794,Paul Millsap,1610612737,ATL,31.0,33.483333333333334,6,13,0.462,0,3,0.0,8,10,0.8,1,7,8,4,3,2,0,1,4,8,20,14,0.125,111.5,92.3,0.16,0.233,12.5,73,0.029,0.575,87.21,112.3,105.54,1.33,0.167,104.65,93.2,16.7,19.2,19.2,0.25,0.462,0.241,12.3,5.0,0.0,0.083,8.0,48.0,0.083,0.0,46.0,4.0,0.0,3.0,0.6,1.0,0.2,0.0,0.0,2.0,1.0,0.0,0.2,5.0,0.5,1.0,0.333,1.0,3.0,3.0,5.0,69.0,2.4,0.0,1.2,2.1,0.25,8.0,44.0,0.29,1.25,2.0,4.6,9.0,4.8,6.0,0.0,0.571,0.0,1.0,0.2,0.778,14.0,1.0,0.0,6.0,0.0,1.0,0.2,0.143,0.571,5.0,0.778,0.25,3.5,1.0,0.0,0.25,0.0,0.0,3.0,3.0,3.0,1.0,0.25,1.0,3.0,,5.0,0.417,0.0,0.4,0.0,2.0,0.417,5.0,0.4,,2.0,0.4,0.0,1.0,0.0,1.0,0.0,0.083,1.0,1.0,1.0,0.0,0.083,1.0,1.0,,0.25,0.0,0.0,0.0,3.0,0.25,,0.0,0.0,0.0,3.0,0.0,0.0,0.0,0.0,0.0,,,,0.0,0.0,2.0,0.0,0.0,0.5,0.462,0.4,1.0,4.0,6.0,0.0,0.0,1.0,0.0,0.0,3.0,2.0,0.0,0.0,0.0,0.0,0.0,0.0,5.0,0.0,1.0,0.0,0.0,1.0,0.0,1.0,1.0,6.0,0.833,161.0,86.0,0.438,0.534,0.6,-0.066,1.0,0.0,,0.714,0.0,,0.0,0.0,0.0,5.0,0.0,0.0,,0.0,1.0,0.0,0.0,3.0,7.0,2.0,0.0,0.0,0.0,0.0,1.0,0.0,0.0,5.0,0.0,3.0,0.0,0.4,2.0,2016,21500389,20151218.0,2015-16,False,1.0,7.0,16.0,0.438,0.448,-0.011,2.0,4.0,0.5,0.338,5.0,12.0,0.417,0.487,4.0,9.0,0.444,0.541,3.0,7.0,0.429,0.356,1.0,2.0,0.0,0.0,0.0,0.25,3.0,0.375,0.0,0.0,2.0,0.25,0.0,0.0,,,,,,,,,,,,,,,,,,,,,
200794,Paul Millsap,1610612737,ATL,31.0,32.61666666666667,8,16,0.5,0,2,0.0,5,6,0.833,0,7,7,5,3,1,1,2,2,5,21,32,0.091,119.8,67.0,0.196,0.152,11.1,62,0.0,0.563,76.03,121.0,93.3,1.67,0.25,91.24,69.4,18.5,51.6,52.8,0.315,0.5,0.319,11.3,8.0,0.0,0.167,14.0,42.0,0.119,2.0,50.0,7.0,0.0,3.0,0.5,1.0,0.0,0.0,0.0,0.0,0.0,0.0,0.25,4.0,0.0,0.0,0.333,1.0,2.0,10.0,6.0,66.0,2.3,0.5,1.333,2.12,1.0,8.0,49.0,0.318,1.21,0.0,9.9,20.0,9.9,7.0,3.0,0.292,3.0,0.0,0.0,0.412,24.0,0.0,0.0,7.0,0.0,0.0,0.0,0.0,0.333,4.0,0.35,0.0,0.0,,,,,,,,,,,,,,8.0,0.571,0.0,0.75,0.0,6.0,0.571,8.0,0.75,,6.0,0.75,0.0,5.0,1.0,0.4,0.0,0.357,2.0,2.0,0.5,0.071,0.286,4.0,0.4,0.0,0.071,0.0,0.0,0.0,1.0,0.071,,0.0,0.0,0.0,1.0,0.0,0.0,0.0,0.0,0.0,,,,0.0,0.0,8.0,1.0,5.0,1.0,0.5,0.0,1.0,0.0,8.0,0.0,0.0,0.5,0.0,1.0,2.0,1.0,0.0,0.0,0.0,0.0,0.0,2.0,5.0,0.0,1.0,0.0,0.0,1.0,0.0,2.0,1.0,10.0,0.5,367.0,207.0,0.418,0.564,0.602,-0.038,1.0,0.0,0.0,0.5,0.0,0.0,0.0,0.0,1.0,5.0,0.0,0.0,0.0,0.0,0.0,0.0,0.0,2.0,10.0,0.0,0.0,0.0,0.0,0.0,0.0,3.0,3.0,3.0,0.0,2.0,0.0,0.0,0.0,2016,21500974,20160312.0,2015-16,False,1.0,4.0,15.0,0.267,0.455,-0.188,,,,,4.0,15.0,0.267,0.472,3.0,11.0,0.273,0.524,1.0,4.0,0.25,0.324,2.0,2.0,4.0,4.0,1.0,1.0,3.0,0.375,0.0,0.0,0.0,0.0,2.0,0.25,,,,,,,,,,,,,,,,,,,,,
200794,Paul Millsap,1610612737,ATL,31.0,40.97833333333333,5,17,0.294,1,6,0.167,8,10,0.8,3,4,7,4,2,3,4,1,3,5,19,1,0.081,97.7,94.1,0.113,0.082,7.1,78,0.081,0.444,76.14,97.4,92.26,2.0,0.2,91.37,96.2,14.3,1.3,3.6,0.279,0.324,0.282,7.3,7.0,0.0,0.08,12.0,50.0,0.08,0.0,52.0,4.0,1.0,5.0,0.4,0.0,0.2,0.1,0.1,4.0,4.0,1.0,0.1,10.0,1.0,2.0,0.0,1.0,4.0,2.0,7.0,76.0,2.4,0.0,1.143,1.88,1.667,3.0,54.0,0.25,0.82,3.0,7.0,10.0,5.0,2.0,2.0,0.389,3.0,0.333,0.375,0.5,18.0,1.0,2.0,4.0,1.0,2.0,0.429,0.5,0.467,8.0,0.4,0.429,9.8,0.667,0.0,0.188,0.0,0.0,2.0,2.0,3.0,0.667,0.188,0.667,3.0,,4.0,0.25,0.0,0.25,0.0,1.0,0.25,4.0,0.25,,1.0,0.25,0.0,5.0,2.0,0.5,1.0,0.313,2.0,1.0,0.333,0.125,0.188,3.0,0.4,0.5,0.25,0.0,0.0,0.0,4.0,0.25,,0.0,0.0,0.0,4.0,0.0,0.0,0.0,0.0,0.0,0.0,0.0,,0.0,1.0,5.0,0.0,0.0,1.0,0.324,0.25,0.667,5.0,8.0,0.0,0.0,0.25,0.0,0.5,2.0,5.0,0.2,0.0,0.0,0.0,0.0,1.0,2.0,0.0,1.0,1.0,0.0,1.0,0.0,4.0,1.0,5.0,0.4,338.0,194.0,0.421,0.574,0.603,-0.029,2.0,0.0,0.0,0.4,0.0,0.0,0.0,2.0,0.0,2.0,0.0,1.0,0.0,0.0,0.0,0.0,2.0,4.0,5.0,2.0,0.25,0.0,0.0,1.0,0.0,0.0,2.0,8.0,0.167,6.0,1.0,0.313,2.0,2016,21500895,20160301.0,2015-16,False,1.0,6.0,16.0,0.375,0.492,-0.117,2.0,6.0,0.333,0.396,4.0,10.0,0.4,0.527,4.0,5.0,0.8,0.577,2.0,9.0,0.222,0.394,2.0,2.0,1.0,2.0,0.5,1.667,0.0,0.0,0.0,0.0,0.0,0.0,1.0,0.333,,,,,,,,,,,,,,,,,,,,,
200794,Paul Millsap,1610612737,ATL,31.0,36.71666666666667,4,10,0.4,0,3,0.0,9,11,0.818,0,8,8,2,3,1,4,0,2,11,17,-6,0.1,87.3,91.6,0.18,0.174,15.0,78,0.0,0.573,86.06,88.5,105.19,0.67,0.105,103.28,93.8,10.0,-5.3,-4.2,0.218,0.4,0.22,15.1,7.0,0.0,0.037,4.0,54.0,0.037,0.0,54.0,2.0,0.0,0.0,0.167,0.0,0.167,0.0,0.0,2.0,1.0,0.0,0.667,6.0,0.5,1.0,0.0,4.0,1.0,2.0,3.0,73.0,2.6,0.0,1.667,2.1,0.6,10.0,48.0,0.233,1.03,4.0,4.4,16.0,4.4,4.0,5.0,0.4,6.0,0.0,0.0,0.727,20.0,0.0,0.0,4.0,1.0,4.0,0.0,0.5,0.571,4.0,0.5,0.5,0.0,0.333,0.0,0.3,0.0,0.0,1.0,1.0,3.0,0.333,0.3,0.333,3.0,,3.0,0.3,0.0,1.0,0.0,3.0,0.3,3.0,1.0,,3.0,1.0,0.0,1.0,0.0,0.0,0.0,0.1,0.0,0.0,0.0,0.0,0.1,1.0,0.0,,0.3,0.0,0.0,0.0,3.0,0.3,,0.0,0.0,0.0,3.0,0.0,0.0,0.0,0.0,0.0,0.0,0.0,,0.0,2.0,6.0,0.0,0.0,0.333,0.4,0.0,0.667,0.0,5.0,0.0,0.0,0.0,0.0,0.667,3.0,2.0,0.0,0.0,0.0,0.0,0.0,2.0,2.0,0.0,1.0,0.0,0.0,1.0,0.0,1.0,0.0,3.0,0.667,47.0,30.0,0.443,0.638,0.58,0.058,1.0,0.0,,0.667,0.0,,0.0,1.0,0.0,2.0,0.0,0.667,,0.0,0.0,0.0,2.0,2.0,3.0,3.0,0.0,0.0,0.0,0.0,0.0,0.0,0.0,3.0,0.0,3.0,0.0,0.0,0.0,2016,41500136,20160428.0,2015-16,True,1.0,6.0,16.0,0.375,0.429,-0.054,1.0,6.0,0.167,0.305,5.0,10.0,0.5,0.48,5.0,7.0,0.714,0.544,1.0,9.0,0.111,0.331,1.0,3.0,4.0,4.0,1.0,0.6,5.0,0.5,0.0,0.0,0.0,0.0,2.0,0.2,19.0,13.0,6.0,1.0,0.0,1.0,2.0,0.0,0.0,1.0,0.0,0.0,0.0,0.0,0.0,0.0,0.0,0.0,0.0,0.0,0.0
200794,Paul Millsap,1610612737,ATL,31.0,32.96666666666667,10,19,0.526,1,4,0.25,2,2,1.0,0,10,10,6,2,2,4,1,6,3,23,-4,0.13,91.7,97.6,0.211,0.238,7.1,70,0.0,0.578,86.15,92.9,103.06,3.0,0.316,103.38,95.8,21.4,-3.0,-5.9,0.292,0.553,0.289,7.2,11.0,0.0,0.13,13.0,54.0,0.111,1.0,53.0,7.0,0.0,3.0,0.75,3.0,0.0,0.0,0.25,0.0,0.0,2.0,0.25,8.0,0.0,0.0,1.0,2.0,6.0,4.0,5.0,80.0,2.4,0.0,0.8,1.81,0.857,7.0,54.0,0.288,0.86,4.0,3.2,16.0,3.2,6.0,2.0,0.476,2.0,0.0,0.0,0.714,21.0,0.0,1.0,7.0,0.0,4.0,0.0,0.4,0.526,5.0,0.625,0.4,0.0,0.571,0.0,0.389,0.0,0.0,4.0,4.0,7.0,0.571,0.389,0.571,7.0,,6.0,0.333,0.0,0.667,0.0,4.0,0.333,6.0,0.667,,4.0,0.667,0.0,1.0,0.0,1.0,0.0,0.056,1.0,1.0,1.0,0.0,0.056,1.0,1.0,,0.222,1.0,0.0,0.0,4.0,0.222,,0.25,0.375,0.0,4.0,0.25,1.0,0.0,0.0,0.0,0.0,0.0,,0.0,1.0,6.0,0.0,0.0,0.5,0.553,0.25,0.667,3.0,4.0,0.0,,0.0,0.0,0.5,2.0,2.0,0.5,0.0,0.0,0.0,0.0,1.0,8.0,0.0,2.0,1.0,,2.0,,1.0,0.0,12.0,0.667,233.0,126.0,0.436,0.541,0.603,-0.062,1.0,1.0,,0.667,,,0.0,1.0,0.0,8.0,0.0,0.5,,0.0,0.0,1.0,1.0,3.0,12.0,2.0,0.0,,,0.0,0.0,0.0,0.0,4.0,0.25,4.0,1.0,0.375,1.0,2016,21500599,20160115.0,2015-16,False,1.0,10.0,23.0,0.435,0.5,-0.065,1.0,1.0,1.0,0.273,9.0,22.0,0.409,0.514,8.0,19.0,0.421,0.568,2.0,4.0,0.5,0.354,2.0,4.0,2.0,2.0,1.0,0.857,2.0,0.286,0.0,0.0,0.0,0.0,1.0,0.143,,,,,,,,,,,,,,,,,,,,,
200794,Paul Millsap,1610612737,ATL,31.0,36.495,6,11,0.545,1,2,0.5,1,1,1.0,2,5,7,3,0,1,3,1,2,3,14,-3,0.076,99.0,98.7,0.145,0.096,0.0,78,0.05,0.612,85.49,100.0,105.75,0.0,0.15,102.59,103.8,21.4,-3.8,0.3,0.13,0.591,0.124,0.0,5.0,0.0,0.085,6.0,47.0,0.064,1.0,38.0,4.0,0.0,3.0,0.4,1.0,0.0,0.0,0.0,0.0,0.0,0.0,0.2,5.0,0.0,0.0,0.333,1.0,2.0,2.0,4.0,63.0,2.0,0.0,1.0,1.87,0.75,4.0,38.0,0.222,0.79,6.0,5.2,15.0,4.7,1.0,2.0,0.333,3.0,1.0,0.333,0.385,21.0,2.0,0.0,1.0,1.0,4.0,0.4,0.8,0.389,6.0,0.333,0.857,6.3,1.0,0.0,0.2,0.0,0.0,2.0,2.0,2.0,1.0,0.2,1.0,2.0,,5.0,0.5,0.0,0.4,0.0,2.0,0.5,5.0,0.4,,2.0,0.4,0.0,2.0,1.0,0.5,0.0,0.2,1.0,1.0,1.0,0.1,0.1,1.0,0.5,0.0,0.1,1.0,0.0,0.0,1.0,0.1,,1.0,1.5,0.0,1.0,1.0,1.0,0.0,1.0,0.0,0.0,0.0,0.0,0.0,1.0,3.0,0.0,0.0,0.5,0.591,1.0,1.0,3.0,4.0,0.0,0.0,0.0,0.0,0.0,3.0,2.0,0.5,0.0,0.0,0.0,0.0,0.0,5.0,0.0,0.0,1.0,0.0,0.0,0.0,0.0,0.0,6.0,0.833,8.0,6.0,0.348,0.75,0.613,0.137,0.0,0.0,,0.833,0.0,,0.0,0.0,0.0,5.0,0.0,0.0,,0.0,0.0,0.0,0.0,2.0,6.0,3.0,0.5,0.0,0.0,1.0,0.0,0.0,0.0,1.0,1.0,1.0,1.0,1.5,1.0,2016,41500131,20160416.0,2015-16,True,1.0,8.0,23.0,0.348,0.444,-0.096,1.0,6.0,0.167,0.338,7.0,17.0,0.412,0.501,6.0,10.0,0.6,0.56,2.0,12.0,0.167,0.346,1.0,2.0,0.0,0.0,0.0,0.75,1.0,0.25,1.0,0.25,0.0,0.0,0.0,0.0,13.0,8.0,5.0,2.0,0.0,1.0,2.0,0.0,0.0,0.0,0.0,0.0,0.0,0.0,0.0,0.0,0.0,0.0,0.0,0.0,0.0
200794,Paul Millsap,1610612737,ATL,31.0,35.53333333333333,5,11,0.455,1,2,0.5,6,6,1.0,1,4,5,1,4,2,0,1,5,5,17,-9,0.082,93.8,103.9,0.082,0.125,21.1,71,0.034,0.623,80.49,93.0,96.26,0.25,0.059,96.59,104.2,5.3,-11.2,-10.1,0.244,0.5,0.243,21.5,4.0,0.0,0.048,6.0,42.0,0.024,0.0,43.0,2.0,0.0,1.0,0.8,0.0,0.4,0.0,0.0,4.0,4.0,0.0,0.4,5.0,1.0,2.0,0.0,2.0,4.0,2.0,5.0,61.0,1.9,0.0,0.0,1.85,1.2,5.0,42.0,0.279,0.93,2.0,5.7,7.0,4.9,3.0,2.0,0.417,2.0,1.0,0.2,0.8,12.0,1.0,0.0,3.0,0.0,1.0,0.2,0.25,0.5,5.0,0.571,0.4,9.2,0.5,0.0,0.2,0.0,0.0,1.0,1.0,2.0,0.5,0.2,0.5,2.0,,4.0,0.4,0.0,0.25,0.0,1.0,0.4,4.0,0.25,,1.0,0.25,0.0,2.0,0.0,1.0,0.0,0.2,2.0,2.0,1.0,0.0,0.2,2.0,1.0,,0.2,1.0,0.0,0.0,2.0,0.2,,0.5,0.75,0.0,2.0,0.5,1.0,1.0,0.0,2.0,1.0,1.0,,0.0,1.0,6.0,0.0,0.0,0.5,0.5,0.667,0.0,5.0,0.0,0.0,0.0,1.0,0.0,0.0,2.0,2.0,0.5,0.0,0.0,0.0,0.0,0.0,2.0,0.0,0.0,1.0,0.0,0.0,0.0,2.0,2.0,5.0,0.4,276.0,152.0,0.434,0.551,0.601,-0.05,2.0,0.0,,0.333,,,0.0,0.0,0.0,2.0,0.0,0.0,,0.0,1.0,0.0,0.0,2.0,6.0,1.0,0.5,,,1.0,2.0,0.0,0.0,3.0,0.5,2.0,1.0,0.833,2.0,2016,21500715,20160131.0,2015-16,False,1.0,7.0,14.0,0.5,0.456,0.044,1.0,3.0,0.333,0.363,6.0,11.0,0.545,0.482,6.0,7.0,0.857,0.548,1.0,6.0,0.167,0.373,2.0,4.0,2.0,2.0,1.0,1.2,0.0,0.0,0.0,0.0,0.0,0.0,1.0,0.2,,,,,,,,,,,,,,,,,,,,,
200794,Paul Millsap,1610612737,ATL,31.0,31.116666666666667,4,14,0.286,0,2,0.0,5,6,0.833,4,7,11,1,4,2,3,1,3,3,13,-21,0.159,74.1,100.9,0.082,0.2,18.2,70,0.118,0.391,90.63,74.3,109.92,0.25,0.071,108.75,102.8,4.5,-28.5,-26.8,0.275,0.286,0.273,18.5,0.0,0.0,0.024,2.0,41.0,0.024,0.0,37.0,1.0,1.0,3.0,1.0,2.0,0.286,0.143,0.0,4.0,3.0,0.0,0.143,7.0,0.75,2.0,0.667,1.0,7.0,0.0,9.0,64.0,2.3,0.0,0.444,2.19,0.0,5.0,41.0,0.203,1.3,5.0,4.0,11.0,3.4,6.0,1.0,0.55,1.0,1.0,0.444,0.7,20.0,4.0,0.0,6.0,0.0,1.0,0.444,0.143,0.579,9.0,0.636,0.455,4.9,0.0,0.0,0.154,0.0,0.0,0.0,0.0,2.0,0.0,0.154,0.0,2.0,,7.0,0.538,0.0,0.286,0.0,2.0,0.538,7.0,0.286,,2.0,0.286,0.0,3.0,1.0,0.667,0.0,0.231,2.0,2.0,1.0,0.077,0.154,2.0,0.667,0.0,0.077,0.0,0.0,0.0,1.0,0.077,,0.0,0.0,0.0,1.0,0.0,0.0,0.0,0.0,0.0,,,,0.0,0.0,0.0,0.0,0.0,0.0,0.286,0.0,0.286,0.0,4.0,0.0,0.0,0.0,0.0,0.25,4.0,1.0,0.0,0.0,0.0,0.0,0.0,1.0,3.0,0.0,1.0,0.0,0.0,1.0,0.0,1.0,0.0,7.0,0.429,473.0,259.0,0.429,0.548,0.603,-0.055,0.0,0.0,,0.429,0.0,,0.0,1.0,0.0,3.0,0.0,0.25,,0.0,0.0,0.0,1.0,1.0,7.0,4.0,0.0,0.0,0.0,0.0,0.0,0.0,1.0,2.0,0.0,2.0,0.0,0.0,0.0,2016,21501221,20160413.0,2015-16,False,1.0,8.0,15.0,0.533,0.452,0.081,1.0,3.0,0.333,0.388,7.0,12.0,0.583,0.495,7.0,10.0,0.7,0.555,1.0,4.0,0.25,0.393,0.0,2.0,0.0,0.0,0.0,0.0,2.0,0.4,0.0,0.0,1.0,0.2,0.0,0.0,,,,,,,,,,,,,,,,,,,,,
200794,Paul Millsap,1610612737,ATL,31.0,33.778333333333336,7,16,0.438,0,1,0.0,0,0,0.0,7,6,13,3,2,2,3,2,2,3,14,12,0.173,107.0,96.3,0.143,0.167,9.5,67,0.179,0.438,78.75,114.9,99.07,1.5,0.115,94.5,98.5,14.3,16.4,10.7,0.212,0.438,0.212,9.5,11.0,1.0,0.091,9.0,44.0,0.068,0.0,42.0,4.0,0.0,3.0,0.4,1.0,0.0,0.0,0.0,0.0,0.0,0.0,0.2,5.0,0.0,0.0,0.333,1.0,2.0,4.0,11.0,66.0,2.2,0.5,0.364,1.97,0.364,11.0,47.0,0.212,0.85,8.0,4.5,13.0,3.1,4.0,1.0,0.542,2.0,0.857,0.636,0.5,24.0,6.0,1.0,5.0,1.0,2.0,0.7,0.333,0.591,11.0,0.462,0.615,5.7,1.0,0.0,0.214,0.0,0.0,3.0,3.0,3.0,1.0,0.214,1.0,3.0,,7.0,0.5,0.0,0.286,0.0,2.0,0.5,7.0,0.286,,2.0,0.286,0.0,3.0,1.0,0.667,0.0,0.214,2.0,2.0,1.0,0.071,0.143,2.0,0.667,0.0,0.071,0.0,0.0,0.071,0.0,0.0,0.0,,0.0,1.0,1.0,0.0,0.0,2.0,0.0,4.0,0.5,0.5,,0.0,4.0,4.0,1.0,2.0,0.5,0.438,0.0,0.333,0.0,4.0,0.0,0.0,0.2,0.0,1.0,1.0,1.0,0.0,0.0,0.0,0.0,0.0,1.0,5.0,0.0,0.0,0.0,0.0,0.0,0.0,5.0,1.0,9.0,0.556,408.0,230.0,0.418,0.564,0.604,-0.041,1.0,0.0,0.0,0.556,,0.0,0.0,0.0,0.25,5.0,0.0,0.0,0.0,0.0,1.0,0.0,0.0,2.0,9.0,0.0,0.0,,,0.0,1.0,1.0,4.0,2.0,0.0,1.0,0.0,0.0,0.0,2016,21501076,20160325.0,2015-16,False,1.0,11.0,18.0,0.611,0.494,0.117,2.0,3.0,0.667,0.423,9.0,15.0,0.6,0.515,5.0,9.0,0.556,0.589,5.0,8.0,0.625,0.36,2.0,4.0,0.0,0.0,0.0,0.364,6.0,0.545,1.0,0.091,0.0,0.0,0.0,0.0,,,,,,,,,,,,,,,,,,,,,
200794,Paul Millsap,1610612737,ATL,31.0,36.91666666666666,3,9,0.333,0,1,0.0,2,2,1.0,2,8,10,1,1,2,0,1,4,4,8,-4,0.119,89.9,89.6,0.081,0.186,8.3,75,0.049,0.405,82.35,92.0,102.82,1.0,0.042,98.82,94.8,8.3,-2.8,0.3,0.132,0.333,0.133,8.4,6.0,1.0,0.07,3.0,43.0,0.023,1.0,33.0,3.0,1.0,4.0,0.286,1.0,0.0,0.143,0.0,0.0,0.0,0.0,0.143,7.0,0.0,0.0,0.25,1.0,2.0,4.0,5.0,55.0,2.0,0.0,0.8,2.21,1.0,2.0,34.0,0.145,1.05,4.0,5.6,14.0,5.3,5.0,1.0,0.417,1.0,0.5,0.2,0.615,24.0,1.0,1.0,6.0,0.0,3.0,0.2,0.375,0.435,10.0,0.571,0.4,6.6,0.25,0.0,0.5,0.0,0.0,1.0,1.0,4.0,0.25,0.5,0.25,4.0,,2.0,0.25,0.0,0.5,0.0,1.0,0.25,2.0,0.5,,1.0,0.5,0.0,1.0,0.0,1.0,0.0,0.125,1.0,1.0,1.0,0.0,0.125,1.0,1.0,,0.125,0.0,0.0,0.0,1.0,0.125,,0.0,0.0,0.0,1.0,0.0,0.0,0.0,0.0,0.0,,,,0.0,0.0,2.0,0.0,0.0,1.0,0.333,0.0,0.333,0.0,4.0,0.0,0.0,0.0,0.0,0.0,0.0,1.0,0.0,0.0,0.0,0.0,0.0,0.0,3.0,0.0,0.0,0.0,0.0,0.0,0.0,0.0,0.0,8.0,0.375,20.0,12.0,0.377,0.6,0.583,0.017,0.0,0.0,,0.375,,,0.0,1.0,0.0,3.0,0.0,0.0,,0.0,0.0,0.0,0.0,0.0,8.0,0.0,0.0,,,0.0,0.0,0.0,0.0,1.0,0.0,1.0,0.0,0.0,0.0,2016,41500133,20160422.0,2015-16,True,1.0,7.0,11.0,0.636,0.426,0.21,2.0,4.0,0.5,0.359,5.0,7.0,0.714,0.457,5.0,7.0,0.714,0.507,2.0,4.0,0.5,0.354,1.0,1.0,0.0,0.0,0.0,1.0,1.0,0.5,0.0,0.0,0.0,0.0,0.0,0.0,9.0,5.0,4.0,5.0,0.0,3.0,6.0,0.0,0.0,3.0,0.0,0.0,0.0,0.0,0.0,0.0,0.0,0.0,0.0,0.0,0.0
200794,Paul Millsap,1610612737,ATL,31.0,27.141666666666666,6,12,0.5,1,3,0.333,2,2,1.0,2,2,4,2,3,2,1,0,3,6,15,12,0.068,103.0,87.6,0.097,0.067,16.7,59,0.069,0.582,86.21,105.1,103.7,0.67,0.105,103.46,86.2,11.1,18.9,15.4,0.244,0.542,0.246,16.8,10.0,0.0,0.091,5.0,33.0,0.061,1.0,43.0,3.0,1.0,1.0,0.0,0.0,0.0,0.2,0.0,0.0,0.0,0.0,0.2,5.0,0.0,0.0,0.0,1.0,0.0,5.0,6.0,53.0,2.1,0.4,0.667,2.39,0.333,6.0,45.0,0.283,1.26,2.0,7.2,8.0,2.4,1.0,3.0,0.333,3.0,0.5,0.5,0.4,12.0,1.0,1.0,2.0,0.0,1.0,0.5,0.5,0.444,4.0,0.25,0.5,11.9,0.0,0.0,0.083,0.0,0.0,0.0,0.0,1.0,0.0,0.083,0.0,1.0,,4.0,0.333,0.0,1.0,0.0,4.0,0.333,4.0,1.0,,4.0,1.0,0.0,5.0,1.0,0.5,1.0,0.417,2.0,1.0,0.25,0.083,0.333,4.0,0.4,1.0,0.167,0.0,0.0,0.0,2.0,0.167,,0.0,0.0,0.0,2.0,0.0,0.0,3.0,0.0,6.0,1.0,1.0,,0.0,3.0,2.0,0.5,2.0,0.5,0.542,0.25,0.667,3.0,4.0,0.0,0.0,0.75,0.0,0.0,2.0,3.0,0.333,0.0,0.0,0.0,0.0,0.0,2.0,0.0,0.0,1.0,0.0,0.0,0.0,4.0,3.0,3.0,0.667,305.0,169.0,0.431,0.554,0.602,-0.048,3.0,0.0,0.0,0.5,,0.0,0.0,1.0,0.0,2.0,0.0,0.0,0.0,0.0,1.0,0.0,0.0,3.0,4.0,1.0,0.333,,,1.0,3.0,0.0,0.0,4.0,0.333,3.0,1.0,0.375,1.0,2016,21500796,20160210.0,2015-16,False,1.0,4.0,8.0,0.5,0.435,0.065,,,,,4.0,8.0,0.5,0.451,3.0,5.0,0.6,0.512,1.0,3.0,0.333,0.362,1.0,2.0,0.0,0.0,0.0,0.333,1.0,0.167,1.0,0.167,0.0,0.0,0.0,0.0,,,,,,,,,,,,,,,,,,,,,
200794,Paul Millsap,1610612737,ATL,31.0,34.266666666666666,6,13,0.462,0,3,0.0,7,10,0.7,5,4,9,6,4,5,0,1,4,8,19,-14,0.136,96.0,120.5,0.136,0.133,14.8,67,0.139,0.546,78.21,98.5,94.64,1.5,0.3,93.85,119.4,22.2,-20.9,-24.4,0.279,0.462,0.276,14.6,11.0,0.0,0.109,13.0,55.0,0.109,0.0,51.0,6.0,1.0,5.0,0.4,2.0,0.0,0.1,0.1,0.0,0.0,1.0,0.3,10.0,0.0,0.0,0.4,3.0,4.0,1.0,6.0,80.0,2.7,0.0,0.333,2.0,0.714,7.0,54.0,0.238,1.01,5.0,6.8,8.0,3.9,2.0,2.0,0.474,2.0,0.6,0.455,0.667,19.0,3.0,2.0,4.0,0.0,2.0,0.455,0.5,0.529,11.0,0.5,0.556,9.1,0.5,0.0,0.167,0.0,0.0,1.0,1.0,2.0,0.5,0.167,0.5,2.0,,5.0,0.417,0.0,0.8,0.0,4.0,0.417,5.0,0.8,,4.0,0.8,0.0,1.0,0.0,1.0,0.0,0.083,1.0,1.0,1.0,0.0,0.083,1.0,1.0,,0.333,0.0,0.0,0.083,3.0,0.25,0.0,0.0,0.0,1.0,4.0,0.0,0.0,2.0,0.0,4.0,0.667,0.667,,0.0,3.0,5.0,0.0,0.0,1.0,0.462,0.0,0.0,0.0,2.0,0.0,0.0,0.667,0.0,0.25,4.0,3.0,0.0,,0.0,,,1.0,3.0,0.0,0.0,0.0,0.0,0.0,0.0,3.0,2.0,3.0,1.0,193.0,104.0,0.42,0.539,0.601,-0.062,2.0,0.0,,0.6,,,0.0,3.0,0.5,3.0,0.0,1.0,,0.0,0.5,0.0,1.0,0.0,5.0,1.0,0.0,,,0.0,1.0,1.0,2.0,4.0,0.0,3.0,0.0,0.0,0.0,2016,21500506,20160103.0,2015-16,False,1.0,4.0,9.0,0.444,0.429,0.016,1.0,4.0,0.25,0.383,3.0,5.0,0.6,0.46,2.0,3.0,0.667,0.512,2.0,6.0,0.333,0.392,1.0,1.0,3.0,4.0,0.75,0.714,2.0,0.286,0.0,0.0,2.0,0.286,2.0,0.286,10.0,6.0,4.0,6.0,0.0,3.0,6.0,0.0,0.0,2.0,0.0,0.0,0.0,0.0,0.0,0.0,0.0,0.0,0.0,0.0,0.0
200794,Paul Millsap,1610612737,ATL,31.0,29.73333333333333,7,14,0.5,2,4,0.5,2,2,1.0,2,7,9,4,0,3,3,2,1,1,18,29,0.145,124.3,74.5,0.193,0.194,0.0,62,0.077,0.605,82.74,125.8,103.74,0.0,0.167,99.28,80.3,21.1,45.5,49.8,0.22,0.571,0.214,0.0,5.0,0.0,0.095,9.0,42.0,0.095,0.0,39.0,4.0,0.0,2.0,0.0,0.0,0.0,0.0,0.0,0.0,0.0,0.0,0.6,5.0,0.0,0.0,0.0,3.0,0.0,1.0,6.0,57.0,2.1,0.0,0.333,2.23,1.0,6.0,39.0,0.316,1.35,3.0,4.5,12.0,3.8,6.0,0.0,0.5,0.0,1.0,0.333,0.583,18.0,2.0,0.0,6.0,0.0,1.0,0.333,0.143,0.5,6.0,0.583,0.333,7.1,1.0,0.0,0.083,0.0,0.0,1.0,1.0,1.0,1.0,0.083,1.0,1.0,,3.0,0.25,0.0,0.667,0.0,2.0,0.25,3.0,0.667,,2.0,0.667,0.0,5.0,2.0,0.7,1.0,0.417,3.0,2.0,0.667,0.167,0.25,3.0,0.6,0.5,0.25,1.0,0.0,0.083,2.0,0.167,0.0,0.5,0.5,1.0,3.0,0.333,1.0,3.0,1.0,7.0,1.167,1.0,1.0,1.0,3.0,6.0,0.0,0.0,1.0,0.571,0.25,0.5,3.0,2.0,0.0,0.0,0.75,0.0,1.0,1.0,3.0,0.667,1.0,0.0,0.0,0.0,1.0,1.0,0.0,0.0,2.0,0.0,1.0,0.0,4.0,3.0,5.0,0.2,376.0,211.0,0.419,0.561,0.603,-0.042,1.0,1.0,,0.2,0.0,,0.0,1.0,1.0,1.0,0.0,1.0,,0.0,0.0,1.0,1.0,4.0,5.0,1.0,0.5,0.0,0.0,2.0,0.0,2.0,2.0,4.0,0.333,3.0,1.0,0.375,1.0,2016,21500984,20160313.0,2015-16,False,1.0,6.0,18.0,0.333,0.482,-0.149,0.0,1.0,0.0,0.413,6.0,17.0,0.353,0.499,4.0,11.0,0.364,0.595,0.0,4.0,0.0,0.391,3.0,3.0,0.0,0.0,0.0,1.0,2.0,0.333,1.0,0.167,0.0,0.0,0.0,0.0,,,,,,,,,,,,,,,,,,,,,
200794,Paul Millsap,1610612737,ATL,31.0,31.65,10,14,0.714,0,1,0.0,5,5,1.0,4,5,9,3,2,1,1,0,3,4,25,20,0.161,126.6,98.1,0.208,0.147,9.5,63,0.182,0.772,80.88,134.9,101.16,1.5,0.136,97.06,100.0,14.3,34.9,28.4,0.256,0.714,0.254,9.4,6.0,0.0,0.083,7.0,36.0,0.083,0.0,40.0,3.0,0.0,2.0,1.2,2.0,0.2,0.0,0.0,2.0,2.0,0.0,0.4,5.0,1.0,1.0,1.0,2.0,6.0,2.0,8.0,56.0,1.8,0.0,0.75,1.93,1.333,3.0,42.0,0.446,1.14,2.0,6.7,11.0,5.8,5.0,0.0,0.529,0.0,0.5,0.667,0.455,17.0,2.0,2.0,7.0,0.0,0.0,0.667,0.0,0.529,6.0,0.455,0.222,7.8,0.333,0.0,0.214,0.0,0.0,1.0,1.0,3.0,0.333,0.214,0.333,3.0,,6.0,0.429,0.0,0.833,0.0,5.0,0.429,6.0,0.833,,5.0,0.833,0.0,4.0,0.0,1.0,0.0,0.286,4.0,4.0,1.0,0.0,0.286,4.0,1.0,,0.071,0.0,0.0,0.0,1.0,0.071,,0.0,0.0,0.0,1.0,0.0,0.0,0.0,0.0,0.0,,,,0.0,0.0,4.0,0.0,0.0,0.5,0.714,0.5,0.6,2.0,6.0,0.0,0.0,1.0,0.0,0.667,6.0,1.0,0.0,0.0,0.0,0.0,0.0,4.0,5.0,0.0,0.0,0.0,0.0,0.0,0.0,1.0,1.0,6.0,0.833,92.0,48.0,0.444,0.522,0.597,-0.075,1.0,0.0,,0.714,,,0.0,1.0,1.0,5.0,0.0,0.667,,0.0,1.0,0.0,2.0,0.0,7.0,3.0,0.0,,,0.0,1.0,2.0,2.0,1.0,0.0,1.0,0.0,0.0,0.0,2016,21500210,20151124.0,2015-16,False,1.0,2.0,10.0,0.2,0.478,-0.278,0.0,1.0,0.0,0.394,2.0,9.0,0.222,0.535,2.0,8.0,0.25,0.576,0.0,2.0,0.0,0.351,1.0,2.0,2.0,2.0,1.0,1.333,0.0,0.0,0.0,0.0,0.0,0.0,1.0,0.333,,,,,,,,,,,,,,,,,,,,,
200794,Paul Millsap,1610612737,ATL,31.0,27.666666666666668,4,13,0.308,2,5,0.4,2,2,1.0,3,10,13,4,3,0,0,0,4,1,12,0,0.255,103.7,110.8,0.087,0.4,14.3,65,0.115,0.432,93.25,103.1,108.54,1.33,0.182,111.9,104.7,19.0,-1.6,-7.1,0.246,0.385,0.246,14.4,7.0,0.0,0.1,8.0,40.0,0.1,0.0,32.0,4.0,1.0,4.0,0.667,1.0,0.167,0.167,0.0,2.0,2.0,0.0,0.0,6.0,1.0,1.0,0.25,0.0,4.0,1.0,4.0,56.0,2.1,0.0,0.0,2.3,0.0,5.0,33.0,0.214,1.5,7.0,5.3,14.0,5.8,6.0,0.0,0.619,0.0,1.0,0.429,0.714,21.0,3.0,0.0,6.0,0.0,4.0,0.429,0.4,0.619,7.0,0.714,0.538,3.8,0.0,0.0,0.154,0.0,0.0,0.0,0.0,2.0,0.0,0.154,0.0,2.0,,4.0,0.308,1.0,0.5,0.077,3.0,0.385,5.0,0.7,1.0,2.0,0.6,1.0,3.0,1.0,0.0,0.0,0.231,0.0,0.0,0.0,0.077,0.154,2.0,0.0,0.0,0.231,1.0,0.0,0.0,3.0,0.231,,0.333,0.5,0.0,3.0,0.333,1.0,0.0,1.0,0.0,0.0,0.0,0.0,0.0,2.0,0.0,0.0,0.0,0.0,0.385,0.4,0.0,6.0,0.0,0.0,0.0,0.0,0.0,0.0,3.0,5.0,0.4,0.0,0.0,0.0,0.0,0.0,2.0,0.0,0.0,2.0,0.0,0.0,0.0,1.0,0.0,4.0,0.5,309.0,173.0,0.428,0.56,0.602,-0.042,1.0,0.0,,0.4,,,0.0,0.0,0.0,2.0,1.0,0.0,,0.0,0.0,0.0,0.0,4.0,5.0,1.0,0.5,,,2.0,0.0,0.0,1.0,5.0,0.5,4.0,2.0,0.6,2.0,2016,21500808,20160219.0,2015-16,False,1.0,11.0,15.0,0.733,0.444,0.289,3.0,5.0,0.6,0.289,8.0,10.0,0.8,0.497,5.0,5.0,1.0,0.568,6.0,9.0,0.667,0.339,0.0,3.0,0.0,0.0,0.0,0.0,2.0,0.4,0.0,0.0,0.0,0.0,0.0,0.0,,,,,,,,,,,,,,,,,,,,,
200794,Paul Millsap,1610612737,ATL,31.0,31.78333333333333,8,15,0.533,1,2,0.5,1,2,0.5,2,3,5,2,2,1,0,0,0,1,18,3,0.081,109.6,101.1,0.132,0.1,10.0,63,0.063,0.567,79.92,114.3,101.15,1.0,0.091,95.9,107.8,10.0,6.5,8.4,0.243,0.567,0.243,10.1,7.0,0.0,0.058,6.0,52.0,0.038,0.0,53.0,3.0,0.0,4.0,1.0,3.0,0.0,0.0,0.0,0.0,0.0,0.0,0.333,6.0,0.0,0.0,0.75,2.0,6.0,7.0,3.0,73.0,2.5,0.857,0.667,2.06,0.0,5.0,51.0,0.247,1.07,3.0,4.5,9.0,2.9,2.0,0.0,0.333,1.0,1.0,0.333,0.333,15.0,2.0,0.0,2.0,1.0,1.0,0.4,0.333,0.357,6.0,0.333,0.6,6.9,0.5,0.0,0.133,0.0,0.0,1.0,1.0,2.0,0.5,0.133,0.5,2.0,,6.0,0.4,0.0,0.5,0.0,3.0,0.4,6.0,0.5,,3.0,0.5,0.0,2.0,0.0,1.0,0.0,0.133,2.0,2.0,1.0,0.0,0.133,2.0,1.0,,0.333,1.0,1.0,0.2,2.0,0.133,0.333,0.5,0.5,3.0,5.0,0.4,2.0,0.0,0.0,0.0,0.0,0.0,,0.0,1.0,0.0,1.0,6.0,0.0,0.567,0.5,1.0,7.0,2.0,0.0,0.0,0.2,0.0,0.75,4.0,2.0,0.5,,0.0,,,3.0,3.0,0.0,0.0,1.0,0.0,0.0,0.0,5.0,1.0,4.0,0.75,173.0,93.0,0.437,0.538,0.599,-0.062,3.0,1.0,0.0,0.75,0.0,0.0,0.0,1.0,0.667,3.0,0.0,0.667,0.0,0.0,0.0,1.0,2.0,1.0,4.0,3.0,0.0,0.0,0.0,0.0,0.0,2.0,3.0,6.0,0.5,2.0,1.0,0.583,3.0,2016,21500429,20151223.0,2015-16,False,1.0,3.0,9.0,0.333,0.434,-0.1,1.0,4.0,0.25,0.371,2.0,5.0,0.4,0.468,2.0,4.0,0.5,0.509,1.0,4.0,0.25,0.373,0.0,3.0,0.0,0.0,0.0,0.0,1.0,0.2,1.0,0.2,0.0,0.0,0.0,0.0,,,,,,,,,,,,,,,,,,,,,
200794,Paul Millsap,1610612737,ATL,31.0,33.7,3,10,0.3,0,3,0.0,2,4,0.5,2,10,12,2,3,0,2,0,3,3,8,11,0.179,125.2,105.9,0.052,0.238,17.6,66,0.08,0.34,78.34,125.8,95.63,0.67,0.071,94.01,109.1,11.8,16.7,19.3,0.207,0.3,0.211,17.9,3.0,0.0,0.038,5.0,52.0,0.038,0.0,45.0,2.0,0.0,0.0,0.0,0.0,0.0,0.0,0.0,0.0,0.0,0.0,1.0,1.0,0.0,0.0,0.0,1.0,0.0,7.0,5.0,67.0,2.3,0.571,0.6,2.04,0.0,3.0,47.0,0.119,0.96,3.0,4.0,17.0,4.1,9.0,1.0,0.632,1.0,1.0,1.0,0.625,19.0,2.0,0.0,9.0,0.0,1.0,1.0,0.1,0.667,2.0,0.588,0.25,3.7,1.0,0.0,0.1,0.0,0.0,1.0,1.0,1.0,1.0,0.1,1.0,1.0,,4.0,0.4,0.0,0.5,0.0,2.0,0.4,4.0,0.5,,2.0,0.5,0.0,2.0,0.0,0.0,0.0,0.2,0.0,0.0,0.0,0.0,0.2,2.0,0.0,,0.3,0.0,0.0,0.0,3.0,0.3,,0.0,0.0,0.0,3.0,0.0,0.0,0.0,0.0,0.0,,,,0.0,0.0,0.0,1.0,4.0,0.0,0.3,0.0,1.0,0.0,3.0,0.0,,0.0,0.0,0.0,2.0,2.0,0.0,0.0,0.0,0.0,0.0,0.0,3.0,0.0,1.0,0.0,,1.0,,2.0,0.0,3.0,1.0,280.0,153.0,0.43,0.546,0.602,-0.055,2.0,0.0,,1.0,,,,1.0,0.0,3.0,,0.0,,,0.0,0.0,0.0,2.0,3.0,1.0,0.0,,,0.0,0.0,0.0,1.0,4.0,0.0,3.0,0.0,0.0,0.0,2016,21500723,20160201.0,2015-16,False,1.0,4.0,15.0,0.267,0.451,-0.184,1.0,1.0,1.0,0.377,3.0,14.0,0.214,0.491,2.0,8.0,0.25,0.538,1.0,6.0,0.167,0.389,0.0,1.0,0.0,0.0,0.0,0.0,1.0,0.333,0.0,0.0,1.0,0.333,0.0,0.0,,,,,,,,,,,,,,,,,,,,,
200794,Paul Millsap,1610612737,ATL,31.0,41.486666666666665,5,12,0.417,1,4,0.25,8,10,0.8,2,7,9,3,3,1,1,1,3,8,19,3,0.105,108.4,101.4,0.11,0.152,13.0,81,0.05,0.579,78.1,107.4,94.36,1.0,0.1,93.72,103.7,13.0,3.7,7.0,0.217,0.458,0.217,13.4,8.0,0.0,0.093,7.0,43.0,0.07,1.0,43.0,4.0,1.0,2.0,0.25,1.0,0.0,0.125,0.25,0.0,0.0,2.0,0.25,8.0,0.0,0.0,0.5,2.0,2.0,2.0,4.0,66.0,3.0,0.0,0.5,2.7,1.222,9.0,45.0,0.288,1.52,3.0,6.6,16.0,6.3,5.0,3.0,0.45,3.0,0.5,0.5,0.538,20.0,1.0,1.0,6.0,0.0,2.0,0.5,0.286,0.529,4.0,0.438,0.333,7.7,,,,,,,,,,,,,,6.0,0.545,0.0,0.5,0.0,3.0,0.545,6.0,0.5,,3.0,0.5,0.0,5.0,4.0,0.5,1.0,0.455,2.0,1.0,1.0,0.364,0.091,1.0,0.4,0.25,,,,,,,,,,,,,,1.0,1.0,3.0,0.75,0.5,1.0,1.0,2.0,11.0,0.0,0.0,1.0,0.458,0.0,1.0,0.0,2.0,0.0,0.0,0.333,0.0,0.0,0.0,3.0,0.333,1.0,0.0,0.0,0.0,0.0,3.0,0.0,0.0,1.0,0.0,1.0,0.0,3.0,1.0,5.0,0.6,84.0,43.0,0.438,0.512,0.6,-0.088,0.0,0.0,,0.6,,,0.0,0.0,0.5,3.0,0.0,0.0,,0.0,0.0,0.0,0.0,5.0,5.0,0.0,0.2,,,1.0,0.0,1.0,2.0,4.0,0.0,3.0,0.0,0.0,0.0,2016,41500204,20160508.0,2015-16,True,1.0,11.0,29.0,0.379,0.466,-0.087,5.0,10.0,0.5,0.366,6.0,19.0,0.316,0.525,4.0,15.0,0.267,0.579,7.0,13.0,0.538,0.375,3.0,3.0,5.0,6.0,0.833,1.222,2.0,0.222,0.0,0.0,0.0,0.0,3.0,0.333,24.0,13.0,11.0,1.0,0.0,3.0,6.0,0.0,0.0,1.0,0.0,0.0,0.0,0.0,0.0,0.0,0.0,0.0,0.0,0.0,0.0
200794,Paul Millsap,1610612737,ATL,31.0,39.16833333333334,7,17,0.412,1,4,0.25,2,3,0.667,3,5,8,4,4,2,1,0,2,4,17,-8,0.104,107.0,115.2,0.09,0.125,15.4,79,0.081,0.464,80.68,106.3,97.06,1.0,0.154,96.81,116.5,15.4,-10.1,-8.2,0.264,0.441,0.256,15.2,4.0,0.0,0.089,9.0,45.0,0.089,0.0,46.0,4.0,0.0,8.0,1.0,4.0,0.1,0.0,0.0,2.0,2.0,0.0,0.0,10.0,1.0,1.0,0.5,0.0,10.0,4.0,4.0,68.0,2.6,0.0,0.5,2.33,0.0,4.0,45.0,0.25,1.18,4.0,5.1,11.0,3.5,2.0,0.0,0.4,0.0,0.333,0.333,0.455,20.0,1.0,2.0,4.0,0.0,3.0,0.333,0.6,0.4,9.0,0.455,0.5,7.8,0.667,0.0,0.176,0.0,0.0,2.0,2.0,3.0,0.667,0.176,0.667,3.0,,7.0,0.412,0.0,0.429,0.0,3.0,0.412,7.0,0.429,,3.0,0.429,0.0,6.0,3.0,0.417,1.0,0.353,2.0,1.0,0.333,0.176,0.176,3.0,0.333,0.333,0.059,0.0,0.0,0.0,1.0,0.059,,0.0,0.0,0.0,1.0,0.0,0.0,0.0,0.0,0.0,,,,0.0,0.0,0.0,0.0,0.0,0.0,0.441,0.2,1.0,3.0,2.0,0.0,0.0,0.0,0.0,0.5,4.0,3.0,0.333,1.0,0.0,0.0,0.0,2.0,4.0,0.0,0.0,1.0,0.0,1.0,0.0,2.0,0.0,7.0,0.571,73.0,41.0,0.448,0.562,0.597,-0.035,1.0,0.0,,0.571,0.0,,0.0,0.0,0.333,4.0,0.0,0.5,,0.0,0.0,0.0,1.0,4.0,7.0,2.0,0.25,0.0,0.0,1.0,0.0,1.0,3.0,5.0,0.25,4.0,1.0,0.3,1.0,2016,41500203,20160506.0,2015-16,True,1.0,11.0,24.0,0.458,0.457,0.002,7.0,13.0,0.538,0.389,4.0,11.0,0.364,0.525,3.0,8.0,0.375,0.578,7.0,15.0,0.467,0.399,0.0,1.0,0.0,0.0,0.0,0.0,0.0,0.0,2.0,0.5,1.0,0.25,0.0,0.0,20.0,9.0,11.0,1.0,2.0,3.0,9.0,0.0,0.0,0.0,0.0,0.0,0.0,0.0,0.0,0.0,0.0,0.0,0.0,0.0,0.0
200794,Paul Millsap,1610612737,ATL,31.0,26.796666666666667,4,8,0.5,1,2,0.5,7,8,0.875,3,8,11,1,3,1,1,0,3,5,16,-25,0.212,99.1,144.7,0.157,0.286,18.8,55,0.125,0.694,80.61,98.2,97.7,0.33,0.083,96.73,149.1,6.3,-50.9,-45.6,0.248,0.563,0.25,19.3,5.0,0.0,0.044,3.0,45.0,0.022,1.0,35.0,2.0,0.0,1.0,0.5,0.0,0.25,0.0,0.0,2.0,2.0,0.0,0.5,4.0,1.0,1.0,0.0,2.0,2.0,2.0,7.0,62.0,2.1,1.0,0.714,2.05,0.75,4.0,34.0,0.258,1.24,4.0,6.2,12.0,4.8,5.0,0.0,0.688,0.0,0.333,0.75,0.667,16.0,1.0,2.0,7.0,0.0,3.0,0.75,0.375,0.688,4.0,0.667,0.364,9.9,0.0,0.0,0.125,0.0,0.0,0.0,0.0,1.0,0.0,0.125,0.0,1.0,,3.0,0.375,0.0,0.333,0.0,1.0,0.375,3.0,0.333,,1.0,0.333,0.0,1.0,0.0,1.0,0.0,0.125,1.0,1.0,1.0,0.0,0.125,1.0,1.0,,0.375,1.0,1.0,0.125,2.0,0.25,1.0,0.5,0.833,1.0,3.0,0.667,2.0,1.0,0.0,2.0,1.0,1.0,,0.0,1.0,3.0,0.0,2.0,0.0,0.563,0.5,0.5,3.0,5.0,0.0,0.0,1.0,0.0,0.0,1.0,2.0,0.5,0.0,0.0,0.0,0.0,0.0,2.0,0.0,0.0,1.0,0.0,0.0,0.0,1.0,1.0,4.0,0.5,66.0,39.0,0.475,0.591,0.596,-0.005,0.0,1.0,,0.5,,,0.0,1.0,1.0,2.0,0.0,0.0,,0.0,0.0,1.0,0.0,1.0,4.0,1.0,0.0,,,0.0,0.0,1.0,1.0,2.0,0.5,2.0,1.0,0.75,1.0,2016,41500202,20160504.0,2015-16,True,1.0,6.0,11.0,0.545,0.502,0.043,2.0,3.0,0.667,0.348,4.0,8.0,0.5,0.542,4.0,8.0,0.5,0.584,2.0,3.0,0.667,0.369,0.0,1.0,3.0,4.0,0.75,0.75,1.0,0.25,0.0,0.0,0.0,0.0,2.0,0.5,7.0,5.0,2.0,2.0,1.0,1.0,2.0,0.0,0.0,1.0,0.0,0.0,0.0,0.0,0.0,0.0,0.0,0.0,0.0,0.0,0.0
200794,Paul Millsap,1610612737,ATL,31.0,27.631666666666668,4,8,0.5,1,3,0.333,1,4,0.25,3,5,8,6,2,1,1,1,3,2,10,24,0.133,124.6,86.1,0.103,0.179,11.1,59,0.094,0.512,84.69,125.4,102.0,3.0,0.25,101.62,86.2,33.3,39.2,38.4,0.172,0.563,0.174,11.3,11.0,0.0,0.152,15.0,46.0,0.13,1.0,39.0,7.0,1.0,1.0,0.333,1.0,0.0,0.167,0.0,0.0,0.0,0.0,0.667,6.0,0.0,0.0,1.0,4.0,2.0,3.0,3.0,60.0,2.1,0.667,1.0,2.07,0.2,10.0,39.0,0.167,1.07,4.0,5.3,9.0,3.9,3.0,1.0,0.615,1.0,0.667,0.75,0.625,13.0,2.0,1.0,4.0,0.0,2.0,0.75,0.4,0.667,4.0,0.556,0.5,7.6,,,,,,,,,,,,,,3.0,0.429,0.0,1.0,0.0,3.0,0.429,3.0,1.0,,3.0,1.0,0.0,1.0,0.0,0.0,0.0,0.143,0.0,0.0,0.0,0.0,0.143,1.0,0.0,,0.429,1.0,0.0,0.0,3.0,0.429,,0.333,0.5,0.0,3.0,0.333,1.0,1.0,0.0,2.0,0.5,0.5,,0.0,2.0,2.0,1.0,2.0,0.5,0.563,0.5,0.5,5.0,3.0,0.0,,0.0,0.0,1.0,2.0,3.0,0.333,0.0,0.0,0.0,0.0,2.0,1.0,0.0,0.0,1.0,,0.0,,1.0,0.0,2.0,0.5,40.0,25.0,0.444,0.625,0.575,0.05,0.0,0.0,,0.5,,,,0.0,0.667,1.0,,0.0,,,0.0,0.0,0.0,3.0,2.0,0.0,0.333,,,1.0,0.0,2.0,3.0,4.0,0.333,3.0,1.0,0.625,2.0,2016,41500135,20160426.0,2015-16,True,1.0,7.0,13.0,0.538,0.429,0.109,1.0,3.0,0.333,0.325,6.0,10.0,0.6,0.466,2.0,5.0,0.4,0.536,2.0,5.0,0.4,0.363,1.0,2.0,0.0,2.0,0.0,0.2,4.0,0.4,2.0,0.2,1.0,0.1,1.0,0.1,11.0,9.0,2.0,3.0,0.0,1.0,2.0,0.0,0.0,0.0,0.0,0.0,0.0,0.0,0.0,0.0,0.0,0.0,0.0,0.0,0.0
200794,Paul Millsap,1610612737,ATL,31.0,34.3,1,12,0.083,0,5,0.0,2,2,1.0,0,7,7,1,5,0,4,3,2,3,4,19,0.089,88.5,64.9,-0.044,0.163,26.3,71,0.0,0.155,82.22,93.0,102.86,0.2,0.048,98.66,67.1,5.3,25.8,23.6,0.233,0.083,0.234,26.5,4.0,0.0,0.022,3.0,46.0,0.022,0.0,42.0,1.0,0.0,0.0,0.0,0.0,0.0,0.0,0.0,0.0,0.0,0.0,1.0,1.0,0.0,0.0,0.0,1.0,0.0,3.0,8.0,63.0,2.1,0.0,0.25,1.96,0.0,7.0,41.0,0.063,0.92,2.0,3.4,14.0,3.4,5.0,3.0,0.412,3.0,0.0,0.0,0.636,17.0,0.0,0.0,5.0,0.0,2.0,0.0,0.286,0.5,3.0,0.5,0.286,0.0,0.5,0.0,0.222,0.0,0.0,1.0,1.0,2.0,0.5,0.222,0.5,2.0,,2.0,0.222,1.0,0.0,0.111,0.0,0.333,3.0,0.0,0.0,0.0,0.0,0.0,1.0,1.0,0.0,0.0,0.111,0.0,0.0,,0.111,0.0,0.0,0.0,0.0,0.333,0.0,0.0,0.0,3.0,0.333,,0.0,0.0,0.0,3.0,0.0,0.0,0.0,0.0,0.0,0.0,0.0,,0.0,2.0,0.0,0.0,0.0,0.0,0.083,0.0,0.25,0.0,2.0,0.0,0.0,0.0,0.0,0.0,1.0,3.0,0.0,2.0,0.0,0.0,0.0,0.0,1.0,0.0,0.0,0.0,0.0,2.0,0.0,2.0,0.0,4.0,0.25,14.0,8.0,0.333,0.571,0.593,-0.021,1.0,0.0,,0.25,,,0.0,1.0,0.0,1.0,0.0,0.0,,0.0,0.0,0.0,0.0,4.0,4.0,0.0,0.0,,,0.0,0.0,0.0,2.0,4.0,0.0,4.0,0.0,0.0,0.0,2016,41500132,20160419.0,2015-16,True,1.0,3.0,19.0,0.158,0.43,-0.272,0.0,4.0,0.0,0.346,3.0,15.0,0.2,0.47,2.0,8.0,0.25,0.51,1.0,11.0,0.091,0.35,0.0,3.0,0.0,0.0,0.0,0.0,1.0,0.143,1.0,0.143,2.0,0.286,0.0,0.0,18.0,15.0,3.0,1.0,0.0,2.0,4.0,0.0,0.0,1.0,0.0,0.0,0.0,0.0,0.0,0.0,0.0,0.0,0.0,0.0,0.0
200794,Paul Millsap,1610612737,ATL,31.0,36.71666666666667,4,10,0.4,0,3,0.0,9,11,0.818,0,8,8,2,3,1,4,0,2,11,17,-6,0.1,87.3,91.6,0.18,0.174,15.0,78,0.0,0.573,86.06,88.5,105.19,0.67,0.105,103.28,93.8,10.0,-5.3,-4.2,0.218,0.4,0.22,15.1,7.0,0.0,0.037,4.0,54.0,0.037,0.0,54.0,2.0,0.0,0.0,0.167,0.0,0.167,0.0,0.0,2.0,1.0,0.0,0.667,6.0,0.5,1.0,0.0,4.0,1.0,2.0,3.0,73.0,2.6,0.0,1.667,2.1,0.6,10.0,48.0,0.233,1.03,4.0,4.4,16.0,4.4,4.0,5.0,0.4,6.0,0.0,0.0,0.727,20.0,0.0,0.0,4.0,1.0,4.0,0.0,0.5,0.571,4.0,0.5,0.5,0.0,0.333,0.0,0.3,0.0,0.0,1.0,1.0,3.0,0.333,0.3,0.333,3.0,,3.0,0.3,0.0,1.0,0.0,3.0,0.3,3.0,1.0,,3.0,1.0,0.0,1.0,0.0,0.0,0.0,0.1,0.0,0.0,0.0,0.0,0.1,1.0,0.0,,0.3,0.0,0.0,0.0,3.0,0.3,,0.0,0.0,0.0,3.0,0.0,0.0,0.0,0.0,0.0,0.0,0.0,,0.0,2.0,6.0,0.0,0.0,0.333,0.4,0.0,0.667,0.0,5.0,0.0,0.0,0.0,0.0,0.667,3.0,2.0,0.0,0.0,0.0,0.0,0.0,2.0,2.0,0.0,1.0,0.0,0.0,1.0,0.0,1.0,0.0,3.0,0.667,47.0,30.0,0.443,0.638,0.58,0.058,1.0,0.0,,0.667,0.0,,0.0,1.0,0.0,2.0,0.0,0.667,,0.0,0.0,0.0,2.0,2.0,3.0,3.0,0.0,0.0,0.0,0.0,0.0,0.0,0.0,3.0,0.0,3.0,0.0,0.0,0.0,2016,41500136,20160428.0,2015-16,True,1.0,6.0,16.0,0.375,0.429,-0.054,1.0,6.0,0.167,0.305,5.0,10.0,0.5,0.48,5.0,7.0,0.714,0.544,1.0,9.0,0.111,0.331,1.0,3.0,4.0,4.0,1.0,0.6,5.0,0.5,0.0,0.0,0.0,0.0,2.0,0.2,19.0,13.0,6.0,1.0,0.0,1.0,2.0,0.0,0.0,1.0,0.0,0.0,0.0,0.0,0.0,0.0,0.0,0.0,0.0,0.0,0.0
200794,Paul Millsap,1610612737,ATL,31.0,45.83,19,31,0.613,3,6,0.5,4,6,0.667,5,8,13,3,3,2,4,1,5,8,45,2,0.124,91.8,97.0,0.299,0.163,7.9,89,0.089,0.669,76.37,97.8,95.48,1.0,0.214,91.64,98.8,7.9,-1.1,-5.2,0.347,0.661,0.333,7.6,14.0,1.0,0.068,9.0,59.0,0.051,0.0,70.0,4.0,1.0,6.0,0.571,3.0,0.071,0.071,0.0,2.0,1.0,0.0,0.429,14.0,0.5,1.0,0.5,6.0,8.0,3.0,7.0,97.0,4.0,0.667,1.0,2.46,0.813,16.0,68.0,0.464,1.63,5.0,4.9,15.0,5.1,7.0,3.0,0.52,3.0,0.8,0.5,0.667,25.0,4.0,1.0,8.0,0.0,1.0,0.5,0.125,0.591,10.0,0.533,0.385,4.7,0.667,0.0,0.3,0.0,0.0,6.0,6.0,9.0,0.667,0.3,0.667,9.0,,10.0,0.333,1.0,0.7,0.033,7.0,0.367,11.0,0.636,0.0,7.0,0.636,0.0,5.0,3.0,0.7,1.0,0.167,3.0,2.0,1.0,0.1,0.067,2.0,0.6,0.333,0.167,2.0,1.0,0.1,2.0,0.067,0.333,1.0,0.8,3.0,5.0,0.6,3.0,3.0,0.0,6.0,0.5,0.5,,0.0,6.0,13.0,1.0,2.0,0.667,0.661,0.571,0.75,11.0,7.0,0.0,0.0,0.667,0.0,0.429,7.0,6.0,0.5,0.0,0.0,0.0,0.0,3.0,9.0,0.0,0.0,3.0,0.0,0.0,0.0,6.0,4.0,12.0,0.75,35.0,23.0,0.455,0.657,0.574,0.083,0.0,0.333,,0.688,0.0,,0.0,3.0,0.667,11.0,0.0,0.0,,0.0,0.0,1.0,0.0,4.0,16.0,2.0,0.75,0.0,0.0,3.0,0.0,4.0,6.0,7.0,0.5,6.0,3.0,0.786,4.0,2016,41500134,20160424.0,2015-16,True,1.0,12.0,24.0,0.5,0.429,0.071,0.0,5.0,0.0,0.341,12.0,19.0,0.632,0.467,12.0,17.0,0.706,0.521,0.0,7.0,0.0,0.35,6.0,9.0,0.0,0.0,0.0,0.813,5.0,0.313,1.0,0.063,1.0,0.063,0.0,0.0,24.0,19.0,5.0,3.0,0.0,0.0,0.0,0.0,0.0,0.0,0.0,0.0,0.0,0.0,0.0,0.0,0.0,0.0,0.0,0.0,0.0
200794,Paul Millsap,1610612737,ATL,31.0,36.495,6,11,0.545,1,2,0.5,1,1,1.0,2,5,7,3,0,1,3,1,2,3,14,-3,0.076,99.0,98.7,0.145,0.096,0.0,78,0.05,0.612,85.49,100.0,105.75,0.0,0.15,102.59,103.8,21.4,-3.8,0.3,0.13,0.591,0.124,0.0,5.0,0.0,0.085,6.0,47.0,0.064,1.0,38.0,4.0,0.0,3.0,0.4,1.0,0.0,0.0,0.0,0.0,0.0,0.0,0.2,5.0,0.0,0.0,0.333,1.0,2.0,2.0,4.0,63.0,2.0,0.0,1.0,1.87,0.75,4.0,38.0,0.222,0.79,6.0,5.2,15.0,4.7,1.0,2.0,0.333,3.0,1.0,0.333,0.385,21.0,2.0,0.0,1.0,1.0,4.0,0.4,0.8,0.389,6.0,0.333,0.857,6.3,1.0,0.0,0.2,0.0,0.0,2.0,2.0,2.0,1.0,0.2,1.0,2.0,,5.0,0.5,0.0,0.4,0.0,2.0,0.5,5.0,0.4,,2.0,0.4,0.0,2.0,1.0,0.5,0.0,0.2,1.0,1.0,1.0,0.1,0.1,1.0,0.5,0.0,0.1,1.0,0.0,0.0,1.0,0.1,,1.0,1.5,0.0,1.0,1.0,1.0,0.0,1.0,0.0,0.0,0.0,0.0,0.0,1.0,3.0,0.0,0.0,0.5,0.591,1.0,1.0,3.0,4.0,0.0,0.0,0.0,0.0,0.0,3.0,2.0,0.5,0.0,0.0,0.0,0.0,0.0,5.0,0.0,0.0,1.0,0.0,0.0,0.0,0.0,0.0,6.0,0.833,8.0,6.0,0.348,0.75,0.613,0.137,0.0,0.0,,0.833,0.0,,0.0,0.0,0.0,5.0,0.0,0.0,,0.0,0.0,0.0,0.0,2.0,6.0,3.0,0.5,0.0,0.0,1.0,0.0,0.0,0.0,1.0,1.0,1.0,1.0,1.5,1.0,2016,41500131,20160416.0,2015-16,True,1.0,8.0,23.0,0.348,0.444,-0.096,1.0,6.0,0.167,0.338,7.0,17.0,0.412,0.501,6.0,10.0,0.6,0.56,2.0,12.0,0.167,0.346,1.0,2.0,0.0,0.0,0.0,0.75,1.0,0.25,1.0,0.25,0.0,0.0,0.0,0.0,13.0,8.0,5.0,2.0,0.0,1.0,2.0,0.0,0.0,0.0,0.0,0.0,0.0,0.0,0.0,0.0,0.0,0.0,0.0,0.0,0.0
200794,Paul Millsap,1610612737,ATL,31.0,39.725,6,19,0.316,0,3,0.0,5,8,0.625,8,5,13,3,2,2,4,1,3,8,17,-16,0.151,98.0,119.6,0.084,0.128,7.4,73,0.17,0.377,74.51,101.4,91.06,1.5,0.143,89.41,120.0,11.1,-18.6,-21.6,0.271,0.316,0.264,7.3,7.0,0.0,0.085,8.0,47.0,0.064,1.0,49.0,4.0,0.0,3.0,0.0,0.0,0.0,0.0,0.0,0.0,0.0,0.0,0.2,5.0,0.0,0.0,0.0,1.0,0.0,4.0,13.0,73.0,2.1,1.0,0.692,1.74,0.5,4.0,54.0,0.233,0.78,9.0,5.3,8.0,3.5,3.0,0.0,0.591,1.0,0.875,0.571,0.625,22.0,7.0,0.0,3.0,1.0,2.0,0.615,0.4,0.619,14.0,0.625,0.692,6.5,0.6,0.0,0.278,0.0,0.0,3.0,3.0,5.0,0.6,0.278,0.6,5.0,,7.0,0.389,0.0,0.429,0.0,3.0,0.389,7.0,0.429,,3.0,0.429,0.0,2.0,0.0,0.0,0.0,0.111,0.0,0.0,0.0,0.0,0.111,2.0,0.0,,0.222,0.0,0.0,0.056,3.0,0.167,0.0,0.0,0.0,1.0,4.0,0.0,0.0,0.0,0.0,0.0,0.0,0.0,,0.0,3.0,2.0,0.667,4.0,0.0,0.316,0.0,0.375,0.0,9.0,0.0,0.0,0.0,0.0,0.2,5.0,2.0,0.0,0.0,0.0,0.0,0.0,1.0,5.0,0.0,1.0,0.0,0.0,1.0,0.0,3.0,0.0,8.0,0.625,58.0,35.0,0.453,0.603,0.594,0.01,0.0,0.0,0.0,0.667,0.0,0.0,0.0,2.0,0.0,6.0,0.0,0.0,0.0,0.0,0.0,0.0,0.0,1.0,9.0,3.0,0.0,0.0,0.0,0.0,0.0,0.0,4.0,3.0,0.0,3.0,0.0,0.0,0.0,2016,41500201,20160502.0,2015-16,True,1.0,6.0,22.0,0.273,0.469,-0.197,1.0,6.0,0.167,0.383,5.0,16.0,0.313,0.532,5.0,13.0,0.385,0.595,1.0,8.0,0.125,0.388,0.0,1.0,2.0,2.0,1.0,0.5,2.0,0.5,0.0,0.0,0.0,0.0,1.0,0.25,16.0,10.0,6.0,2.0,0.0,3.0,7.0,0.0,0.0,3.0,0.0,0.0,0.0,0.0,0.0,0.0,0.0,0.0,0.0,0.0,0.0
200794,Paul Millsap,1610612737,ATL,31.0,36.91666666666666,3,9,0.333,0,1,0.0,2,2,1.0,2,8,10,1,1,2,0,1,4,4,8,-4,0.119,89.9,89.6,0.081,0.186,8.3,75,0.049,0.405,82.35,92.0,102.82,1.0,0.042,98.82,94.8,8.3,-2.8,0.3,0.132,0.333,0.133,8.4,6.0,1.0,0.07,3.0,43.0,0.023,1.0,33.0,3.0,1.0,4.0,0.286,1.0,0.0,0.143,0.0,0.0,0.0,0.0,0.143,7.0,0.0,0.0,0.25,1.0,2.0,4.0,5.0,55.0,2.0,0.0,0.8,2.21,1.0,2.0,34.0,0.145,1.05,4.0,5.6,14.0,5.3,5.0,1.0,0.417,1.0,0.5,0.2,0.615,24.0,1.0,1.0,6.0,0.0,3.0,0.2,0.375,0.435,10.0,0.571,0.4,6.6,0.25,0.0,0.5,0.0,0.0,1.0,1.0,4.0,0.25,0.5,0.25,4.0,,2.0,0.25,0.0,0.5,0.0,1.0,0.25,2.0,0.5,,1.0,0.5,0.0,1.0,0.0,1.0,0.0,0.125,1.0,1.0,1.0,0.0,0.125,1.0,1.0,,0.125,0.0,0.0,0.0,1.0,0.125,,0.0,0.0,0.0,1.0,0.0,0.0,0.0,0.0,0.0,,,,0.0,0.0,2.0,0.0,0.0,1.0,0.333,0.0,0.333,0.0,4.0,0.0,0.0,0.0,0.0,0.0,0.0,1.0,0.0,0.0,0.0,0.0,0.0,0.0,3.0,0.0,0.0,0.0,0.0,0.0,0.0,0.0,0.0,8.0,0.375,20.0,12.0,0.377,0.6,0.583,0.017,0.0,0.0,,0.375,,,0.0,1.0,0.0,3.0,0.0,0.0,,0.0,0.0,0.0,0.0,0.0,8.0,0.0,0.0,,,0.0,0.0,0.0,0.0,1.0,0.0,1.0,0.0,0.0,0.0,2016,41500133,20160422.0,2015-16,True,1.0,7.0,11.0,0.636,0.426,0.21,2.0,4.0,0.5,0.359,5.0,7.0,0.714,0.457,5.0,7.0,0.714,0.507,2.0,4.0,0.5,0.354,1.0,1.0,0.0,0.0,0.0,1.0,1.0,0.5,0.0,0.0,0.0,0.0,0.0,0.0,9.0,5.0,4.0,5.0,0.0,3.0,6.0,0.0,0.0,3.0,0.0,0.0,0.0,0.0,0.0,0.0,0.0,0.0,0.0,0.0,0.0
200794,Paul Millsap,1610612737,ATL,32.0,33.86666666666667,10,20,0.5,0,2,0.0,3,5,0.6,2,9,11,5,2,5,1,0,3,3,23,9,0.162,119.1,104.8,0.161,0.243,6.9,76,0.065,0.518,89.17,114.5,104.49,2.5,0.2,107.01,104.0,17.2,10.5,14.3,0.306,0.5,0.293,6.8,6.0,0.0,0.106,10.0,47.0,0.106,1.0,45.0,5.0,1.0,3.0,1.0,2.0,0.0,0.25,0.0,0.0,0.0,0.0,0.0,4.0,0.0,0.0,0.667,0.0,4.0,4.0,12.0,72.0,2.7,0.5,0.917,2.22,0.625,8.0,46.0,0.319,1.06,6.0,5.1,12.0,5.9,6.0,0.0,0.733,0.0,1.0,0.667,0.75,15.0,2.0,0.0,6.0,0.0,4.0,0.667,0.444,0.733,3.0,0.75,0.545,1.8,0.5,0.0,0.2,0.0,0.0,2.0,2.0,4.0,0.5,0.2,0.5,4.0,,11.0,0.55,0.0,0.636,0.0,7.0,0.55,11.0,0.636,,7.0,0.636,0.0,3.0,1.0,0.0,0.0,0.15,0.0,0.0,0.0,0.05,0.1,2.0,0.0,0.0,0.1,0.0,1.0,0.05,1.0,0.05,1.0,0.0,0.5,1.0,2.0,0.5,1.0,1.0,0.0,2.0,0.25,0.25,,0.0,4.0,5.0,0.5,2.0,0.667,0.5,0.0,0.556,0.0,11.0,0.0,0.0,0.167,0.0,0.75,4.0,2.0,0.0,0.0,0.0,0.0,0.0,3.0,6.0,0.0,0.0,0.0,0.0,0.0,0.0,6.0,1.0,8.0,0.75,31.0,20.0,0.348,0.645,0.615,0.03,3.0,0.0,,0.75,,,0.0,0.0,0.333,6.0,0.0,0.75,,0.0,0.0,0.0,3.0,2.0,8.0,4.0,0.0,,,0.0,0.0,1.0,3.0,3.0,0.0,2.0,0.0,0.0,0.0,2017,21600084,20161105.0,2016-17,False,1.0,10.0,18.0,0.556,0.437,0.118,5.0,9.0,0.556,0.374,5.0,9.0,0.556,0.532,4.0,6.0,0.667,0.594,5.0,11.0,0.455,0.377,2.0,3.0,1.0,2.0,0.5,0.625,3.0,0.375,0.0,0.0,1.0,0.125,1.0,0.125,13.0,5.0,8.0,5.0,0.0,8.0,18.0,0.0,0.0,1.0,0.0,0.0,0.0,0.0,0.0,0.0,0.0,0.0,0.0,0.0,0.0
200794,Paul Millsap,1610612737,ATL,32.0,27.305,7,17,0.412,1,5,0.2,6,9,0.667,3,5,8,4,2,0,0,0,2,7,21,-17,0.136,89.2,122.7,0.166,0.172,7.7,54,0.1,0.501,79.11,92.6,97.25,2.0,0.364,94.93,124.1,15.4,-31.5,-33.5,0.382,0.441,0.379,7.4,6.0,0.0,0.106,10.0,47.0,0.085,1.0,50.0,5.0,0.0,2.0,1.0,1.0,0.5,0.0,0.0,4.0,1.0,0.0,0.0,4.0,0.25,2.0,0.5,0.0,4.0,3.0,4.0,67.0,2.0,0.0,1.0,1.75,1.333,6.0,52.0,0.313,0.76,3.0,13.6,11.0,7.5,5.0,1.0,0.471,1.0,0.667,0.429,0.5,17.0,2.0,1.0,6.0,0.0,1.0,0.429,0.2,0.5,7.0,0.455,0.375,23.7,0.0,0.0,0.059,0.0,0.0,0.0,0.0,1.0,0.0,0.059,0.0,1.0,,8.0,0.471,0.0,0.75,0.0,6.0,0.471,8.0,0.75,,6.0,0.75,0.0,7.0,4.0,0.0,0.0,0.412,0.0,0.0,0.0,0.235,0.176,3.0,0.0,0.0,0.059,1.0,0.0,0.0,1.0,0.059,,1.0,1.5,0.0,1.0,1.0,1.0,1.0,0.0,2.0,0.5,0.5,,0.0,2.0,8.0,0.0,0.0,0.75,0.441,0.143,0.667,3.0,4.0,0.0,0.0,0.25,0.0,0.75,4.0,5.0,0.2,,0.0,,,3.0,2.0,0.0,0.0,1.0,0.0,0.0,0.0,4.0,1.0,4.0,0.5,230.0,138.0,0.379,0.6,0.615,-0.015,1.0,0.2,,0.5,0.0,,0.0,5.0,0.5,2.0,0.0,0.6,,0.0,0.0,1.0,3.0,0.0,4.0,5.0,0.0,0.0,0.0,0.0,0.0,1.0,2.0,7.0,0.2,5.0,1.0,0.214,1.0,2017,21600633,20170118.0,2016-17,False,1.0,10.0,16.0,0.625,0.464,0.161,3.0,5.0,0.6,0.341,7.0,11.0,0.636,0.493,5.0,6.0,0.833,0.537,5.0,9.0,0.556,0.382,3.0,4.0,0.0,0.0,0.0,1.333,1.0,0.167,1.0,0.167,0.0,0.0,0.0,0.0,12.0,9.0,3.0,1.0,0.0,2.0,4.0,0.0,0.0,1.0,0.0,0.0,0.0,0.0,0.0,0.0,0.0,0.0,0.0,0.0,0.0
200794,Paul Millsap,1610612737,ATL,32.0,23.45,1,7,0.143,0,2,0.0,2,4,0.5,0,4,4,1,1,1,1,0,2,2,4,-26,0.069,74.6,122.4,-0.006,0.138,9.1,52,0.0,0.228,88.7,76.9,110.04,1.0,0.083,106.44,126.9,9.1,-50.0,-47.8,0.176,0.143,0.175,9.3,5.0,1.0,0.063,4.0,32.0,0.031,0.0,31.0,2.0,1.0,1.0,0.0,0.0,0.0,0.25,0.0,0.0,0.0,0.0,0.5,4.0,0.0,0.0,0.0,2.0,0.0,3.0,2.0,44.0,1.2,0.0,1.0,1.7,0.6,5.0,30.0,0.091,0.84,0.0,4.6,3.0,4.6,4.0,0.0,0.8,0.0,0.0,0.0,1.333,5.0,0.0,0.0,4.0,0.0,0.0,0.0,0.0,0.8,2.0,1.333,0.0,0.0,,,,,,,,,,,,,,3.0,0.429,0.0,0.333,0.0,1.0,0.429,3.0,0.333,,1.0,0.333,0.0,2.0,0.0,0.0,0.0,0.286,0.0,0.0,0.0,0.0,0.286,2.0,0.0,,0.286,0.0,0.0,0.0,2.0,0.286,,0.0,0.0,0.0,2.0,0.0,0.0,0.0,0.0,0.0,0.0,0.0,,0.0,3.0,3.0,0.0,0.0,0.5,0.143,0.0,1.0,0.0,2.0,0.0,0.0,0.0,0.0,1.0,1.0,2.0,0.0,0.0,0.0,0.0,0.0,1.0,0.0,0.0,0.0,0.0,0.0,0.0,0.0,4.0,0.0,0.0,0.0,259.0,154.0,0.382,0.595,0.612,-0.018,2.0,0.0,0.0,0.0,0.0,0.0,0.0,0.0,0.0,0.0,0.0,0.5,0.0,0.0,0.0,0.0,1.0,3.0,0.0,2.0,0.0,0.0,0.0,0.0,0.0,0.0,0.0,3.0,0.0,2.0,0.0,0.0,0.0,2017,21600702,20170127.0,2016-17,False,1.0,9.0,16.0,0.563,0.48,0.082,3.0,7.0,0.429,0.37,6.0,9.0,0.667,0.523,4.0,6.0,0.667,0.591,4.0,9.0,0.444,0.386,1.0,2.0,1.0,2.0,0.5,0.6,1.0,0.2,0.0,0.0,1.0,0.2,1.0,0.2,14.0,8.0,6.0,4.0,0.0,2.0,4.0,0.0,0.0,0.0,0.0,0.0,0.0,0.0,0.0,0.0,0.0,0.0,0.0,0.0,0.0
200794,Paul Millsap,1610612737,ATL,32.0,31.996666666666663,8,12,0.667,0,2,0.0,5,6,0.833,1,8,9,2,2,4,3,1,2,4,21,21,0.15,117.3,84.6,0.237,0.235,10.5,63,0.038,0.717,78.13,119.0,95.86,1.0,0.08,93.76,87.1,10.5,32.0,32.7,0.234,0.667,0.236,10.7,3.0,0.0,0.067,4.0,45.0,0.044,1.0,43.0,3.0,0.0,4.0,1.2,3.0,0.0,0.0,0.2,0.0,0.0,1.0,0.0,5.0,0.0,0.0,0.75,0.0,6.0,5.0,7.0,65.0,2.4,0.4,0.857,2.24,1.0,6.0,44.0,0.323,1.18,3.0,4.6,16.0,4.1,6.0,4.0,0.529,4.0,1.0,1.0,0.667,17.0,1.0,0.0,6.0,0.0,2.0,1.0,0.25,0.692,1.0,0.5,0.333,8.4,,,,,,,,,,,,,,5.0,0.455,1.0,1.0,0.091,5.0,0.545,6.0,0.833,0.0,5.0,0.833,0.0,5.0,1.0,0.6,0.0,0.455,3.0,3.0,0.75,0.091,0.364,4.0,0.6,0.0,,,,,,,,,,,,,,3.0,0.0,6.0,1.0,1.0,,0.0,3.0,6.0,1.0,2.0,0.667,0.667,0.0,1.0,0.0,6.0,0.0,0.0,0.75,0.0,0.5,2.0,1.0,0.0,0.0,0.0,0.0,0.0,1.0,4.0,0.0,1.0,0.0,0.0,1.0,0.0,4.0,3.0,4.0,1.0,108.0,58.0,0.376,0.537,0.61,-0.073,2.0,0.0,,1.0,0.0,,0.0,0.0,1.0,4.0,0.0,0.5,,0.0,0.5,0.0,1.0,2.0,4.0,2.0,0.0,0.0,0.0,0.0,1.0,2.0,2.0,3.0,0.0,2.0,0.0,0.0,0.0,2017,21600324,20161207.0,2016-17,False,1.0,1.0,9.0,0.111,0.417,-0.306,0.0,4.0,0.0,0.35,1.0,5.0,0.2,0.436,1.0,5.0,0.2,0.535,0.0,4.0,0.0,0.36,2.0,3.0,2.0,2.0,1.0,1.0,1.0,0.167,0.0,0.0,1.0,0.167,1.0,0.167,9.0,5.0,4.0,5.0,0.0,1.0,2.0,0.0,0.0,4.0,0.0,0.0,0.0,0.0,0.0,0.0,0.0,0.0,0.0,0.0,0.0
200794,Paul Millsap,1610612737,ATL,32.0,39.14333333333333,5,18,0.278,1,5,0.2,6,10,0.6,1,6,7,6,3,3,3,2,4,6,17,5,0.085,103.6,103.7,0.072,0.154,9.4,79,0.023,0.379,79.2,106.3,96.43,2.0,0.24,95.04,103.9,18.8,2.4,-0.2,0.285,0.306,0.286,9.6,7.0,1.0,0.119,16.0,59.0,0.102,0.0,63.0,7.0,1.0,5.0,0.4,1.0,0.1,0.1,0.1,2.0,2.0,1.0,0.2,10.0,1.0,1.0,0.2,2.0,4.0,3.0,5.0,86.0,2.3,0.0,0.8,1.59,0.0,4.0,63.0,0.198,0.58,4.0,4.8,13.0,5.0,2.0,2.0,0.35,2.0,0.0,0.143,0.545,20.0,0.0,1.0,3.0,0.0,4.0,0.143,0.667,0.389,7.0,0.462,0.571,3.5,,,,,,,,,,,,,,6.0,0.375,0.0,0.167,0.0,1.0,0.375,6.0,0.167,,1.0,0.167,0.0,7.0,2.0,0.643,1.0,0.438,4.0,3.0,0.6,0.125,0.313,5.0,0.571,0.5,0.188,0.0,0.0,0.0,3.0,0.188,,0.0,0.0,0.0,3.0,0.0,0.0,1.0,1.0,2.0,0.2,0.2,0.0,0.0,5.0,0.0,0.0,0.0,0.0,0.306,0.167,1.0,3.0,4.0,1.0,0.0,0.0,0.0,0.333,6.0,4.0,0.0,1.0,1.0,1.0,1.0,2.0,2.0,0.0,0.0,0.0,0.0,1.0,0.0,3.0,0.0,4.0,0.5,224.0,133.0,0.379,0.594,0.616,-0.022,3.0,0.0,,0.4,0.0,,0.0,3.0,0.0,2.0,0.0,0.667,,0.0,0.0,0.0,2.0,2.0,5.0,3.0,0.5,0.0,0.0,1.0,0.0,0.0,2.0,6.0,0.25,4.0,1.0,0.25,1.0,2017,21600613,20170116.0,2016-17,False,1.0,8.0,15.0,0.533,0.472,0.061,,,,,8.0,15.0,0.533,0.506,4.0,9.0,0.444,0.573,3.0,5.0,0.6,0.394,0.0,1.0,0.0,0.0,0.0,0.0,2.0,0.5,0.0,0.0,1.0,0.25,0.0,0.0,12.0,12.0,0.0,3.0,0.0,6.0,13.0,0.0,0.0,0.0,0.0,0.0,0.0,0.0,0.0,0.0,0.0,0.0,0.0,0.0,0.0
200794,Paul Millsap,1610612737,ATL,32.0,39.23333333333333,7,18,0.389,0,5,0.0,4,6,0.667,3,7,10,7,0,2,0,3,2,3,18,1,0.127,96.3,95.8,0.153,0.184,0.0,75,0.073,0.436,76.98,97.3,92.37,0.0,0.304,92.37,94.7,25.0,2.6,0.5,0.249,0.389,0.253,0.0,12.0,0.0,0.127,18.0,55.0,0.127,0.0,56.0,7.0,0.0,5.0,0.222,2.0,0.111,0.0,0.111,2.0,0.0,1.0,0.222,9.0,0.0,1.0,0.4,2.0,2.0,6.0,4.0,78.0,2.9,0.0,0.5,2.25,0.857,7.0,58.0,0.231,1.04,5.0,5.6,15.0,3.4,2.0,0.0,0.417,0.0,0.0,0.333,0.467,24.0,0.0,3.0,5.0,0.0,5.0,0.333,0.714,0.417,9.0,0.467,0.5,10.6,1.0,0.0,0.067,0.0,0.0,1.0,1.0,1.0,1.0,0.067,1.0,1.0,,8.0,0.533,0.0,0.75,0.0,6.0,0.533,8.0,0.75,,6.0,0.75,0.0,2.0,1.0,0.0,0.0,0.133,0.0,0.0,0.0,0.067,0.067,1.0,0.0,0.0,0.267,0.0,0.0,0.0,4.0,0.267,,0.0,0.0,0.0,4.0,0.0,0.0,3.0,0.0,6.0,1.0,1.0,,0.0,3.0,6.0,0.0,0.0,0.667,0.389,0.0,0.333,0.0,2.0,0.0,0.0,1.0,0.0,0.5,6.0,5.0,0.0,0.0,0.0,0.0,0.0,3.0,3.0,0.0,0.0,0.0,0.0,0.0,0.0,1.0,1.0,6.0,0.5,141.0,82.0,0.372,0.582,0.614,-0.032,1.0,0.0,,0.5,,,0.0,2.0,0.0,3.0,0.0,0.5,,0.0,1.0,0.0,3.0,3.0,6.0,6.0,0.0,,,0.0,1.0,0.0,0.0,5.0,0.0,5.0,0.0,0.0,0.0,2017,21600430,20161221.0,2016-17,False,1.0,5.0,14.0,0.357,0.508,-0.151,0.0,3.0,0.0,0.341,5.0,11.0,0.455,0.541,5.0,9.0,0.556,0.599,0.0,4.0,0.0,0.37,2.0,3.0,2.0,2.0,1.0,0.857,2.0,0.286,1.0,0.143,0.0,0.0,1.0,0.143,2.0,1.0,1.0,4.0,0.0,3.0,6.0,0.0,0.0,1.0,0.0,0.0,0.0,0.0,0.0,0.0,0.0,0.0,0.0,0.0,0.0
200794,Paul Millsap,1610612737,ATL,32.0,36.251666666666665,7,13,0.538,1,3,0.333,6,6,1.0,1,5,6,4,4,1,1,1,2,4,21,6,0.086,102.1,97.2,0.15,0.132,16.7,77,0.031,0.671,84.41,103.9,102.3,1.0,0.174,101.29,97.4,16.7,6.5,4.9,0.23,0.577,0.23,16.9,8.0,1.0,0.15,10.0,40.0,0.1,1.0,47.0,6.0,0.0,2.0,1.0,1.0,0.25,0.0,0.25,2.0,2.0,1.0,0.0,4.0,1.0,1.0,0.5,0.0,4.0,5.0,2.0,64.0,2.3,0.0,1.0,2.19,0.5,4.0,44.0,0.328,1.23,2.0,6.9,9.0,8.3,3.0,0.0,0.5,0.0,1.0,0.333,0.556,12.0,1.0,0.0,3.0,0.0,1.0,0.333,0.2,0.5,3.0,0.556,0.333,1.0,0.5,0.0,0.167,0.0,0.0,1.0,1.0,2.0,0.5,0.167,0.5,2.0,,2.0,0.167,0.0,1.0,0.0,2.0,0.167,2.0,1.0,,2.0,1.0,0.0,6.0,1.0,0.75,1.0,0.5,4.0,3.0,0.6,0.083,0.417,5.0,0.667,1.0,0.167,0.0,0.0,0.0,2.0,0.167,,0.0,0.0,0.0,2.0,0.0,0.0,2.0,0.0,4.0,0.667,0.667,,0.0,3.0,2.0,0.0,0.0,0.333,0.577,0.6,1.0,7.0,2.0,0.5,0.0,0.5,0.0,0.667,3.0,1.0,0.0,1.0,1.0,1.0,1.0,2.0,2.0,0.0,1.0,0.0,0.0,2.0,0.0,4.0,2.0,3.0,0.667,363.0,219.0,0.367,0.603,0.611,-0.008,2.0,0.0,,0.667,0.0,,0.0,0.0,0.667,2.0,0.0,0.0,,0.0,1.0,0.0,0.0,3.0,3.0,2.0,0.333,0.0,0.0,1.0,2.0,2.0,3.0,5.0,0.333,3.0,1.0,0.7,3.0,2017,21600969,20170310.0,2016-17,False,1.0,6.0,13.0,0.462,0.447,0.014,1.0,4.0,0.25,0.364,5.0,9.0,0.556,0.491,4.0,4.0,1.0,0.561,2.0,8.0,0.25,0.391,1.0,3.0,0.0,0.0,0.0,0.5,0.0,0.0,0.0,0.0,1.0,0.25,0.0,0.0,14.0,9.0,5.0,2.0,0.0,3.0,7.0,0.0,0.0,0.0,0.0,0.0,0.0,0.0,0.0,0.0,0.0,0.0,0.0,0.0,0.0
200794,Paul Millsap,1610612737,ATL,32.0,33.93333333333333,5,8,0.625,0,1,0.0,9,11,0.818,0,2,2,1,4,0,0,0,2,6,19,-20,0.03,88.4,115.2,0.093,0.053,22.2,71,0.0,0.74,82.51,87.3,99.95,0.25,0.063,99.02,118.8,5.6,-31.5,-26.7,0.221,0.625,0.213,22.4,7.0,0.0,0.027,3.0,37.0,0.027,0.0,43.0,1.0,0.0,1.0,0.667,1.0,0.333,0.0,0.0,4.0,2.0,0.0,0.5,6.0,0.5,2.0,1.0,3.0,4.0,4.0,3.0,57.0,2.2,0.0,1.333,2.36,0.75,8.0,42.0,0.333,1.23,0.0,2.9,7.0,2.9,2.0,0.0,0.2,0.0,0.0,0.0,0.286,10.0,0.0,0.0,2.0,0.0,0.0,0.0,0.0,0.2,3.0,0.286,0.0,0.0,0.5,0.0,0.25,0.0,0.0,1.0,1.0,2.0,0.5,0.25,0.5,2.0,,3.0,0.375,0.0,1.0,0.0,3.0,0.375,3.0,1.0,,3.0,1.0,0.0,3.0,1.0,0.333,0.0,0.375,1.0,1.0,0.5,0.125,0.25,2.0,0.333,0.0,,,,,,,,,,,,,,1.0,1.0,2.0,0.333,0.333,0.0,0.0,3.0,6.0,0.0,0.0,1.0,0.625,0.0,0.667,0.0,4.0,0.0,,0.5,0.0,1.0,1.0,0.0,0.0,1.0,0.0,0.0,0.0,1.0,3.0,0.0,0.0,0.0,,1.0,,2.0,1.0,4.0,0.75,5.0,3.0,0.455,0.6,0.617,-0.017,1.0,0.0,,0.75,0.0,,,0.0,1.0,3.0,,1.0,,,0.0,0.0,1.0,1.0,4.0,1.0,0.0,0.0,0.0,0.0,0.0,1.0,1.0,0.0,,0.0,0.0,,0.0,2017,41600131,20170416.0,2016-17,True,1.0,4.0,11.0,0.364,0.469,-0.105,1.0,3.0,0.333,0.342,3.0,8.0,0.375,0.505,3.0,5.0,0.6,0.571,1.0,5.0,0.2,0.371,3.0,3.0,0.0,0.0,0.0,0.75,1.0,0.125,1.0,0.125,2.0,0.25,0.0,0.0,10.0,7.0,3.0,2.0,0.0,3.0,7.0,0.0,0.0,2.0,0.0,0.0,0.0,0.0,0.0,0.0,0.0,0.0,0.0,0.0,0.0
200794,Paul Millsap,1610612737,ATL,32.0,35.36666666666667,6,14,0.429,1,3,0.333,14,15,0.933,1,9,10,4,5,2,1,1,3,9,27,-7,0.141,96.8,112.3,0.234,0.25,17.2,72,0.029,0.655,80.87,102.8,100.81,0.8,0.222,97.04,114.1,13.8,-11.3,-15.5,0.303,0.464,0.301,16.9,5.0,0.0,0.08,8.0,50.0,0.08,0.0,46.0,4.0,0.0,4.0,1.625,3.0,0.375,0.0,0.0,6.0,6.0,0.0,0.0,8.0,1.0,3.0,0.75,0.0,13.0,2.0,3.0,73.0,3.0,1.0,0.667,2.46,0.333,12.0,43.0,0.37,1.48,2.0,3.3,10.0,2.9,7.0,0.0,0.714,1.0,0.0,0.25,0.9,14.0,0.0,1.0,8.0,1.0,2.0,0.333,0.222,0.769,4.0,0.9,0.2,7.1,0.5,0.0,0.154,0.0,0.0,1.0,1.0,2.0,0.5,0.154,0.5,2.0,,7.0,0.538,1.0,0.571,0.077,4.0,0.615,8.0,0.5,0.0,4.0,0.5,0.0,1.0,0.0,0.0,0.0,0.077,0.0,0.0,0.0,0.0,0.077,1.0,0.0,,0.154,1.0,0.0,0.0,2.0,0.154,,0.5,0.75,0.0,2.0,0.5,1.0,2.0,1.0,5.0,0.625,0.5,1.0,1.0,4.0,4.0,0.0,2.0,0.25,0.464,0.0,1.0,0.0,2.0,0.0,,0.333,0.0,0.5,4.0,3.0,0.333,,0.0,,,2.0,2.0,0.0,0.0,1.0,,0.0,,3.0,1.0,4.0,0.5,11.0,7.0,0.524,0.636,0.631,0.006,0.0,0.333,0.0,0.5,,0.0,,3.0,0.333,2.0,,0.5,0.0,,0.0,1.0,2.0,0.0,4.0,4.0,0.0,,,0.0,0.0,1.0,3.0,2.0,0.0,2.0,0.0,0.0,0.0,2017,41600132,20170419.0,2016-17,True,1.0,4.0,10.0,0.4,0.514,-0.114,0.0,1.0,0.0,0.363,4.0,9.0,0.444,0.547,4.0,6.0,0.667,0.599,0.0,4.0,0.0,0.438,1.0,4.0,2.0,2.0,1.0,0.333,4.0,0.333,1.0,0.083,2.0,0.167,1.0,0.083,6.0,5.0,1.0,3.0,0.0,6.0,14.0,0.0,0.0,1.0,0.0,0.0,0.0,0.0,0.0,0.0,0.0,0.0,0.0,0.0,0.0
200794,Paul Millsap,1610612737,ATL,32.0,35.72666666666667,4,14,0.286,1,3,0.333,5,8,0.625,3,5,8,3,2,1,0,1,4,6,14,-4,0.129,109.4,123.8,0.039,0.2,8.7,70,0.081,0.4,77.81,112.9,93.54,1.5,0.13,93.38,120.3,13.0,-7.4,-14.4,0.246,0.321,0.25,8.9,6.0,1.0,0.104,9.0,48.0,0.063,1.0,43.0,5.0,0.0,4.0,0.417,0.0,0.333,0.0,0.083,8.0,5.0,1.0,0.167,12.0,0.625,4.0,0.0,2.0,5.0,2.0,4.0,69.0,2.2,0.0,0.5,1.88,0.0,6.0,46.0,0.203,1.09,2.0,3.9,8.0,3.7,5.0,1.0,0.571,2.0,0.667,0.5,0.714,14.0,2.0,1.0,6.0,1.0,0.0,0.6,0.0,0.667,6.0,0.625,0.25,4.3,0.25,0.0,0.308,0.0,0.0,1.0,1.0,4.0,0.25,0.308,0.25,4.0,,4.0,0.308,0.0,0.25,0.0,1.0,0.308,4.0,0.25,,1.0,0.25,0.0,4.0,2.0,0.625,1.0,0.308,2.0,1.0,0.5,0.154,0.154,2.0,0.5,0.5,0.077,0.0,0.0,0.0,1.0,0.077,,0.0,0.0,0.0,1.0,0.0,0.0,1.0,1.0,2.0,0.333,0.333,0.0,0.0,3.0,0.0,0.0,0.0,0.0,0.321,0.5,0.5,3.0,2.0,1.0,,0.0,1.0,0.333,3.0,2.0,0.0,0.0,1.0,0.0,0.0,1.0,2.0,1.0,1.0,0.0,,1.0,,2.0,0.0,6.0,0.333,278.0,167.0,0.366,0.601,0.613,-0.012,1.0,0.0,0.0,0.333,0.0,0.0,,0.0,1.0,2.0,,0.0,0.0,,0.0,0.0,0.0,3.0,6.0,3.0,0.333,0.0,0.0,1.0,0.0,1.0,1.0,2.0,0.5,2.0,1.0,0.75,1.0,2017,21600772,20170206.0,2016-17,False,1.0,8.0,14.0,0.571,0.503,0.069,0.0,3.0,0.0,0.34,8.0,11.0,0.727,0.538,5.0,6.0,0.833,0.615,2.0,6.0,0.333,0.365,0.0,3.0,0.0,0.0,0.0,0.0,1.0,0.167,1.0,0.167,1.0,0.167,0.0,0.0,8.0,7.0,1.0,1.0,1.0,3.0,6.0,0.0,0.0,2.0,0.0,0.0,0.0,0.0,0.0,0.0,0.0,0.0,0.0,0.0,0.0
200794,Paul Millsap,1610612737,ATL,32.0,37.73333333333333,5,15,0.333,2,5,0.4,8,10,0.8,1,7,8,3,1,1,1,1,4,7,20,-1,0.107,110.3,110.8,0.105,0.212,4.2,78,0.024,0.515,83.22,111.5,100.7,3.0,0.125,99.86,111.4,12.5,0.1,-0.5,0.238,0.4,0.241,4.3,9.0,1.0,0.074,9.0,54.0,0.056,0.0,63.0,4.0,0.0,6.0,0.636,3.0,0.091,0.0,0.0,2.0,1.0,0.0,0.364,11.0,0.5,1.0,0.5,4.0,7.0,5.0,2.0,79.0,2.7,0.0,0.0,2.08,0.714,7.0,62.0,0.253,1.15,1.0,5.5,12.0,5.5,6.0,0.0,0.444,0.0,0.0,0.167,0.583,18.0,0.0,0.0,6.0,0.0,1.0,0.167,0.143,0.444,6.0,0.583,0.125,0.0,0.0,0.0,0.143,0.0,0.0,0.0,0.0,2.0,0.0,0.143,0.0,2.0,,4.0,0.286,0.0,0.5,0.0,2.0,0.286,4.0,0.5,,2.0,0.5,0.0,5.0,2.0,0.5,1.0,0.357,2.0,1.0,0.333,0.143,0.214,3.0,0.4,0.5,0.214,1.0,0.0,0.0,3.0,0.214,,0.333,0.5,0.0,3.0,0.333,1.0,0.0,0.0,0.0,,,,0.0,0.0,5.0,0.0,0.0,0.0,0.4,0.286,0.0,6.0,0.0,1.0,0.0,0.0,0.0,0.5,2.0,4.0,0.25,1.0,1.0,1.0,1.0,1.0,2.0,0.0,0.0,1.0,0.0,1.0,0.0,2.0,0.0,6.0,0.333,147.0,86.0,0.375,0.585,0.615,-0.03,1.0,0.0,0.0,0.286,,0.0,0.0,2.0,0.0,2.0,0.0,0.5,0.0,0.0,0.0,0.0,1.0,3.0,7.0,2.0,0.667,,,2.0,0.0,0.0,0.0,6.0,0.4,5.0,2.0,0.5,2.0,2017,21600451,20161223.0,2016-17,False,1.0,8.0,13.0,0.615,0.464,0.152,3.0,5.0,0.6,0.337,5.0,8.0,0.625,0.541,4.0,7.0,0.571,0.6,4.0,6.0,0.667,0.352,0.0,1.0,5.0,6.0,0.833,0.714,1.0,0.143,1.0,0.143,0.0,0.0,3.0,0.429,10.0,5.0,5.0,5.0,0.0,7.0,15.0,0.0,0.0,2.0,0.0,0.0,0.0,0.0,0.0,0.0,0.0,0.0,0.0,0.0,0.0
200794,Paul Millsap,1610612737,ATL,32.0,25.05,2,13,0.154,0,3,0.0,3,4,0.75,2,3,5,0,2,1,0,1,3,4,7,-18,0.096,79.0,114.1,-0.063,0.115,11.8,51,0.077,0.237,82.24,78.4,97.23,0.0,0.0,98.68,111.5,0.0,-33.1,-35.1,0.291,0.154,0.293,11.9,2.0,0.0,0.0,0.0,37.0,0.0,0.0,39.0,0.0,0.0,1.0,0.167,0.0,0.167,0.0,0.0,2.0,1.0,0.0,0.5,6.0,0.5,1.0,0.0,3.0,1.0,5.0,7.0,55.0,1.8,0.4,0.571,1.99,0.5,4.0,37.0,0.127,0.78,3.0,5.0,7.0,4.1,2.0,2.0,0.455,2.0,1.0,0.5,0.6,11.0,2.0,0.0,2.0,0.0,1.0,0.5,0.333,0.556,4.0,0.429,0.6,6.3,1.0,0.0,0.083,0.0,0.0,1.0,1.0,1.0,1.0,0.083,1.0,1.0,,6.0,0.5,0.0,0.167,0.0,1.0,0.5,6.0,0.167,,1.0,0.167,0.0,1.0,0.0,0.0,0.0,0.083,0.0,0.0,0.0,0.0,0.083,1.0,0.0,,0.333,0.0,0.0,0.083,3.0,0.25,0.0,0.0,0.0,1.0,4.0,0.0,0.0,0.0,0.0,0.0,,,,0.0,0.0,2.0,0.5,2.0,0.0,0.154,0.0,0.333,0.0,4.0,0.0,,0.0,0.0,0.0,0.0,2.0,0.0,1.0,0.0,0.0,0.0,0.0,2.0,0.0,0.0,0.0,,1.0,,4.0,0.0,6.0,0.333,153.0,90.0,0.382,0.588,0.615,-0.027,0.0,0.0,0.0,0.333,0.0,0.0,,1.0,0.0,2.0,,0.0,0.0,,0.0,0.0,0.0,2.0,6.0,2.0,0.0,0.0,0.0,0.0,0.0,0.0,2.0,3.0,0.0,3.0,0.0,0.0,0.0,2017,21600468,20161226.0,2016-17,False,1.0,6.0,9.0,0.667,0.478,0.189,2.0,3.0,0.667,0.357,4.0,6.0,0.667,0.516,4.0,6.0,0.667,0.565,2.0,3.0,0.667,0.374,0.0,2.0,2.0,2.0,1.0,0.5,1.0,0.25,0.0,0.0,0.0,0.0,1.0,0.25,5.0,2.0,3.0,5.0,0.0,1.0,2.0,0.0,0.0,0.0,0.0,0.0,0.0,0.0,0.0,0.0,0.0,0.0,0.0,0.0,0.0
200794,Paul Millsap,1610612737,ATL,32.0,28.766666666666666,6,14,0.429,0,1,0.0,2,4,0.5,3,5,8,4,1,1,3,1,3,3,14,18,0.119,111.7,90.3,0.121,0.161,4.8,60,0.083,0.444,84.13,118.3,102.02,4.0,0.182,100.95,86.9,19.0,31.4,21.4,0.225,0.429,0.23,4.8,7.0,1.0,0.125,10.0,40.0,0.1,0.0,42.0,5.0,0.0,2.0,0.333,0.0,0.167,0.0,0.167,2.0,2.0,1.0,0.333,6.0,1.0,1.0,0.0,2.0,2.0,1.0,6.0,60.0,1.8,0.0,0.0,1.79,0.25,8.0,42.0,0.233,0.67,4.0,4.2,8.0,4.2,3.0,0.0,0.727,0.0,0.667,1.0,0.625,11.0,2.0,0.0,3.0,0.0,2.0,1.0,0.4,0.727,3.0,0.625,0.5,4.1,,,,,,,,,,,,,,4.0,0.308,0.0,0.25,0.0,1.0,0.308,4.0,0.25,,1.0,0.25,0.0,5.0,0.0,0.4,0.0,0.385,2.0,2.0,0.4,0.0,0.385,5.0,0.4,,0.308,0.0,3.0,0.231,1.0,0.077,1.0,0.0,0.75,3.0,4.0,0.75,3.0,0.0,1.0,0.0,0.0,0.0,0.0,0.0,2.0,2.0,0.0,0.0,0.333,0.429,0.833,0.0,10.0,0.0,0.0,0.0,0.556,0.0,0.0,2.0,1.0,0.0,,0.0,,,0.0,1.0,0.0,0.0,0.0,0.0,0.0,0.0,9.0,5.0,2.0,0.5,201.0,120.0,0.368,0.597,0.616,-0.019,3.0,0.0,0.0,0.5,,0.0,0.0,0.0,0.4,1.0,0.0,0.0,0.0,0.0,1.0,0.0,0.0,2.0,2.0,2.0,0.0,,,0.0,3.0,2.0,5.0,6.0,,0.0,0.0,0.833,5.0,2017,21600573,20170110.0,2016-17,False,1.0,8.0,15.0,0.533,0.437,0.096,1.0,3.0,0.333,0.334,7.0,12.0,0.583,0.485,7.0,10.0,0.7,0.53,1.0,4.0,0.25,0.324,1.0,3.0,0.0,2.0,0.0,0.25,4.0,0.5,0.0,0.0,0.0,0.0,1.0,0.125,14.0,12.0,2.0,4.0,0.0,2.0,4.0,0.0,0.0,0.0,0.0,0.0,0.0,0.0,0.0,0.0,0.0,0.0,0.0,0.0,0.0
200794,Paul Millsap,1610612737,ATL,32.0,37.7,8,17,0.471,2,4,0.5,1,3,0.333,1,6,7,5,0,2,2,0,3,4,19,-7,0.095,98.0,106.0,0.141,0.171,0.0,77,0.026,0.519,82.76,96.1,96.69,0.0,0.25,99.31,102.5,21.7,-6.4,-8.0,0.222,0.529,0.212,0.0,7.0,0.0,0.119,13.0,42.0,0.119,0.0,45.0,5.0,0.0,5.0,1.25,5.0,0.0,0.0,0.125,0.0,0.0,1.0,0.125,8.0,0.0,0.0,1.0,1.0,10.0,6.0,6.0,65.0,2.5,0.333,0.5,2.29,0.167,6.0,44.0,0.292,1.25,0.0,5.1,12.0,5.1,6.0,1.0,0.389,1.0,0.0,0.167,0.545,18.0,0.0,0.0,6.0,0.0,0.0,0.167,0.0,0.412,6.0,0.5,0.0,0.0,1.0,0.0,0.059,0.0,0.0,1.0,1.0,1.0,1.0,0.059,1.0,1.0,,9.0,0.529,0.0,0.444,0.0,4.0,0.529,9.0,0.444,,4.0,0.444,0.0,3.0,1.0,0.833,1.0,0.176,2.0,1.0,0.5,0.059,0.118,2.0,0.667,1.0,0.235,1.0,0.0,0.059,3.0,0.176,0.0,0.333,0.375,1.0,4.0,0.25,1.0,1.0,2.0,3.0,0.5,0.333,0.5,1.0,3.0,1.0,0.333,2.0,0.0,0.529,0.25,0.5,3.0,3.0,0.0,0.0,0.0,0.0,0.4,5.0,4.0,0.5,0.0,0.0,0.0,0.0,2.0,4.0,0.0,0.0,2.0,0.0,0.0,0.0,2.0,0.0,6.0,0.667,72.0,40.0,0.369,0.556,0.6,-0.044,0.0,0.333,0.0,0.667,0.0,0.0,0.0,3.0,0.25,4.0,0.0,0.333,0.0,0.0,0.0,1.0,1.0,1.0,6.0,3.0,1.0,0.0,0.0,1.0,0.0,1.0,4.0,4.0,0.5,2.0,1.0,0.375,1.0,2017,21600193,20161120.0,2016-17,False,1.0,12.0,19.0,0.632,0.447,0.185,4.0,7.0,0.571,0.351,8.0,12.0,0.667,0.491,3.0,6.0,0.5,0.55,9.0,13.0,0.692,0.387,0.0,3.0,1.0,2.0,0.5,0.167,0.0,0.0,2.0,0.333,0.0,0.0,1.0,0.167,15.0,10.0,5.0,2.0,0.0,2.0,4.0,0.0,0.0,1.0,0.0,0.0,0.0,0.0,0.0,0.0,0.0,0.0,0.0,0.0,0.0
200794,Paul Millsap,1610612737,ATL,32.0,21.666666666666668,5,10,0.5,0,1,0.0,0,0,0.0,0,7,7,0,4,0,0,0,3,1,10,13,0.159,115.7,88.7,0.06,0.25,28.6,42,0.0,0.5,77.54,121.4,96.28,0.0,0.0,93.05,90.5,0.0,31.0,27.0,0.291,0.5,0.292,28.6,7.0,2.0,0.054,4.0,37.0,0.0,0.0,38.0,2.0,1.0,2.0,0.333,1.0,0.0,0.167,0.0,0.0,0.0,0.0,0.333,6.0,0.0,0.0,0.5,2.0,2.0,6.0,5.0,52.0,1.8,0.333,0.4,2.07,1.0,4.0,35.0,0.192,1.15,1.0,3.7,10.0,3.7,5.0,1.0,0.7,1.0,0.0,0.0,0.778,10.0,0.0,0.0,5.0,0.0,1.0,0.0,0.143,0.778,0.0,0.7,0.143,0.0,,,,,,,,,,,,,,6.0,0.6,0.0,0.5,0.0,3.0,0.6,6.0,0.5,,3.0,0.5,0.0,2.0,0.0,0.5,0.0,0.2,1.0,1.0,0.5,0.0,0.2,2.0,0.5,,0.2,0.0,1.0,0.1,1.0,0.1,1.0,0.0,0.5,1.0,2.0,0.5,1.0,0.0,0.0,0.0,,,,0.0,0.0,4.0,0.5,2.0,1.0,0.5,0.333,0.5,2.0,2.0,0.0,,0.667,,0.5,2.0,1.0,0.0,0.0,0.0,0.0,0.0,1.0,2.0,,,0.0,,0.0,,3.0,2.0,4.0,0.5,407.0,249.0,0.37,0.612,0.61,0.002,0.0,0.0,,0.5,,,,0.0,0.333,2.0,,1.0,,,0.0,0.0,2.0,1.0,4.0,2.0,0.0,,,0.0,0.0,1.0,3.0,3.0,0.0,1.0,0.0,0.333,1.0,2017,21601212,20170411.0,2016-17,False,1.0,5.0,11.0,0.455,0.428,0.027,0.0,4.0,0.0,0.336,5.0,7.0,0.714,0.489,3.0,4.0,0.75,0.551,0.0,5.0,0.0,0.344,2.0,2.0,0.0,0.0,0.0,1.0,2.0,0.5,0.0,0.0,0.0,0.0,0.0,0.0,8.0,4.0,4.0,0.0,0.0,1.0,2.0,0.0,0.0,2.0,0.0,0.0,0.0,0.0,0.0,0.0,0.0,0.0,0.0,0.0,0.0
200794,Paul Millsap,1610612737,ATL,32.0,33.455,6,19,0.316,1,4,0.25,4,4,1.0,0,10,10,4,2,2,1,0,1,4,17,7,0.125,107.3,101.0,0.125,0.227,7.4,74,0.0,0.409,88.48,106.8,103.93,2.0,0.174,106.17,97.3,14.8,9.5,6.3,0.276,0.342,0.274,7.5,6.0,0.0,0.074,10.0,54.0,0.074,0.0,55.0,4.0,0.0,3.0,0.4,1.0,0.0,0.0,0.0,0.0,0.0,0.0,0.4,5.0,0.0,0.0,0.333,2.0,2.0,7.0,5.0,80.0,2.4,0.286,0.0,1.82,0.8,5.0,56.0,0.213,0.79,2.0,4.6,18.0,4.6,8.0,1.0,0.476,1.0,0.0,0.0,0.588,21.0,0.0,0.0,8.0,0.0,2.0,0.0,0.2,0.5,3.0,0.556,0.2,0.0,0.0,0.0,0.105,0.0,0.0,0.0,0.0,2.0,0.0,0.105,0.0,2.0,,7.0,0.368,0.0,0.286,0.0,2.0,0.368,7.0,0.286,,2.0,0.286,0.0,8.0,3.0,0.438,1.0,0.421,3.0,2.0,0.4,0.158,0.263,5.0,0.375,0.333,0.105,0.0,1.0,0.053,1.0,0.053,1.0,0.0,0.5,1.0,2.0,0.5,1.0,2.0,2.0,4.0,0.25,0.25,0.0,0.0,8.0,4.0,0.5,2.0,0.667,0.342,0.5,0.0,5.0,0.0,0.5,,0.5,1.0,0.167,6.0,2.0,0.0,1.0,1.0,0.0,0.0,1.0,2.0,1.0,1.0,0.0,,2.0,,4.0,2.0,5.0,0.4,193.0,114.0,0.375,0.591,0.616,-0.026,2.0,0.0,,0.4,0.0,,,1.0,0.2,2.0,,0.0,,,1.0,0.0,0.0,3.0,5.0,3.0,0.333,0.0,0.0,1.0,2.0,1.0,5.0,4.0,0.5,2.0,1.0,0.625,2.0,2017,21600539,20170105.0,2016-17,False,1.0,9.0,20.0,0.45,0.471,-0.021,2.0,8.0,0.25,0.384,7.0,12.0,0.583,0.516,7.0,12.0,0.583,0.579,2.0,8.0,0.25,0.383,2.0,3.0,0.0,0.0,0.0,0.8,1.0,0.2,0.0,0.0,0.0,0.0,0.0,0.0,13.0,7.0,6.0,2.0,0.0,2.0,6.0,0.0,0.0,0.0,0.0,0.0,0.0,0.0,0.0,0.0,0.0,0.0,0.0,0.0,0.0
200794,Paul Millsap,1610612737,ATL,32.0,33.88333333333333,8,17,0.471,2,3,0.667,2,2,1.0,0,5,5,5,1,1,0,0,1,3,20,5,0.075,116.2,108.4,0.138,0.147,4.2,67,0.0,0.559,78.5,113.4,92.73,5.0,0.217,94.21,107.6,20.8,5.9,7.8,0.264,0.529,0.26,4.2,11.0,0.0,0.149,12.0,47.0,0.106,2.0,56.0,7.0,1.0,4.0,0.444,1.0,0.111,0.111,0.111,2.0,2.0,1.0,0.222,9.0,1.0,1.0,0.25,2.0,4.0,12.0,6.0,67.0,2.1,0.167,0.333,1.9,0.667,3.0,53.0,0.299,0.84,1.0,4.0,8.0,4.0,4.0,1.0,0.5,2.0,0.0,0.0,0.714,10.0,0.0,0.0,4.0,1.0,1.0,0.0,0.2,0.625,2.0,0.625,0.2,0.0,0.4,0.0,0.294,0.0,0.0,2.0,2.0,5.0,0.4,0.294,0.4,5.0,,5.0,0.294,0.0,0.4,0.0,2.0,0.294,5.0,0.4,,2.0,0.4,0.0,5.0,1.0,0.7,1.0,0.294,3.0,2.0,0.5,0.059,0.235,4.0,0.6,1.0,0.118,1.0,0.0,0.0,2.0,0.118,,0.5,0.75,0.0,2.0,0.5,1.0,0.0,0.0,0.0,0.0,0.0,,0.0,1.0,2.0,0.5,2.0,0.5,0.529,0.429,0.5,8.0,2.0,0.0,0.0,0.25,0.0,0.5,4.0,3.0,0.667,0.0,0.0,0.0,0.0,2.0,3.0,0.0,0.0,2.0,0.0,0.0,0.0,4.0,1.0,6.0,0.5,128.0,72.0,0.365,0.563,0.611,-0.049,2.0,0.0,,0.5,,,0.0,0.0,0.667,3.0,0.0,0.5,,0.0,0.0,0.0,1.0,4.0,6.0,2.0,0.5,,,2.0,0.0,2.0,3.0,7.0,0.667,3.0,2.0,0.571,3.0,2017,21600401,20161217.0,2016-17,False,1.0,7.0,15.0,0.467,0.458,0.009,3.0,6.0,0.5,0.348,4.0,9.0,0.444,0.513,4.0,7.0,0.571,0.573,3.0,8.0,0.375,0.342,1.0,2.0,0.0,0.0,0.0,0.667,1.0,0.333,0.0,0.0,0.0,0.0,0.0,0.0,15.0,8.0,7.0,2.0,1.0,1.0,2.0,0.0,0.0,2.0,0.0,0.0,0.0,0.0,0.0,0.0,0.0,0.0,0.0,0.0,0.0
200794,Paul Millsap,1610612737,ATL,32.0,38.56666666666667,8,15,0.533,1,4,0.25,6,8,0.75,3,11,14,6,1,1,3,1,1,7,23,11,0.179,116.7,102.0,0.188,0.275,4.0,82,0.079,0.621,84.53,118.3,104.17,6.0,0.231,101.43,106.2,24.0,12.1,14.7,0.214,0.567,0.207,3.9,19.0,2.0,0.11,15.0,82.0,0.073,1.0,69.0,9.0,0.0,1.0,0.4,0.0,0.2,0.0,0.0,2.0,2.0,0.0,0.6,5.0,1.0,1.0,0.0,3.0,2.0,9.0,10.0,102.0,2.9,0.222,1.2,1.68,0.556,9.0,73.0,0.225,0.75,6.0,5.3,20.0,5.9,8.0,0.0,0.519,0.0,1.0,0.429,0.55,27.0,3.0,0.0,8.0,0.0,3.0,0.429,0.273,0.519,7.0,0.55,0.429,3.4,1.0,0.0,0.214,0.0,0.0,3.0,3.0,3.0,1.0,0.214,1.0,3.0,,5.0,0.357,0.0,0.6,0.0,3.0,0.357,5.0,0.6,,3.0,0.6,0.0,2.0,1.0,0.0,0.0,0.143,0.0,0.0,0.0,0.071,0.071,1.0,0.0,0.0,0.286,1.0,1.0,0.071,3.0,0.214,1.0,0.333,0.625,1.0,4.0,0.5,2.0,0.0,0.0,0.0,,,,0.0,0.0,5.0,0.5,2.0,0.667,0.567,0.4,0.833,5.0,12.0,0.5,0.0,0.0,0.0,0.0,2.0,2.0,0.0,1.0,1.0,1.0,1.0,0.0,7.0,0.0,1.0,0.0,0.0,2.0,0.0,1.0,0.0,8.0,0.875,116.0,62.0,0.374,0.534,0.611,-0.077,0.0,0.0,,0.875,,,0.0,2.0,0.0,7.0,0.0,0.0,,0.0,0.0,0.0,0.0,2.0,8.0,2.0,0.5,,,1.0,0.0,0.0,1.0,5.0,0.25,4.0,1.0,0.5,2.0,2017,21600340,20161209.0,2016-17,False,1.0,10.0,23.0,0.435,0.497,-0.062,2.0,6.0,0.333,0.366,8.0,17.0,0.471,0.527,6.0,12.0,0.5,0.576,4.0,11.0,0.364,0.366,2.0,3.0,0.0,0.0,0.0,0.556,5.0,0.556,0.0,0.0,0.0,0.0,0.0,0.0,24.0,18.0,6.0,4.0,0.0,5.0,12.0,0.0,0.0,1.0,0.0,0.0,0.0,0.0,0.0,0.0,0.0,0.0,0.0,0.0,0.0
200794,Paul Millsap,1610612737,ATL,32.0,28.45,7,14,0.5,1,3,0.333,6,8,0.75,1,4,5,4,0,0,0,0,3,5,21,19,0.091,127.5,95.8,0.142,0.125,0.0,59,0.043,0.599,82.25,125.4,97.38,0.0,0.2,98.7,94.8,19.0,30.6,31.7,0.274,0.536,0.258,0.0,3.0,0.0,0.143,10.0,35.0,0.114,1.0,39.0,5.0,0.0,0.0,0.333,0.0,0.333,0.0,0.0,2.0,1.0,0.0,0.667,3.0,0.5,1.0,0.0,2.0,1.0,4.0,5.0,54.0,1.7,0.25,1.0,1.89,2.5,2.0,39.0,0.389,0.8,1.0,5.3,9.0,4.9,3.0,1.0,0.5,1.0,0.0,1.0,0.5,10.0,0.0,1.0,4.0,0.0,1.0,1.0,0.25,0.556,1.0,0.444,0.2,7.1,1.0,0.0,0.143,0.0,0.0,2.0,2.0,2.0,1.0,0.143,1.0,2.0,,5.0,0.357,0.0,0.6,0.0,3.0,0.357,5.0,0.6,,3.0,0.6,0.0,4.0,1.0,0.625,1.0,0.286,2.0,1.0,0.333,0.071,0.214,3.0,0.5,1.0,0.214,0.0,0.0,0.071,2.0,0.143,0.0,0.0,0.0,1.0,3.0,0.0,0.0,1.0,0.0,2.0,0.5,0.5,,0.0,2.0,5.0,0.0,1.0,1.0,0.536,0.2,0.667,3.0,5.0,0.0,0.0,0.25,0.0,0.0,1.0,2.0,0.5,1.0,0.0,0.0,0.0,0.0,5.0,0.0,0.0,1.0,0.0,1.0,0.0,4.0,1.0,6.0,0.833,272.0,162.0,0.365,0.596,0.612,-0.016,3.0,0.5,,0.714,,,0.0,2.0,1.0,5.0,0.0,0.0,,0.0,0.0,1.0,0.0,1.0,7.0,0.0,0.0,,,0.0,0.0,1.0,1.0,5.0,0.333,3.0,1.0,0.3,1.0,2017,21600756,20170204.0,2016-17,False,1.0,5.0,13.0,0.385,0.444,-0.059,0.0,3.0,0.0,0.334,5.0,10.0,0.5,0.493,5.0,8.0,0.625,0.55,0.0,5.0,0.0,0.375,2.0,2.0,0.0,0.0,0.0,2.5,0.0,0.0,0.0,0.0,0.0,0.0,0.0,0.0,9.0,6.0,3.0,3.0,0.0,4.0,8.0,0.0,0.0,0.0,0.0,0.0,0.0,0.0,0.0,0.0,0.0,0.0,0.0,0.0,0.0
200794,Paul Millsap,1610612737,ATL,32.0,40.516666666666666,4,20,0.2,1,6,0.167,3,4,0.75,3,4,7,6,0,1,2,4,3,3,12,7,0.075,102.1,93.6,0.042,0.087,0.0,81,0.064,0.276,79.47,103.7,97.43,0.0,0.222,95.37,96.3,21.4,7.5,8.5,0.231,0.225,0.232,0.0,6.0,0.0,0.162,13.0,37.0,0.162,0.0,49.0,6.0,0.0,5.0,0.0,0.0,0.0,0.0,0.143,0.0,0.0,1.0,0.143,7.0,0.0,0.0,0.0,1.0,0.0,5.0,6.0,63.0,2.0,0.0,0.667,1.86,0.5,4.0,51.0,0.19,0.79,4.0,4.3,13.0,3.6,2.0,2.0,0.333,2.0,0.667,0.375,0.364,21.0,2.0,1.0,3.0,0.0,2.0,0.375,0.5,0.368,8.0,0.308,0.571,5.3,0.667,0.0,0.188,0.0,0.0,2.0,2.0,3.0,0.667,0.188,0.667,3.0,,5.0,0.313,0.0,0.0,0.0,0.0,0.313,5.0,0.0,,0.0,0.0,0.0,3.0,1.0,0.333,0.0,0.188,1.0,1.0,0.5,0.063,0.125,2.0,0.333,0.0,0.313,1.0,0.0,0.0,5.0,0.313,,0.2,0.3,0.0,5.0,0.2,1.0,1.0,0.0,2.0,1.0,1.0,,0.0,1.0,2.0,0.0,0.0,1.0,0.225,0.143,0.667,3.0,4.0,0.0,0.0,0.5,0.0,0.0,4.0,4.0,0.25,1.0,0.0,0.0,0.0,0.0,2.0,0.0,1.0,1.0,0.0,2.0,0.0,2.0,1.0,8.0,0.25,159.0,94.0,0.376,0.591,0.614,-0.023,1.0,0.333,,0.25,,,0.0,3.0,0.5,2.0,0.0,0.0,,0.0,0.0,1.0,0.0,3.0,8.0,3.0,0.0,,,0.0,0.0,1.0,2.0,7.0,0.167,6.0,1.0,0.214,1.0,2017,21600478,20161228.0,2016-17,False,1.0,6.0,22.0,0.273,0.448,-0.175,1.0,7.0,0.143,0.344,5.0,15.0,0.333,0.49,4.0,7.0,0.571,0.528,1.0,8.0,0.125,0.363,1.0,1.0,0.0,0.0,0.0,0.5,2.0,0.5,0.0,0.0,0.0,0.0,0.0,0.0,14.0,7.0,7.0,3.0,0.0,8.0,17.0,0.0,0.0,3.0,0.0,0.0,0.0,0.0,0.0,0.0,0.0,0.0,0.0,0.0,0.0
200794,Paul Millsap,1610612737,ATL,32.0,38.083333333333336,9,15,0.6,2,5,0.4,3,3,1.0,1,5,6,5,0,0,1,0,2,2,23,10,0.068,118.3,107.1,0.168,0.094,0.0,76,0.029,0.705,79.3,122.4,98.36,0.0,0.179,95.16,110.7,23.8,11.7,11.2,0.182,0.667,0.178,0.0,8.0,0.0,0.159,11.0,44.0,0.114,2.0,39.0,7.0,0.0,2.0,0.4,1.0,0.0,0.0,0.2,0.0,0.0,1.0,0.4,5.0,0.0,0.0,0.5,2.0,2.0,8.0,1.0,62.0,2.2,0.625,0.0,2.11,0.286,7.0,39.0,0.371,0.95,3.0,5.2,15.0,3.5,2.0,2.0,0.333,2.0,0.0,0.333,0.385,18.0,0.0,1.0,3.0,0.0,3.0,0.333,0.6,0.375,3.0,0.333,0.5,14.0,0.5,0.0,0.133,0.0,0.0,1.0,1.0,2.0,0.5,0.133,0.5,2.0,,4.0,0.267,0.0,0.75,0.0,3.0,0.267,4.0,0.75,,3.0,0.75,0.0,5.0,2.0,0.4,0.0,0.333,2.0,2.0,0.667,0.133,0.2,3.0,0.4,0.0,0.267,2.0,1.0,0.067,3.0,0.2,1.0,0.667,1.0,1.0,4.0,0.75,3.0,3.0,1.0,6.0,0.6,0.6,0.0,0.0,5.0,2.0,1.0,5.0,0.5,0.667,0.571,0.0,10.0,0.0,1.0,0.0,0.714,0.0,1.0,2.0,4.0,0.25,1.0,1.0,1.0,1.0,2.0,0.0,0.0,0.0,1.0,0.0,1.0,0.0,7.0,5.0,1.0,0.0,287.0,172.0,0.366,0.599,0.614,-0.015,3.0,0.0,0.0,0.0,,0.0,0.0,1.0,0.5,0.0,1.0,1.0,0.0,0.0,1.0,0.0,2.0,3.0,1.0,2.0,0.667,,,2.0,3.0,2.0,4.0,7.0,0.5,4.0,2.0,0.714,4.0,2017,21600785,20170208.0,2016-17,False,1.0,11.0,25.0,0.44,0.483,-0.043,3.0,9.0,0.333,0.345,8.0,16.0,0.5,0.544,6.0,13.0,0.462,0.597,4.0,11.0,0.364,0.37,1.0,2.0,0.0,0.0,0.0,0.286,3.0,0.429,2.0,0.286,0.0,0.0,0.0,0.0,14.0,6.0,8.0,1.0,0.0,3.0,6.0,0.0,0.0,1.0,0.0,0.0,0.0,0.0,0.0,0.0,0.0,0.0,0.0,0.0,0.0
200794,Paul Millsap,1610612737,ATL,32.0,34.55,7,17,0.412,0,2,0.0,1,2,0.5,1,5,6,4,1,2,0,0,2,4,15,10,0.082,86.1,76.8,0.164,0.128,4.3,72,0.029,0.419,83.36,90.3,102.2,4.0,0.222,100.03,76.4,17.4,13.9,9.3,0.235,0.412,0.235,4.4,8.0,1.0,0.128,12.0,39.0,0.103,0.0,41.0,5.0,1.0,3.0,0.6,1.0,0.2,0.2,0.0,2.0,1.0,0.0,0.0,5.0,0.5,1.0,0.333,0.0,3.0,4.0,7.0,60.0,1.9,0.5,0.286,1.92,0.25,8.0,40.0,0.25,1.13,5.0,2.4,9.0,2.1,1.0,0.0,0.5,0.0,1.0,0.333,0.556,12.0,1.0,0.0,1.0,0.0,4.0,0.333,0.8,0.5,3.0,0.556,0.833,3.8,0.5,0.0,0.118,0.0,0.0,1.0,1.0,2.0,0.5,0.118,0.5,2.0,,10.0,0.588,0.0,0.6,0.0,6.0,0.588,10.0,0.6,,6.0,0.6,0.0,2.0,0.0,0.0,0.0,0.118,0.0,0.0,0.0,0.0,0.118,2.0,0.0,,0.176,0.0,0.0,0.059,2.0,0.118,0.0,0.0,0.0,1.0,3.0,0.0,0.0,2.0,0.0,4.0,0.333,0.333,,0.0,6.0,2.0,1.0,2.0,0.25,0.412,0.25,0.5,2.0,2.0,0.0,0.0,0.167,0.0,0.6,5.0,2.0,0.0,0.0,0.0,0.0,0.0,3.0,3.0,0.0,0.0,0.0,0.0,0.0,0.0,6.0,1.0,4.0,0.75,58.0,31.0,0.395,0.534,0.591,-0.056,4.0,0.0,0.0,0.75,0.0,0.0,0.0,1.0,0.333,3.0,0.0,0.5,0.0,0.0,0.25,0.0,2.0,1.0,4.0,4.0,0.0,0.0,0.0,0.0,1.0,1.0,3.0,4.0,0.0,2.0,0.0,0.25,1.0,2017,21600154,20161115.0,2016-17,False,1.0,9.0,21.0,0.429,0.443,-0.015,2.0,3.0,0.667,0.353,7.0,18.0,0.389,0.475,4.0,13.0,0.308,0.506,4.0,7.0,0.571,0.371,1.0,4.0,0.0,0.0,0.0,0.25,1.0,0.125,1.0,0.125,0.0,0.0,0.0,0.0,17.0,14.0,3.0,3.0,0.0,4.0,9.0,0.0,0.0,1.0,0.0,0.0,0.0,0.0,0.0,0.0,0.0,0.0,0.0,0.0,0.0
200794,Paul Millsap,1610612737,ATL,32.0,30.8,11,20,0.55,3,6,0.5,3,4,0.75,2,5,7,6,2,0,1,2,0,4,28,22,0.106,115.5,83.9,0.224,0.143,6.9,67,0.065,0.643,87.01,116.4,104.63,3.0,0.286,104.42,83.6,20.7,32.8,31.6,0.311,0.625,0.299,6.7,8.0,0.0,0.135,13.0,37.0,0.162,0.0,48.0,5.0,1.0,4.0,0.4,1.0,0.0,0.2,0.0,0.0,0.0,0.0,0.0,5.0,0.0,0.0,0.25,0.0,2.0,3.0,6.0,63.0,2.2,0.0,1.0,2.13,0.444,9.0,45.0,0.444,1.27,4.0,4.2,9.0,3.5,3.0,0.0,0.5,0.0,1.0,0.4,0.556,14.0,2.0,0.0,3.0,0.0,2.0,0.4,0.4,0.5,5.0,0.556,0.571,6.0,0.4,0.0,0.278,0.0,0.0,2.0,2.0,5.0,0.4,0.278,0.4,5.0,,4.0,0.222,0.0,1.0,0.0,4.0,0.222,4.0,1.0,,4.0,1.0,0.0,5.0,2.0,0.4,0.0,0.278,2.0,2.0,0.667,0.111,0.167,3.0,0.4,0.0,0.222,3.0,0.0,0.0,4.0,0.222,,0.75,1.125,0.0,4.0,0.75,3.0,3.0,0.0,6.0,1.0,1.0,,0.0,3.0,4.0,0.0,0.0,0.4,0.625,0.5,1.0,11.0,6.0,1.0,0.0,0.667,0.0,0.333,6.0,5.0,0.4,1.0,1.0,1.0,1.0,2.0,4.0,0.0,0.0,2.0,0.0,1.0,0.0,3.0,2.0,5.0,0.8,4.0,3.0,0.211,0.75,0.63,0.12,2.0,0.0,0.0,0.8,,0.0,0.0,1.0,0.75,4.0,0.0,0.0,0.0,0.0,0.5,0.0,0.0,5.0,5.0,3.0,0.6,,,3.0,1.0,3.0,4.0,8.0,0.5,6.0,3.0,0.688,4.0,2017,21600014,20161027.0,2016-17,False,1.0,10.0,19.0,0.526,0.457,0.069,2.0,3.0,0.667,0.359,8.0,16.0,0.5,0.502,4.0,8.0,0.5,0.545,4.0,7.0,0.571,0.386,2.0,5.0,0.0,0.0,0.0,0.444,2.0,0.222,1.0,0.111,1.0,0.111,0.0,0.0,18.0,14.0,4.0,2.0,0.0,1.0,3.0,0.0,0.0,1.0,0.0,0.0,0.0,0.0,0.0,0.0,0.0,0.0,0.0,0.0,0.0
200794,Paul Millsap,1610612737,ATL,32.0,36.501666666666665,9,16,0.563,1,4,0.25,8,10,0.8,2,7,9,1,0,0,1,1,3,8,27,-5,0.138,128.6,136.0,0.124,0.212,0.0,76,0.063,0.662,85.48,132.9,102.89,0.0,0.036,102.57,132.5,4.8,0.4,-7.5,0.236,0.594,0.233,0.0,7.0,0.0,0.042,0.0,48.0,0.021,2.0,46.0,2.0,0.0,2.0,0.25,0.0,0.25,0.0,0.0,2.0,1.0,0.0,0.25,4.0,0.5,1.0,0.0,1.0,1.0,2.0,3.0,69.0,2.7,1.0,0.667,2.35,1.4,10.0,46.0,0.391,1.43,2.0,6.5,12.0,6.4,6.0,0.0,0.529,0.0,0.5,0.4,0.583,17.0,1.0,1.0,7.0,0.0,1.0,0.4,0.143,0.529,5.0,0.583,0.222,7.0,0.5,0.0,0.133,0.0,0.0,1.0,1.0,2.0,0.5,0.133,0.5,2.0,,6.0,0.4,0.0,0.667,0.0,4.0,0.4,6.0,0.667,,4.0,0.667,0.0,5.0,3.0,0.7,1.0,0.333,3.0,2.0,1.0,0.2,0.133,2.0,0.6,0.333,0.133,0.0,1.0,0.067,1.0,0.067,1.0,0.0,0.5,1.0,2.0,0.5,1.0,3.0,2.0,7.0,0.7,0.6,0.5,1.0,5.0,14.0,1.0,2.0,1.0,0.594,0.333,1.0,2.0,2.0,0.0,0.0,0.8,0.0,0.333,3.0,4.0,0.25,0.0,0.0,0.0,0.0,1.0,3.0,0.0,0.0,1.0,0.0,0.0,0.0,5.0,4.0,4.0,0.75,336.0,200.0,0.366,0.595,0.613,-0.018,1.0,0.0,,0.75,0.0,,0.0,1.0,0.75,3.0,0.0,0.333,,0.0,1.0,0.0,1.0,3.0,4.0,3.0,0.333,0.0,0.0,1.0,1.0,3.0,4.0,3.0,0.0,2.0,0.0,0.333,1.0,2017,21600913,20170303.0,2016-17,False,1.0,5.0,15.0,0.333,0.484,-0.151,1.0,7.0,0.143,0.378,4.0,8.0,0.5,0.565,3.0,6.0,0.5,0.652,2.0,9.0,0.222,0.406,4.0,4.0,5.0,6.0,0.833,1.4,3.0,0.3,0.0,0.0,0.0,0.0,3.0,0.3,11.0,7.0,4.0,6.0,1.0,3.0,7.0,0.0,0.0,1.0,0.0,0.0,0.0,0.0,0.0,0.0,0.0,0.0,0.0,0.0,0.0
200794,Paul Millsap,1610612737,ATL,32.0,32.63333333333333,12,20,0.6,0,1,0.0,5,9,0.556,3,11,14,5,2,1,2,2,3,9,29,22,0.194,105.7,76.2,0.307,0.289,6.9,70,0.088,0.605,86.41,108.6,104.99,2.5,0.294,103.7,76.1,17.2,32.5,29.4,0.337,0.6,0.32,6.5,5.0,0.0,0.078,10.0,51.0,0.098,0.0,55.0,4.0,0.0,2.0,1.5,1.0,0.0,0.0,0.0,0.0,0.0,0.0,0.0,2.0,0.0,0.0,0.5,0.0,3.0,6.0,9.0,77.0,2.9,0.333,1.556,2.24,1.0,11.0,56.0,0.377,1.18,8.0,6.8,18.0,5.3,6.0,1.0,0.609,1.0,1.0,0.6,0.647,23.0,3.0,0.0,6.0,0.0,5.0,0.6,0.455,0.636,5.0,0.611,0.571,12.4,0.833,0.0,0.333,0.0,0.0,5.0,5.0,6.0,0.833,0.333,0.833,6.0,,8.0,0.444,0.0,0.625,0.0,5.0,0.444,8.0,0.625,,5.0,0.625,0.0,3.0,0.0,0.667,0.0,0.167,2.0,2.0,0.667,0.0,0.167,3.0,0.667,,0.056,0.0,0.0,0.0,1.0,0.056,,0.0,0.0,0.0,1.0,0.0,0.0,2.0,0.0,4.0,1.0,1.0,,0.0,2.0,11.0,0.5,2.0,0.667,0.6,0.0,1.0,0.0,14.0,0.0,0.0,0.25,0.0,0.6,5.0,1.0,0.0,0.0,0.0,0.0,0.0,3.0,8.0,0.0,0.0,0.0,0.0,0.0,0.0,4.0,1.0,10.0,0.8,15.0,8.0,0.469,0.533,0.621,-0.088,3.0,0.0,,0.8,,,0.0,1.0,0.667,8.0,0.0,0.333,,0.0,0.333,0.0,1.0,0.0,10.0,3.0,0.0,,,0.0,1.0,2.0,3.0,1.0,0.0,1.0,0.0,0.0,0.0,2017,41600133,20170422.0,2016-17,True,1.0,3.0,11.0,0.273,0.445,-0.172,1.0,5.0,0.2,0.356,2.0,6.0,0.333,0.495,2.0,5.0,0.4,0.542,1.0,5.0,0.2,0.379,4.0,6.0,3.0,4.0,0.75,1.0,1.0,0.091,1.0,0.091,1.0,0.091,2.0,0.182,10.0,7.0,3.0,4.0,1.0,3.0,7.0,0.0,0.0,1.0,0.0,0.0,0.0,0.0,0.0,0.0,0.0,0.0,0.0,0.0,0.0
200794,Paul Millsap,1610612737,ATL,32.0,36.181666666666665,7,12,0.583,3,5,0.6,1,1,1.0,2,6,8,5,4,0,2,1,4,2,18,5,0.129,119.5,111.9,0.132,0.182,19.0,70,0.069,0.723,76.28,118.6,92.33,1.25,0.227,91.54,114.7,23.8,3.9,7.6,0.209,0.708,0.2,18.7,7.0,1.0,0.113,13.0,53.0,0.094,0.0,49.0,6.0,2.0,3.0,1.167,3.0,0.0,0.333,0.167,0.0,0.0,1.0,0.0,6.0,0.0,0.0,1.0,0.0,7.0,8.0,4.0,72.0,2.4,0.25,0.0,2.0,0.4,5.0,50.0,0.25,0.96,2.0,3.0,11.0,2.9,5.0,1.0,0.533,1.0,0.5,0.5,0.6,15.0,1.0,1.0,6.0,0.0,1.0,0.5,0.167,0.571,4.0,0.545,0.25,3.1,1.0,0.0,0.091,0.0,0.0,1.0,1.0,1.0,1.0,0.091,1.0,1.0,,3.0,0.273,0.0,0.667,0.0,2.0,0.273,3.0,0.667,,2.0,0.667,0.0,4.0,3.0,1.0,2.0,0.364,3.0,1.0,1.0,0.273,0.091,1.0,0.75,0.667,0.273,1.0,0.0,0.091,2.0,0.182,0.0,0.5,0.5,1.0,3.0,0.333,1.0,1.0,0.0,2.0,0.5,0.5,,0.0,2.0,2.0,0.5,2.0,1.0,0.708,0.5,0.0,9.0,0.0,0.0,0.0,0.333,0.0,1.0,1.0,5.0,0.6,0.0,0.0,0.0,0.0,1.0,2.0,0.0,0.0,3.0,0.0,0.0,0.0,3.0,1.0,3.0,0.667,216.0,129.0,0.375,0.597,0.617,-0.019,3.0,0.5,,0.667,0.0,,0.0,2.0,1.0,2.0,0.0,0.0,,0.0,0.333,1.0,0.0,3.0,3.0,0.0,0.667,0.0,0.0,2.0,1.0,1.0,1.0,6.0,0.6,5.0,3.0,0.75,3.0,2017,21600607,20170115.0,2016-17,False,1.0,9.0,18.0,0.5,0.501,-0.001,1.0,4.0,0.25,0.371,8.0,14.0,0.571,0.538,7.0,12.0,0.583,0.585,2.0,6.0,0.333,0.363,1.0,1.0,0.0,0.0,0.0,0.4,4.0,0.8,0.0,0.0,0.0,0.0,0.0,0.0,11.0,9.0,2.0,2.0,0.0,1.0,2.0,0.0,0.0,0.0,0.0,0.0,0.0,0.0,0.0,0.0,0.0,0.0,0.0,0.0,0.0
200794,Paul Millsap,1610612737,ATL,32.0,39.53333333333333,6,13,0.462,0,2,0.0,4,6,0.667,1,2,3,5,4,1,1,0,5,4,16,-12,0.039,100.9,114.3,0.039,0.057,16.0,84,0.024,0.512,86.0,103.6,104.93,1.25,0.179,103.2,115.1,20.0,-11.5,-13.4,0.223,0.462,0.222,16.2,9.0,0.0,0.147,13.0,34.0,0.147,0.0,43.0,5.0,0.0,1.0,0.667,1.0,0.0,0.0,0.333,0.0,0.0,1.0,0.333,3.0,0.0,0.0,1.0,1.0,2.0,2.0,4.0,56.0,2.0,0.0,0.75,2.12,0.333,9.0,42.0,0.286,1.02,1.0,10.5,12.0,10.5,1.0,2.0,0.2,2.0,0.0,0.333,0.2,15.0,0.0,0.0,1.0,0.0,1.0,0.333,0.5,0.231,3.0,0.167,0.333,0.0,0.0,0.0,0.231,0.0,0.0,0.0,0.0,3.0,0.0,0.231,0.0,3.0,,3.0,0.231,0.0,0.667,0.0,2.0,0.231,3.0,0.667,,2.0,0.667,0.0,3.0,0.0,0.667,0.0,0.231,2.0,2.0,0.667,0.0,0.231,3.0,0.667,,0.308,0.0,2.0,0.154,2.0,0.154,1.0,0.0,0.5,2.0,4.0,0.5,2.0,2.0,1.0,4.0,0.4,0.4,0.0,0.0,5.0,3.0,0.0,0.0,0.333,0.462,0.5,0.5,4.0,3.0,0.0,0.0,0.5,0.0,0.5,2.0,2.0,0.0,0.0,0.0,0.0,0.0,1.0,1.0,0.0,0.0,0.0,0.0,0.0,0.0,8.0,4.0,1.0,1.0,383.0,234.0,0.374,0.611,0.611,0.0,5.0,0.0,0.0,1.0,,0.0,0.0,1.0,0.0,1.0,0.0,0.333,0.0,0.0,0.8,0.0,1.0,2.0,1.0,3.0,0.0,,,0.0,4.0,0.0,1.0,4.0,0.0,1.0,0.0,0.5,2.0,2017,21600994,20170313.0,2016-17,False,1.0,7.0,13.0,0.538,0.497,0.041,2.0,5.0,0.4,0.413,5.0,8.0,0.625,0.531,4.0,6.0,0.667,0.568,3.0,6.0,0.5,0.407,1.0,3.0,1.0,2.0,0.5,0.333,3.0,0.333,1.0,0.111,1.0,0.111,1.0,0.111,14.0,8.0,6.0,5.0,0.0,3.0,7.0,0.0,0.0,4.0,0.0,0.0,0.0,0.0,0.0,0.0,0.0,0.0,0.0,0.0,0.0
200794,Paul Millsap,1610612737,ATL,32.0,31.685,5,14,0.357,0,1,0.0,3,4,0.75,5,8,13,8,4,3,1,2,4,5,13,12,0.194,106.2,82.9,0.187,0.258,14.3,61,0.139,0.412,78.27,104.9,93.14,2.0,0.471,93.92,82.5,28.6,22.4,23.3,0.27,0.357,0.27,14.4,15.0,2.0,0.175,23.0,57.0,0.14,0.0,51.0,10.0,0.0,5.0,0.25,1.0,0.0,0.0,0.125,0.0,0.0,1.0,0.25,8.0,0.0,0.0,0.2,2.0,2.0,4.0,5.0,76.0,3.2,0.25,0.4,2.55,0.4,5.0,50.0,0.171,1.42,5.0,6.2,15.0,3.0,6.0,1.0,0.591,1.0,0.6,0.714,0.571,22.0,3.0,1.0,7.0,0.0,2.0,0.714,0.25,0.619,7.0,0.533,0.385,12.5,0.5,0.0,0.167,0.0,0.0,1.0,1.0,2.0,0.5,0.167,0.5,2.0,,6.0,0.5,0.0,0.167,0.0,1.0,0.5,6.0,0.167,,1.0,0.167,0.0,3.0,1.0,0.667,0.0,0.25,2.0,2.0,1.0,0.083,0.167,2.0,0.667,0.0,0.083,0.0,1.0,0.083,0.0,0.0,1.0,,1.0,1.0,1.0,1.0,1.0,1.0,0.0,2.0,0.5,0.5,,0.0,2.0,2.0,0.0,1.0,0.333,0.357,0.333,1.0,2.0,2.0,0.0,0.0,0.4,0.0,0.5,4.0,1.0,0.0,0.0,0.0,0.0,0.0,2.0,1.0,0.0,0.0,0.0,0.0,0.0,0.0,5.0,2.0,4.0,0.25,11.0,8.0,0.289,0.727,0.597,0.13,3.0,0.0,,0.25,0.0,,0.0,0.0,0.333,1.0,0.0,0.333,,0.0,0.667,0.0,1.0,1.0,4.0,3.0,0.0,0.0,0.0,0.0,2.0,1.0,3.0,3.0,0.0,1.0,0.0,0.333,1.0,2017,21600044,20161031.0,2016-17,False,1.0,3.0,8.0,0.375,0.448,-0.073,1.0,3.0,0.333,0.347,2.0,5.0,0.4,0.497,2.0,5.0,0.4,0.555,1.0,3.0,0.333,0.35,1.0,3.0,0.0,0.0,0.0,0.4,1.0,0.2,1.0,0.2,0.0,0.0,0.0,0.0,6.0,3.0,3.0,5.0,0.0,3.0,8.0,0.0,0.0,1.0,0.0,0.0,0.0,0.0,0.0,0.0,0.0,0.0,0.0,0.0,0.0
200794,Paul Millsap,1610612737,ATL,32.0,36.06,6,15,0.4,1,4,0.25,6,8,0.75,1,8,9,7,3,2,0,1,3,8,19,6,0.113,106.3,98.2,0.148,0.216,10.7,75,0.023,0.513,83.75,109.3,102.84,2.33,0.28,100.5,100.0,25.0,9.3,8.0,0.25,0.433,0.244,10.5,9.0,0.0,0.167,17.0,42.0,0.167,0.0,47.0,7.0,1.0,2.0,0.5,1.0,0.167,0.167,0.0,2.0,1.0,0.0,0.333,6.0,0.5,1.0,0.5,2.0,3.0,7.0,2.0,66.0,2.7,0.0,1.5,2.46,0.5,8.0,43.0,0.288,1.27,3.0,4.8,12.0,3.8,6.0,0.0,0.5,0.0,1.0,0.167,0.667,18.0,1.0,0.0,6.0,0.0,2.0,0.167,0.25,0.5,6.0,0.667,0.333,12.7,1.0,0.0,0.214,0.0,0.0,3.0,3.0,3.0,1.0,0.214,1.0,3.0,,3.0,0.214,0.0,0.0,0.0,0.0,0.214,3.0,0.0,,0.0,0.0,0.0,5.0,2.0,0.2,0.0,0.357,1.0,1.0,0.333,0.143,0.214,3.0,0.2,0.0,0.214,1.0,1.0,0.071,2.0,0.143,1.0,0.5,0.833,1.0,3.0,0.667,2.0,2.0,2.0,5.0,0.417,0.333,0.5,1.0,6.0,4.0,0.0,0.0,0.5,0.433,0.333,1.0,2.0,3.0,0.0,0.0,0.333,0.0,0.5,4.0,4.0,0.25,0.0,0.0,0.0,0.0,2.0,2.0,0.0,0.0,1.0,0.0,0.0,0.0,3.0,1.0,4.0,0.5,21.0,12.0,0.429,0.571,0.618,-0.046,2.0,0.0,,0.5,,,0.0,0.0,0.667,2.0,0.0,0.5,,0.0,0.0,0.0,1.0,4.0,4.0,2.0,0.25,,,1.0,0.0,2.0,3.0,3.0,0.0,2.0,0.0,0.333,1.0,2017,41600134,20170424.0,2016-17,True,1.0,10.0,17.0,0.588,0.476,0.112,2.0,5.0,0.4,0.398,8.0,12.0,0.667,0.512,4.0,6.0,0.667,0.561,5.0,9.0,0.556,0.409,2.0,4.0,0.0,0.0,0.0,0.5,2.0,0.25,1.0,0.125,0.0,0.0,0.0,0.0,17.0,11.0,6.0,3.0,1.0,8.0,21.0,0.0,0.0,3.0,0.0,0.0,0.0,0.0,0.0,0.0,0.0,0.0,0.0,0.0,0.0
200794,Paul Millsap,1610612737,ATL,32.0,41.13333333333333,4,12,0.333,1,3,0.333,12,12,1.0,1,8,9,5,1,2,5,0,3,6,21,5,0.088,106.6,98.4,0.206,0.138,4.2,83,0.023,0.608,81.2,107.2,98.51,5.0,0.238,97.44,100.0,20.8,7.2,8.2,0.209,0.375,0.211,4.3,8.0,1.0,0.13,15.0,46.0,0.109,0.0,44.0,6.0,1.0,3.0,1.143,2.0,0.286,0.143,0.143,4.0,4.0,1.0,0.0,7.0,1.0,2.0,0.667,0.0,8.0,3.0,3.0,63.0,2.6,0.0,0.0,2.45,0.286,7.0,44.0,0.333,1.56,5.0,5.5,15.0,5.5,3.0,0.0,0.5,0.0,0.0,0.333,0.533,18.0,0.0,1.0,4.0,0.0,5.0,0.333,0.625,0.5,3.0,0.533,0.556,5.3,1.0,0.0,0.083,0.0,0.0,1.0,1.0,1.0,1.0,0.083,1.0,1.0,,4.0,0.333,0.0,0.25,0.0,1.0,0.333,4.0,0.25,,1.0,0.25,0.0,3.0,0.0,0.333,0.0,0.25,1.0,1.0,0.333,0.0,0.25,3.0,0.333,,0.333,1.0,0.0,0.083,3.0,0.25,0.0,0.333,0.375,1.0,4.0,0.25,1.0,2.0,0.0,4.0,0.333,0.333,,0.0,6.0,2.0,0.0,0.0,0.5,0.375,0.25,0.0,3.0,0.0,0.333,0.0,0.0,0.0,1.0,2.0,0.0,0.0,1.0,1.0,1.0,1.0,2.0,1.0,0.0,2.0,0.0,0.0,3.0,0.0,6.0,0.0,1.0,1.0,304.0,179.0,0.369,0.589,0.612,-0.023,1.0,0.0,,1.0,0.0,,0.0,0.0,0.0,3.0,0.0,0.0,,0.0,0.0,0.0,0.0,3.0,3.0,3.0,0.333,0.0,0.0,1.0,0.0,0.0,2.0,4.0,0.333,3.0,1.0,0.375,1.0,2017,21600830,20170213.0,2016-17,False,1.0,6.0,22.0,0.273,0.447,-0.175,2.0,6.0,0.333,0.355,4.0,16.0,0.25,0.495,3.0,13.0,0.231,0.533,2.0,7.0,0.286,0.367,1.0,2.0,0.0,0.0,0.0,0.286,3.0,0.429,2.0,0.286,0.0,0.0,0.0,0.0,17.0,12.0,5.0,2.0,0.0,1.0,2.0,0.0,0.0,0.0,0.0,0.0,0.0,0.0,0.0,0.0,0.0,0.0,0.0,0.0,0.0
200794,Paul Millsap,1610612737,ATL,32.0,33.935,5,13,0.385,2,3,0.667,4,4,1.0,0,11,11,6,6,1,2,2,4,3,16,11,0.177,114.6,105.4,0.123,0.297,22.2,72,0.0,0.542,84.87,119.4,103.4,1.0,0.222,101.84,104.2,22.2,15.3,9.2,0.253,0.462,0.253,22.4,7.0,0.0,0.14,15.0,50.0,0.12,1.0,48.0,7.0,1.0,3.0,0.25,0.0,0.125,0.125,0.0,2.0,2.0,0.0,0.375,8.0,1.0,1.0,0.0,3.0,2.0,5.0,4.0,72.0,2.8,0.4,1.0,2.37,0.444,9.0,47.0,0.222,1.18,7.0,5.8,17.0,5.8,3.0,1.0,0.524,1.0,0.0,0.0,0.688,21.0,0.0,0.0,3.0,0.0,7.0,0.0,0.636,0.55,4.0,0.647,0.636,0.0,0.0,0.0,0.091,0.0,0.0,0.0,0.0,1.0,0.0,0.091,0.0,1.0,,7.0,0.636,0.0,0.429,0.0,3.0,0.636,7.0,0.429,,3.0,0.429,0.0,,,,,,,,,,,,,,0.273,2.0,0.0,0.0,3.0,0.273,,0.667,1.0,0.0,3.0,0.667,2.0,1.0,0.0,2.0,1.0,1.0,,0.0,1.0,4.0,0.5,2.0,0.667,0.462,0.6,1.0,8.0,4.0,0.0,0.0,0.333,0.0,0.2,5.0,3.0,0.667,0.0,0.0,0.0,0.0,1.0,1.0,0.0,0.0,2.0,0.0,0.0,0.0,3.0,1.0,2.0,0.5,41.0,25.0,0.357,0.61,0.605,0.004,1.0,0.5,,0.5,0.0,,0.0,2.0,1.0,1.0,0.0,0.0,,0.0,0.0,1.0,0.0,1.0,2.0,5.0,1.0,0.0,0.0,1.0,0.0,2.0,2.0,5.0,0.667,3.0,2.0,0.8,3.0,2017,21600111,20161109.0,2016-17,False,1.0,6.0,12.0,0.5,0.449,0.051,1.0,3.0,0.333,0.298,5.0,9.0,0.556,0.49,4.0,7.0,0.571,0.547,2.0,5.0,0.4,0.337,2.0,3.0,0.0,0.0,0.0,0.444,3.0,0.333,1.0,0.111,1.0,0.111,0.0,0.0,12.0,10.0,2.0,2.0,0.0,0.0,0.0,0.0,0.0,1.0,0.0,0.0,0.0,0.0,0.0,0.0,0.0,0.0,0.0,0.0,0.0
200794,Paul Millsap,1610612737,ATL,32.0,60.12166666666667,13,29,0.448,3,8,0.375,8,10,0.8,8,11,19,7,3,1,0,2,4,11,37,-1,0.137,101.2,99.5,0.179,0.164,6.8,116,0.111,0.554,77.51,103.4,95.89,2.33,0.241,93.01,103.4,15.9,0.0,1.7,0.27,0.5,0.27,6.9,11.0,0.0,0.121,16.0,66.0,0.106,1.0,66.0,8.0,1.0,3.0,0.8,1.0,0.4,0.1,0.1,8.0,6.0,1.0,0.0,10.0,0.75,4.0,0.333,0.0,8.0,7.0,10.0,106.0,3.8,0.0,0.6,2.13,0.2,10.0,75.0,0.349,1.01,13.0,4.9,23.0,4.1,6.0,3.0,0.514,3.0,0.875,0.571,0.55,37.0,7.0,1.0,7.0,0.0,6.0,0.571,0.545,0.559,14.0,0.478,0.684,6.2,0.167,0.0,0.222,0.0,0.0,1.0,1.0,6.0,0.167,0.222,0.167,6.0,,10.0,0.37,0.0,0.7,0.0,7.0,0.37,10.0,0.7,,7.0,0.7,0.0,2.0,1.0,0.0,0.0,0.074,0.0,0.0,0.0,0.037,0.037,1.0,0.0,0.0,0.333,3.0,2.0,0.074,7.0,0.259,1.0,0.429,0.722,2.0,9.0,0.556,5.0,3.0,1.0,7.0,0.7,0.6,1.0,1.0,5.0,2.0,0.0,0.0,0.25,0.5,0.375,0.6,8.0,6.0,0.0,0.0,0.6,0.0,0.0,4.0,8.0,0.375,0.0,0.0,0.0,0.0,0.0,7.0,0.0,0.0,3.0,0.0,0.0,0.0,5.0,3.0,12.0,0.583,263.0,156.0,0.367,0.593,0.612,-0.019,4.0,0.667,,0.583,,,0.0,3.0,0.0,7.0,0.0,0.0,,0.0,0.5,2.0,0.0,6.0,12.0,4.0,0.333,,,2.0,2.0,0.0,0.0,8.0,0.286,7.0,2.0,0.5,3.0,2017,21600711,20170129.0,2016-17,False,1.0,12.0,38.0,0.316,0.44,-0.124,3.0,15.0,0.2,0.35,9.0,23.0,0.391,0.484,4.0,7.0,0.571,0.549,6.0,27.0,0.222,0.383,1.0,4.0,0.0,0.0,0.0,0.2,3.0,0.3,1.0,0.1,1.0,0.1,0.0,0.0,32.0,19.0,13.0,3.0,0.0,2.0,4.0,0.0,0.0,1.0,0.0,0.0,0.0,0.0,0.0,0.0,0.0,0.0,0.0,0.0,0.0
200794,Paul Millsap,1610612737,ATL,32.0,26.985,3,10,0.3,0,2,0.0,0,0,0.0,0,4,4,3,2,0,0,1,1,1,6,13,0.07,114.5,97.5,0.026,0.133,13.3,58,0.0,0.3,85.23,115.5,101.32,1.5,0.125,102.28,94.7,20.0,20.8,17.0,0.18,0.3,0.176,13.3,5.0,0.0,0.1,7.0,30.0,0.1,0.0,31.0,3.0,0.0,1.0,0.0,0.0,0.0,0.0,0.0,0.0,0.0,0.0,0.6,5.0,0.0,0.0,0.0,3.0,0.0,4.0,5.0,43.0,1.6,0.5,0.4,2.21,1.0,4.0,27.0,0.14,0.93,1.0,6.6,10.0,6.6,3.0,1.0,0.308,1.0,0.0,0.0,0.444,13.0,0.0,0.0,3.0,0.0,1.0,0.0,0.25,0.333,3.0,0.4,0.25,0.0,1.0,0.0,0.111,0.0,0.0,1.0,1.0,1.0,1.0,0.111,1.0,1.0,,3.0,0.333,0.0,0.333,0.0,1.0,0.333,3.0,0.333,,1.0,0.333,0.0,3.0,0.0,0.333,0.0,0.333,1.0,1.0,0.333,0.0,0.333,3.0,0.333,,0.222,0.0,0.0,0.0,2.0,0.222,,0.0,0.0,0.0,2.0,0.0,0.0,2.0,0.0,4.0,0.5,0.5,,0.0,4.0,4.0,0.333,2.0,0.667,0.3,0.0,0.5,0.0,2.0,0.0,0.0,0.5,0.0,0.25,4.0,2.0,0.0,0.0,0.0,0.0,0.0,1.0,1.0,0.0,0.0,0.0,0.0,0.0,0.0,2.0,1.0,2.0,0.5,47.0,27.0,0.373,0.574,0.604,-0.029,1.0,0.0,,0.5,,,0.0,1.0,0.333,1.0,0.0,0.0,,0.0,1.0,0.0,0.0,1.0,2.0,2.0,0.0,,,0.0,1.0,1.0,3.0,2.0,0.0,2.0,0.0,0.0,0.0,2017,21600132,20161112.0,2016-17,False,1.0,5.0,11.0,0.455,0.443,0.012,,,,,5.0,11.0,0.455,0.5,2.0,7.0,0.286,0.576,3.0,4.0,0.75,0.34,2.0,3.0,0.0,0.0,0.0,1.0,0.0,0.0,0.0,0.0,1.0,0.25,0.0,0.0,9.0,9.0,0.0,2.0,0.0,2.0,4.0,0.0,0.0,0.0,0.0,0.0,0.0,0.0,0.0,0.0,0.0,0.0,0.0,0.0,0.0
200794,Paul Millsap,1610612737,ATL,32.0,46.185,13,23,0.565,1,5,0.2,4,4,1.0,3,7,10,7,6,4,1,1,5,4,31,-12,0.128,106.0,115.5,0.162,0.179,15.8,91,0.077,0.626,79.68,108.8,98.46,1.17,0.292,95.62,119.4,18.4,-10.6,-9.4,0.298,0.587,0.295,15.9,11.0,0.0,0.118,18.0,68.0,0.103,1.0,72.0,8.0,0.0,5.0,0.889,3.0,0.111,0.0,0.0,2.0,2.0,0.0,0.333,9.0,1.0,1.0,0.6,3.0,8.0,8.0,9.0,104.0,3.8,0.25,0.556,2.17,0.5,8.0,69.0,0.298,1.13,4.0,5.4,12.0,4.0,4.0,0.0,0.526,0.0,0.333,0.429,0.583,19.0,1.0,2.0,6.0,0.0,3.0,0.429,0.429,0.526,7.0,0.583,0.4,8.7,1.0,0.0,0.182,0.0,0.0,4.0,4.0,4.0,1.0,0.182,1.0,4.0,,6.0,0.273,0.0,0.5,0.0,3.0,0.273,6.0,0.5,,3.0,0.5,0.0,7.0,0.0,0.714,0.0,0.318,5.0,5.0,0.714,0.0,0.318,7.0,0.714,,0.227,1.0,0.0,0.0,5.0,0.227,,0.2,0.3,0.0,5.0,0.2,1.0,2.0,1.0,4.0,0.5,0.5,0.0,0.0,4.0,4.0,0.333,2.0,0.667,0.587,0.2,1.0,3.0,5.0,0.0,0.0,0.5,0.0,0.75,8.0,5.0,0.2,0.0,0.0,0.0,0.0,6.0,4.0,0.0,0.0,1.0,0.0,0.0,0.0,4.0,2.0,6.0,0.667,37.0,24.0,0.385,0.649,0.603,0.045,2.0,0.333,0.0,0.714,,0.0,0.0,3.0,0.5,5.0,0.0,0.714,0.0,0.0,0.5,1.0,5.0,2.0,7.0,7.0,0.0,,,0.0,1.0,1.0,2.0,5.0,0.25,4.0,1.0,0.3,1.0,2017,41600136,20170428.0,2016-17,True,1.0,15.0,28.0,0.536,0.466,0.069,3.0,7.0,0.429,0.392,12.0,21.0,0.571,0.497,10.0,14.0,0.714,0.564,4.0,13.0,0.308,0.392,2.0,3.0,0.0,0.0,0.0,0.5,3.0,0.375,1.0,0.125,1.0,0.125,0.0,0.0,25.0,18.0,7.0,8.0,0.0,5.0,12.0,0.0,0.0,2.0,0.0,0.0,0.0,0.0,0.0,0.0,0.0,0.0,0.0,0.0,0.0
200794,Paul Millsap,1610612737,ATL,32.0,27.6,4,11,0.364,1,2,0.5,2,2,1.0,1,3,4,0,1,1,2,2,3,1,11,-8,0.061,66.8,81.5,0.092,0.097,7.7,53,0.029,0.463,77.54,69.8,96.17,0.0,0.0,93.04,83.3,0.0,-13.5,-14.7,0.228,0.409,0.228,7.8,9.0,0.0,0.0,0.0,29.0,0.0,0.0,35.0,0.0,0.0,1.0,0.0,0.0,0.0,0.0,0.0,0.0,0.0,0.0,0.667,3.0,0.0,0.0,0.0,2.0,0.0,4.0,3.0,44.0,2.0,0.0,0.667,2.73,0.571,7.0,34.0,0.25,1.68,4.0,7.2,6.0,6.7,0.0,2.0,0.4,2.0,1.0,0.25,0.75,10.0,1.0,0.0,0.0,0.0,3.0,0.25,1.0,0.5,4.0,0.5,1.0,8.4,,,,,,,,,,,,,,4.0,0.444,1.0,0.25,0.111,2.0,0.556,5.0,0.5,1.0,1.0,0.4,1.0,3.0,0.0,0.667,0.0,0.333,2.0,2.0,0.667,0.0,0.333,3.0,0.667,,0.111,0.0,0.0,0.0,1.0,0.111,,0.0,0.0,0.0,1.0,0.0,0.0,0.0,0.0,0.0,0.0,0.0,,0.0,2.0,4.0,0.0,0.0,0.5,0.409,0.667,0.5,5.0,2.0,0.0,0.0,0.0,0.0,1.0,3.0,2.0,0.5,0.0,0.0,0.0,0.0,3.0,0.0,0.0,0.0,1.0,0.0,0.0,0.0,3.0,0.0,3.0,0.0,84.0,47.0,0.354,0.56,0.605,-0.045,1.0,0.0,,0.0,,,0.0,0.0,0.5,0.0,0.0,0.667,,0.0,0.0,0.0,2.0,2.0,3.0,3.0,0.5,,,1.0,0.0,1.0,2.0,2.0,0.5,2.0,1.0,0.75,1.0,2017,21600231,20161125.0,2016-17,False,1.0,5.0,17.0,0.294,0.427,-0.133,1.0,9.0,0.111,0.331,4.0,8.0,0.5,0.468,2.0,4.0,0.5,0.552,3.0,12.0,0.25,0.336,2.0,4.0,0.0,0.0,0.0,0.571,3.0,0.429,0.0,0.0,0.0,0.0,0.0,0.0,16.0,8.0,8.0,2.0,0.0,1.0,3.0,0.0,0.0,4.0,0.0,0.0,0.0,0.0,0.0,0.0,0.0,0.0,0.0,0.0,0.0
200794,Paul Millsap,1610612737,ATL,32.0,38.96333333333333,10,21,0.476,0,4,0.0,4,5,0.8,2,2,4,3,1,0,2,2,4,3,24,6,0.048,103.0,102.0,0.088,0.056,3.7,91,0.043,0.517,92.39,106.6,112.99,3.0,0.115,110.87,102.2,11.1,4.3,1.0,0.237,0.476,0.233,3.7,9.0,2.0,0.098,7.0,51.0,0.059,0.0,51.0,5.0,1.0,3.0,0.75,2.0,0.125,0.125,0.0,2.0,1.0,0.0,0.375,8.0,0.5,1.0,0.667,3.0,6.0,3.0,11.0,76.0,2.9,0.0,1.091,2.27,0.667,9.0,50.0,0.316,1.05,0.0,4.5,11.0,3.3,2.0,2.0,0.25,2.0,0.0,0.4,0.222,16.0,0.0,1.0,3.0,0.0,0.0,0.4,0.0,0.286,5.0,0.182,0.0,6.8,1.0,0.0,0.105,0.0,0.0,2.0,2.0,2.0,1.0,0.105,1.0,2.0,,9.0,0.474,0.0,0.667,0.0,6.0,0.474,9.0,0.667,,6.0,0.667,0.0,6.0,2.0,0.333,0.0,0.316,2.0,2.0,0.5,0.105,0.211,4.0,0.333,0.0,0.105,0.0,0.0,0.0,2.0,0.105,,0.0,0.0,0.0,2.0,0.0,0.0,1.0,1.0,2.0,0.25,0.25,0.0,0.0,4.0,6.0,0.0,0.0,0.4,0.476,0.2,0.857,2.0,12.0,0.0,1.0,0.4,0.0,0.333,3.0,3.0,0.0,0.0,0.0,0.0,0.0,1.0,7.0,0.0,0.0,0.0,0.0,0.0,0.0,5.0,2.0,9.0,0.778,360.0,216.0,0.369,0.6,0.611,-0.011,1.0,0.0,0.0,0.778,0.0,0.0,0.0,1.0,0.0,7.0,1.0,0.333,0.0,0.0,1.0,0.0,1.0,3.0,9.0,3.0,0.333,0.0,0.0,1.0,1.0,0.0,3.0,5.0,0.0,3.0,0.0,0.2,1.0,2017,21600950,20170308.0,2016-17,False,1.0,15.0,24.0,0.625,0.446,0.179,1.0,2.0,0.5,0.336,14.0,22.0,0.636,0.502,10.0,16.0,0.625,0.537,2.0,5.0,0.4,0.352,2.0,5.0,2.0,2.0,1.0,0.667,3.0,0.333,0.0,0.0,0.0,0.0,1.0,0.111,20.0,18.0,2.0,1.0,0.0,6.0,13.0,0.0,0.0,2.0,0.0,0.0,0.0,0.0,0.0,0.0,0.0,0.0,0.0,0.0,0.0
200794,Paul Millsap,1610612737,ATL,32.0,46.75,11,23,0.478,3,6,0.5,7,10,0.7,3,10,13,3,2,0,1,0,5,7,32,-5,0.137,107.5,115.6,0.133,0.233,6.3,91,0.058,0.584,77.86,109.9,94.36,1.5,0.115,93.43,115.4,9.4,-5.5,-8.1,0.283,0.543,0.279,6.2,10.0,1.0,0.065,9.0,62.0,0.048,0.0,69.0,4.0,0.0,7.0,0.6,3.0,0.0,0.0,0.0,0.0,0.0,0.0,0.2,10.0,0.0,0.0,0.429,2.0,6.0,6.0,7.0,98.0,3.3,1.0,0.0,2.03,0.875,8.0,70.0,0.327,1.03,5.0,6.2,21.0,4.7,6.0,1.0,0.481,1.0,0.333,0.5,0.5,27.0,1.0,1.0,7.0,0.0,4.0,0.5,0.4,0.5,6.0,0.476,0.385,13.5,0.429,0.0,0.304,0.0,0.0,3.0,3.0,7.0,0.429,0.304,0.429,7.0,,2.0,0.087,1.0,1.0,0.043,2.0,0.13,3.0,0.667,0.0,2.0,0.667,0.0,9.0,4.0,0.722,3.0,0.391,5.0,2.0,0.4,0.174,0.217,5.0,0.556,0.75,0.174,0.0,1.0,0.13,1.0,0.043,0.333,0.0,0.25,3.0,4.0,0.25,1.0,1.0,0.0,2.0,0.25,0.25,,0.0,4.0,7.0,1.0,6.0,0.5,0.543,0.444,0.0,11.0,0.0,0.5,0.0,0.2,0.0,0.6,5.0,4.0,0.5,2.0,1.0,1.0,0.5,3.0,4.0,0.0,0.0,2.0,0.0,2.0,0.0,5.0,1.0,7.0,0.571,176.0,104.0,0.367,0.591,0.614,-0.023,4.0,0.5,,0.625,0.0,,0.0,2.0,0.333,5.0,0.0,0.5,,0.0,0.25,1.0,1.0,4.0,8.0,2.0,0.5,0.0,0.0,2.0,1.0,1.0,3.0,9.0,0.5,6.0,3.0,0.611,4.0,2017,21600508,20170101.0,2016-17,False,1.0,20.0,35.0,0.571,0.483,0.088,3.0,6.0,0.5,0.38,17.0,29.0,0.586,0.503,9.0,17.0,0.529,0.561,9.0,15.0,0.6,0.402,1.0,2.0,5.0,6.0,0.833,0.875,2.0,0.25,1.0,0.125,0.0,0.0,3.0,0.375,26.0,21.0,5.0,3.0,0.0,2.0,5.0,0.0,0.0,2.0,0.0,0.0,0.0,0.0,0.0,0.0,0.0,0.0,0.0,0.0,0.0
200794,Paul Millsap,1610612737,ATL,32.0,23.74833333333333,4,5,0.8,2,2,1.0,4,4,1.0,2,7,9,2,3,1,2,0,1,3,14,29,0.22,137.9,82.8,0.206,0.28,25.0,50,0.125,1.036,83.37,138.0,99.4,0.67,0.095,100.05,81.6,16.7,56.4,55.1,0.174,1.0,0.175,25.5,4.0,0.0,0.083,5.0,24.0,0.083,0.0,20.0,2.0,0.0,2.0,1.333,2.0,0.0,0.0,0.333,0.0,0.0,1.0,0.0,3.0,0.0,0.0,1.0,0.0,4.0,1.0,2.0,34.0,1.2,0.0,0.0,2.17,2.0,1.0,21.0,0.412,1.29,6.0,4.4,11.0,5.2,3.0,0.0,0.643,0.0,1.0,0.667,0.636,14.0,2.0,0.0,3.0,0.0,4.0,0.667,0.571,0.643,3.0,0.636,0.667,1.5,0.5,0.0,0.4,0.0,0.0,1.0,1.0,2.0,0.5,0.4,0.5,2.0,,1.0,0.2,1.0,1.0,0.2,2.0,0.4,2.0,1.25,1.0,1.0,1.0,1.0,,,,,,,,,,,,,,0.2,1.0,0.0,0.0,1.0,0.2,,1.0,1.5,0.0,1.0,1.0,1.0,2.0,1.0,5.0,1.25,1.0,1.0,1.0,2.0,2.0,0.0,0.0,0.0,1.0,1.0,0.0,3.0,0.0,1.0,0.0,0.0,0.0,0.667,3.0,1.0,1.0,1.0,1.0,1.0,1.0,2.0,0.0,0.0,0.0,1.0,0.0,1.0,0.0,0.0,0.0,0.0,0.0,235.0,142.0,0.381,0.604,0.615,-0.011,0.0,0.0,0.0,0.0,,0.0,0.0,0.0,0.0,0.0,0.0,1.0,0.0,0.0,0.0,0.0,2.0,2.0,1.0,2.0,1.0,,,2.0,0.0,0.0,0.0,1.0,1.0,1.0,1.0,1.5,1.0,2017,21600647,20170120.0,2016-17,False,1.0,4.0,9.0,0.444,0.44,0.005,0.0,3.0,0.0,0.342,4.0,6.0,0.667,0.49,4.0,5.0,0.8,0.55,0.0,3.0,0.0,0.34,0.0,0.0,2.0,2.0,1.0,2.0,0.0,0.0,0.0,0.0,0.0,0.0,1.0,1.0,6.0,3.0,3.0,2.0,0.0,4.0,8.0,0.0,0.0,0.0,0.0,0.0,0.0,0.0,0.0,0.0,0.0,0.0,0.0,0.0,0.0
200794,Paul Millsap,1610612737,ATL,32.0,35.0,3,10,0.3,1,4,0.25,3,4,0.75,1,6,7,2,3,1,0,2,2,6,10,-3,0.104,103.7,111.1,0.043,0.182,17.6,76,0.029,0.425,86.86,103.9,102.86,0.67,0.077,104.23,107.9,11.8,-3.9,-7.3,0.18,0.35,0.176,17.9,5.0,0.0,0.075,4.0,53.0,0.038,2.0,43.0,4.0,2.0,2.0,0.5,1.0,0.125,0.25,0.0,2.0,2.0,0.0,0.375,8.0,1.0,1.0,0.5,3.0,4.0,7.0,4.0,70.0,2.3,0.0,0.0,2.01,0.4,5.0,44.0,0.143,0.77,3.0,5.2,10.0,5.5,4.0,1.0,0.467,1.0,1.0,0.2,0.667,15.0,1.0,0.0,4.0,0.0,2.0,0.2,0.333,0.5,5.0,0.6,0.429,3.5,,,,,,,,,,,,,,2.0,0.25,0.0,0.5,0.0,1.0,0.25,2.0,0.5,,1.0,0.5,0.0,4.0,2.0,0.625,1.0,0.5,2.0,1.0,0.5,0.25,0.25,2.0,0.5,0.5,0.25,0.0,0.0,0.0,2.0,0.25,,0.0,0.0,0.0,2.0,0.0,0.0,1.0,0.0,2.0,0.333,0.333,,0.0,3.0,2.0,0.0,0.0,0.5,0.35,0.25,0.0,3.0,0.0,0.0,0.0,1.0,0.0,0.0,2.0,4.0,0.25,0.0,0.0,0.0,0.0,0.0,1.0,0.0,0.0,1.0,0.0,0.0,0.0,1.0,1.0,3.0,0.333,18.0,14.0,0.327,0.778,0.609,0.168,0.0,0.0,,0.333,0.0,,0.0,1.0,0.333,1.0,0.0,0.0,,0.0,0.0,0.0,0.0,3.0,3.0,0.0,0.333,0.0,0.0,1.0,0.0,1.0,3.0,4.0,0.25,4.0,1.0,0.375,1.0,2017,21600059,20161102.0,2016-17,False,1.0,9.0,17.0,0.529,0.445,0.084,0.0,1.0,0.0,0.27,9.0,16.0,0.563,0.485,7.0,11.0,0.636,0.58,2.0,6.0,0.333,0.318,1.0,2.0,0.0,0.0,0.0,0.4,2.0,0.4,0.0,0.0,0.0,0.0,0.0,0.0,12.0,12.0,0.0,3.0,1.0,4.0,8.0,0.0,0.0,0.0,0.0,0.0,0.0,0.0,0.0,0.0,0.0,0.0,0.0,0.0,0.0
200794,Paul Millsap,1610612737,ATL,32.0,36.48333333333333,8,18,0.444,0,4,0.0,2,2,1.0,4,7,11,5,3,4,3,0,2,3,18,20,0.139,98.2,70.1,0.241,0.167,11.5,75,0.108,0.477,82.78,101.3,103.41,1.67,0.25,99.33,73.7,19.2,27.6,28.1,0.25,0.444,0.241,11.2,12.0,1.0,0.105,13.0,57.0,0.088,1.0,59.0,6.0,0.0,5.0,0.625,2.0,0.0,0.0,0.0,0.0,0.0,0.0,0.25,8.0,0.0,0.0,0.4,2.0,5.0,4.0,6.0,82.0,3.2,0.0,1.0,2.33,0.5,6.0,61.0,0.22,1.29,4.0,5.1,18.0,3.4,5.0,3.0,0.458,4.0,0.5,0.667,0.467,24.0,2.0,2.0,7.0,1.0,2.0,0.8,0.286,0.55,6.0,0.389,0.364,8.2,,,,,,,,,,,,,,8.0,0.444,0.0,0.625,0.0,5.0,0.444,8.0,0.625,,5.0,0.625,0.0,7.0,1.0,0.429,0.0,0.389,3.0,3.0,0.5,0.056,0.333,6.0,0.429,0.0,0.167,0.0,0.0,0.0,3.0,0.167,,0.0,0.0,0.0,3.0,0.0,0.0,3.0,0.0,6.0,0.5,0.5,,0.0,6.0,3.0,0.0,0.0,1.0,0.444,0.0,0.75,0.0,6.0,0.0,0.0,0.333,0.0,1.0,4.0,4.0,0.0,,0.0,,,4.0,2.0,0.0,0.0,0.0,0.0,0.0,0.0,6.0,2.0,4.0,0.5,81.0,45.0,0.368,0.556,0.603,-0.047,2.0,0.0,0.0,0.6,0.0,0.0,0.0,4.0,0.6,3.0,0.0,1.0,0.0,0.0,0.0,0.0,2.0,0.0,5.0,2.0,0.0,0.0,0.0,0.0,0.0,3.0,5.0,4.0,0.0,4.0,0.0,0.0,0.0,2017,21600216,20161123.0,2016-17,False,1.0,4.0,11.0,0.364,0.461,-0.097,1.0,4.0,0.25,0.39,3.0,7.0,0.429,0.488,3.0,5.0,0.6,0.533,1.0,6.0,0.167,0.394,1.0,1.0,0.0,0.0,0.0,0.5,3.0,0.5,0.0,0.0,2.0,0.333,0.0,0.0,12.0,7.0,5.0,7.0,0.0,3.0,6.0,0.0,0.0,0.0,0.0,0.0,0.0,0.0,0.0,0.0,0.0,0.0,0.0,0.0,0.0
200794,Paul Millsap,1610612737,ATL,32.0,31.416666666666668,3,9,0.333,2,3,0.667,2,4,0.5,0,3,3,3,4,1,1,3,2,2,10,-13,0.045,82.4,105.8,0.04,0.091,22.2,58,0.0,0.465,73.21,86.2,91.82,0.75,0.25,87.85,110.5,16.7,-24.3,-23.4,0.221,0.444,0.224,22.5,2.0,0.0,0.067,4.0,45.0,0.067,1.0,42.0,3.0,0.0,1.0,0.0,0.0,0.0,0.0,0.0,0.0,0.0,0.0,0.75,4.0,0.0,0.0,0.0,3.0,0.0,2.0,1.0,62.0,2.3,0.0,0.0,2.18,0.667,6.0,41.0,0.161,0.92,1.0,3.0,8.0,3.0,2.0,0.0,0.273,1.0,0.0,0.0,0.375,11.0,0.0,0.0,2.0,1.0,1.0,0.0,0.333,0.3,3.0,0.375,0.333,0.0,,,,,,,,,,,,,,3.0,0.5,2.0,0.333,0.333,2.0,0.833,5.0,0.5,0.5,1.0,0.4,1.0,1.0,1.0,1.5,1.0,0.167,1.0,0.0,,0.167,0.0,0.0,1.0,1.0,,,,,,,,,,,,,,0.0,0.0,0.0,0.0,0.0,,0.0,1.0,4.0,0.0,0.0,0.333,0.444,0.5,0.0,6.0,0.0,1.0,0.0,0.0,1.0,0.25,4.0,2.0,0.5,0.0,1.0,0.0,0.0,1.0,0.0,1.0,1.0,1.0,0.0,1.0,0.0,2.0,0.0,0.0,0.0,387.0,235.0,0.371,0.607,0.611,-0.004,2.0,1.0,0.0,0.0,,0.0,0.0,1.0,0.0,0.0,0.0,0.333,0.0,0.0,0.0,1.0,1.0,2.0,0.0,3.0,0.5,,,1.0,0.0,0.0,1.0,3.0,0.667,3.0,2.0,1.0,2.0,2017,21601017,20170316.0,2016-17,False,1.0,6.0,17.0,0.353,0.448,-0.096,1.0,2.0,0.5,0.333,5.0,15.0,0.333,0.49,2.0,10.0,0.2,0.534,4.0,7.0,0.571,0.38,1.0,3.0,2.0,4.0,0.5,0.667,1.0,0.167,0.0,0.0,0.0,0.0,2.0,0.333,14.0,12.0,2.0,5.0,0.0,3.0,6.0,0.0,0.0,1.0,0.0,0.0,0.0,0.0,0.0,0.0,0.0,0.0,0.0,0.0,0.0
200794,Paul Millsap,1610612737,ATL,32.0,36.41666666666666,5,11,0.455,1,3,0.333,11,11,1.0,1,8,9,2,4,1,0,0,4,8,22,10,0.127,125.2,111.5,0.116,0.211,18.2,76,0.03,0.694,84.03,126.3,101.39,0.5,0.067,100.83,111.7,9.1,14.6,13.7,0.234,0.5,0.238,18.3,5.0,0.0,0.065,5.0,46.0,0.043,1.0,46.0,3.0,0.0,0.0,1.0,0.0,0.5,0.0,0.0,2.0,2.0,0.0,0.5,2.0,1.0,1.0,0.0,1.0,2.0,6.0,6.0,70.0,2.3,0.667,0.667,1.93,1.0,8.0,45.0,0.314,0.93,2.0,6.6,17.0,6.9,6.0,2.0,0.474,2.0,0.0,0.5,0.533,19.0,0.0,1.0,7.0,0.0,2.0,0.5,0.25,0.529,2.0,0.471,0.222,3.6,0.333,0.0,0.273,0.0,0.0,1.0,1.0,3.0,0.333,0.273,0.333,3.0,,2.0,0.182,0.0,0.5,0.0,1.0,0.182,2.0,0.5,,1.0,0.5,0.0,4.0,1.0,0.875,1.0,0.364,3.0,2.0,0.667,0.091,0.273,3.0,0.75,1.0,0.182,0.0,0.0,0.0,2.0,0.182,,0.0,0.0,0.0,2.0,0.0,0.0,1.0,0.0,2.0,0.5,0.5,,0.0,2.0,8.0,0.667,4.0,0.667,0.5,0.333,0.667,3.0,4.0,0.0,0.0,0.5,0.0,0.5,2.0,3.0,0.333,0.0,0.0,0.0,0.0,1.0,2.0,0.0,0.0,1.0,0.0,0.0,0.0,2.0,1.0,4.0,0.5,404.0,247.0,0.371,0.611,0.61,0.001,0.0,0.0,0.0,0.5,0.0,0.0,0.0,1.0,0.5,2.0,0.0,1.0,0.0,0.0,0.0,0.0,1.0,3.0,4.0,1.0,0.333,0.0,0.0,1.0,0.0,1.0,2.0,3.0,0.333,3.0,1.0,0.5,1.0,2017,21601197,20170409.0,2016-17,False,1.0,11.0,19.0,0.579,0.465,0.114,5.0,10.0,0.5,0.398,6.0,9.0,0.667,0.536,6.0,7.0,0.857,0.583,5.0,11.0,0.455,0.407,2.0,3.0,4.0,4.0,1.0,1.0,3.0,0.375,0.0,0.0,0.0,0.0,2.0,0.25,14.0,4.0,10.0,3.0,1.0,4.0,9.0,0.0,0.0,1.0,0.0,0.0,0.0,0.0,0.0,0.0,0.0,0.0,0.0,0.0,0.0
200794,Paul Millsap,1610612737,ATL,32.0,29.351666666666667,3,10,0.3,1,4,0.25,4,4,1.0,0,7,7,2,3,0,1,0,3,2,11,-24,0.106,75.3,114.0,0.068,0.219,17.6,66,0.0,0.468,89.26,72.7,103.75,0.67,0.133,107.11,110.8,11.8,-38.0,-38.7,0.215,0.35,0.211,17.9,6.0,0.0,0.048,4.0,42.0,0.048,0.0,44.0,2.0,1.0,3.0,0.286,0.0,0.143,0.143,0.0,2.0,2.0,0.0,0.286,7.0,1.0,1.0,0.0,2.0,2.0,2.0,1.0,58.0,2.1,0.0,2.0,2.13,0.0,4.0,40.0,0.19,1.03,2.0,5.3,10.0,5.3,5.0,0.0,0.5,0.0,0.0,0.0,0.7,14.0,0.0,0.0,5.0,0.0,2.0,0.0,0.286,0.5,4.0,0.7,0.286,0.0,0.0,0.0,0.1,0.0,0.0,0.0,0.0,1.0,0.0,0.1,0.0,1.0,,2.0,0.2,0.0,0.5,0.0,1.0,0.2,2.0,0.5,,1.0,0.5,0.0,5.0,2.0,0.5,1.0,0.5,2.0,1.0,0.333,0.2,0.3,3.0,0.4,0.5,0.2,0.0,0.0,0.0,2.0,0.2,,0.0,0.0,0.0,2.0,0.0,0.0,0.0,0.0,0.0,0.0,0.0,,0.0,1.0,0.0,0.0,0.0,0.0,0.35,0.25,1.0,3.0,2.0,0.0,0.0,0.0,0.0,1.0,1.0,3.0,0.333,1.0,0.0,0.0,0.0,1.0,1.0,0.0,0.0,1.0,0.0,1.0,0.0,1.0,0.0,4.0,0.25,320.0,190.0,0.367,0.594,0.612,-0.018,1.0,0.0,,0.25,,,0.0,2.0,0.0,1.0,0.0,1.0,,0.0,0.0,0.0,1.0,2.0,4.0,1.0,0.5,,,1.0,0.0,0.0,0.0,3.0,0.333,3.0,1.0,0.5,1.0,2017,21600867,20170225.0,2016-17,False,1.0,8.0,18.0,0.444,0.449,-0.004,0.0,4.0,0.0,0.33,8.0,14.0,0.571,0.507,6.0,10.0,0.6,0.588,1.0,7.0,0.143,0.379,0.0,1.0,0.0,0.0,0.0,0.0,3.0,0.75,0.0,0.0,0.0,0.0,0.0,0.0,9.0,6.0,3.0,2.0,0.0,0.0,0.0,0.0,0.0,0.0,0.0,0.0,0.0,0.0,0.0,0.0,0.0,0.0,0.0,0.0,0.0
200794,Paul Millsap,1610612737,ATL,32.0,22.9,4,9,0.444,1,3,0.333,1,2,0.5,1,7,8,2,1,1,1,1,3,1,10,-15,0.186,98.9,132.4,0.104,0.368,7.7,46,0.042,0.506,81.22,100.0,97.05,2.0,0.143,97.47,129.8,15.4,-29.8,-33.5,0.215,0.5,0.216,7.8,6.0,0.0,0.083,5.0,36.0,0.056,1.0,34.0,3.0,0.0,0.0,0.0,0.0,0.0,0.0,0.0,0.0,0.0,0.0,1.0,2.0,0.0,0.0,0.0,2.0,0.0,3.0,2.0,49.0,2.0,0.0,0.5,2.39,0.667,6.0,33.0,0.204,1.2,3.0,4.9,11.0,3.9,5.0,0.0,0.571,0.0,1.0,0.333,0.636,14.0,1.0,0.0,5.0,0.0,2.0,0.333,0.286,0.571,3.0,0.636,0.375,11.6,0.0,0.0,0.125,0.0,0.0,0.0,0.0,1.0,0.0,0.125,0.0,1.0,,2.0,0.25,0.0,1.0,0.0,2.0,0.25,2.0,1.0,,2.0,1.0,0.0,2.0,0.0,0.5,0.0,0.25,1.0,1.0,0.5,0.0,0.25,2.0,0.5,,0.375,1.0,0.0,0.0,3.0,0.375,,0.333,0.5,0.0,3.0,0.333,1.0,1.0,0.0,2.0,0.333,0.333,,0.0,3.0,4.0,0.0,0.0,0.5,0.5,0.333,0.0,3.0,1.0,1.0,0.0,0.333,1.0,0.5,2.0,2.0,0.0,0.0,1.0,0.0,0.0,1.0,1.0,1.0,1.0,0.0,0.0,1.0,0.0,3.0,1.0,1.0,1.0,78.0,44.0,0.373,0.564,0.602,-0.037,2.0,0.0,,1.0,,,0.0,1.0,0.333,1.0,0.0,0.0,,0.0,0.5,0.0,0.0,2.0,1.0,0.0,0.5,,,1.0,1.0,1.0,3.0,3.0,0.333,3.0,1.0,0.5,1.0,2017,21600209,20161122.0,2016-17,False,1.0,7.0,14.0,0.5,0.471,0.029,1.0,4.0,0.25,0.297,6.0,10.0,0.6,0.515,5.0,8.0,0.625,0.567,2.0,5.0,0.4,0.337,2.0,4.0,0.0,0.0,0.0,0.667,0.0,0.0,0.0,0.0,1.0,0.167,0.0,0.0,12.0,9.0,3.0,1.0,0.0,5.0,11.0,0.0,0.0,0.0,0.0,0.0,0.0,0.0,0.0,0.0,0.0,0.0,0.0,0.0,0.0
200794,Paul Millsap,1610612737,ATL,32.0,34.36666666666667,6,12,0.5,2,5,0.4,3,3,1.0,1,8,9,5,3,2,1,1,4,4,17,-6,0.153,115.5,127.1,0.118,0.333,14.3,72,0.029,0.638,82.06,118.1,101.4,1.67,0.192,98.47,131.9,23.8,-13.8,-11.6,0.195,0.583,0.19,14.1,9.0,1.0,0.113,11.0,53.0,0.094,1.0,45.0,6.0,1.0,3.0,0.714,1.0,0.143,0.143,0.0,2.0,2.0,0.0,0.286,7.0,1.0,1.0,0.333,2.0,5.0,4.0,6.0,71.0,2.4,0.0,0.667,2.06,0.0,6.0,46.0,0.239,0.87,2.0,7.5,9.0,7.4,6.0,0.0,0.643,0.0,0.0,0.2,0.889,14.0,0.0,1.0,7.0,0.0,2.0,0.2,0.25,0.643,5.0,0.889,0.222,8.2,0.5,0.0,0.182,0.0,0.0,1.0,1.0,2.0,0.5,0.182,0.5,2.0,,4.0,0.364,0.0,0.75,0.0,3.0,0.364,4.0,0.75,,3.0,0.75,0.0,1.0,1.0,0.0,0.0,0.091,0.0,0.0,,0.091,0.0,0.0,0.0,0.0,0.364,2.0,0.0,0.0,4.0,0.364,,0.5,0.75,0.0,4.0,0.5,2.0,0.0,0.0,0.0,,,,0.0,0.0,0.0,0.0,0.0,0.0,0.583,0.4,1.0,6.0,4.0,0.0,0.0,0.0,0.0,0.0,1.0,5.0,0.4,0.0,0.0,0.0,0.0,0.0,4.0,0.0,0.0,2.0,0.0,0.0,0.0,0.0,0.0,6.0,0.667,122.0,68.0,0.37,0.557,0.61,-0.052,0.0,0.667,,0.667,,,0.0,3.0,0.0,4.0,0.0,0.0,,0.0,0.0,2.0,0.0,2.0,6.0,1.0,0.0,,,0.0,0.0,0.0,0.0,5.0,0.4,5.0,2.0,0.6,2.0,2017,21600369,20161213.0,2016-17,False,1.0,13.0,20.0,0.65,0.441,0.209,3.0,6.0,0.5,0.334,10.0,14.0,0.714,0.494,6.0,6.0,1.0,0.54,5.0,11.0,0.455,0.351,0.0,0.0,0.0,0.0,0.0,0.0,5.0,0.833,0.0,0.0,1.0,0.167,0.0,0.0,13.0,6.0,7.0,3.0,0.0,2.0,4.0,0.0,0.0,0.0,0.0,0.0,0.0,0.0,0.0,0.0,0.0,0.0,0.0,0.0,0.0
200794,Paul Millsap,1610612737,ATL,32.0,31.933333333333334,7,18,0.389,0,3,0.0,3,3,1.0,0,10,10,4,3,2,0,3,3,4,17,21,0.128,109.3,82.9,0.135,0.238,11.5,74,0.0,0.44,91.44,110.8,111.68,1.33,0.16,109.73,84.7,15.4,26.1,26.3,0.269,0.389,0.265,11.4,9.0,1.0,0.139,9.0,36.0,0.111,0.0,38.0,5.0,1.0,3.0,0.5,1.0,0.0,0.25,0.0,0.0,0.0,0.0,0.0,4.0,0.0,0.0,0.333,0.0,2.0,6.0,2.0,61.0,2.2,0.5,2.5,2.13,0.286,7.0,37.0,0.279,1.07,3.0,6.2,14.0,6.2,7.0,0.0,0.556,0.0,0.0,0.0,0.714,18.0,0.0,0.0,7.0,0.0,3.0,0.0,0.3,0.556,4.0,0.714,0.3,0.0,0.5,0.0,0.133,0.0,0.0,1.0,1.0,2.0,0.5,0.133,0.5,2.0,,6.0,0.4,0.0,0.667,0.0,4.0,0.4,6.0,0.667,,4.0,0.667,0.0,4.0,1.0,0.5,0.0,0.267,2.0,2.0,0.667,0.067,0.2,3.0,0.5,0.0,0.2,0.0,0.0,0.067,2.0,0.133,0.0,0.0,0.0,1.0,3.0,0.0,0.0,1.0,0.0,2.0,0.25,0.25,,0.0,4.0,2.0,0.5,3.0,0.25,0.389,0.0,1.0,0.0,5.0,0.0,0.0,0.4,0.0,0.0,3.0,3.0,0.0,0.0,0.0,0.0,0.0,0.0,5.0,0.0,0.0,0.0,0.0,0.0,0.0,5.0,2.0,7.0,0.714,326.0,194.0,0.367,0.595,0.611,-0.016,1.0,0.0,,0.714,,,0.0,0.0,0.333,5.0,0.0,0.25,,0.0,0.0,0.0,1.0,3.0,7.0,4.0,0.0,,,0.0,0.0,1.0,3.0,3.0,0.0,3.0,0.0,0.0,0.0,2017,21600885,20170227.0,2016-17,False,1.0,8.0,16.0,0.5,0.448,0.052,2.0,4.0,0.5,0.352,6.0,12.0,0.5,0.501,5.0,8.0,0.625,0.544,3.0,6.0,0.5,0.344,1.0,4.0,0.0,0.0,0.0,0.286,2.0,0.286,1.0,0.143,0.0,0.0,0.0,0.0,12.0,10.0,2.0,4.0,0.0,5.0,11.0,0.0,0.0,0.0,0.0,0.0,0.0,0.0,0.0,0.0,0.0,0.0,0.0,0.0,0.0
200794,Paul Millsap,1610612737,ATL,32.0,35.06666666666667,3,11,0.273,2,5,0.4,6,7,0.857,5,9,14,3,3,1,0,2,2,4,14,1,0.173,96.7,97.5,0.124,0.243,15.0,78,0.114,0.497,88.4,97.4,106.41,1.0,0.13,106.08,97.4,15.0,0.0,-0.8,0.191,0.364,0.185,14.9,8.0,0.0,0.056,7.0,54.0,0.056,0.0,44.0,3.0,0.0,1.0,0.0,0.0,0.0,0.0,0.0,0.0,0.0,0.0,0.75,4.0,0.0,0.0,0.0,3.0,0.0,3.0,5.0,74.0,2.8,0.0,0.6,2.27,0.0,5.0,47.0,0.189,1.34,5.0,5.5,14.0,6.3,7.0,0.0,0.778,0.0,0.6,1.25,0.643,18.0,3.0,1.0,8.0,0.0,2.0,1.25,0.222,0.778,4.0,0.643,0.357,3.6,1.0,0.0,0.111,0.0,0.0,1.0,1.0,1.0,1.0,0.111,1.0,1.0,,2.0,0.222,2.0,0.0,0.222,0.0,0.444,4.0,0.0,0.0,0.0,0.0,0.0,1.0,1.0,1.5,1.0,0.111,1.0,0.0,,0.111,0.0,0.0,1.0,1.0,0.333,1.0,0.0,0.111,2.0,0.222,0.0,0.5,0.5,1.0,3.0,0.333,1.0,0.0,2.0,0.0,0.0,0.0,0.0,0.0,2.0,0.0,0.0,0.0,0.0,0.364,0.5,0.5,6.0,3.0,0.5,0.0,0.0,1.0,0.0,2.0,3.0,0.333,1.0,1.0,0.0,0.0,0.0,1.0,1.0,1.0,1.0,0.0,2.0,0.0,2.0,0.0,2.0,0.5,97.0,53.0,0.363,0.546,0.611,-0.065,0.0,0.333,0.0,0.333,,0.0,0.0,3.0,0.0,1.0,0.0,0.0,0.0,0.0,0.0,1.0,0.0,3.0,3.0,1.0,0.333,,,1.0,0.0,0.0,1.0,4.0,0.667,3.0,2.0,0.75,2.0,2017,21600259,20161128.0,2016-17,False,1.0,6.0,16.0,0.375,0.485,-0.11,1.0,5.0,0.2,0.329,5.0,11.0,0.455,0.548,4.0,9.0,0.444,0.638,2.0,6.0,0.333,0.358,0.0,3.0,0.0,0.0,0.0,0.0,2.0,0.4,0.0,0.0,0.0,0.0,0.0,0.0,12.0,7.0,5.0,3.0,0.0,3.0,6.0,0.0,0.0,0.0,0.0,0.0,0.0,0.0,0.0,0.0,0.0,0.0,0.0,0.0,0.0
200794,Paul Millsap,1610612737,ATL,32.0,27.183333333333334,6,14,0.429,0,2,0.0,5,6,0.833,0,4,4,4,2,1,0,0,3,4,17,20,0.069,100.8,63.8,0.139,0.133,8.7,59,0.0,0.511,86.08,98.3,103.33,2.0,0.222,103.3,65.5,17.4,32.8,37.0,0.308,0.429,0.292,8.8,4.0,0.0,0.094,8.0,32.0,0.125,0.0,42.0,3.0,1.0,2.0,0.0,0.0,0.0,0.333,0.0,0.0,0.0,0.0,0.0,3.0,0.0,0.0,0.0,0.0,0.0,4.0,5.0,53.0,2.0,0.75,1.2,2.29,0.286,7.0,40.0,0.321,1.06,1.0,2.3,11.0,2.3,3.0,2.0,0.286,3.0,0.0,0.0,0.444,14.0,0.0,0.0,3.0,1.0,1.0,0.0,0.25,0.364,3.0,0.364,0.25,0.0,0.333,0.0,0.214,0.0,0.0,1.0,1.0,3.0,0.333,0.214,0.333,3.0,,3.0,0.214,0.0,0.333,0.0,1.0,0.214,3.0,0.333,,1.0,0.333,0.0,5.0,1.0,0.4,0.0,0.357,2.0,2.0,0.5,0.071,0.286,4.0,0.4,0.0,0.214,0.0,2.0,0.143,1.0,0.071,1.0,0.0,0.667,2.0,3.0,0.667,2.0,1.0,0.0,2.0,1.0,1.0,,0.0,1.0,2.0,1.0,3.0,0.25,0.429,0.25,0.6,2.0,6.0,0.0,0.0,0.5,0.0,0.333,6.0,2.0,0.0,,0.0,,,2.0,3.0,0.0,0.0,0.0,0.0,0.0,0.0,2.0,1.0,4.0,0.75,7.0,6.0,0.233,0.857,0.607,0.251,2.0,0.0,,0.6,,,0.0,1.0,0.0,3.0,0.0,0.5,,0.0,0.5,0.0,2.0,1.0,5.0,4.0,0.0,,,0.0,1.0,0.0,1.0,3.0,0.0,2.0,0.0,0.333,1.0,2017,21600026,20161029.0,2016-17,False,1.0,5.0,11.0,0.455,0.423,0.032,0.0,1.0,0.0,0.333,5.0,10.0,0.5,0.47,3.0,3.0,1.0,0.533,0.0,5.0,0.0,0.32,1.0,4.0,0.0,0.0,0.0,0.286,1.0,0.143,2.0,0.286,0.0,0.0,0.0,0.0,7.0,6.0,1.0,4.0,0.0,4.0,8.0,0.0,0.0,0.0,0.0,0.0,0.0,0.0,0.0,0.0,0.0,0.0,0.0,0.0,0.0
200794,Paul Millsap,1610612737,ATL,32.0,27.83333333333333,6,9,0.667,0,0,0.0,9,14,0.643,0,4,4,1,2,1,0,0,2,8,21,-19,0.061,87.7,112.4,0.145,0.125,10.5,59,0.0,0.693,83.35,86.4,103.82,0.5,0.1,100.02,122.8,5.3,-36.4,-24.6,0.276,0.667,0.281,11.0,4.0,0.0,0.04,2.0,25.0,0.04,0.0,34.0,1.0,0.0,3.0,1.0,2.0,0.0,0.0,0.0,0.0,0.0,0.0,0.25,4.0,0.0,0.0,0.667,1.0,4.0,0.0,4.0,44.0,2.2,0.0,0.75,2.94,0.5,10.0,30.0,0.477,1.66,0.0,5.2,8.0,5.2,3.0,0.0,0.5,0.0,0.0,0.0,0.5,8.0,0.0,0.0,3.0,0.0,0.0,0.0,0.0,0.5,0.0,0.5,0.0,0.0,0.5,0.0,0.222,0.0,0.0,1.0,1.0,2.0,0.5,0.222,0.5,2.0,,5.0,0.556,0.0,0.8,0.0,4.0,0.556,5.0,0.8,,4.0,0.8,0.0,2.0,0.0,0.5,0.0,0.222,1.0,1.0,0.5,0.0,0.222,2.0,0.5,,,,,,,,,,,,,,,0.0,,0.0,0.0,0.0,,,1.0,5.0,0.0,0.0,0.667,0.667,0.0,1.0,0.0,3.0,0.0,,0.333,0.0,0.667,3.0,0.0,0.0,0.0,0.0,0.0,0.0,2.0,3.0,0.0,0.0,0.0,,0.0,,3.0,1.0,3.0,1.0,311.0,184.0,0.364,0.592,0.611,-0.02,1.0,0.0,0.0,1.0,,0.0,,0.0,0.5,3.0,,0.667,0.0,,0.0,0.0,2.0,0.0,3.0,3.0,0.0,,,0.0,0.0,1.0,2.0,0.0,,,,,0.0,2017,21600863,20170224.0,2016-17,False,1.0,6.0,15.0,0.4,0.428,-0.028,4.0,9.0,0.444,0.391,2.0,6.0,0.333,0.463,2.0,4.0,0.5,0.512,4.0,10.0,0.4,0.39,2.0,3.0,1.0,4.0,0.25,0.5,3.0,0.3,1.0,0.1,0.0,0.0,2.0,0.2,12.0,4.0,8.0,1.0,0.0,1.0,2.0,0.0,0.0,1.0,0.0,0.0,0.0,0.0,0.0,0.0,0.0,0.0,0.0,0.0,0.0
200794,Paul Millsap,1610612737,ATL,32.0,29.015,4,8,0.5,1,4,0.25,7,8,0.875,0,4,4,3,4,2,0,0,4,7,16,-19,0.066,92.5,120.3,0.099,0.129,21.1,66,0.0,0.694,90.3,93.9,111.14,0.75,0.158,108.36,124.6,15.8,-30.7,-27.8,0.218,0.563,0.225,21.6,4.0,0.0,0.108,7.0,37.0,0.081,1.0,37.0,4.0,0.0,1.0,2.0,1.0,0.0,0.0,0.0,0.0,0.0,0.0,0.0,1.0,0.0,0.0,1.0,0.0,2.0,5.0,1.0,55.0,1.8,0.8,2.0,2.01,0.8,5.0,37.0,0.291,0.85,0.0,2.9,3.0,2.9,4.0,0.0,1.0,0.0,0.0,0.0,1.333,4.0,0.0,0.0,4.0,0.0,0.0,0.0,0.0,1.0,1.0,1.333,0.0,0.0,,,,,,,,,,,,,,2.0,0.25,1.0,0.5,0.125,1.0,0.375,3.0,0.333,0.0,1.0,0.333,0.0,3.0,2.0,0.333,0.0,0.375,1.0,1.0,1.0,0.25,0.125,1.0,0.333,0.0,0.25,1.0,1.0,0.125,1.0,0.125,1.0,1.0,1.25,1.0,2.0,1.0,2.0,0.0,0.0,0.0,0.0,0.0,,0.0,1.0,4.0,1.0,4.0,1.0,0.563,0.25,1.0,3.0,2.0,0.0,0.0,0.5,0.0,1.0,1.0,3.0,0.333,0.0,0.0,0.0,0.0,1.0,1.0,0.0,1.0,1.0,0.0,1.0,0.0,2.0,1.0,1.0,1.0,268.0,160.0,0.366,0.597,0.612,-0.015,1.0,0.0,,1.0,0.0,,0.0,1.0,1.0,1.0,0.0,1.0,,0.0,0.0,0.0,1.0,3.0,1.0,1.0,0.333,0.0,0.0,1.0,0.0,1.0,1.0,4.0,0.25,4.0,1.0,0.375,1.0,2017,21600743,20170202.0,2016-17,False,1.0,1.0,6.0,0.167,0.433,-0.267,1.0,5.0,0.2,0.348,0.0,1.0,0.0,0.534,0.0,1.0,0.0,0.573,1.0,5.0,0.2,0.352,1.0,1.0,2.0,2.0,1.0,0.8,0.0,0.0,2.0,0.4,1.0,0.2,1.0,0.2,4.0,1.0,3.0,3.0,0.0,1.0,2.0,0.0,0.0,1.0,0.0,0.0,0.0,0.0,0.0,0.0,0.0,0.0,0.0,0.0,0.0
200794,Paul Millsap,1610612737,ATL,32.0,27.916666666666668,5,9,0.556,1,2,0.5,3,4,0.75,1,4,5,4,2,1,1,1,4,4,14,-4,0.128,132.0,133.4,0.095,0.235,11.8,55,0.045,0.651,79.52,134.5,98.45,2.0,0.174,95.43,139.3,23.5,-4.7,-1.3,0.199,0.611,0.2,11.9,6.0,0.0,0.091,9.0,44.0,0.091,0.0,37.0,4.0,0.0,1.0,0.0,0.0,0.0,0.0,0.667,0.0,0.0,2.0,0.0,3.0,0.0,0.0,0.0,0.0,0.0,3.0,3.0,55.0,1.5,1.333,0.667,1.62,0.0,3.0,38.0,0.255,0.55,2.0,4.2,3.0,4.0,3.0,0.0,0.714,0.0,1.0,0.25,1.333,7.0,1.0,0.0,3.0,0.0,1.0,0.25,0.25,0.714,4.0,1.333,0.4,4.6,0.0,0.0,0.143,0.0,0.0,0.0,0.0,1.0,0.0,0.143,0.0,1.0,,2.0,0.286,0.0,1.0,0.0,2.0,0.286,2.0,1.0,,2.0,1.0,0.0,2.0,0.0,0.5,0.0,0.286,1.0,1.0,0.5,0.0,0.286,2.0,0.5,,0.286,1.0,0.0,0.0,2.0,0.286,,0.5,0.75,0.0,2.0,0.5,1.0,0.0,0.0,0.0,,,,0.0,0.0,0.0,1.0,4.0,0.0,0.611,0.333,0.5,3.0,2.0,0.0,,0.0,0.0,0.667,3.0,1.0,1.0,,0.0,,,2.0,2.0,0.0,1.0,1.0,,1.0,,1.0,0.0,3.0,0.667,123.0,69.0,0.366,0.561,0.61,-0.049,1.0,1.0,0.0,0.667,0.0,0.0,0.0,1.0,1.0,2.0,0.0,0.5,0.0,0.0,0.0,1.0,1.0,1.0,3.0,2.0,0.0,0.0,0.0,0.0,0.0,1.0,1.0,3.0,0.5,2.0,1.0,0.5,1.0,2017,21600392,20161216.0,2016-17,False,1.0,6.0,6.0,1.0,0.462,0.538,3.0,3.0,1.0,0.391,3.0,3.0,1.0,0.521,2.0,2.0,1.0,0.575,3.0,3.0,1.0,0.389,0.0,0.0,0.0,0.0,0.0,0.0,2.0,0.667,0.0,0.0,1.0,0.333,0.0,0.0,9.0,6.0,3.0,3.0,0.0,4.0,8.0,0.0,0.0,1.0,0.0,0.0,0.0,0.0,0.0,0.0,0.0,0.0,0.0,0.0,0.0
200794,Paul Millsap,1610612737,ATL,32.0,38.71833333333333,3,10,0.3,0,2,0.0,11,13,0.846,0,9,9,6,2,2,0,0,1,9,17,25,0.113,113.4,78.0,0.19,0.214,8.3,75,0.0,0.541,77.48,110.7,91.49,3.0,0.286,92.98,77.3,25.0,33.3,35.4,0.227,0.3,0.225,8.4,10.0,0.0,0.222,15.0,36.0,0.167,2.0,38.0,8.0,0.0,2.0,1.667,1.0,0.333,0.0,0.0,2.0,2.0,0.0,0.0,3.0,1.0,1.0,0.5,0.0,5.0,5.0,2.0,56.0,2.5,0.0,1.0,2.65,0.9,10.0,37.0,0.304,1.29,0.0,7.3,12.0,7.3,9.0,0.0,0.563,0.0,0.0,0.0,0.75,16.0,0.0,0.0,9.0,0.0,0.0,0.0,0.0,0.563,4.0,0.75,0.0,0.0,0.5,0.0,0.2,0.0,0.0,1.0,1.0,2.0,0.5,0.2,0.5,2.0,,3.0,0.3,0.0,0.333,0.0,1.0,0.3,3.0,0.333,,1.0,0.333,0.0,3.0,0.0,0.333,0.0,0.3,1.0,1.0,0.333,0.0,0.3,3.0,0.333,,0.2,0.0,0.0,0.0,2.0,0.2,,0.0,0.0,0.0,2.0,0.0,0.0,1.0,0.0,2.0,0.333,0.333,,0.0,3.0,9.0,0.0,0.0,0.5,0.3,0.0,0.5,0.0,2.0,0.0,0.0,0.333,0.0,0.333,3.0,2.0,0.0,0.0,0.0,0.0,0.0,1.0,1.0,0.0,0.0,0.0,0.0,0.0,0.0,3.0,1.0,2.0,0.5,194.0,115.0,0.365,0.593,0.617,-0.024,1.0,0.0,,0.5,,,0.0,1.0,0.333,1.0,0.0,0.5,,0.0,0.0,0.0,1.0,1.0,2.0,2.0,0.0,,,0.0,0.0,1.0,3.0,3.0,0.0,2.0,0.0,0.0,0.0,2017,21600557,20170107.0,2016-17,False,1.0,6.0,16.0,0.375,0.437,-0.062,1.0,8.0,0.125,0.355,5.0,8.0,0.625,0.487,2.0,2.0,1.0,0.601,3.0,13.0,0.231,0.383,1.0,2.0,7.0,8.0,0.875,0.9,0.0,0.0,2.0,0.2,1.0,0.1,4.0,0.4,8.0,4.0,4.0,6.0,0.0,3.0,7.0,0.0,0.0,0.0,0.0,0.0,0.0,0.0,0.0,0.0,0.0,0.0,0.0,0.0,0.0
200794,Paul Millsap,1610612737,ATL,32.0,38.083333333333336,7,13,0.538,2,6,0.333,9,11,0.818,2,4,6,3,2,2,0,0,2,6,25,6,0.086,112.2,104.5,0.161,0.103,8.7,80,0.065,0.701,84.03,112.5,101.18,1.5,0.136,100.83,105.0,13.0,7.5,7.7,0.238,0.615,0.241,8.8,9.0,2.0,0.154,10.0,39.0,0.077,1.0,43.0,6.0,1.0,3.0,0.778,2.0,0.111,0.111,0.111,2.0,2.0,1.0,0.333,9.0,1.0,1.0,0.667,3.0,7.0,1.0,3.0,61.0,2.9,0.0,0.0,2.86,0.833,6.0,44.0,0.41,1.66,1.0,4.7,4.0,3.2,4.0,0.0,1.0,0.0,0.5,1.0,1.0,6.0,1.0,1.0,5.0,0.0,0.0,1.0,0.0,1.0,2.0,1.0,0.167,7.7,0.0,0.0,0.154,0.0,0.0,0.0,0.0,2.0,0.0,0.154,0.0,2.0,,2.0,0.154,0.0,1.0,0.0,2.0,0.154,2.0,1.0,,2.0,1.0,0.0,4.0,1.0,0.75,0.0,0.308,3.0,3.0,1.0,0.077,0.231,3.0,0.75,0.0,0.385,2.0,0.0,0.0,5.0,0.385,,0.4,0.6,0.0,5.0,0.4,2.0,5.0,0.0,10.0,1.0,1.0,,0.0,5.0,5.0,0.0,0.0,1.0,0.615,0.333,0.0,6.0,0.0,0.0,0.0,1.0,0.0,0.0,1.0,5.0,0.4,1.0,0.0,0.0,0.0,0.0,0.0,0.0,0.0,2.0,0.0,1.0,0.0,5.0,5.0,1.0,0.0,294.0,177.0,0.367,0.602,0.613,-0.011,2.0,0.5,,0.0,,,0.0,4.0,1.0,0.0,0.0,0.0,,0.0,1.0,2.0,0.0,2.0,1.0,1.0,0.0,,,0.0,2.0,3.0,3.0,6.0,0.333,6.0,2.0,0.5,2.0,2017,21600806,20170210.0,2016-17,False,1.0,8.0,17.0,0.471,0.454,0.017,3.0,8.0,0.375,0.356,5.0,9.0,0.556,0.502,5.0,9.0,0.556,0.546,3.0,8.0,0.375,0.363,2.0,2.0,1.0,2.0,0.5,0.833,1.0,0.167,2.0,0.333,0.0,0.0,1.0,0.167,14.0,7.0,7.0,6.0,0.0,2.0,4.0,0.0,0.0,1.0,0.0,0.0,0.0,0.0,0.0,0.0,0.0,0.0,0.0,0.0,0.0
200794,Paul Millsap,1610612737,ATL,32.0,35.233333333333334,8,19,0.421,0,3,0.0,5,6,0.833,1,10,11,2,3,1,0,3,3,8,21,-2,0.153,99.4,112.2,0.124,0.303,11.1,69,0.026,0.485,78.33,108.7,98.14,0.67,0.1,94.0,111.6,7.4,-2.9,-12.9,0.302,0.421,0.305,11.3,8.0,0.0,0.043,5.0,47.0,0.043,0.0,53.0,2.0,0.0,9.0,1.071,5.0,0.214,0.0,0.0,6.0,5.0,0.0,0.143,14.0,0.833,3.0,0.556,2.0,15.0,2.0,4.0,75.0,2.7,0.0,0.5,2.12,0.25,8.0,53.0,0.28,1.08,6.0,4.0,13.0,4.0,5.0,1.0,0.524,1.0,1.0,0.125,0.833,21.0,1.0,0.0,5.0,0.0,5.0,0.125,0.5,0.55,8.0,0.769,0.545,3.8,0.0,0.0,0.063,0.0,0.0,0.0,0.0,1.0,0.0,0.063,0.0,1.0,,5.0,0.313,1.0,0.6,0.063,3.0,0.375,6.0,0.5,0.0,3.0,0.5,0.0,5.0,0.0,0.8,0.0,0.313,4.0,4.0,0.8,0.0,0.313,5.0,0.8,,0.25,0.0,1.0,0.125,2.0,0.125,0.5,0.0,0.25,2.0,4.0,0.25,1.0,3.0,1.0,6.0,0.5,0.5,0.0,0.0,6.0,2.0,0.0,0.0,0.5,0.421,0.4,0.5,4.0,2.0,0.0,,0.625,0.0,0.5,4.0,3.0,0.0,0.0,0.0,0.0,0.0,2.0,1.0,0.0,0.0,0.0,,0.0,,8.0,5.0,4.0,0.25,27.0,16.0,0.397,0.593,0.608,-0.016,4.0,0.0,,0.25,0.0,,,3.0,0.8,1.0,,0.333,,,0.5,0.0,1.0,0.0,4.0,3.0,0.0,0.0,0.0,0.0,2.0,4.0,5.0,5.0,0.0,2.0,0.0,0.4,2.0,2017,41600135,20170426.0,2016-17,True,1.0,9.0,19.0,0.474,0.466,0.007,2.0,4.0,0.5,0.385,7.0,15.0,0.467,0.505,4.0,8.0,0.5,0.539,5.0,9.0,0.556,0.416,1.0,2.0,0.0,0.0,0.0,0.25,3.0,0.375,1.0,0.125,2.0,0.25,0.0,0.0,17.0,14.0,3.0,1.0,0.0,5.0,12.0,0.0,0.0,1.0,0.0,0.0,0.0,0.0,0.0,0.0,0.0,0.0,0.0,0.0,0.0
200794,Paul Millsap,1610612737,ATL,32.0,25.72,4,14,0.286,1,5,0.2,5,6,0.833,0,4,4,2,0,0,0,0,3,5,14,-3,0.069,89.6,92.3,0.083,0.154,0.0,54,0.0,0.421,84.76,88.9,101.6,0.0,0.154,101.71,92.7,11.1,-3.8,-2.7,0.284,0.321,0.271,0.0,5.0,0.0,0.077,4.0,26.0,0.077,0.0,35.0,2.0,0.0,5.0,0.286,1.0,0.071,0.0,0.071,2.0,1.0,1.0,0.5,14.0,0.5,1.0,0.2,7.0,4.0,3.0,2.0,45.0,1.8,0.667,1.0,2.38,0.0,0.0,33.0,0.311,1.62,2.0,3.1,8.0,3.1,2.0,0.0,0.333,0.0,0.0,0.0,0.5,12.0,0.0,0.0,2.0,0.0,2.0,0.0,0.5,0.333,4.0,0.5,0.5,0.0,0.0,0.0,0.071,0.0,0.0,0.0,0.0,1.0,0.0,0.071,0.0,1.0,,7.0,0.5,0.0,0.429,0.0,3.0,0.5,7.0,0.429,,3.0,0.429,0.0,3.0,2.0,0.5,1.0,0.214,1.0,0.0,0.0,0.143,0.071,1.0,0.333,0.5,0.214,0.0,0.0,0.0,3.0,0.214,,0.0,0.0,0.0,3.0,0.0,0.0,2.0,1.0,4.0,0.667,0.667,0.0,0.0,3.0,0.0,0.0,2.0,0.0,0.321,0.2,0.0,3.0,2.0,0.0,0.0,0.0,0.0,0.6,5.0,4.0,0.25,1.0,0.0,0.0,0.0,3.0,0.0,0.0,0.0,1.0,0.0,1.0,0.0,0.0,0.0,4.0,0.0,389.0,236.0,0.369,0.607,0.611,-0.004,0.0,0.333,,0.2,,,0.0,3.0,1.0,1.0,0.0,0.333,,0.0,0.0,1.0,1.0,2.0,5.0,3.0,0.0,,,0.0,0.0,1.0,1.0,4.0,0.0,3.0,0.0,0.0,0.0,2017,21601148,20170402.0,2016-17,False,1.0,6.0,12.0,0.5,0.45,0.05,1.0,5.0,0.2,0.367,5.0,7.0,0.714,0.515,1.0,2.0,0.5,0.5,2.0,6.0,0.333,0.37,0.0,0.0,0.0,0.0,0.0,0.0,0.0,0.0,0.0,0.0,0.0,0.0,0.0,0.0,10.0,6.0,4.0,1.0,0.0,3.0,6.0,0.0,0.0,1.0,0.0,0.0,0.0,0.0,0.0,0.0,0.0,0.0,0.0,0.0,0.0
200794,Paul Millsap,1610612737,ATL,32.0,38.27666666666666,5,16,0.313,2,7,0.286,7,8,0.875,2,6,8,7,0,2,2,2,2,4,19,-8,0.107,109.7,127.4,0.126,0.176,0.0,77,0.049,0.487,79.42,111.7,95.41,0.0,0.269,95.31,125.3,25.9,-13.6,-17.6,0.229,0.375,0.235,0.0,8.0,1.0,0.157,20.0,51.0,0.137,0.0,45.0,8.0,0.0,3.0,0.333,0.0,0.222,0.0,0.0,4.0,3.0,0.0,0.444,9.0,0.75,2.0,0.0,4.0,3.0,2.0,3.0,72.0,2.7,0.0,1.333,2.27,0.556,9.0,49.0,0.264,0.97,1.0,8.6,10.0,4.6,6.0,1.0,0.444,1.0,0.0,0.25,0.667,18.0,0.0,2.0,8.0,0.0,1.0,0.25,0.167,0.471,8.0,0.6,0.125,22.4,0.5,0.0,0.143,0.0,0.0,1.0,1.0,2.0,0.5,0.143,0.5,2.0,,4.0,0.286,0.0,0.25,0.0,1.0,0.286,4.0,0.25,,1.0,0.25,0.0,6.0,5.0,0.5,2.0,0.429,2.0,0.0,0.0,0.357,0.071,1.0,0.333,0.4,0.143,0.0,1.0,0.071,1.0,0.071,1.0,0.0,0.5,1.0,2.0,0.5,1.0,0.0,0.0,0.0,0.0,0.0,,0.0,1.0,5.0,0.0,0.0,0.0,0.375,0.375,0.667,8.0,4.0,0.0,0.0,1.0,0.0,0.0,5.0,5.0,0.4,1.0,0.0,0.0,0.0,0.0,2.0,0.0,1.0,2.0,0.0,2.0,0.0,1.0,1.0,3.0,0.667,249.0,147.0,0.384,0.59,0.612,-0.022,0.0,1.0,,0.667,,,0.0,1.0,0.0,2.0,0.0,0.0,,0.0,0.0,1.0,0.0,7.0,3.0,3.0,0.286,,,2.0,0.0,0.0,2.0,7.0,0.333,6.0,2.0,0.571,3.0,2017,21600667,20170123.0,2016-17,False,1.0,12.0,19.0,0.632,0.443,0.189,6.0,8.0,0.75,0.367,6.0,11.0,0.545,0.483,4.0,7.0,0.571,0.538,8.0,11.0,0.727,0.379,0.0,2.0,5.0,6.0,0.833,0.556,3.0,0.333,1.0,0.111,0.0,0.0,3.0,0.333,20.0,13.0,7.0,3.0,0.0,2.0,4.0,0.0,0.0,0.0,0.0,0.0,0.0,0.0,0.0,0.0,0.0,0.0,0.0,0.0,0.0
200794,Paul Millsap,1610612737,ATL,32.0,35.833333333333336,9,14,0.643,1,2,0.5,3,6,0.5,2,8,10,1,3,1,2,0,1,4,22,21,0.132,107.8,84.7,0.168,0.216,14.3,80,0.051,0.661,88.74,107.5,104.83,0.33,0.038,106.49,82.3,4.8,25.2,23.0,0.221,0.679,0.225,14.5,4.0,0.0,0.027,2.0,37.0,0.027,0.0,37.0,1.0,1.0,2.0,0.0,0.0,0.167,0.167,0.0,2.0,0.0,0.0,0.333,6.0,0.0,1.0,0.0,2.0,0.0,3.0,7.0,57.0,2.4,0.0,0.714,2.5,1.5,2.0,38.0,0.386,1.04,5.0,4.8,10.0,3.4,4.0,1.0,0.667,2.0,0.5,0.4,0.889,15.0,1.0,1.0,5.0,1.0,4.0,0.5,0.5,0.769,5.0,0.8,0.5,10.5,,,,,,,,,,,,,,5.0,0.357,0.0,0.4,0.0,2.0,0.357,5.0,0.4,,2.0,0.4,0.0,6.0,1.0,0.917,1.0,0.429,5.0,4.0,0.8,0.071,0.357,5.0,0.833,1.0,0.214,0.0,2.0,0.143,1.0,0.071,1.0,0.0,0.667,2.0,3.0,0.667,2.0,4.0,0.0,8.0,1.0,1.0,,0.0,4.0,3.0,0.0,0.0,1.0,0.679,0.5,0.667,5.0,5.0,0.0,0.0,0.8,0.0,0.667,3.0,2.0,0.5,0.0,0.0,0.0,0.0,2.0,2.0,0.0,0.0,1.0,0.0,0.0,0.0,5.0,4.0,4.0,0.5,243.0,143.0,0.386,0.588,0.612,-0.024,4.0,1.0,,0.5,,,0.0,1.0,1.0,2.0,0.0,0.0,,0.0,0.75,1.0,0.0,1.0,4.0,1.0,0.0,,,0.0,3.0,3.0,3.0,4.0,0.5,2.0,1.0,0.625,2.0,2017,21600653,20170121.0,2016-17,False,1.0,5.0,14.0,0.357,0.414,-0.057,3.0,5.0,0.6,0.354,2.0,9.0,0.222,0.474,1.0,8.0,0.125,0.507,4.0,6.0,0.667,0.374,1.0,1.0,1.0,2.0,0.5,1.5,0.0,0.0,0.0,0.0,0.0,0.0,1.0,0.5,11.0,7.0,4.0,2.0,0.0,2.0,4.0,0.0,0.0,2.0,0.0,0.0,0.0,0.0,0.0,0.0,0.0,0.0,0.0,0.0,0.0
200794,Paul Millsap,1610612737,ATL,32.0,29.65,3,12,0.25,1,4,0.25,1,2,0.5,1,1,2,1,2,2,0,0,3,2,8,-14,0.032,80.0,106.0,-0.026,0.037,12.5,61,0.028,0.311,82.97,82.0,99.5,0.5,0.059,99.56,103.2,6.3,-21.3,-26.0,0.208,0.292,0.205,12.6,5.0,0.0,0.034,3.0,29.0,0.034,0.0,37.0,1.0,1.0,2.0,0.167,0.0,0.167,0.167,0.0,2.0,1.0,0.0,0.333,6.0,0.5,1.0,0.0,2.0,1.0,2.0,1.0,46.0,1.7,0.0,2.0,2.27,0.4,5.0,40.0,0.174,1.26,1.0,8.0,3.0,11.7,1.0,1.0,0.25,1.0,1.0,0.2,0.5,8.0,1.0,0.0,1.0,0.0,0.0,0.2,0.0,0.286,5.0,0.333,0.5,4.3,,,,,,,,,,,,,,7.0,0.583,0.0,0.286,0.0,2.0,0.583,7.0,0.286,,2.0,0.286,0.0,2.0,1.0,0.0,0.0,0.167,0.0,0.0,0.0,0.083,0.083,1.0,0.0,0.0,0.25,1.0,0.0,0.0,3.0,0.25,,0.333,0.5,0.0,3.0,0.333,1.0,0.0,0.0,0.0,0.0,0.0,,0.0,3.0,2.0,0.0,0.0,0.333,0.292,0.2,1.0,3.0,2.0,0.0,0.0,0.0,0.0,0.2,5.0,4.0,0.25,0.0,0.0,0.0,0.0,1.0,1.0,0.0,0.0,1.0,0.0,0.0,0.0,2.0,0.0,1.0,1.0,308.0,183.0,0.367,0.594,0.612,-0.018,0.0,0.25,0.0,1.0,,0.0,0.0,4.0,0.0,1.0,0.0,0.25,0.0,0.0,0.0,1.0,1.0,1.0,1.0,4.0,0.0,,,0.0,0.0,0.0,2.0,5.0,0.25,4.0,1.0,0.3,1.0,2017,21600846,20170215.0,2016-17,False,1.0,9.0,16.0,0.563,0.5,0.062,2.0,5.0,0.4,0.371,7.0,11.0,0.636,0.533,5.0,6.0,0.833,0.596,4.0,9.0,0.444,0.402,1.0,3.0,0.0,0.0,0.0,0.4,2.0,0.4,0.0,0.0,0.0,0.0,0.0,0.0,11.0,7.0,4.0,4.0,0.0,2.0,5.0,0.0,0.0,1.0,0.0,0.0,0.0,0.0,0.0,0.0,0.0,0.0,0.0,0.0,0.0
200794,Paul Millsap,1610612737,ATL,32.0,39.48333333333333,6,16,0.375,2,4,0.5,6,6,1.0,4,6,10,4,2,0,1,0,3,4,20,-9,0.13,118.1,127.6,0.094,0.154,8.0,85,0.105,0.536,86.11,114.1,100.39,2.0,0.143,103.33,124.7,16.0,-10.6,-9.5,0.217,0.438,0.214,8.1,7.0,1.0,0.104,10.0,48.0,0.083,0.0,52.0,5.0,0.0,3.0,0.5,1.0,0.0,0.0,0.0,0.0,0.0,0.0,0.25,4.0,0.0,0.0,0.333,1.0,2.0,6.0,8.0,71.0,2.8,0.0,0.25,2.33,0.5,12.0,52.0,0.282,1.42,1.0,6.6,11.0,4.4,6.0,0.0,0.5,0.0,0.25,0.444,0.545,20.0,1.0,3.0,9.0,0.0,0.0,0.444,0.0,0.5,9.0,0.545,0.1,9.8,0.2,0.0,0.313,0.0,0.0,1.0,1.0,5.0,0.2,0.313,0.2,5.0,,5.0,0.313,1.0,0.6,0.063,4.0,0.375,6.0,0.75,1.0,3.0,0.667,1.0,4.0,2.0,0.375,1.0,0.25,1.0,0.0,0.0,0.125,0.125,2.0,0.25,0.5,0.063,0.0,0.0,0.0,1.0,0.063,,0.0,0.0,0.0,1.0,0.0,0.0,2.0,1.0,5.0,0.833,0.667,1.0,1.0,3.0,6.0,0.0,0.0,0.5,0.438,0.25,0.0,3.0,2.0,0.0,0.0,0.5,0.0,0.25,4.0,4.0,0.5,0.0,0.0,0.0,0.0,1.0,1.0,0.0,0.0,2.0,0.0,0.0,0.0,4.0,2.0,4.0,0.25,346.0,208.0,0.364,0.601,0.613,-0.011,1.0,0.667,,0.167,,,0.0,3.0,0.5,1.0,0.0,0.333,,0.0,1.0,2.0,1.0,1.0,6.0,3.0,0.0,,,0.0,1.0,1.0,2.0,4.0,0.333,3.0,1.0,0.375,1.0,2017,21600937,20170306.0,2016-17,False,1.0,9.0,20.0,0.45,0.447,0.003,5.0,12.0,0.417,0.342,4.0,8.0,0.5,0.533,2.0,5.0,0.4,0.584,7.0,15.0,0.467,0.355,2.0,4.0,2.0,2.0,1.0,0.5,5.0,0.417,0.0,0.0,1.0,0.083,1.0,0.083,15.0,6.0,9.0,0.0,0.0,5.0,12.0,0.0,0.0,3.0,0.0,0.0,0.0,0.0,0.0,0.0,0.0,0.0,0.0,0.0,0.0
200794,Paul Millsap,1610612737,ATL,32.0,38.3,8,11,0.727,1,3,0.333,4,4,1.0,0,8,8,3,2,2,1,1,3,5,21,-3,0.105,103.8,104.1,0.174,0.178,11.1,81,0.0,0.823,84.07,102.5,101.89,1.5,0.167,100.89,107.5,16.7,-5.0,-0.4,0.178,0.773,0.176,11.3,10.0,1.0,0.088,10.0,57.0,0.053,1.0,54.0,5.0,2.0,2.0,0.25,1.0,0.0,0.25,0.125,0.0,0.0,1.0,0.375,8.0,0.0,0.0,0.5,3.0,2.0,3.0,5.0,75.0,2.6,0.0,0.4,2.04,1.25,8.0,52.0,0.28,1.07,0.0,5.4,15.0,5.4,8.0,1.0,0.4,1.0,0.0,0.0,0.571,20.0,0.0,0.0,8.0,0.0,0.0,0.0,0.0,0.421,5.0,0.533,0.0,0.0,,,,,,,,,,,,,,5.0,0.5,0.0,1.0,0.0,5.0,0.5,5.0,1.0,,5.0,1.0,0.0,2.0,0.0,1.0,0.0,0.2,2.0,2.0,1.0,0.0,0.2,2.0,1.0,,0.3,1.0,0.0,0.0,3.0,0.3,,0.333,0.5,0.0,3.0,0.333,1.0,2.0,0.0,4.0,1.0,1.0,,0.0,2.0,10.0,0.0,0.0,1.0,0.773,0.5,1.0,5.0,2.0,0.0,0.0,1.0,0.0,1.0,1.0,3.0,0.333,0.0,0.0,0.0,0.0,1.0,3.0,0.0,0.0,1.0,0.0,0.0,0.0,3.0,3.0,4.0,0.75,65.0,36.0,0.404,0.554,0.599,-0.045,2.0,0.0,,0.75,0.0,,0.0,1.0,1.0,3.0,0.0,1.0,,0.0,1.0,0.0,1.0,2.0,4.0,1.0,0.5,0.0,0.0,1.0,2.0,1.0,1.0,4.0,0.333,3.0,1.0,0.625,2.0,2017,21600163,20161116.0,2016-17,False,1.0,7.0,14.0,0.5,0.501,-0.001,0.0,2.0,0.0,0.39,7.0,12.0,0.583,0.544,5.0,8.0,0.625,0.619,2.0,6.0,0.333,0.367,3.0,3.0,4.0,4.0,1.0,1.25,3.0,0.375,0.0,0.0,0.0,0.0,2.0,0.25,14.0,13.0,1.0,3.0,0.0,3.0,6.0,0.0,0.0,1.0,0.0,0.0,0.0,0.0,0.0,0.0,0.0,0.0,0.0,0.0,0.0
200794,Paul Millsap,1610612737,ATL,32.0,38.96666666666667,8,14,0.571,1,4,0.25,7,11,0.636,0,5,5,4,2,3,0,0,3,9,24,-3,0.064,95.2,99.6,0.163,0.135,8.0,83,0.0,0.637,85.2,96.4,103.05,2.0,0.2,102.24,100.0,16.0,-3.6,-4.4,0.232,0.607,0.231,8.1,12.0,0.0,0.075,10.0,53.0,0.075,0.0,67.0,4.0,0.0,2.0,1.167,2.0,0.333,0.0,0.167,4.0,3.0,1.0,0.167,6.0,0.75,2.0,1.0,1.0,7.0,8.0,8.0,81.0,2.8,0.25,0.375,2.05,0.222,9.0,65.0,0.296,0.91,3.0,5.0,11.0,5.0,2.0,1.0,0.357,1.0,0.0,0.0,0.5,14.0,0.0,0.0,2.0,0.0,3.0,0.0,0.6,0.385,3.0,0.455,0.6,0.0,0.5,0.0,0.143,0.071,1.0,1.0,1.0,3.0,0.333,0.214,0.333,2.0,0.0,6.0,0.429,0.0,0.667,0.0,4.0,0.429,6.0,0.667,,4.0,0.667,0.0,2.0,1.0,0.5,0.0,0.143,1.0,1.0,1.0,0.071,0.071,1.0,0.5,0.0,0.214,1.0,1.0,0.071,2.0,0.143,1.0,0.5,0.833,1.0,3.0,0.667,2.0,0.0,0.0,0.0,0.0,0.0,,0.0,1.0,2.0,0.0,2.0,0.0,0.607,0.5,1.0,7.0,3.0,0.0,0.0,1.0,0.0,0.667,3.0,3.0,0.333,1.0,0.0,0.0,0.0,2.0,4.0,0.0,0.0,1.0,0.0,1.0,0.0,1.0,1.0,6.0,0.667,105.0,57.0,0.378,0.543,0.613,-0.07,1.0,0.5,,0.667,0.0,,0.0,2.0,0.0,4.0,0.0,1.0,,0.0,1.0,1.0,2.0,2.0,6.0,2.0,0.0,0.0,0.0,0.0,1.0,0.0,1.0,5.0,0.333,3.0,1.0,0.7,3.0,2017,21600307,20161205.0,2016-17,False,1.0,5.0,11.0,0.455,0.471,-0.017,0.0,2.0,0.0,0.336,5.0,9.0,0.556,0.523,4.0,8.0,0.5,0.579,1.0,3.0,0.333,0.361,0.0,1.0,2.0,2.0,1.0,0.222,5.0,0.556,1.0,0.111,0.0,0.0,1.0,0.111,11.0,9.0,2.0,4.0,0.0,3.0,6.0,0.0,0.0,0.0,0.0,0.0,0.0,0.0,0.0,0.0,0.0,0.0,0.0,0.0,0.0
200794,Paul Millsap,1610612737,ATL,32.0,33.18333333333333,5,12,0.417,1,3,0.333,5,7,0.714,2,9,11,6,1,1,1,0,2,4,16,16,0.162,122.8,91.3,0.171,0.209,4.5,65,0.08,0.531,78.96,118.5,93.7,6.0,0.261,94.75,92.4,27.3,26.0,31.5,0.237,0.458,0.229,4.5,9.0,0.0,0.135,15.0,52.0,0.115,1.0,45.0,7.0,0.0,4.0,0.714,2.0,0.0,0.0,0.0,0.0,0.0,0.0,0.429,7.0,0.0,0.0,0.5,3.0,5.0,9.0,5.0,69.0,2.6,0.444,0.6,2.26,0.667,6.0,47.0,0.232,1.19,4.0,4.6,17.0,4.9,7.0,3.0,0.524,3.0,1.0,0.5,0.643,21.0,2.0,0.0,7.0,0.0,2.0,0.5,0.222,0.611,4.0,0.529,0.364,3.1,,,,,,,,,,,,,,6.0,0.5,0.0,0.5,0.0,3.0,0.5,6.0,0.5,,3.0,0.5,0.0,5.0,3.0,0.3,1.0,0.417,1.0,0.0,0.0,0.25,0.167,2.0,0.2,0.333,0.083,0.0,1.0,0.083,0.0,0.0,1.0,,1.0,1.0,1.0,1.0,1.0,0.0,1.0,0.0,0.0,0.0,0.0,0.0,3.0,4.0,0.667,4.0,0.5,0.458,0.5,1.0,5.0,3.0,0.0,0.0,0.5,0.0,0.2,5.0,1.0,1.0,1.0,0.0,0.0,0.0,1.0,2.0,0.0,1.0,1.0,0.0,2.0,0.0,2.0,1.0,2.0,1.0,379.0,231.0,0.375,0.609,0.611,-0.001,0.0,1.0,,0.667,,,0.0,1.0,0.5,2.0,0.0,0.0,,0.0,0.0,1.0,0.0,2.0,3.0,2.0,0.0,,,0.0,0.0,2.0,4.0,4.0,0.5,2.0,1.0,0.625,2.0,2017,21600981,20170311.0,2016-17,False,1.0,13.0,24.0,0.542,0.47,0.071,1.0,6.0,0.167,0.365,12.0,18.0,0.667,0.505,12.0,16.0,0.75,0.556,1.0,8.0,0.125,0.384,1.0,2.0,2.0,2.0,1.0,0.667,2.0,0.333,1.0,0.167,0.0,0.0,1.0,0.167,24.0,19.0,5.0,3.0,0.0,2.0,4.0,0.0,0.0,2.0,0.0,0.0,0.0,0.0,0.0,0.0,0.0,0.0,0.0,0.0,0.0
200794,Paul Millsap,1610612737,ATL,32.0,29.45,8,15,0.533,1,3,0.333,9,12,0.75,4,8,12,4,3,2,0,0,2,7,26,8,0.176,106.0,96.4,0.251,0.211,10.7,71,0.133,0.641,96.43,107.0,115.92,1.33,0.211,115.72,95.8,14.3,11.3,9.7,0.292,0.567,0.296,11.0,6.0,0.0,0.125,10.0,32.0,0.125,0.0,30.0,4.0,1.0,2.0,0.625,1.0,0.25,0.125,0.25,4.0,3.0,2.0,0.125,8.0,0.75,2.0,0.5,1.0,5.0,4.0,4.0,57.0,2.2,0.0,1.0,2.36,0.667,9.0,35.0,0.456,1.33,6.0,6.0,16.0,6.2,4.0,3.0,0.522,3.0,0.5,0.571,0.615,23.0,2.0,2.0,6.0,0.0,4.0,0.571,0.5,0.6,7.0,0.5,0.5,5.7,0.5,0.0,0.133,0.0,0.0,1.0,1.0,2.0,0.5,0.133,0.5,2.0,,7.0,0.467,0.0,0.429,0.0,3.0,0.467,7.0,0.429,,3.0,0.429,0.0,4.0,1.0,1.125,1.0,0.267,4.0,3.0,1.0,0.067,0.2,3.0,1.0,1.0,0.133,0.0,0.0,0.0,2.0,0.133,,0.0,0.0,0.0,2.0,0.0,0.0,4.0,0.0,8.0,0.667,0.667,,0.0,6.0,6.0,0.0,0.0,0.5,0.567,0.25,1.0,3.0,4.0,1.0,0.0,0.571,1.0,0.5,2.0,2.0,0.0,0.0,1.0,0.0,0.0,1.0,2.0,1.0,1.0,0.0,0.0,1.0,0.0,7.0,4.0,3.0,0.667,397.0,241.0,0.371,0.607,0.61,-0.003,5.0,0.0,0.0,0.667,0.0,0.0,0.0,2.0,1.0,2.0,0.0,0.0,0.0,0.0,0.4,0.0,0.0,1.0,3.0,1.0,1.0,0.0,0.0,1.0,2.0,3.0,3.0,3.0,0.333,3.0,1.0,0.5,1.0,2017,21601177,20170406.0,2016-17,False,1.0,9.0,16.0,0.563,0.453,0.11,3.0,7.0,0.429,0.366,6.0,9.0,0.667,0.519,6.0,9.0,0.667,0.557,3.0,7.0,0.429,0.371,3.0,6.0,0.0,0.0,0.0,0.667,1.0,0.111,0.0,0.0,1.0,0.111,0.0,0.0,9.0,4.0,5.0,5.0,0.0,3.0,6.0,0.0,0.0,3.0,0.0,0.0,0.0,0.0,0.0,0.0,0.0,0.0,0.0,0.0,0.0
200794,Paul Millsap,1610612737,ATL,32.0,32.63333333333333,5,14,0.357,1,3,0.333,5,10,0.5,1,6,7,2,3,4,0,0,3,7,16,-15,0.1,74.9,96.1,0.1,0.194,12.5,72,0.026,0.435,90.09,77.8,109.35,0.67,0.125,108.11,94.7,8.3,-16.9,-21.2,0.272,0.393,0.275,12.8,7.0,1.0,0.067,6.0,45.0,0.044,0.0,46.0,3.0,0.0,0.0,0.333,0.0,0.333,0.0,0.0,2.0,1.0,0.0,0.667,3.0,0.5,1.0,0.0,2.0,1.0,9.0,7.0,73.0,2.7,0.222,0.429,2.24,0.556,9.0,47.0,0.219,1.07,3.0,3.5,9.0,3.0,4.0,1.0,0.438,1.0,1.0,0.143,0.75,16.0,1.0,0.0,4.0,0.0,2.0,0.143,0.333,0.467,7.0,0.667,0.429,6.6,0.0,0.0,0.071,0.0,0.0,0.0,0.0,1.0,0.0,0.071,0.0,1.0,,4.0,0.286,0.0,0.25,0.0,1.0,0.286,4.0,0.25,,1.0,0.25,0.0,7.0,1.0,0.429,0.0,0.5,3.0,3.0,0.5,0.071,0.429,6.0,0.429,0.0,0.143,1.0,0.0,0.0,2.0,0.143,,0.5,0.75,0.0,2.0,0.5,1.0,1.0,0.0,2.0,0.5,0.5,,0.0,2.0,5.0,0.5,2.0,0.4,0.393,0.2,0.5,3.0,3.0,0.0,0.0,0.167,0.0,0.0,0.0,3.0,0.333,0.0,0.0,0.0,0.0,0.0,3.0,0.0,0.0,1.0,0.0,0.0,0.0,6.0,1.0,5.0,0.6,25.0,16.0,0.352,0.64,0.61,0.03,2.0,0.333,,0.6,0.0,,0.0,3.0,0.25,3.0,0.0,0.0,,0.0,0.0,1.0,0.0,0.0,5.0,0.0,0.0,0.0,0.0,0.0,0.0,1.0,4.0,5.0,0.333,3.0,1.0,0.3,1.0,2017,21600070,20161104.0,2016-17,False,1.0,6.0,16.0,0.375,0.474,-0.099,2.0,5.0,0.4,0.344,4.0,11.0,0.364,0.525,2.0,7.0,0.286,0.561,4.0,8.0,0.5,0.4,2.0,5.0,1.0,2.0,0.5,0.556,2.0,0.222,0.0,0.0,1.0,0.111,1.0,0.111,13.0,9.0,4.0,5.0,0.0,2.0,4.0,0.0,0.0,2.0,0.0,0.0,0.0,0.0,0.0,0.0,0.0,0.0,0.0,0.0,0.0
200794,Paul Millsap,1610612737,ATL,32.0,30.416666666666668,4,11,0.364,1,4,0.25,0,0,0.0,1,4,5,3,2,0,0,0,2,0,9,-15,0.079,100.2,123.8,0.043,0.129,12.5,60,0.031,0.409,78.9,100.0,95.06,1.5,0.143,94.68,125.0,18.8,-25.0,-23.6,0.204,0.409,0.197,12.5,6.0,0.0,0.105,6.0,38.0,0.079,1.0,38.0,4.0,1.0,1.0,0.0,0.0,0.0,0.333,0.0,0.0,0.0,0.0,0.333,3.0,0.0,0.0,0.0,1.0,0.0,5.0,5.0,51.0,1.6,0.0,0.4,1.83,0.0,5.0,36.0,0.176,0.98,0.0,6.6,9.0,5.9,4.0,0.0,0.385,0.0,0.0,0.25,0.444,13.0,0.0,1.0,5.0,0.0,0.0,0.25,0.0,0.385,4.0,0.444,0.0,9.5,0.0,0.0,0.091,0.0,0.0,0.0,0.0,1.0,0.0,0.091,0.0,1.0,,4.0,0.364,0.0,0.5,0.0,2.0,0.364,4.0,0.5,,2.0,0.5,0.0,3.0,2.0,0.833,1.0,0.273,2.0,1.0,1.0,0.182,0.091,1.0,0.667,0.5,0.273,0.0,0.0,0.091,2.0,0.182,0.0,0.0,0.0,1.0,3.0,0.0,0.0,0.0,0.0,0.0,0.0,0.0,,0.0,2.0,0.0,0.0,0.0,0.0,0.409,0.25,0.5,3.0,2.0,1.0,0.0,0.0,1.0,0.25,4.0,3.0,0.0,0.0,1.0,0.0,0.0,1.0,2.0,1.0,1.0,0.0,0.0,1.0,0.0,1.0,0.0,2.0,1.0,89.0,49.0,0.355,0.551,0.605,-0.054,0.0,0.0,,1.0,,,0.0,3.0,0.0,3.0,0.0,0.0,,0.0,0.0,0.0,0.0,1.0,3.0,2.0,1.0,,,1.0,0.0,0.0,2.0,4.0,0.25,4.0,1.0,0.375,1.0,2017,21600252,20161127.0,2016-17,False,1.0,8.0,14.0,0.571,0.493,0.078,1.0,2.0,0.5,0.341,7.0,12.0,0.583,0.519,3.0,7.0,0.429,0.573,2.0,4.0,0.5,0.355,0.0,3.0,0.0,0.0,0.0,0.0,1.0,0.2,1.0,0.2,0.0,0.0,0.0,0.0,15.0,13.0,2.0,2.0,0.0,3.0,8.0,0.0,0.0,0.0,0.0,0.0,0.0,0.0,0.0,0.0,0.0,0.0,0.0,0.0,0.0
200794,Paul Millsap,1610612737,ATL,32.0,30.15,6,12,0.5,2,4,0.5,2,5,0.4,0,6,6,4,5,4,0,1,2,3,16,12,0.095,103.1,84.7,0.131,0.167,21.7,61,0.0,0.563,81.59,108.2,101.73,0.8,0.211,97.91,87.1,17.4,21.1,18.4,0.286,0.583,0.284,21.6,5.0,0.0,0.086,6.0,35.0,0.114,0.0,37.0,3.0,2.0,3.0,1.0,2.0,0.167,0.333,0.0,2.0,2.0,0.0,0.0,6.0,1.0,1.0,0.667,0.0,6.0,5.0,3.0,54.0,1.8,0.0,0.667,1.95,0.8,5.0,37.0,0.296,0.85,2.0,6.2,8.0,6.2,4.0,0.0,0.6,0.0,0.0,0.0,0.75,10.0,0.0,0.0,4.0,0.0,2.0,0.0,0.333,0.6,2.0,0.75,0.333,0.0,0.0,0.0,0.091,0.0,0.0,0.0,0.0,1.0,0.0,0.091,0.0,1.0,,2.0,0.182,0.0,1.0,0.0,2.0,0.182,2.0,1.0,,2.0,1.0,0.0,5.0,1.0,0.7,1.0,0.455,3.0,2.0,0.5,0.091,0.364,4.0,0.6,1.0,0.273,1.0,0.0,0.0,3.0,0.273,,0.333,0.5,0.0,3.0,0.333,1.0,2.0,0.0,4.0,0.667,0.667,,0.0,3.0,4.0,0.0,0.0,0.667,0.583,0.4,0.5,6.0,2.0,0.0,,0.5,0.0,0.667,3.0,4.0,0.5,0.0,0.0,0.0,0.0,2.0,1.0,0.0,0.0,2.0,,0.0,,2.0,1.0,3.0,0.333,181.0,107.0,0.366,0.591,0.615,-0.024,0.0,0.5,0.0,0.333,,0.0,0.0,4.0,0.5,1.0,0.0,0.667,0.0,0.0,0.0,2.0,2.0,0.0,3.0,3.0,0.0,,,0.0,0.0,1.0,2.0,5.0,0.5,4.0,2.0,0.6,2.0,2017,21600530,20170104.0,2016-17,False,1.0,5.0,15.0,0.333,0.462,-0.128,2.0,7.0,0.286,0.356,3.0,8.0,0.375,0.51,3.0,7.0,0.429,0.564,2.0,7.0,0.286,0.379,2.0,3.0,0.0,2.0,0.0,0.8,1.0,0.2,0.0,0.0,0.0,0.0,1.0,0.2,10.0,5.0,5.0,3.0,0.0,3.0,6.0,0.0,0.0,0.0,0.0,0.0,0.0,0.0,0.0,0.0,0.0,0.0,0.0,0.0,0.0
200794,Paul Millsap,1610612737,ATL,32.0,24.066666666666663,4,12,0.333,0,3,0.0,1,1,1.0,2,5,7,2,1,2,0,1,1,3,9,-15,0.137,89.3,113.7,0.089,0.208,6.7,51,0.074,0.362,84.76,90.2,104.87,2.0,0.143,101.72,119.6,13.3,-29.4,-24.4,0.242,0.333,0.236,6.5,6.0,0.0,0.051,4.0,39.0,0.051,0.0,36.0,2.0,0.0,1.0,0.0,0.0,0.0,0.0,0.0,0.0,0.0,0.0,0.0,1.0,0.0,0.0,0.0,0.0,0.0,1.0,6.0,54.0,1.8,0.0,0.0,1.96,0.5,8.0,35.0,0.167,0.94,3.0,5.5,9.0,5.5,4.0,1.0,0.467,1.0,1.0,0.333,0.625,15.0,2.0,0.0,4.0,0.0,1.0,0.333,0.2,0.5,6.0,0.556,0.429,5.4,0.5,0.0,0.182,0.0,0.0,1.0,1.0,2.0,0.5,0.182,0.5,2.0,,5.0,0.455,0.0,0.6,0.0,3.0,0.455,5.0,0.6,,3.0,0.6,0.0,3.0,2.0,0.0,0.0,0.273,0.0,0.0,0.0,0.182,0.091,1.0,0.0,0.0,0.091,0.0,0.0,0.0,1.0,0.091,,0.0,0.0,0.0,1.0,0.0,0.0,2.0,0.0,4.0,0.667,0.667,,0.0,3.0,4.0,0.0,0.0,0.4,0.333,0.0,0.0,0.0,0.0,0.0,,0.75,0.0,0.0,2.0,3.0,0.0,0.0,0.0,0.0,0.0,0.0,1.0,0.0,0.0,0.0,,0.0,,4.0,3.0,3.0,0.333,267.0,160.0,0.367,0.599,0.612,-0.013,2.0,0.0,,0.333,,,,0.0,0.5,1.0,,0.0,,,0.5,0.0,0.0,3.0,3.0,0.0,0.0,,,0.0,1.0,2.0,4.0,3.0,0.0,3.0,0.0,0.0,0.0,2017,21600734,20170201.0,2016-17,False,1.0,6.0,11.0,0.545,0.463,0.083,1.0,4.0,0.25,0.375,5.0,7.0,0.714,0.485,4.0,5.0,0.8,0.543,1.0,4.0,0.25,0.384,2.0,5.0,0.0,0.0,0.0,0.5,2.0,0.25,1.0,0.125,0.0,0.0,0.0,0.0,6.0,2.0,4.0,2.0,0.0,1.0,2.0,0.0,0.0,2.0,0.0,0.0,0.0,0.0,0.0,0.0,0.0,0.0,0.0,0.0,0.0
200794,Paul Millsap,1610612737,ATL,32.0,39.56666666666667,8,15,0.533,1,3,0.333,6,7,0.857,3,2,5,6,3,1,1,1,1,4,23,-10,0.064,106.4,120.5,0.144,0.057,11.1,77,0.07,0.636,77.34,106.5,93.05,2.0,0.286,92.81,121.1,22.2,-14.6,-14.0,0.245,0.567,0.239,11.1,12.0,0.0,0.163,19.0,43.0,0.14,0.0,51.0,7.0,1.0,7.0,1.0,4.0,0.167,0.083,0.083,4.0,4.0,1.0,0.083,12.0,1.0,2.0,0.571,1.0,12.0,4.0,4.0,65.0,2.6,0.5,0.0,2.39,0.714,7.0,52.0,0.354,1.09,1.0,7.4,14.0,5.5,2.0,1.0,0.238,1.0,0.333,0.429,0.154,21.0,1.0,2.0,4.0,0.0,0.0,0.429,0.0,0.25,7.0,0.143,0.2,8.6,1.0,0.0,0.071,0.0,0.0,1.0,1.0,1.0,1.0,0.071,1.0,1.0,,5.0,0.357,0.0,0.6,0.0,3.0,0.357,5.0,0.6,,3.0,0.6,0.0,6.0,1.0,0.5,0.0,0.429,3.0,3.0,0.6,0.071,0.357,5.0,0.5,0.0,0.143,1.0,0.0,0.0,2.0,0.143,,0.5,0.75,0.0,2.0,0.5,1.0,5.0,0.0,10.0,0.833,0.833,,0.0,6.0,5.0,0.5,2.0,1.0,0.567,0.25,0.0,3.0,0.0,0.0,0.0,0.5,0.0,0.8,5.0,2.0,0.5,1.0,0.0,0.0,0.0,4.0,1.0,0.0,0.0,1.0,0.0,1.0,0.0,4.0,2.0,3.0,0.333,205.0,122.0,0.367,0.595,0.616,-0.021,2.0,0.0,,0.333,,,0.0,0.0,1.0,1.0,0.0,0.5,,0.0,0.0,0.0,1.0,3.0,3.0,2.0,0.333,,,1.0,0.0,5.0,5.0,4.0,0.333,3.0,1.0,0.375,1.0,2017,21600597,20170113.0,2016-17,False,1.0,5.0,12.0,0.417,0.476,-0.06,3.0,6.0,0.5,0.362,2.0,6.0,0.333,0.524,2.0,5.0,0.4,0.596,3.0,6.0,0.5,0.375,2.0,2.0,0.0,0.0,0.0,0.714,4.0,0.571,0.0,0.0,1.0,0.143,0.0,0.0,9.0,4.0,5.0,2.0,0.0,3.0,8.0,0.0,0.0,0.0,0.0,0.0,0.0,0.0,0.0,0.0,0.0,0.0,0.0,0.0,0.0
200794,Paul Millsap,1610612737,ATL,32.0,33.21666666666667,8,13,0.615,1,2,0.5,5,6,0.833,4,9,13,1,2,0,1,0,3,4,22,-3,0.167,85.6,89.5,0.221,0.22,10.5,70,0.108,0.703,86.1,87.1,103.15,0.5,0.063,103.32,87.7,5.3,-0.5,-4.0,0.228,0.654,0.231,10.7,11.0,0.0,0.024,2.0,41.0,0.024,0.0,39.0,1.0,1.0,2.0,0.5,1.0,0.2,0.1,0.0,4.0,3.0,0.0,0.4,10.0,0.75,2.0,0.5,4.0,5.0,3.0,3.0,62.0,2.6,0.667,0.667,2.48,1.2,5.0,42.0,0.355,1.47,6.0,6.9,13.0,5.2,6.0,0.0,0.765,0.0,0.75,1.0,0.692,17.0,3.0,1.0,7.0,0.0,3.0,1.0,0.333,0.765,4.0,0.692,0.462,10.6,1.0,0.0,0.077,0.0,0.0,1.0,1.0,1.0,1.0,0.077,1.0,1.0,,6.0,0.462,0.0,0.5,0.0,3.0,0.462,6.0,0.5,,3.0,0.5,0.0,4.0,0.0,0.75,0.0,0.308,3.0,3.0,0.75,0.0,0.308,4.0,0.75,,0.154,1.0,0.0,0.0,2.0,0.154,,0.5,0.75,0.0,2.0,0.5,1.0,4.0,0.0,8.0,0.667,0.667,,0.0,6.0,6.0,1.0,2.0,0.75,0.654,0.5,0.5,3.0,2.0,0.0,0.0,0.6,0.0,1.0,1.0,2.0,0.5,0.0,0.0,0.0,0.0,1.0,3.0,0.0,0.0,1.0,0.0,0.0,0.0,5.0,3.0,5.0,0.6,67.0,38.0,0.381,0.567,0.6,-0.033,1.0,0.0,,0.6,0.0,,0.0,1.0,0.75,3.0,0.0,1.0,,0.0,0.0,0.0,1.0,1.0,5.0,1.0,1.0,0.0,0.0,1.0,0.0,3.0,4.0,2.0,0.5,2.0,1.0,0.75,1.0,2017,21600174,20161118.0,2016-17,False,1.0,6.0,15.0,0.4,0.429,-0.029,2.0,7.0,0.286,0.345,4.0,8.0,0.5,0.477,3.0,5.0,0.6,0.534,3.0,9.0,0.333,0.358,3.0,4.0,0.0,0.0,0.0,1.2,1.0,0.2,0.0,0.0,0.0,0.0,0.0,0.0,11.0,6.0,5.0,1.0,0.0,1.0,2.0,0.0,0.0,0.0,0.0,0.0,0.0,0.0,0.0,0.0,0.0,0.0,0.0,0.0,0.0
200794,Paul Millsap,1610612737,ATL,32.0,37.15,9,20,0.45,1,4,0.25,7,8,0.875,3,3,6,5,3,2,0,1,3,8,26,2,0.069,94.7,95.5,0.171,0.071,9.7,75,0.067,0.553,81.83,101.3,101.89,1.67,0.263,98.2,96.1,16.1,5.2,-0.8,0.294,0.475,0.295,9.5,10.0,1.0,0.135,13.0,52.0,0.096,1.0,62.0,7.0,0.0,4.0,0.556,2.0,0.0,0.0,0.111,0.0,0.0,1.0,0.222,9.0,0.0,0.0,0.5,2.0,5.0,8.0,9.0,81.0,2.8,0.75,0.667,2.04,0.0,4.0,64.0,0.321,0.9,4.0,7.5,8.0,6.1,2.0,1.0,0.462,1.0,1.0,0.6,0.429,13.0,3.0,0.0,2.0,0.0,1.0,0.6,0.333,0.5,5.0,0.375,0.667,9.6,1.0,0.0,0.056,0.0,0.0,1.0,1.0,1.0,1.0,0.056,1.0,1.0,,10.0,0.556,0.0,0.7,0.0,7.0,0.556,10.0,0.7,,7.0,0.7,0.0,4.0,1.0,0.375,1.0,0.222,1.0,0.0,0.0,0.056,0.167,3.0,0.25,1.0,0.167,0.0,0.0,0.0,3.0,0.167,,0.0,0.0,0.0,3.0,0.0,0.0,2.0,0.0,4.0,0.5,0.5,,0.0,4.0,0.0,0.75,6.0,0.0,0.475,0.2,0.667,3.0,6.0,0.0,0.0,0.4,0.0,0.5,6.0,4.0,0.25,0.0,0.0,0.0,0.0,3.0,3.0,0.0,0.0,1.0,0.0,0.0,0.0,5.0,2.0,5.0,0.6,166.0,99.0,0.373,0.596,0.615,-0.019,5.0,0.0,,0.6,,,0.0,1.0,0.0,3.0,0.0,0.6,,0.0,0.4,0.0,3.0,3.0,5.0,5.0,0.333,,,1.0,2.0,0.0,1.0,5.0,0.25,4.0,1.0,0.3,1.0,2017,21600498,20161230.0,2016-17,False,1.0,9.0,22.0,0.409,0.466,-0.057,3.0,7.0,0.429,0.309,6.0,15.0,0.4,0.523,5.0,8.0,0.625,0.588,3.0,10.0,0.3,0.342,0.0,2.0,0.0,0.0,0.0,0.0,1.0,0.25,0.0,0.0,0.0,0.0,0.0,0.0,16.0,8.0,8.0,5.0,0.0,1.0,2.0,0.0,0.0,4.0,0.0,0.0,0.0,0.0,0.0,0.0,0.0,0.0,0.0,0.0,0.0
200794,Paul Millsap,1610612737,ATL,32.0,35.86666666666667,8,14,0.571,3,5,0.6,2,3,0.667,0,6,6,2,4,0,1,0,5,3,21,3,0.081,117.2,112.2,0.085,0.14,19.0,74,0.0,0.685,82.53,120.3,102.11,0.5,0.091,99.03,116.2,9.5,4.1,5.1,0.248,0.679,0.241,18.8,5.0,0.0,0.083,5.0,36.0,0.056,1.0,42.0,3.0,0.0,2.0,0.6,1.0,0.0,0.0,0.0,0.0,0.0,0.0,0.4,5.0,0.0,0.0,0.5,2.0,3.0,6.0,1.0,55.0,2.0,0.0,0.0,2.23,0.75,12.0,40.0,0.382,1.09,0.0,6.1,12.0,6.1,6.0,1.0,0.353,2.0,0.0,0.0,0.545,17.0,0.0,0.0,6.0,1.0,0.0,0.0,0.0,0.4,5.0,0.5,0.0,0.0,1.0,0.0,0.071,0.0,0.0,1.0,1.0,1.0,1.0,0.071,1.0,1.0,,6.0,0.429,0.0,0.667,0.0,4.0,0.429,6.0,0.667,,4.0,0.667,0.0,2.0,1.0,0.75,1.0,0.143,1.0,0.0,0.0,0.071,0.071,1.0,0.5,1.0,0.357,2.0,0.0,0.071,4.0,0.286,0.0,0.5,0.6,1.0,5.0,0.4,2.0,1.0,0.0,2.0,0.5,0.5,,0.0,2.0,9.0,0.0,0.0,0.667,0.679,0.6,0.0,9.0,0.0,1.0,0.0,0.5,1.0,1.0,2.0,4.0,0.5,0.0,1.0,0.0,0.0,2.0,1.0,1.0,1.0,2.0,0.0,1.0,0.0,4.0,2.0,3.0,0.333,253.0,150.0,0.382,0.593,0.612,-0.019,1.0,0.5,0.0,0.5,,0.0,0.0,4.0,0.667,2.0,0.0,1.0,0.0,0.0,0.0,2.0,1.0,1.0,4.0,1.0,1.0,,,1.0,0.0,2.0,3.0,5.0,0.6,5.0,3.0,0.9,3.0,2017,21600683,20170125.0,2016-17,False,1.0,6.0,13.0,0.462,0.468,-0.006,2.0,6.0,0.333,0.33,4.0,7.0,0.571,0.5,3.0,4.0,0.75,0.547,3.0,8.0,0.375,0.364,4.0,6.0,1.0,2.0,0.5,0.75,3.0,0.25,1.0,0.083,1.0,0.083,1.0,0.083,19.0,13.0,6.0,2.0,0.0,5.0,12.0,0.0,0.0,0.0,0.0,0.0,0.0,0.0,0.0,0.0,0.0,0.0,0.0,0.0,0.0
200794,Paul Millsap,1610612737,ATL,32.0,35.75,7,16,0.438,2,4,0.5,5,6,0.833,1,4,5,1,3,0,0,0,5,6,21,10,0.063,114.3,96.5,0.065,0.083,13.6,74,0.032,0.563,82.8,114.9,102.07,0.33,0.042,99.36,101.4,4.5,13.5,17.8,0.269,0.5,0.259,13.3,5.0,0.0,0.026,3.0,39.0,0.026,0.0,44.0,1.0,0.0,3.0,0.6,1.0,0.2,0.0,0.0,2.0,1.0,0.0,0.2,5.0,0.5,1.0,0.333,1.0,3.0,5.0,2.0,61.0,2.0,0.4,1.5,2.01,0.833,12.0,44.0,0.344,0.87,1.0,7.0,9.0,4.2,3.0,0.0,0.455,0.0,0.0,0.5,0.444,11.0,0.0,1.0,4.0,0.0,1.0,0.5,0.25,0.455,2.0,0.444,0.2,18.1,0.75,0.0,0.25,0.0,0.0,3.0,3.0,4.0,0.75,0.25,0.75,4.0,,4.0,0.25,0.0,0.5,0.0,2.0,0.25,4.0,0.5,,2.0,0.5,0.0,5.0,1.0,0.3,1.0,0.313,1.0,0.0,0.0,0.063,0.25,4.0,0.2,1.0,0.188,1.0,0.0,0.0,3.0,0.188,,0.333,0.5,0.0,3.0,0.333,1.0,0.0,0.0,0.0,0.0,0.0,,0.0,3.0,10.0,1.0,2.0,0.5,0.5,0.5,1.0,8.0,3.0,1.0,0.0,0.0,0.0,0.571,7.0,3.0,0.333,1.0,1.0,1.0,1.0,4.0,1.0,0.0,0.0,1.0,0.0,1.0,0.0,4.0,0.0,1.0,1.0,35.0,21.0,0.34,0.6,0.609,-0.009,2.0,0.333,,1.0,0.0,,0.0,3.0,0.0,3.0,0.0,0.333,,0.0,0.0,1.0,2.0,1.0,3.0,6.0,1.0,0.0,0.0,1.0,0.0,0.0,1.0,6.0,0.5,4.0,2.0,0.667,3.0,2017,21600100,20161108.0,2016-17,False,1.0,5.0,14.0,0.357,0.448,-0.091,2.0,6.0,0.333,0.408,3.0,8.0,0.375,0.512,3.0,7.0,0.429,0.557,2.0,7.0,0.286,0.414,3.0,6.0,2.0,2.0,1.0,0.833,4.0,0.333,0.0,0.0,1.0,0.083,1.0,0.083,10.0,4.0,6.0,1.0,0.0,6.0,14.0,0.0,0.0,1.0,0.0,0.0,0.0,0.0,0.0,0.0,0.0,0.0,0.0,0.0,0.0
200794,Paul Millsap,1610612737,ATL,32.0,37.85,6,12,0.5,0,1,0.0,6,8,0.75,1,7,8,10,6,0,1,2,3,4,18,0,0.14,102.6,102.7,0.142,0.219,18.8,75,0.04,0.58,78.73,102.7,95.11,1.67,0.435,94.48,104.1,31.3,-1.4,-0.1,0.276,0.5,0.272,19.0,13.0,0.0,0.227,26.0,44.0,0.227,0.0,48.0,10.0,1.0,2.0,0.5,1.0,0.0,0.25,0.0,0.0,0.0,0.0,0.25,4.0,0.0,0.0,0.5,1.0,2.0,7.0,4.0,65.0,3.0,0.286,0.5,2.73,0.3,10.0,47.0,0.277,1.55,2.0,4.1,11.0,4.2,5.0,1.0,0.571,1.0,0.0,0.333,0.7,14.0,0.0,1.0,6.0,0.0,2.0,0.333,0.286,0.615,3.0,0.636,0.25,3.3,1.0,0.0,0.4,0.0,0.0,4.0,4.0,4.0,1.0,0.4,1.0,4.0,,3.0,0.3,0.0,0.667,0.0,2.0,0.3,3.0,0.667,,2.0,0.667,0.0,1.0,0.0,0.0,0.0,0.1,0.0,0.0,0.0,0.0,0.1,1.0,0.0,,0.2,0.0,0.0,0.1,1.0,0.1,0.0,0.0,0.0,1.0,2.0,0.0,0.0,1.0,0.0,2.0,0.333,0.333,,0.0,3.0,3.0,1.0,2.0,0.5,0.5,0.0,0.5,0.0,2.0,0.0,0.0,0.4,0.0,0.667,3.0,1.0,0.0,0.0,0.0,0.0,0.0,2.0,2.0,0.0,0.0,0.0,0.0,0.0,0.0,5.0,2.0,3.0,0.667,332.0,197.0,0.368,0.593,0.612,-0.018,1.0,0.0,,0.75,0.0,,0.0,0.0,0.5,3.0,0.0,0.667,,0.0,0.0,0.0,2.0,2.0,4.0,3.0,0.0,0.0,0.0,0.0,0.0,1.0,2.0,2.0,0.0,1.0,0.0,0.0,0.0,2017,21600897,20170301.0,2016-17,False,1.0,6.0,14.0,0.429,0.474,-0.045,0.0,4.0,0.0,0.376,6.0,10.0,0.6,0.523,5.0,8.0,0.625,0.611,1.0,6.0,0.167,0.407,1.0,2.0,1.0,2.0,0.5,0.3,4.0,0.4,1.0,0.1,2.0,0.2,1.0,0.1,13.0,8.0,5.0,5.0,0.0,3.0,6.0,0.0,0.0,2.0,0.0,0.0,0.0,0.0,0.0,0.0,0.0,0.0,0.0,0.0,0.0
200794,Paul Millsap,1610612737,ATL,32.0,36.95333333333333,8,16,0.5,0,2,0.0,7,12,0.583,3,7,10,2,4,2,0,0,1,7,23,9,0.137,114.9,103.5,0.125,0.2,14.8,72,0.079,0.54,78.48,116.7,94.56,0.5,0.091,94.17,102.7,7.4,13.9,11.4,0.308,0.5,0.301,14.7,10.0,0.0,0.043,6.0,47.0,0.043,0.0,49.0,2.0,1.0,3.0,0.5,2.0,0.0,0.125,0.0,0.0,0.0,0.0,0.5,8.0,0.0,0.0,0.667,4.0,4.0,2.0,9.0,71.0,2.5,1.0,1.111,2.12,1.0,6.0,50.0,0.324,1.28,3.0,4.9,12.0,4.2,6.0,3.0,0.588,3.0,0.667,0.6,0.778,17.0,2.0,1.0,7.0,0.0,1.0,0.6,0.143,0.714,5.0,0.583,0.3,6.3,0.667,0.0,0.188,0.0,0.0,2.0,2.0,3.0,0.667,0.188,0.667,3.0,,9.0,0.563,0.0,0.556,0.0,5.0,0.563,9.0,0.556,,5.0,0.556,0.0,2.0,0.0,0.5,0.0,0.125,1.0,1.0,0.5,0.0,0.125,2.0,0.5,,0.125,0.0,0.0,0.0,2.0,0.125,,0.0,0.0,0.0,2.0,0.0,0.0,2.0,0.0,4.0,0.667,0.667,,0.0,3.0,6.0,0.0,2.0,0.5,0.5,0.0,1.0,0.0,10.0,0.0,0.0,0.25,0.0,0.6,5.0,2.0,0.0,0.0,0.0,0.0,0.0,3.0,4.0,0.0,0.0,0.0,0.0,0.0,0.0,4.0,1.0,5.0,0.8,342.0,206.0,0.367,0.602,0.612,-0.01,3.0,0.0,0.0,0.8,,0.0,0.0,0.0,0.5,4.0,0.0,0.5,0.0,0.0,0.333,0.0,2.0,2.0,5.0,4.0,0.0,,,0.0,1.0,1.0,2.0,2.0,0.0,2.0,0.0,0.0,0.0,2017,21600927,20170305.0,2016-17,False,1.0,10.0,13.0,0.769,0.47,0.299,1.0,2.0,0.5,0.36,9.0,11.0,0.818,0.499,7.0,7.0,1.0,0.533,2.0,5.0,0.4,0.42,2.0,4.0,2.0,4.0,0.5,1.0,0.0,0.0,0.0,0.0,0.0,0.0,2.0,0.333,13.0,11.0,2.0,3.0,0.0,0.0,0.0,0.0,0.0,2.0,0.0,0.0,0.0,0.0,0.0,0.0,0.0,0.0,0.0,0.0,0.0
200794,Paul Millsap,1610612737,ATL,32.0,39.32833333333333,12,18,0.667,3,5,0.6,3,3,1.0,2,9,11,1,4,1,1,2,3,3,30,11,0.151,117.4,106.1,0.195,0.205,16.7,83,0.069,0.776,83.4,115.7,98.81,0.25,0.042,100.08,104.9,4.2,10.7,11.3,0.272,0.75,0.261,16.4,6.0,0.0,0.035,2.0,57.0,0.018,1.0,55.0,2.0,0.0,5.0,0.75,2.0,0.125,0.0,0.0,2.0,2.0,0.0,0.25,8.0,1.0,1.0,0.4,2.0,6.0,7.0,3.0,80.0,2.4,0.286,0.667,1.79,2.0,1.0,50.0,0.375,0.78,7.0,6.1,16.0,4.7,3.0,0.0,0.579,0.0,0.5,0.667,0.563,19.0,1.0,1.0,4.0,0.0,6.0,0.667,0.667,0.579,3.0,0.563,0.636,11.9,1.0,0.0,0.063,0.0,0.0,1.0,1.0,1.0,1.0,0.063,1.0,1.0,,5.0,0.313,0.0,0.8,0.0,4.0,0.313,5.0,0.8,,4.0,0.8,0.0,4.0,1.0,1.125,1.0,0.25,4.0,3.0,1.0,0.063,0.188,3.0,1.0,1.0,0.375,2.0,1.0,0.125,4.0,0.25,0.5,0.5,0.667,2.0,6.0,0.5,3.0,3.0,1.0,7.0,1.167,1.0,1.0,1.0,3.0,2.0,1.0,2.0,1.0,0.75,0.5,1.0,8.0,2.0,0.0,0.0,0.667,0.0,1.0,2.0,5.0,0.6,0.0,0.0,0.0,0.0,2.0,5.0,0.0,0.0,3.0,0.0,0.0,0.0,3.0,2.0,8.0,0.625,134.0,77.0,0.367,0.575,0.612,-0.038,1.0,0.667,,0.625,,,0.0,3.0,1.0,5.0,0.0,1.0,,0.0,0.0,2.0,3.0,2.0,8.0,3.0,0.5,,,1.0,0.0,1.0,1.0,6.0,0.5,4.0,2.0,0.667,3.0,2017,21600415,20161219.0,2016-17,False,1.0,9.0,14.0,0.643,0.456,0.187,2.0,3.0,0.667,0.35,7.0,11.0,0.636,0.502,5.0,6.0,0.833,0.594,4.0,8.0,0.5,0.363,1.0,1.0,0.0,0.0,0.0,2.0,0.0,0.0,0.0,0.0,0.0,0.0,0.0,0.0,11.0,8.0,3.0,4.0,0.0,2.0,5.0,0.0,0.0,3.0,0.0,0.0,0.0,0.0,0.0,0.0,0.0,0.0,0.0,0.0,0.0
200794,Paul Millsap,1610612737,ATL,32.0,35.36666666666667,6,14,0.429,1,3,0.333,14,15,0.933,1,9,10,4,5,2,1,1,3,9,27,-7,0.141,96.8,112.3,0.234,0.25,17.2,72,0.029,0.655,80.87,102.8,100.81,0.8,0.222,97.04,114.1,13.8,-11.3,-15.5,0.303,0.464,0.301,16.9,5.0,0.0,0.08,8.0,50.0,0.08,0.0,46.0,4.0,0.0,4.0,1.625,3.0,0.375,0.0,0.0,6.0,6.0,0.0,0.0,8.0,1.0,3.0,0.75,0.0,13.0,2.0,3.0,73.0,3.0,1.0,0.667,2.46,0.333,12.0,43.0,0.37,1.48,2.0,3.3,10.0,2.9,7.0,0.0,0.714,1.0,0.0,0.25,0.9,14.0,0.0,1.0,8.0,1.0,2.0,0.333,0.222,0.769,4.0,0.9,0.2,7.1,0.5,0.0,0.154,0.0,0.0,1.0,1.0,2.0,0.5,0.154,0.5,2.0,,7.0,0.538,1.0,0.571,0.077,4.0,0.615,8.0,0.5,0.0,4.0,0.5,0.0,1.0,0.0,0.0,0.0,0.077,0.0,0.0,0.0,0.0,0.077,1.0,0.0,,0.154,1.0,0.0,0.0,2.0,0.154,,0.5,0.75,0.0,2.0,0.5,1.0,2.0,1.0,5.0,0.625,0.5,1.0,1.0,4.0,4.0,0.0,2.0,0.25,0.464,0.0,1.0,0.0,2.0,0.0,,0.333,0.0,0.5,4.0,3.0,0.333,,0.0,,,2.0,2.0,0.0,0.0,1.0,,0.0,,3.0,1.0,4.0,0.5,11.0,7.0,0.524,0.636,0.631,0.006,0.0,0.333,0.0,0.5,,0.0,,3.0,0.333,2.0,,0.5,0.0,,0.0,1.0,2.0,0.0,4.0,4.0,0.0,,,0.0,0.0,1.0,3.0,2.0,0.0,2.0,0.0,0.0,0.0,2017,41600132,20170419.0,2016-17,True,1.0,4.0,10.0,0.4,0.514,-0.114,0.0,1.0,0.0,0.363,4.0,9.0,0.444,0.547,4.0,6.0,0.667,0.599,0.0,4.0,0.0,0.438,1.0,4.0,2.0,2.0,1.0,0.333,4.0,0.333,1.0,0.083,2.0,0.167,1.0,0.083,6.0,5.0,1.0,3.0,0.0,6.0,14.0,0.0,0.0,1.0,0.0,0.0,0.0,0.0,0.0,0.0,0.0,0.0,0.0,0.0,0.0
200794,Paul Millsap,1610612737,ATL,32.0,46.185,13,23,0.565,1,5,0.2,4,4,1.0,3,7,10,7,6,4,1,1,5,4,31,-12,0.128,106.0,115.5,0.162,0.179,15.8,91,0.077,0.626,79.68,108.8,98.46,1.17,0.292,95.62,119.4,18.4,-10.6,-9.4,0.298,0.587,0.295,15.9,11.0,0.0,0.118,18.0,68.0,0.103,1.0,72.0,8.0,0.0,5.0,0.889,3.0,0.111,0.0,0.0,2.0,2.0,0.0,0.333,9.0,1.0,1.0,0.6,3.0,8.0,8.0,9.0,104.0,3.8,0.25,0.556,2.17,0.5,8.0,69.0,0.298,1.13,4.0,5.4,12.0,4.0,4.0,0.0,0.526,0.0,0.333,0.429,0.583,19.0,1.0,2.0,6.0,0.0,3.0,0.429,0.429,0.526,7.0,0.583,0.4,8.7,1.0,0.0,0.182,0.0,0.0,4.0,4.0,4.0,1.0,0.182,1.0,4.0,,6.0,0.273,0.0,0.5,0.0,3.0,0.273,6.0,0.5,,3.0,0.5,0.0,7.0,0.0,0.714,0.0,0.318,5.0,5.0,0.714,0.0,0.318,7.0,0.714,,0.227,1.0,0.0,0.0,5.0,0.227,,0.2,0.3,0.0,5.0,0.2,1.0,2.0,1.0,4.0,0.5,0.5,0.0,0.0,4.0,4.0,0.333,2.0,0.667,0.587,0.2,1.0,3.0,5.0,0.0,0.0,0.5,0.0,0.75,8.0,5.0,0.2,0.0,0.0,0.0,0.0,6.0,4.0,0.0,0.0,1.0,0.0,0.0,0.0,4.0,2.0,6.0,0.667,37.0,24.0,0.385,0.649,0.603,0.045,2.0,0.333,0.0,0.714,,0.0,0.0,3.0,0.5,5.0,0.0,0.714,0.0,0.0,0.5,1.0,5.0,2.0,7.0,7.0,0.0,,,0.0,1.0,1.0,2.0,5.0,0.25,4.0,1.0,0.3,1.0,2017,41600136,20170428.0,2016-17,True,1.0,15.0,28.0,0.536,0.466,0.069,3.0,7.0,0.429,0.392,12.0,21.0,0.571,0.497,10.0,14.0,0.714,0.564,4.0,13.0,0.308,0.392,2.0,3.0,0.0,0.0,0.0,0.5,3.0,0.375,1.0,0.125,1.0,0.125,0.0,0.0,25.0,18.0,7.0,8.0,0.0,5.0,12.0,0.0,0.0,2.0,0.0,0.0,0.0,0.0,0.0,0.0,0.0,0.0,0.0,0.0,0.0
200794,Paul Millsap,1610612737,ATL,32.0,33.93333333333333,5,8,0.625,0,1,0.0,9,11,0.818,0,2,2,1,4,0,0,0,2,6,19,-20,0.03,88.4,115.2,0.093,0.053,22.2,71,0.0,0.74,82.51,87.3,99.95,0.25,0.063,99.02,118.8,5.6,-31.5,-26.7,0.221,0.625,0.213,22.4,7.0,0.0,0.027,3.0,37.0,0.027,0.0,43.0,1.0,0.0,1.0,0.667,1.0,0.333,0.0,0.0,4.0,2.0,0.0,0.5,6.0,0.5,2.0,1.0,3.0,4.0,4.0,3.0,57.0,2.2,0.0,1.333,2.36,0.75,8.0,42.0,0.333,1.23,0.0,2.9,7.0,2.9,2.0,0.0,0.2,0.0,0.0,0.0,0.286,10.0,0.0,0.0,2.0,0.0,0.0,0.0,0.0,0.2,3.0,0.286,0.0,0.0,0.5,0.0,0.25,0.0,0.0,1.0,1.0,2.0,0.5,0.25,0.5,2.0,,3.0,0.375,0.0,1.0,0.0,3.0,0.375,3.0,1.0,,3.0,1.0,0.0,3.0,1.0,0.333,0.0,0.375,1.0,1.0,0.5,0.125,0.25,2.0,0.333,0.0,,,,,,,,,,,,,,1.0,1.0,2.0,0.333,0.333,0.0,0.0,3.0,6.0,0.0,0.0,1.0,0.625,0.0,0.667,0.0,4.0,0.0,,0.5,0.0,1.0,1.0,0.0,0.0,1.0,0.0,0.0,0.0,1.0,3.0,0.0,0.0,0.0,,1.0,,2.0,1.0,4.0,0.75,5.0,3.0,0.455,0.6,0.617,-0.017,1.0,0.0,,0.75,0.0,,,0.0,1.0,3.0,,1.0,,,0.0,0.0,1.0,1.0,4.0,1.0,0.0,0.0,0.0,0.0,0.0,1.0,1.0,0.0,,0.0,0.0,,0.0,2017,41600131,20170416.0,2016-17,True,1.0,4.0,11.0,0.364,0.469,-0.105,1.0,3.0,0.333,0.342,3.0,8.0,0.375,0.505,3.0,5.0,0.6,0.571,1.0,5.0,0.2,0.371,3.0,3.0,0.0,0.0,0.0,0.75,1.0,0.125,1.0,0.125,2.0,0.25,0.0,0.0,10.0,7.0,3.0,2.0,0.0,3.0,7.0,0.0,0.0,2.0,0.0,0.0,0.0,0.0,0.0,0.0,0.0,0.0,0.0,0.0,0.0
200794,Paul Millsap,1610612737,ATL,32.0,35.233333333333334,8,19,0.421,0,3,0.0,5,6,0.833,1,10,11,2,3,1,0,3,3,8,21,-2,0.153,99.4,112.2,0.124,0.303,11.1,69,0.026,0.485,78.33,108.7,98.14,0.67,0.1,94.0,111.6,7.4,-2.9,-12.9,0.302,0.421,0.305,11.3,8.0,0.0,0.043,5.0,47.0,0.043,0.0,53.0,2.0,0.0,9.0,1.071,5.0,0.214,0.0,0.0,6.0,5.0,0.0,0.143,14.0,0.833,3.0,0.556,2.0,15.0,2.0,4.0,75.0,2.7,0.0,0.5,2.12,0.25,8.0,53.0,0.28,1.08,6.0,4.0,13.0,4.0,5.0,1.0,0.524,1.0,1.0,0.125,0.833,21.0,1.0,0.0,5.0,0.0,5.0,0.125,0.5,0.55,8.0,0.769,0.545,3.8,0.0,0.0,0.063,0.0,0.0,0.0,0.0,1.0,0.0,0.063,0.0,1.0,,5.0,0.313,1.0,0.6,0.063,3.0,0.375,6.0,0.5,0.0,3.0,0.5,0.0,5.0,0.0,0.8,0.0,0.313,4.0,4.0,0.8,0.0,0.313,5.0,0.8,,0.25,0.0,1.0,0.125,2.0,0.125,0.5,0.0,0.25,2.0,4.0,0.25,1.0,3.0,1.0,6.0,0.5,0.5,0.0,0.0,6.0,2.0,0.0,0.0,0.5,0.421,0.4,0.5,4.0,2.0,0.0,,0.625,0.0,0.5,4.0,3.0,0.0,0.0,0.0,0.0,0.0,2.0,1.0,0.0,0.0,0.0,,0.0,,8.0,5.0,4.0,0.25,27.0,16.0,0.397,0.593,0.608,-0.016,4.0,0.0,,0.25,0.0,,,3.0,0.8,1.0,,0.333,,,0.5,0.0,1.0,0.0,4.0,3.0,0.0,0.0,0.0,0.0,2.0,4.0,5.0,5.0,0.0,2.0,0.0,0.4,2.0,2017,41600135,20170426.0,2016-17,True,1.0,9.0,19.0,0.474,0.466,0.007,2.0,4.0,0.5,0.385,7.0,15.0,0.467,0.505,4.0,8.0,0.5,0.539,5.0,9.0,0.556,0.416,1.0,2.0,0.0,0.0,0.0,0.25,3.0,0.375,1.0,0.125,2.0,0.25,0.0,0.0,17.0,14.0,3.0,1.0,0.0,5.0,12.0,0.0,0.0,1.0,0.0,0.0,0.0,0.0,0.0,0.0,0.0,0.0,0.0,0.0,0.0
200794,Paul Millsap,1610612737,ATL,32.0,32.63333333333333,12,20,0.6,0,1,0.0,5,9,0.556,3,11,14,5,2,1,2,2,3,9,29,22,0.194,105.7,76.2,0.307,0.289,6.9,70,0.088,0.605,86.41,108.6,104.99,2.5,0.294,103.7,76.1,17.2,32.5,29.4,0.337,0.6,0.32,6.5,5.0,0.0,0.078,10.0,51.0,0.098,0.0,55.0,4.0,0.0,2.0,1.5,1.0,0.0,0.0,0.0,0.0,0.0,0.0,0.0,2.0,0.0,0.0,0.5,0.0,3.0,6.0,9.0,77.0,2.9,0.333,1.556,2.24,1.0,11.0,56.0,0.377,1.18,8.0,6.8,18.0,5.3,6.0,1.0,0.609,1.0,1.0,0.6,0.647,23.0,3.0,0.0,6.0,0.0,5.0,0.6,0.455,0.636,5.0,0.611,0.571,12.4,0.833,0.0,0.333,0.0,0.0,5.0,5.0,6.0,0.833,0.333,0.833,6.0,,8.0,0.444,0.0,0.625,0.0,5.0,0.444,8.0,0.625,,5.0,0.625,0.0,3.0,0.0,0.667,0.0,0.167,2.0,2.0,0.667,0.0,0.167,3.0,0.667,,0.056,0.0,0.0,0.0,1.0,0.056,,0.0,0.0,0.0,1.0,0.0,0.0,2.0,0.0,4.0,1.0,1.0,,0.0,2.0,11.0,0.5,2.0,0.667,0.6,0.0,1.0,0.0,14.0,0.0,0.0,0.25,0.0,0.6,5.0,1.0,0.0,0.0,0.0,0.0,0.0,3.0,8.0,0.0,0.0,0.0,0.0,0.0,0.0,4.0,1.0,10.0,0.8,15.0,8.0,0.469,0.533,0.621,-0.088,3.0,0.0,,0.8,,,0.0,1.0,0.667,8.0,0.0,0.333,,0.0,0.333,0.0,1.0,0.0,10.0,3.0,0.0,,,0.0,1.0,2.0,3.0,1.0,0.0,1.0,0.0,0.0,0.0,2017,41600133,20170422.0,2016-17,True,1.0,3.0,11.0,0.273,0.445,-0.172,1.0,5.0,0.2,0.356,2.0,6.0,0.333,0.495,2.0,5.0,0.4,0.542,1.0,5.0,0.2,0.379,4.0,6.0,3.0,4.0,0.75,1.0,1.0,0.091,1.0,0.091,1.0,0.091,2.0,0.182,10.0,7.0,3.0,4.0,1.0,3.0,7.0,0.0,0.0,1.0,0.0,0.0,0.0,0.0,0.0,0.0,0.0,0.0,0.0,0.0,0.0
200794,Paul Millsap,1610612737,ATL,32.0,36.06,6,15,0.4,1,4,0.25,6,8,0.75,1,8,9,7,3,2,0,1,3,8,19,6,0.113,106.3,98.2,0.148,0.216,10.7,75,0.023,0.513,83.75,109.3,102.84,2.33,0.28,100.5,100.0,25.0,9.3,8.0,0.25,0.433,0.244,10.5,9.0,0.0,0.167,17.0,42.0,0.167,0.0,47.0,7.0,1.0,2.0,0.5,1.0,0.167,0.167,0.0,2.0,1.0,0.0,0.333,6.0,0.5,1.0,0.5,2.0,3.0,7.0,2.0,66.0,2.7,0.0,1.5,2.46,0.5,8.0,43.0,0.288,1.27,3.0,4.8,12.0,3.8,6.0,0.0,0.5,0.0,1.0,0.167,0.667,18.0,1.0,0.0,6.0,0.0,2.0,0.167,0.25,0.5,6.0,0.667,0.333,12.7,1.0,0.0,0.214,0.0,0.0,3.0,3.0,3.0,1.0,0.214,1.0,3.0,,3.0,0.214,0.0,0.0,0.0,0.0,0.214,3.0,0.0,,0.0,0.0,0.0,5.0,2.0,0.2,0.0,0.357,1.0,1.0,0.333,0.143,0.214,3.0,0.2,0.0,0.214,1.0,1.0,0.071,2.0,0.143,1.0,0.5,0.833,1.0,3.0,0.667,2.0,2.0,2.0,5.0,0.417,0.333,0.5,1.0,6.0,4.0,0.0,0.0,0.5,0.433,0.333,1.0,2.0,3.0,0.0,0.0,0.333,0.0,0.5,4.0,4.0,0.25,0.0,0.0,0.0,0.0,2.0,2.0,0.0,0.0,1.0,0.0,0.0,0.0,3.0,1.0,4.0,0.5,21.0,12.0,0.429,0.571,0.618,-0.046,2.0,0.0,,0.5,,,0.0,0.0,0.667,2.0,0.0,0.5,,0.0,0.0,0.0,1.0,4.0,4.0,2.0,0.25,,,1.0,0.0,2.0,3.0,3.0,0.0,2.0,0.0,0.333,1.0,2017,41600134,20170424.0,2016-17,True,1.0,10.0,17.0,0.588,0.476,0.112,2.0,5.0,0.4,0.398,8.0,12.0,0.667,0.512,4.0,6.0,0.667,0.561,5.0,9.0,0.556,0.409,2.0,4.0,0.0,0.0,0.0,0.5,2.0,0.25,1.0,0.125,0.0,0.0,0.0,0.0,17.0,11.0,6.0,3.0,1.0,8.0,21.0,0.0,0.0,3.0,0.0,0.0,0.0,0.0,0.0,0.0,0.0,0.0,0.0,0.0,0.0
200794,Paul Millsap,1610612743,DEN,33.0,25.516666666666666,7,11,0.636,1,4,0.25,2,4,0.5,0,2,2,3,2,2,2,0,0,2,17,16,0.036,114.5,84.9,0.146,0.067,11.1,61,0.0,0.666,94.84,114.8,117.38,1.5,0.15,113.81,90.0,16.7,24.8,29.6,0.223,0.682,0.221,11.3,4.0,0.0,0.1,7.0,30.0,0.1,0.0,28.0,3.0,0.0,3.0,0.857,3.0,0.143,0.0,0.143,2.0,0.0,1.0,0.286,7.0,0.0,1.0,1.0,2.0,6.0,0.0,3.0,44.0,1.7,0.0,0.667,2.31,0.0,4.0,28.0,0.386,1.59,1.0,3.6,3.0,3.6,1.0,0.0,0.667,0.0,0.0,0.0,0.667,3.0,0.0,0.0,1.0,0.0,1.0,0.0,0.5,0.667,0.0,0.667,0.5,0.0,1.0,0.0,0.182,0.0,0.0,2.0,2.0,2.0,1.0,0.182,1.0,2.0,,3.0,0.273,0.0,1.0,0.0,3.0,0.273,3.0,1.0,,3.0,1.0,0.0,4.0,2.0,0.625,1.0,0.364,2.0,1.0,0.5,0.182,0.182,2.0,0.5,0.5,0.182,0.0,0.0,0.0,2.0,0.182,,0.0,0.0,0.0,2.0,0.0,0.0,1.0,2.0,2.0,0.25,0.25,0.0,0.0,4.0,0.0,0.0,0.0,0.0,0.682,0.5,1.0,3.0,2.0,0.0,1.0,1.0,0.0,0.667,3.0,3.0,0.333,0.0,0.0,0.0,0.0,2.0,3.0,0.0,0.0,1.0,0.0,0.0,0.0,1.0,1.0,3.0,1.0,59.0,27.0,0.351,0.458,0.618,-0.161,0.0,0.5,0.0,1.0,,0.0,0.0,2.0,0.5,4.0,1.0,1.0,0.0,0.0,0.0,1.0,1.0,1.0,4.0,1.0,0.0,,,0.0,0.0,1.0,2.0,2.0,0.5,2.0,1.0,0.75,1.0,2018,21700155,20171107.0,2017-18,False,1.0,3.0,17.0,0.176,0.404,-0.227,1.0,10.0,0.1,0.359,2.0,7.0,0.286,0.413,1.0,2.0,0.5,0.55,2.0,14.0,0.143,0.352,0.0,1.0,0.0,0.0,0.0,0.0,2.0,0.5,0.0,0.0,1.0,0.25,0.0,0.0,15.0,5.0,10.0,4.0,0.0,0.0,0.0,2.0,0.0,2.0,1.0,0.0,0.0,3.0,3.0,1.0,0.0,0.0,1.0,1.0,0.0
200794,Paul Millsap,1610612743,DEN,33.0,28.98333333333333,6,11,0.545,2,3,0.667,4,5,0.8,1,8,9,2,3,0,1,0,1,6,18,11,0.138,94.3,74.4,0.322,0.235,16.7,56,0.032,0.682,77.29,92.9,91.29,0.67,0.154,92.74,73.2,11.1,19.6,19.8,0.249,0.636,0.239,16.5,4.0,1.0,0.115,7.0,26.0,0.077,0.0,29.0,3.0,2.0,2.0,0.429,1.0,0.143,0.286,0.143,2.0,1.0,1.0,0.0,7.0,0.5,1.0,0.5,0.0,3.0,3.0,2.0,43.0,1.9,0.667,2.0,2.69,0.0,3.0,28.0,0.419,1.79,3.0,2.8,9.0,2.8,4.0,2.0,0.9,2.0,0.0,0.5,1.143,10.0,0.0,0.0,4.0,0.0,3.0,0.5,0.375,1.125,2.0,0.889,0.333,0.0,0.0,0.0,0.091,0.0,0.0,0.0,0.0,1.0,0.0,0.091,0.0,1.0,,4.0,0.364,0.0,0.5,0.0,2.0,0.364,4.0,0.5,,2.0,0.5,0.0,2.0,0.0,0.5,0.0,0.182,1.0,1.0,0.5,0.0,0.182,2.0,0.5,,0.364,2.0,1.0,0.091,3.0,0.273,1.0,0.667,1.0,1.0,4.0,0.75,3.0,1.0,0.0,2.0,0.5,0.5,,0.0,2.0,0.0,1.0,2.0,0.0,0.636,0.667,1.0,6.0,4.0,1.0,0.0,0.0,0.0,0.25,4.0,2.0,0.5,1.0,1.0,1.0,1.0,1.0,3.0,0.0,0.0,1.0,0.0,1.0,0.0,1.0,0.0,3.0,1.0,14.0,7.0,0.4,0.5,0.647,-0.147,1.0,0.5,0.0,1.0,,0.0,0.0,2.0,0.0,3.0,0.0,0.25,0.0,0.0,0.0,1.0,1.0,1.0,3.0,4.0,1.0,,,1.0,0.0,0.0,0.0,3.0,0.667,3.0,2.0,1.0,2.0,2018,21700035,20171021.0,2017-18,False,1.0,8.0,18.0,0.444,0.458,-0.014,1.0,4.0,0.25,0.371,7.0,14.0,0.5,0.494,6.0,11.0,0.545,0.551,2.0,5.0,0.4,0.378,0.0,2.0,0.0,0.0,0.0,0.0,0.0,0.0,0.0,0.0,0.0,0.0,0.0,0.0,7.0,5.0,2.0,0.0,1.0,1.0,3.0,0.0,1.0,1.0,0.0,1.0,3.0,1.0,4.0,0.0,0.0,0.75,0.25,0.0,0.0
200794,Paul Millsap,1610612743,DEN,33.0,23.433333333333334,4,10,0.4,1,4,0.25,0,0,0.0,2,5,7,2,3,1,2,0,4,1,9,-8,0.13,90.4,107.1,0.071,0.179,20.0,54,0.077,0.45,91.32,92.6,112.09,0.67,0.133,109.59,109.4,13.3,-16.8,-16.6,0.209,0.45,0.203,20.0,6.0,0.0,0.056,4.0,36.0,0.056,0.0,29.0,2.0,0.0,1.0,0.0,0.0,0.0,0.0,0.0,0.0,0.0,0.0,0.667,3.0,0.0,0.0,0.0,2.0,0.0,1.0,3.0,50.0,1.7,0.0,0.667,1.98,0.0,7.0,27.0,0.18,0.98,3.0,7.4,7.0,8.5,4.0,0.0,0.7,0.0,1.0,0.5,0.714,10.0,2.0,0.0,4.0,0.0,1.0,0.5,0.2,0.7,4.0,0.714,0.429,4.6,1.0,0.0,0.1,0.0,0.0,1.0,1.0,1.0,1.0,0.1,1.0,1.0,,4.0,0.4,1.0,0.5,0.1,3.0,0.5,5.0,0.7,1.0,2.0,0.6,1.0,4.0,3.0,0.0,0.0,0.4,0.0,0.0,0.0,0.3,0.1,1.0,0.0,0.0,,,,,,,,,,,,,,0.0,1.0,0.0,0.0,0.0,0.0,0.0,2.0,0.0,0.0,0.0,0.0,0.45,0.333,1.0,3.0,2.0,0.0,0.0,0.0,0.0,0.0,0.0,3.0,0.333,0.0,0.0,0.0,0.0,0.0,3.0,0.0,1.0,1.0,0.0,1.0,0.0,1.0,0.0,5.0,0.6,100.0,50.0,0.403,0.5,0.621,-0.121,0.0,1.0,,0.6,1.0,,0.0,1.0,0.0,3.0,0.0,0.0,,0.0,0.0,1.0,0.0,2.0,5.0,0.0,0.0,0.0,0.0,0.0,0.0,0.0,1.0,3.0,0.333,3.0,1.0,0.5,1.0,2018,21700912,20180227.0,2017-18,False,1.0,7.0,18.0,0.389,0.56,-0.171,0.0,2.0,0.0,0.395,7.0,16.0,0.438,0.59,7.0,16.0,0.438,0.619,0.0,2.0,0.0,0.402,0.0,2.0,0.0,0.0,0.0,0.0,3.0,0.429,1.0,0.143,1.0,0.143,0.0,0.0,11.0,10.0,1.0,2.0,1.0,0.0,0.0,0.0,1.0,1.0,0.0,1.0,0.0,6.0,6.0,4.0,2.0,0.0,1.0,1.0,0.5
200794,Paul Millsap,1610612743,DEN,33.0,34.12,2,13,0.154,2,3,0.667,2,4,0.5,6,4,10,4,1,2,1,5,6,3,8,0,0.149,114.0,103.6,0.011,0.138,5.0,67,0.158,0.271,78.55,110.4,95.89,4.0,0.19,94.26,110.4,20.0,0.0,10.3,0.205,0.231,0.198,5.1,7.0,0.0,0.132,14.0,38.0,0.105,0.0,32.0,5.0,0.0,5.0,0.0,0.0,0.0,0.0,0.0,0.0,0.0,0.0,0.286,7.0,0.0,0.0,0.0,2.0,0.0,3.0,6.0,55.0,1.9,0.667,0.0,2.08,0.0,0.0,34.0,0.145,1.13,4.0,10.5,9.0,12.8,4.0,0.0,0.5,0.0,0.667,0.545,0.444,20.0,4.0,2.0,6.0,0.0,0.0,0.545,0.0,0.5,11.0,0.444,0.4,9.0,,,,,,,,,,,,,,3.0,0.375,0.0,0.0,0.0,0.0,0.375,3.0,0.0,,0.0,0.0,0.0,2.0,1.0,0.0,0.0,0.25,0.0,0.0,0.0,0.125,0.125,1.0,0.0,0.0,0.375,2.0,0.0,0.125,2.0,0.25,0.0,1.0,1.0,1.0,3.0,0.667,2.0,0.0,0.0,0.0,0.0,0.0,,0.0,1.0,0.0,0.0,2.0,0.0,0.231,0.5,0.0,6.0,0.0,0.0,0.0,0.0,0.0,0.0,5.0,3.0,0.667,0.0,0.0,0.0,0.0,0.0,0.0,0.0,0.0,2.0,0.0,0.0,0.0,0.0,0.0,5.0,0.0,39.0,15.0,0.371,0.385,0.618,-0.233,0.0,1.0,0.0,0.0,0.0,0.0,0.0,2.0,0.0,0.0,0.0,0.0,0.0,0.0,0.0,2.0,0.0,1.0,6.0,4.0,0.0,0.0,0.0,0.0,0.0,0.0,0.0,3.0,0.5,2.0,1.0,0.5,1.0,2018,21700094,20171030.0,2017-18,False,1.0,7.0,12.0,0.583,0.452,0.132,1.0,2.0,0.5,0.395,6.0,10.0,0.6,0.468,2.0,4.0,0.5,0.536,2.0,4.0,0.5,0.397,0.0,0.0,0.0,0.0,0.0,0.0,0.0,0.0,0.0,0.0,0.0,0.0,0.0,0.0,9.0,8.0,1.0,5.0,0.0,1.0,3.0,2.0,3.0,5.0,0.4,0.6,3.0,11.0,14.0,7.0,3.0,0.214,0.786,1.0,0.429
200794,Paul Millsap,1610612743,DEN,33.0,15.933333333333334,3,8,0.375,0,2,0.0,0,0,0.0,0,0,0,1,4,1,0,1,3,0,6,-28,0.0,72.2,151.0,-0.045,0.0,30.8,38,0.0,0.375,95.4,68.4,108.09,0.25,0.111,114.48,142.1,7.7,-73.7,-78.8,0.316,0.375,0.293,30.8,2.0,0.0,0.038,2.0,26.0,0.038,0.0,27.0,1.0,0.0,2.0,0.0,0.0,0.0,0.0,0.0,0.0,0.0,0.0,0.0,2.0,0.0,0.0,0.0,0.0,0.0,2.0,2.0,38.0,1.3,0.0,1.0,2.02,0.0,3.0,22.0,0.158,1.11,,,,,,,,,,,,,,,,,,,,,,,,,1.0,0.0,0.143,0.0,0.0,1.0,1.0,1.0,1.0,0.143,1.0,1.0,,1.0,0.143,1.0,0.0,0.143,0.0,0.286,2.0,0.0,0.0,0.0,0.0,0.0,1.0,0.0,0.0,0.0,0.143,0.0,0.0,0.0,0.0,0.143,1.0,0.0,,0.429,0.0,2.0,0.286,1.0,0.143,1.0,0.0,0.667,2.0,3.0,0.667,2.0,1.0,0.0,2.0,1.0,1.0,,0.0,1.0,0.0,0.0,0.0,0.0,0.375,0.0,1.0,0.0,2.0,0.0,0.0,0.0,0.0,0.667,3.0,2.0,0.0,0.0,0.0,0.0,0.0,2.0,1.0,0.0,0.0,0.0,0.0,0.0,0.0,2.0,0.0,1.0,1.0,57.0,26.0,0.377,0.456,0.619,-0.163,0.0,0.0,,0.667,,,0.0,2.0,1.0,2.0,0.0,0.0,,0.0,0.0,0.0,0.0,1.0,3.0,1.0,0.0,,,0.0,0.0,1.0,1.0,3.0,0.0,2.0,0.0,0.0,0.0,2018,21700135,20171104.0,2017-18,False,1.0,6.0,11.0,0.545,0.481,0.065,3.0,5.0,0.6,0.342,3.0,6.0,0.5,0.577,3.0,5.0,0.6,0.638,3.0,5.0,0.6,0.353,0.0,0.0,0.0,0.0,0.0,0.0,1.0,0.333,0.0,0.0,2.0,0.667,0.0,0.0,10.0,5.0,5.0,1.0,0.0,1.0,2.0,0.0,2.0,2.0,0.0,1.0,0.0,1.0,1.0,1.0,0.0,0.0,1.0,1.0,0.0
200794,Paul Millsap,1610612743,DEN,33.0,26.37333333333333,2,5,0.4,0,1,0.0,1,3,0.333,0,5,5,2,3,1,2,0,2,3,5,7,0.1,117.0,101.6,0.034,0.167,27.3,57,0.0,0.396,84.93,115.8,104.18,0.67,0.087,101.92,107.3,18.2,8.5,15.4,0.16,0.4,0.15,26.5,3.0,0.0,0.067,5.0,30.0,0.067,0.0,25.0,2.0,0.0,3.0,0.4,1.0,0.2,0.0,0.0,2.0,0.0,0.0,0.2,5.0,0.0,1.0,0.333,1.0,2.0,1.0,0.0,40.0,1.5,0.0,0.0,2.32,1.5,2.0,24.0,0.125,1.4,0.0,5.7,9.0,5.7,5.0,1.0,0.5,1.0,0.0,0.0,0.625,10.0,0.0,0.0,5.0,0.0,0.0,0.0,0.0,0.556,2.0,0.556,0.0,0.0,1.0,0.0,0.2,0.0,0.0,1.0,1.0,1.0,1.0,0.2,1.0,1.0,,2.0,0.4,0.0,0.0,0.0,0.0,0.4,2.0,0.0,,0.0,0.0,0.0,1.0,0.0,1.0,0.0,0.2,1.0,1.0,1.0,0.0,0.2,1.0,1.0,,0.2,0.0,0.0,0.0,1.0,0.2,,0.0,0.0,0.0,1.0,0.0,0.0,0.0,0.0,0.0,0.0,0.0,,0.0,1.0,3.0,0.0,0.0,1.0,0.4,0.0,0.0,0.0,0.0,0.0,0.0,0.0,0.0,1.0,2.0,1.0,0.0,0.0,0.0,0.0,0.0,2.0,0.0,0.0,0.0,0.0,0.0,0.0,0.0,1.0,0.0,1.0,0.0,132.0,65.0,0.4,0.492,0.619,-0.127,0.0,0.0,,0.0,,,0.0,0.0,0.0,0.0,0.0,1.0,,0.0,0.0,0.0,2.0,1.0,1.0,2.0,0.0,,,0.0,0.0,0.0,1.0,1.0,0.0,1.0,0.0,0.0,0.0,2018,21701015,20180313.0,2017-18,False,1.0,7.0,12.0,0.583,0.509,0.074,1.0,2.0,0.5,0.375,6.0,10.0,0.6,0.552,5.0,9.0,0.556,0.591,1.0,2.0,0.5,0.373,1.0,1.0,0.0,0.0,0.0,1.5,0.0,0.0,0.0,0.0,1.0,0.5,0.0,0.0,12.0,9.0,3.0,7.0,0.0,3.0,7.0,1.0,0.0,1.0,1.0,0.0,0.0,2.0,2.0,0.0,0.0,0.0,1.0,0.0,0.0
200794,Paul Millsap,1610612743,DEN,33.0,19.9,3,10,0.3,0,1,0.0,6,6,1.0,2,4,6,3,0,1,2,0,5,4,12,-14,0.143,85.6,112.1,0.129,0.211,0.0,42,0.087,0.475,85.43,85.7,104.54,0.0,0.3,102.51,116.3,18.8,-30.6,-26.6,0.28,0.3,0.283,0.0,4.0,0.0,0.136,8.0,22.0,0.136,0.0,23.0,3.0,0.0,1.0,1.0,0.0,0.5,0.0,0.0,2.0,2.0,0.0,0.0,2.0,1.0,1.0,0.0,0.0,2.0,1.0,4.0,35.0,1.4,0.0,1.0,2.38,0.5,4.0,24.0,0.343,1.26,3.0,7.6,5.0,4.5,2.0,1.0,0.75,2.0,0.5,0.667,1.0,8.0,1.0,1.0,3.0,1.0,2.0,1.0,0.5,1.0,3.0,0.8,0.5,13.8,0.5,0.0,0.2,0.0,0.0,1.0,1.0,2.0,0.5,0.2,0.5,2.0,,5.0,0.5,0.0,0.2,0.0,1.0,0.5,5.0,0.2,,1.0,0.2,0.0,1.0,0.0,0.0,0.0,0.1,0.0,0.0,0.0,0.0,0.1,1.0,0.0,,0.2,0.0,1.0,0.1,1.0,0.1,1.0,0.0,0.5,1.0,2.0,0.5,1.0,0.0,0.0,0.0,0.0,0.0,,0.0,2.0,2.0,0.0,0.0,0.25,0.3,0.0,0.333,0.0,4.0,0.0,0.0,0.0,0.0,0.333,3.0,1.0,0.0,0.0,0.0,0.0,0.0,1.0,2.0,0.0,0.0,0.0,0.0,0.0,0.0,2.0,0.0,4.0,0.5,110.0,53.0,0.394,0.482,0.619,-0.137,0.0,0.0,0.0,0.6,,0.0,0.0,1.0,0.0,3.0,0.0,0.0,0.0,0.0,0.0,0.0,0.0,0.0,5.0,2.0,0.0,,,0.0,0.0,0.0,2.0,1.0,0.0,1.0,0.0,0.0,0.0,2018,21700961,20180306.0,2017-18,False,1.0,5.0,10.0,0.5,0.45,0.05,2.0,2.0,1.0,0.409,3.0,8.0,0.375,0.479,3.0,7.0,0.429,0.538,2.0,3.0,0.667,0.42,1.0,4.0,0.0,0.0,0.0,0.5,0.0,0.0,0.0,0.0,0.0,0.0,0.0,0.0,5.0,4.0,1.0,1.0,0.0,0.0,0.0,0.0,1.0,1.0,0.0,1.0,0.0,0.0,0.0,0.0,0.0,0.0,0.0,0.0,0.0
200794,Paul Millsap,1610612743,DEN,33.0,13.25,2,5,0.4,1,2,0.5,0,0,0.0,2,2,4,2,0,0,0,1,2,2,5,-11,0.148,106.3,135.0,0.088,0.167,0.0,28,0.133,0.5,84.53,103.6,103.1,0.0,0.333,101.43,142.9,28.6,-39.3,-28.6,0.142,0.5,0.143,0.0,3.0,0.0,0.136,5.0,22.0,0.091,1.0,18.0,3.0,0.0,1.0,0.0,0.0,0.0,0.0,0.0,0.0,0.0,0.0,0.667,3.0,0.0,0.0,0.0,2.0,0.0,1.0,1.0,28.0,1.3,0.0,2.0,2.73,0.0,2.0,19.0,0.179,1.25,3.0,6.3,5.0,4.5,0.0,0.0,0.5,0.0,0.5,0.667,0.4,8.0,1.0,1.0,1.0,0.0,2.0,0.667,1.0,0.5,3.0,0.4,0.75,8.2,0.0,0.0,0.25,0.0,0.0,0.0,0.0,1.0,0.0,0.25,0.0,1.0,,1.0,0.25,0.0,1.0,0.0,1.0,0.25,1.0,1.0,,1.0,1.0,0.0,,,,,,,,,,,,,,0.5,1.0,0.0,0.0,2.0,0.5,,0.5,0.75,0.0,2.0,0.5,1.0,0.0,0.0,0.0,,,,0.0,0.0,0.0,0.0,0.0,0.0,0.5,0.5,1.0,3.0,2.0,1.0,0.0,0.0,0.0,0.0,1.0,1.0,0.0,1.0,1.0,1.0,1.0,0.0,1.0,0.0,0.0,0.0,0.0,1.0,0.0,0.0,0.0,2.0,0.5,85.0,43.0,0.37,0.506,0.611,-0.105,0.0,0.5,,0.5,0.0,,0.0,2.0,0.0,1.0,0.0,0.0,,0.0,0.0,1.0,0.0,0.0,2.0,1.0,0.0,0.0,0.0,0.0,0.0,0.0,0.0,2.0,0.5,2.0,1.0,0.75,1.0,2018,21700240,20171119.0,2017-18,False,1.0,3.0,4.0,0.75,0.477,0.273,2.0,3.0,0.667,0.366,1.0,1.0,1.0,0.575,1.0,1.0,1.0,0.6,2.0,3.0,0.667,0.369,0.0,1.0,0.0,0.0,0.0,0.0,0.0,0.0,0.0,0.0,0.0,0.0,0.0,0.0,6.0,2.0,4.0,1.0,0.0,1.0,2.0,0.0,0.0,0.0,0.0,0.0,1.0,0.0,1.0,1.0,1.0,1.0,0.0,1.0,1.0
200794,Paul Millsap,1610612743,DEN,33.0,45.06666666666667,5,11,0.455,1,2,0.5,3,4,0.75,1,7,8,2,2,2,1,1,2,3,14,-12,0.091,114.0,127.9,0.076,0.175,11.8,88,0.021,0.549,78.55,117.0,95.99,1.0,0.071,94.26,129.2,11.8,-12.2,-13.9,0.15,0.5,0.15,11.9,7.0,0.0,0.038,5.0,53.0,0.038,0.0,47.0,2.0,1.0,4.0,0.0,0.0,0.0,0.1,0.1,0.0,0.0,1.0,0.3,10.0,0.0,0.0,0.0,3.0,0.0,0.0,1.0,70.0,2.5,0.0,2.0,2.15,1.333,6.0,48.0,0.2,1.07,1.0,5.6,10.0,4.6,6.0,0.0,0.571,0.0,0.0,0.25,0.7,14.0,0.0,1.0,7.0,0.0,1.0,0.25,0.143,0.571,4.0,0.7,0.125,12.6,0.0,0.0,0.1,0.0,0.0,0.0,0.0,1.0,0.0,0.1,0.0,1.0,,4.0,0.4,0.0,0.75,0.0,3.0,0.4,4.0,0.75,,3.0,0.75,0.0,4.0,2.0,0.375,1.0,0.4,1.0,0.0,0.0,0.2,0.2,2.0,0.25,0.5,0.1,0.0,1.0,0.1,0.0,0.0,1.0,,1.0,1.0,1.0,1.0,1.0,2.0,0.0,4.0,0.667,0.667,,0.0,3.0,8.0,0.0,0.0,1.0,0.5,0.5,1.0,3.0,2.0,0.0,0.0,0.333,0.0,0.5,4.0,2.0,0.5,0.0,0.0,0.0,0.0,2.0,1.0,0.0,0.0,1.0,0.0,0.0,0.0,3.0,1.0,2.0,0.5,160.0,76.0,0.42,0.475,0.614,-0.139,1.0,0.5,,0.5,0.0,,0.0,2.0,0.5,1.0,0.0,0.25,,0.0,1.0,1.0,1.0,0.0,2.0,4.0,0.0,0.0,0.0,0.0,1.0,1.0,2.0,2.0,0.5,2.0,1.0,0.75,1.0,2018,21701054,20180319.0,2017-18,False,1.0,8.0,20.0,0.4,0.471,-0.071,1.0,4.0,0.25,0.364,7.0,16.0,0.438,0.53,7.0,14.0,0.5,0.586,1.0,5.0,0.2,0.365,3.0,3.0,2.0,2.0,1.0,1.333,2.0,0.333,0.0,0.0,0.0,0.0,1.0,0.167,18.0,13.0,5.0,2.0,0.0,1.0,2.0,0.0,1.0,1.0,0.0,1.0,1.0,4.0,5.0,0.0,0.0,0.2,0.8,0.0,0.0
200794,Paul Millsap,1610612743,DEN,33.0,35.89,2,10,0.2,0,3,0.0,2,4,0.5,5,4,9,1,2,0,2,1,2,6,6,1,0.095,90.8,85.8,0.006,0.075,13.3,74,0.119,0.255,80.8,89.2,99.24,0.5,0.05,96.96,91.5,6.7,-2.4,5.0,0.171,0.2,0.165,13.6,4.0,0.0,0.029,3.0,34.0,0.029,0.0,33.0,1.0,0.0,3.0,0.333,1.0,0.0,0.0,0.167,0.0,0.0,1.0,0.167,6.0,0.0,0.0,0.333,1.0,2.0,1.0,5.0,52.0,1.9,0.0,0.4,2.14,0.0,3.0,35.0,0.115,0.85,4.0,12.0,19.0,3.7,2.0,2.0,0.333,2.0,0.4,0.625,0.235,27.0,2.0,3.0,5.0,0.0,2.0,0.625,0.5,0.36,8.0,0.211,0.444,18.7,0.0,0.0,0.111,0.0,0.0,0.0,0.0,1.0,0.0,0.111,0.0,1.0,,3.0,0.333,0.0,0.333,0.0,1.0,0.333,3.0,0.333,,1.0,0.333,0.0,3.0,1.0,0.333,0.0,0.333,1.0,1.0,0.5,0.111,0.222,2.0,0.333,0.0,0.222,0.0,0.0,0.0,2.0,0.222,,0.0,0.0,0.0,2.0,0.0,0.0,0.0,1.0,0.0,0.0,0.0,0.0,0.0,2.0,0.0,0.0,0.0,0.0,0.2,0.333,0.0,2.0,2.0,0.0,0.0,0.5,0.0,0.0,2.0,3.0,0.0,0.0,0.0,0.0,0.0,0.0,1.0,0.0,0.0,0.0,0.0,0.0,0.0,2.0,1.0,3.0,0.333,230.0,115.0,0.421,0.5,0.612,-0.112,0.0,0.0,,0.25,0.0,,0.0,1.0,0.5,1.0,0.0,0.0,,0.0,0.0,0.0,0.0,2.0,4.0,1.0,0.0,0.0,0.0,0.0,0.0,1.0,2.0,3.0,0.0,2.0,0.0,0.333,1.0,2018,21701211,20180409.0,2017-18,False,1.0,10.0,17.0,0.588,0.472,0.116,1.0,2.0,0.5,0.358,9.0,15.0,0.6,0.496,7.0,12.0,0.583,0.535,2.0,3.0,0.667,0.397,0.0,2.0,0.0,0.0,0.0,0.0,1.0,0.333,0.0,0.0,0.0,0.0,0.0,0.0,12.0,10.0,2.0,2.0,1.0,0.0,0.0,2.0,1.0,3.0,0.667,0.333,2.0,13.0,15.0,14.0,3.0,0.133,0.867,1.0,0.214
200794,Paul Millsap,1610612743,DEN,33.0,33.958333333333336,6,16,0.375,5,9,0.556,1,2,0.5,0,5,5,0,3,1,1,0,4,3,18,-12,0.088,91.0,107.7,0.06,0.227,15.0,66,0.0,0.533,77.74,90.9,93.86,0.0,0.0,93.29,109.1,0.0,-18.2,-16.8,0.265,0.531,0.263,15.1,2.0,0.0,0.0,0.0,48.0,0.0,0.0,50.0,0.0,1.0,3.0,0.4,1.0,0.0,0.2,0.0,0.0,0.0,0.0,0.2,5.0,0.0,0.0,0.333,1.0,2.0,1.0,1.0,70.0,2.5,0.0,0.0,2.12,0.2,5.0,49.0,0.257,1.04,3.0,5.5,11.0,5.5,2.0,2.0,0.385,2.0,0.0,0.0,0.556,13.0,0.0,0.0,2.0,0.0,3.0,0.0,0.6,0.455,2.0,0.455,0.6,0.0,0.5,0.0,0.125,0.0,0.0,1.0,1.0,2.0,0.5,0.125,0.5,2.0,,3.0,0.188,0.0,0.0,0.0,0.0,0.188,3.0,0.0,,0.0,0.0,0.0,5.0,3.0,0.3,1.0,0.313,1.0,0.0,0.0,0.188,0.125,2.0,0.2,0.333,0.375,4.0,0.0,0.0,6.0,0.375,,0.667,1.0,0.0,6.0,0.667,4.0,0.0,0.0,0.0,0.0,0.0,,0.0,1.0,1.0,0.0,0.0,0.0,0.531,0.556,0.0,15.0,0.0,0.667,0.0,0.0,0.5,0.0,1.0,6.0,0.5,1.0,2.0,1.0,1.0,0.0,1.0,1.0,2.0,3.0,0.0,3.0,0.0,1.0,0.0,5.0,0.2,75.0,36.0,0.357,0.48,0.611,-0.131,0.0,0.5,,0.2,0.0,,0.0,4.0,0.0,1.0,0.0,0.0,,0.0,0.0,2.0,0.0,5.0,5.0,1.0,0.6,0.0,0.0,3.0,0.0,0.0,1.0,8.0,0.5,8.0,4.0,0.75,4.0,2018,21700198,20171113.0,2017-18,False,1.0,5.0,7.0,0.714,0.447,0.267,,,,,5.0,7.0,0.714,0.484,3.0,5.0,0.6,0.519,2.0,2.0,1.0,0.34,0.0,1.0,1.0,2.0,0.5,0.2,2.0,0.4,0.0,0.0,1.0,0.2,1.0,0.2,7.0,7.0,0.0,1.0,0.0,1.0,2.0,0.0,1.0,1.0,0.0,1.0,0.0,4.0,4.0,2.0,1.0,0.0,1.0,0.667,0.333
200794,Paul Millsap,1610612743,DEN,33.0,30.33333333333333,9,12,0.75,1,1,1.0,1,1,1.0,1,3,4,2,0,1,1,2,3,2,20,-11,0.07,106.0,128.6,0.147,0.12,0.0,60,0.031,0.804,79.12,108.3,95.26,0.0,0.111,94.95,126.7,14.3,-18.3,-22.6,0.182,0.792,0.174,0.0,4.0,0.0,0.074,5.0,27.0,0.074,0.0,29.0,2.0,0.0,4.0,1.0,3.0,0.0,0.0,0.0,0.0,0.0,0.0,0.167,6.0,0.0,0.0,0.75,1.0,6.0,1.0,2.0,41.0,1.8,0.0,1.0,2.68,1.6,5.0,28.0,0.488,1.68,2.0,11.3,8.0,12.1,2.0,0.0,0.364,0.0,1.0,0.333,0.375,11.0,1.0,0.0,2.0,0.0,1.0,0.333,0.333,0.364,3.0,0.375,0.5,8.6,1.0,0.0,0.2,0.0,0.0,2.0,2.0,2.0,1.0,0.2,1.0,2.0,,4.0,0.4,0.0,0.75,0.0,3.0,0.4,4.0,0.75,,3.0,0.75,0.0,3.0,0.0,1.0,0.0,0.3,3.0,3.0,1.0,0.0,0.3,3.0,1.0,,0.1,1.0,0.0,0.0,1.0,0.1,,1.0,1.5,0.0,1.0,1.0,1.0,4.0,0.0,8.0,0.8,0.8,,0.0,5.0,8.0,0.0,0.0,1.0,0.792,1.0,1.0,3.0,2.0,1.0,0.0,0.75,1.0,0.667,6.0,0.0,0.0,0.0,1.0,0.0,0.0,4.0,1.0,1.0,1.0,0.0,0.0,1.0,0.0,4.0,3.0,1.0,1.0,188.0,88.0,0.417,0.468,0.613,-0.145,2.0,0.0,0.0,0.667,0.0,0.0,0.0,0.0,1.0,2.0,0.0,0.667,0.0,0.0,0.5,0.0,2.0,1.0,3.0,3.0,1.0,0.0,0.0,1.0,1.0,3.0,3.0,1.0,1.0,1.0,1.0,1.5,1.0,2018,21701109,20180327.0,2017-18,False,1.0,8.0,19.0,0.421,0.49,-0.068,1.0,6.0,0.167,0.351,7.0,13.0,0.538,0.555,7.0,11.0,0.636,0.6,1.0,8.0,0.125,0.375,4.0,4.0,0.0,0.0,0.0,1.6,1.0,0.2,0.0,0.0,0.0,0.0,0.0,0.0,11.0,6.0,5.0,3.0,0.0,0.0,0.0,0.0,1.0,1.0,0.0,1.0,0.0,2.0,2.0,1.0,0.0,0.0,1.0,1.0,0.0
200794,Paul Millsap,1610612743,DEN,33.0,39.16666666666666,10,20,0.5,2,5,0.4,4,6,0.667,6,7,13,5,4,1,1,0,3,6,26,0,0.153,110.0,109.5,0.17,0.163,12.5,82,0.143,0.574,84.26,111.0,101.62,1.25,0.294,101.11,109.6,15.6,1.3,0.5,0.275,0.55,0.276,12.6,9.0,1.0,0.13,14.0,46.0,0.109,0.0,53.0,6.0,2.0,0.0,0.125,0.0,0.125,0.25,0.125,2.0,1.0,1.0,0.375,8.0,0.5,1.0,0.0,3.0,1.0,1.0,8.0,79.0,2.9,2.0,1.0,2.23,0.0,4.0,57.0,0.329,1.23,6.0,7.3,11.0,7.1,5.0,1.0,0.684,1.0,0.667,0.75,0.7,19.0,4.0,2.0,7.0,0.0,2.0,0.75,0.286,0.722,8.0,0.636,0.462,7.7,1.0,0.0,0.05,0.0,0.0,1.0,1.0,1.0,1.0,0.05,1.0,1.0,,7.0,0.35,1.0,0.571,0.05,4.0,0.4,8.0,0.5,0.0,4.0,0.5,0.0,8.0,2.0,0.563,1.0,0.4,4.0,3.0,0.5,0.1,0.3,6.0,0.5,0.5,0.15,1.0,0.0,0.05,2.0,0.1,0.0,0.5,0.5,1.0,3.0,0.333,1.0,3.0,1.0,7.0,0.7,0.6,1.0,1.0,5.0,0.0,1.0,2.0,0.0,0.55,0.0,0.667,0.0,8.0,0.5,0.0,0.4,0.0,0.0,2.0,3.0,0.333,2.0,1.0,1.0,0.5,0.0,6.0,0.0,0.0,1.0,0.0,2.0,0.0,5.0,2.0,8.0,0.75,200.0,96.0,0.417,0.48,0.613,-0.133,1.0,1.0,0.0,0.667,0.0,0.0,0.0,1.0,0.333,6.0,0.0,0.0,0.0,0.0,0.0,1.0,0.0,5.0,9.0,1.0,0.4,0.0,0.0,2.0,0.0,1.0,3.0,4.0,0.25,4.0,1.0,0.375,1.0,2018,21701152,20180401.0,2017-18,False,1.0,6.0,14.0,0.429,0.483,-0.054,1.0,3.0,0.333,0.294,5.0,11.0,0.455,0.524,4.0,8.0,0.5,0.572,1.0,4.0,0.25,0.353,0.0,4.0,0.0,0.0,0.0,0.0,0.0,0.0,0.0,0.0,0.0,0.0,0.0,0.0,5.0,3.0,2.0,2.0,1.0,1.0,2.0,1.0,1.0,2.0,0.5,0.5,1.0,2.0,3.0,2.0,0.0,0.333,0.667,1.0,0.0
200794,Paul Millsap,1610612743,DEN,33.0,27.05,8,14,0.571,3,6,0.5,1,3,0.333,0,6,6,7,3,2,2,0,3,2,20,33,0.122,157.2,91.8,0.161,0.2,12.0,56,0.0,0.653,82.07,153.6,99.8,2.33,0.28,98.48,96.4,28.0,57.2,65.4,0.302,0.679,0.286,11.8,7.0,0.0,0.182,17.0,44.0,0.159,1.0,45.0,8.0,0.0,3.0,0.333,1.0,0.0,0.0,0.0,0.0,0.0,0.0,0.5,6.0,0.0,0.0,0.333,3.0,2.0,2.0,1.0,62.0,2.1,2.0,2.0,2.01,1.0,5.0,44.0,0.323,1.05,1.0,4.0,7.0,4.0,5.0,0.0,0.75,0.0,0.0,0.0,0.857,8.0,0.0,0.0,5.0,0.0,1.0,0.0,0.167,0.75,1.0,0.857,0.167,0.0,,,,,,,,,,,,,,5.0,0.357,0.0,0.6,0.0,3.0,0.357,5.0,0.6,,3.0,0.6,0.0,3.0,1.0,0.333,0.0,0.214,1.0,1.0,0.5,0.071,0.143,2.0,0.333,0.0,0.429,3.0,1.0,0.071,5.0,0.357,1.0,0.6,0.917,1.0,6.0,0.667,4.0,0.0,1.0,0.0,0.0,0.0,0.0,0.0,2.0,5.0,1.0,4.0,1.0,0.679,0.667,1.0,11.0,2.0,1.0,0.0,0.5,1.0,0.75,4.0,4.0,0.25,1.0,2.0,1.0,1.0,3.0,1.0,1.0,1.0,1.0,0.0,2.0,0.0,2.0,1.0,2.0,0.5,84.0,42.0,0.372,0.5,0.611,-0.111,1.0,0.5,,0.333,0.0,,0.0,2.0,1.0,1.0,0.0,1.0,,0.0,0.0,1.0,3.0,4.0,3.0,3.0,0.5,0.0,0.0,2.0,0.0,1.0,1.0,6.0,0.6,5.0,3.0,0.917,4.0,2018,21700226,20171117.0,2017-18,False,1.0,8.0,16.0,0.5,0.483,0.017,0.0,4.0,0.0,0.341,8.0,12.0,0.667,0.53,6.0,9.0,0.667,0.578,2.0,7.0,0.286,0.352,2.0,2.0,1.0,2.0,0.5,1.0,2.0,0.4,0.0,0.0,0.0,0.0,1.0,0.2,11.0,8.0,3.0,3.0,0.0,2.0,5.0,0.0,1.0,1.0,0.0,1.0,0.0,2.0,2.0,0.0,0.0,0.0,1.0,0.0,0.0
200794,Paul Millsap,1610612743,DEN,33.0,23.761666666666667,2,6,0.333,0,2,0.0,2,5,0.4,2,7,9,4,0,0,0,0,2,5,6,32,0.17,143.7,78.3,0.081,0.241,0.0,48,0.083,0.366,80.8,145.8,98.22,0.0,0.16,96.96,79.2,33.3,66.7,65.4,0.156,0.333,0.151,0.0,4.0,0.0,0.182,9.0,22.0,0.182,0.0,14.0,4.0,0.0,2.0,1.0,1.0,0.0,0.0,0.0,0.0,0.0,0.0,0.0,2.0,0.0,0.0,0.5,0.0,2.0,0.0,1.0,31.0,1.3,0.0,0.0,2.47,0.0,0.0,15.0,0.194,1.26,3.0,7.7,10.0,6.2,5.0,1.0,0.75,1.0,0.5,1.0,0.778,12.0,1.0,1.0,6.0,0.0,2.0,1.0,0.286,0.818,2.0,0.7,0.333,13.0,,,,,,,,,,,,,,2.0,0.333,1.0,1.0,0.167,2.0,0.5,3.0,0.667,0.0,2.0,0.667,0.0,3.0,1.0,0.0,0.0,0.5,0.0,0.0,0.0,0.167,0.333,2.0,0.0,0.0,,,,,,,,,,,,,,0.0,1.0,0.0,0.0,0.0,0.0,0.0,2.0,0.0,0.0,0.0,0.0,0.333,0.0,0.0,0.0,0.0,0.0,0.0,0.0,0.0,0.5,2.0,2.0,0.0,0.0,0.0,0.0,0.0,1.0,1.0,0.0,0.0,0.0,0.0,0.0,0.0,1.0,0.0,1.0,1.0,127.0,63.0,0.399,0.496,0.619,-0.123,1.0,0.0,,1.0,,,0.0,1.0,0.0,2.0,0.0,0.0,,0.0,0.0,0.0,0.0,1.0,2.0,1.0,0.0,,,0.0,0.0,0.0,0.0,1.0,0.0,1.0,0.0,0.0,0.0,2018,21700996,20180311.0,2017-18,False,1.0,6.0,14.0,0.429,0.483,-0.054,0.0,1.0,0.0,0.347,6.0,13.0,0.462,0.508,4.0,9.0,0.444,0.565,1.0,3.0,0.333,0.386,0.0,0.0,0.0,0.0,0.0,0.0,0.0,0.0,0.0,0.0,0.0,0.0,0.0,0.0,7.0,7.0,0.0,1.0,0.0,0.0,0.0,0.0,0.0,0.0,0.0,0.0,0.0,4.0,4.0,4.0,1.0,0.0,1.0,1.0,0.25
200794,Paul Millsap,1610612743,DEN,33.0,30.321666666666665,8,12,0.667,2,3,0.667,3,3,1.0,0,6,6,1,2,0,3,0,3,4,21,12,0.118,133.8,110.8,0.128,0.2,12.5,64,0.0,0.788,83.77,131.3,101.12,0.5,0.053,100.52,114.3,6.3,17.0,22.9,0.229,0.75,0.221,12.3,0.0,,0.0,0.0,0.0,0.0,0.0,0.0,0.0,0.0,0.0,0.0,0.0,0.0,0.0,0.0,0.0,0.0,0.0,0.0,0.0,0.0,0.0,0.0,0.0,0.0,0.0,0.0,0.0,0.0,0.0,0.0,0.0,0.0,0.0,0.0,0.0,0.0,,,,,,,,,,,,,,,,,,,,,,,,,,,,,,,,,,,,,,,,,,,,,,,,,,,,,,,,,,,,,,,,,,,,,,,,,,,,,0.0,,0.0,,,,,0.0,0.0,0.0,0.0,0.0,0.75,0.0,0.0,0.0,0.0,0.0,0.0,0.0,0.0,0.5,6.0,3.0,0.667,0.0,0.0,0.0,0.0,3.0,3.0,0.0,0.0,2.0,0.0,0.0,0.0,0.0,0.0,3.0,1.0,121.0,60.0,0.398,0.496,0.618,-0.122,0.0,0.0,,0.75,,,0.0,0.0,0.0,3.0,0.0,0.6,,0.0,0.0,0.0,3.0,3.0,4.0,5.0,0.667,,,2.0,0.0,0.0,0.0,0.0,,,,,0.0,2018,21700983,20180309.0,2017-18,False,1.0,9.0,17.0,0.529,0.451,0.078,2.0,5.0,0.4,0.342,7.0,12.0,0.583,0.517,5.0,10.0,0.5,0.555,4.0,7.0,0.571,0.341,0.0,0.0,0.0,0.0,0.0,0.0,0.0,0.0,0.0,0.0,0.0,0.0,0.0,0.0,13.0,10.0,3.0,0.0,1.0,2.0,6.0,1.0,2.0,3.0,0.333,0.667,0.0,3.0,3.0,3.0,2.0,0.0,1.0,1.0,0.667
200794,Paul Millsap,1610612743,DEN,33.0,30.616666666666667,6,12,0.5,2,4,0.5,0,0,0.0,0,4,4,3,4,1,0,0,1,1,14,12,0.066,125.7,104.7,0.075,0.108,21.1,68,0.0,0.583,89.49,122.1,104.95,0.75,0.125,107.39,102.9,15.8,19.2,21.0,0.225,0.583,0.219,21.1,3.0,0.0,0.125,8.0,32.0,0.094,1.0,39.0,4.0,0.0,0.0,0.0,0.0,0.0,0.0,0.0,0.0,0.0,0.0,0.0,0.0,0.0,0.0,0.0,0.0,0.0,2.0,3.0,50.0,1.9,0.0,0.0,2.32,0.857,7.0,37.0,0.28,1.28,1.0,7.7,9.0,7.7,3.0,0.0,0.4,0.0,0.0,0.0,0.444,10.0,0.0,0.0,3.0,0.0,1.0,0.0,0.25,0.4,1.0,0.444,0.25,0.0,1.0,0.0,0.083,0.0,0.0,1.0,1.0,1.0,1.0,0.083,1.0,1.0,,2.0,0.167,0.0,0.0,0.0,0.0,0.167,2.0,0.0,,0.0,0.0,0.0,4.0,0.0,0.5,0.0,0.333,2.0,2.0,0.5,0.0,0.333,4.0,0.5,,0.417,2.0,1.0,0.083,4.0,0.333,1.0,0.5,0.8,1.0,5.0,0.6,3.0,3.0,0.0,6.0,0.6,0.6,,0.0,5.0,6.0,0.0,0.0,0.6,0.583,0.5,0.0,6.0,0.0,0.0,0.0,0.667,0.0,0.667,3.0,3.0,0.667,0.0,0.0,0.0,0.0,2.0,0.0,0.0,1.0,2.0,0.0,1.0,0.0,3.0,2.0,2.0,0.0,137.0,66.0,0.394,0.482,0.617,-0.135,1.0,1.0,0.0,0.333,,0.0,0.0,1.0,0.667,1.0,0.0,1.0,0.0,0.0,0.0,1.0,1.0,3.0,3.0,1.0,0.333,,,1.0,0.0,2.0,3.0,4.0,0.5,4.0,2.0,0.75,2.0,2018,21701026,20180315.0,2017-18,False,1.0,7.0,18.0,0.389,0.449,-0.06,4.0,7.0,0.571,0.371,3.0,11.0,0.273,0.487,1.0,7.0,0.143,0.527,6.0,11.0,0.545,0.354,3.0,5.0,0.0,0.0,0.0,0.857,1.0,0.143,0.0,0.0,1.0,0.143,0.0,0.0,7.0,4.0,3.0,0.0,0.0,0.0,0.0,0.0,1.0,1.0,0.0,1.0,0.0,6.0,6.0,3.0,0.0,0.0,1.0,1.0,0.0
200794,Paul Millsap,1610612743,DEN,33.0,35.94,3,8,0.375,1,2,0.5,3,3,1.0,1,6,7,1,1,0,1,0,4,2,10,0,0.108,111.0,121.0,0.062,0.207,9.1,66,0.028,0.536,73.46,118.2,89.99,1.0,0.038,88.15,118.2,9.1,0.0,-10.0,0.132,0.438,0.127,8.8,1.0,0.0,0.026,3.0,38.0,0.026,0.0,31.0,1.0,0.0,2.0,0.0,0.0,0.0,0.0,0.0,0.0,0.0,0.0,0.333,3.0,0.0,0.0,0.0,1.0,0.0,1.0,1.0,50.0,1.9,2.0,0.0,2.28,0.0,2.0,30.0,0.2,0.98,4.0,4.2,14.0,4.7,3.0,2.0,0.438,2.0,1.0,0.5,0.5,16.0,1.0,0.0,3.0,0.0,3.0,0.5,0.5,0.5,2.0,0.429,0.571,1.4,0.0,0.0,0.125,0.0,0.0,0.0,0.0,1.0,0.0,0.125,0.0,1.0,,3.0,0.375,0.0,0.333,0.0,1.0,0.375,3.0,0.333,,1.0,0.333,0.0,2.0,1.0,0.0,0.0,0.25,0.0,0.0,0.0,0.125,0.125,1.0,0.0,0.0,0.25,1.0,1.0,0.125,1.0,0.125,1.0,1.0,1.25,1.0,2.0,1.0,2.0,0.0,0.0,0.0,0.0,0.0,,0.0,1.0,0.0,1.0,2.0,0.0,0.438,0.75,0.0,7.0,0.0,1.0,0.0,0.5,0.0,0.333,3.0,1.0,0.0,1.0,1.0,1.0,1.0,1.0,0.0,0.0,0.0,0.0,0.0,1.0,0.0,2.0,1.0,1.0,0.0,237.0,121.0,0.42,0.511,0.613,-0.103,2.0,0.0,,0.0,0.0,,0.0,1.0,0.0,0.0,0.0,0.5,,0.0,0.5,0.0,1.0,1.0,2.0,2.0,1.0,0.0,0.0,1.0,1.0,0.0,0.0,4.0,0.5,2.0,1.0,0.875,3.0,2018,21701225,20180411.0,2017-18,False,1.0,10.0,18.0,0.556,0.514,0.042,,,,,10.0,18.0,0.556,0.55,8.0,13.0,0.615,0.607,2.0,4.0,0.5,0.389,0.0,2.0,0.0,0.0,0.0,0.0,0.0,0.0,0.0,0.0,0.0,0.0,0.0,0.0,13.0,13.0,0.0,1.0,0.0,0.0,0.0,0.0,2.0,2.0,0.0,1.0,0.0,15.0,15.0,8.0,2.0,0.0,1.0,1.0,0.25
200794,Paul Millsap,1610612743,DEN,33.0,39.71666666666667,13,18,0.722,2,3,0.667,8,11,0.727,3,6,9,2,1,0,0,1,5,8,36,1,0.105,123.2,117.1,0.18,0.115,3.8,84,0.088,0.788,84.1,117.9,99.13,2.0,0.08,100.91,118.1,7.7,-0.2,6.1,0.261,0.778,0.25,3.9,3.0,0.0,0.05,3.0,40.0,0.05,1.0,47.0,2.0,0.0,5.0,1.0,4.0,0.1,0.0,0.1,2.0,2.0,1.0,0.2,10.0,1.0,1.0,0.8,2.0,10.0,0.0,6.0,63.0,2.6,0.0,0.667,2.48,0.889,9.0,47.0,0.571,1.29,2.0,5.3,12.0,4.8,5.0,0.0,0.529,0.0,0.333,0.429,0.5,17.0,1.0,2.0,7.0,0.0,1.0,0.429,0.167,0.529,7.0,0.5,0.222,6.5,0.5,0.0,0.118,0.0,0.0,1.0,1.0,2.0,0.5,0.118,0.5,2.0,,7.0,0.412,0.0,0.714,0.0,5.0,0.412,7.0,0.714,,5.0,0.714,0.0,6.0,3.0,1.0,2.0,0.353,5.0,3.0,1.0,0.176,0.176,3.0,0.833,0.667,0.118,0.0,2.0,0.118,0.0,0.0,1.0,,1.0,2.0,2.0,1.0,2.0,6.0,1.0,13.0,0.813,0.75,1.0,1.0,8.0,8.0,0.0,0.0,0.6,0.778,0.5,1.0,3.0,4.0,0.0,0.0,0.333,0.0,0.889,9.0,3.0,0.667,0.0,0.0,0.0,0.0,8.0,2.0,0.0,0.0,2.0,0.0,0.0,0.0,3.0,1.0,3.0,0.667,193.0,92.0,0.414,0.477,0.613,-0.136,0.0,1.0,,0.667,0.0,,0.0,1.0,0.5,2.0,0.0,0.875,,0.0,0.0,1.0,7.0,2.0,3.0,8.0,0.5,0.0,0.0,1.0,0.0,2.0,4.0,2.0,0.5,2.0,1.0,0.75,1.0,2018,21701133,20180330.0,2017-18,False,1.0,10.0,15.0,0.667,0.45,0.216,5.0,6.0,0.833,0.337,5.0,9.0,0.556,0.507,4.0,5.0,0.8,0.576,5.0,9.0,0.556,0.363,3.0,5.0,2.0,2.0,1.0,0.889,3.0,0.333,0.0,0.0,0.0,0.0,1.0,0.111,9.0,5.0,4.0,3.0,0.0,0.0,0.0,1.0,0.0,1.0,1.0,0.0,2.0,13.0,15.0,10.0,4.0,0.133,0.867,0.909,0.364
200794,Paul Millsap,1610612743,DEN,33.0,26.366666666666667,6,12,0.5,3,4,0.75,5,6,0.833,1,2,3,4,0,2,0,1,2,4,20,29,0.061,134.3,84.4,0.18,0.074,0.0,56,0.045,0.683,84.96,135.7,102.24,0.0,0.19,101.95,83.9,22.2,51.8,49.9,0.246,0.625,0.233,0.0,6.0,0.0,0.174,11.0,23.0,0.174,0.0,27.0,4.0,0.0,4.0,0.333,1.0,0.0,0.0,0.167,0.0,0.0,1.0,0.167,6.0,0.0,0.0,0.25,1.0,2.0,0.0,2.0,38.0,1.8,0.0,0.0,2.88,0.167,6.0,25.0,0.526,2.13,1.0,2.2,3.0,2.8,2.0,0.0,0.5,0.0,1.0,0.333,0.667,6.0,1.0,0.0,2.0,0.0,0.0,0.333,0.0,0.5,3.0,0.667,0.333,1.0,,,,,,,,,,,,,,4.0,0.364,0.0,0.25,0.0,1.0,0.364,4.0,0.25,,1.0,0.25,0.0,3.0,0.0,0.667,0.0,0.273,2.0,2.0,0.667,0.0,0.273,3.0,0.667,,0.364,3.0,0.0,0.0,4.0,0.364,,0.75,1.125,0.0,4.0,0.75,3.0,4.0,1.0,9.0,0.643,0.571,1.0,1.0,7.0,1.0,0.0,0.0,0.0,0.625,0.667,0.0,6.0,0.0,1.0,0.0,0.5,0.0,0.333,6.0,3.0,0.667,1.0,1.0,1.0,1.0,2.0,0.0,0.0,0.0,2.0,0.0,1.0,0.0,2.0,1.0,0.0,0.0,46.0,19.0,0.362,0.413,0.621,-0.208,1.0,0.667,,0.0,0.0,,0.0,3.0,0.0,0.0,0.0,0.5,,0.0,1.0,2.0,2.0,1.0,0.0,4.0,1.0,0.0,0.0,1.0,1.0,0.0,3.0,3.0,0.667,3.0,2.0,1.0,2.0,2018,21700114,20171101.0,2017-18,False,1.0,7.0,22.0,0.318,0.463,-0.145,1.0,10.0,0.1,0.369,6.0,12.0,0.5,0.545,4.0,7.0,0.571,0.593,1.0,13.0,0.077,0.387,0.0,1.0,1.0,2.0,0.5,0.167,2.0,0.333,1.0,0.167,0.0,0.0,1.0,0.167,15.0,9.0,6.0,2.0,0.0,0.0,0.0,0.0,1.0,1.0,0.0,1.0,0.0,3.0,3.0,0.0,0.0,0.0,1.0,0.0,0.0
200794,Paul Millsap,1610612743,DEN,33.0,40.05,6,17,0.353,0,4,0.0,5,5,1.0,2,5,7,5,3,2,6,1,2,5,17,3,0.082,106.4,99.1,0.129,0.106,11.1,77,0.053,0.443,77.9,106.5,93.94,1.67,0.208,93.48,100.0,18.5,6.5,7.3,0.249,0.353,0.239,11.0,6.0,1.0,0.1,13.0,50.0,0.1,0.0,51.0,5.0,1.0,5.0,0.6,3.0,0.0,0.1,0.1,0.0,0.0,1.0,0.3,10.0,0.0,0.0,0.6,3.0,6.0,4.0,3.0,72.0,3.0,1.0,1.333,2.5,0.25,8.0,50.0,0.236,1.31,4.0,5.1,11.0,3.7,3.0,1.0,0.412,1.0,1.0,0.333,0.5,17.0,2.0,0.0,3.0,0.0,2.0,0.333,0.4,0.438,6.0,0.455,0.571,8.7,1.0,0.0,0.063,0.0,0.0,1.0,1.0,1.0,1.0,0.063,1.0,1.0,,7.0,0.438,0.0,0.286,0.0,2.0,0.438,7.0,0.286,,2.0,0.286,0.0,4.0,1.0,0.5,0.0,0.25,2.0,2.0,0.667,0.063,0.188,3.0,0.5,0.0,0.25,0.0,1.0,0.063,3.0,0.188,1.0,0.0,0.25,1.0,4.0,0.25,1.0,2.0,1.0,4.0,0.286,0.286,0.0,0.0,7.0,2.0,0.667,4.0,0.0,0.353,0.0,0.667,0.0,4.0,0.0,0.0,0.25,0.0,0.75,4.0,4.0,0.0,0.0,0.0,0.0,0.0,3.0,2.0,0.0,0.0,0.0,0.0,0.0,0.0,4.0,1.0,5.0,0.4,67.0,31.0,0.358,0.463,0.615,-0.152,2.0,0.0,0.0,0.4,0.0,0.0,0.0,2.0,0.25,2.0,0.0,1.0,0.0,0.0,0.5,0.0,2.0,2.0,5.0,2.0,0.0,0.0,0.0,0.0,1.0,1.0,4.0,3.0,0.0,3.0,0.0,0.0,0.0,2018,21700168,20171109.0,2017-18,False,1.0,9.0,19.0,0.474,0.448,0.026,3.0,7.0,0.429,0.337,6.0,12.0,0.5,0.5,4.0,9.0,0.444,0.573,5.0,10.0,0.5,0.367,0.0,3.0,2.0,2.0,1.0,0.25,4.0,0.5,0.0,0.0,0.0,0.0,1.0,0.125,20.0,12.0,8.0,6.0,1.0,0.0,0.0,1.0,1.0,2.0,0.5,0.5,0.0,3.0,3.0,0.0,0.0,0.0,1.0,0.0,0.0
200794,Paul Millsap,1610612743,DEN,33.0,24.65,1,4,0.25,0,0,0.0,0,0,0.0,0,1,1,5,2,1,1,0,3,1,2,-3,0.022,104.7,116.7,0.015,0.053,18.2,46,0.0,0.25,74.65,108.7,90.7,2.5,0.294,89.57,115.2,45.5,-6.5,-12.0,0.118,0.25,0.118,18.2,7.0,0.0,0.185,14.0,27.0,0.185,0.0,29.0,5.0,0.0,0.0,0.0,0.0,0.0,0.0,0.0,0.0,0.0,0.0,0.0,1.0,0.0,0.0,0.0,0.0,0.0,0.0,1.0,35.0,1.3,0.0,2.0,2.29,0.0,4.0,28.0,0.057,0.97,0.0,2.1,2.0,2.1,1.0,0.0,0.5,0.0,0.0,0.0,0.5,2.0,0.0,0.0,1.0,0.0,0.0,0.0,0.0,0.5,0.0,0.5,0.0,0.0,,,,,,,,,,,,,,1.0,0.25,0.0,0.0,0.0,0.0,0.25,1.0,0.0,,0.0,0.0,0.0,3.0,0.0,0.333,0.0,0.75,1.0,1.0,0.333,0.0,0.75,3.0,0.333,,,,,,,,,,,,,,,0.0,,0.0,0.0,0.0,,,2.0,0.0,0.0,0.0,0.0,0.25,0.0,1.0,0.0,2.0,0.0,0.0,0.0,,0.0,2.0,0.0,0.0,0.0,0.0,0.0,0.0,0.0,1.0,,,0.0,0.0,0.0,0.0,1.0,0.0,1.0,1.0,168.0,79.0,0.408,0.47,0.613,-0.143,1.0,0.0,,1.0,,,0.0,0.0,0.0,1.0,0.0,0.0,,0.0,0.0,0.0,0.0,0.0,1.0,0.0,0.0,,,0.0,0.0,0.0,2.0,1.0,,,,0.0,0.0,2018,21701079,20180323.0,2017-18,False,1.0,9.0,17.0,0.529,0.479,0.051,1.0,2.0,0.5,0.398,8.0,15.0,0.533,0.514,3.0,6.0,0.5,0.573,4.0,9.0,0.444,0.367,0.0,1.0,0.0,0.0,0.0,0.0,0.0,0.0,2.0,0.5,0.0,0.0,0.0,0.0,15.0,13.0,2.0,2.0,0.0,0.0,0.0,0.0,0.0,0.0,0.0,0.0,3.0,5.0,8.0,2.0,0.0,0.375,0.625,0.667,0.0
200794,Paul Millsap,1610612743,DEN,33.0,36.7,5,14,0.357,0,1,0.0,3,4,0.75,0,11,11,5,0,0,3,1,0,3,13,34,0.134,130.3,92.3,0.119,0.229,0.0,80,0.0,0.412,87.74,132.5,104.24,0.0,0.143,105.29,88.9,23.8,43.6,38.0,0.187,0.357,0.19,0.0,8.0,0.0,0.098,14.0,51.0,0.098,0.0,39.0,5.0,0.0,5.0,0.222,1.0,0.0,0.0,0.333,0.0,0.0,3.0,0.111,9.0,0.0,0.0,0.2,1.0,2.0,2.0,0.0,68.0,3.1,0.0,0.0,2.72,0.75,8.0,37.0,0.191,1.78,4.0,5.3,20.0,5.3,7.0,0.0,0.524,0.0,0.0,0.0,0.55,21.0,0.0,0.0,7.0,0.0,4.0,0.0,0.364,0.524,2.0,0.55,0.364,0.0,,,,,,,,,,,,,,7.0,0.538,0.0,0.429,0.0,3.0,0.538,7.0,0.429,,3.0,0.429,0.0,5.0,1.0,0.2,0.0,0.385,1.0,1.0,0.25,0.077,0.308,4.0,0.2,0.0,0.077,0.0,1.0,0.077,0.0,0.0,1.0,,1.0,1.0,1.0,1.0,1.0,1.0,0.0,2.0,0.25,0.25,,0.0,4.0,6.0,0.0,0.0,0.5,0.357,0.5,0.0,2.0,0.0,0.0,0.0,0.0,0.0,0.333,9.0,1.0,0.0,0.0,0.0,0.0,0.0,3.0,2.0,0.0,0.0,0.0,0.0,0.0,0.0,2.0,0.0,2.0,1.0,36.0,13.0,0.387,0.361,0.62,-0.258,0.0,0.0,0.0,1.0,0.0,0.0,0.0,1.0,0.25,2.0,0.0,0.286,0.0,0.0,0.0,0.0,2.0,0.0,2.0,7.0,0.0,0.0,0.0,0.0,0.0,1.0,4.0,2.0,0.0,1.0,0.0,0.5,1.0,2018,21700087,20171029.0,2017-18,False,1.0,5.0,20.0,0.25,0.451,-0.201,0.0,4.0,0.0,0.344,5.0,16.0,0.313,0.499,4.0,14.0,0.286,0.539,0.0,5.0,0.0,0.337,3.0,6.0,0.0,0.0,0.0,0.75,1.0,0.125,0.0,0.0,0.0,0.0,0.0,0.0,18.0,13.0,5.0,2.0,0.0,3.0,6.0,0.0,1.0,1.0,0.0,1.0,0.0,4.0,4.0,3.0,1.0,0.0,1.0,1.0,0.333
200794,Paul Millsap,1610612743,DEN,33.0,29.835,6,13,0.462,1,4,0.25,2,4,0.5,1,1,2,4,1,1,0,0,4,5,15,13,0.036,135.7,115.1,0.053,0.028,5.0,60,0.05,0.508,81.11,138.3,98.11,4.0,0.148,97.34,114.8,20.0,23.6,20.6,0.25,0.5,0.254,5.1,5.0,0.0,0.154,10.0,26.0,0.154,0.0,31.0,4.0,0.0,2.0,0.5,1.0,0.0,0.0,0.25,0.0,0.0,1.0,0.0,4.0,0.0,0.0,0.5,0.0,2.0,0.0,6.0,44.0,1.6,0.0,1.333,2.15,0.333,6.0,30.0,0.341,1.2,1.0,3.2,9.0,3.7,0.0,1.0,0.2,1.0,0.0,1.0,0.125,10.0,0.0,1.0,1.0,0.0,1.0,1.0,1.0,0.222,1.0,0.111,0.5,2.8,1.0,0.0,0.077,0.0,0.0,1.0,1.0,1.0,1.0,0.077,1.0,1.0,,4.0,0.308,0.0,0.5,0.0,2.0,0.308,4.0,0.5,,2.0,0.5,0.0,4.0,1.0,0.5,0.0,0.308,2.0,2.0,0.667,0.077,0.231,3.0,0.5,0.0,0.308,1.0,0.0,0.077,3.0,0.231,0.0,0.333,0.375,1.0,4.0,0.25,1.0,0.0,0.0,0.0,0.0,0.0,,0.0,2.0,2.0,0.0,0.0,0.333,0.5,0.25,1.0,3.0,8.0,0.0,0.0,0.0,0.0,0.4,5.0,3.0,0.333,0.0,0.0,0.0,0.0,2.0,3.0,0.0,1.0,1.0,0.0,1.0,0.0,1.0,0.0,3.0,1.0,221.0,110.0,0.418,0.498,0.614,-0.117,0.0,0.0,0.0,0.75,,0.0,0.0,0.0,0.0,3.0,0.0,0.667,0.0,0.0,0.0,0.0,2.0,4.0,4.0,3.0,0.25,,,1.0,0.0,0.0,2.0,4.0,0.25,4.0,1.0,0.375,1.0,2018,21701191,20180407.0,2017-18,False,1.0,8.0,16.0,0.5,0.534,-0.034,0.0,2.0,0.0,0.395,8.0,14.0,0.571,0.572,7.0,10.0,0.7,0.618,1.0,4.0,0.25,0.386,1.0,3.0,0.0,0.0,0.0,0.333,2.0,0.333,0.0,0.0,1.0,0.167,0.0,0.0,6.0,4.0,2.0,0.0,0.0,3.0,6.0,0.0,0.0,0.0,0.0,0.0,1.0,14.0,15.0,7.0,0.0,0.067,0.933,0.875,0.0
200794,Paul Millsap,1610612743,DEN,33.0,34.083333333333336,9,17,0.529,1,4,0.25,8,12,0.667,4,5,9,5,4,2,1,1,2,9,27,-2,0.158,106.9,110.5,0.205,0.185,12.9,66,0.133,0.606,76.87,109.1,94.58,1.25,0.278,92.24,113.8,16.1,-4.8,-3.6,0.353,0.559,0.347,12.8,5.0,0.0,0.139,14.0,36.0,0.139,0.0,42.0,5.0,2.0,8.0,0.769,4.0,0.154,0.154,0.0,4.0,2.0,0.0,0.077,13.0,0.5,2.0,0.5,1.0,10.0,0.0,4.0,64.0,2.4,0.0,0.5,2.26,1.333,3.0,45.0,0.422,1.42,3.0,5.3,9.0,5.8,5.0,1.0,0.6,1.0,0.75,0.667,0.625,15.0,3.0,1.0,6.0,0.0,0.0,0.667,0.0,0.643,6.0,0.556,0.333,4.8,0.333,0.0,0.188,0.063,1.0,1.0,1.0,4.0,0.25,0.25,0.25,3.0,0.0,7.0,0.438,0.0,0.857,0.0,6.0,0.438,7.0,0.857,,6.0,0.857,0.0,3.0,1.0,0.333,0.0,0.188,1.0,1.0,0.5,0.063,0.125,2.0,0.333,0.0,0.125,1.0,0.0,0.0,2.0,0.125,,0.5,0.75,0.0,2.0,0.5,1.0,2.0,1.0,4.0,0.5,0.5,0.0,0.0,4.0,4.0,0.0,0.0,1.0,0.559,0.333,1.0,3.0,2.0,0.0,0.0,0.5,0.0,0.5,4.0,4.0,0.25,0.0,0.0,0.0,0.0,2.0,5.0,0.0,0.0,1.0,0.0,0.0,0.0,2.0,1.0,7.0,0.714,52.0,23.0,0.371,0.442,0.613,-0.171,0.0,0.25,,0.75,,,0.0,4.0,0.667,6.0,0.0,0.0,,0.0,0.0,1.0,0.0,0.0,8.0,2.0,0.0,,,0.0,0.0,2.0,3.0,3.0,0.333,3.0,1.0,0.5,1.0,2018,21700127,20171103.0,2017-18,False,1.0,8.0,13.0,0.615,0.472,0.143,3.0,4.0,0.75,0.335,5.0,9.0,0.556,0.536,4.0,7.0,0.571,0.536,4.0,6.0,0.667,0.371,2.0,2.0,0.0,0.0,0.0,1.333,0.0,0.0,0.0,0.0,0.0,0.0,0.0,0.0,7.0,4.0,3.0,5.0,0.0,2.0,4.0,0.0,1.0,1.0,0.0,1.0,2.0,6.0,8.0,4.0,3.0,0.25,0.75,0.8,0.6
200794,Paul Millsap,1610612743,DEN,33.0,26.84,8,9,0.889,1,1,1.0,5,6,0.833,1,7,8,3,3,5,1,0,2,5,22,34,0.167,142.1,86.5,0.228,0.233,17.6,57,0.056,0.945,84.2,145.6,102.87,1.0,0.13,101.04,87.5,17.6,58.1,55.6,0.227,0.944,0.219,17.0,5.0,0.0,0.086,6.0,35.0,0.086,0.0,31.0,3.0,0.0,1.0,1.333,1.0,0.333,0.0,0.0,2.0,2.0,0.0,0.333,3.0,1.0,1.0,1.0,1.0,4.0,0.0,3.0,50.0,2.0,0.0,2.0,2.36,1.1,10.0,31.0,0.44,1.48,4.0,5.0,10.0,4.0,3.0,1.0,0.667,1.0,0.0,0.5,0.778,12.0,0.0,1.0,4.0,0.0,4.0,0.5,0.571,0.727,2.0,0.7,0.5,11.6,,,,,,,,,,,,,,6.0,0.667,0.0,1.0,0.0,6.0,0.667,6.0,1.0,,6.0,1.0,0.0,1.0,0.0,1.0,0.0,0.111,1.0,1.0,1.0,0.0,0.111,1.0,1.0,,0.222,1.0,0.0,0.111,1.0,0.111,0.0,1.0,0.75,1.0,2.0,0.5,1.0,1.0,0.0,2.0,0.5,0.5,,0.0,2.0,11.0,0.0,0.0,1.0,0.944,1.0,1.0,3.0,6.0,0.0,0.0,0.5,0.0,1.0,3.0,1.0,1.0,0.0,0.0,0.0,0.0,3.0,3.0,0.0,0.0,1.0,0.0,0.0,0.0,2.0,1.0,3.0,1.0,163.0,77.0,0.413,0.472,0.613,-0.141,0.0,1.0,0.0,1.0,,0.0,0.0,1.0,1.0,3.0,0.0,1.0,0.0,0.0,0.0,1.0,3.0,1.0,3.0,3.0,0.0,,,0.0,0.0,1.0,1.0,1.0,1.0,1.0,1.0,1.5,1.0,2018,21701069,20180321.0,2017-18,False,1.0,4.0,14.0,0.286,0.413,-0.127,3.0,10.0,0.3,0.361,1.0,4.0,0.25,0.466,1.0,3.0,0.333,0.538,3.0,11.0,0.273,0.354,5.0,5.0,0.0,0.0,0.0,1.1,3.0,0.3,1.0,0.1,1.0,0.1,0.0,0.0,10.0,2.0,8.0,5.0,0.0,0.0,0.0,0.0,3.0,3.0,0.0,1.0,0.0,4.0,4.0,4.0,2.0,0.0,1.0,1.0,0.5
200794,Paul Millsap,1610612743,DEN,33.0,33.5,7,15,0.467,1,5,0.2,4,5,0.8,1,5,6,1,5,0,0,0,3,5,19,-6,0.103,93.6,104.0,0.071,0.185,21.7,69,0.032,0.552,81.79,92.8,97.2,0.2,0.059,98.15,102.9,4.3,-10.2,-10.5,0.302,0.5,0.297,21.6,1.0,0.0,0.034,2.0,29.0,0.034,0.0,33.0,1.0,2.0,3.0,0.571,2.0,0.0,0.286,0.0,0.0,0.0,0.0,0.286,7.0,0.0,0.0,0.667,2.0,4.0,1.0,2.0,51.0,1.9,0.0,1.0,2.26,1.0,5.0,33.0,0.373,1.37,2.0,4.6,9.0,3.6,4.0,2.0,0.545,2.0,1.0,0.5,0.714,11.0,1.0,0.0,4.0,0.0,1.0,0.5,0.2,0.667,2.0,0.556,0.333,9.7,1.0,0.0,0.067,0.0,0.0,1.0,1.0,1.0,1.0,0.067,1.0,1.0,,5.0,0.333,0.0,0.6,0.0,3.0,0.333,5.0,0.6,,3.0,0.6,0.0,6.0,4.0,0.583,1.0,0.4,3.0,2.0,1.0,0.267,0.133,2.0,0.5,0.25,0.2,0.0,0.0,0.133,1.0,0.067,0.0,0.0,0.0,2.0,3.0,0.0,0.0,1.0,2.0,2.0,0.25,0.25,0.0,0.0,4.0,5.0,0.0,0.0,0.5,0.5,0.333,1.0,5.0,2.0,0.0,0.0,0.333,0.0,0.8,5.0,5.0,0.2,0.0,0.0,0.0,0.0,4.0,1.0,0.0,0.0,1.0,0.0,0.0,0.0,3.0,1.0,2.0,0.5,6.0,2.0,0.353,0.333,0.696,-0.363,2.0,0.2,,0.667,,,0.0,5.0,0.5,2.0,0.0,0.667,,0.0,0.5,1.0,2.0,0.0,3.0,3.0,0.0,,,0.0,1.0,1.0,2.0,6.0,0.333,3.0,1.0,0.417,2.0,2018,21700010,20171018.0,2017-18,False,1.0,8.0,17.0,0.471,0.522,-0.051,0.0,3.0,0.0,0.296,8.0,14.0,0.571,0.58,4.0,9.0,0.444,0.644,3.0,6.0,0.5,0.343,1.0,2.0,3.0,4.0,0.75,1.0,0.0,0.0,0.0,0.0,1.0,0.2,2.0,0.4,11.0,10.0,1.0,3.0,2.0,0.0,0.0,0.0,0.0,0.0,0.0,0.0,0.0,4.0,4.0,3.0,1.0,0.0,1.0,1.0,0.333
200794,Paul Millsap,1610612743,DEN,33.0,29.566666666666663,3,9,0.333,0,4,0.0,6,10,0.6,3,4,7,1,0,0,0,1,3,5,12,-12,0.109,97.8,127.1,0.06,0.143,0.0,54,0.083,0.448,73.06,100.0,86.98,0.0,0.071,87.67,122.2,6.7,-22.2,-29.4,0.199,0.333,0.203,0.0,4.0,0.0,0.071,2.0,28.0,0.036,1.0,30.0,2.0,0.0,2.0,0.571,1.0,0.286,0.0,0.0,4.0,2.0,0.0,0.286,7.0,0.5,2.0,0.5,2.0,4.0,1.0,3.0,45.0,1.9,1.0,1.333,2.54,0.667,3.0,33.0,0.267,1.73,2.0,5.9,10.0,4.7,3.0,0.0,0.389,1.0,0.333,0.375,0.4,18.0,1.0,2.0,5.0,1.0,1.0,0.429,0.25,0.412,8.0,0.4,0.286,7.6,1.0,0.0,0.25,0.0,0.0,2.0,2.0,2.0,1.0,0.25,1.0,2.0,,3.0,0.375,1.0,0.333,0.125,1.0,0.5,4.0,0.25,0.0,1.0,0.25,0.0,1.0,1.0,0.0,0.0,0.125,0.0,0.0,,0.125,0.0,0.0,0.0,0.0,0.125,0.0,0.0,0.0,1.0,0.125,,0.0,0.0,0.0,1.0,0.0,0.0,0.0,0.0,0.0,0.0,0.0,,0.0,1.0,2.0,0.0,1.0,1.0,0.333,0.0,1.0,0.0,4.0,0.0,0.0,0.5,0.0,1.0,1.0,3.0,0.0,0.0,0.0,0.0,0.0,1.0,1.0,0.0,1.0,0.0,0.0,1.0,0.0,2.0,1.0,2.0,0.5,147.0,69.0,0.407,0.469,0.614,-0.145,1.0,0.0,,0.5,,,0.0,1.0,1.0,1.0,0.0,1.0,,0.0,0.0,0.0,1.0,3.0,2.0,1.0,0.0,,,0.0,0.0,1.0,1.0,3.0,0.0,3.0,0.0,0.0,0.0,2018,21701040,20180317.0,2017-18,False,1.0,5.0,13.0,0.385,0.462,-0.077,1.0,2.0,0.5,0.352,4.0,11.0,0.364,0.5,3.0,10.0,0.3,0.546,1.0,2.0,0.5,0.36,1.0,1.0,0.0,2.0,0.0,0.667,1.0,0.333,0.0,0.0,0.0,0.0,1.0,0.333,5.0,4.0,1.0,4.0,0.0,0.0,0.0,0.0,0.0,0.0,0.0,0.0,0.0,14.0,14.0,5.0,1.0,0.0,1.0,1.0,0.2
200794,Paul Millsap,1610612743,DEN,33.0,27.25,5,10,0.5,1,2,0.5,4,4,1.0,2,5,7,1,2,4,1,1,2,4,15,4,0.135,88.1,87.6,0.232,0.179,13.3,58,0.083,0.638,83.67,91.4,102.27,0.5,0.071,100.4,87.5,6.7,3.9,0.5,0.218,0.55,0.219,13.6,2.0,0.0,0.03,3.0,33.0,0.03,0.0,33.0,1.0,0.0,3.0,0.0,0.0,0.0,0.0,0.0,0.0,0.0,0.0,0.0,4.0,0.0,0.0,0.0,0.0,0.0,2.0,5.0,50.0,1.7,1.0,0.8,2.09,0.5,8.0,30.0,0.3,1.0,3.0,3.8,11.0,3.6,3.0,2.0,0.438,2.0,0.5,0.4,0.556,16.0,1.0,1.0,4.0,0.0,2.0,0.4,0.4,0.5,5.0,0.455,0.429,4.3,1.0,0.0,0.111,0.0,0.0,1.0,1.0,1.0,1.0,0.111,1.0,1.0,,5.0,0.556,0.0,0.4,0.0,2.0,0.556,5.0,0.4,,2.0,0.4,0.0,1.0,0.0,1.0,0.0,0.111,1.0,1.0,1.0,0.0,0.111,1.0,1.0,,0.222,1.0,0.0,0.0,2.0,0.222,,0.5,0.75,0.0,2.0,0.5,1.0,0.0,0.0,0.0,0.0,0.0,,0.0,1.0,4.0,1.0,2.0,0.667,0.55,0.5,0.333,3.0,4.0,0.0,0.0,0.0,0.0,0.0,2.0,2.0,0.5,0.0,0.0,0.0,0.0,0.0,4.0,0.0,0.0,1.0,0.0,0.0,0.0,0.0,0.0,6.0,0.667,103.0,51.0,0.401,0.495,0.621,-0.126,0.0,0.5,,0.667,0.0,,0.0,2.0,0.0,4.0,0.0,0.0,,0.0,0.0,1.0,0.0,0.0,6.0,1.0,0.0,0.0,0.0,0.0,0.0,0.0,1.0,2.0,0.5,2.0,1.0,0.75,1.0,2018,21700931,20180302.0,2017-18,False,1.0,5.0,9.0,0.556,0.457,0.099,2.0,2.0,1.0,0.349,3.0,7.0,0.429,0.494,2.0,4.0,0.5,0.579,3.0,4.0,0.75,0.366,2.0,3.0,0.0,0.0,0.0,0.5,1.0,0.125,1.0,0.125,1.0,0.125,0.0,0.0,8.0,6.0,2.0,5.0,0.0,1.0,2.0,1.0,3.0,4.0,0.25,0.75,0.0,12.0,12.0,5.0,1.0,0.0,1.0,0.833,0.167
200794,Paul Millsap,1610612743,DEN,33.0,31.67,5,10,0.5,0,2,0.0,6,11,0.545,2,7,9,3,2,1,0,2,2,7,16,-9,0.127,95.7,107.2,0.114,0.2,10.0,66,0.056,0.539,83.36,98.5,103.79,1.5,0.167,100.03,112.1,15.0,-13.6,-11.5,0.228,0.5,0.227,10.1,11.0,0.0,0.07,7.0,43.0,0.07,0.0,49.0,3.0,0.0,3.0,0.125,0.0,0.125,0.0,0.0,2.0,1.0,0.0,0.375,8.0,0.5,1.0,0.0,3.0,1.0,2.0,8.0,66.0,3.0,1.0,0.75,2.69,0.625,8.0,52.0,0.242,1.38,7.0,4.2,10.0,3.7,2.0,1.0,0.563,1.0,1.0,0.333,0.778,16.0,2.0,0.0,2.0,0.0,5.0,0.333,0.714,0.6,6.0,0.7,0.778,6.0,,,,,,,,,,,,,,4.0,0.5,0.0,1.0,0.0,4.0,0.5,4.0,1.0,,4.0,1.0,0.0,2.0,0.0,0.5,0.0,0.25,1.0,1.0,0.5,0.0,0.25,2.0,0.5,,0.25,0.0,0.0,0.0,2.0,0.25,,0.0,0.0,0.0,2.0,0.0,0.0,2.0,0.0,4.0,0.667,0.667,,0.0,3.0,5.0,0.5,2.0,1.0,0.5,0.333,0.75,2.0,6.0,0.0,0.0,0.5,0.0,0.5,2.0,2.0,0.0,0.0,0.0,0.0,0.0,1.0,2.0,0.0,0.0,0.0,0.0,0.0,0.0,4.0,2.0,2.0,1.0,178.0,82.0,0.412,0.461,0.612,-0.151,0.0,0.0,0.0,0.667,0.0,0.0,0.0,2.0,0.667,2.0,0.0,0.5,0.0,0.0,0.0,0.0,1.0,0.0,3.0,2.0,0.0,0.0,0.0,0.0,0.0,2.0,3.0,3.0,0.0,2.0,0.0,0.333,1.0,2018,21701105,20180326.0,2017-18,False,1.0,6.0,20.0,0.3,0.453,-0.153,3.0,10.0,0.3,0.383,3.0,10.0,0.3,0.49,3.0,10.0,0.3,0.548,3.0,10.0,0.3,0.384,2.0,2.0,1.0,2.0,0.5,0.625,3.0,0.375,0.0,0.0,0.0,0.0,1.0,0.125,14.0,6.0,8.0,1.0,0.0,1.0,2.0,4.0,1.0,5.0,0.8,0.2,3.0,3.0,6.0,2.0,1.0,0.5,0.5,0.5,0.25
200794,Paul Millsap,1610612743,DEN,33.0,26.28333333333333,4,8,0.5,2,3,0.667,2,2,1.0,2,3,5,1,3,1,0,0,3,2,12,-5,0.111,109.3,123.9,0.068,0.13,23.1,53,0.091,0.676,79.9,111.3,96.43,0.33,0.056,95.88,123.1,7.7,-11.8,-14.6,0.195,0.625,0.194,23.3,1.0,0.0,0.125,2.0,24.0,0.042,2.0,28.0,3.0,0.0,3.0,0.667,1.0,0.0,0.0,0.0,0.0,0.0,0.0,0.0,3.0,0.0,0.0,0.333,0.0,2.0,0.0,2.0,39.0,1.5,0.0,1.0,2.25,1.0,2.0,31.0,0.308,0.85,3.0,3.8,6.0,4.3,2.0,1.0,0.455,1.0,1.0,0.4,0.6,11.0,2.0,0.0,2.0,0.0,1.0,0.4,0.333,0.5,5.0,0.5,0.6,2.9,0.5,0.0,0.25,0.0,0.0,1.0,1.0,2.0,0.5,0.25,0.5,2.0,,1.0,0.125,0.0,0.0,0.0,0.0,0.125,1.0,0.0,,0.0,0.0,0.0,3.0,1.0,0.833,1.0,0.375,2.0,1.0,0.5,0.125,0.25,2.0,0.667,1.0,0.25,1.0,0.0,0.0,2.0,0.25,,0.5,0.75,0.0,2.0,0.5,1.0,0.0,0.0,0.0,0.0,0.0,,0.0,1.0,2.0,0.0,0.0,1.0,0.625,0.75,0.0,8.0,2.0,1.0,0.0,1.0,0.0,0.0,2.0,2.0,0.5,1.0,1.0,1.0,1.0,0.0,1.0,0.0,0.0,1.0,0.0,1.0,0.0,1.0,1.0,2.0,0.5,112.0,55.0,0.39,0.491,0.62,-0.129,0.0,1.0,,0.5,,,0.0,1.0,0.5,1.0,0.0,0.0,,0.0,0.0,1.0,0.0,2.0,2.0,1.0,0.5,,,1.0,0.0,1.0,2.0,4.0,0.667,3.0,2.0,1.0,3.0,2018,21700970,20180307.0,2017-18,False,1.0,4.0,8.0,0.5,0.491,0.009,0.0,2.0,0.0,0.362,4.0,6.0,0.667,0.517,4.0,4.0,1.0,0.609,0.0,4.0,0.0,0.388,1.0,1.0,0.0,0.0,0.0,1.0,0.0,0.0,0.0,0.0,1.0,0.5,0.0,0.0,7.0,4.0,3.0,1.0,0.0,1.0,3.0,0.0,0.0,0.0,0.0,0.0,2.0,3.0,5.0,4.0,2.0,0.4,0.6,1.0,0.5
200794,Paul Millsap,1610612743,DEN,33.0,36.03333333333333,6,13,0.462,0,4,0.0,4,6,0.667,2,6,8,8,1,1,2,0,3,3,16,9,0.125,131.3,117.6,0.111,0.182,4.0,73,0.065,0.512,81.04,130.1,96.92,8.0,0.276,97.24,117.8,32.0,12.3,13.7,0.205,0.462,0.207,4.1,8.0,0.0,0.17,18.0,47.0,0.17,0.0,46.0,8.0,0.0,1.0,0.714,1.0,0.286,0.0,0.143,4.0,3.0,1.0,0.429,7.0,0.75,2.0,1.0,3.0,5.0,3.0,5.0,64.0,2.4,0.0,0.4,2.28,1.0,5.0,48.0,0.25,1.16,2.0,11.4,10.0,13.4,5.0,0.0,0.5,0.0,0.5,0.333,0.6,16.0,1.0,1.0,6.0,0.0,1.0,0.333,0.167,0.5,6.0,0.6,0.25,5.4,1.0,0.0,0.077,0.0,0.0,1.0,1.0,1.0,1.0,0.077,1.0,1.0,,5.0,0.385,0.0,0.6,0.0,3.0,0.385,5.0,0.6,,3.0,0.6,0.0,1.0,0.0,0.0,0.0,0.077,0.0,0.0,0.0,0.0,0.077,1.0,0.0,,0.462,0.0,2.0,0.154,4.0,0.308,1.0,0.0,0.333,2.0,6.0,0.333,2.0,2.0,0.0,4.0,1.0,1.0,,0.0,2.0,5.0,0.0,0.0,1.0,0.462,0.0,0.333,0.0,2.0,0.0,0.0,1.0,0.0,0.5,2.0,4.0,0.0,0.0,0.0,0.0,0.0,1.0,3.0,0.0,0.0,0.0,0.0,0.0,0.0,2.0,2.0,5.0,0.6,70.0,33.0,0.345,0.471,0.614,-0.143,0.0,0.0,0.0,0.6,0.0,0.0,0.0,4.0,1.0,3.0,0.0,0.5,0.0,0.0,0.0,0.0,1.0,0.0,5.0,2.0,0.0,0.0,0.0,0.0,0.0,2.0,2.0,3.0,0.0,3.0,0.0,0.0,0.0,2018,21700185,20171111.0,2017-18,False,1.0,8.0,16.0,0.5,0.436,0.064,2.0,5.0,0.4,0.355,6.0,11.0,0.545,0.495,3.0,4.0,0.75,0.544,4.0,7.0,0.571,0.359,2.0,2.0,1.0,2.0,0.5,1.0,1.0,0.2,1.0,0.2,0.0,0.0,1.0,0.2,12.0,7.0,5.0,3.0,0.0,0.0,0.0,1.0,0.0,1.0,1.0,0.0,0.0,5.0,5.0,1.0,0.0,0.0,1.0,1.0,0.0
200794,Paul Millsap,1610612743,DEN,33.0,30.28333333333333,6,12,0.5,0,2,0.0,4,6,0.667,2,4,6,3,1,2,1,0,4,5,16,-5,0.092,101.9,110.5,0.11,0.121,5.3,64,0.063,0.546,82.55,98.4,97.76,3.0,0.143,99.06,111.5,15.8,-13.0,-8.7,0.227,0.5,0.219,5.4,4.0,0.0,0.086,7.0,35.0,0.086,0.0,34.0,3.0,1.0,4.0,0.444,2.0,0.0,0.111,0.111,0.0,0.0,1.0,0.333,9.0,0.0,0.0,0.5,3.0,4.0,2.0,4.0,54.0,2.4,0.0,1.5,2.62,0.8,5.0,33.0,0.296,1.74,1.0,5.9,12.0,5.1,3.0,1.0,0.4,1.0,0.0,0.5,0.364,15.0,0.0,2.0,5.0,0.0,1.0,0.5,0.25,0.429,4.0,0.333,0.167,7.4,0.667,0.0,0.25,0.0,0.0,2.0,2.0,3.0,0.667,0.25,0.667,3.0,,4.0,0.333,0.0,0.5,0.0,2.0,0.333,4.0,0.5,,2.0,0.5,0.0,3.0,1.0,0.333,0.0,0.25,1.0,1.0,0.5,0.083,0.167,2.0,0.333,0.0,0.167,0.0,1.0,0.083,1.0,0.083,1.0,0.0,0.5,1.0,2.0,0.5,1.0,1.0,0.0,2.0,1.0,1.0,,0.0,1.0,4.0,0.0,0.0,0.667,0.5,0.0,1.0,0.0,6.0,0.0,0.0,1.0,0.0,0.5,4.0,2.0,0.0,0.0,0.0,0.0,0.0,2.0,3.0,0.0,0.0,0.0,0.0,0.0,0.0,1.0,1.0,5.0,0.6,25.0,10.0,0.342,0.4,0.633,-0.233,1.0,0.0,,0.667,0.0,,0.0,2.0,0.5,4.0,0.0,0.0,,0.0,1.0,0.0,0.0,0.0,6.0,1.0,0.0,0.0,0.0,0.0,1.0,1.0,2.0,2.0,0.0,2.0,0.0,0.0,0.0,2018,21700072,20171027.0,2017-18,False,1.0,2.0,11.0,0.182,0.491,-0.309,1.0,4.0,0.25,0.364,1.0,7.0,0.143,0.56,0.0,5.0,0.0,0.615,2.0,6.0,0.333,0.371,2.0,3.0,0.0,0.0,0.0,0.8,1.0,0.2,0.0,0.0,0.0,0.0,0.0,0.0,11.0,7.0,4.0,3.0,0.0,2.0,5.0,0.0,1.0,1.0,0.0,1.0,2.0,3.0,5.0,2.0,2.0,0.4,0.6,1.0,1.0
200794,Paul Millsap,1610612743,DEN,33.0,32.63333333333333,6,15,0.4,1,3,0.333,1,2,0.5,4,3,7,4,2,0,4,1,2,2,14,13,0.115,123.6,105.4,0.069,0.097,9.1,68,0.133,0.441,84.58,126.5,102.14,2.0,0.148,101.49,104.3,18.2,22.2,18.2,0.227,0.433,0.228,9.1,5.0,0.0,0.138,11.0,29.0,0.138,0.0,31.0,4.0,0.0,3.0,1.5,3.0,0.0,0.0,0.0,0.0,0.0,0.0,0.25,4.0,0.0,0.0,1.0,1.0,6.0,1.0,5.0,49.0,1.7,2.0,0.4,2.08,0.0,5.0,34.0,0.286,0.94,3.0,5.8,9.0,7.1,2.0,0.0,0.5,0.0,0.5,0.8,0.333,14.0,2.0,1.0,3.0,0.0,1.0,0.8,0.333,0.5,5.0,0.333,0.429,4.5,0.667,0.0,0.214,0.0,0.0,2.0,2.0,3.0,0.667,0.214,0.667,3.0,,5.0,0.357,0.0,0.4,0.0,2.0,0.357,5.0,0.4,,2.0,0.4,0.0,4.0,1.0,0.625,1.0,0.286,2.0,1.0,0.333,0.071,0.214,3.0,0.5,1.0,0.143,0.0,0.0,0.0,2.0,0.143,,0.0,0.0,0.0,2.0,0.0,0.0,2.0,0.0,4.0,0.4,0.4,,0.0,5.0,0.0,1.0,2.0,0.0,0.433,0.333,0.2,3.0,2.0,0.0,0.0,0.0,0.0,0.667,3.0,2.0,0.5,0.0,0.0,0.0,0.0,2.0,3.0,0.0,1.0,1.0,0.0,1.0,0.0,3.0,0.0,6.0,0.5,210.0,102.0,0.421,0.486,0.613,-0.127,0.0,0.5,0.0,0.5,0.0,0.0,0.0,2.0,0.4,3.0,0.0,0.0,0.0,0.0,0.0,1.0,0.0,1.0,6.0,1.0,0.0,0.0,0.0,0.0,0.0,2.0,5.0,3.0,0.333,3.0,1.0,0.5,1.0,2018,21701165,20180403.0,2017-18,False,1.0,11.0,19.0,0.579,0.486,0.093,3.0,4.0,0.75,0.419,8.0,15.0,0.533,0.526,7.0,11.0,0.636,0.583,4.0,8.0,0.5,0.436,0.0,3.0,0.0,0.0,0.0,0.0,0.0,0.0,1.0,0.2,0.0,0.0,0.0,0.0,15.0,12.0,3.0,0.0,0.0,0.0,0.0,0.0,0.0,0.0,0.0,0.0,0.0,7.0,7.0,5.0,1.0,0.0,1.0,0.833,0.167
200794,Paul Millsap,1610612743,DEN,33.0,28.466666666666665,3,9,0.333,1,4,0.25,1,2,0.5,0,5,5,0,1,0,0,1,2,2,8,-27,0.081,77.4,135.3,0.034,0.208,9.1,54,0.0,0.405,76.58,81.5,92.2,0.0,0.0,91.9,129.1,0.0,-47.6,-57.9,0.158,0.389,0.159,9.2,4.0,0.0,0.0,0.0,22.0,0.0,0.0,26.0,0.0,0.0,4.0,1.0,2.0,0.2,0.0,0.0,2.0,1.0,0.0,0.0,5.0,0.5,1.0,0.5,0.0,5.0,2.0,0.0,36.0,1.4,0.0,0.0,2.38,0.0,1.0,25.0,0.222,1.33,2.0,4.3,6.0,4.3,3.0,0.0,0.5,0.0,0.0,0.0,0.833,10.0,0.0,0.0,3.0,0.0,2.0,0.0,0.4,0.5,5.0,0.833,0.4,0.0,,0.0,0.0,0.125,1.0,0.0,0.0,1.0,0.0,0.125,0.0,0.0,0.0,4.0,0.5,0.0,0.5,0.0,2.0,0.5,4.0,0.5,,2.0,0.5,0.0,2.0,2.0,0.0,0.0,0.25,0.0,0.0,,0.25,0.0,0.0,0.0,0.0,0.125,1.0,0.0,0.0,1.0,0.125,,1.0,1.5,0.0,1.0,1.0,1.0,0.0,1.0,0.0,0.0,0.0,0.0,0.0,2.0,0.0,0.0,0.0,0.0,0.389,0.333,0.0,3.0,0.0,0.0,0.0,0.0,0.0,0.333,3.0,2.0,0.5,1.0,0.0,0.0,0.0,1.0,1.0,0.0,1.0,1.0,0.0,2.0,0.0,1.0,0.0,1.0,1.0,20.0,10.0,0.323,0.5,0.631,-0.131,0.0,0.5,,1.0,0.0,,0.0,2.0,0.0,1.0,0.0,0.333,,0.0,0.0,1.0,1.0,3.0,1.0,3.0,0.0,0.0,0.0,0.0,0.0,0.0,0.0,3.0,0.333,3.0,1.0,0.5,1.0,2018,21700055,20171025.0,2017-18,False,1.0,8.0,15.0,0.533,0.437,0.097,2.0,6.0,0.333,0.373,6.0,9.0,0.667,0.474,2.0,3.0,0.667,0.551,2.0,7.0,0.286,0.376,0.0,0.0,0.0,0.0,0.0,0.0,1.0,1.0,0.0,0.0,0.0,0.0,0.0,0.0,12.0,7.0,5.0,0.0,0.0,1.0,2.0,0.0,0.0,0.0,0.0,0.0,0.0,2.0,2.0,1.0,0.0,0.0,1.0,1.0,0.0
200794,Paul Millsap,1610612743,DEN,33.0,26.216666666666665,4,9,0.444,1,2,0.5,2,2,1.0,1,5,6,4,1,1,1,0,2,1,11,7,0.122,124.5,111.4,0.125,0.185,6.7,53,0.045,0.557,80.86,120.8,93.89,4.0,0.211,97.04,107.5,26.7,13.2,13.1,0.2,0.5,0.196,6.7,6.0,0.0,0.133,11.0,30.0,0.133,0.0,28.0,4.0,0.0,4.0,0.857,2.0,0.143,0.0,0.143,2.0,2.0,1.0,0.143,7.0,1.0,1.0,0.5,1.0,6.0,1.0,3.0,41.0,1.7,0.0,0.0,2.56,0.0,1.0,28.0,0.268,1.27,3.0,5.5,8.0,6.1,3.0,1.0,0.545,1.0,1.0,0.25,0.714,11.0,1.0,0.0,3.0,0.0,2.0,0.25,0.4,0.6,4.0,0.625,0.5,2.3,0.0,0.0,0.222,0.0,0.0,0.0,0.0,2.0,0.0,0.222,0.0,2.0,,2.0,0.222,0.0,0.5,0.0,1.0,0.222,2.0,0.5,,1.0,0.5,0.0,4.0,2.0,0.625,1.0,0.444,2.0,1.0,0.5,0.222,0.222,2.0,0.5,0.5,0.111,0.0,1.0,0.111,0.0,0.0,1.0,,1.0,1.0,1.0,1.0,1.0,1.0,0.0,2.0,0.333,0.333,,0.0,3.0,0.0,0.0,0.0,0.0,0.5,0.5,0.0,3.0,0.0,0.0,0.0,0.333,0.0,0.0,0.0,2.0,0.5,0.0,0.0,0.0,0.0,0.0,2.0,0.0,0.0,1.0,0.0,0.0,0.0,3.0,1.0,4.0,0.5,105.0,51.0,0.39,0.486,0.622,-0.137,3.0,0.5,,0.5,0.0,,0.0,2.0,0.0,2.0,0.0,0.0,,0.0,0.333,1.0,0.0,0.0,4.0,0.0,0.0,0.0,0.0,0.0,1.0,0.0,0.0,2.0,0.5,2.0,1.0,0.75,1.0,2018,21700937,20180303.0,2017-18,False,1.0,5.0,12.0,0.417,0.497,-0.08,2.0,4.0,0.5,0.359,3.0,8.0,0.375,0.523,1.0,5.0,0.2,0.594,3.0,5.0,0.6,0.379,0.0,0.0,0.0,0.0,0.0,0.0,1.0,1.0,0.0,0.0,0.0,0.0,0.0,0.0,8.0,4.0,4.0,1.0,0.0,0.0,0.0,0.0,1.0,1.0,0.0,1.0,0.0,1.0,1.0,1.0,1.0,0.0,1.0,1.0,1.0
200794,Paul Millsap,1610612743,DEN,33.0,30.23333333333333,8,15,0.533,0,1,0.0,1,1,1.0,3,5,8,0,2,0,0,1,2,2,17,-4,0.136,94.9,104.8,0.104,0.167,11.8,64,0.103,0.551,84.67,98.4,103.45,0.0,0.0,101.61,104.7,0.0,-6.3,-9.9,0.241,0.533,0.233,11.5,1.0,0.0,0.0,0.0,24.0,0.0,0.0,30.0,0.0,0.0,8.0,1.111,5.0,0.0,0.0,0.0,0.0,0.0,0.0,0.111,9.0,0.0,0.0,0.625,1.0,10.0,2.0,4.0,43.0,1.8,1.5,1.75,2.56,0.0,2.0,30.0,0.395,1.65,3.0,4.5,8.0,5.7,4.0,2.0,0.615,2.0,0.667,0.5,0.833,13.0,2.0,1.0,5.0,0.0,1.0,0.5,0.2,0.727,6.0,0.625,0.375,2.4,0.75,0.0,0.286,0.0,0.0,3.0,3.0,4.0,0.75,0.286,0.75,4.0,,6.0,0.429,0.0,0.667,0.0,4.0,0.429,6.0,0.667,,4.0,0.667,0.0,4.0,1.0,0.25,0.0,0.286,1.0,1.0,0.333,0.071,0.214,3.0,0.25,0.0,,,,,,,,,,,,,,0.0,1.0,0.0,0.0,0.0,0.0,0.0,3.0,0.0,1.0,3.0,0.0,0.533,0.0,1.0,0.0,7.0,0.0,0.0,0.0,0.0,0.5,6.0,1.0,0.0,0.0,0.0,0.0,0.0,3.0,5.0,0.0,0.0,0.0,0.0,0.0,0.0,3.0,0.0,5.0,1.0,17.0,8.0,0.362,0.471,0.638,-0.167,2.0,0.0,,0.857,,,0.0,0.0,0.0,6.0,0.0,0.5,,0.0,0.0,0.0,2.0,1.0,7.0,4.0,0.0,,,0.0,0.0,0.0,1.0,0.0,,0.0,0.0,,0.0,2018,21700047,20171023.0,2017-18,False,1.0,2.0,12.0,0.167,0.455,-0.289,1.0,5.0,0.2,0.387,1.0,7.0,0.143,0.488,1.0,3.0,0.333,0.566,1.0,9.0,0.111,0.399,0.0,1.0,0.0,0.0,0.0,0.0,0.0,0.0,0.0,0.0,1.0,0.5,0.0,0.0,12.0,7.0,5.0,1.0,1.0,1.0,2.0,0.0,1.0,1.0,0.0,1.0,3.0,4.0,7.0,6.0,3.0,0.429,0.571,1.0,0.5
200794,Paul Millsap,1610612743,DEN,33.0,33.483333333333334,3,12,0.25,0,3,0.0,6,9,0.667,2,5,7,1,2,0,1,0,1,6,12,-1,0.088,99.9,102.6,0.04,0.125,10.5,63,0.05,0.376,75.26,104.8,94.13,0.5,0.048,90.31,106.3,5.3,-1.6,-2.7,0.239,0.25,0.237,10.5,2.0,0.0,0.107,2.0,28.0,0.036,2.0,34.0,3.0,1.0,1.0,0.667,1.0,0.0,0.333,0.0,0.0,0.0,0.0,0.0,3.0,0.0,0.0,1.0,0.0,2.0,0.0,6.0,46.0,1.6,0.0,0.5,2.13,0.5,6.0,36.0,0.261,0.96,4.0,5.2,15.0,6.0,2.0,2.0,0.35,2.0,0.5,0.333,0.385,20.0,1.0,1.0,3.0,0.0,3.0,0.333,0.6,0.389,6.0,0.333,0.571,3.2,0.0,0.0,0.083,0.0,0.0,0.0,0.0,1.0,0.0,0.083,0.0,1.0,,4.0,0.333,0.0,0.5,0.0,2.0,0.333,4.0,0.5,,2.0,0.5,0.0,4.0,0.0,0.25,0.0,0.333,1.0,1.0,0.25,0.0,0.333,4.0,0.25,,0.25,0.0,0.0,0.0,3.0,0.25,,0.0,0.0,0.0,3.0,0.0,0.0,0.0,1.0,0.0,0.0,0.0,0.0,0.0,3.0,3.0,0.0,0.0,0.2,0.25,0.0,0.5,0.0,3.0,0.0,0.0,0.333,0.0,0.25,4.0,2.0,0.0,1.0,0.0,0.0,0.0,1.0,1.0,0.0,0.0,0.0,0.0,1.0,0.0,3.0,1.0,2.0,0.5,214.0,105.0,0.417,0.491,0.613,-0.123,1.0,0.0,,0.333,0.0,,0.0,0.0,0.5,1.0,0.0,0.333,,0.0,0.0,0.0,1.0,3.0,3.0,3.0,0.0,0.0,0.0,0.0,0.0,1.0,2.0,2.0,0.0,2.0,0.0,0.0,0.0,2018,21701180,20180405.0,2017-18,False,1.0,9.0,14.0,0.643,0.504,0.139,1.0,3.0,0.333,0.402,8.0,11.0,0.727,0.547,7.0,8.0,0.875,0.603,1.0,4.0,0.25,0.411,1.0,5.0,0.0,0.0,0.0,0.5,0.0,0.0,0.0,0.0,0.0,0.0,0.0,0.0,10.0,7.0,3.0,0.0,0.0,1.0,3.0,1.0,0.0,1.0,1.0,0.0,1.0,12.0,13.0,7.0,3.0,0.077,0.923,1.0,0.429
200794,Paul Millsap,1610612743,DEN,34.0,32.416666666666664,3,7,0.429,2,3,0.667,1,2,0.5,1,7,8,3,2,0,0,0,2,5,9,17,0.111,109.6,83.0,0.093,0.179,15.4,67,0.03,0.571,83.29,109.0,99.24,1.5,0.115,99.95,82.4,23.1,26.6,26.6,0.132,0.571,0.132,15.5,4.0,0.0,0.136,6.0,22.0,0.136,0.0,21.0,3.0,0.0,0.0,0.0,0.0,0.0,0.0,0.0,0.0,0.0,0.0,1.0,2.0,0.0,0.0,0.0,2.0,0.0,0.0,1.0,34.0,1.5,0.0,0.0,2.67,0.5,4.0,23.0,0.265,1.62,3.0,6.9,10.0,7.3,5.0,2.0,0.533,3.0,1.0,0.2,0.875,15.0,1.0,0.0,5.0,1.0,2.0,0.25,0.286,0.667,5.0,0.7,0.375,4.0,,,,,,,,,,,,,,1.0,0.143,0.0,0.0,0.0,0.0,0.143,1.0,0.0,,0.0,0.0,0.0,4.0,1.0,0.625,1.0,0.571,2.0,1.0,0.333,0.143,0.429,3.0,0.5,1.0,0.286,1.0,0.0,0.0,2.0,0.286,,0.5,0.75,0.0,2.0,0.5,1.0,0.0,0.0,0.0,0.0,0.0,,0.0,1.0,2.0,0.0,0.0,0.5,0.571,0.667,0.0,6.0,0.0,0.0,0.0,0.0,0.0,0.0,1.0,3.0,0.667,0.0,0.0,0.0,0.0,0.0,1.0,0.0,0.0,2.0,0.0,0.0,0.0,1.0,0.0,2.0,0.5,343.0,226.0,0.391,0.659,0.622,0.037,1.0,0.5,,0.333,0.0,,0.0,2.0,0.0,1.0,0.0,0.0,,0.0,0.0,1.0,0.0,1.0,3.0,0.0,1.0,0.0,0.0,1.0,0.0,0.0,0.0,3.0,0.667,3.0,2.0,1.0,2.0,2019,21801228,20190410.0,2018-19,False,1.0,4.0,9.0,0.444,0.423,0.022,1.0,3.0,0.333,0.389,3.0,6.0,0.5,0.478,3.0,4.0,0.75,0.563,1.0,5.0,0.2,0.372,1.0,2.0,0.0,0.0,0.0,0.5,1.0,0.25,1.0,0.25,0.0,0.0,0.0,0.0,6.0,3.0,3.0,1.0,0.0,0.0,0.0,1.0,1.0,2.0,0.5,0.5,0.0,1.0,1.0,1.0,0.0,0.0,1.0,1.0,0.0
200794,Paul Millsap,1610612743,DEN,34.0,23.116666666666667,9,14,0.643,0,1,0.0,2,2,1.0,5,6,11,2,1,1,2,0,1,5,20,11,0.212,114.7,92.8,0.277,0.222,5.9,47,0.2,0.672,81.33,117.0,99.0,2.0,0.154,97.59,93.6,11.8,23.4,21.9,0.279,0.643,0.263,5.6,5.0,0.0,0.077,6.0,26.0,0.077,0.0,24.0,2.0,0.0,4.0,1.0,2.0,0.0,0.0,0.0,0.0,0.0,0.0,0.0,5.0,0.0,0.0,0.5,0.0,5.0,0.0,9.0,41.0,1.9,0.0,1.0,2.76,0.0,1.0,27.0,0.488,1.76,5.0,7.0,7.0,5.4,4.0,0.0,0.786,0.0,0.6,0.556,0.857,14.0,3.0,2.0,6.0,0.0,2.0,0.556,0.333,0.786,9.0,0.857,0.455,8.9,,,,,,,,,,,,,,10.0,0.714,0.0,0.6,0.0,6.0,0.714,10.0,0.6,,6.0,0.6,0.0,1.0,0.0,1.0,0.0,0.071,1.0,1.0,1.0,0.0,0.071,1.0,1.0,,0.214,0.0,2.0,0.143,1.0,0.071,1.0,0.0,0.667,2.0,3.0,0.667,2.0,3.0,1.0,6.0,0.5,0.5,0.0,0.0,6.0,0.0,0.0,0.0,0.0,0.643,0.0,0.8,0.0,9.0,0.0,0.0,0.6,0.0,1.0,1.0,1.0,0.0,,0.0,,,1.0,5.0,0.0,0.0,0.0,0.0,0.0,0.0,5.0,3.0,7.0,0.714,96.0,66.0,0.379,0.688,0.638,0.05,0.0,0.0,,0.714,0.0,,0.0,0.0,0.5,5.0,0.0,1.0,,0.0,0.0,0.0,2.0,1.0,7.0,2.0,0.0,0.0,0.0,0.0,0.0,2.0,4.0,0.0,,0.0,0.0,,0.0,2019,21800304,20181127.0,2018-19,False,1.0,4.0,12.0,0.333,0.485,-0.152,1.0,6.0,0.167,0.298,3.0,6.0,0.5,0.567,2.0,2.0,1.0,0.647,1.0,7.0,0.143,0.326,0.0,1.0,0.0,0.0,0.0,0.0,0.0,0.0,0.0,0.0,0.0,0.0,0.0,0.0,6.0,2.0,4.0,1.0,0.0,0.0,0.0,0.0,0.0,0.0,0.0,0.0,1.0,1.0,2.0,2.0,2.0,0.5,0.5,1.0,1.0
200794,Paul Millsap,1610612743,DEN,34.0,30.965,6,14,0.429,5,8,0.625,8,11,0.727,3,5,8,6,0,0,2,2,3,6,25,-14,0.151,120.6,138.8,0.146,0.227,0.0,65,0.097,0.663,83.32,116.9,99.12,0.0,0.3,99.98,140.6,24.0,-23.7,-18.2,0.273,0.607,0.268,0.0,7.0,0.0,0.146,16.0,41.0,0.146,0.0,34.0,6.0,0.0,5.0,0.4,1.0,0.1,0.0,0.2,2.0,2.0,2.0,0.3,10.0,1.0,1.0,0.2,3.0,4.0,3.0,4.0,61.0,2.4,0.0,0.5,2.4,0.667,3.0,35.0,0.41,1.21,3.0,5.8,10.0,3.3,4.0,0.0,0.471,0.0,0.667,0.3,0.5,17.0,2.0,1.0,5.0,0.0,1.0,0.3,0.2,0.471,10.0,0.5,0.375,10.0,0.5,0.0,0.143,0.0,0.0,1.0,1.0,2.0,0.5,0.143,0.5,2.0,,2.0,0.143,0.0,0.0,0.0,0.0,0.143,2.0,0.0,,0.0,0.0,0.0,5.0,3.0,0.3,1.0,0.357,1.0,0.0,0.0,0.214,0.143,2.0,0.2,0.333,0.357,4.0,0.0,0.0,5.0,0.357,,0.8,1.2,0.0,5.0,0.8,4.0,0.0,1.0,0.0,0.0,0.0,0.0,0.0,4.0,2.0,0.0,0.0,0.0,0.607,0.714,0.0,15.0,2.0,1.0,0.0,0.0,1.0,0.0,2.0,6.0,0.5,0.0,2.0,0.0,0.0,0.0,1.0,2.0,2.0,3.0,0.0,2.0,0.0,2.0,0.0,2.0,0.5,68.0,45.0,0.447,0.662,0.636,0.026,0.0,0.0,,0.5,,,0.0,0.0,0.0,1.0,0.0,0.0,,0.0,0.0,0.0,0.0,8.0,2.0,3.0,0.625,,,5.0,0.0,0.0,1.0,7.0,0.714,7.0,5.0,1.071,5.0,2019,21800187,20181111.0,2018-19,False,1.0,5.0,12.0,0.417,0.501,-0.084,0.0,4.0,0.0,0.318,5.0,8.0,0.625,0.602,3.0,6.0,0.5,0.67,1.0,5.0,0.2,0.335,0.0,1.0,2.0,4.0,0.5,0.667,0.0,0.0,0.0,0.0,0.0,0.0,2.0,0.667,11.0,7.0,4.0,1.0,0.0,0.0,0.0,0.0,0.0,0.0,0.0,0.0,0.0,6.0,6.0,2.0,2.0,0.0,1.0,1.0,1.0
200794,Paul Millsap,1610612743,DEN,34.0,30.898333333333333,10,16,0.625,1,2,0.5,4,5,0.8,4,9,13,2,0,2,1,0,2,4,25,9,0.186,122.8,105.7,0.223,0.243,0.0,68,0.121,0.687,90.62,125.0,109.64,0.0,0.1,108.74,105.6,10.0,19.4,17.1,0.227,0.656,0.22,0.0,5.0,0.0,0.111,5.0,27.0,0.074,1.0,24.0,3.0,0.0,4.0,1.333,2.0,0.333,0.0,0.0,4.0,3.0,0.0,0.0,6.0,0.75,2.0,0.5,0.0,8.0,0.0,9.0,45.0,1.7,0.0,0.889,2.21,0.667,3.0,29.0,0.556,1.24,6.0,4.4,13.0,5.2,7.0,2.0,0.619,3.0,1.0,0.444,0.818,21.0,4.0,0.0,7.0,1.0,2.0,0.5,0.222,0.722,9.0,0.692,0.462,2.5,0.5,0.0,0.25,0.0,0.0,2.0,2.0,4.0,0.5,0.25,0.5,4.0,,6.0,0.375,0.0,0.833,0.0,5.0,0.375,6.0,0.833,,5.0,0.833,0.0,4.0,0.0,0.5,0.0,0.25,2.0,2.0,0.5,0.0,0.25,4.0,0.5,,0.125,1.0,0.0,0.0,2.0,0.125,,0.5,0.75,0.0,2.0,0.5,1.0,0.0,1.0,0.0,0.0,0.0,0.0,0.0,2.0,2.0,0.0,0.0,0.5,0.656,1.0,0.6,3.0,8.0,0.0,0.0,0.0,0.0,1.0,3.0,2.0,0.5,0.0,0.0,0.0,0.0,3.0,6.0,0.0,0.0,1.0,0.0,0.0,0.0,1.0,0.0,10.0,0.6,204.0,138.0,0.374,0.676,0.619,0.058,0.0,0.0,0.0,0.692,,0.0,0.0,0.0,0.0,9.0,0.0,0.0,0.0,0.0,0.0,0.0,0.0,2.0,13.0,0.0,0.5,,,1.0,0.0,0.0,1.0,1.0,1.0,1.0,1.0,1.5,1.0,2019,21800860,20190213.0,2018-19,False,1.0,7.0,17.0,0.412,0.449,-0.037,1.0,5.0,0.2,0.388,6.0,12.0,0.5,0.484,5.0,9.0,0.556,0.541,2.0,7.0,0.286,0.385,1.0,2.0,0.0,0.0,0.0,0.667,1.0,0.333,0.0,0.0,0.0,0.0,0.0,0.0,13.0,8.0,5.0,4.0,0.0,1.0,3.0,0.0,0.0,0.0,0.0,0.0,1.0,1.0,2.0,0.0,0.0,0.5,0.5,0.0,0.0
200794,Paul Millsap,1610612743,DEN,34.0,22.3,4,7,0.571,0,1,0.0,0,0,0.0,0,2,2,0,2,2,1,1,2,0,8,-9,0.05,99.1,123.2,0.064,0.105,22.2,43,0.0,0.571,78.92,104.7,96.04,0.0,0.0,94.71,120.0,0.0,-15.3,-24.1,0.182,0.571,0.18,22.2,0.0,0.0,0.0,0.0,16.0,0.0,0.0,12.0,0.0,1.0,0.0,0.0,0.0,0.0,1.0,0.0,0.0,0.0,0.0,0.0,1.0,0.0,0.0,0.0,0.0,0.0,2.0,3.0,25.0,0.8,1.0,0.667,1.91,1.333,3.0,12.0,0.32,0.84,1.0,3.2,3.0,3.2,1.0,0.0,0.333,1.0,0.0,0.0,0.667,6.0,0.0,0.0,1.0,1.0,1.0,0.0,0.5,0.4,3.0,0.667,0.5,0.0,1.0,0.0,0.143,0.0,0.0,1.0,1.0,1.0,1.0,0.143,1.0,1.0,,2.0,0.286,0.0,0.5,0.0,1.0,0.286,2.0,0.5,,1.0,0.5,0.0,2.0,0.0,0.5,0.0,0.286,1.0,1.0,0.5,0.0,0.286,2.0,0.5,,0.286,0.0,1.0,0.143,1.0,0.143,1.0,0.0,0.5,1.0,2.0,0.5,1.0,0.0,0.0,0.0,,,,0.0,0.0,4.0,0.5,2.0,0.667,0.571,0.0,0.333,0.0,2.0,0.0,0.0,0.0,0.0,0.0,2.0,1.0,0.0,0.0,0.0,0.0,0.0,0.0,4.0,0.0,0.0,0.0,0.0,0.0,0.0,0.0,0.0,4.0,1.0,309.0,200.0,0.387,0.647,0.621,0.026,0.0,0.0,0.0,1.0,0.0,0.0,0.0,1.0,0.0,4.0,0.0,0.0,0.0,0.0,0.0,0.0,0.0,0.0,4.0,2.0,0.0,0.0,0.0,0.0,0.0,0.0,0.0,2.0,0.0,1.0,0.0,0.0,0.0,2019,21801126,20190328.0,2018-19,False,1.0,4.0,11.0,0.364,0.47,-0.107,0.0,5.0,0.0,0.359,4.0,6.0,0.667,0.561,4.0,6.0,0.667,0.575,0.0,5.0,0.0,0.37,2.0,3.0,0.0,0.0,0.0,1.333,0.0,0.0,0.0,0.0,0.0,0.0,0.0,0.0,4.0,2.0,2.0,3.0,0.0,0.0,0.0,0.0,1.0,1.0,0.0,1.0,0.0,2.0,2.0,1.0,1.0,0.0,1.0,1.0,1.0
200794,Paul Millsap,1610612743,DEN,34.0,28.23333333333333,3,9,0.333,0,2,0.0,0,0,0.0,2,3,5,2,3,0,2,0,3,3,6,-9,0.081,87.4,103.0,0.01,0.103,21.4,65,0.061,0.333,92.09,90.8,113.53,0.67,0.091,110.51,104.6,14.3,-13.8,-15.6,0.161,0.333,0.16,21.4,6.0,1.0,0.13,7.0,23.0,0.087,0.0,25.0,3.0,0.0,1.0,0.0,0.0,0.0,0.0,0.0,0.0,0.0,0.0,0.0,1.0,0.0,0.0,0.0,0.0,0.0,2.0,3.0,38.0,1.6,0.0,0.667,2.49,0.8,5.0,25.0,0.158,1.76,0.0,5.0,10.0,6.7,3.0,3.0,0.263,4.0,0.0,0.222,0.429,19.0,0.0,2.0,5.0,1.0,0.0,0.25,0.0,0.333,9.0,0.3,0.0,2.4,,,,,,,,,,,,,,6.0,0.667,0.0,0.5,0.0,3.0,0.667,6.0,0.5,,3.0,0.5,0.0,1.0,0.0,0.0,0.0,0.111,0.0,0.0,0.0,0.0,0.111,1.0,0.0,,0.222,0.0,0.0,0.0,2.0,0.222,,0.0,0.0,0.0,2.0,0.0,0.0,2.0,0.0,4.0,1.0,1.0,,0.0,2.0,4.0,0.0,0.0,0.5,0.333,0.0,1.0,0.0,2.0,0.0,0.0,1.0,0.0,0.25,4.0,2.0,0.0,0.0,0.0,0.0,0.0,1.0,1.0,0.0,0.0,0.0,0.0,0.0,0.0,1.0,1.0,2.0,0.5,30.0,20.0,0.441,0.667,0.645,0.021,0.0,0.0,,0.333,0.0,,0.0,1.0,1.0,1.0,0.0,0.333,,0.0,0.0,0.0,1.0,1.0,3.0,3.0,0.0,0.0,0.0,0.0,0.0,1.0,1.0,2.0,0.0,2.0,0.0,0.0,0.0,2019,21800066,20181025.0,2018-19,False,1.0,10.0,18.0,0.556,0.5,0.056,1.0,4.0,0.25,0.312,9.0,14.0,0.643,0.577,8.0,11.0,0.727,0.627,1.0,6.0,0.167,0.315,2.0,4.0,0.0,0.0,0.0,0.8,1.0,0.2,0.0,0.0,0.0,0.0,0.0,0.0,16.0,12.0,4.0,1.0,0.0,0.0,0.0,1.0,0.0,1.0,1.0,0.0,1.0,1.0,2.0,0.0,0.0,0.5,0.5,0.0,0.0
200794,Paul Millsap,1610612743,DEN,34.0,32.11666666666667,5,10,0.5,0,1,0.0,4,4,1.0,4,6,10,2,3,1,2,0,3,5,14,38,0.149,130.5,80.5,0.12,0.15,17.6,69,0.148,0.595,86.56,134.8,104.32,0.67,0.071,103.87,78.6,11.8,56.2,50.1,0.194,0.5,0.197,17.9,3.0,0.0,0.115,5.0,26.0,0.077,1.0,19.0,3.0,0.0,0.0,0.0,0.0,0.0,0.0,1.0,0.0,0.0,1.0,1.0,1.0,0.0,0.0,0.0,1.0,0.0,1.0,7.0,41.0,1.4,2.0,0.571,2.01,0.667,3.0,24.0,0.341,1.02,6.0,4.7,9.0,5.5,4.0,0.0,0.625,0.0,1.0,0.571,0.667,16.0,4.0,0.0,4.0,0.0,2.0,0.571,0.333,0.625,7.0,0.667,0.6,3.5,0.0,0.0,0.2,0.0,0.0,0.0,0.0,2.0,0.0,0.2,0.0,2.0,,2.0,0.2,0.0,0.5,0.0,1.0,0.2,2.0,0.5,,1.0,0.5,0.0,3.0,1.0,0.333,0.0,0.3,1.0,1.0,0.5,0.1,0.2,2.0,0.333,0.0,0.3,0.0,3.0,0.3,0.0,0.0,1.0,,1.0,3.0,3.0,1.0,3.0,0.0,1.0,0.0,0.0,0.0,0.0,0.0,2.0,2.0,1.0,2.0,0.5,0.5,1.0,0.25,2.0,4.0,0.0,0.0,0.5,0.0,1.0,1.0,1.0,0.0,0.0,0.0,0.0,0.0,1.0,3.0,0.0,0.0,0.0,0.0,0.0,0.0,2.0,1.0,6.0,0.5,4.0,0.0,0.167,0.0,0.532,-0.532,1.0,0.0,,0.571,0.0,,0.0,1.0,0.0,4.0,0.0,0.0,,0.0,1.0,0.0,0.0,0.0,7.0,0.0,0.0,0.0,0.0,0.0,1.0,0.0,1.0,1.0,,0.0,0.0,1.0,1.0,2019,21800033,20181020.0,2018-19,False,1.0,3.0,14.0,0.214,0.401,-0.187,1.0,8.0,0.125,0.343,2.0,6.0,0.333,0.461,0.0,3.0,0.0,0.553,3.0,11.0,0.273,0.345,1.0,2.0,0.0,0.0,0.0,0.667,0.0,0.0,0.0,0.0,1.0,0.333,0.0,0.0,12.0,6.0,6.0,1.0,0.0,1.0,2.0,0.0,1.0,1.0,0.0,1.0,1.0,4.0,5.0,3.0,2.0,0.2,0.8,1.0,0.667
200794,Paul Millsap,1610612743,DEN,34.0,22.216666666666665,3,6,0.5,1,2,0.5,3,4,0.75,1,5,6,2,0,0,0,1,4,2,10,2,0.115,104.5,99.4,0.141,0.192,0.0,44,0.038,0.644,81.02,106.8,97.48,0.0,0.143,97.22,97.8,20.0,9.0,5.2,0.147,0.583,0.148,0.0,2.0,0.0,0.087,6.0,23.0,0.087,0.0,18.0,2.0,0.0,2.0,0.5,0.0,0.25,0.0,0.0,2.0,2.0,0.0,0.25,4.0,1.0,1.0,0.0,1.0,2.0,1.0,2.0,31.0,1.2,0.0,1.5,2.4,0.0,2.0,18.0,0.323,1.23,0.0,6.1,8.0,4.8,5.0,2.0,0.5,2.0,0.0,0.2,0.833,12.0,0.0,1.0,6.0,0.0,0.0,0.2,0.0,0.6,5.0,0.625,0.0,12.4,,,,,,,,,,,,,,3.0,0.5,0.0,0.333,0.0,1.0,0.5,3.0,0.333,,1.0,0.333,0.0,2.0,1.0,1.25,1.0,0.333,2.0,1.0,1.0,0.167,0.167,1.0,1.0,1.0,0.167,0.0,0.0,0.0,1.0,0.167,,0.0,0.0,0.0,1.0,0.0,0.0,1.0,0.0,2.0,0.5,0.5,,0.0,2.0,0.0,0.0,0.0,0.0,0.583,0.5,1.0,3.0,3.0,0.0,0.0,0.5,0.0,0.0,1.0,2.0,0.5,0.0,0.0,0.0,0.0,0.0,1.0,0.0,0.0,1.0,0.0,0.0,0.0,2.0,1.0,1.0,1.0,131.0,89.0,0.379,0.679,0.629,0.05,0.0,0.5,,1.0,,,0.0,2.0,0.5,1.0,0.0,0.0,,0.0,0.0,1.0,0.0,0.0,1.0,1.0,0.0,,,0.0,0.0,1.0,2.0,2.0,0.5,2.0,1.0,0.75,1.0,2019,21800564,20190103.0,2018-19,False,1.0,3.0,10.0,0.3,0.501,-0.201,0.0,1.0,0.0,0.0,3.0,9.0,0.333,0.513,3.0,7.0,0.429,0.554,0.0,2.0,0.0,0.378,0.0,0.0,0.0,0.0,0.0,0.0,2.0,1.0,1.0,0.5,0.0,0.0,0.0,0.0,5.0,3.0,2.0,1.0,0.0,0.0,0.0,0.0,1.0,1.0,0.0,1.0,0.0,6.0,6.0,3.0,0.0,0.0,1.0,1.0,0.0
200794,Paul Millsap,1610612743,DEN,34.0,30.14,2,8,0.25,1,3,0.333,0,0,0.0,0,11,11,2,0,1,0,1,4,3,5,0,0.186,102.6,110.3,0.068,0.379,0.0,62,0.0,0.313,81.62,106.5,98.87,0.0,0.087,97.94,108.2,20.0,-1.7,-7.7,0.124,0.313,0.123,0.0,4.0,0.0,0.059,6.0,34.0,0.059,0.0,23.0,2.0,0.0,3.0,0.0,0.0,0.0,0.0,0.0,0.0,0.0,0.0,0.0,3.0,0.0,0.0,0.0,0.0,0.0,1.0,0.0,44.0,1.4,0.0,0.0,1.96,2.0,1.0,21.0,0.114,0.95,5.0,5.4,18.0,5.4,6.0,0.0,0.458,0.0,0.0,0.0,0.611,24.0,0.0,0.0,6.0,0.0,5.0,0.0,0.455,0.458,7.0,0.611,0.455,0.0,0.0,0.0,0.125,0.0,0.0,0.0,0.0,1.0,0.0,0.125,0.0,1.0,,3.0,0.375,0.0,0.0,0.0,0.0,0.375,3.0,0.0,,0.0,0.0,0.0,3.0,2.0,0.833,1.0,0.375,2.0,1.0,1.0,0.25,0.125,1.0,0.667,0.5,0.125,0.0,0.0,0.0,1.0,0.125,,0.0,0.0,0.0,1.0,0.0,0.0,0.0,0.0,0.0,,,,0.0,0.0,2.0,0.0,0.0,1.0,0.313,0.333,0.0,3.0,0.0,0.0,0.0,0.0,0.0,0.2,5.0,3.0,0.333,0.0,0.0,0.0,0.0,1.0,0.0,0.0,0.0,1.0,0.0,0.0,0.0,0.0,0.0,0.0,0.0,232.0,153.0,0.372,0.659,0.621,0.038,0.0,0.333,0.0,0.0,0.0,0.0,0.0,3.0,0.0,0.0,0.0,0.2,0.0,0.0,0.0,1.0,1.0,0.0,0.0,5.0,0.0,0.0,0.0,0.0,0.0,0.0,0.0,3.0,0.333,3.0,1.0,0.5,1.0,2019,21800954,20190304.0,2018-19,False,1.0,7.0,12.0,0.583,0.492,0.091,2.0,3.0,0.667,0.368,5.0,9.0,0.556,0.524,3.0,5.0,0.6,0.559,3.0,5.0,0.6,0.429,1.0,1.0,0.0,0.0,0.0,2.0,0.0,0.0,0.0,0.0,0.0,0.0,0.0,0.0,8.0,5.0,3.0,2.0,1.0,1.0,2.0,0.0,2.0,2.0,0.0,1.0,1.0,5.0,6.0,3.0,1.0,0.167,0.833,1.0,0.333
200794,Paul Millsap,1610612743,DEN,34.0,31.633333333333333,8,13,0.615,2,5,0.4,3,6,0.5,5,11,16,2,2,3,2,1,1,5,21,25,0.232,117.4,85.2,0.248,0.314,10.5,73,0.147,0.671,93.57,117.8,109.86,1.0,0.091,112.29,81.3,10.5,36.5,32.2,0.209,0.692,0.2,10.2,5.0,0.0,0.056,5.0,36.0,0.056,0.0,27.0,2.0,0.0,3.0,1.25,2.0,0.0,0.0,0.0,1.0,1.0,0.0,0.0,4.0,1.0,0.0,0.667,0.0,5.0,0.0,5.0,56.0,2.1,0.0,0.4,2.21,0.0,2.0,29.0,0.375,1.34,7.0,5.2,15.0,5.0,9.0,1.0,0.762,1.0,1.0,0.833,0.786,21.0,5.0,0.0,9.0,0.0,2.0,0.833,0.182,0.8,6.0,0.733,0.438,5.4,1.0,0.0,0.077,0.0,0.0,1.0,1.0,1.0,1.0,0.077,1.0,1.0,,5.0,0.385,0.0,0.6,0.0,3.0,0.385,5.0,0.6,,3.0,0.6,0.0,3.0,1.0,1.167,1.0,0.231,3.0,2.0,1.0,0.077,0.154,2.0,1.0,1.0,0.308,1.0,0.0,0.0,4.0,0.308,,0.25,0.375,0.0,4.0,0.25,1.0,0.0,0.0,0.0,,,,0.0,0.0,0.0,0.0,0.0,0.0,0.692,0.4,1.0,6.0,2.0,0.0,0.0,0.0,0.0,1.0,2.0,4.0,0.5,0.0,0.0,0.0,0.0,2.0,4.0,0.0,1.0,2.0,0.0,1.0,0.0,0.0,0.0,6.0,0.667,211.0,140.0,0.369,0.664,0.619,0.045,0.0,0.0,0.0,0.714,0.0,0.0,0.0,0.0,0.0,5.0,0.0,1.0,0.0,0.0,0.0,0.0,1.0,5.0,7.0,1.0,0.4,0.0,0.0,2.0,0.0,0.0,0.0,5.0,0.4,5.0,2.0,0.6,2.0,2019,21800895,20190224.0,2018-19,False,1.0,3.0,16.0,0.188,0.476,-0.289,2.0,6.0,0.333,0.383,1.0,10.0,0.1,0.511,1.0,5.0,0.2,0.575,2.0,8.0,0.25,0.386,0.0,1.0,0.0,0.0,0.0,0.0,1.0,0.5,0.0,0.0,0.0,0.0,0.0,0.0,12.0,9.0,3.0,3.0,0.0,1.0,2.0,0.0,0.0,0.0,0.0,0.0,0.0,0.0,0.0,0.0,0.0,0.0,0.0,0.0,0.0
200794,Paul Millsap,1610612743,DEN,34.0,26.86833333333333,6,8,0.75,2,2,1.0,0,0,0.0,2,3,5,2,2,0,0,0,3,1,14,7,0.119,132.4,107.1,0.104,0.13,16.7,55,0.105,0.875,81.88,127.3,99.79,1.0,0.087,98.26,114.5,16.7,12.7,25.3,0.179,0.875,0.172,16.7,2.0,0.0,0.103,5.0,29.0,0.069,1.0,29.0,3.0,1.0,1.0,0.667,1.0,0.0,0.333,0.0,0.0,0.0,0.0,0.333,3.0,0.0,0.0,1.0,1.0,2.0,1.0,3.0,42.0,1.9,0.0,0.0,2.77,1.333,3.0,31.0,0.333,1.19,0.0,6.4,8.0,4.2,3.0,0.0,0.5,0.0,0.0,1.0,0.375,10.0,0.0,2.0,5.0,0.0,0.0,1.0,0.0,0.5,2.0,0.375,0.0,9.7,,,,,,,,,,,,,,3.0,0.375,0.0,1.0,0.0,3.0,0.375,3.0,1.0,,3.0,1.0,0.0,4.0,2.0,1.0,2.0,0.5,3.0,1.0,0.5,0.25,0.25,2.0,0.75,1.0,0.125,0.0,0.0,0.125,0.0,0.0,0.0,,0.0,1.0,1.0,0.0,0.0,1.0,0.0,2.0,1.0,1.0,,0.0,1.0,4.0,0.0,0.0,1.0,0.875,0.5,0.0,6.0,0.0,0.0,0.0,0.667,0.0,0.5,2.0,2.0,1.0,0.0,0.0,0.0,0.0,1.0,1.0,0.0,0.0,2.0,0.0,0.0,0.0,3.0,2.0,1.0,1.0,313.0,203.0,0.386,0.649,0.621,0.028,1.0,1.0,,1.0,,,0.0,2.0,0.5,2.0,0.0,1.0,,0.0,0.0,2.0,1.0,0.0,2.0,1.0,0.0,,,0.0,0.0,1.0,2.0,4.0,1.0,2.0,2.0,0.75,2.0,2019,21801133,20190329.0,2018-19,False,1.0,6.0,11.0,0.545,0.461,0.085,2.0,4.0,0.5,0.395,4.0,7.0,0.571,0.498,3.0,4.0,0.75,0.543,3.0,6.0,0.5,0.396,2.0,2.0,0.0,0.0,0.0,1.333,0.0,0.0,0.0,0.0,0.0,0.0,0.0,0.0,7.0,4.0,3.0,0.0,0.0,0.0,0.0,0.0,1.0,1.0,0.0,1.0,1.0,3.0,4.0,3.0,1.0,0.25,0.75,1.0,0.333
200794,Paul Millsap,1610612743,DEN,34.0,32.766666666666666,8,12,0.667,4,5,0.8,3,4,0.75,1,4,5,2,2,1,1,0,3,5,23,25,0.085,139.1,111.0,0.128,0.125,11.1,66,0.037,0.836,81.18,143.9,96.21,1.0,0.071,97.42,104.5,11.1,39.5,28.2,0.212,0.833,0.208,11.3,2.0,0.0,0.057,6.0,35.0,0.057,0.0,33.0,2.0,1.0,0.0,0.0,0.0,0.0,0.2,0.4,0.0,0.0,2.0,0.6,5.0,0.0,0.0,0.0,3.0,0.0,2.0,4.0,53.0,1.8,1.0,0.5,2.07,0.25,4.0,34.0,0.434,1.21,2.0,5.6,10.0,6.0,3.0,2.0,0.417,2.0,1.0,0.5,0.5,12.0,1.0,0.0,3.0,0.0,1.0,0.5,0.25,0.5,2.0,0.4,0.4,3.9,,,,,,,,,,,,,,4.0,0.333,0.0,0.5,0.0,2.0,0.333,4.0,0.5,,2.0,0.5,0.0,3.0,0.0,0.667,0.0,0.25,2.0,2.0,0.667,0.0,0.25,3.0,0.667,,0.417,4.0,0.0,0.0,5.0,0.417,,0.8,1.2,0.0,5.0,0.8,4.0,1.0,1.0,3.0,1.5,1.0,1.0,1.0,1.0,1.0,0.5,2.0,0.0,0.833,0.8,0.5,11.0,2.0,1.0,1.0,1.0,1.0,0.333,3.0,3.0,0.667,0.0,1.0,0.0,0.0,1.0,2.0,1.0,1.0,2.0,1.0,1.0,1.0,1.0,1.0,3.0,0.667,251.0,168.0,0.374,0.669,0.621,0.048,0.0,1.0,,0.4,0.0,,1.0,1.0,1.0,2.0,1.0,1.0,,1.0,0.0,1.0,1.0,3.0,5.0,1.0,0.667,0.0,0.0,2.0,0.0,1.0,1.0,5.0,0.75,4.0,3.0,1.1,4.0,2019,21801012,20190312.0,2018-19,False,1.0,9.0,20.0,0.45,0.461,-0.011,3.0,6.0,0.5,0.342,6.0,14.0,0.429,0.528,5.0,10.0,0.5,0.58,4.0,9.0,0.444,0.38,0.0,1.0,1.0,2.0,0.5,0.25,1.0,0.25,0.0,0.0,1.0,0.25,1.0,0.25,16.0,12.0,4.0,4.0,1.0,1.0,3.0,1.0,1.0,2.0,0.5,0.5,0.0,4.0,4.0,2.0,1.0,0.0,1.0,1.0,0.5
200794,Paul Millsap,1610612743,DEN,34.0,22.433333333333334,6,13,0.462,0,4,0.0,4,10,0.4,2,7,9,2,0,2,0,0,5,5,16,17,0.148,123.0,85.2,0.129,0.206,0.0,44,0.074,0.46,76.67,125.0,95.56,0.0,0.125,92.01,90.5,10.0,34.5,37.8,0.312,0.462,0.305,0.0,2.0,0.0,0.107,4.0,28.0,0.071,1.0,28.0,3.0,0.0,1.0,0.5,1.0,0.5,0.0,0.0,4.0,0.0,0.0,0.25,4.0,0.0,2.0,1.0,1.0,2.0,6.0,5.0,45.0,1.7,0.5,0.4,2.3,1.0,5.0,30.0,0.356,1.29,3.0,6.0,9.0,5.3,5.0,0.0,0.643,1.0,0.5,0.333,0.778,14.0,1.0,1.0,6.0,1.0,2.0,0.4,0.286,0.692,6.0,0.778,0.333,8.5,,,,,,,,,,,,,,5.0,0.385,0.0,0.8,0.0,4.0,0.385,5.0,0.8,,4.0,0.8,0.0,5.0,1.0,0.4,0.0,0.385,2.0,2.0,0.5,0.077,0.308,4.0,0.4,0.0,0.231,0.0,0.0,0.0,3.0,0.231,,0.0,0.0,0.0,3.0,0.0,0.0,1.0,0.0,2.0,0.333,0.333,,0.0,3.0,5.0,0.0,3.0,1.0,0.462,0.2,0.25,2.0,2.0,0.0,0.0,0.667,0.0,0.333,3.0,2.0,0.0,1.0,0.0,0.0,0.0,1.0,3.0,0.0,1.0,0.0,0.0,2.0,0.0,3.0,2.0,3.0,1.0,128.0,87.0,0.381,0.68,0.63,0.05,1.0,0.0,,1.0,,,0.0,2.0,0.5,3.0,0.0,0.333,,0.0,1.0,0.0,1.0,2.0,3.0,3.0,0.0,,,0.0,1.0,1.0,2.0,5.0,0.0,4.0,0.0,0.2,1.0,2019,21800551,20190101.0,2018-19,False,1.0,4.0,13.0,0.308,0.443,-0.136,1.0,3.0,0.333,0.348,3.0,10.0,0.3,0.484,3.0,7.0,0.429,0.536,1.0,6.0,0.167,0.353,2.0,2.0,1.0,2.0,0.5,1.0,2.0,0.4,0.0,0.0,0.0,0.0,1.0,0.2,11.0,8.0,3.0,4.0,0.0,1.0,2.0,1.0,0.0,1.0,1.0,0.0,0.0,2.0,2.0,1.0,1.0,0.0,1.0,1.0,1.0
200794,Paul Millsap,1610612743,DEN,34.0,27.48333333333333,7,14,0.5,1,3,0.333,3,4,0.75,4,2,6,3,2,4,0,0,1,4,18,14,0.107,133.7,115.2,0.142,0.095,10.0,57,0.114,0.571,80.05,133.3,96.65,1.5,0.136,96.06,117.0,15.0,16.4,18.6,0.254,0.536,0.23,9.6,3.0,0.0,0.174,6.0,23.0,0.13,1.0,22.0,4.0,0.0,2.0,2.0,2.0,0.0,0.0,0.0,0.0,0.0,0.0,0.0,2.0,0.0,0.0,1.0,0.0,4.0,1.0,8.0,41.0,1.8,0.0,1.125,2.67,0.667,3.0,27.0,0.439,1.39,4.0,3.5,5.0,2.0,1.0,0.0,0.6,0.0,0.75,0.8,0.4,10.0,3.0,1.0,2.0,0.0,1.0,0.8,0.5,0.6,5.0,0.4,0.667,4.2,0.667,0.0,0.214,0.0,0.0,2.0,2.0,3.0,0.667,0.214,0.667,3.0,,7.0,0.5,0.0,0.429,0.0,3.0,0.5,7.0,0.429,,3.0,0.429,0.0,3.0,2.0,0.833,1.0,0.214,2.0,1.0,1.0,0.143,0.071,1.0,0.667,0.5,0.071,0.0,0.0,0.0,1.0,0.071,,0.0,0.0,0.0,1.0,0.0,0.0,1.0,0.0,2.0,0.333,0.333,,0.0,3.0,2.0,0.0,0.0,0.5,0.536,0.333,0.6,3.0,9.0,0.0,0.0,0.333,0.0,0.333,3.0,3.0,0.333,0.0,0.0,0.0,0.0,1.0,4.0,0.0,0.0,1.0,0.0,0.0,0.0,3.0,1.0,5.0,0.8,138.0,93.0,0.388,0.674,0.627,0.047,1.0,0.0,,0.8,,,0.0,0.0,0.5,4.0,0.0,0.333,,0.0,0.0,0.0,1.0,3.0,5.0,3.0,0.333,,,1.0,0.0,1.0,2.0,3.0,0.333,3.0,1.0,0.5,1.0,2019,21800576,20190105.0,2018-19,False,1.0,5.0,10.0,0.5,0.448,0.052,,,,,5.0,10.0,0.5,0.493,5.0,9.0,0.556,0.538,,,,,1.0,2.0,0.0,0.0,0.0,0.667,1.0,0.333,1.0,0.333,0.0,0.0,0.0,0.0,5.0,5.0,0.0,6.0,0.0,0.0,0.0,0.0,3.0,3.0,0.0,1.0,1.0,5.0,6.0,5.0,2.0,0.167,0.833,1.0,0.4
200794,Paul Millsap,1610612743,DEN,34.0,20.416666666666668,4,12,0.333,2,5,0.4,1,1,1.0,4,4,8,2,1,0,1,1,2,1,11,-18,0.154,72.7,124.8,0.097,0.222,6.7,45,0.118,0.442,89.14,84.4,114.21,2.0,0.222,106.97,121.7,13.3,-37.3,-52.1,0.223,0.417,0.217,6.5,3.0,0.0,0.136,4.0,22.0,0.091,1.0,22.0,3.0,0.0,1.0,0.0,0.0,0.0,0.0,0.0,0.0,0.0,0.0,0.5,2.0,0.0,0.0,0.0,1.0,0.0,1.0,5.0,35.0,1.2,0.0,0.0,2.12,2.0,1.0,25.0,0.314,0.71,4.0,5.0,5.0,6.1,3.0,0.0,0.727,1.0,0.75,0.571,0.8,11.0,3.0,1.0,4.0,1.0,1.0,0.667,0.25,0.8,7.0,0.8,0.5,4.0,0.333,0.0,0.25,0.0,0.0,1.0,1.0,3.0,0.333,0.25,0.333,3.0,,3.0,0.25,0.0,0.0,0.0,0.0,0.25,3.0,0.0,,0.0,0.0,0.0,2.0,1.0,0.5,0.0,0.167,1.0,1.0,1.0,0.083,0.083,1.0,0.5,0.0,0.333,2.0,0.0,0.0,4.0,0.333,,0.5,0.75,0.0,4.0,0.5,2.0,0.0,0.0,0.0,,,,0.0,0.0,2.0,0.0,0.0,1.0,0.417,0.5,0.0,8.0,0.0,1.0,0.0,1.0,1.0,0.333,3.0,4.0,0.25,0.0,1.0,0.0,0.0,1.0,0.0,1.0,1.0,1.0,0.0,1.0,0.0,1.0,1.0,3.0,0.0,322.0,210.0,0.387,0.652,0.622,0.03,0.0,0.333,,0.0,0.0,,0.0,3.0,1.0,0.0,1.0,0.333,,0.0,0.0,1.0,1.0,1.0,3.0,3.0,1.0,0.0,0.0,1.0,0.0,1.0,1.0,6.0,0.4,5.0,2.0,0.667,3.0,2019,21801164,20190402.0,2018-19,False,1.0,4.0,12.0,0.333,0.498,-0.165,0.0,5.0,0.0,0.377,4.0,7.0,0.571,0.573,3.0,5.0,0.6,0.605,1.0,7.0,0.143,0.388,1.0,1.0,0.0,0.0,0.0,2.0,0.0,0.0,0.0,0.0,0.0,0.0,0.0,0.0,6.0,2.0,4.0,1.0,0.0,0.0,0.0,0.0,0.0,0.0,0.0,0.0,1.0,0.0,1.0,1.0,0.0,1.0,0.0,1.0,0.0
200794,Paul Millsap,1610612743,DEN,34.0,32.7,6,10,0.6,2,2,1.0,4,7,0.571,0,8,8,2,2,0,0,0,1,4,18,1,0.131,116.5,112.7,0.121,0.25,11.8,69,0.0,0.688,83.18,108.7,95.41,1.0,0.091,99.82,110.4,11.8,-1.8,3.8,0.227,0.7,0.208,11.7,2.0,0.0,0.077,4.0,26.0,0.077,0.0,22.0,2.0,0.0,4.0,1.0,2.0,0.0,0.0,0.0,0.0,0.0,0.0,0.2,5.0,0.0,0.0,0.5,1.0,5.0,2.0,2.0,39.0,1.7,0.5,1.0,2.64,0.0,3.0,22.0,0.462,1.62,1.0,8.7,11.0,8.7,7.0,1.0,0.571,1.0,0.0,0.0,0.8,14.0,0.0,0.0,7.0,0.0,1.0,0.0,0.125,0.615,3.0,0.727,0.125,0.0,0.0,0.0,0.1,0.0,0.0,0.0,0.0,1.0,0.0,0.1,0.0,1.0,,4.0,0.4,0.0,0.5,0.0,2.0,0.4,4.0,0.5,,2.0,0.5,0.0,2.0,0.0,0.5,0.0,0.2,1.0,1.0,0.5,0.0,0.2,2.0,0.5,,0.3,2.0,1.0,0.1,2.0,0.2,1.0,1.0,1.333,1.0,3.0,1.0,3.0,0.0,0.0,0.0,0.0,0.0,,0.0,2.0,0.0,0.0,1.0,0.0,0.7,1.0,0.5,8.0,2.0,1.0,0.0,1.0,1.0,0.333,6.0,0.0,0.0,1.0,2.0,1.0,1.0,2.0,1.0,1.0,1.0,0.0,0.0,2.0,0.0,1.0,1.0,1.0,1.0,117.0,81.0,0.38,0.692,0.632,0.06,1.0,0.0,0.0,1.0,0.0,0.0,0.0,0.0,0.5,2.0,0.0,0.333,0.0,0.0,0.0,0.0,1.0,2.0,2.0,3.0,1.0,0.0,0.0,2.0,0.0,1.0,2.0,3.0,1.0,2.0,2.0,1.333,3.0,2019,21800356,20181205.0,2018-19,False,1.0,5.0,14.0,0.357,0.446,-0.089,1.0,7.0,0.143,0.348,4.0,7.0,0.571,0.503,3.0,5.0,0.6,0.562,1.0,8.0,0.125,0.35,0.0,2.0,0.0,0.0,0.0,0.0,1.0,0.333,1.0,0.333,0.0,0.0,0.0,0.0,9.0,3.0,6.0,1.0,0.0,0.0,0.0,0.0,0.0,0.0,0.0,0.0,0.0,6.0,6.0,4.0,0.0,0.0,1.0,1.0,0.0
200794,Paul Millsap,1610612743,DEN,34.0,27.53333333333333,11,13,0.846,2,2,1.0,1,2,0.5,1,4,5,0,1,5,1,0,4,4,25,6,0.1,109.8,95.7,0.254,0.167,6.7,57,0.038,0.901,81.36,105.3,96.79,0.0,0.0,97.63,98.2,0.0,7.1,14.1,0.249,0.923,0.242,6.7,3.0,0.0,0.0,0.0,28.0,0.0,0.0,33.0,0.0,0.0,4.0,1.0,3.0,0.0,0.0,0.0,0.0,0.0,0.0,0.167,6.0,0.0,0.0,0.75,1.0,6.0,3.0,4.0,46.0,1.8,2.0,1.5,2.36,0.0,2.0,33.0,0.543,1.35,1.0,4.4,9.0,4.9,3.0,0.0,0.357,1.0,0.0,0.2,0.444,14.0,0.0,1.0,4.0,1.0,1.0,0.25,0.25,0.385,5.0,0.444,0.2,2.3,0.667,0.0,0.231,0.0,0.0,2.0,2.0,3.0,0.667,0.231,0.667,3.0,,4.0,0.308,0.0,1.0,0.0,4.0,0.308,4.0,1.0,,4.0,1.0,0.0,2.0,0.0,1.0,0.0,0.154,2.0,2.0,1.0,0.0,0.154,2.0,1.0,,0.308,2.0,1.0,0.154,2.0,0.154,0.5,1.0,1.0,2.0,4.0,0.75,3.0,2.0,0.0,4.0,1.0,1.0,,0.0,2.0,0.0,1.0,6.0,0.0,0.923,0.667,1.0,6.0,6.0,0.0,0.0,0.667,0.0,0.667,3.0,2.0,1.0,0.0,0.0,0.0,0.0,2.0,5.0,0.0,0.0,2.0,0.0,0.0,0.0,3.0,2.0,5.0,1.0,88.0,60.0,0.388,0.682,0.64,0.042,1.0,1.0,0.0,1.0,,0.0,0.0,2.0,0.5,7.0,0.0,0.0,0.0,0.0,1.0,2.0,0.0,0.0,7.0,1.0,0.0,,,0.0,1.0,1.0,2.0,3.0,1.0,2.0,2.0,1.0,2.0,2019,21800260,20181121.0,2018-19,False,1.0,5.0,14.0,0.357,0.476,-0.119,1.0,5.0,0.2,0.376,4.0,9.0,0.444,0.522,4.0,6.0,0.667,0.587,1.0,7.0,0.143,0.372,0.0,0.0,0.0,0.0,0.0,0.0,1.0,0.5,0.0,0.0,0.0,0.0,0.0,0.0,11.0,6.0,5.0,6.0,0.0,0.0,0.0,0.0,0.0,0.0,0.0,0.0,0.0,5.0,5.0,2.0,1.0,0.0,1.0,1.0,0.5
200794,Paul Millsap,1610612743,DEN,34.0,31.866666666666667,4,12,0.333,0,1,0.0,2,5,0.4,4,7,11,2,2,2,1,3,1,5,10,10,0.145,94.1,85.0,0.088,0.175,11.1,66,0.111,0.352,81.59,98.5,100.74,1.0,0.1,97.91,85.9,11.1,12.5,9.2,0.208,0.333,0.203,11.0,8.0,1.0,0.114,7.0,35.0,0.057,1.0,34.0,4.0,0.0,0.0,0.0,0.0,0.0,0.0,0.0,0.0,0.0,0.0,0.0,0.0,0.0,0.0,0.0,0.0,0.0,3.0,9.0,57.0,2.1,0.333,0.667,2.2,0.375,8.0,39.0,0.175,0.95,5.0,4.7,11.0,4.7,6.0,2.0,0.478,2.0,1.0,0.308,0.778,23.0,4.0,0.0,6.0,0.0,1.0,0.308,0.143,0.524,13.0,0.636,0.455,4.7,0.4,0.0,0.417,0.0,0.0,2.0,2.0,5.0,0.4,0.417,0.4,5.0,,3.0,0.25,0.0,0.333,0.0,1.0,0.25,3.0,0.333,,1.0,0.333,0.0,2.0,0.0,0.5,0.0,0.167,1.0,1.0,0.5,0.0,0.167,2.0,0.5,,0.167,0.0,0.0,0.083,1.0,0.083,0.0,0.0,0.0,1.0,2.0,0.0,0.0,1.0,0.0,2.0,0.333,0.333,,0.0,3.0,3.0,0.0,1.0,0.25,0.333,0.0,0.429,0.0,6.0,0.0,0.0,0.5,0.0,0.0,2.0,1.0,0.0,0.0,0.0,0.0,0.0,0.0,3.0,0.0,0.0,0.0,0.0,0.0,0.0,2.0,1.0,7.0,0.429,152.0,103.0,0.385,0.678,0.625,0.053,0.0,0.0,,0.429,0.0,,0.0,1.0,0.333,3.0,0.0,0.0,,0.0,0.0,0.0,0.0,0.0,7.0,1.0,0.0,0.0,0.0,0.0,0.0,1.0,3.0,1.0,0.0,1.0,0.0,0.0,0.0,2019,21800635,20190112.0,2018-19,False,1.0,5.0,16.0,0.313,0.473,-0.161,0.0,4.0,0.0,0.376,5.0,12.0,0.417,0.511,4.0,7.0,0.571,0.553,0.0,5.0,0.0,0.359,1.0,4.0,1.0,2.0,0.5,0.375,2.0,0.25,0.0,0.0,1.0,0.125,1.0,0.125,9.0,7.0,2.0,6.0,0.0,0.0,0.0,1.0,2.0,3.0,0.333,0.667,2.0,5.0,7.0,1.0,1.0,0.286,0.714,1.0,1.0
200794,Paul Millsap,1610612743,DEN,34.0,34.333333333333336,4,9,0.444,1,5,0.2,3,3,1.0,1,3,4,1,3,0,0,0,3,3,12,-1,0.055,97.5,101.9,0.045,0.088,21.4,68,0.026,0.581,78.64,98.5,94.68,0.33,0.045,94.37,101.5,7.1,-3.0,-4.4,0.171,0.5,0.165,20.9,1.0,1.0,0.111,4.0,18.0,0.056,0.0,21.0,2.0,1.0,2.0,1.0,1.0,0.25,0.25,0.0,2.0,2.0,0.0,0.0,4.0,1.0,1.0,0.5,0.0,4.0,2.0,1.0,33.0,1.2,1.0,2.0,2.27,0.0,3.0,21.0,0.364,1.09,2.0,5.0,4.0,5.7,2.0,0.0,0.333,0.0,1.0,0.125,0.75,12.0,1.0,0.0,2.0,0.0,1.0,0.125,0.333,0.333,8.0,0.75,0.5,2.9,,,,,,,,,,,,,,4.0,0.444,0.0,0.75,0.0,3.0,0.444,4.0,0.75,,3.0,0.75,0.0,1.0,1.0,0.0,0.0,0.111,0.0,0.0,,0.111,0.0,0.0,0.0,0.0,0.444,1.0,0.0,0.0,4.0,0.444,,0.25,0.375,0.0,4.0,0.25,1.0,1.0,1.0,2.0,0.333,0.333,0.0,0.0,3.0,0.0,1.0,2.0,0.0,0.5,0.25,1.0,3.0,2.0,0.5,0.0,0.0,0.5,0.667,3.0,3.0,0.0,0.0,1.0,0.0,0.0,2.0,1.0,1.0,2.0,0.0,0.0,2.0,0.0,0.0,0.0,1.0,1.0,2.0,0.0,0.182,0.0,0.66,-0.66,0.0,0.0,,1.0,0.0,,0.0,0.0,0.0,1.0,0.0,1.0,,0.0,0.0,0.0,2.0,5.0,1.0,2.0,0.2,0.0,0.0,1.0,0.0,0.0,1.0,4.0,0.25,4.0,1.0,0.375,1.0,2019,41800151,20190413.0,2018-19,True,1.0,5.0,11.0,0.455,0.494,-0.04,2.0,3.0,0.667,0.394,3.0,8.0,0.375,0.52,1.0,3.0,0.333,0.589,3.0,7.0,0.429,0.418,0.0,0.0,0.0,0.0,0.0,0.0,1.0,0.333,0.0,0.0,1.0,0.333,0.0,0.0,9.0,7.0,2.0,2.0,0.0,1.0,2.0,0.0,0.0,0.0,0.0,0.0,0.0,2.0,2.0,1.0,0.0,0.0,1.0,1.0,0.0
200794,Paul Millsap,1610612743,DEN,34.0,36.31333333333333,14,19,0.737,1,3,0.333,4,4,1.0,1,7,8,3,0,1,0,0,4,2,33,3,0.119,118.1,110.3,0.228,0.184,0.0,69,0.034,0.795,76.01,117.4,92.08,0.0,0.167,91.21,113.0,12.5,4.3,7.8,0.282,0.763,0.28,0.0,2.0,0.0,0.133,7.0,30.0,0.1,1.0,33.0,4.0,0.0,2.0,1.5,2.0,0.25,0.0,0.0,2.0,2.0,0.0,0.25,4.0,1.0,1.0,1.0,1.0,6.0,1.0,7.0,52.0,1.8,2.0,2.0,2.13,1.429,7.0,34.0,0.635,1.48,4.0,5.0,10.0,4.7,4.0,1.0,0.615,1.0,1.0,0.25,0.778,13.0,1.0,0.0,4.0,0.0,3.0,0.25,0.429,0.667,4.0,0.7,0.5,7.3,,,,,,,,,,,,,,11.0,0.579,0.0,0.818,0.0,9.0,0.579,11.0,0.818,,9.0,0.818,0.0,5.0,0.0,0.8,0.0,0.263,4.0,4.0,0.8,0.0,0.263,5.0,0.8,,0.158,1.0,0.0,0.0,3.0,0.158,,0.333,0.5,0.0,3.0,0.333,1.0,0.0,0.0,0.0,0.0,0.0,,0.0,1.0,10.0,1.0,2.0,0.714,0.763,0.5,1.0,5.0,14.0,1.0,0.0,1.0,1.0,0.6,5.0,2.0,0.0,0.0,1.0,0.0,0.0,3.0,9.0,1.0,1.0,0.0,0.0,1.0,0.0,1.0,1.0,10.0,0.9,258.0,172.0,0.373,0.667,0.623,0.044,0.0,0.0,,0.9,0.0,,0.0,1.0,1.0,9.0,0.0,0.6,,0.0,0.0,0.0,3.0,2.0,10.0,5.0,0.5,0.0,0.0,1.0,0.0,1.0,1.0,4.0,0.333,3.0,1.0,0.625,2.0,2019,21801025,20190314.0,2018-19,False,1.0,10.0,20.0,0.5,0.448,0.052,4.0,9.0,0.444,0.328,6.0,11.0,0.545,0.575,5.0,8.0,0.625,0.652,4.0,10.0,0.4,0.347,5.0,7.0,0.0,0.0,0.0,1.429,0.0,0.0,0.0,0.0,0.0,0.0,0.0,0.0,16.0,4.0,12.0,0.0,0.0,1.0,2.0,1.0,0.0,1.0,1.0,0.0,0.0,3.0,3.0,1.0,0.0,0.0,1.0,1.0,0.0
200794,Paul Millsap,1610612743,DEN,34.0,31.65,6,14,0.429,1,3,0.333,1,1,1.0,5,6,11,0,2,2,2,1,2,3,14,-8,0.134,89.2,99.9,0.16,0.182,12.5,61,0.102,0.485,78.36,93.4,97.79,0.0,0.0,94.03,103.2,0.0,-9.7,-10.8,0.208,0.464,0.203,12.2,5.0,0.0,0.0,0.0,25.0,0.0,0.0,22.0,0.0,0.0,2.0,0.0,0.0,0.0,0.0,0.0,0.0,0.0,0.0,0.2,5.0,0.0,0.0,0.0,1.0,0.0,1.0,8.0,45.0,1.8,0.0,0.875,2.43,0.0,3.0,30.0,0.311,1.4,6.0,4.8,12.0,5.6,4.0,2.0,0.5,3.0,0.8,0.455,0.6,22.0,4.0,1.0,5.0,1.0,2.0,0.5,0.333,0.579,11.0,0.5,0.545,3.8,0.25,0.0,0.286,0.0,0.0,1.0,1.0,4.0,0.25,0.286,0.25,4.0,,5.0,0.357,0.0,0.6,0.0,3.0,0.357,5.0,0.6,,3.0,0.6,0.0,3.0,1.0,0.333,0.0,0.214,1.0,1.0,0.5,0.071,0.143,2.0,0.333,0.0,0.143,1.0,0.0,0.0,2.0,0.143,,0.5,0.75,0.0,2.0,0.5,1.0,0.0,0.0,0.0,0.0,0.0,,0.0,1.0,0.0,0.0,0.0,0.0,0.464,0.333,0.75,3.0,7.0,0.0,0.0,0.0,0.0,0.25,4.0,3.0,0.333,0.0,0.0,0.0,0.0,1.0,4.0,0.0,0.0,1.0,0.0,0.0,0.0,1.0,0.0,6.0,0.667,43.0,29.0,0.344,0.674,0.625,0.05,0.0,0.0,,0.571,0.0,,0.0,0.0,0.0,4.0,0.0,0.333,,0.0,0.0,0.0,1.0,3.0,7.0,3.0,0.333,0.0,0.0,1.0,0.0,0.0,1.0,3.0,0.333,3.0,1.0,0.5,1.0,2019,41800232,20190501.0,2018-19,True,1.0,5.0,11.0,0.455,0.453,0.001,0.0,4.0,0.0,0.339,5.0,7.0,0.714,0.495,4.0,5.0,0.8,0.532,0.0,5.0,0.0,0.351,0.0,2.0,0.0,0.0,0.0,0.0,1.0,0.333,0.0,0.0,0.0,0.0,0.0,0.0,9.0,7.0,2.0,4.0,0.0,2.0,4.0,1.0,0.0,1.0,1.0,0.0,0.0,4.0,5.0,2.0,1.0,0.0,0.8,0.667,0.333
200794,Paul Millsap,1610612743,DEN,34.0,29.53333333333333,2,9,0.222,0,2,0.0,2,2,1.0,1,7,8,3,3,1,0,1,2,2,6,3,0.14,113.4,112.0,0.039,0.28,18.8,64,0.031,0.304,86.68,114.1,103.14,1.0,0.115,104.02,109.4,18.8,4.7,1.4,0.175,0.222,0.173,18.9,7.0,0.0,0.086,6.0,35.0,0.086,1.0,26.0,3.0,0.0,1.0,0.0,0.0,0.0,0.0,0.0,0.0,0.0,0.0,0.0,1.0,0.0,0.0,0.0,0.0,0.0,3.0,6.0,49.0,2.0,0.667,1.0,2.4,0.0,5.0,30.0,0.122,1.18,2.0,6.7,10.0,5.6,5.0,1.0,0.571,2.0,1.0,0.25,0.778,14.0,1.0,0.0,5.0,1.0,1.0,0.333,0.143,0.667,4.0,0.7,0.25,13.7,0.0,0.0,0.222,0.0,0.0,0.0,0.0,2.0,0.0,0.222,0.0,2.0,,4.0,0.444,0.0,0.5,0.0,2.0,0.444,4.0,0.5,,2.0,0.5,0.0,1.0,0.0,0.0,0.0,0.111,0.0,0.0,0.0,0.0,0.111,1.0,0.0,,0.222,0.0,0.0,0.0,2.0,0.222,,0.0,0.0,0.0,2.0,0.0,0.0,0.0,1.0,0.0,0.0,0.0,0.0,0.0,3.0,0.0,0.0,2.0,0.0,0.222,0.0,0.667,0.0,6.0,0.0,0.0,0.0,0.0,0.0,1.0,2.0,0.0,0.0,0.0,0.0,0.0,0.0,2.0,0.0,0.0,0.0,0.0,0.0,0.0,1.0,0.0,5.0,0.4,112.0,78.0,0.381,0.696,0.634,0.062,0.0,0.0,,0.4,,,0.0,2.0,0.0,2.0,0.0,0.0,,0.0,0.0,0.0,0.0,0.0,5.0,1.0,0.0,,,0.0,0.0,0.0,1.0,1.0,0.0,1.0,0.0,0.0,0.0,2019,21800347,20181203.0,2018-19,False,1.0,13.0,19.0,0.684,0.482,0.202,2.0,8.0,0.25,0.383,11.0,11.0,1.0,0.568,8.0,8.0,1.0,0.612,3.0,9.0,0.333,0.395,0.0,2.0,0.0,0.0,0.0,0.0,3.0,0.6,1.0,0.2,0.0,0.0,0.0,0.0,12.0,5.0,7.0,1.0,0.0,1.0,3.0,0.0,1.0,1.0,0.0,1.0,0.0,2.0,2.0,1.0,1.0,0.0,1.0,1.0,1.0
200794,Paul Millsap,1610612743,DEN,34.0,30.316666666666663,1,7,0.143,0,1,0.0,9,12,0.75,3,13,16,0,2,1,1,2,2,6,11,20,0.222,110.8,80.9,0.163,0.351,13.3,64,0.086,0.448,83.78,109.4,98.99,0.0,0.0,100.54,79.4,0.0,30.0,29.9,0.195,0.143,0.197,14.0,2.0,0.0,0.0,0.0,33.0,0.0,0.0,25.0,0.0,0.0,0.0,0.0,0.0,0.0,0.0,0.0,0.0,0.0,0.0,1.0,1.0,0.0,0.0,0.0,1.0,0.0,1.0,6.0,48.0,1.9,0.0,0.167,2.41,0.5,4.0,26.0,0.229,1.54,4.0,6.7,15.0,5.9,11.0,1.0,0.696,1.0,0.667,0.375,0.929,23.0,2.0,1.0,12.0,0.0,2.0,0.375,0.154,0.727,8.0,0.867,0.25,10.0,0.0,0.0,0.286,0.0,0.0,0.0,0.0,2.0,0.0,0.286,0.0,2.0,,3.0,0.429,0.0,0.0,0.0,0.0,0.429,3.0,0.0,,0.0,0.0,0.0,2.0,1.0,0.5,0.0,0.286,1.0,1.0,1.0,0.143,0.143,1.0,0.5,0.0,,,,,,,,,,,,,,1.0,0.0,2.0,0.5,0.5,,0.0,2.0,2.0,0.0,0.0,0.0,0.143,0.0,0.0,0.0,1.0,0.0,0.0,0.5,0.0,0.0,0.0,1.0,0.0,0.0,0.0,0.0,0.0,0.0,0.0,0.0,0.0,0.0,0.0,0.0,0.0,2.0,1.0,4.0,0.0,3.0,0.0,0.3,0.0,0.53,-0.53,1.0,0.0,0.0,0.0,0.0,0.0,0.0,0.0,1.0,0.0,0.0,0.0,0.0,0.0,0.0,0.0,0.0,1.0,4.0,0.0,0.0,0.0,0.0,0.0,0.0,1.0,1.0,1.0,0.0,1.0,0.0,0.0,0.0,2019,21800012,20181017.0,2018-19,False,1.0,3.0,10.0,0.3,0.45,-0.15,2.0,2.0,1.0,0.419,1.0,8.0,0.125,0.48,1.0,5.0,0.2,0.492,2.0,3.0,0.667,0.403,0.0,3.0,2.0,2.0,1.0,0.5,0.0,0.0,0.0,0.0,0.0,0.0,1.0,0.25,9.0,7.0,2.0,0.0,0.0,0.0,0.0,0.0,0.0,0.0,0.0,0.0,1.0,4.0,5.0,2.0,1.0,0.2,0.8,0.667,0.333
200794,Paul Millsap,1610612743,DEN,34.0,33.693333333333335,5,11,0.455,0,3,0.0,5,7,0.714,1,12,13,3,1,0,1,1,4,5,15,1,0.21,109.1,106.3,0.142,0.387,5.6,69,0.032,0.533,81.92,105.8,95.93,3.0,0.13,98.3,104.3,16.7,1.4,2.8,0.213,0.455,0.205,5.5,7.0,0.0,0.059,8.0,51.0,0.059,0.0,43.0,3.0,0.0,4.0,2.0,4.0,0.0,0.0,0.0,1.0,0.0,0.0,0.0,4.0,0.0,0.0,1.0,0.0,8.0,2.0,4.0,67.0,2.1,0.0,0.5,1.91,0.0,5.0,43.0,0.224,0.93,2.0,4.3,14.0,4.5,11.0,1.0,0.684,1.0,1.0,0.143,0.923,19.0,1.0,0.0,11.0,0.0,1.0,0.143,0.083,0.722,7.0,0.857,0.154,1.9,0.5,0.0,0.364,0.0,0.0,2.0,2.0,4.0,0.5,0.364,0.5,4.0,,4.0,0.364,0.0,0.75,0.0,3.0,0.364,4.0,0.75,,3.0,0.75,0.0,,,,,,,,,,,,,,0.273,0.0,0.0,0.0,3.0,0.273,,0.0,0.0,0.0,3.0,0.0,0.0,1.0,0.0,2.0,1.0,1.0,,0.0,1.0,0.0,0.0,0.0,0.0,0.455,0.0,0.333,0.0,2.0,0.0,0.0,0.0,0.0,0.6,5.0,2.0,0.0,1.0,0.0,0.0,0.0,3.0,2.0,0.0,0.0,0.0,0.0,1.0,0.0,0.0,0.0,3.0,0.667,266.0,178.0,0.379,0.669,0.622,0.047,0.0,0.0,0.0,0.667,0.0,0.0,0.0,2.0,1.0,4.0,0.0,0.0,0.0,0.0,0.0,0.0,0.0,1.0,6.0,1.0,0.0,0.0,0.0,0.0,0.0,1.0,1.0,3.0,0.0,3.0,0.0,0.0,0.0,2019,21801040,20190316.0,2018-19,False,1.0,7.0,10.0,0.7,0.495,0.205,1.0,2.0,0.5,0.357,6.0,8.0,0.75,0.54,6.0,8.0,0.75,0.588,1.0,2.0,0.5,0.34,0.0,1.0,0.0,0.0,0.0,0.0,4.0,0.8,0.0,0.0,0.0,0.0,0.0,0.0,8.0,7.0,1.0,0.0,0.0,1.0,3.0,0.0,1.0,1.0,0.0,1.0,0.0,7.0,7.0,4.0,1.0,0.0,1.0,1.0,0.25
200794,Paul Millsap,1610612743,DEN,34.0,15.653333333333334,3,8,0.375,1,4,0.25,2,2,1.0,1,3,4,1,2,0,0,1,4,1,9,-7,0.111,78.8,95.5,0.046,0.167,16.7,37,0.056,0.507,97.1,75.7,110.64,0.5,0.167,116.52,89.7,8.3,-14.1,-16.7,0.29,0.438,0.282,16.8,2.0,0.0,0.071,2.0,14.0,0.071,0.0,19.0,1.0,1.0,0.0,0.0,0.0,0.0,1.0,0.0,0.0,0.0,0.0,0.0,1.0,0.0,0.0,0.0,0.0,0.0,1.0,3.0,28.0,1.0,2.0,1.333,2.13,0.0,1.0,20.0,0.321,1.0,0.0,11.1,4.0,7.6,3.0,0.0,0.571,0.0,0.0,0.333,0.75,7.0,0.0,1.0,4.0,0.0,0.0,0.333,0.0,0.571,3.0,0.75,0.0,21.7,0.0,0.0,0.125,0.0,0.0,0.0,0.0,1.0,0.0,0.125,0.0,1.0,,2.0,0.25,0.0,1.0,0.0,2.0,0.25,2.0,1.0,,2.0,1.0,0.0,,,,,,,,,,,,,,0.625,1.0,0.0,0.125,4.0,0.5,0.0,0.25,0.3,1.0,5.0,0.2,1.0,0.0,1.0,0.0,0.0,0.0,0.0,0.0,1.0,0.0,1.0,2.0,0.0,0.438,0.25,1.0,3.0,4.0,1.0,0.0,0.0,1.0,0.0,0.0,3.0,0.0,0.0,1.0,0.0,0.0,0.0,2.0,1.0,1.0,0.0,0.0,1.0,0.0,1.0,0.0,3.0,0.667,244.0,163.0,0.375,0.668,0.621,0.047,1.0,0.0,,0.667,,,0.0,3.0,0.0,2.0,0.0,0.0,,0.0,0.0,0.0,0.0,1.0,3.0,0.0,1.0,,,1.0,0.0,0.0,0.0,4.0,0.333,3.0,1.0,0.375,1.0,2019,21800984,20190308.0,2018-19,False,1.0,4.0,8.0,0.5,0.487,0.013,0.0,2.0,0.0,0.347,4.0,6.0,0.667,0.554,3.0,4.0,0.75,0.605,0.0,3.0,0.0,0.383,0.0,1.0,0.0,0.0,0.0,0.0,0.0,0.0,0.0,0.0,0.0,0.0,0.0,0.0,5.0,3.0,2.0,0.0,0.0,0.0,0.0,1.0,0.0,1.0,1.0,0.0,0.0,0.0,0.0,0.0,0.0,0.0,0.0,0.0,0.0
200794,Paul Millsap,1610612743,DEN,34.0,31.91333333333333,3,13,0.231,0,2,0.0,4,6,0.667,1,6,7,1,0,0,3,3,6,4,10,3,0.099,112.5,111.8,0.009,0.167,0.0,61,0.029,0.32,77.08,118.0,94.55,0.0,0.043,92.5,111.3,5.9,6.7,0.7,0.217,0.231,0.222,0.0,1.0,0.0,0.025,2.0,40.0,0.025,0.0,40.0,1.0,0.0,2.0,0.0,0.0,0.0,0.0,0.0,0.0,0.0,0.0,0.333,3.0,0.0,0.0,0.0,1.0,0.0,2.0,7.0,57.0,2.0,0.5,0.429,2.12,0.8,5.0,42.0,0.175,1.28,3.0,3.8,15.0,4.0,4.0,3.0,0.368,3.0,1.0,0.25,0.5,19.0,1.0,0.0,4.0,0.0,2.0,0.25,0.333,0.438,4.0,0.4,0.429,2.6,0.25,0.0,0.308,0.0,0.0,1.0,1.0,4.0,0.25,0.308,0.25,4.0,,5.0,0.385,0.0,0.2,0.0,1.0,0.385,5.0,0.2,,1.0,0.2,0.0,2.0,1.0,0.5,0.0,0.154,1.0,1.0,1.0,0.077,0.077,1.0,0.5,0.0,0.154,0.0,0.0,0.077,1.0,0.077,0.0,0.0,0.0,1.0,2.0,0.0,0.0,1.0,0.0,2.0,1.0,1.0,,0.0,1.0,4.0,0.0,1.0,0.5,0.231,0.0,0.2,0.0,3.0,0.0,0.0,0.5,0.0,0.0,2.0,1.0,0.0,1.0,0.0,0.0,0.0,0.0,2.0,0.0,0.0,0.0,0.0,1.0,0.0,2.0,1.0,7.0,0.286,74.0,49.0,0.366,0.662,0.606,0.056,0.0,0.0,0.0,0.286,,0.0,0.0,0.0,0.5,2.0,0.0,0.0,0.0,0.0,0.0,0.0,0.0,2.0,7.0,2.0,0.0,,,0.0,0.0,1.0,2.0,3.0,0.0,2.0,0.0,0.0,0.0,2019,41800237,20190512.0,2018-19,True,1.0,9.0,17.0,0.529,0.455,0.074,0.0,6.0,0.0,0.361,9.0,11.0,0.818,0.497,7.0,8.0,0.875,0.524,1.0,7.0,0.143,0.359,2.0,4.0,0.0,0.0,0.0,0.8,1.0,0.2,0.0,0.0,0.0,0.0,0.0,0.0,17.0,12.0,5.0,2.0,1.0,0.0,0.0,1.0,1.0,2.0,0.5,0.5,0.0,4.0,4.0,3.0,0.0,0.0,1.0,1.0,0.0
200794,Paul Millsap,1610612743,DEN,34.0,35.28333333333333,6,8,0.75,2,2,1.0,1,2,0.5,0,6,6,2,3,3,1,0,1,3,15,5,0.102,134.8,123.0,0.108,0.222,21.4,69,0.0,0.845,79.92,131.9,93.49,0.67,0.061,95.91,119.4,14.3,12.4,11.8,0.155,0.875,0.152,21.6,4.0,0.0,0.077,4.0,39.0,0.051,1.0,32.0,3.0,0.0,3.0,0.8,2.0,0.0,0.0,0.0,0.0,0.0,0.0,0.4,5.0,0.0,0.0,0.667,2.0,4.0,0.0,2.0,53.0,2.1,0.0,0.0,2.42,0.714,7.0,32.0,0.283,1.3,3.0,3.3,8.0,3.3,3.0,1.0,0.667,1.0,0.0,0.0,0.857,9.0,0.0,0.0,3.0,0.0,3.0,0.0,0.5,0.75,1.0,0.75,0.5,0.0,0.75,0.0,0.5,0.0,0.0,3.0,3.0,4.0,0.75,0.5,0.75,4.0,,2.0,0.25,0.0,0.5,0.0,1.0,0.25,2.0,0.5,,1.0,0.5,0.0,2.0,2.0,1.5,2.0,0.25,2.0,0.0,,0.25,0.0,0.0,1.0,1.0,,,,,,,,,,,,,,2.0,2.0,6.0,1.5,1.0,1.0,2.0,2.0,5.0,0.0,0.0,0.667,0.875,0.0,0.0,0.0,0.0,0.0,0.0,0.0,0.0,1.0,3.0,2.0,1.0,0.0,0.0,0.0,0.0,3.0,1.0,0.0,0.0,2.0,0.0,0.0,0.0,0.0,0.0,3.0,0.333,278.0,187.0,0.381,0.673,0.624,0.049,0.0,1.0,,0.5,,,0.0,2.0,0.0,2.0,0.0,1.0,,0.0,0.0,2.0,2.0,0.0,4.0,2.0,0.0,,,0.0,0.0,0.0,0.0,0.0,,0.0,0.0,,0.0,2019,21801075,20190321.0,2018-19,False,1.0,12.0,19.0,0.632,0.487,0.145,4.0,5.0,0.8,0.358,8.0,14.0,0.571,0.55,8.0,13.0,0.615,0.614,4.0,5.0,0.8,0.365,2.0,3.0,1.0,2.0,0.5,0.714,1.0,0.143,1.0,0.143,1.0,0.143,1.0,0.143,10.0,6.0,4.0,4.0,0.0,0.0,0.0,1.0,1.0,2.0,0.5,0.5,0.0,2.0,2.0,0.0,0.0,0.0,1.0,0.0,0.0
200794,Paul Millsap,1610612743,DEN,34.0,27.365,4,7,0.571,0,1,0.0,4,6,0.667,4,6,10,1,3,2,1,1,3,6,12,6,0.169,104.6,102.2,0.145,0.207,21.4,63,0.133,0.622,90.63,104.8,106.82,0.33,0.071,108.75,98.4,7.1,6.4,2.4,0.178,0.571,0.173,22.0,2.0,1.0,0.077,5.0,26.0,0.038,0.0,21.0,2.0,1.0,1.0,0.667,1.0,0.0,0.333,0.0,0.0,0.0,0.0,0.333,3.0,0.0,0.0,1.0,1.0,2.0,1.0,4.0,41.0,1.4,0.0,0.75,1.99,2.0,1.0,25.0,0.293,0.98,4.0,4.8,12.0,4.5,5.0,0.0,0.5,0.0,0.75,0.4,0.5,20.0,3.0,1.0,6.0,0.0,1.0,0.4,0.167,0.5,10.0,0.5,0.4,5.3,,,,,,,,,,,,,,4.0,0.571,0.0,0.75,0.0,3.0,0.571,4.0,0.75,,3.0,0.75,0.0,3.0,1.0,0.333,0.0,0.429,1.0,1.0,0.5,0.143,0.286,2.0,0.333,0.0,,,,,,,,,,,,,,0.0,0.0,0.0,,,,0.0,0.0,2.0,0.0,0.0,0.0,0.571,0.0,1.0,0.0,3.0,0.0,0.0,0.0,0.0,0.0,1.0,0.0,0.0,1.0,0.0,0.0,0.0,0.0,4.0,0.0,0.0,0.0,0.0,1.0,0.0,0.0,0.0,5.0,0.8,217.0,144.0,0.372,0.664,0.619,0.044,0.0,0.0,,0.8,0.0,,0.0,0.0,0.0,4.0,0.0,0.0,,0.0,0.0,0.0,0.0,1.0,5.0,1.0,0.0,0.0,0.0,0.0,0.0,0.0,0.0,1.0,0.0,1.0,0.0,0.0,0.0,2019,21800910,20190226.0,2018-19,False,1.0,6.0,12.0,0.5,0.464,0.036,2.0,5.0,0.4,0.326,4.0,7.0,0.571,0.535,4.0,7.0,0.571,0.584,2.0,5.0,0.4,0.334,0.0,0.0,2.0,2.0,1.0,2.0,0.0,0.0,0.0,0.0,0.0,0.0,1.0,1.0,6.0,3.0,3.0,1.0,0.0,1.0,2.0,0.0,1.0,1.0,0.0,1.0,1.0,6.0,7.0,2.0,1.0,0.143,0.857,0.667,0.333
200794,Paul Millsap,1610612743,DEN,34.0,23.683333333333334,2,9,0.222,0,1,0.0,4,4,1.0,2,7,9,0,1,1,0,0,3,2,8,3,0.214,115.0,103.7,0.06,0.35,8.3,48,0.091,0.372,80.23,110.4,95.54,0.0,0.0,96.27,106.4,0.0,4.0,11.3,0.226,0.222,0.222,8.5,3.0,0.0,0.036,0.0,28.0,0.0,1.0,26.0,1.0,0.0,4.0,0.8,2.0,0.0,0.0,0.0,0.0,0.0,0.0,0.2,5.0,0.0,0.0,0.5,1.0,4.0,1.0,4.0,42.0,2.0,0.0,0.5,2.83,0.4,5.0,26.0,0.19,1.64,3.0,5.1,7.0,5.6,6.0,0.0,0.75,0.0,1.0,0.4,1.0,12.0,2.0,0.0,6.0,0.0,1.0,0.4,0.143,0.75,5.0,1.0,0.333,3.2,,,,,,,,,,,,,,6.0,0.667,0.0,0.333,0.0,2.0,0.667,6.0,0.333,,2.0,0.333,0.0,3.0,1.0,0.0,0.0,0.333,0.0,0.0,0.0,0.111,0.222,2.0,0.0,0.0,,,,,,,,,,,,,,0.0,0.0,0.0,0.0,0.0,,0.0,1.0,2.0,0.0,0.0,0.0,0.222,0.0,0.0,0.0,2.0,0.0,0.0,0.0,0.0,0.0,2.0,1.0,0.0,0.0,0.0,0.0,0.0,0.0,2.0,0.0,0.0,0.0,0.0,0.0,0.0,2.0,0.0,4.0,0.5,145.0,99.0,0.383,0.683,0.626,0.057,0.0,0.0,,0.4,,,0.0,0.0,0.0,2.0,0.0,0.0,,0.0,0.0,0.0,0.0,1.0,5.0,1.0,0.0,,,0.0,0.0,0.0,2.0,1.0,0.0,1.0,0.0,0.0,0.0,2019,21800618,20190110.0,2018-19,False,1.0,5.0,7.0,0.714,0.475,0.24,1.0,2.0,0.5,0.405,4.0,5.0,0.8,0.504,4.0,4.0,1.0,0.557,1.0,3.0,0.333,0.41,0.0,2.0,2.0,2.0,1.0,0.4,1.0,0.2,0.0,0.0,1.0,0.2,1.0,0.2,5.0,4.0,1.0,2.0,0.0,0.0,0.0,0.0,0.0,0.0,0.0,0.0,0.0,2.0,2.0,0.0,0.0,0.0,1.0,0.0,0.0
200794,Paul Millsap,1610612743,DEN,34.0,27.416666666666668,4,7,0.571,0,0,0.0,3,3,1.0,3,3,6,0,2,0,0,0,2,4,11,-7,0.111,105.9,119.4,0.079,0.103,20.0,56,0.12,0.661,81.7,108.9,100.28,0.0,0.0,98.04,121.4,0.0,-12.5,-13.5,0.168,0.571,0.161,19.4,2.0,1.0,0.05,1.0,20.0,0.0,0.0,13.0,1.0,0.0,1.0,3.0,1.0,0.0,0.0,0.0,0.0,0.0,0.0,0.0,1.0,0.0,0.0,1.0,0.0,3.0,0.0,7.0,30.0,1.1,0.0,1.143,2.25,0.667,3.0,18.0,0.367,1.1,3.0,4.7,6.0,6.7,3.0,0.0,0.6,0.0,1.0,0.6,0.5,10.0,3.0,0.0,3.0,0.0,0.0,0.6,0.0,0.6,5.0,0.5,0.5,2.8,0.5,0.0,0.286,0.0,0.0,1.0,1.0,2.0,0.5,0.286,0.5,2.0,,3.0,0.429,0.0,0.667,0.0,2.0,0.429,3.0,0.667,,2.0,0.667,0.0,2.0,0.0,0.5,0.0,0.286,1.0,1.0,0.5,0.0,0.286,2.0,0.5,,,,,,,,,,,,,,,2.0,,4.0,0.667,0.667,,,3.0,2.0,0.0,0.0,0.5,0.571,0.0,0.6,0.0,8.0,0.0,0.0,0.5,0.0,0.5,2.0,0.0,0.0,0.0,0.0,0.0,0.0,1.0,2.0,0.0,0.0,0.0,0.0,0.0,0.0,2.0,1.0,3.0,0.667,155.0,104.0,0.383,0.671,0.625,0.046,0.0,0.0,,0.667,0.0,,0.0,0.0,1.0,2.0,0.0,0.0,,0.0,0.0,0.0,0.0,0.0,3.0,2.0,0.0,0.0,0.0,0.0,0.0,2.0,2.0,1.0,,,,0.0,0.0,2019,21800643,20190113.0,2018-19,False,1.0,3.0,10.0,0.3,0.482,-0.182,1.0,3.0,0.333,0.347,2.0,7.0,0.286,0.534,1.0,5.0,0.2,0.581,2.0,5.0,0.4,0.366,1.0,2.0,0.0,0.0,0.0,0.667,1.0,0.333,0.0,0.0,0.0,0.0,0.0,0.0,8.0,5.0,3.0,5.0,0.0,1.0,3.0,1.0,0.0,1.0,1.0,0.0,0.0,0.0,0.0,0.0,0.0,0.0,0.0,0.0,0.0
200794,Paul Millsap,1610612743,DEN,34.0,32.95,8,12,0.667,1,2,0.5,2,3,0.667,1,5,6,1,1,0,3,1,2,5,19,7,0.091,108.5,98.0,0.167,0.152,6.7,62,0.03,0.713,75.27,112.9,93.81,1.0,0.048,90.32,101.6,6.7,11.3,10.5,0.19,0.708,0.182,6.5,2.0,0.0,0.071,2.0,28.0,0.036,1.0,28.0,2.0,0.0,2.0,1.0,1.0,0.333,0.0,0.0,2.0,1.0,0.0,0.0,3.0,0.5,1.0,0.5,0.0,3.0,5.0,6.0,45.0,1.7,0.4,1.667,2.21,1.5,2.0,29.0,0.422,1.02,2.0,3.1,9.0,3.0,4.0,2.0,0.5,4.0,1.0,0.333,0.714,12.0,1.0,0.0,4.0,2.0,1.0,1.0,0.2,0.75,3.0,0.556,0.333,3.7,0.0,0.0,0.077,0.0,0.0,0.0,0.0,1.0,0.0,0.077,0.0,1.0,,7.0,0.538,0.0,0.714,0.0,5.0,0.538,7.0,0.714,,5.0,0.714,0.0,3.0,1.0,1.167,1.0,0.231,3.0,2.0,1.0,0.077,0.154,2.0,1.0,1.0,0.154,0.0,0.0,0.077,1.0,0.077,0.0,0.0,0.0,1.0,2.0,0.0,0.0,0.0,0.0,0.0,0.0,0.0,,0.0,1.0,3.0,0.5,2.0,1.0,0.708,0.5,0.833,5.0,10.0,1.0,0.0,0.0,0.0,0.75,4.0,1.0,0.0,1.0,1.0,1.0,1.0,3.0,4.0,0.0,0.0,0.0,0.0,1.0,0.0,1.0,0.0,5.0,0.8,38.0,25.0,0.413,0.658,0.645,0.013,0.0,0.0,,0.857,0.0,,0.0,0.0,0.0,6.0,0.0,0.5,,0.0,0.0,0.0,1.0,2.0,7.0,2.0,0.5,0.0,0.0,1.0,0.0,0.0,1.0,4.0,0.5,2.0,1.0,0.625,2.0,2019,21800106,20181031.0,2018-19,False,1.0,6.0,13.0,0.462,0.457,0.004,2.0,4.0,0.5,0.337,4.0,9.0,0.444,0.505,3.0,5.0,0.6,0.566,2.0,6.0,0.333,0.355,1.0,1.0,0.0,0.0,0.0,1.5,1.0,0.5,0.0,0.0,0.0,0.0,0.0,0.0,9.0,7.0,2.0,1.0,0.0,0.0,0.0,1.0,0.0,1.0,1.0,0.0,3.0,2.0,5.0,3.0,1.0,0.6,0.4,1.0,0.333
200794,Paul Millsap,1610612743,DEN,34.0,31.578333333333333,3,12,0.25,0,2,0.0,2,2,1.0,5,4,9,4,0,0,0,1,2,3,8,22,0.118,131.6,99.2,0.054,0.108,0.0,63,0.128,0.311,79.17,134.9,97.34,0.0,0.148,95.0,101.6,23.5,33.3,32.3,0.168,0.25,0.173,0.0,7.0,0.0,0.147,11.0,34.0,0.118,1.0,34.0,5.0,0.0,2.0,0.5,0.0,0.25,0.0,0.25,2.0,2.0,1.0,0.25,4.0,1.0,1.0,0.0,1.0,2.0,4.0,12.0,51.0,1.6,0.0,0.667,1.93,0.2,10.0,40.0,0.157,0.94,2.0,6.4,5.0,7.9,4.0,1.0,0.75,1.0,0.4,0.625,1.0,12.0,2.0,3.0,7.0,0.0,0.0,0.625,0.0,0.818,8.0,0.8,0.222,5.2,,,,,,,,,,,,,,9.0,0.75,0.0,0.222,0.0,2.0,0.75,9.0,0.222,,2.0,0.222,0.0,1.0,0.0,1.0,0.0,0.083,1.0,1.0,1.0,0.0,0.083,1.0,1.0,,0.167,0.0,0.0,0.0,2.0,0.167,,0.0,0.0,0.0,2.0,0.0,0.0,0.0,0.0,0.0,,,,0.0,0.0,2.0,0.0,0.0,0.333,0.25,0.0,0.429,0.0,8.0,0.0,0.0,0.0,0.0,0.0,2.0,2.0,0.0,0.0,0.0,0.0,0.0,0.0,3.0,0.0,0.0,0.0,0.0,0.0,0.0,0.0,0.0,8.0,0.375,280.0,189.0,0.378,0.675,0.624,0.051,0.0,0.0,0.0,0.333,0.0,0.0,0.0,1.0,0.0,3.0,0.0,0.0,0.0,0.0,0.0,0.0,0.0,1.0,9.0,1.0,0.0,0.0,0.0,0.0,0.0,0.0,0.0,2.0,0.0,2.0,0.0,0.0,0.0,2019,21801082,20190322.0,2018-19,False,1.0,4.0,11.0,0.364,0.44,-0.076,1.0,5.0,0.2,0.338,3.0,6.0,0.5,0.512,2.0,4.0,0.5,0.588,2.0,6.0,0.333,0.341,1.0,3.0,0.0,0.0,0.0,0.2,6.0,0.6,2.0,0.2,0.0,0.0,0.0,0.0,7.0,2.0,5.0,1.0,0.0,2.0,5.0,0.0,0.0,0.0,0.0,0.0,1.0,6.0,7.0,2.0,0.0,0.143,0.857,0.667,0.0
200794,Paul Millsap,1610612743,DEN,34.0,29.1,5,7,0.714,1,2,0.5,3,4,0.75,0,1,1,0,1,0,0,0,5,5,14,-32,0.021,95.7,147.1,0.047,0.045,10.0,57,0.0,0.799,80.41,93.0,93.36,0.0,0.0,96.49,141.7,0.0,-48.7,-51.4,0.17,0.786,0.169,10.2,0.0,0.0,0.037,0.0,27.0,0.0,1.0,24.0,1.0,0.0,2.0,1.0,2.0,0.2,0.0,0.0,2.0,1.0,0.0,0.4,5.0,0.5,1.0,1.0,2.0,5.0,0.0,0.0,39.0,1.4,0.0,0.0,2.17,1.0,6.0,23.0,0.359,1.05,0.0,11.9,3.0,11.9,1.0,1.0,0.2,1.0,0.0,0.0,0.5,5.0,0.0,0.0,1.0,0.0,0.0,0.0,0.0,0.25,2.0,0.333,0.0,0.0,1.0,0.0,0.143,0.0,0.0,1.0,1.0,1.0,1.0,0.143,1.0,1.0,,2.0,0.286,0.0,0.5,0.0,1.0,0.286,2.0,0.5,,1.0,0.5,0.0,3.0,1.0,0.667,0.0,0.429,2.0,2.0,1.0,0.143,0.286,2.0,0.667,0.0,0.143,1.0,0.0,0.0,1.0,0.143,,1.0,1.5,0.0,1.0,1.0,1.0,1.0,0.0,2.0,1.0,1.0,,0.0,1.0,6.0,0.0,0.0,0.75,0.786,0.5,0.0,3.0,0.0,0.0,0.0,1.0,0.0,0.667,3.0,2.0,0.5,0.0,0.0,0.0,0.0,2.0,1.0,0.0,0.0,1.0,0.0,0.0,0.0,1.0,1.0,1.0,1.0,14.0,11.0,0.333,0.786,0.645,0.14,0.0,0.5,0.0,1.0,,0.0,0.0,2.0,1.0,1.0,0.0,0.667,0.0,0.0,0.0,1.0,2.0,0.0,1.0,3.0,0.0,,,0.0,0.0,1.0,1.0,2.0,0.5,2.0,1.0,0.75,1.0,2019,41800153,20190418.0,2018-19,True,1.0,12.0,17.0,0.706,0.496,0.21,1.0,2.0,0.5,0.404,11.0,15.0,0.733,0.516,8.0,9.0,0.889,0.587,2.0,6.0,0.333,0.433,3.0,4.0,0.0,0.0,0.0,1.0,1.0,0.167,0.0,0.0,0.0,0.0,0.0,0.0,6.0,4.0,2.0,1.0,0.0,1.0,2.0,0.0,0.0,0.0,0.0,0.0,1.0,4.0,5.0,1.0,0.0,0.2,0.8,1.0,0.0
200794,Paul Millsap,1610612743,DEN,34.0,28.416666666666668,3,7,0.429,2,3,0.667,0,2,0.0,0,6,6,3,1,1,1,0,3,3,8,2,0.077,88.4,90.4,0.091,0.143,8.3,63,0.0,0.508,88.68,95.2,111.48,3.0,0.143,106.42,92.1,25.0,3.2,-2.0,0.117,0.571,0.118,8.4,3.0,0.0,0.097,6.0,31.0,0.097,0.0,27.0,3.0,2.0,0.0,0.0,0.0,0.0,0.667,0.0,0.0,0.0,0.0,0.0,3.0,0.0,0.0,0.0,0.0,0.0,0.0,1.0,43.0,1.9,0.0,0.0,2.59,0.5,4.0,26.0,0.186,1.26,0.0,8.4,10.0,8.4,6.0,0.0,0.429,1.0,0.0,0.0,0.6,14.0,0.0,0.0,6.0,1.0,0.0,0.0,0.0,0.462,4.0,0.6,0.0,0.0,0.0,0.0,0.143,0.0,0.0,0.0,0.0,1.0,0.0,0.143,0.0,1.0,,,,,,,,,,,,,,,4.0,2.0,0.625,1.0,0.571,2.0,1.0,0.5,0.286,0.286,2.0,0.5,0.5,0.286,1.0,0.0,0.143,1.0,0.143,0.0,1.0,0.75,1.0,2.0,0.5,1.0,0.0,0.0,0.0,0.0,0.0,,0.0,2.0,2.0,0.0,0.0,0.25,0.571,0.667,0.0,6.0,0.0,0.0,0.0,0.0,0.0,0.5,2.0,3.0,0.667,0.0,0.0,0.0,0.0,1.0,0.0,0.0,0.0,2.0,0.0,0.0,0.0,1.0,0.0,1.0,0.0,95.0,65.0,0.394,0.684,0.637,0.047,1.0,0.667,,0.5,0.0,,0.0,3.0,0.0,1.0,0.0,0.0,,0.0,0.0,2.0,0.0,0.0,2.0,1.0,0.0,0.0,0.0,0.0,0.0,0.0,0.0,3.0,0.667,3.0,2.0,1.0,2.0,2019,21800282,20181124.0,2018-19,False,1.0,4.0,9.0,0.444,0.502,-0.058,1.0,4.0,0.25,0.4,3.0,5.0,0.6,0.55,3.0,4.0,0.75,0.579,1.0,4.0,0.25,0.4,1.0,4.0,0.0,0.0,0.0,0.5,0.0,0.0,0.0,0.0,0.0,0.0,0.0,0.0,8.0,4.0,4.0,3.0,0.0,0.0,0.0,0.0,1.0,1.0,0.0,1.0,0.0,7.0,7.0,2.0,0.0,0.0,1.0,1.0,0.0
200794,Paul Millsap,1610612743,DEN,34.0,14.166666666666666,3,7,0.429,0,1,0.0,0,0,0.0,0,0,0,1,0,0,1,2,0,0,6,7,0.0,114.2,95.3,0.055,0.0,0.0,30,0.0,0.429,86.12,113.3,98.39,0.0,0.111,103.34,87.1,12.5,26.2,18.9,0.207,0.429,0.2,0.0,1.0,0.0,0.077,3.0,13.0,0.077,0.0,16.0,1.0,0.0,0.0,0.0,0.0,0.0,0.0,0.0,0.0,0.0,0.0,0.0,0.0,0.0,0.0,0.0,0.0,0.0,3.0,2.0,21.0,0.8,0.0,0.0,2.26,2.0,1.0,16.0,0.286,1.19,,,,,,,,,,,,,,,,,,,,,,,,,0.0,0.0,0.143,0.0,0.0,0.0,0.0,1.0,0.0,0.143,0.0,1.0,,3.0,0.429,0.0,0.667,0.0,2.0,0.429,3.0,0.667,,2.0,0.667,0.0,3.0,1.0,0.333,0.0,0.429,1.0,1.0,0.5,0.143,0.286,2.0,0.333,0.0,,,,,,,,,,,,,,1.0,1.0,2.0,0.25,0.25,0.0,0.0,4.0,2.0,0.0,0.0,1.0,0.429,0.0,0.0,0.0,0.0,0.0,0.0,0.0,0.0,1.0,1.0,1.0,0.0,0.0,0.0,0.0,0.0,1.0,2.0,0.0,0.0,0.0,0.0,0.0,0.0,2.0,0.0,3.0,0.667,121.0,84.0,0.375,0.694,0.634,0.061,0.0,0.0,0.0,0.667,,0.0,0.0,1.0,0.0,2.0,0.0,1.0,0.0,0.0,0.0,0.0,1.0,0.0,3.0,1.0,0.0,,,0.0,0.0,0.0,2.0,0.0,,0.0,0.0,,0.0,2019,21800533,20181229.0,2018-19,False,1.0,2.0,3.0,0.667,0.56,0.107,,,,,2.0,3.0,0.667,0.569,2.0,2.0,1.0,0.661,0.0,1.0,0.0,0.404,1.0,1.0,0.0,0.0,0.0,2.0,0.0,0.0,0.0,0.0,0.0,0.0,0.0,0.0,1.0,1.0,0.0,2.0,0.0,3.0,8.0,0.0,0.0,0.0,0.0,0.0,2.0,2.0,4.0,2.0,0.0,0.5,0.5,1.0,0.0
200794,Paul Millsap,1610612743,DEN,34.0,21.116666666666667,1,4,0.25,0,2,0.0,1,2,0.5,1,4,5,3,0,1,0,1,2,3,3,15,0.122,116.9,94.5,0.062,0.182,0.0,40,0.053,0.307,73.88,127.5,92.88,0.0,0.143,88.65,94.7,37.5,32.8,22.3,0.105,0.25,0.109,0.0,5.0,0.0,0.143,8.0,21.0,0.143,0.0,16.0,3.0,0.0,1.0,0.667,1.0,0.0,0.0,0.333,0.0,0.0,1.0,0.667,3.0,0.0,0.0,1.0,2.0,2.0,2.0,2.0,28.0,1.1,0.0,0.5,2.37,0.0,0.0,17.0,0.107,1.61,2.0,3.7,5.0,4.2,2.0,0.0,0.714,0.0,0.0,0.5,0.8,7.0,0.0,1.0,3.0,0.0,2.0,0.5,0.5,0.714,2.0,0.8,0.4,1.5,1.0,0.0,0.25,0.0,0.0,1.0,1.0,1.0,1.0,0.25,1.0,1.0,,1.0,0.25,0.0,0.0,0.0,0.0,0.25,1.0,0.0,,0.0,0.0,0.0,,,,,,,,,,,,,,0.5,0.0,0.0,0.0,2.0,0.5,,0.0,0.0,0.0,2.0,0.0,0.0,0.0,0.0,0.0,,,,0.0,0.0,0.0,0.0,0.0,0.0,0.25,0.0,0.0,0.0,1.0,0.0,0.0,0.0,0.0,0.0,1.0,2.0,0.0,,0.0,,,0.0,1.0,0.0,0.0,0.0,0.0,0.0,0.0,0.0,0.0,1.0,1.0,327.0,214.0,0.389,0.654,0.622,0.032,0.0,0.0,,1.0,,,0.0,2.0,0.0,1.0,0.0,0.0,,0.0,0.0,0.0,0.0,0.0,1.0,1.0,0.0,,,0.0,0.0,0.0,0.0,2.0,0.0,2.0,0.0,0.0,0.0,2019,21801173,20190403.0,2018-19,False,1.0,4.0,8.0,0.5,0.5,0.001,0.0,1.0,0.0,0.245,4.0,7.0,0.571,0.517,4.0,6.0,0.667,0.582,0.0,1.0,0.0,0.421,0.0,0.0,0.0,0.0,0.0,0.0,0.0,0.0,0.0,0.0,0.0,0.0,0.0,0.0,3.0,3.0,0.0,1.0,0.0,2.0,4.0,0.0,0.0,0.0,0.0,0.0,0.0,0.0,0.0,0.0,0.0,0.0,0.0,0.0,0.0
200794,Paul Millsap,1610612743,DEN,34.0,27.133333333333333,2,8,0.25,1,2,0.5,1,2,0.5,3,2,5,1,1,1,0,0,3,4,6,-17,0.089,97.4,123.6,0.005,0.077,9.1,54,0.1,0.338,81.08,96.3,96.63,1.0,0.059,97.3,123.2,9.1,-26.9,-26.2,0.156,0.313,0.152,9.2,2.0,0.0,0.029,3.0,35.0,0.029,0.0,30.0,1.0,0.0,1.0,0.5,0.0,0.5,0.0,0.0,2.0,1.0,0.0,0.0,2.0,0.5,1.0,0.0,0.0,1.0,1.0,8.0,47.0,1.3,2.0,0.25,1.61,0.0,1.0,32.0,0.128,0.62,5.0,3.7,4.0,2.4,0.0,0.0,0.625,0.0,1.0,0.75,0.5,8.0,3.0,0.0,0.0,0.0,2.0,0.75,1.0,0.625,4.0,0.5,1.0,4.6,0.0,0.0,0.125,0.0,0.0,0.0,0.0,1.0,0.0,0.125,0.0,1.0,,3.0,0.375,0.0,0.0,0.0,0.0,0.375,3.0,0.0,,0.0,0.0,0.0,2.0,0.0,0.5,0.0,0.25,1.0,1.0,0.5,0.0,0.25,2.0,0.5,,0.25,1.0,0.0,0.0,2.0,0.25,,0.5,0.75,0.0,2.0,0.5,1.0,0.0,0.0,0.0,0.0,0.0,,0.0,1.0,0.0,1.0,2.0,0.0,0.313,0.5,0.5,3.0,2.0,0.0,0.0,0.0,0.0,0.0,3.0,2.0,0.5,0.0,0.0,0.0,0.0,0.0,1.0,0.0,0.0,1.0,0.0,0.0,0.0,0.0,0.0,3.0,0.333,289.0,194.0,0.383,0.671,0.623,0.048,0.0,0.5,0.0,0.333,0.0,0.0,0.0,2.0,0.0,1.0,0.0,0.0,0.0,0.0,0.0,1.0,0.0,0.0,3.0,3.0,0.0,0.0,0.0,0.0,0.0,0.0,0.0,2.0,0.5,2.0,1.0,0.75,1.0,2019,21801097,20190324.0,2018-19,False,1.0,8.0,14.0,0.571,0.473,0.099,1.0,3.0,0.333,0.38,7.0,11.0,0.636,0.51,6.0,10.0,0.6,0.573,2.0,4.0,0.5,0.379,0.0,1.0,0.0,0.0,0.0,0.0,0.0,0.0,0.0,0.0,0.0,0.0,0.0,0.0,8.0,6.0,2.0,1.0,0.0,1.0,3.0,1.0,0.0,1.0,1.0,0.0,0.0,3.0,3.0,1.0,0.0,0.0,1.0,1.0,0.0
200794,Paul Millsap,1610612743,DEN,34.0,30.361666666666668,9,12,0.75,1,2,0.5,6,7,0.857,3,4,7,2,4,1,0,1,4,3,25,5,0.13,124.8,114.8,0.156,0.16,19.0,62,0.103,0.829,81.68,125.8,99.66,0.5,0.1,98.02,117.7,9.5,8.1,10.1,0.263,0.792,0.264,19.0,4.0,0.0,0.074,4.0,27.0,0.074,0.0,30.0,2.0,0.0,3.0,1.75,3.0,0.25,0.0,0.0,2.0,1.0,0.0,0.0,4.0,0.5,1.0,1.0,0.0,7.0,1.0,3.0,46.0,1.8,0.0,1.333,2.3,0.75,8.0,31.0,0.543,1.09,3.0,7.2,8.0,6.6,4.0,1.0,0.538,1.0,1.0,0.5,0.571,13.0,3.0,0.0,4.0,0.0,0.0,0.5,0.0,0.583,6.0,0.5,0.429,8.0,0.667,0.0,0.25,0.0,0.0,2.0,2.0,3.0,0.667,0.25,0.667,3.0,,3.0,0.25,0.0,1.0,0.0,3.0,0.25,3.0,1.0,,3.0,1.0,0.0,5.0,1.0,0.6,0.0,0.417,3.0,3.0,0.75,0.083,0.333,4.0,0.6,0.0,0.083,1.0,0.0,0.0,1.0,0.083,,1.0,1.5,0.0,1.0,1.0,1.0,2.0,0.0,4.0,1.0,1.0,,0.0,2.0,6.0,0.0,0.0,0.667,0.792,0.5,0.667,3.0,4.0,0.0,0.0,1.0,0.0,0.75,4.0,1.0,1.0,1.0,0.0,0.0,0.0,3.0,3.0,0.0,0.0,1.0,0.0,1.0,0.0,2.0,2.0,4.0,0.75,338.0,222.0,0.393,0.657,0.622,0.035,1.0,0.0,0.0,0.857,0.0,0.0,0.0,0.0,1.0,6.0,0.0,0.0,0.0,0.0,1.0,0.0,0.0,2.0,7.0,1.0,0.5,0.0,0.0,1.0,1.0,1.0,1.0,2.0,0.5,2.0,1.0,0.75,1.0,2019,21801190,20190405.0,2018-19,False,1.0,10.0,19.0,0.526,0.467,0.059,1.0,5.0,0.2,0.346,9.0,14.0,0.643,0.533,8.0,11.0,0.727,0.58,2.0,6.0,0.333,0.362,2.0,3.0,2.0,2.0,1.0,0.75,2.0,0.25,0.0,0.0,2.0,0.25,1.0,0.125,3.0,1.0,2.0,1.0,0.0,0.0,0.0,1.0,0.0,1.0,1.0,0.0,3.0,3.0,6.0,3.0,3.0,0.5,0.5,1.0,1.0
200794,Paul Millsap,1610612743,DEN,34.0,22.126666666666665,6,10,0.6,1,2,0.5,2,2,1.0,2,3,5,0,0,1,1,1,2,2,15,19,0.128,148.7,113.7,0.13,0.15,0.0,46,0.105,0.689,82.25,150.0,98.01,0.0,0.0,98.7,111.1,0.0,38.9,35.0,0.2,0.65,0.204,0.0,4.0,0.0,0.032,0.0,31.0,0.0,1.0,27.0,1.0,0.0,3.0,1.333,2.0,0.0,0.0,0.0,0.0,0.0,0.0,0.0,3.0,0.0,0.0,0.667,0.0,4.0,1.0,6.0,44.0,2.0,0.0,0.667,2.74,1.0,4.0,26.0,0.341,1.77,2.0,5.7,5.0,5.9,3.0,0.0,0.556,0.0,1.0,0.4,0.6,9.0,2.0,0.0,3.0,0.0,0.0,0.4,0.0,0.556,5.0,0.6,0.4,5.4,0.5,0.0,0.2,0.0,0.0,1.0,1.0,2.0,0.5,0.2,0.5,2.0,,4.0,0.4,0.0,0.75,0.0,3.0,0.4,4.0,0.75,,3.0,0.75,0.0,3.0,1.0,0.333,0.0,0.3,1.0,1.0,0.5,0.1,0.2,2.0,0.333,0.0,0.1,1.0,0.0,0.0,1.0,0.1,,1.0,1.5,0.0,1.0,1.0,1.0,0.0,1.0,0.0,0.0,0.0,0.0,0.0,2.0,4.0,0.0,0.0,1.0,0.65,1.0,0.667,3.0,4.0,0.0,0.0,0.0,0.0,0.5,2.0,1.0,1.0,1.0,0.0,0.0,0.0,1.0,4.0,0.0,0.0,1.0,0.0,1.0,0.0,1.0,0.0,5.0,0.8,19.0,12.0,0.38,0.632,0.628,0.004,0.0,1.0,,0.8,,,0.0,1.0,0.0,4.0,0.0,0.5,,0.0,0.0,1.0,1.0,1.0,5.0,2.0,0.0,,,0.0,0.0,0.0,1.0,1.0,1.0,1.0,1.0,1.5,1.0,2019,21800051,20181023.0,2018-19,False,1.0,6.0,11.0,0.545,0.481,0.064,1.0,2.0,0.5,0.401,5.0,9.0,0.556,0.509,5.0,7.0,0.714,0.565,1.0,4.0,0.25,0.389,2.0,2.0,0.0,0.0,0.0,1.0,2.0,0.5,0.0,0.0,0.0,0.0,0.0,0.0,6.0,3.0,3.0,3.0,0.0,0.0,0.0,0.0,0.0,0.0,0.0,0.0,1.0,3.0,4.0,2.0,1.0,0.25,0.75,1.0,0.5
200794,Paul Millsap,1610612743,DEN,34.0,20.916666666666668,5,8,0.625,0,2,0.0,0,0,0.0,0,3,3,2,0,1,0,0,3,0,10,-12,0.071,115.7,138.2,0.091,0.136,0.0,42,0.0,0.625,80.32,109.5,93.77,0.0,0.154,96.38,138.1,20.0,-28.6,-22.5,0.192,0.625,0.182,0.0,2.0,1.0,0.12,7.0,25.0,0.08,0.0,20.0,3.0,0.0,0.0,0.0,0.0,0.0,0.0,0.0,0.0,0.0,0.0,0.0,0.0,0.0,0.0,0.0,0.0,0.0,0.0,4.0,33.0,1.6,0.0,1.0,2.87,1.333,3.0,19.0,0.303,1.67,1.0,8.5,3.0,8.5,2.0,0.0,1.0,0.0,0.0,0.0,1.0,3.0,0.0,0.0,2.0,0.0,1.0,0.0,0.333,1.0,0.0,1.0,0.333,0.0,,,,,,,,,,,,,,3.0,0.375,0.0,1.0,0.0,3.0,0.375,3.0,1.0,,3.0,1.0,0.0,2.0,0.0,0.5,0.0,0.25,1.0,1.0,0.5,0.0,0.25,2.0,0.5,,0.375,0.0,1.0,0.125,2.0,0.25,1.0,0.0,0.333,1.0,3.0,0.333,1.0,1.0,0.0,2.0,1.0,1.0,,0.0,1.0,4.0,0.0,0.0,1.0,0.625,0.0,0.667,0.0,4.0,0.0,0.0,1.0,0.0,0.0,0.0,1.0,0.0,0.0,0.0,0.0,0.0,0.0,4.0,0.0,1.0,0.0,0.0,1.0,0.0,1.0,1.0,5.0,0.8,159.0,107.0,0.384,0.673,0.625,0.047,0.0,0.0,,0.8,0.0,,0.0,0.0,1.0,4.0,0.0,0.0,,0.0,0.0,0.0,0.0,2.0,5.0,0.0,0.0,0.0,0.0,0.0,0.0,1.0,1.0,2.0,0.0,2.0,0.0,0.0,0.0,2019,21800655,20190115.0,2018-19,False,1.0,7.0,9.0,0.778,0.509,0.269,2.0,3.0,0.667,0.409,5.0,6.0,0.833,0.573,3.0,4.0,0.75,0.639,4.0,5.0,0.8,0.431,2.0,2.0,0.0,0.0,0.0,1.333,1.0,0.333,1.0,0.333,0.0,0.0,0.0,0.0,5.0,3.0,2.0,1.0,0.0,1.0,3.0,1.0,0.0,1.0,1.0,0.0,0.0,3.0,3.0,2.0,1.0,0.0,1.0,1.0,0.5
200794,Paul Millsap,1610612743,DEN,34.0,20.836666666666662,6,9,0.667,1,1,1.0,3,4,0.75,2,4,6,1,0,1,0,0,3,4,16,11,0.176,140.1,110.6,0.179,0.211,0.0,39,0.133,0.743,73.91,135.9,87.31,0.0,0.071,88.69,110.5,8.3,25.4,29.4,0.24,0.722,0.239,0.0,1.0,0.0,0.042,2.0,24.0,0.042,0.0,18.0,1.0,0.0,5.0,0.889,3.0,0.111,0.0,0.0,2.0,2.0,0.0,0.222,9.0,1.0,1.0,0.6,2.0,8.0,1.0,2.0,35.0,1.6,0.0,0.0,2.72,2.0,2.0,19.0,0.457,1.91,2.0,3.7,5.0,4.2,3.0,0.0,0.857,0.0,0.5,1.0,0.8,7.0,1.0,1.0,4.0,0.0,1.0,1.0,0.25,0.857,2.0,0.8,0.333,2.8,,,,,,,,,,,,,,5.0,0.556,0.0,0.6,0.0,3.0,0.556,5.0,0.6,,3.0,0.6,0.0,4.0,1.0,0.875,1.0,0.444,3.0,2.0,0.667,0.111,0.333,3.0,0.75,1.0,,,,,,,,,,,,,,2.0,1.0,5.0,0.833,0.667,1.0,1.0,3.0,4.0,0.0,0.0,1.0,0.722,0.0,0.0,0.0,0.0,0.0,0.0,0.5,0.0,0.5,2.0,1.0,1.0,0.0,0.0,0.0,0.0,1.0,3.0,0.0,0.0,1.0,0.0,0.0,0.0,2.0,1.0,4.0,0.75,46.0,31.0,0.451,0.674,0.638,0.036,2.0,1.0,,0.75,,,0.0,1.0,0.0,3.0,0.0,0.5,,0.0,0.5,1.0,1.0,0.0,4.0,2.0,0.0,,,0.0,1.0,0.0,0.0,0.0,,0.0,0.0,,0.0,2019,21800112,20181101.0,2018-19,False,1.0,6.0,10.0,0.6,0.478,0.122,0.0,2.0,0.0,0.306,6.0,8.0,0.75,0.515,6.0,8.0,0.75,0.542,0.0,2.0,0.0,0.291,2.0,2.0,0.0,0.0,0.0,2.0,0.0,0.0,0.0,0.0,0.0,0.0,0.0,0.0,9.0,7.0,2.0,1.0,0.0,0.0,0.0,0.0,0.0,0.0,0.0,0.0,1.0,1.0,2.0,2.0,2.0,0.5,0.5,1.0,1.0
200794,Paul Millsap,1610612743,DEN,34.0,48.63333333333333,8,13,0.615,1,2,0.5,0,2,0.0,5,8,13,1,3,3,2,2,3,3,17,-8,0.12,96.9,106.8,0.139,0.14,16.7,90,0.098,0.612,72.38,94.4,86.24,0.33,0.037,86.85,108.1,5.6,-13.7,-9.9,0.161,0.654,0.156,16.8,4.0,0.0,0.029,3.0,35.0,0.029,0.0,24.0,1.0,0.0,3.0,1.0,2.0,0.25,0.0,0.0,2.0,0.0,0.0,0.0,4.0,0.0,1.0,0.667,0.0,4.0,2.0,7.0,53.0,2.0,1.0,0.286,2.3,1.0,6.0,29.0,0.321,1.23,4.0,8.8,14.0,11.0,6.0,1.0,0.464,2.0,0.4,0.357,0.615,28.0,2.0,3.0,9.0,1.0,2.0,0.385,0.25,0.5,14.0,0.571,0.308,5.4,0.333,0.0,0.231,0.0,0.0,1.0,1.0,3.0,0.333,0.231,0.333,3.0,,6.0,0.462,1.0,0.667,0.077,4.0,0.538,7.0,0.571,0.0,4.0,0.571,0.0,2.0,0.0,1.0,0.0,0.154,2.0,2.0,1.0,0.0,0.154,2.0,1.0,,0.077,1.0,0.0,0.0,1.0,0.077,,1.0,1.5,0.0,1.0,1.0,1.0,1.0,0.0,2.0,0.333,0.333,,0.0,3.0,6.0,1.0,2.0,0.75,0.654,0.5,0.5,3.0,2.0,0.5,0.0,0.5,0.0,0.75,4.0,0.0,0.0,2.0,1.0,1.0,0.5,3.0,3.0,0.0,0.0,0.0,0.0,2.0,0.0,2.0,1.0,5.0,0.6,46.0,29.0,0.341,0.63,0.619,0.011,0.0,0.0,0.0,0.667,0.0,0.0,0.0,0.0,0.333,4.0,0.0,1.0,0.0,0.0,0.0,0.0,2.0,2.0,6.0,2.0,0.5,0.0,0.0,1.0,0.0,1.0,3.0,1.0,1.0,1.0,1.0,1.5,1.0,2019,41800233,20190503.0,2018-19,True,1.0,2.0,10.0,0.2,0.434,-0.234,2.0,5.0,0.4,0.365,0.0,5.0,0.0,0.491,0.0,3.0,0.0,0.521,2.0,6.0,0.333,0.362,3.0,4.0,0.0,0.0,0.0,1.0,2.0,0.333,1.0,0.167,0.0,0.0,0.0,0.0,12.0,9.0,3.0,5.0,0.0,1.0,2.0,0.0,3.0,3.0,0.0,1.0,4.0,8.0,12.0,6.0,2.0,0.333,0.667,0.857,0.286
200794,Paul Millsap,1610612743,DEN,34.0,25.65,4,8,0.5,1,2,0.5,4,4,1.0,0,0,0,1,3,2,0,1,5,3,13,-5,0.0,108.0,112.1,0.04,0.0,21.4,50,0.0,0.666,77.19,106.0,94.32,0.33,0.063,92.63,118.4,7.1,-12.4,-4.2,0.24,0.563,0.236,21.8,1.0,0.0,0.067,3.0,15.0,0.067,0.0,19.0,1.0,0.0,2.0,0.667,1.0,0.0,0.0,0.0,0.0,0.0,0.0,0.333,3.0,0.0,0.0,0.5,1.0,2.0,1.0,1.0,28.0,1.3,0.0,0.0,2.8,1.143,7.0,20.0,0.464,1.36,,,,,,,,,,,,,,,,,,,,,,,,,0.0,0.0,0.125,0.0,0.0,0.0,0.0,1.0,0.0,0.125,0.0,1.0,,5.0,0.625,1.0,0.6,0.125,3.0,0.75,6.0,0.5,0.0,3.0,0.5,0.0,,,,,,,,,,,,,,0.125,1.0,0.0,0.0,1.0,0.125,,1.0,1.5,0.0,1.0,1.0,1.0,1.0,1.0,2.0,0.5,0.5,0.0,0.0,2.0,8.0,0.0,0.0,0.5,0.563,1.0,0.0,5.0,0.0,0.0,0.0,1.0,0.0,0.333,3.0,2.0,0.5,0.0,0.0,0.0,0.0,1.0,0.0,0.0,0.0,1.0,0.0,0.0,0.0,2.0,2.0,1.0,0.0,72.0,49.0,0.429,0.681,0.635,0.046,0.0,0.0,,0.0,0.0,,0.0,1.0,1.0,0.0,0.0,0.5,,0.0,0.0,0.0,1.0,1.0,2.0,2.0,1.0,0.0,0.0,1.0,0.0,2.0,2.0,1.0,1.0,1.0,1.0,1.5,1.0,2019,21800200,20181113.0,2018-19,False,1.0,7.0,16.0,0.438,0.448,-0.011,3.0,12.0,0.25,0.362,4.0,4.0,1.0,0.581,4.0,4.0,1.0,0.592,3.0,12.0,0.25,0.364,2.0,4.0,4.0,4.0,1.0,1.143,0.0,0.0,0.0,0.0,1.0,0.143,2.0,0.286,12.0,1.0,11.0,2.0,0.0,1.0,2.0,1.0,1.0,2.0,0.5,0.5,0.0,4.0,4.0,1.0,0.0,0.0,1.0,1.0,0.0
200794,Paul Millsap,1610612743,DEN,34.0,25.4,5,6,0.833,2,2,1.0,2,4,0.5,2,6,8,2,1,1,0,0,4,2,14,27,0.14,152.4,108.1,0.132,0.182,9.1,50,0.083,0.902,78.74,162.0,97.44,2.0,0.091,94.49,108.0,18.2,54.0,44.3,0.146,1.0,0.15,9.3,4.0,0.0,0.087,6.0,23.0,0.087,0.0,17.0,2.0,1.0,0.0,0.0,0.0,0.5,0.5,0.0,2.0,0.0,0.0,0.0,2.0,0.0,1.0,0.0,0.0,0.0,2.0,3.0,33.0,1.3,0.0,1.333,2.44,1.0,2.0,19.0,0.424,1.33,2.0,4.4,9.0,5.5,6.0,0.0,0.727,0.0,1.0,1.0,0.667,11.0,2.0,0.0,6.0,0.0,0.0,1.0,0.0,0.727,2.0,0.667,0.25,1.3,0.5,0.0,0.333,0.0,0.0,1.0,1.0,2.0,0.5,0.333,0.5,2.0,,1.0,0.167,0.0,1.0,0.0,1.0,0.167,1.0,1.0,,1.0,1.0,0.0,2.0,1.0,1.25,1.0,0.333,2.0,1.0,1.0,0.167,0.167,1.0,1.0,1.0,0.167,1.0,0.0,0.0,1.0,0.167,,1.0,1.5,0.0,1.0,1.0,1.0,0.0,0.0,0.0,,,,0.0,0.0,2.0,0.0,0.0,0.5,1.0,1.0,1.0,6.0,4.0,0.0,0.0,0.0,0.0,0.0,0.0,2.0,1.0,,0.0,,,0.0,3.0,0.0,0.0,2.0,0.0,0.0,0.0,0.0,0.0,4.0,0.75,166.0,111.0,0.384,0.669,0.623,0.045,0.0,1.0,,0.75,0.0,,0.0,2.0,0.0,3.0,0.0,0.0,,0.0,0.0,2.0,0.0,0.0,4.0,0.0,0.0,0.0,0.0,0.0,0.0,0.0,0.0,2.0,1.0,2.0,2.0,1.5,2.0,2019,21800669,20190117.0,2018-19,False,1.0,11.0,18.0,0.611,0.441,0.17,4.0,7.0,0.571,0.359,7.0,11.0,0.636,0.483,6.0,9.0,0.667,0.53,4.0,7.0,0.571,0.359,1.0,2.0,0.0,0.0,0.0,1.0,0.0,0.0,0.0,0.0,0.0,0.0,0.0,0.0,11.0,6.0,5.0,1.0,0.0,1.0,3.0,1.0,0.0,1.0,1.0,0.0,0.0,1.0,1.0,0.0,0.0,0.0,1.0,0.0,0.0
200794,Paul Millsap,1610612743,DEN,34.0,27.166666666666668,1,7,0.143,0,2,0.0,0,0,0.0,2,2,4,0,2,1,1,1,3,3,2,8,0.071,130.9,120.1,-0.039,0.083,22.2,53,0.063,0.143,76.56,130.2,91.45,0.0,0.0,91.88,119.6,0.0,10.6,10.8,0.146,0.143,0.145,22.2,1.0,0.0,0.0,0.0,18.0,0.0,0.0,14.0,0.0,1.0,2.0,0.0,0.0,0.0,0.2,0.0,0.0,0.0,0.0,0.4,5.0,0.0,0.0,0.0,2.0,0.0,0.0,4.0,28.0,0.9,0.0,0.0,2.0,0.0,2.0,18.0,0.071,0.93,3.0,9.0,8.0,5.3,1.0,1.0,0.333,2.0,1.0,0.5,0.286,12.0,2.0,0.0,1.0,1.0,1.0,0.667,0.5,0.4,4.0,0.25,0.75,12.7,0.0,0.0,0.143,0.0,0.0,0.0,0.0,1.0,0.0,0.143,0.0,1.0,,3.0,0.429,0.0,0.0,0.0,0.0,0.429,3.0,0.0,,0.0,0.0,0.0,,,,,,,,,,,,,,0.429,0.0,1.0,0.143,2.0,0.286,1.0,0.0,0.333,1.0,3.0,0.333,1.0,0.0,0.0,0.0,0.0,0.0,,0.0,1.0,0.0,0.0,0.0,0.0,0.143,0.333,0.0,2.0,0.0,0.0,0.0,0.5,0.0,0.0,0.0,2.0,0.0,0.0,0.0,0.0,0.0,0.0,0.0,0.0,0.0,0.0,0.0,0.0,0.0,2.0,1.0,3.0,0.0,18.0,13.0,0.31,0.722,0.647,0.076,1.0,0.0,,0.0,,,0.0,2.0,0.0,0.0,0.0,0.0,,0.0,1.0,0.0,0.0,0.0,3.0,0.0,0.0,,,0.0,1.0,0.0,1.0,3.0,0.0,2.0,0.0,0.333,1.0,2019,41800154,20190420.0,2018-19,True,1.0,6.0,16.0,0.375,0.512,-0.137,1.0,2.0,0.5,0.245,5.0,14.0,0.357,0.528,3.0,6.0,0.5,0.595,2.0,6.0,0.333,0.424,0.0,0.0,0.0,0.0,0.0,0.0,1.0,0.5,0.0,0.0,0.0,0.0,0.0,0.0,8.0,7.0,1.0,1.0,1.0,1.0,2.0,1.0,0.0,1.0,1.0,0.0,1.0,3.0,4.0,3.0,1.0,0.25,0.75,1.0,0.333
200794,Paul Millsap,1610612743,DEN,34.0,19.683333333333334,1,7,0.143,0,1,0.0,0,0,0.0,1,2,3,1,2,1,0,2,2,2,2,-5,0.086,77.7,98.3,-0.08,0.154,20.0,40,0.045,0.143,82.3,80.0,96.13,0.5,0.091,98.76,90.2,10.0,-10.2,-20.6,0.195,0.143,0.191,20.0,2.0,0.0,0.077,3.0,13.0,0.077,0.0,15.0,1.0,1.0,1.0,0.0,0.0,0.0,0.5,0.0,0.0,0.0,0.0,0.0,2.0,0.0,0.0,0.0,0.0,0.0,0.0,5.0,23.0,0.9,0.0,0.4,2.33,0.0,4.0,17.0,0.087,1.57,2.0,3.5,4.0,4.3,1.0,0.0,0.333,0.0,1.0,0.2,0.5,9.0,1.0,0.0,1.0,0.0,1.0,0.2,0.5,0.333,5.0,0.5,0.667,1.9,0.0,0.0,0.286,0.0,0.0,0.0,0.0,2.0,0.0,0.286,0.0,2.0,,2.0,0.286,0.0,0.5,0.0,1.0,0.286,2.0,0.5,,1.0,0.5,0.0,2.0,0.0,0.0,0.0,0.286,0.0,0.0,0.0,0.0,0.286,2.0,0.0,,0.143,0.0,0.0,0.0,1.0,0.143,,0.0,0.0,0.0,1.0,0.0,0.0,0.0,1.0,0.0,0.0,0.0,0.0,0.0,3.0,0.0,0.0,0.0,0.0,0.143,0.0,0.25,0.0,2.0,0.0,0.0,0.0,0.0,0.0,0.0,1.0,0.0,0.0,0.0,0.0,0.0,0.0,1.0,0.0,0.0,0.0,0.0,0.0,0.0,2.0,0.0,4.0,0.25,60.0,41.0,0.451,0.683,0.635,0.049,0.0,0.0,,0.25,0.0,,0.0,1.0,0.0,1.0,0.0,0.0,,0.0,0.0,0.0,0.0,0.0,4.0,0.0,0.0,0.0,0.0,0.0,0.0,0.0,2.0,0.0,,0.0,0.0,,0.0,2019,21800158,20181107.0,2018-19,False,1.0,5.0,7.0,0.714,0.502,0.212,1.0,1.0,1.0,0.359,4.0,6.0,0.667,0.547,4.0,5.0,0.8,0.577,1.0,1.0,1.0,0.335,0.0,3.0,0.0,0.0,0.0,0.0,1.0,0.25,0.0,0.0,0.0,0.0,0.0,0.0,5.0,4.0,1.0,1.0,0.0,0.0,0.0,1.0,0.0,1.0,1.0,0.0,1.0,4.0,5.0,2.0,0.0,0.2,0.8,1.0,0.0
200794,Paul Millsap,1610612743,DEN,34.0,21.883333333333333,2,6,0.333,0,0,0.0,2,2,1.0,2,1,3,2,0,0,1,2,2,2,6,-14,0.071,100.3,128.8,0.051,0.063,0.0,44,0.077,0.436,81.34,104.5,101.38,0.0,0.133,97.61,133.3,22.2,-28.8,-28.4,0.119,0.333,0.121,0.0,2.0,0.0,0.118,5.0,17.0,0.118,0.0,16.0,2.0,0.0,1.0,0.0,0.0,0.0,0.0,0.0,0.0,0.0,0.0,0.0,1.0,0.0,0.0,0.0,0.0,0.0,1.0,5.0,25.0,1.3,0.0,0.4,3.03,0.4,5.0,18.0,0.24,1.0,1.0,7.9,2.0,9.2,1.0,0.0,0.333,0.0,0.5,0.286,0.5,9.0,1.0,1.0,2.0,0.0,0.0,0.286,0.0,0.333,7.0,0.5,0.333,7.3,,,,,,,,,,,,,,4.0,0.667,0.0,0.5,0.0,2.0,0.667,4.0,0.5,,2.0,0.5,0.0,2.0,0.0,0.0,0.0,0.333,0.0,0.0,0.0,0.0,0.333,2.0,0.0,,,,,,,,,,,,,,,0.0,,0.0,0.0,0.0,,,1.0,2.0,0.0,0.0,0.333,0.333,0.0,0.5,0.0,2.0,0.0,0.0,0.0,0.0,0.25,4.0,0.0,0.0,0.0,0.0,0.0,0.0,1.0,1.0,0.0,0.0,0.0,0.0,0.0,0.0,1.0,0.0,1.0,1.0,140.0,94.0,0.383,0.671,0.627,0.044,0.0,0.0,,1.0,0.0,,0.0,0.0,0.0,2.0,0.0,0.0,,0.0,0.0,0.0,0.0,0.0,2.0,3.0,0.0,0.0,0.0,0.0,0.0,0.0,1.0,0.0,,,,,0.0,2019,21800593,20190107.0,2018-19,False,1.0,6.0,10.0,0.6,0.456,0.144,5.0,8.0,0.625,0.371,1.0,2.0,0.5,0.639,1.0,2.0,0.5,0.642,5.0,8.0,0.625,0.37,1.0,3.0,0.0,0.0,0.0,0.4,1.0,0.2,0.0,0.0,1.0,0.2,0.0,0.0,8.0,1.0,7.0,2.0,0.0,0.0,0.0,0.0,0.0,0.0,0.0,0.0,1.0,2.0,3.0,1.0,0.0,0.333,0.667,0.5,0.0
200794,Paul Millsap,1610612743,DEN,34.0,36.4,9,16,0.563,2,3,0.667,2,2,1.0,5,5,10,4,3,4,0,1,5,1,22,9,0.149,122.1,113.3,0.14,0.156,12.5,72,0.143,0.652,79.67,125.0,95.74,1.33,0.16,95.6,111.0,16.7,14.0,8.8,0.237,0.625,0.241,12.6,8.0,0.0,0.083,11.0,48.0,0.083,0.0,38.0,4.0,0.0,4.0,0.444,2.0,0.0,0.0,0.111,0.0,0.0,1.0,0.444,9.0,0.0,0.0,0.5,4.0,4.0,1.0,5.0,71.0,2.7,2.0,1.2,2.32,0.571,7.0,45.0,0.31,1.3,5.0,5.7,12.0,4.8,4.0,5.0,0.455,5.0,0.8,0.417,0.714,22.0,4.0,1.0,5.0,0.0,1.0,0.417,0.2,0.588,12.0,0.417,0.5,6.7,0.0,0.0,0.063,0.0,0.0,0.0,0.0,1.0,0.0,0.063,0.0,1.0,,9.0,0.563,0.0,0.778,0.0,7.0,0.563,9.0,0.778,,7.0,0.778,0.0,4.0,1.0,0.375,1.0,0.25,1.0,0.0,0.0,0.063,0.188,3.0,0.25,1.0,0.125,1.0,0.0,0.0,2.0,0.125,,0.5,0.75,0.0,2.0,0.5,1.0,3.0,2.0,7.0,0.5,0.429,0.5,1.0,7.0,4.0,1.0,2.0,0.4,0.625,1.0,0.75,3.0,6.0,0.0,0.0,1.0,0.0,0.375,8.0,3.0,0.667,0.0,0.0,0.0,0.0,3.0,3.0,0.0,0.0,2.0,0.0,0.0,0.0,1.0,1.0,4.0,0.75,106.0,72.0,0.385,0.679,0.632,0.047,1.0,0.5,0.0,0.667,0.0,0.0,0.0,2.0,0.0,4.0,0.0,0.4,0.0,0.0,1.0,1.0,2.0,1.0,6.0,5.0,1.0,0.0,0.0,1.0,1.0,0.0,1.0,1.0,1.0,1.0,1.0,1.5,1.0,2019,21800329,20181130.0,2018-19,False,1.0,10.0,22.0,0.455,0.476,-0.021,0.0,4.0,0.0,0.306,10.0,18.0,0.556,0.518,7.0,11.0,0.636,0.553,2.0,8.0,0.25,0.379,2.0,5.0,0.0,0.0,0.0,0.571,1.0,0.143,0.0,0.0,1.0,0.143,0.0,0.0,19.0,15.0,4.0,5.0,0.0,0.0,0.0,2.0,1.0,3.0,0.667,0.333,3.0,5.0,8.0,6.0,3.0,0.375,0.625,0.857,0.429
200794,Paul Millsap,1610612743,DEN,34.0,41.4,6,10,0.6,2,3,0.667,7,8,0.875,2,8,10,0,1,1,2,0,5,8,21,12,0.119,121.2,108.4,0.147,0.2,6.7,80,0.045,0.777,77.78,126.3,95.91,0.0,0.0,93.33,109.9,0.0,16.4,12.8,0.149,0.7,0.155,6.9,1.0,0.0,0.0,0.0,35.0,0.0,0.0,27.0,0.0,0.0,1.0,0.5,0.0,0.25,0.0,0.0,2.0,2.0,0.0,0.25,4.0,1.0,1.0,0.0,1.0,2.0,1.0,2.0,54.0,2.2,2.0,2.0,2.42,0.167,6.0,30.0,0.389,1.31,5.0,7.6,15.0,5.1,4.0,0.0,0.417,1.0,0.5,0.222,0.533,24.0,1.0,1.0,5.0,1.0,4.0,0.25,0.5,0.435,9.0,0.533,0.5,17.8,0.667,0.0,0.3,0.0,0.0,2.0,2.0,3.0,0.667,0.3,0.667,3.0,,4.0,0.4,0.0,0.5,0.0,2.0,0.4,4.0,0.5,,2.0,0.5,0.0,1.0,1.0,0.0,0.0,0.1,0.0,0.0,,0.1,0.0,0.0,0.0,0.0,0.2,2.0,0.0,0.0,2.0,0.2,,1.0,1.5,0.0,2.0,1.0,2.0,1.0,0.0,2.0,1.0,1.0,,0.0,1.0,1.0,1.0,2.0,0.0,0.7,0.667,1.0,6.0,4.0,0.0,0.0,0.0,0.0,0.5,4.0,2.0,1.0,1.0,0.0,0.0,0.0,2.0,2.0,0.0,0.0,2.0,0.0,1.0,0.0,0.0,0.0,3.0,0.667,53.0,33.0,0.356,0.623,0.615,0.007,0.0,1.0,0.0,0.5,0.0,0.0,0.0,1.0,1.0,2.0,0.0,0.5,0.0,0.0,0.0,1.0,1.0,2.0,4.0,2.0,0.5,0.0,0.0,1.0,0.0,1.0,1.0,3.0,0.667,3.0,2.0,1.0,2.0,2019,41800234,20190505.0,2018-19,True,1.0,7.0,14.0,0.5,0.446,0.054,1.0,4.0,0.25,0.344,6.0,10.0,0.6,0.511,4.0,8.0,0.5,0.544,2.0,5.0,0.4,0.361,0.0,2.0,1.0,2.0,0.5,0.167,2.0,0.333,0.0,0.0,1.0,0.167,1.0,0.167,15.0,11.0,4.0,6.0,0.0,1.0,3.0,0.0,2.0,2.0,0.0,1.0,2.0,9.0,11.0,3.0,3.0,0.182,0.818,1.0,1.0
200794,Paul Millsap,1610612743,DEN,34.0,26.433333333333334,1,7,0.143,0,2,0.0,3,8,0.375,2,4,6,1,1,3,1,1,2,4,5,-3,0.095,90.6,95.4,0.007,0.148,7.7,58,0.056,0.238,86.25,87.9,102.53,1.0,0.063,103.51,96.4,7.7,-8.5,-4.9,0.179,0.143,0.176,8.0,4.0,0.0,0.059,3.0,34.0,0.029,1.0,26.0,2.0,0.0,0.0,0.0,0.0,0.333,0.0,0.0,2.0,0.0,0.0,0.667,3.0,0.0,1.0,0.0,2.0,0.0,1.0,7.0,49.0,1.8,0.0,0.571,2.2,0.4,5.0,28.0,0.102,1.24,2.0,4.7,5.0,5.6,4.0,0.0,0.5,1.0,1.0,0.286,0.8,12.0,2.0,0.0,4.0,1.0,0.0,0.333,0.0,0.545,7.0,0.8,0.333,3.1,0.0,0.0,0.286,0.0,0.0,0.0,0.0,2.0,0.0,0.286,0.0,2.0,,1.0,0.143,0.0,1.0,0.0,1.0,0.143,1.0,1.0,,1.0,1.0,0.0,2.0,0.0,0.0,0.0,0.286,0.0,0.0,0.0,0.0,0.286,2.0,0.0,,0.286,0.0,0.0,0.0,2.0,0.286,,0.0,0.0,0.0,2.0,0.0,0.0,0.0,0.0,0.0,0.0,0.0,,0.0,2.0,2.0,0.0,0.0,0.0,0.143,0.0,0.25,0.0,4.0,0.0,0.0,0.0,0.0,0.5,2.0,1.0,0.0,0.0,0.0,0.0,0.0,1.0,0.0,0.0,1.0,0.0,0.0,1.0,0.0,2.0,0.0,1.0,0.0,12.0,7.0,0.308,0.583,0.641,-0.058,0.0,0.0,,0.333,,,0.0,1.0,0.0,1.0,0.0,0.0,,0.0,0.0,0.0,0.0,1.0,3.0,0.0,0.0,,,0.0,0.0,0.0,2.0,2.0,0.0,2.0,0.0,0.0,0.0,2019,21800038,20181021.0,2018-19,False,1.0,12.0,15.0,0.8,0.529,0.271,1.0,3.0,0.333,0.372,11.0,12.0,0.917,0.586,7.0,8.0,0.875,0.674,3.0,5.0,0.6,0.396,0.0,1.0,2.0,4.0,0.5,0.4,1.0,0.2,0.0,0.0,1.0,0.2,2.0,0.4,6.0,5.0,1.0,3.0,0.0,2.0,5.0,0.0,0.0,0.0,0.0,0.0,2.0,2.0,4.0,2.0,0.0,0.5,0.5,1.0,0.0
200794,Paul Millsap,1610612743,DEN,34.0,29.91333333333333,6,12,0.5,2,4,0.5,1,4,0.25,1,4,5,0,1,1,1,0,4,3,15,-4,0.076,109.7,118.8,0.056,0.125,6.7,64,0.029,0.545,86.25,110.9,102.57,0.0,0.0,103.5,115.4,0.0,-4.4,-9.1,0.203,0.583,0.2,6.8,2.0,0.0,0.0,0.0,31.0,0.0,0.0,22.0,0.0,0.0,5.0,0.8,2.0,0.0,0.0,0.0,0.0,0.0,0.0,0.0,5.0,0.0,0.0,0.4,0.0,4.0,0.0,1.0,46.0,1.7,0.0,0.0,2.22,2.0,1.0,24.0,0.326,1.09,2.0,5.6,8.0,6.3,3.0,1.0,0.5,1.0,1.0,0.333,0.571,10.0,1.0,0.0,3.0,0.0,1.0,0.333,0.25,0.556,3.0,0.5,0.4,2.6,,,,,,,,,,,,,,5.0,0.417,0.0,0.6,0.0,3.0,0.417,5.0,0.6,,3.0,0.6,0.0,3.0,1.0,0.5,1.0,0.25,1.0,0.0,0.0,0.083,0.167,2.0,0.333,1.0,0.333,1.0,1.0,0.083,3.0,0.25,1.0,0.333,0.625,1.0,4.0,0.5,2.0,0.0,1.0,0.0,0.0,0.0,0.0,0.0,2.0,2.0,0.0,0.0,1.0,0.583,0.75,0.0,8.0,0.0,1.0,0.0,0.5,0.0,0.0,1.0,3.0,0.333,1.0,1.0,1.0,1.0,0.0,3.0,0.0,0.0,1.0,0.0,1.0,0.0,2.0,1.0,5.0,0.6,221.0,147.0,0.371,0.665,0.62,0.045,0.0,1.0,0.0,0.5,0.0,0.0,0.0,1.0,1.0,3.0,0.0,0.0,0.0,0.0,0.0,1.0,0.0,3.0,6.0,1.0,0.333,0.0,0.0,1.0,0.0,1.0,1.0,4.0,0.667,3.0,2.0,1.0,3.0,2019,21800926,20190228.0,2018-19,False,1.0,6.0,11.0,0.545,0.498,0.048,2.0,5.0,0.4,0.344,4.0,6.0,0.667,0.582,4.0,5.0,0.8,0.62,2.0,6.0,0.333,0.349,1.0,1.0,0.0,0.0,0.0,2.0,0.0,0.0,0.0,0.0,0.0,0.0,0.0,0.0,10.0,5.0,5.0,0.0,0.0,0.0,0.0,0.0,2.0,2.0,0.0,1.0,0.0,2.0,2.0,1.0,0.0,0.0,1.0,1.0,0.0
200794,Paul Millsap,1610612743,DEN,34.0,33.61666666666667,9,16,0.563,2,3,0.667,4,6,0.667,0,8,8,2,1,1,2,0,1,7,24,18,0.101,117.7,90.3,0.181,0.17,4.8,73,0.0,0.644,86.27,116.4,104.52,2.0,0.091,103.52,93.1,9.5,23.4,27.3,0.248,0.625,0.238,4.6,6.0,0.0,0.063,5.0,32.0,0.063,0.0,36.0,2.0,0.0,2.0,0.0,0.0,0.0,0.0,0.0,0.0,0.0,0.0,0.25,4.0,0.0,0.0,0.0,1.0,0.0,2.0,6.0,54.0,2.3,0.0,1.333,2.59,0.889,9.0,33.0,0.444,1.87,3.0,4.2,15.0,4.2,5.0,1.0,0.533,1.0,0.0,0.0,0.571,15.0,0.0,0.0,5.0,0.0,3.0,0.0,0.375,0.571,0.0,0.533,0.375,0.0,0.6,0.0,0.313,0.0,0.0,3.0,3.0,5.0,0.6,0.313,0.6,5.0,,3.0,0.188,0.0,0.667,0.0,2.0,0.188,3.0,0.667,,2.0,0.667,0.0,6.0,1.0,0.583,1.0,0.375,3.0,2.0,0.4,0.063,0.313,5.0,0.5,1.0,0.125,1.0,0.0,0.0,2.0,0.125,,0.5,0.75,0.0,2.0,0.5,1.0,2.0,0.0,4.0,0.5,0.5,,0.0,4.0,8.0,0.0,0.0,0.5,0.625,0.667,0.8,6.0,8.0,0.0,0.0,0.5,0.0,0.0,2.0,3.0,0.667,0.0,0.0,0.0,0.0,0.0,5.0,0.0,0.0,2.0,0.0,0.0,0.0,4.0,2.0,7.0,0.714,63.0,38.0,0.364,0.603,0.611,-0.008,1.0,0.0,,0.625,0.0,,0.0,0.0,0.667,5.0,0.0,0.0,,0.0,0.0,0.0,0.0,3.0,8.0,1.0,0.667,0.0,0.0,2.0,0.0,2.0,3.0,3.0,0.667,3.0,2.0,1.0,2.0,2019,41800235,20190507.0,2018-19,True,1.0,8.0,24.0,0.333,0.472,-0.139,3.0,7.0,0.429,0.374,5.0,17.0,0.294,0.514,5.0,13.0,0.385,0.553,3.0,10.0,0.3,0.372,3.0,6.0,2.0,3.0,0.667,0.889,1.0,0.111,1.0,0.111,0.0,0.0,1.0,0.111,14.0,8.0,6.0,1.0,0.0,1.0,2.0,0.0,1.0,1.0,0.0,1.0,0.0,5.0,5.0,3.0,0.0,0.0,1.0,1.0,0.0
200794,Paul Millsap,1610612743,DEN,34.0,20.1,4,9,0.444,1,4,0.25,0,0,0.0,3,7,10,1,2,2,2,0,3,2,9,0,0.233,98.5,94.0,0.158,0.35,16.7,43,0.13,0.5,85.57,95.3,101.83,0.5,0.091,102.69,95.3,8.3,0.0,4.5,0.236,0.5,0.224,16.7,4.0,1.0,0.095,3.0,21.0,0.048,0.0,20.0,2.0,0.0,2.0,0.0,0.0,0.0,0.0,0.0,0.0,0.0,0.0,0.333,3.0,0.0,0.0,0.0,1.0,0.0,0.0,3.0,34.0,1.3,0.0,1.333,2.25,0.0,1.0,23.0,0.265,1.26,2.0,8.0,8.0,8.5,7.0,0.0,0.833,0.0,0.667,0.6,0.875,12.0,2.0,1.0,8.0,0.0,0.0,0.6,0.0,0.833,5.0,0.875,0.2,6.8,,,,,,,,,,,,,,5.0,0.556,0.0,0.6,0.0,3.0,0.556,5.0,0.6,,3.0,0.6,0.0,1.0,1.0,1.5,1.0,0.111,1.0,0.0,,0.111,0.0,0.0,1.0,1.0,0.333,0.0,0.0,0.0,3.0,0.333,,0.0,0.0,0.0,3.0,0.0,0.0,0.0,0.0,0.0,,,,0.0,0.0,0.0,0.0,0.0,0.0,0.5,0.25,1.0,3.0,4.0,0.0,0.0,0.0,0.0,0.0,1.0,2.0,0.5,1.0,0.0,0.0,0.0,0.0,3.0,0.0,1.0,1.0,0.0,2.0,0.0,0.0,0.0,4.0,0.75,196.0,134.0,0.371,0.684,0.62,0.064,0.0,0.0,,0.75,,,0.0,1.0,0.0,3.0,0.0,0.0,,0.0,0.0,0.0,0.0,3.0,4.0,1.0,0.333,,,1.0,0.0,0.0,0.0,3.0,0.333,3.0,1.0,0.5,1.0,2019,21800847,20190211.0,2018-19,False,1.0,2.0,5.0,0.4,0.433,-0.033,0.0,3.0,0.0,0.334,2.0,2.0,1.0,0.529,,,,,1.0,4.0,0.25,0.338,0.0,0.0,0.0,0.0,0.0,0.0,0.0,0.0,0.0,0.0,1.0,1.0,0.0,0.0,8.0,4.0,4.0,4.0,0.0,2.0,5.0,2.0,2.0,4.0,0.5,0.5,1.0,2.0,3.0,2.0,2.0,0.333,0.667,1.0,1.0
200794,Paul Millsap,1610612743,DEN,34.0,17.166666666666668,1,2,0.5,0,0,0.0,2,2,1.0,1,3,4,1,0,0,0,0,3,3,4,10,0.108,125.0,100.4,0.067,0.15,0.0,37,0.059,0.694,87.38,129.7,106.59,0.0,0.056,104.85,100.0,25.0,29.7,24.6,0.063,0.5,0.067,0.0,1.0,0.0,0.071,2.0,14.0,0.071,0.0,10.0,1.0,0.0,0.0,1.0,0.0,0.5,0.0,0.0,2.0,2.0,0.0,0.5,2.0,1.0,1.0,0.0,1.0,2.0,0.0,2.0,19.0,0.6,0.0,1.0,1.76,0.0,1.0,8.0,0.211,0.89,1.0,4.5,6.0,4.9,3.0,2.0,0.571,2.0,1.0,1.0,0.75,7.0,1.0,0.0,3.0,0.0,0.0,1.0,0.0,0.8,1.0,0.5,0.25,3.2,,,,,,,,,,,,,,2.0,1.0,0.0,0.5,0.0,1.0,1.0,2.0,0.5,,1.0,0.5,0.0,,,,,,,,,,,,,,,,,,,,,,,,,,,0.0,,0.0,,,,,0.0,0.0,0.0,0.0,0.0,0.5,0.0,1.0,0.0,2.0,0.0,0.0,0.0,0.0,0.0,0.0,0.0,0.0,,0.0,,,0.0,1.0,0.0,0.0,0.0,0.0,0.0,0.0,0.0,0.0,2.0,0.5,178.0,120.0,0.384,0.674,0.622,0.052,0.0,0.0,,0.5,,,0.0,0.0,0.0,1.0,0.0,0.0,,0.0,0.0,0.0,0.0,0.0,2.0,0.0,0.0,,,0.0,0.0,0.0,0.0,0.0,,,,,0.0,2019,21800733,20190126.0,2018-19,False,1.0,6.0,9.0,0.667,0.453,0.214,1.0,2.0,0.5,0.318,5.0,7.0,0.714,0.509,3.0,5.0,0.6,0.534,2.0,3.0,0.667,0.341,0.0,1.0,0.0,0.0,0.0,0.0,0.0,0.0,0.0,0.0,0.0,0.0,0.0,0.0,7.0,5.0,2.0,0.0,0.0,0.0,0.0,0.0,0.0,0.0,0.0,0.0,0.0,2.0,2.0,2.0,1.0,0.0,1.0,1.0,0.5
200794,Paul Millsap,1610612743,DEN,34.0,21.65,1,7,0.143,0,2,0.0,3,4,0.75,1,3,4,1,1,0,1,0,3,4,5,-14,0.093,89.6,123.1,-0.013,0.176,9.1,43,0.038,0.285,81.29,90.7,95.96,1.0,0.067,97.55,117.8,9.1,-27.1,-33.5,0.214,0.143,0.217,9.3,1.0,0.0,0.05,2.0,20.0,0.05,0.0,20.0,1.0,1.0,0.0,0.0,0.0,0.0,1.0,0.0,0.0,0.0,0.0,0.0,1.0,0.0,0.0,0.0,0.0,0.0,4.0,2.0,31.0,1.3,0.25,0.0,2.58,0.0,1.0,22.0,0.161,1.39,1.0,9.7,6.0,4.6,2.0,1.0,0.4,1.0,0.0,0.25,0.6,10.0,0.0,1.0,3.0,0.0,1.0,0.25,0.333,0.444,4.0,0.5,0.25,25.3,0.0,0.0,0.143,0.0,0.0,0.0,0.0,1.0,0.0,0.143,0.0,1.0,,3.0,0.429,0.0,0.333,0.0,1.0,0.429,3.0,0.333,,1.0,0.333,0.0,1.0,0.0,0.0,0.0,0.143,0.0,0.0,0.0,0.0,0.143,1.0,0.0,,0.286,0.0,0.0,0.0,2.0,0.286,,0.0,0.0,0.0,2.0,0.0,0.0,0.0,0.0,0.0,0.0,0.0,,0.0,1.0,0.0,0.0,1.0,0.0,0.143,0.0,0.0,0.0,0.0,0.0,0.0,0.0,0.0,0.0,1.0,2.0,0.0,0.0,0.0,0.0,0.0,0.0,1.0,0.0,0.0,0.0,0.0,0.0,0.0,1.0,0.0,3.0,0.333,341.0,224.0,0.393,0.657,0.622,0.035,1.0,0.0,,0.25,0.0,,0.0,2.0,0.0,1.0,0.0,0.0,,0.0,0.0,0.0,0.0,0.0,4.0,0.0,0.0,0.0,0.0,0.0,0.0,0.0,0.0,2.0,0.0,2.0,0.0,0.0,0.0,2019,21801217,20190409.0,2018-19,False,1.0,4.0,8.0,0.5,0.523,-0.023,1.0,3.0,0.333,0.318,3.0,5.0,0.6,0.576,3.0,5.0,0.6,0.602,1.0,3.0,0.333,0.337,0.0,1.0,0.0,0.0,0.0,0.0,0.0,0.0,0.0,0.0,0.0,0.0,0.0,0.0,5.0,1.0,4.0,0.0,1.0,4.0,9.0,0.0,0.0,0.0,0.0,0.0,0.0,4.0,4.0,0.0,0.0,0.0,1.0,0.0,0.0
200794,Paul Millsap,1610612743,DEN,34.0,33.6,5,10,0.5,0,1,0.0,3,4,0.75,4,4,8,2,1,0,2,0,3,5,13,11,0.108,112.4,93.4,0.085,0.1,7.1,70,0.118,0.553,82.74,114.3,103.57,2.0,0.074,99.29,100.0,14.3,14.3,19.0,0.168,0.5,0.158,6.8,3.0,0.0,0.083,5.0,24.0,0.083,0.0,18.0,2.0,0.0,1.0,3.0,1.0,0.0,0.0,0.0,0.0,0.0,0.0,0.0,1.0,0.0,0.0,1.0,0.0,3.0,1.0,11.0,37.0,1.1,0.0,0.909,1.8,0.333,3.0,24.0,0.351,0.62,3.0,4.3,8.0,4.3,4.0,0.0,0.5,0.0,0.75,0.444,0.5,16.0,3.0,1.0,5.0,0.0,0.0,0.444,0.0,0.5,9.0,0.5,0.375,4.3,0.75,0.0,0.4,0.0,0.0,3.0,3.0,4.0,0.75,0.4,0.75,4.0,,4.0,0.4,0.0,0.5,0.0,2.0,0.4,4.0,0.5,,2.0,0.5,0.0,1.0,0.0,0.0,0.0,0.1,0.0,0.0,0.0,0.0,0.1,1.0,0.0,,0.1,0.0,0.0,0.0,1.0,0.1,,0.0,0.0,0.0,1.0,0.0,0.0,0.0,0.0,0.0,0.0,0.0,,0.0,1.0,1.0,0.0,0.0,0.0,0.5,0.0,0.571,0.0,10.0,0.0,0.0,0.0,0.0,0.5,2.0,1.0,0.0,0.0,0.0,0.0,0.0,1.0,4.0,0.0,0.0,0.0,0.0,0.0,0.0,0.0,0.0,7.0,0.571,186.0,127.0,0.38,0.683,0.622,0.061,0.0,0.0,,0.571,0.0,,0.0,0.0,0.0,4.0,0.0,1.0,,0.0,0.0,0.0,1.0,1.0,7.0,1.0,0.0,0.0,0.0,0.0,0.0,0.0,1.0,1.0,0.0,1.0,0.0,0.0,0.0,2019,21800761,20190130.0,2018-19,False,1.0,6.0,15.0,0.4,0.462,-0.062,3.0,8.0,0.375,0.325,3.0,7.0,0.429,0.56,3.0,5.0,0.6,0.624,3.0,10.0,0.3,0.327,0.0,1.0,1.0,2.0,0.5,0.333,1.0,0.333,1.0,0.333,0.0,0.0,1.0,0.333,12.0,6.0,6.0,0.0,0.0,0.0,0.0,0.0,0.0,0.0,0.0,0.0,1.0,4.0,5.0,3.0,1.0,0.2,0.8,1.0,0.333
200794,Paul Millsap,1610612743,DEN,34.0,18.1,1,8,0.125,0,3,0.0,0,0,0.0,2,3,5,0,1,0,0,2,1,1,2,-20,0.152,90.6,144.1,-0.039,0.188,11.1,36,0.118,0.125,79.56,88.9,94.67,0.0,0.0,95.47,144.4,0.0,-55.6,-53.5,0.235,0.125,0.231,11.1,0.0,0.0,0.0,0.0,15.0,0.0,0.0,16.0,0.0,1.0,2.0,0.5,1.0,0.0,0.25,0.0,0.0,0.0,0.0,0.25,4.0,0.0,0.0,0.5,1.0,2.0,0.0,1.0,24.0,1.1,0.0,2.0,2.74,0.0,2.0,16.0,0.083,1.88,1.0,11.3,5.0,9.3,2.0,0.0,0.5,0.0,0.0,0.333,0.6,10.0,0.0,2.0,4.0,0.0,1.0,0.333,0.333,0.5,6.0,0.6,0.2,14.2,,,,,,,,,,,,,,4.0,0.5,0.0,0.25,0.0,1.0,0.5,4.0,0.25,,1.0,0.25,0.0,1.0,0.0,0.0,0.0,0.125,0.0,0.0,0.0,0.0,0.125,1.0,0.0,,0.375,0.0,0.0,0.0,3.0,0.375,,0.0,0.0,0.0,3.0,0.0,0.0,0.0,1.0,0.0,0.0,0.0,0.0,0.0,1.0,0.0,0.0,0.0,0.0,0.125,0.0,1.0,0.0,2.0,0.0,0.0,0.0,0.0,0.0,2.0,2.0,0.0,0.0,0.0,0.0,0.0,0.0,1.0,0.0,1.0,0.0,0.0,1.0,0.0,1.0,0.0,2.0,0.5,171.0,114.0,0.383,0.667,0.623,0.044,0.0,0.0,,0.333,,,0.0,0.0,0.0,1.0,0.0,0.0,,0.0,0.0,0.0,0.0,3.0,3.0,1.0,0.0,,,0.0,0.0,0.0,1.0,3.0,0.0,2.0,0.0,0.0,0.0,2019,21800715,20190123.0,2018-19,False,1.0,3.0,7.0,0.429,0.449,-0.02,2.0,6.0,0.333,0.341,1.0,1.0,1.0,0.67,1.0,1.0,1.0,0.68,2.0,6.0,0.333,0.352,0.0,2.0,0.0,0.0,0.0,0.0,0.0,0.0,0.0,0.0,0.0,0.0,0.0,0.0,6.0,1.0,5.0,1.0,0.0,0.0,0.0,0.0,0.0,0.0,0.0,0.0,1.0,2.0,3.0,2.0,1.0,0.333,0.667,1.0,0.5
200794,Paul Millsap,1610612743,DEN,34.0,27.98333333333333,3,9,0.333,1,2,0.5,3,4,0.75,3,5,8,2,1,0,1,1,1,3,10,-1,0.133,116.0,116.5,0.085,0.185,7.1,56,0.091,0.465,79.33,117.9,98.15,2.0,0.1,95.2,121.8,14.3,-4.0,-0.5,0.173,0.389,0.171,7.3,2.0,0.0,0.095,5.0,21.0,0.095,0.0,19.0,2.0,0.0,1.0,0.0,0.0,0.0,0.0,0.0,0.0,0.0,0.0,0.5,2.0,0.0,0.0,0.0,1.0,0.0,1.0,5.0,37.0,1.6,0.0,0.8,2.67,1.167,6.0,20.0,0.27,1.35,4.0,5.1,9.0,4.8,3.0,0.0,0.615,0.0,0.667,0.75,0.556,13.0,2.0,1.0,4.0,0.0,2.0,0.75,0.4,0.615,4.0,0.556,0.5,5.7,,,,,,,,,,,,,,6.0,0.667,0.0,0.167,0.0,1.0,0.667,6.0,0.167,,1.0,0.167,0.0,2.0,1.0,0.5,0.0,0.222,1.0,1.0,1.0,0.111,0.111,1.0,0.5,0.0,0.111,1.0,0.0,0.0,1.0,0.111,,1.0,1.5,0.0,1.0,1.0,1.0,0.0,0.0,0.0,0.0,0.0,,0.0,1.0,7.0,0.0,0.0,0.5,0.389,0.5,1.0,3.0,4.0,0.0,0.0,0.0,0.0,0.25,4.0,1.0,1.0,0.0,0.0,0.0,0.0,1.0,1.0,0.0,1.0,1.0,0.0,1.0,0.0,0.0,0.0,3.0,0.333,55.0,37.0,0.437,0.673,0.635,0.038,0.0,0.0,0.0,0.25,0.0,0.0,0.0,0.0,0.0,1.0,0.0,0.333,0.0,0.0,0.0,0.0,1.0,2.0,4.0,3.0,0.5,0.0,0.0,1.0,0.0,0.0,0.0,2.0,0.5,2.0,1.0,0.75,1.0,2019,21800145,20181105.0,2018-19,False,1.0,6.0,13.0,0.462,0.484,-0.023,1.0,3.0,0.333,0.349,5.0,10.0,0.5,0.552,5.0,8.0,0.625,0.606,1.0,5.0,0.2,0.355,2.0,4.0,3.0,4.0,0.75,1.167,0.0,0.0,0.0,0.0,0.0,0.0,2.0,0.333,7.0,5.0,2.0,1.0,0.0,2.0,5.0,2.0,0.0,2.0,1.0,0.0,2.0,3.0,5.0,2.0,1.0,0.4,0.6,0.667,0.333
200794,Paul Millsap,1610612743,DEN,34.0,18.78333333333333,4,8,0.5,0,1,0.0,8,9,0.889,2,1,3,1,1,1,2,0,4,6,16,-6,0.081,101.1,118.4,0.158,0.056,7.1,36,0.105,0.669,77.73,105.6,95.52,1.0,0.143,93.27,118.9,7.1,-13.4,-17.3,0.312,0.5,0.317,7.2,2.0,0.0,0.042,3.0,24.0,0.042,0.0,28.0,1.0,0.0,1.0,0.0,0.0,0.0,0.0,0.0,0.0,0.0,0.0,0.0,1.0,0.0,0.0,0.0,0.0,0.0,0.0,5.0,38.0,1.8,0.0,0.8,2.88,1.556,9.0,29.0,0.421,1.63,2.0,5.4,3.0,2.4,0.0,0.0,0.5,0.0,0.5,0.667,0.333,6.0,1.0,1.0,1.0,0.0,1.0,0.667,1.0,0.5,3.0,0.333,0.667,6.9,0.5,0.0,0.25,0.0,0.0,1.0,1.0,2.0,0.5,0.25,0.5,2.0,,4.0,0.5,0.0,0.5,0.0,2.0,0.5,4.0,0.5,,2.0,0.5,0.0,1.0,0.0,1.0,0.0,0.125,1.0,1.0,1.0,0.0,0.125,1.0,1.0,,0.125,0.0,0.0,0.0,1.0,0.125,,0.0,0.0,0.0,1.0,0.0,0.0,0.0,0.0,0.0,0.0,0.0,,0.0,1.0,14.0,0.0,0.0,0.75,0.5,0.0,0.5,0.0,4.0,0.0,0.0,0.0,,0.333,3.0,1.0,0.0,0.0,0.0,0.0,0.0,1.0,3.0,,,0.0,0.0,0.0,0.0,0.0,0.0,4.0,0.75,119.0,82.0,0.372,0.689,0.632,0.057,0.0,0.0,,0.75,,,0.0,0.0,0.0,3.0,0.0,0.333,,0.0,0.0,0.0,1.0,1.0,4.0,3.0,0.0,,,0.0,0.0,0.0,0.0,1.0,0.0,1.0,0.0,0.0,0.0,2019,21800368,20181207.0,2018-19,False,1.0,4.0,12.0,0.333,0.459,-0.126,2.0,6.0,0.333,0.357,2.0,6.0,0.333,0.539,2.0,5.0,0.4,0.569,2.0,6.0,0.333,0.368,3.0,4.0,8.0,8.0,1.0,1.556,1.0,0.111,0.0,0.0,0.0,0.0,4.0,0.444,9.0,4.0,5.0,1.0,0.0,0.0,0.0,0.0,0.0,0.0,0.0,0.0,2.0,0.0,2.0,1.0,1.0,1.0,0.0,1.0,1.0
200794,Paul Millsap,1610612743,DEN,34.0,22.281666666666663,6,8,0.75,2,2,1.0,6,7,0.857,2,7,9,2,2,3,0,2,2,6,20,23,0.243,144.6,96.2,0.245,0.389,13.3,48,0.105,0.903,86.17,143.8,102.93,1.0,0.111,103.4,95.8,13.3,47.9,48.4,0.239,0.875,0.236,13.3,4.0,0.0,0.069,4.0,29.0,0.069,0.0,22.0,2.0,0.0,1.0,0.0,0.0,0.0,0.0,0.0,0.0,0.0,0.0,0.5,2.0,0.0,0.0,0.0,1.0,0.0,1.0,4.0,45.0,1.7,0.0,1.0,2.23,0.833,6.0,23.0,0.444,1.24,2.0,4.3,7.0,4.4,6.0,0.0,0.818,1.0,0.5,0.5,1.0,11.0,1.0,1.0,7.0,1.0,1.0,0.667,0.143,0.9,4.0,1.0,0.222,4.1,0.667,0.0,0.375,0.0,0.0,2.0,2.0,3.0,0.667,0.375,0.667,3.0,,3.0,0.375,0.0,0.667,0.0,2.0,0.375,3.0,0.667,,2.0,0.667,0.0,,,,,,,,,,,,,,0.25,2.0,0.0,0.0,2.0,0.25,,1.0,1.5,0.0,2.0,1.0,2.0,1.0,0.0,2.0,1.0,1.0,,0.0,1.0,5.0,0.0,0.0,0.667,0.875,1.0,0.0,6.0,4.0,1.0,0.0,0.0,0.0,0.5,2.0,1.0,1.0,1.0,1.0,1.0,1.0,1.0,3.0,0.0,0.0,1.0,0.0,1.0,0.0,0.0,0.0,4.0,0.75,174.0,117.0,0.382,0.672,0.622,0.05,0.0,0.0,,0.75,0.0,,0.0,0.0,0.0,3.0,0.0,0.5,,0.0,0.0,0.0,1.0,2.0,4.0,2.0,1.0,0.0,0.0,2.0,0.0,0.0,0.0,2.0,1.0,2.0,2.0,1.5,2.0,2019,21800728,20190125.0,2018-19,False,1.0,4.0,8.0,0.5,0.426,0.074,0.0,3.0,0.0,0.328,4.0,5.0,0.8,0.512,3.0,3.0,1.0,0.543,1.0,4.0,0.25,0.352,2.0,3.0,0.0,0.0,0.0,0.833,0.0,0.0,0.0,0.0,1.0,0.167,0.0,0.0,4.0,1.0,3.0,3.0,0.0,1.0,3.0,0.0,1.0,1.0,0.0,1.0,1.0,0.0,1.0,0.0,0.0,1.0,0.0,0.0,0.0
200794,Paul Millsap,1610612743,DEN,34.0,27.316666666666663,4,7,0.571,1,3,0.333,3,3,1.0,4,7,11,5,1,0,0,1,4,3,12,5,0.19,103.0,95.6,0.182,0.233,7.1,58,0.143,0.721,85.66,106.9,105.25,5.0,0.238,102.79,96.6,35.7,10.3,7.4,0.137,0.643,0.13,7.0,5.0,0.0,0.108,11.0,37.0,0.135,0.0,24.0,4.0,0.0,1.0,0.4,0.0,0.2,0.0,0.4,2.0,2.0,2.0,0.6,5.0,1.0,1.0,0.0,3.0,2.0,0.0,3.0,46.0,1.6,0.0,1.333,2.15,1.333,3.0,26.0,0.261,1.0,5.0,11.2,9.0,4.7,4.0,0.0,0.786,0.0,0.5,0.8,0.778,14.0,2.0,2.0,6.0,0.0,3.0,0.8,0.429,0.786,5.0,0.778,0.455,22.5,1.0,0.0,0.143,0.0,0.0,1.0,1.0,1.0,1.0,0.143,1.0,1.0,,3.0,0.429,0.0,0.667,0.0,2.0,0.429,3.0,0.667,,2.0,0.667,0.0,2.0,2.0,0.0,0.0,0.286,0.0,0.0,,0.286,0.0,0.0,0.0,0.0,0.143,1.0,0.0,0.0,1.0,0.143,,1.0,1.5,0.0,1.0,1.0,1.0,1.0,0.0,2.0,1.0,1.0,,0.0,1.0,4.0,0.0,0.0,1.0,0.643,0.5,1.0,5.0,4.0,0.0,0.0,1.0,0.0,1.0,1.0,2.0,0.5,1.0,0.0,0.0,0.0,1.0,0.0,0.0,0.0,1.0,0.0,1.0,0.0,2.0,2.0,1.0,0.0,267.0,179.0,0.376,0.67,0.622,0.048,0.0,0.5,0.0,0.0,0.0,0.0,0.0,2.0,0.0,0.0,0.0,1.0,0.0,0.0,0.0,1.0,3.0,1.0,1.0,3.0,0.0,0.0,0.0,0.0,0.0,0.0,0.0,4.0,0.333,3.0,1.0,0.625,2.0,2019,21801052,20190318.0,2018-19,False,1.0,4.0,9.0,0.444,0.478,-0.034,2.0,4.0,0.5,0.362,2.0,5.0,0.4,0.53,1.0,1.0,1.0,0.555,2.0,5.0,0.4,0.393,2.0,2.0,0.0,0.0,0.0,1.333,1.0,0.333,0.0,0.0,0.0,0.0,0.0,0.0,4.0,3.0,1.0,0.0,0.0,1.0,2.0,1.0,0.0,1.0,1.0,0.0,0.0,3.0,3.0,2.0,0.0,0.0,1.0,1.0,0.0
200794,Paul Millsap,1610612743,DEN,34.0,30.316666666666663,5,11,0.455,0,2,0.0,2,3,0.667,4,5,9,4,1,1,1,1,0,4,12,8,0.138,108.4,100.5,0.145,0.167,5.9,58,0.114,0.487,77.19,112.1,92.37,4.0,0.182,92.62,96.6,23.5,15.5,7.9,0.185,0.455,0.181,5.8,6.0,0.0,0.2,9.0,25.0,0.16,1.0,25.0,5.0,0.0,3.0,0.8,2.0,0.0,0.0,0.2,0.0,0.0,1.0,0.2,5.0,0.0,0.0,0.667,1.0,4.0,2.0,6.0,42.0,2.1,1.0,0.667,3.03,0.5,4.0,31.0,0.286,2.0,3.0,5.5,10.0,6.2,4.0,2.0,0.6,2.0,0.5,0.8,0.625,15.0,2.0,2.0,6.0,0.0,1.0,0.8,0.2,0.692,5.0,0.5,0.333,4.6,1.0,0.0,0.091,0.0,0.0,1.0,1.0,1.0,1.0,0.091,1.0,1.0,,4.0,0.364,0.0,0.75,0.0,3.0,0.364,4.0,0.75,,3.0,0.75,0.0,4.0,1.0,0.25,0.0,0.364,1.0,1.0,0.333,0.091,0.273,3.0,0.25,0.0,0.182,0.0,0.0,0.091,1.0,0.091,0.0,0.0,0.0,1.0,2.0,0.0,0.0,0.0,0.0,0.0,0.0,0.0,,0.0,2.0,2.0,1.0,2.0,0.0,0.455,0.0,0.667,0.0,4.0,0.0,0.0,0.0,0.0,0.667,3.0,1.0,0.0,1.0,0.0,0.0,0.0,2.0,3.0,0.0,0.0,0.0,0.0,1.0,0.0,3.0,0.0,3.0,1.0,142.0,96.0,0.382,0.676,0.626,0.05,2.0,0.0,,1.0,0.0,,0.0,1.0,0.0,4.0,0.0,1.0,,0.0,0.0,0.0,1.0,1.0,4.0,1.0,0.0,0.0,0.0,0.0,0.0,0.0,2.0,3.0,0.0,2.0,0.0,0.0,0.0,2019,21800601,20190108.0,2018-19,False,1.0,4.0,6.0,0.667,0.438,0.229,2.0,4.0,0.5,0.341,2.0,2.0,1.0,0.462,2.0,2.0,1.0,0.486,2.0,4.0,0.5,0.338,0.0,1.0,2.0,2.0,1.0,0.5,2.0,0.5,0.0,0.0,0.0,0.0,1.0,0.25,7.0,3.0,4.0,2.0,0.0,0.0,0.0,0.0,0.0,0.0,0.0,0.0,4.0,3.0,7.0,3.0,2.0,0.571,0.429,0.75,0.5
200794,Paul Millsap,1610612743,DEN,34.0,36.266666666666666,4,8,0.5,2,4,0.5,6,9,0.667,0,7,7,2,2,5,2,0,3,5,16,-11,0.088,97.8,107.8,0.127,0.175,12.5,82,0.0,0.669,91.54,102.4,115.15,1.0,0.087,109.85,113.1,12.5,-10.7,-10.0,0.152,0.625,0.151,12.5,6.0,0.0,0.05,4.0,40.0,0.05,0.0,25.0,2.0,0.0,1.0,1.0,0.0,0.5,0.0,0.0,2.0,2.0,0.0,0.0,2.0,1.0,1.0,0.0,0.0,2.0,1.0,3.0,57.0,1.9,0.0,1.333,2.02,0.0,2.0,31.0,0.281,0.68,3.0,4.4,13.0,4.4,4.0,0.0,0.467,0.0,0.0,0.0,0.538,15.0,0.0,0.0,4.0,0.0,3.0,0.0,0.429,0.467,4.0,0.538,0.429,0.0,,,,,,,,,,,,,,2.0,0.25,1.0,0.5,0.125,1.0,0.375,3.0,0.333,0.0,1.0,0.333,0.0,1.0,0.0,1.0,0.0,0.125,1.0,1.0,1.0,0.0,0.125,1.0,1.0,,0.5,2.0,0.0,0.125,3.0,0.375,0.0,0.667,0.75,1.0,4.0,0.5,2.0,1.0,0.0,2.0,1.0,1.0,,0.0,1.0,0.0,0.0,0.0,0.0,0.625,0.4,1.0,6.0,4.0,0.0,0.0,0.0,0.0,0.5,2.0,3.0,0.667,1.0,0.0,0.0,0.0,1.0,1.0,0.0,0.0,2.0,0.0,1.0,0.0,1.0,0.0,1.0,1.0,227.0,150.0,0.371,0.661,0.621,0.04,0.0,1.0,0.0,0.5,,0.0,0.0,1.0,0.0,1.0,0.0,1.0,0.0,0.0,0.0,1.0,1.0,4.0,2.0,1.0,0.25,,,1.0,0.0,0.0,0.0,5.0,0.5,4.0,2.0,0.6,2.0,2019,21800941,20190302.0,2018-19,False,1.0,8.0,17.0,0.471,0.514,-0.043,4.0,8.0,0.5,0.342,4.0,9.0,0.444,0.567,4.0,8.0,0.5,0.602,4.0,9.0,0.444,0.35,0.0,0.0,0.0,0.0,0.0,0.0,1.0,0.5,0.0,0.0,0.0,0.0,0.0,0.0,13.0,5.0,8.0,10.0,0.0,3.0,6.0,0.0,3.0,3.0,0.0,1.0,0.0,0.0,0.0,0.0,0.0,0.0,0.0,0.0,0.0
200794,Paul Millsap,1610612743,DEN,34.0,26.866666666666667,4,8,0.5,0,1,0.0,3,6,0.5,4,7,11,0,3,0,1,2,2,4,11,-1,0.162,105.3,105.9,0.09,0.212,21.4,59,0.114,0.517,86.35,103.4,104.05,0.0,0.0,103.62,108.8,0.0,-5.4,-0.6,0.192,0.5,0.187,22.0,3.0,0.0,0.0,0.0,25.0,0.0,0.0,22.0,0.0,1.0,4.0,0.75,3.0,0.125,0.125,0.0,2.0,0.0,0.0,0.25,8.0,0.0,1.0,0.75,2.0,6.0,0.0,6.0,38.0,1.5,0.0,0.333,2.42,0.0,0.0,23.0,0.289,1.42,1.0,5.5,8.0,5.6,7.0,1.0,0.611,1.0,0.25,0.364,1.0,18.0,1.0,3.0,10.0,0.0,0.0,0.364,0.0,0.647,11.0,0.875,0.091,5.4,,,,,,,,,,,,,,4.0,0.5,0.0,0.5,0.0,2.0,0.5,4.0,0.5,,2.0,0.5,0.0,2.0,0.0,1.0,0.0,0.25,2.0,2.0,1.0,0.0,0.25,2.0,1.0,,0.25,0.0,0.0,0.125,1.0,0.125,0.0,0.0,0.0,1.0,2.0,0.0,0.0,1.0,0.0,2.0,0.5,0.5,,0.0,2.0,0.0,0.0,0.0,0.0,0.5,0.0,1.0,0.0,2.0,0.0,0.0,0.0,0.0,0.667,3.0,1.0,0.0,0.0,0.0,0.0,0.0,2.0,2.0,0.0,0.0,0.0,0.0,0.0,0.0,0.0,0.0,4.0,0.5,64.0,42.0,0.457,0.656,0.63,0.026,0.0,0.0,,0.5,,,0.0,1.0,0.5,2.0,0.0,1.0,,0.0,0.0,0.0,1.0,0.0,4.0,1.0,0.0,,,0.0,0.0,1.0,2.0,1.0,0.0,1.0,0.0,0.0,0.0,2019,21800171,20181109.0,2018-19,False,1.0,2.0,7.0,0.286,0.447,-0.161,0.0,2.0,0.0,0.272,2.0,5.0,0.4,0.517,1.0,4.0,0.25,0.541,0.0,2.0,0.0,0.3,0.0,0.0,0.0,0.0,0.0,0.0,0.0,0.0,0.0,0.0,0.0,0.0,0.0,0.0,8.0,6.0,2.0,2.0,0.0,2.0,4.0,2.0,0.0,2.0,1.0,0.0,4.0,2.0,6.0,5.0,2.0,0.667,0.333,1.0,0.4
200794,Paul Millsap,1610612743,DEN,34.0,22.98333333333333,7,11,0.636,0,1,0.0,0,0,0.0,2,3,5,1,0,2,0,1,1,3,14,14,0.143,149.0,119.6,0.137,0.188,0.0,45,0.105,0.636,77.45,151.1,94.82,0.0,0.053,92.94,122.7,8.3,28.4,29.4,0.213,0.636,0.208,0.0,3.0,1.0,0.111,4.0,18.0,0.056,0.0,17.0,2.0,0.0,2.0,1.333,2.0,0.0,0.0,0.333,0.0,0.0,1.0,0.333,3.0,0.0,0.0,1.0,1.0,4.0,1.0,5.0,30.0,1.3,2.0,1.6,2.67,0.0,3.0,19.0,0.467,1.43,1.0,5.1,5.0,6.3,3.0,2.0,0.556,2.0,0.5,0.4,1.0,9.0,1.0,1.0,4.0,0.0,0.0,0.4,0.0,0.714,5.0,0.6,0.2,3.4,0.5,0.0,0.182,0.0,0.0,1.0,1.0,2.0,0.5,0.182,0.5,2.0,,8.0,0.727,0.0,0.75,0.0,6.0,0.727,8.0,0.75,,6.0,0.75,0.0,,,,,,,,,,,,,,0.091,0.0,0.0,0.0,1.0,0.091,,0.0,0.0,0.0,1.0,0.0,0.0,0.0,0.0,0.0,0.0,0.0,,0.0,1.0,0.0,1.0,2.0,0.0,0.636,0.0,0.8,0.0,8.0,0.0,0.0,0.0,0.0,1.0,2.0,1.0,0.0,0.0,0.0,0.0,0.0,2.0,5.0,0.0,0.0,0.0,0.0,0.0,0.0,1.0,0.0,7.0,0.714,170.0,113.0,0.386,0.665,0.622,0.042,0.0,0.0,,0.75,,,0.0,1.0,0.0,6.0,0.0,0.5,,0.0,0.0,0.0,1.0,0.0,8.0,2.0,0.0,,,0.0,0.0,0.0,0.0,1.0,0.0,1.0,0.0,0.0,0.0,2019,21800687,20190119.0,2018-19,False,1.0,3.0,8.0,0.375,0.442,-0.067,0.0,2.0,0.0,0.346,3.0,6.0,0.5,0.492,2.0,4.0,0.5,0.538,1.0,3.0,0.333,0.345,0.0,2.0,0.0,0.0,0.0,0.0,0.0,0.0,0.0,0.0,0.0,0.0,0.0,0.0,3.0,1.0,2.0,3.0,0.0,2.0,5.0,0.0,1.0,1.0,0.0,1.0,2.0,3.0,5.0,3.0,1.0,0.4,0.6,0.75,0.25
200794,Paul Millsap,1610612743,DEN,34.0,29.258333333333333,0,5,0.0,0,1,0.0,4,4,1.0,0,5,5,1,2,1,1,2,4,5,4,5,0.098,106.9,99.5,0.005,0.227,20.0,58,0.0,0.296,78.61,108.6,96.17,0.5,0.04,94.33,101.8,10.0,6.9,7.3,0.135,0.0,0.136,20.5,5.0,0.0,0.031,2.0,32.0,0.031,0.0,26.0,1.0,0.0,1.0,0.0,0.0,0.0,0.0,0.0,0.0,0.0,0.0,0.667,3.0,0.0,0.0,0.0,2.0,0.0,0.0,5.0,42.0,1.4,0.0,0.4,2.01,0.0,2.0,27.0,0.095,0.88,1.0,4.6,7.0,4.6,4.0,0.0,0.385,1.0,0.0,0.0,0.714,13.0,0.0,0.0,4.0,1.0,1.0,0.0,0.2,0.417,6.0,0.714,0.2,0.0,0.0,0.0,0.2,0.0,0.0,0.0,0.0,1.0,0.0,0.2,0.0,1.0,,2.0,0.4,0.0,0.0,0.0,0.0,0.4,2.0,0.0,,0.0,0.0,0.0,1.0,0.0,0.0,0.0,0.2,0.0,0.0,0.0,0.0,0.2,1.0,0.0,,0.2,0.0,0.0,0.0,1.0,0.2,,0.0,0.0,0.0,1.0,0.0,0.0,0.0,0.0,0.0,0.0,0.0,,0.0,1.0,0.0,0.0,0.0,0.0,0.0,0.0,0.0,0.0,2.0,0.0,0.0,0.0,0.0,0.0,2.0,1.0,0.0,0.0,0.0,0.0,0.0,0.0,0.0,0.0,0.0,0.0,0.0,0.0,0.0,0.0,0.0,2.0,0.0,183.0,125.0,0.385,0.683,0.621,0.062,0.0,0.0,,0.0,0.0,,0.0,1.0,0.0,0.0,0.0,0.0,,0.0,0.0,0.0,0.0,0.0,2.0,2.0,0.0,0.0,0.0,0.0,0.0,0.0,0.0,1.0,0.0,1.0,0.0,0.0,0.0,2019,21800747,20190128.0,2018-19,False,1.0,6.0,11.0,0.545,0.458,0.088,0.0,2.0,0.0,0.357,6.0,9.0,0.667,0.51,5.0,6.0,0.833,0.555,0.0,3.0,0.0,0.375,0.0,1.0,0.0,0.0,0.0,0.0,1.0,0.5,0.0,0.0,0.0,0.0,0.0,0.0,7.0,4.0,3.0,5.0,0.0,1.0,2.0,1.0,0.0,1.0,1.0,0.0,0.0,4.0,4.0,2.0,1.0,0.0,1.0,1.0,0.5
200794,Paul Millsap,1610612743,DEN,34.0,33.86666666666667,6,10,0.6,0,2,0.0,0,0,0.0,0,4,4,0,0,0,0,0,5,6,12,-16,0.067,111.2,143.8,0.045,0.16,0.0,63,0.0,0.6,74.41,117.5,91.5,0.0,0.0,89.29,142.9,0.0,-25.4,-32.5,0.14,0.6,0.137,0.0,1.0,0.0,0.0,0.0,26.0,0.0,0.0,25.0,0.0,0.0,2.0,2.0,2.0,0.0,0.0,0.0,0.0,0.0,0.0,0.0,2.0,0.0,0.0,1.0,0.0,4.0,0.0,3.0,39.0,1.3,0.0,0.667,1.94,0.667,3.0,24.0,0.308,1.18,0.0,12.9,6.0,12.9,4.0,1.0,0.5,1.0,0.0,0.0,0.8,8.0,0.0,0.0,4.0,0.0,0.0,0.0,0.0,0.571,2.0,0.667,0.0,0.0,,,,,,,,,,,,,,7.0,0.7,0.0,0.857,0.0,6.0,0.7,7.0,0.857,,6.0,0.857,0.0,2.0,1.0,0.0,0.0,0.2,0.0,0.0,0.0,0.1,0.1,1.0,0.0,0.0,0.1,0.0,0.0,0.0,1.0,0.1,,0.0,0.0,0.0,1.0,0.0,0.0,0.0,1.0,0.0,0.0,0.0,0.0,0.0,2.0,2.0,0.0,0.0,0.5,0.6,0.0,0.5,0.0,2.0,0.0,0.0,0.0,0.0,0.857,7.0,2.0,0.0,0.0,0.0,0.0,0.0,6.0,0.0,0.0,0.0,0.0,0.0,0.0,0.0,1.0,0.0,0.0,0.0,23.0,16.0,0.28,0.696,0.647,0.048,1.0,0.0,0.0,1.0,0.0,0.0,0.0,2.0,0.0,1.0,0.0,0.833,0.0,0.0,0.0,0.0,5.0,0.0,1.0,6.0,0.0,0.0,0.0,0.0,0.0,0.0,0.0,1.0,0.0,1.0,0.0,0.0,0.0,2019,41800156,20190425.0,2018-19,True,1.0,8.0,13.0,0.615,0.496,0.119,1.0,3.0,0.333,0.29,7.0,10.0,0.7,0.519,2.0,3.0,0.667,0.575,2.0,5.0,0.4,0.417,1.0,2.0,0.0,0.0,0.0,0.667,0.0,0.0,0.0,0.0,0.0,0.0,0.0,0.0,6.0,4.0,2.0,3.0,0.0,3.0,8.0,0.0,1.0,1.0,0.0,1.0,0.0,2.0,2.0,0.0,0.0,0.0,1.0,0.0,0.0
200794,Paul Millsap,1610612743,DEN,34.0,28.83333333333333,3,9,0.333,0,4,0.0,2,2,1.0,2,7,9,2,1,1,1,2,3,2,8,-10,0.127,86.0,101.7,0.099,0.206,7.7,60,0.054,0.405,83.93,90.0,104.61,2.0,0.105,100.72,104.9,15.4,-14.9,-15.7,0.152,0.333,0.155,7.8,4.0,0.0,0.125,5.0,32.0,0.063,2.0,26.0,4.0,0.0,2.0,1.0,1.0,0.25,0.0,0.0,2.0,2.0,0.0,0.0,4.0,1.0,1.0,0.5,0.0,4.0,3.0,7.0,45.0,1.9,0.0,0.571,2.59,0.0,1.0,27.0,0.178,1.38,3.0,5.4,11.0,4.1,5.0,0.0,0.6,0.0,0.5,0.5,0.636,15.0,1.0,1.0,6.0,0.0,2.0,0.5,0.286,0.6,4.0,0.636,0.333,10.0,0.0,0.0,0.111,0.0,0.0,0.0,0.0,1.0,0.0,0.111,0.0,1.0,,3.0,0.333,0.0,1.0,0.0,3.0,0.333,3.0,1.0,,3.0,1.0,0.0,4.0,3.0,0.0,0.0,0.444,0.0,0.0,0.0,0.333,0.111,1.0,0.0,0.0,0.111,0.0,0.0,0.0,1.0,0.111,,0.0,0.0,0.0,1.0,0.0,0.0,1.0,1.0,2.0,0.333,0.333,0.0,0.0,3.0,0.0,0.0,0.0,0.0,0.333,0.0,1.0,0.0,4.0,0.0,0.0,0.0,0.0,1.0,2.0,2.0,0.0,1.0,0.0,0.0,0.0,2.0,1.0,0.0,1.0,0.0,0.0,2.0,0.0,1.0,0.0,2.0,0.5,84.0,58.0,0.394,0.69,0.64,0.05,0.0,0.0,,0.5,,,0.0,2.0,1.0,1.0,0.0,0.5,,0.0,0.0,0.0,1.0,2.0,2.0,2.0,0.0,,,0.0,0.0,1.0,1.0,3.0,0.0,3.0,0.0,0.0,0.0,2019,21800245,20181119.0,2018-19,False,1.0,9.0,17.0,0.529,0.527,0.003,2.0,6.0,0.333,0.331,7.0,11.0,0.636,0.595,7.0,9.0,0.778,0.653,2.0,7.0,0.286,0.347,0.0,1.0,0.0,0.0,0.0,0.0,0.0,0.0,0.0,0.0,0.0,0.0,0.0,0.0,12.0,7.0,5.0,3.0,0.0,0.0,0.0,0.0,0.0,0.0,0.0,0.0,0.0,4.0,4.0,1.0,0.0,0.0,1.0,0.5,0.0
200794,Paul Millsap,1610612743,DEN,34.0,40.056666666666665,7,15,0.467,0,3,0.0,2,2,1.0,7,1,8,3,0,0,1,1,4,1,16,27,0.091,122.5,88.6,0.074,0.023,0.0,84,0.159,0.504,82.88,120.2,99.44,0.0,0.091,99.46,90.2,15.8,30.0,33.8,0.165,0.467,0.162,0.0,4.0,0.0,0.079,8.0,38.0,0.079,0.0,36.0,3.0,0.0,0.0,0.0,0.0,0.0,0.0,0.0,0.0,0.0,0.0,0.0,0.0,0.0,0.0,0.0,0.0,0.0,3.0,10.0,54.0,2.0,0.667,0.8,2.19,0.571,7.0,42.0,0.296,1.02,3.0,5.1,7.0,3.9,1.0,1.0,0.471,1.0,0.429,0.7,0.167,17.0,3.0,4.0,5.0,0.0,0.0,0.7,0.0,0.5,10.0,0.143,0.375,5.3,1.0,0.0,0.067,0.0,0.0,1.0,1.0,1.0,1.0,0.067,1.0,1.0,,5.0,0.333,0.0,0.6,0.0,3.0,0.333,5.0,0.6,,3.0,0.6,0.0,6.0,0.0,0.5,0.0,0.4,3.0,3.0,0.5,0.0,0.4,6.0,0.5,,0.2,0.0,0.0,0.0,3.0,0.2,,0.0,0.0,0.0,3.0,0.0,0.0,1.0,0.0,2.0,0.5,0.5,,0.0,2.0,4.0,1.0,2.0,0.5,0.467,0.25,0.571,2.0,8.0,0.0,0.0,0.667,0.0,0.5,2.0,3.0,0.0,0.0,0.0,0.0,0.0,1.0,4.0,0.0,0.0,0.0,0.0,0.0,0.0,3.0,2.0,7.0,0.571,240.0,160.0,0.373,0.667,0.621,0.046,0.0,0.0,,0.5,,,0.0,3.0,0.5,4.0,0.0,1.0,,0.0,0.0,0.0,2.0,0.0,8.0,2.0,0.0,,,0.0,0.0,1.0,2.0,4.0,0.0,3.0,0.0,0.25,1.0,2019,21800974,20190306.0,2018-19,False,1.0,9.0,19.0,0.474,0.474,-0.001,0.0,8.0,0.0,0.346,9.0,11.0,0.818,0.53,8.0,9.0,0.889,0.58,0.0,8.0,0.0,0.361,2.0,4.0,0.0,0.0,0.0,0.571,2.0,0.286,0.0,0.0,1.0,0.143,0.0,0.0,12.0,4.0,8.0,1.0,0.0,1.0,2.0,0.0,0.0,0.0,0.0,0.0,3.0,4.0,7.0,3.0,2.0,0.429,0.571,1.0,0.667
200794,Paul Millsap,1610612743,DEN,34.0,26.866666666666667,6,12,0.5,2,4,0.5,4,4,1.0,3,5,8,3,3,1,1,0,2,2,18,1,0.143,112.0,107.1,0.132,0.185,15.0,62,0.103,0.654,91.56,111.3,111.77,1.0,0.167,109.88,111.5,15.0,-0.2,5.0,0.252,0.583,0.246,15.2,3.0,0.0,0.125,7.0,24.0,0.125,0.0,25.0,3.0,1.0,1.0,0.0,0.0,0.0,0.333,0.0,0.0,0.0,0.0,0.333,3.0,0.0,0.0,0.0,1.0,0.0,2.0,5.0,43.0,1.7,0.0,0.8,2.44,0.0,1.0,28.0,0.419,1.35,2.0,4.8,6.0,5.3,5.0,0.0,0.571,0.0,0.667,0.375,0.833,14.0,2.0,1.0,6.0,0.0,0.0,0.375,0.0,0.571,8.0,0.833,0.25,3.9,0.333,0.0,0.25,0.0,0.0,1.0,1.0,3.0,0.333,0.25,0.333,3.0,,4.0,0.333,0.0,0.5,0.0,2.0,0.333,4.0,0.5,,2.0,0.5,0.0,1.0,0.0,1.0,0.0,0.083,1.0,1.0,1.0,0.0,0.083,1.0,1.0,,0.333,2.0,0.0,0.0,4.0,0.333,,0.5,0.75,0.0,4.0,0.5,2.0,0.0,0.0,0.0,0.0,0.0,,0.0,1.0,0.0,0.0,0.0,0.0,0.583,0.5,0.5,6.0,4.0,1.0,0.0,0.0,1.0,0.0,1.0,3.0,0.333,0.0,1.0,0.0,0.0,0.0,4.0,1.0,1.0,1.0,0.0,1.0,0.0,1.0,0.0,6.0,0.667,35.0,23.0,0.443,0.657,0.645,0.012,0.0,0.5,,0.667,0.0,,0.0,2.0,0.0,4.0,0.0,0.0,,0.0,0.0,1.0,0.0,2.0,6.0,1.0,0.5,0.0,0.0,1.0,0.0,0.0,1.0,4.0,0.5,4.0,2.0,0.75,2.0,2019,21800095,20181029.0,2018-19,False,1.0,6.0,11.0,0.545,0.467,0.078,2.0,5.0,0.4,0.35,4.0,6.0,0.667,0.557,3.0,5.0,0.6,0.606,3.0,6.0,0.5,0.355,0.0,0.0,0.0,0.0,0.0,0.0,0.0,0.0,0.0,0.0,1.0,1.0,0.0,0.0,8.0,4.0,4.0,2.0,0.0,2.0,4.0,0.0,1.0,1.0,0.0,1.0,2.0,0.0,2.0,1.0,1.0,1.0,0.0,0.5,0.5
200794,Paul Millsap,1610612743,DEN,34.0,32.318333333333335,6,14,0.429,1,3,0.333,4,5,0.8,5,8,13,2,1,3,1,0,4,5,17,15,0.159,108.1,90.6,0.169,0.216,5.3,72,0.111,0.525,89.73,112.5,109.76,2.0,0.083,107.68,90.4,10.5,22.1,17.6,0.189,0.464,0.185,5.2,4.0,0.0,0.061,5.0,33.0,0.061,0.0,21.0,2.0,0.0,1.0,0.0,0.0,0.0,0.0,0.0,0.0,0.0,0.0,0.0,2.0,0.0,0.0,0.0,0.0,0.0,1.0,11.0,54.0,1.8,0.0,0.727,2.04,1.333,3.0,28.0,0.315,0.8,5.0,5.8,12.0,6.5,7.0,1.0,0.65,1.0,0.6,0.455,0.727,20.0,3.0,1.0,8.0,0.0,2.0,0.455,0.25,0.684,11.0,0.667,0.385,4.6,0.667,0.0,0.214,0.0,0.0,2.0,2.0,3.0,0.667,0.214,0.667,3.0,,6.0,0.429,0.0,0.167,0.0,1.0,0.429,6.0,0.167,,1.0,0.167,0.0,1.0,0.0,1.0,0.0,0.071,1.0,1.0,1.0,0.0,0.071,1.0,1.0,,0.286,1.0,1.0,0.071,3.0,0.214,1.0,0.333,0.625,1.0,4.0,0.5,2.0,0.0,0.0,0.0,,,,0.0,0.0,4.0,0.0,0.0,0.5,0.464,0.333,0.5,3.0,8.0,1.0,0.0,0.0,1.0,0.0,2.0,2.0,0.0,0.0,1.0,0.0,0.0,0.0,5.0,1.0,1.0,0.0,0.0,1.0,0.0,0.0,0.0,9.0,0.556,207.0,140.0,0.372,0.676,0.619,0.057,0.0,0.0,0.0,0.5,,0.0,0.0,0.0,0.0,5.0,0.0,0.0,0.0,0.0,0.0,0.0,0.0,3.0,10.0,1.0,0.333,,,1.0,0.0,0.0,0.0,3.0,0.333,3.0,1.0,0.5,1.0,2019,21800880,20190222.0,2018-19,False,1.0,4.0,11.0,0.364,0.452,-0.088,1.0,5.0,0.2,0.343,3.0,6.0,0.5,0.548,2.0,3.0,0.667,0.631,1.0,6.0,0.167,0.357,1.0,2.0,2.0,2.0,1.0,1.333,0.0,0.0,0.0,0.0,0.0,0.0,1.0,0.333,9.0,5.0,4.0,5.0,0.0,4.0,9.0,0.0,1.0,1.0,0.0,1.0,1.0,6.0,7.0,3.0,3.0,0.143,0.857,1.0,1.0
200794,Paul Millsap,1610612743,DEN,34.0,28.03333333333333,4,6,0.667,2,3,0.667,0,0,0.0,0,1,1,6,1,1,1,0,2,1,10,12,0.031,162.2,131.1,0.087,0.048,7.7,55,0.0,0.833,77.05,150.9,90.17,6.0,0.231,92.46,134.0,46.2,16.9,31.1,0.129,0.833,0.121,7.7,7.0,0.0,0.261,15.0,23.0,0.261,0.0,21.0,6.0,0.0,0.0,0.0,0.0,0.0,0.0,0.0,0.0,0.0,0.0,0.0,0.0,0.0,0.0,0.0,0.0,0.0,2.0,4.0,32.0,0.9,2.0,0.5,1.63,0.0,1.0,20.0,0.313,0.47,0.0,9.6,5.0,9.6,1.0,0.0,0.143,1.0,0.0,0.0,0.2,7.0,0.0,0.0,1.0,1.0,0.0,0.0,0.0,0.167,2.0,0.2,0.0,0.0,0.0,0.0,0.167,0.0,0.0,0.0,0.0,1.0,0.0,0.167,0.0,1.0,,2.0,0.333,0.0,1.0,0.0,2.0,0.333,2.0,1.0,,2.0,1.0,0.0,,,,,,,,,,,,,,0.5,2.0,0.0,0.0,3.0,0.5,,0.667,1.0,0.0,3.0,0.667,2.0,0.0,0.0,0.0,,,,0.0,0.0,0.0,1.0,4.0,0.0,0.833,0.667,1.0,6.0,2.0,1.0,0.0,0.0,1.0,0.0,1.0,2.0,0.5,0.0,1.0,0.0,0.0,0.0,2.0,1.0,1.0,1.0,0.0,1.0,0.0,0.0,0.0,2.0,1.0,190.0,130.0,0.376,0.684,0.621,0.064,0.0,0.0,0.0,0.667,,0.0,0.0,0.0,0.0,2.0,0.0,0.0,0.0,0.0,0.0,0.0,0.0,3.0,3.0,0.0,0.667,,,2.0,0.0,0.0,0.0,3.0,0.667,3.0,2.0,1.0,2.0,2019,21800774,20190201.0,2018-19,False,1.0,8.0,15.0,0.533,0.436,0.098,5.0,11.0,0.455,0.363,3.0,4.0,0.75,0.539,3.0,4.0,0.75,0.551,5.0,11.0,0.455,0.373,0.0,1.0,0.0,0.0,0.0,0.0,0.0,0.0,0.0,0.0,0.0,0.0,0.0,0.0,14.0,6.0,8.0,3.0,0.0,1.0,3.0,0.0,0.0,0.0,0.0,0.0,2.0,1.0,3.0,0.0,0.0,0.667,0.333,0.0,0.0
200794,Paul Millsap,1610612743,DEN,34.0,35.483333333333334,3,10,0.3,0,4,0.0,3,4,0.75,2,5,7,0,1,0,0,2,3,4,9,12,0.09,108.4,90.7,0.026,0.119,7.7,66,0.056,0.383,75.53,110.6,91.07,0.0,0.0,90.63,89.7,0.0,20.9,17.7,0.167,0.3,0.169,7.8,3.0,0.0,0.0,0.0,25.0,0.0,0.0,19.0,0.0,0.0,2.0,1.2,2.0,0.2,0.0,0.0,2.0,2.0,0.0,0.0,5.0,1.0,1.0,1.0,0.0,6.0,3.0,2.0,39.0,1.5,1.0,1.0,2.29,0.0,2.0,22.0,0.231,1.28,1.0,5.3,11.0,4.5,4.0,3.0,0.412,3.0,0.0,0.333,0.625,17.0,0.0,2.0,6.0,0.0,1.0,0.333,0.2,0.5,6.0,0.455,0.143,7.2,,,,,,,,,,,,,,3.0,0.375,0.0,0.667,0.0,2.0,0.375,3.0,0.667,,2.0,0.667,0.0,1.0,0.0,1.0,0.0,0.125,1.0,1.0,1.0,0.0,0.125,1.0,1.0,,0.5,0.0,0.0,0.0,4.0,0.5,,0.0,0.0,0.0,4.0,0.0,0.0,1.0,0.0,2.0,1.0,1.0,,0.0,1.0,0.0,1.0,3.0,0.0,0.3,0.0,1.0,0.0,2.0,0.0,0.0,1.0,0.0,0.5,2.0,3.0,0.0,0.0,0.0,0.0,0.0,1.0,1.0,0.0,1.0,0.0,0.0,1.0,0.0,1.0,1.0,3.0,0.333,30.0,19.0,0.294,0.633,0.642,-0.009,1.0,0.0,,0.25,,,0.0,2.0,0.0,1.0,0.0,1.0,,0.0,1.0,0.0,1.0,2.0,4.0,1.0,0.0,,,0.0,1.0,0.0,0.0,4.0,0.0,4.0,0.0,0.0,0.0,2019,41800157,20190427.0,2018-19,True,1.0,8.0,20.0,0.4,0.49,-0.09,1.0,3.0,0.333,0.38,7.0,17.0,0.412,0.513,5.0,9.0,0.556,0.558,2.0,8.0,0.25,0.418,0.0,1.0,0.0,0.0,0.0,0.0,1.0,0.5,0.0,0.0,0.0,0.0,0.0,0.0,11.0,10.0,1.0,1.0,0.0,2.0,4.0,1.0,1.0,2.0,0.5,0.5,0.0,3.0,3.0,3.0,1.0,0.0,1.0,1.0,0.333
200794,Paul Millsap,1610612743,DEN,34.0,23.08333333333333,6,10,0.6,1,3,0.333,0,1,0.0,1,4,5,2,2,3,0,1,2,2,13,-5,0.109,85.4,100.1,0.159,0.182,14.3,50,0.042,0.623,85.78,88.0,104.47,1.0,0.154,102.93,100.0,14.3,-12.0,-14.7,0.224,0.65,0.214,13.9,5.0,0.0,0.091,4.0,22.0,0.091,0.0,18.0,2.0,0.0,2.0,2.0,2.0,0.0,0.0,0.0,0.0,0.0,0.0,0.0,2.0,0.0,0.0,1.0,0.0,4.0,1.0,3.0,34.0,1.3,0.0,0.667,2.31,2.0,1.0,21.0,0.382,1.09,3.0,3.9,7.0,3.3,2.0,0.0,0.417,1.0,1.0,0.2,0.571,12.0,1.0,0.0,2.0,1.0,2.0,0.25,0.5,0.455,5.0,0.571,0.6,6.1,1.0,0.0,0.1,0.0,0.0,1.0,1.0,1.0,1.0,0.1,1.0,1.0,,6.0,0.6,0.0,0.667,0.0,4.0,0.6,6.0,0.667,,4.0,0.667,0.0,,,,,,,,,,,,,,0.3,1.0,0.0,0.0,3.0,0.3,,0.333,0.5,0.0,3.0,0.333,1.0,0.0,0.0,0.0,,,,0.0,0.0,2.0,0.0,0.0,1.0,0.65,0.333,0.5,3.0,2.0,1.0,0.0,0.0,1.0,0.5,2.0,2.0,0.0,0.0,1.0,0.0,0.0,1.0,4.0,1.0,1.0,0.0,0.0,1.0,0.0,0.0,0.0,5.0,0.8,48.0,33.0,0.425,0.688,0.635,0.052,0.0,0.0,,0.8,0.0,,0.0,1.0,0.0,4.0,0.0,0.5,,0.0,0.0,0.0,1.0,2.0,5.0,2.0,0.5,0.0,0.0,1.0,0.0,0.0,0.0,3.0,0.333,3.0,1.0,0.5,1.0,2019,21800131,20181103.0,2018-19,False,1.0,6.0,11.0,0.545,0.437,0.109,3.0,6.0,0.5,0.32,3.0,5.0,0.6,0.483,3.0,3.0,1.0,0.521,3.0,7.0,0.429,0.339,1.0,1.0,0.0,0.0,0.0,2.0,0.0,0.0,0.0,0.0,0.0,0.0,0.0,0.0,9.0,3.0,6.0,3.0,1.0,2.0,4.0,1.0,1.0,2.0,0.5,0.5,2.0,4.0,6.0,5.0,2.0,0.333,0.667,0.833,0.333
200794,Paul Millsap,1610612743,DEN,34.0,24.596666666666668,8,13,0.615,1,2,0.5,1,1,1.0,3,6,9,5,1,4,2,1,2,1,18,35,0.176,145.2,79.9,0.239,0.188,5.3,55,0.158,0.67,87.82,141.8,104.95,5.0,0.227,105.38,81.1,26.3,60.7,65.3,0.238,0.654,0.222,5.1,5.0,0.0,0.156,11.0,32.0,0.156,0.0,29.0,5.0,0.0,2.0,0.667,1.0,0.0,0.0,0.0,0.0,0.0,0.0,0.333,3.0,0.0,0.0,0.5,1.0,2.0,2.0,6.0,48.0,2.0,0.0,1.333,2.47,2.0,1.0,33.0,0.375,1.77,4.0,10.8,8.0,12.5,4.0,0.0,0.75,0.0,0.667,0.75,0.75,12.0,2.0,1.0,5.0,0.0,2.0,0.75,0.333,0.75,4.0,0.75,0.444,7.3,0.0,0.0,0.077,0.0,0.0,0.0,0.0,1.0,0.0,0.077,0.0,1.0,,7.0,0.538,0.0,0.714,0.0,5.0,0.538,7.0,0.714,,5.0,0.714,0.0,3.0,0.0,0.667,0.0,0.231,2.0,2.0,0.667,0.0,0.231,3.0,0.667,,0.154,1.0,0.0,0.0,2.0,0.154,,0.5,0.75,0.0,2.0,0.5,1.0,1.0,0.0,2.0,0.5,0.5,,0.0,2.0,2.0,0.0,0.0,1.0,0.654,0.667,0.8,5.0,8.0,0.0,0.0,0.667,0.0,0.0,1.0,1.0,1.0,0.0,0.0,0.0,0.0,0.0,5.0,0.0,1.0,1.0,0.0,1.0,0.0,3.0,2.0,7.0,0.714,74.0,50.0,0.398,0.676,0.633,0.043,0.0,1.0,,0.714,,,0.0,1.0,1.0,5.0,0.0,0.5,,0.0,0.0,1.0,1.0,2.0,7.0,2.0,0.0,,,0.0,0.0,1.0,1.0,3.0,0.5,2.0,1.0,0.833,2.0,2019,21800214,20181115.0,2018-19,False,1.0,6.0,18.0,0.333,0.424,-0.091,3.0,12.0,0.25,0.353,3.0,6.0,0.5,0.489,1.0,2.0,0.5,0.529,5.0,14.0,0.357,0.364,1.0,1.0,0.0,0.0,0.0,2.0,0.0,0.0,0.0,0.0,0.0,0.0,0.0,0.0,18.0,7.0,11.0,5.0,0.0,2.0,5.0,2.0,2.0,4.0,0.5,0.5,1.0,5.0,6.0,3.0,2.0,0.167,0.833,1.0,0.667
200794,Paul Millsap,1610612743,DEN,34.0,40.016666666666666,2,10,0.2,1,3,0.333,5,6,0.833,2,11,13,5,3,1,1,0,2,3,10,14,0.126,100.1,88.8,0.121,0.183,14.3,83,0.047,0.396,81.97,101.2,97.62,1.67,0.161,98.36,86.4,23.8,14.8,11.3,0.168,0.25,0.168,14.5,8.0,0.0,0.114,11.0,44.0,0.114,0.0,41.0,5.0,2.0,2.0,0.4,0.0,0.2,0.4,0.0,2.0,2.0,0.0,0.0,5.0,1.0,1.0,0.0,0.0,2.0,6.0,6.0,60.0,2.2,0.333,0.333,2.22,0.0,1.0,43.0,0.167,1.32,2.0,7.9,13.0,7.5,10.0,0.0,0.619,0.0,0.5,0.25,0.846,21.0,1.0,1.0,11.0,0.0,1.0,0.25,0.091,0.619,8.0,0.846,0.154,10.0,0.0,0.0,0.1,0.0,0.0,0.0,0.0,1.0,0.0,0.1,0.0,1.0,,5.0,0.5,0.0,0.2,0.0,1.0,0.5,5.0,0.2,,1.0,0.2,0.0,3.0,2.0,0.5,1.0,0.3,1.0,0.0,0.0,0.2,0.1,1.0,0.333,0.5,0.1,0.0,0.0,0.0,1.0,0.1,,0.0,0.0,0.0,1.0,0.0,0.0,0.0,0.0,0.0,0.0,0.0,,0.0,2.0,0.0,0.333,2.0,0.0,0.25,0.333,0.333,3.0,2.0,0.0,0.0,0.0,0.0,0.2,5.0,3.0,0.333,0.0,0.0,0.0,0.0,1.0,0.0,0.0,0.0,1.0,0.0,0.0,0.0,1.0,0.0,1.0,0.0,303.0,196.0,0.385,0.647,0.622,0.025,0.0,1.0,,0.0,0.0,,0.0,1.0,0.333,0.0,0.0,0.0,,0.0,0.0,1.0,0.0,2.0,1.0,3.0,0.0,0.0,0.0,0.0,0.0,1.0,3.0,3.0,0.333,3.0,1.0,0.5,1.0,2019,21801115,20190326.0,2018-19,False,1.0,8.0,34.0,0.235,0.447,-0.212,5.0,13.0,0.385,0.364,3.0,21.0,0.143,0.51,2.0,18.0,0.111,0.547,6.0,16.0,0.375,0.366,0.0,1.0,0.0,0.0,0.0,0.0,0.0,0.0,0.0,0.0,0.0,0.0,0.0,0.0,17.0,10.0,7.0,3.0,0.0,5.0,10.0,1.0,0.0,1.0,1.0,0.0,0.0,1.0,1.0,0.0,0.0,0.0,1.0,0.0,0.0
200794,Paul Millsap,1610612743,DEN,34.0,24.816666666666663,4,10,0.4,2,4,0.5,4,5,0.8,2,4,6,1,1,0,0,1,2,4,14,31,0.125,133.2,68.6,0.123,0.143,7.1,46,0.1,0.574,74.14,137.0,90.83,1.0,0.056,88.97,69.6,7.1,67.4,64.6,0.252,0.5,0.245,7.0,2.0,0.0,0.05,3.0,20.0,0.05,0.0,21.0,1.0,0.0,3.0,0.0,0.0,0.0,0.0,0.0,0.0,0.0,0.0,0.0,3.0,0.0,0.0,0.0,0.0,0.0,1.0,4.0,35.0,1.2,0.0,0.0,2.0,0.0,0.0,24.0,0.4,0.97,1.0,7.4,6.0,5.6,4.0,0.0,0.6,0.0,0.5,0.5,0.667,10.0,1.0,1.0,5.0,0.0,0.0,0.5,0.0,0.6,4.0,0.667,0.167,10.8,0.5,0.0,0.2,0.0,0.0,1.0,1.0,2.0,0.5,0.2,0.5,2.0,,2.0,0.2,1.0,0.5,0.1,1.0,0.3,3.0,0.333,0.0,1.0,0.333,0.0,2.0,0.0,0.0,0.0,0.2,0.0,0.0,0.0,0.0,0.2,2.0,0.0,,0.3,2.0,0.0,0.0,3.0,0.3,,0.667,1.0,0.0,3.0,0.667,2.0,0.0,0.0,0.0,0.0,0.0,,0.0,1.0,0.0,0.0,0.0,0.0,0.5,0.5,0.0,6.0,0.0,0.0,0.0,0.0,0.0,0.333,3.0,4.0,0.5,0.0,0.0,0.0,0.0,1.0,1.0,0.0,0.0,2.0,0.0,0.0,0.0,0.0,0.0,3.0,0.333,22.0,15.0,0.319,0.682,0.647,0.035,0.0,0.0,0.0,0.333,,0.0,0.0,1.0,0.0,1.0,0.0,0.333,0.0,0.0,0.0,0.0,1.0,3.0,3.0,3.0,0.667,,,2.0,0.0,0.0,0.0,4.0,0.5,4.0,2.0,0.75,2.0,2019,41800155,20190423.0,2018-19,True,1.0,4.0,11.0,0.364,0.512,-0.148,,,,,4.0,11.0,0.364,0.531,2.0,6.0,0.333,0.588,1.0,1.0,1.0,0.39,0.0,0.0,0.0,0.0,0.0,0.0,0.0,0.0,0.0,0.0,0.0,0.0,0.0,0.0,3.0,3.0,0.0,0.0,0.0,1.0,3.0,1.0,0.0,1.0,1.0,0.0,0.0,1.0,1.0,1.0,0.0,0.0,1.0,1.0,0.0
200794,Paul Millsap,1610612743,DEN,34.0,29.675,7,10,0.7,1,1,1.0,5,7,0.714,2,5,7,1,1,1,1,0,4,4,20,25,0.13,138.9,101.4,0.145,0.172,6.7,59,0.08,0.765,79.53,142.4,95.95,1.0,0.04,95.43,100.0,6.7,42.4,37.4,0.215,0.75,0.215,6.6,2.0,0.0,0.125,2.0,16.0,0.063,1.0,16.0,2.0,1.0,4.0,0.667,2.0,0.0,0.167,0.0,0.0,0.0,0.0,0.167,6.0,0.0,0.0,0.5,1.0,4.0,1.0,4.0,30.0,1.4,2.0,1.5,2.75,1.167,6.0,19.0,0.667,1.8,2.0,4.5,6.0,5.3,3.0,0.0,0.778,0.0,0.0,0.667,0.833,9.0,0.0,2.0,5.0,0.0,2.0,0.667,0.4,0.778,3.0,0.833,0.286,2.5,0.667,0.0,0.3,0.0,0.0,2.0,2.0,3.0,0.667,0.3,0.667,3.0,,3.0,0.3,0.0,1.0,0.0,3.0,0.3,3.0,1.0,,3.0,1.0,0.0,2.0,0.0,0.5,0.0,0.2,1.0,1.0,0.5,0.0,0.2,2.0,0.5,,0.2,1.0,0.0,0.1,1.0,0.1,0.0,1.0,0.75,1.0,2.0,0.5,1.0,0.0,0.0,0.0,0.0,0.0,,0.0,1.0,7.0,1.0,2.0,1.0,0.75,0.5,1.0,3.0,6.0,0.0,0.0,0.0,0.0,1.0,1.0,1.0,1.0,0.0,0.0,0.0,0.0,1.0,5.0,0.0,0.0,1.0,0.0,0.0,0.0,2.0,0.0,6.0,0.833,7.0,4.0,0.28,0.571,0.653,-0.081,1.0,1.0,0.0,0.857,,0.0,0.0,1.0,0.0,6.0,0.0,0.0,0.0,0.0,0.0,1.0,0.0,0.0,7.0,0.0,0.0,,,0.0,0.0,0.0,1.0,2.0,1.0,1.0,1.0,0.75,1.0,2019,41800152,20190416.0,2018-19,True,1.0,6.0,14.0,0.429,0.502,-0.073,0.0,4.0,0.0,0.41,6.0,10.0,0.6,0.544,4.0,6.0,0.667,0.602,2.0,8.0,0.25,0.418,2.0,2.0,3.0,5.0,0.6,1.167,2.0,0.333,0.0,0.0,0.0,0.0,2.0,0.333,9.0,5.0,4.0,1.0,0.0,0.0,0.0,0.0,1.0,1.0,0.0,1.0,1.0,2.0,3.0,2.0,1.0,0.333,0.667,1.0,0.5
200794,Paul Millsap,1610612743,DEN,34.0,27.966666666666665,7,12,0.583,0,2,0.0,5,7,0.714,0,6,6,3,2,0,1,1,4,6,19,6,0.146,143.0,131.2,0.11,0.273,10.0,59,0.0,0.63,83.67,139.0,98.93,1.5,0.143,100.41,131.0,15.0,7.9,11.7,0.283,0.583,0.274,10.0,2.0,0.0,0.174,8.0,23.0,0.13,1.0,27.0,4.0,0.0,2.0,1.333,1.0,0.333,0.0,0.0,2.0,2.0,0.0,0.0,3.0,1.0,1.0,0.5,0.0,4.0,2.0,4.0,43.0,1.9,0.0,0.5,2.67,0.667,9.0,27.0,0.442,1.7,2.0,5.8,9.0,5.8,4.0,0.0,0.545,0.0,0.0,0.0,0.667,11.0,0.0,0.0,4.0,0.0,2.0,0.0,0.333,0.545,2.0,0.667,0.333,0.0,,,,,,,,,,,,,,5.0,0.455,1.0,1.0,0.091,5.0,0.545,6.0,0.833,0.0,5.0,0.833,0.0,5.0,1.0,0.4,0.0,0.455,2.0,2.0,0.5,0.091,0.364,4.0,0.4,0.0,,,,,,,,,,,,,,2.0,0.0,4.0,1.0,1.0,,0.0,2.0,6.0,0.0,0.0,0.75,0.583,0.0,0.5,0.0,2.0,0.0,,1.0,0.0,0.25,4.0,1.0,0.0,0.0,0.0,0.0,0.0,1.0,5.0,0.0,1.0,0.0,,1.0,,1.0,1.0,5.0,1.0,38.0,25.0,0.333,0.658,0.627,0.031,0.0,0.0,,1.0,,,,0.0,1.0,5.0,,0.25,,,0.0,0.0,1.0,2.0,5.0,4.0,0.0,,,0.0,0.0,1.0,1.0,2.0,0.0,2.0,0.0,0.0,0.0,2019,41800231,20190429.0,2018-19,True,1.0,8.0,12.0,0.667,0.464,0.203,0.0,2.0,0.0,0.333,8.0,10.0,0.8,0.512,8.0,10.0,0.8,0.545,0.0,2.0,0.0,0.327,3.0,4.0,0.0,0.0,0.0,0.667,3.0,0.333,2.0,0.222,1.0,0.111,0.0,0.0,6.0,5.0,1.0,2.0,0.0,0.0,0.0,0.0,0.0,0.0,0.0,0.0,0.0,2.0,2.0,1.0,1.0,0.0,1.0,1.0,1.0
200794,Paul Millsap,1610612743,DEN,34.0,39.25,4,15,0.267,1,3,0.333,8,8,1.0,2,4,6,1,0,3,1,0,2,5,17,1,0.073,126.5,116.5,0.086,0.1,0.0,77,0.048,0.459,77.96,123.4,95.24,0.0,0.043,93.55,123.7,5.0,-0.3,10.0,0.213,0.3,0.211,0.0,6.0,0.0,0.026,3.0,38.0,0.026,0.0,39.0,1.0,0.0,4.0,0.0,0.0,0.0,0.0,0.0,0.0,0.0,0.0,0.0,4.0,0.0,0.0,0.0,0.0,0.0,1.0,4.0,58.0,2.2,2.0,1.5,2.28,0.5,12.0,39.0,0.293,1.24,2.0,3.3,10.0,3.6,3.0,0.0,0.353,1.0,1.0,0.286,0.4,17.0,2.0,0.0,3.0,1.0,0.0,0.333,0.0,0.375,7.0,0.4,0.333,2.9,0.2,0.0,0.333,0.0,0.0,1.0,1.0,5.0,0.2,0.333,0.2,5.0,,2.0,0.133,0.0,0.0,0.0,0.0,0.133,2.0,0.0,,0.0,0.0,0.0,5.0,1.0,0.4,0.0,0.333,2.0,2.0,0.5,0.067,0.267,4.0,0.4,0.0,0.2,1.0,0.0,0.067,2.0,0.133,0.0,0.5,0.5,1.0,3.0,0.333,1.0,0.0,0.0,0.0,0.0,0.0,,0.0,1.0,6.0,0.0,2.0,0.286,0.3,0.333,0.0,3.0,6.0,0.0,0.0,0.0,0.0,0.167,6.0,3.0,0.333,0.0,0.0,0.0,0.0,1.0,2.0,0.0,0.0,1.0,0.0,0.0,0.0,1.0,0.0,5.0,0.4,67.0,42.0,0.362,0.627,0.61,0.017,0.0,0.333,,0.4,0.0,,0.0,3.0,0.0,2.0,0.0,0.167,,0.0,0.0,1.0,1.0,0.0,5.0,6.0,0.0,0.0,0.0,0.0,0.0,0.0,1.0,3.0,0.333,3.0,1.0,0.5,1.0,2019,41800236,20190509.0,2018-19,True,1.0,6.0,12.0,0.5,0.46,0.04,1.0,4.0,0.25,0.342,5.0,8.0,0.625,0.513,4.0,5.0,0.8,0.547,1.0,5.0,0.2,0.353,2.0,7.0,2.0,2.0,1.0,0.5,3.0,0.25,0.0,0.0,0.0,0.0,1.0,0.083,8.0,5.0,3.0,5.0,0.0,3.0,7.0,0.0,0.0,0.0,0.0,0.0,2.0,2.0,4.0,0.0,0.0,0.5,0.5,0.0,0.0
200794,Paul Millsap,1610612743,DEN,34.0,31.066666666666663,3,13,0.231,0,1,0.0,7,9,0.778,6,9,15,3,1,0,0,3,2,5,13,2,0.203,98.9,99.2,0.113,0.257,4.8,64,0.154,0.383,82.4,101.6,99.81,3.0,0.13,98.88,98.4,14.3,3.1,-0.3,0.24,0.231,0.237,4.8,4.0,0.0,0.093,6.0,43.0,0.07,1.0,38.0,4.0,0.0,4.0,0.4,0.0,0.2,0.0,0.0,2.0,2.0,0.0,0.0,5.0,1.0,1.0,0.0,0.0,2.0,2.0,8.0,65.0,2.3,0.0,0.5,2.14,2.0,1.0,43.0,0.2,0.98,7.0,5.1,15.0,6.2,8.0,1.0,0.625,1.0,0.833,0.5,0.643,24.0,5.0,1.0,9.0,0.0,2.0,0.5,0.222,0.652,12.0,0.6,0.467,3.1,0.0,0.0,0.154,0.0,0.0,0.0,0.0,2.0,0.0,0.154,0.0,2.0,,8.0,0.615,0.0,0.25,0.0,2.0,0.615,8.0,0.25,,2.0,0.25,0.0,3.0,1.0,0.333,0.0,0.231,1.0,1.0,0.5,0.077,0.154,2.0,0.333,0.0,,,,,,,,,,,,,,0.0,1.0,0.0,0.0,0.0,0.0,0.0,1.0,2.0,0.0,0.0,0.0,0.231,0.0,0.4,0.0,4.0,0.0,0.0,0.0,0.0,0.0,2.0,1.0,0.0,0.0,0.0,0.0,0.0,0.0,3.0,0.0,0.0,0.0,0.0,0.0,0.0,0.0,0.0,10.0,0.3,318.0,207.0,0.387,0.651,0.622,0.029,0.0,0.0,0.0,0.273,,0.0,0.0,1.0,0.0,3.0,0.0,0.0,0.0,0.0,0.0,0.0,0.0,0.0,11.0,1.0,0.0,,,0.0,0.0,0.0,0.0,0.0,,0.0,0.0,,0.0,2019,21801148,20190331.0,2018-19,False,1.0,5.0,11.0,0.455,0.472,-0.017,0.0,1.0,0.0,0.388,5.0,10.0,0.5,0.529,4.0,7.0,0.571,0.622,0.0,3.0,0.0,0.341,0.0,0.0,2.0,2.0,1.0,2.0,0.0,0.0,0.0,0.0,0.0,0.0,1.0,1.0,5.0,4.0,1.0,0.0,0.0,0.0,0.0,1.0,1.0,2.0,0.5,0.5,0.0,2.0,2.0,1.0,1.0,0.0,1.0,1.0,1.0
200794,Paul Millsap,1610612743,DEN,34.0,21.766666666666666,3,8,0.375,0,3,0.0,1,3,0.333,1,0,1,3,1,0,2,0,3,3,7,-2,0.024,126.4,126.6,0.004,0.0,7.7,44,0.048,0.376,81.78,129.5,101.09,3.0,0.15,98.13,131.1,23.1,-1.6,-0.2,0.202,0.375,0.2,7.5,6.0,0.0,0.125,9.0,24.0,0.125,0.0,27.0,3.0,0.0,1.0,0.0,0.0,0.0,0.0,0.0,0.0,0.0,0.0,0.0,1.0,0.0,0.0,0.0,0.0,0.0,3.0,2.0,36.0,1.5,0.0,1.0,2.45,2.0,2.0,26.0,0.194,0.75,1.0,1.3,3.0,0.0,0.0,0.0,0.143,0.0,1.0,0.25,0.0,7.0,1.0,0.0,0.0,0.0,0.0,0.25,0.0,0.143,4.0,0.0,1.0,1.3,,,,,,,,,,,,,,3.0,0.375,0.0,1.0,0.0,3.0,0.375,3.0,1.0,,3.0,1.0,0.0,3.0,1.0,0.0,0.0,0.375,0.0,0.0,0.0,0.125,0.25,2.0,0.0,0.0,0.25,0.0,0.0,0.0,2.0,0.25,,0.0,0.0,0.0,2.0,0.0,0.0,1.0,1.0,2.0,0.333,0.333,0.0,0.0,3.0,4.0,0.0,0.0,1.0,0.375,0.0,1.0,0.0,2.0,0.0,0.0,0.0,0.0,0.5,2.0,2.0,0.0,1.0,0.0,0.0,0.0,1.0,2.0,0.0,0.0,0.0,0.0,1.0,0.0,1.0,0.0,2.0,1.0,75.0,51.0,0.383,0.68,0.633,0.047,1.0,0.0,,1.0,0.0,,0.0,2.0,0.0,2.0,0.0,0.5,,0.0,0.0,0.0,1.0,1.0,2.0,2.0,0.0,0.0,0.0,0.0,0.0,0.0,0.0,2.0,0.0,2.0,0.0,0.0,0.0,2019,21800228,20181117.0,2018-19,False,1.0,4.0,10.0,0.4,0.462,-0.062,2.0,3.0,0.667,0.348,2.0,7.0,0.286,0.528,2.0,2.0,1.0,0.626,2.0,6.0,0.333,0.363,2.0,2.0,0.0,0.0,0.0,2.0,0.0,0.0,0.0,0.0,0.0,0.0,0.0,0.0,9.0,6.0,3.0,0.0,0.0,2.0,5.0,1.0,0.0,1.0,1.0,0.0,0.0,4.0,4.0,1.0,0.0,0.0,1.0,1.0,0.0
200794,Paul Millsap,1610612743,DEN,34.0,20.916666666666668,0,2,0.0,0,1,0.0,0,0,0.0,1,2,3,2,1,0,0,1,2,0,0,-2,0.077,126.6,126.7,-0.005,0.111,20.0,42,0.048,0.0,81.27,121.4,94.23,2.0,0.111,97.53,123.3,40.0,-1.8,-0.1,0.062,0.0,0.06,20.0,4.0,1.0,0.235,5.0,17.0,0.118,1.0,8.0,4.0,0.0,0.0,0.0,0.0,0.0,0.0,0.0,0.0,0.0,0.0,0.0,0.0,0.0,0.0,0.0,0.0,0.0,0.0,1.0,21.0,0.7,0.0,0.0,1.88,0.0,1.0,11.0,0.0,1.0,1.0,6.5,3.0,6.8,2.0,0.0,0.5,0.0,1.0,0.333,0.667,6.0,1.0,0.0,2.0,0.0,0.0,0.333,0.0,0.5,3.0,0.667,0.333,5.9,,,,,,,,,,,,,,1.0,0.5,0.0,0.0,0.0,0.0,0.5,1.0,0.0,,0.0,0.0,0.0,1.0,1.0,0.0,0.0,0.5,0.0,0.0,,0.5,0.0,0.0,0.0,0.0,,,,,,,,,,,,,,0.0,0.0,0.0,,,,0.0,0.0,0.0,0.0,0.0,0.0,0.0,0.0,0.0,0.0,0.0,0.0,0.0,0.0,,0.0,1.0,1.0,0.0,0.0,0.0,0.0,0.0,0.0,0.0,,,0.0,0.0,0.0,0.0,0.0,0.0,0.0,0.0,196.0,134.0,0.375,0.684,0.62,0.064,0.0,0.0,,0.0,,,0.0,0.0,0.0,0.0,0.0,0.0,,0.0,0.0,0.0,0.0,1.0,1.0,0.0,0.0,,,0.0,0.0,0.0,0.0,1.0,0.0,1.0,0.0,0.0,0.0,2019,21800783,20190202.0,2018-19,False,1.0,8.0,18.0,0.444,0.467,-0.023,2.0,7.0,0.286,0.368,6.0,11.0,0.545,0.503,5.0,8.0,0.625,0.563,3.0,10.0,0.3,0.376,0.0,0.0,0.0,0.0,0.0,0.0,1.0,1.0,0.0,0.0,0.0,0.0,0.0,0.0,8.0,3.0,5.0,1.0,0.0,0.0,0.0,0.0,0.0,0.0,0.0,0.0,0.0,3.0,3.0,2.0,0.0,0.0,1.0,1.0,0.0
200794,Paul Millsap,1610612743,DEN,34.0,23.96,5,8,0.625,0,0,0.0,4,4,1.0,1,6,7,2,2,2,2,0,3,2,14,9,0.152,110.6,95.7,0.177,0.261,14.3,47,0.043,0.717,78.46,117.0,97.96,1.0,0.133,94.16,97.9,14.3,19.1,14.9,0.219,0.625,0.222,14.5,3.0,0.0,0.074,5.0,27.0,0.074,0.0,24.0,2.0,0.0,2.0,1.0,1.0,0.25,0.0,0.0,2.0,2.0,0.0,0.25,4.0,1.0,1.0,0.5,1.0,4.0,2.0,6.0,38.0,1.8,0.0,1.0,2.78,0.667,3.0,23.0,0.368,2.24,1.0,6.0,10.0,5.8,5.0,2.0,0.538,2.0,0.0,0.25,0.75,13.0,0.0,1.0,6.0,0.0,1.0,0.25,0.167,0.636,4.0,0.6,0.143,7.3,,,,,,,,,,,,,,5.0,0.625,0.0,0.6,0.0,3.0,0.625,5.0,0.6,,3.0,0.6,0.0,3.0,0.0,0.667,0.0,0.375,2.0,2.0,0.667,0.0,0.375,3.0,0.667,,,,,,,,,,,,,,,0.0,,0.0,0.0,0.0,,,1.0,2.0,0.0,0.0,0.5,0.625,0.0,0.75,0.0,6.0,0.0,0.0,0.0,0.0,0.5,2.0,0.0,0.0,0.0,0.0,0.0,0.0,1.0,4.0,0.0,0.0,0.0,0.0,0.0,0.0,1.0,0.0,5.0,0.8,91.0,62.0,0.392,0.681,0.638,0.043,1.0,0.0,,0.667,0.0,,0.0,0.0,0.0,4.0,0.0,1.0,,0.0,0.0,0.0,1.0,0.0,6.0,1.0,0.0,0.0,0.0,0.0,0.0,0.0,0.0,0.0,,,,,0.0,2019,21800276,20181123.0,2018-19,False,1.0,3.0,5.0,0.6,0.456,0.144,1.0,2.0,0.5,0.386,2.0,3.0,0.667,0.503,2.0,3.0,0.667,0.563,1.0,2.0,0.5,0.384,1.0,2.0,0.0,0.0,0.0,0.667,0.0,0.0,0.0,0.0,1.0,0.333,0.0,0.0,5.0,3.0,2.0,2.0,0.0,1.0,3.0,0.0,0.0,0.0,0.0,0.0,0.0,0.0,0.0,0.0,0.0,0.0,0.0,0.0,0.0
200794,Paul Millsap,1610612743,DEN,34.0,29.675,7,10,0.7,1,1,1.0,5,7,0.714,2,5,7,1,1,1,1,0,4,4,20,25,0.13,138.9,101.4,0.145,0.172,6.7,59,0.08,0.765,79.53,142.4,95.95,1.0,0.04,95.43,100.0,6.7,42.4,37.4,0.215,0.75,0.215,6.6,2.0,0.0,0.125,2.0,16.0,0.063,1.0,16.0,2.0,1.0,4.0,0.667,2.0,0.0,0.167,0.0,0.0,0.0,0.0,0.167,6.0,0.0,0.0,0.5,1.0,4.0,1.0,4.0,30.0,1.4,2.0,1.5,2.75,1.167,6.0,19.0,0.667,1.8,2.0,4.5,6.0,5.3,3.0,0.0,0.778,0.0,0.0,0.667,0.833,9.0,0.0,2.0,5.0,0.0,2.0,0.667,0.4,0.778,3.0,0.833,0.286,2.5,0.667,0.0,0.3,0.0,0.0,2.0,2.0,3.0,0.667,0.3,0.667,3.0,,3.0,0.3,0.0,1.0,0.0,3.0,0.3,3.0,1.0,,3.0,1.0,0.0,2.0,0.0,0.5,0.0,0.2,1.0,1.0,0.5,0.0,0.2,2.0,0.5,,0.2,1.0,0.0,0.1,1.0,0.1,0.0,1.0,0.75,1.0,2.0,0.5,1.0,0.0,0.0,0.0,0.0,0.0,,0.0,1.0,7.0,1.0,2.0,1.0,0.75,0.5,1.0,3.0,6.0,0.0,0.0,0.0,0.0,1.0,1.0,1.0,1.0,0.0,0.0,0.0,0.0,1.0,5.0,0.0,0.0,1.0,0.0,0.0,0.0,2.0,0.0,6.0,0.833,7.0,4.0,0.28,0.571,0.653,-0.081,1.0,1.0,0.0,0.857,,0.0,0.0,1.0,0.0,6.0,0.0,0.0,0.0,0.0,0.0,1.0,0.0,0.0,7.0,0.0,0.0,,,0.0,0.0,0.0,1.0,2.0,1.0,1.0,1.0,0.75,1.0,2019,41800152,20190416.0,2018-19,True,1.0,6.0,14.0,0.429,0.502,-0.073,0.0,4.0,0.0,0.41,6.0,10.0,0.6,0.544,4.0,6.0,0.667,0.602,2.0,8.0,0.25,0.418,2.0,2.0,3.0,5.0,0.6,1.167,2.0,0.333,0.0,0.0,0.0,0.0,2.0,0.333,9.0,5.0,4.0,1.0,0.0,0.0,0.0,0.0,1.0,1.0,0.0,1.0,1.0,2.0,3.0,2.0,1.0,0.333,0.667,1.0,0.5
200794,Paul Millsap,1610612743,DEN,34.0,39.25,4,15,0.267,1,3,0.333,8,8,1.0,2,4,6,1,0,3,1,0,2,5,17,1,0.073,126.5,116.5,0.086,0.1,0.0,77,0.048,0.459,77.96,123.4,95.24,0.0,0.043,93.55,123.7,5.0,-0.3,10.0,0.213,0.3,0.211,0.0,6.0,0.0,0.026,3.0,38.0,0.026,0.0,39.0,1.0,0.0,4.0,0.0,0.0,0.0,0.0,0.0,0.0,0.0,0.0,0.0,4.0,0.0,0.0,0.0,0.0,0.0,1.0,4.0,58.0,2.2,2.0,1.5,2.28,0.5,12.0,39.0,0.293,1.24,2.0,3.3,10.0,3.6,3.0,0.0,0.353,1.0,1.0,0.286,0.4,17.0,2.0,0.0,3.0,1.0,0.0,0.333,0.0,0.375,7.0,0.4,0.333,2.9,0.2,0.0,0.333,0.0,0.0,1.0,1.0,5.0,0.2,0.333,0.2,5.0,,2.0,0.133,0.0,0.0,0.0,0.0,0.133,2.0,0.0,,0.0,0.0,0.0,5.0,1.0,0.4,0.0,0.333,2.0,2.0,0.5,0.067,0.267,4.0,0.4,0.0,0.2,1.0,0.0,0.067,2.0,0.133,0.0,0.5,0.5,1.0,3.0,0.333,1.0,0.0,0.0,0.0,0.0,0.0,,0.0,1.0,6.0,0.0,2.0,0.286,0.3,0.333,0.0,3.0,6.0,0.0,0.0,0.0,0.0,0.167,6.0,3.0,0.333,0.0,0.0,0.0,0.0,1.0,2.0,0.0,0.0,1.0,0.0,0.0,0.0,1.0,0.0,5.0,0.4,67.0,42.0,0.362,0.627,0.61,0.017,0.0,0.333,,0.4,0.0,,0.0,3.0,0.0,2.0,0.0,0.167,,0.0,0.0,1.0,1.0,0.0,5.0,6.0,0.0,0.0,0.0,0.0,0.0,0.0,1.0,3.0,0.333,3.0,1.0,0.5,1.0,2019,41800236,20190509.0,2018-19,True,1.0,6.0,12.0,0.5,0.46,0.04,1.0,4.0,0.25,0.342,5.0,8.0,0.625,0.513,4.0,5.0,0.8,0.547,1.0,5.0,0.2,0.353,2.0,7.0,2.0,2.0,1.0,0.5,3.0,0.25,0.0,0.0,0.0,0.0,1.0,0.083,8.0,5.0,3.0,5.0,0.0,3.0,7.0,0.0,0.0,0.0,0.0,0.0,2.0,2.0,4.0,0.0,0.0,0.5,0.5,0.0,0.0
200794,Paul Millsap,1610612743,DEN,34.0,35.483333333333334,3,10,0.3,0,4,0.0,3,4,0.75,2,5,7,0,1,0,0,2,3,4,9,12,0.09,108.4,90.7,0.026,0.119,7.7,66,0.056,0.383,75.53,110.6,91.07,0.0,0.0,90.63,89.7,0.0,20.9,17.7,0.167,0.3,0.169,7.8,3.0,0.0,0.0,0.0,25.0,0.0,0.0,19.0,0.0,0.0,2.0,1.2,2.0,0.2,0.0,0.0,2.0,2.0,0.0,0.0,5.0,1.0,1.0,1.0,0.0,6.0,3.0,2.0,39.0,1.5,1.0,1.0,2.29,0.0,2.0,22.0,0.231,1.28,1.0,5.3,11.0,4.5,4.0,3.0,0.412,3.0,0.0,0.333,0.625,17.0,0.0,2.0,6.0,0.0,1.0,0.333,0.2,0.5,6.0,0.455,0.143,7.2,,,,,,,,,,,,,,3.0,0.375,0.0,0.667,0.0,2.0,0.375,3.0,0.667,,2.0,0.667,0.0,1.0,0.0,1.0,0.0,0.125,1.0,1.0,1.0,0.0,0.125,1.0,1.0,,0.5,0.0,0.0,0.0,4.0,0.5,,0.0,0.0,0.0,4.0,0.0,0.0,1.0,0.0,2.0,1.0,1.0,,0.0,1.0,0.0,1.0,3.0,0.0,0.3,0.0,1.0,0.0,2.0,0.0,0.0,1.0,0.0,0.5,2.0,3.0,0.0,0.0,0.0,0.0,0.0,1.0,1.0,0.0,1.0,0.0,0.0,1.0,0.0,1.0,1.0,3.0,0.333,30.0,19.0,0.294,0.633,0.642,-0.009,1.0,0.0,,0.25,,,0.0,2.0,0.0,1.0,0.0,1.0,,0.0,1.0,0.0,1.0,2.0,4.0,1.0,0.0,,,0.0,1.0,0.0,0.0,4.0,0.0,4.0,0.0,0.0,0.0,2019,41800157,20190427.0,2018-19,True,1.0,8.0,20.0,0.4,0.49,-0.09,1.0,3.0,0.333,0.38,7.0,17.0,0.412,0.513,5.0,9.0,0.556,0.558,2.0,8.0,0.25,0.418,0.0,1.0,0.0,0.0,0.0,0.0,1.0,0.5,0.0,0.0,0.0,0.0,0.0,0.0,11.0,10.0,1.0,1.0,0.0,2.0,4.0,1.0,1.0,2.0,0.5,0.5,0.0,3.0,3.0,3.0,1.0,0.0,1.0,1.0,0.333
200794,Paul Millsap,1610612743,DEN,34.0,34.333333333333336,4,9,0.444,1,5,0.2,3,3,1.0,1,3,4,1,3,0,0,0,3,3,12,-1,0.055,97.5,101.9,0.045,0.088,21.4,68,0.026,0.581,78.64,98.5,94.68,0.33,0.045,94.37,101.5,7.1,-3.0,-4.4,0.171,0.5,0.165,20.9,1.0,1.0,0.111,4.0,18.0,0.056,0.0,21.0,2.0,1.0,2.0,1.0,1.0,0.25,0.25,0.0,2.0,2.0,0.0,0.0,4.0,1.0,1.0,0.5,0.0,4.0,2.0,1.0,33.0,1.2,1.0,2.0,2.27,0.0,3.0,21.0,0.364,1.09,2.0,5.0,4.0,5.7,2.0,0.0,0.333,0.0,1.0,0.125,0.75,12.0,1.0,0.0,2.0,0.0,1.0,0.125,0.333,0.333,8.0,0.75,0.5,2.9,,,,,,,,,,,,,,4.0,0.444,0.0,0.75,0.0,3.0,0.444,4.0,0.75,,3.0,0.75,0.0,1.0,1.0,0.0,0.0,0.111,0.0,0.0,,0.111,0.0,0.0,0.0,0.0,0.444,1.0,0.0,0.0,4.0,0.444,,0.25,0.375,0.0,4.0,0.25,1.0,1.0,1.0,2.0,0.333,0.333,0.0,0.0,3.0,0.0,1.0,2.0,0.0,0.5,0.25,1.0,3.0,2.0,0.5,0.0,0.0,0.5,0.667,3.0,3.0,0.0,0.0,1.0,0.0,0.0,2.0,1.0,1.0,2.0,0.0,0.0,2.0,0.0,0.0,0.0,1.0,1.0,2.0,0.0,0.182,0.0,0.66,-0.66,0.0,0.0,,1.0,0.0,,0.0,0.0,0.0,1.0,0.0,1.0,,0.0,0.0,0.0,2.0,5.0,1.0,2.0,0.2,0.0,0.0,1.0,0.0,0.0,1.0,4.0,0.25,4.0,1.0,0.375,1.0,2019,41800151,20190413.0,2018-19,True,1.0,5.0,11.0,0.455,0.494,-0.04,2.0,3.0,0.667,0.394,3.0,8.0,0.375,0.52,1.0,3.0,0.333,0.589,3.0,7.0,0.429,0.418,0.0,0.0,0.0,0.0,0.0,0.0,1.0,0.333,0.0,0.0,1.0,0.333,0.0,0.0,9.0,7.0,2.0,2.0,0.0,1.0,2.0,0.0,0.0,0.0,0.0,0.0,0.0,2.0,2.0,1.0,0.0,0.0,1.0,1.0,0.0
200794,Paul Millsap,1610612743,DEN,34.0,24.816666666666663,4,10,0.4,2,4,0.5,4,5,0.8,2,4,6,1,1,0,0,1,2,4,14,31,0.125,133.2,68.6,0.123,0.143,7.1,46,0.1,0.574,74.14,137.0,90.83,1.0,0.056,88.97,69.6,7.1,67.4,64.6,0.252,0.5,0.245,7.0,2.0,0.0,0.05,3.0,20.0,0.05,0.0,21.0,1.0,0.0,3.0,0.0,0.0,0.0,0.0,0.0,0.0,0.0,0.0,0.0,3.0,0.0,0.0,0.0,0.0,0.0,1.0,4.0,35.0,1.2,0.0,0.0,2.0,0.0,0.0,24.0,0.4,0.97,1.0,7.4,6.0,5.6,4.0,0.0,0.6,0.0,0.5,0.5,0.667,10.0,1.0,1.0,5.0,0.0,0.0,0.5,0.0,0.6,4.0,0.667,0.167,10.8,0.5,0.0,0.2,0.0,0.0,1.0,1.0,2.0,0.5,0.2,0.5,2.0,,2.0,0.2,1.0,0.5,0.1,1.0,0.3,3.0,0.333,0.0,1.0,0.333,0.0,2.0,0.0,0.0,0.0,0.2,0.0,0.0,0.0,0.0,0.2,2.0,0.0,,0.3,2.0,0.0,0.0,3.0,0.3,,0.667,1.0,0.0,3.0,0.667,2.0,0.0,0.0,0.0,0.0,0.0,,0.0,1.0,0.0,0.0,0.0,0.0,0.5,0.5,0.0,6.0,0.0,0.0,0.0,0.0,0.0,0.333,3.0,4.0,0.5,0.0,0.0,0.0,0.0,1.0,1.0,0.0,0.0,2.0,0.0,0.0,0.0,0.0,0.0,3.0,0.333,22.0,15.0,0.319,0.682,0.647,0.035,0.0,0.0,0.0,0.333,,0.0,0.0,1.0,0.0,1.0,0.0,0.333,0.0,0.0,0.0,0.0,1.0,3.0,3.0,3.0,0.667,,,2.0,0.0,0.0,0.0,4.0,0.5,4.0,2.0,0.75,2.0,2019,41800155,20190423.0,2018-19,True,1.0,4.0,11.0,0.364,0.512,-0.148,,,,,4.0,11.0,0.364,0.531,2.0,6.0,0.333,0.588,1.0,1.0,1.0,0.39,0.0,0.0,0.0,0.0,0.0,0.0,0.0,0.0,0.0,0.0,0.0,0.0,0.0,0.0,3.0,3.0,0.0,0.0,0.0,1.0,3.0,1.0,0.0,1.0,1.0,0.0,0.0,1.0,1.0,1.0,0.0,0.0,1.0,1.0,0.0
200794,Paul Millsap,1610612743,DEN,34.0,48.63333333333333,8,13,0.615,1,2,0.5,0,2,0.0,5,8,13,1,3,3,2,2,3,3,17,-8,0.12,96.9,106.8,0.139,0.14,16.7,90,0.098,0.612,72.38,94.4,86.24,0.33,0.037,86.85,108.1,5.6,-13.7,-9.9,0.161,0.654,0.156,16.8,4.0,0.0,0.029,3.0,35.0,0.029,0.0,24.0,1.0,0.0,3.0,1.0,2.0,0.25,0.0,0.0,2.0,0.0,0.0,0.0,4.0,0.0,1.0,0.667,0.0,4.0,2.0,7.0,53.0,2.0,1.0,0.286,2.3,1.0,6.0,29.0,0.321,1.23,4.0,8.8,14.0,11.0,6.0,1.0,0.464,2.0,0.4,0.357,0.615,28.0,2.0,3.0,9.0,1.0,2.0,0.385,0.25,0.5,14.0,0.571,0.308,5.4,0.333,0.0,0.231,0.0,0.0,1.0,1.0,3.0,0.333,0.231,0.333,3.0,,6.0,0.462,1.0,0.667,0.077,4.0,0.538,7.0,0.571,0.0,4.0,0.571,0.0,2.0,0.0,1.0,0.0,0.154,2.0,2.0,1.0,0.0,0.154,2.0,1.0,,0.077,1.0,0.0,0.0,1.0,0.077,,1.0,1.5,0.0,1.0,1.0,1.0,1.0,0.0,2.0,0.333,0.333,,0.0,3.0,6.0,1.0,2.0,0.75,0.654,0.5,0.5,3.0,2.0,0.5,0.0,0.5,0.0,0.75,4.0,0.0,0.0,2.0,1.0,1.0,0.5,3.0,3.0,0.0,0.0,0.0,0.0,2.0,0.0,2.0,1.0,5.0,0.6,46.0,29.0,0.341,0.63,0.619,0.011,0.0,0.0,0.0,0.667,0.0,0.0,0.0,0.0,0.333,4.0,0.0,1.0,0.0,0.0,0.0,0.0,2.0,2.0,6.0,2.0,0.5,0.0,0.0,1.0,0.0,1.0,3.0,1.0,1.0,1.0,1.0,1.5,1.0,2019,41800233,20190503.0,2018-19,True,1.0,2.0,10.0,0.2,0.434,-0.234,2.0,5.0,0.4,0.365,0.0,5.0,0.0,0.491,0.0,3.0,0.0,0.521,2.0,6.0,0.333,0.362,3.0,4.0,0.0,0.0,0.0,1.0,2.0,0.333,1.0,0.167,0.0,0.0,0.0,0.0,12.0,9.0,3.0,5.0,0.0,1.0,2.0,0.0,3.0,3.0,0.0,1.0,4.0,8.0,12.0,6.0,2.0,0.333,0.667,0.857,0.286
200794,Paul Millsap,1610612743,DEN,34.0,31.65,6,14,0.429,1,3,0.333,1,1,1.0,5,6,11,0,2,2,2,1,2,3,14,-8,0.134,89.2,99.9,0.16,0.182,12.5,61,0.102,0.485,78.36,93.4,97.79,0.0,0.0,94.03,103.2,0.0,-9.7,-10.8,0.208,0.464,0.203,12.2,5.0,0.0,0.0,0.0,25.0,0.0,0.0,22.0,0.0,0.0,2.0,0.0,0.0,0.0,0.0,0.0,0.0,0.0,0.0,0.2,5.0,0.0,0.0,0.0,1.0,0.0,1.0,8.0,45.0,1.8,0.0,0.875,2.43,0.0,3.0,30.0,0.311,1.4,6.0,4.8,12.0,5.6,4.0,2.0,0.5,3.0,0.8,0.455,0.6,22.0,4.0,1.0,5.0,1.0,2.0,0.5,0.333,0.579,11.0,0.5,0.545,3.8,0.25,0.0,0.286,0.0,0.0,1.0,1.0,4.0,0.25,0.286,0.25,4.0,,5.0,0.357,0.0,0.6,0.0,3.0,0.357,5.0,0.6,,3.0,0.6,0.0,3.0,1.0,0.333,0.0,0.214,1.0,1.0,0.5,0.071,0.143,2.0,0.333,0.0,0.143,1.0,0.0,0.0,2.0,0.143,,0.5,0.75,0.0,2.0,0.5,1.0,0.0,0.0,0.0,0.0,0.0,,0.0,1.0,0.0,0.0,0.0,0.0,0.464,0.333,0.75,3.0,7.0,0.0,0.0,0.0,0.0,0.25,4.0,3.0,0.333,0.0,0.0,0.0,0.0,1.0,4.0,0.0,0.0,1.0,0.0,0.0,0.0,1.0,0.0,6.0,0.667,43.0,29.0,0.344,0.674,0.625,0.05,0.0,0.0,,0.571,0.0,,0.0,0.0,0.0,4.0,0.0,0.333,,0.0,0.0,0.0,1.0,3.0,7.0,3.0,0.333,0.0,0.0,1.0,0.0,0.0,1.0,3.0,0.333,3.0,1.0,0.5,1.0,2019,41800232,20190501.0,2018-19,True,1.0,5.0,11.0,0.455,0.453,0.001,0.0,4.0,0.0,0.339,5.0,7.0,0.714,0.495,4.0,5.0,0.8,0.532,0.0,5.0,0.0,0.351,0.0,2.0,0.0,0.0,0.0,0.0,1.0,0.333,0.0,0.0,0.0,0.0,0.0,0.0,9.0,7.0,2.0,4.0,0.0,2.0,4.0,1.0,0.0,1.0,1.0,0.0,0.0,4.0,5.0,2.0,1.0,0.0,0.8,0.667,0.333
200794,Paul Millsap,1610612743,DEN,34.0,29.1,5,7,0.714,1,2,0.5,3,4,0.75,0,1,1,0,1,0,0,0,5,5,14,-32,0.021,95.7,147.1,0.047,0.045,10.0,57,0.0,0.799,80.41,93.0,93.36,0.0,0.0,96.49,141.7,0.0,-48.7,-51.4,0.17,0.786,0.169,10.2,0.0,0.0,0.037,0.0,27.0,0.0,1.0,24.0,1.0,0.0,2.0,1.0,2.0,0.2,0.0,0.0,2.0,1.0,0.0,0.4,5.0,0.5,1.0,1.0,2.0,5.0,0.0,0.0,39.0,1.4,0.0,0.0,2.17,1.0,6.0,23.0,0.359,1.05,0.0,11.9,3.0,11.9,1.0,1.0,0.2,1.0,0.0,0.0,0.5,5.0,0.0,0.0,1.0,0.0,0.0,0.0,0.0,0.25,2.0,0.333,0.0,0.0,1.0,0.0,0.143,0.0,0.0,1.0,1.0,1.0,1.0,0.143,1.0,1.0,,2.0,0.286,0.0,0.5,0.0,1.0,0.286,2.0,0.5,,1.0,0.5,0.0,3.0,1.0,0.667,0.0,0.429,2.0,2.0,1.0,0.143,0.286,2.0,0.667,0.0,0.143,1.0,0.0,0.0,1.0,0.143,,1.0,1.5,0.0,1.0,1.0,1.0,1.0,0.0,2.0,1.0,1.0,,0.0,1.0,6.0,0.0,0.0,0.75,0.786,0.5,0.0,3.0,0.0,0.0,0.0,1.0,0.0,0.667,3.0,2.0,0.5,0.0,0.0,0.0,0.0,2.0,1.0,0.0,0.0,1.0,0.0,0.0,0.0,1.0,1.0,1.0,1.0,14.0,11.0,0.333,0.786,0.645,0.14,0.0,0.5,0.0,1.0,,0.0,0.0,2.0,1.0,1.0,0.0,0.667,0.0,0.0,0.0,1.0,2.0,0.0,1.0,3.0,0.0,,,0.0,0.0,1.0,1.0,2.0,0.5,2.0,1.0,0.75,1.0,2019,41800153,20190418.0,2018-19,True,1.0,12.0,17.0,0.706,0.496,0.21,1.0,2.0,0.5,0.404,11.0,15.0,0.733,0.516,8.0,9.0,0.889,0.587,2.0,6.0,0.333,0.433,3.0,4.0,0.0,0.0,0.0,1.0,1.0,0.167,0.0,0.0,0.0,0.0,0.0,0.0,6.0,4.0,2.0,1.0,0.0,1.0,2.0,0.0,0.0,0.0,0.0,0.0,1.0,4.0,5.0,1.0,0.0,0.2,0.8,1.0,0.0
200794,Paul Millsap,1610612743,DEN,34.0,33.86666666666667,6,10,0.6,0,2,0.0,0,0,0.0,0,4,4,0,0,0,0,0,5,6,12,-16,0.067,111.2,143.8,0.045,0.16,0.0,63,0.0,0.6,74.41,117.5,91.5,0.0,0.0,89.29,142.9,0.0,-25.4,-32.5,0.14,0.6,0.137,0.0,1.0,0.0,0.0,0.0,26.0,0.0,0.0,25.0,0.0,0.0,2.0,2.0,2.0,0.0,0.0,0.0,0.0,0.0,0.0,0.0,2.0,0.0,0.0,1.0,0.0,4.0,0.0,3.0,39.0,1.3,0.0,0.667,1.94,0.667,3.0,24.0,0.308,1.18,0.0,12.9,6.0,12.9,4.0,1.0,0.5,1.0,0.0,0.0,0.8,8.0,0.0,0.0,4.0,0.0,0.0,0.0,0.0,0.571,2.0,0.667,0.0,0.0,,,,,,,,,,,,,,7.0,0.7,0.0,0.857,0.0,6.0,0.7,7.0,0.857,,6.0,0.857,0.0,2.0,1.0,0.0,0.0,0.2,0.0,0.0,0.0,0.1,0.1,1.0,0.0,0.0,0.1,0.0,0.0,0.0,1.0,0.1,,0.0,0.0,0.0,1.0,0.0,0.0,0.0,1.0,0.0,0.0,0.0,0.0,0.0,2.0,2.0,0.0,0.0,0.5,0.6,0.0,0.5,0.0,2.0,0.0,0.0,0.0,0.0,0.857,7.0,2.0,0.0,0.0,0.0,0.0,0.0,6.0,0.0,0.0,0.0,0.0,0.0,0.0,0.0,1.0,0.0,0.0,0.0,23.0,16.0,0.28,0.696,0.647,0.048,1.0,0.0,0.0,1.0,0.0,0.0,0.0,2.0,0.0,1.0,0.0,0.833,0.0,0.0,0.0,0.0,5.0,0.0,1.0,6.0,0.0,0.0,0.0,0.0,0.0,0.0,0.0,1.0,0.0,1.0,0.0,0.0,0.0,2019,41800156,20190425.0,2018-19,True,1.0,8.0,13.0,0.615,0.496,0.119,1.0,3.0,0.333,0.29,7.0,10.0,0.7,0.519,2.0,3.0,0.667,0.575,2.0,5.0,0.4,0.417,1.0,2.0,0.0,0.0,0.0,0.667,0.0,0.0,0.0,0.0,0.0,0.0,0.0,0.0,6.0,4.0,2.0,3.0,0.0,3.0,8.0,0.0,1.0,1.0,0.0,1.0,0.0,2.0,2.0,0.0,0.0,0.0,1.0,0.0,0.0
200794,Paul Millsap,1610612743,DEN,34.0,27.166666666666668,1,7,0.143,0,2,0.0,0,0,0.0,2,2,4,0,2,1,1,1,3,3,2,8,0.071,130.9,120.1,-0.039,0.083,22.2,53,0.063,0.143,76.56,130.2,91.45,0.0,0.0,91.88,119.6,0.0,10.6,10.8,0.146,0.143,0.145,22.2,1.0,0.0,0.0,0.0,18.0,0.0,0.0,14.0,0.0,1.0,2.0,0.0,0.0,0.0,0.2,0.0,0.0,0.0,0.0,0.4,5.0,0.0,0.0,0.0,2.0,0.0,0.0,4.0,28.0,0.9,0.0,0.0,2.0,0.0,2.0,18.0,0.071,0.93,3.0,9.0,8.0,5.3,1.0,1.0,0.333,2.0,1.0,0.5,0.286,12.0,2.0,0.0,1.0,1.0,1.0,0.667,0.5,0.4,4.0,0.25,0.75,12.7,0.0,0.0,0.143,0.0,0.0,0.0,0.0,1.0,0.0,0.143,0.0,1.0,,3.0,0.429,0.0,0.0,0.0,0.0,0.429,3.0,0.0,,0.0,0.0,0.0,,,,,,,,,,,,,,0.429,0.0,1.0,0.143,2.0,0.286,1.0,0.0,0.333,1.0,3.0,0.333,1.0,0.0,0.0,0.0,0.0,0.0,,0.0,1.0,0.0,0.0,0.0,0.0,0.143,0.333,0.0,2.0,0.0,0.0,0.0,0.5,0.0,0.0,0.0,2.0,0.0,0.0,0.0,0.0,0.0,0.0,0.0,0.0,0.0,0.0,0.0,0.0,0.0,2.0,1.0,3.0,0.0,18.0,13.0,0.31,0.722,0.647,0.076,1.0,0.0,,0.0,,,0.0,2.0,0.0,0.0,0.0,0.0,,0.0,1.0,0.0,0.0,0.0,3.0,0.0,0.0,,,0.0,1.0,0.0,1.0,3.0,0.0,2.0,0.0,0.333,1.0,2019,41800154,20190420.0,2018-19,True,1.0,6.0,16.0,0.375,0.512,-0.137,1.0,2.0,0.5,0.245,5.0,14.0,0.357,0.528,3.0,6.0,0.5,0.595,2.0,6.0,0.333,0.424,0.0,0.0,0.0,0.0,0.0,0.0,1.0,0.5,0.0,0.0,0.0,0.0,0.0,0.0,8.0,7.0,1.0,1.0,1.0,1.0,2.0,1.0,0.0,1.0,1.0,0.0,1.0,3.0,4.0,3.0,1.0,0.25,0.75,1.0,0.333
200794,Paul Millsap,1610612743,DEN,34.0,31.91333333333333,3,13,0.231,0,2,0.0,4,6,0.667,1,6,7,1,0,0,3,3,6,4,10,3,0.099,112.5,111.8,0.009,0.167,0.0,61,0.029,0.32,77.08,118.0,94.55,0.0,0.043,92.5,111.3,5.9,6.7,0.7,0.217,0.231,0.222,0.0,1.0,0.0,0.025,2.0,40.0,0.025,0.0,40.0,1.0,0.0,2.0,0.0,0.0,0.0,0.0,0.0,0.0,0.0,0.0,0.333,3.0,0.0,0.0,0.0,1.0,0.0,2.0,7.0,57.0,2.0,0.5,0.429,2.12,0.8,5.0,42.0,0.175,1.28,3.0,3.8,15.0,4.0,4.0,3.0,0.368,3.0,1.0,0.25,0.5,19.0,1.0,0.0,4.0,0.0,2.0,0.25,0.333,0.438,4.0,0.4,0.429,2.6,0.25,0.0,0.308,0.0,0.0,1.0,1.0,4.0,0.25,0.308,0.25,4.0,,5.0,0.385,0.0,0.2,0.0,1.0,0.385,5.0,0.2,,1.0,0.2,0.0,2.0,1.0,0.5,0.0,0.154,1.0,1.0,1.0,0.077,0.077,1.0,0.5,0.0,0.154,0.0,0.0,0.077,1.0,0.077,0.0,0.0,0.0,1.0,2.0,0.0,0.0,1.0,0.0,2.0,1.0,1.0,,0.0,1.0,4.0,0.0,1.0,0.5,0.231,0.0,0.2,0.0,3.0,0.0,0.0,0.5,0.0,0.0,2.0,1.0,0.0,1.0,0.0,0.0,0.0,0.0,2.0,0.0,0.0,0.0,0.0,1.0,0.0,2.0,1.0,7.0,0.286,74.0,49.0,0.366,0.662,0.606,0.056,0.0,0.0,0.0,0.286,,0.0,0.0,0.0,0.5,2.0,0.0,0.0,0.0,0.0,0.0,0.0,0.0,2.0,7.0,2.0,0.0,,,0.0,0.0,1.0,2.0,3.0,0.0,2.0,0.0,0.0,0.0,2019,41800237,20190512.0,2018-19,True,1.0,9.0,17.0,0.529,0.455,0.074,0.0,6.0,0.0,0.361,9.0,11.0,0.818,0.497,7.0,8.0,0.875,0.524,1.0,7.0,0.143,0.359,2.0,4.0,0.0,0.0,0.0,0.8,1.0,0.2,0.0,0.0,0.0,0.0,0.0,0.0,17.0,12.0,5.0,2.0,1.0,0.0,0.0,1.0,1.0,2.0,0.5,0.5,0.0,4.0,4.0,3.0,0.0,0.0,1.0,1.0,0.0
200794,Paul Millsap,1610612743,DEN,34.0,27.966666666666665,7,12,0.583,0,2,0.0,5,7,0.714,0,6,6,3,2,0,1,1,4,6,19,6,0.146,143.0,131.2,0.11,0.273,10.0,59,0.0,0.63,83.67,139.0,98.93,1.5,0.143,100.41,131.0,15.0,7.9,11.7,0.283,0.583,0.274,10.0,2.0,0.0,0.174,8.0,23.0,0.13,1.0,27.0,4.0,0.0,2.0,1.333,1.0,0.333,0.0,0.0,2.0,2.0,0.0,0.0,3.0,1.0,1.0,0.5,0.0,4.0,2.0,4.0,43.0,1.9,0.0,0.5,2.67,0.667,9.0,27.0,0.442,1.7,2.0,5.8,9.0,5.8,4.0,0.0,0.545,0.0,0.0,0.0,0.667,11.0,0.0,0.0,4.0,0.0,2.0,0.0,0.333,0.545,2.0,0.667,0.333,0.0,,,,,,,,,,,,,,5.0,0.455,1.0,1.0,0.091,5.0,0.545,6.0,0.833,0.0,5.0,0.833,0.0,5.0,1.0,0.4,0.0,0.455,2.0,2.0,0.5,0.091,0.364,4.0,0.4,0.0,,,,,,,,,,,,,,2.0,0.0,4.0,1.0,1.0,,0.0,2.0,6.0,0.0,0.0,0.75,0.583,0.0,0.5,0.0,2.0,0.0,,1.0,0.0,0.25,4.0,1.0,0.0,0.0,0.0,0.0,0.0,1.0,5.0,0.0,1.0,0.0,,1.0,,1.0,1.0,5.0,1.0,38.0,25.0,0.333,0.658,0.627,0.031,0.0,0.0,,1.0,,,,0.0,1.0,5.0,,0.25,,,0.0,0.0,1.0,2.0,5.0,4.0,0.0,,,0.0,0.0,1.0,1.0,2.0,0.0,2.0,0.0,0.0,0.0,2019,41800231,20190429.0,2018-19,True,1.0,8.0,12.0,0.667,0.464,0.203,0.0,2.0,0.0,0.333,8.0,10.0,0.8,0.512,8.0,10.0,0.8,0.545,0.0,2.0,0.0,0.327,3.0,4.0,0.0,0.0,0.0,0.667,3.0,0.333,2.0,0.222,1.0,0.111,0.0,0.0,6.0,5.0,1.0,2.0,0.0,0.0,0.0,0.0,0.0,0.0,0.0,0.0,0.0,2.0,2.0,1.0,1.0,0.0,1.0,1.0,1.0
200794,Paul Millsap,1610612743,DEN,34.0,33.61666666666667,9,16,0.563,2,3,0.667,4,6,0.667,0,8,8,2,1,1,2,0,1,7,24,18,0.101,117.7,90.3,0.181,0.17,4.8,73,0.0,0.644,86.27,116.4,104.52,2.0,0.091,103.52,93.1,9.5,23.4,27.3,0.248,0.625,0.238,4.6,6.0,0.0,0.063,5.0,32.0,0.063,0.0,36.0,2.0,0.0,2.0,0.0,0.0,0.0,0.0,0.0,0.0,0.0,0.0,0.25,4.0,0.0,0.0,0.0,1.0,0.0,2.0,6.0,54.0,2.3,0.0,1.333,2.59,0.889,9.0,33.0,0.444,1.87,3.0,4.2,15.0,4.2,5.0,1.0,0.533,1.0,0.0,0.0,0.571,15.0,0.0,0.0,5.0,0.0,3.0,0.0,0.375,0.571,0.0,0.533,0.375,0.0,0.6,0.0,0.313,0.0,0.0,3.0,3.0,5.0,0.6,0.313,0.6,5.0,,3.0,0.188,0.0,0.667,0.0,2.0,0.188,3.0,0.667,,2.0,0.667,0.0,6.0,1.0,0.583,1.0,0.375,3.0,2.0,0.4,0.063,0.313,5.0,0.5,1.0,0.125,1.0,0.0,0.0,2.0,0.125,,0.5,0.75,0.0,2.0,0.5,1.0,2.0,0.0,4.0,0.5,0.5,,0.0,4.0,8.0,0.0,0.0,0.5,0.625,0.667,0.8,6.0,8.0,0.0,0.0,0.5,0.0,0.0,2.0,3.0,0.667,0.0,0.0,0.0,0.0,0.0,5.0,0.0,0.0,2.0,0.0,0.0,0.0,4.0,2.0,7.0,0.714,63.0,38.0,0.364,0.603,0.611,-0.008,1.0,0.0,,0.625,0.0,,0.0,0.0,0.667,5.0,0.0,0.0,,0.0,0.0,0.0,0.0,3.0,8.0,1.0,0.667,0.0,0.0,2.0,0.0,2.0,3.0,3.0,0.667,3.0,2.0,1.0,2.0,2019,41800235,20190507.0,2018-19,True,1.0,8.0,24.0,0.333,0.472,-0.139,3.0,7.0,0.429,0.374,5.0,17.0,0.294,0.514,5.0,13.0,0.385,0.553,3.0,10.0,0.3,0.372,3.0,6.0,2.0,3.0,0.667,0.889,1.0,0.111,1.0,0.111,0.0,0.0,1.0,0.111,14.0,8.0,6.0,1.0,0.0,1.0,2.0,0.0,1.0,1.0,0.0,1.0,0.0,5.0,5.0,3.0,0.0,0.0,1.0,1.0,0.0
200794,Paul Millsap,1610612743,DEN,34.0,41.4,6,10,0.6,2,3,0.667,7,8,0.875,2,8,10,0,1,1,2,0,5,8,21,12,0.119,121.2,108.4,0.147,0.2,6.7,80,0.045,0.777,77.78,126.3,95.91,0.0,0.0,93.33,109.9,0.0,16.4,12.8,0.149,0.7,0.155,6.9,1.0,0.0,0.0,0.0,35.0,0.0,0.0,27.0,0.0,0.0,1.0,0.5,0.0,0.25,0.0,0.0,2.0,2.0,0.0,0.25,4.0,1.0,1.0,0.0,1.0,2.0,1.0,2.0,54.0,2.2,2.0,2.0,2.42,0.167,6.0,30.0,0.389,1.31,5.0,7.6,15.0,5.1,4.0,0.0,0.417,1.0,0.5,0.222,0.533,24.0,1.0,1.0,5.0,1.0,4.0,0.25,0.5,0.435,9.0,0.533,0.5,17.8,0.667,0.0,0.3,0.0,0.0,2.0,2.0,3.0,0.667,0.3,0.667,3.0,,4.0,0.4,0.0,0.5,0.0,2.0,0.4,4.0,0.5,,2.0,0.5,0.0,1.0,1.0,0.0,0.0,0.1,0.0,0.0,,0.1,0.0,0.0,0.0,0.0,0.2,2.0,0.0,0.0,2.0,0.2,,1.0,1.5,0.0,2.0,1.0,2.0,1.0,0.0,2.0,1.0,1.0,,0.0,1.0,1.0,1.0,2.0,0.0,0.7,0.667,1.0,6.0,4.0,0.0,0.0,0.0,0.0,0.5,4.0,2.0,1.0,1.0,0.0,0.0,0.0,2.0,2.0,0.0,0.0,2.0,0.0,1.0,0.0,0.0,0.0,3.0,0.667,53.0,33.0,0.356,0.623,0.615,0.007,0.0,1.0,0.0,0.5,0.0,0.0,0.0,1.0,1.0,2.0,0.0,0.5,0.0,0.0,0.0,1.0,1.0,2.0,4.0,2.0,0.5,0.0,0.0,1.0,0.0,1.0,1.0,3.0,0.667,3.0,2.0,1.0,2.0,2019,41800234,20190505.0,2018-19,True,1.0,7.0,14.0,0.5,0.446,0.054,1.0,4.0,0.25,0.344,6.0,10.0,0.6,0.511,4.0,8.0,0.5,0.544,2.0,5.0,0.4,0.361,0.0,2.0,1.0,2.0,0.5,0.167,2.0,0.333,0.0,0.0,1.0,0.167,1.0,0.167,15.0,11.0,4.0,6.0,0.0,1.0,3.0,0.0,2.0,2.0,0.0,1.0,2.0,9.0,11.0,3.0,3.0,0.182,0.818,1.0,1.0
200794,Paul Millsap,1610612743,DEN,35.0,28.916666666666668,5,11,0.455,1,3,0.333,6,8,0.75,1,5,6,1,1,1,0,2,3,4,17,2,0.102,110.8,105.8,0.111,0.167,5.9,56,0.034,0.585,78.16,112.5,95.02,1.0,0.053,93.79,107.0,5.9,5.5,5.0,0.255,0.5,0.258,6.1,2.0,0.0,0.059,2.0,17.0,0.059,0.0,21.0,1.0,1.0,2.0,1.0,1.0,0.25,0.25,0.0,2.0,2.0,0.0,0.0,4.0,1.0,1.0,0.5,0.0,4.0,1.0,4.0,32.0,1.2,2.0,1.0,2.26,0.333,3.0,21.0,0.531,1.59,3.0,5.3,6.0,5.8,3.0,0.0,0.5,1.0,1.0,0.143,0.833,12.0,1.0,0.0,3.0,1.0,2.0,0.167,0.4,0.545,7.0,0.833,0.5,2.7,1.0,0.0,0.091,0.0,0.0,1.0,1.0,1.0,1.0,0.091,1.0,1.0,,6.0,0.545,0.0,0.333,0.0,2.0,0.545,6.0,0.333,,2.0,0.333,0.0,3.0,2.0,0.833,1.0,0.273,2.0,1.0,1.0,0.182,0.091,1.0,0.667,0.5,0.091,0.0,0.0,0.0,1.0,0.091,,0.0,0.0,0.0,1.0,0.0,0.0,0.0,0.0,0.0,0.0,0.0,,0.0,1.0,1.0,1.0,2.0,0.0,0.5,0.5,0.333,5.0,4.0,1.0,0.0,1.0,0.0,0.25,4.0,2.0,0.0,1.0,1.0,1.0,1.0,1.0,2.0,0.0,0.0,0.0,0.0,1.0,0.0,1.0,1.0,3.0,0.667,35.0,18.0,0.361,0.514,0.628,-0.114,0.0,0.0,,0.667,0.0,,0.0,2.0,0.0,2.0,0.0,0.5,,0.0,0.0,0.0,1.0,2.0,3.0,2.0,1.0,0.0,0.0,2.0,0.0,0.0,2.0,4.0,0.333,3.0,1.0,0.625,2.0,2020,41900235,20200911.0,2019-20,True,1.0,5.0,11.0,0.455,0.463,-0.008,2.0,5.0,0.4,0.392,3.0,6.0,0.5,0.506,2.0,3.0,0.667,0.583,2.0,6.0,0.333,0.397,0.0,2.0,1.0,2.0,0.5,0.333,0.0,0.0,0.0,0.0,0.0,0.0,1.0,0.333,8.0,4.0,4.0,1.0,0.0,2.0,5.0,0.0,0.0,0.0,0.0,0.0,0.0,1.0,1.0,1.0,0.0,0.0,1.0,1.0,0.0
200794,Paul Millsap,1610612743,DEN,35.0,31.73333333333333,5,11,0.455,2,5,0.4,1,1,1.0,4,2,6,1,1,0,0,0,3,2,13,13,0.083,117.4,94.3,0.074,0.048,7.7,61,0.133,0.568,77.52,119.7,95.11,1.0,0.048,93.03,96.8,7.7,22.9,23.1,0.183,0.545,0.176,7.4,4.0,0.0,0.053,2.0,19.0,0.053,0.0,21.0,1.0,0.0,2.0,1.0,1.0,0.0,0.0,0.0,0.0,0.0,0.0,0.0,2.0,0.0,0.0,0.5,0.0,2.0,1.0,6.0,33.0,1.2,0.0,0.333,2.18,1.0,3.0,25.0,0.394,1.18,4.0,4.1,8.0,3.2,2.0,1.0,0.462,1.0,1.0,0.8,0.286,13.0,4.0,0.0,2.0,0.0,0.0,0.8,0.0,0.5,5.0,0.25,0.667,4.5,,,,,,,,,,,,,,6.0,0.545,0.0,0.5,0.0,3.0,0.545,6.0,0.5,,3.0,0.5,0.0,3.0,3.0,0.0,0.0,0.273,0.0,0.0,,0.273,0.0,0.0,0.0,0.0,0.182,2.0,0.0,0.0,2.0,0.182,,1.0,1.5,0.0,2.0,1.0,2.0,1.0,0.0,2.0,0.5,0.5,,0.0,2.0,3.0,0.0,0.0,1.0,0.545,0.4,0.5,6.0,2.0,0.0,0.0,0.0,0.0,0.333,3.0,5.0,0.4,0.0,0.0,0.0,0.0,1.0,2.0,0.0,0.0,2.0,0.0,0.0,0.0,0.0,0.0,3.0,0.667,31.0,16.0,0.397,0.516,0.628,-0.111,0.0,0.5,,0.667,0.0,,0.0,2.0,1.0,2.0,0.0,0.0,,0.0,0.0,1.0,0.0,3.0,3.0,2.0,0.333,0.0,0.0,1.0,0.0,1.0,1.0,5.0,0.4,5.0,2.0,0.6,2.0,2020,41900232,20200905.0,2019-20,True,1.0,3.0,19.0,0.158,0.45,-0.292,1.0,9.0,0.111,0.383,2.0,10.0,0.2,0.494,2.0,8.0,0.25,0.555,1.0,9.0,0.111,0.395,1.0,1.0,0.0,0.0,0.0,1.0,1.0,0.333,0.0,0.0,1.0,0.333,0.0,0.0,14.0,7.0,7.0,2.0,0.0,0.0,0.0,0.0,0.0,0.0,0.0,0.0,0.0,1.0,2.0,1.0,0.0,0.0,0.5,1.0,0.0
200794,Paul Millsap,1610612743,DEN,35.0,28.466666666666665,3,9,0.333,1,3,0.333,1,2,0.5,2,4,6,1,2,2,0,0,4,1,8,-20,0.128,95.3,132.9,0.027,0.211,15.4,59,0.071,0.405,82.9,96.6,99.28,0.5,0.053,99.48,130.5,7.7,-33.9,-37.7,0.178,0.389,0.176,15.5,0.0,0.0,0.063,2.0,32.0,0.031,1.0,27.0,2.0,0.0,1.0,0.0,0.0,0.0,0.0,0.0,0.0,0.0,0.0,0.0,1.0,0.0,0.0,0.0,0.0,0.0,1.0,2.0,43.0,1.7,0.0,0.0,2.39,0.6,5.0,29.0,0.186,1.0,3.0,5.1,7.0,5.0,3.0,1.0,0.545,1.0,1.0,0.5,0.667,11.0,2.0,0.0,3.0,0.0,1.0,0.5,0.25,0.6,4.0,0.571,0.5,5.3,1.0,0.0,0.111,0.0,0.0,1.0,1.0,1.0,1.0,0.111,1.0,1.0,,4.0,0.444,0.0,0.0,0.0,0.0,0.444,4.0,0.0,,0.0,0.0,0.0,,,,,,,,,,,,,,0.444,1.0,1.0,0.111,3.0,0.333,1.0,0.333,0.625,1.0,4.0,0.5,2.0,1.0,0.0,2.0,0.333,0.333,,0.0,3.0,3.0,0.0,0.0,0.333,0.389,0.333,0.0,3.0,0.0,0.0,,0.333,0.0,0.0,0.0,2.0,0.5,1.0,0.0,0.0,0.0,0.0,1.0,0.0,0.0,1.0,,1.0,,3.0,1.0,3.0,0.333,197.0,125.0,0.383,0.635,0.628,0.007,0.0,1.0,,0.333,0.0,,,1.0,0.0,1.0,,0.5,,,0.0,1.0,1.0,2.0,3.0,2.0,0.0,0.0,0.0,0.0,0.0,0.0,1.0,3.0,0.333,3.0,1.0,0.5,1.0,2020,21901239,20200801.0,2019-20,False,1.0,6.0,11.0,0.545,0.47,0.076,3.0,4.0,0.75,0.392,3.0,7.0,0.429,0.538,3.0,7.0,0.429,0.59,3.0,4.0,0.75,0.387,1.0,3.0,1.0,2.0,0.5,0.6,1.0,0.2,0.0,0.0,0.0,0.0,1.0,0.2,5.0,1.0,4.0,3.0,0.0,0.0,0.0,1.0,0.0,1.0,1.0,0.0,1.0,0.0,1.0,0.0,0.0,1.0,0.0,0.0,0.0
200794,Paul Millsap,1610612743,DEN,35.0,28.626666666666665,4,8,0.5,0,2,0.0,2,2,1.0,2,4,6,0,1,3,1,0,0,2,10,11,0.1,101.6,78.2,0.135,0.121,10.0,57,0.074,0.563,79.65,101.8,98.22,0.0,0.0,95.58,82.5,0.0,19.3,23.4,0.164,0.5,0.161,10.1,2.0,0.0,0.0,0.0,22.0,0.0,0.0,19.0,0.0,0.0,2.0,1.0,1.0,0.0,0.0,0.0,0.0,0.0,0.0,0.0,2.0,0.0,0.0,0.5,0.0,2.0,1.0,7.0,33.0,1.1,0.0,1.143,1.91,1.0,2.0,22.0,0.303,0.67,0.0,8.1,7.0,6.0,4.0,0.0,0.6,0.0,0.0,0.667,0.571,10.0,0.0,2.0,6.0,0.0,0.0,0.667,0.0,0.6,3.0,0.571,0.0,12.2,,,,,,,,,,,,,,3.0,0.375,0.0,0.667,0.0,2.0,0.375,3.0,0.667,,2.0,0.667,0.0,2.0,1.0,0.5,0.0,0.25,1.0,1.0,1.0,0.125,0.125,1.0,0.5,0.0,0.375,0.0,1.0,0.25,1.0,0.125,0.5,0.0,0.333,2.0,3.0,0.333,1.0,0.0,1.0,0.0,0.0,0.0,0.0,0.0,2.0,2.0,0.0,0.0,0.0,0.5,0.5,1.0,2.0,8.0,0.0,0.0,0.0,0.0,1.0,1.0,2.0,0.0,0.0,0.0,0.0,0.0,1.0,3.0,0.0,0.0,0.0,0.0,0.0,0.0,0.0,0.0,5.0,0.6,100.0,63.0,0.394,0.63,0.621,0.009,0.0,0.0,,0.6,,,0.0,2.0,0.0,3.0,0.0,1.0,,0.0,0.0,0.0,1.0,0.0,5.0,1.0,0.0,,,0.0,0.0,0.0,0.0,2.0,0.0,1.0,0.0,0.5,1.0,2020,21900353,20191210.0,2019-20,False,1.0,3.0,12.0,0.25,0.453,-0.203,2.0,8.0,0.25,0.354,1.0,4.0,0.25,0.518,1.0,2.0,0.5,0.557,2.0,10.0,0.2,0.366,0.0,0.0,2.0,2.0,1.0,1.0,1.0,0.5,0.0,0.0,0.0,0.0,1.0,0.5,18.0,9.0,9.0,4.0,0.0,1.0,2.0,0.0,1.0,1.0,0.0,1.0,0.0,0.0,0.0,0.0,0.0,0.0,0.0,0.0,0.0
200794,Paul Millsap,1610612743,DEN,35.0,14.366666666666667,1,1,1.0,0,0,0.0,0,0,0.0,0,1,1,2,1,0,0,0,3,0,2,0,0.042,96.6,96.6,0.021,0.077,25.0,27,0.0,1.0,75.17,92.6,86.47,2.0,0.222,90.21,92.6,50.0,0.0,0.0,0.077,1.0,0.074,25.0,2.0,0.0,0.222,6.0,9.0,0.222,0.0,6.0,2.0,0.0,0.0,0.0,0.0,0.0,0.0,1.0,0.0,0.0,1.0,1.0,1.0,0.0,0.0,0.0,1.0,0.0,1.0,0.0,10.0,0.3,0.0,0.0,2.08,0.0,0.0,6.0,0.2,0.8,0.0,2.1,2.0,2.1,1.0,0.0,0.5,0.0,0.0,0.0,0.5,2.0,0.0,0.0,1.0,0.0,0.0,0.0,0.0,0.5,0.0,0.5,0.0,0.0,,,,,,,,,,,,,,1.0,1.0,0.0,1.0,0.0,1.0,1.0,1.0,1.0,,1.0,1.0,0.0,,,,,,,,,,,,,,,,,,,,,,,,,,,0.0,,0.0,,,,,0.0,0.0,0.0,0.0,0.0,1.0,0.0,0.0,0.0,0.0,0.0,0.0,0.0,0.0,0.0,0.0,0.0,0.0,0.0,0.0,0.0,0.0,0.0,1.0,0.0,0.0,0.0,0.0,0.0,0.0,0.0,0.0,1.0,1.0,21.0,11.0,0.488,0.524,0.635,-0.111,0.0,0.0,,1.0,,,0.0,0.0,0.0,1.0,0.0,0.0,,0.0,0.0,0.0,0.0,0.0,1.0,0.0,0.0,,,0.0,0.0,0.0,0.0,0.0,,,,,0.0,2020,41900167,20200901.0,2019-20,True,1.0,4.0,5.0,0.8,0.541,0.259,,,,,4.0,5.0,0.8,0.562,3.0,4.0,0.75,0.591,,,,,0.0,0.0,0.0,0.0,0.0,0.0,0.0,0.0,0.0,0.0,0.0,0.0,0.0,0.0,1.0,0.0,1.0,0.0,0.0,3.0,7.0,0.0,0.0,0.0,0.0,0.0,0.0,0.0,0.0,0.0,0.0,0.0,0.0,0.0,0.0
200794,Paul Millsap,1610612743,DEN,35.0,29.466666666666665,3,10,0.3,1,3,0.333,1,2,0.5,1,2,3,0,0,3,1,1,0,1,8,-3,0.049,105.6,115.5,0.051,0.065,0.0,58,0.033,0.368,78.05,108.6,95.13,0.0,0.0,93.67,115.8,0.0,-7.2,-9.8,0.174,0.35,0.175,0.0,4.0,0.0,0.0,0.0,23.0,0.0,0.0,22.0,0.0,0.0,2.0,0.0,0.0,0.0,0.0,0.0,0.0,0.0,0.0,0.0,2.0,0.0,0.0,0.0,0.0,0.0,0.0,3.0,34.0,1.2,0.0,0.667,2.15,0.333,3.0,25.0,0.235,1.0,1.0,3.9,9.0,4.2,2.0,3.0,0.231,3.0,1.0,0.25,0.333,13.0,1.0,0.0,2.0,0.0,0.0,0.25,0.0,0.3,4.0,0.222,0.333,3.1,,,,,,,,,,,,,,2.0,0.2,0.0,0.0,0.0,0.0,0.2,2.0,0.0,,0.0,0.0,0.0,5.0,0.0,0.4,0.0,0.5,2.0,2.0,0.4,0.0,0.5,5.0,0.4,,0.3,1.0,0.0,0.0,3.0,0.3,,0.333,0.5,0.0,3.0,0.333,1.0,1.0,0.0,2.0,0.5,0.5,,0.0,2.0,1.0,0.0,0.0,0.0,0.35,0.25,1.0,3.0,2.0,0.0,0.0,0.0,0.0,0.5,2.0,1.0,1.0,1.0,0.0,0.0,0.0,1.0,1.0,0.0,1.0,1.0,0.0,2.0,0.0,2.0,0.0,3.0,0.333,4.0,2.0,0.444,0.5,0.637,-0.137,1.0,1.0,,0.333,,,0.0,1.0,0.0,1.0,0.0,0.5,,0.0,0.0,1.0,1.0,3.0,3.0,2.0,0.0,,,0.0,0.0,0.0,0.0,4.0,0.333,3.0,1.0,0.375,1.0,2020,41900161,20200817.0,2019-20,True,1.0,3.0,9.0,0.333,0.5,-0.166,1.0,5.0,0.2,0.397,2.0,4.0,0.5,0.6,2.0,4.0,0.5,0.611,1.0,5.0,0.2,0.402,0.0,1.0,1.0,2.0,0.5,0.333,1.0,0.333,0.0,0.0,0.0,0.0,1.0,0.333,6.0,3.0,3.0,1.0,0.0,0.0,0.0,1.0,0.0,1.0,1.0,0.0,0.0,2.0,2.0,0.0,0.0,0.0,1.0,0.0,0.0
200794,Paul Millsap,1610612743,DEN,35.0,22.766666666666666,3,9,0.333,0,2,0.0,6,7,0.857,2,3,5,1,2,0,0,1,5,4,12,5,0.102,125.0,121.6,0.032,0.125,13.3,47,0.08,0.497,81.7,129.8,99.98,0.5,0.059,98.04,121.7,6.7,8.0,3.4,0.262,0.333,0.259,13.3,1.0,0.0,0.05,2.0,20.0,0.05,0.0,17.0,1.0,0.0,2.0,0.667,1.0,0.0,0.0,0.0,0.0,0.0,0.0,0.333,3.0,0.0,0.0,0.5,1.0,2.0,2.0,4.0,32.0,1.2,2.0,0.5,2.16,1.333,3.0,21.0,0.375,1.0,2.0,4.5,8.0,4.4,2.0,1.0,0.357,1.0,0.5,0.286,0.429,14.0,1.0,1.0,3.0,0.0,1.0,0.286,0.333,0.385,7.0,0.375,0.4,4.6,,,,,,,,,,,,,,7.0,0.778,0.0,0.429,0.0,3.0,0.778,7.0,0.429,,3.0,0.429,0.0,,,,,,,,,,,,,,0.222,0.0,0.0,0.0,2.0,0.222,,0.0,0.0,0.0,2.0,0.0,0.0,0.0,0.0,0.0,,,,0.0,0.0,4.0,1.0,4.0,0.0,0.333,0.0,0.0,0.0,2.0,,0.0,0.0,,0.0,1.0,2.0,0.0,,,,,0.0,3.0,,,0.0,0.0,,0.0,0.0,0.0,6.0,0.5,135.0,86.0,0.391,0.637,0.628,0.009,0.0,0.0,,0.5,0.0,,0.0,2.0,0.0,3.0,0.0,0.0,,0.0,0.0,0.0,0.0,0.0,6.0,1.0,0.0,0.0,0.0,0.0,0.0,0.0,0.0,2.0,0.0,2.0,0.0,0.0,0.0,2020,21900528,20200104.0,2019-20,False,1.0,3.0,9.0,0.333,0.471,-0.138,0.0,1.0,0.0,0.357,3.0,8.0,0.375,0.513,3.0,4.0,0.75,0.596,0.0,4.0,0.0,0.379,0.0,0.0,4.0,4.0,1.0,1.333,1.0,0.333,0.0,0.0,0.0,0.0,2.0,0.667,8.0,7.0,1.0,0.0,0.0,0.0,0.0,1.0,0.0,1.0,1.0,0.0,1.0,3.0,4.0,3.0,1.0,0.25,0.75,1.0,0.333
200794,Paul Millsap,1610612743,DEN,35.0,15.183333333333334,3,8,0.375,0,0,0.0,4,4,1.0,1,2,3,0,1,0,0,2,3,3,10,-9,0.12,94.6,125.6,0.054,0.182,9.1,32,0.071,0.512,82.99,96.9,102.11,0.0,0.0,99.58,129.0,0.0,-32.2,-31.0,0.319,0.375,0.324,9.3,0.0,0.0,0.0,0.0,14.0,0.0,0.0,15.0,0.0,0.0,0.0,2.0,0.0,1.0,0.0,0.0,4.0,4.0,0.0,0.0,2.0,1.0,2.0,0.0,0.0,4.0,1.0,3.0,25.0,1.0,0.0,0.667,2.28,0.667,3.0,18.0,0.4,1.0,1.0,4.0,3.0,5.1,2.0,0.0,0.75,0.0,1.0,0.5,0.667,4.0,1.0,0.0,2.0,0.0,0.0,0.5,0.0,0.75,2.0,0.667,0.333,1.9,0.0,0.0,0.125,0.0,0.0,0.0,0.0,1.0,0.0,0.125,0.0,1.0,,6.0,0.75,0.0,0.333,0.0,2.0,0.75,6.0,0.333,,2.0,0.333,0.0,1.0,0.0,1.0,0.0,0.125,1.0,1.0,1.0,0.0,0.125,1.0,1.0,,,,,,,,,,,,,,,0.0,,0.0,0.0,0.0,,,1.0,2.0,0.0,0.0,0.5,0.375,0.0,0.333,0.0,2.0,0.0,0.0,0.0,0.0,0.5,2.0,0.0,0.0,0.0,0.0,0.0,0.0,1.0,2.0,0.0,0.0,0.0,0.0,0.0,0.0,1.0,0.0,5.0,0.4,26.0,15.0,0.441,0.577,0.622,-0.045,0.0,0.0,,0.4,,,0.0,0.0,0.0,2.0,0.0,0.5,,0.0,0.0,0.0,1.0,0.0,5.0,2.0,0.0,,,0.0,0.0,0.0,1.0,0.0,,,,,0.0,2020,21900067,20191031.0,2019-20,False,1.0,4.0,5.0,0.8,0.46,0.34,1.0,1.0,1.0,0.353,3.0,4.0,0.75,0.503,3.0,4.0,0.75,0.571,1.0,1.0,1.0,0.342,1.0,2.0,0.0,0.0,0.0,0.667,0.0,0.0,0.0,0.0,1.0,0.333,0.0,0.0,5.0,3.0,2.0,1.0,0.0,0.0,0.0,0.0,0.0,0.0,0.0,0.0,2.0,0.0,2.0,1.0,0.0,1.0,0.0,0.5,0.0
200794,Paul Millsap,1610612743,DEN,35.0,20.78333333333333,2,5,0.4,1,1,1.0,0,0,0.0,0,6,6,1,1,1,0,0,3,1,5,-13,0.15,95.7,123.7,0.077,0.25,14.3,40,0.0,0.5,77.95,97.5,95.62,1.0,0.071,93.54,126.8,14.3,-29.3,-28.0,0.14,0.5,0.136,14.3,2.0,0.0,0.045,3.0,22.0,0.045,0.0,13.0,1.0,0.0,2.0,0.667,1.0,0.0,0.0,0.0,0.0,0.0,0.0,0.333,3.0,0.0,0.0,0.5,1.0,2.0,0.0,0.0,28.0,1.4,0.0,0.0,2.94,0.0,3.0,13.0,0.179,1.68,2.0,7.2,7.0,7.2,4.0,0.0,0.857,0.0,0.0,0.0,0.857,7.0,0.0,0.0,4.0,0.0,2.0,0.0,0.333,0.857,0.0,0.857,0.333,0.0,,,,,,,,,,,,,,3.0,0.6,0.0,0.0,0.0,0.0,0.6,3.0,0.0,,0.0,0.0,0.0,1.0,0.0,1.0,0.0,0.2,1.0,1.0,1.0,0.0,0.2,1.0,1.0,,0.2,1.0,0.0,0.0,1.0,0.2,,1.0,1.5,0.0,1.0,1.0,1.0,0.0,0.0,0.0,,,,0.0,0.0,0.0,0.0,0.0,0.0,0.5,1.0,0.0,3.0,0.0,0.0,0.0,0.0,0.0,0.0,1.0,1.0,1.0,0.0,0.0,0.0,0.0,0.0,1.0,0.0,0.0,1.0,0.0,0.0,0.0,0.0,0.0,3.0,0.333,54.0,27.0,0.4,0.5,0.629,-0.129,0.0,1.0,,0.333,,,0.0,1.0,0.0,1.0,0.0,0.0,,0.0,0.0,1.0,0.0,0.0,3.0,1.0,0.0,,,0.0,0.0,0.0,0.0,1.0,1.0,1.0,1.0,1.5,1.0,2020,41900311,20200918.0,2019-20,True,1.0,7.0,14.0,0.5,0.499,0.001,1.0,3.0,0.333,0.348,6.0,11.0,0.545,0.561,5.0,7.0,0.714,0.632,1.0,5.0,0.2,0.361,0.0,2.0,0.0,0.0,0.0,0.0,1.0,0.333,1.0,0.333,0.0,0.0,0.0,0.0,14.0,9.0,5.0,0.0,0.0,1.0,2.0,0.0,0.0,0.0,0.0,0.0,0.0,5.0,5.0,2.0,2.0,0.0,1.0,1.0,1.0
200794,Paul Millsap,1610612743,DEN,35.0,20.83333333333333,8,15,0.533,3,6,0.5,1,1,1.0,1,9,10,1,1,1,0,0,3,1,20,5,0.185,80.5,76.4,0.299,0.29,5.9,46,0.043,0.648,89.28,84.8,107.09,1.0,0.125,107.14,72.3,5.9,12.4,4.1,0.333,0.633,0.327,5.7,2.0,0.0,0.045,3.0,22.0,0.045,0.0,22.0,1.0,0.0,2.0,0.667,1.0,0.0,0.0,0.0,0.0,0.0,0.0,0.333,3.0,0.0,0.0,0.5,1.0,2.0,1.0,2.0,38.0,1.4,3.0,0.0,2.28,0.0,2.0,22.0,0.526,1.39,2.0,4.4,11.0,4.4,8.0,0.0,0.833,0.0,1.0,0.333,0.818,12.0,1.0,0.0,8.0,0.0,1.0,0.333,0.111,0.833,3.0,0.818,0.2,3.8,1.0,0.0,0.067,0.0,0.0,1.0,1.0,1.0,1.0,0.067,1.0,1.0,,3.0,0.2,0.0,0.667,0.0,2.0,0.2,3.0,0.667,,2.0,0.667,0.0,5.0,1.0,0.5,1.0,0.333,2.0,1.0,0.25,0.067,0.267,4.0,0.4,1.0,0.4,2.0,1.0,0.067,5.0,0.333,1.0,0.4,0.667,1.0,6.0,0.5,3.0,1.0,0.0,2.0,0.5,0.5,,0.0,2.0,0.0,1.0,3.0,0.0,0.633,0.5,0.0,9.0,0.0,1.0,0.0,1.0,1.0,0.0,2.0,4.0,0.25,0.0,2.0,0.0,0.0,0.0,4.0,2.0,2.0,1.0,0.0,2.0,0.0,1.0,1.0,6.0,0.667,187.0,119.0,0.386,0.636,0.625,0.011,0.0,0.5,,0.667,,,0.0,2.0,0.0,4.0,0.0,0.0,,0.0,0.0,1.0,0.0,5.0,6.0,1.0,0.6,,,3.0,0.0,0.0,1.0,6.0,0.5,6.0,3.0,0.75,3.0,2020,21900958,20200309.0,2019-20,False,1.0,3.0,11.0,0.273,0.43,-0.158,1.0,7.0,0.143,0.257,2.0,4.0,0.5,0.554,1.0,2.0,0.5,0.616,1.0,7.0,0.143,0.263,0.0,1.0,0.0,0.0,0.0,0.0,0.0,0.0,0.0,0.0,1.0,0.5,0.0,0.0,5.0,2.0,3.0,1.0,0.0,1.0,2.0,0.0,1.0,1.0,0.0,1.0,0.0,0.0,0.0,0.0,0.0,0.0,0.0,0.0,0.0
200794,Paul Millsap,1610612743,DEN,35.0,34.8,4,11,0.364,3,4,0.75,4,4,1.0,2,6,8,2,0,2,2,2,3,4,15,23,0.114,117.9,82.4,0.134,0.162,0.0,67,0.061,0.588,77.59,119.4,94.48,0.0,0.074,93.1,83.8,13.3,35.6,35.5,0.178,0.5,0.181,0.0,3.0,0.0,0.115,5.0,26.0,0.077,1.0,26.0,3.0,0.0,3.0,0.4,0.0,0.2,0.0,0.0,2.0,2.0,0.0,0.0,5.0,1.0,1.0,0.0,0.0,2.0,1.0,4.0,41.0,1.7,0.0,0.5,2.5,1.0,2.0,25.0,0.366,1.73,1.0,10.8,11.0,8.3,6.0,1.0,0.571,1.0,0.5,0.4,0.6,14.0,1.0,1.0,7.0,0.0,0.0,0.4,0.0,0.615,5.0,0.545,0.125,18.2,0.0,0.0,0.091,0.0,0.0,0.0,0.0,1.0,0.0,0.091,0.0,1.0,,5.0,0.455,0.0,0.2,0.0,1.0,0.455,5.0,0.2,,1.0,0.2,0.0,3.0,2.0,1.0,2.0,0.273,2.0,0.0,0.0,0.182,0.091,1.0,0.667,1.0,0.182,1.0,0.0,0.0,2.0,0.182,,0.5,0.75,0.0,2.0,0.5,1.0,0.0,0.0,0.0,0.0,0.0,,0.0,1.0,2.0,0.0,0.0,0.0,0.5,0.75,0.333,9.0,2.0,1.0,0.0,0.0,1.0,0.0,2.0,1.0,0.0,1.0,3.0,1.0,1.0,0.0,1.0,2.0,2.0,0.0,0.0,3.0,0.0,1.0,0.0,4.0,0.25,39.0,19.0,0.419,0.487,0.633,-0.146,0.0,0.0,0.0,0.2,0.0,0.0,0.0,1.0,0.0,1.0,0.0,0.0,0.0,0.0,0.0,0.0,0.0,3.0,5.0,1.0,1.0,0.0,0.0,3.0,0.0,0.0,1.0,4.0,0.75,4.0,3.0,1.125,3.0,2020,21900123,20191108.0,2019-20,False,1.0,3.0,16.0,0.188,0.463,-0.276,0.0,4.0,0.0,0.348,3.0,12.0,0.25,0.516,1.0,6.0,0.167,0.609,2.0,7.0,0.286,0.357,0.0,1.0,2.0,2.0,1.0,1.0,0.0,0.0,0.0,0.0,0.0,0.0,1.0,0.5,16.0,11.0,5.0,5.0,0.0,1.0,3.0,0.0,1.0,1.0,0.0,1.0,0.0,3.0,3.0,1.0,0.0,0.0,1.0,1.0,0.0
200794,Paul Millsap,1610612743,DEN,35.0,25.716666666666665,4,9,0.444,1,1,1.0,6,7,0.857,5,7,12,2,2,0,0,2,2,5,15,11,0.218,116.1,95.5,0.153,0.241,12.5,53,0.192,0.621,82.44,117.0,99.67,1.0,0.095,98.92,96.2,12.5,20.8,20.6,0.222,0.5,0.219,12.4,4.0,0.0,0.074,4.0,27.0,0.074,0.0,20.0,2.0,0.0,1.0,0.667,0.0,0.333,0.0,0.0,3.0,3.0,0.0,0.333,3.0,1.0,1.0,0.0,1.0,2.0,0.0,7.0,42.0,1.4,0.0,0.714,2.01,0.0,1.0,25.0,0.357,0.98,5.0,6.2,7.0,4.7,6.0,0.0,1.0,0.0,0.8,0.833,1.0,12.0,4.0,1.0,7.0,0.0,1.0,0.833,0.143,1.0,6.0,1.0,0.417,8.3,0.0,0.0,0.111,0.0,0.0,0.0,0.0,1.0,0.0,0.111,0.0,1.0,,5.0,0.556,0.0,0.6,0.0,3.0,0.556,5.0,0.6,,3.0,0.6,0.0,3.0,1.0,0.5,1.0,0.333,1.0,0.0,0.0,0.111,0.222,2.0,0.333,1.0,,,,,,,,,,,,,,0.0,0.0,0.0,0.0,0.0,,0.0,2.0,0.0,0.0,0.0,0.0,0.5,1.0,0.5,3.0,5.0,0.0,0.0,0.0,0.0,1.0,1.0,1.0,1.0,0.0,0.0,0.0,0.0,1.0,2.0,0.0,0.0,1.0,0.0,0.0,0.0,2.0,0.0,5.0,0.4,104.0,66.0,0.385,0.635,0.621,0.014,2.0,0.0,,0.4,0.0,,0.0,0.0,0.0,2.0,0.0,1.0,,0.0,0.0,0.0,1.0,1.0,5.0,1.0,1.0,0.0,0.0,1.0,0.0,0.0,0.0,1.0,1.0,1.0,1.0,1.5,1.0,2020,21900414,20191218.0,2019-20,False,1.0,5.0,10.0,0.5,0.45,0.051,0.0,2.0,0.0,0.352,5.0,8.0,0.625,0.5,4.0,5.0,0.8,0.585,0.0,3.0,0.0,0.322,0.0,0.0,0.0,0.0,0.0,0.0,0.0,0.0,0.0,0.0,1.0,1.0,0.0,0.0,5.0,5.0,0.0,3.0,0.0,1.0,2.0,0.0,1.0,1.0,0.0,1.0,0.0,3.0,3.0,2.0,1.0,0.0,1.0,1.0,0.5
200794,Paul Millsap,1610612743,DEN,35.0,20.516666666666666,0,2,0.0,0,1,0.0,0,0,0.0,1,2,3,2,2,0,1,0,2,1,0,-13,0.086,96.0,125.6,-0.013,0.125,33.3,40,0.053,0.0,77.99,97.5,95.97,1.0,0.125,93.58,130.0,33.3,-32.5,-29.6,0.088,0.0,0.083,33.3,1.0,0.0,0.143,5.0,14.0,0.143,0.0,7.0,2.0,0.0,1.0,0.0,0.0,0.0,0.0,0.0,0.0,0.0,0.0,0.0,1.0,0.0,0.0,0.0,0.0,0.0,0.0,2.0,18.0,0.6,0.0,0.0,2.15,0.0,1.0,8.0,0.0,0.94,2.0,5.3,5.0,5.4,1.0,1.0,0.5,1.0,1.0,1.0,0.5,6.0,1.0,0.0,1.0,0.0,1.0,1.0,0.5,0.6,1.0,0.4,0.667,5.0,,,,,,,,,,,,,,1.0,0.5,0.0,0.0,0.0,0.0,0.5,1.0,0.0,,0.0,0.0,0.0,1.0,1.0,0.0,0.0,0.5,0.0,0.0,,0.5,0.0,0.0,0.0,0.0,,,,,,,,,,,,,,0.0,0.0,0.0,0.0,0.0,,0.0,1.0,0.0,0.0,0.0,0.0,0.0,0.0,0.0,0.0,0.0,0.0,,0.0,0.0,0.0,1.0,0.0,0.0,0.0,0.0,0.0,0.0,0.0,0.0,0.0,1.0,0.0,,1.0,,0.0,0.0,0.0,0.0,173.0,108.0,0.395,0.624,0.626,-0.002,0.0,0.0,,0.0,,,,0.0,0.0,0.0,,0.0,,,0.0,0.0,0.0,1.0,0.0,1.0,0.0,,,0.0,0.0,0.0,0.0,1.0,0.0,1.0,0.0,0.0,0.0,2020,21900886,20200228.0,2019-20,False,1.0,2.0,8.0,0.25,0.473,-0.223,0.0,3.0,0.0,0.418,2.0,5.0,0.4,0.515,1.0,3.0,0.333,0.57,1.0,5.0,0.2,0.425,0.0,0.0,0.0,0.0,0.0,0.0,1.0,1.0,1.0,1.0,0.0,0.0,0.0,0.0,6.0,4.0,2.0,1.0,0.0,0.0,0.0,0.0,0.0,0.0,0.0,0.0,0.0,1.0,1.0,1.0,0.0,0.0,1.0,1.0,0.0
200794,Paul Millsap,1610612743,DEN,35.0,18.066666666666663,2,5,0.4,0,1,0.0,1,1,1.0,2,0,2,0,2,1,0,1,2,1,5,-13,0.063,112.2,157.6,0.0,0.0,28.6,33,0.091,0.46,74.17,121.2,92.03,0.0,0.0,89.0,155.9,0.0,-34.7,-45.3,0.17,0.4,0.163,26.9,2.0,0.0,0.0,0.0,12.0,0.0,0.0,12.0,0.0,1.0,1.0,0.0,0.0,0.0,0.5,0.0,0.0,0.0,0.0,0.0,2.0,0.0,0.0,0.0,0.0,0.0,1.0,3.0,19.0,0.6,0.0,0.667,1.96,0.0,0.0,13.0,0.263,1.0,0.0,24.4,3.0,0.0,0.0,0.0,0.286,1.0,0.0,0.4,0.0,7.0,0.0,2.0,2.0,1.0,0.0,0.5,0.0,0.333,5.0,0.0,0.0,24.4,1.0,0.0,0.2,0.0,0.0,1.0,1.0,1.0,1.0,0.2,1.0,1.0,,2.0,0.4,0.0,0.0,0.0,0.0,0.4,2.0,0.0,,0.0,0.0,0.0,1.0,0.0,1.0,0.0,0.2,1.0,1.0,1.0,0.0,0.2,1.0,1.0,,0.2,0.0,0.0,0.0,1.0,0.2,,0.0,0.0,0.0,1.0,0.0,0.0,0.0,0.0,0.0,,,,0.0,0.0,0.0,0.0,0.0,0.0,0.4,0.0,0.5,0.0,2.0,0.0,0.0,0.0,0.0,0.333,3.0,0.0,0.0,0.0,0.0,0.0,0.0,1.0,1.0,0.0,1.0,0.0,0.0,1.0,0.0,0.0,0.0,1.0,1.0,6.0,4.0,0.429,0.667,0.648,0.019,0.0,0.0,,0.667,,,0.0,0.0,0.0,2.0,0.0,0.0,,0.0,0.0,0.0,0.0,1.0,3.0,1.0,0.0,,,0.0,0.0,0.0,0.0,1.0,0.0,1.0,0.0,0.0,0.0,2020,41900162,20200819.0,2019-20,True,1.0,4.0,5.0,0.8,0.508,0.292,2.0,3.0,0.667,0.313,2.0,2.0,1.0,0.669,2.0,2.0,1.0,0.671,2.0,3.0,0.667,0.314,0.0,0.0,0.0,0.0,0.0,0.0,0.0,0.0,0.0,0.0,0.0,0.0,0.0,0.0,3.0,1.0,2.0,0.0,0.0,0.0,0.0,0.0,0.0,0.0,0.0,0.0,1.0,3.0,4.0,3.0,1.0,0.25,0.75,1.0,0.333
200794,Paul Millsap,1610612743,DEN,35.0,28.35,5,7,0.714,0,0,0.0,1,2,0.5,0,2,2,2,0,0,0,0,4,1,11,-6,0.045,114.3,125.5,0.061,0.111,0.0,59,0.0,0.698,82.54,113.6,98.88,0.0,0.091,99.05,125.9,20.0,-12.3,-11.3,0.126,0.714,0.125,0.0,3.0,0.0,0.091,5.0,22.0,0.091,0.0,23.0,2.0,0.0,2.0,1.0,1.0,0.0,0.0,0.0,0.0,0.0,0.0,0.0,2.0,0.0,0.0,0.5,0.0,2.0,0.0,3.0,30.0,1.1,0.0,1.333,2.28,1.333,3.0,19.0,0.367,1.4,0.0,3.6,3.0,3.6,2.0,0.0,0.5,0.0,0.0,0.0,0.667,4.0,0.0,0.0,2.0,0.0,0.0,0.0,0.0,0.5,1.0,0.667,0.0,0.0,,,,,,,,,,,,,,5.0,0.714,0.0,0.8,0.0,4.0,0.714,5.0,0.8,,4.0,0.8,0.0,2.0,0.0,0.5,0.0,0.286,1.0,1.0,0.5,0.0,0.286,2.0,0.5,,,,,,,,,,,,,,,1.0,,2.0,1.0,1.0,,,1.0,4.0,0.0,0.0,0.667,0.714,0.0,1.0,0.0,4.0,0.0,0.0,0.0,0.0,0.333,3.0,0.0,0.0,0.0,0.0,0.0,0.0,1.0,4.0,0.0,0.0,0.0,0.0,0.0,0.0,0.0,0.0,4.0,1.0,31.0,16.0,0.373,0.516,0.628,-0.111,0.0,0.0,,1.0,,,0.0,0.0,1.0,4.0,0.0,0.0,,0.0,0.0,0.0,0.0,0.0,4.0,2.0,0.0,,,0.0,0.0,1.0,1.0,0.0,,,,,0.0,2020,41900233,20200907.0,2019-20,True,1.0,2.0,5.0,0.4,0.433,-0.033,1.0,3.0,0.333,0.372,1.0,2.0,0.5,0.467,0.0,1.0,0.0,0.541,2.0,4.0,0.5,0.394,2.0,3.0,0.0,0.0,0.0,1.333,0.0,0.0,0.0,0.0,0.0,0.0,0.0,0.0,4.0,2.0,2.0,0.0,0.0,0.0,0.0,0.0,0.0,0.0,0.0,0.0,0.0,2.0,2.0,0.0,0.0,0.0,1.0,0.0,0.0
200794,Paul Millsap,1610612743,DEN,35.0,26.53333333333333,4,6,0.667,0,0,0.0,0,0,0.0,0,1,1,1,4,1,0,0,2,1,8,-3,0.026,115.7,118.7,0.024,0.059,36.4,51,0.0,0.667,77.64,117.6,94.94,0.25,0.048,93.17,121.2,9.1,-3.5,-3.0,0.176,0.667,0.179,36.4,2.0,0.0,0.067,3.0,15.0,0.067,0.0,16.0,1.0,1.0,2.0,0.5,1.0,0.0,0.25,0.25,0.0,0.0,1.0,0.25,4.0,0.0,0.0,0.5,1.0,2.0,0.0,3.0,24.0,1.1,0.0,1.333,2.64,0.0,0.0,15.0,0.333,1.46,1.0,6.0,1.0,6.0,0.0,0.0,0.167,0.0,0.0,0.0,1.0,6.0,0.0,0.0,0.0,0.0,1.0,0.0,1.0,0.167,5.0,1.0,1.0,0.0,1.0,0.0,0.167,0.0,0.0,1.0,1.0,1.0,1.0,0.167,1.0,1.0,,2.0,0.333,0.0,0.5,0.0,1.0,0.333,2.0,0.5,,1.0,0.5,0.0,3.0,0.0,0.667,0.0,0.5,2.0,2.0,0.667,0.0,0.5,3.0,0.667,,,,,,,,,,,,,,,0.0,,0.0,,,,,0.0,0.0,0.0,0.0,0.0,0.667,0.0,1.0,0.0,4.0,0.0,0.0,0.0,0.0,0.5,2.0,0.0,0.0,0.0,0.0,0.0,0.0,1.0,3.0,0.0,0.0,0.0,0.0,0.0,0.0,0.0,0.0,4.0,0.75,186.0,118.0,0.393,0.634,0.625,0.01,0.0,0.0,0.0,0.6,0.0,0.0,0.0,0.0,0.0,3.0,0.0,1.0,0.0,0.0,0.0,0.0,1.0,0.0,5.0,1.0,0.0,0.0,0.0,0.0,0.0,0.0,0.0,0.0,,,,,0.0,2020,21900942,20200307.0,2019-20,False,1.0,7.0,11.0,0.636,0.457,0.18,3.0,7.0,0.429,0.375,4.0,4.0,1.0,0.523,4.0,4.0,1.0,0.555,3.0,7.0,0.429,0.405,0.0,0.0,0.0,0.0,0.0,0.0,0.0,0.0,0.0,0.0,0.0,0.0,0.0,0.0,4.0,1.0,3.0,5.0,1.0,1.0,3.0,0.0,2.0,2.0,0.0,1.0,0.0,0.0,0.0,0.0,0.0,0.0,0.0,0.0,0.0
200794,Paul Millsap,1610612743,DEN,35.0,21.48333333333333,3,8,0.375,1,2,0.5,2,2,1.0,0,4,4,1,1,0,1,1,3,1,9,-12,0.089,99.5,124.5,0.059,0.19,9.1,43,0.0,0.507,80.99,100.0,97.59,1.0,0.077,97.19,125.0,9.1,-25.0,-25.0,0.209,0.438,0.213,9.2,1.0,0.0,0.056,3.0,18.0,0.056,0.0,17.0,1.0,0.0,1.0,0.0,0.0,0.0,0.0,0.0,0.0,0.0,0.0,0.5,2.0,0.0,0.0,0.0,1.0,0.0,0.0,3.0,26.0,0.8,0.0,1.333,1.91,0.667,3.0,17.0,0.346,1.04,0.0,6.9,6.0,6.9,4.0,0.0,0.333,0.0,0.0,0.0,0.667,12.0,0.0,0.0,4.0,0.0,0.0,0.0,0.0,0.333,7.0,0.667,0.0,0.0,0.0,0.0,0.125,0.0,0.0,0.0,0.0,1.0,0.0,0.125,0.0,1.0,,3.0,0.375,0.0,0.667,0.0,2.0,0.375,3.0,0.667,,2.0,0.667,0.0,1.0,0.0,0.0,0.0,0.125,0.0,0.0,0.0,0.0,0.125,1.0,0.0,,0.375,1.0,0.0,0.125,2.0,0.25,0.0,0.5,0.5,1.0,3.0,0.333,1.0,0.0,0.0,0.0,0.0,0.0,,0.0,1.0,2.0,0.0,0.0,0.333,0.438,0.333,0.667,3.0,4.0,0.0,,0.0,0.0,0.0,2.0,2.0,0.5,0.0,0.0,0.0,0.0,0.0,2.0,0.0,0.0,1.0,,0.0,,2.0,0.0,2.0,1.0,99.0,62.0,0.409,0.626,0.621,0.005,0.0,0.5,,0.667,,,,2.0,0.0,2.0,,0.0,,,0.0,1.0,0.0,0.0,3.0,2.0,0.0,,,0.0,0.0,0.0,1.0,3.0,0.5,2.0,1.0,0.5,1.0,2020,21900335,20191208.0,2019-20,False,1.0,1.0,7.0,0.143,0.382,-0.239,0.0,2.0,0.0,0.339,1.0,5.0,0.2,0.44,1.0,5.0,0.2,0.479,0.0,2.0,0.0,0.34,1.0,3.0,0.0,0.0,0.0,0.667,0.0,0.0,0.0,0.0,0.0,0.0,0.0,0.0,4.0,3.0,1.0,0.0,0.0,0.0,0.0,0.0,0.0,0.0,0.0,0.0,0.0,0.0,0.0,0.0,0.0,0.0,0.0,0.0,0.0
200794,Paul Millsap,1610612743,DEN,35.0,19.316666666666663,8,13,0.615,4,5,0.8,2,3,0.667,2,5,7,3,0,2,1,1,0,2,22,14,0.194,154.0,112.3,0.247,0.25,0.0,40,0.125,0.768,84.9,150.0,99.3,0.0,0.214,101.88,109.5,17.6,40.5,41.7,0.341,0.769,0.326,0.0,5.0,1.0,0.174,7.0,23.0,0.13,0.0,25.0,4.0,0.0,5.0,0.875,3.0,0.125,0.0,0.0,2.0,1.0,0.0,0.25,8.0,0.5,1.0,0.6,2.0,7.0,0.0,3.0,37.0,1.3,0.0,1.0,2.06,0.0,0.0,26.0,0.595,1.16,0.0,6.3,10.0,5.4,5.0,1.0,0.583,1.0,0.0,0.667,0.556,12.0,0.0,2.0,7.0,0.0,0.0,0.667,0.0,0.636,3.0,0.5,0.0,8.4,,,,,,,,,,,,,,5.0,0.385,0.0,0.6,0.0,3.0,0.385,5.0,0.6,,3.0,0.6,0.0,2.0,0.0,0.5,0.0,0.154,1.0,1.0,0.5,0.0,0.154,2.0,0.5,,0.462,4.0,0.0,0.077,5.0,0.385,0.0,0.8,1.0,1.0,6.0,0.667,4.0,1.0,0.0,2.0,0.333,0.333,,0.0,3.0,0.0,0.0,0.0,0.0,0.769,0.8,1.0,12.0,3.0,0.0,0.0,0.0,0.0,0.667,3.0,5.0,0.8,0.0,0.0,0.0,0.0,2.0,2.0,0.0,0.0,4.0,0.0,0.0,0.0,2.0,0.0,3.0,0.667,147.0,95.0,0.389,0.646,0.628,0.019,2.0,0.8,,0.667,,,0.0,5.0,1.0,2.0,0.0,0.5,,0.0,0.0,4.0,1.0,0.0,3.0,2.0,0.0,,,0.0,0.0,1.0,1.0,5.0,0.8,5.0,4.0,1.2,4.0,2020,21900799,20200210.0,2019-20,False,1.0,9.0,13.0,0.692,0.493,0.199,4.0,4.0,1.0,0.383,5.0,9.0,0.556,0.544,4.0,4.0,1.0,0.606,4.0,4.0,1.0,0.397,0.0,0.0,0.0,0.0,0.0,0.0,0.0,0.0,0.0,0.0,0.0,0.0,0.0,0.0,4.0,2.0,2.0,3.0,0.0,0.0,0.0,0.0,1.0,1.0,0.0,1.0,0.0,1.0,1.0,0.0,0.0,0.0,1.0,0.0,0.0
200794,Paul Millsap,1610612743,DEN,35.0,16.466666666666665,0,2,0.0,0,1,0.0,0,0,0.0,1,1,2,4,1,2,0,0,3,1,0,4,0.065,106.6,101.0,0.022,0.077,14.3,36,0.056,0.0,87.45,111.1,106.63,4.0,0.286,104.94,100.0,57.1,11.1,5.6,0.072,0.0,0.071,14.3,4.0,1.0,0.25,12.0,20.0,0.2,0.0,12.0,5.0,0.0,1.0,0.0,0.0,0.0,0.0,0.0,0.0,0.0,0.0,0.0,1.0,0.0,0.0,0.0,0.0,0.0,1.0,3.0,24.0,0.9,0.0,0.0,2.28,0.0,0.0,13.0,0.0,1.08,1.0,6.4,3.0,9.7,1.0,1.0,0.286,1.0,1.0,0.25,0.5,7.0,1.0,0.0,1.0,0.0,0.0,0.25,0.0,0.333,4.0,0.333,0.5,3.1,,,,,,,,,,,,,,,,,,,,,,,,,,,2.0,1.0,0.0,0.0,1.0,0.0,0.0,0.0,0.5,0.5,1.0,0.0,0.0,,,,,,,,,,,,,,0.0,0.0,0.0,0.0,0.0,,0.0,1.0,0.0,0.0,0.0,0.0,0.0,0.0,0.0,0.0,0.0,0.0,0.0,0.0,0.0,0.0,0.0,1.0,0.0,0.0,0.0,0.0,0.0,0.0,0.0,0.0,0.0,0.0,0.0,0.0,0.0,1.0,0.0,0.0,0.0,126.0,80.0,0.394,0.635,0.627,0.008,0.0,0.0,,0.0,,,0.0,1.0,0.0,0.0,0.0,0.0,,0.0,0.0,0.0,0.0,0.0,0.0,0.0,0.0,,,0.0,0.0,0.0,1.0,1.0,0.0,1.0,0.0,0.0,0.0,2020,21900459,20191225.0,2019-20,False,1.0,5.0,7.0,0.714,0.483,0.232,2.0,3.0,0.667,0.391,3.0,4.0,0.75,0.537,3.0,3.0,1.0,0.582,2.0,3.0,0.667,0.403,0.0,0.0,0.0,0.0,0.0,0.0,0.0,0.0,0.0,0.0,0.0,0.0,0.0,0.0,4.0,2.0,2.0,2.0,0.0,0.0,0.0,0.0,0.0,0.0,0.0,0.0,1.0,0.0,1.0,1.0,1.0,1.0,0.0,1.0,1.0
200794,Paul Millsap,1610612743,DEN,35.0,20.166666666666668,8,11,0.727,2,3,0.667,5,6,0.833,1,2,3,1,0,5,0,0,3,3,23,12,0.091,138.8,115.5,0.216,0.143,0.0,46,0.053,0.843,92.23,137.0,106.58,0.0,0.063,110.68,108.5,6.7,28.4,23.3,0.288,0.818,0.298,0.0,5.0,0.0,0.111,3.0,27.0,0.037,2.0,28.0,3.0,0.0,1.0,1.0,0.0,0.5,0.0,0.0,2.0,2.0,0.0,0.0,2.0,1.0,1.0,0.0,0.0,2.0,3.0,3.0,43.0,1.2,0.667,2.0,1.64,1.5,2.0,29.0,0.535,0.74,0.0,3.0,2.0,3.0,2.0,0.0,1.0,0.0,0.0,1.0,1.0,3.0,0.0,1.0,3.0,0.0,0.0,1.0,0.0,1.0,1.0,1.0,0.0,2.9,1.0,0.0,0.182,0.0,0.0,2.0,2.0,2.0,1.0,0.182,1.0,2.0,,3.0,0.273,0.0,0.333,0.0,1.0,0.273,3.0,0.333,,1.0,0.333,0.0,3.0,0.0,1.0,0.0,0.273,3.0,3.0,1.0,0.0,0.273,3.0,1.0,,0.273,2.0,0.0,0.0,3.0,0.273,,0.667,1.0,0.0,3.0,0.667,2.0,1.0,0.0,2.0,0.5,0.5,,0.0,2.0,3.0,0.5,2.0,1.0,0.818,0.667,1.0,6.0,6.0,0.0,0.0,1.0,,0.0,1.0,3.0,0.667,0.0,0.0,0.0,0.0,0.0,5.0,,,2.0,0.0,0.0,0.0,1.0,1.0,6.0,0.833,61.0,35.0,0.43,0.574,0.624,-0.051,1.0,0.5,,0.833,0.0,,0.0,2.0,0.0,5.0,0.0,0.0,,0.0,1.0,1.0,0.0,1.0,6.0,0.0,1.0,0.0,0.0,1.0,1.0,0.0,1.0,3.0,0.667,3.0,2.0,1.0,2.0,2020,21900186,20191117.0,2019-20,False,1.0,6.0,11.0,0.545,0.493,0.053,2.0,4.0,0.5,0.381,4.0,7.0,0.571,0.549,4.0,7.0,0.571,0.571,2.0,4.0,0.5,0.378,1.0,1.0,1.0,2.0,0.5,1.5,0.0,0.0,0.0,0.0,0.0,0.0,1.0,0.5,9.0,5.0,4.0,4.0,0.0,1.0,2.0,0.0,2.0,2.0,0.0,1.0,0.0,1.0,1.0,0.0,0.0,0.0,1.0,0.0,0.0
200794,Paul Millsap,1610612743,DEN,35.0,29.98333333333333,8,14,0.571,2,3,0.667,3,3,1.0,2,6,8,2,3,1,1,0,4,2,21,-2,0.131,96.5,104.6,0.171,0.2,15.0,64,0.065,0.685,86.05,98.4,101.98,0.67,0.125,103.26,100.0,10.0,-1.6,-8.1,0.264,0.643,0.257,14.8,5.0,0.0,0.063,5.0,32.0,0.063,0.0,26.0,2.0,0.0,2.0,1.4,2.0,0.2,0.0,0.0,2.0,2.0,0.0,0.4,5.0,1.0,1.0,1.0,2.0,7.0,0.0,6.0,50.0,2.0,0.0,1.333,2.34,0.5,4.0,31.0,0.42,1.2,2.0,4.5,8.0,5.1,5.0,0.0,0.727,0.0,0.5,0.4,0.75,11.0,1.0,1.0,6.0,0.0,1.0,0.4,0.167,0.727,5.0,0.75,0.25,2.7,1.0,0.0,0.071,0.0,0.0,1.0,1.0,1.0,1.0,0.071,1.0,1.0,,5.0,0.357,0.0,0.6,0.0,3.0,0.357,5.0,0.6,,3.0,0.6,0.0,5.0,2.0,0.5,1.0,0.357,2.0,1.0,0.333,0.143,0.214,3.0,0.4,0.5,0.214,1.0,1.0,0.143,1.0,0.071,0.5,1.0,0.833,2.0,3.0,0.667,2.0,1.0,0.0,2.0,0.333,0.333,,0.0,3.0,2.0,0.0,0.0,0.25,0.643,0.667,1.0,6.0,8.0,0.0,0.0,0.333,0.0,0.333,3.0,2.0,1.0,0.0,0.0,0.0,0.0,1.0,4.0,0.0,1.0,2.0,0.0,1.0,0.0,3.0,1.0,5.0,0.8,90.0,57.0,0.429,0.633,0.626,0.008,0.0,1.0,0.0,0.667,0.0,0.0,0.0,2.0,0.5,4.0,0.0,0.333,0.0,0.0,0.0,2.0,1.0,1.0,6.0,3.0,0.0,0.0,0.0,0.0,0.0,1.0,2.0,3.0,0.667,3.0,2.0,1.0,2.0,2020,21900304,20191203.0,2019-20,False,1.0,8.0,13.0,0.615,0.494,0.121,1.0,4.0,0.25,0.357,7.0,9.0,0.778,0.562,5.0,6.0,0.833,0.667,2.0,6.0,0.333,0.367,1.0,4.0,0.0,0.0,0.0,0.5,0.0,0.0,0.0,0.0,0.0,0.0,0.0,0.0,7.0,4.0,3.0,2.0,0.0,0.0,0.0,1.0,0.0,1.0,1.0,0.0,0.0,7.0,7.0,3.0,2.0,0.0,1.0,1.0,0.667
200794,Paul Millsap,1610612743,DEN,35.0,20.58333333333333,2,6,0.333,1,2,0.5,0,0,0.0,2,4,6,1,2,0,0,2,2,2,5,1,0.143,99.2,102.9,0.047,0.222,22.2,37,0.083,0.417,72.87,110.8,93.51,0.5,0.063,87.45,105.3,11.1,5.5,-3.7,0.169,0.417,0.167,22.2,2.0,0.0,0.063,3.0,16.0,0.063,0.0,15.0,1.0,0.0,1.0,0.0,0.0,0.0,0.0,0.0,0.0,0.0,0.0,0.0,1.0,0.0,0.0,0.0,0.0,0.0,1.0,3.0,26.0,1.0,2.0,0.0,2.29,0.5,4.0,18.0,0.192,1.46,3.0,3.7,5.0,4.0,2.0,0.0,0.545,0.0,0.5,0.333,0.8,11.0,1.0,1.0,3.0,0.0,2.0,0.333,0.5,0.545,6.0,0.8,0.5,3.2,0.0,0.0,0.5,0.0,0.0,0.0,0.0,3.0,0.0,0.5,0.0,3.0,,1.0,0.167,0.0,1.0,0.0,1.0,0.167,1.0,1.0,,1.0,1.0,0.0,2.0,2.0,0.75,1.0,0.333,1.0,0.0,,0.333,0.0,0.0,0.5,0.5,,,,,,,,,,,,,,0.0,0.0,0.0,,,,0.0,0.0,2.0,1.0,2.0,0.5,0.417,0.5,0.0,3.0,0.0,0.0,0.0,0.0,0.0,0.25,4.0,2.0,0.5,0.0,0.0,0.0,0.0,1.0,0.0,0.0,0.0,1.0,0.0,0.0,0.0,0.0,0.0,0.0,0.0,95.0,61.0,0.404,0.642,0.625,0.017,0.0,0.5,0.0,1.0,,0.0,0.0,2.0,0.0,1.0,0.0,0.0,0.0,0.0,0.0,1.0,0.0,0.0,1.0,3.0,0.0,,,0.0,0.0,0.0,0.0,2.0,0.5,2.0,1.0,0.75,1.0,2020,21900323,20191206.0,2019-20,False,1.0,3.0,8.0,0.375,0.455,-0.08,2.0,5.0,0.4,0.369,1.0,3.0,0.333,0.514,1.0,1.0,1.0,0.658,2.0,6.0,0.333,0.382,1.0,2.0,0.0,0.0,0.0,0.5,1.0,0.25,0.0,0.0,0.0,0.0,0.0,0.0,7.0,2.0,5.0,0.0,0.0,0.0,0.0,1.0,0.0,1.0,1.0,0.0,0.0,0.0,0.0,0.0,0.0,0.0,0.0,0.0,0.0
200794,Paul Millsap,1610612743,DEN,35.0,24.366666666666667,5,7,0.714,1,1,1.0,2,2,1.0,3,1,4,4,2,0,0,1,2,1,13,2,0.121,147.1,141.4,0.108,0.048,14.3,45,0.25,0.825,73.05,142.2,86.05,2.0,0.2,87.66,140.9,28.6,1.3,5.6,0.204,0.786,0.196,14.4,5.0,0.0,0.208,9.0,24.0,0.167,1.0,20.0,5.0,0.0,1.0,1.333,1.0,0.333,0.0,0.333,2.0,2.0,1.0,0.333,3.0,1.0,1.0,1.0,1.0,4.0,1.0,6.0,34.0,1.0,0.0,1.0,1.82,0.0,0.0,21.0,0.382,0.94,2.0,2.8,4.0,5.9,1.0,1.0,0.571,1.0,0.667,1.0,0.333,7.0,2.0,1.0,2.0,0.0,0.0,1.0,0.0,0.667,3.0,0.25,0.5,1.8,,,,,,,,,,,,,,5.0,0.714,0.0,0.6,0.0,3.0,0.714,5.0,0.6,,3.0,0.6,0.0,,,,,,,,,,,,,,0.286,1.0,1.0,0.143,1.0,0.143,1.0,1.0,1.25,1.0,2.0,1.0,2.0,0.0,0.0,0.0,,,,0.0,0.0,0.0,0.0,0.0,0.0,0.786,1.0,0.75,3.0,6.0,0.0,0.0,0.0,0.0,1.0,1.0,1.0,1.0,0.0,0.0,0.0,0.0,1.0,3.0,0.0,0.0,1.0,0.0,0.0,0.0,0.0,0.0,5.0,0.6,212.0,134.0,0.383,0.632,0.629,0.003,0.0,1.0,,0.667,,,0.0,1.0,0.0,4.0,0.0,0.0,,0.0,0.0,1.0,0.0,0.0,6.0,0.0,0.0,,,0.0,0.0,0.0,0.0,1.0,1.0,1.0,1.0,1.5,1.0,2020,21901296,20200810.0,2019-20,False,1.0,7.0,11.0,0.636,0.491,0.145,1.0,2.0,0.5,0.357,6.0,9.0,0.667,0.555,6.0,6.0,1.0,0.644,1.0,3.0,0.333,0.354,0.0,0.0,0.0,0.0,0.0,0.0,0.0,0.0,0.0,0.0,0.0,0.0,0.0,0.0,4.0,2.0,2.0,1.0,0.0,0.0,0.0,0.0,0.0,0.0,0.0,0.0,0.0,1.0,1.0,0.0,0.0,0.0,1.0,0.0,0.0
200794,Paul Millsap,1610612743,DEN,35.0,28.098333333333333,2,6,0.333,0,1,0.0,2,3,0.667,3,5,8,1,3,0,0,2,2,2,6,9,0.129,101.5,87.2,0.044,0.143,27.3,56,0.111,0.41,81.14,108.9,102.29,0.33,0.056,97.37,89.7,9.1,19.3,14.3,0.161,0.333,0.159,26.5,2.0,0.0,0.063,3.0,16.0,0.063,0.0,11.0,1.0,0.0,3.0,0.75,1.0,0.0,0.0,0.0,0.0,0.0,0.0,0.25,4.0,0.0,0.0,0.333,1.0,3.0,1.0,5.0,26.0,1.2,0.0,0.6,2.8,0.0,1.0,12.0,0.231,1.54,5.0,5.6,9.0,4.0,2.0,0.0,0.533,0.0,0.667,0.5,0.556,15.0,2.0,1.0,3.0,0.0,3.0,0.5,0.6,0.533,6.0,0.556,0.625,8.3,0.0,0.0,0.167,0.0,0.0,0.0,0.0,1.0,0.0,0.167,0.0,1.0,,4.0,0.667,0.0,0.5,0.0,2.0,0.667,4.0,0.5,,2.0,0.5,0.0,,,,,,,,,,,,,,0.167,0.0,0.0,0.0,1.0,0.167,,0.0,0.0,0.0,1.0,0.0,0.0,0.0,1.0,0.0,0.0,0.0,0.0,0.0,1.0,0.0,0.0,0.0,0.0,0.333,0.0,1.0,0.0,3.0,0.0,0.0,1.0,0.0,0.0,0.0,1.0,0.0,0.0,0.0,0.0,0.0,0.0,1.0,0.0,0.0,0.0,0.0,0.0,0.0,1.0,1.0,4.0,0.25,58.0,28.0,0.382,0.483,0.636,-0.153,0.0,0.0,,0.25,0.0,,0.0,1.0,1.0,1.0,0.0,0.0,,0.0,0.0,0.0,0.0,0.0,4.0,0.0,0.0,0.0,0.0,0.0,0.0,1.0,1.0,0.0,,0.0,0.0,,0.0,2020,41900312,20200920.0,2019-20,True,1.0,3.0,17.0,0.176,0.493,-0.317,2.0,10.0,0.2,0.351,1.0,7.0,0.143,0.565,1.0,4.0,0.25,0.665,2.0,11.0,0.182,0.355,0.0,0.0,0.0,0.0,0.0,0.0,0.0,0.0,0.0,0.0,1.0,1.0,0.0,0.0,7.0,2.0,5.0,3.0,0.0,1.0,2.0,0.0,1.0,1.0,0.0,1.0,0.0,3.0,3.0,1.0,0.0,0.0,1.0,1.0,0.0
200794,Paul Millsap,1610612743,DEN,35.0,25.98333333333333,9,11,0.818,4,6,0.667,3,4,0.75,2,5,7,0,1,1,2,0,4,3,25,15,0.146,133.6,99.3,0.19,0.167,7.1,58,0.111,0.98,88.52,127.6,106.04,0.0,0.0,106.22,103.5,0.0,24.1,34.2,0.236,1.0,0.23,7.3,0.0,0.0,0.0,0.0,23.0,0.0,0.0,20.0,0.0,0.0,0.0,0.0,0.0,0.0,0.0,0.0,0.0,0.0,0.0,0.0,0.0,0.0,0.0,0.0,0.0,0.0,2.0,7.0,37.0,1.3,2.0,1.0,2.04,0.0,1.0,20.0,0.676,1.19,2.0,5.6,9.0,6.4,4.0,1.0,0.583,1.0,0.5,0.5,0.625,12.0,1.0,1.0,5.0,0.0,1.0,0.5,0.2,0.636,4.0,0.556,0.286,3.4,,,,,,,,,,,,,,5.0,0.455,0.0,1.0,0.0,5.0,0.455,5.0,1.0,,5.0,1.0,0.0,1.0,1.0,1.5,1.0,0.091,1.0,0.0,,0.091,0.0,0.0,1.0,1.0,0.455,3.0,0.0,0.0,5.0,0.455,,0.6,0.9,0.0,5.0,0.6,3.0,0.0,0.0,0.0,,,,0.0,0.0,0.0,1.0,4.0,0.0,1.0,0.667,1.0,12.0,7.0,0.0,0.0,1.0,0.0,0.0,0.0,6.0,0.667,0.0,0.0,0.0,0.0,0.0,4.0,0.0,0.0,4.0,0.0,0.0,0.0,1.0,1.0,4.0,1.0,168.0,106.0,0.397,0.631,0.626,0.005,0.0,0.8,,1.0,0.0,,0.0,5.0,1.0,4.0,0.0,0.0,,0.0,0.0,4.0,0.0,1.0,4.0,0.0,0.0,0.0,0.0,0.0,0.0,1.0,1.0,6.0,0.667,6.0,4.0,1.0,4.0,2020,21900844,20200223.0,2019-20,False,1.0,9.0,17.0,0.529,0.427,0.102,2.0,6.0,0.333,0.322,7.0,11.0,0.636,0.516,7.0,11.0,0.636,0.538,2.0,6.0,0.333,0.317,0.0,0.0,0.0,0.0,0.0,0.0,1.0,1.0,0.0,0.0,0.0,0.0,0.0,0.0,9.0,5.0,4.0,2.0,0.0,1.0,2.0,0.0,0.0,0.0,0.0,0.0,2.0,0.0,2.0,2.0,2.0,1.0,0.0,1.0,1.0
200794,Paul Millsap,1610612743,DEN,35.0,26.633333333333333,6,13,0.462,1,3,0.333,0,0,0.0,7,2,9,3,1,1,2,2,3,1,13,-4,0.164,112.3,116.5,0.124,0.083,5.9,51,0.226,0.5,78.85,117.6,97.65,3.0,0.143,94.62,118.5,17.6,-0.9,-4.3,0.217,0.5,0.219,5.9,5.0,0.0,0.107,7.0,28.0,0.107,0.0,23.0,3.0,0.0,1.0,0.0,0.0,0.0,0.0,0.0,0.0,0.0,0.0,0.667,3.0,0.0,0.0,0.0,2.0,0.0,1.0,13.0,43.0,1.2,2.0,0.769,1.72,0.0,2.0,31.0,0.302,0.84,3.0,4.1,5.0,5.1,2.0,0.0,0.692,0.0,0.429,0.778,0.4,13.0,3.0,4.0,6.0,0.0,0.0,0.778,0.0,0.692,9.0,0.4,0.333,3.8,0.5,0.0,0.154,0.0,0.0,1.0,1.0,2.0,0.5,0.154,0.5,2.0,,6.0,0.462,0.0,0.5,0.0,3.0,0.462,6.0,0.5,,3.0,0.5,0.0,3.0,1.0,0.333,0.0,0.231,1.0,1.0,0.5,0.077,0.154,2.0,0.333,0.0,0.154,1.0,0.0,0.0,2.0,0.154,,0.5,0.75,0.0,2.0,0.5,1.0,0.0,0.0,0.0,,,,0.0,0.0,0.0,1.0,2.0,0.0,0.5,0.333,0.625,3.0,10.0,0.5,0.0,0.0,1.0,0.25,4.0,1.0,0.0,1.0,1.0,0.0,0.0,1.0,4.0,1.0,1.0,0.0,0.0,2.0,0.0,0.0,0.0,6.0,0.667,130.0,82.0,0.396,0.631,0.627,0.004,0.0,0.0,,0.571,0.0,,0.0,1.0,1.0,4.0,0.0,0.0,,0.0,0.0,0.0,0.0,2.0,7.0,2.0,0.5,0.0,0.0,1.0,0.0,1.0,1.0,3.0,0.333,3.0,1.0,0.5,1.0,2020,21900501,20191231.0,2019-20,False,1.0,3.0,8.0,0.375,0.466,-0.091,1.0,4.0,0.25,0.358,2.0,4.0,0.5,0.564,2.0,4.0,0.5,0.593,1.0,4.0,0.25,0.357,0.0,0.0,0.0,0.0,0.0,0.0,0.0,0.0,0.0,0.0,1.0,0.5,0.0,0.0,10.0,5.0,5.0,0.0,0.0,0.0,0.0,1.0,1.0,2.0,0.5,0.5,3.0,0.0,3.0,3.0,3.0,1.0,0.0,1.0,1.0
200794,Paul Millsap,1610612743,DEN,35.0,17.866666666666667,5,9,0.556,1,3,0.333,1,4,0.25,3,8,11,4,0,0,0,1,4,5,12,3,0.324,120.5,114.4,0.2,0.571,0.0,36,0.15,0.558,80.6,122.2,97.2,0.0,0.308,96.72,113.9,26.7,8.3,6.1,0.266,0.611,0.262,0.0,5.0,0.0,0.118,9.0,34.0,0.118,0.0,24.0,4.0,0.0,1.0,0.0,0.0,0.0,0.0,0.0,0.0,0.0,0.0,0.0,1.0,0.0,0.0,0.0,0.0,0.0,1.0,4.0,46.0,1.4,0.0,1.0,1.84,1.0,3.0,27.0,0.261,0.83,3.0,4.8,10.0,5.0,6.0,0.0,0.917,0.0,0.333,0.75,0.8,12.0,1.0,2.0,8.0,0.0,2.0,0.75,0.25,0.917,4.0,0.8,0.273,4.4,0.0,0.0,0.111,0.0,0.0,0.0,0.0,1.0,0.0,0.111,0.0,1.0,,1.0,0.111,0.0,1.0,0.0,1.0,0.111,1.0,1.0,,1.0,1.0,0.0,4.0,1.0,0.75,0.0,0.444,3.0,3.0,1.0,0.111,0.333,3.0,0.75,0.0,0.333,1.0,0.0,0.111,2.0,0.222,0.0,0.5,0.5,1.0,3.0,0.333,1.0,2.0,0.0,4.0,0.667,0.667,,0.0,3.0,3.0,0.0,0.0,1.0,0.611,0.333,1.0,3.0,4.0,0.0,0.0,0.5,0.0,0.5,2.0,3.0,0.333,0.0,0.0,0.0,0.0,1.0,2.0,0.0,0.0,1.0,0.0,0.0,0.0,2.0,1.0,2.0,1.0,144.0,92.0,0.395,0.639,0.628,0.011,2.0,1.0,,1.0,,,0.0,1.0,1.0,2.0,0.0,0.0,,0.0,0.5,1.0,0.0,2.0,2.0,1.0,0.0,,,0.0,1.0,1.0,1.0,3.0,0.333,3.0,1.0,0.5,1.0,2020,21900784,20200208.0,2019-20,False,1.0,5.0,9.0,0.556,0.493,0.063,0.0,2.0,0.0,0.375,5.0,7.0,0.714,0.541,5.0,6.0,0.833,0.58,0.0,3.0,0.0,0.363,1.0,1.0,1.0,2.0,0.5,1.0,0.0,0.0,0.0,0.0,0.0,0.0,1.0,0.333,3.0,2.0,1.0,3.0,0.0,4.0,9.0,0.0,0.0,0.0,0.0,0.0,1.0,2.0,3.0,2.0,2.0,0.333,0.667,1.0,1.0
200794,Paul Millsap,1610612743,DEN,35.0,21.25,2,5,0.4,0,2,0.0,2,4,0.5,2,3,5,2,1,1,0,0,3,3,6,1,0.122,95.1,89.2,0.074,0.13,10.0,42,0.111,0.444,80.0,95.2,96.86,2.0,0.182,96.0,90.7,20.0,4.5,5.9,0.169,0.4,0.174,10.2,4.0,1.0,0.25,6.0,12.0,0.167,0.0,15.0,3.0,1.0,0.0,0.0,0.0,0.0,0.5,0.0,0.0,0.0,0.0,0.5,2.0,0.0,0.0,0.0,1.0,0.0,1.0,5.0,22.0,1.0,0.0,0.4,2.6,0.0,1.0,18.0,0.273,1.68,2.0,3.7,4.0,4.5,2.0,1.0,0.833,1.0,0.5,1.0,1.0,6.0,1.0,1.0,3.0,0.0,1.0,1.0,0.333,1.0,2.0,0.75,0.4,2.5,1.0,0.0,0.2,0.0,0.0,1.0,1.0,1.0,1.0,0.2,1.0,1.0,,1.0,0.2,0.0,1.0,0.0,1.0,0.2,1.0,1.0,,1.0,1.0,0.0,1.0,1.0,0.0,0.0,0.2,0.0,0.0,,0.2,0.0,0.0,0.0,0.0,0.4,0.0,0.0,0.2,1.0,0.2,0.0,0.0,0.0,1.0,2.0,0.0,0.0,0.0,0.0,0.0,,,,0.0,0.0,0.0,0.0,0.0,0.0,0.4,0.0,0.5,0.0,2.0,0.0,0.0,0.0,0.0,0.5,2.0,0.0,0.0,2.0,0.0,0.0,0.0,1.0,1.0,0.0,0.0,0.0,0.0,2.0,0.0,0.0,0.0,1.0,1.0,42.0,21.0,0.389,0.5,0.625,-0.125,0.0,0.0,0.0,1.0,0.0,0.0,0.0,0.0,0.0,1.0,0.0,1.0,0.0,0.0,0.0,0.0,1.0,2.0,1.0,1.0,0.0,0.0,0.0,0.0,0.0,0.0,1.0,3.0,0.0,2.0,0.0,0.0,0.0,2020,41900236,20200913.0,2019-20,True,1.0,4.0,11.0,0.364,0.502,-0.138,0.0,2.0,0.0,0.418,4.0,9.0,0.444,0.542,3.0,7.0,0.429,0.59,1.0,4.0,0.25,0.416,0.0,0.0,0.0,0.0,0.0,0.0,1.0,1.0,0.0,0.0,0.0,0.0,0.0,0.0,5.0,3.0,2.0,1.0,0.0,1.0,2.0,0.0,0.0,0.0,0.0,0.0,0.0,0.0,0.0,0.0,0.0,0.0,0.0,0.0,0.0
200794,Paul Millsap,1610612743,DEN,35.0,22.266666666666666,1,5,0.2,0,3,0.0,0,1,0.0,0,2,2,1,1,0,0,0,2,4,2,-3,0.047,110.0,112.0,-0.031,0.1,14.3,44,0.0,0.184,79.04,109.1,96.1,1.0,0.056,94.85,115.9,14.3,-6.8,-2.0,0.132,0.2,0.122,13.4,0.0,0.0,0.077,2.0,13.0,0.077,0.0,11.0,1.0,0.0,2.0,0.5,1.0,0.0,0.0,0.0,0.0,0.0,0.0,0.5,4.0,0.0,0.0,0.5,2.0,2.0,0.0,0.0,18.0,0.9,0.0,0.0,3.0,0.0,0.0,12.0,0.111,1.61,0.0,7.0,3.0,7.0,2.0,0.0,0.333,0.0,0.0,0.0,0.667,6.0,0.0,0.0,2.0,0.0,0.0,0.0,0.0,0.333,4.0,0.667,0.0,0.0,,,,,,,,,,,,,,1.0,0.2,0.0,0.0,0.0,0.0,0.2,1.0,0.0,,0.0,0.0,0.0,3.0,2.0,0.333,0.0,0.6,1.0,1.0,1.0,0.4,0.2,1.0,0.333,0.0,0.2,0.0,0.0,0.0,1.0,0.2,,0.0,0.0,0.0,1.0,0.0,0.0,0.0,1.0,0.0,0.0,0.0,0.0,0.0,1.0,0.0,0.0,0.0,0.0,0.2,0.0,0.0,0.0,0.0,0.0,0.0,0.0,0.0,0.5,2.0,2.0,0.0,0.0,0.0,0.0,0.0,1.0,0.0,0.0,1.0,0.0,0.0,1.0,0.0,0.0,0.0,0.0,0.0,207.0,129.0,0.381,0.623,0.627,-0.004,0.0,0.0,,0.0,0.0,,0.0,2.0,0.0,0.0,0.0,1.0,,0.0,0.0,0.0,1.0,1.0,0.0,1.0,0.0,0.0,0.0,0.0,0.0,0.0,1.0,2.0,0.0,2.0,0.0,0.0,0.0,2020,21901281,20200808.0,2019-20,False,1.0,4.0,7.0,0.571,0.549,0.023,1.0,3.0,0.333,0.393,3.0,4.0,0.75,0.641,2.0,3.0,0.667,0.692,2.0,4.0,0.5,0.405,0.0,0.0,0.0,0.0,0.0,0.0,0.0,0.0,0.0,0.0,0.0,0.0,0.0,0.0,3.0,0.0,3.0,0.0,1.0,0.0,0.0,0.0,0.0,0.0,0.0,0.0,0.0,1.0,1.0,0.0,0.0,0.0,1.0,0.0,0.0
200794,Paul Millsap,1610612743,DEN,35.0,20.576666666666668,2,4,0.5,0,0,0.0,0,0,0.0,1,1,2,0,2,2,0,1,3,2,4,6,0.05,112.0,92.9,0.007,0.043,33.3,41,0.059,0.5,78.73,112.2,98.16,0.0,0.0,94.48,100.0,0.0,12.2,19.1,0.133,0.5,0.13,33.3,2.0,0.0,0.0,0.0,14.0,0.0,0.0,15.0,0.0,0.0,0.0,0.0,0.0,0.0,0.0,0.0,0.0,0.0,0.0,0.0,0.0,0.0,0.0,0.0,0.0,0.0,2.0,6.0,23.0,0.8,0.0,0.333,2.12,0.5,4.0,16.0,0.174,1.26,1.0,9.3,4.0,5.8,1.0,1.0,0.333,1.0,1.0,0.5,0.333,6.0,1.0,0.0,1.0,0.0,0.0,0.5,0.0,0.4,2.0,0.25,0.5,12.8,,,,,,,,,,,,,,3.0,0.75,0.0,0.333,0.0,1.0,0.75,3.0,0.333,,1.0,0.333,0.0,1.0,0.0,1.0,0.0,0.25,1.0,1.0,1.0,0.0,0.25,1.0,1.0,,,,,,,,,,,,,,,1.0,,2.0,1.0,1.0,,,1.0,2.0,0.0,0.0,1.0,0.5,0.0,0.333,0.0,2.0,0.0,0.0,0.0,0.0,1.0,1.0,0.0,0.0,0.0,0.0,0.0,0.0,1.0,1.0,0.0,0.0,0.0,0.0,0.0,0.0,0.0,0.0,3.0,0.333,84.0,52.0,0.426,0.619,0.62,-0.001,0.0,0.0,,0.333,,,0.0,0.0,1.0,1.0,0.0,0.0,,0.0,0.0,0.0,0.0,0.0,3.0,0.0,0.0,,,0.0,0.0,1.0,1.0,0.0,,,,,0.0,2020,21900280,20191130.0,2019-20,False,1.0,6.0,13.0,0.462,0.474,-0.013,1.0,2.0,0.5,0.367,5.0,11.0,0.455,0.529,4.0,8.0,0.5,0.57,1.0,4.0,0.25,0.388,1.0,1.0,0.0,0.0,0.0,0.5,0.0,0.0,0.0,0.0,1.0,0.25,0.0,0.0,7.0,6.0,1.0,4.0,0.0,0.0,0.0,1.0,0.0,1.0,1.0,0.0,0.0,0.0,0.0,0.0,0.0,0.0,0.0,0.0,0.0
200794,Paul Millsap,1610612743,DEN,35.0,16.591666666666665,3,5,0.6,1,1,1.0,3,3,1.0,1,4,5,3,1,0,0,1,3,2,10,16,0.139,126.5,82.5,0.19,0.211,11.1,30,0.059,0.791,73.53,136.7,90.73,3.0,0.25,88.24,80.6,33.3,56.0,44.1,0.196,0.7,0.167,9.7,3.0,0.0,0.167,7.0,18.0,0.167,0.0,13.0,3.0,0.0,2.0,1.5,1.0,0.0,0.0,0.0,0.0,0.0,0.0,0.0,2.0,0.0,0.0,0.5,0.0,3.0,1.0,1.0,25.0,1.0,2.0,0.0,2.41,0.0,1.0,13.0,0.4,1.4,3.0,6.2,6.0,6.4,1.0,0.0,0.625,0.0,0.0,0.5,0.667,8.0,0.0,1.0,2.0,0.0,3.0,0.5,0.75,0.625,2.0,0.667,0.6,5.3,,,,,,,,,,,,,,2.0,0.4,0.0,0.5,0.0,1.0,0.4,2.0,0.5,,1.0,0.5,0.0,2.0,0.0,0.5,0.0,0.4,1.0,1.0,0.5,0.0,0.4,2.0,0.5,,0.2,1.0,0.0,0.0,1.0,0.2,,1.0,1.5,0.0,1.0,1.0,1.0,0.0,0.0,0.0,0.0,0.0,,0.0,1.0,0.0,1.0,2.0,0.0,0.7,1.0,0.0,3.0,0.0,0.0,,0.0,,0.667,3.0,1.0,1.0,0.0,0.0,0.0,0.0,2.0,0.0,,,1.0,,0.0,,1.0,0.0,0.0,0.0,33.0,18.0,0.429,0.545,0.63,-0.085,1.0,1.0,,0.0,,,,1.0,0.0,0.0,,0.667,,,0.0,1.0,2.0,0.0,0.0,3.0,0.0,,,0.0,0.0,0.0,0.0,1.0,1.0,1.0,1.0,1.5,1.0,2020,21900102,20191105.0,2019-20,False,1.0,4.0,6.0,0.667,0.504,0.163,1.0,1.0,1.0,0.417,3.0,5.0,0.6,0.613,2.0,3.0,0.667,0.711,1.0,2.0,0.5,0.399,0.0,1.0,0.0,0.0,0.0,0.0,0.0,0.0,0.0,0.0,0.0,0.0,0.0,0.0,2.0,1.0,1.0,1.0,0.0,2.0,4.0,0.0,1.0,1.0,0.0,1.0,0.0,1.0,1.0,1.0,1.0,0.0,1.0,1.0,1.0
200794,Paul Millsap,1610612743,DEN,35.0,21.566666666666663,3,6,0.5,0,2,0.0,2,2,1.0,0,2,2,2,0,1,1,0,2,2,8,5,0.039,85.2,80.8,0.15,0.08,0.0,43,0.0,0.581,79.75,93.0,100.47,0.0,0.167,95.7,81.4,25.0,11.6,4.4,0.141,0.5,0.125,0.0,2.0,0.0,0.154,5.0,13.0,0.154,0.0,13.0,2.0,0.0,1.0,0.0,0.0,0.0,0.0,0.0,0.0,0.0,0.0,0.0,1.0,0.0,0.0,0.0,0.0,0.0,0.0,1.0,20.0,0.9,0.0,2.0,2.63,2.5,2.0,12.0,0.4,1.2,0.0,3.4,3.0,3.4,2.0,0.0,0.4,0.0,0.0,0.0,0.667,5.0,0.0,0.0,2.0,0.0,0.0,0.0,0.0,0.4,2.0,0.667,0.0,0.0,0.5,0.0,0.333,0.0,0.0,1.0,1.0,2.0,0.5,0.333,0.5,2.0,,2.0,0.333,0.0,1.0,0.0,2.0,0.333,2.0,1.0,,2.0,1.0,0.0,1.0,1.0,0.0,0.0,0.167,0.0,0.0,,0.167,0.0,0.0,0.0,0.0,0.167,0.0,0.0,0.0,1.0,0.167,,0.0,0.0,0.0,1.0,0.0,0.0,1.0,0.0,2.0,1.0,1.0,,0.0,1.0,5.0,0.0,0.0,1.0,0.5,0.0,1.0,0.0,2.0,0.0,0.0,0.0,0.0,1.0,1.0,2.0,0.0,0.0,0.0,0.0,0.0,1.0,2.0,0.0,0.0,0.0,0.0,0.0,0.0,0.0,0.0,3.0,0.667,12.0,6.0,0.545,0.5,0.612,-0.112,0.0,0.0,,0.667,0.0,,0.0,1.0,0.0,2.0,0.0,1.0,,0.0,0.0,0.0,1.0,1.0,3.0,1.0,0.0,0.0,0.0,0.0,0.0,0.0,0.0,2.0,0.0,2.0,0.0,0.0,0.0,2020,21900023,20191025.0,2019-20,False,1.0,3.0,9.0,0.333,0.47,-0.137,0.0,2.0,0.0,0.358,3.0,7.0,0.429,0.553,1.0,4.0,0.25,0.612,0.0,3.0,0.0,0.367,2.0,2.0,0.0,0.0,0.0,2.5,0.0,0.0,0.0,0.0,0.0,0.0,0.0,0.0,7.0,6.0,1.0,1.0,0.0,0.0,0.0,0.0,0.0,0.0,0.0,0.0,0.0,2.0,2.0,1.0,0.0,0.0,1.0,1.0,0.0
200794,Paul Millsap,1610612743,DEN,35.0,27.133333333333333,1,4,0.25,0,1,0.0,0,0,0.0,0,6,6,1,3,0,1,0,4,0,2,5,0.111,107.7,97.3,-0.005,0.176,37.5,57,0.0,0.25,84.03,105.3,99.28,0.33,0.048,100.84,96.5,12.5,8.8,10.4,0.119,0.25,0.117,37.5,3.0,0.0,0.118,3.0,17.0,0.059,1.0,15.0,2.0,0.0,1.0,0.0,0.0,0.0,0.0,0.0,0.0,0.0,0.0,0.5,2.0,0.0,0.0,0.0,1.0,0.0,0.0,1.0,27.0,1.1,0.0,0.0,2.45,1.0,2.0,14.0,0.074,1.44,1.0,7.1,11.0,7.1,5.0,1.0,0.462,1.0,0.0,0.0,0.6,13.0,0.0,0.0,5.0,0.0,1.0,0.0,0.167,0.5,2.0,0.545,0.167,0.0,,,,,,,,,,,,,,2.0,0.5,0.0,0.5,0.0,1.0,0.5,2.0,0.5,,1.0,0.5,0.0,2.0,1.0,0.0,0.0,0.5,0.0,0.0,0.0,0.25,0.25,1.0,0.0,0.0,,,,,,,,,,,,,,0.0,0.0,0.0,0.0,0.0,,0.0,1.0,2.0,0.0,0.0,0.5,0.25,0.0,0.0,0.0,0.0,0.0,0.0,0.0,0.0,1.0,1.0,0.0,0.0,0.0,0.0,0.0,0.0,1.0,0.0,0.0,1.0,0.0,0.0,1.0,0.0,2.0,0.0,0.0,0.0,158.0,99.0,0.389,0.627,0.629,-0.003,0.0,0.0,0.0,0.0,0.0,0.0,0.0,0.0,0.0,0.0,0.0,0.5,0.0,0.0,0.0,0.0,1.0,1.0,0.0,2.0,0.0,0.0,0.0,0.0,0.0,0.0,1.0,1.0,0.0,1.0,0.0,0.0,0.0,2020,21900831,20200221.0,2019-20,False,1.0,5.0,18.0,0.278,0.496,-0.219,1.0,4.0,0.25,0.383,4.0,14.0,0.286,0.543,3.0,11.0,0.273,0.557,1.0,4.0,0.25,0.417,1.0,2.0,0.0,0.0,0.0,1.0,0.0,0.0,0.0,0.0,0.0,0.0,0.0,0.0,9.0,4.0,5.0,0.0,0.0,0.0,0.0,0.0,1.0,1.0,0.0,1.0,2.0,0.0,2.0,0.0,0.0,1.0,0.0,0.0,0.0
200794,Paul Millsap,1610612743,DEN,35.0,21.58333333333333,4,10,0.4,1,4,0.25,1,2,0.5,2,4,6,3,2,0,2,1,2,2,10,13,0.154,144.5,108.8,0.068,0.182,12.5,40,0.118,0.46,75.98,150.0,94.21,1.5,0.158,91.18,111.9,18.8,38.1,35.7,0.277,0.45,0.277,12.6,4.0,0.0,0.188,7.0,16.0,0.188,0.0,19.0,3.0,0.0,2.0,0.75,1.0,0.25,0.0,0.25,2.0,1.0,1.0,0.25,4.0,0.5,1.0,0.5,1.0,3.0,0.0,4.0,29.0,1.1,0.0,0.5,2.35,1.0,2.0,21.0,0.345,1.66,3.0,3.6,7.0,3.5,2.0,0.0,0.545,1.0,0.5,0.5,0.571,11.0,1.0,1.0,3.0,1.0,2.0,0.667,0.5,0.6,4.0,0.571,0.5,3.8,,,,,,,,,,,,,,4.0,0.4,0.0,0.75,0.0,3.0,0.4,4.0,0.75,,3.0,0.75,0.0,4.0,2.0,0.0,0.0,0.4,0.0,0.0,0.0,0.2,0.2,2.0,0.0,0.0,0.2,1.0,0.0,0.0,2.0,0.2,,0.5,0.75,0.0,2.0,0.5,1.0,1.0,0.0,2.0,0.333,0.333,,0.0,3.0,2.0,0.0,0.0,0.5,0.45,0.25,0.5,3.0,2.0,0.5,0.0,0.5,0.5,0.0,1.0,2.0,0.0,0.0,1.0,0.0,0.0,0.0,2.0,1.0,2.0,0.0,0.0,2.0,0.0,2.0,1.0,3.0,0.667,94.0,60.0,0.414,0.638,0.625,0.014,0.0,0.0,,0.667,,,0.0,2.0,1.0,2.0,0.0,0.0,,0.0,0.0,0.0,0.0,2.0,3.0,2.0,0.5,,,1.0,0.0,1.0,1.0,4.0,0.25,4.0,1.0,0.375,1.0,2020,21900317,20191205.0,2019-20,False,1.0,6.0,17.0,0.353,0.464,-0.111,3.0,9.0,0.333,0.313,3.0,8.0,0.375,0.53,3.0,5.0,0.6,0.569,3.0,9.0,0.333,0.342,1.0,2.0,0.0,0.0,0.0,1.0,0.0,0.0,0.0,0.0,0.0,0.0,0.0,0.0,12.0,7.0,5.0,0.0,0.0,1.0,3.0,1.0,0.0,1.0,1.0,0.0,1.0,0.0,1.0,1.0,1.0,1.0,0.0,1.0,1.0
200794,Paul Millsap,1610612743,DEN,35.0,15.5,4,8,0.5,2,3,0.667,0,0,0.0,1,2,3,2,1,2,1,0,2,1,10,-4,0.097,94.1,112.2,0.147,0.182,9.1,32,0.05,0.625,82.58,100.0,102.32,2.0,0.222,99.1,112.5,18.2,-12.5,-18.1,0.237,0.625,0.237,9.1,4.0,0.0,0.111,4.0,18.0,0.111,0.0,17.0,2.0,0.0,1.0,0.0,0.0,0.0,0.0,0.0,0.0,0.0,0.0,0.0,1.0,0.0,0.0,0.0,0.0,0.0,2.0,2.0,27.0,0.9,0.0,1.0,2.0,1.0,2.0,18.0,0.37,1.26,2.0,3.0,3.0,3.0,1.0,0.0,0.375,0.0,1.0,0.2,0.667,8.0,1.0,0.0,1.0,0.0,1.0,0.2,0.5,0.375,5.0,0.667,0.667,2.9,,,,,,,,,,,,,,4.0,0.5,0.0,0.5,0.0,2.0,0.5,4.0,0.5,,2.0,0.5,0.0,3.0,2.0,1.0,2.0,0.375,2.0,0.0,0.0,0.25,0.125,1.0,0.667,1.0,0.125,0.0,0.0,0.0,1.0,0.125,,0.0,0.0,0.0,1.0,0.0,0.0,0.0,0.0,0.0,,,,0.0,0.0,2.0,0.0,0.0,1.0,0.625,0.5,0.5,6.0,2.0,1.0,,0.0,1.0,0.0,2.0,2.0,0.5,0.0,1.0,0.0,0.0,0.0,2.0,1.0,1.0,1.0,,1.0,,0.0,0.0,3.0,0.667,216.0,135.0,0.378,0.625,0.629,-0.004,0.0,0.5,,0.667,0.0,,,2.0,0.0,2.0,,0.0,,,0.0,1.0,0.0,1.0,3.0,0.0,1.0,0.0,0.0,1.0,0.0,0.0,2.0,4.0,0.667,3.0,2.0,0.75,2.0,2020,21901318,20200814.0,2019-20,False,1.0,2.0,7.0,0.286,0.466,-0.18,1.0,3.0,0.333,0.383,1.0,4.0,0.25,0.538,0.0,2.0,0.0,0.552,2.0,4.0,0.5,0.408,1.0,1.0,0.0,0.0,0.0,1.0,1.0,0.5,0.0,0.0,0.0,0.0,0.0,0.0,2.0,2.0,0.0,2.0,0.0,2.0,4.0,0.0,0.0,0.0,0.0,0.0,0.0,1.0,1.0,0.0,0.0,0.0,1.0,0.0,0.0
200794,Paul Millsap,1610612743,DEN,35.0,20.33333333333333,4,10,0.4,1,2,0.5,2,2,1.0,3,1,4,1,1,1,0,0,3,1,11,-3,0.095,106.6,105.0,0.072,0.048,7.7,40,0.143,0.506,78.69,100.0,92.63,1.0,0.091,94.43,107.5,7.7,-7.5,1.6,0.267,0.45,0.255,7.8,0.0,0.0,0.043,2.0,23.0,0.043,0.0,23.0,1.0,0.0,0.0,0.0,0.0,0.0,0.0,1.0,0.0,0.0,1.0,1.0,1.0,0.0,0.0,0.0,1.0,0.0,2.0,5.0,36.0,1.0,1.0,0.4,1.73,0.667,3.0,25.0,0.306,0.58,2.0,5.9,3.0,7.3,1.0,1.0,0.5,2.0,0.667,0.6,0.5,8.0,2.0,1.0,2.0,1.0,0.0,0.75,0.0,0.667,5.0,0.333,0.5,5.4,,,,,,,,,,,,,,4.0,0.4,0.0,0.0,0.0,0.0,0.4,4.0,0.0,,0.0,0.0,0.0,3.0,1.0,0.667,0.0,0.3,2.0,2.0,1.0,0.1,0.2,2.0,0.667,0.0,0.3,1.0,1.0,0.2,1.0,0.1,0.5,1.0,0.833,2.0,3.0,0.667,2.0,0.0,0.0,0.0,,,,0.0,0.0,2.0,1.0,2.0,0.0,0.45,0.5,0.333,5.0,2.0,0.0,0.0,0.5,0.0,0.0,1.0,1.0,1.0,1.0,0.0,0.0,0.0,0.0,2.0,0.0,0.0,1.0,0.0,1.0,0.0,2.0,1.0,5.0,0.4,182.0,114.0,0.394,0.626,0.626,0.001,0.0,0.0,,0.4,0.0,,0.0,0.0,0.5,2.0,0.0,0.0,,0.0,0.0,0.0,0.0,2.0,5.0,1.0,0.5,0.0,0.0,1.0,0.0,1.0,2.0,4.0,0.5,2.0,1.0,0.625,2.0,2020,21900926,20200305.0,2019-20,False,1.0,5.0,11.0,0.455,0.458,-0.004,2.0,4.0,0.5,0.381,3.0,7.0,0.429,0.506,3.0,5.0,0.6,0.537,2.0,4.0,0.5,0.385,0.0,2.0,2.0,2.0,1.0,0.667,0.0,0.0,0.0,0.0,0.0,0.0,1.0,0.333,7.0,4.0,3.0,3.0,0.0,0.0,0.0,0.0,1.0,1.0,0.0,1.0,1.0,5.0,6.0,4.0,0.0,0.167,0.833,0.8,0.0
200794,Paul Millsap,1610612743,DEN,35.0,28.08833333333333,4,7,0.571,0,2,0.0,2,2,1.0,1,7,8,2,3,1,0,0,2,3,10,21,0.163,130.4,91.0,0.1,0.233,23.1,60,0.053,0.635,84.73,125.0,99.83,0.67,0.08,101.68,91.5,15.4,33.5,39.4,0.18,0.571,0.175,23.3,2.0,0.0,0.083,5.0,24.0,0.083,0.0,18.0,2.0,0.0,1.0,1.0,1.0,0.0,0.0,0.5,0.0,0.0,1.0,0.5,2.0,0.0,0.0,1.0,1.0,2.0,0.0,1.0,36.0,1.3,0.0,2.0,2.15,0.0,2.0,20.0,0.278,1.19,2.0,9.1,10.0,9.0,6.0,2.0,0.615,2.0,1.0,0.333,0.875,13.0,1.0,0.0,6.0,0.0,1.0,0.333,0.143,0.727,3.0,0.7,0.25,9.7,,,,,,,,,,,,,,4.0,0.571,0.0,0.75,0.0,3.0,0.571,4.0,0.75,,3.0,0.75,0.0,2.0,1.0,0.5,0.0,0.286,1.0,1.0,1.0,0.143,0.143,1.0,0.5,0.0,0.143,0.0,0.0,0.0,1.0,0.143,,0.0,0.0,0.0,1.0,0.0,0.0,0.0,0.0,0.0,,,,0.0,0.0,0.0,0.0,0.0,0.0,0.571,0.0,1.0,0.0,2.0,0.0,0.0,0.0,0.0,1.0,1.0,1.0,0.0,,0.0,,,1.0,3.0,0.0,1.0,0.0,0.0,1.0,0.0,0.0,0.0,4.0,0.75,124.0,78.0,0.396,0.629,0.627,0.002,0.0,0.0,0.0,0.75,0.0,0.0,0.0,1.0,0.0,3.0,0.0,1.0,0.0,0.0,0.0,0.0,1.0,1.0,4.0,1.0,0.0,0.0,0.0,0.0,0.0,0.0,0.0,2.0,0.0,2.0,0.0,0.0,0.0,2020,21900451,20191223.0,2019-20,False,1.0,6.0,16.0,0.375,0.476,-0.101,2.0,5.0,0.4,0.361,4.0,11.0,0.364,0.577,4.0,10.0,0.4,0.625,2.0,6.0,0.333,0.378,0.0,1.0,0.0,0.0,0.0,0.0,1.0,0.5,1.0,0.5,0.0,0.0,0.0,0.0,9.0,6.0,3.0,2.0,0.0,0.0,0.0,0.0,0.0,0.0,0.0,0.0,0.0,1.0,1.0,0.0,0.0,0.0,1.0,0.0,0.0
200794,Paul Millsap,1610612743,DEN,35.0,19.816666666666663,3,9,0.333,0,1,0.0,2,3,0.667,1,2,3,1,0,0,2,1,1,2,8,5,0.063,97.4,83.2,0.056,0.077,0.0,47,0.045,0.388,94.87,95.7,114.18,0.0,0.059,113.84,85.1,9.1,10.6,14.2,0.202,0.333,0.192,0.0,1.0,0.0,0.1,2.0,10.0,0.1,0.0,13.0,1.0,0.0,1.0,0.5,0.0,0.5,0.0,0.0,2.0,1.0,0.0,0.0,2.0,0.5,1.0,0.0,0.0,1.0,2.0,6.0,20.0,0.7,1.5,1.167,2.07,0.0,2.0,14.0,0.4,1.25,0.0,5.6,8.0,7.6,2.0,0.0,0.214,3.0,0.0,0.167,0.25,14.0,0.0,1.0,3.0,3.0,0.0,0.333,0.0,0.273,6.0,0.25,0.0,1.7,,,,,,,,,,,,,,5.0,0.556,0.0,0.4,0.0,2.0,0.556,5.0,0.4,,2.0,0.4,0.0,3.0,0.0,0.333,0.0,0.333,1.0,1.0,0.333,0.0,0.333,3.0,0.333,,0.111,0.0,0.0,0.0,1.0,0.111,,0.0,0.0,0.0,1.0,0.0,0.0,0.0,1.0,0.0,0.0,0.0,0.0,0.0,2.0,0.0,1.0,3.0,0.0,0.333,0.0,0.6,0.0,7.0,0.0,0.0,0.0,0.0,0.0,1.0,1.0,0.0,0.0,0.0,0.0,0.0,0.0,3.0,0.0,0.0,0.0,0.0,0.0,0.0,1.0,0.0,6.0,0.5,77.0,48.0,0.418,0.623,0.62,0.004,1.0,0.0,,0.5,0.0,,0.0,0.0,0.0,3.0,0.0,0.0,,0.0,0.0,0.0,0.0,1.0,6.0,1.0,0.0,0.0,0.0,0.0,0.0,0.0,0.0,0.0,,0.0,0.0,,0.0,2020,21900252,20191126.0,2019-20,False,1.0,7.0,11.0,0.636,0.472,0.165,3.0,6.0,0.5,0.319,4.0,5.0,0.8,0.495,4.0,4.0,1.0,0.558,3.0,7.0,0.429,0.343,0.0,1.0,0.0,0.0,0.0,0.0,1.0,0.5,0.0,0.0,0.0,0.0,0.0,0.0,9.0,5.0,4.0,1.0,0.0,0.0,0.0,1.0,1.0,2.0,0.5,0.5,0.0,0.0,0.0,0.0,0.0,0.0,0.0,0.0,0.0
200794,Paul Millsap,1610612743,DEN,35.0,19.07333333333333,1,3,0.333,1,2,0.5,2,2,1.0,0,5,5,0,2,1,0,0,2,2,5,-7,0.167,112.6,134.4,0.058,0.278,33.3,36,0.0,0.644,74.45,111.1,88.69,0.0,0.0,89.34,134.3,0.0,-23.2,-21.8,0.157,0.5,0.158,34.0,0.0,0.0,0.0,0.0,13.0,0.0,0.0,9.0,0.0,0.0,1.0,0.0,0.0,0.0,0.0,0.0,0.0,0.0,0.0,0.5,2.0,0.0,0.0,0.0,1.0,0.0,0.0,0.0,18.0,0.6,0.0,0.0,2.15,2.0,1.0,8.0,0.278,1.17,1.0,5.2,7.0,5.2,4.0,0.0,0.714,0.0,0.0,0.0,0.714,7.0,0.0,0.0,4.0,0.0,1.0,0.0,0.2,0.714,1.0,0.714,0.2,0.0,,,,,,,,,,,,,,,,,,,,,,,,,,,2.0,1.0,0.75,1.0,0.667,1.0,0.0,0.0,0.333,0.333,1.0,0.5,1.0,0.333,0.0,0.0,0.0,1.0,0.333,,0.0,0.0,0.0,1.0,0.0,0.0,0.0,0.0,0.0,0.0,0.0,,0.0,1.0,2.0,0.0,0.0,0.0,0.5,0.5,0.0,3.0,0.0,0.0,,0.0,0.0,0.0,1.0,2.0,0.5,0.0,0.0,0.0,0.0,0.0,0.0,0.0,0.0,1.0,,0.0,,0.0,0.0,0.0,0.0,18.0,8.0,0.474,0.444,0.631,-0.186,0.0,0.0,,0.0,,,,1.0,0.0,0.0,,0.0,,,0.0,0.0,0.0,1.0,0.0,1.0,1.0,,,1.0,0.0,0.0,0.0,2.0,0.5,2.0,1.0,0.75,1.0,2020,41900166,20200830.0,2019-20,True,1.0,3.0,6.0,0.5,0.523,-0.023,1.0,1.0,1.0,0.383,2.0,5.0,0.4,0.562,2.0,5.0,0.4,0.576,1.0,1.0,1.0,0.385,0.0,0.0,2.0,2.0,1.0,2.0,0.0,0.0,0.0,0.0,0.0,0.0,1.0,1.0,3.0,2.0,1.0,2.0,0.0,0.0,0.0,0.0,0.0,0.0,0.0,0.0,0.0,4.0,4.0,2.0,2.0,0.0,1.0,1.0,1.0
200794,Paul Millsap,1610612743,DEN,35.0,33.516666666666666,5,11,0.455,2,5,0.4,0,1,0.0,1,7,8,3,2,1,1,0,4,2,12,3,0.121,111.3,109.5,0.076,0.194,12.5,70,0.033,0.524,82.94,110.0,97.96,1.5,0.111,99.53,107.2,18.8,2.8,1.8,0.186,0.545,0.178,12.2,5.0,0.0,0.125,7.0,24.0,0.125,0.0,26.0,3.0,1.0,2.0,0.5,1.0,0.0,0.25,0.0,0.0,0.0,0.0,0.25,4.0,0.0,0.0,0.5,1.0,2.0,0.0,5.0,38.0,1.9,0.0,0.4,3.03,0.8,5.0,23.0,0.316,1.95,4.0,5.1,8.0,5.6,4.0,0.0,0.667,0.0,1.0,0.25,0.875,12.0,1.0,0.0,4.0,0.0,3.0,0.25,0.429,0.667,4.0,0.875,0.5,2.3,,0.0,0.0,0.091,1.0,0.0,0.0,1.0,0.0,0.091,0.0,0.0,0.0,3.0,0.273,0.0,0.667,0.0,2.0,0.273,3.0,0.667,,2.0,0.667,0.0,4.0,1.0,0.625,1.0,0.364,2.0,1.0,0.333,0.091,0.273,3.0,0.5,1.0,0.273,1.0,0.0,0.0,3.0,0.273,,0.333,0.5,0.0,3.0,0.333,1.0,1.0,2.0,2.0,0.2,0.2,0.0,0.0,5.0,4.0,0.0,0.0,0.5,0.545,0.667,0.5,6.0,2.0,1.0,0.0,0.5,1.0,0.333,3.0,4.0,0.25,0.0,1.0,0.0,0.0,1.0,1.0,1.0,1.0,1.0,0.0,1.0,0.0,2.0,1.0,1.0,1.0,192.0,122.0,0.381,0.635,0.627,0.009,1.0,0.333,0.0,0.5,0.0,0.0,0.0,3.0,1.0,1.0,0.0,0.5,0.0,0.0,0.0,1.0,1.0,2.0,2.0,2.0,0.5,0.0,0.0,1.0,0.0,1.0,1.0,3.0,0.667,3.0,2.0,1.0,2.0,2020,21900973,20200311.0,2019-20,False,1.0,7.0,20.0,0.35,0.472,-0.122,4.0,12.0,0.333,0.363,3.0,8.0,0.375,0.573,3.0,5.0,0.6,0.638,4.0,12.0,0.333,0.368,2.0,4.0,0.0,0.0,0.0,0.8,1.0,0.2,1.0,0.2,0.0,0.0,0.0,0.0,8.0,4.0,4.0,2.0,0.0,0.0,0.0,0.0,0.0,0.0,0.0,0.0,1.0,1.0,2.0,1.0,1.0,0.5,0.5,0.5,0.5
200794,Paul Millsap,1610612743,DEN,35.0,19.166666666666668,1,4,0.25,0,1,0.0,2,2,1.0,1,2,3,1,1,0,0,0,3,2,4,-11,0.088,106.8,138.2,0.006,0.143,14.3,39,0.05,0.41,82.43,105.1,95.22,1.0,0.083,98.92,130.0,14.3,-24.9,-31.4,0.142,0.25,0.143,14.5,2.0,0.0,0.063,2.0,16.0,0.063,0.0,13.0,1.0,0.0,0.0,0.0,0.0,0.0,0.0,0.0,0.0,0.0,0.0,0.0,0.0,0.0,0.0,0.0,0.0,0.0,1.0,2.0,24.0,0.9,2.0,1.0,2.18,1.0,2.0,12.0,0.167,1.38,2.0,5.9,4.0,3.8,1.0,0.0,0.429,0.0,1.0,0.333,0.5,7.0,1.0,0.0,1.0,0.0,1.0,0.333,0.5,0.429,3.0,0.5,0.667,10.2,,,,,,,,,,,,,,,,,,,,,,,,,,,3.0,0.0,0.333,0.0,0.75,1.0,1.0,0.333,0.0,0.75,3.0,0.333,,0.25,0.0,0.0,0.0,1.0,0.25,,0.0,0.0,0.0,1.0,0.0,0.0,0.0,0.0,0.0,0.0,0.0,,0.0,1.0,2.0,0.0,2.0,0.5,0.25,0.0,0.0,0.0,2.0,0.0,0.0,0.333,0.0,0.0,0.0,1.0,0.0,0.0,0.0,0.0,0.0,0.0,0.0,0.0,0.0,0.0,0.0,0.0,0.0,3.0,1.0,0.0,0.0,14.0,6.0,0.438,0.429,0.629,-0.2,0.0,0.0,,0.0,0.0,,0.0,1.0,0.0,0.0,0.0,0.5,,0.0,0.0,0.0,1.0,0.0,0.0,2.0,0.0,0.0,0.0,0.0,0.0,0.0,1.0,1.0,0.0,1.0,0.0,0.0,0.0,2020,41900165,20200825.0,2019-20,True,1.0,0.0,3.0,0.0,0.525,-0.525,0.0,1.0,0.0,0.383,0.0,2.0,0.0,0.593,0.0,2.0,0.0,0.604,0.0,1.0,0.0,0.385,1.0,2.0,0.0,0.0,0.0,1.0,0.0,0.0,0.0,0.0,0.0,0.0,0.0,0.0,1.0,1.0,0.0,0.0,0.0,1.0,2.0,1.0,0.0,1.0,1.0,0.0,0.0,5.0,5.0,0.0,0.0,0.0,1.0,0.0,0.0
200794,Paul Millsap,1610612743,DEN,35.0,23.85,3,6,0.5,1,3,0.333,6,8,0.75,2,7,9,0,3,3,2,0,2,5,13,-16,0.225,99.4,132.4,0.14,0.438,25.0,50,0.083,0.683,83.86,98.0,98.98,0.0,0.0,100.63,130.0,0.0,-32.0,-33.0,0.244,0.583,0.226,24.0,2.0,0.0,0.0,0.0,24.0,0.0,0.0,20.0,0.0,0.0,2.0,1.0,1.0,0.0,0.0,0.0,0.0,0.0,0.0,0.0,2.0,0.0,0.0,0.5,0.0,2.0,0.0,2.0,37.0,1.5,0.0,1.0,2.36,0.0,1.0,22.0,0.351,1.24,5.0,4.1,9.0,3.2,4.0,0.0,0.563,0.0,1.0,0.286,0.778,16.0,2.0,0.0,4.0,0.0,3.0,0.286,0.429,0.563,7.0,0.778,0.556,7.1,1.0,0.0,0.167,0.0,0.0,1.0,1.0,1.0,1.0,0.167,1.0,1.0,,2.0,0.333,0.0,0.5,0.0,1.0,0.333,2.0,0.5,,1.0,0.5,0.0,2.0,2.0,0.75,1.0,0.333,1.0,0.0,,0.333,0.0,0.0,0.5,0.5,0.167,0.0,0.0,0.0,1.0,0.167,,0.0,0.0,0.0,1.0,0.0,0.0,1.0,0.0,2.0,1.0,1.0,,0.0,1.0,0.0,0.0,0.0,0.0,0.583,0.333,1.0,3.0,2.0,0.0,0.0,0.0,0.0,0.5,2.0,3.0,0.333,0.0,0.0,0.0,0.0,1.0,1.0,0.0,0.0,1.0,0.0,0.0,0.0,0.0,0.0,1.0,1.0,26.0,15.0,0.441,0.577,0.634,-0.057,0.0,0.333,,1.0,,,0.0,3.0,1.0,1.0,0.0,0.0,,0.0,0.0,1.0,0.0,0.0,1.0,1.0,0.0,,,0.0,0.0,1.0,1.0,3.0,0.333,3.0,1.0,0.5,1.0,2020,41900231,20200903.0,2019-20,True,1.0,12.0,16.0,0.75,0.46,0.29,4.0,4.0,1.0,0.41,8.0,12.0,0.667,0.506,5.0,6.0,0.833,0.58,5.0,6.0,0.833,0.418,0.0,0.0,0.0,0.0,0.0,0.0,0.0,0.0,0.0,0.0,1.0,1.0,0.0,0.0,10.0,8.0,2.0,4.0,1.0,0.0,0.0,1.0,1.0,2.0,0.5,0.5,1.0,0.0,1.0,1.0,1.0,1.0,0.0,1.0,1.0
200794,Paul Millsap,1610612743,DEN,35.0,24.93,4,9,0.444,0,2,0.0,1,2,0.5,1,2,3,0,0,0,0,1,4,1,9,0,0.048,99.5,105.3,0.018,0.069,0.0,50,0.029,0.455,80.22,108.0,101.62,0.0,0.0,96.27,108.0,0.0,0.0,-5.8,0.159,0.444,0.156,0.0,1.0,0.0,0.0,0.0,14.0,0.0,0.0,16.0,0.0,0.0,2.0,0.667,1.0,0.0,0.0,0.0,0.0,0.0,0.0,0.333,3.0,0.0,0.0,0.5,1.0,2.0,0.0,1.0,23.0,0.9,0.0,0.0,2.37,1.0,4.0,19.0,0.391,1.39,1.0,10.8,5.0,13.4,2.0,0.0,0.3,0.0,1.0,0.2,0.4,10.0,1.0,0.0,2.0,0.0,0.0,0.2,0.0,0.3,5.0,0.4,0.333,5.6,1.0,0.0,0.111,0.0,0.0,1.0,1.0,1.0,1.0,0.111,1.0,1.0,,5.0,0.556,0.0,0.4,0.0,2.0,0.556,5.0,0.4,,2.0,0.4,0.0,2.0,1.0,0.5,0.0,0.222,1.0,1.0,1.0,0.111,0.111,1.0,0.5,0.0,0.111,0.0,0.0,0.0,1.0,0.111,,0.0,0.0,0.0,1.0,0.0,0.0,1.0,0.0,2.0,0.5,0.5,,0.0,2.0,4.0,0.0,0.0,0.667,0.444,0.0,0.0,0.0,0.0,0.0,0.0,0.5,0.0,0.333,3.0,1.0,0.0,0.0,0.0,0.0,0.0,1.0,2.0,0.0,1.0,0.0,0.0,1.0,0.0,2.0,1.0,2.0,1.0,16.0,7.0,0.444,0.438,0.618,-0.181,0.0,0.0,,1.0,,,0.0,1.0,0.5,2.0,0.0,0.333,,0.0,0.0,0.0,1.0,1.0,2.0,3.0,0.0,,,0.0,0.0,1.0,2.0,2.0,0.0,2.0,0.0,0.0,0.0,2020,21900050,20191028.0,2019-20,False,1.0,5.0,14.0,0.357,0.474,-0.116,3.0,7.0,0.429,0.371,2.0,7.0,0.286,0.52,2.0,5.0,0.4,0.569,3.0,9.0,0.333,0.388,2.0,3.0,0.0,0.0,0.0,1.0,1.0,0.25,0.0,0.0,0.0,0.0,0.0,0.0,6.0,2.0,4.0,0.0,0.0,0.0,0.0,0.0,1.0,1.0,0.0,1.0,1.0,0.0,1.0,1.0,1.0,1.0,0.0,1.0,1.0
200794,Paul Millsap,1610612743,DEN,35.0,35.34,6,13,0.462,2,6,0.333,2,2,1.0,3,4,7,4,1,0,2,0,3,1,16,-2,0.115,136.9,132.1,0.092,0.154,5.3,68,0.086,0.576,78.66,138.2,95.97,4.0,0.129,94.4,135.2,21.1,3.0,4.9,0.187,0.538,0.185,5.3,5.0,0.0,0.148,9.0,27.0,0.148,0.0,23.0,4.0,1.0,3.0,0.5,1.0,0.0,0.25,0.0,0.0,0.0,0.0,0.0,4.0,0.0,0.0,0.333,0.0,2.0,1.0,3.0,42.0,1.6,0.0,0.667,2.25,1.0,4.0,25.0,0.381,1.24,1.0,5.7,10.0,6.5,4.0,4.0,0.5,4.0,0.333,0.75,0.667,14.0,1.0,2.0,6.0,0.0,0.0,0.75,0.0,0.7,4.0,0.4,0.143,4.6,,,,,,,,,,,,,,7.0,0.538,0.0,0.571,0.0,4.0,0.538,7.0,0.571,,4.0,0.571,0.0,4.0,4.0,0.375,1.0,0.308,1.0,0.0,,0.308,0.0,0.0,0.25,0.25,0.154,1.0,0.0,0.0,2.0,0.154,,0.5,0.75,0.0,2.0,0.5,1.0,1.0,0.0,2.0,0.5,0.5,,0.0,2.0,4.0,0.0,0.0,1.0,0.538,0.333,1.0,6.0,2.0,0.0,0.0,0.5,0.0,1.0,1.0,5.0,0.4,1.0,0.0,0.0,0.0,1.0,2.0,0.0,0.0,2.0,0.0,1.0,0.0,2.0,1.0,4.0,0.5,12.0,6.0,0.414,0.5,0.628,-0.128,0.0,0.4,0.0,0.5,0.0,0.0,0.0,5.0,0.5,2.0,0.0,1.0,0.0,0.0,0.0,2.0,1.0,1.0,4.0,1.0,0.0,0.0,0.0,0.0,0.0,1.0,2.0,6.0,0.333,6.0,2.0,0.5,2.0,2020,41900164,20200823.0,2019-20,True,1.0,6.0,14.0,0.429,0.475,-0.046,3.0,6.0,0.5,0.388,3.0,8.0,0.375,0.548,3.0,8.0,0.375,0.564,3.0,6.0,0.5,0.398,1.0,1.0,2.0,2.0,1.0,1.0,2.0,0.5,1.0,0.25,0.0,0.0,1.0,0.25,8.0,3.0,5.0,1.0,0.0,4.0,10.0,1.0,0.0,1.0,1.0,0.0,1.0,0.0,1.0,1.0,1.0,1.0,0.0,1.0,1.0
200794,Paul Millsap,1610612743,DEN,35.0,14.083333333333334,0,1,0.0,0,0,0.0,3,4,0.75,2,1,3,1,1,1,1,0,0,3,3,-15,0.111,75.4,136.5,0.097,0.077,20.0,26,0.143,0.543,75.27,76.9,88.89,1.0,0.167,90.32,129.6,20.0,-52.7,-61.1,0.132,0.0,0.138,21.0,3.0,0.0,0.056,3.0,18.0,0.056,0.0,10.0,1.0,0.0,0.0,0.0,0.0,0.0,0.0,0.0,0.0,0.0,0.0,0.5,2.0,0.0,0.0,0.0,1.0,0.0,0.0,3.0,22.0,0.8,0.0,0.333,2.25,0.0,1.0,13.0,0.136,1.0,3.0,4.0,1.0,3.8,0.0,0.0,0.6,0.0,1.0,0.5,1.0,5.0,2.0,0.0,0.0,0.0,1.0,0.5,1.0,0.6,4.0,1.0,1.0,4.1,,,,,,,,,,,,,,,,,,,,,,,,,,,1.0,0.0,0.0,0.0,1.0,0.0,0.0,0.0,0.0,1.0,1.0,0.0,,,,,,,,,,,,,,,0.0,,0.0,0.0,0.0,,,1.0,0.0,0.0,0.0,0.0,0.0,0.0,0.0,0.0,1.0,0.0,0.0,0.0,0.0,0.0,0.0,0.0,0.0,0.0,0.0,0.0,0.0,0.0,0.0,0.0,0.0,0.0,0.0,0.0,0.0,1.0,0.0,0.0,0.0,32.0,16.0,0.372,0.5,0.629,-0.129,0.0,0.0,,0.0,,,0.0,0.0,0.0,0.0,0.0,0.0,,0.0,0.0,0.0,0.0,0.0,0.0,1.0,0.0,,,0.0,0.0,0.0,0.0,0.0,,,,,0.0,2020,41900234,20200909.0,2019-20,True,1.0,2.0,3.0,0.667,0.455,0.212,1.0,1.0,1.0,0.418,1.0,2.0,0.5,0.492,0.0,1.0,0.0,0.597,2.0,2.0,1.0,0.435,0.0,1.0,0.0,0.0,0.0,0.0,0.0,0.0,0.0,0.0,0.0,0.0,0.0,0.0,4.0,4.0,0.0,2.0,0.0,0.0,0.0,0.0,0.0,0.0,0.0,0.0,1.0,1.0,2.0,2.0,1.0,0.5,0.5,1.0,0.5
200794,Paul Millsap,1610612743,DEN,35.0,24.696666666666665,5,8,0.625,1,2,0.5,0,0,0.0,0,4,4,3,2,1,1,0,5,1,11,11,0.085,119.0,103.7,0.092,0.154,15.4,51,0.0,0.688,81.79,121.6,98.38,1.5,0.15,98.15,102.0,23.1,19.6,15.3,0.172,0.688,0.169,15.4,3.0,0.0,0.136,7.0,22.0,0.136,0.0,20.0,3.0,0.0,2.0,2.0,2.0,0.0,0.0,0.0,0.0,0.0,0.0,0.0,2.0,0.0,0.0,1.0,0.0,4.0,2.0,4.0,34.0,1.3,0.0,0.5,2.26,0.0,3.0,20.0,0.324,1.06,1.0,6.8,7.0,6.8,3.0,2.0,0.5,2.0,0.0,0.0,0.8,8.0,0.0,0.0,3.0,0.0,1.0,0.0,0.25,0.667,1.0,0.571,0.25,0.0,,,,,,,,,,,,,,3.0,0.375,0.0,0.667,0.0,2.0,0.375,3.0,0.667,,2.0,0.667,0.0,4.0,1.0,0.875,1.0,0.5,3.0,2.0,0.667,0.125,0.375,3.0,0.75,1.0,0.125,0.0,0.0,0.0,1.0,0.125,,0.0,0.0,0.0,1.0,0.0,0.0,0.0,1.0,0.0,0.0,0.0,0.0,0.0,2.0,0.0,0.0,0.0,0.0,0.688,1.0,1.0,3.0,2.0,0.0,0.0,0.0,0.0,0.5,2.0,2.0,0.5,0.0,0.0,0.0,0.0,1.0,3.0,0.0,0.0,1.0,0.0,0.0,0.0,1.0,0.0,3.0,1.0,112.0,72.0,0.396,0.643,0.621,0.022,0.0,0.0,,0.75,,,0.0,0.0,0.0,3.0,0.0,1.0,,0.0,0.0,0.0,1.0,2.0,4.0,1.0,0.5,,,1.0,0.0,0.0,1.0,1.0,1.0,1.0,1.0,1.5,1.0,2020,21900427,20191220.0,2019-20,False,1.0,6.0,13.0,0.462,0.447,0.015,0.0,4.0,0.0,0.334,6.0,9.0,0.667,0.566,6.0,8.0,0.75,0.612,0.0,5.0,0.0,0.333,0.0,2.0,0.0,0.0,0.0,0.0,1.0,0.333,1.0,0.333,0.0,0.0,0.0,0.0,6.0,3.0,3.0,1.0,0.0,0.0,0.0,0.0,0.0,0.0,0.0,0.0,0.0,4.0,4.0,2.0,0.0,0.0,1.0,1.0,0.0
200794,Paul Millsap,1610612743,DEN,35.0,31.6,6,11,0.545,1,1,1.0,1,1,1.0,4,6,10,2,3,0,2,2,1,1,14,18,0.161,109.1,83.9,0.129,0.188,18.8,67,0.133,0.612,84.81,110.4,102.2,0.67,0.087,101.77,83.6,12.5,26.9,25.1,0.19,0.591,0.182,18.2,4.0,0.0,0.12,5.0,25.0,0.08,1.0,22.0,3.0,0.0,0.0,0.0,0.0,0.0,0.0,0.0,0.0,0.0,0.0,0.0,0.0,0.0,0.0,0.0,0.0,0.0,1.0,8.0,39.0,1.4,0.0,0.5,2.16,0.5,4.0,26.0,0.359,1.1,5.0,4.8,8.0,5.7,4.0,0.0,0.667,0.0,0.75,0.571,0.75,15.0,3.0,1.0,5.0,0.0,2.0,0.571,0.333,0.667,7.0,0.75,0.5,3.4,0.571,0.0,0.636,0.0,0.0,4.0,4.0,7.0,0.571,0.636,0.571,7.0,,2.0,0.182,0.0,0.5,0.0,1.0,0.182,2.0,0.5,,1.0,0.5,0.0,1.0,0.0,0.0,0.0,0.091,0.0,0.0,0.0,0.0,0.091,1.0,0.0,,0.091,1.0,0.0,0.0,1.0,0.091,,1.0,1.5,0.0,1.0,1.0,1.0,1.0,0.0,2.0,0.5,0.5,,0.0,2.0,2.0,0.0,0.0,1.0,0.591,1.0,0.333,3.0,4.0,1.0,0.0,0.0,0.0,0.5,2.0,0.0,0.0,1.0,1.0,1.0,1.0,1.0,4.0,0.0,0.0,0.0,0.0,1.0,0.0,2.0,0.0,6.0,0.667,68.0,39.0,0.42,0.574,0.622,-0.049,0.0,0.0,,0.667,,,0.0,0.0,0.0,4.0,0.0,0.5,,0.0,0.0,0.0,1.0,1.0,6.0,2.0,1.0,,,1.0,0.0,0.0,2.0,1.0,1.0,1.0,1.0,1.5,1.0,2020,21900222,20191122.0,2019-20,False,1.0,5.0,8.0,0.625,0.442,0.183,3.0,4.0,0.75,0.37,2.0,4.0,0.5,0.488,2.0,3.0,0.667,0.527,3.0,4.0,0.75,0.388,1.0,1.0,0.0,0.0,0.0,0.5,1.0,0.25,0.0,0.0,2.0,0.5,0.0,0.0,10.0,6.0,4.0,1.0,0.0,0.0,0.0,0.0,1.0,1.0,0.0,1.0,2.0,2.0,4.0,3.0,2.0,0.5,0.5,1.0,0.667
200794,Paul Millsap,1610612743,DEN,35.0,16.8,1,3,0.333,1,2,0.5,2,2,1.0,1,5,6,3,3,0,0,1,5,2,5,8,0.176,103.4,85.1,0.095,0.25,30.0,33,0.071,0.644,77.38,106.1,93.66,1.0,0.273,92.86,84.4,30.0,21.7,18.3,0.192,0.5,0.189,30.4,2.0,0.0,0.136,6.0,22.0,0.136,0.0,20.0,3.0,0.0,1.0,0.0,0.0,0.0,0.0,0.0,0.0,0.0,0.0,0.0,2.0,0.0,0.0,0.0,0.0,0.0,1.0,0.0,30.0,1.1,0.0,0.0,2.11,0.0,0.0,16.0,0.167,1.13,1.0,5.7,7.0,5.1,4.0,0.0,0.667,0.0,0.0,0.5,0.714,9.0,0.0,1.0,5.0,0.0,1.0,0.5,0.2,0.667,2.0,0.714,0.167,8.9,,,,,,,,,,,,,,1.0,0.333,0.0,0.0,0.0,0.0,0.333,1.0,0.0,,0.0,0.0,0.0,,,,,,,,,,,,,,0.667,1.0,0.0,0.0,2.0,0.667,,0.5,0.75,0.0,2.0,0.5,1.0,0.0,0.0,0.0,,,,0.0,0.0,0.0,0.0,0.0,0.0,0.5,0.5,0.0,3.0,0.0,1.0,0.0,0.0,0.0,0.0,0.0,1.0,0.0,1.0,1.0,1.0,1.0,0.0,0.0,0.0,0.0,0.0,0.0,1.0,0.0,0.0,0.0,1.0,0.0,68.0,38.0,0.384,0.559,0.644,-0.085,0.0,0.0,,0.0,,,0.0,1.0,0.0,0.0,0.0,0.0,,0.0,0.0,0.0,0.0,1.0,1.0,0.0,1.0,,,1.0,0.0,0.0,0.0,2.0,0.5,2.0,1.0,0.75,1.0,2020,41900314,20200924.0,2019-20,True,1.0,6.0,11.0,0.545,0.5,0.046,1.0,3.0,0.333,0.362,5.0,8.0,0.625,0.57,5.0,6.0,0.833,0.665,1.0,4.0,0.25,0.364,0.0,0.0,0.0,0.0,0.0,0.0,0.0,0.0,0.0,0.0,0.0,0.0,0.0,0.0,3.0,1.0,2.0,0.0,0.0,0.0,0.0,1.0,0.0,1.0,1.0,0.0,0.0,2.0,2.0,0.0,0.0,0.0,1.0,0.0,0.0
200794,Paul Millsap,1610612743,DEN,35.0,22.916666666666668,2,6,0.333,0,1,0.0,1,2,0.5,1,4,5,2,1,0,0,0,4,3,5,2,0.109,118.7,120.4,0.014,0.167,10.0,46,0.045,0.363,79.42,121.7,96.35,2.0,0.111,95.3,120.0,20.0,1.7,-1.7,0.154,0.333,0.16,10.1,3.0,0.0,0.105,4.0,19.0,0.105,0.0,17.0,2.0,0.0,0.0,0.0,0.0,0.0,0.0,1.0,0.0,0.0,1.0,1.0,1.0,0.0,0.0,0.0,1.0,0.0,0.0,4.0,27.0,1.3,0.0,1.0,2.85,1.0,1.0,17.0,0.185,1.89,1.0,4.8,5.0,4.2,3.0,0.0,1.0,0.0,0.0,1.0,0.8,5.0,0.0,1.0,4.0,0.0,1.0,1.0,0.25,1.0,1.0,0.8,0.2,7.4,,,,,,,,,,,,,,4.0,0.667,0.0,0.25,0.0,1.0,0.667,4.0,0.25,,1.0,0.25,0.0,1.0,1.0,0.0,0.0,0.167,0.0,0.0,,0.167,0.0,0.0,0.0,0.0,0.167,0.0,1.0,0.167,0.0,0.0,1.0,,1.0,1.0,1.0,1.0,1.0,0.0,1.0,0.0,0.0,0.0,0.0,0.0,1.0,1.0,0.0,0.0,0.0,0.333,0.0,0.667,0.0,4.0,0.0,0.0,0.0,0.0,0.5,2.0,1.0,0.0,0.0,0.0,0.0,0.0,1.0,1.0,0.0,0.0,0.0,0.0,0.0,0.0,0.0,0.0,3.0,0.333,215.0,135.0,0.381,0.628,0.629,-0.001,0.0,0.0,0.0,0.333,,0.0,0.0,1.0,0.0,1.0,0.0,0.5,0.0,0.0,0.0,0.0,1.0,0.0,3.0,2.0,0.0,,,0.0,0.0,0.0,0.0,0.0,,0.0,0.0,,0.0,2020,21901307,20200812.0,2019-20,False,1.0,5.0,11.0,0.455,0.482,-0.027,2.0,5.0,0.4,0.398,3.0,6.0,0.5,0.53,1.0,4.0,0.25,0.58,4.0,7.0,0.571,0.411,0.0,0.0,1.0,2.0,0.5,1.0,0.0,0.0,0.0,0.0,0.0,0.0,1.0,1.0,6.0,3.0,3.0,0.0,0.0,0.0,0.0,0.0,0.0,0.0,0.0,0.0,1.0,0.0,1.0,0.0,0.0,1.0,0.0,0.0,0.0
200794,Paul Millsap,1610612743,DEN,35.0,15.933333333333334,3,7,0.429,0,1,0.0,0,0,0.0,2,3,5,0,2,0,1,1,2,0,6,-1,0.172,129.6,131.7,0.029,0.214,22.2,32,0.133,0.429,80.33,128.1,95.68,0.0,0.0,96.4,131.3,0.0,-3.1,-2.2,0.239,0.429,0.237,22.2,2.0,0.0,0.0,0.0,12.0,0.0,0.0,12.0,0.0,1.0,2.0,0.667,1.0,0.0,0.333,0.0,0.0,0.0,0.0,0.0,3.0,0.0,0.0,0.5,0.0,2.0,0.0,3.0,21.0,1.2,0.0,1.333,3.55,0.0,1.0,14.0,0.286,1.33,1.0,6.7,3.0,7.8,3.0,0.0,1.0,0.0,0.5,1.0,1.0,5.0,1.0,0.0,3.0,0.0,0.0,1.0,0.0,1.0,2.0,1.0,0.2,3.4,,,,,,,,,,,,,,5.0,0.714,0.0,0.4,0.0,2.0,0.714,5.0,0.4,,2.0,0.4,0.0,2.0,1.0,0.5,0.0,0.286,1.0,1.0,1.0,0.143,0.143,1.0,0.5,0.0,,,,,,,,,,,,,,0.0,0.0,0.0,0.0,0.0,,0.0,1.0,0.0,0.0,0.0,0.0,0.429,0.0,0.667,0.0,4.0,0.0,0.0,0.0,0.0,0.0,2.0,0.0,0.0,1.0,0.0,0.0,0.0,0.0,3.0,0.0,0.0,0.0,0.0,1.0,0.0,0.0,0.0,4.0,0.75,100.0,63.0,0.385,0.63,0.621,0.009,0.0,0.0,,0.75,,,0.0,0.0,0.0,3.0,0.0,0.0,,0.0,0.0,0.0,0.0,1.0,4.0,2.0,0.0,,,0.0,0.0,0.0,0.0,1.0,0.0,1.0,0.0,0.0,0.0,2020,21900370,20191212.0,2019-20,False,1.0,2.0,6.0,0.333,0.463,-0.13,2.0,3.0,0.667,0.38,0.0,3.0,0.0,0.504,,,,,2.0,5.0,0.4,0.396,0.0,1.0,0.0,0.0,0.0,0.0,0.0,0.0,0.0,0.0,0.0,0.0,0.0,0.0,6.0,3.0,3.0,0.0,0.0,1.0,3.0,0.0,0.0,0.0,0.0,0.0,1.0,1.0,2.0,2.0,2.0,0.5,0.5,1.0,1.0
200794,Paul Millsap,1610612743,DEN,35.0,20.855,8,14,0.571,3,4,0.75,2,2,1.0,0,1,1,0,0,0,0,0,3,2,21,19,0.024,133.4,94.3,0.167,0.048,0.0,42,0.0,0.706,81.52,135.7,95.52,0.0,0.0,97.82,88.4,0.0,47.3,39.1,0.305,0.679,0.306,0.0,1.0,0.0,0.0,0.0,10.0,0.0,0.0,24.0,0.0,0.0,5.0,1.333,3.0,0.167,0.0,0.0,2.0,2.0,0.0,0.0,6.0,1.0,1.0,0.6,0.0,8.0,1.0,4.0,28.0,0.9,0.0,1.0,1.92,0.0,2.0,24.0,0.75,0.93,1.0,4.1,1.0,4.1,0.0,0.0,0.5,0.0,0.0,0.0,1.0,2.0,0.0,0.0,0.0,0.0,1.0,0.0,1.0,0.5,1.0,1.0,1.0,0.0,,,,,,,,,,,,,,7.0,0.5,0.0,0.571,0.0,4.0,0.5,7.0,0.571,,4.0,0.571,0.0,3.0,1.0,0.5,1.0,0.214,1.0,0.0,0.0,0.071,0.143,2.0,0.333,1.0,0.286,2.0,1.0,0.071,3.0,0.214,1.0,0.667,1.0,1.0,4.0,0.75,3.0,1.0,1.0,3.0,0.75,0.5,1.0,1.0,2.0,0.0,0.0,0.0,0.0,0.679,0.5,0.667,6.0,4.0,1.0,0.0,0.0,0.0,0.167,6.0,3.0,0.667,1.0,1.0,1.0,1.0,1.0,4.0,0.0,0.0,2.0,0.0,1.0,0.0,0.0,0.0,4.0,1.0,116.0,74.0,0.391,0.638,0.624,0.013,0.0,0.667,,0.625,0.0,,0.0,3.0,0.0,5.0,0.0,0.0,,0.0,0.0,2.0,0.0,1.0,8.0,1.0,1.0,0.0,0.0,1.0,0.0,0.0,1.0,4.0,0.667,3.0,2.0,0.75,2.0,2020,21900443,20191222.0,2019-20,False,1.0,7.0,14.0,0.5,0.509,-0.009,0.0,4.0,0.0,0.337,7.0,10.0,0.7,0.566,5.0,7.0,0.714,0.655,0.0,5.0,0.0,0.358,0.0,1.0,0.0,0.0,0.0,0.0,0.0,0.0,0.0,0.0,0.0,0.0,0.0,0.0,8.0,5.0,3.0,0.0,0.0,0.0,0.0,1.0,0.0,1.0,1.0,0.0,0.0,2.0,2.0,1.0,0.0,0.0,1.0,1.0,0.0
200794,Paul Millsap,1610612743,DEN,35.0,30.7,1,8,0.125,1,5,0.2,10,11,0.909,1,3,4,1,1,0,0,1,3,6,13,-8,0.068,96.7,116.4,0.052,0.125,6.7,64,0.029,0.506,82.74,98.4,98.63,1.0,0.048,99.28,112.7,6.7,-14.3,-19.7,0.194,0.188,0.194,6.7,1.0,0.0,0.045,3.0,22.0,0.045,0.0,21.0,1.0,1.0,1.0,0.6,0.0,0.4,0.2,0.0,4.0,3.0,0.0,0.2,5.0,0.75,2.0,0.0,1.0,3.0,3.0,1.0,35.0,1.5,0.0,0.0,2.64,2.0,1.0,20.0,0.371,1.14,2.0,4.2,5.0,4.4,2.0,1.0,0.444,2.0,1.0,0.2,0.75,9.0,1.0,0.0,2.0,1.0,1.0,0.25,0.333,0.571,5.0,0.6,0.5,3.7,,,,,,,,,,,,,,2.0,0.25,0.0,0.0,0.0,0.0,0.25,2.0,0.0,,0.0,0.0,0.0,1.0,0.0,0.0,0.0,0.125,0.0,0.0,0.0,0.0,0.125,1.0,0.0,,0.625,1.0,0.0,0.0,5.0,0.625,,0.2,0.3,0.0,5.0,0.2,1.0,0.0,0.0,0.0,,,,0.0,0.0,2.0,0.0,0.0,0.0,0.188,0.2,0.0,3.0,0.0,0.0,0.0,0.0,0.0,0.0,1.0,3.0,0.333,1.0,0.0,0.0,0.0,0.0,0.0,0.0,1.0,1.0,0.0,2.0,0.0,0.0,0.0,2.0,0.0,73.0,43.0,0.384,0.589,0.65,-0.061,0.0,0.333,,0.0,0.0,,0.0,3.0,0.0,0.0,0.0,0.0,,0.0,0.0,1.0,0.0,2.0,2.0,1.0,0.0,0.0,0.0,0.0,0.0,0.0,0.0,5.0,0.2,5.0,1.0,0.3,1.0,2020,41900315,20200926.0,2019-20,True,1.0,6.0,13.0,0.462,0.536,-0.074,1.0,4.0,0.25,0.359,5.0,9.0,0.556,0.598,5.0,7.0,0.714,0.681,1.0,6.0,0.167,0.365,0.0,0.0,2.0,2.0,1.0,2.0,0.0,0.0,0.0,0.0,0.0,0.0,1.0,1.0,4.0,1.0,3.0,0.0,0.0,1.0,2.0,0.0,1.0,1.0,0.0,1.0,0.0,8.0,8.0,1.0,1.0,0.0,1.0,1.0,1.0
200794,Paul Millsap,1610612743,DEN,35.0,16.65,2,6,0.333,1,2,0.5,2,2,1.0,2,5,7,1,1,1,1,1,4,1,7,-2,0.175,113.0,110.0,0.088,0.25,11.1,34,0.1,0.509,84.08,114.7,103.5,1.0,0.083,100.9,113.9,11.1,0.8,3.0,0.19,0.417,0.195,11.3,1.0,0.0,0.056,3.0,18.0,0.056,0.0,11.0,1.0,0.0,1.0,0.0,0.0,0.0,0.0,0.0,0.0,0.0,0.0,0.0,1.0,0.0,0.0,0.0,0.0,0.0,1.0,3.0,25.0,1.0,0.0,0.0,2.33,0.0,2.0,15.0,0.28,1.4,2.0,4.8,7.0,5.5,4.0,0.0,0.636,0.0,0.5,0.5,0.714,11.0,1.0,1.0,5.0,0.0,1.0,0.5,0.2,0.636,4.0,0.714,0.286,3.1,0.0,0.0,0.167,0.0,0.0,0.0,0.0,1.0,0.0,0.167,0.0,1.0,,3.0,0.5,0.0,0.333,0.0,1.0,0.5,3.0,0.333,,1.0,0.333,0.0,,,,,,,,,,,,,,0.333,1.0,0.0,0.0,2.0,0.333,,0.5,0.75,0.0,2.0,0.5,1.0,0.0,0.0,0.0,,,,0.0,0.0,0.0,0.0,0.0,0.0,0.417,0.5,0.0,3.0,0.0,0.0,0.0,0.0,0.0,0.0,1.0,2.0,0.5,0.0,0.0,0.0,0.0,0.0,1.0,0.0,0.0,1.0,0.0,0.0,0.0,0.0,0.0,3.0,0.333,204.0,127.0,0.381,0.623,0.626,-0.003,0.0,0.5,,0.25,,,0.0,2.0,0.0,1.0,0.0,0.0,,0.0,0.0,1.0,0.0,0.0,4.0,0.0,0.0,,,0.0,0.0,0.0,0.0,2.0,0.5,2.0,1.0,0.75,1.0,2020,21901264,20200805.0,2019-20,False,1.0,5.0,10.0,0.5,0.519,-0.019,,,,,5.0,10.0,0.5,0.531,4.0,8.0,0.5,0.578,0.0,1.0,0.0,0.384,0.0,1.0,0.0,0.0,0.0,0.0,1.0,0.5,0.0,0.0,0.0,0.0,0.0,0.0,7.0,6.0,1.0,0.0,0.0,0.0,0.0,0.0,0.0,0.0,0.0,0.0,1.0,0.0,1.0,0.0,0.0,1.0,0.0,0.0,0.0
200794,Paul Millsap,1610612743,DEN,35.0,28.416666666666668,4,7,0.571,0,1,0.0,3,4,0.75,2,4,6,2,0,3,1,0,3,3,11,10,0.115,114.0,95.0,0.133,0.148,0.0,60,0.08,0.628,84.46,113.3,101.92,0.0,0.08,101.35,96.7,18.2,16.7,19.0,0.13,0.571,0.13,0.0,2.0,0.0,0.08,5.0,25.0,0.08,0.0,20.0,2.0,0.0,1.0,2.0,1.0,0.0,0.0,0.0,0.0,0.0,0.0,0.0,1.0,0.0,0.0,1.0,0.0,2.0,2.0,5.0,36.0,1.5,1.0,1.0,2.42,1.0,2.0,23.0,0.306,1.25,2.0,5.3,8.0,4.5,3.0,0.0,0.545,0.0,0.5,0.4,0.5,11.0,1.0,1.0,4.0,0.0,1.0,0.4,0.25,0.545,5.0,0.5,0.333,7.0,,,,,,,,,,,,,,3.0,0.429,0.0,0.667,0.0,2.0,0.429,3.0,0.667,,2.0,0.667,0.0,4.0,1.0,0.5,0.0,0.571,2.0,2.0,0.667,0.143,0.429,3.0,0.5,0.0,,,,,,,,,,,,,,1.0,1.0,2.0,0.333,0.333,0.0,0.0,3.0,2.0,1.0,2.0,0.5,0.571,0.0,0.5,0.0,5.0,0.0,0.0,0.667,0.0,0.5,2.0,0.0,0.0,1.0,0.0,0.0,0.0,1.0,1.0,0.0,0.0,0.0,0.0,1.0,0.0,3.0,2.0,1.0,1.0,66.0,37.0,0.429,0.561,0.624,-0.063,0.0,0.0,,1.0,0.0,,0.0,0.0,0.5,2.0,0.0,0.5,,0.0,0.0,0.0,1.0,1.0,2.0,2.0,0.0,0.0,0.0,0.0,0.0,1.0,2.0,1.0,,0.0,0.0,0.0,0.0,2020,21900211,20191120.0,2019-20,False,1.0,3.0,12.0,0.25,0.453,-0.203,1.0,5.0,0.2,0.331,2.0,7.0,0.286,0.571,2.0,5.0,0.4,0.594,1.0,6.0,0.167,0.346,1.0,2.0,0.0,0.0,0.0,1.0,0.0,0.0,0.0,0.0,0.0,0.0,0.0,0.0,6.0,3.0,3.0,3.0,0.0,0.0,0.0,0.0,0.0,0.0,0.0,0.0,0.0,2.0,2.0,2.0,1.0,0.0,1.0,1.0,0.5
200794,Paul Millsap,1610612743,DEN,35.0,16.833333333333332,3,5,0.6,2,2,1.0,0,0,0.0,1,1,2,1,1,0,1,0,2,1,8,-9,0.077,109.8,146.3,0.083,0.1,14.3,31,0.063,0.8,74.85,112.9,88.34,1.0,0.1,89.82,137.5,14.3,-24.6,-36.5,0.167,0.8,0.167,14.3,2.0,0.0,0.083,3.0,12.0,0.083,0.0,12.0,1.0,0.0,1.0,2.0,1.0,0.0,0.0,0.0,0.0,0.0,0.0,0.0,1.0,0.0,0.0,1.0,0.0,2.0,0.0,3.0,18.0,0.5,0.0,0.0,1.72,0.0,0.0,13.0,0.444,0.83,1.0,6.0,2.0,6.1,0.0,0.0,0.667,0.0,0.0,1.0,0.5,3.0,0.0,1.0,1.0,0.0,1.0,1.0,1.0,0.667,1.0,0.5,0.5,5.9,,,,,,,,,,,,,,2.0,0.4,0.0,0.5,0.0,1.0,0.4,2.0,0.5,,1.0,0.5,0.0,1.0,1.0,1.5,1.0,0.2,1.0,0.0,,0.2,0.0,0.0,1.0,1.0,0.4,1.0,0.0,0.2,1.0,0.2,0.0,1.0,0.75,1.0,2.0,0.5,1.0,1.0,1.0,3.0,0.75,0.5,1.0,1.0,2.0,0.0,0.0,0.0,0.0,0.8,1.0,0.0,3.0,0.0,0.0,,0.0,0.0,1.0,1.0,2.0,1.0,0.0,0.0,0.0,0.0,1.0,0.0,0.0,0.0,2.0,,0.0,,1.0,0.0,1.0,0.0,6.0,4.0,0.4,0.667,0.648,0.019,0.0,1.0,,0.0,,,0.0,1.0,0.0,0.0,0.0,1.0,,0.0,0.0,1.0,1.0,1.0,1.0,1.0,1.0,,,1.0,0.0,0.0,1.0,1.0,1.0,1.0,1.0,1.5,1.0,2020,41900163,20200821.0,2019-20,True,1.0,0.0,1.0,0.0,0.457,-0.457,0.0,1.0,0.0,0.384,,,,,,,,,0.0,1.0,0.0,0.403,0.0,0.0,0.0,0.0,0.0,0.0,0.0,0.0,0.0,0.0,0.0,0.0,0.0,0.0,1.0,0.0,1.0,1.0,0.0,0.0,0.0,0.0,0.0,0.0,0.0,0.0,1.0,3.0,4.0,2.0,0.0,0.25,0.75,0.667,0.0
200794,Paul Millsap,1610612743,DEN,35.0,34.61666666666667,4,9,0.444,0,1,0.0,6,6,1.0,3,7,10,2,4,0,1,0,3,5,14,10,0.125,92.1,82.8,0.144,0.184,23.5,70,0.071,0.601,80.31,95.7,98.12,0.5,0.091,96.37,82.6,11.8,13.1,9.3,0.191,0.444,0.181,22.7,4.0,0.0,0.069,5.0,29.0,0.069,0.0,27.0,2.0,0.0,3.0,0.4,1.0,0.0,0.0,0.0,0.0,0.0,0.0,0.0,5.0,0.0,0.0,0.333,0.0,2.0,2.0,6.0,47.0,2.2,1.0,0.833,2.75,1.0,4.0,31.0,0.298,1.64,3.0,6.6,14.0,7.7,6.0,1.0,0.5,1.0,0.667,0.429,0.538,20.0,2.0,1.0,7.0,0.0,1.0,0.429,0.143,0.526,7.0,0.5,0.3,4.0,,,,,,,,,,,,,,7.0,0.778,0.0,0.571,0.0,4.0,0.778,7.0,0.571,,4.0,0.571,0.0,2.0,1.0,0.0,0.0,0.222,0.0,0.0,0.0,0.111,0.111,1.0,0.0,0.0,,,,,,,,,,,,,,0.0,0.0,0.0,,,,0.0,0.0,4.0,1.0,2.0,0.667,0.444,0.0,0.5,0.0,5.0,0.0,0.0,0.0,0.0,0.75,4.0,0.0,0.0,0.0,0.0,0.0,0.0,3.0,1.0,0.0,1.0,0.0,0.0,1.0,0.0,0.0,0.0,4.0,0.25,44.0,23.0,0.419,0.523,0.628,-0.105,0.0,0.0,,0.4,,,0.0,0.0,0.0,2.0,0.0,0.667,,0.0,0.0,0.0,2.0,1.0,5.0,3.0,0.0,,,0.0,0.0,0.0,0.0,1.0,0.0,1.0,0.0,0.0,0.0,2020,21900132,20191110.0,2019-20,False,1.0,6.0,12.0,0.5,0.436,0.064,1.0,5.0,0.2,0.346,5.0,7.0,0.714,0.525,5.0,6.0,0.833,0.556,1.0,6.0,0.167,0.339,2.0,3.0,0.0,0.0,0.0,1.0,1.0,0.25,0.0,0.0,0.0,0.0,0.0,0.0,7.0,5.0,2.0,0.0,0.0,0.0,0.0,0.0,0.0,0.0,0.0,0.0,0.0,4.0,4.0,3.0,1.0,0.0,1.0,0.75,0.25
200794,Paul Millsap,1610612743,DEN,35.0,29.916666666666668,6,11,0.545,2,3,0.667,5,6,0.833,5,1,6,2,0,0,1,2,3,3,19,1,0.105,130.5,131.9,0.107,0.048,0.0,64,0.139,0.696,85.57,131.3,102.11,0.0,0.083,102.69,129.7,12.5,1.6,-1.4,0.179,0.636,0.182,0.0,3.0,0.0,0.074,6.0,27.0,0.074,0.0,24.0,2.0,0.0,2.0,0.6,1.0,0.2,0.0,0.2,2.0,1.0,1.0,0.4,5.0,0.5,1.0,0.5,2.0,3.0,2.0,6.0,41.0,1.2,0.0,0.667,1.72,2.0,1.0,29.0,0.463,0.61,3.0,8.0,3.0,4.0,1.0,0.0,0.462,1.0,0.6,0.5,0.333,13.0,3.0,2.0,3.0,1.0,0.0,0.556,0.0,0.5,10.0,0.333,0.5,8.8,,,,,,,,,,,,,,5.0,0.455,0.0,0.4,0.0,2.0,0.455,5.0,0.4,,2.0,0.4,0.0,2.0,1.0,0.75,1.0,0.182,1.0,0.0,0.0,0.091,0.091,1.0,0.5,1.0,0.364,1.0,2.0,0.182,2.0,0.182,1.0,0.5,0.875,2.0,4.0,0.75,3.0,2.0,0.0,4.0,1.0,1.0,,0.0,2.0,2.0,0.0,0.0,1.0,0.636,0.5,0.667,6.0,4.0,0.5,0.0,0.5,0.5,1.0,1.0,1.0,1.0,0.0,1.0,0.0,0.0,1.0,2.0,1.0,2.0,1.0,0.0,2.0,0.0,2.0,1.0,5.0,0.4,51.0,28.0,0.432,0.549,0.63,-0.08,2.0,1.0,,0.4,0.0,,0.0,1.0,1.0,2.0,0.0,0.0,,0.0,0.5,1.0,0.0,2.0,5.0,0.0,0.5,0.0,0.0,1.0,1.0,1.0,1.0,4.0,0.667,3.0,2.0,0.75,2.0,2020,21900150,20191112.0,2019-20,False,1.0,6.0,13.0,0.462,0.49,-0.029,1.0,3.0,0.333,0.269,5.0,10.0,0.5,0.551,5.0,9.0,0.556,0.581,1.0,4.0,0.25,0.265,1.0,1.0,0.0,0.0,0.0,2.0,0.0,0.0,0.0,0.0,0.0,0.0,0.0,0.0,11.0,8.0,3.0,0.0,0.0,0.0,0.0,1.0,0.0,1.0,1.0,0.0,0.0,5.0,5.0,1.0,0.0,0.0,1.0,0.5,0.0
200794,Paul Millsap,1610612743,DEN,35.0,20.336666666666662,2,5,0.4,1,1,1.0,5,6,0.833,1,3,4,4,0,2,0,0,3,4,10,8,0.103,130.6,103.3,0.146,0.13,0.0,38,0.063,0.654,78.68,131.6,93.14,0.0,0.235,94.41,100.0,33.3,31.6,27.3,0.19,0.5,0.195,0.0,4.0,1.0,0.152,10.0,33.0,0.121,0.0,26.0,5.0,0.0,3.0,0.6,1.0,0.2,0.0,0.2,2.0,1.0,1.0,0.2,5.0,0.5,1.0,0.333,1.0,3.0,1.0,2.0,41.0,1.5,0.0,0.0,2.14,0.0,3.0,27.0,0.244,0.93,1.0,10.0,5.0,10.0,3.0,1.0,0.364,1.0,1.0,0.167,0.75,11.0,1.0,0.0,3.0,0.0,0.0,0.167,0.0,0.4,6.0,0.6,0.25,9.7,,,,,,,,,,,,,,3.0,0.6,0.0,0.333,0.0,1.0,0.6,3.0,0.333,,1.0,0.333,0.0,1.0,0.0,0.0,0.0,0.2,0.0,0.0,0.0,0.0,0.2,1.0,0.0,,0.2,1.0,0.0,0.0,1.0,0.2,,1.0,1.5,0.0,1.0,1.0,1.0,0.0,0.0,0.0,0.0,0.0,,0.0,1.0,0.0,0.0,0.0,0.0,0.5,1.0,0.0,3.0,0.0,0.0,0.0,0.0,0.0,0.5,2.0,1.0,1.0,0.0,0.0,0.0,0.0,1.0,0.0,0.0,0.0,1.0,0.0,0.0,0.0,1.0,0.0,1.0,0.0,151.0,98.0,0.389,0.649,0.63,0.019,1.0,1.0,,0.0,,,0.0,1.0,0.0,0.0,0.0,0.5,,0.0,0.0,1.0,1.0,0.0,1.0,2.0,0.0,,,0.0,0.0,0.0,0.0,1.0,1.0,1.0,1.0,1.5,1.0,2020,21900817,20200212.0,2019-20,False,1.0,6.0,10.0,0.6,0.547,0.053,2.0,4.0,0.5,0.35,4.0,6.0,0.667,0.622,4.0,5.0,0.8,0.692,2.0,4.0,0.5,0.352,0.0,1.0,0.0,0.0,0.0,0.0,2.0,0.667,0.0,0.0,0.0,0.0,0.0,0.0,5.0,2.0,3.0,3.0,0.0,1.0,3.0,1.0,1.0,2.0,0.5,0.5,0.0,2.0,2.0,1.0,0.0,0.0,1.0,0.5,0.0
200794,Paul Millsap,1610612743,DEN,35.0,25.973333333333333,6,9,0.667,0,0,0.0,6,9,0.667,7,2,9,3,2,0,0,1,5,5,18,-9,0.173,104.8,117.0,0.131,0.083,11.1,53,0.25,0.694,82.39,103.8,99.06,1.5,0.214,98.87,118.5,16.7,-14.7,-12.2,0.232,0.667,0.231,11.1,5.0,0.0,0.15,7.0,20.0,0.15,0.0,21.0,3.0,1.0,2.0,1.0,1.0,0.25,0.25,0.0,2.0,2.0,0.0,0.0,4.0,1.0,1.0,0.5,0.0,4.0,1.0,12.0,36.0,1.0,0.0,1.0,1.74,1.0,1.0,27.0,0.5,0.81,8.0,3.3,3.0,4.4,1.0,0.0,0.818,0.0,1.0,0.778,0.667,11.0,7.0,0.0,1.0,0.0,1.0,0.778,0.5,0.818,9.0,0.667,0.889,2.9,0.0,0.0,0.111,0.0,0.0,0.0,0.0,1.0,0.0,0.111,0.0,1.0,,5.0,0.556,0.0,0.6,0.0,3.0,0.556,5.0,0.6,,3.0,0.6,0.0,3.0,0.0,1.0,0.0,0.333,3.0,3.0,1.0,0.0,0.333,3.0,1.0,,,,,,,,,,,,,,,1.0,,2.0,0.5,0.5,,,2.0,1.0,0.0,0.0,0.0,0.667,0.0,0.667,0.0,12.0,0.0,0.0,0.5,0.0,0.0,0.0,0.0,0.0,0.0,0.0,0.0,0.0,0.0,5.0,0.0,0.0,0.0,0.0,0.0,0.0,2.0,1.0,7.0,0.714,178.0,112.0,0.395,0.629,0.626,0.003,0.0,0.0,0.0,0.714,,0.0,0.0,0.0,0.5,5.0,0.0,0.0,0.0,0.0,0.0,0.0,0.0,0.0,7.0,0.0,0.0,,,0.0,0.0,1.0,2.0,0.0,,,,,0.0,2020,21900913,20200303.0,2019-20,False,1.0,8.0,13.0,0.615,0.489,0.127,2.0,6.0,0.333,0.299,6.0,7.0,0.857,0.569,4.0,5.0,0.8,0.603,3.0,7.0,0.429,0.338,0.0,0.0,1.0,2.0,0.5,1.0,0.0,0.0,0.0,0.0,0.0,0.0,1.0,1.0,7.0,3.0,4.0,1.0,0.0,1.0,2.0,1.0,1.0,2.0,0.5,0.5,2.0,0.0,2.0,2.0,2.0,1.0,0.0,1.0,1.0
200794,Paul Millsap,1610612743,DEN,35.0,26.75,6,12,0.5,2,5,0.4,9,9,1.0,3,2,5,0,0,0,0,0,4,7,23,8,0.098,127.6,114.5,0.151,0.105,0.0,52,0.094,0.721,78.5,126.9,91.84,0.0,0.0,94.21,109.4,0.0,17.5,13.1,0.247,0.583,0.246,0.0,2.0,0.0,0.0,0.0,14.0,0.0,0.0,22.0,0.0,0.0,1.0,1.25,1.0,0.25,0.0,0.0,2.0,2.0,0.0,0.5,4.0,1.0,1.0,1.0,2.0,5.0,0.0,6.0,33.0,1.4,0.0,0.667,2.49,0.8,5.0,26.0,0.697,1.0,3.0,3.7,3.0,5.5,2.0,0.0,0.556,0.0,1.0,0.5,0.667,9.0,3.0,0.0,2.0,0.0,0.0,0.5,0.0,0.556,6.0,0.667,0.6,2.5,0.5,0.0,0.167,0.0,0.0,1.0,1.0,2.0,0.5,0.167,0.5,2.0,,1.0,0.083,0.0,0.0,0.0,0.0,0.083,1.0,0.0,,0.0,0.0,0.0,4.0,2.0,0.625,1.0,0.333,2.0,1.0,0.5,0.167,0.167,2.0,0.5,0.5,0.417,1.0,2.0,0.167,3.0,0.25,1.0,0.333,0.7,2.0,5.0,0.6,3.0,1.0,0.0,2.0,0.5,0.5,,0.0,2.0,4.0,0.0,0.0,0.333,0.583,0.5,0.333,8.0,4.0,1.0,0.0,1.0,0.0,0.0,2.0,4.0,0.25,1.0,1.0,1.0,1.0,0.0,2.0,0.0,0.0,1.0,0.0,1.0,0.0,2.0,2.0,3.0,0.667,73.0,44.0,0.422,0.603,0.621,-0.018,0.0,0.0,,0.667,0.0,,0.0,2.0,1.0,2.0,0.0,0.0,,0.0,0.0,0.0,0.0,4.0,3.0,2.0,0.75,0.0,0.0,3.0,0.0,1.0,1.0,6.0,0.4,5.0,2.0,0.667,3.0,2020,21900238,20191124.0,2019-20,False,1.0,7.0,11.0,0.636,0.479,0.158,1.0,3.0,0.333,0.353,6.0,8.0,0.75,0.533,5.0,6.0,0.833,0.555,1.0,4.0,0.25,0.366,1.0,3.0,2.0,2.0,1.0,0.8,0.0,0.0,0.0,0.0,0.0,0.0,1.0,0.2,8.0,5.0,3.0,0.0,0.0,1.0,3.0,0.0,1.0,1.0,0.0,1.0,0.0,1.0,1.0,1.0,0.0,0.0,1.0,1.0,0.0
200794,Paul Millsap,1610612743,DEN,35.0,34.85166666666667,6,10,0.6,1,2,0.5,4,6,0.667,2,4,6,2,1,1,0,1,5,4,17,11,0.098,121.0,105.8,0.109,0.121,6.3,70,0.071,0.672,80.34,120.0,95.33,2.0,0.08,96.41,104.3,12.5,15.7,15.2,0.183,0.65,0.184,6.4,4.0,0.0,0.065,6.0,31.0,0.065,0.0,31.0,2.0,0.0,2.0,1.0,1.0,0.0,0.0,0.0,0.0,0.0,0.0,0.0,2.0,0.0,0.0,0.5,0.0,2.0,0.0,4.0,46.0,2.0,0.0,1.5,2.61,0.8,5.0,32.0,0.37,1.43,3.0,3.5,7.0,3.9,3.0,1.0,0.6,1.0,1.0,0.667,0.667,10.0,2.0,0.0,3.0,0.0,1.0,0.667,0.25,0.667,3.0,0.571,0.5,2.7,,,,,,,,,,,,,,5.0,0.5,0.0,0.6,0.0,3.0,0.5,5.0,0.6,,3.0,0.6,0.0,4.0,1.0,0.5,0.0,0.4,2.0,2.0,0.667,0.1,0.3,3.0,0.5,0.0,0.1,1.0,0.0,0.0,1.0,0.1,,1.0,1.5,0.0,1.0,1.0,1.0,1.0,0.0,2.0,0.5,0.5,,0.0,2.0,4.0,0.0,0.0,1.0,0.65,0.5,1.0,3.0,6.0,1.0,0.0,0.333,1.0,0.5,2.0,1.0,0.0,0.0,1.0,0.0,0.0,1.0,3.0,1.0,1.0,0.0,0.0,1.0,0.0,3.0,1.0,3.0,1.0,200.0,126.0,0.38,0.63,0.626,0.004,0.0,0.0,,0.75,,,0.0,1.0,0.5,3.0,0.0,0.5,,0.0,0.0,0.0,1.0,1.0,4.0,2.0,1.0,,,1.0,0.0,1.0,2.0,2.0,0.5,2.0,1.0,0.75,1.0,2020,21901251,20200803.0,2019-20,False,1.0,5.0,11.0,0.455,0.452,0.003,3.0,4.0,0.75,0.362,2.0,7.0,0.286,0.511,2.0,5.0,0.4,0.512,3.0,5.0,0.6,0.389,1.0,1.0,2.0,4.0,0.5,0.8,2.0,0.4,1.0,0.2,0.0,0.0,2.0,0.4,4.0,0.0,4.0,0.0,0.0,2.0,5.0,0.0,1.0,1.0,0.0,1.0,1.0,1.0,2.0,0.0,0.0,0.5,0.5,0.0,0.0
200794,Paul Millsap,1610612743,DEN,35.0,27.466666666666665,2,7,0.286,0,3,0.0,2,2,1.0,3,4,7,1,1,2,0,1,2,1,6,-4,0.137,118.8,129.5,0.056,0.182,10.0,53,0.103,0.381,76.46,118.9,91.54,1.0,0.048,91.75,128.8,10.0,-10.0,-10.8,0.137,0.286,0.134,10.1,3.0,0.0,0.033,2.0,30.0,0.033,0.0,20.0,1.0,1.0,0.0,0.0,0.0,0.0,0.5,0.0,0.0,0.0,0.0,0.5,2.0,0.0,0.0,0.0,1.0,0.0,1.0,7.0,39.0,1.4,0.0,0.571,2.11,2.0,1.0,22.0,0.154,0.85,2.0,8.8,6.0,7.4,4.0,1.0,0.7,2.0,0.667,0.75,0.8,10.0,2.0,1.0,5.0,1.0,0.0,1.0,0.0,0.875,4.0,0.667,0.286,10.7,,,,,,,,,,,,,,2.0,0.286,0.0,0.5,0.0,1.0,0.286,2.0,0.5,,1.0,0.5,0.0,5.0,3.0,0.2,0.0,0.714,1.0,1.0,0.5,0.429,0.286,2.0,0.2,0.0,,,,,,,,,,,,,,1.0,1.0,2.0,0.333,0.333,0.0,0.0,3.0,2.0,0.0,0.0,1.0,0.286,0.0,0.333,0.0,4.0,0.0,0.0,0.5,0.0,0.0,1.0,3.0,0.0,0.0,0.0,0.0,0.0,0.0,1.0,0.0,0.0,0.0,0.0,0.0,0.0,2.0,1.0,1.0,1.0,132.0,84.0,0.393,0.636,0.627,0.009,0.0,0.0,,1.0,0.0,,0.0,3.0,0.5,1.0,0.0,0.0,,0.0,0.0,0.0,0.0,0.0,1.0,1.0,0.0,0.0,0.0,0.0,0.0,1.0,2.0,2.0,0.0,2.0,0.0,0.0,0.0,2020,21900509,20200102.0,2019-20,False,1.0,3.0,8.0,0.375,0.49,-0.115,0.0,1.0,0.0,0.396,3.0,7.0,0.429,0.54,2.0,3.0,0.667,0.576,1.0,3.0,0.333,0.388,1.0,1.0,0.0,0.0,0.0,2.0,0.0,0.0,0.0,0.0,0.0,0.0,0.0,0.0,5.0,4.0,1.0,5.0,0.0,1.0,2.0,1.0,0.0,1.0,1.0,0.0,1.0,1.0,2.0,2.0,1.0,0.5,0.5,1.0,0.5
200794,Paul Millsap,1610612743,DEN,35.0,31.25,9,17,0.529,4,7,0.571,1,1,1.0,4,4,8,0,0,0,0,2,3,4,23,15,0.111,117.9,98.4,0.157,0.105,0.0,60,0.118,0.659,76.8,120.0,91.39,0.0,0.0,92.16,95.0,0.0,25.0,19.5,0.239,0.647,0.23,0.0,1.0,0.0,0.0,0.0,21.0,0.0,0.0,24.0,0.0,0.0,3.0,0.75,1.0,0.0,0.0,0.0,0.0,0.0,0.0,0.25,4.0,0.0,0.0,0.333,1.0,3.0,1.0,5.0,40.0,1.5,0.0,1.2,2.18,2.0,2.0,28.0,0.575,1.15,2.0,10.7,8.0,11.7,4.0,0.0,0.5,0.0,0.5,0.5,0.5,16.0,2.0,2.0,6.0,0.0,0.0,0.5,0.0,0.5,8.0,0.5,0.25,9.6,0.75,0.0,0.235,0.0,0.0,3.0,3.0,4.0,0.75,0.235,0.75,4.0,,2.0,0.118,1.0,0.0,0.059,0.0,0.176,3.0,0.0,0.0,0.0,0.0,0.0,3.0,1.0,0.833,1.0,0.176,2.0,1.0,0.5,0.059,0.118,2.0,0.667,1.0,0.412,3.0,1.0,0.118,5.0,0.294,0.5,0.6,0.786,2.0,7.0,0.571,4.0,0.0,0.0,0.0,0.0,0.0,,0.0,1.0,4.0,0.0,0.0,1.0,0.647,0.571,0.75,12.0,6.0,1.0,0.0,0.0,0.0,0.0,2.0,6.0,0.5,1.0,1.0,1.0,1.0,0.0,5.0,0.0,0.0,3.0,0.0,1.0,0.0,1.0,0.0,7.0,0.714,23.0,12.0,0.426,0.522,0.625,-0.103,1.0,0.5,1.0,0.714,0.0,0.0,0.0,2.0,0.0,5.0,0.0,0.0,0.0,0.0,0.0,1.0,0.0,4.0,7.0,2.0,0.75,0.0,0.0,3.0,0.0,0.0,0.0,7.0,0.571,7.0,4.0,0.857,4.0,2020,21900053,20191029.0,2019-20,False,1.0,7.0,18.0,0.389,0.447,-0.058,2.0,9.0,0.222,0.382,5.0,9.0,0.556,0.529,5.0,7.0,0.714,0.602,2.0,10.0,0.2,0.4,2.0,2.0,0.0,0.0,0.0,2.0,0.0,0.0,0.0,0.0,0.0,0.0,0.0,0.0,11.0,3.0,8.0,0.0,1.0,1.0,2.0,1.0,1.0,2.0,0.5,0.5,1.0,3.0,4.0,3.0,2.0,0.25,0.75,0.75,0.5
200794,Paul Millsap,1610612743,DEN,35.0,27.216666666666665,7,14,0.5,2,4,0.5,2,5,0.4,4,5,9,2,3,0,0,0,4,4,18,9,0.136,107.2,86.0,0.118,0.143,14.3,56,0.129,0.556,81.57,103.6,97.92,0.67,0.111,97.88,89.1,9.5,14.5,21.2,0.3,0.571,0.288,14.2,2.0,0.0,0.083,5.0,24.0,0.083,0.0,24.0,2.0,0.0,3.0,0.8,2.0,0.0,0.0,0.2,0.0,0.0,1.0,0.4,5.0,0.0,0.0,0.667,2.0,4.0,0.0,9.0,43.0,1.7,0.0,0.667,2.37,0.667,3.0,28.0,0.419,1.21,5.0,6.0,10.0,8.3,3.0,2.0,0.529,2.0,0.75,0.5,0.625,17.0,3.0,1.0,4.0,0.0,2.0,0.5,0.4,0.6,8.0,0.5,0.556,3.0,0.5,0.0,0.143,0.0,0.0,1.0,1.0,2.0,0.5,0.143,0.5,2.0,,6.0,0.429,0.0,0.333,0.0,2.0,0.429,6.0,0.333,,2.0,0.333,0.0,3.0,1.0,0.667,0.0,0.214,2.0,2.0,1.0,0.071,0.143,2.0,0.667,0.0,0.214,2.0,0.0,0.0,3.0,0.214,,0.667,1.0,0.0,3.0,0.667,2.0,2.0,0.0,4.0,1.0,1.0,,0.0,2.0,2.0,0.0,0.0,0.5,0.571,0.5,0.4,6.0,6.0,0.333,0.0,1.0,0.333,0.0,2.0,1.0,1.0,0.0,1.0,0.0,0.0,0.0,3.0,1.0,3.0,1.0,0.0,3.0,0.0,2.0,2.0,6.0,0.5,57.0,33.0,0.435,0.579,0.626,-0.047,0.0,1.0,0.0,0.429,0.0,0.0,0.0,1.0,1.0,3.0,0.0,0.0,0.0,0.0,0.0,1.0,0.0,3.0,7.0,1.0,0.333,0.0,0.0,1.0,0.0,2.0,2.0,2.0,0.5,2.0,1.0,0.75,1.0,2020,21900166,20191114.0,2019-20,False,1.0,6.0,13.0,0.462,0.445,0.017,1.0,7.0,0.143,0.342,5.0,6.0,0.833,0.54,5.0,6.0,0.833,0.566,1.0,7.0,0.143,0.346,1.0,2.0,0.0,0.0,0.0,0.667,0.0,0.0,0.0,0.0,1.0,0.333,0.0,0.0,10.0,4.0,6.0,1.0,0.0,0.0,0.0,1.0,1.0,2.0,0.5,0.5,0.0,1.0,1.0,0.0,0.0,0.0,1.0,0.0,0.0
200794,Paul Millsap,1610612743,DEN,35.0,28.12333333333333,1,5,0.2,0,2,0.0,7,7,1.0,2,9,11,0,2,0,1,2,2,5,9,9,0.2,108.8,95.8,0.117,0.321,20.0,55,0.074,0.557,77.52,107.3,90.83,0.0,0.0,93.02,92.6,0.0,14.7,13.0,0.173,0.2,0.167,19.8,3.0,0.0,0.04,0.0,25.0,0.0,1.0,17.0,1.0,0.0,2.0,1.0,1.0,0.0,0.0,0.0,0.0,0.0,0.0,0.0,2.0,0.0,0.0,0.5,0.0,2.0,0.0,1.0,36.0,1.8,0.0,0.0,2.99,0.0,0.0,21.0,0.25,1.92,5.0,6.7,12.0,4.2,5.0,1.0,0.688,1.0,0.5,0.4,0.818,16.0,1.0,1.0,6.0,0.0,4.0,0.4,0.444,0.733,5.0,0.75,0.455,17.5,0.0,0.0,0.2,0.0,0.0,0.0,0.0,1.0,0.0,0.2,0.0,1.0,,1.0,0.2,0.0,0.0,0.0,0.0,0.2,1.0,0.0,,0.0,0.0,0.0,3.0,2.0,0.333,0.0,0.6,1.0,1.0,1.0,0.4,0.2,1.0,0.333,0.0,,,,,,,,,,,,,,0.0,0.0,0.0,,,,0.0,0.0,0.0,0.0,0.0,0.0,0.2,0.0,0.0,0.0,0.0,0.0,0.0,0.0,0.0,0.0,1.0,1.0,0.0,0.0,0.0,0.0,0.0,0.0,1.0,0.0,1.0,0.0,0.0,1.0,0.0,0.0,0.0,2.0,0.5,30.0,16.0,0.423,0.533,0.613,-0.08,0.0,0.0,,0.5,0.0,,0.0,1.0,0.0,1.0,0.0,0.0,,0.0,0.0,0.0,0.0,1.0,2.0,1.0,0.0,0.0,0.0,0.0,0.0,0.0,0.0,2.0,0.0,2.0,0.0,0.0,0.0,2020,21900079,20191102.0,2019-20,False,1.0,3.0,12.0,0.25,0.446,-0.196,1.0,4.0,0.25,0.332,2.0,8.0,0.25,0.489,1.0,4.0,0.25,0.525,1.0,4.0,0.25,0.335,0.0,0.0,0.0,0.0,0.0,0.0,0.0,0.0,0.0,0.0,0.0,0.0,0.0,0.0,11.0,7.0,4.0,0.0,0.0,2.0,4.0,2.0,0.0,2.0,1.0,0.0,1.0,2.0,3.0,3.0,1.0,0.333,0.667,1.0,0.333
200794,Paul Millsap,1610612743,DEN,35.0,31.766666666666666,3,8,0.375,3,4,0.75,2,2,1.0,0,5,5,2,2,3,2,1,3,2,11,4,0.071,97.4,89.6,0.128,0.135,15.4,70,0.0,0.619,87.51,95.7,105.08,1.0,0.118,105.02,91.3,15.4,4.4,7.7,0.145,0.563,0.143,15.5,2.0,0.0,0.069,6.0,29.0,0.069,0.0,23.0,2.0,0.0,1.0,0.0,0.0,0.0,0.0,0.5,0.0,0.0,1.0,0.5,2.0,0.0,0.0,0.0,1.0,0.0,1.0,2.0,42.0,1.3,0.0,0.0,1.89,0.0,2.0,21.0,0.262,0.83,3.0,3.0,7.0,3.0,2.0,0.0,0.5,0.0,0.0,0.0,0.714,10.0,0.0,0.0,2.0,0.0,3.0,0.0,0.6,0.5,3.0,0.714,0.6,0.0,0.0,0.0,0.125,0.0,0.0,0.0,0.0,1.0,0.0,0.125,0.0,1.0,,2.0,0.25,0.0,0.0,0.0,0.0,0.25,2.0,0.0,,0.0,0.0,0.0,4.0,3.0,0.75,2.0,0.5,2.0,0.0,0.0,0.375,0.125,1.0,0.5,0.667,0.125,1.0,0.0,0.0,1.0,0.125,,1.0,1.5,0.0,1.0,1.0,1.0,0.0,0.0,0.0,,,,0.0,0.0,0.0,0.0,0.0,0.0,0.563,0.6,0.0,9.0,0.0,0.0,0.0,0.0,0.0,0.0,2.0,3.0,1.0,1.0,0.0,0.0,0.0,0.0,0.0,0.0,0.0,3.0,0.0,1.0,0.0,1.0,0.0,1.0,0.0,8.0,5.0,0.615,0.625,0.591,0.034,1.0,1.0,,0.0,0.0,,0.0,3.0,0.0,0.0,0.0,0.0,,0.0,0.0,3.0,0.0,1.0,2.0,1.0,0.0,0.0,0.0,0.0,0.0,0.0,0.0,5.0,0.75,4.0,3.0,0.9,3.0,2020,21900013,20191023.0,2019-20,False,1.0,7.0,13.0,0.538,0.458,0.08,1.0,3.0,0.333,0.373,6.0,10.0,0.6,0.507,5.0,9.0,0.556,0.543,1.0,3.0,0.333,0.378,0.0,1.0,0.0,0.0,0.0,0.0,0.0,0.0,0.0,0.0,1.0,0.5,0.0,0.0,13.0,11.0,2.0,4.0,1.0,0.0,0.0,0.0,1.0,1.0,0.0,1.0,0.0,2.0,2.0,2.0,0.0,0.0,1.0,1.0,0.0
200794,Paul Millsap,1610612743,DEN,35.0,31.516666666666666,2,6,0.333,2,4,0.5,0,0,0.0,1,2,3,1,1,0,1,0,2,2,6,19,0.048,122.5,87.0,0.027,0.049,12.5,62,0.045,0.5,77.42,119.4,94.12,1.0,0.04,92.9,91.7,12.5,27.7,35.5,0.105,0.5,0.101,12.5,1.0,0.0,0.042,2.0,24.0,0.042,0.0,17.0,1.0,0.0,0.0,0.0,0.0,0.0,0.0,0.0,0.0,0.0,0.0,0.0,0.0,0.0,0.0,0.0,0.0,0.0,0.0,1.0,32.0,1.1,0.0,0.0,2.0,0.0,1.0,17.0,0.188,1.03,0.0,6.0,7.0,4.8,2.0,2.0,0.3,2.0,0.0,0.333,0.4,10.0,0.0,1.0,3.0,0.0,0.0,0.333,0.0,0.375,3.0,0.286,0.0,8.4,0.0,0.0,0.167,0.0,0.0,0.0,0.0,1.0,0.0,0.167,0.0,1.0,,,,,,,,,,,,,,,1.0,0.0,0.0,0.0,0.167,0.0,0.0,0.0,0.0,0.167,1.0,0.0,,0.667,2.0,0.0,0.0,4.0,0.667,,0.5,0.75,0.0,4.0,0.5,2.0,0.0,0.0,0.0,0.0,0.0,,0.0,1.0,0.0,0.0,0.0,0.0,0.5,0.4,0.0,6.0,0.0,0.0,,0.0,0.0,0.0,0.0,4.0,0.5,0.0,0.0,0.0,0.0,0.0,0.0,0.0,0.0,2.0,,0.0,,2.0,0.0,0.0,0.0,48.0,23.0,0.397,0.479,0.623,-0.144,1.0,0.667,0.0,0.0,,0.0,,3.0,0.0,0.0,,0.0,0.0,,0.0,2.0,0.0,1.0,0.0,0.0,0.0,,,0.0,0.0,0.0,1.0,5.0,0.5,4.0,2.0,0.6,2.0,2020,41900237,20200915.0,2019-20,True,1.0,3.0,13.0,0.231,0.465,-0.234,0.0,5.0,0.0,0.403,3.0,8.0,0.375,0.53,2.0,6.0,0.333,0.572,1.0,6.0,0.167,0.407,0.0,0.0,0.0,0.0,0.0,0.0,0.0,0.0,0.0,0.0,0.0,0.0,0.0,0.0,14.0,9.0,5.0,0.0,0.0,1.0,2.0,0.0,0.0,0.0,0.0,0.0,0.0,1.0,1.0,0.0,0.0,0.0,1.0,0.0,0.0
200794,Paul Millsap,1610612743,DEN,35.0,23.55,0,3,0.0,0,2,0.0,2,2,1.0,0,4,4,1,1,1,0,0,4,2,2,-10,0.077,95.0,117.4,0.0,0.182,16.7,48,0.0,0.258,81.53,95.8,97.96,1.0,0.056,97.83,116.7,16.7,-20.8,-22.3,0.093,0.0,0.093,17.0,2.0,0.0,0.053,2.0,19.0,0.053,0.0,13.0,1.0,1.0,1.0,0.5,0.0,0.25,0.25,0.0,2.0,2.0,0.0,0.25,4.0,1.0,1.0,0.0,1.0,2.0,0.0,0.0,25.0,1.2,0.0,0.0,2.87,0.0,0.0,14.0,0.08,1.64,1.0,3.4,8.0,3.4,3.0,1.0,0.333,2.0,0.0,0.0,0.571,12.0,0.0,0.0,3.0,1.0,1.0,0.0,0.25,0.4,4.0,0.5,0.25,0.0,,,,,,,,,,,,,,1.0,0.333,0.0,0.0,0.0,0.0,0.333,1.0,0.0,,0.0,0.0,0.0,,,,,,,,,,,,,,0.667,0.0,0.0,0.0,2.0,0.667,,0.0,0.0,0.0,2.0,0.0,0.0,0.0,0.0,0.0,0.0,0.0,,0.0,1.0,0.0,0.0,0.0,0.0,0.0,0.0,0.0,0.0,0.0,0.0,0.0,0.0,0.0,0.0,1.0,1.0,0.0,1.0,0.0,0.0,0.0,0.0,0.0,0.0,0.0,0.0,0.0,1.0,0.0,0.0,0.0,0.0,0.0,140.0,89.0,0.393,0.636,0.628,0.007,0.0,0.0,0.0,0.0,0.0,0.0,0.0,1.0,0.0,0.0,0.0,0.0,0.0,0.0,0.0,0.0,0.0,1.0,0.0,1.0,0.0,0.0,0.0,0.0,0.0,0.0,0.0,2.0,0.0,2.0,0.0,0.0,0.0,2020,21900543,20200106.0,2019-20,False,1.0,5.0,11.0,0.455,0.478,-0.023,2.0,6.0,0.333,0.376,3.0,5.0,0.6,0.585,3.0,5.0,0.6,0.606,2.0,6.0,0.333,0.376,0.0,0.0,0.0,0.0,0.0,0.0,0.0,0.0,0.0,0.0,0.0,0.0,0.0,0.0,3.0,1.0,2.0,3.0,0.0,0.0,0.0,0.0,1.0,1.0,0.0,1.0,0.0,0.0,0.0,0.0,0.0,0.0,0.0,0.0,0.0
200794,Paul Millsap,1610612743,DEN,35.0,31.026666666666667,2,8,0.25,0,3,0.0,2,2,1.0,1,7,8,1,1,0,1,2,4,2,6,11,0.14,130.4,104.9,0.03,0.226,9.1,61,0.038,0.338,79.29,127.9,95.64,1.0,0.04,95.14,108.1,9.1,19.8,25.5,0.148,0.25,0.143,9.2,1.0,0.0,0.03,3.0,33.0,0.03,0.0,27.0,1.0,0.0,1.0,1.0,0.0,0.5,0.0,0.0,2.0,2.0,0.0,0.0,2.0,1.0,1.0,0.0,0.0,2.0,4.0,9.0,45.0,1.8,0.5,0.222,2.36,1.0,2.0,26.0,0.133,1.13,0.0,9.3,7.0,6.5,7.0,0.0,0.889,0.0,0.0,0.5,1.0,9.0,0.0,1.0,8.0,0.0,0.0,0.5,0.0,0.889,2.0,1.0,0.0,28.9,0.0,0.0,0.125,0.0,0.0,0.0,0.0,1.0,0.0,0.125,0.0,1.0,,3.0,0.375,0.0,0.333,0.0,1.0,0.375,3.0,0.333,,1.0,0.333,0.0,1.0,0.0,1.0,0.0,0.125,1.0,1.0,1.0,0.0,0.125,1.0,1.0,,0.375,0.0,0.0,0.0,3.0,0.375,,0.0,0.0,0.0,3.0,0.0,0.0,0.0,0.0,0.0,,,,0.0,0.0,2.0,0.5,2.0,1.0,0.25,0.0,0.333,0.0,2.0,0.0,0.0,0.0,0.0,0.5,2.0,3.0,0.0,0.0,0.0,0.0,0.0,1.0,1.0,0.0,0.0,0.0,0.0,0.0,0.0,0.0,0.0,3.0,0.333,63.0,33.0,0.38,0.524,0.638,-0.114,0.0,0.0,,0.4,,,0.0,2.0,0.0,2.0,0.0,0.0,,0.0,0.0,0.0,0.0,1.0,5.0,0.0,0.0,,,0.0,0.0,0.0,0.0,3.0,0.0,3.0,0.0,0.0,0.0,2020,41900313,20200922.0,2019-20,True,1.0,6.0,14.0,0.429,0.517,-0.088,0.0,2.0,0.0,0.348,6.0,12.0,0.5,0.566,5.0,7.0,0.714,0.626,1.0,5.0,0.2,0.36,1.0,1.0,0.0,0.0,0.0,1.0,1.0,0.5,0.0,0.0,0.0,0.0,0.0,0.0,3.0,3.0,0.0,3.0,0.0,2.0,5.0,1.0,0.0,1.0,1.0,0.0,0.0,3.0,3.0,3.0,0.0,0.0,1.0,1.0,0.0
200794,Paul Millsap,1610612743,DEN,35.0,18.866666666666667,4,10,0.4,1,4,0.25,0,0,0.0,2,2,4,2,3,1,0,1,3,1,9,7,0.108,102.5,92.4,0.048,0.111,20.0,39,0.105,0.45,82.69,110.3,102.94,0.67,0.167,99.22,92.3,13.3,17.9,10.1,0.277,0.45,0.277,20.0,3.0,0.0,0.188,6.0,16.0,0.125,1.0,22.0,3.0,0.0,1.0,1.0,1.0,0.0,0.0,0.0,0.0,0.0,0.0,0.0,2.0,0.0,0.0,1.0,0.0,2.0,1.0,5.0,29.0,0.8,0.0,0.8,1.64,0.0,1.0,23.0,0.31,1.0,2.0,6.0,5.0,9.3,2.0,0.0,0.5,0.0,1.0,0.667,0.4,8.0,2.0,0.0,2.0,0.0,0.0,0.667,0.0,0.5,3.0,0.4,0.5,2.8,0.0,0.0,0.1,0.0,0.0,0.0,0.0,1.0,0.0,0.1,0.0,1.0,,3.0,0.3,0.0,0.667,0.0,2.0,0.3,3.0,0.667,,2.0,0.667,0.0,2.0,1.0,1.25,1.0,0.2,2.0,1.0,1.0,0.1,0.1,1.0,1.0,1.0,0.4,0.0,0.0,0.1,3.0,0.3,0.0,0.0,0.0,1.0,4.0,0.0,0.0,0.0,0.0,0.0,,,,0.0,0.0,0.0,0.0,0.0,0.0,0.45,0.2,0.667,3.0,4.0,0.0,0.0,0.0,0.0,0.0,0.0,3.0,0.333,0.0,0.0,0.0,0.0,0.0,3.0,0.0,1.0,1.0,0.0,1.0,0.0,1.0,0.0,5.0,0.6,170.0,107.0,0.395,0.629,0.626,0.003,0.0,0.5,,0.6,,,0.0,2.0,0.0,3.0,0.0,0.0,,0.0,0.0,1.0,0.0,2.0,5.0,1.0,0.0,,,0.0,0.0,0.0,0.0,5.0,0.25,4.0,1.0,0.3,1.0,2020,21900860,20200225.0,2019-20,False,1.0,3.0,7.0,0.429,0.495,-0.067,1.0,3.0,0.333,0.375,2.0,4.0,0.5,0.585,1.0,2.0,0.5,0.622,1.0,4.0,0.25,0.366,0.0,0.0,0.0,0.0,0.0,0.0,0.0,0.0,0.0,0.0,1.0,1.0,0.0,0.0,4.0,2.0,2.0,1.0,0.0,0.0,0.0,0.0,2.0,2.0,0.0,1.0,0.0,2.0,2.0,1.0,0.0,0.0,1.0,1.0,0.0
200794,Paul Millsap,1610612743,DEN,35.0,21.25,2,5,0.4,0,2,0.0,2,4,0.5,2,3,5,2,1,1,0,0,3,3,6,1,0.122,95.1,89.2,0.074,0.13,10.0,42,0.111,0.444,80.0,95.2,96.86,2.0,0.182,96.0,90.7,20.0,4.5,5.9,0.169,0.4,0.174,10.2,4.0,1.0,0.25,6.0,12.0,0.167,0.0,15.0,3.0,1.0,0.0,0.0,0.0,0.0,0.5,0.0,0.0,0.0,0.0,0.5,2.0,0.0,0.0,0.0,1.0,0.0,1.0,5.0,22.0,1.0,0.0,0.4,2.6,0.0,1.0,18.0,0.273,1.68,2.0,3.7,4.0,4.5,2.0,1.0,0.833,1.0,0.5,1.0,1.0,6.0,1.0,1.0,3.0,0.0,1.0,1.0,0.333,1.0,2.0,0.75,0.4,2.5,1.0,0.0,0.2,0.0,0.0,1.0,1.0,1.0,1.0,0.2,1.0,1.0,,1.0,0.2,0.0,1.0,0.0,1.0,0.2,1.0,1.0,,1.0,1.0,0.0,1.0,1.0,0.0,0.0,0.2,0.0,0.0,,0.2,0.0,0.0,0.0,0.0,0.4,0.0,0.0,0.2,1.0,0.2,0.0,0.0,0.0,1.0,2.0,0.0,0.0,0.0,0.0,0.0,,,,0.0,0.0,0.0,0.0,0.0,0.0,0.4,0.0,0.5,0.0,2.0,0.0,0.0,0.0,0.0,0.5,2.0,0.0,0.0,2.0,0.0,0.0,0.0,1.0,1.0,0.0,0.0,0.0,0.0,2.0,0.0,0.0,0.0,1.0,1.0,42.0,21.0,0.389,0.5,0.625,-0.125,0.0,0.0,0.0,1.0,0.0,0.0,0.0,0.0,0.0,1.0,0.0,1.0,0.0,0.0,0.0,0.0,1.0,2.0,1.0,1.0,0.0,0.0,0.0,0.0,0.0,0.0,1.0,3.0,0.0,2.0,0.0,0.0,0.0,2020,41900236,20200913.0,2019-20,True,1.0,4.0,11.0,0.364,0.502,-0.138,0.0,2.0,0.0,0.418,4.0,9.0,0.444,0.542,3.0,7.0,0.429,0.59,1.0,4.0,0.25,0.416,0.0,0.0,0.0,0.0,0.0,0.0,1.0,1.0,0.0,0.0,0.0,0.0,0.0,0.0,5.0,3.0,2.0,1.0,0.0,1.0,2.0,0.0,0.0,0.0,0.0,0.0,0.0,0.0,0.0,0.0,0.0,0.0,0.0,0.0,0.0
200794,Paul Millsap,1610612743,DEN,35.0,31.516666666666666,2,6,0.333,2,4,0.5,0,0,0.0,1,2,3,1,1,0,1,0,2,2,6,19,0.048,122.5,87.0,0.027,0.049,12.5,62,0.045,0.5,77.42,119.4,94.12,1.0,0.04,92.9,91.7,12.5,27.7,35.5,0.105,0.5,0.101,12.5,1.0,0.0,0.042,2.0,24.0,0.042,0.0,17.0,1.0,0.0,0.0,0.0,0.0,0.0,0.0,0.0,0.0,0.0,0.0,0.0,0.0,0.0,0.0,0.0,0.0,0.0,0.0,1.0,32.0,1.1,0.0,0.0,2.0,0.0,1.0,17.0,0.188,1.03,0.0,6.0,7.0,4.8,2.0,2.0,0.3,2.0,0.0,0.333,0.4,10.0,0.0,1.0,3.0,0.0,0.0,0.333,0.0,0.375,3.0,0.286,0.0,8.4,0.0,0.0,0.167,0.0,0.0,0.0,0.0,1.0,0.0,0.167,0.0,1.0,,,,,,,,,,,,,,,1.0,0.0,0.0,0.0,0.167,0.0,0.0,0.0,0.0,0.167,1.0,0.0,,0.667,2.0,0.0,0.0,4.0,0.667,,0.5,0.75,0.0,4.0,0.5,2.0,0.0,0.0,0.0,0.0,0.0,,0.0,1.0,0.0,0.0,0.0,0.0,0.5,0.4,0.0,6.0,0.0,0.0,,0.0,0.0,0.0,0.0,4.0,0.5,0.0,0.0,0.0,0.0,0.0,0.0,0.0,0.0,2.0,,0.0,,2.0,0.0,0.0,0.0,48.0,23.0,0.397,0.479,0.623,-0.144,1.0,0.667,0.0,0.0,,0.0,,3.0,0.0,0.0,,0.0,0.0,,0.0,2.0,0.0,1.0,0.0,0.0,0.0,,,0.0,0.0,0.0,1.0,5.0,0.5,4.0,2.0,0.6,2.0,2020,41900237,20200915.0,2019-20,True,1.0,3.0,13.0,0.231,0.465,-0.234,0.0,5.0,0.0,0.403,3.0,8.0,0.375,0.53,2.0,6.0,0.333,0.572,1.0,6.0,0.167,0.407,0.0,0.0,0.0,0.0,0.0,0.0,0.0,0.0,0.0,0.0,0.0,0.0,0.0,0.0,14.0,9.0,5.0,0.0,0.0,1.0,2.0,0.0,0.0,0.0,0.0,0.0,0.0,1.0,1.0,0.0,0.0,0.0,1.0,0.0,0.0
200794,Paul Millsap,1610612743,DEN,35.0,35.34,6,13,0.462,2,6,0.333,2,2,1.0,3,4,7,4,1,0,2,0,3,1,16,-2,0.115,136.9,132.1,0.092,0.154,5.3,68,0.086,0.576,78.66,138.2,95.97,4.0,0.129,94.4,135.2,21.1,3.0,4.9,0.187,0.538,0.185,5.3,5.0,0.0,0.148,9.0,27.0,0.148,0.0,23.0,4.0,1.0,3.0,0.5,1.0,0.0,0.25,0.0,0.0,0.0,0.0,0.0,4.0,0.0,0.0,0.333,0.0,2.0,1.0,3.0,42.0,1.6,0.0,0.667,2.25,1.0,4.0,25.0,0.381,1.24,1.0,5.7,10.0,6.5,4.0,4.0,0.5,4.0,0.333,0.75,0.667,14.0,1.0,2.0,6.0,0.0,0.0,0.75,0.0,0.7,4.0,0.4,0.143,4.6,,,,,,,,,,,,,,7.0,0.538,0.0,0.571,0.0,4.0,0.538,7.0,0.571,,4.0,0.571,0.0,4.0,4.0,0.375,1.0,0.308,1.0,0.0,,0.308,0.0,0.0,0.25,0.25,0.154,1.0,0.0,0.0,2.0,0.154,,0.5,0.75,0.0,2.0,0.5,1.0,1.0,0.0,2.0,0.5,0.5,,0.0,2.0,4.0,0.0,0.0,1.0,0.538,0.333,1.0,6.0,2.0,0.0,0.0,0.5,0.0,1.0,1.0,5.0,0.4,1.0,0.0,0.0,0.0,1.0,2.0,0.0,0.0,2.0,0.0,1.0,0.0,2.0,1.0,4.0,0.5,12.0,6.0,0.414,0.5,0.628,-0.128,0.0,0.4,0.0,0.5,0.0,0.0,0.0,5.0,0.5,2.0,0.0,1.0,0.0,0.0,0.0,2.0,1.0,1.0,4.0,1.0,0.0,0.0,0.0,0.0,0.0,1.0,2.0,6.0,0.333,6.0,2.0,0.5,2.0,2020,41900164,20200823.0,2019-20,True,1.0,6.0,14.0,0.429,0.475,-0.046,3.0,6.0,0.5,0.388,3.0,8.0,0.375,0.548,3.0,8.0,0.375,0.564,3.0,6.0,0.5,0.398,1.0,1.0,2.0,2.0,1.0,1.0,2.0,0.5,1.0,0.25,0.0,0.0,1.0,0.25,8.0,3.0,5.0,1.0,0.0,4.0,10.0,1.0,0.0,1.0,1.0,0.0,1.0,0.0,1.0,1.0,1.0,1.0,0.0,1.0,1.0
200794,Paul Millsap,1610612743,DEN,35.0,28.098333333333333,2,6,0.333,0,1,0.0,2,3,0.667,3,5,8,1,3,0,0,2,2,2,6,9,0.129,101.5,87.2,0.044,0.143,27.3,56,0.111,0.41,81.14,108.9,102.29,0.33,0.056,97.37,89.7,9.1,19.3,14.3,0.161,0.333,0.159,26.5,2.0,0.0,0.063,3.0,16.0,0.063,0.0,11.0,1.0,0.0,3.0,0.75,1.0,0.0,0.0,0.0,0.0,0.0,0.0,0.25,4.0,0.0,0.0,0.333,1.0,3.0,1.0,5.0,26.0,1.2,0.0,0.6,2.8,0.0,1.0,12.0,0.231,1.54,5.0,5.6,9.0,4.0,2.0,0.0,0.533,0.0,0.667,0.5,0.556,15.0,2.0,1.0,3.0,0.0,3.0,0.5,0.6,0.533,6.0,0.556,0.625,8.3,0.0,0.0,0.167,0.0,0.0,0.0,0.0,1.0,0.0,0.167,0.0,1.0,,4.0,0.667,0.0,0.5,0.0,2.0,0.667,4.0,0.5,,2.0,0.5,0.0,,,,,,,,,,,,,,0.167,0.0,0.0,0.0,1.0,0.167,,0.0,0.0,0.0,1.0,0.0,0.0,0.0,1.0,0.0,0.0,0.0,0.0,0.0,1.0,0.0,0.0,0.0,0.0,0.333,0.0,1.0,0.0,3.0,0.0,0.0,1.0,0.0,0.0,0.0,1.0,0.0,0.0,0.0,0.0,0.0,0.0,1.0,0.0,0.0,0.0,0.0,0.0,0.0,1.0,1.0,4.0,0.25,58.0,28.0,0.382,0.483,0.636,-0.153,0.0,0.0,,0.25,0.0,,0.0,1.0,1.0,1.0,0.0,0.0,,0.0,0.0,0.0,0.0,0.0,4.0,0.0,0.0,0.0,0.0,0.0,0.0,1.0,1.0,0.0,,0.0,0.0,,0.0,2020,41900312,20200920.0,2019-20,True,1.0,3.0,17.0,0.176,0.493,-0.317,2.0,10.0,0.2,0.351,1.0,7.0,0.143,0.565,1.0,4.0,0.25,0.665,2.0,11.0,0.182,0.355,0.0,0.0,0.0,0.0,0.0,0.0,0.0,0.0,0.0,0.0,1.0,1.0,0.0,0.0,7.0,2.0,5.0,3.0,0.0,1.0,2.0,0.0,1.0,1.0,0.0,1.0,0.0,3.0,3.0,1.0,0.0,0.0,1.0,1.0,0.0
200794,Paul Millsap,1610612743,DEN,35.0,14.366666666666667,1,1,1.0,0,0,0.0,0,0,0.0,0,1,1,2,1,0,0,0,3,0,2,0,0.042,96.6,96.6,0.021,0.077,25.0,27,0.0,1.0,75.17,92.6,86.47,2.0,0.222,90.21,92.6,50.0,0.0,0.0,0.077,1.0,0.074,25.0,2.0,0.0,0.222,6.0,9.0,0.222,0.0,6.0,2.0,0.0,0.0,0.0,0.0,0.0,0.0,1.0,0.0,0.0,1.0,1.0,1.0,0.0,0.0,0.0,1.0,0.0,1.0,0.0,10.0,0.3,0.0,0.0,2.08,0.0,0.0,6.0,0.2,0.8,0.0,2.1,2.0,2.1,1.0,0.0,0.5,0.0,0.0,0.0,0.5,2.0,0.0,0.0,1.0,0.0,0.0,0.0,0.0,0.5,0.0,0.5,0.0,0.0,,,,,,,,,,,,,,1.0,1.0,0.0,1.0,0.0,1.0,1.0,1.0,1.0,,1.0,1.0,0.0,,,,,,,,,,,,,,,,,,,,,,,,,,,0.0,,0.0,,,,,0.0,0.0,0.0,0.0,0.0,1.0,0.0,0.0,0.0,0.0,0.0,0.0,0.0,0.0,0.0,0.0,0.0,0.0,0.0,0.0,0.0,0.0,0.0,1.0,0.0,0.0,0.0,0.0,0.0,0.0,0.0,0.0,1.0,1.0,21.0,11.0,0.488,0.524,0.635,-0.111,0.0,0.0,,1.0,,,0.0,0.0,0.0,1.0,0.0,0.0,,0.0,0.0,0.0,0.0,0.0,1.0,0.0,0.0,,,0.0,0.0,0.0,0.0,0.0,,,,,0.0,2020,41900167,20200901.0,2019-20,True,1.0,4.0,5.0,0.8,0.541,0.259,,,,,4.0,5.0,0.8,0.562,3.0,4.0,0.75,0.591,,,,,0.0,0.0,0.0,0.0,0.0,0.0,0.0,0.0,0.0,0.0,0.0,0.0,0.0,0.0,1.0,0.0,1.0,0.0,0.0,3.0,7.0,0.0,0.0,0.0,0.0,0.0,0.0,0.0,0.0,0.0,0.0,0.0,0.0,0.0,0.0
200794,Paul Millsap,1610612743,DEN,35.0,16.8,1,3,0.333,1,2,0.5,2,2,1.0,1,5,6,3,3,0,0,1,5,2,5,8,0.176,103.4,85.1,0.095,0.25,30.0,33,0.071,0.644,77.38,106.1,93.66,1.0,0.273,92.86,84.4,30.0,21.7,18.3,0.192,0.5,0.189,30.4,2.0,0.0,0.136,6.0,22.0,0.136,0.0,20.0,3.0,0.0,1.0,0.0,0.0,0.0,0.0,0.0,0.0,0.0,0.0,0.0,2.0,0.0,0.0,0.0,0.0,0.0,1.0,0.0,30.0,1.1,0.0,0.0,2.11,0.0,0.0,16.0,0.167,1.13,1.0,5.7,7.0,5.1,4.0,0.0,0.667,0.0,0.0,0.5,0.714,9.0,0.0,1.0,5.0,0.0,1.0,0.5,0.2,0.667,2.0,0.714,0.167,8.9,,,,,,,,,,,,,,1.0,0.333,0.0,0.0,0.0,0.0,0.333,1.0,0.0,,0.0,0.0,0.0,,,,,,,,,,,,,,0.667,1.0,0.0,0.0,2.0,0.667,,0.5,0.75,0.0,2.0,0.5,1.0,0.0,0.0,0.0,,,,0.0,0.0,0.0,0.0,0.0,0.0,0.5,0.5,0.0,3.0,0.0,1.0,0.0,0.0,0.0,0.0,0.0,1.0,0.0,1.0,1.0,1.0,1.0,0.0,0.0,0.0,0.0,0.0,0.0,1.0,0.0,0.0,0.0,1.0,0.0,68.0,38.0,0.384,0.559,0.644,-0.085,0.0,0.0,,0.0,,,0.0,1.0,0.0,0.0,0.0,0.0,,0.0,0.0,0.0,0.0,1.0,1.0,0.0,1.0,,,1.0,0.0,0.0,0.0,2.0,0.5,2.0,1.0,0.75,1.0,2020,41900314,20200924.0,2019-20,True,1.0,6.0,11.0,0.545,0.5,0.046,1.0,3.0,0.333,0.362,5.0,8.0,0.625,0.57,5.0,6.0,0.833,0.665,1.0,4.0,0.25,0.364,0.0,0.0,0.0,0.0,0.0,0.0,0.0,0.0,0.0,0.0,0.0,0.0,0.0,0.0,3.0,1.0,2.0,0.0,0.0,0.0,0.0,1.0,0.0,1.0,1.0,0.0,0.0,2.0,2.0,0.0,0.0,0.0,1.0,0.0,0.0
200794,Paul Millsap,1610612743,DEN,35.0,30.7,1,8,0.125,1,5,0.2,10,11,0.909,1,3,4,1,1,0,0,1,3,6,13,-8,0.068,96.7,116.4,0.052,0.125,6.7,64,0.029,0.506,82.74,98.4,98.63,1.0,0.048,99.28,112.7,6.7,-14.3,-19.7,0.194,0.188,0.194,6.7,1.0,0.0,0.045,3.0,22.0,0.045,0.0,21.0,1.0,1.0,1.0,0.6,0.0,0.4,0.2,0.0,4.0,3.0,0.0,0.2,5.0,0.75,2.0,0.0,1.0,3.0,3.0,1.0,35.0,1.5,0.0,0.0,2.64,2.0,1.0,20.0,0.371,1.14,2.0,4.2,5.0,4.4,2.0,1.0,0.444,2.0,1.0,0.2,0.75,9.0,1.0,0.0,2.0,1.0,1.0,0.25,0.333,0.571,5.0,0.6,0.5,3.7,,,,,,,,,,,,,,2.0,0.25,0.0,0.0,0.0,0.0,0.25,2.0,0.0,,0.0,0.0,0.0,1.0,0.0,0.0,0.0,0.125,0.0,0.0,0.0,0.0,0.125,1.0,0.0,,0.625,1.0,0.0,0.0,5.0,0.625,,0.2,0.3,0.0,5.0,0.2,1.0,0.0,0.0,0.0,,,,0.0,0.0,2.0,0.0,0.0,0.0,0.188,0.2,0.0,3.0,0.0,0.0,0.0,0.0,0.0,0.0,1.0,3.0,0.333,1.0,0.0,0.0,0.0,0.0,0.0,0.0,1.0,1.0,0.0,2.0,0.0,0.0,0.0,2.0,0.0,73.0,43.0,0.384,0.589,0.65,-0.061,0.0,0.333,,0.0,0.0,,0.0,3.0,0.0,0.0,0.0,0.0,,0.0,0.0,1.0,0.0,2.0,2.0,1.0,0.0,0.0,0.0,0.0,0.0,0.0,0.0,5.0,0.2,5.0,1.0,0.3,1.0,2020,41900315,20200926.0,2019-20,True,1.0,6.0,13.0,0.462,0.536,-0.074,1.0,4.0,0.25,0.359,5.0,9.0,0.556,0.598,5.0,7.0,0.714,0.681,1.0,6.0,0.167,0.365,0.0,0.0,2.0,2.0,1.0,2.0,0.0,0.0,0.0,0.0,0.0,0.0,1.0,1.0,4.0,1.0,3.0,0.0,0.0,1.0,2.0,0.0,1.0,1.0,0.0,1.0,0.0,8.0,8.0,1.0,1.0,0.0,1.0,1.0,1.0
200794,Paul Millsap,1610612743,DEN,35.0,29.466666666666665,3,10,0.3,1,3,0.333,1,2,0.5,1,2,3,0,0,3,1,1,0,1,8,-3,0.049,105.6,115.5,0.051,0.065,0.0,58,0.033,0.368,78.05,108.6,95.13,0.0,0.0,93.67,115.8,0.0,-7.2,-9.8,0.174,0.35,0.175,0.0,4.0,0.0,0.0,0.0,23.0,0.0,0.0,22.0,0.0,0.0,2.0,0.0,0.0,0.0,0.0,0.0,0.0,0.0,0.0,0.0,2.0,0.0,0.0,0.0,0.0,0.0,0.0,3.0,34.0,1.2,0.0,0.667,2.15,0.333,3.0,25.0,0.235,1.0,1.0,3.9,9.0,4.2,2.0,3.0,0.231,3.0,1.0,0.25,0.333,13.0,1.0,0.0,2.0,0.0,0.0,0.25,0.0,0.3,4.0,0.222,0.333,3.1,,,,,,,,,,,,,,2.0,0.2,0.0,0.0,0.0,0.0,0.2,2.0,0.0,,0.0,0.0,0.0,5.0,0.0,0.4,0.0,0.5,2.0,2.0,0.4,0.0,0.5,5.0,0.4,,0.3,1.0,0.0,0.0,3.0,0.3,,0.333,0.5,0.0,3.0,0.333,1.0,1.0,0.0,2.0,0.5,0.5,,0.0,2.0,1.0,0.0,0.0,0.0,0.35,0.25,1.0,3.0,2.0,0.0,0.0,0.0,0.0,0.5,2.0,1.0,1.0,1.0,0.0,0.0,0.0,1.0,1.0,0.0,1.0,1.0,0.0,2.0,0.0,2.0,0.0,3.0,0.333,4.0,2.0,0.444,0.5,0.637,-0.137,1.0,1.0,,0.333,,,0.0,1.0,0.0,1.0,0.0,0.5,,0.0,0.0,1.0,1.0,3.0,3.0,2.0,0.0,,,0.0,0.0,0.0,0.0,4.0,0.333,3.0,1.0,0.375,1.0,2020,41900161,20200817.0,2019-20,True,1.0,3.0,9.0,0.333,0.5,-0.166,1.0,5.0,0.2,0.397,2.0,4.0,0.5,0.6,2.0,4.0,0.5,0.611,1.0,5.0,0.2,0.402,0.0,1.0,1.0,2.0,0.5,0.333,1.0,0.333,0.0,0.0,0.0,0.0,1.0,0.333,6.0,3.0,3.0,1.0,0.0,0.0,0.0,1.0,0.0,1.0,1.0,0.0,0.0,2.0,2.0,0.0,0.0,0.0,1.0,0.0,0.0
200794,Paul Millsap,1610612743,DEN,35.0,14.083333333333334,0,1,0.0,0,0,0.0,3,4,0.75,2,1,3,1,1,1,1,0,0,3,3,-15,0.111,75.4,136.5,0.097,0.077,20.0,26,0.143,0.543,75.27,76.9,88.89,1.0,0.167,90.32,129.6,20.0,-52.7,-61.1,0.132,0.0,0.138,21.0,3.0,0.0,0.056,3.0,18.0,0.056,0.0,10.0,1.0,0.0,0.0,0.0,0.0,0.0,0.0,0.0,0.0,0.0,0.0,0.5,2.0,0.0,0.0,0.0,1.0,0.0,0.0,3.0,22.0,0.8,0.0,0.333,2.25,0.0,1.0,13.0,0.136,1.0,3.0,4.0,1.0,3.8,0.0,0.0,0.6,0.0,1.0,0.5,1.0,5.0,2.0,0.0,0.0,0.0,1.0,0.5,1.0,0.6,4.0,1.0,1.0,4.1,,,,,,,,,,,,,,,,,,,,,,,,,,,1.0,0.0,0.0,0.0,1.0,0.0,0.0,0.0,0.0,1.0,1.0,0.0,,,,,,,,,,,,,,,0.0,,0.0,0.0,0.0,,,1.0,0.0,0.0,0.0,0.0,0.0,0.0,0.0,0.0,1.0,0.0,0.0,0.0,0.0,0.0,0.0,0.0,0.0,0.0,0.0,0.0,0.0,0.0,0.0,0.0,0.0,0.0,0.0,0.0,0.0,1.0,0.0,0.0,0.0,32.0,16.0,0.372,0.5,0.629,-0.129,0.0,0.0,,0.0,,,0.0,0.0,0.0,0.0,0.0,0.0,,0.0,0.0,0.0,0.0,0.0,0.0,1.0,0.0,,,0.0,0.0,0.0,0.0,0.0,,,,,0.0,2020,41900234,20200909.0,2019-20,True,1.0,2.0,3.0,0.667,0.455,0.212,1.0,1.0,1.0,0.418,1.0,2.0,0.5,0.492,0.0,1.0,0.0,0.597,2.0,2.0,1.0,0.435,0.0,1.0,0.0,0.0,0.0,0.0,0.0,0.0,0.0,0.0,0.0,0.0,0.0,0.0,4.0,4.0,0.0,2.0,0.0,0.0,0.0,0.0,0.0,0.0,0.0,0.0,1.0,1.0,2.0,2.0,1.0,0.5,0.5,1.0,0.5
200794,Paul Millsap,1610612743,DEN,35.0,19.166666666666668,1,4,0.25,0,1,0.0,2,2,1.0,1,2,3,1,1,0,0,0,3,2,4,-11,0.088,106.8,138.2,0.006,0.143,14.3,39,0.05,0.41,82.43,105.1,95.22,1.0,0.083,98.92,130.0,14.3,-24.9,-31.4,0.142,0.25,0.143,14.5,2.0,0.0,0.063,2.0,16.0,0.063,0.0,13.0,1.0,0.0,0.0,0.0,0.0,0.0,0.0,0.0,0.0,0.0,0.0,0.0,0.0,0.0,0.0,0.0,0.0,0.0,1.0,2.0,24.0,0.9,2.0,1.0,2.18,1.0,2.0,12.0,0.167,1.38,2.0,5.9,4.0,3.8,1.0,0.0,0.429,0.0,1.0,0.333,0.5,7.0,1.0,0.0,1.0,0.0,1.0,0.333,0.5,0.429,3.0,0.5,0.667,10.2,,,,,,,,,,,,,,,,,,,,,,,,,,,3.0,0.0,0.333,0.0,0.75,1.0,1.0,0.333,0.0,0.75,3.0,0.333,,0.25,0.0,0.0,0.0,1.0,0.25,,0.0,0.0,0.0,1.0,0.0,0.0,0.0,0.0,0.0,0.0,0.0,,0.0,1.0,2.0,0.0,2.0,0.5,0.25,0.0,0.0,0.0,2.0,0.0,0.0,0.333,0.0,0.0,0.0,1.0,0.0,0.0,0.0,0.0,0.0,0.0,0.0,0.0,0.0,0.0,0.0,0.0,0.0,3.0,1.0,0.0,0.0,14.0,6.0,0.438,0.429,0.629,-0.2,0.0,0.0,,0.0,0.0,,0.0,1.0,0.0,0.0,0.0,0.5,,0.0,0.0,0.0,1.0,0.0,0.0,2.0,0.0,0.0,0.0,0.0,0.0,0.0,1.0,1.0,0.0,1.0,0.0,0.0,0.0,2020,41900165,20200825.0,2019-20,True,1.0,0.0,3.0,0.0,0.525,-0.525,0.0,1.0,0.0,0.383,0.0,2.0,0.0,0.593,0.0,2.0,0.0,0.604,0.0,1.0,0.0,0.385,1.0,2.0,0.0,0.0,0.0,1.0,0.0,0.0,0.0,0.0,0.0,0.0,0.0,0.0,1.0,1.0,0.0,0.0,0.0,1.0,2.0,1.0,0.0,1.0,1.0,0.0,0.0,5.0,5.0,0.0,0.0,0.0,1.0,0.0,0.0
200794,Paul Millsap,1610612743,DEN,35.0,20.78333333333333,2,5,0.4,1,1,1.0,0,0,0.0,0,6,6,1,1,1,0,0,3,1,5,-13,0.15,95.7,123.7,0.077,0.25,14.3,40,0.0,0.5,77.95,97.5,95.62,1.0,0.071,93.54,126.8,14.3,-29.3,-28.0,0.14,0.5,0.136,14.3,2.0,0.0,0.045,3.0,22.0,0.045,0.0,13.0,1.0,0.0,2.0,0.667,1.0,0.0,0.0,0.0,0.0,0.0,0.0,0.333,3.0,0.0,0.0,0.5,1.0,2.0,0.0,0.0,28.0,1.4,0.0,0.0,2.94,0.0,3.0,13.0,0.179,1.68,2.0,7.2,7.0,7.2,4.0,0.0,0.857,0.0,0.0,0.0,0.857,7.0,0.0,0.0,4.0,0.0,2.0,0.0,0.333,0.857,0.0,0.857,0.333,0.0,,,,,,,,,,,,,,3.0,0.6,0.0,0.0,0.0,0.0,0.6,3.0,0.0,,0.0,0.0,0.0,1.0,0.0,1.0,0.0,0.2,1.0,1.0,1.0,0.0,0.2,1.0,1.0,,0.2,1.0,0.0,0.0,1.0,0.2,,1.0,1.5,0.0,1.0,1.0,1.0,0.0,0.0,0.0,,,,0.0,0.0,0.0,0.0,0.0,0.0,0.5,1.0,0.0,3.0,0.0,0.0,0.0,0.0,0.0,0.0,1.0,1.0,1.0,0.0,0.0,0.0,0.0,0.0,1.0,0.0,0.0,1.0,0.0,0.0,0.0,0.0,0.0,3.0,0.333,54.0,27.0,0.4,0.5,0.629,-0.129,0.0,1.0,,0.333,,,0.0,1.0,0.0,1.0,0.0,0.0,,0.0,0.0,1.0,0.0,0.0,3.0,1.0,0.0,,,0.0,0.0,0.0,0.0,1.0,1.0,1.0,1.0,1.5,1.0,2020,41900311,20200918.0,2019-20,True,1.0,7.0,14.0,0.5,0.499,0.001,1.0,3.0,0.333,0.348,6.0,11.0,0.545,0.561,5.0,7.0,0.714,0.632,1.0,5.0,0.2,0.361,0.0,2.0,0.0,0.0,0.0,0.0,1.0,0.333,1.0,0.333,0.0,0.0,0.0,0.0,14.0,9.0,5.0,0.0,0.0,1.0,2.0,0.0,0.0,0.0,0.0,0.0,0.0,5.0,5.0,2.0,2.0,0.0,1.0,1.0,1.0
200794,Paul Millsap,1610612743,DEN,35.0,31.73333333333333,5,11,0.455,2,5,0.4,1,1,1.0,4,2,6,1,1,0,0,0,3,2,13,13,0.083,117.4,94.3,0.074,0.048,7.7,61,0.133,0.568,77.52,119.7,95.11,1.0,0.048,93.03,96.8,7.7,22.9,23.1,0.183,0.545,0.176,7.4,4.0,0.0,0.053,2.0,19.0,0.053,0.0,21.0,1.0,0.0,2.0,1.0,1.0,0.0,0.0,0.0,0.0,0.0,0.0,0.0,2.0,0.0,0.0,0.5,0.0,2.0,1.0,6.0,33.0,1.2,0.0,0.333,2.18,1.0,3.0,25.0,0.394,1.18,4.0,4.1,8.0,3.2,2.0,1.0,0.462,1.0,1.0,0.8,0.286,13.0,4.0,0.0,2.0,0.0,0.0,0.8,0.0,0.5,5.0,0.25,0.667,4.5,,,,,,,,,,,,,,6.0,0.545,0.0,0.5,0.0,3.0,0.545,6.0,0.5,,3.0,0.5,0.0,3.0,3.0,0.0,0.0,0.273,0.0,0.0,,0.273,0.0,0.0,0.0,0.0,0.182,2.0,0.0,0.0,2.0,0.182,,1.0,1.5,0.0,2.0,1.0,2.0,1.0,0.0,2.0,0.5,0.5,,0.0,2.0,3.0,0.0,0.0,1.0,0.545,0.4,0.5,6.0,2.0,0.0,0.0,0.0,0.0,0.333,3.0,5.0,0.4,0.0,0.0,0.0,0.0,1.0,2.0,0.0,0.0,2.0,0.0,0.0,0.0,0.0,0.0,3.0,0.667,31.0,16.0,0.397,0.516,0.628,-0.111,0.0,0.5,,0.667,0.0,,0.0,2.0,1.0,2.0,0.0,0.0,,0.0,0.0,1.0,0.0,3.0,3.0,2.0,0.333,0.0,0.0,1.0,0.0,1.0,1.0,5.0,0.4,5.0,2.0,0.6,2.0,2020,41900232,20200905.0,2019-20,True,1.0,3.0,19.0,0.158,0.45,-0.292,1.0,9.0,0.111,0.383,2.0,10.0,0.2,0.494,2.0,8.0,0.25,0.555,1.0,9.0,0.111,0.395,1.0,1.0,0.0,0.0,0.0,1.0,1.0,0.333,0.0,0.0,1.0,0.333,0.0,0.0,14.0,7.0,7.0,2.0,0.0,0.0,0.0,0.0,0.0,0.0,0.0,0.0,0.0,1.0,2.0,1.0,0.0,0.0,0.5,1.0,0.0
200794,Paul Millsap,1610612743,DEN,35.0,23.85,3,6,0.5,1,3,0.333,6,8,0.75,2,7,9,0,3,3,2,0,2,5,13,-16,0.225,99.4,132.4,0.14,0.438,25.0,50,0.083,0.683,83.86,98.0,98.98,0.0,0.0,100.63,130.0,0.0,-32.0,-33.0,0.244,0.583,0.226,24.0,2.0,0.0,0.0,0.0,24.0,0.0,0.0,20.0,0.0,0.0,2.0,1.0,1.0,0.0,0.0,0.0,0.0,0.0,0.0,0.0,2.0,0.0,0.0,0.5,0.0,2.0,0.0,2.0,37.0,1.5,0.0,1.0,2.36,0.0,1.0,22.0,0.351,1.24,5.0,4.1,9.0,3.2,4.0,0.0,0.563,0.0,1.0,0.286,0.778,16.0,2.0,0.0,4.0,0.0,3.0,0.286,0.429,0.563,7.0,0.778,0.556,7.1,1.0,0.0,0.167,0.0,0.0,1.0,1.0,1.0,1.0,0.167,1.0,1.0,,2.0,0.333,0.0,0.5,0.0,1.0,0.333,2.0,0.5,,1.0,0.5,0.0,2.0,2.0,0.75,1.0,0.333,1.0,0.0,,0.333,0.0,0.0,0.5,0.5,0.167,0.0,0.0,0.0,1.0,0.167,,0.0,0.0,0.0,1.0,0.0,0.0,1.0,0.0,2.0,1.0,1.0,,0.0,1.0,0.0,0.0,0.0,0.0,0.583,0.333,1.0,3.0,2.0,0.0,0.0,0.0,0.0,0.5,2.0,3.0,0.333,0.0,0.0,0.0,0.0,1.0,1.0,0.0,0.0,1.0,0.0,0.0,0.0,0.0,0.0,1.0,1.0,26.0,15.0,0.441,0.577,0.634,-0.057,0.0,0.333,,1.0,,,0.0,3.0,1.0,1.0,0.0,0.0,,0.0,0.0,1.0,0.0,0.0,1.0,1.0,0.0,,,0.0,0.0,1.0,1.0,3.0,0.333,3.0,1.0,0.5,1.0,2020,41900231,20200903.0,2019-20,True,1.0,12.0,16.0,0.75,0.46,0.29,4.0,4.0,1.0,0.41,8.0,12.0,0.667,0.506,5.0,6.0,0.833,0.58,5.0,6.0,0.833,0.418,0.0,0.0,0.0,0.0,0.0,0.0,0.0,0.0,0.0,0.0,1.0,1.0,0.0,0.0,10.0,8.0,2.0,4.0,1.0,0.0,0.0,1.0,1.0,2.0,0.5,0.5,1.0,0.0,1.0,1.0,1.0,1.0,0.0,1.0,1.0
200794,Paul Millsap,1610612743,DEN,35.0,28.916666666666668,5,11,0.455,1,3,0.333,6,8,0.75,1,5,6,1,1,1,0,2,3,4,17,2,0.102,110.8,105.8,0.111,0.167,5.9,56,0.034,0.585,78.16,112.5,95.02,1.0,0.053,93.79,107.0,5.9,5.5,5.0,0.255,0.5,0.258,6.1,2.0,0.0,0.059,2.0,17.0,0.059,0.0,21.0,1.0,1.0,2.0,1.0,1.0,0.25,0.25,0.0,2.0,2.0,0.0,0.0,4.0,1.0,1.0,0.5,0.0,4.0,1.0,4.0,32.0,1.2,2.0,1.0,2.26,0.333,3.0,21.0,0.531,1.59,3.0,5.3,6.0,5.8,3.0,0.0,0.5,1.0,1.0,0.143,0.833,12.0,1.0,0.0,3.0,1.0,2.0,0.167,0.4,0.545,7.0,0.833,0.5,2.7,1.0,0.0,0.091,0.0,0.0,1.0,1.0,1.0,1.0,0.091,1.0,1.0,,6.0,0.545,0.0,0.333,0.0,2.0,0.545,6.0,0.333,,2.0,0.333,0.0,3.0,2.0,0.833,1.0,0.273,2.0,1.0,1.0,0.182,0.091,1.0,0.667,0.5,0.091,0.0,0.0,0.0,1.0,0.091,,0.0,0.0,0.0,1.0,0.0,0.0,0.0,0.0,0.0,0.0,0.0,,0.0,1.0,1.0,1.0,2.0,0.0,0.5,0.5,0.333,5.0,4.0,1.0,0.0,1.0,0.0,0.25,4.0,2.0,0.0,1.0,1.0,1.0,1.0,1.0,2.0,0.0,0.0,0.0,0.0,1.0,0.0,1.0,1.0,3.0,0.667,35.0,18.0,0.361,0.514,0.628,-0.114,0.0,0.0,,0.667,0.0,,0.0,2.0,0.0,2.0,0.0,0.5,,0.0,0.0,0.0,1.0,2.0,3.0,2.0,1.0,0.0,0.0,2.0,0.0,0.0,2.0,4.0,0.333,3.0,1.0,0.625,2.0,2020,41900235,20200911.0,2019-20,True,1.0,5.0,11.0,0.455,0.463,-0.008,2.0,5.0,0.4,0.392,3.0,6.0,0.5,0.506,2.0,3.0,0.667,0.583,2.0,6.0,0.333,0.397,0.0,2.0,1.0,2.0,0.5,0.333,0.0,0.0,0.0,0.0,0.0,0.0,1.0,0.333,8.0,4.0,4.0,1.0,0.0,2.0,5.0,0.0,0.0,0.0,0.0,0.0,0.0,1.0,1.0,1.0,0.0,0.0,1.0,1.0,0.0
200794,Paul Millsap,1610612743,DEN,35.0,31.026666666666667,2,8,0.25,0,3,0.0,2,2,1.0,1,7,8,1,1,0,1,2,4,2,6,11,0.14,130.4,104.9,0.03,0.226,9.1,61,0.038,0.338,79.29,127.9,95.64,1.0,0.04,95.14,108.1,9.1,19.8,25.5,0.148,0.25,0.143,9.2,1.0,0.0,0.03,3.0,33.0,0.03,0.0,27.0,1.0,0.0,1.0,1.0,0.0,0.5,0.0,0.0,2.0,2.0,0.0,0.0,2.0,1.0,1.0,0.0,0.0,2.0,4.0,9.0,45.0,1.8,0.5,0.222,2.36,1.0,2.0,26.0,0.133,1.13,0.0,9.3,7.0,6.5,7.0,0.0,0.889,0.0,0.0,0.5,1.0,9.0,0.0,1.0,8.0,0.0,0.0,0.5,0.0,0.889,2.0,1.0,0.0,28.9,0.0,0.0,0.125,0.0,0.0,0.0,0.0,1.0,0.0,0.125,0.0,1.0,,3.0,0.375,0.0,0.333,0.0,1.0,0.375,3.0,0.333,,1.0,0.333,0.0,1.0,0.0,1.0,0.0,0.125,1.0,1.0,1.0,0.0,0.125,1.0,1.0,,0.375,0.0,0.0,0.0,3.0,0.375,,0.0,0.0,0.0,3.0,0.0,0.0,0.0,0.0,0.0,,,,0.0,0.0,2.0,0.5,2.0,1.0,0.25,0.0,0.333,0.0,2.0,0.0,0.0,0.0,0.0,0.5,2.0,3.0,0.0,0.0,0.0,0.0,0.0,1.0,1.0,0.0,0.0,0.0,0.0,0.0,0.0,0.0,0.0,3.0,0.333,63.0,33.0,0.38,0.524,0.638,-0.114,0.0,0.0,,0.4,,,0.0,2.0,0.0,2.0,0.0,0.0,,0.0,0.0,0.0,0.0,1.0,5.0,0.0,0.0,,,0.0,0.0,0.0,0.0,3.0,0.0,3.0,0.0,0.0,0.0,2020,41900313,20200922.0,2019-20,True,1.0,6.0,14.0,0.429,0.517,-0.088,0.0,2.0,0.0,0.348,6.0,12.0,0.5,0.566,5.0,7.0,0.714,0.626,1.0,5.0,0.2,0.36,1.0,1.0,0.0,0.0,0.0,1.0,1.0,0.5,0.0,0.0,0.0,0.0,0.0,0.0,3.0,3.0,0.0,3.0,0.0,2.0,5.0,1.0,0.0,1.0,1.0,0.0,0.0,3.0,3.0,3.0,0.0,0.0,1.0,1.0,0.0
200794,Paul Millsap,1610612743,DEN,35.0,28.35,5,7,0.714,0,0,0.0,1,2,0.5,0,2,2,2,0,0,0,0,4,1,11,-6,0.045,114.3,125.5,0.061,0.111,0.0,59,0.0,0.698,82.54,113.6,98.88,0.0,0.091,99.05,125.9,20.0,-12.3,-11.3,0.126,0.714,0.125,0.0,3.0,0.0,0.091,5.0,22.0,0.091,0.0,23.0,2.0,0.0,2.0,1.0,1.0,0.0,0.0,0.0,0.0,0.0,0.0,0.0,2.0,0.0,0.0,0.5,0.0,2.0,0.0,3.0,30.0,1.1,0.0,1.333,2.28,1.333,3.0,19.0,0.367,1.4,0.0,3.6,3.0,3.6,2.0,0.0,0.5,0.0,0.0,0.0,0.667,4.0,0.0,0.0,2.0,0.0,0.0,0.0,0.0,0.5,1.0,0.667,0.0,0.0,,,,,,,,,,,,,,5.0,0.714,0.0,0.8,0.0,4.0,0.714,5.0,0.8,,4.0,0.8,0.0,2.0,0.0,0.5,0.0,0.286,1.0,1.0,0.5,0.0,0.286,2.0,0.5,,,,,,,,,,,,,,,1.0,,2.0,1.0,1.0,,,1.0,4.0,0.0,0.0,0.667,0.714,0.0,1.0,0.0,4.0,0.0,0.0,0.0,0.0,0.333,3.0,0.0,0.0,0.0,0.0,0.0,0.0,1.0,4.0,0.0,0.0,0.0,0.0,0.0,0.0,0.0,0.0,4.0,1.0,31.0,16.0,0.373,0.516,0.628,-0.111,0.0,0.0,,1.0,,,0.0,0.0,1.0,4.0,0.0,0.0,,0.0,0.0,0.0,0.0,0.0,4.0,2.0,0.0,,,0.0,0.0,1.0,1.0,0.0,,,,,0.0,2020,41900233,20200907.0,2019-20,True,1.0,2.0,5.0,0.4,0.433,-0.033,1.0,3.0,0.333,0.372,1.0,2.0,0.5,0.467,0.0,1.0,0.0,0.541,2.0,4.0,0.5,0.394,2.0,3.0,0.0,0.0,0.0,1.333,0.0,0.0,0.0,0.0,0.0,0.0,0.0,0.0,4.0,2.0,2.0,0.0,0.0,0.0,0.0,0.0,0.0,0.0,0.0,0.0,0.0,2.0,2.0,0.0,0.0,0.0,1.0,0.0,0.0
200794,Paul Millsap,1610612743,DEN,35.0,16.833333333333332,3,5,0.6,2,2,1.0,0,0,0.0,1,1,2,1,1,0,1,0,2,1,8,-9,0.077,109.8,146.3,0.083,0.1,14.3,31,0.063,0.8,74.85,112.9,88.34,1.0,0.1,89.82,137.5,14.3,-24.6,-36.5,0.167,0.8,0.167,14.3,2.0,0.0,0.083,3.0,12.0,0.083,0.0,12.0,1.0,0.0,1.0,2.0,1.0,0.0,0.0,0.0,0.0,0.0,0.0,0.0,1.0,0.0,0.0,1.0,0.0,2.0,0.0,3.0,18.0,0.5,0.0,0.0,1.72,0.0,0.0,13.0,0.444,0.83,1.0,6.0,2.0,6.1,0.0,0.0,0.667,0.0,0.0,1.0,0.5,3.0,0.0,1.0,1.0,0.0,1.0,1.0,1.0,0.667,1.0,0.5,0.5,5.9,,,,,,,,,,,,,,2.0,0.4,0.0,0.5,0.0,1.0,0.4,2.0,0.5,,1.0,0.5,0.0,1.0,1.0,1.5,1.0,0.2,1.0,0.0,,0.2,0.0,0.0,1.0,1.0,0.4,1.0,0.0,0.2,1.0,0.2,0.0,1.0,0.75,1.0,2.0,0.5,1.0,1.0,1.0,3.0,0.75,0.5,1.0,1.0,2.0,0.0,0.0,0.0,0.0,0.8,1.0,0.0,3.0,0.0,0.0,,0.0,0.0,1.0,1.0,2.0,1.0,0.0,0.0,0.0,0.0,1.0,0.0,0.0,0.0,2.0,,0.0,,1.0,0.0,1.0,0.0,6.0,4.0,0.4,0.667,0.648,0.019,0.0,1.0,,0.0,,,0.0,1.0,0.0,0.0,0.0,1.0,,0.0,0.0,1.0,1.0,1.0,1.0,1.0,1.0,,,1.0,0.0,0.0,1.0,1.0,1.0,1.0,1.0,1.5,1.0,2020,41900163,20200821.0,2019-20,True,1.0,0.0,1.0,0.0,0.457,-0.457,0.0,1.0,0.0,0.384,,,,,,,,,0.0,1.0,0.0,0.403,0.0,0.0,0.0,0.0,0.0,0.0,0.0,0.0,0.0,0.0,0.0,0.0,0.0,0.0,1.0,0.0,1.0,1.0,0.0,0.0,0.0,0.0,0.0,0.0,0.0,0.0,1.0,3.0,4.0,2.0,0.0,0.25,0.75,0.667,0.0
200794,Paul Millsap,1610612743,DEN,35.0,18.066666666666663,2,5,0.4,0,1,0.0,1,1,1.0,2,0,2,0,2,1,0,1,2,1,5,-13,0.063,112.2,157.6,0.0,0.0,28.6,33,0.091,0.46,74.17,121.2,92.03,0.0,0.0,89.0,155.9,0.0,-34.7,-45.3,0.17,0.4,0.163,26.9,2.0,0.0,0.0,0.0,12.0,0.0,0.0,12.0,0.0,1.0,1.0,0.0,0.0,0.0,0.5,0.0,0.0,0.0,0.0,0.0,2.0,0.0,0.0,0.0,0.0,0.0,1.0,3.0,19.0,0.6,0.0,0.667,1.96,0.0,0.0,13.0,0.263,1.0,0.0,24.4,3.0,0.0,0.0,0.0,0.286,1.0,0.0,0.4,0.0,7.0,0.0,2.0,2.0,1.0,0.0,0.5,0.0,0.333,5.0,0.0,0.0,24.4,1.0,0.0,0.2,0.0,0.0,1.0,1.0,1.0,1.0,0.2,1.0,1.0,,2.0,0.4,0.0,0.0,0.0,0.0,0.4,2.0,0.0,,0.0,0.0,0.0,1.0,0.0,1.0,0.0,0.2,1.0,1.0,1.0,0.0,0.2,1.0,1.0,,0.2,0.0,0.0,0.0,1.0,0.2,,0.0,0.0,0.0,1.0,0.0,0.0,0.0,0.0,0.0,,,,0.0,0.0,0.0,0.0,0.0,0.0,0.4,0.0,0.5,0.0,2.0,0.0,0.0,0.0,0.0,0.333,3.0,0.0,0.0,0.0,0.0,0.0,0.0,1.0,1.0,0.0,1.0,0.0,0.0,1.0,0.0,0.0,0.0,1.0,1.0,6.0,4.0,0.429,0.667,0.648,0.019,0.0,0.0,,0.667,,,0.0,0.0,0.0,2.0,0.0,0.0,,0.0,0.0,0.0,0.0,1.0,3.0,1.0,0.0,,,0.0,0.0,0.0,0.0,1.0,0.0,1.0,0.0,0.0,0.0,2020,41900162,20200819.0,2019-20,True,1.0,4.0,5.0,0.8,0.508,0.292,2.0,3.0,0.667,0.313,2.0,2.0,1.0,0.669,2.0,2.0,1.0,0.671,2.0,3.0,0.667,0.314,0.0,0.0,0.0,0.0,0.0,0.0,0.0,0.0,0.0,0.0,0.0,0.0,0.0,0.0,3.0,1.0,2.0,0.0,0.0,0.0,0.0,0.0,0.0,0.0,0.0,0.0,1.0,3.0,4.0,3.0,1.0,0.25,0.75,1.0,0.333
200794,Paul Millsap,1610612743,DEN,35.0,19.07333333333333,1,3,0.333,1,2,0.5,2,2,1.0,0,5,5,0,2,1,0,0,2,2,5,-7,0.167,112.6,134.4,0.058,0.278,33.3,36,0.0,0.644,74.45,111.1,88.69,0.0,0.0,89.34,134.3,0.0,-23.2,-21.8,0.157,0.5,0.158,34.0,0.0,0.0,0.0,0.0,13.0,0.0,0.0,9.0,0.0,0.0,1.0,0.0,0.0,0.0,0.0,0.0,0.0,0.0,0.0,0.5,2.0,0.0,0.0,0.0,1.0,0.0,0.0,0.0,18.0,0.6,0.0,0.0,2.15,2.0,1.0,8.0,0.278,1.17,1.0,5.2,7.0,5.2,4.0,0.0,0.714,0.0,0.0,0.0,0.714,7.0,0.0,0.0,4.0,0.0,1.0,0.0,0.2,0.714,1.0,0.714,0.2,0.0,,,,,,,,,,,,,,,,,,,,,,,,,,,2.0,1.0,0.75,1.0,0.667,1.0,0.0,0.0,0.333,0.333,1.0,0.5,1.0,0.333,0.0,0.0,0.0,1.0,0.333,,0.0,0.0,0.0,1.0,0.0,0.0,0.0,0.0,0.0,0.0,0.0,,0.0,1.0,2.0,0.0,0.0,0.0,0.5,0.5,0.0,3.0,0.0,0.0,,0.0,0.0,0.0,1.0,2.0,0.5,0.0,0.0,0.0,0.0,0.0,0.0,0.0,0.0,1.0,,0.0,,0.0,0.0,0.0,0.0,18.0,8.0,0.474,0.444,0.631,-0.186,0.0,0.0,,0.0,,,,1.0,0.0,0.0,,0.0,,,0.0,0.0,0.0,1.0,0.0,1.0,1.0,,,1.0,0.0,0.0,0.0,2.0,0.5,2.0,1.0,0.75,1.0,2020,41900166,20200830.0,2019-20,True,1.0,3.0,6.0,0.5,0.523,-0.023,1.0,1.0,1.0,0.383,2.0,5.0,0.4,0.562,2.0,5.0,0.4,0.576,1.0,1.0,1.0,0.385,0.0,0.0,2.0,2.0,1.0,2.0,0.0,0.0,0.0,0.0,0.0,0.0,1.0,1.0,3.0,2.0,1.0,2.0,0.0,0.0,0.0,0.0,0.0,0.0,0.0,0.0,0.0,4.0,4.0,2.0,2.0,0.0,1.0,1.0,1.0
200794,Paul Millsap,1610612743,DEN,36.0,14.626666666666669,5,10,0.5,0,1,0.0,0,0,0.0,2,1,3,1,1,0,1,0,4,1,10,9,0.111,133.6,101.0,0.069,0.067,8.3,23,0.167,0.5,64.27,147.8,82.37,1.0,0.111,77.12,104.2,8.3,43.7,32.7,0.374,0.5,0.367,8.3,0.0,0.0,0.077,2.0,13.0,0.077,0.0,17.0,1.0,0.0,3.0,0.667,2.0,0.0,0.0,0.167,0.0,0.0,1.0,0.5,6.0,0.0,0.0,0.667,3.0,4.0,0.0,2.0,24.0,1.3,0.0,0.0,3.24,1.5,4.0,16.0,0.417,2.17,2.0,2.0,2.0,1.4,1.0,0.0,0.5,1.0,1.0,0.5,0.5,6.0,2.0,0.0,1.0,1.0,0.0,0.667,0.0,0.6,4.0,0.5,0.667,2.2,0.333,0.0,0.3,0.0,0.0,1.0,1.0,3.0,0.333,0.3,0.333,3.0,,3.0,0.3,0.0,0.667,0.0,2.0,0.3,3.0,0.667,,2.0,0.667,0.0,4.0,1.0,0.5,0.0,0.4,2.0,2.0,0.667,0.1,0.3,3.0,0.5,0.0,,,,,,,,,,,,,,2.0,0.0,4.0,0.667,0.667,,0.0,3.0,6.0,0.0,0.0,1.0,0.5,0.0,0.0,0.0,0.0,0.0,0.0,0.667,0.0,1.0,2.0,1.0,0.0,0.0,0.0,0.0,0.0,2.0,1.0,0.0,0.0,0.0,0.0,0.0,0.0,3.0,2.0,4.0,0.25,179.0,108.0,0.376,0.603,0.63,-0.026,2.0,0.0,,0.4,,,0.0,0.0,1.0,2.0,0.0,1.0,,0.0,0.5,0.0,1.0,1.0,5.0,1.0,0.0,,,0.0,1.0,1.0,1.0,1.0,0.0,1.0,0.0,0.0,0.0,2021,22000966,20210501.0,2020-21,False,1.0,2.0,8.0,0.25,0.454,-0.204,1.0,4.0,0.25,0.396,1.0,4.0,0.25,0.514,1.0,3.0,0.333,0.521,1.0,5.0,0.2,0.396,3.0,3.0,0.0,0.0,0.0,1.5,1.0,0.25,0.0,0.0,0.0,0.0,0.0,0.0,6.0,4.0,2.0,3.0,0.0,2.0,5.0,0.0,0.0,0.0,0.0,0.0,0.0,0.0,0.0,0.0,0.0,0.0,0.0,0.0,0.0
200794,Paul Millsap,1610612743,DEN,36.0,24.676666666666662,3,7,0.429,0,1,0.0,0,0,0.0,1,6,7,2,1,0,1,0,5,1,6,7,0.137,124.8,108.5,0.042,0.231,10.0,50,0.04,0.429,82.67,128.0,100.95,2.0,0.095,99.2,109.6,20.0,18.4,16.3,0.14,0.429,0.14,10.0,1.0,0.0,0.083,5.0,24.0,0.083,0.0,17.0,2.0,0.0,3.0,0.667,1.0,0.0,0.0,0.0,0.0,0.0,0.0,0.0,3.0,0.0,0.0,0.333,0.0,2.0,1.0,2.0,32.0,1.0,0.0,2.0,1.95,0.0,1.0,15.0,0.188,0.88,3.0,4.3,9.0,4.7,4.0,1.0,0.636,2.0,1.0,0.5,0.75,11.0,1.0,0.0,4.0,1.0,2.0,1.0,0.333,0.778,2.0,0.667,0.429,1.5,,,,,,,,,,,,,,5.0,0.714,0.0,0.6,0.0,3.0,0.714,5.0,0.6,,3.0,0.6,0.0,1.0,0.0,0.0,0.0,0.143,0.0,0.0,0.0,0.0,0.143,1.0,0.0,,0.143,0.0,0.0,0.0,1.0,0.143,,0.0,0.0,0.0,1.0,0.0,0.0,0.0,0.0,0.0,,,,0.0,0.0,0.0,0.0,0.0,0.0,0.429,0.0,1.0,0.0,4.0,0.0,0.0,0.0,0.0,0.0,2.0,0.0,0.0,0.0,0.0,0.0,0.0,0.0,3.0,0.0,1.0,0.0,0.0,1.0,0.0,0.0,0.0,4.0,0.75,115.0,67.0,0.359,0.583,0.636,-0.053,0.0,0.0,,0.75,,,0.0,0.0,0.0,3.0,0.0,0.0,,0.0,0.0,0.0,0.0,1.0,4.0,2.0,0.0,,,0.0,0.0,0.0,0.0,1.0,0.0,1.0,0.0,0.0,0.0,2021,22000606,20210315.0,2020-21,False,1.0,3.0,9.0,0.333,0.458,-0.125,1.0,4.0,0.25,0.358,2.0,5.0,0.4,0.558,2.0,5.0,0.4,0.596,1.0,4.0,0.25,0.361,0.0,0.0,0.0,0.0,0.0,0.0,0.0,0.0,0.0,0.0,1.0,1.0,0.0,0.0,7.0,3.0,4.0,0.0,0.0,4.0,11.0,0.0,0.0,0.0,0.0,0.0,1.0,3.0,4.0,4.0,3.0,0.25,0.75,1.0,0.75
200794,Paul Millsap,1610612743,DEN,36.0,6.823333333333333,0,3,0.0,0,2,0.0,0,0,0.0,1,2,3,1,0,1,1,0,2,0,0,-5,0.2,69.9,97.8,0.0,0.333,0.0,13,0.111,0.0,82.07,69.2,95.67,0.0,0.333,98.49,93.3,25.0,-24.1,-27.9,0.216,0.0,0.214,0.0,1.0,0.0,0.1,3.0,10.0,0.1,0.0,7.0,1.0,0.0,1.0,0.0,0.0,0.0,0.0,0.0,0.0,0.0,0.0,0.0,1.0,0.0,0.0,0.0,0.0,0.0,0.0,0.0,13.0,0.4,0.0,0.0,2.06,0.0,0.0,8.0,0.0,0.85,1.0,12.4,3.0,11.5,2.0,0.0,0.6,0.0,1.0,0.5,0.667,5.0,1.0,0.0,2.0,0.0,0.0,0.5,0.0,0.6,2.0,0.667,0.333,14.1,,,,,,,,,,,,,,1.0,0.333,0.0,0.0,0.0,0.0,0.333,1.0,0.0,,0.0,0.0,0.0,2.0,2.0,0.0,0.0,0.667,0.0,0.0,,0.667,0.0,0.0,0.0,0.0,,,,,,,,,,,,,,0.0,0.0,0.0,,,,0.0,0.0,0.0,0.0,0.0,0.0,0.0,0.0,0.0,0.0,0.0,0.0,,0.0,,0.0,1.0,2.0,0.0,0.0,0.0,0.0,0.0,0.0,0.0,,,0.0,,0.0,,0.0,0.0,0.0,0.0,17.0,10.0,0.486,0.588,0.576,0.012,,0.0,,0.0,,,0.0,2.0,0.0,0.0,0.0,0.0,,0.0,,0.0,0.0,0.0,0.0,1.0,0.0,,,0.0,,0.0,0.0,1.0,0.0,1.0,0.0,0.0,0.0,2021,42000233,20210611.0,2020-21,True,1.0,2.0,5.0,0.4,0.472,-0.072,0.0,1.0,0.0,0.406,2.0,4.0,0.5,0.512,2.0,2.0,1.0,0.539,0.0,2.0,0.0,0.467,0.0,0.0,0.0,0.0,0.0,0.0,0.0,0.0,0.0,0.0,0.0,0.0,0.0,0.0,3.0,2.0,1.0,1.0,0.0,0.0,0.0,0.0,1.0,1.0,0.0,1.0,1.0,0.0,1.0,1.0,1.0,1.0,0.0,1.0,1.0
200794,Paul Millsap,1610612743,DEN,36.0,12.383333333333333,3,9,0.333,1,4,0.25,2,2,1.0,1,2,3,2,0,0,1,0,2,1,9,-2,0.1,108.1,99.2,0.145,0.182,0.0,24,0.053,0.455,75.91,100.0,93.8,0.0,0.4,91.09,113.0,16.7,-13.0,8.9,0.338,0.389,0.323,0.0,4.0,0.0,0.125,6.0,16.0,0.125,0.0,19.0,2.0,0.0,3.0,0.667,1.0,0.0,0.0,0.0,0.0,0.0,0.0,0.0,3.0,0.0,0.0,0.333,0.0,2.0,0.0,2.0,27.0,0.9,0.0,1.0,2.04,0.0,1.0,18.0,0.333,1.04,0.0,3.3,4.0,3.3,2.0,1.0,0.5,1.0,0.0,0.5,0.667,6.0,0.0,1.0,3.0,0.0,0.0,0.5,0.0,0.6,2.0,0.5,0.0,3.4,,,,,,,,,,,,,,3.0,0.333,0.0,0.333,0.0,1.0,0.333,3.0,0.333,,1.0,0.333,0.0,2.0,0.0,0.5,0.0,0.222,1.0,1.0,0.5,0.0,0.222,2.0,0.5,,0.444,1.0,0.0,0.0,4.0,0.444,,0.25,0.375,0.0,4.0,0.25,1.0,0.0,0.0,0.0,,,,0.0,0.0,0.0,0.0,0.0,0.0,0.389,0.25,0.0,3.0,2.0,0.0,0.0,0.0,0.0,0.0,1.0,4.0,0.25,0.0,0.0,0.0,0.0,0.0,2.0,0.0,0.0,1.0,0.0,0.0,0.0,0.0,0.0,4.0,0.5,159.0,96.0,0.358,0.604,0.633,-0.029,0.0,0.333,,0.5,,,0.0,3.0,0.0,2.0,0.0,0.0,,0.0,0.0,1.0,0.0,1.0,4.0,1.0,0.0,,,0.0,0.0,0.0,0.0,4.0,0.25,4.0,1.0,0.375,1.0,2021,22000890,20210421.0,2020-21,False,1.0,3.0,7.0,0.429,0.539,-0.111,0.0,2.0,0.0,0.396,3.0,5.0,0.6,0.587,3.0,5.0,0.6,0.605,0.0,2.0,0.0,0.418,0.0,0.0,0.0,0.0,0.0,0.0,1.0,1.0,0.0,0.0,0.0,0.0,0.0,0.0,2.0,1.0,1.0,0.0,0.0,1.0,3.0,0.0,1.0,1.0,0.0,1.0,0.0,0.0,0.0,0.0,0.0,0.0,0.0,0.0,0.0
200794,Paul Millsap,1610612743,DEN,36.0,16.6,3,6,0.5,2,3,0.667,4,4,1.0,1,0,1,2,2,2,0,1,2,3,12,-9,0.048,139.1,150.1,0.114,0.0,16.7,30,0.091,0.773,72.29,133.3,88.77,1.0,0.167,86.75,163.3,16.7,-30.0,-11.0,0.317,0.667,0.313,17.0,2.0,0.0,0.105,5.0,19.0,0.105,0.0,21.0,2.0,1.0,2.0,0.8,0.0,0.4,0.2,0.0,4.0,4.0,0.0,0.0,5.0,1.0,2.0,0.0,0.0,4.0,0.0,0.0,31.0,1.2,0.0,0.0,2.36,0.0,0.0,17.0,0.387,1.39,0.0,18.3,3.0,0.0,0.0,1.0,0.25,1.0,0.0,1.0,0.0,4.0,0.0,1.0,1.0,0.0,0.0,1.0,0.0,0.333,1.0,0.0,0.0,18.3,,,,,,,,,,,,,,0.0,0.0,1.0,,0.167,0.0,0.167,1.0,0.0,0.0,0.0,0.0,0.0,4.0,1.0,0.625,1.0,0.667,2.0,1.0,0.333,0.167,0.5,3.0,0.5,1.0,0.167,1.0,0.0,0.0,1.0,0.167,,1.0,1.5,0.0,1.0,1.0,1.0,0.0,0.0,0.0,0.0,0.0,,0.0,1.0,0.0,0.0,0.0,0.0,0.667,0.667,0.0,6.0,0.0,0.0,0.0,0.0,0.0,0.5,2.0,3.0,0.667,0.0,0.0,0.0,0.0,1.0,0.0,0.0,0.0,2.0,0.0,0.0,0.0,1.0,0.0,0.0,0.0,196.0,121.0,0.376,0.617,0.627,-0.009,0.0,0.667,,1.0,0.0,,0.0,3.0,0.0,1.0,0.0,0.0,,0.0,0.0,2.0,0.0,0.0,1.0,1.0,0.0,0.0,0.0,0.0,0.0,0.0,1.0,3.0,0.667,3.0,2.0,1.0,2.0,2021,22001076,20210516.0,2020-21,False,1.0,2.0,2.0,1.0,0.541,0.459,1.0,1.0,1.0,0.41,1.0,1.0,1.0,0.605,1.0,1.0,1.0,0.615,1.0,1.0,1.0,0.408,0.0,0.0,0.0,0.0,0.0,0.0,0.0,0.0,0.0,0.0,0.0,0.0,0.0,0.0,0.0,0.0,0.0,6.0,0.0,5.0,10.0,1.0,1.0,2.0,0.5,0.5,0.0,0.0,0.0,0.0,0.0,0.0,0.0,0.0,0.0
200794,Paul Millsap,1610612743,DEN,36.0,11.6,2,4,0.5,1,2,0.5,0,0,0.0,0,2,2,0,1,0,0,0,1,1,5,-2,0.077,117.4,112.7,0.069,0.133,20.0,21,0.0,0.625,74.14,114.3,90.04,0.0,0.0,88.97,118.2,0.0,-3.9,4.8,0.213,0.625,0.208,20.0,1.0,0.0,0.0,0.0,24.0,0.0,0.0,19.0,0.0,0.0,0.0,0.0,0.0,0.0,0.0,0.0,0.0,0.0,0.0,1.0,3.0,0.0,0.0,0.0,3.0,0.0,1.0,1.0,29.0,1.1,0.0,2.0,2.25,0.0,1.0,17.0,0.172,1.52,0.0,3.8,6.0,3.8,2.0,0.0,0.333,0.0,0.0,0.0,0.333,6.0,0.0,0.0,2.0,0.0,0.0,0.0,0.0,0.333,0.0,0.333,0.0,0.0,,,,,,,,,,,,,,1.0,0.25,0.0,0.0,0.0,0.0,0.25,1.0,0.0,,0.0,0.0,0.0,1.0,0.0,1.0,0.0,0.25,1.0,1.0,1.0,0.0,0.25,1.0,1.0,,0.5,1.0,0.0,0.0,2.0,0.5,,0.5,0.75,0.0,2.0,0.5,1.0,0.0,0.0,0.0,0.0,0.0,,0.0,1.0,0.0,0.0,0.0,0.0,0.625,0.5,1.0,3.0,2.0,0.0,,0.0,0.0,0.0,0.0,2.0,0.5,0.0,0.0,0.0,0.0,0.0,1.0,0.0,0.0,1.0,,0.0,,1.0,0.0,1.0,1.0,6.0,4.0,0.5,0.667,0.571,0.096,1.0,1.0,,1.0,,,,1.0,0.0,1.0,,0.0,,,0.0,1.0,0.0,1.0,1.0,0.0,0.0,,,0.0,0.0,0.0,0.0,2.0,0.5,2.0,1.0,0.75,1.0,2021,42000163,20210527.0,2020-21,True,1.0,3.0,6.0,0.5,0.468,0.033,0.0,2.0,0.0,0.391,3.0,4.0,0.75,0.501,2.0,3.0,0.667,0.492,1.0,3.0,0.333,0.405,0.0,1.0,0.0,0.0,0.0,0.0,0.0,0.0,0.0,0.0,0.0,0.0,0.0,0.0,3.0,2.0,1.0,0.0,0.0,1.0,2.0,0.0,0.0,0.0,0.0,0.0,0.0,1.0,1.0,1.0,1.0,0.0,1.0,1.0,1.0
200794,Paul Millsap,1610612743,DEN,36.0,14.75,5,8,0.625,0,2,0.0,5,6,0.833,1,6,7,3,0,1,0,0,2,4,15,8,0.292,136.8,125.3,0.307,0.6,0.0,30,0.071,0.705,81.36,146.7,99.06,0.0,0.333,97.63,120.0,23.1,26.7,11.5,0.311,0.625,0.294,0.0,6.0,0.0,0.083,9.0,36.0,0.083,0.0,29.0,3.0,0.0,3.0,0.8,2.0,0.0,0.0,0.2,0.0,0.0,1.0,0.4,5.0,0.0,0.0,0.667,2.0,4.0,0.0,3.0,45.0,1.6,0.0,1.667,2.19,2.0,1.0,26.0,0.333,1.24,4.0,3.2,6.0,3.4,3.0,0.0,0.875,0.0,1.0,0.333,1.0,8.0,1.0,0.0,3.0,0.0,3.0,0.333,0.5,0.875,3.0,1.0,0.571,2.3,,,,,,,,,,,,,,4.0,0.5,0.0,1.0,0.0,4.0,0.5,4.0,1.0,,4.0,1.0,0.0,3.0,1.0,0.333,0.0,0.375,1.0,1.0,0.5,0.125,0.25,2.0,0.333,0.0,0.125,0.0,0.0,0.0,1.0,0.125,,0.0,0.0,0.0,1.0,0.0,0.0,0.0,2.0,0.0,0.0,0.0,0.0,0.0,3.0,2.0,0.0,0.0,1.0,0.625,0.0,1.0,0.0,5.0,0.0,1.0,0.0,,0.0,0.0,1.0,0.0,0.0,0.0,0.0,0.0,0.0,5.0,,,0.0,0.0,0.0,0.0,1.0,0.0,5.0,1.0,3.0,2.0,0.5,0.667,0.619,0.048,0.0,0.0,0.0,1.0,0.0,0.0,0.0,1.0,0.0,5.0,1.0,0.0,0.0,0.0,0.0,0.0,0.0,0.0,5.0,0.0,0.0,0.0,0.0,0.0,0.0,0.0,1.0,0.0,,0.0,0.0,,0.0,2021,42000162,20210524.0,2020-21,True,1.0,0.0,1.0,0.0,0.603,-0.603,,,,,0.0,1.0,0.0,0.605,0.0,1.0,0.0,0.615,,,,,1.0,1.0,0.0,0.0,0.0,2.0,0.0,0.0,0.0,0.0,0.0,0.0,0.0,0.0,0.0,0.0,0.0,1.0,0.0,2.0,4.0,0.0,0.0,0.0,0.0,0.0,0.0,1.0,1.0,1.0,1.0,0.0,1.0,1.0,1.0
200794,Paul Millsap,1610612743,DEN,36.0,25.216666666666665,4,7,0.571,4,7,0.571,0,2,0.0,1,3,4,1,1,0,0,0,3,1,12,-6,0.067,100.3,120.6,0.067,0.111,10.0,53,0.03,0.761,83.28,105.7,102.07,1.0,0.063,99.93,119.2,10.0,-13.6,-20.3,0.141,0.857,0.141,10.1,3.0,0.0,0.038,2.0,26.0,0.038,0.0,17.0,1.0,0.0,0.0,0.0,0.0,0.0,0.0,0.0,0.0,0.0,0.0,0.0,0.0,0.0,0.0,0.0,0.0,0.0,2.0,1.0,34.0,1.1,0.0,0.0,1.92,0.0,0.0,17.0,0.353,0.59,1.0,5.0,6.0,5.4,3.0,2.0,0.4,2.0,1.0,0.2,0.75,10.0,1.0,0.0,3.0,0.0,0.0,0.2,0.0,0.5,5.0,0.5,0.25,3.9,,,,,,,,,,,,,,,,,,,,,,,,,,,1.0,1.0,1.5,1.0,0.143,1.0,0.0,,0.143,0.0,0.0,1.0,1.0,0.857,3.0,0.0,0.0,6.0,0.857,,0.5,0.75,0.0,6.0,0.5,3.0,0.0,0.0,0.0,,,,0.0,0.0,0.0,0.0,0.0,0.0,0.857,0.571,0.0,12.0,0.0,0.0,0.0,0.0,0.0,0.0,0.0,7.0,0.571,0.0,0.0,0.0,0.0,0.0,0.0,0.0,0.0,4.0,0.0,0.0,0.0,0.0,0.0,0.0,0.0,34.0,24.0,0.43,0.706,0.62,0.086,0.0,0.5,,0.0,,,0.0,4.0,0.0,0.0,0.0,0.0,,0.0,0.0,2.0,0.0,3.0,0.0,0.0,0.667,,,2.0,0.0,0.0,0.0,7.0,0.571,7.0,4.0,0.857,4.0,2021,22000088,20210103.0,2020-21,False,1.0,8.0,16.0,0.5,0.435,0.065,2.0,3.0,0.667,0.371,6.0,13.0,0.462,0.502,6.0,12.0,0.5,0.515,2.0,3.0,0.667,0.377,0.0,0.0,0.0,0.0,0.0,0.0,0.0,0.0,0.0,0.0,0.0,0.0,0.0,0.0,6.0,3.0,3.0,3.0,0.0,1.0,2.0,1.0,0.0,1.0,1.0,0.0,0.0,2.0,2.0,2.0,1.0,0.0,1.0,1.0,0.5
200794,Paul Millsap,1610612743,DEN,36.0,20.966666666666665,2,6,0.333,0,1,0.0,0,0,0.0,4,5,9,1,1,0,1,0,2,0,4,2,0.167,107.0,99.8,0.086,0.238,12.5,39,0.121,0.333,74.4,110.3,93.04,1.0,0.067,89.28,105.1,12.5,5.1,7.2,0.129,0.333,0.127,12.5,3.0,0.0,0.045,3.0,22.0,0.045,0.0,14.0,1.0,0.0,2.0,0.667,1.0,0.0,0.0,0.0,0.0,0.0,0.0,0.333,3.0,0.0,0.0,0.5,1.0,2.0,1.0,6.0,30.0,1.6,0.0,0.333,3.29,0.0,2.0,17.0,0.133,1.9,3.0,4.5,6.0,3.8,3.0,0.0,0.643,1.0,0.25,0.5,0.833,14.0,1.0,3.0,6.0,1.0,2.0,0.571,0.4,0.692,8.0,0.833,0.333,5.5,,,,,,,,,,,,,,3.0,0.5,0.0,0.667,0.0,2.0,0.5,3.0,0.667,,2.0,0.667,0.0,3.0,1.0,0.0,0.0,0.5,0.0,0.0,0.0,0.167,0.333,2.0,0.0,0.0,,,,,,,,,,,,,,0.0,0.0,0.0,0.0,0.0,,0.0,1.0,0.0,0.0,0.0,0.0,0.333,0.0,0.5,0.0,2.0,0.0,0.0,0.0,0.0,0.0,2.0,1.0,0.0,0.0,0.0,0.0,0.0,0.0,2.0,0.0,0.0,0.0,0.0,0.0,0.0,1.0,0.0,2.0,1.0,53.0,35.0,0.34,0.66,0.62,0.041,1.0,0.0,0.0,1.0,,0.0,0.0,1.0,0.0,2.0,0.0,0.0,0.0,0.0,0.0,0.0,0.0,0.0,2.0,2.0,0.0,,,0.0,0.0,0.0,0.0,1.0,0.0,1.0,0.0,0.0,0.0,2021,22000200,20210117.0,2020-21,False,1.0,6.0,11.0,0.545,0.462,0.084,3.0,5.0,0.6,0.404,3.0,6.0,0.5,0.525,2.0,4.0,0.5,0.585,4.0,6.0,0.667,0.406,0.0,0.0,0.0,0.0,0.0,0.0,1.0,0.5,0.0,0.0,1.0,0.5,0.0,0.0,8.0,5.0,3.0,0.0,0.0,0.0,0.0,1.0,0.0,1.0,1.0,0.0,3.0,0.0,3.0,3.0,2.0,1.0,0.0,1.0,0.667
200794,Paul Millsap,1610612743,DEN,36.0,18.766666666666666,3,7,0.429,0,3,0.0,1,1,1.0,0,5,5,2,0,2,1,1,2,3,7,14,0.147,104.7,72.0,0.164,0.294,0.0,42,0.0,0.47,89.52,107.1,110.03,0.0,0.133,107.42,73.8,22.2,33.3,32.8,0.165,0.429,0.152,0.0,4.0,0.0,0.08,5.0,25.0,0.08,0.0,17.0,2.0,0.0,1.0,0.667,1.0,0.0,0.0,0.333,0.0,0.0,1.0,0.667,3.0,0.0,0.0,1.0,2.0,2.0,1.0,2.0,33.0,1.2,2.0,2.5,2.26,0.0,3.0,17.0,0.212,1.06,1.0,6.0,9.0,6.0,4.0,1.0,0.455,1.0,0.0,0.0,0.625,11.0,0.0,0.0,4.0,0.0,1.0,0.0,0.2,0.5,2.0,0.556,0.2,0.0,0.667,0.0,0.429,0.0,0.0,2.0,2.0,3.0,0.667,0.429,0.667,3.0,,1.0,0.143,0.0,1.0,0.0,1.0,0.143,1.0,1.0,,1.0,1.0,0.0,,,,,,,,,,,,,,0.429,0.0,0.0,0.0,3.0,0.429,,0.0,0.0,0.0,3.0,0.0,0.0,0.0,0.0,0.0,,,,0.0,0.0,0.0,1.0,2.0,0.0,0.429,0.0,1.0,0.0,5.0,0.0,0.0,0.0,0.0,0.5,2.0,2.0,0.0,1.0,0.0,0.0,0.0,1.0,2.0,0.0,0.0,0.0,0.0,1.0,0.0,0.0,0.0,2.0,1.0,175.0,106.0,0.379,0.606,0.631,-0.026,0.0,0.0,,0.667,0.0,,0.0,1.0,0.0,2.0,0.0,1.0,,0.0,0.0,0.0,1.0,2.0,3.0,1.0,0.0,0.0,0.0,0.0,0.0,0.0,0.0,3.0,0.0,3.0,0.0,0.0,0.0,2021,22000940,20210428.0,2020-21,False,1.0,4.0,7.0,0.571,0.573,-0.001,0.0,1.0,0.0,0.349,4.0,6.0,0.667,0.615,4.0,6.0,0.667,0.621,0.0,1.0,0.0,0.323,0.0,1.0,0.0,0.0,0.0,0.0,2.0,0.667,0.0,0.0,0.0,0.0,0.0,0.0,2.0,1.0,1.0,3.0,0.0,1.0,2.0,0.0,0.0,0.0,0.0,0.0,0.0,0.0,0.0,0.0,0.0,0.0,0.0,0.0,0.0
200794,Paul Millsap,1610612743,DEN,36.0,15.5,5,9,0.556,0,2,0.0,0,0,0.0,2,1,3,1,2,0,0,1,4,0,10,-2,0.107,126.7,131.1,0.036,0.067,16.7,36,0.154,0.556,92.9,122.2,108.08,0.5,0.091,111.48,127.8,8.3,-5.6,-4.4,0.277,0.556,0.268,16.7,0.0,0.0,0.083,2.0,12.0,0.083,0.0,17.0,1.0,0.0,2.0,1.0,1.0,0.0,0.0,0.0,0.0,0.0,0.0,0.0,2.0,0.0,0.0,0.5,0.0,2.0,1.0,3.0,23.0,1.0,0.0,2.0,2.53,1.333,3.0,17.0,0.435,1.39,1.0,3.1,3.0,3.7,0.0,0.0,0.6,0.0,0.0,1.0,0.333,5.0,0.0,2.0,2.0,0.0,1.0,1.0,1.0,0.6,2.0,0.333,0.333,2.8,1.0,0.0,0.111,0.0,0.0,1.0,1.0,1.0,1.0,0.111,1.0,1.0,,6.0,0.667,0.0,0.667,0.0,4.0,0.667,6.0,0.667,,4.0,0.667,0.0,,,,,,,,,,,,,,0.222,0.0,0.0,0.0,2.0,0.222,,0.0,0.0,0.0,2.0,0.0,0.0,0.0,0.0,0.0,,,,0.0,0.0,4.0,0.0,0.0,1.0,0.556,0.0,1.0,0.0,6.0,0.0,0.0,1.0,0.0,0.0,1.0,2.0,0.0,0.0,0.0,0.0,0.0,0.0,4.0,0.0,0.0,0.0,0.0,0.0,0.0,1.0,1.0,5.0,0.8,35.0,25.0,0.398,0.714,0.62,0.094,0.0,0.0,,0.8,0.0,,0.0,2.0,1.0,4.0,0.0,0.0,,0.0,0.0,0.0,0.0,0.0,5.0,1.0,0.0,0.0,0.0,0.0,0.0,1.0,1.0,2.0,0.0,2.0,0.0,0.0,0.0,2021,22000104,20210105.0,2020-21,False,1.0,6.0,9.0,0.667,0.433,0.233,4.0,7.0,0.571,0.355,2.0,2.0,1.0,0.53,2.0,2.0,1.0,0.547,4.0,7.0,0.571,0.357,2.0,2.0,0.0,0.0,0.0,1.333,0.0,0.0,0.0,0.0,1.0,0.333,0.0,0.0,8.0,1.0,7.0,0.0,0.0,0.0,0.0,0.0,0.0,0.0,0.0,0.0,0.0,0.0,0.0,0.0,0.0,0.0,0.0,0.0,0.0
200794,Paul Millsap,1610612743,DEN,36.0,11.593333333333334,1,5,0.2,0,3,0.0,0,0,0.0,1,2,3,1,1,0,1,1,1,0,2,-4,0.111,78.1,102.5,0.0,0.182,14.3,23,0.063,0.2,79.36,82.6,96.8,1.0,0.143,95.23,100.0,14.3,-17.4,-24.4,0.22,0.2,0.222,14.3,1.0,0.0,0.077,3.0,13.0,0.077,0.0,10.0,1.0,0.0,1.0,0.0,0.0,0.0,0.0,0.0,0.0,0.0,0.0,0.0,1.0,0.0,0.0,0.0,0.0,0.0,0.0,2.0,18.0,0.6,0.0,1.0,2.04,0.0,0.0,8.0,0.111,1.11,1.0,4.1,4.0,2.8,1.0,1.0,0.375,1.0,0.0,0.25,0.667,8.0,0.0,1.0,2.0,0.0,1.0,0.25,0.5,0.429,4.0,0.5,0.333,6.7,0.0,0.0,0.2,0.0,0.0,0.0,0.0,1.0,0.0,0.2,0.0,1.0,,,,,,,,,,,,,,,3.0,2.0,0.333,0.0,0.6,1.0,1.0,1.0,0.4,0.2,1.0,0.333,0.0,0.2,0.0,0.0,0.0,1.0,0.2,,0.0,0.0,0.0,1.0,0.0,0.0,0.0,0.0,0.0,,,,0.0,0.0,0.0,0.0,0.0,0.0,0.2,0.0,0.5,0.0,2.0,0.0,0.0,0.0,0.0,1.0,1.0,3.0,0.0,0.0,0.0,0.0,0.0,1.0,0.0,0.0,0.0,0.0,0.0,0.0,0.0,0.0,0.0,1.0,0.0,10.0,6.0,0.556,0.6,0.566,0.034,0.0,0.0,,0.0,0.0,,0.0,3.0,0.0,0.0,0.0,1.0,,0.0,0.0,0.0,1.0,0.0,1.0,1.0,0.0,0.0,0.0,0.0,0.0,0.0,0.0,3.0,0.0,3.0,0.0,0.0,0.0,2021,42000166,20210603.0,2020-21,True,1.0,1.0,2.0,0.5,0.565,-0.065,,,,,1.0,2.0,0.5,0.591,1.0,2.0,0.5,0.55,,,,,0.0,0.0,0.0,0.0,0.0,0.0,0.0,0.0,0.0,0.0,0.0,0.0,0.0,0.0,4.0,4.0,0.0,0.0,0.0,2.0,5.0,0.0,0.0,0.0,0.0,0.0,1.0,3.0,4.0,4.0,3.0,0.25,0.75,1.0,0.75
200794,Paul Millsap,1610612743,DEN,36.0,17.82,1,4,0.25,0,2,0.0,2,2,1.0,1,3,4,0,0,0,1,0,0,1,4,-13,0.114,99.2,133.5,0.065,0.188,0.0,36,0.053,0.41,78.56,94.4,93.58,0.0,0.0,94.28,138.2,0.0,-43.8,-34.3,0.127,0.25,0.125,0.0,1.0,0.0,0.0,0.0,11.0,0.0,0.0,5.0,0.0,0.0,1.0,2.0,1.0,0.0,0.0,0.0,0.0,0.0,0.0,0.0,1.0,0.0,0.0,1.0,0.0,2.0,0.0,1.0,15.0,0.7,0.0,0.0,2.63,0.0,0.0,6.0,0.267,1.07,2.0,5.7,5.0,6.5,2.0,0.0,0.5,0.0,1.0,0.25,0.6,8.0,1.0,0.0,2.0,0.0,1.0,0.25,0.333,0.5,4.0,0.6,0.5,3.5,,,,,,,,,,,,,,2.0,0.5,0.0,0.5,0.0,1.0,0.5,2.0,0.5,,1.0,0.5,0.0,,,,,,,,,,,,,,0.5,0.0,0.0,0.0,2.0,0.5,,0.0,0.0,0.0,2.0,0.0,0.0,0.0,0.0,0.0,,,,0.0,0.0,0.0,0.0,0.0,0.0,0.25,0.0,0.0,0.0,0.0,0.0,0.0,0.0,0.0,1.0,1.0,2.0,0.0,0.0,0.0,0.0,0.0,1.0,0.0,0.0,0.0,0.0,0.0,0.0,0.0,0.0,0.0,1.0,0.0,117.0,69.0,0.356,0.59,0.636,-0.046,0.0,0.0,,0.0,0.0,,0.0,2.0,0.0,0.0,0.0,1.0,,0.0,0.0,0.0,1.0,0.0,1.0,1.0,0.0,0.0,0.0,0.0,0.0,0.0,0.0,2.0,0.0,2.0,0.0,0.0,0.0,2021,22000637,20210319.0,2020-21,False,1.0,5.0,9.0,0.556,0.482,0.073,3.0,5.0,0.6,0.4,2.0,4.0,0.5,0.554,2.0,4.0,0.5,0.597,3.0,5.0,0.6,0.396,0.0,0.0,0.0,0.0,0.0,0.0,0.0,0.0,0.0,0.0,0.0,0.0,0.0,0.0,6.0,3.0,3.0,0.0,0.0,0.0,0.0,0.0,0.0,0.0,0.0,0.0,1.0,1.0,2.0,2.0,2.0,0.5,0.5,1.0,1.0
200794,Paul Millsap,1610612743,DEN,36.0,29.825,2,4,0.5,1,2,0.5,1,2,0.5,1,2,3,1,2,2,0,1,6,2,6,3,0.056,120.5,115.2,0.004,0.074,25.0,58,0.037,0.615,78.46,124.1,96.31,0.5,0.034,94.15,116.9,12.5,7.2,5.3,0.105,0.625,0.106,25.4,5.0,0.0,0.056,2.0,18.0,0.056,0.0,17.0,1.0,0.0,0.0,0.0,0.0,0.0,0.0,0.0,0.0,0.0,0.0,1.0,1.0,0.0,0.0,0.0,1.0,0.0,0.0,4.0,27.0,1.1,0.0,0.25,2.35,0.0,2.0,15.0,0.222,1.48,0.0,6.4,5.0,5.5,2.0,0.0,0.6,0.0,0.0,1.0,0.4,5.0,0.0,1.0,3.0,0.0,0.0,1.0,0.0,0.6,1.0,0.4,0.0,8.3,,,,,,,,,,,,,,2.0,0.5,0.0,0.5,0.0,1.0,0.5,2.0,0.5,,1.0,0.5,0.0,1.0,1.0,1.5,1.0,0.25,1.0,0.0,,0.25,0.0,0.0,1.0,1.0,0.25,0.0,0.0,0.0,1.0,0.25,,0.0,0.0,0.0,1.0,0.0,0.0,0.0,0.0,0.0,,,,0.0,0.0,0.0,0.0,0.0,0.0,0.625,0.5,0.0,3.0,1.0,1.0,0.0,0.0,1.0,0.5,2.0,1.0,0.0,0.0,1.0,0.0,0.0,1.0,0.0,1.0,1.0,0.0,0.0,1.0,0.0,0.0,0.0,0.0,0.0,123.0,74.0,0.361,0.602,0.637,-0.036,0.0,0.0,,1.0,0.0,,0.0,0.0,0.0,1.0,0.0,0.0,,0.0,0.0,0.0,0.0,2.0,1.0,1.0,0.5,0.0,0.0,1.0,0.0,0.0,0.0,2.0,0.5,2.0,1.0,0.75,1.0,2021,22000646,20210321.0,2020-21,False,1.0,7.0,12.0,0.583,0.482,0.101,1.0,3.0,0.333,0.331,6.0,9.0,0.667,0.545,5.0,6.0,0.833,0.613,1.0,5.0,0.2,0.369,0.0,0.0,0.0,0.0,0.0,0.0,2.0,1.0,0.0,0.0,0.0,0.0,0.0,0.0,4.0,3.0,1.0,5.0,0.0,1.0,3.0,0.0,1.0,1.0,0.0,1.0,0.0,1.0,1.0,1.0,0.0,0.0,1.0,1.0,0.0
200794,Paul Millsap,1610612743,DEN,36.0,17.7,1,2,0.5,0,0,0.0,0,0,0.0,1,2,3,1,0,2,2,1,1,1,2,-1,0.088,100.7,100.6,0.081,0.118,0.0,37,0.059,0.5,82.49,100.0,101.04,0.0,0.067,98.98,105.6,33.3,-5.6,0.0,0.049,0.5,0.048,0.0,4.0,0.0,0.063,2.0,16.0,0.063,0.0,9.0,1.0,0.0,0.0,0.0,0.0,0.0,0.0,0.0,0.0,0.0,0.0,0.5,2.0,0.0,0.0,0.0,1.0,0.0,0.0,3.0,21.0,0.7,0.0,0.667,1.9,0.0,0.0,8.0,0.095,1.19,1.0,5.0,4.0,4.8,2.0,1.0,0.6,1.0,1.0,1.0,0.667,5.0,1.0,0.0,2.0,0.0,0.0,1.0,0.0,0.75,1.0,0.5,0.333,5.3,,,,,,,,,,,,,,2.0,1.0,0.0,0.5,0.0,1.0,1.0,2.0,0.5,,1.0,0.5,0.0,,,,,,,,,,,,,,,,,,,,,,,,,,,0.0,,0.0,,,,,0.0,0.0,0.0,0.0,0.0,0.5,0.0,0.5,0.0,2.0,0.0,0.0,0.0,0.0,1.0,1.0,0.0,0.0,,0.0,,,1.0,0.0,0.0,0.0,0.0,0.0,0.0,0.0,0.0,0.0,1.0,0.0,126.0,76.0,0.363,0.603,0.635,-0.032,0.0,0.0,,0.0,,,0.0,0.0,0.0,0.0,0.0,1.0,,0.0,0.0,0.0,1.0,0.0,1.0,1.0,0.0,,,0.0,0.0,0.0,0.0,0.0,,,,,0.0,2021,22000661,20210323.0,2020-21,False,1.0,4.0,6.0,0.667,0.417,0.25,0.0,1.0,0.0,0.348,4.0,5.0,0.8,0.48,2.0,3.0,0.667,0.487,1.0,2.0,0.5,0.332,0.0,0.0,0.0,0.0,0.0,0.0,0.0,0.0,0.0,0.0,0.0,0.0,0.0,0.0,4.0,3.0,1.0,2.0,0.0,2.0,5.0,0.0,1.0,1.0,0.0,1.0,0.0,0.0,0.0,0.0,0.0,0.0,0.0,0.0,0.0
200794,Paul Millsap,1610612743,DEN,36.0,13.351666666666668,1,5,0.2,0,2,0.0,0,0,0.0,0,5,5,3,0,0,1,1,1,1,2,10,0.217,123.9,99.2,0.108,0.417,0.0,25,0.0,0.2,74.9,136.0,92.82,0.0,0.273,89.88,96.0,37.5,40.0,24.7,0.182,0.2,0.179,0.0,3.0,0.0,0.15,9.0,20.0,0.15,0.0,16.0,3.0,0.0,1.0,0.0,0.0,0.0,0.0,0.0,0.0,0.0,0.0,0.0,1.0,0.0,0.0,0.0,0.0,0.0,0.0,2.0,26.0,1.3,0.0,1.0,3.04,0.0,2.0,15.0,0.077,1.73,1.0,4.6,6.0,4.6,4.0,1.0,0.556,1.0,0.0,0.0,1.0,9.0,0.0,0.0,4.0,0.0,1.0,0.0,0.2,0.625,3.0,0.833,0.2,0.0,,,,,,,,,,,,,,3.0,0.6,0.0,0.333,0.0,1.0,0.6,3.0,0.333,,1.0,0.333,0.0,1.0,1.0,0.0,0.0,0.2,0.0,0.0,,0.2,0.0,0.0,0.0,0.0,0.2,0.0,0.0,0.0,1.0,0.2,,0.0,0.0,0.0,1.0,0.0,0.0,0.0,0.0,0.0,,,,0.0,0.0,0.0,0.0,0.0,0.0,0.2,0.0,1.0,0.0,2.0,0.0,0.0,0.0,0.0,0.0,2.0,1.0,0.0,0.0,0.0,0.0,0.0,0.0,1.0,0.0,1.0,0.0,0.0,1.0,0.0,0.0,0.0,1.0,1.0,148.0,89.0,0.352,0.601,0.634,-0.033,0.0,0.0,,1.0,,,0.0,1.0,0.0,1.0,0.0,0.0,,0.0,0.0,0.0,0.0,1.0,1.0,2.0,0.0,,,0.0,0.0,0.0,0.0,2.0,0.0,2.0,0.0,0.0,0.0,2021,22000838,20210414.0,2020-21,False,1.0,2.0,5.0,0.4,0.448,-0.048,2.0,2.0,1.0,0.335,0.0,3.0,0.0,0.514,0.0,2.0,0.0,0.556,2.0,2.0,1.0,0.344,0.0,0.0,0.0,0.0,0.0,0.0,1.0,0.5,1.0,0.5,0.0,0.0,0.0,0.0,1.0,1.0,0.0,0.0,0.0,0.0,0.0,0.0,0.0,0.0,0.0,0.0,0.0,1.0,1.0,1.0,1.0,0.0,1.0,1.0,1.0
200794,Paul Millsap,1610612743,DEN,36.0,20.03333333333333,4,8,0.5,0,2,0.0,1,1,1.0,2,3,5,3,1,1,0,1,2,2,9,6,0.143,129.0,109.7,0.12,0.25,8.3,37,0.087,0.533,73.88,129.7,90.43,3.0,0.2,88.65,113.5,25.0,16.2,19.3,0.2,0.5,0.191,8.0,5.0,0.0,0.167,9.0,24.0,0.125,1.0,21.0,4.0,0.0,3.0,0.75,1.0,0.0,0.0,0.0,0.0,0.0,0.0,0.25,4.0,0.0,0.0,0.333,1.0,3.0,1.0,5.0,33.0,1.2,2.0,1.2,2.22,0.0,1.0,22.0,0.273,1.12,2.0,4.6,3.0,3.3,2.0,0.0,0.625,0.0,0.5,0.333,1.0,8.0,1.0,1.0,3.0,0.0,1.0,0.333,0.333,0.625,6.0,1.0,0.4,6.5,1.0,0.0,0.125,0.0,0.0,1.0,1.0,1.0,1.0,0.125,1.0,1.0,,5.0,0.625,0.0,0.6,0.0,3.0,0.625,5.0,0.6,,3.0,0.6,0.0,,,,,,,,,,,,,,0.25,0.0,0.0,0.0,2.0,0.25,,0.0,0.0,0.0,2.0,0.0,0.0,0.0,0.0,0.0,,,,0.0,0.0,0.0,1.0,2.0,0.0,0.5,0.0,1.0,0.0,6.0,0.0,0.0,1.0,0.0,0.6,5.0,2.0,0.0,0.0,0.0,0.0,0.0,3.0,0.0,0.0,0.0,0.0,0.0,0.0,0.0,1.0,1.0,0.0,0.0,132.0,79.0,0.357,0.598,0.634,-0.036,0.0,0.0,,0.0,0.0,,0.0,2.0,0.0,0.0,0.0,0.667,,0.0,0.0,0.0,4.0,0.0,0.0,6.0,0.0,0.0,0.0,0.0,0.0,0.0,0.0,2.0,0.0,2.0,0.0,0.0,0.0,2021,22000705,20210328.0,2020-21,False,1.0,4.0,5.0,0.8,0.455,0.345,2.0,2.0,1.0,0.33,2.0,3.0,0.667,0.515,0.0,1.0,0.0,0.601,3.0,3.0,1.0,0.36,0.0,0.0,0.0,0.0,0.0,0.0,1.0,1.0,0.0,0.0,0.0,0.0,0.0,0.0,1.0,1.0,0.0,1.0,1.0,0.0,0.0,0.0,0.0,0.0,0.0,0.0,0.0,2.0,2.0,2.0,1.0,0.0,1.0,1.0,0.5
200794,Paul Millsap,1610612743,DEN,36.0,21.65,3,8,0.375,1,3,0.333,2,2,1.0,1,4,5,0,1,2,1,1,0,3,9,12,0.114,140.2,100.5,0.091,0.143,10.0,46,0.063,0.507,84.06,132.6,102.3,0.0,0.0,100.88,108.9,0.0,23.7,39.7,0.208,0.438,0.2,10.1,0.0,0.0,0.045,0.0,22.0,0.0,1.0,21.0,1.0,0.0,0.0,0.0,0.0,0.0,0.0,0.0,0.0,0.0,0.0,0.0,0.0,0.0,0.0,0.0,0.0,0.0,2.0,8.0,35.0,1.0,1.0,0.75,1.75,0.0,1.0,23.0,0.257,0.91,2.0,4.0,9.0,4.6,3.0,0.0,0.417,0.0,1.0,0.333,0.444,12.0,1.0,0.0,3.0,0.0,1.0,0.333,0.25,0.417,3.0,0.444,0.4,2.0,0.333,0.0,0.375,0.0,0.0,1.0,1.0,3.0,0.333,0.375,0.333,3.0,,1.0,0.125,0.0,0.0,0.0,0.0,0.125,1.0,0.0,,0.0,0.0,0.0,1.0,1.0,0.0,0.0,0.125,0.0,0.0,,0.125,0.0,0.0,0.0,0.0,0.375,1.0,1.0,0.125,2.0,0.25,1.0,0.5,0.833,1.0,3.0,0.667,2.0,0.0,0.0,0.0,0.0,0.0,,0.0,1.0,0.0,1.0,2.0,0.0,0.438,0.5,0.5,5.0,6.0,0.0,0.0,0.0,0.0,1.0,1.0,3.0,0.333,0.0,0.0,0.0,0.0,1.0,1.0,0.0,0.0,1.0,0.0,0.0,0.0,1.0,0.0,3.0,0.333,42.0,29.0,0.368,0.69,0.616,0.074,0.0,0.333,,0.5,,,0.0,3.0,0.0,2.0,0.0,0.0,,0.0,0.0,1.0,0.0,0.0,4.0,0.0,0.0,,,0.0,0.0,0.0,1.0,4.0,0.333,3.0,1.0,0.625,2.0,2021,22000133,20210109.0,2020-21,False,1.0,6.0,15.0,0.4,0.459,-0.059,2.0,5.0,0.4,0.403,4.0,10.0,0.4,0.52,2.0,7.0,0.286,0.534,3.0,7.0,0.429,0.382,0.0,1.0,0.0,0.0,0.0,0.0,0.0,0.0,0.0,0.0,0.0,0.0,0.0,0.0,7.0,5.0,2.0,2.0,0.0,0.0,0.0,0.0,0.0,0.0,0.0,0.0,0.0,0.0,0.0,0.0,0.0,0.0,0.0,0.0,0.0
200794,Paul Millsap,1610612743,DEN,36.0,11.466666666666669,2,6,0.333,0,1,0.0,0,0,0.0,1,3,4,1,0,0,0,1,2,0,4,7,0.19,150.9,121.1,0.045,0.273,0.0,22,0.1,0.333,75.0,145.5,87.57,0.0,0.111,90.0,119.0,14.3,26.4,29.8,0.259,0.333,0.24,0.0,4.0,1.0,0.143,6.0,14.0,0.071,0.0,11.0,2.0,0.0,0.0,0.0,0.0,0.0,0.0,0.0,0.0,0.0,0.0,1.0,1.0,0.0,0.0,0.0,1.0,0.0,1.0,2.0,20.0,1.0,0.0,1.0,2.85,0.0,1.0,10.0,0.2,1.9,3.0,4.7,4.0,5.4,1.0,0.0,0.571,0.0,1.0,0.333,0.75,7.0,1.0,0.0,1.0,0.0,2.0,0.333,0.667,0.571,3.0,0.75,0.75,2.7,1.0,0.0,0.167,0.0,0.0,1.0,1.0,1.0,1.0,0.167,1.0,1.0,,2.0,0.333,0.0,0.5,0.0,1.0,0.333,2.0,0.5,,1.0,0.5,0.0,3.0,1.0,0.0,0.0,0.5,0.0,0.0,0.0,0.167,0.333,2.0,0.0,0.0,,,,,,,,,,,,,,0.0,0.0,0.0,0.0,0.0,,0.0,1.0,0.0,0.0,0.0,0.0,0.333,0.0,0.5,0.0,2.0,0.0,,0.0,0.0,0.0,1.0,1.0,0.0,0.0,0.0,0.0,0.0,0.0,2.0,0.0,0.0,0.0,,0.0,,1.0,0.0,3.0,0.667,8.0,5.0,0.5,0.625,0.569,0.056,0.0,0.0,,0.667,,,,1.0,0.0,2.0,,0.0,,,0.0,0.0,0.0,0.0,3.0,1.0,0.0,,,0.0,0.0,0.0,1.0,1.0,0.0,1.0,0.0,0.0,0.0,2021,42000165,20210601.0,2020-21,True,1.0,1.0,3.0,0.333,0.43,-0.097,0.0,1.0,0.0,0.396,1.0,2.0,0.5,0.43,1.0,1.0,1.0,0.482,0.0,1.0,0.0,0.418,0.0,1.0,0.0,0.0,0.0,0.0,0.0,0.0,0.0,0.0,0.0,0.0,0.0,0.0,0.0,0.0,0.0,0.0,0.0,2.0,5.0,0.0,0.0,0.0,0.0,0.0,1.0,1.0,2.0,2.0,2.0,0.5,0.5,1.0,1.0
200794,Paul Millsap,1610612743,DEN,36.0,18.65833333333333,5,9,0.556,1,3,0.333,4,5,0.8,1,4,5,1,1,1,0,1,4,2,15,0,0.161,123.8,118.6,0.125,0.267,7.7,38,0.063,0.67,81.46,123.7,99.82,1.0,0.083,97.76,123.7,7.7,0.0,5.2,0.298,0.611,0.286,7.6,7.0,0.0,0.045,3.0,22.0,0.045,0.0,22.0,1.0,0.0,1.0,0.0,0.0,0.0,0.0,0.0,0.0,0.0,0.0,0.0,1.0,0.0,0.0,0.0,0.0,0.0,0.0,7.0,34.0,1.2,0.0,1.429,2.15,0.0,3.0,24.0,0.441,1.03,0.0,5.4,4.0,5.3,4.0,0.0,0.714,0.0,0.0,0.333,1.0,7.0,0.0,1.0,5.0,0.0,0.0,0.333,0.0,0.714,3.0,1.0,0.0,5.9,,,,,,,,,,,,,,6.0,0.667,0.0,0.667,0.0,4.0,0.667,6.0,0.667,,4.0,0.667,0.0,1.0,1.0,1.5,1.0,0.111,1.0,0.0,,0.111,0.0,0.0,1.0,1.0,0.222,0.0,0.0,0.0,2.0,0.222,,0.0,0.0,0.0,2.0,0.0,0.0,0.0,0.0,0.0,0.0,0.0,,0.0,1.0,0.0,0.0,0.0,0.0,0.611,0.333,0.8,3.0,10.0,0.0,0.0,0.0,,0.0,2.0,3.0,0.333,0.0,0.0,0.0,0.0,0.0,4.0,,,1.0,0.0,0.0,0.0,0.0,0.0,4.0,1.0,22.0,18.0,0.349,0.818,0.66,0.158,0.0,0.5,,1.0,,,0.0,2.0,0.0,4.0,0.0,0.0,,0.0,0.0,1.0,0.0,1.0,4.0,2.0,0.0,,,0.0,0.0,0.0,0.0,3.0,0.333,3.0,1.0,0.5,1.0,2021,22000076,20210101.0,2020-21,False,1.0,8.0,14.0,0.571,0.528,0.044,2.0,5.0,0.4,0.401,6.0,9.0,0.667,0.605,5.0,6.0,0.833,0.678,3.0,7.0,0.429,0.4,0.0,1.0,0.0,0.0,0.0,0.0,2.0,0.667,0.0,0.0,0.0,0.0,0.0,0.0,5.0,2.0,3.0,2.0,0.0,0.0,0.0,1.0,0.0,1.0,1.0,0.0,1.0,2.0,3.0,3.0,3.0,0.333,0.667,1.0,1.0
200794,Paul Millsap,1610612743,DEN,36.0,22.183333333333334,5,8,0.625,3,4,0.75,1,3,0.333,2,3,5,1,1,0,1,0,2,1,14,-2,0.119,103.9,114.1,0.117,0.143,9.1,44,0.095,0.751,79.34,109.1,97.41,1.0,0.067,95.21,113.6,9.1,-4.5,-10.2,0.206,0.813,0.2,8.8,4.0,0.0,0.063,3.0,16.0,0.063,0.0,17.0,1.0,0.0,0.0,0.0,0.0,0.0,0.0,0.0,0.0,0.0,0.0,0.0,0.0,0.0,0.0,0.0,0.0,0.0,2.0,4.0,26.0,0.9,1.0,0.5,2.19,0.0,2.0,19.0,0.538,0.85,1.0,5.4,4.0,6.1,3.0,0.0,0.833,0.0,0.5,0.667,0.75,6.0,1.0,1.0,4.0,0.0,0.0,0.667,0.0,0.833,3.0,0.75,0.2,4.4,1.0,0.0,0.125,0.0,0.0,1.0,1.0,1.0,1.0,0.125,1.0,1.0,,2.0,0.25,1.0,0.5,0.125,1.0,0.375,3.0,0.333,0.0,1.0,0.333,0.0,2.0,1.0,0.75,1.0,0.25,1.0,0.0,0.0,0.125,0.125,1.0,0.5,1.0,0.25,2.0,0.0,0.0,2.0,0.25,,1.0,1.5,0.0,2.0,1.0,2.0,1.0,1.0,3.0,1.5,1.0,1.0,1.0,1.0,0.0,1.0,2.0,0.0,0.813,0.5,0.5,6.0,2.0,1.0,0.0,0.0,0.0,0.5,2.0,3.0,0.667,1.0,1.0,1.0,1.0,1.0,1.0,0.0,0.0,2.0,0.0,1.0,0.0,1.0,0.0,1.0,1.0,74.0,47.0,0.323,0.635,0.625,0.01,1.0,0.667,,1.0,,,0.0,3.0,0.0,1.0,0.0,0.5,,0.0,0.0,2.0,1.0,1.0,1.0,2.0,1.0,,,1.0,0.0,0.0,0.0,4.0,0.667,3.0,2.0,0.75,2.0,2021,22000352,20210206.0,2020-21,False,1.0,2.0,5.0,0.4,0.494,-0.094,1.0,1.0,1.0,0.391,1.0,4.0,0.25,0.556,1.0,4.0,0.25,0.583,1.0,1.0,1.0,0.386,0.0,1.0,0.0,0.0,0.0,0.0,1.0,0.5,0.0,0.0,0.0,0.0,0.0,0.0,1.0,1.0,0.0,0.0,0.0,0.0,0.0,0.0,0.0,0.0,0.0,0.0,0.0,0.0,0.0,0.0,0.0,0.0,0.0,0.0,0.0
200794,Paul Millsap,1610612743,DEN,36.0,12.478333333333332,1,4,0.25,0,2,0.0,1,2,0.5,1,6,7,4,2,1,2,1,1,1,3,0,0.292,101.0,104.2,0.153,0.5,18.2,26,0.083,0.307,81.74,96.2,93.78,2.0,0.5,98.09,100.0,36.4,-3.8,-3.2,0.257,0.25,0.241,18.4,4.0,0.0,0.19,10.0,21.0,0.19,0.0,16.0,4.0,0.0,0.0,0.0,0.0,0.0,0.0,0.0,0.0,0.0,0.0,0.0,0.0,0.0,0.0,0.0,0.0,0.0,1.0,2.0,29.0,1.3,0.0,0.5,2.74,1.0,2.0,14.0,0.103,1.62,3.0,6.3,10.0,5.7,3.0,2.0,0.538,2.0,0.0,0.333,0.75,13.0,0.0,1.0,4.0,0.0,3.0,0.333,0.5,0.636,3.0,0.6,0.429,9.5,,,,,,,,,,,,,,2.0,0.5,0.0,0.5,0.0,1.0,0.5,2.0,0.5,,1.0,0.5,0.0,1.0,1.0,0.0,0.0,0.25,0.0,0.0,,0.25,0.0,0.0,0.0,0.0,0.25,0.0,0.0,0.0,1.0,0.25,,0.0,0.0,0.0,1.0,0.0,0.0,0.0,1.0,0.0,0.0,0.0,0.0,0.0,1.0,2.0,0.0,0.0,0.5,0.25,0.0,0.0,0.0,1.0,0.0,0.0,1.0,0.0,0.0,1.0,1.0,0.0,1.0,0.0,0.0,0.0,0.0,0.0,0.0,0.0,0.0,0.0,1.0,0.0,1.0,1.0,0.0,0.0,164.0,99.0,0.365,0.604,0.633,-0.029,0.0,0.0,,0.0,0.0,,0.0,0.0,1.0,0.0,0.0,0.0,,0.0,0.0,0.0,0.0,2.0,0.0,1.0,0.0,0.0,0.0,0.0,0.0,1.0,1.0,1.0,0.0,1.0,0.0,0.0,0.0,2021,22000903,20210423.0,2020-21,False,1.0,3.0,5.0,0.6,0.454,0.146,,,,,3.0,5.0,0.6,0.54,3.0,5.0,0.6,0.598,,,,,1.0,2.0,0.0,0.0,0.0,1.0,0.0,0.0,0.0,0.0,0.0,0.0,0.0,0.0,3.0,2.0,1.0,2.0,0.0,2.0,6.0,0.0,0.0,0.0,0.0,0.0,0.0,0.0,0.0,0.0,0.0,0.0,0.0,0.0,0.0
200794,Paul Millsap,1610612743,DEN,36.0,16.8,1,4,0.25,0,1,0.0,0,0,0.0,0,4,4,0,1,0,1,0,3,0,2,8,0.118,119.3,90.1,-0.007,0.19,20.0,36,0.0,0.25,86.9,116.7,104.17,0.0,0.0,104.29,91.9,0.0,24.8,29.2,0.128,0.25,0.125,20.0,0.0,0.0,0.077,0.0,13.0,0.0,1.0,14.0,1.0,0.0,1.0,0.0,0.0,0.0,0.0,0.0,0.0,0.0,0.0,0.0,1.0,0.0,0.0,0.0,0.0,0.0,0.0,0.0,21.0,0.6,0.0,0.0,1.83,0.0,0.0,10.0,0.095,1.38,0.0,4.9,6.0,4.9,4.0,1.0,0.5,1.0,0.0,0.0,0.8,8.0,0.0,0.0,4.0,0.0,0.0,0.0,0.0,0.571,2.0,0.667,0.0,0.0,0.0,0.0,0.25,0.0,0.0,0.0,0.0,1.0,0.0,0.25,0.0,1.0,,1.0,0.25,0.0,0.0,0.0,0.0,0.25,1.0,0.0,,0.0,0.0,0.0,,,,,,,,,,,,,,0.5,0.0,1.0,0.25,1.0,0.25,1.0,0.0,0.5,1.0,2.0,0.5,1.0,0.0,0.0,0.0,,,,0.0,0.0,0.0,0.0,0.0,0.0,0.25,0.0,0.0,0.0,0.0,0.0,0.0,0.0,0.0,0.0,2.0,1.0,0.0,0.0,0.0,0.0,0.0,0.0,1.0,0.0,0.0,0.0,0.0,0.0,0.0,0.0,0.0,1.0,1.0,144.0,86.0,0.353,0.597,0.635,-0.038,0.0,0.0,,0.5,,,0.0,1.0,0.0,1.0,0.0,0.0,,0.0,0.0,0.0,0.0,0.0,2.0,1.0,0.0,,,0.0,0.0,0.0,0.0,1.0,0.0,1.0,0.0,0.0,0.0,2021,22000797,20210409.0,2020-21,False,1.0,2.0,7.0,0.286,0.447,-0.162,1.0,5.0,0.2,0.382,1.0,2.0,0.5,0.533,1.0,1.0,1.0,0.638,1.0,5.0,0.2,0.385,0.0,0.0,0.0,0.0,0.0,0.0,0.0,0.0,0.0,0.0,0.0,0.0,0.0,0.0,4.0,2.0,2.0,0.0,0.0,1.0,2.0,0.0,0.0,0.0,0.0,0.0,0.0,0.0,0.0,0.0,0.0,0.0,0.0,0.0,0.0
200794,Paul Millsap,1610612743,DEN,36.0,14.083333333333334,3,7,0.429,0,3,0.0,3,4,0.75,3,3,6,2,0,0,1,0,0,5,9,9,0.207,131.0,96.6,0.22,0.231,0.0,25,0.188,0.514,71.01,136.0,88.34,0.0,0.25,85.21,100.0,20.0,36.0,34.4,0.266,0.429,0.25,0.0,4.0,0.0,0.118,6.0,17.0,0.118,0.0,14.0,2.0,0.0,2.0,0.75,1.0,0.0,0.0,0.25,0.0,0.0,1.0,0.25,4.0,0.0,0.0,0.5,1.0,3.0,1.0,2.0,25.0,1.3,0.0,2.5,3.03,0.0,1.0,15.0,0.36,2.28,2.0,5.2,3.0,3.6,2.0,0.0,0.857,0.0,0.333,0.75,1.0,7.0,1.0,2.0,4.0,0.0,1.0,0.75,0.333,0.857,4.0,1.0,0.333,6.9,,,,,,,,,,,,,,4.0,0.571,0.0,0.75,0.0,3.0,0.571,4.0,0.75,,3.0,0.75,0.0,3.0,3.0,0.0,0.0,0.429,0.0,0.0,,0.429,0.0,0.0,0.0,0.0,,,,,,,,,,,,,,0.0,1.0,0.0,0.0,0.0,0.0,0.0,1.0,0.0,0.0,0.0,0.0,0.429,0.0,1.0,0.0,5.0,0.0,0.0,0.0,0.0,0.5,2.0,3.0,0.0,0.0,0.0,0.0,0.0,1.0,2.0,0.0,0.0,0.0,0.0,0.0,0.0,0.0,0.0,2.0,1.0,7.0,4.0,0.538,0.571,0.574,-0.002,0.0,0.0,0.0,1.0,,0.0,0.0,3.0,0.0,2.0,0.0,0.5,0.0,0.0,0.0,0.0,1.0,0.0,2.0,2.0,0.0,,,0.0,0.0,0.0,0.0,2.0,0.0,2.0,0.0,0.0,0.0,2021,42000164,20210529.0,2020-21,True,1.0,0.0,1.0,0.0,0.456,-0.456,,,,,0.0,1.0,0.0,0.507,0.0,1.0,0.0,0.538,,,,,0.0,0.0,0.0,0.0,0.0,0.0,1.0,1.0,0.0,0.0,0.0,0.0,0.0,0.0,2.0,2.0,0.0,0.0,1.0,0.0,0.0,2.0,0.0,2.0,1.0,0.0,0.0,1.0,1.0,1.0,1.0,0.0,1.0,1.0,1.0
200794,Paul Millsap,1610612743,DEN,36.0,19.9,1,6,0.167,0,1,0.0,0,0,0.0,2,6,8,1,0,0,0,1,3,0,2,-9,0.174,71.8,93.4,0.032,0.286,0.0,42,0.08,0.167,84.42,71.4,100.73,0.0,0.091,101.31,92.9,14.3,-21.4,-21.6,0.128,0.167,0.122,0.0,1.0,0.0,0.143,2.0,14.0,0.071,1.0,8.0,2.0,0.0,1.0,2.0,1.0,0.0,0.0,0.0,0.0,0.0,0.0,0.0,1.0,0.0,0.0,1.0,0.0,2.0,2.0,3.0,21.0,0.9,0.0,0.0,2.7,0.0,2.0,8.0,0.095,1.57,3.0,4.2,6.0,3.8,5.0,0.0,0.8,0.0,1.0,0.5,1.0,10.0,2.0,0.0,5.0,0.0,1.0,0.5,0.167,0.8,4.0,1.0,0.375,5.4,,,,,,,,,,,,,,5.0,0.833,0.0,0.2,0.0,1.0,0.833,5.0,0.2,,1.0,0.2,0.0,1.0,1.0,0.0,0.0,0.167,0.0,0.0,,0.167,0.0,0.0,0.0,0.0,,,,,,,,,,,,,,0.0,0.0,0.0,,,,0.0,0.0,0.0,0.0,0.0,0.0,0.167,0.0,0.0,0.0,0.0,0.0,0.0,0.0,0.0,0.333,3.0,0.0,0.0,1.0,0.0,0.0,0.0,1.0,0.0,0.0,0.0,0.0,0.0,1.0,0.0,0.0,0.0,2.0,0.0,58.0,37.0,0.326,0.638,0.616,0.021,0.0,0.0,,0.0,0.0,,0.0,0.0,0.0,0.0,0.0,0.5,,0.0,0.0,0.0,1.0,1.0,2.0,2.0,0.0,0.0,0.0,0.0,0.0,0.0,1.0,1.0,0.0,1.0,0.0,0.0,0.0,2021,22000248,20210123.0,2020-21,False,1.0,5.0,10.0,0.5,0.481,0.019,3.0,6.0,0.5,0.388,2.0,4.0,0.5,0.552,2.0,3.0,0.667,0.603,3.0,6.0,0.5,0.396,0.0,2.0,0.0,0.0,0.0,0.0,0.0,0.0,0.0,0.0,0.0,0.0,0.0,0.0,5.0,2.0,3.0,0.0,0.0,1.0,3.0,0.0,0.0,0.0,0.0,0.0,1.0,0.0,1.0,1.0,1.0,1.0,0.0,1.0,1.0
200794,Paul Millsap,1610612743,DEN,36.0,36.1,7,13,0.538,2,5,0.4,0,0,0.0,2,5,7,3,1,0,0,0,3,1,16,-6,0.095,105.2,112.5,0.11,0.132,5.9,75,0.056,0.615,83.1,104.0,98.95,3.0,0.13,99.72,112.0,17.6,-8.0,-7.3,0.172,0.615,0.169,5.9,6.0,0.0,0.172,7.0,29.0,0.103,2.0,26.0,5.0,0.0,2.0,0.667,1.0,0.0,0.0,0.333,0.0,0.0,1.0,0.333,3.0,0.0,0.0,0.5,1.0,2.0,2.0,9.0,44.0,1.5,1.0,0.889,2.05,0.0,1.0,28.0,0.364,0.89,2.0,5.1,9.0,6.2,4.0,1.0,0.538,1.0,0.5,0.5,0.625,13.0,1.0,1.0,5.0,0.0,1.0,0.5,0.2,0.583,4.0,0.556,0.286,2.4,0.0,0.0,0.077,0.0,0.0,0.0,0.0,1.0,0.0,0.077,0.0,1.0,,5.0,0.385,0.0,0.6,0.0,3.0,0.385,5.0,0.6,,3.0,0.6,0.0,1.0,0.0,1.0,0.0,0.077,1.0,1.0,1.0,0.0,0.077,1.0,1.0,,0.462,2.0,1.0,0.077,5.0,0.385,1.0,0.4,0.667,1.0,6.0,0.5,3.0,0.0,0.0,0.0,0.0,0.0,,0.0,2.0,0.0,1.0,2.0,0.0,0.615,0.4,0.667,6.0,8.0,0.0,,0.0,0.0,0.0,1.0,4.0,0.5,0.0,0.0,0.0,0.0,0.0,5.0,0.0,1.0,2.0,,1.0,,1.0,0.0,6.0,0.833,6.0,6.0,0.375,1.0,0.638,0.362,0.0,0.333,,0.833,0.0,,,3.0,0.0,5.0,,0.0,,,0.0,1.0,0.0,2.0,6.0,1.0,0.5,0.0,0.0,1.0,0.0,0.0,1.0,5.0,0.4,5.0,2.0,0.6,2.0,2021,22000019,20201223.0,2020-21,False,1.0,8.0,16.0,0.5,0.498,0.002,0.0,3.0,0.0,0.359,8.0,13.0,0.615,0.55,7.0,10.0,0.7,0.584,1.0,5.0,0.2,0.354,0.0,0.0,0.0,0.0,0.0,0.0,1.0,1.0,0.0,0.0,0.0,0.0,0.0,0.0,4.0,2.0,2.0,1.0,1.0,1.0,2.0,0.0,0.0,0.0,0.0,0.0,0.0,2.0,2.0,2.0,1.0,0.0,1.0,1.0,0.5
200794,Paul Millsap,1610612743,DEN,36.0,24.416666666666668,5,9,0.556,1,4,0.25,0,0,0.0,3,4,7,3,2,1,0,0,2,2,11,9,0.132,99.3,83.3,0.171,0.129,14.3,44,0.136,0.611,73.72,106.8,91.37,1.5,0.2,88.46,82.6,21.4,24.2,16.1,0.21,0.611,0.212,14.3,3.0,0.0,0.19,7.0,21.0,0.143,1.0,21.0,4.0,1.0,1.0,1.0,1.0,0.0,0.5,0.0,0.0,0.0,0.0,0.0,2.0,0.0,0.0,1.0,0.0,2.0,2.0,5.0,31.0,1.3,0.0,1.2,2.42,0.667,3.0,23.0,0.355,1.42,5.0,6.5,9.0,3.4,1.0,1.0,0.467,2.0,0.667,0.5,0.5,15.0,2.0,1.0,2.0,1.0,3.0,0.6,0.75,0.538,6.0,0.444,0.714,10.6,,,,,,,,,,,,,,5.0,0.556,0.0,0.8,0.0,4.0,0.556,5.0,0.8,,4.0,0.8,0.0,1.0,1.0,1.5,1.0,0.111,1.0,0.0,,0.111,0.0,0.0,1.0,1.0,0.333,0.0,0.0,0.0,3.0,0.333,,0.0,0.0,0.0,3.0,0.0,0.0,1.0,1.0,3.0,1.5,1.0,1.0,1.0,1.0,2.0,0.0,0.0,0.5,0.611,0.0,1.0,0.0,6.0,0.0,0.0,0.0,0.0,1.0,1.0,4.0,0.25,0.0,0.0,0.0,0.0,1.0,3.0,0.0,0.0,1.0,0.0,0.0,0.0,0.0,0.0,4.0,0.75,64.0,40.0,0.322,0.625,0.622,0.003,0.0,0.333,,0.75,,,0.0,3.0,0.0,3.0,0.0,1.0,,0.0,0.0,1.0,1.0,1.0,4.0,1.0,0.0,,,0.0,0.0,0.0,0.0,3.0,0.0,3.0,0.0,0.0,0.0,2021,22000275,20210127.0,2020-21,False,1.0,4.0,10.0,0.4,0.502,-0.102,2.0,6.0,0.333,0.364,2.0,4.0,0.5,0.584,1.0,2.0,0.5,0.662,3.0,7.0,0.429,0.373,1.0,2.0,0.0,0.0,0.0,0.667,1.0,0.333,0.0,0.0,0.0,0.0,0.0,0.0,3.0,1.0,2.0,1.0,0.0,1.0,2.0,1.0,1.0,2.0,0.5,0.5,0.0,1.0,1.0,1.0,1.0,0.0,1.0,1.0,1.0
200794,Paul Millsap,1610612743,DEN,36.0,22.75,2,9,0.222,1,5,0.2,0,2,0.0,1,3,4,1,0,2,1,1,1,3,5,-6,0.08,110.5,133.5,0.019,0.13,0.0,43,0.037,0.253,76.48,123.3,97.22,0.0,0.056,91.78,134.1,9.1,-10.8,-23.0,0.18,0.278,0.185,0.0,1.0,0.0,0.053,3.0,19.0,0.053,0.0,15.0,1.0,0.0,0.0,0.0,0.0,0.0,0.0,0.0,0.0,0.0,0.0,0.0,0.0,0.0,0.0,0.0,0.0,0.0,1.0,4.0,30.0,0.9,0.0,0.0,1.74,1.0,2.0,17.0,0.167,0.77,2.0,4.8,6.0,5.3,2.0,0.0,0.444,0.0,1.0,0.333,0.5,9.0,1.0,0.0,2.0,0.0,1.0,0.333,0.333,0.444,3.0,0.5,0.5,3.6,,,,,,,,,,,,,,4.0,0.444,1.0,0.25,0.111,1.0,0.556,5.0,0.2,0.0,1.0,0.2,0.0,1.0,1.0,0.0,0.0,0.111,0.0,0.0,,0.111,0.0,0.0,0.0,0.0,0.333,1.0,0.0,0.0,3.0,0.333,,0.333,0.5,0.0,3.0,0.333,1.0,0.0,0.0,0.0,,,,0.0,0.0,2.0,0.0,0.0,1.0,0.278,0.2,0.0,3.0,0.0,0.5,0.0,0.0,1.0,0.0,1.0,3.0,0.0,1.0,1.0,0.0,0.0,0.0,1.0,1.0,1.0,0.0,0.0,2.0,0.0,0.0,0.0,3.0,0.333,111.0,65.0,0.357,0.586,0.635,-0.049,0.0,0.0,,0.333,0.0,,0.0,3.0,0.0,1.0,0.0,0.0,,0.0,0.0,0.0,0.0,2.0,3.0,1.0,0.5,0.0,0.0,1.0,0.0,0.0,0.0,5.0,0.2,5.0,1.0,0.3,1.0,2021,22000592,20210313.0,2020-21,False,1.0,5.0,10.0,0.5,0.462,0.038,2.0,4.0,0.5,0.382,3.0,6.0,0.5,0.543,2.0,4.0,0.5,0.601,3.0,5.0,0.6,0.384,1.0,1.0,0.0,2.0,0.0,1.0,0.0,0.0,0.0,0.0,0.0,0.0,1.0,0.5,6.0,3.0,3.0,3.0,0.0,0.0,0.0,1.0,0.0,1.0,1.0,0.0,0.0,1.0,1.0,1.0,0.0,0.0,1.0,1.0,0.0
200794,Paul Millsap,1610612743,DEN,36.0,27.92,1,4,0.25,0,0,0.0,3,5,0.6,0,4,4,2,1,0,0,0,0,2,5,5,0.091,129.8,125.5,0.033,0.138,11.1,59,0.0,0.403,83.81,133.9,102.98,2.0,0.065,100.57,127.6,22.2,6.3,4.3,0.115,0.25,0.113,10.9,2.0,0.0,0.154,5.0,26.0,0.077,2.0,18.0,4.0,1.0,0.0,0.0,0.0,0.0,0.5,0.5,0.0,0.0,1.0,0.5,2.0,0.0,0.0,0.0,1.0,0.0,0.0,1.0,33.0,1.5,0.0,1.0,2.76,0.0,2.0,17.0,0.152,1.39,0.0,7.5,6.0,7.5,4.0,0.0,0.667,0.0,0.0,0.0,0.667,6.0,0.0,0.0,4.0,0.0,0.0,0.0,0.0,0.667,0.0,0.667,0.0,0.0,,,,,,,,,,,,,,2.0,0.5,0.0,0.5,0.0,1.0,0.5,2.0,0.5,,1.0,0.5,0.0,1.0,0.0,0.0,0.0,0.25,0.0,0.0,0.0,0.0,0.25,1.0,0.0,,0.25,0.0,0.0,0.25,0.0,0.0,0.0,,0.0,1.0,1.0,0.0,0.0,0.0,,0.0,0.0,0.0,,,1.0,0.0,0.0,0.0,0.0,0.25,0.0,0.0,0.0,1.0,0.0,0.0,0.0,0.0,0.333,3.0,0.0,0.0,0.0,0.0,0.0,0.0,1.0,0.0,0.0,0.0,0.0,0.0,0.0,0.0,1.0,0.0,0.0,0.0,16.0,13.0,0.327,0.813,0.639,0.174,0.0,0.0,0.0,0.0,0.0,0.0,0.0,0.0,0.0,0.0,0.0,0.5,0.0,0.0,0.0,0.0,1.0,0.0,1.0,2.0,0.0,0.0,0.0,0.0,0.0,0.0,1.0,1.0,,,,0.0,0.0,2021,22000055,20201229.0,2020-21,False,1.0,7.0,12.0,0.583,0.524,0.059,2.0,4.0,0.5,0.353,5.0,8.0,0.625,0.574,5.0,8.0,0.625,0.597,2.0,4.0,0.5,0.351,0.0,1.0,0.0,0.0,0.0,0.0,1.0,0.5,0.0,0.0,0.0,0.0,0.0,0.0,7.0,5.0,2.0,2.0,0.0,1.0,2.0,0.0,0.0,0.0,0.0,0.0,0.0,2.0,2.0,1.0,1.0,0.0,1.0,1.0,1.0
200794,Paul Millsap,1610612743,DEN,36.0,14.983333333333333,3,4,0.75,1,1,1.0,3,3,1.0,0,1,1,0,1,1,2,1,1,2,10,7,0.036,91.3,75.3,0.22,0.067,16.7,30,0.0,0.94,77.42,96.7,97.64,0.0,0.0,92.9,78.6,0.0,18.1,16.0,0.199,0.875,0.182,15.8,1.0,0.0,0.0,0.0,15.0,0.0,0.0,16.0,0.0,0.0,1.0,0.0,0.0,0.0,0.0,0.0,0.0,0.0,0.0,0.333,3.0,0.0,0.0,0.0,1.0,0.0,2.0,3.0,22.0,0.8,1.0,1.333,2.22,1.0,2.0,14.0,0.455,1.09,1.0,2.6,3.0,2.6,0.0,0.0,0.2,0.0,0.0,0.0,0.333,5.0,0.0,0.0,0.0,0.0,1.0,0.0,1.0,0.2,2.0,0.333,1.0,0.0,0.0,0.0,0.25,0.0,0.0,0.0,0.0,1.0,0.0,0.25,0.0,1.0,,1.0,0.25,0.0,1.0,0.0,1.0,0.25,1.0,1.0,,1.0,1.0,0.0,1.0,0.0,1.0,0.0,0.25,1.0,1.0,1.0,0.0,0.25,1.0,1.0,,0.25,1.0,0.0,0.0,1.0,0.25,,1.0,1.5,0.0,1.0,1.0,1.0,0.0,0.0,0.0,,,,0.0,0.0,2.0,1.0,2.0,1.0,0.875,1.0,1.0,3.0,4.0,0.0,0.0,0.0,0.0,0.5,2.0,1.0,1.0,0.0,0.0,0.0,0.0,1.0,1.0,0.0,0.0,1.0,0.0,0.0,0.0,0.0,0.0,1.0,1.0,134.0,80.0,0.353,0.597,0.634,-0.037,0.0,1.0,0.0,1.0,,0.0,0.0,1.0,0.0,1.0,0.0,0.5,0.0,0.0,0.0,1.0,1.0,0.0,1.0,2.0,0.0,,,0.0,0.0,0.0,0.0,1.0,1.0,1.0,1.0,1.5,1.0,2021,22000719,20210330.0,2020-21,False,1.0,3.0,10.0,0.3,0.453,-0.153,0.0,3.0,0.0,0.322,3.0,7.0,0.429,0.497,2.0,4.0,0.5,0.534,0.0,4.0,0.0,0.358,1.0,1.0,0.0,0.0,0.0,1.0,1.0,0.5,0.0,0.0,0.0,0.0,0.0,0.0,6.0,4.0,2.0,1.0,0.0,1.0,3.0,0.0,0.0,0.0,0.0,0.0,0.0,0.0,0.0,0.0,0.0,0.0,0.0,0.0,0.0
200794,Paul Millsap,1610612743,DEN,36.0,18.683333333333334,1,3,0.333,0,1,0.0,0,2,0.0,1,2,3,3,0,0,0,0,2,1,2,-6,0.091,117.8,126.6,0.018,0.105,0.0,37,0.071,0.258,80.29,113.5,94.49,0.0,0.188,96.34,126.3,42.9,-12.8,-8.7,0.095,0.333,0.095,0.0,2.0,0.0,0.231,7.0,13.0,0.231,0.0,9.0,3.0,0.0,1.0,0.0,0.0,0.0,0.0,0.0,0.0,0.0,0.0,0.0,1.0,0.0,0.0,0.0,0.0,0.0,1.0,2.0,17.0,0.6,0.0,0.0,2.08,0.0,0.0,10.0,0.118,0.59,1.0,6.7,5.0,3.6,1.0,2.0,0.429,3.0,0.0,0.5,0.667,7.0,0.0,1.0,2.0,1.0,1.0,1.0,0.5,0.75,2.0,0.4,0.333,12.9,,,,,,,,,,,,,,1.0,0.333,0.0,0.0,0.0,0.0,0.333,1.0,0.0,,0.0,0.0,0.0,1.0,0.0,1.0,0.0,0.333,1.0,1.0,1.0,0.0,0.333,1.0,1.0,,0.333,0.0,0.0,0.0,1.0,0.333,,0.0,0.0,0.0,1.0,0.0,0.0,0.0,0.0,0.0,,,,0.0,0.0,0.0,0.0,0.0,0.0,0.333,0.0,0.0,0.0,0.0,0.0,,0.0,0.0,0.0,1.0,0.0,0.0,,0.0,,,0.0,1.0,0.0,1.0,0.0,,1.0,,0.0,0.0,1.0,1.0,62.0,39.0,0.328,0.629,0.62,0.009,0.0,0.0,,1.0,,,,0.0,0.0,1.0,,0.0,,,0.0,0.0,0.0,1.0,1.0,1.0,0.0,,,0.0,0.0,0.0,0.0,1.0,0.0,1.0,0.0,0.0,0.0,2021,22000265,20210125.0,2020-21,False,1.0,3.0,11.0,0.273,0.482,-0.209,0.0,1.0,0.0,0.368,3.0,10.0,0.3,0.548,2.0,6.0,0.333,0.628,1.0,3.0,0.333,0.381,0.0,0.0,0.0,0.0,0.0,0.0,0.0,0.0,0.0,0.0,0.0,0.0,0.0,0.0,2.0,2.0,0.0,2.0,0.0,0.0,0.0,1.0,0.0,1.0,1.0,0.0,0.0,1.0,1.0,1.0,0.0,0.0,1.0,1.0,0.0
200794,Paul Millsap,1610612743,DEN,36.0,30.316666666666663,6,12,0.5,2,4,0.5,2,3,0.667,3,4,7,3,1,2,1,0,2,3,16,3,0.14,133.5,120.1,0.108,0.174,5.9,55,0.111,0.601,74.55,136.4,91.96,3.0,0.12,89.46,124.1,17.6,12.2,13.4,0.223,0.583,0.215,5.8,6.0,0.0,0.13,8.0,23.0,0.13,0.0,26.0,3.0,0.0,3.0,0.667,1.0,0.0,0.0,0.0,0.0,0.0,0.0,0.0,3.0,0.0,0.0,0.333,0.0,2.0,2.0,5.0,37.0,1.4,0.0,0.4,2.24,3.0,1.0,28.0,0.432,1.11,4.0,3.9,6.0,5.1,2.0,1.0,0.538,1.0,0.667,0.429,0.8,13.0,2.0,1.0,3.0,0.0,2.0,0.429,0.5,0.583,7.0,0.667,0.571,2.2,,,,,,,,,,,,,,6.0,0.5,0.0,0.667,0.0,4.0,0.5,6.0,0.667,,4.0,0.667,0.0,4.0,2.0,0.375,1.0,0.333,1.0,0.0,0.0,0.167,0.167,2.0,0.25,0.5,0.167,1.0,0.0,0.0,2.0,0.167,,0.5,0.75,0.0,2.0,0.5,1.0,1.0,0.0,2.0,1.0,1.0,,0.0,1.0,3.0,0.0,0.0,1.0,0.583,0.5,0.5,6.0,2.0,1.0,0.0,0.0,1.0,0.333,3.0,2.0,0.0,0.0,2.0,0.0,0.0,1.0,3.0,2.0,2.0,0.0,0.0,2.0,0.0,0.0,0.0,5.0,0.6,131.0,79.0,0.359,0.603,0.634,-0.031,0.0,0.0,,0.6,0.0,,0.0,2.0,0.0,3.0,0.0,0.333,,0.0,0.0,0.0,1.0,2.0,5.0,3.0,1.0,0.0,0.0,2.0,0.0,0.0,0.0,4.0,0.5,4.0,2.0,0.75,2.0,2021,22000689,20210326.0,2020-21,False,1.0,6.0,9.0,0.667,0.557,0.109,2.0,2.0,1.0,0.321,4.0,7.0,0.571,0.59,4.0,7.0,0.571,0.619,2.0,2.0,1.0,0.34,1.0,1.0,0.0,0.0,0.0,3.0,0.0,0.0,0.0,0.0,0.0,0.0,0.0,0.0,5.0,3.0,2.0,2.0,1.0,0.0,0.0,2.0,0.0,2.0,1.0,0.0,1.0,1.0,2.0,2.0,2.0,0.5,0.5,1.0,1.0
200794,Paul Millsap,1610612743,DEN,36.0,24.73333333333333,7,8,0.875,3,4,0.75,2,3,0.667,0,3,3,1,3,0,0,0,1,3,19,1,0.073,137.0,136.6,0.113,0.15,23.1,52,0.0,1.019,85.71,140.4,102.86,0.33,0.045,102.86,133.3,7.7,7.1,0.4,0.215,1.063,0.214,22.5,1.0,0.0,0.05,3.0,20.0,0.05,0.0,23.0,1.0,0.0,1.0,2.0,1.0,0.0,0.0,0.0,0.0,0.0,0.0,0.0,1.0,0.0,0.0,1.0,0.0,2.0,1.0,3.0,33.0,1.1,0.0,2.0,1.91,2.0,1.0,21.0,0.576,0.97,2.0,5.1,5.0,5.1,1.0,1.0,0.429,1.0,0.0,0.0,0.75,7.0,0.0,0.0,1.0,0.0,2.0,0.0,0.667,0.5,2.0,0.6,0.667,0.0,1.0,0.0,0.125,0.0,0.0,1.0,1.0,1.0,1.0,0.125,1.0,1.0,,2.0,0.25,0.0,1.0,0.0,2.0,0.25,2.0,1.0,,2.0,1.0,0.0,1.0,0.0,1.0,0.0,0.125,1.0,1.0,1.0,0.0,0.125,1.0,1.0,,0.5,3.0,0.0,0.0,4.0,0.5,,0.75,1.125,0.0,4.0,0.75,3.0,1.0,1.0,3.0,1.5,1.0,1.0,1.0,1.0,2.0,0.0,0.0,0.0,1.063,0.667,1.0,6.0,6.0,1.0,,0.0,1.0,0.0,0.0,2.0,0.5,0.0,2.0,0.0,0.0,0.0,4.0,2.0,2.0,1.0,,2.0,,0.0,0.0,4.0,1.0,10.0,9.0,0.27,0.9,0.624,0.276,0.0,0.5,0.0,1.0,0.0,0.0,,2.0,0.0,4.0,,0.0,0.0,,0.0,1.0,0.0,2.0,4.0,0.0,1.0,0.0,0.0,2.0,0.0,0.0,0.0,3.0,0.667,3.0,2.0,1.0,2.0,2021,22000044,20201228.0,2020-21,False,1.0,7.0,12.0,0.583,0.439,0.144,4.0,7.0,0.571,0.353,3.0,5.0,0.6,0.518,3.0,4.0,0.75,0.56,4.0,7.0,0.571,0.355,0.0,0.0,2.0,2.0,1.0,2.0,0.0,0.0,0.0,0.0,0.0,0.0,1.0,1.0,9.0,3.0,6.0,0.0,0.0,1.0,3.0,0.0,0.0,0.0,0.0,0.0,0.0,0.0,0.0,0.0,0.0,0.0,0.0,0.0,0.0
200794,Paul Millsap,1610612743,DEN,36.0,26.666666666666668,7,8,0.875,2,3,0.667,6,7,0.857,0,4,4,3,1,2,1,0,2,6,22,22,0.083,136.4,89.2,0.235,0.125,6.7,52,0.0,0.993,78.75,136.5,96.3,3.0,0.158,94.5,92.5,20.0,44.1,47.3,0.228,1.0,0.222,6.6,4.0,1.0,0.121,8.0,33.0,0.091,0.0,35.0,4.0,0.0,1.0,1.0,1.0,0.25,0.0,0.0,2.0,2.0,0.0,0.25,4.0,1.0,1.0,1.0,1.0,4.0,1.0,4.0,47.0,1.6,1.0,2.0,2.02,2.0,1.0,32.0,0.468,0.96,1.0,4.6,5.0,4.6,3.0,0.0,0.667,0.0,0.0,0.0,0.8,6.0,0.0,0.0,3.0,0.0,1.0,0.0,0.25,0.667,2.0,0.8,0.25,0.0,,,,,,,,,,,,,,3.0,0.375,0.0,1.0,0.0,3.0,0.375,3.0,1.0,,3.0,1.0,0.0,1.0,0.0,1.0,0.0,0.125,1.0,1.0,1.0,0.0,0.125,1.0,1.0,,0.5,2.0,1.0,0.125,3.0,0.375,1.0,0.667,1.0,1.0,4.0,0.75,3.0,0.0,0.0,0.0,,,,0.0,0.0,2.0,0.0,1.0,0.0,1.0,0.667,1.0,6.0,8.0,0.0,0.0,0.0,0.0,1.0,2.0,3.0,0.667,0.0,0.0,0.0,0.0,2.0,3.0,0.0,0.0,2.0,0.0,0.0,0.0,0.0,0.0,3.0,1.0,92.0,56.0,0.351,0.609,0.636,-0.027,0.0,0.667,,1.0,0.0,,0.0,3.0,0.0,3.0,0.0,1.0,,0.0,0.0,2.0,2.0,0.0,3.0,2.0,0.0,0.0,0.0,0.0,0.0,0.0,0.0,3.0,0.667,3.0,2.0,1.0,2.0,2021,22000388,20210210.0,2020-21,False,1.0,8.0,18.0,0.444,0.499,-0.054,2.0,5.0,0.4,0.329,6.0,13.0,0.462,0.537,5.0,10.0,0.5,0.575,3.0,7.0,0.429,0.357,0.0,0.0,2.0,2.0,1.0,2.0,0.0,0.0,0.0,0.0,0.0,0.0,1.0,1.0,8.0,8.0,0.0,3.0,0.0,3.0,6.0,1.0,0.0,1.0,1.0,0.0,0.0,2.0,2.0,2.0,2.0,0.0,1.0,1.0,1.0
200794,Paul Millsap,1610612743,DEN,36.0,19.866666666666667,4,7,0.571,0,1,0.0,4,4,1.0,3,2,5,0,0,1,0,0,0,4,12,-10,0.156,136.2,165.1,0.103,0.133,0.0,39,0.176,0.685,79.53,138.5,94.71,0.0,0.0,95.44,160.0,0.0,-21.5,-28.9,0.201,0.571,0.205,0.0,0.0,0.0,0.0,0.0,5.0,0.0,0.0,6.0,0.0,0.0,0.0,0.0,0.0,0.0,0.0,0.0,0.0,0.0,0.0,0.0,0.0,0.0,0.0,0.0,0.0,0.0,1.0,3.0,9.0,0.3,0.0,2.0,1.71,0.0,0.0,6.0,1.333,0.11,,,,,,,,,,,,,,,,,,,,,,,,,,,,,,,,,,,,,,2.0,1.0,0.0,1.0,0.0,2.0,1.0,2.0,1.0,,2.0,1.0,0.0,,,,,,,,,,,,,,,,,,,,,,,,,,,0.0,,0.0,,,,,0.0,0.0,0.0,0.0,0.0,0.571,0.0,1.0,0.0,6.0,0.0,,0.0,0.0,0.5,2.0,0.0,0.0,1.0,0.0,0.0,0.0,1.0,3.0,0.0,0.0,0.0,,1.0,,0.0,0.0,4.0,0.75,57.0,37.0,0.339,0.649,0.618,0.031,0.0,0.0,,0.75,,,,0.0,0.0,3.0,,0.5,,,0.0,0.0,1.0,1.0,4.0,2.0,0.0,,,0.0,0.0,0.0,0.0,0.0,,,,,0.0,2021,22000238,20210122.0,2020-21,False,1.0,5.0,5.0,1.0,0.494,0.506,4.0,4.0,1.0,0.387,1.0,1.0,1.0,0.637,,,,,5.0,5.0,1.0,0.401,0.0,0.0,0.0,0.0,0.0,0.0,0.0,0.0,0.0,0.0,0.0,0.0,0.0,0.0,3.0,0.0,3.0,1.0,0.0,1.0,2.0,1.0,0.0,1.0,1.0,0.0,0.0,0.0,0.0,0.0,0.0,0.0,0.0,0.0,0.0
200794,Paul Millsap,1610612743,DEN,36.0,14.711666666666666,1,3,0.333,1,2,0.5,0,0,0.0,0,3,3,4,2,1,0,0,2,2,3,1,0.125,126.7,134.8,0.065,0.231,22.2,29,0.0,0.5,74.77,131.0,93.71,2.0,0.25,89.72,142.3,44.4,-11.3,-8.2,0.161,0.5,0.156,22.2,3.0,0.0,0.235,10.0,17.0,0.235,0.0,10.0,4.0,0.0,0.0,0.0,0.0,0.0,0.0,0.0,0.0,0.0,0.0,0.0,0.0,0.0,0.0,0.0,0.0,0.0,0.0,0.0,23.0,0.9,0.0,0.0,2.36,0.0,0.0,10.0,0.13,1.35,1.0,5.8,3.0,5.8,2.0,0.0,1.0,0.0,0.0,0.0,1.0,3.0,0.0,0.0,2.0,0.0,1.0,0.0,0.333,1.0,0.0,1.0,0.333,0.0,0.0,0.0,0.333,0.0,0.0,0.0,0.0,1.0,0.0,0.333,0.0,1.0,,,,,,,,,,,,,,,1.0,1.0,0.0,0.0,0.333,0.0,0.0,,0.333,0.0,0.0,0.0,0.0,0.333,1.0,0.0,0.0,1.0,0.333,,1.0,1.5,0.0,1.0,1.0,1.0,0.0,0.0,0.0,,,,0.0,0.0,0.0,0.0,0.0,0.0,0.5,0.5,0.0,3.0,0.0,0.0,,0.0,0.0,0.0,0.0,2.0,0.5,0.0,0.0,0.0,0.0,0.0,0.0,0.0,0.0,1.0,,0.0,,0.0,0.0,1.0,0.0,2.0,2.0,0.4,1.0,0.613,0.388,0.0,0.5,0.0,0.0,0.0,0.0,,2.0,0.0,0.0,,0.0,0.0,,0.0,1.0,0.0,0.0,1.0,0.0,0.0,0.0,0.0,0.0,0.0,0.0,0.0,2.0,0.5,2.0,1.0,0.75,1.0,2021,42000161,20210522.0,2020-21,True,1.0,2.0,5.0,0.4,0.471,-0.071,0.0,2.0,0.0,0.406,2.0,3.0,0.667,0.54,2.0,2.0,1.0,0.577,0.0,3.0,0.0,0.417,0.0,0.0,0.0,0.0,0.0,0.0,0.0,0.0,0.0,0.0,0.0,0.0,0.0,0.0,1.0,1.0,0.0,2.0,0.0,5.0,11.0,0.0,0.0,0.0,0.0,0.0,0.0,0.0,0.0,0.0,0.0,0.0,0.0,0.0,0.0
200794,Paul Millsap,1610612743,DEN,36.0,15.716666666666669,4,5,0.8,2,3,0.667,0,1,0.0,0,5,5,2,0,1,0,0,0,1,10,5,0.152,139.9,120.1,0.196,0.278,0.0,33,0.0,0.919,83.99,142.4,104.69,0.0,0.182,100.78,127.3,28.6,15.2,19.7,0.153,1.0,0.139,0.0,1.0,0.0,0.222,5.0,18.0,0.111,2.0,12.0,4.0,0.0,1.0,2.0,1.0,0.0,0.0,0.0,0.0,0.0,0.0,0.0,1.0,0.0,0.0,1.0,0.0,2.0,0.0,1.0,24.0,1.0,0.0,0.0,2.44,1.0,2.0,11.0,0.417,1.54,0.0,4.5,8.0,4.5,5.0,0.0,0.625,0.0,0.0,0.0,0.625,8.0,0.0,0.0,5.0,0.0,0.0,0.0,0.0,0.625,1.0,0.625,0.0,0.0,,,,,,,,,,,,,,2.0,0.4,0.0,1.0,0.0,2.0,0.4,2.0,1.0,,2.0,1.0,0.0,3.0,3.0,1.0,2.0,0.6,2.0,0.0,,0.6,0.0,0.0,0.667,0.667,,,,,,,,,,,,,,1.0,0.0,2.0,1.0,1.0,,0.0,1.0,2.0,0.0,0.0,1.0,1.0,0.667,0.0,6.0,0.0,0.0,0.0,1.0,0.0,1.0,1.0,3.0,0.667,0.0,0.0,0.0,0.0,1.0,0.0,0.0,0.0,2.0,0.0,0.0,0.0,1.0,1.0,0.0,0.0,105.0,63.0,0.358,0.6,0.635,-0.035,0.0,0.667,,0.0,,,0.0,3.0,0.0,0.0,0.0,1.0,,0.0,0.0,2.0,2.0,0.0,0.0,2.0,0.0,,,0.0,0.0,0.0,0.0,3.0,0.667,3.0,2.0,1.0,2.0,2021,22000416,20210214.0,2020-21,False,1.0,9.0,17.0,0.529,0.477,0.053,1.0,3.0,0.333,0.338,8.0,14.0,0.571,0.533,7.0,11.0,0.636,0.643,2.0,6.0,0.333,0.345,1.0,1.0,0.0,0.0,0.0,1.0,1.0,0.5,0.0,0.0,0.0,0.0,0.0,0.0,7.0,6.0,1.0,4.0,0.0,0.0,0.0,0.0,1.0,1.0,0.0,1.0,0.0,3.0,3.0,0.0,0.0,0.0,1.0,0.0,0.0
200794,Paul Millsap,1610612743,DEN,36.0,22.2,5,10,0.5,1,4,0.25,0,0,0.0,2,4,6,6,0,1,0,1,1,1,11,-13,0.15,116.9,144.4,0.14,0.25,0.0,45,0.083,0.55,81.98,120.0,100.11,0.0,0.375,98.38,145.7,37.5,-25.7,-27.5,0.185,0.55,0.185,0.0,9.0,0.0,0.273,16.0,22.0,0.273,0.0,21.0,6.0,0.0,0.0,0.0,0.0,0.0,0.0,0.0,0.0,0.0,0.0,1.0,1.0,0.0,0.0,0.0,1.0,0.0,1.0,7.0,34.0,1.1,2.0,0.857,2.01,0.0,0.0,23.0,0.324,0.91,3.0,5.4,5.0,5.0,2.0,0.0,0.667,0.0,0.5,0.5,0.8,9.0,1.0,1.0,3.0,0.0,2.0,0.5,0.5,0.667,4.0,0.8,0.5,6.2,0.0,0.0,0.1,0.0,0.0,0.0,0.0,1.0,0.0,0.1,0.0,1.0,,4.0,0.4,0.0,0.75,0.0,3.0,0.4,4.0,0.75,,3.0,0.75,0.0,2.0,2.0,0.0,0.0,0.2,0.0,0.0,,0.2,0.0,0.0,0.0,0.0,0.3,1.0,1.0,0.1,2.0,0.2,1.0,0.5,0.833,1.0,3.0,0.667,2.0,0.0,0.0,0.0,,,,0.0,0.0,0.0,1.0,2.0,0.0,0.55,0.25,0.6,3.0,6.0,0.0,0.0,0.0,0.0,0.5,2.0,3.0,0.333,0.0,0.0,0.0,0.0,1.0,3.0,0.0,1.0,1.0,0.0,1.0,0.0,0.0,0.0,4.0,0.75,127.0,76.0,0.357,0.598,0.633,-0.035,0.0,0.333,0.0,0.6,0.0,0.0,0.0,3.0,0.0,3.0,0.0,1.0,0.0,0.0,0.0,1.0,1.0,1.0,5.0,1.0,0.0,0.0,0.0,0.0,0.0,0.0,0.0,4.0,0.25,4.0,1.0,0.375,1.0,2021,22000668,20210324.0,2020-21,False,1.0,6.0,9.0,0.667,0.44,0.227,4.0,6.0,0.667,0.389,2.0,3.0,0.667,0.488,1.0,2.0,0.5,0.516,5.0,7.0,0.714,0.391,0.0,0.0,0.0,0.0,0.0,0.0,0.0,0.0,0.0,0.0,0.0,0.0,0.0,0.0,5.0,1.0,4.0,2.0,0.0,0.0,0.0,0.0,0.0,0.0,0.0,0.0,1.0,0.0,1.0,1.0,1.0,1.0,0.0,1.0,1.0
200794,Paul Millsap,1610612743,DEN,36.0,21.883333333333333,4,7,0.571,1,3,0.333,2,2,1.0,2,5,7,1,1,0,2,0,2,2,11,-11,0.171,100.3,119.2,0.133,0.238,10.0,40,0.1,0.698,74.94,102.5,92.7,1.0,0.077,89.93,123.8,10.0,-21.3,-18.9,0.198,0.643,0.196,10.1,3.0,0.0,0.08,2.0,25.0,0.04,1.0,23.0,2.0,1.0,2.0,0.5,1.0,0.0,0.25,0.0,0.0,0.0,0.0,0.0,4.0,0.0,0.0,0.5,0.0,2.0,0.0,4.0,38.0,1.7,0.0,0.5,2.68,0.0,2.0,23.0,0.289,1.89,2.0,4.4,7.0,4.0,4.0,0.0,0.636,0.0,0.5,0.5,0.714,11.0,1.0,1.0,5.0,0.0,1.0,0.5,0.2,0.636,4.0,0.714,0.286,5.4,,,,,,,,,,,,,,3.0,0.429,0.0,0.667,0.0,2.0,0.429,3.0,0.667,,2.0,0.667,0.0,1.0,1.0,1.5,1.0,0.143,1.0,0.0,,0.143,0.0,0.0,1.0,1.0,0.429,0.0,1.0,0.143,2.0,0.286,1.0,0.0,0.333,1.0,3.0,0.333,1.0,1.0,0.0,2.0,1.0,1.0,,0.0,1.0,0.0,0.0,0.0,0.0,0.643,0.333,0.0,3.0,2.0,0.0,,1.0,0.0,0.5,2.0,3.0,0.333,0.0,0.0,0.0,0.0,1.0,1.0,0.0,0.0,1.0,,0.0,,1.0,1.0,1.0,1.0,108.0,64.0,0.359,0.593,0.635,-0.042,0.0,0.333,,1.0,0.0,,0.0,3.0,1.0,2.0,0.0,0.0,,0.0,0.0,1.0,0.0,0.0,2.0,1.0,0.0,0.0,0.0,0.0,0.0,1.0,1.0,3.0,0.333,3.0,1.0,0.5,1.0,2021,22000580,20210312.0,2020-21,False,1.0,3.0,8.0,0.375,0.483,-0.108,2.0,4.0,0.5,0.33,1.0,4.0,0.25,0.541,1.0,4.0,0.25,0.577,2.0,4.0,0.5,0.328,0.0,0.0,0.0,0.0,0.0,0.0,2.0,1.0,0.0,0.0,0.0,0.0,0.0,0.0,6.0,3.0,3.0,3.0,0.0,1.0,3.0,1.0,0.0,1.0,1.0,0.0,1.0,1.0,2.0,2.0,1.0,0.5,0.5,1.0,0.5
200794,Paul Millsap,1610612743,DEN,36.0,24.28333333333333,3,13,0.231,0,3,0.0,0,0,0.0,3,3,6,2,0,1,0,3,2,0,6,17,0.098,103.8,74.7,0.017,0.103,0.0,55,0.094,0.231,90.6,107.3,111.72,0.0,0.105,108.72,76.4,13.3,30.9,29.1,0.197,0.231,0.194,0.0,5.0,0.0,0.095,5.0,21.0,0.095,0.0,24.0,2.0,0.0,2.0,0.0,0.0,0.0,0.0,0.333,0.0,0.0,1.0,0.333,3.0,0.0,0.0,0.0,1.0,0.0,0.0,5.0,35.0,1.3,0.0,0.0,2.28,1.0,2.0,26.0,0.171,1.06,3.0,9.0,3.0,14.1,2.0,0.0,0.6,0.0,0.667,0.429,1.0,10.0,2.0,1.0,3.0,0.0,1.0,0.429,0.333,0.6,7.0,1.0,0.5,3.8,1.0,0.0,0.077,0.0,0.0,1.0,1.0,1.0,1.0,0.077,1.0,1.0,,7.0,0.538,0.0,0.143,0.0,1.0,0.538,7.0,0.143,,1.0,0.143,0.0,3.0,1.0,0.333,0.0,0.231,1.0,1.0,0.5,0.077,0.154,2.0,0.333,0.0,0.154,0.0,0.0,0.0,2.0,0.154,,0.0,0.0,0.0,2.0,0.0,0.0,0.0,0.0,0.0,0.0,0.0,,0.0,2.0,2.0,0.0,0.0,0.5,0.231,0.25,0.0,2.0,0.0,0.0,0.0,0.333,0.0,0.25,4.0,3.0,0.0,0.0,0.0,0.0,0.0,1.0,1.0,0.0,0.0,0.0,0.0,0.0,0.0,3.0,1.0,3.0,0.333,185.0,113.0,0.378,0.611,0.628,-0.017,0.0,0.0,,0.5,,,0.0,2.0,0.5,2.0,0.0,0.0,,0.0,0.0,0.0,0.0,1.0,4.0,4.0,0.0,,,0.0,0.0,1.0,2.0,3.0,0.0,2.0,0.0,0.333,1.0,2021,22000995,20210505.0,2020-21,False,1.0,5.0,13.0,0.385,0.443,-0.059,0.0,5.0,0.0,0.405,5.0,8.0,0.625,0.461,5.0,6.0,0.833,0.526,0.0,5.0,0.0,0.401,1.0,2.0,0.0,0.0,0.0,1.0,0.0,0.0,0.0,0.0,0.0,0.0,0.0,0.0,8.0,4.0,4.0,1.0,0.0,1.0,3.0,0.0,1.0,1.0,0.0,1.0,0.0,0.0,0.0,0.0,0.0,0.0,0.0,0.0,0.0
200794,Paul Millsap,1610612743,DEN,36.0,29.883333333333333,5,8,0.625,2,5,0.4,2,3,0.667,2,3,5,1,2,1,3,0,4,5,14,-12,0.079,103.6,123.0,0.086,0.1,16.7,61,0.061,0.751,82.32,108.2,102.09,0.5,0.056,98.78,125.8,8.3,-17.6,-19.5,0.165,0.75,0.157,16.2,3.0,1.0,0.111,4.0,18.0,0.056,0.0,18.0,2.0,0.0,0.0,0.0,0.0,0.0,0.0,0.0,0.0,0.0,0.0,1.0,1.0,0.0,0.0,0.0,1.0,0.0,1.0,4.0,30.0,0.9,0.0,1.5,1.89,1.0,2.0,19.0,0.467,0.73,0.0,5.2,7.0,5.1,3.0,0.0,0.455,0.0,0.0,0.5,0.429,11.0,0.0,2.0,5.0,0.0,0.0,0.5,0.0,0.455,4.0,0.429,0.0,5.2,1.0,0.0,0.125,0.0,0.0,1.0,1.0,1.0,1.0,0.125,1.0,1.0,,2.0,0.25,0.0,1.0,0.0,2.0,0.25,2.0,1.0,,2.0,1.0,0.0,3.0,3.0,0.5,1.0,0.375,1.0,0.0,,0.375,0.0,0.0,0.333,0.333,0.25,1.0,0.0,0.0,2.0,0.25,,0.5,0.75,0.0,2.0,0.5,1.0,0.0,0.0,0.0,,,,0.0,0.0,2.0,0.0,0.0,1.0,0.75,0.4,1.0,6.0,6.0,0.5,0.0,0.0,0.0,1.0,2.0,3.0,0.333,1.0,1.0,1.0,1.0,2.0,1.0,0.0,1.0,1.0,0.0,2.0,0.0,0.0,0.0,1.0,1.0,82.0,51.0,0.336,0.622,0.638,-0.016,0.0,0.333,,1.0,,,0.0,3.0,0.0,2.0,0.0,1.0,,0.0,0.0,1.0,1.0,2.0,2.0,1.0,0.5,,,1.0,0.0,0.0,0.0,5.0,0.4,5.0,2.0,0.6,2.0,2021,22000373,20210208.0,2020-21,False,1.0,7.0,15.0,0.467,0.539,-0.072,1.0,4.0,0.25,0.369,6.0,11.0,0.545,0.639,4.0,9.0,0.444,0.71,1.0,4.0,0.25,0.381,1.0,1.0,0.0,0.0,0.0,1.0,1.0,0.5,0.0,0.0,0.0,0.0,0.0,0.0,10.0,8.0,2.0,2.0,0.0,0.0,0.0,2.0,0.0,2.0,1.0,0.0,2.0,2.0,4.0,3.0,1.0,0.5,0.5,1.0,0.333
200794,Paul Millsap,1610612743,DEN,36.0,23.183333333333334,4,7,0.571,2,4,0.5,2,2,1.0,3,1,4,4,1,3,1,0,1,1,12,0,0.074,98.5,93.0,0.163,0.04,7.7,57,0.103,0.761,98.35,96.5,119.05,4.0,0.25,118.02,96.5,30.8,0.0,5.5,0.146,0.714,0.145,7.8,5.0,0.0,0.185,10.0,27.0,0.148,1.0,23.0,5.0,0.0,2.0,2.0,2.0,0.0,0.0,0.0,0.0,0.0,0.0,0.0,2.0,0.0,0.0,1.0,0.0,4.0,2.0,5.0,38.0,1.3,0.0,0.4,2.09,0.0,2.0,26.0,0.316,0.87,2.0,7.2,4.0,6.5,0.0,1.0,0.444,1.0,0.333,0.6,0.333,9.0,1.0,2.0,2.0,0.0,1.0,0.6,1.0,0.5,5.0,0.25,0.5,7.4,1.0,0.0,0.143,0.0,0.0,1.0,1.0,1.0,1.0,0.143,1.0,1.0,,,,,,,,,,,,,,,5.0,4.0,0.8,2.0,0.714,3.0,1.0,1.0,0.571,0.143,1.0,0.6,0.5,0.143,0.0,0.0,0.143,0.0,0.0,0.0,,0.0,1.0,1.0,0.0,0.0,0.0,0.0,0.0,,,,0.0,0.0,0.0,0.0,0.0,0.0,0.714,0.5,0.0,6.0,2.0,0.0,0.0,0.0,0.0,0.0,0.0,4.0,0.5,0.0,0.0,0.0,0.0,0.0,2.0,0.0,0.0,2.0,0.0,0.0,0.0,0.0,0.0,3.0,0.667,51.0,35.0,0.352,0.686,0.618,0.069,0.0,0.5,,0.667,,,0.0,4.0,0.0,2.0,0.0,0.0,,0.0,0.0,2.0,0.0,0.0,3.0,0.0,0.0,,,0.0,0.0,0.0,0.0,4.0,0.5,4.0,2.0,0.75,2.0,2021,22000177,20210114.0,2020-21,False,1.0,5.0,12.0,0.417,0.467,-0.05,2.0,7.0,0.286,0.355,3.0,5.0,0.6,0.544,2.0,4.0,0.5,0.6,3.0,8.0,0.375,0.364,0.0,0.0,0.0,0.0,0.0,0.0,1.0,0.5,1.0,0.5,1.0,0.5,0.0,0.0,7.0,3.0,4.0,2.0,0.0,0.0,0.0,1.0,0.0,1.0,1.0,0.0,1.0,1.0,2.0,2.0,1.0,0.5,0.5,1.0,0.5
200794,Paul Millsap,1610612743,DEN,36.0,26.481666666666666,7,10,0.7,2,4,0.5,3,4,0.75,0,1,1,2,1,1,0,0,1,2,19,-3,0.023,133.9,128.5,0.122,0.042,6.7,50,0.0,0.808,77.03,138.0,97.48,2.0,0.095,92.44,138.5,13.3,-0.5,5.4,0.23,0.8,0.236,6.8,5.0,0.0,0.1,4.0,20.0,0.1,0.0,23.0,2.0,0.0,3.0,1.333,3.0,0.167,0.0,0.0,2.0,2.0,0.0,0.333,6.0,1.0,1.0,1.0,2.0,8.0,1.0,2.0,32.0,1.2,0.0,1.0,2.22,0.0,0.0,20.0,0.594,1.22,0.0,10.7,3.0,10.7,1.0,0.0,0.25,1.0,0.0,0.0,0.333,4.0,0.0,0.0,1.0,1.0,0.0,0.0,0.0,0.333,1.0,0.333,0.0,0.0,,,,,,,,,,,,,,6.0,0.6,0.0,0.833,0.0,5.0,0.6,6.0,0.833,,5.0,0.833,0.0,1.0,1.0,0.0,0.0,0.1,0.0,0.0,,0.1,0.0,0.0,0.0,0.0,0.3,2.0,0.0,0.0,3.0,0.3,,0.667,1.0,0.0,3.0,0.667,2.0,1.0,0.0,2.0,1.0,1.0,,0.0,1.0,0.0,0.0,0.0,0.0,0.8,0.6,1.0,8.0,2.0,0.0,0.0,0.0,0.0,0.667,3.0,4.0,0.5,0.0,0.0,0.0,0.0,2.0,3.0,0.0,0.0,2.0,0.0,0.0,0.0,0.0,0.0,3.0,1.0,187.0,115.0,0.375,0.615,0.627,-0.012,0.0,0.5,,1.0,0.0,,0.0,2.0,1.0,3.0,0.0,0.5,,0.0,0.0,1.0,1.0,2.0,3.0,2.0,0.5,0.0,0.0,1.0,0.0,1.0,1.0,5.0,0.5,4.0,2.0,0.8,3.0,2021,22001008,20210507.0,2020-21,False,1.0,6.0,10.0,0.6,0.441,0.159,2.0,4.0,0.5,0.338,4.0,6.0,0.667,0.526,2.0,3.0,0.667,0.562,4.0,6.0,0.667,0.332,0.0,0.0,0.0,0.0,0.0,0.0,0.0,0.0,0.0,0.0,0.0,0.0,0.0,0.0,1.0,0.0,1.0,3.0,0.0,3.0,7.0,0.0,0.0,0.0,0.0,0.0,0.0,0.0,0.0,0.0,0.0,0.0,0.0,0.0,0.0
200794,Paul Millsap,1610612743,DEN,36.0,20.3,4,7,0.571,0,1,0.0,0,0,0.0,0,3,3,4,0,3,1,0,1,1,8,14,0.075,126.4,97.0,0.141,0.143,0.0,45,0.0,0.571,86.7,124.4,103.61,0.0,0.2,104.04,97.7,36.4,26.8,29.4,0.142,0.571,0.14,0.0,4.0,0.0,0.2,9.0,20.0,0.2,0.0,18.0,4.0,0.0,0.0,0.0,0.0,0.0,0.0,1.0,0.0,0.0,1.0,1.0,1.0,0.0,0.0,0.0,1.0,0.0,1.0,4.0,28.0,1.2,0.0,1.5,2.62,0.0,2.0,16.0,0.286,1.82,1.0,6.0,5.0,6.0,2.0,0.0,0.333,1.0,0.0,0.0,0.6,9.0,0.0,0.0,2.0,1.0,1.0,0.0,0.333,0.375,4.0,0.6,0.333,0.0,,,,,,,,,,,,,,4.0,0.571,0.0,1.0,0.0,4.0,0.571,4.0,1.0,,4.0,1.0,0.0,2.0,1.0,0.0,0.0,0.286,0.0,0.0,0.0,0.143,0.143,1.0,0.0,0.0,0.143,0.0,0.0,0.143,0.0,0.0,0.0,,0.0,1.0,1.0,0.0,0.0,0.0,0.0,0.0,0.0,0.0,,0.0,1.0,0.0,0.0,0.0,0.0,0.571,0.0,1.0,0.0,6.0,0.0,,0.0,0.0,0.0,1.0,1.0,0.0,0.0,0.0,0.0,0.0,0.0,4.0,0.0,0.0,0.0,,0.0,,1.0,0.0,4.0,1.0,115.0,67.0,0.359,0.583,0.636,-0.053,1.0,0.0,,1.0,,,,1.0,0.0,4.0,,0.0,,,0.0,0.0,0.0,0.0,4.0,1.0,0.0,,,0.0,0.0,0.0,0.0,1.0,0.0,1.0,0.0,0.0,0.0,2021,22000624,20210317.0,2020-21,False,,,,,,,,,,,,,,,,,,,,,,,0.0,1.0,0.0,0.0,0.0,0.0,1.0,0.5,1.0,0.5,0.0,0.0,0.0,0.0,3.0,2.0,1.0,3.0,1.0,0.0,0.0,0.0,0.0,0.0,0.0,0.0,0.0,0.0,0.0,0.0,0.0,0.0,0.0,0.0,0.0
200794,Paul Millsap,1610612743,DEN,36.0,21.86833333333333,3,5,0.6,1,2,0.5,1,2,0.5,0,1,1,0,0,0,0,1,4,2,8,-10,0.024,95.1,121.1,0.026,0.059,0.0,45,0.0,0.68,81.4,97.8,99.74,0.0,0.0,97.68,122.7,0.0,-24.9,-26.0,0.117,0.7,0.115,0.0,0.0,0.0,0.0,0.0,14.0,0.0,0.0,15.0,0.0,0.0,1.0,0.0,0.0,0.0,0.0,0.0,0.0,0.0,0.0,0.0,1.0,0.0,0.0,0.0,0.0,0.0,1.0,1.0,20.0,0.8,0.0,2.0,2.29,0.0,1.0,14.0,0.4,1.05,0.0,2.3,2.0,2.3,1.0,0.0,0.2,0.0,0.0,0.0,0.5,5.0,0.0,0.0,1.0,0.0,0.0,0.0,0.0,0.2,3.0,0.5,0.0,0.0,,,,,,,,,,,,,,1.0,0.2,0.0,0.0,0.0,0.0,0.2,1.0,0.0,,0.0,0.0,0.0,3.0,1.0,1.167,1.0,0.6,3.0,2.0,1.0,0.2,0.4,2.0,1.0,1.0,0.2,0.0,0.0,0.0,1.0,0.2,,0.0,0.0,0.0,1.0,0.0,0.0,0.0,0.0,0.0,,,,0.0,0.0,0.0,0.0,0.0,0.0,0.7,0.5,1.0,3.0,2.0,0.0,0.0,0.0,0.0,0.0,1.0,2.0,0.5,0.0,0.0,0.0,0.0,0.0,2.0,0.0,0.0,1.0,0.0,0.0,0.0,0.0,0.0,2.0,1.0,6.0,6.0,0.24,1.0,0.638,0.362,0.0,0.5,0.0,1.0,,0.0,0.0,2.0,0.0,2.0,0.0,0.0,0.0,0.0,0.0,1.0,0.0,0.0,2.0,1.0,0.0,,,0.0,0.0,0.0,0.0,2.0,0.5,2.0,1.0,0.75,1.0,2021,22000009,20201225.0,2020-21,False,1.0,6.0,9.0,0.667,0.493,0.173,3.0,4.0,0.75,0.394,3.0,5.0,0.6,0.578,,,,,5.0,8.0,0.625,0.412,0.0,0.0,0.0,0.0,0.0,0.0,1.0,1.0,0.0,0.0,0.0,0.0,0.0,0.0,6.0,3.0,3.0,2.0,0.0,0.0,0.0,1.0,0.0,1.0,1.0,0.0,0.0,0.0,0.0,0.0,0.0,0.0,0.0,0.0,0.0
200794,Paul Millsap,1610612743,DEN,36.0,18.641666666666666,2,9,0.222,0,3,0.0,1,1,1.0,1,6,7,5,1,3,0,1,3,2,5,8,0.189,99.2,83.7,0.167,0.353,6.7,37,0.05,0.265,80.46,105.4,98.31,5.0,0.385,96.56,81.6,33.3,23.8,15.5,0.259,0.222,0.25,6.5,6.0,0.0,0.143,12.0,35.0,0.143,0.0,29.0,5.0,0.0,3.0,0.75,1.0,0.0,0.0,0.0,0.0,0.0,0.0,0.25,4.0,0.0,0.0,0.333,1.0,3.0,2.0,1.0,45.0,1.7,0.0,2.0,2.26,0.0,5.0,29.0,0.111,1.27,2.0,6.5,9.0,6.0,4.0,2.0,0.636,2.0,0.0,0.25,0.857,11.0,0.0,1.0,5.0,0.0,2.0,0.25,0.333,0.778,4.0,0.667,0.286,9.7,0.0,0.0,0.111,0.0,0.0,0.0,0.0,1.0,0.0,0.111,0.0,1.0,,5.0,0.556,0.0,0.4,0.0,2.0,0.556,5.0,0.4,,2.0,0.4,0.0,,,,,,,,,,,,,,0.333,0.0,0.0,0.0,3.0,0.333,,0.0,0.0,0.0,3.0,0.0,0.0,0.0,0.0,0.0,0.0,0.0,,0.0,2.0,0.0,0.0,0.0,0.0,0.222,0.0,1.0,0.0,2.0,0.0,0.0,0.0,0.0,0.333,3.0,3.0,0.0,0.0,0.0,0.0,0.0,1.0,1.0,0.0,0.0,0.0,0.0,0.0,0.0,1.0,0.0,2.0,0.5,195.0,120.0,0.376,0.615,0.627,-0.011,0.0,0.0,0.0,0.5,0.0,0.0,0.0,2.0,0.0,1.0,0.0,0.333,0.0,0.0,0.0,0.0,1.0,1.0,2.0,3.0,0.0,0.0,0.0,0.0,0.0,0.0,1.0,3.0,0.0,3.0,0.0,0.0,0.0,2021,22001052,20210513.0,2020-21,False,1.0,1.0,6.0,0.167,0.489,-0.323,0.0,3.0,0.0,0.375,1.0,3.0,0.333,0.56,1.0,3.0,0.333,0.593,0.0,3.0,0.0,0.376,0.0,2.0,0.0,0.0,0.0,0.0,3.0,0.6,1.0,0.2,0.0,0.0,0.0,0.0,3.0,0.0,3.0,5.0,0.0,1.0,3.0,1.0,1.0,2.0,0.5,0.5,0.0,2.0,2.0,2.0,2.0,0.0,1.0,1.0,1.0
200794,Paul Millsap,1610612743,DEN,36.0,16.546666666666667,3,6,0.5,0,0,0.0,2,2,1.0,3,4,7,3,0,1,0,3,0,3,8,23,0.212,134.6,76.3,0.232,0.235,0.0,34,0.188,0.581,80.98,144.1,102.23,0.0,0.2,97.18,78.8,30.0,65.3,58.3,0.17,0.5,0.175,0.0,6.0,0.0,0.15,8.0,20.0,0.15,0.0,18.0,3.0,0.0,4.0,0.4,1.0,0.0,0.0,0.0,0.0,0.0,0.0,0.2,5.0,0.0,0.0,0.25,1.0,2.0,2.0,2.0,30.0,1.7,1.0,1.0,3.32,1.0,2.0,20.0,0.267,2.47,3.0,5.3,6.0,3.1,3.0,0.0,0.7,0.0,0.667,0.6,0.667,10.0,2.0,1.0,4.0,0.0,1.0,0.6,0.25,0.7,5.0,0.667,0.429,8.3,,,,,,,,,,,,,,5.0,0.833,0.0,0.4,0.0,2.0,0.833,5.0,0.4,,2.0,0.4,0.0,1.0,0.0,1.0,0.0,0.167,1.0,1.0,1.0,0.0,0.167,1.0,1.0,,,,,,,,,,,,,,,0.0,,0.0,0.0,0.0,,,1.0,2.0,1.0,2.0,1.0,0.5,0.0,0.0,0.0,2.0,0.0,0.0,0.0,0.0,0.6,5.0,0.0,0.0,0.0,0.0,0.0,0.0,3.0,0.0,0.0,0.0,0.0,0.0,0.0,0.0,1.0,0.0,0.0,0.0,177.0,107.0,0.378,0.605,0.631,-0.027,0.0,0.0,,0.0,0.0,,0.0,0.0,0.0,0.0,0.0,0.75,,0.0,0.0,0.0,3.0,0.0,0.0,4.0,0.0,0.0,0.0,0.0,0.0,0.0,2.0,0.0,,,,,0.0,2021,22000948,20210429.0,2020-21,False,1.0,2.0,6.0,0.333,0.461,-0.128,1.0,3.0,0.333,0.323,1.0,3.0,0.333,0.544,1.0,2.0,0.5,0.578,1.0,4.0,0.25,0.35,1.0,1.0,0.0,0.0,0.0,1.0,0.0,0.0,0.0,0.0,0.0,0.0,0.0,0.0,3.0,1.0,2.0,4.0,1.0,0.0,0.0,2.0,1.0,3.0,0.667,0.333,1.0,1.0,2.0,2.0,2.0,0.5,0.5,1.0,1.0
200794,Paul Millsap,1610612743,DEN,36.0,13.3,2,4,0.5,1,1,1.0,0,0,0.0,1,2,3,2,0,0,0,0,3,0,5,-3,0.1,87.0,106.0,0.11,0.125,0.0,26,0.071,0.625,76.69,88.5,91.96,0.0,0.286,92.03,104.0,33.3,-15.5,-19.0,0.146,0.625,0.138,0.0,2.0,0.0,0.167,6.0,12.0,0.167,0.0,10.0,2.0,0.0,0.0,0.0,0.0,0.0,0.0,0.0,0.0,0.0,0.0,0.0,0.0,0.0,0.0,0.0,0.0,0.0,1.0,3.0,17.0,0.6,2.0,0.0,1.95,0.0,1.0,11.0,0.294,0.41,1.0,5.9,4.0,5.8,2.0,0.0,0.375,0.0,1.0,0.25,0.5,8.0,1.0,0.0,2.0,0.0,0.0,0.25,0.0,0.375,4.0,0.5,0.333,6.1,,,,,,,,,,,,,,2.0,0.5,0.0,0.5,0.0,1.0,0.5,2.0,0.5,,1.0,0.5,0.0,1.0,0.0,0.0,0.0,0.25,0.0,0.0,0.0,0.0,0.25,1.0,0.0,,0.25,1.0,0.0,0.0,1.0,0.25,,1.0,1.5,0.0,1.0,1.0,1.0,0.0,0.0,0.0,0.0,0.0,,0.0,1.0,0.0,1.0,2.0,0.0,0.625,1.0,0.0,3.0,0.0,1.0,,0.0,0.0,0.0,0.0,0.0,0.0,1.0,1.0,1.0,1.0,0.0,1.0,0.0,0.0,0.0,,1.0,,1.0,0.0,2.0,0.5,139.0,83.0,0.355,0.597,0.635,-0.038,0.0,0.0,,0.5,0.0,,,0.0,0.0,1.0,,0.0,,,0.0,0.0,0.0,1.0,2.0,0.0,1.0,0.0,0.0,1.0,0.0,0.0,1.0,1.0,1.0,1.0,1.0,1.5,1.0,2021,22000736,20210401.0,2020-21,False,1.0,3.0,11.0,0.273,0.489,-0.216,0.0,3.0,0.0,0.396,3.0,8.0,0.375,0.573,3.0,5.0,0.6,0.643,0.0,5.0,0.0,0.411,0.0,1.0,0.0,0.0,0.0,0.0,0.0,0.0,0.0,0.0,0.0,0.0,0.0,0.0,5.0,3.0,2.0,1.0,0.0,1.0,2.0,0.0,0.0,0.0,0.0,0.0,0.0,0.0,0.0,0.0,0.0,0.0,0.0,0.0,0.0
200794,Paul Millsap,1610612743,DEN,36.0,21.416666666666668,3,9,0.333,2,6,0.333,2,3,0.667,0,5,5,0,1,2,0,0,2,2,10,0,0.125,107.4,110.4,0.086,0.278,9.1,40,0.0,0.484,75.64,110.0,90.55,0.0,0.0,90.77,107.3,0.0,2.7,-3.0,0.258,0.444,0.25,8.8,2.0,0.0,0.0,0.0,19.0,0.0,0.0,21.0,0.0,0.0,2.0,0.0,0.0,0.0,0.0,0.0,0.0,0.0,0.0,0.0,2.0,0.0,0.0,0.0,0.0,0.0,0.0,0.0,30.0,1.1,0.0,0.0,2.14,1.5,2.0,21.0,0.333,1.3,2.0,5.0,6.0,5.0,3.0,0.0,0.556,0.0,0.0,0.0,0.833,9.0,0.0,0.0,3.0,0.0,2.0,0.0,0.4,0.556,4.0,0.833,0.4,0.0,1.0,0.0,0.111,0.0,0.0,1.0,1.0,1.0,1.0,0.111,1.0,1.0,,2.0,0.222,1.0,0.0,0.111,1.0,0.333,3.0,0.5,1.0,0.0,0.333,1.0,1.0,1.0,0.0,0.0,0.111,0.0,0.0,,0.111,0.0,0.0,0.0,0.0,0.444,1.0,0.0,0.0,4.0,0.444,,0.25,0.375,0.0,4.0,0.25,1.0,0.0,0.0,0.0,,,,0.0,0.0,3.0,0.0,0.0,1.0,0.444,0.333,0.0,6.0,0.0,1.0,0.0,0.0,1.0,0.0,1.0,5.0,0.2,0.0,1.0,0.0,0.0,0.0,1.0,1.0,1.0,1.0,0.0,1.0,0.0,0.0,0.0,2.0,0.5,44.0,31.0,0.355,0.705,0.614,0.09,0.0,0.333,,0.5,,,0.0,3.0,0.0,1.0,0.0,0.0,,0.0,0.0,1.0,0.0,3.0,2.0,1.0,0.333,,,1.0,0.0,0.0,0.0,6.0,0.333,6.0,2.0,0.5,2.0,2021,22000144,20210110.0,2020-21,False,1.0,8.0,10.0,0.8,0.442,0.358,1.0,1.0,1.0,0.405,7.0,9.0,0.778,0.474,3.0,4.0,0.75,0.521,4.0,5.0,0.8,0.406,1.0,1.0,0.0,0.0,0.0,1.5,1.0,0.5,0.0,0.0,0.0,0.0,0.0,0.0,4.0,4.0,0.0,4.0,0.0,0.0,0.0,0.0,0.0,0.0,0.0,0.0,0.0,1.0,1.0,1.0,0.0,0.0,1.0,1.0,0.0
200794,Paul Millsap,1610612743,DEN,36.0,28.626666666666665,1,6,0.167,0,2,0.0,3,3,1.0,2,3,5,4,2,2,0,1,1,1,5,5,0.094,113.9,108.7,0.055,0.107,15.4,59,0.08,0.342,81.74,113.6,97.15,2.0,0.16,98.09,106.9,30.8,6.7,5.2,0.151,0.167,0.141,15.0,3.0,0.0,0.138,9.0,29.0,0.138,0.0,24.0,4.0,2.0,0.0,0.0,0.0,0.0,0.667,0.333,0.0,0.0,1.0,0.333,3.0,0.0,0.0,0.0,1.0,0.0,0.0,1.0,38.0,1.4,0.0,0.0,2.19,0.0,1.0,22.0,0.132,0.87,3.0,5.3,7.0,5.4,2.0,2.0,0.455,2.0,1.0,0.5,0.6,11.0,2.0,0.0,2.0,0.0,1.0,0.5,0.333,0.556,4.0,0.429,0.6,5.2,,,,,,,,,,,,,,4.0,0.667,0.0,0.25,0.0,1.0,0.667,4.0,0.25,,1.0,0.25,0.0,,,,,,,,,,,,,,0.333,0.0,0.0,0.0,2.0,0.333,,0.0,0.0,0.0,2.0,0.0,0.0,0.0,0.0,0.0,,,,0.0,0.0,0.0,0.0,0.0,0.0,0.167,0.0,0.0,0.0,0.0,0.0,0.0,0.0,0.0,0.0,1.0,2.0,0.0,0.0,0.0,0.0,0.0,0.0,1.0,0.0,0.0,0.0,0.0,0.0,0.0,1.0,0.0,2.0,0.5,37.0,27.0,0.374,0.73,0.618,0.111,0.0,0.0,,0.5,0.0,,0.0,2.0,0.0,1.0,0.0,0.0,,0.0,0.0,0.0,0.0,0.0,2.0,2.0,0.0,0.0,0.0,0.0,0.0,0.0,0.0,2.0,0.0,2.0,0.0,0.0,0.0,2021,22000120,20210107.0,2020-21,False,1.0,3.0,11.0,0.273,0.445,-0.172,1.0,6.0,0.167,0.365,2.0,5.0,0.4,0.503,2.0,3.0,0.667,0.565,1.0,7.0,0.143,0.383,0.0,1.0,0.0,0.0,0.0,0.0,0.0,0.0,0.0,0.0,0.0,0.0,0.0,0.0,4.0,1.0,3.0,1.0,0.0,1.0,3.0,0.0,1.0,1.0,0.0,1.0,1.0,1.0,2.0,2.0,1.0,0.5,0.5,1.0,0.5
200794,Paul Millsap,1610612743,DEN,36.0,12.555,4,6,0.667,1,3,0.333,0,1,0.0,0,1,1,1,1,0,1,0,1,2,9,-12,0.042,102.1,145.7,0.088,0.091,12.5,25,0.0,0.699,79.65,108.0,101.7,1.0,0.125,95.58,156.0,12.5,-48.0,-43.6,0.271,0.75,0.25,11.8,1.0,0.0,0.154,2.0,13.0,0.077,1.0,10.0,2.0,0.0,1.0,2.0,1.0,0.0,0.0,0.0,0.0,0.0,0.0,0.0,1.0,0.0,0.0,1.0,0.0,2.0,1.0,1.0,20.0,0.8,2.0,2.0,2.43,0.0,0.0,10.0,0.45,1.2,0.0,5.7,1.0,5.7,1.0,0.0,0.333,0.0,0.0,0.0,1.0,3.0,0.0,0.0,1.0,0.0,0.0,0.0,0.0,0.333,2.0,1.0,0.0,0.0,1.0,0.0,0.167,0.0,0.0,1.0,1.0,1.0,1.0,0.167,1.0,1.0,,1.0,0.167,0.0,1.0,0.0,1.0,0.167,1.0,1.0,,1.0,1.0,0.0,1.0,0.0,1.0,0.0,0.167,1.0,1.0,1.0,0.0,0.167,1.0,1.0,,0.5,1.0,0.0,0.0,3.0,0.5,,0.333,0.5,0.0,3.0,0.333,1.0,1.0,0.0,2.0,1.0,1.0,,0.0,1.0,0.0,1.0,2.0,0.0,0.75,0.333,1.0,3.0,2.0,0.0,0.0,0.0,0.0,1.0,1.0,3.0,0.333,0.0,0.0,0.0,0.0,1.0,2.0,0.0,0.0,1.0,0.0,0.0,0.0,0.0,0.0,2.0,1.0,13.0,7.0,0.52,0.538,0.568,-0.03,0.0,0.5,,1.0,,,0.0,2.0,1.0,2.0,0.0,0.0,,0.0,0.0,1.0,0.0,1.0,2.0,0.0,0.0,,,0.0,0.0,1.0,1.0,3.0,0.333,3.0,1.0,0.5,1.0,2021,42000231,20210607.0,2020-21,True,1.0,2.0,7.0,0.286,0.459,-0.174,1.0,3.0,0.333,0.384,1.0,4.0,0.25,0.506,1.0,3.0,0.333,0.539,1.0,3.0,0.333,0.399,0.0,0.0,0.0,0.0,0.0,0.0,0.0,0.0,0.0,0.0,0.0,0.0,0.0,0.0,3.0,1.0,2.0,0.0,0.0,2.0,5.0,0.0,0.0,0.0,0.0,0.0,1.0,0.0,1.0,1.0,0.0,1.0,0.0,1.0,0.0
200794,Paul Millsap,1610612743,DEN,36.0,11.816666666666666,1,5,0.2,0,1,0.0,0,0,0.0,1,0,1,0,1,1,0,0,4,0,2,-23,0.033,41.1,117.8,-0.239,0.0,16.7,23,0.05,0.2,79.55,39.1,99.6,0.0,0.0,95.46,133.3,0.0,-94.2,-76.7,0.215,0.2,0.207,16.7,3.0,0.0,0.067,0.0,15.0,0.0,1.0,13.0,1.0,0.0,1.0,0.0,0.0,0.0,0.0,0.0,0.0,0.0,0.0,0.0,1.0,0.0,0.0,0.0,0.0,0.0,4.0,1.0,21.0,0.8,0.5,0.0,2.18,0.0,0.0,13.0,0.095,1.29,0.0,9.0,2.0,0.0,0.0,0.0,0.143,0.0,0.0,0.2,0.0,7.0,0.0,1.0,1.0,0.0,0.0,0.2,0.0,0.143,5.0,0.0,0.0,9.0,,,,,,,,,,,,,,3.0,0.6,0.0,0.333,0.0,1.0,0.6,3.0,0.333,,1.0,0.333,0.0,1.0,0.0,0.0,0.0,0.2,0.0,0.0,0.0,0.0,0.2,1.0,0.0,,0.2,0.0,0.0,0.0,1.0,0.2,,0.0,0.0,0.0,1.0,0.0,0.0,0.0,0.0,0.0,0.0,0.0,,0.0,1.0,0.0,0.5,2.0,0.0,0.2,0.0,0.0,0.0,0.0,0.0,,0.0,,1.0,1.0,1.0,0.0,0.0,0.0,0.0,0.0,1.0,0.0,,,0.0,,0.0,,2.0,0.0,1.0,0.0,147.0,89.0,0.353,0.605,0.634,-0.029,1.0,0.0,,0.0,,,,1.0,0.0,0.0,,1.0,,,0.0,0.0,1.0,0.0,1.0,1.0,0.0,,,0.0,0.0,0.0,1.0,2.0,0.0,1.0,0.0,0.0,0.0,2021,22000806,20210411.0,2020-21,False,1.0,5.0,8.0,0.625,0.453,0.172,0.0,2.0,0.0,0.356,5.0,6.0,0.833,0.512,5.0,5.0,1.0,0.553,0.0,2.0,0.0,0.356,0.0,0.0,0.0,0.0,0.0,0.0,0.0,0.0,0.0,0.0,0.0,0.0,0.0,0.0,4.0,3.0,1.0,3.0,0.0,0.0,0.0,0.0,0.0,0.0,0.0,0.0,0.0,1.0,1.0,1.0,0.0,0.0,1.0,1.0,0.0
200794,Paul Millsap,1610612743,DEN,36.0,18.55,5,9,0.556,2,3,0.667,0,0,0.0,2,3,5,2,2,0,1,0,2,0,12,7,0.147,124.9,104.9,0.127,0.188,15.4,34,0.111,0.667,74.39,126.5,88.96,1.0,0.167,89.27,102.9,15.4,23.6,20.0,0.272,0.667,0.275,15.4,3.0,0.0,0.077,6.0,26.0,0.077,0.0,23.0,2.0,0.0,0.0,0.0,0.0,0.0,0.0,0.0,0.0,0.0,0.0,0.0,0.0,0.0,0.0,0.0,0.0,0.0,4.0,3.0,35.0,1.2,0.5,1.333,2.05,0.5,4.0,21.0,0.343,0.89,4.0,3.5,4.0,4.9,1.0,1.0,0.714,1.0,1.0,0.667,1.0,7.0,2.0,0.0,1.0,0.0,2.0,0.667,0.667,0.833,3.0,0.75,0.8,1.3,0.333,0.0,0.333,0.0,0.0,1.0,1.0,3.0,0.333,0.333,0.333,3.0,,2.0,0.222,1.0,0.5,0.111,1.0,0.333,3.0,0.333,0.0,1.0,0.333,0.0,1.0,0.0,1.0,0.0,0.111,1.0,1.0,1.0,0.0,0.111,1.0,1.0,,0.222,2.0,0.0,0.0,2.0,0.222,,1.0,1.5,0.0,2.0,1.0,2.0,1.0,0.0,2.0,1.0,1.0,,0.0,1.0,2.0,0.5,2.0,0.5,0.667,0.667,0.667,6.0,4.0,0.0,0.0,1.0,0.0,0.5,2.0,3.0,0.667,0.0,0.0,0.0,0.0,1.0,1.0,0.0,0.0,2.0,0.0,0.0,0.0,1.0,1.0,3.0,0.333,143.0,85.0,0.357,0.594,0.635,-0.04,1.0,1.0,,0.25,,,0.0,2.0,0.0,1.0,0.0,1.0,,0.0,1.0,2.0,1.0,1.0,4.0,1.0,0.0,,,0.0,1.0,0.0,0.0,3.0,0.667,3.0,2.0,1.0,2.0,2021,22000321,20210406.0,2020-21,False,1.0,3.0,9.0,0.333,0.488,-0.154,0.0,2.0,0.0,0.382,3.0,7.0,0.429,0.536,3.0,6.0,0.5,0.592,0.0,3.0,0.0,0.371,1.0,2.0,0.0,0.0,0.0,0.5,2.0,0.5,0.0,0.0,0.0,0.0,0.0,0.0,5.0,5.0,0.0,1.0,0.0,1.0,3.0,0.0,0.0,0.0,0.0,0.0,0.0,3.0,3.0,2.0,1.0,0.0,1.0,1.0,0.5
200794,Paul Millsap,1610612743,DEN,36.0,22.78333333333333,1,2,0.5,0,1,0.0,6,8,0.75,1,4,5,2,0,0,1,0,1,4,8,7,0.135,125.9,111.2,0.107,0.222,0.0,46,0.053,0.725,79.01,123.9,95.06,0.0,0.095,94.81,113.6,25.0,10.3,14.7,0.114,0.5,0.122,0.0,1.0,0.0,0.111,4.0,18.0,0.111,0.0,10.0,2.0,0.0,0.0,2.0,0.0,1.0,0.0,0.0,2.0,2.0,0.0,0.0,1.0,1.0,1.0,0.0,0.0,2.0,0.0,3.0,24.0,1.0,0.0,1.333,2.48,1.0,2.0,10.0,0.333,1.5,1.0,6.9,4.0,6.0,3.0,0.0,0.833,0.0,0.0,0.5,1.0,6.0,0.0,1.0,4.0,0.0,1.0,0.5,0.25,0.833,2.0,1.0,0.2,10.3,,,,,,,,,,,,,,1.0,0.5,0.0,1.0,0.0,1.0,0.5,1.0,1.0,,1.0,1.0,0.0,,,,,,,,,,,,,,0.5,0.0,0.0,0.0,1.0,0.5,,0.0,0.0,0.0,1.0,0.0,0.0,0.0,0.0,0.0,,,,0.0,0.0,2.0,0.0,0.0,0.0,0.5,0.0,1.0,0.0,4.0,0.0,0.0,0.0,,0.0,0.0,1.0,0.0,0.0,0.0,0.0,0.0,0.0,1.0,,,0.0,0.0,0.0,0.0,0.0,0.0,1.0,1.0,67.0,43.0,0.321,0.642,0.621,0.021,0.0,0.0,,1.0,0.0,,0.0,0.0,0.0,1.0,0.0,0.0,,0.0,0.0,0.0,0.0,1.0,1.0,0.0,0.0,0.0,0.0,0.0,0.0,0.0,0.0,1.0,0.0,1.0,0.0,0.0,0.0,2021,22000296,20210129.0,2020-21,False,1.0,5.0,10.0,0.5,0.469,0.031,1.0,3.0,0.333,0.322,4.0,7.0,0.571,0.512,3.0,4.0,0.75,0.536,1.0,5.0,0.2,0.393,0.0,0.0,2.0,2.0,1.0,1.0,1.0,0.5,1.0,0.5,0.0,0.0,1.0,0.5,4.0,2.0,2.0,0.0,0.0,1.0,2.0,0.0,0.0,0.0,0.0,0.0,0.0,0.0,0.0,0.0,0.0,0.0,0.0,0.0,0.0
200794,Paul Millsap,1610612743,DEN,36.0,11.55,4,8,0.5,3,5,0.6,0,2,0.0,2,4,6,2,3,0,2,0,3,1,11,-11,0.214,97.4,150.9,0.14,0.364,21.4,25,0.118,0.619,84.85,96.0,99.41,0.67,0.5,101.82,145.8,14.3,-49.8,-53.5,0.401,0.688,0.387,21.6,3.0,0.0,0.087,5.0,23.0,0.087,0.0,21.0,2.0,1.0,2.0,0.0,0.0,0.25,0.25,0.0,2.0,0.0,0.0,0.0,4.0,0.0,1.0,0.0,0.0,0.0,0.0,2.0,36.0,1.4,0.0,1.0,2.29,0.0,2.0,21.0,0.306,1.11,2.0,3.3,5.0,2.3,3.0,1.0,0.75,1.0,0.5,0.667,1.0,8.0,1.0,1.0,4.0,0.0,1.0,0.667,0.25,0.857,3.0,0.8,0.333,5.2,,,,,,,,,,,,,,2.0,0.25,0.0,0.5,0.0,1.0,0.25,2.0,0.5,,1.0,0.5,0.0,4.0,3.0,1.125,3.0,0.5,3.0,0.0,0.0,0.375,0.125,1.0,0.75,1.0,0.25,0.0,0.0,0.0,2.0,0.25,,0.0,0.0,0.0,2.0,0.0,0.0,0.0,0.0,0.0,,,,0.0,0.0,0.0,0.0,0.0,0.0,0.688,0.6,1.0,9.0,2.0,0.0,,0.0,,0.0,2.0,5.0,0.6,0.0,0.0,0.0,0.0,0.0,1.0,,,3.0,,0.0,,0.0,0.0,1.0,1.0,15.0,8.0,0.5,0.533,0.576,-0.043,0.0,0.5,,0.5,,,,4.0,0.0,1.0,,0.0,,,0.0,2.0,0.0,1.0,2.0,1.0,1.0,,,1.0,0.0,0.0,0.0,5.0,0.6,5.0,3.0,0.9,3.0,2021,42000232,20210609.0,2020-21,True,1.0,1.0,5.0,0.2,0.467,-0.267,,,,,1.0,5.0,0.2,0.529,1.0,3.0,0.333,0.57,,,,,0.0,0.0,0.0,0.0,0.0,0.0,1.0,0.5,1.0,0.5,1.0,0.5,0.0,0.0,5.0,5.0,0.0,0.0,0.0,2.0,6.0,1.0,0.0,1.0,1.0,0.0,1.0,1.0,2.0,1.0,1.0,0.5,0.5,1.0,1.0
200794,Paul Millsap,1610612743,DEN,36.0,5.583333333333333,0,4,0.0,0,1,0.0,0,0,0.0,0,0,0,0,0,0,0,0,1,1,0,-7,0.0,64.3,141.7,-0.333,0.0,0.0,11,0.0,0.0,75.22,63.6,89.24,0.0,0.0,90.27,140.0,0.0,-76.4,-77.4,0.269,0.0,0.267,0.0,0.0,0.0,0.0,0.0,11.0,0.0,0.0,11.0,0.0,0.0,0.0,0.0,0.0,0.0,0.0,0.0,0.0,0.0,0.0,0.0,0.0,0.0,0.0,0.0,0.0,0.0,2.0,0.0,15.0,0.4,0.0,0.0,1.54,0.0,1.0,9.0,0.0,0.47,,,,,,,,,,,,,,,,,,,,,,,,,0.0,0.0,0.25,0.0,0.0,0.0,0.0,1.0,0.0,0.25,0.0,1.0,,1.0,0.25,0.0,0.0,0.0,0.0,0.25,1.0,0.0,,0.0,0.0,0.0,,,,,,,,,,,,,,0.5,0.0,0.0,0.25,1.0,0.25,0.0,0.0,0.0,1.0,2.0,0.0,0.0,0.0,0.0,0.0,,,,0.0,0.0,0.0,0.0,0.0,0.0,0.0,0.0,0.0,0.0,0.0,0.0,0.0,0.0,0.0,0.0,0.0,1.0,0.0,,0.0,,,0.0,0.0,0.0,0.0,0.0,0.0,0.0,0.0,2.0,0.0,1.0,0.0,139.0,83.0,0.355,0.597,0.635,-0.038,0.0,0.0,,0.0,,,0.0,1.0,0.0,0.0,0.0,0.0,,0.0,0.0,0.0,0.0,0.0,1.0,1.0,0.0,,,0.0,0.0,0.0,1.0,2.0,0.0,1.0,0.0,0.0,0.0,2021,22000761,20210404.0,2020-21,False,1.0,1.0,1.0,1.0,0.473,0.527,1.0,1.0,1.0,0.433,,,,,,,,,1.0,1.0,1.0,0.443,0.0,1.0,0.0,0.0,0.0,0.0,0.0,0.0,0.0,0.0,0.0,0.0,0.0,0.0,,,,,,,,,,,,,,,,,,,,,
200794,Paul Millsap,1610612743,DEN,36.0,21.816666666666663,4,6,0.667,2,2,1.0,0,0,0.0,1,2,3,0,0,1,0,1,2,1,10,5,0.091,143.5,131.5,0.086,0.133,0.0,44,0.056,0.833,79.76,138.6,93.64,0.0,0.0,95.71,130.2,0.0,8.4,12.0,0.129,0.833,0.125,0.0,1.0,0.0,0.0,0.0,17.0,0.0,0.0,14.0,0.0,0.0,2.0,0.0,0.0,0.0,0.0,0.0,0.0,0.0,0.0,0.0,2.0,0.0,0.0,0.0,0.0,0.0,1.0,4.0,24.0,0.7,0.0,1.0,1.8,0.0,0.0,16.0,0.417,0.67,2.0,9.3,6.0,7.1,1.0,1.0,0.333,1.0,1.0,0.333,0.4,9.0,1.0,0.0,1.0,0.0,1.0,0.333,0.5,0.375,3.0,0.333,0.667,13.7,0.0,0.0,0.167,0.0,0.0,0.0,0.0,1.0,0.0,0.167,0.0,1.0,,3.0,0.5,0.0,0.667,0.0,2.0,0.5,3.0,0.667,,2.0,0.667,0.0,,,,,,,,,,,,,,0.333,2.0,0.0,0.0,2.0,0.333,,1.0,1.5,0.0,2.0,1.0,2.0,0.0,0.0,0.0,,,,0.0,0.0,0.0,0.0,0.0,0.0,0.833,1.0,1.0,6.0,4.0,1.0,0.0,0.0,0.0,1.0,1.0,1.0,1.0,1.0,1.0,1.0,1.0,1.0,1.0,0.0,0.0,1.0,0.0,1.0,0.0,0.0,0.0,3.0,0.333,68.0,44.0,0.315,0.647,0.622,0.025,0.0,0.0,,0.333,0.0,,0.0,0.0,0.0,1.0,0.0,1.0,,0.0,0.0,0.0,1.0,2.0,3.0,1.0,1.0,0.0,0.0,2.0,0.0,0.0,0.0,2.0,1.0,2.0,2.0,1.5,2.0,2021,22000306,20210131.0,2020-21,False,1.0,5.0,7.0,0.714,0.476,0.238,4.0,5.0,0.8,0.399,1.0,2.0,0.5,0.581,1.0,1.0,1.0,0.697,4.0,5.0,0.8,0.401,0.0,0.0,0.0,0.0,0.0,0.0,0.0,0.0,0.0,0.0,0.0,0.0,0.0,0.0,5.0,2.0,3.0,1.0,0.0,1.0,2.0,1.0,0.0,1.0,1.0,0.0,0.0,0.0,0.0,0.0,0.0,0.0,0.0,0.0,0.0
200794,Paul Millsap,1610612743,DEN,36.0,26.366666666666667,5,10,0.5,2,5,0.4,1,2,0.5,4,8,12,3,1,2,1,0,3,1,13,21,0.218,129.6,94.6,0.147,0.276,6.7,54,0.154,0.597,81.92,135.2,101.29,3.0,0.115,98.31,96.3,20.0,38.9,35.0,0.179,0.6,0.182,6.7,4.0,0.0,0.115,9.0,26.0,0.115,0.0,19.0,3.0,0.0,1.0,0.0,0.0,0.0,0.0,0.0,0.0,0.0,0.0,0.5,2.0,0.0,0.0,0.0,1.0,0.0,1.0,4.0,39.0,1.4,0.0,0.75,2.1,2.0,1.0,23.0,0.333,1.15,4.0,7.0,10.0,6.6,7.0,1.0,0.857,1.0,0.75,0.8,0.889,14.0,3.0,1.0,8.0,0.0,1.0,0.8,0.125,0.923,5.0,0.8,0.333,7.8,,,,,,,,,,,,,,5.0,0.5,0.0,0.6,0.0,3.0,0.5,5.0,0.6,,3.0,0.6,0.0,2.0,2.0,0.0,0.0,0.2,0.0,0.0,,0.2,0.0,0.0,0.0,0.0,0.3,2.0,0.0,0.0,3.0,0.3,,0.667,1.0,0.0,3.0,0.667,2.0,0.0,0.0,0.0,,,,0.0,0.0,2.0,0.0,0.0,1.0,0.6,0.4,0.5,6.0,3.0,0.5,0.0,0.0,0.0,0.0,1.0,3.0,0.333,1.0,1.0,1.0,1.0,0.0,3.0,0.0,1.0,1.0,0.0,2.0,0.0,0.0,0.0,4.0,0.75,57.0,37.0,0.35,0.649,0.618,0.031,0.0,0.333,,0.75,0.0,,0.0,3.0,0.0,3.0,0.0,0.0,,0.0,0.0,1.0,0.0,2.0,4.0,1.0,0.5,0.0,0.0,1.0,0.0,0.0,0.0,5.0,0.4,5.0,2.0,0.6,2.0,2021,22000213,20210119.0,2020-21,False,1.0,2.0,7.0,0.286,0.44,-0.155,0.0,3.0,0.0,0.29,2.0,4.0,0.5,0.528,2.0,4.0,0.5,0.557,0.0,3.0,0.0,0.303,1.0,1.0,0.0,0.0,0.0,2.0,0.0,0.0,0.0,0.0,0.0,0.0,0.0,0.0,5.0,4.0,1.0,6.0,0.0,1.0,2.0,0.0,0.0,0.0,0.0,0.0,2.0,0.0,2.0,2.0,2.0,1.0,0.0,1.0,1.0
200794,Paul Millsap,1610612743,DEN,36.0,15.05,3,6,0.5,0,1,0.0,0,1,0.0,1,0,1,1,3,1,1,1,1,1,6,-7,0.03,86.5,105.6,0.02,0.0,30.0,34,0.071,0.466,89.04,79.4,101.1,0.33,0.143,106.84,103.0,10.0,-23.6,-19.1,0.284,0.5,0.25,28.7,3.0,0.0,0.038,3.0,26.0,0.038,0.0,21.0,1.0,0.0,1.0,1.0,1.0,0.0,0.0,0.0,0.0,0.0,0.0,0.5,2.0,0.0,0.0,1.0,1.0,2.0,1.0,2.0,34.0,1.2,0.0,1.0,2.17,1.0,4.0,20.0,0.176,1.09,0.0,13.5,4.0,0.0,0.0,0.0,0.167,0.0,0.0,0.5,0.0,6.0,0.0,1.0,1.0,0.0,0.0,0.5,0.0,0.167,2.0,0.0,0.0,13.5,0.5,0.0,0.333,0.0,0.0,1.0,1.0,2.0,0.5,0.333,0.5,2.0,,1.0,0.167,0.0,1.0,0.0,1.0,0.167,1.0,1.0,,1.0,1.0,0.0,3.0,1.0,0.333,0.0,0.5,1.0,1.0,0.5,0.167,0.333,2.0,0.333,0.0,,,,,,,,,,,,,,1.0,1.0,2.0,0.333,0.333,0.0,0.0,3.0,4.0,0.0,0.0,0.667,0.5,0.0,1.0,0.0,2.0,0.0,0.0,0.0,0.0,1.0,2.0,0.0,0.0,0.0,0.0,0.0,0.0,2.0,1.0,0.0,1.0,0.0,0.0,1.0,0.0,1.0,0.0,2.0,0.5,194.0,120.0,0.378,0.619,0.627,-0.008,0.0,0.0,,0.5,0.0,,0.0,0.0,0.0,1.0,0.0,1.0,,0.0,0.0,0.0,2.0,1.0,2.0,2.0,0.0,0.0,0.0,0.0,0.0,0.0,1.0,0.0,,0.0,0.0,,0.0,2021,22000448,20210511.0,2020-21,False,1.0,6.0,14.0,0.429,0.46,-0.032,0.0,3.0,0.0,0.377,6.0,11.0,0.545,0.52,6.0,9.0,0.667,0.556,0.0,3.0,0.0,0.381,2.0,3.0,0.0,0.0,0.0,1.0,1.0,0.25,0.0,0.0,0.0,0.0,0.0,0.0,7.0,6.0,1.0,0.0,0.0,4.0,9.0,0.0,1.0,1.0,0.0,1.0,0.0,0.0,0.0,0.0,0.0,0.0,0.0,0.0,0.0
200794,Paul Millsap,1610612743,DEN,36.0,12.94,5,6,0.833,0,1,0.0,2,4,0.5,0,5,5,2,2,1,1,0,0,3,12,-1,0.217,101.3,104.0,0.287,0.385,18.2,27,0.0,0.773,85.01,103.7,102.97,1.0,0.333,102.01,103.6,18.2,0.1,-2.7,0.341,0.833,0.31,17.0,4.0,1.0,0.136,6.0,22.0,0.091,0.0,19.0,3.0,0.0,0.0,0.5,0.0,0.5,0.0,0.0,2.0,1.0,0.0,0.5,2.0,0.5,1.0,0.0,1.0,1.0,0.0,1.0,31.0,1.3,0.0,2.0,2.6,1.0,2.0,15.0,0.387,1.42,1.0,4.5,5.0,4.5,4.0,0.0,0.833,0.0,0.0,0.0,1.0,6.0,0.0,0.0,4.0,0.0,1.0,0.0,0.2,0.833,2.0,1.0,0.2,0.0,1.0,0.0,0.167,0.0,0.0,1.0,1.0,1.0,1.0,0.167,1.0,1.0,,4.0,0.667,0.0,1.0,0.0,4.0,0.667,4.0,1.0,,4.0,1.0,0.0,1.0,1.0,0.0,0.0,0.167,0.0,0.0,,0.167,0.0,0.0,0.0,0.0,,,,,,,,,,,,,,1.0,0.0,2.0,1.0,1.0,,0.0,1.0,2.0,0.0,0.0,1.0,0.833,0.0,1.0,0.0,2.0,0.0,0.0,0.0,0.0,1.0,3.0,1.0,0.0,0.0,0.0,0.0,0.0,3.0,2.0,0.0,0.0,0.0,0.0,0.0,0.0,0.0,0.0,2.0,1.0,156.0,94.0,0.357,0.603,0.633,-0.03,0.0,0.0,,1.0,,,0.0,0.0,0.0,2.0,0.0,1.0,,0.0,0.0,0.0,3.0,1.0,2.0,3.0,0.0,,,0.0,0.0,0.0,0.0,1.0,0.0,1.0,0.0,0.0,0.0,2021,22000874,20210419.0,2020-21,False,1.0,6.0,8.0,0.75,0.428,0.323,2.0,3.0,0.667,0.355,4.0,5.0,0.8,0.459,4.0,4.0,1.0,0.52,2.0,3.0,0.667,0.355,1.0,1.0,0.0,0.0,0.0,1.0,1.0,0.5,0.0,0.0,0.0,0.0,0.0,0.0,5.0,4.0,1.0,0.0,0.0,2.0,4.0,0.0,0.0,0.0,0.0,0.0,0.0,0.0,0.0,0.0,0.0,0.0,0.0,0.0,0.0
200794,Paul Millsap,1610612743,DEN,36.0,14.208333333333334,5,11,0.455,2,5,0.4,0,0,0.0,0,4,4,0,0,1,0,0,2,0,12,11,0.138,119.4,83.8,0.157,0.308,0.0,29,0.0,0.545,80.23,120.7,97.9,0.0,0.0,96.28,85.7,0.0,35.0,35.6,0.34,0.545,0.333,0.0,3.0,0.0,0.0,0.0,24.0,0.0,0.0,23.0,0.0,0.0,2.0,1.0,1.0,0.0,0.0,0.0,0.0,0.0,0.0,0.0,2.0,0.0,0.0,0.5,0.0,2.0,3.0,4.0,35.0,1.1,0.667,1.0,1.9,0.0,1.0,20.0,0.343,1.0,1.0,4.8,4.0,4.8,3.0,0.0,0.571,0.0,0.0,0.0,1.0,7.0,0.0,0.0,3.0,0.0,1.0,0.0,0.25,0.571,3.0,1.0,0.25,0.0,,,,,,,,,,,,,,3.0,0.273,0.0,0.667,0.0,2.0,0.273,3.0,0.667,,2.0,0.667,0.0,4.0,1.0,0.25,0.0,0.364,1.0,1.0,0.333,0.091,0.273,3.0,0.25,0.0,0.364,2.0,0.0,0.0,4.0,0.364,,0.5,0.75,0.0,4.0,0.5,2.0,0.0,0.0,0.0,0.0,0.0,,0.0,2.0,0.0,1.0,2.0,0.0,0.545,0.5,0.667,8.0,4.0,0.0,,0.0,0.0,1.0,1.0,4.0,0.5,1.0,0.0,0.0,0.0,1.0,2.0,0.0,0.0,2.0,,1.0,,2.0,0.0,3.0,0.667,169.0,102.0,0.371,0.604,0.631,-0.027,1.0,0.5,,0.667,,,,4.0,0.5,2.0,,0.0,,,0.0,2.0,0.0,1.0,3.0,0.0,0.0,,,0.0,0.0,1.0,2.0,6.0,0.4,5.0,2.0,0.667,3.0,2021,22000925,20210426.0,2020-21,False,1.0,3.0,6.0,0.5,0.448,0.052,0.0,1.0,0.0,0.4,3.0,5.0,0.6,0.491,3.0,5.0,0.6,0.516,0.0,1.0,0.0,0.391,0.0,0.0,0.0,0.0,0.0,0.0,1.0,1.0,0.0,0.0,0.0,0.0,0.0,0.0,3.0,3.0,0.0,2.0,0.0,5.0,10.0,1.0,1.0,2.0,0.5,0.5,1.0,0.0,1.0,1.0,0.0,1.0,0.0,1.0,0.0
200794,Paul Millsap,1610612743,DEN,36.0,16.65,4,10,0.4,0,1,0.0,3,3,1.0,4,6,10,0,2,0,1,1,1,2,11,18,0.244,119.8,73.6,0.219,0.3,15.4,32,0.19,0.486,76.88,125.0,91.21,0.0,0.0,92.25,68.8,0.0,56.3,46.1,0.307,0.4,0.302,15.0,3.0,1.0,0.08,2.0,25.0,0.0,1.0,25.0,2.0,0.0,2.0,1.0,1.0,0.0,0.0,0.0,0.0,0.0,0.0,0.333,3.0,0.0,0.0,0.5,1.0,3.0,2.0,5.0,38.0,1.6,0.0,0.8,2.53,0.333,6.0,26.0,0.289,1.39,3.0,7.2,8.0,6.2,5.0,1.0,0.667,1.0,0.5,0.571,0.857,15.0,2.0,2.0,7.0,0.0,1.0,0.571,0.167,0.714,7.0,0.75,0.3,8.8,0.5,0.0,0.2,0.0,0.0,1.0,1.0,2.0,0.5,0.2,0.5,2.0,,6.0,0.6,0.0,0.333,0.0,2.0,0.6,6.0,0.333,,2.0,0.333,0.0,1.0,0.0,1.0,0.0,0.1,1.0,1.0,1.0,0.0,0.1,1.0,1.0,,0.1,0.0,0.0,0.0,1.0,0.1,,0.0,0.0,0.0,1.0,0.0,0.0,1.0,0.0,2.0,0.5,0.5,,0.0,2.0,2.0,0.0,0.0,0.333,0.4,0.0,0.333,0.0,4.0,0.0,0.0,0.5,0.0,0.4,5.0,1.0,0.0,0.0,0.0,0.0,0.0,2.0,1.0,0.0,0.0,0.0,0.0,0.0,0.0,2.0,1.0,2.0,0.5,153.0,91.0,0.357,0.595,0.634,-0.039,0.0,0.0,0.0,0.5,,0.0,0.0,1.0,0.5,1.0,0.0,0.4,0.0,0.0,0.0,0.0,2.0,0.0,2.0,5.0,0.0,,,0.0,0.0,1.0,2.0,1.0,0.0,1.0,0.0,0.0,0.0,2021,22000851,20210416.0,2020-21,False,1.0,2.0,8.0,0.25,0.46,-0.21,0.0,3.0,0.0,0.334,2.0,5.0,0.4,0.562,2.0,5.0,0.4,0.587,0.0,3.0,0.0,0.333,1.0,3.0,0.0,0.0,0.0,0.333,2.0,0.333,0.0,0.0,1.0,0.167,0.0,0.0,3.0,3.0,0.0,0.0,0.0,0.0,0.0,1.0,0.0,1.0,1.0,0.0,1.0,0.0,1.0,1.0,0.0,1.0,0.0,1.0,0.0
200794,Paul Millsap,1610612743,DEN,36.0,33.075,6,10,0.6,0,2,0.0,0,0,0.0,1,2,3,4,1,1,3,0,2,2,12,13,0.051,124.0,102.7,0.094,0.059,6.7,62,0.04,0.6,75.59,125.8,91.54,4.0,0.143,90.7,103.2,26.7,22.6,21.3,0.162,0.6,0.162,6.7,5.0,0.0,0.192,8.0,26.0,0.154,1.0,28.0,5.0,1.0,1.0,0.0,0.0,0.0,0.25,0.0,0.0,0.0,0.0,0.5,4.0,0.0,0.0,0.0,2.0,0.0,2.0,3.0,37.0,1.7,0.0,1.333,2.72,0.667,3.0,28.0,0.324,1.65,1.0,5.7,8.0,6.9,2.0,1.0,0.3,1.0,1.0,0.5,0.286,10.0,1.0,0.0,2.0,0.0,0.0,0.5,0.0,0.333,2.0,0.25,0.333,3.4,0.5,0.0,0.2,0.0,0.0,1.0,1.0,2.0,0.5,0.2,0.5,2.0,,4.0,0.4,0.0,0.75,0.0,3.0,0.4,4.0,0.75,,3.0,0.75,0.0,3.0,1.0,0.667,0.0,0.3,2.0,2.0,1.0,0.1,0.2,2.0,0.667,0.0,0.1,0.0,0.0,0.0,1.0,0.1,,0.0,0.0,0.0,1.0,0.0,0.0,1.0,1.0,2.0,0.5,0.5,0.0,0.0,2.0,2.0,0.0,0.0,0.5,0.6,0.0,1.0,0.0,4.0,0.0,0.0,0.0,0.0,0.5,2.0,2.0,0.0,0.0,0.0,0.0,0.0,1.0,5.0,0.0,0.0,0.0,0.0,0.0,0.0,0.0,0.0,6.0,0.833,97.0,58.0,0.351,0.598,0.63,-0.032,0.0,0.0,0.0,0.833,,0.0,0.0,1.0,1.0,5.0,0.0,0.0,0.0,0.0,0.0,0.0,0.0,1.0,6.0,1.0,0.0,,,0.0,0.0,1.0,1.0,1.0,0.0,1.0,0.0,0.0,0.0,2021,22000401,20210212.0,2020-21,False,1.0,6.0,14.0,0.429,0.429,-0.001,2.0,4.0,0.5,0.348,4.0,10.0,0.4,0.48,3.0,8.0,0.375,0.517,3.0,6.0,0.5,0.346,1.0,2.0,0.0,0.0,0.0,0.667,1.0,0.333,0.0,0.0,0.0,0.0,0.0,0.0,7.0,6.0,1.0,5.0,0.0,1.0,3.0,0.0,1.0,1.0,0.0,1.0,0.0,1.0,1.0,0.0,0.0,0.0,1.0,0.0,0.0
200794,Paul Millsap,1610612743,DEN,36.0,21.866666666666667,3,3,1.0,2,2,1.0,2,2,1.0,1,3,4,1,2,0,1,0,1,3,10,0,0.118,117.9,117.6,0.103,0.188,28.6,46,0.056,1.289,85.06,119.6,102.51,0.5,0.053,102.07,117.0,14.3,2.5,0.3,0.121,1.333,0.122,29.1,2.0,0.0,0.056,3.0,18.0,0.056,0.0,15.0,1.0,0.0,0.0,0.0,0.0,0.0,0.0,0.0,0.0,0.0,0.0,0.0,0.0,0.0,0.0,0.0,0.0,0.0,0.0,1.0,25.0,0.8,0.0,2.0,1.92,2.0,1.0,14.0,0.4,0.56,1.0,3.2,6.0,3.3,2.0,1.0,0.444,1.0,0.0,0.25,0.6,9.0,0.0,1.0,3.0,0.0,1.0,0.25,0.333,0.5,4.0,0.5,0.25,2.9,,,,,,,,,,,,,,1.0,0.333,0.0,1.0,0.0,1.0,0.333,1.0,1.0,,1.0,1.0,0.0,1.0,1.0,1.5,1.0,0.333,1.0,0.0,,0.333,0.0,0.0,1.0,1.0,0.333,1.0,0.0,0.0,1.0,0.333,,1.0,1.5,0.0,1.0,1.0,1.0,0.0,0.0,0.0,,,,0.0,0.0,2.0,0.0,0.0,0.0,1.333,1.0,1.0,6.0,2.0,1.0,0.0,0.0,1.0,0.0,0.0,0.0,0.0,1.0,2.0,1.0,1.0,0.0,1.0,1.0,1.0,0.0,0.0,2.0,0.0,0.0,0.0,1.0,1.0,48.0,33.0,0.361,0.688,0.617,0.07,0.0,0.0,0.0,1.0,,0.0,0.0,0.0,0.0,1.0,0.0,0.0,0.0,0.0,0.0,0.0,0.0,2.0,1.0,0.0,1.0,,,2.0,0.0,0.0,0.0,2.0,1.0,2.0,2.0,1.5,2.0,2021,22000158,20210112.0,2020-21,False,1.0,5.0,9.0,0.556,0.497,0.059,2.0,3.0,0.667,0.39,3.0,6.0,0.5,0.56,2.0,5.0,0.4,0.596,2.0,3.0,0.667,0.395,0.0,0.0,2.0,2.0,1.0,2.0,0.0,0.0,0.0,0.0,0.0,0.0,1.0,1.0,5.0,2.0,3.0,1.0,0.0,1.0,2.0,0.0,0.0,0.0,0.0,0.0,1.0,3.0,4.0,4.0,4.0,0.25,0.75,1.0,1.0
200794,Paul Millsap,1610612743,DEN,36.0,31.633333333333333,3,13,0.231,0,5,0.0,0,0,0.0,4,6,10,1,1,2,0,0,5,1,6,-8,0.179,100.1,112.2,0.009,0.25,6.7,62,0.125,0.231,79.03,101.6,95.78,1.0,0.045,94.84,112.7,6.7,-11.1,-12.1,0.197,0.231,0.197,6.7,2.0,0.0,0.059,2.0,34.0,0.029,1.0,28.0,2.0,0.0,3.0,1.333,2.0,0.0,0.0,0.0,0.0,0.0,0.0,0.0,3.0,0.0,0.0,0.667,0.0,4.0,2.0,5.0,47.0,1.7,0.0,0.4,2.18,0.0,0.0,31.0,0.128,0.94,4.0,5.4,8.0,4.4,4.0,0.0,0.769,0.0,0.5,0.667,0.75,13.0,2.0,2.0,6.0,0.0,2.0,0.667,0.333,0.769,6.0,0.75,0.4,6.8,1.0,0.0,0.077,0.0,0.0,1.0,1.0,1.0,1.0,0.077,1.0,1.0,,3.0,0.231,0.0,0.333,0.0,1.0,0.231,3.0,0.333,,1.0,0.333,0.0,4.0,0.0,0.25,0.0,0.308,1.0,1.0,0.25,0.0,0.308,4.0,0.25,,0.385,0.0,0.0,0.0,5.0,0.385,,0.0,0.0,0.0,5.0,0.0,0.0,1.0,0.0,2.0,0.333,0.333,,0.0,3.0,0.0,0.0,0.0,0.0,0.231,0.0,0.333,0.0,2.0,0.0,0.0,0.5,0.0,0.0,2.0,3.0,0.0,2.0,0.0,0.0,0.0,0.0,2.0,0.0,0.0,0.0,0.0,2.0,0.0,2.0,1.0,4.0,0.5,71.0,46.0,0.317,0.648,0.625,0.023,2.0,0.0,,0.5,0.0,,0.0,3.0,0.0,2.0,0.0,0.0,,0.0,0.5,0.0,0.0,2.0,4.0,0.0,0.0,0.0,0.0,0.0,1.0,0.0,2.0,6.0,0.0,5.0,0.0,0.0,0.0,2021,22000341,20210204.0,2020-21,False,1.0,5.0,8.0,0.625,0.475,0.151,2.0,3.0,0.667,0.315,3.0,5.0,0.6,0.527,2.0,4.0,0.5,0.646,2.0,3.0,0.667,0.345,0.0,0.0,0.0,0.0,0.0,0.0,0.0,0.0,0.0,0.0,0.0,0.0,0.0,0.0,3.0,2.0,1.0,2.0,0.0,0.0,0.0,1.0,0.0,1.0,1.0,0.0,1.0,0.0,1.0,1.0,1.0,1.0,0.0,1.0,1.0
200794,Paul Millsap,1610612743,DEN,36.0,11.6,2,4,0.5,1,2,0.5,0,0,0.0,0,2,2,0,1,0,0,0,1,1,5,-2,0.077,117.4,112.7,0.069,0.133,20.0,21,0.0,0.625,74.14,114.3,90.04,0.0,0.0,88.97,118.2,0.0,-3.9,4.8,0.213,0.625,0.208,20.0,1.0,0.0,0.0,0.0,24.0,0.0,0.0,19.0,0.0,0.0,0.0,0.0,0.0,0.0,0.0,0.0,0.0,0.0,0.0,1.0,3.0,0.0,0.0,0.0,3.0,0.0,1.0,1.0,29.0,1.1,0.0,2.0,2.25,0.0,1.0,17.0,0.172,1.52,0.0,3.8,6.0,3.8,2.0,0.0,0.333,0.0,0.0,0.0,0.333,6.0,0.0,0.0,2.0,0.0,0.0,0.0,0.0,0.333,0.0,0.333,0.0,0.0,,,,,,,,,,,,,,1.0,0.25,0.0,0.0,0.0,0.0,0.25,1.0,0.0,,0.0,0.0,0.0,1.0,0.0,1.0,0.0,0.25,1.0,1.0,1.0,0.0,0.25,1.0,1.0,,0.5,1.0,0.0,0.0,2.0,0.5,,0.5,0.75,0.0,2.0,0.5,1.0,0.0,0.0,0.0,0.0,0.0,,0.0,1.0,0.0,0.0,0.0,0.0,0.625,0.5,1.0,3.0,2.0,0.0,,0.0,0.0,0.0,0.0,2.0,0.5,0.0,0.0,0.0,0.0,0.0,1.0,0.0,0.0,1.0,,0.0,,1.0,0.0,1.0,1.0,6.0,4.0,0.5,0.667,0.571,0.096,1.0,1.0,,1.0,,,,1.0,0.0,1.0,,0.0,,,0.0,1.0,0.0,1.0,1.0,0.0,0.0,,,0.0,0.0,0.0,0.0,2.0,0.5,2.0,1.0,0.75,1.0,2021,42000163,20210527.0,2020-21,True,1.0,3.0,6.0,0.5,0.468,0.033,0.0,2.0,0.0,0.391,3.0,4.0,0.75,0.501,2.0,3.0,0.667,0.492,1.0,3.0,0.333,0.405,0.0,1.0,0.0,0.0,0.0,0.0,0.0,0.0,0.0,0.0,0.0,0.0,0.0,0.0,3.0,2.0,1.0,0.0,0.0,1.0,2.0,0.0,0.0,0.0,0.0,0.0,0.0,1.0,1.0,1.0,1.0,0.0,1.0,1.0,1.0
200794,Paul Millsap,1610612743,DEN,36.0,12.555,4,6,0.667,1,3,0.333,0,1,0.0,0,1,1,1,1,0,1,0,1,2,9,-12,0.042,102.1,145.7,0.088,0.091,12.5,25,0.0,0.699,79.65,108.0,101.7,1.0,0.125,95.58,156.0,12.5,-48.0,-43.6,0.271,0.75,0.25,11.8,1.0,0.0,0.154,2.0,13.0,0.077,1.0,10.0,2.0,0.0,1.0,2.0,1.0,0.0,0.0,0.0,0.0,0.0,0.0,0.0,1.0,0.0,0.0,1.0,0.0,2.0,1.0,1.0,20.0,0.8,2.0,2.0,2.43,0.0,0.0,10.0,0.45,1.2,0.0,5.7,1.0,5.7,1.0,0.0,0.333,0.0,0.0,0.0,1.0,3.0,0.0,0.0,1.0,0.0,0.0,0.0,0.0,0.333,2.0,1.0,0.0,0.0,1.0,0.0,0.167,0.0,0.0,1.0,1.0,1.0,1.0,0.167,1.0,1.0,,1.0,0.167,0.0,1.0,0.0,1.0,0.167,1.0,1.0,,1.0,1.0,0.0,1.0,0.0,1.0,0.0,0.167,1.0,1.0,1.0,0.0,0.167,1.0,1.0,,0.5,1.0,0.0,0.0,3.0,0.5,,0.333,0.5,0.0,3.0,0.333,1.0,1.0,0.0,2.0,1.0,1.0,,0.0,1.0,0.0,1.0,2.0,0.0,0.75,0.333,1.0,3.0,2.0,0.0,0.0,0.0,0.0,1.0,1.0,3.0,0.333,0.0,0.0,0.0,0.0,1.0,2.0,0.0,0.0,1.0,0.0,0.0,0.0,0.0,0.0,2.0,1.0,13.0,7.0,0.52,0.538,0.568,-0.03,0.0,0.5,,1.0,,,0.0,2.0,1.0,2.0,0.0,0.0,,0.0,0.0,1.0,0.0,1.0,2.0,0.0,0.0,,,0.0,0.0,1.0,1.0,3.0,0.333,3.0,1.0,0.5,1.0,2021,42000231,20210607.0,2020-21,True,1.0,2.0,7.0,0.286,0.459,-0.174,1.0,3.0,0.333,0.384,1.0,4.0,0.25,0.506,1.0,3.0,0.333,0.539,1.0,3.0,0.333,0.399,0.0,0.0,0.0,0.0,0.0,0.0,0.0,0.0,0.0,0.0,0.0,0.0,0.0,0.0,3.0,1.0,2.0,0.0,0.0,2.0,5.0,0.0,0.0,0.0,0.0,0.0,1.0,0.0,1.0,1.0,0.0,1.0,0.0,1.0,0.0
200794,Paul Millsap,1610612743,DEN,36.0,14.75,5,8,0.625,0,2,0.0,5,6,0.833,1,6,7,3,0,1,0,0,2,4,15,8,0.292,136.8,125.3,0.307,0.6,0.0,30,0.071,0.705,81.36,146.7,99.06,0.0,0.333,97.63,120.0,23.1,26.7,11.5,0.311,0.625,0.294,0.0,6.0,0.0,0.083,9.0,36.0,0.083,0.0,29.0,3.0,0.0,3.0,0.8,2.0,0.0,0.0,0.2,0.0,0.0,1.0,0.4,5.0,0.0,0.0,0.667,2.0,4.0,0.0,3.0,45.0,1.6,0.0,1.667,2.19,2.0,1.0,26.0,0.333,1.24,4.0,3.2,6.0,3.4,3.0,0.0,0.875,0.0,1.0,0.333,1.0,8.0,1.0,0.0,3.0,0.0,3.0,0.333,0.5,0.875,3.0,1.0,0.571,2.3,,,,,,,,,,,,,,4.0,0.5,0.0,1.0,0.0,4.0,0.5,4.0,1.0,,4.0,1.0,0.0,3.0,1.0,0.333,0.0,0.375,1.0,1.0,0.5,0.125,0.25,2.0,0.333,0.0,0.125,0.0,0.0,0.0,1.0,0.125,,0.0,0.0,0.0,1.0,0.0,0.0,0.0,2.0,0.0,0.0,0.0,0.0,0.0,3.0,2.0,0.0,0.0,1.0,0.625,0.0,1.0,0.0,5.0,0.0,1.0,0.0,,0.0,0.0,1.0,0.0,0.0,0.0,0.0,0.0,0.0,5.0,,,0.0,0.0,0.0,0.0,1.0,0.0,5.0,1.0,3.0,2.0,0.5,0.667,0.619,0.048,0.0,0.0,0.0,1.0,0.0,0.0,0.0,1.0,0.0,5.0,1.0,0.0,0.0,0.0,0.0,0.0,0.0,0.0,5.0,0.0,0.0,0.0,0.0,0.0,0.0,0.0,1.0,0.0,,0.0,0.0,,0.0,2021,42000162,20210524.0,2020-21,True,1.0,0.0,1.0,0.0,0.603,-0.603,,,,,0.0,1.0,0.0,0.605,0.0,1.0,0.0,0.615,,,,,1.0,1.0,0.0,0.0,0.0,2.0,0.0,0.0,0.0,0.0,0.0,0.0,0.0,0.0,0.0,0.0,0.0,1.0,0.0,2.0,4.0,0.0,0.0,0.0,0.0,0.0,0.0,1.0,1.0,1.0,1.0,0.0,1.0,1.0,1.0
200794,Paul Millsap,1610612743,DEN,36.0,11.466666666666669,2,6,0.333,0,1,0.0,0,0,0.0,1,3,4,1,0,0,0,1,2,0,4,7,0.19,150.9,121.1,0.045,0.273,0.0,22,0.1,0.333,75.0,145.5,87.57,0.0,0.111,90.0,119.0,14.3,26.4,29.8,0.259,0.333,0.24,0.0,4.0,1.0,0.143,6.0,14.0,0.071,0.0,11.0,2.0,0.0,0.0,0.0,0.0,0.0,0.0,0.0,0.0,0.0,0.0,1.0,1.0,0.0,0.0,0.0,1.0,0.0,1.0,2.0,20.0,1.0,0.0,1.0,2.85,0.0,1.0,10.0,0.2,1.9,3.0,4.7,4.0,5.4,1.0,0.0,0.571,0.0,1.0,0.333,0.75,7.0,1.0,0.0,1.0,0.0,2.0,0.333,0.667,0.571,3.0,0.75,0.75,2.7,1.0,0.0,0.167,0.0,0.0,1.0,1.0,1.0,1.0,0.167,1.0,1.0,,2.0,0.333,0.0,0.5,0.0,1.0,0.333,2.0,0.5,,1.0,0.5,0.0,3.0,1.0,0.0,0.0,0.5,0.0,0.0,0.0,0.167,0.333,2.0,0.0,0.0,,,,,,,,,,,,,,0.0,0.0,0.0,0.0,0.0,,0.0,1.0,0.0,0.0,0.0,0.0,0.333,0.0,0.5,0.0,2.0,0.0,,0.0,0.0,0.0,1.0,1.0,0.0,0.0,0.0,0.0,0.0,0.0,2.0,0.0,0.0,0.0,,0.0,,1.0,0.0,3.0,0.667,8.0,5.0,0.5,0.625,0.569,0.056,0.0,0.0,,0.667,,,,1.0,0.0,2.0,,0.0,,,0.0,0.0,0.0,0.0,3.0,1.0,0.0,,,0.0,0.0,0.0,1.0,1.0,0.0,1.0,0.0,0.0,0.0,2021,42000165,20210601.0,2020-21,True,1.0,1.0,3.0,0.333,0.43,-0.097,0.0,1.0,0.0,0.396,1.0,2.0,0.5,0.43,1.0,1.0,1.0,0.482,0.0,1.0,0.0,0.418,0.0,1.0,0.0,0.0,0.0,0.0,0.0,0.0,0.0,0.0,0.0,0.0,0.0,0.0,0.0,0.0,0.0,0.0,0.0,2.0,5.0,0.0,0.0,0.0,0.0,0.0,1.0,1.0,2.0,2.0,2.0,0.5,0.5,1.0,1.0
200794,Paul Millsap,1610612743,DEN,36.0,11.55,4,8,0.5,3,5,0.6,0,2,0.0,2,4,6,2,3,0,2,0,3,1,11,-11,0.214,97.4,150.9,0.14,0.364,21.4,25,0.118,0.619,84.85,96.0,99.41,0.67,0.5,101.82,145.8,14.3,-49.8,-53.5,0.401,0.688,0.387,21.6,3.0,0.0,0.087,5.0,23.0,0.087,0.0,21.0,2.0,1.0,2.0,0.0,0.0,0.25,0.25,0.0,2.0,0.0,0.0,0.0,4.0,0.0,1.0,0.0,0.0,0.0,0.0,2.0,36.0,1.4,0.0,1.0,2.29,0.0,2.0,21.0,0.306,1.11,2.0,3.3,5.0,2.3,3.0,1.0,0.75,1.0,0.5,0.667,1.0,8.0,1.0,1.0,4.0,0.0,1.0,0.667,0.25,0.857,3.0,0.8,0.333,5.2,,,,,,,,,,,,,,2.0,0.25,0.0,0.5,0.0,1.0,0.25,2.0,0.5,,1.0,0.5,0.0,4.0,3.0,1.125,3.0,0.5,3.0,0.0,0.0,0.375,0.125,1.0,0.75,1.0,0.25,0.0,0.0,0.0,2.0,0.25,,0.0,0.0,0.0,2.0,0.0,0.0,0.0,0.0,0.0,,,,0.0,0.0,0.0,0.0,0.0,0.0,0.688,0.6,1.0,9.0,2.0,0.0,,0.0,,0.0,2.0,5.0,0.6,0.0,0.0,0.0,0.0,0.0,1.0,,,3.0,,0.0,,0.0,0.0,1.0,1.0,15.0,8.0,0.5,0.533,0.576,-0.043,0.0,0.5,,0.5,,,,4.0,0.0,1.0,,0.0,,,0.0,2.0,0.0,1.0,2.0,1.0,1.0,,,1.0,0.0,0.0,0.0,5.0,0.6,5.0,3.0,0.9,3.0,2021,42000232,20210609.0,2020-21,True,1.0,1.0,5.0,0.2,0.467,-0.267,,,,,1.0,5.0,0.2,0.529,1.0,3.0,0.333,0.57,,,,,0.0,0.0,0.0,0.0,0.0,0.0,1.0,0.5,1.0,0.5,1.0,0.5,0.0,0.0,5.0,5.0,0.0,0.0,0.0,2.0,6.0,1.0,0.0,1.0,1.0,0.0,1.0,1.0,2.0,1.0,1.0,0.5,0.5,1.0,1.0
200794,Paul Millsap,1610612743,DEN,36.0,14.083333333333334,3,7,0.429,0,3,0.0,3,4,0.75,3,3,6,2,0,0,1,0,0,5,9,9,0.207,131.0,96.6,0.22,0.231,0.0,25,0.188,0.514,71.01,136.0,88.34,0.0,0.25,85.21,100.0,20.0,36.0,34.4,0.266,0.429,0.25,0.0,4.0,0.0,0.118,6.0,17.0,0.118,0.0,14.0,2.0,0.0,2.0,0.75,1.0,0.0,0.0,0.25,0.0,0.0,1.0,0.25,4.0,0.0,0.0,0.5,1.0,3.0,1.0,2.0,25.0,1.3,0.0,2.5,3.03,0.0,1.0,15.0,0.36,2.28,2.0,5.2,3.0,3.6,2.0,0.0,0.857,0.0,0.333,0.75,1.0,7.0,1.0,2.0,4.0,0.0,1.0,0.75,0.333,0.857,4.0,1.0,0.333,6.9,,,,,,,,,,,,,,4.0,0.571,0.0,0.75,0.0,3.0,0.571,4.0,0.75,,3.0,0.75,0.0,3.0,3.0,0.0,0.0,0.429,0.0,0.0,,0.429,0.0,0.0,0.0,0.0,,,,,,,,,,,,,,0.0,1.0,0.0,0.0,0.0,0.0,0.0,1.0,0.0,0.0,0.0,0.0,0.429,0.0,1.0,0.0,5.0,0.0,0.0,0.0,0.0,0.5,2.0,3.0,0.0,0.0,0.0,0.0,0.0,1.0,2.0,0.0,0.0,0.0,0.0,0.0,0.0,0.0,0.0,2.0,1.0,7.0,4.0,0.538,0.571,0.574,-0.002,0.0,0.0,0.0,1.0,,0.0,0.0,3.0,0.0,2.0,0.0,0.5,0.0,0.0,0.0,0.0,1.0,0.0,2.0,2.0,0.0,,,0.0,0.0,0.0,0.0,2.0,0.0,2.0,0.0,0.0,0.0,2021,42000164,20210529.0,2020-21,True,1.0,0.0,1.0,0.0,0.456,-0.456,,,,,0.0,1.0,0.0,0.507,0.0,1.0,0.0,0.538,,,,,0.0,0.0,0.0,0.0,0.0,0.0,1.0,1.0,0.0,0.0,0.0,0.0,0.0,0.0,2.0,2.0,0.0,0.0,1.0,0.0,0.0,2.0,0.0,2.0,1.0,0.0,0.0,1.0,1.0,1.0,1.0,0.0,1.0,1.0,1.0
200794,Paul Millsap,1610612743,DEN,36.0,6.823333333333333,0,3,0.0,0,2,0.0,0,0,0.0,1,2,3,1,0,1,1,0,2,0,0,-5,0.2,69.9,97.8,0.0,0.333,0.0,13,0.111,0.0,82.07,69.2,95.67,0.0,0.333,98.49,93.3,25.0,-24.1,-27.9,0.216,0.0,0.214,0.0,1.0,0.0,0.1,3.0,10.0,0.1,0.0,7.0,1.0,0.0,1.0,0.0,0.0,0.0,0.0,0.0,0.0,0.0,0.0,0.0,1.0,0.0,0.0,0.0,0.0,0.0,0.0,0.0,13.0,0.4,0.0,0.0,2.06,0.0,0.0,8.0,0.0,0.85,1.0,12.4,3.0,11.5,2.0,0.0,0.6,0.0,1.0,0.5,0.667,5.0,1.0,0.0,2.0,0.0,0.0,0.5,0.0,0.6,2.0,0.667,0.333,14.1,,,,,,,,,,,,,,1.0,0.333,0.0,0.0,0.0,0.0,0.333,1.0,0.0,,0.0,0.0,0.0,2.0,2.0,0.0,0.0,0.667,0.0,0.0,,0.667,0.0,0.0,0.0,0.0,,,,,,,,,,,,,,0.0,0.0,0.0,,,,0.0,0.0,0.0,0.0,0.0,0.0,0.0,0.0,0.0,0.0,0.0,0.0,,0.0,,0.0,1.0,2.0,0.0,0.0,0.0,0.0,0.0,0.0,0.0,,,0.0,,0.0,,0.0,0.0,0.0,0.0,17.0,10.0,0.486,0.588,0.576,0.012,,0.0,,0.0,,,0.0,2.0,0.0,0.0,0.0,0.0,,0.0,,0.0,0.0,0.0,0.0,1.0,0.0,,,0.0,,0.0,0.0,1.0,0.0,1.0,0.0,0.0,0.0,2021,42000233,20210611.0,2020-21,True,1.0,2.0,5.0,0.4,0.472,-0.072,0.0,1.0,0.0,0.406,2.0,4.0,0.5,0.512,2.0,2.0,1.0,0.539,0.0,2.0,0.0,0.467,0.0,0.0,0.0,0.0,0.0,0.0,0.0,0.0,0.0,0.0,0.0,0.0,0.0,0.0,3.0,2.0,1.0,1.0,0.0,0.0,0.0,0.0,1.0,1.0,0.0,1.0,1.0,0.0,1.0,1.0,1.0,1.0,0.0,1.0,1.0
200794,Paul Millsap,1610612743,DEN,36.0,14.711666666666666,1,3,0.333,1,2,0.5,0,0,0.0,0,3,3,4,2,1,0,0,2,2,3,1,0.125,126.7,134.8,0.065,0.231,22.2,29,0.0,0.5,74.77,131.0,93.71,2.0,0.25,89.72,142.3,44.4,-11.3,-8.2,0.161,0.5,0.156,22.2,3.0,0.0,0.235,10.0,17.0,0.235,0.0,10.0,4.0,0.0,0.0,0.0,0.0,0.0,0.0,0.0,0.0,0.0,0.0,0.0,0.0,0.0,0.0,0.0,0.0,0.0,0.0,0.0,23.0,0.9,0.0,0.0,2.36,0.0,0.0,10.0,0.13,1.35,1.0,5.8,3.0,5.8,2.0,0.0,1.0,0.0,0.0,0.0,1.0,3.0,0.0,0.0,2.0,0.0,1.0,0.0,0.333,1.0,0.0,1.0,0.333,0.0,0.0,0.0,0.333,0.0,0.0,0.0,0.0,1.0,0.0,0.333,0.0,1.0,,,,,,,,,,,,,,,1.0,1.0,0.0,0.0,0.333,0.0,0.0,,0.333,0.0,0.0,0.0,0.0,0.333,1.0,0.0,0.0,1.0,0.333,,1.0,1.5,0.0,1.0,1.0,1.0,0.0,0.0,0.0,,,,0.0,0.0,0.0,0.0,0.0,0.0,0.5,0.5,0.0,3.0,0.0,0.0,,0.0,0.0,0.0,0.0,2.0,0.5,0.0,0.0,0.0,0.0,0.0,0.0,0.0,0.0,1.0,,0.0,,0.0,0.0,1.0,0.0,2.0,2.0,0.4,1.0,0.613,0.388,0.0,0.5,0.0,0.0,0.0,0.0,,2.0,0.0,0.0,,0.0,0.0,,0.0,1.0,0.0,0.0,1.0,0.0,0.0,0.0,0.0,0.0,0.0,0.0,0.0,2.0,0.5,2.0,1.0,0.75,1.0,2021,42000161,20210522.0,2020-21,True,1.0,2.0,5.0,0.4,0.471,-0.071,0.0,2.0,0.0,0.406,2.0,3.0,0.667,0.54,2.0,2.0,1.0,0.577,0.0,3.0,0.0,0.417,0.0,0.0,0.0,0.0,0.0,0.0,0.0,0.0,0.0,0.0,0.0,0.0,0.0,0.0,1.0,1.0,0.0,2.0,0.0,5.0,11.0,0.0,0.0,0.0,0.0,0.0,0.0,0.0,0.0,0.0,0.0,0.0,0.0,0.0,0.0
200794,Paul Millsap,1610612743,DEN,36.0,11.593333333333334,1,5,0.2,0,3,0.0,0,0,0.0,1,2,3,1,1,0,1,1,1,0,2,-4,0.111,78.1,102.5,0.0,0.182,14.3,23,0.063,0.2,79.36,82.6,96.8,1.0,0.143,95.23,100.0,14.3,-17.4,-24.4,0.22,0.2,0.222,14.3,1.0,0.0,0.077,3.0,13.0,0.077,0.0,10.0,1.0,0.0,1.0,0.0,0.0,0.0,0.0,0.0,0.0,0.0,0.0,0.0,1.0,0.0,0.0,0.0,0.0,0.0,0.0,2.0,18.0,0.6,0.0,1.0,2.04,0.0,0.0,8.0,0.111,1.11,1.0,4.1,4.0,2.8,1.0,1.0,0.375,1.0,0.0,0.25,0.667,8.0,0.0,1.0,2.0,0.0,1.0,0.25,0.5,0.429,4.0,0.5,0.333,6.7,0.0,0.0,0.2,0.0,0.0,0.0,0.0,1.0,0.0,0.2,0.0,1.0,,,,,,,,,,,,,,,3.0,2.0,0.333,0.0,0.6,1.0,1.0,1.0,0.4,0.2,1.0,0.333,0.0,0.2,0.0,0.0,0.0,1.0,0.2,,0.0,0.0,0.0,1.0,0.0,0.0,0.0,0.0,0.0,,,,0.0,0.0,0.0,0.0,0.0,0.0,0.2,0.0,0.5,0.0,2.0,0.0,0.0,0.0,0.0,1.0,1.0,3.0,0.0,0.0,0.0,0.0,0.0,1.0,0.0,0.0,0.0,0.0,0.0,0.0,0.0,0.0,0.0,1.0,0.0,10.0,6.0,0.556,0.6,0.566,0.034,0.0,0.0,,0.0,0.0,,0.0,3.0,0.0,0.0,0.0,1.0,,0.0,0.0,0.0,1.0,0.0,1.0,1.0,0.0,0.0,0.0,0.0,0.0,0.0,0.0,3.0,0.0,3.0,0.0,0.0,0.0,2021,42000166,20210603.0,2020-21,True,1.0,1.0,2.0,0.5,0.565,-0.065,,,,,1.0,2.0,0.5,0.591,1.0,2.0,0.5,0.55,,,,,0.0,0.0,0.0,0.0,0.0,0.0,0.0,0.0,0.0,0.0,0.0,0.0,0.0,0.0,4.0,4.0,0.0,0.0,0.0,2.0,5.0,0.0,0.0,0.0,0.0,0.0,1.0,3.0,4.0,4.0,3.0,0.25,0.75,1.0,0.75
200794,Paul Millsap,1610612755,PHI,37.0,8.193333333333333,1,2,0.5,0,0,0.0,0,0,0.0,1,1,2,0,1,1,0,0,0,0,2,5,0.182,140.8,131.6,0.063,0.167,33.3,17,0.2,0.5,82.99,147.1,96.55,0.0,0.0,99.59,117.6,0.0,29.4,9.2,0.16,0.5,0.167,33.3,0.0,0.0,0.0,0.0,10.0,0.0,0.0,5.0,0.0,1.0,0.0,0.0,0.0,0.0,1.0,0.0,0.0,0.0,0.0,0.0,1.0,0.0,0.0,0.0,0.0,0.0,1.0,2.0,13.0,0.4,0.0,1.0,1.83,0.0,0.0,6.0,0.154,1.08,0.0,4.4,1.0,7.1,1.0,0.0,1.0,0.0,0.0,1.0,1.0,2.0,0.0,1.0,2.0,0.0,0.0,1.0,0.0,1.0,1.0,1.0,0.0,1.6,,,,,,,,,,,,,,2.0,1.0,0.0,0.5,0.0,1.0,1.0,2.0,0.5,,1.0,0.5,0.0,,,,,,,,,,,,,,,,,,,,,,,,,,,0.0,,0.0,,,,,0.0,0.0,0.0,0.0,0.0,0.5,0.0,1.0,0.0,2.0,0.0,0.0,0.0,,0.0,0.0,0.0,0.0,0.0,0.0,0.0,0.0,0.0,1.0,,,0.0,0.0,0.0,0.0,0.0,0.0,2.0,0.5,93.0,55.0,0.451,0.591,0.632,-0.04,,0.0,,0.5,,,0.0,0.0,0.0,1.0,0.0,0.0,,0.0,,0.0,0.0,0.0,2.0,0.0,0.0,,,0.0,,0.0,0.0,0.0,,,,,0.0,2022,22100947,20220304.0,2021-22,False,1.0,3.0,5.0,0.6,0.477,0.123,1.0,2.0,0.5,0.381,2.0,3.0,0.667,0.533,2.0,3.0,0.667,0.586,1.0,2.0,0.5,0.404,0.0,0.0,0.0,0.0,0.0,0.0,0.0,0.0,0.0,0.0,0.0,0.0,0.0,0.0,2.0,1.0,1.0,3.0,0.0,0.0,0.0,0.0,0.0,0.0,0.0,0.0,0.0,0.0,0.0,0.0,0.0,0.0,0.0,0.0,0.0
200794,Paul Millsap,1610612751,BRK,37.0,5.1,0,0,0.0,0,0,0.0,0,0,0.0,0,2,2,1,0,0,0,0,1,0,0,-2,0.2,106.6,110.5,0.093,0.333,0.0,11,0.0,0.0,86.27,100.0,103.91,0.0,0.333,103.53,118.2,100.0,-18.2,-4.0,0.0,0.0,0.0,0.0,1.0,0.0,0.2,2.0,5.0,0.2,0.0,3.0,1.0,0.0,0.0,0.0,0.0,0.0,0.0,0.0,0.0,0.0,0.0,0.0,0.0,0.0,0.0,0.0,0.0,0.0,0.0,0.0,6.0,0.3,0.0,0.0,3.33,0.0,1.0,3.0,0.0,2.67,0.0,2.9,2.0,2.9,2.0,0.0,1.0,0.0,0.0,0.0,1.0,2.0,0.0,0.0,2.0,0.0,0.0,0.0,0.0,1.0,0.0,1.0,0.0,0.0,,,,,,,,,,,,,,,,,,,,,,,,,,,,,,,,,,,,,,,,,,,,,,,,,,,,,0.0,,0.0,,,,,0.0,0.0,0.0,0.0,0.0,0.0,0.0,0.0,0.0,0.0,0.0,,0.0,0.0,0.0,0.0,0.0,0.0,0.0,0.0,0.0,0.0,0.0,0.0,0.0,0.0,0.0,,0.0,,0.0,0.0,0.0,0.0,29.0,17.0,0.509,0.586,0.658,-0.071,0.0,0.0,,0.0,,,,0.0,0.0,0.0,,0.0,,,0.0,0.0,0.0,0.0,0.0,0.0,0.0,,,0.0,0.0,0.0,0.0,0.0,,,,,0.0,2022,22100139,20211107.0,2021-22,False,1.0,1.0,5.0,0.2,0.456,-0.256,0.0,1.0,0.0,0.336,1.0,4.0,0.25,0.506,1.0,3.0,0.333,0.567,0.0,1.0,0.0,0.363,0.0,0.0,0.0,0.0,0.0,0.0,0.0,0.0,0.0,0.0,0.0,0.0,0.0,0.0,1.0,0.0,1.0,1.0,0.0,0.0,0.0,0.0,0.0,0.0,0.0,0.0,1.0,0.0,1.0,0.0,0.0,1.0,0.0,0.0,0.0
200794,Paul Millsap,1610612755,PHI,37.0,16.5,3,6,0.5,1,4,0.25,0,0,0.0,1,3,4,0,0,0,0,1,2,0,7,-7,0.154,134.0,156.7,0.072,0.3,0.0,31,0.063,0.583,75.15,132.3,89.08,0.0,0.0,90.18,154.8,0.0,-22.6,-22.7,0.173,0.583,0.167,0.0,1.0,0.0,0.0,0.0,14.0,0.0,0.0,9.0,0.0,0.0,0.0,0.0,0.0,0.0,0.0,0.0,0.0,0.0,0.0,0.0,0.0,0.0,0.0,0.0,0.0,0.0,0.0,2.0,20.0,0.6,0.0,2.0,1.93,0.0,0.0,9.0,0.35,0.85,1.0,4.1,4.0,4.0,3.0,0.0,0.571,0.0,1.0,0.25,0.75,7.0,1.0,0.0,3.0,0.0,0.0,0.25,0.0,0.571,4.0,0.75,0.25,4.2,1.0,0.0,0.167,0.0,0.0,1.0,1.0,1.0,1.0,0.167,1.0,1.0,,1.0,0.167,0.0,1.0,0.0,1.0,0.167,1.0,1.0,,1.0,1.0,0.0,2.0,2.0,0.0,0.0,0.333,0.0,0.0,,0.333,0.0,0.0,0.0,0.0,0.333,1.0,0.0,0.0,2.0,0.333,,0.5,0.75,0.0,2.0,0.5,1.0,0.0,1.0,0.0,0.0,0.0,0.0,0.0,1.0,0.0,0.0,0.0,0.0,0.583,0.333,1.0,3.0,4.0,0.0,0.0,0.0,0.0,0.0,0.0,3.0,0.333,0.0,0.0,0.0,0.0,0.0,2.0,0.0,1.0,1.0,0.0,1.0,0.0,0.0,0.0,2.0,1.0,3.0,3.0,0.333,1.0,0.642,0.358,0.0,0.5,,1.0,,,0.0,2.0,0.0,2.0,0.0,0.0,,0.0,0.0,1.0,0.0,2.0,2.0,0.0,0.0,,,0.0,0.0,0.0,0.0,3.0,0.333,3.0,1.0,0.5,1.0,2022,22100021,20211022.0,2021-22,False,1.0,4.0,6.0,0.667,0.447,0.219,1.0,2.0,0.5,0.332,3.0,4.0,0.75,0.557,2.0,2.0,1.0,0.637,2.0,3.0,0.667,0.318,0.0,0.0,0.0,0.0,0.0,0.0,0.0,0.0,0.0,0.0,0.0,0.0,0.0,0.0,4.0,2.0,2.0,1.0,0.0,2.0,6.0,1.0,0.0,1.0,1.0,0.0,1.0,0.0,1.0,1.0,1.0,1.0,0.0,1.0,1.0
200794,Paul Millsap,1610612751,BKN,37.0,7.518333333333333,0,4,0.0,0,1,0.0,0,0,0.0,2,1,3,0,0,0,0,0,1,0,0,0,0.176,100.0,101.5,-0.109,0.143,0.0,17,0.2,0.0,90.45,94.1,101.38,0.0,0.0,108.53,94.1,0.0,0.0,-1.5,0.2,0.0,0.19,0.0,0.0,0.0,0.1,0.0,10.0,0.0,1.0,5.0,1.0,0.0,1.0,0.0,0.0,0.0,0.0,0.0,0.0,0.0,0.0,0.0,1.0,0.0,0.0,0.0,0.0,0.0,1.0,3.0,15.0,0.4,0.0,0.0,1.45,0.0,0.0,7.0,0.0,0.33,2.0,2.6,2.0,5.2,1.0,1.0,0.6,1.0,1.0,0.667,1.0,5.0,2.0,0.0,1.0,0.0,0.0,0.667,0.0,0.75,3.0,0.5,0.667,1.2,,,,,,,,,,,,,,3.0,0.75,0.0,0.0,0.0,0.0,0.75,3.0,0.0,,0.0,0.0,0.0,,,,,,,,,,,,,,0.25,0.0,0.0,0.0,1.0,0.25,,0.0,0.0,0.0,1.0,0.0,0.0,0.0,0.0,0.0,,,,0.0,0.0,0.0,0.0,0.0,0.0,0.0,0.0,0.0,0.0,0.0,0.0,0.0,0.0,0.0,0.0,0.0,0.0,0.0,0.0,0.0,0.0,0.0,0.0,0.0,0.0,1.0,0.0,0.0,1.0,0.0,0.0,0.0,3.0,0.0,62.0,35.0,0.437,0.565,0.632,-0.067,0.0,0.0,,0.0,0.0,,0.0,0.0,0.0,0.0,0.0,0.0,,0.0,0.0,0.0,0.0,1.0,3.0,0.0,0.0,0.0,0.0,0.0,0.0,0.0,0.0,1.0,0.0,1.0,0.0,0.0,0.0,2022,22100384,20211210.0,2021-22,False,1.0,1.0,3.0,0.333,0.493,-0.16,0.0,1.0,0.0,0.359,1.0,2.0,0.5,0.57,1.0,2.0,0.5,0.578,0.0,1.0,0.0,0.337,0.0,0.0,0.0,0.0,0.0,0.0,0.0,0.0,0.0,0.0,0.0,0.0,0.0,0.0,1.0,0.0,1.0,0.0,0.0,0.0,0.0,0.0,0.0,0.0,0.0,0.0,1.0,0.0,1.0,1.0,1.0,1.0,0.0,1.0,1.0
200794,Paul Millsap,1610612751,BRK,37.0,5.216666666666667,0,0,0.0,0,0,0.0,0,0,0.0,1,2,3,0,1,0,1,0,0,0,0,-1,0.25,109.4,116.7,0.073,0.286,100.0,13,0.2,0.0,95.85,100.0,109.86,0.0,0.0,115.02,116.7,0.0,-16.7,-7.2,0.078,0.0,0.071,100.0,1.0,0.0,0.0,0.0,7.0,0.0,0.0,2.0,0.0,1.0,0.0,0.0,0.0,0.0,1.0,0.0,0.0,0.0,0.0,0.0,1.0,0.0,0.0,0.0,0.0,0.0,0.0,1.0,9.0,0.3,0.0,0.0,2.12,0.0,0.0,3.0,0.0,0.78,3.0,4.6,2.0,4.5,0.0,0.0,1.0,0.0,1.0,1.0,1.0,3.0,1.0,0.0,0.0,0.0,2.0,1.0,1.0,1.0,1.0,1.0,1.0,4.8,,,,,,,,,,,,,,,,,,,,,,,,,,,,,,,,,,,,,,,,,,,,,,,,,,,,,0.0,,0.0,,,,,0.0,0.0,0.0,0.0,0.0,0.0,0.0,0.0,0.0,0.0,0.0,,0.0,0.0,0.0,0.0,0.0,0.0,0.0,0.0,0.0,0.0,0.0,0.0,0.0,0.0,0.0,,0.0,,0.0,0.0,0.0,0.0,2.0,2.0,0.667,1.0,0.602,0.399,0.0,0.0,,0.0,,,,0.0,0.0,0.0,,0.0,,,0.0,0.0,0.0,0.0,0.0,0.0,0.0,,,0.0,0.0,0.0,0.0,0.0,,,,,0.0,2022,22100001,20211019.0,2021-22,False,1.0,2.0,3.0,0.667,0.497,0.17,,,,,2.0,3.0,0.667,0.551,2.0,3.0,0.667,0.613,,,,,0.0,0.0,0.0,0.0,0.0,0.0,0.0,0.0,0.0,0.0,0.0,0.0,0.0,0.0,1.0,1.0,0.0,0.0,0.0,2.0,5.0,0.0,1.0,1.0,0.0,1.0,0.0,1.0,1.0,1.0,1.0,0.0,1.0,1.0,1.0
200794,Paul Millsap,1610612755,PHI,37.0,10.95,2,4,0.5,0,2,0.0,0,0,0.0,1,3,4,1,1,0,0,0,4,1,4,-10,0.174,91.7,131.4,0.037,0.333,16.7,25,0.071,0.5,91.32,88.0,105.99,1.0,0.125,109.59,128.0,16.7,-40.0,-39.7,0.179,0.5,0.179,16.7,2.0,0.0,0.111,2.0,9.0,0.111,0.0,9.0,1.0,1.0,0.0,0.0,0.0,0.0,1.0,0.0,0.0,0.0,0.0,0.0,1.0,0.0,0.0,0.0,0.0,0.0,0.0,2.0,16.0,0.6,0.0,1.0,2.35,2.0,1.0,9.0,0.25,1.31,0.0,4.3,4.0,5.0,3.0,0.0,0.667,0.0,0.0,0.5,0.75,6.0,0.0,1.0,4.0,0.0,0.0,0.5,0.0,0.667,2.0,0.75,0.0,2.1,,,,,,,,,,,,,,1.0,0.25,0.0,1.0,0.0,1.0,0.25,1.0,1.0,,1.0,1.0,0.0,1.0,0.0,1.0,0.0,0.25,1.0,1.0,1.0,0.0,0.25,1.0,1.0,,0.5,0.0,0.0,0.0,2.0,0.5,,0.0,0.0,0.0,2.0,0.0,0.0,0.0,0.0,0.0,,,,0.0,0.0,2.0,0.0,0.0,1.0,0.5,0.0,1.0,0.0,2.0,0.0,0.0,0.0,0.0,1.0,1.0,2.0,0.0,0.0,0.0,0.0,0.0,1.0,1.0,0.0,0.0,0.0,0.0,0.0,0.0,0.0,0.0,1.0,1.0,79.0,45.0,0.444,0.57,0.633,-0.064,0.0,0.0,,1.0,0.0,,0.0,2.0,0.0,1.0,0.0,1.0,,0.0,0.0,0.0,1.0,0.0,1.0,1.0,0.0,0.0,0.0,0.0,0.0,0.0,0.0,2.0,0.0,2.0,0.0,0.0,0.0,2022,22100887,20220217.0,2021-22,False,1.0,2.0,6.0,0.333,0.533,-0.2,0.0,2.0,0.0,0.323,2.0,4.0,0.5,0.601,2.0,4.0,0.5,0.672,0.0,2.0,0.0,0.346,1.0,1.0,0.0,0.0,0.0,2.0,0.0,0.0,0.0,0.0,0.0,0.0,0.0,0.0,3.0,1.0,2.0,0.0,1.0,3.0,6.0,0.0,0.0,0.0,0.0,0.0,1.0,0.0,1.0,1.0,1.0,1.0,0.0,1.0,1.0
200794,Paul Millsap,1610612751,BKN,37.0,3.8333333333333335,0,1,0.0,0,0,0.0,0,0,0.0,1,2,3,2,1,0,0,0,0,0,0,-2,0.375,100.0,142.9,0.122,0.667,25.0,8,0.2,0.0,78.26,100.0,93.91,2.0,0.5,93.91,142.9,50.0,-42.9,-42.9,0.182,0.0,0.182,25.0,1.0,0.0,0.2,4.0,10.0,0.2,0.0,5.0,2.0,0.0,0.0,0.0,0.0,0.0,0.0,0.0,0.0,0.0,0.0,0.0,0.0,0.0,0.0,0.0,0.0,0.0,1.0,3.0,12.0,0.3,0.0,0.0,1.7,0.0,0.0,6.0,0.0,0.67,1.0,4.5,2.0,4.6,1.0,0.0,0.75,0.0,0.0,0.5,1.0,4.0,0.0,1.0,2.0,0.0,1.0,0.5,0.5,0.75,2.0,1.0,0.333,4.3,,,,,,,,,,,,,,1.0,1.0,0.0,0.0,0.0,0.0,1.0,1.0,0.0,,0.0,0.0,0.0,,,,,,,,,,,,,,,,,,,,,,,,,,,0.0,,0.0,,,,,0.0,0.0,0.0,0.0,0.0,0.0,0.0,0.0,0.0,0.0,0.0,,0.0,0.0,0.0,0.0,0.0,0.0,0.0,0.0,0.0,0.0,0.0,0.0,0.0,0.0,0.0,,0.0,,0.0,0.0,1.0,0.0,54.0,31.0,0.422,0.574,0.63,-0.056,,0.0,,0.0,,,,0.0,0.0,0.0,,0.0,,,,0.0,0.0,0.0,1.0,0.0,0.0,,,0.0,,0.0,0.0,0.0,,,,,0.0,2022,22100363,20211207.0,2021-22,False,1.0,2.0,2.0,1.0,0.459,0.541,,,,,2.0,2.0,1.0,0.532,2.0,2.0,1.0,0.603,,,,,0.0,0.0,0.0,0.0,0.0,0.0,0.0,0.0,0.0,0.0,0.0,0.0,0.0,0.0,0.0,0.0,0.0,0.0,0.0,1.0,2.0,0.0,0.0,0.0,0.0,0.0,1.0,1.0,2.0,2.0,2.0,0.5,0.5,1.0,1.0
200794,Paul Millsap,1610612755,PHI,37.0,5.633333333333334,0,0,0.0,0,0,0.0,0,0,0.0,0,1,1,1,0,0,0,0,1,0,0,-2,0.1,123.0,108.7,0.048,0.2,0.0,10,0.0,0.0,74.56,120.0,96.45,0.0,0.25,89.47,127.3,100.0,-7.3,14.3,0.0,0.0,0.0,0.0,0.0,0.0,0.167,2.0,6.0,0.167,0.0,2.0,1.0,0.0,0.0,0.0,0.0,0.0,0.0,0.0,0.0,0.0,0.0,0.0,0.0,0.0,0.0,0.0,0.0,0.0,0.0,0.0,6.0,0.2,0.0,0.0,1.72,0.0,0.0,2.0,0.0,0.5,0.0,5.4,2.0,5.4,1.0,0.0,0.5,0.0,0.0,0.0,0.5,2.0,0.0,0.0,1.0,0.0,0.0,0.0,0.0,0.5,0.0,0.5,0.0,0.0,,,,,,,,,,,,,,,,,,,,,,,,,,,,,,,,,,,,,,,,,,,,,,,,,,,,,0.0,,0.0,,,,,0.0,0.0,0.0,0.0,0.0,0.0,0.0,0.0,0.0,0.0,0.0,,0.0,0.0,0.0,0.0,0.0,0.0,,0.0,,,0.0,0.0,0.0,0.0,0.0,,0.0,,0.0,0.0,0.0,0.0,3.0,3.0,0.6,1.0,0.653,0.347,0.0,0.0,,0.0,,,,0.0,0.0,0.0,,0.0,,,0.0,0.0,0.0,0.0,0.0,0.0,0.0,,,0.0,0.0,0.0,0.0,0.0,,,,,0.0,2022,42100201,20220502.0,2021-22,True,1.0,4.0,5.0,0.8,0.478,0.322,0.0,1.0,0.0,0.394,4.0,4.0,1.0,0.52,3.0,3.0,1.0,0.597,0.0,1.0,0.0,0.392,0.0,0.0,0.0,0.0,0.0,0.0,0.0,0.0,0.0,0.0,0.0,0.0,0.0,0.0,2.0,1.0,1.0,0.0,0.0,0.0,0.0,0.0,0.0,0.0,0.0,0.0,0.0,0.0,0.0,0.0,0.0,0.0,0.0,0.0,0.0
200794,Paul Millsap,1610612755,PHI,37.0,9.15,2,5,0.4,0,2,0.0,0,0,0.0,2,3,5,1,0,1,0,0,1,0,4,-1,0.263,128.8,158.6,0.148,0.5,0.0,17,0.154,0.4,74.32,141.2,90.23,0.0,0.143,89.18,147.1,16.7,-5.9,-29.9,0.203,0.4,0.208,0.0,2.0,0.0,0.1,3.0,10.0,0.1,0.0,5.0,1.0,0.0,1.0,1.0,1.0,0.0,0.0,0.0,0.0,0.0,0.0,0.5,2.0,0.0,0.0,1.0,1.0,2.0,0.0,3.0,15.0,0.5,0.0,0.667,2.18,0.0,0.0,7.0,0.267,1.07,2.0,5.2,5.0,4.4,2.0,0.0,0.5,0.0,0.5,0.4,0.6,10.0,1.0,1.0,3.0,0.0,1.0,0.4,0.333,0.5,5.0,0.6,0.4,6.6,,,,,,,,,,,,,,2.0,0.4,0.0,1.0,0.0,2.0,0.4,2.0,1.0,,2.0,1.0,0.0,2.0,2.0,0.0,0.0,0.4,0.0,0.0,,0.4,0.0,0.0,0.0,0.0,0.2,0.0,0.0,0.2,0.0,0.0,0.0,,0.0,1.0,1.0,0.0,0.0,0.0,0.0,0.0,,,,0.0,0.0,0.0,0.0,0.0,0.0,0.4,0.0,0.5,0.0,2.0,0.0,,0.0,0.0,1.0,2.0,1.0,0.0,1.0,0.0,0.0,0.0,2.0,0.0,0.0,0.0,0.0,,1.0,,1.0,0.0,0.0,0.0,93.0,55.0,0.443,0.591,0.632,-0.04,0.0,0.0,0.0,0.0,0.0,0.0,,1.0,0.0,0.0,,1.0,0.0,,0.0,0.0,2.0,1.0,0.0,2.0,0.0,0.0,0.0,0.0,0.0,0.0,1.0,3.0,0.0,2.0,0.0,0.0,0.0,2022,22100956,20220305.0,2021-22,False,1.0,1.0,4.0,0.25,0.512,-0.262,0.0,1.0,0.0,0.394,1.0,3.0,0.333,0.549,0.0,1.0,0.0,0.63,0.0,2.0,0.0,0.349,0.0,0.0,0.0,0.0,0.0,0.0,0.0,0.0,0.0,0.0,0.0,0.0,0.0,0.0,1.0,1.0,0.0,0.0,0.0,0.0,0.0,0.0,0.0,0.0,0.0,0.0,0.0,0.0,0.0,0.0,0.0,0.0,0.0,0.0,0.0
200794,Paul Millsap,1610612755,PHI,37.0,10.383333333333333,1,3,0.333,0,1,0.0,2,4,0.5,1,3,4,2,0,0,1,0,2,2,4,2,0.118,79.5,73.4,0.32,0.167,0.0,26,0.063,0.42,98.23,76.9,114.83,0.0,0.667,117.88,72.0,28.6,4.9,6.1,0.175,0.333,0.179,0.0,3.0,0.0,0.143,5.0,14.0,0.143,0.0,10.0,2.0,0.0,1.0,0.0,0.0,0.0,0.0,0.0,0.0,0.0,0.0,0.0,1.0,0.0,0.0,0.0,0.0,0.0,0.0,3.0,18.0,0.7,0.0,1.0,2.26,1.0,1.0,10.0,0.222,0.94,1.0,3.5,4.0,2.2,2.0,0.0,0.571,0.0,0.0,0.25,0.75,7.0,0.0,1.0,3.0,0.0,1.0,0.25,0.333,0.571,4.0,0.75,0.25,7.4,,,,,,,,,,,,,,2.0,0.667,0.0,0.5,0.0,1.0,0.667,2.0,0.5,,1.0,0.5,0.0,1.0,1.0,0.0,0.0,0.333,0.0,0.0,,0.333,0.0,0.0,0.0,0.0,,,,,,,,,,,,,,0.0,0.0,0.0,,,,0.0,0.0,1.0,0.0,0.0,0.0,0.333,0.0,1.0,0.0,3.0,0.0,0.0,0.0,,0.0,0.0,0.0,0.0,1.0,0.0,0.0,0.0,0.0,1.0,,,0.0,0.0,1.0,0.0,1.0,0.0,1.0,1.0,50.0,28.0,0.42,0.56,0.63,-0.07,0.0,0.0,,1.0,,,0.0,0.0,0.0,1.0,0.0,0.0,,0.0,0.0,0.0,0.0,1.0,1.0,0.0,0.0,,,0.0,0.0,0.0,1.0,1.0,0.0,1.0,0.0,0.0,0.0,2022,22100335,20211203.0,2021-22,False,1.0,1.0,9.0,0.111,0.426,-0.315,1.0,4.0,0.25,0.353,0.0,5.0,0.0,0.487,0.0,3.0,0.0,0.56,1.0,4.0,0.25,0.361,0.0,0.0,1.0,2.0,0.5,1.0,0.0,0.0,0.0,0.0,0.0,0.0,1.0,1.0,4.0,2.0,2.0,1.0,0.0,0.0,0.0,0.0,0.0,0.0,0.0,0.0,0.0,0.0,0.0,0.0,0.0,0.0,0.0,0.0,0.0
200794,Paul Millsap,1610612751,BKN,37.0,19.33333333333333,4,6,0.667,0,1,0.0,0,0,0.0,4,6,10,1,1,0,3,0,1,1,8,-5,0.222,115.5,116.4,0.175,0.273,12.5,38,0.174,0.667,80.69,115.8,99.51,1.0,0.071,96.83,122.5,12.5,-6.7,-0.9,0.149,0.667,0.149,12.5,2.0,0.0,0.037,2.0,27.0,0.037,0.0,14.0,1.0,0.0,1.0,2.0,1.0,0.0,0.0,0.0,0.0,0.0,0.0,0.0,1.0,0.0,0.0,1.0,0.0,2.0,3.0,5.0,36.0,1.3,0.667,0.8,2.24,2.0,1.0,15.0,0.222,1.08,4.0,4.7,11.0,3.6,5.0,0.0,0.526,0.0,0.75,0.444,0.545,19.0,3.0,1.0,6.0,0.0,1.0,0.444,0.167,0.526,9.0,0.545,0.4,6.2,,,,,,,,,,,,,,5.0,0.833,0.0,0.8,0.0,4.0,0.833,5.0,0.8,,4.0,0.8,0.0,1.0,1.0,0.0,0.0,0.167,0.0,0.0,,0.167,0.0,0.0,0.0,0.0,,,,,,,,,,,,,,0.0,0.0,0.0,,,,0.0,0.0,2.0,1.0,2.0,1.0,0.667,0.0,0.667,0.0,4.0,0.0,0.0,1.0,0.0,1.0,1.0,0.0,0.0,1.0,0.0,0.0,0.0,1.0,2.0,0.0,0.0,0.0,0.0,1.0,0.0,1.0,1.0,3.0,0.667,74.0,42.0,0.446,0.568,0.627,-0.059,0.0,0.0,,0.667,0.0,,0.0,0.0,0.0,2.0,0.0,1.0,,0.0,0.0,0.0,2.0,1.0,3.0,2.0,0.0,0.0,0.0,0.0,0.0,0.0,0.0,1.0,0.0,1.0,0.0,0.0,0.0,2022,22100630,20220113.0,2021-22,False,1.0,10.0,15.0,0.667,0.438,0.229,4.0,5.0,0.8,0.343,6.0,10.0,0.6,0.522,5.0,9.0,0.556,0.555,5.0,6.0,0.833,0.349,1.0,1.0,0.0,0.0,0.0,2.0,0.0,0.0,0.0,0.0,0.0,0.0,0.0,0.0,9.0,6.0,3.0,1.0,0.0,4.0,8.0,0.0,0.0,0.0,0.0,0.0,3.0,1.0,4.0,4.0,4.0,0.75,0.25,1.0,1.0
200794,Paul Millsap,1610612755,PHI,37.0,8.933333333333334,3,6,0.5,2,2,1.0,1,2,0.5,3,0,3,1,0,0,0,0,1,1,9,-8,0.15,116.2,158.3,0.148,0.0,0.0,16,0.2,0.654,73.88,131.3,97.79,0.0,0.333,88.66,170.6,12.5,-39.3,-42.1,0.264,0.667,0.269,0.0,2.0,0.0,0.111,3.0,9.0,0.111,0.0,10.0,1.0,0.0,2.0,0.25,0.0,0.25,0.0,0.0,2.0,1.0,0.0,0.25,4.0,0.5,1.0,0.0,1.0,1.0,1.0,4.0,16.0,0.8,0.0,0.5,2.87,0.0,0.0,11.0,0.563,1.5,3.0,3.2,2.0,0.0,0.0,0.0,0.5,0.0,1.0,0.75,0.0,6.0,3.0,0.0,0.0,0.0,0.0,0.75,0.0,0.5,4.0,0.0,1.0,3.2,,,,,,,,,,,,,,4.0,0.667,0.0,0.25,0.0,1.0,0.667,4.0,0.25,,1.0,0.25,0.0,1.0,1.0,1.5,1.0,0.167,1.0,0.0,,0.167,0.0,0.0,1.0,1.0,0.167,1.0,0.0,0.0,1.0,0.167,,1.0,1.5,0.0,1.0,1.0,1.0,0.0,0.0,0.0,0.0,0.0,,0.0,1.0,0.0,0.0,0.0,0.0,0.667,1.0,0.5,6.0,2.0,,,0.0,,0.0,0.0,2.0,1.0,,,,,0.0,1.0,,,2.0,,,,1.0,0.0,3.0,0.333,76.0,43.0,0.442,0.566,0.63,-0.064,0.0,1.0,0.0,0.333,0.0,0.0,,2.0,0.0,1.0,,0.0,0.0,,0.0,2.0,0.0,0.0,3.0,0.0,0.0,0.0,0.0,0.0,0.0,0.0,1.0,2.0,1.0,2.0,2.0,1.5,2.0,2022,22100869,20220215.0,2021-22,False,1.0,5.0,6.0,0.833,0.433,0.401,4.0,4.0,1.0,0.375,1.0,2.0,0.5,0.602,1.0,2.0,0.5,0.656,4.0,4.0,1.0,0.381,0.0,0.0,0.0,0.0,0.0,0.0,0.0,0.0,0.0,0.0,0.0,0.0,0.0,0.0,1.0,0.0,1.0,1.0,0.0,0.0,0.0,1.0,0.0,1.0,1.0,0.0,1.0,1.0,2.0,1.0,1.0,0.5,0.5,1.0,1.0
200794,Paul Millsap,1610612755,PHI,37.0,8.35,1,3,0.333,1,2,0.5,2,2,1.0,0,3,3,3,0,2,0,0,2,1,5,12,0.158,127.1,58.1,0.277,0.231,0.0,20,0.0,0.644,95.81,120.0,113.59,0.0,0.333,114.97,60.0,42.9,60.0,69.0,0.206,0.5,0.2,0.0,2.0,0.0,0.273,6.0,11.0,0.273,0.0,5.0,3.0,0.0,0.0,0.0,0.0,0.0,0.0,1.0,0.0,0.0,1.0,1.0,1.0,0.0,0.0,0.0,1.0,0.0,0.0,1.0,14.0,0.3,0.0,0.0,1.48,0.0,0.0,5.0,0.357,0.43,0.0,3.3,5.0,3.3,3.0,0.0,0.5,0.0,0.0,0.0,0.6,6.0,0.0,0.0,3.0,0.0,0.0,0.0,0.0,0.5,1.0,0.6,0.0,0.0,,,,,,,,,,,,,,1.0,0.333,0.0,0.0,0.0,0.0,0.333,1.0,0.0,,0.0,0.0,0.0,,,,,,,,,,,,,,0.667,1.0,0.0,0.0,2.0,0.667,,0.5,0.75,0.0,2.0,0.5,1.0,0.0,0.0,0.0,,,,0.0,0.0,0.0,0.0,0.0,0.0,0.5,0.5,0.0,3.0,0.0,0.0,,0.0,,0.0,0.0,2.0,0.5,0.0,0.0,0.0,0.0,0.0,0.0,,,1.0,,0.0,,1.0,0.0,0.0,0.0,6.0,4.0,0.462,0.667,0.627,0.039,0.0,0.5,,0.0,,,,2.0,0.0,0.0,,0.0,,,0.0,1.0,0.0,0.0,0.0,1.0,0.0,,,0.0,0.0,0.0,0.0,2.0,0.5,2.0,1.0,0.75,1.0,2022,22100038,20211024.0,2021-22,False,1.0,1.0,4.0,0.25,0.497,-0.247,,,,,1.0,4.0,0.25,0.55,1.0,4.0,0.25,0.577,,,,,0.0,0.0,0.0,0.0,0.0,0.0,0.0,0.0,0.0,0.0,0.0,0.0,0.0,0.0,1.0,1.0,0.0,2.0,0.0,0.0,0.0,0.0,0.0,0.0,0.0,0.0,0.0,0.0,0.0,0.0,0.0,0.0,0.0,0.0,0.0
200794,Paul Millsap,1610612755,PHI,37.0,9.43,0,1,0.0,0,0,0.0,0,0,0.0,0,0,0,0,1,1,0,1,2,1,0,-5,0.0,99.6,137.7,-0.069,0.0,50.0,19,0.0,0.0,82.71,110.5,101.7,0.0,0.0,99.26,130.0,0.0,-19.5,-38.1,0.091,0.0,0.087,50.0,0.0,0.0,0.0,0.0,8.0,0.0,0.0,4.0,0.0,0.0,1.0,0.0,0.0,0.0,0.0,0.0,0.0,0.0,0.0,0.0,1.0,0.0,0.0,0.0,0.0,0.0,0.0,0.0,10.0,0.2,0.0,0.0,1.44,0.0,0.0,4.0,0.0,0.4,,,,,,,,,,,,,,,,,,,,,,,,,,,,,,,,,,,,,,1.0,1.0,0.0,0.0,0.0,0.0,1.0,1.0,0.0,,0.0,0.0,0.0,,,,,,,,,,,,,,,,,,,,,,,,,,,0.0,,0.0,,,,,0.0,0.0,0.0,0.0,0.0,0.0,0.0,0.0,0.0,0.0,0.0,0.0,0.0,0.0,0.0,1.0,0.0,0.0,0.0,0.0,0.0,0.0,0.0,0.0,0.0,0.0,0.0,0.0,0.0,0.0,0.0,0.0,0.0,0.0,104.0,64.0,0.443,0.615,0.639,-0.024,0.0,0.0,,0.0,,,0.0,0.0,0.0,0.0,0.0,0.0,,0.0,0.0,0.0,0.0,0.0,0.0,1.0,0.0,,,0.0,0.0,0.0,0.0,0.0,,,,,0.0,2022,22101131,20220329.0,2021-22,False,1.0,8.0,13.0,0.615,0.52,0.095,1.0,4.0,0.25,0.334,7.0,9.0,0.778,0.589,6.0,7.0,0.857,0.656,1.0,5.0,0.2,0.357,0.0,0.0,0.0,0.0,0.0,0.0,0.0,0.0,0.0,0.0,0.0,0.0,0.0,0.0,8.0,6.0,2.0,3.0,0.0,0.0,0.0,0.0,0.0,0.0,0.0,0.0,1.0,1.0,2.0,2.0,0.0,0.5,0.5,1.0,0.0
200794,Paul Millsap,1610612755,PHI,37.0,11.711666666666666,3,5,0.6,0,1,0.0,0,0,0.0,2,1,3,1,1,1,0,0,3,0,6,-3,0.15,122.3,131.6,0.07,0.111,14.3,25,0.182,0.6,87.09,120.0,101.64,1.0,0.167,104.51,126.9,14.3,-6.9,-9.2,0.218,0.6,0.214,14.3,3.0,0.0,0.059,3.0,17.0,0.059,0.0,14.0,1.0,0.0,2.0,0.667,1.0,0.0,0.0,0.0,0.0,0.0,0.0,0.0,3.0,0.0,0.0,0.5,0.0,2.0,1.0,2.0,24.0,0.7,0.0,0.0,1.79,0.0,0.0,14.0,0.25,1.0,1.0,4.8,3.0,4.1,1.0,0.0,0.5,0.0,0.5,0.667,0.333,6.0,1.0,1.0,2.0,0.0,0.0,0.667,0.0,0.5,3.0,0.333,0.333,5.1,,,,,,,,,,,,,,1.0,0.2,0.0,0.0,0.0,0.0,0.2,1.0,0.0,,0.0,0.0,0.0,4.0,1.0,0.75,0.0,0.8,3.0,3.0,1.0,0.2,0.6,3.0,0.75,0.0,,,,,,,,,,,,,,0.0,0.0,0.0,,,,0.0,0.0,0.0,0.0,0.0,0.0,0.6,0.5,0.0,2.0,0.0,0.0,0.0,1.0,0.0,0.667,3.0,0.0,0.0,1.0,0.0,0.0,0.0,2.0,0.0,0.0,0.0,0.0,0.0,1.0,0.0,1.0,1.0,0.0,0.0,86.0,50.0,0.448,0.581,0.631,-0.049,0.0,0.0,,0.0,,,0.0,0.0,1.0,0.0,0.0,1.0,,0.0,0.0,0.0,2.0,1.0,1.0,2.0,0.0,,,0.0,0.0,1.0,1.0,2.0,0.0,1.0,0.0,0.5,1.0,2022,22100912,20220227.0,2021-22,False,1.0,4.0,6.0,0.667,0.446,0.221,,,,,4.0,6.0,0.667,0.514,4.0,6.0,0.667,0.558,,,,,0.0,0.0,0.0,0.0,0.0,0.0,0.0,0.0,0.0,0.0,0.0,0.0,0.0,0.0,3.0,3.0,0.0,2.0,0.0,0.0,0.0,1.0,0.0,1.0,1.0,0.0,0.0,2.0,2.0,1.0,0.0,0.0,1.0,1.0,0.0
200794,Paul Millsap,1610612755,PHI,37.0,8.133333333333333,1,2,0.5,0,1,0.0,0,0,0.0,1,0,1,1,0,0,0,0,2,0,2,-7,0.053,94.8,136.3,0.016,0.0,0.0,16,0.125,0.5,78.69,100.0,99.62,0.0,0.2,94.43,143.8,33.3,-43.8,-41.5,0.101,0.5,0.1,0.0,1.0,0.0,0.083,3.0,12.0,0.083,0.0,7.0,1.0,0.0,0.0,0.0,0.0,0.0,0.0,0.0,0.0,0.0,0.0,0.0,0.0,0.0,0.0,0.0,0.0,0.0,0.0,1.0,14.0,0.4,0.0,2.0,1.87,0.0,0.0,8.0,0.143,0.21,1.0,3.2,2.0,0.0,0.0,0.0,0.25,0.0,1.0,0.5,0.0,4.0,1.0,0.0,0.0,0.0,0.0,0.5,0.0,0.25,2.0,0.0,1.0,3.2,1.0,0.0,0.5,0.0,0.0,1.0,1.0,1.0,1.0,0.5,1.0,1.0,,,,,,,,,,,,,,,,,,,,,,,,,,,,0.5,0.0,0.0,0.0,1.0,0.5,,0.0,0.0,0.0,1.0,0.0,0.0,0.0,0.0,0.0,,,,0.0,0.0,0.0,0.0,0.0,0.0,0.5,0.0,1.0,0.0,2.0,0.0,0.0,0.0,0.0,0.0,0.0,1.0,0.0,0.0,0.0,0.0,0.0,0.0,1.0,0.0,0.0,0.0,0.0,0.0,0.0,0.0,0.0,1.0,1.0,45.0,27.0,0.459,0.6,0.637,-0.037,0.0,0.0,,1.0,,,0.0,1.0,0.0,1.0,0.0,0.0,,0.0,0.0,0.0,0.0,0.0,1.0,0.0,0.0,,,0.0,0.0,0.0,0.0,1.0,0.0,1.0,0.0,0.0,0.0,2022,22100292,20211127.0,2021-22,False,1.0,4.0,7.0,0.571,0.517,0.054,0.0,2.0,0.0,0.352,4.0,5.0,0.8,0.584,4.0,4.0,1.0,0.622,0.0,3.0,0.0,0.353,0.0,0.0,0.0,0.0,0.0,0.0,0.0,0.0,0.0,0.0,0.0,0.0,0.0,0.0,1.0,0.0,1.0,0.0,0.0,2.0,5.0,0.0,0.0,0.0,0.0,0.0,1.0,1.0,2.0,1.0,1.0,0.5,0.5,1.0,1.0
200794,Paul Millsap,1610612751,BKN,37.0,15.416666666666666,0,3,0.0,0,0,0.0,2,2,1.0,3,2,5,1,1,1,0,0,3,2,2,-7,0.179,116.3,135.6,0.008,0.154,16.7,30,0.2,0.258,77.84,106.7,87.61,1.0,0.083,93.41,130.0,16.7,-23.3,-19.3,0.15,0.0,0.143,17.0,3.0,0.0,0.063,3.0,16.0,0.063,0.0,9.0,1.0,0.0,0.0,1.0,0.0,0.5,0.0,0.5,2.0,2.0,1.0,0.5,2.0,1.0,1.0,0.0,1.0,2.0,0.0,5.0,23.0,0.7,0.0,0.0,1.94,0.0,1.0,11.0,0.087,1.17,3.0,3.7,4.0,3.8,1.0,0.0,0.625,0.0,0.667,0.6,0.5,8.0,2.0,1.0,2.0,0.0,1.0,0.6,0.5,0.625,5.0,0.5,0.6,3.7,0.0,0.0,0.333,0.0,0.0,0.0,0.0,1.0,0.0,0.333,0.0,1.0,,2.0,0.667,0.0,0.0,0.0,0.0,0.667,2.0,0.0,,0.0,0.0,0.0,,,,,,,,,,,,,,,,,,,,,,,,,,,0.0,,0.0,,,,,0.0,0.0,0.0,0.0,0.0,0.0,0.0,0.0,0.0,0.0,0.0,0.0,0.0,0.0,0.0,0.0,0.0,0.0,0.0,0.0,0.0,0.0,0.0,0.0,0.0,0.0,0.0,0.0,0.0,0.0,0.0,0.0,3.0,0.0,47.0,28.0,0.427,0.596,0.633,-0.038,0.0,0.0,,0.0,0.0,,0.0,0.0,0.0,0.0,0.0,0.0,,0.0,0.0,0.0,0.0,0.0,3.0,0.0,0.0,0.0,0.0,0.0,0.0,0.0,0.0,0.0,,,,,0.0,2022,22100314,20211130.0,2021-22,False,1.0,4.0,12.0,0.333,0.414,-0.081,1.0,3.0,0.333,0.403,3.0,9.0,0.333,0.45,1.0,2.0,0.5,0.533,2.0,8.0,0.25,0.369,0.0,0.0,0.0,0.0,0.0,0.0,1.0,1.0,0.0,0.0,0.0,0.0,0.0,0.0,4.0,2.0,2.0,3.0,0.0,1.0,2.0,0.0,0.0,0.0,0.0,0.0,1.0,3.0,4.0,3.0,2.0,0.25,0.75,1.0,0.667
200794,Paul Millsap,1610612751,BKN,37.0,15.35,6,11,0.545,1,1,1.0,0,0,0.0,5,2,7,2,0,0,1,1,3,0,13,-8,0.159,84.3,118.8,0.203,0.133,0.0,33,0.172,0.591,87.3,93.9,108.82,0.0,0.286,104.76,114.7,15.4,-20.8,-34.4,0.24,0.591,0.239,0.0,1.0,0.0,0.059,2.0,17.0,0.118,0.0,11.0,1.0,0.0,1.0,0.0,0.0,0.0,0.0,0.0,0.0,0.0,0.0,0.0,1.0,0.0,0.0,0.0,0.0,0.0,0.0,5.0,27.0,1.1,0.0,0.8,2.34,2.0,1.0,12.0,0.481,1.22,4.0,5.0,3.0,6.4,2.0,0.0,0.875,0.0,0.8,0.833,0.667,8.0,4.0,0.0,2.0,0.0,0.0,0.833,0.0,0.875,6.0,0.667,0.571,4.4,,,,,,,,,,,,,,8.0,0.8,0.0,0.5,0.0,4.0,0.8,8.0,0.5,,4.0,0.5,0.0,1.0,0.0,1.0,0.0,0.1,1.0,1.0,1.0,0.0,0.1,1.0,1.0,,0.1,1.0,0.0,0.0,1.0,0.1,,1.0,1.5,0.0,1.0,1.0,1.0,1.0,0.0,2.0,1.0,1.0,,0.0,1.0,2.0,0.0,0.0,1.0,0.591,1.0,0.4,3.0,4.0,0.0,,0.5,0.0,1.0,1.0,1.0,1.0,0.0,0.0,0.0,0.0,1.0,3.0,0.0,0.0,1.0,,0.0,,2.0,1.0,7.0,0.429,52.0,29.0,0.413,0.558,0.629,-0.071,0.0,1.0,0.0,0.429,,0.0,0.0,1.0,0.5,3.0,0.0,1.0,0.0,0.0,0.0,1.0,1.0,0.0,7.0,1.0,0.0,,,0.0,0.0,1.0,2.0,1.0,1.0,1.0,1.0,1.5,1.0,2022,22100343,20211204.0,2021-22,False,1.0,4.0,7.0,0.571,0.483,0.089,,,,,4.0,7.0,0.571,0.514,1.0,2.0,0.5,0.554,2.0,4.0,0.5,0.422,1.0,1.0,0.0,0.0,0.0,2.0,0.0,0.0,0.0,0.0,0.0,0.0,0.0,0.0,3.0,3.0,0.0,0.0,0.0,2.0,5.0,0.0,0.0,0.0,0.0,0.0,0.0,1.0,1.0,1.0,0.0,0.0,1.0,1.0,0.0
200794,Paul Millsap,1610612755,PHI,37.0,16.816666666666666,1,5,0.2,1,3,0.333,0,0,0.0,1,5,6,0,1,0,1,1,4,1,3,8,0.15,129.7,108.4,0.0,0.208,16.7,33,0.063,0.3,76.11,130.3,93.39,0.0,0.0,91.34,112.9,0.0,17.4,21.2,0.161,0.3,0.154,16.7,1.0,0.0,0.0,0.0,25.0,0.0,0.0,16.0,0.0,1.0,0.0,0.0,0.0,0.0,1.0,0.0,0.0,0.0,0.0,0.0,1.0,0.0,0.0,0.0,0.0,0.0,1.0,0.0,33.0,1.5,0.0,0.0,2.73,0.0,1.0,14.0,0.091,0.85,3.0,7.0,9.0,5.1,2.0,2.0,0.5,2.0,0.0,0.333,0.714,12.0,0.0,1.0,3.0,0.0,3.0,0.333,0.6,0.6,3.0,0.556,0.5,16.8,,,,,,,,,,,,,,1.0,0.2,0.0,0.0,0.0,0.0,0.2,1.0,0.0,,0.0,0.0,0.0,1.0,0.0,0.0,0.0,0.2,0.0,0.0,0.0,0.0,0.2,1.0,0.0,,0.6,1.0,0.0,0.0,3.0,0.6,,0.333,0.5,0.0,3.0,0.333,1.0,0.0,0.0,0.0,,,,0.0,0.0,0.0,0.0,0.0,0.0,0.3,0.25,0.0,3.0,0.0,0.0,0.0,0.0,0.0,0.0,1.0,3.0,0.333,0.0,0.0,0.0,0.0,0.0,0.0,0.0,0.0,1.0,0.0,0.0,0.0,1.0,0.0,0.0,0.0,41.0,23.0,0.451,0.561,0.634,-0.073,1.0,0.333,0.0,0.0,0.0,0.0,0.0,3.0,0.0,0.0,0.0,0.0,0.0,0.0,0.0,1.0,0.0,0.0,0.0,1.0,0.0,0.0,0.0,0.0,0.0,0.0,0.0,4.0,0.333,3.0,1.0,0.375,1.0,2022,22100278,20211124.0,2021-22,False,1.0,3.0,11.0,0.273,0.461,-0.188,0.0,2.0,0.0,0.353,3.0,9.0,0.333,0.498,2.0,5.0,0.4,0.531,0.0,5.0,0.0,0.38,0.0,0.0,0.0,0.0,0.0,0.0,0.0,0.0,0.0,0.0,0.0,0.0,0.0,0.0,4.0,4.0,0.0,0.0,0.0,1.0,3.0,0.0,0.0,0.0,0.0,0.0,0.0,2.0,2.0,2.0,1.0,0.0,1.0,1.0,0.5
200794,Paul Millsap,1610612751,BKN,37.0,6.283333333333333,0,1,0.0,0,0,0.0,0,0,0.0,0,1,1,0,0,0,0,0,1,0,0,-5,0.067,61.0,108.7,-0.067,0.167,0.0,14,0.0,0.0,85.94,64.3,105.57,0.0,0.0,103.13,107.7,0.0,-43.4,-47.7,0.06,0.0,0.056,0.0,1.0,0.0,0.0,0.0,5.0,0.0,0.0,3.0,0.0,0.0,1.0,0.0,0.0,0.0,0.0,0.0,0.0,0.0,0.0,0.5,2.0,0.0,0.0,0.0,1.0,0.0,0.0,0.0,6.0,0.2,0.0,0.0,1.95,0.0,0.0,3.0,0.0,1.0,1.0,3.7,1.0,3.7,0.0,0.0,0.5,0.0,0.0,0.0,1.0,2.0,0.0,0.0,0.0,0.0,1.0,0.0,1.0,0.5,1.0,1.0,1.0,0.0,,,,,,,,,,,,,,1.0,1.0,0.0,0.0,0.0,0.0,1.0,1.0,0.0,,0.0,0.0,0.0,,,,,,,,,,,,,,,,,,,,,,,,,,,0.0,,0.0,,,,,0.0,0.0,0.0,0.0,0.0,0.0,0.0,0.0,0.0,0.0,0.0,0.0,0.0,0.0,0.0,1.0,0.0,0.0,0.0,0.0,0.0,0.0,0.0,0.0,0.0,0.0,0.0,0.0,0.0,0.0,0.0,0.0,0.0,0.0,63.0,36.0,0.432,0.571,0.633,-0.062,0.0,0.0,,0.0,0.0,,0.0,0.0,0.0,0.0,0.0,0.0,,0.0,0.0,0.0,0.0,0.0,0.0,1.0,0.0,0.0,0.0,0.0,0.0,0.0,0.0,0.0,,,,,0.0,2022,22100491,20211225.0,2021-22,False,1.0,2.0,4.0,0.5,0.444,0.056,0.0,1.0,0.0,0.375,2.0,3.0,0.667,0.58,1.0,1.0,1.0,0.707,1.0,3.0,0.333,0.258,0.0,0.0,0.0,0.0,0.0,0.0,0.0,0.0,0.0,0.0,0.0,0.0,0.0,0.0,2.0,2.0,0.0,1.0,0.0,1.0,3.0,0.0,0.0,0.0,0.0,0.0,0.0,0.0,0.0,0.0,0.0,0.0,0.0,0.0,0.0
200794,Paul Millsap,1610612755,PHI,37.0,23.045,2,5,0.4,0,1,0.0,1,1,1.0,1,3,4,1,1,1,1,0,4,3,5,-1,0.098,110.4,110.1,0.034,0.167,14.3,45,0.043,0.46,78.11,108.9,93.52,1.0,0.071,93.73,111.1,14.3,-2.2,0.2,0.136,0.4,0.122,13.4,3.0,0.0,0.037,3.0,27.0,0.037,0.0,21.0,1.0,1.0,1.0,0.0,0.0,0.0,0.5,0.0,0.0,0.0,0.0,0.0,2.0,0.0,0.0,0.0,0.0,0.0,0.0,4.0,35.0,1.2,0.0,1.25,2.07,1.0,2.0,21.0,0.143,0.66,2.0,8.6,4.0,10.5,2.0,1.0,0.667,1.0,1.0,0.5,1.0,6.0,1.0,0.0,2.0,0.0,1.0,0.5,0.333,0.8,2.0,0.75,0.5,2.8,,,,,,,,,,,,,,4.0,0.8,0.0,0.5,0.0,2.0,0.8,4.0,0.5,,2.0,0.5,0.0,,,,,,,,,,,,,,0.2,0.0,0.0,0.0,1.0,0.2,,0.0,0.0,0.0,1.0,0.0,0.0,0.0,0.0,0.0,,,,0.0,0.0,2.0,0.0,0.0,0.5,0.4,0.0,1.0,0.0,5.0,0.0,0.0,0.0,0.0,0.0,0.0,0.0,0.0,1.0,0.0,0.0,0.0,0.0,2.0,0.0,0.0,0.0,0.0,1.0,0.0,0.0,0.0,4.0,0.5,99.0,60.0,0.446,0.606,0.635,-0.029,0.0,0.0,,0.5,,,0.0,0.0,0.0,2.0,0.0,0.0,,0.0,0.0,0.0,0.0,1.0,4.0,0.0,0.0,,,0.0,0.0,0.0,0.0,1.0,0.0,1.0,0.0,0.0,0.0,2022,22101074,20220321.0,2021-22,False,1.0,7.0,12.0,0.583,0.482,0.101,1.0,4.0,0.25,0.348,6.0,8.0,0.75,0.542,5.0,6.0,0.833,0.631,1.0,4.0,0.25,0.362,1.0,2.0,0.0,0.0,0.0,1.0,0.0,0.0,0.0,0.0,0.0,0.0,0.0,0.0,7.0,5.0,2.0,2.0,0.0,1.0,3.0,0.0,1.0,1.0,0.0,1.0,1.0,0.0,1.0,1.0,0.0,1.0,0.0,1.0,0.0
200794,Paul Millsap,1610612751,BKN,37.0,9.2,0,1,0.0,0,1,0.0,0,0,0.0,0,3,3,2,1,0,0,0,3,1,0,0,0.125,70.4,68.9,0.0,0.231,25.0,19,0.0,0.0,84.78,73.7,104.87,2.0,0.333,101.74,70.0,50.0,3.7,1.5,0.096,0.0,0.095,25.0,4.0,1.0,0.214,6.0,14.0,0.143,0.0,10.0,3.0,0.0,0.0,0.0,0.0,0.0,0.0,0.0,0.0,0.0,0.0,1.0,1.0,0.0,0.0,0.0,1.0,0.0,1.0,1.0,16.0,0.6,0.0,0.0,2.24,0.0,1.0,10.0,0.0,1.13,0.0,3.0,5.0,3.0,3.0,1.0,0.5,1.0,0.0,0.0,0.75,6.0,0.0,0.0,3.0,0.0,0.0,0.0,0.0,0.6,1.0,0.6,0.0,0.0,,,,,,,,,,,,,,,,,,,,,,,,,,,,,,,,,,,,,,,,1.0,0.0,0.0,0.0,1.0,1.0,,0.0,0.0,0.0,1.0,0.0,0.0,0.0,0.0,0.0,,,,0.0,0.0,0.0,0.0,0.0,0.0,0.0,0.0,0.0,0.0,0.0,0.0,0.0,0.0,0.0,0.0,0.0,1.0,0.0,0.0,0.0,0.0,0.0,0.0,0.0,0.0,0.0,0.0,0.0,0.0,0.0,0.0,0.0,0.0,0.0,10.0,7.0,0.417,0.7,0.631,0.069,0.0,0.0,,0.0,,,0.0,1.0,0.0,0.0,0.0,0.0,,0.0,0.0,0.0,0.0,0.0,0.0,0.0,0.0,,,0.0,0.0,0.0,0.0,1.0,0.0,1.0,0.0,0.0,0.0,2022,22100044,20211025.0,2021-22,False,1.0,4.0,11.0,0.364,0.47,-0.106,1.0,4.0,0.25,0.35,3.0,7.0,0.429,0.542,3.0,6.0,0.5,0.613,1.0,4.0,0.25,0.357,0.0,0.0,0.0,0.0,0.0,0.0,0.0,0.0,0.0,0.0,1.0,1.0,0.0,0.0,3.0,1.0,2.0,0.0,1.0,3.0,6.0,0.0,0.0,0.0,0.0,0.0,0.0,0.0,0.0,0.0,0.0,0.0,0.0,0.0,0.0
200794,Paul Millsap,1610612751,BKN,37.0,18.816666666666663,2,4,0.5,1,3,0.333,0,0,0.0,2,3,5,1,1,0,1,0,4,0,5,24,0.106,134.0,67.3,0.05,0.107,16.7,38,0.105,0.625,79.72,131.6,96.88,1.0,0.059,95.66,70.3,16.7,61.3,66.7,0.118,0.625,0.114,16.7,2.0,0.0,0.091,3.0,22.0,0.045,1.0,15.0,2.0,0.0,0.0,0.0,0.0,0.0,0.0,0.0,0.0,0.0,0.0,1.0,2.0,0.0,0.0,0.0,2.0,0.0,0.0,2.0,27.0,0.8,0.0,1.0,1.85,0.0,0.0,17.0,0.185,0.96,2.0,4.9,10.0,5.0,3.0,1.0,0.385,1.0,1.0,0.667,0.333,13.0,2.0,0.0,3.0,0.0,0.0,0.667,0.0,0.417,3.0,0.3,0.4,4.8,,,,,,,,,,,,,,1.0,0.25,0.0,1.0,0.0,1.0,0.25,1.0,1.0,,1.0,1.0,0.0,1.0,1.0,0.0,0.0,0.25,0.0,0.0,,0.25,0.0,0.0,0.0,0.0,0.5,1.0,0.0,0.0,2.0,0.5,,0.5,0.75,0.0,2.0,0.5,1.0,0.0,0.0,0.0,,,,0.0,0.0,0.0,0.0,0.0,0.0,0.625,0.333,1.0,3.0,2.0,0.5,,0.0,0.5,0.0,0.0,1.0,0.0,0.0,1.0,0.0,0.0,0.0,1.0,1.0,2.0,0.0,,2.0,,0.0,0.0,1.0,1.0,32.0,20.0,0.457,0.625,0.646,-0.021,0.0,0.0,,1.0,,,0.0,1.0,0.0,1.0,0.0,0.0,,0.0,0.0,0.0,0.0,2.0,1.0,0.0,0.5,,,1.0,0.0,0.0,0.0,3.0,0.333,3.0,1.0,0.5,1.0,2022,22100159,20211110.0,2021-22,False,1.0,3.0,11.0,0.273,0.42,-0.147,0.0,5.0,0.0,0.336,3.0,6.0,0.5,0.463,3.0,4.0,0.75,0.512,0.0,6.0,0.0,0.334,0.0,0.0,0.0,0.0,0.0,0.0,0.0,0.0,0.0,0.0,0.0,0.0,0.0,0.0,4.0,1.0,3.0,0.0,0.0,1.0,2.0,0.0,0.0,0.0,0.0,0.0,2.0,0.0,2.0,2.0,1.0,1.0,0.0,1.0,0.5
200794,Paul Millsap,1610612755,PHI,37.0,12.233333333333333,0,2,0.0,0,0,0.0,3,4,0.75,1,1,2,0,1,0,0,1,2,3,3,2,0.071,109.4,103.7,-0.041,0.071,20.0,26,0.071,0.399,85.01,107.7,99.43,0.0,0.0,102.02,100.0,0.0,7.7,5.7,0.166,0.0,0.161,21.0,2.0,0.0,0.0,0.0,10.0,0.0,0.0,10.0,0.0,0.0,0.0,0.0,0.0,0.0,0.0,0.0,0.0,0.0,0.0,1.0,1.0,0.0,0.0,0.0,1.0,0.0,3.0,3.0,15.0,0.7,0.0,0.0,2.69,0.0,1.0,10.0,0.2,1.33,2.0,6.4,3.0,2.7,0.0,0.0,0.4,0.0,1.0,0.5,0.333,5.0,1.0,0.0,0.0,0.0,1.0,0.5,1.0,0.4,2.0,0.333,1.0,10.2,0.0,0.0,0.5,0.0,0.0,0.0,0.0,1.0,0.0,0.5,0.0,1.0,,,,,,,,,,,,,,,1.0,0.0,0.0,0.0,0.5,0.0,0.0,0.0,0.0,0.5,1.0,0.0,,,,,,,,,,,,,,,0.0,,0.0,,,,,0.0,0.0,0.0,0.0,0.0,0.0,0.0,0.0,0.0,0.0,0.0,0.0,0.0,0.0,0.0,1.0,0.0,0.0,0.0,0.0,0.0,0.0,0.0,0.0,0.0,0.0,0.0,0.0,0.0,0.0,0.0,0.0,1.0,0.0,80.0,46.0,0.43,0.575,0.633,-0.058,0.0,0.0,,0.0,,,0.0,0.0,0.0,0.0,0.0,0.0,,0.0,0.0,0.0,0.0,0.0,2.0,0.0,0.0,,,0.0,0.0,0.0,0.0,0.0,,,,,0.0,2022,22100901,20220225.0,2021-22,False,1.0,2.0,8.0,0.25,0.469,-0.219,0.0,4.0,0.0,0.359,2.0,4.0,0.5,0.555,2.0,3.0,0.667,0.596,0.0,4.0,0.0,0.365,0.0,0.0,0.0,0.0,0.0,0.0,0.0,0.0,0.0,0.0,0.0,0.0,0.0,0.0,6.0,2.0,4.0,2.0,0.0,0.0,0.0,0.0,1.0,1.0,0.0,1.0,0.0,4.0,4.0,1.0,0.0,0.0,1.0,1.0,0.0
200794,Paul Millsap,1610612755,PHI,37.0,9.91,1,4,0.25,0,1,0.0,0,0,0.0,1,3,4,0,0,1,0,0,2,1,2,1,0.174,106.6,111.0,0.034,0.3,0.0,25,0.077,0.25,94.85,104.0,113.63,0.0,0.0,113.82,113.6,0.0,-9.6,-4.5,0.146,0.25,0.143,0.0,2.0,1.0,0.067,0.0,15.0,0.0,0.0,9.0,1.0,0.0,0.0,0.0,0.0,0.0,0.0,0.0,0.0,0.0,0.0,0.0,0.0,0.0,0.0,0.0,0.0,0.0,3.0,4.0,21.0,0.5,0.667,0.5,1.54,0.0,0.0,9.0,0.095,0.57,2.0,5.1,5.0,5.5,2.0,1.0,0.571,1.0,1.0,0.5,0.75,7.0,1.0,0.0,2.0,0.0,1.0,0.5,0.333,0.667,2.0,0.6,0.5,4.0,0.0,0.0,0.25,0.0,0.0,0.0,0.0,1.0,0.0,0.25,0.0,1.0,,1.0,0.25,0.0,1.0,0.0,1.0,0.25,1.0,1.0,,1.0,1.0,0.0,,,,,,,,,,,,,,0.5,0.0,0.0,0.25,1.0,0.25,0.0,0.0,0.0,1.0,2.0,0.0,0.0,0.0,0.0,0.0,,,,0.0,0.0,0.0,0.5,2.0,0.0,0.25,0.0,0.5,0.0,2.0,0.0,0.0,0.0,0.0,0.0,2.0,1.0,0.0,0.0,0.0,0.0,0.0,0.0,1.0,0.0,0.0,0.0,0.0,0.0,0.0,0.0,0.0,1.0,1.0,36.0,21.0,0.45,0.583,0.644,-0.061,0.0,0.0,,0.5,,,0.0,1.0,0.0,1.0,0.0,0.0,,0.0,0.0,0.0,0.0,0.0,2.0,0.0,0.0,,,0.0,0.0,0.0,1.0,2.0,0.0,1.0,0.0,0.0,0.0,2022,22100262,20211122.0,2021-22,False,1.0,3.0,6.0,0.5,0.496,0.005,1.0,1.0,1.0,0.342,2.0,5.0,0.4,0.561,1.0,4.0,0.25,0.592,2.0,2.0,1.0,0.351,0.0,0.0,0.0,0.0,0.0,0.0,0.0,0.0,0.0,0.0,0.0,0.0,0.0,0.0,3.0,3.0,0.0,2.0,0.0,2.0,5.0,0.0,0.0,0.0,0.0,0.0,1.0,0.0,1.0,1.0,1.0,1.0,0.0,1.0,1.0
200794,Paul Millsap,1610612751,BKN,37.0,9.516666666666667,1,2,0.5,0,1,0.0,0,0,0.0,0,1,1,2,0,0,1,0,2,0,2,7,0.059,124.1,88.8,0.066,0.083,0.0,22,0.0,0.5,92.47,122.7,111.67,0.0,0.222,110.96,90.9,50.0,31.8,35.3,0.088,0.5,0.087,0.0,4.0,0.0,0.2,4.0,10.0,0.2,0.0,7.0,2.0,0.0,0.0,0.0,0.0,0.0,0.0,1.0,0.0,0.0,1.0,1.0,1.0,0.0,0.0,0.0,1.0,0.0,2.0,2.0,12.0,0.3,1.0,1.0,1.46,0.0,0.0,7.0,0.167,0.92,0.0,2.6,4.0,2.6,1.0,0.0,0.25,0.0,0.0,0.0,0.25,4.0,0.0,0.0,1.0,0.0,0.0,0.0,0.0,0.25,0.0,0.25,0.0,0.0,,,,,,,,,,,,,,,,,,,,,,,,,,,1.0,0.0,1.0,0.0,0.5,1.0,1.0,1.0,0.0,0.5,1.0,1.0,,0.5,0.0,0.0,0.0,1.0,0.5,,0.0,0.0,0.0,1.0,0.0,0.0,0.0,0.0,0.0,,,,0.0,0.0,0.0,1.0,2.0,0.0,0.5,0.0,1.0,0.0,2.0,0.0,0.0,0.0,0.0,1.0,1.0,0.0,0.0,1.0,0.0,0.0,0.0,1.0,0.0,0.0,0.0,0.0,0.0,1.0,0.0,0.0,0.0,0.0,0.0,65.0,37.0,0.43,0.569,0.631,-0.062,0.0,0.0,,0.0,,,0.0,0.0,1.0,0.0,0.0,0.0,,0.0,0.0,0.0,0.0,1.0,0.0,0.0,0.0,,,0.0,0.0,1.0,1.0,1.0,0.0,1.0,0.0,0.0,0.0,2022,22100507,20211227.0,2021-22,False,1.0,2.0,5.0,0.4,0.439,-0.039,0.0,1.0,0.0,0.366,2.0,4.0,0.5,0.494,1.0,2.0,0.5,0.56,0.0,1.0,0.0,0.39,0.0,0.0,0.0,0.0,0.0,0.0,0.0,0.0,0.0,0.0,0.0,0.0,0.0,0.0,4.0,3.0,1.0,0.0,0.0,0.0,0.0,0.0,0.0,0.0,0.0,0.0,0.0,1.0,1.0,1.0,1.0,0.0,1.0,1.0,1.0
200794,Paul Millsap,1610612755,PHI,37.0,18.925,5,11,0.455,0,1,0.0,0,0,0.0,3,3,6,3,1,1,0,0,4,1,10,-2,0.143,103.4,120.2,0.121,0.188,6.7,37,0.115,0.455,78.2,113.5,97.9,3.0,0.333,93.84,118.9,20.0,-5.4,-16.8,0.237,0.455,0.235,6.7,4.0,0.0,0.111,6.0,27.0,0.111,0.0,19.0,3.0,0.0,1.0,0.0,0.0,0.0,0.0,0.0,0.0,0.0,0.0,0.5,2.0,0.0,0.0,0.0,1.0,0.0,5.0,4.0,38.0,1.2,0.4,1.0,1.86,0.0,1.0,22.0,0.263,0.87,4.0,3.4,5.0,4.4,2.0,0.0,0.462,1.0,1.0,0.375,0.6,13.0,3.0,0.0,2.0,1.0,1.0,0.429,0.333,0.5,8.0,0.6,0.667,2.4,1.0,0.0,0.182,0.0,0.0,2.0,2.0,2.0,1.0,0.182,1.0,2.0,,5.0,0.455,0.0,0.4,0.0,2.0,0.455,5.0,0.4,,2.0,0.4,0.0,4.0,1.0,0.25,0.0,0.364,1.0,1.0,0.333,0.091,0.273,3.0,0.25,0.0,,,,,,,,,,,,,,0.0,1.0,0.0,0.0,0.0,0.0,0.0,3.0,0.0,1.0,2.0,0.0,0.455,0.0,0.5,0.0,4.0,0.0,0.0,0.0,0.0,0.333,3.0,1.0,0.0,0.0,0.0,0.0,0.0,1.0,4.0,0.0,0.0,0.0,0.0,0.0,0.0,2.0,0.0,5.0,0.8,61.0,34.0,0.439,0.557,0.632,-0.074,0.0,0.0,,0.8,,,0.0,0.0,0.0,4.0,1.0,0.25,,0.0,0.0,0.0,1.0,0.0,5.0,4.0,0.0,,,0.0,0.0,0.0,1.0,0.0,,0.0,0.0,,0.0,2022,22100366,20211208.0,2021-22,False,1.0,5.0,11.0,0.455,0.444,0.01,2.0,3.0,0.667,0.317,3.0,8.0,0.375,0.556,3.0,8.0,0.375,0.591,2.0,3.0,0.667,0.318,0.0,1.0,0.0,0.0,0.0,0.0,0.0,0.0,0.0,0.0,0.0,0.0,0.0,0.0,5.0,3.0,2.0,4.0,0.0,2.0,4.0,0.0,0.0,0.0,0.0,0.0,1.0,1.0,2.0,2.0,1.0,0.5,0.5,1.0,0.5
200794,Paul Millsap,1610612755,PHI,37.0,6.866666666666666,0,2,0.0,0,1,0.0,0,0,0.0,1,1,2,0,0,0,1,0,0,0,0,10,0.111,119.0,50.0,0.0,0.091,0.0,12,0.143,0.0,69.9,133.3,88.92,0.0,0.0,83.88,50.0,0.0,83.3,69.0,0.13,0.0,0.133,0.0,0.0,0.0,0.0,0.0,2.0,0.0,0.0,2.0,0.0,0.0,0.0,0.0,0.0,0.0,0.0,0.0,0.0,0.0,0.0,0.0,0.0,0.0,0.0,0.0,0.0,0.0,1.0,1.0,5.0,0.2,0.0,0.0,2.63,0.0,0.0,3.0,0.0,1.8,1.0,2.8,5.0,4.6,1.0,2.0,0.333,2.0,1.0,1.0,0.333,6.0,1.0,0.0,1.0,0.0,0.0,1.0,0.0,0.5,1.0,0.2,0.5,1.1,,,,,,,,,,,,,,1.0,0.5,0.0,0.0,0.0,0.0,0.5,1.0,0.0,,0.0,0.0,0.0,,,,,,,,,,,,,,0.5,0.0,0.0,0.0,1.0,0.5,,0.0,0.0,0.0,1.0,0.0,0.0,0.0,0.0,0.0,,,,0.0,0.0,0.0,0.0,0.0,0.0,0.0,0.0,0.0,0.0,0.0,0.0,,0.0,,0.0,0.0,0.0,0.0,1.0,0.0,0.0,0.0,0.0,0.0,,,0.0,,1.0,,0.0,0.0,1.0,0.0,29.0,17.0,0.492,0.586,0.658,-0.071,0.0,0.0,,0.0,,,,0.0,0.0,0.0,,0.0,,,0.0,0.0,0.0,1.0,1.0,0.0,0.0,,,0.0,0.0,0.0,0.0,1.0,0.0,1.0,0.0,0.0,0.0,2022,22100147,20211108.0,2021-22,False,1.0,1.0,2.0,0.5,0.492,0.008,0.0,1.0,0.0,0.367,1.0,1.0,1.0,0.531,,,,,1.0,2.0,0.5,0.384,0.0,0.0,0.0,0.0,0.0,0.0,0.0,0.0,0.0,0.0,0.0,0.0,0.0,0.0,3.0,2.0,1.0,1.0,0.0,0.0,0.0,0.0,0.0,0.0,0.0,0.0,0.0,0.0,0.0,0.0,0.0,0.0,0.0,0.0,0.0
200794,Paul Millsap,1610612751,BKN,37.0,15.4,2,5,0.4,1,3,0.333,2,2,1.0,0,4,4,2,1,0,0,0,3,1,7,-6,0.111,76.0,91.6,0.125,0.211,11.1,33,0.0,0.595,85.71,75.8,103.98,2.0,0.286,102.86,93.9,22.2,-18.2,-15.6,0.203,0.5,0.206,11.3,2.0,0.0,0.143,5.0,14.0,0.143,0.0,12.0,2.0,0.0,1.0,0.0,0.0,0.0,0.0,0.0,0.0,0.0,0.0,0.0,1.0,0.0,0.0,0.0,0.0,0.0,2.0,3.0,21.0,0.9,0.0,1.333,2.53,0.0,0.0,12.0,0.333,1.33,1.0,2.7,8.0,2.7,3.0,1.0,0.444,1.0,0.0,0.0,0.571,9.0,0.0,0.0,3.0,0.0,1.0,0.0,0.25,0.5,1.0,0.5,0.25,0.0,,,,,,,,,,,,,,2.0,0.4,0.0,0.5,0.0,1.0,0.4,2.0,0.5,,1.0,0.5,0.0,,,,,,,,,,,,,,0.6,1.0,0.0,0.0,3.0,0.6,,0.333,0.5,0.0,3.0,0.333,1.0,0.0,0.0,0.0,,,,0.0,0.0,0.0,0.0,0.0,0.0,0.5,0.333,1.0,3.0,4.0,0.0,,0.0,0.0,0.0,0.0,1.0,1.0,1.0,0.0,0.0,0.0,0.0,1.0,0.0,1.0,1.0,,2.0,,0.0,0.0,2.0,0.5,19.0,12.0,0.559,0.632,0.66,-0.028,0.0,1.0,0.0,0.5,0.0,0.0,,1.0,0.0,1.0,,0.0,0.0,,0.0,1.0,0.0,2.0,2.0,0.0,0.0,0.0,0.0,0.0,0.0,0.0,0.0,3.0,0.333,3.0,1.0,0.5,1.0,2022,22100057,20211027.0,2021-22,False,1.0,5.0,10.0,0.5,0.536,-0.036,0.0,1.0,0.0,0.375,5.0,9.0,0.556,0.56,5.0,9.0,0.556,0.636,0.0,1.0,0.0,0.385,0.0,0.0,0.0,0.0,0.0,0.0,0.0,0.0,0.0,0.0,0.0,0.0,0.0,0.0,3.0,3.0,0.0,3.0,0.0,2.0,6.0,0.0,0.0,0.0,0.0,0.0,0.0,1.0,1.0,1.0,0.0,0.0,1.0,1.0,0.0
200794,Paul Millsap,1610612755,PHI,37.0,11.986666666666666,0,0,0.0,0,0,0.0,0,0,0.0,1,1,2,0,2,0,1,0,2,0,0,-6,0.091,107.4,123.5,-0.039,0.083,100.0,26,0.1,0.0,86.76,107.7,107.32,0.0,0.0,104.12,130.8,0.0,-23.1,-16.2,0.074,0.0,0.071,100.0,0.0,0.0,0.0,0.0,11.0,0.0,0.0,4.0,0.0,0.0,0.0,0.0,0.0,0.0,0.0,0.0,0.0,0.0,0.0,0.0,0.0,0.0,0.0,0.0,0.0,0.0,0.0,0.0,12.0,0.3,0.0,0.0,1.46,0.0,0.0,4.0,0.0,0.75,1.0,5.7,2.0,3.1,0.0,0.0,0.667,0.0,0.0,1.0,0.5,3.0,0.0,1.0,1.0,0.0,1.0,1.0,1.0,0.667,1.0,0.5,0.5,8.3,,,,,,,,,,,,,,,,,,,,,,,,,,,,,,,,,,,,,,,,,,,,,,,,,,,,,0.0,,0.0,,,,,0.0,0.0,0.0,0.0,0.0,0.0,0.0,0.0,0.0,0.0,0.0,0.0,0.0,0.0,0.0,0.0,0.0,0.0,0.0,0.0,0.0,0.0,0.0,0.0,0.0,0.0,0.0,0.0,0.0,0.0,0.0,0.0,0.0,0.0,90.0,53.0,0.448,0.589,0.632,-0.043,0.0,0.0,,0.0,0.0,,0.0,0.0,0.0,0.0,0.0,0.0,,0.0,0.0,0.0,0.0,0.0,0.0,0.0,0.0,0.0,0.0,0.0,0.0,0.0,0.0,0.0,,,,,0.0,2022,22100934,20220302.0,2021-22,False,1.0,4.0,9.0,0.444,0.481,-0.037,1.0,3.0,0.333,0.349,3.0,6.0,0.5,0.552,3.0,6.0,0.5,0.597,1.0,3.0,0.333,0.337,0.0,0.0,0.0,0.0,0.0,0.0,0.0,0.0,0.0,0.0,0.0,0.0,0.0,0.0,4.0,3.0,1.0,1.0,0.0,0.0,0.0,0.0,0.0,0.0,0.0,0.0,1.0,2.0,3.0,3.0,1.0,0.333,0.667,1.0,0.333
200794,Paul Millsap,1610612751,BKN,37.0,5.9,1,1,1.0,0,0,0.0,0,0,0.0,0,0,0,0,0,0,0,0,2,0,2,-3,0.0,93.2,137.9,0.0,0.0,0.0,12,0.0,1.0,77.97,100.0,96.65,0.0,0.0,93.56,136.4,0.0,-36.4,-44.7,0.078,1.0,0.077,0.0,0.0,0.0,0.0,0.0,5.0,0.0,0.0,5.0,0.0,0.0,1.0,2.0,1.0,0.0,0.0,0.0,0.0,0.0,0.0,0.0,1.0,0.0,0.0,1.0,0.0,2.0,0.0,0.0,6.0,0.3,0.0,0.0,2.55,0.0,0.0,5.0,0.333,1.5,,,,,,,,,,,,,,,,,,,,,,,,,,,,,,,,,,,,,,1.0,1.0,0.0,1.0,0.0,1.0,1.0,1.0,1.0,,1.0,1.0,0.0,,,,,,,,,,,,,,,,,,,,,,,,,,,0.0,,0.0,,,,,0.0,0.0,0.0,0.0,0.0,1.0,0.0,0.0,0.0,0.0,0.0,,0.0,0.0,0.0,0.0,0.0,0.0,,0.0,,,0.0,1.0,0.0,0.0,0.0,,0.0,,0.0,0.0,1.0,1.0,32.0,20.0,0.432,0.625,0.646,-0.021,0.0,0.0,,1.0,,,,0.0,0.0,1.0,,0.0,,,0.0,0.0,0.0,0.0,1.0,0.0,0.0,,,0.0,0.0,0.0,0.0,0.0,,,,,0.0,2022,22100179,20211112.0,2021-22,False,1.0,2.0,4.0,0.5,0.439,0.062,2.0,3.0,0.667,0.336,0.0,1.0,0.0,0.406,0.0,1.0,0.0,0.463,2.0,3.0,0.667,0.334,0.0,0.0,0.0,0.0,0.0,0.0,0.0,0.0,0.0,0.0,0.0,0.0,0.0,0.0,1.0,0.0,1.0,1.0,0.0,0.0,0.0,0.0,0.0,0.0,0.0,0.0,0.0,0.0,0.0,0.0,0.0,0.0,0.0,0.0,0.0
200794,Paul Millsap,1610612751,BKN,37.0,11.715,0,3,0.0,0,0,0.0,0,0,0.0,1,3,4,0,2,0,0,0,3,1,0,-12,0.148,61.5,108.0,-0.125,0.231,40.0,24,0.071,0.0,81.95,58.3,95.96,0.0,0.0,98.34,108.3,0.0,-50.0,-46.5,0.202,0.0,0.192,40.0,0.0,0.0,0.0,0.0,12.0,0.0,0.0,8.0,0.0,0.0,1.0,0.0,0.0,0.0,0.0,0.0,0.0,0.0,0.0,0.5,2.0,0.0,0.0,0.0,1.0,0.0,1.0,3.0,17.0,0.8,0.0,0.0,2.94,0.0,2.0,8.0,0.0,2.06,1.0,3.7,4.0,2.7,3.0,1.0,0.8,1.0,1.0,1.0,1.0,5.0,1.0,0.0,3.0,0.0,0.0,1.0,0.0,1.0,1.0,0.75,0.25,6.7,,,,,,,,,,,,,,1.0,0.333,0.0,0.0,0.0,0.0,0.333,1.0,0.0,,0.0,0.0,0.0,2.0,0.0,0.0,0.0,0.667,0.0,0.0,0.0,0.0,0.667,2.0,0.0,,,,,,,,,,,,,,,0.0,,0.0,0.0,0.0,,,2.0,0.0,0.0,0.0,0.0,0.0,0.0,0.0,0.0,0.0,0.0,,0.0,0.0,0.0,1.0,0.0,0.0,,0.0,,,0.0,0.0,0.0,0.0,0.0,,0.0,,2.0,0.0,0.0,0.0,27.0,16.0,0.519,0.593,0.66,-0.067,0.0,0.0,,0.0,,,,0.0,0.0,0.0,,0.0,,,0.0,0.0,0.0,0.0,0.0,2.0,0.0,,,0.0,0.0,0.0,1.0,0.0,,,,,0.0,2022,22100124,20211105.0,2021-22,False,1.0,3.0,6.0,0.5,0.434,0.066,1.0,3.0,0.333,0.312,2.0,3.0,0.667,0.502,2.0,2.0,1.0,0.562,1.0,4.0,0.25,0.329,0.0,2.0,0.0,0.0,0.0,0.0,0.0,0.0,0.0,0.0,0.0,0.0,0.0,0.0,4.0,2.0,2.0,1.0,0.0,0.0,0.0,0.0,0.0,0.0,0.0,0.0,1.0,1.0,2.0,2.0,1.0,0.5,0.5,1.0,0.5
200794,Paul Millsap,1610612755,PHI,37.0,12.083333333333334,1,3,0.333,0,1,0.0,0,0,0.0,0,4,4,1,0,0,1,0,1,0,2,-6,0.143,96.5,113.5,0.076,0.286,0.0,26,0.0,0.333,86.07,92.3,101.93,0.0,0.143,103.28,115.4,25.0,-23.1,-17.0,0.112,0.333,0.107,0.0,1.0,0.0,0.083,3.0,12.0,0.083,0.0,5.0,1.0,0.0,2.0,1.0,1.0,0.0,0.0,0.0,0.0,0.0,0.0,0.0,2.0,0.0,0.0,0.5,0.0,2.0,0.0,0.0,15.0,0.5,0.0,0.0,2.12,0.0,0.0,5.0,0.133,1.13,2.0,6.1,6.0,6.1,2.0,0.0,0.444,0.0,0.0,0.0,0.667,9.0,0.0,0.0,2.0,0.0,2.0,0.0,0.5,0.444,3.0,0.667,0.5,0.0,,,,,,,,,,,,,,2.0,0.667,0.0,0.5,0.0,1.0,0.667,2.0,0.5,,1.0,0.5,0.0,,,,,,,,,,,,,,0.333,0.0,0.0,0.0,1.0,0.333,,0.0,0.0,0.0,1.0,0.0,0.0,0.0,0.0,0.0,,,,0.0,0.0,0.0,0.0,0.0,0.0,0.333,0.0,0.0,0.0,0.0,0.0,0.0,0.0,0.0,0.0,1.0,1.0,0.0,0.0,0.0,0.0,0.0,0.0,1.0,0.0,0.0,0.0,0.0,0.0,0.0,0.0,0.0,1.0,1.0,25.0,14.0,0.543,0.56,0.664,-0.104,0.0,0.0,,1.0,,,0.0,1.0,0.0,1.0,0.0,0.0,,0.0,0.0,0.0,0.0,0.0,1.0,1.0,0.0,,,0.0,0.0,0.0,0.0,1.0,0.0,1.0,0.0,0.0,0.0,2022,22100111,20211103.0,2021-22,False,1.0,1.0,5.0,0.2,0.504,-0.304,1.0,2.0,0.5,0.375,0.0,3.0,0.0,0.571,0.0,2.0,0.0,0.616,1.0,2.0,0.5,0.39,0.0,0.0,0.0,0.0,0.0,0.0,0.0,0.0,0.0,0.0,0.0,0.0,0.0,0.0,2.0,2.0,0.0,0.0,0.0,0.0,0.0,1.0,1.0,2.0,0.5,0.5,0.0,0.0,0.0,0.0,0.0,0.0,0.0,0.0,0.0
200794,Paul Millsap,1610612751,BKN,37.0,13.5,2,4,0.5,0,1,0.0,4,7,0.571,1,3,4,0,0,0,0,0,2,4,8,13,0.111,111.9,59.1,0.17,0.158,0.0,28,0.059,0.565,82.96,107.1,98.77,0.0,0.0,99.56,60.7,0.0,46.4,52.8,0.23,0.5,0.219,0.0,1.0,0.0,0.0,0.0,13.0,0.0,0.0,13.0,0.0,0.0,2.0,0.857,1.0,0.429,0.0,0.0,6.0,4.0,0.0,0.286,7.0,0.667,3.0,0.5,2.0,6.0,1.0,1.0,20.0,0.9,2.0,0.0,2.64,0.0,0.0,13.0,0.4,1.65,2.0,4.8,3.0,3.5,1.0,0.0,0.8,0.0,0.0,0.5,1.0,5.0,0.0,1.0,2.0,0.0,2.0,0.5,0.667,0.8,2.0,1.0,0.5,8.7,,,,,,,,,,,,,,3.0,0.75,0.0,0.667,0.0,2.0,0.75,3.0,0.667,,2.0,0.667,0.0,,,,,,,,,,,,,,0.25,0.0,0.0,0.0,1.0,0.25,,0.0,0.0,0.0,1.0,0.0,0.0,0.0,0.0,0.0,,,,0.0,0.0,0.0,1.0,2.0,0.0,0.5,0.0,0.0,0.0,0.0,0.0,0.0,0.0,0.0,1.0,1.0,1.0,0.0,0.0,0.0,0.0,0.0,1.0,1.0,0.0,0.0,0.0,0.0,0.0,0.0,0.0,0.0,2.0,0.5,23.0,14.0,0.561,0.609,0.666,-0.057,0.0,0.0,0.0,0.5,,0.0,0.0,1.0,0.0,1.0,0.0,1.0,0.0,0.0,0.0,0.0,1.0,0.0,2.0,1.0,0.0,,,0.0,0.0,0.0,0.0,1.0,0.0,1.0,0.0,0.0,0.0,2022,22100072,20211029.0,2021-22,False,1.0,3.0,7.0,0.429,0.454,-0.026,0.0,1.0,0.0,0.333,3.0,6.0,0.5,0.555,3.0,5.0,0.6,0.624,0.0,1.0,0.0,0.344,0.0,0.0,0.0,0.0,0.0,0.0,0.0,0.0,0.0,0.0,0.0,0.0,0.0,0.0,1.0,1.0,0.0,0.0,0.0,0.0,0.0,0.0,0.0,0.0,0.0,0.0,0.0,0.0,0.0,0.0,0.0,0.0,0.0,0.0,0.0
200794,Paul Millsap,1610612755,PHI,37.0,5.633333333333334,0,0,0.0,0,0,0.0,0,0,0.0,0,1,1,1,0,0,0,0,1,0,0,-2,0.1,123.0,108.7,0.048,0.2,0.0,10,0.0,0.0,74.56,120.0,96.45,0.0,0.25,89.47,127.3,100.0,-7.3,14.3,0.0,0.0,0.0,0.0,0.0,0.0,0.167,2.0,6.0,0.167,0.0,2.0,1.0,0.0,0.0,0.0,0.0,0.0,0.0,0.0,0.0,0.0,0.0,0.0,0.0,0.0,0.0,0.0,0.0,0.0,0.0,0.0,6.0,0.2,0.0,0.0,1.72,0.0,0.0,2.0,0.0,0.5,0.0,5.4,2.0,5.4,1.0,0.0,0.5,0.0,0.0,0.0,0.5,2.0,0.0,0.0,1.0,0.0,0.0,0.0,0.0,0.5,0.0,0.5,0.0,0.0,,,,,,,,,,,,,,,,,,,,,,,,,,,,,,,,,,,,,,,,,,,,,,,,,,,,,0.0,,0.0,,,,,0.0,0.0,0.0,0.0,0.0,0.0,0.0,0.0,0.0,0.0,0.0,,0.0,0.0,0.0,0.0,0.0,0.0,,0.0,,,0.0,0.0,0.0,0.0,0.0,,0.0,,0.0,0.0,0.0,0.0,3.0,3.0,0.6,1.0,0.653,0.347,0.0,0.0,,0.0,,,,0.0,0.0,0.0,,0.0,,,0.0,0.0,0.0,0.0,0.0,0.0,0.0,,,0.0,0.0,0.0,0.0,0.0,,,,,0.0,2022,42100201,20220502.0,2021-22,True,1.0,4.0,5.0,0.8,0.478,0.322,0.0,1.0,0.0,0.394,4.0,4.0,1.0,0.52,3.0,3.0,1.0,0.597,0.0,1.0,0.0,0.392,0.0,0.0,0.0,0.0,0.0,0.0,0.0,0.0,0.0,0.0,0.0,0.0,0.0,0.0,2.0,1.0,1.0,0.0,0.0,0.0,0.0,0.0,0.0,0.0,0.0,0.0,0.0,0.0,0.0,0.0,0.0,0.0,0.0,0.0,0.0
