PLAYER_ID,PLAYER_NAME,NICKNAME,TEAM_ID,TEAM_ABBREVIATION,AGE,GP,W,L,W_PCT,MIN,FGM,FGA,FG_PCT,FG3M,FG3A,FG3_PCT,FTM,FTA,FT_PCT,OREB,DREB,REB,AST,TOV,STL,BLK,BLKA,PF,PFD,PTS,PLUS_MINUS,NBA_FANTASY_PTS,DD2,TD3,WNBA_FANTASY_PTS,GP_RANK,W_RANK,L_RANK,W_PCT_RANK,MIN_RANK,FGM_RANK,FGA_RANK,FG_PCT_RANK,FG3M_RANK,FG3A_RANK,FG3_PCT_RANK,FTM_RANK,FTA_RANK,FT_PCT_RANK,OREB_RANK,DREB_RANK,REB_RANK,AST_RANK,TOV_RANK,STL_RANK,BLK_RANK,BLKA_RANK,PF_RANK,PFD_RANK,PTS_RANK,PLUS_MINUS_RANK,NBA_FANTASY_PTS_RANK,DD2_RANK,TD3_RANK,WNBA_FANTASY_PTS_RANK,team_poss,E_TOV_PCT_RANK,REB_PCT,FGA_PG,E_OFF_RATING,sp_work_OFF_RATING,E_DEF_RATING,PIE,DREB_PCT,OFF_RATING_RANK,TM_TOV_PCT,POSS,OREB_PCT,sp_work_PACE_RANK,DREB_PCT_RANK,REB_PCT_RANK,TS_PCT,AST_TO_RANK,PACE_PER40,FGM_PG_RANK,OFF_RATING,sp_work_NET_RATING_RANK,E_PACE,PIE_RANK,E_NET_RATING_RANK,AST_TO,E_USG_PCT_RANK,AST_PCT,E_DEF_RATING_RANK,PACE,DEF_RATING,sp_work_DEF_RATING,OREB_PCT_RANK,TS_PCT_RANK,FGM_PG,E_PACE_RANK,sp_work_PACE,EFG_PCT_RANK,AST_RATIO,TM_TOV_PCT_RANK,NET_RATING,E_NET_RATING,E_USG_PCT,EFG_PCT,E_OFF_RATING_RANK,DEF_RATING_RANK,NET_RATING_RANK,AST_PCT_RANK,sp_work_DEF_RATING_RANK,USG_PCT_RANK,FGA_PG_RANK,AST_RATIO_RANK,sp_work_OFF_RATING_RANK,sp_work_NET_RATING,USG_PCT,PACE_RANK,E_TOV_PCT,POTENTIAL_AST,FT_AST,AST_TO_PASS_PCT_ADJ,AST_PTS_CREATED,PASSES_MADE,AST_TO_PASS_PCT,SECONDARY_AST,PASSES_RECEIVED,AST_ADJ,DRIVE_TOV,DRIVE_FGA,DRIVE_PTS_PCT,DRIVE_FGM,DRIVE_PF_PCT,DRIVE_TOV_PCT,DRIVE_AST_PCT,DRIVE_FTA,DRIVE_FTM,DRIVE_AST,DRIVE_PASSES_PCT,DRIVES,DRIVE_FT_PCT,DRIVE_PF,DRIVE_FG_PCT,DRIVE_PASSES,DRIVE_PTS,ELBOW_TOUCHES,PAINT_TOUCHES,TOUCHES,POINTS,TIME_OF_POSS,PTS_PER_ELBOW_TOUCH,PTS_PER_PAINT_TOUCH,AVG_SEC_PER_TOUCH,PTS_PER_POST_TOUCH,POST_TOUCHES,FRONT_CT_TOUCHES,PTS_PER_TOUCH,AVG_DRIB_PER_TOUCH,REB_CONTEST,AVG_REB_DIST,DREB_CHANCES,AVG_DREB_DIST,DREB_UNCONTEST,DREB_CHANCE_DEFER,REB_CHANCE_PCT,REB_CHANCE_DEFER,OREB_CONTEST_PCT,OREB_CHANCE_PCT,DREB_CHANCE_PCT_ADJ,REB_CHANCES,OREB_CONTEST,OREB_UNCONTEST,REB_UNCONTEST,OREB_CHANCE_DEFER,DREB_CONTEST,OREB_CHANCE_PCT_ADJ,DREB_CONTEST_PCT,REB_CHANCE_PCT_ADJ,OREB_CHANCES,DREB_CHANCE_PCT,REB_CONTEST_PCT,AVG_OREB_DIST,very_tight_FG2_PCT,very_tight_FG3M,G,very_tight_FG2A_FREQUENCY,very_tight_FG3A_FREQUENCY,very_tight_FG3A,very_tight_FG2M,very_tight_FGM,very_tight_FGA,PLAYER_LAST_TEAM_ABBREVIATION,very_tight_FG_PCT,very_tight_FGA_FREQUENCY,very_tight_EFG_PCT,very_tight_FG2A,PLAYER_LAST_TEAM_ID,very_tight_FG3_PCT,tight_FG2A,tight_FG2A_FREQUENCY,tight_FG3A,tight_FG2_PCT,tight_FG3A_FREQUENCY,tight_FGM,tight_FGA_FREQUENCY,tight_FGA,tight_EFG_PCT,tight_FG3_PCT,tight_FG2M,tight_FG_PCT,tight_FG3M,open_FGA,open_FG3A,open_EFG_PCT,open_FG3M,open_FGA_FREQUENCY,open_FGM,open_FG2M,open_FG2_PCT,open_FG3A_FREQUENCY,open_FG2A_FREQUENCY,open_FG2A,open_FG_PCT,open_FG3_PCT,wide_open_FGA_FREQUENCY,wide_open_FG3M,wide_open_FG2M,wide_open_FG2A_FREQUENCY,wide_open_FG3A,wide_open_FG3A_FREQUENCY,wide_open_FG2_PCT,wide_open_FG3_PCT,wide_open_EFG_PCT,wide_open_FG2A,wide_open_FGA,wide_open_FG_PCT,wide_open_FGM,PULL_UP_FGM,PULL_UP_FG3A,PULL_UP_PTS,PULL_UP_EFG_PCT,PULL_UP_FG_PCT,PULL_UP_FG3_PCT,PULL_UP_FG3M,PULL_UP_FGA,POST_TOUCH_PTS,ELBOW_TOUCH_FG_PCT,ELBOW_TOUCH_PTS,POST_TOUCH_FG_PCT,EFF_FG_PCT,CATCH_SHOOT_FG_PCT,PAINT_TOUCH_FG_PCT,CATCH_SHOOT_PTS,PAINT_TOUCH_PTS,CORNER_3_FG_PCT,BACKCOURT_FGA,MID_FG_PCT,RIGHT_CORNER_3_FG_PCT,ITP_FG_PCT,ITP_FGA,ABOVE_BREAK_3_FGA,ABOVE_BREAK_3_FG_PCT,LEFT_CORNER_3_FGA,CORNER_3_FGM,LEFT_CORNER_3_FGM,LEFT_CORNER_3_FG_PCT,ITP_FGM,RA_FGM,RIGHT_CORNER_3_FGM,RIGHT_CORNER_3_FGA,ABOVE_BREAK_3_FGM,BACKCOURT_FG_PCT,CORNER_3_FGA,BACKCOURT_FGM,MID_FGA,MID_FGM,RA_FGA,RA_FG_PCT,PLAYER_POSITION,FGA_LT_06,FGM_LT_06,FREQ,LT_06_PCT,NS_LT_06_PCT,PLUSMINUS,FGA_15_19,FGP_25_29,FGA_35_39,FGP_LT_5,FGA_30_34,FGP_35_39,FGP_40_PLUS,FGA_25_29,FGP_10_14,FGM_LT_5,FGA_40_PLUS,FGP_5_9,FGM_35_39,FGM_40_PLUS,FGP_15_19,FGM_25_29,FGM_5_9,FGA_20_24,FGA_LT_5,FGA_5_9,FGP_20_24,FGP_30_34,FGM_30_34,FGM_20_24,FGM_15_19,TEAM_ABBR,FGM_10_14,FGA_10_14,CATCH_SHOOT_FGA,CATCH_SHOOT_FG3_PCT,CATCH_SHOOT_FG3A,CATCH_SHOOT_FG3M,CATCH_SHOOT_EFG_PCT,CATCH_SHOOT_FGM,year,GAME_ID,index,HTM,VTM,date,season,playoffs,team,opp_team,overall_def_FREQ,overall_def_D_FGM,overall_def_D_FGA,overall_def_D_FG_PCT,overall_def_NORMAL_FG_PCT,overall_def_PCT_PLUSMINUS,three_pt_def_FREQ,three_pt_def_FG3M,three_pt_def_FG3A,three_pt_def_FG3_PCT,three_pt_def_NS_FG3_PCT,three_pt_def_PLUSMINUS,two_pt_def_FREQ,two_pt_def_FG2M,two_pt_def_FG2A,two_pt_def_FG2_PCT,two_pt_def_NS_FG2_PCT,two_pt_def_PLUSMINUS,less_6ft_def_FREQ,less_6ft_def_FGM_LT_06,less_6ft_def_FGA_LT_06,less_6ft_def_LT_06_PCT,less_6ft_def_NS_LT_06_PCT,less_6ft_def_PLUSMINUS,less_10ft_def_FREQ,less_10ft_def_FGM_LT_10,less_10ft_def_FGA_LT_10,less_10ft_def_LT_10_PCT,less_10ft_def_NS_LT_10_PCT,less_10ft_def_PLUSMINUS,more_15ft_def_FREQ,more_15ft_def_FGM_GT_15,more_15ft_def_FGA_GT_15,more_15ft_def_GT_15_PCT,more_15ft_def_NS_GT_15_PCT,more_15ft_def_PLUSMINUS,post_touch_TOUCHES,post_touch_POST_TOUCHES,post_touch_POST_TOUCH_FGM,post_touch_POST_TOUCH_FGA,post_touch_POST_TOUCH_FG_PCT,post_touch_POST_TOUCH_FTM,post_touch_POST_TOUCH_FTA,post_touch_POST_TOUCH_FT_PCT,post_touch_POST_TOUCH_PTS,post_touch_POST_TOUCH_PTS_PCT,post_touch_POST_TOUCH_PASSES,post_touch_POST_TOUCH_PASSES_PCT,post_touch_POST_TOUCH_AST,post_touch_POST_TOUCH_AST_PCT,post_touch_POST_TOUCH_TOV,post_touch_POST_TOUCH_TOV_PCT,post_touch_POST_TOUCH_FOULS,post_touch_POST_TOUCH_FOULS_PCT,speed_distance_MIN1,speed_distance_DIST_FEET,speed_distance_DIST_MILES,speed_distance_DIST_MILES_OFF,speed_distance_DIST_MILES_DEF,speed_distance_AVG_SPEED,speed_distance_AVG_SPEED_OFF,speed_distance_AVG_SPEED_DEF,opp_id,series_key,post_touch_TEAM_ID,post_touch_TEAM_ABBREVIATION,speed_distance_TEAM_ID,speed_distance_TEAM_ABBREVIATION,hustle_CONTESTED_SHOTS,hustle_CONTESTED_SHOTS_2PT,hustle_CONTESTED_SHOTS_3PT,hustle_DEFLECTIONS,hustle_CHARGES_DRAWN,hustle_SCREEN_ASSISTS,hustle_SCREEN_AST_PTS,hustle_OFF_LOOSE_BALLS_RECOVERED,hustle_DEF_LOOSE_BALLS_RECOVERED,hustle_LOOSE_BALLS_RECOVERED,hustle_PCT_LOOSE_BALLS_RECOVERED_OFF,hustle_PCT_LOOSE_BALLS_RECOVERED_DEF,hustle_OFF_BOXOUTS,hustle_DEF_BOXOUTS,hustle_BOX_OUTS,hustle_BOX_OUT_PLAYER_TEAM_REBS,hustle_BOX_OUT_PLAYER_REBS,hustle_PCT_BOX_OUTS_OFF,hustle_PCT_BOX_OUTS_DEF,hustle_PCT_BOX_OUTS_TEAM_REB,hustle_PCT_BOX_OUTS_REB
203515,Phil Pressey,Phil,1610612738,BOS,23.0,1,0,1,0.0,3.6666666666666665,0,2,0.0,0,1,0.0,0,0,0.0,0,1,1,0,0,0,0,0,2,0,0,-4,1.2,0,0,1.0,1,142,142,142,281,254,238,254,115,133,115,161,170,161,142,194,221,197,216,127,94,1,106,223,263,198,270,17,1,274,,1,0.25,2.0,65.2,66.7,115.7,-0.429,1.0,276,0.0,9,0.0,8,1,6,0.0,157,98.18,254,66.7,277,116.77,288,282,0.0,101,0.0,241,117.82,111.1,111.1,142,263,0.0,3,117.82,254,0.0,1,-44.4,-50.5,0.217,0.0,278,231,277,197,231,86,238,197,276,-44.4,0.222,8,0.0,1.0,0.0,0.0,0.0,10.0,0.0,0.0,12.0,0.0,0.0,0.0,0.0,0.0,0.0,0.0,0.0,0.0,0.0,0.0,1.0,1.0,0.0,0.0,0.0,1.0,0.0,0.0,0.0,13.0,0.0,0.9,0.0,0.0,4.34,0.0,0.0,6.0,0.0,4.0,0.0,25.9,1.0,25.9,1.0,0.0,1.0,0.0,0.0,0.0,1.0,1.0,0.0,0.0,1.0,0.0,0.0,0.0,0.0,1.0,0.0,1.0,0.0,0.0,,,,,,,,,,,,,,,,,,,,,,,,,,,,,,,,,,,,,,,,,,,1.0,0.0,0.0,0.5,1.0,0.5,0.0,0.0,0.0,1.0,2.0,0.0,0.0,0.0,0.0,0.0,0.0,0.0,,0.0,1.0,0.0,0.0,0.0,0.0,0.0,0.0,0.0,0.0,0.0,,0.0,0.0,,0.0,1.0,1.0,0.0,,,,,0.0,0.0,,,0.0,0.0,,0.0,0.0,0.0,0.0,0.0,,,,,,,,0.0,0.0,,0.0,,,0.0,0.0,0.0,0.0,0.0,0.0,,0.0,0.0,0.0,0.0,1.0,0.0,0.0,0.0,,,0.0,0.0,BOS,0.0,1.0,1.0,0.0,1.0,0.0,0.0,0.0,2014,21300006,,TOR,BOS,20131030.0,2013-14,False,BOS,TOR,,,,,,,,,,,,,,,,,,,,,,,,,,,,,,,,,,,,,,,,,,,,,,,,,,,,,,,,,,,,,,,,,,,,,,,,,,,,,,,,,,,,,,,,,
203515,Phil Pressey,Phil,1610612738,BOS,23.0,1,1,0,1.0,20.621666666666663,3,9,0.333,0,3,0.0,1,2,0.5,1,2,3,5,2,1,1,1,1,1,7,4,22.1,0,0,19.0,1,1,1,1,106,81,65,126,73,41,73,75,62,70,45,87,78,18,43,41,22,128,35,93,91,63,72,20,1,78,,108,0.088,9.0,122.6,123.8,117.9,0.067,0.125,23,11.8,42,0.056,81,77,78,0.354,23,79.53,81,123.8,78,96.74,115,79,2.5,39,0.294,139,95.43,120.0,120.0,53,146,3.0,72,95.43,135,29.4,106,3.8,4.8,0.251,0.333,16,142,78,21,142,39,65,35,23,3.8,0.245,81,11.8,12.0,0.0,0.13,12.0,46.0,0.109,1.0,51.0,6.0,0.0,3.0,0.0,0.0,0.0,0.0,0.167,0.0,0.0,1.0,0.333,6.0,0.0,0.0,0.0,2.0,0.0,0.0,1.0,57.0,7.0,4.6,0.0,2.0,4.79,0.0,0.0,21.0,0.123,4.63,0.0,8.5,5.0,9.0,2.0,1.0,0.333,1.0,0.0,0.25,0.5,9.0,0.0,1.0,3.0,0.0,0.0,0.25,0.0,0.375,4.0,0.4,0.0,7.5,1.0,0.0,1.0,0.125,0.0,0.0,1.0,1.0,1.0,BOS,1.0,0.125,1.0,1.0,1610612738.0,,3.0,0.375,0.0,0.333,0.0,1.0,0.375,3.0,0.333,,1.0,0.333,0.0,2.0,2.0,0.0,0.0,0.25,0.0,0.0,,0.25,0.0,0.0,0.0,0.0,0.25,0.0,1.0,0.125,1.0,0.125,1.0,0.0,0.5,1.0,2.0,0.5,1.0,0.0,0.0,0.0,0.0,0.0,,0.0,1.0,0.0,0.0,0.0,0.0,0.333,0.0,1.0,0.0,2.0,0.0,0.0,0.0,0.0,0.5,2.0,2.0,0.0,0.0,0.0,0.0,0.0,1.0,2.0,0.0,1.0,0.0,0.0,1.0,0.0,1.0,0.0,3.0,0.667,G,3.0,3.0,0.2,1.0,0.578,0.422,0.0,0.0,,0.667,,,0.0,1.0,0.0,2.0,0.0,0.5,,0.0,0.0,0.0,1.0,2.0,3.0,2.0,0.0,,,0.0,0.0,BOS,0.0,1.0,3.0,0.0,3.0,0.0,0.0,0.0,2014,21300089,,MIA,BOS,20131109.0,2013-14,False,BOS,MIA,,,,,,,,,,,,,,,,,,,,,,,,,,,,,,,,,,,,,,,,,,,,,,,,,,,,,,,,,,,,,,,,,,,,,,,,,,,,,,,,,,,,,,,,,
203515,Phil Pressey,Phil,1610612738,BOS,23.0,1,1,0,1.0,15.116666666666667,3,6,0.5,1,1,1.0,0,0,0.0,0,2,2,2,2,0,0,1,1,0,7,2,10.4,0,0,12.0,1,1,1,1,144,86,104,56,28,83,1,104,112,104,111,85,115,57,31,86,62,126,31,138,104,68,133,23,2,122,,159,0.087,6.0,110.1,117.2,98.0,0.088,0.182,29,20.0,29,0.0,80,47,77,0.583,57,79.38,86,117.2,53,100.85,98,56,1.0,45,0.167,69,95.26,103.2,103.2,111,63,3.0,32,95.26,51,20.0,157,14.0,12.1,0.236,0.583,57,92,53,54,92,44,104,51,29,14.0,0.235,80,20.0,3.0,0.0,0.08,5.0,25.0,0.08,0.0,31.0,2.0,1.0,2.0,0.0,0.0,0.0,0.167,0.167,0.0,0.0,1.0,0.333,6.0,0.0,0.0,0.0,2.0,0.0,0.0,0.0,33.0,7.0,3.0,0.0,0.0,5.4,0.0,0.0,10.0,0.212,6.33,2.0,15.5,2.0,15.5,0.0,0.0,0.667,0.0,0.0,0.0,1.0,3.0,0.0,0.0,0.0,0.0,2.0,0.0,1.0,0.667,1.0,1.0,1.0,0.0,,,,,,,,,,,,,,,,,,,,,,,,,,,,,,3.0,1.0,0.833,1.0,0.6,2.0,1.0,0.5,0.2,0.4,2.0,0.667,1.0,0.4,0.0,1.0,0.4,0.0,0.0,0.5,,0.5,2.0,2.0,0.5,1.0,2.0,0.0,4.0,0.5,0.5,,0.0,4.0,0.0,0.0,0.0,0.0,0.583,1.0,0.0,3.0,0.0,0.0,0.0,0.4,0.0,0.0,0.0,1.0,1.0,0.0,0.0,0.0,0.0,0.0,0.0,0.0,0.0,1.0,0.0,0.0,0.0,5.0,2.0,0.0,0.0,G,3.0,3.0,0.167,1.0,0.578,0.422,1.0,1.0,,0.0,,,0.0,1.0,0.5,0.0,0.0,0.0,,0.0,1.0,1.0,0.0,1.0,0.0,1.0,0.0,,,0.0,1.0,BOS,1.0,2.0,1.0,1.0,1.0,1.0,1.5,1.0,2014,21300101,,BOS,ORL,20131111.0,2013-14,False,BOS,ORL,,,,,,,,,,,,,,,,,,,,,,,,,,,,,,,,,,,,,,,,,,,,,,,,,,,,,,,,,,,,,,,,,,,,,,,,,,,,,,,,,,,,,,,,,
203515,Phil Pressey,Phil,1610612738,BOS,23.0,1,0,1,0.0,11.066666666666666,0,4,0.0,0,1,0.0,0,0,0.0,0,0,0,0,1,0,0,0,1,0,0,-4,-1.0,0,0,0.0,1,131,131,131,210,210,172,210,84,111,84,150,158,150,133,215,227,170,93,111,79,1,53,194,225,168,256,28,2,245,,212,0.0,4.0,71.5,68.0,91.5,-0.214,0.0,228,20.0,25,0.0,26,215,227,0.0,128,86.75,210,68.0,208,101.32,251,199,0.0,99,0.0,86,104.1,91.3,91.3,133,225,0.0,60,104.1,210,0.0,208,-23.3,-19.9,0.21,0.0,229,90,208,170,90,103,172,170,228,-23.3,0.2,26,20.0,3.0,1.0,0.083,1.0,24.0,0.0,1.0,30.0,2.0,0.0,2.0,0.0,0.0,0.0,0.0,0.0,0.0,0.0,0.0,0.0,2.0,0.0,0.0,0.0,0.0,0.0,0.0,0.0,31.0,0.0,2.2,0.0,0.0,4.2,0.0,0.0,12.0,0.0,4.35,,,,,,,,,,,,,,,,,,,,,,,,,0.0,0.0,1.0,0.25,0.0,0.0,0.0,0.0,1.0,BOS,0.0,0.25,0.0,1.0,1610612738.0,,1.0,0.25,0.0,0.0,0.0,0.0,0.25,1.0,0.0,,0.0,0.0,0.0,1.0,0.0,0.0,0.0,0.25,0.0,0.0,0.0,0.0,0.25,1.0,0.0,,0.25,0.0,0.0,0.0,1.0,0.25,,0.0,0.0,0.0,1.0,0.0,0.0,0.0,0.0,0.0,0.0,0.0,,0.0,2.0,0.0,0.0,0.0,0.0,0.0,0.0,0.0,0.0,0.0,0.0,0.0,0.0,0.0,0.0,1.0,1.0,0.0,0.0,0.0,0.0,0.0,0.0,0.0,0.0,0.0,0.0,0.0,0.0,0.0,2.0,0.0,0.0,0.0,G,4.0,3.0,0.2,0.75,0.559,0.191,1.0,0.0,,0.0,,,0.0,1.0,0.0,0.0,0.0,0.0,,0.0,0.0,0.0,0.0,1.0,0.0,1.0,0.0,,,0.0,0.0,BOS,0.0,0.0,1.0,0.0,1.0,0.0,0.0,0.0,2014,21300113,,BOS,CHA,20131113.0,2013-14,False,BOS,CHA,,,,,,,,,,,,,,,,,,,,,,,,,,,,,,,,,,,,,,,,,,,,,,,,,,,,,,,,,,,,,,,,,,,,,,,,,,,,,,,,,,,,,,,,,
203515,Phil Pressey,Phil,1610612738,BOS,23.0,1,0,1,0.0,11.876666666666669,2,4,0.5,2,3,0.667,0,0,0.0,0,2,2,3,2,0,0,0,3,0,6,-3,10.9,0,0,13.0,1,120,120,120,186,133,154,63,20,55,18,112,118,112,120,124,141,41,50,107,75,1,160,159,125,146,159,17,1,141,,193,0.118,4.0,112.1,108.3,121.6,0.088,0.222,63,22.2,24,0.0,71,41,67,0.75,47,84.2,133,108.3,132,95.06,114,158,1.5,54,0.375,206,101.04,111.5,111.5,120,31,2.0,133,101.04,23,33.3,193,-3.2,-9.6,0.248,0.75,42,191,132,14,191,57,154,11,63,-3.2,0.24,71,22.2,4.0,1.0,0.235,8.0,17.0,0.176,0.0,23.0,4.0,0.0,1.0,0.0,0.0,0.0,0.0,0.0,0.0,0.0,0.0,0.0,1.0,0.0,0.0,0.0,0.0,0.0,0.0,0.0,26.0,6.0,2.0,0.0,0.0,4.63,0.0,0.0,7.0,0.231,4.69,0.0,19.9,2.0,19.9,2.0,0.0,0.667,0.0,0.0,0.0,1.0,3.0,0.0,0.0,2.0,0.0,0.0,0.0,0.0,0.667,1.0,1.0,0.0,0.0,,,,,,,,,,,,,,,,,1.0,0.25,0.0,0.0,0.0,0.0,0.25,1.0,0.0,,0.0,0.0,0.0,,,,,,,,,,,,,,0.75,2.0,0.0,0.0,3.0,0.75,,0.667,1.0,0.0,3.0,0.667,2.0,0.0,1.0,0.0,0.0,0.0,0.0,0.0,1.0,0.0,0.0,0.0,0.0,0.75,1.0,0.0,6.0,0.0,0.0,0.0,0.0,,0.0,0.0,3.0,0.667,0.0,0.0,0.0,0.0,0.0,0.0,,,2.0,0.0,0.0,0.0,0.0,0.0,1.0,0.0,G,5.0,4.0,0.217,0.8,0.546,0.254,0.0,0.5,,0.0,0.0,,0.0,2.0,0.0,0.0,0.0,0.0,,0.0,0.0,1.0,0.0,1.0,1.0,0.0,1.0,0.0,0.0,1.0,0.0,BOS,0.0,0.0,2.0,1.0,2.0,2.0,1.5,2.0,2014,21300128,,BOS,POR,20131115.0,2013-14,False,BOS,POR,,,,,,,,,,,,,,,,,,,,,,,,,,,,,,,,,,,,,,,,,,,,,,,,,,,,,,,,,,,,,,,,,,,,,,,,,,,,,,,,,,,,,,,,,
203515,Phil Pressey,Phil,1610612738,BOS,23.0,1,0,1,0.0,14.333333333333334,1,2,0.5,0,1,0.0,0,0,0.0,0,0,0,2,0,0,0,0,0,0,2,0,5.0,0,0,4.0,1,120,120,120,181,164,186,79,92,106,92,130,138,130,120,197,206,59,160,116,79,1,1,171,179,104,199,18,1,200,,1,0.0,2.0,105.2,107.1,108.5,0.057,0.0,98,0.0,28,0.0,126,197,206,0.5,123,79.53,164,107.1,94,94.04,157,129,0.0,214,0.2,139,95.44,103.4,103.4,120,133,1.0,148,95.44,100,50.0,1,3.7,-3.3,0.062,0.5,107,117,94,48,117,215,186,6,98,3.7,0.061,126,0.0,3.0,0.0,0.087,4.0,23.0,0.087,0.0,26.0,2.0,0.0,0.0,0.0,0.0,0.0,0.0,0.0,0.0,0.0,0.0,1.0,1.0,0.0,0.0,0.0,1.0,0.0,0.0,0.0,26.0,2.0,2.0,0.0,0.0,4.64,0.0,0.0,8.0,0.077,4.58,,,,,,,,,,,,,,,,,,,,,,,,,,,,,,,,,,,,,,,,,1.0,0.5,1.0,1.0,0.5,1.0,1.0,2.0,0.5,0.0,1.0,0.5,0.0,,,,,,,,,,,,,,,,,,,,,,,,,,,1.0,0.0,2.0,1.0,1.0,,0.0,1.0,0.0,0.0,0.0,0.0,0.5,0.0,0.0,0.0,0.0,0.0,,1.0,,0.0,0.0,1.0,0.0,0.0,0.0,0.0,0.0,0.0,0.0,,,0.0,,0.0,,1.0,1.0,0.0,0.0,G,6.0,4.0,0.214,0.667,0.534,0.132,0.0,0.0,,0.0,,,,1.0,0.0,0.0,,0.0,,,0.0,0.0,0.0,1.0,0.0,0.0,1.0,,,1.0,0.0,BOS,0.0,0.0,1.0,0.0,1.0,0.0,0.0,0.0,2014,21300142,,MIN,BOS,20131116.0,2013-14,False,BOS,MIN,,,,,,,,,,,,,,,,,,,,,,,,,,,,,,,,,,,,,,,,,,,,,,,,,,,,,,,,,,,,,,,,,,,,,,,,,,,,,,,,,,,,,,,,,
203515,Phil Pressey,Phil,1610612738,BOS,23.0,1,0,1,0.0,21.0,0,3,0.0,0,2,0.0,5,7,0.714,0,0,0,5,1,2,0,0,0,4,5,16,17.5,0,0,14.0,1,56,56,56,66,93,82,93,49,39,49,6,6,35,50,89,94,9,45,8,33,1,1,11,68,6,55,8,1,64,,46,0.0,3.0,110.6,115.0,75.1,0.126,0.0,24,8.3,40,0.0,77,89,94,0.411,3,77.14,93,115.0,7,93.21,35,9,5.0,73,0.313,7,92.57,73.2,73.2,50,77,0.0,76,92.57,93,41.7,46,41.8,35.5,0.152,0.0,29,3,7,16,3,76,82,10,24,41.8,0.146,77,8.3,14.0,1.0,0.133,13.0,45.0,0.111,0.0,47.0,6.0,0.0,0.0,0.125,0.0,0.125,0.0,0.25,2.0,1.0,2.0,0.625,8.0,0.5,1.0,0.0,5.0,1.0,0.0,0.0,53.0,5.0,3.6,0.0,0.0,4.08,0.0,0.0,27.0,0.094,4.47,,,,,,,,,,,,,,,,,,,,,,,,,,,,,,,,,,,,,,,,,,,,,,,,,,,,,,,,,,,,,,,,,,,1.0,0.0,0.0,0.333,2.0,0.667,0.0,0.0,0.0,1.0,3.0,0.0,0.0,0.0,1.0,0.0,0.0,0.0,0.0,0.0,2.0,0.0,0.0,0.0,0.0,0.0,0.0,0.0,0.0,0.0,0.0,,0.0,0.0,0.0,0.0,2.0,0.0,0.0,0.0,0.0,0.0,0.0,0.0,0.0,0.0,0.0,,0.0,,1.0,0.0,0.0,0.0,G,7.0,5.0,0.226,0.714,0.552,0.162,0.0,0.0,,0.0,,,,2.0,0.0,0.0,,0.0,,,0.0,0.0,0.0,1.0,0.0,0.0,0.0,,,0.0,0.0,BOS,0.0,0.0,1.0,0.0,1.0,0.0,0.0,0.0,2014,21300159,,HOU,BOS,20131119.0,2013-14,False,BOS,HOU,,,,,,,,,,,,,,,,,,,,,,,,,,,,,,,,,,,,,,,,,,,,,,,,,,,,,,,,,,,,,,,,,,,,,,,,,,,,,,,,,,,,,,,,,
203515,Phil Pressey,Phil,1610612738,BOS,23.0,1,0,1,0.0,8.9,1,3,0.333,0,1,0.0,0,0,0.0,1,2,3,2,1,1,0,0,1,0,2,-13,10.6,0,0,9.0,1,133,133,133,233,186,207,168,107,131,107,146,155,146,69,131,129,89,115,47,90,1,48,196,211,247,186,23,1,194,,184,0.214,3.0,66.7,63.2,132.4,0.09,0.286,257,16.7,19,0.143,37,18,10,0.333,35,85.39,186,63.2,263,99.45,131,260,2.0,101,0.4,242,102.47,131.6,131.6,17,209,1.0,75,102.47,181,33.3,184,-68.4,-65.7,0.211,0.333,256,242,263,12,242,106,207,30,257,-68.4,0.2,37,16.7,4.0,0.0,0.176,4.0,17.0,0.118,1.0,17.0,3.0,0.0,0.0,0.0,0.0,0.0,0.0,0.0,0.0,0.0,0.0,1.0,1.0,0.0,0.0,0.0,1.0,0.0,0.0,0.0,24.0,2.0,1.7,0.0,0.0,4.37,0.0,0.0,4.0,0.083,4.83,0.0,12.6,3.0,8.1,2.0,0.0,0.75,0.0,0.0,1.0,0.667,4.0,0.0,1.0,3.0,0.0,0.0,1.0,0.0,0.75,1.0,0.667,0.0,21.6,,,,,,,,,,,,,,,,,1.0,0.333,0.0,1.0,0.0,1.0,0.333,1.0,1.0,,1.0,1.0,0.0,1.0,0.0,0.0,0.0,0.333,0.0,0.0,0.0,0.0,0.333,1.0,0.0,,0.333,0.0,0.0,0.0,1.0,0.333,,0.0,0.0,0.0,1.0,0.0,0.0,0.0,0.0,0.0,0.0,0.0,,0.0,1.0,0.0,0.0,0.0,0.0,0.333,0.0,0.0,0.0,0.0,0.0,0.0,0.0,0.0,0.0,0.0,1.0,0.0,0.0,0.0,0.0,0.0,0.0,1.0,0.0,0.0,0.0,0.0,0.0,0.0,1.0,0.0,1.0,1.0,G,8.0,6.0,0.229,0.75,0.554,0.196,1.0,0.0,,1.0,,,0.0,1.0,0.0,1.0,0.0,,,0.0,0.0,0.0,,0.0,1.0,,0.0,,,0.0,0.0,BOS,0.0,0.0,1.0,0.0,1.0,0.0,0.0,0.0,2014,21300170,,SAS,BOS,20131120.0,2013-14,False,BOS,SAS,,,,,,,,,,,,,,,,,,,,,,,,,,,,,,,,,,,,,,,,,,,,,,,,,,,,,,,,,,,,,,,,,,,,,,,,,,,,,,,,,,,,,,,,,
203515,Phil Pressey,Phil,1610612738,BOS,23.0,1,0,1,0.0,6.286666666666667,0,1,0.0,0,0,0.0,1,2,0.5,0,1,1,1,0,0,0,0,0,1,1,-2,3.7,0,0,3.0,1,112,112,112,210,197,205,197,87,138,87,95,76,90,120,148,166,101,161,115,64,1,1,118,198,119,201,20,2,205,,1,0.111,1.0,85.0,83.3,121.5,0.056,0.333,181,0.0,12,0.0,207,7,69,0.266,113,73.17,197,83.3,188,82.61,149,199,0.0,161,0.25,203,87.8,109.1,109.1,120,185,0.0,221,87.8,197,33.3,1,-25.8,-36.4,0.147,0.0,178,166,188,37,166,158,205,25,181,-25.8,0.143,207,0.0,2.0,0.0,0.1,2.0,10.0,0.1,0.0,10.0,1.0,0.0,0.0,1.0,0.0,1.0,0.0,0.0,2.0,1.0,0.0,0.0,1.0,0.5,1.0,0.0,0.0,1.0,1.0,1.0,14.0,1.0,1.3,0.0,0.0,5.58,0.0,0.0,2.0,0.071,5.64,1.0,2.5,1.0,2.5,1.0,0.0,0.5,0.0,0.0,0.0,1.0,2.0,0.0,0.0,1.0,0.0,1.0,0.0,1.0,0.5,1.0,1.0,1.0,0.0,,,,,,,,,,,,,,,,,1.0,1.0,0.0,0.0,0.0,0.0,1.0,1.0,0.0,,0.0,0.0,0.0,,,,,,,,,,,,,,,,,,,,,,,,,,,0.0,,0.0,,,,,0.0,0.0,0.0,0.0,0.0,0.0,0.0,0.0,0.0,0.0,,,0.0,,0.0,0.0,,,,,,,0.0,0.0,,,,,,,0.0,0.0,1.0,0.0,G,8.0,6.0,0.222,0.75,0.554,0.196,0.0,,,0.0,,,,,0.0,0.0,,0.0,,,0.0,,0.0,0.0,1.0,0.0,0.0,,,0.0,0.0,BOS,0.0,0.0,0.0,,,,,0.0,2014,21300179,,BOS,IND,20131122.0,2013-14,False,BOS,IND,,,,,,,,,,,,,,,,,,,,,,,,,,,,,,,,,,,,,,,,,,,,,,,,,,,,,,,,,,,,,,,,,,,,,,,,,,,,,,,,,,,,,,,,,
203515,Phil Pressey,Phil,1610612738,BOS,23.0,1,1,0,1.0,3.933333333333333,0,0,0.0,0,0,0.0,0,0,0.0,0,0,0,0,0,0,0,0,0,0,0,-8,0.0,0,0,0.0,1,1,1,1,206,182,199,182,93,127,93,110,120,110,103,183,191,152,140,103,63,1,1,153,192,165,208,19,1,209,,1,0.0,0.0,33.3,28.6,170.1,0.0,0.0,214,0.0,7,0.0,203,183,191,0.0,107,71.19,182,28.6,215,72.49,174,215,0.0,205,0.0,213,85.42,142.9,142.9,103,192,0.0,215,85.42,182,0.0,1,-114.3,-136.7,0.0,0.0,214,209,215,152,209,205,199,152,214,-114.3,0.0,203,0.0,1.0,0.0,0.0,0.0,8.0,0.0,0.0,8.0,0.0,0.0,0.0,0.0,0.0,0.0,0.0,0.0,0.0,0.0,0.0,0.0,0.0,0.0,0.0,0.0,0.0,0.0,0.0,0.0,8.0,0.0,0.7,0.0,0.0,4.9,0.0,0.0,2.0,0.0,5.13,,,,,,,,,,,,,,,,,,,,,,,,,,,,,,,,,,,,,,,,,,,,,,,,,,,,,,,,,,,,,,,,,,,,,,,,,,,,,,,,0.0,,0.0,,,,,0.0,0.0,0.0,0.0,0.0,0.0,0.0,0.0,0.0,0.0,,,0.0,,0.0,0.0,0.0,0.0,,,,,0.0,0.0,,,0.0,,,,0.0,0.0,0.0,0.0,G,8.0,6.0,0.211,0.75,0.554,0.196,0.0,0.0,,0.0,,,,0.0,0.0,0.0,,0.0,,,0.0,0.0,0.0,0.0,0.0,0.0,0.0,,,0.0,0.0,BOS,0.0,0.0,0.0,,,,,0.0,2014,21300190,,ATL,BOS,20131123.0,2013-14,False,BOS,ATL,,,,,,,,,,,,,,,,,,,,,,,,,,,,,,,,,,,,,,,,,,,,,,,,,,,,,,,,,,,,,,,,,,,,,,,,,,,,,,,,,,,,,,,,,
203515,Phil Pressey,Phil,1610612738,BOS,23.0,1,0,1,0.0,4.7,0,1,0.0,0,1,0.0,0,0,0.0,1,0,1,0,0,0,0,0,2,0,0,-5,1.2,0,0,1.0,1,135,135,135,250,238,236,238,97,122,97,147,155,147,69,230,201,195,181,123,74,1,120,199,244,183,257,20,1,257,,1,0.111,1.0,67.6,66.7,146.3,-0.313,0.0,258,0.0,9,0.143,260,230,87,0.0,144,72.34,238,66.7,263,83.74,270,267,0.0,251,0.0,264,86.81,137.5,137.5,19,244,0.0,263,86.81,238,0.0,1,-70.8,-78.7,0.084,0.0,260,260,263,195,260,249,236,195,258,-70.8,0.083,260,0.0,2.0,0.0,0.0,0.0,14.0,0.0,0.0,14.0,0.0,0.0,0.0,0.0,0.0,0.0,0.0,0.0,0.0,0.0,0.0,1.0,1.0,0.0,0.0,0.0,1.0,0.0,0.0,1.0,15.0,0.0,1.1,0.0,0.0,4.43,0.0,0.0,7.0,0.0,4.73,1.0,5.8,0.0,0.0,0.0,0.0,0.5,0.0,1.0,0.5,0.0,2.0,1.0,0.0,0.0,0.0,0.0,0.5,0.0,0.5,2.0,0.0,1.0,5.8,,,,,,,,,,,,,,,,,,,,,,,,,,,,,,1.0,1.0,0.0,0.0,1.0,0.0,0.0,,1.0,0.0,0.0,0.0,0.0,,,,,,,,,,,,,,0.0,0.0,0.0,,,,0.0,0.0,0.0,0.0,0.0,0.0,0.0,0.0,0.0,0.0,0.0,0.0,,0.0,,0.0,0.0,0.0,0.0,1.0,0.0,0.0,0.0,0.0,0.0,,,0.0,,1.0,,0.0,0.0,0.0,0.0,G,8.0,6.0,0.174,0.75,0.554,0.196,0.0,0.0,,0.0,,,,0.0,0.0,0.0,,0.0,,,0.0,0.0,0.0,1.0,0.0,0.0,0.0,,,0.0,0.0,BOS,0.0,0.0,1.0,0.0,1.0,0.0,0.0,0.0,2014,21300217,,BOS,MEM,20131127.0,2013-14,False,BOS,MEM,,,,,,,,,,,,,,,,,,,,,,,,,,,,,,,,,,,,,,,,,,,,,,,,,,,,,,,,,,,,,,,,,,,,,,,,,,,,,,,,,,,,,,,,,
203515,Phil Pressey,Phil,1610612738,BOS,23.0,1,1,0,1.0,15.016666666666667,0,0,0.0,0,0,0.0,0,2,0.0,0,1,1,0,0,1,0,0,1,1,0,-8,4.2,0,0,3.0,1,1,1,1,205,238,273,238,110,175,110,141,89,141,148,182,206,187,186,42,86,1,66,129,246,225,246,26,2,249,,1,0.03,0.0,90.8,87.1,110.6,-0.029,0.045,208,0.0,31,0.0,89,223,227,0.0,138,82.57,238,87.1,229,98.07,252,214,0.0,274,0.0,209,99.09,112.9,112.9,148,246,0.0,108,99.09,238,0.0,1,-25.8,-19.8,0.028,0.0,189,218,229,187,218,274,273,187,208,-25.8,0.03,89,0.0,5.0,1.0,0.031,2.0,32.0,0.0,0.0,35.0,1.0,0.0,0.0,0.0,0.0,0.0,0.0,0.0,0.0,0.0,0.0,0.0,0.0,0.0,0.0,0.0,0.0,0.0,0.0,0.0,38.0,0.0,3.5,0.0,0.0,5.48,0.0,0.0,12.0,0.0,5.87,0.0,11.1,4.0,11.1,1.0,0.0,0.2,0.0,0.0,0.0,0.25,5.0,0.0,0.0,1.0,0.0,0.0,0.0,0.0,0.2,1.0,0.25,0.0,0.0,,,,,,,,,,,,,,,,,,,,,,,,,,,,,,,,,,,,,,,,,,,,,,,,,,,,,,,,0.0,,0.0,,,,,0.0,0.0,0.0,0.0,0.0,0.0,0.0,0.0,0.0,0.0,0.0,0.0,0.0,,0.0,0.0,0.0,0.0,0.0,0.0,0.0,0.0,0.0,0.0,,,0.0,0.0,0.0,0.0,0.0,0.0,0.0,0.0,G,8.0,6.0,0.148,0.75,0.554,0.196,0.0,0.0,,0.0,,,0.0,0.0,0.0,0.0,0.0,0.0,,0.0,0.0,0.0,0.0,0.0,0.0,0.0,0.0,,,0.0,0.0,BOS,0.0,0.0,0.0,,,,,0.0,2014,21300232,,BOS,CLE,20131129.0,2013-14,False,BOS,CLE,,,,,,,,,,,,,,,,,,,,,,,,,,,,,,,,,,,,,,,,,,,,,,,,,,,,,,,,,,,,,,,,,,,,,,,,,,,,,,,,,,,,,,,,,
203515,Phil Pressey,Phil,1610612738,BOS,23.0,1,0,1,0.0,7.608333333333333,0,1,0.0,0,1,0.0,0,0,0.0,1,0,1,1,0,3,0,0,0,0,0,-1,11.7,0,0,8.0,1,67,67,67,123,121,124,121,59,68,59,75,81,75,37,118,102,70,95,3,43,1,1,99,123,67,99,14,1,109,,1,0.05,1.0,66.7,71.4,73.9,0.146,0.0,129,0.0,14,0.091,77,118,90,0.0,76,76.23,121,71.4,72,94.25,32,82,0.0,130,0.2,3,91.48,73.3,73.3,22,123,0.0,56,91.48,121,50.0,1,-1.9,-7.3,0.063,0.0,133,3,72,32,3,130,124,5,129,-1.9,0.063,77,0.0,6.0,0.0,0.05,2.0,20.0,0.05,0.0,16.0,1.0,0.0,0.0,0.0,0.0,0.0,0.0,0.0,0.0,0.0,0.0,1.0,1.0,0.0,0.0,0.0,1.0,0.0,0.0,0.0,21.0,0.0,1.3,0.0,0.0,3.71,0.0,0.0,11.0,0.0,3.76,0.0,15.0,1.0,0.0,0.0,0.0,0.333,0.0,0.0,0.5,0.0,3.0,0.0,1.0,1.0,0.0,0.0,0.5,0.0,0.333,2.0,0.0,0.0,15.0,,,,,,,,,,,,,,,,,,,,,,,,,,,,,,,,,,,,,,,,,,,1.0,0.0,0.0,0.0,1.0,1.0,,0.0,0.0,0.0,1.0,0.0,0.0,0.0,0.0,0.0,,,,0.0,0.0,0.0,0.0,0.0,0.0,0.0,0.0,0.0,0.0,0.0,0.0,,0.0,0.0,0.0,0.0,1.0,0.0,,0.0,,,0.0,0.0,0.0,0.0,0.0,,0.0,,0.0,0.0,0.0,0.0,G,8.0,6.0,0.138,0.75,0.554,0.196,0.0,0.0,,0.0,,,,1.0,0.0,0.0,,0.0,,,0.0,0.0,0.0,0.0,0.0,0.0,0.0,,,0.0,0.0,BOS,0.0,0.0,1.0,0.0,1.0,0.0,0.0,0.0,2014,21300247,,MIL,BOS,20131130.0,2013-14,False,BOS,MIL,,,,,,,,,,,,,,,,,,,,,,,,,,,,,,,,,,,,,,,,,,,,,,,,,,,,,,,,,,,,,,,,,,,,,,,,,,,,,,,,,,,,,,,,,
203515,Phil Pressey,Phil,1610612738,BOS,23.0,1,1,0,1.0,13.45,0,2,0.0,0,0,0.0,2,2,1.0,1,1,2,1,0,1,0,1,1,4,2,-2,8.9,0,0,7.0,1,1,1,1,164,187,185,187,78,133,78,57,75,1,64,139,125,94,137,42,73,155,49,24,169,128,166,19,1,172,,1,0.08,2.0,80.4,79.2,89.3,0.098,0.091,196,0.0,24,0.071,215,126,110,0.347,101,69.89,187,79.2,148,84.15,103,141,0.0,184,0.143,48,83.87,91.3,91.3,63,162,0.0,207,83.87,187,33.3,1,-12.1,-8.9,0.108,0.0,195,59,148,79,59,204,185,24,196,-12.1,0.074,215,0.0,3.0,0.0,0.031,2.0,32.0,0.031,0.0,35.0,1.0,0.0,1.0,0.0,0.0,0.0,0.0,0.0,0.0,0.0,0.0,0.0,2.0,0.0,0.0,0.0,0.0,0.0,0.0,1.0,38.0,2.0,2.7,0.0,0.0,4.19,0.0,0.0,19.0,0.053,4.39,1.0,6.2,2.0,10.7,1.0,0.0,0.4,1.0,1.0,0.333,0.5,5.0,1.0,0.0,1.0,1.0,0.0,0.5,0.0,0.5,3.0,0.5,0.5,1.7,,,,,,,,,,,,,,,,,1.0,1.0,0.0,0.0,0.0,0.0,1.0,1.0,0.0,,0.0,0.0,0.0,,,,,,,,,,,,,,,,,,,,,,,,,,,0.0,,0.0,0.0,0.0,,,1.0,0.0,0.0,0.0,0.0,0.0,0.0,0.0,0.0,0.0,0.0,,0.0,,0.0,1.0,0.0,0.0,0.0,0.0,0.0,0.0,0.0,0.0,,,0.0,,0.0,,0.0,0.0,1.0,0.0,G,8.0,6.0,0.129,0.75,0.554,0.196,0.0,0.0,,0.0,0.0,,,0.0,0.0,0.0,,0.0,,,0.0,0.0,0.0,0.0,1.0,0.0,0.0,0.0,0.0,0.0,0.0,BOS,0.0,1.0,0.0,,,,,0.0,2014,21300283,,BOS,DEN,20131206.0,2013-14,False,BOS,DEN,,,,,,,,,,,,,,,,,,,,,,,,,,,,,,,,,,,,,,,,,,,,,,,,,,,,,,,,,,,,,,,,,,,,,,,,,,,,,,,,,,,,,,,,,
203515,Phil Pressey,Phil,1610612738,BOS,23.0,1,0,1,0.0,3.148333333333333,1,1,1.0,0,0,0.0,0,0,0.0,0,0,0,0,0,0,0,0,1,0,2,-2,2.0,0,0,2.0,1,88,88,88,157,116,145,1,67,100,67,92,99,92,85,141,146,116,113,72,50,1,31,122,130,93,153,12,1,151,,1,0.0,1.0,142.4,128.6,225.4,0.053,0.0,13,0.0,7,0.0,121,141,146,1.0,87,76.23,116,128.6,161,85.38,120,162,0.0,103,0.0,166,91.48,220.0,220.0,85,7,1.0,163,91.48,2,0.0,1,-91.4,-83.0,0.158,1.0,2,167,161,116,167,110,145,116,13,-91.4,0.143,121,0.0,0.0,0.0,0.0,0.0,9.0,0.0,0.0,10.0,0.0,0.0,0.0,0.0,0.0,0.0,0.0,0.0,0.0,0.0,0.0,1.0,1.0,0.0,0.0,0.0,1.0,0.0,0.0,0.0,10.0,2.0,0.7,0.0,0.0,4.25,0.0,0.0,4.0,0.2,4.7,,,,,,,,,,,,,,,,,,,,,,,,,,,,,,,,,,,,,,,,,,,,,,,,,,,,,,,,,,,,,,,,,,,1.0,0.0,1.0,1.0,0.0,0.0,1.0,,1.0,1.0,1.0,1.0,1.0,1.0,,2.0,1.0,1.0,,,1.0,0.0,0.0,0.0,0.0,1.0,0.0,0.0,0.0,0.0,,,1.0,,0.0,0.0,0.0,0.0,,,,,0.0,0.0,,,0.0,,,,1.0,1.0,0.0,0.0,G,9.0,7.0,0.125,0.778,0.548,0.23,1.0,0.0,,0.0,,,,0.0,0.0,0.0,,0.0,,,1.0,0.0,0.0,,0.0,0.0,,,,,1.0,BOS,0.0,0.0,0.0,,,,,0.0,2014,21300314,,BKN,BOS,20131210.0,2013-14,False,BOS,BKN,,,,,,,,,,,,,,,,,,,,,,,,,,,,,,,,,,,,,,,,,,,,,,,,,,,,,,,,,,,,,,,,,,,,,,,,,,,,,,,,,,,,,,,,,
203515,Phil Pressey,Phil,1610612738,BOS,23.0,1,1,0,1.0,12.791666666666666,1,4,0.25,0,2,0.0,0,0,0.0,0,2,2,2,2,0,0,0,2,1,2,16,5.4,0,0,6.0,1,1,1,1,212,190,186,201,104,97,104,152,156,152,144,128,162,82,47,115,90,1,104,138,213,20,225,33,1,219,,227,0.087,4.0,128.3,132.0,71.9,-0.03,0.118,14,25.0,25,0.0,137,119,108,0.25,87,79.74,190,132.0,4,92.61,239,6,1.0,94,0.222,6,95.69,65.4,65.4,144,223,1.0,177,95.69,207,25.0,227,66.6,56.4,0.216,0.25,20,6,4,53,6,78,186,48,14,66.6,0.222,137,25.0,4.0,1.0,0.222,6.0,18.0,0.111,1.0,22.0,4.0,2.0,0.0,0.0,0.0,0.0,1.0,0.0,0.0,0.0,0.0,0.0,2.0,0.0,0.0,0.0,0.0,0.0,0.0,0.0,26.0,2.0,2.5,0.0,0.0,5.67,0.0,0.0,9.0,0.077,6.23,1.0,22.3,2.0,22.3,1.0,0.0,1.0,0.0,0.0,0.0,1.0,2.0,0.0,0.0,1.0,0.0,1.0,0.0,0.5,1.0,0.0,1.0,0.5,0.0,,,,,,,,,,,,,,,,,1.0,0.25,0.0,0.0,0.0,0.0,0.25,1.0,0.0,,0.0,0.0,0.0,1.0,0.0,1.0,0.0,0.25,1.0,1.0,1.0,0.0,0.25,1.0,1.0,,0.5,0.0,0.0,0.0,2.0,0.5,,0.0,0.0,0.0,2.0,0.0,0.0,1.0,0.0,2.0,1.0,1.0,,0.0,1.0,0.0,0.0,0.0,0.0,0.25,0.0,0.0,0.0,0.0,0.0,0.0,1.0,0.0,0.0,1.0,2.0,0.0,,0.0,,,0.0,0.0,0.0,0.0,0.0,0.0,0.0,0.0,1.0,1.0,0.0,0.0,G,9.0,7.0,0.115,0.778,0.548,0.23,0.0,0.0,,0.0,0.0,,0.0,2.0,0.0,0.0,0.0,0.0,,0.0,0.0,0.0,0.0,1.0,0.0,1.0,1.0,0.0,0.0,1.0,0.0,BOS,0.0,0.0,2.0,0.0,2.0,0.0,0.0,0.0,2014,21300333,,BOS,NYK,20131213.0,2013-14,False,BOS,NYK,,,,,,,,,,,,,,,,,,,,,,,,,,,,,,,,,,,,,,,,,,,,,,,,,,,,,,,,,,,,,,,,,,,,,,,,,,,,,,,,,,,,,,,,,
203515,Phil Pressey,Phil,1610612738,BOS,23.0,1,1,0,1.0,13.381666666666666,2,6,0.333,0,0,0.0,0,0,0.0,1,2,3,0,0,1,0,0,2,0,4,-9,10.6,0,0,9.0,1,1,1,1,135,98,93,105,72,102,72,90,97,90,41,88,86,120,106,30,41,1,70,122,114,134,117,12,1,120,,1,0.13,6.0,104.7,100.0,154.1,0.033,0.2,95,0.0,23,0.077,165,40,39,0.333,87,67.26,98,100.0,155,76.62,119,154,0.0,60,0.0,162,80.71,145.5,145.5,34,124,2.0,166,80.71,117,0.0,1,-45.5,-49.4,0.215,0.333,90,164,155,120,164,67,93,120,95,-45.5,0.2,165,0.0,4.0,1.0,0.037,2.0,27.0,0.0,0.0,28.0,1.0,0.0,2.0,1.0,1.0,0.0,0.0,0.0,0.0,0.0,0.0,0.0,2.0,0.0,0.0,0.5,0.0,2.0,0.0,0.0,34.0,4.0,2.7,0.0,0.0,4.76,0.0,0.0,13.0,0.118,5.18,0.0,14.6,2.0,9.5,2.0,0.0,0.75,0.0,0.0,0.5,1.0,4.0,0.0,1.0,3.0,0.0,0.0,0.5,0.0,0.75,2.0,1.0,0.0,24.7,1.0,0.0,1.0,0.333,0.0,0.0,2.0,2.0,2.0,BOS,1.0,0.333,1.0,2.0,1610612738.0,,3.0,0.5,0.0,0.0,0.0,0.0,0.5,3.0,0.0,,0.0,0.0,0.0,1.0,0.0,0.0,0.0,0.167,0.0,0.0,0.0,0.0,0.167,1.0,0.0,,,,,,,,,,,,,,,0.0,,0.0,0.0,0.0,,,3.0,0.0,0.0,0.0,0.0,0.333,0.0,0.0,0.0,0.0,0.0,0.0,0.0,0.0,0.0,1.0,0.0,0.0,,0.0,,,0.0,2.0,0.0,0.0,0.0,0.0,0.0,0.0,3.0,0.0,2.0,1.0,G,9.0,7.0,0.11,0.778,0.548,0.23,1.0,0.0,,1.0,0.0,,0.0,0.0,0.0,2.0,0.0,0.0,,0.0,0.0,0.0,0.0,2.0,2.0,1.0,0.0,0.0,0.0,0.0,0.0,BOS,0.0,0.0,0.0,,,,,0.0,2014,21300358,,BOS,MIN,20131216.0,2013-14,False,BOS,MIN,,,,,,,,,,,,,,,,,,,,,,,,,,,,,,,,,,,,,,,,,,,,,,,,,,,,,,,,,,,,,,,,,,,,,,,,,,,,,,,,,,,,,,,,,
203515,Phil Pressey,Phil,1610612738,BOS,23.0,1,0,1,0.0,10.25,1,1,1.0,0,0,0.0,0,0,0.0,0,0,0,3,0,0,0,0,0,0,2,-3,6.5,0,0,5.0,1,123,123,123,207,181,213,1,102,143,102,134,145,134,131,214,220,55,165,121,72,1,1,176,192,132,200,26,2,204,,1,0.0,1.0,95.8,95.2,107.9,0.139,0.0,172,0.0,21,0.0,83,214,220,1.0,122,81.95,181,95.2,175,98.81,55,168,0.0,229,0.375,135,98.34,109.5,109.5,131,6,1.0,77,98.34,2,75.0,1,-14.3,-12.1,0.048,1.0,174,139,175,17,139,229,213,2,172,-14.3,0.045,83,0.0,5.0,0.0,0.158,6.0,19.0,0.158,0.0,20.0,3.0,0.0,0.0,0.0,0.0,0.0,0.0,0.0,0.0,0.0,0.0,1.0,2.0,0.0,0.0,0.0,2.0,0.0,0.0,0.0,20.0,2.0,2.0,0.0,0.0,5.93,0.0,1.0,7.0,0.1,5.45,,,,,,,,,,,,,,,,,,,,,,,,,,,,,,,,,,,,,,,,,,,,,,,,,,,,,,1.0,0.0,1.0,0.0,1.0,1.0,1.0,1.0,0.0,1.0,1.0,1.0,,,,,,,,,,,,,,,0.0,,0.0,,,,,0.0,0.0,0.0,0.0,0.0,1.0,0.0,0.0,0.0,0.0,0.0,0.0,0.0,,0.0,0.0,0.0,0.0,0.0,0.0,0.0,0.0,0.0,1.0,,,0.0,0.0,0.0,0.0,0.0,0.0,1.0,1.0,G,11.0,9.0,0.126,0.818,0.558,0.26,0.0,0.0,,1.0,,,0.0,0.0,0.0,1.0,0.0,0.0,,0.0,0.0,0.0,0.0,0.0,1.0,0.0,0.0,,,0.0,0.0,BOS,0.0,0.0,0.0,,,,,0.0,2014,21300373,,BOS,DET,20131218.0,2013-14,False,BOS,DET,,,,,,,,,,,,,,,,,,,,,,,,,,,,,,,,,,,,,,,,,,,,,,,,,,,,,,,,,,,,,,,,,,,,,,,,,,,,,,,,,,,,,,,,,
203515,Phil Pressey,Phil,1610612738,BOS,23.0,1,1,0,1.0,12.455,0,1,0.0,0,1,0.0,0,0,0.0,0,0,0,1,0,2,0,0,2,0,0,-3,7.5,0,0,5.0,1,1,1,1,203,216,222,216,108,117,108,134,146,134,125,216,220,127,164,19,81,1,111,176,223,154,201,18,1,211,,1,0.0,1.0,97.5,92.6,106.5,0.0,0.0,186,0.0,27,0.0,52,216,220,0.0,135,85.11,216,92.6,176,100.05,213,153,0.0,239,0.091,134,102.13,107.7,107.7,125,223,0.0,63,102.13,216,50.0,1,-15.1,-9.0,0.032,0.0,162,144,176,144,144,240,222,8,186,-15.1,0.029,52,0.0,5.0,0.0,0.038,2.0,26.0,0.038,0.0,27.0,1.0,0.0,0.0,0.0,0.0,0.0,0.0,0.0,0.0,0.0,0.0,0.0,0.0,0.0,0.0,0.0,0.0,0.0,1.0,0.0,30.0,0.0,2.7,0.0,0.0,5.32,0.0,0.0,12.0,0.0,5.53,,,,,,,,,,,,,,,,,,,,,,,,,,,,,,,,,,,,,,,,,,,,,,,,,,,,,,,,,,,,,,,,,,,1.0,0.0,0.0,0.0,1.0,1.0,,0.0,0.0,0.0,1.0,0.0,0.0,0.0,0.0,0.0,,,,0.0,0.0,0.0,0.0,0.0,0.0,0.0,0.0,0.0,0.0,0.0,0.0,,0.0,0.0,0.0,0.0,1.0,0.0,0.0,0.0,0.0,0.0,0.0,0.0,0.0,0.0,0.0,,0.0,,0.0,0.0,0.0,0.0,G,11.0,9.0,0.113,0.818,0.558,0.26,0.0,0.0,,0.0,,,,0.0,0.0,0.0,,0.0,,,0.0,0.0,0.0,1.0,0.0,0.0,0.0,,,0.0,0.0,BOS,0.0,0.0,1.0,0.0,1.0,0.0,0.0,0.0,2014,21300436,,BOS,CLE,20131228.0,2013-14,False,BOS,CLE,,,,,,,,,,,,,,,,,,,,,,,,,,,,,,,,,,,,,,,,,,,,,,,,,,,,,,,,,,,,,,,,,,,,,,,,,,,,,,,,,,,,,,,,,
203515,Phil Pressey,Phil,1610612738,BOS,23.0,1,0,1,0.0,13.283333333333331,0,1,0.0,0,1,0.0,0,0,0.0,0,0,0,5,1,1,0,0,3,1,0,15,9.5,0,0,7.0,1,87,87,87,130,143,151,143,51,74,51,87,94,87,87,140,152,18,57,25,53,1,111,73,144,23,124,14,1,134,,119,0.0,1.0,131.4,129.6,72.7,0.02,0.0,8,14.3,27,0.0,54,140,152,0.0,7,81.3,143,129.6,9,97.85,138,6,5.0,154,0.385,22,97.57,74.1,74.1,87,144,0.0,51,97.57,143,71.4,118,55.6,58.7,0.075,0.0,9,20,9,12,20,153,151,1,8,55.6,0.074,54,14.3,9.0,1.0,0.296,12.0,27.0,0.185,2.0,29.0,8.0,0.0,0.0,0.0,0.0,0.0,0.0,0.0,0.0,0.0,0.0,0.0,1.0,0.0,0.0,0.0,0.0,0.0,0.0,0.0,30.0,0.0,2.5,0.0,0.0,4.95,0.0,0.0,10.0,0.0,4.93,,,,,,,,,,,,,,,,,,,,,,,,,,,,,,,,,,,,,,,,,,,,,,,,,,,,,,,,,,,,,,,,,,,1.0,0.0,0.0,0.0,1.0,1.0,,0.0,0.0,0.0,1.0,0.0,0.0,0.0,0.0,0.0,,,,0.0,0.0,0.0,0.0,0.0,0.0,0.0,0.0,0.0,0.0,0.0,0.0,,0.0,0.0,0.0,0.0,0.0,0.0,1.0,0.0,0.0,0.0,0.0,0.0,0.0,0.0,0.0,,1.0,,0.0,0.0,0.0,0.0,G,12.0,9.0,0.12,0.75,0.559,0.192,0.0,0.0,0.0,0.0,,0.0,,0.0,0.0,0.0,,0.0,0.0,,0.0,0.0,0.0,1.0,0.0,0.0,0.0,,,0.0,0.0,BOS,0.0,0.0,1.0,0.0,1.0,0.0,0.0,0.0,2014,21300460,,BOS,ATL,20131231.0,2013-14,False,BOS,ATL,,,,,,,,,,,,,,,,,,,,,,,,,,,,,,,,,,,,,,,,,,,,,,,,,,,,,,,,,,,,,,,,,,,,,,,,,,,,,,,,,,,,,,,,,
203515,Phil Pressey,Phil,1610612738,BOS,23.0,1,0,1,0.0,10.666666666666666,1,3,0.333,0,1,0.0,0,0,0.0,0,1,1,2,0,1,0,0,1,0,2,-1,9.2,0,0,7.0,1,65,65,65,123,106,113,92,56,69,56,83,87,83,78,97,105,50,91,27,40,1,19,104,119,69,108,14,1,114,,1,0.042,3.0,98.9,94.7,104.4,0.107,0.125,105,0.0,19,0.0,125,53,104,0.333,73,71.25,106,94.7,82,81.9,58,85,0.0,114,0.333,50,85.5,100.0,100.0,78,108,1.0,130,85.5,98,40.0,1,-5.3,-5.5,0.119,0.333,99,34,82,16,34,114,113,7,105,-5.3,0.115,125,0.0,2.0,0.0,0.118,4.0,17.0,0.118,0.0,19.0,2.0,0.0,1.0,0.0,0.0,0.0,0.0,0.0,0.0,0.0,0.0,0.0,1.0,0.0,0.0,0.0,0.0,0.0,0.0,0.0,22.0,2.0,2.0,0.0,0.0,5.45,0.0,0.0,9.0,0.091,5.91,0.0,1.9,1.0,1.9,1.0,0.0,0.5,0.0,0.0,0.0,1.0,2.0,0.0,0.0,1.0,0.0,0.0,0.0,0.0,0.5,1.0,1.0,0.0,0.0,,,,,,,,,,,,,,,,,,,,,,,,,,,,,,2.0,0.0,0.5,0.0,0.667,1.0,1.0,0.5,0.0,0.667,2.0,0.5,,0.333,0.0,0.0,0.0,1.0,0.333,,0.0,0.0,0.0,1.0,0.0,0.0,0.0,0.0,0.0,0.0,0.0,,0.0,1.0,0.0,0.0,0.0,0.0,0.333,0.0,0.0,0.0,0.0,0.0,0.0,0.0,,0.0,1.0,1.0,0.0,0.0,0.0,0.0,0.0,0.0,1.0,,,0.0,0.0,0.0,0.0,0.0,0.0,1.0,1.0,G,14.0,11.0,0.131,0.786,0.568,0.217,0.0,,,1.0,,,0.0,,0.0,1.0,0.0,0.0,,0.0,0.0,,0.0,1.0,1.0,0.0,0.0,,,0.0,0.0,BOS,0.0,1.0,1.0,0.0,1.0,0.0,0.0,0.0,2014,21300484,,BOS,NOP,20140103.0,2013-14,False,BOS,NOP,,,,,,,,,,,,,,,,,,,,,,,,,,,,,,,,,,,,,,,,,,,,,,,,,,,,,,,,,,,,,,,,,,,,,,,,,,,,,,,,,,,,,,,,,
203515,Phil Pressey,Phil,1610612738,BOS,23.0,1,0,1,0.0,5.3,0,0,0.0,0,0,0.0,0,0,0.0,0,1,1,1,0,0,0,0,0,0,0,3,2.7,0,0,2.0,1,95,95,95,171,165,177,165,78,112,78,109,115,109,99,133,141,91,118,88,62,1,1,139,169,65,167,17,2,168,,1,0.077,0.0,91.9,100.0,70.0,0.125,0.143,105,0.0,10,0.0,170,65,93,0.0,98,75.47,165,100.0,18,94.55,64,36,0.0,179,0.25,10,90.57,70.0,70.0,99,169,0.0,119,90.57,165,100.0,1,30.0,21.9,0.0,0.0,143,9,18,33,9,179,177,1,105,30.0,0.0,170,0.0,3.0,0.0,0.1,2.0,10.0,0.1,0.0,9.0,1.0,0.0,0.0,0.0,0.0,0.0,0.0,0.0,0.0,0.0,0.0,1.0,1.0,0.0,0.0,0.0,1.0,0.0,0.0,0.0,10.0,0.0,0.6,0.0,0.0,3.7,0.0,0.0,7.0,0.0,3.5,0.0,7.7,1.0,7.7,1.0,0.0,1.0,0.0,0.0,0.0,1.0,1.0,0.0,0.0,1.0,0.0,0.0,0.0,0.0,1.0,0.0,1.0,0.0,0.0,,,,,,,,,,,,,,,,,,,,,,,,,,,,,,,,,,,,,,,,,,,,,,,,,,,,,,,,0.0,,0.0,,,,,0.0,0.0,0.0,0.0,0.0,0.0,0.0,0.0,0.0,0.0,0.0,,0.0,,0.0,0.0,0.0,0.0,0.0,0.0,0.0,0.0,0.0,0.0,,,0.0,,0.0,,0.0,0.0,0.0,0.0,G,14.0,11.0,0.125,0.786,0.568,0.217,0.0,0.0,,0.0,,,,0.0,0.0,0.0,,0.0,,,0.0,0.0,0.0,0.0,0.0,0.0,0.0,,,0.0,0.0,BOS,0.0,0.0,0.0,,,,,0.0,2014,21300528,,LAC,BOS,20140108.0,2013-14,False,BOS,LAC,,,,,,,,,,,,,,,,,,,,,,,,,,,,,,,,,,,,,,,,,,,,,,,,,,,,,,,,,,,,,,,,,,,,,,,,,,,,,,,,,,,,,,,,,
203515,Phil Pressey,Phil,1610612738,BOS,23.0,1,1,0,1.0,34.51833333333333,7,10,0.7,5,6,0.833,1,2,0.5,0,1,1,4,5,2,1,0,6,1,20,7,31.2,0,0,36.0,1,1,1,1,44,29,60,23,3,16,17,83,59,83,109,135,146,34,5,16,21,1,200,103,28,44,50,18,2,29,,182,0.016,10.0,113.3,112.7,101.3,0.094,0.028,68,25.0,71,0.0,81,175,183,0.919,83,82.85,29,112.7,61,99.18,100,60,0.8,68,0.19,87,99.43,101.4,101.4,109,15,7.0,91,99.43,13,20.0,179,11.3,12.0,0.216,0.95,64,86,61,65,86,67,60,64,68,11.3,0.213,81,25.2,9.0,0.0,0.06,10.0,67.0,0.06,0.0,77.0,4.0,0.0,2.0,0.5,1.0,0.0,0.0,0.0,0.0,0.0,0.0,0.5,4.0,0.0,0.0,0.5,2.0,2.0,0.0,0.0,85.0,20.0,6.8,0.0,0.0,4.83,0.0,0.0,29.0,0.235,4.93,0.0,14.0,7.0,14.0,1.0,1.0,0.143,1.0,0.0,0.0,0.167,7.0,0.0,0.0,1.0,0.0,0.0,0.0,0.0,0.167,0.0,0.143,0.0,0.0,0.0,0.0,1.0,0.1,0.0,0.0,0.0,0.0,1.0,BOS,0.0,0.1,0.0,1.0,1610612738.0,,1.0,0.1,0.0,1.0,0.0,1.0,0.1,1.0,1.0,,1.0,1.0,0.0,4.0,2.0,1.0,2.0,0.4,3.0,1.0,0.5,0.2,0.2,2.0,0.75,1.0,0.4,3.0,0.0,0.0,4.0,0.4,,0.75,1.125,0.0,4.0,0.75,3.0,2.0,0.0,4.0,1.0,1.0,,0.0,2.0,0.0,0.0,0.0,0.0,0.95,0.714,0.0,15.0,0.0,0.0,0.0,0.5,0.0,0.0,0.0,6.0,0.833,0.0,0.0,0.0,0.0,0.0,0.0,0.0,0.0,5.0,0.0,0.0,0.0,4.0,2.0,0.0,0.0,G,23.0,16.0,0.141,0.696,0.583,0.113,0.0,0.8,0.0,0.0,,0.0,0.0,5.0,0.5,0.0,0.0,0.0,0.0,0.0,0.0,4.0,0.0,3.0,0.0,0.0,0.667,,,2.0,0.0,BOS,1.0,2.0,7.0,0.833,6.0,5.0,1.071,5.0,2014,21300625,,WAS,BOS,20140122.0,2013-14,False,BOS,WAS,,,,,,,,,,,,,,,,,,,,,,,,,,,,,,,,,,,,,,,,,,,,,,,,,,,,,,,,,,,,,,,,,,,,,,,,,,,,,,,,,,,,,,,,,
203515,Phil Pressey,Phil,1610612738,BOS,23.0,1,0,1,0.0,30.216666666666665,2,6,0.333,2,5,0.4,3,4,0.75,1,1,2,6,2,2,0,0,0,2,9,-8,24.4,0,0,23.0,1,140,140,140,79,157,149,175,27,22,65,34,39,88,77,181,156,22,48,16,71,1,1,79,113,199,93,26,2,90,,177,0.037,6.0,93.7,93.1,107.0,0.124,0.037,190,12.5,58,0.037,151,223,208,0.58,20,77.44,157,93.1,183,91.79,89,183,3.0,182,0.333,143,92.93,105.1,105.1,119,99,2.0,162,92.93,103,37.5,169,-12.0,-13.2,0.153,0.5,195,136,183,24,136,171,149,26,190,-12.0,0.156,151,12.7,14.0,1.0,0.121,11.0,58.0,0.103,1.0,64.0,7.0,0.0,1.0,0.667,0.0,0.333,0.0,0.0,2.0,2.0,0.0,0.333,3.0,1.0,1.0,0.0,1.0,2.0,4.0,1.0,70.0,9.0,4.8,0.0,0.0,4.09,0.0,0.0,29.0,0.129,4.2,0.0,15.3,1.0,12.2,1.0,0.0,1.0,0.0,0.0,1.0,1.0,2.0,0.0,1.0,2.0,0.0,0.0,1.0,0.0,1.0,1.0,1.0,0.0,18.3,0.0,0.0,1.0,0.167,0.0,0.0,0.0,0.0,1.0,BOS,0.0,0.167,0.0,1.0,1610612738.0,,,,,,,,,,,,,,,1.0,1.0,0.0,0.0,0.167,0.0,0.0,,0.167,0.0,0.0,0.0,0.0,0.667,2.0,0.0,0.0,4.0,0.667,,0.5,0.75,0.0,4.0,0.5,2.0,0.0,2.0,0.0,0.0,0.0,0.0,0.0,2.0,0.0,0.0,0.0,0.0,0.5,0.667,0.0,6.0,0.0,0.0,,0.0,0.0,0.0,1.0,5.0,0.4,0.0,0.0,0.0,0.0,0.0,0.0,0.0,0.0,2.0,,0.0,,0.0,0.0,0.0,0.0,G,23.0,16.0,0.135,0.696,0.583,0.113,0.0,0.0,,0.0,,,,2.0,0.0,0.0,,0.0,,,0.0,0.0,0.0,3.0,0.0,0.0,0.667,,,2.0,0.0,BOS,0.0,1.0,3.0,0.667,3.0,2.0,1.0,2.0,2014,21300636,,BOS,OKC,20140124.0,2013-14,False,BOS,OKC,,,,,,,,,,,,,,,,,,,,,,,,,,,,,,,,,,,,,,,,,,,,,,,,,,,,,,,,,,,,,,,,,,,,,,,,,,,,,,,,,,,,,,,,,
203515,Phil Pressey,Phil,1610612738,BOS,23.0,1,0,1,0.0,10.566666666666666,1,1,1.0,1,1,1.0,0,0,0.0,0,0,0,1,3,0,0,0,1,0,3,7,1.5,0,0,5.0,1,142,142,142,225,190,236,1,52,119,1,134,146,134,142,226,240,124,14,119,77,1,42,189,198,55,253,27,1,223,,265,0.0,1.0,111.4,119.0,85.7,0.0,0.0,54,60.0,21,0.0,43,226,240,1.5,132,85.17,190,119.0,13,98.66,217,38,0.33,150,0.1,42,102.21,75.0,75.0,142,1,1.0,86,102.21,1,20.0,265,44.0,25.7,0.178,1.5,86,18,13,129,18,144,236,87,54,44.0,0.182,43,60.0,1.0,0.0,0.25,2.0,8.0,0.125,1.0,12.0,2.0,1.0,0.0,0.0,0.0,0.0,1.0,0.0,0.0,0.0,0.0,0.0,1.0,0.0,0.0,0.0,0.0,0.0,0.0,0.0,12.0,3.0,1.1,0.0,0.0,5.62,0.0,0.0,3.0,0.25,6.92,,,,,,,,,,,,,,,,,,,,,,,,,,,,,,,,,,,,,,,,,,,,,,,,,,,,,,1.0,1.0,1.5,1.0,1.0,1.0,0.0,,1.0,0.0,0.0,1.0,1.0,,,,,,,,,,,,,,0.0,0.0,0.0,,,,0.0,0.0,0.0,0.0,0.0,0.0,1.5,1.0,0.0,3.0,0.0,,,0.0,,0.0,0.0,1.0,1.0,,,,,0.0,0.0,,,1.0,,,,0.0,0.0,0.0,0.0,G,30.0,21.0,0.142,0.7,0.582,0.118,0.0,0.0,,0.0,,,,0.0,0.0,0.0,,0.0,,,0.0,0.0,0.0,1.0,0.0,0.0,1.0,,,1.0,0.0,BOS,0.0,0.0,1.0,1.0,1.0,1.0,1.5,1.0,2014,21300780,,BOS,SAS,20140212.0,2013-14,False,BOS,SAS,,,,,,,,,,,,,,,,,,,,,,,,,,,,,,,,,,,,,,,,,,,,,,,,,,,,,,,,,,,,,,,,,,,,,,,,,,,,,,,,,,,,,,,,,
203515,Phil Pressey,Phil,1610612738,BOS,23.0,1,0,1,0.0,7.066666666666666,0,2,0.0,0,0,0.0,0,0,0.0,0,1,1,0,1,1,0,0,0,0,0,-7,3.2,0,0,3.0,1,114,114,114,198,195,182,195,91,139,91,126,134,126,119,158,167,149,84,43,71,1,1,158,199,167,195,22,1,199,,205,0.05,2.0,43.2,40.0,76.5,-0.105,0.1,220,33.3,15,0.0,75,134,158,0.0,109,84.91,195,40.0,214,104.88,211,202,0.0,104,0.0,17,101.89,86.7,86.7,119,199,0.0,67,101.89,195,0.0,204,-46.7,-33.2,0.189,0.0,220,37,214,149,37,110,182,149,220,-46.7,0.176,75,33.3,3.0,1.0,0.1,2.0,10.0,0.0,0.0,10.0,1.0,0.0,1.0,0.0,0.0,0.0,0.0,0.0,0.0,0.0,0.0,0.667,3.0,0.0,0.0,0.0,2.0,0.0,0.0,0.0,14.0,0.0,1.5,0.0,0.0,6.49,0.0,0.0,3.0,0.0,7.64,0.0,4.0,5.0,4.0,1.0,1.0,0.2,1.0,0.0,0.0,0.25,5.0,0.0,0.0,1.0,0.0,0.0,0.0,0.0,0.25,0.0,0.2,0.0,0.0,,,,,,,,,,,,,,,,,,,,,,,,,,,,,,2.0,0.0,0.0,0.0,1.0,0.0,0.0,0.0,0.0,1.0,2.0,0.0,,,,,,,,,,,,,,,0.0,,0.0,0.0,0.0,,,1.0,0.0,0.0,0.0,0.0,0.0,0.0,0.0,0.0,0.0,0.0,,0.0,0.0,0.0,0.0,0.0,0.0,0.0,0.0,0.0,0.0,0.0,0.0,0.0,0.0,0.0,,0.0,,1.0,0.0,1.0,0.0,G,30.0,21.0,0.141,0.7,0.582,0.118,1.0,0.0,,0.0,0.0,,,0.0,0.0,0.0,,0.0,,,0.0,0.0,0.0,0.0,1.0,0.0,0.0,0.0,0.0,0.0,0.0,BOS,0.0,0.0,0.0,,,,,0.0,2014,21300807,,PHX,BOS,20140219.0,2013-14,False,BOS,PHX,,,,,,,,,,,,,,,,,,,,,,,,,,,,,,,,,,,,,,,,,,,,,,,,,,,,,,,,,,,,,,,,,,,,,,,,,,,,,,,,,,,,,,,,,
203515,Phil Pressey,Phil,1610612738,BOS,23.0,1,0,1,0.0,10.316666666666666,1,3,0.333,0,1,0.0,0,0,0.0,0,1,1,1,2,1,1,0,1,0,2,-11,8.7,0,0,8.0,1,109,109,109,181,155,159,135,77,96,77,114,120,114,105,141,160,92,28,32,25,1,38,155,168,176,163,23,1,163,,192,0.056,3.0,75.9,71.4,118.8,0.016,0.111,186,33.3,21,0.0,59,105,138,0.333,90,83.36,155,71.4,189,96.87,162,187,0.5,48,0.2,171,100.03,118.2,118.2,105,161,1.0,112,100.03,149,16.7,192,-46.8,-42.9,0.241,0.333,186,167,189,49,167,55,159,77,186,-46.8,0.227,59,33.3,3.0,1.0,0.176,4.0,17.0,0.059,1.0,21.0,3.0,0.0,0.0,0.0,0.0,0.0,0.0,0.0,0.0,0.0,0.0,1.0,1.0,0.0,0.0,0.0,1.0,0.0,0.0,0.0,24.0,2.0,2.2,0.0,0.0,5.48,0.0,0.0,8.0,0.083,6.25,0.0,9.6,1.0,9.6,1.0,0.0,1.0,0.0,0.0,0.0,1.0,1.0,0.0,0.0,1.0,0.0,0.0,0.0,0.0,1.0,0.0,1.0,0.0,0.0,,,,,,,,,,,,,,,,,1.0,0.333,0.0,0.0,0.0,0.0,0.333,1.0,0.0,,0.0,0.0,0.0,2.0,1.0,0.5,0.0,0.667,1.0,1.0,1.0,0.333,0.333,1.0,0.5,0.0,,,,,,,,,,,,,,1.0,0.0,2.0,1.0,1.0,,0.0,1.0,0.0,0.0,0.0,0.0,0.333,0.0,0.0,0.0,0.0,0.0,0.0,1.0,0.0,0.0,0.0,1.0,0.0,,0.0,,,0.0,0.0,0.0,0.0,0.0,0.0,0.0,0.0,1.0,1.0,1.0,0.0,G,32.0,22.0,0.145,0.688,0.583,0.104,1.0,0.0,,0.0,,,0.0,1.0,0.0,0.0,0.0,0.0,,0.0,1.0,0.0,0.0,0.0,1.0,0.0,0.0,,,0.0,1.0,BOS,0.0,0.0,1.0,0.0,1.0,0.0,0.0,0.0,2014,21300824,,LAL,BOS,20140221.0,2013-14,False,BOS,LAL,,,,,,,,,,,,,,,,,,,,,,,,,,,,,,,,,,,,,,,,,,,,,,,,,,,,,,,,,,,,,,,,,,,,,,,,,,,,,,,,,,,,,,,,,
203515,Phil Pressey,Phil,1610612738,BOS,23.0,1,0,1,0.0,17.533333333333335,1,4,0.25,0,1,0.0,0,0,0.0,1,3,4,2,1,1,0,1,2,1,2,-13,11.8,0,0,10.0,1,80,80,80,113,121,115,125,52,68,52,102,110,102,37,65,63,47,53,23,51,102,59,93,137,144,114,15,2,119,,120,0.098,4.0,70.1,67.6,100.4,0.056,0.2,157,14.3,37,0.038,32,29,60,0.25,25,83.27,121,67.6,151,100.58,101,147,2.0,129,0.25,64,99.92,105.6,105.6,59,135,1.0,29,99.92,129,28.6,116,-38.0,-30.3,0.12,0.25,157,84,151,27,84,131,115,21,157,-38.0,0.116,32,14.3,7.0,0.0,0.051,4.0,39.0,0.051,0.0,37.0,2.0,0.0,0.0,0.0,0.0,0.0,0.0,0.0,0.0,0.0,0.0,0.0,0.0,0.0,0.0,0.0,0.0,0.0,1.0,1.0,43.0,2.0,4.2,0.0,0.0,5.9,0.0,0.0,14.0,0.047,6.09,1.0,11.6,3.0,12.9,3.0,0.0,0.667,0.0,1.0,0.333,1.0,6.0,1.0,0.0,3.0,0.0,0.0,0.333,0.0,0.667,3.0,1.0,0.25,7.6,1.0,0.0,1.0,0.333,0.0,0.0,1.0,1.0,1.0,BOS,1.0,0.333,1.0,1.0,1610612738.0,,1.0,0.333,0.0,0.0,0.0,0.0,0.333,1.0,0.0,,0.0,0.0,0.0,,,,,,,,,,,,,,0.333,0.0,0.0,0.0,1.0,0.333,,0.0,0.0,0.0,1.0,0.0,0.0,0.0,1.0,0.0,0.0,0.0,0.0,0.0,1.0,0.0,0.0,0.0,0.0,0.25,0.0,0.0,0.0,0.0,0.0,0.0,0.0,0.0,0.0,1.0,1.0,0.0,0.0,0.0,0.0,0.0,0.0,1.0,0.0,0.0,0.0,0.0,0.0,0.0,1.0,0.0,1.0,1.0,G,32.0,22.0,0.145,0.688,0.583,0.104,0.0,0.0,0.0,0.5,0.0,0.0,0.0,1.0,0.0,1.0,0.0,0.0,0.0,0.0,0.0,0.0,0.0,0.0,2.0,1.0,0.0,0.0,0.0,0.0,0.0,BOS,0.0,0.0,0.0,,0.0,0.0,,0.0,2014,21300831,,SAC,BOS,20140222.0,2013-14,False,BOS,SAC,,,,,,,,,,,,,,,,,,,,,,,,,,,,,,,,,,,,,,,,,,,,,,,,,,,,,,,,,,,,,,,,,,,,,,,,,,,,,,,,,,,,,,,,,
203515,Phil Pressey,Phil,1610612738,BOS,23.0,1,1,0,1.0,18.343333333333334,0,3,0.0,0,1,0.0,2,2,1.0,1,3,4,4,0,1,0,0,1,2,2,-1,15.8,0,0,12.0,1,1,1,1,140,187,168,187,92,103,92,58,67,1,51,71,72,29,152,38,69,1,40,59,178,111,119,18,1,141,,1,0.118,3.0,114.6,113.5,111.1,0.089,0.2,65,0.0,37,0.053,77,47,63,0.258,120,81.77,187,113.5,100,98.6,115,93,0.0,196,0.235,134,98.13,113.2,113.2,71,180,0.0,80,98.13,187,50.0,1,0.4,3.6,0.093,0.0,64,139,100,40,139,195,168,4,65,0.4,0.093,77,0.0,8.0,0.0,0.182,9.0,22.0,0.182,0.0,21.0,4.0,0.0,0.0,0.0,0.0,0.0,0.0,1.0,0.0,0.0,1.0,0.0,1.0,0.0,0.0,0.0,0.0,0.0,0.0,0.0,27.0,2.0,1.4,0.0,0.0,3.18,0.0,0.0,10.0,0.074,3.07,0.0,10.2,4.0,5.3,3.0,1.0,0.667,1.0,0.0,0.5,1.0,6.0,0.0,1.0,4.0,0.0,0.0,0.5,0.0,0.8,2.0,0.75,0.0,25.1,,,,,,,,,,,,,,,,,,,,,,,,,,,,,,1.0,0.0,0.0,0.0,0.333,0.0,0.0,0.0,0.0,0.333,1.0,0.0,,0.667,0.0,0.0,0.333,1.0,0.333,0.0,0.0,0.0,1.0,2.0,0.0,0.0,0.0,0.0,0.0,0.0,0.0,,0.0,2.0,0.0,0.0,0.0,0.0,0.0,0.0,0.0,0.0,0.0,0.0,0.0,0.0,0.0,0.0,0.0,1.0,0.0,0.0,0.0,0.0,0.0,0.0,0.0,0.0,0.0,0.0,0.0,0.0,0.0,2.0,0.0,0.0,0.0,G,35.0,23.0,0.154,0.657,0.581,0.076,1.0,0.0,,0.0,,,0.0,1.0,0.0,0.0,0.0,0.0,,0.0,0.0,0.0,0.0,1.0,0.0,0.0,0.0,,,0.0,0.0,BOS,0.0,0.0,1.0,0.0,1.0,0.0,0.0,0.0,2014,21300854,,BOS,ATL,20140226.0,2013-14,False,BOS,ATL,,,,,,,,,,,,,,,,,,,,,,,,,,,,,,,,,,,,,,,,,,,,,,,,,,,,,,,,,,,,,,,,,,,,,,,,,,,,,,,,,,,,,,,,,
203515,Phil Pressey,Phil,1610612738,BOS,23.0,1,0,1,0.0,10.816666666666666,3,4,0.75,1,2,0.5,0,0,0.0,0,1,1,5,2,1,0,0,0,0,7,2,16.7,0,0,16.0,1,112,112,112,183,97,156,15,46,74,23,109,119,109,115,144,160,23,35,35,49,1,1,149,121,87,108,11,2,106,,175,0.053,4.0,126.9,125.0,109.2,0.196,0.091,37,18.2,24,0.0,17,130,142,0.875,30,92.45,97,125.0,66,109.34,24,64,2.5,62,0.714,123,110.94,107.7,107.7,115,10,3.0,10,110.94,9,45.5,175,17.3,17.7,0.244,0.875,34,117,66,5,117,60,156,15,37,17.3,0.24,17,18.2,7.0,0.0,0.278,12.0,18.0,0.278,0.0,23.0,5.0,1.0,0.0,0.0,0.0,0.0,0.333,0.333,0.0,0.0,1.0,0.333,3.0,0.0,0.0,0.0,1.0,0.0,0.0,0.0,25.0,7.0,2.2,0.0,0.0,5.17,0.0,0.0,5.0,0.28,5.52,0.0,4.6,1.0,4.6,1.0,0.0,1.0,0.0,0.0,0.0,1.0,1.0,0.0,0.0,1.0,0.0,0.0,0.0,0.0,1.0,0.0,1.0,0.0,0.0,,,,,,,,,,,,,,,,,1.0,0.25,0.0,1.0,0.0,1.0,0.25,1.0,1.0,,1.0,1.0,0.0,1.0,1.0,1.5,1.0,0.25,1.0,0.0,,0.25,0.0,0.0,1.0,1.0,0.5,0.0,1.0,0.25,1.0,0.25,1.0,0.0,0.5,1.0,2.0,0.5,1.0,1.0,0.0,2.0,1.0,1.0,,0.0,1.0,0.0,0.0,0.0,0.0,0.875,0.5,0.0,3.0,0.0,,0.0,1.0,,0.0,0.0,2.0,0.5,,,,,0.0,1.0,,,1.0,0.0,,0.0,1.0,1.0,1.0,1.0,G,37.0,25.0,0.159,0.676,0.581,0.094,1.0,1.0,,1.0,,,0.0,1.0,,1.0,0.0,0.0,,0.0,1.0,1.0,0.0,1.0,1.0,0.0,0.0,,,0.0,1.0,BOS,,,2.0,0.5,2.0,1.0,0.75,1.0,2014,21300907,,BOS,GSW,20140305.0,2013-14,False,BOS,GSW,,,,,,,,,,,,,,,,,,,,,,,,,,,,,,,,,,,,,,,,,,,,,,,,,,,,,,,,,,,,,,,,,,,,,,,,,,,,,,,,,,,,,,,,,
203515,Phil Pressey,Phil,1610612738,BOS,23.0,1,1,0,1.0,12.933333333333334,0,1,0.0,0,0,0.0,0,0,0.0,0,1,1,2,1,2,0,0,1,0,0,15,9.2,0,0,7.0,1,1,1,1,186,199,213,199,90,138,90,123,133,123,122,164,186,71,85,15,72,1,43,163,208,26,179,15,1,190,,208,0.034,1.0,111.0,112.5,48.9,0.089,0.053,80,25.0,24,0.0,200,181,193,0.0,26,74.23,199,112.5,3,90.63,126,5,2.0,222,0.2,3,89.07,50.0,50.0,122,208,0.0,197,89.07,199,50.0,203,62.5,62.1,0.073,0.0,84,3,3,53,3,222,213,8,80,62.5,0.074,200,25.0,3.0,0.0,0.095,4.0,21.0,0.095,0.0,20.0,2.0,0.0,0.0,0.0,0.0,0.0,0.0,0.0,0.0,0.0,0.0,1.0,1.0,0.0,0.0,0.0,1.0,0.0,0.0,1.0,24.0,0.0,1.9,0.0,0.0,4.74,0.0,0.0,9.0,0.0,4.83,0.0,34.6,5.0,34.6,1.0,0.0,0.167,0.0,0.0,0.0,0.2,6.0,0.0,0.0,1.0,0.0,0.0,0.0,0.0,0.167,1.0,0.2,0.0,0.0,,,,,,,,,,,,,,,,,1.0,1.0,0.0,0.0,0.0,0.0,1.0,1.0,0.0,,0.0,0.0,0.0,,,,,,,,,,,,,,,,,,,,,,,,,,,0.0,,0.0,,,,,0.0,0.0,0.0,0.0,0.0,0.0,0.0,0.0,0.0,0.0,0.0,0.0,0.0,0.0,0.0,0.0,0.0,0.0,,0.0,,,0.0,0.0,0.0,0.0,0.0,0.0,0.0,0.0,0.0,0.0,1.0,0.0,G,37.0,25.0,0.155,0.676,0.581,0.094,0.0,0.0,,0.0,,,0.0,0.0,0.0,0.0,0.0,0.0,,0.0,0.0,0.0,0.0,0.0,1.0,0.0,0.0,,,0.0,0.0,BOS,0.0,0.0,0.0,,,,,0.0,2014,21300920,,BOS,BKN,20140307.0,2013-14,False,BOS,BKN,,,,,,,,,,,,,,,,,,,,,,,,,,,,,,,,,,,,,,,,,,,,,,,,,,,,,,,,,,,,,,,,,,,,,,,,,,,,,,,,,,,,,,,,,
203515,Phil Pressey,Phil,1610612738,BOS,23.0,1,0,1,0.0,13.955,2,6,0.333,2,3,0.667,0,0,0.0,2,1,3,4,2,0,0,0,2,0,6,-5,13.6,0,0,15.0,1,76,76,76,111,82,84,86,18,46,9,85,92,85,21,97,69,23,26,72,54,1,59,115,84,97,96,11,1,83,,107,0.111,6.0,102.8,100.0,119.0,0.078,0.091,74,16.7,25,0.125,146,86,45,0.5,20,71.66,82,100.0,109,85.17,80,106,2.0,25,0.571,123,85.99,120.0,120.0,14,69,2.0,143,85.99,44,33.3,106,-20.0,-16.3,0.264,0.5,55,126,109,4,126,27,84,13,74,-20.0,0.258,146,16.7,6.0,0.0,0.148,10.0,27.0,0.148,0.0,31.0,4.0,1.0,2.0,0.0,0.0,0.0,0.333,0.0,0.0,0.0,0.0,0.0,3.0,0.0,0.0,0.0,0.0,0.0,0.0,1.0,36.0,6.0,2.8,0.0,0.0,4.71,0.0,0.0,16.0,0.167,4.5,0.0,18.5,1.0,20.8,1.0,0.0,0.75,0.0,0.0,0.667,1.0,4.0,0.0,2.0,3.0,0.0,0.0,0.667,0.0,0.75,3.0,1.0,0.0,17.3,,,,,,,,,,,,,,,,,2.0,0.333,0.0,0.0,0.0,0.0,0.333,2.0,0.0,,0.0,0.0,0.0,1.0,0.0,0.0,0.0,0.167,0.0,0.0,0.0,0.0,0.167,1.0,0.0,,0.5,2.0,0.0,0.0,3.0,0.5,,0.667,1.0,0.0,3.0,0.667,2.0,0.0,0.0,0.0,0.0,0.0,,0.0,1.0,0.0,0.0,0.0,0.0,0.5,0.667,0.0,6.0,0.0,,0.0,0.0,,0.0,0.0,3.0,0.667,,,,,0.0,0.0,,,2.0,0.0,,0.0,1.0,0.0,2.0,0.0,G,45.0,31.0,0.17,0.689,0.588,0.101,0.0,0.667,0.0,0.0,,0.0,0.0,3.0,0.0,0.0,0.0,0.0,0.0,0.0,0.0,2.0,0.0,1.0,2.0,0.0,0.0,,,0.0,0.0,BOS,0.0,0.0,3.0,0.667,3.0,2.0,1.0,2.0,2014,21301001,,DAL,BOS,20140317.0,2013-14,False,BOS,DAL,,,,,,,,,,,,,,,,,,,,,,,,,,,,,,,,,,,,,,,,,,,,,,,,,,,,,,,,,,,,,,,,,,,,,,,,,,,,,,,,,,,,,,,,,
203515,Phil Pressey,Phil,1610612738,BOS,23.0,1,0,1,0.0,6.055,0,1,0.0,0,0,0.0,0,0,0.0,0,0,0,1,0,0,0,0,0,0,0,-2,1.5,0,0,1.0,1,118,118,118,194,179,191,179,76,131,76,125,132,125,110,184,195,95,143,101,71,1,1,162,186,130,203,22,2,206,,1,0.0,1.0,127.6,136.4,158.0,0.0,0.0,11,0.0,11,0.0,173,184,195,0.0,108,75.97,179,136.4,132,89.26,174,195,0.0,196,0.2,214,91.16,141.7,141.7,110,186,0.0,186,91.16,179,50.0,1,-5.3,-30.4,0.078,0.0,18,212,132,51,212,196,191,6,11,-5.3,0.077,173,0.0,3.0,1.0,0.133,5.0,15.0,0.067,0.0,15.0,2.0,0.0,1.0,0.0,0.0,0.0,0.0,0.0,0.0,0.0,0.0,0.0,1.0,0.0,0.0,0.0,0.0,0.0,0.0,0.0,16.0,0.0,1.5,0.0,0.0,5.45,0.0,0.0,7.0,0.0,4.75,,,,,,,,,,,,,,,,,,,,,,,,,,,,,,,,,,,,,,,,,1.0,1.0,0.0,0.0,0.0,0.0,1.0,1.0,0.0,,0.0,0.0,0.0,,,,,,,,,,,,,,,,,,,,,,,,,,,0.0,,0.0,,,,,0.0,0.0,0.0,0.0,0.0,0.0,0.0,0.0,0.0,0.0,,,0.0,,0.0,0.0,0.0,0.0,,,,,0.0,0.0,,,0.0,,,,0.0,0.0,1.0,0.0,G,48.0,33.0,0.179,0.688,0.591,0.097,,0.0,,0.0,,,,0.0,0.0,0.0,,0.0,,,,0.0,0.0,0.0,1.0,0.0,0.0,,,0.0,,BOS,0.0,0.0,0.0,,,,,0.0,2014,21301026,,BKN,BOS,20140321.0,2013-14,False,BOS,BKN,,,,,,,,,,,,,,,,,,,,,,,,,,,,,,,,,,,,,,,,,,,,,,,,,,,,,,,,,,,,,,,,,,,,,,,,,,,,,,,,,,,,,,,,,
203515,Phil Pressey,Phil,1610612738,BOS,23.0,1,0,1,0.0,12.25,0,2,0.0,0,1,0.0,2,2,1.0,1,1,2,4,1,1,0,0,1,1,2,8,12.4,0,0,10.0,1,101,101,101,163,169,166,169,80,98,80,42,56,1,46,131,116,36,81,37,51,1,29,93,158,33,129,19,1,135,,126,0.065,2.0,94.0,100.0,57.6,0.173,0.056,104,12.5,24,0.077,72,148,110,0.347,11,78.37,169,100.0,11,104.39,23,9,4.0,136,0.5,1,94.04,66.7,66.7,40,153,0.0,37,94.04,169,50.0,120,33.3,36.4,0.141,0.0,136,5,11,6,5,130,166,4,104,33.3,0.148,72,12.7,5.0,0.0,0.235,9.0,17.0,0.235,0.0,21.0,4.0,0.0,0.0,0.0,0.0,0.0,0.0,0.667,0.0,0.0,2.0,0.333,3.0,0.0,0.0,0.0,1.0,0.0,1.0,1.0,23.0,2.0,1.8,0.0,0.0,4.74,0.0,0.0,10.0,0.087,4.96,0.0,15.5,3.0,15.5,1.0,0.0,0.5,0.0,0.0,1.0,0.333,4.0,0.0,0.0,1.0,0.0,0.0,1.0,0.0,0.5,1.0,0.333,0.0,0.0,,,,,,,,,,,,,,,,,1.0,0.5,0.0,0.0,0.0,0.0,0.5,1.0,0.0,,0.0,0.0,0.0,,,,,,,,,,,,,,0.5,0.0,0.0,0.0,1.0,0.5,,0.0,0.0,0.0,1.0,0.0,0.0,0.0,0.0,0.0,,,,0.0,0.0,0.0,0.0,0.0,0.0,0.0,0.0,0.0,0.0,0.0,0.0,0.0,0.0,,0.0,0.0,1.0,0.0,0.0,0.0,0.0,0.0,0.0,0.0,,,0.0,0.0,0.0,0.0,0.0,0.0,1.0,0.0,G,48.0,33.0,0.176,0.688,0.591,0.097,0.0,0.0,,0.0,,,0.0,1.0,0.0,0.0,0.0,0.0,,0.0,0.0,0.0,0.0,0.0,1.0,0.0,0.0,,,0.0,0.0,BOS,0.0,0.0,1.0,0.0,1.0,0.0,0.0,0.0,2014,21301063,,BOS,TOR,20140326.0,2013-14,False,BOS,TOR,,,,,,,,,,,,,,,,,,,,,,,,,,,,,,,,,,,,,,,,,,,,,,,,,,,,,,,,,,,,,,,,,,,,,,,,,,,,,,,,,,,,,,,,,
203515,Phil Pressey,Phil,1610612738,BOS,23.0,1,0,1,0.0,18.87,4,8,0.5,1,3,0.333,0,2,0.0,1,1,2,3,2,4,0,0,2,1,9,-2,25.9,0,0,23.0,1,102,102,102,136,72,79,66,39,50,48,112,65,112,59,138,115,45,42,1,46,1,84,97,91,105,60,20,1,70,,142,0.067,8.0,98.5,94.6,101.0,0.118,0.077,134,14.3,37,0.059,78,132,113,0.507,40,78.43,72,94.6,117,91.78,76,106,1.5,34,0.3,85,94.12,100.0,100.0,67,102,4.0,97,94.12,80,21.4,139,-5.4,-2.4,0.269,0.563,126,76,117,27,76,34,79,46,134,-5.4,0.256,78,14.4,9.0,0.0,0.1,7.0,30.0,0.1,0.0,34.0,3.0,1.0,1.0,0.5,1.0,0.25,0.25,0.0,2.0,0.0,0.0,0.25,4.0,0.0,1.0,1.0,1.0,2.0,1.0,1.0,42.0,9.0,3.8,2.0,2.0,5.46,0.0,0.0,13.0,0.214,5.57,0.0,10.1,2.0,7.2,1.0,1.0,0.4,1.0,0.0,0.333,1.0,5.0,0.0,1.0,2.0,0.0,0.0,0.333,0.0,0.5,3.0,0.5,0.0,13.0,1.0,0.0,1.0,0.125,0.0,0.0,1.0,1.0,1.0,BOS,1.0,0.125,1.0,1.0,1610612738.0,,1.0,0.125,0.0,1.0,0.0,1.0,0.125,1.0,1.0,,1.0,1.0,0.0,2.0,0.0,0.5,0.0,0.25,1.0,1.0,0.5,0.0,0.25,2.0,0.5,,0.5,1.0,0.0,0.125,3.0,0.375,0.0,0.333,0.375,1.0,4.0,0.25,1.0,1.0,2.0,3.0,0.375,0.25,0.5,1.0,4.0,0.0,1.0,2.0,0.0,0.563,0.0,1.0,0.0,2.0,0.0,0.0,0.0,0.0,0.0,0.0,3.0,0.333,0.0,0.0,0.0,0.0,0.0,3.0,0.0,0.0,1.0,0.0,0.0,0.0,2.0,0.0,3.0,1.0,G,49.0,34.0,0.174,0.694,0.591,0.103,2.0,0.0,,1.0,,,0.0,1.0,0.0,3.0,0.0,0.0,,0.0,0.0,0.0,0.0,2.0,3.0,0.0,0.5,,,1.0,0.0,BOS,0.0,0.0,1.0,0.0,1.0,0.0,0.0,0.0,2014,21301106,,CHI,BOS,20140331.0,2013-14,False,BOS,CHI,,,,,,,,,,,,,,,,,,,,,,,,,,,,,,,,,,,,,,,,,,,,,,,,,,,,,,,,,,,,,,,,,,,,,,,,,,,,,,,,,,,,,,,,,
203515,Phil Pressey,Phil,1610612738,BOS,23.0,1,0,1,0.0,19.266666666666666,0,3,0.0,0,1,0.0,0,0,0.0,0,0,0,6,0,2,0,0,1,1,0,-3,15.0,0,0,10.0,1,141,141,141,176,247,207,247,113,125,113,154,161,154,132,232,244,21,182,12,72,1,50,139,250,160,162,17,2,202,,1,0.0,3.0,99.6,102.7,116.5,0.073,0.0,170,0.0,37,0.0,205,232,244,0.0,141,75.78,247,102.7,174,91.38,168,192,0.0,266,0.462,182,90.93,113.9,113.9,132,250,0.0,212,90.93,247,66.7,1,-11.2,-16.9,0.066,0.0,186,166,174,8,166,265,207,2,170,-11.2,0.067,205,0.0,13.0,3.0,0.244,17.0,41.0,0.146,1.0,43.0,10.0,0.0,1.0,0.0,0.0,0.0,0.0,0.333,0.0,0.0,2.0,0.5,6.0,0.0,0.0,0.0,3.0,0.0,0.0,0.0,46.0,0.0,3.9,0.0,0.0,5.15,0.0,0.0,13.0,0.0,5.41,,,,,,,,,,,,,,,,,,,,,,,,,,,,,,,,,,,,,,,,,,,,,,,,,,,,,,2.0,1.0,0.0,0.0,0.667,0.0,0.0,0.0,0.333,0.333,1.0,0.0,0.0,0.333,0.0,0.0,0.333,0.0,0.0,0.0,,0.0,1.0,1.0,0.0,0.0,0.0,0.0,0.0,,,,0.0,0.0,0.0,0.0,0.0,0.0,0.0,0.0,0.0,0.0,0.0,0.0,,0.0,0.0,0.0,2.0,1.0,0.0,0.0,0.0,0.0,0.0,0.0,0.0,0.0,0.0,0.0,,0.0,,0.0,0.0,0.0,0.0,G,49.0,34.0,0.172,0.694,0.591,0.103,0.0,0.0,,0.0,,,,1.0,0.0,0.0,,0.0,,,0.0,0.0,0.0,0.0,0.0,2.0,0.0,,,0.0,0.0,BOS,0.0,0.0,2.0,0.0,1.0,0.0,0.0,0.0,2014,21301119,,WAS,BOS,20140402.0,2013-14,False,BOS,WAS,,,,,,,,,,,,,,,,,,,,,,,,,,,,,,,,,,,,,,,,,,,,,,,,,,,,,,,,,,,,,,,,,,,,,,,,,,,,,,,,,,,,,,,,,
203515,Phil Pressey,Phil,1610612738,BOS,23.0,1,0,1,0.0,14.518333333333333,2,5,0.4,0,2,0.0,0,0,0.0,0,2,2,0,3,2,0,0,3,0,4,4,9.4,0,0,10.0,1,140,140,140,223,162,176,139,112,106,112,156,160,156,155,142,176,194,22,15,86,1,174,205,202,92,216,26,3,204,,266,0.074,5.0,102.6,106.9,88.2,-0.029,0.143,109,37.5,29,0.0,109,104,141,0.4,147,79.9,162,106.9,71,100.51,249,68,0.0,96,0.0,41,95.88,93.1,93.1,155,194,2.0,50,95.88,169,0.0,266,13.8,14.4,0.221,0.4,137,55,71,194,55,99,176,194,109,13.8,0.216,109,37.5,4.0,0.0,0.0,0.0,22.0,0.0,0.0,24.0,0.0,0.0,0.0,0.0,0.0,0.0,0.0,0.0,0.0,0.0,0.0,1.0,2.0,0.0,0.0,0.0,2.0,0.0,0.0,0.0,30.0,4.0,2.1,0.0,0.0,4.21,0.0,0.0,12.0,0.133,4.47,0.0,6.3,2.0,6.3,2.0,0.0,0.4,0.0,0.0,0.0,1.0,5.0,0.0,0.0,2.0,0.0,0.0,0.0,0.0,0.4,3.0,1.0,0.0,0.0,,,,,,,,,,,,,,,,,2.0,0.4,0.0,0.5,0.0,1.0,0.4,2.0,0.5,,1.0,0.5,0.0,1.0,1.0,0.0,0.0,0.2,0.0,0.0,,0.2,0.0,0.0,0.0,0.0,0.4,0.0,1.0,0.2,1.0,0.2,1.0,0.0,0.5,1.0,2.0,0.5,1.0,1.0,0.0,2.0,1.0,1.0,,0.0,1.0,0.0,0.0,0.0,0.0,0.4,0.0,0.0,0.0,0.0,0.0,0.0,1.0,0.0,0.0,1.0,2.0,0.0,0.0,0.0,0.0,0.0,0.0,1.0,0.0,0.0,0.0,0.0,0.0,0.0,1.0,1.0,1.0,1.0,G,49.0,34.0,0.171,0.694,0.591,0.103,1.0,0.0,,1.0,,,0.0,2.0,0.0,1.0,0.0,0.0,,0.0,1.0,0.0,0.0,0.0,1.0,1.0,0.0,,,0.0,1.0,BOS,0.0,0.0,2.0,0.0,2.0,0.0,0.0,0.0,2014,21301133,,BOS,PHI,20140404.0,2013-14,False,BOS,PHI,,,,,,,,,,,,,,,,,,,,,,,,,,,,,,,,,,,,,,,,,,,,,,,,,,,,,,,,,,,,,,,,,,,,,,,,,,,,,,,,,,,,,,,,,
203515,Phil Pressey,Phil,1610612738,BOS,23.0,1,0,1,0.0,3.9,0,0,0.0,0,0,0.0,0,0,0.0,0,0,0,2,1,0,0,0,1,0,0,-3,2.0,0,0,2.0,1,120,120,120,229,212,226,212,104,150,104,139,150,139,129,201,211,86,82,112,75,1,42,182,216,137,221,26,3,220,,223,0.0,0.0,123.0,150.0,161.3,0.0,0.0,1,33.3,6,0.0,231,201,211,0.0,37,66.67,212,150.0,187,90.83,205,221,2.0,188,0.667,229,80.0,171.4,171.4,129,216,0.0,187,80.0,212,66.7,223,-21.4,-38.3,0.12,0.0,41,231,187,1,231,177,226,2,1,-21.4,0.125,231,33.3,3.0,0.0,0.286,4.0,7.0,0.286,0.0,8.0,2.0,1.0,0.0,0.0,0.0,0.0,0.5,0.5,0.0,0.0,1.0,0.0,2.0,0.0,0.0,0.0,0.0,0.0,0.0,0.0,8.0,0.0,0.6,0.0,0.0,4.49,0.0,0.0,4.0,0.0,4.25,,,,,,,,,,,,,,,,,,,,,,,,,,,,,,,,,,,,,,,,,,,,,,,,,,,,,,,,,,,,,,,,,,,,,,,,,,,,,,,,0.0,,0.0,,,,,0.0,0.0,0.0,0.0,0.0,0.0,0.0,0.0,0.0,0.0,,,0.0,,0.0,0.0,0.0,0.0,,,,,0.0,0.0,,,0.0,,,,0.0,0.0,0.0,0.0,G,52.0,36.0,0.173,0.692,0.592,0.1,0.0,,,0.0,,,,,0.0,0.0,,,,,0.0,,,0.0,0.0,,0.0,,,0.0,0.0,BOS,0.0,0.0,0.0,,,,,0.0,2014,21301166,,ATL,BOS,20140409.0,2013-14,False,BOS,ATL,,,,,,,,,,,,,,,,,,,,,,,,,,,,,,,,,,,,,,,,,,,,,,,,,,,,,,,,,,,,,,,,,,,,,,,,,,,,,,,,,,,,,,,,,
203515,Phil Pressey,Phil,1610612738,BOS,23.0,1,1,0,1.0,39.38,4,11,0.364,2,6,0.333,0,0,0.0,0,5,5,13,4,3,0,2,1,2,10,-2,40.5,1,0,36.0,1,1,1,1,18,91,72,162,23,16,71,152,160,152,133,52,78,1,7,6,81,246,51,87,110,148,24,1,2,28,,186,0.076,11.0,107.9,111.4,110.4,0.106,0.147,99,14.3,79,0.0,123,99,128,0.455,14,80.75,91,111.4,139,99.36,117,140,3.25,157,0.419,164,96.9,112.5,112.5,133,161,4.0,96,96.9,140,46.4,184,-1.1,-2.5,0.173,0.455,124,173,139,13,173,153,72,14,99,-1.1,0.174,123,14.3,15.0,0.0,0.154,29.0,78.0,0.167,0.0,77.0,12.0,0.0,3.0,0.167,1.0,0.0,0.0,0.417,0.0,0.0,5.0,0.25,12.0,0.0,0.0,0.333,3.0,2.0,0.0,0.0,93.0,10.0,7.1,0.0,0.0,4.55,0.0,0.0,36.0,0.108,4.56,0.0,8.7,8.0,8.7,5.0,0.0,0.455,1.0,0.0,0.0,0.625,11.0,0.0,0.0,5.0,1.0,0.0,0.0,0.0,0.5,3.0,0.625,0.0,0.0,,,,,,,,,,,,,,,,,2.0,0.222,0.0,0.5,0.0,1.0,0.222,2.0,0.5,,1.0,0.5,0.0,2.0,2.0,0.75,1.0,0.222,1.0,0.0,,0.222,0.0,0.0,0.5,0.5,0.556,1.0,1.0,0.111,4.0,0.444,1.0,0.25,0.5,1.0,5.0,0.4,2.0,1.0,1.0,3.0,1.5,1.0,1.0,1.0,1.0,0.0,0.0,0.0,0.0,0.455,0.2,0.0,3.0,0.0,0.0,1.0,0.0,0.0,0.0,1.0,5.0,0.4,0.0,0.0,0.0,0.0,0.0,2.0,0.0,0.0,2.0,0.0,0.0,0.0,0.0,0.0,4.0,0.5,G,54.0,38.0,0.173,0.704,0.591,0.112,0.0,0.0,0.0,0.4,,0.0,0.0,0.0,0.0,2.0,1.0,0.0,0.0,0.0,0.0,0.0,0.0,5.0,5.0,0.0,0.4,,,2.0,0.0,BOS,0.0,0.0,5.0,0.2,5.0,1.0,0.3,1.0,2014,21301178,,BOS,CHA,20140411.0,2013-14,False,BOS,CHA,,,,,,,,,,,,,,,,,,,,,,,,,,,,,,,,,,,,,,,,,,,,,,,,,,,,,,,,,,,,,,,,,,,,,,,,,,,,,,,,,,,,,,,,,
203515,Phil Pressey,Phil,1610612738,BOS,23.0,1,1,0,1.0,42.19,4,8,0.5,1,3,0.333,0,0,0.0,2,3,5,13,2,1,0,0,2,2,9,6,35.5,0,0,30.0,1,1,1,1,7,56,63,44,32,44,44,98,100,98,22,61,52,1,32,31,55,1,58,62,78,36,27,16,1,36,,82,0.053,8.0,111.2,114.0,106.4,0.117,0.06,32,8.7,86,0.045,72,114,100,0.563,2,81.06,56,114.0,57,99.32,61,63,6.5,132,0.382,85,97.27,108.2,108.2,54,67,4.0,55,97.27,53,56.5,82,5.7,4.7,0.105,0.563,40,93,57,3,93,131,63,3,32,5.7,0.104,72,8.7,25.0,2.0,0.158,32.0,95.0,0.137,1.0,101.0,15.0,1.0,2.0,0.0,0.0,0.0,0.059,0.118,0.0,0.0,2.0,0.706,17.0,0.0,0.0,0.0,12.0,0.0,2.0,3.0,110.0,9.0,9.2,1.0,1.333,5.02,0.0,0.0,42.0,0.082,5.32,1.0,7.2,6.0,7.0,3.0,1.0,0.5,1.0,0.5,0.5,0.6,10.0,1.0,1.0,4.0,0.0,0.0,0.5,0.0,0.556,4.0,0.5,0.2,7.5,1.0,0.0,1.0,0.125,0.0,0.0,1.0,1.0,1.0,BOS,1.0,0.125,1.0,1.0,1610612738.0,,3.0,0.375,0.0,0.333,0.0,1.0,0.375,3.0,0.333,,1.0,0.333,0.0,2.0,1.0,0.5,0.0,0.25,1.0,1.0,1.0,0.125,0.125,1.0,0.5,0.0,0.25,1.0,0.0,0.0,2.0,0.25,,0.5,0.75,0.0,2.0,0.5,1.0,2.0,2.0,5.0,0.625,0.5,0.5,1.0,4.0,0.0,1.0,2.0,0.0,0.563,0.0,1.0,0.0,4.0,0.0,0.0,0.5,0.0,0.0,0.0,3.0,0.333,0.0,0.0,0.0,0.0,0.0,2.0,0.0,0.0,1.0,0.0,0.0,0.0,2.0,1.0,3.0,0.667,G,57.0,40.0,0.176,0.702,0.593,0.109,1.0,0.333,,0.667,0.0,,0.0,3.0,0.0,2.0,0.0,0.0,,0.0,1.0,1.0,0.0,0.0,3.0,0.0,0.0,0.0,0.0,0.0,1.0,BOS,0.0,1.0,1.0,0.0,1.0,0.0,0.0,0.0,2014,21301193,,CLE,BOS,20140412.0,2013-14,False,BOS,CLE,,,,,,,,,,,,,,,,,,,,,,,,,,,,,,,,,,,,,,,,,,,,,,,,,,,,,,,,,,,,,,,,,,,,,,,,,,,,,,,,,,,,,,,,,
203515,Phil Pressey,Phil,1610612738,BOS,23.0,1,0,1,0.0,14.806666666666668,0,1,0.0,0,0,0.0,2,2,1.0,0,1,1,3,4,0,0,1,1,1,2,-24,3.7,0,0,6.0,1,105,105,105,162,179,183,179,82,127,82,51,69,1,95,131,149,55,7,95,49,143,35,99,169,202,180,17,1,167,,203,0.031,1.0,69.1,65.7,138.4,0.0,0.083,198,44.4,35,0.0,8,136,169,0.532,86,93.2,179,65.7,198,108.99,172,196,0.75,138,0.429,189,111.84,138.2,138.2,95,99,0.0,8,111.84,179,33.3,203,-72.5,-69.3,0.154,0.0,197,188,198,11,188,142,183,28,198,-72.5,0.146,8,45.0,13.0,1.0,0.135,10.0,37.0,0.081,0.0,41.0,5.0,2.0,1.0,0.0,0.0,0.0,0.333,0.167,0.0,0.0,1.0,0.333,6.0,0.0,0.0,0.0,2.0,0.0,0.0,0.0,44.0,2.0,3.6,0.0,0.0,4.89,0.0,0.0,19.0,0.045,4.93,0.0,7.0,2.0,7.0,1.0,0.0,0.25,0.0,0.0,0.0,0.5,4.0,0.0,0.0,1.0,0.0,0.0,0.0,0.0,0.25,2.0,0.5,0.0,0.0,,,,,,,,,,,,,,,,,,,,,,,,,,,,,,,,,,,,,,,,,,,,,,,,,,,,,,,,0.0,,0.0,,,,,0.0,0.0,0.0,0.0,0.0,0.0,0.0,0.0,0.0,0.0,0.0,0.0,0.0,0.0,0.0,1.0,0.0,0.0,0.0,0.0,0.0,0.0,0.0,0.0,0.0,0.0,0.0,0.0,0.0,0.0,0.0,0.0,0.0,0.0,G,60.0,43.0,0.182,0.717,0.594,0.123,0.0,0.0,,0.0,,,0.0,0.0,0.0,0.0,0.0,0.0,,0.0,0.0,0.0,0.0,0.0,0.0,1.0,0.0,,,0.0,0.0,BOS,0.0,0.0,0.0,,,,,0.0,2014,21301204,,PHI,BOS,20140414.0,2013-14,False,BOS,PHI,,,,,,,,,,,,,,,,,,,,,,,,,,,,,,,,,,,,,,,,,,,,,,,,,,,,,,,,,,,,,,,,,,,,,,,,,,,,,,,,,,,,,,,,,
203515,Phil Pressey,Phil,1610612738,BOS,23.0,1,0,1,0.0,42.46666666666667,3,12,0.25,0,4,0.0,3,4,0.75,1,4,5,10,4,2,0,1,1,3,9,-18,32.0,0,0,28.0,1,154,154,154,17,150,62,249,133,60,133,53,56,82,86,82,93,4,11,16,80,207,52,57,146,289,52,27,1,62,,216,0.065,12.0,104.4,103.5,118.3,0.061,0.114,158,14.3,86,0.024,114,160,179,0.327,40,81.48,150,103.5,230,99.31,202,203,2.5,163,0.333,234,97.77,123.0,123.0,152,254,3.0,98,97.77,257,35.7,210,-19.5,-13.8,0.186,0.25,155,263,230,24,263,162,62,25,158,-19.5,0.184,114,14.4,22.0,2.0,0.161,25.0,87.0,0.115,2.0,92.0,14.0,1.0,3.0,0.3,2.0,0.05,0.05,0.15,2.0,2.0,3.0,0.55,20.0,1.0,1.0,0.667,11.0,6.0,2.0,4.0,109.0,9.0,9.6,0.0,0.5,5.31,0.0,0.0,36.0,0.083,5.71,0.0,11.8,6.0,14.4,4.0,0.0,0.455,0.0,0.0,0.2,0.667,11.0,0.0,1.0,5.0,0.0,0.0,0.2,0.0,0.455,5.0,0.667,0.0,1.5,1.0,0.0,1.0,0.091,0.0,0.0,1.0,1.0,1.0,BOS,1.0,0.091,1.0,1.0,1610612738.0,,4.0,0.364,0.0,0.5,0.0,2.0,0.364,4.0,0.5,,2.0,0.5,0.0,2.0,0.0,0.0,0.0,0.182,0.0,0.0,0.0,0.0,0.182,2.0,0.0,,0.364,0.0,0.0,0.0,4.0,0.364,,0.0,0.0,0.0,4.0,0.0,0.0,0.0,3.0,0.0,0.0,0.0,0.0,0.0,5.0,0.0,0.0,0.0,0.0,0.25,0.0,1.0,0.0,2.0,0.0,0.0,0.0,0.0,0.0,1.0,4.0,0.0,0.0,0.0,0.0,0.0,0.0,3.0,0.0,0.0,0.0,0.0,0.0,0.0,2.0,0.0,5.0,0.6,G,61.0,44.0,0.18,0.721,0.595,0.126,1.0,0.0,,0.5,,,0.0,4.0,0.0,3.0,0.0,0.0,,0.0,0.0,0.0,0.0,1.0,6.0,0.0,0.0,,,0.0,0.0,BOS,0.0,0.0,1.0,0.0,1.0,0.0,0.0,0.0,2014,21301222,,BOS,WAS,20140416.0,2013-14,False,BOS,WAS,,,,,,,,,,,,,,,,,,,,,,,,,,,,,,,,,,,,,,,,,,,,,,,,,,,,,,,,,,,,,,,,,,,,,,,,,,,,,,,,,,,,,,,,,
203515,Phil Pressey,Phil,1610612738,BOS,23.0,1,1,0,1.0,16.9,1,4,0.25,0,2,0.0,0,0,0.0,0,0,0,3,0,1,0,0,0,1,2,8,9.5,0,0,7.0,1,1,1,1,139,148,136,160,75,65,75,111,117,111,103,183,188,42,151,37,64,1,1,97,162,37,143,14,1,162,,1,0.0,4.0,86.7,89.5,72.2,0.07,0.0,162,0.0,38,0.0,24,183,188,0.25,117,89.94,148,89.5,45,106.79,123,57,0.0,189,0.231,17,107.93,68.4,68.4,103,175,1.0,27,107.93,163,42.9,1,21.1,14.5,0.095,0.25,172,17,45,47,17,189,136,10,162,21.1,0.093,24,0.0,5.0,0.0,0.143,7.0,28.0,0.107,1.0,30.0,4.0,0.0,1.0,0.5,1.0,0.0,0.0,0.25,0.0,0.0,1.0,0.5,4.0,0.0,0.0,1.0,2.0,2.0,0.0,0.0,35.0,2.0,3.1,0.0,0.0,5.39,0.0,0.0,16.0,0.057,5.43,,,,,,,,,,,,,,,,,,,,,,,,,,,,,,,,,,,,,,,,,,,,,,,,,,,,,,1.0,1.0,0.0,0.0,0.25,0.0,0.0,,0.25,0.0,0.0,0.0,0.0,0.75,0.0,1.0,0.5,1.0,0.25,0.5,0.0,0.333,2.0,3.0,0.333,1.0,0.0,0.0,0.0,0.0,0.0,,0.0,1.0,0.0,0.0,0.0,0.0,0.25,0.0,0.0,0.0,0.0,0.0,,0.0,0.0,0.0,0.0,2.0,0.0,0.0,0.0,0.0,0.0,0.0,1.0,0.0,0.0,0.0,,0.0,,1.0,0.0,1.0,1.0,G,3.0,3.0,0.5,1.0,0.578,0.422,1.0,0.0,0.0,1.0,0.0,0.0,,2.0,0.0,1.0,,0.0,0.0,,0.0,0.0,0.0,0.0,1.0,0.0,0.0,0.0,0.0,0.0,0.0,BOS,0.0,0.0,2.0,0.0,2.0,0.0,0.0,0.0,2014,21300064,,BOS,UTA,20131106.0,2013-14,False,BOS,UTA,,,,,,,,,,,,,,,,,,,,,,,,,,,,,,,,,,,,,,,,,,,,,,,,,,,,,,,,,,,,,,,,,,,,,,,,,,,,,,,,,,,,,,,,,
203515,Phil Pressey,Phil,1610612738,BOS,23.0,1,1,0,1.0,15.583333333333334,0,4,0.0,0,1,0.0,1,2,0.5,0,2,2,1,0,2,0,0,2,1,1,-2,10.9,0,0,8.0,1,1,1,1,178,212,170,212,98,111,98,104,78,104,137,118,151,120,168,23,81,1,110,123,218,148,174,19,1,194,,1,0.044,4.0,80.3,77.1,86.8,-0.023,0.1,210,0.0,35,0.0,33,134,174,0.102,127,87.27,212,77.1,165,103.25,224,154,0.0,201,0.091,66,104.73,87.9,87.9,137,219,0.0,39,104.73,212,16.7,1,-10.7,-6.6,0.123,0.0,202,69,165,135,69,200,170,100,210,-10.7,0.122,33,0.0,6.0,0.0,0.037,2.0,27.0,0.037,0.0,27.0,1.0,0.0,0.0,0.0,0.0,0.0,0.0,0.0,0.0,0.0,0.0,1.0,2.0,0.0,0.0,0.0,2.0,0.0,0.0,0.0,33.0,1.0,2.8,0.0,0.0,5.04,0.0,0.0,7.0,0.03,5.82,1.0,5.6,4.0,5.6,1.0,1.0,0.5,1.0,0.0,0.0,0.667,4.0,0.0,1.0,2.0,0.0,1.0,0.0,0.5,0.667,0.0,0.5,0.5,0.0,0.0,0.0,1.0,0.5,0.0,0.0,0.0,0.0,2.0,BOS,0.0,0.5,0.0,2.0,1610612738.0,,,,,,,,,,,,,,,1.0,0.0,0.0,0.0,0.25,0.0,0.0,0.0,0.0,0.25,1.0,0.0,,0.25,0.0,0.0,0.0,1.0,0.25,,0.0,0.0,0.0,1.0,0.0,0.0,0.0,0.0,0.0,0.0,0.0,,0.0,1.0,0.0,0.0,0.0,0.0,0.0,0.0,0.0,0.0,0.0,0.0,,0.0,0.0,0.0,0.0,1.0,0.0,0.0,0.0,0.0,0.0,0.0,0.0,0.0,0.0,0.0,,0.0,,1.0,0.0,2.0,0.0,G,3.0,3.0,0.3,1.0,0.578,0.422,1.0,0.0,,0.0,,,,1.0,0.0,0.0,,0.0,,,0.0,0.0,0.0,0.0,2.0,0.0,0.0,,,0.0,0.0,BOS,0.0,0.0,1.0,0.0,1.0,0.0,0.0,0.0,2014,21300075,,ORL,BOS,20131108.0,2013-14,False,BOS,ORL,,,,,,,,,,,,,,,,,,,,,,,,,,,,,,,,,,,,,,,,,,,,,,,,,,,,,,,,,,,,,,,,,,,,,,,,,,,,,,,,,,,,,,,,,
203515,Phil Pressey,Phil,1610612738,BOS,23.0,1,1,0,1.0,20.016666666666666,1,2,0.5,0,0,0.0,0,0,0.0,0,1,1,8,0,3,0,0,1,0,2,14,24.2,0,0,17.0,1,1,1,1,110,135,160,57,62,115,62,105,109,105,94,122,139,7,140,7,55,1,37,138,145,16,59,15,1,95,,1,0.032,2.0,123.4,121.1,83.1,0.216,0.067,26,0.0,38,0.0,107,138,156,0.5,105,77.94,135,121.1,14,90.88,22,16,0.0,186,0.5,41,93.52,80.0,80.0,94,93,1.0,131,93.52,71,80.0,1,41.1,40.3,0.048,0.5,23,35,14,6,35,186,160,2,26,41.1,0.048,107,0.0,13.0,1.0,0.191,20.0,47.0,0.17,0.0,46.0,9.0,0.0,1.0,0.0,0.0,0.0,0.0,0.667,0.0,0.0,2.0,0.0,3.0,0.0,0.0,0.0,0.0,0.0,0.0,0.0,50.0,2.0,4.5,0.0,0.0,5.41,0.0,0.0,22.0,0.04,5.42,0.0,5.1,2.0,5.1,1.0,1.0,0.333,1.0,0.0,0.0,1.0,3.0,0.0,0.0,1.0,0.0,0.0,0.0,0.0,0.5,1.0,0.5,0.0,0.0,,,,,,,,,,,,,,,,,,,,,,,,,,,,,,2.0,0.0,0.5,0.0,1.0,1.0,1.0,0.5,0.0,1.0,2.0,0.5,,,,,,,,,,,,,,,1.0,,2.0,1.0,1.0,,,1.0,0.0,0.0,0.0,0.0,0.5,0.0,0.0,0.0,0.0,0.0,,1.0,0.0,0.0,0.0,0.0,0.0,,0.0,,,0.0,0.0,0.0,0.0,0.0,,0.0,,1.0,1.0,1.0,0.0,G,8.0,6.0,0.182,0.75,0.554,0.196,1.0,0.0,,0.0,,,,0.0,0.0,0.0,,0.0,,,1.0,0.0,0.0,0.0,1.0,0.0,0.0,,,0.0,1.0,BOS,0.0,0.0,0.0,,,,,0.0,2014,21300202,,CHA,BOS,20131125.0,2013-14,False,BOS,CHA,,,,,,,,,,,,,,,,,,,,,,,,,,,,,,,,,,,,,,,,,,,,,,,,,,,,,,,,,,,,,,,,,,,,,,,,,,,,,,,,,,,,,,,,,
203515,Phil Pressey,Phil,1610612738,BOS,23.0,1,1,0,1.0,5.216666666666667,0,1,0.0,0,1,0.0,0,0,0.0,0,0,0,1,1,1,0,0,1,0,0,6,3.5,0,0,3.0,1,1,1,1,158,135,147,135,60,80,60,88,93,88,96,139,147,73,55,32,55,1,27,115,142,42,148,14,3,145,,164,0.0,1.0,94.0,100.0,54.5,-0.065,0.0,93,33.3,12,0.0,4,139,147,0.0,41,92.01,135,100.0,5,109.31,154,12,1.0,110,0.25,4,110.42,50.0,50.0,96,142,0.0,3,110.42,135,33.3,164,50.0,39.5,0.157,0.0,118,2,5,26,2,111,147,16,93,50.0,0.154,4,33.3,0.0,0.0,0.091,0.0,11.0,0.091,1.0,9.0,1.0,0.0,0.0,0.0,0.0,0.0,0.0,0.0,0.0,0.0,0.0,1.0,2.0,0.0,0.0,0.0,2.0,0.0,0.0,0.0,14.0,0.0,0.8,0.0,0.0,3.48,0.0,0.0,5.0,0.0,2.71,,,,,,,,,,,,,,,,,,,,,,,,,,,,,,,,,,,,,,,,,,,,,,,,,,,,,,1.0,1.0,0.0,0.0,1.0,0.0,0.0,,1.0,0.0,0.0,0.0,0.0,,,,,,,,,,,,,,0.0,0.0,0.0,,,,0.0,0.0,0.0,0.0,0.0,0.0,0.0,0.0,0.0,0.0,0.0,,,0.0,,0.0,0.0,1.0,0.0,,,,,0.0,0.0,,,0.0,,,,0.0,0.0,0.0,0.0,G,8.0,6.0,0.136,0.75,0.554,0.196,0.0,0.0,,0.0,,,,1.0,0.0,0.0,,0.0,,,0.0,0.0,0.0,0.0,0.0,0.0,0.0,,,0.0,0.0,BOS,0.0,0.0,1.0,0.0,1.0,0.0,0.0,0.0,2014,21300262,,BOS,MIL,20131203.0,2013-14,False,BOS,MIL,,,,,,,,,,,,,,,,,,,,,,,,,,,,,,,,,,,,,,,,,,,,,,,,,,,,,,,,,,,,,,,,,,,,,,,,,,,,,,,,,,,,,,,,,
203515,Phil Pressey,Phil,1610612738,BOS,23.0,1,1,0,1.0,17.258333333333333,0,3,0.0,0,1,0.0,1,2,0.5,0,2,2,3,2,0,0,0,1,1,1,3,5.9,0,0,6.0,1,1,1,1,76,88,81,88,45,57,45,44,36,45,50,53,64,17,20,52,32,1,17,54,90,34,87,9,1,85,,90,0.063,3.0,88.2,88.6,75.3,-0.029,0.1,79,22.2,35,0.0,27,69,64,0.129,17,82.28,88,88.6,38,100.63,94,37,1.5,70,0.333,13,98.73,77.8,77.8,50,90,0.0,25,98.73,88,33.3,88,10.8,12.9,0.154,0.0,80,15,38,11,15,68,81,9,79,10.8,0.154,27,22.5,5.0,0.0,0.138,8.0,29.0,0.103,1.0,31.0,4.0,0.0,0.0,0.0,0.0,0.0,0.0,0.25,0.0,0.0,1.0,0.75,4.0,0.0,0.0,0.0,3.0,0.0,1.0,1.0,37.0,1.0,3.6,2.0,2.0,5.8,0.0,0.0,11.0,0.027,6.08,0.0,7.9,4.0,7.9,2.0,0.0,0.5,0.0,0.0,0.0,0.5,4.0,0.0,0.0,2.0,0.0,0.0,0.0,0.0,0.5,0.0,0.5,0.0,0.0,,,,,,,,,,,,,,,,,,,,,,,,,,,,,,1.0,0.0,0.0,0.0,0.333,0.0,0.0,0.0,0.0,0.333,1.0,0.0,,0.667,0.0,0.0,0.333,1.0,0.333,0.0,0.0,0.0,1.0,2.0,0.0,0.0,0.0,1.0,0.0,0.0,0.0,0.0,0.0,3.0,0.0,0.0,2.0,0.0,0.0,0.0,0.0,0.0,2.0,0.0,0.0,0.0,0.0,0.0,0.0,1.0,0.0,,0.0,,,0.0,0.0,0.0,0.0,0.0,0.0,0.0,0.0,2.0,0.0,0.0,0.0,G,9.0,7.0,0.129,0.778,0.548,0.23,1.0,0.0,,0.0,0.0,,0.0,1.0,0.0,0.0,0.0,0.0,,0.0,0.0,0.0,0.0,1.0,0.0,0.0,0.0,0.0,0.0,0.0,0.0,BOS,0.0,0.0,0.0,,0.0,0.0,,0.0,2014,21300299,,NYK,BOS,20131208.0,2013-14,False,BOS,NYK,,,,,,,,,,,,,,,,,,,,,,,,,,,,,,,,,,,,,,,,,,,,,,,,,,,,,,,,,,,,,,,,,,,,,,,,,,,,,,,,,,,,,,,,,
203515,Phil Pressey,Phil,1610612738,BOS,23.0,1,0,1,0.0,8.933333333333334,0,1,0.0,0,0,0.0,0,0,0.0,0,1,1,2,1,1,0,0,0,2,0,-2,6.2,0,0,5.0,1,95,95,95,161,152,162,152,71,108,71,102,111,102,104,122,141,57,76,41,64,1,1,61,156,99,152,18,1,156,,154,0.048,1.0,72.5,82.4,82.0,0.148,0.1,151,25.0,17,0.0,96,92,126,0.0,20,78.36,152,82.4,118,104.35,43,120,2.0,160,0.4,28,94.03,88.9,88.9,104,156,0.0,19,94.03,152,50.0,154,-6.5,-9.5,0.094,0.0,164,45,118,10,45,156,162,4,151,-6.5,0.095,96,25.0,3.0,0.0,0.15,9.0,20.0,0.1,0.0,20.0,3.0,0.0,1.0,0.0,0.0,0.0,0.0,0.0,0.0,0.0,0.0,0.75,4.0,0.0,0.0,0.0,3.0,0.0,0.0,0.0,24.0,0.0,2.1,0.0,0.0,5.13,0.0,0.0,10.0,0.0,5.75,0.0,5.8,3.0,5.8,1.0,0.0,0.2,0.0,0.0,0.0,0.333,5.0,0.0,0.0,1.0,0.0,0.0,0.0,0.0,0.2,2.0,0.333,0.0,0.0,0.0,0.0,1.0,1.0,0.0,0.0,0.0,0.0,1.0,BOS,0.0,1.0,0.0,1.0,1610612738.0,,,,,,,,,,,,,,,,,,,,,,,,,,,,,,,,,,,,,,,,,0.0,,0.0,,,,,0.0,0.0,0.0,0.0,0.0,0.0,0.0,0.0,0.0,0.0,0.0,,0.0,0.0,0.0,0.0,0.0,0.0,,0.0,,,0.0,0.0,0.0,0.0,0.0,,0.0,,0.0,0.0,1.0,0.0,G,9.0,7.0,0.123,0.778,0.548,0.23,0.0,0.0,,0.0,,,,0.0,0.0,0.0,,0.0,,,0.0,0.0,0.0,0.0,1.0,0.0,0.0,,,0.0,0.0,BOS,0.0,0.0,0.0,,,,,0.0,2014,21300319,,BOS,LAC,20131211.0,2013-14,False,BOS,LAC,,,,,,,,,,,,,,,,,,,,,,,,,,,,,,,,,,,,,,,,,,,,,,,,,,,,,,,,,,,,,,,,,,,,,,,,,,,,,,,,,,,,,,,,,
203515,Phil Pressey,Phil,1610612738,BOS,23.0,1,0,1,0.0,13.766666666666667,0,0,0.0,0,0,0.0,0,0,0.0,0,0,0,5,0,1,0,0,0,0,0,-1,10.5,0,0,7.0,1,124,124,124,191,216,243,216,96,155,96,139,150,139,130,219,226,25,160,42,77,1,1,183,224,125,177,25,1,192,,1,0.0,0.0,119.5,112.0,117.1,0.104,0.0,74,0.0,25,0.0,248,219,226,0.0,130,71.19,216,112.0,156,84.03,110,108,0.0,246,0.357,206,85.42,120.8,120.8,130,224,0.0,245,85.42,216,100.0,1,-8.8,2.3,0.0,0.0,39,218,156,12,218,246,243,1,74,-8.8,0.0,248,0.0,7.0,0.0,0.2,10.0,30.0,0.167,1.0,30.0,6.0,0.0,0.0,0.0,0.0,0.0,0.0,0.0,0.0,0.0,0.0,1.0,3.0,0.0,0.0,0.0,3.0,0.0,0.0,0.0,34.0,0.0,3.5,0.0,0.0,6.09,0.0,0.0,10.0,0.0,6.03,,,,,,,,,,,,,,,,,,,,,,,,,,,,,,,,,,,,,,,,,,,,,,,,,,,,,,,,,,,,,,,,,,,,,,,,,,,,,,,,0.0,,0.0,,,,,0.0,0.0,0.0,0.0,0.0,0.0,0.0,0.0,0.0,0.0,0.0,,0.0,0.0,0.0,0.0,0.0,0.0,,0.0,,,0.0,0.0,0.0,0.0,0.0,,0.0,,0.0,0.0,0.0,0.0,G,11.0,9.0,0.124,0.818,0.558,0.26,0.0,0.0,,0.0,,,,0.0,0.0,0.0,,0.0,,,0.0,0.0,0.0,0.0,0.0,0.0,0.0,,,0.0,0.0,BOS,0.0,0.0,0.0,,,,,0.0,2014,21300393,,BOS,WAS,20131221.0,2013-14,False,BOS,WAS,,,,,,,,,,,,,,,,,,,,,,,,,,,,,,,,,,,,,,,,,,,,,,,,,,,,,,,,,,,,,,,,,,,,,,,,,,,,,,,,,,,,,,,,,
203515,Phil Pressey,Phil,1610612738,BOS,23.0,1,0,1,0.0,15.233333333333333,0,1,0.0,0,0,0.0,0,0,0.0,0,2,2,4,2,0,0,0,1,0,0,-6,6.4,0,0,6.0,1,34,34,34,47,55,60,55,30,44,30,35,40,35,33,33,38,10,14,30,20,1,12,49,58,47,56,8,2,52,,63,0.057,1.0,92.5,90.0,109.3,0.035,0.091,50,28.6,30,0.0,52,44,41,0.0,8,78.77,55,90.0,55,93.58,43,50,2.0,57,0.364,44,94.53,110.0,110.0,33,58,0.0,54,94.53,55,57.1,62,-20.0,-16.8,0.093,0.0,48,42,55,8,42,58,60,2,50,-20.0,0.088,52,28.6,4.0,0.0,0.278,9.0,18.0,0.222,1.0,20.0,5.0,0.0,0.0,0.0,0.0,0.0,0.0,0.0,0.0,0.0,0.0,0.0,0.0,0.0,0.0,0.0,0.0,0.0,0.0,0.0,24.0,0.0,1.7,0.0,0.0,4.34,0.0,0.0,8.0,0.0,4.75,0.0,10.5,2.0,10.5,2.0,0.0,1.0,0.0,0.0,0.0,1.0,2.0,0.0,0.0,2.0,0.0,0.0,0.0,0.0,1.0,0.0,1.0,0.0,0.0,,,,,,,,,,,,,,,,,,,,,,,,,,,,,,1.0,0.0,0.0,0.0,1.0,0.0,0.0,0.0,0.0,1.0,1.0,0.0,,,,,,,,,,,,,,,0.0,,0.0,,,,,0.0,0.0,0.0,0.0,0.0,0.0,0.0,0.0,0.0,0.0,0.0,0.0,0.0,0.0,0.0,0.0,0.0,0.0,0.0,0.0,0.0,0.0,0.0,0.0,0.0,0.0,0.0,0.0,0.0,0.0,1.0,0.0,0.0,0.0,G,11.0,9.0,0.117,0.818,0.558,0.26,0.0,0.0,,0.0,,,0.0,0.0,0.0,0.0,0.0,0.0,,0.0,0.0,0.0,0.0,1.0,0.0,0.0,0.0,,,0.0,0.0,BOS,0.0,0.0,1.0,,,,0.0,0.0,2014,21300404,,IND,BOS,20131222.0,2013-14,False,BOS,IND,,,,,,,,,,,,,,,,,,,,,,,,,,,,,,,,,,,,,,,,,,,,,,,,,,,,,,,,,,,,,,,,,,,,,,,,,,,,,,,,,,,,,,,,,
203515,Phil Pressey,Phil,1610612738,BOS,23.0,1,0,1,0.0,8.708333333333334,0,1,0.0,0,1,0.0,0,0,0.0,0,1,1,0,1,0,0,0,1,0,0,-3,0.2,0,0,1.0,1,95,95,95,170,164,166,164,68,95,68,96,103,96,112,129,142,130,77,93,62,1,29,131,168,107,180,18,1,177,,180,0.067,1.0,94.5,93.8,113.4,-0.071,0.1,133,50.0,16,0.0,165,108,114,0.0,97,73.49,164,93.8,136,87.53,175,140,0.0,143,0.0,122,88.19,112.5,112.5,112,168,0.0,175,88.19,164,0.0,178,-18.8,-18.9,0.126,0.0,118,120,136,130,120,141,166,130,133,-18.8,0.125,165,50.0,1.0,0.0,0.0,0.0,13.0,0.0,0.0,16.0,0.0,0.0,0.0,0.0,0.0,0.0,0.0,0.0,0.0,0.0,0.0,0.0,0.0,0.0,0.0,0.0,0.0,0.0,0.0,0.0,18.0,0.0,1.3,0.0,0.0,4.36,0.0,0.0,6.0,0.0,4.33,0.0,8.6,2.0,8.6,1.0,0.0,0.5,0.0,0.0,0.0,0.5,2.0,0.0,0.0,1.0,0.0,0.0,0.0,0.0,0.5,0.0,0.5,0.0,0.0,,,,,,,,,,,,,,,,,,,,,,,,,,,,,,,,,,,,,,,,,,,1.0,0.0,0.0,0.0,1.0,1.0,,0.0,0.0,0.0,1.0,0.0,0.0,0.0,0.0,0.0,,,,0.0,0.0,0.0,0.0,0.0,0.0,0.0,0.0,0.0,0.0,0.0,0.0,,0.0,0.0,0.0,0.0,0.0,0.0,1.0,0.0,0.0,0.0,0.0,0.0,0.0,0.0,0.0,,1.0,,0.0,0.0,0.0,0.0,G,13.0,10.0,0.125,0.769,0.561,0.208,0.0,0.0,,0.0,,,,0.0,0.0,0.0,,0.0,,,0.0,0.0,0.0,1.0,0.0,0.0,0.0,,,0.0,0.0,BOS,0.0,0.0,1.0,0.0,1.0,0.0,0.0,0.0,2014,21300475,,CHI,BOS,20140102.0,2013-14,False,BOS,CHI,,,,,,,,,,,,,,,,,,,,,,,,,,,,,,,,,,,,,,,,,,,,,,,,,,,,,,,,,,,,,,,,,,,,,,,,,,,,,,,,,,,,,,,,,
203515,Phil Pressey,Phil,1610612738,BOS,23.0,1,0,1,0.0,8.716666666666667,1,2,0.5,1,1,1.0,0,0,0.0,0,0,0,2,2,0,0,0,2,0,3,-4,4.0,0,0,6.0,1,79,79,79,127,106,122,48,29,63,1,83,87,83,76,132,134,44,21,64,44,1,64,107,114,93,126,13,1,122,,141,0.0,2.0,83.5,77.8,114.2,0.0,0.0,133,33.3,18,0.0,46,132,134,0.75,41,82.6,106,77.8,113,89.54,122,119,1.0,39,0.5,97,99.12,100.0,100.0,76,22,1.0,113,99.12,18,33.3,139,-22.2,-30.7,0.239,0.75,128,60,113,2,60,39,122,16,133,-22.2,0.222,46,33.3,8.0,2.0,0.2,7.0,20.0,0.1,0.0,24.0,4.0,0.0,0.0,0.0,0.0,0.0,0.0,0.0,0.0,0.0,0.0,1.0,1.0,0.0,0.0,0.0,1.0,0.0,0.0,1.0,25.0,3.0,1.9,0.0,0.0,4.57,0.0,0.0,10.0,0.12,4.48,,,,,,,,,,,,,,,,,,,,,,,,,,,,,,,,,,,,,,,,,,,,,,,,,,,,,,,,,,,,,,,,,,,1.0,1.0,0.0,0.5,1.0,0.5,0.0,1.0,0.75,1.0,2.0,0.5,1.0,0.0,0.0,0.0,0.0,0.0,,0.0,1.0,0.0,0.0,0.0,0.0,0.75,1.0,0.0,3.0,0.0,0.0,0.0,0.0,0.0,0.0,0.0,1.0,1.0,,0.0,,,0.0,0.0,0.0,0.0,1.0,0.0,0.0,0.0,1.0,0.0,0.0,0.0,G,14.0,11.0,0.13,0.786,0.568,0.217,0.0,,,0.0,0.0,,0.0,,0.0,0.0,0.0,0.0,,0.0,0.0,,0.0,2.0,0.0,0.0,0.5,0.0,0.0,1.0,0.0,BOS,0.0,0.0,1.0,1.0,1.0,1.0,1.5,1.0,2014,21300502,,OKC,BOS,20140105.0,2013-14,False,BOS,OKC,,,,,,,,,,,,,,,,,,,,,,,,,,,,,,,,,,,,,,,,,,,,,,,,,,,,,,,,,,,,,,,,,,,,,,,,,,,,,,,,,,,,,,,,,
203515,Phil Pressey,Phil,1610612738,BOS,23.0,1,0,1,0.0,13.033333333333331,0,2,0.0,0,1,0.0,1,2,0.5,0,1,1,3,0,0,0,0,1,1,1,6,6.7,0,0,5.0,1,128,128,128,195,212,204,212,85,109,85,103,77,100,124,167,192,55,162,112,78,1,38,128,215,67,200,19,1,208,,1,0.034,2.0,100.6,107.7,93.1,0.029,0.083,89,0.0,26,0.0,136,164,203,0.174,130,78.26,212,107.7,61,94.8,190,95,0.0,216,0.3,77,93.91,88.0,88.0,124,209,0.0,132,93.91,212,50.0,1,19.7,7.5,0.09,0.0,130,50,61,29,50,210,204,5,89,19.7,0.097,135,0.0,6.0,0.0,0.13,8.0,23.0,0.13,0.0,19.0,3.0,0.0,0.0,0.0,0.0,0.0,0.0,1.0,0.0,0.0,1.0,0.0,1.0,0.0,0.0,0.0,0.0,0.0,0.0,0.0,27.0,1.0,2.2,0.0,0.0,4.97,0.0,1.0,8.0,0.037,5.56,0.0,9.3,2.0,9.3,1.0,0.0,0.25,0.0,0.0,0.0,0.5,4.0,0.0,0.0,1.0,0.0,0.0,0.0,0.0,0.25,2.0,0.5,0.0,0.0,,,,,,,,,,,,,,,,,,,,,,,,,,,,,,1.0,0.0,0.0,0.0,0.5,0.0,0.0,0.0,0.0,0.5,1.0,0.0,,0.5,0.0,0.0,0.0,1.0,0.5,,0.0,0.0,0.0,1.0,0.0,0.0,0.0,0.0,0.0,,,,0.0,0.0,0.0,0.0,0.0,0.0,0.0,0.0,0.0,0.0,0.0,0.0,0.0,0.0,0.0,0.0,0.0,1.0,0.0,0.0,0.0,0.0,0.0,0.0,0.0,0.0,0.0,0.0,0.0,0.0,0.0,0.0,0.0,1.0,0.0,G,14.0,11.0,0.126,0.786,0.568,0.217,0.0,0.0,,0.0,,,0.0,1.0,0.0,0.0,0.0,0.0,,0.0,0.0,0.0,0.0,0.0,1.0,0.0,0.0,,,0.0,0.0,BOS,0.0,0.0,1.0,0.0,1.0,0.0,0.0,0.0,2014,21300517,,DEN,BOS,20140107.0,2013-14,False,BOS,DEN,,,,,,,,,,,,,,,,,,,,,,,,,,,,,,,,,,,,,,,,,,,,,,,,,,,,,,,,,,,,,,,,,,,,,,,,,,,,,,,,,,,,,,,,,
203515,Phil Pressey,Phil,1610612738,BOS,23.0,1,0,1,0.0,11.466666666666669,0,0,0.0,0,0,0.0,0,0,0.0,0,0,0,2,0,1,0,0,0,2,0,2,6.0,0,0,4.0,1,90,90,90,149,154,170,154,74,106,74,100,103,100,107,157,163,66,117,32,59,1,1,71,156,67,148,23,1,155,,1,0.0,0.0,122.2,120.0,98.6,0.081,0.0,32,0.0,20,0.0,176,157,163,0.0,96,71.51,154,120.0,40,87.82,99,25,0.0,171,0.2,50,85.81,104.8,104.8,107,156,0.0,162,85.81,154,100.0,1,15.2,23.6,0.0,0.0,25,70,40,48,70,171,170,1,32,15.2,0.0,176,0.0,3.0,1.0,0.286,6.0,14.0,0.143,1.0,15.0,4.0,0.0,0.0,0.0,0.0,0.0,0.0,0.0,0.0,0.0,0.0,0.5,2.0,0.0,0.0,0.0,1.0,0.0,0.0,0.0,16.0,0.0,1.3,0.0,0.0,4.99,0.0,0.0,6.0,0.0,5.81,,,,,,,,,,,,,,,,,,,,,,,,,,,,,,,,,,,,,,,,,,,,,,,,,,,,,,,,,,,,,,,,,,,,,,,,,,,,,,,,0.0,,0.0,,,,,0.0,0.0,0.0,0.0,0.0,0.0,0.0,0.0,0.0,0.0,,,0.0,,0.0,0.0,0.0,0.0,,,,,0.0,0.0,,,0.0,,,,0.0,0.0,0.0,0.0,G,16.0,12.0,0.132,0.75,0.568,0.182,0.0,,,0.0,,,,,0.0,0.0,,0.0,,,0.0,,0.0,0.0,0.0,0.0,0.0,,,0.0,0.0,BOS,0.0,0.0,0.0,,,,,0.0,2014,21300551,,POR,BOS,20140111.0,2013-14,False,BOS,POR,,,,,,,,,,,,,,,,,,,,,,,,,,,,,,,,,,,,,,,,,,,,,,,,,,,,,,,,,,,,,,,,,,,,,,,,,,,,,,,,,,,,,,,,,
203515,Phil Pressey,Phil,1610612738,BOS,23.0,1,0,1,0.0,3.4833333333333334,0,2,0.0,0,0,0.0,0,0,0.0,0,0,0,0,1,0,0,0,1,0,0,-7,-1.0,0,0,0.0,1,72,72,72,139,124,118,124,62,91,62,81,86,81,71,122,129,100,49,62,49,1,24,103,127,102,146,10,1,142,,141,0.0,2.0,57.1,57.1,191.0,-0.4,0.0,143,33.3,7,0.0,49,122,129,0.0,75,80.38,124,57.1,145,87.92,145,145,0.0,13,0.0,145,96.46,157.1,157.1,71,127,0.0,123,96.46,124,0.0,141,-100.0,-133.8,0.3,0.0,144,143,145,100,143,10,118,100,143,-100.0,0.3,49,33.3,0.0,0.0,0.0,0.0,5.0,0.0,0.0,8.0,0.0,0.0,0.0,0.0,0.0,0.0,0.0,0.0,0.0,0.0,0.0,0.0,0.0,0.0,0.0,0.0,0.0,0.0,0.0,0.0,8.0,0.0,1.0,0.0,0.0,7.34,0.0,0.0,1.0,0.0,9.0,,,,,,,,,,,,,,,,,,,,,,,,,0.0,0.0,1.0,0.5,0.0,0.0,0.0,0.0,1.0,BOS,0.0,0.5,0.0,1.0,1610612738.0,,1.0,0.5,0.0,0.0,0.0,0.0,0.5,1.0,0.0,,0.0,0.0,0.0,,,,,,,,,,,,,,,,,,,,,,,,,,,0.0,,0.0,0.0,0.0,,,1.0,0.0,0.0,0.0,0.0,0.0,0.0,0.0,0.0,0.0,,,0.0,,0.0,0.0,0.0,0.0,,,,,0.0,0.0,,,0.0,,,,1.0,0.0,1.0,0.0,G,16.0,12.0,0.131,0.75,0.568,0.182,1.0,0.0,,0.0,,,,0.0,0.0,0.0,,0.0,,,0.0,0.0,0.0,0.0,1.0,0.0,0.0,,,0.0,0.0,BOS,0.0,0.0,0.0,,,,,0.0,2014,21300556,,BOS,HOU,20140113.0,2013-14,False,BOS,HOU,,,,,,,,,,,,,,,,,,,,,,,,,,,,,,,,,,,,,,,,,,,,,,,,,,,,,,,,,,,,,,,,,,,,,,,,,,,,,,,,,,,,,,,,,
203515,Phil Pressey,Phil,1610612738,BOS,23.0,1,1,0,1.0,25.82,0,5,0.0,0,1,0.0,0,0,0.0,1,2,3,10,0,1,1,0,3,0,0,5,24.6,0,0,17.0,1,1,1,1,119,202,148,202,94,109,94,129,140,129,67,120,125,6,161,46,28,1,147,171,208,65,100,25,1,128,,1,0.045,5.0,91.2,92.2,85.9,0.132,0.061,185,0.0,51,0.03,160,174,169,0.0,124,78.23,202,92.2,82,93.4,71,94,0.0,214,0.667,38,93.88,84.0,84.0,107,208,0.0,169,93.88,202,66.7,1,8.2,5.3,0.081,0.0,190,31,82,1,31,213,148,1,185,8.2,0.079,160,0.0,17.0,2.0,0.197,25.0,61.0,0.164,0.0,62.0,12.0,0.0,0.0,0.0,0.0,0.0,0.0,0.0,0.0,0.0,0.0,1.0,3.0,0.0,0.0,0.0,3.0,0.0,0.0,0.0,70.0,0.0,5.1,0.0,0.0,4.37,0.0,0.0,31.0,0.0,4.57,0.0,12.2,5.0,10.2,2.0,1.0,0.429,1.0,0.0,0.5,0.5,7.0,0.0,1.0,3.0,0.0,0.0,0.5,0.0,0.5,2.0,0.4,0.0,16.2,,,,,,,,,,,,,,,,,,,,,,,,,,,,,,3.0,1.0,0.0,0.0,0.6,0.0,0.0,0.0,0.2,0.4,2.0,0.0,0.0,0.4,0.0,0.0,0.4,0.0,0.0,0.0,,0.0,2.0,2.0,0.0,0.0,0.0,0.0,0.0,0.0,0.0,,0.0,4.0,0.0,0.0,0.0,0.0,0.0,0.0,0.0,0.0,0.0,0.0,0.0,0.0,0.0,0.0,0.0,1.0,0.0,0.0,0.0,0.0,0.0,0.0,0.0,0.0,0.0,0.0,0.0,0.0,0.0,4.0,0.0,0.0,0.0,G,17.0,12.0,0.127,0.706,0.567,0.139,3.0,0.0,,0.0,,,0.0,1.0,0.0,0.0,0.0,0.0,,0.0,0.0,0.0,0.0,1.0,0.0,0.0,0.0,,,0.0,0.0,BOS,0.0,0.0,1.0,0.0,1.0,0.0,0.0,0.0,2014,21300569,,BOS,TOR,20140115.0,2013-14,False,BOS,TOR,,,,,,,,,,,,,,,,,,,,,,,,,,,,,,,,,,,,,,,,,,,,,,,,,,,,,,,,,,,,,,,,,,,,,,,,,,,,,,,,,,,,,,,,,
203515,Phil Pressey,Phil,1610612738,BOS,23.0,1,0,1,0.0,22.206666666666667,2,5,0.4,2,5,0.4,0,0,0.0,0,0,0,9,0,2,0,0,3,4,6,0,25.5,0,0,21.0,1,123,123,123,138,151,148,137,25,28,55,136,147,136,130,206,215,9,168,13,78,1,159,33,150,113,84,24,1,105,,1,0.0,5.0,122.0,118.2,115.1,0.112,0.0,54,0.0,44,0.0,131,206,215,0.6,125,80.16,151,118.2,110,94.89,93,86,0.0,211,0.474,167,96.19,115.6,115.6,130,89,2.0,163,96.19,74,64.3,1,2.6,6.8,0.103,0.6,30,179,110,7,179,209,148,1,54,2.6,0.1,131,0.0,9.0,0.0,0.237,15.0,38.0,0.237,1.0,45.0,9.0,0.0,0.0,0.0,0.0,0.0,0.0,0.25,0.0,0.0,1.0,0.5,4.0,0.0,0.0,0.0,2.0,0.0,1.0,0.0,51.0,6.0,4.1,0.0,0.0,4.8,0.0,0.0,20.0,0.118,4.8,,,,,,,,,,,,,,,,,,,,,,,,,,,,,,,,,,,,,,,,,,,,,,,,,,,,,,,,,,,,,,,,,,,1.0,2.0,0.0,0.0,5.0,1.0,,0.4,0.6,0.0,5.0,0.4,2.0,0.0,1.0,0.0,0.0,0.0,0.0,0.0,1.0,0.0,0.0,0.0,0.0,0.6,0.5,0.0,6.0,0.0,1.0,0.0,0.0,0.0,0.0,0.0,4.0,0.25,1.0,1.0,1.0,1.0,0.0,0.0,0.0,0.0,1.0,0.0,1.0,0.0,0.0,0.0,0.0,0.0,G,19.0,13.0,0.136,0.684,0.566,0.118,0.0,0.333,,0.0,,,0.0,3.0,0.0,0.0,0.0,0.0,,0.0,0.0,1.0,0.0,2.0,0.0,0.0,0.5,,,1.0,0.0,BOS,0.0,0.0,4.0,0.5,4.0,2.0,0.75,2.0,2014,21300586,,BOS,LAL,20140117.0,2013-14,False,BOS,LAL,,,,,,,,,,,,,,,,,,,,,,,,,,,,,,,,,,,,,,,,,,,,,,,,,,,,,,,,,,,,,,,,,,,,,,,,,,,,,,,,,,,,,,,,,
203515,Phil Pressey,Phil,1610612738,BOS,23.0,1,0,1,0.0,22.616666666666667,1,7,0.143,0,2,0.0,0,0,0.0,0,1,1,5,3,3,0,0,2,0,2,-6,16.7,0,0,14.0,1,51,51,51,56,75,54,87,39,36,39,58,63,58,63,74,81,13,6,5,32,1,41,74,81,71,60,11,1,63,,82,0.022,7.0,89.7,95.3,105.4,0.0,0.05,77,20.0,43,0.0,60,82,90,0.143,22,77.82,75,95.3,62,95.84,86,69,1.67,57,0.385,51,93.38,104.4,104.4,63,89,1.0,41,93.38,88,33.3,79,-9.1,-15.7,0.19,0.143,86,50,62,9,50,55,54,9,77,-9.1,0.192,60,20.0,11.0,0.0,0.106,11.0,47.0,0.106,0.0,53.0,5.0,1.0,0.0,0.0,0.0,0.0,0.333,0.333,0.0,0.0,1.0,0.333,3.0,0.0,0.0,0.0,1.0,0.0,1.0,1.0,58.0,2.0,5.2,0.0,0.0,5.34,0.0,0.0,21.0,0.034,5.12,0.0,4.2,3.0,4.2,1.0,0.0,0.2,0.0,0.0,0.0,0.333,5.0,0.0,0.0,1.0,0.0,0.0,0.0,0.0,0.2,2.0,0.333,0.0,0.0,0.0,0.0,1.0,0.143,0.0,0.0,0.0,0.0,1.0,BOS,0.0,0.143,0.0,1.0,1610612738.0,,,,,,,,,,,,,,,3.0,0.0,0.333,0.0,0.429,1.0,1.0,0.333,0.0,0.429,3.0,0.333,,0.429,0.0,0.0,0.143,2.0,0.286,0.0,0.0,0.0,1.0,3.0,0.0,0.0,0.0,1.0,0.0,0.0,0.0,0.0,0.0,3.0,0.0,0.0,0.0,0.0,0.143,0.5,0.0,2.0,0.0,0.0,0.0,0.333,0.0,0.0,0.0,2.0,0.0,0.0,0.0,0.0,0.0,0.0,0.0,0.0,0.0,0.0,0.0,0.0,0.0,3.0,1.0,2.0,0.0,G,20.0,14.0,0.137,0.7,0.569,0.131,0.0,0.0,,0.0,0.0,,0.0,1.0,0.0,0.0,0.0,0.0,,0.0,0.0,0.0,0.0,4.0,2.0,0.0,0.25,0.0,0.0,1.0,0.0,BOS,0.0,0.0,2.0,0.0,1.0,0.0,0.5,1.0,2014,21300602,,ORL,BOS,20140119.0,2013-14,False,BOS,ORL,,,,,,,,,,,,,,,,,,,,,,,,,,,,,,,,,,,,,,,,,,,,,,,,,,,,,,,,,,,,,,,,,,,,,,,,,,,,,,,,,,,,,,,,,
203515,Phil Pressey,Phil,1610612738,BOS,23.0,1,0,1,0.0,22.28333333333333,1,3,0.333,0,2,0.0,0,0,0.0,0,0,0,3,1,1,0,0,1,2,2,0,8.5,0,0,7.0,1,55,55,55,61,77,79,74,46,29,46,47,49,47,53,94,97,24,34,15,34,1,21,27,85,46,83,9,1,84,,80,0.0,3.0,102.2,110.3,109.7,0.032,0.0,46,14.3,39,0.0,102,94,97,0.333,9,70.01,77,110.3,51,87.54,82,58,3.0,93,0.188,55,84.01,110.3,110.3,53,88,1.0,88,84.01,83,42.9,79,0.0,-7.5,0.081,0.333,63,52,51,32,52,93,79,5,46,0.0,0.082,102,14.3,8.0,0.0,0.083,7.0,48.0,0.063,1.0,50.0,4.0,0.0,1.0,0.5,1.0,0.0,0.0,0.0,0.0,0.0,0.0,0.75,4.0,0.0,0.0,1.0,3.0,2.0,0.0,0.0,53.0,2.0,4.2,0.0,0.0,4.73,0.0,0.0,21.0,0.038,4.57,,,,,,,,,,,,,,,,,,,,,,,,,,,,,,,,,,,,,,,,,1.0,0.333,0.0,1.0,0.0,1.0,0.333,1.0,1.0,,1.0,1.0,0.0,,,,,,,,,,,,,,0.667,0.0,0.0,0.0,2.0,0.667,,0.0,0.0,0.0,2.0,0.0,0.0,0.0,0.0,0.0,,,,0.0,0.0,0.0,0.0,0.0,0.0,0.333,0.0,0.0,0.0,0.0,0.0,0.0,0.0,0.0,1.0,1.0,2.0,0.0,0.0,0.0,0.0,0.0,1.0,0.0,0.0,0.0,0.0,0.0,0.0,0.0,0.0,0.0,0.0,0.0,G,21.0,15.0,0.14,0.714,0.575,0.139,0.0,0.0,0.0,0.0,,0.0,0.0,1.0,0.0,0.0,0.0,1.0,0.0,0.0,0.0,0.0,1.0,1.0,0.0,1.0,0.0,,,0.0,0.0,BOS,0.0,0.0,2.0,0.0,2.0,0.0,0.0,0.0,2014,21300617,,MIA,BOS,20140121.0,2013-14,False,BOS,MIA,,,,,,,,,,,,,,,,,,,,,,,,,,,,,,,,,,,,,,,,,,,,,,,,,,,,,,,,,,,,,,,,,,,,,,,,,,,,,,,,,,,,,,,,,
203515,Phil Pressey,Phil,1610612738,BOS,23.0,1,0,1,0.0,17.65,2,8,0.25,0,5,0.0,0,0,0.0,1,1,2,3,3,0,0,0,0,1,4,-7,7.9,0,0,9.0,1,82,82,82,111,97,66,133,65,18,65,101,106,101,42,110,98,37,7,83,45,1,1,89,120,126,131,13,1,123,,140,0.044,8.0,63.7,62.5,79.5,-0.024,0.05,158,21.4,32,0.04,150,126,112,0.25,48,73.65,97,62.5,132,88.87,142,126,1.0,22,0.75,16,88.39,81.8,81.8,60,138,2.0,140,88.39,133,21.4,140,-19.3,-15.8,0.272,0.25,158,19,132,2,19,20,66,42,158,-19.3,0.268,150,21.4,6.0,0.0,0.083,7.0,36.0,0.083,0.0,47.0,3.0,1.0,2.0,0.4,1.0,0.0,0.2,0.0,0.0,0.0,0.0,0.4,5.0,0.0,0.0,0.5,2.0,2.0,1.0,1.0,50.0,4.0,3.9,0.0,0.0,4.67,0.0,0.0,24.0,0.08,4.76,1.0,14.0,3.0,14.4,1.0,0.0,0.4,0.0,1.0,0.5,0.333,5.0,1.0,0.0,1.0,0.0,0.0,0.5,0.0,0.4,2.0,0.333,0.5,13.6,,,,,,,,,,,,,,,,,1.0,0.125,0.0,0.0,0.0,0.0,0.125,1.0,0.0,,0.0,0.0,0.0,,,,,,,,,,,,,,0.875,0.0,2.0,0.25,5.0,0.625,1.0,0.0,0.286,2.0,7.0,0.286,2.0,1.0,3.0,2.0,0.25,0.25,0.0,0.0,4.0,0.0,0.0,0.0,0.0,0.25,0.0,0.0,0.0,0.0,0.0,0.0,1.0,,0.0,1.0,5.0,0.0,0.0,0.0,0.0,0.0,0.0,1.0,,,0.0,0.0,0.0,0.0,1.0,1.0,1.0,1.0,G,23.0,16.0,0.134,0.696,0.583,0.113,1.0,0.0,,0.5,,,0.0,3.0,0.0,1.0,0.0,0.0,,0.0,1.0,0.0,0.0,2.0,2.0,0.0,0.0,,,0.0,1.0,BOS,0.0,0.0,2.0,0.0,2.0,0.0,0.0,0.0,2014,21300658,,BOS,BKN,20140126.0,2013-14,False,BOS,BKN,,,,,,,,,,,,,,,,,,,,,,,,,,,,,,,,,,,,,,,,,,,,,,,,,,,,,,,,,,,,,,,,,,,,,,,,,,,,,,,,,,,,,,,,,
203515,Phil Pressey,Phil,1610612738,BOS,23.0,1,0,1,0.0,16.116666666666667,1,3,0.333,0,1,0.0,0,0,0.0,0,1,1,3,0,0,0,0,1,1,2,4,7.7,0,0,6.0,1,75,75,75,104,106,111,89,54,66,54,76,84,76,75,99,110,30,88,67,41,1,37,68,115,50,119,14,1,119,,1,0.038,3.0,130.5,129.0,115.4,0.04,0.071,5,0.0,31,0.0,88,100,111,0.333,74,79.42,106,129.0,30,92.09,110,41,0.0,133,0.214,124,95.31,109.1,109.1,75,111,1.0,116,95.31,102,50.0,1,19.9,15.2,0.089,0.333,4,110,30,32,110,134,111,4,5,19.9,0.086,88,0.0,8.0,0.0,0.143,7.0,28.0,0.107,1.0,27.0,4.0,0.0,1.0,0.0,0.0,0.0,0.0,0.333,0.0,0.0,1.0,0.0,3.0,0.0,0.0,0.0,0.0,0.0,0.0,0.0,33.0,2.0,2.4,0.0,0.0,4.41,0.0,0.0,12.0,0.061,4.24,0.0,8.5,1.0,8.5,1.0,0.0,0.5,0.0,0.0,0.0,1.0,2.0,0.0,0.0,1.0,0.0,0.0,0.0,0.0,0.5,1.0,1.0,0.0,0.0,,,,,,,,,,,,,,,,,,,,,,,,,,,,,,2.0,1.0,0.0,0.0,0.667,0.0,0.0,0.0,0.333,0.333,1.0,0.0,0.0,0.333,0.0,1.0,0.333,0.0,0.0,1.0,,1.0,1.0,1.0,1.0,1.0,1.0,0.0,2.0,0.5,0.5,,0.0,2.0,0.0,0.0,0.0,0.0,0.333,0.0,0.0,0.0,0.0,0.0,0.0,1.0,0.0,0.0,1.0,1.0,0.0,0.0,0.0,0.0,0.0,0.0,0.0,0.0,0.0,0.0,0.0,0.0,0.0,1.0,1.0,0.0,0.0,G,24.0,16.0,0.137,0.667,0.586,0.08,1.0,0.0,,0.0,,,0.0,0.0,0.0,0.0,0.0,0.0,,0.0,1.0,0.0,0.0,1.0,0.0,0.0,0.0,,,0.0,1.0,BOS,0.0,1.0,1.0,0.0,1.0,0.0,0.0,0.0,2014,21300670,,NYK,BOS,20140128.0,2013-14,False,BOS,NYK,,,,,,,,,,,,,,,,,,,,,,,,,,,,,,,,,,,,,,,,,,,,,,,,,,,,,,,,,,,,,,,,,,,,,,,,,,,,,,,,,,,,,,,,,
203515,Phil Pressey,Phil,1610612738,BOS,23.0,1,0,1,0.0,21.133333333333333,1,7,0.143,0,2,0.0,0,0,0.0,0,1,1,2,5,2,0,0,2,1,2,3,7.2,0,0,9.0,1,99,99,99,127,145,100,169,72,67,72,108,117,108,101,136,152,72,2,7,52,1,79,104,166,69,163,18,1,147,,193,0.022,7.0,95.3,95.7,88.1,-0.091,0.045,132,35.7,46,0.0,21,158,173,0.143,101,88.01,145,95.7,73,105.25,189,75,0.4,55,0.143,46,105.62,87.2,87.2,101,176,1.0,30,105.62,169,14.3,193,8.4,7.2,0.23,0.143,130,40,73,80,40,60,100,87,132,8.4,0.222,21,35.7,5.0,0.0,0.091,4.0,33.0,0.061,1.0,37.0,3.0,1.0,0.0,0.0,0.0,0.0,0.167,0.0,0.0,0.0,0.0,0.833,6.0,0.0,0.0,0.0,5.0,0.0,0.0,0.0,44.0,2.0,3.5,0.0,0.0,4.74,0.0,0.0,21.0,0.045,4.98,0.0,10.7,6.0,10.7,1.0,1.0,0.125,1.0,0.0,0.0,0.2,8.0,0.0,0.0,1.0,0.0,0.0,0.0,0.0,0.143,2.0,0.167,0.0,0.0,,,,,,,,,,,,,,,,,,,,,,,,,,,,,,3.0,2.0,0.333,0.0,0.429,1.0,1.0,1.0,0.286,0.143,1.0,0.333,0.0,0.571,0.0,0.0,0.571,0.0,0.0,0.0,,0.0,4.0,4.0,0.0,0.0,0.0,1.0,0.0,0.0,0.0,0.0,0.0,4.0,0.0,0.0,0.0,0.0,0.143,0.0,0.0,0.0,0.0,0.0,0.0,0.0,0.0,1.0,1.0,1.0,0.0,1.0,0.0,0.0,0.0,1.0,0.0,0.0,0.0,0.0,0.0,1.0,0.0,3.0,0.0,1.0,0.0,G,27.0,19.0,0.148,0.704,0.579,0.125,2.0,0.0,,0.5,,,0.0,1.0,0.0,1.0,0.0,0.0,,0.0,0.0,0.0,0.0,2.0,2.0,0.0,0.0,,,0.0,0.0,BOS,0.0,0.0,1.0,0.0,1.0,0.0,0.0,0.0,2014,21300678,,BOS,PHI,20140129.0,2013-14,False,BOS,PHI,,,,,,,,,,,,,,,,,,,,,,,,,,,,,,,,,,,,,,,,,,,,,,,,,,,,,,,,,,,,,,,,,,,,,,,,,,,,,,,,,,,,,,,,,
203515,Phil Pressey,Phil,1610612738,BOS,23.0,1,1,0,1.0,8.183333333333334,0,2,0.0,0,1,0.0,0,0,0.0,0,2,2,2,1,0,0,0,0,0,0,-2,4.4,0,0,4.0,1,1,1,1,19,18,17,18,10,8,10,10,10,10,12,8,14,7,9,11,6,1,1,13,19,13,16,4,1,17,,15,0.105,2.0,84.1,77.8,90.1,0.041,0.154,19,20.0,18,0.0,1,7,9,0.0,4,90.43,18,77.8,14,100.89,12,15,2.0,13,0.4,4,108.51,84.2,84.2,12,19,0.0,1,108.51,18,40.0,15,-6.4,-6.0,0.18,0.0,19,6,14,2,6,14,17,1,19,-6.4,0.167,1,20.0,3.0,1.0,0.231,5.0,13.0,0.154,0.0,14.0,3.0,0.0,0.0,0.0,0.0,0.0,0.0,1.0,0.0,0.0,1.0,0.0,1.0,0.0,0.0,0.0,0.0,0.0,0.0,0.0,18.0,0.0,1.7,0.0,0.0,5.6,0.0,0.0,5.0,0.0,6.28,0.0,6.6,3.0,6.6,2.0,0.0,0.667,0.0,0.0,0.0,0.667,3.0,0.0,0.0,2.0,0.0,0.0,0.0,0.0,0.667,0.0,0.667,0.0,0.0,,,,,,,,,,,,,,,,,,,,,,,,,,,,,,1.0,0.0,0.0,0.0,0.5,0.0,0.0,0.0,0.0,0.5,1.0,0.0,,0.5,0.0,0.0,0.0,1.0,0.5,,0.0,0.0,0.0,1.0,0.0,0.0,0.0,1.0,0.0,0.0,0.0,0.0,0.0,2.0,0.0,0.0,0.0,0.0,0.0,0.0,0.0,0.0,0.0,0.0,,0.0,,0.0,0.0,1.0,0.0,0.0,0.0,0.0,0.0,0.0,0.0,,,0.0,,0.0,,1.0,0.0,0.0,0.0,G,27.0,19.0,0.147,0.704,0.579,0.125,0.0,,,0.0,,,,,0.0,0.0,,0.0,,,0.0,,0.0,2.0,0.0,0.0,0.0,,,0.0,0.0,BOS,0.0,0.0,0.0,,0.0,0.0,,0.0,2014,21300709,,BOS,ORL,20140202.0,2013-14,False,BOS,ORL,,,,,,,,,,,,,,,,,,,,,,,,,,,,,,,,,,,,,,,,,,,,,,,,,,,,,,,,,,,,,,,,,,,,,,,,,,,,,,,,,,,,,,,,,
203515,Phil Pressey,Phil,1610612738,BOS,23.0,1,1,0,1.0,22.316666666666663,2,6,0.333,0,2,0.0,0,0,0.0,0,4,4,3,1,1,0,0,3,0,4,-5,15.3,0,0,13.0,1,1,1,1,105,120,111,126,90,71,90,115,125,115,117,49,78,43,83,48,68,1,143,148,144,134,117,19,1,126,,111,0.082,6.0,84.9,86.4,98.1,0.06,0.19,174,10.0,44,0.0,144,51,100,0.333,16,77.97,120,86.4,144,95.28,125,141,3.0,150,0.2,68,93.56,100.0,100.0,117,164,2.0,119,93.56,142,30.0,111,-13.6,-13.2,0.135,0.333,178,74,144,56,74,147,111,27,174,-13.6,0.135,144,10.0,7.0,0.0,0.065,6.0,46.0,0.065,0.0,46.0,3.0,0.0,2.0,0.4,1.0,0.0,0.0,0.0,0.0,0.0,0.0,0.6,5.0,0.0,0.0,0.5,3.0,2.0,1.0,1.0,56.0,4.0,4.4,0.0,0.0,4.74,0.0,0.0,17.0,0.071,4.88,0.0,13.8,5.0,13.8,4.0,0.0,0.8,0.0,0.0,0.0,0.8,5.0,0.0,0.0,4.0,0.0,0.0,0.0,0.0,0.8,0.0,0.8,0.0,0.0,0.0,0.0,1.0,0.167,0.0,0.0,0.0,0.0,1.0,BOS,0.0,0.167,0.0,1.0,1610612738.0,,1.0,0.167,0.0,0.0,0.0,0.0,0.167,1.0,0.0,,0.0,0.0,0.0,3.0,1.0,0.667,0.0,0.5,2.0,2.0,1.0,0.167,0.333,2.0,0.667,0.0,0.167,0.0,0.0,0.0,1.0,0.167,,0.0,0.0,0.0,1.0,0.0,0.0,1.0,0.0,2.0,0.333,0.333,,0.0,3.0,0.0,0.0,0.0,0.0,0.333,0.0,0.0,0.0,0.0,0.0,0.0,0.5,0.0,0.5,2.0,2.0,0.0,0.0,0.0,0.0,0.0,1.0,0.0,0.0,0.0,0.0,0.0,0.0,0.0,2.0,1.0,0.0,0.0,G,28.0,20.0,0.143,0.714,0.579,0.135,1.0,0.0,,0.0,,,0.0,1.0,0.0,0.0,0.0,0.5,,0.0,1.0,0.0,1.0,2.0,0.0,2.0,0.0,,,0.0,1.0,BOS,0.0,0.0,2.0,0.0,2.0,0.0,0.0,0.0,2014,21300743,,BOS,SAC,20140207.0,2013-14,False,BOS,SAC,,,,,,,,,,,,,,,,,,,,,,,,,,,,,,,,,,,,,,,,,,,,,,,,,,,,,,,,,,,,,,,,,,,,,,,,,,,,,,,,,,,,,,,,,
203515,Phil Pressey,Phil,1610612738,BOS,23.0,1,0,1,0.0,5.266666666666667,0,1,0.0,0,0,0.0,0,0,0.0,0,0,0,0,0,0,0,0,1,0,0,-6,0.0,0,0,0.0,1,83,83,83,158,147,151,147,65,103,65,85,91,85,86,143,149,118,111,85,54,1,30,112,152,117,164,15,1,164,,1,0.0,1.0,54.5,54.5,101.0,-0.138,0.0,163,0.0,11,0.0,44,143,149,0.0,87,83.54,147,54.5,157,104.26,164,158,0.0,147,0.0,99,100.25,109.1,109.1,86,152,0.0,34,100.25,147,0.0,1,-54.5,-46.5,0.091,0.0,165,125,157,118,125,146,151,118,163,-54.5,0.091,44,0.0,2.0,0.0,0.0,0.0,8.0,0.0,0.0,7.0,0.0,0.0,0.0,0.0,0.0,0.0,0.0,0.0,0.0,0.0,0.0,1.0,1.0,0.0,0.0,0.0,1.0,0.0,0.0,0.0,9.0,0.0,0.9,0.0,0.0,5.91,0.0,0.0,1.0,0.0,6.56,,,,,,,,,,,,,,,,,,,,,,,,,,,,,,,,,,,,,,,,,1.0,1.0,0.0,0.0,0.0,0.0,1.0,1.0,0.0,,0.0,0.0,0.0,,,,,,,,,,,,,,,,,,,,,,,,,,,0.0,,0.0,,,,,0.0,0.0,0.0,0.0,0.0,0.0,0.0,0.0,0.0,0.0,,,0.0,,0.0,0.0,0.0,0.0,,,,,0.0,0.0,,,0.0,,,,0.0,0.0,1.0,0.0,G,28.0,20.0,0.141,0.714,0.579,0.135,0.0,0.0,,0.0,,,,0.0,0.0,0.0,,0.0,,,0.0,0.0,0.0,0.0,1.0,0.0,0.0,,,0.0,0.0,BOS,0.0,0.0,0.0,,,,,0.0,2014,21300758,,BOS,DAL,20140209.0,2013-14,False,BOS,DAL,,,,,,,,,,,,,,,,,,,,,,,,,,,,,,,,,,,,,,,,,,,,,,,,,,,,,,,,,,,,,,,,,,,,,,,,,,,,,,,,,,,,,,,,,
203515,Phil Pressey,Phil,1610612738,BOS,23.0,1,1,0,1.0,24.15,5,10,0.5,3,4,0.75,0,0,0.0,0,2,2,6,3,1,0,1,5,1,13,2,24.4,0,0,26.0,1,1,1,1,66,30,38,36,5,17,7,77,80,77,67,64,80,8,11,24,34,91,119,66,31,54,40,11,1,31,,89,0.053,10.0,98.4,98.0,94.7,0.115,0.1,72,15.8,49,0.0,58,68,87,0.65,11,81.16,30,98.0,57,96.76,50,56,2.0,27,0.375,44,97.39,93.9,93.9,67,31,5.0,56,97.39,27,31.6,90,4.1,3.8,0.251,0.65,69,41,57,11,41,31,38,17,72,4.1,0.245,58,15.8,7.0,0.0,0.137,13.0,51.0,0.118,1.0,56.0,7.0,0.0,4.0,0.333,1.0,0.0,0.0,0.0,0.0,0.0,0.0,0.333,6.0,0.0,0.0,0.25,2.0,2.0,0.0,0.0,64.0,13.0,5.8,0.0,0.0,5.4,0.0,0.0,23.0,0.203,5.58,0.0,6.0,3.0,6.0,2.0,0.0,0.333,1.0,0.0,0.0,0.667,6.0,0.0,0.0,2.0,1.0,0.0,0.0,0.0,0.4,3.0,0.667,0.0,0.0,,,,,,,,,,,,,,,,,3.0,0.333,0.0,0.667,0.0,2.0,0.333,3.0,0.667,,2.0,0.667,0.0,2.0,1.0,0.75,1.0,0.222,1.0,0.0,0.0,0.111,0.111,1.0,0.5,1.0,0.444,2.0,0.0,0.111,3.0,0.333,0.0,0.667,0.75,1.0,4.0,0.5,2.0,1.0,1.0,3.0,0.75,0.5,1.0,1.0,2.0,0.0,0.0,0.0,0.0,0.65,0.667,0.0,6.0,0.0,0.0,,0.0,0.0,0.0,0.0,4.0,0.75,0.0,0.0,0.0,0.0,0.0,2.0,0.0,0.0,3.0,,0.0,,3.0,0.0,3.0,0.667,G,29.0,21.0,0.14,0.724,0.578,0.146,1.0,0.667,,0.667,0.0,,,3.0,0.0,2.0,,0.0,,,0.0,2.0,0.0,1.0,3.0,0.0,1.0,0.0,0.0,1.0,0.0,BOS,0.0,2.0,3.0,0.667,3.0,2.0,1.0,2.0,2014,21300767,,MIL,BOS,20140210.0,2013-14,False,BOS,MIL,,,,,,,,,,,,,,,,,,,,,,,,,,,,,,,,,,,,,,,,,,,,,,,,,,,,,,,,,,,,,,,,,,,,,,,,,,,,,,,,,,,,,,,,,
203515,Phil Pressey,Phil,1610612738,BOS,23.0,1,0,1,0.0,8.0,0,1,0.0,0,1,0.0,0,0,0.0,0,1,1,0,0,0,0,0,0,0,0,6,1.2,0,0,1.0,1,52,52,52,91,91,92,91,44,51,44,57,61,57,62,63,79,74,64,44,33,1,1,73,94,26,96,10,1,97,,1,0.071,1.0,137.1,140.0,107.1,0.0,0.125,4,0.0,15,0.0,99,36,51,0.0,52,72.5,91,140.0,9,87.96,89,11,0.0,94,0.0,30,87.0,107.1,107.1,62,94,0.0,95,87.0,91,0.0,1,32.9,29.9,0.058,0.0,4,24,9,74,24,94,92,74,4,32.9,0.059,99,0.0,0.0,0.0,0.125,0.0,8.0,0.0,1.0,6.0,1.0,0.0,0.0,0.0,0.0,0.0,0.0,0.0,0.0,0.0,0.0,0.0,0.0,0.0,0.0,0.0,0.0,0.0,0.0,0.0,9.0,0.0,0.6,0.0,0.0,4.08,0.0,0.0,3.0,0.0,3.33,0.0,3.5,2.0,3.5,1.0,0.0,0.5,0.0,0.0,0.0,0.5,2.0,0.0,0.0,1.0,0.0,0.0,0.0,0.0,0.5,0.0,0.5,0.0,0.0,,,,,,,,,,,,,,,,,,,,,,,,,,,,,,,,,,,,,,,,,,,1.0,0.0,0.0,0.0,1.0,1.0,,0.0,0.0,0.0,1.0,0.0,0.0,0.0,0.0,0.0,,,,0.0,0.0,0.0,0.0,0.0,0.0,0.0,0.0,0.0,0.0,0.0,,,0.0,,0.0,0.0,1.0,0.0,,,,,0.0,0.0,,,0.0,,,,0.0,0.0,0.0,0.0,G,32.0,22.0,0.143,0.688,0.583,0.104,0.0,0.0,,0.0,,,,1.0,0.0,0.0,,0.0,,,0.0,0.0,0.0,0.0,0.0,0.0,0.0,,,0.0,0.0,BOS,0.0,0.0,1.0,0.0,1.0,0.0,0.0,0.0,2014,21300845,,UTA,BOS,20140224.0,2013-14,False,BOS,UTA,,,,,,,,,,,,,,,,,,,,,,,,,,,,,,,,,,,,,,,,,,,,,,,,,,,,,,,,,,,,,,,,,,,,,,,,,,,,,,,,,,,,,,,,,
203515,Phil Pressey,Phil,1610612738,BOS,23.0,1,0,1,0.0,9.516666666666667,0,1,0.0,0,1,0.0,0,0,0.0,0,2,2,3,1,0,0,0,0,1,0,0,5.9,0,0,5.0,1,96,96,96,162,162,171,162,69,89,69,114,119,114,102,84,113,36,75,79,67,1,1,88,165,88,156,18,1,158,,155,0.1,1.0,98.4,105.3,104.2,0.087,0.25,88,20.0,19,0.0,83,29,67,0.0,16,81.96,162,105.3,82,99.67,90,103,3.0,173,0.333,80,98.35,100.0,100.0,102,165,0.0,61,98.35,162,60.0,154,5.3,-5.7,0.09,0.0,127,56,82,17,56,172,171,3,88,5.3,0.087,83,20.0,5.0,1.0,0.222,8.0,18.0,0.167,0.0,17.0,4.0,0.0,0.0,0.0,0.0,0.0,0.0,0.0,0.0,0.0,0.0,0.0,0.0,0.0,0.0,0.0,0.0,0.0,0.0,0.0,22.0,0.0,2.0,0.0,0.0,5.58,0.0,0.0,6.0,0.0,6.09,0.0,11.5,3.0,11.5,2.0,0.0,0.5,0.0,0.0,0.0,0.667,4.0,0.0,0.0,2.0,0.0,0.0,0.0,0.0,0.5,1.0,0.667,0.0,0.0,,,,,,,,,,,,,,,,,,,,,,,,,,,,,,,,,,,,,,,,,,,1.0,0.0,0.0,0.0,1.0,1.0,,0.0,0.0,0.0,1.0,0.0,0.0,0.0,0.0,0.0,,,,0.0,0.0,0.0,0.0,0.0,0.0,0.0,0.0,0.0,0.0,0.0,,0.0,0.0,,0.0,0.0,1.0,0.0,,,,,0.0,0.0,,,0.0,0.0,,0.0,0.0,0.0,0.0,0.0,G,36.0,24.0,0.157,0.667,0.581,0.086,0.0,0.0,,0.0,0.0,,0.0,1.0,0.0,0.0,0.0,0.0,,0.0,0.0,0.0,0.0,0.0,0.0,0.0,0.0,0.0,0.0,0.0,0.0,BOS,0.0,0.0,1.0,0.0,1.0,0.0,0.0,0.0,2014,21300877,,BOS,IND,20140301.0,2013-14,False,BOS,IND,,,,,,,,,,,,,,,,,,,,,,,,,,,,,,,,,,,,,,,,,,,,,,,,,,,,,,,,,,,,,,,,,,,,,,,,,,,,,,,,,,,,,,,,,
203515,Phil Pressey,Phil,1610612738,BOS,23.0,1,1,0,1.0,14.816666666666666,0,2,0.0,0,2,0.0,0,0,0.0,0,1,1,6,0,2,1,0,5,0,0,6,19.2,0,0,13.0,1,1,1,1,135,154,143,154,79,72,79,98,107,98,103,120,139,17,123,12,21,1,161,142,162,36,93,24,3,114,,1,0.029,2.0,105.7,114.3,88.1,0.07,0.056,52,0.0,28,0.0,143,137,154,0.0,89,76.94,154,114.3,21,96.86,105,31,0.0,171,0.545,29,92.33,89.7,89.7,103,162,0.0,108,92.33,154,75.0,1,24.6,17.6,0.058,0.0,91,33,21,3,33,170,143,4,52,24.6,0.059,143,0.0,9.0,0.0,0.242,13.0,33.0,0.182,2.0,31.0,8.0,0.0,0.0,0.0,0.0,0.0,0.0,0.0,0.0,0.0,0.0,0.0,0.0,0.0,0.0,0.0,0.0,0.0,0.0,0.0,35.0,0.0,2.7,0.0,0.0,4.55,0.0,0.0,11.0,0.0,4.54,1.0,1.1,2.0,1.1,0.0,0.0,0.333,0.0,0.0,0.0,0.5,3.0,0.0,0.0,0.0,0.0,1.0,0.0,1.0,0.333,1.0,0.5,1.0,0.0,,,,,,,,,,,,,,,,,,,,,,,,,,,,,,,,,,,,,,,,,,,1.0,0.0,0.0,0.0,2.0,1.0,,0.0,0.0,0.0,2.0,0.0,0.0,0.0,0.0,0.0,,,,0.0,0.0,0.0,0.0,0.0,0.0,0.0,0.0,0.0,0.0,0.0,0.0,0.0,0.0,0.0,0.0,0.0,2.0,0.0,0.0,0.0,0.0,0.0,0.0,0.0,0.0,0.0,0.0,0.0,0.0,0.0,0.0,0.0,0.0,0.0,G,38.0,25.0,0.158,0.658,0.581,0.077,0.0,0.0,,0.0,,,0.0,1.0,0.0,0.0,0.0,0.0,,0.0,0.0,0.0,0.0,1.0,0.0,0.0,0.0,,,0.0,0.0,BOS,0.0,0.0,1.0,0.0,1.0,0.0,0.0,0.0,2014,21300937,,BOS,DET,20140309.0,2013-14,False,BOS,DET,,,,,,,,,,,,,,,,,,,,,,,,,,,,,,,,,,,,,,,,,,,,,,,,,,,,,,,,,,,,,,,,,,,,,,,,,,,,,,,,,,,,,,,,,
203515,Phil Pressey,Phil,1610612738,BOS,23.0,1,0,1,0.0,7.25,0,1,0.0,0,0,0.0,0,0,0.0,0,0,0,2,1,0,0,0,0,0,0,-3,2.0,0,0,2.0,1,79,79,79,134,126,131,126,57,87,57,86,90,86,70,125,130,50,48,57,38,1,1,111,132,92,139,8,1,137,,135,0.0,1.0,79.3,78.6,91.4,0.0,0.0,140,25.0,14,0.0,76,125,130,0.0,22,80.0,126,78.6,115,96.66,126,103,2.0,117,0.5,44,96.0,93.3,93.3,70,132,0.0,60,96.0,126,50.0,135,-14.8,-12.1,0.126,0.0,137,46,115,4,46,114,131,6,140,-14.8,0.125,76,25.0,4.0,0.0,0.1,3.0,10.0,0.2,0.0,11.0,1.0,0.0,0.0,0.0,0.0,0.0,0.0,0.5,0.0,0.0,1.0,0.5,2.0,0.0,0.0,0.0,1.0,0.0,0.0,0.0,12.0,0.0,0.9,0.0,0.0,4.73,0.0,0.0,2.0,0.0,5.58,,,,,,,,,,,,,,,,,,,,,,,,,,,,,,,,,,,,,,,,,1.0,1.0,0.0,0.0,0.0,0.0,1.0,1.0,0.0,,0.0,0.0,0.0,,,,,,,,,,,,,,,,,,,,,,,,,,,0.0,,0.0,0.0,0.0,,,1.0,0.0,0.0,0.0,0.0,0.0,0.0,0.0,0.0,0.0,0.0,,0.0,,0.0,0.0,0.0,0.0,0.0,0.0,0.0,0.0,0.0,0.0,,,0.0,,0.0,,1.0,0.0,0.0,0.0,G,38.0,25.0,0.158,0.658,0.581,0.077,1.0,0.0,,0.0,,,,0.0,0.0,0.0,,0.0,,,0.0,0.0,0.0,0.0,0.0,0.0,0.0,,,0.0,0.0,BOS,0.0,0.0,0.0,,,,,0.0,2014,21300950,,IND,BOS,20140311.0,2013-14,False,BOS,IND,,,,,,,,,,,,,,,,,,,,,,,,,,,,,,,,,,,,,,,,,,,,,,,,,,,,,,,,,,,,,,,,,,,,,,,,,,,,,,,,,,,,,,,,,
203515,Phil Pressey,Phil,1610612738,BOS,23.0,1,0,1,0.0,35.21666666666667,3,9,0.333,1,2,0.5,2,4,0.5,1,4,5,5,3,1,0,1,0,2,9,-11,22.5,0,0,22.0,1,118,118,118,32,105,82,151,50,88,28,61,40,104,55,61,67,19,22,38,61,164,1,72,106,202,86,23,1,84,,170,0.07,9.0,105.7,106.3,120.6,0.067,0.118,106,15.8,64,0.027,199,119,124,0.418,36,73.83,105,106.3,159,88.49,147,169,1.67,112,0.238,187,88.59,119.7,119.7,106,157,3.0,193,88.59,148,26.3,167,-13.4,-15.0,0.19,0.389,111,191,159,31,191,106,82,39,106,-13.4,0.192,199,16.0,7.0,0.0,0.089,12.0,56.0,0.089,0.0,65.0,5.0,0.0,3.0,0.571,1.0,0.286,0.0,0.0,4.0,2.0,0.0,0.143,7.0,0.5,2.0,0.333,1.0,4.0,0.0,0.0,75.0,9.0,6.0,0.0,0.0,4.82,0.0,0.0,24.0,0.12,4.83,0.0,10.2,7.0,9.1,4.0,1.0,0.5,1.0,0.0,0.333,0.667,10.0,0.0,1.0,5.0,0.0,0.0,0.333,0.0,0.556,3.0,0.571,0.0,14.8,,,,,,,,,,,,,,,,,4.0,0.5,0.0,0.5,0.0,2.0,0.5,4.0,0.5,,2.0,0.5,0.0,2.0,0.0,0.0,0.0,0.25,0.0,0.0,0.0,0.0,0.25,2.0,0.0,,0.25,1.0,0.0,0.0,2.0,0.25,,0.5,0.75,0.0,2.0,0.5,1.0,0.0,0.0,0.0,0.0,0.0,,0.0,2.0,0.0,0.0,0.0,0.0,0.389,0.333,0.0,3.0,0.0,0.0,0.0,0.0,0.0,0.0,2.0,2.0,0.5,0.0,0.0,0.0,0.0,0.0,2.0,0.0,0.0,1.0,0.0,0.0,0.0,1.0,0.0,4.0,0.5,G,41.0,28.0,0.163,0.683,0.581,0.102,0.0,0.5,,0.4,,,0.0,2.0,0.0,2.0,0.0,0.0,,0.0,0.0,1.0,0.0,1.0,5.0,1.0,0.0,,,0.0,0.0,BOS,0.0,0.0,3.0,0.5,2.0,1.0,0.5,1.0,2014,21300962,,BOS,NYK,20140312.0,2013-14,False,BOS,NYK,,,,,,,,,,,,,,,,,,,,,,,,,,,,,,,,,,,,,,,,,,,,,,,,,,,,,,,,,,,,,,,,,,,,,,,,,,,,,,,,,,,,,,,,,
203515,Phil Pressey,Phil,1610612738,BOS,23.0,1,0,1,0.0,13.616666666666667,0,2,0.0,0,1,0.0,2,2,1.0,0,1,1,5,1,0,0,0,2,1,2,11,9.7,0,0,8.0,1,105,105,105,160,178,172,178,78,91,78,43,59,1,101,139,151,25,79,106,62,1,97,103,169,39,150,18,1,155,,129,0.028,2.0,104.9,107.4,70.2,0.082,0.056,70,11.1,27,0.0,138,156,169,0.347,5,79.31,178,107.4,14,93.91,117,19,5.0,178,0.455,10,95.18,66.7,66.7,101,159,0.0,146,95.18,178,55.6,123,40.7,34.7,0.115,0.0,82,8,14,5,8,170,172,1,70,40.7,0.118,138,11.3,10.0,0.0,0.192,11.0,26.0,0.192,0.0,27.0,5.0,0.0,0.0,0.0,0.0,0.0,0.0,0.333,0.0,0.0,1.0,0.667,3.0,0.0,0.0,0.0,2.0,0.0,0.0,0.0,30.0,2.0,2.6,0.0,0.0,5.11,0.0,0.0,11.0,0.067,5.63,0.0,6.7,3.0,6.7,1.0,1.0,0.2,1.0,0.0,0.0,0.5,5.0,0.0,0.0,1.0,0.0,0.0,0.0,0.0,0.25,2.0,0.333,0.0,0.0,,,,,,,,,,,,,,,,,1.0,0.5,0.0,0.0,0.0,0.0,0.5,1.0,0.0,,0.0,0.0,0.0,,,,,,,,,,,,,,0.5,0.0,0.0,0.0,1.0,0.5,,0.0,0.0,0.0,1.0,0.0,0.0,0.0,0.0,0.0,0.0,0.0,,0.0,1.0,0.0,0.0,0.0,0.0,0.0,0.0,0.0,0.0,0.0,0.0,0.0,0.0,0.0,0.0,1.0,1.0,0.0,0.0,0.0,0.0,0.0,0.0,0.0,0.0,0.0,0.0,0.0,0.0,0.0,0.0,0.0,0.0,0.0,G,42.0,29.0,0.165,0.69,0.582,0.109,0.0,0.0,,0.0,,,0.0,0.0,0.0,0.0,0.0,0.0,,0.0,0.0,0.0,0.0,1.0,0.0,0.0,0.0,,,0.0,0.0,BOS,0.0,1.0,1.0,0.0,1.0,0.0,0.0,0.0,2014,21300975,,BOS,PHX,20140314.0,2013-14,False,BOS,PHX,,,,,,,,,,,,,,,,,,,,,,,,,,,,,,,,,,,,,,,,,,,,,,,,,,,,,,,,,,,,,,,,,,,,,,,,,,,,,,,,,,,,,,,,,
203515,Phil Pressey,Phil,1610612738,BOS,23.0,1,0,1,0.0,8.483333333333333,1,1,1.0,1,1,1.0,0,0,0.0,0,2,2,4,0,0,0,0,2,0,3,4,11.4,0,0,10.0,1,96,96,96,163,135,166,1,43,83,1,101,109,101,90,93,110,32,118,85,57,1,82,133,139,69,125,16,1,127,,1,0.167,1.0,139.8,138.9,114.6,0.163,0.286,5,0.0,18,0.0,36,17,26,1.5,90,84.87,135,138.9,35,102.41,39,26,0.0,181,0.444,122,101.85,116.7,116.7,90,1,1.0,27,101.85,1,80.0,1,22.2,25.2,0.05,1.5,7,128,35,8,128,181,166,1,5,22.2,0.05,36,0.0,7.0,1.0,0.263,12.0,19.0,0.211,0.0,18.0,5.0,0.0,0.0,0.0,0.0,0.0,0.0,1.0,0.0,0.0,1.0,0.0,1.0,0.0,0.0,0.0,0.0,0.0,0.0,0.0,21.0,3.0,1.5,0.0,0.0,4.2,0.0,0.0,5.0,0.143,4.29,0.0,18.0,2.0,18.0,2.0,0.0,1.0,0.0,0.0,0.0,1.0,2.0,0.0,0.0,2.0,0.0,0.0,0.0,0.0,1.0,0.0,1.0,0.0,0.0,,,,,,,,,,,,,,,,,,,,,,,,,,,,,,,,,,,,,,,,,,,1.0,1.0,0.0,0.0,1.0,1.0,,1.0,1.5,0.0,1.0,1.0,1.0,0.0,0.0,0.0,,,,0.0,0.0,0.0,0.0,0.0,0.0,1.5,1.0,0.0,3.0,0.0,0.0,0.0,0.0,0.0,0.0,0.0,1.0,1.0,0.0,0.0,0.0,0.0,0.0,0.0,0.0,0.0,1.0,0.0,0.0,0.0,0.0,0.0,0.0,0.0,G,44.0,30.0,0.169,0.682,0.583,0.099,0.0,1.0,,0.0,,,0.0,1.0,0.0,0.0,0.0,0.0,,0.0,0.0,1.0,0.0,0.0,0.0,0.0,0.0,,,0.0,0.0,BOS,0.0,0.0,1.0,1.0,1.0,1.0,1.5,1.0,2014,21300990,,NOP,BOS,20140316.0,2013-14,False,BOS,NOP,,,,,,,,,,,,,,,,,,,,,,,,,,,,,,,,,,,,,,,,,,,,,,,,,,,,,,,,,,,,,,,,,,,,,,,,,,,,,,,,,,,,,,,,,
203515,Phil Pressey,Phil,1610612738,BOS,23.0,1,0,1,0.0,13.433333333333334,1,2,0.5,0,1,0.0,0,0,0.0,0,1,1,5,1,2,0,0,0,0,2,11,15.7,0,0,12.0,1,137,137,137,199,190,207,84,100,116,100,142,149,142,132,169,181,28,87,12,73,1,1,183,205,51,146,14,3,167,,169,0.043,2.0,148.0,150.0,109.3,0.137,0.071,6,12.5,24,0.0,232,175,185,0.5,11,71.46,190,150.0,21,84.33,81,31,5.0,219,0.357,151,85.76,104.2,104.2,132,145,1.0,238,85.76,107,62.5,169,45.8,38.8,0.114,0.5,4,127,21,23,127,217,207,4,6,45.8,0.115,232,12.5,6.0,0.0,0.286,10.0,21.0,0.238,1.0,21.0,6.0,0.0,0.0,0.0,0.0,0.0,0.0,0.25,0.0,0.0,1.0,0.75,4.0,0.0,0.0,0.0,3.0,0.0,0.0,1.0,25.0,2.0,1.7,0.0,0.0,4.08,0.0,0.0,12.0,0.08,4.28,0.0,12.0,4.0,12.0,1.0,0.0,0.2,0.0,0.0,0.0,0.25,5.0,0.0,0.0,1.0,0.0,0.0,0.0,0.0,0.2,1.0,0.25,0.0,0.0,1.0,0.0,1.0,0.5,0.0,0.0,1.0,1.0,1.0,BOS,1.0,0.5,1.0,1.0,1610612738.0,,,,,,,,,,,,,,,,,,,,,,,,,,,,0.5,0.0,0.0,0.0,1.0,0.5,,0.0,0.0,0.0,1.0,0.0,0.0,0.0,0.0,0.0,,,,0.0,0.0,0.0,0.0,0.0,0.0,0.5,0.0,1.0,0.0,0.0,0.0,0.0,0.0,0.0,0.0,0.0,0.0,0.0,,0.0,,,0.0,1.0,0.0,1.0,0.0,0.0,1.0,0.0,0.0,0.0,1.0,1.0,G,48.0,33.0,0.173,0.688,0.591,0.097,0.0,0.0,,1.0,,,0.0,0.0,0.0,1.0,0.0,0.0,,0.0,0.0,0.0,0.0,1.0,1.0,0.0,0.0,,,0.0,0.0,BOS,0.0,0.0,1.0,0.0,1.0,0.0,0.0,0.0,2014,21301076,,TOR,BOS,20140328.0,2013-14,False,BOS,TOR,,,,,,,,,,,,,,,,,,,,,,,,,,,,,,,,,,,,,,,,,,,,,,,,,,,,,,,,,,,,,,,,,,,,,,,,,,,,,,,,,,,,,,,,,
203515,Phil Pressey,Phil,1610612738,BOS,23.0,1,0,1,0.0,36.43,5,8,0.625,2,4,0.5,0,0,0.0,1,1,2,11,1,2,0,0,5,2,12,9,35.9,1,0,31.0,1,62,62,62,18,37,54,28,14,18,14,68,75,68,36,84,80,2,39,7,28,1,116,38,40,20,16,1,1,20,,49,0.031,8.0,137.3,136.1,119.0,0.105,0.029,4,5.0,72,0.032,30,103,99,0.75,1,79.6,37,136.1,28,96.29,54,20,11.0,109,0.324,91,95.53,121.9,121.9,58,16,5.0,24,95.53,14,55.0,49,14.2,18.2,0.109,0.75,5,99,28,16,99,108,54,1,4,14.2,0.107,30,5.0,16.0,1.0,0.16,28.0,81.0,0.136,1.0,86.0,13.0,0.0,2.0,0.182,1.0,0.0,0.0,0.091,0.0,0.0,1.0,0.636,11.0,0.0,0.0,0.5,7.0,2.0,1.0,1.0,94.0,12.0,7.0,2.0,2.0,4.49,0.0,0.0,41.0,0.128,3.82,1.0,6.6,8.0,10.9,1.0,0.0,0.154,1.0,1.0,0.2,0.125,13.0,1.0,0.0,1.0,1.0,0.0,0.25,0.0,0.167,5.0,0.125,0.5,2.2,1.0,0.0,1.0,0.25,0.0,0.0,2.0,2.0,2.0,BOS,1.0,0.25,1.0,2.0,1610612738.0,,2.0,0.25,0.0,0.5,0.0,1.0,0.25,2.0,0.5,,1.0,0.5,0.0,1.0,1.0,1.5,1.0,0.125,1.0,0.0,,0.125,0.0,0.0,1.0,1.0,0.375,1.0,0.0,0.0,3.0,0.375,,0.333,0.5,0.0,3.0,0.333,1.0,0.0,1.0,0.0,0.0,0.0,0.0,0.0,1.0,0.0,1.0,2.0,0.0,0.75,0.667,1.0,6.0,2.0,0.0,0.0,0.0,0.0,0.0,0.0,4.0,0.5,0.0,0.0,0.0,0.0,0.0,3.0,0.0,0.0,2.0,0.0,0.0,0.0,0.0,0.0,4.0,0.75,G,52.0,36.0,0.173,0.692,0.592,0.1,0.0,0.5,,0.75,,,0.0,4.0,0.0,3.0,0.0,0.0,,0.0,0.0,2.0,0.0,0.0,4.0,0.0,0.0,,,0.0,0.0,BOS,0.0,0.0,3.0,0.667,3.0,2.0,1.0,2.0,2014,21301146,,DET,BOS,20140405.0,2013-14,False,BOS,DET,,,,,,,,,,,,,,,,,,,,,,,,,,,,,,,,,,,,,,,,,,,,,,,,,,,,,,,,,,,,,,,,,,,,,,,,,,,,,,,,,,,,,,,,,
203515,Phil Pressey,Phil,1610612738,BOS,24.0,1,1,0,1.0,20.246666666666663,1,7,0.143,0,1,0.0,3,4,0.75,0,3,3,2,3,3,0,3,2,4,5,-7,17.6,0,0,16.0,1,1,1,1,134,142,110,170,84,95,84,34,33,67,103,79,106,69,17,5,69,206,91,22,133,155,105,16,2,112,,188,0.061,7.0,79.5,80.5,87.5,0.023,0.125,181,21.4,41,0.0,84,100,136,0.285,82,82.98,142,80.5,141,103.41,166,119,0.67,45,0.182,41,99.57,93.0,93.0,103,172,1.0,40,99.57,172,14.3,187,-12.5,-8.0,0.258,0.143,183,58,141,56,58,45,110,91,181,-12.5,0.255,84,21.8,7.0,1.0,0.067,6.0,45.0,0.044,0.0,49.0,3.0,0.0,3.0,0.273,0.0,0.182,0.0,0.0,4.0,3.0,0.0,0.545,11.0,0.75,2.0,0.0,6.0,3.0,2.0,1.0,58.0,5.0,4.4,0.0,0.0,4.56,0.0,0.0,27.0,0.086,5.1,0.0,9.8,7.0,9.8,2.0,1.0,0.25,1.0,0.0,0.0,0.5,12.0,0.0,0.0,2.0,0.0,0.0,0.0,0.0,0.273,5.0,0.429,0.0,0.0,,,,,,,,,,,,,,,,,,,,,,,,,,,,,,2.0,0.0,0.5,0.0,0.5,1.0,1.0,0.5,0.0,0.5,2.0,0.5,,0.5,0.0,0.0,0.25,1.0,0.25,0.0,0.0,0.0,1.0,2.0,0.0,0.0,0.0,0.0,0.0,0.0,0.0,,0.0,1.0,0.0,0.0,0.0,0.0,0.143,0.0,0.0,0.0,0.0,0.0,0.0,0.0,0.0,0.0,0.0,1.0,0.0,,0.0,,,0.0,1.0,0.0,0.0,0.0,0.0,0.0,0.0,1.0,0.0,5.0,0.2,G,27.0,23.0,0.166,0.852,0.562,0.29,1.0,0.0,,0.2,,,0.0,1.0,0.0,1.0,0.0,0.0,,0.0,0.0,0.0,0.0,0.0,5.0,0.0,0.0,,,0.0,0.0,BOS,0.0,0.0,1.0,0.0,1.0,0.0,0.0,0.0,2015,21400992,,BOS,PHI,20150316.0,2014-15,False,BOS,PHI,1.0,4.0,9.0,0.444,0.392,0.053,0.333,1.0,3.0,0.333,0.325,0.009,0.667,3.0,6.0,0.5,0.418,0.083,0.222,2.0,2.0,1.0,0.503,0.498,0.444,3.0,4.0,0.75,0.457,0.293,0.444,1.0,4.0,0.25,0.338,-0.088,58.0,0.0,0.0,0.0,0.0,0.0,0.0,0.0,0.0,0.0,0.0,0.0,0.0,0.0,0.0,0.0,0.0,0.0,20.25,8293.0,1.57,0.84,0.73,4.75,4.54,4.36,,,,,,,,,,,,,,,,,,,,,,,,,,,
203515,Phil Pressey,Phil,1610612738,BOS,24.0,1,0,1,0.0,12.98,2,7,0.286,1,2,0.5,0,0,0.0,0,2,2,3,2,1,1,0,1,0,5,-1,15.9,0,0,15.0,1,85,85,85,142,103,84,125,29,60,24,96,106,96,91,78,100,32,31,26,18,1,41,124,109,81,97,14,1,96,,135,0.053,7.0,87.4,100.0,102.3,0.085,0.083,106,16.7,26,0.0,70,112,113,0.357,34,80.12,103,100.0,86,103.84,89,113,1.5,18,0.333,76,96.15,103.8,103.8,91,124,2.0,25,96.15,116,25.0,133,-3.8,-14.9,0.293,0.357,145,76,86,13,76,16,84,39,106,-3.8,0.29,70,16.7,4.0,0.0,0.087,4.0,23.0,0.13,0.0,27.0,2.0,0.0,2.0,0.0,0.0,0.0,0.0,0.0,0.0,0.0,0.0,0.6,5.0,0.0,0.0,0.0,3.0,0.0,0.0,0.0,34.0,5.0,2.8,0.0,0.0,4.99,0.0,0.0,13.0,0.147,4.76,0.0,17.1,4.0,17.1,2.0,0.0,0.25,0.0,0.0,0.0,0.5,8.0,0.0,0.0,2.0,0.0,0.0,0.0,0.0,0.25,4.0,0.5,0.0,0.0,0.0,0.0,1.0,0.143,0.0,0.0,0.0,0.0,1.0,,0.0,0.143,0.0,1.0,,,1.0,0.143,0.0,0.0,0.0,0.0,0.143,1.0,0.0,,0.0,0.0,0.0,4.0,1.0,0.25,0.0,0.571,1.0,1.0,0.333,0.143,0.429,3.0,0.25,0.0,0.143,1.0,0.0,0.0,1.0,0.143,,1.0,1.5,0.0,1.0,1.0,1.0,1.0,2.0,3.0,0.3,0.2,0.5,1.0,5.0,0.0,0.0,0.0,0.0,0.357,0.0,0.0,0.0,0.0,0.0,,0.0,,0.0,0.0,2.0,0.5,0.0,0.0,0.0,0.0,0.0,1.0,,,1.0,,0.0,,3.0,0.0,2.0,0.5,G,14.0,12.0,0.151,0.857,0.556,0.301,2.0,0.5,,0.5,,,,2.0,0.0,1.0,,0.0,,,0.0,1.0,0.0,1.0,2.0,0.0,0.0,,,0.0,0.0,BOS,0.0,0.0,0.0,,0.0,0.0,,0.0,2015,21400496,,CHI,BOS,20150103.0,2014-15,False,BOS,CHI,1.0,1.0,6.0,0.167,0.447,-0.28,0.333,0.0,2.0,0.0,0.382,-0.382,0.667,1.0,4.0,0.25,0.477,-0.227,0.333,0.0,2.0,0.0,0.581,-0.581,0.5,0.0,3.0,0.0,0.503,-0.503,0.5,1.0,3.0,0.333,0.349,-0.016,34.0,0.0,0.0,0.0,0.0,0.0,0.0,0.0,0.0,0.0,0.0,0.0,0.0,0.0,0.0,0.0,0.0,0.0,12.98,5185.0,0.98,0.48,0.5,4.62,4.96,4.34,,,,,,,,,,,,,,,,,,,,,,,,,,,
203515,Phil Pressey,Phil,1610612738,BOS,24.0,1,1,0,1.0,1.0666666666666669,1,1,1.0,0,0,0.0,0,0,0.0,0,0,0,0,0,0,0,0,1,0,2,-3,2.0,0,0,2.0,1,1,1,1,240,186,227,1,97,159,97,115,127,115,140,209,222,180,162,126,76,1,49,172,196,143,226,19,2,225,,1,0.0,1.0,100.0,66.7,215.5,0.25,0.0,229,0.0,3,0.0,6,209,222,1.0,128,93.75,186,66.7,239,97.2,10,239,0.0,1,0.0,239,112.5,250.0,250.0,140,4,1.0,89,112.5,1,0.0,1,-183.3,-115.5,0.5,1.0,138,242,239,180,242,6,227,180,229,-183.3,0.333,6,0.0,0.0,0.0,0.0,0.0,1.0,0.0,0.0,2.0,0.0,0.0,1.0,2.0,1.0,0.0,0.0,0.0,0.0,0.0,0.0,0.0,1.0,0.0,0.0,1.0,0.0,2.0,0.0,0.0,3.0,2.0,0.5,0.0,0.0,10.31,0.0,0.0,1.0,0.667,4.0,,,,,,,,,,,,,,,,,,,,,,,,,,,,,,,,,,,,,,,,,,,,,,,,,,,,,,1.0,0.0,1.0,0.0,1.0,1.0,1.0,1.0,0.0,1.0,1.0,1.0,,,,,,,,,,,,,,,0.0,,0.0,,,,,0.0,0.0,0.0,0.0,0.0,1.0,0.0,0.0,0.0,0.0,0.0,,,0.0,,,0.0,0.0,,0.0,,,,1.0,0.0,0.0,0.0,,0.0,,,,1.0,1.0,G,20.0,17.0,0.159,0.85,0.562,0.288,,0.0,,1.0,,,,0.0,,1.0,,,,,,0.0,,0.0,1.0,,0.0,,,0.0,,BOS,,,0.0,,,,,0.0,2015,21400750,,BOS,PHI,20150206.0,2014-15,False,BOS,PHI,1.0,1.0,1.0,1.0,0.422,0.578,,,,,,,1.0,1.0,1.0,1.0,0.525,0.475,,,,,,,1.0,1.0,1.0,1.0,0.556,0.444,,,,,,,3.0,0.0,0.0,0.0,0.0,0.0,0.0,0.0,0.0,0.0,0.0,0.0,0.0,0.0,0.0,0.0,0.0,0.0,1.07,396.0,0.08,0.04,0.04,5.64,0.0,0.0,,,,,,,,,,,,,,,,,,,,,,,,,,,
203515,Phil Pressey,Phil,1610612738,BOS,24.0,1,0,1,0.0,6.476666666666667,1,2,0.5,0,1,0.0,0,0,0.0,0,1,1,1,1,1,0,0,0,0,2,-9,6.7,0,0,6.0,1,111,111,111,214,162,196,74,95,112,95,132,139,132,123,164,180,112,89,44,70,1,1,172,191,184,188,17,2,191,,201,0.077,2.0,66.3,66.7,120.6,0.154,0.25,221,25.0,15,0.0,4,23,117,0.5,60,95.73,162,66.7,220,114.28,50,221,1.0,131,0.5,197,114.87,118.8,118.8,123,122,1.0,4,114.87,93,25.0,201,-52.1,-54.2,0.176,0.5,222,188,220,6,188,120,196,44,221,-52.1,0.176,4,25.0,4.0,1.0,0.154,4.0,13.0,0.077,0.0,14.0,2.0,1.0,0.0,0.0,0.0,0.0,0.5,0.5,0.0,0.0,1.0,0.0,2.0,0.0,0.0,0.0,0.0,0.0,0.0,0.0,16.0,2.0,1.0,0.0,0.0,3.63,0.0,0.0,7.0,0.125,3.25,0.0,11.9,1.0,11.9,1.0,0.0,1.0,0.0,0.0,0.0,1.0,1.0,0.0,0.0,1.0,0.0,0.0,0.0,0.0,1.0,0.0,1.0,0.0,0.0,1.0,0.0,1.0,0.5,0.0,0.0,1.0,1.0,1.0,,1.0,0.5,1.0,1.0,,,,,,,,,,,,,,,,,,,,,,,,,,,,,0.5,0.0,0.0,0.0,1.0,0.5,,0.0,0.0,0.0,1.0,0.0,0.0,0.0,0.0,0.0,,,,0.0,0.0,0.0,0.0,0.0,0.0,0.5,0.0,0.0,0.0,0.0,0.0,0.0,0.0,0.0,0.0,0.0,1.0,0.0,,0.0,,,0.0,1.0,0.0,0.0,0.0,0.0,0.0,0.0,0.0,0.0,1.0,1.0,G,11.0,11.0,0.129,1.0,0.549,0.451,0.0,0.0,,1.0,,,0.0,1.0,0.0,1.0,0.0,0.0,,0.0,0.0,0.0,0.0,0.0,1.0,0.0,0.0,,,0.0,0.0,BOS,0.0,0.0,1.0,0.0,1.0,0.0,0.0,0.0,2015,21400418,,ORL,BOS,20141223.0,2014-15,False,BOS,ORL,1.0,3.0,3.0,1.0,0.437,0.563,,,,,,,1.0,3.0,3.0,1.0,0.475,0.525,0.333,1.0,1.0,1.0,0.476,0.524,0.667,2.0,2.0,1.0,0.515,0.485,,,,,,,16.0,0.0,0.0,0.0,0.0,0.0,0.0,0.0,0.0,0.0,0.0,0.0,0.0,0.0,0.0,0.0,0.0,0.0,6.48,2724.0,0.52,0.28,0.23,4.66,5.5,3.81,,,,,,,,,,,,,,,,,,,,,,,,,,,
203515,Phil Pressey,Phil,1610612738,BOS,24.0,1,1,0,1.0,17.463333333333335,3,7,0.429,0,2,0.0,1,1,1.0,0,1,1,4,1,0,0,0,0,4,7,13,13.2,0,0,12.0,1,1,1,1,91,57,64,59,54,49,54,45,58,1,71,94,104,22,49,59,48,1,1,12,70,19,91,5,1,91,,53,0.025,7.0,111.8,105.9,66.8,0.151,0.043,42,8.3,34,0.0,97,107,113,0.47,4,75.59,57,105.9,15,91.58,29,12,4.0,28,0.4,5,90.7,71.9,71.9,71,71,3.0,91,90.7,70,33.3,53,34.0,45.0,0.24,0.429,29,9,15,8,9,40,64,18,42,34.0,0.216,97,8.0,9.0,0.0,0.182,11.0,33.0,0.121,2.0,42.0,6.0,1.0,2.0,0.25,1.0,0.0,0.125,0.0,0.0,0.0,0.0,0.375,8.0,0.0,0.0,0.5,3.0,2.0,0.0,1.0,44.0,7.0,3.8,0.0,0.0,5.2,0.0,0.0,21.0,0.159,5.07,0.0,12.2,1.0,12.2,1.0,0.0,0.333,0.0,0.0,0.0,1.0,3.0,0.0,0.0,1.0,0.0,0.0,0.0,0.0,0.333,2.0,1.0,0.0,0.0,1.0,0.0,1.0,0.143,0.0,0.0,1.0,1.0,1.0,,1.0,0.143,1.0,1.0,,,3.0,0.429,0.0,0.667,0.0,2.0,0.429,3.0,0.667,,2.0,0.667,0.0,1.0,0.0,0.0,0.0,0.143,0.0,0.0,0.0,0.0,0.143,1.0,0.0,,0.286,0.0,0.0,0.0,2.0,0.286,,0.0,0.0,0.0,2.0,0.0,0.0,1.0,1.0,2.0,0.5,0.5,0.0,0.0,2.0,0.0,0.0,0.0,0.0,0.429,0.0,0.0,0.0,0.0,0.0,0.0,1.0,0.0,0.0,0.0,2.0,0.0,0.0,0.0,0.0,0.0,0.0,2.0,0.0,0.0,0.0,0.0,0.0,0.0,1.0,1.0,4.0,0.5,G,25.0,21.0,0.162,0.84,0.567,0.273,0.0,0.0,,0.5,,,0.0,1.0,0.0,2.0,0.0,0.0,,0.0,0.0,0.0,0.0,2.0,4.0,0.0,0.5,,,1.0,0.0,BOS,0.0,0.0,1.0,0.0,1.0,0.0,0.0,0.0,2015,21400976,,IND,BOS,20150314.0,2014-15,False,BOS,IND,1.0,2.0,5.0,0.4,0.434,-0.034,0.4,1.0,2.0,0.5,0.4,0.1,0.6,1.0,3.0,0.333,0.459,-0.126,0.2,1.0,1.0,1.0,0.564,0.436,0.2,1.0,1.0,1.0,0.5,0.5,0.8,1.0,4.0,0.25,0.401,-0.151,44.0,0.0,0.0,0.0,0.0,0.0,0.0,0.0,0.0,0.0,0.0,0.0,0.0,0.0,0.0,0.0,0.0,0.0,17.47,6482.0,1.23,0.65,0.58,4.13,4.22,4.04,,,,,,,,,,,,,,,,,,,,,,,,,,,
203515,Phil Pressey,Phil,1610612738,BOS,24.0,1,0,1,0.0,15.151666666666667,0,3,0.0,0,2,0.0,0,0,0.0,1,1,2,2,0,0,0,1,2,1,0,-6,5.4,0,0,4.0,1,130,130,130,196,222,205,222,99,86,99,138,149,138,65,161,148,75,167,109,78,166,100,132,225,192,221,23,1,224,,1,0.056,3.0,113.1,115.2,125.1,-0.024,0.071,59,0.0,33,0.045,23,171,159,0.0,129,87.12,222,115.2,197,108.91,228,175,0.0,236,0.167,221,104.54,133.3,133.3,95,225,0.0,12,104.54,222,40.0,1,-18.2,-12.0,0.074,0.0,74,235,197,85,235,234,205,20,59,-18.2,0.071,23,0.0,6.0,0.0,0.081,7.0,37.0,0.054,0.0,38.0,3.0,0.0,1.0,0.0,0.0,0.0,0.0,0.167,0.0,0.0,1.0,0.667,6.0,0.0,0.0,0.0,4.0,0.0,1.0,1.0,41.0,0.0,2.8,0.0,0.0,4.08,0.0,0.0,16.0,0.0,3.98,1.0,8.3,2.0,5.2,0.0,0.0,0.5,0.0,0.0,0.5,0.5,4.0,0.0,1.0,1.0,0.0,1.0,0.5,1.0,0.5,2.0,0.5,0.5,11.4,,,,,,,,,,,,,,,,,,,,,,,,,,,,,,1.0,1.0,0.0,0.0,0.5,0.0,0.0,,0.5,0.0,0.0,0.0,0.0,0.5,0.0,0.0,0.0,1.0,0.5,,0.0,0.0,0.0,1.0,0.0,0.0,0.0,1.0,0.0,0.0,0.0,0.0,0.0,1.0,0.0,0.0,0.0,0.0,0.0,0.0,0.0,0.0,0.0,0.0,0.0,0.0,0.0,0.0,0.0,2.0,0.0,0.0,0.0,0.0,0.0,0.0,0.0,0.0,0.0,0.0,0.0,0.0,0.0,0.0,0.0,1.0,0.0,G,3.0,3.0,0.075,1.0,0.553,0.447,0.0,0.0,,0.0,0.0,,0.0,1.0,0.0,0.0,0.0,0.0,,0.0,0.0,0.0,0.0,1.0,1.0,0.0,0.0,0.0,0.0,0.0,0.0,BOS,0.0,0.0,1.0,0.0,1.0,0.0,0.0,0.0,2015,21400223,,BOS,CHI,20141128.0,2014-15,False,BOS,CHI,1.0,2.0,6.0,0.333,0.414,-0.081,0.5,1.0,3.0,0.333,0.382,-0.049,0.5,1.0,3.0,0.333,0.435,-0.102,0.167,1.0,1.0,1.0,0.512,0.488,0.5,1.0,3.0,0.333,0.44,-0.107,0.5,1.0,3.0,0.333,0.371,-0.038,41.0,0.0,0.0,0.0,0.0,0.0,0.0,0.0,0.0,0.0,0.0,0.0,0.0,0.0,0.0,0.0,0.0,0.0,15.15,6263.0,1.19,0.63,0.56,4.76,4.59,4.95,,,,,,,,,,,,,,,,,,,,,,,,,,,
203515,Phil Pressey,Phil,1610612738,BOS,24.0,1,1,0,1.0,0.4883333333333333,0,0,0.0,0,0,0.0,0,0,0.0,0,0,0,0,0,0,0,0,0,0,0,-1,0.0,0,0,0.0,1,1,1,1,178,149,172,149,62,105,62,88,100,88,86,151,158,124,113,91,51,1,1,130,157,89,169,12,1,169,,1,0.0,0.0,0.0,0.0,75.8,0.0,0.0,172,0.0,3,0.0,1,151,158,0.0,90,163.82,149,0.0,175,114.02,148,173,0.0,175,0.0,30,196.59,100.0,100.0,86,157,0.0,2,196.59,149,0.0,1,-100.0,-75.8,0.0,0.0,172,84,175,124,84,175,172,124,172,-100.0,0.0,1,0.0,0.0,0.0,0.0,0.0,1.0,0.0,0.0,3.0,0.0,0.0,0.0,0.0,0.0,0.0,0.0,0.0,0.0,0.0,0.0,0.0,0.0,0.0,0.0,0.0,0.0,0.0,0.0,0.0,3.0,0.0,0.4,0.0,0.0,7.35,0.0,0.0,2.0,0.0,8.0,,,,,,,,,,,,,,,,,,,,,,,,,,,,,,,,,,,,,,,,,,,,,,,,,,,,,,,,,,,,,,,,,,,,,,,,,,,,,,,,0.0,,0.0,,,,,0.0,0.0,0.0,0.0,0.0,0.0,0.0,0.0,0.0,0.0,,,0.0,,,,,,,,,,,,,,,,,,0.0,0.0,,,G,21.0,18.0,0.157,0.857,0.565,0.292,,,,,,,,,,,,,,,,,,0.0,,,0.0,,,0.0,,BOS,,,0.0,,,,,0.0,2015,21400940,,MIA,BOS,20150309.0,2014-15,False,BOS,MIA,,,,,,,,,,,,,,,,,,,,,,,,,,,,,,,,,,,,,3.0,0.0,0.0,0.0,0.0,0.0,0.0,0.0,0.0,0.0,0.0,0.0,0.0,0.0,0.0,0.0,0.0,0.0,0.48,173.0,0.03,0.03,,0.0,0.0,0.0,,,,,,,,,,,,,,,,,,,,,,,,,,,
203515,Phil Pressey,Phil,1610612738,BOS,24.0,1,0,1,0.0,0.65,0,2,0.0,0,1,0.0,0,0,0.0,1,0,1,0,0,0,0,0,1,0,0,-2,1.2,0,0,1.0,1,45,45,45,89,74,70,74,37,42,37,51,54,51,24,70,61,61,58,43,22,1,23,66,75,52,82,11,1,82,,1,0.5,2.0,0.0,0.0,227.3,-5.0,0.0,89,0.0,1,0.5,11,70,2,0.0,47,92.31,74,0.0,90,69.42,91,90,0.0,1,0.0,90,110.77,100.0,100.0,1,75,0.0,90,110.77,74,0.0,1,-100.0,-227.3,1.0,0.0,89,43,90,61,43,1,70,61,89,-100.0,1.0,11,0.0,0.0,,0.0,0.0,0.0,0.0,0.0,1.0,0.0,0.0,1.0,0.0,0.0,0.0,0.0,0.0,0.0,0.0,0.0,0.0,1.0,0.0,0.0,0.0,0.0,0.0,0.0,0.0,2.0,0.0,0.2,0.0,0.0,4.82,0.0,0.0,1.0,0.0,5.5,0.0,30.8,0.0,0.0,0.0,0.0,1.0,0.0,0.0,1.0,0.0,1.0,0.0,1.0,1.0,0.0,0.0,1.0,0.0,1.0,1.0,0.0,0.0,30.8,0.0,0.0,1.0,0.5,0.0,0.0,0.0,0.0,1.0,,0.0,0.5,0.0,1.0,,,,,,,,,,,,,,,,,,,,,,,,,,,,,0.5,0.0,0.0,0.0,1.0,0.5,,0.0,0.0,0.0,1.0,0.0,0.0,0.0,1.0,0.0,0.0,0.0,0.0,0.0,1.0,0.0,0.0,0.0,0.0,0.0,0.0,0.0,0.0,0.0,,,0.0,,,,1.0,0.0,,,,,,0.0,,,0.0,,,,0.0,0.0,1.0,0.0,,,,,,,,0.0,0.0,,0.0,,,,1.0,,0.0,,,,,0.0,0.0,,,1.0,,,,,,0.0,BOS,,,0.0,,0.0,0.0,,0.0,2015,41400111,,CLE,BOS,20150419.0,2014-15,True,BOS,CLE,,,,,,,,,,,,,,,,,,,,,,,,,,,,,,,,,,,,,2.0,0.0,0.0,0.0,0.0,0.0,0.0,0.0,0.0,0.0,0.0,0.0,0.0,0.0,0.0,0.0,0.0,0.0,0.65,235.0,0.04,0.02,0.02,0.0,0.0,0.0,1610612739.0,BOS_CLE_2015,,,,,,,,,,,,,,,,,,,,,,,,,
203515,Phil Pressey,Phil,1610612738,BOS,24.0,1,1,0,1.0,2.466666666666667,1,2,0.5,1,1,1.0,0,0,0.0,0,1,1,0,0,0,0,0,0,0,3,-2,4.2,0,0,5.0,1,1,1,1,237,189,214,71,48,126,1,139,145,139,137,171,190,176,167,116,74,1,1,198,200,140,220,18,2,219,,1,0.2,2.0,60.0,60.0,105.0,0.6,0.5,239,0.0,5,0.0,119,2,12,0.75,133,81.08,189,60.0,228,94.96,3,238,0.0,3,0.0,153,97.3,100.0,100.0,137,31,1.0,156,97.3,20,0.0,1,-40.0,-45.0,0.4,0.75,241,114,228,176,114,2,214,176,239,-40.0,0.4,119,0.0,1.0,0.0,0.0,0.0,6.0,0.0,0.0,8.0,0.0,0.0,1.0,0.0,0.0,0.0,0.0,0.0,0.0,0.0,0.0,0.0,1.0,0.0,0.0,0.0,0.0,0.0,0.0,0.0,9.0,3.0,1.2,0.0,0.0,8.2,0.0,0.0,5.0,0.333,5.67,0.0,8.7,1.0,8.7,1.0,0.0,1.0,0.0,0.0,0.0,1.0,1.0,0.0,0.0,1.0,0.0,0.0,0.0,0.0,1.0,0.0,1.0,0.0,0.0,,,,,,,,,,,,,,,,,1.0,0.5,0.0,0.0,0.0,0.0,0.5,1.0,0.0,,0.0,0.0,0.0,1.0,1.0,1.5,1.0,0.5,1.0,0.0,,0.5,0.0,0.0,1.0,1.0,,,,,,,,,,,,,,0.0,0.0,0.0,,,,0.0,0.0,0.0,0.0,0.0,0.0,0.75,1.0,0.0,3.0,0.0,,0.0,0.0,,,,1.0,1.0,,,,,,0.0,,,1.0,0.0,,0.0,0.0,0.0,1.0,0.0,G,21.0,18.0,0.163,0.857,0.565,0.292,0.0,1.0,0.0,0.0,,0.0,0.0,1.0,,0.0,0.0,,0.0,0.0,0.0,1.0,,0.0,1.0,,0.0,,,0.0,0.0,BOS,,,1.0,1.0,1.0,1.0,1.5,1.0,2015,21400844,,BOS,NYK,20150225.0,2014-15,False,BOS,NYK,1.0,0.0,1.0,0.0,0.403,-0.403,1.0,0.0,1.0,0.0,0.363,-0.363,,,,,,,,,,,,,,,,,,,1.0,0.0,1.0,0.0,0.394,-0.394,9.0,0.0,0.0,0.0,0.0,0.0,0.0,0.0,0.0,0.0,0.0,0.0,0.0,0.0,0.0,0.0,0.0,0.0,2.47,648.0,0.12,0.08,0.04,2.42,3.56,0.0,,,,,,,,,,,,,,,,,,,,,,,,,,,
203515,Phil Pressey,Phil,1610612738,BOS,24.0,1,0,1,0.0,3.4,0,0,0.0,0,0,0.0,0,0,0.0,0,0,0,2,0,0,0,0,0,0,0,9,3.0,0,0,2.0,1,129,129,129,249,221,248,221,94,166,94,146,157,146,131,223,233,75,177,120,78,1,1,191,232,48,231,17,1,237,,1,0.0,0.0,146.3,150.0,33.3,0.138,0.0,1,0.0,8,0.0,5,223,233,0.0,137,100.0,221,150.0,1,121.41,70,1,0.0,251,0.5,5,120.0,33.3,33.3,131,232,0.0,3,120.0,221,100.0,1,116.7,113.0,0.0,0.0,2,5,1,5,5,251,248,1,1,116.7,0.0,5,0.0,4.0,0.0,0.4,4.0,5.0,0.4,0.0,5.0,2.0,0.0,0.0,0.0,0.0,0.0,0.0,0.0,0.0,0.0,0.0,0.0,0.0,0.0,0.0,0.0,0.0,0.0,0.0,0.0,5.0,0.0,0.4,0.0,0.0,4.52,0.0,0.0,1.0,0.0,5.0,,,,,,,,,,,,,,,,,,,,,,,,,,,,,,,,,,,,,,,,,,,,,,,,,,,,,,,,,,,,,,,,,,,,,,,,,,,,,,,,0.0,,0.0,,,,,0.0,0.0,0.0,0.0,0.0,0.0,0.0,0.0,0.0,0.0,,0.0,,,0.0,0.0,0.0,0.0,,,,,0.0,0.0,,,0.0,0.0,,0.0,,,0.0,0.0,,,,,,,,,0.0,,0.0,,,0.0,0.0,,0.0,0.0,,,0.0,,0.0,,0.0,0.0,,0.0,,,0.0,,BOS,,,0.0,,,,,0.0,2015,21400034,,HOU,BOS,20141101.0,2014-15,False,BOS,HOU,1.0,1.0,4.0,0.25,0.414,-0.164,0.75,1.0,3.0,0.333,0.37,-0.037,0.25,0.0,1.0,0.0,0.414,-0.414,,,,,,,0.25,0.0,1.0,0.0,0.449,-0.449,0.75,1.0,3.0,0.333,0.371,-0.037,5.0,0.0,0.0,0.0,0.0,0.0,0.0,0.0,0.0,0.0,0.0,0.0,0.0,0.0,0.0,0.0,0.0,0.0,3.4,1241.0,0.24,0.1,0.14,3.53,5.18,2.67,,,,,,,,,,,,,,,,,,,,,,,,,,,
203515,Phil Pressey,Phil,1610612738,BOS,24.0,1,1,0,1.0,5.166666666666667,1,3,0.333,0,1,0.0,0,2,0.0,0,0,0,0,0,1,0,0,0,2,2,-7,5.0,0,0,4.0,1,1,1,1,60,48,52,36,28,33,28,29,18,29,37,56,59,43,42,10,27,1,1,16,52,41,57,5,1,57,,1,0.0,3.0,67.6,60.0,131.6,-0.067,0.0,62,0.0,10,0.0,37,56,59,0.258,30,77.42,48,60.0,62,87.14,61,62,0.0,1,0.0,62,92.9,130.0,130.0,37,53,1.0,61,92.9,43,0.0,1,-70.0,-64.0,0.393,0.333,59,60,62,43,60,1,52,43,62,-70.0,0.364,37,0.0,0.0,0.0,0.0,0.0,10.0,0.0,0.0,13.0,0.0,0.0,2.0,0.667,1.0,0.0,0.0,0.0,0.0,0.0,0.0,0.333,3.0,0.0,0.0,0.5,1.0,2.0,0.0,0.0,15.0,2.0,1.3,0.0,0.0,5.0,0.0,0.0,7.0,0.133,5.07,,,,,,,,,,,,,,,,,,,,,,,,,1.0,0.0,1.0,0.333,0.0,0.0,1.0,1.0,1.0,,1.0,0.333,1.0,1.0,,,1.0,0.333,0.0,0.0,0.0,0.0,0.333,1.0,0.0,,0.0,0.0,0.0,,,,,,,,,,,,,,0.333,0.0,0.0,0.0,1.0,0.333,,0.0,0.0,0.0,1.0,0.0,0.0,0.0,0.0,0.0,,,,0.0,0.0,0.0,0.0,0.0,0.0,0.333,0.0,0.0,0.0,0.0,0.0,0.0,0.0,,0.0,0.0,1.0,0.0,0.0,0.0,0.0,0.0,0.0,1.0,,,0.0,0.0,0.0,0.0,0.0,0.0,2.0,0.5,G,33.0,28.0,0.165,0.848,0.571,0.277,0.0,0.0,,0.5,,,0.0,1.0,0.0,1.0,0.0,0.0,,0.0,0.0,0.0,0.0,0.0,2.0,0.0,0.0,,,0.0,0.0,BOS,0.0,0.0,1.0,0.0,1.0,0.0,0.0,0.0,2015,21401214,,BOS,TOR,20150414.0,2014-15,False,BOS,TOR,,,,,,,,,,,,,,,,,,,,,,,,,,,,,,,,,,,,,15.0,0.0,0.0,0.0,0.0,0.0,0.0,0.0,0.0,0.0,0.0,0.0,0.0,0.0,0.0,0.0,0.0,0.0,5.17,1954.0,0.37,0.21,0.16,4.67,4.2,5.28,,,,,,,,,,,,,,,,,,,,,,,,,,,
203515,Phil Pressey,Phil,1610612738,BOS,24.0,1,1,0,1.0,16.251666666666665,1,7,0.143,1,6,0.167,0,0,0.0,0,3,3,4,0,1,1,0,2,2,3,-8,18.6,0,0,15.0,1,1,1,1,114,117,85,137,30,10,55,88,100,88,91,60,82,22,110,33,13,1,62,54,122,138,83,12,1,87,,1,0.091,7.0,93.9,93.8,116.4,0.063,0.2,111,0.0,32,0.0,46,32,73,0.214,82,81.22,117,93.8,132,95.4,97,137,0.0,65,0.4,127,97.47,111.8,111.8,91,138,1.0,78,97.47,133,36.4,1,-18.0,-22.6,0.206,0.214,106,115,132,8,115,73,85,10,111,-18.0,0.194,46,0.0,6.0,1.0,0.171,10.0,35.0,0.114,1.0,39.0,6.0,0.0,0.0,0.0,0.0,0.0,0.0,0.333,0.0,0.0,1.0,0.667,3.0,0.0,0.0,0.0,2.0,0.0,0.0,0.0,45.0,3.0,3.5,0.0,0.0,4.69,0.0,0.0,19.0,0.067,4.33,1.0,9.9,3.0,9.9,2.0,0.0,0.6,0.0,0.0,0.0,1.0,5.0,0.0,0.0,2.0,0.0,1.0,0.0,0.333,0.6,2.0,1.0,0.333,0.0,,,,,,,,,,,,,,,,,,,,,,,,,,,,,,2.0,1.0,0.0,0.0,0.286,0.0,0.0,0.0,0.143,0.143,1.0,0.0,0.0,0.714,1.0,0.0,0.0,5.0,0.714,,0.2,0.3,0.0,5.0,0.2,1.0,1.0,2.0,3.0,0.5,0.333,0.5,1.0,3.0,0.0,0.0,0.0,0.0,0.214,0.0,0.0,0.0,0.0,,0.0,0.0,,0.0,0.0,6.0,0.167,,,,,0.0,0.0,,,1.0,0.0,,0.0,1.0,0.0,0.0,0.0,,,,,,,,1.0,0.0,0.0,0.0,,0.0,0.0,3.0,0.0,0.0,0.0,0.0,0.0,0.0,0.0,0.0,0.0,3.0,0.0,0.0,0.333,,,1.0,0.0,BOS,0.0,0.0,4.0,0.0,4.0,0.0,0.0,0.0,2015,21400086,,CHI,BOS,20141108.0,2014-15,False,BOS,CHI,1.0,1.0,4.0,0.25,0.414,-0.164,0.5,0.0,2.0,0.0,0.382,-0.382,0.5,1.0,2.0,0.5,0.435,0.065,,,,,,,0.25,1.0,1.0,1.0,0.44,0.56,0.5,0.0,2.0,0.0,0.371,-0.371,45.0,0.0,0.0,0.0,0.0,0.0,0.0,0.0,0.0,0.0,0.0,0.0,0.0,0.0,0.0,0.0,0.0,0.0,16.25,6424.0,1.22,0.63,0.58,4.52,4.48,4.55,,,,,,,,,,,,,,,,,,,,,,,,,,,
203515,Phil Pressey,Phil,1610612738,BOS,24.0,1,0,1,0.0,14.505,1,5,0.2,0,0,0.0,1,2,0.5,0,2,2,2,1,0,0,3,1,2,3,-2,7.4,0,0,7.0,1,119,119,119,179,166,156,189,91,146,91,79,60,83,124,113,144,77,87,108,63,233,58,56,170,123,185,16,1,180,,138,0.049,5.0,72.8,71.0,75.6,0.0,0.118,213,11.1,31,0.0,21,110,166,0.255,36,85.49,166,71.0,138,102.52,194,121,2.0,113,0.286,24,102.59,77.4,77.4,124,191,1.0,21,102.59,191,22.2,134,-6.5,-2.7,0.19,0.2,215,29,138,38,29,108,156,67,213,-6.5,0.189,21,11.3,8.0,0.0,0.065,5.0,31.0,0.065,0.0,36.0,2.0,0.0,1.0,0.125,0.0,0.125,0.0,0.125,2.0,1.0,1.0,0.625,8.0,0.5,1.0,0.0,5.0,1.0,0.0,0.0,39.0,3.0,3.3,0.0,0.0,5.03,0.0,0.0,17.0,0.077,5.18,1.0,4.9,2.0,4.9,1.0,0.0,0.4,0.0,0.0,0.0,1.0,5.0,0.0,0.0,1.0,0.0,1.0,0.0,0.5,0.4,3.0,1.0,0.5,0.0,,,,,,,,,,,,,,,,,1.0,0.5,0.0,0.0,0.0,0.0,0.5,1.0,0.0,,0.0,0.0,0.0,1.0,0.0,1.0,0.0,0.5,1.0,1.0,1.0,0.0,0.5,1.0,1.0,,,,,,,,,,,,,,,1.0,,2.0,0.5,0.5,,,2.0,0.0,0.0,0.0,0.0,0.2,0.0,0.0,0.0,0.0,0.0,0.0,0.5,0.0,0.0,2.0,0.0,0.0,0.0,0.0,0.0,0.0,0.0,0.0,0.0,0.0,0.0,0.0,0.0,0.0,2.0,1.0,1.0,0.0,G,29.0,25.0,0.162,0.862,0.565,0.297,1.0,0.0,,0.0,,,0.0,0.0,0.0,0.0,0.0,0.0,,0.0,1.0,0.0,0.0,1.0,3.0,0.0,0.0,,,0.0,1.0,BOS,0.0,0.0,0.0,,,,,0.0,2015,21401043,,BOS,DET,20150322.0,2014-15,False,BOS,DET,1.0,4.0,9.0,0.444,0.387,0.058,0.333,0.0,3.0,0.0,0.316,-0.316,0.667,4.0,6.0,0.667,0.416,0.25,0.111,1.0,1.0,1.0,0.574,0.426,0.222,2.0,2.0,1.0,0.468,0.532,0.667,1.0,6.0,0.167,0.322,-0.156,39.0,0.0,0.0,0.0,0.0,0.0,0.0,0.0,0.0,0.0,0.0,0.0,0.0,0.0,0.0,0.0,0.0,0.0,14.5,5891.0,1.12,0.64,0.48,4.56,4.67,4.45,,,,,,,,,,,,,,,,,,,,,,,,,,,
203515,Phil Pressey,Phil,1610612738,BOS,24.0,1,0,1,0.0,19.65,0,4,0.0,0,2,0.0,2,2,1.0,0,1,1,4,1,2,0,1,0,1,2,2,14.2,0,0,11.0,1,143,143,143,167,240,194,240,107,83,107,61,82,1,141,178,204,33,84,12,72,191,1,129,224,106,165,16,1,184,,158,0.027,4.0,115.1,114.6,111.1,0.05,0.059,89,10.0,41,0.0,67,206,234,0.205,9,83.46,240,114.6,111,99.37,194,112,4.0,211,0.222,152,100.15,109.8,109.8,141,239,0.0,73,100.15,240,40.0,150,4.9,4.0,0.128,0.0,89,146,111,60,146,209,194,17,89,4.9,0.128,67,10.1,7.0,2.0,0.146,11.0,41.0,0.098,0.0,42.0,6.0,1.0,0.0,0.0,0.0,0.0,0.25,0.5,0.0,0.0,2.0,0.25,4.0,0.0,0.0,0.0,1.0,0.0,0.0,0.0,48.0,2.0,3.5,0.0,0.0,4.34,0.0,0.0,15.0,0.042,4.54,0.0,0.7,2.0,0.7,1.0,1.0,0.333,1.0,0.0,0.0,1.0,3.0,0.0,0.0,1.0,0.0,0.0,0.0,0.0,0.5,1.0,0.5,0.0,0.0,,,,,,,,,,,,,,,,,1.0,0.333,0.0,0.0,0.0,0.0,0.333,1.0,0.0,,0.0,0.0,0.0,1.0,1.0,0.0,0.0,0.333,0.0,0.0,,0.333,0.0,0.0,0.0,0.0,0.333,0.0,0.0,0.0,1.0,0.333,,0.0,0.0,0.0,1.0,0.0,0.0,0.0,0.0,0.0,,,,0.0,0.0,0.0,0.0,0.0,0.0,0.0,0.0,0.0,0.0,0.0,0.0,0.0,0.0,0.0,0.0,0.0,2.0,0.0,0.0,0.0,0.0,0.0,0.0,0.0,0.0,0.0,0.0,0.0,0.0,0.0,0.0,0.0,2.0,0.0,G,2.0,2.0,0.059,1.0,0.574,0.427,0.0,0.0,0.0,0.0,,0.0,0.0,2.0,0.0,0.0,0.0,0.0,0.0,0.0,0.0,0.0,0.0,0.0,2.0,0.0,0.0,,,0.0,0.0,BOS,0.0,0.0,2.0,0.0,2.0,0.0,0.0,0.0,2015,21400176,,MEM,BOS,20141121.0,2014-15,False,BOS,MEM,1.0,4.0,6.0,0.667,0.467,0.2,,,,,,,1.0,4.0,6.0,0.667,0.509,0.157,0.167,1.0,1.0,1.0,0.642,0.358,0.167,1.0,1.0,1.0,0.573,0.427,0.333,0.0,2.0,0.0,0.411,-0.411,48.0,0.0,0.0,0.0,0.0,0.0,0.0,0.0,0.0,0.0,0.0,0.0,0.0,0.0,0.0,0.0,0.0,0.0,19.65,7772.0,1.47,0.74,0.73,4.6,4.64,3.99,,,,,,,,,,,,,,,,,,,,,,,,,,,
203515,Phil Pressey,Phil,1610612738,BOS,24.0,1,1,0,1.0,17.44333333333333,3,5,0.6,1,2,0.5,0,0,0.0,0,3,3,4,0,1,0,1,2,0,7,0,19.6,0,0,17.0,1,1,1,1,147,97,134,43,51,75,33,117,128,117,107,76,101,34,133,41,63,141,91,155,114,99,95,19,1,100,,1,0.061,5.0,82.7,82.9,85.1,0.227,0.12,168,0.0,35,0.0,142,98,124,0.7,104,79.11,97,82.9,121,95.16,15,115,0.0,170,0.571,42,94.94,85.3,85.3,107,44,3.0,144,94.94,36,44.4,1,-2.4,-2.4,0.128,0.7,169,44,121,6,44,173,134,6,168,-2.4,0.119,142,0.0,8.0,0.0,0.158,10.0,38.0,0.105,2.0,40.0,6.0,1.0,2.0,0.333,1.0,0.0,0.167,0.167,0.0,0.0,1.0,0.333,6.0,0.0,0.0,0.5,2.0,2.0,1.0,0.0,46.0,7.0,3.5,0.0,0.0,4.62,0.0,0.0,22.0,0.152,5.17,0.0,9.5,6.0,9.5,3.0,1.0,0.375,1.0,0.0,0.0,0.6,8.0,0.0,0.0,3.0,0.0,0.0,0.0,0.0,0.429,2.0,0.5,0.0,0.0,,,,,,,,,,,,,,,,,1.0,0.25,0.0,1.0,0.0,1.0,0.25,1.0,1.0,,1.0,1.0,0.0,2.0,1.0,0.5,0.0,0.5,1.0,1.0,1.0,0.25,0.25,1.0,0.5,0.0,0.25,1.0,0.0,0.0,1.0,0.25,,1.0,1.5,0.0,1.0,1.0,1.0,0.0,0.0,0.0,,,,0.0,0.0,0.0,0.0,0.0,0.0,0.7,0.667,0.0,5.0,0.0,0.0,0.0,1.0,0.0,1.0,1.0,2.0,0.5,,0.0,,,1.0,0.0,0.0,0.0,1.0,0.0,0.0,0.0,1.0,1.0,1.0,0.0,G,3.0,3.0,0.064,1.0,0.553,0.447,0.0,1.0,,0.0,0.0,,0.0,1.0,0.0,0.0,0.0,1.0,,0.0,0.0,1.0,1.0,2.0,1.0,1.0,0.5,0.0,0.0,1.0,0.0,BOS,0.0,0.0,3.0,0.5,2.0,1.0,0.833,2.0,2015,21400265,,BOS,DET,20141203.0,2014-15,False,BOS,DET,1.0,0.0,5.0,0.0,0.402,-0.402,0.4,0.0,2.0,0.0,0.36,-0.36,0.6,0.0,3.0,0.0,0.435,-0.435,,,,,,,0.4,0.0,2.0,0.0,0.471,-0.471,0.6,0.0,3.0,0.0,0.379,-0.379,46.0,0.0,0.0,0.0,0.0,0.0,0.0,0.0,0.0,0.0,0.0,0.0,0.0,0.0,0.0,0.0,0.0,0.0,17.45,7075.0,1.34,0.72,0.62,4.49,4.82,4.15,,,,,,,,,,,,,,,,,,,,,,,,,,,
203515,Phil Pressey,Phil,1610612738,BOS,24.0,1,0,1,0.0,0.2683333333333333,0,0,0.0,0,0,0.0,0,0,0.0,0,0,0,0,0,0,0,0,0,0,0,0,0.0,0,0,0.0,1,117,117,117,230,198,219,198,99,141,99,116,126,116,131,201,210,172,155,122,80,1,1,169,206,110,226,23,1,226,,1,0.0,0.0,0.0,0.0,0.0,0.0,0.0,226,0.0,1,0.0,1,201,210,0.0,123,149.07,198,0.0,112,89.44,198,120,0.0,225,0.0,1,178.88,0.0,0.0,131,206,0.0,203,178.88,198,0.0,1,0.0,0.0,0.0,0.0,226,1,112,172,1,225,219,172,226,0.0,0.0,1,0.0,0.0,,0.0,0.0,0.0,0.0,0.0,0.0,0.0,0.0,0.0,0.0,0.0,0.0,0.0,0.0,0.0,0.0,0.0,0.0,0.0,0.0,0.0,0.0,0.0,0.0,0.0,0.0,0.0,0.0,0.0,0.0,0.0,0.0,0.0,0.0,0.0,0.0,0.0,,,,,,,,,,,,,,,,,,,,,,,,,,,,,,,,,,,,,,,,,,,,,,,,,,,,,,,,,,,,,,,,,,,,,,,,,,,,,,,,0.0,,0.0,,,,,0.0,0.0,0.0,0.0,0.0,0.0,0.0,0.0,0.0,0.0,,,0.0,,,,,,,,,,,,,,,,,,0.0,0.0,,,G,14.0,12.0,0.144,0.857,0.556,0.301,0.0,,,,,,,,,,,,,,0.0,,,,,,,,,,0.0,BOS,,,0.0,,,,,0.0,2015,21400538,,IND,BOS,20150109.0,2014-15,False,BOS,IND,,,,,,,,,,,,,,,,,,,,,,,,,,,,,,,,,,,,,0.0,0.0,0.0,0.0,0.0,0.0,0.0,0.0,0.0,0.0,0.0,0.0,0.0,0.0,0.0,0.0,0.0,0.0,0.27,80.0,0.02,0.0,0.01,0.0,0.0,0.0,,,,,,,,,,,,,,,,,,,,,,,,,,,
203515,Phil Pressey,Phil,1610612738,BOS,24.0,1,1,0,1.0,15.766666666666667,2,5,0.4,2,4,0.5,0,0,0.0,2,0,2,2,1,1,0,0,1,0,6,1,13.4,0,0,14.0,1,1,1,1,151,129,132,120,22,34,25,115,125,115,27,177,124,71,72,31,68,1,33,157,134,89,140,18,1,128,,144,0.077,5.0,121.7,119.4,122.8,0.075,0.0,42,12.5,31,0.125,107,177,95,0.6,33,78.65,129,119.4,86,90.91,118,101,2.0,115,0.182,170,94.38,116.1,116.1,16,79,2.0,166,94.38,65,25.0,144,3.2,-1.1,0.174,0.6,31,147,86,51,147,111,132,41,42,3.2,0.171,107,12.5,5.0,0.0,0.103,5.0,29.0,0.069,1.0,31.0,3.0,1.0,0.0,0.0,0.0,0.0,0.167,0.0,0.0,0.0,0.0,0.833,6.0,0.0,0.0,0.0,5.0,0.0,0.0,0.0,35.0,6.0,2.9,0.0,0.0,5.01,0.0,0.0,17.0,0.171,5.46,0.0,32.4,0.0,0.0,0.0,0.0,1.0,0.0,0.0,1.0,0.0,2.0,0.0,2.0,2.0,0.0,0.0,1.0,0.0,1.0,2.0,0.0,0.0,32.4,,,,,,,,,,,,,,,,,,,,,,,,,,,,,,,,,,,,,,,,,,,1.0,2.0,0.0,0.2,4.0,0.8,0.0,0.5,0.6,1.0,5.0,0.4,2.0,1.0,1.0,3.0,0.75,0.5,1.0,1.0,2.0,0.0,0.0,0.0,0.0,0.6,0.333,0.0,3.0,0.0,0.0,0.0,0.0,0.0,0.0,0.0,3.0,0.667,1.0,0.0,0.0,0.0,0.0,0.0,0.0,0.0,2.0,0.0,1.0,0.0,1.0,0.0,0.0,0.0,G,10.0,10.0,0.122,1.0,0.557,0.443,1.0,0.5,,0.0,,,0.0,4.0,0.0,0.0,0.0,0.0,,0.0,0.0,2.0,0.0,0.0,0.0,0.0,0.0,,,0.0,0.0,BOS,0.0,0.0,3.0,0.333,3.0,1.0,0.5,1.0,2015,21400385,,BOS,MIN,20141219.0,2014-15,False,BOS,MIN,1.0,2.0,5.0,0.4,0.404,-0.004,0.2,0.0,1.0,0.0,0.345,-0.345,0.8,2.0,4.0,0.5,0.438,0.062,0.2,1.0,1.0,1.0,0.459,0.541,0.2,1.0,1.0,1.0,0.476,0.524,0.6,1.0,3.0,0.333,0.372,-0.038,35.0,0.0,0.0,0.0,0.0,0.0,0.0,0.0,0.0,0.0,0.0,0.0,0.0,0.0,0.0,0.0,0.0,0.0,15.77,6188.0,1.17,0.62,0.55,4.58,4.4,4.77,,,,,,,,,,,,,,,,,,,,,,,,,,,
203515,Phil Pressey,Phil,1610612738,BOS,24.0,1,0,1,0.0,12.933333333333334,1,3,0.333,0,1,0.0,0,0,0.0,1,3,4,4,2,1,0,1,0,0,2,9,13.8,0,0,12.0,1,92,92,92,151,133,144,115,80,91,80,108,111,108,45,73,74,31,32,42,52,121,1,129,148,25,119,20,1,123,,162,0.125,3.0,102.7,111.1,79.2,0.153,0.188,43,22.2,27,0.063,30,48,49,0.333,24,86.6,133,111.1,9,103.4,40,20,2.0,120,0.364,10,103.92,72.4,72.4,48,136,1.0,21,103.92,125,44.4,161,38.7,23.6,0.155,0.333,78,6,9,12,6,117,144,7,43,38.7,0.156,30,22.2,11.0,0.0,0.16,11.0,25.0,0.16,0.0,23.0,4.0,1.0,0.0,0.0,0.0,0.5,0.5,0.5,0.0,0.0,1.0,0.0,2.0,0.0,1.0,0.0,0.0,0.0,0.0,0.0,30.0,2.0,2.7,0.0,0.0,5.44,0.0,0.0,8.0,0.067,5.17,0.0,9.4,4.0,8.8,3.0,0.0,0.571,0.0,0.0,0.333,0.75,7.0,0.0,1.0,4.0,0.0,0.0,0.333,0.0,0.571,3.0,0.75,0.0,10.9,,,,,,,,,,,,,,,,,,,,,,,,,,,,,,1.0,0.0,1.0,0.0,0.5,1.0,1.0,1.0,0.0,0.5,1.0,1.0,,0.5,0.0,0.0,0.0,1.0,0.5,,0.0,0.0,0.0,1.0,0.0,0.0,1.0,0.0,2.0,1.0,1.0,,0.0,1.0,0.0,0.0,0.0,0.0,0.333,0.0,0.0,0.0,0.0,0.0,0.0,1.0,0.0,0.0,0.0,1.0,0.0,0.0,0.0,0.0,0.0,0.0,0.0,0.0,0.0,0.0,0.0,0.0,0.0,1.0,1.0,1.0,0.0,G,33.0,28.0,0.167,0.848,0.571,0.277,1.0,0.0,,0.0,,,0.0,0.0,0.0,0.0,0.0,0.0,,0.0,1.0,0.0,0.0,1.0,1.0,0.0,0.0,,,0.0,1.0,BOS,0.0,0.0,1.0,0.0,1.0,0.0,0.0,0.0,2015,21401095,,BOS,LAC,20150329.0,2014-15,False,BOS,LAC,1.0,1.0,6.0,0.167,0.444,-0.278,0.5,0.0,3.0,0.0,0.355,-0.355,0.5,1.0,3.0,0.333,0.475,-0.142,,,,,,,0.167,1.0,1.0,1.0,0.508,0.492,0.833,0.0,5.0,0.0,0.339,-0.339,30.0,0.0,0.0,0.0,0.0,0.0,0.0,0.0,0.0,0.0,0.0,0.0,0.0,0.0,0.0,0.0,0.0,0.0,12.93,4842.0,0.92,0.46,0.45,4.17,5.31,4.12,,,,,,,,,,,,,,,,,,,,,,,,,,,
203515,Phil Pressey,Phil,1610612738,BOS,24.0,1,1,0,1.0,12.516666666666667,2,3,0.667,1,2,0.5,0,0,0.0,0,1,1,4,1,2,0,0,1,1,5,8,17.2,0,0,15.0,1,1,1,1,195,145,184,25,49,88,33,132,138,132,126,162,175,32,82,8,69,1,42,133,158,48,127,19,2,137,,157,0.042,3.0,126.7,145.0,96.0,0.243,0.063,5,12.5,20,0.0,243,180,175,0.833,11,65.51,145,145.0,6,85.82,11,17,4.0,146,0.4,65,78.62,100.0,100.0,126,18,2.0,230,78.62,15,50.0,156,45.0,30.8,0.168,0.833,12,79,6,13,79,140,184,3,5,45.0,0.167,243,12.5,4.0,0.0,0.148,9.0,27.0,0.148,0.0,27.0,4.0,1.0,1.0,0.5,1.0,0.0,0.25,0.0,0.0,0.0,0.0,0.5,4.0,0.0,0.0,1.0,2.0,2.0,1.0,0.0,32.0,5.0,2.1,0.0,0.0,4.03,0.0,0.0,13.0,0.156,4.16,0.0,8.8,3.0,8.8,1.0,0.0,0.2,0.0,0.0,0.0,0.333,5.0,0.0,0.0,1.0,0.0,0.0,0.0,0.0,0.2,2.0,0.333,0.0,0.0,,,,,,,,,,,,,,,,,1.0,0.333,0.0,1.0,0.0,1.0,0.333,1.0,1.0,,1.0,1.0,0.0,2.0,2.0,0.75,1.0,0.667,1.0,0.0,,0.667,0.0,0.0,0.5,0.5,,,,,,,,,,,,,,1.0,2.0,3.0,0.75,0.5,0.5,1.0,2.0,0.0,0.0,0.0,0.0,0.833,0.0,0.0,0.0,0.0,,0.0,0.0,,1.0,1.0,2.0,0.5,,,,,1.0,0.0,,,1.0,0.0,,0.0,0.0,0.0,0.0,0.0,,,,,,,,0.0,0.5,,0.0,0.0,,0.0,2.0,0.0,0.0,0.0,1.0,,0.0,0.0,1.0,1.0,0.0,0.0,1.0,0.0,0.0,0.0,0.0,0.0,BOS,0.0,0.0,0.0,,0.0,0.0,,0.0,2015,21400074,,BOS,IND,20141107.0,2014-15,False,BOS,IND,1.0,3.0,7.0,0.429,0.395,0.034,0.429,1.0,3.0,0.333,0.263,0.07,0.571,2.0,4.0,0.5,0.454,0.046,,,,,,,0.143,1.0,1.0,1.0,0.318,0.682,0.857,2.0,6.0,0.333,0.322,0.012,32.0,0.0,0.0,0.0,0.0,0.0,0.0,0.0,0.0,0.0,0.0,0.0,0.0,0.0,0.0,0.0,0.0,0.0,12.52,4710.0,0.89,0.44,0.45,4.33,4.6,4.13,,,,,,,,,,,,,,,,,,,,,,,,,,,
203515,Phil Pressey,Phil,1610612738,BOS,24.0,1,0,1,0.0,13.533333333333331,0,4,0.0,0,0,0.0,0,0,0.0,0,2,2,1,1,2,0,1,2,1,0,-5,8.9,0,0,7.0,1,105,105,105,171,180,148,180,90,131,90,117,124,117,107,106,129,111,86,13,72,123,81,105,186,139,159,13,1,168,,150,0.074,4.0,87.8,88.5,97.4,-0.045,0.167,156,16.7,26,0.0,160,63,108,0.0,62,76.85,180,88.5,158,97.47,190,138,1.0,117,0.1,90,92.22,107.7,107.7,107,186,0.0,105,92.22,180,16.7,150,-19.2,-9.6,0.177,0.0,156,116,157,112,116,111,148,85,156,-19.2,0.179,160,16.7,4.0,0.0,0.071,2.0,14.0,0.071,0.0,15.0,1.0,0.0,2.0,0.0,0.0,0.0,0.0,0.0,0.0,0.0,0.0,0.667,6.0,0.0,0.0,0.0,4.0,0.0,0.0,0.0,19.0,0.0,1.8,0.0,0.0,5.53,0.0,0.0,5.0,0.0,6.37,0.0,10.9,5.0,10.9,2.0,1.0,0.25,1.0,0.0,0.0,0.5,8.0,0.0,0.0,2.0,0.0,0.0,0.0,0.0,0.286,3.0,0.4,0.0,0.0,0.0,0.0,1.0,0.333,0.0,0.0,0.0,0.0,1.0,,0.0,0.333,0.0,1.0,,,1.0,0.333,0.0,0.0,0.0,0.0,0.333,1.0,0.0,,0.0,0.0,0.0,,,,,,,,,,,,,,0.333,0.0,0.0,0.333,0.0,0.0,0.0,,0.0,1.0,1.0,0.0,0.0,0.0,,0.0,0.0,0.0,,,1.0,0.0,0.0,0.0,0.0,0.0,0.0,0.0,0.0,0.0,0.0,,0.0,0.0,0.0,1.0,0.0,0.0,,0.0,,,0.0,0.0,0.0,0.0,0.0,,0.0,,0.0,0.0,3.0,0.0,G,11.0,11.0,0.128,1.0,0.549,0.451,0.0,0.0,,0.0,,,,0.0,0.0,0.0,,0.0,,,0.0,0.0,0.0,0.0,3.0,1.0,0.0,,,0.0,0.0,BOS,0.0,0.0,0.0,,,,,0.0,2015,21400445,,WAS,BOS,20141227.0,2014-15,False,BOS,WAS,1.0,1.0,1.0,1.0,0.421,0.579,,,,,,,1.0,1.0,1.0,1.0,0.45,0.55,,,,,,,,,,,,,1.0,1.0,1.0,1.0,0.376,0.624,19.0,0.0,0.0,0.0,0.0,0.0,0.0,0.0,0.0,0.0,0.0,0.0,0.0,0.0,0.0,0.0,0.0,0.0,13.53,5447.0,1.03,0.52,0.52,4.44,4.89,4.07,,,,,,,,,,,,,,,,,,,,,,,,,,,
203515,Phil Pressey,Phil,1610612738,BOS,24.0,1,0,1,0.0,16.323333333333334,3,4,0.75,2,2,1.0,1,1,1.0,0,4,4,4,1,0,0,0,2,2,9,0,18.8,0,0,19.0,1,115,115,115,164,100,154,19,25,81,1,94,113,1,110,61,87,36,76,107,72,1,102,81,106,110,116,24,2,109,,149,0.108,4.0,93.8,97.1,98.1,0.23,0.25,169,11.1,34,0.0,45,30,74,1.014,14,84.54,100,97.1,105,101.21,14,135,4.0,167,0.4,61,101.45,94.3,94.3,110,3,3.0,55,101.45,2,44.4,150,2.8,-4.3,0.135,1.0,175,56,105,13,56,174,154,8,169,2.8,0.125,45,10.6,5.0,0.0,0.1,7.0,30.0,0.133,0.0,36.0,3.0,0.0,3.0,0.556,2.0,0.0,0.0,0.111,0.0,0.0,1.0,0.556,9.0,0.0,0.0,0.667,5.0,5.0,2.0,2.0,50.0,9.0,4.8,0.5,1.5,5.72,0.0,0.0,17.0,0.18,5.48,2.0,9.3,4.0,9.3,2.0,0.0,0.8,0.0,0.0,0.0,1.0,5.0,0.0,0.0,2.0,0.0,2.0,0.0,0.5,0.8,1.0,1.0,0.5,0.0,,,,,,,,,,,,,,,,,2.0,0.5,0.0,0.5,0.0,1.0,0.5,2.0,0.5,,1.0,0.5,0.0,,,,,,,,,,,,,,0.5,2.0,0.0,0.0,2.0,0.5,,1.0,1.5,0.0,2.0,1.0,2.0,1.0,1.0,3.0,1.5,1.0,1.0,1.0,1.0,0.0,0.0,1.0,0.0,1.0,1.0,0.0,3.0,3.0,0.0,0.0,0.0,0.0,0.0,1.0,2.0,1.0,0.0,0.0,0.0,0.0,0.0,1.0,0.0,0.0,2.0,0.0,0.0,0.0,0.0,0.0,1.0,1.0,G,20.0,17.0,0.161,0.85,0.562,0.288,0.0,1.0,0.0,1.0,,0.0,0.0,2.0,0.0,1.0,0.0,0.0,0.0,0.0,0.0,2.0,0.0,0.0,1.0,1.0,0.0,,,0.0,0.0,BOS,0.0,0.0,1.0,1.0,1.0,1.0,1.5,1.0,2015,21400665,,GSW,BOS,20150125.0,2014-15,False,BOS,GSW,1.0,4.0,6.0,0.667,0.47,0.197,0.167,1.0,1.0,1.0,0.394,0.606,0.833,3.0,5.0,0.6,0.507,0.093,0.333,2.0,2.0,1.0,0.608,0.393,0.333,2.0,2.0,1.0,0.579,0.421,0.333,1.0,2.0,0.5,0.405,0.096,50.0,0.0,0.0,0.0,0.0,0.0,0.0,0.0,0.0,0.0,0.0,0.0,0.0,0.0,0.0,0.0,0.0,0.0,16.32,6601.0,1.25,0.64,0.61,4.46,4.05,4.2,,,,,,,,,,,,,,,,,,,,,,,,,,,
203515,Phil Pressey,Phil,1610612738,BOS,24.0,1,0,1,0.0,14.54,0,0,0.0,0,0,0.0,2,2,1.0,1,2,3,5,1,0,0,0,2,1,2,-3,12.1,0,0,10.0,1,130,130,130,193,216,241,216,109,156,109,69,86,1,63,124,124,21,93,131,81,1,128,125,199,158,161,16,1,174,,193,0.107,0.0,119.9,126.9,126.2,0.108,0.125,37,14.3,26,0.083,207,116,91,1.136,4,75.65,216,126.9,119,92.5,112,157,5.0,241,0.417,221,90.78,124.1,124.1,53,3,0.0,180,90.78,216,71.4,184,2.8,-6.3,0.062,0.0,52,222,119,14,222,241,241,5,37,2.8,0.067,207,14.5,7.0,0.0,0.2,13.0,25.0,0.2,0.0,23.0,5.0,0.0,0.0,0.0,0.0,0.0,0.0,0.2,0.0,0.0,1.0,0.8,5.0,0.0,0.0,0.0,4.0,0.0,0.0,1.0,28.0,2.0,2.1,0.0,0.0,4.45,0.0,0.0,8.0,0.071,4.75,0.0,14.4,2.0,11.6,2.0,0.0,1.5,0.0,0.0,0.0,1.0,2.0,0.0,1.0,3.0,0.0,0.0,0.0,0.0,1.5,0.0,1.0,0.0,20.0,,,,,,,,,,,,,,,,,,,,,,,,,,,,,,,,,,,,,,,,,,,,,,,,,,,,,,,,0.0,,0.0,,,,,0.0,0.0,0.0,0.0,0.0,0.0,0.0,0.0,0.0,0.0,0.0,,0.0,0.0,0.0,0.0,0.0,0.0,,0.0,,,0.0,0.0,0.0,0.0,0.0,,0.0,,0.0,0.0,0.0,0.0,G,5.0,5.0,0.079,1.0,0.573,0.427,0.0,0.0,,0.0,,,,0.0,0.0,0.0,,0.0,,,0.0,0.0,0.0,0.0,0.0,0.0,0.0,,,0.0,0.0,BOS,0.0,0.0,0.0,,,,,0.0,2015,21400331,,BOS,NYK,20141212.0,2014-15,False,BOS,NYK,1.0,3.0,7.0,0.429,0.42,0.009,0.429,1.0,3.0,0.333,0.327,0.006,0.571,2.0,4.0,0.5,0.468,0.032,0.143,1.0,1.0,1.0,0.571,0.429,0.143,1.0,1.0,1.0,0.533,0.467,0.857,2.0,6.0,0.333,0.377,-0.044,28.0,0.0,0.0,0.0,0.0,0.0,0.0,0.0,0.0,0.0,0.0,0.0,0.0,0.0,0.0,0.0,0.0,0.0,14.53,5966.0,1.13,0.55,0.58,4.55,6.06,4.2,,,,,,,,,,,,,,,,,,,,,,,,,,,
203515,Phil Pressey,Phil,1610612738,BOS,24.0,1,0,1,0.0,14.926666666666666,3,4,0.75,1,2,0.5,1,2,0.5,1,1,2,3,0,0,0,0,0,1,8,-7,14.9,0,0,14.0,1,138,138,138,209,119,183,21,47,89,35,112,78,112,66,184,162,66,182,127,81,1,1,127,128,197,156,23,2,163,,1,0.105,4.0,122.7,118.5,147.1,0.153,0.111,66,0.0,27,0.1,246,142,88,0.82,132,73.69,119,118.5,205,84.57,61,226,0.0,151,0.333,265,88.43,139.3,139.3,38,28,3.0,257,88.43,19,37.5,1,-20.8,-24.4,0.174,0.875,44,262,205,28,262,148,183,27,66,-20.8,0.172,246,0.0,5.0,1.0,0.207,8.0,29.0,0.103,2.0,31.0,6.0,0.0,1.0,0.429,1.0,0.143,0.0,0.286,2.0,1.0,2.0,0.429,7.0,0.5,1.0,1.0,3.0,3.0,0.0,0.0,34.0,8.0,2.9,0.0,0.0,5.16,0.0,0.0,16.0,0.235,4.97,0.0,14.2,3.0,4.3,1.0,0.0,0.5,0.0,0.0,1.0,0.333,4.0,0.0,1.0,2.0,0.0,0.0,1.0,0.0,0.5,1.0,0.333,0.0,24.1,,,,,,,,,,,,,,,,,,,,,,,,,,,,,,1.0,0.0,1.0,0.0,0.25,1.0,1.0,1.0,0.0,0.25,1.0,1.0,,0.75,1.0,1.0,0.25,2.0,0.5,1.0,0.5,0.833,1.0,3.0,0.667,2.0,1.0,1.0,2.0,0.5,0.5,0.0,0.0,2.0,0.0,0.0,0.0,0.0,0.875,1.0,0.0,3.0,0.0,0.0,0.0,1.0,0.0,0.0,0.0,2.0,0.5,0.0,0.0,0.0,0.0,0.0,1.0,0.0,0.0,1.0,0.0,0.0,0.0,1.0,1.0,1.0,1.0,G,17.0,14.0,0.152,0.824,0.558,0.266,0.0,0.0,,1.0,0.0,,0.0,1.0,0.0,1.0,0.0,0.0,,0.0,0.0,0.0,0.0,2.0,1.0,0.0,1.0,0.0,0.0,2.0,0.0,BOS,0.0,0.0,1.0,1.0,1.0,1.0,1.5,1.0,2015,21400591,,BOS,CHI,20150116.0,2014-15,False,BOS,CHI,1.0,5.0,6.0,0.833,0.423,0.411,0.5,3.0,3.0,1.0,0.372,0.628,0.5,2.0,3.0,0.667,0.464,0.203,0.167,1.0,1.0,1.0,0.512,0.488,0.167,1.0,1.0,1.0,0.44,0.56,0.833,4.0,5.0,0.8,0.348,0.452,34.0,0.0,0.0,0.0,0.0,0.0,0.0,0.0,0.0,0.0,0.0,0.0,0.0,0.0,0.0,0.0,0.0,0.0,14.93,5718.0,1.08,0.53,0.55,4.44,4.22,4.63,,,,,,,,,,,,,,,,,,,,,,,,,,,
203515,Phil Pressey,Phil,1610612738,BOS,24.0,1,0,1,0.0,16.67,2,4,0.5,0,0,0.0,0,0,0.0,1,1,2,2,0,2,0,0,2,1,4,6,15.4,0,0,12.0,1,97,97,97,138,112,136,64,84,122,84,99,108,99,42,125,109,65,124,13,48,1,86,92,136,47,111,13,1,122,,1,0.054,4.0,98.1,94.3,73.4,0.113,0.053,126,0.0,35,0.056,32,145,118,0.5,95,85.18,112,94.3,45,101.36,78,38,0.0,166,0.182,14,102.22,75.0,75.0,49,108,2.0,37,102.22,87,33.3,1,19.3,24.6,0.106,0.5,114,18,45,63,18,173,136,20,126,19.3,0.098,32,0.0,4.0,0.0,0.069,4.0,29.0,0.069,0.0,31.0,2.0,0.0,2.0,0.667,2.0,0.0,0.0,0.167,0.0,0.0,1.0,0.5,6.0,0.0,0.0,1.0,3.0,4.0,0.0,0.0,36.0,4.0,2.5,0.0,0.0,4.1,0.0,1.0,12.0,0.111,4.5,0.0,13.0,2.0,9.0,1.0,0.0,0.5,0.0,0.0,0.5,0.5,4.0,0.0,1.0,2.0,0.0,0.0,0.5,0.0,0.5,2.0,0.5,0.0,16.9,0.5,0.0,1.0,0.5,0.0,0.0,1.0,1.0,2.0,,0.5,0.5,0.5,2.0,,,2.0,0.5,0.0,0.5,0.0,1.0,0.5,2.0,0.5,,1.0,0.5,0.0,,,,,,,,,,,,,,,,,,,,,,,,,,,1.0,,2.0,0.5,0.5,,,2.0,0.0,0.0,0.0,0.0,0.5,0.0,0.0,0.0,0.0,0.0,0.0,0.5,0.0,0.0,0.0,0.0,0.0,0.0,0.0,0.0,0.0,0.0,1.0,0.0,0.0,0.0,0.0,0.0,0.0,2.0,1.0,2.0,0.5,,,,,,,,1.0,0.0,,0.5,,,0.0,0.0,0.0,1.0,0.0,0.0,,0.0,1.0,0.0,0.0,0.0,2.0,0.0,0.0,,,0.0,1.0,BOS,0.0,1.0,0.0,,,,,0.0,2015,21400148,,BOS,PHX,20141117.0,2014-15,False,BOS,PHX,1.0,0.0,2.0,0.0,0.44,-0.44,0.5,0.0,1.0,0.0,0.363,-0.363,0.5,0.0,1.0,0.0,0.494,-0.494,,,,,,,0.5,0.0,1.0,0.0,0.543,-0.543,0.5,0.0,1.0,0.0,0.36,-0.36,36.0,1.0,0.0,1.0,0.0,0.0,0.0,0.0,0.0,0.0,0.0,0.0,0.0,0.0,0.0,0.0,0.0,0.0,16.67,6667.0,1.26,0.74,0.52,4.68,5.02,3.62,,,,,,,,,,,,,,,,,,,,,,,,,,,
203515,Phil Pressey,Phil,1610612738,BOS,24.0,1,0,1,0.0,8.9,1,4,0.25,0,1,0.0,0,0,0.0,1,0,1,1,0,2,0,0,0,1,2,3,10.7,0,0,8.0,1,112,112,112,199,161,162,166,91,110,91,116,122,116,65,194,171,99,139,11,70,1,1,96,172,70,163,20,1,169,,1,0.053,4.0,95.0,95.0,85.3,0.072,0.0,160,0.0,20,0.091,9,194,148,0.25,111,89.89,161,95.0,53,104.52,137,69,0.0,105,0.125,33,107.87,80.0,80.0,35,176,1.0,14,107.87,170,20.0,1,15.0,9.7,0.19,0.25,162,24,53,94,24,100,162,71,160,15.0,0.19,9,0.0,3.0,0.0,0.077,2.0,13.0,0.077,0.0,14.0,1.0,0.0,3.0,0.333,1.0,0.0,0.0,0.167,0.0,0.0,1.0,0.167,6.0,0.0,0.0,0.333,1.0,2.0,0.0,0.0,17.0,2.0,1.7,0.0,0.0,6.12,0.0,0.0,4.0,0.118,6.88,0.0,20.0,0.0,0.0,0.0,0.0,1.0,0.0,0.0,1.0,0.0,1.0,0.0,1.0,1.0,0.0,0.0,1.0,0.0,1.0,1.0,0.0,0.0,20.0,0.5,0.0,1.0,0.5,0.0,0.0,1.0,1.0,2.0,,0.5,0.5,0.5,2.0,,,0.0,0.0,1.0,,0.25,0.0,0.25,1.0,0.0,0.0,0.0,0.0,0.0,1.0,0.0,0.0,0.0,0.25,0.0,0.0,0.0,0.0,0.25,1.0,0.0,,,,,,,,,,,,,,,0.0,1.0,0.0,0.0,0.0,0.0,0.0,2.0,0.0,0.0,0.0,0.0,0.25,0.0,0.0,0.0,0.0,0.0,,0.0,0.0,0.0,1.0,1.0,0.0,0.0,0.0,0.0,0.0,0.0,1.0,0.0,0.0,0.0,,0.0,,0.0,0.0,2.0,0.5,G,20.0,17.0,0.16,0.85,0.562,0.288,0.0,0.0,,0.5,,,,1.0,0.0,1.0,,0.0,,,0.0,0.0,0.0,0.0,2.0,0.0,0.0,,,0.0,0.0,BOS,0.0,1.0,0.0,,0.0,0.0,,0.0,2015,21400686,,MIN,BOS,20150128.0,2014-15,False,BOS,MIN,1.0,1.0,1.0,1.0,0.433,0.567,1.0,1.0,1.0,1.0,0.366,0.634,,,,,,,,,,,,,,,,,,,1.0,1.0,1.0,1.0,0.368,0.632,17.0,0.0,0.0,0.0,0.0,0.0,0.0,0.0,0.0,0.0,0.0,0.0,0.0,0.0,0.0,0.0,0.0,0.0,8.9,3593.0,0.68,0.34,0.34,4.72,4.57,3.64,,,,,,,,,,,,,,,,,,,,,,,,,,,
203515,Phil Pressey,Phil,1610612738,BOS,24.0,1,1,0,1.0,19.066666666666663,4,8,0.5,0,3,0.0,1,2,0.5,0,2,2,4,1,2,0,0,0,2,9,3,22.4,0,0,19.0,1,1,1,1,143,77,85,66,90,56,90,78,67,79,97,100,119,30,64,9,55,1,1,61,102,72,80,25,1,93,,100,0.061,8.0,106.8,105.1,102.5,0.151,0.133,119,7.1,39,0.0,57,94,118,0.507,10,81.82,77,105.1,75,95.01,43,85,4.0,57,0.308,75,98.18,97.4,97.4,97,109,4.0,79,98.18,88,28.6,98,7.7,4.3,0.239,0.5,106,59,75,27,59,60,85,40,119,7.7,0.233,57,7.2,7.0,0.0,0.174,8.0,23.0,0.174,0.0,30.0,4.0,1.0,0.0,0.0,0.0,0.0,0.333,0.333,0.0,0.0,1.0,0.333,3.0,0.0,0.0,0.0,1.0,0.0,0.0,0.0,34.0,9.0,2.5,0.0,0.0,4.34,0.0,0.0,17.0,0.265,4.35,0.0,5.1,5.0,5.1,2.0,0.0,0.333,0.0,0.0,0.0,0.4,6.0,0.0,0.0,2.0,0.0,0.0,0.0,0.0,0.333,1.0,0.4,0.0,0.0,,,,,,,,,,,,,,,,,0.0,0.0,1.0,,0.125,0.0,0.125,1.0,0.0,0.0,0.0,0.0,0.0,4.0,0.0,1.0,0.0,0.5,4.0,4.0,1.0,0.0,0.5,4.0,1.0,,0.375,0.0,0.0,0.125,2.0,0.25,0.0,0.0,0.0,1.0,3.0,0.0,0.0,2.0,1.0,4.0,0.5,0.5,0.0,0.0,4.0,0.0,0.0,0.0,0.0,0.5,0.0,0.0,0.0,0.0,0.0,,0.667,0.0,0.0,0.0,2.0,0.0,1.0,0.0,0.0,0.0,0.0,2.0,0.0,0.0,0.0,,1.0,,3.0,2.0,2.0,1.0,G,9.0,9.0,0.117,1.0,0.568,0.432,3.0,0.0,,1.0,,,,2.0,0.0,2.0,,0.0,,,0.667,0.0,0.0,1.0,2.0,0.0,0.0,,,0.0,2.0,BOS,0.0,0.0,2.0,0.0,2.0,0.0,0.0,0.0,2015,21400371,,BOS,ORL,20141217.0,2014-15,False,BOS,ORL,1.0,5.0,7.0,0.714,0.436,0.278,0.286,1.0,2.0,0.5,0.328,0.173,0.714,4.0,5.0,0.8,0.482,0.318,0.571,4.0,4.0,1.0,0.561,0.439,0.714,4.0,5.0,0.8,0.542,0.258,0.286,1.0,2.0,0.5,0.358,0.142,34.0,0.0,0.0,0.0,0.0,0.0,0.0,0.0,0.0,0.0,0.0,0.0,0.0,0.0,0.0,0.0,0.0,0.0,19.07,7313.0,1.39,0.7,0.69,4.42,4.52,4.31,,,,,,,,,,,,,,,,,,,,,,,,,,,
203515,Phil Pressey,Phil,1610612738,BOS,24.0,1,0,1,0.0,1.35,0,0,0.0,0,0,0.0,0,0,0.0,0,0,0,1,0,0,0,0,0,0,0,-1,1.5,0,0,1.0,1,122,122,122,233,203,223,203,102,149,102,117,132,117,128,200,211,121,164,116,68,1,1,168,209,126,225,17,2,227,,1,0.0,0.0,150.0,100.0,133.3,0.118,0.0,129,0.0,3,0.0,12,200,211,0.0,128,88.89,203,100.0,206,88.89,86,52,0.0,228,1.0,225,106.67,133.3,133.3,128,209,0.0,221,106.67,203,100.0,1,-33.3,16.7,0.0,0.0,3,228,207,1,228,228,223,1,129,-33.3,0.0,12,0.0,1.0,0.0,1.0,3.0,1.0,1.0,0.0,2.0,1.0,0.0,0.0,0.0,0.0,0.0,0.0,0.0,0.0,0.0,0.0,0.0,0.0,0.0,0.0,0.0,0.0,0.0,0.0,0.0,2.0,0.0,0.2,0.0,0.0,6.08,0.0,0.0,0.0,0.0,4.0,,,,,,,,,,,,,,,,,,,,,,,,,,,,,,,,,,,,,,,,,,,,,,,,,,,,,,,,,,,,,,,,,,,,,,,,,,,,,,,,0.0,,0.0,,,,,0.0,0.0,0.0,0.0,0.0,0.0,0.0,0.0,0.0,0.0,,,0.0,,,,0.0,0.0,,,,,,0.0,,,0.0,,,,0.0,0.0,0.0,0.0,G,12.0,12.0,0.138,1.0,0.552,0.448,0.0,0.0,,0.0,,,,0.0,0.0,0.0,,,,,0.0,0.0,,0.0,0.0,,0.0,,,0.0,0.0,BOS,0.0,0.0,0.0,,,,,0.0,2015,21400486,,BOS,DAL,20150102.0,2014-15,False,BOS,DAL,,,,,,,,,,,,,,,,,,,,,,,,,,,,,,,,,,,,,2.0,0.0,0.0,0.0,0.0,0.0,0.0,0.0,0.0,0.0,0.0,0.0,0.0,0.0,0.0,0.0,0.0,0.0,1.35,397.0,0.08,0.03,0.04,4.38,0.0,0.0,,,,,,,,,,,,,,,,,,,,,,,,,,,
203515,Phil Pressey,Phil,1610612738,BOS,24.0,1,1,0,1.0,2.216666666666667,0,0,0.0,0,0,0.0,0,0,0.0,0,0,0,1,1,0,0,0,1,0,0,-3,0.5,0,0,1.0,1,1,1,1,144,134,143,134,58,90,58,83,89,83,77,133,138,73,50,67,52,1,29,108,138,88,142,12,1,140,,144,0.0,0.0,100.0,83.3,160.0,-0.083,0.0,115,50.0,6,0.0,1,133,138,0.0,41,108.27,134,83.3,143,108.27,139,144,1.0,63,0.5,146,129.92,133.3,133.3,77,138,0.0,3,129.92,134,50.0,144,-50.0,-60.0,0.2,0.0,71,144,143,2,144,87,143,1,115,-50.0,0.167,1,50.0,1.0,0.0,0.4,3.0,5.0,0.2,1.0,6.0,2.0,1.0,0.0,0.0,0.0,0.0,1.0,0.0,0.0,0.0,0.0,0.0,1.0,0.0,0.0,0.0,0.0,0.0,0.0,0.0,6.0,0.0,0.6,0.0,0.0,6.35,0.0,0.0,2.0,0.0,6.67,,,,,,,,,,,,,,,,,,,,,,,,,,,,,,,,,,,,,,,,,,,,,,,,,,,,,,,,,,,,,,,,,,,,,,,,,,,,,,,,0.0,,0.0,,,,,0.0,0.0,0.0,0.0,0.0,0.0,0.0,0.0,0.0,0.0,,,0.0,,0.0,0.0,0.0,0.0,,,,,0.0,0.0,,,0.0,,,,0.0,0.0,0.0,0.0,G,12.0,12.0,0.138,1.0,0.552,0.448,,0.0,,0.0,,,,0.0,,0.0,,,,,,0.0,,0.0,0.0,,0.0,,,0.0,,BOS,,,0.0,,,,,0.0,2015,21400475,,BOS,SAC,20141231.0,2014-15,False,BOS,SAC,1.0,1.0,1.0,1.0,0.438,0.562,,,,,,,1.0,1.0,1.0,1.0,0.479,0.521,1.0,1.0,1.0,1.0,0.58,0.42,1.0,1.0,1.0,1.0,0.546,0.454,,,,,,,6.0,0.0,0.0,0.0,0.0,0.0,0.0,0.0,0.0,0.0,0.0,0.0,0.0,0.0,0.0,0.0,0.0,0.0,2.22,808.0,0.15,0.09,0.06,5.44,4.61,6.63,,,,,,,,,,,,,,,,,,,,,,,,,,,
203515,Phil Pressey,Phil,1610612738,BOS,24.0,1,0,1,0.0,8.086666666666666,0,2,0.0,0,0,0.0,1,2,0.5,0,0,0,2,0,0,0,0,0,1,1,-8,4.0,0,0,3.0,1,21,21,21,38,36,34,36,20,28,20,16,10,15,21,38,38,11,29,20,13,1,1,22,37,30,38,2,1,38,,1,0.0,2.0,60.5,69.2,110.1,0.0,0.0,35,0.0,13,0.0,41,38,38,0.174,21,69.25,36,69.2,40,89.99,35,41,0.0,24,0.5,37,83.1,113.3,113.3,21,36,0.0,30,83.1,36,40.0,1,-44.1,-49.6,0.171,0.0,40,38,40,1,38,20,34,4,35,-44.1,0.176,41,0.0,2.0,0.0,0.133,4.0,15.0,0.133,0.0,15.0,2.0,0.0,0.0,0.0,0.0,0.0,0.0,0.333,0.0,0.0,1.0,0.667,3.0,0.0,0.0,0.0,2.0,0.0,0.0,0.0,17.0,1.0,1.4,0.0,0.0,5.05,0.0,0.0,5.0,0.059,5.53,,,,,,,,,,,,,,,,,,,,,,,,,,,,,,,,,,,,,,,,,1.0,0.5,0.0,0.0,0.0,0.0,0.5,1.0,0.0,,0.0,0.0,0.0,1.0,0.0,0.0,0.0,0.5,0.0,0.0,0.0,0.0,0.5,1.0,0.0,,,,,,,,,,,,,,,0.0,,0.0,0.0,0.0,,,2.0,0.0,0.0,0.0,0.0,0.0,0.0,0.0,0.0,0.0,,0.0,0.0,,0.0,1.0,0.0,0.0,,,,,0.0,0.0,,,0.0,0.0,,0.0,1.0,0.0,0.0,0.0,G,20.0,17.0,0.16,0.85,0.562,0.288,0.0,0.0,,0.0,,,0.0,0.0,0.0,0.0,0.0,0.0,,0.0,0.0,0.0,0.0,1.0,0.0,0.0,0.0,,,0.0,0.0,BOS,0.0,1.0,0.0,,,,,0.0,2015,21400716,,BOS,MIA,20150201.0,2014-15,False,BOS,MIA,,,,,,,,,,,,,,,,,,,,,,,,,,,,,,,,,,,,,17.0,0.0,0.0,0.0,0.0,0.0,0.0,0.0,0.0,0.0,0.0,0.0,0.0,0.0,0.0,0.0,0.0,0.0,8.08,2895.0,0.55,0.26,0.29,3.72,5.28,3.86,,,,,,,,,,,,,,,,,,,,,,,,,,,
203515,Phil Pressey,Phil,1610612738,BOS,24.0,1,1,0,1.0,15.816666666666666,1,4,0.25,1,3,0.333,3,4,0.75,0,1,1,3,2,0,0,0,1,2,6,5,9.7,0,0,11.0,1,1,1,1,172,175,160,187,39,52,55,32,28,77,121,155,176,45,37,105,77,1,52,70,131,60,175,21,1,159,,188,0.032,4.0,100.3,91.2,84.2,0.071,0.067,175,18.2,34,0.0,95,162,180,0.521,53,82.19,175,91.2,92,93.77,146,50,1.5,70,0.429,40,98.63,83.9,83.9,121,117,1.0,190,98.63,160,27.3,186,7.3,16.1,0.229,0.375,117,36,92,14,36,86,160,48,175,7.3,0.211,95,18.6,7.0,2.0,0.167,10.0,36.0,0.083,1.0,38.0,6.0,1.0,0.0,0.5,0.0,0.25,0.25,0.0,2.0,2.0,0.0,0.5,4.0,1.0,1.0,0.0,2.0,2.0,1.0,0.0,44.0,6.0,4.4,0.0,0.0,5.98,0.0,0.0,13.0,0.136,6.57,0.0,7.3,2.0,7.3,1.0,0.0,0.333,0.0,0.0,0.0,0.5,3.0,0.0,0.0,1.0,0.0,0.0,0.0,0.0,0.333,1.0,0.5,0.0,0.0,,,,,,,,,,,,,,,,,,,,,,,,,,,,,,2.0,1.0,0.0,0.0,0.5,0.0,0.0,0.0,0.25,0.25,1.0,0.0,0.0,0.5,1.0,0.0,0.0,2.0,0.5,,0.5,0.75,0.0,2.0,0.5,1.0,0.0,2.0,0.0,0.0,0.0,0.0,0.0,3.0,0.0,0.0,0.0,0.0,0.375,1.0,0.0,3.0,0.0,0.0,0.0,0.0,0.0,0.0,0.0,3.0,0.333,0.0,0.0,0.0,0.0,0.0,0.0,0.0,0.0,1.0,0.0,0.0,0.0,1.0,0.0,0.0,0.0,G,18.0,15.0,0.153,0.833,0.557,0.276,1.0,0.333,,0.0,,,0.0,3.0,0.0,0.0,0.0,0.0,,0.0,0.0,1.0,0.0,0.0,0.0,0.0,0.0,,,0.0,0.0,BOS,0.0,0.0,1.0,1.0,1.0,1.0,1.5,1.0,2015,21400649,,DEN,BOS,20150123.0,2014-15,False,BOS,DEN,1.0,3.0,6.0,0.5,0.396,0.104,0.5,1.0,3.0,0.333,0.353,-0.02,0.5,2.0,3.0,0.667,0.469,0.198,0.167,1.0,1.0,1.0,0.546,0.454,0.167,1.0,1.0,1.0,0.481,0.519,0.667,2.0,4.0,0.5,0.354,0.146,44.0,0.0,0.0,0.0,0.0,0.0,0.0,0.0,0.0,0.0,0.0,0.0,0.0,0.0,0.0,0.0,0.0,0.0,15.82,5598.0,1.06,0.6,0.46,4.28,4.29,4.28,,,,,,,,,,,,,,,,,,,,,,,,,,,
203515,Phil Pressey,Phil,1610612738,BOS,24.0,1,1,0,1.0,27.09,4,5,0.8,0,0,0.0,2,4,0.5,0,4,4,10,3,2,1,0,4,3,10,17,35.8,1,0,30.0,1,1,1,1,67,71,122,9,79,120,79,44,29,74,83,49,71,2,19,12,19,1,165,29,84,14,24,1,2,32,,137,0.07,5.0,107.9,112.5,79.6,0.22,0.121,57,15.0,56,0.0,64,86,105,0.74,14,83.43,71,112.5,13,102.95,13,18,3.33,134,0.476,12,100.11,80.7,80.7,83,26,4.0,52,100.11,15,50.0,137,31.8,28.3,0.159,0.8,73,15,13,5,15,130,122,6,57,31.8,0.161,64,15.2,16.0,0.0,0.169,29.0,59.0,0.169,0.0,62.0,10.0,1.0,3.0,0.571,3.0,0.143,0.071,0.214,4.0,2.0,3.0,0.357,14.0,0.5,2.0,1.0,5.0,8.0,2.0,1.0,69.0,10.0,4.9,0.0,0.0,4.24,0.0,0.0,26.0,0.145,4.45,0.0,9.8,9.0,9.8,4.0,1.0,0.4,1.0,0.0,0.0,0.5,10.0,0.0,0.0,4.0,0.0,0.0,0.0,0.0,0.444,1.0,0.444,0.0,0.0,,,,,,,,,,,,,,,,,4.0,0.8,0.0,0.75,0.0,3.0,0.8,4.0,0.75,,3.0,0.75,0.0,1.0,0.0,1.0,0.0,0.2,1.0,1.0,1.0,0.0,0.2,1.0,1.0,,,,,,,,,,,,,,,1.0,,2.0,1.0,1.0,,,1.0,0.0,0.0,0.0,0.0,0.8,0.0,0.0,0.0,0.0,0.0,0.0,0.0,0.0,1.0,1.0,0.0,0.0,0.0,0.0,0.0,0.0,1.0,3.0,0.0,0.0,0.0,0.0,0.0,0.0,0.0,0.0,4.0,0.75,G,24.0,20.0,0.161,0.833,0.567,0.267,0.0,0.0,,0.75,0.0,,0.0,0.0,1.0,3.0,0.0,0.0,,0.0,0.0,0.0,0.0,0.0,4.0,0.0,0.0,0.0,0.0,0.0,0.0,BOS,1.0,1.0,0.0,,,,,0.0,2015,21400969,,BOS,ORL,20150313.0,2014-15,False,BOS,ORL,1.0,3.0,8.0,0.375,0.435,-0.06,0.25,1.0,2.0,0.5,0.29,0.211,0.75,2.0,6.0,0.333,0.474,-0.14,0.25,1.0,2.0,0.5,0.595,-0.095,0.5,1.0,4.0,0.25,0.506,-0.256,0.5,2.0,4.0,0.5,0.375,0.125,69.0,0.0,0.0,0.0,0.0,0.0,0.0,0.0,0.0,0.0,0.0,0.0,0.0,0.0,0.0,0.0,0.0,0.0,27.08,10453.0,1.98,1.01,0.97,4.56,5.07,4.14,,,,,,,,,,,,,,,,,,,,,,,,,,,
203515,Phil Pressey,Phil,1610612738,BOS,24.0,1,1,0,1.0,17.983333333333334,1,4,0.25,1,4,0.25,2,4,0.5,0,1,1,2,1,1,0,0,0,2,5,0,11.2,0,0,11.0,1,1,1,1,145,152,147,154,40,35,72,52,33,93,108,141,160,67,85,45,61,1,1,63,140,92,151,15,1,150,,114,0.027,4.0,99.8,105.7,111.0,0.048,0.063,75,11.1,35,0.0,160,143,168,0.434,27,78.96,152,105.7,86,93.95,146,144,2.0,145,0.154,142,94.75,102.8,102.8,108,137,1.0,170,94.75,136,22.2,105,2.9,-11.3,0.157,0.375,113,104,86,77,104,136,147,57,75,2.9,0.159,160,11.4,11.0,1.0,0.071,7.0,42.0,0.048,0.0,45.0,3.0,1.0,0.0,0.167,0.0,0.167,0.167,0.0,2.0,1.0,0.0,0.667,6.0,0.5,1.0,0.0,4.0,1.0,1.0,1.0,49.0,5.0,4.3,1.0,1.0,5.23,0.0,0.0,21.0,0.102,5.31,0.0,8.7,3.0,8.7,1.0,0.0,0.333,0.0,0.0,0.0,0.333,3.0,0.0,0.0,1.0,0.0,0.0,0.0,0.0,0.333,0.0,0.333,0.0,0.0,,,,,,,,,,,,,,,,,0.0,0.0,1.0,,0.25,1.0,0.25,1.0,1.5,1.0,0.0,1.0,1.0,1.0,1.0,0.0,0.0,0.25,0.0,0.0,,0.25,0.0,0.0,0.0,0.0,0.5,0.0,0.0,0.0,2.0,0.5,,0.0,0.0,0.0,2.0,0.0,0.0,1.0,2.0,3.0,0.75,0.5,0.5,1.0,2.0,0.0,0.0,1.0,0.0,0.375,0.0,0.0,0.0,1.0,0.0,0.0,0.0,0.0,0.0,0.0,3.0,0.333,0.0,0.0,0.0,0.0,0.0,0.0,0.0,1.0,1.0,0.0,1.0,0.0,0.0,0.0,0.0,0.0,G,22.0,19.0,0.156,0.864,0.564,0.299,0.0,0.0,,0.0,1.0,,0.0,2.0,0.0,0.0,0.0,0.0,,0.0,0.0,0.0,0.0,1.0,0.0,0.0,0.0,1.0,1.0,0.0,0.0,BOS,0.0,0.0,2.0,0.0,2.0,0.0,0.0,0.0,2015,21400954,,BOS,MEM,20150311.0,2014-15,False,BOS,MEM,1.0,3.0,7.0,0.429,0.461,-0.032,0.429,2.0,3.0,0.667,0.34,0.327,0.571,1.0,4.0,0.25,0.501,-0.251,0.143,1.0,1.0,1.0,0.54,0.46,0.143,1.0,1.0,1.0,0.523,0.477,0.857,2.0,6.0,0.333,0.375,-0.042,49.0,0.0,0.0,0.0,0.0,0.0,0.0,0.0,0.0,0.0,0.0,0.0,0.0,0.0,0.0,0.0,0.0,0.0,17.98,6727.0,1.27,0.71,0.56,4.36,4.35,4.37,,,,,,,,,,,,,,,,,,,,,,,,,,,
203515,Phil Pressey,Phil,1610612738,BOS,24.0,1,0,1,0.0,13.393333333333333,0,6,0.0,0,5,0.0,2,2,1.0,1,2,3,1,3,0,0,0,5,3,2,-8,4.1,0,0,6.0,1,120,120,120,185,207,131,207,100,28,100,57,77,1,55,110,103,116,19,107,66,1,226,42,196,193,211,17,3,194,,216,0.107,6.0,77.6,71.9,108.4,-0.246,0.143,221,27.3,32,0.071,10,86,72,0.145,115,91.09,207,71.9,214,104.36,232,211,0.33,15,0.111,139,109.31,106.9,106.9,51,208,0.0,21,109.31,207,9.1,214,-35.0,-30.8,0.312,0.0,221,135,214,119,135,26,131,146,221,-35.0,0.286,10,27.6,7.0,1.0,0.111,3.0,27.0,0.037,1.0,33.0,3.0,0.0,1.0,0.0,0.0,0.0,0.0,0.0,0.0,0.0,0.0,0.714,7.0,0.0,0.0,0.0,5.0,0.0,0.0,0.0,40.0,2.0,3.4,0.0,0.0,5.1,0.0,0.0,12.0,0.05,4.68,0.0,16.3,4.0,16.3,2.0,0.0,0.429,0.0,0.0,0.333,0.5,7.0,0.0,0.0,2.0,0.0,0.0,0.333,0.0,0.429,3.0,0.5,0.0,0.0,0.0,0.0,1.0,0.167,0.0,0.0,0.0,0.0,1.0,,0.0,0.167,0.0,1.0,,,,,,,,,,,,,,,,,,,,,,,,,,,,,0.833,0.0,0.0,0.0,5.0,0.833,,0.0,0.0,0.0,5.0,0.0,0.0,0.0,5.0,0.0,0.0,0.0,0.0,0.0,5.0,0.0,0.0,0.0,0.0,0.0,0.0,0.0,0.0,0.0,0.0,1.0,0.0,0.0,0.0,0.0,4.0,0.0,,0.0,,,0.0,0.0,0.0,0.0,0.0,0.0,0.0,0.0,0.0,0.0,1.0,0.0,G,28.0,24.0,0.167,0.857,0.565,0.292,0.0,0.0,,0.0,,,0.0,0.0,0.0,0.0,1.0,0.0,,0.0,0.0,0.0,0.0,4.0,1.0,0.0,0.0,,,0.0,0.0,BOS,0.0,0.0,0.0,,0.0,0.0,,0.0,2015,21401011,,OKC,BOS,20150318.0,2014-15,False,BOS,OKC,1.0,3.0,5.0,0.6,0.425,0.175,0.4,0.0,2.0,0.0,0.386,-0.386,0.6,3.0,3.0,1.0,0.457,0.543,0.2,1.0,1.0,1.0,0.642,0.358,0.2,1.0,1.0,1.0,0.539,0.461,0.6,1.0,3.0,0.333,0.368,-0.035,40.0,0.0,0.0,0.0,0.0,0.0,0.0,0.0,0.0,0.0,0.0,0.0,0.0,0.0,0.0,0.0,0.0,0.0,13.4,5385.0,1.02,0.53,0.49,4.49,4.7,4.29,,,,,,,,,,,,,,,,,,,,,,,,,,,
203515,Phil Pressey,Phil,1610612738,BOS,24.0,1,0,1,0.0,17.816666666666666,2,5,0.4,0,1,0.0,0,0,0.0,1,3,4,3,1,1,0,0,0,1,4,-9,15.3,0,0,13.0,1,132,132,132,177,148,162,140,111,117,111,137,148,137,71,92,93,53,87,44,81,1,1,123,181,203,149,22,3,155,,171,0.103,5.0,65.2,69.4,95.4,0.14,0.188,232,11.1,36,0.043,114,67,94,0.4,17,80.82,148,69.4,208,99.63,66,223,3.0,185,0.375,67,96.99,94.4,94.4,93,180,2.0,80,96.99,163,33.3,170,-25.0,-30.2,0.139,0.4,238,61,208,18,61,180,162,19,232,-25.0,0.14,114,11.1,6.0,0.0,0.086,7.0,35.0,0.086,0.0,36.0,3.0,0.0,0.0,0.0,0.0,0.0,0.0,0.0,0.0,0.0,0.0,1.0,3.0,0.0,0.0,0.0,3.0,0.0,2.0,1.0,42.0,4.0,3.3,0.0,0.0,4.7,0.0,0.0,18.0,0.095,4.62,2.0,9.0,2.0,8.7,2.0,0.0,0.571,0.0,1.0,0.2,1.5,7.0,1.0,0.0,2.0,0.0,1.0,0.2,0.333,0.571,5.0,1.5,0.5,10.0,0.0,0.0,1.0,0.2,0.0,0.0,0.0,0.0,1.0,,0.0,0.2,0.0,1.0,,,3.0,0.6,0.0,0.667,0.0,2.0,0.6,3.0,0.667,,2.0,0.667,0.0,1.0,1.0,0.0,0.0,0.2,0.0,0.0,,0.2,0.0,0.0,0.0,0.0,,,,,,,,,,,,,,1.0,0.0,2.0,0.5,0.5,,0.0,2.0,0.0,0.0,0.0,0.0,0.4,0.0,0.0,0.0,0.0,,0.0,0.0,,0.5,2.0,1.0,0.0,,,,,1.0,1.0,,,0.0,0.0,,0.0,0.0,0.0,2.0,0.5,G,28.0,24.0,0.165,0.857,0.565,0.292,0.0,0.0,,0.5,,,0.0,0.0,1.0,1.0,0.0,0.0,,0.0,0.0,0.0,0.0,1.0,2.0,1.0,0.0,,,0.0,0.0,BOS,1.0,1.0,1.0,0.0,1.0,0.0,0.0,0.0,2015,21401028,,SAS,BOS,20150320.0,2014-15,False,BOS,SAS,1.0,2.0,2.0,1.0,0.517,0.484,,,,,,,1.0,2.0,2.0,1.0,0.524,0.477,,,,,,,,,,,,,,,,,,,42.0,0.0,0.0,0.0,0.0,0.0,0.0,0.0,0.0,0.0,0.0,0.0,0.0,0.0,0.0,0.0,0.0,0.0,17.82,7476.0,1.42,0.72,0.69,4.72,4.66,4.77,,,,,,,,,,,,,,,,,,,,,,,,,,,
203515,Phil Pressey,Phil,1610612738,BOS,24.0,1,0,1,0.0,5.516666666666667,1,5,0.2,1,2,0.5,0,0,0.0,0,0,0,0,0,0,0,1,0,0,3,-15,3.0,0,0,4.0,1,140,140,140,261,210,181,231,51,105,36,151,159,151,143,241,253,201,183,137,90,175,1,196,219,257,257,23,1,252,,1,0.0,5.0,47.0,46.2,175.0,-0.036,0.0,273,0.0,13,0.0,20,241,253,0.3,144,90.63,210,46.2,274,107.72,257,274,0.0,9,0.0,276,108.76,175.0,175.0,143,232,1.0,25,108.76,211,0.0,1,-128.8,-128.0,0.339,0.3,273,275,274,201,275,12,181,201,273,-128.8,0.313,20,0.0,2.0,0.0,0.143,0.0,7.0,0.0,1.0,12.0,1.0,0.0,2.0,0.0,0.0,0.0,0.0,0.0,0.0,0.0,0.0,0.0,2.0,0.0,0.0,0.0,0.0,0.0,0.0,0.0,12.0,3.0,1.6,0.0,0.0,7.94,0.0,0.0,5.0,0.25,8.25,,,,,,,,,,,,,,,,,,,,,,,,,,,,,,,,,,,,,,,,,2.0,0.5,0.0,0.0,0.0,0.0,0.5,2.0,0.0,,0.0,0.0,0.0,,,,,,,,,,,,,,0.5,1.0,0.0,0.0,2.0,0.5,,0.5,0.75,0.0,2.0,0.5,1.0,1.0,2.0,3.0,0.5,0.333,0.5,1.0,3.0,0.0,0.0,0.0,0.0,0.3,0.0,0.0,0.0,0.0,0.0,,0.0,,0.0,2.0,2.0,0.5,0.0,0.0,0.0,0.0,0.0,0.0,,,1.0,,0.0,,1.0,0.0,0.0,0.0,G,21.0,18.0,0.164,0.857,0.565,0.292,1.0,0.0,0.0,0.0,,0.0,,0.0,0.0,0.0,,0.0,0.0,,0.0,0.0,0.0,2.0,0.0,2.0,0.5,,,1.0,0.0,BOS,0.0,0.0,0.0,,0.0,0.0,,0.0,2015,21400813,,SAC,BOS,20150220.0,2014-15,False,BOS,SAC,1.0,1.0,2.0,0.5,0.474,0.027,,,,,,,1.0,1.0,2.0,0.5,0.525,-0.025,0.5,1.0,1.0,1.0,0.626,0.374,0.5,1.0,1.0,1.0,0.578,0.422,,,,,,,12.0,0.0,0.0,0.0,0.0,0.0,0.0,0.0,0.0,0.0,0.0,0.0,0.0,0.0,0.0,0.0,0.0,0.0,5.52,1974.0,0.37,0.21,0.16,4.39,3.58,5.7,,,,,,,,,,,,,,,,,,,,,,,,,,,
203515,Phil Pressey,Phil,1610612738,BOS,24.0,1,0,1,0.0,14.166666666666666,3,9,0.333,0,1,0.0,0,0,0.0,0,3,3,2,0,2,0,2,1,1,6,11,18.6,0,0,15.0,1,114,114,114,183,100,78,142,90,115,90,123,132,123,123,85,111,76,146,10,73,198,43,107,134,27,106,23,1,127,,1,0.1,9.0,114.7,125.9,77.6,0.156,0.214,19,0.0,27,0.0,85,43,83,0.333,121,80.47,100,125.9,3,100.43,46,15,0.0,40,0.2,15,96.56,76.7,76.7,123,167,3.0,47,96.56,153,18.2,1,49.3,37.1,0.268,0.333,53,14,3,62,14,33,78,76,19,49.3,0.273,85,0.0,3.0,0.0,0.063,5.0,32.0,0.063,0.0,35.0,2.0,0.0,3.0,0.8,2.0,0.0,0.0,0.0,0.0,0.0,0.0,0.4,5.0,0.0,0.0,0.667,2.0,4.0,0.0,0.0,42.0,6.0,3.1,0.0,0.0,4.36,0.0,0.0,19.0,0.143,3.6,0.0,12.0,4.0,12.0,3.0,0.0,0.5,0.0,0.0,0.0,0.75,6.0,0.0,0.0,3.0,0.0,0.0,0.0,0.0,0.5,2.0,0.75,0.0,0.0,0.5,0.0,1.0,0.286,0.0,0.0,1.0,1.0,2.0,,0.5,0.286,0.5,2.0,,,2.0,0.286,0.0,0.5,0.0,1.0,0.286,2.0,0.5,,1.0,0.5,0.0,2.0,1.0,0.5,0.0,0.286,1.0,1.0,1.0,0.143,0.143,1.0,0.5,0.0,0.143,0.0,0.0,0.143,0.0,0.0,0.0,,0.0,1.0,1.0,0.0,0.0,0.0,0.0,0.0,0.0,0.0,,0.0,1.0,0.0,0.0,0.0,0.0,0.333,0.0,0.0,0.0,0.0,0.0,0.0,0.0,,0.0,0.0,1.0,0.0,0.0,0.0,0.0,0.0,0.0,3.0,,,0.0,0.0,0.0,0.0,1.0,0.0,7.0,0.429,G,14.0,12.0,0.144,0.857,0.556,0.301,0.0,0.0,0.0,0.429,,0.0,0.0,0.0,0.0,3.0,0.0,0.0,0.0,0.0,0.0,0.0,0.0,2.0,7.0,0.0,0.0,,,0.0,0.0,BOS,0.0,0.0,1.0,0.0,1.0,0.0,0.0,0.0,2015,21400510,,BOS,CHA,20150105.0,2014-15,False,BOS,CHA,1.0,2.0,4.0,0.5,0.405,0.095,0.25,1.0,1.0,1.0,0.321,0.679,0.75,1.0,3.0,0.333,0.432,-0.099,,,,,,,,,,,,,0.75,2.0,3.0,0.667,0.365,0.302,42.0,0.0,0.0,0.0,0.0,0.0,0.0,0.0,0.0,0.0,0.0,0.0,0.0,0.0,0.0,0.0,0.0,0.0,14.17,5717.0,1.08,0.48,0.6,4.66,4.73,4.61,,,,,,,,,,,,,,,,,,,,,,,,,,,
203515,Phil Pressey,Phil,1610612738,BOS,24.0,1,0,1,0.0,18.166666666666668,4,6,0.667,0,0,0.0,3,4,0.75,1,4,5,6,2,1,1,1,1,3,11,9,30.0,0,0,26.0,1,136,136,136,191,85,145,30,112,177,112,48,43,74,66,72,80,13,42,48,26,173,48,43,87,50,53,20,1,61,,171,0.114,6.0,96.3,91.7,63.4,0.557,0.167,176,12.5,36,0.05,174,81,77,0.709,13,77.06,85,91.7,53,95.28,1,31,3.0,51,0.857,5,92.48,70.6,70.6,85,45,4.0,136,92.48,47,37.5,158,21.1,32.8,0.262,0.667,149,19,53,1,19,57,145,21,176,21.1,0.25,174,12.7,15.0,0.0,0.162,14.0,37.0,0.162,0.0,40.0,6.0,0.0,5.0,0.786,4.0,0.143,0.0,0.143,4.0,3.0,2.0,0.357,14.0,0.75,2.0,0.8,5.0,11.0,0.0,2.0,49.0,11.0,4.4,0.0,0.5,5.33,0.0,0.0,22.0,0.224,5.51,0.0,7.8,7.0,8.3,4.0,0.0,0.417,0.0,0.0,0.2,0.571,12.0,0.0,1.0,5.0,0.0,0.0,0.2,0.0,0.417,5.0,0.571,0.0,5.5,0.667,0.0,1.0,0.6,0.0,0.0,2.0,2.0,3.0,,0.667,0.6,0.667,3.0,,,1.0,0.2,0.0,1.0,0.0,1.0,0.2,1.0,1.0,,1.0,1.0,0.0,1.0,0.0,1.0,0.0,0.2,1.0,1.0,1.0,0.0,0.2,1.0,1.0,,,,,,,,,,,,,,,0.0,,0.0,,,,,0.0,0.0,0.0,0.0,0.0,0.667,0.0,0.0,0.0,1.0,0.0,0.0,0.0,0.0,0.0,0.0,0.0,0.0,0.0,0.0,0.0,0.0,0.0,4.0,0.0,0.0,0.0,0.0,0.0,0.0,0.0,0.0,6.0,0.667,G,33.0,28.0,0.172,0.848,0.571,0.277,0.0,0.0,0.0,0.667,,0.0,0.0,0.0,0.0,4.0,0.0,0.0,0.0,0.0,0.0,0.0,0.0,0.0,6.0,0.0,0.0,,,0.0,0.0,BOS,0.0,0.0,0.0,,,,,0.0,2015,21401064,,BOS,MIA,20150325.0,2014-15,False,BOS,MIA,1.0,3.0,6.0,0.5,0.444,0.056,0.333,1.0,2.0,0.5,0.37,0.131,0.667,2.0,4.0,0.5,0.5,0.0,0.5,2.0,3.0,0.667,0.644,0.022,0.667,2.0,4.0,0.5,0.581,-0.081,0.333,1.0,2.0,0.5,0.369,0.132,49.0,0.0,0.0,0.0,0.0,0.0,0.0,0.0,0.0,0.0,0.0,0.0,0.0,0.0,0.0,0.0,0.0,0.0,18.17,6855.0,1.3,0.66,0.64,4.31,5.48,3.45,,,,,,,,,,,,,,,,,,,,,,,,,,,
203515,Phil Pressey,Phil,1610612738,BOS,24.0,1,0,1,0.0,5.666666666666667,1,1,1.0,1,1,1.0,0,0,0.0,0,2,2,1,1,0,0,0,1,1,3,4,5.9,0,0,7.0,1,104,104,104,192,155,188,1,35,92,1,119,128,119,117,112,137,94,68,91,58,1,40,102,164,70,176,15,2,167,,200,0.133,1.0,139.4,125.0,76.8,0.182,0.182,15,33.3,12,0.0,12,51,42,1.5,52,88.24,155,125.0,12,106.22,28,2,1.0,107,0.25,12,105.88,84.6,84.6,117,1,1.0,5,105.88,1,33.3,199,40.4,62.6,0.186,1.5,5,42,12,34,42,122,188,24,15,40.4,0.167,12,33.3,1.0,0.0,0.111,2.0,9.0,0.111,0.0,8.0,1.0,0.0,0.0,0.0,0.0,0.0,0.0,0.0,0.0,0.0,0.0,1.0,1.0,0.0,0.0,0.0,1.0,0.0,1.0,0.0,10.0,3.0,0.7,0.0,0.0,4.03,0.0,0.0,2.0,0.3,4.4,1.0,5.3,3.0,5.3,1.0,0.0,0.667,0.0,0.0,0.0,0.667,3.0,0.0,0.0,1.0,0.0,1.0,0.0,0.5,0.667,0.0,0.667,0.5,0.0,,,,,,,,,,,,,,,,,,,,,,,,,,,,,,1.0,1.0,1.5,1.0,1.0,1.0,0.0,,1.0,0.0,0.0,1.0,1.0,,,,,,,,,,,,,,0.0,0.0,0.0,,,,0.0,0.0,0.0,0.0,0.0,0.0,1.5,1.0,0.0,3.0,0.0,0.0,,0.0,0.0,0.0,0.0,1.0,1.0,,0.0,,,0.0,0.0,0.0,0.0,1.0,,0.0,,0.0,0.0,0.0,0.0,G,4.0,4.0,0.071,1.0,0.574,0.427,0.0,1.0,,0.0,,,,1.0,0.0,0.0,,0.0,,,0.0,1.0,0.0,0.0,0.0,0.0,0.0,,,0.0,0.0,BOS,0.0,0.0,1.0,1.0,1.0,1.0,1.5,1.0,2015,21400316,,CHA,BOS,20141210.0,2014-15,False,BOS,CHA,1.0,3.0,4.0,0.75,0.41,0.34,,,,,,,1.0,3.0,4.0,0.75,0.44,0.311,0.25,1.0,1.0,1.0,0.635,0.365,0.25,1.0,1.0,1.0,0.528,0.472,0.5,2.0,2.0,1.0,0.362,0.638,10.0,0.0,0.0,0.0,0.0,0.0,0.0,0.0,0.0,0.0,0.0,0.0,0.0,0.0,0.0,0.0,0.0,0.0,5.67,2230.0,0.42,0.18,0.24,4.24,5.52,3.45,,,,,,,,,,,,,,,,,,,,,,,,,,,
203515,Phil Pressey,Phil,1610612738,BOS,24.0,1,1,0,1.0,17.833333333333332,1,2,0.5,0,1,0.0,0,0,0.0,0,1,1,4,1,0,0,0,3,1,2,14,8.2,0,0,7.0,1,1,1,1,88,84,101,31,43,57,43,71,76,71,69,82,92,16,42,54,42,1,80,57,97,12,96,8,2,100,,90,0.027,2.0,126.7,131.4,93.3,0.031,0.05,4,14.3,35,0.0,61,88,98,0.5,6,79.63,84,131.4,11,95.01,87,16,4.0,112,0.211,31,95.55,88.9,88.9,69,57,1.0,67,95.55,42,57.1,88,42.5,33.3,0.076,0.5,7,28,11,26,28,110,101,1,4,42.5,0.077,61,14.3,9.0,0.0,0.148,11.0,27.0,0.148,0.0,30.0,4.0,0.0,1.0,0.5,1.0,0.0,0.0,0.25,0.0,0.0,1.0,0.5,4.0,0.0,0.0,1.0,2.0,2.0,0.0,0.0,31.0,2.0,2.5,0.0,0.0,4.87,0.0,0.0,14.0,0.065,5.03,0.0,9.0,2.0,9.0,1.0,1.0,0.5,1.0,0.0,0.0,1.0,2.0,0.0,0.0,1.0,0.0,0.0,0.0,0.0,1.0,0.0,0.5,0.0,0.0,1.0,0.0,1.0,0.5,0.0,0.0,1.0,1.0,1.0,,1.0,0.5,1.0,1.0,,,,,,,,,,,,,,,,1.0,1.0,0.0,0.0,0.5,0.0,0.0,,0.5,0.0,0.0,0.0,0.0,,,,,,,,,,,,,,0.0,0.0,0.0,,,,0.0,0.0,0.0,0.0,0.0,0.0,0.5,0.0,0.0,0.0,0.0,0.0,0.0,0.0,0.0,0.0,0.0,1.0,0.0,0.0,0.0,0.0,0.0,0.0,1.0,0.0,0.0,0.0,0.0,0.0,0.0,0.0,0.0,1.0,1.0,G,30.0,26.0,0.161,0.867,0.564,0.303,0.0,0.0,,1.0,0.0,,0.0,1.0,0.0,1.0,0.0,0.0,,0.0,0.0,0.0,0.0,0.0,1.0,0.0,0.0,0.0,0.0,0.0,0.0,BOS,0.0,0.0,1.0,0.0,1.0,0.0,0.0,0.0,2015,21401049,,BKN,BOS,20150323.0,2014-15,False,BOS,BKN,1.0,1.0,7.0,0.143,0.445,-0.302,0.143,0.0,1.0,0.0,0.273,-0.273,0.857,1.0,6.0,0.167,0.49,-0.323,0.143,1.0,1.0,1.0,0.529,0.471,0.143,1.0,1.0,1.0,0.541,0.459,0.429,0.0,3.0,0.0,0.386,-0.386,31.0,0.0,0.0,0.0,0.0,0.0,0.0,0.0,0.0,0.0,0.0,0.0,0.0,0.0,0.0,0.0,0.0,0.0,17.83,7063.0,1.34,0.69,0.65,4.39,5.04,4.46,,,,,,,,,,,,,,,,,,,,,,,,,,,
203515,Phil Pressey,Phil,1610612738,BOS,24.0,1,0,1,0.0,12.0,2,3,0.667,1,2,0.5,0,0,0.0,0,2,2,4,0,0,1,0,2,0,5,11,16.4,0,0,14.0,1,73,73,73,126,83,117,12,34,64,14,78,82,78,73,78,91,23,98,74,20,1,63,106,95,27,80,15,1,84,,1,0.071,3.0,116.5,123.8,73.8,0.298,0.133,16,0.0,21,0.0,142,58,75,0.833,71,70.0,83,123.8,9,85.28,4,15,0.0,128,0.571,9,84.0,71.4,71.4,73,6,2.0,141,84.0,5,57.1,1,52.4,42.7,0.114,0.833,20,7,9,1,7,125,117,3,16,52.4,0.115,142,0.0,8.0,0.0,0.208,11.0,24.0,0.167,1.0,24.0,5.0,0.0,0.0,0.0,0.0,0.0,0.0,0.667,0.0,0.0,2.0,0.333,3.0,0.0,0.0,0.0,1.0,0.0,0.0,0.0,27.0,5.0,2.5,0.0,0.0,5.6,0.0,0.0,11.0,0.185,5.85,0.0,7.6,3.0,7.6,2.0,0.0,0.667,0.0,0.0,0.0,0.667,3.0,0.0,0.0,2.0,0.0,0.0,0.0,0.0,0.667,0.0,0.667,0.0,0.0,,,,,,,,,,,,,,,,,,,,,,,,,,,,,,2.0,1.0,1.25,1.0,0.667,2.0,1.0,1.0,0.333,0.333,1.0,1.0,1.0,0.333,0.0,0.0,0.0,1.0,0.333,,0.0,0.0,0.0,1.0,0.0,0.0,2.0,2.0,5.0,0.833,0.667,0.5,1.0,3.0,0.0,0.0,0.0,0.0,0.833,0.0,0.0,0.0,0.0,0.0,,1.0,0.0,0.0,0.0,2.0,0.5,0.0,0.0,0.0,0.0,0.0,0.0,0.0,0.0,1.0,,0.0,,1.0,1.0,0.0,0.0,G,21.0,18.0,0.157,0.857,0.565,0.292,0.0,0.0,,0.0,,,,1.0,0.0,0.0,,0.0,,,0.0,0.0,0.0,2.0,0.0,0.0,1.0,,,2.0,0.0,BOS,0.0,0.0,0.0,,0.0,0.0,,0.0,2015,21400891,,CLE,BOS,20150303.0,2014-15,False,BOS,CLE,1.0,0.0,5.0,0.0,0.359,-0.359,0.6,0.0,3.0,0.0,0.38,-0.38,0.4,0.0,2.0,0.0,0.369,-0.369,,,,,,,,,,,,,0.6,0.0,3.0,0.0,0.362,-0.362,27.0,0.0,0.0,0.0,0.0,0.0,0.0,0.0,0.0,0.0,0.0,0.0,0.0,0.0,0.0,0.0,0.0,0.0,12.0,4120.0,0.78,0.37,0.41,4.0,4.82,3.42,,,,,,,,,,,,,,,,,,,,,,,,,,,
203515,Phil Pressey,Phil,1610612738,BOS,24.0,1,0,1,0.0,4.316666666666666,0,0,0.0,0,0,0.0,1,2,0.5,0,0,0,0,1,0,0,0,1,1,1,-3,0.0,0,0,1.0,1,85,85,85,159,147,165,147,64,104,64,72,57,73,86,140,145,123,60,86,51,1,37,91,147,110,165,17,2,160,,173,0.0,0.0,82.7,81.8,121.5,-0.108,0.0,141,50.0,11,0.0,3,140,145,0.568,92,101.93,147,81.8,150,115.42,166,157,0.0,102,0.0,161,122.32,109.1,109.1,86,53,0.0,4,122.32,147,0.0,170,-27.3,-38.7,0.173,0.0,141,129,150,123,129,87,165,123,141,-27.3,0.182,3,53.2,0.0,0.0,0.0,0.0,11.0,0.0,0.0,11.0,0.0,0.0,0.0,0.0,0.0,0.0,0.0,0.0,0.0,0.0,0.0,1.0,2.0,0.0,0.0,0.0,2.0,0.0,0.0,0.0,12.0,1.0,0.8,0.0,0.0,4.04,0.0,0.0,2.0,0.083,4.17,,,,,,,,,,,,,,,,,,,,,,,,,,,,,,,,,,,,,,,,,,,,,,,,,,,,,,,,,,,,,,,,,,,,,,,,,,,,,,,,0.0,,0.0,,,,,0.0,0.0,0.0,0.0,0.0,0.0,0.0,0.0,0.0,0.0,,0.0,0.0,,0.0,0.0,0.0,0.0,,,,,0.0,0.0,,,0.0,0.0,,0.0,0.0,0.0,0.0,0.0,G,3.0,3.0,0.071,1.0,0.553,0.447,0.0,0.0,,0.0,,,0.0,0.0,0.0,0.0,0.0,0.0,,0.0,0.0,0.0,0.0,0.0,0.0,0.0,0.0,,,0.0,0.0,BOS,0.0,0.0,0.0,,,,,0.0,2015,21400241,,BOS,SAS,20141130.0,2014-15,False,BOS,SAS,1.0,2.0,2.0,1.0,0.43,0.57,0.5,1.0,1.0,1.0,0.385,0.615,0.5,1.0,1.0,1.0,0.478,0.522,,,,,,,,,,,,,1.0,2.0,2.0,1.0,0.408,0.592,12.0,0.0,0.0,0.0,0.0,0.0,0.0,0.0,0.0,0.0,0.0,0.0,0.0,0.0,0.0,0.0,0.0,0.0,4.32,1686.0,0.32,0.15,0.17,4.17,3.23,4.89,,,,,,,,,,,,,,,,,,,,,,,,,,,
203515,Phil Pressey,Phil,1610612738,BOS,24.0,1,0,1,0.0,10.8,3,4,0.75,1,1,1.0,0,0,0.0,0,0,0,2,1,0,1,0,4,1,7,3,12.0,0,0,12.0,1,105,105,105,181,91,152,13,44,109,1,124,126,124,103,175,178,68,80,96,20,1,172,104,118,79,145,19,1,138,,141,0.0,4.0,90.6,85.0,74.6,0.163,0.0,167,14.3,20,0.0,160,175,178,0.875,26,75.93,91,85.0,48,83.38,40,49,2.0,41,0.667,8,91.11,66.7,66.7,103,13,3.0,195,91.11,12,28.6,141,18.3,16.0,0.253,0.875,152,6,48,1,6,49,152,34,167,18.3,0.238,160,14.3,6.0,0.0,0.095,5.0,21.0,0.095,0.0,26.0,2.0,0.0,3.0,0.4,2.0,0.0,0.0,0.0,0.0,0.0,0.0,0.7,10.0,0.0,0.0,0.667,7.0,4.0,0.0,1.0,27.0,7.0,2.3,0.0,0.0,5.22,0.0,0.0,11.0,0.259,5.78,,,,,,,,,,,,,,,,,,,,,,,,,1.0,0.0,1.0,0.25,0.0,0.0,1.0,1.0,1.0,,1.0,0.25,1.0,1.0,,,1.0,0.25,0.0,1.0,0.0,1.0,0.25,1.0,1.0,,1.0,1.0,0.0,2.0,1.0,0.75,1.0,0.5,1.0,0.0,0.0,0.25,0.25,1.0,0.5,1.0,,,,,,,,,,,,,,1.0,1.0,3.0,1.5,1.0,1.0,1.0,1.0,0.0,0.0,0.0,0.0,0.875,0.0,0.0,0.0,0.0,0.0,0.0,0.0,0.0,0.0,0.0,1.0,1.0,,0.0,,,0.0,2.0,0.0,0.0,1.0,0.0,0.0,0.0,0.0,0.0,3.0,0.667,G,16.0,13.0,0.151,0.813,0.561,0.252,0.0,0.0,,0.667,,,0.0,0.0,0.0,2.0,0.0,0.0,,0.0,0.0,0.0,0.0,1.0,3.0,0.0,1.0,,,1.0,0.0,BOS,0.0,0.0,0.0,,0.0,0.0,,0.0,2015,21400580,,BOS,ATL,20150114.0,2014-15,False,BOS,ATL,1.0,0.0,3.0,0.0,0.419,-0.419,0.333,0.0,1.0,0.0,0.321,-0.321,0.667,0.0,2.0,0.0,0.458,-0.458,0.333,0.0,1.0,0.0,0.557,-0.557,0.333,0.0,1.0,0.0,0.5,-0.5,0.667,0.0,2.0,0.0,0.35,-0.35,27.0,0.0,0.0,0.0,0.0,0.0,0.0,0.0,0.0,0.0,0.0,0.0,0.0,0.0,0.0,0.0,0.0,0.0,10.8,4349.0,0.82,0.4,0.42,4.45,4.96,4.02,,,,,,,,,,,,,,,,,,,,,,,,,,,
203515,Phil Pressey,Phil,1610612738,BOS,24.0,1,0,1,0.0,8.533333333333333,0,4,0.0,0,3,0.0,0,0,0.0,0,0,0,0,1,0,0,0,0,0,0,-14,-1.0,0,0,0.0,1,92,92,92,167,167,127,167,81,46,81,109,118,109,96,162,169,129,61,87,60,1,1,146,171,182,194,18,1,186,,165,0.0,4.0,53.7,47.4,129.5,-0.172,0.0,187,20.0,19,0.0,24,162,169,0.0,99,86.72,167,47.4,184,97.09,191,184,0.0,22,0.0,173,104.06,127.8,127.8,96,171,0.0,83,104.06,167,0.0,165,-80.4,-75.8,0.282,0.0,186,172,184,129,172,38,127,129,187,-80.4,0.25,24,20.0,2.0,0.0,0.118,0.0,17.0,0.0,2.0,22.0,2.0,0.0,1.0,0.0,0.0,0.0,0.0,0.0,0.0,0.0,0.0,0.5,2.0,0.0,0.0,0.0,1.0,0.0,0.0,0.0,22.0,0.0,1.2,0.0,0.0,3.39,0.0,0.0,10.0,0.0,3.18,,,,,,,,,,,,,,,,,,,,,,,,,,,,,,,,,,,,,,,,,,,,,,,,,,,,,,1.0,0.0,0.0,0.0,0.25,0.0,0.0,0.0,0.0,0.25,1.0,0.0,,0.75,0.0,0.0,0.0,3.0,0.75,,0.0,0.0,0.0,3.0,0.0,0.0,0.0,1.0,0.0,0.0,0.0,0.0,0.0,2.0,0.0,0.0,0.0,0.0,0.0,0.0,0.0,0.0,0.0,0.0,,0.0,0.0,0.0,0.0,2.0,0.0,,0.0,,,0.0,0.0,0.0,1.0,0.0,,1.0,,1.0,0.0,0.0,0.0,,,,,,,,0.0,0.0,,0.0,,,,2.0,0.0,0.0,,0.0,,,0.0,0.0,0.0,1.0,0.0,0.0,0.0,,,0.0,0.0,BOS,0.0,1.0,2.0,0.0,2.0,0.0,0.0,0.0,2015,21400111,,BOS,OKC,20141112.0,2014-15,False,BOS,OKC,1.0,2.0,4.0,0.5,0.425,0.075,0.25,1.0,1.0,1.0,0.299,0.701,0.75,1.0,3.0,0.333,0.469,-0.135,,,,,,,,,,,,,0.75,1.0,3.0,0.333,0.366,-0.032,22.0,0.0,0.0,0.0,0.0,0.0,0.0,0.0,0.0,0.0,0.0,0.0,0.0,0.0,0.0,0.0,0.0,0.0,8.53,3152.0,0.6,0.28,0.31,4.23,4.71,3.84,,,,,,,,,,,,,,,,,,,,,,,,,,,
203515,Phil Pressey,Phil,1610612738,BOS,24.0,1,1,0,1.0,12.95,2,3,0.667,0,0,0.0,0,0,0.0,0,1,1,1,1,1,0,0,2,0,4,6,8.7,0,0,8.0,1,1,1,1,188,131,176,25,99,146,99,125,132,125,124,150,169,104,85,41,64,1,90,173,166,49,177,19,1,181,,182,0.031,3.0,91.5,89.7,66.9,0.085,0.063,189,20.0,29,0.0,6,164,184,0.667,63,89.58,131,89.7,24,108.01,124,17,1.0,182,0.167,3,107.49,69.0,69.0,124,49,2.0,8,107.49,42,20.0,181,20.7,24.6,0.132,0.667,177,3,24,71,3,180,176,64,189,20.7,0.125,6,20.0,3.0,1.0,0.1,4.0,20.0,0.05,0.0,22.0,2.0,0.0,1.0,2.0,1.0,0.0,0.0,0.0,0.0,0.0,0.0,0.0,1.0,0.0,0.0,1.0,0.0,2.0,0.0,0.0,24.0,4.0,1.5,0.0,0.0,3.84,0.0,0.0,7.0,0.167,3.83,0.0,23.4,3.0,23.4,1.0,1.0,0.333,1.0,0.0,0.0,0.5,3.0,0.0,0.0,1.0,0.0,0.0,0.0,0.0,0.5,0.0,0.333,0.0,0.0,,,,,,,,,,,,,,,,,1.0,0.333,0.0,1.0,0.0,1.0,0.333,1.0,1.0,,1.0,1.0,0.0,1.0,0.0,0.0,0.0,0.333,0.0,0.0,0.0,0.0,0.333,1.0,0.0,,0.333,0.0,1.0,0.333,0.0,0.0,1.0,,1.0,1.0,1.0,1.0,1.0,0.0,,0.0,0.0,0.0,,,1.0,0.0,0.0,0.0,0.0,0.667,0.0,0.0,0.0,0.0,,0.0,0.0,,0.0,0.0,0.0,0.0,,,,,0.0,2.0,,,0.0,0.0,,0.0,1.0,0.0,2.0,1.0,G,1.0,1.0,0.036,1.0,0.505,0.495,1.0,0.0,0.0,1.0,,0.0,0.0,0.0,0.0,2.0,0.0,0.0,0.0,0.0,0.0,0.0,0.0,0.0,2.0,0.0,0.0,,,0.0,0.0,BOS,0.0,0.0,0.0,,,,,0.0,2015,21400162,,PHI,BOS,20141119.0,2014-15,False,BOS,PHI,1.0,2.0,7.0,0.286,0.399,-0.114,0.429,1.0,3.0,0.333,0.241,0.092,0.571,1.0,4.0,0.25,0.442,-0.192,0.143,1.0,1.0,1.0,0.505,0.495,0.429,1.0,3.0,0.333,0.489,-0.156,0.571,1.0,4.0,0.25,0.284,-0.034,24.0,0.0,0.0,0.0,0.0,0.0,0.0,0.0,0.0,0.0,0.0,0.0,0.0,0.0,0.0,0.0,0.0,0.0,12.95,5506.0,1.04,0.5,0.54,4.68,5.24,4.23,,,,,,,,,,,,,,,,,,,,,,,,,,,
203515,Phil Pressey,Phil,1610612738,BOS,24.0,1,0,1,0.0,4.398333333333333,0,1,0.0,0,0,0.0,0,0,0.0,0,0,0,0,0,0,1,0,0,0,0,1,3.0,0,0,2.0,1,43,43,43,79,71,75,71,33,55,33,50,55,50,39,71,76,57,50,36,7,1,1,62,75,42,77,13,1,80,,1,0.0,1.0,87.2,100.0,71.4,-0.1,0.0,55,0.0,6,0.0,91,71,76,0.0,38,68.21,71,100.0,12,75.74,84,31,0.0,71,0.0,7,81.85,55.6,55.6,39,75,0.0,90,81.85,71,0.0,1,44.4,15.8,0.113,0.0,75,6,12,57,6,68,75,57,55,44.4,0.111,91,0.0,0.0,0.0,0.0,0.0,4.0,0.0,0.0,5.0,0.0,0.0,0.0,0.0,0.0,0.0,0.0,0.0,0.0,0.0,0.0,1.0,1.0,0.0,0.0,0.0,1.0,0.0,0.0,0.0,5.0,0.0,0.3,0.0,0.0,4.12,0.0,0.0,2.0,0.0,3.8,,,,,,,,,,,,,,,,,,,,,,,,,,,,,,,,,,,,,,,,,,,,,,,,,,,,,,,,,,,,,,,,,,,1.0,0.0,0.0,1.0,0.0,0.0,0.0,,0.0,1.0,1.0,0.0,0.0,0.0,,0.0,0.0,0.0,,,1.0,0.0,0.0,0.0,0.0,0.0,0.0,0.0,0.0,0.0,0.0,,0.0,0.0,0.0,0.0,0.0,0.0,0.0,0.0,0.0,0.0,0.0,0.0,0.0,0.0,0.0,,0.0,,1.0,0.0,0.0,0.0,,,,,,,,,0.0,,0.0,,,,0.0,0.0,0.0,,0.0,,,,0.0,0.0,1.0,0.0,0.0,0.0,,,0.0,,BOS,0.0,0.0,0.0,,,,,0.0,2015,41400114,,BOS,CLE,20150426.0,2014-15,True,BOS,CLE,1.0,0.0,2.0,0.0,0.412,-0.412,,,,,,,1.0,0.0,2.0,0.0,0.422,-0.422,,,,,,,,,,,,,,,,,,,5.0,0.0,0.0,0.0,0.0,0.0,0.0,0.0,0.0,0.0,0.0,0.0,0.0,0.0,0.0,0.0,0.0,0.0,4.4,1617.0,0.31,0.13,0.18,4.09,4.02,4.14,1610612739.0,BOS_CLE_2015,,,,,,,,,,,,,,,,,,,,,,,,,
203515,Phil Pressey,Phil,1610612738,BOS,24.0,1,1,0,1.0,20.28833333333333,0,3,0.0,0,2,0.0,4,4,1.0,0,3,3,4,1,0,0,1,3,5,4,9,12.6,0,0,11.0,1,1,1,1,103,145,133,145,70,63,70,12,18,1,88,55,79,25,63,88,53,108,114,7,121,40,113,12,1,112,,96,0.065,3.0,98.4,97.7,72.6,0.075,0.12,90,10.0,44,0.0,23,87,105,0.42,8,85.76,145,97.7,47,107.13,98,31,4.0,140,0.25,12,102.92,79.1,79.1,88,110,0.0,17,102.92,145,40.0,92,18.7,25.8,0.111,0.0,94,17,47,35,17,138,133,14,90,18.7,0.113,23,10.2,10.0,1.0,0.188,12.0,32.0,0.125,0.0,37.0,6.0,0.0,0.0,0.667,0.0,0.333,0.0,0.667,2.0,2.0,2.0,0.0,3.0,1.0,1.0,0.0,0.0,2.0,0.0,0.0,41.0,4.0,2.8,0.0,0.0,4.14,0.0,0.0,11.0,0.098,4.39,1.0,9.3,8.0,9.3,2.0,1.0,0.333,1.0,0.0,0.0,0.429,9.0,0.0,0.0,2.0,0.0,1.0,0.0,0.333,0.375,1.0,0.375,0.333,0.0,,,,,,,,,,,,,,,,,,,,,,,,,,,,,,1.0,1.0,0.0,0.0,0.5,0.0,0.0,,0.5,0.0,0.0,0.0,0.0,0.5,0.0,0.0,0.0,1.0,0.5,,0.0,0.0,0.0,1.0,0.0,0.0,0.0,0.0,0.0,,,,0.0,0.0,0.0,0.0,0.0,0.0,0.0,0.0,0.0,0.0,0.0,0.0,0.0,0.0,0.0,0.0,1.0,2.0,0.0,0.0,0.0,0.0,0.0,0.0,0.0,0.0,0.0,0.0,0.0,0.0,0.0,0.0,0.0,0.0,0.0,G,5.0,5.0,0.071,1.0,0.573,0.427,0.0,0.0,,0.0,,,0.0,2.0,0.0,0.0,0.0,0.0,,0.0,0.0,0.0,0.0,0.0,0.0,1.0,0.0,,,0.0,0.0,BOS,0.0,0.0,2.0,0.0,2.0,0.0,0.0,0.0,2015,21400357,,PHI,BOS,20141215.0,2014-15,False,BOS,PHI,1.0,2.0,7.0,0.286,0.398,-0.113,0.571,0.0,4.0,0.0,0.273,-0.273,0.429,2.0,3.0,0.667,0.433,0.234,,,,,,,0.143,1.0,1.0,1.0,0.492,0.508,0.857,1.0,6.0,0.167,0.288,-0.121,41.0,0.0,0.0,0.0,0.0,0.0,0.0,0.0,0.0,0.0,0.0,0.0,0.0,0.0,0.0,0.0,0.0,0.0,20.28,7949.0,1.51,0.76,0.74,4.44,4.98,3.96,,,,,,,,,,,,,,,,,,,,,,,,,,,
203515,Phil Pressey,Phil,1610612738,BOS,24.0,1,0,1,0.0,16.183333333333334,1,3,0.333,0,1,0.0,2,2,1.0,0,1,1,1,1,0,0,0,1,1,4,-3,5.7,0,0,6.0,1,96,96,96,147,137,147,112,83,94,83,46,56,1,93,131,142,96,70,96,55,1,44,101,134,121,163,14,1,159,,147,0.03,3.0,88.2,100.0,111.8,0.039,0.063,90,16.7,33,0.0,96,140,156,0.515,53,81.57,137,100.0,129,103.22,142,157,1.0,159,0.083,145,97.88,109.1,109.1,93,82,1.0,22,97.88,128,16.7,142,-9.1,-23.6,0.121,0.333,150,135,129,120,135,152,147,80,90,-9.1,0.125,96,17.0,4.0,0.0,0.038,2.0,26.0,0.038,0.0,27.0,1.0,1.0,1.0,0.0,0.0,0.0,0.333,0.0,0.0,0.0,0.0,0.333,3.0,0.0,0.0,0.0,1.0,0.0,0.0,0.0,31.0,4.0,3.1,0.0,0.0,6.01,0.0,0.0,10.0,0.129,5.48,0.0,6.0,2.0,6.0,1.0,0.0,0.25,0.0,0.0,0.0,0.5,4.0,0.0,0.0,1.0,0.0,0.0,0.0,0.0,0.25,2.0,0.5,0.0,0.0,,,,,,,,,,,,,,,,,2.0,0.667,0.0,0.5,0.0,1.0,0.667,2.0,0.5,,1.0,0.5,0.0,,,,,,,,,,,,,,0.333,0.0,0.0,0.0,1.0,0.333,,0.0,0.0,0.0,1.0,0.0,0.0,0.0,0.0,0.0,,,,0.0,0.0,0.0,0.0,0.0,0.0,0.333,0.0,0.0,0.0,0.0,0.0,0.0,0.0,0.0,0.0,0.0,1.0,0.0,0.0,0.0,0.0,0.0,0.0,1.0,0.0,0.0,0.0,0.0,0.0,0.0,0.0,0.0,2.0,0.5,G,15.0,13.0,0.146,0.867,0.561,0.306,0.0,0.0,,0.5,,,0.0,1.0,0.0,1.0,0.0,0.0,,0.0,0.0,0.0,0.0,0.0,2.0,0.0,0.0,,,0.0,0.0,BOS,0.0,0.0,1.0,0.0,1.0,0.0,0.0,0.0,2015,21400553,,TOR,BOS,20150110.0,2014-15,False,BOS,TOR,1.0,5.0,6.0,0.833,0.461,0.372,0.667,3.0,4.0,0.75,0.351,0.4,0.333,2.0,2.0,1.0,0.529,0.472,0.167,1.0,1.0,1.0,0.631,0.369,0.333,2.0,2.0,1.0,0.555,0.445,0.667,3.0,4.0,0.75,0.37,0.381,31.0,0.0,0.0,0.0,0.0,0.0,0.0,0.0,0.0,0.0,0.0,0.0,0.0,0.0,0.0,0.0,0.0,0.0,16.18,6181.0,1.17,0.55,0.62,4.45,4.54,4.37,,,,,,,,,,,,,,,,,,,,,,,,,,,
203515,Phil Pressey,Phil,1610612738,BOS,24.0,1,1,0,1.0,5.883333333333334,2,2,1.0,0,0,0.0,0,0,0.0,0,1,1,2,0,0,0,0,1,2,4,1,8.2,0,0,7.0,1,1,1,1,174,119,161,1,76,119,76,115,123,115,91,133,145,59,131,96,55,1,31,62,139,78,154,16,1,157,,1,0.125,2.0,163.9,145.5,137.9,0.226,0.2,6,0.0,11,0.0,184,44,47,1.0,97,74.79,119,145.5,71,84.2,12,39,0.0,115,0.5,182,89.75,136.4,136.4,91,5,2.0,187,89.75,2,50.0,1,9.1,26.1,0.17,1.0,5,183,71,5,183,129,161,4,6,9.1,0.154,184,0.0,4.0,1.0,0.167,3.0,12.0,0.167,0.0,14.0,2.0,0.0,2.0,0.667,2.0,0.0,0.0,0.167,0.0,0.0,1.0,0.5,6.0,0.0,0.0,1.0,3.0,4.0,0.0,0.0,16.0,4.0,1.3,0.0,0.0,5.06,0.0,0.0,6.0,0.25,5.13,0.0,7.3,2.0,7.3,1.0,0.0,0.5,0.0,0.0,0.0,0.5,2.0,0.0,0.0,1.0,0.0,0.0,0.0,0.0,0.5,0.0,0.5,0.0,0.0,1.0,0.0,1.0,1.0,0.0,0.0,2.0,2.0,2.0,,1.0,1.0,1.0,2.0,,,,,,,,,,,,,,,,,,,,,,,,,,,,,,,,,,,,,,,,,,0.0,,0.0,,,,,0.0,0.0,0.0,0.0,0.0,1.0,0.0,0.0,0.0,0.0,0.0,0.0,0.0,0.0,0.0,0.0,0.0,0.0,,0.0,,,0.0,2.0,0.0,0.0,0.0,0.0,0.0,0.0,0.0,0.0,2.0,1.0,G,33.0,28.0,0.165,0.848,0.571,0.277,0.0,0.0,,1.0,,,0.0,0.0,0.0,2.0,0.0,0.0,,0.0,0.0,0.0,0.0,0.0,2.0,0.0,0.0,,,0.0,0.0,BOS,0.0,0.0,0.0,,,,,0.0,2015,21401194,,BOS,CLE,20150412.0,2014-15,False,BOS,CLE,1.0,2.0,2.0,1.0,0.397,0.603,,,,,,,1.0,2.0,2.0,1.0,0.462,0.538,,,,,,,0.5,1.0,1.0,1.0,0.48,0.52,0.5,1.0,1.0,1.0,0.38,0.62,16.0,0.0,0.0,0.0,0.0,0.0,0.0,0.0,0.0,0.0,0.0,0.0,0.0,0.0,0.0,0.0,0.0,0.0,5.88,2305.0,0.44,0.22,0.21,4.09,4.53,3.72,,,,,,,,,,,,,,,,,,,,,,,,,,,
203515,Phil Pressey,Phil,1610612738,BOS,24.0,1,1,0,1.0,0.0533333333333333,0,0,0.0,0,0,0.0,0,0,0.0,0,0,0,0,0,0,0,0,0,0,0,0,0.0,0,0,0.0,1,1,1,1,224,195,213,195,99,134,99,117,125,117,107,184,190,164,143,97,60,1,1,159,201,108,211,18,1,211,,1,0.0,0.0,0.0,0.0,0.0,0.0,0.0,223,0.0,1,0.0,1,184,190,0.0,120,375.0,195,0.0,114,0.0,186,109,0.0,214,0.0,1,450.0,0.0,0.0,107,201,0.0,224,450.0,195,0.0,1,0.0,0.0,0.0,0.0,223,1,114,164,1,214,213,164,223,0.0,0.0,1,0.0,0.0,,0.0,0.0,0.0,0.0,0.0,1.0,0.0,0.0,0.0,0.0,0.0,0.0,0.0,0.0,0.0,0.0,0.0,0.0,1.0,0.0,0.0,0.0,0.0,0.0,0.0,0.0,1.0,0.0,0.1,0.0,0.0,3.36,0.0,0.0,0.0,0.0,4.0,,,,,,,,,,,,,,,,,,,,,,,,,,,,,,,,,,,,,,,,,,,,,,,,,,,,,,,,,,,,,,,,,,,,,,,,,,,,,,,,0.0,,0.0,,,,,0.0,0.0,0.0,0.0,0.0,0.0,0.0,0.0,0.0,0.0,,,,,,,,,,,,,,,,,,,,,,,,,G,20.0,17.0,0.16,0.85,0.562,0.288,,,,,,,,,,,,,,,,,,,,,,,,,,,,,0.0,,,,,0.0,2015,21400733,,BOS,DEN,20150204.0,2014-15,False,BOS,DEN,,,,,,,,,,,,,,,,,,,,,,,,,,,,,,,,,,,,,1.0,0.0,0.0,0.0,0.0,0.0,0.0,0.0,0.0,0.0,0.0,0.0,0.0,0.0,0.0,0.0,0.0,0.0,0.05,59.0,0.01,0.01,,0.0,0.0,0.0,,,,,,,,,,,,,,,,,,,,,,,,,,,
203515,Phil Pressey,Phil,1610612738,BOS,24.0,1,1,0,1.0,16.458333333333332,0,3,0.0,0,2,0.0,0,2,0.0,0,1,1,2,2,0,0,0,1,1,0,-23,2.2,0,0,3.0,1,1,1,1,189,231,201,231,109,91,109,148,90,148,126,178,198,73,41,105,75,1,46,137,236,258,242,19,2,238,,241,0.029,3.0,72.8,70.6,126.5,-0.104,0.056,239,25.0,34,0.0,43,205,214,0.0,62,85.06,231,70.6,256,102.25,258,254,1.0,171,0.222,237,102.08,130.6,130.6,126,236,0.0,38,102.08,231,25.0,231,-60.0,-53.7,0.164,0.0,238,249,256,53,249,170,201,45,239,-60.0,0.162,43,25.4,5.0,1.0,0.091,6.0,33.0,0.061,0.0,35.0,3.0,0.0,0.0,0.0,0.0,0.0,0.0,0.333,0.0,0.0,1.0,0.667,3.0,0.0,0.0,0.0,2.0,0.0,0.0,1.0,38.0,0.0,2.8,0.0,0.0,4.41,0.0,0.0,13.0,0.0,4.87,0.0,7.6,4.0,7.6,1.0,0.0,0.25,0.0,0.0,0.0,0.25,4.0,0.0,0.0,1.0,0.0,0.0,0.0,0.0,0.25,0.0,0.25,0.0,0.0,,,,,,,,,,,,,,,,,,,,,,,,,,,,,,2.0,1.0,0.0,0.0,0.667,0.0,0.0,0.0,0.333,0.333,1.0,0.0,0.0,0.333,0.0,0.0,0.0,1.0,0.333,,0.0,0.0,0.0,1.0,0.0,0.0,0.0,2.0,0.0,0.0,0.0,0.0,0.0,3.0,0.0,0.0,0.0,0.0,0.0,0.0,0.0,0.0,0.0,0.0,0.0,0.0,,0.0,0.0,2.0,0.0,0.0,0.0,0.0,0.0,0.0,0.0,,,0.0,0.0,0.0,0.0,1.0,0.0,0.0,0.0,G,3.0,3.0,0.058,1.0,0.553,0.447,0.0,0.0,,0.0,,,0.0,1.0,0.0,0.0,0.0,0.0,,0.0,0.0,0.0,0.0,2.0,0.0,0.0,0.0,,,0.0,0.0,BOS,0.0,0.0,0.0,,0.0,0.0,,0.0,2015,21400279,,BOS,LAL,20141205.0,2014-15,False,BOS,LAL,1.0,2.0,5.0,0.4,0.379,0.021,0.4,1.0,2.0,0.5,0.299,0.201,0.6,1.0,3.0,0.333,0.416,-0.082,,,,,,,,,,,,,0.8,1.0,4.0,0.25,0.302,-0.052,38.0,0.0,0.0,0.0,0.0,0.0,0.0,0.0,0.0,0.0,0.0,0.0,0.0,0.0,0.0,0.0,0.0,0.0,16.47,6406.0,1.21,0.66,0.55,4.38,5.05,4.43,,,,,,,,,,,,,,,,,,,,,,,,,,,
203515,Phil Pressey,Phil,1610612738,BOS,24.0,1,0,1,0.0,2.95,1,1,1.0,0,0,0.0,0,0,0.0,0,0,0,0,0,0,0,0,0,0,2,-1,2.0,0,0,2.0,1,106,106,106,205,154,190,1,72,129,72,100,105,100,108,185,193,135,142,104,74,1,1,143,163,109,198,13,2,198,,1,0.0,1.0,100.0,80.0,128.9,0.308,0.0,177,0.0,5,0.0,209,185,193,1.0,100,61.02,154,80.0,190,64.11,6,180,0.0,132,0.0,190,73.22,125.0,125.0,108,5,1.0,209,73.22,3,0.0,1,-45.0,-28.9,0.167,1.0,97,183,190,135,183,151,190,135,177,-45.0,0.143,209,0.0,0.0,0.0,0.0,0.0,7.0,0.0,0.0,7.0,0.0,0.0,1.0,0.667,1.0,0.0,0.0,0.0,0.0,0.0,0.0,0.667,3.0,0.0,0.0,1.0,2.0,2.0,0.0,0.0,8.0,2.0,0.9,0.0,0.0,6.69,0.0,0.0,1.0,0.25,7.25,,,,,,,,,,,,,,,,,,,,,,,,,,,,,,,,,,,,,,,,,1.0,1.0,0.0,1.0,0.0,1.0,1.0,1.0,1.0,,1.0,1.0,0.0,,,,,,,,,,,,,,,,,,,,,,,,,,,1.0,,2.0,1.0,1.0,,,1.0,0.0,0.0,0.0,0.0,1.0,0.0,0.0,0.0,0.0,,,0.0,,1.0,1.0,0.0,0.0,,,,,1.0,0.0,,,0.0,,,,0.0,0.0,0.0,0.0,G,33.0,28.0,0.167,0.848,0.571,0.277,0.0,,,0.0,,,,,,0.0,,1.0,,,0.0,,1.0,0.0,0.0,1.0,0.0,,,0.0,0.0,BOS,,,0.0,,,,,0.0,2015,21401129,,BOS,MIL,20150403.0,2014-15,False,BOS,MIL,,,,,,,,,,,,,,,,,,,,,,,,,,,,,,,,,,,,,8.0,0.0,0.0,0.0,0.0,0.0,0.0,0.0,0.0,0.0,0.0,0.0,0.0,0.0,0.0,0.0,0.0,0.0,2.95,1118.0,0.21,0.13,0.08,4.04,3.8,4.32,,,,,,,,,,,,,,,,,,,,,,,,,,,
203515,Phil Pressey,Phil,1610612738,BOS,24.0,1,1,0,1.0,26.426666666666662,2,7,0.286,0,1,0.0,1,1,1.0,2,3,5,7,1,0,0,0,1,1,5,6,20.5,0,0,17.0,1,1,1,1,100,181,136,223,118,144,118,114,149,1,41,99,76,12,114,146,102,1,49,141,194,83,145,23,2,159,,109,0.091,7.0,108.9,109.3,95.7,0.083,0.103,119,6.3,54,0.077,133,169,117,0.336,2,83.25,181,109.3,81,99.54,163,88,7.0,204,0.318,81,99.9,94.6,94.6,65,233,2.0,153,99.9,234,43.8,106,14.6,13.2,0.145,0.286,116,74,81,28,74,186,136,8,119,14.6,0.153,133,6.5,13.0,1.0,0.154,14.0,52.0,0.135,1.0,57.0,8.0,0.0,3.0,0.214,1.0,0.071,0.0,0.214,1.0,1.0,3.0,0.5,14.0,1.0,1.0,0.333,7.0,3.0,0.0,1.0,68.0,5.0,6.7,0.0,0.0,5.93,0.0,0.0,23.0,0.074,5.74,1.0,11.3,5.0,11.2,3.0,1.0,0.556,1.0,0.5,0.5,0.75,9.0,1.0,1.0,4.0,0.0,0.0,0.5,0.0,0.625,4.0,0.6,0.2,11.4,0.0,0.0,1.0,0.429,0.0,0.0,0.0,0.0,3.0,,0.0,0.429,0.0,3.0,,,2.0,0.286,0.0,0.5,0.0,1.0,0.286,2.0,0.5,,1.0,0.5,0.0,1.0,0.0,1.0,0.0,0.143,1.0,1.0,1.0,0.0,0.143,1.0,1.0,,0.143,0.0,0.0,0.0,1.0,0.143,,0.0,0.0,0.0,1.0,0.0,0.0,1.0,0.0,2.0,0.5,0.5,,0.0,2.0,0.0,0.0,0.0,0.0,0.286,0.0,0.0,0.0,0.0,0.0,,0.5,0.0,0.0,0.0,1.0,0.0,0.0,0.0,0.0,0.0,0.0,1.0,0.0,0.0,0.0,,0.0,,2.0,1.0,4.0,0.25,G,35.0,30.0,0.168,0.857,0.571,0.286,1.0,0.0,0.0,0.25,0.0,0.0,,1.0,1.0,1.0,,0.0,0.0,,0.0,0.0,0.0,0.0,4.0,0.0,0.0,0.0,0.0,0.0,0.0,BOS,1.0,1.0,1.0,0.0,1.0,0.0,0.0,0.0,2015,21401221,,MIL,BOS,20150415.0,2014-15,False,BOS,MIL,1.0,5.0,8.0,0.625,0.399,0.226,0.125,1.0,1.0,1.0,0.271,0.729,0.875,4.0,7.0,0.571,0.441,0.131,0.25,2.0,2.0,1.0,0.563,0.438,0.375,2.0,3.0,0.667,0.54,0.126,0.5,3.0,4.0,0.75,0.306,0.444,68.0,0.0,0.0,0.0,0.0,0.0,0.0,0.0,0.0,0.0,0.0,0.0,0.0,0.0,0.0,0.0,0.0,0.0,26.43,10193.0,1.93,1.09,0.84,4.32,4.8,3.8,,,,,,,,,,,,,,,,,,,,,,,,,,,
203515,Phil Pressey,Phil,1610612738,BOS,24.0,1,0,1,0.0,4.398333333333333,0,1,0.0,0,0,0.0,0,0,0.0,0,0,0,0,0,0,1,0,0,0,0,1,3.0,0,0,2.0,1,43,43,43,79,71,75,71,33,55,33,50,55,50,39,71,76,57,50,36,7,1,1,62,75,42,77,13,1,80,,1,0.0,1.0,87.2,100.0,71.4,-0.1,0.0,55,0.0,6,0.0,91,71,76,0.0,38,68.21,71,100.0,12,75.74,84,31,0.0,71,0.0,7,81.85,55.6,55.6,39,75,0.0,90,81.85,71,0.0,1,44.4,15.8,0.113,0.0,75,6,12,57,6,68,75,57,55,44.4,0.111,91,0.0,0.0,0.0,0.0,0.0,4.0,0.0,0.0,5.0,0.0,0.0,0.0,0.0,0.0,0.0,0.0,0.0,0.0,0.0,0.0,1.0,1.0,0.0,0.0,0.0,1.0,0.0,0.0,0.0,5.0,0.0,0.3,0.0,0.0,4.12,0.0,0.0,2.0,0.0,3.8,,,,,,,,,,,,,,,,,,,,,,,,,,,,,,,,,,,,,,,,,,,,,,,,,,,,,,,,,,,,,,,,,,,1.0,0.0,0.0,1.0,0.0,0.0,0.0,,0.0,1.0,1.0,0.0,0.0,0.0,,0.0,0.0,0.0,,,1.0,0.0,0.0,0.0,0.0,0.0,0.0,0.0,0.0,0.0,0.0,,0.0,0.0,0.0,0.0,0.0,0.0,0.0,0.0,0.0,0.0,0.0,0.0,0.0,0.0,0.0,,0.0,,1.0,0.0,0.0,0.0,,,,,,,,,0.0,,0.0,,,,0.0,0.0,0.0,,0.0,,,,0.0,0.0,1.0,0.0,0.0,0.0,,,0.0,,BOS,0.0,0.0,0.0,,,,,0.0,2015,41400114,,BOS,CLE,20150426.0,2014-15,True,BOS,CLE,1.0,0.0,2.0,0.0,0.412,-0.412,,,,,,,1.0,0.0,2.0,0.0,0.422,-0.422,,,,,,,,,,,,,,,,,,,5.0,0.0,0.0,0.0,0.0,0.0,0.0,0.0,0.0,0.0,0.0,0.0,0.0,0.0,0.0,0.0,0.0,0.0,4.4,1617.0,0.31,0.13,0.18,4.09,4.02,4.14,1610612739.0,BOS_CLE_2015,1610612738.0,BOS,1610612738.0,BOS,,,,,,,,,,,,,,,,,,,,,
203515,Phil Pressey,Phil,1610612738,BOS,24.0,1,0,1,0.0,0.65,0,2,0.0,0,1,0.0,0,0,0.0,1,0,1,0,0,0,0,0,1,0,0,-2,1.2,0,0,1.0,1,45,45,45,89,74,70,74,37,42,37,51,54,51,24,70,61,61,58,43,22,1,23,66,75,52,82,11,1,82,,1,0.5,2.0,0.0,0.0,227.3,-5.0,0.0,89,0.0,1,0.5,11,70,2,0.0,47,92.31,74,0.0,90,69.42,91,90,0.0,1,0.0,90,110.77,100.0,100.0,1,75,0.0,90,110.77,74,0.0,1,-100.0,-227.3,1.0,0.0,89,43,90,61,43,1,70,61,89,-100.0,1.0,11,0.0,0.0,,0.0,0.0,0.0,0.0,0.0,1.0,0.0,0.0,1.0,0.0,0.0,0.0,0.0,0.0,0.0,0.0,0.0,0.0,1.0,0.0,0.0,0.0,0.0,0.0,0.0,0.0,2.0,0.0,0.2,0.0,0.0,4.82,0.0,0.0,1.0,0.0,5.5,0.0,30.8,0.0,0.0,0.0,0.0,1.0,0.0,0.0,1.0,0.0,1.0,0.0,1.0,1.0,0.0,0.0,1.0,0.0,1.0,1.0,0.0,0.0,30.8,0.0,0.0,1.0,0.5,0.0,0.0,0.0,0.0,1.0,BOS,0.0,0.5,0.0,1.0,1610612738.0,,,,,,,,,,,,,,,,,,,,,,,,,,,,0.5,0.0,0.0,0.0,1.0,0.5,,0.0,0.0,0.0,1.0,0.0,0.0,0.0,1.0,0.0,0.0,0.0,0.0,0.0,1.0,0.0,0.0,0.0,0.0,0.0,0.0,0.0,0.0,0.0,,,0.0,,,,1.0,0.0,,,,,,0.0,,,0.0,,,,0.0,0.0,1.0,0.0,,,,,,,,0.0,0.0,,0.0,,,,1.0,,0.0,,,,,0.0,0.0,,,1.0,,,,,,0.0,BOS,,,0.0,,0.0,0.0,,0.0,2015,41400111,,CLE,BOS,20150419.0,2014-15,True,BOS,CLE,,,,,,,,,,,,,,,,,,,,,,,,,,,,,,,,,,,,,2.0,0.0,0.0,0.0,0.0,0.0,0.0,0.0,0.0,0.0,0.0,0.0,0.0,0.0,0.0,0.0,0.0,0.0,0.65,235.0,0.04,0.02,0.02,0.0,0.0,0.0,1610612739.0,BOS_CLE_2015,1610612738.0,BOS,1610612738.0,BOS,,,,,,,,,,,,,,,,,,,,,
203515,Phil Pressey,Phil,1610612756,PHO,25.0,1,0,1,0.0,2.111666666666667,0,0,0.0,0,0,0.0,0,0,0.0,0,0,0,0,0,1,0,0,0,0,0,-1,3.0,0,0,2.0,1,43,43,43,81,74,79,74,32,56,32,45,46,45,38,77,78,60,47,15,27,1,1,59,75,39,75,8,1,75,,1,0.0,0.0,61.5,60.0,100.0,0.154,0.0,78,0.0,5,0.0,14,77,78,0.0,37,85.24,74,60.0,75,100.93,17,73,0.0,79,0.0,36,102.29,100.0,100.0,38,75,0.0,27,102.29,74,0.0,1,-40.0,-38.5,0.0,0.0,77,35,75,60,35,79,79,60,78,-40.0,0.0,14,0.0,1.0,0.0,0.0,0.0,4.0,0.0,0.0,3.0,0.0,0.0,0.0,0.0,0.0,0.0,0.0,0.0,0.0,0.0,0.0,0.0,0.0,0.0,0.0,0.0,0.0,0.0,0.0,0.0,5.0,0.0,0.2,0.0,0.0,2.17,0.0,0.0,2.0,0.0,2.0,,,,,,,,,,,,,,,,,,,,,,,,,,,,,,,,,,,,,,,,,,,,,,,,,,,,,,,,,,,,,,,,,,,,,,,,,,,,,,,,0.0,,0.0,,,,,0.0,0.0,0.0,0.0,0.0,0.0,0.0,0.0,0.0,0.0,0.0,,,0.0,0.0,0.0,,,,0.0,,,0.0,0.0,0.0,0.0,,,0.0,,,,0.0,0.0,G,14.0,12.0,0.175,0.857,0.593,0.264,,,,0.0,,,,,,0.0,,,,,,,,0.0,0.0,,0.0,,,0.0,,POR,,,0.0,,,,,0.0,2016,21500908,,MIA,PHX,20160303.0,2015-16,False,PHX,MIA,,,,,,,,,,,,,,,,,,,,,,,,,,,,,,,,,,,,,5.0,0.0,0.0,0.0,0.0,0.0,0.0,0.0,0.0,0.0,0.0,0.0,0.0,0.0,0.0,0.0,0.0,0.0,2.12,916.0,0.17,0.09,0.08,5.68,6.16,5.28,,,,,,,,,,,,,,,,,,,,,,,,,,,
203515,Phil Pressey,Phil,1610612757,POR,25.0,1,0,1,0.0,12.533333333333331,1,4,0.25,0,1,0.0,0,0,0.0,0,2,2,3,1,1,0,1,0,0,2,-18,10.9,0,0,9.0,1,69,69,69,112,97,100,100,61,73,61,75,80,75,68,63,75,27,38,22,36,94,1,105,108,130,94,11,1,100,,92,0.069,4.0,85.8,81.3,143.6,0.056,0.167,118,12.5,32,0.0,4,40,76,0.25,12,98.94,97,81.3,130,116.73,94,130,3.0,90,0.333,126,118.72,146.7,146.7,68,111,1.0,3,118.72,104,37.5,92,-65.4,-57.9,0.165,0.25,114,129,130,12,129,94,100,13,118,-65.4,0.147,4,12.5,7.0,0.0,0.125,8.0,24.0,0.125,0.0,26.0,3.0,0.0,1.0,0.0,0.0,0.0,0.0,0.5,0.0,0.0,1.0,0.0,2.0,0.0,0.0,0.0,0.0,0.0,0.0,0.0,30.0,2.0,2.3,0.0,0.0,4.6,0.0,0.0,8.0,0.067,4.93,0.0,7.5,3.0,7.5,2.0,0.0,0.5,0.0,0.0,0.0,0.667,4.0,0.0,0.0,2.0,0.0,0.0,0.0,0.0,0.5,1.0,0.667,0.0,0.0,,,,,,,,,,,,,,,,,2.0,0.667,0.0,0.5,0.0,1.0,0.667,2.0,0.5,,1.0,0.5,0.0,,,,,,,,,,,,,,0.333,0.0,0.0,0.0,1.0,0.333,,0.0,0.0,0.0,1.0,0.0,0.0,0.0,0.0,0.0,,,,0.0,0.0,0.0,0.0,0.0,0.0,0.25,0.0,0.0,0.0,0.0,0.0,,0.0,0.0,0.0,0.0,0.0,0.0,1.0,0.0,0.0,0.0,0.0,1.0,0.0,0.0,0.0,,1.0,,0.0,0.0,3.0,0.333,G,14.0,12.0,0.175,0.857,0.593,0.264,0.0,0.0,0.0,0.333,,0.0,,0.0,0.0,1.0,,0.0,0.0,,0.0,0.0,0.0,1.0,3.0,0.0,0.0,,,0.0,0.0,POR,0.0,0.0,1.0,0.0,1.0,0.0,0.0,0.0,2016,21500893,,NYK,POR,20160301.0,2015-16,False,POR,NYK,1.0,2.0,4.0,0.5,0.409,0.092,0.5,1.0,2.0,0.5,0.333,0.167,0.5,1.0,2.0,0.5,0.449,0.051,,,,,,,,,,,,,0.75,2.0,3.0,0.667,0.35,0.316,30.0,0.0,0.0,0.0,0.0,0.0,0.0,0.0,0.0,0.0,0.0,0.0,0.0,0.0,0.0,0.0,0.0,0.0,12.53,4803.0,0.91,0.44,0.47,4.84,4.44,5.23,,,,,,,,,,,,,,,,,,,,,,,,,,,
203515,Phil Pressey,Phil,1610612757,POR,25.0,1,0,1,0.0,9.55,0,1,0.0,0,0,0.0,0,0,0.0,0,0,0,2,0,0,0,0,0,0,0,-15,3.0,0,0,2.0,1,123,123,123,209,202,212,202,100,153,100,129,138,129,116,201,209,66,155,111,77,1,1,170,208,222,213,22,2,215,,1,0.0,1.0,68.9,65.0,144.9,0.023,0.0,225,0.0,20,0.0,65,201,209,0.0,123,83.77,202,65.0,235,96.0,179,236,0.0,229,0.333,234,100.52,140.0,140.0,116,208,0.0,141,100.52,202,66.7,1,-75.0,-76.1,0.05,0.0,225,233,235,19,233,229,212,2,225,-75.0,0.048,65,0.0,4.0,0.0,0.111,4.0,18.0,0.111,0.0,18.0,2.0,0.0,1.0,0.0,0.0,0.0,0.0,0.0,0.0,0.0,0.0,0.75,4.0,0.0,0.0,0.0,3.0,0.0,0.0,0.0,20.0,0.0,1.8,0.0,0.0,5.3,0.0,0.0,5.0,0.0,5.8,,,,,,,,,,,,,,,,,,,,,,,,,0.0,0.0,1.0,1.0,0.0,0.0,0.0,0.0,1.0,,0.0,1.0,0.0,1.0,,,,,,,,,,,,,,,,,,,,,,,,,,,,,,,,,,,,,,,,,,0.0,,0.0,,,,,0.0,0.0,0.0,0.0,0.0,0.0,0.0,0.0,0.0,0.0,0.0,,0.0,0.0,0.0,0.0,0.0,0.0,0.0,0.0,0.0,0.0,0.0,0.0,0.0,0.0,0.0,,0.0,,0.0,0.0,1.0,0.0,G,4.0,4.0,0.148,1.0,0.547,0.453,0.0,0.0,,0.0,,,,0.0,0.0,0.0,,0.0,,,0.0,0.0,0.0,0.0,1.0,0.0,0.0,,,0.0,0.0,POR,0.0,0.0,0.0,,,,,0.0,2016,21500186,,POR,LAC,20151120.0,2015-16,False,POR,LAC,1.0,1.0,1.0,1.0,0.437,0.563,,,,,,,1.0,1.0,1.0,1.0,0.477,0.523,,,,,,,,,,,,,,,,,,,20.0,0.0,0.0,0.0,0.0,0.0,0.0,0.0,0.0,0.0,0.0,0.0,0.0,0.0,0.0,0.0,0.0,0.0,9.55,3332.0,0.63,0.36,0.27,4.44,5.77,4.56,,,,,,,,,,,,,,,,,,,,,,,,,,,
203515,Phil Pressey,Phil,1610612755,PHI,25.0,1,0,1,0.0,7.523333333333333,1,4,0.25,1,2,0.5,0,0,0.0,0,1,1,1,2,1,0,0,0,1,3,6,6.7,0,0,8.0,1,111,111,111,195,149,141,163,47,89,22,120,126,120,110,140,155,108,41,41,62,1,1,103,163,57,181,17,1,163,,199,0.063,4.0,101.4,94.4,65.2,0.047,0.125,145,28.6,18,0.0,11,103,135,0.375,104,95.7,149,94.4,18,107.31,150,15,0.5,9,0.2,10,114.84,61.1,61.1,110,155,1.0,47,114.84,142,14.3,199,33.3,36.3,0.338,0.375,94,7,18,54,7,13,141,87,145,33.3,0.316,11,28.6,2.0,0.0,0.111,3.0,9.0,0.111,0.0,15.0,1.0,0.0,1.0,0.0,0.0,0.0,0.0,0.0,0.0,0.0,0.0,0.5,2.0,0.0,0.0,0.0,1.0,0.0,0.0,0.0,16.0,3.0,1.6,0.0,0.0,5.82,0.0,0.0,6.0,0.188,6.81,,,,,,,,,,,,,,,,,,,,,,,,,,,,,,,,,,,,,,,,,1.0,0.25,0.0,0.0,0.0,0.0,0.25,1.0,0.0,,0.0,0.0,0.0,1.0,0.0,0.0,0.0,0.25,0.0,0.0,0.0,0.0,0.25,1.0,0.0,,0.5,1.0,0.0,0.0,2.0,0.5,,0.5,0.75,0.0,2.0,0.5,1.0,0.0,1.0,0.0,0.0,0.0,0.0,0.0,2.0,0.0,0.0,0.0,0.0,0.375,1.0,0.0,3.0,0.0,0.0,,0.0,0.0,0.0,0.0,2.0,0.5,0.0,0.0,0.0,0.0,0.0,0.0,0.0,0.0,1.0,,0.0,,1.0,0.0,1.0,0.0,,,,,,,,1.0,1.0,,0.0,,,,1.0,,0.0,,0.0,,,0.0,1.0,0.0,1.0,1.0,0.0,0.0,,,0.0,0.0,POR,,,1.0,1.0,1.0,1.0,1.5,1.0,2016,21500078,321.0,CLE,PHI,20151106.0,2015-16,False,PHI,CLE,1.0,0.0,2.0,0.0,0.434,-0.434,,,,,,,1.0,0.0,2.0,0.0,0.502,-0.502,,,,,,,,,,,,,1.0,0.0,2.0,0.0,0.375,-0.375,16.0,0.0,0.0,0.0,0.0,0.0,0.0,0.0,0.0,0.0,0.0,0.0,0.0,0.0,0.0,0.0,0.0,0.0,7.52,3092.0,0.59,0.29,0.3,4.78,5.57,4.19,,,,,,,,,,,,,,,,,,,,,,,,,,,
203515,Phil Pressey,Phil,1610612757,POR,25.0,1,1,0,1.0,5.85,0,0,0.0,0,0,0.0,1,2,0.5,0,0,0,2,0,0,0,0,2,1,1,0,4.0,0,0,3.0,1,1,1,1,113,101,115,101,50,79,50,59,46,53,63,109,111,39,73,51,33,1,53,61,104,52,105,13,1,106,,1,0.0,0.0,93.4,90.0,87.2,0.0,0.0,92,0.0,10,0.0,121,109,111,0.568,59,68.38,101,90.0,55,81.89,99,43,0.0,114,0.667,21,82.05,90.0,90.0,63,45,0.0,121,82.05,101,66.7,1,0.0,6.2,0.06,0.0,77,21,55,1,21,111,115,1,92,0.0,0.067,121,0.0,2.0,0.0,0.133,4.0,15.0,0.133,0.0,16.0,2.0,0.0,0.0,0.0,0.0,0.0,0.0,0.25,0.0,0.0,1.0,0.75,4.0,0.0,0.0,0.0,3.0,0.0,0.0,0.0,16.0,1.0,1.5,0.0,0.0,5.66,0.0,0.0,6.0,0.063,6.69,,,,,,,,,,,,,,,,,,,,,,,,,,,,,,,,,,,,,,,,,,,,,,,,,,,,,,,,,,,,,,,,,,,,,,,,,,,,,,,,0.0,,0.0,,,,,0.0,0.0,0.0,0.0,0.0,0.0,0.0,0.0,0.0,0.0,0.0,0.0,0.0,0.0,0.0,0.0,0.0,0.0,0.0,0.0,0.0,0.0,0.0,0.0,0.0,0.0,0.0,0.0,0.0,0.0,0.0,0.0,0.0,0.0,G,7.0,6.0,0.14,0.857,0.558,0.299,0.0,0.0,,0.0,0.0,,0.0,0.0,0.0,0.0,0.0,0.0,,0.0,0.0,0.0,0.0,0.0,0.0,0.0,0.0,0.0,0.0,0.0,0.0,POR,0.0,0.0,0.0,,,,,0.0,2016,21500267,,POR,DAL,20151201.0,2015-16,False,POR,DAL,1.0,1.0,2.0,0.5,0.375,0.126,0.5,1.0,1.0,1.0,0.325,0.675,0.5,0.0,1.0,0.0,0.447,-0.447,,,,,,,,,,,,,1.0,1.0,2.0,0.5,0.337,0.163,16.0,0.0,0.0,0.0,0.0,0.0,0.0,0.0,0.0,0.0,0.0,0.0,0.0,0.0,0.0,0.0,0.0,0.0,5.85,2395.0,0.45,0.27,0.18,5.13,5.68,4.47,,,,,,,,,,,,,,,,,,,,,,,,,,,
203515,Phil Pressey,Phil,1610612755,PHI,25.0,1,0,1,0.0,10.666666666666666,1,3,0.333,0,2,0.0,1,3,0.333,0,3,3,3,1,0,0,0,1,2,3,-8,10.1,0,0,9.0,1,98,98,98,160,141,146,118,70,76,70,76,46,106,94,69,88,43,71,99,60,1,41,54,145,155,139,17,2,140,,122,0.12,3.0,71.7,72.7,104.9,0.098,0.25,179,12.5,22,0.0,50,20,53,0.347,15,84.38,141,72.7,172,101.7,84,171,3.0,58,0.6,121,101.25,104.3,104.3,94,139,1.0,55,101.25,132,37.5,124,-31.6,-33.2,0.228,0.333,175,117,172,1,117,71,146,19,179,-31.6,0.208,50,12.0,8.0,0.0,0.125,8.0,24.0,0.125,0.0,25.0,3.0,0.0,1.0,0.375,1.0,0.0,0.0,0.125,0.0,0.0,1.0,0.75,8.0,0.0,0.0,1.0,6.0,3.0,0.0,1.0,30.0,3.0,1.9,0.0,0.0,3.89,0.0,0.0,14.0,0.1,4.37,1.0,14.2,3.0,14.2,2.0,0.0,1.0,0.0,0.0,0.0,1.0,3.0,0.0,0.0,2.0,0.0,1.0,0.0,0.333,1.0,0.0,1.0,0.333,0.0,,,,,,,,,,,,,,,,,1.0,0.333,0.0,1.0,0.0,1.0,0.333,1.0,1.0,,1.0,1.0,0.0,,,,,,,,,,,,,,0.667,0.0,0.0,0.0,2.0,0.667,,0.0,0.0,0.0,2.0,0.0,0.0,0.0,0.0,0.0,,,,0.0,0.0,0.0,0.0,0.0,0.0,0.333,0.0,0.0,0.0,0.0,0.0,0.0,0.0,,0.0,0.0,1.0,0.0,1.0,0.0,0.0,0.0,0.0,1.0,,,0.0,0.0,1.0,0.0,0.0,0.0,1.0,1.0,G,1.0,1.0,0.143,1.0,0.565,0.435,0.0,0.0,,1.0,0.0,,0.0,1.0,0.0,1.0,0.0,0.0,,0.0,0.0,0.0,0.0,1.0,1.0,0.0,0.0,0.0,0.0,0.0,0.0,POR,0.0,0.0,2.0,0.0,2.0,0.0,0.0,0.0,2016,21500087,442.0,PHI,ORL,20151107.0,2015-16,False,PHI,ORL,1.0,2.0,5.0,0.4,0.403,-0.003,0.2,1.0,1.0,1.0,0.399,0.601,0.8,1.0,4.0,0.25,0.421,-0.171,0.2,1.0,1.0,1.0,0.565,0.435,0.4,1.0,2.0,0.5,0.567,-0.067,0.4,1.0,2.0,0.5,0.361,0.139,30.0,0.0,0.0,0.0,0.0,0.0,0.0,0.0,0.0,0.0,0.0,0.0,0.0,0.0,0.0,0.0,0.0,0.0,10.67,4596.0,0.87,0.49,0.38,5.07,5.32,4.79,,,,,,,,,,,,,,,,,,,,,,,,,,,
203515,Phil Pressey,Phil,1610612755,PHI,25.0,1,0,1,0.0,15.666666666666666,0,4,0.0,0,2,0.0,3,4,0.75,0,2,2,3,3,1,0,1,2,3,3,-3,9.9,0,0,10.0,1,84,84,84,125,142,118,142,74,63,74,28,26,48,95,92,109,34,16,30,60,105,74,30,124,101,125,14,1,123,,145,0.063,4.0,80.5,81.8,86.1,-0.026,0.133,137,25.0,33,0.0,31,67,103,0.26,38,86.81,142,81.8,95,104.72,145,96,1.0,43,0.333,38,104.17,85.7,85.7,95,135,0.0,30,104.17,142,25.0,139,-3.9,-5.6,0.233,0.0,138,34,95,13,34,40,118,27,137,-3.9,0.231,31,25.5,6.0,0.0,0.091,7.0,33.0,0.091,0.0,39.0,3.0,0.0,2.0,0.231,0.0,0.154,0.0,0.0,4.0,3.0,0.0,0.692,13.0,0.75,2.0,0.0,9.0,3.0,0.0,0.0,44.0,3.0,3.8,0.0,0.0,5.19,0.0,0.0,18.0,0.068,5.75,0.0,12.2,5.0,12.2,2.0,0.0,0.286,0.0,0.0,0.0,0.4,7.0,0.0,0.0,2.0,0.0,0.0,0.0,0.0,0.286,2.0,0.4,0.0,0.0,0.0,0.0,1.0,0.333,0.0,0.0,0.0,0.0,1.0,,0.0,0.333,0.0,1.0,,,,,,,,,,,,,,,,1.0,1.0,0.0,0.0,0.333,0.0,0.0,,0.333,0.0,0.0,0.0,0.0,0.333,0.0,0.0,0.0,1.0,0.333,,0.0,0.0,0.0,1.0,0.0,0.0,0.0,2.0,0.0,0.0,0.0,0.0,0.0,2.0,0.0,0.0,0.0,0.0,0.0,0.0,0.0,0.0,0.0,0.0,0.0,0.0,0.0,0.0,0.0,2.0,0.0,0.0,0.0,0.0,0.0,0.0,0.0,0.0,0.0,0.0,0.0,0.0,0.0,0.0,0.0,2.0,0.0,G,7.0,6.0,0.146,0.857,0.558,0.299,0.0,0.0,,0.0,,,0.0,1.0,0.0,0.0,0.0,0.0,,0.0,0.0,0.0,0.0,1.0,2.0,0.0,0.0,,,0.0,0.0,POR,0.0,0.0,0.0,,0.0,0.0,,0.0,2016,21500251,1419.0,MEM,PHI,20151129.0,2015-16,False,PHI,MEM,1.0,2.0,5.0,0.4,0.418,-0.018,0.4,1.0,2.0,0.5,0.318,0.183,0.6,1.0,3.0,0.333,0.453,-0.12,0.2,0.0,1.0,0.0,0.514,-0.514,0.4,1.0,2.0,0.5,0.487,0.014,0.4,1.0,2.0,0.5,0.346,0.154,44.0,0.0,0.0,0.0,0.0,0.0,0.0,0.0,0.0,0.0,0.0,0.0,0.0,0.0,0.0,0.0,0.0,0.0,15.67,6580.0,1.25,0.68,0.56,4.62,5.1,4.9,,,,,,,,,,,,,,,,,,,,,,,,,,,
203515,Phil Pressey,Phil,1610612755,PHI,25.0,1,0,1,0.0,17.975,3,8,0.375,0,1,0.0,0,0,0.0,0,3,3,4,2,2,0,1,1,0,6,3,19.6,0,0,17.0,1,126,126,126,160,107,101,134,106,125,106,129,144,129,119,96,115,32,48,18,89,152,48,176,136,81,114,28,1,121,,172,0.063,8.0,80.9,79.5,69.5,0.203,0.107,210,14.3,39,0.0,61,141,153,0.375,34,85.67,107,79.5,91,104.95,28,66,2.0,59,0.4,13,102.81,73.7,73.7,119,162,3.0,31,102.81,150,28.6,172,5.8,11.4,0.242,0.375,208,15,91,14,15,56,101,31,210,5.8,0.238,61,14.3,6.0,1.0,0.167,12.0,36.0,0.111,1.0,38.0,6.0,1.0,4.0,0.154,1.0,0.0,0.077,0.077,0.0,0.0,1.0,0.538,13.0,0.0,0.0,0.25,7.0,2.0,0.0,1.0,47.0,6.0,4.4,0.0,0.0,5.57,0.0,0.0,15.0,0.128,5.83,0.0,10.7,5.0,10.7,4.0,0.0,0.429,0.0,0.0,0.0,0.6,7.0,0.0,0.0,4.0,0.0,0.0,0.0,0.0,0.429,2.0,0.6,0.0,0.0,0.667,0.0,1.0,0.429,0.0,0.0,2.0,2.0,3.0,,0.667,0.429,0.667,3.0,,,1.0,0.143,0.0,1.0,0.0,1.0,0.143,1.0,1.0,,1.0,1.0,0.0,1.0,0.0,0.0,0.0,0.143,0.0,0.0,0.0,0.0,0.143,1.0,0.0,,0.286,0.0,0.0,0.143,1.0,0.143,0.0,0.0,0.0,1.0,2.0,0.0,0.0,0.0,1.0,0.0,0.0,0.0,0.0,0.0,3.0,0.0,0.0,0.0,0.0,0.375,0.0,0.0,0.0,0.0,0.0,1.0,0.0,0.0,0.0,1.0,0.0,0.0,0.0,0.0,0.0,0.0,0.0,3.0,0.0,0.0,0.0,0.0,0.0,0.0,1.0,0.0,5.0,0.6,G,4.0,4.0,0.111,1.0,0.547,0.453,1.0,0.0,0.0,0.6,,0.0,0.0,0.0,0.0,3.0,1.0,0.0,0.0,0.0,0.0,0.0,0.0,0.0,5.0,0.0,0.0,,,0.0,0.0,POR,0.0,1.0,0.0,,0.0,0.0,,0.0,2016,21500217,1236.0,BOS,PHI,20151125.0,2015-16,False,PHI,BOS,1.0,2.0,9.0,0.222,0.434,-0.211,0.444,1.0,4.0,0.25,0.352,-0.102,0.556,1.0,5.0,0.2,0.463,-0.263,,,,,,,0.111,0.0,1.0,0.0,0.501,-0.501,0.889,2.0,8.0,0.25,0.348,-0.098,47.0,0.0,0.0,0.0,0.0,0.0,0.0,0.0,0.0,0.0,0.0,0.0,0.0,0.0,0.0,0.0,0.0,0.0,17.98,7165.0,1.36,0.75,0.6,4.69,5.32,4.05,,,,,,,,,,,,,,,,,,,,,,,,,,,
203515,Phil Pressey,Phil,1610612756,PHX,25.0,1,0,1,0.0,28.366666666666667,2,7,0.286,0,2,0.0,0,0,0.0,0,1,1,10,3,1,0,0,2,2,4,-13,20.2,0,0,17.0,1,75,75,75,53,85,71,104,61,55,61,80,86,80,78,98,108,3,10,34,46,1,64,46,97,123,71,14,3,77,,103,0.016,7.0,82.6,81.0,104.3,0.066,0.036,125,15.0,63,0.0,31,113,127,0.286,13,87.43,85,81.0,112,104.13,84,109,3.33,98,0.556,82,104.91,104.9,104.9,78,112,2.0,30,104.91,106,50.0,103,-24.0,-21.7,0.146,0.286,121,85,112,4,85,101,71,2,125,-24.0,0.141,31,15.0,12.0,0.0,0.186,21.0,59.0,0.169,1.0,63.0,11.0,1.0,2.0,0.222,1.0,0.0,0.111,0.444,0.0,0.0,4.0,0.111,9.0,0.0,0.0,0.5,1.0,2.0,0.0,0.0,70.0,4.0,5.2,0.0,0.0,4.44,0.0,0.0,21.0,0.057,4.57,0.0,5.6,3.0,5.6,1.0,0.0,0.25,0.0,0.0,0.0,0.333,4.0,0.0,0.0,1.0,0.0,0.0,0.0,0.0,0.25,1.0,0.333,0.0,0.0,,,,,,,,,,,,,,,,,2.0,0.286,0.0,0.5,0.0,1.0,0.286,2.0,0.5,,1.0,0.5,0.0,3.0,2.0,0.333,0.0,0.429,1.0,1.0,1.0,0.286,0.143,1.0,0.333,0.0,0.286,0.0,0.0,0.286,0.0,0.0,0.0,,0.0,2.0,2.0,0.0,0.0,0.0,2.0,0.0,0.0,0.0,0.0,0.0,4.0,0.0,0.0,0.0,0.0,0.286,0.0,0.0,0.0,0.0,0.0,0.0,0.0,0.0,0.0,1.0,2.0,0.0,0.0,0.0,0.0,0.0,0.0,2.0,0.0,0.0,0.0,0.0,0.0,0.0,2.0,0.0,2.0,1.0,G,10.0,9.0,0.143,0.9,0.591,0.309,1.0,0.0,,1.0,0.0,,0.0,2.0,0.0,2.0,0.0,0.0,,0.0,0.0,0.0,0.0,1.0,2.0,1.0,0.0,0.0,0.0,0.0,0.0,POR,0.0,0.0,0.0,,0.0,0.0,,0.0,2016,21500839,4767.0,LAC,PHX,20160222.0,2015-16,False,PHX,LAC,1.0,2.0,7.0,0.286,0.443,-0.158,0.143,0.0,1.0,0.0,0.467,-0.467,0.857,2.0,6.0,0.333,0.463,-0.13,0.143,1.0,1.0,1.0,0.647,0.353,0.286,1.0,2.0,0.5,0.553,-0.053,0.571,1.0,4.0,0.25,0.396,-0.146,70.0,0.0,0.0,0.0,0.0,0.0,0.0,0.0,0.0,0.0,0.0,0.0,0.0,0.0,0.0,0.0,0.0,0.0,28.37,11376.0,2.15,1.14,1.01,4.69,4.82,4.14,,,,,,,,,,,,,,,,,,,,,,,,,,,
203515,Phil Pressey,Phil,1610612755,PHI,25.0,1,0,1,0.0,16.416666666666668,2,6,0.333,0,0,0.0,0,1,0.0,0,0,0,5,1,2,1,2,0,2,4,-5,19.5,0,0,15.0,1,136,136,136,191,152,143,168,113,181,113,145,139,145,127,240,244,18,102,11,26,246,1,79,179,171,116,15,2,140,,122,0.0,6.0,106.4,108.8,116.8,0.071,0.0,88,8.3,34,0.0,118,240,244,0.311,5,84.06,152,108.8,168,103.39,149,161,5.0,129,0.455,221,100.87,120.0,120.0,127,213,2.0,79,100.87,183,41.7,123,-11.2,-10.4,0.192,0.333,97,229,168,13,229,135,143,18,88,-11.2,0.184,118,8.0,10.0,0.0,0.128,14.0,39.0,0.128,0.0,42.0,5.0,0.0,2.0,0.0,0.0,0.0,0.0,0.25,0.0,0.0,1.0,0.25,4.0,0.0,0.0,0.0,1.0,0.0,0.0,0.0,46.0,4.0,3.0,0.0,0.0,3.97,0.0,0.0,20.0,0.087,4.0,,,,,,,,,,,,,,,,,,,,,,,,,1.0,0.0,1.0,0.25,0.0,0.0,1.0,1.0,1.0,,1.0,0.25,1.0,1.0,,,2.0,0.5,0.0,0.5,0.0,1.0,0.5,2.0,0.5,,1.0,0.5,0.0,,,,,,,,,,,,,,0.25,0.0,0.0,0.25,0.0,0.0,0.0,,0.0,1.0,1.0,0.0,0.0,0.0,,0.0,0.0,0.0,,,1.0,0.0,0.0,0.0,0.0,0.333,0.0,0.0,0.0,0.0,0.0,0.0,0.0,0.0,0.0,1.0,0.0,0.0,0.0,0.0,0.0,0.0,0.0,2.0,0.0,0.0,0.0,0.0,0.0,0.0,1.0,0.0,4.0,0.5,G,6.0,6.0,0.14,1.0,0.565,0.435,1.0,0.0,,0.4,,,0.0,0.0,0.0,2.0,0.0,0.0,,0.0,0.0,0.0,0.0,0.0,5.0,0.0,0.0,,,0.0,0.0,POR,0.0,0.0,0.0,,,,,0.0,2016,21500232,1325.0,HOU,PHI,20151127.0,2015-16,False,PHI,HOU,1.0,3.0,7.0,0.429,0.45,-0.022,0.143,0.0,1.0,0.0,0.356,-0.356,0.857,3.0,6.0,0.5,0.49,0.01,0.286,2.0,2.0,1.0,0.601,0.399,0.429,2.0,3.0,0.667,0.53,0.137,0.429,1.0,3.0,0.333,0.361,-0.028,46.0,0.0,0.0,0.0,0.0,0.0,0.0,0.0,0.0,0.0,0.0,0.0,0.0,0.0,0.0,0.0,0.0,0.0,16.42,6664.0,1.26,0.68,0.58,4.78,4.78,4.77,,,,,,,,,,,,,,,,,,,,,,,,,,,
203515,Phil Pressey,Phil,1610612757,POR,25.0,1,0,1,0.0,28.001666666666665,2,6,0.333,0,2,0.0,2,5,0.4,1,1,2,6,4,1,3,0,5,3,6,-2,25.4,0,0,22.0,1,108,108,108,76,116,114,140,92,83,92,64,40,126,54,136,133,13,6,33,3,1,200,48,119,117,75,18,1,87,,182,0.035,6.0,111.4,113.1,118.3,0.0,0.037,74,22.2,61,0.033,52,176,172,0.366,50,86.42,116,113.1,117,104.53,172,126,1.5,112,0.261,154,103.71,118.3,118.3,91,162,2.0,48,103.71,154,33.3,182,-5.2,-6.8,0.18,0.333,94,156,117,30,156,120,114,20,74,-5.2,0.171,52,22.0,13.0,2.0,0.173,20.0,52.0,0.115,1.0,55.0,9.0,2.0,2.0,0.182,1.0,0.0,0.182,0.0,0.0,0.0,0.0,0.636,11.0,0.0,0.0,0.5,7.0,2.0,2.0,2.0,64.0,6.0,5.6,0.0,0.0,5.28,0.0,0.0,20.0,0.094,5.55,0.0,13.0,3.0,14.0,1.0,1.0,0.4,2.0,0.0,0.5,0.5,5.0,0.0,1.0,2.0,1.0,0.0,1.0,0.0,0.667,2.0,0.333,0.0,12.1,0.0,0.0,1.0,0.167,0.0,0.0,0.0,0.0,1.0,,0.0,0.167,0.0,1.0,,,2.0,0.333,0.0,1.0,0.0,2.0,0.333,2.0,1.0,,2.0,1.0,0.0,1.0,0.0,0.0,0.0,0.167,0.0,0.0,0.0,0.0,0.167,1.0,0.0,,0.333,0.0,0.0,0.0,2.0,0.333,,0.0,0.0,0.0,2.0,0.0,0.0,0.0,0.0,0.0,0.0,0.0,,0.0,1.0,0.0,0.0,0.0,0.0,0.333,0.0,0.0,0.0,0.0,0.0,0.0,0.0,0.0,0.0,0.0,2.0,0.0,0.0,0.0,0.0,0.0,0.0,2.0,0.0,0.0,0.0,0.0,0.0,0.0,1.0,0.0,3.0,0.667,G,9.0,8.0,0.143,0.889,0.585,0.304,1.0,0.0,,0.667,1.0,,0.0,1.0,0.0,2.0,0.0,0.0,,0.0,0.0,0.0,0.0,0.0,3.0,0.0,0.0,0.0,0.0,0.0,0.0,POR,0.0,0.0,2.0,0.0,2.0,0.0,0.0,0.0,2016,21500832,,POR,UTA,20160221.0,2015-16,False,POR,UTA,1.0,4.0,11.0,0.364,0.46,-0.096,0.273,2.0,3.0,0.667,0.382,0.284,0.727,2.0,8.0,0.25,0.506,-0.256,0.182,2.0,2.0,1.0,0.681,0.319,0.364,2.0,4.0,0.5,0.588,-0.088,0.545,2.0,6.0,0.333,0.396,-0.063,64.0,0.0,0.0,0.0,0.0,0.0,0.0,0.0,0.0,0.0,0.0,0.0,0.0,0.0,0.0,0.0,0.0,0.0,28.0,11854.0,2.25,1.09,1.15,4.73,4.88,5.01,,,,,,,,,,,,,,,,,,,,,,,,,,,
203515,Phil Pressey,Phil,1610612757,POR,25.0,1,1,0,1.0,11.616666666666667,0,0,0.0,0,0,0.0,0,0,0.0,1,1,2,4,2,0,0,0,2,1,0,-1,6.4,0,0,6.0,1,1,1,1,135,140,156,140,58,107,58,90,94,90,43,109,101,23,36,87,50,1,64,82,144,79,134,19,2,133,,159,0.095,0.0,104.2,108.3,108.2,0.045,0.091,52,33.3,24,0.1,101,93,55,0.0,21,82.64,140,108.3,96,103.13,115,98,2.0,150,0.571,109,99.17,112.5,112.5,19,144,0.0,51,99.17,140,66.7,158,-4.2,-4.0,0.069,0.0,73,124,96,1,124,149,156,3,52,-4.2,0.069,101,33.3,6.0,0.0,0.174,12.0,23.0,0.174,0.0,23.0,4.0,1.0,0.0,0.0,0.0,0.0,0.333,0.333,0.0,0.0,1.0,0.0,3.0,0.0,0.0,0.0,0.0,0.0,0.0,0.0,27.0,0.0,2.6,0.0,0.0,5.85,0.0,0.0,6.0,0.0,6.07,0.0,17.2,3.0,11.2,1.0,0.0,0.5,0.0,0.0,1.0,0.333,4.0,0.0,1.0,2.0,0.0,0.0,1.0,0.0,0.5,1.0,0.333,0.0,23.1,,,,,,,,,,,,,,,,,,,,,,,,,,,,,,,,,,,,,,,,,,,,,,,,,,,,,,,,0.0,,0.0,,,,,0.0,0.0,0.0,0.0,0.0,0.0,0.0,0.0,0.0,0.0,0.0,0.0,0.0,0.0,0.0,0.0,0.0,0.0,,0.0,,,0.0,0.0,0.0,0.0,0.0,0.0,0.0,0.0,0.0,0.0,0.0,0.0,G,14.0,12.0,0.184,0.857,0.593,0.264,0.0,0.0,,0.0,,,0.0,0.0,0.0,0.0,0.0,0.0,,0.0,0.0,0.0,0.0,0.0,0.0,0.0,0.0,,,0.0,0.0,POR,0.0,0.0,0.0,,,,,0.0,2016,21500871,,CHI,POR,20160227.0,2015-16,False,POR,CHI,1.0,0.0,1.0,0.0,0.41,-0.41,1.0,0.0,1.0,0.0,0.309,-0.309,,,,,,,,,,,,,,,,,,,1.0,0.0,1.0,0.0,0.323,-0.323,27.0,0.0,0.0,0.0,0.0,0.0,0.0,0.0,0.0,0.0,0.0,0.0,0.0,0.0,0.0,0.0,0.0,0.0,11.62,4562.0,0.86,0.47,0.39,4.66,5.12,4.19,,,,,,,,,,,,,,,,,,,,,,,,,,,
203515,Phil Pressey,Phil,1610612756,PHO,25.0,1,0,1,0.0,0.13,0,0,0.0,0,0,0.0,0,0,0.0,0,0,0,0,0,0,0,0,1,0,0,0,0.0,0,0,0.0,1,45,45,45,83,75,80,75,38,56,38,48,51,48,41,70,72,59,45,40,31,1,20,63,78,34,80,8,1,80,,1,0.0,0.0,0.0,0.0,0.0,1.0,0.0,82,0.0,0,0.0,1,70,72,0.0,33,153.85,75,0.0,33,0.0,1,35,0.0,81,0.0,1,184.62,0.0,0.0,41,78,0.0,83,184.62,75,0.0,1,0.0,0.0,0.0,0.0,82,1,33,59,1,81,80,59,82,0.0,0.0,1,0.0,0.0,,0.0,0.0,0.0,0.0,0.0,0.0,0.0,0.0,0.0,0.0,0.0,0.0,0.0,0.0,0.0,0.0,0.0,0.0,0.0,0.0,0.0,0.0,0.0,0.0,0.0,0.0,0.0,0.0,0.0,0.0,0.0,0.0,0.0,0.0,0.0,0.0,0.0,,,,,,,,,,,,,,,,,,,,,,,,,,,,,,,,,,,,,,,,,,,,,,,,,,,,,,,,,,,,,,,,,,,,,,,,,,,,,,,,0.0,,0.0,,,,,0.0,0.0,0.0,0.0,0.0,0.0,0.0,0.0,0.0,0.0,,,,,0.0,0.0,,,,,,,0.0,,,,,,,,,,,,G,15.0,13.0,0.183,0.867,0.594,0.273,,,,,,,,,,,,0.0,,,,,0.0,,,0.0,,,,,,POR,,,0.0,,,,,0.0,2016,21500961,,DEN,PHX,20160310.0,2015-16,False,PHX,DEN,,,,,,,,,,,,,,,,,,,,,,,,,,,,,,,,,,,,,0.0,0.0,0.0,0.0,0.0,0.0,0.0,0.0,0.0,0.0,0.0,0.0,0.0,0.0,0.0,0.0,0.0,0.0,0.13,81.0,0.02,,0.02,0.0,0.0,0.0,,,,,,,,,,,,,,,,,,,,,,,,,,,
203515,Phil Pressey,Phil,1610612757,POR,25.0,1,0,1,0.0,9.55,0,3,0.0,0,1,0.0,0,0,0.0,0,0,0,1,1,1,0,0,0,0,0,0,3.5,0,0,3.0,1,120,120,120,208,199,181,199,108,123,108,129,137,129,120,203,210,94,86,50,69,1,1,171,209,110,217,17,3,215,,186,0.0,3.0,103.2,104.5,106.9,-0.067,0.0,91,20.0,22,0.0,9,203,210,0.0,58,92.15,199,104.5,119,110.07,217,138,1.0,170,0.167,155,110.58,104.5,104.5,120,209,0.0,11,110.58,199,20.0,186,0.0,-3.6,0.158,0.0,100,137,119,68,137,157,181,55,91,0.0,0.16,9,20.0,3.0,0.0,0.042,3.0,24.0,0.042,0.0,24.0,1.0,1.0,1.0,0.0,0.0,0.0,0.25,0.0,0.0,0.0,0.0,0.25,4.0,0.0,0.0,0.0,1.0,0.0,0.0,1.0,29.0,0.0,1.9,0.0,0.0,3.92,0.0,0.0,9.0,0.0,3.59,,,,,,,,,,,,,,,,,,,,,,,,,0.0,0.0,1.0,0.667,0.0,0.0,0.0,0.0,2.0,,0.0,0.667,0.0,2.0,,,,,,,,,,,,,,,,,,,,,,,,,,,,,0.333,0.0,0.0,0.0,1.0,0.333,,0.0,0.0,0.0,1.0,0.0,0.0,0.0,1.0,0.0,0.0,0.0,0.0,0.0,1.0,0.0,0.0,0.0,0.0,0.0,0.0,0.0,0.0,0.0,0.0,0.0,0.0,0.0,0.0,0.0,1.0,0.0,0.0,0.0,0.0,0.0,0.0,0.0,0.0,0.0,0.0,0.0,0.0,0.0,1.0,0.0,1.0,0.0,G,2.0,2.0,0.133,1.0,0.563,0.438,0.0,,,0.0,,,0.0,,0.0,0.0,0.0,0.0,,0.0,0.0,,0.0,1.0,1.0,1.0,0.0,,,0.0,0.0,POR,0.0,0.0,0.0,,0.0,0.0,,0.0,2016,21500133,,MEM,POR,20151113.0,2015-16,False,POR,MEM,1.0,3.0,3.0,1.0,0.444,0.556,0.333,1.0,1.0,1.0,0.467,0.533,0.667,2.0,2.0,1.0,0.489,0.511,,,,,,,,,,,,,0.333,1.0,1.0,1.0,0.444,0.556,29.0,0.0,0.0,0.0,0.0,0.0,0.0,0.0,0.0,0.0,0.0,0.0,0.0,0.0,0.0,0.0,0.0,0.0,9.55,3677.0,0.7,0.39,0.31,4.4,5.39,3.55,,,,,,,,,,,,,,,,,,,,,,,,,,,
203515,Phil Pressey,Phil,1610612755,PHI,25.0,1,0,1,0.0,10.366666666666667,1,4,0.25,0,0,0.0,0,2,0.0,0,5,5,1,2,1,0,2,2,1,2,-1,10.5,0,0,10.0,1,95,95,95,167,147,144,144,81,136,81,106,65,106,105,36,55,87,32,39,72,170,85,90,161,93,148,15,1,145,,176,0.2,4.0,76.3,75.0,77.1,0.0,0.417,174,25.0,24,0.0,13,2,13,0.205,69,94.53,147,75.0,92,111.68,161,93,0.5,33,0.25,25,113.44,76.0,76.0,105,169,1.0,11,113.44,151,12.5,166,-1.0,-0.8,0.269,0.25,171,26,92,32,26,24,144,88,174,-1.0,0.269,13,25.4,5.0,0.0,0.056,3.0,18.0,0.056,0.0,18.0,1.0,2.0,3.0,0.182,1.0,0.091,0.182,0.0,2.0,0.0,0.0,0.455,11.0,0.0,1.0,0.333,5.0,2.0,0.0,0.0,26.0,2.0,3.2,0.0,0.0,7.36,0.0,0.0,4.0,0.077,8.42,0.0,12.9,6.0,12.9,5.0,0.0,0.714,0.0,0.0,0.0,0.833,7.0,0.0,0.0,5.0,0.0,0.0,0.0,0.0,0.714,1.0,0.833,0.0,0.0,1.0,0.0,1.0,0.5,0.0,0.0,1.0,1.0,1.0,,1.0,0.5,1.0,1.0,,,,,,,,,,,,,,,,1.0,0.0,0.0,0.0,0.5,0.0,0.0,0.0,0.0,0.5,1.0,0.0,,,,,,,,,,,,,,,0.0,,0.0,0.0,0.0,,,1.0,0.0,0.0,0.0,0.0,0.25,0.0,0.0,0.0,0.0,0.0,,0.0,0.0,0.0,1.0,0.0,0.0,0.0,0.0,0.0,0.0,0.0,1.0,0.0,0.0,0.0,,0.0,,0.0,0.0,3.0,0.333,G,7.0,6.0,0.135,0.857,0.558,0.299,0.0,0.0,,0.333,,,,0.0,0.0,1.0,,0.0,,,0.0,0.0,0.0,0.0,3.0,0.0,0.0,,,0.0,0.0,POR,0.0,1.0,0.0,,,,,0.0,2016,21500271,1565.0,NYK,PHI,20151202.0,2015-16,False,PHI,NYK,1.0,1.0,2.0,0.5,0.422,0.078,0.5,0.0,1.0,0.0,0.293,-0.293,0.5,1.0,1.0,1.0,0.454,0.546,,,,,,,,,,,,,1.0,1.0,2.0,0.5,0.307,0.194,26.0,0.0,0.0,0.0,0.0,0.0,0.0,0.0,0.0,0.0,0.0,0.0,0.0,0.0,0.0,0.0,0.0,0.0,10.37,5050.0,0.96,0.48,0.47,5.78,6.02,5.57,,,,,,,,,,,,,,,,,,,,,,,,,,,
203515,Phil Pressey,Phil,1610612757,POR,25.0,1,0,1,0.0,19.7,4,6,0.667,0,0,0.0,2,2,1.0,0,0,0,4,4,2,0,0,3,1,10,2,18.0,0,0,18.0,1,69,69,69,71,44,64,20,54,83,54,37,43,1,65,111,115,20,6,10,40,1,93,60,57,49,61,7,1,57,,124,0.0,6.0,105.0,106.4,111.0,0.11,0.0,71,26.7,47,0.0,7,111,115,0.727,33,95.43,44,106.4,56,110.67,54,81,1.0,61,0.267,76,114.52,102.1,102.1,65,25,4.0,18,114.52,32,26.7,124,4.3,-6.0,0.192,0.667,75,57,56,19,57,56,64,29,71,4.3,0.193,7,26.9,9.0,0.0,0.158,9.0,38.0,0.105,2.0,43.0,6.0,1.0,4.0,0.6,3.0,0.0,0.1,0.1,0.0,0.0,1.0,0.4,10.0,0.0,0.0,0.75,4.0,6.0,1.0,1.0,48.0,10.0,3.9,0.0,0.0,4.92,0.0,0.0,17.0,0.208,5.08,,,,,,,,,,,,,,,,,,,,,,,,,0.5,0.0,1.0,0.333,0.0,0.0,1.0,1.0,2.0,,0.5,0.333,0.5,2.0,,,,,,,,,,,,,,,,4.0,0.0,0.75,0.0,0.667,3.0,3.0,0.75,0.0,0.667,4.0,0.75,,,,,,,,,,,,,,,1.0,,2.0,0.5,0.5,,,2.0,0.0,0.0,0.0,0.0,0.667,0.0,0.0,0.0,0.0,0.0,0.0,0.0,0.0,1.0,1.0,0.0,0.0,0.0,0.0,0.0,0.0,1.0,3.0,0.0,0.0,0.0,0.0,0.0,0.0,1.0,0.0,4.0,0.75,G,14.0,12.0,0.187,0.857,0.593,0.264,1.0,0.0,,0.75,0.0,,0.0,0.0,1.0,3.0,0.0,0.0,,0.0,0.0,0.0,0.0,0.0,4.0,0.0,0.0,0.0,0.0,0.0,0.0,POR,1.0,1.0,0.0,,,,,0.0,2016,21500859,,POR,HOU,20160225.0,2015-16,False,POR,HOU,1.0,3.0,5.0,0.6,0.442,0.158,0.2,0.0,1.0,0.0,0.382,-0.382,0.8,3.0,4.0,0.75,0.469,0.281,0.8,3.0,4.0,0.75,0.598,0.153,0.8,3.0,4.0,0.75,0.541,0.209,0.2,0.0,1.0,0.0,0.397,-0.397,48.0,0.0,0.0,0.0,0.0,0.0,0.0,0.0,0.0,0.0,0.0,0.0,0.0,0.0,0.0,0.0,0.0,0.0,19.7,8447.0,1.6,0.8,0.8,4.88,5.33,4.5,,,,,,,,,,,,,,,,,,,,,,,,,,,
203515,Phil Pressey,Phil,1610612755,PHI,25.0,1,0,1,0.0,6.266666666666667,0,0,0.0,0,0,0.0,0,0,0.0,1,0,1,1,0,1,0,0,0,0,0,-2,5.7,0,0,4.0,1,96,96,96,167,161,176,161,90,125,90,108,113,108,42,157,134,92,118,36,52,1,1,135,166,106,162,19,2,168,,1,0.067,0.0,108.1,107.1,122.5,0.068,0.0,114,0.0,14,0.111,5,157,102,0.0,95,92.55,161,107.1,116,106.31,116,137,0.0,178,0.143,146,111.06,113.3,113.3,21,166,0.0,17,111.06,161,100.0,1,-6.2,-14.4,0.0,0.0,99,98,116,73,98,178,176,1,114,-6.2,0.0,5,0.0,4.0,0.0,0.067,2.0,15.0,0.067,0.0,13.0,1.0,0.0,0.0,0.0,0.0,0.0,0.0,0.5,0.0,0.0,1.0,0.5,2.0,0.0,0.0,0.0,1.0,0.0,0.0,0.0,15.0,0.0,0.9,0.0,0.0,3.77,0.0,0.0,5.0,0.0,3.53,0.0,24.4,0.0,0.0,0.0,0.0,1.0,0.0,0.0,1.0,0.0,1.0,0.0,1.0,1.0,0.0,0.0,1.0,0.0,1.0,1.0,0.0,0.0,24.4,,,,,,,,,,,,,,,,,,,,,,,,,,,,,,,,,,,,,,,,,,,,,,,,,,,,,,,,0.0,,0.0,,,,,0.0,0.0,0.0,0.0,0.0,0.0,0.0,0.0,0.0,0.0,0.0,,0.0,0.0,0.0,0.0,0.0,0.0,0.0,0.0,0.0,0.0,0.0,0.0,0.0,0.0,0.0,,0.0,,0.0,0.0,0.0,0.0,G,15.0,13.0,0.183,0.867,0.594,0.273,0.0,0.0,,0.0,,,,0.0,0.0,0.0,,0.0,,,0.0,0.0,0.0,0.0,0.0,0.0,0.0,,,0.0,0.0,POR,0.0,0.0,0.0,,,,,0.0,2016,21500951,,PHI,HOU,20160309.0,2015-16,False,PHI,HOU,1.0,1.0,1.0,1.0,0.45,0.55,,,,,,,1.0,1.0,1.0,1.0,0.506,0.494,1.0,1.0,1.0,1.0,0.607,0.393,1.0,1.0,1.0,1.0,0.568,0.432,,,,,,,15.0,0.0,0.0,0.0,0.0,0.0,0.0,0.0,0.0,0.0,0.0,0.0,0.0,0.0,0.0,0.0,0.0,0.0,6.27,2454.0,0.46,0.26,0.21,4.78,5.98,3.67,,,,,,,,,,,,,,,,,,,,,,,,,,,
203515,Phil Pressey,Phil,1610612757,POR,25.0,1,1,0,1.0,4.683333333333334,0,0,0.0,0,0,0.0,0,0,0.0,0,0,0,1,0,0,0,0,1,0,0,2,1.5,0,0,1.0,1,1,1,1,133,126,139,126,66,97,66,85,88,85,77,117,127,75,98,66,42,1,28,101,129,50,135,18,3,137,,1,0.0,0.0,114.1,100.0,91.1,0.0,0.0,97,0.0,11,0.0,4,117,127,0.0,74,93.95,126,100.0,34,100.03,122,25,0.0,141,0.333,24,112.74,81.8,81.8,77,129,0.0,57,112.74,126,100.0,1,18.2,23.0,0.0,0.0,53,14,34,14,14,141,139,1,97,18.2,0.0,4,0.0,2.0,0.0,0.111,3.0,9.0,0.111,0.0,9.0,1.0,0.0,0.0,0.0,0.0,0.0,0.0,0.0,0.0,0.0,0.0,0.0,0.0,0.0,0.0,0.0,0.0,0.0,0.0,0.0,9.0,0.0,0.4,0.0,0.0,2.47,0.0,0.0,3.0,0.0,2.11,,,,,,,,,,,,,,,,,,,,,,,,,,,,,,,,,,,,,,,,,,,,,,,,,,,,,,,,,,,,,,,,,,,,,,,,,,,,,,,,0.0,,0.0,,,,,0.0,0.0,0.0,0.0,0.0,0.0,0.0,0.0,0.0,0.0,0.0,,0.0,0.0,0.0,0.0,0.0,0.0,,0.0,,,0.0,0.0,0.0,0.0,0.0,,0.0,,0.0,0.0,0.0,0.0,G,14.0,12.0,0.173,0.857,0.593,0.264,0.0,0.0,0.0,0.0,,0.0,,0.0,0.0,0.0,,0.0,0.0,,0.0,0.0,0.0,0.0,0.0,0.0,0.0,,,0.0,0.0,POR,0.0,0.0,0.0,,,,,0.0,2016,21500934,,DET,POR,20160306.0,2015-16,False,POR,DET,1.0,0.0,1.0,0.0,0.41,-0.41,,,,,,,1.0,0.0,1.0,0.0,0.461,-0.461,,,,,,,,,,,,,1.0,0.0,1.0,0.0,0.323,-0.323,9.0,0.0,0.0,0.0,0.0,0.0,0.0,0.0,0.0,0.0,0.0,0.0,0.0,0.0,0.0,0.0,0.0,0.0,4.68,1917.0,0.36,0.17,0.19,5.13,6.18,4.4,,,,,,,,,,,,,,,,,,,,,,,,,,,
203515,Phil Pressey,Phil,1610612757,POR,25.0,1,0,1,0.0,13.133333333333333,4,6,0.667,2,2,1.0,1,2,0.5,0,0,0,5,3,0,0,0,1,1,11,4,15.5,0,0,18.0,1,79,79,79,122,47,81,14,15,55,1,59,41,56,74,123,128,13,19,72,42,1,34,68,50,47,88,10,1,72,,117,0.0,6.0,114.2,115.6,106.6,0.164,0.0,24,20.0,32,0.0,8,123,128,0.799,34,95.94,47,115.6,49,115.78,29,56,1.67,21,0.556,97,115.13,106.5,106.5,74,16,4.0,6,115.13,11,33.3,114,9.2,7.6,0.257,0.833,31,91,49,1,91,19,81,14,24,9.2,0.256,8,20.2,11.0,0.0,0.25,12.0,20.0,0.25,0.0,29.0,5.0,2.0,2.0,0.182,1.0,0.0,0.182,0.182,0.0,0.0,2.0,0.455,11.0,0.0,0.0,0.5,5.0,2.0,0.0,0.0,30.0,11.0,2.7,0.0,0.0,5.42,0.0,0.0,9.0,0.367,6.73,,,,,,,,,,,,,,,,,,,,,,,,,0.0,0.0,1.0,0.167,0.0,0.0,0.0,0.0,1.0,,0.0,0.167,0.0,1.0,,,1.0,0.167,0.0,1.0,0.0,1.0,0.167,1.0,1.0,,1.0,1.0,0.0,3.0,2.0,1.333,2.0,0.5,3.0,1.0,1.0,0.333,0.167,1.0,1.0,1.0,0.167,0.0,0.0,0.167,0.0,0.0,0.0,,0.0,1.0,1.0,0.0,0.0,3.0,2.0,8.0,1.0,0.75,1.0,2.0,4.0,0.0,0.0,0.0,0.0,0.833,0.0,0.0,0.0,0.0,0.0,0.0,0.5,0.0,0.0,0.0,2.0,1.0,0.0,0.0,0.0,0.0,0.0,1.0,0.0,0.0,2.0,0.0,0.0,0.0,2.0,1.0,2.0,0.5,G,1.0,1.0,0.1,1.0,0.565,0.435,1.0,1.0,0.0,0.5,,0.0,0.0,2.0,0.0,1.0,0.0,0.0,0.0,0.0,1.0,2.0,0.0,1.0,2.0,0.0,0.0,,,0.0,1.0,POR,0.0,0.0,0.0,,0.0,0.0,,0.0,2016,21500102,,DEN,POR,20151109.0,2015-16,False,POR,DEN,1.0,2.0,3.0,0.667,0.428,0.239,,,,,,,1.0,2.0,3.0,0.667,0.45,0.216,,,,,,,,,,,,,,,,,,,30.0,0.0,0.0,0.0,0.0,0.0,0.0,0.0,0.0,0.0,0.0,0.0,0.0,0.0,0.0,0.0,0.0,0.0,13.13,5571.0,1.06,0.56,0.49,5.03,6.07,4.17,,,,,,,,,,,,,,,,,,,,,,,,,,,
203515,Phil Pressey,Phil,1610612757,POR,25.0,1,0,1,0.0,16.56833333333333,1,3,0.333,0,2,0.0,3,4,0.75,0,2,2,7,1,1,0,0,2,2,5,4,19.9,0,0,16.0,1,123,123,123,162,173,175,151,107,88,107,43,40,60,120,113,137,13,90,38,73,1,105,66,155,74,115,22,2,125,,108,0.059,3.0,124.9,120.0,114.2,0.121,0.111,39,7.7,35,0.0,36,132,148,0.525,4,85.71,173,120.0,64,96.94,79,69,7.0,154,0.5,168,102.85,105.6,105.6,120,106,1.0,91,102.85,167,53.8,107,14.4,10.7,0.162,0.333,29,123,64,5,123,145,175,4,39,14.4,0.162,36,7.8,15.0,1.0,0.281,20.0,32.0,0.219,1.0,32.0,9.0,1.0,1.0,0.357,1.0,0.143,0.071,0.214,4.0,3.0,3.0,0.5,14.0,0.75,2.0,1.0,7.0,5.0,0.0,0.0,38.0,5.0,3.8,0.0,0.0,6.0,0.0,0.0,8.0,0.132,6.42,0.0,15.1,5.0,15.1,2.0,0.0,0.4,0.0,0.0,0.0,0.4,5.0,0.0,0.0,2.0,0.0,0.0,0.0,0.0,0.4,0.0,0.4,0.0,0.0,1.0,0.0,1.0,0.333,0.0,0.0,1.0,1.0,1.0,,1.0,0.333,1.0,1.0,,,,,,,,,,,,,,,,,,,,,,,,,,,,,0.667,0.0,0.0,0.0,2.0,0.667,,0.0,0.0,0.0,2.0,0.0,0.0,0.0,1.0,0.0,0.0,0.0,0.0,0.0,1.0,0.0,0.0,0.0,0.0,0.333,0.0,0.0,0.0,0.0,0.0,0.0,0.0,0.0,0.0,0.0,2.0,0.0,,0.0,,,0.0,1.0,0.0,0.0,0.0,0.0,0.0,0.0,0.0,0.0,1.0,1.0,G,2.0,2.0,0.167,1.0,0.563,0.438,0.0,0.0,0.0,1.0,0.0,0.0,0.0,2.0,0.0,1.0,0.0,0.0,0.0,0.0,0.0,0.0,0.0,0.0,1.0,0.0,0.0,0.0,0.0,0.0,0.0,POR,0.0,0.0,1.0,0.0,1.0,0.0,0.0,0.0,2016,21500123,,POR,SAS,20151111.0,2015-16,False,POR,SAS,1.0,1.0,2.0,0.5,0.423,0.077,0.5,0.0,1.0,0.0,0.373,-0.373,0.5,1.0,1.0,1.0,0.464,0.536,0.5,1.0,1.0,1.0,0.56,0.44,0.5,1.0,1.0,1.0,0.5,0.5,0.5,0.0,1.0,0.0,0.378,-0.378,38.0,0.0,0.0,0.0,0.0,0.0,0.0,0.0,0.0,0.0,0.0,0.0,0.0,0.0,0.0,0.0,0.0,0.0,16.57,6793.0,1.29,0.65,0.64,4.71,5.06,3.82,,,,,,,,,,,,,,,,,,,,,,,,,,,
203515,Phil Pressey,Phil,1610612755,PHI,25.0,1,0,1,0.0,15.6,4,7,0.571,0,0,0.0,0,0,0.0,0,3,3,6,0,1,0,0,1,0,8,11,23.6,0,0,19.0,1,75,75,75,108,44,75,28,58,90,58,75,78,75,72,66,79,9,97,27,47,1,30,106,65,16,49,17,2,61,,1,0.088,7.0,117.6,118.8,82.7,0.207,0.15,11,0.0,32,0.0,86,61,64,0.571,75,82.05,44,118.8,12,99.94,15,13,0.0,55,0.545,31,98.46,84.4,84.4,72,52,4.0,65,98.46,41,46.2,1,34.4,34.9,0.21,0.571,15,38,12,4,38,49,75,5,11,34.4,0.212,86,0.0,11.0,0.0,0.2,16.0,30.0,0.2,0.0,34.0,6.0,0.0,1.0,0.0,0.0,0.0,0.0,0.375,0.0,0.0,3.0,0.5,8.0,0.0,0.0,0.0,4.0,0.0,0.0,0.0,39.0,8.0,3.2,0.0,0.0,4.93,0.0,0.0,11.0,0.205,5.77,1.0,9.1,5.0,9.1,2.0,0.0,0.5,0.0,0.0,0.0,0.6,6.0,0.0,0.0,2.0,0.0,1.0,0.0,0.333,0.5,1.0,0.6,0.333,0.0,,,,,,,,,,,,,,,,,2.0,0.286,0.0,0.5,0.0,1.0,0.286,2.0,0.5,,1.0,0.5,0.0,2.0,0.0,0.5,0.0,0.286,1.0,1.0,0.5,0.0,0.286,2.0,0.5,,0.429,0.0,2.0,0.429,0.0,0.0,0.667,,0.667,3.0,3.0,0.667,2.0,2.0,,4.0,0.4,0.4,,,5.0,0.0,0.0,0.0,0.0,0.571,0.0,0.0,0.0,0.0,0.0,,0.667,0.0,0.0,2.0,0.0,0.0,0.0,0.0,0.0,0.0,0.0,2.0,0.0,0.0,0.0,,0.0,,3.0,2.0,2.0,1.0,G,2.0,2.0,0.1,1.0,0.563,0.438,2.0,0.0,,1.0,,,,0.0,1.0,2.0,,0.0,,,0.5,0.0,0.0,0.0,2.0,2.0,0.0,,,0.0,1.0,POR,1.0,1.0,0.0,,,,,0.0,2016,21500142,770.0,SAS,PHI,20151114.0,2015-16,False,PHI,SAS,1.0,2.0,5.0,0.4,0.406,-0.006,0.2,1.0,1.0,1.0,0.382,0.618,0.8,1.0,4.0,0.25,0.431,-0.181,,,,,,,,,,,,,0.8,2.0,4.0,0.5,0.369,0.131,39.0,0.0,0.0,0.0,0.0,0.0,0.0,0.0,0.0,0.0,0.0,0.0,0.0,0.0,0.0,0.0,0.0,0.0,15.6,6863.0,1.3,0.66,0.64,5.01,5.98,4.21,,,,,,,,,,,,,,,,,,,,,,,,,,,
203515,Phil Pressey,Phil,1610612757,POR,25.0,1,0,1,0.0,18.633333333333333,4,6,0.667,1,1,1.0,0,0,0.0,0,3,3,5,3,1,0,2,2,0,9,-8,20.1,0,0,20.0,1,103,103,103,136,69,117,18,46,105,1,112,118,112,112,84,106,23,18,40,70,177,94,151,81,165,92,17,2,85,,166,0.079,6.0,79.2,79.5,102.2,0.163,0.158,182,21.4,44,0.0,11,76,103,0.75,46,92.31,69,79.5,174,111.13,37,174,1.67,92,0.417,112,110.77,102.4,102.4,112,21,4.0,10,110.77,18,35.7,166,-22.8,-23.0,0.199,0.75,180,106,174,13,106,89,117,16,182,-22.8,0.196,11,21.4,9.0,0.0,0.132,10.0,38.0,0.132,0.0,42.0,5.0,1.0,1.0,0.182,1.0,0.0,0.091,0.182,0.0,0.0,2.0,0.636,11.0,0.0,0.0,1.0,7.0,2.0,0.0,1.0,47.0,9.0,3.7,0.0,0.0,4.68,0.0,0.0,13.0,0.191,5.11,0.0,9.4,3.0,9.4,3.0,0.0,0.6,0.0,0.0,0.0,1.0,5.0,0.0,0.0,3.0,0.0,0.0,0.0,0.0,0.6,2.0,1.0,0.0,0.0,1.0,0.0,1.0,0.25,0.0,0.0,1.0,1.0,1.0,,1.0,0.25,1.0,1.0,,,2.0,0.5,0.0,1.0,0.0,2.0,0.5,2.0,1.0,,2.0,1.0,0.0,,,,,,,,,,,,,,0.25,1.0,0.0,0.0,1.0,0.25,,1.0,1.5,0.0,1.0,1.0,1.0,0.0,0.0,0.0,,,,0.0,0.0,0.0,0.0,0.0,0.0,0.75,1.0,0.0,3.0,0.0,0.0,,0.0,0.0,0.0,0.0,1.0,1.0,,0.0,,,0.0,3.0,0.0,0.0,1.0,,0.0,,0.0,0.0,5.0,0.6,G,4.0,4.0,0.154,1.0,0.547,0.453,0.0,1.0,,0.6,,,,1.0,0.0,3.0,,0.0,,,0.0,1.0,0.0,0.0,5.0,0.0,0.0,,,0.0,0.0,POR,0.0,0.0,1.0,1.0,1.0,1.0,1.5,1.0,2016,21500170,,HOU,POR,20151118.0,2015-16,False,POR,HOU,1.0,3.0,6.0,0.5,0.406,0.094,0.5,1.0,3.0,0.333,0.28,0.053,0.5,2.0,3.0,0.667,0.449,0.218,0.333,2.0,2.0,1.0,0.532,0.468,0.333,2.0,2.0,1.0,0.51,0.491,0.667,1.0,4.0,0.25,0.334,-0.084,47.0,0.0,0.0,0.0,0.0,0.0,0.0,0.0,0.0,0.0,0.0,0.0,0.0,0.0,0.0,0.0,0.0,0.0,18.63,8088.0,1.53,0.85,0.68,4.85,5.39,4.34,,,,,,,,,,,,,,,,,,,,,,,,,,,
203515,Phil Pressey,Phil,1610612757,POR,25.0,1,0,1,0.0,2.533333333333333,0,0,0.0,0,0,0.0,0,0,0.0,0,1,1,1,0,0,0,0,0,1,0,6,2.7,0,0,2.0,1,105,105,105,213,183,207,183,96,143,96,111,120,111,108,144,161,100,152,104,65,1,1,99,191,58,195,17,1,196,,1,0.167,0.0,154.6,150.0,0.0,0.364,0.2,1,0.0,4,0.0,218,37,23,0.0,116,71.05,183,150.0,1,84.13,6,1,0.0,211,0.5,1,85.26,0.0,0.0,108,191,0.0,218,85.26,183,100.0,1,150.0,154.6,0.0,0.0,1,1,1,3,1,211,207,1,1,150.0,0.0,218,0.0,1.0,1.0,0.5,4.0,4.0,0.25,0.0,4.0,2.0,0.0,0.0,0.0,0.0,0.0,0.0,0.0,0.0,0.0,0.0,1.0,3.0,0.0,0.0,0.0,3.0,0.0,0.0,0.0,5.0,0.0,0.5,0.0,0.0,6.47,0.0,0.0,2.0,0.0,8.6,0.0,12.0,1.0,12.0,1.0,0.0,1.0,0.0,0.0,0.0,1.0,1.0,0.0,0.0,1.0,0.0,0.0,0.0,0.0,1.0,0.0,1.0,0.0,0.0,,,,,,,,,,,,,,,,,,,,,,,,,,,,,,,,,,,,,,,,,,,,,,,,,,,,,,,,0.0,,0.0,,,,,0.0,0.0,0.0,0.0,0.0,0.0,0.0,0.0,0.0,0.0,0.0,,0.0,,0.0,0.0,0.0,0.0,0.0,0.0,0.0,0.0,0.0,0.0,,,0.0,,0.0,,0.0,0.0,0.0,0.0,,,,,,,,0.0,0.0,,0.0,,,,0.0,,0.0,,0.0,,,0.0,0.0,0.0,0.0,0.0,0.0,0.0,,,0.0,0.0,POR,,,0.0,,,,,0.0,2016,21500068,,UTA,POR,20151104.0,2015-16,False,POR,UTA,,,,,,,,,,,,,,,,,,,,,,,,,,,,,,,,,,,,,5.0,0.0,0.0,0.0,0.0,0.0,0.0,0.0,0.0,0.0,0.0,0.0,0.0,0.0,0.0,0.0,0.0,0.0,2.53,1056.0,0.2,0.08,0.12,4.74,6.4,3.77,,,,,,,,,,,,,,,,,,,,,,,,,,,
