PLAYER_ID,PLAYER_NAME,TEAM_ID,TEAM_ABBREVIATION,AGE,MIN,FGM,FGA,FG_PCT,FG3M,FG3A,FG3_PCT,FTM,FTA,FT_PCT,OREB,DREB,REB,AST,TOV,STL,BLK,BLKA,PF,PFD,PTS,PLUS_MINUS,PACE_PER40,AST_TO,USG_PCT,TS_PCT,TM_TOV_PCT,POSS,E_USG_PCT,E_NET_RATING,OFF_RATING,PACE,AST_RATIO,DREB_PCT,AST_PCT,REB_PCT,EFG_PCT,OREB_PCT,E_OFF_RATING,E_PACE,E_DEF_RATING,DEF_RATING,E_TOV_PCT,NET_RATING,PIE,PASSES_MADE,AST_TO_PASS_PCT_ADJ,PASSES_RECEIVED,AST_TO_PASS_PCT,POTENTIAL_AST,FT_AST,AST_ADJ,SECONDARY_AST,AST_PTS_CREATED,DRIVE_TOV_PCT,DRIVE_PTS,DRIVE_TOV,DRIVE_PF,DRIVE_FGA,DRIVE_PTS_PCT,DRIVE_AST_PCT,DRIVE_PASSES,DRIVES,DRIVE_AST,DRIVE_FTA,DRIVE_PASSES_PCT,DRIVE_PF_PCT,DRIVE_FG_PCT,DRIVE_FTM,DRIVE_FT_PCT,DRIVE_FGM,POST_TOUCHES,PTS_PER_TOUCH,ELBOW_TOUCHES,AVG_SEC_PER_TOUCH,AVG_DRIB_PER_TOUCH,TOUCHES,PAINT_TOUCHES,PTS_PER_POST_TOUCH,PTS_PER_ELBOW_TOUCH,FRONT_CT_TOUCHES,TIME_OF_POSS,PTS_PER_PAINT_TOUCH,OREB_CHANCES,AVG_REB_DIST,REB_CONTEST,OREB_CHANCE_PCT_ADJ,REB_CHANCE_PCT_ADJ,DREB_CONTEST_PCT,OREB_UNCONTEST,DREB_CHANCES,AVG_DREB_DIST,REB_CHANCE_PCT,AVG_OREB_DIST,DREB_UNCONTEST,REB_CHANCE_DEFER,REB_UNCONTEST,DREB_CHANCE_PCT_ADJ,DREB_CHANCE_PCT,REB_CONTEST_PCT,OREB_CHANCE_DEFER,DREB_CHANCE_DEFER,OREB_CONTEST_PCT,OREB_CHANCE_PCT,DREB_CONTEST,OREB_CONTEST,REB_CHANCES,very_tight_FG3A,very_tight_FG3_PCT,very_tight_FG3M,very_tight_FG2A,very_tight_FGA_FREQUENCY,very_tight_FG2A_FREQUENCY,very_tight_FG2M,very_tight_FGA,very_tight_FG3A_FREQUENCY,very_tight_FG_PCT,very_tight_FG2_PCT,very_tight_FGM,very_tight_EFG_PCT,tight_FG3_PCT,tight_FGA,tight_FG3M,tight_FG3A,tight_FG3A_FREQUENCY,tight_EFG_PCT,tight_FGM,tight_FG2_PCT,tight_FG2A,tight_FG2M,tight_FGA_FREQUENCY,tight_FG_PCT,tight_FG2A_FREQUENCY,open_FG3A,open_FGA_FREQUENCY,open_FGA,open_FG2A,open_FG2M,open_EFG_PCT,open_FG3A_FREQUENCY,open_FG3_PCT,open_FG3M,open_FG_PCT,open_FG2A_FREQUENCY,open_FGM,open_FG2_PCT,wide_open_FG2_PCT,wide_open_FG_PCT,wide_open_FG3M,wide_open_FG2A,wide_open_FG3A,wide_open_EFG_PCT,wide_open_FG3_PCT,wide_open_FGA,wide_open_FG2A_FREQUENCY,wide_open_FGM,wide_open_FG2M,wide_open_FGA_FREQUENCY,wide_open_FG3A_FREQUENCY,PULL_UP_FG_PCT,PULL_UP_FG3M,PULL_UP_PTS,PULL_UP_EFG_PCT,PULL_UP_FG3_PCT,PULL_UP_FG3A,PULL_UP_FGA,PULL_UP_FGM,CATCH_SHOOT_PTS,CATCH_SHOOT_FG_PCT,ELBOW_TOUCH_PTS,ELBOW_TOUCH_FG_PCT,PAINT_TOUCH_FG_PCT,EFF_FG_PCT,POST_TOUCH_PTS,POST_TOUCH_FG_PCT,PAINT_TOUCH_PTS,ITP_FGM,CORNER_3_FG_PCT,ABOVE_BREAK_3_FG_PCT,RA_FGM,ABOVE_BREAK_3_FGM,ITP_FG_PCT,RIGHT_CORNER_3_FG_PCT,MID_FGA,LEFT_CORNER_3_FGM,BACKCOURT_FG_PCT,ABOVE_BREAK_3_FGA,CORNER_3_FGA,RIGHT_CORNER_3_FGM,RIGHT_CORNER_3_FGA,RA_FG_PCT,LEFT_CORNER_3_FG_PCT,ITP_FGA,RA_FGA,BACKCOURT_FGM,LEFT_CORNER_3_FGA,MID_FGM,CORNER_3_FGM,BACKCOURT_FGA,MID_FG_PCT,PLUSMINUS,NS_LT_06_PCT,FREQ,FGM_LT_06,LT_06_PCT,FGA_LT_06,FGM_5_9,FGA_5_9,FGM_35_39,FGM_10_14,FGP_30_34,FGA_30_34,FGM_25_29,FGP_35_39,FGA_10_14,FGA_25_29,FGP_5_9,FGP_LT_5,FGM_15_19,FGA_40_PLUS,FGM_LT_5,FGM_20_24,FGP_10_14,FGP_15_19,FGP_40_PLUS,FGA_20_24,FGM_40_PLUS,FGP_25_29,FGA_35_39,FGM_30_34,FGA_15_19,FGA_LT_5,FGP_20_24,CATCH_SHOOT_EFG_PCT,CATCH_SHOOT_FGA,CATCH_SHOOT_FG3_PCT,CATCH_SHOOT_FG3A,CATCH_SHOOT_FG3M,CATCH_SHOOT_FGM,year,GAME_ID,overall_def_FREQ,overall_def_D_FGM,overall_def_D_FGA,overall_def_D_FG_PCT,overall_def_NORMAL_FG_PCT,overall_def_PCT_PLUSMINUS,three_pt_def_FG3M,three_pt_def_FG3A,three_pt_def_FG3_PCT,three_pt_def_NS_FG3_PCT,two_pt_def_FG2M,two_pt_def_FG2A,two_pt_def_FG2_PCT,two_pt_def_NS_FG2_PCT,less_10ft_def_FGM_LT_10,less_10ft_def_FGA_LT_10,less_10ft_def_LT_10_PCT,less_10ft_def_NS_LT_10_PCT,more_15ft_def_FGM_GT_15,more_15ft_def_FGA_GT_15,more_15ft_def_GT_15_PCT,more_15ft_def_NS_GT_15_PCT,post_touch_POST_TOUCH_FGM,post_touch_POST_TOUCH_FGA,post_touch_POST_TOUCH_FTM,post_touch_POST_TOUCH_FTA,post_touch_POST_TOUCH_FT_PCT,post_touch_POST_TOUCH_PTS_PCT,post_touch_POST_TOUCH_PASSES,post_touch_POST_TOUCH_PASSES_PCT,post_touch_POST_TOUCH_AST,post_touch_POST_TOUCH_AST_PCT,post_touch_POST_TOUCH_TOV,post_touch_POST_TOUCH_TOV_PCT,post_touch_POST_TOUCH_FOULS,post_touch_POST_TOUCH_FOULS_PCT,date,season,playoffs,opp_team_abbr,hustle_CONTESTED_SHOTS,hustle_CONTESTED_SHOTS_2PT,hustle_CONTESTED_SHOTS_3PT,hustle_DEFLECTIONS,hustle_CHARGES_DRAWN,hustle_SCREEN_ASSISTS,hustle_SCREEN_AST_PTS,hustle_OFF_LOOSE_BALLS_RECOVERED,hustle_DEF_LOOSE_BALLS_RECOVERED,hustle_LOOSE_BALLS_RECOVERED,hustle_PCT_LOOSE_BALLS_RECOVERED_OFF,hustle_PCT_LOOSE_BALLS_RECOVERED_DEF,hustle_OFF_BOXOUTS,hustle_DEF_BOXOUTS,hustle_BOX_OUTS,hustle_BOX_OUT_PLAYER_TEAM_REBS,hustle_BOX_OUT_PLAYER_REBS,hustle_PCT_BOX_OUTS_OFF,hustle_PCT_BOX_OUTS_DEF,hustle_PCT_BOX_OUTS_TEAM_REB,hustle_PCT_BOX_OUTS_REB,D_FGA,NORMAL_FG_PCT,D_FGM,D_FG_PCT,PCT_PLUSMINUS,DIST_MILES_OFF,DIST_MILES_DEF,AVG_SPEED,AVG_SPEED_OFF,DIST_MILES,AVG_SPEED_DEF,NICKNAME,GP,W,L,W_PCT,NBA_FANTASY_PTS,DD2,TD3,WNBA_FANTASY_PTS,GP_RANK,W_RANK,L_RANK,W_PCT_RANK,MIN_RANK,FGM_RANK,FGA_RANK,FG_PCT_RANK,FG3M_RANK,FG3A_RANK,FG3_PCT_RANK,FTM_RANK,FTA_RANK,FT_PCT_RANK,OREB_RANK,DREB_RANK,REB_RANK,AST_RANK,TOV_RANK,STL_RANK,BLK_RANK,BLKA_RANK,PF_RANK,PFD_RANK,PTS_RANK,PLUS_MINUS_RANK,NBA_FANTASY_PTS_RANK,DD2_RANK,TD3_RANK,WNBA_FANTASY_PTS_RANK,sp_work_PACE,E_USG_PCT_RANK,sp_work_DEF_RATING,PACE_RANK,FGM_PG,OREB_PCT_RANK,sp_work_NET_RATING,AST_RATIO_RANK,USG_PCT_RANK,sp_work_OFF_RATING_RANK,E_TOV_PCT_RANK,E_PACE_RANK,DEF_RATING_RANK,FGM_PG_RANK,TS_PCT_RANK,sp_work_PACE_RANK,DREB_PCT_RANK,FGA_PG,TM_TOV_PCT_RANK,E_NET_RATING_RANK,sp_work_OFF_RATING,E_DEF_RATING_RANK,FGA_PG_RANK,OFF_RATING_RANK,sp_work_NET_RATING_RANK,AST_PCT_RANK,NET_RATING_RANK,E_OFF_RATING_RANK,sp_work_DEF_RATING_RANK,EFG_PCT_RANK,REB_PCT_RANK,PIE_RANK,AST_TO_RANK,POINTS,PLAYER_LAST_TEAM_ABBREVIATION,PLAYER_LAST_TEAM_ID,G,PLAYER_POSITION,TEAM_ABBR,three_pt_def_FREQ,three_pt_def_PLUSMINUS,two_pt_def_FREQ,two_pt_def_PLUSMINUS,less_6ft_def_FGM_LT_06,less_6ft_def_FREQ,less_6ft_def_FGA_LT_06,less_6ft_def_LT_06_PCT,less_6ft_def_NS_LT_06_PCT,less_6ft_def_PLUSMINUS,less_10ft_def_PLUSMINUS,less_10ft_def_FREQ,more_15ft_def_TEAM_ID,more_15ft_def_OREB_CONTEST_PCT,more_15ft_def_OREB_CHANCES,more_15ft_def_OREB,more_15ft_def_OREB_CHANCE_PCT_ADJ,more_15ft_def_DREB_UNCONTEST,more_15ft_def_DREB_CHANCE_PCT_ADJ,more_15ft_def_REB_CONTEST,more_15ft_def_DREB_CONTEST,more_15ft_def_REB,more_15ft_def_OREB_CHANCE_PCT,more_15ft_def_REB_CHANCE_DEFER,more_15ft_def_REB_UNCONTEST,more_15ft_def_DREB_CHANCE_PCT,more_15ft_def_AVG_REB_DIST,more_15ft_def_OREB_CONTEST,more_15ft_def_AVG_DREB_DIST,more_15ft_def_REB_CONTEST_PCT,more_15ft_def_AVG_OREB_DIST,more_15ft_def_REB_CHANCE_PCT,more_15ft_def_DREB_CHANCES,more_15ft_def_REB_CHANCE_PCT_ADJ,more_15ft_def_DREB_CHANCE_DEFER,more_15ft_def_DREB,more_15ft_def_REB_CHANCES,more_15ft_def_DREB_CONTEST_PCT,more_15ft_def_TEAM_ABBREVIATION,more_15ft_def_OREB_CHANCE_DEFER,more_15ft_def_OREB_UNCONTEST,hustle_TEAM_ID,hustle_TEAM_ABBREVIATION,post_touch_POST_TOUCHES,post_touch_TEAM_ABBREVIATION,post_touch_TOUCHES,post_touch_POST_TOUCH_FG_PCT,post_touch_POST_TOUCH_PTS,post_touch_TEAM_ID,MIN1,DIST_FEET,team_poss,pullup_PULL_UP_FGM,pullup_PULL_UP_FGA,pullup_PULL_UP_FG_PCT,pullup_PULL_UP_PTS,pullup_PULL_UP_FG3M,pullup_PULL_UP_FG3A,pullup_PULL_UP_FG3_PCT,pullup_PULL_UP_EFG_PCT,lt6ft_totals_FGM_LT_06,lt6ft_totals_FGA_LT_06,lt6ft_totals_LT_06_PCT,lt6ft_totals_NS_LT_06_PCT,lt6ft_totals_PLUSMINUS,hustle_MIN,opp_team_id,HTM,VTM,team,opp_team,level_0,index,TEAM_COUNT,more_15ft_def_FREQ,more_15ft_def_PLUSMINUS,POST_TOUCH_FGM,POST_TOUCH_FGA,POST_TOUCH_FTM,POST_TOUCH_FTA,POST_TOUCH_FT_PCT,POST_TOUCH_PTS_PCT,POST_TOUCH_PASSES,POST_TOUCH_PASSES_PCT,POST_TOUCH_AST,POST_TOUCH_AST_PCT,POST_TOUCH_TOV,POST_TOUCH_TOV_PCT,POST_TOUCH_FOULS,POST_TOUCH_FOULS_PCT
203901,Elfrid Payton,1610612753,ORL,21.0,30.2,6,12,0.5,0,0,0.0,4,8,0.5,1,2,3,9,1,0,0,1,4,5,16,-8,76.82,9.0,0.27,0.515,3.8,57,0.269,-12.8,117.5,92.19,34.6,0.065,0.45,0.052,0.5,0.037,116.8,91.58,129.6,127.1,3.9,-9.6,0.112,53.0,0.17,64.0,0.17,17.0,0.0,9.0,1.0,17.0,0.0,7.0,0.0,3.0,5.0,0.583,0.0,4.0,12.0,0.0,6.0,0.333,0.25,0.4,3.0,0.5,2.0,0.0,0.213,0.0,5.54,5.87,75.0,2.0,0.0,0.0,27.0,6.9,0.0,4.0,7.2,1.0,0.25,0.429,0.0,0.0,3.0,9.0,0.429,3.6,2.0,0.0,2.0,0.667,0.667,0.333,0.0,0.0,1.0,0.25,0.0,1.0,7.0,0.0,,0.0,1.0,0.091,0.091,1.0,1.0,0.0,1.0,1.0,1.0,1.0,,5.0,0.0,0.0,0.0,0.6,3.0,0.6,5.0,3.0,0.455,0.6,0.455,0.0,0.364,4.0,4.0,1.0,0.25,0.0,,0.0,0.25,0.364,1.0,0.25,1.0,1.0,0.0,1.0,0.0,1.0,,1.0,0.091,1.0,1.0,0.091,0.0,0.4,,4.0,0.4,,,5.0,2.0,0.0,0.0,0.0,0.0,0.0,0.5,0.0,0.0,0.0,0.0,0.0,0.0,4.0,0.0,0.0,0.0,5.0,0.0,0.0,0.0,0.0,0.0,0.0,0.667,0.0,1.0,6.0,0.0,0.0,2.0,0.0,0.0,0.4,0.149,0.578,0.367,8.0,0.727,11.0,0.0,1.0,,0.0,,,0.0,,0.0,0.0,0.0,0.667,1.0,0.0,4.0,1.0,0.0,0.333,0.0,2.0,0.0,0.0,,,3.0,6.0,0.5,,0.0,,,,0.0,2015,21400029,,8.0,14.0,0.571,0.453,0.119,,,,,,,,,,,,,,,,,,,,,,,,,,,,,,,20141101.0,2014-15,False,TOR,,,,,,,,,,,,,,,,,,,,,,,,,,,1.1,1.0,4.18,4.97,2.1,3.57,Elfrid,1.0,0.0,1.0,0.0,32.1,0.0,0.0,28.0,1.0,129.0,129.0,129.0,80.0,40.0,44.0,77.0,94.0,166.0,94.0,31.0,19.0,105.0,56.0,128.0,124.0,6.0,99.0,120.0,78.0,164.0,204.0,19.0,47.0,202.0,41.0,17.0,1.0,49.0,92.19,44.0,127.1,226.0,6.0,104.0,-9.6,26.0,38.0,43.0,85.0,224.0,235.0,40.0,124.0,226.0,193.0,12.0,85.0,173.0,117.5,247.0,44.0,43.0,159.0,7.0,159.0,47.0,235.0,102.0,178.0,98.0,1.0,16.0,,,1.0,G,ORL,,,,,,,,,,,,,,,,,,,,,,,,,,,,,,,,,,,,,,,,,,,,,,,,,,,11083.0,94.0,,,,,,,,,,,,,,,1610612761.0,ORL,TOR,ORL,TOR,,,,,,,,,,,,,,,,,,,
203901,Elfrid Payton,1610612753,ORL,21.0,28.4,4,8,0.5,0,0,0.0,0,1,0.0,3,3,6,5,4,4,1,2,2,1,8,2,80.99,1.25,0.171,0.474,23.5,58,0.177,-1.4,96.6,97.18,29.4,0.136,0.238,0.107,0.5,0.088,94.6,97.59,95.9,94.7,22.9,1.8,0.116,65.0,0.092,60.0,0.077,12.0,0.0,6.0,1.0,11.0,0.167,0.0,1.0,0.0,0.0,0.0,0.5,2.0,6.0,3.0,0.0,0.333,0.0,0.0,0.0,0.0,0.0,0.0,0.1,1.0,5.15,5.26,80.0,1.0,0.0,0.0,33.0,6.9,2.0,6.0,17.3,1.0,0.5,0.6,0.0,2.0,4.0,24.1,0.6,12.7,2.0,0.0,4.0,0.75,0.75,0.167,0.0,0.0,0.333,0.5,0.0,1.0,10.0,0.0,,0.0,2.0,0.333,0.333,1.0,2.0,0.0,0.5,0.5,1.0,0.5,,3.0,0.0,0.0,0.0,1.0,3.0,1.0,3.0,3.0,0.5,1.0,0.5,,,,,,,,,,,,,,0.0,0.0,0.0,1.0,0.0,0.0,,1.0,0.167,0.0,0.0,0.167,0.0,1.0,,2.0,1.0,,,1.0,1.0,0.0,0.0,0.0,0.0,1.0,0.5,0.0,0.0,2.0,0.0,0.0,0.0,4.0,0.0,0.0,0.0,1.0,0.0,0.0,0.0,0.0,0.0,0.0,0.667,0.0,1.0,6.0,0.0,0.0,0.0,0.0,0.0,0.0,0.09,0.56,0.385,13.0,0.65,20.0,0.0,1.0,,0.0,,,0.0,,1.0,0.0,0.0,0.667,0.0,0.0,4.0,0.0,0.0,0.0,0.0,0.0,0.0,0.0,,,0.0,6.0,0.0,0.0,1.0,,,,0.0,2015,21400058,,5.0,10.0,0.5,0.402,0.098,,,,,,,,,,,,,,,,,,,,,,,,,,,,,,,20141105.0,2014-15,False,PHI,,,,,,,,,,,,,,,,,,,,,,,,,,,1.1,1.0,4.66,4.5,2.2,4.4,Elfrid,1.0,1.0,0.0,1.0,33.7,0.0,0.0,29.0,1.0,1.0,1.0,1.0,88.0,76.0,95.0,81.0,95.0,154.0,95.0,141.0,136.0,141.0,15.0,88.0,47.0,25.0,11.0,4.0,30.0,232.0,90.0,127.0,116.0,96.0,47.0,22.0,2.0,50.0,97.18,145.0,94.7,119.0,4.0,44.0,1.8,38.0,148.0,150.0,217.0,123.0,93.0,76.0,154.0,119.0,107.0,8.0,218.0,136.0,96.6,97.0,95.0,150.0,116.0,45.0,116.0,155.0,93.0,99.0,82.0,98.0,60.0,8.0,,,1.0,G,ORL,,,,,,,,,,,,,,,,,,,,,,,,,,,,,,,,,,,,,,,,,,,,,,,,,,,11398.0,101.0,,,,,,,,,,,,,,,1610612755.0,PHI,ORL,ORL,PHI,,,,,,,,,,,,,,,,,,,
203901,Elfrid Payton,1610612753,ORL,21.0,38.61333333333334,6,15,0.4,0,0,0.0,3,4,0.75,1,4,5,4,1,1,1,2,2,4,15,13,80.8,4.0,0.202,0.447,4.5,77,0.202,16.7,105.2,96.96,18.2,0.103,0.148,0.068,0.4,0.029,102.5,98.38,85.8,86.1,4.6,19.1,0.113,61.0,0.082,65.0,0.066,10.0,1.0,5.0,0.0,10.0,0.042,7.0,1.0,1.0,10.0,0.292,0.083,8.0,24.0,2.0,2.0,0.333,0.042,0.3,1.0,0.5,3.0,0.0,0.179,1.0,6.11,6.38,84.0,0.0,0.0,0.0,28.0,8.6,0.0,7.0,10.5,0.0,0.143,0.385,0.0,1.0,6.0,8.6,0.385,17.9,4.0,0.0,5.0,0.667,0.667,0.0,0.0,0.0,0.0,0.143,0.0,0.0,13.0,0.0,,0.0,3.0,0.231,0.231,2.0,3.0,0.0,0.667,0.667,2.0,0.667,,8.0,0.0,0.0,0.0,0.375,3.0,0.375,8.0,3.0,0.615,0.375,0.615,0.0,0.077,1.0,1.0,1.0,1.0,0.0,,0.0,1.0,0.077,1.0,1.0,0.0,0.0,0.0,1.0,0.0,0.0,,1.0,0.077,0.0,0.0,0.077,0.0,0.5,,4.0,0.5,,,4.0,2.0,0.0,0.0,0.0,0.0,0.0,0.4,0.0,0.0,0.0,2.0,0.0,0.0,2.0,0.0,0.5,0.0,3.0,0.0,0.0,0.0,0.0,0.0,0.0,0.25,0.0,4.0,8.0,0.0,0.0,2.0,0.0,0.0,0.667,0.118,0.564,0.349,15.0,0.682,22.0,2.0,4.0,0.0,0.0,0.0,0.0,0.0,0.0,0.0,0.0,0.5,0.25,2.0,0.0,2.0,0.0,0.0,0.667,0.0,0.0,0.0,0.0,0.0,0.0,3.0,8.0,0.0,,0.0,,,,0.0,2015,21400072,,5.0,11.0,0.455,0.413,0.042,,,,,,,,,,,,,,,,,,,,,,,,,,,,,,,20141107.0,2014-15,False,MIN,,,,,,,,,,,,,,,,,,,,,,,,,,,1.5,1.2,4.2,4.67,2.7,3.73,Elfrid,1.0,1.0,0.0,1.0,32.0,0.0,0.0,28.0,1.0,1.0,1.0,1.0,24.0,30.0,20.0,145.0,101.0,146.0,101.0,41.0,37.0,66.0,61.0,53.0,62.0,32.0,82.0,32.0,24.0,227.0,95.0,31.0,50.0,23.0,34.0,19.0,2.0,48.0,96.96,99.0,86.1,83.0,6.0,112.0,19.1,87.0,95.0,110.0,90.0,63.0,30.0,30.0,161.0,83.0,130.0,15.0,90.0,46.0,105.2,28.0,20.0,110.0,44.0,80.0,44.0,133.0,30.0,158.0,135.0,100.0,11.0,15.0,,,1.0,G,ORL,,,,,,,,,,,,,,,,,,,,,,,,,,,,,,,,,,,,,,,,,,,,,,,,,,,14287.0,107.0,,,,,,,,,,,,,,,1610612750.0,ORL,MIN,ORL,MIN,,,,,,,,,,,,,,,,,,,
203901,Elfrid Payton,1610612753,ORL,21.0,23.058333333333334,0,2,0.0,0,0,0.0,0,0,0.0,0,3,3,8,1,0,0,2,1,0,0,-3,74.59,8.0,0.064,0.0,9.1,43,0.066,-4.6,107.0,89.51,72.7,0.13,0.5,0.07,0.0,0.0,105.5,91.72,110.1,114.0,9.1,-7.0,0.089,42.0,0.167,40.0,0.19,8.0,0.0,7.0,0.0,15.0,0.0,0.0,0.0,0.0,2.0,0.0,0.4,4.0,10.0,4.0,0.0,0.4,0.0,0.0,0.0,0.0,0.0,0.0,0.0,0.0,5.68,5.86,50.0,1.0,0.0,0.0,15.0,4.7,0.0,2.0,8.3,1.0,0.0,0.429,0.333,0.0,5.0,8.3,0.429,0.0,2.0,0.0,2.0,0.6,0.6,0.333,0.0,0.0,0.0,0.0,1.0,0.0,7.0,,,,,,,,,,,,,,,,,,,,,,,,,,,,,,,,,,,,,,,,,,,,,,,,,,,,,,,0.0,,,,0.0,0.0,0.0,0.0,0.0,0.0,0.0,0.0,0.0,0.0,0.0,0.0,0.0,0.0,0.0,0.0,0.0,0.0,0.0,0.0,0.0,0.0,0.0,0.0,0.0,0.0,0.0,0.0,2.0,0.0,0.0,0.0,0.0,0.0,0.0,0.147,0.573,0.298,18.0,0.72,25.0,0.0,0.0,,0.0,,,0.0,,0.0,0.0,0.0,0.0,0.0,0.0,0.0,0.0,0.0,0.0,0.0,0.0,0.0,0.0,,,0.0,2.0,0.0,,0.0,,,,0.0,2015,21400113,,4.0,6.0,0.667,0.411,0.256,,,,,,,,,,,,,,,,,,,,,,,,,,,,,,,20141112.0,2014-15,False,NYK,,,,,,,,,,,,,,,,,,,,,,,,,,,0.9,0.8,4.43,4.73,1.7,4.15,Elfrid,1.0,1.0,0.0,1.0,14.6,0.0,0.0,11.0,1.0,1.0,1.0,1.0,100.0,167.0,150.0,167.0,81.0,122.0,81.0,109.0,118.0,109.0,96.0,64.0,89.0,9.0,61.0,87.0,60.0,174.0,41.0,146.0,171.0,107.0,113.0,18.0,1.0,123.0,89.51,173.0,114.0,151.0,0.0,96.0,-7.0,3.0,173.0,93.0,106.0,125.0,131.0,167.0,171.0,151.0,81.0,2.0,105.0,108.0,107.0,113.0,150.0,93.0,114.0,7.0,114.0,99.0,131.0,167.0,101.0,93.0,4.0,0.0,,,,G,ORL,,,,,,,,,,,,,,,,,,,,,,,,,,,,,,,,,,,,,,,,,,,,,,,,,,,9033.0,89.0,,,,,,,,,,,,,,,1610612752.0,NYK,ORL,ORL,NYK,,,,,,,,,,,,,,,,,,,
203901,Elfrid Payton,1610612753,ORL,21.0,22.06833333333333,1,5,0.2,0,0,0.0,0,0,0.0,0,4,4,3,2,1,0,1,4,1,2,-14,84.28,1.5,0.13,0.2,20.0,46,0.135,-32.4,69.6,101.14,30.0,0.25,0.3,0.087,0.2,0.0,69.6,99.01,102.0,97.9,20.0,-28.3,0.0,37.0,0.108,37.0,0.081,10.0,0.0,4.0,1.0,7.0,0.0,0.0,0.0,0.0,2.0,0.0,0.0,2.0,4.0,0.0,0.0,0.5,0.0,0.0,0.0,0.0,0.0,0.0,0.043,0.0,6.31,6.24,46.0,1.0,0.0,0.0,16.0,4.8,0.0,3.0,5.0,1.0,0.0,0.5,0.25,0.0,6.0,5.0,0.444,0.0,3.0,1.0,3.0,0.667,0.667,0.25,1.0,0.0,0.0,0.0,1.0,0.0,9.0,0.0,,0.0,1.0,0.25,0.25,0.0,1.0,0.0,0.0,0.0,0.0,0.0,,2.0,0.0,0.0,0.0,0.5,1.0,0.5,2.0,1.0,0.5,0.5,0.5,0.0,0.25,1.0,1.0,0.0,0.0,0.0,,0.0,0.0,0.25,0.0,0.0,,,,,,,,,,,,,,0.5,,2.0,0.5,,,2.0,1.0,0.0,0.0,0.0,0.0,0.0,0.2,0.0,0.0,0.0,0.0,0.0,0.0,0.0,0.0,0.0,0.0,2.0,0.0,,0.0,0.0,0.0,0.0,0.0,0.0,1.0,2.0,,0.0,1.0,0.0,,0.5,0.157,0.567,0.322,21.0,0.724,29.0,0.0,1.0,,0.0,0.0,0.0,0.0,,0.0,0.0,0.0,0.0,0.0,,0.0,1.0,0.0,0.0,,1.0,,0.0,,0.0,1.0,2.0,1.0,,0.0,,,,0.0,2015,21400123,,4.0,6.0,0.667,0.42,0.247,,,,,,,,,,,,,,,,,,,,,,,,,,,,,,,20141114.0,2014-15,False,MIL,,,,,,,,,,,,,,,,,,,,,,,,,,,0.9,0.8,4.63,4.53,1.7,4.74,Elfrid,1.0,1.0,0.0,1.0,12.3,0.0,0.0,11.0,1.0,1.0,1.0,1.0,109.0,150.0,127.0,176.0,91.0,133.0,91.0,109.0,120.0,109.0,102.0,46.0,74.0,40.0,44.0,42.0,65.0,139.0,172.0,104.0,172.0,184.0,133.0,15.0,1.0,137.0,101.14,175.0,97.9,57.0,1.0,102.0,-28.3,28.0,177.0,192.0,170.0,69.0,89.0,150.0,185.0,57.0,23.0,5.0,169.0,177.0,69.6,110.0,127.0,192.0,171.0,27.0,171.0,196.0,89.0,176.0,99.0,167.0,47.0,2.0,,,1.0,G,ORL,,,,,,,,,,,,,,,,,,,,,,,,,,,,,,,,,,,,,,,,,,,,,,,,,,,8803.0,99.0,,,,,,,,,,,,,,,1610612749.0,ORL,MIL,ORL,MIL,,,,,,,,,,,,,,,,,,,
203901,Elfrid Payton,1610612753,ORL,21.0,16.055,1,6,0.167,0,1,0.0,1,2,0.5,2,1,3,1,0,2,0,2,1,2,3,-9,78.48,0.0,0.167,0.218,0.0,32,0.201,-25.5,84.4,94.18,14.3,0.091,0.1,0.111,0.167,0.125,89.4,91.96,114.9,116.1,0.0,-31.8,0.02,26.0,0.038,28.0,0.038,2.0,0.0,1.0,0.0,2.0,0.2,0.0,1.0,0.0,1.0,0.0,0.0,3.0,5.0,0.0,0.0,0.6,0.0,0.0,0.0,0.0,0.0,0.0,0.086,1.0,6.09,6.4,35.0,1.0,0.0,0.0,9.0,3.6,0.0,5.0,11.3,0.0,0.4,0.5,0.0,2.0,1.0,4.1,0.5,14.8,1.0,0.0,3.0,1.0,1.0,0.0,0.0,0.0,0.0,0.4,0.0,0.0,6.0,0.0,,0.0,1.0,0.25,0.25,0.0,1.0,0.0,0.0,0.0,0.0,0.0,,,,,,,,,,,,,,0.0,0.25,1.0,1.0,0.0,0.0,0.0,,0.0,0.0,0.25,0.0,0.0,1.0,0.5,0.0,1.0,1.0,0.5,0.0,2.0,0.25,1.0,1.0,0.5,0.25,0.333,0.0,2.0,0.333,0.0,1.0,3.0,1.0,0.0,0.0,0.0,0.0,0.0,0.167,0.0,0.0,0.0,0.0,0.0,0.0,0.0,0.0,0.0,0.0,2.0,0.0,,1.0,0.0,0.0,0.0,0.0,0.0,1.0,2.0,,0.0,1.0,0.0,,0.5,0.148,0.571,0.34,23.0,0.719,32.0,0.0,1.0,,1.0,,,0.0,,1.0,1.0,0.0,0.0,0.0,,0.0,0.0,1.0,0.0,,0.0,,0.0,,,1.0,2.0,0.0,,0.0,,0.0,0.0,0.0,2015,21400132,,3.0,4.0,0.75,0.47,0.28,,,,,,,,,,,,,,,,,,,,,,,,,,,,,,,20141115.0,2014-15,False,WAS,,,,,,,,,,,,,,,,,,,,,,,,,,,0.6,0.5,4.12,4.08,1.1,4.17,Elfrid,1.0,0.0,1.0,0.0,14.1,0.0,0.0,11.0,1.0,111.0,111.0,111.0,155.0,150.0,118.0,180.0,87.0,109.0,87.0,86.0,64.0,87.0,26.0,148.0,100.0,99.0,136.0,7.0,67.0,203.0,53.0,68.0,157.0,181.0,128.0,15.0,1.0,142.0,94.18,98.0,116.1,129.0,1.0,21.0,-31.8,101.0,133.0,185.0,1.0,159.0,170.0,150.0,185.0,129.0,133.0,6.0,1.0,176.0,84.4,169.0,118.0,185.0,190.0,103.0,190.0,172.0,170.0,180.0,71.0,176.0,104.0,3.0,,,1.0,G,ORL,,,,,,,,,,,,,,,,,,,,,,,,,,,,,,,,,,,,,,,,,,,,,,,,,,,5836.0,91.0,,,,,,,,,,,,,,,1610612764.0,WAS,ORL,ORL,WAS,,,,,,,,,,,,,,,,,,,
203901,Elfrid Payton,1610612753,ORL,21.0,26.8,7,11,0.636,0,1,0.0,2,6,0.333,1,1,2,5,1,0,0,0,0,3,16,19,81.34,5.0,0.238,0.587,5.0,55,0.236,29.5,125.5,97.61,25.0,0.029,0.263,0.032,0.636,0.034,120.8,100.19,91.3,92.6,5.1,32.9,0.137,32.0,0.156,36.0,0.156,10.0,0.0,5.0,0.0,13.0,0.067,9.0,1.0,2.0,6.0,0.6,0.067,5.0,15.0,1.0,4.0,0.333,0.133,0.667,1.0,0.25,4.0,0.0,0.327,1.0,6.13,5.96,49.0,2.0,0.0,0.0,18.0,5.0,2.0,2.0,3.8,2.0,0.5,0.222,1.0,0.0,8.0,4.3,0.2,3.4,0.0,1.0,0.0,0.143,0.125,1.0,0.0,1.0,1.0,0.5,1.0,1.0,10.0,0.0,,0.0,3.0,0.273,0.273,3.0,3.0,0.0,1.0,1.0,3.0,1.0,,2.0,0.0,0.0,0.0,0.5,1.0,0.5,2.0,1.0,0.182,0.5,0.182,0.0,0.455,5.0,5.0,3.0,0.6,0.0,,0.0,0.6,0.455,3.0,0.6,,0.0,0.0,0.0,1.0,0.0,0.0,1.0,0.0,0.0,0.0,0.091,0.091,0.4,0.0,4.0,0.4,,0.0,5.0,2.0,0.0,0.0,0.0,0.0,1.0,0.636,0.0,0.0,4.0,2.0,0.0,0.0,4.0,0.0,0.5,,2.0,0.0,0.0,1.0,0.0,,,1.0,0.0,4.0,4.0,0.0,0.0,1.0,0.0,0.0,0.5,0.186,0.564,0.321,27.0,0.75,36.0,1.0,2.0,0.0,1.0,,,0.0,0.0,2.0,1.0,0.5,1.0,1.0,0.0,4.0,0.0,0.5,0.5,0.0,0.0,0.0,0.0,0.0,,2.0,4.0,0.0,0.0,1.0,0.0,1.0,0.0,0.0,2015,21400172,,7.0,9.0,0.778,0.39,0.388,,,,,,,,,,,,,,,,,,,,,,,,,,,,,,,20141121.0,2014-15,False,CHA,,,,,,,,,,,,,,,,,,,,,,,,,,,1.0,1.0,4.48,4.82,2.0,4.18,Elfrid,1.0,1.0,0.0,1.0,24.9,0.0,0.0,23.0,1.0,1.0,1.0,1.0,73.0,17.0,45.0,60.0,107.0,129.0,107.0,61.0,17.0,150.0,65.0,178.0,162.0,19.0,84.0,128.0,72.0,1.0,1.0,40.0,39.0,34.0,73.0,16.0,1.0,73.0,97.61,76.0,92.6,116.0,7.0,123.0,32.9,57.0,64.0,55.0,101.0,55.0,80.0,17.0,110.0,116.0,227.0,11.0,101.0,53.0,125.5,73.0,45.0,55.0,50.0,47.0,50.0,64.0,80.0,77.0,228.0,75.0,3.0,16.0,,,1.0,G,ORL,,,,,,,,,,,,,,,,,,,,,,,,,,,,,,,,,,,,,,,,,,,,,,,,,,,10387.0,95.0,,,,,,,,,,,,,,,1610612766.0,CHA,ORL,ORL,CHA,,,,,,,,,,,,,,,,,,,
203901,Elfrid Payton,1610612753,ORL,21.0,20.33333333333333,5,7,0.714,1,2,0.5,2,3,0.667,0,0,0,5,3,1,0,1,2,4,13,14,87.54,1.67,0.224,0.781,18.8,44,0.23,33.4,125.0,105.05,31.3,0.0,0.333,0.0,0.786,0.0,124.5,105.19,91.2,91.1,18.4,33.9,0.14,27.0,0.185,36.0,0.185,5.0,0.0,5.0,0.0,11.0,0.222,3.0,2.0,0.0,2.0,0.333,0.222,3.0,9.0,2.0,0.0,0.333,0.0,0.5,0.0,0.0,1.0,0.0,0.325,0.0,3.79,3.93,40.0,0.0,0.0,0.0,15.0,2.5,0.0,,,,,,,,,,,,,,,,,,,,,,,,,,,,,,,,,,,,,,,3.0,0.0,0.0,0.0,1.0,3.0,1.0,3.0,3.0,0.5,1.0,0.5,1.0,0.333,2.0,1.0,1.0,1.25,0.167,1.0,1.0,1.0,0.167,2.0,1.0,,0.0,0.0,0.0,1.0,0.0,0.0,1.0,0.0,0.0,0.0,0.167,0.167,,0.0,0.0,,,0.0,0.0,0.0,3.0,0.5,0.0,0.0,0.0,0.786,0.0,0.0,0.0,0.0,0.0,0.5,4.0,1.0,0.0,0.0,0.0,0.0,0.0,2.0,0.0,0.0,0.0,0.8,0.0,0.0,5.0,0.0,0.0,0.0,0.0,0.0,0.0,0.209,0.56,0.289,30.0,0.769,39.0,0.0,0.0,,0.0,0.0,0.0,1.0,,0.0,2.0,0.0,0.8,0.0,0.0,4.0,0.0,0.0,0.0,0.0,0.0,0.0,0.5,,0.0,0.0,5.0,0.0,0.75,2.0,0.5,2.0,1.0,1.0,2015,21400212,,5.0,8.0,0.625,0.486,0.14,,,,,,,,,,,,,,,,,,,,,,,,,,,,,,,20141126.0,2014-15,False,GSW,,,,,,,,,,,,,,,,,,,,,,,,,,,0.8,0.8,4.72,5.27,1.6,4.29,Elfrid,1.0,0.0,1.0,0.0,20.5,0.0,0.0,21.0,1.0,134.0,134.0,134.0,166.0,69.0,138.0,26.0,60.0,95.0,37.0,74.0,75.0,102.0,150.0,233.0,241.0,31.0,23.0,58.0,83.0,171.0,103.0,35.0,78.0,16.0,128.0,21.0,1.0,110.0,105.05,79.0,91.1,25.0,5.0,150.0,33.9,37.0,78.0,25.0,212.0,15.0,54.0,69.0,33.0,25.0,233.0,7.0,212.0,19.0,125.0,50.0,138.0,25.0,18.0,27.0,18.0,25.0,54.0,28.0,241.0,71.0,55.0,13.0,,,,G,ORL,,,,,,,,,,,,,,,,,,,,,,,,,,,,,,,,,,,,,,,,,,,,,,,,,,,8333.0,100.0,,,,,,,,,,,,,,,1610612744.0,ORL,GSW,ORL,GSW,,,,,,,,,,,,,,,,,,,
203901,Elfrid Payton,1610612753,ORL,21.0,26.45,1,4,0.25,0,1,0.0,0,0,0.0,0,4,4,6,3,1,0,1,2,0,2,0,78.64,2.0,0.13,0.25,23.1,52,0.132,1.1,84.6,94.37,46.2,0.118,0.375,0.07,0.25,0.0,86.1,93.31,85.0,84.6,23.1,0.0,0.066,37.0,0.162,40.0,0.162,14.0,0.0,6.0,0.0,14.0,0.333,2.0,3.0,0.0,2.0,0.222,0.0,4.0,9.0,0.0,0.0,0.444,0.0,0.5,0.0,0.0,1.0,0.0,0.042,0.0,5.23,5.67,48.0,1.0,0.0,0.0,15.0,4.2,0.0,2.0,6.3,0.0,0.0,0.364,0.0,0.0,10.0,6.3,0.333,0.0,4.0,1.0,4.0,0.444,0.4,0.0,0.0,1.0,0.0,0.0,0.0,0.0,12.0,0.0,,0.0,1.0,0.333,0.333,0.0,1.0,0.0,0.0,0.0,0.0,0.0,0.0,2.0,0.0,1.0,0.333,0.5,1.0,1.0,1.0,1.0,0.667,0.5,0.333,,,,,,,,,,,,,,,,,,,,,,,,,,,0.0,0.0,0.0,0.0,0.0,1.0,1.0,0.0,0.0,0.0,0.0,0.0,0.0,0.25,0.0,0.0,0.0,1.0,0.0,0.0,0.0,0.0,0.5,0.0,0.0,0.0,0.0,1.0,0.0,0.0,0.0,0.0,0.0,2.0,1.0,0.0,0.0,0.0,0.0,0.0,0.0,0.2,0.562,0.286,32.0,0.762,42.0,1.0,1.0,,0.0,,,0.0,,0.0,1.0,1.0,0.0,0.0,0.0,0.0,0.0,0.0,0.0,0.0,0.0,0.0,0.0,,,0.0,2.0,0.0,,0.0,,0.0,0.0,0.0,2015,21400230,,5.0,12.0,0.417,0.45,-0.034,,,,,,,,,,,,,,,,,,,,,,,,,,,,,,,20141128.0,2014-15,False,IND,,,,,,,,,,,,,,,,,,,,,,,,,,,1.0,0.9,4.39,4.91,1.9,3.93,Elfrid,1.0,0.0,1.0,0.0,15.8,0.0,0.0,14.0,1.0,130.0,130.0,130.0,95.0,188.0,188.0,198.0,99.0,123.0,99.0,138.0,149.0,138.0,136.0,62.0,89.0,22.0,17.0,41.0,78.0,166.0,100.0,189.0,208.0,123.0,140.0,23.0,1.0,147.0,94.37,197.0,84.6,180.0,1.0,136.0,0.0,13.0,197.0,217.0,223.0,191.0,27.0,188.0,210.0,180.0,116.0,4.0,221.0,122.0,84.6,32.0,188.0,217.0,122.0,17.0,122.0,219.0,27.0,203.0,127.0,160.0,32.0,2.0,,,1.0,G,ORL,,,,,,,,,,,,,,,,,,,,,,,,,,,,,,,,,,,,,,,,,,,,,,,,,,,10101.0,94.0,,,,,,,,,,,,,,,1610612754.0,IND,ORL,ORL,IND,,,,,,,,,,,,,,,,,,,
203901,Elfrid Payton,1610612753,ORL,21.0,29.116666666666667,3,10,0.3,0,1,0.0,1,2,0.5,2,3,5,6,1,3,0,1,3,3,7,0,76.24,6.0,0.19,0.322,5.6,55,0.191,-5.2,110.9,91.49,33.3,0.12,0.3,0.096,0.3,0.074,108.4,90.67,113.6,108.9,5.6,2.0,0.074,51.0,0.118,50.0,0.118,12.0,0.0,6.0,0.0,14.0,0.0,4.0,0.0,0.0,4.0,0.286,0.286,6.0,14.0,4.0,0.0,0.429,0.0,0.5,0.0,0.0,2.0,1.0,0.103,2.0,6.0,6.01,68.0,3.0,0.0,0.0,30.0,6.8,0.333,6.0,6.4,2.0,0.333,0.455,0.333,1.0,5.0,4.4,0.455,9.3,2.0,0.0,3.0,0.6,0.6,0.4,0.0,0.0,0.5,0.333,1.0,1.0,11.0,0.0,,0.0,2.0,0.222,0.222,1.0,2.0,0.0,0.5,0.5,1.0,0.5,,3.0,0.0,0.0,0.0,0.0,0.0,0.0,3.0,0.0,0.333,0.0,0.333,0.0,0.333,3.0,3.0,2.0,0.667,0.0,,0.0,0.667,0.333,2.0,0.667,,0.0,0.0,0.0,1.0,0.0,0.0,1.0,0.0,0.0,0.0,0.111,0.111,0.5,0.0,2.0,0.5,,0.0,2.0,1.0,0.0,0.0,0.0,0.0,0.0,0.3,0.0,0.0,1.0,0.0,0.0,0.0,2.0,0.0,0.0,0.0,2.0,0.0,,0.0,1.0,0.0,1.0,0.5,0.0,3.0,4.0,,0.0,1.0,0.0,,0.5,0.185,0.565,0.278,33.0,0.75,44.0,0.0,2.0,,0.0,0.0,0.0,0.0,,2.0,0.0,0.0,0.5,0.0,,2.0,1.0,0.0,0.0,,2.0,,0.0,,0.0,0.0,4.0,0.5,0.0,1.0,0.0,1.0,0.0,0.0,2015,21400262,,5.0,7.0,0.714,0.475,0.24,,,,,,,,,,,,,,,,,,,,,,,,,,,,,,,20141202.0,2014-15,False,GSW,,,,,,,,,,,,,,,,,,,,,,,,,,,1.2,1.0,4.28,4.52,2.1,4.45,Elfrid,1.0,0.0,1.0,0.0,30.0,0.0,0.0,24.0,1.0,103.0,103.0,103.0,79.0,94.0,67.0,159.0,79.0,97.0,79.0,94.0,69.0,88.0,30.0,79.0,58.0,22.0,78.0,4.0,64.0,140.0,130.0,50.0,113.0,97.0,57.0,21.0,1.0,70.0,91.49,104.0,108.9,179.0,3.0,52.0,2.0,19.0,105.0,87.0,82.0,184.0,113.0,94.0,169.0,179.0,103.0,10.0,82.0,122.0,110.9,140.0,67.0,87.0,91.0,28.0,91.0,96.0,113.0,163.0,82.0,130.0,8.0,7.0,,,1.0,G,ORL,,,,,,,,,,,,,,,,,,,,,,,,,,,,,,,,,,,,,,,,,,,,,,,,,,,11291.0,94.0,,,,,,,,,,,,,,,1610612744.0,GSW,ORL,ORL,GSW,,,,,,,,,,,,,,,,,,,
203901,Elfrid Payton,1610612753,ORL,21.0,29.746666666666663,3,6,0.5,0,0,0.0,2,9,0.222,1,0,1,6,2,1,0,2,3,5,8,-3,84.72,3.0,0.171,0.402,11.1,64,0.172,-8.8,89.1,101.66,33.3,0.0,0.316,0.018,0.5,0.03,87.2,103.14,96.0,96.8,11.1,-7.7,0.006,46.0,0.196,52.0,0.13,11.0,1.0,9.0,2.0,14.0,0.143,7.0,2.0,2.0,6.0,0.5,0.0,5.0,14.0,0.0,2.0,0.357,0.143,0.5,0.0,0.0,3.0,0.0,0.138,0.0,4.82,4.48,58.0,2.0,0.0,0.0,29.0,4.7,0.0,3.0,1.4,1.0,0.333,0.2,0.0,0.0,2.0,0.0,0.2,1.4,0.0,0.0,0.0,0.0,0.0,1.0,0.0,0.0,1.0,0.333,0.0,1.0,5.0,0.0,,0.0,2.0,0.5,0.5,1.0,2.0,0.0,0.5,0.5,1.0,0.5,,1.0,0.0,0.0,0.0,1.0,1.0,1.0,1.0,1.0,0.25,1.0,0.25,0.0,0.25,1.0,1.0,1.0,1.0,0.0,,0.0,1.0,0.25,1.0,1.0,,,,,,,,,,,,,,,,0.0,,,,0.0,0.0,0.0,0.0,0.0,0.0,0.0,0.5,0.0,0.0,0.0,0.0,0.0,0.0,3.0,0.0,0.0,,0.0,0.0,0.0,0.0,0.0,,,0.6,0.0,1.0,5.0,0.0,0.0,0.0,0.0,0.0,0.0,0.167,0.572,0.282,34.0,0.739,46.0,0.0,0.0,,0.0,,,0.0,,1.0,0.0,0.0,0.6,0.0,0.0,3.0,0.0,0.0,0.0,0.0,0.0,0.0,0.0,,,0.0,5.0,0.0,,0.0,,,,0.0,2015,21400272,,2.0,5.0,0.4,0.543,-0.143,,,,,,,,,,,,,,,,,,,,,,,,,,,,,,,20141203.0,2014-15,False,LAC,,,,,,,,,,,,,,,,,,,,,,,,,,,1.2,1.0,4.44,4.57,2.2,4.3,Elfrid,1.0,0.0,1.0,0.0,19.2,0.0,0.0,17.0,1.0,107.0,107.0,107.0,61.0,97.0,115.0,63.0,84.0,139.0,84.0,48.0,4.0,116.0,53.0,180.0,155.0,14.0,41.0,41.0,63.0,195.0,151.0,11.0,99.0,127.0,98.0,19.0,1.0,100.0,101.66,129.0,96.8,37.0,3.0,91.0,-7.7,22.0,127.0,147.0,131.0,25.0,76.0,97.0,152.0,37.0,180.0,6.0,126.0,129.0,89.1,73.0,115.0,147.0,127.0,32.0,127.0,158.0,76.0,82.0,183.0,169.0,12.0,8.0,,,1.0,G,ORL,,,,,,,,,,,,,,,,,,,,,,,,,,,,,,,,,,,,,,,,,,,,,,,,,,,11462.0,100.0,,,,,,,,,,,,,,,1610612746.0,LAC,ORL,ORL,LAC,,,,,,,,,,,,,,,,,,,
203901,Elfrid Payton,1610612753,ORL,21.0,30.19333333333333,1,5,0.2,0,0,0.0,0,0,0.0,0,3,3,4,1,4,0,0,1,2,2,-5,72.2,4.0,0.105,0.2,10.0,54,0.11,-4.9,101.9,86.64,40.0,0.1,0.211,0.055,0.2,0.0,106.3,84.0,111.2,109.1,10.0,-7.2,0.068,45.0,0.089,43.0,0.089,8.0,0.0,4.0,0.0,10.0,0.091,0.0,1.0,0.0,2.0,0.0,0.182,6.0,11.0,2.0,0.0,0.545,0.0,0.0,0.0,0.0,0.0,0.0,0.034,0.0,5.4,5.56,59.0,0.0,0.0,0.0,20.0,5.3,0.0,2.0,11.2,1.0,0.0,0.5,0.333,0.0,4.0,11.2,0.5,0.0,2.0,0.0,2.0,0.75,0.75,0.333,0.0,0.0,0.0,0.0,1.0,0.0,6.0,0.0,,0.0,2.0,0.4,0.4,1.0,2.0,0.0,0.5,0.5,1.0,0.5,,2.0,0.0,0.0,0.0,0.0,0.0,0.0,2.0,0.0,0.4,0.0,0.4,0.0,0.2,1.0,1.0,0.0,0.0,0.0,,0.0,0.0,0.2,0.0,0.0,,,,,,,,,,,,,,0.0,,0.0,0.0,,,1.0,0.0,0.0,0.0,0.0,0.0,0.0,0.2,0.0,0.0,0.0,1.0,0.0,0.0,0.0,0.0,0.333,0.0,2.0,0.0,0.0,0.0,0.0,0.0,0.0,0.0,0.0,3.0,0.0,0.0,0.0,0.0,0.0,0.0,0.0,0.175,0.57,0.273,35.0,0.745,47.0,1.0,3.0,,0.0,,,0.0,,0.0,0.0,0.333,0.0,0.0,0.0,0.0,0.0,0.0,0.0,0.0,1.0,0.0,0.0,,,1.0,0.0,0.0,,0.0,,,,0.0,2015,21400286,,7.0,9.0,0.778,0.391,0.387,,,,,,,,,,,,,,,,,,,,,,,,,,,,,,,20141205.0,2014-15,False,UTA,,,,,,,,,,,,,,,,,,,,,,,,,,,1.0,1.0,3.97,4.1,2.0,3.86,Elfrid,1.0,1.0,0.0,1.0,22.6,0.0,0.0,17.0,1.0,1.0,1.0,1.0,66.0,191.0,156.0,218.0,109.0,161.0,109.0,148.0,157.0,148.0,126.0,88.0,127.0,31.0,80.0,2.0,75.0,1.0,46.0,94.0,212.0,171.0,85.0,19.0,2.0,117.0,86.64,225.0,109.1,248.0,1.0,126.0,-7.2,12.0,224.0,132.0,137.0,251.0,155.0,191.0,229.0,248.0,148.0,5.0,134.0,139.0,101.9,164.0,156.0,132.0,149.0,58.0,149.0,114.0,155.0,221.0,177.0,158.0,13.0,2.0,,,1.0,G,ORL,,,,,,,,,,,,,,,,,,,,,,,,,,,,,,,,,,,,,,,,,,,,,,,,,,,10634.0,84.0,,,,,,,,,,,,,,,1610612762.0,UTA,ORL,ORL,UTA,,,,,,,,,,,,,,,,,,,
203901,Elfrid Payton,1610612753,ORL,21.0,28.916666666666668,6,15,0.4,0,1,0.0,0,0,0.0,1,5,6,4,1,1,0,2,2,2,12,-4,74.7,4.0,0.254,0.4,5.0,54,0.26,-10.0,85.2,89.64,20.0,0.192,0.286,0.1,0.4,0.029,84.2,89.4,94.2,92.6,5.0,-7.4,0.13,42.0,0.143,49.0,0.095,11.0,1.0,6.0,1.0,11.0,0.0,10.0,0.0,0.0,11.0,0.588,0.118,3.0,17.0,2.0,0.0,0.176,0.0,0.455,0.0,0.0,5.0,0.0,0.194,0.0,6.95,7.55,62.0,1.0,0.0,0.0,24.0,7.2,2.0,7.0,7.7,1.0,0.2,0.6,0.0,0.0,6.0,9.0,0.462,1.2,5.0,3.0,5.0,1.0,0.833,0.167,2.0,1.0,1.0,0.143,0.0,1.0,13.0,0.0,,0.0,3.0,0.231,0.231,0.0,3.0,0.0,0.0,0.0,0.0,0.0,,6.0,0.0,0.0,0.0,0.5,3.0,0.5,6.0,3.0,0.462,0.5,0.462,0.0,0.154,2.0,2.0,2.0,1.0,0.0,,0.0,1.0,0.154,2.0,1.0,1.0,0.5,0.0,1.0,1.0,0.5,0.0,2.0,0.077,1.0,1.0,0.154,0.077,0.0,0.0,0.0,0.0,0.0,1.0,3.0,0.0,0.0,0.0,0.0,0.0,1.0,0.4,0.0,0.0,2.0,1.0,0.0,0.0,4.0,0.0,0.333,0.0,3.0,0.0,0.0,1.0,0.0,0.0,0.0,0.5,0.0,3.0,8.0,0.0,0.0,1.0,0.0,0.0,0.333,0.138,0.573,0.28,37.0,0.712,52.0,1.0,2.0,0.0,0.0,0.0,0.0,0.0,0.0,1.0,1.0,0.5,0.5,0.0,0.0,5.0,0.0,0.0,0.0,0.0,0.0,0.0,0.0,0.0,0.0,1.0,10.0,0.0,,0.0,,0.0,0.0,0.0,2015,21400318,,5.0,10.0,0.5,0.438,0.062,,,,,,,,,,,,,,,,,,,,,,,,,,,,,,,20141210.0,2014-15,False,WAS,,,,,,,,,,,,,,,,,,,,,,,,,,,1.1,0.9,4.16,4.37,2.0,3.94,Elfrid,1.0,0.0,1.0,0.0,27.2,0.0,0.0,24.0,1.0,104.0,104.0,104.0,62.0,29.0,18.0,115.0,77.0,92.0,77.0,119.0,128.0,119.0,56.0,35.0,42.0,26.0,68.0,32.0,58.0,187.0,102.0,58.0,53.0,130.0,53.0,15.0,2.0,56.0,89.64,41.0,92.6,154.0,6.0,104.0,-7.4,62.0,38.0,161.0,83.0,159.0,71.0,29.0,142.0,154.0,45.0,15.0,82.0,130.0,85.2,72.0,18.0,161.0,125.0,25.0,125.0,163.0,71.0,127.0,70.0,67.0,7.0,12.0,,,1.0,G,ORL,,,,,,,,,,,,,,,,,,,,,,,,,,,,,,,,,,,,,,,,,,,,,,,,,,,10529.0,86.0,,,,,,,,,,,,,,,1610612764.0,ORL,WAS,ORL,WAS,,,,,,,,,,,,,,,,,,,
203901,Elfrid Payton,1610612753,ORL,21.0,21.28,1,5,0.2,0,0,0.0,0,0,0.0,1,0,1,2,2,0,0,1,2,0,2,-13,84.59,1.0,0.137,0.2,22.2,44,0.143,-21.4,47.7,101.5,22.2,0.0,0.333,0.018,0.2,0.033,48.7,103.26,70.1,73.9,22.2,-26.2,-0.135,35.0,0.114,35.0,0.057,11.0,1.0,4.0,1.0,8.0,0.0,0.0,0.0,0.0,2.0,0.0,0.1,6.0,10.0,1.0,0.0,0.6,0.0,0.0,0.0,0.0,0.0,1.0,0.045,0.0,4.95,5.39,44.0,1.0,0.0,0.0,21.0,3.6,0.0,4.0,2.8,1.0,0.25,0.25,0.0,0.0,1.0,0.0,0.2,2.8,0.0,1.0,0.0,0.0,0.0,1.0,0.0,1.0,1.0,0.25,0.0,1.0,5.0,0.0,,0.0,1.0,0.25,0.25,0.0,1.0,0.0,0.0,0.0,0.0,0.0,,2.0,0.0,0.0,0.0,0.0,0.0,0.0,2.0,0.0,0.5,0.0,0.5,,,,,,,,,,,,,,1.0,1.0,0.0,1.0,0.0,1.0,,1.0,0.25,1.0,1.0,0.25,0.0,1.0,,2.0,1.0,,,1.0,1.0,0.0,0.0,0.0,0.0,0.0,0.2,0.0,0.0,0.0,0.0,0.0,0.0,0.0,0.0,0.0,0.0,2.0,,0.0,0.0,0.0,0.0,0.0,0.0,,0.0,3.0,0.0,,1.0,0.0,0.0,0.5,0.144,0.573,0.277,38.0,0.717,53.0,0.0,0.0,,0.0,0.0,0.0,0.0,,1.0,0.0,0.0,0.0,1.0,0.0,0.0,0.0,0.0,1.0,0.0,0.0,0.0,0.0,,0.0,1.0,3.0,0.0,,0.0,,,,0.0,2015,21400330,,2.0,5.0,0.4,0.434,-0.034,,,,,,,,,,,,,,,,,,,,,,,,,,,,,,,20141212.0,2014-15,False,ATL,,,,,,,,,,,,,,,,,,,,,,,,,,,0.8,0.8,4.52,4.44,1.6,4.61,Elfrid,1.0,0.0,1.0,0.0,4.2,0.0,0.0,5.0,1.0,130.0,130.0,130.0,147.0,183.0,157.0,205.0,109.0,156.0,109.0,139.0,147.0,139.0,63.0,221.0,194.0,74.0,47.0,131.0,81.0,170.0,128.0,178.0,199.0,243.0,227.0,16.0,1.0,218.0,101.5,179.0,73.9,50.0,1.0,104.0,-26.2,64.0,181.0,251.0,226.0,32.0,16.0,183.0,221.0,50.0,221.0,5.0,226.0,218.0,47.7,15.0,157.0,251.0,225.0,27.0,225.0,253.0,16.0,209.0,227.0,254.0,63.0,2.0,,,1.0,G,ORL,,,,,,,,,,,,,,,,,,,,,,,,,,,,,,,,,,,,,,,,,,,,,,,,,,,8349.0,93.0,,,,,,,,,,,,,,,1610612737.0,ATL,ORL,ORL,ATL,,,,,,,,,,,,,,,,,,,
203901,Elfrid Payton,1610612753,ORL,21.0,20.12333333333333,2,7,0.286,0,0,0.0,1,2,0.5,0,1,1,7,2,1,0,2,0,1,5,-8,81.5,3.5,0.233,0.317,11.8,41,0.248,-7.4,102.4,97.8,41.2,0.042,0.583,0.024,0.286,0.0,108.1,97.94,115.5,122.0,11.8,-19.5,0.071,30.0,0.267,33.0,0.233,10.0,1.0,8.0,0.0,18.0,0.071,3.0,1.0,1.0,4.0,0.214,0.286,4.0,14.0,4.0,2.0,0.286,0.071,0.25,1.0,0.5,1.0,0.0,0.125,0.0,5.65,6.25,40.0,1.0,0.0,0.0,13.0,3.8,2.0,3.0,10.0,0.0,0.0,0.125,0.0,0.0,7.0,10.0,0.1,0.0,1.0,2.0,1.0,0.167,0.143,0.0,1.0,1.0,0.0,0.0,0.0,0.0,10.0,0.0,,0.0,2.0,0.4,0.4,1.0,2.0,0.0,0.5,0.5,1.0,0.5,,1.0,0.0,0.0,0.0,1.0,1.0,1.0,1.0,1.0,0.2,1.0,0.2,0.0,0.2,1.0,1.0,0.0,0.0,0.0,,0.0,0.0,0.2,0.0,0.0,0.0,0.0,0.0,1.0,0.0,0.0,,1.0,0.2,0.0,0.0,0.2,0.0,0.0,,0.0,0.0,,,2.0,0.0,0.0,0.0,0.0,0.0,1.0,0.286,0.0,0.0,2.0,1.0,0.0,0.0,1.0,0.0,0.333,0.0,2.0,0.0,,0.0,0.0,0.0,0.0,0.5,0.0,3.0,2.0,,0.0,0.0,0.0,,0.0,0.114,0.576,0.286,40.0,0.69,58.0,0.0,0.0,,0.0,0.0,0.0,0.0,,0.0,0.0,0.0,0.5,0.0,0.0,2.0,0.0,0.0,0.0,0.0,0.0,0.0,0.0,,0.0,3.0,4.0,0.0,,0.0,,,,0.0,2015,21400343,,3.0,12.0,0.25,0.441,-0.191,,,,,,,,,,,,,,,,,,,,,,,,,,,,,,,20141213.0,2014-15,False,ATL,,,,,,,,,,,,,,,,,,,,,,,,,,,0.7,0.7,4.5,4.53,1.5,3.92,Elfrid,1.0,1.0,0.0,1.0,17.7,0.0,0.0,15.0,1.0,1.0,1.0,1.0,97.0,97.0,80.0,115.0,65.0,100.0,65.0,69.0,55.0,61.0,85.0,108.0,118.0,11.0,27.0,31.0,53.0,147.0,1.0,78.0,110.0,131.0,89.0,18.0,3.0,94.0,97.8,42.0,122.0,71.0,2.0,85.0,-19.5,10.0,48.0,82.0,108.0,78.0,138.0,97.0,128.0,71.0,131.0,7.0,106.0,105.0,102.4,123.0,80.0,82.0,129.0,3.0,129.0,49.0,138.0,123.0,138.0,94.0,12.0,5.0,,,1.0,G,ORL,,,,,,,,,,,,,,,,,,,,,,,,,,,,,,,,,,,,,,,,,,,,,,,,,,,7727.0,92.0,,,,,,,,,,,,,,,1610612737.0,ORL,ATL,ORL,ATL,,,,,,,,,,,,,,,,,,,
203901,Elfrid Payton,1610612753,ORL,21.0,13.566666666666666,2,3,0.667,0,0,0.0,0,0,0.0,0,2,2,2,2,0,1,0,1,1,4,-6,72.24,1.0,0.2,0.667,28.6,24,0.201,-18.9,104.2,86.68,28.6,0.2,0.25,0.111,0.667,0.0,104.7,86.61,123.6,124.0,28.6,-19.8,0.103,26.0,0.077,28.0,0.077,6.0,0.0,2.0,0.0,5.0,0.0,4.0,0.0,0.0,2.0,1.333,0.0,0.0,3.0,0.0,0.0,0.0,0.0,1.0,0.0,0.0,2.0,0.0,0.121,1.0,5.23,5.27,33.0,0.0,0.0,0.0,14.0,2.9,0.0,1.0,10.7,0.0,0.0,0.4,0.0,0.0,4.0,10.7,0.4,0.0,2.0,0.0,2.0,0.5,0.5,0.0,0.0,0.0,0.0,0.0,0.0,0.0,5.0,0.0,,0.0,2.0,0.667,0.667,2.0,2.0,0.0,1.0,1.0,2.0,1.0,,,,,,,,,,,,,,0.0,0.333,1.0,1.0,0.0,0.0,0.0,,0.0,0.0,0.333,0.0,0.0,,,,,,,,,,,,,,,,0.0,,,,0.0,0.0,0.0,0.0,0.0,0.0,0.0,0.667,0.0,0.0,0.0,1.0,0.0,0.0,1.0,0.0,0.5,0.0,0.0,,0.0,0.0,0.0,0.0,0.0,1.0,,2.0,1.0,0.0,,0.0,0.0,0.0,0.0,0.106,0.578,0.29,41.0,0.683,60.0,0.0,1.0,,0.0,,,0.0,,0.0,0.0,0.0,1.0,0.0,0.0,2.0,0.0,0.0,0.0,0.0,0.0,0.0,0.0,,,0.0,2.0,0.0,,0.0,,,,0.0,2015,21400359,,1.0,4.0,0.25,0.478,-0.228,,,,,,,,,,,,,,,,,,,,,,,,,,,,,,,20141215.0,2014-15,False,TOR,,,,,,,,,,,,,,,,,,,,,,,,,,,0.5,0.5,3.99,4.79,0.9,4.12,Elfrid,1.0,0.0,1.0,0.0,10.4,0.0,0.0,10.0,1.0,88.0,88.0,88.0,136.0,99.0,133.0,18.0,70.0,108.0,70.0,100.0,105.0,100.0,88.0,80.0,105.0,52.0,32.0,88.0,16.0,1.0,28.0,91.0,121.0,114.0,125.0,12.0,1.0,117.0,86.68,80.0,124.0,157.0,2.0,88.0,-19.8,26.0,74.0,71.0,161.0,153.0,143.0,99.0,39.0,157.0,30.0,3.0,160.0,123.0,104.2,146.0,133.0,71.0,127.0,35.0,127.0,67.0,143.0,30.0,46.0,74.0,45.0,4.0,,,1.0,G,ORL,,,,,,,,,,,,,,,,,,,,,,,,,,,,,,,,,,,,,,,,,,,,,,,,,,,4910.0,90.0,,,,,,,,,,,,,,,1610612761.0,TOR,ORL,ORL,TOR,,,,,,,,,,,,,,,,,,,
203901,Elfrid Payton,1610612753,ORL,21.0,25.9,3,5,0.6,0,1,0.0,0,0,0.0,1,1,2,4,2,0,0,1,1,1,6,-13,80.31,2.0,0.127,0.6,18.2,53,0.132,-29.3,86.8,96.37,36.4,0.048,0.267,0.044,0.6,0.042,88.3,94.74,117.6,115.7,18.2,-28.9,0.07,36.0,0.167,38.0,0.111,13.0,2.0,6.0,0.0,13.0,0.0,4.0,0.0,0.0,3.0,0.364,0.364,4.0,11.0,4.0,0.0,0.364,0.0,0.667,0.0,0.0,2.0,0.0,0.13,0.0,5.27,5.2,46.0,0.0,0.0,0.0,21.0,4.0,0.0,3.0,9.3,0.0,0.333,0.286,0.0,1.0,4.0,6.3,0.286,12.4,1.0,0.0,2.0,0.25,0.25,0.0,0.0,0.0,0.0,0.333,0.0,0.0,7.0,,,,,,,,,,,,,,,3.0,0.0,0.0,0.0,1.0,3.0,1.0,3.0,3.0,0.75,1.0,0.75,,,,,,,,,,,,,,,0.0,0.0,0.0,1.0,0.0,0.0,1.0,0.0,0.0,0.0,0.25,0.25,,0.0,0.0,,,0.0,0.0,0.0,0.0,0.0,0.0,0.0,0.0,0.6,0.0,0.0,0.0,0.0,0.0,0.0,3.0,0.0,0.0,0.0,0.0,0.0,,1.0,0.0,0.0,0.0,1.0,0.0,1.0,3.0,,0.0,0.0,0.0,,0.0,0.107,0.576,0.293,43.0,0.683,63.0,0.0,0.0,,0.0,,,0.0,,0.0,1.0,0.0,0.75,0.0,,3.0,0.0,0.0,0.0,,0.0,,0.0,,,0.0,4.0,0.0,0.0,1.0,0.0,1.0,0.0,0.0,2015,21400371,,4.0,8.0,0.5,0.43,0.07,,,,,,,,,,,,,,,,,,,,,,,,,,,,,,,20141217.0,2014-15,False,BOS,,,,,,,,,,,,,,,,,,,,,,,,,,,1.1,0.8,4.41,4.92,1.9,3.87,Elfrid,1.0,0.0,1.0,0.0,12.4,0.0,0.0,12.0,1.0,103.0,103.0,103.0,93.0,101.0,126.0,38.0,90.0,104.0,90.0,112.0,119.0,112.0,52.0,142.0,119.0,30.0,28.0,93.0,55.0,144.0,40.0,96.0,126.0,176.0,142.0,25.0,1.0,139.0,96.37,152.0,115.7,79.0,3.0,70.0,-28.9,23.0,156.0,170.0,179.0,83.0,130.0,101.0,76.0,79.0,158.0,5.0,179.0,174.0,86.8,145.0,126.0,170.0,170.0,31.0,170.0,175.0,130.0,62.0,138.0,127.0,41.0,6.0,,,,G,ORL,,,,,,,,,,,,,,,,,,,,,,,,,,,,,,,,,,,,,,,,,,,,,,,,,,,10049.0,94.0,,,,,,,,,,,,,,,1610612738.0,BOS,ORL,ORL,BOS,,,,,,,,,,,,,,,,,,,
203901,Elfrid Payton,1610612753,ORL,21.0,29.03333333333333,6,10,0.6,0,1,0.0,0,2,0.0,0,1,1,7,4,2,0,1,2,1,12,11,81.29,1.75,0.242,0.551,18.2,59,0.245,23.7,115.3,97.54,31.8,0.029,0.318,0.018,0.6,0.0,117.6,98.01,93.9,96.6,18.3,18.6,0.084,57.0,0.175,60.0,0.123,14.0,2.0,10.0,1.0,17.0,0.154,6.0,2.0,0.0,4.0,0.462,0.077,6.0,13.0,1.0,0.0,0.462,0.0,0.75,0.0,0.0,3.0,0.0,0.167,1.0,4.98,5.38,72.0,2.0,0.0,2.0,29.0,6.0,2.0,4.0,2.9,1.0,0.0,0.125,1.0,0.0,5.0,2.9,0.111,0.0,0.0,1.0,0.0,0.25,0.2,1.0,0.0,1.0,0.0,0.0,1.0,0.0,9.0,0.0,,0.0,1.0,0.111,0.111,1.0,1.0,0.0,1.0,1.0,1.0,1.0,,4.0,0.0,0.0,0.0,1.0,4.0,1.0,4.0,4.0,0.444,1.0,0.444,1.0,0.333,3.0,2.0,1.0,0.333,0.111,0.0,0.0,0.333,0.222,1.0,0.5,0.0,0.0,0.0,1.0,0.0,0.0,,1.0,0.111,0.0,0.0,0.111,0.0,0.667,0.0,4.0,0.667,,0.0,3.0,2.0,0.0,0.0,2.0,1.0,1.0,0.6,0.0,0.0,4.0,3.0,0.0,0.0,2.0,0.0,1.0,0.0,2.0,0.0,0.0,0.0,1.0,0.0,1.0,0.5,0.0,3.0,4.0,0.0,0.0,1.0,0.0,0.0,0.5,0.101,0.575,0.297,50.0,0.676,74.0,2.0,2.0,,1.0,,,0.0,,1.0,0.0,1.0,0.5,1.0,0.0,2.0,0.0,1.0,0.5,0.0,1.0,0.0,0.0,,,2.0,4.0,0.0,0.0,1.0,0.0,1.0,0.0,0.0,2015,21400418,,6.0,12.0,0.5,0.417,0.083,,,,,,,,,,,,,,,,,,,,,,,,,,,,,,,20141223.0,2014-15,False,BOS,,,,,,,,,,,,,,,,,,,,,,,,,,,1.2,1.0,4.55,4.67,2.2,4.43,Elfrid,1.0,1.0,0.0,1.0,25.7,0.0,0.0,24.0,1.0,1.0,1.0,1.0,74.0,41.0,69.0,40.0,95.0,112.0,95.0,132.0,78.0,132.0,123.0,164.0,180.0,10.0,7.0,18.0,70.0,147.0,95.0,117.0,73.0,24.0,75.0,17.0,2.0,79.0,97.54,47.0,96.6,122.0,6.0,123.0,18.6,28.0,48.0,45.0,180.0,121.0,74.0,41.0,102.0,122.0,197.0,10.0,179.0,34.0,115.3,62.0,69.0,45.0,41.0,23.0,41.0,35.0,74.0,67.0,203.0,123.0,49.0,12.0,,,1.0,G,ORL,,,,,,,,,,,,,,,,,,,,,,,,,,,,,,,,,,,,,,,,,,,,,,,,,,,11608.0,99.0,,,,,,,,,,,,,,,1610612738.0,ORL,BOS,ORL,BOS,,,,,,,,,,,,,,,,,,,
203901,Elfrid Payton,1610612753,ORL,21.0,24.7,3,5,0.6,0,0,0.0,0,0,0.0,0,5,5,3,5,2,0,0,2,1,6,0,70.45,0.6,0.222,0.6,38.5,43,0.231,12.5,116.3,84.53,23.1,0.2,0.167,0.139,0.6,0.0,118.1,87.1,105.7,113.6,38.5,2.6,0.065,34.0,0.118,36.0,0.088,5.0,0.0,4.0,1.0,7.0,0.273,4.0,3.0,0.0,4.0,0.364,0.091,2.0,11.0,1.0,0.0,0.182,0.0,0.5,0.0,0.0,2.0,0.0,0.133,1.0,5.64,6.16,45.0,1.0,0.0,0.0,15.0,4.2,0.0,1.0,5.9,2.0,0.0,0.625,0.4,0.0,7.0,5.9,0.625,0.0,3.0,0.0,3.0,0.714,0.714,0.4,0.0,0.0,0.0,0.0,2.0,0.0,8.0,0.0,,0.0,2.0,0.4,0.4,1.0,2.0,0.0,0.5,0.5,1.0,0.5,,2.0,0.0,0.0,0.0,0.5,1.0,0.5,2.0,1.0,0.4,0.5,0.4,0.0,0.2,1.0,1.0,1.0,1.0,0.0,,0.0,1.0,0.2,1.0,1.0,,,,,,,,,,,,,,1.0,,2.0,1.0,,,1.0,1.0,0.0,0.0,0.0,0.0,0.0,0.6,0.0,0.0,0.0,0.0,0.0,0.0,2.0,0.0,0.0,0.0,1.0,0.0,,0.0,0.0,0.0,0.0,0.5,0.0,0.0,4.0,,0.0,1.0,0.0,,1.0,0.096,0.575,0.297,51.0,0.671,76.0,0.0,0.0,,0.0,,,0.0,,0.0,0.0,0.0,0.5,1.0,,2.0,0.0,0.0,1.0,,0.0,,0.0,,,1.0,4.0,0.0,,0.0,,,,0.0,2015,21400433,,4.0,7.0,0.571,0.416,0.155,,,,,,,,,,,,,,,,,,,,,,,,,,,,,,,20141226.0,2014-15,False,CLE,,,,,,,,,,,,,,,,,,,,,,,,,,,0.9,0.9,4.15,4.93,1.7,3.96,Elfrid,1.0,0.0,1.0,0.0,17.5,0.0,0.0,18.0,1.0,119.0,119.0,119.0,106.0,108.0,159.0,41.0,97.0,156.0,97.0,119.0,133.0,119.0,124.0,41.0,60.0,54.0,3.0,17.0,79.0,1.0,112.0,120.0,140.0,107.0,128.0,20.0,1.0,118.0,84.53,64.0,113.6,239.0,3.0,124.0,2.6,63.0,71.0,34.0,238.0,233.0,187.0,108.0,73.0,239.0,54.0,5.0,238.0,60.0,116.3,141.0,159.0,34.0,104.0,76.0,104.0,33.0,187.0,60.0,47.0,153.0,102.0,6.0,,,1.0,G,ORL,,,,,,,,,,,,,,,,,,,,,,,,,,,,,,,,,,,,,,,,,,,,,,,,,,,9169.0,87.0,,,,,,,,,,,,,,,1610612739.0,ORL,CLE,ORL,CLE,,,,,,,,,,,,,,,,,,,
203901,Elfrid Payton,1610612753,ORL,21.0,35.3,4,13,0.308,0,1,0.0,3,4,0.75,2,5,7,8,0,1,0,2,2,2,11,6,74.79,0.0,0.192,0.373,0.0,65,0.192,8.4,110.8,89.75,34.8,0.125,0.364,0.085,0.308,0.048,100.3,97.66,91.9,98.5,0.0,12.3,0.124,61.0,0.131,60.0,0.131,15.0,0.0,8.0,1.0,16.0,0.0,5.0,0.0,1.0,8.0,0.217,0.13,11.0,23.0,3.0,2.0,0.478,0.043,0.25,1.0,0.5,2.0,0.0,0.139,0.0,5.45,5.35,79.0,2.0,0.0,0.0,35.0,7.2,0.0,6.0,7.8,1.0,0.333,0.538,0.0,0.0,8.0,8.8,0.5,3.1,5.0,1.0,5.0,0.714,0.625,0.143,0.0,1.0,0.5,0.333,0.0,1.0,14.0,0.0,,0.0,2.0,0.182,0.182,0.0,2.0,0.0,0.0,0.0,0.0,0.0,,6.0,0.0,0.0,0.0,0.333,2.0,0.333,6.0,2.0,0.545,0.333,0.545,1.0,0.182,2.0,1.0,1.0,0.5,0.091,0.0,0.0,0.5,0.091,1.0,1.0,1.0,1.0,0.0,1.0,0.0,1.0,,1.0,0.091,1.0,1.0,0.091,0.0,0.333,0.0,2.0,0.333,,0.0,3.0,1.0,0.0,0.0,0.0,0.0,0.0,0.308,0.0,0.0,0.0,1.0,0.0,0.0,2.0,0.0,0.2,0.0,1.0,0.0,0.0,1.0,0.0,0.0,0.0,0.333,0.0,5.0,6.0,0.0,0.0,1.0,0.0,0.0,1.0,0.096,0.575,0.286,51.0,0.671,76.0,1.0,5.0,,1.0,,,0.0,,1.0,1.0,0.2,0.333,0.0,0.0,2.0,0.0,1.0,0.0,0.0,0.0,0.0,0.0,,,0.0,6.0,0.0,0.0,1.0,0.0,1.0,0.0,0.0,2015,21400444,,4.0,10.0,0.4,0.394,0.006,,,,,,,,,,,,,,,,,,,,,,,,,,,,,,,20141227.0,2014-15,False,CHA,,,,,,,,,,,,,,,,,,,,,,,,,,,1.3,1.2,4.28,4.36,2.5,4.19,Elfrid,1.0,1.0,0.0,1.0,34.4,0.0,0.0,28.0,1.0,1.0,1.0,1.0,29.0,65.0,34.0,149.0,90.0,99.0,90.0,35.0,32.0,65.0,29.0,34.0,32.0,4.0,138.0,43.0,72.0,194.0,81.0,65.0,67.0,58.0,32.0,13.0,1.0,49.0,89.75,96.0,98.5,180.0,4.0,72.0,12.3,17.0,92.0,83.0,1.0,102.0,87.0,65.0,155.0,180.0,102.0,13.0,1.0,78.0,110.8,66.0,34.0,83.0,64.0,16.0,64.0,118.0,87.0,157.0,95.0,72.0,109.0,11.0,,,1.0,G,ORL,,,,,,,,,,,,,,,,,,,,,,,,,,,,,,,,,,,,,,,,,,,,,,,,,,,13112.0,87.0,,,,,,,,,,,,,,,1610612766.0,CHA,ORL,ORL,CHA,,,,,,,,,,,,,,,,,,,
203901,Elfrid Payton,1610612753,ORL,21.0,24.016666666666666,4,8,0.5,0,1,0.0,0,0,0.0,0,0,0,6,5,0,0,1,1,0,8,-10,83.28,1.2,0.25,0.5,26.3,50,0.259,-21.1,76.0,99.93,31.6,0.0,0.462,0.0,0.5,0.0,75.7,99.73,96.8,96.0,26.3,-20.0,0.056,42.0,0.119,54.0,0.143,13.0,0.0,5.0,0.0,10.0,0.083,4.0,1.0,0.0,4.0,0.333,0.167,5.0,12.0,2.0,0.0,0.417,0.0,0.5,0.0,0.0,2.0,0.0,0.14,2.0,5.46,5.68,57.0,1.0,0.0,0.0,22.0,5.2,0.0,,,,,,,,,,,,,,,,,,,,,,,,,0.0,,0.0,1.0,0.143,0.143,1.0,1.0,0.0,1.0,1.0,1.0,1.0,,4.0,0.0,0.0,0.0,0.5,2.0,0.5,4.0,2.0,0.571,0.5,0.571,0.0,0.143,1.0,1.0,1.0,1.0,0.0,,0.0,1.0,0.143,1.0,1.0,,0.0,0.0,0.0,1.0,0.0,0.0,1.0,0.0,0.0,0.0,0.143,0.143,,0.0,0.0,,,0.0,0.0,0.0,0.0,0.0,0.0,0.0,0.0,0.5,0.0,0.0,0.0,2.0,0.0,0.0,1.0,0.0,0.5,0.0,1.0,0.0,,1.0,0.0,0.0,0.0,0.5,0.0,4.0,2.0,,0.0,1.0,0.0,,1.0,0.079,0.574,0.28,51.0,0.654,78.0,1.0,3.0,,1.0,,,0.0,,1.0,1.0,0.333,0.667,0.0,,2.0,0.0,1.0,0.0,,0.0,,0.0,,,0.0,3.0,0.0,0.0,1.0,0.0,1.0,0.0,0.0,2015,21400465,,3.0,10.0,0.3,0.408,-0.108,,,,,,,,,,,,,,,,,,,,,,,,,,,,,,,20141230.0,2014-15,False,DET,,,,,,,,,,,,,,,,,,,,,,,,,,,0.9,0.8,4.51,4.42,1.8,4.1,Elfrid,1.0,0.0,1.0,0.0,12.0,0.0,0.0,14.0,1.0,112.0,112.0,112.0,98.0,62.0,84.0,78.0,85.0,100.0,85.0,110.0,121.0,110.0,115.0,187.0,198.0,10.0,3.0,112.0,69.0,145.0,49.0,157.0,100.0,184.0,146.0,13.0,2.0,132.0,99.93,46.0,96.0,57.0,4.0,115.0,-20.0,31.0,45.0,200.0,208.0,60.0,77.0,62.0,109.0,57.0,187.0,8.0,207.0,167.0,76.0,86.0,84.0,200.0,171.0,9.0,171.0,198.0,77.0,90.0,198.0,143.0,54.0,8.0,,,1.0,G,ORL,,,,,,,,,,,,,,,,,,,,,,,,,,,,,,,,,,,,,,,,,,,,,,,,,,,9378.0,95.0,,,,,,,,,,,,,,,1610612765.0,ORL,DET,ORL,DET,,,,,,,,,,,,,,,,,,,
203901,Elfrid Payton,1610612753,ORL,21.0,35.8,6,13,0.462,1,1,1.0,3,5,0.6,4,5,9,10,2,3,1,1,3,4,16,12,81.56,5.0,0.213,0.526,7.4,73,0.217,13.3,112.3,97.88,37.0,0.208,0.4,0.148,0.5,0.108,112.1,96.54,98.8,95.9,7.4,16.4,0.155,67.0,0.179,64.0,0.149,21.0,1.0,12.0,1.0,27.0,0.0,6.0,0.0,2.0,5.0,0.375,0.125,7.0,16.0,2.0,4.0,0.438,0.125,0.4,2.0,0.5,2.0,0.0,0.184,2.0,4.71,4.85,87.0,5.0,0.0,0.0,35.0,6.8,0.6,8.0,7.8,1.0,0.5,0.643,0.2,4.0,7.0,6.3,0.6,9.6,4.0,1.0,8.0,0.833,0.714,0.111,0.0,1.0,0.0,0.5,1.0,0.0,15.0,0.0,,0.0,4.0,0.333,0.333,3.0,4.0,0.0,0.75,0.75,3.0,0.75,1.0,3.0,1.0,1.0,0.083,0.5,1.0,0.0,2.0,0.0,0.25,0.333,0.167,0.0,0.25,3.0,3.0,1.0,0.333,0.0,,0.0,0.333,0.25,1.0,0.333,0.5,0.5,0.0,2.0,0.0,0.5,,2.0,0.167,1.0,1.0,0.167,0.0,0.333,1.0,3.0,0.5,1.0,1.0,3.0,1.0,0.0,0.0,0.0,0.0,0.333,0.5,0.0,0.0,3.0,1.0,1.0,0.0,4.0,0.0,0.5,0.0,2.0,1.0,0.0,0.0,1.0,0.0,0.0,0.5,1.0,2.0,8.0,0.0,1.0,0.0,1.0,0.0,0.0,0.083,0.575,0.276,52.0,0.658,79.0,1.0,1.0,0.0,0.0,,,0.0,0.0,2.0,0.0,1.0,0.5,0.0,0.0,4.0,1.0,0.0,0.0,0.0,1.0,0.0,0.0,0.0,,1.0,8.0,1.0,0.0,1.0,,0.0,0.0,0.0,2015,21400485,,3.0,7.0,0.429,0.448,-0.02,,,,,,,,,,,,,,,,,,,,,,,,,,,,,,,20150102.0,2014-15,False,BKN,,,,,,,,,,,,,,,,,,,,,,,,,,,1.4,1.3,4.54,5.04,2.7,4.09,Elfrid,1.0,0.0,1.0,0.0,51.8,1.0,0.0,44.0,1.0,122.0,122.0,122.0,12.0,36.0,36.0,100.0,56.0,120.0,1.0,34.0,21.0,84.0,4.0,41.0,20.0,4.0,34.0,5.0,25.0,163.0,167.0,18.0,39.0,35.0,3.0,1.0,2.0,6.0,97.88,88.0,95.9,90.0,6.0,37.0,16.4,23.0,87.0,72.0,108.0,134.0,76.0,36.0,106.0,90.0,50.0,13.0,107.0,67.0,112.3,85.0,36.0,72.0,60.0,13.0,60.0,71.0,76.0,98.0,43.0,48.0,5.0,16.0,,,1.0,G,ORL,,,,,,,,,,,,,,,,,,,,,,,,,,,,,,,,,,,,,,,,,,,,,,,,,,,14042.0,98.0,,,,,,,,,,,,,,,1610612751.0,ORL,BKN,ORL,BKN,,,,,,,,,,,,,,,,,,,
203901,Elfrid Payton,1610612753,ORL,21.0,35.016666666666666,3,9,0.333,0,0,0.0,1,1,1.0,1,2,3,7,1,2,0,1,0,1,7,-10,76.53,7.0,0.125,0.371,5.9,68,0.133,-18.1,100.0,91.84,41.2,0.061,0.333,0.041,0.333,0.024,99.3,92.47,117.4,118.2,5.7,-18.2,0.091,65.0,0.123,68.0,0.108,10.0,0.0,8.0,2.0,13.0,0.077,4.0,1.0,0.0,6.0,0.308,0.077,5.0,13.0,1.0,0.0,0.385,0.0,0.333,0.0,0.0,2.0,0.0,0.086,1.0,4.56,4.73,81.0,2.0,0.0,0.0,36.0,6.2,1.5,5.0,6.0,1.0,0.2,0.375,0.0,0.0,4.0,7.3,0.333,3.3,2.0,1.0,2.0,0.667,0.5,0.333,0.0,1.0,1.0,0.2,0.0,1.0,9.0,,,,,,,,,,,,,,,5.0,0.0,0.0,0.0,0.4,2.0,0.4,5.0,2.0,0.625,0.4,0.625,0.0,0.375,3.0,3.0,1.0,0.333,0.0,,0.0,0.333,0.375,1.0,0.333,,,,,,,,,,,,,,0.0,,0.0,0.0,,,2.0,0.0,0.0,0.0,0.0,0.0,1.0,0.333,0.0,0.0,3.0,1.0,0.0,0.0,2.0,0.0,0.5,0.0,2.0,0.0,0.0,0.0,0.0,0.0,0.0,0.4,0.0,2.0,5.0,0.0,0.0,0.0,0.0,0.0,0.0,0.083,0.575,0.27,52.0,0.658,79.0,1.0,2.0,0.0,0.0,0.0,0.0,0.0,0.0,1.0,0.0,0.5,0.4,0.0,0.0,2.0,0.0,0.0,0.0,0.0,0.0,0.0,0.0,0.0,0.0,1.0,5.0,0.0,,0.0,,,,0.0,2015,21400495,,4.0,7.0,0.571,0.385,0.186,,,,,,,,,,,,,,,,,,,,,,,,,,,,,,,20150103.0,2014-15,False,CHA,,,,,,,,,,,,,,,,,,,,,,,,,,,1.4,1.3,4.63,4.82,2.7,4.44,Elfrid,1.0,0.0,1.0,0.0,26.1,0.0,0.0,21.0,1.0,85.0,85.0,85.0,25.0,77.0,55.0,110.0,62.0,108.0,62.0,64.0,95.0,1.0,50.0,78.0,77.0,4.0,59.0,6.0,56.0,111.0,1.0,75.0,94.0,133.0,45.0,14.0,1.0,61.0,91.84,135.0,118.2,104.0,3.0,89.0,-18.2,11.0,136.0,106.0,72.0,104.0,122.0,77.0,121.0,104.0,127.0,9.0,72.0,119.0,100.0,121.0,55.0,106.0,117.0,13.0,117.0,111.0,122.0,118.0,133.0,81.0,3.0,7.0,,,,G,ORL,,,,,,,,,,,,,,,,,,,,,,,,,,,,,,,,,,,,,,,,,,,,,,,,,,,14247.0,90.0,,,,,,,,,,,,,,,1610612766.0,ORL,CHA,ORL,CHA,,,,,,,,,,,,,,,,,,,
203901,Elfrid Payton,1610612753,ORL,21.0,30.566666666666663,1,6,0.167,0,0,0.0,0,0,0.0,1,7,8,6,1,3,0,1,3,1,2,4,83.75,6.0,0.097,0.167,7.7,65,0.1,7.4,95.4,100.5,46.2,0.233,0.261,0.125,0.167,0.029,96.5,101.63,89.0,92.1,7.7,3.3,0.094,62.0,0.129,51.0,0.097,17.0,2.0,8.0,0.0,18.0,0.0,0.0,0.0,0.0,2.0,0.0,0.0,5.0,7.0,0.0,0.0,0.714,0.0,0.0,0.0,0.0,0.0,0.0,0.029,1.0,4.59,4.86,70.0,1.0,0.0,2.0,26.0,5.4,0.0,4.0,8.3,3.0,0.25,0.571,0.429,1.0,10.0,6.8,0.571,19.4,4.0,0.0,5.0,0.7,0.7,0.375,0.0,0.0,0.0,0.25,3.0,0.0,14.0,0.0,,0.0,1.0,0.2,0.2,0.0,1.0,0.0,0.0,0.0,0.0,0.0,,1.0,0.0,0.0,0.0,0.0,0.0,0.0,1.0,0.0,0.2,0.0,0.2,0.0,0.4,2.0,2.0,1.0,0.5,0.0,,0.0,0.5,0.4,1.0,0.5,0.0,0.0,0.0,1.0,0.0,0.0,,1.0,0.2,0.0,0.0,0.2,0.0,0.0,,0.0,0.0,,,1.0,0.0,0.0,0.0,2.0,1.0,0.0,0.167,0.0,0.0,0.0,1.0,0.0,0.0,0.0,0.0,0.333,0.0,1.0,0.0,0.0,0.0,0.0,0.0,0.0,0.0,0.0,3.0,2.0,0.0,0.0,0.0,0.0,0.0,0.0,0.089,0.574,0.263,53.0,0.663,80.0,1.0,2.0,,0.0,0.0,0.0,0.0,,0.0,0.0,0.5,0.0,0.0,0.0,0.0,0.0,0.0,0.0,0.0,0.0,0.0,0.0,,0.0,1.0,3.0,0.0,0.0,1.0,,,,0.0,2015,21400530,,8.0,11.0,0.727,0.426,0.301,,,,,,,,,,,,,,,,,,,,,,,,,,,,,,,20150107.0,2014-15,False,DEN,,,,,,,,,,,,,,,,,,,,,,,,,,,1.2,1.0,4.32,4.73,2.2,3.93,Elfrid,1.0,0.0,1.0,0.0,28.6,0.0,0.0,22.0,1.0,137.0,137.0,137.0,74.0,186.0,152.0,230.0,104.0,172.0,104.0,147.0,153.0,147.0,81.0,22.0,32.0,14.0,111.0,9.0,75.0,196.0,196.0,119.0,220.0,80.0,65.0,21.0,1.0,95.0,100.5,237.0,92.1,113.0,1.0,131.0,3.3,10.0,236.0,146.0,116.0,88.0,98.0,186.0,242.0,113.0,43.0,6.0,116.0,92.0,95.4,73.0,152.0,146.0,111.0,48.0,111.0,136.0,98.0,231.0,65.0,138.0,3.0,2.0,,,1.0,G,ORL,,,,,,,,,,,,,,,,,,,,,,,,,,,,,,,,,,,,,,,,,,,,,,,,,,,11741.0,100.0,,,,,,,,,,,,,,,1610612743.0,DEN,ORL,ORL,DEN,,,,,,,,,,,,,,,,,,,
203901,Elfrid Payton,1610612753,ORL,21.0,21.433333333333334,1,4,0.25,0,0,0.0,0,0,0.0,0,2,2,2,1,1,2,1,3,1,2,-15,80.25,2.0,0.111,0.25,14.3,43,0.118,-29.7,72.1,96.3,28.6,0.069,0.182,0.039,0.25,0.0,74.7,95.85,104.4,107.0,14.3,-34.9,0.013,34.0,0.059,32.0,0.059,5.0,0.0,2.0,1.0,2.0,0.0,0.0,0.0,0.0,1.0,0.0,0.0,4.0,5.0,0.0,0.0,0.8,0.0,0.0,0.0,0.0,0.0,0.0,0.049,0.0,4.45,4.49,41.0,1.0,0.0,0.0,11.0,3.0,0.0,2.0,7.1,0.0,0.0,0.4,0.0,0.0,3.0,7.1,0.4,0.0,2.0,0.0,2.0,0.667,0.667,0.0,0.0,0.0,0.0,0.0,0.0,0.0,5.0,0.0,,0.0,1.0,0.333,0.333,0.0,1.0,0.0,0.0,0.0,0.0,0.0,,1.0,0.0,0.0,0.0,0.0,0.0,0.0,1.0,0.0,0.333,0.0,0.333,0.0,0.333,1.0,1.0,1.0,1.0,0.0,,0.0,1.0,0.333,1.0,1.0,,,,,,,,,,,,,,,,0.0,,,,0.0,0.0,0.0,0.0,0.0,0.0,0.0,0.25,0.0,0.0,0.0,0.0,0.0,0.0,1.0,0.0,0.0,0.0,0.0,0.0,,0.0,0.0,0.0,0.0,0.333,0.0,1.0,3.0,,0.0,0.0,0.0,,0.0,0.081,0.574,0.26,53.0,0.654,81.0,0.0,1.0,,0.0,0.0,0.0,0.0,,0.0,0.0,0.0,0.333,0.0,,1.0,0.0,0.0,0.0,,0.0,,0.0,,0.0,0.0,3.0,0.0,,0.0,,,,0.0,2015,21400548,,0.0,8.0,0.0,0.374,-0.374,,,,,,,,,,,,,,,,,,,,,,,,,,,,,,,20150109.0,2014-15,False,LAL,,,,,,,,,,,,,,,,,,,,,,,,,,,0.8,0.9,4.52,5.1,1.6,4.55,Elfrid,1.0,0.0,1.0,0.0,15.4,0.0,0.0,12.0,1.0,117.0,117.0,117.0,132.0,173.0,161.0,177.0,99.0,141.0,99.0,116.0,126.0,116.0,131.0,124.0,146.0,75.0,89.0,53.0,11.0,137.0,168.0,104.0,185.0,208.0,142.0,23.0,1.0,157.0,96.3,195.0,107.0,134.0,1.0,131.0,-34.9,45.0,196.0,214.0,153.0,135.0,152.0,173.0,191.0,134.0,166.0,4.0,152.0,200.0,72.1,142.0,161.0,214.0,207.0,74.0,207.0,213.0,152.0,183.0,178.0,191.0,31.0,2.0,,,1.0,G,ORL,,,,,,,,,,,,,,,,,,,,,,,,,,,,,,,,,,,,,,,,,,,,,,,,,,,8653.0,98.0,,,,,,,,,,,,,,,1610612747.0,LAL,ORL,ORL,LAL,,,,,,,,,,,,,,,,,,,
203901,Elfrid Payton,1610612753,ORL,21.0,35.35,5,11,0.455,0,0,0.0,5,6,0.833,0,6,6,4,5,2,0,3,2,4,15,14,87.13,0.8,0.204,0.55,21.7,78,0.204,9.1,126.9,104.55,17.4,0.214,0.125,0.097,0.455,0.0,121.5,106.65,112.4,111.8,22.1,15.1,0.074,51.0,0.078,59.0,0.078,16.0,0.0,4.0,0.0,9.0,0.059,8.0,1.0,1.0,6.0,0.471,0.118,7.0,17.0,2.0,2.0,0.412,0.059,0.5,2.0,1.0,3.0,0.0,0.203,0.0,4.71,5.31,74.0,1.0,0.0,0.0,26.0,5.8,0.0,8.0,7.3,1.0,0.0,0.4,0.167,0.0,7.0,7.3,0.4,0.0,5.0,0.0,5.0,0.857,0.857,0.167,0.0,0.0,0.0,0.0,1.0,0.0,15.0,0.0,,0.0,1.0,0.125,0.125,1.0,1.0,0.0,1.0,1.0,1.0,1.0,,5.0,0.0,0.0,0.0,0.4,2.0,0.4,5.0,2.0,0.625,0.4,0.625,0.0,0.25,2.0,2.0,2.0,1.0,0.0,,0.0,1.0,0.25,2.0,1.0,,,,,,,,,,,,,,,,0.0,,,,0.0,0.0,0.0,0.0,0.0,0.0,0.0,0.455,0.0,0.0,0.0,2.0,0.0,0.0,3.0,0.0,0.5,0.0,0.0,0.0,0.0,0.0,0.0,0.0,0.0,0.429,0.0,4.0,7.0,0.0,0.0,0.0,0.0,0.0,0.0,0.09,0.573,0.248,57.0,0.663,86.0,2.0,3.0,,0.0,0.0,0.0,0.0,,0.0,0.0,0.667,0.375,0.0,0.0,3.0,0.0,0.0,0.0,0.0,0.0,0.0,0.0,,0.0,0.0,8.0,0.0,,0.0,,,,0.0,2015,21400575,,5.0,12.0,0.417,0.397,0.019,,,,,,,,,,,,,,,,,,,,,,,,,,,,,,,20150114.0,2014-15,False,HOU,,,,,,,,,,,,,,,,,,,,,,,,,,,1.4,1.4,4.76,4.91,2.8,4.62,Elfrid,1.0,1.0,0.0,1.0,29.2,0.0,0.0,29.0,1.0,1.0,1.0,1.0,27.0,49.0,46.0,99.0,80.0,131.0,80.0,14.0,20.0,65.0,103.0,26.0,40.0,30.0,2.0,18.0,70.0,199.0,82.0,27.0,42.0,18.0,49.0,19.0,1.0,41.0,104.55,86.0,111.8,26.0,5.0,103.0,15.1,85.0,79.0,19.0,188.0,19.0,146.0,49.0,105.0,26.0,40.0,11.0,188.0,70.0,126.9,145.0,46.0,19.0,59.0,87.0,59.0,29.0,146.0,111.0,73.0,120.0,101.0,15.0,,,1.0,G,ORL,,,,,,,,,,,,,,,,,,,,,,,,,,,,,,,,,,,,,,,,,,,,,,,,,,,14913.0,104.0,,,,,,,,,,,,,,,1610612745.0,ORL,HOU,ORL,HOU,,,,,,,,,,,,,,,,,,,
203901,Elfrid Payton,1610612753,ORL,21.0,39.23333333333333,9,16,0.563,0,1,0.0,4,5,0.8,1,3,4,12,4,2,0,1,4,6,22,-3,82.58,3.0,0.259,0.604,11.8,80,0.261,1.4,102.5,99.1,35.3,0.068,0.522,0.049,0.563,0.026,102.4,100.42,101.0,103.7,11.7,-1.2,0.152,53.0,0.208,68.0,0.226,19.0,0.0,11.0,0.0,25.0,0.1,14.0,2.0,2.0,9.0,0.7,0.1,5.0,20.0,2.0,4.0,0.25,0.1,0.556,3.0,0.75,5.0,0.0,0.278,0.0,5.05,5.61,79.0,4.0,0.0,0.0,25.0,6.6,0.5,5.0,7.7,1.0,0.2,0.308,0.0,0.0,8.0,9.5,0.308,2.2,3.0,0.0,3.0,0.375,0.375,0.25,0.0,0.0,1.0,0.2,0.0,1.0,13.0,0.0,,0.0,6.0,0.4,0.4,4.0,6.0,0.0,0.667,0.667,4.0,0.667,,6.0,0.0,0.0,0.0,0.667,4.0,0.667,6.0,4.0,0.4,0.667,0.4,0.0,0.067,1.0,1.0,1.0,1.0,0.0,,0.0,1.0,0.067,1.0,1.0,0.0,0.0,0.0,1.0,1.0,0.0,0.0,2.0,0.067,0.0,0.0,0.133,0.067,0.0,0.0,0.0,0.0,,0.0,2.0,0.0,0.0,0.0,0.0,0.0,1.0,0.563,0.0,0.0,2.0,4.0,0.0,0.0,5.0,0.0,0.571,0.0,2.0,0.0,0.0,1.0,0.0,0.0,0.0,0.833,0.0,7.0,6.0,0.0,0.0,0.0,0.0,0.0,0.0,0.093,0.574,0.243,58.0,0.667,87.0,4.0,5.0,,0.0,,,0.0,,2.0,1.0,0.8,0.714,0.0,0.0,5.0,0.0,0.0,0.0,0.0,1.0,0.0,0.0,,,0.0,7.0,0.0,0.0,1.0,0.0,1.0,0.0,0.0,2015,21400588,,5.0,11.0,0.455,0.46,-0.005,,,,,,,,,,,,,,,,,,,,,,,,,,,,,,,20150116.0,2014-15,False,MEM,,,,,,,,,,,,,,,,,,,,,,,,,,,1.5,1.6,4.59,5.18,3.0,4.4,Elfrid,1.0,0.0,1.0,0.0,46.8,1.0,0.0,42.0,1.0,138.0,138.0,138.0,14.0,18.0,30.0,76.0,114.0,129.0,114.0,27.0,29.0,87.0,66.0,96.0,101.0,3.0,11.0,19.0,81.0,182.0,240.0,6.0,21.0,161.0,16.0,1.0,2.0,17.0,99.1,55.0,103.7,65.0,9.0,128.0,-1.2,31.0,50.0,147.0,166.0,52.0,127.0,18.0,93.0,65.0,186.0,16.0,166.0,138.0,102.5,115.0,30.0,147.0,139.0,4.0,139.0,154.0,127.0,99.0,189.0,62.0,21.0,22.0,,,1.0,G,ORL,,,,,,,,,,,,,,,,,,,,,,,,,,,,,,,,,,,,,,,,,,,,,,,,,,,16077.0,97.0,,,,,,,,,,,,,,,1610612763.0,ORL,MEM,ORL,MEM,,,,,,,,,,,,,,,,,,,
203901,Elfrid Payton,1610612753,ORL,21.0,29.811666666666667,4,9,0.444,0,0,0.0,0,0,0.0,3,1,4,8,5,3,0,1,2,3,8,-22,91.24,1.6,0.177,0.444,22.7,68,0.183,-29.1,104.4,109.49,36.4,0.045,0.32,0.074,0.444,0.094,106.7,108.68,135.8,136.8,22.7,-32.4,0.058,47.0,0.17,53.0,0.17,12.0,0.0,8.0,0.0,17.0,0.167,2.0,3.0,0.0,4.0,0.111,0.167,8.0,18.0,3.0,0.0,0.444,0.0,0.25,0.0,0.0,1.0,0.0,0.127,2.0,4.76,5.48,63.0,4.0,0.0,1.0,22.0,5.0,0.5,8.0,11.2,2.0,0.429,0.4,0.0,1.0,4.0,18.3,0.333,8.8,1.0,2.0,2.0,0.333,0.25,0.5,1.0,1.0,0.667,0.375,0.0,2.0,12.0,0.0,,0.0,5.0,0.625,0.625,2.0,5.0,0.0,0.4,0.4,2.0,0.4,,3.0,0.0,0.0,0.0,0.667,2.0,0.667,3.0,2.0,0.375,0.667,0.375,,,,,,,,,,,,,,,,,,,,,,,,,,,,,0.0,,,,0.0,0.0,0.0,0.0,2.0,1.0,0.5,0.444,0.0,0.0,2.0,1.0,0.0,0.0,3.0,0.0,0.333,0.0,0.0,0.0,0.0,0.0,0.0,0.0,0.0,0.5,0.0,3.0,6.0,0.0,0.0,0.0,0.0,0.0,0.0,0.103,0.575,0.236,61.0,0.678,90.0,1.0,2.0,,0.0,,,0.0,,0.0,0.0,0.5,0.429,0.0,0.0,3.0,0.0,0.0,0.0,0.0,0.0,0.0,0.0,,,0.0,7.0,0.0,,0.0,,,,0.0,2015,21400629,,7.0,13.0,0.538,0.398,0.14,,,,,,,,,,,,,,,,,,,,,,,,,,,,,,,20150121.0,2014-15,False,DET,,,,,,,,,,,,,,,,,,,,,,,,,,,1.2,1.2,4.85,5.21,2.4,4.53,Elfrid,1.0,0.0,1.0,0.0,28.8,0.0,0.0,26.0,1.0,131.0,131.0,131.0,72.0,71.0,87.0,112.0,101.0,164.0,101.0,144.0,154.0,144.0,28.0,171.0,99.0,8.0,3.0,10.0,73.0,173.0,118.0,44.0,112.0,252.0,62.0,23.0,1.0,66.0,109.49,136.0,136.8,18.0,4.0,52.0,-32.4,27.0,139.0,107.0,233.0,24.0,245.0,71.0,157.0,18.0,209.0,9.0,232.0,220.0,104.4,247.0,87.0,107.0,224.0,32.0,224.0,93.0,245.0,134.0,138.0,168.0,54.0,8.0,,,1.0,G,ORL,,,,,,,,,,,,,,,,,,,,,,,,,,,,,,,,,,,,,,,,,,,,,,,,,,,12774.0,106.0,,,,,,,,,,,,,,,1610612765.0,DET,ORL,ORL,DET,,,,,,,,,,,,,,,,,,,
203901,Elfrid Payton,1610612753,ORL,21.0,37.21666666666667,3,6,0.5,0,0,0.0,3,4,0.75,1,2,3,11,4,2,1,1,3,2,9,5,83.83,2.75,0.14,0.58,17.4,78,0.136,3.8,111.5,100.6,47.8,0.049,0.344,0.038,0.5,0.027,109.5,101.32,105.6,105.1,17.6,6.4,0.084,65.0,0.215,70.0,0.169,24.0,2.0,14.0,1.0,30.0,0.0,4.0,0.0,0.0,5.0,0.286,0.214,6.0,14.0,3.0,0.0,0.429,0.0,0.4,0.0,0.0,2.0,0.0,0.114,0.0,4.34,4.61,79.0,2.0,0.0,0.0,24.0,5.7,1.0,3.0,12.1,0.0,0.333,0.429,0.0,1.0,5.0,13.3,0.375,9.6,2.0,1.0,3.0,0.5,0.4,0.0,0.0,1.0,0.0,0.333,0.0,0.0,8.0,0.0,,0.0,2.0,0.4,0.4,1.0,2.0,0.0,0.5,0.5,1.0,0.5,,2.0,0.0,0.0,0.0,1.0,2.0,1.0,2.0,2.0,0.4,1.0,0.4,0.0,0.2,1.0,1.0,0.0,0.0,0.0,,0.0,0.0,0.2,0.0,0.0,,,,,,,,,,,,,,,,0.0,,,,0.0,0.0,0.0,0.0,0.0,0.0,0.0,0.5,0.0,0.0,2.0,0.0,0.0,0.0,3.0,0.0,0.0,0.0,0.0,0.0,0.0,0.0,0.0,0.0,0.0,0.6,0.0,1.0,5.0,0.0,0.0,0.0,0.0,0.0,0.0,0.099,0.575,0.232,62.0,0.674,92.0,0.0,0.0,0.0,0.0,,,0.0,0.0,0.0,0.0,0.0,0.5,0.0,0.0,3.0,0.0,0.0,0.0,0.0,0.0,0.0,0.0,0.0,,0.0,6.0,0.0,,0.0,,,,0.0,2015,21400645,,4.0,14.0,0.286,0.415,-0.13,,,,,,,,,,,,,,,,,,,,,,,,,,,,,,,20150123.0,2014-15,False,NYK,,,,,,,,,,,,,,,,,,,,,,,,,,,1.5,1.5,4.84,5.3,3.0,4.46,Elfrid,1.0,0.0,1.0,0.0,34.1,0.0,0.0,29.0,1.0,120.0,120.0,120.0,16.0,99.0,123.0,72.0,89.0,145.0,89.0,32.0,28.0,77.0,60.0,121.0,110.0,1.0,8.0,17.0,25.0,157.0,166.0,70.0,100.0,60.0,29.0,21.0,1.0,44.0,100.6,177.0,105.1,77.0,3.0,111.0,6.4,8.0,170.0,52.0,183.0,67.0,133.0,99.0,89.0,77.0,179.0,6.0,183.0,99.0,111.5,139.0,123.0,52.0,95.0,25.0,95.0,64.0,133.0,94.0,172.0,129.0,32.0,9.0,,,1.0,G,ORL,,,,,,,,,,,,,,,,,,,,,,,,,,,,,,,,,,,,,,,,,,,,,,,,,,,15661.0,100.0,,,,,,,,,,,,,,,1610612752.0,NYK,ORL,ORL,NYK,,,,,,,,,,,,,,,,,,,
203901,Elfrid Payton,1610612753,ORL,21.0,31.18,4,8,0.5,0,0,0.0,2,5,0.4,1,2,3,8,1,1,0,2,4,6,10,-12,78.9,8.0,0.172,0.49,5.3,61,0.174,-21.6,104.9,94.68,42.1,0.087,0.381,0.057,0.5,0.033,102.4,95.26,124.0,122.6,5.2,-17.7,0.075,57.0,0.175,58.0,0.14,18.0,1.0,10.0,1.0,21.0,0.0,8.0,0.0,0.0,8.0,0.364,0.136,10.0,22.0,3.0,0.0,0.455,0.0,0.5,0.0,0.0,4.0,0.0,0.141,0.0,5.78,6.24,71.0,1.0,0.0,0.0,21.0,6.8,0.0,5.0,9.4,1.0,0.2,0.429,0.0,0.0,2.0,11.1,0.429,6.1,2.0,0.0,2.0,1.0,1.0,0.333,0.0,0.0,1.0,0.2,0.0,1.0,7.0,0.0,,0.0,1.0,0.167,0.167,0.0,1.0,0.0,0.0,0.0,0.0,0.0,,5.0,0.0,0.0,0.0,0.8,4.0,0.8,5.0,4.0,0.833,0.8,0.833,,,,,,,,,,,,,,,,,,,,,,,,,,,1.0,,2.0,1.0,,,1.0,1.0,0.0,0.0,0.0,0.0,0.0,0.5,0.0,0.0,0.0,2.0,0.0,0.0,1.0,0.0,0.5,0.0,1.0,0.0,0.0,0.0,0.0,0.0,0.0,0.333,0.0,4.0,3.0,0.0,0.0,1.0,0.0,0.0,1.0,0.101,0.576,0.231,63.0,0.677,93.0,2.0,4.0,,1.0,,,0.0,,1.0,0.0,0.5,0.333,0.0,0.0,1.0,0.0,1.0,0.0,0.0,0.0,0.0,0.0,,,0.0,3.0,0.0,,0.0,,,,0.0,2015,21400662,,6.0,7.0,0.857,0.449,0.408,,,,,,,,,,,,,,,,,,,,,,,,,,,,,,,20150125.0,2014-15,False,IND,,,,,,,,,,,,,,,,,,,,,,,,,,,1.2,1.1,4.44,5.01,2.3,3.93,Elfrid,1.0,0.0,1.0,0.0,27.6,0.0,0.0,23.0,1.0,115.0,115.0,115.0,64.0,81.0,102.0,79.0,97.0,140.0,97.0,56.0,33.0,118.0,62.0,115.0,101.0,9.0,76.0,35.0,72.0,205.0,187.0,7.0,94.0,206.0,67.0,24.0,2.0,84.0,94.68,139.0,122.6,134.0,4.0,94.0,-17.7,12.0,138.0,129.0,103.0,132.0,183.0,81.0,133.0,134.0,134.0,8.0,103.0,188.0,104.9,191.0,102.0,129.0,182.0,16.0,182.0,135.0,183.0,98.0,136.0,128.0,2.0,10.0,,,1.0,G,ORL,,,,,,,,,,,,,,,,,,,,,,,,,,,,,,,,,,,,,,,,,,,,,,,,,,,12290.0,95.0,,,,,,,,,,,,,,,1610612754.0,ORL,IND,ORL,IND,,,,,,,,,,,,,,,,,,,
203901,Elfrid Payton,1610612753,ORL,21.0,19.966666666666665,1,6,0.167,0,0,0.0,2,2,1.0,3,2,5,5,3,1,0,0,2,2,4,-21,80.13,1.67,0.222,0.291,20.0,39,0.22,-44.7,94.9,96.16,33.3,0.125,0.417,0.128,0.167,0.13,95.0,96.74,139.7,141.5,20.2,-46.6,0.037,38.0,0.132,39.0,0.132,10.0,0.0,5.0,0.0,11.0,0.1,2.0,1.0,0.0,3.0,0.2,0.0,6.0,10.0,0.0,0.0,0.6,0.0,0.333,0.0,0.0,1.0,0.0,0.08,1.0,4.86,5.7,50.0,3.0,0.0,0.0,15.0,4.1,0.0,5.0,9.0,0.0,0.6,0.625,0.0,3.0,3.0,7.1,0.625,10.3,2.0,0.0,5.0,0.667,0.667,0.0,0.0,0.0,0.0,0.6,0.0,0.0,8.0,0.0,,0.0,1.0,0.167,0.167,0.0,1.0,0.0,0.0,0.0,0.0,0.0,,2.0,0.0,0.0,0.0,0.0,0.0,0.0,2.0,0.0,0.333,0.0,0.333,0.0,0.167,1.0,1.0,1.0,1.0,0.0,,0.0,1.0,0.167,1.0,1.0,0.0,0.0,0.0,2.0,0.0,0.0,,2.0,0.333,0.0,0.0,0.333,0.0,0.0,,0.0,0.0,,,1.0,0.0,0.0,0.0,0.0,0.0,0.0,0.167,0.0,0.0,0.0,0.0,0.0,0.0,1.0,0.0,0.0,0.0,1.0,0.0,,0.0,0.0,0.0,0.0,0.25,0.0,1.0,4.0,,0.0,0.0,0.0,,0.0,0.088,0.576,0.228,65.0,0.663,98.0,0.0,1.0,0.0,0.0,,,0.0,0.0,0.0,0.0,0.0,0.25,0.0,,1.0,0.0,0.0,0.0,,0.0,,0.0,0.0,,1.0,4.0,0.0,,0.0,,,,0.0,2015,21400706,,3.0,6.0,0.5,0.448,0.052,,,,,,,,,,,,,,,,,,,,,,,,,,,,,,,20150131.0,2014-15,False,DAL,,,,,,,,,,,,,,,,,,,,,,,,,,,0.8,0.8,4.83,5.17,1.6,4.52,Elfrid,1.0,0.0,1.0,0.0,17.5,0.0,0.0,16.0,1.0,116.0,116.0,116.0,142.0,163.0,123.0,192.0,101.0,148.0,101.0,56.0,71.0,1.0,13.0,116.0,66.0,18.0,21.0,53.0,72.0,1.0,110.0,68.0,152.0,237.0,118.0,22.0,1.0,123.0,96.16,82.0,141.5,127.0,1.0,19.0,-46.6,19.0,73.0,144.0,196.0,125.0,231.0,163.0,185.0,127.0,96.0,6.0,188.0,224.0,94.9,226.0,123.0,144.0,222.0,15.0,222.0,137.0,231.0,193.0,54.0,175.0,44.0,4.0,,,1.0,G,ORL,,,,,,,,,,,,,,,,,,,,,,,,,,,,,,,,,,,,,,,,,,,,,,,,,,,8399.0,92.0,,,,,,,,,,,,,,,1610612742.0,ORL,DAL,ORL,DAL,,,,,,,,,,,,,,,,,,,
203901,Elfrid Payton,1610612753,ORL,21.0,20.85,0,6,0.0,0,0,0.0,0,0,0.0,3,0,3,3,1,0,0,1,2,1,0,-15,77.7,3.0,0.137,0.0,10.0,40,0.138,-44.5,80.0,93.24,30.0,0.0,0.214,0.065,0.0,0.103,74.8,94.57,119.3,114.6,10.0,-34.6,-0.063,37.0,0.081,33.0,0.081,7.0,0.0,3.0,0.0,6.0,0.0,0.0,0.0,0.0,5.0,0.0,0.0,4.0,9.0,0.0,0.0,0.444,0.0,0.0,0.0,0.0,0.0,0.0,0.0,3.0,4.79,4.98,47.0,5.0,0.0,0.0,24.0,3.8,0.0,7.0,2.4,2.0,0.429,0.375,0.0,1.0,1.0,0.0,0.375,2.4,0.0,0.0,1.0,0.0,0.0,0.667,0.0,0.0,0.667,0.429,0.0,2.0,8.0,0.0,,0.0,1.0,0.2,0.2,0.0,1.0,0.0,0.0,0.0,0.0,0.0,,2.0,0.0,0.0,0.0,0.0,0.0,0.0,2.0,0.0,0.4,0.0,0.4,0.0,0.4,2.0,2.0,0.0,0.0,0.0,,0.0,0.0,0.4,0.0,0.0,,,,,,,,,,,,,,0.0,,0.0,0.0,,,1.0,0.0,0.0,0.0,0.0,0.0,0.0,0.0,0.0,0.0,0.0,0.0,0.0,0.0,0.0,0.0,0.0,0.0,1.0,0.0,,0.0,0.0,0.0,0.0,0.0,0.0,1.0,4.0,,0.0,0.0,0.0,,0.0,0.092,0.575,0.227,66.0,0.667,99.0,0.0,1.0,,0.0,0.0,0.0,0.0,,0.0,0.0,0.0,0.0,0.0,,0.0,0.0,0.0,0.0,,0.0,,0.0,,0.0,0.0,5.0,0.0,,0.0,,,,0.0,2015,21400723,,3.0,7.0,0.429,0.433,-0.005,,,,,,,,,,,,,,,,,,,,,,,,,,,,,,,20150202.0,2014-15,False,OKC,,,,,,,,,,,,,,,,,,,,,,,,,,,0.9,0.7,4.62,4.74,1.6,4.47,Elfrid,1.0,0.0,1.0,0.0,7.1,0.0,0.0,6.0,1.0,86.0,86.0,86.0,105.0,143.0,95.0,143.0,69.0,103.0,69.0,80.0,88.0,80.0,15.0,133.0,80.0,34.0,66.0,82.0,47.0,123.0,75.0,79.0,143.0,162.0,136.0,12.0,2.0,137.0,93.24,122.0,114.6,103.0,0.0,31.0,-34.6,26.0,122.0,139.0,93.0,82.0,136.0,143.0,143.0,103.0,133.0,6.0,92.0,158.0,80.0,145.0,95.0,139.0,153.0,34.0,153.0,148.0,136.0,143.0,82.0,156.0,14.0,0.0,,,1.0,G,ORL,,,,,,,,,,,,,,,,,,,,,,,,,,,,,,,,,,,,,,,,,,,,,,,,,,,8546.0,93.0,,,,,,,,,,,,,,,1610612760.0,OKC,ORL,ORL,OKC,,,,,,,,,,,,,,,,,,,
203901,Elfrid Payton,1610612753,ORL,21.0,39.568333333333335,6,8,0.75,0,0,0.0,2,6,0.333,0,6,6,9,1,1,0,0,3,5,14,13,80.37,9.0,0.143,0.658,4.8,79,0.138,16.3,124.1,96.44,42.9,0.154,0.265,0.087,0.75,0.0,120.7,98.6,104.4,106.3,4.8,17.8,0.107,57.0,0.158,57.0,0.158,14.0,1.0,9.0,0.0,20.0,0.0,6.0,0.0,2.0,6.0,0.462,0.077,4.0,13.0,1.0,4.0,0.308,0.154,0.667,0.0,0.0,4.0,0.0,0.2,0.0,5.92,6.4,70.0,0.0,0.0,0.0,17.0,6.9,0.0,4.0,6.9,2.0,0.0,0.462,0.333,0.0,10.0,6.9,0.429,0.0,4.0,1.0,4.0,0.667,0.6,0.333,0.0,1.0,0.0,0.0,2.0,0.0,14.0,0.0,,0.0,4.0,0.5,0.5,3.0,4.0,0.0,0.75,0.75,3.0,0.75,,3.0,0.0,0.0,0.0,0.667,2.0,0.667,3.0,2.0,0.375,0.667,0.375,0.0,0.125,1.0,1.0,1.0,1.0,0.0,,0.0,1.0,0.125,1.0,1.0,,,,,,,,,,,,,,1.0,,4.0,1.0,,,2.0,2.0,0.0,0.0,0.0,0.0,0.0,0.75,0.0,0.0,0.0,3.0,0.0,0.0,1.0,0.0,0.75,0.0,2.0,0.0,0.0,0.0,0.0,0.0,0.0,0.5,0.0,4.0,2.0,0.0,0.0,2.0,0.0,0.0,1.0,0.081,0.576,0.226,67.0,0.657,102.0,3.0,4.0,,1.0,,,0.0,,1.0,0.0,0.75,0.5,1.0,0.0,1.0,0.0,1.0,1.0,0.0,0.0,0.0,0.0,,,1.0,2.0,0.0,,0.0,,,,0.0,2015,21400739,,5.0,15.0,0.333,0.449,-0.116,,,,,,,,,,,,,,,,,,,,,,,,,,,,,,,20150204.0,2014-15,False,SAS,,,,,,,,,,,,,,,,,,,,,,,,,,,1.5,1.5,4.55,4.93,3.0,4.24,Elfrid,1.0,0.0,1.0,0.0,36.7,0.0,0.0,31.0,1.0,111.0,111.0,111.0,12.0,45.0,94.0,19.0,99.0,134.0,99.0,65.0,15.0,114.0,107.0,28.0,48.0,4.0,76.0,40.0,60.0,1.0,149.0,11.0,56.0,19.0,30.0,18.0,1.0,42.0,96.44,169.0,106.3,86.0,6.0,107.0,17.8,16.0,156.0,37.0,93.0,40.0,108.0,45.0,64.0,86.0,75.0,8.0,92.0,53.0,124.1,85.0,94.0,37.0,50.0,32.0,50.0,50.0,108.0,34.0,94.0,91.0,2.0,14.0,,,1.0,G,ORL,,,,,,,,,,,,,,,,,,,,,,,,,,,,,,,,,,,,,,,,,,,,,,,,,,,15970.0,96.0,,,,,,,,,,,,,,,1610612759.0,SAS,ORL,ORL,SAS,,,,,,,,,,,,,,,,,,,
203901,Elfrid Payton,1610612753,ORL,21.0,34.32333333333333,2,5,0.4,0,0,0.0,0,0,0.0,0,2,2,6,3,2,0,1,1,3,4,-5,74.58,2.0,0.113,0.4,21.4,64,0.114,-0.7,89.1,89.5,42.9,0.049,0.286,0.027,0.4,0.0,90.5,91.54,91.2,96.9,21.4,-7.8,0.063,42.0,0.167,46.0,0.143,14.0,1.0,7.0,0.0,15.0,0.143,2.0,1.0,0.0,4.0,0.286,0.0,2.0,7.0,0.0,0.0,0.286,0.0,0.25,0.0,0.0,1.0,0.0,0.074,0.0,5.93,6.72,54.0,1.0,0.0,0.0,10.0,5.3,0.0,3.0,9.0,0.0,0.0,0.2,0.0,0.0,8.0,9.0,0.182,0.0,2.0,1.0,2.0,0.286,0.25,0.0,0.0,1.0,0.0,0.0,0.0,0.0,11.0,0.0,,0.0,2.0,0.5,0.5,1.0,2.0,0.0,0.5,0.5,1.0,0.5,,1.0,0.0,0.0,0.0,1.0,1.0,1.0,1.0,1.0,0.25,1.0,0.25,0.0,0.25,1.0,1.0,0.0,0.0,0.0,,0.0,0.0,0.25,0.0,0.0,,,,,,,,,,,,,,0.0,,0.0,0.0,,,1.0,0.0,0.0,0.0,0.0,0.0,0.0,0.4,0.0,0.0,0.0,0.0,0.0,0.0,2.0,0.0,0.0,0.0,1.0,0.0,0.0,0.0,0.0,0.0,0.0,0.667,0.0,1.0,3.0,0.0,0.0,0.0,0.0,0.0,0.0,0.078,0.576,0.222,68.0,0.654,104.0,0.0,1.0,,0.0,,,0.0,,1.0,0.0,0.0,0.667,0.0,0.0,2.0,0.0,0.0,0.0,0.0,0.0,0.0,0.0,,,0.0,3.0,0.0,,0.0,,,,0.0,2015,21400748,,7.0,16.0,0.438,0.427,0.01,,,,,,,,,,,,,,,,,,,,,,,,,,,,,,,20150206.0,2014-15,False,LAL,,,,,,,,,,,,,,,,,,,,,,,,,,,1.2,1.2,4.2,4.69,2.4,3.81,Elfrid,1.0,1.0,0.0,1.0,18.4,0.0,0.0,16.0,1.0,1.0,1.0,1.0,42.0,149.0,158.0,138.0,97.0,159.0,97.0,115.0,127.0,115.0,140.0,123.0,156.0,21.0,19.0,13.0,76.0,162.0,49.0,40.0,174.0,175.0,132.0,19.0,2.0,136.0,89.5,205.0,96.9,203.0,2.0,140.0,-7.8,11.0,204.0,202.0,214.0,168.0,67.0,149.0,170.0,203.0,193.0,5.0,214.0,117.0,89.1,38.0,158.0,202.0,157.0,34.0,157.0,199.0,67.0,155.0,209.0,148.0,39.0,4.0,,,1.0,G,ORL,,,,,,,,,,,,,,,,,,,,,,,,,,,,,,,,,,,,,,,,,,,,,,,,,,,12781.0,98.0,,,,,,,,,,,,,,,1610612747.0,ORL,LAL,ORL,LAL,,,,,,,,,,,,,,,,,,,
203901,Elfrid Payton,1610612753,ORL,21.0,24.315,5,6,0.833,0,0,0.0,0,0,0.0,3,6,9,3,2,2,0,0,4,0,10,3,80.61,1.5,0.14,0.833,18.2,49,0.139,1.9,100.0,96.73,27.3,0.24,0.188,0.173,0.833,0.111,98.5,96.14,96.6,93.9,18.2,6.1,0.157,47.0,0.085,43.0,0.064,11.0,0.0,4.0,1.0,7.0,0.0,4.0,0.0,0.0,3.0,0.444,0.222,4.0,9.0,2.0,0.0,0.444,0.0,0.667,0.0,0.0,2.0,0.0,0.172,2.0,5.0,5.02,58.0,5.0,0.0,0.0,18.0,4.8,0.8,4.0,12.9,2.0,0.75,0.9,0.0,1.0,7.0,16.4,0.818,5.9,6.0,1.0,7.0,1.0,0.857,0.222,0.0,1.0,0.667,0.75,0.0,2.0,11.0,0.0,,0.0,1.0,0.167,0.167,1.0,1.0,0.0,1.0,1.0,1.0,1.0,,4.0,0.0,0.0,0.0,1.0,4.0,1.0,4.0,4.0,0.667,1.0,0.667,0.0,0.167,1.0,1.0,0.0,0.0,0.0,,0.0,0.0,0.167,0.0,0.0,,,,,,,,,,,,,,,,0.0,,,,0.0,0.0,0.0,0.0,0.0,0.0,1.0,0.833,0.0,0.0,4.0,0.0,0.0,0.0,5.0,0.0,0.0,0.0,0.0,0.0,0.0,0.0,0.0,0.0,0.0,0.833,0.0,0.0,6.0,0.0,0.0,0.0,0.0,0.0,0.0,0.078,0.576,0.218,68.0,0.654,104.0,0.0,0.0,,0.0,,,0.0,,0.0,0.0,0.0,0.833,0.0,0.0,5.0,0.0,0.0,0.0,0.0,0.0,0.0,0.0,,,0.0,6.0,0.0,,0.0,,,,0.0,2015,21400770,,3.0,9.0,0.333,0.418,-0.085,,,,,,,,,,,,,,,,,,,,,,,,,,,,,,,20150208.0,2014-15,False,CHI,,,,,,,,,,,,,,,,,,,,,,,,,,,0.9,1.0,4.69,4.61,1.9,4.76,Elfrid,1.0,0.0,1.0,0.0,29.3,0.0,0.0,26.0,1.0,91.0,91.0,91.0,91.0,44.0,108.0,14.0,84.0,117.0,84.0,98.0,102.0,98.0,10.0,23.0,18.0,34.0,26.0,13.0,51.0,1.0,161.0,135.0,73.0,62.0,46.0,16.0,1.0,49.0,96.73,137.0,93.9,79.0,5.0,16.0,6.1,28.0,131.0,103.0,145.0,91.0,48.0,44.0,20.0,79.0,27.0,6.0,145.0,73.0,100.0,54.0,108.0,103.0,65.0,53.0,65.0,108.0,48.0,20.0,21.0,40.0,41.0,10.0,,,1.0,G,ORL,,,,,,,,,,,,,,,,,,,,,,,,,,,,,,,,,,,,,,,,,,,,,,,,,,,9948.0,92.0,,,,,,,,,,,,,,,1610612741.0,ORL,CHI,ORL,CHI,,,,,,,,,,,,,,,,,,,
203901,Elfrid Payton,1610612753,ORL,21.0,37.06666666666667,4,11,0.364,0,0,0.0,3,5,0.6,2,3,5,5,4,6,0,1,2,3,11,-11,77.16,1.25,0.224,0.417,18.2,71,0.226,-11.6,87.3,92.59,22.7,0.088,0.238,0.068,0.364,0.051,87.1,93.94,98.8,101.4,18.0,-14.1,0.098,60.0,0.117,60.0,0.083,15.0,1.0,7.0,1.0,12.0,0.1,4.0,1.0,0.0,5.0,0.4,0.1,3.0,10.0,1.0,0.0,0.3,0.0,0.4,0.0,0.0,2.0,0.0,0.141,3.0,5.51,5.6,78.0,5.0,0.0,1.0,20.0,7.2,0.6,4.0,5.9,1.0,0.5,0.333,0.333,1.0,11.0,4.5,0.333,10.1,2.0,0.0,3.0,0.273,0.273,0.2,0.0,0.0,0.0,0.5,1.0,0.0,15.0,0.0,,0.0,1.0,0.1,0.1,1.0,1.0,0.0,1.0,1.0,1.0,1.0,,6.0,0.0,0.0,0.0,0.5,3.0,0.5,6.0,3.0,0.6,0.5,0.6,0.0,0.3,3.0,3.0,0.0,0.0,0.0,,0.0,0.0,0.3,0.0,0.0,,,,,,,,,,,,,,0.333,,2.0,0.333,,,3.0,1.0,0.0,0.0,3.0,1.0,0.5,0.364,0.0,0.0,3.0,0.0,0.0,0.0,3.0,0.0,0.0,0.0,3.0,0.0,0.0,0.0,0.0,0.0,0.0,0.5,0.0,2.0,6.0,0.0,0.0,1.0,0.0,0.0,0.333,0.076,0.575,0.218,69.0,0.651,106.0,0.0,2.0,,1.0,,,0.0,,2.0,0.0,0.0,0.5,0.0,0.0,3.0,0.0,0.5,0.0,0.0,1.0,0.0,0.0,,,0.0,6.0,0.0,,0.0,,,,0.0,2015,21400776,,4.0,10.0,0.4,0.434,-0.034,,,,,,,,,,,,,,,,,,,,,,,,,,,,,,,20150209.0,2014-15,False,WAS,,,,,,,,,,,,,,,,,,,,,,,,,,,1.3,1.4,4.45,4.55,2.7,4.34,Elfrid,1.0,0.0,1.0,0.0,38.5,0.0,0.0,33.0,1.0,96.0,96.0,96.0,10.0,59.0,47.0,110.0,80.0,119.0,80.0,33.0,21.0,91.0,36.0,66.0,53.0,22.0,5.0,1.0,70.0,112.0,88.0,30.0,65.0,160.0,23.0,12.0,1.0,25.0,92.59,58.0,101.4,127.0,4.0,70.0,-14.1,57.0,55.0,155.0,157.0,110.0,76.0,59.0,125.0,127.0,99.0,11.0,158.0,134.0,87.3,67.0,47.0,155.0,140.0,41.0,140.0,157.0,76.0,123.0,105.0,88.0,46.0,11.0,,,1.0,G,ORL,,,,,,,,,,,,,,,,,,,,,,,,,,,,,,,,,,,,,,,,,,,,,,,,,,,14076.0,93.0,,,,,,,,,,,,,,,1610612764.0,WAS,ORL,ORL,WAS,,,,,,,,,,,,,,,,,,,
203901,Elfrid Payton,1610612753,ORL,21.0,33.18833333333333,4,8,0.5,0,1,0.0,4,5,0.8,2,3,5,4,3,2,0,0,1,4,12,8,77.74,1.33,0.188,0.588,17.6,64,0.198,18.0,98.4,93.29,23.5,0.079,0.235,0.077,0.5,0.074,102.1,91.87,84.1,84.6,17.4,13.8,0.129,49.0,0.143,55.0,0.082,12.0,3.0,7.0,0.0,14.0,0.0,6.0,0.0,0.0,3.0,0.429,0.143,9.0,14.0,2.0,0.0,0.643,0.0,1.0,0.0,0.0,3.0,0.0,0.185,3.0,5.96,6.46,65.0,0.0,0.0,0.0,20.0,6.5,0.0,4.0,10.0,0.0,0.5,0.625,0.0,2.0,5.0,8.6,0.556,12.2,3.0,1.0,5.0,0.75,0.6,0.0,0.0,1.0,0.0,0.5,0.0,0.0,9.0,0.0,,0.0,4.0,0.5,0.5,2.0,4.0,0.0,0.5,0.5,2.0,0.5,,3.0,0.0,0.0,0.0,0.667,2.0,0.667,3.0,2.0,0.375,0.667,0.375,,,,,,,,,,,,,,,0.0,0.0,0.0,1.0,0.0,0.0,1.0,0.0,0.0,0.0,0.125,0.125,,0.0,0.0,,,0.0,0.0,0.0,0.0,0.0,0.0,0.0,0.0,0.5,0.0,0.0,0.0,1.0,0.0,0.0,3.0,0.0,0.5,0.0,0.0,0.0,0.0,0.0,1.0,0.0,1.0,0.6,0.0,2.0,5.0,0.0,0.0,0.0,0.0,0.0,0.0,0.075,0.573,0.216,70.0,0.648,108.0,1.0,2.0,,0.0,0.0,0.0,0.0,,0.0,0.0,0.5,0.6,0.0,0.0,3.0,0.0,0.0,0.0,0.0,1.0,0.0,0.0,,0.0,0.0,5.0,0.0,0.0,1.0,0.0,1.0,0.0,0.0,2015,21400788,,5.0,14.0,0.357,0.412,-0.055,,,,,,,,,,,,,,,,,,,,,,,,,,,,,,,20150211.0,2014-15,False,NYK,,,,,,,,,,,,,,,,,,,,,,,,,,,1.3,1.2,4.53,4.96,2.5,4.13,Elfrid,1.0,1.0,0.0,1.0,27.0,0.0,0.0,25.0,1.0,1.0,1.0,1.0,49.0,72.0,98.0,72.0,101.0,120.0,101.0,26.0,31.0,81.0,28.0,90.0,74.0,33.0,19.0,13.0,72.0,1.0,58.0,18.0,67.0,52.0,66.0,17.0,1.0,70.0,93.29,127.0,84.6,149.0,4.0,55.0,13.8,64.0,139.0,129.0,210.0,170.0,49.0,72.0,86.0,149.0,166.0,8.0,210.0,64.0,98.4,46.0,98.0,129.0,74.0,55.0,74.0,105.0,49.0,90.0,128.0,89.0,67.0,12.0,,,1.0,G,ORL,,,,,,,,,,,,,,,,,,,,,,,,,,,,,,,,,,,,,,,,,,,,,,,,,,,13029.0,92.0,,,,,,,,,,,,,,,1610612752.0,ORL,NYK,ORL,NYK,,,,,,,,,,,,,,,,,,,
203901,Elfrid Payton,1610612753,ORL,21.0,32.21333333333333,4,7,0.571,0,0,0.0,2,4,0.5,2,5,7,11,0,0,0,2,3,3,10,6,76.99,0.0,0.125,0.571,0.0,62,0.128,5.6,103.2,92.38,55.0,0.172,0.423,0.113,0.571,0.061,103.8,89.91,98.2,93.5,0.0,9.7,0.166,64.0,0.172,67.0,0.172,21.0,0.0,11.0,0.0,23.0,0.0,7.0,0.0,3.0,4.0,0.538,0.231,3.0,13.0,3.0,6.0,0.231,0.231,0.5,3.0,0.5,2.0,0.0,0.128,0.0,5.64,6.0,78.0,2.0,0.0,0.0,25.0,7.3,0.0,6.0,9.7,3.0,0.333,0.538,0.2,0.0,7.0,11.9,0.538,4.0,4.0,0.0,4.0,0.714,0.714,0.429,0.0,0.0,1.0,0.333,1.0,2.0,13.0,0.0,,0.0,2.0,0.4,0.4,2.0,2.0,0.0,1.0,1.0,2.0,1.0,,3.0,0.0,0.0,0.0,0.667,2.0,0.667,3.0,2.0,0.6,0.667,0.6,,,,,,,,,,,,,,,,,,,,,,,,,,,,,0.0,,,,0.0,0.0,0.0,0.0,0.0,0.0,0.0,0.571,0.0,0.0,0.0,2.0,0.0,0.0,2.0,0.0,0.667,0.0,0.0,0.0,0.0,0.0,0.0,0.0,0.0,0.5,0.0,3.0,4.0,0.0,0.0,0.0,0.0,0.0,0.0,0.085,0.573,0.22,73.0,0.658,111.0,1.0,1.0,0.0,1.0,,,0.0,0.0,1.0,0.0,1.0,0.4,0.0,0.0,2.0,0.0,1.0,0.0,0.0,0.0,0.0,0.0,0.0,,0.0,5.0,0.0,,0.0,,,,0.0,2015,21400803,,3.0,4.0,0.75,0.466,0.284,,,,,,,,,,,,,,,,,,,,,,,,,,,,,,,20150220.0,2014-15,False,NOP,,,,,,,,,,,,,,,,,,,,,,,,,,,1.3,1.1,4.48,5.03,2.4,3.96,Elfrid,1.0,1.0,0.0,1.0,34.9,1.0,0.0,28.0,1.0,1.0,1.0,1.0,55.0,85.0,142.0,59.0,113.0,174.0,113.0,64.0,42.0,105.0,46.0,47.0,41.0,3.0,183.0,137.0,90.0,257.0,188.0,54.0,110.0,77.0,36.0,1.0,1.0,57.0,92.38,228.0,93.5,225.0,4.0,87.0,9.7,1.0,227.0,121.0,1.0,237.0,89.0,85.0,110.0,225.0,78.0,7.0,1.0,117.0,103.2,112.0,142.0,121.0,106.0,12.0,106.0,117.0,89.0,90.0,92.0,46.0,144.0,10.0,,,1.0,G,ORL,,,,,,,,,,,,,,,,,,,,,,,,,,,,,,,,,,,,,,,,,,,,,,,,,,,12688.0,90.0,,,,,,,,,,,,,,,1610612740.0,ORL,NOP,ORL,NOP,,,,,,,,,,,,,,,,,,,
203901,Elfrid Payton,1610612753,ORL,21.0,36.083333333333336,3,7,0.429,0,0,0.0,4,8,0.5,1,7,8,7,1,1,0,1,1,4,10,12,78.15,7.0,0.143,0.475,5.3,71,0.139,12.5,109.9,93.78,36.8,0.2,0.28,0.108,0.429,0.026,106.8,95.09,94.3,94.3,5.4,15.6,0.144,58.0,0.138,61.0,0.121,21.0,0.0,8.0,1.0,16.0,0.0,3.0,0.0,1.0,4.0,0.214,0.214,6.0,14.0,3.0,2.0,0.429,0.071,0.25,1.0,0.5,1.0,0.0,0.135,0.0,5.85,6.59,74.0,2.0,0.0,0.0,19.0,7.2,0.0,2.0,11.9,2.0,0.5,0.667,0.286,1.0,11.0,13.2,0.615,2.6,5.0,1.0,6.0,0.7,0.636,0.25,0.0,1.0,0.0,0.5,2.0,0.0,13.0,0.0,,0.0,3.0,0.5,0.5,2.0,3.0,0.0,0.667,0.667,2.0,0.667,,1.0,0.0,0.0,0.0,0.0,0.0,0.0,1.0,0.0,0.167,0.0,0.167,0.0,0.167,1.0,1.0,1.0,1.0,0.0,,0.0,1.0,0.167,1.0,1.0,0.0,0.0,0.0,1.0,0.0,0.0,,1.0,0.167,0.0,0.0,0.167,0.0,,,0.0,,,,0.0,0.0,0.0,0.0,0.0,0.0,0.0,0.429,0.0,0.0,0.0,0.0,0.0,0.0,3.0,0.0,0.0,0.0,0.0,0.0,0.0,0.0,0.0,0.0,0.0,0.6,0.0,2.0,5.0,0.0,0.0,0.0,0.0,0.0,0.0,0.093,0.571,0.22,75.0,0.664,113.0,0.0,2.0,0.0,0.0,,,0.0,0.0,0.0,0.0,0.0,0.6,0.0,0.0,3.0,0.0,0.0,0.0,0.0,0.0,0.0,0.0,0.0,,0.0,5.0,0.0,,0.0,,,,0.0,2015,21400825,,4.0,9.0,0.444,0.392,0.053,,,,,,,,,,,,,,,,,,,,,,,,,,,,,,,20150222.0,2014-15,False,PHI,,,,,,,,,,,,,,,,,,,,,,,,,,,1.4,1.3,4.49,4.82,2.7,4.2,Elfrid,1.0,1.0,0.0,1.0,32.1,0.0,0.0,27.0,1.0,1.0,1.0,1.0,13.0,84.0,90.0,85.0,73.0,128.0,73.0,15.0,3.0,79.0,50.0,13.0,20.0,6.0,73.0,34.0,53.0,132.0,34.0,18.0,72.0,24.0,29.0,13.0,1.0,41.0,93.78,144.0,94.3,150.0,3.0,97.0,15.6,16.0,136.0,45.0,61.0,134.0,71.0,84.0,108.0,150.0,45.0,7.0,59.0,54.0,109.9,76.0,90.0,45.0,47.0,30.0,47.0,49.0,71.0,100.0,67.0,55.0,2.0,10.0,,,1.0,G,ORL,,,,,,,,,,,,,,,,,,,,,,,,,,,,,,,,,,,,,,,,,,,,,,,,,,,14275.0,94.0,,,,,,,,,,,,,,,1610612755.0,ORL,PHI,ORL,PHI,,,,,,,,,,,,,,,,,,,
203901,Elfrid Payton,1610612753,ORL,21.0,39.39,1,8,0.125,0,0,0.0,1,4,0.25,1,4,5,9,3,1,0,3,2,4,3,-11,74.13,3.0,0.16,0.154,13.6,71,0.159,-4.6,88.7,88.96,40.9,0.093,0.409,0.06,0.125,0.025,89.7,90.59,94.3,98.7,13.8,-9.9,0.03,70.0,0.143,76.0,0.129,16.0,0.0,10.0,1.0,21.0,0.059,3.0,1.0,1.0,5.0,0.176,0.118,8.0,17.0,2.0,2.0,0.471,0.059,0.2,1.0,0.5,1.0,0.0,0.035,0.0,5.46,5.84,85.0,1.0,0.0,0.0,32.0,7.7,0.0,6.0,10.1,0.0,0.167,0.333,0.0,1.0,9.0,11.7,0.333,3.7,5.0,0.0,6.0,0.444,0.444,0.0,0.0,0.0,0.0,0.167,0.0,0.0,15.0,,,,,,,,,,,,,,,4.0,0.0,0.0,0.0,0.25,1.0,0.25,4.0,1.0,0.8,0.25,0.8,,,,,,,,,,,,,,0.0,0.0,0.0,1.0,0.0,0.0,,1.0,0.2,0.0,0.0,0.2,0.0,0.0,,0.0,0.0,,,1.0,0.0,0.0,0.0,0.0,0.0,0.0,0.125,0.0,0.0,0.0,0.0,0.0,0.0,1.0,0.0,0.0,0.0,1.0,0.0,0.0,0.0,0.0,0.0,0.0,0.2,0.0,2.0,5.0,0.0,0.0,0.0,0.0,0.0,0.0,0.1,0.572,0.221,78.0,0.672,116.0,0.0,2.0,,0.0,0.0,0.0,0.0,,0.0,0.0,0.0,0.2,0.0,0.0,1.0,0.0,0.0,0.0,0.0,1.0,0.0,0.0,,0.0,0.0,5.0,0.0,,0.0,,,,0.0,2015,21400842,,6.0,12.0,0.5,0.455,0.046,,,,,,,,,,,,,,,,,,,,,,,,,,,,,,,20150225.0,2014-15,False,MIA,,,,,,,,,,,,,,,,,,,,,,,,,,,1.5,1.4,4.42,4.87,2.9,4.03,Elfrid,1.0,0.0,1.0,0.0,22.5,0.0,0.0,19.0,1.0,124.0,124.0,124.0,7.0,189.0,115.0,215.0,105.0,155.0,105.0,110.0,43.0,136.0,70.0,70.0,80.0,6.0,27.0,45.0,74.0,239.0,101.0,20.0,200.0,218.0,99.0,18.0,2.0,116.0,88.96,172.0,98.7,228.0,1.0,131.0,-9.9,12.0,167.0,189.0,159.0,209.0,113.0,189.0,222.0,228.0,151.0,8.0,157.0,143.0,88.7,91.0,115.0,189.0,167.0,13.0,167.0,185.0,113.0,216.0,154.0,196.0,17.0,3.0,,,,G,ORL,,,,,,,,,,,,,,,,,,,,,,,,,,,,,,,,,,,,,,,,,,,,,,,,,,,15243.0,99.0,,,,,,,,,,,,,,,1610612748.0,ORL,MIA,ORL,MIA,,,,,,,,,,,,,,,,,,,
203901,Elfrid Payton,1610612753,ORL,21.0,25.48,2,8,0.25,0,0,0.0,0,0,0.0,1,0,1,5,2,2,0,1,0,0,4,-6,75.35,2.5,0.175,0.25,13.3,47,0.175,-13.1,117.0,90.42,33.3,0.0,0.238,0.02,0.25,0.036,109.8,93.93,122.9,124.5,13.3,-7.5,0.031,55.0,0.091,57.0,0.091,15.0,0.0,5.0,0.0,14.0,0.182,2.0,2.0,0.0,7.0,0.182,0.0,2.0,11.0,0.0,0.0,0.182,0.0,0.143,0.0,0.0,1.0,0.0,0.061,1.0,4.92,4.71,66.0,4.0,0.0,0.0,25.0,5.4,0.0,7.0,5.0,1.0,0.143,0.143,0.0,0.0,2.0,0.0,0.111,5.0,0.0,2.0,0.0,0.0,0.0,1.0,0.0,2.0,1.0,0.143,0.0,1.0,9.0,0.0,,0.0,2.0,0.286,0.286,0.0,2.0,0.0,0.0,0.0,0.0,0.0,,3.0,0.0,0.0,0.0,0.333,1.0,0.333,3.0,1.0,0.429,0.333,0.429,0.0,0.143,1.0,1.0,0.0,0.0,0.0,,0.0,0.0,0.143,0.0,0.0,1.0,1.0,0.0,1.0,0.0,1.0,,1.0,0.143,1.0,1.0,0.143,0.0,0.667,,4.0,0.667,,,3.0,2.0,0.0,0.0,0.0,0.0,0.0,0.25,0.0,0.0,0.0,1.0,0.0,0.0,0.0,0.0,0.25,0.0,2.0,0.0,,0.0,0.0,0.0,0.0,0.0,0.0,4.0,2.0,,0.0,1.0,0.0,,0.5,0.107,0.573,0.222,81.0,0.681,119.0,0.0,2.0,,1.0,,,0.0,,3.0,0.0,0.0,0.0,0.0,,0.0,1.0,0.333,0.0,,1.0,,0.0,,,0.0,2.0,1.0,,0.0,,,,0.0,2015,21400858,,6.0,10.0,0.6,0.476,0.124,,,,,,,,,,,,,,,,,,,,,,,,,,,,,,,20150227.0,2014-15,False,ATL,,,,,,,,,,,,,,,,,,,,,,,,,,,1.0,1.0,4.48,4.77,1.9,4.66,Elfrid,1.0,0.0,1.0,0.0,16.7,0.0,0.0,14.0,1.0,152.0,152.0,152.0,133.0,165.0,122.0,216.0,113.0,179.0,113.0,159.0,170.0,159.0,79.0,256.0,230.0,21.0,45.0,11.0,106.0,179.0,1.0,219.0,203.0,211.0,158.0,32.0,3.0,173.0,90.42,167.0,124.5,245.0,2.0,121.0,-7.5,25.0,163.0,48.0,205.0,203.0,278.0,165.0,240.0,245.0,256.0,8.0,204.0,206.0,117.0,273.0,122.0,48.0,185.0,59.0,185.0,86.0,278.0,219.0,256.0,217.0,38.0,4.0,,,1.0,G,ORL,,,,,,,,,,,,,,,,,,,,,,,,,,,,,,,,,,,,,,,,,,,,,,,,,,,10163.0,92.0,,,,,,,,,,,,,,,1610612737.0,ATL,ORL,ORL,ATL,,,,,,,,,,,,,,,,,,,
203901,Elfrid Payton,1610612753,ORL,21.0,42.25,5,10,0.5,0,1,0.0,0,1,0.0,0,4,4,12,1,1,1,0,1,3,10,3,78.11,12.0,0.122,0.479,4.3,82,0.128,5.6,122.0,93.73,52.2,0.08,0.343,0.048,0.5,0.0,120.1,95.45,114.4,116.9,4.3,5.1,0.113,79.0,0.19,85.0,0.152,21.0,1.0,15.0,2.0,29.0,0.056,4.0,1.0,0.0,4.0,0.222,0.278,7.0,18.0,5.0,0.0,0.389,0.0,0.5,0.0,0.0,2.0,0.0,0.104,3.0,5.47,5.73,96.0,3.0,0.0,0.667,38.0,8.8,0.0,4.0,5.7,2.0,0.0,0.4,0.5,0.0,7.0,5.7,0.364,0.0,2.0,1.0,2.0,0.667,0.571,0.5,0.0,1.0,0.0,0.0,2.0,0.0,11.0,0.0,,0.0,3.0,0.3,0.3,3.0,3.0,0.0,1.0,1.0,3.0,1.0,,4.0,0.0,0.0,0.0,0.5,2.0,0.5,4.0,2.0,0.4,0.5,0.4,0.0,0.2,2.0,2.0,0.0,0.0,0.0,,0.0,0.0,0.2,0.0,0.0,,0.0,0.0,0.0,1.0,0.0,0.0,1.0,0.0,0.0,0.0,0.1,0.1,0.333,0.0,2.0,0.333,,0.0,3.0,1.0,0.0,0.0,2.0,1.0,0.0,0.5,0.0,0.0,0.0,1.0,0.0,0.0,3.0,0.0,0.5,0.0,2.0,0.0,0.0,0.0,1.0,0.0,0.0,0.6,0.0,2.0,5.0,0.0,1.0,1.0,0.0,0.0,0.5,0.092,0.572,0.226,83.0,0.664,125.0,1.0,2.0,,0.0,0.0,0.0,0.0,,0.0,0.0,0.5,0.6,1.0,0.0,3.0,0.0,0.0,0.5,0.0,1.0,0.0,0.0,,0.0,2.0,5.0,0.0,0.0,1.0,0.0,1.0,0.0,0.0,2015,21400913,,1.0,5.0,0.2,0.451,-0.251,,,,,,,,,,,,,,,,,,,,,,,,,,,,,,,20150306.0,2014-15,False,SAC,,,,,,,,,,,,,,,,,,,,,,,,,,,1.6,1.5,4.41,4.73,3.1,4.11,Elfrid,1.0,1.0,0.0,1.0,37.8,1.0,0.0,30.0,1.0,1.0,1.0,1.0,2.0,56.0,79.0,82.0,104.0,137.0,104.0,137.0,134.0,137.0,127.0,71.0,98.0,1.0,80.0,42.0,21.0,1.0,47.0,53.0,99.0,85.0,26.0,1.0,2.0,41.0,93.73,190.0,116.9,185.0,5.0,127.0,5.1,4.0,193.0,34.0,88.0,152.0,204.0,56.0,150.0,185.0,161.0,10.0,88.0,98.0,122.0,198.0,79.0,34.0,97.0,17.0,97.0,37.0,204.0,107.0,174.0,92.0,1.0,10.0,,,1.0,G,ORL,,,,,,,,,,,,,,,,,,,,,,,,,,,,,,,,,,,,,,,,,,,,,,,,,,,16535.0,92.0,,,,,,,,,,,,,,,1610612758.0,ORL,SAC,ORL,SAC,,,,,,,,,,,,,,,,,,,
203901,Elfrid Payton,1610612753,ORL,21.0,35.4,6,12,0.5,0,1,0.0,2,2,1.0,0,2,2,5,3,2,0,1,2,3,14,-10,83.62,1.67,0.208,0.543,14.3,73,0.206,-12.2,89.0,100.34,23.8,0.065,0.25,0.029,0.5,0.0,88.9,99.82,101.1,100.0,14.4,-11.0,0.089,63.0,0.095,74.0,0.079,14.0,1.0,6.0,0.0,14.0,0.083,6.0,1.0,1.0,7.0,0.5,0.0,3.0,12.0,0.0,2.0,0.25,0.083,0.286,2.0,1.0,2.0,0.0,0.161,0.0,5.56,5.39,87.0,1.0,0.0,0.0,33.0,8.1,0.0,4.0,8.6,0.0,0.0,0.286,0.0,0.0,3.0,8.6,0.286,0.0,1.0,0.0,1.0,0.667,0.667,0.0,0.0,0.0,0.0,0.0,0.0,0.0,7.0,0.0,,0.0,4.0,0.364,0.364,3.0,4.0,0.0,0.75,0.75,3.0,0.75,0.0,4.0,0.0,1.0,0.091,0.0,0.0,0.0,3.0,0.0,0.364,0.0,0.273,0.0,0.182,2.0,2.0,2.0,1.0,0.0,,0.0,1.0,0.182,2.0,1.0,1.0,1.0,0.0,1.0,0.0,1.0,,1.0,0.091,1.0,1.0,0.091,0.0,0.5,0.0,4.0,0.5,0.0,1.0,4.0,2.0,2.0,1.0,0.0,0.0,0.0,0.5,0.0,0.0,0.0,1.0,0.0,0.0,2.0,0.0,1.0,0.0,4.0,0.0,,1.0,0.0,0.0,0.0,0.333,0.0,1.0,6.0,,0.0,3.0,0.0,,0.75,0.097,0.575,0.229,90.0,0.672,134.0,3.0,3.0,0.0,0.0,,,0.0,0.0,0.0,1.0,1.0,0.333,1.0,0.0,2.0,0.0,0.0,0.5,0.0,0.0,0.0,0.0,0.0,,2.0,6.0,0.0,1.0,1.0,,0.0,0.0,1.0,2015,21400956,,5.0,10.0,0.5,0.432,0.068,,,,,,,,,,,,,,,,,,,,,,,,,,,,,,,20150311.0,2014-15,False,MIL,,,,,,,,,,,,,,,,,,,,,,,,,,,1.3,1.1,4.07,4.08,2.4,4.07,Elfrid,1.0,0.0,1.0,0.0,26.9,0.0,0.0,25.0,1.0,104.0,104.0,104.0,29.0,35.0,40.0,58.0,91.0,108.0,91.0,52.0,65.0,1.0,108.0,110.0,134.0,22.0,23.0,12.0,61.0,140.0,94.0,36.0,52.0,176.0,63.0,15.0,1.0,62.0,100.34,85.0,100.0,72.0,6.0,108.0,-11.0,51.0,79.0,173.0,140.0,79.0,81.0,35.0,78.0,72.0,141.0,12.0,134.0,149.0,89.0,96.0,40.0,173.0,149.0,31.0,149.0,174.0,81.0,72.0,165.0,97.0,46.0,14.0,,,1.0,G,ORL,,,,,,,,,,,,,,,,,,,,,,,,,,,,,,,,,,,,,,,,,,,,,,,,,,,12851.0,96.0,,,,,,,,,,,,,,,1610612749.0,MIL,ORL,ORL,MIL,,,,,,,,,,,,,,,,,,,
203901,Elfrid Payton,1610612753,ORL,21.0,33.71333333333333,7,16,0.438,2,3,0.667,4,15,0.267,1,4,5,9,5,1,1,2,1,11,20,-8,82.46,1.8,0.346,0.442,13.9,70,0.351,-15.7,84.3,98.95,25.0,0.1,0.6,0.065,0.5,0.027,81.3,100.8,97.0,97.1,13.7,-12.8,0.111,55.0,0.145,73.0,0.164,21.0,0.0,8.0,0.0,18.0,0.13,6.0,3.0,1.0,7.0,0.261,0.043,9.0,23.0,1.0,2.0,0.391,0.043,0.429,0.0,0.0,3.0,1.0,0.235,0.0,5.71,5.96,85.0,3.0,0.0,0.0,34.0,8.1,1.333,5.0,5.0,1.0,0.2,0.385,0.0,0.0,8.0,5.8,0.385,1.9,4.0,0.0,4.0,0.5,0.5,0.2,0.0,0.0,1.0,0.2,0.0,1.0,13.0,0.0,,0.0,4.0,0.286,0.286,2.0,4.0,0.0,0.5,0.5,2.0,0.5,1.0,6.0,1.0,1.0,0.071,0.75,4.0,0.6,5.0,3.0,0.429,0.667,0.357,0.0,0.143,2.0,2.0,0.0,0.0,0.0,,0.0,0.0,0.143,0.0,0.0,,0.5,1.0,0.0,2.0,0.75,0.5,2.0,0.0,1.0,0.0,0.143,0.143,0.0,0.0,0.0,0.0,,0.0,2.0,0.0,6.0,0.667,0.0,0.0,1.0,0.5,0.0,0.0,4.0,1.0,1.0,0.5,4.0,1.0,0.2,1.0,1.0,0.0,0.0,2.0,1.0,1.0,1.0,0.571,0.0,5.0,7.0,0.0,0.0,0.0,1.0,0.0,0.0,0.089,0.573,0.237,94.0,0.662,142.0,0.0,3.0,0.0,0.0,0.0,0.0,1.0,0.0,1.0,1.0,0.0,0.625,0.0,0.0,5.0,1.0,0.0,0.0,0.0,3.0,0.0,1.0,0.0,0.0,0.0,8.0,0.333,1.0,3.0,0.667,3.0,2.0,2.0,2015,21400969,,7.0,14.0,0.5,0.385,0.115,,,,,,,,,,,,,,,,,,,,,,,,,,,,,,,20150313.0,2014-15,False,BOS,,,,,,,,,,,,,,,,,,,,,,,,,,,1.4,1.1,4.29,4.7,2.4,4.2,Elfrid,1.0,0.0,1.0,0.0,40.5,0.0,0.0,40.0,1.0,100.0,100.0,100.0,37.0,18.0,16.0,89.0,25.0,50.0,18.0,16.0,2.0,99.0,48.0,49.0,54.0,4.0,5.0,33.0,19.0,171.0,36.0,2.0,19.0,151.0,14.0,15.0,2.0,13.0,98.95,4.0,97.1,77.0,7.0,77.0,-12.8,44.0,4.0,162.0,132.0,71.0,61.0,18.0,117.0,77.0,107.0,16.0,132.0,143.0,84.3,66.0,16.0,162.0,134.0,1.0,134.0,167.0,61.0,78.0,109.0,68.0,42.0,20.0,,,1.0,G,ORL,,,,,,,,,,,,,,,,,,,,,,,,,,,,,,,,,,,,,,,,,,,,,,,,,,,12923.0,100.0,,,,,,,,,,,,,,,1610612738.0,BOS,ORL,ORL,BOS,,,,,,,,,,,,,,,,,,,
203901,Elfrid Payton,1610612753,ORL,21.0,37.59,5,14,0.357,1,1,1.0,2,6,0.333,5,4,9,10,5,2,0,2,1,4,13,-1,76.62,2.0,0.239,0.391,15.6,73,0.239,-5.1,119.2,91.94,31.3,0.154,0.333,0.13,0.393,0.116,118.4,92.42,123.5,123.9,15.8,-4.8,0.072,67.0,0.164,74.0,0.149,19.0,1.0,11.0,0.0,26.0,0.048,5.0,1.0,2.0,6.0,0.238,0.143,9.0,21.0,3.0,4.0,0.429,0.095,0.333,1.0,0.25,2.0,0.0,0.141,4.0,5.29,5.32,92.0,6.0,0.0,0.0,33.0,8.1,0.333,11.0,11.7,2.0,0.5,0.6,0.0,3.0,5.0,9.2,0.563,13.8,4.0,1.0,7.0,0.8,0.8,0.222,1.0,0.0,0.4,0.455,0.0,2.0,16.0,0.0,,0.0,1.0,0.083,0.083,1.0,1.0,0.0,1.0,1.0,1.0,1.0,,7.0,0.0,0.0,0.0,0.143,1.0,0.143,7.0,1.0,0.583,0.143,0.583,,,,,,,,,,,,,,0.667,0.75,1.0,3.0,1.0,0.875,1.0,4.0,0.25,3.0,2.0,0.333,0.083,0.0,0.0,0.0,0.0,,0.0,1.0,0.0,5.0,1.0,0.0,0.0,0.333,0.393,0.0,0.0,2.0,1.0,1.0,0.0,3.0,0.0,0.25,1.0,1.0,0.0,,0.0,1.0,1.0,1.0,0.375,0.0,4.0,8.0,,0.0,0.0,1.0,,0.0,0.088,0.574,0.235,96.0,0.662,145.0,1.0,3.0,,0.0,,,0.0,,1.0,0.0,0.333,0.375,0.0,,3.0,1.0,0.0,0.0,,1.0,,0.0,,,1.0,8.0,1.0,1.25,2.0,1.0,1.0,1.0,2.0,2015,21400985,,10.0,17.0,0.588,0.452,0.136,,,,,,,,,,,,,,,,,,,,,,,,,,,,,,,20150315.0,2014-15,False,CLE,,,,,,,,,,,,,,,,,,,,,,,,,,,1.4,1.2,4.17,4.37,2.6,3.95,Elfrid,1.0,0.0,1.0,0.0,39.8,1.0,0.0,37.0,1.0,84.0,84.0,84.0,23.0,40.0,30.0,113.0,38.0,83.0,1.0,41.0,13.0,80.0,5.0,41.0,16.0,4.0,2.0,11.0,47.0,154.0,33.0,22.0,46.0,90.0,21.0,1.0,1.0,20.0,91.94,41.0,123.9,134.0,5.0,17.0,-4.8,27.0,35.0,30.0,123.0,131.0,139.0,40.0,121.0,134.0,61.0,14.0,123.0,101.0,119.2,140.0,30.0,30.0,99.0,11.0,99.0,34.0,139.0,117.0,32.0,96.0,25.0,13.0,,,1.0,G,ORL,,,,,,,,,,,,,,,,,,,,,,,,,,,,,,,,,,,,,,,,,,,,,,,,,,,13771.0,95.0,,,,,,,,,,,,,,,1610612739.0,ORL,CLE,ORL,CLE,,,,,,,,,,,,,,,,,,,
203901,Elfrid Payton,1610612753,ORL,21.0,40.833333333333336,6,10,0.6,1,2,0.5,2,2,1.0,1,9,10,12,3,2,0,0,3,4,15,-4,86.69,4.0,0.144,0.689,11.5,88,0.145,-1.3,102.3,104.03,46.2,0.25,0.414,0.13,0.65,0.024,103.8,103.56,105.1,105.6,11.6,-3.3,0.161,70.0,0.186,73.0,0.171,17.0,1.0,13.0,0.0,28.0,0.176,6.0,3.0,0.0,3.0,0.353,0.118,8.0,17.0,2.0,0.0,0.471,0.0,1.0,0.0,0.0,3.0,0.0,0.167,0.0,5.36,5.8,90.0,1.0,0.0,0.0,27.0,8.0,0.0,2.0,5.4,2.0,0.5,0.714,0.222,1.0,12.0,4.9,0.714,10.0,7.0,0.0,8.0,0.75,0.75,0.2,0.0,0.0,0.0,0.5,2.0,0.0,14.0,0.0,,0.0,1.0,0.1,0.1,1.0,1.0,0.0,1.0,1.0,1.0,1.0,0.0,6.0,0.0,1.0,0.1,0.667,4.0,0.8,5.0,4.0,0.6,0.667,0.5,1.0,0.3,3.0,2.0,0.0,0.5,0.1,1.0,1.0,0.333,0.2,1.0,0.0,,,,,,,,,,,,,,0.25,0.0,2.0,0.25,0.0,1.0,4.0,1.0,3.0,1.0,0.0,0.0,0.0,0.65,0.0,0.0,0.0,1.0,0.0,0.5,3.0,1.0,1.0,0.0,3.0,0.0,0.0,2.0,0.0,0.0,0.0,0.75,0.0,1.0,4.0,0.0,0.0,1.0,0.0,0.0,0.333,0.101,0.575,0.241,104.0,0.675,154.0,1.0,1.0,0.0,1.0,,,1.0,0.0,1.0,2.0,1.0,0.75,0.0,0.0,3.0,0.0,1.0,0.0,0.0,1.0,0.0,0.5,0.0,,1.0,4.0,0.0,1.5,1.0,1.0,1.0,1.0,1.0,2015,21401012,,6.0,9.0,0.667,0.445,0.222,,,,,,,,,,,,,,,,,,,,,,,,,,,,,,,20150318.0,2014-15,False,DAL,,,,,,,,,,,,,,,,,,,,,,,,,,,1.7,1.4,4.41,5.03,3.0,4.09,Elfrid,1.0,0.0,1.0,0.0,48.0,1.0,1.0,42.0,1.0,120.0,120.0,120.0,3.0,39.0,59.0,45.0,51.0,84.0,36.0,57.0,77.0,1.0,55.0,7.0,16.0,1.0,19.0,14.0,66.0,1.0,152.0,27.0,48.0,161.0,7.0,1.0,1.0,8.0,104.03,175.0,105.6,36.0,6.0,104.0,-3.3,12.0,175.0,127.0,148.0,27.0,127.0,39.0,58.0,36.0,31.0,10.0,148.0,123.0,102.3,114.0,59.0,127.0,141.0,14.0,141.0,123.0,127.0,66.0,50.0,40.0,14.0,15.0,,,1.0,G,ORL,,,,,,,,,,,,,,,,,,,,,,,,,,,,,,,,,,,,,,,,,,,,,,,,,,,16019.0,102.0,,,,,,,,,,,,,,,1610612742.0,DAL,ORL,ORL,DAL,,,,,,,,,,,,,,,,,,,
203901,Elfrid Payton,1610612753,ORL,21.0,36.583333333333336,10,13,0.769,0,0,0.0,2,2,1.0,5,5,10,10,1,4,0,0,2,1,22,2,78.18,10.0,0.165,0.793,4.0,72,0.167,1.2,116.7,93.81,40.0,0.152,0.417,0.128,0.769,0.111,118.2,92.55,117.1,115.5,4.0,1.2,0.26,70.0,0.186,69.0,0.143,22.0,2.0,13.0,1.0,26.0,0.05,8.0,1.0,0.0,5.0,0.4,0.1,12.0,20.0,2.0,0.0,0.6,0.0,0.8,0.0,0.0,4.0,0.0,0.253,0.0,5.3,5.43,87.0,8.0,0.0,0.0,29.0,7.7,1.0,6.0,5.6,3.0,1.0,0.909,0.2,3.0,6.0,6.7,0.833,4.5,4.0,1.0,7.0,0.833,0.833,0.3,1.0,0.0,0.4,0.833,1.0,2.0,12.0,0.0,,0.0,3.0,0.231,0.231,3.0,3.0,0.0,1.0,1.0,3.0,1.0,,8.0,0.0,0.0,0.0,0.625,5.0,0.625,8.0,5.0,0.615,0.625,0.615,0.0,0.077,1.0,1.0,1.0,1.0,0.0,,0.0,1.0,0.077,1.0,1.0,1.0,1.0,0.0,1.0,0.0,1.0,,1.0,0.077,1.0,1.0,0.077,0.0,0.0,,0.0,0.0,,,1.0,0.0,0.0,0.0,0.0,0.0,0.8,0.769,0.0,0.0,8.0,1.0,0.0,0.0,8.0,0.0,0.333,0.0,1.0,0.0,0.0,0.0,0.0,0.0,0.0,0.889,0.0,3.0,9.0,0.0,0.0,1.0,0.0,0.0,1.0,0.106,0.575,0.245,109.0,0.681,160.0,0.0,0.0,,1.0,0.0,0.0,0.0,,2.0,0.0,0.0,0.818,0.0,0.0,9.0,0.0,0.5,0.0,0.0,0.0,0.0,0.0,,0.0,0.0,11.0,0.0,,0.0,,,,0.0,2015,21401020,,9.0,14.0,0.643,0.444,0.199,,,,,,,,,,,,,,,,,,,,,,,,,,,,,,,20150320.0,2014-15,False,POR,,,,,,,,,,,,,,,,,,,,,,,,,,,1.3,1.3,4.28,4.59,2.6,3.99,Elfrid,1.0,1.0,0.0,1.0,60.0,1.0,1.0,50.0,1.0,1.0,1.0,1.0,26.0,9.0,45.0,17.0,111.0,155.0,111.0,72.0,91.0,1.0,6.0,40.0,16.0,6.0,87.0,2.0,81.0,1.0,120.0,123.0,17.0,103.0,5.0,1.0,1.0,9.0,93.81,160.0,115.5,172.0,10.0,35.0,1.2,12.0,152.0,72.0,100.0,179.0,177.0,9.0,25.0,172.0,97.0,13.0,98.0,119.0,116.7,183.0,45.0,72.0,124.0,15.0,124.0,66.0,177.0,25.0,56.0,11.0,3.0,22.0,,,1.0,G,ORL,,,,,,,,,,,,,,,,,,,,,,,,,,,,,,,,,,,,,,,,,,,,,,,,,,,13840.0,94.0,,,,,,,,,,,,,,,1610612757.0,ORL,POR,ORL,POR,,,,,,,,,,,,,,,,,,,
203901,Elfrid Payton,1610612753,ORL,21.0,35.45,3,9,0.333,0,1,0.0,0,0,0.0,3,5,8,8,5,3,0,3,4,2,6,-4,84.06,1.6,0.163,0.333,22.7,75,0.17,-5.0,100.0,100.87,36.4,0.109,0.286,0.101,0.333,0.091,102.3,99.41,107.4,106.8,22.7,-6.8,0.064,58.0,0.172,58.0,0.138,23.0,1.0,10.0,1.0,18.0,0.143,4.0,2.0,0.0,6.0,0.286,0.143,4.0,14.0,2.0,0.0,0.286,0.0,0.333,0.0,0.0,2.0,1.0,0.08,0.0,5.19,5.63,75.0,2.0,0.0,0.0,23.0,6.5,0.0,9.0,11.5,2.0,0.333,0.444,0.2,2.0,10.0,8.4,0.421,16.7,4.0,1.0,6.0,0.556,0.5,0.25,0.0,1.0,0.333,0.333,1.0,1.0,19.0,,,,,,,,,,,,,,,5.0,0.0,0.0,0.0,0.6,3.0,0.6,5.0,3.0,0.833,0.6,0.833,1.0,0.167,1.0,0.0,0.0,0.0,0.167,0.0,0.0,0.0,0.0,0.0,,,,,,,,,,,,,,,0.0,0.0,0.0,0.0,0.0,1.0,1.0,0.0,0.0,0.0,0.0,0.0,0.0,0.333,0.0,0.0,0.0,1.0,0.0,0.0,2.0,0.0,0.333,,1.0,0.0,0.0,1.0,0.0,,,0.5,0.0,3.0,4.0,0.0,0.0,0.0,0.0,0.0,0.0,0.108,0.575,0.243,110.0,0.683,161.0,1.0,2.0,0.0,0.0,,,0.0,0.0,0.0,1.0,0.5,0.333,0.0,0.0,2.0,0.0,0.0,0.0,0.0,0.0,0.0,0.0,0.0,,0.0,6.0,0.0,,0.0,,0.0,0.0,0.0,2015,21401044,,3.0,9.0,0.333,0.411,-0.078,,,,,,,,,,,,,,,,,,,,,,,,,,,,,,,20150322.0,2014-15,False,DEN,,,,,,,,,,,,,,,,,,,,,,,,,,,1.3,1.3,4.59,4.9,2.7,4.02,Elfrid,1.0,0.0,1.0,0.0,31.6,0.0,0.0,28.0,1.0,119.0,119.0,119.0,29.0,121.0,84.0,147.0,91.0,104.0,91.0,114.0,125.0,114.0,21.0,37.0,26.0,7.0,4.0,8.0,63.0,233.0,209.0,56.0,141.0,146.0,40.0,16.0,1.0,48.0,100.87,139.0,106.8,35.0,3.0,49.0,-6.8,22.0,141.0,118.0,207.0,46.0,137.0,121.0,175.0,35.0,124.0,9.0,206.0,129.0,100.0,144.0,84.0,118.0,139.0,38.0,139.0,114.0,137.0,165.0,90.0,149.0,50.0,6.0,,,,G,ORL,,,,,,,,,,,,,,,,,,,,,,,,,,,,,,,,,,,,,,,,,,,,,,,,,,,14049.0,100.0,,,,,,,,,,,,,,,1610612743.0,ORL,DEN,ORL,DEN,,,,,,,,,,,,,,,,,,,
203901,Elfrid Payton,1610612753,ORL,21.0,35.483333333333334,7,19,0.368,0,2,0.0,5,7,0.714,4,5,9,7,5,1,0,6,5,5,19,-15,76.09,1.4,0.346,0.43,14.7,67,0.351,-18.6,88.1,91.31,20.6,0.143,0.412,0.129,0.368,0.114,86.6,93.72,105.1,108.8,14.7,-20.8,0.088,45.0,0.178,60.0,0.156,11.0,1.0,8.0,1.0,13.0,0.0,9.0,0.0,2.0,9.0,0.5,0.056,5.0,18.0,1.0,4.0,0.278,0.111,0.333,3.0,0.75,3.0,0.0,0.257,1.0,5.57,5.66,74.0,4.0,0.0,2.0,28.0,6.9,1.5,6.0,8.0,2.0,0.667,0.75,0.0,2.0,6.0,9.7,0.75,6.4,4.0,0.0,6.0,0.833,0.833,0.222,0.0,0.0,0.5,0.667,0.0,2.0,12.0,0.0,,0.0,3.0,0.231,0.231,3.0,3.0,0.0,1.0,1.0,3.0,1.0,,5.0,0.0,0.0,0.0,0.8,4.0,0.8,5.0,4.0,0.385,0.8,0.385,1.0,0.308,4.0,3.0,0.0,0.0,0.077,0.0,0.0,0.0,0.231,0.0,0.0,,0.0,0.0,0.0,1.0,0.0,0.0,1.0,0.0,0.0,0.0,0.077,0.077,0.0,0.0,0.0,0.0,0.0,1.0,4.0,0.0,0.0,0.0,2.0,1.0,1.0,0.368,0.0,0.0,6.0,2.0,0.0,0.0,5.0,0.0,0.4,0.0,1.0,0.0,0.0,2.0,0.0,0.0,0.0,0.455,0.0,5.0,11.0,0.0,0.0,0.0,0.0,0.0,0.0,0.101,0.576,0.243,111.0,0.677,164.0,1.0,2.0,,0.0,,,0.0,,2.0,2.0,0.5,0.5,0.0,0.0,6.0,0.0,0.0,0.0,0.0,0.0,0.0,0.0,,,1.0,12.0,0.0,0.0,1.0,0.0,1.0,0.0,0.0,2015,21401062,,4.0,12.0,0.333,0.449,-0.116,,,,,,,,,,,,,,,,,,,,,,,,,,,,,,,20150325.0,2014-15,False,ATL,,,,,,,,,,,,,,,,,,,,,,,,,,,1.2,1.1,4.39,4.68,2.3,4.11,Elfrid,1.0,0.0,1.0,0.0,38.3,0.0,0.0,37.0,1.0,136.0,136.0,136.0,37.0,27.0,7.0,169.0,112.0,104.0,112.0,19.0,15.0,90.0,6.0,50.0,21.0,7.0,5.0,48.0,90.0,265.0,251.0,17.0,30.0,238.0,23.0,20.0,1.0,20.0,91.31,6.0,108.8,197.0,7.0,31.0,-20.8,75.0,5.0,199.0,193.0,157.0,180.0,27.0,173.0,197.0,110.0,19.0,193.0,202.0,88.1,159.0,7.0,199.0,207.0,12.0,207.0,208.0,180.0,182.0,51.0,141.0,66.0,19.0,,,1.0,G,ORL,,,,,,,,,,,,,,,,,,,,,,,,,,,,,,,,,,,,,,,,,,,,,,,,,,,12007.0,92.0,,,,,,,,,,,,,,,1610612737.0,ORL,ATL,ORL,ATL,,,,,,,,,,,,,,,,,,,
203901,Elfrid Payton,1610612753,ORL,21.0,38.81666666666667,6,10,0.6,0,0,0.0,2,2,1.0,1,3,4,13,2,0,0,1,3,4,14,-9,75.23,6.5,0.152,0.643,8.0,72,0.16,-9.7,112.5,90.27,52.0,0.075,0.433,0.056,0.6,0.032,108.7,93.09,118.4,121.6,7.7,-9.1,0.128,72.0,0.194,81.0,0.181,18.0,0.0,14.0,2.0,25.0,0.059,7.0,1.0,0.0,6.0,0.412,0.059,9.0,17.0,1.0,0.0,0.529,0.0,0.5,0.0,0.0,3.0,0.0,0.161,2.0,5.01,5.3,87.0,0.0,0.0,2.0,28.0,7.3,0.0,3.0,13.3,0.0,0.333,0.444,0.0,1.0,7.0,10.1,0.4,22.8,3.0,1.0,4.0,0.5,0.429,0.0,0.0,1.0,0.0,0.333,0.0,0.0,10.0,0.0,,0.0,1.0,0.111,0.111,1.0,1.0,0.0,1.0,1.0,1.0,1.0,,7.0,0.0,0.0,0.0,0.571,4.0,0.571,7.0,4.0,0.778,0.571,0.778,0.0,0.111,1.0,1.0,1.0,1.0,0.0,,0.0,1.0,0.111,1.0,1.0,,,,,,,,,,,,,,1.0,,2.0,1.0,,,1.0,1.0,0.0,0.0,4.0,1.0,0.0,0.6,0.0,0.0,0.0,3.0,0.0,0.0,3.0,0.0,0.5,0.0,0.0,0.0,0.0,0.0,0.0,0.0,0.0,0.75,0.0,6.0,4.0,0.0,0.0,0.0,0.0,0.0,0.0,0.095,0.576,0.246,114.0,0.671,170.0,0.0,1.0,0.0,0.0,0.0,0.0,0.0,0.0,0.0,0.0,0.0,0.667,0.0,0.0,6.0,0.0,0.0,0.0,0.0,0.0,0.0,0.0,0.0,0.0,0.0,9.0,0.0,,0.0,,,,0.0,2015,21401074,,8.0,18.0,0.444,0.424,0.021,,,,,,,,,,,,,,,,,,,,,,,,,,,,,,,20150327.0,2014-15,False,DET,,,,,,,,,,,,,,,,,,,,,,,,,,,1.4,1.3,4.18,4.73,2.7,3.73,Elfrid,1.0,0.0,1.0,0.0,36.3,1.0,0.0,31.0,1.0,143.0,143.0,143.0,21.0,46.0,74.0,37.0,112.0,173.0,112.0,65.0,87.0,1.0,67.0,106.0,104.0,1.0,57.0,143.0,73.0,204.0,188.0,24.0,62.0,231.0,33.0,1.0,2.0,39.0,90.27,191.0,121.6,244.0,6.0,120.0,-9.1,6.0,199.0,64.0,130.0,210.0,244.0,46.0,65.0,244.0,188.0,10.0,136.0,173.0,112.5,228.0,74.0,64.0,176.0,13.0,176.0,80.0,244.0,70.0,174.0,90.0,4.0,14.0,,,1.0,G,ORL,,,,,,,,,,,,,,,,,,,,,,,,,,,,,,,,,,,,,,,,,,,,,,,,,,,14323.0,92.0,,,,,,,,,,,,,,,1610612765.0,ORL,DET,ORL,DET,,,,,,,,,,,,,,,,,,,
203901,Elfrid Payton,1610612753,ORL,21.0,40.083333333333336,4,11,0.364,1,2,0.5,1,1,1.0,1,2,3,11,3,3,1,1,3,2,10,10,74.35,3.67,0.163,0.437,12.0,75,0.166,13.9,114.7,89.21,44.0,0.044,0.344,0.036,0.409,0.026,110.3,93.88,96.4,102.7,11.8,12.0,0.089,76.0,0.171,82.0,0.145,16.0,0.0,13.0,3.0,22.0,0.143,5.0,2.0,0.0,3.0,0.357,0.143,6.0,14.0,2.0,0.0,0.429,0.0,0.667,0.0,0.0,2.0,1.0,0.105,2.0,5.98,5.97,95.0,2.0,0.0,0.0,37.0,9.5,0.0,5.0,8.5,0.0,0.25,0.273,0.0,1.0,7.0,6.3,0.25,12.9,2.0,1.0,3.0,0.286,0.286,0.0,1.0,0.0,0.0,0.2,0.0,0.0,12.0,0.0,,0.0,1.0,0.1,0.1,1.0,1.0,0.0,1.0,1.0,1.0,1.0,,5.0,0.0,0.0,0.0,0.4,2.0,0.4,5.0,2.0,0.5,0.4,0.5,0.0,0.1,1.0,1.0,0.0,0.0,0.0,,0.0,0.0,0.1,0.0,0.0,0.0,0.333,1.0,1.0,2.0,0.5,0.5,3.0,0.1,1.0,0.0,0.3,0.2,0.5,0.0,2.0,0.5,,0.0,2.0,1.0,3.0,0.333,0.0,0.0,0.0,0.409,0.0,0.0,0.0,1.0,1.0,0.0,1.0,0.0,0.5,1.0,4.0,0.0,,1.0,1.0,1.0,1.0,0.333,0.0,2.0,3.0,,0.0,1.0,1.0,,0.25,0.079,0.576,0.244,118.0,0.656,180.0,1.0,2.0,0.0,0.0,,,0.0,0.0,1.0,1.0,0.5,0.333,1.0,0.0,1.0,1.0,0.0,0.333,0.0,1.0,0.0,0.0,0.0,,3.0,3.0,1.0,0.5,3.0,0.5,2.0,1.0,1.0,2015,21401143,,9.0,19.0,0.474,0.441,0.033,,,,,,,,,,,,,,,,,,,,,,,,,,,,,,,20150404.0,2014-15,False,MIL,,,,,,,,,,,,,,,,,,,,,,,,,,,1.4,1.2,3.9,3.95,2.6,3.83,Elfrid,1.0,1.0,0.0,1.0,39.1,1.0,0.0,33.0,1.0,1.0,1.0,1.0,5.0,63.0,51.0,134.0,44.0,73.0,27.0,95.0,117.0,1.0,61.0,98.0,91.0,2.0,15.0,2.0,15.0,145.0,140.0,70.0,74.0,32.0,15.0,1.0,1.0,22.0,89.21,130.0,102.7,178.0,4.0,107.0,12.0,6.0,130.0,46.0,116.0,123.0,102.0,63.0,141.0,178.0,164.0,11.0,116.0,61.0,114.7,70.0,51.0,46.0,64.0,14.0,64.0,57.0,102.0,130.0,165.0,109.0,10.0,10.0,,,1.0,G,ORL,,,,,,,,,,,,,,,,,,,,,,,,,,,,,,,,,,,,,,,,,,,,,,,,,,,13974.0,89.0,,,,,,,,,,,,,,,1610612749.0,MIL,ORL,ORL,MIL,,,,,,,,,,,,,,,,,,,
203901,Elfrid Payton,1610612753,ORL,21.0,39.55,6,14,0.429,2,2,1.0,3,3,1.0,4,5,9,9,3,2,0,2,1,2,17,5,80.4,3.0,0.194,0.555,11.1,79,0.202,13.9,120.3,96.49,33.3,0.111,0.321,0.111,0.5,0.111,122.3,97.5,108.4,112.5,11.0,7.8,0.139,74.0,0.162,72.0,0.122,21.0,0.0,12.0,3.0,18.0,0.038,4.0,1.0,0.0,9.0,0.154,0.115,13.0,26.0,3.0,0.0,0.5,0.0,0.222,0.0,0.0,2.0,0.0,0.185,0.0,5.74,6.35,92.0,4.0,0.0,0.0,25.0,8.8,1.25,10.0,5.6,2.0,0.4,0.563,0.0,2.0,8.0,4.4,0.5,7.0,5.0,2.0,7.0,0.833,0.625,0.222,0.0,2.0,0.5,0.4,0.0,2.0,18.0,0.0,,0.0,3.0,0.25,0.25,1.0,3.0,0.0,0.333,0.333,1.0,0.333,,7.0,0.0,0.0,0.0,0.429,3.0,0.429,7.0,3.0,0.583,0.429,0.583,1.0,0.083,1.0,0.0,0.0,1.5,0.083,1.0,1.0,1.0,0.0,1.0,,,1.0,1.0,0.0,1.0,1.5,1.0,1.0,0.0,1.0,0.0,0.083,0.083,,0.0,0.0,,,0.0,0.0,0.0,6.0,1.0,0.0,0.0,0.667,0.5,0.0,0.0,5.0,3.0,1.0,1.0,1.0,1.0,0.5,0.0,0.0,1.0,0.0,1.0,1.0,0.0,0.0,0.167,1.0,6.0,6.0,0.0,1.0,0.0,1.0,0.0,0.0,0.083,0.575,0.247,123.0,0.658,187.0,2.0,5.0,,0.0,,,1.0,,0.0,1.0,0.4,0.286,0.0,0.0,2.0,1.0,0.0,0.0,0.0,1.0,0.0,1.0,,,0.0,7.0,1.0,1.5,2.0,1.0,2.0,2.0,2.0,2015,21401161,,12.0,20.0,0.6,0.428,0.172,,,,,,,,,,,,,,,,,,,,,,,,,,,,,,,20150408.0,2014-15,False,CHI,,,,,,,,,,,,,,,,,,,,,,,,,,,1.5,1.4,4.4,4.93,2.9,3.95,Elfrid,1.0,1.0,0.0,1.0,44.3,0.0,0.0,41.0,1.0,1.0,1.0,1.0,6.0,43.0,24.0,148.0,33.0,101.0,1.0,45.0,73.0,1.0,17.0,49.0,28.0,4.0,18.0,12.0,73.0,264.0,58.0,82.0,41.0,84.0,16.0,24.0,1.0,13.0,96.49,126.0,112.5,112.0,6.0,41.0,7.8,20.0,134.0,58.0,186.0,82.0,165.0,43.0,125.0,112.0,143.0,14.0,184.0,86.0,120.3,145.0,24.0,58.0,107.0,31.0,107.0,45.0,165.0,119.0,89.0,76.0,18.0,17.0,,,1.0,G,ORL,,,,,,,,,,,,,,,,,,,,,,,,,,,,,,,,,,,,,,,,,,,,,,,,,,,15277.0,96.0,,,,,,,,,,,,,,,1610612741.0,ORL,CHI,ORL,CHI,,,,,,,,,,,,,,,,,,,
203901,Elfrid Payton,1610612753,ORL,21.0,34.6,2,7,0.286,0,1,0.0,2,2,1.0,1,5,6,8,1,4,2,0,3,4,6,-10,76.88,8.0,0.117,0.381,5.9,66,0.117,-8.4,97.0,92.25,47.1,0.132,0.308,0.085,0.286,0.03,95.2,96.14,103.6,110.4,5.9,-13.5,0.137,72.0,0.111,65.0,0.111,12.0,0.0,8.0,1.0,14.0,0.083,6.0,1.0,1.0,2.0,0.5,0.25,5.0,12.0,3.0,2.0,0.417,0.083,1.0,2.0,1.0,2.0,0.0,0.071,1.0,4.88,4.93,84.0,5.0,0.0,0.0,26.0,6.8,0.0,6.0,5.1,0.0,0.167,0.462,0.0,1.0,7.0,5.3,0.462,4.1,5.0,0.0,6.0,0.714,0.714,0.0,0.0,0.0,0.0,0.167,0.0,0.0,13.0,0.0,,0.0,3.0,0.429,0.429,1.0,3.0,0.0,0.333,0.333,1.0,0.333,,3.0,0.0,0.0,0.0,0.333,1.0,0.333,3.0,1.0,0.429,0.333,0.429,,,,,,,,,,,,,,,0.0,0.0,0.0,1.0,0.0,0.0,1.0,0.0,0.0,0.0,0.143,0.143,,0.0,0.0,,,0.0,0.0,0.0,0.0,0.0,0.0,0.0,0.0,0.286,0.0,0.0,0.0,1.0,0.0,0.0,1.0,0.0,0.5,0.0,0.0,0.0,,0.0,1.0,0.0,0.0,0.25,0.0,2.0,4.0,,1.0,0.0,0.0,,0.0,0.072,0.574,0.249,124.0,0.646,192.0,0.0,1.0,,0.0,,,0.0,,0.0,0.0,0.0,0.4,0.0,,2.0,0.0,0.0,0.0,,1.0,,0.0,,,0.0,5.0,0.0,0.0,1.0,0.0,1.0,0.0,0.0,2015,21401175,,5.0,15.0,0.333,0.428,-0.095,,,,,,,,,,,,,,,,,,,,,,,,,,,,,,,20150410.0,2014-15,False,TOR,,,,,,,,,,,,,,,,,,,,,,,,,,,1.3,1.2,4.34,4.98,2.5,3.81,Elfrid,1.0,0.0,1.0,0.0,42.2,0.0,0.0,32.0,1.0,136.0,136.0,136.0,39.0,142.0,122.0,180.0,101.0,129.0,101.0,59.0,76.0,1.0,70.0,42.0,54.0,14.0,99.0,3.0,10.0,1.0,171.0,35.0,146.0,218.0,14.0,18.0,1.0,41.0,92.25,216.0,110.4,177.0,2.0,119.0,-13.5,12.0,212.0,170.0,114.0,118.0,173.0,142.0,182.0,177.0,114.0,7.0,113.0,167.0,97.0,138.0,122.0,170.0,183.0,38.0,183.0,180.0,173.0,191.0,115.0,78.0,8.0,6.0,,,1.0,G,ORL,,,,,,,,,,,,,,,,,,,,,,,,,,,,,,,,,,,,,,,,,,,,,,,,,,,13247.0,96.0,,,,,,,,,,,,,,,1610612761.0,ORL,TOR,ORL,TOR,,,,,,,,,,,,,,,,,,,
203901,Elfrid Payton,1610612753,ORL,21.0,37.93333333333333,4,9,0.444,0,0,0.0,2,3,0.667,0,1,1,7,0,3,0,2,2,2,10,-1,79.61,0.0,0.114,0.484,0.0,76,0.118,-1.2,101.3,95.54,41.2,0.029,0.28,0.012,0.444,0.0,99.1,98.32,100.4,104.0,0.0,-2.7,0.104,59.0,0.136,56.0,0.119,15.0,0.0,8.0,1.0,17.0,0.0,3.0,0.0,1.0,6.0,0.231,0.0,6.0,13.0,0.0,2.0,0.462,0.077,0.167,1.0,0.5,1.0,0.0,0.141,0.0,5.04,4.83,71.0,1.0,0.0,0.0,21.0,6.0,3.0,3.0,8.1,0.0,0.0,0.167,0.0,0.0,5.0,8.1,0.125,0.0,1.0,2.0,1.0,0.25,0.2,0.0,1.0,1.0,0.0,0.0,0.0,0.0,8.0,0.0,,0.0,1.0,0.143,0.143,1.0,1.0,0.0,1.0,1.0,1.0,1.0,,5.0,0.0,0.0,0.0,0.4,2.0,0.4,5.0,2.0,0.714,0.4,0.714,0.0,0.143,1.0,1.0,1.0,1.0,0.0,,0.0,1.0,0.143,1.0,1.0,,,,,,,,,,,,,,0.333,,2.0,0.333,,,3.0,1.0,0.0,0.0,0.0,0.0,1.0,0.444,0.0,0.0,3.0,2.0,0.0,0.0,1.0,0.0,0.4,0.0,2.0,0.0,0.0,0.0,0.0,0.0,0.0,0.5,0.0,5.0,2.0,0.0,0.0,1.0,0.0,0.0,0.5,0.071,0.575,0.248,126.0,0.646,195.0,2.0,4.0,0.0,0.0,0.0,0.0,0.0,0.0,1.0,0.0,0.5,0.5,1.0,0.0,1.0,0.0,0.0,0.5,0.0,0.0,0.0,0.0,0.0,0.0,2.0,2.0,0.0,,0.0,,,,0.0,2015,21401207,,2.0,6.0,0.333,0.523,-0.19,,,,,,,,,,,,,,,,,,,,,,,,,,,,,,,20150413.0,2014-15,False,MIA,,,,,,,,,,,,,,,,,,,,,,,,,,,1.2,1.3,4.13,4.54,2.6,3.54,Elfrid,1.0,0.0,1.0,0.0,30.7,0.0,0.0,24.0,1.0,127.0,127.0,127.0,15.0,83.0,89.0,111.0,96.0,150.0,96.0,62.0,72.0,78.0,127.0,165.0,189.0,10.0,168.0,3.0,79.0,214.0,105.0,75.0,96.0,127.0,52.0,19.0,2.0,75.0,95.54,206.0,104.0,125.0,4.0,127.0,-2.7,15.0,209.0,139.0,1.0,95.0,136.0,83.0,136.0,125.0,206.0,9.0,1.0,126.0,101.3,109.0,89.0,139.0,138.0,33.0,138.0,142.0,136.0,129.0,217.0,101.0,137.0,10.0,,,1.0,G,ORL,,,,,,,,,,,,,,,,,,,,,,,,,,,,,,,,,,,,,,,,,,,,,,,,,,,13578.0,93.0,,,,,,,,,,,,,,,1610612748.0,MIA,ORL,ORL,MIA,,,,,,,,,,,,,,,,,,,
203901,Elfrid Payton,1610612753,ORL,21.0,34.5,1,5,0.2,0,1,0.0,0,2,0.0,0,3,3,6,4,4,1,1,1,2,2,-15,75.94,1.5,0.139,0.17,25.0,65,0.14,-15.8,92.3,91.13,37.5,0.094,0.24,0.048,0.2,0.0,94.5,91.52,110.2,113.6,25.2,-21.3,0.036,61.0,0.098,62.0,0.098,13.0,0.0,6.0,0.0,12.0,0.125,3.0,1.0,1.0,3.0,0.375,0.0,3.0,8.0,0.0,2.0,0.375,0.125,0.333,1.0,0.5,1.0,0.0,0.027,2.0,5.58,5.57,74.0,0.0,0.0,0.0,20.0,6.9,0.0,3.0,7.4,1.0,0.0,0.429,0.333,0.0,4.0,7.4,0.429,0.0,2.0,0.0,2.0,0.75,0.75,0.333,0.0,0.0,0.0,0.0,1.0,0.0,7.0,0.0,,0.0,1.0,0.25,0.25,0.0,1.0,0.0,0.0,0.0,0.0,0.0,,2.0,0.0,0.0,0.0,0.5,1.0,0.5,2.0,1.0,0.5,0.5,0.5,,,,,,,,,,,,,,,0.0,0.0,0.0,1.0,0.0,0.0,1.0,0.0,0.0,0.0,0.25,0.25,0.0,0.0,0.0,0.0,,0.0,1.0,0.0,0.0,0.0,0.0,0.0,0.0,0.2,0.0,0.0,0.0,0.0,0.0,0.0,1.0,0.0,0.0,0.0,1.0,0.0,,0.0,1.0,0.0,0.0,0.5,0.0,1.0,2.0,,1.0,0.0,0.0,,0.0,0.075,0.575,0.248,128.0,0.65,197.0,0.0,1.0,0.0,0.0,0.0,0.0,0.0,0.0,0.0,0.0,0.0,0.5,0.0,,1.0,0.0,0.0,0.0,,1.0,,0.0,0.0,0.0,1.0,2.0,0.0,0.0,1.0,0.0,1.0,0.0,0.0,2015,21401224,,4.0,8.0,0.5,0.404,0.096,,,,,,,,,,,,,,,,,,,,,,,,,,,,,,,20150415.0,2014-15,False,BKN,,,,,,,,,,,,,,,,,,,,,,,,,,,1.3,1.1,4.19,4.64,2.4,3.76,Elfrid,1.0,0.0,1.0,0.0,25.6,0.0,0.0,21.0,1.0,148.0,148.0,148.0,36.0,218.0,192.0,245.0,118.0,144.0,118.0,161.0,89.0,161.0,160.0,99.0,146.0,24.0,12.0,2.0,31.0,184.0,49.0,79.0,240.0,252.0,100.0,23.0,2.0,122.0,91.13,213.0,113.6,238.0,1.0,160.0,-21.3,23.0,212.0,223.0,259.0,238.0,193.0,218.0,259.0,238.0,179.0,5.0,251.0,208.0,92.3,182.0,192.0,223.0,224.0,62.0,224.0,214.0,193.0,250.0,215.0,215.0,78.0,2.0,,,1.0,G,ORL,,,,,,,,,,,,,,,,,,,,,,,,,,,,,,,,,,,,,,,,,,,,,,,,,,,12646.0,92.0,,,,,,,,,,,,,,,1610612751.0,BKN,ORL,ORL,BKN,,,,,,,,,,,,,,,,,,,
203901,Elfrid Payton,1610612753,ORL,21.0,5.96,1,2,0.5,0,0,0.0,0,0,0.0,0,0,0,1,0,1,0,0,2,0,2,3,90.6,0.0,0.143,0.5,0.0,13,0.145,28.1,130.8,108.72,33.3,0.0,0.2,0.0,0.5,0.0,133.2,105.02,105.1,100.0,0.0,30.8,0.034,8.0,0.125,10.0,0.125,3.0,0.0,1.0,0.0,3.0,0.0,0.0,0.0,0.0,0.0,0.0,0.0,2.0,3.0,0.0,0.0,0.667,0.0,0.0,0.0,0.0,0.0,0.0,0.182,0.0,8.09,8.73,11.0,0.0,0.0,0.0,2.0,1.5,0.0,,,,,,,,,,,,,,,,,,,,,,,,,,,,,,,,,,,,,,,1.0,0.0,0.0,0.0,0.0,0.0,0.0,1.0,0.0,0.5,0.0,0.5,0.0,0.5,1.0,1.0,1.0,1.0,0.0,,0.0,1.0,0.5,1.0,1.0,,,,,,,,,,,,,,0.5,,2.0,0.5,,,2.0,1.0,0.0,0.0,0.0,0.0,0.0,0.5,0.0,0.0,0.0,0.0,0.0,0.0,0.0,0.0,0.0,0.0,2.0,0.0,,0.0,0.0,0.0,0.0,0.0,0.0,0.0,0.0,,0.0,1.0,0.0,,0.5,0.148,0.571,0.333,23.0,0.719,32.0,0.0,0.0,0.0,0.0,,,0.0,0.0,0.0,0.0,0.0,0.0,1.0,,0.0,0.0,0.0,0.5,,0.0,,0.0,0.0,,2.0,0.0,0.0,,0.0,,,,0.0,2015,21400150,,1.0,2.0,0.5,0.401,0.099,,,,,,,,,,,,,,,,,,,,,,,,,,,,,,,20141117.0,2014-15,False,DET,,,,,,,,,,,,,,,,,,,,,,,,,,,0.2,0.2,5.04,4.35,0.5,3.76,Elfrid,1.0,1.0,0.0,1.0,6.5,0.0,0.0,5.0,1.0,1.0,1.0,1.0,179.0,142.0,160.0,64.0,84.0,122.0,84.0,99.0,108.0,99.0,91.0,161.0,166.0,92.0,124.0,35.0,48.0,1.0,86.0,136.0,156.0,68.0,149.0,13.0,1.0,159.0,108.72,136.0,100.0,17.0,1.0,91.0,30.8,20.0,135.0,10.0,1.0,23.0,74.0,142.0,108.0,17.0,161.0,2.0,1.0,31.0,130.8,106.0,160.0,10.0,26.0,56.0,26.0,7.0,74.0,87.0,166.0,142.0,95.0,2.0,,,,G,ORL,,,,,,,,,,,,,,,,,,,,,,,,,,,,,,,,,,,,,,,,,,,,,,,,,,,2430.0,91.0,,,,,,,,,,,,,,,1610612765.0,DET,ORL,ORL,DET,,,,,,,,,,,,,,,,,,,
203901,Elfrid Payton,1610612753,ORL,21.0,16.2,3,8,0.375,1,1,1.0,0,0,0.0,4,3,7,5,3,0,0,2,1,3,7,-9,74.07,1.67,0.275,0.438,18.8,30,0.29,-34.8,90.0,88.89,31.3,0.273,0.556,0.212,0.438,0.182,90.4,86.87,125.2,120.0,18.8,-30.0,0.138,27.0,0.185,34.0,0.185,9.0,0.0,5.0,0.0,11.0,0.111,2.0,1.0,0.0,4.0,0.222,0.111,3.0,9.0,1.0,0.0,0.333,0.0,0.25,0.0,0.0,1.0,0.0,0.159,1.0,5.45,5.8,44.0,4.0,0.0,0.0,17.0,4.0,0.0,7.0,6.6,4.0,0.571,0.636,0.333,1.0,4.0,6.9,0.636,6.3,2.0,0.0,3.0,0.75,0.75,0.571,0.0,0.0,0.75,0.571,1.0,3.0,11.0,0.0,,0.0,2.0,0.333,0.333,1.0,2.0,0.0,0.5,0.5,1.0,0.5,,2.0,0.0,0.0,0.0,0.0,0.0,0.0,2.0,0.0,0.333,0.0,0.333,1.0,0.167,1.0,0.0,0.0,1.5,0.167,1.0,1.0,1.0,0.0,1.0,,1.0,1.0,0.0,1.0,0.0,1.0,,1.0,0.167,1.0,1.0,0.167,0.0,0.667,0.0,4.0,0.667,,0.0,3.0,2.0,3.0,1.0,0.0,0.0,0.0,0.438,0.0,0.0,0.0,1.0,0.0,1.0,0.0,1.0,0.333,0.0,2.0,,0.0,1.0,0.0,0.0,0.0,0.0,,3.0,2.0,0.0,,1.0,0.0,0.0,0.5,0.168,0.567,0.33,25.0,0.735,34.0,0.0,2.0,,1.0,0.0,0.0,1.0,,1.0,1.0,0.0,0.0,0.0,0.0,0.0,1.0,1.0,0.0,0.0,1.0,0.0,1.0,,0.0,1.0,2.0,1.0,1.5,1.0,1.0,1.0,1.0,1.0,2015,21400161,,5.0,7.0,0.714,0.393,0.321,,,,,,,,,,,,,,,,,,,,,,,,,,,,,,,20141119.0,2014-15,False,LAC,,,,,,,,,,,,,,,,,,,,,,,,,,,0.6,0.6,4.07,4.71,1.1,4.2,Elfrid,1.0,0.0,1.0,0.0,19.9,0.0,0.0,20.0,1.0,116.0,116.0,116.0,167.0,100.0,90.0,138.0,45.0,116.0,1.0,125.0,132.0,125.0,5.0,79.0,36.0,21.0,15.0,121.0,64.0,209.0,36.0,47.0,118.0,193.0,99.0,19.0,1.0,90.0,88.89,20.0,120.0,168.0,3.0,10.0,-30.0,29.0,22.0,185.0,180.0,197.0,191.0,100.0,150.0,168.0,18.0,8.0,180.0,214.0,90.0,205.0,90.0,185.0,207.0,3.0,207.0,184.0,191.0,132.0,11.0,66.0,49.0,7.0,,,1.0,G,ORL,,,,,,,,,,,,,,,,,,,,,,,,,,,,,,,,,,,,,,,,,,,,,,,,,,,5975.0,96.0,,,,,,,,,,,,,,,1610612746.0,ORL,LAC,ORL,LAC,,,,,,,,,,,,,,,,,,,
203901,Elfrid Payton,1610612753,ORL,21.0,27.23333333333333,1,3,0.333,0,0,0.0,5,8,0.625,2,7,9,4,5,2,0,0,5,5,7,10,85.92,0.8,0.167,0.537,33.3,58,0.172,13.4,94.8,103.11,26.7,0.226,0.235,0.153,0.333,0.071,91.5,103.74,78.1,76.3,32.2,18.6,0.103,34.0,0.118,30.0,0.118,11.0,0.0,4.0,0.0,8.0,0.167,2.0,2.0,1.0,2.0,0.167,0.167,5.0,12.0,2.0,2.0,0.417,0.083,0.5,0.0,0.0,1.0,0.0,0.152,0.0,6.35,6.28,46.0,0.0,0.0,0.0,17.0,4.9,0.0,2.0,10.2,0.0,1.0,0.9,0.0,2.0,9.0,8.3,0.818,16.9,7.0,1.0,9.0,0.875,0.778,0.0,0.0,1.0,0.0,1.0,0.0,0.0,11.0,0.0,,0.0,2.0,0.667,0.667,1.0,2.0,0.0,0.5,0.5,1.0,0.5,,,,,,,,,,,,,,0.0,0.333,1.0,1.0,0.0,0.0,0.0,,0.0,0.0,0.333,0.0,0.0,,,,,,,,,,,,,,,,0.0,,,,0.0,0.0,0.0,0.0,0.0,0.0,0.0,0.333,0.0,0.0,0.0,0.0,0.0,0.0,1.0,0.0,0.0,0.0,1.0,0.0,0.0,0.0,0.0,0.0,0.0,0.5,0.0,0.0,2.0,0.0,0.0,0.0,0.0,0.0,0.0,0.203,0.564,0.285,33.0,0.767,43.0,0.0,1.0,,0.0,0.0,0.0,0.0,,0.0,0.0,0.0,0.5,0.0,0.0,1.0,0.0,0.0,0.0,0.0,0.0,0.0,0.0,,0.0,0.0,2.0,0.0,,0.0,,,,0.0,2015,21400246,,1.0,4.0,0.25,0.446,-0.196,,,,,,,,,,,,,,,,,,,,,,,,,,,,,,,20141130.0,2014-15,False,PHX,,,,,,,,,,,,,,,,,,,,,,,,,,,1.0,0.9,4.19,4.35,1.9,4.02,Elfrid,1.0,1.0,0.0,1.0,24.8,0.0,0.0,24.0,1.0,1.0,1.0,1.0,69.0,117.0,133.0,109.0,64.0,104.0,64.0,13.0,8.0,65.0,28.0,15.0,19.0,21.0,3.0,12.0,51.0,1.0,159.0,11.0,87.0,21.0,55.0,17.0,2.0,53.0,103.11,103.0,76.3,22.0,1.0,41.0,18.6,28.0,100.0,103.0,155.0,22.0,15.0,117.0,65.0,22.0,31.0,3.0,154.0,50.0,94.8,16.0,133.0,103.0,38.0,30.0,38.0,115.0,15.0,117.0,28.0,71.0,60.0,7.0,,,1.0,G,ORL,,,,,,,,,,,,,,,,,,,,,,,,,,,,,,,,,,,,,,,,,,,,,,,,,,,9959.0,98.0,,,,,,,,,,,,,,,1610612756.0,PHX,ORL,ORL,PHX,,,,,,,,,,,,,,,,,,,
203901,Elfrid Payton,1610612753,ORL,21.0,27.815,5,7,0.714,0,0,0.0,1,2,0.5,0,2,2,11,3,1,0,0,4,3,11,0,74.06,3.67,0.18,0.698,13.6,51,0.181,2.4,113.7,88.87,50.0,0.105,0.647,0.043,0.714,0.0,113.8,88.87,111.5,111.5,13.7,2.2,0.149,46.0,0.239,52.0,0.239,15.0,0.0,11.0,0.0,29.0,0.1,7.0,2.0,1.0,4.0,0.35,0.25,7.0,20.0,5.0,2.0,0.35,0.05,0.75,1.0,0.5,3.0,0.0,0.186,1.0,5.31,5.78,59.0,1.0,0.0,2.0,22.0,5.2,0.0,2.0,6.9,1.0,0.0,0.5,0.5,0.0,2.0,6.9,0.5,0.0,1.0,0.0,1.0,1.0,1.0,0.5,0.0,0.0,0.0,0.0,1.0,0.0,4.0,,,,,,,,,,,,,,,6.0,0.0,0.0,0.0,0.667,4.0,0.667,6.0,4.0,0.857,0.667,0.857,0.0,0.143,1.0,1.0,1.0,1.0,0.0,,0.0,1.0,0.143,1.0,1.0,,,,,,,,,,,,,,1.0,,2.0,1.0,,,1.0,1.0,0.0,0.0,2.0,1.0,0.0,0.714,0.0,0.0,0.0,1.0,0.0,0.0,3.0,0.0,1.0,0.0,1.0,0.0,0.0,0.0,0.0,0.0,0.0,0.6,0.0,1.0,5.0,0.0,0.0,1.0,0.0,0.0,1.0,0.105,0.576,0.291,45.0,0.682,66.0,1.0,1.0,,1.0,0.0,0.0,0.0,,1.0,0.0,1.0,0.6,0.0,0.0,3.0,0.0,1.0,0.0,0.0,0.0,0.0,0.0,,0.0,0.0,5.0,0.0,,0.0,,,,0.0,2015,21400383,,5.0,12.0,0.417,0.397,0.02,,,,,,,,,,,,,,,,,,,,,,,,,,,,,,,20141219.0,2014-15,False,UTA,,,,,,,,,,,,,,,,,,,,,,,,,,,1.0,1.0,4.53,4.64,2.1,4.04,Elfrid,1.0,0.0,1.0,0.0,29.9,1.0,0.0,26.0,1.0,102.0,102.0,102.0,83.0,52.0,103.0,25.0,78.0,129.0,78.0,85.0,58.0,87.0,112.0,106.0,124.0,3.0,17.0,31.0,68.0,1.0,183.0,38.0,69.0,97.0,43.0,1.0,1.0,52.0,88.87,101.0,111.5,180.0,5.0,112.0,2.2,4.0,103.0,67.0,151.0,192.0,120.0,52.0,46.0,180.0,118.0,7.0,150.0,88.0,113.7,117.0,103.0,67.0,90.0,2.0,90.0,61.0,120.0,35.0,159.0,47.0,12.0,11.0,,,,G,ORL,,,,,,,,,,,,,,,,,,,,,,,,,,,,,,,,,,,,,,,,,,,,,,,,,,,11028.0,89.0,,,,,,,,,,,,,,,1610612762.0,ORL,UTA,ORL,UTA,,,,,,,,,,,,,,,,,,,
203901,Elfrid Payton,1610612753,ORL,21.0,35.03333333333333,0,7,0.0,0,1,0.0,1,2,0.5,1,4,5,6,2,1,0,3,4,2,1,-2,80.49,3.0,0.123,0.063,12.5,70,0.127,2.8,98.6,96.59,37.5,0.108,0.207,0.064,0.0,0.024,103.0,94.37,100.3,100.0,12.6,-1.4,-0.013,69.0,0.087,67.0,0.087,16.0,0.0,6.0,0.0,13.0,0.0,1.0,0.0,1.0,5.0,0.077,0.077,5.0,13.0,1.0,2.0,0.385,0.077,0.0,1.0,0.5,0.0,0.0,0.012,2.0,4.88,4.9,84.0,2.0,0.0,0.0,39.0,6.8,0.0,5.0,9.4,0.0,0.2,0.417,0.0,1.0,7.0,9.0,0.417,11.0,4.0,0.0,5.0,0.571,0.571,0.0,0.0,0.0,0.0,0.2,0.0,0.0,12.0,,,,,,,,,,,,,,,2.0,0.0,0.0,0.0,0.0,0.0,0.0,2.0,0.0,0.5,0.0,0.5,0.0,0.25,1.0,1.0,0.0,0.0,0.0,,0.0,0.0,0.25,0.0,0.0,,0.0,0.0,0.0,1.0,0.0,0.0,1.0,0.0,0.0,0.0,0.25,0.25,,0.0,0.0,,,0.0,0.0,0.0,0.0,0.0,0.0,0.0,0.0,0.0,0.0,0.0,0.0,0.0,0.0,0.0,0.0,0.0,0.0,0.0,1.0,0.0,0.0,1.0,0.0,0.0,0.0,0.0,0.0,2.0,3.0,0.0,0.0,0.0,0.0,0.0,0.0,0.112,0.574,0.295,48.0,0.686,70.0,0.0,2.0,0.0,0.0,,,0.0,0.0,1.0,1.0,0.0,0.0,0.0,0.0,0.0,0.0,0.0,0.0,0.0,0.0,0.0,0.0,0.0,,0.0,3.0,0.0,0.0,2.0,0.0,1.0,0.0,0.0,2015,21400405,,6.0,10.0,0.6,0.406,0.194,,,,,,,,,,,,,,,,,,,,,,,,,,,,,,,20141221.0,2014-15,False,PHI,,,,,,,,,,,,,,,,,,,,,,,,,,,1.3,1.2,4.3,4.46,2.5,4.13,Elfrid,1.0,0.0,1.0,0.0,17.0,0.0,0.0,14.0,1.0,91.0,91.0,91.0,26.0,159.0,89.0,159.0,70.0,81.0,70.0,84.0,60.0,84.0,52.0,41.0,47.0,16.0,32.0,38.0,55.0,185.0,161.0,55.0,161.0,103.0,104.0,18.0,1.0,114.0,96.59,141.0,100.0,69.0,0.0,95.0,-1.4,18.0,142.0,122.0,127.0,101.0,60.0,159.0,164.0,69.0,101.0,7.0,125.0,86.0,98.6,73.0,89.0,122.0,98.0,42.0,98.0,102.0,60.0,159.0,116.0,166.0,17.0,1.0,,,,G,ORL,,,,,,,,,,,,,,,,,,,,,,,,,,,,,,,,,,,,,,,,,,,,,,,,,,,13290.0,95.0,,,,,,,,,,,,,,,1610612755.0,ORL,PHI,ORL,PHI,,,,,,,,,,,,,,,,,,,
203901,Elfrid Payton,1610612753,ORL,21.0,32.05833333333333,4,10,0.4,0,0,0.0,1,2,0.5,3,2,5,4,1,0,0,1,3,3,9,-11,89.21,4.0,0.14,0.414,6.3,70,0.142,-12.1,91.4,107.05,25.0,0.063,0.19,0.068,0.4,0.071,91.5,106.52,103.6,102.7,6.3,-11.3,0.048,53.0,0.132,57.0,0.075,16.0,2.0,7.0,1.0,11.0,0.0,0.0,0.0,0.0,3.0,0.0,0.091,7.0,11.0,1.0,0.0,0.636,0.0,0.0,0.0,0.0,0.0,0.0,0.134,1.0,4.51,4.61,67.0,3.0,0.0,0.0,23.0,5.0,0.667,7.0,6.0,2.0,0.429,0.5,0.0,1.0,3.0,3.6,0.5,7.5,2.0,0.0,3.0,0.667,0.667,0.4,0.0,0.0,0.667,0.429,0.0,2.0,10.0,0.0,,0.0,2.0,0.222,0.222,0.0,2.0,0.0,0.0,0.0,0.0,0.0,,4.0,0.0,0.0,0.0,0.75,3.0,0.75,4.0,3.0,0.444,0.75,0.444,0.0,0.333,3.0,3.0,1.0,0.333,0.0,,0.0,0.333,0.333,1.0,0.333,,,,,,,,,,,,,,0.0,,0.0,0.0,,,2.0,0.0,0.0,0.0,0.0,0.0,1.0,0.4,0.0,0.0,2.0,1.0,0.0,0.0,3.0,0.0,0.25,0.0,2.0,0.0,0.0,0.0,0.0,0.0,0.0,0.75,0.0,4.0,4.0,0.0,0.0,0.0,0.0,0.0,0.0,0.084,0.574,0.253,54.0,0.659,82.0,1.0,4.0,0.0,0.0,0.0,0.0,0.0,0.0,0.0,0.0,0.25,0.75,0.0,0.0,3.0,0.0,0.0,0.0,0.0,1.0,0.0,0.0,0.0,0.0,1.0,4.0,0.0,,0.0,,,,0.0,2015,21400557,,4.0,12.0,0.333,0.444,-0.11,,,,,,,,,,,,,,,,,,,,,,,,,,,,,,,20150110.0,2014-15,False,POR,,,,,,,,,,,,,,,,,,,,,,,,,,,1.2,1.3,4.69,4.79,2.5,4.61,Elfrid,1.0,0.0,1.0,0.0,20.0,0.0,0.0,18.0,1.0,96.0,96.0,96.0,35.0,62.0,50.0,93.0,83.0,121.0,83.0,82.0,56.0,84.0,14.0,92.0,53.0,22.0,70.0,96.0,55.0,133.0,134.0,30.0,80.0,172.0,91.0,14.0,1.0,95.0,107.05,144.0,102.7,11.0,4.0,38.0,-11.3,40.0,143.0,139.0,78.0,12.0,108.0,62.0,124.0,11.0,140.0,10.0,77.0,131.0,91.4,115.0,50.0,139.0,136.0,58.0,136.0,140.0,108.0,111.0,110.0,131.0,9.0,9.0,,,1.0,G,ORL,,,,,,,,,,,,,,,,,,,,,,,,,,,,,,,,,,,,,,,,,,,,,,,,,,,13450.0,100.0,,,,,,,,,,,,,,,1610612757.0,POR,ORL,ORL,POR,,,,,,,,,,,,,,,,,,,
203901,Elfrid Payton,1610612753,ORL,21.0,32.73833333333334,5,7,0.714,0,0,0.0,0,0,0.0,1,3,4,7,1,2,1,1,4,2,10,8,86.75,7.0,0.11,0.714,6.7,70,0.11,13.5,117.1,104.1,46.7,0.097,0.241,0.068,0.714,0.036,115.6,105.12,102.1,102.8,6.7,14.4,0.111,63.0,0.127,63.0,0.111,14.0,1.0,8.0,0.0,16.0,0.063,6.0,1.0,0.0,4.0,0.375,0.125,8.0,16.0,2.0,0.0,0.5,0.0,0.75,0.0,0.0,3.0,0.0,0.135,1.0,4.45,4.84,74.0,4.0,0.0,2.0,23.0,5.5,0.5,3.0,9.9,1.0,0.333,0.667,0.333,1.0,4.0,11.7,0.571,4.5,2.0,1.0,3.0,1.0,0.75,0.25,0.0,1.0,0.0,0.333,1.0,0.0,7.0,0.0,,0.0,1.0,0.167,0.167,1.0,1.0,0.0,1.0,1.0,1.0,1.0,,4.0,0.0,0.0,0.0,0.75,3.0,0.75,4.0,3.0,0.667,0.75,0.667,0.0,0.167,1.0,1.0,1.0,1.0,0.0,,0.0,1.0,0.167,1.0,1.0,,,,,,,,,,,,,,0.5,,2.0,0.5,,,2.0,1.0,0.0,0.0,2.0,1.0,0.5,0.714,0.0,0.0,2.0,2.0,0.0,0.0,3.0,0.0,1.0,0.0,1.0,0.0,0.0,0.0,0.0,0.0,0.0,0.75,0.0,2.0,4.0,0.0,0.0,0.0,0.0,0.0,0.0,0.089,0.574,0.248,55.0,0.663,83.0,1.0,1.0,,1.0,,,0.0,,2.0,0.0,1.0,0.75,0.0,0.0,3.0,0.0,0.5,0.0,0.0,0.0,0.0,0.0,,,0.0,4.0,0.0,,0.0,,,,0.0,2015,21400566,,5.0,11.0,0.455,0.406,0.049,,,,,,,,,,,,,,,,,,,,,,,,,,,,,,,20150112.0,2014-15,False,CHI,,,,,,,,,,,,,,,,,,,,,,,,,,,1.3,1.3,4.58,5.3,2.5,4.34,Elfrid,1.0,1.0,0.0,1.0,33.3,0.0,0.0,27.0,1.0,1.0,1.0,1.0,20.0,20.0,41.0,12.0,38.0,55.0,38.0,51.0,54.0,51.0,26.0,24.0,28.0,3.0,32.0,4.0,6.0,57.0,73.0,27.0,34.0,15.0,16.0,12.0,1.0,21.0,104.1,73.0,102.8,21.0,5.0,35.0,14.4,4.0,73.0,34.0,37.0,19.0,25.0,20.0,19.0,21.0,54.0,7.0,37.0,20.0,117.1,25.0,41.0,34.0,17.0,13.0,17.0,32.0,25.0,17.0,50.0,27.0,1.0,10.0,,,1.0,G,ORL,,,,,,,,,,,,,,,,,,,,,,,,,,,,,,,,,,,,,,,,,,,,,,,,,,,13445.0,100.0,,,,,,,,,,,,,,,1610612741.0,CHI,ORL,ORL,CHI,,,,,,,,,,,,,,,,,,,
203901,Elfrid Payton,1610612753,ORL,21.0,35.68333333333333,5,14,0.357,0,0,0.0,2,4,0.5,1,1,2,6,2,2,0,2,3,3,12,-5,81.83,3.0,0.214,0.381,8.3,73,0.213,-6.2,104.1,98.2,25.0,0.033,0.24,0.029,0.357,0.026,105.2,97.47,111.4,111.0,8.4,-6.8,0.041,57.0,0.14,68.0,0.105,14.0,1.0,8.0,1.0,16.0,0.0,5.0,0.0,1.0,9.0,0.294,0.059,6.0,17.0,1.0,2.0,0.353,0.059,0.222,1.0,0.5,2.0,0.0,0.158,2.0,5.34,5.76,76.0,3.0,0.0,0.0,25.0,6.8,1.333,9.0,2.8,1.0,0.125,0.222,0.0,0.0,1.0,4.3,0.2,1.4,1.0,1.0,1.0,1.0,1.0,0.5,1.0,0.0,1.0,0.111,0.0,1.0,10.0,0.0,,0.0,3.0,0.25,0.25,2.0,3.0,0.0,0.667,0.667,2.0,0.667,,5.0,0.0,0.0,0.0,0.2,1.0,0.2,5.0,1.0,0.417,0.2,0.417,0.0,0.25,3.0,3.0,1.0,0.333,0.0,,0.0,0.333,0.25,1.0,0.333,1.0,1.0,0.0,1.0,0.0,1.0,,1.0,0.083,1.0,1.0,0.083,0.0,0.333,,2.0,0.333,,,3.0,1.0,0.0,0.0,0.0,0.0,1.0,0.357,0.0,0.0,4.0,1.0,0.0,0.0,3.0,0.0,0.143,0.0,1.0,0.0,0.0,0.0,0.0,0.0,0.0,0.5,0.0,7.0,6.0,0.0,0.0,1.0,0.0,0.0,1.0,0.087,0.576,0.231,63.0,0.663,95.0,1.0,5.0,,0.0,,,0.0,,2.0,0.0,0.2,0.5,1.0,0.0,3.0,0.0,0.0,1.0,0.0,0.0,0.0,0.0,,,1.0,6.0,0.0,,0.0,,,,0.0,2015,21400670,,7.0,9.0,0.778,0.451,0.327,,,,,,,,,,,,,,,,,,,,,,,,,,,,,,,20150126.0,2014-15,False,MEM,,,,,,,,,,,,,,,,,,,,,,,,,,,1.4,1.3,4.54,5.07,2.7,4.09,Elfrid,1.0,0.0,1.0,0.0,27.4,0.0,0.0,24.0,1.0,57.0,57.0,57.0,7.0,25.0,9.0,63.0,37.0,63.0,37.0,23.0,20.0,40.0,29.0,69.0,59.0,5.0,17.0,10.0,39.0,89.0,77.0,19.0,32.0,74.0,29.0,10.0,1.0,32.0,98.2,43.0,111.0,19.0,5.0,56.0,-6.8,19.0,39.0,41.0,49.0,22.0,77.0,25.0,74.0,19.0,88.0,14.0,48.0,67.0,104.1,76.0,9.0,41.0,67.0,19.0,67.0,39.0,77.0,74.0,88.0,79.0,10.0,12.0,,,1.0,G,ORL,,,,,,,,,,,,,,,,,,,,,,,,,,,,,,,,,,,,,,,,,,,,,,,,,,,14405.0,94.0,,,,,,,,,,,,,,,1610612763.0,MEM,ORL,ORL,MEM,,,,,,,,,,,,,,,,,,,
203901,Elfrid Payton,1610612753,ORL,21.0,12.616666666666667,0,4,0.0,0,0,0.0,0,0,0.0,0,1,1,1,1,0,0,1,1,0,0,-12,80.85,1.0,0.185,0.0,16.7,26,0.195,-49.6,57.7,97.01,16.7,0.083,0.2,0.036,0.0,0.0,60.9,93.36,110.5,108.0,16.7,-50.3,-0.095,25.0,0.08,28.0,0.04,5.0,1.0,2.0,0.0,3.0,0.0,0.0,0.0,0.0,2.0,0.0,0.2,2.0,5.0,1.0,0.0,0.4,0.0,0.0,0.0,0.0,0.0,0.0,0.0,1.0,4.31,4.29,31.0,0.0,0.0,0.0,13.0,2.2,0.0,2.0,13.1,0.0,0.0,0.333,0.0,0.0,1.0,13.1,0.333,0.0,1.0,0.0,1.0,1.0,1.0,0.0,0.0,0.0,0.0,0.0,0.0,0.0,3.0,,,,,,,,,,,,,,,2.0,0.0,0.0,0.0,0.0,0.0,0.0,2.0,0.0,0.667,0.0,0.667,,,,,,,,,,,,,,0.0,0.0,0.0,1.0,0.0,0.0,,1.0,0.333,0.0,0.0,0.333,0.0,0.0,,0.0,0.0,,,1.0,0.0,0.0,0.0,0.0,0.0,0.0,0.0,0.0,0.0,0.0,0.0,0.0,0.0,0.0,0.0,0.0,0.0,1.0,0.0,,0.0,0.0,0.0,0.0,0.0,0.0,3.0,0.0,,0.0,0.0,0.0,,0.0,0.106,0.572,0.225,82.0,0.678,121.0,0.0,2.0,,0.0,,,0.0,,0.0,0.0,0.0,0.0,0.0,,0.0,0.0,0.0,0.0,,0.0,,0.0,,,1.0,1.0,0.0,,0.0,,,,0.0,2015,21400882,,1.0,2.0,0.5,0.388,0.113,,,,,,,,,,,,,,,,,,,,,,,,,,,,,,,20150301.0,2014-15,False,CHA,,,,,,,,,,,,,,,,,,,,,,,,,,,0.5,0.5,4.79,4.57,1.0,5.04,Elfrid,1.0,0.0,1.0,0.0,1.7,0.0,0.0,2.0,1.0,80.0,80.0,80.0,135.0,140.0,119.0,140.0,71.0,110.0,71.0,86.0,90.0,86.0,90.0,111.0,127.0,70.0,57.0,77.0,53.0,99.0,25.0,111.0,144.0,131.0,150.0,17.0,1.0,149.0,97.01,76.0,108.0,62.0,0.0,90.0,-50.3,51.0,79.0,151.0,115.0,123.0,103.0,140.0,144.0,62.0,95.0,4.0,115.0,152.0,57.7,108.0,119.0,151.0,151.0,31.0,151.0,150.0,103.0,140.0,121.0,150.0,38.0,0.0,,,,G,ORL,,,,,,,,,,,,,,,,,,,,,,,,,,,,,,,,,,,,,,,,,,,,,,,,,,,5045.0,95.0,,,,,,,,,,,,,,,1610612766.0,ORL,CHA,ORL,CHA,,,,,,,,,,,,,,,,,,,
203901,Elfrid Payton,1610612753,ORL,21.0,32.846666666666664,4,11,0.364,0,1,0.0,1,2,0.5,2,2,4,10,5,5,0,1,4,2,9,8,83.42,2.0,0.215,0.379,18.5,68,0.216,7.8,111.8,100.1,37.0,0.063,0.345,0.067,0.364,0.071,106.9,102.06,99.1,98.6,18.6,13.2,0.078,58.0,0.172,61.0,0.172,19.0,0.0,10.0,0.0,23.0,0.083,1.0,1.0,1.0,3.0,0.083,0.0,6.0,12.0,0.0,2.0,0.5,0.083,0.0,1.0,0.5,0.0,0.0,0.118,1.0,5.5,5.86,76.0,3.0,0.0,0.0,24.0,7.0,0.667,7.0,7.5,1.0,0.286,0.4,0.0,1.0,3.0,12.2,0.4,2.7,2.0,0.0,3.0,0.667,0.667,0.25,0.0,0.0,0.5,0.286,0.0,1.0,10.0,0.0,,0.0,2.0,0.2,0.2,1.0,2.0,0.0,0.5,0.5,1.0,0.5,,4.0,0.0,0.0,0.0,0.25,1.0,0.25,4.0,1.0,0.4,0.25,0.4,0.0,0.2,2.0,2.0,1.0,0.5,0.0,,0.0,0.5,0.2,1.0,0.5,1.0,0.5,0.0,1.0,1.0,0.5,0.0,2.0,0.1,1.0,1.0,0.2,0.1,0.5,0.0,2.0,0.5,,0.0,2.0,1.0,0.0,0.0,0.0,0.0,1.0,0.364,0.0,0.0,2.0,1.0,0.0,0.0,2.0,0.0,0.333,0.0,1.0,0.0,0.0,0.0,1.0,0.0,0.0,0.333,0.0,3.0,6.0,0.0,1.0,1.0,0.0,0.0,1.0,0.103,0.572,0.225,83.0,0.675,123.0,1.0,2.0,0.0,0.0,,,0.0,0.0,1.0,0.0,0.5,0.333,1.0,0.0,2.0,0.0,0.0,1.0,0.0,1.0,0.0,0.0,0.0,,1.0,6.0,0.0,0.0,1.0,0.0,1.0,0.0,0.0,2015,21400897,,3.0,9.0,0.333,0.425,-0.091,,,,,,,,,,,,,,,,,,,,,,,,,,,,,,,20150304.0,2014-15,False,PHX,,,,,,,,,,,,,,,,,,,,,,,,,,,1.3,1.1,4.4,4.81,2.4,4.0,Elfrid,1.0,0.0,1.0,0.0,38.8,0.0,0.0,33.0,1.0,140.0,140.0,140.0,58.0,92.0,67.0,159.0,100.0,131.0,100.0,114.0,85.0,112.0,32.0,137.0,101.0,8.0,4.0,1.0,79.0,179.0,224.0,77.0,112.0,61.0,30.0,27.0,2.0,40.0,100.1,90.0,98.6,76.0,4.0,62.0,13.2,20.0,92.0,70.0,211.0,63.0,133.0,92.0,190.0,76.0,199.0,11.0,211.0,101.0,111.8,140.0,67.0,70.0,77.0,26.0,77.0,98.0,133.0,177.0,151.0,141.0,41.0,9.0,,,1.0,G,ORL,,,,,,,,,,,,,,,,,,,,,,,,,,,,,,,,,,,,,,,,,,,,,,,,,,,12442.0,102.0,,,,,,,,,,,,,,,1610612756.0,ORL,PHX,ORL,PHX,,,,,,,,,,,,,,,,,,,
203901,Elfrid Payton,1610612753,ORL,21.0,18.633333333333333,1,2,0.5,0,1,0.0,0,0,0.0,0,1,1,3,2,0,0,0,3,2,2,4,78.35,1.5,0.103,0.5,28.6,36,0.1,10.1,119.4,94.03,42.9,0.056,0.176,0.03,0.5,0.0,115.6,95.52,105.5,105.4,28.6,14.0,0.0,34.0,0.147,35.0,0.088,3.0,0.0,5.0,2.0,6.0,0.2,2.0,1.0,0.0,1.0,0.4,0.0,3.0,5.0,0.0,0.0,0.6,0.0,1.0,0.0,0.0,1.0,0.0,0.05,0.0,5.69,6.05,40.0,0.0,0.0,0.0,9.0,3.8,0.0,1.0,18.4,1.0,0.0,0.5,1.0,0.0,1.0,18.4,0.5,0.0,0.0,0.0,0.0,1.0,1.0,1.0,0.0,0.0,0.0,0.0,1.0,0.0,2.0,,,,,,,,,,,,,,,1.0,0.0,0.0,0.0,1.0,1.0,1.0,1.0,1.0,0.5,1.0,0.5,,,,,,,,,,,,,,,0.0,0.0,0.0,1.0,0.0,0.0,1.0,0.0,0.0,0.0,0.5,0.5,,0.0,0.0,,,0.0,0.0,0.0,0.0,0.0,0.0,0.0,0.0,0.5,0.0,0.0,0.0,0.0,0.0,0.0,1.0,0.0,0.0,0.0,0.0,0.0,0.0,1.0,0.0,0.0,0.0,1.0,0.0,0.0,1.0,0.0,0.0,0.0,0.0,0.0,0.0,0.147,0.573,0.321,18.0,0.72,25.0,0.0,0.0,0.0,0.0,,,0.0,0.0,0.0,1.0,0.0,1.0,0.0,0.0,1.0,0.0,0.0,0.0,0.0,0.0,0.0,0.0,0.0,,0.0,1.0,0.0,0.0,1.0,0.0,1.0,0.0,0.0,2015,21400103,,3.0,5.0,0.6,0.408,0.192,,,,,,,,,,,,,,,,,,,,,,,,,,,,,,,20141111.0,2014-15,False,TOR,,,,,,,,,,,,,,,,,,,,,,,,,,,0.7,0.6,4.19,4.89,1.3,3.6,Elfrid,1.0,0.0,1.0,0.0,5.7,0.0,0.0,6.0,1.0,65.0,65.0,65.0,80.0,86.0,98.0,36.0,47.0,54.0,47.0,73.0,78.0,73.0,57.0,82.0,89.0,26.0,21.0,55.0,35.0,1.0,82.0,40.0,95.0,37.0,100.0,9.0,1.0,96.0,94.03,109.0,105.4,79.0,1.0,57.0,14.0,8.0,109.0,16.0,118.0,76.0,63.0,86.0,59.0,79.0,91.0,2.0,117.0,36.0,119.4,66.0,98.0,16.0,27.0,41.0,27.0,22.0,63.0,49.0,96.0,100.0,30.0,2.0,,,,G,ORL,,,,,,,,,,,,,,,,,,,,,,,,,,,,,,,,,,,,,,,,,,,,,,,,,,,6713.0,96.0,,,,,,,,,,,,,,,1610612761.0,TOR,ORL,ORL,TOR,,,,,,,,,,,,,,,,,,,
203901,Elfrid Payton,1610612753,ORL,21.0,38.11666666666667,6,10,0.6,0,0,0.0,3,4,0.75,0,2,2,6,5,1,1,2,1,4,15,-18,85.53,1.2,0.175,0.638,21.7,82,0.177,-25.8,98.8,102.63,26.1,0.057,0.231,0.027,0.6,0.0,96.5,103.82,122.3,122.2,22.0,-23.4,0.083,59.0,0.102,70.0,0.102,10.0,0.0,6.0,0.0,15.0,0.125,2.0,1.0,0.0,4.0,0.25,0.25,0.0,8.0,2.0,0.0,0.0,0.0,0.25,0.0,0.0,1.0,0.0,0.181,4.0,4.47,4.69,83.0,3.0,0.0,0.75,29.0,6.2,1.667,7.0,7.4,0.0,0.0,0.222,0.0,0.0,2.0,7.4,0.222,0.0,2.0,0.0,2.0,1.0,1.0,0.0,0.0,0.0,0.0,0.0,0.0,0.0,9.0,0.0,,0.0,2.0,0.25,0.25,2.0,2.0,0.0,1.0,1.0,2.0,1.0,,6.0,0.0,0.0,0.0,0.667,4.0,0.667,6.0,4.0,0.75,0.667,0.75,,,,,,,,,,,,,,,,,,,,,,,,,,,1.0,,2.0,1.0,,,1.0,1.0,0.0,0.0,3.0,1.0,1.0,0.6,0.0,0.0,5.0,1.0,0.0,0.0,5.0,0.0,0.5,0.0,0.0,0.0,0.0,0.0,0.0,0.0,0.0,0.625,0.0,2.0,8.0,0.0,0.0,0.0,0.0,0.0,0.0,0.085,0.575,0.229,64.0,0.66,97.0,0.0,1.0,,1.0,,,0.0,,1.0,0.0,0.0,0.625,0.0,0.0,5.0,0.0,1.0,0.0,0.0,0.0,0.0,0.0,,,0.0,8.0,0.0,,0.0,,,,0.0,2015,21400692,,5.0,12.0,0.417,0.429,-0.012,,,,,,,,,,,,,,,,,,,,,,,,,,,,,,,20150129.0,2014-15,False,MIL,,,,,,,,,,,,,,,,,,,,,,,,,,,1.6,1.4,4.74,5.19,3.0,4.32,Elfrid,1.0,0.0,1.0,0.0,27.4,0.0,0.0,27.0,1.0,43.0,43.0,43.0,8.0,14.0,24.0,13.0,28.0,54.0,28.0,12.0,10.0,24.0,45.0,42.0,51.0,3.0,1.0,11.0,13.0,81.0,23.0,5.0,19.0,80.0,21.0,7.0,1.0,17.0,102.63,54.0,122.2,24.0,6.0,45.0,-23.4,22.0,53.0,50.0,77.0,19.0,80.0,14.0,17.0,24.0,69.0,10.0,76.0,66.0,98.8,79.0,24.0,50.0,66.0,18.0,66.0,51.0,80.0,18.0,73.0,54.0,20.0,15.0,,,1.0,G,ORL,,,,,,,,,,,,,,,,,,,,,,,,,,,,,,,,,,,,,,,,,,,,,,,,,,,15592.0,104.0,,,,,,,,,,,,,,,1610612749.0,ORL,MIL,ORL,MIL,,,,,,,,,,,,,,,,,,,
203901,Elfrid Payton,1610612753,ORL,21.0,30.401666666666667,2,5,0.4,0,1,0.0,0,0,0.0,1,3,4,8,2,4,0,0,2,1,4,7,78.94,4.0,0.106,0.4,13.3,59,0.115,21.4,111.9,94.73,53.3,0.125,0.308,0.078,0.4,0.037,120.5,90.22,99.1,96.7,13.3,15.1,0.121,57.0,0.14,52.0,0.14,13.0,0.0,8.0,1.0,17.0,0.111,4.0,1.0,0.0,3.0,0.444,0.111,4.0,9.0,1.0,0.0,0.444,0.0,0.667,0.0,0.0,2.0,0.0,0.06,1.0,5.47,5.76,67.0,1.0,0.0,0.0,26.0,6.1,0.0,1.0,9.6,1.0,1.0,0.8,0.333,1.0,4.0,4.8,0.8,23.9,2.0,0.0,3.0,0.75,0.75,0.25,0.0,0.0,0.0,1.0,1.0,0.0,5.0,0.0,,0.0,3.0,0.6,0.6,2.0,3.0,0.0,0.667,0.667,2.0,0.667,,1.0,0.0,0.0,0.0,0.0,0.0,0.0,1.0,0.0,0.2,0.0,0.2,1.0,0.2,1.0,0.0,0.0,0.0,0.2,0.0,0.0,0.0,0.0,0.0,,,,,,,,,,,,,,,0.0,0.0,0.0,0.0,0.0,1.0,1.0,0.0,0.0,0.0,0.0,0.0,0.0,0.4,0.0,0.0,0.0,0.0,0.0,0.0,2.0,0.0,0.0,0.0,0.0,0.0,,1.0,0.0,0.0,0.0,1.0,0.0,2.0,2.0,,0.0,0.0,0.0,,0.0,0.096,0.575,0.283,51.0,0.671,76.0,0.0,1.0,,0.0,,,0.0,,1.0,0.0,0.0,1.0,0.0,,2.0,0.0,0.0,0.0,,1.0,,0.0,,,0.0,2.0,0.0,,0.0,,0.0,0.0,0.0,2015,21400462,,0.0,3.0,0.0,0.431,-0.431,,,,,,,,,,,,,,,,,,,,,,,,,,,,,,,20141229.0,2014-15,False,MIA,,,,,,,,,,,,,,,,,,,,,,,,,,,1.2,0.9,4.15,4.65,2.1,3.63,Elfrid,1.0,1.0,0.0,1.0,30.8,0.0,0.0,24.0,1.0,1.0,1.0,1.0,41.0,70.0,74.0,64.0,50.0,53.0,50.0,69.0,72.0,69.0,26.0,48.0,48.0,2.0,28.0,1.0,36.0,1.0,46.0,59.0,86.0,24.0,30.0,4.0,1.0,41.0,94.73,99.0,96.7,79.0,2.0,47.0,15.1,2.0,103.0,34.0,71.0,100.0,49.0,70.0,85.0,79.0,54.0,5.0,70.0,21.0,111.9,55.0,74.0,34.0,25.0,12.0,25.0,13.0,49.0,76.0,61.0,41.0,4.0,4.0,,,1.0,G,ORL,,,,,,,,,,,,,,,,,,,,,,,,,,,,,,,,,,,,,,,,,,,,,,,,,,,11013.0,89.0,,,,,,,,,,,,,,,1610612748.0,MIA,ORL,ORL,MIA,,,,,,,,,,,,,,,,,,,
203901,Elfrid Payton,1610612753,ORL,21.0,38.67333333333333,9,17,0.529,0,0,0.0,1,2,0.5,2,2,4,8,4,3,0,2,5,2,19,-15,88.95,2.0,0.227,0.531,13.3,86,0.225,-22.0,102.3,106.74,26.7,0.069,0.348,0.053,0.529,0.043,99.7,107.29,121.7,119.8,13.4,-17.4,0.096,74.0,0.135,88.0,0.108,22.0,2.0,10.0,0.0,24.0,0.0,12.0,0.0,0.0,13.0,0.444,0.074,12.0,27.0,2.0,0.0,0.444,0.0,0.462,0.0,0.0,6.0,1.0,0.19,1.0,4.83,4.96,100.0,5.0,0.0,0.0,32.0,8.1,0.8,7.0,7.5,2.0,0.333,0.364,0.0,0.0,5.0,11.0,0.333,3.9,2.0,1.0,2.0,0.4,0.4,0.5,1.0,0.0,1.0,0.286,0.0,2.0,12.0,0.0,,0.0,5.0,0.333,0.333,2.0,5.0,0.0,0.4,0.4,2.0,0.4,,7.0,0.0,0.0,0.0,0.714,5.0,0.714,7.0,5.0,0.467,0.714,0.467,0.0,0.067,1.0,1.0,0.0,0.0,0.0,,0.0,0.0,0.067,0.0,0.0,1.0,1.0,0.0,2.0,0.0,1.0,,2.0,0.133,2.0,2.0,0.133,0.0,0.5,,2.0,0.5,,,2.0,1.0,0.0,0.0,0.0,0.0,1.0,0.529,0.0,0.0,4.0,2.0,0.0,0.0,5.0,0.0,0.333,0.0,2.0,0.0,0.0,0.0,0.0,0.0,0.0,0.556,0.0,6.0,9.0,0.0,0.0,2.0,0.0,0.0,1.0,0.099,0.575,0.241,60.0,0.674,89.0,1.0,4.0,,2.0,0.0,0.0,0.0,,3.0,0.0,0.25,0.556,1.0,0.0,5.0,0.0,0.667,1.0,0.0,0.0,0.0,0.0,,0.0,1.0,9.0,0.0,,0.0,,,,0.0,2015,21400609,,4.0,11.0,0.364,0.462,-0.099,,,,,,,,,,,,,,,,,,,,,,,,,,,,,,,20150118.0,2014-15,False,OKC,,,,,,,,,,,,,,,,,,,,,,,,,,,1.6,1.4,4.66,5.01,3.0,4.32,Elfrid,1.0,0.0,1.0,0.0,40.8,0.0,0.0,37.0,1.0,36.0,36.0,36.0,1.0,2.0,4.0,18.0,26.0,40.0,26.0,28.0,22.0,25.0,9.0,31.0,22.0,2.0,2.0,1.0,22.0,62.0,66.0,20.0,6.0,61.0,3.0,5.0,1.0,4.0,106.74,22.0,119.8,16.0,9.0,26.0,-17.4,14.0,21.0,22.0,48.0,15.0,64.0,2.0,28.0,16.0,50.0,17.0,48.0,50.0,102.3,64.0,4.0,22.0,49.0,9.0,49.0,30.0,64.0,23.0,46.0,30.0,9.0,19.0,,,1.0,G,ORL,,,,,,,,,,,,,,,,,,,,,,,,,,,,,,,,,,,,,,,,,,,,,,,,,,,15949.0,106.0,,,,,,,,,,,,,,,1610612760.0,ORL,OKC,ORL,OKC,,,,,,,,,,,,,,,,,,,
203901,Elfrid Payton,1610612753,ORL,21.0,31.883333333333333,5,13,0.385,0,0,0.0,4,6,0.667,2,1,3,6,2,1,1,1,3,4,14,-16,75.9,3.0,0.243,0.448,8.3,60,0.245,-25.4,106.7,91.08,25.0,0.036,0.3,0.047,0.385,0.056,104.8,92.17,130.3,131.1,8.5,-24.5,0.064,49.0,0.163,64.0,0.122,10.0,2.0,8.0,0.0,16.0,0.15,12.0,3.0,3.0,9.0,0.6,0.1,2.0,20.0,2.0,6.0,0.1,0.15,0.444,4.0,0.667,4.0,0.0,0.2,1.0,5.73,6.04,70.0,3.0,0.0,0.0,26.0,6.7,0.667,5.0,12.7,1.0,0.4,0.429,0.0,1.0,3.0,12.1,0.375,13.0,1.0,1.0,2.0,0.5,0.333,0.333,0.0,1.0,0.5,0.4,0.0,1.0,8.0,0.0,,0.0,4.0,0.333,0.333,4.0,4.0,0.0,1.0,1.0,4.0,1.0,,7.0,0.0,0.0,0.0,0.143,1.0,0.143,7.0,1.0,0.583,0.143,0.583,0.0,0.083,1.0,1.0,0.0,0.0,0.0,,0.0,0.0,0.083,0.0,0.0,,,,,,,,,,,,,,0.0,,0.0,0.0,,,2.0,0.0,0.0,0.0,0.0,0.0,0.5,0.385,0.0,0.0,2.0,3.0,0.0,0.0,2.0,0.0,0.5,0.0,2.0,0.0,0.0,0.0,0.0,0.0,0.0,0.4,0.0,6.0,5.0,0.0,0.0,0.0,0.0,0.0,0.0,0.092,0.575,0.23,88.0,0.667,132.0,2.0,3.0,,0.0,0.0,0.0,0.0,,3.0,0.0,0.667,0.429,0.0,0.0,3.0,0.0,0.0,0.0,0.0,0.0,0.0,0.0,,0.0,0.0,7.0,0.0,,0.0,,,,0.0,2015,21400946,,2.0,12.0,0.167,0.476,-0.309,,,,,,,,,,,,,,,,,,,,,,,,,,,,,,,20150310.0,2014-15,False,IND,,,,,,,,,,,,,,,,,,,,,,,,,,,1.2,1.1,4.34,4.76,2.3,3.96,Elfrid,1.0,0.0,1.0,0.0,30.6,0.0,0.0,27.0,1.0,69.0,69.0,69.0,21.0,33.0,24.0,73.0,46.0,80.0,46.0,13.0,11.0,46.0,17.0,80.0,54.0,7.0,14.0,20.0,13.0,92.0,97.0,13.0,34.0,124.0,30.0,13.0,1.0,34.0,91.08,31.0,131.1,113.0,5.0,49.0,-24.5,38.0,28.0,65.0,81.0,89.0,115.0,33.0,83.0,113.0,107.0,13.0,77.0,102.0,106.7,115.0,24.0,65.0,100.0,17.0,100.0,73.0,115.0,82.0,89.0,86.0,16.0,14.0,,,1.0,G,ORL,,,,,,,,,,,,,,,,,,,,,,,,,,,,,,,,,,,,,,,,,,,,,,,,,,,12179.0,91.0,,,,,,,,,,,,,,,1610612754.0,IND,ORL,ORL,IND,,,,,,,,,,,,,,,,,,,
203901,Elfrid Payton,1610612753,ORL,21.0,18.03333333333333,2,7,0.286,1,2,0.5,1,2,0.5,0,1,1,3,2,0,0,1,0,2,6,-15,76.52,1.5,0.233,0.381,15.4,34,0.229,-45.9,67.6,91.83,23.1,0.053,0.429,0.023,0.357,0.0,63.5,94.39,109.4,108.6,15.5,-40.9,0.048,33.0,0.091,38.0,0.091,6.0,0.0,3.0,0.0,6.0,0.111,3.0,1.0,1.0,3.0,0.333,0.111,3.0,9.0,1.0,2.0,0.333,0.111,0.333,1.0,0.5,1.0,0.0,0.13,1.0,4.34,4.59,46.0,0.0,0.0,0.0,18.0,3.3,0.0,4.0,1.5,0.0,0.0,0.167,0.0,0.0,3.0,1.5,0.143,0.0,1.0,1.0,1.0,0.333,0.333,0.0,1.0,0.0,0.0,0.0,0.0,0.0,7.0,1.0,1.0,1.0,1.0,0.333,0.167,0.0,2.0,0.167,0.5,0.0,1.0,0.75,0.0,4.0,0.0,1.0,0.167,0.25,1.0,0.333,3.0,1.0,0.667,0.25,0.5,,,,,,,,,,,,,,,,,,,,,,,,,,,0.0,0.0,0.0,0.0,0.0,1.0,2.0,0.0,3.0,1.0,0.0,0.0,0.0,0.357,0.0,0.0,0.0,1.0,0.0,0.5,0.0,1.0,0.5,0.0,3.0,0.0,0.0,2.0,0.0,0.0,0.0,0.0,0.0,2.0,0.0,0.0,0.0,0.0,0.0,0.0,0.0,0.209,0.56,0.307,30.0,0.769,39.0,1.0,3.0,0.0,0.0,,,0.0,0.0,1.0,0.0,0.333,0.0,0.0,0.0,0.0,1.0,0.0,0.0,0.0,1.0,0.0,0.0,1.0,,1.0,0.0,1.0,1.5,1.0,1.0,1.0,1.0,1.0,2015,21400199,,5.0,7.0,0.714,0.325,0.389,,,,,,,,,,,,,,,,,,,,,,,,,,,,,,,20141124.0,2014-15,False,CLE,,,,,,,,,,,,,,,,,,,,,,,,,,,0.8,0.6,4.32,4.98,1.3,4.29,Elfrid,1.0,0.0,1.0,0.0,9.7,0.0,0.0,11.0,1.0,71.0,71.0,71.0,96.0,81.0,64.0,110.0,29.0,59.0,16.0,51.0,42.0,55.0,73.0,92.0,102.0,34.0,22.0,76.0,48.0,98.0,1.0,43.0,83.0,134.0,110.0,12.0,1.0,97.0,91.83,41.0,108.6,101.0,2.0,73.0,-40.9,45.0,37.0,139.0,107.0,73.0,87.0,81.0,106.0,101.0,112.0,7.0,106.0,137.0,67.6,95.0,64.0,139.0,135.0,4.0,135.0,142.0,87.0,103.0,119.0,101.0,30.0,6.0,,,1.0,G,ORL,,,,,,,,,,,,,,,,,,,,,,,,,,,,,,,,,,,,,,,,,,,,,,,,,,,7001.0,89.0,,,,,,,,,,,,,,,1610612739.0,CLE,ORL,ORL,CLE,,,,,,,,,,,,,,,,,,,
203901,Elfrid Payton,1610612753,ORL,21.0,31.866666666666667,3,14,0.214,0,0,0.0,3,7,0.429,3,3,6,7,2,3,1,5,2,5,9,-2,76.57,3.5,0.279,0.263,7.7,61,0.285,-2.8,90.2,91.88,26.9,0.1,0.368,0.087,0.214,0.077,91.9,90.38,94.7,93.4,7.7,-3.3,0.052,57.0,0.123,64.0,0.123,14.0,0.0,7.0,0.0,17.0,0.056,4.0,1.0,2.0,6.0,0.222,0.111,7.0,18.0,2.0,4.0,0.389,0.111,0.167,2.0,0.5,1.0,0.0,0.111,1.0,6.2,6.49,81.0,4.0,0.0,0.0,29.0,8.4,0.25,10.0,4.3,5.0,0.333,0.5,0.667,0.0,3.0,4.6,0.462,3.9,1.0,1.0,1.0,1.0,1.0,0.833,1.0,0.0,1.0,0.3,2.0,3.0,13.0,0.0,,0.0,1.0,0.111,0.111,0.0,1.0,0.0,0.0,0.0,0.0,0.0,,4.0,0.0,0.0,0.0,0.5,2.0,0.5,4.0,2.0,0.444,0.5,0.444,0.0,0.222,2.0,2.0,1.0,0.5,0.0,,0.0,0.5,0.222,1.0,0.5,0.0,0.0,0.0,2.0,0.0,0.0,,2.0,0.222,0.0,0.0,0.222,0.0,0.2,,2.0,0.2,,,5.0,1.0,0.0,0.0,0.0,0.0,0.0,0.214,0.0,0.0,1.0,0.0,0.0,0.0,2.0,0.0,0.0,,5.0,0.0,0.0,0.0,0.0,,,0.286,0.0,2.0,7.0,0.0,0.0,1.0,0.0,0.0,0.2,0.138,0.577,0.333,10.0,0.714,14.0,0.0,1.0,,1.0,0.0,0.0,0.0,,3.0,0.0,0.0,0.25,0.0,0.0,2.0,0.0,0.333,0.0,0.0,2.0,0.0,0.0,,0.0,0.0,8.0,0.0,,0.0,,,,0.0,2015,21400053,,7.0,12.0,0.583,0.427,0.156,,,,,,,,,,,,,,,,,,,,,,,,,,,,,,,20141104.0,2014-15,False,CHI,,,,,,,,,,,,,,,,,,,,,,,,,,,1.2,1.0,4.15,4.66,2.2,3.66,Elfrid,1.0,0.0,1.0,0.0,36.7,0.0,0.0,30.0,1.0,86.0,86.0,86.0,32.0,72.0,19.0,131.0,66.0,104.0,66.0,26.0,12.0,90.0,9.0,60.0,42.0,6.0,29.0,1.0,19.0,167.0,62.0,14.0,69.0,91.0,17.0,13.0,1.0,29.0,91.88,26.0,93.4,90.0,3.0,34.0,-3.3,32.0,24.0,126.0,79.0,109.0,44.0,72.0,133.0,90.0,89.0,14.0,79.0,84.0,90.2,48.0,19.0,126.0,84.0,11.0,84.0,118.0,44.0,133.0,75.0,108.0,9.0,9.0,,,1.0,G,ORL,,,,,,,,,,,,,,,,,,,,,,,,,,,,,,,,,,,,,,,,,,,,,,,,,,,11563.0,91.0,,,,,,,,,,,,,,,1610612741.0,CHI,ORL,ORL,CHI,,,,,,,,,,,,,,,,,,,
203901,Elfrid Payton,1610612753,ORL,21.0,22.65833333333333,0,2,0.0,0,0,0.0,2,4,0.5,1,2,3,7,6,0,0,0,4,2,2,-21,83.85,1.17,0.196,0.266,35.3,47,0.194,-39.3,89.4,100.63,41.2,0.1,0.438,0.079,0.0,0.056,86.8,104.18,126.1,131.3,35.8,-41.9,-0.028,46.0,0.174,46.0,0.152,13.0,0.0,8.0,1.0,16.0,0.25,1.0,3.0,1.0,2.0,0.083,0.167,4.0,12.0,2.0,2.0,0.333,0.083,0.0,1.0,0.5,0.0,0.0,0.034,1.0,5.63,5.9,58.0,1.0,0.0,0.0,17.0,5.4,0.0,5.0,9.8,2.0,0.2,0.429,1.0,1.0,3.0,7.4,0.375,14.6,0.0,1.0,1.0,1.0,0.667,0.667,0.0,1.0,0.0,0.2,2.0,0.0,8.0,,,,,,,,,,,,,,,2.0,0.0,0.0,0.0,0.0,0.0,0.0,2.0,0.0,1.0,0.0,1.0,,,,,,,,,,,,,,,,,,,,,,,,,,,,,0.0,,,,0.0,0.0,0.0,0.0,0.0,0.0,0.0,0.0,0.0,0.0,0.0,0.0,0.0,0.0,0.0,0.0,0.0,0.0,0.0,0.0,0.0,0.0,0.0,0.0,0.0,0.0,0.0,0.0,2.0,0.0,0.0,0.0,0.0,0.0,0.0,0.092,0.575,0.375,4.0,0.667,6.0,0.0,0.0,,0.0,,,0.0,,0.0,0.0,0.0,0.0,0.0,0.0,0.0,0.0,0.0,0.0,0.0,0.0,0.0,0.0,,,0.0,2.0,0.0,,0.0,,,,0.0,2015,21400016,,5.0,8.0,0.625,0.44,0.185,,,,,,,,,,,,,,,,,,,,,,,,,,,,,,,20141030.0,2014-15,False,WAS,,,,,,,,,,,,,,,,,,,,,,,,,,,0.9,0.8,4.52,4.94,1.7,4.11,Elfrid,1.0,0.0,1.0,0.0,10.1,0.0,0.0,12.0,1.0,58.0,58.0,58.0,54.0,86.0,83.0,86.0,44.0,64.0,44.0,27.0,16.0,51.0,28.0,48.0,47.0,3.0,2.0,45.0,19.0,1.0,85.0,37.0,81.0,108.0,73.0,9.0,1.0,63.0,100.63,44.0,131.3,15.0,0.0,30.0,-41.9,6.0,42.0,86.0,103.0,7.0,102.0,86.0,89.0,15.0,57.0,2.0,103.0,100.0,89.4,93.0,83.0,86.0,102.0,6.0,102.0,94.0,102.0,86.0,49.0,98.0,30.0,2.0,,,,G,ORL,,,,,,,,,,,,,,,,,,,,,,,,,,,,,,,,,,,,,,,,,,,,,,,,,,,8765.0,95.0,,,,,,,,,,,,,,,1610612764.0,ORL,WAS,ORL,WAS,,,,,,,,,,,,,,,,,,,
203901,Elfrid Payton,1610612753,ORL,21.0,40.23333333333333,4,9,0.444,0,1,0.0,2,2,1.0,1,5,6,10,4,4,0,1,2,3,10,13,79.54,2.5,0.139,0.506,16.7,81,0.14,15.1,107.4,95.44,41.7,0.156,0.313,0.077,0.444,0.022,107.2,96.33,92.1,93.7,16.8,13.7,0.143,84.0,0.143,94.0,0.119,18.0,0.0,12.0,2.0,24.0,0.118,6.0,2.0,1.0,6.0,0.353,0.176,3.0,17.0,3.0,2.0,0.176,0.059,0.333,2.0,1.0,2.0,0.0,0.095,1.0,5.57,5.43,105.0,3.0,0.0,0.0,31.0,9.7,0.667,1.0,6.7,2.0,1.0,0.6,0.2,0.0,10.0,7.5,0.545,2.3,4.0,1.0,4.0,0.556,0.5,0.333,0.0,1.0,1.0,1.0,1.0,1.0,11.0,0.0,,0.0,1.0,0.125,0.125,0.0,1.0,0.0,0.0,0.0,0.0,0.0,0.0,5.0,0.0,1.0,0.125,0.6,3.0,0.75,4.0,3.0,0.625,0.6,0.5,0.0,0.125,1.0,1.0,1.0,1.0,0.0,,0.0,1.0,0.125,1.0,1.0,0.0,0.0,0.0,1.0,0.0,0.0,,1.0,0.125,0.0,0.0,0.125,0.0,0.0,0.0,0.0,0.0,0.0,1.0,2.0,0.0,0.0,0.0,0.0,0.0,1.0,0.444,0.0,0.0,2.0,1.0,0.0,0.0,3.0,0.0,0.5,0.0,2.0,0.0,0.0,1.0,0.0,0.0,0.0,0.75,0.0,2.0,4.0,0.0,0.0,0.0,0.0,0.0,0.0,0.081,0.576,0.244,115.0,0.657,175.0,1.0,3.0,,0.0,,,0.0,,0.0,1.0,0.333,0.75,0.0,0.0,3.0,0.0,0.0,0.0,0.0,0.0,0.0,0.0,,,1.0,4.0,0.0,,0.0,,0.0,0.0,0.0,2015,21401133,,6.0,13.0,0.462,0.428,0.033,,,,,,,,,,,,,,,,,,,,,,,,,,,,,,,20150403.0,2014-15,False,MIN,,,,,,,,,,,,,,,,,,,,,,,,,,,1.6,1.3,4.33,4.45,2.9,4.21,Elfrid,1.0,1.0,0.0,1.0,40.2,1.0,0.0,34.0,1.0,1.0,1.0,1.0,6.0,71.0,72.0,90.0,72.0,97.0,72.0,45.0,54.0,1.0,58.0,34.0,44.0,4.0,10.0,2.0,74.0,138.0,104.0,35.0,77.0,24.0,15.0,1.0,2.0,24.0,95.44,160.0,93.7,108.0,4.0,106.0,13.7,12.0,156.0,66.0,156.0,90.0,70.0,71.0,96.0,108.0,71.0,9.0,150.0,56.0,107.4,60.0,72.0,66.0,56.0,22.0,56.0,72.0,70.0,97.0,106.0,57.0,22.0,10.0,,,1.0,G,ORL,,,,,,,,,,,,,,,,,,,,,,,,,,,,,,,,,,,,,,,,,,,,,,,,,,,15174.0,96.0,,,,,,,,,,,,,,,1610612750.0,MIN,ORL,ORL,MIN,,,,,,,,,,,,,,,,,,,
203901,Elfrid Payton,1610612753,ORL,21.0,28.65,1,5,0.2,0,0,0.0,0,0,0.0,0,0,0,6,5,2,0,1,2,1,2,-5,76.79,1.2,0.169,0.2,31.3,55,0.171,-9.6,105.5,92.15,37.5,0.0,0.273,0.0,0.2,0.0,104.3,92.88,114.0,114.5,31.3,-9.1,-0.01,60.0,0.1,64.0,0.1,8.0,0.0,6.0,0.0,14.0,0.4,0.0,4.0,0.0,1.0,0.0,0.1,4.0,10.0,1.0,0.0,0.4,0.0,0.0,0.0,0.0,0.0,0.0,0.028,1.0,5.56,5.64,72.0,2.0,0.0,0.0,22.0,6.7,0.0,,,,,,,,,,,,,,,,,,,,,,,,,,,,,,,,,,,,,,,3.0,0.0,0.0,0.0,0.333,1.0,0.333,3.0,1.0,0.75,0.333,0.75,,,,,,,,,,,,,,0.0,0.0,0.0,1.0,0.0,0.0,,1.0,0.25,0.0,0.0,0.25,0.0,0.0,,0.0,0.0,,,2.0,0.0,0.0,0.0,0.0,0.0,0.0,0.2,0.0,0.0,0.0,0.0,0.0,0.0,1.0,0.0,0.0,0.0,2.0,0.0,0.0,0.0,0.0,0.0,0.0,0.333,0.0,0.0,3.0,0.0,0.0,0.0,0.0,0.0,0.0,0.147,0.573,0.342,18.0,0.72,25.0,0.0,0.0,,0.0,,,0.0,,0.0,0.0,0.0,0.333,0.0,0.0,1.0,0.0,0.0,0.0,0.0,0.0,0.0,0.0,,,2.0,3.0,0.0,,0.0,,,,0.0,2015,21400090,,6.0,10.0,0.6,0.424,0.176,,,,,,,,,,,,,,,,,,,,,,,,,,,,,,,20141109.0,2014-15,False,BKN,,,,,,,,,,,,,,,,,,,,,,,,,,,1.1,0.9,4.2,4.56,2.0,3.82,Elfrid,1.0,0.0,1.0,0.0,12.0,0.0,0.0,12.0,1.0,85.0,85.0,85.0,63.0,121.0,96.0,139.0,62.0,103.0,62.0,99.0,107.0,99.0,85.0,140.0,144.0,12.0,3.0,8.0,43.0,116.0,70.0,89.0,134.0,109.0,108.0,12.0,1.0,104.0,92.15,104.0,114.5,132.0,1.0,85.0,-9.1,13.0,103.0,78.0,155.0,121.0,129.0,121.0,144.0,132.0,140.0,5.0,155.0,106.0,105.5,127.0,96.0,78.0,103.0,26.0,103.0,79.0,129.0,140.0,144.0,145.0,46.0,2.0,,,,G,ORL,,,,,,,,,,,,,,,,,,,,,,,,,,,,,,,,,,,,,,,,,,,,,,,,,,,10646.0,92.0,,,,,,,,,,,,,,,1610612751.0,BKN,ORL,ORL,BKN,,,,,,,,,,,,,,,,,,,
203901,Elfrid Payton,1610612753,ORL,21.0,33.97,5,9,0.556,0,1,0.0,0,0,0.0,1,3,4,7,3,2,1,2,4,1,10,-11,78.89,2.33,0.164,0.556,15.8,66,0.164,-18.9,106.1,94.67,36.8,0.1,0.28,0.063,0.556,0.029,101.3,96.4,120.2,119.1,15.8,-13.1,0.083,60.0,0.117,61.0,0.117,15.0,0.0,7.0,0.0,15.0,0.0,8.0,0.0,0.0,5.0,0.571,0.143,7.0,14.0,2.0,0.0,0.5,0.0,0.8,0.0,0.0,4.0,0.0,0.135,0.0,5.84,5.99,74.0,1.0,0.0,0.0,18.0,7.2,0.0,3.0,7.0,1.0,0.333,0.5,0.0,0.0,6.0,8.4,0.444,2.8,3.0,1.0,3.0,0.6,0.5,0.25,0.0,1.0,1.0,0.333,0.0,1.0,9.0,0.0,,0.0,1.0,0.143,0.143,1.0,1.0,0.0,1.0,1.0,1.0,1.0,,5.0,0.0,0.0,0.0,0.8,4.0,0.8,5.0,4.0,0.714,0.8,0.714,1.0,0.143,1.0,0.0,0.0,0.0,0.143,0.0,0.0,0.0,0.0,0.0,,,,,,,,,,,,,,,1.0,0.0,2.0,1.0,,0.0,1.0,1.0,0.0,0.0,0.0,0.0,0.0,0.556,0.0,0.0,0.0,2.0,0.0,0.0,2.0,0.0,0.667,0.0,1.0,0.0,0.0,1.0,0.0,0.0,0.0,0.5,0.0,3.0,4.0,0.0,0.0,1.0,0.0,0.0,1.0,0.093,0.574,0.238,100.0,0.667,150.0,1.0,2.0,0.0,0.0,,,0.0,0.0,0.0,0.0,0.5,0.6,0.0,0.0,3.0,1.0,0.0,0.0,0.0,2.0,0.0,0.0,0.0,,0.0,5.0,0.5,0.0,1.0,0.0,1.0,0.0,0.0,2015,21401002,,7.0,14.0,0.5,0.407,0.093,,,,,,,,,,,,,,,,,,,,,,,,,,,,,,,20150317.0,2014-15,False,HOU,,,,,,,,,,,,,,,,,,,,,,,,,,,1.3,1.3,4.42,4.86,2.5,4.36,Elfrid,1.0,0.0,1.0,0.0,31.3,0.0,0.0,27.0,1.0,50.0,50.0,50.0,27.0,27.0,44.0,14.0,40.0,48.0,40.0,59.0,63.0,59.0,24.0,44.0,43.0,5.0,6.0,6.0,17.0,83.0,79.0,51.0,47.0,88.0,28.0,15.0,1.0,34.0,94.67,67.0,119.1,39.0,5.0,42.0,-13.1,5.0,65.0,32.0,81.0,31.0,86.0,27.0,30.0,39.0,54.0,9.0,81.0,72.0,106.1,87.0,44.0,32.0,64.0,15.0,64.0,45.0,86.0,22.0,54.0,54.0,15.0,10.0,,,1.0,G,ORL,,,,,,,,,,,,,,,,,,,,,,,,,,,,,,,,,,,,,,,,,,,,,,,,,,,13381.0,93.0,,,,,,,,,,,,,,,1610612745.0,HOU,ORL,ORL,HOU,,,,,,,,,,,,,,,,,,,
203901,Elfrid Payton,1610612753,ORL,21.0,30.766666666666666,2,8,0.25,0,0,0.0,0,0,0.0,3,2,5,7,2,1,0,5,5,0,4,1,75.41,3.5,0.147,0.25,11.8,58,0.148,5.2,98.3,90.49,41.2,0.044,0.35,0.065,0.25,0.094,97.6,92.83,92.4,96.6,11.8,1.7,0.027,62.0,0.113,65.0,0.113,12.0,0.0,7.0,0.0,18.0,0.0,2.0,0.0,0.0,5.0,0.182,0.091,5.0,11.0,1.0,0.0,0.455,0.0,0.2,0.0,0.0,1.0,0.0,0.056,0.0,5.5,6.01,72.0,2.0,0.0,0.0,25.0,6.6,1.0,7.0,14.5,1.0,0.5,0.556,0.5,3.0,5.0,8.1,0.417,18.7,1.0,3.0,4.0,0.667,0.4,0.2,1.0,2.0,0.0,0.429,1.0,0.0,12.0,0.0,,0.0,1.0,0.333,0.333,1.0,1.0,0.0,1.0,1.0,1.0,1.0,,1.0,0.0,0.0,0.0,1.0,1.0,1.0,1.0,1.0,0.333,1.0,0.333,0.0,0.333,1.0,1.0,0.0,0.0,0.0,,0.0,0.0,0.333,0.0,0.0,,,,,,,,,,,,,,0.0,,0.0,0.0,,,1.0,0.0,0.0,0.0,0.0,0.0,0.5,0.25,0.0,0.0,2.0,0.0,0.0,0.0,2.0,0.0,0.0,0.0,1.0,0.0,0.0,0.0,0.0,0.0,0.0,0.333,0.0,1.0,6.0,0.0,0.0,0.0,0.0,0.0,0.0,-0.054,0.554,0.5,2.0,0.5,4.0,0.0,0.0,,0.0,,,0.0,,1.0,0.0,0.0,0.286,0.0,0.0,2.0,0.0,0.0,0.0,0.0,0.0,0.0,0.0,,,0.0,7.0,0.0,,0.0,,,,0.0,2015,21400001,,3.0,8.0,0.375,0.449,-0.074,,,,,,,,,,,,,,,,,,,,,,,,,,,,,,,20141028.0,2014-15,False,NOP,,,,,,,,,,,,,,,,,,,,,,,,,,,1.2,0.9,4.1,4.47,2.1,3.69,Elfrid,1.0,0.0,1.0,0.0,21.5,0.0,0.0,18.0,1.0,33.0,33.0,33.0,15.0,31.0,22.0,45.0,24.0,39.0,24.0,38.0,42.0,38.0,8.0,25.0,17.0,1.0,12.0,12.0,18.0,65.0,59.0,51.0,43.0,27.0,25.0,7.0,1.0,31.0,90.49,50.0,96.6,48.0,2.0,15.0,1.7,2.0,49.0,43.0,37.0,42.0,19.0,31.0,53.0,48.0,48.0,8.0,37.0,26.0,98.3,15.0,22.0,43.0,31.0,5.0,31.0,41.0,19.0,46.0,32.0,47.0,3.0,4.0,,,1.0,G,ORL,,,,,,,,,,,,,,,,,,,,,,,,,,,,,,,,,,,,,,,,,,,,,,,,,,,11049.0,95.0,,,,,,,,,,,,,,,1610612740.0,NOP,ORL,ORL,NOP,,,,,,,,,,,,,,,,,,,
203901,Elfrid Payton,1610612753,ORL,21.0,41.66833333333334,7,16,0.438,0,1,0.0,5,6,0.833,1,9,10,7,3,1,0,1,5,6,19,16,80.16,2.33,0.212,0.51,10.7,83,0.218,16.3,110.8,96.19,25.0,0.17,0.259,0.101,0.438,0.022,109.3,95.57,93.0,90.5,10.5,20.4,0.135,65.0,0.108,74.0,0.108,14.0,0.0,7.0,0.0,16.0,0.0,10.0,0.0,0.0,9.0,0.455,0.091,10.0,22.0,2.0,0.0,0.455,0.0,0.556,0.0,0.0,5.0,0.0,0.209,0.0,5.37,5.58,91.0,3.0,0.0,0.0,33.0,8.1,0.0,6.0,5.6,2.0,0.2,0.625,0.111,0.0,11.0,5.5,0.588,5.6,8.0,1.0,8.0,0.818,0.818,0.2,1.0,0.0,1.0,0.167,1.0,1.0,17.0,0.0,,0.0,1.0,0.067,0.067,0.0,1.0,0.0,0.0,0.0,0.0,0.0,,10.0,0.0,0.0,0.0,0.5,5.0,0.5,10.0,5.0,0.667,0.5,0.667,1.0,0.267,4.0,3.0,2.0,0.5,0.067,0.0,0.0,0.5,0.2,2.0,0.667,,,,,,,,,,,,,,0.5,0.0,2.0,0.5,,0.0,2.0,1.0,0.0,0.0,0.0,0.0,0.0,0.438,0.0,0.0,0.0,4.0,0.0,0.0,2.0,0.0,0.571,0.0,2.0,0.0,0.0,0.0,1.0,0.0,1.0,0.333,0.0,7.0,6.0,0.0,0.0,1.0,0.0,0.0,0.5,0.1,0.575,0.229,87.0,0.674,129.0,4.0,7.0,,0.0,,,0.0,,0.0,0.0,0.571,0.333,1.0,0.0,2.0,0.0,0.0,0.5,0.0,1.0,0.0,0.0,,,2.0,6.0,0.0,0.0,1.0,0.0,1.0,0.0,0.0,2015,21400935,,5.0,11.0,0.455,0.437,0.018,,,,,,,,,,,,,,,,,,,,,,,,,,,,,,,20150308.0,2014-15,False,BOS,,,,,,,,,,,,,,,,,,,,,,,,,,,1.5,1.5,4.33,4.47,3.0,4.2,Elfrid,1.0,1.0,0.0,1.0,41.5,1.0,0.0,38.0,1.0,1.0,1.0,1.0,3.0,22.0,11.0,77.0,64.0,71.0,64.0,11.0,10.0,35.0,37.0,3.0,10.0,9.0,12.0,34.0,47.0,98.0,139.0,5.0,23.0,6.0,16.0,1.0,2.0,14.0,96.19,48.0,90.5,59.0,7.0,69.0,20.4,37.0,47.0,49.0,88.0,84.0,14.0,22.0,81.0,59.0,38.0,16.0,88.0,29.0,110.8,17.0,11.0,49.0,21.0,23.0,21.0,52.0,14.0,93.0,51.0,35.0,21.0,19.0,,,1.0,G,ORL,,,,,,,,,,,,,,,,,,,,,,,,,,,,,,,,,,,,,,,,,,,,,,,,,,,15828.0,95.0,,,,,,,,,,,,,,,1610612738.0,ORL,BOS,ORL,BOS,,,,,,,,,,,,,,,,,,,
203901,Elfrid Payton,1610612753,ORL,21.0,36.91666666666666,3,7,0.429,0,0,0.0,1,4,0.25,0,1,1,9,0,2,1,0,0,3,7,5,74.22,0.0,0.107,0.4,0.0,68,0.105,2.9,104.4,89.07,50.0,0.027,0.375,0.012,0.429,0.0,97.2,92.97,94.3,95.7,0.0,8.8,0.114,63.0,0.175,63.0,0.143,22.0,2.0,11.0,0.0,26.0,0.0,7.0,0.0,2.0,7.0,0.389,0.167,6.0,18.0,3.0,4.0,0.333,0.111,0.429,1.0,0.25,3.0,0.0,0.096,1.0,5.28,5.48,73.0,0.0,0.0,0.0,22.0,6.4,0.0,2.0,1.7,0.0,0.0,0.5,0.0,0.0,1.0,1.7,0.333,0.0,1.0,1.0,1.0,1.0,1.0,0.0,1.0,0.0,0.0,0.0,0.0,0.0,3.0,0.0,,0.0,5.0,0.714,0.714,2.0,5.0,0.0,0.4,0.4,2.0,0.4,,1.0,0.0,0.0,0.0,0.0,0.0,0.0,1.0,0.0,0.143,0.0,0.143,0.0,0.143,1.0,1.0,1.0,1.0,0.0,,0.0,1.0,0.143,1.0,1.0,,,,,,,,,,,,,,0.5,,2.0,0.5,,,2.0,1.0,0.0,0.0,0.0,0.0,0.0,0.429,0.0,0.0,0.0,3.0,0.0,0.0,0.0,0.0,0.5,0.0,0.0,0.0,0.0,0.0,0.0,0.0,0.0,0.0,0.0,6.0,1.0,0.0,0.0,0.0,0.0,0.0,0.0,0.07,0.575,0.249,125.0,0.644,194.0,2.0,3.0,,1.0,0.0,0.0,0.0,,3.0,0.0,0.667,0.0,0.0,0.0,0.0,0.0,0.333,0.0,0.0,0.0,0.0,0.0,,0.0,0.0,1.0,0.0,,0.0,,,,0.0,2015,21401187,,4.0,8.0,0.5,0.428,0.072,,,,,,,,,,,,,,,,,,,,,,,,,,,,,,,20150411.0,2014-15,False,NYK,,,,,,,,,,,,,,,,,,,,,,,,,,,1.3,1.3,4.23,4.63,2.6,3.9,Elfrid,1.0,0.0,1.0,0.0,30.7,0.0,0.0,23.0,1.0,61.0,61.0,61.0,18.0,53.0,58.0,48.0,52.0,78.0,52.0,56.0,30.0,66.0,64.0,91.0,97.0,2.0,72.0,11.0,9.0,1.0,1.0,30.0,65.0,32.0,31.0,11.0,1.0,40.0,89.07,95.0,95.7,107.0,3.0,64.0,8.8,3.0,93.0,56.0,1.0,93.0,42.0,53.0,77.0,107.0,106.0,7.0,1.0,47.0,104.4,41.0,58.0,56.0,37.0,8.0,37.0,72.0,42.0,61.0,110.0,47.0,57.0,7.0,,,1.0,G,ORL,,,,,,,,,,,,,,,,,,,,,,,,,,,,,,,,,,,,,,,,,,,,,,,,,,,13787.0,90.0,,,,,,,,,,,,,,,1610612752.0,ORL,NYK,ORL,NYK,,,,,,,,,,,,,,,,,,,
203901,Elfrid Payton,1610612753,ORL,21.0,22.515,4,6,0.667,0,0,0.0,1,4,0.25,0,3,3,4,3,5,0,0,4,3,9,1,74.62,1.33,0.224,0.58,20.0,42,0.225,3.4,114.3,89.54,26.7,0.15,0.308,0.081,0.667,0.0,117.3,87.62,113.9,111.9,20.3,2.4,0.131,29.0,0.172,32.0,0.138,5.0,0.0,5.0,1.0,8.0,0.2,6.0,1.0,0.0,4.0,1.2,0.0,0.0,5.0,0.0,0.0,0.0,0.0,0.75,0.0,0.0,3.0,0.0,0.205,0.0,6.11,6.64,44.0,0.0,0.0,0.0,9.0,4.5,0.0,2.0,8.5,2.0,0.0,0.5,0.667,0.0,4.0,8.5,0.5,0.0,1.0,0.0,1.0,0.75,0.75,0.667,0.0,0.0,0.0,0.0,2.0,0.0,6.0,,,,,,,,,,,,,,,6.0,0.0,0.0,0.0,0.667,4.0,0.667,6.0,4.0,1.0,0.667,1.0,,,,,,,,,,,,,,,,,,,,,,,,,,,,,0.0,,,,0.0,0.0,0.0,0.0,0.0,0.0,0.0,0.667,0.0,0.0,0.0,1.0,0.0,0.0,3.0,0.0,1.0,0.0,0.0,0.0,0.0,0.0,0.0,0.0,0.0,0.6,0.0,1.0,5.0,0.0,0.0,0.0,0.0,0.0,0.0,0.194,0.563,0.308,28.0,0.757,37.0,0.0,0.0,,0.0,,,0.0,,0.0,0.0,0.0,0.667,0.0,0.0,4.0,0.0,0.0,0.0,0.0,0.0,0.0,0.0,,,0.0,6.0,0.0,,0.0,,,,0.0,2015,21400185,,5.0,8.0,0.625,0.416,0.209,,,,,,,,,,,,,,,,,,,,,,,,,,,,,,,20141122.0,2014-15,False,MIA,,,,,,,,,,,,,,,,,,,,,,,,,,,0.7,0.8,4.0,4.39,1.5,3.71,Elfrid,1.0,0.0,1.0,0.0,30.6,0.0,0.0,26.0,1.0,98.0,98.0,98.0,102.0,57.0,99.0,21.0,69.0,118.0,69.0,84.0,26.0,110.0,101.0,68.0,89.0,23.0,17.0,1.0,59.0,1.0,161.0,39.0,72.0,74.0,35.0,18.0,1.0,46.0,89.54,59.0,111.9,162.0,4.0,101.0,2.4,31.0,54.0,44.0,157.0,170.0,133.0,57.0,69.0,162.0,68.0,6.0,153.0,78.0,114.3,147.0,99.0,44.0,79.0,25.0,79.0,33.0,133.0,33.0,91.0,58.0,43.0,9.0,,,,G,ORL,,,,,,,,,,,,,,,,,,,,,,,,,,,,,,,,,,,,,,,,,,,,,,,,,,,8158.0,87.0,,,,,,,,,,,,,,,1610612748.0,ORL,MIA,ORL,MIA,,,,,,,,,,,,,,,,,,,
203901,Elfrid Payton,1610612753,ORL,21.0,35.583333333333336,7,15,0.467,0,0,0.0,0,0,0.0,4,3,7,7,1,4,1,1,3,1,14,-2,78.13,7.0,0.19,0.467,4.3,70,0.195,-1.0,101.4,93.75,30.4,0.079,0.292,0.088,0.467,0.095,104.3,92.7,105.2,105.8,4.3,-4.4,0.137,60.0,0.133,62.0,0.117,14.0,0.0,8.0,1.0,14.0,0.0,6.0,0.0,0.0,5.0,0.429,0.071,8.0,14.0,1.0,0.0,0.571,0.0,0.6,0.0,0.0,3.0,1.0,0.182,0.0,5.35,5.62,77.0,3.0,0.0,0.0,20.0,6.9,0.667,8.0,7.0,3.0,0.5,0.467,0.0,1.0,8.0,6.2,0.438,7.6,3.0,1.0,4.0,0.429,0.375,0.429,0.0,1.0,0.75,0.5,0.0,3.0,16.0,0.0,,0.0,4.0,0.286,0.286,3.0,4.0,0.0,0.75,0.75,3.0,0.75,,8.0,0.0,0.0,0.0,0.375,3.0,0.375,8.0,3.0,0.571,0.375,0.571,0.0,0.071,1.0,1.0,0.0,0.0,0.0,,0.0,0.0,0.071,0.0,0.0,1.0,1.0,0.0,1.0,0.0,1.0,,1.0,0.071,1.0,1.0,0.071,0.0,,,0.0,,,,0.0,0.0,0.0,0.0,0.0,0.0,0.333,0.467,0.0,0.0,2.0,1.0,0.0,0.0,6.0,0.0,0.333,0.0,0.0,0.0,,0.0,0.0,0.0,0.0,0.5,0.0,3.0,12.0,,0.0,0.0,0.0,,0.0,0.083,0.576,0.245,114.0,0.659,173.0,1.0,3.0,,0.0,0.0,0.0,0.0,,0.0,0.0,0.333,0.5,0.0,,6.0,0.0,0.0,0.0,,0.0,,0.0,,0.0,0.0,12.0,0.0,,0.0,,,,0.0,2015,21401113,,4.0,13.0,0.308,0.488,-0.18,,,,,,,,,,,,,,,,,,,,,,,,,,,,,,,20150401.0,2014-15,False,SAS,,,,,,,,,,,,,,,,,,,,,,,,,,,1.3,1.4,4.57,4.72,2.7,4.43,Elfrid,1.0,0.0,1.0,0.0,46.9,0.0,0.0,38.0,1.0,132.0,132.0,132.0,27.0,35.0,27.0,113.0,109.0,167.0,109.0,133.0,141.0,133.0,8.0,91.0,36.0,13.0,67.0,1.0,22.0,178.0,178.0,119.0,61.0,137.0,11.0,21.0,4.0,20.0,93.75,121.0,105.8,156.0,7.0,46.0,-4.4,38.0,121.0,159.0,106.0,181.0,120.0,35.0,150.0,156.0,170.0,15.0,105.0,123.0,101.4,120.0,27.0,159.0,136.0,33.0,136.0,137.0,120.0,136.0,108.0,67.0,6.0,14.0,,,1.0,G,ORL,,,,,,,,,,,,,,,,,,,,,,,,,,,,,,,,,,,,,,,,,,,,,,,,,,,14418.0,95.0,,,,,,,,,,,,,,,1610612759.0,ORL,SAS,ORL,SAS,,,,,,,,,,,,,,,,,,,
203901,Elfrid Payton,1610612753,ORL,21.0,25.2,3,7,0.429,0,1,0.0,2,2,1.0,2,3,5,6,3,1,0,1,2,2,8,6,79.37,2.0,0.196,0.508,17.6,50,0.203,16.2,114.0,95.24,35.3,0.103,0.3,0.098,0.429,0.091,117.5,94.17,101.3,102.0,17.8,12.0,0.115,39.0,0.154,42.0,0.154,7.0,0.0,6.0,0.0,14.0,0.091,6.0,1.0,1.0,4.0,0.545,0.273,2.0,11.0,3.0,2.0,0.182,0.091,0.5,2.0,1.0,2.0,0.0,0.154,0.0,4.88,4.85,52.0,1.0,0.0,0.0,24.0,4.2,0.0,3.0,10.7,2.0,1.0,1.0,0.333,1.0,3.0,9.6,0.833,12.3,2.0,1.0,3.0,1.0,1.0,0.4,1.0,0.0,0.5,0.667,1.0,1.0,6.0,0.0,,0.0,4.0,0.667,0.667,3.0,4.0,0.0,0.75,0.75,3.0,0.75,0.0,2.0,0.0,1.0,0.167,0.0,0.0,0.0,1.0,0.0,0.333,0.0,0.167,,,,,,,,,,,,,,,,,,,,,,,,,,,0.0,0.0,0.0,0.0,0.0,1.0,2.0,0.0,0.0,0.0,0.0,0.0,0.0,0.429,0.0,0.0,0.0,1.0,0.0,0.0,2.0,0.0,0.333,0.0,1.0,0.0,0.0,1.0,0.0,0.0,0.0,1.0,0.0,3.0,2.0,0.0,0.0,0.0,0.0,0.0,0.0,0.159,0.571,0.273,35.0,0.729,48.0,1.0,2.0,0.0,0.0,,,0.0,0.0,1.0,0.0,0.5,1.0,0.0,0.0,2.0,0.0,0.0,0.0,0.0,1.0,0.0,0.0,0.0,,1.0,2.0,0.0,,0.0,,0.0,0.0,0.0,2015,21400292,,3.0,4.0,0.75,0.442,0.308,,,,,,,,,,,,,,,,,,,,,,,,,,,,,,,20141206.0,2014-15,False,SAC,,,,,,,,,,,,,,,,,,,,,,,,,,,0.9,0.8,4.29,4.36,1.8,3.77,Elfrid,1.0,1.0,0.0,1.0,23.0,0.0,0.0,21.0,1.0,1.0,1.0,1.0,59.0,55.0,61.0,59.0,52.0,63.0,52.0,43.0,47.0,1.0,21.0,44.0,40.0,9.0,10.0,29.0,36.0,87.0,48.0,49.0,64.0,31.0,53.0,11.0,1.0,53.0,95.24,56.0,102.0,71.0,3.0,26.0,12.0,9.0,63.0,44.0,103.0,79.0,49.0,55.0,67.0,71.0,68.0,7.0,103.0,31.0,114.0,54.0,61.0,44.0,38.0,16.0,38.0,36.0,49.0,68.0,40.0,45.0,24.0,8.0,,,1.0,G,ORL,,,,,,,,,,,,,,,,,,,,,,,,,,,,,,,,,,,,,,,,,,,,,,,,,,,9322.0,90.0,,,,,,,,,,,,,,,1610612758.0,SAC,ORL,ORL,SAC,,,,,,,,,,,,,,,,,,,
203901,Elfrid Payton,1610612753,ORL,22.0,36.79,5,11,0.455,2,4,0.5,2,2,1.0,1,2,3,5,0,1,0,1,5,1,14,-7,83.72,0.0,0.136,0.589,0.0,76,0.14,-8.6,110.5,100.46,29.4,0.053,0.227,0.038,0.545,0.025,109.3,100.54,117.8,116.7,0.0,-6.1,0.083,71.0,0.113,79.0,0.07,12.0,2.0,8.0,0.0,16.0,0.0,2.0,0.0,0.0,4.0,0.25,0.125,3.0,8.0,1.0,0.0,0.375,0.0,0.25,0.0,0.0,1.0,0.0,0.165,0.0,4.83,5.21,85.0,0.0,0.0,0.0,33.0,6.8,0.0,3.0,12.1,0.0,0.333,0.3,0.0,1.0,8.0,9.0,0.273,18.3,2.0,1.0,3.0,0.286,0.25,0.0,0.0,1.0,0.0,0.333,0.0,0.0,11.0,0.0,,0.0,2.0,0.2,0.2,1.0,2.0,0.0,0.5,0.5,1.0,0.5,,3.0,0.0,0.0,0.0,0.667,2.0,0.667,3.0,2.0,0.3,0.667,0.3,,,,,,,,,,,,,,0.0,0.4,2.0,1.0,4.0,0.6,0.5,5.0,0.1,2.0,0.0,0.5,0.4,0.667,1.0,5.0,0.833,1.0,1.0,3.0,2.0,3.0,0.333,0.0,0.0,0.0,0.545,0.0,0.0,0.0,0.0,1.0,0.333,2.0,1.0,0.0,0.0,2.0,1.0,0.0,3.0,1.0,0.0,0.0,0.5,1.0,1.0,4.0,0.0,1.0,1.0,1.0,0.0,0.5,0.178,0.622,0.238,4.0,0.8,5.0,0.0,1.0,0.0,0.0,0.0,0.0,0.0,0.0,0.0,2.0,0.0,0.5,1.0,0.0,2.0,2.0,0.0,1.0,0.0,3.0,0.0,0.0,0.0,0.0,1.0,4.0,0.667,0.5,3.0,0.333,3.0,1.0,1.0,2016,21500022,,6.0,13.0,0.462,0.451,0.011,,,,,,,,,,,,,,,,,,,,,,,,,,,,,,,20151030.0,2015-16,False,OKC,,,,,,,,,,,,,,,,,,,,,,,,,,,1.6,1.3,4.75,5.35,2.9,4.18,Elfrid,1.0,0.0,1.0,0.0,28.1,0.0,0.0,26.0,1.0,140.0,140.0,140.0,17.0,52.0,63.0,110.0,17.0,40.0,28.0,72.0,90.0,1.0,61.0,142.0,133.0,20.0,187.0,51.0,87.0,176.0,251.0,139.0,57.0,209.0,69.0,21.0,2.0,66.0,100.46,197.0,116.7,150.0,5.0,121.0,-6.1,40.0,197.0,64.0,1.0,160.0,225.0,52.0,88.0,150.0,219.0,11.0,1.0,171.0,110.5,235.0,63.0,64.0,160.0,61.0,160.0,66.0,225.0,80.0,210.0,143.0,137.0,14.0,,,1.0,G,ORL,,,,,,,,,,,,,,,,,,,,,,,,,,,,,,,,,,,,,,,,,,,,,,,,,,,15180.0,125.0,,,,,,,,,,,,,,,1610612760.0,ORL,OKC,ORL,OKC,,,,,,,,,,,,,,,,,,,
203901,Elfrid Payton,1610612753,ORL,22.0,22.446666666666665,2,7,0.286,0,2,0.0,0,0,0.0,0,1,1,3,3,0,1,1,5,0,4,-11,83.75,1.0,0.192,0.286,23.1,46,0.191,-22.3,89.1,100.5,23.1,0.04,0.176,0.02,0.286,0.0,84.9,103.54,107.2,108.3,23.1,-19.2,-0.052,45.0,0.089,53.0,0.067,9.0,0.0,4.0,1.0,7.0,0.0,0.0,0.0,0.0,0.0,0.0,0.0,4.0,4.0,0.0,0.0,1.0,0.0,0.0,0.0,0.0,0.0,0.0,0.071,0.0,3.84,4.07,56.0,0.0,0.0,0.0,23.0,3.6,0.0,1.0,20.5,1.0,0.0,0.143,1.0,0.0,7.0,20.5,0.125,0.0,0.0,1.0,0.0,0.167,0.143,1.0,0.0,1.0,0.0,0.0,1.0,0.0,8.0,,,,,,,,,,,,,,,1.0,0.0,0.0,0.0,1.0,1.0,1.0,1.0,1.0,0.167,1.0,0.167,1.0,0.333,2.0,1.0,1.0,0.5,0.167,0.0,0.0,0.5,0.167,1.0,1.0,0.0,0.0,0.0,2.0,1.0,0.0,0.0,3.0,0.333,0.0,0.0,0.5,0.167,0.333,0.0,2.0,0.333,0.0,1.0,3.0,1.0,0.0,0.0,0.0,0.0,0.0,0.286,0.0,0.0,0.0,0.0,0.0,0.0,1.0,0.0,0.0,0.0,2.0,0.0,,2.0,0.0,0.0,0.0,0.5,0.0,1.0,2.0,,0.0,1.0,0.0,,0.5,0.032,0.593,0.276,5.0,0.625,8.0,0.0,0.0,0.0,0.0,0.0,0.0,0.0,0.0,1.0,2.0,0.0,0.5,1.0,0.0,1.0,0.0,0.0,1.0,0.0,1.0,0.0,0.0,0.0,0.0,1.0,2.0,0.0,0.0,2.0,0.0,1.0,0.0,0.0,2016,21500043,,2.0,8.0,0.25,0.422,-0.172,,,,,,,,,,,,,,,,,,,,,,,,,,,,,,,20151101.0,2015-16,False,CHI,,,,,,,,,,,,,,,,,,,,,,,,,,,0.9,0.9,4.83,4.83,1.8,4.84,Elfrid,1.0,0.0,1.0,0.0,9.7,0.0,0.0,10.0,1.0,79.0,79.0,79.0,81.0,94.0,77.0,107.0,69.0,64.0,69.0,76.0,82.0,76.0,81.0,100.0,117.0,34.0,9.0,71.0,26.0,90.0,149.0,109.0,108.0,133.0,118.0,9.0,1.0,116.0,100.5,75.0,108.3,54.0,2.0,81.0,-19.2,42.0,71.0,99.0,130.0,33.0,117.0,94.0,120.0,54.0,118.0,7.0,130.0,125.0,89.1,115.0,77.0,99.0,122.0,54.0,122.0,111.0,117.0,111.0,132.0,141.0,45.0,4.0,,,,G,ORL,,,,,,,,,,,,,,,,,,,,,,,,,,,,,,,,,,,,,,,,,,,,,,,,,,,9443.0,99.0,,,,,,,,,,,,,,,1610612741.0,CHI,ORL,ORL,CHI,,,,,,,,,,,,,,,,,,,
203901,Elfrid Payton,1610612753,ORL,22.0,29.466666666666665,4,12,0.333,0,2,0.0,0,0,0.0,2,2,4,10,5,1,0,2,2,2,8,4,86.88,2.0,0.243,0.333,18.5,64,0.243,7.5,89.1,104.25,37.0,0.05,0.526,0.056,0.333,0.063,87.6,106.89,80.1,82.8,18.5,6.3,0.068,66.0,0.167,77.0,0.152,22.0,1.0,11.0,0.0,24.0,0.154,4.0,2.0,0.0,5.0,0.308,0.0,6.0,13.0,0.0,0.0,0.462,0.0,0.4,0.0,0.0,2.0,0.0,0.093,1.0,4.52,4.9,86.0,4.0,0.0,0.0,37.0,6.5,0.5,6.0,11.6,1.0,0.333,0.444,0.0,1.0,3.0,5.7,0.444,17.5,2.0,0.0,3.0,0.667,0.667,0.25,0.0,0.0,0.5,0.333,0.0,1.0,9.0,0.0,,0.0,2.0,0.2,0.2,1.0,2.0,0.0,0.5,0.5,1.0,0.5,0.0,3.0,0.0,1.0,0.1,0.333,1.0,0.5,2.0,1.0,0.3,0.333,0.2,1.0,0.4,4.0,3.0,2.0,0.5,0.1,0.0,0.0,0.5,0.3,2.0,0.667,0.0,0.0,0.0,1.0,0.0,0.0,,1.0,0.1,0.0,0.0,0.1,0.0,0.0,0.0,0.0,0.0,,0.0,2.0,0.0,0.0,0.0,0.0,0.0,1.0,0.333,0.0,0.0,2.0,0.0,0.0,0.0,4.0,0.0,0.0,0.0,2.0,0.0,,2.0,0.0,0.0,0.0,0.571,0.0,1.0,7.0,,0.0,0.0,0.0,,0.0,0.091,0.609,0.263,7.0,0.7,10.0,0.0,1.0,,0.0,0.0,0.0,0.0,,0.0,2.0,0.0,0.571,0.0,,4.0,0.0,0.0,0.0,,0.0,,0.0,,0.0,2.0,7.0,0.0,0.0,2.0,0.0,2.0,0.0,0.0,2016,21500056,,5.0,9.0,0.556,0.448,0.108,,,,,,,,,,,,,,,,,,,,,,,,,,,,,,,20151103.0,2015-16,False,NOP,,,,,,,,,,,,,,,,,,,,,,,,,,,1.4,1.1,4.92,5.42,2.4,4.78,Elfrid,1.0,1.0,0.0,1.0,25.8,0.0,0.0,24.0,1.0,1.0,1.0,1.0,41.0,42.0,29.0,90.0,56.0,59.0,56.0,81.0,87.0,81.0,19.0,75.0,57.0,1.0,3.0,26.0,43.0,140.0,71.0,42.0,71.0,52.0,50.0,13.0,1.0,49.0,104.25,40.0,82.8,29.0,4.0,38.0,6.3,6.0,39.0,116.0,121.0,18.0,24.0,42.0,115.0,30.0,120.0,12.0,122.0,62.0,89.1,22.0,29.0,116.0,61.0,4.0,61.0,121.0,24.0,98.0,105.0,94.0,21.0,8.0,,,1.0,G,ORL,,,,,,,,,,,,,,,,,,,,,,,,,,,,,,,,,,,,,,,,,,,,,,,,,,,12834.0,103.0,,,,,,,,,,,,,,,1610612740.0,NOP,ORL,ORL,NOP,,,,,,,,,,,,,,,,,,,
203901,Elfrid Payton,1610612753,ORL,22.0,29.18166666666667,2,8,0.25,1,1,1.0,0,0,0.0,1,1,2,7,3,2,1,0,4,1,5,-13,77.45,2.33,0.172,0.313,16.7,56,0.175,-21.7,92.9,92.94,38.9,0.043,0.35,0.038,0.313,0.033,93.1,92.47,114.8,114.0,16.7,-21.2,0.031,61.0,0.115,65.0,0.115,19.0,0.0,7.0,0.0,14.0,0.0,2.0,0.0,0.0,3.0,0.143,0.214,8.0,14.0,3.0,0.0,0.571,0.0,0.333,0.0,0.0,1.0,0.0,0.069,0.0,5.02,5.19,72.0,0.0,0.0,0.0,32.0,6.0,0.0,0.0,15.0,0.0,0.0,1.0,0.0,1.0,2.0,6.6,1.0,23.4,1.0,0.0,2.0,0.5,0.5,0.0,0.0,0.0,0.0,0.0,0.0,0.0,2.0,,,,,,,,,,,,,,,4.0,0.0,0.0,0.0,0.25,1.0,0.25,4.0,1.0,0.5,0.25,0.5,1.0,0.5,4.0,3.0,0.0,0.375,0.125,1.0,1.0,0.25,0.375,1.0,0.0,,,,,,,,,,,,,,0.0,0.0,0.0,0.0,,0.0,3.0,0.0,3.0,0.5,0.0,0.0,0.0,0.313,0.0,0.0,0.0,1.0,1.0,0.0,0.0,0.0,0.333,0.0,4.0,1.0,,0.0,1.0,0.0,0.0,0.0,1.0,3.0,0.0,,1.0,0.0,1.0,,0.0,0.079,0.613,0.265,9.0,0.692,13.0,1.0,3.0,,0.0,0.0,0.0,0.0,,0.0,0.0,0.333,0.0,0.0,,0.0,1.0,0.0,0.0,,2.0,,0.0,,0.0,3.0,0.0,0.5,0.75,2.0,1.0,1.0,1.0,1.0,2016,21500064,,5.0,11.0,0.455,0.437,0.017,,,,,,,,,,,,,,,,,,,,,,,,,,,,,,,20151104.0,2015-16,False,HOU,,,,,,,,,,,,,,,,,,,,,,,,,,,1.3,1.1,4.96,5.31,2.4,4.6,Elfrid,1.0,0.0,1.0,0.0,23.9,0.0,0.0,21.0,1.0,105.0,105.0,105.0,67.0,121.0,84.0,172.0,40.0,104.0,1.0,111.0,120.0,111.0,56.0,144.0,127.0,8.0,20.0,18.0,26.0,1.0,183.0,99.0,138.0,200.0,80.0,17.0,1.0,86.0,92.94,116.0,114.0,183.0,2.0,88.0,-21.2,15.0,113.0,151.0,156.0,189.0,174.0,121.0,173.0,183.0,166.0,8.0,154.0,176.0,92.9,183.0,84.0,151.0,173.0,16.0,173.0,142.0,174.0,167.0,161.0,168.0,35.0,5.0,,,,G,ORL,,,,,,,,,,,,,,,,,,,,,,,,,,,,,,,,,,,,,,,,,,,,,,,,,,,12431.0,104.0,,,,,,,,,,,,,,,1610612745.0,HOU,ORL,ORL,HOU,,,,,,,,,,,,,,,,,,,
203901,Elfrid Payton,1610612753,ORL,22.0,15.133333333333333,0,4,0.0,0,1,0.0,0,0,0.0,1,1,2,2,2,0,0,0,2,0,0,-17,76.65,1.0,0.167,0.0,25.0,29,0.169,-51.2,69.0,91.98,25.0,0.063,0.286,0.056,0.0,0.05,61.5,103.65,112.7,127.6,25.0,-58.6,-0.114,32.0,0.094,29.0,0.063,6.0,1.0,3.0,0.0,6.0,0.0,0.0,0.0,0.0,2.0,0.0,0.0,5.0,7.0,0.0,0.0,0.714,0.0,0.0,0.0,0.0,0.0,0.0,0.0,0.0,4.23,4.22,36.0,0.0,0.0,0.0,14.0,2.5,0.0,1.0,14.5,1.0,1.0,0.4,0.0,0.0,5.0,13.8,0.333,15.1,1.0,1.0,1.0,0.25,0.2,0.5,0.0,1.0,1.0,1.0,0.0,1.0,6.0,0.0,,0.0,1.0,0.25,0.25,0.0,1.0,0.0,0.0,0.0,0.0,0.0,,1.0,0.0,0.0,0.0,0.0,0.0,0.0,1.0,0.0,0.25,0.0,0.25,0.0,0.25,1.0,1.0,0.0,0.0,0.0,,0.0,0.0,0.25,0.0,0.0,,0.0,0.0,0.0,1.0,0.0,0.0,1.0,0.0,0.0,0.0,0.25,0.25,0.0,0.0,0.0,0.0,,0.0,2.0,0.0,0.0,0.0,0.0,0.0,0.0,0.0,0.0,0.0,0.0,0.0,0.0,0.0,0.0,0.0,0.0,,1.0,0.0,0.0,1.0,0.0,,,0.0,0.0,1.0,1.0,0.0,0.0,0.0,0.0,0.0,0.0,0.007,0.604,0.321,11.0,0.611,18.0,0.0,1.0,,0.0,,,0.0,,0.0,1.0,0.0,0.0,0.0,0.0,0.0,0.0,0.0,0.0,0.0,0.0,0.0,0.0,,,1.0,1.0,0.0,0.0,1.0,0.0,1.0,0.0,0.0,2016,21500075,,3.0,7.0,0.429,0.466,-0.038,,,,,,,,,,,,,,,,,,,,,,,,,,,,,,,20151106.0,2015-16,False,TOR,,,,,,,,,,,,,,,,,,,,,,,,,,,0.6,0.6,4.77,5.38,1.2,4.28,Elfrid,1.0,1.0,0.0,1.0,3.4,0.0,0.0,4.0,1.0,1.0,1.0,1.0,159.0,190.0,141.0,190.0,93.0,122.0,93.0,120.0,126.0,120.0,59.0,140.0,122.0,63.0,41.0,107.0,62.0,1.0,86.0,165.0,193.0,200.0,192.0,17.0,1.0,187.0,91.98,128.0,127.6,180.0,0.0,73.0,-58.6,43.0,123.0,197.0,187.0,88.0,190.0,190.0,193.0,180.0,155.0,4.0,186.0,198.0,69.0,158.0,141.0,197.0,202.0,31.0,202.0,203.0,190.0,190.0,144.0,206.0,58.0,0.0,,,1.0,G,ORL,,,,,,,,,,,,,,,,,,,,,,,,,,,,,,,,,,,,,,,,,,,,,,,,,,,6224.0,87.0,,,,,,,,,,,,,,,1610612761.0,ORL,TOR,ORL,TOR,,,,,,,,,,,,,,,,,,,
203901,Elfrid Payton,1610612753,ORL,22.0,40.865,11,23,0.478,0,0,0.0,2,5,0.4,2,5,7,6,1,4,0,2,2,4,24,12,76.35,6.0,0.26,0.476,3.2,77,0.267,10.8,106.5,91.62,19.4,0.122,0.273,0.073,0.478,0.036,100.0,94.32,89.1,88.6,3.1,17.9,0.186,75.0,0.08,86.0,0.08,13.0,0.0,6.0,0.0,14.0,0.0,11.0,0.0,0.0,9.0,0.733,0.0,6.0,15.0,0.0,0.0,0.4,0.0,0.556,0.0,0.0,5.0,0.0,0.238,5.0,5.02,4.77,101.0,4.0,0.0,1.0,42.0,8.5,1.0,6.0,7.8,1.0,0.333,0.583,0.0,1.0,7.0,7.2,0.538,9.5,5.0,1.0,6.0,0.833,0.714,0.143,0.0,1.0,0.5,0.333,0.0,1.0,13.0,0.0,,0.0,5.0,0.238,0.238,3.0,5.0,0.0,0.6,0.6,3.0,0.6,,11.0,0.0,0.0,0.0,0.455,5.0,0.455,11.0,5.0,0.524,0.455,0.524,0.0,0.19,4.0,4.0,3.0,0.75,0.0,,0.0,0.75,0.19,3.0,0.75,0.0,0.0,0.0,1.0,0.0,0.0,,1.0,0.048,0.0,0.0,0.048,0.0,0.333,,4.0,0.333,,,6.0,2.0,0.0,0.0,5.0,0.667,0.667,0.478,0.0,0.0,4.0,4.0,0.0,0.0,6.0,0.0,0.5,0.0,6.0,0.0,0.0,0.0,0.0,0.0,0.0,0.667,0.0,8.0,9.0,0.0,0.0,1.0,0.0,0.0,0.167,0.024,0.587,0.267,22.0,0.611,36.0,2.0,6.0,0.0,1.0,0.0,0.0,0.0,0.0,1.0,0.0,0.333,0.7,1.0,0.0,7.0,0.0,1.0,0.25,0.0,2.0,0.0,0.0,0.0,0.0,4.0,10.0,0.0,0.0,1.0,,,,0.0,2016,21500166,,3.0,12.0,0.25,0.4,-0.15,,,,,,,,,,,,,,,,,,,,,,,,,,,,,,,20151118.0,2015-16,False,MIN,,,,,,,,,,,,,,,,,,,,,,,,,,,1.7,1.4,4.57,5.08,3.1,4.06,Elfrid,1.0,1.0,0.0,1.0,52.4,0.0,0.0,45.0,1.0,1.0,1.0,1.0,6.0,4.0,5.0,83.0,85.0,137.0,85.0,55.0,27.0,109.0,31.0,40.0,37.0,12.0,82.0,2.0,70.0,177.0,94.0,20.0,10.0,18.0,6.0,17.0,2.0,7.0,91.62,34.0,88.6,191.0,11.0,91.0,17.9,68.0,35.0,75.0,61.0,162.0,36.0,4.0,125.0,191.0,109.0,23.0,61.0,57.0,106.5,37.0,5.0,75.0,38.0,31.0,38.0,111.0,36.0,105.0,111.0,20.0,1.0,24.0,,,1.0,G,ORL,,,,,,,,,,,,,,,,,,,,,,,,,,,,,,,,,,,,,,,,,,,,,,,,,,,16565.0,104.0,,,,,,,,,,,,,,,1610612750.0,ORL,MIN,ORL,MIN,,,,,,,,,,,,,,,,,,,
203901,Elfrid Payton,1610612753,ORL,22.0,25.816666666666663,3,8,0.375,1,1,1.0,1,2,0.5,1,3,4,4,2,1,0,2,2,2,8,-11,80.57,2.0,0.19,0.45,13.3,52,0.187,-25.6,94.2,96.68,26.7,0.158,0.222,0.089,0.438,0.038,88.8,100.1,114.3,115.4,13.4,-21.2,0.064,47.0,0.085,52.0,0.085,10.0,0.0,4.0,0.0,8.0,0.125,1.0,2.0,1.0,4.0,0.063,0.063,8.0,16.0,1.0,2.0,0.5,0.063,0.0,1.0,0.5,0.0,0.0,0.133,0.0,5.21,5.23,60.0,1.0,0.0,0.0,14.0,5.2,2.0,4.0,8.0,1.0,0.25,0.5,0.0,0.0,4.0,9.5,0.5,3.6,3.0,0.0,3.0,0.75,0.75,0.25,0.0,0.0,1.0,0.25,0.0,1.0,8.0,0.0,,0.0,1.0,0.167,0.167,1.0,1.0,0.0,1.0,1.0,1.0,1.0,,3.0,0.0,0.0,0.0,0.333,1.0,0.333,3.0,1.0,0.5,0.333,0.5,0.0,0.167,1.0,1.0,0.0,0.0,0.0,,0.0,0.0,0.167,0.0,0.0,,1.0,1.0,0.0,1.0,1.5,1.0,1.0,0.0,1.0,0.0,0.167,0.167,0.0,0.0,0.0,0.0,,0.0,1.0,0.0,3.0,1.0,0.0,0.0,1.0,0.438,0.0,0.0,2.0,0.0,0.0,1.0,2.0,1.0,0.0,0.0,1.0,0.0,0.0,1.0,0.0,0.0,0.0,1.0,0.0,4.0,2.0,0.0,0.0,0.0,0.0,0.0,0.0,0.066,0.589,0.264,123.0,0.654,188.0,0.0,3.0,,0.0,,,0.0,,0.0,0.0,0.0,0.667,0.0,0.0,2.0,1.0,0.0,0.0,0.0,1.0,0.0,0.0,,,1.0,3.0,1.0,1.5,1.0,1.0,1.0,1.0,1.0,2016,21501200,,3.0,6.0,0.5,0.47,0.03,,,,,,,,,,,,,,,,,,,,,,,,,,,,,,,20160410.0,2015-16,False,MIA,,,,,,,,,,,,,,,,,,,,,,,,,,,1.0,1.0,4.66,4.77,2.0,4.56,Elfrid,1.0,0.0,1.0,0.0,19.8,0.0,0.0,19.0,1.0,103.0,103.0,103.0,80.0,81.0,79.0,111.0,45.0,104.0,1.0,88.0,59.0,88.0,41.0,70.0,76.0,27.0,28.0,35.0,57.0,183.0,92.0,51.0,89.0,162.0,79.0,17.0,1.0,78.0,96.68,95.0,115.4,108.0,3.0,67.0,-21.2,33.0,88.0,143.0,138.0,73.0,144.0,81.0,123.0,108.0,85.0,8.0,138.0,161.0,94.2,141.0,79.0,143.0,153.0,47.0,153.0,157.0,144.0,112.0,91.0,131.0,27.0,8.0,,,1.0,G,ORL,,,,,,,,,,,,,,,,,,,,,,,,,,,,,,,,,,,,,,,,,,,,,,,,,,,10594.0,99.0,,,,,,,,,,,,,,,1610612748.0,MIA,ORL,ORL,MIA,,,,,,,,,,,,,,,,,,,
203901,Elfrid Payton,1610612753,ORL,22.0,24.0,3,5,0.6,1,2,0.5,1,1,1.0,0,0,0,3,2,0,1,0,3,3,8,-6,75.0,1.5,0.137,0.735,20.0,45,0.145,-13.8,106.7,90.0,30.0,0.0,0.231,0.0,0.7,0.0,104.0,92.0,117.8,120.0,19.2,-13.3,0.051,59.0,0.051,69.0,0.051,9.0,0.0,3.0,0.0,6.0,0.4,5.0,2.0,0.0,2.0,1.0,0.0,1.0,5.0,0.0,0.0,0.2,0.0,1.0,0.0,0.0,2.0,0.0,0.114,0.0,4.09,3.99,70.0,0.0,0.0,0.0,35.0,4.8,0.0,,,,,,,,,,,,,,,,,,,,,,,,,0.0,,0.0,2.0,0.4,0.4,2.0,2.0,0.0,1.0,1.0,2.0,1.0,,,,,,,,,,,,,,2.0,0.6,3.0,1.0,0.0,0.5,0.4,0.5,1.0,0.333,0.2,1.0,0.0,,,,,,,,,,,,,,0.0,0.0,0.0,0.0,,0.0,1.0,0.0,3.0,0.5,0.0,0.0,0.0,0.7,0.0,0.0,0.0,0.0,0.0,1.0,2.0,1.0,0.0,0.0,1.0,0.0,,1.0,1.0,0.0,1.0,1.0,0.0,0.0,2.0,,0.0,0.0,0.0,,0.0,0.104,0.586,0.225,60.0,0.69,87.0,0.0,0.0,,0.0,,,1.0,,0.0,1.0,0.0,1.0,0.0,,2.0,0.0,0.0,0.0,,1.0,,1.0,,,1.0,2.0,0.0,0.75,2.0,0.5,2.0,1.0,1.0,2016,21500681,,4.0,10.0,0.4,0.476,-0.076,,,,,,,,,,,,,,,,,,,,,,,,,,,,,,,20160126.0,2015-16,False,MIL,,,,,,,,,,,,,,,,,,,,,,,,,,,1.0,0.8,4.5,4.64,1.8,4.35,Elfrid,1.0,0.0,1.0,0.0,13.5,0.0,0.0,14.0,1.0,83.0,83.0,83.0,81.0,79.0,108.0,28.0,35.0,54.0,19.0,80.0,99.0,1.0,81.0,146.0,150.0,39.0,31.0,75.0,18.0,1.0,108.0,33.0,90.0,130.0,108.0,16.0,1.0,103.0,90.0,111.0,120.0,143.0,3.0,81.0,-13.3,26.0,115.0,77.0,140.0,137.0,144.0,79.0,27.0,143.0,146.0,5.0,140.0,126.0,106.7,136.0,108.0,77.0,129.0,32.0,129.0,87.0,144.0,28.0,150.0,115.0,37.0,8.0,,,1.0,G,ORL,,,,,,,,,,,,,,,,,,,,,,,,,,,,,,,,,,,,,,,,,,,,,,,,,,,9495.0,90.0,,,,,,,,,,,,,,,1610612749.0,MIL,ORL,ORL,MIL,,,,,,,,,,,,,,,,,,,
203901,Elfrid Payton,1610612753,ORL,22.0,24.1,1,6,0.167,1,2,0.5,0,0,0.0,0,1,1,7,3,1,0,0,2,0,3,-17,82.16,2.33,0.17,0.25,18.8,50,0.169,-40.3,86.0,98.59,43.8,0.045,0.412,0.022,0.25,0.0,85.7,97.43,125.9,122.4,18.8,-36.4,0.019,52.0,0.173,57.0,0.135,10.0,1.0,9.0,1.0,17.0,0.167,0.0,1.0,0.0,2.0,0.0,0.333,1.0,6.0,2.0,0.0,0.167,0.0,0.0,0.0,0.0,0.0,0.0,0.048,0.0,5.38,5.24,63.0,0.0,0.0,0.0,20.0,5.6,0.0,3.0,10.9,1.0,0.0,0.2,1.0,0.0,2.0,10.9,0.2,0.0,0.0,0.0,0.0,0.5,0.5,1.0,0.0,0.0,0.0,0.0,1.0,0.0,5.0,0.0,,0.0,1.0,0.167,0.167,0.0,1.0,0.0,0.0,0.0,0.0,0.0,,1.0,0.0,0.0,0.0,0.0,0.0,0.0,1.0,0.0,0.167,0.0,0.167,0.0,0.167,1.0,1.0,0.0,0.0,0.0,,0.0,0.0,0.167,0.0,0.0,0.0,0.333,1.0,1.0,2.0,0.5,0.5,3.0,0.167,1.0,0.0,0.5,0.333,,0.0,0.0,,,0.0,0.0,0.0,3.0,0.25,0.0,0.0,0.0,0.25,0.0,0.0,0.0,0.0,0.0,1.0,0.0,1.0,0.0,0.0,2.0,0.0,0.0,1.0,1.0,0.0,0.0,0.0,0.0,1.0,1.0,0.0,1.0,0.0,0.0,0.0,0.0,0.122,0.589,0.212,49.0,0.71,69.0,0.0,1.0,,0.0,0.0,0.0,1.0,,0.0,1.0,0.0,0.0,0.0,0.0,0.0,0.0,0.0,0.0,0.0,1.0,0.0,1.0,,0.0,2.0,1.0,0.0,0.5,3.0,0.5,2.0,1.0,1.0,2016,21500490,,7.0,13.0,0.538,0.439,0.1,,,,,,,,,,,,,,,,,,,,,,,,,,,,,,,20160101.0,2015-16,False,WAS,,,,,,,,,,,,,,,,,,,,,,,,,,,1.0,0.8,4.48,4.63,1.8,4.32,Elfrid,1.0,0.0,1.0,0.0,14.7,0.0,0.0,14.0,1.0,51.0,51.0,51.0,53.0,81.0,62.0,90.0,23.0,41.0,15.0,49.0,51.0,49.0,62.0,73.0,84.0,3.0,8.0,17.0,41.0,1.0,59.0,75.0,83.0,101.0,68.0,11.0,1.0,63.0,98.59,63.0,122.4,20.0,1.0,62.0,-36.4,5.0,60.0,84.0,87.0,22.0,97.0,81.0,84.0,20.0,89.0,6.0,87.0,94.0,86.0,97.0,62.0,84.0,94.0,6.0,94.0,84.0,97.0,80.0,94.0,84.0,14.0,3.0,,,1.0,G,ORL,,,,,,,,,,,,,,,,,,,,,,,,,,,,,,,,,,,,,,,,,,,,,,,,,,,9520.0,96.0,,,,,,,,,,,,,,,1610612764.0,WAS,ORL,ORL,WAS,,,,,,,,,,,,,,,,,,,
203901,Elfrid Payton,1610612753,ORL,22.0,20.466666666666665,0,4,0.0,0,1,0.0,3,6,0.5,1,0,1,8,0,0,0,1,2,4,3,9,91.86,0.0,0.132,0.226,0.0,48,0.13,17.8,122.9,110.23,53.3,0.0,0.421,0.032,0.0,0.063,125.5,109.52,107.8,108.7,0.0,14.2,0.028,37.0,0.243,46.0,0.216,9.0,1.0,9.0,0.0,20.0,0.0,1.0,0.0,2.0,3.0,0.1,0.2,3.0,10.0,2.0,4.0,0.3,0.2,0.0,1.0,0.25,0.0,0.0,0.064,0.0,4.48,4.49,47.0,0.0,0.0,0.0,13.0,3.5,0.0,2.0,18.2,0.0,0.5,0.333,0.0,1.0,2.0,0.0,0.25,18.2,0.0,1.0,1.0,0.0,0.0,0.0,0.0,1.0,0.0,0.5,0.0,0.0,4.0,0.0,,0.0,1.0,0.333,0.333,0.0,1.0,0.0,0.0,0.0,0.0,0.0,,1.0,0.0,0.0,0.0,0.0,0.0,0.0,1.0,0.0,0.333,0.0,0.333,1.0,0.333,1.0,0.0,0.0,0.0,0.333,0.0,0.0,0.0,0.0,0.0,,,,,,,,,,,,,,,0.0,0.0,0.0,0.0,,0.0,1.0,0.0,0.0,0.0,0.0,0.0,0.0,0.0,0.0,0.0,0.0,0.0,0.0,0.0,0.0,0.0,0.0,0.0,0.0,0.0,0.0,1.0,0.0,0.0,0.0,0.0,0.0,2.0,1.0,0.0,0.0,0.0,0.0,0.0,0.0,0.092,0.592,0.222,78.0,0.684,114.0,0.0,1.0,,0.0,0.0,0.0,0.0,,1.0,1.0,0.0,0.0,0.0,0.0,0.0,0.0,0.0,0.0,0.0,0.0,0.0,0.0,,0.0,0.0,1.0,0.0,0.0,1.0,0.0,1.0,0.0,0.0,2016,21500840,,5.0,8.0,0.625,0.432,0.193,,,,,,,,,,,,,,,,,,,,,,,,,,,,,,,20160223.0,2015-16,False,PHI,,,,,,,,,,,,,,,,,,,,,,,,,,,0.8,0.8,4.99,4.96,1.7,4.47,Elfrid,1.0,1.0,0.0,1.0,16.2,0.0,0.0,12.0,1.0,1.0,1.0,1.0,65.0,94.0,80.0,94.0,48.0,52.0,48.0,25.0,14.0,46.0,23.0,87.0,77.0,3.0,75.0,58.0,30.0,72.0,41.0,15.0,87.0,15.0,54.0,10.0,2.0,67.0,110.23,88.0,108.7,17.0,0.0,24.0,14.2,2.0,88.0,3.0,1.0,19.0,64.0,94.0,93.0,17.0,87.0,4.0,1.0,13.0,122.9,53.0,80.0,3.0,17.0,7.0,17.0,3.0,64.0,94.0,85.0,82.0,59.0,3.0,,,1.0,G,ORL,,,,,,,,,,,,,,,,,,,,,,,,,,,,,,,,,,,,,,,,,,,,,,,,,,,8790.0,106.0,,,,,,,,,,,,,,,1610612755.0,PHI,ORL,ORL,PHI,,,,,,,,,,,,,,,,,,,
203901,Elfrid Payton,1610612753,ORL,22.0,26.08333333333333,4,11,0.364,0,1,0.0,3,3,1.0,1,4,5,12,1,2,0,1,3,4,11,19,82.04,12.0,0.22,0.446,4.0,54,0.222,25.5,133.3,98.45,48.0,0.138,0.462,0.102,0.364,0.05,124.0,102.94,98.5,100.0,3.9,33.3,0.163,52.0,0.25,58.0,0.231,16.0,1.0,13.0,1.0,28.0,0.0,6.0,0.0,1.0,6.0,0.667,0.0,1.0,9.0,0.0,2.0,0.111,0.111,0.333,2.0,1.0,2.0,0.0,0.157,1.0,4.6,4.59,70.0,3.0,0.0,0.0,22.0,5.4,1.667,4.0,6.7,2.0,0.25,0.5,0.25,0.0,6.0,7.8,0.5,2.3,3.0,0.0,3.0,0.667,0.667,0.4,0.0,0.0,1.0,0.25,1.0,1.0,10.0,0.0,,0.0,2.0,0.2,0.2,0.0,2.0,0.0,0.0,0.0,0.0,0.0,,6.0,0.0,0.0,0.0,0.667,4.0,0.667,6.0,4.0,0.6,0.667,0.6,1.0,0.1,1.0,0.0,0.0,0.0,0.1,0.0,0.0,0.0,0.0,0.0,,0.0,0.0,0.0,1.0,0.0,0.0,,1.0,0.1,0.0,0.0,0.1,0.0,0.0,0.0,0.0,0.0,,0.0,2.0,0.0,0.0,0.0,0.0,0.0,1.0,0.364,0.0,0.0,5.0,1.0,0.0,0.0,3.0,0.0,0.333,0.0,2.0,0.0,0.0,1.0,0.0,0.0,0.0,0.6,0.0,3.0,5.0,0.0,0.0,0.0,0.0,0.0,0.0,0.049,0.589,0.254,104.0,0.638,163.0,1.0,2.0,,0.0,,,0.0,,2.0,1.0,0.5,0.6,0.0,0.0,3.0,0.0,0.0,0.0,0.0,1.0,0.0,0.0,,,0.0,5.0,0.0,0.0,1.0,0.0,1.0,0.0,0.0,2016,21501108,,2.0,7.0,0.286,0.465,-0.179,,,,,,,,,,,,,,,,,,,,,,,,,,,,,,,20160329.0,2015-16,False,BKN,,,,,,,,,,,,,,,,,,,,,,,,,,,1.0,1.1,4.61,5.52,2.0,4.36,Elfrid,1.0,1.0,0.0,1.0,40.0,1.0,0.0,32.0,1.0,1.0,1.0,1.0,47.0,33.0,28.0,83.0,51.0,64.0,51.0,18.0,29.0,1.0,32.0,32.0,37.0,1.0,47.0,7.0,46.0,89.0,93.0,9.0,37.0,6.0,9.0,1.0,2.0,17.0,98.45,48.0,100.0,76.0,4.0,39.0,33.3,7.0,40.0,14.0,52.0,43.0,60.0,33.0,80.0,76.0,56.0,11.0,52.0,23.0,133.3,65.0,28.0,14.0,15.0,7.0,13.0,16.0,60.0,92.0,46.0,29.0,1.0,11.0,,,1.0,G,ORL,,,,,,,,,,,,,,,,,,,,,,,,,,,,,,,,,,,,,,,,,,,,,,,,,,,10632.0,100.0,,,,,,,,,,,,,,,1610612751.0,ORL,BKN,ORL,BKN,,,,,,,,,,,,,,,,,,,
203901,Elfrid Payton,1610612753,ORL,22.0,23.383333333333333,2,7,0.286,0,0,0.0,2,3,0.667,0,2,2,7,1,3,0,2,2,3,6,-10,94.94,7.0,0.145,0.361,6.3,56,0.152,-17.2,98.2,113.93,43.8,0.105,0.35,0.042,0.286,0.0,99.5,113.93,116.7,118.2,6.1,-20.0,0.078,47.0,0.17,51.0,0.149,13.0,1.0,8.0,1.0,12.0,0.077,3.0,1.0,1.0,5.0,0.231,0.077,4.0,13.0,1.0,2.0,0.308,0.077,0.2,1.0,0.5,1.0,0.0,0.103,1.0,5.71,5.59,58.0,0.0,0.0,3.0,20.0,5.5,0.0,3.0,8.7,0.0,0.0,0.333,0.0,0.0,3.0,8.7,0.333,0.0,2.0,0.0,2.0,0.667,0.667,0.0,0.0,0.0,0.0,0.0,0.0,0.0,6.0,0.0,,0.0,2.0,0.4,0.4,2.0,2.0,0.0,1.0,1.0,2.0,1.0,,2.0,0.0,0.0,0.0,0.0,0.0,0.0,2.0,0.0,0.4,0.0,0.4,0.0,0.2,1.0,1.0,0.0,0.0,0.0,,0.0,0.0,0.2,0.0,0.0,,,,,,,,,,,,,,0.0,,0.0,0.0,,,2.0,0.0,0.0,0.0,3.0,1.0,0.0,0.286,0.0,0.0,0.0,2.0,0.0,0.0,0.0,0.0,0.333,0.0,1.0,0.0,0.0,0.0,0.0,0.0,0.0,0.0,0.0,6.0,0.0,0.0,0.0,0.0,0.0,0.0,0.0,0.077,0.592,0.241,93.0,0.669,139.0,1.0,5.0,0.0,0.0,0.0,0.0,0.0,0.0,1.0,0.0,0.2,1.0,0.0,0.0,1.0,0.0,0.0,0.0,0.0,0.0,0.0,0.0,0.0,0.0,0.0,1.0,0.0,,0.0,,,,0.0,2016,21500943,,5.0,9.0,0.556,0.497,0.058,,,,,,,,,,,,,,,,,,,,,,,,,,,,,,,20160307.0,2015-16,False,GSW,,,,,,,,,,,,,,,,,,,,,,,,,,,0.9,0.9,4.62,4.28,1.8,5.03,Elfrid,1.0,0.0,1.0,0.0,26.9,0.0,0.0,21.0,1.0,69.0,69.0,69.0,73.0,72.0,67.0,93.0,59.0,90.0,59.0,47.0,43.0,63.0,73.0,75.0,83.0,8.0,54.0,10.0,55.0,121.0,55.0,35.0,79.0,111.0,53.0,19.0,2.0,60.0,113.93,90.0,118.2,13.0,2.0,73.0,-20.0,10.0,93.0,75.0,58.0,8.0,120.0,72.0,99.0,13.0,79.0,7.0,58.0,96.0,98.2,114.0,67.0,75.0,103.0,13.0,103.0,70.0,120.0,97.0,105.0,85.0,2.0,6.0,,,1.0,G,ORL,,,,,,,,,,,,,,,,,,,,,,,,,,,,,,,,,,,,,,,,,,,,,,,,,,,9598.0,110.0,,,,,,,,,,,,,,,1610612744.0,GSW,ORL,ORL,GSW,,,,,,,,,,,,,,,,,,,
203901,Elfrid Payton,1610612753,ORL,22.0,20.166666666666668,2,8,0.25,0,1,0.0,0,0,0.0,0,1,1,4,3,0,0,3,1,1,4,-12,83.31,1.33,0.239,0.25,20.0,42,0.24,-36.9,83.3,99.97,26.7,0.048,0.308,0.022,0.25,0.0,79.8,100.16,116.7,111.9,20.0,-28.6,-0.014,,,,,,,,,,,,,,,,,,,,,,,,,,,,,,,,,,,,,,,,,,,,,,,,,,,,,,,,,,,,,,,,,,,,,,,,,,,,,,,,,,,,,,,,,,,,,,,,,,,,,,,,,,,,,,,,,,,,,0.0,,,,0.0,0.0,,,,,,,,,,0.0,0.0,0.0,1.0,0.0,0.0,0.0,2.0,0.0,0.0,1.0,0.0,0.0,0.0,0.25,0.0,1.0,4.0,0.0,0.0,1.0,0.0,0.0,0.5,0.126,0.588,0.211,50.0,0.714,70.0,0.0,1.0,0.0,0.0,0.0,0.0,0.0,0.0,0.0,0.0,0.0,0.25,0.0,0.0,1.0,1.0,0.0,0.0,0.0,2.0,0.0,0.0,0.0,0.0,1.0,4.0,0.5,,0.0,,,,0.0,2016,21500588,,,,,,,,,,,,,,,,,,,,,,,,,,,,,,,,,,,,,20160114.0,2015-16,False,TOR,,,,,,,,,,,,,,,,,,,,,,,,,,,,,,,,,Elfrid,1.0,0.0,1.0,0.0,8.2,0.0,0.0,9.0,1.0,62.0,62.0,62.0,81.0,76.0,51.0,89.0,51.0,65.0,51.0,66.0,70.0,66.0,63.0,89.0,96.0,14.0,14.0,65.0,37.0,120.0,22.0,63.0,87.0,112.0,98.0,11.0,1.0,93.0,99.97,35.0,111.9,50.0,2.0,63.0,-28.6,19.0,33.0,107.0,97.0,42.0,91.0,76.0,101.0,50.0,102.0,8.0,97.0,110.0,83.3,102.0,51.0,107.0,106.0,12.0,106.0,109.0,91.0,92.0,105.0,106.0,29.0,,,,,G,ORL,,,,,,,,,,,,,,,,,,,,,,,,,,,,,,,,,,,,,,,,,,,,,,,,,,,,105.0,,,,,,,,,,,,,,,1610612761.0,ORL,TOR,ORL,TOR,,,,,,,,,,,,,,,,,,,
203901,Elfrid Payton,1610612753,ORL,22.0,32.2,8,15,0.533,0,0,0.0,2,2,1.0,2,3,5,4,2,1,0,4,1,2,18,13,86.34,2.0,0.207,0.567,9.5,70,0.217,15.0,90.0,103.6,19.0,0.083,0.2,0.068,0.533,0.053,86.9,105.93,71.8,72.5,9.1,17.5,0.188,64.0,0.094,77.0,0.063,14.0,0.0,6.0,2.0,10.0,0.154,9.0,2.0,0.0,6.0,0.692,0.077,4.0,13.0,1.0,0.0,0.308,0.0,0.667,0.0,0.0,4.0,0.0,0.212,1.0,4.81,4.81,85.0,3.0,0.0,0.0,32.0,6.8,0.0,8.0,6.2,1.0,0.25,0.455,0.0,1.0,3.0,6.5,0.455,5.8,2.0,0.0,3.0,1.0,1.0,0.2,0.0,0.0,0.5,0.25,0.0,1.0,11.0,0.0,,0.0,3.0,0.273,0.273,3.0,3.0,0.0,1.0,1.0,3.0,1.0,,5.0,0.0,0.0,0.0,0.6,3.0,0.6,5.0,3.0,0.455,0.6,0.455,0.0,0.273,3.0,3.0,2.0,0.667,0.0,,0.0,0.667,0.273,2.0,0.667,,,,,,,,,,,,,,1.0,,2.0,1.0,,,1.0,1.0,0.0,0.0,0.0,0.0,0.0,0.533,0.0,0.0,0.0,1.0,0.0,0.0,6.0,0.0,0.333,0.0,1.0,0.0,0.0,0.0,0.0,0.0,0.0,0.545,0.0,3.0,11.0,0.0,0.0,1.0,0.0,0.0,1.0,0.046,0.594,0.227,32.0,0.64,50.0,0.0,0.0,,1.0,,,0.0,,1.0,0.0,0.0,0.5,0.0,0.0,7.0,0.0,1.0,0.0,0.0,0.0,0.0,0.0,,,0.0,14.0,0.0,,0.0,,,,0.0,2016,21500317,,4.0,9.0,0.444,0.409,0.035,,,,,,,,,,,,,,,,,,,,,,,,,,,,,,,20151208.0,2015-16,False,DEN,,,,,,,,,,,,,,,,,,,,,,,,,,,1.3,1.3,4.84,4.92,2.6,4.78,Elfrid,1.0,1.0,0.0,1.0,31.0,0.0,0.0,29.0,1.0,1.0,1.0,1.0,33.0,16.0,12.0,41.0,58.0,81.0,58.0,27.0,37.0,1.0,18.0,38.0,31.0,20.0,30.0,32.0,34.0,122.0,24.0,35.0,20.0,19.0,29.0,14.0,1.0,28.0,103.6,42.0,72.5,24.0,8.0,46.0,17.5,41.0,46.0,96.0,57.0,20.0,7.0,16.0,54.0,24.0,80.0,15.0,58.0,36.0,90.0,10.0,12.0,96.0,31.0,32.0,31.0,97.0,7.0,58.0,71.0,15.0,12.0,18.0,,,1.0,G,ORL,,,,,,,,,,,,,,,,,,,,,,,,,,,,,,,,,,,,,,,,,,,,,,,,,,,13773.0,99.0,,,,,,,,,,,,,,,1610612743.0,DEN,ORL,ORL,DEN,,,,,,,,,,,,,,,,,,,
203901,Elfrid Payton,1610612753,ORL,22.0,34.266666666666666,6,13,0.462,0,1,0.0,2,4,0.5,1,7,8,5,2,0,0,2,5,5,14,7,79.96,2.5,0.208,0.474,9.5,68,0.22,10.6,98.5,95.95,23.8,0.175,0.25,0.107,0.462,0.029,97.0,96.99,86.4,87.0,9.2,11.6,0.121,63.0,0.095,67.0,0.079,6.0,0.0,6.0,1.0,11.0,0.143,6.0,1.0,1.0,3.0,0.857,0.143,1.0,7.0,1.0,2.0,0.143,0.143,0.667,2.0,1.0,2.0,0.0,0.175,2.0,5.26,5.09,80.0,2.0,0.0,1.0,30.0,7.0,2.0,7.0,7.4,4.0,0.143,0.5,0.429,0.0,10.0,7.8,0.471,5.2,4.0,1.0,4.0,0.778,0.7,0.5,0.0,1.0,1.0,0.143,3.0,1.0,17.0,0.0,,0.0,1.0,0.091,0.091,1.0,1.0,0.0,1.0,1.0,1.0,1.0,,4.0,0.0,0.0,0.0,1.0,4.0,1.0,4.0,4.0,0.364,1.0,0.364,0.0,0.364,4.0,4.0,1.0,0.25,0.0,,0.0,0.25,0.364,1.0,0.25,0.0,0.0,0.0,1.0,1.0,0.0,0.0,2.0,0.091,0.0,0.0,0.182,0.091,0.5,0.0,4.0,0.5,,0.0,4.0,2.0,0.0,0.0,2.0,0.5,1.0,0.462,0.0,0.0,4.0,1.0,0.0,0.0,4.0,0.0,1.0,0.0,5.0,0.0,0.0,1.0,0.0,0.0,0.0,0.667,0.0,1.0,6.0,0.0,0.0,1.0,0.0,0.0,0.2,0.017,0.592,0.238,28.0,0.609,46.0,0.0,0.0,,1.0,,,0.0,,2.0,0.0,0.0,0.667,1.0,0.0,4.0,0.0,0.5,0.333,0.0,2.0,0.0,0.0,,,3.0,6.0,0.0,0.0,3.0,0.0,1.0,0.0,0.0,2016,21500265,,1.0,7.0,0.143,0.419,-0.276,,,,,,,,,,,,,,,,,,,,,,,,,,,,,,,20151201.0,2015-16,False,MIN,,,,,,,,,,,,,,,,,,,,,,,,,,,1.4,1.2,4.55,4.88,2.6,4.22,Elfrid,1.0,1.0,0.0,1.0,29.1,0.0,0.0,27.0,1.0,1.0,1.0,1.0,28.0,18.0,24.0,51.0,50.0,63.0,50.0,36.0,20.0,53.0,33.0,11.0,15.0,12.0,22.0,51.0,33.0,107.0,115.0,9.0,27.0,29.0,31.0,13.0,1.0,29.0,95.95,36.0,87.0,81.0,6.0,53.0,11.6,30.0,42.0,61.0,71.0,62.0,16.0,18.0,68.0,81.0,38.0,13.0,71.0,33.0,98.5,18.0,24.0,61.0,35.0,19.0,35.0,59.0,16.0,63.0,37.0,42.0,11.0,14.0,,,1.0,G,ORL,,,,,,,,,,,,,,,,,,,,,,,,,,,,,,,,,,,,,,,,,,,,,,,,,,,13804.0,95.0,,,,,,,,,,,,,,,1610612750.0,MIN,ORL,ORL,MIN,,,,,,,,,,,,,,,,,,,
203901,Elfrid Payton,1610612753,ORL,22.0,18.83333333333333,0,7,0.0,0,1,0.0,0,0,0.0,0,2,2,4,0,1,0,1,1,0,0,-19,78.58,0.0,0.175,0.0,0.0,37,0.176,-51.4,91.9,94.3,36.4,0.133,0.286,0.056,0.0,0.0,92.5,93.79,143.9,143.2,0.0,-51.4,-0.011,34.0,0.118,36.0,0.118,3.0,0.0,4.0,0.0,9.0,0.0,0.0,0.0,0.0,2.0,0.0,0.0,0.0,2.0,0.0,0.0,0.0,0.0,0.0,0.0,0.0,0.0,0.0,0.0,0.0,5.45,5.55,42.0,0.0,0.0,0.0,11.0,3.8,0.0,1.0,9.5,0.0,0.0,0.5,0.0,0.0,3.0,9.5,0.5,0.0,2.0,0.0,2.0,0.667,0.667,0.0,0.0,0.0,0.0,0.0,0.0,0.0,4.0,,,,,,,,,,,,,,,2.0,0.0,0.0,0.0,0.0,0.0,0.0,2.0,0.0,0.333,0.0,0.333,0.0,0.5,3.0,3.0,0.0,0.0,0.0,,0.0,0.0,0.5,0.0,0.0,,0.0,0.0,0.0,1.0,0.0,0.0,1.0,0.0,0.0,0.0,0.167,0.167,0.0,0.0,0.0,0.0,,0.0,5.0,0.0,0.0,0.0,0.0,0.0,0.0,0.0,0.0,0.0,0.0,0.0,0.0,0.0,0.0,0.0,0.0,0.0,4.0,0.0,0.0,1.0,0.0,0.0,0.0,0.0,0.0,1.0,1.0,0.0,0.0,0.0,0.0,0.0,0.0,-0.002,0.588,0.261,24.0,0.585,41.0,0.0,1.0,,0.0,,,0.0,,2.0,0.0,0.0,0.0,0.0,0.0,0.0,0.0,0.0,0.0,0.0,1.0,0.0,0.0,,,2.0,1.0,0.0,0.0,1.0,0.0,1.0,0.0,0.0,2016,21500203,,4.0,7.0,0.571,0.426,0.146,,,,,,,,,,,,,,,,,,,,,,,,,,,,,,,20151123.0,2015-16,False,CLE,,,,,,,,,,,,,,,,,,,,,,,,,,,0.8,0.7,4.78,5.2,1.5,4.38,Elfrid,1.0,0.0,1.0,0.0,11.4,0.0,0.0,8.0,1.0,81.0,81.0,81.0,105.0,127.0,72.0,127.0,57.0,79.0,57.0,84.0,90.0,84.0,85.0,75.0,98.0,18.0,109.0,33.0,51.0,108.0,34.0,112.0,133.0,151.0,105.0,12.0,1.0,116.0,94.3,88.0,143.2,97.0,0.0,85.0,-51.4,16.0,84.0,114.0,1.0,95.0,154.0,127.0,133.0,97.0,71.0,7.0,1.0,144.0,91.9,155.0,72.0,114.0,147.0,24.0,147.0,104.0,154.0,127.0,111.0,135.0,83.0,0.0,,,,G,ORL,,,,,,,,,,,,,,,,,,,,,,,,,,,,,,,,,,,,,,,,,,,,,,,,,,,7813.0,92.0,,,,,,,,,,,,,,,1610612739.0,CLE,ORL,ORL,CLE,,,,,,,,,,,,,,,,,,,
203901,Elfrid Payton,1610612753,ORL,22.0,38.22166666666666,5,15,0.333,0,1,0.0,7,8,0.875,1,4,5,5,4,1,0,1,3,5,17,-12,83.2,1.25,0.253,0.459,14.8,79,0.261,-17.8,98.7,99.84,18.5,0.105,0.2,0.063,0.333,0.024,97.2,99.51,115.0,112.5,14.5,-13.8,0.063,67.0,0.104,82.0,0.075,11.0,1.0,7.0,1.0,13.0,0.0,5.0,0.0,0.0,5.0,0.625,0.125,2.0,8.0,1.0,0.0,0.25,0.0,0.4,0.0,0.0,2.0,0.0,0.185,1.0,5.3,5.14,92.0,1.0,0.0,2.0,28.0,8.1,2.0,2.0,7.8,0.0,0.5,0.5,0.0,0.0,9.0,7.8,0.455,0.0,4.0,1.0,4.0,0.5,0.444,0.0,0.0,1.0,0.0,0.5,0.0,0.0,11.0,0.0,,0.0,4.0,0.286,0.286,2.0,4.0,0.0,0.5,0.5,2.0,0.5,,6.0,0.0,0.0,0.0,0.5,3.0,0.5,6.0,3.0,0.429,0.5,0.429,1.0,0.214,3.0,2.0,0.0,0.0,0.071,0.0,0.0,0.0,0.143,0.0,0.0,0.0,0.0,0.0,1.0,0.0,0.0,,1.0,0.071,0.0,0.0,0.071,0.0,0.0,0.0,0.0,0.0,0.0,1.0,5.0,0.0,0.0,0.0,2.0,1.0,1.0,0.333,0.0,0.0,2.0,0.0,0.0,0.0,5.0,0.0,0.0,0.0,4.0,0.0,,0.0,0.0,0.0,0.0,0.714,0.0,3.0,7.0,,0.0,0.0,0.0,,0.0,0.016,0.59,0.268,20.0,0.606,33.0,0.0,2.0,,0.0,0.0,0.0,0.0,,1.0,0.0,0.0,0.714,0.0,,5.0,0.0,0.0,0.0,,1.0,,0.0,,0.0,3.0,7.0,0.0,,0.0,,0.0,0.0,0.0,2016,21500139,,8.0,11.0,0.727,0.447,0.28,,,,,,,,,,,,,,,,,,,,,,,,,,,,,,,20151114.0,2015-16,False,WAS,,,,,,,,,,,,,,,,,,,,,,,,,,,1.6,1.4,4.72,5.0,3.0,4.44,Elfrid,1.0,0.0,1.0,0.0,29.5,0.0,0.0,29.0,1.0,75.0,75.0,75.0,24.0,30.0,22.0,88.0,58.0,75.0,58.0,4.0,7.0,40.0,34.0,43.0,43.0,13.0,4.0,27.0,47.0,95.0,93.0,12.0,24.0,128.0,38.0,17.0,2.0,33.0,99.84,22.0,112.5,69.0,5.0,67.0,-13.8,50.0,22.0,64.0,111.0,70.0,124.0,30.0,86.0,69.0,82.0,15.0,111.0,111.0,98.7,125.0,22.0,64.0,109.0,31.0,109.0,73.0,124.0,99.0,86.0,88.0,41.0,17.0,,,1.0,G,ORL,,,,,,,,,,,,,,,,,,,,,,,,,,,,,,,,,,,,,,,,,,,,,,,,,,,15782.0,100.0,,,,,,,,,,,,,,,1610612764.0,WAS,ORL,ORL,WAS,,,,,,,,,,,,,,,,,,,
203901,Elfrid Payton,1610612753,ORL,22.0,37.05,6,12,0.5,0,2,0.0,4,7,0.571,0,3,3,10,3,1,0,2,2,5,16,2,83.13,3.33,0.217,0.531,10.7,77,0.22,2.1,109.1,99.76,35.7,0.061,0.385,0.037,0.5,0.0,108.8,99.86,106.6,106.5,10.7,2.6,0.124,59.0,0.22,69.0,0.169,17.0,2.0,13.0,1.0,25.0,0.048,9.0,1.0,3.0,6.0,0.429,0.238,6.0,21.0,5.0,6.0,0.286,0.143,0.5,3.0,0.5,3.0,0.0,0.2,0.0,5.48,5.44,80.0,0.0,0.0,0.0,18.0,7.3,0.0,4.0,9.5,1.0,0.0,0.375,0.333,0.0,6.0,9.5,0.3,0.0,3.0,2.0,3.0,0.6,0.5,0.333,1.0,1.0,0.0,0.0,1.0,0.0,10.0,0.0,,0.0,3.0,0.3,0.3,3.0,3.0,0.0,1.0,1.0,3.0,1.0,0.0,5.0,0.0,1.0,0.1,0.6,3.0,0.75,4.0,3.0,0.5,0.6,0.4,0.0,0.1,1.0,1.0,0.0,0.0,0.0,,0.0,0.0,0.1,0.0,0.0,,0.0,0.0,0.0,1.0,0.0,0.0,1.0,0.0,0.0,0.0,0.1,0.1,0.0,0.0,0.0,0.0,0.0,1.0,1.0,0.0,0.0,0.0,0.0,0.0,0.0,0.5,0.0,0.0,0.0,2.0,0.0,0.0,4.0,0.0,1.0,0.0,1.0,0.0,0.0,2.0,0.0,0.0,0.0,0.571,0.0,2.0,7.0,0.0,0.0,0.0,0.0,0.0,0.0,0.064,0.588,0.265,122.0,0.652,187.0,2.0,2.0,0.0,0.0,0.0,0.0,0.0,0.0,0.0,1.0,1.0,0.571,0.0,0.0,4.0,0.0,0.0,0.0,0.0,0.0,0.0,0.0,1.0,0.0,1.0,7.0,0.0,0.0,2.0,0.0,1.0,0.0,0.0,2016,21501179,,10.0,20.0,0.5,0.469,0.031,,,,,,,,,,,,,,,,,,,,,,,,,,,,,,,20160408.0,2015-16,False,MIA,,,,,,,,,,,,,,,,,,,,,,,,,,,1.4,1.4,4.54,5.26,2.8,4.0,Elfrid,1.0,1.0,0.0,1.0,34.6,1.0,0.0,31.0,1.0,1.0,1.0,1.0,18.0,33.0,34.0,65.0,86.0,76.0,86.0,29.0,17.0,89.0,99.0,78.0,108.0,4.0,16.0,32.0,72.0,182.0,81.0,20.0,43.0,80.0,31.0,1.0,1.0,35.0,99.76,78.0,106.5,68.0,6.0,99.0,2.6,14.0,76.0,102.0,120.0,67.0,86.0,33.0,99.0,68.0,157.0,12.0,118.0,89.0,109.1,96.0,34.0,102.0,95.0,13.0,95.0,104.0,86.0,86.0,157.0,65.0,16.0,16.0,,,1.0,G,ORL,,,,,,,,,,,,,,,,,,,,,,,,,,,,,,,,,,,,,,,,,,,,,,,,,,,14588.0,97.0,,,,,,,,,,,,,,,1610612748.0,ORL,MIA,ORL,MIA,,,,,,,,,,,,,,,,,,,
203901,Elfrid Payton,1610612753,ORL,22.0,32.16833333333334,8,13,0.615,0,1,0.0,1,1,1.0,1,1,2,5,3,2,1,1,2,1,17,-6,82.69,1.67,0.211,0.632,14.3,66,0.216,-5.7,97.0,99.23,23.8,0.027,0.25,0.027,0.615,0.027,95.1,102.0,100.8,104.5,14.0,-7.5,0.148,55.0,0.127,63.0,0.091,10.0,1.0,7.0,1.0,12.0,0.083,9.0,1.0,0.0,6.0,0.75,0.0,5.0,12.0,0.0,0.0,0.417,0.0,0.667,0.0,0.0,4.0,0.0,0.239,2.0,4.72,4.56,71.0,1.0,0.0,1.0,25.0,5.6,2.0,3.0,10.0,1.0,0.333,0.222,1.0,1.0,7.0,16.1,0.2,3.8,0.0,1.0,1.0,0.167,0.143,0.5,0.0,1.0,0.0,0.333,1.0,0.0,10.0,0.0,,0.0,5.0,0.417,0.417,5.0,5.0,0.0,1.0,1.0,5.0,1.0,,4.0,0.0,0.0,0.0,0.25,1.0,0.25,4.0,1.0,0.333,0.25,0.333,,,,,,,,,,,,,,1.0,0.667,0.0,2.0,1.0,0.667,0.0,3.0,0.167,2.0,2.0,0.25,0.083,0.5,0.0,4.0,0.5,,0.0,4.0,2.0,0.0,0.0,2.0,1.0,1.0,0.615,0.0,0.0,2.0,1.0,0.0,0.0,5.0,0.0,0.333,0.0,3.0,,0.0,1.0,0.0,0.0,0.0,0.833,,3.0,6.0,0.0,,2.0,0.0,0.0,0.667,0.067,0.587,0.261,117.0,0.654,179.0,1.0,2.0,,0.0,,,0.0,,1.0,0.0,0.5,0.833,2.0,0.0,5.0,0.0,0.0,0.667,0.0,1.0,0.0,0.0,,,3.0,6.0,0.0,0.0,1.0,0.0,1.0,0.0,0.0,2016,21501166,,4.0,11.0,0.364,0.438,-0.075,,,,,,,,,,,,,,,,,,,,,,,,,,,,,,,20160406.0,2015-16,False,DET,,,,,,,,,,,,,,,,,,,,,,,,,,,1.2,1.2,4.29,4.76,2.3,4.23,Elfrid,1.0,0.0,1.0,0.0,32.9,0.0,0.0,30.0,1.0,89.0,89.0,89.0,34.0,13.0,28.0,37.0,75.0,92.0,75.0,75.0,101.0,1.0,43.0,118.0,114.0,17.0,11.0,13.0,17.0,118.0,76.0,81.0,23.0,124.0,28.0,10.0,1.0,29.0,99.23,54.0,104.5,66.0,8.0,83.0,-7.5,43.0,54.0,111.0,130.0,36.0,74.0,13.0,53.0,66.0,145.0,13.0,128.0,100.0,97.0,60.0,28.0,111.0,105.0,28.0,105.0,116.0,74.0,45.0,143.0,35.0,42.0,17.0,,,1.0,G,ORL,,,,,,,,,,,,,,,,,,,,,,,,,,,,,,,,,,,,,,,,,,,,,,,,,,,12392.0,98.0,,,,,,,,,,,,,,,1610612765.0,ORL,DET,ORL,DET,,,,,,,,,,,,,,,,,,,
203901,Elfrid Payton,1610612753,ORL,22.0,31.416666666666668,2,8,0.25,0,1,0.0,3,3,1.0,2,0,2,11,1,0,0,0,0,4,7,1,82.12,11.0,0.125,0.376,4.8,65,0.13,1.4,127.7,98.55,52.4,0.0,0.379,0.031,0.25,0.059,125.5,100.96,124.2,128.1,4.7,-0.4,0.082,58.0,0.224,66.0,0.19,15.0,1.0,13.0,1.0,27.0,0.071,2.0,1.0,0.0,4.0,0.143,0.357,4.0,14.0,5.0,0.0,0.286,0.0,0.25,0.0,0.0,1.0,0.0,0.096,0.0,5.65,5.58,73.0,1.0,0.0,0.0,26.0,6.9,0.0,5.0,7.2,1.0,0.5,0.25,0.0,1.0,5.0,0.0,0.2,7.2,0.0,2.0,1.0,0.0,0.0,0.5,1.0,1.0,0.5,0.4,0.0,1.0,10.0,0.0,,0.0,2.0,0.25,0.25,1.0,2.0,0.0,0.5,0.5,1.0,0.5,,3.0,0.0,0.0,0.0,0.333,1.0,0.333,3.0,1.0,0.375,0.333,0.375,0.0,0.25,2.0,2.0,0.0,0.0,0.0,,0.0,0.0,0.25,0.0,0.0,,0.0,0.0,0.0,1.0,0.0,0.0,1.0,0.0,0.0,0.0,0.125,0.125,0.0,0.0,0.0,0.0,,0.0,1.0,0.0,0.0,0.0,0.0,0.0,0.0,0.25,0.0,0.0,0.0,0.0,0.0,0.0,2.0,0.0,0.0,0.0,1.0,0.0,0.0,1.0,0.0,0.0,0.0,0.5,0.0,2.0,4.0,0.0,0.0,0.0,0.0,0.0,0.0,0.066,0.587,0.261,115.0,0.653,176.0,0.0,2.0,,0.0,0.0,0.0,0.0,,0.0,0.0,0.0,0.5,0.0,0.0,2.0,0.0,0.0,0.0,0.0,2.0,0.0,0.0,,0.0,0.0,4.0,0.0,0.0,1.0,0.0,1.0,0.0,0.0,2016,21501148,,10.0,15.0,0.667,0.417,0.25,,,,,,,,,,,,,,,,,,,,,,,,,,,,,,,20160403.0,2015-16,False,MEM,,,,,,,,,,,,,,,,,,,,,,,,,,,1.2,1.1,4.41,4.46,2.3,4.34,Elfrid,1.0,1.0,0.0,1.0,24.9,0.0,0.0,20.0,1.0,1.0,1.0,1.0,64.0,130.0,94.0,179.0,91.0,119.0,91.0,36.0,61.0,1.0,38.0,194.0,149.0,5.0,84.0,108.0,66.0,1.0,1.0,24.0,119.0,100.0,80.0,20.0,2.0,97.0,98.55,173.0,128.1,94.0,2.0,74.0,-0.4,3.0,175.0,26.0,89.0,65.0,189.0,130.0,164.0,94.0,194.0,8.0,89.0,110.0,127.7,186.0,94.0,26.0,118.0,17.0,118.0,36.0,189.0,181.0,178.0,125.0,1.0,7.0,,,1.0,G,ORL,,,,,,,,,,,,,,,,,,,,,,,,,,,,,,,,,,,,,,,,,,,,,,,,,,,12128.0,98.0,,,,,,,,,,,,,,,1610612763.0,ORL,MEM,ORL,MEM,,,,,,,,,,,,,,,,,,,
203901,Elfrid Payton,1610612753,ORL,22.0,29.516666666666666,5,10,0.5,0,0,0.0,0,0,0.0,2,5,7,5,2,0,0,2,0,3,10,12,79.95,2.5,0.174,0.5,11.8,59,0.173,18.1,127.1,95.95,29.4,0.152,0.179,0.117,0.5,0.074,126.0,95.85,108.0,106.8,11.8,20.3,0.118,50.0,0.1,58.0,0.1,7.0,0.0,5.0,0.0,11.0,0.077,4.0,1.0,0.0,6.0,0.308,0.154,4.0,13.0,2.0,0.0,0.308,0.0,0.333,0.0,0.0,2.0,0.0,0.152,0.0,5.85,6.09,66.0,3.0,0.0,0.0,17.0,6.4,1.333,6.0,7.1,2.0,0.4,0.7,0.0,0.0,6.0,7.8,0.583,5.5,5.0,2.0,5.0,1.0,0.833,0.286,1.0,1.0,1.0,0.333,0.0,2.0,12.0,0.0,,0.0,5.0,0.625,0.625,4.0,5.0,0.0,0.8,0.8,4.0,0.8,,2.0,0.0,0.0,0.0,0.5,1.0,0.5,2.0,1.0,0.25,0.5,0.25,,,,,,,,,,,,,,0.0,0.0,0.0,1.0,0.0,0.0,,1.0,0.125,0.0,0.0,0.125,0.0,0.0,,0.0,0.0,,,2.0,0.0,0.0,0.0,0.0,0.0,1.0,0.5,0.0,0.0,4.0,1.0,0.0,0.0,4.0,0.0,0.333,0.0,3.0,0.0,0.0,0.0,0.0,0.0,0.0,1.0,0.0,3.0,4.0,0.0,0.0,0.0,0.0,0.0,0.0,0.047,0.59,0.254,105.0,0.636,165.0,0.0,2.0,0.0,0.0,,,0.0,0.0,2.0,0.0,0.0,1.0,0.0,0.0,5.0,0.0,0.0,0.0,0.0,1.0,0.0,0.0,0.0,,0.0,5.0,0.0,,0.0,,,,0.0,2016,21501123,,4.0,8.0,0.5,0.479,0.021,,,,,,,,,,,,,,,,,,,,,,,,,,,,,,,20160331.0,2015-16,False,IND,,,,,,,,,,,,,,,,,,,,,,,,,,,1.2,1.1,4.48,5.03,2.2,4.35,Elfrid,1.0,1.0,0.0,1.0,23.9,0.0,0.0,22.0,1.0,1.0,1.0,1.0,38.0,34.0,42.0,36.0,58.0,83.0,58.0,64.0,71.0,64.0,19.0,27.0,28.0,13.0,26.0,68.0,50.0,115.0,1.0,18.0,51.0,19.0,54.0,13.0,1.0,53.0,95.95,70.0,106.8,96.0,5.0,37.0,20.3,25.0,64.0,11.0,77.0,92.0,66.0,34.0,69.0,96.0,53.0,10.0,77.0,29.0,127.1,70.0,42.0,11.0,23.0,39.0,23.0,14.0,66.0,51.0,43.0,44.0,17.0,10.0,,,1.0,G,ORL,,,,,,,,,,,,,,,,,,,,,,,,,,,,,,,,,,,,,,,,,,,,,,,,,,,11849.0,98.0,,,,,,,,,,,,,,,1610612754.0,IND,ORL,ORL,IND,,,,,,,,,,,,,,,,,,,
203901,Elfrid Payton,1610612753,ORL,22.0,16.633333333333333,1,3,0.333,0,1,0.0,0,1,0.0,2,0,2,4,4,1,1,1,1,1,2,-3,79.36,1.0,0.184,0.291,36.4,34,0.206,-3.8,100.0,95.23,36.4,0.0,0.333,0.061,0.333,0.143,102.8,97.83,106.6,115.6,35.0,-15.6,0.009,29.0,0.138,32.0,0.138,8.0,0.0,4.0,0.0,10.0,0.0,0.0,0.0,0.0,1.0,0.0,0.25,2.0,4.0,1.0,0.0,0.5,0.0,0.0,0.0,0.0,0.0,0.0,0.056,0.0,6.5,6.78,36.0,1.0,0.0,0.0,8.0,3.9,2.0,2.0,3.0,0.0,1.0,0.5,0.0,1.0,2.0,0.0,0.5,3.0,0.0,0.0,1.0,0.0,0.0,0.0,0.0,0.0,0.0,1.0,0.0,0.0,4.0,0.0,,0.0,1.0,0.5,0.5,1.0,1.0,0.0,1.0,1.0,1.0,1.0,,,,,,,,,,,,,,,,,,,,,,,,,,,,0.0,0.0,0.0,1.0,0.0,0.0,1.0,0.0,0.0,0.0,0.5,0.5,,0.0,0.0,,,0.0,0.0,0.0,0.0,0.0,0.0,0.0,1.0,0.333,0.0,0.0,2.0,0.0,0.0,0.0,1.0,0.0,0.0,0.0,0.0,0.0,,1.0,0.0,0.0,0.0,1.0,0.0,1.0,1.0,,0.0,0.0,0.0,,0.0,0.084,0.592,0.242,96.0,0.676,142.0,0.0,0.0,,0.0,,,0.0,,0.0,0.0,0.0,0.5,0.0,,1.0,0.0,0.0,0.0,,1.0,,0.0,,,0.0,2.0,0.0,0.0,1.0,0.0,1.0,0.0,0.0,2016,21501038,,0.0,3.0,0.0,0.423,-0.423,,,,,,,,,,,,,,,,,,,,,,,,,,,,,,,20160320.0,2015-16,False,TOR,,,,,,,,,,,,,,,,,,,,,,,,,,,0.6,0.6,4.33,4.44,1.2,4.23,Elfrid,1.0,0.0,1.0,0.0,12.4,0.0,0.0,12.0,1.0,58.0,58.0,58.0,87.0,89.0,94.0,75.0,58.0,64.0,58.0,72.0,69.0,72.0,18.0,105.0,84.0,21.0,6.0,27.0,17.0,76.0,22.0,66.0,98.0,74.0,85.0,12.0,1.0,83.0,95.23,49.0,115.6,74.0,1.0,16.0,-15.6,12.0,56.0,74.0,118.0,61.0,87.0,89.0,100.0,74.0,105.0,3.0,118.0,70.0,100.0,67.0,94.0,74.0,86.0,10.0,86.0,64.0,87.0,84.0,74.0,99.0,40.0,2.0,,,1.0,G,ORL,,,,,,,,,,,,,,,,,,,,,,,,,,,,,,,,,,,,,,,,,,,,,,,,,,,6495.0,96.0,,,,,,,,,,,,,,,1610612761.0,TOR,ORL,ORL,TOR,,,,,,,,,,,,,,,,,,,
203901,Elfrid Payton,1610612753,ORL,22.0,28.575,6,11,0.545,0,0,0.0,0,0,0.0,0,2,2,1,0,2,0,1,3,1,12,-7,83.99,0.0,0.159,0.545,0.0,60,0.166,-9.6,101.7,100.79,8.3,0.077,0.071,0.034,0.545,0.0,104.5,99.07,114.1,113.3,0.0,-11.7,0.079,55.0,0.036,62.0,0.018,7.0,1.0,2.0,0.0,5.0,0.0,2.0,0.0,0.0,3.0,0.333,0.0,3.0,6.0,0.0,0.0,0.5,0.0,0.333,0.0,0.0,1.0,0.0,0.174,0.0,4.46,4.04,69.0,2.0,0.0,0.0,27.0,5.1,0.0,2.0,11.3,0.0,0.0,0.667,0.0,0.0,2.0,11.3,0.5,0.0,2.0,1.0,2.0,1.0,1.0,0.0,1.0,0.0,0.0,0.0,0.0,0.0,4.0,0.0,,0.0,3.0,0.3,0.3,2.0,3.0,0.0,0.667,0.667,2.0,0.667,,3.0,0.0,0.0,0.0,0.333,1.0,0.333,3.0,1.0,0.3,0.333,0.3,0.0,0.4,4.0,4.0,3.0,0.75,0.0,,0.0,0.75,0.4,3.0,0.75,,,,,,,,,,,,,,0.333,,2.0,0.333,,,3.0,1.0,0.0,0.0,0.0,0.0,0.0,0.545,0.0,0.0,0.0,0.0,0.0,0.0,5.0,0.0,0.0,0.0,2.0,0.0,0.0,0.0,0.0,0.0,0.0,0.625,0.0,1.0,8.0,0.0,0.0,1.0,0.0,0.0,0.5,0.111,0.585,0.226,62.0,0.697,89.0,0.0,0.0,,0.0,0.0,0.0,0.0,,2.0,0.0,0.0,0.625,0.0,0.0,5.0,1.0,0.0,0.0,0.0,1.0,0.0,0.0,,0.0,0.0,8.0,1.0,,0.0,,,,0.0,2016,21500698,,2.0,7.0,0.286,0.434,-0.148,,,,,,,,,,,,,,,,,,,,,,,,,,,,,,,20160129.0,2015-16,False,BOS,,,,,,,,,,,,,,,,,,,,,,,,,,,1.1,1.1,4.63,4.61,2.2,4.65,Elfrid,1.0,0.0,1.0,0.0,21.9,0.0,0.0,19.0,1.0,97.0,97.0,97.0,65.0,33.0,49.0,54.0,75.0,120.0,75.0,103.0,108.0,103.0,94.0,87.0,100.0,87.0,119.0,12.0,68.0,125.0,130.0,91.0,60.0,132.0,79.0,19.0,2.0,88.0,100.79,116.0,113.3,51.0,6.0,94.0,-11.7,107.0,115.0,101.0,1.0,56.0,139.0,33.0,89.0,51.0,122.0,11.0,1.0,118.0,101.7,137.0,49.0,101.0,124.0,105.0,124.0,86.0,139.0,70.0,146.0,111.0,89.0,12.0,,,1.0,G,ORL,,,,,,,,,,,,,,,,,,,,,,,,,,,,,,,,,,,,,,,,,,,,,,,,,,,11521.0,100.0,,,,,,,,,,,,,,,1610612738.0,BOS,ORL,ORL,BOS,,,,,,,,,,,,,,,,,,,
203901,Elfrid Payton,1610612753,ORL,22.0,35.223333333333336,4,14,0.286,2,3,0.667,1,1,1.0,3,6,9,10,4,1,0,2,4,2,11,-12,81.2,2.5,0.225,0.381,14.3,71,0.226,-21.8,105.6,97.44,35.7,0.182,0.4,0.132,0.357,0.086,99.2,100.52,121.0,120.8,14.1,-15.2,0.078,85.0,0.153,90.0,0.118,18.0,2.0,13.0,1.0,25.0,0.188,2.0,3.0,0.0,3.0,0.125,0.125,8.0,16.0,2.0,0.0,0.5,0.0,0.333,0.0,0.0,1.0,1.0,0.105,1.0,4.39,4.39,105.0,3.0,0.0,0.0,45.0,7.7,1.0,5.0,5.9,1.0,0.6,0.818,0.0,2.0,7.0,7.1,0.75,3.4,6.0,1.0,8.0,1.0,0.857,0.111,0.0,1.0,0.333,0.6,0.0,1.0,12.0,0.0,,0.0,3.0,0.25,0.25,0.0,3.0,0.0,0.0,0.0,0.0,0.0,,4.0,0.0,0.0,0.0,0.5,2.0,0.5,4.0,2.0,0.333,0.5,0.333,,,,,,,,,,,,,,0.0,0.4,2.0,2.0,3.0,0.6,0.667,5.0,0.167,2.0,0.0,0.417,0.25,0.0,0.0,0.0,0.0,0.0,1.0,1.0,0.0,6.0,0.4,0.0,0.0,0.333,0.357,0.0,0.0,3.0,0.0,0.0,0.667,2.0,2.0,0.0,0.0,3.0,0.0,0.0,3.0,0.0,0.0,0.0,0.333,0.0,2.0,6.0,0.0,0.0,0.0,0.0,0.0,0.0,0.127,0.586,0.217,57.0,0.713,80.0,0.0,2.0,,0.0,0.0,1.0,2.0,,1.0,2.0,0.0,0.333,0.0,0.0,2.0,0.0,0.0,0.0,0.0,1.0,0.0,1.0,,0.0,1.0,6.0,0.0,0.6,5.0,1.0,2.0,2.0,2.0,2016,21500645,,9.0,13.0,0.692,0.423,0.269,,,,,,,,,,,,,,,,,,,,,,,,,,,,,,,20160122.0,2015-16,False,CHA,,,,,,,,,,,,,,,,,,,,,,,,,,,1.4,1.3,4.61,4.88,2.7,4.36,Elfrid,1.0,0.0,1.0,0.0,35.8,1.0,0.0,34.0,1.0,98.0,98.0,98.0,25.0,65.0,28.0,146.0,18.0,51.0,19.0,77.0,98.0,1.0,14.0,21.0,16.0,3.0,3.0,30.0,63.0,172.0,173.0,47.0,67.0,159.0,29.0,1.0,2.0,24.0,97.44,67.0,120.8,72.0,4.0,37.0,-15.2,23.0,63.0,105.0,143.0,52.0,147.0,65.0,142.0,72.0,50.0,14.0,141.0,142.0,105.6,148.0,28.0,105.0,130.0,8.0,130.0,125.0,147.0,136.0,46.0,102.0,31.0,11.0,,,1.0,G,ORL,,,,,,,,,,,,,,,,,,,,,,,,,,,,,,,,,,,,,,,,,,,,,,,,,,,14301.0,106.0,,,,,,,,,,,,,,,1610612766.0,ORL,CHA,ORL,CHA,,,,,,,,,,,,,,,,,,,
203901,Elfrid Payton,1610612753,ORL,22.0,33.483333333333334,4,9,0.444,1,1,1.0,0,0,0.0,0,4,4,12,3,1,1,1,2,0,9,23,88.4,4.0,0.148,0.5,12.5,75,0.148,28.2,114.7,106.08,50.0,0.095,0.414,0.053,0.5,0.0,113.1,107.69,84.9,86.3,12.5,28.4,0.109,65.0,0.185,71.0,0.185,22.0,0.0,12.0,0.0,27.0,0.0,4.0,0.0,0.0,6.0,0.364,0.091,4.0,11.0,1.0,0.0,0.364,0.0,0.333,0.0,0.0,2.0,0.0,0.114,1.0,5.09,5.2,79.0,1.0,0.0,0.0,30.0,6.7,0.0,4.0,9.4,1.0,0.0,0.364,0.25,0.0,8.0,9.4,0.333,0.0,3.0,1.0,3.0,0.571,0.5,0.25,0.0,1.0,0.0,0.0,1.0,0.0,12.0,0.0,,0.0,2.0,0.25,0.25,0.0,2.0,0.0,0.0,0.0,0.0,0.0,,5.0,0.0,0.0,0.0,0.6,3.0,0.6,5.0,3.0,0.625,0.6,0.625,,,,,,,,,,,,,,,1.0,1.0,0.0,1.0,1.5,1.0,1.0,0.0,1.0,0.0,0.125,0.125,0.0,0.0,0.0,0.0,,0.0,1.0,0.0,3.0,1.0,0.0,0.0,0.0,0.5,0.0,0.0,0.0,1.0,1.0,0.0,2.0,0.0,0.25,1.0,0.0,0.0,,0.0,1.0,1.0,1.0,0.5,0.0,4.0,4.0,,0.0,0.0,1.0,,0.0,0.082,0.59,0.234,88.0,0.672,131.0,1.0,2.0,,0.0,,,0.0,,2.0,0.0,0.5,0.5,0.0,,2.0,1.0,0.0,0.0,,1.0,,0.0,,,0.0,4.0,1.0,1.5,1.0,1.0,1.0,1.0,1.0,2016,21500897,,3.0,9.0,0.333,0.415,-0.082,,,,,,,,,,,,,,,,,,,,,,,,,,,,,,,20160302.0,2015-16,False,CHI,,,,,,,,,,,,,,,,,,,,,,,,,,,1.4,1.2,4.67,5.27,2.6,4.11,Elfrid,1.0,1.0,0.0,1.0,34.8,0.0,0.0,30.0,1.0,1.0,1.0,1.0,43.0,74.0,79.0,105.0,50.0,119.0,1.0,127.0,135.0,127.0,111.0,69.0,90.0,3.0,22.0,36.0,26.0,154.0,102.0,166.0,102.0,3.0,36.0,16.0,1.0,39.0,106.08,164.0,86.3,46.0,4.0,111.0,28.4,6.0,153.0,51.0,157.0,42.0,45.0,74.0,126.0,46.0,148.0,9.0,155.0,32.0,114.7,46.0,79.0,51.0,27.0,16.0,27.0,54.0,45.0,86.0,162.0,98.0,12.0,9.0,,,1.0,G,ORL,,,,,,,,,,,,,,,,,,,,,,,,,,,,,,,,,,,,,,,,,,,,,,,,,,,13884.0,104.0,,,,,,,,,,,,,,,1610612741.0,ORL,CHI,ORL,CHI,,,,,,,,,,,,,,,,,,,
203901,Elfrid Payton,1610612753,ORL,22.0,28.883333333333333,5,8,0.625,2,3,0.667,0,2,0.0,0,2,2,6,4,1,0,2,2,1,12,-14,93.48,1.5,0.171,0.676,21.1,67,0.17,-21.9,103.0,112.18,31.6,0.087,0.273,0.035,0.75,0.0,100.4,113.47,122.3,122.1,21.2,-19.1,0.069,54.0,0.13,60.0,0.111,11.0,1.0,7.0,0.0,17.0,0.077,5.0,1.0,2.0,3.0,0.385,0.077,6.0,13.0,1.0,4.0,0.462,0.154,0.667,1.0,0.25,2.0,0.0,0.174,0.0,4.82,4.54,69.0,2.0,0.0,0.0,17.0,5.5,0.0,3.0,7.8,0.0,0.0,0.4,0.0,0.0,2.0,7.8,0.4,0.0,2.0,0.0,2.0,1.0,1.0,0.0,0.0,0.0,0.0,0.0,0.0,0.0,5.0,,,,,,,,,,,,,,,3.0,0.0,0.0,0.0,1.0,3.0,1.0,3.0,3.0,0.5,1.0,0.5,,,,,,,,,,,,,,0.0,0.667,2.0,1.0,2.0,1.0,1.0,3.0,0.167,2.0,0.0,0.5,0.333,0.0,0.0,0.0,0.0,,0.0,1.0,0.0,6.0,1.0,0.0,0.0,0.0,0.75,0.0,0.0,0.0,0.0,0.0,1.0,3.0,2.0,0.0,0.0,1.0,0.0,0.0,2.0,0.0,0.0,0.0,1.0,0.0,1.0,3.0,0.0,0.0,0.0,0.0,1.0,0.0,0.098,0.593,0.229,83.0,0.692,120.0,0.0,1.0,0.0,0.0,0.0,0.0,2.0,0.0,0.0,2.0,0.0,1.0,0.0,1.0,3.0,0.0,0.0,0.0,0.0,1.0,0.0,1.0,0.0,0.0,0.0,3.0,0.0,1.5,2.0,1.0,2.0,2.0,2.0,2016,21500855,,7.0,10.0,0.7,0.476,0.224,,,,,,,,,,,,,,,,,,,,,,,,,,,,,,,20160225.0,2015-16,False,GSW,,,,,,,,,,,,,,,,,,,,,,,,,,,1.3,1.0,4.79,5.17,2.3,4.37,Elfrid,1.0,0.0,1.0,0.0,22.4,0.0,0.0,24.0,1.0,69.0,69.0,69.0,47.0,35.0,51.0,30.0,12.0,28.0,12.0,69.0,43.0,69.0,65.0,61.0,76.0,12.0,6.0,27.0,40.0,128.0,66.0,60.0,42.0,125.0,48.0,7.0,1.0,41.0,112.18,81.0,122.1,15.0,5.0,65.0,-19.1,20.0,75.0,80.0,110.0,12.0,109.0,35.0,36.0,15.0,81.0,8.0,109.0,108.0,103.0,108.0,51.0,80.0,109.0,17.0,109.0,90.0,109.0,19.0,105.0,78.0,28.0,12.0,,,,G,ORL,,,,,,,,,,,,,,,,,,,,,,,,,,,,,,,,,,,,,,,,,,,,,,,,,,,12246.0,107.0,,,,,,,,,,,,,,,1610612744.0,ORL,GSW,ORL,GSW,,,,,,,,,,,,,,,,,,,
203901,Elfrid Payton,1610612753,ORL,22.0,4.8,0,0,0.0,0,0,0.0,0,0,0.0,0,0,0,1,1,0,0,0,0,0,0,0,62.5,1.0,0.111,0.0,50.0,7,0.111,-10.7,85.7,75.0,50.0,0.0,0.5,0.0,0.0,0.0,75.0,75.0,85.7,75.0,50.0,10.7,0.0,8.0,0.125,9.0,0.125,1.0,0.0,1.0,0.0,3.0,0.5,0.0,1.0,0.0,0.0,0.0,0.5,0.0,2.0,1.0,0.0,0.0,0.0,0.0,0.0,0.0,0.0,0.0,0.0,0.0,4.95,4.56,9.0,0.0,0.0,0.0,3.0,0.7,0.0,,,,,,,,,,,,,,,,,,,,,,,,,,,,,,,,,,,,,,,,,,,,,,,,,,,,,,,,,,,,,,,,,,,,,,,,,,,,,,,0.0,,,,0.0,0.0,0.0,0.0,0.0,0.0,0.0,0.0,0.0,0.0,0.0,0.0,0.0,0.0,0.0,0.0,0.0,,0.0,0.0,,0.0,0.0,,,0.0,0.0,0.0,0.0,,0.0,0.0,0.0,,0.0,0.104,0.588,0.208,45.0,0.692,65.0,0.0,0.0,,0.0,,,0.0,,0.0,0.0,0.0,0.0,0.0,,0.0,0.0,0.0,0.0,,0.0,,0.0,,,0.0,0.0,0.0,,0.0,,,,0.0,2016,21500475,,0.0,1.0,0.0,0.391,-0.391,,,,,,,,,,,,,,,,,,,,,,,,,,,,,,,20151230.0,2015-16,False,BKN,,,,,,,,,,,,,,,,,,,,,,,,,,,0.2,0.2,3.76,4.8,0.3,5.26,Elfrid,1.0,1.0,0.0,1.0,0.5,0.0,0.0,1.0,1.0,1.0,1.0,1.0,205.0,185.0,206.0,185.0,95.0,145.0,95.0,125.0,130.0,125.0,117.0,181.0,191.0,99.0,75.0,103.0,66.0,1.0,1.0,157.0,192.0,91.0,205.0,20.0,1.0,207.0,75.0,180.0,75.0,209.0,0.0,117.0,10.7,5.0,177.0,173.0,204.0,209.0,7.0,185.0,192.0,209.0,181.0,0.0,204.0,141.0,85.7,29.0,206.0,173.0,65.0,6.0,65.0,198.0,7.0,185.0,191.0,175.0,61.0,0.0,,,,G,ORL,,,,,,,,,,,,,,,,,,,,,,,,,,,,,,,,,,,,,,,,,,,,,,,,,,,1713.0,90.0,,,,,,,,,,,,,,,1610612751.0,ORL,BKN,ORL,BKN,,,,,,,,,,,,,,,,,,,
203901,Elfrid Payton,1610612753,ORL,22.0,20.12333333333333,4,9,0.444,0,1,0.0,1,2,0.5,0,3,3,2,0,1,0,0,2,2,9,-14,77.52,0.0,0.238,0.455,0.0,39,0.249,-33.4,82.1,93.03,16.7,0.188,0.2,0.091,0.444,0.0,85.0,91.21,118.4,117.9,0.0,-35.9,0.095,40.0,0.075,43.0,0.05,5.0,0.0,3.0,0.0,6.0,0.0,3.0,0.0,1.0,3.0,0.333,0.111,4.0,9.0,1.0,2.0,0.444,0.111,0.333,1.0,0.5,1.0,0.0,0.173,1.0,4.95,4.5,52.0,1.0,0.0,2.0,20.0,4.3,0.0,1.0,9.0,0.0,0.0,0.75,0.0,0.0,3.0,9.0,0.75,0.0,3.0,0.0,3.0,1.0,1.0,0.0,0.0,0.0,0.0,0.0,0.0,0.0,4.0,0.0,,0.0,1.0,0.111,0.111,0.0,1.0,0.0,0.0,0.0,0.0,0.0,,4.0,0.0,0.0,0.0,0.5,2.0,0.5,4.0,2.0,0.444,0.5,0.444,0.0,0.111,1.0,1.0,1.0,1.0,0.0,,0.0,1.0,0.111,1.0,1.0,0.5,0.333,0.0,2.0,1.0,0.333,0.0,3.0,0.222,1.0,1.0,0.333,0.111,0.667,0.0,4.0,0.667,,0.0,3.0,2.0,0.0,0.0,2.0,1.0,0.0,0.444,0.0,0.0,0.0,1.0,0.0,0.0,2.0,0.0,0.5,0.0,2.0,0.0,,0.0,1.0,0.0,0.0,0.5,0.0,2.0,4.0,,1.0,1.0,0.0,,0.5,0.066,0.595,0.222,35.0,0.66,53.0,1.0,2.0,,0.0,0.0,0.0,0.0,,0.0,0.0,0.5,0.5,1.0,,2.0,0.0,0.0,0.5,,1.0,,0.0,,0.0,2.0,4.0,0.0,0.0,1.0,0.0,1.0,0.0,0.0,2016,21500334,,4.0,9.0,0.444,0.443,0.002,,,,,,,,,,,,,,,,,,,,,,,,,,,,,,,20151211.0,2015-16,False,CLE,,,,,,,,,,,,,,,,,,,,,,,,,,,0.8,0.8,4.8,4.94,1.6,4.66,Elfrid,1.0,0.0,1.0,0.0,18.6,0.0,0.0,16.0,1.0,118.0,118.0,118.0,142.0,77.0,78.0,121.0,99.0,109.0,99.0,76.0,61.0,78.0,120.0,86.0,115.0,73.0,157.0,50.0,78.0,1.0,106.0,68.0,96.0,208.0,104.0,16.0,1.0,116.0,93.03,52.0,117.9,172.0,4.0,120.0,-35.9,86.0,55.0,204.0,1.0,190.0,181.0,77.0,159.0,172.0,61.0,9.0,1.0,204.0,82.1,181.0,78.0,204.0,210.0,56.0,210.0,201.0,181.0,145.0,103.0,112.0,122.0,9.0,,,1.0,G,ORL,,,,,,,,,,,,,,,,,,,,,,,,,,,,,,,,,,,,,,,,,,,,,,,,,,,8330.0,93.0,,,,,,,,,,,,,,,1610612739.0,ORL,CLE,ORL,CLE,,,,,,,,,,,,,,,,,,,
203901,Elfrid Payton,1610612753,ORL,22.0,36.833333333333336,9,18,0.5,1,3,0.333,2,4,0.5,2,2,4,8,1,4,0,0,4,3,21,1,83.08,8.0,0.236,0.531,3.4,77,0.235,0.1,103.9,99.69,27.6,0.049,0.348,0.049,0.528,0.049,103.7,99.95,103.6,103.9,3.5,-0.1,0.142,71.0,0.127,82.0,0.113,19.0,1.0,9.0,0.0,21.0,0.0,3.0,0.0,1.0,1.0,0.429,0.143,4.0,7.0,1.0,2.0,0.571,0.143,1.0,1.0,0.5,1.0,0.0,0.221,3.0,4.81,4.48,95.0,3.0,0.0,0.0,35.0,7.6,1.333,4.0,8.1,1.0,0.5,0.5,0.0,1.0,6.0,11.4,0.4,4.7,2.0,2.0,3.0,0.5,0.333,0.25,0.0,2.0,0.5,0.5,0.0,1.0,10.0,0.0,,0.0,2.0,0.111,0.111,1.0,2.0,0.0,0.5,0.5,1.0,0.5,,5.0,0.0,0.0,0.0,0.6,3.0,0.6,5.0,3.0,0.278,0.6,0.278,2.0,0.389,7.0,5.0,3.0,0.429,0.111,0.0,0.0,0.429,0.278,3.0,0.6,0.333,0.5,1.0,3.0,1.0,0.625,1.0,4.0,0.167,2.0,1.0,0.222,0.056,0.25,0.0,4.0,0.25,0.0,1.0,8.0,2.0,3.0,0.333,0.0,0.0,1.0,0.528,0.0,0.0,4.0,1.0,0.0,0.333,5.0,1.0,0.25,0.0,5.0,0.0,0.0,3.0,0.0,0.0,0.0,0.833,0.0,4.0,6.0,0.0,0.0,2.0,0.0,0.0,0.4,0.028,0.597,0.227,30.0,0.625,48.0,1.0,2.0,,0.0,,,1.0,,2.0,3.0,0.5,0.833,2.0,0.0,5.0,0.0,0.0,0.5,0.0,1.0,0.0,0.333,,,4.0,6.0,0.0,0.5,3.0,0.5,2.0,1.0,1.0,2016,21500298,,2.0,6.0,0.333,0.5,-0.167,,,,,,,,,,,,,,,,,,,,,,,,,,,,,,,20151205.0,2015-16,False,LAC,,,,,,,,,,,,,,,,,,,,,,,,,,,1.5,1.4,4.73,5.09,2.9,4.39,Elfrid,1.0,0.0,1.0,0.0,48.8,0.0,0.0,42.0,1.0,106.0,106.0,106.0,17.0,9.0,10.0,65.0,43.0,56.0,57.0,60.0,47.0,85.0,26.0,112.0,87.0,4.0,78.0,1.0,65.0,1.0,153.0,48.0,18.0,90.0,8.0,16.0,1.0,13.0,99.69,61.0,103.9,75.0,9.0,70.0,-0.1,34.0,56.0,109.0,63.0,64.0,89.0,9.0,103.0,75.0,157.0,18.0,63.0,102.0,103.9,85.0,10.0,109.0,108.0,19.0,108.0,118.0,89.0,89.0,138.0,55.0,1.0,21.0,,,1.0,G,ORL,,,,,,,,,,,,,,,,,,,,,,,,,,,,,,,,,,,,,,,,,,,,,,,,,,,15212.0,97.0,,,,,,,,,,,,,,,1610612746.0,LAC,ORL,ORL,LAC,,,,,,,,,,,,,,,,,,,
203901,Elfrid Payton,1610612753,ORL,22.0,32.68333333333333,6,14,0.429,0,1,0.0,2,2,1.0,0,3,3,7,2,2,0,2,3,2,14,13,83.22,3.5,0.224,0.47,8.3,69,0.229,20.8,108.7,99.87,29.2,0.103,0.292,0.049,0.429,0.0,110.6,100.51,89.8,92.5,8.4,16.2,0.108,58.0,0.121,72.0,0.121,11.0,0.0,7.0,0.0,17.0,0.0,6.0,0.0,0.0,5.0,0.857,0.286,0.0,7.0,2.0,0.0,0.0,0.0,0.6,0.0,0.0,3.0,0.0,0.182,1.0,5.18,5.42,77.0,0.0,0.0,0.0,26.0,6.6,0.0,2.0,6.8,0.0,0.0,0.375,0.0,0.0,7.0,6.8,0.333,0.0,3.0,1.0,3.0,0.5,0.429,0.0,0.0,1.0,0.0,0.0,0.0,0.0,9.0,0.0,,0.0,5.0,0.417,0.417,4.0,5.0,0.0,0.8,0.8,4.0,0.8,,4.0,0.0,0.0,0.0,0.5,2.0,0.5,4.0,2.0,0.333,0.5,0.333,0.0,0.167,2.0,2.0,0.0,0.0,0.0,,0.0,0.0,0.167,0.0,0.0,,0.0,0.0,0.0,1.0,0.0,0.0,1.0,0.0,0.0,0.0,0.083,0.083,0.0,0.0,0.0,0.0,,0.0,2.0,0.0,0.0,0.0,0.0,0.0,0.0,0.429,0.0,0.0,0.0,1.0,0.0,0.0,5.0,0.0,0.25,0.0,2.0,0.0,0.0,0.0,1.0,0.0,0.0,0.714,0.0,4.0,7.0,0.0,1.0,0.0,0.0,0.0,0.0,0.017,0.592,0.224,28.0,0.609,46.0,1.0,1.0,,0.0,0.0,0.0,0.0,,1.0,0.0,1.0,0.556,0.0,0.0,5.0,0.0,0.0,0.0,0.0,1.0,0.0,0.0,,0.0,2.0,9.0,0.0,0.0,1.0,0.0,1.0,0.0,0.0,2016,21500279,,4.0,12.0,0.333,0.417,-0.083,,,,,,,,,,,,,,,,,,,,,,,,,,,,,,,20151203.0,2015-16,False,UTA,,,,,,,,,,,,,,,,,,,,,,,,,,,1.2,1.3,4.59,4.73,2.5,4.48,Elfrid,1.0,1.0,0.0,1.0,32.1,0.0,0.0,28.0,1.0,1.0,1.0,1.0,22.0,22.0,15.0,67.0,53.0,64.0,53.0,33.0,39.0,1.0,65.0,44.0,58.0,6.0,18.0,6.0,39.0,125.0,98.0,37.0,33.0,9.0,24.0,5.0,1.0,30.0,99.87,41.0,92.5,45.0,6.0,65.0,16.2,22.0,41.0,54.0,74.0,31.0,28.0,22.0,87.0,45.0,81.0,14.0,71.0,20.0,108.7,23.0,15.0,54.0,29.0,21.0,29.0,50.0,28.0,78.0,96.0,57.0,8.0,14.0,,,1.0,G,ORL,,,,,,,,,,,,,,,,,,,,,,,,,,,,,,,,,,,,,,,,,,,,,,,,,,,13221.0,96.0,,,,,,,,,,,,,,,1610612762.0,UTA,ORL,ORL,UTA,,,,,,,,,,,,,,,,,,,
203901,Elfrid Payton,1610612753,ORL,22.0,34.766666666666666,5,15,0.333,1,3,0.333,0,0,0.0,4,6,10,8,2,1,0,2,1,3,11,-11,85.14,4.0,0.185,0.367,8.0,75,0.19,-17.6,78.7,102.17,32.0,0.167,0.4,0.119,0.367,0.083,78.1,102.61,95.7,95.9,8.0,-17.2,0.169,79.0,0.127,83.0,0.101,16.0,0.0,10.0,0.0,23.0,0.0,0.0,0.0,0.0,4.0,0.0,0.143,2.0,7.0,1.0,0.0,0.286,0.0,0.0,0.0,0.0,0.0,0.0,0.109,0.0,4.46,4.69,101.0,2.0,0.0,0.0,43.0,7.5,1.0,8.0,8.2,3.0,0.5,0.667,0.333,2.0,7.0,7.1,0.667,10.2,4.0,0.0,6.0,0.857,0.857,0.3,0.0,0.0,0.25,0.5,2.0,1.0,15.0,0.0,,0.0,2.0,0.154,0.154,0.0,2.0,0.0,0.0,0.0,0.0,0.0,0.0,2.0,0.0,1.0,0.077,0.0,0.0,0.0,1.0,0.0,0.154,0.0,0.077,1.0,0.538,7.0,6.0,3.0,0.643,0.077,1.0,1.0,0.571,0.462,4.0,0.5,1.0,0.5,0.0,1.0,1.0,0.5,0.0,2.0,0.077,1.0,1.0,0.154,0.077,0.5,1.0,7.0,0.583,1.0,1.0,6.0,3.0,2.0,0.333,0.0,0.0,1.0,0.367,0.0,0.0,2.0,0.0,0.0,1.0,1.0,1.0,0.0,0.0,6.0,0.0,0.0,1.0,2.0,0.0,0.0,0.25,0.0,2.0,4.0,0.0,2.0,3.0,0.0,0.0,0.5,,,,,,,0.0,1.0,0.0,0.0,0.0,0.0,1.0,0.0,2.0,1.0,0.0,0.25,1.0,0.0,1.0,2.0,0.0,0.5,0.0,5.0,0.0,1.0,0.0,0.0,2.0,4.0,0.4,0.333,3.0,0.0,2.0,0.0,1.0,2016,21500004,,6.0,8.0,0.75,0.426,0.324,,,,,,,,,,,,,,,,,,,,,,,,,,,,,,,20151028.0,2015-16,False,WAS,,,,,,,,,,,,,,,,,,,,,,,,,,,1.6,1.3,4.85,5.22,2.8,4.78,Elfrid,1.0,0.0,1.0,0.0,36.0,1.0,0.0,32.0,1.0,155.0,155.0,155.0,36.0,58.0,29.0,188.0,61.0,73.0,78.0,161.0,170.0,161.0,6.0,33.0,16.0,6.0,53.0,57.0,94.0,274.0,47.0,73.0,102.0,249.0,31.0,1.0,1.0,38.0,102.17,142.0,95.9,132.0,5.0,47.0,-17.2,38.0,142.0,261.0,133.0,140.0,108.0,58.0,218.0,132.0,98.0,15.0,133.0,223.0,78.7,108.0,29.0,261.0,220.0,16.0,220.0,258.0,108.0,195.0,86.0,50.0,16.0,11.0,,,1.0,,ORL,,,,,,,,,,,,,,,,,,,,,,,,,,,,,,,,,,,,,,,,,,,,,,,,,,,14850.0,99.0,,,,,,,,,,,,,,,1610612764.0,ORL,WAS,ORL,WAS,,,,,,,,,,,,,,,,,,,
203901,Elfrid Payton,1610612753,ORL,22.0,24.78333333333333,1,5,0.2,0,2,0.0,0,2,0.0,1,3,4,7,2,1,0,0,1,1,2,-5,83.12,3.5,0.143,0.17,13.3,51,0.143,-12.9,107.8,99.74,46.7,0.13,0.318,0.083,0.2,0.04,105.6,99.47,118.5,115.4,13.4,-7.5,0.037,46.0,0.196,50.0,0.152,17.0,0.0,9.0,2.0,17.0,0.1,2.0,1.0,1.0,2.0,0.2,0.2,4.0,10.0,2.0,2.0,0.4,0.1,0.5,0.0,0.0,1.0,0.0,0.035,0.0,5.47,5.53,57.0,1.0,0.0,0.0,15.0,5.2,0.0,2.0,9.7,1.0,0.5,0.8,0.0,0.0,3.0,9.7,0.8,9.9,3.0,0.0,3.0,1.0,1.0,0.25,0.0,0.0,1.0,0.5,0.0,1.0,5.0,,,,,,,,,,,,,,,3.0,0.0,0.0,0.0,0.333,1.0,0.333,3.0,1.0,0.6,0.333,0.6,,,,,,,,,,,,,,,0.0,0.0,0.0,2.0,0.0,0.0,2.0,0.0,0.0,0.0,0.4,0.4,,0.0,0.0,,,0.0,0.0,0.0,0.0,0.0,0.0,0.0,0.0,0.2,0.0,0.0,0.0,0.0,0.0,0.0,1.0,0.0,0.0,0.0,0.0,0.0,0.0,2.0,0.0,0.0,0.0,1.0,0.0,2.0,1.0,0.0,0.0,0.0,0.0,0.0,0.0,0.069,0.589,0.267,129.0,0.658,196.0,0.0,2.0,,0.0,,,0.0,,0.0,1.0,0.0,1.0,0.0,0.0,1.0,0.0,0.0,0.0,0.0,1.0,0.0,0.0,,,0.0,1.0,0.0,0.0,2.0,0.0,2.0,0.0,0.0,2016,21501219,,3.0,9.0,0.333,0.443,-0.11,,,,,,,,,,,,,,,,,,,,,,,,,,,,,,,20160413.0,2015-16,False,CHA,,,,,,,,,,,,,,,,,,,,,,,,,,,0.9,0.9,4.36,4.73,1.8,4.05,Elfrid,1.0,0.0,1.0,0.0,18.3,0.0,0.0,15.0,1.0,147.0,147.0,147.0,140.0,221.0,191.0,236.0,135.0,128.0,135.0,146.0,80.0,146.0,74.0,120.0,116.0,13.0,56.0,57.0,96.0,1.0,56.0,136.0,244.0,197.0,170.0,19.0,2.0,183.0,99.74,202.0,115.4,157.0,1.0,106.0,-7.5,12.0,198.0,110.0,205.0,154.0,215.0,221.0,251.0,157.0,133.0,5.0,197.0,199.0,107.8,227.0,191.0,110.0,182.0,32.0,182.0,123.0,215.0,243.0,134.0,222.0,23.0,2.0,,,,G,ORL,,,,,,,,,,,,,,,,,,,,,,,,,,,,,,,,,,,,,,,,,,,,,,,,,,,9624.0,101.0,,,,,,,,,,,,,,,1610612766.0,CHA,ORL,ORL,CHA,,,,,,,,,,,,,,,,,,,
203901,Elfrid Payton,1610612753,ORL,22.0,30.265,3,9,0.333,0,1,0.0,0,0,0.0,0,6,6,10,3,1,0,2,3,2,6,-8,87.23,3.33,0.164,0.333,13.6,67,0.17,-9.8,101.5,104.68,45.5,0.2,0.385,0.102,0.333,0.0,102.2,106.55,112.0,116.9,13.6,-15.4,0.072,64.0,0.172,67.0,0.156,13.0,0.0,11.0,2.0,18.0,0.125,0.0,1.0,0.0,2.0,0.0,0.25,3.0,8.0,2.0,0.0,0.375,0.0,0.0,0.0,0.0,0.0,0.0,0.076,1.0,5.35,5.77,79.0,3.0,0.0,0.0,26.0,7.0,1.333,5.0,8.3,1.0,0.0,0.545,0.167,0.0,7.0,8.3,0.5,0.0,6.0,1.0,6.0,1.0,0.857,0.167,0.0,1.0,0.0,0.0,1.0,0.0,12.0,0.0,,0.0,3.0,0.429,0.429,2.0,3.0,0.0,0.667,0.667,2.0,0.667,,2.0,0.0,0.0,0.0,0.5,1.0,0.5,2.0,1.0,0.286,0.5,0.286,1.0,0.286,2.0,1.0,0.0,0.0,0.143,0.0,0.0,0.0,0.143,0.0,0.0,,,,,,,,,,,,,,0.0,0.0,0.0,0.0,,0.0,1.0,0.0,0.0,0.0,0.0,0.0,0.667,0.333,0.0,0.0,4.0,0.0,0.0,0.0,3.0,0.0,0.0,0.0,1.0,0.0,0.0,1.0,0.0,0.0,0.0,0.5,0.0,1.0,6.0,0.0,0.0,0.0,0.0,0.0,0.0,0.056,0.589,0.256,109.0,0.645,169.0,0.0,0.0,0.0,0.0,,,0.0,0.0,0.0,1.0,0.0,0.429,0.0,0.0,3.0,0.0,0.0,0.0,0.0,0.0,0.0,0.0,0.0,,1.0,7.0,0.0,0.0,1.0,0.0,1.0,0.0,0.0,2016,21501133,,7.0,10.0,0.7,0.437,0.264,,,,,,,,,,,,,,,,,,,,,,,,,,,,,,,20160401.0,2015-16,False,MIL,,,,,,,,,,,,,,,,,,,,,,,,,,,1.2,1.0,4.38,4.82,2.2,3.93,Elfrid,1.0,0.0,1.0,0.0,28.2,0.0,0.0,24.0,1.0,97.0,97.0,97.0,71.0,97.0,78.0,127.0,102.0,111.0,102.0,114.0,122.0,114.0,104.0,33.0,46.0,2.0,17.0,40.0,75.0,174.0,133.0,56.0,120.0,157.0,65.0,20.0,2.0,76.0,104.68,119.0,116.9,32.0,3.0,104.0,-15.4,8.0,118.0,107.0,133.0,18.0,170.0,97.0,152.0,32.0,42.0,9.0,131.0,138.0,101.5,149.0,78.0,107.0,153.0,14.0,153.0,105.0,170.0,141.0,70.0,127.0,8.0,6.0,,,1.0,G,ORL,,,,,,,,,,,,,,,,,,,,,,,,,,,,,,,,,,,,,,,,,,,,,,,,,,,11624.0,104.0,,,,,,,,,,,,,,,1610612749.0,MIL,ORL,ORL,MIL,,,,,,,,,,,,,,,,,,,
203901,Elfrid Payton,1610612753,ORL,22.0,29.616666666666667,7,9,0.778,0,0,0.0,1,1,1.0,1,2,3,10,3,0,2,0,1,3,15,16,75.63,3.33,0.185,0.794,13.6,56,0.191,31.5,130.4,90.76,45.5,0.065,0.385,0.056,0.778,0.043,129.9,92.51,98.3,101.8,13.4,28.6,0.187,60.0,0.183,68.0,0.167,16.0,0.0,11.0,1.0,22.0,0.118,11.0,2.0,0.0,6.0,0.647,0.176,6.0,17.0,3.0,0.0,0.353,0.0,0.833,0.0,0.0,5.0,0.0,0.2,1.0,5.62,5.4,75.0,0.0,0.0,0.0,26.0,7.0,0.0,1.0,9.5,0.0,1.0,0.6,0.0,1.0,7.0,2.9,0.375,22.6,2.0,3.0,3.0,0.5,0.286,0.0,0.0,3.0,0.0,1.0,0.0,0.0,8.0,0.0,,0.0,4.0,0.444,0.444,3.0,4.0,0.0,0.75,0.75,3.0,0.75,,4.0,0.0,0.0,0.0,1.0,4.0,1.0,4.0,4.0,0.444,1.0,0.444,0.0,0.111,1.0,1.0,0.0,0.0,0.0,,0.0,0.0,0.111,0.0,0.0,,,,,,,,,,,,,,0.5,,2.0,0.5,,,2.0,1.0,0.0,0.0,0.0,0.0,0.0,0.778,0.0,0.0,0.0,2.0,0.0,0.0,4.0,0.0,0.667,0.0,2.0,0.0,0.0,0.0,0.0,0.0,0.0,1.0,0.0,3.0,4.0,0.0,0.0,1.0,0.0,0.0,0.5,0.064,0.588,0.249,103.0,0.652,158.0,2.0,3.0,,1.0,0.0,0.0,0.0,,2.0,0.0,0.667,1.0,0.0,0.0,4.0,0.0,0.5,0.0,0.0,0.0,0.0,0.0,,0.0,0.0,4.0,0.0,,0.0,,,,0.0,2016,21501083,,2.0,11.0,0.182,0.427,-0.245,,,,,,,,,,,,,,,,,,,,,,,,,,,,,,,20160326.0,2015-16,False,CHI,,,,,,,,,,,,,,,,,,,,,,,,,,,1.1,1.1,4.26,4.94,2.1,4.07,Elfrid,1.0,1.0,0.0,1.0,36.6,1.0,0.0,32.0,1.0,1.0,1.0,1.0,59.0,22.0,73.0,20.0,90.0,139.0,90.0,88.0,100.0,1.0,52.0,118.0,112.0,4.0,13.0,93.0,8.0,1.0,41.0,39.0,45.0,20.0,19.0,1.0,2.0,30.0,90.76,101.0,101.8,169.0,7.0,77.0,28.6,13.0,101.0,15.0,156.0,146.0,97.0,22.0,34.0,169.0,160.0,9.0,157.0,23.0,130.4,74.0,73.0,15.0,26.0,17.0,26.0,17.0,97.0,31.0,144.0,30.0,12.0,15.0,,,1.0,G,ORL,,,,,,,,,,,,,,,,,,,,,,,,,,,,,,,,,,,,,,,,,,,,,,,,,,,11257.0,94.0,,,,,,,,,,,,,,,1610612741.0,ORL,CHI,ORL,CHI,,,,,,,,,,,,,,,,,,,
203901,Elfrid Payton,1610612753,ORL,22.0,34.13,6,9,0.667,0,0,0.0,2,4,0.5,4,3,7,7,4,0,0,0,2,4,14,-7,78.52,1.75,0.192,0.651,18.2,66,0.19,-8.1,98.5,94.23,31.8,0.088,0.368,0.096,0.667,0.103,97.6,94.73,105.7,105.9,18.4,-7.4,0.137,67.0,0.134,66.0,0.104,23.0,2.0,9.0,0.0,20.0,0.15,7.0,3.0,2.0,5.0,0.35,0.1,8.0,20.0,2.0,2.0,0.4,0.1,0.6,1.0,0.5,3.0,0.0,0.173,1.0,5.56,5.62,81.0,2.0,0.0,0.0,27.0,7.5,1.0,6.0,10.8,1.0,0.667,0.5,0.0,3.0,8.0,7.4,0.5,14.3,4.0,0.0,7.0,0.375,0.375,0.143,0.0,0.0,0.25,0.667,0.0,1.0,14.0,0.0,,0.0,3.0,0.333,0.333,2.0,3.0,0.0,0.667,0.667,2.0,0.667,,4.0,0.0,0.0,0.0,0.75,3.0,0.75,4.0,3.0,0.444,0.75,0.444,0.0,0.222,2.0,2.0,1.0,0.5,0.0,,0.0,0.5,0.222,1.0,0.5,,,,,,,,,,,,,,1.0,,2.0,1.0,,,1.0,1.0,0.0,0.0,0.0,0.0,1.0,0.667,0.0,0.0,2.0,2.0,0.0,0.0,2.0,0.0,0.5,0.0,2.0,0.0,0.0,0.0,0.0,0.0,0.0,0.667,0.0,4.0,3.0,0.0,0.0,2.0,0.0,0.0,1.0,0.076,0.591,0.245,102.0,0.667,153.0,3.0,5.0,,0.0,,,0.0,,0.0,0.0,0.6,0.667,1.0,0.0,2.0,0.0,0.0,1.0,0.0,0.0,0.0,0.0,,,1.0,3.0,0.0,,0.0,,,,0.0,2016,21501075,,6.0,11.0,0.545,0.48,0.066,,,,,,,,,,,,,,,,,,,,,,,,,,,,,,,20160325.0,2015-16,False,MIA,,,,,,,,,,,,,,,,,,,,,,,,,,,1.3,1.3,4.59,4.98,2.6,4.26,Elfrid,1.0,0.0,1.0,0.0,28.9,0.0,0.0,28.0,1.0,94.0,94.0,94.0,34.0,38.0,75.0,18.0,83.0,138.0,83.0,54.0,38.0,79.0,9.0,71.0,30.0,10.0,7.0,86.0,64.0,1.0,79.0,16.0,48.0,140.0,53.0,17.0,3.0,51.0,94.23,94.0,105.9,144.0,6.0,26.0,-7.4,30.0,90.0,137.0,164.0,146.0,72.0,38.0,56.0,144.0,119.0,9.0,164.0,114.0,98.5,71.0,75.0,137.0,113.0,14.0,113.0,141.0,72.0,34.0,71.0,54.0,48.0,14.0,,,1.0,G,ORL,,,,,,,,,,,,,,,,,,,,,,,,,,,,,,,,,,,,,,,,,,,,,,,,,,,13720.0,96.0,,,,,,,,,,,,,,,1610612748.0,MIA,ORL,ORL,MIA,,,,,,,,,,,,,,,,,,,
203901,Elfrid Payton,1610612753,ORL,22.0,34.483333333333334,9,21,0.429,0,3,0.0,2,4,0.5,5,5,10,10,1,1,0,3,3,2,20,-6,79.46,10.0,0.296,0.439,2.9,69,0.298,-9.4,118.8,95.35,29.4,0.179,0.435,0.147,0.429,0.125,119.3,95.41,128.7,129.4,3.0,-10.6,0.12,62.0,0.161,72.0,0.161,19.0,0.0,10.0,0.0,25.0,0.0,10.0,0.0,0.0,9.0,0.625,0.125,4.0,16.0,2.0,0.0,0.25,0.0,0.556,0.0,0.0,5.0,0.0,0.227,1.0,5.06,4.67,88.0,3.0,0.0,0.0,33.0,7.4,1.333,7.0,7.5,2.0,0.714,0.769,0.0,3.0,7.0,9.4,0.714,5.1,5.0,1.0,8.0,0.833,0.714,0.2,0.0,1.0,0.4,0.714,0.0,2.0,14.0,0.0,,0.0,5.0,0.278,0.278,4.0,5.0,0.0,0.8,0.8,4.0,0.8,,7.0,0.0,0.0,0.0,0.571,4.0,0.571,7.0,4.0,0.389,0.571,0.389,2.0,0.278,5.0,3.0,1.0,0.2,0.111,0.0,0.0,0.2,0.167,1.0,0.333,,0.0,0.0,0.0,1.0,0.0,0.0,1.0,0.0,0.0,0.0,0.056,0.056,0.0,0.0,0.0,0.0,,0.0,4.0,0.0,0.0,0.0,0.0,0.0,0.5,0.429,0.0,0.0,4.0,2.0,0.0,0.0,7.0,0.0,0.333,0.0,2.0,0.0,0.0,0.0,3.0,0.0,3.0,0.7,0.0,6.0,10.0,0.0,0.0,0.0,0.0,0.0,0.0,0.078,0.591,0.241,99.0,0.669,148.0,1.0,2.0,,0.0,0.0,0.0,0.0,,3.0,0.0,0.5,0.667,0.0,0.0,8.0,0.0,0.0,0.0,0.0,3.0,0.0,0.0,,0.0,1.0,12.0,0.0,0.0,3.0,0.0,3.0,0.0,0.0,2016,21501058,,5.0,10.0,0.5,0.43,0.07,,,,,,,,,,,,,,,,,,,,,,,,,,,,,,,20160323.0,2015-16,False,DET,,,,,,,,,,,,,,,,,,,,,,,,,,,1.3,1.3,4.36,4.77,2.5,4.32,Elfrid,1.0,0.0,1.0,0.0,49.0,1.0,1.0,42.0,1.0,124.0,124.0,124.0,47.0,14.0,6.0,133.0,121.0,73.0,121.0,62.0,39.0,105.0,6.0,43.0,21.0,5.0,76.0,41.0,90.0,246.0,181.0,69.0,29.0,173.0,10.0,1.0,1.0,18.0,95.35,22.0,129.4,157.0,9.0,24.0,-10.6,46.0,19.0,64.0,95.0,150.0,217.0,14.0,163.0,157.0,79.0,21.0,95.0,151.0,118.8,219.0,6.0,64.0,153.0,11.0,153.0,66.0,217.0,153.0,51.0,84.0,1.0,20.0,,,1.0,G,ORL,,,,,,,,,,,,,,,,,,,,,,,,,,,,,,,,,,,,,,,,,,,,,,,,,,,13335.0,96.0,,,,,,,,,,,,,,,1610612765.0,DET,ORL,ORL,DET,,,,,,,,,,,,,,,,,,,
203901,Elfrid Payton,1610612753,ORL,22.0,31.106666666666666,4,9,0.444,0,1,0.0,0,1,0.0,0,1,1,6,2,0,1,0,3,1,8,1,80.37,3.0,0.149,0.424,11.8,63,0.158,0.4,98.4,96.44,35.3,0.031,0.286,0.015,0.444,0.0,97.5,97.55,97.1,98.4,11.5,0.0,0.048,51.0,0.157,59.0,0.118,11.0,2.0,8.0,0.0,17.0,0.071,6.0,1.0,0.0,6.0,0.429,0.143,5.0,14.0,2.0,0.0,0.357,0.0,0.5,0.0,0.0,3.0,0.0,0.127,0.0,6.6,6.68,63.0,1.0,0.0,0.0,19.0,6.9,0.0,2.0,10.2,0.0,0.0,0.333,0.0,0.0,2.0,10.2,0.25,0.0,1.0,1.0,1.0,1.0,0.5,0.0,0.0,1.0,0.0,0.0,0.0,0.0,4.0,0.0,,0.0,4.0,0.444,0.444,3.0,4.0,0.0,0.75,0.75,3.0,0.75,,2.0,0.0,0.0,0.0,0.0,0.0,0.0,2.0,0.0,0.222,0.0,0.222,0.0,0.222,2.0,2.0,1.0,0.5,0.0,,0.0,0.5,0.222,1.0,0.5,,0.0,0.0,0.0,1.0,0.0,0.0,1.0,0.0,0.0,0.0,0.111,0.111,0.0,0.0,0.0,0.0,0.0,1.0,2.0,0.0,0.0,0.0,0.0,0.0,0.0,0.444,0.0,0.0,0.0,0.0,0.0,0.0,4.0,0.0,0.0,0.0,0.0,0.0,0.0,1.0,0.0,0.0,0.0,0.571,0.0,1.0,7.0,0.0,0.0,0.0,0.0,0.0,0.0,0.073,0.591,0.242,97.0,0.664,146.0,0.0,1.0,,0.0,,,0.0,,0.0,1.0,0.0,0.571,0.0,0.0,4.0,0.0,0.0,0.0,0.0,0.0,0.0,0.0,,,0.0,7.0,0.0,,0.0,,0.0,0.0,0.0,2016,21501046,,4.0,17.0,0.235,0.423,-0.187,,,,,,,,,,,,,,,,,,,,,,,,,,,,,,,20160321.0,2015-16,False,BOS,,,,,,,,,,,,,,,,,,,,,,,,,,,1.1,1.1,4.25,4.36,2.2,4.14,Elfrid,1.0,0.0,1.0,0.0,19.2,0.0,0.0,17.0,1.0,93.0,93.0,93.0,50.0,63.0,68.0,88.0,83.0,95.0,83.0,96.0,93.0,96.0,92.0,131.0,144.0,12.0,33.0,95.0,24.0,1.0,141.0,87.0,91.0,82.0,89.0,18.0,2.0,93.0,96.44,130.0,98.4,109.0,4.0,92.0,0.0,21.0,135.0,110.0,113.0,118.0,76.0,63.0,130.0,109.0,160.0,9.0,114.0,90.0,98.4,76.0,68.0,110.0,85.0,23.0,85.0,108.0,76.0,108.0,170.0,135.0,16.0,8.0,,,1.0,G,ORL,,,,,,,,,,,,,,,,,,,,,,,,,,,,,,,,,,,,,,,,,,,,,,,,,,,11810.0,98.0,,,,,,,,,,,,,,,1610612738.0,BOS,ORL,ORL,BOS,,,,,,,,,,,,,,,,,,,
203901,Elfrid Payton,1610612753,ORL,22.0,34.483333333333334,9,17,0.529,1,3,0.333,0,2,0.0,2,0,2,11,3,3,0,1,2,1,19,-9,88.74,3.67,0.247,0.531,9.4,75,0.245,-8.7,88.0,106.49,34.4,0.0,0.579,0.024,0.559,0.043,86.5,107.91,95.2,96.2,9.4,-8.2,0.189,68.0,0.176,81.0,0.162,22.0,0.0,12.0,1.0,25.0,0.0,10.0,0.0,1.0,8.0,0.588,0.176,5.0,17.0,3.0,2.0,0.294,0.059,0.625,0.0,0.0,5.0,0.0,0.213,1.0,5.12,4.83,89.0,1.0,0.0,0.0,34.0,7.6,0.0,6.0,22.1,0.0,0.333,0.222,0.0,1.0,3.0,0.0,0.222,22.1,0.0,0.0,1.0,0.0,0.0,0.0,0.0,0.0,0.0,0.333,0.0,0.0,9.0,0.0,,0.0,5.0,0.313,0.313,4.0,5.0,0.0,0.8,0.8,4.0,0.8,,4.0,0.0,0.0,0.0,0.5,2.0,0.5,4.0,2.0,0.25,0.5,0.25,1.0,0.25,4.0,3.0,1.0,0.25,0.063,0.0,0.0,0.25,0.188,1.0,0.333,1.0,0.667,1.0,1.0,2.0,0.833,0.5,3.0,0.063,2.0,1.0,0.188,0.125,0.5,1.0,5.0,0.625,0.5,2.0,4.0,2.0,0.0,0.0,0.0,0.0,0.0,0.559,0.0,0.0,0.0,0.0,1.0,0.0,7.0,0.0,0.0,0.0,2.0,1.0,0.0,2.0,1.0,0.0,0.0,0.583,1.0,0.0,12.0,0.0,1.0,1.0,1.0,0.0,0.5,0.087,0.59,0.235,90.0,0.677,133.0,0.0,0.0,0.0,0.0,0.0,0.0,0.0,0.0,0.0,2.0,0.0,0.583,1.0,0.0,7.0,1.0,0.0,0.5,0.0,1.0,0.0,0.0,0.0,0.0,2.0,12.0,1.0,0.0,1.0,0.0,1.0,0.0,0.0,2016,21500913,,5.0,8.0,0.625,0.399,0.226,,,,,,,,,,,,,,,,,,,,,,,,,,,,,,,20160304.0,2015-16,False,PHX,,,,,,,,,,,,,,,,,,,,,,,,,,,1.3,1.2,4.36,4.89,2.5,3.91,Elfrid,1.0,0.0,1.0,0.0,43.9,1.0,0.0,39.0,1.0,104.0,104.0,104.0,32.0,10.0,16.0,60.0,40.0,50.0,60.0,122.0,62.0,122.0,28.0,186.0,133.0,2.0,15.0,4.0,67.0,139.0,90.0,107.0,26.0,173.0,15.0,1.0,1.0,19.0,106.49,58.0,96.2,18.0,9.0,83.0,-8.2,15.0,52.0,163.0,112.0,12.0,68.0,10.0,100.0,18.0,186.0,17.0,109.0,137.0,88.0,63.0,16.0,163.0,129.0,3.0,129.0,163.0,68.0,76.0,188.0,36.0,15.0,19.0,,,1.0,G,ORL,,,,,,,,,,,,,,,,,,,,,,,,,,,,,,,,,,,,,,,,,,,,,,,,,,,13173.0,104.0,,,,,,,,,,,,,,,1610612756.0,ORL,PHX,ORL,PHX,,,,,,,,,,,,,,,,,,,
203901,Elfrid Payton,1610612753,ORL,22.0,24.261666666666667,5,8,0.625,2,4,0.5,0,0,0.0,0,2,2,3,4,2,0,0,4,2,12,-13,84.91,0.75,0.197,0.75,26.7,52,0.205,-19.0,98.1,101.89,20.0,0.111,0.214,0.044,0.75,0.0,103.0,100.9,122.0,125.5,26.7,-27.4,0.077,52.0,0.096,60.0,0.058,12.0,1.0,5.0,0.0,11.0,0.167,4.0,1.0,0.0,3.0,0.667,0.0,2.0,6.0,0.0,0.0,0.333,0.0,0.667,0.0,0.0,2.0,0.0,0.179,0.0,4.26,3.94,67.0,1.0,0.0,0.0,27.0,4.8,2.0,2.0,11.7,0.0,0.0,0.4,0.0,0.0,4.0,11.7,0.333,0.0,2.0,1.0,2.0,0.667,0.5,0.0,0.0,1.0,0.0,0.0,0.0,0.0,6.0,0.0,,0.0,2.0,0.25,0.25,2.0,2.0,0.0,1.0,1.0,2.0,1.0,,2.0,0.0,0.0,0.0,0.5,1.0,0.5,2.0,1.0,0.25,0.5,0.25,1.0,0.125,1.0,0.0,0.0,0.0,0.125,0.0,0.0,0.0,0.0,0.0,,,0.667,2.0,0.0,3.0,1.0,0.667,3.0,0.0,2.0,0.0,0.375,0.375,,0.0,0.0,,,0.0,0.0,0.0,6.0,0.5,0.0,0.0,1.0,0.75,0.0,0.0,2.0,2.0,0.0,0.5,1.0,2.0,0.667,0.0,0.0,0.0,0.0,4.0,0.0,0.0,0.0,1.0,0.0,3.0,1.0,0.0,0.0,0.0,0.0,0.0,0.0,0.084,0.593,0.231,86.0,0.677,127.0,2.0,3.0,,0.0,,,0.0,,0.0,2.0,0.667,1.0,0.0,0.0,1.0,2.0,0.0,0.0,0.0,2.0,0.0,0.0,,,0.0,1.0,1.0,0.75,4.0,0.5,4.0,2.0,2.0,2016,21500894,,3.0,5.0,0.6,0.427,0.173,,,,,,,,,,,,,,,,,,,,,,,,,,,,,,,20160301.0,2015-16,False,DAL,,,,,,,,,,,,,,,,,,,,,,,,,,,0.9,0.9,4.47,4.73,1.8,4.22,Elfrid,1.0,0.0,1.0,0.0,20.9,0.0,0.0,23.0,1.0,69.0,69.0,69.0,58.0,35.0,52.0,31.0,13.0,18.0,22.0,75.0,80.0,75.0,68.0,63.0,75.0,27.0,3.0,7.0,36.0,1.0,116.0,39.0,42.0,121.0,59.0,11.0,1.0,41.0,101.89,59.0,125.5,28.0,5.0,68.0,-27.4,41.0,63.0,91.0,127.0,36.0,105.0,35.0,25.0,28.0,69.0,8.0,127.0,94.0,98.1,97.0,52.0,91.0,105.0,29.0,105.0,78.0,105.0,21.0,96.0,83.0,57.0,12.0,,,1.0,G,ORL,,,,,,,,,,,,,,,,,,,,,,,,,,,,,,,,,,,,,,,,,,,,,,,,,,,9365.0,99.0,,,,,,,,,,,,,,,1610612742.0,DAL,ORL,ORL,DAL,,,,,,,,,,,,,,,,,,,
203901,Elfrid Payton,1610612753,ORL,22.0,32.666666666666664,4,9,0.444,0,0,0.0,3,4,0.75,2,2,4,10,5,1,1,1,3,2,11,11,90.0,2.0,0.2,0.511,19.2,74,0.201,18.9,127.0,108.0,38.5,0.071,0.323,0.075,0.444,0.08,129.9,108.09,111.0,113.7,19.4,13.3,0.073,51.0,0.196,63.0,0.196,13.0,0.0,10.0,0.0,22.0,0.125,11.0,2.0,2.0,8.0,0.688,0.125,2.0,16.0,2.0,4.0,0.125,0.125,0.5,3.0,0.75,4.0,0.0,0.155,0.0,5.17,5.13,71.0,1.0,0.0,0.0,26.0,6.1,0.0,2.0,10.2,2.0,1.0,0.8,0.5,1.0,3.0,9.0,0.8,11.3,1.0,0.0,2.0,0.667,0.667,0.5,0.0,0.0,0.5,1.0,1.0,1.0,5.0,0.0,,0.0,3.0,0.375,0.375,2.0,3.0,0.0,0.667,0.667,2.0,0.667,,2.0,0.0,0.0,0.0,0.5,1.0,0.5,2.0,1.0,0.25,0.5,0.25,0.0,0.375,3.0,3.0,1.0,0.333,0.0,,0.0,0.333,0.375,1.0,0.333,,,,,,,,,,,,,,0.333,,2.0,0.333,,,3.0,1.0,0.0,0.0,0.0,0.0,0.0,0.444,0.0,0.0,0.0,1.0,0.0,0.0,3.0,0.0,0.25,0.0,2.0,0.0,0.0,0.0,0.0,0.0,0.0,1.0,0.0,4.0,3.0,0.0,0.0,0.0,0.0,0.0,0.0,0.086,0.594,0.229,85.0,0.68,125.0,1.0,2.0,0.0,0.0,,,0.0,0.0,1.0,0.0,0.5,0.75,0.0,0.0,3.0,0.0,0.0,0.0,0.0,0.0,0.0,0.0,0.0,,2.0,4.0,0.0,,0.0,,,,0.0,2016,21500881,,4.0,12.0,0.333,0.418,-0.084,,,,,,,,,,,,,,,,,,,,,,,,,,,,,,,20160228.0,2015-16,False,PHI,,,,,,,,,,,,,,,,,,,,,,,,,,,1.3,1.2,4.6,4.81,2.5,4.4,Elfrid,1.0,1.0,0.0,1.0,31.8,1.0,0.0,29.0,1.0,1.0,1.0,1.0,26.0,48.0,49.0,79.0,70.0,102.0,70.0,29.0,26.0,54.0,17.0,80.0,54.0,2.0,1.0,20.0,13.0,101.0,89.0,51.0,55.0,31.0,20.0,1.0,1.0,23.0,108.0,66.0,113.7,6.0,4.0,26.0,13.3,12.0,63.0,29.0,125.0,7.0,93.0,48.0,80.0,6.0,110.0,9.0,123.0,39.0,127.0,87.0,49.0,29.0,49.0,17.0,49.0,21.0,93.0,89.0,74.0,97.0,21.0,11.0,,,1.0,G,ORL,,,,,,,,,,,,,,,,,,,,,,,,,,,,,,,,,,,,,,,,,,,,,,,,,,,13250.0,104.0,,,,,,,,,,,,,,,1610612755.0,ORL,PHI,ORL,PHI,,,,,,,,,,,,,,,,,,,
203901,Elfrid Payton,1610612753,ORL,22.0,27.23333333333333,4,7,0.571,0,1,0.0,0,0,0.0,2,3,5,9,2,0,0,0,2,2,8,0,81.52,4.5,0.136,0.571,11.1,55,0.134,-3.8,110.9,97.82,50.0,0.125,0.429,0.088,0.571,0.061,108.2,97.72,112.0,108.9,11.1,2.0,0.131,64.0,0.156,66.0,0.141,17.0,0.0,10.0,1.0,20.0,0.0,6.0,0.0,0.0,3.0,0.667,0.111,4.0,9.0,1.0,0.0,0.444,0.0,1.0,0.0,0.0,3.0,0.0,0.107,1.0,4.79,4.51,75.0,2.0,0.0,0.0,30.0,6.0,0.0,3.0,7.3,0.0,0.667,0.625,0.0,2.0,5.0,8.5,0.625,5.5,3.0,0.0,5.0,0.6,0.6,0.0,0.0,0.0,0.0,0.667,0.0,0.0,8.0,0.0,,0.0,1.0,0.143,0.143,1.0,1.0,0.0,1.0,1.0,1.0,1.0,,3.0,0.0,0.0,0.0,0.667,2.0,0.667,3.0,2.0,0.429,0.667,0.429,1.0,0.286,2.0,1.0,0.0,0.0,0.143,0.0,0.0,0.0,0.143,0.0,0.0,1.0,1.0,0.0,1.0,0.0,1.0,,1.0,0.143,1.0,1.0,0.143,0.0,0.5,0.0,2.0,0.5,,0.0,2.0,1.0,0.0,0.0,0.0,0.0,0.0,0.571,0.0,0.0,0.0,0.0,0.0,0.0,3.0,0.0,0.0,0.0,2.0,0.0,0.0,1.0,0.0,0.0,0.0,0.75,0.0,0.0,4.0,0.0,0.0,1.0,0.0,0.0,0.5,0.1,0.594,0.227,84.0,0.694,121.0,0.0,0.0,,1.0,,,0.0,,1.0,0.0,0.0,0.75,0.0,0.0,3.0,0.0,1.0,0.0,0.0,2.0,0.0,0.0,,,0.0,4.0,0.0,0.0,1.0,0.0,1.0,0.0,0.0,2016,21500863,,7.0,10.0,0.7,0.465,0.236,,,,,,,,,,,,,,,,,,,,,,,,,,,,,,,20160226.0,2015-16,False,NYK,,,,,,,,,,,,,,,,,,,,,,,,,,,1.1,1.0,4.64,4.87,2.1,4.41,Elfrid,1.0,0.0,1.0,0.0,25.5,0.0,0.0,22.0,1.0,82.0,82.0,82.0,67.0,57.0,81.0,39.0,66.0,91.0,66.0,94.0,99.0,94.0,23.0,62.0,49.0,4.0,24.0,84.0,43.0,1.0,67.0,57.0,81.0,86.0,53.0,16.0,1.0,57.0,97.82,125.0,108.9,69.0,4.0,59.0,2.0,1.0,123.0,65.0,103.0,70.0,105.0,57.0,66.0,69.0,73.0,7.0,101.0,97.0,110.9,112.0,81.0,65.0,84.0,9.0,84.0,73.0,105.0,52.0,76.0,48.0,9.0,8.0,,,1.0,G,ORL,,,,,,,,,,,,,,,,,,,,,,,,,,,,,,,,,,,,,,,,,,,,,,,,,,,11180.0,97.0,,,,,,,,,,,,,,,1610612752.0,NYK,ORL,ORL,NYK,,,,,,,,,,,,,,,,,,,
203901,Elfrid Payton,1610612753,ORL,22.0,29.516666666666666,2,7,0.286,0,1,0.0,2,4,0.5,0,1,1,2,3,0,0,0,4,2,6,-11,86.05,0.67,0.169,0.342,21.4,63,0.169,-16.7,84.1,103.26,14.3,0.045,0.105,0.018,0.286,0.0,86.0,100.73,102.8,100.0,21.8,-15.9,-0.053,64.0,0.078,75.0,0.031,11.0,1.0,5.0,2.0,6.0,0.143,3.0,2.0,1.0,4.0,0.214,0.071,6.0,14.0,1.0,2.0,0.429,0.071,0.25,1.0,0.5,1.0,0.0,0.076,0.0,3.81,3.46,79.0,1.0,0.0,0.0,29.0,5.0,0.0,3.0,10.4,1.0,0.0,0.2,1.0,0.0,4.0,10.4,0.143,0.0,0.0,2.0,0.0,0.5,0.25,1.0,0.0,2.0,0.0,0.0,1.0,0.0,7.0,0.0,,0.0,3.0,0.429,0.429,1.0,3.0,0.0,0.333,0.333,1.0,0.333,,1.0,0.0,0.0,0.0,0.0,0.0,0.0,1.0,0.0,0.143,0.0,0.143,1.0,0.286,2.0,1.0,0.0,0.0,0.143,0.0,0.0,0.0,0.143,0.0,0.0,1.0,1.0,0.0,1.0,0.0,1.0,,1.0,0.143,1.0,1.0,0.143,0.0,,0.0,0.0,,,0.0,0.0,0.0,2.0,0.5,0.0,0.0,0.0,0.286,0.0,0.0,0.0,1.0,0.0,0.0,0.0,0.0,0.5,0.0,2.0,0.0,0.0,1.0,0.0,0.0,0.0,0.0,0.0,2.0,2.0,0.0,0.0,1.0,0.0,0.0,0.5,0.119,0.589,0.221,68.0,0.708,96.0,0.0,1.0,,0.0,,,0.0,,1.0,1.0,0.0,0.333,1.0,0.0,1.0,0.0,0.0,1.0,0.0,0.0,0.0,0.0,,,1.0,3.0,0.0,0.5,2.0,0.0,1.0,0.0,1.0,2016,21500752,,8.0,12.0,0.667,0.464,0.202,,,,,,,,,,,,,,,,,,,,,,,,,,,,,,,20160205.0,2015-16,False,LAC,,,,,,,,,,,,,,,,,,,,,,,,,,,1.2,1.1,4.7,5.17,2.3,4.26,Elfrid,1.0,0.0,1.0,0.0,7.2,0.0,0.0,9.0,1.0,108.0,108.0,108.0,68.0,120.0,98.0,155.0,75.0,102.0,75.0,52.0,30.0,91.0,98.0,147.0,162.0,60.0,15.0,99.0,70.0,1.0,185.0,66.0,123.0,181.0,168.0,17.0,4.0,151.0,103.26,134.0,100.0,48.0,2.0,98.0,-15.9,89.0,128.0,179.0,185.0,83.0,86.0,120.0,166.0,48.0,174.0,7.0,183.0,161.0,84.1,114.0,98.0,179.0,164.0,94.0,164.0,173.0,86.0,160.0,187.0,200.0,77.0,6.0,,,1.0,G,ORL,,,,,,,,,,,,,,,,,,,,,,,,,,,,,,,,,,,,,,,,,,,,,,,,,,,12256.0,100.0,,,,,,,,,,,,,,,1610612746.0,ORL,LAC,ORL,LAC,,,,,,,,,,,,,,,,,,,
203901,Elfrid Payton,1610612753,ORL,22.0,32.026666666666664,3,12,0.25,0,1,0.0,0,1,0.0,3,2,5,8,1,1,1,5,2,3,6,-3,84.3,8.0,0.153,0.241,4.8,68,0.16,-5.4,97.1,101.17,38.1,0.069,0.296,0.067,0.25,0.065,98.2,100.27,103.6,103.0,4.7,-5.9,0.045,65.0,0.123,73.0,0.123,17.0,0.0,8.0,1.0,16.0,0.077,4.0,1.0,0.0,7.0,0.308,0.077,4.0,13.0,1.0,0.0,0.308,0.0,0.286,0.0,0.0,2.0,0.0,0.074,1.0,4.41,3.95,81.0,3.0,0.0,0.0,36.0,6.0,0.0,7.0,7.8,1.0,0.429,0.5,0.0,2.0,3.0,6.5,0.5,8.7,2.0,0.0,4.0,0.667,0.667,0.2,0.0,0.0,0.333,0.429,0.0,1.0,10.0,0.0,,0.0,5.0,0.714,0.714,3.0,5.0,0.0,0.6,0.6,3.0,0.6,,,,,,,,,,,,,,0.0,0.143,1.0,1.0,0.0,0.0,0.0,,0.0,0.0,0.143,0.0,0.0,,0.0,0.0,0.0,1.0,0.0,0.0,1.0,0.0,0.0,0.0,0.143,0.143,0.5,0.0,2.0,0.5,,0.0,2.0,1.0,0.0,0.0,0.0,0.0,0.0,0.25,0.0,0.0,0.0,0.0,0.0,0.0,3.0,0.0,0.0,0.0,1.0,0.0,0.0,0.0,1.0,0.0,1.0,0.333,0.0,1.0,9.0,0.0,0.0,0.0,0.0,0.0,0.0,0.105,0.587,0.222,63.0,0.692,91.0,0.0,1.0,,0.0,,,0.0,,0.0,0.0,0.0,0.333,0.0,0.0,3.0,0.0,0.0,0.0,0.0,1.0,0.0,0.0,,,1.0,9.0,0.0,0.0,1.0,0.0,1.0,0.0,0.0,2016,21500726,,6.0,10.0,0.6,0.44,0.16,,,,,,,,,,,,,,,,,,,,,,,,,,,,,,,20160201.0,2015-16,False,SAS,,,,,,,,,,,,,,,,,,,,,,,,,,,1.3,1.2,4.7,4.68,2.5,4.72,Elfrid,1.0,0.0,1.0,0.0,29.0,0.0,0.0,23.0,1.0,98.0,98.0,98.0,46.0,83.0,44.0,148.0,88.0,96.0,88.0,101.0,93.0,101.0,15.0,97.0,48.0,5.0,73.0,29.0,21.0,198.0,93.0,35.0,111.0,124.0,48.0,17.0,2.0,63.0,101.17,133.0,103.0,43.0,3.0,48.0,-5.9,17.0,135.0,136.0,84.0,44.0,89.0,83.0,167.0,43.0,139.0,12.0,84.0,107.0,97.1,93.0,44.0,136.0,116.0,22.0,116.0,130.0,89.0,153.0,108.0,133.0,2.0,6.0,,,1.0,G,ORL,,,,,,,,,,,,,,,,,,,,,,,,,,,,,,,,,,,,,,,,,,,,,,,,,,,13334.0,97.0,,,,,,,,,,,,,,,1610612759.0,SAS,ORL,ORL,SAS,,,,,,,,,,,,,,,,,,,
203901,Elfrid Payton,1610612753,ORL,22.0,14.75,3,5,0.6,1,2,0.5,2,2,1.0,2,2,4,1,3,0,0,1,4,1,9,-6,80.0,0.33,0.257,0.765,30.0,29,0.263,-17.6,103.4,96.0,10.0,0.167,0.111,0.138,0.7,0.118,108.1,91.77,125.7,120.0,30.4,-16.6,0.061,28.0,0.036,31.0,0.036,5.0,0.0,1.0,0.0,2.0,0.4,4.0,2.0,0.0,2.0,0.8,0.2,0.0,5.0,1.0,0.0,0.0,0.0,1.0,0.0,0.0,2.0,0.0,0.243,1.0,3.92,3.92,37.0,2.0,0.0,0.0,16.0,2.4,0.0,4.0,6.6,1.0,0.5,0.667,0.0,1.0,2.0,3.2,0.667,10.1,2.0,0.0,3.0,1.0,1.0,0.25,0.0,0.0,0.5,0.5,0.0,1.0,6.0,,,,,,,,,,,,,,,2.0,0.0,0.0,0.0,1.0,2.0,1.0,2.0,2.0,0.5,1.0,0.5,,,,,,,,,,,,,,,0.5,1.0,0.0,2.0,0.75,0.5,2.0,0.0,1.0,0.0,0.5,0.5,,0.0,0.0,,,0.0,0.0,0.0,3.0,0.5,0.0,0.0,0.0,0.7,0.0,0.0,0.0,0.0,0.0,0.5,2.0,1.0,0.0,,0.0,0.0,0.0,2.0,0.0,,,0.667,0.0,0.0,3.0,0.0,0.0,0.0,0.0,0.0,0.0,0.111,0.585,0.223,62.0,0.697,89.0,0.0,0.0,,0.0,,,1.0,,0.0,2.0,0.0,0.667,0.0,0.0,2.0,0.0,0.0,0.0,0.0,0.0,0.0,0.5,,,0.0,3.0,0.0,0.75,2.0,0.5,2.0,1.0,1.0,2016,21500716,,5.0,7.0,0.714,0.427,0.287,,,,,,,,,,,,,,,,,,,,,,,,,,,,,,,20160131.0,2015-16,False,BOS,,,,,,,,,,,,,,,,,,,,,,,,,,,0.6,0.5,4.48,4.6,1.1,4.36,Elfrid,1.0,1.0,0.0,1.0,12.3,0.0,0.0,15.0,1.0,1.0,1.0,1.0,114.0,60.0,92.0,29.0,32.0,57.0,22.0,43.0,49.0,1.0,17.0,75.0,48.0,68.0,12.0,68.0,43.0,101.0,131.0,68.0,64.0,102.0,97.0,14.0,2.0,82.0,96.0,33.0,120.0,101.0,3.0,14.0,-16.6,82.0,36.0,74.0,142.0,135.0,131.0,60.0,24.0,101.0,49.0,5.0,141.0,109.0,103.4,136.0,92.0,74.0,107.0,67.0,107.0,59.0,131.0,25.0,42.0,97.0,70.0,9.0,,,,G,ORL,,,,,,,,,,,,,,,,,,,,,,,,,,,,,,,,,,,,,,,,,,,,,,,,,,,6051.0,99.0,,,,,,,,,,,,,,,1610612738.0,ORL,BOS,ORL,BOS,,,,,,,,,,,,,,,,,,,
203901,Elfrid Payton,1610612753,ORL,22.0,21.95,3,5,0.6,0,0,0.0,0,0,0.0,0,3,3,0,2,0,0,0,0,1,6,14,75.63,0.0,0.167,0.6,28.6,42,0.174,38.0,121.4,90.75,0.0,0.136,0.0,0.086,0.6,0.0,126.9,89.48,88.9,90.2,28.6,31.2,0.052,47.0,0.064,46.0,0.0,3.0,2.0,3.0,1.0,4.0,0.0,6.0,0.0,0.0,4.0,1.2,0.0,1.0,5.0,0.0,0.0,0.2,0.0,0.75,0.0,0.0,3.0,0.0,0.107,2.0,4.61,3.68,56.0,1.0,0.0,0.0,22.0,4.3,0.0,1.0,5.7,0.0,0.0,0.75,0.0,0.0,4.0,5.7,0.6,0.0,3.0,1.0,3.0,1.0,0.75,0.0,0.0,1.0,0.0,0.0,0.0,0.0,5.0,0.0,,0.0,1.0,0.2,0.2,1.0,1.0,0.0,1.0,1.0,1.0,1.0,,2.0,0.0,0.0,0.0,1.0,2.0,1.0,2.0,2.0,0.4,1.0,0.4,,,,,,,,,,,,,,0.0,0.0,0.0,2.0,0.0,0.0,,2.0,0.4,0.0,0.0,0.4,0.0,0.0,,0.0,0.0,,,1.0,0.0,0.0,0.0,0.0,0.0,0.0,0.6,0.0,0.0,0.0,2.0,0.0,0.0,1.0,0.0,1.0,0.0,1.0,0.0,,0.0,0.0,0.0,0.0,0.5,0.0,2.0,2.0,,0.0,0.0,0.0,,0.0,0.104,0.588,0.209,45.0,0.692,65.0,1.0,1.0,,0.0,,,0.0,,0.0,0.0,1.0,0.667,0.0,,2.0,0.0,0.0,0.0,,0.0,,0.0,,,1.0,3.0,0.0,,0.0,,,,0.0,2016,21500460,,3.0,6.0,0.5,0.43,0.07,,,,,,,,,,,,,,,,,,,,,,,,,,,,,,,20151228.0,2015-16,False,NOP,,,,,,,,,,,,,,,,,,,,,,,,,,,0.9,0.8,4.38,4.7,1.6,4.61,Elfrid,1.0,1.0,0.0,1.0,7.6,0.0,0.0,9.0,1.0,1.0,1.0,1.0,130.0,99.0,153.0,44.0,94.0,152.0,94.0,132.0,145.0,132.0,121.0,93.0,121.0,165.0,35.0,121.0,71.0,1.0,1.0,113.0,135.0,24.0,191.0,15.0,2.0,180.0,90.75,130.0,90.2,195.0,3.0,121.0,31.2,165.0,132.0,27.0,210.0,203.0,52.0,99.0,74.0,195.0,96.0,5.0,210.0,11.0,121.4,48.0,153.0,27.0,20.0,165.0,20.0,19.0,52.0,68.0,101.0,150.0,123.0,6.0,,,1.0,G,ORL,,,,,,,,,,,,,,,,,,,,,,,,,,,,,,,,,,,,,,,,,,,,,,,,,,,8653.0,92.0,,,,,,,,,,,,,,,1610612740.0,ORL,NOP,ORL,NOP,,,,,,,,,,,,,,,,,,,
203901,Elfrid Payton,1610612753,ORL,22.0,33.45,9,13,0.692,0,0,0.0,0,2,0.0,0,2,2,7,3,1,0,1,2,3,18,-13,75.34,2.33,0.246,0.648,12.5,63,0.255,-18.7,107.9,90.4,29.2,0.083,0.35,0.039,0.692,0.0,112.8,87.45,131.5,128.6,12.6,-20.6,0.114,69.0,0.13,82.0,0.101,15.0,2.0,9.0,0.0,15.0,0.0,10.0,0.0,1.0,9.0,0.588,0.176,3.0,17.0,3.0,2.0,0.176,0.059,0.556,0.0,0.0,5.0,0.0,0.2,0.0,4.64,3.92,90.0,2.0,0.0,0.0,35.0,7.0,2.0,3.0,5.7,1.0,0.0,0.286,0.5,0.0,4.0,5.7,0.286,0.0,1.0,0.0,1.0,0.5,0.5,0.5,0.0,0.0,0.0,0.0,1.0,0.0,7.0,0.0,,0.0,6.0,0.5,0.5,4.0,6.0,0.0,0.667,0.667,4.0,0.667,,4.0,0.0,0.0,0.0,0.75,3.0,0.75,4.0,3.0,0.333,0.75,0.333,0.0,0.167,2.0,2.0,2.0,1.0,0.0,,0.0,1.0,0.167,2.0,1.0,,,,,,,,,,,,,,0.5,,2.0,0.5,,,2.0,1.0,0.0,0.0,0.0,0.0,1.0,0.692,0.0,0.0,4.0,4.0,0.0,0.0,4.0,0.0,0.667,0.0,1.0,0.0,0.0,0.0,0.0,0.0,0.0,0.667,0.0,6.0,6.0,0.0,0.0,1.0,0.0,0.0,1.0,0.104,0.59,0.203,43.0,0.694,62.0,3.0,4.0,,2.0,,,0.0,,3.0,0.0,0.75,0.667,0.0,0.0,4.0,0.0,0.667,0.0,0.0,0.0,0.0,0.0,,,0.0,6.0,0.0,,0.0,,,,0.0,2016,21500444,,6.0,12.0,0.5,0.459,0.041,,,,,,,,,,,,,,,,,,,,,,,,,,,,,,,20151226.0,2015-16,False,MIA,,,,,,,,,,,,,,,,,,,,,,,,,,,1.2,1.3,4.5,4.72,2.5,4.31,Elfrid,1.0,0.0,1.0,0.0,30.9,0.0,0.0,29.0,1.0,141.0,141.0,141.0,46.0,8.0,40.0,36.0,133.0,178.0,133.0,140.0,83.0,140.0,143.0,135.0,168.0,14.0,23.0,57.0,82.0,185.0,128.0,47.0,37.0,242.0,53.0,22.0,1.0,56.0,90.4,60.0,128.6,220.0,9.0,143.0,-20.6,51.0,67.0,130.0,172.0,260.0,239.0,8.0,86.0,220.0,186.0,13.0,162.0,212.0,107.9,248.0,40.0,130.0,219.0,28.0,219.0,103.0,239.0,56.0,220.0,109.0,39.0,18.0,,,1.0,G,ORL,,,,,,,,,,,,,,,,,,,,,,,,,,,,,,,,,,,,,,,,,,,,,,,,,,,13294.0,87.0,,,,,,,,,,,,,,,1610612748.0,ORL,MIA,ORL,MIA,,,,,,,,,,,,,,,,,,,
203901,Elfrid Payton,1610612753,ORL,22.0,30.65,6,14,0.429,0,1,0.0,2,6,0.333,0,2,2,6,2,5,1,2,2,4,14,4,80.26,3.0,0.261,0.421,8.3,62,0.271,0.8,106.5,96.31,25.0,0.074,0.286,0.036,0.429,0.0,102.0,98.66,101.2,101.6,8.1,4.8,0.092,65.0,0.123,74.0,0.092,15.0,0.0,8.0,1.0,14.0,0.0,12.0,0.0,1.0,7.0,0.857,0.0,6.0,14.0,0.0,2.0,0.429,0.071,0.714,0.0,0.0,5.0,0.0,0.163,1.0,4.82,4.63,86.0,0.0,0.0,0.0,35.0,6.9,0.0,3.0,8.8,0.0,0.0,0.333,0.0,0.0,4.0,8.8,0.286,0.0,2.0,1.0,2.0,0.5,0.5,0.0,1.0,0.0,0.0,0.0,0.0,0.0,7.0,0.0,,0.0,3.0,0.25,0.25,2.0,3.0,0.0,0.667,0.667,2.0,0.667,,5.0,0.0,0.0,0.0,0.6,3.0,0.6,5.0,3.0,0.417,0.6,0.417,0.0,0.083,1.0,1.0,1.0,1.0,0.0,,0.0,1.0,0.083,1.0,1.0,0.0,0.0,0.0,2.0,1.0,0.0,0.0,3.0,0.167,0.0,0.0,0.25,0.083,0.4,0.0,4.0,0.4,,0.0,5.0,2.0,0.0,0.0,0.0,0.0,0.0,0.429,0.0,0.0,0.0,2.0,0.0,0.0,3.0,0.0,0.667,0.0,4.0,0.0,0.0,0.0,1.0,0.0,0.0,0.5,0.0,3.0,6.0,0.0,1.0,1.0,0.0,0.0,0.25,0.099,0.591,0.208,40.0,0.69,58.0,1.0,2.0,,2.0,0.0,0.0,0.0,,3.0,0.0,0.5,0.5,0.0,0.0,3.0,0.0,0.667,0.0,0.0,1.0,0.0,0.0,,0.0,2.0,6.0,0.0,0.0,1.0,0.0,1.0,0.0,0.0,2016,21500407,,2.0,7.0,0.286,0.443,-0.157,,,,,,,,,,,,,,,,,,,,,,,,,,,,,,,20151220.0,2015-16,False,ATL,,,,,,,,,,,,,,,,,,,,,,,,,,,1.3,1.1,4.72,4.96,2.4,4.47,Elfrid,1.0,0.0,1.0,0.0,41.4,0.0,0.0,34.0,1.0,76.0,76.0,76.0,39.0,24.0,14.0,81.0,56.0,69.0,56.0,39.0,15.0,79.0,67.0,67.0,81.0,8.0,26.0,1.0,11.0,136.0,60.0,19.0,41.0,51.0,17.0,13.0,1.0,22.0,96.31,26.0,101.6,88.0,6.0,67.0,4.8,28.0,29.0,66.0,75.0,67.0,60.0,24.0,106.0,88.0,98.0,14.0,75.0,67.0,106.5,59.0,14.0,66.0,60.0,23.0,60.0,81.0,60.0,91.0,115.0,78.0,13.0,14.0,,,1.0,G,ORL,,,,,,,,,,,,,,,,,,,,,,,,,,,,,,,,,,,,,,,,,,,,,,,,,,,12527.0,95.0,,,,,,,,,,,,,,,1610612737.0,ORL,ATL,ORL,ATL,,,,,,,,,,,,,,,,,,,
203901,Elfrid Payton,1610612753,ORL,22.0,16.416666666666668,0,5,0.0,0,0,0.0,0,0,0.0,2,1,3,4,2,0,0,0,2,0,0,-24,71.88,2.0,0.212,0.0,18.2,29,0.213,-63.6,72.4,86.25,36.4,0.059,0.444,0.091,0.0,0.125,70.3,92.8,133.9,150.0,18.2,-77.6,-0.06,35.0,0.143,39.0,0.114,9.0,1.0,5.0,0.0,8.0,0.143,0.0,1.0,0.0,5.0,0.0,0.143,0.0,7.0,1.0,0.0,0.0,0.0,0.0,0.0,0.0,0.0,0.0,0.0,0.0,4.44,4.07,42.0,2.0,0.0,0.0,18.0,3.1,0.0,3.0,8.3,2.0,0.667,0.6,0.0,0.0,2.0,20.9,0.6,2.0,1.0,0.0,1.0,0.5,0.5,0.667,0.0,0.0,1.0,0.667,0.0,2.0,5.0,0.0,,0.0,1.0,0.2,0.2,0.0,1.0,0.0,0.0,0.0,0.0,0.0,,2.0,0.0,0.0,0.0,0.0,0.0,0.0,2.0,0.0,0.4,0.0,0.4,0.0,0.4,2.0,2.0,0.0,0.0,0.0,,0.0,0.0,0.4,0.0,0.0,,,,,,,,,,,,,,0.0,,0.0,0.0,,,1.0,0.0,0.0,0.0,0.0,0.0,0.0,0.0,0.0,0.0,0.0,0.0,0.0,0.0,0.0,0.0,0.0,0.0,1.0,0.0,0.0,0.0,0.0,0.0,0.0,0.0,0.0,2.0,2.0,0.0,0.0,0.0,0.0,0.0,0.0,0.126,0.588,0.211,50.0,0.714,70.0,0.0,2.0,,0.0,0.0,0.0,0.0,,0.0,0.0,0.0,0.0,0.0,0.0,0.0,0.0,0.0,0.0,0.0,0.0,0.0,0.0,,0.0,1.0,2.0,0.0,,0.0,,,,0.0,2016,21500499,,3.0,7.0,0.429,0.469,-0.041,,,,,,,,,,,,,,,,,,,,,,,,,,,,,,,20160102.0,2015-16,False,CLE,,,,,,,,,,,,,,,,,,,,,,,,,,,0.6,0.6,4.39,5.02,1.2,3.91,Elfrid,1.0,0.0,1.0,0.0,7.6,0.0,0.0,7.0,1.0,121.0,121.0,121.0,164.0,202.0,137.0,202.0,99.0,153.0,99.0,135.0,144.0,135.0,23.0,150.0,112.0,29.0,34.0,101.0,62.0,1.0,97.0,179.0,213.0,235.0,189.0,20.0,2.0,188.0,86.25,97.0,150.0,227.0,0.0,19.0,-77.6,26.0,90.0,225.0,194.0,182.0,234.0,202.0,213.0,227.0,176.0,5.0,194.0,235.0,72.4,215.0,137.0,225.0,238.0,11.0,238.0,225.0,234.0,202.0,104.0,225.0,36.0,0.0,,,1.0,G,ORL,,,,,,,,,,,,,,,,,,,,,,,,,,,,,,,,,,,,,,,,,,,,,,,,,,,6322.0,91.0,,,,,,,,,,,,,,,1610612739.0,CLE,ORL,ORL,CLE,,,,,,,,,,,,,,,,,,,
203901,Elfrid Payton,1610612753,ORL,22.0,30.78,10,12,0.833,1,1,1.0,1,1,1.0,1,1,2,10,4,1,0,0,3,3,22,20,79.92,2.5,0.232,0.884,15.4,62,0.234,24.8,137.1,95.91,38.5,0.048,0.455,0.045,0.875,0.043,132.2,97.28,107.5,106.6,15.1,30.5,0.192,72.0,0.167,77.0,0.139,14.0,1.0,12.0,1.0,27.0,0.143,8.0,1.0,0.0,4.0,1.143,0.0,2.0,7.0,0.0,0.0,0.286,0.0,1.0,0.0,0.0,4.0,0.0,0.247,2.0,4.62,4.39,89.0,2.0,0.0,1.0,37.0,6.9,0.0,2.0,14.0,0.0,0.5,0.4,0.0,1.0,4.0,20.4,0.333,7.6,1.0,1.0,2.0,0.333,0.25,0.0,0.0,1.0,0.0,0.5,0.0,0.0,6.0,0.0,,0.0,1.0,0.083,0.083,1.0,1.0,0.0,1.0,1.0,1.0,1.0,,6.0,0.0,0.0,0.0,1.0,6.0,1.0,6.0,6.0,0.5,1.0,0.5,0.0,0.333,4.0,4.0,2.0,0.5,0.0,,0.0,0.5,0.333,2.0,0.5,,1.0,1.0,0.0,1.0,1.5,1.0,1.0,0.0,1.0,0.0,0.083,0.083,1.0,0.0,6.0,1.0,,0.0,3.0,3.0,3.0,0.333,2.0,1.0,0.0,0.875,0.0,0.0,0.0,2.0,0.0,1.0,5.0,1.0,1.0,0.0,4.0,0.0,,1.0,0.0,0.0,0.0,1.0,0.0,2.0,5.0,,0.0,2.0,0.0,,0.5,0.014,0.591,0.246,26.0,0.605,43.0,1.0,1.0,,1.0,,,1.0,,1.0,1.0,1.0,1.0,1.0,,5.0,1.0,1.0,0.5,,2.0,,1.0,,,2.0,5.0,0.5,0.5,3.0,1.0,1.0,1.0,1.0,2016,21500228,,5.0,8.0,0.625,0.413,0.212,,,,,,,,,,,,,,,,,,,,,,,,,,,,,,,20151127.0,2015-16,False,MIL,,,,,,,,,,,,,,,,,,,,,,,,,,,1.3,1.1,4.49,5.15,2.3,4.23,Elfrid,1.0,1.0,0.0,1.0,38.4,1.0,0.0,37.0,1.0,1.0,1.0,1.0,52.0,6.0,44.0,20.0,59.0,131.0,1.0,108.0,139.0,1.0,54.0,184.0,158.0,2.0,9.0,43.0,71.0,1.0,189.0,47.0,13.0,15.0,18.0,1.0,2.0,14.0,95.91,76.0,106.6,178.0,10.0,84.0,30.5,20.0,80.0,6.0,185.0,168.0,178.0,6.0,18.0,178.0,218.0,12.0,184.0,55.0,137.1,181.0,44.0,6.0,34.0,13.0,34.0,13.0,178.0,20.0,195.0,30.0,25.0,22.0,,,1.0,G,ORL,,,,,,,,,,,,,,,,,,,,,,,,,,,,,,,,,,,,,,,,,,,,,,,,,,,12401.0,99.0,,,,,,,,,,,,,,,1610612749.0,ORL,MIL,ORL,MIL,,,,,,,,,,,,,,,,,,,
203901,Elfrid Payton,1610612753,ORL,22.0,35.54833333333333,6,12,0.5,0,1,0.0,0,1,0.0,2,4,6,11,2,0,0,2,2,1,12,1,76.52,5.5,0.171,0.482,8.0,68,0.18,-2.7,113.2,91.82,44.0,0.114,0.55,0.079,0.5,0.049,111.4,91.63,114.1,111.8,7.9,1.5,0.128,71.0,0.155,75.0,0.155,16.0,0.0,11.0,0.0,25.0,0.182,2.0,2.0,0.0,4.0,0.182,0.182,3.0,11.0,2.0,0.0,0.273,0.0,0.25,0.0,0.0,1.0,0.0,0.138,0.0,5.49,5.33,87.0,0.0,0.0,0.0,28.0,8.0,0.0,3.0,12.1,1.0,1.0,0.75,0.0,1.0,6.0,10.5,0.667,15.4,4.0,1.0,5.0,0.667,0.667,0.167,1.0,0.0,0.5,0.667,0.0,1.0,9.0,,,,,,,,,,,,,,,5.0,0.0,0.0,0.0,0.6,3.0,0.6,5.0,3.0,0.5,0.6,0.5,0.0,0.2,2.0,2.0,1.0,0.5,0.0,,0.0,0.5,0.2,1.0,0.5,1.0,0.667,0.0,2.0,1.0,0.667,0.0,3.0,0.2,2.0,2.0,0.3,0.1,0.6,0.0,6.0,0.6,,0.0,5.0,3.0,0.0,0.0,0.0,0.0,0.0,0.5,0.0,0.0,0.0,0.0,0.0,0.0,3.0,0.0,0.0,0.0,6.0,0.0,0.0,1.0,0.0,0.0,0.0,0.6,0.0,0.0,5.0,0.0,0.0,3.0,0.0,0.0,0.5,0.014,0.591,0.257,26.0,0.605,43.0,0.0,0.0,,2.0,,,0.0,,3.0,1.0,0.0,0.6,1.0,0.0,3.0,0.0,0.667,0.333,0.0,0.0,0.0,0.0,,,3.0,5.0,0.0,0.0,1.0,0.0,1.0,0.0,0.0,2016,21500216,,6.0,10.0,0.6,0.457,0.144,,,,,,,,,,,,,,,,,,,,,,,,,,,,,,,20151125.0,2015-16,False,NYK,,,,,,,,,,,,,,,,,,,,,,,,,,,1.5,1.3,4.73,4.98,2.8,4.48,Elfrid,1.0,1.0,0.0,1.0,33.7,1.0,0.0,29.0,1.0,1.0,1.0,1.0,39.0,41.0,59.0,73.0,106.0,125.0,106.0,129.0,126.0,129.0,29.0,66.0,60.0,3.0,48.0,113.0,89.0,219.0,114.0,113.0,78.0,96.0,48.0,1.0,1.0,57.0,91.82,128.0,111.8,186.0,6.0,76.0,1.5,10.0,138.0,63.0,122.0,193.0,180.0,41.0,134.0,186.0,133.0,12.0,122.0,126.0,113.2,190.0,59.0,63.0,111.0,4.0,111.0,67.0,180.0,91.0,119.0,84.0,8.0,12.0,,,,G,ORL,,,,,,,,,,,,,,,,,,,,,,,,,,,,,,,,,,,,,,,,,,,,,,,,,,,14589.0,91.0,,,,,,,,,,,,,,,1610612752.0,ORL,NYK,ORL,NYK,,,,,,,,,,,,,,,,,,,
203901,Elfrid Payton,1610612753,ORL,22.0,37.81666666666667,3,12,0.25,1,2,0.5,0,0,0.0,2,3,5,8,5,0,0,2,1,0,7,-3,83.03,1.6,0.183,0.292,20.0,79,0.186,1.2,93.7,99.64,32.0,0.081,0.286,0.063,0.292,0.047,94.1,102.51,92.9,98.7,20.0,-5.0,0.03,84.0,0.119,96.0,0.095,17.0,0.0,10.0,2.0,19.0,0.0,2.0,0.0,0.0,5.0,0.167,0.167,4.0,12.0,2.0,0.0,0.333,0.0,0.2,0.0,0.0,1.0,0.0,0.067,1.0,4.25,4.23,104.0,3.0,0.0,0.0,43.0,7.4,0.0,8.0,9.2,1.0,0.25,0.385,0.0,1.0,5.0,8.4,0.385,10.3,3.0,0.0,4.0,0.6,0.6,0.2,0.0,0.0,0.5,0.25,0.0,1.0,13.0,0.0,,0.0,3.0,0.3,0.3,0.0,3.0,0.0,0.0,0.0,0.0,0.0,,2.0,0.0,0.0,0.0,0.5,1.0,0.5,2.0,1.0,0.2,0.5,0.2,0.0,0.3,3.0,3.0,1.0,0.333,0.0,,0.0,0.333,0.3,1.0,0.333,,0.5,1.0,0.0,2.0,0.75,0.5,2.0,0.0,1.0,0.0,0.2,0.2,0.667,0.0,4.0,0.667,,0.0,3.0,2.0,3.0,0.333,0.0,0.0,0.0,0.292,0.0,0.0,0.0,1.0,0.0,1.0,0.0,1.0,1.0,0.0,3.0,0.0,0.0,1.0,1.0,0.0,0.0,0.0,0.0,1.0,6.0,0.0,1.0,1.0,0.0,0.0,0.333,-0.001,0.591,0.26,23.0,0.59,39.0,0.0,0.0,,1.0,0.0,0.0,0.0,,1.0,0.0,0.0,0.0,1.0,0.0,0.0,1.0,1.0,0.333,0.0,2.0,0.0,0.0,,0.0,3.0,6.0,0.5,0.5,3.0,0.5,2.0,1.0,1.0,2016,21500189,,6.0,15.0,0.4,0.466,-0.066,,,,,,,,,,,,,,,,,,,,,,,,,,,,,,,20151121.0,2015-16,False,SAC,,,,,,,,,,,,,,,,,,,,,,,,,,,1.7,1.4,4.93,5.44,3.1,4.42,Elfrid,1.0,0.0,1.0,0.0,20.0,0.0,0.0,21.0,1.0,73.0,73.0,73.0,7.0,60.0,19.0,116.0,36.0,56.0,21.0,83.0,89.0,83.0,21.0,51.0,41.0,5.0,2.0,73.0,48.0,131.0,25.0,107.0,84.0,83.0,63.0,16.0,1.0,54.0,99.64,79.0,98.7,37.0,3.0,59.0,-5.0,12.0,78.0,93.0,114.0,22.0,64.0,60.0,127.0,37.0,94.0,12.0,113.0,71.0,93.7,39.0,19.0,93.0,86.0,25.0,86.0,88.0,64.0,119.0,84.0,107.0,32.0,7.0,,,1.0,G,ORL,,,,,,,,,,,,,,,,,,,,,,,,,,,,,,,,,,,,,,,,,,,,,,,,,,,16177.0,97.0,,,,,,,,,,,,,,,1610612758.0,ORL,SAC,ORL,SAC,,,,,,,,,,,,,,,,,,,
203901,Elfrid Payton,1610612753,ORL,22.0,36.65,3,8,0.375,2,3,0.667,8,10,0.8,0,3,3,6,5,2,1,0,2,6,16,15,79.67,1.2,0.214,0.645,20.8,73,0.209,21.9,108.2,95.61,25.0,0.068,0.273,0.039,0.5,0.0,108.0,96.52,86.2,87.7,21.4,20.5,0.107,63.0,0.111,75.0,0.095,14.0,1.0,7.0,0.0,17.0,0.091,2.0,1.0,0.0,4.0,0.182,0.091,5.0,11.0,1.0,0.0,0.455,0.0,0.25,0.0,0.0,1.0,0.0,0.188,3.0,4.82,4.82,85.0,1.0,0.0,0.0,37.0,6.8,0.0,1.0,10.6,1.0,0.0,0.5,0.333,0.0,7.0,10.6,0.375,0.0,2.0,2.0,2.0,0.6,0.429,0.333,0.0,2.0,0.0,0.0,1.0,0.0,8.0,0.0,,0.0,1.0,0.125,0.125,0.0,1.0,0.0,0.0,0.0,0.0,0.0,,3.0,0.0,0.0,0.0,0.333,1.0,0.333,3.0,1.0,0.375,0.333,0.375,1.0,0.25,2.0,1.0,0.0,0.0,0.125,0.0,0.0,0.0,0.125,0.0,0.0,,1.0,2.0,0.0,2.0,1.5,1.0,2.0,0.0,2.0,0.0,0.25,0.25,0.5,0.0,2.0,0.5,,0.0,2.0,1.0,6.0,0.667,0.0,0.0,0.0,0.5,0.0,0.0,0.0,1.0,0.5,1.0,0.0,1.0,0.333,0.0,1.0,1.0,0.0,1.0,2.0,0.0,0.0,0.0,0.5,3.0,1.0,0.0,2.0,0.0,1.0,0.0,0.0,-0.006,0.587,0.277,18.0,0.581,31.0,0.0,2.0,0.0,1.0,,,1.0,0.0,1.0,1.0,0.0,0.0,0.0,0.0,0.0,1.0,1.0,0.0,0.0,2.0,0.0,1.0,0.0,,1.0,1.0,0.5,1.0,3.0,0.667,3.0,2.0,2.0,2016,21500128,,8.0,12.0,0.667,0.416,0.25,,,,,,,,,,,,,,,,,,,,,,,,,,,,,,,20151113.0,2015-16,False,UTA,,,,,,,,,,,,,,,,,,,,,,,,,,,1.5,1.4,4.76,5.07,2.9,4.46,Elfrid,1.0,1.0,0.0,1.0,32.6,0.0,0.0,33.0,1.0,1.0,1.0,1.0,16.0,97.0,95.0,123.0,19.0,69.0,23.0,8.0,6.0,69.0,120.0,83.0,117.0,16.0,7.0,15.0,30.0,1.0,104.0,8.0,33.0,16.0,39.0,17.0,3.0,35.0,95.61,88.0,87.7,168.0,3.0,120.0,20.5,30.0,70.0,71.0,191.0,156.0,61.0,97.0,47.0,168.0,165.0,8.0,191.0,35.0,108.2,58.0,95.0,71.0,37.0,33.0,37.0,65.0,61.0,88.0,173.0,96.0,57.0,16.0,,,1.0,G,ORL,,,,,,,,,,,,,,,,,,,,,,,,,,,,,,,,,,,,,,,,,,,,,,,,,,,15351.0,98.0,,,,,,,,,,,,,,,1610612762.0,ORL,UTA,ORL,UTA,,,,,,,,,,,,,,,,,,,
203901,Elfrid Payton,1610612753,ORL,22.0,28.633333333333333,1,13,0.077,0,0,0.0,0,2,0.0,3,7,10,8,1,1,0,3,1,2,2,-1,75.44,8.0,0.203,0.072,4.3,54,0.203,4.3,100.0,90.52,34.8,0.226,0.381,0.128,0.077,0.064,101.3,92.23,97.0,101.9,4.4,-1.9,0.034,59.0,0.136,61.0,0.136,18.0,0.0,8.0,0.0,21.0,0.0,0.0,0.0,1.0,6.0,0.0,0.176,6.0,17.0,3.0,2.0,0.353,0.059,0.0,0.0,0.0,0.0,0.0,0.027,1.0,4.54,4.59,73.0,4.0,0.0,0.0,30.0,5.5,0.0,6.0,7.5,4.0,0.5,0.769,0.0,0.0,7.0,10.1,0.769,3.0,7.0,0.0,7.0,1.0,1.0,0.4,0.0,0.0,1.333,0.5,0.0,4.0,13.0,0.0,,0.0,3.0,0.3,0.3,1.0,3.0,0.0,0.333,0.333,1.0,0.333,,7.0,0.0,0.0,0.0,0.0,0.0,0.0,7.0,0.0,0.7,0.0,0.7,,,,,,,,,,,,,,,,,,,,,,,,,,,0.0,,0.0,0.0,,,1.0,0.0,0.0,0.0,0.0,0.0,0.0,0.077,0.0,0.0,0.0,0.0,0.0,0.0,1.0,0.0,0.0,0.0,0.0,0.0,,0.0,0.0,0.0,0.0,0.111,0.0,4.0,9.0,,0.0,0.0,0.0,,0.0,-0.016,0.587,0.28,16.0,0.571,28.0,0.0,1.0,,0.0,,,0.0,,1.0,0.0,0.0,0.091,0.0,,1.0,0.0,0.0,0.0,,0.0,,0.0,,,0.0,11.0,0.0,,0.0,,,,0.0,2016,21500114,,4.0,13.0,0.308,0.405,-0.097,,,,,,,,,,,,,,,,,,,,,,,,,,,,,,,20151111.0,2015-16,False,LAL,,,,,,,,,,,,,,,,,,,,,,,,,,,1.2,1.0,4.62,5.29,2.2,4.0,Elfrid,1.0,1.0,0.0,1.0,28.0,0.0,0.0,22.0,1.0,1.0,1.0,1.0,84.0,173.0,40.0,198.0,107.0,156.0,107.0,108.0,70.0,108.0,16.0,16.0,14.0,11.0,90.0,38.0,73.0,233.0,53.0,66.0,192.0,118.0,59.0,22.0,2.0,84.0,90.52,97.0,101.9,201.0,1.0,66.0,-1.9,24.0,93.0,137.0,88.0,190.0,101.0,173.0,200.0,201.0,35.0,13.0,88.0,100.0,100.0,73.0,40.0,137.0,120.0,17.0,120.0,140.0,101.0,198.0,59.0,176.0,3.0,2.0,,,1.0,G,ORL,,,,,,,,,,,,,,,,,,,,,,,,,,,,,,,,,,,,,,,,,,,,,,,,,,,11748.0,92.0,,,,,,,,,,,,,,,1610612747.0,ORL,LAL,ORL,LAL,,,,,,,,,,,,,,,,,,,
203901,Elfrid Payton,1610612753,ORL,22.0,41.833333333333336,5,11,0.455,0,1,0.0,3,4,0.75,1,5,6,7,2,2,0,1,3,3,13,-4,79.84,3.5,0.15,0.509,9.1,83,0.148,-7.1,101.2,95.81,31.8,0.106,0.259,0.064,0.455,0.021,95.4,99.76,102.5,104.8,9.2,-3.6,0.098,76.0,0.105,78.0,0.092,9.0,1.0,8.0,1.0,14.0,0.0,11.0,0.0,2.0,5.0,0.846,0.154,4.0,13.0,2.0,4.0,0.308,0.154,0.8,3.0,0.75,4.0,0.0,0.138,1.0,4.96,4.88,94.0,4.0,0.0,0.0,31.0,7.8,0.0,4.0,14.8,2.0,0.25,0.5,0.4,1.0,8.0,12.3,0.5,27.4,3.0,0.0,4.0,0.625,0.625,0.333,0.0,0.0,0.0,0.25,2.0,0.0,12.0,0.0,,0.0,1.0,0.1,0.1,1.0,1.0,0.0,1.0,1.0,1.0,1.0,,2.0,0.0,0.0,0.0,0.5,1.0,0.5,2.0,1.0,0.2,0.5,0.2,0.0,0.5,5.0,5.0,3.0,0.6,0.0,,0.0,0.6,0.5,3.0,0.6,0.0,0.0,0.0,1.0,1.0,0.0,0.0,2.0,0.1,0.0,0.0,0.2,0.1,0.25,0.0,2.0,0.25,,0.0,4.0,1.0,0.0,0.0,0.0,0.0,0.0,0.455,0.0,0.0,0.0,4.0,0.0,0.0,0.0,0.0,1.0,0.0,4.0,0.0,0.0,1.0,0.0,0.0,0.0,0.0,0.0,4.0,2.0,0.0,0.0,1.0,0.0,0.0,0.25,0.099,0.592,0.221,74.0,0.692,107.0,4.0,4.0,,0.0,0.0,0.0,0.0,,1.0,0.0,1.0,0.0,1.0,0.0,0.0,0.0,0.0,0.333,0.0,1.0,0.0,0.0,,0.0,3.0,2.0,0.0,0.0,1.0,0.0,1.0,0.0,0.0,2016,21500790,,6.0,12.0,0.5,0.436,0.064,,,,,,,,,,,,,,,,,,,,,,,,,,,,,,,20160210.0,2015-16,False,SAS,,,,,,,,,,,,,,,,,,,,,,,,,,,1.7,1.5,4.6,4.87,3.2,4.32,Elfrid,1.0,0.0,1.0,0.0,34.7,0.0,0.0,30.0,1.0,132.0,132.0,132.0,5.0,65.0,64.0,120.0,113.0,133.0,113.0,43.0,42.0,89.0,75.0,50.0,53.0,14.0,38.0,11.0,85.0,166.0,168.0,44.0,77.0,161.0,47.0,24.0,1.0,57.0,95.81,177.0,104.8,170.0,5.0,129.0,-3.6,36.0,168.0,145.0,144.0,110.0,114.0,65.0,130.0,170.0,127.0,11.0,140.0,151.0,101.2,101.0,64.0,145.0,136.0,43.0,136.0,193.0,114.0,145.0,154.0,114.0,23.0,13.0,,,1.0,G,ORL,,,,,,,,,,,,,,,,,,,,,,,,,,,,,,,,,,,,,,,,,,,,,,,,,,,17009.0,95.0,,,,,,,,,,,,,,,1610612759.0,ORL,SAS,ORL,SAS,,,,,,,,,,,,,,,,,,,
203901,Elfrid Payton,1610612753,ORL,22.0,41.37166666666667,8,15,0.533,2,4,0.5,2,4,0.5,0,4,4,7,2,3,1,2,2,2,20,8,83.15,3.5,0.202,0.597,7.7,85,0.206,6.8,109.4,99.78,26.9,0.089,0.259,0.048,0.6,0.0,106.6,100.01,99.8,97.7,7.8,11.7,0.124,80.0,0.1,94.0,0.088,14.0,0.0,8.0,1.0,16.0,0.0,3.0,0.0,1.0,3.0,0.429,0.0,3.0,7.0,0.0,2.0,0.429,0.143,0.333,1.0,0.5,1.0,1.0,0.192,1.0,4.71,4.58,104.0,2.0,0.0,2.0,50.0,8.2,1.5,4.0,8.2,1.0,0.0,0.4,0.25,0.0,7.0,8.2,0.364,0.0,3.0,1.0,3.0,0.667,0.571,0.25,0.0,1.0,0.0,0.0,1.0,0.0,11.0,0.0,,0.0,1.0,0.077,0.077,1.0,1.0,0.0,1.0,1.0,1.0,1.0,0.0,3.0,0.0,1.0,0.077,0.667,2.0,1.0,2.0,2.0,0.231,0.667,0.154,0.0,0.308,4.0,4.0,2.0,0.5,0.0,,0.0,0.5,0.308,2.0,0.5,0.5,0.6,2.0,2.0,3.0,0.8,0.667,5.0,0.154,3.0,1.0,0.385,0.231,0.429,0.0,6.0,0.429,0.0,1.0,7.0,3.0,6.0,0.667,2.0,1.0,1.0,0.6,0.0,0.0,3.0,0.0,1.0,0.333,3.0,1.0,0.0,0.0,6.0,1.0,0.0,3.0,1.0,0.0,0.0,0.6,1.0,0.0,5.0,0.0,1.0,3.0,1.0,0.0,0.5,0.102,0.59,0.22,72.0,0.692,104.0,0.0,0.0,,0.0,,,0.0,,0.0,1.0,0.0,0.6,3.0,0.0,3.0,2.0,0.0,0.75,0.0,5.0,0.0,0.0,,,4.0,5.0,0.4,1.0,3.0,0.667,3.0,2.0,2.0,2016,21500780,,7.0,19.0,0.368,0.441,-0.073,,,,,,,,,,,,,,,,,,,,,,,,,,,,,,,20160208.0,2015-16,False,ATL,,,,,,,,,,,,,,,,,,,,,,,,,,,1.6,1.5,4.51,4.59,3.1,4.42,Elfrid,1.0,1.0,0.0,1.0,45.3,0.0,0.0,41.0,1.0,1.0,1.0,1.0,11.0,16.0,28.0,61.0,24.0,43.0,23.0,54.0,41.0,82.0,103.0,57.0,79.0,11.0,37.0,6.0,21.0,191.0,84.0,73.0,26.0,47.0,14.0,16.0,2.0,13.0,99.78,88.0,97.7,74.0,8.0,103.0,11.7,37.0,86.0,78.0,107.0,64.0,74.0,16.0,85.0,74.0,133.0,15.0,100.0,75.0,109.4,83.0,28.0,78.0,55.0,34.0,55.0,89.0,74.0,68.0,144.0,66.0,18.0,20.0,,,1.0,G,ORL,,,,,,,,,,,,,,,,,,,,,,,,,,,,,,,,,,,,,,,,,,,,,,,,,,,16187.0,107.0,,,,,,,,,,,,,,,1610612737.0,ATL,ORL,ORL,ATL,,,,,,,,,,,,,,,,,,,
203901,Elfrid Payton,1610612753,ORL,22.0,32.583333333333336,5,10,0.5,2,4,0.5,0,0,0.0,0,4,4,12,3,1,1,2,3,1,12,6,76.73,4.0,0.181,0.6,12.0,62,0.182,9.2,121.0,92.07,48.0,0.105,0.48,0.062,0.6,0.0,116.5,94.81,107.3,109.5,12.0,11.4,0.133,70.0,0.2,76.0,0.171,19.0,1.0,14.0,1.0,28.0,0.0,2.0,0.0,0.0,3.0,0.2,0.2,5.0,10.0,2.0,0.0,0.5,0.0,0.333,0.0,0.0,1.0,0.0,0.143,1.0,4.12,3.76,84.0,0.0,0.0,0.0,41.0,5.8,0.0,5.0,7.2,0.0,0.0,0.333,0.0,0.0,7.0,7.2,0.333,0.0,4.0,0.0,4.0,0.571,0.571,0.0,0.0,0.0,0.0,0.0,0.0,0.0,12.0,,,,,,,,,,,,,,,,,,,,,,,,,,,1.0,0.625,5.0,4.0,3.0,0.6,0.125,0.0,0.0,0.6,0.5,3.0,0.75,,0.667,2.0,0.0,3.0,1.0,0.667,3.0,0.0,2.0,0.0,0.375,0.375,0.667,0.0,4.0,0.667,,0.0,3.0,2.0,8.0,0.6,0.0,0.0,0.0,0.6,0.0,0.0,0.0,1.0,0.5,0.5,0.0,1.0,1.0,1.0,3.0,0.0,0.0,2.0,2.0,1.0,1.0,0.0,0.0,1.0,2.0,0.0,1.0,2.0,1.0,0.0,0.667,0.113,0.59,0.223,71.0,0.703,101.0,0.0,0.0,,2.0,0.0,0.0,1.0,,2.0,2.0,0.0,0.0,1.0,0.0,0.0,1.0,1.0,0.5,0.0,2.0,0.0,0.5,,0.0,2.0,2.0,0.5,0.8,5.0,0.5,4.0,2.0,3.0,2016,21500771,,11.0,18.0,0.611,0.454,0.157,,,,,,,,,,,,,,,,,,,,,,,,,,,,,,,20160207.0,2015-16,False,ATL,,,,,,,,,,,,,,,,,,,,,,,,,,,1.2,1.2,4.43,4.55,2.4,4.32,Elfrid,1.0,1.0,0.0,1.0,37.8,1.0,0.0,34.0,1.0,1.0,1.0,1.0,24.0,25.0,28.0,26.0,9.0,19.0,14.0,40.0,42.0,40.0,46.0,21.0,33.0,2.0,10.0,16.0,11.0,70.0,54.0,39.0,32.0,20.0,8.0,1.0,1.0,13.0,92.07,42.0,109.5,70.0,5.0,46.0,11.4,4.0,42.0,10.0,44.0,55.0,53.0,25.0,25.0,70.0,47.0,10.0,44.0,28.0,121.0,48.0,28.0,10.0,24.0,3.0,24.0,12.0,53.0,24.0,53.0,19.0,3.0,12.0,,,,G,ORL,,,,,,,,,,,,,,,,,,,,,,,,,,,,,,,,,,,,,,,,,,,,,,,,,,,12554.0,95.0,,,,,,,,,,,,,,,1610612737.0,ORL,ATL,ORL,ATL,,,,,,,,,,,,,,,,,,,
203901,Elfrid Payton,1610612753,ORL,22.0,29.15,3,11,0.273,0,0,0.0,0,0,0.0,1,4,5,6,1,0,0,3,4,1,6,-6,81.65,6.0,0.176,0.273,5.6,59,0.178,-8.1,89.8,97.98,33.3,0.108,0.316,0.068,0.273,0.028,89.0,99.0,97.2,98.3,5.6,-8.5,0.036,54.0,0.13,56.0,0.111,12.0,0.0,7.0,1.0,13.0,0.0,4.0,0.0,0.0,7.0,0.4,0.1,2.0,10.0,1.0,0.0,0.2,0.0,0.286,0.0,0.0,2.0,1.0,0.091,0.0,4.84,4.71,66.0,1.0,0.0,0.0,24.0,5.3,0.0,7.0,8.1,1.0,0.2,0.417,0.25,0.0,7.0,8.1,0.357,0.0,3.0,2.0,3.0,0.571,0.571,0.2,2.0,0.0,0.0,0.143,1.0,0.0,14.0,0.0,,0.0,1.0,0.125,0.125,0.0,1.0,0.0,0.0,0.0,0.0,0.0,,3.0,0.0,0.0,0.0,0.333,1.0,0.333,3.0,1.0,0.375,0.333,0.375,0.0,0.25,2.0,2.0,2.0,1.0,0.0,,0.0,1.0,0.25,2.0,1.0,0.0,0.0,0.0,2.0,0.0,0.0,,2.0,0.25,0.0,0.0,0.25,0.0,0.0,,0.0,0.0,,,3.0,0.0,2.0,1.0,0.0,0.0,0.0,0.273,0.0,0.0,0.0,0.0,0.0,0.0,2.0,0.0,0.0,0.0,4.0,0.0,0.0,0.0,0.0,0.0,0.0,0.4,0.0,2.0,5.0,0.0,0.0,1.0,0.0,0.0,0.25,0.114,0.588,0.222,66.0,0.702,94.0,0.0,1.0,,1.0,0.0,0.0,0.0,,1.0,0.0,0.0,0.333,0.0,0.0,2.0,0.0,1.0,0.0,0.0,0.0,0.0,0.0,,0.0,3.0,6.0,0.0,1.0,1.0,,,,1.0,2016,21500740,,5.0,13.0,0.385,0.451,-0.066,,,,,,,,,,,,,,,,,,,,,,,,,,,,,,,20160203.0,2015-16,False,OKC,,,,,,,,,,,,,,,,,,,,,,,,,,,1.1,1.1,4.54,4.67,2.2,4.42,Elfrid,1.0,0.0,1.0,0.0,20.0,0.0,0.0,17.0,1.0,116.0,116.0,116.0,83.0,108.0,57.0,186.0,98.0,165.0,98.0,118.0,128.0,118.0,56.0,56.0,65.0,19.0,82.0,111.0,69.0,220.0,199.0,99.0,140.0,169.0,115.0,18.0,3.0,119.0,97.98,128.0,98.3,127.0,3.0,99.0,-8.5,30.0,123.0,186.0,94.0,124.0,78.0,108.0,201.0,127.0,132.0,11.0,92.0,154.0,89.8,83.0,57.0,186.0,156.0,30.0,156.0,187.0,78.0,196.0,136.0,182.0,4.0,6.0,,,1.0,G,ORL,,,,,,,,,,,,,,,,,,,,,,,,,,,,,,,,,,,,,,,,,,,,,,,,,,,11677.0,96.0,,,,,,,,,,,,,,,1610612760.0,OKC,ORL,ORL,OKC,,,,,,,,,,,,,,,,,,,
203901,Elfrid Payton,1610612753,ORL,22.0,40.96666666666667,8,13,0.615,0,1,0.0,5,9,0.556,3,3,6,10,3,2,0,1,2,5,21,-1,80.07,3.33,0.213,0.619,10.0,81,0.211,-1.6,96.3,96.08,33.3,0.083,0.455,0.072,0.615,0.064,95.5,95.52,97.1,95.2,10.0,1.1,0.173,69.0,0.174,81.0,0.145,23.0,1.0,12.0,1.0,24.0,0.0,9.0,0.0,3.0,7.0,0.474,0.105,7.0,19.0,2.0,6.0,0.368,0.158,0.429,3.0,0.5,3.0,0.0,0.228,2.0,5.51,5.1,92.0,4.0,0.0,0.0,35.0,8.4,2.0,7.0,9.4,2.0,0.5,0.6,0.0,1.0,5.0,10.7,0.5,8.1,3.0,2.0,4.0,0.75,0.6,0.333,1.0,1.0,0.667,0.429,0.0,2.0,12.0,0.0,,0.0,4.0,0.333,0.333,2.0,4.0,0.0,0.5,0.5,2.0,0.5,,5.0,0.0,0.0,0.0,1.0,5.0,1.0,5.0,5.0,0.417,1.0,0.417,1.0,0.25,3.0,2.0,1.0,0.333,0.083,0.0,0.0,0.333,0.167,1.0,0.5,,,,,,,,,,,,,,,0.0,0.0,,,0.0,0.0,0.0,0.0,0.0,0.0,0.0,1.0,0.615,0.0,0.0,8.0,0.0,0.0,0.0,8.0,0.0,0.0,0.0,0.0,0.0,,1.0,0.0,0.0,0.0,0.8,0.0,2.0,10.0,,0.0,0.0,0.0,,0.0,0.119,0.586,0.219,55.0,0.705,78.0,0.0,2.0,0.0,0.0,,,0.0,0.0,0.0,1.0,0.0,0.8,0.0,,8.0,0.0,0.0,0.0,,0.0,,0.0,0.0,,0.0,10.0,0.0,0.0,1.0,0.0,1.0,0.0,0.0,2016,21500629,,6.0,13.0,0.462,0.431,0.031,,,,,,,,,,,,,,,,,,,,,,,,,,,,,,,20160120.0,2015-16,False,PHI,,,,,,,,,,,,,,,,,,,,,,,,,,,1.5,1.5,4.4,4.51,3.0,4.31,Elfrid,1.0,0.0,1.0,0.0,46.2,1.0,0.0,41.0,1.0,118.0,118.0,118.0,8.0,16.0,43.0,47.0,99.0,125.0,99.0,15.0,7.0,88.0,18.0,84.0,51.0,7.0,16.0,9.0,71.0,163.0,114.0,13.0,20.0,114.0,9.0,1.0,2.0,11.0,96.08,90.0,95.2,136.0,8.0,64.0,1.1,27.0,81.0,144.0,143.0,134.0,75.0,16.0,73.0,136.0,139.0,13.0,139.0,119.0,96.3,92.0,43.0,144.0,104.0,14.0,104.0,149.0,75.0,65.0,125.0,40.0,17.0,21.0,,,1.0,G,ORL,,,,,,,,,,,,,,,,,,,,,,,,,,,,,,,,,,,,,,,,,,,,,,,,,,,15865.0,96.0,,,,,,,,,,,,,,,1610612755.0,ORL,PHI,ORL,PHI,,,,,,,,,,,,,,,,,,,
203901,Elfrid Payton,1610612753,ORL,22.0,26.89666666666667,7,14,0.5,2,2,1.0,0,3,0.0,0,2,2,5,5,1,0,2,0,4,16,-14,78.08,1.0,0.323,0.522,20.0,52,0.33,-29.0,73.1,93.69,20.0,0.087,0.556,0.034,0.571,0.0,69.5,95.83,98.6,98.1,19.7,-25.0,0.105,54.0,0.111,68.0,0.093,12.0,1.0,6.0,0.0,11.0,0.067,4.0,1.0,1.0,7.0,0.267,0.133,3.0,15.0,2.0,2.0,0.2,0.067,0.286,0.0,0.0,2.0,0.0,0.211,1.0,4.88,4.57,76.0,0.0,0.0,0.0,32.0,6.2,0.0,4.0,6.0,1.0,0.0,0.25,0.5,0.0,5.0,6.0,0.222,0.0,1.0,1.0,1.0,0.4,0.4,0.5,1.0,0.0,0.0,0.0,1.0,0.0,9.0,0.0,,0.0,3.0,0.25,0.25,2.0,3.0,0.0,0.667,0.667,2.0,0.667,,3.0,0.0,0.0,0.0,0.333,1.0,0.333,3.0,1.0,0.25,0.333,0.25,0.0,0.333,4.0,4.0,2.0,0.5,0.0,,0.0,0.5,0.333,2.0,0.5,,1.0,2.0,0.0,2.0,1.5,1.0,2.0,0.0,2.0,0.0,0.167,0.167,0.333,0.0,2.0,0.333,,0.0,3.0,1.0,6.0,0.667,0.0,0.0,0.0,0.571,0.0,0.0,0.0,2.0,1.0,1.0,2.0,1.0,0.5,1.0,3.0,0.0,,1.0,1.0,1.0,1.0,0.4,0.0,4.0,5.0,,0.0,1.0,1.0,,0.333,0.116,0.587,0.216,52.0,0.703,74.0,1.0,2.0,,0.0,,,0.0,,1.0,0.0,0.5,0.5,1.0,,3.0,2.0,0.0,0.333,,2.0,,0.0,,,3.0,6.0,1.0,1.0,3.0,1.0,2.0,2.0,2.0,2016,21500620,,3.0,11.0,0.273,0.448,-0.175,,,,,,,,,,,,,,,,,,,,,,,,,,,,,,,20160118.0,2015-16,False,ATL,,,,,,,,,,,,,,,,,,,,,,,,,,,1.1,0.9,4.48,4.54,2.0,4.39,Elfrid,1.0,0.0,1.0,0.0,23.9,0.0,0.0,27.0,1.0,110.0,110.0,110.0,79.0,28.0,30.0,72.0,32.0,85.0,1.0,114.0,57.0,114.0,101.0,110.0,126.0,28.0,1.0,30.0,64.0,201.0,1.0,27.0,40.0,198.0,81.0,22.0,1.0,55.0,93.69,10.0,98.1,135.0,7.0,101.0,-25.0,73.0,11.0,203.0,185.0,98.0,51.0,28.0,116.0,135.0,141.0,14.0,183.0,180.0,73.1,51.0,30.0,203.0,178.0,5.0,178.0,205.0,51.0,85.0,168.0,81.0,63.0,16.0,,,1.0,G,ORL,,,,,,,,,,,,,,,,,,,,,,,,,,,,,,,,,,,,,,,,,,,,,,,,,,,10516.0,95.0,,,,,,,,,,,,,,,1610612737.0,ATL,ORL,ORL,ATL,,,,,,,,,,,,,,,,,,,
203901,Elfrid Payton,1610612753,ORL,22.0,31.725,5,11,0.455,0,0,0.0,2,4,0.5,0,2,2,9,3,1,0,4,1,2,12,-8,76.28,3.0,0.242,0.47,12.0,60,0.243,-5.6,113.3,91.54,36.0,0.074,0.375,0.042,0.455,0.0,115.6,91.96,121.2,124.6,12.1,-11.3,0.098,60.0,0.167,64.0,0.15,13.0,0.0,10.0,1.0,20.0,0.111,12.0,2.0,2.0,6.0,0.667,0.222,4.0,18.0,4.0,4.0,0.222,0.111,0.833,2.0,0.5,5.0,0.0,0.154,0.0,5.5,5.13,78.0,1.0,0.0,0.0,29.0,7.2,0.0,5.0,12.7,1.0,0.0,0.286,0.5,0.0,3.0,12.7,0.25,0.0,1.0,1.0,1.0,1.0,0.667,0.5,0.0,1.0,0.0,0.0,1.0,0.0,8.0,0.0,,0.0,2.0,0.286,0.286,2.0,2.0,0.0,1.0,1.0,2.0,1.0,,4.0,0.0,0.0,0.0,0.5,2.0,0.5,4.0,2.0,0.571,0.5,0.571,0.0,0.143,1.0,1.0,1.0,1.0,0.0,,0.0,1.0,0.143,1.0,1.0,,,,,,,,,,,,,,,,0.0,,,,0.0,0.0,0.0,0.0,0.0,0.0,0.0,0.455,0.0,0.0,0.0,0.0,0.0,0.0,5.0,0.0,0.0,0.0,0.0,0.0,0.0,0.0,0.0,0.0,0.0,0.5,0.0,1.0,10.0,0.0,0.0,0.0,0.0,0.0,0.0,0.094,0.589,0.205,41.0,0.683,60.0,0.0,1.0,,0.0,0.0,0.0,0.0,,0.0,0.0,0.0,0.5,0.0,0.0,5.0,0.0,0.0,0.0,0.0,0.0,0.0,0.0,,0.0,0.0,10.0,0.0,,0.0,,,,0.0,2016,21500426,,5.0,11.0,0.455,0.404,0.051,,,,,,,,,,,,,,,,,,,,,,,,,,,,,,,20151223.0,2015-16,False,HOU,,,,,,,,,,,,,,,,,,,,,,,,,,,1.3,1.1,4.54,4.67,2.4,4.41,Elfrid,1.0,1.0,0.0,1.0,27.9,0.0,0.0,25.0,1.0,1.0,1.0,1.0,68.0,74.0,73.0,132.0,113.0,177.0,113.0,54.0,38.0,102.0,149.0,147.0,170.0,5.0,18.0,45.0,96.0,273.0,55.0,71.0,85.0,207.0,76.0,22.0,1.0,83.0,91.54,71.0,124.6,199.0,5.0,149.0,-11.3,26.0,63.0,71.0,177.0,196.0,247.0,74.0,163.0,199.0,198.0,11.0,177.0,152.0,113.3,229.0,73.0,71.0,169.0,16.0,169.0,60.0,247.0,155.0,208.0,128.0,17.0,12.0,,,1.0,G,ORL,,,,,,,,,,,,,,,,,,,,,,,,,,,,,,,,,,,,,,,,,,,,,,,,,,,12725.0,92.0,,,,,,,,,,,,,,,1610612745.0,ORL,HOU,ORL,HOU,,,,,,,,,,,,,,,,,,,
203901,Elfrid Payton,1610612753,ORL,22.0,9.85,2,3,0.667,0,0,0.0,1,1,1.0,0,0,0,3,0,0,0,0,0,1,5,1,73.1,0.0,0.143,0.727,0.0,18,0.16,-7.7,111.1,87.72,50.0,0.0,0.429,0.0,0.667,0.0,97.8,93.66,105.6,105.6,0.0,5.6,0.192,19.0,0.158,22.0,0.158,4.0,0.0,3.0,0.0,7.0,0.0,0.0,0.0,0.0,1.0,0.0,0.0,1.0,2.0,0.0,0.0,0.5,0.0,0.0,0.0,0.0,0.0,0.0,0.217,1.0,3.64,3.52,23.0,1.0,0.0,0.0,12.0,1.4,3.0,,,,,,,,,,,,,,,,,,,,,,,,,0.0,,0.0,2.0,0.667,0.667,2.0,2.0,0.0,1.0,1.0,2.0,1.0,,1.0,0.0,0.0,0.0,0.0,0.0,0.0,1.0,0.0,0.333,0.0,0.333,,,,,,,,,,,,,,,,,,,,,,,,,,,,,0.0,,,,0.0,0.0,0.0,0.0,0.0,0.0,1.0,0.667,0.0,0.0,3.0,0.0,0.0,0.0,2.0,0.0,0.0,0.0,0.0,0.0,,0.0,0.0,0.0,0.0,0.667,0.0,0.0,3.0,,0.0,0.0,0.0,,0.0,0.099,0.591,0.206,40.0,0.69,58.0,0.0,0.0,,0.0,,,0.0,,0.0,0.0,0.0,0.667,0.0,,2.0,0.0,0.0,0.0,,0.0,,0.0,,,0.0,3.0,0.0,,0.0,,,,0.0,2016,21500412,,1.0,3.0,0.333,0.459,-0.126,,,,,,,,,,,,,,,,,,,,,,,,,,,,,,,20151221.0,2015-16,False,NYK,,,,,,,,,,,,,,,,,,,,,,,,,,,0.4,0.4,4.28,4.98,0.7,4.8,Elfrid,1.0,1.0,0.0,1.0,9.5,0.0,0.0,8.0,1.0,1.0,1.0,1.0,170.0,117.0,150.0,29.0,85.0,133.0,85.0,72.0,96.0,1.0,91.0,163.0,171.0,37.0,126.0,78.0,55.0,1.0,1.0,83.0,129.0,77.0,147.0,9.0,1.0,147.0,87.72,127.0,105.6,191.0,2.0,91.0,5.6,5.0,135.0,60.0,1.0,149.0,109.0,117.0,36.0,191.0,163.0,3.0,1.0,128.0,111.1,104.0,150.0,60.0,76.0,14.0,76.0,136.0,109.0,46.0,171.0,24.0,98.0,5.0,,,1.0,G,ORL,,,,,,,,,,,,,,,,,,,,,,,,,,,,,,,,,,,,,,,,,,,,,,,,,,,3895.0,88.0,,,,,,,,,,,,,,,1610612752.0,NYK,ORL,ORL,NYK,,,,,,,,,,,,,,,,,,,
203901,Elfrid Payton,1610612753,ORL,22.0,29.813333333333333,6,11,0.545,1,1,1.0,4,6,0.667,2,3,5,5,2,2,0,0,1,4,17,16,76.48,2.5,0.258,0.623,9.5,56,0.252,28.1,126.8,91.77,23.8,0.1,0.217,0.089,0.591,0.077,124.6,91.71,96.6,94.8,9.7,32.0,0.14,64.0,0.109,74.0,0.078,12.0,1.0,7.0,1.0,13.0,0.0,2.0,0.0,2.0,1.0,0.4,0.0,2.0,5.0,0.0,4.0,0.4,0.4,0.0,2.0,0.5,0.0,0.0,0.21,2.0,4.2,4.02,81.0,3.0,0.0,1.0,36.0,5.7,1.333,5.0,10.1,1.0,0.4,0.455,0.333,2.0,7.0,9.4,0.417,11.1,2.0,1.0,4.0,0.5,0.429,0.2,0.0,1.0,0.0,0.4,1.0,0.0,12.0,,,,,,,,,,,,,,,6.0,0.0,0.0,0.0,0.5,3.0,0.5,6.0,3.0,0.545,0.5,0.545,0.0,0.273,3.0,3.0,1.0,0.333,0.0,,0.0,0.333,0.273,1.0,0.333,1.0,1.0,1.0,1.0,1.0,1.25,1.0,2.0,0.091,2.0,1.0,0.182,0.091,0.5,0.0,4.0,0.5,,0.0,4.0,2.0,3.0,1.0,2.0,0.0,1.0,0.591,0.0,0.0,4.0,1.0,0.0,1.0,3.0,1.0,0.5,0.0,4.0,0.0,0.0,1.0,0.0,0.0,0.0,0.75,0.0,2.0,4.0,0.0,0.0,1.0,0.0,0.0,0.25,0.073,0.594,0.219,36.0,0.667,54.0,0.0,1.0,,1.0,,,0.0,,3.0,0.0,0.0,0.75,1.0,0.0,3.0,1.0,0.333,0.5,0.0,1.0,0.0,0.0,,,2.0,4.0,1.0,1.5,1.0,1.0,1.0,1.0,1.0,2016,21500358,,4.0,8.0,0.5,0.409,0.091,,,,,,,,,,,,,,,,,,,,,,,,,,,,,,,20151214.0,2015-16,False,BKN,,,,,,,,,,,,,,,,,,,,,,,,,,,1.2,1.1,4.64,4.99,2.3,4.31,Elfrid,1.0,1.0,0.0,1.0,34.5,0.0,0.0,32.0,1.0,1.0,1.0,1.0,58.0,35.0,47.0,65.0,54.0,113.0,1.0,18.0,10.0,82.0,21.0,81.0,52.0,21.0,31.0,14.0,54.0,1.0,43.0,20.0,36.0,19.0,34.0,15.0,1.0,31.0,91.77,48.0,94.8,185.0,6.0,38.0,32.0,56.0,41.0,22.0,114.0,188.0,66.0,35.0,74.0,185.0,129.0,11.0,110.0,28.0,126.8,74.0,47.0,22.0,23.0,58.0,23.0,29.0,66.0,74.0,91.0,62.0,25.0,17.0,,,,G,ORL,,,,,,,,,,,,,,,,,,,,,,,,,,,,,,,,,,,,,,,,,,,,,,,,,,,12077.0,95.0,,,,,,,,,,,,,,,1610612751.0,BKN,ORL,ORL,BKN,,,,,,,,,,,,,,,,,,,
203901,Elfrid Payton,1610612753,ORL,22.0,37.48333333333333,3,7,0.429,0,0,0.0,5,6,0.833,0,2,2,7,4,3,0,1,1,4,11,-6,82.7,1.75,0.167,0.571,19.0,77,0.162,-9.1,83.1,99.24,33.3,0.054,0.35,0.026,0.429,0.0,81.0,100.37,90.1,89.7,19.4,-6.6,0.116,75.0,0.093,86.0,0.093,14.0,0.0,7.0,0.0,20.0,0.0,4.0,0.0,0.0,4.0,0.571,0.0,3.0,7.0,0.0,0.0,0.429,0.0,0.5,0.0,0.0,2.0,0.0,0.118,1.0,4.57,4.48,93.0,1.0,0.0,0.0,37.0,7.1,0.0,2.0,9.5,0.0,0.0,0.4,0.0,0.0,4.0,9.5,0.333,0.0,2.0,1.0,2.0,0.667,0.5,0.0,0.0,1.0,0.0,0.0,0.0,0.0,6.0,0.0,,0.0,1.0,0.167,0.167,1.0,1.0,0.0,1.0,1.0,1.0,1.0,,4.0,0.0,0.0,0.0,0.25,1.0,0.25,4.0,1.0,0.667,0.25,0.667,0.0,0.167,1.0,1.0,1.0,1.0,0.0,,0.0,1.0,0.167,1.0,1.0,,,,,,,,,,,,,,0.5,,2.0,0.5,,,2.0,1.0,0.0,0.0,0.0,0.0,0.0,0.429,0.0,0.0,0.0,1.0,0.0,0.0,1.0,0.0,0.5,0.0,3.0,0.0,0.0,0.0,0.0,0.0,0.0,0.5,0.0,2.0,2.0,0.0,0.0,1.0,0.0,0.0,0.333,0.016,0.599,0.299,16.0,0.615,26.0,1.0,2.0,,0.0,0.0,0.0,0.0,,0.0,0.0,0.5,0.5,1.0,0.0,1.0,0.0,0.0,0.5,0.0,1.0,0.0,0.0,,0.0,2.0,2.0,0.0,,0.0,,,,0.0,2016,21500099,,6.0,18.0,0.333,0.444,-0.111,,,,,,,,,,,,,,,,,,,,,,,,,,,,,,,20151109.0,2015-16,False,IND,,,,,,,,,,,,,,,,,,,,,,,,,,,1.5,1.4,4.64,5.13,2.9,4.22,Elfrid,1.0,0.0,1.0,0.0,28.9,0.0,0.0,26.0,1.0,79.0,79.0,79.0,10.0,69.0,69.0,70.0,65.0,99.0,65.0,9.0,12.0,32.0,74.0,72.0,90.0,8.0,9.0,4.0,42.0,94.0,34.0,17.0,50.0,104.0,37.0,10.0,1.0,40.0,99.24,93.0,89.7,72.0,3.0,74.0,-6.6,14.0,86.0,121.0,111.0,77.0,33.0,69.0,58.0,72.0,109.0,7.0,111.0,95.0,83.1,35.0,69.0,121.0,87.0,16.0,87.0,123.0,33.0,82.0,118.0,58.0,33.0,11.0,,,1.0,G,ORL,,,,,,,,,,,,,,,,,,,,,,,,,,,,,,,,,,,,,,,,,,,,,,,,,,,15529.0,97.0,,,,,,,,,,,,,,,1610612754.0,IND,ORL,ORL,IND,,,,,,,,,,,,,,,,,,,
203901,Elfrid Payton,1610612753,ORL,22.0,32.71666666666667,8,10,0.8,0,0,0.0,4,4,1.0,0,2,2,5,2,3,1,0,2,2,20,11,78.25,2.5,0.187,0.85,10.5,63,0.192,16.7,117.5,93.9,26.3,0.057,0.278,0.03,0.8,0.0,114.2,94.92,97.5,96.9,10.7,20.5,0.208,64.0,0.125,72.0,0.078,15.0,3.0,8.0,0.0,18.0,0.0,12.0,0.0,1.0,6.0,1.0,0.0,5.0,12.0,0.0,2.0,0.417,0.083,0.833,2.0,1.0,5.0,0.0,0.247,1.0,4.31,4.53,81.0,0.0,0.0,0.0,34.0,5.8,0.0,1.0,26.6,1.0,0.0,0.4,0.5,0.0,5.0,26.6,0.333,0.0,1.0,1.0,1.0,0.5,0.4,0.5,0.0,1.0,0.0,0.0,1.0,0.0,6.0,0.0,,0.0,3.0,0.3,0.3,1.0,3.0,0.0,0.333,0.333,1.0,0.333,,5.0,0.0,0.0,0.0,1.0,5.0,1.0,5.0,5.0,0.5,1.0,0.5,0.0,0.2,2.0,2.0,2.0,1.0,0.0,,0.0,1.0,0.2,2.0,1.0,,,,,,,,,,,,,,1.0,,4.0,1.0,,,2.0,2.0,0.0,0.0,0.0,0.0,0.0,0.8,0.0,0.0,0.0,2.0,0.0,0.0,3.0,0.0,0.5,0.0,3.0,0.0,0.0,0.0,0.0,0.0,0.0,1.0,0.0,4.0,3.0,0.0,0.0,3.0,0.0,0.0,1.0,0.017,0.592,0.333,14.0,0.609,23.0,2.0,2.0,0.0,2.0,,,0.0,0.0,3.0,0.0,1.0,0.75,1.0,0.0,3.0,0.0,0.667,1.0,0.0,0.0,0.0,0.0,0.0,,1.0,4.0,0.0,,0.0,,,,0.0,2016,21500087,,3.0,13.0,0.231,0.432,-0.201,,,,,,,,,,,,,,,,,,,,,,,,,,,,,,,20151107.0,2015-16,False,PHI,,,,,,,,,,,,,,,,,,,,,,,,,,,1.3,1.3,4.78,5.39,2.6,4.28,Elfrid,1.0,1.0,0.0,1.0,39.9,0.0,0.0,35.0,1.0,1.0,1.0,1.0,46.0,11.0,50.0,9.0,70.0,118.0,70.0,15.0,26.0,1.0,94.0,99.0,115.0,20.0,42.0,4.0,15.0,1.0,87.0,54.0,18.0,23.0,13.0,17.0,2.0,21.0,93.9,86.0,96.9,170.0,8.0,94.0,20.5,40.0,90.0,33.0,111.0,150.0,78.0,11.0,10.0,170.0,140.0,10.0,107.0,43.0,117.5,87.0,50.0,33.0,37.0,30.0,37.0,39.0,78.0,15.0,147.0,18.0,25.0,20.0,,,1.0,G,ORL,,,,,,,,,,,,,,,,,,,,,,,,,,,,,,,,,,,,,,,,,,,,,,,,,,,13712.0,95.0,,,,,,,,,,,,,,,1610612755.0,PHI,ORL,ORL,PHI,,,,,,,,,,,,,,,,,,,
203901,Elfrid Payton,1610612753,ORL,22.0,35.218333333333334,2,12,0.167,0,0,0.0,2,4,0.5,1,2,3,5,2,1,1,3,1,3,6,8,79.5,2.5,0.178,0.218,9.5,70,0.177,10.0,104.3,95.4,23.8,0.05,0.185,0.036,0.167,0.023,97.3,101.89,87.3,92.9,9.6,11.4,0.0,72.0,0.083,78.0,0.069,17.0,0.0,6.0,1.0,12.0,0.077,1.0,1.0,1.0,6.0,0.077,0.154,3.0,13.0,2.0,2.0,0.231,0.077,0.0,1.0,0.5,0.0,0.0,0.067,2.0,4.83,4.42,89.0,3.0,0.0,1.0,39.0,7.2,1.333,7.0,15.7,0.0,0.143,0.25,0.0,1.0,5.0,11.3,0.25,24.5,2.0,0.0,3.0,0.4,0.4,0.0,0.0,0.0,0.0,0.143,0.0,0.0,12.0,0.0,,0.0,1.0,0.111,0.111,0.0,1.0,0.0,0.0,0.0,0.0,0.0,,4.0,0.0,0.0,0.0,0.5,2.0,0.5,4.0,2.0,0.444,0.5,0.444,0.0,0.333,3.0,3.0,0.0,0.0,0.0,,0.0,0.0,0.333,0.0,0.0,0.0,0.0,0.0,1.0,0.0,0.0,,1.0,0.111,0.0,0.0,0.111,0.0,0.0,,0.0,0.0,,,6.0,0.0,0.0,0.0,2.0,1.0,1.0,0.167,0.0,0.0,4.0,0.0,0.0,0.0,2.0,0.0,0.0,0.0,5.0,0.0,0.0,0.0,0.0,0.0,0.0,0.4,0.0,2.0,5.0,0.0,0.0,0.0,0.0,0.0,0.0,0.024,0.59,0.237,27.0,0.614,44.0,0.0,0.0,,0.0,0.0,0.0,0.0,,2.0,0.0,0.0,0.4,0.0,0.0,2.0,0.0,0.0,0.0,0.0,0.0,0.0,0.0,,0.0,5.0,5.0,0.0,0.0,1.0,,,,0.0,2016,21500249,,4.0,11.0,0.364,0.419,-0.055,,,,,,,,,,,,,,,,,,,,,,,,,,,,,,,20151129.0,2015-16,False,BOS,,,,,,,,,,,,,,,,,,,,,,,,,,,1.5,1.2,4.78,4.6,2.8,4.63,Elfrid,1.0,1.0,0.0,1.0,21.1,0.0,0.0,18.0,1.0,1.0,1.0,1.0,30.0,99.0,37.0,139.0,74.0,114.0,74.0,43.0,26.0,64.0,48.0,92.0,87.0,16.0,37.0,30.0,20.0,160.0,35.0,30.0,106.0,23.0,67.0,14.0,1.0,78.0,95.4,86.0,92.9,101.0,2.0,92.0,11.4,33.0,81.0,67.0,87.0,61.0,59.0,99.0,140.0,101.0,130.0,12.0,87.0,47.0,104.3,42.0,37.0,67.0,38.0,47.0,38.0,85.0,59.0,139.0,129.0,131.0,15.0,6.0,,,1.0,G,ORL,,,,,,,,,,,,,,,,,,,,,,,,,,,,,,,,,,,,,,,,,,,,,,,,,,,14533.0,93.0,,,,,,,,,,,,,,,1610612738.0,ORL,BOS,ORL,BOS,,,,,,,,,,,,,,,,,,,
203901,Elfrid Payton,1610612753,ORL,22.0,35.79,4,9,0.444,0,1,0.0,11,17,0.647,3,3,6,3,4,2,1,0,5,9,19,8,82.15,0.75,0.235,0.576,17.4,73,0.242,8.0,116.4,98.58,13.0,0.097,0.111,0.088,0.444,0.081,115.4,97.45,107.4,104.1,17.0,12.4,0.066,77.0,0.065,85.0,0.039,12.0,1.0,5.0,1.0,8.0,0.167,5.0,2.0,3.0,3.0,0.417,0.083,3.0,12.0,1.0,6.0,0.25,0.25,0.333,3.0,0.5,1.0,0.0,0.194,0.0,4.2,4.02,98.0,4.0,0.0,0.0,41.0,6.9,1.5,4.0,13.0,2.0,1.0,0.857,0.333,2.0,4.0,10.0,0.75,16.0,2.0,1.0,4.0,0.75,0.75,0.333,1.0,0.0,0.333,0.75,1.0,1.0,8.0,0.0,,0.0,3.0,0.333,0.333,2.0,3.0,0.0,0.667,0.667,2.0,0.667,,4.0,0.0,0.0,0.0,0.5,2.0,0.5,4.0,2.0,0.444,0.5,0.444,0.0,0.111,1.0,1.0,0.0,0.0,0.0,,0.0,0.0,0.111,0.0,0.0,,0.0,0.0,0.0,1.0,0.0,0.0,1.0,0.0,0.0,0.0,0.111,0.111,0.0,0.0,0.0,0.0,,0.0,1.0,0.0,0.0,0.0,0.0,0.0,1.0,0.444,0.0,0.0,6.0,0.0,0.0,0.0,4.0,0.0,0.0,0.0,1.0,0.0,0.0,1.0,0.0,0.0,0.0,0.8,0.0,2.0,5.0,0.0,0.0,0.0,0.0,0.0,0.0,0.099,0.591,0.213,40.0,0.69,58.0,0.0,1.0,,0.0,,,0.0,,1.0,1.0,0.0,0.8,0.0,0.0,4.0,0.0,0.0,0.0,0.0,1.0,0.0,0.0,,,0.0,5.0,0.0,0.0,2.0,0.0,1.0,0.0,0.0,2016,21500387,,4.0,13.0,0.308,0.432,-0.124,,,,,,,,,,,,,,,,,,,,,,,,,,,,,,,20151218.0,2015-16,False,POR,,,,,,,,,,,,,,,,,,,,,,,,,,,1.5,1.3,4.7,5.01,2.8,4.4,Elfrid,1.0,1.0,0.0,1.0,35.7,0.0,0.0,34.0,1.0,1.0,1.0,1.0,34.0,83.0,89.0,117.0,106.0,123.0,106.0,3.0,2.0,105.0,18.0,91.0,61.0,51.0,12.0,15.0,25.0,1.0,229.0,4.0,40.0,50.0,36.0,27.0,1.0,35.0,98.58,60.0,104.1,103.0,4.0,48.0,12.4,111.0,64.0,53.0,189.0,110.0,126.0,83.0,91.0,103.0,145.0,9.0,191.0,87.0,116.4,149.0,89.0,53.0,66.0,106.0,66.0,53.0,126.0,135.0,102.0,147.0,105.0,19.0,,,1.0,G,ORL,,,,,,,,,,,,,,,,,,,,,,,,,,,,,,,,,,,,,,,,,,,,,,,,,,,14677.0,98.0,,,,,,,,,,,,,,,1610612757.0,ORL,POR,ORL,POR,,,,,,,,,,,,,,,,,,,
203901,Elfrid Payton,1610612753,ORL,22.0,22.85833333333333,1,5,0.2,0,1,0.0,2,2,1.0,1,1,2,4,3,2,0,1,3,3,4,-1,93.62,1.33,0.153,0.34,23.1,54,0.151,-5.8,85.2,112.34,30.8,0.045,0.235,0.038,0.2,0.033,83.7,112.85,89.5,88.7,23.3,-3.5,0.018,43.0,0.116,46.0,0.093,13.0,0.0,5.0,1.0,10.0,0.167,2.0,1.0,1.0,2.0,0.333,0.0,2.0,6.0,0.0,2.0,0.333,0.167,0.0,2.0,1.0,0.0,0.0,0.074,1.0,4.95,4.67,54.0,0.0,0.0,0.0,17.0,4.5,0.0,5.0,14.8,1.0,0.2,0.333,0.0,0.0,1.0,4.3,0.333,25.3,1.0,0.0,1.0,1.0,1.0,0.5,0.0,0.0,1.0,0.2,0.0,1.0,6.0,0.0,,0.0,1.0,0.25,0.25,0.0,1.0,0.0,0.0,0.0,0.0,0.0,,1.0,0.0,0.0,0.0,0.0,0.0,0.0,1.0,0.0,0.25,0.0,0.25,0.0,0.5,2.0,2.0,1.0,0.5,0.0,,0.0,0.5,0.5,1.0,0.5,,,,,,,,,,,,,,,,0.0,,,,0.0,0.0,0.0,0.0,0.0,0.0,0.0,0.2,0.0,0.0,0.0,0.0,0.0,0.0,1.0,0.0,0.0,0.0,0.0,0.0,,1.0,0.0,0.0,0.0,0.333,0.0,1.0,3.0,,0.0,0.0,0.0,,0.0,0.092,0.592,0.22,76.0,0.685,111.0,0.0,1.0,,0.0,0.0,0.0,0.0,,0.0,1.0,0.0,0.333,0.0,,1.0,0.0,0.0,0.0,,0.0,,0.0,,0.0,0.0,3.0,0.0,,0.0,,,,0.0,2016,21500828,,3.0,8.0,0.375,0.437,-0.062,,,,,,,,,,,,,,,,,,,,,,,,,,,,,,,20160221.0,2015-16,False,IND,,,,,,,,,,,,,,,,,,,,,,,,,,,0.9,0.9,4.47,4.84,1.7,4.63,Elfrid,1.0,0.0,1.0,0.0,15.4,0.0,0.0,14.0,1.0,108.0,108.0,108.0,109.0,151.0,132.0,169.0,92.0,108.0,92.0,64.0,79.0,1.0,54.0,136.0,133.0,30.0,16.0,11.0,64.0,145.0,132.0,48.0,145.0,106.0,122.0,18.0,1.0,123.0,112.34,151.0,88.7,10.0,1.0,91.0,-3.5,33.0,145.0,191.0,186.0,1.0,22.0,151.0,166.0,10.0,169.0,5.0,184.0,120.0,85.2,27.0,132.0,191.0,115.0,37.0,115.0,192.0,22.0,172.0,165.0,165.0,56.0,4.0,,,1.0,G,ORL,,,,,,,,,,,,,,,,,,,,,,,,,,,,,,,,,,,,,,,,,,,,,,,,,,,9213.0,107.0,,,,,,,,,,,,,,,1610612754.0,ORL,IND,ORL,IND,,,,,,,,,,,,,,,,,,,
203901,Elfrid Payton,1610612753,ORL,22.0,31.216666666666665,3,8,0.375,0,2,0.0,5,10,0.5,0,3,3,11,4,3,0,1,1,5,11,22,84.57,2.75,0.227,0.444,14.3,67,0.229,36.8,122.4,101.48,39.3,0.125,0.407,0.058,0.375,0.0,126.8,101.02,89.9,92.3,14.6,30.1,0.1,57.0,0.246,64.0,0.193,20.0,3.0,14.0,0.0,30.0,0.0,5.0,0.0,1.0,5.0,0.385,0.385,1.0,13.0,5.0,2.0,0.077,0.077,0.4,1.0,0.5,2.0,0.0,0.149,1.0,6.4,6.22,74.0,1.0,0.0,0.0,16.0,7.9,0.0,2.0,10.2,0.0,0.0,0.5,0.0,0.0,5.0,10.2,0.429,0.0,3.0,1.0,3.0,0.75,0.6,0.0,0.0,1.0,0.0,0.0,0.0,0.0,7.0,0.0,,0.0,3.0,0.429,0.429,2.0,3.0,0.0,0.667,0.667,2.0,0.667,0.0,3.0,0.0,1.0,0.143,0.333,1.0,0.5,2.0,1.0,0.429,0.333,0.286,1.0,0.143,1.0,0.0,0.0,0.0,0.143,0.0,0.0,0.0,0.0,0.0,,,,,,,,,,,,,,,1.0,0.0,2.0,1.0,,0.0,1.0,1.0,0.0,0.0,0.0,0.0,0.0,0.375,0.0,0.0,0.0,1.0,0.0,0.0,2.0,0.0,0.5,0.0,0.0,0.0,0.0,1.0,1.0,0.0,1.0,0.5,0.0,2.0,4.0,0.0,0.0,0.0,0.0,0.0,0.0,0.065,0.589,0.268,127.0,0.655,194.0,1.0,2.0,0.0,0.0,0.0,0.0,0.0,0.0,0.0,0.0,0.5,0.5,0.0,0.0,2.0,0.0,0.0,0.0,0.0,2.0,0.0,0.0,0.0,0.0,0.0,4.0,0.0,0.0,2.0,0.0,2.0,0.0,0.0,2016,21501204,,5.0,12.0,0.417,0.404,0.013,,,,,,,,,,,,,,,,,,,,,,,,,,,,,,,20160411.0,2015-16,False,MIL,,,,,,,,,,,,,,,,,,,,,,,,,,,1.2,1.1,4.41,4.83,2.3,4.03,Elfrid,1.0,1.0,0.0,1.0,36.1,1.0,0.0,31.0,1.0,1.0,1.0,1.0,45.0,86.0,82.0,116.0,84.0,79.0,84.0,12.0,1.0,80.0,101.0,68.0,93.0,4.0,8.0,4.0,65.0,127.0,41.0,6.0,68.0,8.0,29.0,1.0,2.0,41.0,101.48,63.0,92.3,81.0,3.0,101.0,30.1,20.0,64.0,28.0,138.0,85.0,45.0,86.0,119.0,81.0,98.0,8.0,132.0,10.0,122.4,35.0,82.0,28.0,22.0,15.0,22.0,15.0,45.0,126.0,130.0,91.0,18.0,11.0,,,1.0,G,ORL,,,,,,,,,,,,,,,,,,,,,,,,,,,,,,,,,,,,,,,,,,,,,,,,,,,11949.0,97.0,,,,,,,,,,,,,,,1610612749.0,ORL,MIL,ORL,MIL,,,,,,,,,,,,,,,,,,,
203901,Elfrid Payton,1610612753,ORL,22.0,20.166666666666668,3,7,0.429,1,1,1.0,0,2,0.0,1,1,2,3,1,1,0,0,1,1,7,-6,75.37,3.0,0.225,0.444,8.3,38,0.229,-14.3,92.1,90.45,25.0,0.077,0.231,0.067,0.5,0.059,95.2,88.3,109.5,107.9,8.4,-15.8,0.06,31.0,0.097,32.0,0.097,8.0,0.0,3.0,0.0,7.0,0.0,2.0,0.0,0.0,4.0,0.5,0.0,0.0,4.0,0.0,0.0,0.0,0.0,0.25,0.0,0.0,1.0,0.0,0.175,1.0,5.62,5.73,40.0,2.0,0.0,0.0,14.0,3.7,0.0,1.0,12.0,1.0,1.0,1.0,0.0,0.0,1.0,12.4,1.0,11.6,1.0,0.0,1.0,1.0,1.0,0.5,0.0,0.0,1.0,1.0,0.0,1.0,2.0,0.0,,0.0,1.0,0.143,0.143,0.0,1.0,0.0,0.0,0.0,0.0,0.0,,3.0,0.0,0.0,0.0,0.667,2.0,0.667,3.0,2.0,0.429,0.667,0.429,0.0,0.286,2.0,2.0,0.0,0.0,0.0,,0.0,0.0,0.286,0.0,0.0,,1.0,1.0,0.0,1.0,1.5,1.0,1.0,0.0,1.0,0.0,0.143,0.143,0.333,0.0,2.0,0.333,,0.0,3.0,1.0,3.0,1.0,0.0,0.0,0.0,0.5,0.0,0.0,0.0,1.0,0.0,1.0,0.0,1.0,0.25,0.0,2.0,,0.0,1.0,0.0,0.0,0.0,0.0,,4.0,0.0,0.0,,1.0,0.0,0.0,0.5,0.084,0.592,0.244,96.0,0.676,142.0,1.0,3.0,,0.0,0.0,0.0,0.0,,1.0,0.0,0.333,0.0,1.0,0.0,0.0,1.0,0.0,0.5,0.0,1.0,0.0,0.0,,0.0,2.0,0.0,1.0,1.5,1.0,1.0,1.0,1.0,1.0,2016,21500949,,4.0,7.0,0.571,0.406,0.165,,,,,,,,,,,,,,,,,,,,,,,,,,,,,,,20160308.0,2015-16,False,LAL,,,,,,,,,,,,,,,,,,,,,,,,,,,0.7,0.7,4.47,4.55,1.5,3.85,Elfrid,1.0,0.0,1.0,0.0,15.9,0.0,0.0,15.0,1.0,63.0,63.0,63.0,81.0,54.0,54.0,65.0,21.0,58.0,1.0,65.0,36.0,65.0,25.0,96.0,84.0,24.0,44.0,22.0,40.0,1.0,27.0,61.0,65.0,91.0,73.0,6.0,1.0,71.0,90.45,34.0,107.9,120.0,3.0,26.0,-15.8,24.0,35.0,90.0,63.0,123.0,80.0,54.0,83.0,120.0,93.0,7.0,63.0,93.0,92.1,81.0,54.0,90.0,95.0,23.0,95.0,83.0,80.0,51.0,75.0,80.0,10.0,7.0,,,1.0,G,ORL,,,,,,,,,,,,,,,,,,,,,,,,,,,,,,,,,,,,,,,,,,,,,,,,,,,7737.0,94.0,,,,,,,,,,,,,,,1610612747.0,LAL,ORL,ORL,LAL,,,,,,,,,,,,,,,,,,,
203901,Elfrid Payton,1610612753,ORL,22.0,28.3,4,9,0.444,1,3,0.333,0,0,0.0,1,2,3,3,0,0,1,1,1,0,9,8,81.98,0.0,0.148,0.5,0.0,57,0.15,17.4,101.8,98.37,25.0,0.059,0.15,0.048,0.5,0.036,103.2,97.09,85.8,84.7,0.0,17.0,0.092,55.0,0.055,59.0,0.055,11.0,0.0,3.0,0.0,8.0,0.0,4.0,0.0,0.0,3.0,0.5,0.25,3.0,8.0,2.0,0.0,0.375,0.0,0.667,0.0,0.0,2.0,0.0,0.141,0.0,4.46,4.09,64.0,0.0,0.0,0.0,26.0,4.8,0.0,1.0,8.6,2.0,1.0,1.0,0.5,0.0,2.0,8.3,1.0,9.3,1.0,0.0,1.0,1.0,1.0,0.667,0.0,0.0,1.0,1.0,1.0,1.0,3.0,0.0,,0.0,2.0,0.25,0.25,1.0,2.0,0.0,0.5,0.5,1.0,0.5,,3.0,0.0,0.0,0.0,0.667,2.0,0.667,3.0,2.0,0.375,0.667,0.375,,,,,,,,,,,,,,,0.333,1.0,0.0,3.0,0.5,0.333,3.0,0.0,1.0,0.0,0.375,0.375,0.0,0.0,0.0,0.0,,0.0,1.0,0.0,3.0,0.333,0.0,0.0,0.0,0.5,0.0,0.0,0.0,1.0,0.0,0.5,2.0,1.0,0.5,0.0,1.0,0.0,,2.0,1.0,0.0,1.0,0.667,0.0,2.0,3.0,,0.0,0.0,0.0,,0.0,0.093,0.592,0.217,74.0,0.685,108.0,1.0,2.0,,0.0,0.0,0.0,0.0,,0.0,1.0,0.5,0.667,0.0,,2.0,1.0,0.0,0.0,,2.0,,0.0,,0.0,1.0,3.0,0.5,0.5,3.0,0.333,3.0,1.0,1.0,2016,21500805,,7.0,13.0,0.538,0.426,0.113,,,,,,,,,,,,,,,,,,,,,,,,,,,,,,,20160219.0,2015-16,False,DAL,,,,,,,,,,,,,,,,,,,,,,,,,,,1.0,1.1,4.46,4.54,2.1,4.38,Elfrid,1.0,1.0,0.0,1.0,20.1,0.0,0.0,18.0,1.0,1.0,1.0,1.0,110.0,106.0,108.0,135.0,73.0,81.0,86.0,163.0,176.0,163.0,67.0,152.0,134.0,60.0,195.0,148.0,35.0,185.0,54.0,217.0,138.0,54.0,138.0,31.0,1.0,143.0,98.37,203.0,84.7,202.0,4.0,112.0,17.0,61.0,200.0,157.0,1.0,205.0,35.0,106.0,158.0,202.0,223.0,9.0,1.0,58.0,101.8,36.0,108.0,157.0,52.0,102.0,52.0,158.0,35.0,123.0,208.0,147.0,160.0,9.0,,,1.0,G,ORL,,,,,,,,,,,,,,,,,,,,,,,,,,,,,,,,,,,,,,,,,,,,,,,,,,,11206.0,109.0,,,,,,,,,,,,,,,1610612742.0,ORL,DAL,ORL,DAL,,,,,,,,,,,,,,,,,,,
203901,Elfrid Payton,1610612753,ORL,22.0,38.55,6,11,0.545,0,1,0.0,2,4,0.5,1,1,2,3,5,1,1,1,5,3,14,-14,77.82,0.6,0.228,0.549,23.8,75,0.227,-16.5,88.0,93.39,14.3,0.023,0.15,0.026,0.545,0.029,88.9,93.51,105.4,106.7,24.1,-18.7,0.023,73.0,0.055,84.0,0.041,10.0,1.0,4.0,0.0,11.0,0.077,8.0,1.0,2.0,5.0,0.615,0.154,3.0,13.0,2.0,4.0,0.231,0.154,0.6,2.0,0.5,3.0,0.0,0.147,1.0,4.33,4.06,95.0,3.0,0.0,0.0,39.0,6.9,0.667,3.0,4.2,1.0,0.333,0.222,0.0,0.0,6.0,5.5,0.222,2.9,1.0,0.0,1.0,0.167,0.167,0.5,0.0,0.0,1.0,0.333,0.0,1.0,9.0,0.0,,0.0,4.0,0.4,0.4,3.0,4.0,0.0,0.75,0.75,3.0,0.75,,5.0,0.0,0.0,0.0,0.6,3.0,0.6,5.0,3.0,0.5,0.6,0.5,,,,,,,,,,,,,,,0.0,0.0,0.0,1.0,0.0,0.0,1.0,0.0,0.0,0.0,0.1,0.1,0.0,0.0,0.0,0.0,,0.0,1.0,0.0,0.0,0.0,0.0,0.0,1.0,0.545,0.0,0.0,2.0,0.0,0.0,0.0,6.0,0.0,0.0,0.0,1.0,0.0,0.0,0.0,1.0,0.0,1.0,0.857,0.0,2.0,7.0,0.0,0.0,0.0,0.0,0.0,0.0,0.113,0.586,0.221,58.0,0.699,83.0,0.0,1.0,,0.0,,,0.0,,0.0,0.0,0.0,0.75,0.0,0.0,6.0,0.0,0.0,0.0,0.0,1.0,0.0,0.0,,,1.0,8.0,0.0,0.0,1.0,0.0,1.0,0.0,0.0,2016,21500670,,3.0,7.0,0.429,0.456,-0.027,,,,,,,,,,,,,,,,,,,,,,,,,,,,,,,20160125.0,2015-16,False,MEM,,,,,,,,,,,,,,,,,,,,,,,,,,,1.4,1.5,4.52,4.76,2.9,4.32,Elfrid,1.0,0.0,1.0,0.0,21.9,0.0,0.0,23.0,1.0,95.0,95.0,95.0,16.0,33.0,42.0,55.0,84.0,100.0,84.0,48.0,32.0,81.0,43.0,141.0,121.0,39.0,2.0,43.0,11.0,148.0,184.0,37.0,50.0,171.0,75.0,14.0,1.0,68.0,93.39,57.0,106.7,166.0,6.0,89.0,-18.7,92.0,50.0,149.0,172.0,158.0,101.0,33.0,85.0,166.0,172.0,11.0,172.0,140.0,88.0,97.0,42.0,149.0,144.0,73.0,144.0,152.0,101.0,75.0,171.0,144.0,88.0,14.0,,,1.0,G,ORL,,,,,,,,,,,,,,,,,,,,,,,,,,,,,,,,,,,,,,,,,,,,,,,,,,,15176.0,102.0,,,,,,,,,,,,,,,1610612763.0,MEM,ORL,ORL,MEM,,,,,,,,,,,,,,,,,,,
203901,Elfrid Payton,1610612753,ORL,22.0,30.266666666666666,5,9,0.556,0,1,0.0,2,2,1.0,0,3,3,9,2,1,0,2,1,2,12,16,79.96,4.5,0.185,0.607,9.5,60,0.183,21.9,130.0,95.95,42.9,0.107,0.346,0.061,0.556,0.0,123.7,98.36,101.7,101.6,9.6,28.4,0.118,61.0,0.164,67.0,0.148,16.0,0.0,10.0,1.0,24.0,0.0,4.0,0.0,1.0,2.0,0.444,0.222,4.0,9.0,2.0,2.0,0.444,0.111,0.5,2.0,1.0,1.0,0.0,0.158,1.0,4.5,4.21,76.0,2.0,0.0,0.0,30.0,5.7,1.0,3.0,4.5,0.0,0.0,0.5,0.0,0.0,4.0,4.5,0.429,0.0,3.0,1.0,3.0,0.75,0.75,0.0,1.0,0.0,0.0,0.0,0.0,0.0,7.0,0.0,,0.0,2.0,0.286,0.286,2.0,2.0,0.0,1.0,1.0,2.0,1.0,,,,,,,,,,,,,,0.0,0.571,4.0,4.0,3.0,0.75,0.0,,0.0,0.75,0.571,3.0,0.75,,0.0,0.0,0.0,1.0,0.0,0.0,1.0,0.0,0.0,0.0,0.143,0.143,1.0,0.0,4.0,1.0,,0.0,2.0,2.0,0.0,0.0,0.0,0.0,1.0,0.556,0.0,0.0,2.0,0.0,0.0,0.0,3.0,0.0,0.0,0.0,3.0,0.0,,1.0,0.0,0.0,0.0,0.6,0.0,0.0,5.0,,0.0,2.0,0.0,,0.667,0.093,0.592,0.22,39.0,0.684,57.0,0.0,0.0,,0.0,,,0.0,,0.0,1.0,0.0,0.6,2.0,,3.0,0.0,0.0,0.667,,0.0,,0.0,,,3.0,5.0,0.0,0.0,2.0,0.0,1.0,0.0,0.0,2016,21500372,,8.0,12.0,0.667,0.415,0.252,,,,,,,,,,,,,,,,,,,,,,,,,,,,,,,20151216.0,2015-16,False,CHA,,,,,,,,,,,,,,,,,,,,,,,,,,,1.2,1.1,4.56,4.83,2.3,4.3,Elfrid,1.0,1.0,0.0,1.0,30.1,0.0,0.0,26.0,1.0,1.0,1.0,1.0,55.0,56.0,87.0,83.0,117.0,122.0,117.0,64.0,74.0,1.0,122.0,86.0,112.0,6.0,42.0,40.0,78.0,253.0,60.0,70.0,72.0,17.0,53.0,19.0,2.0,63.0,95.95,143.0,101.6,163.0,5.0,122.0,28.4,11.0,137.0,27.0,138.0,129.0,108.0,56.0,102.0,163.0,151.0,9.0,138.0,60.0,130.0,109.0,87.0,27.0,39.0,23.0,39.0,46.0,108.0,104.0,164.0,103.0,12.0,12.0,,,1.0,G,ORL,,,,,,,,,,,,,,,,,,,,,,,,,,,,,,,,,,,,,,,,,,,,,,,,,,,12245.0,93.0,,,,,,,,,,,,,,,1610612766.0,ORL,CHA,ORL,CHA,,,,,,,,,,,,,,,,,,,
203901,Elfrid Payton,1610612753,ORL,22.0,33.36666666666667,6,15,0.4,0,1,0.0,0,2,0.0,0,3,3,10,3,5,0,0,2,2,12,-1,80.32,3.33,0.244,0.378,10.3,68,0.248,-10.1,98.5,96.38,34.5,0.107,0.5,0.045,0.4,0.0,92.7,99.58,102.8,103.0,10.4,-4.5,0.118,77.0,0.13,81.0,0.13,15.0,0.0,10.0,0.0,23.0,0.1,4.0,1.0,1.0,5.0,0.4,0.1,2.0,10.0,1.0,2.0,0.2,0.1,0.4,0.0,0.0,2.0,0.0,0.122,1.0,4.65,4.52,98.0,2.0,0.0,0.0,38.0,7.6,0.0,4.0,13.5,0.0,0.0,0.375,0.0,0.0,5.0,13.5,0.333,0.0,3.0,1.0,3.0,0.75,0.6,0.0,0.0,1.0,0.0,0.0,0.0,0.0,9.0,0.0,,0.0,4.0,0.267,0.267,2.0,4.0,0.0,0.5,0.5,2.0,0.5,,7.0,0.0,0.0,0.0,0.429,3.0,0.429,7.0,3.0,0.467,0.429,0.467,0.0,0.067,1.0,1.0,1.0,1.0,0.0,,0.0,1.0,0.067,1.0,1.0,0.0,0.0,0.0,2.0,1.0,0.0,0.0,3.0,0.133,0.0,0.0,0.2,0.067,0.333,0.0,2.0,0.333,,0.0,3.0,1.0,0.0,0.0,0.0,0.0,0.0,0.4,0.0,0.0,0.0,1.0,0.0,0.0,3.0,0.0,0.25,0.0,4.0,0.0,0.0,0.0,1.0,0.0,1.0,0.5,0.0,4.0,6.0,0.0,0.0,2.0,0.0,0.0,0.5,0.061,0.593,0.226,34.0,0.654,52.0,1.0,4.0,0.0,0.0,,,0.0,0.0,0.0,0.0,0.25,0.571,1.0,0.0,4.0,0.0,0.0,0.333,0.0,1.0,0.0,0.0,0.0,,3.0,7.0,0.0,0.0,1.0,0.0,1.0,0.0,0.0,2016,21500326,,6.0,10.0,0.6,0.435,0.165,,,,,,,,,,,,,,,,,,,,,,,,,,,,,,,20151209.0,2015-16,False,PHX,,,,,,,,,,,,,,,,,,,,,,,,,,,1.3,1.2,4.5,4.71,2.5,4.3,Elfrid,1.0,0.0,1.0,0.0,42.6,1.0,0.0,35.0,1.0,104.0,104.0,104.0,41.0,36.0,22.0,119.0,90.0,106.0,90.0,112.0,64.0,112.0,98.0,72.0,97.0,6.0,17.0,2.0,58.0,1.0,89.0,65.0,63.0,108.0,16.0,1.0,2.0,23.0,96.38,52.0,103.0,123.0,6.0,98.0,-4.5,19.0,50.0,119.0,125.0,84.0,106.0,36.0,160.0,123.0,121.0,15.0,125.0,144.0,98.5,112.0,22.0,119.0,119.0,5.0,119.0,144.0,106.0,137.0,147.0,79.0,18.0,12.0,,,1.0,G,ORL,,,,,,,,,,,,,,,,,,,,,,,,,,,,,,,,,,,,,,,,,,,,,,,,,,,13106.0,98.0,,,,,,,,,,,,,,,1610612756.0,PHX,ORL,ORL,PHX,,,,,,,,,,,,,,,,,,,
203901,Elfrid Payton,1610612752,NYK,26.0,30.766666666666666,2,7,0.286,2,3,0.667,2,2,1.0,0,4,4,5,4,4,0,2,2,1,8,0,83.21,1.25,0.154,0.508,23.5,63,0.154,2.4,114.3,99.85,29.4,0.105,0.217,0.058,0.429,0.0,108.7,104.5,106.3,110.8,23.7,3.5,0.093,61.0,0.082,59.0,0.082,9.0,1.0,5.0,0.0,12.0,0.125,2.0,1.0,1.0,3.0,0.25,0.125,3.0,8.0,1.0,2.0,0.375,0.125,0.0,2.0,1.0,0.0,1.0,0.105,0.0,4.49,3.78,76.0,0.0,0.0,0.0,27.0,5.7,0.0,0.0,7.0,0.0,0.0,0.5,0.0,0.0,9.0,7.0,0.444,0.0,4.0,1.0,4.0,0.5,0.444,0.0,0.0,1.0,0.0,0.0,0.0,0.0,9.0,,,,,,,,,,,,,,,2.0,0.0,0.0,0.0,0.0,0.0,0.0,2.0,0.0,0.286,0.0,0.286,0.0,0.286,2.0,2.0,0.0,0.0,0.0,,0.0,0.0,0.286,0.0,0.0,,0.667,2.0,0.0,3.0,1.0,0.667,3.0,0.0,2.0,0.0,0.429,0.429,0.333,1.0,3.0,0.5,1.0,1.0,3.0,1.0,3.0,0.5,0.0,0.0,0.0,0.429,0.0,0.0,0.0,0.0,1.0,0.5,0.0,1.0,0.0,1.0,1.0,0.0,0.0,2.0,1.0,1.0,1.0,0.0,0.0,3.0,0.0,0.0,0.0,0.0,1.0,0.0,0.0,-0.111,0.611,0.27,5.0,0.5,10.0,0.0,3.0,,0.0,,,1.0,,0.0,2.0,0.0,0.0,0.0,0.0,0.0,1.0,0.0,0.0,0.0,1.0,0.0,0.5,,,1.0,0.0,1.0,0.75,2.0,0.5,2.0,1.0,1.0,2020,21900029,,11.0,19.0,0.579,0.432,0.147,,,,,,,,,,,,,,,,,,,,,,,,,,,,,,,20191026.0,2019-20,False,BOS,7.0,2.0,5.0,2.0,0.0,0.0,0.0,0.0,2.0,2.0,0.0,1.0,0.0,0.0,0.0,0.0,0.0,0.0,0.0,0.0,0.0,,,,,,1.2,1.1,4.28,4.28,2.4,3.94,Elfrid,1.0,0.0,1.0,0.0,28.3,0.0,0.0,27.0,1.0,116.0,116.0,116.0,47.0,134.0,102.0,163.0,34.0,84.0,14.0,58.0,75.0,1.0,109.0,55.0,83.0,21.0,10.0,2.0,69.0,204.0,86.0,122.0,114.0,97.0,53.0,20.0,2.0,58.0,99.85,146.0,110.8,181.0,2.0,109.0,3.5,38.0,141.0,67.0,195.0,136.0,141.0,134.0,119.0,181.0,126.0,7.0,192.0,96.0,114.3,132.0,102.0,67.0,89.0,53.0,89.0,88.0,141.0,132.0,143.0,99.0,51.0,8.0,,,,G,NYK,,,,,,,,,,,,,,,,,,,,,,,,,,,,,,,,,,,,,,,,,,,,,,,,,,,12543.0,101.0,,,,,,,,,,,,,,30.8,1610612738.0,NYK,BOS,NYK,BOS,,,,,,,,,,,,,,,,,,,
203901,Elfrid Payton,1610612752,NYK,26.0,20.7,1,3,0.333,0,0,0.0,1,2,0.5,1,1,2,0,1,1,0,0,0,2,3,-4,76.33,0.0,0.091,0.387,20.0,39,0.087,-10.9,112.8,91.59,0.0,0.053,0.0,0.042,0.333,0.034,104.9,96.74,115.7,120.0,20.5,-7.2,0.022,43.0,0.0,40.0,0.0,5.0,0.0,0.0,0.0,0.0,0.0,2.0,0.0,0.0,3.0,0.4,0.0,2.0,5.0,0.0,0.0,0.4,0.0,0.333,0.0,0.0,1.0,0.0,0.061,0.0,5.02,4.33,49.0,1.0,0.0,0.0,18.0,4.1,1.0,1.0,4.3,0.0,1.0,0.5,0.0,1.0,3.0,1.5,0.5,7.0,1.0,0.0,2.0,0.333,0.333,0.0,0.0,0.0,0.0,1.0,0.0,0.0,4.0,0.0,,0.0,1.0,0.333,0.333,0.0,1.0,0.0,0.0,0.0,0.0,0.0,,2.0,0.0,0.0,0.0,0.5,1.0,0.5,2.0,1.0,0.667,0.5,0.667,,,,,,,,,,,,,,,,,,,,,,,,,,,,,0.0,,,,0.0,0.0,0.0,0.0,0.0,0.0,0.0,0.333,0.0,0.0,1.0,0.0,0.0,0.0,1.0,0.0,0.0,0.0,0.0,0.0,,0.0,0.0,0.0,0.0,0.5,0.0,1.0,2.0,,0.0,0.0,0.0,,0.0,-0.062,0.608,0.268,6.0,0.545,11.0,0.0,0.0,0.0,0.0,,,0.0,0.0,1.0,0.0,0.0,0.5,0.0,,1.0,0.0,0.0,0.0,,0.0,,0.0,0.0,,0.0,2.0,0.0,,0.0,,,,0.0,2020,21900042,,2.0,4.0,0.5,0.437,0.063,,,,,,,,,,,,,,,,,,,,,,,,,,,,,,,20191028.0,2019-20,False,CHI,3.0,0.0,3.0,2.0,0.0,1.0,2.0,0.0,2.0,2.0,0.0,1.0,0.0,0.0,0.0,0.0,0.0,0.0,0.0,0.0,0.0,,,,,,0.9,0.7,4.37,4.43,1.6,4.31,Elfrid,1.0,1.0,0.0,1.0,7.4,0.0,0.0,7.0,1.0,1.0,1.0,1.0,143.0,164.0,180.0,143.0,128.0,185.0,128.0,99.0,79.0,96.0,52.0,162.0,155.0,168.0,92.0,38.0,74.0,1.0,1.0,79.0,173.0,156.0,189.0,24.0,2.0,187.0,91.59,205.0,120.0,220.0,1.0,90.0,-7.2,168.0,199.0,53.0,183.0,191.0,197.0,164.0,160.0,220.0,180.0,3.0,178.0,158.0,112.8,192.0,180.0,53.0,148.0,168.0,148.0,85.0,197.0,159.0,171.0,177.0,125.0,3.0,,,1.0,G,NYK,,,,,,,,,,,,,,,,,,,,,,,,,,,,,,,,,,,,,,,,,,,,,,,,,,,8348.0,95.0,,,,,,,,,,,,,,20.7,1610612741.0,NYK,CHI,NYK,CHI,,,,,,,,,,,,,,,,,,,
203901,Elfrid Payton,1610612752,NYK,26.0,12.533333333333331,1,4,0.25,0,2,0.0,0,0,0.0,0,2,2,4,0,1,0,1,2,0,2,-2,79.79,0.0,0.143,0.25,0.0,25,0.143,-13.6,92.0,95.74,50.0,0.133,0.444,0.067,0.25,0.0,88.9,96.28,102.5,100.0,0.0,-8.0,0.104,24.0,0.167,27.0,0.167,10.0,0.0,4.0,0.0,9.0,0.0,2.0,0.0,0.0,2.0,0.333,0.167,4.0,6.0,1.0,0.0,0.667,0.0,0.5,0.0,0.0,1.0,0.0,0.067,0.0,5.33,5.2,30.0,0.0,0.0,0.0,8.0,2.7,0.0,0.0,5.8,0.0,0.0,0.5,0.0,0.0,4.0,5.8,0.5,0.0,2.0,0.0,2.0,0.5,0.5,0.0,0.0,0.0,0.0,0.0,0.0,0.0,4.0,,,,,,,,,,,,,,,2.0,0.0,0.0,0.0,0.5,1.0,0.5,2.0,1.0,0.5,0.5,0.5,1.0,0.25,1.0,0.0,0.0,0.0,0.25,0.0,0.0,0.0,0.0,0.0,,,0.0,0.0,0.0,1.0,0.0,0.0,1.0,0.0,0.0,0.0,0.25,0.25,0.0,0.0,0.0,0.0,0.0,1.0,1.0,0.0,0.0,0.0,0.0,0.0,0.0,0.25,0.0,0.0,0.0,0.0,0.0,0.0,1.0,0.0,0.0,0.0,0.0,0.0,0.0,2.0,0.0,0.0,0.0,0.5,0.0,0.0,2.0,0.0,0.0,0.0,0.0,0.0,0.0,0.014,0.611,0.276,10.0,0.625,16.0,0.0,0.0,,0.0,0.0,0.0,0.0,,0.0,2.0,0.0,0.5,0.0,0.0,1.0,0.0,0.0,0.0,0.0,0.0,0.0,0.0,,0.0,0.0,2.0,0.0,0.0,1.0,0.0,1.0,0.0,0.0,2020,21900355,,1.0,3.0,0.333,0.444,-0.111,,,,,,,,,,,,,,,,,,,,,,,,,,,,,,,20191210.0,2019-20,False,POR,1.0,0.0,1.0,2.0,0.0,0.0,0.0,0.0,1.0,1.0,0.0,1.0,0.0,0.0,0.0,0.0,0.0,0.0,0.0,0.0,0.0,,,,,,0.5,0.5,4.55,4.96,1.0,4.21,Elfrid,1.0,0.0,1.0,0.0,13.4,0.0,0.0,10.0,1.0,43.0,43.0,43.0,72.0,62.0,65.0,64.0,44.0,47.0,44.0,44.0,47.0,44.0,42.0,50.0,57.0,15.0,50.0,13.0,33.0,54.0,43.0,57.0,68.0,47.0,51.0,10.0,3.0,59.0,95.74,61.0,100.0,71.0,1.0,42.0,-8.0,1.0,59.0,63.0,1.0,76.0,33.0,62.0,67.0,71.0,37.0,4.0,1.0,58.0,92.0,44.0,65.0,63.0,52.0,2.0,52.0,66.0,33.0,64.0,52.0,36.0,37.0,2.0,,,,G,NYK,,,,,,,,,,,,,,,,,,,,,,,,,,,,,,,,,,,,,,,,,,,,,,,,,,,5073.0,101.0,,,,,,,,,,,,,,12.5,1610612757.0,POR,NYK,NYK,POR,,,,,,,,,,,,,,,,,,,
203901,Elfrid Payton,1610612752,NYK,26.0,29.58333333333333,7,14,0.5,0,3,0.0,0,0,0.0,2,2,4,5,5,1,0,0,2,2,14,-1,85.86,1.0,0.247,0.5,20.8,64,0.261,-3.7,106.3,103.03,20.8,0.063,0.294,0.063,0.5,0.063,104.7,104.26,108.5,109.5,20.8,-3.3,0.072,44.0,0.136,57.0,0.114,11.0,1.0,6.0,0.0,16.0,0.071,8.0,1.0,0.0,8.0,0.571,0.071,5.0,14.0,1.0,0.0,0.357,0.0,0.5,0.0,0.0,4.0,0.0,0.212,0.0,6.35,5.77,66.0,4.0,0.0,0.0,21.0,7.0,1.0,3.0,5.5,1.0,1.0,0.8,0.5,2.0,3.0,4.7,0.667,6.2,1.0,1.0,3.0,0.667,0.667,0.25,1.0,0.0,0.0,0.667,1.0,0.0,6.0,0.0,,0.0,2.0,0.143,0.143,1.0,2.0,0.0,0.5,0.5,1.0,0.5,,7.0,0.0,0.0,0.0,0.714,5.0,0.714,7.0,5.0,0.5,0.714,0.5,2.0,0.214,3.0,1.0,0.0,0.0,0.143,0.0,0.0,0.0,0.071,0.0,0.0,1.0,0.5,0.0,1.0,1.0,0.5,0.0,2.0,0.071,1.0,1.0,0.143,0.071,0.25,0.0,2.0,0.25,0.0,3.0,4.0,1.0,0.0,0.0,0.0,0.0,1.0,0.5,0.0,0.0,4.0,4.0,0.0,0.0,3.0,0.0,0.8,0.0,0.0,0.0,0.0,3.0,0.0,0.0,0.0,0.5,0.0,5.0,6.0,0.0,0.0,0.0,0.0,0.0,0.0,0.036,0.614,0.303,13.0,0.65,20.0,3.0,4.0,0.0,1.0,0.0,1.0,0.0,0.0,1.0,2.0,0.75,0.5,0.0,0.0,3.0,0.0,1.0,0.0,0.0,0.0,0.0,0.0,0.0,0.0,0.0,6.0,0.0,,0.0,,0.0,0.0,0.0,2020,21900366,,4.0,8.0,0.5,0.438,0.062,,,,,,,,,,,,,,,,,,,,,,,,,,,,,,,20191211.0,2019-20,False,GSW,4.0,2.0,2.0,3.0,0.0,0.0,0.0,1.0,0.0,1.0,1.0,0.0,0.0,0.0,0.0,0.0,0.0,0.0,0.0,0.0,0.0,,,,,,1.3,1.0,4.3,4.54,2.3,4.03,Elfrid,1.0,1.0,0.0,1.0,24.3,0.0,0.0,25.0,1.0,1.0,1.0,1.0,73.0,33.0,32.0,65.0,126.0,89.0,126.0,130.0,137.0,130.0,23.0,134.0,99.0,31.0,6.0,47.0,80.0,1.0,99.0,71.0,62.0,107.0,90.0,21.0,3.0,79.0,103.03,35.0,109.5,94.0,7.0,54.0,-3.3,64.0,39.0,108.0,204.0,83.0,115.0,33.0,130.0,94.0,188.0,14.0,204.0,121.0,106.3,118.0,32.0,108.0,125.0,28.0,125.0,114.0,115.0,90.0,137.0,138.0,71.0,14.0,,,1.0,G,NYK,,,,,,,,,,,,,,,,,,,,,,,,,,,,,,,,,,,,,,,,,,,,,,,,,,,12100.0,110.0,,,,,,,,,,,,,,29.6,1610612744.0,GSW,NYK,NYK,GSW,,,,,,,,,,,,,,,,,,,
203901,Elfrid Payton,1610612752,NYK,26.0,27.066666666666663,7,13,0.538,1,1,1.0,1,2,0.5,2,2,4,4,0,1,0,1,0,3,16,19,73.89,0.0,0.215,0.576,0.0,50,0.22,35.2,124.0,88.67,22.2,0.067,0.2,0.066,0.577,0.065,121.4,89.52,86.2,86.0,0.0,38.0,0.213,45.0,0.089,51.0,0.089,9.0,0.0,4.0,0.0,8.0,0.0,7.0,0.0,1.0,8.0,0.538,0.0,4.0,13.0,0.0,2.0,0.308,0.077,0.375,1.0,0.5,3.0,0.0,0.254,0.0,5.74,5.13,63.0,1.0,0.0,0.0,25.0,6.0,0.0,2.0,9.4,1.0,1.0,0.8,0.0,1.0,3.0,10.9,0.8,7.8,2.0,0.0,3.0,0.667,0.667,0.25,0.0,0.0,0.5,1.0,0.0,1.0,5.0,0.0,,0.0,1.0,0.077,0.077,0.0,1.0,0.0,0.0,0.0,0.0,0.0,,10.0,0.0,0.0,0.0,0.6,6.0,0.6,10.0,6.0,0.769,0.6,0.769,1.0,0.154,2.0,1.0,0.0,0.75,0.077,1.0,1.0,0.5,0.077,1.0,0.0,,,,,,,,,,,,,,0.5,0.0,2.0,0.5,,0.0,2.0,1.0,3.0,1.0,0.0,0.0,0.0,0.577,0.0,0.0,0.0,1.0,0.0,1.0,4.0,1.0,0.5,0.0,2.0,0.0,0.0,1.0,0.0,0.0,0.0,0.5,0.0,2.0,8.0,0.0,0.0,1.0,0.0,0.0,0.5,0.047,0.62,0.266,14.0,0.667,21.0,1.0,2.0,,0.0,0.0,0.0,0.0,,1.0,0.0,0.5,0.5,1.0,0.0,4.0,1.0,0.0,1.0,0.0,1.0,0.0,0.0,,0.0,1.0,8.0,1.0,1.5,1.0,1.0,1.0,1.0,1.0,2020,21900378,,4.0,13.0,0.308,0.452,-0.144,,,,,,,,,,,,,,,,,,,,,,,,,,,,,,,20191213.0,2019-20,False,SAC,9.0,2.0,7.0,1.0,0.0,0.0,0.0,0.0,0.0,0.0,0.0,0.0,0.0,0.0,0.0,0.0,0.0,0.0,0.0,0.0,0.0,,,,,,1.1,0.9,4.06,4.51,2.0,3.62,Elfrid,1.0,1.0,0.0,1.0,29.8,0.0,0.0,27.0,1.0,1.0,1.0,1.0,70.0,27.0,40.0,50.0,46.0,121.0,1.0,68.0,57.0,73.0,24.0,112.0,77.0,25.0,116.0,26.0,50.0,125.0,1.0,38.0,38.0,11.0,44.0,22.0,1.0,51.0,88.67,59.0,86.0,179.0,7.0,40.0,38.0,55.0,58.0,30.0,1.0,181.0,28.0,27.0,69.0,179.0,146.0,13.0,1.0,17.0,124.0,29.0,40.0,30.0,13.0,49.0,13.0,36.0,28.0,57.0,107.0,15.0,97.0,16.0,,,1.0,G,NYK,,,,,,,,,,,,,,,,,,,,,,,,,,,,,,,,,,,,,,,,,,,,,,,,,,,10721.0,91.0,,,,,,,,,,,,,,27.1,1610612758.0,SAC,NYK,NYK,SAC,,,,,,,,,,,,,,,,,,,
203901,Elfrid Payton,1610612752,NYK,26.0,25.383333333333333,5,13,0.385,0,3,0.0,0,0,0.0,3,4,7,11,0,1,0,0,2,0,10,-14,79.58,0.0,0.217,0.385,0.0,50,0.219,-28.2,112.0,95.5,45.8,0.167,0.55,0.132,0.385,0.103,111.0,95.23,139.2,137.3,0.0,-25.3,0.139,56.0,0.196,54.0,0.196,19.0,0.0,11.0,0.0,27.0,0.0,6.0,0.0,0.0,6.0,0.375,0.063,8.0,16.0,1.0,0.0,0.5,0.0,0.5,0.0,0.0,3.0,0.0,0.139,0.0,4.88,4.67,72.0,2.0,0.0,0.0,27.0,5.9,1.0,3.0,9.6,1.0,1.0,1.0,0.0,2.0,5.0,9.0,0.875,10.5,4.0,1.0,6.0,1.0,0.8,0.143,0.0,1.0,0.333,1.0,0.0,1.0,8.0,0.0,,0.0,4.0,0.308,0.308,2.0,4.0,0.0,0.5,0.5,2.0,0.5,,4.0,0.0,0.0,0.0,0.75,3.0,0.75,4.0,3.0,0.308,0.75,0.308,3.0,0.385,5.0,2.0,0.0,0.0,0.231,0.0,0.0,0.0,0.154,0.0,0.0,,,,,,,,,,,,,,0.0,0.0,0.0,0.0,,0.0,1.0,0.0,0.0,0.0,0.0,0.0,0.5,0.385,0.0,0.0,2.0,2.0,0.0,0.0,3.0,0.0,0.286,0.0,0.0,0.0,0.0,2.0,1.0,0.0,0.0,1.0,0.0,7.0,3.0,0.0,1.0,0.0,0.0,0.0,0.0,0.033,0.621,0.286,17.0,0.654,26.0,1.0,3.0,0.0,0.0,,,0.0,0.0,2.0,2.0,0.333,0.8,0.0,0.0,4.0,0.0,0.0,0.0,0.0,1.0,0.0,0.0,0.0,,0.0,5.0,0.0,0.0,3.0,0.0,3.0,0.0,0.0,2020,21900392,,6.0,12.0,0.5,0.466,0.034,,,,,,,,,,,,,,,,,,,,,,,,,,,,,,,20191215.0,2019-20,False,DEN,5.0,1.0,4.0,4.0,0.0,0.0,0.0,1.0,0.0,1.0,1.0,0.0,0.0,0.0,0.0,0.0,0.0,0.0,0.0,0.0,0.0,,,,,,1.1,0.9,4.41,4.96,2.0,3.9,Elfrid,1.0,0.0,1.0,0.0,37.9,1.0,0.0,30.0,1.0,66.0,66.0,66.0,52.0,30.0,22.0,78.0,67.0,49.0,67.0,74.0,79.0,74.0,6.0,36.0,17.0,1.0,89.0,21.0,43.0,1.0,60.0,94.0,49.0,114.0,14.0,1.0,1.0,27.0,95.5,46.0,137.3,103.0,5.0,14.0,-25.3,3.0,43.0,41.0,1.0,110.0,124.0,30.0,92.0,103.0,43.0,13.0,1.0,116.0,112.0,125.0,22.0,41.0,111.0,2.0,111.0,42.0,124.0,83.0,34.0,34.0,75.0,10.0,,,1.0,G,NYK,,,,,,,,,,,,,,,,,,,,,,,,,,,,,,,,,,,,,,,,,,,,,,,,,,,10336.0,92.0,,,,,,,,,,,,,,25.4,1610612743.0,DEN,NYK,NYK,DEN,,,,,,,,,,,,,,,,,,,
203901,Elfrid Payton,1610612752,NYK,26.0,20.166666666666668,2,7,0.286,0,0,0.0,1,2,0.5,0,0,0,9,0,0,1,0,3,1,5,-2,84.3,0.0,0.163,0.317,0.0,43,0.162,-6.3,127.9,101.16,52.9,0.0,0.474,0.0,0.286,0.0,125.8,103.39,132.1,135.7,0.0,-7.8,0.056,40.0,0.275,47.0,0.225,11.0,1.0,11.0,1.0,22.0,0.0,5.0,0.0,1.0,7.0,0.385,0.077,5.0,13.0,1.0,2.0,0.385,0.077,0.286,1.0,0.5,2.0,0.0,0.102,0.0,5.93,5.51,49.0,1.0,0.0,0.0,18.0,4.8,0.0,,,,,,,,,,,,,,,,,,,,,,,,,0.0,,0.0,1.0,0.143,0.143,1.0,1.0,0.0,1.0,1.0,1.0,1.0,,5.0,0.0,0.0,0.0,0.2,1.0,0.2,5.0,1.0,0.714,0.2,0.714,0.0,0.143,1.0,1.0,0.0,0.0,0.0,,0.0,0.0,0.143,0.0,0.0,,,,,,,,,,,,,,0.0,,0.0,0.0,,,1.0,0.0,0.0,0.0,0.0,0.0,0.0,0.286,0.0,0.0,0.0,0.0,0.0,0.0,2.0,0.0,0.0,0.0,1.0,0.0,0.0,0.0,0.0,0.0,0.0,0.667,0.0,3.0,3.0,0.0,0.0,0.0,0.0,0.0,0.0,0.079,0.611,0.276,20.0,0.69,29.0,0.0,2.0,0.0,0.0,0.0,0.0,0.0,0.0,1.0,0.0,0.0,0.5,,0.0,2.0,0.0,0.0,,0.0,0.0,0.0,0.0,0.0,0.0,,4.0,0.0,,0.0,,,,0.0,2020,21900403,,8.0,14.0,0.571,0.412,0.159,,,,,,,,,,,,,,,,,,,,,,,,,,,,,,,20191217.0,2019-20,False,ATL,8.0,2.0,6.0,0.0,0.0,0.0,0.0,1.0,0.0,1.0,1.0,0.0,0.0,0.0,0.0,0.0,0.0,0.0,0.0,0.0,0.0,,,,,,0.8,0.6,4.2,4.23,1.5,3.55,Elfrid,1.0,1.0,0.0,1.0,21.5,0.0,0.0,16.0,1.0,1.0,1.0,1.0,85.0,81.0,69.0,95.0,73.0,99.0,73.0,48.0,34.0,53.0,70.0,111.0,111.0,1.0,78.0,53.0,19.0,1.0,82.0,58.0,92.0,67.0,65.0,12.0,1.0,79.0,101.16,72.0,135.7,56.0,2.0,70.0,-7.8,3.0,69.0,12.0,1.0,52.0,116.0,81.0,103.0,56.0,111.0,7.0,1.0,71.0,127.9,114.0,69.0,12.0,78.0,3.0,78.0,12.0,116.0,100.0,111.0,87.0,66.0,5.0,,,1.0,G,NYK,,,,,,,,,,,,,,,,,,,,,,,,,,,,,,,,,,,,,,,,,,,,,,,,,,,7702.0,106.0,,,,,,,,,,,,,,20.2,1610612737.0,NYK,ATL,NYK,ATL,,,,,,,,,,,,,,,,,,,
203901,Elfrid Payton,1610612752,NYK,26.0,27.166666666666668,3,7,0.429,0,2,0.0,0,0,0.0,2,3,5,10,2,4,0,1,2,0,6,-21,91.29,5.0,0.134,0.429,10.5,62,0.136,-31.0,88.7,109.55,52.6,0.125,0.526,0.088,0.429,0.061,87.1,112.66,118.1,122.6,10.5,-33.9,0.136,70.0,0.157,64.0,0.143,20.0,1.0,11.0,0.0,23.0,0.063,6.0,1.0,0.0,5.0,0.375,0.25,10.0,16.0,4.0,0.0,0.625,0.0,0.6,0.0,0.0,3.0,0.0,0.074,0.0,4.56,4.28,81.0,0.0,0.0,0.0,28.0,6.2,0.0,2.0,12.4,1.0,1.0,0.625,0.0,1.0,6.0,7.3,0.625,20.1,3.0,0.0,4.0,0.5,0.5,0.2,0.0,0.0,0.5,1.0,0.0,1.0,8.0,,,,,,,,,,,,,,,5.0,0.0,0.0,0.0,0.6,3.0,0.6,5.0,3.0,0.714,0.6,0.714,,,,,,,,,,,,,,,0.0,0.0,0.0,2.0,0.0,0.0,2.0,0.0,0.0,0.0,0.286,0.286,0.0,0.0,0.0,0.0,0.0,1.0,1.0,0.0,0.0,0.0,0.0,0.0,0.0,0.429,0.0,0.0,0.0,1.0,0.0,0.0,2.0,0.0,0.5,0.0,0.0,0.0,0.0,2.0,0.0,0.0,0.0,0.667,0.0,2.0,3.0,0.0,0.0,0.0,0.0,0.0,0.0,0.115,0.612,0.275,24.0,0.727,33.0,1.0,2.0,,0.0,,,0.0,,0.0,1.0,0.5,0.667,0.0,0.0,2.0,0.0,0.0,0.0,0.0,1.0,0.0,0.0,,,0.0,3.0,0.0,0.0,1.0,0.0,1.0,0.0,0.0,2020,21900434,,6.0,11.0,0.545,0.463,0.083,,,,,,,,,,,,,,,,,,,,,,,,,,,,,,,20191221.0,2019-20,False,MIL,6.0,1.0,5.0,5.0,0.0,0.0,0.0,1.0,1.0,2.0,0.5,0.5,0.0,0.0,0.0,0.0,0.0,0.0,0.0,0.0,0.0,,,,,,1.3,1.0,4.78,5.13,2.3,4.38,Elfrid,1.0,0.0,1.0,0.0,37.0,0.0,0.0,29.0,1.0,97.0,97.0,97.0,66.0,95.0,92.0,102.0,109.0,100.0,109.0,100.0,107.0,100.0,21.0,75.0,50.0,2.0,35.0,2.0,65.0,120.0,71.0,136.0,120.0,180.0,33.0,17.0,2.0,50.0,109.55,131.0,122.6,40.0,3.0,52.0,-33.9,4.0,132.0,170.0,118.0,27.0,137.0,95.0,139.0,40.0,93.0,7.0,116.0,169.0,88.7,124.0,92.0,170.0,173.0,4.0,173.0,175.0,137.0,130.0,83.0,55.0,4.0,6.0,,,,G,NYK,,,,,,,,,,,,,,,,,,,,,,,,,,,,,,,,,,,,,,,,,,,,,,,,,,,11914.0,108.0,,,,,,,,,,,,,,27.2,1610612749.0,NYK,MIL,NYK,MIL,,,,,,,,,,,,,,,,,,,
203901,Elfrid Payton,1610612752,NYK,26.0,30.2,2,8,0.25,1,2,0.5,0,0,0.0,2,5,7,12,2,1,1,1,4,0,5,2,86.75,6.0,0.13,0.313,9.1,65,0.13,5.2,115.4,104.11,54.5,0.119,0.48,0.089,0.313,0.054,112.4,107.16,107.2,110.6,9.1,4.8,0.097,72.0,0.194,69.0,0.167,20.0,1.0,14.0,1.0,33.0,0.091,0.0,1.0,0.0,4.0,0.0,0.273,6.0,11.0,3.0,0.0,0.545,0.0,0.0,0.0,0.0,0.0,0.0,0.06,1.0,3.8,3.61,83.0,2.0,0.0,0.0,32.0,5.3,1.0,4.0,7.9,1.0,0.5,0.636,0.2,2.0,7.0,9.3,0.636,4.4,4.0,0.0,6.0,0.714,0.714,0.143,0.0,0.0,0.0,0.5,1.0,0.0,11.0,0.0,,0.0,2.0,0.25,0.25,0.0,2.0,0.0,0.0,0.0,0.0,0.0,0.0,5.0,0.0,1.0,0.125,0.2,1.0,0.25,4.0,1.0,0.625,0.2,0.5,,,,,,,,,,,,,,,1.0,1.0,0.0,1.0,1.5,1.0,1.0,0.0,1.0,0.0,0.125,0.125,0.0,0.0,0.0,0.0,0.0,1.0,1.0,0.0,3.0,1.0,0.0,0.0,1.0,0.313,0.0,0.0,2.0,0.0,0.0,0.5,1.0,1.0,0.0,0.0,0.0,0.0,0.0,2.0,0.0,0.0,0.0,0.167,0.0,0.0,6.0,0.0,0.0,0.0,0.0,0.0,0.0,0.034,0.607,0.277,25.0,0.641,39.0,0.0,0.0,,0.0,,,1.0,,0.0,2.0,0.0,0.167,0.0,0.0,1.0,0.0,0.0,0.0,0.0,0.0,0.0,0.5,,,0.0,6.0,0.0,1.5,1.0,1.0,1.0,1.0,1.0,2020,21900447,,7.0,21.0,0.333,0.455,-0.122,,,,,,,,,,,,,,,,,,,,,,,,,,,,,,,20191223.0,2019-20,False,WAS,11.0,7.0,4.0,5.0,0.0,1.0,2.0,0.0,1.0,1.0,0.0,1.0,0.0,0.0,0.0,0.0,0.0,0.0,0.0,0.0,0.0,,,,,,1.2,1.2,4.4,4.88,2.4,4.0,Elfrid,1.0,0.0,1.0,0.0,35.4,0.0,0.0,29.0,1.0,115.0,115.0,115.0,78.0,139.0,98.0,183.0,68.0,111.0,34.0,110.0,121.0,110.0,31.0,53.0,42.0,2.0,45.0,48.0,27.0,145.0,188.0,160.0,159.0,88.0,52.0,21.0,3.0,66.0,104.11,171.0,110.6,99.0,2.0,66.0,4.8,4.0,171.0,58.0,118.0,49.0,139.0,139.0,193.0,99.0,112.0,8.0,115.0,89.0,115.4,123.0,98.0,58.0,94.0,4.0,94.0,79.0,139.0,182.0,93.0,103.0,2.0,5.0,,,1.0,G,NYK,,,,,,,,,,,,,,,,,,,,,,,,,,,,,,,,,,,,,,,,,,,,,,,,,,,12612.0,100.0,,,,,,,,,,,,,,30.2,1610612764.0,NYK,WAS,NYK,WAS,,,,,,,,,,,,,,,,,,,
203901,Elfrid Payton,1610612752,NYK,26.0,30.98333333333333,2,8,0.25,0,3,0.0,0,0,0.0,1,3,4,8,6,0,1,2,2,2,4,6,87.79,1.33,0.179,0.25,27.3,68,0.183,12.4,105.9,105.35,36.4,0.065,0.348,0.052,0.25,0.032,105.3,107.98,92.9,97.1,27.3,8.8,0.018,80.0,0.15,92.0,0.1,15.0,1.0,12.0,3.0,21.0,0.154,4.0,2.0,0.0,5.0,0.308,0.154,6.0,13.0,2.0,0.0,0.462,0.0,0.4,0.0,0.0,2.0,0.0,0.04,1.0,4.3,3.76,100.0,2.0,0.0,0.0,43.0,7.2,0.0,3.0,6.5,3.0,0.333,0.571,0.667,0.0,5.0,7.9,0.5,2.2,1.0,1.0,1.0,0.75,0.6,0.75,0.0,1.0,1.0,0.333,2.0,1.0,8.0,0.0,,0.0,2.0,0.25,0.25,0.0,2.0,0.0,0.0,0.0,0.0,0.0,,3.0,0.0,0.0,0.0,0.667,2.0,0.667,3.0,2.0,0.375,0.667,0.375,1.0,0.125,1.0,0.0,0.0,0.0,0.125,0.0,0.0,0.0,0.0,0.0,,,0.0,0.0,0.0,2.0,0.0,0.0,2.0,0.0,0.0,0.0,0.25,0.25,,0.0,0.0,,,0.0,0.0,0.0,0.0,0.0,0.0,0.0,0.0,0.25,0.0,0.0,0.0,2.0,0.0,0.0,0.0,0.0,0.667,0.0,1.0,0.0,0.0,3.0,0.0,0.0,0.0,0.0,0.0,3.0,1.0,0.0,0.0,0.0,0.0,0.0,0.0,0.04,0.596,0.259,28.0,0.636,44.0,2.0,3.0,0.0,0.0,0.0,0.0,0.0,0.0,1.0,2.0,0.667,0.0,0.0,0.0,0.0,0.0,0.0,0.0,0.0,1.0,0.0,0.0,0.0,0.0,0.0,1.0,0.0,0.0,3.0,0.0,3.0,0.0,0.0,2020,21900476,,8.0,19.0,0.421,0.422,-0.001,,,,,,,,,,,,,,,,,,,,,,,,,,,,,,,20191228.0,2019-20,False,WAS,7.0,4.0,3.0,1.0,0.0,0.0,0.0,1.0,0.0,1.0,1.0,0.0,0.0,0.0,0.0,0.0,0.0,0.0,0.0,0.0,0.0,,,,,,1.3,1.0,4.18,4.48,2.3,3.84,Elfrid,1.0,1.0,0.0,1.0,17.8,0.0,0.0,18.0,1.0,1.0,1.0,1.0,68.0,175.0,129.0,225.0,163.0,120.0,163.0,159.0,166.0,159.0,69.0,123.0,110.0,11.0,1.0,147.0,25.0,278.0,134.0,84.0,212.0,88.0,167.0,26.0,3.0,161.0,105.35,163.0,97.1,104.0,2.0,139.0,8.8,31.0,161.0,149.0,283.0,41.0,103.0,175.0,257.0,104.0,223.0,8.0,283.0,98.0,105.9,81.0,129.0,149.0,102.0,20.0,102.0,159.0,103.0,241.0,208.0,245.0,78.0,4.0,,,1.0,G,NYK,,,,,,,,,,,,,,,,,,,,,,,,,,,,,,,,,,,,,,,,,,,,,,,,,,,12204.0,106.0,,,,,,,,,,,,,,31.0,1610612764.0,WAS,NYK,NYK,WAS,,,,,,,,,,,,,,,,,,,
203901,Elfrid Payton,1610612752,NYK,26.0,24.3,6,13,0.462,1,1,1.0,0,0,0.0,1,1,2,0,1,0,0,3,1,0,13,-33,80.66,0.0,0.246,0.5,7.1,49,0.246,-68.7,79.6,96.79,0.0,0.056,0.0,0.039,0.5,0.03,79.8,96.16,148.5,146.9,7.1,-67.3,0.056,45.0,0.044,58.0,0.0,5.0,0.0,2.0,2.0,0.0,0.071,6.0,1.0,0.0,8.0,0.429,0.0,5.0,14.0,0.0,0.0,0.357,0.0,0.375,0.0,0.0,3.0,0.0,0.203,0.0,5.27,5.27,64.0,1.0,0.0,0.0,17.0,5.6,2.0,2.0,5.6,1.0,0.5,0.667,0.0,0.0,1.0,9.3,0.667,1.9,1.0,0.0,1.0,1.0,1.0,0.5,0.0,0.0,1.0,0.5,0.0,1.0,3.0,0.0,,0.0,3.0,0.231,0.231,1.0,3.0,0.0,0.333,0.333,1.0,0.333,,6.0,0.0,0.0,0.0,0.333,2.0,0.333,6.0,2.0,0.462,0.333,0.462,0.0,0.154,2.0,2.0,1.0,0.5,0.0,,0.0,0.5,0.154,1.0,0.5,1.0,1.0,1.0,1.0,1.0,1.25,1.0,2.0,0.077,2.0,1.0,0.154,0.077,0.5,0.0,2.0,0.5,,0.0,2.0,1.0,3.0,1.0,0.0,0.0,1.0,0.5,0.0,0.0,2.0,2.0,0.0,1.0,2.0,1.0,0.667,0.0,3.0,0.0,0.0,1.0,0.0,0.0,0.0,0.333,0.0,3.0,6.0,0.0,0.0,1.0,0.0,0.0,0.333,0.049,0.601,0.279,39.0,0.65,60.0,2.0,4.0,,0.0,,,0.0,,0.0,0.0,0.5,0.333,1.0,0.0,2.0,1.0,0.0,0.5,0.0,1.0,0.0,0.0,,,2.0,6.0,1.0,1.5,1.0,1.0,1.0,1.0,1.0,2020,21900561,,9.0,11.0,0.818,0.475,0.343,,,,,,,,,,,,,,,,,,,,,,,,,,,,,,,20200108.0,2019-20,False,UTA,4.0,1.0,3.0,1.0,0.0,0.0,0.0,0.0,0.0,0.0,0.0,0.0,0.0,2.0,2.0,0.0,0.0,0.0,1.0,0.0,0.0,,,,,,1.1,0.8,4.53,5.12,1.9,3.9,Elfrid,1.0,0.0,1.0,0.0,14.4,0.0,0.0,16.0,1.0,98.0,98.0,98.0,94.0,30.0,30.0,89.0,59.0,120.0,1.0,107.0,115.0,107.0,44.0,133.0,119.0,148.0,59.0,99.0,60.0,192.0,29.0,141.0,64.0,194.0,125.0,19.0,3.0,114.0,96.79,39.0,146.9,143.0,6.0,85.0,-67.3,148.0,38.0,184.0,91.0,152.0,185.0,30.0,117.0,143.0,151.0,13.0,89.0,192.0,79.6,186.0,30.0,184.0,190.0,148.0,190.0,184.0,185.0,87.0,146.0,137.0,101.0,13.0,,,1.0,G,NYK,,,,,,,,,,,,,,,,,,,,,,,,,,,,,,,,,,,,,,,,,,,,,,,,,,,9922.0,96.0,,,,,,,,,,,,,,24.3,1610612762.0,UTA,NYK,NYK,UTA,,,,,,,,,,,,,,,,,,,
203901,Elfrid Payton,1610612752,NYK,26.0,31.25,5,11,0.455,0,2,0.0,0,0,0.0,0,4,4,5,0,2,0,2,1,0,10,2,77.44,0.0,0.157,0.455,0.0,61,0.16,2.4,123.0,92.93,31.3,0.16,0.217,0.071,0.455,0.0,121.8,94.28,119.4,121.7,0.0,1.3,0.1,72.0,0.097,67.0,0.069,10.0,1.0,7.0,1.0,15.0,0.0,8.0,0.0,0.0,8.0,0.727,0.0,3.0,11.0,0.0,0.0,0.273,0.0,0.5,0.0,0.0,4.0,0.0,0.119,0.0,4.58,4.48,84.0,0.0,0.0,0.0,35.0,6.4,0.0,2.0,6.3,1.0,0.0,0.571,0.25,0.0,5.0,6.3,0.571,0.0,3.0,0.0,3.0,0.8,0.8,0.25,0.0,0.0,0.0,0.0,1.0,0.0,7.0,0.0,,0.0,2.0,0.182,0.182,1.0,2.0,0.0,0.5,0.5,1.0,0.5,,2.0,0.0,0.0,0.0,0.5,1.0,0.5,2.0,1.0,0.182,0.5,0.182,0.0,0.455,5.0,5.0,3.0,0.6,0.0,,0.0,0.6,0.455,3.0,0.6,,0.0,0.0,0.0,2.0,0.0,0.0,2.0,0.0,0.0,0.0,0.182,0.182,0.0,0.0,0.0,0.0,,0.0,2.0,0.0,0.0,0.0,0.0,0.0,0.0,0.455,0.0,0.0,0.0,2.0,0.0,0.0,3.0,0.0,0.333,0.0,0.0,0.0,0.0,2.0,0.0,0.0,0.0,1.0,0.0,6.0,3.0,0.0,0.0,0.0,0.0,0.0,0.0,0.073,0.603,0.275,46.0,0.676,68.0,2.0,3.0,,0.0,,,0.0,,2.0,1.0,0.667,0.75,0.0,0.0,3.0,0.0,0.0,0.0,0.0,1.0,0.0,0.0,,,0.0,4.0,0.0,0.0,2.0,0.0,2.0,0.0,0.0,2020,21900584,,7.0,12.0,0.583,0.463,0.121,,,,,,,,,,,,,,,,,,,,,,,,,,,,,,,20200112.0,2019-20,False,MIA,10.0,3.0,7.0,2.0,0.0,0.0,0.0,0.0,1.0,1.0,0.0,1.0,0.0,1.0,1.0,1.0,0.0,0.0,1.0,1.0,0.0,,,,,,1.3,1.0,4.19,4.7,2.3,3.66,Elfrid,1.0,1.0,0.0,1.0,28.3,0.0,0.0,23.0,1.0,1.0,1.0,1.0,29.0,35.0,38.0,71.0,79.0,71.0,79.0,83.0,87.0,83.0,74.0,38.0,60.0,14.0,101.0,14.0,44.0,143.0,35.0,105.0,62.0,54.0,41.0,10.0,1.0,56.0,92.93,96.0,121.7,149.0,5.0,74.0,1.3,25.0,96.0,33.0,1.0,142.0,117.0,35.0,95.0,149.0,55.0,11.0,1.0,60.0,123.0,115.0,38.0,33.0,62.0,41.0,62.0,35.0,117.0,90.0,83.0,70.0,82.0,10.0,,,1.0,G,NYK,,,,,,,,,,,,,,,,,,,,,,,,,,,,,,,,,,,,,,,,,,,,,,,,,,,12386.0,96.0,,,,,,,,,,,,,,31.3,1610612748.0,NYK,MIA,NYK,MIA,,,,,,,,,,,,,,,,,,,
203901,Elfrid Payton,1610612752,NYK,26.0,19.2,1,6,0.167,0,0,0.0,0,0,0.0,0,3,3,5,0,0,0,0,3,1,2,-17,92.71,0.0,0.115,0.167,0.0,44,0.118,-30.9,95.5,111.25,45.5,0.176,0.357,0.07,0.167,0.0,98.5,110.3,129.4,131.1,0.0,-35.7,0.022,54.0,0.13,56.0,0.093,11.0,2.0,7.0,0.0,17.0,0.0,2.0,0.0,0.0,5.0,0.154,0.231,8.0,13.0,3.0,0.0,0.615,0.0,0.2,0.0,0.0,1.0,0.0,0.032,0.0,3.89,3.49,63.0,1.0,0.0,0.0,27.0,4.1,0.0,0.0,4.6,1.0,0.0,0.75,0.333,0.0,4.0,4.6,0.75,0.0,2.0,0.0,2.0,0.75,0.75,0.333,0.0,0.0,0.0,0.0,1.0,0.0,4.0,,,,,,,,,,,,,,,6.0,0.0,0.0,0.0,0.167,1.0,0.167,6.0,1.0,1.0,0.167,1.0,,,,,,,,,,,,,,,,,,,,,,,,,,,0.333,,2.0,0.333,,,3.0,1.0,0.0,0.0,0.0,0.0,0.0,0.167,0.0,0.0,0.0,1.0,0.0,0.0,0.0,0.0,0.333,0.0,2.0,0.0,0.0,0.0,0.0,0.0,0.0,0.0,0.0,3.0,1.0,0.0,0.0,0.0,0.0,0.0,0.0,0.069,0.607,0.289,50.0,0.676,74.0,0.0,1.0,,1.0,,,0.0,,1.0,0.0,0.0,0.0,0.0,0.0,0.0,0.0,1.0,0.0,0.0,0.0,0.0,0.0,,,2.0,2.0,0.0,,0.0,,,,0.0,2020,21900601,,6.0,9.0,0.667,0.485,0.182,,,,,,,,,,,,,,,,,,,,,,,,,,,,,,,20200114.0,2019-20,False,MIL,4.0,2.0,2.0,3.0,0.0,0.0,0.0,0.0,0.0,0.0,0.0,0.0,0.0,0.0,0.0,0.0,0.0,0.0,0.0,0.0,0.0,,,,,,0.9,0.6,4.71,4.71,1.6,4.04,Elfrid,1.0,0.0,1.0,0.0,13.1,0.0,0.0,10.0,1.0,70.0,70.0,70.0,84.0,90.0,71.0,107.0,64.0,105.0,64.0,70.0,70.0,70.0,69.0,46.0,60.0,10.0,75.0,50.0,46.0,1.0,97.0,56.0,101.0,117.0,86.0,12.0,1.0,93.0,111.25,98.0,131.1,16.0,1.0,69.0,-35.7,7.0,98.0,97.0,1.0,19.0,114.0,90.0,110.0,16.0,35.0,6.0,1.0,107.0,95.5,112.0,71.0,97.0,114.0,11.0,114.0,89.0,114.0,108.0,66.0,106.0,62.0,2.0,,,,G,NYK,,,,,,,,,,,,,,,,,,,,,,,,,,,,,,,,,,,,,,,,,,,,,,,,,,,8306.0,111.0,,,,,,,,,,,,,,19.2,1610612749.0,MIL,NYK,NYK,MIL,,,,,,,,,,,,,,,,,,,
203901,Elfrid Payton,1610612752,NYK,26.0,25.0,2,9,0.222,0,3,0.0,0,2,0.0,1,3,4,8,0,0,2,1,0,3,4,1,83.2,0.0,0.161,0.202,0.0,52,0.161,-3.2,107.7,99.84,44.4,0.094,0.381,0.062,0.222,0.03,100.9,104.03,104.1,105.8,0.0,1.9,0.08,53.0,0.17,54.0,0.151,13.0,1.0,9.0,0.0,23.0,0.0,0.0,0.0,0.0,2.0,0.0,0.25,5.0,8.0,2.0,0.0,0.625,0.0,0.0,0.0,0.0,0.0,0.0,0.061,1.0,4.88,4.76,66.0,1.0,0.0,2.0,20.0,5.4,2.0,2.0,5.6,2.0,0.5,0.667,0.333,0.0,5.0,3.9,0.571,10.9,2.0,1.0,2.0,0.75,0.6,0.5,0.0,1.0,1.0,0.5,1.0,1.0,7.0,,,,,,,,,,,,,,,4.0,0.0,0.0,0.0,0.5,2.0,0.5,4.0,2.0,0.444,0.5,0.444,1.0,0.222,2.0,1.0,0.0,0.0,0.111,0.0,0.0,0.0,0.111,0.0,0.0,0.0,0.0,0.0,1.0,2.0,0.0,0.0,3.0,0.111,0.0,0.0,0.333,0.222,0.0,0.0,0.0,0.0,,0.0,3.0,0.0,0.0,0.0,2.0,1.0,1.0,0.222,0.0,0.0,2.0,1.0,0.0,0.0,1.0,0.0,0.5,0.0,2.0,0.0,0.0,1.0,2.0,0.0,2.0,0.5,0.0,2.0,2.0,0.0,0.0,0.0,0.0,0.0,0.0,0.025,0.6,0.267,30.0,0.625,48.0,0.0,0.0,,1.0,,,0.0,,2.0,1.0,0.0,0.5,0.0,0.0,1.0,0.0,0.5,0.0,0.0,2.0,0.0,0.0,,,2.0,2.0,0.0,0.0,3.0,0.0,3.0,0.0,0.0,2020,21900505,,5.0,10.0,0.5,0.497,0.003,,,,,,,,,,,,,,,,,,,,,,,,,,,,,,,20200101.0,2019-20,False,POR,7.0,7.0,0.0,1.0,0.0,0.0,0.0,0.0,0.0,0.0,0.0,0.0,0.0,0.0,0.0,0.0,0.0,0.0,0.0,0.0,0.0,,,,,,1.1,0.9,4.38,5.15,1.9,4.09,Elfrid,1.0,1.0,0.0,1.0,26.8,0.0,0.0,20.0,1.0,1.0,1.0,1.0,34.0,49.0,37.0,75.0,49.0,36.0,49.0,47.0,26.0,47.0,22.0,40.0,37.0,5.0,50.0,38.0,4.0,52.0,1.0,15.0,59.0,37.0,27.0,9.0,2.0,37.0,99.84,52.0,105.8,72.0,2.0,36.0,1.9,9.0,50.0,31.0,1.0,42.0,51.0,49.0,78.0,72.0,54.0,9.0,1.0,50.0,107.7,48.0,37.0,31.0,40.0,9.0,40.0,47.0,51.0,75.0,52.0,48.0,42.0,4.0,,,,G,NYK,,,,,,,,,,,,,,,,,,,,,,,,,,,,,,,,,,,,,,,,,,,,,,,,,,,10292.0,100.0,,,,,,,,,,,,,,25.0,1610612757.0,NYK,POR,NYK,POR,,,,,,,,,,,,,,,,,,,
203901,Elfrid Payton,1610612752,NYK,26.0,35.56666666666667,7,15,0.467,0,2,0.0,4,6,0.667,2,4,6,12,0,0,0,2,0,3,18,8,78.16,0.0,0.237,0.51,0.0,69,0.232,6.2,131.9,93.8,40.0,0.121,0.414,0.097,0.467,0.069,128.3,93.71,122.1,118.6,0.0,13.3,0.136,73.0,0.178,73.0,0.164,12.0,0.0,13.0,1.0,26.0,0.0,8.0,0.0,3.0,8.0,0.444,0.222,7.0,18.0,4.0,6.0,0.389,0.167,0.25,4.0,0.667,2.0,0.0,0.191,0.0,4.78,4.19,94.0,6.0,0.0,0.0,34.0,7.5,1.333,3.0,5.9,2.0,0.667,0.857,0.0,0.0,4.0,6.2,0.857,5.3,4.0,0.0,4.0,1.0,1.0,0.333,0.0,0.0,1.0,0.667,0.0,2.0,7.0,,,,,,,,,,,,,,,9.0,0.0,0.0,0.0,0.444,4.0,0.444,9.0,4.0,0.6,0.444,0.6,0.0,0.267,4.0,4.0,3.0,0.75,0.0,,0.0,0.75,0.267,3.0,0.75,,0.0,0.0,0.0,2.0,0.0,0.0,2.0,0.0,0.0,0.0,0.133,0.133,,0.0,0.0,,,0.0,0.0,0.0,0.0,0.0,0.0,0.0,1.0,0.467,0.0,0.0,8.0,1.0,0.0,0.0,6.0,0.0,0.333,0.0,0.0,0.0,0.0,2.0,0.0,0.0,0.0,0.6,0.0,3.0,10.0,0.0,0.0,0.0,0.0,0.0,0.0,0.02,0.603,0.351,101.0,0.623,162.0,0.0,1.0,,0.0,,,0.0,,0.0,2.0,0.0,0.583,0.0,0.0,7.0,0.0,0.0,0.0,0.0,0.0,0.0,0.0,,,0.0,12.0,0.0,0.0,2.0,0.0,2.0,0.0,0.0,2020,21900873,,5.0,10.0,0.5,0.454,0.047,,,,,,,,,,,,,,,,,,,,,,,,,,,,,,,20200227.0,2019-20,False,PHI,7.0,5.0,2.0,2.0,0.0,2.0,4.0,2.0,0.0,2.0,1.0,0.0,1.0,0.0,1.0,0.0,0.0,1.0,0.0,0.0,0.0,,,,,,1.4,1.2,4.19,4.73,2.6,3.7,Elfrid,1.0,0.0,1.0,0.0,43.2,1.0,0.0,36.0,1.0,45.0,45.0,45.0,10.0,10.0,8.0,39.0,39.0,40.0,39.0,6.0,5.0,29.0,12.0,27.0,19.0,1.0,53.0,43.0,23.0,78.0,1.0,15.0,13.0,19.0,4.0,1.0,1.0,9.0,93.8,27.0,118.6,67.0,7.0,20.0,13.3,7.0,20.0,6.0,1.0,66.0,63.0,10.0,45.0,67.0,44.0,15.0,1.0,33.0,131.9,67.0,8.0,6.0,25.0,2.0,25.0,6.0,63.0,48.0,30.0,24.0,45.0,18.0,,,,G,NYK,,,,,,,,,,,,,,,,,,,,,,,,,,,,,,,,,,,,,,,,,,,,,,,,,,,13851.0,91.0,,,,,,,,,,,,,,35.6,1610612755.0,PHI,NYK,NYK,PHI,,,,,,,,,,,,,,,,,,,
203901,Elfrid Payton,1610612752,NYK,26.0,31.8,6,12,0.5,1,4,0.25,0,1,0.0,1,6,7,4,1,1,0,0,3,4,13,25,80.5,4.0,0.169,0.523,5.9,65,0.175,33.6,121.5,96.6,23.5,0.162,0.148,0.097,0.542,0.029,121.6,95.34,88.0,85.7,5.7,35.8,0.126,70.0,0.086,80.0,0.057,15.0,1.0,6.0,1.0,13.0,0.0,10.0,0.0,0.0,7.0,0.588,0.059,8.0,17.0,1.0,0.0,0.471,0.0,0.714,0.0,0.0,5.0,0.0,0.146,0.0,5.3,4.87,89.0,2.0,0.0,0.0,31.0,7.9,0.0,2.0,13.1,1.0,0.5,0.583,0.167,1.0,11.0,9.1,0.538,37.0,5.0,1.0,6.0,0.6,0.545,0.143,0.0,1.0,0.0,0.5,1.0,0.0,13.0,0.0,,0.0,2.0,0.167,0.167,1.0,2.0,0.0,0.5,0.5,1.0,0.5,,4.0,0.0,0.0,0.0,0.75,3.0,0.75,4.0,3.0,0.333,0.75,0.333,1.0,0.167,2.0,1.0,1.0,0.5,0.083,0.0,0.0,0.5,0.083,1.0,1.0,0.0,0.25,1.0,1.0,3.0,0.375,0.333,4.0,0.083,1.0,0.0,0.333,0.25,0.5,0.0,2.0,0.5,,0.0,2.0,1.0,3.0,0.25,0.0,0.0,0.0,0.542,0.0,0.0,0.0,1.0,0.0,0.333,4.0,1.0,0.5,0.0,1.0,0.0,0.0,3.0,1.0,0.0,0.0,0.8,0.0,2.0,5.0,0.0,1.0,0.0,0.0,0.0,0.0,0.034,0.607,0.258,25.0,0.641,39.0,0.0,1.0,,1.0,,,1.0,,1.0,3.0,0.0,0.8,0.0,0.0,4.0,0.0,1.0,0.0,0.0,2.0,0.0,0.333,,,0.0,5.0,0.0,0.375,4.0,0.25,4.0,1.0,1.0,2020,21900461,,3.0,10.0,0.3,0.395,-0.095,,,,,,,,,,,,,,,,,,,,,,,,,,,,,,,20191226.0,2019-20,False,BKN,8.0,0.0,8.0,2.0,0.0,1.0,2.0,1.0,0.0,1.0,1.0,0.0,0.0,0.0,0.0,0.0,0.0,0.0,0.0,0.0,0.0,,,,,,1.4,1.0,4.27,4.56,2.4,3.92,Elfrid,1.0,1.0,0.0,1.0,29.4,0.0,0.0,27.0,1.0,1.0,1.0,1.0,31.0,26.0,28.0,38.0,41.0,39.0,53.0,62.0,59.0,62.0,33.0,23.0,24.0,14.0,37.0,18.0,38.0,1.0,92.0,15.0,39.0,2.0,31.0,12.0,1.0,32.0,96.6,76.0,85.7,84.0,6.0,59.0,35.8,32.0,78.0,22.0,50.0,81.0,23.0,26.0,59.0,84.0,50.0,12.0,50.0,13.0,121.5,29.0,28.0,22.0,11.0,47.0,11.0,27.0,23.0,51.0,57.0,46.0,8.0,13.0,,,1.0,G,NYK,,,,,,,,,,,,,,,,,,,,,,,,,,,,,,,,,,,,,,,,,,,,,,,,,,,12924.0,100.0,,,,,,,,,,,,,,31.8,1610612751.0,BKN,NYK,NYK,BKN,,,,,,,,,,,,,,,,,,,
203901,Elfrid Payton,1610612752,NYK,26.0,32.78333333333333,7,13,0.538,1,1,1.0,0,0,0.0,1,3,4,9,2,7,0,3,4,0,15,8,81.14,4.5,0.203,0.577,8.3,67,0.206,8.5,114.9,97.37,37.5,0.107,0.346,0.071,0.577,0.036,110.1,100.94,101.6,104.5,8.3,10.4,0.164,75.0,0.133,76.0,0.12,15.0,1.0,10.0,0.0,21.0,0.0,8.0,0.0,0.0,10.0,0.381,0.238,11.0,21.0,5.0,0.0,0.524,0.0,0.4,0.0,0.0,4.0,0.0,0.161,0.0,5.0,4.53,93.0,2.0,0.0,0.0,33.0,7.8,1.0,3.0,4.9,1.0,0.333,0.5,0.0,0.0,5.0,4.8,0.5,5.2,3.0,0.0,3.0,0.6,0.6,0.25,0.0,0.0,1.0,0.333,0.0,1.0,8.0,0.0,,0.0,3.0,0.231,0.231,2.0,3.0,0.0,0.667,0.667,2.0,0.667,,9.0,0.0,0.0,0.0,0.444,4.0,0.444,9.0,4.0,0.692,0.444,0.692,,,,,,,,,,,,,,,1.0,1.0,0.0,1.0,1.5,1.0,1.0,0.0,1.0,0.0,0.077,0.077,,0.0,0.0,,,0.0,0.0,0.0,3.0,1.0,0.0,0.0,1.0,0.577,0.0,0.0,2.0,1.0,0.0,1.0,5.0,1.0,0.25,0.0,0.0,0.0,0.0,1.0,0.0,0.0,0.0,0.625,0.0,4.0,8.0,0.0,0.0,0.0,0.0,0.0,0.0,0.009,0.605,0.334,83.0,0.615,135.0,0.0,1.0,,0.0,,,1.0,,0.0,1.0,0.0,0.545,0.0,0.0,6.0,0.0,0.0,0.0,0.0,0.0,0.0,1.0,,,0.0,11.0,0.0,1.5,1.0,1.0,1.0,1.0,1.0,2020,21900764,,7.0,16.0,0.438,0.443,-0.005,,,,,,,,,,,,,,,,,,,,,,,,,,,,,,,20200206.0,2019-20,False,ORL,8.0,4.0,4.0,7.0,0.0,0.0,0.0,1.0,3.0,4.0,0.25,0.75,0.0,0.0,0.0,0.0,0.0,0.0,0.0,0.0,0.0,,,,,,1.4,1.1,4.29,5.01,2.5,3.62,Elfrid,1.0,1.0,0.0,1.0,52.3,0.0,0.0,43.0,1.0,1.0,1.0,1.0,21.0,18.0,21.0,32.0,39.0,69.0,1.0,52.0,56.0,52.0,19.0,40.0,36.0,4.0,21.0,1.0,36.0,102.0,90.0,73.0,26.0,20.0,5.0,9.0,1.0,7.0,97.37,41.0,104.5,95.0,7.0,38.0,10.4,7.0,39.0,40.0,57.0,78.0,43.0,18.0,50.0,95.0,55.0,13.0,57.0,34.0,114.9,35.0,21.0,40.0,30.0,6.0,30.0,48.0,43.0,44.0,55.0,12.0,6.0,15.0,,,1.0,G,NYK,,,,,,,,,,,,,,,,,,,,,,,,,,,,,,,,,,,,,,,,,,,,,,,,,,,13121.0,99.0,,,,,,,,,,,,,,32.8,1610612753.0,NYK,ORL,NYK,ORL,,,,,,,,,,,,,,,,,,,
203901,Elfrid Payton,1610612752,NYK,26.0,17.416666666666668,3,7,0.429,1,2,0.5,2,2,1.0,2,1,3,7,1,3,1,0,0,1,9,11,79.23,7.0,0.205,0.571,6.3,34,0.204,35.8,117.6,95.08,43.8,0.063,0.583,0.073,0.5,0.08,115.9,97.45,80.1,82.9,6.3,34.8,0.256,34.0,0.265,34.0,0.206,14.0,2.0,9.0,0.0,19.0,0.0,2.0,0.0,1.0,2.0,0.25,0.125,5.0,8.0,1.0,2.0,0.625,0.125,0.0,2.0,1.0,0.0,1.0,0.205,1.0,5.23,4.75,44.0,0.0,0.0,0.0,14.0,3.8,0.0,3.0,12.1,1.0,0.667,0.6,0.0,1.0,2.0,6.5,0.6,15.0,1.0,0.0,2.0,0.5,0.5,0.333,0.0,0.0,0.5,0.667,0.0,1.0,5.0,0.0,,0.0,1.0,0.143,0.143,0.0,1.0,0.0,0.0,0.0,0.0,0.0,,2.0,0.0,0.0,0.0,0.5,1.0,0.5,2.0,1.0,0.286,0.5,0.286,2.0,0.429,3.0,1.0,0.0,0.5,0.286,0.5,1.0,0.333,0.143,1.0,0.0,1.0,1.0,0.0,1.0,0.0,1.0,,1.0,0.143,1.0,1.0,0.143,0.0,1.0,1.0,3.0,1.5,1.0,1.0,1.0,1.0,0.0,0.0,0.0,0.0,0.0,0.5,0.0,0.0,0.0,1.0,0.0,0.5,1.0,1.0,0.333,0.0,0.0,0.0,0.0,2.0,0.0,0.0,0.0,0.5,0.0,3.0,2.0,0.0,0.0,0.0,0.0,0.0,0.0,0.049,0.618,0.273,10.0,0.667,15.0,1.0,2.0,,0.0,,,1.0,,1.0,2.0,0.5,0.5,0.0,0.0,1.0,0.0,0.0,0.0,0.0,0.0,0.0,0.5,,,0.0,2.0,0.0,0.0,1.0,0.0,1.0,0.0,0.0,2020,21900331,,4.0,8.0,0.5,0.462,0.038,,,,,,,,,,,,,,,,,,,,,,,,,,,,,,,20191207.0,2019-20,False,IND,5.0,2.0,3.0,6.0,0.0,0.0,0.0,1.0,0.0,1.0,1.0,0.0,0.0,0.0,0.0,0.0,0.0,0.0,0.0,0.0,0.0,,,,,,0.7,0.6,4.21,4.5,1.3,3.9,Elfrid,1.0,0.0,1.0,0.0,34.1,0.0,0.0,28.0,1.0,57.0,57.0,57.0,79.0,46.0,50.0,57.0,32.0,61.0,16.0,26.0,31.0,1.0,10.0,78.0,54.0,7.0,37.0,3.0,9.0,1.0,1.0,45.0,51.0,27.0,18.0,11.0,2.0,26.0,95.08,49.0,82.9,109.0,3.0,19.0,34.8,5.0,45.0,35.0,48.0,99.0,14.0,46.0,53.0,109.0,90.0,7.0,46.0,24.0,117.6,15.0,50.0,35.0,21.0,2.0,21.0,37.0,14.0,49.0,59.0,6.0,1.0,9.0,,,1.0,G,NYK,,,,,,,,,,,,,,,,,,,,,,,,,,,,,,,,,,,,,,,,,,,,,,,,,,,6947.0,99.0,,,,,,,,,,,,,,17.4,1610612754.0,NYK,IND,NYK,IND,,,,,,,,,,,,,,,,,,,
203901,Elfrid Payton,1610612752,NYK,26.0,18.315,1,6,0.167,0,0,0.0,1,4,0.25,0,2,2,4,1,1,0,2,4,2,3,-24,90.64,4.0,0.196,0.193,7.7,41,0.197,-54.1,75.6,108.76,30.8,0.154,0.333,0.057,0.167,0.0,76.7,108.03,130.8,131.0,7.8,-55.3,-0.043,39.0,0.128,45.0,0.103,9.0,1.0,5.0,0.0,10.0,0.125,1.0,1.0,2.0,3.0,0.125,0.125,1.0,8.0,1.0,4.0,0.125,0.25,0.0,1.0,0.25,0.0,0.0,0.057,0.0,5.3,4.75,53.0,0.0,0.0,0.0,21.0,4.7,0.0,2.0,7.3,0.0,0.0,0.286,0.0,0.0,5.0,7.3,0.286,0.0,2.0,0.0,2.0,0.4,0.4,0.0,0.0,0.0,0.0,0.0,0.0,0.0,7.0,,,,,,,,,,,,,,,5.0,0.0,0.0,0.0,0.2,1.0,0.2,5.0,1.0,0.833,0.2,0.833,0.0,0.167,1.0,1.0,0.0,0.0,0.0,,0.0,0.0,0.167,0.0,0.0,,,,,,,,,,,,,,0.0,,0.0,0.0,,,1.0,0.0,0.0,0.0,0.0,0.0,0.0,0.167,0.0,0.0,0.0,1.0,0.0,0.0,0.0,0.0,0.5,0.0,1.0,0.0,0.0,0.0,0.0,0.0,0.0,0.0,0.0,2.0,3.0,0.0,0.0,0.0,0.0,0.0,0.0,0.038,0.6,0.347,113.0,0.638,177.0,0.0,0.0,0.0,1.0,,,0.0,0.0,1.0,0.0,0.0,0.0,0.0,0.0,0.0,0.0,1.0,0.0,0.0,0.0,0.0,0.0,0.0,,1.0,4.0,0.0,,0.0,,,,0.0,2020,21900961,,2.0,5.0,0.4,0.436,-0.036,,,,,,,,,,,,,,,,,,,,,,,,,,,,,,,20200310.0,2019-20,False,WAS,1.0,1.0,0.0,0.0,0.0,0.0,0.0,1.0,1.0,2.0,0.5,0.5,0.0,0.0,0.0,0.0,0.0,0.0,0.0,0.0,0.0,,,,,,0.8,0.7,4.57,4.76,1.5,4.39,Elfrid,1.0,0.0,1.0,0.0,13.4,0.0,0.0,11.0,1.0,93.0,93.0,93.0,128.0,135.0,99.0,153.0,111.0,139.0,111.0,84.0,26.0,104.0,89.0,98.0,111.0,36.0,65.0,31.0,55.0,160.0,150.0,55.0,142.0,173.0,127.0,14.0,1.0,131.0,108.76,75.0,131.0,11.0,1.0,89.0,-55.3,35.0,73.0,166.0,84.0,18.0,162.0,135.0,158.0,11.0,69.0,6.0,82.0,171.0,75.6,161.0,99.0,166.0,170.0,19.0,170.0,168.0,162.0,154.0,116.0,171.0,11.0,3.0,,,,G,NYK,,,,,,,,,,,,,,,,,,,,,,,,,,,,,,,,,,,,,,,,,,,,,,,,,,,7781.0,104.0,,,,,,,,,,,,,,18.3,1610612764.0,WAS,NYK,NYK,WAS,,,,,,,,,,,,,,,,,,,
203901,Elfrid Payton,1610612752,NYK,26.0,33.333333333333336,1,4,0.25,0,1,0.0,1,4,0.25,0,1,1,10,4,0,0,1,1,2,3,9,81.6,2.5,0.125,0.26,20.0,67,0.121,5.2,122.4,97.92,50.0,0.029,0.323,0.016,0.25,0.0,114.6,99.56,109.4,105.8,20.2,16.6,0.021,69.0,0.159,70.0,0.145,13.0,1.0,11.0,0.0,23.0,0.0,3.0,0.0,2.0,2.0,0.3,0.5,6.0,10.0,5.0,4.0,0.6,0.2,0.5,1.0,0.25,1.0,0.0,0.036,1.0,5.04,4.56,84.0,1.0,0.0,0.0,33.0,7.1,0.0,1.0,1.8,1.0,0.0,0.333,1.0,0.0,2.0,1.8,0.333,0.0,0.0,0.0,0.0,0.5,0.5,1.0,0.0,0.0,0.0,0.0,1.0,0.0,3.0,0.0,,0.0,1.0,0.25,0.25,0.0,1.0,0.0,0.0,0.0,0.0,0.0,,1.0,0.0,0.0,0.0,1.0,1.0,1.0,1.0,1.0,0.25,1.0,0.25,0.0,0.25,1.0,1.0,0.0,0.0,0.0,,0.0,0.0,0.25,0.0,0.0,,0.0,0.0,0.0,1.0,0.0,0.0,1.0,0.0,0.0,0.0,0.25,0.25,0.0,0.0,0.0,0.0,,0.0,1.0,0.0,0.0,0.0,0.0,0.0,0.0,0.25,0.0,0.0,0.0,0.0,0.0,0.0,1.0,0.0,0.0,0.0,1.0,0.0,0.0,1.0,0.0,0.0,0.0,0.5,0.0,0.0,2.0,0.0,0.0,0.0,0.0,0.0,0.0,0.026,0.602,0.35,103.0,0.628,164.0,0.0,0.0,0.0,0.0,,,0.0,0.0,0.0,1.0,0.0,0.5,0.0,0.0,1.0,0.0,0.0,0.0,0.0,0.0,0.0,0.0,0.0,,1.0,2.0,0.0,0.0,1.0,0.0,1.0,0.0,0.0,2020,21900887,,4.0,7.0,0.571,0.436,0.136,,,,,,,,,,,,,,,,,,,,,,,,,,,,,,,20200229.0,2019-20,False,CHI,4.0,3.0,1.0,2.0,0.0,0.0,0.0,0.0,0.0,0.0,0.0,0.0,0.0,0.0,0.0,0.0,0.0,0.0,0.0,0.0,0.0,,,,,,1.4,1.1,4.23,4.59,2.5,3.85,Elfrid,1.0,1.0,0.0,1.0,15.2,0.0,0.0,14.0,1.0,1.0,1.0,1.0,42.0,119.0,117.0,130.0,91.0,101.0,91.0,67.0,24.0,88.0,87.0,110.0,122.0,4.0,9.0,76.0,47.0,104.0,35.0,50.0,123.0,32.0,99.0,19.0,1.0,103.0,97.92,128.0,105.8,96.0,1.0,87.0,16.6,3.0,122.0,37.0,140.0,90.0,71.0,119.0,142.0,96.0,137.0,4.0,133.0,67.0,122.4,85.0,117.0,37.0,37.0,12.0,37.0,57.0,71.0,137.0,145.0,133.0,23.0,3.0,,,1.0,G,NYK,,,,,,,,,,,,,,,,,,,,,,,,,,,,,,,,,,,,,,,,,,,,,,,,,,,13031.0,94.0,,,,,,,,,,,,,,33.3,1610612741.0,NYK,CHI,NYK,CHI,,,,,,,,,,,,,,,,,,,
203901,Elfrid Payton,1610612752,NYK,26.0,36.586666666666666,5,14,0.357,0,2,0.0,2,2,1.0,1,3,4,9,4,2,1,3,6,1,12,-4,86.37,2.25,0.213,0.403,14.3,79,0.217,-4.8,103.8,103.64,32.1,0.073,0.36,0.052,0.357,0.028,102.3,105.19,107.2,108.9,14.3,-5.1,0.057,68.0,0.191,80.0,0.132,15.0,3.0,13.0,1.0,25.0,0.118,6.0,2.0,1.0,6.0,0.353,0.118,7.0,17.0,2.0,2.0,0.412,0.059,0.333,2.0,1.0,2.0,0.0,0.13,0.0,5.53,5.26,92.0,2.0,0.0,0.0,34.0,8.5,1.0,3.0,5.3,1.0,0.333,0.364,0.333,1.0,8.0,5.1,0.364,5.9,2.0,0.0,3.0,0.375,0.375,0.25,0.0,0.0,0.0,0.333,1.0,0.0,11.0,,,,,,,,,,,,,,,10.0,0.0,0.0,0.0,0.4,4.0,0.4,10.0,4.0,0.714,0.4,0.714,2.0,0.214,3.0,1.0,0.0,0.0,0.143,0.0,0.0,0.0,0.071,0.0,0.0,1.0,1.0,0.0,1.0,0.0,1.0,,1.0,0.071,1.0,1.0,0.071,0.0,0.0,0.0,0.0,0.0,0.0,2.0,3.0,0.0,0.0,0.0,0.0,0.0,1.0,0.357,0.0,0.0,2.0,0.0,0.0,0.0,5.0,0.0,0.0,0.0,1.0,0.0,0.0,2.0,0.0,0.0,0.0,0.5,0.0,1.0,10.0,0.0,0.0,0.0,0.0,0.0,0.0,0.008,0.605,0.348,92.0,0.613,150.0,0.0,1.0,,0.0,0.0,0.0,0.0,,1.0,2.0,0.0,0.5,0.0,0.0,5.0,0.0,0.0,0.0,0.0,0.0,0.0,0.0,,0.0,0.0,10.0,0.0,,0.0,,0.0,0.0,0.0,2020,21900787,,6.0,16.0,0.375,0.465,-0.09,,,,,,,,,,,,,,,,,,,,,,,,,,,,,,,20200209.0,2019-20,False,ATL,3.0,2.0,1.0,3.0,0.0,0.0,0.0,1.0,2.0,3.0,0.333,0.667,0.0,0.0,0.0,0.0,0.0,0.0,0.0,0.0,0.0,,,,,,1.5,1.4,4.37,4.44,2.9,4.3,Elfrid,1.0,0.0,1.0,0.0,35.3,0.0,0.0,31.0,1.0,73.0,73.0,73.0,16.0,44.0,29.0,94.0,76.0,73.0,76.0,31.0,41.0,1.0,38.0,59.0,58.0,5.0,5.0,12.0,12.0,142.0,141.0,69.0,54.0,91.0,32.0,20.0,4.0,37.0,103.64,55.0,108.9,62.0,5.0,67.0,-5.1,18.0,51.0,87.0,107.0,49.0,61.0,44.0,102.0,62.0,105.0,14.0,105.0,81.0,103.8,61.0,29.0,87.0,83.0,9.0,83.0,95.0,61.0,104.0,98.0,91.0,22.0,12.0,,,,G,NYK,,,,,,,,,,,,,,,,,,,,,,,,,,,,,,,,,,,,,,,,,,,,,,,,,,,15306.0,122.0,,,,,,,,,,,,,,36.6,1610612737.0,ATL,NYK,NYK,ATL,,,,,,,,,,,,,,,,,,,
203901,Elfrid Payton,1610612752,NYK,26.0,32.983333333333334,8,17,0.471,0,1,0.0,1,3,0.333,5,6,11,15,1,1,0,3,1,2,17,4,81.86,15.0,0.241,0.464,2.9,67,0.242,4.0,134.3,98.23,44.1,0.231,0.517,0.186,0.471,0.152,131.0,99.31,126.9,126.5,2.9,7.9,0.154,78.0,0.205,80.0,0.192,26.0,1.0,16.0,0.0,34.0,0.0,12.0,0.0,0.0,11.0,0.75,0.125,5.0,16.0,2.0,0.0,0.313,0.0,0.545,0.0,0.0,6.0,0.0,0.168,0.0,4.63,4.13,101.0,6.0,0.0,0.0,44.0,7.8,0.0,8.0,7.0,2.0,0.833,0.917,0.0,3.0,7.0,6.8,0.733,7.3,6.0,3.0,9.0,1.0,0.857,0.182,2.0,1.0,0.4,0.625,0.0,2.0,15.0,0.0,,0.0,2.0,0.118,0.118,0.0,2.0,0.0,0.0,0.0,0.0,0.0,,12.0,0.0,0.0,0.0,0.583,7.0,0.583,12.0,7.0,0.706,0.583,0.706,0.0,0.059,1.0,1.0,0.0,0.0,0.0,,0.0,0.0,0.059,0.0,0.0,1.0,0.5,0.0,1.0,1.0,0.5,0.0,2.0,0.059,1.0,1.0,0.118,0.059,,0.0,0.0,,,0.0,0.0,0.0,0.0,0.0,0.0,0.0,0.0,0.471,0.0,0.0,0.0,2.0,0.0,0.0,6.0,0.0,0.667,0.0,0.0,0.0,0.0,1.0,0.0,0.0,0.0,0.462,0.0,3.0,13.0,0.0,0.0,0.0,0.0,0.0,0.0,-0.008,0.605,0.332,77.0,0.597,129.0,2.0,3.0,,0.0,0.0,0.0,0.0,,0.0,1.0,0.667,0.462,0.0,0.0,6.0,0.0,0.0,0.0,0.0,0.0,0.0,0.0,,0.0,0.0,13.0,0.0,0.0,1.0,0.0,1.0,0.0,0.0,2020,21900742,,9.0,18.0,0.5,0.472,0.028,,,,,,,,,,,,,,,,,,,,,,,,,,,,,,,20200203.0,2019-20,False,CLE,7.0,5.0,2.0,2.0,0.0,0.0,0.0,2.0,0.0,2.0,1.0,0.0,0.0,0.0,0.0,0.0,0.0,0.0,0.0,0.0,0.0,,,,,,1.4,1.1,4.32,4.7,2.5,3.91,Elfrid,1.0,1.0,0.0,1.0,54.7,1.0,1.0,45.0,1.0,1.0,1.0,1.0,46.0,25.0,17.0,120.0,110.0,124.0,110.0,78.0,51.0,89.0,2.0,22.0,11.0,1.0,68.0,31.0,58.0,197.0,32.0,66.0,41.0,62.0,7.0,1.0,1.0,14.0,98.23,54.0,126.5,117.0,8.0,11.0,7.9,14.0,50.0,23.0,76.0,110.0,168.0,25.0,142.0,117.0,35.0,17.0,76.0,89.0,134.3,163.0,17.0,23.0,73.0,3.0,73.0,25.0,168.0,138.0,15.0,39.0,1.0,17.0,,,1.0,G,NYK,,,,,,,,,,,,,,,,,,,,,,,,,,,,,,,,,,,,,,,,,,,,,,,,,,,13183.0,109.0,,,,,,,,,,,,,,33.0,1610612739.0,CLE,NYK,NYK,CLE,,,,,,,,,,,,,,,,,,,
203901,Elfrid Payton,1610612752,NYK,26.0,33.45,5,11,0.455,0,1,0.0,0,1,0.0,1,8,9,8,3,1,0,1,2,3,10,-3,83.71,2.67,0.192,0.437,13.6,69,0.197,-2.1,104.3,100.45,36.4,0.216,0.32,0.13,0.455,0.031,102.6,101.8,104.6,105.6,13.4,-1.3,0.127,74.0,0.135,81.0,0.108,20.0,1.0,10.0,1.0,21.0,0.1,8.0,1.0,0.0,7.0,0.8,0.0,2.0,10.0,0.0,0.0,0.2,0.0,0.571,0.0,0.0,4.0,0.0,0.108,1.0,4.74,4.4,93.0,0.0,0.0,0.0,34.0,7.3,0.0,2.0,8.0,1.0,0.5,0.692,0.125,0.0,11.0,8.0,0.692,0.0,7.0,0.0,7.0,0.727,0.727,0.111,0.0,0.0,0.0,0.5,1.0,0.0,13.0,0.0,,0.0,2.0,0.182,0.182,1.0,2.0,0.0,0.5,0.5,1.0,0.5,,6.0,0.0,0.0,0.0,0.5,3.0,0.5,6.0,3.0,0.545,0.5,0.545,1.0,0.182,2.0,1.0,1.0,0.5,0.091,0.0,0.0,0.5,0.091,1.0,1.0,0.0,0.0,0.0,1.0,0.0,0.0,,1.0,0.091,0.0,0.0,0.091,0.0,0.0,0.0,0.0,0.0,,0.0,1.0,0.0,0.0,0.0,0.0,0.0,0.0,0.455,0.0,0.0,0.0,2.0,0.0,0.0,3.0,0.0,0.5,0.0,1.0,0.0,0.0,1.0,0.0,0.0,0.0,0.6,0.0,4.0,5.0,0.0,0.0,0.0,0.0,0.0,0.0,-0.012,0.603,0.313,65.0,0.591,110.0,2.0,4.0,0.0,0.0,0.0,0.0,0.0,0.0,0.0,1.0,0.5,0.6,0.0,0.0,3.0,0.0,0.0,0.0,0.0,0.0,0.0,0.0,0.0,0.0,1.0,5.0,0.0,0.0,1.0,0.0,1.0,0.0,0.0,2020,21900699,,3.0,11.0,0.273,0.434,-0.161,,,,,,,,,,,,,,,,,,,,,,,,,,,,,,,20200128.0,2019-20,False,CHA,4.0,2.0,2.0,0.0,0.0,0.0,0.0,0.0,1.0,1.0,0.0,1.0,0.0,0.0,0.0,0.0,0.0,0.0,0.0,0.0,0.0,,,,,,1.3,1.2,4.18,4.34,2.5,4.02,Elfrid,1.0,0.0,1.0,0.0,32.8,0.0,0.0,29.0,1.0,85.0,85.0,85.0,22.0,43.0,39.0,79.0,92.0,119.0,92.0,94.0,88.0,94.0,44.0,8.0,16.0,7.0,13.0,27.0,51.0,120.0,69.0,27.0,66.0,106.0,37.0,18.0,1.0,41.0,100.45,69.0,105.6,114.0,5.0,76.0,-1.3,16.0,66.0,104.0,118.0,100.0,85.0,43.0,120.0,114.0,38.0,11.0,118.0,92.0,104.3,83.0,39.0,104.0,94.0,20.0,94.0,107.0,85.0,104.0,39.0,51.0,22.0,10.0,,,1.0,G,NYK,,,,,,,,,,,,,,,,,,,,,,,,,,,,,,,,,,,,,,,,,,,,,,,,,,,13290.0,95.0,,,,,,,,,,,,,,33.5,1610612766.0,CHA,NYK,NYK,CHA,,,,,,,,,,,,,,,,,,,
203901,Elfrid Payton,1610612752,NYK,26.0,29.516666666666666,4,10,0.4,1,3,0.333,0,0,0.0,1,2,3,9,0,1,2,0,3,2,9,6,78.6,0.0,0.135,0.45,0.0,58,0.136,8.3,120.7,94.32,47.4,0.067,0.333,0.048,0.45,0.03,115.7,97.67,107.4,110.3,0.0,10.3,0.124,66.0,0.136,71.0,0.136,14.0,0.0,9.0,0.0,20.0,0.0,4.0,0.0,0.0,4.0,0.4,0.0,6.0,10.0,0.0,0.0,0.6,0.0,0.5,0.0,0.0,2.0,0.0,0.11,2.0,5.02,4.28,82.0,4.0,0.0,0.0,31.0,6.9,0.0,3.0,12.8,0.0,0.333,0.429,0.0,1.0,5.0,10.9,0.429,16.7,2.0,0.0,3.0,0.4,0.4,0.0,0.0,0.0,0.0,0.333,0.0,0.0,7.0,,,,,,,,,,,,,,,6.0,0.0,0.0,0.0,0.333,2.0,0.333,6.0,2.0,0.6,0.333,0.6,1.0,0.2,2.0,1.0,1.0,0.5,0.1,0.0,0.0,0.5,0.1,1.0,1.0,,0.5,1.0,0.0,2.0,0.75,0.5,2.0,0.0,1.0,0.0,0.2,0.2,0.75,1.0,7.0,0.875,0.5,2.0,4.0,3.0,0.0,0.0,0.0,0.0,0.0,0.45,0.0,0.0,0.0,2.0,0.0,0.333,0.0,1.0,0.667,0.0,1.0,0.0,0.0,3.0,0.0,0.0,0.0,0.0,0.0,3.0,3.0,0.0,0.0,1.0,0.0,0.0,1.0,0.003,0.605,0.315,65.0,0.607,107.0,1.0,1.0,0.0,1.0,,,0.0,0.0,1.0,2.0,1.0,0.0,1.0,0.0,0.0,1.0,1.0,1.0,0.0,1.0,0.0,0.0,0.0,,1.0,4.0,1.0,0.0,1.0,0.0,1.0,0.0,0.0,2020,21900688,,4.0,14.0,0.286,0.419,-0.133,,,,,,,,,,,,,,,,,,,,,,,,,,,,,,,20200126.0,2019-20,False,BKN,7.0,4.0,3.0,1.0,0.0,0.0,0.0,0.0,0.0,0.0,0.0,0.0,1.0,0.0,1.0,0.0,0.0,1.0,0.0,0.0,0.0,,,,,,1.2,0.9,4.0,4.18,2.1,3.79,Elfrid,1.0,1.0,0.0,1.0,35.1,0.0,0.0,28.0,1.0,1.0,1.0,1.0,54.0,62.0,59.0,104.0,56.0,63.0,66.0,95.0,98.0,95.0,47.0,95.0,79.0,6.0,111.0,26.0,5.0,1.0,103.0,61.0,87.0,43.0,29.0,15.0,3.0,42.0,94.32,119.0,110.3,151.0,4.0,77.0,10.3,10.0,116.0,45.0,1.0,145.0,89.0,62.0,124.0,151.0,124.0,10.0,1.0,64.0,120.7,78.0,59.0,45.0,53.0,16.0,53.0,61.0,89.0,114.0,121.0,49.0,92.0,9.0,,,,G,NYK,,,,,,,,,,,,,,,,,,,,,,,,,,,,,,,,,,,,,,,,,,,,,,,,,,,11307.0,97.0,,,,,,,,,,,,,,29.5,1610612751.0,NYK,BKN,NYK,BKN,,,,,,,,,,,,,,,,,,,
203901,Elfrid Payton,1610612752,NYK,26.0,34.56666666666667,5,11,0.455,1,3,0.333,2,3,0.667,0,4,4,11,3,2,0,0,3,2,13,5,80.42,3.67,0.183,0.528,11.5,69,0.189,4.3,123.2,96.51,42.3,0.121,0.407,0.06,0.5,0.0,121.2,96.26,116.8,114.3,11.4,8.9,0.112,86.0,0.14,91.0,0.128,23.0,0.0,12.0,1.0,27.0,0.0,6.0,0.0,1.0,6.0,0.462,0.077,6.0,13.0,1.0,2.0,0.462,0.077,0.333,2.0,1.0,2.0,0.0,0.125,1.0,4.46,4.16,104.0,4.0,0.0,0.0,46.0,7.7,0.5,1.0,5.7,1.0,0.0,0.8,0.25,0.0,5.0,5.7,0.667,0.0,3.0,1.0,3.0,1.0,0.8,0.25,0.0,1.0,0.0,0.0,1.0,0.0,6.0,,,,,,,,,,,,,,,4.0,0.0,0.0,0.0,0.5,2.0,0.5,4.0,2.0,0.364,0.5,0.364,1.0,0.273,3.0,2.0,1.0,0.833,0.091,1.0,1.0,0.667,0.182,2.0,0.5,0.5,0.25,0.0,2.0,2.0,0.25,0.0,4.0,0.182,1.0,1.0,0.364,0.182,0.333,0.0,4.0,0.333,0.0,1.0,6.0,2.0,3.0,0.5,0.0,0.0,1.0,0.5,0.0,0.0,2.0,1.0,1.0,0.0,2.0,0.0,0.25,1.0,1.0,0.0,0.0,2.0,1.0,1.0,1.0,0.667,0.0,4.0,3.0,0.0,0.0,1.0,1.0,0.0,1.0,0.02,0.607,0.313,64.0,0.627,102.0,1.0,2.0,0.0,1.0,0.0,0.0,0.0,0.0,3.0,1.0,0.5,0.667,0.0,0.0,2.0,1.0,0.333,0.0,0.0,2.0,0.0,0.0,0.0,0.0,0.0,3.0,0.5,0.75,2.0,0.5,2.0,1.0,1.0,2020,21900672,,3.0,13.0,0.231,0.435,-0.205,,,,,,,,,,,,,,,,,,,,,,,,,,,,,,,20200124.0,2019-20,False,TOR,5.0,3.0,2.0,1.0,0.0,1.0,2.0,1.0,1.0,2.0,0.5,0.5,0.0,0.0,0.0,0.0,0.0,0.0,0.0,0.0,0.0,,,,,,1.4,1.0,3.9,4.4,2.4,3.36,Elfrid,1.0,0.0,1.0,0.0,37.3,1.0,0.0,33.0,1.0,114.0,114.0,114.0,35.0,63.0,65.0,107.0,77.0,91.0,81.0,62.0,59.0,95.0,122.0,63.0,91.0,3.0,15.0,13.0,80.0,1.0,151.0,67.0,79.0,66.0,33.0,1.0,2.0,46.0,96.51,108.0,114.3,175.0,5.0,122.0,8.9,13.0,109.0,48.0,145.0,193.0,134.0,63.0,124.0,175.0,117.0,11.0,145.0,94.0,123.2,145.0,65.0,48.0,84.0,16.0,84.0,54.0,134.0,101.0,144.0,86.0,15.0,13.0,,,,G,NYK,,,,,,,,,,,,,,,,,,,,,,,,,,,,,,,,,,,,,,,,,,,,,,,,,,,12894.0,93.0,,,,,,,,,,,,,,34.6,1610612761.0,NYK,TOR,NYK,TOR,,,,,,,,,,,,,,,,,,,
203901,Elfrid Payton,1610612752,NYK,26.0,31.933333333333334,4,6,0.667,0,1,0.0,0,2,0.0,2,4,6,9,5,1,2,0,0,3,8,-4,76.41,1.8,0.169,0.581,23.8,61,0.168,-6.3,104.9,91.69,42.9,0.111,0.391,0.091,0.667,0.067,102.4,94.04,108.6,111.5,23.9,-6.6,0.125,69.0,0.159,70.0,0.13,19.0,2.0,11.0,0.0,22.0,0.091,6.0,1.0,1.0,4.0,0.545,0.091,4.0,11.0,1.0,2.0,0.364,0.091,0.75,0.0,0.0,3.0,1.0,0.094,0.0,5.21,4.88,85.0,2.0,0.0,0.0,34.0,7.4,0.0,4.0,7.9,0.0,0.5,0.75,0.0,2.0,5.0,3.9,0.667,15.9,4.0,1.0,6.0,1.0,0.8,0.0,0.0,1.0,0.0,0.5,0.0,0.0,9.0,0.0,,0.0,1.0,0.167,0.167,1.0,1.0,0.0,1.0,1.0,1.0,1.0,,2.0,0.0,0.0,0.0,1.0,2.0,1.0,2.0,2.0,0.333,1.0,0.333,0.0,0.333,2.0,2.0,1.0,0.5,0.0,,0.0,0.5,0.333,1.0,0.5,,0.0,0.0,0.0,1.0,0.0,0.0,1.0,0.0,0.0,0.0,0.167,0.167,1.0,0.0,2.0,1.0,,0.0,1.0,1.0,0.0,0.0,0.0,0.0,0.0,0.667,0.0,0.0,0.0,1.0,0.0,0.0,2.0,0.0,0.5,0.0,1.0,0.0,0.0,1.0,0.0,0.0,0.0,1.0,0.0,2.0,2.0,0.0,0.0,1.0,0.0,0.0,1.0,0.029,0.61,0.31,62.0,0.639,97.0,1.0,2.0,,0.0,0.0,0.0,0.0,,0.0,0.0,0.5,1.0,1.0,0.0,2.0,0.0,0.0,1.0,0.0,1.0,0.0,0.0,,0.0,1.0,2.0,0.0,0.0,1.0,0.0,1.0,0.0,0.0,2020,21900659,,3.0,14.0,0.214,0.477,-0.262,,,,,,,,,,,,,,,,,,,,,,,,,,,,,,,20200122.0,2019-20,False,LAL,6.0,4.0,2.0,1.0,0.0,0.0,0.0,0.0,0.0,0.0,0.0,0.0,0.0,0.0,0.0,0.0,0.0,0.0,0.0,0.0,0.0,,,,,,1.3,1.0,4.07,4.45,2.3,3.66,Elfrid,1.0,0.0,1.0,0.0,32.7,0.0,0.0,29.0,1.0,132.0,132.0,132.0,45.0,90.0,143.0,34.0,138.0,150.0,138.0,146.0,79.0,146.0,27.0,71.0,56.0,7.0,4.0,42.0,9.0,1.0,1.0,45.0,134.0,163.0,46.0,23.0,2.0,56.0,91.69,145.0,111.5,250.0,4.0,50.0,-6.6,15.0,139.0,141.0,234.0,243.0,148.0,90.0,106.0,250.0,146.0,6.0,234.0,150.0,104.9,128.0,143.0,141.0,154.0,19.0,154.0,157.0,148.0,58.0,112.0,79.0,59.0,8.0,,,1.0,G,NYK,,,,,,,,,,,,,,,,,,,,,,,,,,,,,,,,,,,,,,,,,,,,,,,,,,,12258.0,90.0,,,,,,,,,,,,,,31.9,1610612747.0,NYK,LAL,NYK,LAL,,,,,,,,,,,,,,,,,,,
203901,Elfrid Payton,1610612752,NYK,26.0,28.45,4,11,0.364,0,1,0.0,1,2,0.5,2,4,6,8,3,1,2,2,1,2,9,10,82.25,2.67,0.227,0.379,13.0,58,0.231,16.3,119.0,98.7,34.8,0.105,0.364,0.088,0.364,0.067,120.5,96.1,104.2,100.0,13.1,19.0,0.096,55.0,0.164,60.0,0.145,11.0,1.0,9.0,0.0,20.0,0.143,5.0,2.0,1.0,7.0,0.357,0.143,4.0,14.0,2.0,2.0,0.286,0.071,0.286,1.0,0.5,2.0,0.0,0.127,0.0,4.97,4.68,71.0,2.0,0.0,0.0,22.0,5.9,1.0,4.0,6.9,2.0,0.5,0.6,0.25,1.0,6.0,8.1,0.6,4.6,3.0,0.0,4.0,0.667,0.667,0.333,0.0,0.0,0.5,0.5,1.0,1.0,10.0,0.0,,0.0,3.0,0.273,0.273,0.0,3.0,0.0,0.0,0.0,0.0,0.0,,6.0,0.0,0.0,0.0,0.5,3.0,0.5,6.0,3.0,0.545,0.5,0.545,0.0,0.091,1.0,1.0,1.0,1.0,0.0,,0.0,1.0,0.091,1.0,1.0,,0.0,0.0,0.0,1.0,0.0,0.0,1.0,0.0,0.0,0.0,0.091,0.091,0.5,0.0,2.0,0.5,0.0,1.0,2.0,1.0,0.0,0.0,0.0,0.0,0.5,0.364,0.0,0.0,2.0,1.0,0.0,0.0,2.0,0.0,1.0,0.0,1.0,0.0,0.0,0.0,1.0,0.0,0.0,0.25,0.0,1.0,8.0,0.0,1.0,1.0,0.0,0.0,1.0,0.056,0.607,0.308,61.0,0.663,92.0,1.0,1.0,,0.0,0.0,0.0,0.0,,0.0,0.0,1.0,0.25,1.0,0.0,2.0,0.0,0.0,1.0,0.0,1.0,0.0,0.0,,0.0,1.0,8.0,0.0,,0.0,,0.0,0.0,0.0,2020,21900643,,8.0,21.0,0.381,0.455,-0.074,,,,,,,,,,,,,,,,,,,,,,,,,,,,,,,20200120.0,2019-20,False,CLE,9.0,6.0,3.0,4.0,0.0,1.0,2.0,0.0,0.0,0.0,0.0,0.0,0.0,0.0,0.0,0.0,0.0,0.0,0.0,0.0,0.0,,,,,,1.1,1.0,4.23,4.51,2.1,3.96,Elfrid,1.0,1.0,0.0,1.0,34.2,0.0,0.0,29.0,1.0,1.0,1.0,1.0,105.0,111.0,81.0,189.0,162.0,186.0,162.0,107.0,82.0,115.0,33.0,90.0,65.0,10.0,27.0,54.0,12.0,262.0,60.0,80.0,134.0,44.0,55.0,26.0,4.0,77.0,98.7,76.0,100.0,207.0,4.0,62.0,19.0,27.0,74.0,62.0,180.0,242.0,85.0,111.0,225.0,207.0,161.0,11.0,180.0,68.0,119.0,138.0,81.0,62.0,59.0,23.0,59.0,55.0,85.0,220.0,127.0,136.0,37.0,9.0,,,1.0,G,NYK,,,,,,,,,,,,,,,,,,,,,,,,,,,,,,,,,,,,,,,,,,,,,,,,,,,10982.0,96.0,,,,,,,,,,,,,,28.5,1610612739.0,CLE,NYK,NYK,CLE,,,,,,,,,,,,,,,,,,,
203901,Elfrid Payton,1610612752,NYK,26.0,31.5,5,14,0.357,0,2,0.0,0,0,0.0,1,6,7,7,1,1,1,0,4,1,10,13,76.83,7.0,0.208,0.357,4.5,61,0.213,15.7,109.8,92.19,31.8,0.2,0.304,0.113,0.357,0.031,105.5,94.23,89.8,90.0,4.5,19.8,0.106,67.0,0.104,68.0,0.104,13.0,0.0,7.0,0.0,16.0,0.0,6.0,0.0,0.0,7.0,0.429,0.071,7.0,14.0,1.0,0.0,0.5,0.0,0.429,0.0,0.0,3.0,0.0,0.114,0.0,5.13,4.68,88.0,1.0,0.0,0.0,32.0,7.5,0.0,1.0,13.1,0.0,1.0,0.875,0.0,1.0,7.0,9.7,0.875,33.4,6.0,0.0,7.0,0.857,0.857,0.0,0.0,0.0,0.0,1.0,0.0,0.0,8.0,,,,,,,,,,,,,,,7.0,0.0,0.0,0.0,0.429,3.0,0.429,7.0,3.0,0.5,0.429,0.5,0.0,0.214,3.0,3.0,1.0,0.333,0.0,,0.0,0.333,0.214,1.0,0.333,0.5,0.25,0.0,2.0,2.0,0.25,0.0,4.0,0.143,1.0,1.0,0.286,0.143,0.4,0.0,4.0,0.4,,0.0,5.0,2.0,0.0,0.0,0.0,0.0,0.0,0.357,0.0,0.0,0.0,1.0,0.0,0.0,2.0,0.0,0.25,0.0,5.0,0.0,0.0,1.0,1.0,0.0,1.0,0.667,0.0,4.0,3.0,0.0,0.0,2.0,0.0,0.0,0.4,0.075,0.612,0.299,57.0,0.687,83.0,1.0,4.0,0.0,1.0,0.0,0.0,0.0,0.0,1.0,1.0,0.25,0.667,1.0,0.0,2.0,0.0,1.0,0.25,0.0,1.0,0.0,0.0,0.0,0.0,4.0,3.0,0.0,0.0,1.0,0.0,1.0,0.0,0.0,2020,21900630,,5.0,10.0,0.5,0.478,0.022,,,,,,,,,,,,,,,,,,,,,,,,,,,,,,,20200118.0,2019-20,False,PHI,6.0,3.0,3.0,2.0,0.0,0.0,0.0,0.0,2.0,2.0,0.0,1.0,0.0,1.0,1.0,1.0,0.0,0.0,1.0,1.0,0.0,,,,,,1.3,1.1,4.28,4.46,2.4,4.08,Elfrid,1.0,0.0,1.0,0.0,33.9,0.0,0.0,28.0,1.0,123.0,123.0,123.0,59.0,65.0,46.0,150.0,121.0,118.0,121.0,125.0,129.0,125.0,51.0,26.0,31.0,13.0,89.0,49.0,27.0,1.0,194.0,104.0,93.0,27.0,50.0,16.0,3.0,66.0,92.19,88.0,90.0,231.0,5.0,84.0,19.8,34.0,89.0,115.0,86.0,220.0,40.0,65.0,170.0,231.0,41.0,14.0,86.0,67.0,109.8,41.0,46.0,115.0,49.0,32.0,49.0,132.0,40.0,163.0,64.0,100.0,5.0,10.0,,,,G,NYK,,,,,,,,,,,,,,,,,,,,,,,,,,,,,,,,,,,,,,,,,,,,,,,,,,,12711.0,94.0,,,,,,,,,,,,,,31.5,1610612755.0,NYK,PHI,NYK,PHI,,,,,,,,,,,,,,,,,,,
203901,Elfrid Payton,1610612752,NYK,26.0,34.88166666666667,7,14,0.5,0,0,0.0,1,2,0.5,1,6,7,11,2,2,0,2,3,2,15,-19,87.73,5.5,0.186,0.504,7.4,76,0.195,-25.9,102.6,105.27,40.7,0.171,0.5,0.089,0.5,0.023,97.1,109.56,123.0,126.0,7.2,-23.3,0.137,74.0,0.176,75.0,0.149,21.0,2.0,13.0,0.0,29.0,0.056,7.0,1.0,0.0,8.0,0.389,0.222,9.0,18.0,4.0,0.0,0.5,0.0,0.375,0.0,0.0,3.0,0.0,0.161,2.0,4.72,4.51,93.0,2.0,0.0,1.0,28.0,7.3,1.0,3.0,6.6,1.0,0.5,0.778,0.0,0.0,9.0,7.4,0.583,1.8,6.0,3.0,6.0,0.857,0.667,0.143,1.0,2.0,1.0,0.333,0.0,1.0,12.0,0.0,,0.0,3.0,0.214,0.214,1.0,3.0,0.0,0.333,0.333,1.0,0.333,,7.0,0.0,0.0,0.0,0.571,4.0,0.571,7.0,4.0,0.5,0.571,0.5,0.0,0.286,4.0,4.0,2.0,0.5,0.0,,0.0,0.5,0.286,2.0,0.5,,,,,,,,,,,,,,0.0,,0.0,0.0,,,2.0,0.0,2.0,1.0,2.0,0.5,1.0,0.5,0.0,0.0,2.0,0.0,0.0,0.0,6.0,0.0,0.0,0.0,2.0,0.0,0.0,0.0,0.0,0.0,0.0,0.667,0.0,3.0,9.0,0.0,0.0,1.0,0.0,0.0,0.5,-0.01,0.605,0.327,72.0,0.595,121.0,0.0,2.0,,0.0,,,0.0,,1.0,0.0,0.0,0.667,1.0,0.0,6.0,0.0,0.0,0.5,0.0,0.0,0.0,0.0,,,2.0,9.0,0.0,1.0,1.0,,,,1.0,2020,21900710,,9.0,19.0,0.474,0.507,-0.033,,,,,,,,,,,,,,,,,,,,,,,,,,,,,,,20200129.0,2019-20,False,MEM,2.0,1.0,1.0,2.0,0.0,1.0,3.0,0.0,1.0,1.0,0.0,1.0,0.0,0.0,0.0,0.0,0.0,0.0,0.0,0.0,0.0,,,,,,1.5,1.2,4.57,4.89,2.8,3.92,Elfrid,1.0,0.0,1.0,0.0,43.9,1.0,0.0,37.0,1.0,68.0,68.0,68.0,16.0,18.0,18.0,55.0,62.0,96.0,62.0,59.0,43.0,56.0,28.0,17.0,19.0,1.0,23.0,8.0,32.0,119.0,83.0,40.0,37.0,122.0,7.0,1.0,2.0,11.0,105.27,53.0,126.0,44.0,7.0,58.0,-23.3,7.0,53.0,85.0,60.0,20.0,100.0,18.0,77.0,44.0,45.0,14.0,60.0,107.0,102.6,96.0,18.0,85.0,103.0,2.0,103.0,98.0,100.0,67.0,56.0,29.0,2.0,15.0,,,1.0,G,NYK,,,,,,,,,,,,,,,,,,,,,,,,,,,,,,,,,,,,,,,,,,,,,,,,,,,14569.0,104.0,,,,,,,,,,,,,,34.9,1610612763.0,NYK,MEM,NYK,MEM,,,,,,,,,,,,,,,,,,,
203901,Elfrid Payton,1610612752,NYK,26.0,29.683333333333334,4,11,0.364,0,1,0.0,2,4,0.5,2,7,9,6,2,2,1,1,1,2,10,3,76.14,3.0,0.211,0.392,9.5,57,0.212,-2.4,100.0,91.36,28.6,0.304,0.333,0.167,0.364,0.065,97.3,91.17,99.7,96.4,9.6,3.6,0.187,75.0,0.107,78.0,0.08,15.0,2.0,8.0,0.0,15.0,0.154,3.0,2.0,1.0,5.0,0.231,0.0,4.0,13.0,0.0,2.0,0.308,0.077,0.2,1.0,0.5,1.0,0.0,0.105,0.0,4.5,4.2,95.0,1.0,0.0,0.0,42.0,7.1,0.0,2.0,10.2,2.0,1.0,1.0,0.143,1.0,8.0,9.4,0.9,12.9,6.0,1.0,7.0,1.0,0.875,0.222,0.0,1.0,0.5,1.0,1.0,1.0,10.0,,,,,,,,,,,,,,,7.0,0.0,0.0,0.0,0.429,3.0,0.429,7.0,3.0,0.636,0.429,0.636,1.0,0.273,3.0,2.0,1.0,0.333,0.091,0.0,0.0,0.333,0.182,1.0,0.5,0.0,0.0,0.0,1.0,0.0,0.0,,1.0,0.091,0.0,0.0,0.091,0.0,0.2,0.0,2.0,0.2,0.0,1.0,5.0,1.0,0.0,0.0,0.0,0.0,0.0,0.364,0.0,0.0,0.0,2.0,0.0,0.0,0.0,0.0,0.5,0.0,4.0,0.0,0.0,1.0,0.0,0.0,0.0,0.0,0.0,4.0,2.0,0.0,0.0,2.0,0.0,0.0,0.5,0.017,0.604,0.337,87.0,0.621,140.0,2.0,4.0,,1.0,0.0,0.0,0.0,,1.0,1.0,0.5,0.0,1.0,0.0,0.0,0.0,1.0,0.333,0.0,0.0,0.0,0.0,,0.0,3.0,2.0,0.0,,0.0,,0.0,0.0,0.0,2020,21900779,,7.0,11.0,0.636,0.448,0.188,,,,,,,,,,,,,,,,,,,,,,,,,,,,,,,20200208.0,2019-20,False,DET,6.0,3.0,3.0,4.0,0.0,0.0,0.0,2.0,1.0,3.0,0.667,0.333,0.0,0.0,0.0,0.0,0.0,0.0,0.0,0.0,0.0,,,,,,1.2,0.9,4.13,4.48,2.2,3.4,Elfrid,1.0,1.0,0.0,1.0,36.8,0.0,0.0,31.0,1.0,1.0,1.0,1.0,57.0,74.0,52.0,132.0,103.0,126.0,103.0,46.0,24.0,76.0,22.0,18.0,15.0,16.0,36.0,11.0,21.0,117.0,38.0,54.0,86.0,66.0,34.0,19.0,1.0,43.0,91.36,81.0,96.4,164.0,4.0,47.0,3.6,31.0,70.0,140.0,107.0,168.0,34.0,74.0,154.0,164.0,13.0,11.0,105.0,100.0,100.0,48.0,52.0,140.0,81.0,17.0,81.0,153.0,34.0,148.0,23.0,22.0,13.0,10.0,,,,G,NYK,,,,,,,,,,,,,,,,,,,,,,,,,,,,,,,,,,,,,,,,,,,,,,,,,,,11393.0,89.0,,,,,,,,,,,,,,29.7,1610612765.0,DET,NYK,NYK,DET,,,,,,,,,,,,,,,,,,,
203901,Elfrid Payton,1610612752,NYK,26.0,29.616666666666667,6,9,0.667,0,0,0.0,0,0,0.0,2,7,9,4,5,2,1,0,0,2,12,-19,87.11,0.8,0.187,0.667,27.8,64,0.188,-29.6,79.7,104.54,22.2,0.269,0.235,0.145,0.667,0.056,78.9,104.67,108.5,107.7,27.8,-28.0,0.171,69.0,0.072,71.0,0.058,14.0,1.0,5.0,0.0,10.0,0.125,4.0,2.0,0.0,3.0,0.25,0.188,10.0,16.0,3.0,0.0,0.625,0.0,0.667,0.0,0.0,2.0,0.0,0.138,1.0,4.73,4.63,87.0,3.0,0.0,0.0,36.0,6.9,0.667,1.0,8.1,2.0,2.0,1.0,0.143,0.0,8.0,8.1,1.0,8.4,6.0,0.0,6.0,0.875,0.875,0.222,0.0,0.0,0.5,2.0,1.0,1.0,9.0,0.0,,0.0,1.0,0.111,0.111,1.0,1.0,0.0,1.0,1.0,1.0,1.0,,4.0,0.0,0.0,0.0,0.5,2.0,0.5,4.0,2.0,0.444,0.5,0.444,0.0,0.444,4.0,4.0,3.0,0.75,0.0,,0.0,0.75,0.444,3.0,0.75,,,,,,,,,,,,,,0.5,,2.0,0.5,,,2.0,1.0,0.0,0.0,0.0,0.0,1.0,0.667,0.0,0.0,2.0,2.0,0.0,0.0,2.0,0.0,0.667,0.0,3.0,0.0,0.0,0.0,0.0,0.0,0.0,0.667,0.0,3.0,3.0,0.0,0.0,2.0,0.0,0.0,0.667,0.039,0.603,0.26,34.0,0.642,53.0,3.0,5.0,0.0,0.0,0.0,0.0,0.0,0.0,0.0,0.0,0.6,0.667,1.0,0.0,2.0,0.0,0.0,1.0,0.0,0.0,0.0,0.0,0.0,0.0,1.0,3.0,0.0,,0.0,,,,0.0,2020,21900553,,4.0,9.0,0.444,0.452,-0.008,,,,,,,,,,,,,,,,,,,,,,,,,,,,,,,20200107.0,2019-20,False,LAL,6.0,4.0,2.0,3.0,0.0,0.0,0.0,0.0,1.0,1.0,0.0,1.0,0.0,0.0,0.0,0.0,0.0,0.0,0.0,0.0,0.0,,,,,,1.3,0.9,4.42,4.54,2.3,3.86,Elfrid,1.0,0.0,1.0,0.0,32.8,0.0,0.0,31.0,1.0,63.0,63.0,63.0,45.0,26.0,46.0,11.0,72.0,107.0,72.0,71.0,74.0,71.0,14.0,10.0,10.0,20.0,1.0,7.0,13.0,1.0,1.0,33.0,41.0,120.0,23.0,8.0,1.0,25.0,104.54,65.0,107.7,45.0,6.0,31.0,-28.0,33.0,61.0,112.0,120.0,36.0,75.0,26.0,37.0,45.0,20.0,9.0,120.0,111.0,79.7,77.0,46.0,112.0,106.0,27.0,106.0,116.0,75.0,26.0,23.0,21.0,52.0,12.0,,,1.0,G,NYK,,,,,,,,,,,,,,,,,,,,,,,,,,,,,,,,,,,,,,,,,,,,,,,,,,,11947.0,103.0,,,,,,,,,,,,,,29.6,1610612747.0,LAL,NYK,NYK,LAL,,,,,,,,,,,,,,,,,,,
203901,Elfrid Payton,1610612752,NYK,26.0,24.2,4,7,0.571,0,1,0.0,0,0,0.0,0,2,2,7,3,1,0,1,2,0,8,-13,87.6,2.33,0.175,0.571,17.6,52,0.171,-26.4,113.5,105.12,41.2,0.105,0.368,0.043,0.571,0.0,106.5,108.65,132.9,133.3,17.6,-19.9,0.082,55.0,0.182,55.0,0.127,11.0,2.0,10.0,1.0,22.0,0.111,6.0,1.0,0.0,5.0,0.667,0.222,3.0,9.0,2.0,0.0,0.333,0.0,0.6,0.0,0.0,3.0,0.0,0.119,0.0,4.74,4.55,67.0,0.0,0.0,0.0,19.0,5.3,0.0,2.0,7.9,1.0,0.0,0.5,0.5,0.0,2.0,7.9,0.5,0.0,1.0,0.0,1.0,1.0,1.0,0.5,0.0,0.0,0.0,0.0,1.0,0.0,4.0,0.0,,0.0,2.0,0.286,0.286,2.0,2.0,0.0,1.0,1.0,2.0,1.0,,3.0,0.0,0.0,0.0,0.333,1.0,0.333,3.0,1.0,0.429,0.333,0.429,0.0,0.143,1.0,1.0,1.0,1.0,0.0,,0.0,1.0,0.143,1.0,1.0,,0.0,0.0,0.0,1.0,0.0,0.0,1.0,0.0,0.0,0.0,0.143,0.143,,0.0,0.0,,,0.0,0.0,0.0,0.0,0.0,0.0,0.0,0.0,0.571,0.0,0.0,0.0,0.0,0.0,0.0,4.0,0.0,0.0,0.0,0.0,0.0,0.0,0.0,1.0,0.0,1.0,0.667,0.0,0.0,6.0,0.0,0.0,0.0,0.0,0.0,0.0,0.065,0.61,0.299,54.0,0.675,80.0,0.0,0.0,0.0,0.0,0.0,0.0,0.0,0.0,0.0,0.0,0.0,0.667,0.0,0.0,4.0,0.0,0.0,0.0,0.0,1.0,0.0,0.0,0.0,0.0,0.0,6.0,0.0,0.0,1.0,0.0,1.0,0.0,0.0,2020,21900614,,6.0,12.0,0.5,0.47,0.03,,,,,,,,,,,,,,,,,,,,,,,,,,,,,,,20200116.0,2019-20,False,PHX,4.0,3.0,1.0,2.0,0.0,0.0,0.0,0.0,1.0,1.0,0.0,1.0,0.0,0.0,0.0,0.0,0.0,0.0,0.0,0.0,0.0,,,,,,1.1,0.9,4.47,5.09,1.9,4.31,Elfrid,1.0,0.0,1.0,0.0,20.9,0.0,0.0,19.0,1.0,56.0,56.0,56.0,53.0,40.0,54.0,30.0,64.0,67.0,64.0,58.0,62.0,58.0,59.0,58.0,70.0,6.0,10.0,23.0,39.0,68.0,40.0,77.0,58.0,92.0,50.0,12.0,1.0,53.0,105.12,56.0,133.3,55.0,4.0,59.0,-19.9,10.0,51.0,52.0,91.0,21.0,96.0,40.0,45.0,55.0,57.0,7.0,91.0,82.0,113.5,95.0,54.0,52.0,76.0,7.0,76.0,63.0,96.0,42.0,83.0,55.0,14.0,8.0,,,1.0,G,NYK,,,,,,,,,,,,,,,,,,,,,,,,,,,,,,,,,,,,,,,,,,,,,,,,,,,10274.0,105.0,,,,,,,,,,,,,,24.2,1610612756.0,NYK,PHX,NYK,PHX,,,,,,,,,,,,,,,,,,,
203901,Elfrid Payton,1610612752,NYK,26.0,17.833333333333332,1,5,0.2,0,0,0.0,2,4,0.5,1,2,3,4,2,2,0,2,2,2,4,-16,91.96,2.0,0.188,0.296,15.4,41,0.185,-45.8,87.8,110.36,30.8,0.125,0.308,0.065,0.2,0.033,85.1,110.36,130.9,126.8,15.7,-39.0,0.032,40.0,0.1,40.0,0.1,14.0,0.0,4.0,0.0,9.0,0.0,4.0,0.0,2.0,4.0,0.4,0.2,4.0,10.0,2.0,4.0,0.4,0.2,0.25,2.0,0.5,1.0,0.0,0.082,0.0,5.76,4.61,49.0,2.0,0.0,0.0,14.0,4.7,0.0,2.0,7.3,1.0,0.5,0.5,0.5,0.0,4.0,7.3,0.5,0.0,2.0,0.0,2.0,0.5,0.5,0.333,0.0,0.0,0.0,0.5,1.0,0.0,6.0,,,,,,,,,,,,,,,5.0,0.0,0.0,0.0,0.2,1.0,0.2,5.0,1.0,1.0,0.2,1.0,,,,,,,,,,,,,,,,,,,,,,,,,,,,,0.0,,,,0.0,0.0,0.0,0.0,0.0,0.0,0.0,0.2,0.0,0.0,0.0,1.0,0.0,0.0,0.0,0.0,0.5,0.0,0.0,0.0,,0.0,0.0,0.0,0.0,0.0,0.0,2.0,3.0,,0.0,0.0,0.0,,0.0,0.097,0.613,0.284,22.0,0.71,31.0,0.0,1.0,,0.0,,,0.0,,0.0,0.0,0.0,0.25,0.0,,1.0,0.0,0.0,0.0,,0.0,,0.0,,,0.0,4.0,0.0,,0.0,,,,0.0,2020,21900424,,3.0,4.0,0.75,0.499,0.251,,,,,,,,,,,,,,,,,,,,,,,,,,,,,,,20191220.0,2019-20,False,MIA,0.0,0.0,0.0,7.0,0.0,0.0,0.0,0.0,1.0,1.0,0.0,1.0,0.0,1.0,1.0,1.0,0.0,0.0,1.0,1.0,0.0,,,,,,0.8,0.7,4.72,4.94,1.5,4.5,Elfrid,1.0,0.0,1.0,0.0,17.6,0.0,0.0,15.0,1.0,106.0,106.0,106.0,148.0,162.0,139.0,179.0,116.0,171.0,116.0,59.0,32.0,96.0,60.0,109.0,105.0,34.0,44.0,16.0,65.0,198.0,97.0,60.0,161.0,199.0,123.0,14.0,2.0,129.0,110.36,117.0,126.8,18.0,1.0,98.0,-39.0,33.0,107.0,183.0,156.0,17.0,183.0,162.0,183.0,18.0,103.0,5.0,153.0,203.0,87.8,191.0,139.0,183.0,199.0,26.0,199.0,188.0,183.0,185.0,127.0,174.0,24.0,4.0,,,,G,NYK,,,,,,,,,,,,,,,,,,,,,,,,,,,,,,,,,,,,,,,,,,,,,,,,,,,7778.0,100.0,,,,,,,,,,,,,,17.8,1610612748.0,MIA,NYK,NYK,MIA,,,,,,,,,,,,,,,,,,,
203901,Elfrid Payton,1610612752,NYK,26.0,26.05,4,9,0.444,1,2,0.5,2,2,1.0,0,2,2,8,0,5,0,0,5,1,11,14,91.36,0.0,0.167,0.557,0.0,58,0.163,23.8,132.8,109.64,44.4,0.095,0.308,0.049,0.5,0.0,131.4,107.94,107.6,103.3,0.0,29.5,0.132,46.0,0.196,48.0,0.174,13.0,1.0,9.0,0.0,19.0,0.0,2.0,0.0,0.0,3.0,0.286,0.143,4.0,7.0,1.0,0.0,0.571,0.0,0.333,0.0,0.0,1.0,0.0,0.183,1.0,4.51,4.17,60.0,0.0,0.0,0.0,18.0,4.5,0.0,1.0,10.3,0.0,0.0,0.5,0.0,0.0,4.0,10.3,0.4,0.0,2.0,1.0,2.0,0.667,0.5,0.0,0.0,1.0,0.0,0.0,0.0,0.0,5.0,0.0,,0.0,1.0,0.111,0.111,0.0,1.0,0.0,0.0,0.0,0.0,0.0,,3.0,0.0,0.0,0.0,0.333,1.0,0.333,3.0,1.0,0.333,0.333,0.333,0.0,0.222,2.0,2.0,1.0,0.5,0.0,,0.0,0.5,0.222,1.0,0.5,1.0,0.667,1.0,1.0,2.0,0.833,0.5,3.0,0.111,2.0,1.0,0.333,0.222,0.5,1.0,5.0,0.625,0.5,2.0,4.0,2.0,0.0,0.0,0.0,0.0,0.0,0.5,0.0,0.0,0.0,0.0,0.0,0.5,2.0,1.0,0.0,0.0,2.0,0.0,0.0,2.0,0.0,0.0,0.0,0.667,0.0,2.0,3.0,0.0,0.0,1.0,0.0,0.0,0.5,,,,,,,0.0,2.0,0.0,0.0,,,0.0,0.0,0.0,1.0,0.0,0.667,1.0,0.0,2.0,1.0,0.0,0.5,0.0,1.0,0.0,0.0,0.0,,2.0,3.0,1.0,,0.0,,0.0,0.0,0.0,2020,21900010,,4.0,7.0,0.571,0.491,0.08,,,,,,,,,,,,,,,,,,,,,,,,,,,,,,,20191023.0,2019-20,False,SAS,3.0,1.0,2.0,4.0,0.0,0.0,0.0,0.0,1.0,1.0,0.0,1.0,0.0,0.0,0.0,0.0,0.0,0.0,0.0,0.0,0.0,,,,,,1.1,1.0,4.78,5.35,2.2,3.92,Elfrid,1.0,0.0,1.0,0.0,40.4,0.0,0.0,32.0,1.0,118.0,118.0,118.0,93.0,77.0,86.0,105.0,55.0,111.0,33.0,65.0,83.0,1.0,121.0,128.0,148.0,7.0,174.0,1.0,74.0,1.0,212.0,129.0,86.0,20.0,21.0,25.0,1.0,45.0,109.64,142.0,103.3,82.0,4.0,121.0,29.5,10.0,128.0,12.0,1.0,98.0,140.0,77.0,98.0,82.0,139.0,9.0,1.0,28.0,132.8,158.0,86.0,12.0,20.0,27.0,20.0,12.0,140.0,85.0,162.0,69.0,127.0,11.0,,,1.0,,NYK,,,,,,,,,,,,,,,,,,,,,,,,,,,,,,,,,,,,,,,,,,,,,,,,,,,11408.0,110.0,,,,,,,,,,,,,,26.1,1610612759.0,SAS,NYK,NYK,SAS,,,,,,,,,,,,,,,,,,,
203901,Elfrid Payton,1610612752,NYK,26.0,30.416666666666668,7,12,0.583,0,1,0.0,4,4,1.0,1,8,9,8,2,0,0,1,1,3,18,-11,82.19,4.0,0.229,0.654,8.3,62,0.227,-13.6,111.3,98.63,33.3,0.235,0.4,0.148,0.583,0.037,110.4,100.18,124.1,127.0,8.4,-15.7,0.194,68.0,0.118,73.0,0.118,15.0,0.0,8.0,0.0,16.0,0.059,12.0,1.0,2.0,7.0,0.706,0.176,7.0,17.0,3.0,3.0,0.412,0.118,0.571,3.0,1.0,4.0,0.0,0.207,1.0,4.46,4.32,87.0,1.0,0.0,2.0,30.0,6.5,0.0,3.0,7.7,1.0,0.333,0.692,0.0,0.0,10.0,8.4,0.692,2.2,8.0,0.0,8.0,0.8,0.8,0.111,0.0,0.0,1.0,0.333,0.0,1.0,13.0,0.0,,0.0,1.0,0.083,0.083,1.0,1.0,0.0,1.0,1.0,1.0,1.0,0.0,9.0,0.0,1.0,0.083,0.556,5.0,0.625,8.0,5.0,0.75,0.556,0.667,0.0,0.167,2.0,2.0,1.0,0.5,0.0,,0.0,0.5,0.167,1.0,0.5,,,,,,,,,,,,,,0.333,0.0,2.0,0.333,0.0,1.0,3.0,1.0,0.0,0.0,2.0,1.0,0.0,0.583,0.0,0.0,0.0,2.0,0.0,0.0,4.0,0.0,0.667,0.0,1.0,0.0,0.0,1.0,0.0,0.0,0.0,0.571,0.0,3.0,7.0,0.0,0.0,1.0,0.0,0.0,1.0,0.03,0.601,0.346,108.0,0.632,171.0,2.0,2.0,,0.0,,,0.0,,1.0,1.0,1.0,0.571,1.0,0.0,4.0,0.0,0.0,1.0,0.0,0.0,0.0,0.0,,,1.0,7.0,0.0,,0.0,,0.0,0.0,0.0,2020,21900932,,3.0,9.0,0.333,0.459,-0.125,,,,,,,,,,,,,,,,,,,,,,,,,,,,,,,20200306.0,2019-20,False,OKC,6.0,3.0,3.0,5.0,0.0,0.0,0.0,0.0,1.0,1.0,0.0,1.0,0.0,0.0,0.0,0.0,0.0,0.0,0.0,0.0,0.0,,,,,,1.3,1.1,4.31,5.13,2.4,3.63,Elfrid,1.0,0.0,1.0,0.0,38.8,0.0,0.0,35.0,1.0,103.0,103.0,103.0,46.0,27.0,51.0,58.0,116.0,144.0,116.0,24.0,37.0,1.0,57.0,8.0,16.0,9.0,35.0,98.0,72.0,136.0,38.0,42.0,36.0,173.0,26.0,18.0,2.0,31.0,98.63,72.0,127.0,170.0,7.0,90.0,-15.7,27.0,63.0,94.0,113.0,158.0,171.0,27.0,73.0,170.0,33.0,12.0,109.0,141.0,111.3,157.0,51.0,94.0,150.0,10.0,150.0,92.0,171.0,84.0,30.0,20.0,18.0,18.0,,,1.0,G,NYK,,,,,,,,,,,,,,,,,,,,,,,,,,,,,,,,,,,,,,,,,,,,,,,,,,,12794.0,98.0,,,,,,,,,,,,,,30.4,1610612760.0,NYK,OKC,NYK,OKC,,,,,,,,,,,,,,,,,,,
203901,Elfrid Payton,1610612752,NYK,26.0,19.48333333333333,2,7,0.286,0,1,0.0,0,0,0.0,0,6,6,6,3,2,0,0,2,1,4,4,89.31,2.0,0.192,0.286,18.8,44,0.196,9.3,109.1,107.17,37.5,0.231,0.316,0.125,0.286,0.0,108.9,108.7,99.6,102.3,18.8,6.8,0.088,48.0,0.146,48.0,0.125,9.0,0.0,7.0,1.0,13.0,0.0,4.0,0.0,0.0,5.0,0.4,0.0,4.0,10.0,0.0,0.0,0.4,0.0,0.4,0.0,0.0,2.0,0.0,0.068,1.0,4.46,4.07,59.0,0.0,0.0,0.0,21.0,4.4,0.0,1.0,6.4,0.0,0.0,0.857,0.0,0.0,6.0,6.4,0.857,0.0,6.0,0.0,6.0,1.0,1.0,0.0,0.0,0.0,0.0,0.0,0.0,0.0,7.0,,,,,,,,,,,,,,,3.0,0.0,0.0,0.0,0.333,1.0,0.333,3.0,1.0,0.429,0.333,0.429,0.0,0.286,2.0,2.0,1.0,0.5,0.0,,0.0,0.5,0.286,1.0,0.5,0.0,0.0,0.0,1.0,1.0,0.0,0.0,2.0,0.143,0.0,0.0,0.286,0.143,0.0,0.0,0.0,0.0,,0.0,2.0,0.0,0.0,0.0,0.0,0.0,0.0,0.286,0.0,0.0,0.0,0.0,0.0,0.0,2.0,0.0,0.0,0.0,1.0,0.0,0.0,1.0,0.0,0.0,0.0,0.667,0.0,2.0,3.0,0.0,0.0,0.0,0.0,0.0,0.0,0.022,0.602,0.346,103.0,0.624,165.0,0.0,0.0,,0.0,,,0.0,,1.0,1.0,0.0,0.5,0.0,0.0,2.0,0.0,0.0,0.0,0.0,0.0,0.0,0.0,,,1.0,4.0,0.0,0.0,1.0,0.0,1.0,0.0,0.0,2020,21900903,,2.0,8.0,0.25,0.453,-0.203,,,,,,,,,,,,,,,,,,,,,,,,,,,,,,,20200302.0,2019-20,False,HOU,4.0,1.0,3.0,0.0,0.0,0.0,0.0,0.0,1.0,1.0,0.0,1.0,0.0,1.0,1.0,1.0,0.0,0.0,1.0,1.0,0.0,,,,,,0.9,0.6,4.42,5.08,1.5,3.7,Elfrid,1.0,1.0,0.0,1.0,23.2,0.0,0.0,20.0,1.0,1.0,1.0,1.0,96.0,97.0,76.0,113.0,79.0,92.0,79.0,83.0,84.0,83.0,69.0,21.0,33.0,12.0,10.0,7.0,51.0,1.0,67.0,63.0,108.0,47.0,65.0,13.0,1.0,70.0,107.17,62.0,102.3,33.0,2.0,69.0,6.8,18.0,60.0,79.0,127.0,24.0,41.0,97.0,121.0,33.0,27.0,7.0,126.0,49.0,109.1,36.0,76.0,79.0,55.0,15.0,55.0,79.0,41.0,117.0,35.0,79.0,22.0,4.0,,,,G,NYK,,,,,,,,,,,,,,,,,,,,,,,,,,,,,,,,,,,,,,,,,,,,,,,,,,,8024.0,107.0,,,,,,,,,,,,,,19.5,1610612745.0,NYK,HOU,NYK,HOU,,,,,,,,,,,,,,,,,,,
203901,Elfrid Payton,1610612752,NYK,26.0,27.316666666666663,3,8,0.375,0,2,0.0,0,0,0.0,0,2,2,9,6,1,0,1,5,1,6,1,80.54,1.5,0.222,0.375,26.1,55,0.229,4.9,109.1,96.64,39.1,0.077,0.429,0.042,0.375,0.0,110.8,96.54,105.9,107.3,26.1,1.8,0.02,49.0,0.224,59.0,0.184,10.0,2.0,11.0,0.0,22.0,0.167,4.0,2.0,0.0,3.0,0.333,0.25,7.0,12.0,3.0,0.0,0.583,0.0,0.667,0.0,0.0,2.0,0.0,0.092,1.0,5.12,5.08,65.0,0.0,0.0,0.0,23.0,5.5,0.0,1.0,15.0,0.0,0.0,0.5,0.0,0.0,3.0,15.0,0.5,0.0,2.0,0.0,2.0,0.667,0.667,0.0,0.0,0.0,0.0,0.0,0.0,0.0,4.0,,,,,,,,,,,,,,,4.0,0.0,0.0,0.0,0.5,2.0,0.5,4.0,2.0,0.5,0.5,0.5,1.0,0.375,3.0,2.0,1.0,0.333,0.125,0.0,0.0,0.333,0.25,1.0,0.5,,0.0,0.0,0.0,1.0,0.0,0.0,1.0,0.0,0.0,0.0,0.125,0.125,0.333,0.0,2.0,0.333,0.0,1.0,3.0,1.0,0.0,0.0,0.0,0.0,0.0,0.375,0.0,0.0,0.0,0.0,0.0,0.0,2.0,0.0,0.0,0.0,1.0,0.0,0.0,2.0,0.0,0.0,0.0,0.5,0.0,1.0,4.0,0.0,0.0,1.0,0.0,0.0,1.0,0.021,0.603,0.347,98.0,0.624,157.0,0.0,1.0,0.0,0.0,0.0,1.0,0.0,0.0,0.0,1.0,0.0,0.5,1.0,0.0,2.0,0.0,0.0,1.0,0.0,0.0,0.0,0.0,0.0,0.0,1.0,4.0,0.0,0.0,1.0,0.0,1.0,0.0,0.0,2020,21900864,,3.0,6.0,0.5,0.428,0.072,,,,,,,,,,,,,,,,,,,,,,,,,,,,,,,20200226.0,2019-20,False,CHA,3.0,1.0,2.0,1.0,0.0,0.0,0.0,0.0,1.0,1.0,0.0,1.0,0.0,1.0,1.0,0.0,0.0,0.0,1.0,0.0,0.0,,,,,,1.1,1.0,4.12,4.76,2.0,3.95,Elfrid,1.0,0.0,1.0,0.0,18.9,0.0,0.0,19.0,1.0,88.0,88.0,88.0,70.0,99.0,80.0,121.0,108.0,96.0,108.0,97.0,100.0,97.0,100.0,101.0,124.0,5.0,3.0,40.0,59.0,120.0,164.0,93.0,120.0,81.0,99.0,18.0,2.0,91.0,96.64,47.0,107.3,123.0,3.0,100.0,1.8,11.0,52.0,94.0,166.0,127.0,69.0,99.0,142.0,123.0,117.0,8.0,168.0,73.0,109.1,67.0,80.0,94.0,82.0,7.0,82.0,80.0,69.0,136.0,136.0,150.0,47.0,6.0,,,,G,NYK,,,,,,,,,,,,,,,,,,,,,,,,,,,,,,,,,,,,,,,,,,,,,,,,,,,10759.0,95.0,,,,,,,,,,,,,,27.3,1610612766.0,CHA,NYK,NYK,CHA,,,,,,,,,,,,,,,,,,,
203901,Elfrid Payton,1610612752,NYK,26.0,30.73333333333333,6,10,0.6,1,2,0.5,6,9,0.667,0,4,4,8,2,5,0,1,0,5,19,-14,89.15,4.0,0.198,0.681,8.3,69,0.2,-22.6,92.8,106.98,33.3,0.138,0.471,0.061,0.65,0.0,90.5,109.02,113.2,114.7,8.3,-22.0,0.232,74.0,0.135,73.0,0.108,18.0,1.0,10.0,1.0,19.0,0.0,12.0,0.0,2.0,7.0,0.75,0.125,7.0,16.0,2.0,4.0,0.438,0.125,0.714,2.0,0.5,5.0,0.0,0.209,1.0,4.62,4.3,91.0,0.0,0.0,0.0,26.0,7.0,0.0,2.0,12.0,0.0,0.0,0.5,0.0,0.0,6.0,12.0,0.5,0.0,4.0,0.0,4.0,0.667,0.667,0.0,0.0,0.0,0.0,0.0,0.0,0.0,8.0,0.0,,0.0,2.0,0.2,0.2,2.0,2.0,0.0,1.0,1.0,2.0,1.0,,5.0,0.0,0.0,0.0,0.4,2.0,0.4,5.0,2.0,0.5,0.4,0.5,0.0,0.1,1.0,1.0,1.0,1.0,0.0,,0.0,1.0,0.1,1.0,1.0,,0.5,1.0,0.0,2.0,0.75,0.5,2.0,0.0,1.0,0.0,0.2,0.2,,0.0,0.0,,,0.0,0.0,0.0,3.0,0.5,0.0,0.0,0.0,0.65,0.0,0.0,0.0,1.0,0.0,0.5,4.0,1.0,0.5,0.0,0.0,0.0,0.0,2.0,0.0,0.0,0.0,0.667,0.0,2.0,6.0,0.0,0.0,0.0,0.0,0.0,0.0,0.012,0.605,0.345,95.0,0.617,154.0,0.0,0.0,0.0,0.0,0.0,0.0,1.0,0.0,1.0,2.0,0.0,0.714,0.0,0.0,5.0,0.0,0.0,0.0,0.0,0.0,0.0,0.5,0.0,0.0,0.0,7.0,0.0,0.75,2.0,0.5,2.0,1.0,1.0,2020,21900811,,6.0,15.0,0.4,0.456,-0.056,,,,,,,,,,,,,,,,,,,,,,,,,,,,,,,20200212.0,2019-20,False,WAS,3.0,2.0,1.0,7.0,0.0,0.0,0.0,0.0,0.0,0.0,0.0,0.0,1.0,0.0,1.0,0.0,0.0,1.0,0.0,0.0,0.0,,,,,,1.3,1.1,4.38,4.98,2.4,3.82,Elfrid,1.0,0.0,1.0,0.0,48.8,0.0,0.0,42.0,1.0,110.0,110.0,110.0,74.0,45.0,80.0,49.0,70.0,119.0,29.0,8.0,5.0,89.0,109.0,72.0,93.0,17.0,49.0,1.0,78.0,148.0,1.0,14.0,38.0,207.0,15.0,28.0,3.0,21.0,106.98,91.0,114.7,59.0,6.0,109.0,-22.0,24.0,89.0,176.0,120.0,36.0,162.0,45.0,53.0,59.0,103.0,10.0,119.0,188.0,92.8,157.0,80.0,176.0,186.0,9.0,186.0,178.0,162.0,61.0,140.0,12.0,11.0,19.0,,,1.0,G,NYK,,,,,,,,,,,,,,,,,,,,,,,,,,,,,,,,,,,,,,,,,,,,,,,,,,,12584.0,107.0,,,,,,,,,,,,,,30.7,1610612764.0,NYK,WAS,NYK,WAS,,,,,,,,,,,,,,,,,,,
203901,Elfrid Payton,1610612752,NYK,26.0,32.7,7,17,0.412,0,3,0.0,1,1,1.0,2,4,6,7,3,5,0,1,2,2,15,-2,90.52,2.33,0.233,0.43,11.1,74,0.248,-1.6,108.1,108.62,25.9,0.138,0.269,0.092,0.412,0.056,108.9,108.39,110.5,110.8,10.9,-2.7,0.111,68.0,0.118,77.0,0.103,15.0,1.0,8.0,0.0,17.0,0.0,7.0,0.0,0.0,7.0,0.438,0.063,8.0,16.0,1.0,0.0,0.5,0.0,0.429,0.0,0.0,3.0,0.0,0.163,4.0,4.35,3.91,92.0,4.0,0.0,1.5,32.0,6.7,0.5,2.0,8.9,3.0,1.0,0.857,0.25,0.0,5.0,7.0,0.857,12.5,3.0,0.0,3.0,0.8,0.8,0.5,0.0,0.0,1.0,1.0,1.0,2.0,7.0,,,,,,,,,,,,,,,9.0,0.0,0.0,0.0,0.556,5.0,0.556,9.0,5.0,0.529,0.556,0.529,2.0,0.353,6.0,4.0,2.0,0.333,0.118,0.0,0.0,0.333,0.235,2.0,0.5,0.0,0.0,0.0,1.0,1.0,0.0,0.0,2.0,0.059,0.0,0.0,0.118,0.059,0.25,0.0,2.0,0.25,,0.0,4.0,1.0,0.0,0.0,6.0,1.0,0.5,0.412,0.0,0.0,2.0,0.0,0.0,0.0,6.0,0.0,0.0,,2.0,0.0,0.0,3.0,0.0,,,0.667,0.0,3.0,9.0,0.0,0.0,1.0,0.0,0.0,0.5,0.064,0.603,0.281,44.0,0.667,66.0,0.0,2.0,0.0,0.0,,,0.0,0.0,1.0,3.0,0.0,0.667,1.0,0.0,6.0,0.0,0.0,0.5,0.0,0.0,0.0,0.0,0.0,,2.0,9.0,0.0,0.0,4.0,0.0,3.0,0.0,0.0,2020,21900569,,11.0,20.0,0.55,0.449,0.101,,,,,,,,,,,,,,,,,,,,,,,,,,,,,,,20200110.0,2019-20,False,NOP,11.0,5.0,6.0,4.0,0.0,0.0,0.0,1.0,2.0,3.0,0.333,0.667,0.0,2.0,2.0,2.0,1.0,0.0,1.0,1.0,0.5,,,,,,1.3,1.2,4.33,4.9,2.5,3.85,Elfrid,1.0,0.0,1.0,0.0,44.7,0.0,0.0,38.0,1.0,112.0,112.0,112.0,31.0,30.0,18.0,126.0,113.0,81.0,113.0,82.0,108.0,1.0,24.0,57.0,48.0,12.0,11.0,1.0,66.0,155.0,103.0,58.0,52.0,118.0,17.0,24.0,1.0,24.0,108.62,47.0,110.8,55.0,7.0,56.0,-2.7,54.0,56.0,113.0,143.0,54.0,129.0,30.0,150.0,55.0,92.0,17.0,140.0,112.0,108.1,130.0,18.0,113.0,117.0,39.0,117.0,106.0,129.0,147.0,90.0,82.0,30.0,15.0,,,,G,NYK,,,,,,,,,,,,,,,,,,,,,,,,,,,,,,,,,,,,,,,,,,,,,,,,,,,13245.0,106.0,,,,,,,,,,,,,,32.7,1610612740.0,NYK,NOP,NYK,NOP,,,,,,,,,,,,,,,,,,,
203901,Elfrid Payton,1610612752,NYK,26.0,31.65,6,10,0.6,0,1,0.0,3,8,0.375,1,4,5,6,2,0,0,0,5,4,15,-4,88.47,3.0,0.2,0.555,9.1,70,0.193,-8.2,102.9,106.16,27.3,0.111,0.273,0.068,0.6,0.026,98.1,109.83,106.3,108.6,9.3,-5.7,0.077,60.0,0.083,70.0,0.1,15.0,0.0,5.0,0.0,13.0,0.0,11.0,0.0,4.0,7.0,0.611,0.111,7.0,18.0,2.0,8.0,0.389,0.222,0.571,3.0,0.375,4.0,0.0,0.192,0.0,4.95,4.97,78.0,1.0,0.0,0.0,29.0,6.4,2.0,1.0,6.6,2.0,1.0,0.833,0.5,1.0,5.0,7.2,0.833,4.0,2.0,0.0,3.0,0.8,0.8,0.4,0.0,0.0,0.0,1.0,2.0,0.0,6.0,0.0,,0.0,1.0,0.1,0.1,1.0,1.0,0.0,1.0,1.0,1.0,1.0,,5.0,0.0,0.0,0.0,0.4,2.0,0.4,5.0,2.0,0.5,0.4,0.5,1.0,0.4,4.0,3.0,3.0,0.75,0.1,0.0,0.0,0.75,0.3,3.0,1.0,,,,,,,,,,,,,,0.0,0.0,0.0,0.0,0.0,1.0,1.0,0.0,0.0,0.0,0.0,0.0,1.0,0.6,0.0,0.0,2.0,1.0,0.0,0.0,5.0,0.0,0.5,0.0,0.0,0.0,0.0,1.0,0.0,0.0,0.0,0.714,0.0,2.0,7.0,0.0,0.0,0.0,0.0,0.0,0.0,0.04,0.6,0.256,32.0,0.64,50.0,1.0,1.0,,0.0,0.0,0.0,0.0,,0.0,1.0,1.0,0.625,0.0,0.0,5.0,0.0,0.0,0.0,0.0,0.0,0.0,0.0,,0.0,0.0,8.0,0.0,,0.0,,0.0,0.0,0.0,2020,21900521,,6.0,15.0,0.4,0.482,-0.082,,,,,,,,,,,,,,,,,,,,,,,,,,,,,,,20200103.0,2019-20,False,PHX,10.0,7.0,3.0,4.0,0.0,2.0,5.0,0.0,0.0,0.0,0.0,0.0,0.0,0.0,0.0,0.0,0.0,0.0,0.0,0.0,0.0,,,,,,1.3,1.2,4.48,4.7,2.5,4.27,Elfrid,1.0,0.0,1.0,0.0,28.0,0.0,0.0,26.0,1.0,60.0,60.0,60.0,39.0,33.0,42.0,23.0,59.0,76.0,59.0,26.0,8.0,68.0,28.0,36.0,38.0,12.0,20.0,54.0,40.0,1.0,115.0,20.0,34.0,70.0,37.0,18.0,3.0,39.0,106.16,54.0,108.6,28.0,6.0,47.0,-5.7,19.0,49.0,79.0,71.0,7.0,59.0,33.0,46.0,28.0,62.0,10.0,69.0,73.0,102.9,59.0,42.0,79.0,66.0,19.0,66.0,86.0,59.0,30.0,66.0,60.0,11.0,15.0,,,1.0,G,NYK,,,,,,,,,,,,,,,,,,,,,,,,,,,,,,,,,,,,,,,,,,,,,,,,,,,13239.0,104.0,,,,,,,,,,,,,,31.7,1610612756.0,PHX,NYK,NYK,PHX,,,,,,,,,,,,,,,,,,,
203901,Elfrid Payton,1610612752,NYK,26.0,11.283333333333331,2,5,0.4,0,0,0.0,0,0,0.0,0,2,2,2,4,0,0,1,2,1,4,-17,92.17,0.5,0.31,0.4,36.4,27,0.326,-72.2,59.3,110.61,18.2,0.154,0.5,0.074,0.4,0.0,60.1,109.75,132.2,132.0,36.4,-72.7,-0.027,21.0,0.095,24.0,0.095,4.0,0.0,2.0,0.0,4.0,0.111,4.0,1.0,0.0,4.0,0.444,0.0,3.0,9.0,0.0,0.0,0.333,0.0,0.5,0.0,0.0,2.0,0.0,0.129,0.0,4.69,4.55,31.0,0.0,0.0,0.0,10.0,2.4,0.0,0.0,14.2,0.0,0.0,1.0,0.0,0.0,2.0,14.2,1.0,0.0,2.0,0.0,2.0,1.0,1.0,0.0,0.0,0.0,0.0,0.0,0.0,0.0,2.0,0.0,,0.0,1.0,0.2,0.2,1.0,1.0,0.0,1.0,1.0,1.0,1.0,,3.0,0.0,0.0,0.0,0.0,0.0,0.0,3.0,0.0,0.6,0.0,0.6,0.0,0.2,1.0,1.0,1.0,1.0,0.0,,0.0,1.0,0.2,1.0,1.0,,,,,,,,,,,,,,,,0.0,,,,0.0,0.0,0.0,0.0,0.0,0.0,0.0,0.4,0.0,0.0,0.0,2.0,0.0,0.0,0.0,0.0,0.5,0.0,0.0,0.0,0.0,0.0,0.0,0.0,0.0,0.0,0.0,4.0,1.0,0.0,0.0,0.0,0.0,0.0,0.0,-0.001,0.617,0.277,8.0,0.615,13.0,0.0,0.0,,1.0,,,0.0,,2.0,0.0,0.0,0.333,0.0,0.0,1.0,0.0,0.5,0.0,0.0,0.0,0.0,0.0,,,0.0,3.0,0.0,,0.0,,,,0.0,2020,21900317,,3.0,6.0,0.5,0.487,0.013,,,,,,,,,,,,,,,,,,,,,,,,,,,,,,,20191205.0,2019-20,False,DEN,5.0,1.0,4.0,0.0,0.0,0.0,0.0,0.0,0.0,0.0,0.0,0.0,0.0,1.0,1.0,1.0,0.0,0.0,1.0,1.0,0.0,,,,,,0.5,0.4,4.54,5.13,0.9,3.99,Elfrid,1.0,0.0,1.0,0.0,5.4,0.0,0.0,8.0,1.0,41.0,41.0,41.0,70.0,55.0,55.0,46.0,49.0,67.0,49.0,48.0,48.0,48.0,38.0,39.0,51.0,31.0,9.0,45.0,30.0,56.0,28.0,42.0,65.0,76.0,76.0,10.0,2.0,70.0,110.61,8.0,132.0,12.0,2.0,38.0,-72.7,35.0,9.0,82.0,82.0,12.0,72.0,55.0,62.0,12.0,27.0,5.0,82.0,82.0,59.3,72.0,55.0,82.0,82.0,3.0,82.0,82.0,72.0,56.0,45.0,78.0,41.0,4.0,,,1.0,G,NYK,,,,,,,,,,,,,,,,,,,,,,,,,,,,,,,,,,,,,,,,,,,,,,,,,,,5009.0,100.0,,,,,,,,,,,,,,11.3,1610612743.0,NYK,DEN,NYK,DEN,,,,,,,,,,,,,,,,,,,
203901,Elfrid Payton,1610612752,NYK,26.0,30.58333333333333,7,11,0.636,0,1,0.0,2,3,0.667,2,3,5,6,2,1,0,0,1,2,16,7,78.47,3.0,0.189,0.649,10.0,61,0.203,17.4,113.1,94.17,30.0,0.094,0.316,0.079,0.636,0.065,113.7,98.16,96.3,105.1,9.8,8.0,0.17,58.0,0.121,62.0,0.103,12.0,0.0,7.0,1.0,14.0,0.063,12.0,1.0,1.0,6.0,0.75,0.188,8.0,16.0,3.0,2.0,0.5,0.063,0.833,2.0,1.0,5.0,0.0,0.219,0.0,4.41,4.07,73.0,1.0,0.0,0.0,26.0,5.4,0.0,3.0,10.4,1.0,1.0,0.625,0.0,1.0,7.0,7.4,0.5,15.0,3.0,2.0,4.0,0.5,0.429,0.2,1.0,1.0,0.5,0.667,0.0,1.0,10.0,0.0,,0.0,2.0,0.182,0.182,2.0,2.0,0.0,1.0,1.0,2.0,1.0,,6.0,0.0,0.0,0.0,0.667,4.0,0.667,6.0,4.0,0.545,0.667,0.545,0.0,0.091,1.0,1.0,1.0,1.0,0.0,,0.0,1.0,0.091,1.0,1.0,0.0,0.0,0.0,1.0,1.0,0.0,0.0,2.0,0.091,0.0,0.0,0.182,0.091,0.0,0.0,0.0,0.0,,0.0,1.0,0.0,0.0,0.0,0.0,0.0,0.0,0.636,0.0,0.0,0.0,1.0,0.0,0.0,6.0,0.0,0.5,0.0,1.0,0.0,0.0,1.0,0.0,0.0,0.0,0.857,0.0,2.0,7.0,0.0,0.0,0.0,0.0,0.0,0.0,0.036,0.6,0.349,112.0,0.636,176.0,1.0,2.0,,0.0,,,0.0,,0.0,0.0,0.5,0.857,0.0,0.0,6.0,0.0,0.0,0.0,0.0,1.0,0.0,0.0,,,1.0,7.0,0.0,0.0,1.0,0.0,1.0,0.0,0.0,2020,21900955,,5.0,11.0,0.455,0.452,0.002,,,,,,,,,,,,,,,,,,,,,,,,,,,,,,,20200308.0,2019-20,False,DET,6.0,4.0,2.0,2.0,0.0,1.0,3.0,2.0,0.0,2.0,1.0,0.0,0.0,1.0,1.0,1.0,0.0,0.0,1.0,1.0,0.0,,,,,,1.2,1.1,4.24,4.97,2.3,3.64,Elfrid,1.0,1.0,0.0,1.0,32.0,0.0,0.0,29.0,1.0,1.0,1.0,1.0,72.0,38.0,68.0,36.0,116.0,143.0,116.0,71.0,76.0,101.0,21.0,92.0,63.0,16.0,40.0,48.0,72.0,1.0,30.0,78.0,61.0,56.0,57.0,20.0,2.0,64.0,94.17,86.0,105.1,201.0,7.0,37.0,8.0,26.0,90.0,72.0,124.0,178.0,104.0,38.0,68.0,201.0,148.0,11.0,122.0,47.0,113.1,59.0,68.0,72.0,90.0,24.0,90.0,66.0,104.0,58.0,111.0,33.0,15.0,16.0,,,1.0,G,NYK,,,,,,,,,,,,,,,,,,,,,,,,,,,,,,,,,,,,,,,,,,,,,,,,,,,12097.0,92.0,,,,,,,,,,,,,,30.6,1610612765.0,NYK,DET,NYK,DET,,,,,,,,,,,,,,,,,,,
203901,Elfrid Payton,1610612752,NYK,26.0,28.216666666666665,8,13,0.615,0,2,0.0,4,5,0.8,4,3,7,9,1,0,0,1,0,3,20,-3,82.93,9.0,0.242,0.658,4.0,58,0.244,1.4,113.8,99.52,36.0,0.103,0.5,0.123,0.615,0.143,113.2,102.03,111.9,116.9,4.0,-3.2,0.239,57.0,0.175,62.0,0.158,11.0,0.0,10.0,1.0,22.0,0.0,15.0,0.0,2.0,8.0,0.75,0.15,9.0,20.0,3.0,4.0,0.45,0.1,0.75,3.0,0.75,6.0,0.0,0.274,1.0,4.7,4.64,73.0,4.0,0.0,0.0,25.0,5.7,0.5,4.0,8.8,2.0,1.0,0.778,0.333,3.0,5.0,9.3,0.778,8.3,2.0,0.0,5.0,0.6,0.6,0.286,0.0,0.0,0.25,1.0,1.0,1.0,9.0,0.0,,0.0,2.0,0.154,0.154,2.0,2.0,0.0,1.0,1.0,2.0,1.0,,8.0,0.0,0.0,0.0,0.75,6.0,0.75,8.0,6.0,0.615,0.75,0.615,0.0,0.077,1.0,1.0,0.0,0.0,0.0,,0.0,0.0,0.077,0.0,0.0,,0.0,0.0,0.0,2.0,0.0,0.0,2.0,0.0,0.0,0.0,0.154,0.154,0.0,0.0,0.0,0.0,,0.0,1.0,0.0,0.0,0.0,0.0,0.0,0.5,0.615,0.0,0.0,2.0,0.0,0.0,0.0,8.0,0.0,0.0,0.0,0.0,0.0,,1.0,1.0,0.0,1.0,0.8,0.0,1.0,10.0,,0.0,0.0,0.0,,0.0,0.029,0.602,0.346,106.0,0.631,168.0,0.0,0.0,,0.0,0.0,0.0,0.0,,1.0,1.0,0.0,0.8,0.0,0.0,8.0,0.0,0.0,0.0,0.0,1.0,0.0,0.0,,0.0,0.0,10.0,0.0,0.0,2.0,0.0,2.0,0.0,0.0,2020,21900921,,3.0,8.0,0.375,0.454,-0.079,,,,,,,,,,,,,,,,,,,,,,,,,,,,,,,20200304.0,2019-20,False,UTA,5.0,2.0,3.0,2.0,0.0,1.0,3.0,1.0,1.0,2.0,0.5,0.5,0.0,1.0,1.0,1.0,1.0,0.0,1.0,1.0,1.0,,,,,,1.2,1.0,4.35,5.05,2.2,3.73,Elfrid,1.0,0.0,1.0,0.0,40.9,0.0,0.0,36.0,1.0,98.0,98.0,98.0,71.0,22.0,40.0,32.0,103.0,105.0,103.0,14.0,18.0,52.0,7.0,72.0,24.0,2.0,66.0,91.0,65.0,122.0,1.0,33.0,31.0,106.0,18.0,15.0,2.0,30.0,99.52,46.0,116.9,106.0,8.0,9.0,-3.2,14.0,42.0,74.0,71.0,79.0,125.0,22.0,50.0,106.0,112.0,13.0,69.0,90.0,113.8,100.0,40.0,74.0,106.0,3.0,106.0,76.0,125.0,64.0,44.0,10.0,1.0,20.0,,,1.0,G,NYK,,,,,,,,,,,,,,,,,,,,,,,,,,,,,,,,,,,,,,,,,,,,,,,,,,,11504.0,95.0,,,,,,,,,,,,,,28.2,1610612762.0,NYK,UTA,NYK,UTA,,,,,,,,,,,,,,,,,,,
203901,Elfrid Payton,1610612752,NYK,26.0,24.116666666666667,4,10,0.4,2,3,0.667,0,0,0.0,2,2,4,2,2,0,0,0,1,0,10,-7,93.71,1.0,0.182,0.5,14.3,57,0.187,-18.0,91.2,112.45,14.3,0.087,0.143,0.077,0.5,0.069,91.0,110.78,108.9,105.4,14.3,-14.1,0.075,43.0,0.07,46.0,0.047,4.0,1.0,3.0,0.0,8.0,0.143,2.0,1.0,0.0,5.0,0.286,0.0,0.0,7.0,0.0,0.0,0.0,0.0,0.2,0.0,0.0,1.0,0.0,0.164,1.0,4.1,3.46,61.0,2.0,0.0,0.0,26.0,4.2,0.0,2.0,8.6,1.0,1.0,0.571,0.0,1.0,7.0,5.8,0.444,11.4,2.0,2.0,3.0,0.4,0.286,0.25,0.0,2.0,0.5,1.0,0.0,1.0,9.0,0.0,,0.0,1.0,0.1,0.1,0.0,1.0,0.0,0.0,0.0,0.0,0.0,,4.0,0.0,0.0,0.0,0.25,1.0,0.25,4.0,1.0,0.4,0.25,0.4,,,,,,,,,,,,,,0.5,0.6,2.0,2.0,3.0,0.8,0.667,5.0,0.2,3.0,1.0,0.5,0.3,0.333,0.0,2.0,0.333,0.0,1.0,3.0,1.0,6.0,1.0,0.0,0.0,0.0,0.5,0.0,0.0,0.0,2.0,1.0,0.5,0.0,1.0,0.5,1.0,2.0,0.0,0.0,2.0,1.0,1.0,1.0,0.0,0.0,4.0,1.0,0.0,0.0,0.0,1.0,0.0,0.0,-0.639,0.639,0.222,0.0,0.0,4.0,0.0,1.0,,2.0,0.0,0.0,1.0,,4.0,1.0,0.0,0.0,0.0,0.0,0.0,1.0,0.5,0.0,0.0,2.0,0.0,1.0,,0.0,1.0,1.0,0.5,1.5,2.0,1.0,2.0,2.0,2.0,2020,21900019,,2.0,11.0,0.182,0.477,-0.295,,,,,,,,,,,,,,,,,,,,,,,,,,,,,,,20191025.0,2019-20,False,BKN,6.0,5.0,1.0,0.0,0.0,0.0,0.0,1.0,1.0,2.0,0.5,0.5,0.0,0.0,0.0,0.0,0.0,0.0,0.0,0.0,0.0,,,,,,1.0,0.8,4.44,4.39,1.9,4.01,Elfrid,1.0,0.0,1.0,0.0,15.8,0.0,0.0,18.0,1.0,101.0,101.0,101.0,89.0,59.0,54.0,100.0,32.0,71.0,17.0,103.0,113.0,103.0,26.0,107.0,79.0,61.0,44.0,99.0,64.0,1.0,39.0,139.0,68.0,164.0,113.0,12.0,3.0,96.0,112.45,91.0,105.4,19.0,4.0,38.0,-14.1,80.0,89.0,142.0,124.0,23.0,136.0,59.0,101.0,19.0,128.0,10.0,122.0,170.0,91.2,141.0,54.0,142.0,158.0,67.0,158.0,144.0,136.0,76.0,101.0,104.0,52.0,10.0,,,1.0,G,NYK,,,,,,,,,,,,,,,,,,,,,,,,,,,,,,,,,,,,,,,,,,,,,,,,,,,9785.0,109.0,,,,,,,,,,,,,,24.1,1610612751.0,BKN,NYK,NYK,BKN,,,,,,,,,,,,,,,,,,,
203901,Elfrid Payton,1610612752,NYK,26.0,34.61666666666667,4,8,0.5,0,0,0.0,3,4,0.75,0,5,5,12,5,4,1,2,1,3,11,11,90.71,2.4,0.179,0.564,18.5,80,0.179,12.9,127.5,108.85,44.4,0.116,0.343,0.07,0.5,0.0,128.2,109.88,115.3,118.2,18.7,9.3,0.114,80.0,0.213,84.0,0.15,21.0,2.0,17.0,3.0,30.0,0.0,9.0,0.0,1.0,7.0,0.643,0.071,6.0,14.0,1.0,2.0,0.429,0.071,0.571,1.0,0.5,4.0,0.0,0.115,1.0,5.19,4.85,96.0,1.0,0.0,0.0,30.0,8.3,0.0,2.0,10.1,1.0,0.0,0.556,0.2,0.0,7.0,10.1,0.556,0.0,4.0,0.0,4.0,0.714,0.714,0.2,0.0,0.0,0.0,0.0,1.0,0.0,9.0,0.0,,0.0,1.0,0.125,0.125,0.0,1.0,0.0,0.0,0.0,0.0,0.0,,2.0,0.0,0.0,0.0,0.5,1.0,0.5,2.0,1.0,0.25,0.5,0.25,0.0,0.625,5.0,5.0,3.0,0.6,0.0,,0.0,0.6,0.625,3.0,0.6,,,,,,,,,,,,,,0.667,,4.0,0.667,,,3.0,2.0,0.0,0.0,0.0,0.0,0.0,0.5,0.0,0.0,0.0,3.0,0.0,0.0,0.0,0.0,0.6,0.0,2.0,0.0,,0.0,0.0,0.0,0.0,0.0,0.0,5.0,1.0,,0.0,1.0,0.0,,0.5,0.045,0.601,0.35,120.0,0.645,186.0,1.0,1.0,0.0,2.0,0.0,0.0,0.0,0.0,4.0,0.0,1.0,0.0,1.0,0.0,0.0,0.0,0.5,0.5,0.0,0.0,0.0,0.0,0.0,0.0,2.0,1.0,0.0,,0.0,,,,0.0,2020,21900969,,13.0,21.0,0.619,0.455,0.164,,,,,,,,,,,,,,,,,,,,,,,,,,,,,,,20200311.0,2019-20,False,ATL,11.0,5.0,6.0,5.0,0.0,0.0,0.0,1.0,1.0,2.0,0.5,0.5,0.0,0.0,0.0,0.0,0.0,0.0,0.0,0.0,0.0,,,,,,1.6,1.2,4.34,4.86,2.7,4.09,Elfrid,1.0,1.0,0.0,1.0,45.0,1.0,0.0,38.0,1.0,1.0,1.0,1.0,18.0,32.0,35.0,26.0,51.0,67.0,51.0,15.0,13.0,24.0,39.0,22.0,29.0,1.0,2.0,1.0,8.0,75.0,11.0,13.0,36.0,8.0,8.0,1.0,1.0,14.0,108.85,39.0,118.2,4.0,4.0,39.0,9.3,3.0,38.0,12.0,68.0,4.0,48.0,32.0,35.0,4.0,47.0,8.0,68.0,22.0,127.5,40.0,35.0,12.0,25.0,7.0,25.0,11.0,48.0,35.0,47.0,29.0,11.0,11.0,,,1.0,G,NYK,,,,,,,,,,,,,,,,,,,,,,,,,,,,,,,,,,,,,,,,,,,,,,,,,,,14419.0,117.0,,,,,,,,,,,,,,34.6,1610612737.0,ATL,NYK,NYK,ATL,,,,,,,,,,,,,,,,,,,
203901,Elfrid Payton,1610612752,NYK,27.0,22.166666666666668,3,7,0.429,1,1,1.0,0,0,0.0,1,1,2,3,5,1,0,1,3,0,7,-15,88.42,0.6,0.235,0.5,33.3,49,0.237,-23.2,102.0,106.11,20.0,0.038,0.176,0.044,0.5,0.053,102.8,108.53,126.0,132.7,33.3,-30.6,0.005,37.0,0.081,45.0,0.081,9.0,0.0,3.0,0.0,7.0,0.125,0.0,1.0,0.0,1.0,0.0,0.125,6.0,8.0,1.0,0.0,0.75,0.0,0.0,0.0,0.0,0.0,0.0,0.137,0.0,5.51,5.61,51.0,2.0,0.0,0.0,15.0,4.7,1.0,2.0,5.2,0.0,0.5,0.5,0.0,1.0,3.0,7.6,0.4,2.8,1.0,1.0,2.0,0.5,0.333,0.0,0.0,1.0,0.0,0.5,0.0,0.0,5.0,0.0,,0.0,2.0,0.286,0.286,1.0,2.0,0.0,0.5,0.5,1.0,0.5,,2.0,0.0,0.0,0.0,0.5,1.0,0.5,2.0,1.0,0.286,0.5,0.286,0.0,0.286,2.0,2.0,0.0,0.0,0.0,,0.0,0.0,0.286,0.0,0.0,,1.0,1.0,0.0,1.0,1.5,1.0,1.0,0.0,1.0,0.0,0.143,0.143,0.0,0.0,0.0,0.0,,0.0,3.0,0.0,3.0,1.0,0.0,0.0,1.0,0.5,0.0,0.0,2.0,0.0,0.0,1.0,2.0,1.0,0.0,0.0,2.0,0.0,0.0,1.0,0.0,0.0,0.0,0.667,0.0,1.0,3.0,0.0,0.0,0.0,0.0,0.0,0.0,-0.15,0.594,0.643,4.0,0.444,9.0,0.0,1.0,0.0,0.0,0.0,0.0,1.0,0.0,1.0,1.0,0.0,0.667,0.0,0.0,2.0,0.0,0.0,0.0,0.0,0.0,0.0,1.0,0.0,0.0,1.0,3.0,0.0,1.5,1.0,1.0,1.0,1.0,1.0,2021,22000011,,7.0,14.0,0.5,0.455,0.045,,,,,,,,,,,,,,,,,,,,,,,,,,,,,,,20201223.0,2020-21,False,IND,7.0,5.0,2.0,1.0,0.0,0.0,0.0,1.0,0.0,1.0,1.0,0.0,0.0,0.0,0.0,0.0,0.0,0.0,0.0,0.0,0.0,,,,,,0.9,0.8,4.55,4.49,1.8,4.11,Elfrid,1.0,0.0,1.0,0.0,11.9,0.0,0.0,15.0,1.0,127.0,127.0,127.0,141.0,126.0,132.0,138.0,70.0,163.0,1.0,131.0,143.0,131.0,56.0,186.0,166.0,63.0,10.0,50.0,89.0,163.0,157.0,183.0,142.0,231.0,179.0,20.0,3.0,156.0,106.11,68.0,132.7,102.0,3.0,66.0,-30.6,86.0,63.0,153.0,238.0,71.0,236.0,126.0,148.0,102.0,219.0,7.0,238.0,221.0,102.0,228.0,132.0,153.0,230.0,87.0,230.0,153.0,236.0,122.0,191.0,215.0,115.0,7.0,,,1.0,G,NYK,,,,,,,,,,,,,,,,,,,,,,,,,,,,,,,,,,,,,,,,,,,,,,,,,,,9266.0,105.0,,,,,,,,,,,,,,22.2,1610612754.0,IND,NYK,NYK,IND,,,,,,,,,,,,,,,,,,,
203901,Elfrid Payton,1610612752,NYK,27.0,18.23333333333333,0,6,0.0,0,3,0.0,0,0,0.0,0,3,3,1,0,0,0,0,1,0,0,-15,78.98,0.0,0.14,0.0,0.0,36,0.146,-38.5,86.1,94.77,14.3,0.176,0.083,0.079,0.0,0.0,91.0,91.61,129.5,127.8,0.0,-41.7,-0.046,29.0,0.103,32.0,0.034,5.0,2.0,3.0,0.0,4.0,0.0,0.0,0.0,0.0,0.0,0.0,0.0,3.0,3.0,0.0,0.0,1.0,0.0,0.0,0.0,0.0,0.0,0.0,0.0,0.0,4.83,4.92,36.0,1.0,0.0,0.0,10.0,2.9,0.0,1.0,6.2,1.0,0.0,1.0,0.333,0.0,3.0,6.2,0.75,0.0,2.0,1.0,2.0,1.0,1.0,0.333,1.0,0.0,0.0,0.0,1.0,0.0,4.0,0.0,,0.0,1.0,0.167,0.167,0.0,1.0,0.0,0.0,0.0,0.0,0.0,,2.0,0.0,0.0,0.0,0.0,0.0,0.0,2.0,0.0,0.333,0.0,0.333,1.0,0.167,1.0,0.0,0.0,0.0,0.167,0.0,0.0,0.0,0.0,0.0,,,0.0,0.0,0.0,2.0,0.0,0.0,2.0,0.0,0.0,0.0,0.333,0.333,0.0,0.0,0.0,0.0,,0.0,1.0,0.0,0.0,0.0,0.0,0.0,0.0,0.0,0.0,0.0,0.0,0.0,0.0,0.0,0.0,0.0,0.0,0.0,1.0,0.0,,1.0,2.0,0.0,1.0,0.0,0.0,0.0,2.0,,1.0,0.0,0.0,,0.0,-0.11,0.61,0.545,6.0,0.5,12.0,0.0,0.0,,0.0,,,0.0,,1.0,1.0,0.0,0.0,0.0,,0.0,0.0,0.0,0.0,,2.0,,0.0,,,0.0,2.0,0.0,0.0,3.0,0.0,3.0,0.0,0.0,2021,22000025,,5.0,8.0,0.625,0.511,0.114,,,,,,,,,,,,,,,,,,,,,,,,,,,,,,,20201226.0,2020-21,False,PHI,2.0,0.0,2.0,0.0,0.0,0.0,0.0,0.0,0.0,0.0,0.0,0.0,0.0,1.0,1.0,1.0,1.0,0.0,1.0,1.0,1.0,,,,,,0.7,0.7,4.44,4.59,1.4,4.32,Elfrid,1.0,0.0,1.0,0.0,5.1,0.0,0.0,4.0,1.0,105.0,105.0,105.0,143.0,180.0,121.0,180.0,117.0,89.0,117.0,120.0,129.0,120.0,127.0,80.0,106.0,108.0,134.0,107.0,69.0,1.0,37.0,154.0,182.0,194.0,182.0,26.0,4.0,184.0,94.77,148.0,127.8,201.0,0.0,127.0,-41.7,87.0,150.0,180.0,1.0,203.0,196.0,180.0,182.0,201.0,63.0,6.0,1.0,201.0,86.1,201.0,121.0,180.0,200.0,109.0,200.0,171.0,196.0,180.0,99.0,195.0,110.0,0.0,,,1.0,G,NYK,,,,,,,,,,,,,,,,,,,,,,,,,,,,,,,,,,,,,,,,,,,,,,,,,,,7437.0,94.0,,,,,,,,,,,,,,18.2,1610612755.0,NYK,PHI,NYK,PHI,,,,,,,,,,,,,,,,,,,
203901,Elfrid Payton,1610612752,NYK,27.0,33.7,8,17,0.471,0,1,0.0,3,4,0.75,3,5,8,5,3,0,0,2,0,7,19,6,80.12,1.67,0.263,0.506,11.5,68,0.283,9.2,114.7,96.14,19.2,0.125,0.217,0.111,0.471,0.094,113.3,98.28,104.1,107.5,11.2,7.2,0.134,47.0,0.106,55.0,0.106,11.0,0.0,5.0,0.0,12.0,0.04,19.0,1.0,1.0,14.0,0.76,0.08,9.0,25.0,2.0,2.0,0.36,0.04,0.571,1.0,0.5,8.0,0.0,0.268,0.0,5.87,5.7,71.0,4.0,0.0,0.0,27.0,6.9,0.0,4.0,7.9,3.0,0.75,0.8,0.0,0.0,7.0,10.9,0.727,2.9,5.0,1.0,5.0,0.833,0.714,0.375,0.0,1.0,1.0,0.75,0.0,3.0,11.0,0.0,,0.0,4.0,0.235,0.235,3.0,4.0,0.0,0.75,0.75,3.0,0.75,,12.0,0.0,0.0,0.0,0.417,5.0,0.417,12.0,5.0,0.706,0.417,0.706,1.0,0.059,1.0,0.0,0.0,0.0,0.059,0.0,0.0,0.0,0.0,0.0,,,,,,,,,,,,,,,0.0,0.0,0.0,0.0,,0.0,1.0,0.0,0.0,0.0,0.0,0.0,0.0,0.471,0.0,0.0,0.0,2.0,0.0,0.0,6.0,0.0,0.333,0.0,0.0,0.0,0.0,1.0,0.0,0.0,0.0,0.6,0.0,6.0,10.0,0.0,0.0,0.0,0.0,0.0,0.0,-0.167,0.602,0.365,10.0,0.435,23.0,1.0,3.0,0.0,0.0,0.0,0.0,0.0,0.0,1.0,1.0,0.333,0.583,0.0,0.0,7.0,0.0,0.0,0.0,0.0,0.0,0.0,0.0,0.0,0.0,0.0,12.0,0.0,0.0,1.0,0.0,1.0,0.0,0.0,2021,22000080,,,,,,,,,,,,,,,,,,,,,,,,,,,,,,,,,,,,,20210102.0,2020-21,False,IND,8.0,3.0,5.0,5.0,0.0,0.0,0.0,2.0,0.0,2.0,1.0,0.0,0.0,0.0,0.0,0.0,0.0,0.0,0.0,0.0,0.0,,,,,,1.3,1.1,4.17,4.23,2.5,3.76,Elfrid,1.0,1.0,0.0,1.0,33.1,0.0,0.0,32.0,1.0,1.0,1.0,1.0,31.0,9.0,10.0,43.0,67.0,80.0,67.0,27.0,24.0,40.0,12.0,30.0,20.0,15.0,10.0,63.0,44.0,101.0,1.0,3.0,18.0,21.0,31.0,14.0,2.0,29.0,96.14,11.0,107.5,86.0,8.0,18.0,7.2,38.0,16.0,27.0,75.0,83.0,60.0,9.0,60.0,86.0,51.0,17.0,75.0,28.0,114.7,47.0,10.0,27.0,37.0,28.0,37.0,27.0,60.0,60.0,34.0,33.0,24.0,19.0,,,1.0,G,NYK,,,,,,,,,,,,,,,,,,,,,,,,,,,,,,,,,,,,,,,,,,,,,,,,,,,12941.0,94.0,,,,,,,,,,,,,,33.7,1610612754.0,IND,NYK,NYK,IND,,,,,,,,,,,,,,,,,,,
203901,Elfrid Payton,1610612752,NYK,27.0,28.506666666666668,6,18,0.333,0,0,0.0,2,2,1.0,2,1,3,5,2,0,2,2,3,2,14,-11,84.19,2.5,0.292,0.371,7.7,60,0.293,-19.8,106.7,101.03,19.2,0.038,0.25,0.052,0.333,0.063,104.6,102.24,124.4,125.0,7.7,-18.3,0.037,45.0,0.111,59.0,0.111,9.0,0.0,5.0,0.0,10.0,0.118,8.0,2.0,0.0,8.0,0.471,0.118,6.0,17.0,2.0,0.0,0.353,0.0,0.5,0.0,0.0,4.0,1.0,0.203,1.0,5.06,5.03,69.0,4.0,0.0,0.0,26.0,5.8,0.0,5.0,3.6,2.0,0.4,0.5,0.0,0.0,2.0,6.2,0.429,2.3,2.0,1.0,2.0,1.0,0.5,0.667,0.0,1.0,1.0,0.4,0.0,2.0,7.0,0.0,,0.0,2.0,0.111,0.111,1.0,2.0,0.0,0.5,0.5,1.0,0.5,,14.0,0.0,0.0,0.0,0.286,4.0,0.286,14.0,4.0,0.778,0.286,0.778,0.0,0.056,1.0,1.0,1.0,1.0,0.0,,0.0,1.0,0.056,1.0,1.0,0.0,0.0,0.0,1.0,0.0,0.0,,1.0,0.056,0.0,0.0,0.056,0.0,0.5,,2.0,0.5,,,2.0,1.0,0.0,0.0,0.0,0.0,0.0,0.333,0.0,0.0,0.0,2.0,0.0,0.0,3.0,0.0,0.5,0.0,3.0,0.0,0.0,0.0,0.0,0.0,0.0,0.273,0.0,4.0,11.0,0.0,0.0,1.0,0.0,0.0,0.333,-0.154,0.598,0.355,12.0,0.444,27.0,2.0,4.0,,1.0,0.0,0.0,0.0,,3.0,0.0,0.5,0.273,0.0,0.0,3.0,0.0,0.333,0.0,0.0,0.0,0.0,0.0,,0.0,0.0,11.0,0.0,,0.0,,,,0.0,2021,22000095,,5.0,13.0,0.385,0.449,-0.065,,,,,,,,,,,,,,,,,,,,,,,,,,,,,,,20210104.0,2020-21,False,ATL,7.0,3.0,4.0,1.0,0.0,0.0,0.0,0.0,0.0,0.0,0.0,0.0,0.0,1.0,1.0,1.0,0.0,0.0,1.0,1.0,0.0,,,,,,1.3,1.0,4.41,5.0,2.2,4.19,Elfrid,1.0,1.0,0.0,1.0,29.1,0.0,0.0,26.0,1.0,1.0,1.0,1.0,66.0,36.0,12.0,130.0,114.0,158.0,114.0,48.0,60.0,1.0,17.0,140.0,90.0,26.0,35.0,86.0,7.0,190.0,144.0,62.0,51.0,163.0,51.0,17.0,2.0,60.0,101.03,24.0,125.0,117.0,6.0,46.0,-18.3,81.0,22.0,112.0,105.0,100.0,157.0,36.0,151.0,117.0,163.0,18.0,103.0,148.0,106.7,160.0,12.0,112.0,149.0,40.0,149.0,121.0,157.0,145.0,131.0,142.0,29.0,14.0,,,1.0,G,NYK,,,,,,,,,,,,,,,,,,,,,,,,,,,,,,,,,,,,,,,,,,,,,,,,,,,11858.0,99.0,,,,,,,,,,,,,,28.5,1610612737.0,ATL,NYK,NYK,ATL,,,,,,,,,,,,,,,,,,,
203901,Elfrid Payton,1610612752,NYK,27.0,42.25833333333333,10,15,0.667,0,2,0.0,2,2,1.0,0,2,2,8,1,1,0,1,3,1,22,25,80.93,8.0,0.172,0.693,4.0,86,0.173,31.4,119.8,97.12,32.0,0.039,0.25,0.022,0.667,0.0,119.1,99.64,87.7,91.8,4.0,28.0,0.147,65.0,0.138,77.0,0.123,13.0,1.0,9.0,0.0,18.0,0.105,16.0,2.0,1.0,10.0,0.842,0.105,6.0,19.0,2.0,2.0,0.316,0.053,0.7,2.0,1.0,7.0,0.0,0.256,0.0,5.57,5.36,86.0,1.0,0.0,0.0,29.0,8.0,2.0,2.0,11.0,0.0,0.0,0.25,0.0,0.0,6.0,11.0,0.25,0.0,2.0,0.0,2.0,0.333,0.333,0.0,0.0,0.0,0.0,0.0,0.0,0.0,8.0,0.0,,0.0,2.0,0.133,0.133,1.0,2.0,0.0,0.5,0.5,1.0,0.5,,9.0,0.0,0.0,0.0,0.778,7.0,0.778,9.0,7.0,0.6,0.778,0.6,1.0,0.2,3.0,2.0,2.0,0.667,0.067,0.0,0.0,0.667,0.133,2.0,1.0,,0.0,0.0,0.0,1.0,0.0,0.0,1.0,0.0,0.0,0.0,0.067,0.067,1.0,0.0,6.0,1.0,,0.0,3.0,3.0,0.0,0.0,0.0,0.0,1.0,0.667,0.0,0.0,2.0,5.0,0.0,0.0,3.0,0.0,0.714,0.0,2.0,0.0,0.0,1.0,1.0,0.0,1.0,0.75,0.0,7.0,4.0,0.0,0.0,2.0,0.0,0.0,1.0,-0.122,0.608,0.35,17.0,0.486,35.0,4.0,4.0,0.0,1.0,,,0.0,0.0,1.0,1.0,1.0,0.571,1.0,0.0,4.0,0.0,1.0,1.0,0.0,1.0,0.0,0.0,0.0,,1.0,7.0,0.0,0.0,2.0,0.0,2.0,0.0,0.0,2021,22000112,,10.0,24.0,0.417,0.48,-0.064,,,,,,,,,,,,,,,,,,,,,,,,,,,,,,,20210106.0,2020-21,False,UTA,8.0,2.0,6.0,1.0,0.0,1.0,2.0,1.0,1.0,2.0,0.5,0.5,0.0,0.0,0.0,0.0,0.0,0.0,0.0,0.0,0.0,,,,,,1.7,1.4,4.15,4.38,3.1,3.9,Elfrid,1.0,1.0,0.0,1.0,38.4,0.0,0.0,34.0,1.0,1.0,1.0,1.0,1.0,11.0,27.0,33.0,118.0,118.0,118.0,53.0,65.0,1.0,106.0,121.0,139.0,8.0,69.0,40.0,64.0,151.0,148.0,109.0,23.0,1.0,40.0,22.0,2.0,42.0,97.12,116.0,91.8,170.0,10.0,106.0,28.0,36.0,116.0,73.0,97.0,138.0,27.0,11.0,67.0,170.0,183.0,15.0,96.0,13.0,119.8,19.0,27.0,73.0,19.0,37.0,19.0,76.0,27.0,61.0,188.0,49.0,2.0,22.0,,,1.0,G,NYK,,,,,,,,,,,,,,,,,,,,,,,,,,,,,,,,,,,,,,,,,,,,,,,,,,,16410.0,98.0,,,,,,,,,,,,,,42.3,1610612762.0,NYK,UTA,NYK,UTA,,,,,,,,,,,,,,,,,,,
203901,Elfrid Payton,1610612752,NYK,27.0,30.683333333333334,7,14,0.5,1,3,0.333,0,2,0.0,4,2,6,4,3,2,0,1,4,3,15,-24,75.61,1.33,0.257,0.504,13.6,57,0.259,-37.4,93.0,90.73,18.2,0.091,0.286,0.103,0.536,0.111,89.9,93.42,127.3,130.5,13.7,-37.5,0.076,65.0,0.077,76.0,0.062,12.0,0.0,5.0,1.0,10.0,0.071,6.0,1.0,0.0,6.0,0.429,0.071,7.0,14.0,1.0,0.0,0.5,0.0,0.5,0.0,0.0,3.0,0.0,0.17,0.0,3.87,3.19,88.0,4.0,0.0,0.0,50.0,5.7,0.5,4.0,3.6,4.0,1.0,0.857,0.5,0.0,3.0,6.6,0.857,1.6,1.0,0.0,1.0,0.667,0.667,0.667,0.0,0.0,0.75,1.0,1.0,3.0,7.0,0.0,,0.0,2.0,0.143,0.143,1.0,2.0,0.0,0.5,0.5,1.0,0.5,,7.0,0.0,0.0,0.0,0.571,4.0,0.571,7.0,4.0,0.5,0.571,0.5,1.0,0.214,3.0,2.0,1.0,0.333,0.071,0.0,0.0,0.333,0.143,1.0,0.5,,0.5,1.0,0.0,2.0,0.75,0.5,2.0,0.0,1.0,0.0,0.143,0.143,0.0,0.0,0.0,0.0,,0.0,1.0,0.0,3.0,0.333,0.0,0.0,0.5,0.536,0.0,0.0,2.0,0.0,0.0,0.333,6.0,1.0,0.0,0.0,0.0,0.0,0.0,3.0,0.0,0.0,0.0,0.75,0.0,3.0,8.0,0.0,0.0,0.0,0.0,0.0,0.0,-0.092,0.603,0.348,24.0,0.511,47.0,0.0,2.0,,0.0,0.0,0.0,1.0,,1.0,3.0,0.0,0.75,0.0,0.0,6.0,0.0,0.0,0.0,0.0,0.0,0.0,0.333,,0.0,0.0,8.0,0.0,0.5,3.0,0.333,3.0,1.0,1.0,2021,22000149,,8.0,11.0,0.727,0.441,0.286,,,,,,,,,,,,,,,,,,,,,,,,,,,,,,,20210111.0,2020-21,False,CHA,3.0,1.0,2.0,4.0,0.0,0.0,0.0,0.0,0.0,0.0,0.0,0.0,0.0,0.0,0.0,0.0,0.0,0.0,0.0,0.0,0.0,,,,,,1.1,1.0,3.88,3.94,2.1,3.81,Elfrid,1.0,0.0,1.0,0.0,31.2,0.0,0.0,30.0,1.0,79.0,79.0,79.0,40.0,20.0,23.0,44.0,48.0,60.0,46.0,76.0,41.0,76.0,6.0,83.0,29.0,20.0,10.0,8.0,55.0,90.0,130.0,23.0,33.0,139.0,33.0,12.0,2.0,34.0,90.73,28.0,130.5,132.0,7.0,17.0,-37.5,62.0,26.0,116.0,107.0,126.0,123.0,20.0,80.0,132.0,96.0,14.0,106.0,128.0,93.0,125.0,23.0,116.0,127.0,20.0,127.0,119.0,123.0,63.0,50.0,88.0,42.0,15.0,,,1.0,G,NYK,,,,,,,,,,,,,,,,,,,,,,,,,,,,,,,,,,,,,,,,,,,,,,,,,,,11261.0,90.0,,,,,,,,,,,,,,30.7,1610612766.0,CHA,NYK,NYK,CHA,,,,,,,,,,,,,,,,,,,
203901,Elfrid Payton,1610612752,NYK,27.0,21.03333333333333,3,8,0.375,0,2,0.0,2,4,0.5,2,2,4,0,4,1,0,1,3,3,8,-15,93.19,0.0,0.233,0.41,28.6,49,0.24,-33.4,71.4,111.82,0.0,0.087,0.0,0.07,0.375,0.059,70.9,111.0,104.3,102.0,29.1,-30.6,-0.037,42.0,0.0,50.0,0.0,6.0,0.0,0.0,0.0,0.0,0.1,2.0,1.0,0.0,3.0,0.2,0.0,6.0,10.0,0.0,0.0,0.6,0.0,0.333,0.0,0.0,1.0,0.0,0.133,0.0,4.47,3.88,60.0,2.0,0.0,0.0,23.0,4.5,0.0,3.0,6.7,2.0,0.667,0.5,0.0,0.0,5.0,7.0,0.5,6.4,2.0,0.0,2.0,0.4,0.4,0.5,0.0,0.0,1.0,0.667,0.0,2.0,8.0,0.0,,0.0,1.0,0.125,0.125,0.0,1.0,0.0,0.0,0.0,0.0,0.0,,2.0,0.0,0.0,0.0,0.5,1.0,0.5,2.0,1.0,0.25,0.5,0.25,0.0,0.25,2.0,2.0,1.0,0.5,0.0,,0.0,0.5,0.25,1.0,0.5,1.0,0.333,0.0,1.0,2.0,0.333,0.0,3.0,0.125,1.0,1.0,0.375,0.25,0.0,0.0,0.0,0.0,,0.0,1.0,0.0,0.0,0.0,0.0,0.0,0.0,0.375,0.0,0.0,0.0,0.0,0.0,0.0,3.0,0.0,0.0,0.0,0.0,0.0,0.0,0.0,2.0,0.0,2.0,0.6,0.0,1.0,5.0,0.0,0.0,0.0,0.0,0.0,0.0,-0.012,0.605,0.329,89.0,0.593,150.0,0.0,1.0,0.0,0.0,0.0,0.0,0.0,0.0,0.0,0.0,0.0,0.6,0.0,0.0,3.0,0.0,0.0,0.0,0.0,2.0,0.0,0.0,0.0,0.0,0.0,5.0,0.0,0.0,2.0,0.0,2.0,0.0,0.0,2021,22000679,,4.0,9.0,0.444,0.447,-0.003,,,,,,,,,,,,,,,,,,,,,,,,,,,,,,,20210325.0,2020-21,False,WAS,2.0,0.0,2.0,1.0,0.0,0.0,0.0,1.0,0.0,1.0,1.0,0.0,0.0,0.0,0.0,0.0,0.0,0.0,0.0,0.0,0.0,,,,,,1.0,0.7,4.52,4.96,1.7,3.99,Elfrid,1.0,1.0,0.0,1.0,11.8,0.0,0.0,14.0,1.0,1.0,1.0,1.0,65.0,44.0,43.0,59.0,56.0,50.0,56.0,26.0,18.0,39.0,10.0,58.0,42.0,70.0,6.0,20.0,31.0,65.0,63.0,21.0,50.0,90.0,70.0,10.0,1.0,63.0,111.82,27.0,102.0,4.0,3.0,19.0,-30.6,70.0,27.0,95.0,90.0,4.0,36.0,44.0,66.0,4.0,62.0,8.0,90.0,87.0,71.4,43.0,43.0,95.0,87.0,70.0,87.0,96.0,36.0,66.0,54.0,88.0,46.0,8.0,,,1.0,G,NYK,,,,,,,,,,,,,,,,,,,,,,,,,,,,,,,,,,,,,,,,,,,,,,,,,,,8884.0,103.0,,,,,,,,,,,,,,21.0,1610612764.0,NYK,WAS,NYK,WAS,,,,,,,,,,,,,,,,,,,
203901,Elfrid Payton,1610612752,NYK,27.0,32.18333333333333,4,10,0.4,0,1,0.0,4,5,0.8,0,3,3,5,2,1,0,0,4,7,12,-6,75.19,2.5,0.206,0.492,10.5,60,0.213,-11.1,103.3,90.23,26.3,0.1,0.238,0.051,0.4,0.0,100.5,91.49,111.5,111.5,10.4,-8.1,0.07,55.0,0.109,65.0,0.091,7.0,1.0,6.0,0.0,12.0,0.071,10.0,1.0,2.0,8.0,0.714,0.071,3.0,14.0,1.0,4.0,0.214,0.143,0.375,4.0,1.0,3.0,0.0,0.164,0.0,5.14,4.77,73.0,0.0,0.0,0.0,30.0,6.3,0.0,0.0,6.4,1.0,0.0,1.0,0.333,0.0,3.0,6.4,1.0,0.0,2.0,0.0,2.0,1.0,1.0,0.333,0.0,0.0,0.0,0.0,1.0,0.0,3.0,0.0,,0.0,2.0,0.2,0.2,1.0,2.0,0.0,0.5,0.5,1.0,0.5,,6.0,0.0,0.0,0.0,0.5,3.0,0.5,6.0,3.0,0.6,0.5,0.6,0.0,0.1,1.0,1.0,0.0,0.0,0.0,,0.0,0.0,0.1,0.0,0.0,,0.0,0.0,0.0,1.0,0.0,0.0,1.0,0.0,0.0,0.0,0.1,0.1,,0.0,0.0,,,0.0,0.0,0.0,0.0,0.0,0.0,0.0,0.0,0.4,0.0,0.0,0.0,3.0,0.0,0.0,1.0,0.0,0.375,0.0,0.0,0.0,0.0,0.0,1.0,0.0,1.0,1.0,0.0,8.0,1.0,0.0,0.0,0.0,0.0,0.0,0.0,-0.1,0.611,0.347,22.0,0.512,43.0,1.0,6.0,,0.0,,,0.0,,0.0,0.0,0.167,1.0,0.0,0.0,3.0,0.0,0.0,0.0,0.0,1.0,0.0,0.0,,,0.0,3.0,0.0,0.0,1.0,0.0,1.0,0.0,0.0,2021,22000144,,8.0,14.0,0.571,0.464,0.108,,,,,,,,,,,,,,,,,,,,,,,,,,,,,,,20210110.0,2020-21,False,DEN,3.0,2.0,1.0,2.0,0.0,0.0,0.0,0.0,0.0,0.0,0.0,0.0,0.0,0.0,0.0,0.0,0.0,0.0,0.0,0.0,0.0,,,,,,1.2,1.1,4.08,4.17,2.3,3.97,Elfrid,1.0,0.0,1.0,0.0,24.1,0.0,0.0,22.0,1.0,79.0,79.0,79.0,35.0,49.0,41.0,76.0,86.0,100.0,86.0,13.0,16.0,49.0,72.0,56.0,76.0,14.0,21.0,30.0,48.0,1.0,134.0,3.0,44.0,120.0,51.0,8.0,1.0,50.0,90.23,58.0,111.5,141.0,4.0,72.0,-8.1,24.0,60.0,92.0,88.0,132.0,84.0,49.0,88.0,141.0,91.0,10.0,87.0,110.0,103.3,87.0,41.0,92.0,102.0,35.0,102.0,95.0,84.0,100.0,111.0,91.0,19.0,12.0,,,1.0,G,NYK,,,,,,,,,,,,,,,,,,,,,,,,,,,,,,,,,,,,,,,,,,,,,,,,,,,12034.0,92.0,,,,,,,,,,,,,,32.2,1610612743.0,NYK,DEN,NYK,DEN,,,,,,,,,,,,,,,,,,,
203901,Elfrid Payton,1610612752,NYK,27.0,23.24333333333333,3,8,0.375,0,0,0.0,0,0,0.0,1,6,7,6,2,0,0,3,3,0,6,-6,86.91,3.0,0.185,0.375,12.5,50,0.195,-4.0,110.0,104.29,37.5,0.214,0.333,0.14,0.375,0.045,113.6,103.5,117.7,119.6,12.5,-9.6,0.075,39.0,0.154,37.0,0.154,8.0,0.0,6.0,0.0,15.0,0.0,4.0,0.0,0.0,5.0,0.5,0.0,2.0,8.0,0.0,0.0,0.25,0.0,0.4,0.0,0.0,2.0,0.0,0.118,0.0,4.61,4.08,51.0,1.0,0.0,0.0,15.0,3.9,0.0,2.0,7.2,1.0,0.5,0.875,0.0,0.0,8.0,8.2,0.7,1.7,6.0,2.0,6.0,1.0,0.75,0.143,0.0,2.0,1.0,0.5,0.0,1.0,10.0,0.0,,0.0,2.0,0.25,0.25,1.0,2.0,0.0,0.5,0.5,1.0,0.5,,5.0,0.0,0.0,0.0,0.4,2.0,0.4,5.0,2.0,0.625,0.4,0.625,,,,,,,,,,,,,,0.0,0.0,0.0,1.0,0.0,0.0,,1.0,0.125,0.0,0.0,0.125,0.0,0.0,,0.0,0.0,,,1.0,0.0,0.0,0.0,0.0,0.0,0.0,0.375,0.0,0.0,0.0,0.0,0.0,0.0,3.0,0.0,0.0,0.0,0.0,0.0,0.0,0.0,0.0,0.0,0.0,0.5,0.0,2.0,6.0,0.0,0.0,0.0,0.0,0.0,0.0,-0.002,0.607,0.325,107.0,0.605,177.0,0.0,1.0,0.0,0.0,,,0.0,0.0,1.0,0.0,0.0,0.5,0.0,0.0,3.0,0.0,0.0,0.0,0.0,0.0,0.0,0.0,0.0,,0.0,6.0,0.0,,0.0,,,,0.0,2021,22000854,,5.0,9.0,0.556,0.442,0.114,,,,,,,,,,,,,,,,,,,,,,,,,,,,,,,20210416.0,2020-21,False,DAL,5.0,2.0,3.0,2.0,0.0,0.0,0.0,0.0,0.0,0.0,0.0,0.0,0.0,1.0,1.0,1.0,0.0,0.0,1.0,1.0,0.0,,,,,,1.0,0.9,4.29,4.71,1.8,4.33,Elfrid,1.0,1.0,0.0,1.0,21.4,0.0,0.0,19.0,1.0,1.0,1.0,1.0,115.0,107.0,102.0,144.0,127.0,174.0,127.0,133.0,137.0,133.0,54.0,29.0,33.0,19.0,39.0,126.0,83.0,226.0,165.0,160.0,142.0,169.0,112.0,20.0,2.0,114.0,104.29,104.0,119.6,75.0,3.0,77.0,-9.6,27.0,107.0,118.0,159.0,88.0,160.0,107.0,184.0,75.0,46.0,8.0,155.0,135.0,110.0,158.0,102.0,118.0,156.0,27.0,156.0,95.0,160.0,166.0,44.0,132.0,13.0,6.0,,,1.0,G,NYK,,,,,,,,,,,,,,,,,,,,,,,,,,,,,,,,,,,,,,,,,,,,,,,,,,,9735.0,95.0,,,,,,,,,,,,,,23.3,1610612742.0,DAL,NYK,NYK,DAL,,,,,,,,,,,,,,,,,,,
203901,Elfrid Payton,1610612752,NYK,27.0,21.88,4,10,0.4,0,1,0.0,0,0,0.0,1,0,1,1,0,1,0,2,3,1,8,3,90.49,0.0,0.189,0.4,0.0,49,0.199,8.9,120.4,108.59,9.1,0.0,0.063,0.024,0.4,0.05,122.5,106.88,113.6,112.0,0.0,8.4,0.014,35.0,0.114,43.0,0.029,8.0,3.0,4.0,0.0,6.0,0.0,4.0,0.0,0.0,5.0,0.667,0.0,1.0,6.0,0.0,0.0,0.167,0.0,0.4,0.0,0.0,2.0,0.0,0.174,1.0,4.09,3.46,46.0,1.0,0.0,0.0,17.0,3.1,0.0,4.0,0.5,1.0,0.25,0.2,0.0,0.0,1.0,0.0,0.2,0.5,0.0,0.0,0.0,0.0,0.0,1.0,0.0,0.0,1.0,0.25,0.0,1.0,5.0,0.0,,0.0,2.0,0.2,0.2,1.0,2.0,0.0,0.5,0.5,1.0,0.5,,5.0,0.0,0.0,0.0,0.4,2.0,0.4,5.0,2.0,0.5,0.4,0.5,0.0,0.2,2.0,2.0,1.0,0.5,0.0,,0.0,0.5,0.2,1.0,0.5,,0.0,0.0,0.0,1.0,0.0,0.0,1.0,0.0,0.0,0.0,0.1,0.1,0.667,0.0,4.0,0.667,,0.0,3.0,2.0,0.0,0.0,0.0,0.0,0.0,0.4,0.0,0.0,0.0,2.0,0.0,0.0,1.0,0.0,0.5,0.0,2.0,0.0,0.0,0.0,1.0,0.0,1.0,0.333,0.0,4.0,3.0,0.0,0.0,1.0,0.0,0.0,0.5,-0.001,0.604,0.331,100.0,0.602,166.0,2.0,4.0,,0.0,0.0,0.0,0.0,,0.0,0.0,0.5,0.333,1.0,0.0,1.0,0.0,0.0,0.5,0.0,1.0,0.0,0.0,,0.0,2.0,3.0,0.0,0.0,1.0,0.0,1.0,0.0,0.0,2021,22000762,,6.0,10.0,0.6,0.501,0.099,,,,,,,,,,,,,,,,,,,,,,,,,,,,,,,20210405.0,2020-21,False,BKN,5.0,3.0,2.0,2.0,0.0,1.0,3.0,0.0,1.0,1.0,0.0,1.0,0.0,0.0,0.0,0.0,0.0,0.0,0.0,0.0,0.0,,,,,,0.9,0.8,4.38,4.8,1.7,3.99,Elfrid,1.0,0.0,1.0,0.0,13.7,0.0,0.0,12.0,1.0,71.0,71.0,71.0,85.0,59.0,44.0,87.0,72.0,97.0,72.0,88.0,92.0,88.0,36.0,126.0,115.0,83.0,87.0,21.0,46.0,125.0,98.0,70.0,84.0,51.0,103.0,11.0,3.0,102.0,108.59,65.0,112.0,23.0,4.0,45.0,8.4,95.0,68.0,37.0,1.0,33.0,70.0,59.0,106.0,23.0,126.0,10.0,1.0,48.0,120.4,78.0,44.0,37.0,51.0,97.0,51.0,33.0,70.0,98.0,124.0,120.0,68.0,8.0,,,1.0,G,NYK,,,,,,,,,,,,,,,,,,,,,,,,,,,,,,,,,,,,,,,,,,,,,,,,,,,9100.0,100.0,,,,,,,,,,,,,,21.9,1610612751.0,BKN,NYK,NYK,BKN,,,,,,,,,,,,,,,,,,,
203901,Elfrid Payton,1610612752,NYK,27.0,24.7,4,12,0.333,1,4,0.25,2,4,0.5,1,5,6,9,1,2,1,2,3,3,11,22,75.3,9.0,0.288,0.4,4.2,45,0.285,55.1,153.3,90.36,37.5,0.192,0.45,0.125,0.375,0.045,150.9,92.07,95.8,97.9,4.2,55.4,0.136,46.0,0.217,52.0,0.196,12.0,1.0,10.0,0.0,25.0,0.0,6.0,0.0,2.0,6.0,0.462,0.154,4.0,13.0,2.0,4.0,0.308,0.154,0.333,2.0,0.5,2.0,0.0,0.175,0.0,3.63,3.03,63.0,1.0,0.0,0.0,32.0,3.8,2.0,2.0,6.9,0.0,0.5,0.75,0.0,1.0,6.0,7.5,0.75,3.7,5.0,0.0,6.0,0.833,0.833,0.0,0.0,0.0,0.0,0.5,0.0,0.0,8.0,0.0,,0.0,1.0,0.083,0.083,0.0,1.0,0.0,0.0,0.0,0.0,0.0,,5.0,0.0,0.0,0.0,0.2,1.0,0.2,5.0,1.0,0.417,0.2,0.417,2.0,0.25,3.0,1.0,1.0,0.333,0.167,0.0,0.0,0.333,0.083,1.0,1.0,1.0,0.667,1.0,1.0,2.0,0.833,0.5,3.0,0.083,2.0,1.0,0.25,0.167,0.0,0.0,0.0,0.0,0.0,1.0,2.0,0.0,3.0,0.333,0.0,0.0,1.0,0.375,0.0,0.0,2.0,1.0,0.5,0.0,2.0,0.0,0.333,0.5,1.0,0.0,0.0,2.0,2.0,1.0,2.0,0.5,0.0,3.0,4.0,0.0,0.0,0.0,1.0,0.0,0.0,-0.002,0.603,0.332,98.0,0.601,163.0,1.0,4.0,0.0,0.0,0.0,0.0,0.0,0.0,0.0,2.0,0.25,0.5,0.0,0.0,2.0,1.0,0.0,0.0,0.0,2.0,0.0,0.0,0.0,0.0,0.0,4.0,0.5,0.5,3.0,0.333,3.0,1.0,1.0,2021,22000748,,2.0,7.0,0.286,0.422,-0.136,,,,,,,,,,,,,,,,,,,,,,,,,,,,,,,20210403.0,2020-21,False,DET,5.0,2.0,3.0,3.0,0.0,0.0,0.0,0.0,1.0,1.0,0.0,1.0,0.0,0.0,0.0,0.0,0.0,0.0,0.0,0.0,0.0,,,,,,0.9,0.8,3.97,4.46,1.7,3.54,Elfrid,1.0,1.0,0.0,1.0,39.7,0.0,0.0,33.0,1.0,1.0,1.0,1.0,71.0,64.0,34.0,114.0,56.0,48.0,75.0,46.0,24.0,80.0,40.0,30.0,33.0,4.0,48.0,11.0,16.0,160.0,123.0,30.0,73.0,16.0,16.0,15.0,1.0,30.0,90.36,20.0,97.9,159.0,4.0,58.0,55.4,17.0,15.0,2.0,69.0,158.0,52.0,64.0,136.0,159.0,48.0,12.0,69.0,19.0,153.3,49.0,34.0,2.0,20.0,6.0,20.0,7.0,52.0,124.0,41.0,53.0,2.0,11.0,,,1.0,G,NYK,,,,,,,,,,,,,,,,,,,,,,,,,,,,,,,,,,,,,,,,,,,,,,,,,,,9152.0,90.0,,,,,,,,,,,,,,24.7,1610612765.0,DET,NYK,NYK,DET,,,,,,,,,,,,,,,,,,,
203901,Elfrid Payton,1610612752,NYK,27.0,20.73333333333333,3,7,0.429,1,2,0.5,3,4,0.75,0,3,3,3,0,0,0,1,2,2,10,-6,74.28,0.0,0.209,0.571,0.0,38,0.203,-20.0,131.6,89.13,25.0,0.214,0.176,0.088,0.5,0.0,127.9,89.04,148.0,143.6,0.0,-12.0,0.08,31.0,0.097,36.0,0.097,3.0,0.0,3.0,0.0,7.0,0.0,6.0,0.0,1.0,4.0,0.857,0.143,2.0,7.0,1.0,2.0,0.286,0.143,0.5,2.0,1.0,2.0,0.0,0.25,0.0,5.08,5.08,40.0,0.0,0.0,0.0,12.0,3.4,0.0,2.0,12.5,0.0,0.0,0.6,0.0,0.0,3.0,12.5,0.6,0.0,3.0,0.0,3.0,1.0,1.0,0.0,0.0,0.0,0.0,0.0,0.0,0.0,5.0,0.0,,0.0,2.0,0.286,0.286,0.0,2.0,0.0,0.0,0.0,0.0,0.0,,3.0,0.0,0.0,0.0,0.667,2.0,0.667,3.0,2.0,0.429,0.667,0.429,,,,,,,,,,,,,,,0.5,1.0,0.0,2.0,0.75,0.5,2.0,0.0,1.0,0.0,0.286,0.286,,0.0,0.0,,,0.0,0.0,0.0,3.0,0.5,0.0,0.0,0.0,0.5,0.0,0.0,0.0,1.0,0.0,0.5,1.0,1.0,0.5,,0.0,0.0,0.0,2.0,0.0,,,0.333,0.0,2.0,3.0,0.0,0.0,0.0,0.0,0.0,0.0,-0.022,0.601,0.322,51.0,0.58,88.0,1.0,2.0,,0.0,,,1.0,,0.0,2.0,0.5,0.333,0.0,0.0,1.0,0.0,0.0,0.0,0.0,0.0,0.0,0.5,,,0.0,3.0,0.0,0.75,2.0,0.5,2.0,1.0,1.0,2021,22000308,,6.0,10.0,0.6,0.47,0.13,,,,,,,,,,,,,,,,,,,,,,,,,,,,,,,20210131.0,2020-21,False,LAC,1.0,0.0,1.0,0.0,0.0,0.0,0.0,0.0,0.0,0.0,0.0,0.0,0.0,0.0,0.0,0.0,0.0,0.0,0.0,0.0,0.0,,,,,,0.9,0.7,4.46,4.92,1.6,3.99,Elfrid,1.0,0.0,1.0,0.0,18.1,0.0,0.0,17.0,1.0,70.0,70.0,70.0,78.0,61.0,56.0,77.0,42.0,64.0,25.0,29.0,28.0,56.0,59.0,41.0,55.0,33.0,72.0,53.0,47.0,87.0,57.0,35.0,57.0,89.0,74.0,9.0,1.0,73.0,89.13,55.0,143.6,131.0,3.0,59.0,-12.0,29.0,50.0,25.0,1.0,130.0,120.0,61.0,66.0,131.0,21.0,7.0,1.0,102.0,131.6,122.0,56.0,25.0,89.0,40.0,89.0,38.0,120.0,65.0,56.0,69.0,56.0,10.0,,,1.0,G,NYK,,,,,,,,,,,,,,,,,,,,,,,,,,,,,,,,,,,,,,,,,,,,,,,,,,,8309.0,92.0,,,,,,,,,,,,,,20.7,1610612746.0,NYK,LAC,NYK,LAC,,,,,,,,,,,,,,,,,,,
203901,Elfrid Payton,1610612752,NYK,27.0,13.683333333333334,3,6,0.5,1,1,1.0,0,0,0.0,0,0,0,1,1,2,0,1,2,0,7,-2,89.16,1.0,0.212,0.583,12.5,30,0.209,-17.7,113.3,106.99,12.5,0.0,0.091,0.0,0.583,0.0,108.1,105.31,125.9,116.1,12.5,-2.8,0.065,24.0,0.042,26.0,0.042,2.0,0.0,1.0,0.0,3.0,0.167,4.0,1.0,0.0,5.0,0.667,0.0,0.0,6.0,0.0,0.0,0.0,0.0,0.4,0.0,0.0,2.0,0.0,0.219,0.0,4.78,4.09,32.0,0.0,0.0,0.0,9.0,2.5,0.0,,,,,,,,,,,,,,,,,,,,,,,,,,,,,,,,,,,,,,,3.0,0.0,0.0,0.0,0.333,1.0,0.333,3.0,1.0,0.5,0.333,0.5,0.0,0.167,1.0,1.0,1.0,1.0,0.0,,0.0,1.0,0.167,1.0,1.0,0.0,0.5,1.0,1.0,1.0,0.75,1.0,2.0,0.167,1.0,0.0,0.333,0.167,,0.0,0.0,,,0.0,0.0,0.0,3.0,1.0,0.0,0.0,0.0,0.583,0.0,0.0,0.0,2.0,1.0,0.0,0.0,0.0,0.5,1.0,0.0,0.0,0.0,0.0,1.0,1.0,1.0,0.0,0.0,4.0,1.0,0.0,0.0,0.0,1.0,0.0,0.0,-0.003,0.606,0.326,117.0,0.603,194.0,1.0,2.0,,1.0,,,0.0,,2.0,0.0,0.5,0.0,0.0,0.0,0.0,1.0,0.5,0.0,0.0,1.0,0.0,0.0,,,0.0,1.0,1.0,1.5,1.0,1.0,1.0,1.0,1.0,2021,22000971,,2.0,4.0,0.5,0.435,0.066,,,,,,,,,,,,,,,,,,,,,,,,,,,,,,,20210502.0,2020-21,False,HOU,0.0,0.0,0.0,3.0,0.0,0.0,0.0,0.0,0.0,0.0,0.0,0.0,0.0,0.0,0.0,0.0,0.0,0.0,0.0,0.0,0.0,,,,,,0.6,0.5,4.59,4.61,1.1,4.56,Elfrid,1.0,1.0,0.0,1.0,13.5,0.0,0.0,13.0,1.0,1.0,1.0,1.0,133.0,79.0,89.0,59.0,56.0,105.0,1.0,99.0,106.0,99.0,87.0,145.0,151.0,86.0,57.0,10.0,53.0,116.0,72.0,128.0,93.0,88.0,118.0,17.0,1.0,112.0,106.99,60.0,116.1,21.0,3.0,87.0,-2.8,90.0,57.0,85.0,109.0,45.0,95.0,79.0,85.0,21.0,145.0,6.0,108.0,127.0,113.3,134.0,89.0,85.0,87.0,87.0,87.0,103.0,95.0,77.0,151.0,103.0,51.0,7.0,,,,G,NYK,,,,,,,,,,,,,,,,,,,,,,,,,,,,,,,,,,,,,,,,,,,,,,,,,,,5594.0,99.0,,,,,,,,,,,,,,13.7,1610612745.0,HOU,NYK,NYK,HOU,,,,,,,,,,,,,,,,,,,
203901,Elfrid Payton,1610612752,NYK,27.0,27.648333333333333,6,13,0.462,1,1,1.0,4,5,0.8,1,4,5,3,3,2,0,3,3,4,17,2,78.12,1.0,0.29,0.559,14.3,54,0.295,0.0,114.8,93.75,14.3,0.167,0.176,0.104,0.5,0.042,107.4,98.58,107.4,111.1,14.2,3.7,0.117,52.0,0.096,56.0,0.058,5.0,1.0,5.0,1.0,9.0,0.154,10.0,2.0,1.0,9.0,0.769,0.0,1.0,13.0,0.0,2.0,0.077,0.077,0.444,1.0,0.5,4.0,0.0,0.239,0.0,4.66,4.14,71.0,4.0,0.0,0.0,28.0,5.5,0.0,4.0,4.5,3.0,0.25,0.5,0.5,0.0,6.0,4.6,0.5,3.9,2.0,0.0,2.0,0.667,0.667,0.6,0.0,0.0,1.0,0.25,2.0,1.0,10.0,0.0,,0.0,2.0,0.154,0.154,1.0,2.0,0.0,0.5,0.5,1.0,0.5,,9.0,0.0,0.0,0.0,0.444,4.0,0.444,9.0,4.0,0.692,0.444,0.692,0.0,0.077,1.0,1.0,0.0,0.0,0.0,,0.0,0.0,0.077,0.0,0.0,,1.0,1.0,0.0,1.0,1.5,1.0,1.0,0.0,1.0,0.0,0.077,0.077,0.0,0.0,0.0,0.0,,0.0,1.0,0.0,3.0,1.0,0.0,0.0,0.0,0.5,0.0,0.0,0.0,1.0,1.0,0.0,4.0,0.0,0.2,1.0,1.0,0.0,0.0,0.0,1.0,1.0,1.0,0.667,0.0,5.0,6.0,0.0,0.0,0.0,1.0,0.0,0.0,-0.005,0.603,0.333,95.0,0.597,159.0,1.0,4.0,,0.0,,,0.0,,0.0,0.0,0.25,0.571,0.0,0.0,4.0,1.0,0.0,0.0,0.0,1.0,0.0,0.0,,,1.0,7.0,1.0,1.5,1.0,1.0,1.0,1.0,1.0,2021,22000726,,3.0,10.0,0.3,0.427,-0.127,,,,,,,,,,,,,,,,,,,,,,,,,,,,,,,20210331.0,2020-21,False,MIN,4.0,1.0,3.0,3.0,0.0,0.0,0.0,0.0,2.0,2.0,0.0,1.0,0.0,0.0,0.0,0.0,0.0,0.0,0.0,0.0,0.0,,,,,,1.1,1.0,4.27,4.5,2.1,4.05,Elfrid,1.0,0.0,1.0,0.0,30.5,0.0,0.0,30.0,1.0,107.0,107.0,107.0,90.0,42.0,42.0,91.0,70.0,125.0,1.0,27.0,33.0,61.0,51.0,60.0,57.0,50.0,16.0,16.0,65.0,204.0,141.0,25.0,46.0,81.0,54.0,17.0,1.0,51.0,93.75,22.0,111.1,192.0,6.0,65.0,3.7,95.0,21.0,76.0,157.0,132.0,123.0,42.0,89.0,192.0,70.0,13.0,156.0,104.0,114.8,102.0,42.0,76.0,90.0,65.0,90.0,110.0,123.0,84.0,68.0,83.0,58.0,17.0,,,1.0,G,NYK,,,,,,,,,,,,,,,,,,,,,,,,,,,,,,,,,,,,,,,,,,,,,,,,,,,10933.0,95.0,,,,,,,,,,,,,,27.7,1610612750.0,MIN,NYK,NYK,MIN,,,,,,,,,,,,,,,,,,,
203901,Elfrid Payton,1610612752,NYK,27.0,19.316666666666663,2,4,0.5,0,2,0.0,1,2,0.5,1,1,2,1,0,0,1,0,0,1,5,-12,72.48,0.0,0.125,0.512,0.0,35,0.123,-34.5,85.7,86.97,16.7,0.067,0.091,0.056,0.5,0.048,81.9,90.35,116.4,120.0,0.0,-34.3,0.093,36.0,0.028,38.0,0.028,5.0,0.0,1.0,0.0,2.0,0.0,2.0,0.0,0.0,1.0,0.4,0.2,4.0,5.0,1.0,0.0,0.8,0.0,1.0,0.0,0.0,1.0,1.0,0.116,0.0,4.96,4.51,43.0,1.0,0.0,0.0,16.0,3.6,2.0,1.0,4.0,1.0,1.0,0.667,0.0,0.0,2.0,4.0,0.667,4.1,1.0,0.0,1.0,0.5,0.5,0.5,0.0,0.0,1.0,1.0,0.0,1.0,3.0,0.0,,0.0,1.0,0.25,0.25,1.0,1.0,0.0,1.0,1.0,1.0,1.0,,1.0,0.0,0.0,0.0,1.0,1.0,1.0,1.0,1.0,0.25,1.0,0.25,1.0,0.25,1.0,0.0,0.0,0.0,0.25,0.0,0.0,0.0,0.0,0.0,,,0.0,0.0,0.0,1.0,0.0,0.0,1.0,0.0,0.0,0.0,0.25,0.25,,0.0,0.0,,,0.0,0.0,0.0,0.0,0.0,0.0,0.0,1.0,0.5,0.0,0.0,2.0,0.0,0.0,0.0,2.0,0.0,0.0,0.0,0.0,0.0,0.0,2.0,0.0,0.0,0.0,1.0,0.0,0.0,2.0,0.0,0.0,0.0,0.0,0.0,0.0,-0.003,0.603,0.331,93.0,0.6,155.0,0.0,0.0,,0.0,,,0.0,,0.0,2.0,0.0,1.0,0.0,0.0,2.0,0.0,0.0,0.0,0.0,0.0,0.0,0.0,,,0.0,2.0,0.0,0.0,2.0,0.0,2.0,0.0,0.0,2021,22000710,,3.0,6.0,0.5,0.457,0.044,,,,,,,,,,,,,,,,,,,,,,,,,,,,,,,20210329.0,2020-21,False,MIA,4.0,2.0,2.0,0.0,0.0,0.0,0.0,0.0,0.0,0.0,0.0,0.0,0.0,0.0,0.0,0.0,0.0,0.0,0.0,0.0,0.0,,,,,,0.8,0.6,4.31,4.3,1.5,3.7,Elfrid,1.0,0.0,1.0,0.0,11.9,0.0,0.0,10.0,1.0,125.0,125.0,125.0,144.0,141.0,159.0,89.0,128.0,126.0,128.0,88.0,69.0,92.0,54.0,171.0,160.0,116.0,165.0,111.0,30.0,1.0,1.0,96.0,155.0,203.0,171.0,15.0,3.0,178.0,86.97,191.0,120.0,237.0,2.0,75.0,-34.3,96.0,186.0,202.0,1.0,234.0,181.0,141.0,136.0,237.0,186.0,4.0,1.0,208.0,85.7,164.0,159.0,202.0,211.0,132.0,211.0,210.0,181.0,122.0,167.0,124.0,136.0,5.0,,,1.0,G,NYK,,,,,,,,,,,,,,,,,,,,,,,,,,,,,,,,,,,,,,,,,,,,,,,,,,,7832.0,93.0,,,,,,,,,,,,,,19.3,1610612748.0,NYK,MIA,NYK,MIA,,,,,,,,,,,,,,,,,,,
203901,Elfrid Payton,1610612752,NYK,27.0,14.95,4,7,0.571,1,2,0.5,0,0,0.0,0,1,1,4,2,1,0,1,1,1,9,-3,74.92,2.0,0.273,0.643,15.4,28,0.281,-9.4,103.6,89.9,30.8,0.067,0.5,0.037,0.643,0.0,103.6,90.41,113.0,114.3,15.4,-10.7,0.144,43.0,0.116,48.0,0.093,9.0,0.0,5.0,1.0,10.0,0.111,4.0,1.0,0.0,4.0,0.444,0.0,3.0,9.0,0.0,0.0,0.333,0.0,0.5,0.0,0.0,2.0,0.0,0.167,0.0,2.91,1.94,54.0,0.0,0.0,0.0,33.0,2.6,0.0,2.0,6.4,0.0,0.0,0.2,0.0,0.0,3.0,6.4,0.2,0.0,1.0,0.0,1.0,0.333,0.333,0.0,0.0,0.0,0.0,0.0,0.0,0.0,5.0,,,,,,,,,,,,,,,4.0,0.0,0.0,0.0,0.5,2.0,0.5,4.0,2.0,0.571,0.5,0.571,0.0,0.143,1.0,1.0,1.0,1.0,0.0,,0.0,1.0,0.143,1.0,1.0,,0.5,1.0,0.0,2.0,0.75,0.5,2.0,0.0,1.0,0.0,0.286,0.286,0.5,0.0,2.0,0.5,,0.0,2.0,1.0,3.0,0.5,0.0,0.0,0.0,0.643,0.0,0.0,0.0,2.0,0.0,0.5,1.0,1.0,1.0,0.0,1.0,0.0,0.0,2.0,0.0,0.0,0.0,0.5,0.0,2.0,2.0,0.0,0.0,0.0,0.0,0.0,0.0,-0.009,0.604,0.331,91.0,0.595,153.0,1.0,1.0,,1.0,,,1.0,,1.0,2.0,1.0,0.5,0.0,0.0,1.0,0.0,1.0,0.0,0.0,0.0,0.0,0.5,,,1.0,2.0,0.0,0.75,2.0,0.5,2.0,1.0,1.0,2021,22000695,,5.0,6.0,0.833,0.445,0.389,,,,,,,,,,,,,,,,,,,,,,,,,,,,,,,20210327.0,2020-21,False,MIL,2.0,0.0,2.0,1.0,0.0,0.0,0.0,0.0,1.0,1.0,0.0,1.0,0.0,0.0,0.0,0.0,0.0,0.0,0.0,0.0,0.0,,,,,,0.6,0.5,4.16,4.22,1.1,4.08,Elfrid,1.0,1.0,0.0,1.0,17.2,0.0,0.0,17.0,1.0,1.0,1.0,1.0,146.0,71.0,93.0,49.0,54.0,91.0,29.0,109.0,115.0,109.0,93.0,129.0,144.0,26.0,31.0,37.0,56.0,136.0,51.0,84.0,89.0,117.0,103.0,14.0,2.0,103.0,89.9,34.0,114.3,189.0,4.0,93.0,-10.7,27.0,32.0,106.0,146.0,182.0,133.0,71.0,61.0,189.0,130.0,7.0,146.0,125.0,103.6,132.0,93.0,106.0,130.0,3.0,130.0,105.0,133.0,54.0,145.0,48.0,31.0,9.0,,,,G,NYK,,,,,,,,,,,,,,,,,,,,,,,,,,,,,,,,,,,,,,,,,,,,,,,,,,,5591.0,95.0,,,,,,,,,,,,,,15.0,1610612749.0,MIL,NYK,NYK,MIL,,,,,,,,,,,,,,,,,,,
203901,Elfrid Payton,1610612752,NYK,27.0,35.406666666666666,7,14,0.5,1,2,0.5,5,6,0.833,1,5,6,4,3,4,1,1,0,5,20,17,79.08,1.33,0.247,0.601,12.5,70,0.254,29.9,140.0,94.9,16.7,0.143,0.129,0.1,0.536,0.04,141.3,96.31,111.4,115.7,12.7,24.3,0.133,47.0,0.106,53.0,0.085,8.0,1.0,5.0,0.0,10.0,0.111,6.0,1.0,0.0,7.0,0.667,0.111,1.0,9.0,1.0,0.0,0.111,0.0,0.429,0.0,0.0,3.0,0.0,0.29,0.0,4.4,3.58,69.0,3.0,0.0,0.0,23.0,5.1,1.333,2.0,7.4,2.0,0.5,0.667,0.2,0.0,8.0,8.0,0.6,4.5,4.0,1.0,4.0,0.714,0.625,0.333,0.0,1.0,1.0,0.5,1.0,1.0,10.0,0.0,,0.0,3.0,0.214,0.214,2.0,3.0,0.0,0.667,0.667,2.0,0.667,,5.0,0.0,0.0,0.0,0.2,1.0,0.2,5.0,1.0,0.357,0.2,0.357,1.0,0.357,5.0,4.0,3.0,0.6,0.071,0.0,0.0,0.6,0.286,3.0,0.75,,1.0,1.0,0.0,1.0,1.5,1.0,1.0,0.0,1.0,0.0,0.071,0.071,0.0,0.0,0.0,0.0,,0.0,2.0,0.0,3.0,0.5,0.0,0.0,1.0,0.536,0.0,0.0,4.0,2.0,0.5,0.0,4.0,0.0,0.5,1.0,1.0,0.0,0.0,0.0,2.0,1.0,1.0,0.571,0.0,4.0,7.0,0.0,1.0,0.0,1.0,0.0,0.0,-0.027,0.604,0.319,79.0,0.577,137.0,1.0,3.0,0.0,0.0,,,0.0,0.0,0.0,0.0,0.333,0.625,0.0,0.0,5.0,1.0,0.0,0.0,0.0,2.0,0.0,0.0,0.0,,1.0,8.0,0.5,0.75,2.0,0.5,2.0,1.0,1.0,2021,22000565,,11.0,16.0,0.688,0.468,0.219,,,,,,,,,,,,,,,,,,,,,,,,,,,,,,,20210304.0,2020-21,False,DET,10.0,5.0,5.0,5.0,0.0,0.0,0.0,0.0,0.0,0.0,0.0,0.0,0.0,0.0,0.0,0.0,0.0,0.0,0.0,0.0,0.0,,,,,,1.3,1.2,3.99,4.34,2.5,3.67,Elfrid,1.0,1.0,0.0,1.0,45.2,0.0,0.0,41.0,1.0,1.0,1.0,1.0,30.0,23.0,26.0,66.0,57.0,103.0,28.0,16.0,19.0,56.0,47.0,31.0,41.0,28.0,15.0,1.0,13.0,113.0,1.0,13.0,25.0,11.0,16.0,24.0,2.0,16.0,94.9,34.0,115.7,127.0,7.0,61.0,24.3,75.0,32.0,7.0,113.0,124.0,98.0,23.0,76.0,127.0,64.0,14.0,111.0,14.0,140.0,85.0,26.0,7.0,19.0,78.0,19.0,7.0,98.0,87.0,59.0,45.0,59.0,20.0,,,1.0,G,NYK,,,,,,,,,,,,,,,,,,,,,,,,,,,,,,,,,,,,,,,,,,,,,,,,,,,13161.0,92.0,,,,,,,,,,,,,,35.4,1610612765.0,NYK,DET,NYK,DET,,,,,,,,,,,,,,,,,,,
203901,Elfrid Payton,1610612752,NYK,27.0,26.6,8,16,0.5,1,2,0.5,1,1,1.0,3,2,5,4,3,0,0,1,1,2,18,-9,79.7,1.33,0.297,0.547,13.0,53,0.309,-30.2,105.7,95.64,17.4,0.08,0.286,0.093,0.531,0.103,96.6,98.53,126.9,122.6,12.8,-17.0,0.127,37.0,0.135,48.0,0.108,5.0,0.0,5.0,1.0,9.0,0.1,4.0,1.0,0.0,6.0,0.4,0.0,3.0,10.0,0.0,0.0,0.3,0.0,0.333,0.0,0.0,2.0,1.0,0.316,0.0,5.0,4.81,57.0,2.0,0.0,0.0,21.0,4.8,2.0,5.0,6.7,3.0,0.6,0.714,0.0,0.0,2.0,7.2,0.714,6.5,2.0,0.0,2.0,1.0,1.0,0.6,0.0,0.0,1.0,0.6,0.0,3.0,7.0,0.0,,0.0,4.0,0.25,0.25,1.0,4.0,0.0,0.25,0.25,1.0,0.25,,8.0,0.0,0.0,0.0,0.5,4.0,0.5,8.0,4.0,0.5,0.5,0.5,1.0,0.188,3.0,2.0,2.0,0.667,0.063,0.0,0.0,0.667,0.125,2.0,1.0,,1.0,1.0,0.0,1.0,1.5,1.0,1.0,0.0,1.0,0.0,0.063,0.063,0.667,0.0,4.0,0.667,,0.0,3.0,2.0,3.0,0.5,0.0,0.0,1.0,0.531,0.0,0.0,4.0,1.0,0.5,0.0,4.0,0.0,0.2,0.5,3.0,0.0,0.0,0.0,2.0,1.0,2.0,0.667,0.0,5.0,6.0,0.0,0.0,2.0,1.0,0.0,0.667,0.022,0.607,0.321,68.0,0.63,108.0,0.0,5.0,,2.0,,,0.0,,2.0,0.0,0.0,0.714,0.0,0.0,5.0,1.0,1.0,0.0,0.0,2.0,0.0,0.0,,,0.0,7.0,0.5,0.75,2.0,0.5,2.0,1.0,1.0,2021,22000376,,8.0,13.0,0.615,0.472,0.144,,,,,,,,,,,,,,,,,,,,,,,,,,,,,,,20210209.0,2020-21,False,MIA,7.0,1.0,6.0,3.0,0.0,1.0,2.0,1.0,0.0,1.0,1.0,0.0,0.0,0.0,0.0,0.0,0.0,0.0,0.0,0.0,0.0,,,,,,1.1,0.9,4.25,4.59,2.0,3.89,Elfrid,1.0,0.0,1.0,0.0,27.0,0.0,0.0,28.0,1.0,72.0,72.0,72.0,66.0,12.0,16.0,41.0,50.0,75.0,19.0,58.0,70.0,1.0,9.0,85.0,46.0,21.0,7.0,54.0,49.0,97.0,29.0,41.0,27.0,116.0,48.0,12.0,1.0,37.0,95.64,14.0,122.6,97.0,8.0,23.0,-17.0,63.0,15.0,93.0,113.0,80.0,117.0,12.0,64.0,97.0,97.0,16.0,114.0,123.0,105.7,127.0,16.0,93.0,108.0,22.0,108.0,114.0,117.0,61.0,56.0,46.0,45.0,18.0,,,1.0,G,NYK,,,,,,,,,,,,,,,,,,,,,,,,,,,,,,,,,,,,,,,,,,,,,,,,,,,10730.0,93.0,,,,,,,,,,,,,,26.6,1610612748.0,MIA,NYK,NYK,MIA,,,,,,,,,,,,,,,,,,,
203901,Elfrid Payton,1610612752,NYK,27.0,30.666666666666668,3,12,0.25,0,2,0.0,1,2,0.5,0,2,2,5,2,2,0,0,1,3,7,-9,81.52,2.5,0.221,0.272,10.0,62,0.22,-7.9,101.6,97.83,25.0,0.063,0.25,0.031,0.25,0.0,100.8,100.8,108.6,114.3,10.1,-12.7,0.024,47.0,0.128,59.0,0.106,10.0,0.0,6.0,1.0,13.0,0.0,6.0,0.0,0.0,7.0,0.857,0.0,0.0,7.0,0.0,0.0,0.0,0.0,0.429,0.0,0.0,3.0,0.0,0.104,2.0,4.65,4.55,67.0,0.0,0.0,0.0,22.0,5.2,0.0,3.0,6.0,0.0,0.0,0.333,0.0,0.0,5.0,6.0,0.25,0.0,2.0,2.0,2.0,0.5,0.4,0.0,1.0,1.0,0.0,0.0,0.0,0.0,8.0,,,,,,,,,,,,,,,10.0,0.0,0.0,0.0,0.3,3.0,0.3,10.0,3.0,0.833,0.3,0.833,1.0,0.083,1.0,0.0,0.0,0.0,0.083,0.0,0.0,0.0,0.0,0.0,,,0.0,0.0,0.0,1.0,0.0,0.0,1.0,0.0,0.0,0.0,0.083,0.083,0.5,0.0,2.0,0.5,,0.0,2.0,1.0,0.0,0.0,0.0,0.0,0.0,0.25,0.0,0.0,0.0,2.0,0.0,0.0,1.0,0.0,0.667,0.0,1.0,0.0,0.0,1.0,1.0,0.0,1.0,0.167,0.0,3.0,6.0,0.0,0.0,0.0,0.0,0.0,0.0,0.022,0.606,0.325,66.0,0.629,105.0,2.0,3.0,0.0,0.0,0.0,0.0,0.0,0.0,0.0,1.0,0.667,0.167,0.0,0.0,1.0,0.0,0.0,0.0,0.0,2.0,0.0,0.0,0.0,0.0,0.0,6.0,0.0,0.0,2.0,0.0,2.0,0.0,0.0,2021,22000364,,3.0,7.0,0.429,0.473,-0.045,,,,,,,,,,,,,,,,,,,,,,,,,,,,,,,20210207.0,2020-21,False,MIA,3.0,1.0,2.0,1.0,0.0,0.0,0.0,0.0,0.0,0.0,0.0,0.0,0.0,0.0,0.0,0.0,0.0,0.0,0.0,0.0,0.0,,,,,,1.3,1.1,4.45,4.88,2.4,4.02,Elfrid,1.0,0.0,1.0,0.0,20.9,0.0,0.0,18.0,1.0,51.0,51.0,51.0,32.0,50.0,26.0,77.0,55.0,58.0,55.0,40.0,28.0,42.0,60.0,63.0,69.0,11.0,13.0,4.0,31.0,1.0,21.0,15.0,54.0,81.0,47.0,13.0,1.0,55.0,97.83,35.0,114.3,58.0,3.0,60.0,-12.7,21.0,31.0,64.0,69.0,46.0,72.0,50.0,83.0,58.0,84.0,12.0,65.0,66.0,101.6,59.0,26.0,64.0,73.0,16.0,73.0,65.0,72.0,79.0,90.0,85.0,12.0,7.0,,,,G,NYK,,,,,,,,,,,,,,,,,,,,,,,,,,,,,,,,,,,,,,,,,,,,,,,,,,,12599.0,94.0,,,,,,,,,,,,,,30.7,1610612748.0,NYK,MIA,NYK,MIA,,,,,,,,,,,,,,,,,,,
203901,Elfrid Payton,1610612752,NYK,27.0,23.166666666666668,3,9,0.333,0,1,0.0,3,3,1.0,1,3,4,3,2,1,1,1,2,2,9,15,79.42,1.5,0.214,0.436,13.3,46,0.225,32.9,106.5,95.31,20.0,0.094,0.214,0.071,0.333,0.042,106.9,95.1,74.0,73.9,13.1,32.6,0.11,36.0,0.083,41.0,0.083,7.0,0.0,3.0,0.0,6.0,0.0,5.0,0.0,0.0,4.0,0.714,0.286,3.0,7.0,2.0,0.0,0.429,0.0,0.5,0.0,0.0,2.0,1.0,0.188,0.0,4.83,4.73,48.0,0.0,0.0,0.0,19.0,3.9,0.0,4.0,11.7,1.0,0.333,0.667,0.0,0.0,3.0,9.4,0.571,18.6,3.0,1.0,3.0,1.0,1.0,0.25,1.0,0.0,1.0,0.25,0.0,1.0,7.0,0.0,,0.0,2.0,0.222,0.222,1.0,2.0,0.0,0.5,0.5,1.0,0.5,,4.0,0.0,0.0,0.0,0.25,1.0,0.25,4.0,1.0,0.444,0.25,0.444,0.0,0.222,2.0,2.0,1.0,0.5,0.0,,0.0,0.5,0.222,1.0,0.5,,0.0,0.0,0.0,1.0,0.0,0.0,1.0,0.0,0.0,0.0,0.111,0.111,0.5,0.0,2.0,0.5,,0.0,2.0,1.0,0.0,0.0,0.0,0.0,0.0,0.333,0.0,0.0,0.0,1.0,0.0,0.0,1.0,0.0,0.333,0.0,1.0,0.0,0.0,0.0,1.0,0.0,1.0,0.25,0.0,3.0,4.0,0.0,0.0,1.0,0.0,0.0,1.0,-0.087,0.604,0.341,30.0,0.517,58.0,1.0,2.0,,0.0,0.0,0.0,0.0,,0.0,0.0,0.5,0.2,1.0,0.0,1.0,0.0,0.0,1.0,0.0,1.0,0.0,0.0,,0.0,1.0,5.0,0.0,0.0,2.0,0.0,1.0,0.0,0.0,2021,22000196,,2.0,12.0,0.167,0.428,-0.261,,,,,,,,,,,,,,,,,,,,,,,,,,,,,,,20210117.0,2020-21,False,BOS,5.0,2.0,3.0,3.0,0.0,0.0,0.0,1.0,0.0,1.0,1.0,0.0,0.0,0.0,0.0,0.0,0.0,0.0,0.0,0.0,0.0,,,,,,1.0,0.8,4.17,4.54,1.7,4.26,Elfrid,1.0,1.0,0.0,1.0,22.3,0.0,0.0,20.0,1.0,1.0,1.0,1.0,55.0,42.0,35.0,69.0,53.0,67.0,53.0,20.0,27.0,1.0,23.0,40.0,41.0,24.0,14.0,23.0,10.0,79.0,42.0,31.0,47.0,13.0,41.0,12.0,2.0,43.0,95.31,37.0,73.9,96.0,3.0,36.0,32.6,38.0,41.0,51.0,74.0,92.0,14.0,42.0,70.0,96.0,69.0,9.0,74.0,17.0,106.5,14.0,35.0,51.0,18.0,25.0,18.0,52.0,14.0,75.0,57.0,46.0,25.0,9.0,,,1.0,G,NYK,,,,,,,,,,,,,,,,,,,,,,,,,,,,,,,,,,,,,,,,,,,,,,,,,,,9154.0,99.0,,,,,,,,,,,,,,23.2,1610612738.0,BOS,NYK,NYK,BOS,,,,,,,,,,,,,,,,,,,
203901,Elfrid Payton,1610612752,NYK,27.0,17.583333333333332,2,7,0.286,0,1,0.0,1,2,0.5,0,2,2,3,0,0,0,2,3,1,5,-23,81.9,0.0,0.205,0.317,0.0,36,0.205,-67.3,91.7,98.27,27.3,0.143,0.3,0.061,0.286,0.0,92.9,96.2,160.2,155.6,0.0,-63.9,0.012,32.0,0.094,37.0,0.094,7.0,0.0,3.0,0.0,8.0,0.0,3.0,0.0,1.0,4.0,0.429,0.143,2.0,7.0,1.0,2.0,0.286,0.143,0.25,1.0,0.5,1.0,0.0,0.119,1.0,5.0,4.55,42.0,1.0,0.0,0.0,13.0,3.5,0.0,0.0,5.0,1.0,0.0,1.0,0.5,0.0,2.0,5.0,1.0,0.0,1.0,0.0,1.0,1.0,1.0,0.5,0.0,0.0,0.0,0.0,1.0,0.0,2.0,0.0,,0.0,1.0,0.143,0.143,0.0,1.0,0.0,0.0,0.0,0.0,0.0,,4.0,0.0,0.0,0.0,0.5,2.0,0.5,4.0,2.0,0.571,0.5,0.571,,,,,,,,,,,,,,0.0,0.0,0.0,1.0,1.0,0.0,0.0,2.0,0.143,0.0,0.0,0.286,0.143,0.333,0.0,2.0,0.333,0.0,1.0,3.0,1.0,0.0,0.0,0.0,0.0,0.0,0.286,0.0,0.0,0.0,2.0,0.0,0.0,0.0,0.0,0.5,0.0,1.0,0.0,0.0,1.0,0.0,0.0,0.0,0.0,0.0,4.0,1.0,0.0,0.0,0.0,0.0,0.0,0.0,-0.008,0.61,0.331,124.0,0.602,206.0,1.0,3.0,,1.0,,,0.0,,1.0,1.0,0.333,0.0,0.0,0.0,0.0,0.0,1.0,0.0,0.0,0.0,0.0,0.0,,,1.0,1.0,0.0,,0.0,,0.0,0.0,0.0,2021,22001009,,5.0,6.0,0.833,0.59,0.243,,,,,,,,,,,,,,,,,,,,,,,,,,,,,,,20210507.0,2020-21,False,PHX,1.0,0.0,1.0,0.0,0.0,0.0,0.0,0.0,0.0,0.0,0.0,0.0,0.0,1.0,1.0,1.0,1.0,0.0,1.0,1.0,1.0,,,,,,0.7,0.6,4.2,4.31,1.3,4.06,Elfrid,1.0,0.0,1.0,0.0,11.9,0.0,0.0,10.0,1.0,105.0,105.0,105.0,140.0,121.0,106.0,156.0,114.0,132.0,114.0,85.0,61.0,83.0,104.0,117.0,133.0,52.0,122.0,94.0,64.0,187.0,136.0,99.0,134.0,203.0,141.0,14.0,2.0,151.0,98.27,88.0,155.6,163.0,2.0,104.0,-63.9,42.0,82.0,174.0,1.0,182.0,205.0,121.0,172.0,163.0,83.0,7.0,1.0,201.0,91.7,204.0,106.0,174.0,201.0,24.0,201.0,174.0,205.0,168.0,131.0,178.0,105.0,5.0,,,1.0,G,NYK,,,,,,,,,,,,,,,,,,,,,,,,,,,,,,,,,,,,,,,,,,,,,,,,,,,6933.0,102.0,,,,,,,,,,,,,,17.6,1610612756.0,PHX,NYK,NYK,PHX,,,,,,,,,,,,,,,,,,,
203901,Elfrid Payton,1610612752,NYK,27.0,15.566666666666666,1,5,0.2,0,1,0.0,0,0,0.0,1,1,2,3,0,0,0,0,1,1,2,-1,77.09,0.0,0.152,0.2,0.0,30,0.152,-2.4,90.0,92.51,37.5,0.067,0.333,0.059,0.2,0.053,90.4,92.63,92.7,93.3,0.0,-3.3,0.031,24.0,0.125,28.0,0.125,3.0,0.0,3.0,0.0,8.0,0.0,2.0,0.0,0.0,2.0,0.4,0.2,3.0,5.0,1.0,0.0,0.6,0.0,0.5,0.0,0.0,1.0,0.0,0.061,1.0,4.2,3.94,33.0,2.0,0.0,0.0,13.0,2.3,0.0,2.0,9.8,1.0,1.0,1.0,0.0,0.0,1.0,14.2,0.667,5.3,1.0,1.0,1.0,1.0,1.0,0.5,1.0,0.0,1.0,0.5,0.0,1.0,3.0,0.0,,0.0,1.0,0.2,0.2,0.0,1.0,0.0,0.0,0.0,0.0,0.0,,3.0,0.0,0.0,0.0,0.333,1.0,0.333,3.0,1.0,0.6,0.333,0.6,,,,,,,,,,,,,,,0.0,0.0,0.0,1.0,0.0,0.0,1.0,0.0,0.0,0.0,0.2,0.2,,0.0,0.0,,,0.0,0.0,0.0,0.0,0.0,0.0,0.0,0.0,0.2,0.0,0.0,0.0,0.0,0.0,0.0,1.0,0.0,0.0,0.0,0.0,0.0,0.0,1.0,0.0,0.0,0.0,0.5,0.0,2.0,2.0,0.0,0.0,0.0,0.0,0.0,0.0,-0.006,0.61,0.331,125.0,0.604,207.0,0.0,1.0,,0.0,0.0,0.0,0.0,,0.0,0.0,0.0,0.333,0.0,0.0,1.0,0.0,0.0,0.0,0.0,1.0,0.0,0.0,,0.0,0.0,3.0,0.0,0.0,1.0,0.0,1.0,0.0,0.0,2021,22001019,,4.0,4.0,1.0,0.477,0.524,,,,,,,,,,,,,,,,,,,,,,,,,,,,,,,20210509.0,2020-21,False,LAC,2.0,0.0,2.0,1.0,0.0,0.0,0.0,1.0,0.0,1.0,1.0,0.0,0.0,0.0,0.0,0.0,0.0,0.0,0.0,0.0,0.0,,,,,,0.6,0.6,4.39,4.49,1.2,4.3,Elfrid,1.0,1.0,0.0,1.0,8.9,0.0,0.0,7.0,1.0,1.0,1.0,1.0,131.0,120.0,104.0,137.0,91.0,105.0,91.0,85.0,91.0,85.0,36.0,117.0,103.0,42.0,111.0,77.0,50.0,1.0,32.0,72.0,136.0,80.0,134.0,9.0,1.0,138.0,92.51,114.0,93.3,158.0,1.0,37.0,-3.3,14.0,114.0,143.0,1.0,158.0,28.0,120.0,148.0,158.0,128.0,5.0,1.0,84.0,90.0,31.0,104.0,143.0,85.0,14.0,85.0,139.0,28.0,141.0,101.0,122.0,95.0,2.0,,,1.0,G,NYK,,,,,,,,,,,,,,,,,,,,,,,,,,,,,,,,,,,,,,,,,,,,,,,,,,,6432.0,97.0,,,,,,,,,,,,,,15.6,1610612746.0,LAC,NYK,NYK,LAC,,,,,,,,,,,,,,,,,,,
203901,Elfrid Payton,1610612752,NYK,27.0,27.27,9,12,0.75,0,0,0.0,2,4,0.5,1,2,3,2,2,1,0,1,2,4,20,27,82.14,1.0,0.231,0.727,11.8,57,0.246,47.7,126.3,98.57,11.8,0.087,0.105,0.065,0.75,0.043,124.1,102.97,76.3,81.8,11.3,44.5,0.179,42.0,0.095,48.0,0.048,6.0,0.0,4.0,2.0,5.0,0.111,11.0,1.0,0.0,7.0,1.222,0.0,1.0,9.0,0.0,0.0,0.111,0.0,0.714,0.0,0.0,5.0,2.0,0.339,0.0,4.42,4.2,59.0,1.0,0.0,0.0,23.0,4.3,2.0,3.0,10.1,0.0,0.333,0.6,0.0,1.0,2.0,7.3,0.6,15.6,2.0,0.0,3.0,1.0,1.0,0.0,0.0,0.0,0.0,0.333,0.0,0.0,5.0,0.0,,0.0,1.0,0.083,0.083,1.0,1.0,0.0,1.0,1.0,1.0,1.0,,10.0,0.0,0.0,0.0,0.7,7.0,0.7,10.0,7.0,0.833,0.7,0.833,,,,,,,,,,,,,,1.0,1.0,0.0,1.0,0.0,1.0,,1.0,0.083,1.0,1.0,0.083,0.0,1.0,,2.0,1.0,,,1.0,1.0,0.0,0.0,0.0,0.0,1.0,0.75,0.0,0.0,2.0,3.0,0.0,0.0,6.0,0.0,0.75,0.0,0.0,0.0,0.0,0.0,0.0,0.0,0.0,0.75,0.0,4.0,8.0,0.0,0.0,0.0,0.0,0.0,0.0,-0.008,0.605,0.329,104.0,0.598,174.0,3.0,4.0,,0.0,0.0,0.0,0.0,,0.0,0.0,0.75,0.75,0.0,0.0,6.0,0.0,0.0,0.0,0.0,0.0,0.0,0.0,,0.0,0.0,8.0,0.0,,0.0,,,,0.0,2021,22000815,,3.0,9.0,0.333,0.435,-0.102,,,,,,,,,,,,,,,,,,,,,,,,,,,,,,,20210412.0,2020-21,False,LAL,4.0,2.0,2.0,1.0,0.0,0.0,0.0,1.0,0.0,1.0,1.0,0.0,0.0,0.0,0.0,0.0,0.0,0.0,0.0,0.0,0.0,,,,,,1.1,1.0,4.25,4.43,2.1,4.06,Elfrid,1.0,1.0,0.0,1.0,27.6,0.0,0.0,27.0,1.0,1.0,1.0,1.0,58.0,16.0,35.0,16.0,86.0,138.0,86.0,39.0,29.0,71.0,35.0,85.0,77.0,51.0,34.0,30.0,56.0,140.0,91.0,19.0,21.0,1.0,44.0,13.0,2.0,38.0,98.57,45.0,81.8,148.0,9.0,56.0,44.5,102.0,51.0,23.0,107.0,86.0,24.0,16.0,47.0,148.0,114.0,12.0,108.0,7.0,126.3,18.0,35.0,23.0,11.0,86.0,11.0,30.0,24.0,31.0,106.0,24.0,51.0,20.0,,,1.0,G,NYK,,,,,,,,,,,,,,,,,,,,,,,,,,,,,,,,,,,,,,,,,,,,,,,,,,,11043.0,100.0,,,,,,,,,,,,,,27.3,1610612747.0,NYK,LAL,NYK,LAL,,,,,,,,,,,,,,,,,,,
203901,Elfrid Payton,1610612752,NYK,27.0,20.816666666666663,3,8,0.375,0,0,0.0,1,2,0.5,2,3,5,4,1,3,0,2,2,1,7,12,85.51,4.0,0.2,0.394,7.1,44,0.196,30.0,134.1,102.61,28.6,0.136,0.2,0.114,0.375,0.091,129.6,106.85,99.7,104.4,7.2,29.6,0.101,40.0,0.1,31.0,0.1,5.0,0.0,4.0,0.0,10.0,0.0,5.0,0.0,1.0,5.0,0.556,0.222,3.0,9.0,2.0,2.0,0.333,0.111,0.4,1.0,0.5,2.0,0.0,0.13,1.0,4.43,4.15,54.0,1.0,0.0,0.0,15.0,4.0,0.0,4.0,11.8,0.0,0.5,0.714,0.0,2.0,3.0,8.5,0.714,16.8,3.0,0.0,5.0,1.0,1.0,0.0,0.0,0.0,0.0,0.5,0.0,0.0,7.0,0.0,,0.0,1.0,0.125,0.125,1.0,1.0,0.0,1.0,1.0,1.0,1.0,,6.0,0.0,0.0,0.0,0.333,2.0,0.333,6.0,2.0,0.75,0.333,0.75,,,,,,,,,,,,,,0.0,0.0,0.0,1.0,0.0,0.0,,1.0,0.125,0.0,0.0,0.125,0.0,,,0.0,,,,0.0,0.0,0.0,0.0,0.0,0.0,0.0,0.375,0.0,0.0,0.0,1.0,0.0,0.0,2.0,0.0,0.5,0.0,0.0,0.0,0.0,0.0,0.0,0.0,0.0,0.333,0.0,2.0,6.0,0.0,0.0,0.0,0.0,0.0,0.0,-0.017,0.606,0.327,86.0,0.589,146.0,1.0,2.0,,0.0,,,0.0,,0.0,0.0,0.5,0.333,0.0,0.0,2.0,0.0,0.0,0.0,0.0,0.0,0.0,0.0,,,0.0,6.0,0.0,0.0,1.0,,,,0.0,2021,22000662,,3.0,7.0,0.429,0.436,-0.007,,,,,,,,,,,,,,,,,,,,,,,,,,,,,,,20210323.0,2020-21,False,WAS,3.0,2.0,1.0,6.0,0.0,0.0,0.0,0.0,1.0,1.0,0.0,1.0,0.0,0.0,0.0,0.0,0.0,0.0,0.0,0.0,0.0,,,,,,0.9,0.7,4.24,4.38,1.6,4.06,Elfrid,1.0,1.0,0.0,1.0,27.0,0.0,0.0,22.0,1.0,1.0,1.0,1.0,73.0,60.0,52.0,84.0,66.0,93.0,66.0,47.0,36.0,51.0,17.0,46.0,34.0,22.0,35.0,2.0,43.0,118.0,63.0,56.0,74.0,18.0,38.0,13.0,2.0,47.0,102.61,59.0,104.4,29.0,3.0,23.0,29.6,30.0,51.0,18.0,70.0,12.0,39.0,60.0,95.0,29.0,54.0,8.0,68.0,15.0,134.1,29.0,52.0,18.0,15.0,30.0,15.0,21.0,39.0,90.0,35.0,57.0,8.0,7.0,,,1.0,G,NYK,,,,,,,,,,,,,,,,,,,,,,,,,,,,,,,,,,,,,,,,,,,,,,,,,,,8455.0,100.0,,,,,,,,,,,,,,20.8,1610612764.0,NYK,WAS,NYK,WAS,,,,,,,,,,,,,,,,,,,
203901,Elfrid Payton,1610612752,NYK,27.0,14.733333333333333,2,6,0.333,0,1,0.0,0,0,0.0,1,1,2,2,4,0,0,1,0,2,4,-9,80.09,0.5,0.313,0.333,33.3,30,0.316,-37.8,93.3,96.11,16.7,0.071,0.25,0.074,0.333,0.077,91.4,96.56,129.2,127.6,33.3,-34.3,-0.008,27.0,0.111,34.0,0.074,6.0,1.0,3.0,0.0,6.0,0.182,4.0,2.0,0.0,5.0,0.364,0.091,3.0,11.0,1.0,0.0,0.273,0.0,0.4,0.0,0.0,2.0,0.0,0.103,2.0,4.61,4.08,39.0,2.0,0.0,0.0,18.0,3.0,0.0,1.0,11.9,0.0,1.0,1.0,0.0,1.0,1.0,7.4,1.0,16.5,1.0,0.0,2.0,1.0,1.0,0.0,0.0,0.0,0.0,1.0,0.0,0.0,2.0,0.0,,0.0,1.0,0.167,0.167,0.0,1.0,0.0,0.0,0.0,0.0,0.0,,4.0,0.0,0.0,0.0,0.5,2.0,0.5,4.0,2.0,0.667,0.5,0.667,,,,,,,,,,,,,,,0.0,0.0,0.0,1.0,0.0,0.0,1.0,0.0,0.0,0.0,0.167,0.167,,0.0,0.0,,,0.0,0.0,0.0,0.0,0.0,0.0,0.0,0.0,0.333,0.0,0.0,0.0,2.0,0.0,0.0,0.0,0.0,0.5,0.0,0.0,0.0,0.0,0.0,1.0,0.0,1.0,0.0,0.0,4.0,1.0,0.0,0.0,0.0,0.0,0.0,0.0,-0.007,0.606,0.322,112.0,0.599,187.0,2.0,4.0,,0.0,,,0.0,,0.0,0.0,0.5,0.0,0.0,0.0,0.0,0.0,0.0,0.0,0.0,1.0,0.0,0.0,,,0.0,1.0,0.0,0.0,1.0,0.0,1.0,0.0,0.0,2021,22000904,,4.0,8.0,0.5,0.454,0.046,,,,,,,,,,,,,,,,,,,,,,,,,,,,,,,20210424.0,2020-21,False,TOR,5.0,0.0,5.0,0.0,0.0,0.0,0.0,1.0,0.0,1.0,1.0,0.0,0.0,1.0,1.0,0.0,0.0,0.0,1.0,0.0,0.0,,,,,,0.7,0.5,4.67,4.86,1.2,4.43,Elfrid,1.0,1.0,0.0,1.0,5.4,0.0,0.0,8.0,1.0,1.0,1.0,1.0,124.0,88.0,85.0,105.0,85.0,110.0,85.0,91.0,97.0,91.0,32.0,114.0,96.0,52.0,8.0,75.0,48.0,115.0,1.0,53.0,113.0,126.0,139.0,16.0,1.0,127.0,96.11,15.0,127.6,138.0,2.0,23.0,-34.3,64.0,14.0,128.0,149.0,130.0,145.0,88.0,132.0,138.0,114.0,6.0,149.0,151.0,93.3,146.0,85.0,128.0,147.0,29.0,147.0,131.0,145.0,116.0,82.0,141.0,73.0,4.0,,,1.0,G,NYK,,,,,,,,,,,,,,,,,,,,,,,,,,,,,,,,,,,,,,,,,,,,,,,,,,,6445.0,96.0,,,,,,,,,,,,,,14.7,1610612761.0,NYK,TOR,NYK,TOR,,,,,,,,,,,,,,,,,,,
203901,Elfrid Payton,1610612752,NYK,27.0,37.25,5,11,0.455,1,4,0.25,4,6,0.667,0,2,2,5,3,1,0,0,3,3,15,15,82.15,1.67,0.2,0.55,13.6,76,0.196,26.2,134.2,98.58,22.7,0.047,0.172,0.026,0.5,0.0,134.6,100.48,108.5,113.0,13.9,21.2,0.053,36.0,0.111,44.0,0.139,4.0,0.0,4.0,0.0,12.0,0.0,6.0,0.0,1.0,3.0,0.857,0.143,2.0,7.0,1.0,2.0,0.286,0.143,0.667,2.0,1.0,2.0,0.0,0.306,0.0,3.54,3.29,49.0,1.0,0.0,0.0,22.0,2.9,0.0,1.0,20.8,0.0,0.0,1.0,0.0,0.0,1.0,20.8,1.0,0.0,1.0,0.0,1.0,2.0,2.0,0.0,0.0,0.0,0.0,0.0,0.0,0.0,2.0,,,,,,,,,,,,,,,3.0,0.0,0.0,0.0,0.667,2.0,0.667,3.0,2.0,0.5,0.667,0.5,,,,,,,,,,,,,,,0.333,1.0,0.0,3.0,0.5,0.333,3.0,0.0,1.0,0.0,0.5,0.5,,0.0,0.0,,,0.0,0.0,0.0,3.0,0.333,0.0,0.0,0.0,0.5,0.0,0.0,0.0,2.0,0.0,0.25,1.0,1.0,0.5,0.0,1.0,0.0,0.0,4.0,0.0,0.0,0.0,0.5,0.0,4.0,2.0,0.0,0.0,1.0,0.0,0.0,1.0,-0.067,0.604,0.324,36.0,0.537,67.0,1.0,2.0,,0.0,0.0,0.0,1.0,,1.0,2.0,0.5,0.667,1.0,0.0,2.0,0.0,0.0,1.0,0.0,2.0,0.0,0.5,,0.0,1.0,3.0,0.0,0.5,3.0,0.333,3.0,1.0,1.0,2021,22000228,,11.0,22.0,0.5,0.477,0.023,,,,,,,,,,,,,,,,,,,,,,,,,,,,,,,20210121.0,2020-21,False,GSW,3.0,0.0,3.0,2.0,0.0,0.0,0.0,0.0,0.0,0.0,0.0,0.0,0.0,0.0,0.0,0.0,0.0,0.0,0.0,0.0,0.0,,,,,,0.8,0.7,4.57,4.49,1.5,4.68,Elfrid,1.0,1.0,0.0,1.0,24.9,0.0,0.0,25.0,1.0,1.0,1.0,1.0,4.0,19.0,17.0,35.0,18.0,15.0,34.0,11.0,10.0,28.0,27.0,32.0,38.0,9.0,5.0,10.0,25.0,1.0,47.0,14.0,18.0,5.0,23.0,4.0,1.0,21.0,98.58,29.0,113.0,50.0,5.0,27.0,21.2,23.0,25.0,8.0,57.0,44.0,40.0,19.0,38.0,50.0,53.0,11.0,56.0,10.0,134.2,33.0,17.0,8.0,15.0,28.0,15.0,7.0,40.0,31.0,56.0,47.0,18.0,15.0,,,,G,NYK,,,,,,,,,,,,,,,,,,,,,,,,,,,,,,,,,,,,,,,,,,,,,,,,,,,7906.0,100.0,,,,,,,,,,,,,,37.3,1610612744.0,GSW,NYK,NYK,GSW,,,,,,,,,,,,,,,,,,,
203901,Elfrid Payton,1610612752,NYK,27.0,32.513333333333335,3,11,0.273,1,3,0.333,0,0,0.0,1,5,6,4,2,0,0,0,1,0,7,-13,77.51,2.0,0.176,0.318,11.8,63,0.178,-24.0,101.6,93.01,23.5,0.147,0.174,0.083,0.318,0.026,100.1,93.04,124.0,122.2,11.8,-20.6,0.04,50.0,0.08,53.0,0.08,11.0,0.0,4.0,0.0,11.0,0.083,0.0,1.0,0.0,3.0,0.0,0.167,7.0,12.0,2.0,0.0,0.583,0.0,0.0,0.0,0.0,0.0,0.0,0.108,1.0,5.09,5.02,65.0,0.0,0.0,0.0,21.0,5.5,0.0,3.0,10.5,3.0,0.5,0.857,0.4,0.0,6.0,10.0,0.75,13.3,3.0,1.0,3.0,0.833,0.833,0.5,1.0,0.0,1.0,0.333,2.0,1.0,8.0,,,,,,,,,,,,,,,2.0,0.0,0.0,0.0,0.0,0.0,0.0,2.0,0.0,0.182,0.0,0.182,0.0,0.455,5.0,5.0,1.0,0.2,0.0,,0.0,0.2,0.455,1.0,0.2,1.0,0.5,1.0,1.0,3.0,0.625,0.333,4.0,0.091,2.0,1.0,0.364,0.273,0.333,0.0,4.0,0.333,,0.0,6.0,2.0,3.0,0.333,0.0,0.0,0.0,0.318,0.0,0.0,0.0,1.0,0.0,0.333,0.0,1.0,0.5,0.0,4.0,0.0,0.0,3.0,0.0,0.0,0.0,0.0,0.0,2.0,2.0,0.0,0.0,1.0,0.0,0.0,0.25,-0.083,0.603,0.342,26.0,0.52,50.0,0.0,1.0,,0.0,,,1.0,,1.0,3.0,0.0,0.0,2.0,0.0,0.0,0.0,0.0,0.667,0.0,1.0,0.0,0.333,,,3.0,2.0,0.0,0.5,3.0,0.333,3.0,1.0,1.0,2021,22000168,,5.0,11.0,0.455,0.459,-0.004,,,,,,,,,,,,,,,,,,,,,,,,,,,,,,,20210113.0,2020-21,False,BKN,6.0,3.0,3.0,0.0,0.0,0.0,0.0,1.0,2.0,3.0,0.333,0.667,0.0,1.0,1.0,1.0,1.0,0.0,1.0,1.0,1.0,,,,,,1.3,1.1,4.29,4.42,2.4,4.14,Elfrid,1.0,0.0,1.0,0.0,18.2,0.0,0.0,18.0,1.0,72.0,72.0,72.0,28.0,70.0,42.0,115.0,56.0,66.0,58.0,71.0,78.0,71.0,38.0,32.0,32.0,33.0,17.0,60.0,46.0,1.0,30.0,97.0,86.0,132.0,81.0,11.0,2.0,76.0,93.01,83.0,122.2,128.0,3.0,74.0,-20.6,48.0,83.0,107.0,110.0,124.0,97.0,70.0,118.0,128.0,54.0,11.0,109.0,116.0,101.6,106.0,42.0,107.0,117.0,52.0,117.0,105.0,97.0,117.0,70.0,110.0,30.0,7.0,,,,G,NYK,,,,,,,,,,,,,,,,,,,,,,,,,,,,,,,,,,,,,,,,,,,,,,,,,,,12771.0,92.0,,,,,,,,,,,,,,32.5,1610612751.0,NYK,BKN,NYK,BKN,,,,,,,,,,,,,,,,,,,
203901,Elfrid Payton,1610612752,NYK,27.0,19.933333333333334,5,11,0.455,0,1,0.0,1,2,0.5,2,5,7,4,0,0,0,0,1,1,11,-4,82.27,0.0,0.24,0.463,0.0,42,0.249,-3.2,114.3,98.73,25.0,0.238,0.286,0.149,0.455,0.077,120.7,98.39,123.9,130.0,0.0,-15.7,0.119,35.0,0.114,40.0,0.114,5.0,0.0,4.0,0.0,10.0,0.0,7.0,0.0,1.0,6.0,1.0,0.0,0.0,7.0,0.0,2.0,0.0,0.143,0.5,1.0,0.5,3.0,0.0,0.224,1.0,4.86,4.63,49.0,4.0,0.0,0.0,15.0,4.0,1.0,2.0,5.7,1.0,1.0,1.0,0.2,2.0,5.0,6.1,1.0,4.6,4.0,0.0,6.0,1.0,1.0,0.143,0.0,0.0,0.0,1.0,1.0,0.0,7.0,0.0,,0.0,2.0,0.182,0.182,1.0,2.0,0.0,0.5,0.5,1.0,0.5,,5.0,0.0,0.0,0.0,0.8,4.0,0.8,5.0,4.0,0.455,0.8,0.455,0.0,0.273,3.0,3.0,0.0,0.0,0.0,,0.0,0.0,0.273,0.0,0.0,,0.0,0.0,0.0,1.0,0.0,0.0,1.0,0.0,0.0,0.0,0.091,0.091,0.0,0.0,0.0,0.0,0.0,1.0,2.0,0.0,0.0,0.0,0.0,0.0,0.5,0.455,0.0,0.0,4.0,0.0,0.0,0.0,5.0,0.0,0.0,0.0,1.0,0.0,0.0,1.0,0.0,0.0,0.0,0.833,0.0,3.0,6.0,0.0,0.0,0.0,0.0,0.0,0.0,-0.004,0.606,0.328,106.0,0.602,176.0,0.0,2.0,,0.0,,,0.0,,1.0,1.0,0.0,0.833,0.0,0.0,5.0,0.0,0.0,0.0,0.0,0.0,0.0,0.0,,,1.0,6.0,0.0,,0.0,,0.0,0.0,0.0,2021,22000835,,5.0,7.0,0.714,0.482,0.232,,,,,,,,,,,,,,,,,,,,,,,,,,,,,,,20210414.0,2020-21,False,NOP,1.0,1.0,0.0,1.0,0.0,0.0,0.0,0.0,0.0,0.0,0.0,0.0,0.0,0.0,0.0,0.0,0.0,0.0,0.0,0.0,0.0,,,,,,0.8,0.7,4.39,4.8,1.5,4.0,Elfrid,1.0,1.0,0.0,1.0,25.4,0.0,0.0,22.0,1.0,1.0,1.0,1.0,152.0,74.0,67.0,136.0,135.0,159.0,135.0,105.0,75.0,110.0,29.0,48.0,47.0,41.0,159.0,127.0,89.0,1.0,61.0,109.0,99.0,159.0,94.0,22.0,4.0,103.0,98.73,57.0,130.0,152.0,5.0,46.0,-15.7,64.0,57.0,106.0,1.0,162.0,216.0,74.0,172.0,152.0,38.0,11.0,1.0,134.0,114.3,198.0,67.0,106.0,186.0,30.0,186.0,71.0,216.0,161.0,45.0,93.0,126.0,11.0,,,1.0,G,NYK,,,,,,,,,,,,,,,,,,,,,,,,,,,,,,,,,,,,,,,,,,,,,,,,,,,8014.0,97.0,,,,,,,,,,,,,,19.9,1610612740.0,NOP,NYK,NYK,NOP,,,,,,,,,,,,,,,,,,,
203901,Elfrid Payton,1610612752,NYK,27.0,30.633333333333333,4,17,0.235,1,4,0.25,7,8,0.875,2,4,6,1,0,0,0,4,4,5,16,1,81.61,0.0,0.292,0.39,0.0,62,0.285,-4.1,104.8,97.93,4.5,0.121,0.05,0.08,0.265,0.048,101.7,97.46,105.8,101.6,0.0,3.3,0.038,40.0,0.025,49.0,0.025,2.0,0.0,1.0,0.0,2.0,0.0,7.0,0.0,2.0,8.0,0.5,0.0,3.0,14.0,0.0,4.0,0.214,0.143,0.25,3.0,0.75,2.0,0.0,0.262,1.0,4.64,4.1,61.0,3.0,0.0,0.0,24.0,4.7,1.333,5.0,8.6,1.0,0.4,0.545,0.0,1.0,6.0,10.6,0.545,4.5,4.0,0.0,5.0,0.667,0.667,0.167,0.0,0.0,0.5,0.4,0.0,1.0,11.0,,,,,,,,,,,,,,,7.0,0.0,0.0,0.0,0.143,1.0,0.143,7.0,1.0,0.438,0.143,0.438,0.0,0.313,5.0,5.0,2.0,0.4,0.0,,0.0,0.4,0.313,2.0,0.4,,0.25,1.0,0.0,4.0,0.375,0.25,4.0,0.0,1.0,0.0,0.25,0.25,0.0,0.0,0.0,0.0,,0.0,3.0,0.0,3.0,0.25,0.0,0.0,0.5,0.265,0.0,0.0,4.0,1.0,0.333,0.0,2.0,0.0,0.167,0.5,2.0,0.0,0.0,1.0,3.0,1.0,2.0,0.4,0.0,6.0,5.0,0.0,1.0,0.0,1.0,0.0,0.0,-0.109,0.609,0.345,19.0,0.5,38.0,1.0,2.0,0.0,0.0,0.0,0.0,0.0,0.0,2.0,0.0,0.5,0.286,0.0,0.0,2.0,1.0,0.0,0.0,0.0,5.0,0.0,0.0,0.0,0.0,1.0,7.0,0.2,0.375,4.0,0.25,4.0,1.0,1.0,2021,22000125,,5.0,10.0,0.5,0.47,0.03,,,,,,,,,,,,,,,,,,,,,,,,,,,,,,,20210108.0,2020-21,False,OKC,3.0,0.0,3.0,2.0,0.0,0.0,0.0,1.0,0.0,1.0,1.0,0.0,0.0,0.0,0.0,0.0,0.0,0.0,0.0,0.0,0.0,,,,,,1.2,1.1,4.25,4.3,2.3,4.18,Elfrid,1.0,0.0,1.0,0.0,24.7,0.0,0.0,24.0,1.0,115.0,115.0,115.0,53.0,75.0,20.0,180.0,76.0,70.0,101.0,5.0,5.0,54.0,24.0,59.0,42.0,107.0,143.0,109.0,81.0,223.0,197.0,16.0,48.0,98.0,79.0,19.0,1.0,76.0,97.93,28.0,101.6,166.0,4.0,70.0,3.3,156.0,24.0,135.0,1.0,175.0,72.0,75.0,162.0,166.0,117.0,17.0,1.0,121.0,104.8,95.0,20.0,135.0,104.0,145.0,104.0,149.0,72.0,179.0,107.0,165.0,114.0,16.0,,,,G,NYK,,,,,,,,,,,,,,,,,,,,,,,,,,,,,,,,,,,,,,,,,,,,,,,,,,,12259.0,95.0,,,,,,,,,,,,,,30.6,1610612760.0,NYK,OKC,NYK,OKC,,,,,,,,,,,,,,,,,,,
203901,Elfrid Payton,1610612752,NYK,27.0,35.56666666666667,6,15,0.4,2,4,0.5,0,2,0.0,3,5,8,7,5,0,0,3,2,3,14,11,80.97,1.4,0.241,0.441,17.9,72,0.241,9.5,101.4,97.17,25.0,0.114,0.35,0.101,0.467,0.086,98.0,97.52,88.5,86.1,17.9,15.3,0.09,48.0,0.188,60.0,0.146,17.0,2.0,9.0,0.0,21.0,0.0,4.0,0.0,1.0,7.0,0.333,0.083,4.0,12.0,1.0,2.0,0.333,0.083,0.286,0.0,0.0,2.0,0.0,0.194,1.0,5.03,4.96,72.0,3.0,0.0,0.0,25.0,6.0,1.333,4.0,8.9,2.0,0.75,0.727,0.0,1.0,7.0,8.5,0.727,9.7,5.0,0.0,6.0,0.714,0.714,0.25,0.0,0.0,0.667,0.75,0.0,2.0,11.0,,,,,,,,,,,,,,,9.0,0.0,0.0,0.0,0.222,2.0,0.222,9.0,2.0,0.6,0.222,0.6,2.0,0.267,4.0,2.0,2.0,0.875,0.133,0.5,1.0,0.75,0.133,3.0,1.0,,0.5,1.0,0.0,2.0,0.75,0.5,2.0,0.0,1.0,0.0,0.133,0.133,0.333,0.0,2.0,0.333,,0.0,3.0,1.0,6.0,0.5,0.0,0.0,1.0,0.467,0.0,0.0,4.0,1.0,0.5,0.0,2.0,0.0,0.333,0.333,3.0,1.0,0.0,0.0,4.0,1.0,3.0,0.4,1.0,3.0,5.0,0.0,1.0,1.0,2.0,0.0,0.333,-0.171,0.599,0.42,9.0,0.429,21.0,1.0,4.0,0.0,0.0,0.0,0.0,0.0,0.0,1.0,0.0,0.25,0.4,1.0,0.0,2.0,2.0,0.0,1.0,0.0,4.0,0.0,0.0,0.0,0.0,1.0,5.0,0.5,0.75,4.0,0.5,4.0,2.0,2.0,2021,22000046,,6.0,18.0,0.333,0.457,-0.124,,,,,,,,,,,,,,,,,,,,,,,,,,,,,,,20201229.0,2020-21,False,CLE,8.0,4.0,4.0,1.0,0.0,0.0,0.0,3.0,0.0,3.0,1.0,0.0,0.0,1.0,1.0,1.0,1.0,0.0,1.0,1.0,1.0,,,,,,1.4,1.2,4.12,4.57,2.5,3.99,Elfrid,1.0,1.0,0.0,1.0,29.1,0.0,0.0,31.0,1.0,1.0,1.0,1.0,24.0,34.0,23.0,117.0,41.0,60.0,40.0,113.0,58.0,113.0,13.0,37.0,20.0,11.0,5.0,111.0,74.0,215.0,101.0,40.0,56.0,41.0,55.0,16.0,4.0,38.0,97.17,50.0,86.1,186.0,6.0,36.0,15.3,49.0,46.0,110.0,163.0,175.0,35.0,34.0,148.0,186.0,117.0,15.0,163.0,70.0,101.4,42.0,23.0,110.0,59.0,19.0,59.0,127.0,35.0,126.0,81.0,110.0,60.0,14.0,,,,G,NYK,,,,,,,,,,,,,,,,,,,,,,,,,,,,,,,,,,,,,,,,,,,,,,,,,,,13420.0,99.0,,,,,,,,,,,,,,35.6,1610612739.0,CLE,NYK,NYK,CLE,,,,,,,,,,,,,,,,,,,
203901,Elfrid Payton,1610612752,NYK,27.0,29.3,12,16,0.75,3,3,1.0,0,2,0.0,1,2,3,7,3,1,0,2,2,2,27,15,83.96,2.33,0.282,0.8,11.1,61,0.282,21.1,136.1,100.75,25.9,0.053,0.368,0.048,0.844,0.042,126.8,106.35,105.7,109.7,11.2,26.4,0.209,42.0,0.214,56.0,0.167,12.0,2.0,9.0,0.0,21.0,0.063,12.0,1.0,0.0,9.0,0.75,0.188,5.0,16.0,3.0,0.0,0.313,0.0,0.667,0.0,0.0,6.0,0.0,0.403,1.0,5.46,5.36,67.0,1.0,0.0,0.0,23.0,6.1,2.0,2.0,8.3,0.0,0.5,0.6,0.0,1.0,4.0,8.8,0.5,7.4,2.0,1.0,3.0,0.667,0.5,0.0,0.0,1.0,0.0,0.5,0.0,0.0,6.0,0.0,,0.0,1.0,0.063,0.063,0.0,1.0,0.0,0.0,0.0,0.0,0.0,,8.0,0.0,0.0,0.0,0.75,6.0,0.75,8.0,6.0,0.5,0.75,0.5,1.0,0.25,4.0,3.0,2.0,0.875,0.063,1.0,1.0,0.75,0.188,3.0,0.667,1.0,1.0,2.0,1.0,2.0,1.333,1.0,3.0,0.063,3.0,1.0,0.188,0.125,0.667,0.0,8.0,0.667,,0.0,6.0,4.0,9.0,1.0,0.0,0.0,1.0,0.844,0.0,0.0,2.0,7.0,1.0,1.0,1.0,2.0,0.875,0.0,3.0,1.0,0.0,2.0,1.0,0.0,0.0,0.5,1.0,8.0,2.0,0.0,1.0,1.0,1.0,0.0,0.333,-0.147,0.609,0.406,6.0,0.462,13.0,6.0,7.0,,1.0,,,1.0,,2.0,1.0,0.857,0.667,0.0,0.0,2.0,2.0,0.5,0.0,0.0,3.0,0.0,1.0,,,0.0,3.0,0.667,1.5,3.0,1.0,3.0,3.0,3.0,2021,22000036,,1.0,10.0,0.1,0.447,-0.347,,,,,,,,,,,,,,,,,,,,,,,,,,,,,,,20201227.0,2020-21,False,MIL,4.0,2.0,2.0,4.0,0.0,0.0,0.0,0.0,1.0,1.0,0.0,1.0,0.0,0.0,0.0,0.0,0.0,0.0,0.0,0.0,0.0,,,,,,1.3,1.0,4.43,4.67,2.3,4.14,Elfrid,1.0,1.0,0.0,1.0,41.1,0.0,0.0,42.0,1.0,1.0,1.0,1.0,46.0,1.0,22.0,21.0,16.0,83.0,1.0,119.0,52.0,119.0,47.0,109.0,104.0,5.0,16.0,43.0,77.0,206.0,117.0,64.0,8.0,37.0,17.0,13.0,1.0,12.0,100.75,26.0,109.7,153.0,12.0,79.0,26.4,49.0,22.0,19.0,144.0,64.0,141.0,1.0,36.0,153.0,182.0,16.0,138.0,54.0,136.1,122.0,22.0,19.0,48.0,12.0,48.0,36.0,141.0,29.0,167.0,18.0,30.0,27.0,,,1.0,G,NYK,,,,,,,,,,,,,,,,,,,,,,,,,,,,,,,,,,,,,,,,,,,,,,,,,,,12071.0,99.0,,,,,,,,,,,,,,29.3,1610612749.0,NYK,MIL,NYK,MIL,,,,,,,,,,,,,,,,,,,
203901,Elfrid Payton,1610612752,NYK,27.0,13.816666666666666,0,4,0.0,0,0,0.0,0,0,0.0,0,4,4,1,2,0,0,2,0,0,0,2,78.17,0.5,0.214,0.0,28.6,27,0.225,13.2,96.3,93.8,14.3,0.286,0.125,0.148,0.0,0.0,97.6,95.68,84.4,88.9,28.6,7.4,-0.02,25.0,0.08,28.0,0.04,2.0,1.0,2.0,0.0,4.0,0.0,0.0,0.0,0.0,3.0,0.0,0.0,0.0,3.0,0.0,0.0,0.0,0.0,0.0,0.0,0.0,0.0,1.0,0.0,1.0,4.64,4.45,33.0,2.0,0.0,0.0,15.0,2.6,0.0,2.0,12.6,0.0,0.0,0.667,0.0,0.0,4.0,12.6,0.667,0.0,4.0,0.0,4.0,1.0,1.0,0.0,0.0,0.0,0.0,0.0,0.0,0.0,6.0,0.0,,0.0,1.0,0.25,0.25,0.0,1.0,0.0,0.0,0.0,0.0,0.0,,2.0,0.0,0.0,0.0,0.0,0.0,0.0,2.0,0.0,0.5,0.0,0.5,0.0,0.25,1.0,1.0,0.0,0.0,0.0,,0.0,0.0,0.25,0.0,0.0,,,,,,,,,,,,,,0.0,,0.0,0.0,,,2.0,0.0,0.0,0.0,0.0,0.0,0.0,0.0,0.0,0.0,0.0,0.0,0.0,0.0,0.0,0.0,0.0,0.0,1.0,0.0,0.0,0.0,0.0,0.0,0.0,0.0,0.0,1.0,2.0,0.0,0.0,0.0,0.0,0.0,0.0,-0.016,0.608,0.333,129.0,0.592,218.0,0.0,0.0,,0.0,0.0,0.0,0.0,,2.0,0.0,0.0,0.0,0.0,0.0,0.0,0.0,0.0,0.0,0.0,0.0,0.0,0.0,,0.0,0.0,2.0,0.0,,0.0,,,,0.0,2021,22001073,,5.0,9.0,0.556,0.415,0.141,,,,,,,,,,,,,,,,,,,,,,,,,,,,,,,20210516.0,2020-21,False,BOS,2.0,0.0,2.0,0.0,0.0,0.0,0.0,1.0,0.0,1.0,1.0,0.0,0.0,0.0,0.0,0.0,0.0,0.0,0.0,0.0,0.0,,,,,,0.6,0.5,4.62,4.6,1.1,4.64,Elfrid,1.0,1.0,0.0,1.0,4.3,0.0,0.0,5.0,1.0,1.0,1.0,1.0,249.0,273.0,240.0,273.0,171.0,241.0,171.0,157.0,165.0,157.0,154.0,90.0,120.0,169.0,44.0,148.0,101.0,276.0,1.0,214.0,277.0,124.0,274.0,33.0,2.0,263.0,93.8,97.0,88.9,282.0,0.0,154.0,7.4,153.0,109.0,251.0,292.0,272.0,26.0,273.0,277.0,282.0,22.0,4.0,292.0,101.0,96.3,19.0,240.0,251.0,116.0,142.0,116.0,237.0,26.0,273.0,47.0,286.0,144.0,0.0,,,1.0,G,NYK,,,,,,,,,,,,,,,,,,,,,,,,,,,,,,,,,,,,,,,,,,,,,,,,,,,5640.0,93.0,,,,,,,,,,,,,,13.8,1610612738.0,NYK,BOS,NYK,BOS,,,,,,,,,,,,,,,,,,,
203901,Elfrid Payton,1610612752,NYK,27.0,16.533333333333335,3,7,0.429,0,0,0.0,0,1,0.0,0,6,6,2,4,1,0,1,1,2,6,-17,88.31,0.5,0.289,0.403,30.8,36,0.291,-40.2,69.4,105.97,15.4,0.273,0.286,0.136,0.429,0.0,65.2,113.46,105.4,113.5,29.8,-44.1,0.093,28.0,0.071,34.0,0.071,6.0,0.0,2.0,0.0,6.0,0.125,4.0,1.0,0.0,5.0,0.5,0.0,2.0,8.0,0.0,0.0,0.25,0.0,0.4,0.0,0.0,2.0,0.0,0.136,1.0,4.6,4.25,44.0,0.0,0.0,2.0,11.0,3.4,0.0,3.0,6.2,3.0,0.0,0.6,0.5,0.0,7.0,6.2,0.6,0.0,3.0,0.0,3.0,0.857,0.857,0.5,0.0,0.0,0.0,0.0,3.0,0.0,10.0,0.0,,0.0,1.0,0.143,0.143,0.0,1.0,0.0,0.0,0.0,0.0,0.0,,5.0,0.0,0.0,0.0,0.4,2.0,0.4,5.0,2.0,0.714,0.4,0.714,0.0,0.143,1.0,1.0,1.0,1.0,0.0,,0.0,1.0,0.143,1.0,1.0,,,,,,,,,,,,,,,,0.0,,,,0.0,0.0,0.0,0.0,2.0,1.0,0.0,0.429,0.0,0.0,0.0,2.0,0.0,0.0,1.0,0.0,0.4,0.0,0.0,0.0,0.0,0.0,0.0,0.0,0.0,0.5,0.0,5.0,2.0,0.0,0.0,0.0,0.0,0.0,0.0,-0.013,0.608,0.328,120.0,0.594,202.0,2.0,5.0,,0.0,,,0.0,,0.0,0.0,0.4,0.5,0.0,0.0,1.0,0.0,0.0,0.0,0.0,0.0,0.0,0.0,,,0.0,2.0,0.0,,0.0,,,,0.0,2021,22000995,,3.0,8.0,0.375,0.468,-0.093,,,,,,,,,,,,,,,,,,,,,,,,,,,,,,,20210505.0,2020-21,False,DEN,4.0,1.0,3.0,1.0,0.0,0.0,0.0,0.0,0.0,0.0,0.0,0.0,0.0,0.0,0.0,0.0,0.0,0.0,0.0,0.0,0.0,,,,,,0.7,0.6,4.4,4.82,1.3,3.99,Elfrid,1.0,0.0,1.0,0.0,15.2,0.0,0.0,16.0,1.0,115.0,115.0,115.0,146.0,94.0,102.0,125.0,112.0,170.0,112.0,104.0,101.0,104.0,96.0,17.0,34.0,69.0,7.0,34.0,68.0,138.0,58.0,41.0,121.0,193.0,118.0,18.0,2.0,112.0,105.97,31.0,113.5,83.0,3.0,96.0,-44.1,106.0,29.0,206.0,199.0,26.0,93.0,94.0,154.0,83.0,21.0,7.0,199.0,187.0,69.4,71.0,102.0,206.0,183.0,31.0,183.0,207.0,93.0,143.0,41.0,107.0,84.0,6.0,,,1.0,G,NYK,,,,,,,,,,,,,,,,,,,,,,,,,,,,,,,,,,,,,,,,,,,,,,,,,,,7125.0,103.0,,,,,,,,,,,,,,16.5,1610612743.0,DEN,NYK,NYK,DEN,,,,,,,,,,,,,,,,,,,
203901,Elfrid Payton,1610612752,NYK,27.0,17.916666666666668,4,8,0.5,0,1,0.0,2,2,1.0,0,5,5,2,2,2,0,1,2,2,10,0,88.19,1.0,0.244,0.563,15.4,40,0.249,-2.4,90.0,105.82,15.4,0.208,0.182,0.104,0.5,0.0,90.8,104.86,93.2,92.3,15.5,-2.3,0.159,28.0,0.071,32.0,0.071,7.0,0.0,2.0,0.0,5.0,0.0,6.0,0.0,0.0,4.0,0.857,0.286,3.0,7.0,2.0,0.0,0.429,0.0,0.75,0.0,0.0,3.0,0.0,0.238,1.0,4.88,4.6,42.0,0.0,0.0,0.0,10.0,3.4,0.0,3.0,9.2,0.0,0.0,0.5,0.0,0.0,7.0,9.2,0.5,0.0,5.0,0.0,5.0,0.714,0.714,0.0,0.0,0.0,0.0,0.0,0.0,0.0,10.0,0.0,,0.0,1.0,0.125,0.125,0.0,1.0,0.0,0.0,0.0,0.0,0.0,,6.0,0.0,0.0,0.0,0.667,4.0,0.667,6.0,4.0,0.75,0.667,0.75,,,,,,,,,,,,,,,0.0,0.0,0.0,1.0,0.0,0.0,1.0,0.0,0.0,0.0,0.125,0.125,,0.0,0.0,,,0.0,0.0,0.0,0.0,0.0,0.0,0.0,0.0,0.5,0.0,0.0,0.0,3.0,0.0,0.0,1.0,0.0,0.6,,0.0,0.0,0.0,1.0,0.0,,,0.5,0.0,5.0,2.0,0.0,0.0,0.0,0.0,0.0,0.0,-0.005,0.606,0.326,119.0,0.601,198.0,1.0,2.0,,0.0,0.0,0.0,0.0,,0.0,1.0,0.5,0.6,0.0,0.0,3.0,0.0,0.0,0.0,0.0,0.0,0.0,0.0,,0.0,0.0,5.0,0.0,0.0,1.0,0.0,1.0,0.0,0.0,2021,22000980,,4.0,12.0,0.333,0.453,-0.12,,,,,,,,,,,,,,,,,,,,,,,,,,,,,,,20210503.0,2020-21,False,MEM,5.0,1.0,4.0,3.0,0.0,1.0,2.0,0.0,0.0,0.0,0.0,0.0,0.0,0.0,0.0,0.0,0.0,0.0,0.0,0.0,0.0,,,,,,0.7,0.7,4.48,4.45,1.4,4.51,Elfrid,1.0,1.0,0.0,1.0,23.0,0.0,0.0,21.0,1.0,1.0,1.0,1.0,109.0,61.0,64.0,62.0,89.0,95.0,89.0,36.0,41.0,1.0,82.0,35.0,50.0,59.0,32.0,11.0,51.0,113.0,94.0,41.0,74.0,77.0,73.0,11.0,3.0,73.0,105.82,43.0,92.3,33.0,4.0,82.0,-2.3,74.0,43.0,146.0,143.0,33.0,31.0,61.0,88.0,33.0,33.0,8.0,141.0,88.0,90.0,34.0,64.0,146.0,85.0,53.0,85.0,144.0,31.0,86.0,56.0,35.0,50.0,10.0,,,1.0,G,NYK,,,,,,,,,,,,,,,,,,,,,,,,,,,,,,,,,,,,,,,,,,,,,,,,,,,7532.0,96.0,,,,,,,,,,,,,,17.9,1610612763.0,MEM,NYK,NYK,MEM,,,,,,,,,,,,,,,,,,,
203901,Elfrid Payton,1610612752,NYK,27.0,21.966666666666665,4,10,0.4,1,1,1.0,0,0,0.0,0,1,1,5,1,0,0,3,1,1,9,16,81.94,5.0,0.229,0.45,6.3,45,0.232,34.5,122.2,98.33,31.3,0.042,0.313,0.021,0.45,0.0,121.1,98.77,86.7,86.7,6.3,35.6,0.07,34.0,0.206,41.0,0.147,8.0,1.0,7.0,1.0,15.0,0.0,6.0,0.0,0.0,7.0,0.545,0.182,3.0,11.0,2.0,0.0,0.273,0.0,0.429,0.0,0.0,3.0,0.0,0.191,0.0,5.15,4.72,47.0,0.0,0.0,0.0,12.0,4.0,0.0,1.0,7.2,0.0,0.0,0.333,0.0,0.0,3.0,7.2,0.25,0.0,1.0,1.0,1.0,0.5,0.333,0.0,0.0,1.0,0.0,0.0,0.0,0.0,4.0,0.0,,0.0,4.0,0.4,0.4,1.0,4.0,0.0,0.25,0.25,1.0,0.25,,3.0,0.0,0.0,0.0,0.333,1.0,0.333,3.0,1.0,0.3,0.333,0.3,1.0,0.3,3.0,2.0,1.0,0.833,0.1,1.0,1.0,0.667,0.2,2.0,0.5,,,,,,,,,,,,,,0.0,0.0,0.0,0.0,,0.0,1.0,0.0,3.0,1.0,0.0,0.0,0.0,0.45,0.0,0.0,0.0,0.0,0.0,1.0,3.0,1.0,0.0,0.0,0.0,0.0,0.0,1.0,0.0,0.0,0.0,0.429,0.0,2.0,7.0,0.0,0.0,0.0,0.0,0.0,0.0,-0.004,0.606,0.323,115.0,0.602,191.0,0.0,1.0,0.0,0.0,,,0.0,0.0,0.0,0.0,0.0,0.375,0.0,0.0,3.0,1.0,0.0,0.0,0.0,1.0,0.0,0.0,0.0,,0.0,8.0,1.0,1.5,1.0,1.0,1.0,1.0,1.0,2021,22000937,,7.0,12.0,0.583,0.434,0.149,,,,,,,,,,,,,,,,,,,,,,,,,,,,,,,20210428.0,2020-21,False,CHI,4.0,1.0,3.0,0.0,0.0,0.0,0.0,0.0,0.0,0.0,0.0,0.0,0.0,0.0,0.0,0.0,0.0,0.0,0.0,0.0,0.0,,,,,,0.8,0.8,4.16,4.32,1.6,4.02,Elfrid,1.0,1.0,0.0,1.0,16.7,0.0,0.0,16.0,1.0,1.0,1.0,1.0,118.0,79.0,69.0,134.0,67.0,124.0,1.0,112.0,122.0,112.0,101.0,155.0,169.0,33.0,68.0,98.0,68.0,225.0,71.0,101.0,101.0,21.0,127.0,14.0,4.0,124.0,98.33,64.0,86.7,131.0,4.0,101.0,35.6,51.0,62.0,69.0,117.0,122.0,26.0,79.0,156.0,131.0,186.0,10.0,115.0,36.0,122.2,26.0,69.0,69.0,36.0,28.0,36.0,73.0,26.0,142.0,194.0,136.0,8.0,9.0,,,1.0,G,NYK,,,,,,,,,,,,,,,,,,,,,,,,,,,,,,,,,,,,,,,,,,,,,,,,,,,8648.0,94.0,,,,,,,,,,,,,,22.0,1610612741.0,NYK,CHI,NYK,CHI,,,,,,,,,,,,,,,,,,,
203901,Elfrid Payton,1610612752,NYK,27.0,14.783333333333331,3,4,0.75,0,0,0.0,1,2,0.5,0,4,4,3,0,1,0,0,1,1,7,6,75.76,0.0,0.161,0.717,0.0,28,0.157,13.2,146.4,90.91,37.5,0.5,0.25,0.2,0.75,0.0,136.3,95.0,123.1,125.0,0.0,21.4,0.162,26.0,0.115,25.0,0.115,6.0,0.0,3.0,0.0,8.0,0.0,5.0,0.0,1.0,3.0,0.556,0.111,5.0,9.0,1.0,2.0,0.556,0.111,0.667,1.0,0.5,2.0,0.0,0.219,0.0,5.24,4.91,32.0,0.0,0.0,0.0,7.0,2.8,0.0,1.0,6.9,0.0,0.0,0.667,0.0,0.0,5.0,6.9,0.667,0.0,4.0,0.0,4.0,0.8,0.8,0.0,0.0,0.0,0.0,0.0,0.0,0.0,6.0,,,,,,,,,,,,,,,3.0,0.0,0.0,0.0,0.667,2.0,0.667,3.0,2.0,0.75,0.667,0.75,0.0,0.25,1.0,1.0,1.0,1.0,0.0,,0.0,1.0,0.25,1.0,1.0,,,,,,,,,,,,,,0.0,,0.0,0.0,,,1.0,0.0,0.0,0.0,0.0,0.0,0.0,0.75,0.0,0.0,0.0,0.0,0.0,0.0,3.0,0.0,0.0,0.0,0.0,0.0,0.0,0.0,0.0,0.0,0.0,1.0,0.0,1.0,3.0,0.0,0.0,0.0,0.0,0.0,0.0,-0.007,0.606,0.322,112.0,0.599,187.0,0.0,1.0,,0.0,,,0.0,,0.0,0.0,0.0,1.0,0.0,0.0,3.0,0.0,0.0,0.0,0.0,0.0,0.0,0.0,,,0.0,3.0,0.0,,0.0,,,,0.0,2021,22000920,,,,,,,,,,,,,,,,,,,,,,,,,,,,,,,,,,,,,20210426.0,2020-21,False,PHX,,,,,,,,,,,,,,,,,,,,,,,,,,,0.6,0.5,4.27,4.58,1.1,3.95,Elfrid,1.0,0.0,1.0,0.0,19.3,0.0,0.0,16.0,1.0,124.0,124.0,124.0,178.0,109.0,167.0,20.0,122.0,183.0,122.0,91.0,59.0,102.0,112.0,61.0,86.0,58.0,152.0,47.0,72.0,1.0,57.0,112.0,138.0,59.0,114.0,17.0,2.0,131.0,90.91,159.0,125.0,232.0,3.0,112.0,21.4,18.0,147.0,5.0,1.0,188.0,190.0,109.0,68.0,232.0,2.0,4.0,1.0,69.0,146.4,185.0,167.0,5.0,40.0,43.0,40.0,14.0,190.0,40.0,19.0,38.0,120.0,7.0,,,,G,NYK,,,,,,,,,,,,,,,,,,,,,,,,,,,,,,,,,,,,,,,,,,,,,,,,,,,5995.0,94.0,,,,,,,,,,,,,,,1610612756.0,NYK,PHX,NYK,PHX,,,,,,,,,,,,,,,,,,,
203901,Elfrid Payton,1610612752,NYK,27.0,17.266666666666666,3,9,0.333,0,1,0.0,0,1,0.0,1,2,3,3,3,3,0,0,1,1,6,-13,88.03,1.0,0.273,0.318,20.0,38,0.292,-25.4,107.9,105.64,20.0,0.111,0.25,0.081,0.333,0.053,108.9,108.19,134.3,142.1,19.4,-34.2,0.034,29.0,0.138,35.0,0.103,6.0,0.0,4.0,1.0,9.0,0.167,2.0,1.0,0.0,5.0,0.333,0.0,0.0,6.0,0.0,0.0,0.0,0.0,0.2,0.0,0.0,1.0,1.0,0.14,1.0,4.72,4.53,43.0,3.0,0.0,2.0,16.0,3.4,0.667,1.0,11.5,1.0,1.0,0.75,0.5,1.0,4.0,7.7,0.75,18.9,1.0,0.0,2.0,0.5,0.5,0.333,0.0,0.0,0.0,1.0,1.0,0.0,4.0,0.0,,0.0,1.0,0.111,0.111,1.0,1.0,0.0,1.0,1.0,1.0,1.0,,5.0,0.0,0.0,0.0,0.2,1.0,0.2,5.0,1.0,0.556,0.2,0.556,1.0,0.333,3.0,2.0,1.0,0.333,0.111,0.0,0.0,0.333,0.222,1.0,0.5,,,,,,,,,,,,,,0.5,0.0,2.0,0.5,,0.0,2.0,1.0,0.0,0.0,2.0,1.0,1.0,0.333,0.0,0.0,2.0,1.0,0.0,0.0,2.0,0.0,0.25,0.0,0.0,0.0,0.0,0.0,1.0,0.0,1.0,0.5,0.0,4.0,4.0,0.0,0.0,0.0,0.0,0.0,0.0,-0.006,0.606,0.323,111.0,0.6,185.0,1.0,2.0,,0.0,0.0,0.0,0.0,,1.0,0.0,0.5,0.4,0.0,0.0,2.0,0.0,0.0,0.0,0.0,1.0,0.0,0.0,,0.0,0.0,5.0,0.0,0.0,1.0,0.0,1.0,0.0,0.0,2021,22000886,,4.0,10.0,0.4,0.468,-0.068,,,,,,,,,,,,,,,,,,,,,,,,,,,,,,,20210421.0,2020-21,False,ATL,1.0,0.0,1.0,3.0,0.0,0.0,0.0,0.0,1.0,1.0,0.0,1.0,0.0,0.0,0.0,0.0,0.0,0.0,0.0,0.0,0.0,,,,,,0.8,0.6,4.67,4.71,1.4,4.6,Elfrid,1.0,1.0,0.0,1.0,20.1,0.0,0.0,18.0,1.0,1.0,1.0,1.0,175.0,120.0,98.0,182.0,149.0,161.0,149.0,138.0,137.0,138.0,65.0,127.0,118.0,69.0,18.0,5.0,76.0,1.0,66.0,110.0,160.0,231.0,115.0,18.0,2.0,126.0,105.64,36.0,142.1,53.0,3.0,71.0,-34.2,88.0,38.0,146.0,233.0,38.0,234.0,120.0,222.0,53.0,135.0,9.0,233.0,217.0,107.9,226.0,98.0,146.0,230.0,50.0,230.0,132.0,234.0,201.0,127.0,210.0,82.0,6.0,,,1.0,G,NYK,,,,,,,,,,,,,,,,,,,,,,,,,,,,,,,,,,,,,,,,,,,,,,,,,,,7349.0,109.0,,,,,,,,,,,,,,17.3,1610612737.0,NYK,ATL,NYK,ATL,,,,,,,,,,,,,,,,,,,
203901,Elfrid Payton,1610612752,NYK,27.0,18.016666666666666,3,8,0.375,1,3,0.333,0,0,0.0,0,1,1,3,1,0,0,2,1,0,7,17,76.6,3.0,0.214,0.438,8.3,35,0.218,49.5,142.9,91.91,25.0,0.045,0.2,0.024,0.438,0.0,142.0,94.37,92.6,97.1,8.3,45.8,0.052,40.0,0.1,45.0,0.075,9.0,1.0,4.0,0.0,9.0,0.2,2.0,1.0,0.0,2.0,0.4,0.0,2.0,5.0,0.0,0.0,0.4,0.0,0.5,0.0,0.0,1.0,0.0,0.14,0.0,4.23,3.76,50.0,1.0,0.0,0.0,21.0,3.5,0.0,1.0,2.9,0.0,0.0,0.5,0.0,0.0,1.0,2.9,0.5,0.0,1.0,0.0,1.0,1.0,1.0,0.0,0.0,0.0,0.0,0.0,0.0,0.0,2.0,0.0,,0.0,3.0,0.375,0.375,1.0,3.0,0.0,0.333,0.333,1.0,0.333,,2.0,0.0,0.0,0.0,0.5,1.0,0.5,2.0,1.0,0.25,0.5,0.25,1.0,0.125,1.0,0.0,0.0,0.0,0.125,0.0,0.0,0.0,0.0,0.0,,,0.5,1.0,0.0,2.0,0.75,0.5,2.0,0.0,1.0,0.0,0.25,0.25,0.0,0.0,0.0,0.0,,0.0,1.0,0.0,3.0,0.333,0.0,0.0,0.0,0.438,0.0,0.0,0.0,0.0,0.0,0.5,2.0,1.0,0.0,0.0,0.0,0.0,,2.0,1.0,0.0,1.0,0.4,0.0,0.0,5.0,,0.0,0.0,0.0,,0.0,-0.001,0.607,0.32,109.0,0.606,180.0,0.0,0.0,,0.0,0.0,0.0,1.0,,0.0,2.0,0.0,0.4,0.0,,2.0,0.0,0.0,0.0,,1.0,,0.5,,0.0,0.0,5.0,0.0,0.5,3.0,0.333,3.0,1.0,1.0,2021,22000877,,3.0,7.0,0.429,0.422,0.007,,,,,,,,,,,,,,,,,,,,,,,,,,,,,,,20210420.0,2020-21,False,CHA,4.0,1.0,3.0,0.0,0.0,0.0,0.0,0.0,0.0,0.0,0.0,0.0,0.0,0.0,0.0,0.0,0.0,0.0,0.0,0.0,0.0,,,,,,0.8,0.6,4.14,4.47,1.3,4.46,Elfrid,1.0,1.0,0.0,1.0,11.7,0.0,0.0,12.0,1.0,1.0,1.0,1.0,76.0,51.0,47.0,69.0,39.0,51.0,33.0,54.0,58.0,54.0,52.0,70.0,75.0,27.0,32.0,42.0,30.0,99.0,22.0,75.0,61.0,4.0,76.0,8.0,1.0,75.0,91.91,31.0,97.1,80.0,3.0,52.0,45.8,25.0,34.0,3.0,58.0,76.0,9.0,51.0,76.0,80.0,81.0,8.0,57.0,1.0,142.9,9.0,47.0,3.0,1.0,25.0,1.0,5.0,9.0,69.0,86.0,76.0,16.0,7.0,,,1.0,G,NYK,,,,,,,,,,,,,,,,,,,,,,,,,,,,,,,,,,,,,,,,,,,,,,,,,,,7010.0,89.0,,,,,,,,,,,,,,18.0,1610612766.0,NYK,CHA,NYK,CHA,,,,,,,,,,,,,,,,,,,
203901,Elfrid Payton,1610612752,NYK,27.0,19.7,2,8,0.25,1,2,0.5,0,0,0.0,1,0,1,3,1,2,0,0,1,1,5,-13,78.17,3.0,0.209,0.313,8.3,39,0.221,-21.9,84.6,93.81,25.0,0.0,0.273,0.023,0.313,0.05,90.1,94.68,112.0,121.1,8.3,-36.4,0.037,39.0,0.128,43.0,0.077,5.0,1.0,5.0,1.0,9.0,0.143,2.0,1.0,0.0,6.0,0.286,0.0,0.0,7.0,0.0,0.0,0.0,0.0,0.167,0.0,0.0,1.0,0.0,0.1,1.0,4.44,3.96,50.0,2.0,0.0,0.0,18.0,3.7,0.0,1.0,17.9,0.0,1.0,0.5,0.0,1.0,2.0,0.0,0.333,17.9,0.0,1.0,1.0,0.0,0.0,0.0,0.0,1.0,0.0,1.0,0.0,0.0,3.0,,,,,,,,,,,,,,,4.0,0.0,0.0,0.0,0.25,1.0,0.25,4.0,1.0,0.5,0.25,0.5,0.0,0.25,2.0,2.0,0.0,0.0,0.0,,0.0,0.0,0.25,0.0,0.0,,0.5,1.0,0.0,2.0,0.75,0.5,2.0,0.0,1.0,0.0,0.25,0.25,0.0,0.0,0.0,0.0,,0.0,1.0,0.0,3.0,0.5,0.0,0.0,0.0,0.313,0.0,0.0,0.0,0.0,0.5,0.0,0.0,0.0,0.0,0.5,1.0,0.0,0.0,0.0,2.0,1.0,2.0,0.0,0.0,2.0,3.0,0.0,0.0,1.0,1.0,0.0,1.0,-0.001,0.607,0.324,109.0,0.606,180.0,1.0,3.0,,0.0,,,0.0,,0.0,0.0,0.333,0.0,0.0,0.0,0.0,1.0,0.0,0.0,0.0,2.0,0.0,0.0,,,0.0,3.0,0.5,0.75,2.0,0.5,2.0,1.0,1.0,2021,22000862,,4.0,10.0,0.4,0.455,-0.055,,,,,,,,,,,,,,,,,,,,,,,,,,,,,,,20210418.0,2020-21,False,NOP,4.0,1.0,3.0,2.0,0.0,0.0,0.0,0.0,0.0,0.0,0.0,0.0,0.0,0.0,0.0,0.0,0.0,0.0,0.0,0.0,0.0,,,,,,0.8,0.7,4.0,4.54,1.4,4.03,Elfrid,1.0,1.0,0.0,1.0,15.7,0.0,0.0,14.0,1.0,1.0,1.0,1.0,112.0,96.0,76.0,125.0,56.0,86.0,31.0,91.0,99.0,91.0,44.0,143.0,132.0,43.0,56.0,5.0,60.0,1.0,24.0,83.0,115.0,131.0,106.0,15.0,1.0,106.0,93.81,48.0,121.1,152.0,2.0,50.0,-36.4,37.0,51.0,150.0,94.0,141.0,120.0,96.0,136.0,152.0,143.0,8.0,93.0,122.0,84.6,86.0,76.0,150.0,141.0,31.0,141.0,138.0,120.0,122.0,144.0,125.0,11.0,5.0,,,,G,NYK,,,,,,,,,,,,,,,,,,,,,,,,,,,,,,,,,,,,,,,,,,,,,,,,,,,7655.0,106.0,,,,,,,,,,,,,,19.7,1610612740.0,NYK,NOP,NYK,NOP,,,,,,,,,,,,,,,,,,,
203901,Elfrid Payton,1610612752,NYK,27.0,16.983333333333334,5,7,0.714,1,2,0.5,0,0,0.0,1,3,4,3,1,0,0,0,0,0,11,5,81.26,3.0,0.19,0.786,9.1,35,0.202,11.8,128.6,97.51,27.3,0.188,0.231,0.118,0.786,0.056,126.3,99.77,114.4,117.6,9.1,10.9,0.175,38.0,0.105,41.0,0.079,7.0,1.0,4.0,0.0,8.0,0.0,2.0,0.0,0.0,2.0,0.4,0.0,2.0,5.0,0.0,0.0,0.4,0.0,0.5,0.0,0.0,1.0,0.0,0.22,1.0,4.0,3.34,50.0,1.0,0.0,0.0,22.0,3.3,0.0,1.0,13.0,1.0,1.0,1.0,0.0,0.0,3.0,13.7,1.0,10.6,3.0,0.0,3.0,1.0,1.0,0.25,0.0,0.0,1.0,1.0,0.0,1.0,4.0,0.0,,0.0,1.0,0.143,0.143,1.0,1.0,0.0,1.0,1.0,1.0,1.0,,4.0,0.0,0.0,0.0,0.75,3.0,0.75,4.0,3.0,0.571,0.75,0.571,,,,,,,,,,,,,,,0.5,1.0,0.0,2.0,0.75,0.5,2.0,0.0,1.0,0.0,0.286,0.286,,0.0,0.0,,,0.0,0.0,0.0,3.0,0.5,0.0,0.0,0.0,0.786,0.0,0.0,0.0,0.0,0.0,0.5,4.0,1.0,0.0,0.0,0.0,0.0,0.0,2.0,0.0,0.0,0.0,0.8,0.0,0.0,5.0,0.0,0.0,0.0,0.0,0.0,0.0,-0.007,0.606,0.331,103.0,0.599,172.0,0.0,0.0,0.0,0.0,,,0.0,0.0,0.0,1.0,0.0,0.8,0.0,0.0,4.0,1.0,0.0,0.0,0.0,1.0,0.0,0.0,0.0,,0.0,5.0,1.0,0.75,2.0,0.5,2.0,1.0,1.0,2021,22000809,,2.0,4.0,0.5,0.461,0.039,,,,,,,,,,,,,,,,,,,,,,,,,,,,,,,20210411.0,2020-21,False,TOR,1.0,0.0,1.0,2.0,0.0,0.0,0.0,2.0,0.0,2.0,1.0,0.0,0.0,0.0,0.0,0.0,0.0,0.0,0.0,0.0,0.0,,,,,,0.7,0.5,4.3,4.3,1.3,3.58,Elfrid,1.0,1.0,0.0,1.0,19.3,0.0,0.0,19.0,1.0,1.0,1.0,1.0,151.0,57.0,99.0,26.0,61.0,111.0,29.0,112.0,119.0,112.0,52.0,74.0,79.0,58.0,70.0,101.0,71.0,1.0,1.0,146.0,80.0,61.0,107.0,14.0,2.0,104.0,97.51,90.0,117.6,138.0,5.0,59.0,10.9,47.0,95.0,37.0,121.0,102.0,138.0,57.0,33.0,138.0,50.0,7.0,118.0,74.0,128.6,123.0,99.0,37.0,71.0,42.0,71.0,39.0,138.0,33.0,54.0,29.0,26.0,11.0,,,1.0,G,NYK,,,,,,,,,,,,,,,,,,,,,,,,,,,,,,,,,,,,,,,,,,,,,,,,,,,6700.0,98.0,,,,,,,,,,,,,,17.0,1610612761.0,NYK,TOR,NYK,TOR,,,,,,,,,,,,,,,,,,,
203901,Elfrid Payton,1610612752,NYK,27.0,15.183333333333334,5,9,0.556,2,2,1.0,0,0,0.0,0,0,0,0,1,1,0,1,3,0,12,-11,82.99,0.0,0.294,0.667,10.0,32,0.303,-41.2,90.6,99.58,0.0,0.0,0.0,0.0,0.667,0.0,90.7,98.44,131.9,129.0,10.0,-38.4,0.079,33.0,0.03,38.0,0.0,2.0,1.0,1.0,0.0,2.0,0.167,2.0,1.0,0.0,4.0,0.333,0.0,1.0,6.0,0.0,0.0,0.167,0.0,0.25,0.0,0.0,1.0,0.0,0.279,2.0,4.51,4.14,43.0,2.0,0.0,1.0,16.0,3.2,1.0,,,,,,,,,,,,,,,,,,,,,,,,,,,,,,,,,,,,,,,6.0,0.0,0.0,0.0,0.5,3.0,0.5,6.0,3.0,0.667,0.5,0.667,,,,,,,,,,,,,,0.0,0.667,2.0,1.0,2.0,1.0,1.0,3.0,0.111,2.0,0.0,0.333,0.222,0.0,0.0,0.0,0.0,,0.0,1.0,0.0,6.0,1.0,2.0,1.0,1.0,0.667,0.0,0.0,2.0,0.0,0.0,1.0,3.0,2.0,0.0,0.0,1.0,0.0,0.0,2.0,0.0,0.0,0.0,0.75,0.0,2.0,4.0,0.0,0.0,0.0,0.0,0.0,0.0,-0.009,0.606,0.331,102.0,0.596,171.0,0.0,2.0,,0.0,,,2.0,,0.0,2.0,0.0,0.75,0.0,0.0,3.0,0.0,0.0,0.0,0.0,0.0,0.0,1.0,,,1.0,4.0,0.0,1.5,2.0,1.0,2.0,2.0,2.0,2021,22000793,,2.0,6.0,0.333,0.468,-0.135,,,,,,,,,,,,,,,,,,,,,,,,,,,,,,,20210409.0,2020-21,False,MEM,2.0,1.0,1.0,1.0,0.0,0.0,0.0,0.0,0.0,0.0,0.0,0.0,0.0,0.0,0.0,0.0,0.0,0.0,0.0,0.0,0.0,,,,,,0.7,0.5,4.46,4.76,1.2,4.09,Elfrid,1.0,1.0,0.0,1.0,14.0,0.0,0.0,16.0,1.0,1.0,1.0,1.0,147.0,57.0,75.0,53.0,33.0,92.0,1.0,111.0,116.0,111.0,85.0,165.0,168.0,143.0,74.0,36.0,61.0,123.0,124.0,134.0,71.0,159.0,129.0,19.0,4.0,111.0,99.58,18.0,129.0,138.0,5.0,85.0,-38.4,143.0,20.0,157.0,107.0,137.0,156.0,57.0,56.0,138.0,165.0,9.0,106.0,178.0,90.6,167.0,75.0,157.0,177.0,143.0,177.0,160.0,156.0,38.0,168.0,101.0,107.0,12.0,,,,G,NYK,,,,,,,,,,,,,,,,,,,,,,,,,,,,,,,,,,,,,,,,,,,,,,,,,,,6181.0,109.0,,,,,,,,,,,,,,15.2,1610612763.0,NYK,MEM,NYK,MEM,,,,,,,,,,,,,,,,,,,
203901,Elfrid Payton,1610612752,NYK,27.0,21.45,3,8,0.375,2,2,1.0,0,0,0.0,1,1,2,4,3,0,0,1,4,1,8,-8,87.65,1.33,0.212,0.5,20.0,47,0.222,-17.7,87.2,105.17,26.7,0.037,0.333,0.039,0.5,0.042,87.9,104.1,105.6,104.3,20.0,-17.0,0.019,39.0,0.103,42.0,0.103,4.0,0.0,4.0,0.0,10.0,0.222,2.0,2.0,0.0,4.0,0.222,0.111,2.0,9.0,1.0,0.0,0.222,0.0,0.25,0.0,0.0,1.0,0.0,0.157,3.0,4.29,3.96,51.0,1.0,0.0,0.0,21.0,3.6,0.0,4.0,7.8,0.0,0.25,0.333,0.0,1.0,2.0,5.3,0.333,10.4,1.0,0.0,2.0,0.5,0.5,0.0,0.0,0.0,0.0,0.25,0.0,0.0,6.0,0.0,,0.0,1.0,0.125,0.125,0.0,1.0,0.0,0.0,0.0,0.0,0.0,,4.0,0.0,0.0,0.0,0.25,1.0,0.25,4.0,1.0,0.5,0.25,0.5,2.0,0.375,3.0,1.0,0.0,1.0,0.25,1.0,2.0,0.667,0.125,2.0,0.0,,,,,,,,,,,,,,1.0,1.0,5.0,1.25,1.0,1.0,2.0,2.0,3.0,1.0,0.0,0.0,0.0,0.5,0.0,0.0,0.0,1.0,0.0,1.0,0.0,2.0,0.2,0.0,0.0,0.0,0.0,2.0,0.0,0.0,0.0,0.0,0.0,5.0,1.0,0.0,0.0,0.0,0.0,0.0,0.0,-0.002,0.605,0.331,102.0,0.604,169.0,1.0,3.0,0.0,0.0,,,2.0,0.0,0.0,2.0,0.333,0.0,0.0,0.0,0.0,0.0,0.0,0.0,0.0,0.0,0.0,1.0,0.0,,0.0,3.0,0.0,1.5,1.0,1.0,1.0,1.0,1.0,2021,22000778,,4.0,9.0,0.444,0.506,-0.061,,,,,,,,,,,,,,,,,,,,,,,,,,,,,,,20210407.0,2020-21,False,BOS,6.0,2.0,4.0,1.0,0.0,0.0,0.0,0.0,0.0,0.0,0.0,0.0,0.0,0.0,0.0,0.0,0.0,0.0,0.0,0.0,0.0,,,,,,0.8,0.8,4.15,4.2,1.6,4.1,Elfrid,1.0,0.0,1.0,0.0,13.4,0.0,0.0,16.0,1.0,100.0,100.0,100.0,110.0,92.0,85.0,119.0,33.0,96.0,1.0,112.0,116.0,112.0,48.0,131.0,121.0,35.0,16.0,90.0,63.0,131.0,172.0,87.0,99.0,140.0,124.0,17.0,2.0,109.0,105.17,66.0,104.3,48.0,3.0,70.0,-17.0,36.0,71.0,166.0,169.0,84.0,69.0,92.0,112.0,48.0,155.0,8.0,166.0,134.0,87.2,81.0,85.0,166.0,138.0,17.0,138.0,161.0,69.0,88.0,150.0,159.0,52.0,8.0,,,1.0,G,NYK,,,,,,,,,,,,,,,,,,,,,,,,,,,,,,,,,,,,,,,,,,,,,,,,,,,8426.0,96.0,,,,,,,,,,,,,,21.5,1610612738.0,BOS,NYK,NYK,BOS,,,,,,,,,,,,,,,,,,,
203901,Elfrid Payton,1610612752,NYK,27.0,13.75,3,6,0.5,0,2,0.0,0,0,0.0,1,3,4,1,0,0,0,1,0,0,6,-5,82.91,0.0,0.194,0.5,0.0,28,0.194,-14.0,85.7,99.49,14.3,0.188,0.167,0.121,0.5,0.059,83.1,102.56,97.1,100.0,0.0,-14.3,0.163,24.0,0.042,24.0,0.042,1.0,0.0,1.0,0.0,2.0,0.25,4.0,1.0,0.0,3.0,1.0,0.0,0.0,4.0,0.0,0.0,0.0,0.0,0.667,0.0,0.0,2.0,0.0,0.194,0.0,4.45,4.03,31.0,0.0,0.0,0.0,7.0,2.3,0.0,3.0,9.4,0.0,0.333,0.667,0.0,1.0,3.0,5.2,0.667,21.7,3.0,0.0,4.0,1.0,1.0,0.0,0.0,0.0,0.0,0.333,0.0,0.0,6.0,,,,,,,,,,,,,,,4.0,0.0,0.0,0.0,0.75,3.0,0.75,4.0,3.0,0.667,0.75,0.667,2.0,0.333,2.0,0.0,0.0,0.0,0.333,0.0,0.0,0.0,0.0,0.0,,,,,,,,,,,,,,,0.0,0.0,0.0,0.0,0.0,1.0,1.0,0.0,0.0,0.0,0.0,0.0,0.0,0.5,0.0,0.0,0.0,0.0,0.0,0.0,3.0,0.0,0.0,0.0,0.0,0.0,0.0,1.0,1.0,0.0,1.0,0.75,0.0,0.0,4.0,0.0,0.0,0.0,0.0,0.0,0.0,-0.005,0.604,0.335,97.0,0.599,162.0,0.0,0.0,,0.0,,,0.0,,0.0,1.0,0.0,0.75,0.0,0.0,3.0,0.0,0.0,0.0,0.0,1.0,0.0,0.0,,,0.0,4.0,0.0,0.0,1.0,0.0,1.0,0.0,0.0,2021,22000739,,3.0,6.0,0.5,0.488,0.012,,,,,,,,,,,,,,,,,,,,,,,,,,,,,,,20210402.0,2020-21,False,DAL,3.0,2.0,1.0,0.0,0.0,0.0,0.0,0.0,0.0,0.0,0.0,0.0,0.0,0.0,0.0,0.0,0.0,0.0,0.0,0.0,0.0,,,,,,0.6,0.5,4.62,5.19,1.1,4.09,Elfrid,1.0,0.0,1.0,0.0,12.3,0.0,0.0,11.0,1.0,117.0,117.0,117.0,172.0,102.0,125.0,71.0,126.0,115.0,126.0,121.0,128.0,121.0,48.0,91.0,81.0,111.0,129.0,103.0,71.0,160.0,1.0,157.0,132.0,135.0,154.0,13.0,1.0,152.0,99.49,104.0,100.0,155.0,3.0,53.0,-14.3,106.0,105.0,178.0,1.0,106.0,75.0,102.0,118.0,155.0,70.0,6.0,1.0,136.0,85.7,69.0,125.0,178.0,142.0,76.0,142.0,191.0,75.0,100.0,60.0,47.0,103.0,6.0,,,,G,NYK,,,,,,,,,,,,,,,,,,,,,,,,,,,,,,,,,,,,,,,,,,,,,,,,,,,5653.0,93.0,,,,,,,,,,,,,,13.8,1610612742.0,NYK,DAL,NYK,DAL,,,,,,,,,,,,,,,,,,,
203901,Elfrid Payton,1610612752,NYK,27.0,24.166666666666668,4,14,0.286,1,4,0.25,1,2,0.5,3,2,5,3,0,0,0,2,1,2,10,-21,86.07,0.0,0.259,0.336,0.0,52,0.262,-36.2,100.0,103.28,16.7,0.111,0.167,0.111,0.321,0.111,100.5,104.43,136.7,140.4,0.0,-40.4,0.036,43.0,0.047,48.0,0.07,3.0,0.0,2.0,0.0,4.0,0.0,4.0,0.0,0.0,7.0,0.444,0.0,2.0,9.0,0.0,0.0,0.222,0.0,0.286,0.0,0.0,2.0,1.0,0.167,1.0,3.92,3.38,60.0,1.0,0.0,0.0,19.0,3.9,0.0,5.0,10.1,1.0,0.75,0.714,0.0,2.0,6.0,8.9,0.5,10.8,2.0,3.0,4.0,0.5,0.333,0.2,1.0,2.0,0.333,0.6,0.0,1.0,10.0,0.0,,0.0,1.0,0.071,0.071,0.0,1.0,0.0,0.0,0.0,0.0,0.0,,6.0,0.0,0.0,0.0,0.333,2.0,0.333,6.0,2.0,0.429,0.333,0.429,0.0,0.143,2.0,2.0,1.0,0.5,0.0,,0.0,0.5,0.143,1.0,0.5,0.0,0.2,1.0,1.0,4.0,0.3,0.25,5.0,0.071,1.0,0.0,0.357,0.286,0.333,0.0,2.0,0.333,,0.0,3.0,1.0,3.0,0.25,0.0,0.0,0.0,0.321,0.0,0.0,0.0,0.0,0.333,0.0,2.0,0.0,0.0,0.0,2.0,1.0,0.0,1.0,3.0,0.0,2.0,0.5,1.0,4.0,4.0,0.0,1.0,1.0,1.0,0.0,0.5,-0.019,0.607,0.325,84.0,0.587,143.0,0.0,1.0,,1.0,0.0,0.0,0.0,,3.0,1.0,0.0,0.4,0.0,0.0,2.0,1.0,0.333,0.0,0.0,3.0,0.0,0.0,,0.0,1.0,5.0,0.333,0.375,4.0,0.25,4.0,1.0,1.0,2021,22000573,,9.0,11.0,0.818,0.476,0.342,,,,,,,,,,,,,,,,,,,,,,,,,,,,,,,20210311.0,2020-21,False,MIL,3.0,1.0,2.0,2.0,0.0,1.0,2.0,1.0,1.0,2.0,0.5,0.5,0.0,0.0,0.0,0.0,0.0,0.0,0.0,0.0,0.0,,,,,,1.0,0.9,4.47,4.58,1.9,4.37,Elfrid,1.0,0.0,1.0,0.0,20.5,0.0,0.0,19.0,1.0,121.0,121.0,121.0,111.0,88.0,42.0,181.0,78.0,77.0,122.0,89.0,66.0,96.0,12.0,135.0,59.0,53.0,140.0,101.0,88.0,216.0,45.0,64.0,109.0,231.0,116.0,14.0,2.0,122.0,103.28,48.0,140.4,100.0,4.0,32.0,-40.4,94.0,44.0,173.0,1.0,98.0,228.0,88.0,196.0,100.0,136.0,14.0,1.0,221.0,100.0,224.0,42.0,173.0,224.0,71.0,224.0,173.0,228.0,192.0,75.0,187.0,113.0,10.0,,,1.0,G,NYK,,,,,,,,,,,,,,,,,,,,,,,,,,,,,,,,,,,,,,,,,,,,,,,,,,,10049.0,101.0,,,,,,,,,,,,,,24.2,1610612749.0,MIL,NYK,NYK,MIL,,,,,,,,,,,,,,,,,,,
203901,Elfrid Payton,1610612752,NYK,27.0,31.55,3,6,0.5,0,0,0.0,5,6,0.833,0,1,1,7,1,0,0,0,2,4,11,9,78.61,7.0,0.145,0.637,5.9,61,0.138,10.9,124.6,94.33,41.2,0.032,0.292,0.016,0.5,0.0,117.3,97.19,106.4,106.3,6.0,18.2,0.093,53.0,0.132,62.0,0.132,8.0,0.0,7.0,0.0,15.0,0.182,7.0,2.0,3.0,3.0,0.636,0.091,2.0,11.0,1.0,6.0,0.182,0.273,0.333,5.0,0.833,1.0,0.0,0.164,0.0,4.88,4.54,67.0,0.0,0.0,0.0,21.0,5.4,0.0,0.0,8.3,0.0,0.0,1.0,0.0,0.0,1.0,8.3,1.0,0.0,1.0,0.0,1.0,1.0,1.0,0.0,0.0,0.0,0.0,0.0,0.0,0.0,1.0,0.0,,0.0,2.0,0.333,0.333,1.0,2.0,0.0,0.5,0.5,1.0,0.5,,4.0,0.0,0.0,0.0,0.5,2.0,0.5,4.0,2.0,0.667,0.5,0.667,,,,,,,,,,,,,,,,,,,,,,,,,,,,,0.0,,,,0.0,0.0,0.0,0.0,0.0,0.0,0.0,0.5,0.0,0.0,0.0,0.0,0.0,0.0,3.0,0.0,0.0,0.0,0.0,0.0,0.0,0.0,0.0,0.0,0.0,0.5,0.0,0.0,6.0,0.0,0.0,0.0,0.0,0.0,0.0,-0.012,0.602,0.31,72.0,0.59,122.0,0.0,0.0,,0.0,0.0,0.0,0.0,,0.0,0.0,0.0,0.5,0.0,0.0,3.0,0.0,0.0,0.0,0.0,0.0,0.0,0.0,,0.0,0.0,6.0,0.0,,0.0,,,,0.0,2021,22000469,,4.0,11.0,0.364,0.409,-0.045,,,,,,,,,,,,,,,,,,,,,,,,,,,,,,,20210221.0,2020-21,False,MIN,3.0,1.0,2.0,1.0,0.0,0.0,0.0,0.0,0.0,0.0,0.0,0.0,0.0,0.0,0.0,0.0,0.0,0.0,0.0,0.0,0.0,,,,,,1.3,1.0,4.12,4.71,2.3,3.55,Elfrid,1.0,1.0,0.0,1.0,21.7,0.0,0.0,19.0,1.0,1.0,1.0,1.0,49.0,73.0,90.0,51.0,92.0,123.0,92.0,23.0,20.0,41.0,81.0,111.0,121.0,10.0,51.0,72.0,49.0,1.0,61.0,28.0,64.0,24.0,71.0,19.0,1.0,79.0,94.33,110.0,106.3,145.0,3.0,81.0,18.2,6.0,101.0,21.0,65.0,115.0,57.0,73.0,59.0,145.0,134.0,6.0,64.0,41.0,124.6,60.0,90.0,21.0,27.0,21.0,27.0,45.0,57.0,73.0,140.0,72.0,2.0,11.0,,,1.0,G,NYK,,,,,,,,,,,,,,,,,,,,,,,,,,,,,,,,,,,,,,,,,,,,,,,,,,,12077.0,95.0,,,,,,,,,,,,,,31.6,1610612750.0,NYK,MIN,NYK,MIN,,,,,,,,,,,,,,,,,,,
203901,Elfrid Payton,1610612752,NYK,27.0,21.766666666666666,7,11,0.636,1,1,1.0,0,0,0.0,0,2,2,3,1,1,0,2,2,0,15,1,79.02,3.0,0.255,0.682,6.7,42,0.255,4.3,128.6,94.82,20.0,0.087,0.2,0.049,0.682,0.0,122.5,98.04,118.2,120.5,6.7,8.1,0.144,28.0,0.143,33.0,0.107,5.0,0.0,4.0,1.0,7.0,0.0,8.0,0.0,0.0,7.0,0.727,0.091,4.0,11.0,1.0,0.0,0.364,0.0,0.571,0.0,0.0,4.0,0.0,0.375,0.0,5.11,4.68,40.0,1.0,0.0,0.0,10.0,3.4,2.0,2.0,7.7,0.0,0.0,0.333,0.0,0.0,5.0,7.7,0.286,0.0,2.0,1.0,2.0,0.4,0.4,0.0,1.0,0.0,0.0,0.0,0.0,0.0,7.0,0.0,,0.0,3.0,0.273,0.273,1.0,3.0,0.0,0.333,0.333,1.0,0.333,,5.0,0.0,0.0,0.0,0.8,4.0,0.8,5.0,4.0,0.455,0.8,0.455,0.0,0.182,2.0,2.0,1.0,0.5,0.0,,0.0,0.5,0.182,1.0,0.5,,1.0,1.0,0.0,1.0,1.5,1.0,1.0,0.0,1.0,0.0,0.091,0.091,0.5,0.0,2.0,0.5,,0.0,2.0,1.0,3.0,1.0,0.0,0.0,1.0,0.682,0.0,0.0,2.0,1.0,0.0,1.0,5.0,1.0,0.5,0.0,1.0,0.0,,1.0,0.0,0.0,0.0,0.714,0.0,2.0,7.0,,0.0,0.0,0.0,,0.0,0.005,0.606,0.314,69.0,0.611,113.0,0.0,0.0,,1.0,,,1.0,,3.0,1.0,0.0,0.714,0.0,,5.0,0.0,0.333,0.0,,0.0,,1.0,,,0.0,7.0,0.0,1.5,1.0,1.0,1.0,1.0,1.0,2021,22000408,,5.0,12.0,0.417,0.411,0.006,,,,,,,,,,,,,,,,,,,,,,,,,,,,,,,20210213.0,2020-21,False,HOU,4.0,1.0,3.0,1.0,0.0,0.0,0.0,0.0,0.0,0.0,0.0,0.0,0.0,0.0,0.0,0.0,0.0,0.0,0.0,0.0,0.0,,,,,,0.9,0.8,4.17,5.26,1.6,3.75,Elfrid,1.0,1.0,0.0,1.0,23.9,0.0,0.0,23.0,1.0,1.0,1.0,1.0,62.0,14.0,25.0,25.0,32.0,69.0,1.0,60.0,62.0,60.0,44.0,58.0,65.0,31.0,33.0,15.0,33.0,111.0,56.0,72.0,31.0,52.0,46.0,12.0,1.0,42.0,94.82,29.0,120.5,109.0,7.0,44.0,8.1,39.0,23.0,17.0,62.0,77.0,74.0,14.0,38.0,109.0,68.0,11.0,62.0,49.0,128.6,68.0,25.0,17.0,47.0,31.0,47.0,36.0,74.0,31.0,75.0,24.0,12.0,15.0,,,1.0,G,NYK,,,,,,,,,,,,,,,,,,,,,,,,,,,,,,,,,,,,,,,,,,,,,,,,,,,8556.0,97.0,,,,,,,,,,,,,,21.8,1610612745.0,NYK,HOU,NYK,HOU,,,,,,,,,,,,,,,,,,,
203901,Elfrid Payton,1610612752,NYK,27.0,23.4,6,12,0.5,0,1,0.0,0,0,0.0,2,1,3,2,1,1,0,2,0,0,12,7,84.62,2.0,0.213,0.5,6.7,50,0.219,11.2,102.0,101.54,13.3,0.029,0.143,0.046,0.5,0.065,99.5,103.71,88.3,89.8,6.7,12.2,0.117,32.0,0.125,40.0,0.063,7.0,2.0,4.0,0.0,9.0,0.154,6.0,2.0,0.0,7.0,0.462,0.077,4.0,13.0,1.0,0.0,0.308,0.0,0.429,0.0,0.0,3.0,0.0,0.261,0.0,4.93,4.91,46.0,3.0,0.0,0.0,20.0,3.8,1.333,2.0,13.0,0.0,1.0,1.0,0.0,2.0,1.0,14.3,1.0,12.3,1.0,0.0,3.0,1.0,1.0,0.0,0.0,0.0,0.0,1.0,0.0,0.0,3.0,0.0,,0.0,1.0,0.083,0.083,1.0,1.0,0.0,1.0,1.0,1.0,1.0,0.0,7.0,0.0,1.0,0.083,0.286,2.0,0.333,6.0,2.0,0.583,0.286,0.5,0.0,0.25,3.0,3.0,2.0,0.667,0.0,,0.0,0.667,0.25,2.0,0.667,1.0,1.0,0.0,1.0,0.0,1.0,,1.0,0.083,1.0,1.0,0.083,0.0,0.333,0.0,2.0,0.333,,0.0,3.0,1.0,0.0,0.0,0.0,0.0,1.0,0.5,0.0,0.0,4.0,2.0,0.0,0.0,3.0,0.0,0.4,0.0,2.0,0.0,,0.0,1.0,0.0,1.0,0.75,0.0,5.0,4.0,,0.0,1.0,0.0,,0.5,0.005,0.607,0.319,68.0,0.613,111.0,2.0,4.0,,0.0,0.0,0.0,0.0,,1.0,0.0,0.5,0.75,1.0,,3.0,0.0,0.0,0.5,,1.0,,0.0,,0.0,2.0,4.0,0.0,0.0,1.0,0.0,1.0,0.0,0.0,2021,22000396,,2.0,12.0,0.167,0.432,-0.265,,,,,,,,,,,,,,,,,,,,,,,,,,,,,,,20210212.0,2020-21,False,WAS,10.0,4.0,6.0,3.0,0.0,0.0,0.0,1.0,0.0,1.0,1.0,0.0,0.0,0.0,0.0,0.0,0.0,0.0,0.0,0.0,0.0,,,,,,1.1,0.8,4.48,4.88,1.8,4.55,Elfrid,1.0,1.0,0.0,1.0,20.6,0.0,0.0,19.0,1.0,1.0,1.0,1.0,111.0,57.0,52.0,75.0,123.0,149.0,123.0,126.0,132.0,126.0,23.0,164.0,115.0,79.0,80.0,37.0,65.0,218.0,1.0,161.0,79.0,62.0,111.0,17.0,1.0,107.0,101.54,74.0,89.8,124.0,6.0,53.0,12.2,119.0,76.0,157.0,98.0,81.0,30.0,57.0,133.0,124.0,200.0,12.0,98.0,70.0,102.0,28.0,52.0,157.0,68.0,83.0,68.0,166.0,30.0,102.0,175.0,86.0,41.0,12.0,,,1.0,G,NYK,,,,,,,,,,,,,,,,,,,,,,,,,,,,,,,,,,,,,,,,,,,,,,,,,,,9564.0,103.0,,,,,,,,,,,,,,23.4,1610612764.0,WAS,NYK,NYK,WAS,,,,,,,,,,,,,,,,,,,
203901,Elfrid Payton,1610612752,NYK,27.0,34.70666666666666,9,20,0.45,0,2,0.0,2,2,1.0,4,4,8,4,1,0,1,1,2,2,20,7,78.37,4.0,0.268,0.479,3.8,69,0.273,4.6,108.7,94.05,15.4,0.111,0.167,0.111,0.45,0.111,103.9,97.31,99.2,101.5,3.9,7.2,0.124,53.0,0.075,64.0,0.075,8.0,0.0,4.0,0.0,8.0,0.0,14.0,0.0,0.0,14.0,0.778,0.056,3.0,18.0,1.0,0.0,0.167,0.0,0.5,0.0,0.0,7.0,0.0,0.253,1.0,4.62,4.33,79.0,4.0,0.0,0.0,32.0,6.1,1.5,5.0,12.6,2.0,0.8,0.8,0.0,2.0,5.0,13.4,0.8,11.9,4.0,0.0,6.0,0.8,0.8,0.25,0.0,0.0,0.5,0.8,0.0,2.0,10.0,,,,,,,,,,,,,,,10.0,0.0,0.0,0.0,0.6,6.0,0.6,10.0,6.0,0.526,0.6,0.526,1.0,0.316,6.0,5.0,2.0,0.333,0.053,0.0,0.0,0.333,0.263,2.0,0.4,0.5,0.333,0.0,2.0,1.0,0.333,0.0,3.0,0.105,1.0,1.0,0.158,0.053,0.25,0.0,2.0,0.25,,0.0,4.0,1.0,0.0,0.0,0.0,0.0,1.0,0.45,0.0,0.0,6.0,1.0,0.0,0.0,8.0,0.0,0.143,0.0,1.0,0.0,0.0,2.0,0.0,0.0,0.0,0.8,0.0,7.0,10.0,0.0,0.0,0.0,0.0,0.0,0.0,0.014,0.606,0.332,62.0,0.62,100.0,1.0,7.0,0.0,0.0,0.0,0.0,0.0,0.0,0.0,2.0,0.143,0.8,0.0,0.0,8.0,0.0,0.0,0.0,0.0,0.0,0.0,0.0,0.0,0.0,1.0,10.0,0.0,0.0,2.0,0.0,2.0,0.0,0.0,2021,22000332,,9.0,21.0,0.429,0.475,-0.046,,,,,,,,,,,,,,,,,,,,,,,,,,,,,,,20210203.0,2020-21,False,CHI,14.0,5.0,9.0,3.0,0.0,0.0,0.0,0.0,0.0,0.0,0.0,0.0,0.0,0.0,0.0,0.0,0.0,0.0,0.0,0.0,0.0,,,,,,1.4,1.2,4.29,4.45,2.6,4.1,Elfrid,1.0,1.0,0.0,1.0,37.6,0.0,0.0,34.0,1.0,1.0,1.0,1.0,25.0,15.0,8.0,108.0,119.0,110.0,119.0,49.0,61.0,1.0,4.0,63.0,26.0,34.0,70.0,100.0,22.0,138.0,98.0,51.0,31.0,46.0,33.0,19.0,2.0,36.0,94.05,27.0,101.5,190.0,9.0,15.0,7.2,104.0,25.0,91.0,83.0,165.0,73.0,15.0,139.0,190.0,115.0,20.0,83.0,85.0,108.7,67.0,8.0,91.0,77.0,74.0,77.0,116.0,73.0,131.0,59.0,79.0,8.0,20.0,,,,G,NYK,,,,,,,,,,,,,,,,,,,,,,,,,,,,,,,,,,,,,,,,,,,,,,,,,,,13734.0,98.0,,,,,,,,,,,,,,34.7,1610612741.0,CHI,NYK,NYK,CHI,,,,,,,,,,,,,,,,,,,
203901,Elfrid Payton,1610612752,NYK,27.0,21.38,2,7,0.286,0,2,0.0,0,0,0.0,1,1,2,2,2,0,0,1,3,1,4,-7,80.45,1.0,0.188,0.286,18.2,43,0.193,-14.9,88.4,96.54,18.2,0.043,0.154,0.043,0.286,0.042,91.5,94.07,106.4,104.7,18.2,-16.3,-0.032,30.0,0.067,36.0,0.067,5.0,0.0,2.0,0.0,5.0,0.25,4.0,2.0,0.0,5.0,0.5,0.0,1.0,8.0,0.0,0.0,0.125,0.0,0.4,0.0,0.0,2.0,0.0,0.1,1.0,4.53,4.5,40.0,1.0,0.0,0.0,14.0,3.0,0.0,1.0,11.4,0.0,1.0,0.667,0.0,1.0,2.0,8.0,0.667,14.8,1.0,0.0,2.0,0.5,0.5,0.0,0.0,0.0,0.0,1.0,0.0,0.0,3.0,,,,,,,,,,,,,,,5.0,0.0,0.0,0.0,0.4,2.0,0.4,5.0,2.0,0.714,0.4,0.714,,,,,,,,,,,,,,,0.0,0.0,0.0,2.0,0.0,0.0,2.0,0.0,0.0,0.0,0.286,0.286,0.0,0.0,0.0,0.0,,0.0,1.0,0.0,0.0,0.0,0.0,0.0,0.0,0.286,0.0,0.0,0.0,2.0,0.0,0.0,0.0,0.0,0.4,0.0,0.0,0.0,0.0,1.0,1.0,0.0,1.0,0.0,0.0,5.0,0.0,0.0,0.0,0.0,0.0,0.0,0.0,-0.03,0.607,0.316,45.0,0.577,78.0,2.0,3.0,,0.0,0.0,0.0,0.0,,2.0,1.0,0.667,0.0,0.0,0.0,0.0,0.0,0.0,0.0,0.0,1.0,0.0,0.0,,0.0,0.0,0.0,0.0,0.0,2.0,0.0,2.0,0.0,0.0,2021,22000270,,6.0,11.0,0.545,0.441,0.104,,,,,,,,,,,,,,,,,,,,,,,,,,,,,,,20210126.0,2020-21,False,UTA,1.0,1.0,0.0,3.0,0.0,0.0,0.0,0.0,0.0,0.0,0.0,0.0,0.0,0.0,0.0,0.0,0.0,0.0,0.0,0.0,0.0,,,,,,0.8,0.8,4.29,4.33,1.6,4.25,Elfrid,1.0,0.0,1.0,0.0,7.4,0.0,0.0,8.0,1.0,35.0,35.0,35.0,42.0,34.0,31.0,41.0,32.0,32.0,32.0,33.0,35.0,33.0,19.0,44.0,41.0,22.0,10.0,30.0,18.0,45.0,47.0,32.0,40.0,50.0,47.0,8.0,1.0,46.0,96.54,30.0,104.7,43.0,2.0,22.0,-16.3,19.0,30.0,51.0,51.0,36.0,37.0,34.0,46.0,43.0,50.0,7.0,51.0,44.0,88.4,36.0,31.0,51.0,48.0,22.0,48.0,46.0,37.0,44.0,44.0,56.0,16.0,4.0,,,,G,NYK,,,,,,,,,,,,,,,,,,,,,,,,,,,,,,,,,,,,,,,,,,,,,,,,,,,8272.0,92.0,,,,,,,,,,,,,,21.4,1610612762.0,UTA,NYK,NYK,UTA,,,,,,,,,,,,,,,,,,,
203901,Elfrid Payton,1610612752,NYK,27.0,20.45,4,7,0.571,0,1,0.0,1,1,1.0,1,2,3,0,3,0,0,0,0,1,9,-14,78.24,0.0,0.227,0.605,30.0,41,0.247,-32.8,92.7,93.89,0.0,0.111,0.0,0.086,0.571,0.059,96.6,93.28,129.5,133.3,28.7,-40.7,0.064,40.0,0.025,46.0,0.0,4.0,0.0,1.0,1.0,0.0,0.0,5.0,0.0,0.0,3.0,1.25,0.0,1.0,4.0,0.0,0.0,0.25,0.0,0.667,0.0,0.0,2.0,0.0,0.176,1.0,4.74,4.27,51.0,1.0,0.0,2.0,16.0,4.0,2.0,2.0,20.4,0.0,0.5,1.0,0.0,1.0,3.0,7.6,0.75,46.1,2.0,1.0,3.0,1.0,0.667,0.0,0.0,1.0,0.0,0.5,0.0,0.0,4.0,0.0,,0.0,1.0,0.143,0.143,1.0,1.0,0.0,1.0,1.0,1.0,1.0,,4.0,0.0,0.0,0.0,0.75,3.0,0.75,4.0,3.0,0.571,0.75,0.571,0.0,0.143,1.0,1.0,0.0,0.0,0.0,,0.0,0.0,0.143,0.0,0.0,,0.0,0.0,0.0,1.0,0.0,0.0,1.0,0.0,0.0,0.0,0.143,0.143,0.0,0.0,0.0,0.0,,0.0,1.0,0.0,0.0,0.0,2.0,1.0,1.0,0.571,0.0,0.0,2.0,0.0,0.0,0.0,4.0,0.0,0.0,0.0,2.0,0.0,,1.0,0.0,0.0,0.0,1.0,0.0,0.0,4.0,,0.0,0.0,0.0,,0.0,-0.088,0.606,0.354,29.0,0.518,56.0,0.0,0.0,,0.0,,,0.0,,1.0,1.0,0.0,1.0,0.0,,4.0,0.0,0.0,0.0,,0.0,,0.0,,,1.0,4.0,0.0,0.0,1.0,0.0,1.0,0.0,0.0,2021,22000181,,3.0,12.0,0.25,0.432,-0.182,,,,,,,,,,,,,,,,,,,,,,,,,,,,,,,20210115.0,2020-21,False,CLE,4.0,1.0,3.0,0.0,0.0,0.0,0.0,1.0,0.0,1.0,1.0,0.0,0.0,0.0,0.0,0.0,0.0,0.0,0.0,0.0,0.0,,,,,,0.9,0.7,4.5,4.56,1.6,4.43,Elfrid,1.0,0.0,1.0,0.0,9.6,0.0,0.0,12.0,1.0,78.0,78.0,78.0,97.0,60.0,76.0,42.0,84.0,98.0,84.0,51.0,66.0,1.0,35.0,84.0,81.0,114.0,12.0,62.0,45.0,1.0,1.0,63.0,73.0,124.0,117.0,14.0,2.0,101.0,93.89,40.0,133.3,138.0,4.0,41.0,-40.7,114.0,47.0,119.0,141.0,134.0,130.0,60.0,67.0,138.0,84.0,7.0,141.0,123.0,92.7,126.0,76.0,119.0,130.0,114.0,130.0,107.0,130.0,68.0,69.0,96.0,76.0,9.0,,,1.0,G,NYK,,,,,,,,,,,,,,,,,,,,,,,,,,,,,,,,,,,,,,,,,,,,,,,,,,,8275.0,95.0,,,,,,,,,,,,,,20.5,1610612739.0,CLE,NYK,NYK,CLE,,,,,,,,,,,,,,,,,,,
203901,Elfrid Payton,1610612752,NYK,27.0,23.35,7,12,0.583,0,2,0.0,0,1,0.0,0,3,3,4,2,1,0,2,1,3,14,-14,83.94,2.0,0.269,0.563,11.1,48,0.274,-23.2,77.1,100.73,22.2,0.107,0.444,0.055,0.583,0.0,76.1,102.82,99.2,102.0,10.8,-24.9,0.187,41.0,0.122,53.0,0.098,9.0,0.0,5.0,1.0,8.0,0.0,6.0,0.0,0.0,6.0,0.5,0.25,6.0,12.0,3.0,0.0,0.5,0.0,0.5,0.0,0.0,3.0,1.0,0.237,0.0,4.7,4.58,59.0,3.0,0.0,0.0,23.0,4.6,2.0,1.0,14.2,0.0,0.0,0.6,0.0,0.0,4.0,14.2,0.6,0.0,3.0,0.0,3.0,0.75,0.75,0.0,0.0,0.0,0.0,0.0,0.0,0.0,5.0,,,,,,,,,,,,,,,7.0,0.0,0.0,0.0,0.571,4.0,0.571,7.0,4.0,0.583,0.571,0.583,0.0,0.25,3.0,3.0,3.0,1.0,0.0,,0.0,1.0,0.25,3.0,1.0,,0.0,0.0,0.0,2.0,0.0,0.0,2.0,0.0,0.0,0.0,0.167,0.167,0.5,0.0,2.0,0.5,,0.0,2.0,1.0,0.0,0.0,0.0,0.0,1.0,0.583,0.0,0.0,6.0,2.0,0.0,0.0,5.0,0.0,0.5,0.0,0.0,0.0,0.0,2.0,0.0,0.0,0.0,0.833,0.0,4.0,6.0,0.0,0.0,0.0,0.0,0.0,0.0,-0.167,0.602,0.365,10.0,0.435,23.0,0.0,1.0,,1.0,,,0.0,,2.0,2.0,0.0,0.857,0.0,0.0,6.0,0.0,0.5,0.0,0.0,0.0,0.0,0.0,,,0.0,7.0,0.0,0.0,2.0,0.0,2.0,0.0,0.0,2021,22000066,,4.0,13.0,0.308,0.449,-0.141,,,,,,,,,,,,,,,,,,,,,,,,,,,,,,,20201231.0,2020-21,False,TOR,6.0,1.0,5.0,2.0,0.0,0.0,0.0,0.0,1.0,1.0,0.0,1.0,0.0,0.0,0.0,0.0,0.0,0.0,0.0,0.0,0.0,,,,,,1.0,0.9,4.32,4.92,1.8,4.21,Elfrid,1.0,0.0,1.0,0.0,24.6,0.0,0.0,23.0,1.0,82.0,82.0,82.0,75.0,20.0,36.0,37.0,88.0,79.0,88.0,81.0,76.0,81.0,77.0,66.0,83.0,23.0,26.0,26.0,56.0,147.0,40.0,26.0,46.0,135.0,55.0,13.0,2.0,58.0,100.73,21.0,102.0,108.0,7.0,77.0,-24.9,40.0,18.0,134.0,96.0,86.0,68.0,20.0,69.0,108.0,96.0,12.0,96.0,124.0,77.1,60.0,36.0,134.0,124.0,4.0,124.0,137.0,68.0,56.0,108.0,20.0,25.0,14.0,,,,G,NYK,,,,,,,,,,,,,,,,,,,,,,,,,,,,,,,,,,,,,,,,,,,,,,,,,,,9657.0,101.0,,,,,,,,,,,,,,23.4,1610612761.0,TOR,NYK,NYK,TOR,,,,,,,,,,,,,,,,,,,
203901,Elfrid Payton,1610612752,NYK,27.0,12.416666666666666,1,3,0.333,0,1,0.0,0,0,0.0,0,2,2,2,0,0,0,0,3,0,2,4,74.09,0.0,0.125,0.333,0.0,23,0.126,30.7,130.4,88.91,40.0,0.125,0.182,0.077,0.333,0.0,131.1,94.25,100.5,113.0,0.0,17.4,0.017,23.0,0.087,20.0,0.087,4.0,0.0,2.0,0.0,6.0,0.0,2.0,0.0,0.0,1.0,2.0,0.0,0.0,1.0,0.0,0.0,0.0,0.0,1.0,0.0,0.0,1.0,0.0,0.077,0.0,4.49,4.23,26.0,0.0,0.0,0.0,8.0,1.9,0.0,0.0,13.5,1.0,0.0,1.0,0.5,0.0,4.0,13.5,0.5,0.0,1.0,2.0,1.0,1.0,0.5,0.5,0.0,2.0,0.0,0.0,1.0,0.0,4.0,,,,,,,,,,,,,,,1.0,0.0,0.0,0.0,1.0,1.0,1.0,1.0,1.0,0.333,1.0,0.333,0.0,0.333,1.0,1.0,0.0,0.0,0.0,,0.0,0.0,0.333,0.0,0.0,,0.0,0.0,0.0,1.0,0.0,0.0,1.0,0.0,0.0,0.0,0.333,0.333,0.0,0.0,0.0,0.0,,0.0,1.0,0.0,0.0,0.0,0.0,0.0,0.0,0.333,0.0,0.0,0.0,1.0,0.0,0.0,0.0,0.0,1.0,0.0,1.0,0.0,0.0,1.0,0.0,0.0,0.0,0.0,0.0,1.0,0.0,0.0,0.0,0.0,0.0,0.0,0.0,-0.015,0.608,0.335,128.0,0.593,216.0,1.0,1.0,0.0,0.0,0.0,0.0,0.0,0.0,0.0,1.0,1.0,0.0,0.0,0.0,0.0,0.0,0.0,0.0,0.0,0.0,0.0,0.0,0.0,0.0,1.0,0.0,0.0,0.0,1.0,0.0,1.0,0.0,0.0,2021,22001064,,3.0,9.0,0.333,0.458,-0.125,,,,,,,,,,,,,,,,,,,,,,,,,,,,,,,20210515.0,2020-21,False,CHA,0.0,0.0,0.0,2.0,0.0,0.0,0.0,1.0,1.0,2.0,0.5,0.5,0.0,0.0,0.0,0.0,0.0,0.0,0.0,0.0,0.0,,,,,,0.4,0.5,4.12,3.85,0.9,4.36,Elfrid,1.0,1.0,0.0,1.0,7.4,0.0,0.0,6.0,1.0,1.0,1.0,1.0,111.0,99.0,106.0,92.0,74.0,85.0,74.0,71.0,74.0,71.0,68.0,69.0,81.0,47.0,75.0,56.0,36.0,1.0,102.0,92.0,112.0,47.0,111.0,15.0,2.0,114.0,88.91,103.0,113.0,125.0,1.0,68.0,17.4,12.0,100.0,26.0,1.0,109.0,67.0,99.0,103.0,125.0,65.0,3.0,1.0,21.0,130.4,40.0,106.0,26.0,37.0,43.0,37.0,28.0,67.0,98.0,65.0,112.0,62.0,2.0,,,,G,NYK,,,,,,,,,,,,,,,,,,,,,,,,,,,,,,,,,,,,,,,,,,,,,,,,,,,4835.0,99.0,,,,,,,,,,,,,,12.4,1610612766.0,NYK,CHA,NYK,CHA,,,,,,,,,,,,,,,,,,,
203901,Elfrid Payton,1610612752,NYK,27.0,13.833333333333334,1,3,0.333,0,0,0.0,0,0,0.0,0,1,1,1,1,1,0,1,4,0,2,-8,76.63,1.0,0.143,0.333,20.0,26,0.145,-26.4,69.2,91.95,20.0,0.053,0.2,0.028,0.333,0.0,65.1,97.23,91.5,96.3,20.0,-27.1,-0.078,26.0,0.077,26.0,0.038,4.0,1.0,2.0,0.0,4.0,0.2,2.0,1.0,0.0,3.0,0.4,0.0,1.0,5.0,0.0,0.0,0.2,0.0,0.333,0.0,0.0,1.0,0.0,0.065,0.0,4.85,4.81,31.0,0.0,0.0,0.0,10.0,2.5,0.0,1.0,3.9,0.0,0.0,0.25,0.0,0.0,3.0,3.9,0.25,0.0,1.0,0.0,1.0,0.333,0.333,0.0,0.0,0.0,0.0,0.0,0.0,0.0,4.0,0.0,,0.0,1.0,0.333,0.333,0.0,1.0,0.0,0.0,0.0,0.0,0.0,,2.0,0.0,0.0,0.0,0.5,1.0,0.5,2.0,1.0,0.667,0.5,0.667,,,,,,,,,,,,,,,,,,,,,,,,,,,,,0.0,,,,0.0,0.0,0.0,0.0,0.0,0.0,0.0,0.333,0.0,0.0,0.0,0.0,0.0,0.0,1.0,0.0,0.0,0.0,0.0,0.0,0.0,0.0,0.0,0.0,0.0,0.5,0.0,1.0,2.0,0.0,0.0,0.0,0.0,0.0,0.0,-0.009,0.609,0.333,126.0,0.6,210.0,0.0,0.0,,0.0,,,0.0,,0.0,0.0,0.0,0.333,0.0,0.0,1.0,0.0,0.0,0.0,0.0,0.0,0.0,0.0,,,0.0,3.0,0.0,,0.0,,,,0.0,2021,22001041,,1.0,5.0,0.2,0.446,-0.246,,,,,,,,,,,,,,,,,,,,,,,,,,,,,,,20210511.0,2020-21,False,LAL,1.0,0.0,1.0,2.0,0.0,0.0,0.0,0.0,0.0,0.0,0.0,0.0,0.0,0.0,0.0,0.0,0.0,0.0,0.0,0.0,0.0,,,,,,0.6,0.6,4.49,5.09,1.1,4.72,Elfrid,1.0,0.0,1.0,0.0,6.7,0.0,0.0,6.0,1.0,121.0,121.0,121.0,185.0,169.0,176.0,153.0,129.0,171.0,129.0,123.0,130.0,123.0,109.0,160.0,178.0,137.0,73.0,47.0,80.0,149.0,202.0,169.0,189.0,176.0,199.0,19.0,3.0,197.0,91.95,151.0,96.3,205.0,1.0,109.0,-27.1,79.0,148.0,221.0,196.0,163.0,53.0,169.0,181.0,205.0,185.0,3.0,196.0,196.0,69.2,39.0,176.0,221.0,197.0,63.0,197.0,224.0,53.0,169.0,198.0,225.0,84.0,2.0,,,1.0,G,NYK,,,,,,,,,,,,,,,,,,,,,,,,,,,,,,,,,,,,,,,,,,,,,,,,,,,5857.0,102.0,,,,,,,,,,,,,,13.8,1610612747.0,LAL,NYK,NYK,LAL,,,,,,,,,,,,,,,,,,,
203901,Elfrid Payton,1610612752,NYK,27.0,12.65,0,4,0.0,0,0,0.0,0,0,0.0,0,1,1,2,1,0,0,1,2,0,0,-11,80.63,2.0,0.161,0.0,14.3,26,0.168,-34.6,76.9,96.76,28.6,0.083,0.286,0.036,0.0,0.0,80.8,97.97,115.3,124.0,14.3,-47.1,-0.084,22.0,0.091,24.0,0.091,4.0,0.0,2.0,0.0,5.0,0.2,0.0,1.0,0.0,3.0,0.0,0.2,1.0,5.0,1.0,0.0,0.2,0.0,0.0,0.0,0.0,0.0,0.0,0.0,0.0,4.67,4.37,27.0,0.0,0.0,0.0,7.0,2.1,0.0,1.0,4.5,0.0,0.0,0.333,0.0,0.0,2.0,4.5,0.333,0.0,1.0,0.0,1.0,0.5,0.5,0.0,0.0,0.0,0.0,0.0,0.0,0.0,3.0,0.0,,0.0,1.0,0.25,0.25,0.0,1.0,0.0,0.0,0.0,0.0,0.0,,2.0,0.0,0.0,0.0,0.0,0.0,0.0,2.0,0.0,0.5,0.0,0.5,,,,,,,,,,,,,,0.0,0.0,0.0,1.0,0.0,0.0,,1.0,0.25,0.0,0.0,0.25,0.0,,,0.0,,,,0.0,0.0,0.0,0.0,0.0,0.0,0.0,0.0,0.0,0.0,0.0,0.0,0.0,0.0,0.0,0.0,0.0,0.0,0.0,,,0.0,0.0,0.0,0.0,0.0,,1.0,3.0,,,0.0,0.0,,0.0,-0.005,0.609,0.333,128.0,0.604,212.0,0.0,0.0,0.0,0.0,,,0.0,0.0,1.0,0.0,0.0,0.0,0.0,,0.0,0.0,0.0,0.0,,0.0,,0.0,0.0,,0.0,3.0,0.0,,0.0,,,,0.0,2021,22000458,,5.0,5.0,1.0,0.443,0.557,,,,,,,,,,,,,,,,,,,,,,,,,,,,,,,20210513.0,2020-21,False,SAS,1.0,0.0,1.0,1.0,0.0,0.0,0.0,0.0,0.0,0.0,0.0,0.0,0.0,0.0,0.0,0.0,0.0,0.0,0.0,0.0,0.0,,,,,,0.5,0.5,4.6,4.51,1.0,4.69,Elfrid,1.0,1.0,0.0,1.0,3.2,0.0,0.0,3.0,1.0,1.0,1.0,1.0,152.0,168.0,133.0,168.0,102.0,145.0,102.0,93.0,98.0,93.0,89.0,131.0,140.0,62.0,65.0,80.0,59.0,124.0,105.0,127.0,170.0,162.0,168.0,17.0,1.0,170.0,96.76,116.0,124.0,124.0,0.0,89.0,-47.1,40.0,118.0,180.0,143.0,118.0,149.0,168.0,170.0,124.0,127.0,4.0,143.0,165.0,76.9,119.0,133.0,180.0,178.0,28.0,178.0,174.0,149.0,168.0,148.0,182.0,38.0,0.0,,,1.0,G,NYK,,,,,,,,,,,,,,,,,,,,,,,,,,,,,,,,,,,,,,,,,,,,,,,,,,,5301.0,94.0,,,,,,,,,,,,,,12.7,1610612759.0,NYK,SAS,NYK,SAS,,,,,,,,,,,,,,,,,,,
203901,Elfrid Payton,1610612752,NYK,27.0,33.63333333333333,8,19,0.421,0,2,0.0,4,5,0.8,3,0,3,4,1,0,0,1,3,4,20,-22,84.44,4.0,0.234,0.472,3.8,71,0.246,-32.1,108.5,101.33,15.4,0.0,0.222,0.038,0.421,0.065,105.0,103.9,137.0,139.4,3.8,-31.0,0.062,53.0,0.075,67.0,0.075,8.0,0.0,4.0,0.0,8.0,0.063,16.0,1.0,1.0,11.0,1.0,0.063,2.0,16.0,1.0,2.0,0.125,0.063,0.636,1.0,0.5,7.0,0.0,0.256,1.0,4.59,4.12,78.0,4.0,0.0,0.0,31.0,6.0,0.0,6.0,13.0,1.0,0.5,0.333,0.0,2.0,4.0,0.0,0.3,13.0,0.0,1.0,2.0,0.0,0.0,0.333,0.0,1.0,0.333,0.5,0.0,1.0,10.0,0.0,,0.0,5.0,0.263,0.263,2.0,5.0,0.0,0.4,0.4,2.0,0.4,,9.0,0.0,0.0,0.0,0.556,5.0,0.556,9.0,5.0,0.474,0.556,0.474,0.0,0.053,1.0,1.0,0.0,0.0,0.0,,0.0,0.0,0.053,0.0,0.0,0.5,0.25,0.0,2.0,2.0,0.25,0.0,4.0,0.105,1.0,1.0,0.211,0.105,0.0,0.0,0.0,0.0,0.0,1.0,1.0,0.0,2.0,0.333,0.0,0.0,0.0,0.421,0.0,0.0,0.0,1.0,0.0,0.0,6.0,0.0,0.5,0.0,3.0,0.0,0.0,1.0,0.0,0.0,0.0,0.462,0.0,2.0,13.0,0.0,0.0,1.0,0.0,0.0,0.333,-0.025,0.603,0.31,74.0,0.578,128.0,1.0,1.0,,0.0,0.0,0.0,0.0,,1.0,1.0,1.0,0.429,1.0,0.0,6.0,0.0,0.0,1.0,0.0,1.0,0.0,0.0,,0.0,1.0,14.0,0.0,0.333,3.0,0.0,1.0,0.0,1.0,2021,22000483,,7.0,19.0,0.368,0.475,-0.106,,,,,,,,,,,,,,,,,,,,,,,,,,,,,,,20210223.0,2020-21,False,GSW,9.0,2.0,7.0,2.0,0.0,0.0,0.0,1.0,0.0,1.0,1.0,0.0,0.0,0.0,0.0,0.0,0.0,0.0,0.0,0.0,0.0,,,,,,1.5,1.1,4.45,4.56,2.7,3.98,Elfrid,1.0,0.0,1.0,0.0,28.6,0.0,0.0,27.0,1.0,89.0,89.0,89.0,41.0,25.0,15.0,105.0,116.0,104.0,116.0,14.0,15.0,58.0,9.0,160.0,99.0,33.0,55.0,84.0,69.0,102.0,131.0,15.0,32.0,174.0,56.0,17.0,2.0,58.0,101.33,47.0,139.4,75.0,8.0,41.0,-31.0,90.0,48.0,113.0,77.0,49.0,171.0,25.0,124.0,75.0,160.0,19.0,77.0,155.0,108.5,169.0,15.0,113.0,155.0,44.0,155.0,122.0,171.0,122.0,144.0,126.0,9.0,20.0,,,1.0,G,NYK,,,,,,,,,,,,,,,,,,,,,,,,,,,,,,,,,,,,,,,,,,,,,,,,,,,14018.0,101.0,,,,,,,,,,,,,,33.6,1610612744.0,NYK,GSW,NYK,GSW,,,,,,,,,,,,,,,,,,,
203901,Elfrid Payton,1610612752,NYK,27.0,23.066666666666663,6,11,0.545,0,1,0.0,1,1,1.0,0,3,3,5,2,0,0,1,2,2,13,-2,83.24,2.5,0.25,0.568,11.1,48,0.259,-7.1,108.3,99.88,27.8,0.125,0.313,0.071,0.545,0.0,108.4,98.55,115.5,112.5,10.8,-4.2,0.117,29.0,0.207,35.0,0.172,7.0,0.0,6.0,1.0,12.0,0.0,11.0,0.0,0.0,8.0,1.1,0.2,2.0,10.0,2.0,0.0,0.2,0.0,0.625,0.0,0.0,5.0,0.0,0.302,0.0,5.63,5.53,43.0,1.0,0.0,0.0,8.0,4.0,0.0,3.0,4.2,0.0,0.0,0.6,0.0,0.0,4.0,4.2,0.429,0.0,3.0,2.0,3.0,1.0,0.75,0.0,1.0,1.0,0.0,0.0,0.0,0.0,7.0,0.0,,0.0,5.0,0.455,0.455,4.0,5.0,0.0,0.8,0.8,4.0,0.8,,5.0,0.0,0.0,0.0,0.4,2.0,0.4,5.0,2.0,0.455,0.4,0.455,,,,,,,,,,,,,,,0.0,0.0,0.0,1.0,0.0,0.0,1.0,0.0,0.0,0.0,0.091,0.091,,0.0,0.0,,,0.0,0.0,0.0,0.0,0.0,0.0,0.0,0.0,0.545,0.0,0.0,0.0,1.0,0.0,0.0,5.0,0.0,0.333,0.0,1.0,0.0,0.0,1.0,0.0,0.0,0.0,0.833,0.0,3.0,6.0,0.0,0.0,0.0,0.0,0.0,0.0,-0.003,0.603,0.313,72.0,0.6,120.0,1.0,3.0,,0.0,,,0.0,,1.0,1.0,0.333,0.833,0.0,0.0,5.0,0.0,0.0,0.0,0.0,0.0,0.0,0.0,,,0.0,6.0,0.0,0.0,1.0,0.0,1.0,0.0,0.0,2021,22000436,,5.0,11.0,0.455,0.395,0.06,,,,,,,,,,,,,,,,,,,,,,,,,,,,,,,20210217.0,2020-21,False,ORL,4.0,2.0,2.0,0.0,0.0,0.0,0.0,1.0,0.0,1.0,1.0,0.0,0.0,0.0,0.0,0.0,0.0,0.0,0.0,0.0,0.0,,,,,,0.9,0.8,4.49,4.74,1.8,3.79,Elfrid,1.0,0.0,1.0,0.0,22.1,0.0,0.0,21.0,1.0,101.0,101.0,101.0,119.0,43.0,60.0,64.0,116.0,128.0,116.0,87.0,104.0,1.0,104.0,78.0,100.0,28.0,39.0,106.0,60.0,133.0,85.0,59.0,67.0,107.0,88.0,18.0,5.0,89.0,99.88,38.0,112.5,135.0,6.0,104.0,-4.2,38.0,38.0,104.0,122.0,155.0,104.0,43.0,95.0,135.0,88.0,11.0,121.0,118.0,108.3,119.0,60.0,104.0,114.0,29.0,114.0,102.0,104.0,88.0,107.0,67.0,29.0,13.0,,,1.0,G,NYK,,,,,,,,,,,,,,,,,,,,,,,,,,,,,,,,,,,,,,,,,,,,,,,,,,,9254.0,100.0,,,,,,,,,,,,,,23.1,1610612753.0,ORL,NYK,NYK,ORL,,,,,,,,,,,,,,,,,,,
203901,Elfrid Payton,1610612752,NYK,27.0,24.383333333333333,5,12,0.417,0,1,0.0,2,2,1.0,3,4,7,1,1,1,0,4,2,3,12,3,82.02,1.0,0.241,0.466,6.7,50,0.249,13.9,122.0,98.43,6.7,0.16,0.056,0.137,0.417,0.115,124.9,99.49,111.0,116.0,6.7,6.0,0.091,40.0,0.025,41.0,0.025,8.0,0.0,1.0,0.0,3.0,0.0,6.0,0.0,0.0,8.0,0.545,0.0,1.0,11.0,0.0,0.0,0.091,0.0,0.375,0.0,0.0,3.0,0.0,0.214,1.0,4.42,4.27,56.0,3.0,0.0,2.0,17.0,4.1,0.667,4.0,8.8,3.0,0.75,0.875,0.25,1.0,4.0,7.5,0.875,10.6,3.0,0.0,4.0,1.0,1.0,0.429,0.0,0.0,0.667,0.75,1.0,2.0,8.0,0.0,,0.0,4.0,0.333,0.333,3.0,4.0,0.0,0.75,0.75,3.0,0.75,0.0,8.0,0.0,1.0,0.083,0.25,2.0,0.286,7.0,2.0,0.667,0.25,0.583,,,,,,,,,,,,,,,,,,,,,,,,,,,0.0,0.0,0.0,0.0,0.0,1.0,2.0,0.0,0.0,0.0,2.0,0.0,0.5,0.417,0.0,0.0,2.0,1.0,0.0,0.0,4.0,0.0,0.333,0.0,1.0,0.0,0.0,1.0,0.0,0.0,0.0,0.571,0.0,3.0,7.0,0.0,0.0,0.0,0.0,0.0,0.0,-0.001,0.605,0.312,70.0,0.603,116.0,1.0,4.0,,0.0,,,0.0,,0.0,1.0,0.25,0.571,0.0,0.0,4.0,0.0,0.0,0.0,0.0,0.0,0.0,0.0,,,0.0,7.0,0.0,,0.0,,0.0,0.0,0.0,2021,22000422,,3.0,12.0,0.25,0.435,-0.185,,,,,,,,,,,,,,,,,,,,,,,,,,,,,,,20210215.0,2020-21,False,ATL,5.0,3.0,2.0,0.0,0.0,0.0,0.0,1.0,0.0,1.0,1.0,0.0,1.0,0.0,1.0,1.0,1.0,1.0,0.0,1.0,1.0,,,,,,1.1,0.9,4.63,4.95,2.0,4.29,Elfrid,1.0,1.0,0.0,1.0,23.9,0.0,0.0,22.0,1.0,1.0,1.0,1.0,73.0,45.0,36.0,80.0,77.0,96.0,77.0,42.0,51.0,1.0,9.0,37.0,29.0,68.0,52.0,29.0,48.0,131.0,48.0,25.0,60.0,55.0,62.0,18.0,4.0,65.0,98.43,33.0,116.0,99.0,5.0,12.0,6.0,91.0,32.0,55.0,59.0,97.0,59.0,45.0,96.0,99.0,45.0,12.0,58.0,42.0,122.0,52.0,36.0,55.0,51.0,85.0,51.0,42.0,59.0,90.0,26.0,63.0,36.0,12.0,,,1.0,G,NYK,,,,,,,,,,,,,,,,,,,,,,,,,,,,,,,,,,,,,,,,,,,,,,,,,,,10658.0,95.0,,,,,,,,,,,,,,24.4,1610612737.0,NYK,ATL,NYK,ATL,,,,,,,,,,,,,,,,,,,
203901,Elfrid Payton,1610612752,NYK,27.0,35.31333333333333,10,19,0.526,1,4,0.25,1,3,0.333,2,5,7,4,2,0,1,2,2,2,22,6,79.86,2.0,0.265,0.541,7.7,71,0.283,4.5,109.9,95.83,15.4,0.119,0.182,0.091,0.553,0.057,108.4,96.02,103.9,102.9,7.6,7.0,0.129,41.0,0.098,51.0,0.098,9.0,0.0,4.0,0.0,10.0,0.0,13.0,0.0,1.0,11.0,0.813,0.063,3.0,16.0,1.0,2.0,0.188,0.063,0.545,1.0,0.5,6.0,0.0,0.338,1.0,5.75,5.11,65.0,1.0,0.0,0.0,23.0,6.2,0.0,7.0,10.9,2.0,0.333,0.583,0.4,2.0,7.0,8.0,0.538,18.2,3.0,1.0,5.0,0.714,0.714,0.286,1.0,0.0,0.0,0.286,2.0,0.0,13.0,0.0,,0.0,4.0,0.211,0.211,3.0,4.0,0.0,0.75,0.75,3.0,0.75,,8.0,0.0,0.0,0.0,0.5,4.0,0.5,8.0,4.0,0.421,0.5,0.421,2.0,0.211,4.0,2.0,1.0,0.625,0.105,0.5,1.0,0.5,0.105,2.0,0.5,1.0,0.333,0.0,1.0,2.0,0.333,0.0,3.0,0.053,1.0,1.0,0.158,0.105,0.5,0.0,4.0,0.5,0.0,1.0,4.0,2.0,3.0,0.333,0.0,0.0,0.0,0.553,0.0,0.0,0.0,2.0,0.5,0.0,7.0,0.0,0.4,0.5,0.0,0.0,0.0,2.0,2.0,1.0,2.0,0.7,0.0,5.0,10.0,0.0,0.0,0.0,1.0,0.0,0.0,0.028,0.606,0.329,66.0,0.635,104.0,1.0,2.0,,1.0,0.0,0.0,0.0,,2.0,1.0,0.5,0.636,0.0,0.0,7.0,1.0,0.5,0.0,0.0,3.0,0.0,0.0,,0.0,0.0,11.0,0.333,0.5,3.0,0.333,3.0,1.0,1.0,2021,22000351,,9.0,15.0,0.6,0.458,0.142,,,,,,,,,,,,,,,,,,,,,,,,,,,,,,,20210206.0,2020-21,False,POR,8.0,2.0,6.0,1.0,0.0,0.0,0.0,0.0,1.0,1.0,0.0,1.0,0.0,0.0,0.0,0.0,0.0,0.0,0.0,0.0,0.0,,,,,,1.4,1.1,4.03,4.54,2.5,3.52,Elfrid,1.0,1.0,0.0,1.0,37.4,0.0,0.0,36.0,1.0,1.0,1.0,1.0,28.0,13.0,17.0,79.0,83.0,78.0,106.0,98.0,57.0,121.0,27.0,42.0,38.0,41.0,37.0,100.0,33.0,190.0,96.0,56.0,29.0,53.0,41.0,23.0,1.0,38.0,95.83,28.0,102.9,177.0,10.0,67.0,7.0,107.0,30.0,125.0,109.0,188.0,56.0,13.0,120.0,177.0,116.0,19.0,108.0,85.0,109.9,65.0,17.0,125.0,78.0,61.0,78.0,128.0,56.0,107.0,97.0,67.0,36.0,22.0,,,1.0,G,NYK,,,,,,,,,,,,,,,,,,,,,,,,,,,,,,,,,,,,,,,,,,,,,,,,,,,13140.0,96.0,,,,,,,,,,,,,,35.3,1610612757.0,NYK,POR,NYK,POR,,,,,,,,,,,,,,,,,,,
203901,Elfrid Payton,1610612752,NYK,27.0,17.683333333333334,2,5,0.4,0,1,0.0,1,1,1.0,0,2,2,0,2,1,0,0,0,1,5,-5,83.69,0.0,0.167,0.46,28.6,37,0.179,-13.7,91.9,100.43,0.0,0.167,0.0,0.065,0.4,0.0,93.1,99.13,106.8,105.4,26.9,-13.5,0.047,23.0,0.0,25.0,0.0,2.0,0.0,0.0,0.0,0.0,0.333,5.0,1.0,0.0,2.0,1.667,0.0,0.0,3.0,0.0,0.0,0.0,0.0,1.0,0.0,0.0,2.0,0.0,0.161,0.0,4.93,4.77,31.0,0.0,0.0,0.0,5.0,2.5,0.0,0.0,10.5,0.0,0.0,0.667,0.0,0.0,3.0,10.5,0.667,0.0,2.0,0.0,2.0,0.667,0.667,0.0,0.0,0.0,0.0,0.0,0.0,0.0,3.0,,,,,,,,,,,,,,,2.0,0.0,0.0,0.0,0.5,1.0,0.5,2.0,1.0,0.4,0.5,0.4,0.0,0.4,2.0,2.0,1.0,0.5,0.0,,0.0,0.5,0.4,1.0,0.5,,0.0,0.0,0.0,1.0,0.0,0.0,1.0,0.0,0.0,0.0,0.2,0.2,0.5,0.0,2.0,0.5,,0.0,2.0,1.0,0.0,0.0,0.0,0.0,0.0,0.4,0.0,0.0,0.0,0.0,0.0,0.0,1.0,0.0,0.0,0.0,2.0,0.0,0.0,1.0,0.0,0.0,0.0,0.5,0.0,0.0,2.0,0.0,0.0,1.0,0.0,0.0,0.5,-0.004,0.601,0.329,55.0,0.598,92.0,0.0,0.0,0.0,1.0,,,0.0,0.0,1.0,1.0,0.0,0.5,0.0,0.0,1.0,0.0,1.0,0.0,0.0,0.0,0.0,0.0,0.0,,1.0,2.0,0.0,0.0,1.0,0.0,1.0,0.0,0.0,2021,22000315,,5.0,7.0,0.714,0.467,0.248,,,,,,,,,,,,,,,,,,,,,,,,,,,,,,,20210201.0,2020-21,False,CHI,1.0,0.0,1.0,1.0,0.0,0.0,0.0,0.0,0.0,0.0,0.0,0.0,0.0,0.0,0.0,0.0,0.0,0.0,0.0,0.0,0.0,,,,,,0.7,0.7,4.47,4.59,1.4,4.36,Elfrid,1.0,0.0,1.0,0.0,8.4,0.0,0.0,9.0,1.0,94.0,94.0,94.0,135.0,111.0,132.0,102.0,113.0,130.0,113.0,75.0,91.0,1.0,91.0,106.0,125.0,146.0,30.0,33.0,69.0,1.0,1.0,81.0,126.0,121.0,158.0,17.0,1.0,154.0,100.43,107.0,105.4,118.0,2.0,91.0,-13.5,146.0,111.0,159.0,180.0,146.0,74.0,111.0,119.0,118.0,68.0,5.0,180.0,131.0,91.9,81.0,132.0,159.0,128.0,146.0,128.0,153.0,74.0,122.0,109.0,139.0,98.0,5.0,,,,G,NYK,,,,,,,,,,,,,,,,,,,,,,,,,,,,,,,,,,,,,,,,,,,,,,,,,,,7303.0,98.0,,,,,,,,,,,,,,17.7,1610612741.0,CHI,NYK,NYK,CHI,,,,,,,,,,,,,,,,,,,
203901,Elfrid Payton,1610612752,NYK,27.0,23.133333333333333,1,6,0.167,0,1,0.0,0,0,0.0,0,1,1,3,2,1,0,1,1,0,2,2,78.67,1.5,0.163,0.167,18.2,45,0.166,3.5,88.9,94.41,27.3,0.037,0.2,0.02,0.167,0.0,86.6,95.41,83.0,82.6,18.2,6.3,-0.015,38.0,0.079,40.0,0.079,6.0,0.0,3.0,0.0,6.0,0.0,2.0,0.0,0.0,4.0,0.4,0.0,1.0,5.0,0.0,0.0,0.2,0.0,0.25,0.0,0.0,1.0,0.0,0.043,0.0,4.0,3.13,47.0,1.0,0.0,0.0,24.0,3.1,0.0,2.0,13.7,0.0,0.0,0.25,0.0,0.0,2.0,13.7,0.25,0.0,1.0,0.0,1.0,0.5,0.5,0.0,0.0,0.0,0.0,0.0,0.0,0.0,4.0,0.0,,0.0,1.0,0.167,0.167,0.0,1.0,0.0,0.0,0.0,0.0,0.0,,3.0,0.0,0.0,0.0,0.333,1.0,0.333,3.0,1.0,0.5,0.333,0.5,1.0,0.333,2.0,1.0,0.0,0.0,0.167,0.0,0.0,0.0,0.167,0.0,0.0,,,,,,,,,,,,,,,0.0,0.0,,,0.0,0.0,0.0,0.0,0.0,0.0,0.0,0.0,0.167,0.0,0.0,0.0,0.0,0.0,0.0,1.0,0.0,0.0,0.0,1.0,0.0,0.0,0.0,1.0,0.0,1.0,0.25,0.0,0.0,4.0,0.0,0.0,0.0,0.0,0.0,0.0,-0.038,0.603,0.323,48.0,0.565,85.0,0.0,1.0,0.0,0.0,,,0.0,0.0,0.0,0.0,0.0,0.25,0.0,0.0,1.0,0.0,0.0,0.0,0.0,1.0,0.0,0.0,0.0,,0.0,4.0,0.0,0.0,1.0,0.0,1.0,0.0,0.0,2021,22000291,,6.0,16.0,0.375,0.464,-0.089,,,,,,,,,,,,,,,,,,,,,,,,,,,,,,,20210129.0,2020-21,False,CLE,3.0,3.0,0.0,2.0,0.0,0.0,0.0,0.0,0.0,0.0,0.0,0.0,0.0,0.0,0.0,0.0,0.0,0.0,0.0,0.0,0.0,,,,,,0.9,0.8,4.22,4.26,1.7,4.16,Elfrid,1.0,1.0,0.0,1.0,8.7,0.0,0.0,8.0,1.0,1.0,1.0,1.0,113.0,156.0,121.0,182.0,122.0,130.0,122.0,107.0,115.0,107.0,114.0,150.0,163.0,45.0,36.0,33.0,63.0,163.0,54.0,149.0,178.0,84.0,170.0,13.0,2.0,169.0,94.41,132.0,82.6,201.0,1.0,114.0,6.3,44.0,126.0,185.0,181.0,184.0,26.0,156.0,190.0,201.0,170.0,6.0,181.0,96.0,88.9,26.0,121.0,185.0,91.0,58.0,91.0,199.0,26.0,186.0,180.0,211.0,56.0,2.0,,,1.0,G,NYK,,,,,,,,,,,,,,,,,,,,,,,,,,,,,,,,,,,,,,,,,,,,,,,,,,,9164.0,91.0,,,,,,,,,,,,,,23.1,1610612739.0,NYK,CLE,NYK,CLE,,,,,,,,,,,,,,,,,,,
203901,Elfrid Payton,1610612752,NYK,27.0,31.05,3,12,0.25,0,1,0.0,1,1,1.0,1,2,3,3,0,0,1,3,5,1,7,-15,80.52,0.0,0.167,0.281,0.0,63,0.17,-29.6,98.4,96.62,20.0,0.061,0.143,0.043,0.25,0.027,95.2,98.07,124.8,124.2,0.0,-25.8,-0.008,47.0,0.128,50.0,0.064,5.0,0.0,6.0,3.0,7.0,0.083,7.0,1.0,0.0,6.0,0.583,0.083,5.0,12.0,1.0,0.0,0.417,0.0,0.5,0.0,0.0,3.0,0.0,0.113,0.0,5.39,5.11,62.0,2.0,0.0,0.0,15.0,5.6,0.0,2.0,11.8,1.0,0.5,0.6,0.5,1.0,3.0,5.6,0.6,24.3,1.0,0.0,2.0,0.667,0.667,0.333,0.0,0.0,0.0,0.5,1.0,0.0,5.0,0.0,,0.0,2.0,0.167,0.167,0.0,2.0,0.0,0.0,0.0,0.0,0.0,,6.0,0.0,0.0,0.0,0.5,3.0,0.5,6.0,3.0,0.5,0.5,0.5,0.0,0.25,3.0,3.0,0.0,0.0,0.0,,0.0,0.0,0.25,0.0,0.0,,0.0,0.0,0.0,1.0,0.0,0.0,1.0,0.0,0.0,0.0,0.083,0.083,0.0,0.0,0.0,0.0,,0.0,3.0,0.0,0.0,0.0,0.0,0.0,0.0,0.25,0.0,0.0,0.0,2.0,0.0,0.0,1.0,0.0,0.5,0.0,2.0,0.0,0.0,1.0,0.0,0.0,0.0,0.2,0.0,4.0,5.0,0.0,0.0,0.0,0.0,0.0,0.0,-0.059,0.607,0.319,40.0,0.548,73.0,2.0,3.0,,0.0,,,0.0,,2.0,1.0,0.667,0.2,0.0,0.0,1.0,0.0,0.0,0.0,0.0,1.0,0.0,0.0,,,0.0,5.0,0.0,0.0,1.0,0.0,1.0,0.0,0.0,2021,22000241,,8.0,22.0,0.364,0.481,-0.117,,,,,,,,,,,,,,,,,,,,,,,,,,,,,,,20210122.0,2020-21,False,SAC,5.0,2.0,3.0,1.0,0.0,0.0,0.0,0.0,0.0,0.0,0.0,0.0,0.0,1.0,1.0,1.0,0.0,0.0,1.0,1.0,0.0,,,,,,1.3,1.1,4.37,4.61,2.4,4.12,Elfrid,1.0,0.0,1.0,0.0,18.1,0.0,0.0,15.0,1.0,120.0,120.0,120.0,67.0,110.0,55.0,175.0,134.0,156.0,134.0,86.0,101.0,1.0,59.0,129.0,119.0,51.0,144.0,112.0,28.0,225.0,219.0,104.0,130.0,219.0,123.0,21.0,2.0,137.0,96.62,130.0,124.2,182.0,3.0,107.0,-25.8,71.0,123.0,171.0,1.0,153.0,188.0,110.0,190.0,182.0,174.0,12.0,1.0,205.0,98.4,191.0,55.0,171.0,197.0,82.0,197.0,182.0,188.0,185.0,165.0,213.0,118.0,7.0,,,1.0,G,NYK,,,,,,,,,,,,,,,,,,,,,,,,,,,,,,,,,,,,,,,,,,,,,,,,,,,12899.0,95.0,,,,,,,,,,,,,,31.1,1610612758.0,SAC,NYK,NYK,SAC,,,,,,,,,,,,,,,,,,,
203901,Elfrid Payton,1610612752,NYK,27.0,24.0,3,8,0.375,0,2,0.0,2,2,1.0,1,2,3,2,1,1,0,1,2,1,8,-5,77.5,2.0,0.189,0.45,8.3,46,0.187,-8.6,110.9,93.0,16.7,0.091,0.125,0.064,0.375,0.04,111.0,92.8,119.6,119.1,8.4,-8.3,0.054,50.0,0.04,56.0,0.04,6.0,0.0,2.0,0.0,5.0,0.167,2.0,1.0,0.0,4.0,0.333,0.0,1.0,6.0,0.0,0.0,0.167,0.0,0.25,0.0,0.0,1.0,0.0,0.127,0.0,3.53,3.22,63.0,1.0,0.0,0.0,31.0,3.7,0.0,2.0,11.0,1.0,0.5,0.75,0.0,0.0,2.0,14.9,0.75,3.4,2.0,0.0,2.0,1.0,1.0,0.333,0.0,0.0,1.0,0.5,0.0,1.0,4.0,0.0,,0.0,1.0,0.125,0.125,0.0,1.0,0.0,0.0,0.0,0.0,0.0,,3.0,0.0,0.0,0.0,0.667,2.0,0.667,3.0,2.0,0.375,0.667,0.375,0.0,0.25,2.0,2.0,1.0,0.5,0.0,,0.0,0.5,0.25,1.0,0.5,,0.0,0.0,0.0,2.0,0.0,0.0,2.0,0.0,0.0,0.0,0.25,0.25,0.667,0.0,4.0,0.667,,0.0,3.0,2.0,0.0,0.0,0.0,0.0,0.0,0.375,0.0,0.0,0.0,2.0,0.0,0.0,0.0,0.0,0.4,0.0,1.0,0.0,0.0,1.0,1.0,0.0,1.0,0.0,0.0,5.0,0.0,0.0,0.0,1.0,0.0,0.0,1.0,-0.048,0.608,0.318,42.0,0.56,75.0,1.0,2.0,,1.0,0.0,0.0,0.0,,2.0,0.0,0.5,0.0,1.0,0.0,0.0,0.0,0.5,1.0,0.0,2.0,0.0,0.0,,0.0,1.0,1.0,0.0,0.0,2.0,0.0,2.0,0.0,0.0,2021,22000256,,5.0,7.0,0.714,0.456,0.258,,,,,,,,,,,,,,,,,,,,,,,,,,,,,,,20210124.0,2020-21,False,POR,3.0,2.0,1.0,2.0,0.0,0.0,0.0,1.0,0.0,1.0,1.0,0.0,0.0,0.0,0.0,0.0,0.0,0.0,0.0,0.0,0.0,,,,,,0.9,0.8,4.1,4.38,1.7,3.84,Elfrid,1.0,0.0,1.0,0.0,16.6,0.0,0.0,15.0,1.0,80.0,80.0,80.0,70.0,73.0,63.0,99.0,87.0,86.0,87.0,29.0,37.0,1.0,40.0,82.0,80.0,51.0,51.0,31.0,47.0,98.0,76.0,64.0,80.0,101.0,97.0,7.0,2.0,99.0,93.0,71.0,119.1,139.0,3.0,60.0,-8.3,64.0,63.0,66.0,77.0,136.0,106.0,73.0,102.0,139.0,91.0,8.0,76.0,101.0,110.9,110.0,63.0,66.0,91.0,67.0,91.0,65.0,106.0,105.0,92.0,104.0,24.0,8.0,,,1.0,G,NYK,,,,,,,,,,,,,,,,,,,,,,,,,,,,,,,,,,,,,,,,,,,,,,,,,,,8950.0,96.0,,,,,,,,,,,,,,24.0,1610612757.0,POR,NYK,NYK,POR,,,,,,,,,,,,,,,,,,,
203901,Elfrid Payton,1610612752,NYK,27.0,33.18333333333333,6,11,0.545,0,0,0.0,0,0,0.0,2,0,2,4,1,2,0,2,1,1,12,20,79.56,4.0,0.154,0.545,6.3,66,0.155,26.8,100.0,95.47,25.0,0.0,0.235,0.023,0.545,0.05,97.7,95.79,70.9,69.7,6.3,30.3,0.142,48.0,0.125,58.0,0.083,12.0,2.0,6.0,0.0,11.0,0.0,6.0,0.0,0.0,6.0,0.462,0.077,6.0,13.0,1.0,0.0,0.462,0.0,0.5,0.0,0.0,3.0,1.0,0.188,0.0,4.78,4.91,64.0,2.0,0.0,0.0,23.0,5.1,1.0,5.0,12.7,2.0,0.5,0.5,0.0,0.0,1.0,0.0,0.333,12.7,0.0,2.0,0.0,0.0,0.0,1.0,1.0,1.0,1.0,0.4,0.0,2.0,6.0,0.0,,0.0,3.0,0.273,0.273,1.0,3.0,0.0,0.333,0.333,1.0,0.333,,5.0,0.0,0.0,0.0,0.4,2.0,0.4,5.0,2.0,0.455,0.4,0.455,0.0,0.273,3.0,3.0,3.0,1.0,0.0,,0.0,1.0,0.273,3.0,1.0,,,,,,,,,,,,,,0.5,,4.0,0.5,,,4.0,2.0,0.0,0.0,0.0,0.0,0.5,0.545,0.0,0.0,2.0,0.0,0.0,0.0,4.0,0.0,0.0,0.0,3.0,0.0,0.0,0.0,0.0,0.0,0.0,0.667,0.0,2.0,6.0,0.0,0.0,2.0,0.0,0.0,0.667,-0.091,0.599,0.33,31.0,0.508,61.0,0.0,0.0,0.0,0.0,,,0.0,0.0,3.0,0.0,0.0,0.667,1.0,0.0,4.0,1.0,0.0,1.0,0.0,1.0,0.0,0.0,0.0,,1.0,6.0,1.0,,0.0,,,,0.0,2021,22000203,,3.0,15.0,0.2,0.41,-0.21,,,,,,,,,,,,,,,,,,,,,,,,,,,,,,,20210118.0,2020-21,False,ORL,7.0,1.0,6.0,3.0,0.0,1.0,2.0,2.0,0.0,2.0,1.0,0.0,0.0,0.0,0.0,0.0,0.0,0.0,0.0,0.0,0.0,,,,,,1.3,1.2,4.24,4.45,2.5,4.03,Elfrid,1.0,1.0,0.0,1.0,25.4,0.0,0.0,22.0,1.0,1.0,1.0,1.0,43.0,41.0,51.0,50.0,107.0,151.0,107.0,91.0,95.0,91.0,20.0,154.0,116.0,29.0,67.0,11.0,59.0,172.0,41.0,82.0,69.0,3.0,72.0,18.0,2.0,78.0,95.47,118.0,69.7,158.0,6.0,51.0,30.3,42.0,113.0,110.0,76.0,152.0,8.0,41.0,92.0,158.0,154.0,11.0,74.0,19.0,100.0,8.0,51.0,110.0,19.0,36.0,19.0,124.0,8.0,82.0,156.0,45.0,6.0,12.0,,,1.0,G,NYK,,,,,,,,,,,,,,,,,,,,,,,,,,,,,,,,,,,,,,,,,,,,,,,,,,,13300.0,96.0,,,,,,,,,,,,,,33.2,1610612753.0,NYK,ORL,NYK,ORL,,,,,,,,,,,,,,,,,,,
203901,Elfrid Payton,1610612752,NYK,27.0,8.016666666666667,0,3,0.0,0,0,0.0,0,0,0.0,0,0,0,1,0,0,0,0,1,0,0,-2,82.33,0.0,0.176,0.0,0.0,16,0.176,-13.1,68.8,98.79,25.0,0.0,0.2,0.0,0.0,0.0,68.8,95.44,81.9,76.5,0.0,-7.7,-0.143,14.0,0.071,14.0,0.071,2.0,0.0,1.0,0.0,2.0,0.0,0.0,0.0,0.0,2.0,0.0,0.0,2.0,4.0,0.0,0.0,0.5,0.0,0.0,0.0,0.0,0.0,0.0,0.0,0.0,4.66,4.65,17.0,0.0,0.0,0.0,4.0,1.3,0.0,,,,,,,,,,,,,,,,,,,,,,,,,,,,,,,,,,,,,,,2.0,0.0,0.0,0.0,0.0,0.0,0.0,2.0,0.0,0.667,0.0,0.667,0.0,0.333,1.0,1.0,0.0,0.0,0.0,,0.0,0.0,0.333,0.0,0.0,,,,,,,,,,,,,,0.0,,0.0,0.0,,,2.0,0.0,0.0,0.0,0.0,0.0,0.0,0.0,0.0,0.0,0.0,0.0,,0.0,0.0,0.0,0.0,,1.0,,,0.0,,,,0.0,,1.0,1.0,,,0.0,,,0.0,0.437,0.563,0.4,2.0,1.0,2.0,0.0,1.0,,0.0,,,0.0,,0.0,0.0,0.0,0.0,0.0,,0.0,0.0,0.0,0.0,,0.0,,0.0,,,1.0,1.0,0.0,,0.0,,,,0.0,2021,42000131,,3.0,5.0,0.6,0.441,0.159,,,,,3.0,5.0,0.6,0.503,2.0,2.0,1.0,0.522,1.0,3.0,0.333,0.377,0.0,0.0,0.0,0.0,0.0,0.0,0.0,0.0,0.0,0.0,0.0,0.0,0.0,0.0,20210523.0,2020-21,True,ATL,3.0,3.0,0.0,0.0,0.0,0.0,0.0,0.0,0.0,0.0,0.0,0.0,0.0,0.0,0.0,0.0,0.0,0.0,0.0,0.0,0.0,,,,,,0.3,0.3,4.43,4.3,0.6,4.57,Elfrid,1.0,0.0,1.0,0.0,1.5,0.0,0.0,1.0,1.0,42.0,42.0,42.0,72.0,70.0,64.0,70.0,43.0,57.0,43.0,39.0,41.0,39.0,43.0,69.0,70.0,37.0,45.0,34.0,31.0,1.0,19.0,56.0,70.0,44.0,75.0,13.0,1.0,76.0,98.79,40.0,76.5,35.0,0.0,43.0,-7.7,13.0,40.0,77.0,1.0,62.0,2.0,70.0,70.0,35.0,69.0,3.0,1.0,54.0,68.8,4.0,64.0,77.0,47.0,14.0,47.0,76.0,2.0,70.0,70.0,77.0,33.0,0.0,,,,G,,,,1.0,0.097,2.0,0.4,2.0,1.0,0.563,0.437,0.478,0.4,,,,,,,,,,,,,,,,,,,,,,,,,,,,,,,,0.0,,17.0,0.0,0.0,,,3320.0,94.0,,,,,,,,,,,,,,8.0,1610612737.0,NYK,ATL,NYK,ATL,,,,0.6,-0.044,,,,,,,,,,,,,,
203901,Elfrid Payton,1610612752,NYK,27.0,5.05,0,2,0.0,0,0,0.0,1,2,0.5,0,0,0,0,0,1,0,1,0,1,1,-7,87.13,0.0,0.25,0.174,0.0,11,0.254,-65.4,63.6,104.55,0.0,0.0,0.0,0.0,0.0,0.0,61.8,106.08,127.3,127.3,0.0,-63.6,-0.056,8.0,0.0,10.0,0.0,0.0,0.0,0.0,0.0,0.0,0.0,0.0,0.0,0.0,1.0,0.0,0.0,0.0,1.0,0.0,0.0,0.0,0.0,0.0,0.0,0.0,0.0,0.0,0.083,0.0,4.28,3.25,12.0,0.0,0.0,0.0,4.0,0.9,0.0,,,,,,,,,,,,,,,,,,,,,,,,,,,,,,,,,,,,,,,2.0,0.0,0.0,0.0,0.0,0.0,0.0,2.0,0.0,1.0,0.0,1.0,,,,,,,,,,,,,,,,,,,,,,,,,,,0.0,,0.0,0.0,,,1.0,0.0,0.0,0.0,0.0,0.0,0.0,0.0,0.0,0.0,0.0,0.0,0.0,0.0,0.0,0.0,0.0,0.0,1.0,0.0,0.0,0.0,0.0,0.0,0.0,0.0,0.0,1.0,0.0,0.0,0.0,0.0,0.0,0.0,0.0,0.437,0.563,0.333,2.0,1.0,2.0,,,,0.0,,,0.0,,2.0,0.0,,0.0,0.0,0.0,0.0,0.0,0.0,0.0,0.0,0.0,0.0,0.0,,,0.0,0.0,0.0,,0.0,,,,0.0,2021,42000132,,1.0,1.0,1.0,0.433,0.567,1.0,1.0,1.0,0.335,,,,,,,,,1.0,1.0,1.0,0.363,0.0,0.0,0.0,0.0,0.0,0.0,0.0,0.0,0.0,0.0,0.0,0.0,0.0,0.0,20210526.0,2020-21,True,ATL,1.0,0.0,1.0,1.0,0.0,1.0,2.0,0.0,0.0,0.0,0.0,0.0,0.0,0.0,0.0,0.0,0.0,0.0,0.0,0.0,0.0,,,,,,0.2,0.2,4.52,4.79,0.4,4.26,Elfrid,1.0,1.0,0.0,1.0,4.0,0.0,0.0,3.0,1.0,1.0,1.0,1.0,64.0,55.0,57.0,55.0,34.0,50.0,34.0,27.0,24.0,27.0,32.0,57.0,57.0,47.0,44.0,6.0,22.0,41.0,1.0,33.0,55.0,52.0,56.0,5.0,1.0,58.0,104.55,20.0,127.3,12.0,0.0,32.0,-63.6,47.0,18.0,61.0,1.0,16.0,50.0,55.0,56.0,12.0,57.0,2.0,1.0,67.0,63.6,49.0,57.0,61.0,67.0,47.0,67.0,62.0,50.0,55.0,57.0,62.0,37.0,1.0,,,,G,,1.0,0.665,,,,,,,,,,,,,,,,,,,,,,,,,,,,,,,,,,,,,,,,,,0.0,,12.0,0.0,0.0,,,1997.0,100.0,,,,,,,,,,,,,,5.1,1610612737.0,NYK,ATL,NYK,ATL,,,,1.0,0.637,,,,,,,,,,,,,,
203901,Elfrid Payton,1610612756,PHX,28.0,24.88,6,11,0.545,0,1,0.0,2,2,1.0,1,3,4,6,3,1,0,1,2,3,14,-10,87.62,2.0,0.25,0.589,14.3,55,0.248,-24.3,101.8,105.14,28.6,0.12,0.353,0.08,0.545,0.04,101.7,103.68,126.0,122.2,14.4,-20.4,0.129,45.0,0.133,54.0,0.133,8.0,0.0,6.0,0.0,14.0,0.056,14.0,1.0,1.0,9.0,0.778,0.0,7.0,18.0,0.0,2.0,0.389,0.056,0.667,2.0,1.0,6.0,0.0,0.219,0.0,5.36,5.03,64.0,2.0,0.0,0.0,21.0,5.7,0.0,1.0,7.2,1.0,1.0,0.667,0.0,0.0,6.0,7.6,0.571,5.8,3.0,1.0,3.0,0.6,0.5,0.25,0.0,1.0,1.0,1.0,0.0,1.0,7.0,0.0,,0.0,2.0,0.182,0.182,0.0,2.0,0.0,0.0,0.0,0.0,0.0,,6.0,0.0,0.0,0.0,0.667,4.0,0.667,6.0,4.0,0.545,0.667,0.545,0.0,0.182,2.0,2.0,2.0,1.0,0.0,,0.0,1.0,0.182,2.0,1.0,,0.0,0.0,0.0,1.0,0.0,0.0,1.0,0.0,0.0,0.0,0.091,0.091,0.5,0.0,2.0,0.5,,0.0,2.0,1.0,0.0,0.0,0.0,0.0,0.0,0.545,0.0,0.0,0.0,0.0,0.0,0.0,5.0,0.0,0.0,0.0,1.0,0.0,0.0,1.0,0.0,0.0,0.0,0.625,0.0,1.0,8.0,0.0,0.0,1.0,0.0,0.0,1.0,0.352,0.649,0.2,2.0,1.0,2.0,0.0,1.0,,0.0,0.0,0.0,0.0,,0.0,1.0,0.0,0.625,1.0,0.0,5.0,0.0,0.0,1.0,0.0,0.0,0.0,0.0,,0.0,1.0,8.0,0.0,0.0,1.0,0.0,1.0,0.0,0.0,2022,22100033,,6.0,10.0,0.6,0.432,0.169,,,,,,,,,,,,,,,,,,,,,,,,,,,,,,,20211023.0,2021-22,False,POR,3.0,1.0,2.0,0.0,0.0,0.0,0.0,1.0,1.0,2.0,0.5,0.5,0.0,0.0,0.0,0.0,0.0,0.0,0.0,0.0,0.0,,,,,,1.0,0.9,4.32,4.89,1.9,3.81,Elfrid,1.0,0.0,1.0,0.0,27.8,0.0,0.0,26.0,1.0,83.0,83.0,83.0,79.0,32.0,50.0,40.0,85.0,113.0,85.0,28.0,38.0,1.0,49.0,66.0,68.0,11.0,16.0,30.0,50.0,111.0,79.0,32.0,45.0,140.0,50.0,16.0,1.0,53.0,105.14,42.0,122.2,44.0,6.0,67.0,-20.4,26.0,38.0,73.0,122.0,62.0,155.0,32.0,60.0,44.0,88.0,11.0,119.0,144.0,101.8,157.0,50.0,73.0,138.0,13.0,138.0,71.0,155.0,62.0,91.0,55.0,22.0,14.0,,,1.0,G,PHX,,,,,,,,,,,,,,,,,,,,,,,,,,,,,,,,,,,,,,,,,,,,,,,,,,,9927.0,102.0,,,,,,,,,,,,,,24.9,1610612757.0,POR,PHX,PHX,POR,,,,,,,,,,,,,,,,,,,
203901,Elfrid Payton,1610612756,PHX,28.0,13.316666666666666,4,7,0.571,0,0,0.0,2,4,0.5,1,0,1,2,1,0,0,0,0,2,10,2,82.6,2.0,0.294,0.571,8.3,28,0.295,3.0,100.0,99.12,16.7,0.0,0.25,0.03,0.571,0.067,99.7,99.05,96.7,96.3,8.5,3.7,0.138,25.0,0.08,33.0,0.08,6.0,0.0,2.0,0.0,4.0,0.1,6.0,1.0,2.0,5.0,0.6,0.0,2.0,10.0,0.0,4.0,0.2,0.2,0.4,2.0,0.5,2.0,0.0,0.278,1.0,5.29,5.17,36.0,1.0,0.0,0.0,13.0,3.2,2.0,2.0,2.0,1.0,0.5,0.333,0.0,0.0,1.0,0.0,0.333,2.0,0.0,0.0,0.0,0.0,0.0,1.0,0.0,0.0,1.0,0.5,0.0,1.0,3.0,0.0,,0.0,1.0,0.143,0.143,1.0,1.0,0.0,1.0,1.0,1.0,1.0,,5.0,0.0,0.0,0.0,0.6,3.0,0.6,5.0,3.0,0.714,0.6,0.714,0.0,0.143,1.0,1.0,0.0,0.0,0.0,,0.0,0.0,0.143,0.0,0.0,,,,,,,,,,,,,,0.667,,4.0,0.667,,,3.0,2.0,0.0,0.0,0.0,0.0,1.0,0.571,0.0,0.0,2.0,2.0,0.0,0.0,2.0,0.0,0.5,0.0,0.0,0.0,0.0,0.0,0.0,0.0,0.0,0.667,0.0,4.0,3.0,0.0,0.0,0.0,0.0,0.0,0.0,-0.117,0.617,0.211,2.0,0.5,4.0,1.0,3.0,,1.0,0.0,0.0,0.0,,1.0,0.0,0.333,0.667,0.0,0.0,2.0,0.0,1.0,0.0,0.0,0.0,0.0,0.0,,0.0,0.0,3.0,0.0,,0.0,,,,0.0,2022,22100062,,2.0,9.0,0.222,0.431,-0.209,,,,,,,,,,,,,,,,,,,,,,,,,,,,,,,20211027.0,2021-22,False,SAC,1.0,0.0,1.0,1.0,0.0,0.0,0.0,0.0,0.0,0.0,0.0,0.0,0.0,0.0,0.0,0.0,0.0,0.0,0.0,0.0,0.0,,,,,,0.6,0.5,4.2,4.93,1.0,4.3,Elfrid,1.0,0.0,1.0,0.0,13.2,0.0,0.0,13.0,1.0,113.0,113.0,113.0,163.0,72.0,96.0,59.0,115.0,163.0,115.0,52.0,27.0,88.0,54.0,176.0,159.0,70.0,74.0,113.0,69.0,1.0,1.0,61.0,83.0,82.0,137.0,25.0,2.0,130.0,99.12,26.0,96.3,147.0,4.0,63.0,3.7,84.0,22.0,127.0,121.0,152.0,63.0,72.0,95.0,147.0,176.0,7.0,118.0,89.0,100.0,69.0,96.0,127.0,85.0,38.0,85.0,135.0,63.0,81.0,171.0,63.0,34.0,10.0,,,1.0,G,PHX,,,,,,,,,,,,,,,,,,,,,,,,,,,,,,,,,,,,,,,,,,,,,,,,,,,5425.0,102.0,,,,,,,,,,,,,,13.3,1610612758.0,PHX,SAC,PHX,SAC,,,,,,,,,,,,,,,,,,,
203901,Elfrid Payton,1610612756,PHX,28.0,11.266666666666667,0,2,0.0,0,0,0.0,0,2,0.0,0,3,3,0,1,0,0,0,2,1,0,-9,92.31,0.0,0.138,0.0,25.0,26,0.151,-26.6,69.2,110.77,0.0,0.231,0.0,0.115,0.0,0.0,79.5,102.42,106.1,103.8,25.8,-34.6,-0.091,17.0,0.0,16.0,0.0,1.0,0.0,0.0,0.0,0.0,0.333,0.0,1.0,1.0,1.0,0.0,0.0,0.0,3.0,0.0,2.0,0.0,0.333,0.0,0.0,0.0,0.0,0.0,0.0,0.0,4.14,4.0,21.0,0.0,0.0,0.0,4.0,1.4,0.0,0.0,12.6,1.0,0.0,1.0,0.333,0.0,3.0,12.6,1.0,0.0,2.0,0.0,2.0,1.0,1.0,0.333,0.0,0.0,0.0,0.0,1.0,0.0,3.0,,,,,,,,,,,,,,,2.0,0.0,0.0,0.0,0.0,0.0,0.0,2.0,0.0,1.0,0.0,1.0,,,,,,,,,,,,,,,,,,,,,,,,,,,,,0.0,,,,0.0,0.0,0.0,0.0,0.0,0.0,0.0,0.0,0.0,0.0,0.0,0.0,0.0,0.0,0.0,0.0,0.0,0.0,0.0,0.0,,0.0,0.0,0.0,0.0,0.0,0.0,2.0,0.0,,0.0,0.0,0.0,,0.0,-0.218,0.618,0.217,2.0,0.4,5.0,0.0,1.0,,0.0,,,0.0,,0.0,0.0,0.0,0.0,0.0,,0.0,0.0,0.0,0.0,,0.0,,0.0,,,0.0,1.0,0.0,,0.0,,,,0.0,2022,22100088,,1.0,4.0,0.25,0.397,-0.147,,,,,,,,,,,,,,,,,,,,,,,,,,,,,,,20211030.0,2021-22,False,CLE,2.0,1.0,1.0,0.0,0.0,0.0,0.0,0.0,0.0,0.0,0.0,0.0,0.0,0.0,0.0,0.0,0.0,0.0,0.0,0.0,0.0,,,,,,0.4,0.4,4.57,4.51,0.9,3.7,Elfrid,1.0,1.0,0.0,1.0,2.6,0.0,0.0,3.0,1.0,1.0,1.0,1.0,203.0,215.0,212.0,215.0,131.0,211.0,131.0,122.0,62.0,122.0,129.0,85.0,117.0,184.0,88.0,124.0,83.0,1.0,139.0,101.0,224.0,199.0,234.0,22.0,1.0,229.0,110.77,170.0,103.8,29.0,0.0,129.0,-34.6,184.0,177.0,220.0,227.0,133.0,168.0,215.0,224.0,30.0,42.0,2.0,218.0,210.0,69.2,176.0,212.0,220.0,220.0,184.0,220.0,200.0,168.0,215.0,69.0,243.0,143.0,0.0,,,,G,PHX,,,,,,,,,,,,,,,,,,,,,,,,,,,,,,,,,,,,,,,,,,,,,,,,,,,4616.0,103.0,,,,,,,,,,,,,,11.3,1610612739.0,PHX,CLE,PHX,CLE,,,,,,,,,,,,,,,,,,,
203901,Elfrid Payton,1610612756,PHX,28.0,13.616666666666667,3,4,0.75,0,0,0.0,0,0,0.0,2,3,5,6,2,1,0,0,3,0,6,0,91.06,3.0,0.167,0.75,16.7,30,0.172,14.7,133.3,109.28,50.0,0.188,0.5,0.172,0.75,0.154,138.1,108.15,123.5,125.0,16.7,8.3,0.154,28.0,0.25,26.0,0.214,11.0,1.0,7.0,0.0,16.0,0.0,4.0,0.0,0.0,3.0,0.8,0.0,2.0,5.0,0.0,0.0,0.4,0.0,0.667,0.0,0.0,2.0,0.0,0.176,0.0,4.96,4.68,34.0,2.0,0.0,0.0,9.0,2.8,1.0,2.0,10.4,1.0,1.0,0.833,0.0,1.0,4.0,13.7,0.833,5.5,3.0,0.0,4.0,0.75,0.75,0.2,0.0,0.0,0.5,1.0,0.0,1.0,6.0,0.0,,0.0,1.0,0.25,0.25,1.0,1.0,0.0,1.0,1.0,1.0,1.0,,1.0,0.0,0.0,0.0,1.0,1.0,1.0,1.0,1.0,0.25,1.0,0.25,0.0,0.5,2.0,2.0,1.0,0.5,0.0,,0.0,0.5,0.5,1.0,0.5,,,,,,,,,,,,,,0.0,,0.0,0.0,,,1.0,0.0,0.0,0.0,0.0,0.0,1.0,0.75,0.0,0.0,2.0,0.0,0.0,0.0,2.0,0.0,0.0,,2.0,0.0,0.0,0.0,0.0,,,1.0,0.0,0.0,2.0,0.0,0.0,1.0,0.0,0.0,0.5,-0.145,0.6,0.297,5.0,0.455,11.0,1.0,1.0,,0.0,0.0,0.0,0.0,,0.0,0.0,1.0,1.0,0.0,0.0,2.0,0.0,0.0,0.0,0.0,0.0,0.0,0.0,,0.0,1.0,2.0,0.0,,0.0,,,,0.0,2022,22100122,,4.0,8.0,0.5,0.456,0.044,,,,,,,,,,,,,,,,,,,,,,,,,,,,,,,20211104.0,2021-22,False,HOU,0.0,0.0,0.0,1.0,0.0,0.0,0.0,0.0,2.0,2.0,0.0,1.0,0.0,0.0,0.0,0.0,0.0,0.0,0.0,0.0,0.0,,,,,,0.5,0.5,4.0,4.46,1.0,3.63,Elfrid,1.0,1.0,0.0,1.0,22.0,0.0,0.0,19.0,1.0,1.0,1.0,1.0,80.0,47.0,71.0,10.0,60.0,83.0,60.0,56.0,60.0,56.0,15.0,39.0,30.0,5.0,18.0,16.0,26.0,1.0,79.0,74.0,61.0,51.0,45.0,9.0,1.0,51.0,109.28,62.0,125.0,15.0,3.0,8.0,8.3,4.0,62.0,6.0,85.0,17.0,90.0,47.0,15.0,15.0,29.0,4.0,85.0,37.0,133.3,87.0,71.0,6.0,37.0,2.0,37.0,5.0,90.0,14.0,15.0,21.0,7.0,6.0,,,1.0,G,PHX,,,,,,,,,,,,,,,,,,,,,,,,,,,,,,,,,,,,,,,,,,,,,,,,,,,5526.0,105.0,,,,,,,,,,,,,,13.6,1610612745.0,PHX,HOU,PHX,HOU,,,,,,,,,,,,,,,,,,,
203901,Elfrid Payton,1610612756,PHX,28.0,20.70833333333333,1,6,0.167,0,1,0.0,0,2,0.0,0,2,2,0,3,0,0,2,1,2,2,-9,78.23,0.0,0.182,0.145,30.0,40,0.182,-27.9,67.5,93.88,0.0,0.091,0.0,0.035,0.167,0.0,62.5,96.24,90.4,87.8,30.4,-20.3,-0.161,35.0,0.029,37.0,0.0,4.0,0.0,1.0,1.0,0.0,0.125,2.0,1.0,1.0,5.0,0.25,0.0,0.0,8.0,0.0,2.0,0.0,0.125,0.2,0.0,0.0,1.0,0.0,0.043,0.0,5.78,5.62,47.0,0.0,0.0,0.0,15.0,4.5,0.0,1.0,5.8,0.0,0.0,0.667,0.0,0.0,2.0,5.8,0.667,0.0,2.0,0.0,2.0,1.0,1.0,0.0,0.0,0.0,0.0,0.0,0.0,0.0,3.0,,,,,,,,,,,,,,,3.0,0.0,0.0,0.0,0.0,0.0,0.0,3.0,0.0,0.5,0.0,0.5,1.0,0.5,3.0,2.0,1.0,0.333,0.167,0.0,0.0,0.333,0.333,1.0,0.5,,,,,,,,,,,,,,0.0,0.0,0.0,0.0,,0.0,1.0,0.0,0.0,0.0,0.0,0.0,0.0,0.167,0.0,0.0,0.0,1.0,0.0,0.0,0.0,0.0,0.333,0.0,1.0,,0.0,1.0,0.0,0.0,0.0,0.0,,3.0,1.0,0.0,,0.0,0.0,0.0,0.0,-0.01,0.603,0.321,32.0,0.593,54.0,1.0,3.0,,0.0,0.0,0.0,0.0,,0.0,1.0,0.333,0.0,0.0,0.0,0.0,0.0,0.0,0.0,0.0,0.0,0.0,0.0,,0.0,1.0,1.0,0.0,0.0,1.0,0.0,1.0,0.0,0.0,2022,22100798,,3.0,7.0,0.429,0.486,-0.057,,,,,,,,,,,,,,,,,,,,,,,,,,,,,,,20220205.0,2021-22,False,WAS,2.0,1.0,1.0,3.0,0.0,0.0,0.0,0.0,1.0,1.0,0.0,1.0,0.0,1.0,1.0,1.0,0.0,0.0,1.0,1.0,0.0,,,,,,0.8,0.7,4.11,4.11,1.5,4.11,Elfrid,1.0,1.0,0.0,1.0,1.4,0.0,0.0,4.0,1.0,1.0,1.0,1.0,80.0,103.0,72.0,114.0,72.0,87.0,72.0,65.0,43.0,65.0,75.0,78.0,90.0,101.0,10.0,61.0,42.0,128.0,33.0,30.0,112.0,103.0,128.0,12.0,2.0,119.0,93.88,72.0,87.8,118.0,1.0,75.0,-20.3,101.0,67.0,128.0,132.0,113.0,26.0,103.0,120.0,118.0,85.0,6.0,131.0,108.0,67.5,26.0,72.0,128.0,102.0,101.0,102.0,128.0,26.0,115.0,103.0,134.0,67.0,2.0,,,,G,PHX,,,,,,,,,,,,,,,,,,,,,,,,,,,,,,,,,,,,,,,,,,,,,,,,,,,7765.0,92.0,,,,,,,,,,,,,,20.7,1610612764.0,WAS,PHX,PHX,WAS,,,,,,,,,,,,,,,,,,,
203901,Elfrid Payton,1610612756,PHX,28.0,20.916666666666668,2,3,0.667,0,0,0.0,1,1,1.0,1,2,3,4,2,0,0,0,1,1,5,9,90.84,2.0,0.093,0.727,22.2,46,0.1,16.7,119.6,109.0,44.4,0.118,0.25,0.081,0.667,0.05,116.6,106.94,99.9,93.9,21.2,25.7,0.102,30.0,0.167,28.0,0.133,10.0,1.0,5.0,0.0,12.0,0.111,5.0,1.0,0.0,3.0,0.556,0.111,5.0,9.0,1.0,0.0,0.556,0.0,0.667,0.0,0.0,2.0,0.0,0.135,1.0,4.15,3.32,37.0,1.0,0.0,0.0,17.0,2.6,0.0,1.0,12.4,1.0,1.0,1.0,0.5,1.0,2.0,6.8,1.0,23.6,1.0,0.0,2.0,1.0,1.0,0.333,0.0,0.0,0.0,1.0,1.0,0.0,3.0,0.0,,0.0,1.0,0.333,0.333,1.0,1.0,0.0,1.0,1.0,1.0,1.0,,2.0,0.0,0.0,0.0,0.5,1.0,0.5,2.0,1.0,0.667,0.5,0.667,,,,,,,,,,,,,,,,,,,,,,,,,,,,,0.0,,,,0.0,0.0,0.0,0.0,0.0,0.0,0.0,0.667,0.0,0.0,0.0,1.0,0.0,0.0,1.0,0.0,0.5,0.0,0.0,0.0,0.0,0.0,0.0,0.0,0.0,1.0,0.0,2.0,1.0,0.0,0.0,0.0,0.0,0.0,0.0,-0.054,0.619,0.288,13.0,0.565,23.0,0.0,1.0,0.0,0.0,0.0,0.0,0.0,0.0,0.0,0.0,0.0,1.0,0.0,0.0,2.0,0.0,0.0,0.0,0.0,0.0,0.0,0.0,0.0,0.0,0.0,2.0,0.0,,0.0,,,,0.0,2022,22100432,,4.0,8.0,0.5,0.453,0.047,,,,,,,,,,,,,,,,,,,,,,,,,,,,,,,20211216.0,2021-22,False,WAS,1.0,0.0,1.0,2.0,0.0,1.0,2.0,0.0,1.0,1.0,0.0,1.0,0.0,0.0,0.0,0.0,0.0,0.0,0.0,0.0,0.0,,,,,,0.8,0.7,3.95,4.25,1.5,3.65,Elfrid,1.0,1.0,0.0,1.0,12.6,0.0,0.0,12.0,1.0,1.0,1.0,1.0,53.0,50.0,62.0,11.0,40.0,64.0,40.0,42.0,48.0,1.0,18.0,43.0,37.0,17.0,15.0,40.0,24.0,1.0,13.0,48.0,57.0,17.0,58.0,5.0,1.0,59.0,109.0,69.0,93.9,5.0,2.0,27.0,25.7,2.0,70.0,20.0,69.0,6.0,10.0,50.0,25.0,5.0,45.0,3.0,69.0,19.0,119.6,19.0,62.0,20.0,12.0,17.0,12.0,26.0,10.0,25.0,41.0,36.0,16.0,5.0,,,1.0,G,PHX,,,,,,,,,,,,,,,,,,,,,,,,,,,,,,,,,,,,,,,,,,,,,,,,,,,8145.0,100.0,,,,,,,,,,,,,,20.9,1610612764.0,PHX,WAS,PHX,WAS,,,,,,,,,,,,,,,,,,,
203901,Elfrid Payton,1610612756,PHX,28.0,8.333333333333334,0,1,0.0,0,0,0.0,0,0,0.0,0,0,0,2,1,0,0,0,0,0,0,6,81.6,2.0,0.1,0.0,25.0,17,0.106,36.9,105.9,97.92,50.0,0.0,0.286,0.0,0.0,0.0,106.6,98.15,69.8,70.6,25.0,35.3,0.0,6.0,0.333,8.0,0.333,3.0,0.0,2.0,0.0,5.0,0.0,0.0,0.0,0.0,1.0,0.0,0.0,0.0,2.0,0.0,0.0,0.0,0.0,0.0,0.0,0.0,0.0,0.0,0.0,0.0,3.66,3.22,9.0,0.0,0.0,0.0,5.0,0.5,0.0,,,,,,,,,,,,,,,,,,,,,,,,,0.0,,0.0,1.0,1.0,1.0,0.0,1.0,0.0,0.0,0.0,0.0,0.0,,,,,,,,,,,,,,,,,,,,,,,,,,,,,,,,,,,,,,,,,,0.0,,,,0.0,0.0,0.0,0.0,0.0,0.0,0.0,0.0,0.0,0.0,0.0,0.0,0.0,0.0,0.0,0.0,0.0,0.0,0.0,,,0.0,0.0,0.0,0.0,0.0,,0.0,1.0,,,0.0,0.0,,0.0,-0.143,0.617,0.264,9.0,0.474,19.0,0.0,0.0,,0.0,0.0,0.0,0.0,,0.0,0.0,0.0,0.0,0.0,,0.0,0.0,0.0,0.0,,0.0,,0.0,,0.0,0.0,1.0,0.0,,0.0,,,,0.0,2022,22100416,,0.0,6.0,0.0,0.478,-0.478,,,,,,,,,,,,,,,,,,,,,,,,,,,,,,,20211214.0,2021-22,False,POR,2.0,1.0,1.0,0.0,0.0,0.0,0.0,0.0,0.0,0.0,0.0,0.0,0.0,0.0,0.0,0.0,0.0,0.0,0.0,0.0,0.0,,,,,,0.3,0.3,3.93,4.49,0.6,3.49,Elfrid,1.0,1.0,0.0,1.0,2.0,0.0,0.0,2.0,1.0,1.0,1.0,1.0,52.0,53.0,55.0,53.0,34.0,45.0,34.0,33.0,34.0,33.0,30.0,50.0,52.0,25.0,24.0,24.0,19.0,1.0,1.0,43.0,54.0,13.0,53.0,9.0,2.0,54.0,97.92,47.0,70.6,21.0,0.0,30.0,35.3,1.0,47.0,31.0,51.0,25.0,1.0,53.0,54.0,21.0,50.0,1.0,51.0,3.0,105.9,1.0,55.0,31.0,2.0,9.0,2.0,25.0,1.0,53.0,52.0,50.0,13.0,0.0,,,1.0,G,PHX,,,,,,,,,,,,,,,,,,,,,,,,,,,,,,,,,,,,,,,,,,,,,,,,,,,3408.0,105.0,,,,,,,,,,,,,,8.3,1610612757.0,POR,PHX,PHX,POR,,,,,,,,,,,,,,,,,,,
203901,Elfrid Payton,1610612756,PHX,28.0,4.281666666666666,1,3,0.333,0,0,0.0,0,0,0.0,0,0,0,1,1,0,0,1,0,0,2,-3,84.08,1.0,0.444,0.333,20.0,9,0.444,-22.4,88.9,100.9,20.0,0.0,0.5,0.0,0.333,0.0,88.9,105.83,111.3,122.2,20.0,-33.3,0.0,6.0,0.167,9.0,0.167,3.0,0.0,1.0,0.0,3.0,0.0,2.0,0.0,0.0,3.0,0.667,0.0,0.0,3.0,0.0,0.0,0.0,0.0,0.333,0.0,0.0,1.0,0.0,0.2,0.0,5.74,4.5,10.0,0.0,0.0,0.0,3.0,1.0,0.0,,,,,,,,,,,,,,,,,,,,,,,,,0.0,,0.0,2.0,0.667,0.667,0.0,2.0,0.0,0.0,0.0,0.0,0.0,,1.0,0.0,0.0,0.0,1.0,1.0,1.0,1.0,1.0,0.333,1.0,0.333,,,,,,,,,,,,,,,,,,,,,,,,,,,,,0.0,,,,0.0,0.0,0.0,0.0,0.0,0.0,0.0,0.333,0.0,0.0,0.0,1.0,0.0,0.0,0.0,0.0,0.5,0.0,0.0,0.0,,0.0,0.0,0.0,0.0,0.0,0.0,2.0,1.0,,0.0,0.0,0.0,,0.0,-0.114,0.614,0.267,6.0,0.5,12.0,1.0,2.0,,0.0,0.0,0.0,0.0,,0.0,0.0,0.5,0.0,0.0,,0.0,0.0,0.0,0.0,,0.0,,0.0,,0.0,0.0,1.0,0.0,,0.0,,,,0.0,2022,22100316,,1.0,1.0,1.0,0.621,0.379,,,,,,,,,,,,,,,,,,,,,,,,,,,,,,,20211130.0,2021-22,False,GSW,,,,,,,,,,,,,,,,,,,,,,,,,,,0.2,0.2,5.26,5.82,0.4,4.8,Elfrid,1.0,1.0,0.0,1.0,2.5,0.0,0.0,3.0,1.0,1.0,1.0,1.0,97.0,75.0,76.0,68.0,45.0,77.0,45.0,54.0,58.0,54.0,54.0,96.0,100.0,52.0,40.0,55.0,39.0,66.0,1.0,76.0,84.0,59.0,99.0,7.0,1.0,97.0,100.9,1.0,122.2,43.0,1.0,54.0,-33.3,31.0,1.0,75.0,86.0,24.0,94.0,75.0,79.0,43.0,96.0,3.0,85.0,88.0,88.9,79.0,76.0,75.0,95.0,2.0,95.0,76.0,94.0,72.0,100.0,89.0,29.0,2.0,,,1.0,G,PHX,,,,,,,,,,,,,,,,,,,,,,,,,,,,,,,,,,,,,,,,,,,,,,,,,,,1952.0,96.0,,,,,,,,,,,,,,,1610612744.0,PHX,GSW,PHX,GSW,,,,,,,,,,,,,,,,,,,
203901,Elfrid Payton,1610612756,PHX,28.0,6.783333333333333,1,1,1.0,0,0,0.0,0,0,0.0,0,1,1,1,1,0,0,0,0,0,2,2,85.5,1.0,0.143,1.0,33.3,14,0.14,10.2,135.7,102.6,33.3,0.167,0.167,0.111,1.0,0.0,132.7,99.77,122.5,113.3,33.3,22.4,0.08,5.0,0.2,4.0,0.2,1.0,0.0,1.0,0.0,2.0,0.333,2.0,1.0,0.0,1.0,0.667,0.0,1.0,3.0,0.0,0.0,0.333,0.0,1.0,0.0,0.0,1.0,0.0,0.286,0.0,5.85,5.71,7.0,0.0,0.0,0.0,1.0,0.7,0.0,0.0,7.1,0.0,0.0,1.0,0.0,0.0,1.0,7.1,1.0,0.0,1.0,0.0,1.0,1.0,1.0,0.0,0.0,0.0,0.0,0.0,0.0,0.0,1.0,,,,,,,,,,,,,,,1.0,0.0,0.0,0.0,1.0,1.0,1.0,1.0,1.0,1.0,1.0,1.0,,,,,,,,,,,,,,,,,,,,,,,,,,,,,0.0,,,,0.0,0.0,0.0,0.0,0.0,0.0,0.0,1.0,0.0,0.0,0.0,0.0,0.0,0.0,1.0,0.0,0.0,,0.0,0.0,,0.0,0.0,,,1.0,0.0,0.0,1.0,,0.0,0.0,0.0,,0.0,0.022,0.594,0.315,24.0,0.615,39.0,0.0,0.0,0.0,0.0,,,0.0,0.0,0.0,0.0,0.0,1.0,,,1.0,0.0,0.0,,,0.0,,0.0,0.0,,,1.0,0.0,,0.0,,,,0.0,2022,22100617,,3.0,5.0,0.6,0.429,0.171,,,,,,,,,,,,,,,,,,,,,,,,,,,,,,,20220116.0,2021-22,False,DET,,,,,,,,,,,,,,,,,,,,,,,,,,,0.2,0.2,3.32,3.2,0.4,3.45,Elfrid,1.0,1.0,0.0,1.0,3.7,0.0,0.0,4.0,1.0,1.0,1.0,1.0,80.0,67.0,82.0,1.0,53.0,70.0,53.0,52.0,54.0,52.0,33.0,68.0,70.0,48.0,27.0,39.0,30.0,1.0,1.0,64.0,72.0,36.0,80.0,5.0,2.0,80.0,102.6,64.0,113.3,45.0,1.0,33.0,22.4,9.0,63.0,6.0,86.0,67.0,53.0,67.0,3.0,45.0,34.0,1.0,86.0,29.0,135.7,74.0,82.0,6.0,22.0,31.0,22.0,10.0,53.0,2.0,28.0,52.0,25.0,2.0,,,,G,PHX,,,,,,,,,,,,,,,,,,,,,,,,,,,,,,,,,,,,,,,,,,,,,,,,,,,2297.0,100.0,,,,,,,,,,,,,,,1610612765.0,DET,PHX,PHX,DET,,,,,,,,,,,,,,,,,,,
203901,Elfrid Payton,1610612756,PHX,28.0,17.883333333333333,4,6,0.667,0,0,0.0,0,0,0.0,2,2,4,4,1,0,0,0,3,0,8,4,80.52,4.0,0.159,0.667,9.1,36,0.162,9.2,133.3,96.63,36.4,0.143,0.267,0.138,0.667,0.133,133.0,96.09,123.9,122.2,9.1,11.1,0.11,24.0,0.25,24.0,0.167,8.0,1.0,6.0,1.0,11.0,0.125,4.0,1.0,0.0,2.0,0.5,0.125,5.0,8.0,1.0,0.0,0.625,0.0,1.0,0.0,0.0,2.0,0.0,0.258,1.0,5.38,5.06,31.0,4.0,0.0,2.0,9.0,2.8,1.0,2.0,5.5,0.0,1.0,0.667,0.0,2.0,4.0,5.1,0.667,5.9,2.0,0.0,4.0,0.5,0.5,0.0,0.0,0.0,0.0,1.0,0.0,0.0,6.0,0.0,,0.0,1.0,0.167,0.167,0.0,1.0,0.0,0.0,0.0,0.0,0.0,,4.0,0.0,0.0,0.0,1.0,4.0,1.0,4.0,4.0,0.667,1.0,0.667,0.0,0.167,1.0,1.0,0.0,0.0,0.0,,0.0,0.0,0.167,0.0,0.0,,,,,,,,,,,,,,,,0.0,,,,0.0,0.0,0.0,0.0,2.0,1.0,0.667,0.667,0.0,0.0,4.0,0.0,0.0,0.0,4.0,0.0,0.0,0.0,0.0,0.0,0.0,0.0,0.0,0.0,0.0,0.8,0.0,1.0,5.0,0.0,0.0,0.0,0.0,0.0,0.0,-0.02,0.602,0.314,32.0,0.582,55.0,0.0,1.0,,0.0,,,0.0,,0.0,0.0,0.0,0.8,0.0,0.0,4.0,0.0,0.0,0.0,0.0,0.0,0.0,0.0,,,0.0,5.0,0.0,,0.0,,,,0.0,2022,22100812,,3.0,7.0,0.429,0.44,-0.012,,,,,,,,,,,,,,,,,,,,,,,,,,,,,,,20220207.0,2021-22,False,CHI,5.0,1.0,4.0,0.0,0.0,0.0,0.0,0.0,0.0,0.0,0.0,0.0,0.0,0.0,0.0,0.0,0.0,0.0,0.0,0.0,0.0,,,,,,0.7,0.6,4.07,4.21,1.3,3.9,Elfrid,1.0,1.0,0.0,1.0,17.8,0.0,0.0,16.0,1.0,1.0,1.0,1.0,70.0,41.0,55.0,10.0,57.0,77.0,57.0,59.0,61.0,59.0,14.0,54.0,43.0,21.0,40.0,56.0,24.0,1.0,72.0,75.0,52.0,36.0,53.0,8.0,1.0,58.0,96.63,65.0,122.2,92.0,4.0,6.0,11.1,13.0,65.0,17.0,58.0,91.0,77.0,41.0,29.0,92.0,39.0,6.0,56.0,38.0,133.3,82.0,55.0,17.0,36.0,20.0,36.0,20.0,77.0,22.0,22.0,43.0,8.0,8.0,,,1.0,G,PHX,,,,,,,,,,,,,,,,,,,,,,,,,,,,,,,,,,,,,,,,,,,,,,,,,,,7022.0,97.0,,,,,,,,,,,,,,17.9,1610612741.0,CHI,PHX,PHX,CHI,,,,,,,,,,,,,,,,,,,
203901,Elfrid Payton,1610612756,PHX,28.0,15.95,0,3,0.0,0,1,0.0,0,0,0.0,1,0,1,1,6,0,0,2,4,1,0,7,86.52,0.17,0.225,0.0,60.0,34,0.223,16.9,108.8,103.82,10.0,0.0,0.067,0.029,0.0,0.077,104.8,104.55,87.8,85.7,60.0,23.1,-0.225,16.0,0.125,19.0,0.063,2.0,0.0,2.0,1.0,3.0,0.4,0.0,2.0,0.0,1.0,0.0,0.0,1.0,5.0,0.0,0.0,0.2,0.0,0.0,0.0,0.0,0.0,0.0,0.0,2.0,2.36,1.48,27.0,1.0,0.0,0.0,20.0,1.1,0.0,3.0,4.0,1.0,0.333,0.333,0.0,0.0,0.0,0.0,0.333,4.0,0.0,0.0,0.0,0.0,0.0,1.0,0.0,0.0,1.0,0.333,0.0,1.0,3.0,,,,,,,,,,,,,,,2.0,0.0,0.0,0.0,0.0,0.0,0.0,2.0,0.0,0.667,0.0,0.667,,,,,,,,,,,,,,,0.0,0.0,0.0,1.0,0.0,0.0,1.0,0.0,0.0,0.0,0.333,0.333,,0.0,0.0,,,0.0,0.0,0.0,0.0,0.0,0.0,0.0,0.0,0.0,0.0,0.0,0.0,0.0,0.0,0.0,0.0,0.0,0.0,0.0,0.0,0.0,0.0,0.0,1.0,0.0,1.0,0.0,0.0,1.0,1.0,0.0,0.0,0.0,0.0,0.0,0.0,-0.038,0.621,0.279,14.0,0.583,24.0,0.0,1.0,,0.0,0.0,0.0,0.0,,0.0,0.0,0.0,0.0,0.0,0.0,0.0,0.0,0.0,0.0,0.0,1.0,0.0,0.0,,0.0,0.0,1.0,0.0,0.0,1.0,0.0,1.0,0.0,0.0,2022,22100456,,3.0,6.0,0.5,0.417,0.084,,,,,,,,,,,,,,,,,,,,,,,,,,,,,,,20211219.0,2021-22,False,CHA,3.0,0.0,3.0,1.0,0.0,0.0,0.0,0.0,0.0,0.0,0.0,0.0,0.0,1.0,1.0,1.0,0.0,0.0,1.0,1.0,0.0,,,,,,0.6,0.6,4.19,3.99,1.2,4.42,Elfrid,1.0,1.0,0.0,1.0,-3.3,0.0,0.0,2.0,1.0,1.0,1.0,1.0,93.0,108.0,96.0,108.0,68.0,76.0,68.0,67.0,70.0,67.0,31.0,110.0,98.0,64.0,2.0,62.0,43.0,107.0,95.0,59.0,110.0,27.0,119.0,8.0,1.0,111.0,103.82,44.0,85.7,29.0,0.0,24.0,23.1,72.0,41.0,67.0,119.0,28.0,7.0,108.0,110.0,29.0,110.0,3.0,119.0,24.0,108.8,7.0,96.0,67.0,19.0,77.0,19.0,74.0,7.0,108.0,102.0,118.0,62.0,0.0,,,,G,PHX,,,,,,,,,,,,,,,,,,,,,,,,,,,,,,,,,,,,,,,,,,,,,,,,,,,6173.0,107.0,,,,,,,,,,,,,,16.0,1610612766.0,PHX,CHA,PHX,CHA,,,,,,,,,,,,,,,,,,,
203901,Elfrid Payton,1610612756,PHX,28.0,9.85,0,3,0.0,0,0,0.0,0,0,0.0,0,1,1,1,0,0,0,2,0,0,0,3,87.31,0.0,0.111,0.0,0.0,21,0.118,-0.4,114.3,104.77,25.0,0.1,0.125,0.045,0.0,0.0,106.6,102.72,106.9,95.5,0.0,18.8,-0.031,11.0,0.091,10.0,0.091,2.0,0.0,1.0,0.0,2.0,0.0,0.0,0.0,0.0,3.0,0.0,0.25,1.0,4.0,1.0,0.0,0.25,0.0,0.0,0.0,0.0,0.0,0.0,0.0,0.0,3.34,2.5,14.0,0.0,0.0,0.0,8.0,0.8,0.0,1.0,5.4,1.0,0.0,0.5,1.0,0.0,1.0,5.4,0.5,0.0,0.0,0.0,0.0,1.0,1.0,1.0,0.0,0.0,0.0,0.0,1.0,0.0,2.0,0.0,,0.0,1.0,0.333,0.333,0.0,1.0,0.0,0.0,0.0,0.0,0.0,,2.0,0.0,0.0,0.0,0.0,0.0,0.0,2.0,0.0,0.667,0.0,0.667,,,,,,,,,,,,,,,,,,,,,,,,,,,0.0,,0.0,0.0,,,1.0,0.0,0.0,0.0,0.0,0.0,0.0,0.0,0.0,0.0,0.0,0.0,0.0,0.0,0.0,0.0,0.0,0.0,0.0,0.0,0.0,0.0,0.0,0.0,0.0,0.0,0.0,2.0,1.0,0.0,0.0,0.0,0.0,0.0,0.0,-0.114,0.614,0.24,6.0,0.5,12.0,0.0,0.0,,0.0,,,0.0,,2.0,0.0,0.0,0.0,0.0,0.0,0.0,0.0,0.0,0.0,0.0,0.0,0.0,0.0,,,0.0,1.0,0.0,,0.0,,,,0.0,2022,22100331,,1.0,5.0,0.2,0.428,-0.228,,,,,,,,,,,,,,,,,,,,,,,,,,,,,,,20211202.0,2021-22,False,DET,3.0,1.0,2.0,0.0,0.0,0.0,0.0,0.0,0.0,0.0,0.0,0.0,0.0,0.0,0.0,0.0,0.0,0.0,0.0,0.0,0.0,,,,,,0.4,0.4,3.94,4.71,0.7,4.3,Elfrid,1.0,1.0,0.0,1.0,2.7,0.0,0.0,2.0,1.0,1.0,1.0,1.0,92.0,92.0,81.0,92.0,61.0,77.0,61.0,49.0,59.0,49.0,53.0,67.0,78.0,54.0,71.0,50.0,44.0,94.0,1.0,67.0,96.0,44.0,101.0,8.0,1.0,101.0,104.77,89.0,95.5,21.0,0.0,53.0,18.8,26.0,90.0,35.0,1.0,34.0,29.0,92.0,96.0,21.0,63.0,3.0,1.0,57.0,114.3,56.0,81.0,35.0,27.0,51.0,27.0,51.0,29.0,92.0,78.0,103.0,55.0,0.0,,,1.0,G,PHX,,,,,,,,,,,,,,,,,,,,,,,,,,,,,,,,,,,,,,,,,,,,,,,,,,,3888.0,97.0,,,,,,,,,,,,,,9.9,1610612765.0,PHX,DET,PHX,DET,,,,,,,,,,,,,,,,,,,
203901,Elfrid Payton,1610612756,PHX,28.0,9.2,2,2,1.0,0,0,0.0,1,4,0.25,0,0,0,0,0,0,0,0,0,2,5,4,89.13,0.0,0.16,0.665,0.0,20,0.155,20.8,105.0,106.96,0.0,0.0,0.0,0.0,1.0,0.0,98.7,112.49,77.8,81.0,0.0,24.0,0.19,13.0,0.077,13.0,0.0,2.0,1.0,1.0,0.0,0.0,0.0,4.0,0.0,0.0,2.0,1.0,0.0,2.0,4.0,0.0,0.0,0.5,0.0,1.0,0.0,0.0,2.0,0.0,0.313,0.0,5.63,5.44,16.0,0.0,0.0,0.0,6.0,1.5,0.0,,,,,,,,,,,,,,,,,,,,,,,,,,,,,,,,,,,,,,,2.0,0.0,0.0,0.0,1.0,2.0,1.0,2.0,2.0,1.0,1.0,1.0,,,,,,,,,,,,,,,,,,,,,,,,,,,,,0.0,,,,0.0,0.0,0.0,0.0,0.0,0.0,0.0,1.0,0.0,0.0,0.0,2.0,0.0,0.0,0.0,0.0,1.0,,0.0,0.0,,0.0,0.0,,,0.0,0.0,2.0,0.0,,0.0,0.0,0.0,,0.0,-0.007,0.603,0.313,34.0,0.596,57.0,1.0,1.0,0.0,1.0,0.0,0.0,0.0,0.0,1.0,0.0,1.0,0.0,0.0,,0.0,0.0,1.0,0.0,,0.0,,0.0,0.0,0.0,0.0,0.0,0.0,,0.0,,,,0.0,2022,22100836,,,,,,,,,,,,,,,,,,,,,,,,,,,,,,,,,,,,,20220210.0,2021-22,False,MIL,0.0,0.0,0.0,1.0,0.0,1.0,3.0,0.0,0.0,0.0,0.0,0.0,0.0,0.0,0.0,0.0,0.0,0.0,0.0,0.0,0.0,,,,,,0.4,0.3,3.49,4.17,0.6,3.95,Elfrid,1.0,1.0,0.0,1.0,5.0,0.0,0.0,5.0,1.0,1.0,1.0,1.0,128.0,94.0,125.0,1.0,83.0,116.0,83.0,62.0,32.0,75.0,77.0,117.0,128.0,101.0,86.0,64.0,46.0,1.0,1.0,55.0,104.0,48.0,131.0,11.0,3.0,129.0,106.96,96.0,81.0,18.0,2.0,77.0,24.0,101.0,95.0,106.0,1.0,5.0,9.0,94.0,51.0,18.0,117.0,2.0,1.0,26.0,105.0,10.0,125.0,106.0,23.0,101.0,23.0,121.0,9.0,2.0,128.0,13.0,67.0,5.0,,,,G,PHX,,,,,,,,,,,,,,,,,,,,,,,,,,,,,,,,,,,,,,,,,,,,,,,,,,,3398.0,99.0,,,,,,,,,,,,,,9.2,1610612749.0,PHX,MIL,PHX,MIL,,,,,,,,,,,,,,,,,,,
203901,Elfrid Payton,1610612756,PHX,28.0,13.45,1,1,1.0,1,1,1.0,0,2,0.0,0,2,2,4,1,0,1,0,0,1,3,-14,80.3,4.0,0.1,0.798,14.3,27,0.106,-48.9,96.3,96.36,57.1,0.25,0.667,0.105,1.5,0.0,107.1,89.08,156.0,148.1,14.5,-51.9,0.134,27.0,0.148,24.0,0.148,10.0,0.0,4.0,0.0,10.0,0.4,0.0,2.0,1.0,0.0,0.0,0.2,2.0,5.0,1.0,2.0,0.4,0.2,0.0,0.0,0.0,0.0,0.0,0.091,0.0,5.45,4.48,33.0,0.0,0.0,0.0,13.0,3.0,0.0,0.0,8.5,2.0,0.0,0.667,1.0,0.0,3.0,8.5,0.667,0.0,0.0,0.0,0.0,0.667,0.667,1.0,0.0,0.0,0.0,0.0,2.0,0.0,3.0,,,,,,,,,,,,,,,,,,,,,,,,,,,,,,,,,,,,,,,,,1.0,1.0,0.0,1.0,1.5,1.0,1.0,0.0,1.0,0.0,1.0,1.0,1.0,1.0,3.0,1.5,1.0,1.0,1.0,1.0,0.0,0.0,0.0,0.0,0.0,1.5,0.0,0.0,0.0,0.0,0.0,1.0,0.0,1.0,0.0,0.0,0.0,0.0,,1.0,0.0,0.0,0.0,0.0,0.0,0.0,0.0,,0.0,0.0,0.0,,0.0,0.001,0.599,0.323,30.0,0.6,50.0,0.0,0.0,,0.0,0.0,0.0,1.0,,0.0,1.0,0.0,0.0,0.0,,0.0,0.0,0.0,0.0,,0.0,,1.0,,0.0,0.0,0.0,0.0,,0.0,,0.0,0.0,0.0,2022,22100772,,2.0,5.0,0.4,0.413,-0.013,,,,,,,,,,,,,,,,,,,,,,,,,,,,,,,20220201.0,2021-22,False,BKN,4.0,2.0,2.0,0.0,0.0,1.0,3.0,0.0,0.0,0.0,0.0,0.0,0.0,0.0,0.0,0.0,0.0,0.0,0.0,0.0,0.0,,,,,,0.5,0.5,4.07,3.91,1.0,4.25,Elfrid,1.0,1.0,0.0,1.0,13.4,0.0,0.0,12.0,1.0,1.0,1.0,1.0,120.0,111.0,133.0,1.0,47.0,99.0,1.0,80.0,42.0,80.0,70.0,75.0,89.0,27.0,47.0,74.0,10.0,1.0,1.0,71.0,117.0,137.0,100.0,14.0,2.0,105.0,96.36,130.0,148.1,111.0,1.0,70.0,-51.9,4.0,131.0,128.0,113.0,140.0,141.0,111.0,21.0,112.0,20.0,1.0,109.0,140.0,96.3,144.0,133.0,128.0,140.0,1.0,140.0,106.0,141.0,1.0,53.0,40.0,12.0,3.0,,,,G,PHX,,,,,,,,,,,,,,,,,,,,,,,,,,,,,,,,,,,,,,,,,,,,,,,,,,,5248.0,98.0,,,,,,,,,,,,,,13.5,1610612751.0,PHX,BKN,PHX,BKN,,,,,,,,,,,,,,,,,,,
203901,Elfrid Payton,1610612756,PHX,28.0,11.618333333333334,2,4,0.5,0,0,0.0,0,0,0.0,1,3,4,1,0,1,0,2,1,0,4,-4,92.96,0.0,0.138,0.5,0.0,27,0.142,-13.1,88.9,111.55,20.0,0.25,0.167,0.19,0.5,0.111,92.0,108.9,105.1,103.7,0.0,-14.8,0.157,27.0,0.037,24.0,0.037,5.0,0.0,1.0,0.0,2.0,0.0,4.0,0.0,0.0,4.0,0.444,0.0,5.0,9.0,0.0,0.0,0.556,0.0,0.5,0.0,0.0,2.0,0.0,0.121,0.0,4.94,4.85,33.0,0.0,0.0,0.0,11.0,2.7,0.0,3.0,7.6,1.0,0.333,0.667,0.0,0.0,3.0,6.6,0.667,10.5,3.0,0.0,3.0,1.0,1.0,0.25,0.0,0.0,1.0,0.333,0.0,1.0,6.0,0.0,,0.0,1.0,0.25,0.25,1.0,1.0,0.0,1.0,1.0,1.0,1.0,,3.0,0.0,0.0,0.0,0.333,1.0,0.333,3.0,1.0,0.75,0.333,0.75,,,,,,,,,,,,,,,,,,,,,,,,,,,,,0.0,,,,0.0,0.0,0.0,0.0,0.0,0.0,0.0,0.5,0.0,0.0,0.0,2.0,0.0,0.0,0.0,0.0,0.667,0.0,0.0,0.0,0.0,0.0,0.0,0.0,0.0,0.0,0.0,3.0,1.0,0.0,0.0,0.0,0.0,0.0,0.0,-0.035,0.606,0.241,4.0,0.571,7.0,2.0,3.0,,0.0,0.0,0.0,0.0,,0.0,0.0,0.667,0.0,0.0,0.0,0.0,0.0,0.0,0.0,0.0,0.0,0.0,0.0,,0.0,0.0,1.0,0.0,,0.0,,,,0.0,2022,22100106,,3.0,6.0,0.5,0.439,0.061,,,,,,,,,,,,,,,,,,,,,,,,,,,,,,,20211102.0,2021-22,False,NOP,3.0,2.0,1.0,1.0,0.0,0.0,0.0,1.0,0.0,1.0,1.0,0.0,0.0,0.0,0.0,0.0,0.0,0.0,0.0,0.0,0.0,,,,,,0.5,0.4,4.37,4.95,0.9,3.81,Elfrid,1.0,1.0,0.0,1.0,13.3,0.0,0.0,11.0,1.0,1.0,1.0,1.0,90.0,57.0,71.0,41.0,52.0,84.0,52.0,62.0,67.0,62.0,27.0,35.0,40.0,52.0,70.0,15.0,38.0,95.0,22.0,77.0,73.0,66.0,70.0,8.0,1.0,70.0,111.55,75.0,103.7,12.0,2.0,13.0,-14.8,34.0,78.0,90.0,1.0,30.0,44.0,57.0,59.0,12.0,17.0,4.0,1.0,73.0,88.9,52.0,71.0,90.0,73.0,31.0,73.0,86.0,44.0,49.0,13.0,27.0,54.0,4.0,,,1.0,G,PHX,,,,,,,,,,,,,,,,,,,,,,,,,,,,,,,,,,,,,,,,,,,,,,,,,,,4899.0,101.0,,,,,,,,,,,,,,11.6,1610612740.0,PHX,NOP,PHX,NOP,,,,,,,,,,,,,,,,,,,
203901,Elfrid Payton,1610612756,PHX,28.0,5.25,1,1,1.0,0,0,0.0,0,0,0.0,0,1,1,0,0,0,0,0,0,0,2,2,87.62,0.0,0.077,1.0,0.0,11,0.079,12.3,100.0,105.14,0.0,0.125,0.0,0.077,1.0,0.0,103.4,93.81,91.1,75.0,0.0,25.0,0.158,7.0,0.143,7.0,0.0,2.0,1.0,1.0,0.0,2.0,0.0,2.0,0.0,0.0,1.0,1.0,0.0,1.0,2.0,0.0,0.0,0.5,0.0,1.0,0.0,0.0,1.0,0.0,0.25,0.0,2.82,2.5,8.0,0.0,0.0,0.0,6.0,0.4,0.0,0.0,2.2,0.0,0.0,1.0,0.0,0.0,1.0,2.2,1.0,0.0,1.0,0.0,1.0,1.0,1.0,0.0,0.0,0.0,0.0,0.0,0.0,0.0,1.0,,,,,,,,,,,,,,,1.0,0.0,0.0,0.0,1.0,1.0,1.0,1.0,1.0,1.0,1.0,1.0,,,,,,,,,,,,,,,,,,,,,,,,,,,,,0.0,,,,0.0,0.0,0.0,0.0,0.0,0.0,0.0,1.0,0.0,0.0,0.0,1.0,0.0,0.0,0.0,0.0,1.0,,,0.0,,0.0,0.0,,,0.0,0.0,1.0,0.0,,0.0,,0.0,,,-0.025,0.603,0.306,37.0,0.578,64.0,0.0,0.0,0.0,1.0,,,0.0,0.0,1.0,0.0,0.0,0.0,,,0.0,0.0,1.0,,,0.0,,0.0,0.0,,,0.0,0.0,,0.0,,,,0.0,2022,22100939,,0.0,1.0,0.0,0.393,-0.393,,,,,,,,,,,,,,,,,,,,,,,,,,,,,,,20220302.0,2021-22,False,POR,1.0,0.0,1.0,0.0,0.0,0.0,0.0,0.0,0.0,0.0,0.0,0.0,0.0,0.0,0.0,0.0,0.0,0.0,0.0,0.0,0.0,,,,,,0.2,0.2,4.3,3.75,0.4,5.02,Elfrid,1.0,1.0,0.0,1.0,3.2,0.0,0.0,3.0,1.0,1.0,1.0,1.0,156.0,127.0,155.0,1.0,100.0,141.0,100.0,95.0,100.0,95.0,79.0,116.0,125.0,121.0,104.0,95.0,51.0,1.0,1.0,118.0,148.0,72.0,155.0,16.0,1.0,155.0,105.14,161.0,75.0,45.0,1.0,79.0,25.0,121.0,159.0,113.0,1.0,157.0,12.0,127.0,9.0,45.0,85.0,1.0,1.0,58.0,100.0,37.0,155.0,113.0,36.0,121.0,36.0,110.0,12.0,7.0,87.0,37.0,82.0,2.0,,,,G,PHX,,,,,,,,,,,,,,,,,,,,,,,,,,,,,,,,,,,,,,,,,,,,,,,,,,,1975.0,100.0,,,,,,,,,,,,,,5.3,1610612757.0,PHX,POR,PHX,POR,,,,,,,,,,,,,,,,,,,
203901,Elfrid Payton,1610612756,PHX,28.0,12.066666666666666,1,4,0.25,0,0,0.0,1,2,0.5,0,3,3,2,1,1,0,0,3,1,3,-10,77.9,2.0,0.24,0.307,12.5,23,0.236,-45.4,60.9,93.48,25.0,0.214,0.4,0.111,0.25,0.0,61.2,90.3,106.6,100.0,12.7,-39.1,0.032,13.0,0.154,16.0,0.154,3.0,0.0,2.0,0.0,4.0,0.143,0.0,1.0,0.0,3.0,0.0,0.286,3.0,7.0,2.0,0.0,0.429,0.0,0.0,0.0,0.0,0.0,0.0,0.15,0.0,4.05,3.7,20.0,1.0,0.0,0.0,11.0,1.4,2.0,0.0,7.0,1.0,0.0,0.6,0.333,0.0,5.0,7.0,0.6,0.0,2.0,0.0,2.0,0.6,0.6,0.333,0.0,0.0,0.0,0.0,1.0,0.0,5.0,,,,,,,,,,,,,,,4.0,0.0,0.0,0.0,0.25,1.0,0.25,4.0,1.0,1.0,0.25,1.0,,,,,,,,,,,,,,,,,,,,,,,,,,,,,0.0,,,,0.0,0.0,0.0,0.0,0.0,0.0,1.0,0.25,0.0,0.0,2.0,0.0,0.0,0.0,1.0,0.0,0.0,0.0,0.0,0.0,0.0,0.0,0.0,0.0,0.0,0.5,0.0,2.0,2.0,0.0,0.0,0.0,0.0,0.0,0.0,0.035,0.601,0.303,21.0,0.636,33.0,0.0,2.0,0.0,0.0,,,0.0,0.0,0.0,0.0,0.0,0.5,0.0,0.0,1.0,0.0,0.0,0.0,0.0,0.0,0.0,0.0,0.0,,0.0,2.0,0.0,0.0,1.0,,,,0.0,2022,22100565,,2.0,6.0,0.333,0.381,-0.047,,,,,,,,,,,,,,,,,,,,,,,,,,,,,,,20220104.0,2021-22,False,NOP,3.0,1.0,2.0,1.0,0.0,0.0,0.0,0.0,0.0,0.0,0.0,0.0,0.0,0.0,0.0,0.0,0.0,0.0,0.0,0.0,0.0,,,,,,0.5,0.4,4.25,4.46,0.9,3.99,Elfrid,1.0,1.0,0.0,1.0,11.6,0.0,0.0,10.0,1.0,1.0,1.0,1.0,87.0,74.0,70.0,79.0,47.0,86.0,47.0,45.0,38.0,44.0,63.0,38.0,55.0,43.0,37.0,13.0,30.0,1.0,64.0,48.0,78.0,80.0,69.0,10.0,1.0,74.0,93.48,26.0,100.0,80.0,1.0,63.0,-39.1,26.0,23.0,99.0,72.0,91.0,16.0,74.0,80.0,80.0,18.0,4.0,72.0,99.0,60.9,35.0,70.0,99.0,97.0,3.0,97.0,100.0,16.0,79.0,32.0,76.0,20.0,3.0,,,,G,PHX,,,,,,,,,,,,,,,,,,,,,,,,,,,,,,,,,,,,,,,,,,,,,,,,,,,4834.0,99.0,,,,,,,,,,,,,,12.1,1610612740.0,NOP,PHX,PHX,NOP,,,,,,,,,,,,,,,,,,,
203901,Elfrid Payton,1610612756,PHX,28.0,10.683333333333334,4,7,0.571,0,1,0.0,0,0,0.0,0,0,0,2,0,0,0,1,0,0,8,-2,82.37,0.0,0.333,0.571,0.0,21,0.352,-0.1,100.0,98.85,22.2,0.0,0.4,0.0,0.571,0.0,105.6,93.54,105.7,100.0,0.0,0.0,0.163,17.0,0.176,21.0,0.118,3.0,0.0,3.0,1.0,4.0,0.0,6.0,0.0,0.0,4.0,1.2,0.0,1.0,5.0,0.0,0.0,0.2,0.0,0.75,0.0,0.0,3.0,0.0,0.333,0.0,2.98,2.33,24.0,0.0,0.0,0.0,13.0,1.2,0.0,,,,,,,,,,,,,,,,,,,,,,,,,0.0,,0.0,1.0,0.143,0.143,0.0,1.0,0.0,0.0,0.0,0.0,0.0,,4.0,0.0,0.0,0.0,0.75,3.0,0.75,4.0,3.0,0.571,0.75,0.571,,,,,,,,,,,,,,1.0,0.5,0.0,1.0,1.0,0.5,0.0,2.0,0.143,1.0,1.0,0.286,0.143,1.0,0.0,2.0,1.0,,0.0,1.0,1.0,0.0,0.0,0.0,0.0,0.0,0.571,0.0,0.0,0.0,3.0,0.0,0.0,1.0,0.0,0.75,0.0,0.0,0.0,,1.0,0.0,0.0,0.0,0.5,0.0,4.0,2.0,,0.0,0.0,0.0,,0.0,-0.071,0.605,0.321,40.0,0.533,75.0,2.0,2.0,0.0,1.0,,,0.0,0.0,1.0,1.0,1.0,0.333,0.0,,1.0,0.0,1.0,0.0,,0.0,,0.0,0.0,,0.0,3.0,0.0,0.0,1.0,0.0,1.0,0.0,0.0,2022,22101174,,2.0,3.0,0.667,0.435,0.232,,,,,,,,,,,,,,,,,,,,,,,,,,,,,,,20220403.0,2021-22,False,OKC,1.0,1.0,0.0,3.0,0.0,0.0,0.0,0.0,0.0,0.0,0.0,0.0,0.0,0.0,0.0,0.0,0.0,0.0,0.0,0.0,0.0,,,,,,0.4,0.5,4.17,5.37,0.8,4.27,Elfrid,1.0,0.0,1.0,0.0,11.0,0.0,0.0,10.0,1.0,125.0,125.0,125.0,213.0,90.0,129.0,71.0,146.0,171.0,146.0,138.0,143.0,138.0,123.0,206.0,219.0,93.0,157.0,121.0,73.0,164.0,1.0,173.0,138.0,138.0,184.0,24.0,4.0,184.0,98.85,9.0,100.0,119.0,4.0,123.0,0.0,80.0,7.0,178.0,1.0,221.0,54.0,90.0,122.0,119.0,206.0,7.0,1.0,118.0,100.0,78.0,129.0,178.0,120.0,13.0,120.0,162.0,54.0,105.0,219.0,40.0,133.0,8.0,,,1.0,G,PHX,,,,,,,,,,,,,,,,,,,,,,,,,,,,,,,,,,,,,,,,,,,,,,,,,,,4382.0,101.0,,,,,,,,,,,,,,10.7,1610612760.0,OKC,PHX,PHX,OKC,,,,,,,,,,,,,,,,,,,
203901,Elfrid Payton,1610612756,PHX,28.0,14.533333333333331,3,7,0.429,0,0,0.0,0,0,0.0,0,2,2,1,0,0,0,2,1,0,6,23,82.57,0.0,0.175,0.429,0.0,31,0.179,72.3,141.9,99.08,12.5,0.1,0.071,0.053,0.429,0.0,141.6,101.39,69.3,72.4,0.0,69.5,0.07,,,,,,,,,,,,,,,,,,,,,,,,,,,,,,,,,,,,,,,,,,,,,,,,,,,,,,,,,,,,,,,,,,,,,,,,,,,,,,,,,,,,,,,,,,,,,,,,,,,,,,,,,,,,,,,,,,,,,0.0,,,,0.0,0.0,,,,,,,,,,1.0,0.0,0.0,2.0,0.0,0.2,0.0,0.0,0.0,0.0,0.0,0.0,0.0,0.0,1.0,0.0,5.0,2.0,0.0,0.0,0.0,0.0,0.0,0.0,0.004,0.596,0.294,21.0,0.6,35.0,1.0,3.0,,0.0,0.0,0.0,0.0,,0.0,0.0,0.333,0.5,0.0,0.0,2.0,0.0,0.0,0.0,0.0,0.0,0.0,0.0,,0.0,0.0,4.0,0.0,,0.0,,,,0.0,2022,22100581,,2.0,10.0,0.2,0.401,-0.201,,,,,,,,,,,,,,,,,,,,,,,,,,,,,,,20220106.0,2021-22,False,LAC,6.0,2.0,4.0,0.0,0.0,0.0,0.0,0.0,0.0,0.0,0.0,0.0,0.0,0.0,0.0,0.0,0.0,0.0,0.0,0.0,0.0,,,,,,,,,,,,Elfrid,1.0,1.0,0.0,1.0,9.9,0.0,0.0,9.0,1.0,1.0,1.0,1.0,67.0,37.0,43.0,36.0,47.0,68.0,47.0,45.0,47.0,45.0,48.0,47.0,56.0,43.0,53.0,37.0,31.0,79.0,21.0,60.0,52.0,5.0,65.0,5.0,2.0,70.0,99.08,45.0,72.4,48.0,3.0,48.0,69.5,43.0,45.0,6.0,1.0,43.0,9.0,37.0,53.0,48.0,56.0,7.0,1.0,3.0,141.9,10.0,43.0,6.0,3.0,53.0,3.0,6.0,9.0,47.0,64.0,52.0,44.0,,,,,G,PHX,,,,,,,,,,,,,,,,,,,,,,,,,,,,,,,,,,,,,,,,,,,,,,,,,,,,98.0,,,,,,,,,,,,,,14.5,1610612746.0,PHX,LAC,PHX,LAC,,,,,,,,,,,,,,,,,,,
203901,Elfrid Payton,1610612756,PHX,28.0,13.58,3,6,0.5,0,0,0.0,0,0,0.0,0,3,3,0,0,2,0,1,1,2,6,1,89.84,0.0,0.15,0.5,0.0,30,0.157,4.9,93.3,107.81,0.0,0.2,0.0,0.091,0.5,0.0,89.4,111.84,84.5,87.1,0.0,6.2,0.165,24.0,0.042,23.0,0.0,5.0,1.0,1.0,0.0,2.0,0.0,0.0,0.0,0.0,1.0,0.0,0.0,3.0,5.0,0.0,0.0,0.6,0.0,0.0,0.0,0.0,0.0,0.0,0.182,1.0,3.28,3.06,33.0,0.0,0.0,2.0,15.0,1.8,0.0,0.0,10.0,0.0,0.0,0.75,0.0,0.0,4.0,10.0,0.75,0.0,3.0,0.0,3.0,0.75,0.75,0.0,0.0,0.0,0.0,0.0,0.0,0.0,4.0,0.0,,0.0,1.0,0.167,0.167,0.0,1.0,0.0,0.0,0.0,0.0,0.0,,3.0,0.0,0.0,0.0,0.333,1.0,0.333,3.0,1.0,0.5,0.333,0.5,0.0,0.167,1.0,1.0,1.0,1.0,0.0,,0.0,1.0,0.167,1.0,1.0,1.0,1.0,0.0,1.0,0.0,1.0,,1.0,0.167,1.0,1.0,0.167,0.0,,,0.0,,,,0.0,0.0,0.0,0.0,2.0,1.0,0.0,0.5,0.0,0.0,0.0,1.0,0.0,0.0,2.0,0.0,0.333,0.0,0.0,0.0,0.0,0.0,0.0,0.0,0.0,0.667,0.0,3.0,3.0,0.0,0.0,0.0,0.0,0.0,0.0,0.042,0.615,0.311,21.0,0.656,32.0,1.0,2.0,,0.0,0.0,0.0,0.0,,0.0,0.0,0.5,0.5,0.0,0.0,2.0,0.0,0.0,0.0,0.0,0.0,0.0,0.0,,0.0,0.0,4.0,0.0,,0.0,,,,0.0,2022,22100549,,4.0,5.0,0.8,0.439,0.361,,,,,,,,,,,,,,,,,,,,,,,,,,,,,,,20220102.0,2021-22,False,CHA,1.0,1.0,0.0,2.0,0.0,1.0,3.0,0.0,0.0,0.0,0.0,0.0,0.0,0.0,0.0,0.0,0.0,0.0,0.0,0.0,0.0,,,,,,0.5,0.5,3.99,3.94,1.0,4.03,Elfrid,1.0,1.0,0.0,1.0,15.6,0.0,0.0,13.0,1.0,1.0,1.0,1.0,113.0,73.0,84.0,41.0,79.0,122.0,79.0,73.0,75.0,73.0,78.0,48.0,69.0,107.0,103.0,12.0,47.0,100.0,37.0,41.0,89.0,65.0,89.0,14.0,2.0,95.0,107.81,97.0,87.1,16.0,3.0,78.0,6.2,107.0,100.0,112.0,1.0,12.0,20.0,73.0,82.0,16.0,30.0,6.0,1.0,63.0,93.3,16.0,84.0,112.0,57.0,107.0,57.0,123.0,20.0,64.0,60.0,20.0,78.0,6.0,,,1.0,G,PHX,,,,,,,,,,,,,,,,,,,,,,,,,,,,,,,,,,,,,,,,,,,,,,,,,,,5366.0,105.0,,,,,,,,,,,,,,13.6,1610612766.0,CHA,PHX,PHX,CHA,,,,,,,,,,,,,,,,,,,
203901,Elfrid Payton,1610612756,PHX,28.0,11.95,1,7,0.143,0,1,0.0,0,2,0.0,0,2,2,1,0,0,0,3,2,1,2,-3,78.66,0.0,0.276,0.127,0.0,24,0.288,-15.7,75.0,94.39,11.1,0.182,0.143,0.067,0.143,0.0,74.0,95.84,89.7,91.3,0.0,-16.3,-0.185,20.0,0.1,24.0,0.05,7.0,0.0,2.0,1.0,2.0,0.0,2.0,0.0,1.0,5.0,0.2,0.1,4.0,10.0,1.0,2.0,0.4,0.1,0.2,0.0,0.0,1.0,0.0,0.069,1.0,6.06,5.48,29.0,1.0,0.0,0.0,11.0,2.9,0.0,1.0,7.2,1.0,0.0,0.667,0.5,0.0,3.0,7.2,0.5,0.0,1.0,1.0,1.0,1.0,0.667,0.5,0.0,1.0,0.0,0.0,1.0,0.0,4.0,0.0,,0.0,1.0,0.143,0.143,0.0,1.0,0.0,0.0,0.0,0.0,0.0,,3.0,0.0,0.0,0.0,0.0,0.0,0.0,3.0,0.0,0.429,0.0,0.429,0.0,0.286,2.0,2.0,1.0,0.5,0.0,,0.0,0.5,0.286,1.0,0.5,,0.0,0.0,0.0,1.0,0.0,0.0,1.0,0.0,0.0,0.0,0.143,0.143,0.0,0.0,0.0,0.0,0.0,1.0,1.0,0.0,0.0,0.0,0.0,0.0,0.0,0.143,0.0,0.0,0.0,0.0,0.0,0.0,1.0,0.0,0.0,0.0,0.0,,,1.0,0.0,0.0,0.0,0.333,,3.0,3.0,,,0.0,0.0,,0.0,-0.078,0.604,0.324,41.0,0.526,78.0,0.0,3.0,,0.0,,,0.0,,0.0,1.0,0.0,0.333,0.0,,1.0,0.0,0.0,0.0,,0.0,,0.0,,,0.0,3.0,0.0,,0.0,,0.0,0.0,0.0,2022,22101195,,1.0,7.0,0.143,0.452,-0.309,,,,,,,,,,,,,,,,,,,,,,,,,,,,,,,20220406.0,2021-22,False,LAC,1.0,1.0,0.0,1.0,0.0,0.0,0.0,0.0,0.0,0.0,0.0,0.0,0.0,0.0,0.0,0.0,0.0,0.0,0.0,0.0,0.0,,,,,,0.5,0.4,4.2,4.74,0.9,3.69,Elfrid,1.0,0.0,1.0,0.0,5.9,0.0,0.0,5.0,1.0,73.0,73.0,73.0,104.0,102.0,62.0,112.0,81.0,85.0,81.0,69.0,45.0,69.0,67.0,69.0,80.0,65.0,77.0,65.0,39.0,130.0,67.0,57.0,111.0,79.0,108.0,15.0,2.0,109.0,94.39,20.0,91.3,122.0,1.0,67.0,-16.3,73.0,20.0,120.0,1.0,110.0,26.0,102.0,118.0,122.0,33.0,7.0,1.0,87.0,75.0,19.0,62.0,120.0,84.0,47.0,84.0,121.0,26.0,113.0,77.0,130.0,61.0,2.0,,,1.0,G,PHX,,,,,,,,,,,,,,,,,,,,,,,,,,,,,,,,,,,,,,,,,,,,,,,,,,,4747.0,105.0,,,,,,,,,,,,,,12.0,1610612746.0,LAC,PHX,PHX,LAC,,,,,,,,,,,,,,,,,,,
203901,Elfrid Payton,1610612756,PHX,28.0,1.0333333333333334,0,0,0.0,0,0,0.0,0,0,0.0,0,0,0,0,0,0,0,0,0,0,0,-4,77.42,0.0,0.0,0.0,0.0,2,0.0,-212.8,0.0,92.9,0.0,0.0,0.0,0.0,0.0,0.0,0.0,66.89,212.8,200.0,0.0,-200.0,0.0,1.0,0.0,1.0,0.0,1.0,0.0,0.0,0.0,0.0,0.0,0.0,0.0,0.0,0.0,0.0,0.0,0.0,0.0,0.0,0.0,0.0,0.0,0.0,0.0,0.0,0.0,0.0,0.0,0.0,0.48,0.0,1.0,0.0,0.0,0.0,1.0,0.0,0.0,,,,,,,,,,,,,,,,,,,,,,,,,,,,,,,,,,,,,,,,,,,,,,,,,,,,,,,,,,,,,,,,,,,,,,,,,,,,,,,0.0,,,,0.0,0.0,0.0,0.0,0.0,0.0,0.0,0.0,0.0,0.0,0.0,0.0,,0.0,,0.0,0.0,,,,,0.0,,,,,,0.0,,,,,,,,-0.077,0.604,0.32,39.0,0.527,74.0,,,,0.0,,,0.0,,0.0,0.0,,,,,,,0.0,,,,,0.0,,,,,,,0.0,,,,0.0,2022,22101090,,1.0,1.0,1.0,0.471,0.529,,,,,,,,,,,,,,,,,,,,,,,,,,,,,,,20220323.0,2021-22,False,MIN,0.0,0.0,0.0,1.0,0.0,0.0,0.0,0.0,0.0,0.0,0.0,0.0,0.0,0.0,0.0,0.0,0.0,0.0,0.0,0.0,0.0,,,,,,0.0,0.0,5.07,0.0,0.1,0.0,Elfrid,1.0,1.0,0.0,1.0,0.0,0.0,0.0,0.0,1.0,1.0,1.0,1.0,233.0,200.0,222.0,200.0,132.0,188.0,132.0,122.0,128.0,122.0,117.0,206.0,212.0,174.0,137.0,109.0,69.0,1.0,1.0,157.0,206.0,144.0,225.0,18.0,1.0,226.0,92.9,225.0,200.0,204.0,0.0,117.0,-200.0,174.0,225.0,232.0,1.0,230.0,233.0,200.0,206.0,204.0,206.0,0.0,1.0,234.0,0.0,233.0,222.0,232.0,234.0,174.0,234.0,232.0,233.0,200.0,212.0,197.0,118.0,0.0,,,,G,PHX,,,,,,,,,,,,,,,,,,,,,,,,,,,,,,,,,,,,,,,,,,,,,,,,,,,309.0,98.0,,,,,,,,,,,,,,1.0,1610612750.0,MIN,PHX,PHX,MIN,,,,,,,,,,,,,,,,,,,
203901,Elfrid Payton,1610612756,PHX,28.0,18.025,0,3,0.0,0,0,0.0,1,2,0.5,1,3,4,2,3,3,2,0,1,2,1,-13,92.09,0.67,0.167,0.129,33.3,40,0.164,-23.0,87.5,110.51,22.2,0.158,0.167,0.1,0.0,0.048,87.6,110.99,110.6,111.6,33.8,-24.1,0.033,32.0,0.125,27.0,0.063,6.0,2.0,4.0,0.0,10.0,0.2,0.0,1.0,0.0,2.0,0.0,0.0,2.0,5.0,0.0,0.0,0.4,0.0,0.0,0.0,0.0,0.0,0.0,0.023,0.0,4.67,4.07,43.0,2.0,0.0,0.0,13.0,3.3,0.5,2.0,4.3,1.0,0.5,0.667,0.0,0.0,4.0,4.0,0.667,4.9,3.0,0.0,3.0,0.75,0.75,0.25,0.0,0.0,1.0,0.5,0.0,1.0,6.0,,,,,,,,,,,,,,,1.0,0.0,0.0,0.0,0.0,0.0,0.0,1.0,0.0,0.333,0.0,0.333,0.0,0.667,2.0,2.0,0.0,0.0,0.0,,0.0,0.0,0.667,0.0,0.0,,,,,,,,,,,,,,0.0,,0.0,0.0,,,1.0,0.0,0.0,0.0,0.0,0.0,0.0,0.0,0.0,0.0,1.0,0.0,0.0,0.0,0.0,0.0,0.0,0.0,1.0,0.0,0.0,0.0,0.0,0.0,0.0,0.0,0.0,1.0,1.0,0.0,0.0,0.0,0.0,0.0,0.0,-0.077,0.604,0.322,39.0,0.527,74.0,0.0,1.0,,0.0,,,0.0,,0.0,0.0,0.0,0.0,0.0,0.0,0.0,0.0,0.0,0.0,0.0,0.0,0.0,0.0,,,1.0,1.0,0.0,,0.0,,,,0.0,2022,22101066,,3.0,10.0,0.3,0.429,-0.129,,,,,,,,,,,,,,,,,,,,,,,,,,,,,,,20220320.0,2021-22,False,SAC,6.0,3.0,3.0,3.0,0.0,0.0,0.0,1.0,0.0,1.0,1.0,0.0,0.0,0.0,0.0,0.0,0.0,0.0,0.0,0.0,0.0,,,,,,0.7,0.8,4.41,5.0,1.4,4.5,Elfrid,1.0,1.0,0.0,1.0,20.8,0.0,0.0,17.0,1.0,1.0,1.0,1.0,139.0,153.0,141.0,153.0,107.0,154.0,107.0,85.0,61.0,90.0,52.0,79.0,82.0,71.0,12.0,2.0,5.0,1.0,38.0,56.0,157.0,161.0,94.0,15.0,1.0,107.0,110.51,109.0,111.6,20.0,0.0,60.0,-24.1,59.0,102.0,153.0,177.0,13.0,109.0,153.0,157.0,20.0,67.0,3.0,174.0,135.0,87.5,105.0,141.0,153.0,139.0,67.0,139.0,155.0,109.0,153.0,65.0,143.0,89.0,1.0,,,,G,PHX,,,,,,,,,,,,,,,,,,,,,,,,,,,,,,,,,,,,,,,,,,,,,,,,,,,7548.0,113.0,,,,,,,,,,,,,,18.0,1610612758.0,SAC,PHX,PHX,SAC,,,,,,,,,,,,,,,,,,,
203901,Elfrid Payton,1610612756,PHX,28.0,18.48333333333333,0,4,0.0,0,0,0.0,0,0,0.0,0,3,3,4,1,1,0,0,0,0,0,6,83.32,4.0,0.122,0.0,11.1,38,0.125,7.3,118.4,99.98,44.4,0.115,0.235,0.077,0.0,0.0,118.2,95.1,110.9,100.0,11.1,18.4,0.043,23.0,0.174,24.0,0.174,5.0,0.0,4.0,0.0,9.0,0.0,0.0,0.0,0.0,4.0,0.0,0.333,2.0,6.0,2.0,0.0,0.333,0.0,0.0,0.0,0.0,0.0,0.0,0.0,1.0,5.34,4.93,30.0,1.0,0.0,0.0,8.0,2.7,0.0,0.0,6.9,0.0,0.0,0.75,0.0,0.0,5.0,6.9,0.6,0.0,3.0,1.0,3.0,0.75,0.6,0.0,0.0,1.0,0.0,0.0,0.0,0.0,5.0,,,,,,,,,,,,,,,3.0,0.0,0.0,0.0,0.0,0.0,0.0,3.0,0.0,0.75,0.0,0.75,0.0,0.25,1.0,1.0,0.0,0.0,0.0,,0.0,0.0,0.25,0.0,0.0,,,,,,,,,,,,,,0.0,,0.0,0.0,,,4.0,0.0,0.0,0.0,0.0,0.0,0.0,0.0,0.0,0.0,0.0,0.0,0.0,0.0,0.0,0.0,0.0,0.0,2.0,0.0,,0.0,0.0,0.0,0.0,0.0,0.0,2.0,0.0,,0.0,0.0,0.0,,0.0,-0.054,0.605,0.314,38.0,0.551,69.0,0.0,1.0,,0.0,0.0,0.0,0.0,,3.0,0.0,0.0,0.0,0.0,,0.0,0.0,0.0,0.0,,0.0,,0.0,,0.0,0.0,0.0,0.0,,0.0,,,,0.0,2022,22101056,,3.0,7.0,0.429,0.501,-0.072,,,,,,,,,,,,,,,,,,,,,,,,,,,,,,,20220318.0,2021-22,False,CHI,2.0,2.0,0.0,0.0,0.0,0.0,0.0,0.0,0.0,0.0,0.0,0.0,0.0,0.0,0.0,0.0,0.0,0.0,0.0,0.0,0.0,,,,,,0.7,0.6,3.94,4.39,1.3,3.51,Elfrid,1.0,1.0,0.0,1.0,11.6,0.0,0.0,9.0,1.0,1.0,1.0,1.0,176.0,223.0,181.0,223.0,143.0,206.0,143.0,138.0,147.0,138.0,134.0,92.0,129.0,42.0,78.0,43.0,76.0,1.0,1.0,170.0,228.0,64.0,182.0,19.0,2.0,191.0,99.98,208.0,100.0,108.0,0.0,134.0,18.4,11.0,207.0,97.0,174.0,186.0,61.0,223.0,228.0,108.0,127.0,4.0,171.0,93.0,118.4,114.0,181.0,97.0,60.0,48.0,60.0,98.0,61.0,223.0,129.0,184.0,14.0,0.0,,,,G,PHX,,,,,,,,,,,,,,,,,,,,,,,,,,,,,,,,,,,,,,,,,,,,,,,,,,,6852.0,98.0,,,,,,,,,,,,,,18.5,1610612741.0,PHX,CHI,PHX,CHI,,,,,,,,,,,,,,,,,,,
203901,Elfrid Payton,1610612756,PHX,28.0,0.6633333333333333,0,0,0.0,0,0,0.0,0,0,0.0,0,0,0,0,0,0,0,0,0,0,0,2,90.45,0.0,0.0,0.0,0.0,2,0.0,186.4,150.0,108.54,0.0,0.0,0.0,0.0,0.0,0.0,300.0,68.02,113.6,100.0,0.0,50.0,0.0,0.0,0.0,0.0,0.0,0.0,,0.0,0.0,0.0,0.0,0.0,0.0,0.0,0.0,0.0,0.0,0.0,0.0,0.0,0.0,0.0,0.0,0.0,0.0,0.0,0.0,0.0,0.0,0.0,0.0,0.0,0.0,0.0,0.0,0.0,0.0,0.0,0.0,,,,,,,,,,,,,,,,,,,,,,,,,,,,,,,,,,,,,,,,,,,,,,,,,,,,,,,,,,,,,,,,,,,,,,,,,,,,,,,0.0,,,,0.0,0.0,0.0,0.0,0.0,0.0,0.0,0.0,0.0,0.0,0.0,,,0.0,,0.0,,,0.0,,,0.0,,,,,,,,,,0.0,,,0.0,-0.033,0.602,0.305,37.0,0.569,65.0,,,,,,,0.0,,,0.0,,,0.0,,,,,0.0,,,,0.0,,,0.0,,,,0.0,,,,0.0,2022,22101038,,,,,,,,,,,,,,,,,,,,,,,,,,,,,,,,,,,,,20220316.0,2021-22,False,HOU,0.0,0.0,0.0,0.0,0.0,0.0,0.0,0.0,0.0,0.0,0.0,0.0,0.0,1.0,1.0,1.0,0.0,0.0,1.0,1.0,0.0,,,,,,0.0,0.0,0.0,0.0,0.0,0.0,Elfrid,1.0,1.0,0.0,1.0,0.0,0.0,0.0,0.0,1.0,1.0,1.0,1.0,258.0,226.0,247.0,226.0,151.0,203.0,151.0,135.0,144.0,135.0,131.0,225.0,234.0,195.0,141.0,110.0,66.0,1.0,1.0,179.0,232.0,101.0,250.0,19.0,1.0,250.0,108.54,248.0,100.0,25.0,0.0,131.0,50.0,195.0,248.0,7.0,1.0,250.0,41.0,226.0,232.0,25.0,225.0,0.0,1.0,5.0,150.0,119.0,247.0,7.0,8.0,195.0,8.0,1.0,41.0,226.0,234.0,224.0,123.0,0.0,,,,G,PHX,,,,,,,,,,,,,,,,,,,,,,,,,,,,,,,,,,,,,,,,,,,,,,,,,,,152.0,96.0,,,,,,,,,,,,,,0.7,1610612745.0,HOU,PHX,PHX,HOU,,,,,,,,,,,,,,,,,,,
203901,Elfrid Payton,1610612756,PHX,28.0,7.533333333333333,3,3,1.0,0,0,0.0,0,0,0.0,0,0,0,1,1,0,0,0,0,0,6,-3,74.34,1.0,0.267,1.0,20.0,14,0.271,-29.2,71.4,89.2,20.0,0.0,1.0,0.0,1.0,0.0,72.7,84.49,101.9,92.9,20.0,-21.4,0.387,10.0,0.2,12.0,0.1,2.0,1.0,2.0,0.0,3.0,0.25,4.0,1.0,0.0,2.0,1.0,0.0,1.0,4.0,0.0,0.0,0.25,0.0,1.0,0.0,0.0,2.0,0.0,0.429,0.0,3.43,2.79,14.0,1.0,0.0,0.0,8.0,0.8,2.0,,,,,,,,,,,,,,,,,,,,,,,,,,,,,,,,,,,,,,,2.0,0.0,0.0,0.0,1.0,2.0,1.0,2.0,2.0,0.667,1.0,0.667,0.0,0.333,1.0,1.0,1.0,1.0,0.0,,0.0,1.0,0.333,1.0,1.0,,,,,,,,,,,,,,1.0,,2.0,1.0,,,1.0,1.0,0.0,0.0,0.0,0.0,1.0,1.0,0.0,0.0,2.0,2.0,0.0,0.0,1.0,0.0,1.0,0.0,0.0,0.0,,0.0,0.0,0.0,0.0,1.0,0.0,2.0,1.0,,0.0,0.0,0.0,,0.0,-0.033,0.602,0.307,37.0,0.569,65.0,1.0,1.0,,1.0,,,0.0,,1.0,0.0,1.0,1.0,0.0,,1.0,0.0,1.0,0.0,,0.0,,0.0,,,0.0,1.0,0.0,,0.0,,,,0.0,2022,22101019,,2.0,2.0,1.0,0.419,0.582,,,,,,,,,,,,,,,,,,,,,,,,,,,,,,,20220313.0,2021-22,False,LAL,2.0,1.0,1.0,0.0,0.0,0.0,0.0,0.0,0.0,0.0,0.0,0.0,0.0,0.0,0.0,0.0,0.0,0.0,0.0,0.0,0.0,,,,,,0.3,0.2,3.71,4.48,0.5,2.95,Elfrid,1.0,1.0,0.0,1.0,6.5,0.0,0.0,7.0,1.0,1.0,1.0,1.0,147.0,87.0,124.0,1.0,92.0,130.0,92.0,94.0,97.0,94.0,87.0,138.0,145.0,95.0,56.0,78.0,52.0,1.0,1.0,112.0,107.0,93.0,138.0,18.0,1.0,136.0,89.2,22.0,92.9,149.0,3.0,87.0,-21.4,56.0,21.0,148.0,134.0,155.0,21.0,87.0,4.0,149.0,138.0,3.0,132.0,135.0,71.4,41.0,124.0,148.0,130.0,1.0,130.0,147.0,21.0,2.0,145.0,2.0,53.0,6.0,,,,G,PHX,,,,,,,,,,,,,,,,,,,,,,,,,,,,,,,,,,,,,,,,,,,,,,,,,,,2720.0,103.0,,,,,,,,,,,,,,7.5,1610612747.0,PHX,LAL,PHX,LAL,,,,,,,,,,,,,,,,,,,
203901,Elfrid Payton,1610612756,PHX,28.0,2.566666666666667,0,1,0.0,0,0,0.0,0,0,0.0,0,0,0,0,1,1,0,0,0,0,0,-4,93.51,0.0,0.333,0.0,50.0,6,0.4,-62.0,33.3,112.21,0.0,0.0,0.0,0.0,0.0,0.0,40.0,101.74,102.0,100.0,50.0,-66.7,-0.143,3.0,0.0,4.0,0.0,0.0,0.0,0.0,0.0,0.0,0.0,0.0,0.0,0.0,1.0,0.0,0.0,0.0,1.0,0.0,0.0,0.0,0.0,0.0,0.0,0.0,0.0,0.0,0.0,0.0,6.55,6.6,5.0,0.0,0.0,0.0,1.0,0.5,0.0,,,,,,,,,,,,,,,,,,,,,,,,,,,,,,,,,,,,,,,,,,,,,,,,,,,0.0,1.0,1.0,1.0,0.0,0.0,0.0,,0.0,0.0,1.0,0.0,0.0,,,,,,,,,,,,,,0.0,,0.0,0.0,,,1.0,0.0,0.0,0.0,0.0,0.0,0.0,0.0,0.0,0.0,0.0,0.0,0.0,0.0,0.0,0.0,0.0,0.0,1.0,,,0.0,0.0,0.0,0.0,0.0,,0.0,0.0,,,0.0,0.0,,0.0,-0.033,0.602,0.31,37.0,0.569,65.0,0.0,0.0,,0.0,,,0.0,,1.0,0.0,0.0,0.0,0.0,,0.0,0.0,0.0,0.0,,0.0,,0.0,,,0.0,0.0,0.0,,0.0,,,,0.0,2022,22100983,,0.0,1.0,0.0,0.41,-0.41,,,,,,,,,,,,,,,,,,,,,,,,,,,,,,,20220309.0,2021-22,False,MIA,0.0,0.0,0.0,1.0,0.0,0.0,0.0,0.0,0.0,0.0,0.0,0.0,0.0,0.0,0.0,0.0,0.0,0.0,0.0,0.0,0.0,,,,,,0.1,0.1,4.22,3.37,0.2,5.63,Elfrid,1.0,1.0,0.0,1.0,2.0,0.0,0.0,2.0,1.0,1.0,1.0,1.0,242.0,212.0,228.0,212.0,136.0,197.0,136.0,143.0,146.0,143.0,122.0,217.0,225.0,172.0,82.0,43.0,68.0,1.0,1.0,184.0,223.0,170.0,238.0,23.0,2.0,235.0,112.21,5.0,100.0,10.0,0.0,122.0,-66.7,172.0,11.0,247.0,251.0,100.0,76.0,212.0,223.0,10.0,217.0,1.0,251.0,247.0,33.3,91.0,228.0,247.0,248.0,172.0,248.0,247.0,76.0,212.0,225.0,249.0,126.0,0.0,,,,G,PHX,,,,,,,,,,,,,,,,,,,,,,,,,,,,,,,,,,,,,,,,,,,,,,,,,,,1028.0,101.0,,,,,,,,,,,,,,2.6,1610612748.0,MIA,PHX,PHX,MIA,,,,,,,,,,,,,,,,,,,
203901,Elfrid Payton,1610612756,PHX,28.0,2.933333333333333,0,0,0.0,0,0,0.0,0,0,0.0,0,1,1,1,0,0,0,0,1,0,0,-4,95.45,0.0,0.0,0.0,0.0,7,0.0,-51.7,57.1,114.55,100.0,0.143,0.5,0.091,0.0,0.0,66.7,104.4,118.3,114.3,0.0,-57.1,0.095,5.0,0.2,4.0,0.2,2.0,0.0,1.0,0.0,2.0,0.0,0.0,0.0,0.0,0.0,0.0,0.0,1.0,1.0,0.0,0.0,1.0,0.0,0.0,0.0,0.0,0.0,0.0,0.0,0.0,6.86,7.2,5.0,0.0,0.0,0.0,0.0,0.6,0.0,0.0,5.9,1.0,0.0,1.0,1.0,0.0,1.0,5.9,1.0,0.0,0.0,0.0,0.0,1.0,1.0,1.0,0.0,0.0,0.0,0.0,1.0,0.0,1.0,,,,,,,,,,,,,,,,,,,,,,,,,,,,,,,,,,,,,,,,,,,,,,,,,,,,,,,0.0,,,,0.0,0.0,0.0,0.0,0.0,0.0,0.0,0.0,0.0,0.0,0.0,0.0,0.0,0.0,0.0,0.0,0.0,0.0,0.0,0.0,,0.0,0.0,0.0,0.0,0.0,0.0,0.0,0.0,,0.0,0.0,0.0,,0.0,-0.032,0.603,0.31,36.0,0.571,63.0,0.0,0.0,,0.0,,,0.0,,0.0,0.0,0.0,0.0,,,0.0,0.0,0.0,,,0.0,,0.0,,,,0.0,0.0,,0.0,,,,0.0,2022,22100882,,0.0,4.0,0.0,0.453,-0.453,,,,,,,,,,,,,,,,,,,,,,,,,,,,,,,20220216.0,2021-22,False,HOU,2.0,0.0,2.0,0.0,0.0,0.0,0.0,0.0,0.0,0.0,0.0,0.0,0.0,1.0,1.0,1.0,1.0,0.0,1.0,1.0,1.0,,,,,,0.1,0.1,3.81,4.15,0.2,3.52,Elfrid,1.0,1.0,0.0,1.0,2.7,0.0,0.0,2.0,1.0,1.0,1.0,1.0,217.0,192.0,214.0,192.0,124.0,178.0,124.0,129.0,139.0,129.0,116.0,167.0,184.0,113.0,135.0,106.0,85.0,1.0,41.0,163.0,201.0,144.0,210.0,21.0,2.0,211.0,114.55,216.0,114.3,5.0,0.0,116.0,-57.1,1.0,216.0,210.0,1.0,63.0,133.0,192.0,201.0,5.0,84.0,0.0,1.0,213.0,57.1,158.0,214.0,210.0,213.0,3.0,213.0,209.0,133.0,192.0,91.0,109.0,111.0,0.0,,,,G,PHX,,,,,,,,,,,,,,,,,,,,,,,,,,,,,,,,,,,,,,,,,,,,,,,,,,,1121.0,107.0,,,,,,,,,,,,,,2.9,1610612745.0,PHX,HOU,PHX,HOU,,,,,,,,,,,,,,,,,,,
203901,Elfrid Payton,1610612756,PHX,28.0,15.6,2,4,0.5,0,0,0.0,2,2,1.0,0,1,1,3,0,1,0,0,2,1,6,0,92.31,0.0,0.116,0.615,0.0,36,0.116,-1.1,116.7,110.77,37.5,0.077,0.214,0.031,0.5,0.0,120.1,107.08,121.2,116.7,0.0,0.0,0.083,14.0,0.286,15.0,0.214,5.0,1.0,4.0,0.0,8.0,0.0,6.0,0.0,1.0,4.0,0.667,0.111,4.0,9.0,1.0,2.0,0.444,0.111,0.5,2.0,1.0,2.0,0.0,0.316,0.0,5.32,5.32,19.0,0.0,0.0,0.0,5.0,1.7,0.0,0.0,6.2,0.0,0.0,1.0,0.0,0.0,1.0,6.2,1.0,0.0,1.0,0.0,1.0,1.0,1.0,0.0,0.0,0.0,0.0,0.0,0.0,0.0,1.0,,,,,,,,,,,,,,,4.0,0.0,0.0,0.0,0.5,2.0,0.5,4.0,2.0,1.0,0.5,1.0,,,,,,,,,,,,,,,,,,,,,,,,,,,,,0.0,,,,0.0,0.0,0.0,0.0,0.0,0.0,0.0,0.5,0.0,0.0,0.0,2.0,0.0,0.0,0.0,0.0,0.667,0.0,0.0,0.0,0.0,0.0,0.0,0.0,0.0,0.0,0.0,3.0,1.0,0.0,0.0,0.0,0.0,0.0,0.0,-0.007,0.603,0.313,34.0,0.596,57.0,2.0,3.0,0.0,0.0,0.0,0.0,0.0,0.0,0.0,0.0,0.667,0.0,0.0,0.0,0.0,0.0,0.0,0.0,0.0,0.0,0.0,0.0,0.0,0.0,0.0,1.0,0.0,,0.0,,,,0.0,2022,22100815,,5.0,7.0,0.714,0.464,0.25,,,,,,,,,,,,,,,,,,,,,,,,,,,,,,,20220208.0,2021-22,False,PHI,3.0,0.0,3.0,3.0,0.0,0.0,0.0,1.0,0.0,1.0,1.0,0.0,0.0,0.0,0.0,0.0,0.0,0.0,0.0,0.0,0.0,,,,,,0.6,0.6,4.33,4.13,1.2,4.55,Elfrid,1.0,1.0,0.0,1.0,14.7,0.0,0.0,12.0,1.0,1.0,1.0,1.0,167.0,134.0,162.0,74.0,120.0,173.0,120.0,50.0,63.0,1.0,114.0,151.0,166.0,56.0,134.0,42.0,69.0,1.0,96.0,98.0,136.0,97.0,137.0,17.0,1.0,152.0,110.77,176.0,116.7,16.0,2.0,114.0,0.0,13.0,175.0,83.0,1.0,48.0,127.0,134.0,81.0,17.0,150.0,4.0,1.0,106.0,116.7,146.0,162.0,83.0,97.0,55.0,97.0,74.0,127.0,98.0,170.0,112.0,115.0,6.0,,,,G,PHX,,,,,,,,,,,,,,,,,,,,,,,,,,,,,,,,,,,,,,,,,,,,,,,,,,,6554.0,104.0,,,,,,,,,,,,,,15.6,1610612755.0,PHI,PHX,PHX,PHI,,,,,,,,,,,,,,,,,,,
203901,Elfrid Payton,1610612756,PHX,28.0,10.0,0,1,0.0,0,0,0.0,0,0,0.0,0,2,2,7,3,1,0,0,0,1,0,-8,86.0,2.33,0.174,0.0,27.3,22,0.18,-49.4,118.2,103.2,63.6,0.4,0.7,0.2,0.0,0.0,122.6,98.3,172.1,161.9,27.3,-43.7,0.098,20.0,0.4,18.0,0.35,10.0,1.0,8.0,0.0,17.0,0.0,0.0,0.0,0.0,1.0,0.0,0.25,3.0,4.0,1.0,0.0,0.75,0.0,0.0,0.0,0.0,0.0,0.0,0.0,0.0,4.77,4.52,25.0,1.0,0.0,0.0,9.0,2.0,0.0,0.0,12.0,0.0,0.0,0.667,0.0,0.0,3.0,12.0,0.667,0.0,2.0,0.0,2.0,0.667,0.667,0.0,0.0,0.0,0.0,0.0,0.0,0.0,3.0,,,,,,,,,,,,,,,1.0,0.0,0.0,0.0,0.0,0.0,0.0,1.0,0.0,1.0,0.0,1.0,,,,,,,,,,,,,,,,,,,,,,,,,,,0.0,,0.0,0.0,,,1.0,0.0,0.0,0.0,0.0,0.0,0.0,0.0,0.0,0.0,0.0,0.0,0.0,0.0,0.0,0.0,0.0,0.0,0.0,0.0,,0.0,0.0,0.0,0.0,0.0,0.0,1.0,0.0,,0.0,0.0,0.0,,0.0,-0.012,0.6,0.317,30.0,0.588,51.0,0.0,0.0,0.0,0.0,0.0,0.0,0.0,0.0,1.0,0.0,0.0,0.0,0.0,,0.0,0.0,0.0,0.0,,0.0,,0.0,0.0,0.0,0.0,0.0,0.0,,0.0,,,,0.0,2022,22100783,,4.0,6.0,0.667,0.442,0.224,,,,,,,,,,,,,,,,,,,,,,,,,,,,,,,20220203.0,2021-22,False,ATL,4.0,0.0,4.0,0.0,0.0,0.0,0.0,0.0,0.0,0.0,0.0,0.0,0.0,0.0,0.0,0.0,0.0,0.0,0.0,0.0,0.0,,,,,,0.4,0.4,4.44,4.29,0.8,4.6,Elfrid,1.0,0.0,1.0,0.0,12.9,0.0,0.0,11.0,1.0,61.0,61.0,61.0,111.0,108.0,110.0,108.0,70.0,97.0,70.0,68.0,70.0,68.0,59.0,68.0,77.0,7.0,10.0,32.0,40.0,1.0,1.0,57.0,112.0,94.0,88.0,11.0,1.0,91.0,103.2,63.0,161.9,33.0,0.0,59.0,-43.7,2.0,62.0,40.0,112.0,93.0,120.0,108.0,112.0,33.0,5.0,1.0,112.0,118.0,118.2,120.0,110.0,40.0,117.0,2.0,117.0,26.0,120.0,108.0,8.0,61.0,20.0,0.0,,,,G,PHX,,,,,,,,,,,,,,,,,,,,,,,,,,,,,,,,,,,,,,,,,,,,,,,,,,,4252.0,102.0,,,,,,,,,,,,,,10.0,1610612737.0,ATL,PHX,PHX,ATL,,,,,,,,,,,,,,,,,,,
203901,Elfrid Payton,1610612756,PHX,28.0,13.683333333333334,1,7,0.143,0,3,0.0,0,0,0.0,1,1,2,3,1,2,0,1,0,0,2,-6,84.77,3.0,0.229,0.143,9.1,29,0.244,-22.9,86.2,101.73,27.3,0.077,0.333,0.067,0.143,0.059,84.0,103.06,106.9,106.9,9.1,-20.7,0.027,21.0,0.143,23.0,0.143,5.0,0.0,3.0,0.0,7.0,0.0,2.0,0.0,0.0,3.0,0.286,0.143,4.0,7.0,1.0,0.0,0.571,0.0,0.333,0.0,0.0,1.0,0.0,0.069,0.0,4.57,4.0,29.0,1.0,0.0,0.0,14.0,2.2,0.0,2.0,7.6,1.0,0.5,0.333,0.0,0.0,4.0,10.8,0.333,4.4,1.0,0.0,1.0,0.25,0.25,0.5,0.0,0.0,1.0,0.5,0.0,1.0,6.0,0.0,,0.0,1.0,0.143,0.143,0.0,1.0,0.0,0.0,0.0,0.0,0.0,,3.0,0.0,0.0,0.0,0.333,1.0,0.333,3.0,1.0,0.429,0.333,0.429,,,,,,,,,,,,,,,0.0,0.0,0.0,3.0,0.0,0.0,3.0,0.0,0.0,0.0,0.429,0.429,0.0,0.0,0.0,0.0,0.0,1.0,1.0,0.0,0.0,0.0,0.0,0.0,0.0,0.143,0.0,0.0,0.0,1.0,0.0,0.0,0.0,0.0,0.5,0.0,0.0,0.0,0.0,2.0,1.0,0.0,1.0,0.0,0.0,2.0,2.0,0.0,0.0,0.0,0.0,0.0,0.0,0.012,0.6,0.327,30.0,0.612,49.0,1.0,2.0,0.0,0.0,,,0.0,0.0,0.0,1.0,0.5,0.0,0.0,0.0,0.0,0.0,0.0,0.0,0.0,1.0,0.0,0.0,1.0,,0.0,2.0,0.0,0.0,2.0,0.0,2.0,0.0,0.0,2022,22100758,,2.0,5.0,0.4,0.434,-0.034,,,,,,,,,,,,,,,,,,,,,,,,,,,,,,,20220130.0,2021-22,False,SAS,2.0,0.0,2.0,1.0,0.0,0.0,0.0,0.0,0.0,0.0,0.0,0.0,0.0,0.0,0.0,0.0,0.0,0.0,0.0,0.0,0.0,,,,,,0.5,0.5,4.13,3.88,1.0,4.41,Elfrid,1.0,1.0,0.0,1.0,13.9,0.0,0.0,11.0,1.0,1.0,1.0,1.0,141.0,131.0,84.0,146.0,102.0,70.0,102.0,85.0,91.0,85.0,35.0,119.0,106.0,44.0,46.0,9.0,36.0,129.0,1.0,113.0,141.0,112.0,115.0,17.0,5.0,124.0,101.73,43.0,106.9,66.0,1.0,40.0,-20.7,45.0,53.0,150.0,101.0,46.0,60.0,131.0,149.0,66.0,114.0,7.0,100.0,133.0,86.2,61.0,84.0,150.0,128.0,23.0,128.0,152.0,60.0,146.0,92.0,135.0,20.0,2.0,,,1.0,G,PHX,,,,,,,,,,,,,,,,,,,,,,,,,,,,,,,,,,,,,,,,,,,,,,,,,,,5489.0,99.0,,,,,,,,,,,,,,13.7,1610612759.0,PHX,SAS,PHX,SAS,,,,,,,,,,,,,,,,,,,
203901,Elfrid Payton,1610612756,PHX,28.0,10.831666666666669,0,0,0.0,0,0,0.0,0,0,0.0,1,1,2,2,2,0,0,0,0,0,0,6,86.78,1.0,0.077,0.0,50.0,24,0.08,28.8,133.3,104.14,50.0,0.083,0.2,0.095,0.0,0.111,139.4,102.99,110.5,113.0,50.0,20.3,0.032,24.0,0.167,21.0,0.083,5.0,1.0,4.0,1.0,6.0,0.0,0.0,0.0,0.0,0.0,0.0,0.0,1.0,1.0,0.0,0.0,1.0,0.0,0.0,0.0,0.0,0.0,0.0,0.0,1.0,4.75,4.23,26.0,2.0,0.0,0.0,9.0,2.1,0.0,1.0,4.1,1.0,1.0,1.0,1.0,1.0,1.0,3.0,1.0,5.2,0.0,0.0,1.0,1.0,1.0,0.5,0.0,0.0,0.0,1.0,1.0,0.0,2.0,,,,,,,,,,,,,,,,,,,,,,,,,,,,,,,,,,,,,,,,,,,,,,,,,,,,,,,0.0,,,,0.0,0.0,0.0,0.0,0.0,0.0,0.0,0.0,0.0,0.0,0.0,0.0,0.0,0.0,0.0,0.0,0.0,0.0,0.0,0.0,0.0,0.0,0.0,0.0,0.0,0.0,0.0,0.0,0.0,0.0,0.0,0.0,0.0,0.0,0.0,0.026,0.599,0.331,30.0,0.625,48.0,0.0,0.0,,0.0,,,0.0,,0.0,0.0,0.0,0.0,0.0,0.0,0.0,0.0,0.0,0.0,0.0,0.0,0.0,0.0,,,0.0,0.0,0.0,,0.0,,,,0.0,2022,22100743,,5.0,8.0,0.625,0.453,0.172,,,,,,,,,,,,,,,,,,,,,,,,,,,,,,,20220128.0,2021-22,False,MIN,3.0,2.0,1.0,0.0,0.0,1.0,3.0,0.0,0.0,0.0,0.0,0.0,0.0,0.0,0.0,0.0,0.0,0.0,0.0,0.0,0.0,,,,,,0.4,0.4,4.25,3.81,0.8,4.79,Elfrid,1.0,1.0,0.0,1.0,3.4,0.0,0.0,4.0,1.0,1.0,1.0,1.0,199.0,198.0,215.0,198.0,126.0,184.0,126.0,135.0,141.0,135.0,59.0,159.0,148.0,85.0,36.0,111.0,75.0,1.0,1.0,159.0,206.0,61.0,204.0,20.0,5.0,201.0,104.14,215.0,113.0,69.0,0.0,24.0,20.3,4.0,215.0,26.0,230.0,82.0,131.0,198.0,206.0,69.0,153.0,0.0,230.0,23.0,133.3,116.0,215.0,26.0,48.0,59.0,48.0,16.0,131.0,198.0,79.0,172.0,72.0,0.0,,,,G,PHX,,,,,,,,,,,,,,,,,,,,,,,,,,,,,,,,,,,,,,,,,,,,,,,,,,,4072.0,101.0,,,,,,,,,,,,,,10.8,1610612750.0,PHX,MIN,PHX,MIN,,,,,,,,,,,,,,,,,,,
203901,Elfrid Payton,1610612756,PHX,28.0,11.16,0,3,0.0,0,0,0.0,0,0,0.0,0,2,2,1,0,1,1,2,1,0,0,10,82.44,0.0,0.115,0.0,0.0,22,0.115,52.7,109.1,98.92,25.0,0.111,0.111,0.065,0.0,0.0,104.0,108.39,51.2,58.3,0.0,50.8,0.028,14.0,0.071,15.0,0.071,2.0,0.0,1.0,0.0,2.0,0.0,0.0,0.0,0.0,1.0,0.0,0.0,1.0,2.0,0.0,0.0,0.5,0.0,0.0,0.0,0.0,0.0,0.0,0.0,1.0,5.43,5.47,19.0,0.0,0.0,0.0,9.0,1.7,0.0,2.0,9.6,0.0,0.0,0.286,0.0,0.0,5.0,9.6,0.286,0.0,2.0,0.0,2.0,0.4,0.4,0.0,0.0,0.0,0.0,0.0,0.0,0.0,7.0,0.0,,0.0,2.0,0.667,0.667,0.0,2.0,0.0,0.0,0.0,0.0,0.0,,,,,,,,,,,,,,0.0,0.333,1.0,1.0,0.0,0.0,0.0,,0.0,0.0,0.333,0.0,0.0,,,,,,,,,,,,,,0.0,,0.0,0.0,,,1.0,0.0,0.0,0.0,0.0,0.0,0.0,0.0,0.0,0.0,0.0,0.0,0.0,0.0,0.0,0.0,0.0,0.0,1.0,0.0,0.0,0.0,0.0,0.0,0.0,0.0,0.0,1.0,1.0,0.0,0.0,0.0,0.0,0.0,0.0,0.017,0.597,0.321,27.0,0.614,44.0,0.0,1.0,,0.0,0.0,0.0,0.0,,1.0,0.0,0.0,0.0,0.0,0.0,0.0,0.0,0.0,0.0,0.0,0.0,0.0,0.0,,0.0,0.0,1.0,0.0,,0.0,,,,0.0,2022,22100731,,2.0,7.0,0.286,0.467,-0.181,,,,,,,,,,,,,,,,,,,,,,,,,,,,,,,20220126.0,2021-22,False,UTA,1.0,1.0,0.0,1.0,0.0,0.0,0.0,0.0,0.0,0.0,0.0,0.0,0.0,0.0,0.0,0.0,0.0,0.0,0.0,0.0,0.0,,,,,,0.4,0.5,3.91,4.38,0.8,4.41,Elfrid,1.0,1.0,0.0,1.0,9.9,0.0,0.0,7.0,1.0,1.0,1.0,1.0,175.0,187.0,163.0,187.0,114.0,167.0,114.0,118.0,128.0,118.0,106.0,118.0,138.0,107.0,129.0,33.0,14.0,209.0,45.0,154.0,193.0,41.0,162.0,15.0,4.0,174.0,98.92,173.0,58.3,133.0,0.0,106.0,50.8,63.0,172.0,131.0,1.0,40.0,2.0,187.0,193.0,133.0,120.0,3.0,1.0,8.0,109.1,1.0,163.0,131.0,10.0,107.0,10.0,148.0,2.0,187.0,130.0,175.0,105.0,0.0,,,1.0,G,PHX,,,,,,,,,,,,,,,,,,,,,,,,,,,,,,,,,,,,,,,,,,,,,,,,,,,4428.0,93.0,,,,,,,,,,,,,,11.2,1610612762.0,UTA,PHX,PHX,UTA,,,,,,,,,,,,,,,,,,,
203901,Elfrid Payton,1610612756,PHX,28.0,1.9666666666666663,0,1,0.0,0,0,0.0,0,0,0.0,0,1,1,1,0,0,0,0,0,0,0,-1,91.53,0.0,0.25,0.0,0.0,4,0.25,-11.5,50.0,109.83,50.0,0.333,1.0,0.2,0.0,0.0,50.0,108.37,61.5,60.0,0.0,-10.0,0.25,4.0,0.25,4.0,0.25,2.0,0.0,1.0,0.0,2.0,0.0,0.0,0.0,0.0,1.0,0.0,0.0,1.0,2.0,0.0,0.0,0.5,0.0,0.0,0.0,0.0,0.0,0.0,0.0,0.0,6.51,6.6,5.0,0.0,0.0,0.0,1.0,0.5,0.0,0.0,7.6,0.0,0.0,1.0,0.0,0.0,1.0,7.6,1.0,0.0,1.0,0.0,1.0,1.0,1.0,0.0,0.0,0.0,0.0,0.0,0.0,0.0,1.0,,,,,,,,,,,,,,,1.0,0.0,0.0,0.0,0.0,0.0,0.0,1.0,0.0,1.0,0.0,1.0,,,,,,,,,,,,,,,,,,,,,,,,,,,,,0.0,,,,0.0,0.0,0.0,0.0,0.0,0.0,0.0,0.0,0.0,0.0,0.0,,0.0,0.0,0.0,0.0,,0.0,0.0,,,0.0,0.0,0.0,0.0,0.0,,,1.0,,,0.0,0.0,,0.0,0.022,0.594,0.315,24.0,0.615,39.0,,,,,,,0.0,,,0.0,,0.0,0.0,,0.0,0.0,,0.0,,0.0,,0.0,,,0.0,1.0,0.0,,0.0,,,,0.0,2022,22100664,,,,,,,,,,,,,,,,,,,,,,,,,,,,,,,,,,,,,20220117.0,2021-22,False,SAS,,,,,,,,,,,,,,,,,,,,,,,,,,,0.1,0.1,5.59,5.72,0.2,5.45,Elfrid,1.0,1.0,0.0,1.0,2.7,0.0,0.0,2.0,1.0,1.0,1.0,1.0,243.0,212.0,221.0,212.0,134.0,196.0,134.0,131.0,141.0,131.0,117.0,166.0,177.0,126.0,158.0,133.0,77.0,1.0,1.0,172.0,218.0,126.0,219.0,26.0,3.0,218.0,109.83,54.0,60.0,23.0,0.0,117.0,-10.0,4.0,45.0,232.0,1.0,19.0,10.0,212.0,218.0,23.0,13.0,1.0,1.0,160.0,50.0,11.0,221.0,232.0,158.0,1.0,158.0,232.0,10.0,212.0,11.0,10.0,121.0,0.0,,,,G,PHX,,,,,,,,,,,,,,,,,,,,,,,,,,,,,,,,,,,,,,,,,,,,,,,,,,,909.0,95.0,,,,,,,,,,,,,,,1610612759.0,SAS,PHX,PHX,SAS,,,,,,,,,,,,,,,,,,,
203901,Elfrid Payton,1610612756,PHX,28.0,1.3,0,0,0.0,0,0,0.0,0,0,0.0,0,0,0,0,0,0,0,0,0,0,0,0,61.54,0.0,0.0,0.0,0.0,2,0.0,0.0,0.0,73.85,0.0,0.0,0.0,0.0,0.0,0.0,0.0,53.17,0.0,0.0,0.0,0.0,0.0,0.0,0.0,0.0,0.0,0.0,,0.0,0.0,0.0,0.0,0.0,0.0,0.0,0.0,0.0,0.0,0.0,0.0,0.0,0.0,0.0,0.0,0.0,0.0,0.0,0.0,0.0,0.0,0.0,0.0,0.0,0.0,0.0,0.0,0.0,0.0,0.0,0.0,,,,,,,,,,,,,,,,,,,,,,,,,,,,,,,,,,,,,,,,,,,,,,,,,,,,,,,,,,,,,,,,,,,,,,,,,,,,,,,0.0,,,,0.0,0.0,0.0,0.0,0.0,0.0,0.0,0.0,0.0,0.0,0.0,,0.0,0.0,,0.0,,,0.0,0.0,,0.0,0.0,,,,0.0,,,,0.0,0.0,0.0,,0.0,0.004,0.596,0.294,21.0,0.6,35.0,0.0,0.0,,0.0,,,0.0,,0.0,0.0,0.0,,,,,0.0,0.0,,,0.0,,0.0,,,,,0.0,,0.0,,,,0.0,2022,22100634,,,,,,,,,,,,,,,,,,,,,,,,,,,,,,,,,,,,,20220114.0,2021-22,False,IND,,,,,,,,,,,,,,,,,,,,,,,,,,,0.0,0.0,4.26,0.0,0.1,0.0,Elfrid,1.0,1.0,0.0,1.0,0.0,0.0,0.0,0.0,1.0,1.0,1.0,1.0,191.0,156.0,187.0,156.0,101.0,158.0,101.0,109.0,115.0,109.0,98.0,168.0,176.0,136.0,125.0,90.0,64.0,1.0,1.0,143.0,164.0,88.0,185.0,18.0,2.0,186.0,73.85,191.0,0.0,193.0,0.0,98.0,0.0,136.0,191.0,193.0,1.0,193.0,1.0,156.0,164.0,193.0,168.0,0.0,1.0,88.0,0.0,1.0,187.0,193.0,91.0,136.0,91.0,193.0,1.0,156.0,176.0,151.0,93.0,0.0,,,,G,PHX,,,,,,,,,,,,,,,,,,,,,,,,,,,,,,,,,,,,,,,,,,,,,,,,,,,430.0,98.0,,,,,,,,,,,,,,,1610612754.0,IND,PHX,PHX,IND,,,,,,,,,,,,,,,,,,,
203901,Elfrid Payton,1610612756,PHX,28.0,10.093333333333334,2,4,0.5,0,0,0.0,1,2,0.5,1,0,1,1,0,2,0,1,1,3,5,3,81.24,0.0,0.16,0.512,0.0,21,0.205,10.7,104.8,97.49,20.0,0.0,0.167,0.05,0.5,0.067,111.3,91.88,100.6,95.0,0.0,9.8,0.122,18.0,0.056,15.0,0.056,4.0,0.0,1.0,0.0,2.0,0.0,3.0,0.0,0.0,2.0,1.5,0.0,0.0,2.0,0.0,0.0,0.0,0.0,0.5,0.0,0.0,1.0,0.0,0.217,0.0,3.2,2.91,23.0,1.0,0.0,0.0,10.0,1.2,0.0,3.0,2.7,1.0,0.333,0.333,0.0,0.0,0.0,0.0,0.333,2.7,0.0,0.0,0.0,0.0,0.0,1.0,0.0,0.0,1.0,0.333,0.0,1.0,3.0,0.0,,0.0,1.0,0.25,0.25,1.0,1.0,0.0,1.0,1.0,1.0,1.0,,3.0,0.0,0.0,0.0,0.333,1.0,0.333,3.0,1.0,0.75,0.333,0.75,,,,,,,,,,,,,,,,,,,,,,,,,,,,,0.0,,,,0.0,0.0,0.0,0.0,0.0,0.0,0.0,0.5,0.0,0.0,0.0,1.0,0.0,0.0,1.0,0.0,0.5,0.0,0.0,,0.0,0.0,0.0,0.0,0.0,0.5,,2.0,2.0,0.0,,0.0,0.0,0.0,0.0,0.011,0.609,0.296,18.0,0.621,29.0,1.0,1.0,,0.0,,,0.0,,0.0,0.0,1.0,0.333,0.0,0.0,1.0,0.0,0.0,0.0,0.0,0.0,0.0,0.0,,,0.0,3.0,0.0,,0.0,,,,0.0,2022,22100529,,4.0,5.0,0.8,0.439,0.361,,,,,,,,,,,,,,,,,,,,,,,,,,,,,,,20211231.0,2021-22,False,BOS,3.0,2.0,1.0,2.0,0.0,0.0,0.0,0.0,0.0,0.0,0.0,0.0,0.0,0.0,0.0,0.0,0.0,0.0,0.0,0.0,0.0,,,,,,0.4,0.4,4.39,4.37,0.8,4.41,Elfrid,1.0,0.0,1.0,0.0,13.7,0.0,0.0,11.0,1.0,109.0,109.0,109.0,179.0,127.0,142.0,60.0,119.0,170.0,119.0,86.0,66.0,90.0,56.0,185.0,163.0,102.0,119.0,7.0,74.0,143.0,44.0,42.0,145.0,82.0,135.0,19.0,3.0,145.0,97.49,79.0,95.0,146.0,2.0,60.0,9.8,68.0,127.0,135.0,1.0,201.0,41.0,127.0,116.0,146.0,185.0,4.0,1.0,78.0,104.8,62.0,142.0,135.0,75.0,65.0,75.0,109.0,41.0,91.0,148.0,68.0,97.0,5.0,,,1.0,G,PHX,,,,,,,,,,,,,,,,,,,,,,,,,,,,,,,,,,,,,,,,,,,,,,,,,,,4082.0,99.0,,,,,,,,,,,,,,10.1,1610612738.0,BOS,PHX,PHX,BOS,,,,,,,,,,,,,,,,,,,
203901,Elfrid Payton,1610612756,PHX,28.0,8.995,1,3,0.333,0,0,0.0,0,0,0.0,0,2,2,0,1,1,0,1,2,0,2,-3,80.04,0.0,0.222,0.333,25.0,17,0.222,-11.4,76.5,96.05,0.0,0.25,0.0,0.118,0.333,0.0,76.5,93.92,87.9,84.2,25.0,-7.7,0.0,5.0,0.0,6.0,0.0,0.0,0.0,0.0,0.0,0.0,0.0,0.0,0.0,0.0,1.0,0.0,0.0,0.0,1.0,0.0,0.0,0.0,0.0,0.0,0.0,0.0,0.0,0.0,0.222,0.0,2.05,1.67,9.0,0.0,0.0,0.0,4.0,0.3,0.0,1.0,5.5,1.0,0.0,0.5,0.5,0.0,4.0,5.5,0.4,0.0,1.0,1.0,1.0,0.667,0.5,0.5,0.0,1.0,0.0,0.0,1.0,0.0,5.0,,,,,,,,,,,,,,,2.0,0.0,0.0,0.0,0.0,0.0,0.0,2.0,0.0,0.667,0.0,0.667,0.0,0.333,1.0,1.0,1.0,1.0,0.0,,0.0,1.0,0.333,1.0,1.0,,,,,,,,,,,,,,0.0,,0.0,0.0,,,1.0,0.0,0.0,0.0,0.0,0.0,0.0,0.333,0.0,0.0,0.0,1.0,0.0,0.0,0.0,0.0,0.5,0.0,0.0,,0.0,0.0,0.0,0.0,0.0,0.0,,2.0,1.0,0.0,,0.0,0.0,0.0,0.0,-0.054,0.614,0.269,14.0,0.56,25.0,1.0,1.0,,0.0,0.0,0.0,0.0,,1.0,0.0,1.0,0.0,0.0,0.0,0.0,0.0,0.0,0.0,0.0,0.0,0.0,0.0,,0.0,0.0,1.0,0.0,,0.0,,,,0.0,2022,22100505,,1.0,4.0,0.25,0.445,-0.195,,,,,,,,,,,,,,,,,,,,,,,,,,,,,,,20211227.0,2021-22,False,MEM,2.0,1.0,1.0,2.0,0.0,0.0,0.0,0.0,1.0,1.0,0.0,1.0,0.0,0.0,0.0,0.0,0.0,0.0,0.0,0.0,0.0,,,,,,0.3,0.4,4.44,4.34,0.7,4.52,Elfrid,1.0,0.0,1.0,0.0,6.4,0.0,0.0,6.0,1.0,80.0,80.0,80.0,128.0,109.0,118.0,104.0,81.0,110.0,81.0,75.0,80.0,75.0,82.0,77.0,97.0,112.0,49.0,31.0,45.0,102.0,69.0,102.0,120.0,87.0,127.0,11.0,1.0,124.0,96.05,51.0,84.2,138.0,1.0,82.0,-7.7,112.0,44.0,145.0,140.0,148.0,18.0,109.0,125.0,138.0,18.0,3.0,140.0,97.0,76.5,25.0,118.0,145.0,94.0,112.0,94.0,145.0,18.0,116.0,43.0,135.0,81.0,2.0,,,,G,PHX,,,,,,,,,,,,,,,,,,,,,,,,,,,,,,,,,,,,,,,,,,,,,,,,,,,3719.0,98.0,,,,,,,,,,,,,,9.0,1610612763.0,PHX,MEM,PHX,MEM,,,,,,,,,,,,,,,,,,,
203901,Elfrid Payton,1610612756,PHX,28.0,6.666666666666667,1,2,0.5,0,0,0.0,0,0,0.0,0,2,2,1,2,0,0,1,1,0,2,-1,81.0,0.5,0.286,0.5,40.0,13,0.308,9.3,100.0,97.2,20.0,0.222,0.25,0.133,0.5,0.0,100.0,102.38,90.7,100.0,40.0,0.0,0.038,3.0,0.333,5.0,0.333,1.0,0.0,1.0,0.0,3.0,0.0,0.0,0.0,0.0,0.0,0.0,0.0,0.0,0.0,0.0,0.0,0.0,0.0,0.0,0.0,0.0,0.0,0.0,0.25,0.0,4.48,4.13,8.0,0.0,0.0,0.0,4.0,0.6,0.0,1.0,4.4,0.0,0.0,0.667,0.0,0.0,2.0,4.4,0.667,0.0,2.0,0.0,2.0,1.0,1.0,0.0,0.0,0.0,0.0,0.0,0.0,0.0,3.0,,,,,,,,,,,,,,,,,,,,,,,,,,,0.0,0.5,1.0,1.0,1.0,1.0,0.0,,0.0,1.0,0.5,1.0,1.0,0.0,0.0,0.0,1.0,0.0,0.0,,1.0,0.5,0.0,0.0,0.5,0.0,1.0,,2.0,1.0,,,1.0,1.0,0.0,0.0,0.0,0.0,0.0,0.5,0.0,0.0,0.0,0.0,0.0,0.0,0.0,0.0,0.0,0.0,2.0,,,0.0,0.0,0.0,0.0,0.0,,0.0,0.0,,,1.0,0.0,,0.5,-0.054,0.614,0.281,14.0,0.56,25.0,0.0,0.0,,0.0,,,0.0,,0.0,0.0,0.0,0.0,1.0,0.0,0.0,0.0,0.0,1.0,0.0,1.0,0.0,0.0,,,1.0,0.0,0.0,0.0,1.0,,,,0.0,2022,22100483,,2.0,3.0,0.667,0.416,0.251,,,,,,,,,,,,,,,,,,,,,,,,,,,,,,,20211223.0,2021-22,False,OKC,1.0,1.0,0.0,0.0,0.0,1.0,3.0,0.0,0.0,0.0,0.0,0.0,0.0,0.0,0.0,0.0,0.0,0.0,0.0,0.0,0.0,,,,,,0.2,0.3,4.32,3.78,0.5,4.77,Elfrid,1.0,1.0,0.0,1.0,3.9,0.0,0.0,5.0,1.0,1.0,1.0,1.0,206.0,163.0,190.0,73.0,129.0,179.0,129.0,120.0,126.0,120.0,112.0,127.0,154.0,116.0,30.0,108.0,80.0,142.0,52.0,150.0,179.0,111.0,203.0,17.0,1.0,190.0,97.2,15.0,100.0,153.0,1.0,112.0,0.0,82.0,21.0,158.0,221.0,94.0,46.0,163.0,119.0,153.0,38.0,2.0,221.0,71.0,100.0,28.0,190.0,158.0,108.0,46.0,108.0,160.0,46.0,95.0,44.0,162.0,97.0,2.0,,,,G,PHX,,,,,,,,,,,,,,,,,,,,,,,,,,,,,,,,,,,,,,,,,,,,,,,,,,,2581.0,101.0,,,,,,,,,,,,,,6.7,1610612760.0,PHX,OKC,PHX,OKC,,,,,,,,,,,,,,,,,,,
203901,Elfrid Payton,1610612756,PHX,28.0,17.966666666666665,2,8,0.25,1,2,0.5,1,2,0.5,2,1,3,5,2,0,1,0,1,1,6,1,87.94,2.5,0.244,0.338,12.5,39,0.255,0.9,115.4,105.53,31.3,0.083,0.333,0.094,0.313,0.1,119.6,99.81,118.7,110.0,12.6,5.4,0.039,18.0,0.278,26.0,0.278,4.0,0.0,5.0,0.0,14.0,0.182,2.0,2.0,0.0,4.0,0.182,0.273,5.0,11.0,3.0,0.0,0.455,0.0,0.25,0.0,0.0,1.0,0.0,0.2,0.0,4.67,4.07,30.0,1.0,0.0,0.0,14.0,2.3,0.0,2.0,10.0,1.0,1.0,1.0,0.0,1.0,1.0,7.6,1.0,11.1,1.0,0.0,2.0,1.0,1.0,0.333,0.0,0.0,0.5,1.0,0.0,1.0,3.0,0.0,,0.0,1.0,0.125,0.125,0.0,1.0,0.0,0.0,0.0,0.0,0.0,,3.0,0.0,0.0,0.0,0.333,1.0,0.333,3.0,1.0,0.375,0.333,0.375,1.0,0.375,3.0,2.0,0.0,0.0,0.125,0.0,0.0,0.0,0.25,0.0,0.0,,1.0,1.0,0.0,1.0,1.5,1.0,1.0,0.0,1.0,0.0,0.125,0.125,0.0,0.0,0.0,0.0,,0.0,1.0,0.0,3.0,0.5,0.0,0.0,0.0,0.313,0.0,0.0,0.0,0.0,0.0,1.0,1.0,1.0,0.0,0.0,1.0,0.0,0.0,1.0,1.0,0.0,1.0,0.25,0.0,1.0,4.0,0.0,0.0,0.0,0.0,0.0,0.0,-0.113,0.613,0.273,9.0,0.5,18.0,0.0,1.0,,0.0,,,0.0,,0.0,0.0,0.0,0.25,0.0,0.0,1.0,1.0,0.0,0.0,0.0,3.0,0.0,0.0,,,0.0,4.0,0.333,0.75,2.0,0.5,2.0,1.0,1.0,2022,22100412,,4.0,6.0,0.667,0.423,0.244,,,,,,,,,,,,,,,,,,,,,,,,,,,,,,,20211213.0,2021-22,False,LAC,3.0,2.0,1.0,1.0,0.0,1.0,2.0,0.0,0.0,0.0,0.0,0.0,0.0,0.0,0.0,0.0,0.0,0.0,0.0,0.0,0.0,,,,,,0.7,0.6,4.4,4.46,1.4,3.72,Elfrid,1.0,0.0,1.0,0.0,18.1,0.0,0.0,17.0,1.0,102.0,102.0,102.0,137.0,118.0,86.0,156.0,59.0,107.0,37.0,75.0,62.0,76.0,21.0,140.0,98.0,18.0,26.0,89.0,15.0,1.0,46.0,88.0,116.0,84.0,111.0,11.0,1.0,108.0,105.53,35.0,110.0,30.0,2.0,30.0,5.4,29.0,37.0,68.0,141.0,94.0,92.0,118.0,156.0,30.0,126.0,8.0,136.0,89.0,115.4,127.0,86.0,68.0,81.0,18.0,81.0,62.0,92.0,150.0,78.0,150.0,24.0,6.0,,,1.0,G,PHX,,,,,,,,,,,,,,,,,,,,,,,,,,,,,,,,,,,,,,,,,,,,,,,,,,,7177.0,97.0,,,,,,,,,,,,,,18.0,1610612746.0,LAC,PHX,PHX,LAC,,,,,,,,,,,,,,,,,,,
203901,Elfrid Payton,1610612756,PHX,28.0,9.516666666666667,0,3,0.0,0,1,0.0,0,0,0.0,0,1,1,1,0,0,1,1,0,0,0,3,90.37,0.0,0.12,0.0,0.0,22,0.133,16.9,104.5,108.44,25.0,0.083,0.143,0.042,0.0,0.0,117.1,99.87,100.2,95.2,0.0,9.3,-0.016,18.0,0.056,20.0,0.056,1.0,0.0,1.0,0.0,2.0,0.0,0.0,0.0,0.0,1.0,0.0,0.0,2.0,3.0,0.0,0.0,0.667,0.0,0.0,0.0,0.0,0.0,0.0,0.0,0.0,3.26,2.5,22.0,0.0,0.0,0.0,7.0,1.2,0.0,0.0,2.4,1.0,0.0,1.0,1.0,0.0,1.0,2.4,1.0,0.0,0.0,0.0,0.0,1.0,1.0,1.0,0.0,0.0,0.0,0.0,1.0,0.0,1.0,0.0,,0.0,1.0,0.333,0.333,0.0,1.0,0.0,0.0,0.0,0.0,0.0,,,,,,,,,,,,,,1.0,0.667,2.0,1.0,0.0,0.0,0.333,0.0,0.0,0.0,0.333,0.0,0.0,,,,,,,,,,,,,,,0.0,0.0,,,0.0,0.0,0.0,0.0,0.0,0.0,0.0,0.0,0.0,0.0,0.0,0.0,0.0,0.0,0.0,0.0,0.0,0.0,0.0,0.0,0.0,,0.0,1.0,0.0,1.0,0.0,0.0,2.0,0.0,,0.0,0.0,0.0,,0.0,-0.154,0.621,0.25,7.0,0.467,15.0,0.0,1.0,,0.0,0.0,0.0,0.0,,0.0,0.0,0.0,0.0,0.0,,0.0,0.0,0.0,0.0,,1.0,,0.0,,0.0,0.0,1.0,0.0,0.0,1.0,0.0,1.0,0.0,0.0,2022,22100390,,0.0,3.0,0.0,0.425,-0.425,,,,,,,,,,,,,,,,,,,,,,,,,,,,,,,20211210.0,2021-22,False,BOS,1.0,1.0,0.0,2.0,0.0,0.0,0.0,0.0,0.0,0.0,0.0,0.0,0.0,1.0,1.0,1.0,0.0,0.0,1.0,1.0,0.0,,,,,,0.5,0.3,4.55,4.87,0.8,4.12,Elfrid,1.0,1.0,0.0,1.0,5.7,0.0,0.0,4.0,1.0,1.0,1.0,1.0,159.0,162.0,141.0,162.0,104.0,122.0,104.0,95.0,104.0,95.0,116.0,133.0,156.0,89.0,118.0,92.0,23.0,129.0,1.0,139.0,169.0,78.0,159.0,21.0,1.0,164.0,108.44,153.0,95.2,24.0,0.0,116.0,9.3,41.0,161.0,96.0,1.0,106.0,62.0,162.0,169.0,24.0,124.0,3.0,1.0,56.0,104.5,80.0,141.0,96.0,75.0,72.0,75.0,57.0,62.0,162.0,151.0,173.0,90.0,0.0,,,1.0,G,PHX,,,,,,,,,,,,,,,,,,,,,,,,,,,,,,,,,,,,,,,,,,,,,,,,,,,4146.0,100.0,,,,,,,,,,,,,,9.5,1610612738.0,PHX,BOS,PHX,BOS,,,,,,,,,,,,,,,,,,,
203901,Elfrid Payton,1610612756,PHX,28.0,12.55,2,5,0.4,0,0,0.0,0,0,0.0,1,2,3,0,0,0,0,1,1,0,4,0,84.46,0.0,0.135,0.4,0.0,27,0.143,-7.2,103.7,101.35,0.0,0.182,0.0,0.1,0.4,0.053,99.7,103.8,106.9,107.7,0.0,-4.0,0.053,13.0,0.0,9.0,0.0,1.0,0.0,0.0,0.0,0.0,0.0,2.0,0.0,0.0,3.0,0.5,0.0,1.0,4.0,0.0,0.0,0.25,0.0,0.333,0.0,0.0,1.0,0.0,0.222,0.0,4.7,3.44,18.0,2.0,0.0,0.0,9.0,1.4,1.0,1.0,7.1,2.0,1.0,0.75,0.5,0.0,3.0,7.4,0.75,6.3,1.0,0.0,1.0,0.667,0.667,0.667,0.0,0.0,1.0,1.0,1.0,1.0,4.0,0.0,,0.0,1.0,0.2,0.2,0.0,1.0,0.0,0.0,0.0,0.0,0.0,,3.0,0.0,0.0,0.0,0.333,1.0,0.333,3.0,1.0,0.6,0.333,0.6,0.0,0.2,1.0,1.0,1.0,1.0,0.0,,0.0,1.0,0.2,1.0,1.0,,,,,,,,,,,,,,0.0,,0.0,0.0,,,1.0,0.0,0.0,0.0,0.0,0.0,1.0,0.4,0.0,0.0,2.0,1.0,0.0,0.0,1.0,0.0,0.25,0.0,0.0,0.0,0.0,0.0,0.0,0.0,0.0,1.0,0.0,4.0,1.0,0.0,0.0,0.0,0.0,0.0,0.0,-0.12,0.62,0.246,7.0,0.5,14.0,1.0,3.0,0.0,0.0,,,0.0,0.0,0.0,0.0,0.333,0.5,0.0,0.0,1.0,0.0,0.0,0.0,0.0,0.0,0.0,0.0,0.0,,0.0,2.0,0.0,,0.0,,,,0.0,2022,22100360,,3.0,5.0,0.6,0.416,0.184,,,,,,,,,,,,,,,,,,,,,,,,,,,,,,,20211206.0,2021-22,False,SAS,1.0,0.0,1.0,1.0,0.0,0.0,0.0,0.0,0.0,0.0,0.0,0.0,0.0,1.0,1.0,1.0,0.0,0.0,1.0,1.0,0.0,,,,,,0.5,0.5,4.46,4.27,1.0,4.68,Elfrid,1.0,1.0,0.0,1.0,7.6,0.0,0.0,7.0,1.0,1.0,1.0,1.0,170.0,125.0,126.0,113.0,116.0,166.0,116.0,103.0,111.0,103.0,52.0,116.0,102.0,142.0,132.0,109.0,75.0,132.0,42.0,149.0,148.0,97.0,175.0,19.0,2.0,171.0,101.35,149.0,107.7,81.0,2.0,63.0,-4.0,142.0,152.0,123.0,1.0,59.0,103.0,125.0,155.0,81.0,62.0,5.0,1.0,137.0,103.7,101.0,126.0,123.0,117.0,142.0,117.0,136.0,103.0,141.0,74.0,150.0,101.0,4.0,,,1.0,G,PHX,,,,,,,,,,,,,,,,,,,,,,,,,,,,,,,,,,,,,,,,,,,,,,,,,,,5220.0,101.0,,,,,,,,,,,,,,12.6,1610612759.0,PHX,SAS,PHX,SAS,,,,,,,,,,,,,,,,,,,
203901,Elfrid Payton,1610612756,PHX,28.0,7.133333333333334,1,2,0.5,0,0,0.0,0,0,0.0,0,0,0,3,0,2,0,0,0,0,2,-12,89.72,0.0,0.125,0.5,0.0,15,0.117,-65.6,86.7,107.66,60.0,0.0,0.75,0.0,0.5,0.0,76.1,116.81,141.7,147.1,0.0,-60.4,0.174,7.0,0.429,7.0,0.429,3.0,0.0,3.0,0.0,6.0,0.0,0.0,0.0,0.0,0.0,0.0,1.0,2.0,2.0,2.0,0.0,1.0,0.0,0.0,0.0,0.0,0.0,0.0,0.2,0.0,3.4,3.0,10.0,0.0,0.0,0.0,3.0,0.6,0.0,,,,,,,,,,,,,,,,,,,,,,,,,,,,,,,,,,,,,,,2.0,0.0,0.0,0.0,0.5,1.0,0.5,2.0,1.0,1.0,0.5,1.0,,,,,,,,,,,,,,,,,,,,,,,,,,,,,0.0,,,,0.0,0.0,0.0,0.0,0.0,0.0,0.0,0.5,0.0,0.0,0.0,1.0,0.0,0.0,0.0,0.0,0.5,0.0,0.0,0.0,0.0,0.0,0.0,0.0,0.0,0.0,0.0,2.0,0.0,0.0,0.0,0.0,0.0,0.0,0.0,-0.164,0.626,0.25,6.0,0.462,13.0,1.0,2.0,,,0.0,0.0,0.0,,,0.0,0.5,0.0,0.0,0.0,0.0,0.0,,0.0,0.0,0.0,0.0,0.0,,0.0,0.0,0.0,0.0,,0.0,,,,0.0,2022,22100340,,0.0,2.0,0.0,0.436,-0.436,,,,,,,,,,,,,,,,,,,,,,,,,,,,,,,20211203.0,2021-22,False,GSW,1.0,1.0,0.0,2.0,0.0,0.0,0.0,0.0,0.0,0.0,0.0,0.0,0.0,0.0,0.0,0.0,0.0,0.0,0.0,0.0,0.0,,,,,,0.3,0.3,4.59,5.51,0.6,3.92,Elfrid,1.0,0.0,1.0,0.0,12.5,0.0,0.0,9.0,1.0,95.0,95.0,95.0,165.0,137.0,158.0,55.0,107.0,145.0,107.0,104.0,115.0,104.0,93.0,164.0,168.0,47.0,115.0,6.0,57.0,1.0,1.0,141.0,155.0,164.0,123.0,19.0,1.0,140.0,107.66,146.0,147.1,24.0,1.0,93.0,-60.4,5.0,137.0,159.0,1.0,5.0,173.0,137.0,115.0,24.0,164.0,2.0,1.0,179.0,86.7,172.0,158.0,159.0,179.0,3.0,179.0,174.0,173.0,89.0,168.0,30.0,90.0,2.0,,,,G,PHX,,,,,,,,,,,,,,,,,,,,,,,,,,,,,,,,,,,,,,,,,,,,,,,,,,,3045.0,100.0,,,,,,,,,,,,,,7.1,1610612744.0,GSW,PHX,PHX,GSW,,,,,,,,,,,,,,,,,,,
203901,Elfrid Payton,1610612756,PHX,28.0,8.166666666666666,1,2,0.5,0,0,0.0,0,0,0.0,0,2,2,2,0,0,0,1,0,1,2,8,78.37,0.0,0.105,0.5,0.0,16,0.106,52.7,118.8,94.04,50.0,0.143,0.286,0.095,0.5,0.0,119.6,94.98,66.9,68.8,0.0,50.0,0.182,14.0,0.143,16.0,0.143,5.0,0.0,2.0,0.0,5.0,0.0,0.0,0.0,0.0,1.0,0.0,0.0,2.0,3.0,0.0,0.0,0.667,0.0,0.0,0.0,0.0,0.0,0.0,0.111,1.0,4.14,3.39,18.0,1.0,0.0,0.0,9.0,1.2,0.0,2.0,3.7,0.0,0.0,0.5,0.0,0.0,2.0,3.7,0.5,0.0,2.0,0.0,2.0,1.0,1.0,0.0,0.0,0.0,0.0,0.0,0.0,0.0,4.0,0.0,,0.0,1.0,0.5,0.5,1.0,1.0,0.0,1.0,1.0,1.0,1.0,,1.0,0.0,0.0,0.0,0.0,0.0,0.0,1.0,0.0,0.5,0.0,0.5,,,,,,,,,,,,,,,,,,,,,,,,,,,,,0.0,,,,0.0,0.0,0.0,0.0,0.0,0.0,0.0,0.5,0.0,0.0,0.0,1.0,0.0,0.0,0.0,0.0,0.5,0.0,0.0,0.0,0.0,0.0,0.0,0.0,0.0,0.0,0.0,2.0,0.0,0.0,0.0,0.0,0.0,0.0,0.0,-0.145,0.6,0.25,5.0,0.455,11.0,0.0,1.0,,0.0,,,0.0,,0.0,0.0,0.0,1.0,0.0,0.0,1.0,0.0,0.0,0.0,0.0,0.0,0.0,0.0,,,0.0,1.0,0.0,,0.0,,,,0.0,2022,22100251,,2.0,7.0,0.286,0.407,-0.121,,,,,,,,,,,,,,,,,,,,,,,,,,,,,,,20211121.0,2021-22,False,DEN,2.0,0.0,2.0,0.0,0.0,0.0,0.0,0.0,0.0,0.0,0.0,0.0,0.0,0.0,0.0,0.0,0.0,0.0,0.0,0.0,0.0,,,,,,0.3,0.2,4.18,4.15,0.6,2.8,Elfrid,1.0,1.0,0.0,1.0,7.4,0.0,0.0,6.0,1.0,1.0,1.0,1.0,92.0,78.0,92.0,33.0,61.0,87.0,61.0,67.0,68.0,67.0,57.0,60.0,68.0,38.0,66.0,43.0,32.0,79.0,1.0,57.0,89.0,24.0,86.0,8.0,2.0,90.0,94.04,94.0,68.8,76.0,1.0,57.0,50.0,6.0,90.0,35.0,1.0,83.0,4.0,78.0,59.0,76.0,43.0,2.0,1.0,2.0,118.8,4.0,92.0,35.0,3.0,16.0,3.0,31.0,4.0,49.0,47.0,17.0,52.0,2.0,,,1.0,G,PHX,,,,,,,,,,,,,,,,,,,,,,,,,,,,,,,,,,,,,,,,,,,,,,,,,,,2951.0,98.0,,,,,,,,,,,,,,8.2,1610612743.0,PHX,DEN,PHX,DEN,,,,,,,,,,,,,,,,,,,
203901,Elfrid Payton,1610612756,PHX,28.0,3.5,0,1,0.0,0,0,0.0,0,0,0.0,0,1,1,2,0,0,0,1,0,0,0,-7,91.43,0.0,0.125,0.0,0.0,8,0.118,-111.5,87.5,109.71,66.7,0.5,0.667,0.2,0.0,0.0,82.9,107.25,194.4,175.0,0.0,-87.5,0.091,6.0,0.333,6.0,0.333,2.0,0.0,2.0,0.0,5.0,0.0,0.0,0.0,0.0,1.0,0.0,0.5,1.0,2.0,1.0,0.0,0.5,0.0,0.0,0.0,0.0,0.0,0.0,0.0,0.0,8.55,6.86,7.0,0.0,0.0,0.0,2.0,1.0,0.0,0.0,7.6,0.0,0.0,1.0,0.0,0.0,1.0,7.6,1.0,0.0,1.0,0.0,1.0,1.0,1.0,0.0,0.0,0.0,0.0,0.0,0.0,0.0,1.0,,,,,,,,,,,,,,,1.0,0.0,0.0,0.0,0.0,0.0,0.0,1.0,0.0,1.0,0.0,1.0,,,,,,,,,,,,,,,,,,,,,,,,,,,,,0.0,,,,0.0,0.0,0.0,0.0,0.0,0.0,0.0,0.0,0.0,0.0,0.0,0.0,0.0,0.0,0.0,0.0,0.0,0.0,0.0,,,0.0,0.0,0.0,0.0,0.0,,0.0,1.0,,,0.0,0.0,,0.0,-0.033,0.602,0.305,37.0,0.569,65.0,0.0,0.0,,0.0,0.0,0.0,0.0,,0.0,0.0,0.0,0.0,,,0.0,0.0,0.0,,,0.0,,0.0,,0.0,,1.0,0.0,,0.0,,,,0.0,2022,22101032,,1.0,1.0,1.0,0.397,0.603,,,,,,,,,,,,,,,,,,,,,,,,,,,,,,,20220315.0,2021-22,False,NOP,1.0,0.0,1.0,0.0,0.0,0.0,0.0,0.0,0.0,0.0,0.0,0.0,0.0,0.0,0.0,0.0,0.0,0.0,0.0,0.0,0.0,,,,,,0.1,0.1,4.49,2.51,0.3,3.72,Elfrid,1.0,1.0,0.0,1.0,4.2,0.0,0.0,3.0,1.0,1.0,1.0,1.0,85.0,80.0,85.0,80.0,46.0,71.0,46.0,47.0,50.0,47.0,47.0,66.0,69.0,36.0,60.0,34.0,27.0,63.0,1.0,60.0,83.0,52.0,82.0,5.0,1.0,83.0,109.71,75.0,175.0,9.0,0.0,47.0,-87.5,2.0,70.0,74.0,1.0,26.0,85.0,80.0,83.0,9.0,1.0,1.0,1.0,85.0,87.5,85.0,85.0,74.0,84.0,1.0,84.0,80.0,85.0,80.0,5.0,43.0,49.0,0.0,,,,G,PHX,,,,,,,,,,,,,,,,,,,,,,,,,,,,,,,,,,,,,,,,,,,,,,,,,,,1343.0,98.0,,,,,,,,,,,,,,3.5,1610612740.0,NOP,PHX,PHX,NOP,,,,,,,,,,,,,,,,,,,
203901,Elfrid Payton,1610612756,PHX,28.0,13.766666666666667,1,4,0.25,0,2,0.0,0,0,0.0,0,0,0,3,1,0,0,0,1,0,2,-8,78.45,3.0,0.152,0.25,12.5,27,0.169,-35.5,88.9,94.14,37.5,0.0,0.429,0.0,0.25,0.0,90.5,90.51,126.0,118.5,12.5,-29.6,0.0,21.0,0.19,21.0,0.143,4.0,1.0,4.0,0.0,7.0,0.0,2.0,0.0,0.0,2.0,1.0,0.0,0.0,2.0,0.0,0.0,0.0,0.0,0.5,0.0,0.0,1.0,0.0,0.074,0.0,4.51,4.3,27.0,1.0,0.0,0.0,10.0,2.0,0.0,,,,,,,,,,,,,,,,,,,,,,,,,,,,,,,,,,,,,,,1.0,0.0,0.0,0.0,0.0,0.0,0.0,1.0,0.0,0.25,0.0,0.25,0.0,0.25,1.0,1.0,1.0,1.0,0.0,,0.0,1.0,0.25,1.0,1.0,,0.0,0.0,0.0,2.0,0.0,0.0,2.0,0.0,0.0,0.0,0.5,0.5,,0.0,0.0,,,0.0,0.0,0.0,0.0,0.0,0.0,0.0,0.0,0.25,0.0,0.0,0.0,1.0,0.0,0.0,0.0,0.0,0.5,0.0,0.0,0.0,,0.0,2.0,0.0,2.0,0.0,0.0,2.0,0.0,,0.0,0.0,0.0,,0.0,-0.025,0.603,0.308,37.0,0.578,64.0,1.0,2.0,,0.0,,,0.0,,0.0,0.0,0.5,0.0,0.0,,0.0,0.0,0.0,0.0,,2.0,,0.0,,,0.0,0.0,0.0,0.0,2.0,0.0,2.0,0.0,0.0,2022,22100902,,2.0,5.0,0.4,0.42,-0.02,,,,,,,,,,,,,,,,,,,,,,,,,,,,,,,20220225.0,2021-22,False,NOP,4.0,3.0,1.0,1.0,0.0,0.0,0.0,0.0,0.0,0.0,0.0,0.0,0.0,0.0,0.0,0.0,0.0,0.0,0.0,0.0,0.0,,,,,,0.5,0.5,4.5,4.59,1.1,3.69,Elfrid,1.0,0.0,1.0,0.0,5.5,0.0,0.0,5.0,1.0,94.0,94.0,94.0,152.0,139.0,132.0,147.0,101.0,103.0,101.0,106.0,112.0,106.0,104.0,161.0,169.0,46.0,69.0,96.0,52.0,1.0,37.0,142.0,156.0,151.0,160.0,20.0,2.0,162.0,94.14,105.0,118.5,178.0,1.0,104.0,-29.6,16.0,117.0,167.0,120.0,184.0,126.0,139.0,161.0,178.0,161.0,4.0,120.0,171.0,88.9,148.0,132.0,167.0,163.0,7.0,163.0,167.0,126.0,152.0,169.0,165.0,12.0,2.0,,,,G,PHX,,,,,,,,,,,,,,,,,,,,,,,,,,,,,,,,,,,,,,,,,,,,,,,,,,,5555.0,98.0,,,,,,,,,,,,,,13.8,1610612740.0,PHX,NOP,PHX,NOP,,,,,,,,,,,,,,,,,,,
203901,Elfrid Payton,1610612756,PHX,28.0,21.65,4,11,0.364,2,2,1.0,0,2,0.0,2,4,6,9,1,1,0,0,2,1,10,6,89.61,9.0,0.241,0.421,4.5,48,0.242,12.5,118.8,107.53,40.9,0.167,0.45,0.125,0.455,0.083,115.6,109.52,103.1,104.1,4.6,14.7,0.122,40.0,0.25,43.0,0.225,11.0,0.0,10.0,1.0,23.0,0.091,2.0,1.0,1.0,6.0,0.182,0.091,3.0,11.0,1.0,2.0,0.273,0.091,0.167,0.0,0.0,1.0,0.0,0.182,0.0,5.19,4.84,55.0,0.0,0.0,0.0,18.0,4.8,0.0,2.0,7.2,1.0,1.0,0.857,0.25,2.0,6.0,3.3,0.75,15.1,3.0,1.0,5.0,0.8,0.667,0.167,0.0,1.0,0.0,1.0,1.0,0.0,8.0,0.0,,0.0,1.0,0.091,0.091,0.0,1.0,0.0,0.0,0.0,0.0,0.0,,4.0,0.0,0.0,0.0,0.25,1.0,0.25,4.0,1.0,0.364,0.25,0.364,1.0,0.273,3.0,2.0,0.0,0.5,0.091,1.0,1.0,0.333,0.182,1.0,0.0,0.5,0.667,1.0,2.0,1.0,0.833,1.0,3.0,0.182,2.0,1.0,0.273,0.091,0.333,0.0,2.0,0.333,,0.0,3.0,1.0,6.0,1.0,0.0,0.0,0.0,0.455,0.0,0.0,0.0,1.0,1.0,1.0,0.0,1.0,0.333,1.0,5.0,0.0,0.0,1.0,1.0,1.0,1.0,0.0,0.0,3.0,1.0,0.0,0.0,1.0,1.0,0.0,0.2,-0.001,0.601,0.311,36.0,0.6,60.0,1.0,3.0,,0.0,,,1.0,,1.0,1.0,0.333,0.0,1.0,0.0,0.0,1.0,0.0,0.333,0.0,1.0,0.0,1.0,,,3.0,2.0,1.0,1.5,2.0,1.0,2.0,2.0,2.0,2022,22100855,,7.0,11.0,0.636,0.393,0.243,,,,,,,,,,,,,,,,,,,,,,,,,,,,,,,20220212.0,2021-22,False,ORL,4.0,0.0,4.0,2.0,0.0,2.0,5.0,0.0,0.0,0.0,0.0,0.0,0.0,0.0,0.0,0.0,0.0,0.0,0.0,0.0,0.0,,,,,,0.9,0.8,4.19,4.68,1.6,4.21,Elfrid,1.0,1.0,0.0,1.0,32.7,0.0,0.0,29.0,1.0,1.0,1.0,1.0,132.0,86.0,59.0,146.0,39.0,118.0,1.0,119.0,77.0,119.0,23.0,67.0,51.0,6.0,68.0,33.0,60.0,1.0,91.0,112.0,101.0,60.0,46.0,25.0,3.0,57.0,107.53,48.0,104.1,35.0,4.0,26.0,14.7,13.0,46.0,75.0,92.0,22.0,78.0,86.0,160.0,35.0,68.0,11.0,92.0,64.0,118.8,75.0,59.0,75.0,54.0,11.0,54.0,87.0,78.0,136.0,53.0,71.0,2.0,10.0,,,1.0,G,PHX,,,,,,,,,,,,,,,,,,,,,,,,,,,,,,,,,,,,,,,,,,,,,,,,,,,8650.0,107.0,,,,,,,,,,,,,,21.7,1610612753.0,PHX,ORL,PHX,ORL,,,,,,,,,,,,,,,,,,,
203901,Elfrid Payton,1610612756,PHX,28.0,11.646666666666668,3,6,0.5,0,1,0.0,0,1,0.0,2,0,2,2,0,1,0,0,0,1,6,0,82.43,0.0,0.207,0.466,0.0,23,0.223,5.5,147.8,98.91,25.0,0.0,0.167,0.091,0.5,0.154,148.6,96.11,143.1,136.0,0.0,11.8,0.087,14.0,0.143,15.0,0.143,3.0,0.0,2.0,0.0,6.0,0.0,2.0,0.0,0.0,3.0,0.5,0.0,1.0,4.0,0.0,0.0,0.25,0.0,0.333,0.0,0.0,1.0,0.0,0.3,1.0,4.53,4.1,20.0,2.0,0.0,0.0,8.0,1.5,1.0,2.0,9.0,0.0,1.0,0.667,0.0,2.0,1.0,0.0,0.667,9.0,0.0,0.0,2.0,0.0,0.0,0.0,0.0,0.0,0.0,1.0,0.0,0.0,3.0,,,,,,,,,,,,,,,3.0,0.0,0.0,0.0,0.667,2.0,0.667,3.0,2.0,0.5,0.667,0.5,0.0,0.167,1.0,1.0,0.0,0.0,0.0,,0.0,0.0,0.167,0.0,0.0,1.0,0.5,0.0,1.0,1.0,0.5,0.0,2.0,0.167,1.0,1.0,0.333,0.167,,0.0,0.0,,,0.0,0.0,0.0,0.0,0.0,0.0,0.0,1.0,0.5,0.0,0.0,2.0,1.0,0.0,0.0,2.0,0.0,0.5,0.0,0.0,0.0,0.0,1.0,0.0,0.0,0.0,0.667,0.0,2.0,3.0,0.0,0.0,0.0,0.0,0.0,0.0,0.033,0.592,0.308,25.0,0.625,40.0,0.0,1.0,,0.0,,,0.0,,0.0,1.0,0.0,0.75,0.0,0.0,3.0,0.0,0.0,0.0,0.0,0.0,0.0,0.0,,,0.0,4.0,0.0,0.0,1.0,0.0,1.0,0.0,0.0,2022,22100713,,1.0,3.0,0.333,0.386,-0.053,,,,,,,,,,,,,,,,,,,,,,,,,,,,,,,20220124.0,2021-22,False,UTA,3.0,0.0,3.0,3.0,0.0,1.0,3.0,1.0,1.0,2.0,0.5,0.5,0.0,0.0,0.0,0.0,0.0,0.0,0.0,0.0,0.0,,,,,,0.5,0.4,4.37,4.87,0.9,3.88,Elfrid,1.0,1.0,0.0,1.0,14.4,0.0,0.0,12.0,1.0,1.0,1.0,1.0,68.0,43.0,50.0,28.0,44.0,57.0,44.0,43.0,43.0,43.0,11.0,70.0,53.0,30.0,50.0,20.0,28.0,1.0,1.0,37.0,50.0,36.0,56.0,10.0,1.0,58.0,98.91,24.0,136.0,56.0,3.0,4.0,11.8,19.0,29.0,1.0,1.0,65.0,76.0,43.0,50.0,56.0,70.0,6.0,1.0,26.0,147.8,77.0,50.0,1.0,19.0,30.0,19.0,1.0,76.0,35.0,31.0,41.0,36.0,6.0,,,,G,PHX,,,,,,,,,,,,,,,,,,,,,,,,,,,,,,,,,,,,,,,,,,,,,,,,,,,4618.0,98.0,,,,,,,,,,,,,,11.7,1610612762.0,PHX,UTA,PHX,UTA,,,,,,,,,,,,,,,,,,,
203901,Elfrid Payton,1610612756,PHX,28.0,6.833333333333333,0,1,0.0,0,1,0.0,0,0,0.0,0,2,2,1,0,1,0,0,0,0,0,0,81.95,0.0,0.059,0.0,0.0,14,0.057,-8.1,142.9,98.34,50.0,0.286,0.125,0.133,0.0,0.0,138.5,98.62,146.6,142.9,0.0,0.0,0.081,13.0,0.077,10.0,0.077,4.0,0.0,1.0,0.0,3.0,0.0,0.0,0.0,0.0,0.0,0.0,1.0,1.0,1.0,1.0,0.0,1.0,0.0,0.0,0.0,0.0,0.0,0.0,0.0,1.0,5.26,5.21,14.0,0.0,0.0,0.0,4.0,1.2,0.0,1.0,4.2,0.0,0.0,1.0,0.0,0.0,2.0,4.2,1.0,0.0,2.0,0.0,2.0,1.0,1.0,0.0,0.0,0.0,0.0,0.0,0.0,0.0,2.0,,,,,,,,,,,,,,,,,,,,,,,,,,,,,,,,,,,,,,,,,0.0,0.0,0.0,1.0,0.0,0.0,1.0,0.0,0.0,0.0,1.0,1.0,,0.0,0.0,,,0.0,0.0,0.0,0.0,0.0,0.0,0.0,0.0,0.0,0.0,0.0,0.0,0.0,0.0,0.0,0.0,0.0,0.0,0.0,0.0,0.0,,0.0,1.0,0.0,1.0,0.0,0.0,0.0,0.0,,0.0,0.0,0.0,,0.0,0.022,0.594,0.307,24.0,0.615,39.0,0.0,0.0,,0.0,,,0.0,,0.0,0.0,0.0,0.0,0.0,,0.0,0.0,0.0,0.0,,1.0,,0.0,,,0.0,0.0,0.0,0.0,1.0,0.0,1.0,0.0,0.0,2022,22100697,,2.0,3.0,0.667,0.435,0.232,,,,,,,,,,,,,,,,,,,,,,,,,,,,,,,20220122.0,2021-22,False,IND,2.0,1.0,1.0,1.0,0.0,0.0,0.0,0.0,0.0,0.0,0.0,0.0,0.0,0.0,0.0,0.0,0.0,0.0,0.0,0.0,0.0,,,,,,0.3,0.2,4.15,4.43,0.5,3.79,Elfrid,1.0,1.0,0.0,1.0,6.9,0.0,0.0,5.0,1.0,1.0,1.0,1.0,58.0,55.0,58.0,55.0,35.0,44.0,35.0,37.0,39.0,37.0,37.0,31.0,42.0,33.0,42.0,12.0,19.0,1.0,1.0,45.0,56.0,29.0,54.0,9.0,1.0,55.0,98.34,59.0,142.9,34.0,0.0,37.0,0.0,1.0,59.0,1.0,1.0,36.0,56.0,55.0,56.0,34.0,2.0,1.0,1.0,40.0,142.9,59.0,58.0,1.0,31.0,22.0,31.0,4.0,56.0,55.0,11.0,32.0,37.0,0.0,,,,G,PHX,,,,,,,,,,,,,,,,,,,,,,,,,,,,,,,,,,,,,,,,,,,,,,,,,,,2695.0,97.0,,,,,,,,,,,,,,6.8,1610612754.0,PHX,IND,PHX,IND,,,,,,,,,,,,,,,,,,,
203901,Elfrid Payton,1610612756,PHX,28.0,12.043333333333331,1,2,0.5,0,0,0.0,0,0,0.0,0,1,1,2,2,1,0,0,0,0,2,-8,81.37,1.0,0.138,0.5,33.3,25,0.146,-27.3,88.0,97.65,33.3,0.111,0.25,0.042,0.5,0.0,93.9,96.05,121.2,125.0,33.3,-37.0,0.053,21.0,0.143,24.0,0.095,8.0,0.0,3.0,1.0,5.0,0.143,2.0,1.0,0.0,1.0,0.286,0.0,3.0,7.0,0.0,0.0,0.429,0.0,1.0,0.0,0.0,1.0,0.0,0.071,0.0,5.69,5.04,28.0,1.0,0.0,0.0,10.0,2.7,0.0,1.0,7.8,1.0,0.0,0.5,1.0,0.0,1.0,7.8,0.5,0.0,0.0,0.0,0.0,1.0,1.0,1.0,0.0,0.0,0.0,0.0,1.0,0.0,2.0,,,,,,,,,,,,,,,1.0,0.0,0.0,0.0,0.0,0.0,0.0,1.0,0.0,0.5,0.0,0.5,0.0,0.5,1.0,1.0,1.0,1.0,0.0,,0.0,1.0,0.5,1.0,1.0,,,,,,,,,,,,,,,,0.0,,,,0.0,0.0,0.0,0.0,0.0,0.0,0.0,0.5,0.0,0.0,0.0,0.0,0.0,0.0,1.0,0.0,0.0,0.0,0.0,0.0,,0.0,0.0,0.0,0.0,0.5,0.0,0.0,2.0,,0.0,0.0,0.0,,0.0,-0.061,0.604,0.331,44.0,0.543,81.0,0.0,0.0,,0.0,,,0.0,,0.0,0.0,0.0,0.5,0.0,,1.0,0.0,0.0,0.0,,0.0,,0.0,,,0.0,2.0,0.0,,0.0,,,,0.0,2022,22101229,,3.0,4.0,0.75,0.411,0.339,,,,,,,,,,,,,,,,,,,,,,,,,,,,,,,20220410.0,2021-22,False,SAC,1.0,1.0,0.0,1.0,0.0,0.0,0.0,0.0,0.0,0.0,0.0,0.0,0.0,0.0,0.0,0.0,0.0,0.0,0.0,0.0,0.0,,,,,,0.5,0.4,4.14,4.31,0.9,3.92,Elfrid,1.0,0.0,1.0,0.0,7.2,0.0,0.0,7.0,1.0,162.0,162.0,162.0,268.0,248.0,269.0,120.0,186.0,246.0,186.0,174.0,183.0,174.0,159.0,217.0,246.0,126.0,46.0,58.0,102.0,1.0,1.0,232.0,270.0,216.0,273.0,30.0,5.0,274.0,97.65,214.0,125.0,246.0,1.0,159.0,-37.0,48.0,219.0,267.0,300.0,282.0,208.0,248.0,194.0,246.0,168.0,2.0,300.0,243.0,88.0,191.0,269.0,267.0,270.0,63.0,270.0,251.0,208.0,160.0,240.0,219.0,111.0,2.0,,,,G,PHX,,,,,,,,,,,,,,,,,,,,,,,,,,,,,,,,,,,,,,,,,,,,,,,,,,,4674.0,99.0,,,,,,,,,,,,,,12.1,1610612758.0,PHX,SAC,PHX,SAC,,,,,,,,,,,,,,,,,,,
203901,Elfrid Payton,1610612756,PHX,28.0,12.683333333333334,2,5,0.4,0,0,0.0,0,0,0.0,1,1,2,3,2,0,0,1,0,0,4,-5,88.3,1.5,0.226,0.4,20.0,28,0.241,-15.9,75.0,105.97,30.0,0.063,0.375,0.069,0.4,0.077,77.8,103.62,93.7,92.9,20.0,-17.9,0.078,21.0,0.19,23.0,0.143,7.0,0.0,4.0,1.0,7.0,0.0,4.0,0.0,0.0,5.0,0.571,0.0,2.0,7.0,0.0,0.0,0.286,0.0,0.4,0.0,0.0,2.0,0.0,0.138,0.0,5.56,5.21,29.0,0.0,0.0,0.0,12.0,2.7,0.0,2.0,16.5,1.0,0.5,0.4,1.0,1.0,3.0,8.1,0.4,24.8,0.0,0.0,1.0,0.333,0.333,0.5,0.0,0.0,0.0,0.5,1.0,0.0,5.0,,,,,,,,,,,,,,,4.0,0.0,0.0,0.0,0.25,1.0,0.25,4.0,1.0,0.8,0.25,0.8,0.0,0.2,1.0,1.0,1.0,1.0,0.0,,0.0,1.0,0.2,1.0,1.0,,,,,,,,,,,,,,,,0.0,,,,0.0,0.0,0.0,0.0,0.0,0.0,0.0,0.4,0.0,0.0,0.0,1.0,0.0,0.0,1.0,0.0,1.0,0.0,1.0,0.0,,0.0,0.0,0.0,0.0,0.333,0.0,1.0,3.0,,0.0,0.0,0.0,,0.0,-0.012,0.602,0.307,36.0,0.59,61.0,1.0,2.0,,0.0,0.0,0.0,0.0,,0.0,0.0,0.5,0.333,0.0,,1.0,0.0,0.0,0.0,,0.0,,0.0,,0.0,0.0,3.0,0.0,,0.0,,,,0.0,2022,22100873,,1.0,6.0,0.167,0.497,-0.331,,,,,,,,,,,,,,,,,,,,,,,,,,,,,,,20220215.0,2021-22,False,LAC,1.0,0.0,1.0,0.0,0.0,0.0,0.0,1.0,0.0,1.0,1.0,0.0,0.0,1.0,1.0,1.0,1.0,0.0,1.0,1.0,1.0,,,,,,0.5,0.5,4.44,4.44,1.0,4.43,Elfrid,1.0,1.0,0.0,1.0,8.9,0.0,0.0,9.0,1.0,1.0,1.0,1.0,120.0,87.0,90.0,84.0,81.0,115.0,81.0,82.0,86.0,82.0,46.0,95.0,88.0,41.0,20.0,71.0,50.0,89.0,1.0,100.0,111.0,100.0,113.0,16.0,1.0,110.0,105.97,38.0,92.9,32.0,2.0,34.0,-17.9,27.0,44.0,137.0,121.0,45.0,16.0,87.0,103.0,32.0,102.0,5.0,121.0,112.0,75.0,19.0,90.0,137.0,117.0,8.0,117.0,136.0,16.0,96.0,80.0,75.0,42.0,4.0,,,,G,PHX,,,,,,,,,,,,,,,,,,,,,,,,,,,,,,,,,,,,,,,,,,,,,,,,,,,5100.0,99.0,,,,,,,,,,,,,,12.7,1610612746.0,PHX,LAC,PHX,LAC,,,,,,,,,,,,,,,,,,,
203901,Elfrid Payton,1610612756,PHX,28.0,2.4,1,1,1.0,0,0,0.0,0,0,0.0,0,0,0,1,0,0,0,0,0,0,2,3,116.67,0.0,0.111,1.0,0.0,7,0.106,18.9,171.4,140.0,50.0,0.0,0.25,0.0,1.0,0.0,161.3,137.6,142.4,128.6,0.0,42.9,0.143,2.0,1.0,3.0,0.5,2.0,0.0,2.0,0.0,6.0,0.0,2.0,0.0,0.0,1.0,2.0,0.0,0.0,1.0,0.0,0.0,0.0,0.0,1.0,0.0,0.0,1.0,0.0,0.667,0.0,2.77,2.0,3.0,0.0,0.0,0.0,3.0,0.1,0.0,,,,,,,,,,,,,,,,,,,,,,,,,0.0,,0.0,1.0,1.0,1.0,1.0,1.0,0.0,1.0,1.0,1.0,1.0,,,,,,,,,,,,,,,,,,,,,,,,,,,,,,,,,,,,,,,,,,0.0,,,,0.0,0.0,0.0,0.0,0.0,0.0,0.0,1.0,0.0,0.0,0.0,0.0,0.0,0.0,1.0,0.0,0.0,0.0,,0.0,0.0,0.0,0.0,0.0,0.0,1.0,0.0,0.0,1.0,0.0,0.0,,0.0,0.0,,0.107,0.56,1.0,2.0,0.667,3.0,,,,,0.0,0.0,0.0,,,0.0,,1.0,,0.0,1.0,0.0,,,0.0,0.0,0.0,0.0,,0.0,,1.0,0.0,,0.0,,,,0.0,2022,42100144,,2.0,3.0,0.667,0.493,0.173,,,,,2.0,3.0,0.667,0.526,2.0,3.0,0.667,0.544,,,,,0.0,0.0,0.0,0.0,0.0,0.0,0.0,0.0,0.0,0.0,0.0,0.0,0.0,0.0,20220424.0,2021-22,True,NOP,,,,,,,,,,,,,,,,,,,,,,,,,,,0.1,0.1,4.51,5.56,0.2,3.79,Elfrid,1.0,0.0,1.0,0.0,3.5,0.0,0.0,3.0,1.0,48.0,48.0,48.0,87.0,55.0,74.0,1.0,45.0,68.0,45.0,46.0,49.0,46.0,43.0,72.0,78.0,38.0,51.0,37.0,17.0,1.0,1.0,66.0,68.0,34.0,76.0,9.0,1.0,77.0,140.0,71.0,128.6,3.0,1.0,43.0,42.9,5.0,69.0,1.0,1.0,3.0,66.0,55.0,9.0,3.0,72.0,1.0,1.0,23.0,171.4,86.0,74.0,1.0,9.0,21.0,9.0,2.0,66.0,5.0,78.0,23.0,42.0,2.0,,,1.0,G,,,,1.0,0.14,2.0,1.0,3.0,0.667,0.56,0.107,0.123,1.0,,,,,,,,,,,,,,,,,,,,,,,,,,,,,,,,0.0,,3.0,0.0,0.0,,,942.0,91.0,,,,,,,,,,,,,,,1610612740.0,NOP,PHX,PHX,NOP,,,,,,,,,,,,,,,,,,,
203901,Elfrid Payton,1610612756,PHX,28.0,5.283333333333333,1,2,0.5,0,0,0.0,0,0,0.0,0,0,0,2,0,0,0,0,0,0,2,11,94.64,0.0,0.118,0.5,0.0,12,0.118,91.7,166.7,113.56,50.0,0.0,0.286,0.0,0.5,0.0,166.7,109.02,75.0,69.2,0.0,97.4,0.1,6.0,0.333,8.0,0.333,3.0,0.0,2.0,0.0,5.0,0.0,0.0,0.0,0.0,0.0,0.0,0.0,0.0,0.0,0.0,0.0,0.0,0.0,0.0,0.0,0.0,0.0,0.0,0.25,1.0,4.85,4.25,8.0,0.0,0.0,2.0,3.0,0.6,0.0,,,,,,,,,,,,,,,,,,,,,,,,,,,,,,,,,,,,,,,1.0,0.0,0.0,0.0,1.0,1.0,1.0,1.0,1.0,0.5,1.0,0.5,0.0,0.5,1.0,1.0,0.0,0.0,0.0,,0.0,0.0,0.5,0.0,0.0,,,,,,,,,,,,,,0.0,,0.0,0.0,,,1.0,0.0,0.0,0.0,2.0,1.0,0.0,0.5,0.0,0.0,0.0,0.0,0.0,0.0,1.0,0.0,0.0,0.0,0.0,,0.0,0.0,0.0,0.0,0.0,1.0,,1.0,1.0,0.0,,0.0,0.0,0.0,0.0,0.107,0.56,1.0,2.0,0.667,3.0,0.0,1.0,,0.0,0.0,0.0,0.0,,0.0,0.0,0.0,1.0,0.0,0.0,1.0,0.0,0.0,0.0,0.0,0.0,0.0,0.0,,0.0,0.0,1.0,0.0,,0.0,,,,0.0,2022,42100227,,,,,,,,,,,,,,,,,,,,,,,0.0,0.0,0.0,0.0,0.0,0.0,0.0,0.0,0.0,0.0,0.0,0.0,0.0,0.0,20220515.0,2021-22,True,DAL,0.0,0.0,0.0,2.0,0.0,0.0,0.0,0.0,0.0,0.0,0.0,0.0,0.0,0.0,0.0,0.0,0.0,0.0,0.0,0.0,0.0,,,,,,0.2,0.2,4.08,4.5,0.4,3.73,Elfrid,1.0,0.0,1.0,0.0,5.0,0.0,0.0,4.0,1.0,28.0,28.0,28.0,37.0,27.0,36.0,14.0,28.0,41.0,28.0,19.0,19.0,19.0,26.0,39.0,42.0,11.0,24.0,22.0,17.0,1.0,1.0,29.0,37.0,14.0,36.0,5.0,1.0,39.0,113.56,40.0,69.2,5.0,1.0,26.0,97.4,3.0,38.0,5.0,1.0,4.0,5.0,27.0,25.0,5.0,39.0,2.0,1.0,2.0,166.7,5.0,36.0,5.0,6.0,10.0,6.0,5.0,5.0,22.0,42.0,25.0,12.0,2.0,,,,G,,,,,,,,,,,,,,,,,,,,,,,,,,,,,,,,,,,,,,,,,,,,,0.0,,8.0,0.0,0.0,,,2226.0,92.0,,,,,,,,,,,,,,5.3,1610612742.0,PHX,DAL,PHX,DAL,,,,,,,,,,,,,,,,,,,
203901,Elfrid Payton,1610612740,NOP,30.0,22.28333333333333,5,8,0.625,0,1,0.0,1,2,0.5,1,4,5,8,4,0,0,0,1,1,11,-21,79.88,2.0,0.245,0.619,19.0,45,0.251,-44.6,108.9,95.86,38.1,0.174,0.533,0.106,0.625,0.042,110.7,96.24,155.3,159.1,19.2,-50.2,0.121,46.0,0.239,49.0,0.174,11.0,2.0,11.0,1.0,19.0,0.091,7.0,1.0,1.0,5.0,0.636,0.182,4.0,11.0,2.0,2.0,0.364,0.091,0.6,1.0,0.5,3.0,0.0,0.186,1.0,5.87,5.75,59.0,0.0,0.0,0.0,23.0,5.8,0.0,1.0,8.1,3.0,1.0,0.714,0.5,0.0,6.0,7.9,0.714,8.7,2.0,0.0,2.0,0.667,0.667,0.6,0.0,0.0,1.0,1.0,2.0,1.0,7.0,,,,,,,,,,,,,,,4.0,0.0,0.0,0.0,0.75,3.0,0.75,4.0,3.0,0.5,0.75,0.5,1.0,0.375,3.0,2.0,1.0,0.333,0.125,0.0,0.0,0.333,0.25,1.0,0.5,1.0,1.0,0.0,1.0,0.0,1.0,,1.0,0.125,1.0,1.0,0.125,0.0,0.667,0.0,8.0,0.667,0.0,1.0,6.0,4.0,0.0,0.0,0.0,0.0,0.0,0.625,0.0,0.0,0.0,4.0,0.0,0.0,0.0,0.0,0.8,0.0,1.0,0.0,,1.0,0.0,0.0,0.0,0.0,0.0,5.0,1.0,,0.0,1.0,0.0,,1.0,0.122,0.678,0.625,4.0,0.8,5.0,4.0,5.0,0.0,0.0,0.0,1.0,0.0,0.0,0.0,0.0,0.8,0.0,0.0,,0.0,1.0,0.0,0.0,,1.0,,0.0,0.0,0.0,0.0,1.0,1.0,,0.0,,0.0,0.0,0.0,2025,22400252,,6.0,8.0,0.75,0.477,0.273,,,,,,,,,,,,,,,,,0.0,0.0,0.0,0.0,0.0,0.0,0.0,0.0,0.0,0.0,0.0,0.0,0.0,0.0,20241120.0,2024-25,False,CLE,1.0,1.0,0.0,2.0,0.0,0.0,0.0,0.0,0.0,0.0,0.0,0.0,0.0,0.0,0.0,0.0,0.0,0.0,0.0,0.0,0.0,,,,,,0.9,0.7,4.1,4.35,1.6,3.83,Elfrid,1.0,0.0,1.0,0.0,25.0,0.0,0.0,24.0,1.0,94.0,94.0,94.0,88.0,43.0,73.0,31.0,98.0,114.0,98.0,67.0,48.0,69.0,51.0,37.0,48.0,6.0,8.0,90.0,52.0,1.0,50.0,73.0,62.0,180.0,66.0,18.0,1.0,65.0,95.86,42.0,159.1,149.0,5.0,70.0,-50.2,15.0,42.0,92.0,155.0,148.0,183.0,43.0,63.0,149.0,52.0,8.0,155.0,177.0,108.9,181.0,73.0,92.0,177.0,3.0,177.0,87.0,183.0,53.0,62.0,61.0,25.0,11.0,,,,G,NOP,,,,,,,,,,,,,,,,,,,,,,,,,,,,,,,,,,,,,,,,,,,,0.0,,59.0,0.0,0.0,,,8666.0,95.0,,,,,,,,,4.0,5.0,0.8,0.59,0.21,,1610612739.0,CLE,NOP,NOP,CLE,,,,,,,,,,,,,,,,,,,
203901,Elfrid Payton,1610612740,NOP,30.0,26.133333333333333,2,6,0.333,0,0,0.0,0,0,0.0,0,3,3,4,2,3,0,0,3,0,4,5,91.07,2.0,0.127,0.333,16.7,60,0.135,15.8,95.0,109.29,33.3,0.086,0.211,0.046,0.333,0.0,101.3,107.52,85.5,88.1,16.7,6.9,0.056,59.0,0.102,58.0,0.068,11.0,1.0,6.0,1.0,13.0,0.0,2.0,0.0,0.0,4.0,0.286,0.143,3.0,7.0,1.0,0.0,0.429,0.0,0.25,0.0,0.0,1.0,0.0,0.06,1.0,5.72,5.55,67.0,0.0,0.0,0.0,18.0,6.4,0.0,2.0,8.0,1.0,0.0,0.375,0.333,0.0,6.0,8.0,0.375,0.0,2.0,0.0,2.0,0.5,0.5,0.333,0.0,0.0,0.0,0.0,1.0,0.0,8.0,,,,,,,,,,,,,,,5.0,0.0,0.0,0.0,0.4,2.0,0.4,5.0,2.0,0.833,0.4,0.833,0.0,0.167,1.0,1.0,0.0,0.0,0.0,,0.0,0.0,0.167,0.0,0.0,,,,,,,,,,,,,,0.0,,0.0,0.0,,,3.0,0.0,0.0,0.0,0.0,0.0,0.0,0.333,0.0,0.0,0.0,2.0,0.0,0.0,0.0,0.0,0.333,0.0,0.0,0.0,0.0,0.0,0.0,0.0,0.0,0.0,0.0,6.0,0.0,0.0,0.0,0.0,0.0,0.0,0.0,-0.113,0.669,0.529,5.0,0.556,9.0,1.0,3.0,0.0,1.0,0.0,0.0,0.0,0.0,2.0,0.0,0.333,0.0,0.0,0.0,0.0,0.0,0.5,0.0,0.0,0.0,0.0,0.0,0.0,0.0,0.0,1.0,0.0,,0.0,,,,0.0,2025,22400032,,1.0,9.0,0.111,0.473,-0.362,,,,,,,,,,,,,,,,,0.0,0.0,0.0,0.0,0.0,0.0,0.0,0.0,0.0,0.0,0.0,0.0,0.0,0.0,20241122.0,2024-25,False,GSW,3.0,1.0,2.0,5.0,0.0,0.0,0.0,0.0,0.0,0.0,0.0,0.0,0.0,1.0,1.0,1.0,0.0,0.0,1.0,1.0,0.0,,,,,,1.1,0.9,4.27,4.53,2.0,3.99,Elfrid,1.0,0.0,1.0,0.0,20.6,0.0,0.0,17.0,1.0,89.0,89.0,89.0,67.0,100.0,98.0,104.0,97.0,141.0,97.0,95.0,102.0,95.0,96.0,61.0,85.0,28.0,36.0,5.0,70.0,1.0,122.0,130.0,119.0,48.0,86.0,18.0,3.0,93.0,109.29,129.0,88.1,37.0,2.0,96.0,6.9,17.0,133.0,124.0,140.0,47.0,32.0,100.0,134.0,37.0,102.0,6.0,138.0,43.0,95.0,26.0,98.0,124.0,69.0,45.0,69.0,103.0,32.0,121.0,118.0,115.0,21.0,4.0,,,,G,NOP,,,,,,,,,,,,,,,,,,,,,,,,,,,,,,,,,,,,,,,,,,,,0.0,,67.0,0.0,0.0,,,10368.0,101.0,,,,,,,,,1.0,4.0,0.25,0.608,-0.358,,1610612744.0,NOP,GSW,NOP,GSW,,,,,,,,,,,,,,,,,,,
203901,Elfrid Payton,1610612740,NOP,30.0,30.95,7,11,0.636,0,0,0.0,0,0,0.0,1,6,7,21,5,2,0,0,5,1,14,10,87.88,4.2,0.222,0.636,13.5,67,0.223,18.0,114.9,105.46,56.8,0.162,0.808,0.108,0.636,0.036,115.2,105.31,97.2,97.1,13.5,17.8,0.197,67.0,0.388,64.0,0.313,26.0,4.0,26.0,1.0,52.0,0.105,12.0,2.0,0.0,9.0,0.632,0.211,8.0,19.0,4.0,0.0,0.421,0.0,0.667,0.0,0.0,6.0,0.0,0.171,0.0,5.31,5.17,82.0,1.0,0.0,0.0,26.0,7.3,2.0,2.0,5.5,2.0,0.5,0.778,0.333,1.0,8.0,5.9,0.7,2.6,4.0,1.0,5.0,0.857,0.75,0.286,0.0,1.0,0.0,0.5,2.0,0.0,10.0,,,,,,,,,,,,,,,7.0,0.0,0.0,0.0,0.714,5.0,0.714,7.0,5.0,0.636,0.714,0.636,0.0,0.364,4.0,4.0,2.0,0.5,0.0,,0.0,0.5,0.364,2.0,0.5,,,,,,,,,,,,,,0.4,,4.0,0.4,,,5.0,2.0,0.0,0.0,0.0,0.0,1.0,0.636,0.0,0.0,2.0,3.0,0.0,0.0,4.0,0.0,0.75,0.0,2.0,0.0,0.0,0.0,0.0,0.0,0.0,0.8,0.0,4.0,5.0,0.0,0.0,0.0,0.0,0.0,0.0,-0.061,0.661,0.484,9.0,0.6,15.0,1.0,2.0,0.0,1.0,0.0,0.0,0.0,0.0,1.0,0.0,0.5,0.833,0.0,0.0,5.0,0.0,1.0,0.0,0.0,0.0,0.0,0.0,0.0,0.0,2.0,6.0,0.0,,0.0,,,,0.0,2025,22400279,,6.0,14.0,0.429,0.474,-0.045,,,,,,,,,,,,,,,,,0.0,0.0,0.0,0.0,0.0,0.0,0.0,0.0,0.0,0.0,0.0,0.0,0.0,0.0,20241125.0,2024-25,False,IND,1.0,1.0,0.0,3.0,0.0,1.0,2.0,0.0,0.0,0.0,0.0,0.0,0.0,0.0,0.0,0.0,0.0,0.0,0.0,0.0,0.0,,,,,,1.2,1.2,4.4,4.68,2.4,4.14,Elfrid,1.0,0.0,1.0,0.0,54.9,1.0,0.0,46.0,1.0,98.0,98.0,98.0,46.0,27.0,56.0,39.0,111.0,155.0,111.0,104.0,109.0,104.0,51.0,24.0,32.0,1.0,5.0,11.0,65.0,1.0,189.0,94.0,52.0,48.0,5.0,1.0,1.0,12.0,105.46,65.0,97.1,42.0,7.0,83.0,17.8,4.0,60.0,77.0,144.0,47.0,55.0,27.0,66.0,42.0,55.0,11.0,143.0,56.0,114.9,59.0,56.0,77.0,59.0,2.0,59.0,73.0,55.0,62.0,68.0,17.0,10.0,14.0,,,,G,NOP,,,,,,,,,,,,,,,,,,,,,,,,,,,,,,,,,,,,,,,,,,,,0.0,,82.0,0.0,0.0,,,12460.0,103.0,,,,,,,,,4.0,6.0,0.667,0.631,0.036,,1610612754.0,IND,NOP,NOP,IND,,,,,,,,,,,,,,,,,,,
203901,Elfrid Payton,1610612740,NOP,30.0,27.05,5,11,0.455,0,0,0.0,0,0,0.0,2,3,5,4,4,3,0,1,1,0,10,-3,83.55,1.0,0.224,0.455,21.1,57,0.23,-7.9,103.5,100.26,21.1,0.094,0.211,0.081,0.455,0.067,99.7,103.67,107.6,110.7,21.1,-7.2,0.079,62.0,0.081,54.0,0.065,13.0,0.0,5.0,1.0,10.0,0.0,8.0,0.0,0.0,8.0,0.8,0.0,2.0,10.0,0.0,0.0,0.2,0.0,0.5,0.0,0.0,4.0,0.0,0.13,2.0,4.15,4.34,77.0,2.0,0.0,0.0,27.0,5.3,0.0,5.0,9.9,0.0,0.4,0.5,0.0,2.0,6.0,8.5,0.5,11.9,3.0,0.0,5.0,0.5,0.5,0.0,0.0,0.0,0.0,0.4,0.0,0.0,10.0,,,,,,,,,,,,,,,10.0,0.0,0.0,0.0,0.5,5.0,0.5,10.0,5.0,0.909,0.5,0.909,0.0,0.091,1.0,1.0,0.0,0.0,0.0,,0.0,0.0,0.091,0.0,0.0,,,,,,,,,,,,,,0.0,,0.0,0.0,,,2.0,0.0,0.0,0.0,0.0,0.0,0.0,0.455,0.0,0.0,0.0,4.0,0.0,0.0,1.0,0.0,0.571,0.0,1.0,0.0,0.0,0.0,0.0,0.0,0.0,0.333,0.0,7.0,3.0,0.0,0.0,0.0,0.0,0.0,0.0,-0.024,0.649,0.444,10.0,0.625,16.0,2.0,5.0,0.0,0.0,0.0,0.0,0.0,0.0,0.0,0.0,0.4,0.6,0.0,0.0,3.0,0.0,0.0,0.0,0.0,1.0,0.0,0.0,0.0,0.0,0.0,5.0,0.0,,0.0,,,,0.0,2025,22400295,,1.0,6.0,0.167,0.474,-0.307,,,,,,,,,,,,,,,,,0.0,0.0,0.0,0.0,0.0,0.0,0.0,0.0,0.0,0.0,0.0,0.0,0.0,0.0,20241127.0,2024-25,False,TOR,2.0,1.0,1.0,3.0,0.0,2.0,6.0,0.0,1.0,1.0,0.0,1.0,0.0,1.0,1.0,1.0,1.0,0.0,1.0,1.0,1.0,,,,,,1.1,1.0,4.35,4.86,2.1,3.9,Elfrid,1.0,0.0,1.0,0.0,27.0,0.0,0.0,25.0,1.0,154.0,154.0,154.0,114.0,93.0,76.0,153.0,161.0,236.0,161.0,153.0,167.0,153.0,40.0,101.0,77.0,56.0,13.0,10.0,107.0,197.0,78.0,201.0,123.0,184.0,106.0,32.0,2.0,110.0,100.26,86.0,110.7,190.0,5.0,79.0,-7.2,112.0,86.0,201.0,266.0,133.0,150.0,93.0,195.0,190.0,174.0,11.0,264.0,199.0,103.5,129.0,76.0,201.0,186.0,79.0,186.0,227.0,150.0,178.0,136.0,167.0,99.0,10.0,,,,G,NOP,,,,,,,,,,,,,,,,,,,,,,,,,,,,,,,,,,,,,,,,,,,,0.0,,77.0,0.0,0.0,,,10902.0,102.0,,,,,,,,,1.0,2.0,0.5,0.566,-0.066,,1610612761.0,NOP,TOR,NOP,TOR,,,,,,,,,,,,,,,,,,,
203901,Elfrid Payton,1610612740,NOP,30.0,14.75,1,3,0.333,0,0,0.0,0,0,0.0,1,2,3,3,1,0,1,1,0,0,2,3,78.64,3.0,0.114,0.333,14.3,29,0.119,12.9,110.3,94.37,42.9,0.111,0.273,0.083,0.333,0.056,115.8,90.86,102.8,100.0,14.3,10.3,0.082,32.0,0.094,30.0,0.094,7.0,0.0,3.0,0.0,6.0,0.125,2.0,1.0,0.0,3.0,0.25,0.0,4.0,8.0,0.0,0.0,0.5,0.0,0.333,0.0,0.0,1.0,0.0,0.054,1.0,5.46,5.46,37.0,0.0,0.0,0.0,14.0,3.4,0.0,2.0,14.3,0.0,0.5,0.6,0.0,1.0,4.0,12.4,0.5,18.1,2.0,1.0,3.0,0.667,0.5,0.0,0.0,1.0,0.0,0.5,0.0,0.0,6.0,,,,,,,,,,,,,,,2.0,0.0,0.0,0.0,0.0,0.0,0.0,2.0,0.0,0.667,0.0,0.667,0.0,0.333,1.0,1.0,1.0,1.0,0.0,,0.0,1.0,0.333,1.0,1.0,,,,,,,,,,,,,,0.5,,2.0,0.5,,,2.0,1.0,0.0,0.0,0.0,0.0,0.0,0.333,0.0,0.0,0.0,1.0,0.0,0.0,0.0,0.0,0.333,0.0,0.0,0.0,,0.0,0.0,0.0,0.0,0.0,0.0,3.0,0.0,,0.0,0.0,0.0,,0.0,0.019,0.665,0.432,13.0,0.684,19.0,0.0,1.0,,1.0,0.0,0.0,0.0,,2.0,0.0,0.0,0.0,0.0,,0.0,0.0,0.5,0.0,,0.0,,0.0,,0.0,0.0,0.0,0.0,,0.0,,,,0.0,2025,22400042,,4.0,8.0,0.5,0.466,0.034,,,,,,,,,,,,,,,,,0.0,0.0,0.0,0.0,0.0,0.0,0.0,0.0,0.0,0.0,0.0,0.0,0.0,0.0,20241129.0,2024-25,False,MEM,2.0,0.0,2.0,1.0,0.0,1.0,2.0,0.0,0.0,0.0,0.0,0.0,0.0,0.0,0.0,0.0,0.0,0.0,0.0,0.0,0.0,,,,,,0.6,0.5,4.59,4.22,1.2,4.21,Elfrid,1.0,0.0,1.0,0.0,12.1,0.0,0.0,10.0,1.0,103.0,103.0,103.0,157.0,146.0,164.0,138.0,125.0,166.0,125.0,105.0,113.0,105.0,57.0,100.0,94.0,57.0,77.0,112.0,18.0,144.0,1.0,147.0,167.0,72.0,145.0,21.0,4.0,152.0,94.37,161.0,100.0,165.0,1.0,64.0,10.3,15.0,162.0,99.0,140.0,192.0,49.0,146.0,164.0,165.0,98.0,3.0,137.0,45.0,110.3,71.0,164.0,99.0,65.0,37.0,65.0,73.0,49.0,154.0,95.0,109.0,11.0,2.0,,,,G,NOP,,,,,,,,,,,,,,,,,,,,,,,,,,,,,,,,,,,,,,,,,,,,0.0,,37.0,0.0,0.0,,,6099.0,103.0,,,,,,,,,3.0,3.0,1.0,0.637,0.363,,1610612763.0,MEM,NOP,NOP,MEM,,,,,,,,,,,,,,,,,,,
203901,Elfrid Payton,1610612740,NOP,30.0,16.533333333333335,3,6,0.5,0,0,0.0,0,0,0.0,0,1,1,7,3,1,2,2,0,0,6,-8,81.05,2.33,0.22,0.5,18.8,33,0.222,-25.5,106.1,97.26,43.8,0.053,0.636,0.026,0.5,0.0,101.4,99.29,126.9,126.5,18.8,-20.4,0.13,27.0,0.296,31.0,0.259,7.0,1.0,8.0,0.0,17.0,0.1,6.0,1.0,0.0,6.0,0.6,0.1,2.0,10.0,1.0,0.0,0.2,0.0,0.5,0.0,0.0,3.0,0.0,0.158,0.0,5.13,4.74,38.0,0.0,0.0,0.0,12.0,3.2,0.0,2.0,2.5,1.0,0.0,0.25,1.0,0.0,3.0,2.5,0.2,0.0,0.0,1.0,0.0,0.5,0.333,1.0,0.0,1.0,0.0,0.0,1.0,0.0,5.0,,,,,,,,,,,,,,,5.0,0.0,0.0,0.0,0.6,3.0,0.6,5.0,3.0,0.833,0.6,0.833,0.0,0.167,1.0,1.0,0.0,0.0,0.0,,0.0,0.0,0.167,0.0,0.0,,,,,,,,,,,,,,0.0,,0.0,0.0,,,1.0,0.0,0.0,0.0,0.0,0.0,0.0,0.5,0.0,0.0,0.0,3.0,0.0,0.0,0.0,0.0,0.75,0.0,1.0,0.0,0.0,0.0,0.0,0.0,0.0,0.0,0.0,4.0,1.0,0.0,0.0,0.0,0.0,0.0,0.0,-0.042,0.661,0.412,13.0,0.619,21.0,3.0,3.0,,0.0,,,0.0,,1.0,0.0,1.0,0.0,0.0,0.0,0.0,0.0,0.0,0.0,0.0,0.0,0.0,0.0,,,0.0,2.0,0.0,,0.0,,,,0.0,2025,22400308,,2.0,7.0,0.286,0.455,-0.169,,,,,,,,,,,,,,,,,0.0,0.0,0.0,0.0,0.0,0.0,0.0,0.0,0.0,0.0,0.0,0.0,0.0,0.0,20241201.0,2024-25,False,NYK,5.0,3.0,2.0,1.0,0.0,0.0,0.0,1.0,0.0,1.0,1.0,0.0,0.0,0.0,0.0,0.0,0.0,0.0,0.0,0.0,0.0,,,,,,0.7,0.7,4.44,5.37,1.3,4.31,Elfrid,1.0,0.0,1.0,0.0,23.7,0.0,0.0,20.0,1.0,104.0,104.0,104.0,144.0,107.0,119.0,72.0,120.0,167.0,120.0,113.0,116.0,113.0,113.0,138.0,159.0,16.0,18.0,41.0,8.0,184.0,1.0,137.0,131.0,167.0,89.0,18.0,3.0,106.0,97.26,73.0,126.5,180.0,3.0,113.0,-20.4,11.0,72.0,141.0,168.0,158.0,159.0,107.0,127.0,180.0,154.0,6.0,168.0,178.0,106.1,162.0,119.0,141.0,172.0,2.0,172.0,152.0,159.0,106.0,177.0,59.0,31.0,6.0,,,,G,NOP,,,,,,,,,,,,,,,,,,,,,,,,,,,,,,,,,,,,,,,,,,,,0.0,,38.0,0.0,0.0,,,6988.0,99.0,,,,,,,,,0.0,2.0,0.0,0.664,-0.664,,1610612752.0,NYK,NOP,NOP,NYK,,,,,,,,,,,,,,,,,,,
203901,Elfrid Payton,1610612740,NOP,30.0,6.066666666666666,0,1,0.0,0,0,0.0,0,0,0.0,0,0,0,1,1,1,0,0,0,0,0,3,92.31,1.0,0.133,0.0,33.3,14,0.134,26.3,100.0,110.77,33.3,0.0,0.2,0.0,0.0,0.0,100.9,113.3,74.5,78.6,33.3,21.4,0.0,11.0,0.091,12.0,0.091,4.0,0.0,1.0,0.0,3.0,0.0,0.0,0.0,0.0,0.0,0.0,0.0,2.0,2.0,0.0,0.0,1.0,0.0,0.0,0.0,0.0,0.0,0.0,0.0,0.0,6.06,6.15,13.0,1.0,0.0,0.0,3.0,1.3,0.0,,,,,,,,,,,,,,,,,,,,,,,,,,,,,,,,,,,,,,,1.0,0.0,0.0,0.0,0.0,0.0,0.0,1.0,0.0,1.0,0.0,1.0,,,,,,,,,,,,,,,,,,,,,,,,,,,,,0.0,,,,0.0,0.0,0.0,0.0,0.0,0.0,0.0,0.0,0.0,0.0,0.0,0.0,0.0,0.0,0.0,0.0,0.0,0.0,0.0,0.0,,0.0,0.0,0.0,0.0,0.0,0.0,0.0,1.0,,0.0,0.0,0.0,,0.0,-0.042,0.661,0.389,13.0,0.619,21.0,0.0,0.0,,0.0,,,0.0,,0.0,0.0,0.0,0.0,0.0,,0.0,0.0,0.0,0.0,,0.0,,0.0,,,0.0,1.0,0.0,,0.0,,,,0.0,2025,22400315,,0.0,3.0,0.0,0.418,-0.418,,,,,,,,,,,,,,,,,0.0,0.0,0.0,0.0,0.0,0.0,0.0,0.0,0.0,0.0,0.0,0.0,0.0,0.0,20241202.0,2024-25,False,ATL,0.0,0.0,0.0,1.0,0.0,0.0,0.0,0.0,0.0,0.0,0.0,0.0,0.0,0.0,0.0,0.0,0.0,0.0,0.0,0.0,0.0,,,,,,0.3,0.2,4.76,5.59,0.5,3.89,Elfrid,1.0,0.0,1.0,0.0,3.5,0.0,0.0,3.0,1.0,48.0,48.0,48.0,79.0,74.0,75.0,74.0,48.0,69.0,48.0,46.0,47.0,46.0,48.0,81.0,82.0,45.0,30.0,18.0,26.0,1.0,1.0,60.0,78.0,36.0,76.0,10.0,2.0,79.0,110.77,62.0,78.6,15.0,0.0,48.0,21.4,8.0,58.0,46.0,75.0,10.0,8.0,74.0,78.0,15.0,81.0,1.0,75.0,19.0,100.0,7.0,75.0,46.0,23.0,24.0,23.0,49.0,8.0,74.0,82.0,76.0,30.0,0.0,,,,G,NOP,,,,,,,,,,,,,,,,,,,,,,,,,,,,,,,,,,,,,,,,,,,,0.0,,13.0,0.0,0.0,,,2802.0,106.0,,,,,,,,,,,,,,,1610612737.0,ATL,NOP,NOP,ATL,,,,,,,,,,,,,,,,,,,
203901,Elfrid Payton,1610612766,CHA,30.0,23.48333333333333,0,4,0.0,0,0,0.0,0,0,0.0,0,1,1,4,1,2,0,0,2,0,0,-11,80.06,4.0,0.098,0.0,11.1,48,0.11,-20.1,95.8,96.07,44.4,0.04,0.267,0.022,0.0,0.0,103.6,92.47,123.7,123.9,11.1,-28.1,0.0,37.0,0.135,34.0,0.108,13.0,1.0,5.0,0.0,12.0,0.0,0.0,0.0,0.0,4.0,0.0,0.0,4.0,8.0,0.0,0.0,0.5,0.0,0.0,0.0,0.0,0.0,0.0,0.0,0.0,4.48,4.59,44.0,0.0,0.0,0.0,15.0,3.3,0.0,1.0,19.4,0.0,0.0,0.25,0.0,0.0,3.0,19.4,0.25,0.0,1.0,0.0,1.0,0.333,0.333,0.0,0.0,0.0,0.0,0.0,0.0,0.0,4.0,,,,,,,,,,,,,,,1.0,0.0,0.0,0.0,0.0,0.0,0.0,1.0,0.0,0.25,0.0,0.25,0.0,0.5,2.0,2.0,0.0,0.0,0.0,,0.0,0.0,0.5,0.0,0.0,0.0,0.0,0.0,1.0,0.0,0.0,,1.0,0.25,0.0,0.0,0.25,0.0,0.0,,0.0,0.0,,,3.0,0.0,0.0,0.0,0.0,0.0,0.0,0.0,0.0,0.0,0.0,0.0,0.0,0.0,0.0,0.0,0.0,0.0,0.0,0.0,0.0,0.0,0.0,0.0,0.0,0.0,0.0,4.0,0.0,0.0,0.0,0.0,0.0,0.0,0.0,-0.023,0.632,0.39,14.0,0.609,23.0,0.0,1.0,0.0,0.0,,,0.0,0.0,3.0,0.0,0.0,0.0,0.0,0.0,0.0,0.0,0.0,0.0,0.0,0.0,0.0,0.0,0.0,,0.0,0.0,0.0,,0.0,,,,0.0,2025,22400752,,2.0,4.0,0.5,0.483,0.018,,,,,,,,,,,,,,,,,0.0,0.0,0.0,0.0,0.0,0.0,0.0,0.0,0.0,0.0,0.0,0.0,0.0,0.0,20250209.0,2024-25,False,DET,3.0,0.0,3.0,2.0,0.0,0.0,0.0,0.0,0.0,0.0,0.0,0.0,0.0,0.0,0.0,0.0,0.0,0.0,0.0,0.0,0.0,,,,,,0.9,0.9,4.35,4.48,1.8,4.22,Elfrid,1.0,0.0,1.0,0.0,12.2,0.0,0.0,9.0,1.0,30.0,30.0,30.0,36.0,50.0,45.0,50.0,35.0,49.0,35.0,36.0,36.0,36.0,36.0,44.0,49.0,13.0,18.0,6.0,16.0,1.0,25.0,48.0,50.0,51.0,42.0,6.0,2.0,45.0,96.07,48.0,123.9,41.0,0.0,36.0,-28.1,4.0,50.0,43.0,36.0,56.0,45.0,50.0,50.0,41.0,52.0,4.0,36.0,49.0,95.8,46.0,45.0,43.0,52.0,11.0,52.0,36.0,45.0,50.0,53.0,51.0,4.0,0.0,,,,G,CHA,,,,,,,,,,,,,,,,,,,,,,,,,,,,,,,,,,,,,,,,,,,,0.0,,44.0,0.0,0.0,,,9316.0,93.0,,,,,,,,,1.0,1.0,1.0,0.723,0.277,,1610612765.0,DET,CHA,CHA,DET,,,,,,,,,,,,,,,,,,,
203901,Elfrid Payton,1610612766,CHA,30.0,31.866666666666667,2,6,0.333,0,0,0.0,0,0,0.0,1,3,4,7,1,0,1,1,2,0,4,-6,77.2,7.0,0.103,0.333,7.1,62,0.11,-3.1,88.7,92.64,50.0,0.075,0.368,0.054,0.333,0.029,94.0,91.4,97.1,100.0,7.1,-11.3,0.072,58.0,0.121,57.0,0.121,10.0,0.0,7.0,0.0,17.0,0.0,2.0,0.0,0.0,5.0,0.154,0.0,6.0,13.0,0.0,0.0,0.462,0.0,0.2,0.0,0.0,1.0,0.0,0.057,1.0,4.72,4.83,70.0,1.0,0.0,0.0,24.0,5.5,0.0,1.0,6.4,1.0,1.0,0.667,0.0,0.0,5.0,7.2,0.667,3.9,3.0,0.0,3.0,0.6,0.6,0.25,0.0,0.0,1.0,1.0,0.0,1.0,6.0,,,,,,,,,,,,,,,5.0,0.0,0.0,0.0,0.2,1.0,0.2,5.0,1.0,0.833,0.2,0.833,0.0,0.167,1.0,1.0,1.0,1.0,0.0,,0.0,1.0,0.167,1.0,1.0,,,,,,,,,,,,,,0.5,,2.0,0.5,,,2.0,1.0,0.0,0.0,0.0,0.0,0.0,0.333,0.0,0.0,0.0,2.0,0.0,0.0,0.0,0.0,0.333,0.0,0.0,0.0,0.0,0.0,0.0,0.0,0.0,0.0,0.0,6.0,0.0,0.0,0.0,0.0,0.0,0.0,0.0,-0.02,0.635,0.388,16.0,0.615,26.0,2.0,5.0,0.0,0.0,,,0.0,0.0,0.0,0.0,0.4,0.0,0.0,0.0,0.0,0.0,0.0,0.0,0.0,0.0,0.0,0.0,0.0,,0.0,1.0,0.0,,0.0,,,,0.0,2025,22400770,,3.0,8.0,0.375,0.437,-0.062,,,,,,,,,,,,,,,,,0.0,0.0,0.0,0.0,0.0,0.0,0.0,0.0,0.0,0.0,0.0,0.0,0.0,0.0,20250212.0,2024-25,False,ORL,3.0,2.0,1.0,1.0,0.0,1.0,3.0,0.0,0.0,0.0,0.0,0.0,0.0,0.0,0.0,0.0,0.0,0.0,0.0,0.0,0.0,,,,,,1.3,1.1,4.3,4.67,2.4,3.92,Elfrid,1.0,0.0,1.0,0.0,21.3,0.0,0.0,17.0,1.0,159.0,159.0,159.0,85.0,187.0,181.0,209.0,177.0,247.0,177.0,158.0,169.0,158.0,93.0,115.0,128.0,19.0,106.0,146.0,43.0,190.0,163.0,209.0,217.0,220.0,159.0,32.0,3.0,179.0,92.64,259.0,100.0,295.0,2.0,151.0,-11.3,4.0,263.0,279.0,160.0,285.0,73.0,187.0,238.0,295.0,206.0,6.0,159.0,172.0,88.7,60.0,181.0,279.0,217.0,18.0,217.0,262.0,73.0,228.0,205.0,185.0,4.0,4.0,,,,G,CHA,,,,,,,,,,,,,,,,,,,,,,,,,,,,,,,,,,,,,,,,,,,,0.0,,70.0,0.0,0.0,,,12610.0,93.0,,,,,,,,,2.0,3.0,0.667,0.648,0.019,,1610612753.0,ORL,CHA,CHA,ORL,,,,,,,,,,,,,,,,,,,
203901,Elfrid Payton,1610612766,CHA,30.0,14.745,0,2,0.0,0,0,0.0,0,0,0.0,0,3,3,2,1,0,0,0,2,0,0,-5,92.23,2.0,0.086,0.0,20.0,33,0.087,-11.8,72.7,110.68,40.0,0.143,0.25,0.077,0.0,0.0,71.3,111.53,83.1,82.9,20.0,-10.1,0.0,33.0,0.061,29.0,0.061,10.0,0.0,2.0,0.0,5.0,0.0,0.0,0.0,0.0,2.0,0.0,0.0,4.0,6.0,0.0,0.0,0.667,0.0,0.0,0.0,0.0,0.0,0.0,0.0,0.0,3.95,3.44,36.0,1.0,0.0,0.0,13.0,2.4,0.0,2.0,6.2,1.0,0.0,0.6,0.333,0.0,4.0,6.2,0.5,0.0,2.0,1.0,2.0,1.0,0.75,0.333,0.0,1.0,0.0,0.0,1.0,0.0,6.0,,,,,,,,,,,,,,,1.0,0.0,0.0,0.0,0.0,0.0,0.0,1.0,0.0,0.5,0.0,0.5,0.0,0.5,1.0,1.0,0.0,0.0,0.0,,0.0,0.0,0.5,0.0,0.0,,,,,,,,,,,,,,,,0.0,,,,0.0,0.0,0.0,0.0,0.0,0.0,0.0,0.0,0.0,0.0,0.0,0.0,0.0,0.0,0.0,0.0,0.0,0.0,0.0,0.0,0.0,0.0,0.0,0.0,0.0,0.0,0.0,2.0,0.0,0.0,0.0,0.0,0.0,0.0,0.0,-0.036,0.643,0.384,17.0,0.607,28.0,0.0,1.0,,0.0,0.0,0.0,0.0,,1.0,0.0,0.0,0.0,0.0,0.0,0.0,0.0,0.0,0.0,0.0,0.0,0.0,0.0,,0.0,0.0,0.0,0.0,,0.0,,,,0.0,2025,22400524,,2.0,6.0,0.333,0.451,-0.118,,,,,,,,,,,,,,,,,0.0,0.0,0.0,0.0,0.0,0.0,0.0,0.0,0.0,0.0,0.0,0.0,0.0,0.0,20250219.0,2024-25,False,LAL,0.0,0.0,0.0,1.0,0.0,0.0,0.0,0.0,0.0,0.0,0.0,0.0,0.0,0.0,0.0,0.0,0.0,0.0,0.0,0.0,0.0,,,,,,0.6,0.6,4.54,4.63,1.2,4.45,Elfrid,1.0,1.0,0.0,1.0,5.6,0.0,0.0,5.0,1.0,1.0,1.0,1.0,17.0,18.0,18.0,18.0,14.0,16.0,14.0,9.0,9.0,9.0,13.0,11.0,14.0,7.0,9.0,14.0,6.0,1.0,12.0,14.0,18.0,15.0,19.0,3.0,1.0,19.0,110.68,19.0,82.9,2.0,0.0,13.0,-10.1,2.0,18.0,18.0,17.0,1.0,3.0,18.0,18.0,2.0,8.0,2.0,17.0,15.0,72.7,6.0,18.0,18.0,17.0,5.0,17.0,19.0,3.0,18.0,11.0,17.0,5.0,0.0,,,,G,CHA,,,,,,,,,,,,,,,,,,,,,,,,,,,,,,,,,,,,,,,,,,,,0.0,,36.0,0.0,0.0,,,6391.0,102.0,,,,,,,,,1.0,2.0,0.5,0.699,-0.199,,1610612747.0,LAL,CHA,CHA,LAL,,,,,,,,,,,,,,,,,,,
203901,Elfrid Payton,1610612766,CHA,30.0,16.316666666666666,0,3,0.0,0,0,0.0,0,0,0.0,0,2,2,3,1,2,0,0,3,1,0,8,84.58,3.0,0.105,0.0,14.3,34,0.104,20.1,91.2,101.49,42.9,0.091,0.231,0.047,0.0,0.0,90.0,99.02,70.0,65.7,14.3,25.5,0.0,28.0,0.143,27.0,0.107,6.0,0.0,4.0,1.0,6.0,0.0,0.0,0.0,0.0,1.0,0.0,0.0,3.0,4.0,0.0,0.0,0.75,0.0,0.0,0.0,0.0,0.0,0.0,0.0,1.0,3.69,3.26,34.0,0.0,0.0,0.0,16.0,2.1,0.0,0.0,9.9,0.0,0.0,0.667,0.0,0.0,4.0,9.9,0.5,0.0,2.0,1.0,2.0,0.667,0.5,0.0,0.0,1.0,0.0,0.0,0.0,0.0,4.0,,,,,,,,,,,,,,,3.0,0.0,0.0,0.0,0.0,0.0,0.0,3.0,0.0,1.0,0.0,1.0,,,,,,,,,,,,,,,,,,,,,,,,,,,0.0,,0.0,0.0,,,1.0,0.0,0.0,0.0,0.0,0.0,0.0,0.0,0.0,0.0,0.0,0.0,0.0,0.0,0.0,0.0,0.0,0.0,0.0,0.0,0.0,0.0,0.0,0.0,0.0,0.0,0.0,2.0,1.0,0.0,0.0,0.0,0.0,0.0,0.0,-0.097,0.645,0.369,17.0,0.548,31.0,0.0,1.0,0.0,0.0,,,0.0,0.0,1.0,0.0,0.0,0.0,0.0,0.0,0.0,0.0,0.0,0.0,0.0,0.0,0.0,0.0,0.0,,0.0,1.0,0.0,,0.0,,,,0.0,2025,22400794,,3.0,11.0,0.273,0.493,-0.22,,,,,,,,,,,,,,,,,0.0,0.0,0.0,0.0,0.0,0.0,0.0,0.0,0.0,0.0,0.0,0.0,0.0,0.0,20250220.0,2024-25,False,DEN,1.0,1.0,0.0,2.0,0.0,0.0,0.0,0.0,0.0,0.0,0.0,0.0,0.0,2.0,2.0,2.0,1.0,0.0,1.0,1.0,0.5,,,,,,0.7,0.6,4.61,4.8,1.3,4.4,Elfrid,1.0,0.0,1.0,0.0,11.9,0.0,0.0,9.0,1.0,96.0,96.0,96.0,141.0,164.0,150.0,164.0,114.0,150.0,114.0,97.0,103.0,97.0,96.0,101.0,112.0,50.0,62.0,14.0,67.0,1.0,133.0,77.0,167.0,30.0,134.0,18.0,2.0,144.0,101.49,158.0,65.7,95.0,0.0,96.0,25.5,13.0,157.0,157.0,154.0,150.0,9.0,164.0,167.0,95.0,109.0,3.0,150.0,36.0,91.2,12.0,150.0,157.0,24.0,44.0,24.0,157.0,9.0,164.0,129.0,164.0,25.0,0.0,,,,G,CHA,,,,,,,,,,,,,,,,,,,,,,,,,,,,,,,,,,,,,,,,,,,,0.0,,34.0,0.0,0.0,,,6600.0,101.0,,,,,,,,,0.0,3.0,0.0,0.636,-0.636,,1610612743.0,DEN,CHA,CHA,DEN,,,,,,,,,,,,,,,,,,,
203901,Elfrid Payton,1610612766,CHA,31.0,22.45,1,4,0.25,0,0,0.0,0,0,0.0,0,1,1,1,3,1,1,1,1,0,2,-36,85.52,0.33,0.119,0.25,37.5,48,0.118,-83.8,79.2,102.63,12.5,0.067,0.071,0.022,0.25,0.0,72.7,106.43,156.5,154.2,37.5,-75.0,-0.014,35.0,0.029,35.0,0.029,6.0,0.0,1.0,0.0,3.0,0.0,2.0,0.0,0.0,3.0,0.333,0.167,3.0,6.0,1.0,0.0,0.5,0.0,0.333,0.0,0.0,1.0,0.0,0.044,0.0,5.84,6.09,45.0,1.0,0.0,0.0,7.0,4.4,0.0,1.0,8.7,0.0,0.0,0.2,0.0,0.0,4.0,8.7,0.2,0.0,1.0,0.0,1.0,0.25,0.25,0.0,0.0,0.0,0.0,0.0,0.0,0.0,5.0,,,,,,,,,,,,,,,4.0,0.0,0.0,0.0,0.25,1.0,0.25,4.0,1.0,1.0,0.25,1.0,,,,,,,,,,,,,,,,,,,,,,,,,,,0.333,,2.0,0.333,,,3.0,1.0,0.0,0.0,0.0,0.0,0.0,0.25,0.0,0.0,0.0,1.0,0.0,0.0,0.0,0.0,0.333,0.0,1.0,0.0,0.0,0.0,0.0,0.0,0.0,0.0,0.0,3.0,0.0,0.0,0.0,0.0,0.0,0.0,0.0,-0.085,0.644,0.382,19.0,0.559,34.0,1.0,2.0,,0.0,0.0,0.0,0.0,,0.0,0.0,0.5,0.0,0.0,0.0,0.0,0.0,0.0,0.0,0.0,0.0,0.0,0.0,,0.0,1.0,1.0,0.0,,0.0,,,,0.0,2025,22400810,,3.0,5.0,0.6,0.434,0.166,,,,,,,,,,,,,,,,,0.0,0.0,0.0,0.0,0.0,0.0,0.0,0.0,0.0,0.0,0.0,0.0,0.0,0.0,20250222.0,2024-25,False,POR,1.0,1.0,0.0,2.0,0.0,0.0,0.0,0.0,0.0,0.0,0.0,0.0,0.0,0.0,0.0,0.0,0.0,0.0,0.0,0.0,0.0,,,,,,0.9,0.8,4.3,4.28,1.7,4.34,Elfrid,1.0,0.0,1.0,0.0,7.7,0.0,0.0,8.0,1.0,55.0,55.0,55.0,59.0,74.0,74.0,82.0,57.0,84.0,57.0,58.0,63.0,58.0,64.0,71.0,81.0,60.0,7.0,25.0,8.0,75.0,32.0,73.0,87.0,108.0,86.0,14.0,2.0,83.0,102.63,88.0,154.2,48.0,1.0,64.0,-75.0,65.0,86.0,97.0,106.0,32.0,106.0,74.0,92.0,48.0,76.0,4.0,106.0,106.0,79.2,106.0,74.0,97.0,106.0,67.0,106.0,96.0,106.0,86.0,100.0,97.0,57.0,2.0,,,,G,CHA,,,,,,,,,,,,,,,,,,,,,,,,,,,,,,,,,,,,,,,,,,,,0.0,,45.0,0.0,0.0,,,8716.0,105.0,,,,,,,,,2.0,3.0,0.667,0.595,0.071,,1610612757.0,POR,CHA,CHA,POR,,,,,,,,,,,,,,,,,,,
203901,Elfrid Payton,1610612766,CHA,31.0,14.45,0,2,0.0,0,0,0.0,0,0,0.0,0,2,2,3,0,1,1,0,2,0,0,-4,80.28,0.0,0.056,0.0,0.0,29,0.057,-25.8,93.1,96.33,60.0,0.167,0.375,0.067,0.0,0.0,86.3,97.86,112.2,106.9,0.0,-13.8,0.052,32.0,0.156,27.0,0.094,6.0,2.0,5.0,0.0,11.0,0.0,0.0,0.0,0.0,1.0,0.0,0.5,1.0,2.0,1.0,0.0,0.5,0.0,0.0,0.0,0.0,0.0,0.0,0.0,0.0,3.84,3.2,35.0,0.0,0.0,0.0,15.0,2.2,0.0,1.0,10.5,0.0,0.0,0.4,0.0,0.0,4.0,10.5,0.4,0.0,2.0,0.0,2.0,0.5,0.5,0.0,0.0,0.0,0.0,0.0,0.0,0.0,5.0,,,,,,,,,,,,,,,,,,,,,,,,,,,0.0,1.0,2.0,2.0,0.0,0.0,0.0,,0.0,0.0,1.0,0.0,0.0,,,,,,,,,,,,,,0.0,,0.0,0.0,,,2.0,0.0,0.0,0.0,0.0,0.0,0.0,0.0,0.0,0.0,0.0,0.0,0.0,0.0,0.0,0.0,0.0,0.0,0.0,0.0,0.0,0.0,0.0,0.0,0.0,0.0,0.0,2.0,0.0,0.0,0.0,0.0,0.0,0.0,0.0,-0.092,0.633,0.394,20.0,0.541,37.0,0.0,0.0,0.0,0.0,0.0,0.0,0.0,0.0,2.0,0.0,0.0,0.0,0.0,0.0,0.0,0.0,0.0,0.0,0.0,0.0,0.0,0.0,0.0,0.0,0.0,0.0,0.0,,0.0,,,,0.0,2025,22400828,,1.0,5.0,0.2,0.423,-0.223,,,,,,,,,,,,,,,,,0.0,0.0,0.0,0.0,0.0,0.0,0.0,0.0,0.0,0.0,0.0,0.0,0.0,0.0,20250224.0,2024-25,False,SAC,3.0,2.0,1.0,2.0,0.0,0.0,0.0,0.0,0.0,0.0,0.0,0.0,0.0,0.0,0.0,0.0,0.0,0.0,0.0,0.0,0.0,,,,,,0.6,0.5,4.27,4.4,1.1,4.12,Elfrid,1.0,0.0,1.0,0.0,12.9,0.0,0.0,9.0,1.0,85.0,85.0,85.0,127.0,149.0,145.0,149.0,94.0,138.0,94.0,97.0,101.0,97.0,94.0,81.0,111.0,42.0,119.0,41.0,15.0,1.0,70.0,122.0,151.0,98.0,120.0,18.0,1.0,134.0,96.33,156.0,106.9,143.0,0.0,94.0,-13.8,3.0,157.0,124.0,1.0,139.0,86.0,149.0,151.0,143.0,46.0,2.0,1.0,131.0,93.1,108.0,145.0,124.0,109.0,12.0,109.0,144.0,86.0,149.0,84.0,113.0,108.0,0.0,,,,G,CHA,,,,,,,,,,,,,,,,,,,,,,,,,,,,,,,,,,,,,,,,,,,,0.0,,35.0,0.0,0.0,,,5762.0,99.0,,,,,,,,,1.0,3.0,0.333,0.609,-0.275,,1610612758.0,SAC,CHA,CHA,SAC,,,,,,,,,,,,,,,,,,,
203901,Elfrid Payton,1610612740,NOP,31.0,12.0,0,3,0.0,0,0,0.0,0,0,0.0,0,0,0,1,2,0,0,0,1,0,0,-16,80.0,0.5,0.179,0.0,33.3,24,0.193,-61.4,87.5,96.0,16.7,0.0,0.125,0.0,0.0,0.0,91.5,94.32,152.9,154.2,33.3,-66.7,-0.103,25.0,0.04,27.0,0.04,2.0,0.0,1.0,0.0,2.0,0.2,0.0,1.0,0.0,3.0,0.0,0.0,1.0,5.0,0.0,0.0,0.2,0.0,0.0,0.0,0.0,0.0,0.0,0.0,1.0,4.79,4.39,33.0,1.0,0.0,0.0,12.0,2.6,0.0,,,,,,,,,,,,,,,,,,,,,,,,,,,,,,,,,,,,,,,3.0,0.0,0.0,0.0,0.0,0.0,0.0,3.0,0.0,1.0,0.0,1.0,,,,,,,,,,,,,,,,,,,,,,,,,,,0.0,,0.0,0.0,,,2.0,0.0,0.0,0.0,0.0,0.0,0.0,0.0,0.0,0.0,0.0,0.0,0.0,0.0,0.0,0.0,0.0,0.0,0.0,0.0,,0.0,0.0,0.0,0.0,0.0,0.0,3.0,0.0,,0.0,0.0,0.0,,0.0,-0.096,0.636,0.381,20.0,0.541,37.0,0.0,3.0,,0.0,0.0,0.0,0.0,,0.0,0.0,0.0,0.0,0.0,,0.0,0.0,0.0,0.0,,0.0,,0.0,,0.0,0.0,0.0,0.0,,0.0,,,,0.0,2025,22401016,,2.0,3.0,0.667,0.435,0.231,1.0,1.0,1.0,0.39,1.0,2.0,0.5,0.5,1.0,1.0,1.0,0.562,,,,,0.0,0.0,0.0,0.0,0.0,0.0,0.0,0.0,0.0,0.0,0.0,0.0,0.0,0.0,20250321.0,2024-25,False,MIN,1.0,1.0,0.0,0.0,0.0,0.0,0.0,0.0,0.0,0.0,0.0,0.0,0.0,0.0,0.0,0.0,0.0,0.0,0.0,0.0,0.0,,0.443,,,0.224,0.47,0.41,4.12,4.32,0.88,3.89,Elfrid,1.0,0.0,1.0,0.0,-0.5,0.0,0.0,1.0,1.0,113.0,113.0,113.0,177.0,189.0,174.0,189.0,138.0,184.0,138.0,102.0,107.0,102.0,103.0,169.0,185.0,125.0,41.0,120.0,70.0,1.0,63.0,134.0,193.0,189.0,217.0,14.0,1.0,204.0,96.0,102.0,154.2,159.0,0.0,103.0,-66.7,112.0,109.0,200.0,211.0,176.0,211.0,189.0,193.0,159.0,169.0,3.0,211.0,210.0,87.5,210.0,174.0,200.0,209.0,114.0,209.0,194.0,211.0,189.0,185.0,212.0,116.0,0.0,,,,G,NOP,0.333,0.61,0.667,0.0,,,,,,,0.438,0.333,,,,,,,,,,,,,,,,,,,,,,,,,,,,,,,,0.0,,33.0,0.0,0.0,,12.0,4636.0,98.0,,,,,,,,,,,,,,,1610612750.0,MIN,NOP,NOP,MIN,,,,,,,,,,,,,,,,,,,
203901,Elfrid Payton,1610612740,NOP,31.0,24.65,3,8,0.375,0,0,0.0,0,0,0.0,1,5,6,14,3,1,2,2,1,1,6,14,83.57,4.67,0.18,0.375,12.0,52,0.192,25.6,115.4,100.28,56.0,0.156,0.667,0.109,0.375,0.043,116.9,99.04,91.3,90.2,12.0,25.2,0.179,50.0,0.3,50.0,0.28,23.0,0.0,15.0,1.0,34.0,0.067,6.0,1.0,0.0,7.0,0.4,0.133,7.0,15.0,2.0,0.0,0.467,0.0,0.429,0.0,0.0,3.0,0.0,0.092,1.0,5.82,5.25,65.0,2.0,0.0,0.0,22.0,6.3,0.0,5.0,8.1,1.0,0.2,0.545,0.2,1.0,8.0,7.2,0.462,12.2,4.0,2.0,5.0,0.833,0.625,0.167,0.0,2.0,0.0,0.2,1.0,0.0,13.0,0.0,,0.0,3.0,0.375,0.375,1.0,3.0,0.0,0.333,0.333,1.0,0.333,,5.0,0.0,0.0,0.0,0.4,2.0,0.4,5.0,2.0,0.625,0.4,0.625,,,,,,,,,,,,,,,,,,,,,,,,,,,0.667,,4.0,0.667,,,3.0,2.0,0.0,0.0,0.0,0.0,0.0,0.375,0.0,0.0,0.0,3.0,0.0,0.0,0.0,0.0,0.6,0.0,0.0,0.0,0.0,0.0,0.0,0.0,0.0,0.0,0.0,5.0,3.0,0.0,0.0,0.0,0.0,0.0,0.0,-0.144,0.633,0.394,21.0,0.488,43.0,1.0,3.0,0.0,1.0,0.0,0.0,0.0,0.0,1.0,0.0,0.333,0.25,0.0,0.0,1.0,0.0,1.0,0.0,0.0,0.0,0.0,0.0,0.0,0.0,0.0,4.0,0.0,,0.0,,,,0.0,2025,22401041,,2.0,12.0,0.167,0.452,-0.286,1.0,3.0,0.333,0.41,1.0,9.0,0.111,0.547,1.0,8.0,0.125,0.553,,,,,0.0,0.0,0.0,0.0,0.0,0.0,0.0,0.0,0.0,0.0,0.0,0.0,0.0,0.0,20250324.0,2024-25,False,PHI,2.0,2.0,0.0,1.0,0.0,0.0,0.0,0.0,0.0,0.0,0.0,0.0,0.0,1.0,1.0,1.0,0.0,0.0,1.0,1.0,0.0,,0.47,,,-0.303,0.97,0.93,4.14,4.33,1.9,3.94,Elfrid,1.0,1.0,0.0,1.0,40.2,0.0,0.0,32.0,1.0,1.0,1.0,1.0,81.0,81.0,77.0,105.0,99.0,135.0,99.0,84.0,88.0,84.0,51.0,26.0,38.0,1.0,12.0,31.0,8.0,163.0,49.0,63.0,105.0,14.0,20.0,16.0,1.0,33.0,100.28,77.0,90.2,82.0,3.0,69.0,25.2,5.0,82.0,66.0,121.0,75.0,24.0,81.0,130.0,82.0,62.0,8.0,119.0,17.0,115.4,18.0,77.0,66.0,19.0,2.0,19.0,64.0,24.0,120.0,55.0,22.0,9.0,6.0,,,1.0,G,NOP,0.25,-0.077,0.75,-0.436,1.0,0.5,6.0,0.167,0.624,-0.457,-0.428,0.667,,,,,,,,,,,,,,,,,,,,,,,,,,,,,,,,0.0,,65.0,0.0,0.0,,24.65,10039.0,95.0,,,,,,,,,1.0,6.0,0.167,0.633,-0.466,,1610612755.0,NOP,PHI,NOP,PHI,,,,,,,,,,,,,,,,,,,
203901,Elfrid Payton,1610612740,NOP,31.0,23.343333333333334,2,7,0.286,0,0,0.0,0,1,0.0,2,3,5,10,4,0,0,0,2,2,4,-6,83.11,2.5,0.196,0.269,19.0,47,0.21,-5.7,114.9,99.73,47.6,0.1,0.588,0.094,0.286,0.087,115.9,98.66,121.6,120.0,18.7,-5.1,0.061,56.0,0.25,57.0,0.179,19.0,3.0,14.0,1.0,27.0,0.0,2.0,0.0,0.0,5.0,0.182,0.364,6.0,11.0,4.0,0.0,0.545,0.0,0.2,0.0,0.0,1.0,0.0,0.058,0.0,4.87,4.78,69.0,6.0,0.0,0.0,22.0,5.6,0.333,4.0,5.7,2.0,0.5,0.625,0.333,1.0,4.0,7.0,0.625,3.6,2.0,0.0,3.0,0.75,0.75,0.4,0.0,0.0,0.5,0.5,1.0,1.0,8.0,,,,,,,,,,,,,,,5.0,0.0,0.0,0.0,0.2,1.0,0.2,5.0,1.0,0.714,0.2,0.714,0.0,0.286,2.0,2.0,1.0,0.5,0.0,,0.0,0.5,0.286,1.0,0.5,,,,,,,,,,,,,,0.333,,2.0,0.333,,,3.0,1.0,0.0,0.0,0.0,0.0,0.5,0.286,0.0,0.0,2.0,1.0,0.0,0.0,1.0,0.0,0.25,0.0,1.0,0.0,0.0,0.0,0.0,0.0,0.0,0.5,0.0,4.0,2.0,0.0,0.0,0.0,0.0,0.0,0.0,-0.118,0.63,0.385,23.0,0.511,45.0,0.0,2.0,,1.0,0.0,0.0,0.0,,3.0,0.0,0.0,0.5,0.0,0.0,1.0,0.0,0.333,0.0,0.0,0.0,0.0,0.0,,0.0,0.0,2.0,0.0,,0.0,,,,0.0,2025,22401072,,6.0,8.0,0.75,0.448,0.302,3.0,5.0,0.6,0.392,3.0,3.0,1.0,0.517,3.0,3.0,1.0,0.553,,,,,0.0,0.0,0.0,0.0,0.0,0.0,0.0,0.0,0.0,0.0,0.0,0.0,0.0,0.0,20250328.0,2024-25,False,GSW,,,,,,,,,,,,,,,,,,,,,,,0.443,,,0.307,0.89,0.9,4.33,4.75,1.79,3.98,Elfrid,1.0,0.0,1.0,0.0,21.0,0.0,0.0,19.0,1.0,76.0,76.0,76.0,73.0,94.0,72.0,118.0,91.0,127.0,91.0,83.0,81.0,83.0,20.0,53.0,36.0,1.0,2.0,79.0,39.0,1.0,74.0,42.0,117.0,97.0,71.0,17.0,1.0,71.0,99.73,57.0,120.0,84.0,2.0,25.0,-5.1,4.0,61.0,66.0,129.0,93.0,98.0,94.0,131.0,84.0,84.0,7.0,130.0,83.0,114.9,106.0,72.0,66.0,85.0,3.0,85.0,63.0,98.0,125.0,52.0,99.0,29.0,4.0,,,,G,NOP,0.625,0.208,0.375,0.483,2.0,0.25,2.0,1.0,0.589,0.412,0.447,0.375,,,,,,,,,,,,,,,,,,,,,,,,,,,,,,,,0.0,,69.0,0.0,0.0,,23.35,9447.0,95.0,,,,,,,,,2.0,2.0,1.0,0.594,0.406,,1610612744.0,NOP,GSW,NOP,GSW,,,,,,,,,,,,,,,,,,,
203901,Elfrid Payton,1610612740,NOP,31.0,19.3,1,7,0.143,0,0,0.0,0,0,0.0,0,3,3,6,3,2,1,0,0,0,2,3,90.16,2.0,0.204,0.143,18.8,43,0.207,8.6,83.7,108.19,37.5,0.107,0.429,0.056,0.143,0.0,83.1,108.93,74.5,75.0,18.8,8.7,0.08,47.0,0.128,45.0,0.128,17.0,0.0,6.0,0.0,13.0,0.0,2.0,0.0,0.0,7.0,0.143,0.214,7.0,14.0,3.0,0.0,0.5,0.0,0.143,0.0,0.0,1.0,0.0,0.034,0.0,4.48,4.16,58.0,1.0,0.0,0.0,25.0,4.3,0.0,0.0,6.8,1.0,0.0,0.6,0.333,0.0,5.0,6.8,0.6,0.0,2.0,0.0,2.0,0.6,0.6,0.333,0.0,0.0,0.0,0.0,1.0,0.0,5.0,,,,,,,,,,,,,,,5.0,0.0,0.0,0.0,0.0,0.0,0.0,5.0,0.0,0.714,0.0,0.714,0.0,0.143,1.0,1.0,1.0,1.0,0.0,,0.0,1.0,0.143,1.0,1.0,0.0,0.0,0.0,1.0,0.0,0.0,,1.0,0.143,0.0,0.0,0.143,0.0,0.333,,2.0,0.333,,,3.0,1.0,0.0,0.0,0.0,0.0,0.0,0.143,0.0,0.0,0.0,1.0,0.0,0.0,0.0,0.0,0.2,0.0,0.0,0.0,0.0,0.0,0.0,0.0,0.0,0.0,0.0,5.0,2.0,0.0,0.0,0.0,0.0,0.0,0.0,-0.108,0.63,0.365,24.0,0.522,46.0,0.0,3.0,,1.0,,,0.0,,2.0,0.0,0.0,0.0,,0.0,0.0,0.0,0.5,,0.0,0.0,0.0,0.0,,,,2.0,0.0,,0.0,,,,0.0,2025,22401085,,3.0,9.0,0.333,0.399,-0.066,0.0,2.0,0.0,0.284,3.0,7.0,0.429,0.46,3.0,6.0,0.5,0.513,,,,,0.0,0.0,0.0,0.0,0.0,0.0,0.0,0.0,0.0,0.0,0.0,0.0,0.0,0.0,20250330.0,2024-25,False,CHA,4.0,3.0,1.0,3.0,0.0,0.0,0.0,0.0,0.0,0.0,0.0,0.0,0.0,0.0,0.0,0.0,0.0,0.0,0.0,0.0,0.0,,0.395,,,-0.061,0.78,0.75,4.29,4.79,1.53,4.37,Elfrid,1.0,1.0,0.0,1.0,20.6,0.0,0.0,17.0,1.0,1.0,1.0,1.0,107.0,134.0,89.0,155.0,104.0,147.0,104.0,93.0,99.0,93.0,95.0,56.0,80.0,13.0,10.0,13.0,20.0,1.0,1.0,117.0,151.0,61.0,86.0,14.0,1.0,96.0,108.19,71.0,75.0,47.0,1.0,95.0,8.7,22.0,69.0,165.0,158.0,41.0,12.0,134.0,163.0,47.0,98.0,7.0,158.0,63.0,83.7,8.0,89.0,165.0,68.0,6.0,68.0,165.0,12.0,157.0,114.0,102.0,39.0,2.0,,,,G,NOP,0.222,-0.284,0.778,-0.031,1.0,0.111,1.0,1.0,0.589,0.411,-0.013,0.667,,,,,,,,,,,,,,,,,,,,,,,,,,,,,,,,0.0,,58.0,0.0,0.0,,19.3,8092.0,103.0,,,,,,,,,1.0,1.0,1.0,0.607,0.393,,1610612766.0,NOP,CHA,NOP,CHA,,,,,,,,,,,,,,,,,,,
203901,Elfrid Payton,1610612740,NOP,31.0,20.65,3,4,0.75,0,0,0.0,0,0,0.0,0,4,4,4,4,0,0,0,1,0,6,-11,85.23,1.0,0.163,0.75,33.3,44,0.173,-19.0,81.8,102.28,33.3,0.235,0.286,0.111,0.75,0.0,83.1,103.86,102.1,106.8,33.3,-25.0,0.12,47.0,0.106,45.0,0.085,11.0,0.0,5.0,1.0,8.0,0.0,4.0,0.0,0.0,3.0,0.4,0.1,6.0,10.0,1.0,0.0,0.6,0.0,0.667,0.0,0.0,2.0,0.0,0.107,0.0,5.19,5.3,56.0,0.0,0.0,0.0,16.0,4.8,0.0,1.0,9.2,1.0,0.0,0.667,0.25,0.0,5.0,9.2,0.667,0.0,3.0,0.0,3.0,0.8,0.8,0.25,0.0,0.0,0.0,0.0,1.0,0.0,6.0,,,,,,,,,,,,,,,2.0,0.0,0.0,0.0,0.5,1.0,0.5,2.0,1.0,0.5,0.5,0.5,0.0,0.5,2.0,2.0,2.0,1.0,0.0,,0.0,1.0,0.5,2.0,1.0,,,,,,,,,,,,,,1.0,,4.0,1.0,,,2.0,2.0,0.0,0.0,0.0,0.0,0.0,0.75,0.0,0.0,0.0,1.0,0.0,0.0,1.0,0.0,1.0,0.0,1.0,0.0,0.0,0.0,0.0,0.0,0.0,0.5,0.0,1.0,2.0,0.0,0.0,1.0,0.0,0.0,1.0,-0.108,0.63,0.354,24.0,0.522,46.0,1.0,1.0,,0.0,0.0,0.0,0.0,,0.0,0.0,1.0,0.5,1.0,0.0,1.0,0.0,0.0,1.0,0.0,0.0,0.0,0.0,,0.0,1.0,2.0,0.0,,0.0,,,,0.0,2025,22401111,,1.0,4.0,0.25,0.459,-0.209,0.0,1.0,0.0,0.347,1.0,3.0,0.333,0.511,0.0,1.0,0.0,0.501,,,,,0.0,0.0,0.0,0.0,0.0,0.0,0.0,0.0,0.0,0.0,0.0,0.0,0.0,0.0,20250402.0,2024-25,False,LAC,2.0,2.0,0.0,0.0,0.0,0.0,0.0,0.0,0.0,0.0,0.0,0.0,0.0,0.0,0.0,0.0,0.0,0.0,0.0,0.0,0.0,,0.447,,,-0.197,0.83,0.74,4.27,4.59,1.57,3.49,Elfrid,1.0,0.0,1.0,0.0,12.8,0.0,0.0,14.0,1.0,104.0,104.0,104.0,121.0,105.0,137.0,18.0,118.0,156.0,118.0,97.0,100.0,97.0,102.0,45.0,66.0,34.0,4.0,95.0,56.0,1.0,49.0,124.0,124.0,161.0,133.0,23.0,2.0,121.0,102.28,116.0,106.8,93.0,3.0,102.0,-25.0,23.0,122.0,174.0,186.0,70.0,77.0,105.0,31.0,93.0,35.0,4.0,186.0,140.0,81.8,53.0,137.0,174.0,160.0,28.0,160.0,178.0,77.0,24.0,58.0,69.0,64.0,6.0,,,,G,NOP,0.25,-0.347,0.75,-0.177,,,,,,,-0.501,0.25,,,,,,,,,,,,,,,,,,,,,,,,,,,,,,,,0.0,,56.0,0.0,0.0,,20.65,8309.0,97.0,,,,,,,,,,,,,,,1610612746.0,LAC,NOP,NOP,LAC,,,,,,,,,,,,,,,,,,,
203901,Elfrid Payton,1610612740,NOP,31.0,19.85,1,3,0.333,0,0,0.0,0,0,0.0,0,0,0,12,5,1,0,0,2,0,2,-8,78.59,2.4,0.186,0.333,25.0,39,0.197,-17.3,117.9,94.31,60.0,0.0,0.75,0.0,0.333,0.0,122.2,92.32,139.5,138.5,25.0,-20.5,0.065,59.0,0.22,53.0,0.203,16.0,0.0,13.0,1.0,28.0,0.286,2.0,2.0,0.0,2.0,0.286,0.143,3.0,7.0,1.0,0.0,0.429,0.0,0.5,0.0,0.0,1.0,0.0,0.03,0.0,4.58,4.16,67.0,0.0,0.0,0.0,23.0,5.1,0.0,,,,,,,,,,,,,,,,,,,,,,,,,,,,,,,,,,,,,,,1.0,0.0,0.0,0.0,0.0,0.0,0.0,1.0,0.0,0.333,0.0,0.333,0.0,0.667,2.0,2.0,1.0,0.5,0.0,,0.0,0.5,0.667,1.0,0.5,,,,,,,,,,,,,,0.333,,2.0,0.333,,,3.0,1.0,0.0,0.0,0.0,0.0,0.0,0.333,0.0,0.0,0.0,1.0,0.0,0.0,0.0,0.0,0.333,0.0,0.0,0.0,0.0,0.0,0.0,0.0,0.0,0.0,0.0,3.0,0.0,0.0,0.0,0.0,0.0,0.0,0.0,-0.107,0.628,0.358,25.0,0.521,48.0,0.0,2.0,0.0,1.0,0.0,0.0,0.0,0.0,1.0,0.0,0.0,0.0,0.0,0.0,0.0,0.0,1.0,0.0,0.0,0.0,0.0,0.0,0.0,0.0,0.0,0.0,0.0,,0.0,,,,0.0,2025,22401126,,2.0,4.0,0.5,0.467,0.034,1.0,2.0,0.5,0.364,1.0,2.0,0.5,0.571,1.0,2.0,0.5,0.58,,,,,0.0,0.0,0.0,0.0,0.0,0.0,0.0,0.0,0.0,0.0,0.0,0.0,0.0,0.0,20250404.0,2024-25,False,LAL,1.0,1.0,0.0,1.0,0.0,0.0,0.0,0.0,0.0,0.0,0.0,0.0,0.0,0.0,0.0,0.0,0.0,0.0,0.0,0.0,0.0,,0.467,,,0.033,0.75,0.68,3.9,4.23,1.42,3.61,Elfrid,1.0,0.0,1.0,0.0,18.0,0.0,0.0,16.0,1.0,124.0,124.0,124.0,132.0,154.0,160.0,137.0,125.0,173.0,125.0,101.0,110.0,101.0,115.0,180.0,190.0,1.0,2.0,35.0,60.0,1.0,116.0,134.0,172.0,175.0,109.0,16.0,2.0,117.0,94.31,91.0,138.5,195.0,1.0,115.0,-20.5,7.0,94.0,85.0,205.0,196.0,220.0,154.0,169.0,195.0,180.0,3.0,205.0,172.0,117.9,218.0,160.0,85.0,177.0,2.0,177.0,66.0,220.0,155.0,190.0,136.0,34.0,2.0,,,,G,NOP,0.5,0.136,0.5,-0.071,1.0,0.5,2.0,0.5,0.582,-0.082,-0.08,0.5,,,,,,,,,,,,,,,,,,,,,,,,,,,,,,,,0.0,,67.0,0.0,0.0,,19.85,7508.0,95.0,,,,,,,,,1.0,2.0,0.5,0.56,-0.06,,1610612747.0,LAL,NOP,NOP,LAL,,,,,,,,,,,,,,,,,,,
203901,Elfrid Payton,1610612740,NOP,31.0,28.183333333333334,0,3,0.0,0,1,0.0,0,0,0.0,1,1,2,10,3,1,0,0,3,1,0,-3,82.32,3.33,0.092,0.0,18.8,58,0.093,-7.7,110.3,98.78,62.5,0.036,0.4,0.036,0.0,0.037,107.5,100.21,115.2,115.5,18.8,-5.2,0.026,61.0,0.164,63.0,0.164,18.0,0.0,10.0,0.0,22.0,0.1,0.0,1.0,0.0,2.0,0.0,0.2,7.0,10.0,2.0,0.0,0.7,0.0,0.0,0.0,0.0,0.0,0.0,0.0,1.0,5.17,5.21,71.0,1.0,0.0,0.0,28.0,6.1,0.0,2.0,20.3,1.0,0.5,0.5,0.0,0.0,4.0,6.4,0.333,34.2,1.0,2.0,1.0,0.5,0.25,0.5,0.0,2.0,1.0,0.5,0.0,1.0,6.0,,,,,,,,,,,,,,,2.0,0.0,0.0,0.0,0.0,0.0,0.0,2.0,0.0,0.667,0.0,0.667,,,,,,,,,,,,,,,0.0,0.0,0.0,1.0,0.0,0.0,1.0,0.0,0.0,0.0,0.333,0.333,,0.0,0.0,,,0.0,0.0,0.0,0.0,0.0,0.0,0.0,0.0,0.0,0.0,0.0,0.0,0.0,0.0,0.0,0.0,0.0,0.0,0.0,1.0,0.0,0.0,1.0,0.0,0.0,0.0,0.0,0.0,1.0,0.0,0.0,0.0,0.0,0.0,0.0,0.0,-0.095,0.623,0.376,28.0,0.528,53.0,0.0,2.0,,0.0,0.0,0.0,0.0,,0.0,1.0,0.0,0.0,0.0,0.0,0.0,0.0,0.0,0.0,0.0,0.0,0.0,0.0,,0.0,0.0,0.0,0.0,0.0,1.0,0.0,1.0,0.0,0.0,2025,22400617,,4.0,7.0,0.571,0.448,0.123,1.0,2.0,0.5,0.416,3.0,5.0,0.6,0.513,3.0,5.0,0.6,0.557,,,,,0.0,0.0,0.0,0.0,0.0,0.0,0.0,0.0,0.0,0.0,0.0,0.0,0.0,0.0,20250406.0,2024-25,False,MIL,0.0,0.0,0.0,3.0,0.0,0.0,0.0,1.0,0.0,1.0,1.0,0.0,0.0,0.0,0.0,0.0,0.0,0.0,0.0,0.0,0.0,,0.446,,,0.125,1.1,0.94,4.05,4.3,2.04,3.78,Elfrid,1.0,0.0,1.0,0.0,17.4,0.0,0.0,14.0,1.0,118.0,118.0,118.0,86.0,199.0,177.0,199.0,133.0,159.0,133.0,112.0,121.0,112.0,64.0,160.0,147.0,6.0,22.0,55.0,67.0,1.0,170.0,92.0,203.0,135.0,137.0,19.0,2.0,149.0,98.78,207.0,115.5,157.0,0.0,97.0,-5.2,2.0,202.0,115.0,191.0,142.0,129.0,199.0,203.0,157.0,190.0,3.0,192.0,136.0,110.3,127.0,177.0,115.0,129.0,15.0,129.0,134.0,129.0,199.0,176.0,188.0,23.0,0.0,,,,G,NOP,0.286,0.084,0.714,0.087,3.0,0.714,5.0,0.6,0.584,0.016,0.043,0.714,,,,,,,,,,,,,,,,,,,,,,,,,,,,,,,,0.0,,71.0,0.0,0.0,,28.18,10769.0,100.0,,,,,,,,,3.0,5.0,0.6,0.594,0.006,,1610612749.0,NOP,MIL,NOP,MIL,,,,,,,,,,,,,,,,,,,
203901,Elfrid Payton,1610612740,NOP,31.0,23.216666666666665,0,3,0.0,0,1,0.0,3,4,0.75,1,5,6,10,3,2,1,0,1,2,3,14,90.45,3.33,0.138,0.315,16.7,53,0.138,26.4,115.1,108.54,55.6,0.2,0.435,0.125,0.0,0.043,116.7,107.84,90.3,90.4,16.9,24.7,0.128,49.0,0.265,48.0,0.204,17.0,1.0,13.0,2.0,26.0,0.143,1.0,1.0,1.0,2.0,0.143,0.0,3.0,7.0,0.0,2.0,0.429,0.143,0.0,1.0,0.5,0.0,0.0,0.051,0.0,5.0,4.8,59.0,0.0,0.0,0.0,24.0,4.9,0.0,1.0,11.6,1.0,1.0,0.667,0.2,1.0,9.0,8.1,0.6,28.7,4.0,1.0,5.0,0.625,0.556,0.167,0.0,1.0,0.0,1.0,1.0,0.0,10.0,,,,,,,,,,,,,,,2.0,0.0,0.0,0.0,0.0,0.0,0.0,2.0,0.0,0.667,0.0,0.667,1.0,0.333,1.0,0.0,0.0,0.0,0.333,0.0,0.0,0.0,0.0,0.0,,,,,,,,,,,,,,,0.0,0.0,0.0,0.0,0.0,1.0,3.0,0.0,0.0,0.0,0.0,0.0,0.0,0.0,0.0,0.0,0.0,0.0,0.0,0.0,0.0,0.0,0.0,0.0,0.0,0.0,0.0,1.0,0.0,0.0,0.0,0.0,0.0,2.0,0.0,0.0,0.0,0.0,0.0,0.0,0.0,-0.098,0.626,0.372,29.0,0.527,55.0,0.0,1.0,,0.0,0.0,0.0,0.0,,1.0,0.0,0.0,0.0,0.0,0.0,0.0,0.0,0.0,0.0,0.0,1.0,0.0,0.0,,0.0,0.0,0.0,0.0,,0.0,,0.0,0.0,0.0,2025,22401150,,2.0,7.0,0.286,0.372,-0.086,1.0,4.0,0.25,0.295,1.0,3.0,0.333,0.571,1.0,2.0,0.5,0.639,,,,,0.0,0.0,0.0,0.0,0.0,0.0,0.0,0.0,0.0,0.0,0.0,0.0,0.0,0.0,20250408.0,2024-25,False,BKN,3.0,2.0,1.0,4.0,0.0,0.0,0.0,0.0,0.0,0.0,0.0,0.0,0.0,1.0,1.0,1.0,1.0,0.0,1.0,1.0,1.0,,0.398,,,-0.112,0.89,0.85,4.06,4.47,1.74,3.68,Elfrid,1.0,0.0,1.0,0.0,31.2,0.0,0.0,25.0,1.0,118.0,118.0,118.0,106.0,196.0,180.0,196.0,144.0,158.0,144.0,39.0,34.0,62.0,59.0,32.0,42.0,2.0,15.0,18.0,18.0,1.0,61.0,58.0,172.0,26.0,44.0,18.0,2.0,68.0,108.54,167.0,90.4,30.0,0.0,88.0,24.7,5.0,160.0,117.0,188.0,27.0,28.0,196.0,186.0,30.0,45.0,3.0,181.0,48.0,115.1,29.0,180.0,117.0,49.0,7.0,49.0,106.0,28.0,196.0,53.0,63.0,15.0,3.0,,,,G,NOP,0.571,-0.045,0.429,-0.237,1.0,0.286,2.0,0.5,0.714,-0.214,-0.139,0.286,,,,,,,,,,,,,,,,,,,,,,,,,,,,,,,,0.0,,59.0,0.0,0.0,,23.22,9197.0,103.0,,,,,,,,,1.0,2.0,0.5,0.591,-0.091,,1610612751.0,BKN,NOP,NOP,BKN,,,,,,,,,,,,,,,,,,,
203901,Elfrid Payton,1610612740,NOP,31.0,25.73333333333333,1,4,0.25,0,2,0.0,0,0,0.0,0,4,4,15,3,1,0,0,0,1,2,-17,86.27,5.0,0.121,0.25,13.6,55,0.123,-23.6,109.1,103.52,68.2,0.174,0.625,0.083,0.25,0.0,111.4,103.45,135.0,137.5,13.6,-28.4,0.112,59.0,0.254,61.0,0.254,22.0,0.0,15.0,0.0,39.0,0.0,0.0,0.0,0.0,1.0,0.0,0.429,6.0,7.0,3.0,0.0,0.857,0.0,0.0,0.0,0.0,0.0,0.0,0.027,0.0,5.55,5.78,73.0,0.0,0.0,0.0,26.0,6.8,0.0,0.0,6.2,2.0,0.0,0.8,0.5,0.0,5.0,6.2,0.8,0.0,2.0,0.0,2.0,0.8,0.8,0.5,0.0,0.0,0.0,0.0,2.0,0.0,5.0,,,,,,,,,,,,,,,1.0,0.0,0.0,0.0,0.0,0.0,0.0,1.0,0.0,0.25,0.0,0.25,1.0,0.5,2.0,1.0,1.0,0.5,0.25,0.0,0.0,0.5,0.25,1.0,1.0,,0.0,0.0,0.0,1.0,0.0,0.0,1.0,0.0,0.0,0.0,0.25,0.25,0.0,0.0,0.0,0.0,0.0,1.0,1.0,0.0,0.0,0.0,0.0,0.0,0.0,0.25,0.0,0.0,0.0,0.0,0.0,0.0,1.0,0.0,0.0,0.0,0.0,0.0,0.0,1.0,1.0,0.0,1.0,1.0,0.0,1.0,1.0,0.0,0.0,0.0,0.0,0.0,0.0,-0.099,0.625,0.37,30.0,0.526,57.0,0.0,0.0,,0.0,,,0.0,,1.0,1.0,0.0,1.0,0.0,0.0,1.0,0.0,0.0,0.0,0.0,1.0,0.0,0.0,,,0.0,1.0,0.0,0.0,1.0,0.0,1.0,0.0,0.0,2025,22401161,,3.0,6.0,0.5,0.485,0.015,2.0,4.0,0.5,0.415,1.0,2.0,0.5,0.583,1.0,2.0,0.5,0.635,,,,,0.0,0.0,0.0,0.0,0.0,0.0,0.0,0.0,0.0,0.0,0.0,0.0,0.0,0.0,20250410.0,2024-25,False,MIL,0.0,0.0,0.0,2.0,0.0,0.0,0.0,0.0,0.0,0.0,0.0,0.0,0.0,0.0,0.0,0.0,0.0,0.0,0.0,0.0,0.0,,0.487,,,0.013,1.04,0.82,4.26,4.25,1.87,3.8,Elfrid,1.0,0.0,1.0,0.0,29.3,0.0,0.0,23.0,1.0,59.0,59.0,59.0,48.0,74.0,70.0,84.0,68.0,56.0,68.0,56.0,61.0,56.0,55.0,24.0,36.0,1.0,12.0,17.0,29.0,1.0,1.0,50.0,87.0,103.0,31.0,13.0,1.0,41.0,103.52,83.0,137.5,60.0,1.0,55.0,-28.4,1.0,82.0,70.0,82.0,66.0,99.0,74.0,92.0,60.0,35.0,4.0,82.0,85.0,109.1,96.0,70.0,70.0,90.0,2.0,90.0,60.0,99.0,86.0,51.0,42.0,1.0,2.0,,,,G,NOP,0.667,0.085,0.333,-0.083,1.0,0.333,2.0,0.5,0.653,-0.153,-0.135,0.333,,,,,,,,,,,,,,,,,,,,,,,,,,,,,,,,0.0,,73.0,0.0,0.0,,25.73,9860.0,107.0,,,,,,,,,1.0,2.0,0.5,0.657,-0.157,,1610612749.0,MIL,NOP,NOP,MIL,,,,,,,,,,,,,,,,,,,
203901,Elfrid Payton,1610612740,NOP,31.0,29.28333333333333,2,8,0.25,0,0,0.0,0,0,0.0,3,7,10,13,2,0,0,1,2,1,4,-41,90.15,6.5,0.135,0.25,8.7,66,0.139,-61.8,86.4,108.18,56.5,0.241,0.684,0.145,0.25,0.075,87.9,106.81,149.7,148.5,8.7,-62.1,0.098,76.0,0.211,69.0,0.171,23.0,2.0,16.0,1.0,33.0,0.154,4.0,2.0,0.0,5.0,0.308,0.231,6.0,13.0,3.0,0.0,0.462,0.0,0.4,0.0,0.0,2.0,0.0,0.045,2.0,4.23,3.93,88.0,3.0,0.0,0.0,35.0,6.2,0.0,5.0,5.9,2.0,0.6,0.769,0.0,1.0,10.0,5.5,0.714,6.9,7.0,1.0,8.0,0.778,0.7,0.2,0.0,1.0,0.667,0.6,0.0,2.0,14.0,,,,,,,,,,,,,,,3.0,0.0,0.0,0.0,0.333,1.0,0.333,3.0,1.0,0.375,0.333,0.375,0.0,0.625,5.0,5.0,1.0,0.2,0.0,,0.0,0.2,0.625,1.0,0.2,,,,,,,,,,,,,,0.2,,2.0,0.2,,,5.0,1.0,0.0,0.0,0.0,0.0,0.0,0.25,0.0,0.0,0.0,1.0,0.0,0.0,1.0,0.0,0.143,0.0,0.0,0.0,0.0,0.0,0.0,0.0,0.0,1.0,0.0,7.0,1.0,0.0,0.0,0.0,0.0,0.0,0.0,-0.063,0.619,0.373,35.0,0.556,63.0,1.0,3.0,0.0,0.0,,,0.0,0.0,4.0,0.0,0.333,1.0,0.0,0.0,1.0,0.0,0.0,0.0,0.0,0.0,0.0,0.0,0.0,,0.0,1.0,0.0,,0.0,,,,0.0,2025,22401177,,9.0,15.0,0.6,0.451,0.149,1.0,5.0,0.2,0.403,8.0,10.0,0.8,0.525,7.0,9.0,0.778,0.553,,,,,0.0,0.0,0.0,0.0,0.0,0.0,0.0,0.0,0.0,0.0,0.0,0.0,0.0,0.0,20250411.0,2024-25,False,MIA,3.0,2.0,1.0,1.0,0.0,0.0,0.0,0.0,0.0,0.0,0.0,0.0,0.0,0.0,0.0,0.0,0.0,0.0,0.0,0.0,0.0,,0.452,,,0.148,1.19,1.01,4.24,4.65,2.2,3.84,Elfrid,1.0,0.0,1.0,0.0,33.5,1.0,0.0,27.0,1.0,172.0,172.0,172.0,107.0,210.0,154.0,243.0,190.0,253.0,190.0,156.0,163.0,156.0,18.0,28.0,26.0,2.0,54.0,178.0,95.0,211.0,158.0,138.0,233.0,307.0,59.0,1.0,6.0,99.0,108.18,236.0,148.5,65.0,2.0,63.0,-62.1,6.0,235.0,275.0,163.0,96.0,299.0,210.0,266.0,65.0,46.0,8.0,163.0,295.0,86.4,297.0,154.0,275.0,295.0,5.0,295.0,274.0,299.0,254.0,53.0,148.0,3.0,4.0,,,,G,NOP,0.333,-0.203,0.667,0.275,5.0,0.4,6.0,0.833,0.595,0.238,0.224,0.6,,,,,,,,,,,,,,,,,,,,,,,,,,,,,,,,0.0,,88.0,0.0,0.0,,29.28,11590.0,106.0,,,,,,,,,5.0,6.0,0.833,0.593,0.24,,1610612748.0,NOP,MIA,NOP,MIA,,,,,,,,,,,,,,,,,,,
203901,Elfrid Payton,1610612740,NOP,31.0,17.516666666666666,1,5,0.2,1,1,1.0,0,0,0.0,1,1,2,3,0,0,1,1,1,0,3,-13,83.35,0.0,0.122,0.3,0.0,36,0.119,-31.4,94.4,100.02,37.5,0.045,0.273,0.047,0.3,0.048,92.0,102.81,123.4,127.0,0.0,-32.6,0.044,36.0,0.111,35.0,0.083,6.0,0.0,4.0,1.0,7.0,0.0,0.0,0.0,0.0,3.0,0.0,0.167,3.0,6.0,1.0,0.0,0.5,0.0,0.0,0.0,0.0,0.0,0.0,0.073,0.0,4.65,3.98,41.0,1.0,0.0,0.0,14.0,3.2,0.0,2.0,8.8,0.0,0.5,0.5,0.0,1.0,2.0,6.9,0.5,10.6,1.0,0.0,2.0,0.5,0.5,0.0,0.0,0.0,0.0,0.5,0.0,0.0,4.0,,,,,,,,,,,,,,,2.0,0.0,0.0,0.0,0.0,0.0,0.0,2.0,0.0,0.4,0.0,0.4,0.0,0.4,2.0,2.0,0.0,0.0,0.0,,0.0,0.0,0.4,0.0,0.0,,1.0,1.0,0.0,1.0,1.5,1.0,1.0,0.0,1.0,0.0,0.2,0.2,0.0,0.0,0.0,0.0,,0.0,2.0,0.0,3.0,1.0,0.0,0.0,0.0,0.3,0.0,0.0,0.0,0.0,0.0,1.0,0.0,1.0,0.0,0.0,0.0,0.0,0.0,1.0,0.0,0.0,0.0,0.0,0.0,4.0,0.0,0.0,0.0,0.0,0.0,0.0,0.0,-0.04,0.622,0.376,39.0,0.582,67.0,0.0,2.0,,0.0,,,0.0,,2.0,0.0,0.0,0.0,0.0,0.0,0.0,1.0,0.0,0.0,0.0,1.0,0.0,0.0,,,0.0,0.0,1.0,1.5,1.0,1.0,1.0,1.0,1.0,2025,22401196,,5.0,9.0,0.556,0.453,0.102,0.0,3.0,0.0,0.394,5.0,6.0,0.833,0.585,5.0,6.0,0.833,0.605,,,,,0.0,0.0,0.0,0.0,0.0,0.0,0.0,0.0,0.0,0.0,0.0,0.0,0.0,0.0,20250413.0,2024-25,False,OKC,2.0,1.0,1.0,1.0,0.0,0.0,0.0,0.0,0.0,0.0,0.0,0.0,0.0,0.0,0.0,0.0,0.0,0.0,0.0,0.0,0.0,,0.45,,,0.106,0.68,0.51,3.86,4.21,1.19,3.45,Elfrid,1.0,0.0,1.0,0.0,12.9,0.0,0.0,11.0,1.0,153.0,153.0,153.0,215.0,235.0,210.0,257.0,103.0,210.0,1.0,155.0,168.0,155.0,96.0,218.0,203.0,92.0,196.0,149.0,28.0,194.0,73.0,207.0,248.0,248.0,220.0,32.0,2.0,233.0,100.02,254.0,127.0,148.0,1.0,110.0,-32.6,25.0,243.0,237.0,1.0,103.0,246.0,235.0,252.0,148.0,244.0,5.0,1.0,262.0,94.4,232.0,210.0,237.0,263.0,51.0,263.0,241.0,246.0,239.0,226.0,231.0,172.0,3.0,,,,G,NOP,0.333,-0.394,0.667,0.248,4.0,0.444,4.0,1.0,0.663,0.337,0.229,0.667,,,,,,,,,,,,,,,,,,,,,,,,,,,,,,,,0.0,,41.0,0.0,0.0,,17.52,6288.0,101.0,,,,,,,,,4.0,4.0,1.0,0.666,0.334,,1610612760.0,NOP,OKC,NOP,OKC,,,,,,,,,,,,,,,,,,,
203901,Elfrid Payton,1610612753,ORL,23.0,37.5,4,12,0.333,0,2,0.0,8,8,1.0,2,2,4,5,4,0,2,4,1,3,16,-4,78.93,1.25,0.222,0.515,16.0,74,0.218,-2.2,104.1,94.72,20.0,0.0,0.208,0.0,0.333,0.044,100.8,99.17,103.1,109.5,16.3,-5.4,0.092,62.0,0.113,74.0,0.081,9.0,1.0,7.0,1.0,12.0,0.071,2.0,1.0,1.0,6.0,0.143,0.214,3.0,14.0,3.0,2.0,0.214,0.071,0.0,2.0,1.0,0.0,0.0,0.193,2.0,4.68,4.45,83.0,2.0,0.0,2.0,24.0,6.5,2.0,6.0,8.6,1.0,0.333,0.4,0.0,1.0,5.0,8.7,0.364,8.5,2.0,1.0,3.0,0.5,0.4,0.25,0.0,1.0,0.5,0.333,0.0,1.0,11.0,0.0,,0.0,2.0,0.167,0.167,0.0,2.0,0.0,0.0,0.0,0.0,0.0,,6.0,0.0,0.0,0.0,0.333,2.0,0.333,6.0,2.0,0.5,0.333,0.5,1.0,0.167,2.0,1.0,1.0,0.5,0.083,0.0,0.0,0.5,0.083,1.0,1.0,1.0,0.5,0.0,1.0,1.0,0.5,0.0,2.0,0.083,1.0,1.0,0.167,0.083,1.0,0.0,4.0,1.0,,0.0,2.0,2.0,0.0,0.0,4.0,1.0,1.0,0.333,0.0,0.0,4.0,2.0,0.0,0.0,1.0,0.0,0.5,0.0,1.0,,0.0,1.0,1.0,0.0,1.0,0.2,,4.0,5.0,0.0,,1.0,0.0,0.0,1.0,,,,,,,0.0,2.0,,1.0,0.0,0.0,0.0,,1.0,1.0,0.0,0.333,1.0,0.0,2.0,0.0,1.0,1.0,0.0,1.0,0.0,0.0,,0.0,1.0,6.0,0.0,0.0,1.0,0.0,1.0,0.0,0.0,2017,21600004,,7.0,15.0,0.467,0.457,0.01,0.0,3.0,0.0,0.397,7.0,12.0,0.583,0.483,4.0,5.0,0.8,0.551,2.0,6.0,0.333,0.388,,,,,,,,,,,,,,,20161026.0,2016-17,False,MIA,11.0,8.0,3.0,0.0,0.0,0.0,0.0,0.0,0.0,1.0,0.0,0.0,0.0,0.0,0.0,0.0,0.0,0.0,0.0,0.0,0.0,,,,,,1.4,1.4,4.32,4.77,2.7,4.23,Elfrid,1.0,0.0,1.0,0.0,30.3,0.0,0.0,29.0,1.0,104.0,104.0,104.0,14.0,78.0,51.0,135.0,85.0,77.0,85.0,9.0,9.0,1.0,28.0,116.0,90.0,24.0,6.0,96.0,11.0,211.0,27.0,46.0,45.0,139.0,54.0,17.0,1.0,55.0,94.72,66.0,109.5,179.0,4.0,37.0,-5.4,67.0,57.0,111.0,177.0,134.0,135.0,78.0,96.0,179.0,104.0,12.0,174.0,116.0,104.1,102.0,51.0,111.0,127.0,50.0,127.0,120.0,135.0,143.0,58.0,99.0,65.0,16.0,,,1.0,,ORL,,-0.397,,0.1,4.0,,5.0,0.8,0.602,0.198,0.249,,,,,,,,,,,,,,,,,,,,,,,,,,,,,,,,,,,,,,,,14444.0,94.0,,,,,,,,,,,,,,,1610612748.0,ORL,MIA,ORL,MIA,,,1.0,,-0.055,,,,,,,,,,,,,,
203901,Elfrid Payton,1610612753,ORL,23.0,27.616666666666667,6,13,0.462,1,4,0.25,2,2,1.0,1,4,5,6,3,2,0,0,0,2,15,-16,84.01,2.0,0.262,0.54,13.0,59,0.26,-23.2,74.6,100.81,26.1,0.0,0.5,0.0,0.5,0.029,74.6,104.53,97.8,105.3,13.1,-30.7,0.177,56.0,0.125,68.0,0.107,13.0,0.0,7.0,1.0,13.0,0.4,0.0,2.0,0.0,0.0,0.0,0.0,3.0,5.0,0.0,0.0,0.6,0.0,0.0,0.0,0.0,0.0,0.0,0.197,0.0,3.84,3.39,76.0,2.0,0.0,0.0,28.0,4.9,1.0,5.0,8.2,1.0,0.2,0.455,0.0,0.0,6.0,9.4,0.455,3.3,4.0,0.0,4.0,0.667,0.667,0.2,0.0,0.0,1.0,0.2,0.0,1.0,11.0,0.0,,0.0,2.0,0.154,0.154,1.0,2.0,0.0,0.5,0.5,1.0,0.5,,4.0,0.0,0.0,0.0,0.75,3.0,0.75,4.0,3.0,0.308,0.75,0.308,2.0,0.308,4.0,2.0,1.0,0.625,0.154,0.5,1.0,0.5,0.154,2.0,0.5,0.0,0.0,0.0,1.0,2.0,0.0,0.0,3.0,0.077,0.0,0.0,0.231,0.154,0.333,0.0,2.0,0.333,0.0,1.0,3.0,1.0,3.0,0.25,0.0,0.0,0.0,0.5,0.0,0.0,2.0,2.0,0.0,0.25,3.0,1.0,1.0,0.0,2.0,0.0,0.0,4.0,0.0,0.0,0.0,0.6,0.0,2.0,5.0,0.0,0.0,0.0,0.0,0.0,0.0,,,,,,,2.0,2.0,0.0,0.0,,,1.0,0.0,0.0,4.0,1.0,0.6,0.0,0.0,3.0,0.0,0.0,0.0,0.0,0.0,0.0,0.25,0.0,,2.0,5.0,0.0,0.375,4.0,0.333,3.0,1.0,1.0,2017,21600020,,2.0,6.0,0.333,0.451,-0.117,,,,,2.0,6.0,0.333,0.478,2.0,5.0,0.4,0.511,0.0,1.0,0.0,0.376,,,,,,,,,,,,,,,20161028.0,2016-17,False,DET,2.0,2.0,0.0,4.0,0.0,0.0,0.0,0.0,0.0,2.0,0.0,0.0,0.0,0.0,0.0,0.0,0.0,0.0,0.0,0.0,0.0,,,,,,1.1,1.0,4.35,4.88,2.0,4.25,Elfrid,1.0,0.0,1.0,0.0,33.0,0.0,0.0,31.0,1.0,87.0,87.0,87.0,64.0,28.0,34.0,61.0,37.0,36.0,59.0,44.0,49.0,1.0,48.0,47.0,55.0,11.0,18.0,8.0,48.0,1.0,1.0,51.0,35.0,164.0,30.0,15.0,2.0,31.0,100.81,29.0,105.3,70.0,6.0,39.0,-30.7,35.0,26.0,154.0,110.0,55.0,121.0,28.0,71.0,70.0,90.0,13.0,109.0,143.0,74.6,88.0,34.0,154.0,150.0,3.0,150.0,152.0,121.0,59.0,57.0,34.0,18.0,15.0,,,1.0,,ORL,,,,-0.144,2.0,,2.0,1.0,0.586,0.414,-0.111,,,,,,,,,,,,,,,,,,,,,,,,,,,,,,,,,,,,,,,,10813.0,95.0,,,,,,,,,,,,,,,1610612765.0,DET,ORL,ORL,DET,,,1.0,,-0.376,,,,,,,,,,,,,,
203901,Elfrid Payton,1610612753,ORL,23.0,34.28333333333333,5,11,0.455,0,2,0.0,0,2,0.0,0,4,4,5,0,0,1,2,3,2,10,-9,79.34,0.0,0.154,0.421,0.0,68,0.154,-19.2,102.9,95.21,29.4,0.0,0.208,0.0,0.455,0.0,96.7,98.34,116.0,116.2,0.0,-13.2,0.077,48.0,0.125,51.0,0.104,11.0,0.0,6.0,1.0,13.0,0.0,4.0,0.0,0.0,3.0,1.0,0.0,1.0,4.0,0.0,0.0,0.25,0.0,0.667,0.0,0.0,2.0,1.0,0.161,0.0,4.48,3.98,62.0,1.0,2.0,0.0,23.0,4.6,0.0,4.0,12.1,0.0,0.0,0.333,0.0,0.0,8.0,12.1,0.333,0.0,4.0,0.0,4.0,0.5,0.5,0.0,0.0,0.0,0.0,0.0,0.0,0.0,12.0,0.0,,0.0,3.0,0.273,0.273,1.0,3.0,0.0,0.333,0.333,1.0,0.333,,2.0,0.0,0.0,0.0,0.5,1.0,0.5,2.0,1.0,0.182,0.5,0.182,1.0,0.364,4.0,3.0,2.0,0.5,0.091,0.0,0.0,0.5,0.273,2.0,0.667,1.0,0.5,0.0,1.0,1.0,0.5,0.0,2.0,0.091,1.0,1.0,0.182,0.091,0.5,0.0,4.0,0.5,0.0,1.0,4.0,2.0,2.0,0.333,0.0,0.0,0.0,0.455,2.0,0.0,0.0,2.0,0.0,0.0,2.0,0.0,1.0,0.0,3.0,0.0,0.0,2.0,0.0,0.0,0.0,0.5,0.0,2.0,4.0,0.0,0.0,1.0,0.0,0.0,0.333,,,,,,,1.0,1.0,,1.0,,,0.0,,1.0,1.0,1.0,0.5,1.0,0.0,2.0,0.0,1.0,0.333,0.0,1.0,0.0,0.0,,,3.0,4.0,0.0,0.0,2.0,0.0,1.0,0.0,0.0,2017,21600029,,10.0,22.0,0.455,0.456,-0.001,4.0,9.0,0.444,0.383,6.0,13.0,0.462,0.521,2.0,6.0,0.333,0.548,8.0,15.0,0.533,0.394,,,,,,,,,,,,,,,20161029.0,2016-17,False,CLE,14.0,7.0,7.0,0.0,0.0,0.0,0.0,0.0,0.0,0.0,0.0,0.0,0.0,0.0,0.0,0.0,0.0,0.0,0.0,0.0,0.0,,,,,,1.2,1.2,4.21,4.91,2.4,3.68,Elfrid,1.0,0.0,1.0,0.0,25.3,0.0,0.0,21.0,1.0,103.0,103.0,103.0,21.0,38.0,40.0,91.0,84.0,73.0,84.0,110.0,62.0,110.0,93.0,42.0,69.0,14.0,129.0,92.0,27.0,184.0,133.0,60.0,77.0,148.0,60.0,10.0,1.0,75.0,95.21,142.0,116.2,141.0,5.0,48.0,-13.2,30.0,138.0,97.0,1.0,111.0,148.0,38.0,130.0,141.0,104.0,11.0,1.0,147.0,102.9,157.0,40.0,97.0,135.0,51.0,135.0,125.0,148.0,104.0,63.0,117.0,103.0,10.0,,,1.0,,ORL,,0.061,,-0.059,1.0,,4.0,0.25,0.58,-0.33,-0.214,,,,,,,,,,,,,,,,,,,,,,,,,,,,,,,,,,,,,,,,12639.0,96.0,,,,,,,,,,,,,,,1610612739.0,CLE,ORL,ORL,CLE,,,1.0,,0.139,,,,,,,,,,,,,,
203901,Elfrid Payton,1610612753,ORL,23.0,38.15,8,17,0.471,1,3,0.333,1,3,0.333,0,3,3,10,2,2,1,0,0,6,18,19,78.64,5.0,0.233,0.491,6.7,75,0.233,22.4,118.7,94.36,33.3,0.081,0.357,0.039,0.5,0.0,111.2,99.95,88.8,93.3,6.6,25.3,0.135,57.0,0.211,75.0,0.175,18.0,1.0,12.0,1.0,24.0,0.0,7.0,0.0,1.0,5.0,0.438,0.188,6.0,16.0,3.0,2.0,0.375,0.063,0.6,1.0,0.5,3.0,0.0,0.217,1.0,4.69,4.6,83.0,0.0,0.0,0.0,33.0,6.5,0.0,2.0,8.3,0.0,0.0,0.333,0.0,0.0,8.0,8.3,0.3,0.0,3.0,1.0,3.0,0.429,0.375,0.0,0.0,1.0,0.0,0.0,0.0,0.0,10.0,0.0,,0.0,3.0,0.176,0.176,1.0,3.0,0.0,0.333,0.333,1.0,0.333,,6.0,0.0,0.0,0.0,0.667,4.0,0.667,6.0,4.0,0.353,0.667,0.353,1.0,0.235,4.0,3.0,1.0,0.25,0.059,0.0,0.0,0.25,0.176,1.0,0.333,0.5,0.5,1.0,2.0,2.0,0.625,0.5,4.0,0.118,2.0,1.0,0.235,0.118,0.333,0.0,4.0,0.333,,0.0,6.0,2.0,3.0,0.333,0.0,0.0,0.0,0.5,0.0,0.0,0.0,1.0,0.0,0.333,5.0,1.0,0.333,0.0,5.0,0.0,0.0,3.0,0.0,0.0,0.0,0.833,0.0,3.0,6.0,0.0,0.0,1.0,0.0,0.0,0.2,,,,,,,1.0,3.0,,0.0,0.0,0.0,1.0,,0.0,2.0,0.333,0.833,1.0,0.0,5.0,0.0,0.0,0.25,0.0,2.0,0.0,0.5,,0.0,4.0,6.0,0.0,0.5,3.0,0.333,3.0,1.0,1.0,2017,21600046,,8.0,13.0,0.615,0.425,0.19,2.0,5.0,0.4,0.353,6.0,8.0,0.75,0.477,4.0,6.0,0.667,0.563,3.0,6.0,0.5,0.345,,,,,,,,,,,,,,,20161101.0,2016-17,False,PHI,7.0,4.0,3.0,6.0,0.0,0.0,0.0,0.0,0.0,1.0,0.0,0.0,0.0,0.0,0.0,0.0,0.0,0.0,0.0,0.0,0.0,,,,,,1.5,1.4,4.57,4.86,2.9,4.3,Elfrid,1.0,1.0,0.0,1.0,43.6,1.0,0.0,38.0,1.0,1.0,1.0,1.0,8.0,15.0,11.0,87.0,52.0,57.0,57.0,76.0,50.0,100.0,94.0,70.0,92.0,3.0,35.0,17.0,22.0,1.0,1.0,7.0,34.0,12.0,11.0,1.0,1.0,18.0,94.36,48.0,93.3,159.0,8.0,62.0,25.3,29.0,48.0,42.0,81.0,93.0,47.0,15.0,115.0,159.0,68.0,17.0,79.0,30.0,118.7,40.0,11.0,42.0,26.0,16.0,26.0,69.0,47.0,80.0,44.0,54.0,7.0,18.0,,,1.0,,ORL,,0.047,,0.273,3.0,,4.0,0.75,0.614,0.136,0.103,,,,,,,,,,,,,,,,,,,,,,,,,,,,,,,,,,,,,,,,15088.0,93.0,,,,,,,,,,,,,,,1610612755.0,PHI,ORL,ORL,PHI,,,1.0,,0.155,,,,,,,,,,,,,,
203901,Elfrid Payton,1610612753,ORL,23.0,33.58,3,13,0.231,0,5,0.0,0,1,0.0,0,3,3,11,1,0,0,1,1,2,6,9,74.45,11.0,0.182,0.223,4.0,63,0.189,5.1,122.2,89.34,44.0,0.0,0.423,0.0,0.231,0.0,114.5,92.48,109.4,109.7,3.9,12.5,0.059,68.0,0.191,79.0,0.162,18.0,1.0,13.0,1.0,24.0,0.071,2.0,1.0,0.0,4.0,0.143,0.357,4.0,14.0,5.0,0.0,0.286,0.0,0.25,0.0,0.0,1.0,1.0,0.071,2.0,5.21,5.01,85.0,2.0,0.0,1.0,31.0,7.4,0.0,5.0,13.2,1.0,0.0,0.273,0.333,0.0,6.0,13.2,0.273,0.0,2.0,0.0,2.0,0.5,0.5,0.333,0.0,0.0,0.0,0.0,1.0,0.0,11.0,0.0,,0.0,3.0,0.231,0.231,2.0,3.0,0.0,0.667,0.667,2.0,0.667,0.0,5.0,0.0,2.0,0.154,0.0,0.0,0.0,3.0,0.0,0.385,0.0,0.231,1.0,0.231,3.0,2.0,1.0,0.333,0.077,0.0,0.0,0.333,0.154,1.0,0.5,,0.0,0.0,0.0,2.0,0.0,0.0,2.0,0.0,0.0,0.0,0.154,0.154,,0.0,0.0,,,0.0,0.0,0.0,0.0,0.0,2.0,0.0,0.0,0.231,0.0,0.0,0.0,0.0,0.0,0.0,3.0,0.0,0.0,0.0,1.0,0.0,0.0,3.0,1.0,0.0,1.0,0.429,0.0,0.0,7.0,0.0,0.0,0.0,0.0,1.0,0.0,,,,,,,0.0,0.0,,0.0,,,0.0,,1.0,3.0,0.0,0.429,0.0,1.0,3.0,0.0,0.0,0.0,0.0,1.0,0.0,0.0,,,0.0,7.0,0.0,0.0,5.0,0.0,5.0,0.0,0.0,2017,21600065,,4.0,8.0,0.5,0.451,0.049,2.0,4.0,0.5,0.346,2.0,4.0,0.5,0.493,2.0,3.0,0.667,0.554,2.0,5.0,0.4,0.354,,,,,,,,,,,,,,,20161103.0,2016-17,False,SAC,4.0,1.0,3.0,1.0,0.0,0.0,0.0,0.0,0.0,1.0,0.0,0.0,0.0,0.0,0.0,0.0,0.0,0.0,0.0,0.0,0.0,,,,,,1.2,1.1,4.11,4.43,2.3,3.83,Elfrid,1.0,1.0,0.0,1.0,25.1,0.0,0.0,20.0,1.0,1.0,1.0,1.0,18.0,48.0,19.0,83.0,50.0,18.0,50.0,56.0,53.0,56.0,61.0,33.0,44.0,2.0,39.0,51.0,37.0,81.0,26.0,33.0,58.0,16.0,38.0,9.0,1.0,50.0,89.34,51.0,109.7,109.0,3.0,37.0,12.5,10.0,53.0,28.0,41.0,102.0,53.0,48.0,92.0,109.0,56.0,13.0,40.0,42.0,122.2,55.0,19.0,28.0,28.0,7.0,28.0,44.0,53.0,85.0,30.0,69.0,1.0,6.0,,,1.0,,ORL,,0.155,,0.007,1.0,,2.0,0.5,0.601,-0.101,0.113,,,,,,,,,,,,,,,,,,,,,,,,,,,,,,,,,,,,,,,,12130.0,90.0,,,,,,,,,,,,,,,1610612758.0,ORL,SAC,ORL,SAC,,,1.0,,0.046,,,,,,,,,,,,,,
203901,Elfrid Payton,1610612753,ORL,23.0,28.5,2,8,0.25,1,3,0.333,1,2,0.5,1,0,1,3,2,0,0,2,2,3,6,-13,70.88,1.5,0.19,0.338,14.3,50,0.19,-21.9,88.0,85.05,21.4,0.0,0.231,0.0,0.313,0.0,86.0,87.58,107.9,111.8,14.4,-23.8,-0.02,54.0,0.056,63.0,0.056,11.0,0.0,3.0,0.0,8.0,0.1,0.0,1.0,0.0,2.0,0.0,0.1,6.0,10.0,1.0,0.0,0.6,0.0,0.0,0.0,0.0,0.0,0.0,0.09,0.0,5.64,5.4,67.0,1.0,0.0,0.0,23.0,6.3,0.0,3.0,6.4,1.0,0.333,0.2,0.0,0.0,2.0,0.0,0.2,6.4,0.0,0.0,0.0,0.0,0.0,1.0,0.0,0.0,1.0,0.333,0.0,1.0,5.0,0.0,,0.0,2.0,0.25,0.25,0.0,2.0,0.0,0.0,0.0,0.0,0.0,,1.0,0.0,0.0,0.0,0.0,0.0,0.0,1.0,0.0,0.125,0.0,0.125,1.0,0.375,3.0,2.0,1.0,0.333,0.125,0.0,0.0,0.333,0.25,1.0,0.5,,0.5,1.0,0.0,2.0,0.75,0.5,2.0,0.0,1.0,0.0,0.25,0.25,0.5,0.0,2.0,0.5,,0.0,2.0,1.0,3.0,0.333,0.0,0.0,0.0,0.313,0.0,0.0,0.0,0.0,0.0,0.5,0.0,1.0,0.0,0.0,2.0,0.0,0.0,2.0,1.0,0.0,0.0,0.0,0.0,1.0,2.0,0.0,1.0,1.0,0.0,0.0,0.5,,,,,,,0.0,0.0,,0.0,0.0,0.0,1.0,,0.0,1.0,0.0,0.0,0.0,0.0,0.0,1.0,0.0,0.0,0.0,3.0,0.0,1.0,,0.0,1.0,3.0,0.333,0.5,3.0,0.333,3.0,1.0,1.0,2017,21600081,,5.0,7.0,0.714,0.45,0.264,0.0,1.0,0.0,0.386,5.0,6.0,0.833,0.505,3.0,3.0,1.0,0.482,1.0,3.0,0.333,0.428,,,,,,,,,,,,,,,20161105.0,2016-17,False,WAS,4.0,4.0,0.0,2.0,0.0,0.0,0.0,0.0,0.0,1.0,0.0,0.0,0.0,0.0,0.0,0.0,0.0,0.0,0.0,0.0,0.0,,,,,,1.0,1.0,4.21,4.14,2.0,4.28,Elfrid,1.0,1.0,0.0,1.0,9.7,0.0,0.0,11.0,1.0,1.0,1.0,1.0,37.0,104.0,69.0,136.0,38.0,48.0,54.0,60.0,41.0,67.0,47.0,158.0,136.0,30.0,26.0,87.0,66.0,166.0,105.0,25.0,100.0,159.0,139.0,12.0,1.0,125.0,85.05,95.0,111.8,187.0,2.0,54.0,-23.8,47.0,88.0,138.0,131.0,183.0,121.0,104.0,138.0,187.0,80.0,8.0,128.0,127.0,88.0,106.0,69.0,138.0,133.0,34.0,133.0,147.0,121.0,132.0,47.0,167.0,37.0,6.0,,,1.0,,ORL,,-0.386,,0.328,1.0,,1.0,1.0,0.492,0.508,0.518,,,,,,,,,,,,,,,,,,,,,,,,,,,,,,,,,,,,,,,,10637.0,87.0,,,,,,,,,,,,,,,1610612764.0,ORL,WAS,ORL,WAS,,,1.0,,-0.094,,,,,,,,,,,,,,
203901,Elfrid Payton,1610612753,ORL,23.0,18.54,2,3,0.667,0,0,0.0,0,0,0.0,0,0,0,6,3,1,1,0,3,1,4,-3,80.91,2.0,0.154,0.667,25.0,38,0.155,-9.9,113.2,97.09,50.0,0.0,0.353,0.0,0.667,0.0,113.9,96.98,123.8,124.3,25.0,-11.2,0.048,33.0,0.242,36.0,0.182,8.0,1.0,8.0,1.0,14.0,0.5,0.0,1.0,0.0,0.0,0.0,0.5,0.0,2.0,1.0,0.0,0.0,0.0,0.0,0.0,0.0,0.0,0.0,0.1,0.0,4.35,4.85,40.0,0.0,0.0,0.0,8.0,2.9,0.0,,,,,,,,,,,,,,,,,,,,,,,,,0.0,,0.0,1.0,0.333,0.333,1.0,1.0,0.0,1.0,1.0,1.0,1.0,,1.0,0.0,0.0,0.0,1.0,1.0,1.0,1.0,1.0,0.333,1.0,0.333,,,,,,,,,,,,,,0.0,0.0,0.0,1.0,0.0,0.0,,1.0,0.333,0.0,0.0,0.333,0.0,0.0,,0.0,0.0,,,1.0,0.0,0.0,0.0,0.0,0.0,0.0,0.667,0.0,0.0,0.0,0.0,0.0,0.0,2.0,0.0,0.0,0.0,1.0,0.0,0.0,0.0,0.0,0.0,0.0,1.0,0.0,0.0,2.0,0.0,0.0,0.0,0.0,0.0,0.0,,,,,,,0.0,0.0,,0.0,0.0,0.0,0.0,,0.0,0.0,0.0,1.0,0.0,0.0,2.0,0.0,0.0,0.0,0.0,0.0,0.0,0.0,,0.0,1.0,2.0,0.0,,0.0,,,,0.0,2017,21600096,,4.0,8.0,0.5,0.425,0.075,,,,,4.0,8.0,0.5,0.454,4.0,7.0,0.571,0.52,0.0,1.0,0.0,0.374,,,,,,,,,,,,,,,20161107.0,2016-17,False,CHI,4.0,4.0,0.0,2.0,0.0,0.0,0.0,0.0,0.0,0.0,0.0,0.0,0.0,0.0,0.0,0.0,0.0,0.0,0.0,0.0,0.0,,,,,,0.7,0.7,4.55,5.5,1.4,3.87,Elfrid,1.0,0.0,1.0,0.0,16.0,0.0,0.0,14.0,1.0,80.0,80.0,80.0,104.0,90.0,125.0,18.0,73.0,106.0,73.0,85.0,89.0,85.0,79.0,146.0,152.0,13.0,12.0,33.0,15.0,1.0,128.0,65.0,109.0,92.0,85.0,16.0,1.0,92.0,97.09,107.0,124.3,89.0,2.0,28.0,-11.2,6.0,104.0,45.0,145.0,82.0,138.0,90.0,36.0,89.0,46.0,3.0,144.0,90.0,113.2,134.0,125.0,45.0,99.0,19.0,99.0,41.0,138.0,34.0,17.0,114.0,24.0,4.0,,,1.0,,ORL,,,,0.046,3.0,,3.0,1.0,0.556,0.444,0.052,,,,,,,,,,,,,,,,,,,,,,,,,,,,,,,,,,,,,,,,7363.0,96.0,,,,,,,,,,,,,,,1610612741.0,CHI,ORL,ORL,CHI,,,1.0,,-0.374,,,,,,,,,,,,,,
203901,Elfrid Payton,1610612753,ORL,23.0,26.606666666666666,8,14,0.571,1,3,0.333,1,1,1.0,0,3,3,7,1,1,0,1,1,1,18,0,76.67,7.0,0.25,0.623,4.5,51,0.252,-0.8,135.3,92.01,31.8,0.111,0.368,0.057,0.607,0.0,127.1,97.64,127.9,135.3,4.5,0.0,0.156,47.0,0.213,57.0,0.149,14.0,1.0,10.0,2.0,17.0,0.0,2.0,0.0,0.0,3.0,0.182,0.273,5.0,11.0,3.0,0.0,0.455,0.0,0.333,0.0,0.0,1.0,0.0,0.286,1.0,5.3,5.32,63.0,0.0,0.0,3.0,18.0,5.6,0.0,3.0,11.3,0.0,0.0,0.333,0.0,0.0,6.0,11.3,0.333,0.0,3.0,0.0,3.0,0.5,0.5,0.0,0.0,0.0,0.0,0.0,0.0,0.0,9.0,0.0,,0.0,3.0,0.214,0.214,2.0,3.0,0.0,0.667,0.667,2.0,0.667,,4.0,0.0,0.0,0.0,0.5,2.0,0.5,4.0,2.0,0.286,0.5,0.286,1.0,0.357,5.0,4.0,3.0,0.6,0.071,0.0,0.0,0.6,0.286,3.0,0.75,,0.5,1.0,0.0,2.0,0.75,0.5,2.0,0.0,1.0,0.0,0.143,0.143,0.333,1.0,3.0,0.5,1.0,1.0,3.0,1.0,0.0,0.0,3.0,1.0,0.0,0.607,0.0,0.0,0.0,1.0,0.0,0.5,6.0,1.0,0.333,,2.0,0.0,,2.0,1.0,,,1.0,0.0,3.0,6.0,,1.0,0.0,0.0,,0.0,,,,,,,0.0,2.0,,1.0,,,1.0,,2.0,2.0,0.0,1.0,0.0,0.0,6.0,0.0,0.5,0.0,0.0,1.0,0.0,0.5,,,1.0,6.0,0.0,0.0,2.0,0.0,2.0,0.0,0.0,2017,21600109,,1.0,4.0,0.25,0.443,-0.193,1.0,2.0,0.5,0.372,0.0,2.0,0.0,0.464,0.0,1.0,0.0,0.536,1.0,3.0,0.333,0.35,,,,,,,,,,,,,,,20161109.0,2016-17,False,MIN,3.0,2.0,1.0,2.0,0.0,0.0,0.0,0.0,0.0,0.0,0.0,0.0,0.0,0.0,0.0,0.0,0.0,0.0,0.0,0.0,0.0,,,,,,1.0,1.0,4.53,4.76,2.0,4.33,Elfrid,1.0,0.0,1.0,0.0,34.1,0.0,0.0,31.0,1.0,123.0,123.0,123.0,91.0,19.0,34.0,75.0,49.0,70.0,74.0,102.0,129.0,1.0,122.0,81.0,106.0,9.0,71.0,44.0,78.0,161.0,46.0,122.0,40.0,103.0,47.0,19.0,2.0,51.0,92.01,55.0,135.3,202.0,8.0,71.0,0.0,34.0,53.0,26.0,101.0,128.0,219.0,19.0,86.0,202.0,67.0,14.0,101.0,115.0,135.3,203.0,34.0,26.0,104.0,23.0,104.0,32.0,219.0,89.0,56.0,52.0,2.0,18.0,,,1.0,,ORL,,0.129,,-0.464,,,,,,,-0.536,,,,,,,,,,,,,,,,,,,,,,,,,,,,,,,,,,,,,,,,10540.0,93.0,,,,,,,,,,,,,,,1610612750.0,ORL,MIN,ORL,MIN,,,1.0,,-0.016,,,,,,,,,,,,,,
203901,Elfrid Payton,1610612753,ORL,23.0,23.61,1,5,0.2,0,0,0.0,0,0,0.0,1,2,3,0,1,1,1,0,4,0,2,-9,73.7,0.0,0.122,0.2,16.7,43,0.124,-20.7,74.4,88.44,0.0,0.0,0.0,0.0,0.2,0.0,75.5,86.44,96.2,93.2,16.7,-18.8,-0.051,41.0,0.024,40.0,0.0,7.0,1.0,1.0,0.0,1.0,0.0,0.0,0.0,0.0,2.0,0.0,0.0,4.0,6.0,0.0,0.0,0.667,0.0,0.0,0.0,0.0,0.0,0.0,0.043,0.0,4.94,4.89,47.0,2.0,0.0,0.0,15.0,3.9,0.0,3.0,7.4,2.0,0.333,0.5,1.0,1.0,3.0,9.1,0.5,4.2,0.0,0.0,1.0,0.667,0.667,0.667,0.0,0.0,0.0,0.333,2.0,0.0,6.0,0.0,,0.0,3.0,0.6,0.6,1.0,3.0,0.0,0.333,0.333,1.0,0.333,,1.0,0.0,0.0,0.0,0.0,0.0,0.0,1.0,0.0,0.2,0.0,0.2,0.0,0.2,1.0,1.0,0.0,0.0,0.0,,0.0,0.0,0.2,0.0,0.0,,,,,,,,,,,,,,0.0,,0.0,0.0,,,1.0,0.0,0.0,0.0,0.0,0.0,0.0,0.2,0.0,0.0,0.0,0.0,0.0,0.0,1.0,0.0,0.0,0.0,1.0,0.0,,0.0,0.0,0.0,0.0,0.5,0.0,2.0,2.0,,0.0,0.0,0.0,,0.0,,,,,,,0.0,1.0,0.0,0.0,,,0.0,0.0,0.0,0.0,0.0,0.333,0.0,,1.0,0.0,0.0,0.0,,1.0,,0.0,0.0,,0.0,3.0,0.0,,0.0,,,,0.0,2017,21600124,,2.0,9.0,0.222,0.444,-0.222,0.0,3.0,0.0,0.298,2.0,6.0,0.333,0.501,1.0,2.0,0.5,0.529,1.0,7.0,0.143,0.328,,,,,,,,,,,,,,,20161111.0,2016-17,False,UTA,4.0,3.0,1.0,1.0,0.0,0.0,0.0,0.0,0.0,0.0,0.0,0.0,0.0,0.0,0.0,0.0,0.0,0.0,0.0,0.0,0.0,,,,,,0.8,0.8,4.33,4.28,1.7,3.88,Elfrid,1.0,0.0,1.0,0.0,10.6,0.0,0.0,9.0,1.0,88.0,88.0,88.0,82.0,117.0,103.0,130.0,78.0,121.0,78.0,101.0,104.0,101.0,49.0,93.0,90.0,121.0,54.0,31.0,17.0,1.0,142.0,128.0,130.0,141.0,121.0,19.0,1.0,122.0,88.44,129.0,93.2,150.0,1.0,42.0,-18.8,121.0,129.0,152.0,136.0,155.0,47.0,117.0,143.0,150.0,63.0,5.0,133.0,140.0,74.4,64.0,103.0,152.0,140.0,121.0,140.0,150.0,47.0,135.0,31.0,160.0,84.0,2.0,,,1.0,,ORL,,-0.298,,-0.168,1.0,,2.0,0.5,0.533,-0.033,-0.029,,,,,,,,,,,,,,,,,,,,,,,,,,,,,,,,,,,,,,,,8785.0,91.0,,,,,,,,,,,,,,,1610612762.0,ORL,UTA,ORL,UTA,,,1.0,,-0.185,,,,,,,,,,,,,,
203901,Elfrid Payton,1610612753,ORL,23.0,37.11,10,19,0.526,3,7,0.429,0,2,0.0,0,7,7,9,0,2,1,3,3,3,23,-8,78.68,0.0,0.244,0.578,0.0,72,0.243,-2.3,125.0,94.42,31.0,0.189,0.36,0.0,0.605,0.0,122.1,98.64,124.4,132.4,0.0,-7.4,0.158,69.0,0.145,79.0,0.13,14.0,1.0,10.0,0.0,23.0,0.0,10.0,0.0,1.0,9.0,0.667,0.0,5.0,15.0,0.0,2.0,0.333,0.067,0.556,0.0,0.0,5.0,0.0,0.242,1.0,5.65,5.79,95.0,2.0,0.0,0.0,30.0,8.9,0.0,2.0,10.5,0.0,0.0,0.583,0.0,0.0,10.0,10.5,0.583,0.0,7.0,0.0,7.0,0.7,0.7,0.0,0.0,0.0,0.0,0.0,0.0,0.0,12.0,0.0,,0.0,3.0,0.158,0.158,1.0,3.0,0.0,0.333,0.333,1.0,0.333,,3.0,0.0,0.0,0.0,0.667,2.0,0.667,3.0,2.0,0.158,0.667,0.158,1.0,0.263,5.0,4.0,3.0,0.6,0.053,0.0,0.0,0.6,0.211,3.0,0.75,0.5,0.5,3.0,2.0,6.0,0.688,0.5,8.0,0.105,4.0,1.0,0.421,0.316,0.333,0.0,2.0,0.333,,0.0,3.0,1.0,9.0,0.429,0.0,0.0,0.0,0.605,0.0,0.0,0.0,0.0,0.6,0.0,6.0,0.0,0.0,0.667,3.0,1.0,0.0,2.0,5.0,2.0,3.0,0.667,0.5,0.0,9.0,0.0,2.0,1.0,3.0,0.0,0.333,,,,,,,0.0,1.0,0.0,1.0,,,0.0,0.0,1.0,2.0,0.0,0.667,0.0,0.0,6.0,3.0,1.0,0.0,0.0,5.0,0.0,0.0,0.0,,1.0,9.0,0.6,0.643,7.0,0.429,7.0,3.0,3.0,2017,21600141,,5.0,9.0,0.556,0.426,0.13,2.0,4.0,0.5,0.345,3.0,5.0,0.6,0.488,1.0,2.0,0.5,0.575,4.0,6.0,0.667,0.355,,,,,,,,,,,,,,,20161113.0,2016-17,False,OKC,5.0,2.0,3.0,3.0,0.0,0.0,0.0,0.0,0.0,3.0,0.0,0.0,0.0,0.0,0.0,0.0,0.0,0.0,0.0,0.0,0.0,,,,,,1.5,1.2,4.37,4.54,2.7,4.19,Elfrid,1.0,1.0,0.0,1.0,53.9,0.0,0.0,48.0,1.0,1.0,1.0,1.0,8.0,5.0,8.0,38.0,7.0,8.0,25.0,58.0,34.0,58.0,53.0,8.0,21.0,4.0,65.0,8.0,14.0,105.0,72.0,18.0,9.0,81.0,4.0,9.0,2.0,7.0,94.42,26.0,132.4,86.0,10.0,30.0,-7.4,18.0,25.0,29.0,1.0,66.0,96.0,5.0,47.0,86.0,11.0,19.0,1.0,58.0,125.0,81.0,8.0,29.0,68.0,6.0,68.0,33.0,96.0,36.0,35.0,21.0,51.0,23.0,,,1.0,,ORL,,0.155,,0.112,,,,,,,-0.075,,,,,,,,,,,,,,,,,,,,,,,,,,,,,,,,,,,,,,,,14245.0,96.0,,,,,,,,,,,,,,,1610612760.0,OKC,ORL,ORL,OKC,,,1.0,,0.312,,,,,,,,,,,,,,
203901,Elfrid Payton,1610612753,ORL,23.0,29.383333333333333,5,11,0.455,0,1,0.0,2,2,1.0,1,6,7,2,3,2,0,3,2,3,12,-7,83.04,0.67,0.217,0.505,17.6,61,0.223,-10.5,68.9,99.65,11.8,0.0,0.182,0.0,0.455,0.029,70.2,98.5,80.6,80.3,17.8,-11.5,0.164,59.0,0.034,64.0,0.034,12.0,0.0,2.0,0.0,4.0,0.056,8.0,1.0,1.0,6.0,0.444,0.0,10.0,18.0,0.0,2.0,0.556,0.056,0.5,2.0,1.0,3.0,0.0,0.156,0.0,4.83,4.73,77.0,3.0,0.0,0.0,25.0,6.2,0.667,6.0,6.8,1.0,0.167,0.467,0.0,0.0,13.0,7.4,0.368,3.1,6.0,4.0,6.0,0.667,0.462,0.143,0.0,4.0,1.0,0.167,0.0,1.0,19.0,0.0,,0.0,6.0,0.545,0.545,3.0,6.0,0.0,0.5,0.5,3.0,0.5,,2.0,0.0,0.0,0.0,0.0,0.0,0.0,2.0,0.0,0.182,0.0,0.182,0.0,0.182,2.0,2.0,2.0,1.0,0.0,,0.0,1.0,0.182,2.0,1.0,,0.0,0.0,0.0,1.0,0.0,0.0,1.0,0.0,0.0,0.0,0.091,0.091,,0.0,0.0,,,0.0,0.0,0.0,0.0,0.0,0.0,0.0,0.5,0.455,0.0,0.0,2.0,2.0,0.0,0.0,3.0,0.0,0.667,0.0,0.0,0.0,0.0,1.0,0.0,0.0,0.0,0.429,0.0,3.0,7.0,0.0,0.0,0.0,0.0,0.0,0.0,,,,,,,2.0,3.0,,0.0,,,0.0,,0.0,1.0,0.667,0.429,0.0,0.0,3.0,0.0,0.0,0.0,0.0,0.0,0.0,0.0,,,0.0,7.0,0.0,0.0,1.0,0.0,1.0,0.0,0.0,2017,21600145,,2.0,5.0,0.4,0.458,-0.058,1.0,2.0,0.5,0.386,1.0,3.0,0.333,0.5,1.0,3.0,0.333,0.517,1.0,2.0,0.5,0.395,,,,,,,,,,,,,,,20161114.0,2016-17,False,IND,6.0,3.0,3.0,5.0,0.0,1.0,2.0,0.0,0.0,1.0,0.0,0.0,0.0,0.0,0.0,0.0,0.0,0.0,0.0,0.0,0.0,,,,,,1.2,1.0,4.49,4.75,2.2,4.23,Elfrid,1.0,0.0,1.0,0.0,26.4,0.0,0.0,25.0,1.0,94.0,94.0,94.0,44.0,39.0,37.0,76.0,77.0,91.0,77.0,32.0,41.0,1.0,41.0,21.0,27.0,46.0,11.0,7.0,60.0,181.0,96.0,26.0,46.0,137.0,44.0,10.0,1.0,40.0,99.65,64.0,80.3,70.0,5.0,41.0,-11.5,89.0,63.0,166.0,141.0,95.0,36.0,39.0,88.0,70.0,77.0,11.0,141.0,121.0,68.9,37.0,37.0,166.0,119.0,49.0,119.0,164.0,36.0,94.0,43.0,40.0,71.0,12.0,,,1.0,,ORL,,0.115,,-0.167,1.0,,1.0,1.0,0.643,0.357,-0.183,,,,,,,,,,,,,,,,,,,,,,,,,,,,,,,,,,,,,,,,11509.0,94.0,,,,,,,,,,,,,,,1610612754.0,IND,ORL,ORL,IND,,,1.0,,0.105,,,,,,,,,,,,,,
203901,Elfrid Payton,1610612753,ORL,23.0,29.591666666666665,2,9,0.222,0,3,0.0,1,2,0.5,1,3,4,4,1,3,2,2,2,1,5,0,80.43,4.0,0.167,0.253,6.7,59,0.166,3.3,79.7,96.51,26.7,0.083,0.235,0.0,0.222,0.0,80.2,97.16,76.8,78.3,6.7,1.3,0.073,51.0,0.078,54.0,0.078,12.0,0.0,4.0,0.0,9.0,0.0,2.0,0.0,0.0,3.0,0.286,0.0,4.0,7.0,0.0,0.0,0.571,0.0,0.333,0.0,0.0,1.0,0.0,0.077,0.0,5.02,5.06,65.0,0.0,0.0,0.0,16.0,5.4,0.0,3.0,8.1,1.0,0.333,0.5,0.333,1.0,5.0,6.7,0.5,12.6,2.0,0.0,3.0,0.6,0.6,0.25,0.0,0.0,0.0,0.333,1.0,0.0,8.0,0.0,,0.0,1.0,0.111,0.111,0.0,1.0,0.0,0.0,0.0,0.0,0.0,,4.0,0.0,0.0,0.0,0.5,2.0,0.5,4.0,2.0,0.444,0.5,0.444,0.0,0.111,1.0,1.0,0.0,0.0,0.0,,0.0,0.0,0.111,0.0,0.0,,0.0,0.0,0.0,3.0,0.0,0.0,3.0,0.0,0.0,0.0,0.333,0.333,0.0,0.0,0.0,0.0,,0.0,1.0,0.0,0.0,0.0,0.0,0.0,0.0,0.222,0.0,0.0,0.0,0.0,0.0,0.0,2.0,0.0,0.0,0.0,0.0,0.0,0.0,1.0,2.0,0.0,1.0,0.4,0.0,1.0,5.0,0.0,1.0,0.0,0.0,0.0,0.0,,,,,,,0.0,0.0,,0.0,,,0.0,,1.0,1.0,0.0,0.4,0.0,0.0,2.0,0.0,0.0,0.0,0.0,2.0,0.0,0.0,,,0.0,5.0,0.0,0.0,2.0,0.0,2.0,0.0,0.0,2017,21600159,,2.0,6.0,0.333,0.436,-0.102,,,,,2.0,6.0,0.333,0.463,1.0,4.0,0.25,0.522,0.0,1.0,0.0,0.345,,,,,,,,,,,,,,,20161116.0,2016-17,False,NOP,1.0,1.0,0.0,6.0,0.0,1.0,3.0,0.0,0.0,4.0,0.0,0.0,0.0,0.0,0.0,0.0,0.0,0.0,0.0,0.0,0.0,,,,,,1.1,1.1,4.46,4.91,2.2,4.09,Elfrid,1.0,1.0,0.0,1.0,29.8,0.0,0.0,23.0,1.0,1.0,1.0,1.0,69.0,127.0,81.0,192.0,110.0,68.0,110.0,84.0,64.0,90.0,57.0,82.0,81.0,33.0,87.0,7.0,10.0,214.0,117.0,99.0,145.0,107.0,51.0,16.0,1.0,75.0,96.51,146.0,78.3,154.0,2.0,58.0,1.3,47.0,137.0,211.0,109.0,144.0,12.0,127.0,195.0,154.0,63.0,9.0,104.0,98.0,79.7,12.0,81.0,211.0,103.0,43.0,103.0,209.0,12.0,193.0,59.0,133.0,5.0,5.0,,,1.0,,ORL,,,,-0.13,1.0,,1.0,1.0,0.608,0.392,-0.272,,,,,,,,,,,,,,,,,,,,,,,,,,,,,,,,,,,,,,,,11507.0,97.0,,,,,,,,,,,,,,,1610612740.0,ORL,NOP,ORL,NOP,,,1.0,,-0.345,,,,,,,,,,,,,,
203901,Elfrid Payton,1610612753,ORL,23.0,20.19,2,3,0.667,0,0,0.0,0,0,0.0,0,3,3,2,4,1,2,1,0,0,4,2,83.21,0.5,0.156,0.667,44.4,42,0.156,9.9,90.5,99.85,22.2,0.125,0.143,0.075,0.667,0.0,91.0,102.42,81.1,85.7,44.4,4.8,0.102,33.0,0.091,37.0,0.061,9.0,0.0,3.0,1.0,5.0,0.6,2.0,3.0,0.0,1.0,0.4,0.0,0.0,5.0,0.0,0.0,0.0,0.0,1.0,0.0,0.0,1.0,0.0,0.098,0.0,5.29,5.46,41.0,0.0,0.0,0.0,7.0,3.6,0.0,2.0,10.4,0.0,0.0,0.6,0.0,0.0,3.0,10.4,0.6,0.0,3.0,0.0,3.0,1.0,1.0,0.0,0.0,0.0,0.0,0.0,0.0,0.0,5.0,0.0,,0.0,1.0,0.333,0.333,1.0,1.0,0.0,1.0,1.0,1.0,1.0,,2.0,0.0,0.0,0.0,0.5,1.0,0.5,2.0,1.0,0.667,0.5,0.667,,,,,,,,,,,,,,,,,,,,,,,,,,,,,0.0,,,,0.0,0.0,0.0,0.0,0.0,0.0,0.0,0.667,0.0,0.0,0.0,0.0,0.0,0.0,2.0,0.0,0.0,0.0,0.0,0.0,,0.0,0.0,0.0,0.0,0.667,0.0,0.0,3.0,,0.0,0.0,0.0,,0.0,,,,,,,0.0,0.0,,0.0,,,0.0,,0.0,0.0,0.0,0.667,0.0,,2.0,0.0,0.0,0.0,,0.0,,0.0,,,0.0,3.0,0.0,,0.0,,,,0.0,2017,21600187,,4.0,9.0,0.444,0.442,0.002,3.0,5.0,0.6,0.368,1.0,4.0,0.25,0.526,0.0,1.0,0.0,0.598,4.0,8.0,0.5,0.392,,,,,,,,,,,,,,,20161119.0,2016-17,False,DAL,8.0,5.0,3.0,4.0,0.0,0.0,0.0,0.0,0.0,2.0,0.0,0.0,0.0,0.0,0.0,0.0,0.0,0.0,0.0,0.0,0.0,,,,,,0.7,0.8,4.46,4.57,1.5,4.37,Elfrid,1.0,1.0,0.0,1.0,15.6,0.0,0.0,15.0,1.0,1.0,1.0,1.0,115.0,104.0,147.0,18.0,96.0,133.0,96.0,105.0,114.0,105.0,95.0,71.0,99.0,63.0,4.0,31.0,10.0,124.0,1.0,137.0,131.0,79.0,109.0,14.0,1.0,104.0,99.85,126.0,85.7,67.0,2.0,51.0,4.8,54.0,123.0,155.0,187.0,46.0,23.0,104.0,51.0,67.0,37.0,3.0,187.0,60.0,90.5,11.0,147.0,155.0,80.0,76.0,80.0,157.0,23.0,37.0,23.0,89.0,73.0,4.0,,,1.0,,ORL,,0.232,,-0.276,0.0,,1.0,0.0,0.655,-0.655,-0.598,,,,,,,,,,,,,,,,,,,,,,,,,,,,,,,,,,,,,,,,7794.0,96.0,,,,,,,,,,,,,,,1610612742.0,ORL,DAL,ORL,DAL,,,1.0,,0.108,,,,,,,,,,,,,,
203901,Elfrid Payton,1610612753,ORL,23.0,35.343333333333334,4,9,0.444,0,3,0.0,0,2,0.0,0,8,8,7,1,3,0,0,2,2,8,10,83.75,7.0,0.133,0.405,5.6,75,0.134,14.4,94.7,100.5,38.9,0.0,0.318,0.0,0.444,0.0,94.6,102.59,80.2,83.6,5.6,11.1,0.14,56.0,0.143,59.0,0.125,14.0,2.0,8.0,2.0,12.0,0.0,8.0,0.0,1.0,5.0,0.4,0.15,11.0,20.0,3.0,2.0,0.55,0.05,0.8,0.0,0.0,4.0,0.0,0.121,0.0,5.71,5.41,66.0,0.0,0.0,0.0,16.0,6.3,0.0,0.0,7.7,1.0,0.0,1.0,0.125,0.0,9.0,7.7,0.889,0.0,6.0,1.0,6.0,1.0,0.889,0.125,0.0,1.0,0.0,0.0,1.0,0.0,9.0,0.0,,0.0,3.0,0.429,0.429,3.0,3.0,0.0,1.0,1.0,3.0,1.0,,2.0,0.0,0.0,0.0,0.5,1.0,0.5,2.0,1.0,0.286,0.5,0.286,1.0,0.143,1.0,0.0,0.0,0.0,0.143,0.0,0.0,0.0,0.0,0.0,,,0.0,0.0,0.0,1.0,0.0,0.0,1.0,0.0,0.0,0.0,0.143,0.143,0.0,0.0,0.0,0.0,0.0,2.0,2.0,0.0,0.0,0.0,0.0,0.0,0.0,0.444,0.0,0.0,0.0,0.0,0.0,0.0,4.0,0.0,0.0,0.0,1.0,0.0,0.0,2.0,1.0,0.0,0.0,0.8,0.0,0.0,5.0,0.0,1.0,0.0,0.0,0.0,0.0,,,,,,,0.0,0.0,,0.0,0.0,0.0,0.0,,1.0,3.0,0.0,0.8,0.0,0.0,4.0,0.0,0.0,0.0,0.0,0.0,0.0,0.0,,0.0,0.0,5.0,0.0,,0.0,,0.0,0.0,0.0,2017,21600204,,6.0,11.0,0.545,0.458,0.087,2.0,6.0,0.333,0.391,4.0,5.0,0.8,0.531,4.0,4.0,1.0,0.613,2.0,7.0,0.286,0.392,,,,,,,,,,,,,,,20161121.0,2016-17,False,MIL,9.0,3.0,6.0,7.0,0.0,0.0,0.0,0.0,0.0,2.0,0.0,0.0,0.0,0.0,0.0,0.0,0.0,0.0,0.0,0.0,0.0,,,,,,1.0,1.0,4.53,4.75,2.0,4.32,Elfrid,1.0,0.0,1.0,0.0,36.1,0.0,0.0,29.0,1.0,99.0,99.0,99.0,28.0,56.0,57.0,81.0,86.0,57.0,86.0,98.0,62.0,98.0,94.0,10.0,27.0,8.0,69.0,5.0,64.0,1.0,82.0,60.0,88.0,26.0,29.0,18.0,2.0,39.0,100.5,143.0,83.6,68.0,4.0,46.0,11.1,15.0,140.0,121.0,86.0,52.0,30.0,56.0,129.0,68.0,81.0,9.0,85.0,48.0,94.7,27.0,57.0,121.0,54.0,22.0,54.0,120.0,30.0,106.0,44.0,58.0,3.0,8.0,,,1.0,,ORL,,-0.058,,0.269,3.0,,3.0,1.0,0.653,0.347,0.387,,,,,,,,,,,,,,,,,,,,,,,,,,,,,,,,,,,,,,,,10383.0,99.0,,,,,,,,,,,,,,,1610612749.0,MIL,ORL,ORL,MIL,,,1.0,,-0.106,,,,,,,,,,,,,,
203901,Elfrid Payton,1610612753,ORL,23.0,30.8,3,11,0.273,0,1,0.0,3,5,0.6,3,3,6,7,3,1,0,1,2,3,9,4,79.87,2.33,0.219,0.341,13.0,61,0.223,3.4,100.0,95.84,30.4,0.097,0.333,0.086,0.273,0.077,99.0,94.44,95.6,91.9,12.9,8.1,0.066,59.0,0.119,63.0,0.119,16.0,0.0,7.0,0.0,16.0,0.0,4.0,0.0,1.0,7.0,0.267,0.067,6.0,15.0,1.0,2.0,0.4,0.067,0.286,0.0,0.0,2.0,0.0,0.12,0.0,5.4,5.48,75.0,3.0,0.0,0.0,22.0,6.8,0.0,4.0,7.9,2.0,0.75,0.75,0.0,1.0,5.0,9.9,0.667,5.9,3.0,1.0,4.0,0.75,0.6,0.333,0.0,1.0,0.667,0.75,0.0,2.0,9.0,0.0,,0.0,3.0,0.273,0.273,0.0,3.0,0.0,0.0,0.0,0.0,0.0,,4.0,0.0,0.0,0.0,0.5,2.0,0.5,4.0,2.0,0.364,0.5,0.364,0.0,0.182,2.0,2.0,1.0,0.5,0.0,,0.0,0.5,0.182,1.0,0.5,0.0,0.0,0.0,1.0,1.0,0.0,0.0,2.0,0.091,0.0,0.0,0.182,0.091,0.333,0.0,2.0,0.333,,0.0,3.0,1.0,0.0,0.0,0.0,0.0,0.0,0.273,0.0,0.0,0.0,2.0,0.0,0.0,1.0,0.0,0.667,0.0,2.0,0.0,0.0,0.0,1.0,0.0,0.0,0.2,0.0,3.0,5.0,0.0,1.0,0.0,0.0,0.0,0.0,,,,,,,0.0,1.0,,1.0,0.0,0.0,0.0,,1.0,0.0,0.0,0.333,0.0,0.0,2.0,0.0,1.0,0.0,0.0,2.0,0.0,0.0,,0.0,1.0,6.0,0.0,0.0,1.0,0.0,1.0,0.0,0.0,2017,21600214,,2.0,9.0,0.222,0.432,-0.21,0.0,4.0,0.0,0.344,2.0,5.0,0.4,0.475,2.0,2.0,1.0,0.505,0.0,7.0,0.0,0.354,,,,,,,,,,,,,,,20161123.0,2016-17,False,PHX,4.0,3.0,1.0,3.0,0.0,0.0,0.0,0.0,0.0,1.0,0.0,0.0,0.0,0.0,0.0,0.0,0.0,0.0,0.0,0.0,0.0,,,,,,1.1,1.1,4.29,4.32,2.2,4.26,Elfrid,1.0,0.0,1.0,0.0,26.7,0.0,0.0,24.0,1.0,143.0,143.0,143.0,60.0,120.0,65.0,214.0,143.0,165.0,143.0,44.0,33.0,117.0,11.0,108.0,56.0,15.0,20.0,45.0,103.0,186.0,126.0,47.0,123.0,96.0,76.0,21.0,2.0,86.0,95.84,113.0,91.9,227.0,3.0,20.0,8.1,51.0,112.0,147.0,193.0,256.0,83.0,120.0,221.0,227.0,75.0,11.0,193.0,124.0,100.0,112.0,65.0,147.0,111.0,24.0,111.0,157.0,83.0,223.0,28.0,175.0,33.0,9.0,,,1.0,,ORL,,-0.344,,-0.075,,,,,,,0.496,,,,,,,,,,,,,,,,,,,,,,,,,,,,,,,,,,,,,,,,11559.0,95.0,,,,,,,,,,,,,,,1610612756.0,ORL,PHX,ORL,PHX,,,1.0,,-0.354,,,,,,,,,,,,,,
203901,Elfrid Payton,1610612753,ORL,23.0,26.2,6,12,0.5,0,1,0.0,3,4,0.75,2,3,5,5,2,0,0,0,4,2,15,-4,80.15,2.5,0.276,0.545,9.5,52,0.278,-5.7,107.7,96.18,23.8,0.125,0.357,0.0,0.5,0.0,108.5,95.38,114.2,113.2,9.6,-5.5,0.099,47.0,0.149,56.0,0.106,9.0,0.0,7.0,2.0,13.0,0.083,6.0,1.0,0.0,7.0,0.5,0.0,4.0,12.0,0.0,0.0,0.333,0.0,0.429,0.0,0.0,3.0,0.0,0.234,0.0,4.93,5.17,64.0,2.0,0.0,0.0,18.0,5.3,0.0,3.0,8.5,0.0,1.0,0.714,0.0,2.0,5.0,10.5,0.625,5.4,3.0,1.0,5.0,0.6,0.6,0.0,1.0,0.0,0.0,0.667,0.0,0.0,8.0,,,,,,,,,,,,,,,8.0,0.0,0.0,0.0,0.625,5.0,0.625,8.0,5.0,0.667,0.625,0.667,0.0,0.25,3.0,3.0,1.0,0.333,0.0,,0.0,0.333,0.25,1.0,0.333,,0.0,0.0,0.0,1.0,0.0,0.0,1.0,0.0,0.0,0.0,0.083,0.083,0.4,0.0,4.0,0.4,,0.0,5.0,2.0,0.0,0.0,0.0,0.0,0.0,0.5,0.0,0.0,0.0,0.0,0.0,0.0,4.0,0.0,0.0,0.0,4.0,,0.0,1.0,0.0,0.0,0.0,0.8,,2.0,5.0,0.0,,2.0,0.0,0.0,0.5,,,,,,,0.0,1.0,0.0,0.0,0.0,0.0,0.0,0.0,2.0,1.0,0.0,0.8,1.0,0.0,4.0,1.0,0.0,1.0,0.0,2.0,0.0,0.0,0.0,0.0,1.0,5.0,0.5,0.0,1.0,0.0,1.0,0.0,0.0,2017,21600226,,6.0,9.0,0.667,0.461,0.206,2.0,2.0,1.0,0.358,4.0,7.0,0.571,0.495,4.0,4.0,1.0,0.578,2.0,4.0,0.5,0.376,,,,,,,,,,,,,,,20161125.0,2016-17,False,WAS,6.0,4.0,2.0,1.0,0.0,0.0,0.0,0.0,0.0,0.0,0.0,0.0,0.0,0.0,0.0,0.0,0.0,0.0,0.0,0.0,0.0,,,,,,1.0,0.9,4.38,4.75,1.9,4.02,Elfrid,1.0,0.0,1.0,0.0,26.5,0.0,0.0,25.0,1.0,166.0,166.0,166.0,123.0,49.0,65.0,99.0,158.0,193.0,158.0,46.0,41.0,101.0,38.0,116.0,89.0,29.0,58.0,149.0,105.0,1.0,288.0,88.0,64.0,198.0,87.0,29.0,2.0,87.0,96.18,38.0,113.2,200.0,6.0,88.0,-5.5,87.0,35.0,131.0,165.0,227.0,232.0,49.0,147.0,200.0,76.0,12.0,165.0,185.0,107.7,237.0,65.0,131.0,177.0,27.0,177.0,125.0,232.0,139.0,88.0,149.0,44.0,15.0,,,,,ORL,,0.642,,0.077,4.0,,4.0,1.0,0.613,0.387,0.422,,,,,,,,,,,,,,,,,,,,,,,,,,,,,,,,,,,,,,,,9986.0,92.0,,,,,,,,,,,,,,,1610612764.0,ORL,WAS,ORL,WAS,,,1.0,,0.124,,,,,,,,,,,,,,
203901,Elfrid Payton,1610612753,ORL,23.0,29.19833333333333,6,9,0.667,1,3,0.333,3,4,0.75,0,3,3,3,3,1,0,0,3,5,16,-8,82.2,1.0,0.215,0.743,17.6,60,0.216,-16.4,93.3,98.64,17.6,0.0,0.2,0.0,0.722,0.0,95.6,95.15,112.0,106.7,17.9,-13.3,0.11,51.0,0.078,60.0,0.059,10.0,0.0,4.0,1.0,6.0,0.0,0.0,0.0,0.0,0.0,0.0,0.222,7.0,9.0,2.0,0.0,0.778,0.0,0.0,0.0,0.0,0.0,0.0,0.235,0.0,5.25,5.35,68.0,0.0,0.0,0.0,19.0,6.0,0.0,1.0,8.2,0.0,0.0,0.75,0.0,0.0,3.0,8.2,0.75,0.0,3.0,0.0,3.0,1.0,1.0,0.0,0.0,0.0,0.0,0.0,0.0,0.0,4.0,,,,,,,,,,,,,,0.0,4.0,0.0,1.0,0.111,0.75,3.0,1.0,3.0,3.0,0.444,0.75,0.333,2.0,0.444,4.0,2.0,1.0,0.625,0.222,0.5,1.0,0.5,0.222,2.0,0.5,1.0,1.0,0.0,1.0,0.0,1.0,,1.0,0.111,1.0,1.0,0.111,0.0,0.5,0.0,4.0,0.5,0.0,1.0,4.0,2.0,3.0,0.5,0.0,0.0,0.0,0.722,0.0,0.0,0.0,1.0,0.0,0.333,2.0,1.0,1.0,0.0,3.0,0.0,0.0,3.0,0.0,0.0,0.0,1.0,0.0,1.0,2.0,0.0,0.0,2.0,0.0,0.0,0.667,,,,,,,1.0,1.0,,0.0,0.0,1.0,1.0,,0.0,2.0,1.0,1.0,2.0,0.0,2.0,0.0,0.0,0.667,0.0,0.0,0.0,0.5,,0.0,3.0,2.0,0.0,0.75,2.0,0.5,2.0,1.0,1.0,2017,21600248,,3.0,8.0,0.375,0.43,-0.055,1.0,4.0,0.25,0.391,2.0,4.0,0.5,0.461,1.0,2.0,0.5,0.516,2.0,6.0,0.333,0.388,,,,,,,,,,,,,,,20161127.0,2016-17,False,MIL,6.0,2.0,4.0,2.0,0.0,0.0,0.0,0.0,0.0,2.0,0.0,0.0,0.0,0.0,0.0,0.0,0.0,0.0,0.0,0.0,0.0,,,,,,1.1,1.0,4.32,4.54,2.1,4.1,Elfrid,1.0,0.0,1.0,0.0,24.1,0.0,0.0,25.0,1.0,82.0,82.0,82.0,55.0,33.0,61.0,14.0,48.0,57.0,49.0,27.0,26.0,49.0,87.0,73.0,92.0,33.0,12.0,25.0,45.0,1.0,113.0,11.0,39.0,121.0,62.0,12.0,2.0,52.0,98.64,62.0,106.7,76.0,6.0,54.0,-13.3,58.0,59.0,121.0,132.0,125.0,78.0,33.0,20.0,76.0,78.0,9.0,131.0,119.0,93.3,106.0,61.0,121.0,111.0,43.0,111.0,113.0,78.0,19.0,55.0,65.0,44.0,16.0,,,,,ORL,,-0.141,,0.04,1.0,,2.0,0.5,0.546,-0.046,-0.016,,,,,,,,,,,,,,,,,,,,,,,,,,,,,,,,,,,,,,,,11239.0,97.0,,,,,,,,,,,,,,,1610612749.0,ORL,MIL,ORL,MIL,,,1.0,,-0.055,,,,,,,,,,,,,,
203901,Elfrid Payton,1610612753,ORL,23.0,23.336666666666662,5,9,0.556,0,0,0.0,0,0,0.0,1,2,3,4,1,3,1,1,2,4,10,1,78.85,4.0,0.189,0.556,7.1,46,0.194,3.5,87.0,94.62,28.6,0.0,0.333,0.0,0.556,0.0,85.8,96.71,82.3,84.8,7.1,2.2,0.21,40.0,0.15,46.0,0.1,8.0,1.0,6.0,1.0,9.0,0.0,2.0,0.0,0.0,3.0,0.182,0.182,5.0,11.0,2.0,0.0,0.455,0.0,0.333,0.0,0.0,1.0,3.0,0.185,0.0,5.02,4.98,54.0,2.0,0.667,0.0,17.0,4.5,0.0,2.0,7.8,0.0,0.5,0.6,0.0,1.0,5.0,7.5,0.429,8.4,2.0,2.0,3.0,0.667,0.4,0.0,0.0,2.0,0.0,0.5,0.0,0.0,7.0,0.0,,0.0,2.0,0.222,0.222,1.0,2.0,0.0,0.5,0.5,1.0,0.5,,5.0,0.0,0.0,0.0,0.4,2.0,0.4,5.0,2.0,0.556,0.4,0.556,0.0,0.111,1.0,1.0,1.0,1.0,0.0,,0.0,1.0,0.111,1.0,1.0,1.0,1.0,0.0,1.0,0.0,1.0,,1.0,0.111,1.0,1.0,0.111,0.0,0.667,,4.0,0.667,,,3.0,2.0,0.0,0.0,0.0,0.0,0.0,0.556,2.0,0.5,0.0,1.0,0.0,0.0,2.0,0.0,0.5,,3.0,0.0,0.0,0.0,0.0,,,0.5,0.0,2.0,4.0,0.0,0.0,2.0,0.0,0.0,0.667,,,,,,,1.0,2.0,,0.0,0.0,0.0,0.0,,1.0,0.0,0.5,0.5,2.0,0.0,2.0,0.0,0.0,1.0,0.0,0.0,0.0,0.0,,0.0,2.0,4.0,0.0,,0.0,,,,0.0,2017,21600264,,1.0,6.0,0.167,0.441,-0.274,0.0,2.0,0.0,0.384,1.0,4.0,0.25,0.481,0.0,2.0,0.0,0.599,1.0,4.0,0.25,0.399,,,,,,,,,,,,,,,20161129.0,2016-17,False,SAS,5.0,4.0,1.0,4.0,0.0,0.0,0.0,0.0,0.0,1.0,0.0,0.0,0.0,0.0,0.0,0.0,0.0,0.0,0.0,0.0,0.0,,,,,,0.9,0.9,4.64,4.96,1.8,4.34,Elfrid,1.0,1.0,0.0,1.0,30.6,0.0,0.0,25.0,1.0,1.0,1.0,1.0,65.0,28.0,38.0,35.0,67.0,100.0,67.0,73.0,80.0,73.0,28.0,63.0,54.0,17.0,42.0,3.0,12.0,102.0,72.0,13.0,44.0,58.0,20.0,12.0,2.0,32.0,94.62,70.0,84.8,104.0,5.0,36.0,2.2,25.0,70.0,115.0,72.0,83.0,19.0,28.0,67.0,104.0,53.0,9.0,71.0,56.0,87.0,14.0,38.0,115.0,67.0,12.0,67.0,119.0,19.0,52.0,28.0,9.0,7.0,10.0,,,1.0,,ORL,,-0.384,,-0.231,0.0,,2.0,0.0,0.654,-0.654,-0.599,,,,,,,,,,,,,,,,,,,,,,,,,,,,,,,,,,,,,,,,9513.0,93.0,,,,,,,,,,,,,,,1610612759.0,SAS,ORL,ORL,SAS,,,1.0,,-0.149,,,,,,,,,,,,,,
203901,Elfrid Payton,1610612753,ORL,23.0,28.98333333333333,1,8,0.125,0,1,0.0,1,2,0.5,0,3,3,5,3,2,1,4,2,2,3,-2,77.29,1.67,0.197,0.169,17.6,56,0.194,-10.0,92.9,92.74,29.4,0.1,0.313,0.0,0.125,0.0,87.8,94.8,97.8,96.4,17.8,-3.6,0.006,54.0,0.111,58.0,0.093,14.0,1.0,6.0,0.0,11.0,0.0,0.0,0.0,0.0,3.0,0.0,0.111,5.0,9.0,1.0,0.0,0.556,0.0,0.0,0.0,0.0,0.0,0.0,0.045,0.0,5.08,5.29,66.0,0.0,0.0,0.0,19.0,5.6,0.0,5.0,8.7,0.0,0.0,0.3,0.0,0.0,5.0,8.7,0.3,0.0,3.0,0.0,3.0,0.6,0.6,0.0,0.0,0.0,0.0,0.0,0.0,0.0,10.0,0.0,,0.0,2.0,0.25,0.25,0.0,2.0,0.0,0.0,0.0,0.0,0.0,,4.0,0.0,0.0,0.0,0.25,1.0,0.25,4.0,1.0,0.5,0.25,0.5,0.0,0.125,1.0,1.0,0.0,0.0,0.0,,0.0,0.0,0.125,0.0,0.0,,0.0,0.0,0.0,1.0,0.0,0.0,1.0,0.0,0.0,0.0,0.125,0.125,0.0,0.0,0.0,0.0,,0.0,1.0,0.0,0.0,0.0,0.0,0.0,0.0,0.125,0.0,0.0,0.0,0.0,0.0,0.0,1.0,0.0,0.0,0.0,1.0,0.0,0.0,1.0,0.0,0.0,0.0,0.25,0.0,2.0,4.0,0.0,0.0,0.0,0.0,0.0,0.0,,,,,,,0.0,2.0,,0.0,,,0.0,,0.0,0.0,0.0,0.25,0.0,0.0,1.0,0.0,0.0,0.0,0.0,2.0,0.0,0.0,,,0.0,4.0,0.0,0.0,1.0,0.0,1.0,0.0,0.0,2017,21600278,,1.0,3.0,0.333,0.389,-0.056,,,,,1.0,3.0,0.333,0.431,1.0,2.0,0.5,0.493,0.0,1.0,0.0,0.293,,,,,,,,,,,,,,,20161201.0,2016-17,False,MEM,2.0,2.0,0.0,3.0,0.0,0.0,0.0,0.0,0.0,1.0,0.0,0.0,0.0,0.0,0.0,0.0,0.0,0.0,0.0,0.0,0.0,,,,,,1.1,1.1,4.56,4.93,2.2,4.25,Elfrid,1.0,0.0,1.0,0.0,20.1,0.0,0.0,17.0,1.0,62.0,62.0,62.0,43.0,89.0,50.0,109.0,61.0,72.0,61.0,60.0,43.0,59.0,60.0,42.0,60.0,12.0,9.0,9.0,15.0,127.0,50.0,44.0,96.0,71.0,62.0,7.0,2.0,73.0,92.74,61.0,96.4,88.0,1.0,42.0,-3.6,17.0,60.0,99.0,94.0,87.0,38.0,89.0,116.0,88.0,45.0,8.0,93.0,83.0,92.9,44.0,50.0,99.0,76.0,15.0,76.0,105.0,38.0,109.0,58.0,106.0,22.0,3.0,,,1.0,,ORL,,,,-0.098,1.0,,2.0,0.5,0.515,-0.015,0.007,,,,,,,,,,,,,,,,,,,,,,,,,,,,,,,,,,,,,,,,11482.0,91.0,,,,,,,,,,,,,,,1610612763.0,MEM,ORL,ORL,MEM,,,1.0,,-0.293,,,,,,,,,,,,,,
203901,Elfrid Payton,1610612753,ORL,23.0,23.683333333333334,1,2,0.5,0,1,0.0,0,2,0.0,0,1,1,4,1,1,0,0,4,2,2,7,76.0,4.0,0.08,0.347,12.5,46,0.082,20.3,113.0,91.2,50.0,0.034,0.211,0.021,0.5,0.0,117.4,91.81,97.2,102.3,12.7,10.8,0.0,36.0,0.222,36.0,0.111,11.0,2.0,8.0,2.0,14.0,0.0,0.0,0.0,1.0,0.0,0.0,0.167,4.0,6.0,1.0,2.0,0.667,0.167,0.0,0.0,0.0,0.0,0.0,0.049,1.0,4.93,4.85,41.0,0.0,0.0,0.0,10.0,3.4,0.0,0.0,8.2,0.0,0.0,0.5,0.0,0.0,2.0,8.2,0.5,0.0,1.0,0.0,1.0,0.5,0.5,0.0,0.0,0.0,0.0,0.0,0.0,0.0,2.0,0.0,,0.0,1.0,0.5,0.5,1.0,1.0,0.0,1.0,1.0,1.0,1.0,,,,,,,,,,,,,,,,,,,,,,,,,,,,0.0,0.0,0.0,1.0,0.0,0.0,1.0,0.0,0.0,0.0,0.5,0.5,,0.0,0.0,,,0.0,0.0,0.0,0.0,0.0,0.0,0.0,0.0,0.5,0.0,0.0,0.0,0.0,0.0,0.0,1.0,0.0,0.0,0.0,0.0,0.0,0.0,0.0,1.0,0.0,0.0,1.0,0.0,0.0,1.0,0.0,1.0,0.0,0.0,0.0,0.0,,,,,,,0.0,0.0,,0.0,,,0.0,,0.0,1.0,0.0,1.0,0.0,0.0,1.0,0.0,0.0,0.0,0.0,0.0,0.0,0.0,,,0.0,1.0,0.0,0.0,1.0,0.0,1.0,0.0,0.0,2017,21600282,,5.0,10.0,0.5,0.45,0.05,1.0,3.0,0.333,0.356,4.0,7.0,0.571,0.491,4.0,6.0,0.667,0.538,1.0,4.0,0.25,0.363,,,,,,,,,,,,,,,20161202.0,2016-17,False,PHI,5.0,3.0,2.0,2.0,0.0,0.0,0.0,0.0,0.0,1.0,0.0,0.0,0.0,0.0,0.0,0.0,0.0,0.0,0.0,0.0,0.0,,,,,,0.8,0.9,4.33,4.57,1.7,4.13,Elfrid,1.0,1.0,0.0,1.0,11.2,0.0,0.0,9.0,1.0,1.0,1.0,1.0,97.0,139.0,161.0,62.0,94.0,106.0,94.0,90.0,55.0,90.0,107.0,134.0,144.0,29.0,59.0,35.0,56.0,1.0,180.0,50.0,153.0,57.0,134.0,19.0,2.0,141.0,91.2,179.0,102.3,185.0,1.0,54.0,10.8,7.0,180.0,70.0,138.0,174.0,67.0,139.0,150.0,185.0,77.0,2.0,131.0,54.0,113.0,55.0,161.0,70.0,76.0,52.0,76.0,59.0,67.0,90.0,39.0,160.0,16.0,2.0,,,1.0,,ORL,,-0.022,,0.08,4.0,,6.0,0.667,0.585,0.082,0.129,,,,,,,,,,,,,,,,,,,,,,,,,,,,,,,,,,,,,,,,9088.0,93.0,,,,,,,,,,,,,,,1610612755.0,PHI,ORL,ORL,PHI,,,1.0,,-0.113,,,,,,,,,,,,,,
203901,Elfrid Payton,1610612753,ORL,23.0,22.83833333333333,4,9,0.444,0,2,0.0,0,3,0.0,2,2,4,3,0,0,0,1,0,3,8,7,79.69,0.0,0.2,0.388,0.0,46,0.216,19.9,102.2,95.63,23.1,0.0,0.188,0.0,0.444,0.08,104.8,96.6,85.0,88.9,0.0,13.3,0.074,41.0,0.098,49.0,0.073,6.0,0.0,4.0,1.0,6.0,0.0,8.0,0.0,0.0,7.0,0.571,0.071,6.0,14.0,1.0,0.0,0.429,0.0,0.571,0.0,0.0,4.0,0.0,0.145,0.0,4.72,4.6,55.0,1.0,0.0,0.0,18.0,4.3,0.0,3.0,8.9,3.0,0.667,0.667,0.5,0.0,3.0,12.3,0.667,5.6,1.0,0.0,1.0,0.667,0.667,0.75,0.0,0.0,1.0,0.667,1.0,2.0,6.0,0.0,,0.0,3.0,0.333,0.333,2.0,3.0,0.0,0.667,0.667,2.0,0.667,,4.0,0.0,0.0,0.0,0.5,2.0,0.5,4.0,2.0,0.444,0.5,0.444,,,,,,,,,,,,,,,0.0,0.0,0.0,2.0,0.0,0.0,2.0,0.0,0.0,0.0,0.222,0.222,,0.0,0.0,,,0.0,0.0,0.0,0.0,0.0,0.0,0.0,0.0,0.444,0.0,0.0,0.0,2.0,0.0,0.0,2.0,0.0,0.4,,0.0,0.0,0.0,2.0,0.0,,,1.0,0.0,5.0,2.0,0.0,0.0,0.0,0.0,0.0,0.0,,,,,,,2.0,4.0,,0.0,,,0.0,,0.0,2.0,0.5,0.667,0.0,0.0,2.0,0.0,0.0,0.0,0.0,0.0,0.0,0.0,,,0.0,3.0,0.0,0.0,2.0,0.0,2.0,0.0,0.0,2017,21600300,,5.0,11.0,0.455,0.425,0.03,0.0,3.0,0.0,0.344,5.0,8.0,0.625,0.462,4.0,6.0,0.667,0.504,1.0,5.0,0.2,0.365,,,,,,,,,,,,,,,20161204.0,2016-17,False,DET,5.0,2.0,3.0,2.0,0.0,1.0,2.0,0.0,0.0,0.0,0.0,0.0,0.0,0.0,0.0,0.0,0.0,0.0,0.0,0.0,0.0,,,,,,0.9,0.8,4.47,4.75,1.7,4.19,Elfrid,1.0,1.0,0.0,1.0,17.3,0.0,0.0,15.0,1.0,1.0,1.0,1.0,45.0,31.0,32.0,37.0,37.0,34.0,37.0,44.0,21.0,44.0,14.0,50.0,32.0,16.0,49.0,42.0,24.0,53.0,1.0,15.0,42.0,20.0,40.0,9.0,2.0,42.0,95.63,31.0,88.9,66.0,4.0,11.0,13.3,16.0,35.0,40.0,1.0,63.0,17.0,31.0,59.0,66.0,40.0,9.0,1.0,15.0,102.2,11.0,32.0,40.0,22.0,21.0,22.0,32.0,17.0,45.0,19.0,48.0,38.0,8.0,,,1.0,,ORL,,-0.344,,0.163,3.0,,5.0,0.6,0.551,0.049,0.163,,,,,,,,,,,,,,,,,,,,,,,,,,,,,,,,,,,,,,,,9039.0,91.0,,,,,,,,,,,,,,,1610612765.0,DET,ORL,ORL,DET,,,1.0,,-0.165,,,,,,,,,,,,,,
203901,Elfrid Payton,1610612753,ORL,23.0,34.85666666666667,9,12,0.75,3,3,1.0,4,4,1.0,1,0,1,9,2,3,3,1,4,4,25,2,84.92,4.5,0.181,0.908,8.3,74,0.188,6.0,135.1,101.9,37.5,0.0,0.375,0.0,0.875,0.0,132.2,105.57,126.2,132.4,8.1,2.7,0.176,68.0,0.221,84.0,0.132,21.0,3.0,15.0,4.0,24.0,0.067,10.0,1.0,0.0,6.0,0.667,0.133,6.0,15.0,2.0,0.0,0.4,0.0,0.667,0.0,0.0,4.0,0.0,0.284,0.0,5.98,5.97,88.0,2.0,0.0,0.0,24.0,8.8,1.0,3.0,2.6,1.0,0.333,0.167,0.0,0.0,3.0,0.0,0.167,2.6,0.0,0.0,0.0,0.0,0.0,1.0,0.0,0.0,1.0,0.333,0.0,1.0,6.0,0.0,,0.0,6.0,0.5,0.5,4.0,6.0,0.0,0.667,0.667,4.0,0.667,,3.0,0.0,0.0,0.0,0.667,2.0,0.667,3.0,2.0,0.25,0.667,0.25,,,,,,,,,,,,,,,1.0,3.0,0.0,3.0,1.5,1.0,3.0,0.0,3.0,0.0,0.25,0.25,,0.0,0.0,,,0.0,0.0,0.0,9.0,1.0,0.0,0.0,1.0,0.875,0.0,0.0,2.0,1.0,1.0,1.0,4.0,1.0,0.5,1.0,1.0,1.0,0.0,1.0,2.0,1.0,1.0,0.667,1.0,2.0,6.0,0.0,1.0,1.0,2.0,0.0,1.0,,,,,,,2.0,3.0,,0.0,0.0,0.0,1.0,,0.0,1.0,0.667,0.667,0.0,0.0,4.0,2.0,0.0,0.0,0.0,2.0,0.0,1.0,,0.0,0.0,6.0,1.0,1.5,3.0,1.0,3.0,3.0,3.0,2017,21600315,,12.0,19.0,0.632,0.462,0.17,5.0,7.0,0.714,0.351,7.0,12.0,0.583,0.501,3.0,6.0,0.5,0.558,7.0,10.0,0.7,0.393,,,,,,,,,,,,,,,20161206.0,2016-17,False,WAS,18.0,11.0,7.0,4.0,0.0,0.0,0.0,0.0,0.0,3.0,0.0,0.0,0.0,0.0,0.0,0.0,0.0,0.0,0.0,0.0,0.0,,,,,,1.4,1.1,4.31,4.56,2.5,4.02,Elfrid,1.0,1.0,0.0,1.0,55.7,0.0,0.0,50.0,1.0,1.0,1.0,1.0,20.0,7.0,25.0,9.0,7.0,29.0,1.0,17.0,23.0,1.0,29.0,106.0,97.0,2.0,24.0,1.0,3.0,81.0,96.0,19.0,8.0,50.0,3.0,14.0,1.0,3.0,101.9,63.0,132.4,26.0,9.0,36.0,2.7,8.0,62.0,8.0,63.0,14.0,99.0,7.0,7.0,26.0,55.0,12.0,62.0,45.0,135.1,94.0,25.0,8.0,54.0,10.0,54.0,11.0,99.0,8.0,30.0,16.0,3.0,25.0,,,1.0,,ORL,,0.364,,0.082,3.0,,5.0,0.6,0.595,0.005,-0.058,,,,,,,,,,,,,,,,,,,,,,,,,,,,,,,,,,,,,,,,13356.0,101.0,,,,,,,,,,,,,,,1610612764.0,WAS,ORL,ORL,WAS,,,1.0,,0.307,,,,,,,,,,,,,,
203901,Elfrid Payton,1610612753,ORL,23.0,27.933333333333334,5,8,0.625,0,0,0.0,0,2,0.0,1,3,4,4,2,1,0,0,3,2,10,-17,80.19,2.0,0.167,0.563,13.3,56,0.166,-29.5,87.5,96.23,26.7,0.0,0.308,0.0,0.625,0.029,83.6,100.49,113.1,117.9,13.4,-30.4,0.101,60.0,0.1,67.0,0.067,13.0,2.0,6.0,0.0,12.0,0.0,4.0,0.0,1.0,2.0,0.308,0.0,9.0,13.0,0.0,2.0,0.692,0.077,1.0,0.0,0.0,2.0,0.0,0.13,0.0,4.9,5.09,77.0,2.0,0.0,0.0,29.0,6.3,1.0,3.0,9.3,2.0,0.5,0.8,0.333,0.0,4.0,10.3,0.571,6.2,2.0,2.0,2.0,1.0,0.75,0.5,1.0,1.0,1.0,0.333,1.0,1.0,7.0,0.0,,0.0,2.0,0.25,0.25,1.0,2.0,0.0,0.5,0.5,1.0,0.5,,4.0,0.0,0.0,0.0,0.75,3.0,0.75,4.0,3.0,0.5,0.75,0.5,0.0,0.125,1.0,1.0,1.0,1.0,0.0,,0.0,1.0,0.125,1.0,1.0,0.0,0.0,0.0,1.0,0.0,0.0,,1.0,0.125,0.0,0.0,0.125,0.0,0.0,,0.0,0.0,,,1.0,0.0,0.0,0.0,0.0,0.0,1.0,0.625,0.0,0.0,2.0,1.0,0.0,0.0,4.0,0.0,1.0,,1.0,0.0,,0.0,0.0,,,0.667,0.0,1.0,6.0,,0.0,0.0,0.0,,0.0,,,,,,,1.0,1.0,,0.0,0.0,0.0,0.0,,0.0,0.0,1.0,0.667,0.0,,4.0,0.0,0.0,0.0,,0.0,,0.0,,0.0,1.0,6.0,0.0,,0.0,,,,0.0,2017,21600322,,5.0,9.0,0.556,0.427,0.129,2.0,6.0,0.333,0.344,3.0,3.0,1.0,0.518,3.0,3.0,1.0,0.552,2.0,6.0,0.333,0.358,,,,,,,,,,,,,,,20161207.0,2016-17,False,BOS,5.0,0.0,5.0,4.0,0.0,0.0,0.0,0.0,0.0,0.0,0.0,0.0,0.0,0.0,0.0,0.0,0.0,0.0,0.0,0.0,0.0,,,,,,1.1,1.0,4.52,4.75,2.1,4.29,Elfrid,1.0,0.0,1.0,0.0,21.8,0.0,0.0,20.0,1.0,113.0,113.0,113.0,75.0,48.0,92.0,42.0,98.0,160.0,98.0,119.0,70.0,119.0,60.0,68.0,74.0,30.0,40.0,43.0,59.0,1.0,143.0,67.0,86.0,188.0,86.0,18.0,2.0,93.0,96.23,138.0,117.9,153.0,5.0,53.0,-30.4,41.0,129.0,166.0,147.0,91.0,157.0,48.0,87.0,153.0,100.0,8.0,147.0,172.0,87.5,146.0,92.0,166.0,176.0,22.0,176.0,181.0,157.0,59.0,59.0,104.0,31.0,10.0,,,1.0,,ORL,,-0.011,,0.482,3.0,,3.0,1.0,0.609,0.391,0.448,,,,,,,,,,,,,,,,,,,,,,,,,,,,,,,,,,,,,,,,11071.0,91.0,,,,,,,,,,,,,,,1610612738.0,ORL,BOS,ORL,BOS,,,1.0,,-0.025,,,,,,,,,,,,,,
203901,Elfrid Payton,1610612753,ORL,23.0,23.37333333333333,4,13,0.308,0,3,0.0,0,0,0.0,2,2,4,6,3,0,1,3,1,0,8,-15,84.71,2.0,0.286,0.308,13.6,49,0.29,-29.6,87.8,101.65,27.3,0.0,0.462,0.0,0.308,0.0,89.4,99.4,119.0,116.0,13.6,-28.2,0.046,50.0,0.18,59.0,0.12,14.0,2.0,9.0,2.0,16.0,0.091,4.0,2.0,0.0,8.0,0.182,0.045,11.0,22.0,1.0,0.0,0.5,0.0,0.25,0.0,0.0,2.0,0.0,0.119,0.0,4.82,4.75,67.0,2.0,0.0,0.0,28.0,5.4,1.0,6.0,5.2,1.0,0.4,0.4,0.0,1.0,5.0,6.4,0.364,4.0,2.0,1.0,3.0,0.4,0.4,0.25,1.0,0.0,0.5,0.333,0.0,1.0,11.0,0.0,,0.0,5.0,0.385,0.385,1.0,5.0,0.0,0.2,0.2,1.0,0.2,,5.0,0.0,0.0,0.0,0.6,3.0,0.6,5.0,3.0,0.385,0.6,0.385,2.0,0.154,2.0,0.0,0.0,0.0,0.154,0.0,0.0,0.0,0.0,0.0,,,0.0,0.0,0.0,1.0,0.0,0.0,1.0,0.0,0.0,0.0,0.077,0.077,,0.0,0.0,,,0.0,0.0,0.0,0.0,0.0,0.0,0.0,1.0,0.308,0.0,0.0,2.0,0.0,0.0,0.0,4.0,0.0,0.0,0.0,0.0,0.0,,2.0,1.0,0.0,0.0,0.571,0.0,3.0,7.0,,1.0,0.0,0.0,,0.0,,,,,,,0.0,3.0,,0.0,0.0,0.0,0.0,,0.0,1.0,0.0,0.571,0.0,,4.0,0.0,0.0,0.0,,2.0,,0.0,,0.0,0.0,7.0,0.0,0.0,3.0,0.0,3.0,0.0,0.0,2017,21600337,,2.0,8.0,0.25,0.464,-0.214,0.0,2.0,0.0,0.328,2.0,6.0,0.333,0.502,1.0,3.0,0.333,0.584,1.0,4.0,0.25,0.345,,,,,,,,,,,,,,,20161209.0,2016-17,False,CHA,4.0,3.0,1.0,1.0,0.0,0.0,0.0,0.0,0.0,0.0,0.0,0.0,0.0,0.0,0.0,0.0,0.0,0.0,0.0,0.0,0.0,,,,,,1.0,0.8,4.63,5.12,1.8,4.12,Elfrid,1.0,0.0,1.0,0.0,21.8,0.0,0.0,20.0,1.0,96.0,96.0,96.0,98.0,62.0,29.0,144.0,95.0,65.0,95.0,97.0,102.0,97.0,20.0,107.0,75.0,9.0,15.0,81.0,14.0,180.0,33.0,130.0,94.0,166.0,81.0,12.0,2.0,80.0,101.65,28.0,116.0,61.0,4.0,52.0,-28.2,32.0,28.0,156.0,137.0,72.0,133.0,62.0,158.0,61.0,83.0,13.0,137.0,155.0,87.8,142.0,29.0,156.0,155.0,8.0,155.0,157.0,133.0,150.0,51.0,142.0,23.0,8.0,,,1.0,,ORL,,-0.328,,-0.168,1.0,,2.0,0.5,0.652,-0.152,-0.251,,,,,,,,,,,,,,,,,,,,,,,,,,,,,,,,,,,,,,,,9456.0,96.0,,,,,,,,,,,,,,,1610612766.0,CHA,ORL,ORL,CHA,,,1.0,,-0.095,,,,,,,,,,,,,,
203901,Elfrid Payton,1610612753,ORL,23.0,27.371666666666663,3,10,0.3,0,3,0.0,1,3,0.333,0,4,4,5,4,0,0,0,0,2,7,-11,84.03,1.25,0.259,0.309,20.0,56,0.271,-18.6,105.4,100.83,25.0,0.154,0.294,0.075,0.3,0.0,106.3,97.78,124.9,118.6,19.7,-13.3,0.026,50.0,0.14,61.0,0.1,11.0,0.0,7.0,2.0,13.0,0.143,3.0,2.0,1.0,3.0,0.214,0.143,6.0,14.0,2.0,2.0,0.429,0.071,0.333,1.0,0.5,1.0,2.0,0.106,1.0,5.22,5.05,66.0,0.0,1.0,0.0,27.0,5.7,0.0,2.0,9.7,0.0,0.0,0.5,0.0,0.0,7.0,9.7,0.444,0.0,4.0,1.0,4.0,0.667,0.571,0.0,0.0,1.0,0.0,0.0,0.0,0.0,9.0,0.0,,0.0,1.0,0.1,0.1,1.0,1.0,0.0,1.0,1.0,1.0,1.0,,3.0,0.0,0.0,0.0,0.667,2.0,0.667,3.0,2.0,0.3,0.667,0.3,0.0,0.2,2.0,2.0,0.0,0.0,0.0,,0.0,0.0,0.2,0.0,0.0,0.0,0.0,0.0,1.0,3.0,0.0,0.0,4.0,0.1,0.0,0.0,0.4,0.3,0.333,0.0,2.0,0.333,,0.0,3.0,1.0,2.0,0.25,0.0,0.0,0.0,0.3,2.0,1.0,0.0,0.0,0.0,0.0,1.0,0.0,0.0,0.0,4.0,0.0,0.0,2.0,1.0,0.0,1.0,1.0,0.0,2.0,1.0,0.0,0.0,2.0,0.0,0.0,0.5,,,,,,,0.0,1.0,0.0,0.0,0.0,0.0,0.0,0.0,2.0,1.0,0.0,1.0,2.0,0.0,1.0,0.0,0.0,0.667,0.0,2.0,0.0,0.0,0.0,0.0,3.0,1.0,0.0,0.333,3.0,0.0,2.0,0.0,1.0,2017,21600347,,3.0,8.0,0.375,0.438,-0.063,1.0,2.0,0.5,0.362,2.0,6.0,0.333,0.478,1.0,2.0,0.5,0.553,2.0,4.0,0.5,0.391,,,,,,,,,,,,,,,20161210.0,2016-17,False,DEN,6.0,4.0,2.0,2.0,0.0,0.0,0.0,0.0,0.0,1.0,0.0,0.0,0.0,0.0,0.0,0.0,0.0,0.0,0.0,0.0,0.0,,,,,,1.1,1.0,4.4,4.85,2.0,4.38,Elfrid,1.0,0.0,1.0,0.0,15.3,0.0,0.0,16.0,1.0,106.0,106.0,106.0,71.0,101.0,59.0,157.0,106.0,60.0,106.0,77.0,49.0,103.0,103.0,60.0,79.0,18.0,5.0,100.0,57.0,1.0,1.0,57.0,118.0,170.0,126.0,17.0,1.0,118.0,100.83,33.0,118.6,58.0,3.0,51.0,-13.3,50.0,34.0,129.0,169.0,113.0,137.0,101.0,173.0,58.0,40.0,10.0,168.0,153.0,105.4,166.0,59.0,129.0,140.0,21.0,140.0,125.0,137.0,165.0,25.0,165.0,63.0,7.0,,,1.0,,ORL,,0.139,,-0.145,1.0,,2.0,0.5,0.584,-0.084,-0.053,,,,,,,,,,,,,,,,,,,,,,,,,,,,,,,,,,,,,,,,10731.0,96.0,,,,,,,,,,,,,,,1610612743.0,ORL,DEN,ORL,DEN,,,1.0,,0.109,,,,,,,,,,,,,,
203901,Elfrid Payton,1610612753,ORL,23.0,35.28333333333333,9,12,0.75,3,3,1.0,5,7,0.714,1,2,3,14,2,2,0,0,2,8,26,30,82.76,7.0,0.218,0.862,6.5,73,0.218,42.5,143.8,99.31,45.2,0.057,0.452,0.0,0.875,0.0,142.9,100.81,100.4,102.7,6.4,41.1,0.2,61.0,0.23,75.0,0.23,21.0,0.0,14.0,0.0,37.0,0.0,2.0,0.0,1.0,1.0,0.167,0.417,2.0,12.0,5.0,2.0,0.167,0.083,0.0,2.0,1.0,0.0,1.0,0.306,4.0,6.43,6.15,85.0,2.0,0.0,1.5,26.0,9.1,1.0,3.0,9.3,0.0,0.333,0.375,0.0,1.0,5.0,8.0,0.375,12.0,2.0,0.0,3.0,0.4,0.4,0.0,0.0,0.0,0.0,0.333,0.0,0.0,8.0,,,,,,,,,,,,,,,7.0,0.0,0.0,0.0,0.571,4.0,0.571,7.0,4.0,0.583,0.571,0.583,2.0,0.167,2.0,0.0,0.0,1.5,0.167,1.0,2.0,1.0,0.0,2.0,,1.0,1.0,1.0,2.0,1.0,1.167,1.0,3.0,0.167,3.0,2.0,0.25,0.083,1.0,0.0,4.0,1.0,,0.0,2.0,2.0,11.0,1.0,6.0,1.0,1.0,0.875,0.0,0.0,2.0,0.0,1.0,1.0,4.0,2.0,0.0,1.0,2.0,0.0,0.0,2.0,1.0,1.0,1.0,0.667,0.0,1.0,6.0,0.0,0.0,2.0,1.0,0.0,1.0,,,,,,,0.0,0.0,,1.0,,,1.0,,2.0,1.0,0.0,0.667,1.0,0.0,4.0,2.0,0.5,1.0,0.0,2.0,0.0,1.0,,,1.0,6.0,1.0,1.375,4.0,1.0,3.0,3.0,4.0,2017,21600369,,7.0,12.0,0.583,0.43,0.154,3.0,5.0,0.6,0.368,4.0,7.0,0.571,0.457,0.0,1.0,0.0,0.51,5.0,9.0,0.556,0.4,,,,,,,,,,,,,,,20161213.0,2016-17,False,ATL,6.0,3.0,3.0,5.0,0.0,0.0,0.0,0.0,0.0,3.0,0.0,0.0,0.0,0.0,0.0,0.0,0.0,0.0,0.0,0.0,0.0,,,,,,1.3,1.2,4.26,4.47,2.5,4.05,Elfrid,1.0,1.0,0.0,1.0,54.6,1.0,0.0,50.0,1.0,1.0,1.0,1.0,18.0,8.0,29.0,10.0,8.0,39.0,1.0,8.0,7.0,46.0,30.0,62.0,58.0,1.0,22.0,10.0,50.0,1.0,64.0,1.0,9.0,2.0,5.0,1.0,2.0,6.0,99.31,49.0,102.7,66.0,9.0,45.0,41.1,7.0,49.0,6.0,58.0,63.0,58.0,8.0,10.0,66.0,47.0,12.0,58.0,7.0,143.8,51.0,29.0,6.0,6.0,7.0,6.0,6.0,58.0,9.0,36.0,14.0,1.0,26.0,,,,,ORL,,0.232,,0.114,0.0,,1.0,0.0,0.562,-0.562,-0.51,,,,,,,,,,,,,,,,,,,,,,,,,,,,,,,,,,,,,,,,13420.0,98.0,,,,,,,,,,,,,,,1610612737.0,ATL,ORL,ORL,ATL,,,1.0,,0.156,,,,,,,,,,,,,,
203901,Elfrid Payton,1610612753,ORL,23.0,25.53333333333333,4,12,0.333,1,3,0.333,0,0,0.0,0,3,3,9,1,1,1,0,4,1,9,-7,79.9,9.0,0.22,0.375,4.5,50,0.23,-4.2,112.0,95.87,40.9,0.115,0.5,0.055,0.375,0.0,115.4,95.12,119.6,121.2,4.5,-9.2,0.094,51.0,0.196,59.0,0.176,17.0,0.0,10.0,1.0,22.0,0.071,4.0,1.0,0.0,2.0,0.286,0.286,6.0,14.0,4.0,0.0,0.429,0.0,1.0,0.0,0.0,2.0,0.0,0.136,1.0,5.22,5.23,66.0,2.0,0.0,2.0,24.0,5.7,1.0,1.0,7.8,0.0,0.0,0.6,0.0,0.0,4.0,7.8,0.6,0.0,3.0,0.0,3.0,0.75,0.75,0.0,0.0,0.0,0.0,0.0,0.0,0.0,5.0,,,,,,,,,,,,,,,4.0,0.0,0.0,0.0,0.25,1.0,0.25,4.0,1.0,0.333,0.25,0.333,0.0,0.333,4.0,4.0,2.0,0.5,0.0,,0.0,0.5,0.333,2.0,0.5,0.0,0.25,1.0,1.0,3.0,0.375,0.333,4.0,0.083,1.0,0.0,0.333,0.25,0.167,0.0,2.0,0.167,,0.0,6.0,1.0,3.0,0.333,2.0,1.0,1.0,0.375,0.0,0.0,2.0,1.0,1.0,0.0,2.0,0.0,0.333,1.0,3.0,0.0,0.0,2.0,1.0,1.0,1.0,0.667,0.0,3.0,3.0,0.0,0.0,0.0,1.0,0.0,0.0,,,,,,,1.0,3.0,,0.0,0.0,0.0,1.0,,0.0,3.0,0.333,0.667,0.0,0.0,2.0,0.0,0.0,0.0,0.0,1.0,0.0,0.333,,0.0,2.0,3.0,0.0,0.5,3.0,0.333,3.0,1.0,1.0,2017,21600376,,2.0,9.0,0.222,0.433,-0.21,1.0,4.0,0.25,0.364,1.0,5.0,0.2,0.472,0.0,2.0,0.0,0.541,2.0,6.0,0.333,0.377,,,,,,,,,,,,,,,20161214.0,2016-17,False,LAC,7.0,4.0,3.0,1.0,0.0,0.0,0.0,0.0,0.0,1.0,0.0,0.0,0.0,0.0,0.0,0.0,0.0,0.0,0.0,0.0,0.0,,,,,,1.0,0.9,4.25,4.96,1.8,4.06,Elfrid,1.0,0.0,1.0,0.0,31.1,0.0,0.0,26.0,1.0,110.0,110.0,110.0,89.0,73.0,36.0,136.0,55.0,63.0,72.0,125.0,134.0,125.0,113.0,78.0,104.0,4.0,72.0,37.0,21.0,1.0,184.0,102.0,97.0,160.0,38.0,15.0,2.0,51.0,95.87,72.0,121.2,115.0,4.0,59.0,-9.2,11.0,74.0,87.0,88.0,125.0,164.0,73.0,167.0,115.0,45.0,12.0,88.0,122.0,112.0,158.0,36.0,87.0,145.0,2.0,145.0,78.0,164.0,150.0,30.0,109.0,1.0,9.0,,,,,ORL,,-0.114,,-0.272,0.0,,1.0,0.0,0.617,-0.617,-0.541,,,,,,,,,,,,,,,,,,,,,,,,,,,,,,,,,,,,,,,,9758.0,91.0,,,,,,,,,,,,,,,1610612746.0,ORL,LAC,ORL,LAC,,,1.0,,-0.043,,,,,,,,,,,,,,
203901,Elfrid Payton,1610612753,ORL,23.0,20.84,4,11,0.364,0,1,0.0,2,2,1.0,0,5,5,5,1,0,0,1,2,1,10,0,87.33,5.0,0.241,0.421,5.6,46,0.242,-3.5,119.6,104.8,27.8,0.0,0.294,0.0,0.364,0.0,114.2,109.27,117.7,122.2,5.6,-2.7,0.097,41.0,0.146,51.0,0.122,12.0,0.0,6.0,1.0,10.0,0.0,4.0,0.0,0.0,7.0,0.286,0.143,5.0,14.0,2.0,0.0,0.357,0.0,0.286,0.0,0.0,2.0,0.0,0.179,1.0,5.62,5.77,56.0,0.0,0.0,0.0,16.0,5.2,0.0,4.0,7.5,1.0,0.0,0.556,0.2,0.0,5.0,7.5,0.556,0.0,4.0,0.0,4.0,1.0,1.0,0.2,0.0,0.0,0.0,0.0,1.0,0.0,9.0,0.0,,0.0,4.0,0.364,0.364,2.0,4.0,0.0,0.5,0.5,2.0,0.5,,5.0,0.0,0.0,0.0,0.4,2.0,0.4,5.0,2.0,0.455,0.4,0.455,1.0,0.182,2.0,1.0,0.0,0.0,0.091,0.0,0.0,0.0,0.091,0.0,0.0,,,,,,,,,,,,,,0.0,0.0,0.0,0.0,,0.0,2.0,0.0,0.0,0.0,0.0,0.0,0.0,0.364,0.0,0.0,0.0,1.0,0.0,0.0,3.0,0.0,0.333,0.0,1.0,0.0,0.0,0.0,1.0,0.0,0.0,0.5,0.0,3.0,6.0,0.0,1.0,0.0,0.0,0.0,0.0,,,,,,,1.0,2.0,,0.0,0.0,0.0,0.0,,0.0,0.0,0.5,0.429,0.0,0.0,3.0,0.0,0.0,0.0,0.0,1.0,0.0,0.0,,0.0,1.0,7.0,0.0,0.0,1.0,0.0,1.0,0.0,0.0,2017,21600390,,2.0,4.0,0.5,0.448,0.052,2.0,3.0,0.667,0.358,0.0,1.0,0.0,0.479,0.0,1.0,0.0,0.493,2.0,3.0,0.667,0.351,,,,,,,,,,,,,,,20161216.0,2016-17,False,BKN,3.0,1.0,2.0,3.0,0.0,0.0,0.0,0.0,0.0,1.0,0.0,0.0,0.0,0.0,0.0,0.0,0.0,0.0,0.0,0.0,0.0,,,,,,0.9,0.8,4.64,5.13,1.6,4.7,Elfrid,1.0,1.0,0.0,1.0,22.5,0.0,0.0,20.0,1.0,1.0,1.0,1.0,133.0,69.0,53.0,124.0,100.0,128.0,100.0,60.0,74.0,1.0,109.0,40.0,63.0,16.0,65.0,82.0,58.0,145.0,94.0,107.0,89.0,105.0,86.0,18.0,2.0,89.0,104.8,51.0,122.2,22.0,4.0,64.0,-2.7,31.0,49.0,56.0,100.0,12.0,168.0,69.0,145.0,22.0,91.0,11.0,99.0,116.0,119.6,157.0,53.0,56.0,114.0,25.0,114.0,60.0,168.0,142.0,60.0,97.0,7.0,10.0,,,1.0,,ORL,,0.308,,-0.479,,,,,,,-0.493,,,,,,,,,,,,,,,,,,,,,,,,,,,,,,,,,,,,,,,,8672.0,103.0,,,,,,,,,,,,,,,1610612751.0,ORL,BKN,ORL,BKN,,,1.0,,0.316,,,,,,,,,,,,,,
203901,Elfrid Payton,1610612753,ORL,23.0,25.3,6,10,0.6,0,2,0.0,1,1,1.0,0,2,2,3,1,0,0,0,0,3,13,-18,77.47,3.0,0.204,0.623,7.1,48,0.211,-30.2,89.6,92.96,21.4,0.0,0.231,0.0,0.6,0.0,89.2,94.18,119.4,122.0,6.9,-32.4,0.143,41.0,0.073,49.0,0.073,11.0,0.0,3.0,0.0,7.0,0.0,8.0,0.0,0.0,5.0,0.889,0.222,2.0,9.0,2.0,0.0,0.222,0.0,0.8,0.0,0.0,4.0,0.0,0.241,0.0,5.99,6.06,54.0,0.0,0.0,0.0,12.0,5.4,0.0,2.0,8.8,0.0,0.0,0.4,0.0,0.0,3.0,8.8,0.4,0.0,2.0,0.0,2.0,0.667,0.667,0.0,0.0,0.0,0.0,0.0,0.0,0.0,5.0,0.0,,0.0,2.0,0.2,0.2,1.0,2.0,0.0,0.5,0.5,1.0,0.5,,4.0,0.0,0.0,0.0,0.75,3.0,0.75,4.0,3.0,0.4,0.75,0.4,1.0,0.3,3.0,2.0,2.0,0.667,0.1,0.0,0.0,0.667,0.2,2.0,1.0,,0.0,0.0,0.0,1.0,0.0,0.0,1.0,0.0,0.0,0.0,0.1,0.1,1.0,0.0,6.0,1.0,,0.0,3.0,3.0,0.0,0.0,0.0,0.0,0.0,0.6,0.0,0.0,0.0,1.0,0.0,0.0,1.0,0.0,1.0,0.0,4.0,0.0,,2.0,0.0,0.0,0.0,0.333,0.0,1.0,3.0,,0.0,4.0,0.0,,1.0,,,,,,,1.0,1.0,,1.0,,,0.0,,1.0,1.0,1.0,0.333,3.0,,1.0,0.0,1.0,1.0,,1.0,,0.0,,,3.0,3.0,0.0,0.0,2.0,0.0,2.0,0.0,0.0,2017,21600409,,4.0,14.0,0.286,0.453,-0.168,2.0,9.0,0.222,0.384,2.0,5.0,0.4,0.5,1.0,2.0,0.5,0.484,3.0,12.0,0.25,0.4,,,,,,,,,,,,,,,20161218.0,2016-17,False,TOR,10.0,4.0,6.0,0.0,0.0,0.0,0.0,0.0,0.0,0.0,0.0,0.0,0.0,0.0,0.0,0.0,0.0,0.0,0.0,0.0,0.0,,,,,,1.0,0.9,4.53,4.82,1.9,4.24,Elfrid,1.0,0.0,1.0,0.0,18.9,0.0,0.0,18.0,1.0,78.0,78.0,78.0,60.0,19.0,38.0,27.0,65.0,58.0,65.0,55.0,71.0,1.0,74.0,75.0,89.0,31.0,60.0,76.0,41.0,1.0,1.0,24.0,37.0,144.0,68.0,11.0,1.0,68.0,92.96,59.0,122.0,111.0,6.0,44.0,-32.4,47.0,59.0,109.0,66.0,106.0,134.0,19.0,49.0,111.0,55.0,10.0,66.0,129.0,89.6,131.0,38.0,109.0,133.0,33.0,133.0,107.0,134.0,44.0,39.0,44.0,11.0,13.0,,,1.0,,ORL,,-0.162,,-0.1,1.0,,2.0,0.5,0.558,-0.058,0.016,,,,,,,,,,,,,,,,,,,,,,,,,,,,,,,,,,,,,,,,9905.0,94.0,,,,,,,,,,,,,,,1610612761.0,ORL,TOR,ORL,TOR,,,1.0,,-0.15,,,,,,,,,,,,,,
203901,Elfrid Payton,1610612753,ORL,23.0,35.568333333333335,8,13,0.615,0,1,0.0,6,7,0.857,0,2,2,6,1,1,1,1,2,6,22,4,83.78,6.0,0.21,0.684,4.3,73,0.218,8.8,111.0,100.54,26.1,0.053,0.273,0.027,0.615,0.0,106.2,104.78,97.4,101.3,4.3,9.6,0.189,60.0,0.1,72.0,0.1,14.0,0.0,6.0,0.0,14.0,0.0,7.0,0.0,0.0,6.0,0.412,0.118,8.0,17.0,2.0,0.0,0.471,0.0,0.5,0.0,0.0,3.0,0.0,0.282,0.0,5.66,5.73,78.0,1.0,0.0,0.0,17.0,7.4,0.0,2.0,10.4,0.0,0.0,0.182,0.0,0.0,10.0,10.4,0.167,0.0,2.0,1.0,2.0,0.222,0.2,0.0,0.0,1.0,0.0,0.0,0.0,0.0,12.0,0.0,,0.0,1.0,0.077,0.077,0.0,1.0,0.0,0.0,0.0,0.0,0.0,,9.0,0.0,0.0,0.0,0.667,6.0,0.667,9.0,6.0,0.692,0.667,0.692,1.0,0.077,1.0,0.0,0.0,0.0,0.077,0.0,0.0,0.0,0.0,0.0,,1.0,1.0,0.0,2.0,0.0,1.0,,2.0,0.154,2.0,2.0,0.154,0.0,1.0,0.0,4.0,1.0,,0.0,2.0,2.0,0.0,0.0,0.0,0.0,0.0,0.615,0.0,0.0,0.0,1.0,0.0,0.0,5.0,0.0,0.333,0.0,2.0,0.0,0.0,1.0,0.0,0.0,0.0,0.714,0.0,3.0,7.0,0.0,0.0,2.0,0.0,0.0,1.0,,,,,,,1.0,2.0,,0.0,0.0,0.0,0.0,,1.0,0.0,0.5,0.714,2.0,0.0,5.0,0.0,0.0,1.0,0.0,1.0,0.0,0.0,,0.0,2.0,7.0,0.0,0.0,1.0,0.0,1.0,0.0,0.0,2017,21600422,,8.0,17.0,0.471,0.456,0.014,4.0,8.0,0.5,0.344,4.0,9.0,0.444,0.497,4.0,6.0,0.667,0.554,4.0,9.0,0.444,0.353,,,,,,,,,,,,,,,20161220.0,2016-17,False,MIA,12.0,4.0,8.0,2.0,0.0,0.0,0.0,0.0,0.0,0.0,0.0,0.0,0.0,0.0,0.0,0.0,0.0,0.0,0.0,0.0,0.0,,,,,,1.3,1.2,4.4,4.81,2.6,3.74,Elfrid,1.0,1.0,0.0,1.0,38.4,0.0,0.0,34.0,1.0,1.0,1.0,1.0,39.0,21.0,41.0,41.0,112.0,135.0,112.0,13.0,14.0,56.0,126.0,123.0,150.0,13.0,82.0,36.0,23.0,152.0,101.0,5.0,27.0,70.0,33.0,26.0,1.0,38.0,100.54,81.0,101.3,69.0,8.0,73.0,9.6,47.0,87.0,99.0,91.0,36.0,77.0,21.0,47.0,69.0,106.0,13.0,91.0,79.0,111.0,57.0,41.0,99.0,72.0,35.0,72.0,124.0,77.0,68.0,80.0,24.0,3.0,22.0,,,1.0,,ORL,,0.156,,-0.052,1.0,,1.0,1.0,0.678,0.322,0.113,,,,,,,,,,,,,,,,,,,,,,,,,,,,,,,,,,,,,,,,13512.0,116.0,,,,,,,,,,,,,,,1610612748.0,MIA,ORL,ORL,MIA,,,1.0,,0.091,,,,,,,,,,,,,,
203901,Elfrid Payton,1610612753,ORL,23.0,31.1,4,11,0.364,1,4,0.25,1,2,0.5,2,6,8,4,6,2,0,2,1,3,10,-9,82.96,0.67,0.243,0.421,27.3,64,0.245,-13.0,95.3,99.55,18.2,0.158,0.211,0.113,0.409,0.061,93.8,100.75,106.8,107.7,27.4,-12.4,0.07,58.0,0.086,63.0,0.069,15.0,0.0,5.0,1.0,8.0,0.091,0.0,1.0,0.0,4.0,0.0,0.182,4.0,11.0,2.0,0.0,0.364,0.0,0.0,0.0,0.0,0.0,0.0,0.127,1.0,4.73,4.37,79.0,5.0,0.0,0.0,23.0,6.2,1.2,5.0,7.8,1.0,0.4,0.615,0.0,1.0,8.0,8.1,0.615,7.0,6.0,0.0,7.0,0.75,0.75,0.125,0.0,0.0,0.5,0.4,0.0,1.0,13.0,0.0,,0.0,1.0,0.091,0.091,0.0,1.0,0.0,0.0,0.0,0.0,0.0,,4.0,0.0,0.0,0.0,0.5,2.0,0.5,4.0,2.0,0.364,0.5,0.364,1.0,0.273,3.0,2.0,1.0,0.333,0.091,0.0,0.0,0.333,0.182,1.0,0.5,,0.333,1.0,0.0,3.0,0.5,0.333,3.0,0.0,1.0,0.0,0.273,0.273,0.0,0.0,0.0,0.0,,0.0,1.0,0.0,3.0,0.25,0.0,0.0,1.0,0.409,0.0,0.0,6.0,1.0,0.0,0.333,2.0,1.0,0.333,,1.0,0.0,0.0,3.0,0.0,,,0.667,0.0,3.0,3.0,0.0,0.0,0.0,0.0,1.0,0.0,,,,,,,1.0,3.0,,0.0,,,1.0,,1.0,2.0,0.333,0.667,0.0,1.0,2.0,0.0,0.0,0.0,0.0,1.0,0.0,0.5,,,0.0,3.0,0.0,0.5,3.0,0.333,3.0,1.0,1.0,2017,21600438,,5.0,8.0,0.625,0.476,0.149,1.0,2.0,0.5,0.262,4.0,6.0,0.667,0.514,2.0,3.0,0.667,0.554,1.0,3.0,0.333,0.367,,,,,,,,,,,,,,,20161222.0,2016-17,False,NYK,5.0,3.0,2.0,4.0,0.0,1.0,2.0,0.0,0.0,0.0,0.0,0.0,0.0,0.0,0.0,0.0,0.0,0.0,0.0,0.0,0.0,,,,,,1.2,1.2,4.64,5.07,2.4,4.27,Elfrid,1.0,0.0,1.0,0.0,25.6,0.0,0.0,27.0,1.0,56.0,56.0,56.0,26.0,41.0,28.0,67.0,28.0,26.0,43.0,37.0,26.0,37.0,16.0,18.0,14.0,17.0,1.0,8.0,40.0,100.0,28.0,16.0,44.0,96.0,38.0,8.0,1.0,31.0,99.55,23.0,107.7,78.0,4.0,15.0,-12.4,31.0,23.0,70.0,101.0,62.0,80.0,41.0,67.0,78.0,18.0,11.0,101.0,87.0,95.3,73.0,28.0,70.0,84.0,24.0,84.0,79.0,80.0,61.0,8.0,68.0,41.0,10.0,,,1.0,,ORL,,0.239,,0.153,2.0,,3.0,0.667,0.599,0.068,0.113,,,,,,,,,,,,,,,,,,,,,,,,,,,,,,,,,,,,,,,,12680.0,100.0,,,,,,,,,,,,,,,1610612752.0,NYK,ORL,ORL,NYK,,,1.0,,-0.034,,,,,,,,,,,,,,
203901,Elfrid Payton,1610612753,ORL,23.0,29.766666666666666,11,16,0.688,3,6,0.5,0,0,0.0,0,3,3,9,0,1,1,1,2,0,25,15,86.67,0.0,0.239,0.781,0.0,64,0.243,27.1,117.2,104.01,36.0,0.079,0.45,0.046,0.781,0.0,115.5,107.14,88.3,92.3,0.0,24.9,0.254,55.0,0.218,60.0,0.164,17.0,1.0,12.0,2.0,24.0,0.0,6.0,0.0,0.0,4.0,0.6,0.1,5.0,10.0,1.0,0.0,0.5,0.0,0.75,0.0,0.0,3.0,0.0,0.342,0.0,4.7,4.62,73.0,1.0,0.0,0.0,24.0,5.7,2.0,1.0,8.7,0.0,0.0,0.429,0.0,0.0,8.0,8.7,0.333,0.0,3.0,2.0,3.0,0.5,0.375,0.0,0.0,2.0,0.0,0.0,0.0,0.0,9.0,0.0,,0.0,2.0,0.125,0.125,1.0,2.0,0.0,0.5,0.5,1.0,0.5,,4.0,0.0,0.0,0.0,0.75,3.0,0.75,4.0,3.0,0.25,0.75,0.25,1.0,0.25,4.0,3.0,3.0,1.125,0.063,1.0,1.0,1.0,0.188,4.0,1.0,1.0,0.5,2.0,1.0,5.0,0.667,0.4,6.0,0.063,3.0,1.0,0.375,0.313,1.0,0.0,8.0,1.0,,0.0,4.0,4.0,9.0,0.5,0.0,0.0,1.0,0.781,0.0,0.0,2.0,2.0,1.0,0.4,2.0,2.0,1.0,1.0,4.0,0.0,0.0,5.0,1.0,1.0,1.0,0.5,0.0,2.0,4.0,0.0,0.0,4.0,1.0,0.0,1.0,,,,,,,2.0,2.0,,0.0,,,1.0,,0.0,2.0,1.0,0.5,4.0,0.0,2.0,2.0,0.0,1.0,0.0,4.0,0.0,0.5,,,4.0,4.0,0.5,0.75,6.0,0.5,6.0,3.0,3.0,2017,21600443,,2.0,10.0,0.2,0.433,-0.233,1.0,3.0,0.333,0.329,1.0,7.0,0.143,0.469,1.0,6.0,0.167,0.537,1.0,4.0,0.25,0.352,,,,,,,,,,,,,,,20161223.0,2016-17,False,LAL,4.0,2.0,2.0,5.0,0.0,1.0,3.0,0.0,0.0,1.0,0.0,0.0,0.0,0.0,0.0,0.0,0.0,0.0,0.0,0.0,0.0,,,,,,1.1,1.1,4.44,5.07,2.2,3.94,Elfrid,1.0,1.0,0.0,1.0,48.1,0.0,0.0,44.0,1.0,1.0,1.0,1.0,88.0,8.0,26.0,40.0,21.0,25.0,46.0,159.0,169.0,159.0,140.0,101.0,133.0,11.0,192.0,53.0,27.0,199.0,135.0,215.0,16.0,25.0,12.0,24.0,3.0,15.0,104.01,75.0,92.3,68.0,11.0,79.0,24.9,21.0,78.0,80.0,1.0,44.0,62.0,8.0,36.0,68.0,107.0,16.0,1.0,37.0,117.2,54.0,26.0,80.0,45.0,14.0,45.0,86.0,62.0,38.0,65.0,11.0,153.0,25.0,,,1.0,,ORL,,0.004,,-0.326,1.0,,4.0,0.25,0.594,-0.344,-0.37,,,,,,,,,,,,,,,,,,,,,,,,,,,,,,,,,,,,,,,,11514.0,100.0,,,,,,,,,,,,,,,1610612747.0,ORL,LAL,ORL,LAL,,,1.0,,-0.102,,,,,,,,,,,,,,
203901,Elfrid Payton,1610612753,ORL,23.0,25.466666666666665,6,10,0.6,1,2,0.5,3,5,0.6,0,4,4,7,1,1,0,2,3,4,16,13,79.32,7.0,0.236,0.656,5.0,50,0.24,20.1,120.0,95.18,35.0,0.148,0.412,0.075,0.65,0.0,117.7,93.41,97.6,92.2,5.0,27.8,0.187,45.0,0.156,48.0,0.156,13.0,0.0,7.0,0.0,17.0,0.0,5.0,0.0,0.0,4.0,0.5,0.1,4.0,10.0,1.0,0.0,0.4,0.0,0.5,0.0,0.0,2.0,0.0,0.267,0.0,5.14,5.08,60.0,2.0,0.0,0.0,18.0,5.1,0.0,3.0,8.3,2.0,0.0,0.4,0.5,0.0,7.0,8.3,0.4,0.0,2.0,0.0,2.0,0.571,0.571,0.5,0.0,0.0,0.0,0.0,2.0,0.0,10.0,0.0,,0.0,3.0,0.3,0.3,2.0,3.0,0.0,0.667,0.667,2.0,0.667,,3.0,0.0,0.0,0.0,0.667,2.0,0.667,3.0,2.0,0.3,0.667,0.3,0.0,0.2,2.0,2.0,1.0,0.5,0.0,,0.0,0.5,0.2,1.0,0.5,,0.5,1.0,0.0,2.0,0.75,0.5,2.0,0.0,1.0,0.0,0.2,0.2,1.0,0.0,2.0,1.0,,0.0,1.0,1.0,3.0,0.5,0.0,0.0,0.0,0.65,0.0,0.0,0.0,2.0,0.0,0.5,2.0,1.0,0.667,0.0,1.0,0.0,,2.0,0.0,0.0,0.0,0.5,0.0,3.0,4.0,,0.0,1.0,0.0,,1.0,,,,,,,2.0,2.0,,0.0,0.0,0.0,1.0,,1.0,2.0,1.0,0.5,0.0,,2.0,1.0,0.0,0.0,,1.0,,0.5,,0.0,0.0,4.0,1.0,0.75,2.0,0.5,2.0,1.0,1.0,2017,21600462,,1.0,5.0,0.2,0.398,-0.198,0.0,2.0,0.0,0.303,1.0,3.0,0.333,0.402,1.0,2.0,0.5,0.487,0.0,3.0,0.0,0.363,,,,,,,,,,,,,,,20161226.0,2016-17,False,MEM,3.0,2.0,1.0,1.0,0.0,0.0,0.0,0.0,0.0,0.0,0.0,0.0,0.0,0.0,0.0,0.0,0.0,0.0,0.0,0.0,0.0,,,,,,1.0,0.8,4.48,4.74,1.9,3.76,Elfrid,1.0,1.0,0.0,1.0,33.3,0.0,0.0,30.0,1.0,1.0,1.0,1.0,97.0,42.0,72.0,40.0,65.0,111.0,30.0,39.0,25.0,88.0,109.0,58.0,80.0,9.0,84.0,55.0,66.0,222.0,158.0,26.0,46.0,18.0,37.0,19.0,1.0,43.0,95.18,63.0,92.2,164.0,6.0,40.0,27.8,19.0,64.0,49.0,93.0,170.0,49.0,42.0,64.0,164.0,28.0,10.0,93.0,41.0,120.0,84.0,72.0,49.0,26.0,14.0,26.0,56.0,49.0,53.0,17.0,27.0,3.0,16.0,,,1.0,,ORL,,-0.303,,-0.069,0.0,,1.0,0.0,0.427,-0.427,0.014,,,,,,,,,,,,,,,,,,,,,,,,,,,,,,,,,,,,,,,,9962.0,93.0,,,,,,,,,,,,,,,1610612763.0,ORL,MEM,ORL,MEM,,,1.0,,-0.363,,,,,,,,,,,,,,
203901,Elfrid Payton,1610612753,ORL,23.0,26.65,2,10,0.2,0,2,0.0,0,0,0.0,2,1,3,4,1,1,0,2,1,2,4,-13,81.05,4.0,0.183,0.2,6.7,54,0.188,-19.2,103.7,97.26,26.7,0.043,0.19,0.0,0.2,0.0,106.6,96.68,125.8,127.8,6.7,-24.1,0.008,57.0,0.105,62.0,0.07,12.0,1.0,6.0,1.0,12.0,0.0,4.0,0.0,0.0,6.0,0.444,0.0,3.0,9.0,0.0,0.0,0.333,0.0,0.333,0.0,0.0,2.0,1.0,0.056,1.0,4.29,4.1,71.0,2.0,0.0,0.0,20.0,5.1,0.0,5.0,6.7,1.0,0.4,0.375,0.0,1.0,3.0,4.6,0.375,7.8,1.0,0.0,2.0,0.333,0.333,0.333,0.0,0.0,0.5,0.4,0.0,1.0,8.0,0.0,,0.0,2.0,0.2,0.2,0.0,2.0,0.0,0.0,0.0,0.0,0.0,,4.0,0.0,0.0,0.0,0.5,2.0,0.5,4.0,2.0,0.4,0.5,0.4,0.0,0.2,2.0,2.0,0.0,0.0,0.0,,0.0,0.0,0.2,0.0,0.0,,0.0,0.0,0.0,2.0,0.0,0.0,2.0,0.0,0.0,0.0,0.2,0.2,0.0,0.0,0.0,0.0,,0.0,2.0,0.0,0.0,0.0,0.0,0.0,0.0,0.2,0.0,0.0,0.0,1.0,0.0,0.0,1.0,0.0,0.25,0.0,1.0,0.0,,1.0,1.0,0.0,1.0,0.333,0.0,4.0,3.0,,0.0,0.0,0.0,,0.0,,,,,,,1.0,3.0,,0.0,,,0.0,,1.0,1.0,0.333,0.333,0.0,,1.0,0.0,0.0,0.0,,1.0,,0.0,,,1.0,3.0,0.0,0.0,2.0,0.0,2.0,0.0,0.0,2017,21600477,,4.0,11.0,0.364,0.423,-0.06,2.0,4.0,0.5,0.353,2.0,7.0,0.286,0.435,2.0,3.0,0.667,0.495,2.0,5.0,0.4,0.38,,,,,,,,,,,,,,,20161228.0,2016-17,False,CHA,2.0,2.0,0.0,2.0,0.0,1.0,3.0,0.0,0.0,0.0,0.0,0.0,0.0,0.0,0.0,0.0,0.0,0.0,0.0,0.0,0.0,,,,,,1.0,1.0,4.51,4.96,2.0,4.13,Elfrid,1.0,0.0,1.0,0.0,15.6,0.0,0.0,13.0,1.0,106.0,106.0,106.0,86.0,121.0,62.0,171.0,97.0,84.0,97.0,113.0,123.0,113.0,31.0,144.0,111.0,34.0,73.0,43.0,67.0,194.0,44.0,51.0,151.0,189.0,120.0,16.0,2.0,128.0,97.26,109.0,127.8,94.0,2.0,57.0,-24.1,43.0,111.0,106.0,85.0,109.0,188.0,121.0,185.0,94.0,71.0,10.0,81.0,160.0,103.7,184.0,62.0,106.0,171.0,62.0,171.0,92.0,188.0,176.0,41.0,178.0,10.0,4.0,,,1.0,,ORL,,0.147,,-0.15,2.0,,2.0,1.0,0.544,0.456,0.172,,,,,,,,,,,,,,,,,,,,,,,,,,,,,,,,,,,,,,,,10538.0,95.0,,,,,,,,,,,,,,,1610612766.0,ORL,CHA,ORL,CHA,,,1.0,,0.02,,,,,,,,,,,,,,
203901,Elfrid Payton,1610612753,ORL,23.0,28.905,1,8,0.125,0,2,0.0,0,0,0.0,1,2,3,7,3,0,1,0,3,0,2,-17,84.41,2.33,0.159,0.125,16.7,60,0.161,-27.2,98.3,101.3,38.9,0.065,0.304,0.045,0.125,0.028,96.4,101.86,123.6,122.6,16.7,-24.2,-0.008,57.0,0.123,65.0,0.123,19.0,0.0,7.0,0.0,17.0,0.182,0.0,2.0,0.0,4.0,0.0,0.091,4.0,11.0,1.0,0.0,0.364,0.0,0.0,0.0,0.0,0.0,1.0,0.029,0.0,4.99,4.97,69.0,1.0,0.0,0.0,21.0,5.7,0.0,4.0,18.3,1.0,0.333,0.6,0.0,0.0,2.0,19.9,0.5,15.0,2.0,1.0,2.0,1.0,1.0,0.333,1.0,0.0,1.0,0.25,0.0,1.0,6.0,0.0,,0.0,3.0,0.375,0.375,1.0,3.0,0.0,0.333,0.333,1.0,0.333,,3.0,0.0,0.0,0.0,0.0,0.0,0.0,3.0,0.0,0.375,0.0,0.375,1.0,0.125,1.0,0.0,0.0,0.0,0.125,0.0,0.0,0.0,0.0,0.0,,,0.0,0.0,0.0,1.0,0.0,0.0,1.0,0.0,0.0,0.0,0.125,0.125,0.0,0.0,0.0,0.0,,0.0,2.0,0.0,0.0,0.0,0.0,0.0,0.0,0.125,0.0,0.0,0.0,0.0,0.0,0.0,0.0,0.0,0.0,0.0,3.0,0.0,0.0,1.0,1.0,0.0,1.0,0.0,0.0,1.0,2.0,0.0,0.0,1.0,0.0,0.0,0.333,,,,,,,0.0,1.0,,1.0,0.0,0.0,0.0,,2.0,1.0,0.0,0.0,0.0,0.0,0.0,0.0,0.5,0.0,0.0,1.0,0.0,0.0,,0.0,1.0,2.0,0.0,0.0,2.0,0.0,2.0,0.0,0.0,2017,21600510,,8.0,12.0,0.667,0.437,0.23,2.0,3.0,0.667,0.381,6.0,9.0,0.667,0.464,5.0,7.0,0.714,0.477,3.0,4.0,0.75,0.4,,,,,,,,,,,,,,,20170101.0,2016-17,False,IND,5.0,4.0,1.0,2.0,0.0,0.0,0.0,0.0,0.0,2.0,0.0,0.0,0.0,0.0,0.0,0.0,0.0,0.0,0.0,0.0,0.0,,,,,,1.0,1.0,4.46,4.67,2.1,3.9,Elfrid,1.0,0.0,1.0,0.0,16.1,0.0,0.0,14.0,1.0,53.0,53.0,53.0,45.0,74.0,47.0,87.0,49.0,40.0,49.0,54.0,58.0,54.0,19.0,53.0,48.0,4.0,4.0,49.0,13.0,1.0,67.0,76.0,81.0,101.0,59.0,8.0,1.0,62.0,101.3,61.0,122.6,20.0,1.0,25.0,-24.2,12.0,62.0,83.0,85.0,17.0,89.0,74.0,88.0,20.0,36.0,8.0,85.0,93.0,98.3,89.0,47.0,83.0,93.0,12.0,93.0,84.0,89.0,87.0,19.0,94.0,14.0,2.0,,,1.0,,ORL,,0.286,,0.203,4.0,,4.0,1.0,0.558,0.442,0.237,,,,,,,,,,,,,,,,,,,,,,,,,,,,,,,,,,,,,,,,10887.0,98.0,,,,,,,,,,,,,,,1610612754.0,IND,ORL,ORL,IND,,,1.0,,0.35,,,,,,,,,,,,,,
203901,Elfrid Payton,1610612753,ORL,23.0,30.75,6,12,0.5,1,1,1.0,0,0,0.0,1,2,3,14,0,1,1,0,4,1,13,14,78.7,0.0,0.169,0.542,0.0,60,0.168,24.7,130.0,94.44,53.8,0.0,0.56,0.0,0.542,0.028,125.0,98.5,100.3,104.9,0.0,25.1,0.174,64.0,0.219,73.0,0.219,17.0,0.0,14.0,0.0,34.0,0.0,6.0,0.0,0.0,5.0,0.667,0.111,3.0,9.0,1.0,0.0,0.333,0.0,0.6,0.0,0.0,3.0,0.0,0.155,2.0,4.72,3.95,84.0,2.0,0.0,1.0,32.0,6.6,0.0,2.0,11.0,1.0,1.0,0.6,0.5,1.0,4.0,13.1,0.5,6.8,1.0,1.0,2.0,0.5,0.5,0.333,1.0,0.0,0.0,0.5,1.0,0.0,6.0,0.0,,0.0,3.0,0.25,0.25,1.0,3.0,0.0,0.333,0.333,1.0,0.333,,5.0,0.0,0.0,0.0,0.8,4.0,0.8,5.0,4.0,0.417,0.8,0.417,0.0,0.167,2.0,2.0,0.0,0.0,0.0,,0.0,0.0,0.167,0.0,0.0,0.0,0.5,1.0,1.0,1.0,0.75,1.0,2.0,0.083,1.0,0.0,0.167,0.083,0.167,1.0,3.0,0.25,1.0,1.0,6.0,1.0,0.0,0.0,2.0,1.0,0.0,0.542,0.0,0.0,0.0,2.0,0.0,1.0,3.0,1.0,0.5,0.0,4.0,0.0,0.0,1.0,0.0,0.0,0.0,1.0,0.0,4.0,3.0,0.0,0.0,0.0,0.0,0.0,0.0,,,,,,,1.0,3.0,,0.0,,,0.0,,0.0,0.0,0.333,1.0,0.0,0.0,4.0,1.0,0.0,0.0,0.0,2.0,0.0,0.0,,,3.0,4.0,0.5,,0.0,,0.0,0.0,0.0,2017,21600516,,4.0,7.0,0.571,0.423,0.148,2.0,4.0,0.5,0.334,2.0,3.0,0.667,0.478,2.0,3.0,0.667,0.501,2.0,4.0,0.5,0.349,,,,,,,,,,,,,,,20170102.0,2016-17,False,NYK,5.0,2.0,3.0,2.0,0.0,1.0,3.0,0.0,0.0,0.0,0.0,0.0,0.0,0.0,0.0,0.0,0.0,0.0,0.0,0.0,0.0,,,,,,1.1,1.1,4.5,4.44,2.3,4.18,Elfrid,1.0,1.0,0.0,1.0,43.6,1.0,0.0,35.0,1.0,1.0,1.0,1.0,55.0,32.0,36.0,44.0,33.0,90.0,1.0,82.0,89.0,82.0,39.0,86.0,76.0,1.0,111.0,32.0,20.0,1.0,142.0,72.0,47.0,9.0,13.0,1.0,3.0,27.0,94.44,102.0,104.9,127.0,6.0,56.0,25.1,3.0,98.0,10.0,1.0,102.0,83.0,32.0,72.0,127.0,96.0,12.0,1.0,15.0,130.0,71.0,36.0,10.0,18.0,5.0,18.0,16.0,83.0,61.0,65.0,20.0,87.0,13.0,,,1.0,,ORL,,0.167,,0.189,2.0,,2.0,1.0,0.591,0.409,0.166,,,,,,,,,,,,,,,,,,,,,,,,,,,,,,,,,,,,,,,,11947.0,94.0,,,,,,,,,,,,,,,1610612752.0,NYK,ORL,ORL,NYK,,,1.0,,0.151,,,,,,,,,,,,,,
203901,Elfrid Payton,1610612753,ORL,23.0,34.705,6,13,0.462,1,3,0.333,2,2,1.0,1,3,4,6,3,3,1,1,2,2,15,-8,79.53,2.0,0.208,0.54,13.6,68,0.216,-8.6,102.9,95.43,27.3,0.103,0.261,0.061,0.5,0.027,99.7,98.37,108.3,111.4,13.1,-8.5,0.112,72.0,0.097,81.0,0.083,19.0,1.0,7.0,0.0,16.0,0.0,2.0,0.0,0.0,4.0,0.286,0.143,2.0,7.0,1.0,0.0,0.286,0.0,0.25,0.0,0.0,1.0,0.0,0.165,1.0,4.79,4.86,91.0,2.0,0.0,0.0,25.0,7.3,0.0,5.0,10.1,1.0,0.2,0.444,0.0,0.0,5.0,11.3,0.4,6.5,3.0,1.0,3.0,0.75,0.6,0.25,0.0,1.0,1.0,0.2,0.0,1.0,10.0,0.0,,0.0,2.0,0.154,0.154,2.0,2.0,0.0,1.0,1.0,2.0,1.0,,6.0,0.0,0.0,0.0,0.333,2.0,0.333,6.0,2.0,0.462,0.333,0.462,0.0,0.077,1.0,1.0,0.0,0.0,0.0,,0.0,0.0,0.077,0.0,0.0,1.0,0.5,1.0,1.0,3.0,0.625,0.333,4.0,0.077,2.0,1.0,0.308,0.231,,0.0,0.0,,,0.0,0.0,0.0,3.0,0.333,0.0,0.0,0.0,0.5,0.0,0.0,0.0,0.0,1.0,0.0,5.0,0.0,0.0,1.0,0.0,0.0,,2.0,1.0,1.0,1.0,0.714,0.0,3.0,7.0,,0.0,0.0,1.0,,0.0,,,,,,,0.0,2.0,0.0,0.0,,,0.0,0.0,0.0,1.0,0.0,0.625,0.0,0.0,5.0,1.0,0.0,0.0,0.0,2.0,0.0,0.0,0.0,,0.0,8.0,0.5,0.5,3.0,0.333,3.0,1.0,1.0,2017,21600530,,4.0,9.0,0.444,0.429,0.016,1.0,2.0,0.5,0.346,3.0,7.0,0.429,0.469,0.0,2.0,0.0,0.533,4.0,7.0,0.571,0.397,,,,,,,,,,,,,,,20170104.0,2016-17,False,ATL,7.0,6.0,1.0,2.0,0.0,2.0,5.0,0.0,0.0,2.0,0.0,0.0,0.0,0.0,0.0,0.0,0.0,0.0,0.0,0.0,0.0,,,,,,1.3,1.3,4.5,4.84,2.6,4.2,Elfrid,1.0,0.0,1.0,0.0,37.8,0.0,0.0,34.0,1.0,74.0,74.0,74.0,24.0,25.0,20.0,73.0,43.0,48.0,62.0,41.0,49.0,1.0,38.0,51.0,50.0,14.0,14.0,3.0,16.0,94.0,63.0,52.0,33.0,108.0,19.0,11.0,1.0,21.0,95.43,54.0,111.4,105.0,6.0,37.0,-8.5,24.0,55.0,92.0,101.0,75.0,72.0,25.0,78.0,105.0,37.0,13.0,104.0,88.0,102.9,57.0,20.0,92.0,83.0,25.0,83.0,103.0,72.0,68.0,21.0,54.0,16.0,15.0,,,1.0,,ORL,,0.155,,-0.041,0.0,,2.0,0.0,0.583,-0.583,-0.533,,,,,,,,,,,,,,,,,,,,,,,,,,,,,,,,,,,,,,,,13586.0,96.0,,,,,,,,,,,,,,,1610612737.0,ORL,ATL,ORL,ATL,,,1.0,,0.174,,,,,,,,,,,,,,
203901,Elfrid Payton,1610612753,ORL,23.0,25.041666666666668,6,10,0.6,0,1,0.0,0,0,0.0,1,1,2,2,1,2,0,0,0,1,12,-13,79.07,2.0,0.175,0.6,7.7,50,0.18,-19.0,82.0,94.88,15.4,0.045,0.154,0.036,0.6,0.029,83.3,97.72,102.4,110.2,7.7,-28.2,0.157,49.0,0.082,52.0,0.041,9.0,0.0,4.0,2.0,4.0,0.0,6.0,0.0,0.0,5.0,0.75,0.0,2.0,8.0,0.0,0.0,0.25,0.0,0.6,0.0,0.0,3.0,0.0,0.197,1.0,4.51,4.33,61.0,2.0,0.0,2.0,23.0,4.6,0.0,3.0,16.9,0.0,0.5,0.286,0.0,1.0,6.0,6.4,0.222,27.5,1.0,2.0,2.0,0.2,0.167,0.0,1.0,1.0,0.0,0.333,0.0,0.0,9.0,0.0,,0.0,1.0,0.1,0.1,1.0,1.0,0.0,1.0,1.0,1.0,1.0,,7.0,0.0,0.0,0.0,0.571,4.0,0.571,7.0,4.0,0.7,0.571,0.7,0.0,0.1,1.0,1.0,1.0,1.0,0.0,,0.0,1.0,0.1,1.0,1.0,,0.0,0.0,0.0,1.0,0.0,0.0,1.0,0.0,0.0,0.0,0.1,0.1,0.667,0.0,4.0,0.667,,0.0,3.0,2.0,0.0,0.0,2.0,1.0,0.0,0.6,0.0,0.0,0.0,1.0,0.0,0.0,3.0,0.0,0.5,0.0,3.0,0.0,,0.0,1.0,0.0,1.0,0.75,0.0,2.0,4.0,,0.0,2.0,0.0,,0.667,,,,,,,1.0,2.0,,0.0,,,0.0,,0.0,0.0,0.5,0.75,2.0,,3.0,0.0,0.0,0.667,,1.0,,0.0,,,3.0,4.0,0.0,0.0,1.0,0.0,1.0,0.0,0.0,2017,21600545,,5.0,8.0,0.625,0.411,0.214,3.0,6.0,0.5,0.374,2.0,2.0,1.0,0.461,2.0,2.0,1.0,0.493,3.0,6.0,0.5,0.37,,,,,,,,,,,,,,,20170106.0,2016-17,False,HOU,4.0,0.0,4.0,2.0,0.0,0.0,0.0,0.0,0.0,1.0,0.0,0.0,0.0,0.0,0.0,0.0,0.0,0.0,0.0,0.0,0.0,,,,,,0.9,0.8,4.34,4.45,1.7,4.23,Elfrid,1.0,0.0,1.0,0.0,22.4,0.0,0.0,20.0,1.0,85.0,85.0,85.0,82.0,40.0,56.0,36.0,79.0,96.0,79.0,92.0,94.0,92.0,39.0,112.0,102.0,54.0,59.0,12.0,45.0,1.0,1.0,79.0,61.0,142.0,78.0,21.0,1.0,77.0,94.88,87.0,110.2,111.0,6.0,31.0,-28.2,69.0,86.0,147.0,84.0,99.0,70.0,40.0,69.0,111.0,63.0,10.0,84.0,122.0,82.0,48.0,56.0,147.0,134.0,50.0,134.0,151.0,70.0,61.0,21.0,31.0,25.0,12.0,,,1.0,,ORL,,0.126,,0.54,2.0,,2.0,1.0,0.531,0.47,0.508,,,,,,,,,,,,,,,,,,,,,,,,,,,,,,,,,,,,,,,,9122.0,90.0,,,,,,,,,,,,,,,1610612745.0,ORL,HOU,ORL,HOU,,,1.0,,0.13,,,,,,,,,,,,,,
203901,Elfrid Payton,1610612753,ORL,23.0,18.883333333333333,4,11,0.364,1,2,0.5,0,0,0.0,3,3,6,4,3,1,0,1,1,2,9,-4,83.67,1.33,0.286,0.409,16.7,40,0.286,-15.3,97.5,100.41,22.2,0.0,0.364,0.0,0.409,0.0,97.6,99.19,112.9,110.3,16.7,-12.8,0.108,38.0,0.132,41.0,0.105,12.0,0.0,5.0,1.0,9.0,0.143,2.0,1.0,0.0,4.0,0.286,0.143,1.0,7.0,1.0,0.0,0.143,0.0,0.25,0.0,0.0,1.0,0.0,0.176,3.0,4.52,4.22,51.0,2.0,0.0,0.0,15.0,3.8,0.0,7.0,19.1,1.0,0.429,0.6,0.333,3.0,3.0,8.7,0.6,29.5,3.0,0.0,6.0,1.0,1.0,0.167,0.0,0.0,0.0,0.429,1.0,0.0,10.0,0.0,,0.0,3.0,0.273,0.273,1.0,3.0,0.0,0.333,0.333,1.0,0.333,1.0,2.0,1.0,1.0,0.091,0.75,1.0,0.0,1.0,0.0,0.182,0.5,0.091,0.0,0.364,4.0,4.0,2.0,0.5,0.0,,0.0,0.5,0.364,2.0,0.5,0.0,0.0,0.0,1.0,1.0,0.0,0.0,2.0,0.091,0.0,0.0,0.182,0.091,0.5,1.0,7.0,0.583,1.0,1.0,6.0,3.0,0.0,0.0,0.0,0.0,0.0,0.409,0.0,0.0,0.0,0.0,0.0,0.5,1.0,1.0,0.0,0.0,4.0,0.0,,2.0,0.0,0.0,0.0,1.0,0.0,4.0,1.0,,0.0,2.0,0.0,,0.5,,,,,,,0.0,1.0,,1.0,,,1.0,,1.0,1.0,0.0,0.25,1.0,,1.0,0.0,1.0,0.5,,2.0,,1.0,,,2.0,4.0,0.0,0.0,1.0,0.0,1.0,0.0,0.0,2017,21600567,,3.0,6.0,0.5,0.432,0.068,1.0,4.0,0.25,0.378,2.0,2.0,1.0,0.482,1.0,1.0,1.0,0.544,2.0,5.0,0.4,0.384,,,,,,,,,,,,,,,20170108.0,2016-17,False,LAL,3.0,1.0,2.0,1.0,0.0,0.0,0.0,0.0,0.0,3.0,0.0,0.0,0.0,0.0,0.0,0.0,0.0,0.0,0.0,0.0,0.0,,,,,,0.8,0.7,4.78,5.11,1.5,4.45,Elfrid,1.0,0.0,1.0,0.0,22.2,0.0,0.0,22.0,1.0,86.0,86.0,86.0,120.0,62.0,54.0,111.0,49.0,91.0,20.0,102.0,106.0,102.0,10.0,75.0,43.0,30.0,20.0,38.0,61.0,111.0,28.0,59.0,82.0,114.0,81.0,15.0,2.0,75.0,100.41,25.0,110.3,88.0,4.0,43.0,-12.8,38.0,19.0,114.0,127.0,92.0,106.0,62.0,121.0,88.0,86.0,11.0,122.0,132.0,97.5,117.0,54.0,114.0,124.0,11.0,124.0,106.0,106.0,106.0,44.0,70.0,48.0,9.0,,,1.0,,ORL,,-0.128,,0.518,1.0,,1.0,1.0,0.6,0.4,0.456,,,,,,,,,,,,,,,,,,,,,,,,,,,,,,,,,,,,,,,,7937.0,103.0,,,,,,,,,,,,,,,1610612747.0,LAL,ORL,ORL,LAL,,,1.0,,0.016,,,,,,,,,,,,,,
203901,Elfrid Payton,1610612753,ORL,23.0,22.855,3,9,0.333,0,0,0.0,0,2,0.0,0,2,2,3,2,0,0,1,2,1,6,-8,81.38,1.5,0.226,0.304,13.3,46,0.219,-25.4,91.3,97.66,20.0,0.0,0.214,0.0,0.333,0.0,81.9,102.78,107.3,106.4,13.4,-15.1,-0.014,42.0,0.095,49.0,0.071,7.0,0.0,4.0,1.0,6.0,0.0,2.0,0.0,1.0,4.0,0.222,0.0,4.0,9.0,0.0,2.0,0.444,0.111,0.25,0.0,0.0,1.0,0.0,0.111,0.0,5.24,5.04,54.0,0.0,0.0,0.0,18.0,4.7,0.0,2.0,19.7,0.0,0.0,0.5,0.0,0.0,2.0,19.7,0.5,0.0,1.0,0.0,1.0,1.0,1.0,0.0,0.0,0.0,0.0,0.0,0.0,0.0,4.0,0.0,,0.0,4.0,0.444,0.444,2.0,4.0,0.0,0.5,0.5,2.0,0.5,,2.0,0.0,0.0,0.0,0.0,0.0,0.0,2.0,0.0,0.222,0.0,0.222,0.0,0.222,2.0,2.0,1.0,0.5,0.0,,0.0,0.5,0.222,1.0,0.5,0.0,0.0,0.0,1.0,0.0,0.0,,1.0,0.111,0.0,0.0,0.111,0.0,0.0,,0.0,0.0,,,3.0,0.0,0.0,0.0,0.0,0.0,0.0,0.333,0.0,0.0,0.0,0.0,0.0,0.0,2.0,0.0,0.0,0.0,4.0,,0.0,0.0,0.0,0.0,0.0,0.5,,1.0,4.0,0.0,,1.0,0.0,0.0,0.25,,,,,,,0.0,1.0,,1.0,,,0.0,,1.0,0.0,0.0,0.5,0.0,0.0,2.0,0.0,1.0,0.0,0.0,0.0,0.0,0.0,,,3.0,4.0,0.0,,0.0,,,,0.0,2017,21600584,,5.0,7.0,0.714,0.47,0.244,1.0,2.0,0.5,0.388,4.0,5.0,0.8,0.514,,,,,5.0,7.0,0.714,0.422,,,,,,,,,,,,,,,20170111.0,2016-17,False,LAC,7.0,5.0,2.0,1.0,0.0,0.0,0.0,0.0,0.0,0.0,0.0,0.0,0.0,0.0,0.0,0.0,0.0,0.0,0.0,0.0,0.0,,,,,,0.9,0.8,4.47,4.9,1.7,4.08,Elfrid,1.0,0.0,1.0,0.0,10.9,0.0,0.0,11.0,1.0,62.0,62.0,62.0,69.0,59.0,45.0,78.0,54.0,94.0,54.0,66.0,42.0,66.0,68.0,58.0,75.0,29.0,21.0,60.0,43.0,85.0,62.0,57.0,75.0,102.0,90.0,12.0,2.0,85.0,97.66,43.0,106.4,64.0,3.0,43.0,-15.1,38.0,35.0,99.0,84.0,28.0,69.0,59.0,100.0,64.0,73.0,9.0,82.0,107.0,91.3,81.0,45.0,99.0,96.0,26.0,96.0,113.0,69.0,86.0,54.0,107.0,24.0,6.0,,,1.0,,ORL,,0.113,,0.286,,,,,,,,,,,,,,,,,,,,,,,,,,,,,,,,,,,,,,,,,,,,,,,8889.0,99.0,,,,,,,,,,,,,,,1610612746.0,LAC,ORL,ORL,LAC,,,1.0,,0.292,,,,,,,,,,,,,,
203901,Elfrid Payton,1610612753,ORL,23.0,34.498333333333335,8,18,0.444,1,3,0.333,2,2,1.0,2,2,4,7,5,1,1,3,6,2,19,0,80.0,1.4,0.312,0.503,16.1,68,0.312,0.7,119.1,96.0,22.6,0.057,0.28,0.063,0.472,0.069,118.2,95.62,117.5,115.7,16.2,3.4,0.061,58.0,0.138,75.0,0.121,10.0,0.0,8.0,1.0,17.0,0.25,4.0,3.0,1.0,5.0,0.333,0.083,2.0,12.0,1.0,2.0,0.167,0.083,0.2,2.0,1.0,1.0,0.0,0.229,1.0,5.07,4.67,83.0,2.0,0.0,0.0,28.0,7.0,0.0,7.0,12.5,0.0,0.333,0.364,0.0,2.0,6.0,9.5,0.308,15.4,2.0,2.0,4.0,0.4,0.333,0.0,1.0,1.0,0.0,0.286,0.0,0.0,13.0,0.0,,0.0,5.0,0.278,0.278,2.0,5.0,0.0,0.4,0.4,2.0,0.4,0.0,7.0,0.0,1.0,0.056,0.429,3.0,0.5,6.0,3.0,0.389,0.429,0.333,1.0,0.167,3.0,2.0,1.0,0.833,0.056,1.0,1.0,0.667,0.111,2.0,0.5,0.5,0.333,0.0,2.0,1.0,0.333,0.0,3.0,0.111,1.0,1.0,0.167,0.056,0.5,1.0,5.0,0.625,1.0,1.0,4.0,2.0,4.0,0.5,0.0,0.0,0.0,0.472,0.0,0.0,0.0,0.0,0.333,0.0,4.0,0.0,0.0,0.0,6.0,1.0,0.0,0.0,3.0,0.0,1.0,0.5,0.5,1.0,8.0,0.0,2.0,3.0,1.0,0.0,0.5,,,,,,,0.0,0.0,,1.0,,,0.0,,2.0,0.0,0.0,0.444,1.0,0.0,4.0,2.0,0.5,0.333,0.0,4.0,0.0,0.0,,,3.0,9.0,0.5,0.333,3.0,0.0,2.0,0.0,1.0,2017,21600598,,4.0,12.0,0.333,0.452,-0.119,2.0,8.0,0.25,0.377,2.0,4.0,0.5,0.495,1.0,1.0,1.0,0.533,3.0,11.0,0.273,0.398,,,,,,,,,,,,,,,20170113.0,2016-17,False,POR,7.0,2.0,5.0,2.0,0.0,0.0,0.0,0.0,0.0,0.0,0.0,0.0,0.0,0.0,0.0,0.0,0.0,0.0,0.0,0.0,0.0,,,,,,1.3,1.3,4.53,4.64,2.6,4.43,Elfrid,1.0,1.0,0.0,1.0,35.3,0.0,0.0,35.0,1.0,1.0,1.0,1.0,28.0,16.0,10.0,95.0,48.0,66.0,59.0,51.0,58.0,1.0,23.0,89.0,62.0,11.0,5.0,39.0,22.0,184.0,190.0,56.0,25.0,88.0,30.0,17.0,2.0,23.0,96.0,23.0,115.7,116.0,8.0,26.0,3.4,47.0,19.0,50.0,149.0,123.0,127.0,16.0,114.0,116.0,86.0,18.0,148.0,93.0,119.1,128.0,10.0,50.0,83.0,24.0,83.0,58.0,127.0,111.0,49.0,123.0,45.0,19.0,,,1.0,,ORL,,-0.127,,0.005,1.0,,1.0,1.0,0.592,0.408,0.467,,,,,,,,,,,,,,,,,,,,,,,,,,,,,,,,,,,,,,,,13476.0,102.0,,,,,,,,,,,,,,,1610612757.0,POR,ORL,ORL,POR,,,1.0,,-0.126,,,,,,,,,,,,,,
203901,Elfrid Payton,1610612753,ORL,23.0,39.35333333333333,10,17,0.588,1,3,0.333,7,11,0.636,3,6,9,9,1,2,1,0,4,7,28,7,81.31,9.0,0.261,0.641,3.1,80,0.26,11.9,121.3,97.58,28.1,0.167,0.36,0.123,0.618,0.081,120.2,99.87,108.3,112.5,3.1,8.8,0.189,75.0,0.133,85.0,0.12,18.0,0.0,10.0,1.0,24.0,0.083,16.0,2.0,3.0,8.0,0.667,0.125,8.0,24.0,3.0,6.0,0.333,0.125,0.75,4.0,0.667,6.0,0.0,0.28,1.0,5.26,4.92,100.0,1.0,0.0,0.0,36.0,8.8,0.0,7.0,11.9,1.0,0.429,0.529,0.167,3.0,10.0,9.4,0.529,16.9,5.0,0.0,8.0,0.6,0.6,0.111,0.0,0.0,0.0,0.429,1.0,0.0,17.0,0.0,,0.0,5.0,0.294,0.294,4.0,5.0,0.0,0.8,0.8,4.0,0.8,,8.0,0.0,0.0,0.0,0.5,4.0,0.5,8.0,4.0,0.471,0.5,0.471,1.0,0.118,2.0,1.0,1.0,0.5,0.059,0.0,0.0,0.5,0.059,1.0,1.0,,0.5,1.0,0.0,2.0,0.75,0.5,2.0,0.0,1.0,0.0,0.118,0.118,0.5,0.0,4.0,0.5,,0.0,4.0,2.0,3.0,0.333,0.0,0.0,0.0,0.618,0.0,0.0,0.0,2.0,0.0,0.333,7.0,1.0,1.0,0.0,2.0,0.0,0.0,3.0,0.0,0.0,0.0,0.7,0.0,2.0,10.0,0.0,0.0,0.0,0.0,0.0,0.0,,,,,,,0.0,0.0,0.0,2.0,,,0.0,0.0,2.0,0.0,0.0,0.7,0.0,0.0,7.0,1.0,1.0,0.0,0.0,3.0,0.0,0.0,0.0,,2.0,10.0,0.333,0.5,3.0,0.333,3.0,1.0,1.0,2017,21600604,,7.0,13.0,0.538,0.477,0.062,2.0,5.0,0.4,0.407,5.0,8.0,0.625,0.52,3.0,5.0,0.6,0.596,3.0,7.0,0.429,0.392,,,,,,,,,,,,,,,20170114.0,2016-17,False,UTA,6.0,2.0,4.0,3.0,0.0,1.0,3.0,0.0,0.0,4.0,0.0,0.0,0.0,0.0,0.0,0.0,0.0,0.0,0.0,0.0,0.0,,,,,,1.4,1.4,4.26,4.55,2.8,4.02,Elfrid,1.0,0.0,1.0,0.0,60.3,0.0,0.0,53.0,1.0,56.0,56.0,56.0,1.0,5.0,5.0,30.0,30.0,30.0,34.0,5.0,3.0,30.0,7.0,13.0,10.0,4.0,36.0,5.0,8.0,1.0,93.0,5.0,4.0,24.0,3.0,8.0,1.0,3.0,97.58,22.0,112.5,54.0,10.0,8.0,8.8,18.0,20.0,13.0,42.0,45.0,74.0,5.0,36.0,54.0,12.0,17.0,41.0,39.0,121.3,56.0,5.0,13.0,41.0,8.0,41.0,14.0,74.0,37.0,4.0,15.0,1.0,28.0,,,1.0,,ORL,,-0.007,,0.105,3.0,,4.0,0.75,0.625,0.125,0.004,,,,,,,,,,,,,,,,,,,,,,,,,,,,,,,,,,,,,,,,14977.0,100.0,,,,,,,,,,,,,,,1610612762.0,UTA,ORL,ORL,UTA,,,1.0,,0.036,,,,,,,,,,,,,,
203901,Elfrid Payton,1610612753,ORL,23.0,28.78333333333333,9,17,0.529,0,0,0.0,2,3,0.667,2,2,4,12,3,0,0,2,1,5,20,-14,90.33,4.0,0.292,0.546,9.1,66,0.307,-23.4,97.0,108.4,36.4,0.0,0.632,0.0,0.529,0.065,99.2,106.83,122.6,121.9,9.0,-24.9,0.155,60.0,0.217,73.0,0.2,16.0,0.0,13.0,1.0,27.0,0.111,12.0,2.0,0.0,10.0,0.667,0.222,2.0,18.0,4.0,0.0,0.111,0.0,0.6,0.0,0.0,6.0,2.0,0.238,3.0,4.87,4.43,84.0,1.0,0.0,0.0,25.0,6.8,0.0,4.0,8.0,0.0,0.667,0.5,0.0,1.0,5.0,7.9,0.444,8.0,2.0,1.0,3.0,0.4,0.4,0.0,1.0,0.0,0.0,0.5,0.0,0.0,9.0,0.0,,0.0,9.0,0.529,0.529,7.0,9.0,0.0,0.778,0.778,7.0,0.778,,6.0,0.0,0.0,0.0,0.333,2.0,0.333,6.0,2.0,0.353,0.333,0.353,0.0,0.059,1.0,1.0,0.0,0.0,0.0,,0.0,0.0,0.059,0.0,0.0,0.0,0.0,0.0,1.0,0.0,0.0,,1.0,0.059,0.0,0.0,0.059,0.0,0.0,,0.0,0.0,,,4.0,0.0,0.0,0.0,0.0,0.0,0.0,0.529,0.0,0.0,0.0,3.0,0.0,0.0,6.0,0.0,0.6,,3.0,0.0,0.0,0.0,0.0,,,0.667,0.0,5.0,9.0,0.0,0.0,0.0,0.0,0.0,0.0,,,,,,,1.0,2.0,,0.0,,,0.0,,1.0,0.0,0.5,0.727,0.0,0.0,8.0,0.0,0.0,0.0,0.0,0.0,0.0,0.0,,,3.0,11.0,0.0,,0.0,,,,0.0,2017,21600617,,8.0,10.0,0.8,0.438,0.362,2.0,4.0,0.5,0.33,6.0,6.0,1.0,0.493,4.0,4.0,1.0,0.562,2.0,4.0,0.5,0.328,,,,,,,,,,,,,,,20170116.0,2016-17,False,DEN,6.0,3.0,3.0,2.0,0.0,0.0,0.0,0.0,0.0,4.0,0.0,0.0,0.0,0.0,0.0,0.0,0.0,0.0,0.0,0.0,0.0,,,,,,1.1,1.0,4.6,4.76,2.2,4.03,Elfrid,1.0,0.0,1.0,0.0,39.8,1.0,0.0,36.0,1.0,97.0,97.0,97.0,56.0,10.0,13.0,72.0,93.0,135.0,93.0,44.0,49.0,74.0,20.0,99.0,66.0,2.0,12.0,98.0,52.0,178.0,49.0,10.0,20.0,172.0,21.0,1.0,2.0,22.0,108.4,15.0,121.9,17.0,9.0,16.0,-24.9,21.0,21.0,140.0,101.0,21.0,152.0,10.0,101.0,17.0,84.0,17.0,100.0,152.0,97.0,150.0,13.0,140.0,155.0,1.0,155.0,132.0,152.0,92.0,47.0,42.0,11.0,20.0,,,1.0,,ORL,,0.17,,0.507,2.0,,2.0,1.0,0.557,0.444,0.438,,,,,,,,,,,,,,,,,,,,,,,,,,,,,,,,,,,,,,,,11367.0,103.0,,,,,,,,,,,,,,,1610612743.0,DEN,ORL,ORL,DEN,,,1.0,,0.172,,,,,,,,,,,,,,
203901,Elfrid Payton,1610612753,ORL,23.0,24.25,5,10,0.5,2,3,0.667,2,2,1.0,0,2,2,3,3,1,0,1,2,1,14,-2,91.55,1.0,0.237,0.643,17.6,56,0.233,-7.5,94.6,109.86,17.6,0.0,0.188,0.0,0.6,0.0,92.1,111.56,99.6,100.0,17.8,-5.4,0.087,48.0,0.083,57.0,0.063,10.0,0.0,4.0,1.0,6.0,0.125,4.0,1.0,1.0,4.0,0.5,0.0,2.0,8.0,0.0,2.0,0.25,0.125,0.25,2.0,1.0,1.0,0.0,0.219,0.0,4.73,4.36,64.0,0.0,0.0,0.0,17.0,5.0,0.0,1.0,11.6,1.0,0.0,0.5,0.5,0.0,4.0,11.6,0.4,0.0,1.0,1.0,1.0,0.667,0.5,0.5,0.0,1.0,0.0,0.0,1.0,0.0,5.0,0.0,,0.0,3.0,0.3,0.3,1.0,3.0,0.0,0.333,0.333,1.0,0.333,,2.0,0.0,0.0,0.0,0.5,1.0,0.5,2.0,1.0,0.2,0.5,0.2,1.0,0.2,2.0,1.0,1.0,1.25,0.1,1.0,1.0,1.0,0.1,2.0,1.0,0.0,0.333,1.0,1.0,2.0,0.5,0.5,3.0,0.1,1.0,0.0,0.3,0.2,0.5,1.0,3.0,0.75,1.0,1.0,2.0,1.0,3.0,0.5,0.0,0.0,0.0,0.6,0.0,0.0,0.0,0.0,0.0,0.667,3.0,2.0,0.0,0.0,1.0,0.0,0.0,3.0,0.0,0.0,0.0,0.5,0.0,0.0,6.0,0.0,0.0,0.0,0.0,0.0,0.0,,,,,,,0.0,0.0,,0.0,,,2.0,,0.0,3.0,0.0,0.5,0.0,0.0,3.0,0.0,0.0,0.0,0.0,0.0,0.0,0.667,,,1.0,6.0,0.0,0.75,2.0,0.5,2.0,1.0,1.0,2017,21600631,,10.0,15.0,0.667,0.448,0.219,3.0,6.0,0.5,0.368,7.0,9.0,0.778,0.505,4.0,6.0,0.667,0.564,5.0,8.0,0.625,0.359,,,,,,,,,,,,,,,20170118.0,2016-17,False,NOP,9.0,5.0,4.0,3.0,0.0,0.0,0.0,0.0,0.0,0.0,0.0,0.0,0.0,0.0,0.0,0.0,0.0,0.0,0.0,0.0,0.0,,,,,,1.1,0.9,4.88,5.26,2.0,4.48,Elfrid,1.0,0.0,1.0,0.0,20.9,0.0,0.0,23.0,1.0,98.0,98.0,98.0,87.0,43.0,55.0,56.0,18.0,62.0,10.0,45.0,54.0,1.0,107.0,89.0,117.0,46.0,16.0,35.0,64.0,129.0,101.0,86.0,43.0,107.0,82.0,16.0,3.0,69.0,109.86,53.0,100.0,10.0,5.0,68.0,-5.4,85.0,42.0,133.0,158.0,7.0,76.0,43.0,53.0,10.0,100.0,10.0,157.0,114.0,94.6,75.0,55.0,133.0,108.0,63.0,108.0,135.0,76.0,56.0,69.0,101.0,60.0,14.0,,,1.0,,ORL,,0.132,,0.273,2.0,,4.0,0.5,0.595,-0.095,0.103,,,,,,,,,,,,,,,,,,,,,,,,,,,,,,,,,,,,,,,,10580.0,103.0,,,,,,,,,,,,,,,1610612740.0,NOP,ORL,ORL,NOP,,,1.0,,0.266,,,,,,,,,,,,,,
203901,Elfrid Payton,1610612753,ORL,23.0,37.48333333333333,6,11,0.545,2,3,0.667,6,6,1.0,1,3,4,6,3,3,0,0,3,3,20,10,81.1,2.0,0.183,0.733,13.0,76,0.181,10.5,117.1,97.32,26.1,0.0,0.24,0.0,0.636,0.023,111.6,101.11,101.1,103.9,13.3,13.2,0.156,66.0,0.152,73.0,0.091,16.0,2.0,10.0,2.0,17.0,0.067,6.0,1.0,1.0,6.0,0.4,0.133,5.0,15.0,2.0,2.0,0.333,0.067,0.333,2.0,1.0,2.0,0.0,0.238,0.0,4.87,4.93,84.0,1.0,0.0,0.0,31.0,6.8,0.0,4.0,18.3,0.0,0.333,0.571,0.0,1.0,5.0,10.7,0.444,40.9,3.0,2.0,4.0,0.75,0.6,0.0,1.0,1.0,0.0,0.25,0.0,0.0,9.0,0.0,,0.0,4.0,0.364,0.364,1.0,4.0,0.0,0.25,0.25,1.0,0.25,,3.0,0.0,0.0,0.0,0.667,2.0,0.667,3.0,2.0,0.273,0.667,0.273,3.0,0.364,4.0,1.0,1.0,1.0,0.273,0.667,2.0,0.75,0.091,3.0,1.0,,,,,,,,,,,,,,0.5,0.0,2.0,0.5,,0.0,2.0,1.0,6.0,0.667,0.0,0.0,0.0,0.636,0.0,0.0,0.0,2.0,0.0,0.667,1.0,2.0,0.5,0.0,1.0,0.0,0.0,3.0,0.0,0.0,0.0,0.333,0.0,4.0,3.0,0.0,0.0,1.0,0.0,0.0,1.0,,,,,,,2.0,2.0,,1.0,,,2.0,,2.0,3.0,1.0,0.25,0.0,0.0,1.0,0.0,0.5,0.0,0.0,0.0,0.0,0.667,,,0.0,4.0,0.0,1.0,3.0,0.667,3.0,2.0,2.0,2017,21600643,,3.0,13.0,0.231,0.449,-0.219,2.0,6.0,0.333,0.392,1.0,7.0,0.143,0.479,0.0,3.0,0.0,0.49,3.0,8.0,0.375,0.392,,,,,,,,,,,,,,,20170120.0,2016-17,False,MIL,11.0,4.0,7.0,6.0,0.0,1.0,2.0,0.0,0.0,1.0,0.0,0.0,0.0,0.0,0.0,0.0,0.0,0.0,0.0,0.0,0.0,,,,,,1.4,1.3,4.33,4.53,2.7,4.13,Elfrid,1.0,1.0,0.0,1.0,39.8,0.0,0.0,38.0,1.0,1.0,1.0,1.0,7.0,27.0,49.0,52.0,19.0,59.0,13.0,8.0,15.0,1.0,53.0,73.0,71.0,11.0,19.0,3.0,66.0,1.0,145.0,34.0,20.0,44.0,16.0,11.0,1.0,17.0,97.32,101.0,103.9,117.0,6.0,52.0,13.2,42.0,99.0,57.0,137.0,90.0,100.0,27.0,33.0,117.0,75.0,11.0,136.0,79.0,117.1,91.0,49.0,57.0,68.0,39.0,68.0,70.0,100.0,49.0,39.0,45.0,20.0,20.0,,,1.0,,ORL,,-0.059,,-0.336,0.0,,1.0,0.0,0.593,-0.593,-0.49,,,,,,,,,,,,,,,,,,,,,,,,,,,,,,,,,,,,,,,,14496.0,92.0,,,,,,,,,,,,,,,1610612749.0,ORL,MIL,ORL,MIL,,,1.0,,-0.017,,,,,,,,,,,,,,
203901,Elfrid Payton,1610612753,ORL,23.0,39.25,11,19,0.579,1,2,0.5,0,0,0.0,0,4,4,10,2,1,0,2,4,2,23,-23,85.1,5.0,0.233,0.605,6.5,83,0.228,-27.6,97.6,102.11,32.3,0.105,0.4,0.047,0.605,0.0,94.2,104.76,121.8,123.8,6.5,-26.2,0.143,80.0,0.138,92.0,0.125,21.0,0.0,11.0,1.0,25.0,0.045,12.0,1.0,0.0,12.0,0.545,0.045,7.0,22.0,1.0,0.0,0.318,0.0,0.5,0.0,0.0,6.0,0.0,0.223,1.0,4.97,4.81,103.0,3.0,0.0,0.0,31.0,8.5,0.667,3.0,12.7,1.0,0.0,0.364,0.25,0.0,8.0,12.7,0.364,0.0,3.0,0.0,3.0,0.5,0.5,0.25,0.0,0.0,0.0,0.0,1.0,0.0,11.0,0.0,,0.0,9.0,0.474,0.474,6.0,9.0,0.0,0.667,0.667,6.0,0.667,,5.0,0.0,0.0,0.0,0.4,2.0,0.4,5.0,2.0,0.263,0.4,0.263,2.0,0.105,2.0,0.0,0.0,0.75,0.105,0.5,1.0,0.5,0.0,1.0,,0.667,0.667,0.0,3.0,0.0,0.667,,3.0,0.158,2.0,2.0,0.158,0.0,0.667,0.0,4.0,0.667,,0.0,3.0,2.0,3.0,0.5,0.0,0.0,1.0,0.605,0.0,0.0,2.0,3.0,0.0,0.5,6.0,1.0,0.75,0.0,3.0,0.0,0.0,2.0,0.0,0.0,0.0,0.6,0.0,4.0,10.0,0.0,0.0,1.0,0.0,0.0,0.333,,,,,,,2.0,3.0,,0.0,,,0.0,,1.0,0.0,0.667,0.636,0.0,0.0,7.0,2.0,0.0,0.0,0.0,3.0,0.0,0.0,,,1.0,11.0,0.667,0.75,2.0,0.5,2.0,1.0,1.0,2017,21600661,,3.0,11.0,0.273,0.47,-0.197,2.0,6.0,0.333,0.392,1.0,5.0,0.2,0.554,1.0,5.0,0.2,0.623,2.0,6.0,0.333,0.403,,,,,,,,,,,,,,,20170122.0,2016-17,False,GSW,5.0,1.0,4.0,4.0,0.0,0.0,0.0,0.0,0.0,2.0,0.0,0.0,0.0,0.0,0.0,0.0,0.0,0.0,0.0,0.0,0.0,,,,,,1.5,1.5,4.6,4.7,3.0,4.49,Elfrid,1.0,0.0,1.0,0.0,43.8,1.0,0.0,40.0,1.0,45.0,45.0,45.0,3.0,2.0,2.0,22.0,19.0,40.0,11.0,48.0,50.0,48.0,44.0,18.0,31.0,2.0,14.0,15.0,30.0,78.0,73.0,28.0,5.0,80.0,6.0,1.0,1.0,5.0,102.11,24.0,123.8,24.0,11.0,25.0,-26.2,14.0,22.0,59.0,32.0,13.0,65.0,2.0,33.0,24.0,29.0,19.0,32.0,63.0,97.6,63.0,2.0,59.0,62.0,6.0,62.0,63.0,65.0,27.0,19.0,22.0,3.0,23.0,,,1.0,,ORL,,-0.059,,-0.354,1.0,,1.0,1.0,0.584,0.416,-0.423,,,,,,,,,,,,,,,,,,,,,,,,,,,,,,,,,,,,,,,,15777.0,100.0,,,,,,,,,,,,,,,1610612744.0,ORL,GSW,ORL,GSW,,,1.0,,-0.07,,,,,,,,,,,,,,
203901,Elfrid Payton,1610612753,ORL,23.0,37.65,5,16,0.313,0,3,0.0,0,2,0.0,3,4,7,5,8,0,0,4,2,2,10,-8,83.4,0.63,0.278,0.296,26.7,78,0.274,-11.4,91.0,100.08,16.7,0.1,0.238,0.0,0.313,0.0,89.0,101.02,100.4,100.0,26.8,-9.0,-0.021,71.0,0.099,83.0,0.07,18.0,1.0,7.0,1.0,13.0,0.364,0.0,4.0,0.0,2.0,0.0,0.0,5.0,11.0,0.0,0.0,0.455,0.0,0.0,0.0,0.0,0.0,0.0,0.105,0.0,4.48,4.33,95.0,2.0,0.0,0.0,29.0,7.1,1.0,6.0,12.5,2.0,0.5,0.583,0.0,1.0,6.0,12.9,0.583,12.0,4.0,0.0,5.0,0.667,0.667,0.286,0.0,0.0,0.667,0.5,0.0,2.0,12.0,0.0,,0.0,6.0,0.375,0.375,1.0,6.0,0.0,0.167,0.167,1.0,0.167,,6.0,0.0,0.0,0.0,0.667,4.0,0.667,6.0,4.0,0.375,0.667,0.375,,,,,,,,,,,,,,0.0,0.0,0.0,1.0,3.0,0.0,0.0,4.0,0.063,0.0,0.0,0.25,0.188,0.0,0.0,0.0,0.0,,0.0,1.0,0.0,0.0,0.0,0.0,0.0,0.5,0.313,0.0,0.0,2.0,0.0,0.0,0.0,5.0,0.0,0.0,0.0,1.0,0.0,0.0,3.0,0.0,0.0,0.0,0.417,0.0,0.0,12.0,0.0,0.0,0.0,0.0,0.0,0.0,,,,,,,0.0,0.0,,0.0,,,0.0,,0.0,3.0,0.0,0.417,0.0,0.0,5.0,0.0,0.0,0.0,0.0,0.0,0.0,0.0,,,1.0,12.0,0.0,0.0,3.0,0.0,3.0,0.0,0.0,2017,21600677,,4.0,13.0,0.308,0.445,-0.137,2.0,4.0,0.5,0.366,2.0,9.0,0.222,0.472,1.0,3.0,0.333,0.551,3.0,5.0,0.6,0.38,,,,,,,,,,,,,,,20170124.0,2016-17,False,CHI,6.0,4.0,2.0,2.0,0.0,0.0,0.0,0.0,0.0,2.0,0.0,0.0,0.0,0.0,0.0,0.0,0.0,0.0,0.0,0.0,0.0,,,,,,1.4,1.4,4.47,4.92,2.8,4.09,Elfrid,1.0,0.0,1.0,0.0,17.9,0.0,0.0,22.0,1.0,61.0,61.0,61.0,9.0,34.0,10.0,90.0,57.0,36.0,57.0,73.0,52.0,73.0,8.0,34.0,21.0,11.0,1.0,57.0,39.0,121.0,44.0,40.0,56.0,98.0,65.0,11.0,1.0,45.0,100.08,15.0,100.0,44.0,5.0,26.0,-9.0,44.0,13.0,105.0,115.0,36.0,38.0,34.0,105.0,44.0,37.0,16.0,114.0,87.0,91.0,44.0,10.0,105.0,87.0,20.0,87.0,103.0,38.0,98.0,34.0,110.0,47.0,10.0,,,1.0,,ORL,,0.134,,-0.249,1.0,,3.0,0.333,0.617,-0.284,-0.218,,,,,,,,,,,,,,,,,,,,,,,,,,,,,,,,,,,,,,,,14792.0,98.0,,,,,,,,,,,,,,,1610612741.0,ORL,CHI,ORL,CHI,,,1.0,,0.22,,,,,,,,,,,,,,
203901,Elfrid Payton,1610612753,ORL,23.0,24.1,4,10,0.4,1,1,1.0,3,3,1.0,1,4,5,7,2,1,0,1,1,2,12,-19,89.63,3.5,0.22,0.53,10.0,54,0.234,-32.3,96.3,107.55,35.0,0.0,0.438,0.0,0.45,0.0,100.1,105.16,132.4,131.5,9.8,-35.2,0.118,45.0,0.156,50.0,0.156,11.0,1.0,7.0,0.0,15.0,0.1,4.0,1.0,0.0,4.0,0.4,0.2,3.0,10.0,2.0,0.0,0.3,0.0,0.5,0.0,0.0,2.0,0.0,0.2,0.0,4.08,3.82,60.0,1.0,0.0,0.0,14.0,4.1,2.0,2.0,7.8,1.0,0.5,0.625,0.0,0.0,6.0,9.2,0.625,1.9,4.0,0.0,4.0,0.667,0.667,0.2,0.0,0.0,1.0,0.5,0.0,1.0,8.0,0.0,,0.0,4.0,0.4,0.4,3.0,4.0,0.0,0.75,0.75,3.0,0.75,,3.0,0.0,0.0,0.0,0.0,0.0,0.0,3.0,0.0,0.3,0.0,0.3,0.0,0.1,1.0,1.0,0.0,0.0,0.0,,0.0,0.0,0.1,0.0,0.0,0.0,0.5,1.0,1.0,1.0,0.75,1.0,2.0,0.1,1.0,0.0,0.2,0.1,0.0,0.0,0.0,0.0,,0.0,2.0,0.0,3.0,1.0,0.0,0.0,0.0,0.45,0.0,0.0,2.0,0.0,0.0,1.0,3.0,1.0,0.0,0.0,1.0,0.0,0.0,1.0,0.0,0.0,0.0,0.5,0.0,2.0,6.0,0.0,0.0,0.0,0.0,0.0,0.0,,,,,,,0.0,1.0,,0.0,,,1.0,,1.0,1.0,0.0,0.5,0.0,0.0,3.0,0.0,0.0,0.0,0.0,0.0,0.0,1.0,,,1.0,6.0,0.0,1.5,1.0,1.0,1.0,1.0,1.0,2017,21600697,,5.0,9.0,0.556,0.455,0.1,2.0,4.0,0.5,0.348,3.0,5.0,0.6,0.524,3.0,4.0,0.75,0.581,2.0,5.0,0.4,0.349,,,,,,,,,,,,,,,20170127.0,2016-17,False,BOS,5.0,2.0,3.0,6.0,0.0,1.0,2.0,0.0,0.0,1.0,0.0,0.0,0.0,0.0,0.0,0.0,0.0,0.0,0.0,0.0,0.0,,,,,,1.0,0.9,4.74,5.21,1.9,4.31,Elfrid,1.0,0.0,1.0,0.0,29.5,0.0,0.0,27.0,1.0,102.0,102.0,102.0,97.0,75.0,64.0,125.0,57.0,127.0,1.0,35.0,45.0,1.0,45.0,54.0,51.0,15.0,40.0,43.0,74.0,138.0,33.0,52.0,74.0,195.0,53.0,21.0,2.0,56.0,107.55,58.0,131.5,25.0,4.0,35.0,-35.2,16.0,68.0,152.0,105.0,42.0,175.0,75.0,118.0,25.0,80.0,10.0,104.0,176.0,96.3,177.0,64.0,152.0,180.0,11.0,180.0,139.0,175.0,131.0,35.0,78.0,13.0,12.0,,,1.0,,ORL,,0.152,,0.076,3.0,,4.0,0.75,0.607,0.143,0.17,,,,,,,,,,,,,,,,,,,,,,,,,,,,,,,,,,,,,,,,9929.0,100.0,,,,,,,,,,,,,,,1610612738.0,BOS,ORL,ORL,BOS,,,1.0,,0.051,,,,,,,,,,,,,,
203901,Elfrid Payton,1610612753,ORL,23.0,35.525,4,13,0.308,0,3,0.0,3,4,0.75,0,4,4,10,2,2,1,1,5,2,11,-9,83.32,5.0,0.213,0.373,7.4,74,0.214,-6.1,108.1,99.99,37.0,0.114,0.357,0.0,0.308,0.0,110.7,100.31,116.8,120.3,7.5,-12.2,0.068,75.0,0.147,85.0,0.133,19.0,0.0,11.0,1.0,25.0,0.0,7.0,0.0,2.0,7.0,0.318,0.091,11.0,22.0,2.0,4.0,0.5,0.091,0.286,3.0,0.75,2.0,0.0,0.118,0.0,4.48,3.74,93.0,2.0,0.0,0.0,37.0,6.9,1.0,4.0,10.1,2.0,0.0,0.333,0.5,0.0,8.0,10.1,0.333,0.0,2.0,0.0,2.0,0.5,0.5,0.5,0.0,0.0,0.0,0.0,2.0,0.0,12.0,0.0,,0.0,4.0,0.308,0.308,1.0,4.0,0.0,0.25,0.25,1.0,0.25,,5.0,0.0,0.0,0.0,0.4,2.0,0.4,5.0,2.0,0.385,0.4,0.385,0.0,0.077,1.0,1.0,1.0,1.0,0.0,,0.0,1.0,0.077,1.0,1.0,,0.0,0.0,0.0,3.0,0.0,0.0,3.0,0.0,0.0,0.0,0.231,0.231,,0.0,0.0,,,0.0,0.0,0.0,0.0,0.0,0.0,0.0,1.0,0.308,0.0,0.0,2.0,0.0,0.0,0.0,4.0,0.0,0.0,0.0,1.0,0.0,0.0,2.0,1.0,0.0,0.0,0.444,0.0,0.0,9.0,0.0,1.0,0.0,0.0,0.0,0.0,,,,,,,0.0,0.0,,0.0,,,0.0,,1.0,2.0,0.0,0.444,0.0,0.0,4.0,0.0,0.0,0.0,0.0,1.0,0.0,0.0,,,0.0,9.0,0.0,0.0,3.0,0.0,3.0,0.0,0.0,2017,21600715,,6.0,12.0,0.5,0.462,0.038,2.0,6.0,0.333,0.352,4.0,6.0,0.667,0.543,2.0,3.0,0.667,0.639,3.0,7.0,0.429,0.372,,,,,,,,,,,,,,,20170129.0,2016-17,False,TOR,8.0,4.0,4.0,3.0,0.0,0.0,0.0,0.0,0.0,0.0,0.0,0.0,0.0,0.0,0.0,0.0,0.0,0.0,0.0,0.0,0.0,,,,,,1.4,1.3,4.57,4.95,2.7,4.22,Elfrid,1.0,1.0,0.0,1.0,37.8,1.0,0.0,31.0,1.0,1.0,1.0,1.0,36.0,71.0,41.0,123.0,72.0,53.0,72.0,31.0,30.0,51.0,85.0,58.0,69.0,7.0,24.0,14.0,17.0,109.0,156.0,48.0,71.0,134.0,31.0,1.0,2.0,45.0,99.99,56.0,120.3,75.0,4.0,51.0,-12.2,18.0,53.0,80.0,95.0,78.0,135.0,71.0,125.0,75.0,55.0,13.0,94.0,96.0,108.1,124.0,41.0,80.0,110.0,15.0,110.0,68.0,135.0,129.0,47.0,105.0,6.0,11.0,,,1.0,,ORL,,-0.018,,0.124,2.0,,2.0,1.0,0.674,0.327,0.028,,,,,,,,,,,,,,,,,,,,,,,,,,,,,,,,,,,,,,,,14234.0,97.0,,,,,,,,,,,,,,,1610612761.0,TOR,ORL,ORL,TOR,,,1.0,,0.057,,,,,,,,,,,,,,
203901,Elfrid Payton,1610612753,ORL,23.0,30.456666666666667,9,17,0.529,2,5,0.4,1,2,0.5,0,4,4,3,1,3,0,5,5,1,21,2,82.74,3.0,0.275,0.587,4.5,63,0.276,2.6,104.8,99.29,13.6,0.133,0.2,0.0,0.588,0.0,104.0,99.79,101.3,101.6,4.6,3.2,0.149,50.0,0.08,58.0,0.06,10.0,1.0,4.0,0.0,8.0,0.091,6.0,1.0,0.0,5.0,0.545,0.0,5.0,11.0,0.0,0.0,0.455,0.0,0.6,0.0,0.0,3.0,0.0,0.3,1.0,5.8,5.0,70.0,1.0,0.0,0.0,23.0,6.8,0.0,6.0,8.0,0.0,0.0,0.4,0.0,0.0,5.0,8.0,0.364,0.0,4.0,1.0,4.0,1.0,0.8,0.0,0.0,1.0,0.0,0.0,0.0,0.0,11.0,0.0,,0.0,4.0,0.235,0.235,2.0,4.0,0.0,0.5,0.5,2.0,0.5,,4.0,0.0,0.0,0.0,0.5,2.0,0.5,4.0,2.0,0.235,0.5,0.235,4.0,0.471,8.0,4.0,3.0,0.75,0.235,0.5,2.0,0.625,0.235,5.0,0.75,,0.0,0.0,0.0,1.0,0.0,0.0,1.0,0.0,0.0,0.0,0.059,0.059,1.0,0.0,2.0,1.0,,0.0,1.0,1.0,6.0,0.5,0.0,0.0,0.0,0.588,0.0,0.0,0.0,2.0,0.5,0.333,4.0,1.0,0.667,0.0,1.0,1.0,0.0,3.0,2.0,0.0,1.0,0.5,1.0,3.0,8.0,0.0,1.0,1.0,1.0,0.0,1.0,,,,,,,2.0,3.0,0.0,0.0,0.0,0.0,1.0,0.0,0.0,3.0,0.667,0.5,1.0,0.0,4.0,1.0,0.0,1.0,0.0,2.0,0.0,0.333,0.0,0.0,1.0,8.0,0.5,0.75,4.0,0.5,4.0,2.0,2.0,2017,21600720,,6.0,12.0,0.5,0.423,0.077,3.0,4.0,0.75,0.306,3.0,8.0,0.375,0.473,3.0,3.0,1.0,0.592,3.0,7.0,0.429,0.372,,,,,,,,,,,,,,,20170130.0,2016-17,False,MIN,7.0,5.0,2.0,6.0,0.0,0.0,0.0,0.0,0.0,2.0,0.0,0.0,0.0,0.0,0.0,0.0,0.0,0.0,0.0,0.0,0.0,,,,,,1.1,1.1,4.35,4.64,2.2,4.09,Elfrid,1.0,0.0,1.0,0.0,38.3,0.0,0.0,36.0,1.0,65.0,65.0,65.0,36.0,6.0,10.0,37.0,15.0,23.0,35.0,54.0,41.0,50.0,67.0,32.0,50.0,28.0,42.0,3.0,38.0,127.0,118.0,54.0,12.0,52.0,16.0,7.0,1.0,16.0,99.29,18.0,101.6,52.0,9.0,47.0,3.2,58.0,17.0,72.0,54.0,48.0,46.0,6.0,49.0,52.0,30.0,17.0,54.0,58.0,104.8,42.0,10.0,72.0,58.0,30.0,58.0,78.0,46.0,43.0,50.0,29.0,12.0,21.0,,,1.0,,ORL,,0.444,,-0.098,3.0,,3.0,1.0,0.635,0.365,0.408,,,,,,,,,,,,,,,,,,,,,,,,,,,,,,,,,,,,,,,,11567.0,104.0,,,,,,,,,,,,,,,1610612750.0,MIN,ORL,ORL,MIN,,,1.0,,0.057,,,,,,,,,,,,,,
203901,Elfrid Payton,1610612753,ORL,23.0,31.50333333333333,5,10,0.5,0,1,0.0,1,1,1.0,0,6,6,3,1,0,0,1,3,2,11,-6,76.18,3.0,0.162,0.527,7.1,60,0.17,-15.2,95.0,91.42,21.4,0.0,0.188,0.0,0.5,0.0,90.2,93.61,105.5,105.0,6.9,-10.0,0.111,63.0,0.079,64.0,0.048,14.0,1.0,5.0,1.0,8.0,0.077,7.0,1.0,0.0,6.0,0.538,0.0,6.0,13.0,0.0,0.0,0.462,0.0,0.5,0.0,0.0,3.0,0.0,0.147,1.0,5.09,5.08,75.0,2.0,0.0,0.0,21.0,6.4,1.0,4.0,8.3,0.0,0.0,0.6,0.0,0.0,6.0,8.3,0.6,0.0,6.0,0.0,6.0,1.0,1.0,0.0,0.0,0.0,0.0,0.0,0.0,0.0,10.0,0.0,,0.0,2.0,0.2,0.2,2.0,2.0,0.0,1.0,1.0,2.0,1.0,0.0,5.0,0.0,1.0,0.1,0.2,1.0,0.25,4.0,1.0,0.5,0.2,0.4,0.0,0.2,2.0,2.0,1.0,0.5,0.0,,0.0,0.5,0.2,1.0,0.5,1.0,1.0,0.0,1.0,0.0,1.0,,1.0,0.1,1.0,1.0,0.1,0.0,0.5,0.0,4.0,0.5,,0.0,4.0,2.0,0.0,0.0,0.0,0.0,1.0,0.5,0.0,0.0,2.0,1.0,0.0,0.0,3.0,0.0,0.5,0.0,3.0,0.0,,1.0,0.0,0.0,0.0,0.75,0.0,2.0,4.0,,0.0,1.0,0.0,,0.333,,,,,,,0.0,1.0,0.0,1.0,,,0.0,0.0,2.0,1.0,0.0,0.75,0.0,,3.0,1.0,0.5,0.0,,1.0,,0.0,0.0,,1.0,4.0,1.0,0.0,1.0,0.0,1.0,0.0,0.0,2017,21600730,,1.0,3.0,0.333,0.5,-0.166,,,,,1.0,3.0,0.333,0.529,1.0,2.0,0.5,0.588,0.0,1.0,0.0,0.392,,,,,,,,,,,,,,,20170201.0,2016-17,False,IND,3.0,3.0,0.0,1.0,0.0,1.0,2.0,0.0,0.0,2.0,0.0,0.0,0.0,0.0,0.0,0.0,0.0,0.0,0.0,0.0,0.0,,,,,,1.1,1.1,4.2,4.26,2.2,4.14,Elfrid,1.0,0.0,1.0,0.0,21.7,0.0,0.0,20.0,1.0,134.0,134.0,134.0,44.0,57.0,76.0,94.0,126.0,154.0,126.0,119.0,146.0,1.0,132.0,24.0,45.0,58.0,73.0,128.0,82.0,179.0,190.0,71.0,83.0,176.0,89.0,17.0,1.0,97.0,91.42,166.0,105.0,254.0,5.0,75.0,-10.0,85.0,173.0,200.0,122.0,244.0,111.0,57.0,128.0,254.0,128.0,10.0,122.0,174.0,95.0,121.0,76.0,200.0,155.0,79.0,155.0,208.0,111.0,109.0,77.0,101.0,29.0,11.0,,,1.0,,ORL,,,,-0.195,,,,,,,-0.088,,,,,,,,,,,,,,,,,,,,,,,,,,,,,,,,,,,,,,,,11661.0,95.0,,,,,,,,,,,,,,,1610612754.0,ORL,IND,ORL,IND,,,1.0,,-0.392,,,,,,,,,,,,,,
203901,Elfrid Payton,1610612753,ORL,23.0,31.615,5,12,0.417,0,2,0.0,0,0,0.0,0,4,4,6,1,1,0,3,0,1,10,14,78.44,6.0,0.186,0.417,5.3,62,0.187,22.5,111.3,94.13,31.6,0.103,0.24,0.0,0.417,0.0,108.6,96.68,86.2,88.7,5.3,22.6,0.119,48.0,0.146,57.0,0.125,9.0,0.0,7.0,1.0,14.0,0.0,4.0,0.0,0.0,7.0,0.364,0.182,2.0,11.0,2.0,0.0,0.182,0.0,0.286,0.0,0.0,2.0,0.0,0.154,1.0,5.66,5.23,65.0,1.0,0.0,2.0,19.0,6.1,0.0,4.0,10.9,0.0,0.0,0.444,0.0,0.0,6.0,10.9,0.4,0.0,4.0,1.0,4.0,0.667,0.667,0.0,1.0,0.0,0.0,0.0,0.0,0.0,10.0,0.0,,0.0,3.0,0.25,0.25,1.0,3.0,0.0,0.333,0.333,1.0,0.333,,5.0,0.0,0.0,0.0,0.4,2.0,0.4,5.0,2.0,0.417,0.4,0.417,2.0,0.167,2.0,0.0,0.0,0.0,0.167,0.0,0.0,0.0,0.0,0.0,,1.0,1.0,0.0,2.0,0.0,1.0,,2.0,0.167,2.0,2.0,0.167,0.0,1.0,0.0,2.0,1.0,,0.0,1.0,1.0,0.0,0.0,2.0,1.0,0.0,0.417,0.0,0.0,0.0,1.0,0.0,0.0,3.0,0.0,0.5,,1.0,0.0,,2.0,0.0,,,0.429,0.0,2.0,7.0,,0.0,1.0,0.0,,1.0,,,,,,,1.0,2.0,0.0,1.0,0.0,0.0,0.0,0.0,1.0,1.0,0.5,0.429,0.0,0.0,3.0,0.0,1.0,0.0,0.0,1.0,0.0,0.0,0.0,0.0,0.0,7.0,0.0,0.0,2.0,0.0,2.0,0.0,0.0,2017,21600746,,3.0,12.0,0.25,0.453,-0.203,2.0,9.0,0.222,0.395,1.0,3.0,0.333,0.531,1.0,2.0,0.5,0.558,2.0,10.0,0.2,0.408,,,,,,,,,,,,,,,20170203.0,2016-17,False,TOR,9.0,1.0,8.0,2.0,0.0,1.0,2.0,0.0,0.0,0.0,0.0,0.0,0.0,0.0,0.0,0.0,0.0,0.0,0.0,0.0,0.0,,,,,,1.1,1.1,4.18,4.28,2.2,4.08,Elfrid,1.0,1.0,0.0,1.0,25.8,0.0,0.0,22.0,1.0,1.0,1.0,1.0,59.0,51.0,44.0,97.0,84.0,79.0,84.0,109.0,114.0,109.0,102.0,52.0,74.0,14.0,66.0,31.0,64.0,173.0,1.0,91.0,78.0,12.0,63.0,16.0,4.0,77.0,94.13,83.0,88.7,147.0,5.0,60.0,22.6,23.0,82.0,70.0,63.0,126.0,19.0,51.0,129.0,147.0,44.0,12.0,63.0,18.0,111.3,16.0,44.0,70.0,19.0,37.0,19.0,74.0,19.0,115.0,47.0,63.0,2.0,10.0,,,1.0,,ORL,,-0.173,,-0.197,1.0,,1.0,1.0,0.596,0.404,-0.058,,,,,,,,,,,,,,,,,,,,,,,,,,,,,,,,,,,,,,,,11628.0,93.0,,,,,,,,,,,,,,,1610612761.0,ORL,TOR,ORL,TOR,,,1.0,,-0.208,,,,,,,,,,,,,,
203901,Elfrid Payton,1610612753,ORL,23.0,26.28333333333333,3,12,0.25,0,4,0.0,6,8,0.75,2,1,3,0,2,0,0,1,1,4,12,-35,84.46,0.0,0.286,0.387,11.1,56,0.291,-67.2,78.6,101.36,0.0,0.0,0.0,0.0,0.25,0.065,79.6,99.6,146.8,143.6,11.4,-65.1,0.0,47.0,0.021,59.0,0.0,9.0,1.0,1.0,0.0,2.0,0.25,3.0,2.0,2.0,0.0,0.375,0.0,4.0,8.0,0.0,4.0,0.5,0.25,0.0,3.0,0.75,0.0,0.0,0.182,0.0,4.72,4.67,66.0,4.0,0.0,0.0,25.0,5.2,1.0,4.0,8.8,1.0,0.5,0.429,0.0,1.0,3.0,17.4,0.429,4.5,1.0,0.0,2.0,0.333,0.333,0.333,0.0,0.0,0.5,0.5,0.0,1.0,7.0,,,,,,,,,,,,,,,5.0,0.0,0.0,0.0,0.4,2.0,0.4,5.0,2.0,0.417,0.4,0.417,2.0,0.417,5.0,3.0,1.0,0.2,0.167,0.0,0.0,0.2,0.25,1.0,0.333,,0.0,0.0,0.0,2.0,0.0,0.0,2.0,0.0,0.0,0.0,0.167,0.167,0.0,0.0,0.0,0.0,0.0,1.0,3.0,0.0,0.0,0.0,0.0,0.0,0.667,0.25,0.0,0.0,4.0,1.0,0.0,0.0,2.0,0.0,0.333,0.0,2.0,0.0,0.0,3.0,1.0,0.0,0.0,0.667,0.0,3.0,3.0,0.0,1.0,0.0,0.0,0.0,0.0,,,,,,,1.0,2.0,,0.0,,,0.0,,0.0,2.0,0.5,0.5,0.0,0.0,2.0,0.0,0.0,0.0,0.0,3.0,0.0,0.0,,,1.0,4.0,0.0,0.0,3.0,0.0,3.0,0.0,0.0,2017,21600756,,5.0,8.0,0.625,0.45,0.175,2.0,4.0,0.5,0.35,3.0,4.0,0.75,0.487,2.0,3.0,0.667,0.513,3.0,5.0,0.6,0.396,,,,,,,,,,,,,,,20170204.0,2016-17,False,ATL,7.0,3.0,4.0,0.0,0.0,0.0,0.0,0.0,0.0,0.0,0.0,0.0,0.0,0.0,0.0,0.0,0.0,0.0,0.0,0.0,0.0,,,,,,1.1,0.9,4.6,4.88,2.0,4.28,Elfrid,1.0,0.0,1.0,0.0,13.6,0.0,0.0,15.0,1.0,110.0,110.0,110.0,82.0,95.0,35.0,169.0,98.0,45.0,98.0,5.0,7.0,69.0,22.0,142.0,100.0,155.0,36.0,99.0,65.0,155.0,45.0,21.0,66.0,216.0,135.0,17.0,1.0,121.0,101.36,28.0,143.6,70.0,3.0,31.0,-65.1,155.0,26.0,206.0,138.0,79.0,205.0,95.0,159.0,70.0,93.0,12.0,133.0,212.0,78.6,205.0,35.0,206.0,210.0,155.0,210.0,206.0,205.0,173.0,46.0,181.0,111.0,12.0,,,,,ORL,,0.15,,0.263,2.0,,2.0,1.0,0.573,0.428,0.154,,,,,,,,,,,,,,,,,,,,,,,,,,,,,,,,,,,,,,,,10496.0,96.0,,,,,,,,,,,,,,,1610612737.0,ATL,ORL,ORL,ATL,,,1.0,,0.204,,,,,,,,,,,,,,
203901,Elfrid Payton,1610612753,ORL,23.0,26.74333333333333,5,11,0.455,0,1,0.0,0,0,0.0,0,2,2,8,2,2,0,1,2,0,10,-12,86.75,4.0,0.197,0.455,9.5,57,0.198,-14.3,110.5,104.1,38.1,0.065,0.333,0.034,0.455,0.0,109.1,106.4,123.4,127.1,9.5,-16.6,0.088,52.0,0.192,61.0,0.154,16.0,2.0,10.0,0.0,19.0,0.0,2.0,0.0,0.0,4.0,0.286,0.429,0.0,7.0,3.0,0.0,0.0,0.0,0.25,0.0,0.0,1.0,0.0,0.152,0.0,4.65,4.18,66.0,1.0,0.0,0.0,20.0,5.1,2.0,2.0,14.3,0.0,0.0,0.5,0.0,0.0,4.0,14.3,0.333,0.0,2.0,2.0,2.0,0.667,0.5,0.0,1.0,1.0,0.0,0.0,0.0,0.0,6.0,0.0,,0.0,1.0,0.091,0.091,1.0,1.0,0.0,1.0,1.0,1.0,1.0,0.0,4.0,0.0,1.0,0.091,0.25,1.0,0.333,3.0,1.0,0.364,0.25,0.273,0.0,0.545,6.0,6.0,3.0,0.5,0.0,,0.0,0.5,0.545,3.0,0.5,,,,,,,,,,,,,,0.0,0.0,0.0,0.0,,0.0,3.0,0.0,0.0,0.0,0.0,0.0,1.0,0.455,0.0,0.0,2.0,2.0,0.0,0.0,3.0,0.0,0.5,0.0,2.0,0.0,,0.0,1.0,0.0,1.0,0.75,0.0,4.0,4.0,,0.0,0.0,0.0,,0.0,,,,,,,1.0,3.0,,1.0,,,0.0,,1.0,0.0,0.333,0.75,0.0,,3.0,0.0,1.0,0.0,,1.0,,0.0,,,2.0,4.0,0.0,0.0,1.0,0.0,1.0,0.0,0.0,2017,21600780,,2.0,7.0,0.286,0.45,-0.164,1.0,5.0,0.2,0.357,1.0,2.0,0.5,0.591,1.0,2.0,0.5,0.612,1.0,5.0,0.2,0.359,,,,,,,,,,,,,,,20170207.0,2016-17,False,HOU,3.0,0.0,3.0,2.0,0.0,1.0,3.0,0.0,0.0,0.0,0.0,0.0,0.0,0.0,0.0,0.0,0.0,0.0,0.0,0.0,0.0,,,,,,1.1,0.9,4.5,5.08,2.0,3.94,Elfrid,1.0,0.0,1.0,0.0,28.4,0.0,0.0,24.0,1.0,31.0,31.0,31.0,26.0,20.0,17.0,31.0,36.0,41.0,36.0,40.0,42.0,40.0,31.0,33.0,40.0,2.0,10.0,4.0,19.0,40.0,23.0,48.0,32.0,51.0,19.0,7.0,1.0,26.0,104.1,25.0,127.1,31.0,5.0,16.0,-16.6,7.0,25.0,31.0,37.0,18.0,52.0,20.0,43.0,31.0,19.0,11.0,37.0,50.0,110.5,45.0,17.0,31.0,50.0,5.0,50.0,30.0,52.0,40.0,14.0,34.0,4.0,10.0,,,1.0,,ORL,,-0.157,,-0.091,1.0,,2.0,0.5,0.633,-0.133,-0.112,,,,,,,,,,,,,,,,,,,,,,,,,,,,,,,,,,,,,,,,10495.0,103.0,,,,,,,,,,,,,,,1610612745.0,HOU,ORL,ORL,HOU,,,1.0,,-0.159,,,,,,,,,,,,,,
203901,Elfrid Payton,1610612753,ORL,23.0,25.62833333333333,7,11,0.636,0,2,0.0,1,2,0.5,0,1,1,3,2,1,0,0,1,2,15,-2,88.18,1.5,0.219,0.631,11.8,56,0.217,-6.6,91.1,105.82,17.6,0.032,0.231,0.0,0.636,0.0,86.7,108.33,93.2,93.0,11.8,-1.9,0.138,37.0,0.081,47.0,0.081,6.0,0.0,3.0,0.0,6.0,0.0,10.0,0.0,0.0,7.0,0.667,0.0,7.0,15.0,0.0,0.0,0.467,0.0,0.714,0.0,0.0,5.0,0.0,0.294,1.0,6.14,5.92,51.0,0.0,0.0,2.0,17.0,5.2,0.0,1.0,9.8,0.0,0.0,0.25,0.0,0.0,4.0,9.8,0.2,0.0,1.0,1.0,1.0,0.333,0.25,0.0,0.0,1.0,0.0,0.0,0.0,0.0,5.0,1.0,0.0,0.0,3.0,0.364,0.273,3.0,4.0,0.091,0.75,1.0,3.0,0.75,,3.0,0.0,0.0,0.0,0.667,2.0,0.667,3.0,2.0,0.273,0.667,0.273,1.0,0.273,3.0,2.0,2.0,0.667,0.091,0.0,0.0,0.667,0.182,2.0,1.0,0.0,0.0,0.0,1.0,0.0,0.0,,1.0,0.091,0.0,0.0,0.091,0.0,0.25,0.0,2.0,0.25,0.0,2.0,4.0,1.0,0.0,0.0,2.0,1.0,0.0,0.636,0.0,0.0,0.0,2.0,0.0,0.0,4.0,0.0,0.5,0.0,1.0,0.0,0.0,2.0,0.0,0.0,0.0,1.0,0.0,4.0,4.0,0.0,0.0,1.0,0.0,0.0,1.0,,,,,,,2.0,3.0,,0.0,,,0.0,,1.0,1.0,0.667,1.0,1.0,0.0,4.0,0.0,0.0,1.0,0.0,1.0,0.0,0.0,,,1.0,4.0,0.0,,0.0,,0.0,0.0,0.0,2017,21600795,,5.0,11.0,0.455,0.411,0.043,3.0,4.0,0.75,0.358,2.0,7.0,0.286,0.459,0.0,3.0,0.0,0.525,5.0,7.0,0.714,0.349,,,,,,,,,,,,,,,20170209.0,2016-17,False,PHI,8.0,5.0,3.0,2.0,0.0,0.0,0.0,0.0,0.0,2.0,0.0,0.0,0.0,0.0,0.0,0.0,0.0,0.0,0.0,0.0,0.0,,,,,,0.9,0.9,4.45,4.17,1.9,4.26,Elfrid,1.0,0.0,1.0,0.0,21.7,0.0,0.0,21.0,1.0,50.0,50.0,50.0,49.0,18.0,29.0,18.0,53.0,46.0,53.0,41.0,35.0,47.0,56.0,70.0,79.0,26.0,25.0,26.0,31.0,1.0,21.0,31.0,22.0,56.0,51.0,8.0,2.0,50.0,105.82,31.0,93.0,29.0,7.0,36.0,-1.9,39.0,29.0,83.0,63.0,21.0,21.0,18.0,34.0,29.0,44.0,11.0,62.0,59.0,91.1,21.0,29.0,83.0,54.0,16.0,54.0,88.0,21.0,27.0,26.0,22.0,17.0,15.0,,,1.0,,ORL,,0.392,,-0.173,0.0,,2.0,0.0,0.567,-0.567,-0.525,,,,,,,,,,,,,,,,,,,,,,,,,,,,,,,,,,,,,,,,9845.0,106.0,,,,,,,,,,,,,,,1610612755.0,ORL,PHI,ORL,PHI,,,1.0,,0.366,,,,,,,,,,,,,,
203901,Elfrid Payton,1610612753,ORL,23.0,20.47833333333333,4,9,0.444,0,2,0.0,0,0,0.0,0,2,2,0,2,0,0,2,4,0,8,-25,83.99,0.0,0.224,0.444,18.2,44,0.239,-56.2,56.8,100.79,0.0,0.095,0.0,0.04,0.444,0.0,61.0,97.98,117.3,119.0,18.2,-62.2,-0.018,27.0,0.037,37.0,0.0,4.0,1.0,1.0,0.0,2.0,0.0,6.0,0.0,0.0,6.0,0.462,0.0,6.0,13.0,0.0,0.0,0.462,0.0,0.5,0.0,0.0,3.0,0.0,0.2,0.0,5.86,5.43,40.0,0.0,0.0,0.0,15.0,3.9,0.0,3.0,5.8,0.0,0.0,0.4,0.0,0.0,2.0,5.8,0.4,0.0,2.0,0.0,2.0,1.0,1.0,0.0,0.0,0.0,0.0,0.0,0.0,0.0,5.0,0.0,,0.0,2.0,0.222,0.222,0.0,2.0,0.0,0.0,0.0,0.0,0.0,,3.0,0.0,0.0,0.0,1.0,3.0,1.0,3.0,3.0,0.333,1.0,0.333,1.0,0.333,3.0,2.0,1.0,0.333,0.111,0.0,0.0,0.333,0.222,1.0,0.5,,0.0,0.0,0.0,1.0,0.0,0.0,1.0,0.0,0.0,0.0,0.111,0.111,1.0,0.0,4.0,1.0,,0.0,2.0,2.0,0.0,0.0,0.0,0.0,0.0,0.444,0.0,0.0,0.0,1.0,0.0,0.0,1.0,0.0,0.5,0.0,2.0,,0.0,1.0,1.0,0.0,1.0,0.333,,2.0,3.0,0.0,,2.0,0.0,0.0,1.0,,,,,,,1.0,2.0,0.0,1.0,,,0.0,0.0,1.0,1.0,0.5,0.333,1.0,0.0,1.0,0.0,1.0,1.0,0.0,1.0,0.0,0.0,0.0,,1.0,3.0,0.0,0.0,2.0,0.0,2.0,0.0,0.0,2017,21600814,,4.0,9.0,0.444,0.427,0.017,2.0,4.0,0.5,0.352,2.0,5.0,0.4,0.496,1.0,2.0,0.5,0.543,3.0,6.0,0.5,0.379,,,,,,,,,,,,,,,20170211.0,2016-17,False,DAL,2.0,2.0,0.0,2.0,0.0,0.0,0.0,0.0,0.0,1.0,0.0,0.0,0.0,0.0,0.0,0.0,0.0,0.0,0.0,0.0,0.0,,,,,,0.8,0.8,4.41,4.62,1.5,4.8,Elfrid,1.0,0.0,1.0,0.0,8.4,0.0,0.0,10.0,1.0,89.0,89.0,89.0,99.0,56.0,62.0,85.0,83.0,78.0,83.0,98.0,105.0,98.0,92.0,90.0,113.0,127.0,29.0,80.0,58.0,156.0,140.0,128.0,87.0,166.0,136.0,10.0,1.0,123.0,100.79,44.0,119.0,75.0,4.0,45.0,-62.2,127.0,49.0,168.0,139.0,84.0,111.0,56.0,112.0,75.0,49.0,9.0,138.0,161.0,56.8,105.0,62.0,168.0,163.0,127.0,163.0,167.0,111.0,96.0,36.0,161.0,89.0,8.0,,,1.0,,ORL,,0.148,,-0.096,1.0,,1.0,1.0,0.655,0.345,-0.043,,,,,,,,,,,,,,,,,,,,,,,,,,,,,,,,,,,,,,,,8059.0,95.0,,,,,,,,,,,,,,,1610612742.0,DAL,ORL,ORL,DAL,,,1.0,,0.121,,,,,,,,,,,,,,
203901,Elfrid Payton,1610612753,ORL,23.0,31.266666666666666,7,15,0.467,0,0,0.0,6,7,0.857,0,5,5,4,0,0,0,2,2,6,20,16,84.43,0.0,0.243,0.553,0.0,67,0.251,24.2,120.9,101.32,18.2,0.0,0.182,0.0,0.467,0.0,122.5,101.51,98.3,100.0,0.0,20.9,0.168,60.0,0.083,71.0,0.067,11.0,1.0,5.0,0.0,12.0,0.111,3.0,1.0,1.0,3.0,0.333,0.111,2.0,9.0,1.0,2.0,0.222,0.111,0.333,1.0,0.5,1.0,0.0,0.25,2.0,5.2,5.1,80.0,2.0,0.0,1.0,24.0,6.9,1.0,2.0,10.2,0.0,0.0,0.625,0.0,0.0,7.0,10.2,0.556,0.0,6.0,1.0,6.0,0.833,0.714,0.0,0.0,1.0,0.0,0.0,0.0,0.0,9.0,0.0,,0.0,3.0,0.2,0.2,2.0,3.0,0.0,0.667,0.667,2.0,0.667,,9.0,0.0,0.0,0.0,0.444,4.0,0.444,9.0,4.0,0.6,0.444,0.6,0.0,0.133,2.0,2.0,0.0,0.0,0.0,,0.0,0.0,0.133,0.0,0.0,1.0,1.0,0.0,1.0,0.0,1.0,,1.0,0.067,1.0,1.0,0.067,0.0,0.25,,2.0,0.25,,,4.0,1.0,0.0,0.0,2.0,0.5,0.5,0.467,0.0,0.0,2.0,2.0,0.0,0.0,4.0,0.0,0.333,0.0,4.0,0.0,0.0,0.0,0.0,0.0,0.0,0.8,0.0,6.0,5.0,0.0,0.0,1.0,0.0,0.0,0.25,,,,,,,2.0,5.0,,1.0,,,0.0,,2.0,0.0,0.4,0.8,0.0,0.0,4.0,0.0,0.5,0.0,0.0,0.0,0.0,0.0,,,3.0,5.0,0.0,0.0,1.0,,,,0.0,2017,21600823,,3.0,9.0,0.333,0.457,-0.123,0.0,2.0,0.0,0.389,3.0,7.0,0.429,0.489,3.0,4.0,0.75,0.559,0.0,3.0,0.0,0.372,,,,,,,,,,,,,,,20170213.0,2016-17,False,MIA,7.0,5.0,2.0,3.0,0.0,0.0,0.0,0.0,0.0,1.0,0.0,0.0,0.0,0.0,0.0,0.0,0.0,0.0,0.0,0.0,0.0,,,,,,1.2,1.0,4.23,4.67,2.2,3.8,Elfrid,1.0,1.0,0.0,1.0,32.0,0.0,0.0,29.0,1.0,1.0,1.0,1.0,61.0,28.0,30.0,108.0,119.0,168.0,119.0,15.0,15.0,65.0,101.0,40.0,64.0,29.0,155.0,109.0,62.0,216.0,99.0,9.0,29.0,19.0,45.0,23.0,2.0,49.0,101.32,50.0,100.0,79.0,7.0,53.0,20.9,81.0,54.0,33.0,1.0,85.0,73.0,28.0,112.0,79.0,81.0,15.0,1.0,33.0,120.9,72.0,30.0,33.0,36.0,61.0,36.0,29.0,73.0,127.0,34.0,36.0,121.0,20.0,,,1.0,,ORL,,-0.389,,-0.061,2.0,,3.0,0.667,0.593,0.073,0.192,,,,,,,,,,,,,,,,,,,,,,,,,,,,,,,,,,,,,,,,11807.0,103.0,,,,,,,,,,,,,,,1610612748.0,MIA,ORL,ORL,MIA,,,1.0,,-0.372,,,,,,,,,,,,,,
203901,Elfrid Payton,1610612753,ORL,23.0,30.066666666666663,3,8,0.375,1,2,0.5,0,0,0.0,1,2,3,3,3,0,0,2,2,0,7,-7,75.17,1.0,0.177,0.438,21.4,56,0.179,-11.9,105.4,90.2,21.4,0.069,0.167,0.0,0.438,0.0,100.7,93.55,112.6,115.8,21.4,-10.4,0.023,44.0,0.068,52.0,0.068,8.0,0.0,3.0,0.0,7.0,0.273,0.0,3.0,0.0,2.0,0.0,0.0,6.0,11.0,0.0,0.0,0.545,0.0,0.0,0.0,0.0,0.0,0.0,0.125,1.0,5.63,5.34,56.0,2.0,0.0,0.0,16.0,5.3,1.0,3.0,9.3,1.0,0.333,0.429,0.5,1.0,5.0,11.0,0.375,5.8,1.0,1.0,2.0,0.5,0.4,0.333,0.0,1.0,0.0,0.333,1.0,0.0,8.0,0.0,,0.0,3.0,0.375,0.375,0.0,3.0,0.0,0.0,0.0,0.0,0.0,,1.0,0.0,0.0,0.0,1.0,1.0,1.0,1.0,1.0,0.125,1.0,0.125,0.0,0.25,2.0,2.0,1.0,0.5,0.0,,0.0,0.5,0.25,1.0,0.5,,0.5,1.0,0.0,2.0,0.75,0.5,2.0,0.0,1.0,0.0,0.25,0.25,1.0,0.0,2.0,1.0,,0.0,1.0,1.0,3.0,0.5,0.0,0.0,0.5,0.438,0.0,0.0,2.0,1.0,1.0,0.0,1.0,0.0,0.5,1.0,0.0,0.0,,1.0,1.0,1.0,1.0,0.25,0.0,2.0,4.0,,0.0,0.0,1.0,,0.0,,,,,,,1.0,2.0,,0.0,,,0.0,,0.0,1.0,0.5,0.25,0.0,,1.0,1.0,0.0,0.0,,1.0,,0.0,,,0.0,4.0,1.0,0.75,2.0,0.5,2.0,1.0,1.0,2017,21600834,,6.0,13.0,0.462,0.442,0.02,1.0,8.0,0.125,0.361,5.0,5.0,1.0,0.488,4.0,4.0,1.0,0.552,2.0,9.0,0.222,0.374,,,,,,,,,,,,,,,20170215.0,2016-17,False,SAS,12.0,4.0,8.0,2.0,0.0,0.0,0.0,0.0,0.0,1.0,0.0,0.0,0.0,0.0,0.0,0.0,0.0,0.0,0.0,0.0,0.0,,,,,,1.0,1.1,4.19,4.44,2.1,4.0,Elfrid,1.0,0.0,1.0,0.0,12.1,0.0,0.0,14.0,1.0,152.0,152.0,152.0,81.0,125.0,114.0,182.0,70.0,129.0,42.0,164.0,172.0,164.0,68.0,155.0,146.0,56.0,26.0,145.0,90.0,274.0,148.0,209.0,155.0,219.0,194.0,23.0,4.0,170.0,90.2,162.0,115.8,269.0,3.0,54.0,-10.4,94.0,154.0,151.0,259.0,236.0,209.0,125.0,205.0,269.0,75.0,8.0,259.0,193.0,105.4,191.0,114.0,151.0,189.0,96.0,189.0,166.0,209.0,180.0,30.0,245.0,78.0,7.0,,,1.0,,ORL,,-0.236,,0.512,3.0,,3.0,1.0,0.582,0.418,0.448,,,,,,,,,,,,,,,,,,,,,,,,,,,,,,,,,,,,,,,,11160.0,92.0,,,,,,,,,,,,,,,1610612759.0,ORL,SAS,ORL,SAS,,,1.0,,-0.152,,,,,,,,,,,,,,
203901,Elfrid Payton,1610612753,ORL,23.0,22.33333333333333,4,8,0.5,0,1,0.0,1,4,0.25,1,1,2,3,4,0,1,1,1,2,9,-11,80.6,0.75,0.246,0.461,23.5,45,0.246,-22.1,102.2,96.72,17.6,0.05,0.25,0.0,0.5,0.0,94.0,105.31,116.1,126.7,23.9,-24.4,0.025,32.0,0.125,38.0,0.094,5.0,0.0,4.0,1.0,7.0,0.1,2.0,1.0,1.0,3.0,0.2,0.1,3.0,10.0,1.0,2.0,0.3,0.1,0.333,0.0,0.0,1.0,0.0,0.2,0.0,5.95,5.62,45.0,0.0,0.0,0.0,9.0,4.5,0.0,5.0,12.1,0.0,0.2,0.25,0.0,1.0,3.0,7.8,0.25,16.4,1.0,0.0,2.0,0.333,0.333,0.0,0.0,0.0,0.0,0.2,0.0,0.0,8.0,0.0,,0.0,2.0,0.25,0.25,1.0,2.0,0.0,0.5,0.5,1.0,0.5,,2.0,0.0,0.0,0.0,0.5,1.0,0.5,2.0,1.0,0.25,0.5,0.25,0.0,0.375,3.0,3.0,2.0,0.667,0.0,,0.0,0.667,0.375,2.0,0.667,,0.0,0.0,0.0,1.0,0.0,0.0,1.0,0.0,0.0,0.0,0.125,0.125,0.5,0.0,2.0,0.5,,0.0,2.0,1.0,0.0,0.0,0.0,0.0,0.0,0.5,0.0,0.0,0.0,0.0,0.0,0.0,3.0,0.0,0.0,0.0,2.0,0.0,0.0,1.0,0.0,0.0,0.0,0.6,0.0,0.0,5.0,0.0,0.0,1.0,0.0,0.0,0.5,,,,,,,0.0,0.0,,0.0,,,0.0,,0.0,0.0,0.0,0.6,1.0,0.0,3.0,0.0,0.0,0.5,0.0,1.0,0.0,0.0,,,2.0,5.0,0.0,0.0,1.0,0.0,1.0,0.0,0.0,2017,21600850,,9.0,14.0,0.643,0.438,0.204,3.0,4.0,0.75,0.369,6.0,10.0,0.6,0.475,6.0,6.0,1.0,0.486,3.0,6.0,0.5,0.389,,,,,,,,,,,,,,,20170223.0,2016-17,False,POR,9.0,6.0,3.0,1.0,0.0,0.0,0.0,0.0,0.0,1.0,0.0,0.0,0.0,0.0,0.0,0.0,0.0,0.0,0.0,0.0,0.0,,,,,,0.8,0.8,4.31,4.45,1.6,4.18,Elfrid,1.0,0.0,1.0,0.0,14.9,0.0,0.0,16.0,1.0,66.0,66.0,66.0,77.0,47.0,56.0,44.0,60.0,72.0,60.0,55.0,24.0,70.0,31.0,89.0,83.0,34.0,7.0,60.0,19.0,83.0,25.0,36.0,61.0,97.0,83.0,14.0,2.0,75.0,96.72,26.0,126.7,118.0,4.0,33.0,-24.4,50.0,24.0,73.0,112.0,44.0,111.0,47.0,82.0,118.0,45.0,8.0,112.0,97.0,102.2,91.0,56.0,73.0,103.0,25.0,103.0,96.0,111.0,54.0,15.0,104.0,55.0,9.0,,,1.0,,ORL,,0.382,,0.125,5.0,,5.0,1.0,0.53,0.47,0.514,,,,,,,,,,,,,,,,,,,,,,,,,,,,,,,,,,,,,,,,8526.0,100.0,,,,,,,,,,,,,,,1610612757.0,ORL,POR,ORL,POR,,,1.0,,0.112,,,,,,,,,,,,,,
203901,Elfrid Payton,1610612753,ORL,23.0,27.95,3,8,0.375,0,0,0.0,9,10,0.9,3,6,9,9,1,2,2,2,1,6,15,27,85.87,9.0,0.212,0.605,4.3,60,0.203,45.9,116.7,103.04,39.1,0.176,0.429,0.0,0.375,0.0,116.8,103.49,71.0,71.7,4.5,45.0,0.286,51.0,0.235,57.0,0.176,17.0,1.0,12.0,2.0,23.0,0.067,11.0,1.0,5.0,2.0,0.733,0.0,6.0,15.0,0.0,10.0,0.4,0.333,0.5,9.0,0.9,1.0,0.0,0.214,2.0,5.61,5.44,70.0,5.0,0.0,1.0,19.0,6.5,0.4,5.0,6.2,3.0,0.6,0.75,0.0,0.0,9.0,7.4,0.643,3.3,7.0,2.0,7.0,0.857,0.667,0.333,0.0,2.0,1.0,0.6,0.0,3.0,14.0,0.0,,0.0,1.0,0.125,0.125,0.0,1.0,0.0,0.0,0.0,0.0,0.0,,6.0,0.0,0.0,0.0,0.333,2.0,0.333,6.0,2.0,0.75,0.333,0.75,0.0,0.125,1.0,1.0,1.0,1.0,0.0,,0.0,1.0,0.125,1.0,1.0,,,,,,,,,,,,,,1.0,,2.0,1.0,,,1.0,1.0,0.0,0.0,2.0,0.5,0.5,0.375,0.0,0.0,2.0,1.0,0.0,0.0,2.0,0.0,0.5,0.0,0.0,0.0,0.0,0.0,0.0,0.0,0.0,0.333,0.0,2.0,6.0,0.0,0.0,0.0,0.0,0.0,0.0,,,,,,,1.0,1.0,,0.0,,,0.0,,0.0,0.0,1.0,0.286,0.0,0.0,2.0,0.0,0.0,0.0,0.0,0.0,0.0,0.0,,,0.0,7.0,0.0,,0.0,,,,0.0,2017,21600867,,3.0,14.0,0.214,0.44,-0.226,1.0,5.0,0.2,0.317,2.0,9.0,0.222,0.487,1.0,5.0,0.2,0.537,2.0,7.0,0.286,0.387,,,,,,,,,,,,,,,20170225.0,2016-17,False,ATL,8.0,4.0,4.0,2.0,0.0,0.0,0.0,0.0,0.0,0.0,0.0,0.0,0.0,0.0,0.0,0.0,0.0,0.0,0.0,0.0,0.0,,,,,,1.1,1.0,4.52,4.88,2.1,4.17,Elfrid,1.0,1.0,0.0,1.0,50.3,0.0,0.0,41.0,1.0,1.0,1.0,1.0,62.0,73.0,69.0,99.0,85.0,124.0,85.0,2.0,3.0,45.0,15.0,24.0,21.0,5.0,61.0,14.0,4.0,152.0,36.0,5.0,34.0,4.0,4.0,20.0,2.0,11.0,103.04,66.0,71.7,53.0,3.0,47.0,45.0,17.0,61.0,43.0,72.0,52.0,10.0,73.0,62.0,53.0,22.0,8.0,72.0,9.0,116.7,10.0,69.0,43.0,7.0,9.0,7.0,43.0,10.0,112.0,49.0,3.0,3.0,15.0,,,1.0,,ORL,,-0.117,,-0.265,1.0,,4.0,0.25,0.557,-0.307,-0.337,,,,,,,,,,,,,,,,,,,,,,,,,,,,,,,,,,,,,,,,11087.0,101.0,,,,,,,,,,,,,,,1610612737.0,ORL,ATL,ORL,ATL,,,1.0,,-0.102,,,,,,,,,,,,,,
203901,Elfrid Payton,1610612753,ORL,23.0,21.166666666666668,1,4,0.25,0,0,0.0,0,0,0.0,0,4,4,4,2,0,0,1,3,0,2,-8,83.15,2.0,0.12,0.25,20.0,44,0.122,-21.8,95.5,99.78,40.0,0.0,0.25,0.0,0.25,0.0,95.3,98.42,117.0,113.6,20.0,-18.2,0.025,39.0,0.154,40.0,0.103,10.0,1.0,6.0,1.0,10.0,0.0,0.0,0.0,0.0,1.0,0.0,0.0,3.0,4.0,0.0,0.0,0.75,0.0,0.0,0.0,0.0,0.0,0.0,0.043,0.0,5.14,4.72,46.0,1.0,0.0,0.0,9.0,3.9,0.0,2.0,6.9,0.0,0.0,0.571,0.0,0.0,5.0,6.9,0.571,0.0,4.0,0.0,4.0,0.8,0.8,0.0,0.0,0.0,0.0,0.0,0.0,0.0,7.0,0.0,,0.0,1.0,0.25,0.25,0.0,1.0,0.0,0.0,0.0,0.0,0.0,,2.0,0.0,0.0,0.0,0.0,0.0,0.0,2.0,0.0,0.5,0.0,0.5,0.0,0.25,1.0,1.0,1.0,1.0,0.0,,0.0,1.0,0.25,1.0,1.0,,,,,,,,,,,,,,0.0,,0.0,0.0,,,2.0,0.0,0.0,0.0,0.0,0.0,0.0,0.25,0.0,0.0,0.0,1.0,0.0,0.0,0.0,0.0,0.5,0.0,1.0,0.0,,0.0,0.0,0.0,0.0,0.0,0.0,2.0,1.0,,0.0,0.0,0.0,,0.0,,,,,,,1.0,2.0,,0.0,,,0.0,,1.0,0.0,0.5,0.0,0.0,,0.0,0.0,0.0,0.0,,0.0,,0.0,,,0.0,1.0,0.0,,0.0,,,,0.0,2017,21600895,,6.0,12.0,0.5,0.451,0.049,0.0,2.0,0.0,0.288,6.0,10.0,0.6,0.463,6.0,9.0,0.667,0.5,0.0,2.0,0.0,0.402,,,,,,,,,,,,,,,20170301.0,2016-17,False,NYK,4.0,4.0,0.0,0.0,0.0,0.0,0.0,0.0,0.0,0.0,0.0,0.0,0.0,0.0,0.0,0.0,0.0,0.0,0.0,0.0,0.0,,,,,,0.8,0.8,4.27,4.98,1.5,4.19,Elfrid,1.0,0.0,1.0,0.0,10.8,0.0,0.0,10.0,1.0,119.0,119.0,119.0,137.0,167.0,169.0,176.0,113.0,165.0,113.0,126.0,130.0,126.0,124.0,53.0,85.0,26.0,45.0,114.0,72.0,165.0,162.0,172.0,188.0,180.0,170.0,21.0,3.0,173.0,99.78,181.0,113.6,69.0,1.0,67.0,-18.2,15.0,180.0,161.0,192.0,69.0,160.0,167.0,196.0,69.0,105.0,4.0,191.0,188.0,95.5,177.0,169.0,161.0,177.0,33.0,177.0,169.0,160.0,182.0,65.0,178.0,25.0,2.0,,,1.0,,ORL,,-0.288,,0.137,5.0,,8.0,0.625,0.54,0.085,0.166,,,,,,,,,,,,,,,,,,,,,,,,,,,,,,,,,,,,,,,,8170.0,93.0,,,,,,,,,,,,,,,1610612752.0,ORL,NYK,ORL,NYK,,,1.0,,-0.402,,,,,,,,,,,,,,
203901,Elfrid Payton,1610612753,ORL,23.0,26.8,5,8,0.625,0,0,0.0,2,3,0.667,0,10,10,8,3,3,0,1,2,4,12,27,81.34,2.67,0.194,0.644,15.0,55,0.199,46.6,136.4,97.61,40.0,0.25,0.296,0.164,0.625,0.0,134.3,99.01,87.7,88.9,14.8,47.5,0.208,43.0,0.209,46.0,0.186,10.0,1.0,9.0,0.0,19.0,0.077,4.0,1.0,0.0,2.0,0.308,0.154,6.0,13.0,2.0,0.0,0.462,0.0,1.0,0.0,0.0,2.0,0.0,0.203,0.0,5.35,5.08,59.0,1.0,0.0,0.0,17.0,5.3,0.0,0.0,4.9,2.0,0.0,0.714,0.2,0.0,15.0,4.9,0.667,0.0,8.0,1.0,8.0,0.714,0.667,0.2,0.0,1.0,0.0,0.0,2.0,0.0,15.0,0.0,,0.0,2.0,0.25,0.25,2.0,2.0,0.0,1.0,1.0,2.0,1.0,,6.0,0.0,0.0,0.0,0.5,3.0,0.5,6.0,3.0,0.75,0.5,0.75,,,,,,,,,,,,,,,,,,,,,,,,,,,0.0,,0.0,0.0,,,1.0,0.0,0.0,0.0,0.0,0.0,0.0,0.625,0.0,0.0,0.0,1.0,0.0,0.0,4.0,0.0,0.5,0.0,1.0,0.0,0.0,0.0,0.0,0.0,0.0,0.8,0.0,2.0,5.0,0.0,0.0,0.0,0.0,0.0,0.0,,,,,,,1.0,1.0,,0.0,,,0.0,,1.0,0.0,1.0,0.667,0.0,0.0,4.0,0.0,0.0,0.0,0.0,0.0,0.0,0.0,,,0.0,6.0,0.0,,0.0,,,,0.0,2017,21600911,,2.0,7.0,0.286,0.444,-0.158,2.0,5.0,0.4,0.386,0.0,2.0,0.0,0.48,0.0,1.0,0.0,0.542,2.0,5.0,0.4,0.38,,,,,,,,,,,,,,,20170303.0,2016-17,False,MIA,6.0,1.0,5.0,3.0,0.0,2.0,4.0,0.0,0.0,0.0,0.0,0.0,0.0,0.0,0.0,0.0,0.0,0.0,0.0,0.0,0.0,,,,,,1.0,1.0,4.49,5.17,2.0,3.97,Elfrid,1.0,1.0,0.0,1.0,42.0,1.0,0.0,36.0,1.0,1.0,1.0,1.0,88.0,52.0,86.0,42.0,97.0,155.0,97.0,57.0,59.0,74.0,104.0,8.0,11.0,4.0,17.0,5.0,63.0,139.0,91.0,28.0,71.0,2.0,21.0,1.0,1.0,29.0,97.61,98.0,88.9,147.0,5.0,58.0,47.5,9.0,100.0,8.0,150.0,121.0,27.0,52.0,63.0,147.0,8.0,8.0,151.0,5.0,136.4,31.0,86.0,8.0,6.0,27.0,6.0,11.0,27.0,61.0,8.0,17.0,31.0,12.0,,,1.0,,ORL,,0.014,,-0.48,,,,,,,-0.542,,,,,,,,,,,,,,,,,,,,,,,,,,,,,,,,,,,,,,,,10353.0,98.0,,,,,,,,,,,,,,,1610612748.0,ORL,MIA,ORL,MIA,,,1.0,,0.02,,,,,,,,,,,,,,
203901,Elfrid Payton,1610612753,ORL,23.0,29.566666666666663,7,8,0.875,0,1,0.0,1,2,0.5,2,3,5,3,3,1,1,0,1,2,15,1,81.85,1.0,0.16,0.845,20.0,62,0.158,-10.1,119.4,98.22,20.0,0.0,0.143,0.0,0.875,0.063,113.8,100.62,123.9,123.7,20.2,-4.4,0.136,56.0,0.089,62.0,0.054,13.0,2.0,5.0,0.0,10.0,0.182,7.0,2.0,1.0,3.0,0.636,0.0,5.0,11.0,0.0,2.0,0.455,0.091,1.0,1.0,0.5,3.0,0.0,0.208,2.0,5.26,4.76,72.0,2.0,0.0,1.0,27.0,6.3,2.0,5.0,12.1,0.0,0.4,0.455,0.0,2.0,8.0,7.8,0.385,18.5,3.0,2.0,5.0,0.5,0.375,0.0,0.0,2.0,0.0,0.4,0.0,0.0,13.0,0.0,,0.0,2.0,0.25,0.25,2.0,2.0,0.0,1.0,1.0,2.0,1.0,,2.0,0.0,0.0,0.0,1.0,2.0,1.0,2.0,2.0,0.25,1.0,0.25,0.0,0.375,3.0,3.0,3.0,1.0,0.0,,0.0,1.0,0.375,3.0,1.0,,0.0,0.0,0.0,1.0,0.0,0.0,1.0,0.0,0.0,0.0,0.125,0.125,1.0,0.0,4.0,1.0,,0.0,2.0,2.0,0.0,0.0,2.0,1.0,1.0,0.875,0.0,0.0,4.0,3.0,0.0,0.0,3.0,0.0,1.0,0.0,1.0,0.0,,1.0,0.0,0.0,0.0,1.0,0.0,3.0,3.0,,0.0,1.0,0.0,,1.0,,,,,,,3.0,3.0,,0.0,0.0,0.0,0.0,,0.0,1.0,1.0,1.0,1.0,,3.0,0.0,0.0,1.0,,0.0,,0.0,,0.0,1.0,3.0,0.0,0.0,1.0,0.0,1.0,0.0,0.0,2017,21600930,,4.0,11.0,0.364,0.464,-0.1,1.0,2.0,0.5,0.33,3.0,9.0,0.333,0.496,3.0,4.0,0.75,0.564,1.0,5.0,0.2,0.373,,,,,,,,,,,,,,,20170305.0,2016-17,False,WAS,7.0,4.0,3.0,3.0,0.0,0.0,0.0,0.0,0.0,2.0,0.0,0.0,0.0,0.0,0.0,0.0,0.0,0.0,0.0,0.0,0.0,,,,,,1.2,1.0,4.27,4.87,2.1,4.08,Elfrid,1.0,0.0,1.0,0.0,28.5,0.0,0.0,27.0,1.0,76.0,76.0,76.0,56.0,23.0,59.0,5.0,67.0,84.0,67.0,55.0,42.0,58.0,20.0,53.0,36.0,28.0,11.0,30.0,15.0,1.0,33.0,47.0,38.0,63.0,41.0,14.0,1.0,46.0,98.22,90.0,123.7,66.0,7.0,19.0,-4.4,40.0,82.0,20.0,120.0,47.0,126.0,23.0,11.0,66.0,69.0,8.0,114.0,100.0,119.4,130.0,59.0,20.0,86.0,46.0,86.0,46.0,126.0,9.0,41.0,42.0,37.0,15.0,,,1.0,,ORL,,0.17,,-0.163,3.0,,4.0,0.75,0.6,0.15,0.186,,,,,,,,,,,,,,,,,,,,,,,,,,,,,,,,,,,,,,,,11190.0,95.0,,,,,,,,,,,,,,,1610612764.0,WAS,ORL,ORL,WAS,,,1.0,,-0.173,,,,,,,,,,,,,,
203901,Elfrid Payton,1610612753,ORL,23.0,34.666666666666664,7,13,0.538,0,1,0.0,2,2,1.0,3,8,11,10,2,1,0,0,4,2,16,7,77.88,5.0,0.195,0.576,8.0,67,0.204,3.9,114.9,93.46,40.0,0.222,0.417,0.151,0.538,0.081,110.3,93.9,106.4,102.9,7.7,12.0,0.192,74.0,0.176,71.0,0.135,25.0,2.0,13.0,1.0,27.0,0.0,12.0,0.0,0.0,8.0,0.706,0.118,7.0,17.0,2.0,0.0,0.412,0.0,0.625,0.0,0.0,5.0,0.0,0.176,1.0,5.35,4.91,91.0,2.0,0.0,2.0,32.0,8.1,0.0,7.0,5.9,5.0,0.429,0.611,0.25,0.0,12.0,3.6,0.579,11.9,6.0,1.0,6.0,0.727,0.667,0.455,0.0,1.0,1.0,0.429,2.0,3.0,19.0,0.0,,0.0,5.0,0.385,0.385,3.0,5.0,0.0,0.6,0.6,3.0,0.6,,3.0,0.0,0.0,0.0,0.333,1.0,0.333,3.0,1.0,0.231,0.333,0.231,0.0,0.154,2.0,2.0,2.0,1.0,0.0,,0.0,1.0,0.154,2.0,1.0,0.5,0.333,0.0,2.0,1.0,0.333,0.0,3.0,0.154,1.0,1.0,0.231,0.077,0.0,0.0,0.0,0.0,,0.0,2.0,0.0,2.0,0.5,2.0,1.0,0.0,0.538,0.0,0.0,0.0,3.0,0.0,0.0,3.0,0.0,0.5,0.0,3.0,0.0,0.0,1.0,0.0,0.0,0.0,1.0,0.0,6.0,3.0,0.0,0.0,1.0,0.0,0.0,0.333,,,,,,,2.0,5.0,,1.0,0.0,0.0,0.0,,1.0,1.0,0.4,1.0,0.0,0.0,3.0,1.0,1.0,0.0,0.0,1.0,0.0,0.0,,0.0,2.0,3.0,1.0,0.5,2.0,0.0,1.0,0.0,1.0,2017,21600935,,1.0,8.0,0.125,0.451,-0.326,0.0,2.0,0.0,0.424,1.0,6.0,0.167,0.491,1.0,5.0,0.2,0.515,0.0,2.0,0.0,0.42,,,,,,,,,,,,,,,20170306.0,2016-17,False,NYK,8.0,6.0,2.0,2.0,0.0,0.0,0.0,0.0,0.0,2.0,0.0,0.0,0.0,0.0,0.0,0.0,0.0,0.0,0.0,0.0,0.0,,,,,,1.3,1.2,4.33,4.76,2.5,3.94,Elfrid,1.0,0.0,1.0,0.0,45.2,1.0,1.0,39.0,1.0,111.0,111.0,111.0,30.0,24.0,34.0,54.0,122.0,135.0,122.0,56.0,69.0,1.0,13.0,12.0,9.0,2.0,36.0,39.0,70.0,1.0,188.0,66.0,43.0,50.0,12.0,1.0,1.0,17.0,93.46,92.0,102.9,183.0,7.0,18.0,12.0,13.0,99.0,70.0,101.0,193.0,96.0,24.0,85.0,183.0,13.0,13.0,103.0,100.0,114.9,110.0,34.0,70.0,70.0,11.0,70.0,96.0,96.0,90.0,7.0,32.0,4.0,16.0,,,1.0,,ORL,,-0.424,,-0.324,1.0,,3.0,0.333,0.568,-0.234,-0.315,,,,,,,,,,,,,,,,,,,,,,,,,,,,,,,,,,,,,,,,13117.0,94.0,,,,,,,,,,,,,,,1610612752.0,ORL,NYK,ORL,NYK,,,1.0,,-0.42,,,,,,,,,,,,,,
203901,Elfrid Payton,1610612753,ORL,23.0,35.68333333333333,8,12,0.667,0,1,0.0,6,7,0.857,6,8,14,14,2,2,2,1,0,5,22,12,76.23,7.0,0.202,0.729,6.5,68,0.209,19.6,117.6,91.47,45.2,0.229,0.667,0.0,0.667,0.0,116.3,93.57,96.7,100.0,6.4,17.6,0.333,68.0,0.221,71.0,0.206,27.0,1.0,15.0,0.0,34.0,0.0,7.0,0.0,2.0,4.0,0.5,0.214,5.0,14.0,3.0,4.0,0.357,0.143,0.5,3.0,0.75,2.0,0.0,0.237,0.0,5.16,4.68,93.0,6.0,0.0,0.0,35.0,8.0,1.333,8.0,5.4,6.0,0.75,0.7,0.125,1.0,12.0,6.1,0.7,4.4,7.0,0.0,8.0,0.667,0.667,0.429,0.0,0.0,0.833,0.75,1.0,5.0,20.0,0.0,,0.0,2.0,0.167,0.167,2.0,2.0,0.0,1.0,1.0,2.0,1.0,,6.0,0.0,0.0,0.0,0.667,4.0,0.667,6.0,4.0,0.5,0.667,0.5,1.0,0.167,2.0,1.0,1.0,0.5,0.083,0.0,0.0,0.5,0.083,1.0,1.0,0.5,0.5,0.0,2.0,0.0,0.5,,2.0,0.167,1.0,1.0,0.167,0.0,0.0,0.0,0.0,0.0,,0.0,1.0,0.0,0.0,0.0,0.0,0.0,1.0,0.667,0.0,0.0,8.0,2.0,0.0,0.0,6.0,0.0,0.667,0.0,1.0,0.0,0.0,1.0,0.0,0.0,0.0,0.857,0.0,3.0,7.0,0.0,0.0,0.0,0.0,0.0,0.0,,,,,,,0.0,1.0,,0.0,0.0,0.0,0.0,,0.0,1.0,0.0,0.889,0.0,0.0,8.0,0.0,0.0,0.0,0.0,0.0,0.0,0.0,,0.0,1.0,9.0,0.0,0.0,1.0,0.0,1.0,0.0,0.0,2017,21600949,,6.0,13.0,0.462,0.41,0.052,2.0,4.0,0.5,0.352,4.0,9.0,0.444,0.439,4.0,8.0,0.5,0.496,2.0,5.0,0.4,0.357,,,,,,,,,,,,,,,20170308.0,2016-17,False,CHI,10.0,8.0,2.0,2.0,0.0,0.0,0.0,0.0,0.0,1.0,0.0,0.0,0.0,0.0,0.0,0.0,0.0,0.0,0.0,0.0,0.0,,,,,,1.2,1.2,4.04,4.48,2.4,3.68,Elfrid,1.0,1.0,0.0,1.0,69.8,1.0,1.0,58.0,1.0,1.0,1.0,1.0,26.0,20.0,50.0,28.0,105.0,128.0,105.0,10.0,9.0,52.0,1.0,11.0,4.0,1.0,35.0,17.0,9.0,159.0,1.0,14.0,21.0,25.0,2.0,1.0,1.0,2.0,91.47,90.0,100.0,194.0,8.0,53.0,17.6,11.0,94.0,52.0,101.0,174.0,78.0,20.0,36.0,194.0,12.0,12.0,101.0,35.0,117.6,68.0,50.0,52.0,38.0,2.0,38.0,55.0,78.0,50.0,48.0,3.0,1.0,22.0,,,1.0,,ORL,,0.149,,0.006,3.0,,5.0,0.6,0.568,0.032,0.004,,,,,,,,,,,,,,,,,,,,,,,,,,,,,,,,,,,,,,,,12924.0,92.0,,,,,,,,,,,,,,,1610612741.0,ORL,CHI,ORL,CHI,,,1.0,,0.043,,,,,,,,,,,,,,
203901,Elfrid Payton,1610612753,ORL,23.0,26.926666666666662,4,8,0.5,0,0,0.0,0,0,0.0,0,2,2,12,3,1,1,1,1,1,8,-16,74.28,4.0,0.204,0.5,13.0,50,0.201,-36.7,96.0,89.13,52.2,0.0,0.75,0.0,0.5,0.0,91.0,91.63,127.8,128.0,13.0,-32.0,0.142,47.0,0.298,54.0,0.255,15.0,2.0,14.0,0.0,28.0,0.0,2.0,0.0,0.0,2.0,0.167,0.25,6.0,12.0,3.0,0.0,0.5,0.0,0.5,0.0,0.0,1.0,0.0,0.129,1.0,6.34,6.16,62.0,2.0,0.0,2.0,18.0,6.6,0.0,1.0,4.5,1.0,0.0,0.4,0.5,0.0,4.0,4.5,0.4,0.0,1.0,0.0,1.0,0.5,0.5,0.5,0.0,0.0,0.0,0.0,1.0,0.0,5.0,0.0,,0.0,2.0,0.25,0.25,1.0,2.0,0.0,0.5,0.5,1.0,0.5,,4.0,0.0,0.0,0.0,0.5,2.0,0.5,4.0,2.0,0.5,0.5,0.5,0.0,0.25,2.0,2.0,1.0,0.5,0.0,,0.0,0.5,0.25,1.0,0.5,,,,,,,,,,,,,,0.6,,6.0,0.6,,,5.0,3.0,0.0,0.0,2.0,1.0,0.0,0.5,0.0,0.0,0.0,0.0,0.0,0.0,1.0,0.0,0.0,0.0,5.0,0.0,0.0,0.0,0.0,0.0,0.0,0.5,0.0,1.0,2.0,0.0,0.0,3.0,0.0,0.0,0.6,,,,,,,0.0,1.0,,0.0,,,0.0,,0.0,0.0,0.0,0.5,2.0,0.0,1.0,1.0,0.0,0.5,0.0,1.0,0.0,0.0,,,4.0,2.0,1.0,,0.0,,,,0.0,2017,21600965,,5.0,10.0,0.5,0.435,0.065,3.0,5.0,0.6,0.399,2.0,5.0,0.4,0.459,0.0,1.0,0.0,0.548,5.0,8.0,0.625,0.403,,,,,,,,,,,,,,,20170310.0,2016-17,False,CHA,7.0,3.0,4.0,1.0,0.0,0.0,0.0,0.0,0.0,2.0,0.0,0.0,0.0,0.0,0.0,0.0,0.0,0.0,0.0,0.0,0.0,,,,,,0.9,0.9,4.24,4.35,1.9,3.73,Elfrid,1.0,0.0,1.0,0.0,31.4,0.0,0.0,26.0,1.0,85.0,85.0,85.0,63.0,56.0,69.0,55.0,77.0,127.0,77.0,95.0,99.0,95.0,90.0,88.0,110.0,3.0,14.0,39.0,14.0,130.0,41.0,90.0,82.0,162.0,29.0,15.0,1.0,43.0,89.13,74.0,128.0,155.0,4.0,38.0,-32.0,3.0,71.0,123.0,115.0,138.0,156.0,56.0,95.0,155.0,65.0,8.0,115.0,151.0,96.0,156.0,69.0,123.0,149.0,1.0,149.0,134.0,156.0,75.0,30.0,44.0,9.0,8.0,,,1.0,,ORL,,0.201,,-0.059,0.0,,1.0,0.0,0.623,-0.623,-0.548,,,,,,,,,,,,,,,,,,,,,,,,,,,,,,,,,,,,,,,,9825.0,87.0,,,,,,,,,,,,,,,1610612766.0,CHA,ORL,ORL,CHA,,,1.0,,0.222,,,,,,,,,,,,,,
203901,Elfrid Payton,1610612753,ORL,23.0,34.333333333333336,4,17,0.235,0,0,0.0,0,0,0.0,3,7,10,6,1,3,0,2,2,0,8,-5,82.14,6.0,0.214,0.235,4.2,71,0.218,-9.5,109.9,98.56,25.0,0.0,0.25,0.0,0.235,0.067,109.0,98.98,118.5,118.6,4.2,-8.7,0.063,73.0,0.096,74.0,0.082,15.0,1.0,7.0,0.0,13.0,0.0,0.0,0.0,0.0,3.0,0.0,0.1,6.0,10.0,1.0,0.0,0.6,0.0,0.0,0.0,0.0,0.0,1.0,0.086,1.0,4.85,4.53,93.0,7.0,0.0,2.0,27.0,7.5,0.286,12.0,6.4,4.0,0.273,0.556,0.143,1.0,8.0,7.7,0.5,4.1,6.0,2.0,7.0,1.0,0.875,0.4,1.0,1.0,1.0,0.25,1.0,3.0,20.0,0.0,,0.0,6.0,0.353,0.353,1.0,6.0,0.0,0.167,0.167,1.0,0.167,,9.0,0.0,0.0,0.0,0.222,2.0,0.222,9.0,2.0,0.529,0.222,0.529,0.0,0.059,1.0,1.0,0.0,0.0,0.0,,0.0,0.0,0.059,0.0,0.0,1.0,1.0,0.0,1.0,0.0,1.0,,1.0,0.059,1.0,1.0,0.059,0.0,0.0,,0.0,0.0,,,4.0,0.0,0.0,0.0,2.0,1.0,0.167,0.235,0.0,0.0,2.0,1.0,0.0,0.0,3.0,0.0,0.25,0.0,4.0,0.0,0.0,0.0,0.0,0.0,0.0,0.333,0.0,4.0,9.0,0.0,0.0,0.0,0.0,0.0,0.0,,,,,,,1.0,3.0,,0.0,,,0.0,,2.0,0.0,0.333,0.3,0.0,0.0,3.0,0.0,0.0,0.0,0.0,0.0,0.0,0.0,,,2.0,10.0,0.0,,0.0,,,,0.0,2017,21600977,,8.0,17.0,0.471,0.458,0.013,3.0,8.0,0.375,0.372,5.0,9.0,0.556,0.502,3.0,6.0,0.5,0.54,4.0,10.0,0.4,0.391,,,,,,,,,,,,,,,20170311.0,2016-17,False,CLE,11.0,5.0,6.0,8.0,0.0,0.0,0.0,0.0,0.0,1.0,0.0,0.0,0.0,0.0,0.0,0.0,0.0,0.0,0.0,0.0,0.0,,,,,,1.3,1.2,4.38,4.71,2.5,4.06,Elfrid,1.0,0.0,1.0,0.0,37.0,0.0,0.0,30.0,1.0,127.0,127.0,127.0,36.0,83.0,16.0,205.0,112.0,169.0,112.0,142.0,151.0,142.0,15.0,22.0,17.0,17.0,73.0,2.0,79.0,237.0,129.0,183.0,124.0,171.0,34.0,23.0,3.0,50.0,98.56,92.0,118.6,76.0,4.0,30.0,-8.7,42.0,89.0,108.0,104.0,59.0,199.0,83.0,215.0,76.0,86.0,17.0,102.0,157.0,109.9,198.0,16.0,108.0,152.0,40.0,152.0,112.0,199.0,208.0,37.0,163.0,3.0,8.0,,,1.0,,ORL,,0.003,,0.054,2.0,,4.0,0.5,0.591,-0.091,-0.04,,,,,,,,,,,,,,,,,,,,,,,,,,,,,,,,,,,,,,,,13262.0,98.0,,,,,,,,,,,,,,,1610612739.0,ORL,CLE,ORL,CLE,,,1.0,,0.009,,,,,,,,,,,,,,
203901,Elfrid Payton,1610612753,ORL,23.0,33.68333333333333,6,10,0.6,0,1,0.0,1,1,1.0,1,9,10,13,1,0,1,1,3,2,13,0,84.91,13.0,0.138,0.623,4.2,71,0.143,0.5,125.4,101.89,54.2,0.333,0.433,0.0,0.6,0.0,121.6,104.51,121.1,123.6,4.1,1.7,0.149,69.0,0.188,67.0,0.188,26.0,0.0,13.0,0.0,32.0,0.0,7.0,0.0,0.0,4.0,0.467,0.267,7.0,15.0,4.0,0.0,0.467,0.0,0.75,0.0,0.0,3.0,0.0,0.155,0.0,5.55,5.05,84.0,2.0,0.0,0.0,27.0,7.8,1.0,5.0,6.5,1.0,0.2,0.667,0.0,0.0,12.0,6.8,0.588,3.5,9.0,2.0,9.0,0.9,0.75,0.1,0.0,2.0,1.0,0.2,0.0,1.0,17.0,0.0,,0.0,3.0,0.3,0.3,2.0,3.0,0.0,0.667,0.667,2.0,0.667,,5.0,0.0,0.0,0.0,0.8,4.0,0.8,5.0,4.0,0.5,0.8,0.5,,,,,,,,,,,,,,0.0,0.0,0.0,1.0,1.0,0.0,0.0,2.0,0.1,0.0,0.0,0.2,0.1,,0.0,0.0,,,0.0,0.0,0.0,0.0,0.0,0.0,0.0,0.5,0.6,0.0,0.0,2.0,2.0,0.0,0.0,4.0,0.0,0.667,0.0,1.0,0.0,0.0,1.0,0.0,0.0,0.0,0.8,0.0,3.0,5.0,0.0,0.0,0.0,0.0,0.0,0.0,,,,,,,1.0,2.0,,0.0,,,0.0,,0.0,1.0,0.5,0.833,0.0,0.0,5.0,0.0,0.0,0.0,0.0,0.0,0.0,0.0,,,1.0,6.0,0.0,0.0,2.0,0.0,1.0,0.0,0.0,2017,21600997,,9.0,16.0,0.563,0.483,0.08,2.0,3.0,0.667,0.394,7.0,13.0,0.538,0.512,5.0,8.0,0.625,0.559,3.0,7.0,0.429,0.402,,,,,,,,,,,,,,,20170313.0,2016-17,False,SAC,7.0,5.0,2.0,3.0,0.0,0.0,0.0,0.0,0.0,3.0,0.0,0.0,0.0,0.0,0.0,0.0,0.0,0.0,0.0,0.0,0.0,,,,,,1.3,1.3,4.64,4.67,2.6,4.6,Elfrid,1.0,0.0,1.0,0.0,46.5,1.0,1.0,38.0,1.0,86.0,86.0,86.0,30.0,31.0,48.0,39.0,87.0,96.0,87.0,74.0,85.0,1.0,35.0,4.0,7.0,2.0,50.0,77.0,12.0,118.0,117.0,53.0,57.0,82.0,7.0,1.0,1.0,14.0,101.89,131.0,123.6,75.0,6.0,39.0,1.7,2.0,128.0,42.0,67.0,45.0,135.0,31.0,66.0,75.0,5.0,10.0,67.0,83.0,125.4,129.0,48.0,42.0,78.0,8.0,78.0,46.0,135.0,63.0,44.0,33.0,1.0,13.0,,,1.0,,ORL,,0.273,,0.027,2.0,,3.0,0.667,0.616,0.05,0.066,,,,,,,,,,,,,,,,,,,,,,,,,,,,,,,,,,,,,,,,13563.0,103.0,,,,,,,,,,,,,,,1610612758.0,SAC,ORL,ORL,SAC,,,1.0,,0.026,,,,,,,,,,,,,,
203901,Elfrid Payton,1610612753,ORL,23.0,21.98333333333333,6,11,0.545,0,0,0.0,1,1,1.0,4,4,8,2,5,0,2,0,2,1,13,-20,85.52,0.4,0.286,0.568,27.8,47,0.291,-46.8,91.5,102.62,11.1,0.0,0.182,0.0,0.545,0.0,88.8,103.54,135.7,134.0,27.1,-42.6,0.093,42.0,0.048,44.0,0.048,7.0,0.0,2.0,0.0,5.0,0.0,5.0,0.0,0.0,4.0,0.833,0.0,2.0,6.0,0.0,0.0,0.333,0.0,0.5,0.0,0.0,2.0,0.0,0.232,0.0,4.66,4.41,56.0,6.0,0.0,0.0,17.0,4.3,1.0,6.0,4.4,2.0,0.667,0.667,0.0,1.0,8.0,5.3,0.571,3.1,4.0,2.0,5.0,0.667,0.5,0.25,0.0,2.0,0.5,0.667,0.0,2.0,14.0,0.0,,0.0,3.0,0.273,0.273,2.0,3.0,0.0,0.667,0.667,2.0,0.667,,5.0,0.0,0.0,0.0,0.6,3.0,0.6,5.0,3.0,0.455,0.6,0.455,0.0,0.273,3.0,3.0,1.0,0.333,0.0,,0.0,0.333,0.273,1.0,0.333,,,,,,,,,,,,,,0.0,,0.0,0.0,,,1.0,0.0,0.0,0.0,0.0,0.0,0.6,0.545,0.0,0.0,6.0,1.0,0.0,0.0,5.0,0.0,0.333,0.0,0.0,0.0,0.0,0.0,0.0,0.0,0.0,0.625,0.0,3.0,8.0,0.0,0.0,0.0,0.0,0.0,0.0,,,,,,,0.0,0.0,,0.0,,,0.0,,1.0,0.0,0.0,0.6,0.0,0.0,6.0,0.0,0.0,0.0,0.0,0.0,0.0,0.0,,,0.0,10.0,0.0,,0.0,,,,0.0,2017,21601019,,3.0,8.0,0.375,0.47,-0.095,0.0,1.0,0.0,0.412,3.0,7.0,0.429,0.561,2.0,5.0,0.4,0.616,1.0,3.0,0.333,0.416,,,,,,,,,,,,,,,20170316.0,2016-17,False,GSW,6.0,5.0,1.0,1.0,0.0,0.0,0.0,0.0,0.0,2.0,0.0,0.0,0.0,0.0,0.0,0.0,0.0,0.0,0.0,0.0,0.0,,,,,,0.9,0.8,4.65,4.77,1.7,4.53,Elfrid,1.0,0.0,1.0,0.0,26.6,0.0,0.0,27.0,1.0,65.0,65.0,65.0,65.0,20.0,30.0,42.0,66.0,98.0,66.0,59.0,73.0,1.0,4.0,28.0,15.0,37.0,2.0,68.0,4.0,1.0,64.0,64.0,32.0,125.0,33.0,13.0,4.0,28.0,102.62,17.0,134.0,47.0,6.0,26.0,-42.6,73.0,15.0,97.0,122.0,52.0,120.0,20.0,59.0,47.0,33.0,11.0,123.0,124.0,91.5,121.0,30.0,97.0,120.0,40.0,120.0,101.0,120.0,59.0,14.0,59.0,72.0,13.0,,,1.0,,ORL,,-0.412,,-0.133,2.0,,3.0,0.667,0.689,-0.022,-0.216,,,,,,,,,,,,,,,,,,,,,,,,,,,,,,,,,,,,,,,,8810.0,102.0,,,,,,,,,,,,,,,1610612744.0,GSW,ORL,ORL,GSW,,,1.0,,-0.083,,,,,,,,,,,,,,
203901,Elfrid Payton,1610612753,ORL,23.0,30.886666666666667,4,9,0.444,0,0,0.0,2,2,1.0,0,4,4,11,1,3,0,2,4,3,10,11,89.36,11.0,0.138,0.506,4.5,68,0.138,13.5,116.2,107.23,50.0,0.0,0.379,0.0,0.444,0.0,108.5,112.23,95.0,97.1,4.6,19.0,0.141,57.0,0.175,59.0,0.193,17.0,0.0,10.0,0.0,22.0,0.083,6.0,1.0,0.0,5.0,0.5,0.25,3.0,12.0,3.0,0.0,0.25,0.0,0.6,0.0,0.0,3.0,0.0,0.139,0.0,5.52,5.26,72.0,2.0,0.0,0.0,18.0,6.6,0.0,5.0,5.9,1.0,0.0,0.571,0.25,0.0,4.0,5.9,0.444,0.0,3.0,2.0,3.0,1.0,1.0,0.25,2.0,0.0,0.0,0.0,1.0,0.0,9.0,0.0,,0.0,1.0,0.111,0.111,1.0,1.0,0.0,1.0,1.0,1.0,1.0,,7.0,0.0,0.0,0.0,0.429,3.0,0.429,7.0,3.0,0.778,0.429,0.778,0.0,0.111,1.0,1.0,0.0,0.0,0.0,,0.0,0.0,0.111,0.0,0.0,,,,,,,,,,,,,,,,0.0,,,,0.0,0.0,0.0,0.0,0.0,0.0,0.0,0.444,0.0,0.0,0.0,0.0,0.0,0.0,4.0,0.0,0.0,0.0,0.0,0.0,0.0,0.0,0.0,0.0,0.0,0.444,0.0,0.0,9.0,0.0,0.0,0.0,0.0,0.0,0.0,,,,,,,0.0,0.0,,0.0,0.0,0.0,0.0,,0.0,0.0,0.0,0.444,0.0,0.0,4.0,0.0,0.0,0.0,0.0,0.0,0.0,0.0,,0.0,0.0,9.0,0.0,,0.0,,,,0.0,2017,21601026,,7.0,15.0,0.467,0.438,0.029,0.0,2.0,0.0,0.309,7.0,13.0,0.538,0.478,5.0,9.0,0.556,0.527,1.0,5.0,0.2,0.362,,,,,,,,,,,,,,,20170317.0,2016-17,False,PHX,12.0,10.0,2.0,5.0,0.0,0.0,0.0,0.0,0.0,1.0,0.0,0.0,0.0,0.0,0.0,0.0,0.0,0.0,0.0,0.0,0.0,,,,,,1.2,1.1,4.47,4.84,2.3,4.12,Elfrid,1.0,1.0,0.0,1.0,39.3,1.0,0.0,31.0,1.0,1.0,1.0,1.0,46.0,51.0,62.0,77.0,69.0,123.0,69.0,42.0,52.0,1.0,84.0,50.0,67.0,2.0,63.0,2.0,53.0,147.0,137.0,33.0,68.0,23.0,19.0,1.0,2.0,31.0,107.23,130.0,97.1,16.0,4.0,36.0,19.0,6.0,128.0,39.0,60.0,5.0,52.0,51.0,85.0,16.0,57.0,9.0,60.0,48.0,116.2,46.0,62.0,39.0,31.0,10.0,31.0,61.0,52.0,91.0,32.0,47.0,1.0,10.0,,,1.0,,ORL,,-0.309,,0.061,3.0,,4.0,0.75,0.589,0.161,0.028,,,,,,,,,,,,,,,,,,,,,,,,,,,,,,,,,,,,,,,,11971.0,103.0,,,,,,,,,,,,,,,1610612756.0,PHX,ORL,ORL,PHX,,,1.0,,-0.162,,,,,,,,,,,,,,
203901,Elfrid Payton,1610612753,ORL,23.0,30.666666666666668,5,9,0.556,0,0,0.0,0,0,0.0,5,8,13,4,4,2,1,1,5,1,10,14,89.35,1.0,0.16,0.556,23.5,69,0.164,18.8,113.0,107.22,23.5,0.205,0.2,0.0,0.556,0.0,110.9,109.41,92.1,94.1,23.5,18.9,0.12,56.0,0.143,51.0,0.071,16.0,2.0,8.0,2.0,12.0,0.077,4.0,1.0,0.0,4.0,0.308,0.0,8.0,13.0,0.0,0.0,0.615,0.0,0.5,0.0,0.0,2.0,1.0,0.141,3.0,5.57,5.18,71.0,6.0,2.0,0.0,16.0,6.6,0.667,8.0,9.9,3.0,0.625,0.684,0.125,3.0,13.0,11.1,0.619,8.0,7.0,2.0,10.0,0.727,0.615,0.231,0.0,2.0,0.4,0.625,1.0,2.0,21.0,0.0,,0.0,7.0,0.778,0.778,3.0,7.0,0.0,0.429,0.429,3.0,0.429,,1.0,0.0,0.0,0.0,1.0,1.0,1.0,1.0,1.0,0.111,1.0,0.111,0.0,0.111,1.0,1.0,1.0,1.0,0.0,,0.0,1.0,0.111,1.0,1.0,,,,,,,,,,,,,,1.0,,2.0,1.0,,,1.0,1.0,0.0,0.0,0.0,0.0,0.5,0.556,2.0,1.0,4.0,1.0,0.0,0.0,4.0,0.0,0.5,0.0,0.0,0.0,0.0,0.0,0.0,0.0,0.0,0.571,0.0,2.0,7.0,0.0,0.0,0.0,0.0,0.0,0.0,,,,,,,0.0,1.0,0.0,0.0,0.0,0.0,0.0,0.0,0.0,0.0,0.0,0.625,0.0,0.0,5.0,0.0,0.0,0.0,0.0,0.0,0.0,0.0,0.0,0.0,0.0,8.0,0.0,,0.0,,,,0.0,2017,21601045,,5.0,13.0,0.385,0.449,-0.064,0.0,2.0,0.0,0.284,5.0,11.0,0.455,0.49,4.0,7.0,0.571,0.541,0.0,4.0,0.0,0.331,,,,,,,,,,,,,,,20170320.0,2016-17,False,PHI,6.0,5.0,1.0,2.0,0.0,2.0,4.0,0.0,0.0,3.0,0.0,0.0,0.0,0.0,0.0,0.0,0.0,0.0,0.0,0.0,0.0,,,,,,1.1,1.3,4.7,4.79,2.4,4.64,Elfrid,1.0,1.0,0.0,1.0,36.6,1.0,0.0,33.0,1.0,1.0,1.0,1.0,40.0,38.0,53.0,37.0,63.0,108.0,63.0,85.0,95.0,85.0,2.0,5.0,3.0,22.0,8.0,9.0,13.0,106.0,145.0,76.0,64.0,19.0,22.0,1.0,1.0,26.0,107.22,97.0,94.1,24.0,5.0,37.0,18.9,43.0,96.0,53.0,141.0,19.0,41.0,38.0,66.0,24.0,10.0,9.0,140.0,37.0,113.0,37.0,53.0,53.0,38.0,37.0,38.0,51.0,41.0,50.0,31.0,57.0,43.0,10.0,,,1.0,,ORL,,-0.284,,-0.035,3.0,,3.0,1.0,0.577,0.423,0.031,,,,,,,,,,,,,,,,,,,,,,,,,,,,,,,,,,,,,,,,12527.0,114.0,,,,,,,,,,,,,,,1610612755.0,ORL,PHI,ORL,PHI,,,1.0,,-0.331,,,,,,,,,,,,,,
203901,Elfrid Payton,1610612753,ORL,23.0,33.495,6,9,0.667,1,1,1.0,2,2,1.0,3,2,5,5,3,0,0,0,4,2,15,6,78.22,1.67,0.171,0.759,16.7,66,0.172,14.5,113.6,93.86,27.8,0.057,0.208,0.076,0.722,0.097,115.2,95.73,100.7,106.2,16.8,7.5,0.1,68.0,0.132,73.0,0.074,17.0,0.0,9.0,4.0,11.0,0.0,4.0,0.0,1.0,3.0,0.444,0.111,4.0,9.0,1.0,2.0,0.444,0.111,0.333,2.0,1.0,1.0,2.0,0.183,3.0,4.89,4.22,82.0,1.0,0.0,0.0,26.0,6.7,2.0,4.0,16.1,0.0,0.75,0.417,0.0,3.0,8.0,15.3,0.417,16.7,2.0,0.0,5.0,0.25,0.25,0.0,0.0,0.0,0.0,0.75,0.0,0.0,12.0,0.0,,0.0,3.0,0.333,0.333,3.0,3.0,0.0,1.0,1.0,3.0,1.0,,4.0,0.0,0.0,0.0,0.5,2.0,0.5,4.0,2.0,0.444,0.5,0.444,1.0,0.222,2.0,1.0,0.0,0.75,0.111,1.0,1.0,0.5,0.111,1.0,0.0,,,,,,,,,,,,,,0.0,0.0,0.0,0.0,,0.0,2.0,0.0,3.0,1.0,0.0,0.0,1.0,0.722,0.0,0.0,2.0,0.0,1.0,0.0,4.0,0.0,0.0,0.0,2.0,1.0,0.0,0.0,1.0,0.0,0.0,1.0,1.0,2.0,4.0,0.0,1.0,1.0,1.0,0.0,0.5,,,,,,,0.0,2.0,,1.0,,,0.0,,2.0,0.0,0.0,1.0,0.0,0.0,4.0,1.0,0.5,0.0,0.0,1.0,0.0,0.0,,,0.0,4.0,1.0,1.5,1.0,1.0,1.0,1.0,1.0,2017,21601059,,6.0,17.0,0.353,0.451,-0.099,1.0,7.0,0.143,0.39,5.0,10.0,0.5,0.491,4.0,6.0,0.667,0.551,2.0,10.0,0.2,0.398,,,,,,,,,,,,,,,20170322.0,2016-17,False,CHA,12.0,7.0,5.0,5.0,0.0,0.0,0.0,0.0,0.0,4.0,0.0,0.0,0.0,0.0,0.0,0.0,0.0,0.0,0.0,0.0,0.0,,,,,,1.2,1.2,4.31,4.73,2.4,3.95,Elfrid,1.0,0.0,1.0,0.0,25.5,0.0,0.0,26.0,1.0,86.0,86.0,86.0,21.0,31.0,59.0,22.0,41.0,97.0,1.0,30.0,39.0,1.0,12.0,79.0,42.0,17.0,9.0,81.0,44.0,1.0,155.0,43.0,36.0,46.0,51.0,10.0,2.0,41.0,93.86,106.0,106.2,98.0,6.0,14.0,7.5,36.0,104.0,79.0,143.0,76.0,58.0,31.0,25.0,98.0,67.0,9.0,137.0,52.0,113.6,42.0,59.0,79.0,65.0,42.0,65.0,78.0,58.0,28.0,29.0,78.0,40.0,15.0,,,1.0,,ORL,,-0.247,,0.009,4.0,,5.0,0.8,0.602,0.198,0.115,,,,,,,,,,,,,,,,,,,,,,,,,,,,,,,,,,,,,,,,12857.0,93.0,,,,,,,,,,,,,,,1610612766.0,ORL,CHA,ORL,CHA,,,1.0,,-0.198,,,,,,,,,,,,,,
203901,Elfrid Payton,1610612753,ORL,23.0,28.73333333333333,5,11,0.455,1,1,1.0,3,5,0.6,2,9,11,10,3,0,0,2,1,4,14,31,83.53,3.33,0.242,0.53,11.5,59,0.244,50.2,133.9,100.23,38.5,0.214,0.37,0.0,0.5,0.0,126.6,104.61,76.4,78.7,11.5,55.2,0.181,57.0,0.175,61.0,0.175,17.0,0.0,10.0,0.0,22.0,0.0,4.0,0.0,0.0,6.0,0.4,0.1,3.0,10.0,1.0,0.0,0.3,0.0,0.333,0.0,0.0,2.0,0.0,0.189,2.0,4.81,4.58,74.0,3.0,0.0,1.0,23.0,5.9,2.0,6.0,6.3,1.0,0.333,0.688,0.111,2.0,12.0,7.2,0.611,2.7,8.0,2.0,10.0,0.9,0.75,0.091,0.0,2.0,0.0,0.333,1.0,0.0,18.0,0.0,,0.0,2.0,0.182,0.182,0.0,2.0,0.0,0.0,0.0,0.0,0.0,,5.0,0.0,0.0,0.0,0.4,2.0,0.4,5.0,2.0,0.455,0.4,0.455,1.0,0.273,3.0,2.0,2.0,1.167,0.091,1.0,1.0,1.0,0.182,3.0,1.0,0.0,0.0,0.0,1.0,0.0,0.0,,1.0,0.091,0.0,0.0,0.091,0.0,0.25,0.0,2.0,0.25,,0.0,4.0,1.0,3.0,1.0,2.0,1.0,1.0,0.5,0.0,0.0,6.0,1.0,0.0,1.0,3.0,1.0,0.333,0.0,1.0,0.0,0.0,1.0,0.0,0.0,0.0,0.5,0.0,3.0,6.0,0.0,0.0,0.0,0.0,0.0,0.0,,,,,,,1.0,2.0,,0.0,0.0,0.0,0.0,,2.0,0.0,0.5,0.5,0.0,0.0,3.0,1.0,0.0,0.0,0.0,1.0,0.0,0.0,,0.0,0.0,6.0,1.0,1.5,1.0,1.0,1.0,1.0,1.0,2017,21601074,,3.0,14.0,0.214,0.43,-0.216,0.0,4.0,0.0,0.352,3.0,10.0,0.3,0.466,1.0,4.0,0.25,0.519,1.0,7.0,0.143,0.365,,,,,,,,,,,,,,,20170324.0,2016-17,False,DET,9.0,6.0,3.0,2.0,0.0,2.0,6.0,0.0,0.0,2.0,0.0,0.0,0.0,0.0,0.0,0.0,0.0,0.0,0.0,0.0,0.0,,,,,,1.0,1.1,4.6,4.78,2.2,4.09,Elfrid,1.0,1.0,0.0,1.0,39.2,1.0,1.0,36.0,1.0,1.0,1.0,1.0,64.0,54.0,48.0,109.0,49.0,111.0,1.0,38.0,24.0,90.0,29.0,10.0,11.0,6.0,16.0,97.0,70.0,190.0,39.0,24.0,57.0,2.0,31.0,1.0,1.0,28.0,100.23,53.0,78.7,108.0,5.0,54.0,55.2,19.0,50.0,14.0,133.0,56.0,4.0,54.0,111.0,108.0,14.0,11.0,134.0,5.0,133.9,4.0,48.0,14.0,4.0,21.0,4.0,23.0,4.0,94.0,32.0,32.0,15.0,14.0,,,1.0,,ORL,,-0.352,,-0.166,1.0,,1.0,1.0,0.634,0.366,-0.269,,,,,,,,,,,,,,,,,,,,,,,,,,,,,,,,,,,,,,,,11448.0,98.0,,,,,,,,,,,,,,,1610612765.0,ORL,DET,ORL,DET,,,1.0,,-0.222,,,,,,,,,,,,,,
203901,Elfrid Payton,1610612753,ORL,23.0,31.39333333333333,8,12,0.667,0,2,0.0,6,8,0.75,0,1,1,9,1,1,1,1,3,5,22,-4,86.64,9.0,0.222,0.709,4.0,68,0.227,-3.0,123.5,103.97,36.0,0.0,0.36,0.0,0.667,0.0,122.3,106.2,125.3,129.4,3.9,-5.9,0.153,55.0,0.2,67.0,0.164,20.0,2.0,11.0,0.0,21.0,0.0,13.0,0.0,1.0,6.0,0.867,0.067,7.0,15.0,1.0,2.0,0.467,0.067,0.833,1.0,0.5,5.0,0.0,0.306,1.0,5.32,5.08,72.0,1.0,0.0,1.0,22.0,6.4,1.0,1.0,9.4,0.0,0.0,0.2,0.0,0.0,4.0,9.4,0.2,0.0,1.0,0.0,1.0,0.25,0.25,0.0,0.0,0.0,0.0,0.0,0.0,0.0,5.0,0.0,,0.0,4.0,0.333,0.333,3.0,4.0,0.0,0.75,0.75,3.0,0.75,,4.0,0.0,0.0,0.0,0.75,3.0,0.75,4.0,3.0,0.333,0.75,0.333,0.0,0.167,2.0,2.0,2.0,1.0,0.0,,0.0,1.0,0.167,2.0,1.0,,0.0,0.0,0.0,2.0,0.0,0.0,2.0,0.0,0.0,0.0,0.167,0.167,,0.0,0.0,,,0.0,0.0,0.0,0.0,0.0,1.0,0.0,0.0,0.667,0.0,0.0,1.0,3.0,0.0,0.0,5.0,0.0,0.75,0.0,0.0,0.0,,1.0,1.0,0.0,0.0,0.833,0.0,4.0,6.0,,1.0,0.0,0.0,,0.0,,,,,,,0.0,0.0,,0.0,,,0.0,,0.0,1.0,0.0,0.8,0.0,0.0,8.0,0.0,0.0,0.0,0.0,1.0,0.0,0.0,,,0.0,10.0,0.0,0.0,2.0,0.0,2.0,0.0,0.0,2017,21601097,,6.0,14.0,0.429,0.472,-0.043,1.0,2.0,0.5,0.346,5.0,12.0,0.417,0.498,4.0,8.0,0.5,0.561,2.0,6.0,0.333,0.376,,,,,,,,,,,,,,,20170327.0,2016-17,False,TOR,8.0,8.0,0.0,5.0,0.0,0.0,0.0,0.0,0.0,0.0,0.0,0.0,0.0,0.0,0.0,0.0,0.0,0.0,0.0,0.0,0.0,,,,,,1.2,1.2,4.41,4.97,2.3,4.28,Elfrid,1.0,0.0,1.0,0.0,41.7,0.0,0.0,36.0,1.0,71.0,71.0,71.0,32.0,7.0,26.0,14.0,56.0,46.0,56.0,4.0,4.0,40.0,61.0,80.0,93.0,3.0,41.0,29.0,11.0,93.0,97.0,9.0,8.0,83.0,8.0,9.0,2.0,10.0,103.97,42.0,129.4,18.0,8.0,25.0,-5.9,8.0,45.0,18.0,48.0,12.0,128.0,7.0,19.0,18.0,39.0,12.0,48.0,72.0,123.5,124.0,26.0,18.0,75.0,10.0,75.0,21.0,128.0,21.0,19.0,30.0,1.0,22.0,,,1.0,,ORL,,0.154,,-0.081,3.0,,7.0,0.429,0.61,-0.181,-0.061,,,,,,,,,,,,,,,,,,,,,,,,,,,,,,,,,,,,,,,,12319.0,100.0,,,,,,,,,,,,,,,1610612761.0,TOR,ORL,ORL,TOR,,,1.0,,-0.043,,,,,,,,,,,,,,
203901,Elfrid Payton,1610612753,ORL,23.0,37.88666666666666,4,12,0.333,0,0,0.0,3,8,0.375,2,3,5,8,3,0,1,2,4,4,11,-10,87.1,2.67,0.207,0.354,11.1,83,0.206,-11.7,96.4,104.52,29.6,0.067,0.333,0.056,0.333,0.044,97.4,104.27,109.1,109.8,11.3,-13.4,0.023,77.0,0.143,86.0,0.104,17.0,1.0,11.0,2.0,20.0,0.0,7.0,0.0,2.0,5.0,0.875,0.0,0.0,8.0,0.0,4.0,0.0,0.25,0.6,1.0,0.25,3.0,0.0,0.109,1.0,5.63,5.32,101.0,1.0,0.0,0.0,36.0,9.5,0.0,7.0,12.0,0.0,0.286,0.357,0.0,2.0,9.0,10.4,0.313,14.3,3.0,2.0,5.0,0.429,0.333,0.0,0.0,2.0,0.0,0.286,0.0,0.0,16.0,0.0,,0.0,6.0,0.5,0.5,2.0,6.0,0.0,0.333,0.333,2.0,0.333,,5.0,0.0,0.0,0.0,0.4,2.0,0.4,5.0,2.0,0.417,0.4,0.417,0.0,0.083,1.0,1.0,0.0,0.0,0.0,,0.0,0.0,0.083,0.0,0.0,,,,,,,,,,,,,,0.0,,0.0,0.0,,,1.0,0.0,0.0,0.0,0.0,0.0,0.0,0.333,0.0,0.0,0.0,1.0,0.0,0.0,3.0,0.0,0.333,0.0,2.0,0.0,0.0,0.0,0.0,0.0,0.0,0.429,0.0,3.0,7.0,0.0,0.0,0.0,0.0,0.0,0.0,,,,,,,1.0,3.0,,0.0,0.0,0.0,0.0,,1.0,0.0,0.333,0.429,0.0,0.0,3.0,0.0,0.0,0.0,0.0,0.0,0.0,0.0,,0.0,1.0,7.0,0.0,0.0,1.0,,,,0.0,2017,21601112,,14.0,23.0,0.609,0.436,0.173,3.0,7.0,0.429,0.331,11.0,16.0,0.688,0.479,9.0,11.0,0.818,0.55,5.0,11.0,0.455,0.354,,,,,,,,,,,,,,,20170329.0,2016-17,False,OKC,9.0,5.0,4.0,2.0,0.0,1.0,3.0,0.0,0.0,4.0,0.0,0.0,0.0,0.0,0.0,0.0,0.0,0.0,0.0,0.0,0.0,,,,,,1.5,1.3,4.44,4.52,2.8,4.35,Elfrid,1.0,0.0,1.0,0.0,29.0,0.0,0.0,26.0,1.0,106.0,106.0,106.0,16.0,74.0,42.0,128.0,100.0,144.0,100.0,36.0,7.0,107.0,30.0,71.0,58.0,8.0,15.0,92.0,24.0,188.0,175.0,21.0,79.0,175.0,56.0,18.0,2.0,65.0,104.52,83.0,109.8,18.0,4.0,48.0,-13.4,34.0,79.0,154.0,144.0,20.0,113.0,74.0,153.0,18.0,89.0,12.0,141.0,141.0,96.4,110.0,42.0,154.0,146.0,17.0,146.0,147.0,113.0,144.0,60.0,165.0,30.0,11.0,,,1.0,,ORL,,0.097,,0.209,8.0,,9.0,0.889,0.593,0.296,0.269,,,,,,,,,,,,,,,,,,,,,,,,,,,,,,,,,,,,,,,,14539.0,114.0,,,,,,,,,,,,,,,1610612760.0,ORL,OKC,ORL,OKC,,,1.0,,0.101,,,,,,,,,,,,,,
203901,Elfrid Payton,1610612753,ORL,23.0,34.17,5,13,0.385,0,0,0.0,2,2,1.0,1,8,9,15,2,2,0,3,3,1,12,3,86.04,7.5,0.188,0.432,6.5,73,0.186,-3.3,116.4,103.25,48.4,0.235,0.6,0.118,0.385,0.024,111.3,103.89,114.6,110.8,6.5,5.6,0.148,73.0,0.205,72.0,0.205,29.0,0.0,15.0,0.0,37.0,0.0,10.0,0.0,1.0,8.0,0.556,0.167,6.0,18.0,3.0,2.0,0.333,0.056,0.5,2.0,1.0,4.0,0.0,0.135,0.0,5.38,4.75,89.0,3.0,0.0,0.0,25.0,8.0,0.0,8.0,5.8,3.0,0.143,0.5,0.25,0.0,12.0,5.8,0.45,6.1,7.0,2.0,7.0,0.727,0.667,0.333,1.0,1.0,1.0,0.125,2.0,1.0,20.0,0.0,,0.0,6.0,0.462,0.462,2.0,6.0,0.0,0.333,0.333,2.0,0.333,,5.0,0.0,0.0,0.0,0.4,2.0,0.4,5.0,2.0,0.385,0.4,0.385,0.0,0.154,2.0,2.0,1.0,0.5,0.0,,0.0,0.5,0.154,1.0,0.5,,,,,,,,,,,,,,0.0,,0.0,0.0,,,2.0,0.0,0.0,0.0,0.0,0.0,0.0,0.385,0.0,0.0,0.0,2.0,0.0,0.0,3.0,0.0,0.5,0.0,2.0,0.0,0.0,0.0,0.0,0.0,0.0,0.429,0.0,4.0,7.0,0.0,0.0,0.0,0.0,0.0,0.0,,,,,,,2.0,4.0,,0.0,0.0,0.0,0.0,,1.0,0.0,0.5,0.429,0.0,0.0,3.0,0.0,0.0,0.0,0.0,0.0,0.0,0.0,,0.0,1.0,7.0,0.0,,0.0,,,,0.0,2017,21601129,,4.0,12.0,0.333,0.465,-0.131,2.0,7.0,0.286,0.375,2.0,5.0,0.4,0.54,2.0,3.0,0.667,0.528,2.0,8.0,0.25,0.385,,,,,,,,,,,,,,,20170331.0,2016-17,False,BOS,9.0,4.0,5.0,2.0,0.0,0.0,0.0,0.0,0.0,1.0,0.0,0.0,0.0,0.0,0.0,0.0,0.0,0.0,0.0,0.0,0.0,,,,,,1.3,1.2,4.39,4.83,2.5,4.01,Elfrid,1.0,0.0,1.0,0.0,49.3,1.0,0.0,40.0,1.0,115.0,115.0,115.0,49.0,53.0,41.0,136.0,113.0,156.0,113.0,58.0,72.0,1.0,64.0,15.0,25.0,1.0,40.0,13.0,72.0,206.0,141.0,110.0,72.0,74.0,11.0,1.0,3.0,18.0,103.25,114.0,110.8,37.0,5.0,61.0,5.6,9.0,106.0,53.0,97.0,37.0,133.0,53.0,155.0,37.0,15.0,13.0,96.0,119.0,116.4,149.0,41.0,53.0,84.0,3.0,84.0,69.0,133.0,153.0,19.0,48.0,5.0,12.0,,,1.0,,ORL,,-0.089,,-0.14,2.0,,3.0,0.667,0.556,0.111,0.139,,,,,,,,,,,,,,,,,,,,,,,,,,,,,,,,,,,,,,,,13396.0,102.0,,,,,,,,,,,,,,,1610612738.0,BOS,ORL,ORL,BOS,,,1.0,,-0.135,,,,,,,,,,,,,,
203901,Elfrid Payton,1610612753,ORL,23.0,35.3,6,12,0.5,1,2,0.5,7,8,0.875,2,9,11,11,2,1,0,3,0,5,20,8,85.55,5.5,0.212,0.644,6.9,75,0.205,13.3,117.3,102.66,37.9,0.243,0.379,0.0,0.542,0.0,116.4,104.16,103.1,105.3,7.0,12.1,0.202,61.0,0.197,66.0,0.18,21.0,0.0,12.0,1.0,23.0,0.143,5.0,2.0,2.0,6.0,0.357,0.071,3.0,14.0,1.0,4.0,0.214,0.143,0.167,3.0,0.75,1.0,0.0,0.241,3.0,5.95,5.58,83.0,3.0,0.0,1.333,23.0,8.2,0.667,7.0,7.3,2.0,0.286,0.611,0.111,1.0,12.0,7.4,0.579,6.8,8.0,1.0,9.0,0.818,0.75,0.182,0.0,1.0,0.5,0.286,1.0,1.0,19.0,0.0,,0.0,6.0,0.5,0.5,2.0,6.0,0.0,0.333,0.333,2.0,0.333,,2.0,0.0,0.0,0.0,0.5,1.0,0.5,2.0,1.0,0.167,0.5,0.167,1.0,0.25,3.0,2.0,2.0,1.167,0.083,1.0,1.0,1.0,0.167,3.0,1.0,,0.0,0.0,0.0,1.0,0.0,0.0,1.0,0.0,0.0,0.0,0.083,0.083,1.0,0.0,4.0,1.0,,0.0,2.0,2.0,3.0,0.5,4.0,1.0,0.0,0.542,0.0,0.0,2.0,1.0,0.0,0.5,2.0,1.0,0.25,0.0,2.0,0.0,0.0,2.0,0.0,0.0,0.0,0.5,0.0,4.0,4.0,0.0,0.0,2.0,0.0,0.0,1.0,,,,,,,1.0,2.0,,0.0,,,1.0,,2.0,2.0,0.5,0.5,2.0,0.0,2.0,0.0,0.0,1.0,0.0,0.0,0.0,0.5,,,2.0,4.0,0.0,0.75,2.0,0.5,2.0,1.0,1.0,2017,21601139,,9.0,25.0,0.36,0.435,-0.075,2.0,10.0,0.2,0.355,7.0,15.0,0.467,0.503,6.0,12.0,0.5,0.534,3.0,13.0,0.231,0.358,,,,,,,,,,,,,,,20170401.0,2016-17,False,BKN,14.0,9.0,5.0,2.0,0.0,0.0,0.0,0.0,0.0,0.0,0.0,0.0,0.0,0.0,0.0,0.0,0.0,0.0,0.0,0.0,0.0,,,,,,1.3,1.2,4.42,4.44,2.6,4.07,Elfrid,1.0,0.0,1.0,0.0,50.7,1.0,1.0,45.0,1.0,52.0,52.0,52.0,20.0,21.0,22.0,38.0,26.0,46.0,17.0,9.0,10.0,31.0,11.0,4.0,6.0,3.0,16.0,21.0,28.0,99.0,1.0,10.0,18.0,29.0,4.0,1.0,1.0,9.0,102.66,44.0,105.3,43.0,6.0,27.0,12.1,8.0,39.0,40.0,51.0,28.0,32.0,21.0,38.0,43.0,4.0,12.0,49.0,30.0,117.3,28.0,22.0,40.0,34.0,6.0,34.0,38.0,32.0,47.0,11.0,10.0,4.0,20.0,,,1.0,,ORL,,-0.155,,-0.037,5.0,,9.0,0.556,0.549,0.006,-0.034,,,,,,,,,,,,,,,,,,,,,,,,,,,,,,,,,,,,,,,,13592.0,99.0,,,,,,,,,,,,,,,1610612751.0,BKN,ORL,ORL,BKN,,,1.0,,-0.128,,,,,,,,,,,,,,
203901,Elfrid Payton,1610612753,ORL,23.0,22.666666666666668,5,9,0.556,0,1,0.0,2,2,1.0,2,2,4,6,1,0,0,1,0,1,12,-24,90.0,6.0,0.196,0.607,5.9,50,0.2,-52.1,98.0,108.0,35.3,0.0,0.462,0.0,0.556,0.0,97.0,105.33,149.1,140.4,5.9,-42.4,0.124,47.0,0.17,55.0,0.128,12.0,1.0,8.0,1.0,16.0,0.0,8.0,0.0,0.0,6.0,0.667,0.083,5.0,12.0,1.0,0.0,0.417,0.0,0.667,0.0,0.0,4.0,0.0,0.197,1.0,5.17,4.89,61.0,0.0,0.0,2.0,18.0,5.3,0.0,6.0,12.9,0.0,0.333,0.5,0.0,2.0,2.0,4.5,0.5,21.3,2.0,0.0,4.0,1.0,1.0,0.0,0.0,0.0,0.0,0.333,0.0,0.0,8.0,0.0,,0.0,2.0,0.222,0.222,1.0,2.0,0.0,0.5,0.5,1.0,0.5,,5.0,0.0,0.0,0.0,0.8,4.0,0.8,5.0,4.0,0.556,0.8,0.556,,,,,,,,,,,,,,0.0,0.0,0.0,1.0,1.0,0.0,0.0,2.0,0.111,0.0,0.0,0.222,0.111,0.0,0.0,0.0,0.0,,0.0,1.0,0.0,0.0,0.0,2.0,1.0,0.0,0.556,0.0,0.0,0.0,2.0,0.0,0.0,3.0,0.0,1.0,0.0,2.0,0.0,0.0,0.0,1.0,0.0,0.0,0.75,0.0,2.0,4.0,0.0,1.0,0.0,0.0,0.0,0.0,,,,,,,2.0,3.0,,0.0,,,0.0,,0.0,0.0,0.667,0.75,0.0,0.0,3.0,0.0,0.0,0.0,0.0,1.0,0.0,0.0,,,1.0,4.0,0.0,0.0,1.0,0.0,1.0,0.0,0.0,2017,21601156,,5.0,7.0,0.714,0.482,0.232,2.0,4.0,0.5,0.386,3.0,3.0,1.0,0.538,1.0,1.0,1.0,0.61,3.0,5.0,0.6,0.394,,,,,,,,,,,,,,,20170404.0,2016-17,False,CLE,6.0,2.0,4.0,1.0,0.0,1.0,2.0,0.0,0.0,0.0,0.0,0.0,0.0,0.0,0.0,0.0,0.0,0.0,0.0,0.0,0.0,,,,,,0.9,0.7,4.25,4.61,1.6,3.87,Elfrid,1.0,0.0,1.0,0.0,24.8,0.0,0.0,22.0,1.0,122.0,122.0,122.0,128.0,50.0,72.0,70.0,119.0,141.0,119.0,57.0,67.0,1.0,25.0,116.0,79.0,17.0,78.0,105.0,74.0,160.0,1.0,105.0,70.0,236.0,73.0,22.0,3.0,83.0,108.0,102.0,140.4,10.0,5.0,57.0,-42.4,29.0,100.0,159.0,97.0,22.0,219.0,50.0,93.0,10.0,100.0,9.0,97.0,232.0,98.0,229.0,72.0,159.0,228.0,8.0,228.0,159.0,219.0,96.0,44.0,74.0,3.0,12.0,,,1.0,,ORL,,0.114,,0.462,,,,,,,0.39,,,,,,,,,,,,,,,,,,,,,,,,,,,,,,,,,,,,,,,,8619.0,98.0,,,,,,,,,,,,,,,1610612739.0,CLE,ORL,ORL,CLE,,,1.0,,0.206,,,,,,,,,,,,,,
203901,Elfrid Payton,1610612753,ORL,23.0,32.65,8,14,0.571,1,2,0.5,5,6,0.833,1,4,5,11,3,1,1,1,2,3,22,10,90.05,3.67,0.25,0.661,9.7,73,0.249,12.0,116.4,108.06,35.5,0.121,0.44,0.0,0.607,0.0,113.5,109.41,101.5,101.4,9.8,15.1,0.188,61.0,0.213,74.0,0.18,16.0,0.0,13.0,2.0,24.0,0.0,9.0,0.0,1.0,7.0,0.563,0.063,7.0,16.0,1.0,2.0,0.438,0.063,0.571,1.0,0.5,4.0,0.0,0.265,1.0,5.62,5.02,83.0,1.0,0.0,0.0,29.0,7.8,2.0,4.0,4.5,2.0,0.333,0.625,0.5,1.0,5.0,5.1,0.556,1.9,2.0,1.0,3.0,0.8,0.8,0.4,1.0,0.0,0.0,0.25,2.0,0.0,9.0,0.0,,0.0,1.0,0.071,0.071,0.0,1.0,0.0,0.0,0.0,0.0,0.0,,8.0,0.0,0.0,0.0,0.625,5.0,0.625,8.0,5.0,0.571,0.625,0.571,0.0,0.143,2.0,2.0,1.0,0.5,0.0,,0.0,0.5,0.143,1.0,0.5,1.0,0.667,1.0,1.0,2.0,0.833,0.5,3.0,0.071,2.0,1.0,0.214,0.143,0.25,0.0,2.0,0.25,,0.0,4.0,1.0,3.0,0.5,0.0,0.0,1.0,0.607,0.0,0.0,2.0,2.0,0.0,0.5,3.0,1.0,0.667,0.0,4.0,0.0,0.0,2.0,0.0,0.0,0.0,0.6,0.0,3.0,5.0,0.0,0.0,2.0,0.0,0.0,0.5,,,,,,,1.0,1.0,,2.0,0.0,0.0,1.0,,3.0,1.0,1.0,0.6,1.0,0.0,3.0,0.0,0.667,0.333,0.0,1.0,0.0,1.0,,0.0,3.0,5.0,0.0,0.75,2.0,0.5,2.0,1.0,1.0,2017,21601174,,9.0,19.0,0.474,0.449,0.024,2.0,7.0,0.286,0.361,7.0,12.0,0.583,0.522,5.0,9.0,0.556,0.547,2.0,7.0,0.286,0.368,,,,,,,,,,,,,,,20170406.0,2016-17,False,BKN,13.0,10.0,3.0,3.0,0.0,0.0,0.0,0.0,0.0,1.0,0.0,0.0,0.0,0.0,0.0,0.0,0.0,0.0,0.0,0.0,0.0,,,,,,1.3,1.1,4.42,4.76,2.4,4.06,Elfrid,1.0,1.0,0.0,1.0,47.5,1.0,0.0,43.0,1.0,1.0,1.0,1.0,26.0,10.0,18.0,25.0,29.0,59.0,20.0,10.0,12.0,38.0,29.0,33.0,38.0,1.0,8.0,24.0,11.0,82.0,56.0,29.0,14.0,17.0,6.0,1.0,2.0,8.0,108.06,28.0,101.4,17.0,8.0,30.0,15.1,10.0,24.0,27.0,65.0,15.0,58.0,10.0,26.0,17.0,31.0,14.0,65.0,37.0,116.4,61.0,18.0,27.0,34.0,3.0,34.0,25.0,58.0,28.0,33.0,15.0,9.0,22.0,,,1.0,,ORL,,-0.075,,0.061,5.0,,7.0,0.714,0.558,0.156,0.008,,,,,,,,,,,,,,,,,,,,,,,,,,,,,,,,,,,,,,,,12754.0,103.0,,,,,,,,,,,,,,,1610612751.0,ORL,BKN,ORL,BKN,,,1.0,,-0.082,,,,,,,,,,,,,,
203901,Elfrid Payton,1610612753,ORL,23.0,33.35,5,10,0.5,0,0,0.0,0,0,0.0,0,3,3,10,6,1,0,1,1,0,10,-4,85.16,1.67,0.213,0.5,23.1,71,0.211,-4.9,119.7,102.19,38.5,0.0,0.37,0.0,0.5,0.0,115.1,106.51,120.0,125.4,23.1,-5.6,0.065,66.0,0.212,71.0,0.152,15.0,0.0,14.0,4.0,24.0,0.182,4.0,2.0,0.0,5.0,0.364,0.091,3.0,11.0,1.0,0.0,0.273,0.0,0.4,0.0,0.0,2.0,0.0,0.123,1.0,5.64,5.59,81.0,1.0,0.0,0.0,18.0,7.6,0.0,7.0,9.5,0.0,0.0,0.273,0.0,0.0,4.0,9.5,0.273,0.0,3.0,0.0,3.0,0.75,0.75,0.0,0.0,0.0,0.0,0.0,0.0,0.0,11.0,0.0,,0.0,2.0,0.2,0.2,0.0,2.0,0.0,0.0,0.0,0.0,0.0,,6.0,0.0,0.0,0.0,0.5,3.0,0.5,6.0,3.0,0.6,0.5,0.6,0.0,0.2,2.0,2.0,2.0,1.0,0.0,,0.0,1.0,0.2,2.0,1.0,,,,,,,,,,,,,,1.0,,2.0,1.0,,,1.0,1.0,0.0,0.0,0.0,0.0,0.0,0.5,0.0,0.0,0.0,0.0,0.0,0.0,5.0,0.0,0.0,0.0,1.0,0.0,0.0,0.0,0.0,0.0,0.0,0.556,0.0,0.0,9.0,0.0,0.0,0.0,0.0,0.0,0.0,,,,,,,0.0,0.0,,0.0,,,0.0,,1.0,0.0,0.0,0.556,0.0,0.0,5.0,0.0,0.0,0.0,0.0,0.0,0.0,0.0,,,0.0,9.0,0.0,,0.0,,,,0.0,2017,21601190,,5.0,12.0,0.417,0.451,-0.035,2.0,4.0,0.5,0.357,3.0,8.0,0.375,0.487,3.0,6.0,0.5,0.518,2.0,6.0,0.333,0.391,,,,,,,,,,,,,,,20170408.0,2016-17,False,IND,5.0,3.0,2.0,5.0,0.0,1.0,3.0,0.0,0.0,3.0,0.0,0.0,0.0,0.0,0.0,0.0,0.0,0.0,0.0,0.0,0.0,,,,,,1.2,1.2,4.14,4.69,2.3,4.01,Elfrid,1.0,0.0,1.0,0.0,25.6,1.0,0.0,25.0,1.0,86.0,86.0,86.0,31.0,47.0,49.0,58.0,76.0,123.0,76.0,86.0,91.0,86.0,81.0,69.0,87.0,2.0,2.0,33.0,57.0,116.0,44.0,112.0,67.0,115.0,60.0,1.0,1.0,55.0,102.19,62.0,125.4,45.0,5.0,43.0,-5.6,18.0,56.0,35.0,154.0,15.0,148.0,47.0,89.0,45.0,72.0,10.0,154.0,105.0,119.7,135.0,49.0,35.0,106.0,13.0,106.0,45.0,148.0,75.0,38.0,110.0,40.0,10.0,,,1.0,,ORL,,0.143,,-0.112,2.0,,4.0,0.5,0.584,-0.084,-0.018,,,,,,,,,,,,,,,,,,,,,,,,,,,,,,,,,,,,,,,,12366.0,100.0,,,,,,,,,,,,,,,1610612754.0,ORL,IND,ORL,IND,,,1.0,,-0.057,,,,,,,,,,,,,,
203901,Elfrid Payton,1610612753,ORL,23.0,24.58333333333333,5,13,0.385,1,4,0.25,0,1,0.0,2,5,7,4,2,0,0,0,1,2,11,-20,81.36,2.0,0.254,0.409,10.5,50,0.259,-40.4,90.0,97.63,21.1,0.0,0.267,0.0,0.423,0.069,87.1,100.17,127.6,130.0,10.3,-40.0,0.082,51.0,0.118,59.0,0.078,10.0,0.0,6.0,2.0,8.0,0.1,2.0,1.0,0.0,3.0,0.2,0.1,5.0,10.0,1.0,0.0,0.5,0.0,0.333,0.0,0.0,1.0,0.0,0.162,0.0,4.88,4.44,68.0,3.0,0.0,0.0,25.0,5.5,0.667,6.0,7.7,2.0,0.333,0.538,0.2,1.0,7.0,9.8,0.538,2.5,4.0,0.0,5.0,0.714,0.714,0.286,0.0,0.0,0.5,0.333,1.0,1.0,13.0,0.0,,0.0,5.0,0.385,0.385,3.0,5.0,0.0,0.6,0.6,3.0,0.6,,4.0,0.0,0.0,0.0,0.25,1.0,0.25,4.0,1.0,0.308,0.25,0.308,1.0,0.077,1.0,0.0,0.0,0.0,0.077,0.0,0.0,0.0,0.0,0.0,,,0.333,1.0,0.0,3.0,0.5,0.333,3.0,0.0,1.0,0.0,0.231,0.231,,0.0,0.0,,,0.0,0.0,0.0,3.0,0.25,0.0,0.0,0.333,0.423,0.0,0.0,2.0,0.0,0.0,0.25,4.0,1.0,0.0,0.0,0.0,0.0,0.0,4.0,0.0,0.0,0.0,0.5,0.0,1.0,8.0,0.0,0.0,0.0,0.0,0.0,0.0,,,,,,,0.0,1.0,,0.0,,,1.0,,0.0,4.0,0.0,0.5,0.0,0.0,4.0,0.0,0.0,0.0,0.0,0.0,0.0,0.25,,,0.0,8.0,0.0,0.375,4.0,0.25,4.0,1.0,1.0,2017,21601206,,4.0,10.0,0.4,0.432,-0.032,0.0,3.0,0.0,0.346,4.0,7.0,0.571,0.481,2.0,4.0,0.5,0.548,1.0,5.0,0.2,0.362,,,,,,,,,,,,,,,20170410.0,2016-17,False,CHI,3.0,2.0,1.0,0.0,0.0,0.0,0.0,0.0,0.0,3.0,0.0,0.0,0.0,0.0,0.0,0.0,0.0,0.0,0.0,0.0,0.0,,,,,,1.0,0.8,4.39,4.75,1.8,4.01,Elfrid,1.0,0.0,1.0,0.0,23.4,0.0,0.0,23.0,1.0,97.0,97.0,97.0,86.0,50.0,31.0,118.0,45.0,47.0,74.0,97.0,87.0,97.0,25.0,28.0,29.0,32.0,27.0,90.0,60.0,1.0,45.0,50.0,74.0,184.0,70.0,14.0,2.0,69.0,97.63,38.0,130.0,112.0,5.0,13.0,-40.0,67.0,37.0,153.0,108.0,61.0,172.0,50.0,133.0,112.0,71.0,13.0,108.0,175.0,90.0,165.0,31.0,153.0,174.0,36.0,174.0,162.0,172.0,123.0,32.0,109.0,28.0,11.0,,,1.0,,ORL,,-0.346,,0.091,2.0,,4.0,0.5,0.601,-0.101,-0.048,,,,,,,,,,,,,,,,,,,,,,,,,,,,,,,,,,,,,,,,9497.0,96.0,,,,,,,,,,,,,,,1610612741.0,CHI,ORL,ORL,CHI,,,1.0,,-0.162,,,,,,,,,,,,,,
203901,Elfrid Payton,1610612753,ORL,23.0,31.133333333333333,10,18,0.556,1,1,1.0,0,0,0.0,0,5,5,13,1,0,0,0,3,0,21,17,84.8,13.0,0.279,0.583,3.1,66,0.285,33.5,130.3,101.76,40.6,0.1,0.591,0.0,0.583,0.0,131.1,105.06,97.6,104.5,3.1,25.8,0.186,52.0,0.269,62.0,0.25,17.0,1.0,14.0,0.0,32.0,0.0,10.0,0.0,0.0,12.0,0.5,0.2,4.0,20.0,4.0,0.0,0.2,0.0,0.417,0.0,0.0,5.0,0.0,0.292,0.0,6.43,6.25,72.0,1.0,0.0,0.0,21.0,7.7,0.0,2.0,13.2,0.0,0.0,0.417,0.0,0.0,12.0,13.2,0.357,0.0,5.0,2.0,5.0,0.5,0.417,0.0,0.0,2.0,0.0,0.0,0.0,0.0,14.0,0.0,,0.0,1.0,0.056,0.056,1.0,1.0,0.0,1.0,1.0,1.0,1.0,,11.0,0.0,0.0,0.0,0.455,5.0,0.455,11.0,5.0,0.611,0.455,0.611,0.0,0.222,4.0,4.0,3.0,0.75,0.0,,0.0,0.75,0.222,3.0,0.75,0.0,0.5,1.0,1.0,1.0,0.75,1.0,2.0,0.056,1.0,0.0,0.111,0.056,0.75,0.0,6.0,0.75,,0.0,4.0,3.0,3.0,1.0,0.0,0.0,0.0,0.583,0.0,0.0,0.0,2.0,0.0,1.0,4.0,1.0,0.25,0.0,4.0,0.0,0.0,1.0,0.0,0.0,0.0,0.8,0.0,8.0,5.0,0.0,0.0,3.0,0.0,0.0,0.75,,,,,,,2.0,7.0,,1.0,,,0.0,,3.0,0.0,0.286,0.8,2.0,0.0,4.0,1.0,0.333,1.0,0.0,1.0,0.0,0.0,,,2.0,5.0,1.0,1.5,1.0,1.0,1.0,1.0,1.0,2017,21601217,,10.0,17.0,0.588,0.434,0.154,3.0,7.0,0.429,0.319,7.0,10.0,0.7,0.487,3.0,5.0,0.6,0.561,6.0,11.0,0.545,0.359,,,,,,,,,,,,,,,20170412.0,2016-17,False,DET,11.0,5.0,6.0,1.0,0.0,0.0,0.0,0.0,0.0,2.0,0.0,0.0,0.0,0.0,0.0,0.0,0.0,0.0,0.0,0.0,0.0,,,,,,1.1,1.1,4.44,4.69,2.3,3.9,Elfrid,1.0,1.0,0.0,1.0,45.5,1.0,0.0,40.0,1.0,1.0,1.0,1.0,50.0,7.0,6.0,73.0,68.0,174.0,1.0,157.0,175.0,157.0,160.0,49.0,79.0,2.0,101.0,151.0,88.0,1.0,228.0,222.0,17.0,18.0,13.0,1.0,2.0,16.0,101.76,46.0,104.5,94.0,10.0,93.0,25.8,15.0,47.0,25.0,107.0,46.0,144.0,7.0,106.0,94.0,83.0,18.0,107.0,31.0,130.3,100.0,6.0,25.0,54.0,2.0,54.0,19.0,144.0,92.0,80.0,33.0,1.0,21.0,,,1.0,,ORL,,0.11,,0.213,2.0,,4.0,0.5,0.618,-0.118,0.039,,,,,,,,,,,,,,,,,,,,,,,,,,,,,,,,,,,,,,,,11943.0,101.0,,,,,,,,,,,,,,,1610612765.0,ORL,DET,ORL,DET,,,1.0,,0.187,,,,,,,,,,,,,,
203901,Elfrid Payton,1610612756,PHX,24.0,31.716666666666665,6,12,0.5,1,1,1.0,0,2,0.0,0,3,3,9,4,3,1,1,2,2,13,9,89.54,2.25,0.21,0.505,15.4,72,0.217,13.2,113.9,107.45,34.6,0.073,0.375,0.041,0.542,0.0,112.6,110.63,99.5,104.3,15.5,9.6,0.103,55.0,0.164,66.0,0.164,19.0,0.0,9.0,0.0,21.0,0.1,4.0,1.0,0.0,5.0,0.4,0.1,3.0,10.0,1.0,0.0,0.3,0.0,0.4,0.0,0.0,2.0,0.0,0.176,1.0,5.54,5.38,74.0,1.0,0.0,0.0,19.0,6.8,0.0,4.0,10.4,1.0,0.0,0.3,0.333,0.0,6.0,10.4,0.3,0.0,2.0,0.0,2.0,0.5,0.5,0.333,0.0,0.0,0.0,0.0,1.0,0.0,10.0,0.0,,0.0,3.0,0.25,0.25,1.0,3.0,0.0,0.333,0.333,1.0,0.333,,4.0,0.0,0.0,0.0,0.0,0.0,0.0,4.0,0.0,0.333,0.0,0.333,0.0,0.25,3.0,3.0,3.0,1.0,0.0,,0.0,1.0,0.25,3.0,1.0,1.0,1.0,1.0,1.0,1.0,1.25,1.0,2.0,0.083,2.0,1.0,0.167,0.083,0.5,0.0,2.0,0.5,,0.0,2.0,1.0,3.0,1.0,0.0,0.0,0.0,0.542,0.0,0.0,0.0,2.0,1.0,0.0,2.0,0.0,0.333,0.0,1.0,1.0,0.0,0.0,1.0,0.0,0.0,0.5,1.0,6.0,4.0,0.0,1.0,1.0,1.0,0.0,1.0,,,,,,,1.0,4.0,0.0,1.0,,,0.0,0.0,1.0,0.0,0.25,0.4,1.0,0.0,2.0,1.0,1.0,1.0,0.0,1.0,0.0,0.0,0.0,,1.0,5.0,1.0,1.5,1.0,1.0,1.0,1.0,1.0,2018,21700012,,6.0,16.0,0.375,0.46,-0.085,2.0,4.0,0.5,0.372,4.0,12.0,0.333,0.5,4.0,9.0,0.444,0.568,2.0,6.0,0.333,0.364,,,,,,,,,,,,,,,20171018.0,2017-18,False,POR,6.0,5.0,1.0,2.0,0.0,2.0,4.0,0.0,1.0,1.0,0.0,1.0,0.0,1.0,1.0,1.0,0.0,0.0,1.0,1.0,0.0,,,,,,1.3,1.2,4.74,5.23,2.5,4.31,Elfrid,1.0,1.0,0.0,1.0,38.1,0.0,0.0,34.0,1.0,1.0,1.0,1.0,52.0,43.0,48.0,67.0,55.0,135.0,1.0,129.0,71.0,129.0,127.0,83.0,116.0,4.0,11.0,5.0,27.0,142.0,91.0,68.0,73.0,42.0,32.0,26.0,1.0,38.0,107.45,79.0,104.3,46.0,6.0,127.0,9.6,20.0,81.0,61.0,169.0,26.0,106.0,43.0,131.0,46.0,153.0,12.0,164.0,63.0,113.9,80.0,48.0,61.0,77.0,15.0,77.0,63.0,106.0,96.0,173.0,105.0,27.0,13.0,,,1.0,,PHX,,0.128,,-0.166,4.0,,8.0,0.5,0.603,-0.103,-0.124,,,,,,,,,,,,,,,,,,,,,,,,,,,,,,,,,,,,,,,,12983.0,100.0,,,,,,,,,,,,,,,1610612757.0,PHX,POR,PHX,POR,,,1.0,,-0.031,0.0,0.0,0.0,0.0,0.0,0.0,0.0,0.0,0.0,0.0,0.0,0.0,0.0,0.0
203901,Elfrid Payton,1610612756,PHX,24.0,14.486666666666666,2,6,0.333,0,1,0.0,0,0,0.0,0,1,1,4,2,1,0,1,0,0,4,10,92.5,2.0,0.211,0.333,16.7,33,0.212,30.4,124.2,111.0,33.3,0.053,0.286,0.029,0.333,0.0,118.0,116.23,87.6,91.2,16.7,33.1,0.063,27.0,0.185,34.0,0.148,8.0,0.0,5.0,1.0,11.0,0.167,2.0,1.0,0.0,4.0,0.333,0.0,1.0,6.0,0.0,0.0,0.167,0.0,0.25,0.0,0.0,1.0,0.0,0.108,0.0,4.51,4.14,37.0,1.0,0.0,0.0,13.0,2.8,0.0,3.0,9.6,0.0,0.0,0.25,0.0,0.0,1.0,9.6,0.25,0.0,1.0,0.0,1.0,1.0,1.0,0.0,0.0,0.0,0.0,0.0,0.0,0.0,4.0,,,,,,,,,,,,,,,4.0,0.0,0.0,0.0,0.5,2.0,0.5,4.0,2.0,0.667,0.5,0.667,0.0,0.167,1.0,1.0,0.0,0.0,0.0,,0.0,0.0,0.167,0.0,0.0,,0.0,0.0,0.0,1.0,0.0,0.0,1.0,0.0,0.0,0.0,0.167,0.167,,0.0,0.0,,,0.0,0.0,0.0,0.0,0.0,0.0,0.0,0.0,0.333,0.0,0.0,0.0,0.0,0.0,0.0,2.0,0.0,0.0,0.0,0.0,0.0,0.0,0.0,1.0,0.0,0.0,0.667,0.0,2.0,3.0,0.0,1.0,0.0,0.0,0.0,0.0,,,,,,,0.0,2.0,,0.0,,,0.0,,0.0,0.0,0.0,0.667,0.0,0.0,2.0,0.0,0.0,0.0,0.0,1.0,0.0,0.0,,,0.0,3.0,0.0,0.0,1.0,0.0,1.0,0.0,0.0,2018,21700026,,3.0,5.0,0.6,0.43,0.17,,,,,3.0,5.0,0.6,0.48,2.0,3.0,0.667,0.519,1.0,1.0,1.0,0.367,,,,,,,,,,,,,,,20171020.0,2017-18,False,LAL,2.0,2.0,0.0,1.0,0.0,0.0,0.0,0.0,1.0,1.0,0.0,1.0,0.0,1.0,1.0,1.0,0.0,0.0,1.0,1.0,0.0,,,,,,0.6,0.6,4.98,5.2,1.2,4.78,Elfrid,1.0,0.0,1.0,0.0,12.2,0.0,0.0,11.0,1.0,110.0,110.0,110.0,163.0,127.0,112.0,142.0,109.0,128.0,109.0,117.0,124.0,117.0,108.0,142.0,165.0,27.0,47.0,40.0,66.0,152.0,1.0,157.0,146.0,34.0,145.0,18.0,1.0,148.0,111.0,83.0,91.2,48.0,2.0,108.0,33.1,17.0,80.0,25.0,148.0,28.0,49.0,127.0,168.0,48.0,164.0,6.0,147.0,25.0,124.2,38.0,112.0,25.0,25.0,28.0,25.0,43.0,49.0,157.0,177.0,132.0,19.0,4.0,,,,,PHX,,,,0.12,2.0,,3.0,0.667,0.575,0.091,0.148,,,,,,,,,,,,,,,,,,,,,,,,,,,,,,,,,,,,,,,,6181.0,120.0,,,,,,,,,,,,,,,1610612747.0,PHX,LAL,PHX,LAL,,,1.0,,0.633,0.0,0.0,0.0,0.0,0.0,0.0,0.0,0.0,0.0,0.0,0.0,0.0,0.0,0.0
203901,Elfrid Payton,1610612756,PHX,24.0,29.266666666666666,5,9,0.556,0,2,0.0,1,1,1.0,2,4,6,11,2,2,2,2,1,3,11,20,77.9,5.5,0.169,0.583,9.1,57,0.176,30.4,142.1,93.49,50.0,0.174,0.423,0.128,0.556,0.083,134.6,97.32,104.2,107.0,8.9,35.1,0.174,61.0,0.213,67.0,0.18,20.0,0.0,13.0,2.0,27.0,0.0,0.0,0.0,0.0,0.0,0.0,0.429,3.0,7.0,3.0,0.0,0.429,0.0,0.0,0.0,0.0,0.0,0.0,0.143,1.0,4.62,4.45,77.0,3.0,0.0,0.0,29.0,5.9,0.667,6.0,10.2,1.0,0.333,0.429,0.25,2.0,8.0,8.7,0.429,13.2,3.0,0.0,5.0,0.5,0.5,0.167,0.0,0.0,0.0,0.333,1.0,0.0,14.0,,,,,,,,,,,,,,,4.0,0.0,0.0,0.0,0.5,2.0,0.5,4.0,2.0,0.444,0.5,0.444,0.0,0.222,2.0,2.0,2.0,1.0,0.0,,0.0,1.0,0.222,2.0,1.0,1.0,0.333,0.0,1.0,2.0,0.333,0.0,3.0,0.111,1.0,1.0,0.333,0.222,1.0,0.0,2.0,1.0,,0.0,1.0,1.0,0.0,0.0,0.0,0.0,0.5,0.556,0.0,0.0,2.0,0.0,0.0,0.0,4.0,0.0,0.0,0.0,1.0,0.0,0.0,2.0,0.0,0.0,0.0,0.8,0.0,1.0,5.0,0.0,0.0,1.0,0.0,0.0,1.0,,,,,,,0.0,0.0,0.0,0.0,0.0,0.0,0.0,0.0,1.0,2.0,0.0,0.8,0.0,0.0,4.0,1.0,0.0,0.0,0.0,1.0,0.0,0.0,0.0,0.0,0.0,5.0,1.0,0.0,2.0,0.0,2.0,0.0,0.0,2018,21700162,,4.0,6.0,0.667,0.404,0.262,,,,,4.0,6.0,0.667,0.444,1.0,2.0,0.5,0.514,3.0,4.0,0.75,0.359,,,,,,,,,,,,,,,20171108.0,2017-18,False,MIA,3.0,3.0,0.0,1.0,0.0,0.0,0.0,1.0,1.0,2.0,0.5,0.5,0.0,0.0,0.0,0.0,0.0,0.0,0.0,0.0,0.0,,,,,,1.1,0.9,4.11,4.88,2.0,3.45,Elfrid,1.0,1.0,0.0,1.0,44.7,1.0,0.0,36.0,1.0,1.0,1.0,1.0,33.0,26.0,42.0,30.0,47.0,46.0,47.0,48.0,60.0,1.0,13.0,25.0,19.0,1.0,22.0,7.0,5.0,97.0,18.0,25.0,43.0,3.0,7.0,1.0,1.0,11.0,93.49,55.0,107.0,97.0,5.0,17.0,35.1,4.0,62.0,1.0,51.0,85.0,52.0,26.0,41.0,97.0,32.0,9.0,51.0,7.0,142.1,50.0,42.0,1.0,5.0,4.0,5.0,2.0,52.0,38.0,23.0,15.0,2.0,11.0,,,,,PHX,,,,0.223,1.0,,2.0,0.5,0.561,-0.061,-0.014,,,,,,,,,,,,,,,,,,,,,,,,,,,,,,,,,,,,,,,,10488.0,106.0,,,,,,,,,,,,,,,1610612748.0,PHX,MIA,PHX,MIA,,,1.0,,0.391,0.0,0.0,0.0,0.0,0.0,0.0,0.0,0.0,0.0,0.0,0.0,0.0,0.0,0.0
203901,Elfrid Payton,1610612756,PHX,24.0,16.516666666666666,4,7,0.571,0,1,0.0,0,0,0.0,1,3,4,7,6,0,0,0,3,0,8,3,92.03,1.17,0.302,0.571,30.0,38,0.307,0.8,113.2,110.43,35.0,0.231,0.583,0.148,0.571,0.071,106.8,113.4,105.9,105.3,30.0,7.9,0.099,25.0,0.28,32.0,0.28,11.0,0.0,7.0,0.0,16.0,0.2,2.0,1.0,0.0,2.0,0.4,0.0,2.0,5.0,0.0,0.0,0.4,0.0,0.5,0.0,0.0,1.0,0.0,0.211,0.0,5.45,4.71,38.0,2.0,0.0,0.0,10.0,3.5,1.0,2.0,10.7,1.0,0.5,0.8,0.0,0.0,3.0,12.0,0.8,7.0,3.0,0.0,3.0,1.0,1.0,0.25,0.0,0.0,1.0,0.5,0.0,1.0,5.0,,,,,,,,,,,,,,,5.0,0.0,0.0,0.0,0.6,3.0,0.6,5.0,3.0,0.714,0.6,0.714,0.0,0.143,1.0,1.0,1.0,1.0,0.0,,0.0,1.0,0.143,1.0,1.0,,0.0,0.0,0.0,1.0,0.0,0.0,1.0,0.0,0.0,0.0,0.143,0.143,0.0,0.0,0.0,0.0,,0.0,1.0,0.0,0.0,0.0,0.0,0.0,1.0,0.571,0.0,0.0,2.0,0.0,0.0,0.0,4.0,0.0,0.0,,0.0,0.0,0.0,1.0,0.0,,,0.8,0.0,1.0,5.0,0.0,0.0,0.0,0.0,0.0,0.0,,,,,,,0.0,0.0,,0.0,,,0.0,,1.0,1.0,0.0,0.8,0.0,0.0,4.0,0.0,0.0,0.0,0.0,0.0,0.0,0.0,,,0.0,5.0,0.0,0.0,1.0,0.0,1.0,0.0,0.0,2018,21700174,,2.0,4.0,0.5,0.397,0.103,0.0,2.0,0.0,0.324,2.0,2.0,1.0,0.426,1.0,1.0,1.0,0.485,0.0,2.0,0.0,0.339,,,,,,,,,,,,,,,20171110.0,2017-18,False,ORL,3.0,0.0,3.0,0.0,0.0,0.0,0.0,0.0,1.0,1.0,0.0,1.0,0.0,0.0,0.0,0.0,0.0,0.0,0.0,0.0,0.0,,,,,,0.6,0.6,4.37,4.87,1.2,3.97,Elfrid,1.0,1.0,0.0,1.0,17.3,0.0,0.0,19.0,1.0,1.0,1.0,1.0,125.0,62.0,80.0,33.0,83.0,95.0,83.0,84.0,89.0,84.0,35.0,67.0,68.0,5.0,2.0,84.0,56.0,1.0,115.0,114.0,83.0,58.0,95.0,12.0,1.0,80.0,110.43,17.0,105.3,27.0,4.0,27.0,7.9,17.0,15.0,30.0,155.0,5.0,115.0,62.0,56.0,27.0,27.0,7.0,155.0,79.0,113.2,109.0,80.0,30.0,58.0,2.0,58.0,55.0,115.0,49.0,31.0,75.0,45.0,8.0,,,,,PHX,,-0.324,,0.575,1.0,,1.0,1.0,0.543,0.457,0.515,,,,,,,,,,,,,,,,,,,,,,,,,,,,,,,,,,,,,,,,6492.0,111.0,,,,,,,,,,,,,,,1610612753.0,PHX,ORL,PHX,ORL,,,1.0,,-0.339,0.0,0.0,0.0,0.0,0.0,0.0,0.0,0.0,0.0,0.0,0.0,0.0,0.0,0.0
203901,Elfrid Payton,1610612756,PHX,24.0,25.216666666666665,2,8,0.25,0,0,0.0,0,0,0.0,0,2,2,5,2,0,0,0,2,1,4,-12,89.62,2.5,0.167,0.25,13.3,57,0.178,-20.3,89.5,107.55,33.3,0.087,0.278,0.04,0.25,0.0,94.1,104.01,114.4,112.5,13.3,-23.0,0.009,40.0,0.15,48.0,0.125,8.0,0.0,6.0,1.0,12.0,0.0,2.0,0.0,0.0,3.0,0.4,0.2,1.0,5.0,1.0,0.0,0.2,0.0,0.333,0.0,0.0,1.0,0.0,0.077,0.0,4.45,4.33,52.0,0.0,0.0,0.0,11.0,3.9,0.0,1.0,9.8,0.0,0.0,0.5,0.0,0.0,3.0,9.8,0.5,0.0,2.0,0.0,2.0,0.667,0.667,0.0,0.0,0.0,0.0,0.0,0.0,0.0,4.0,0.0,,0.0,3.0,0.375,0.375,0.0,3.0,0.0,0.0,0.0,0.0,0.0,,1.0,0.0,0.0,0.0,0.0,0.0,0.0,1.0,0.0,0.125,0.0,0.125,0.0,0.5,4.0,4.0,2.0,0.5,0.0,,0.0,0.5,0.5,2.0,0.5,,,,,,,,,,,,,,0.25,,2.0,0.25,,,4.0,1.0,0.0,0.0,0.0,0.0,0.0,0.25,0.0,0.0,0.0,2.0,0.0,0.0,0.0,0.0,0.4,0.0,1.0,0.0,0.0,0.0,0.0,0.0,0.0,0.0,0.0,5.0,2.0,0.0,0.0,0.0,0.0,0.0,0.0,,,,,,,1.0,2.0,0.0,1.0,0.0,0.0,0.0,0.0,3.0,0.0,0.5,0.0,0.0,0.0,0.0,0.0,0.333,0.0,0.0,0.0,0.0,0.0,0.0,0.0,1.0,2.0,0.0,,0.0,,,,0.0,2018,21700196,,5.0,12.0,0.417,0.491,-0.074,1.0,4.0,0.25,0.346,4.0,8.0,0.5,0.54,2.0,4.0,0.5,0.645,1.0,4.0,0.25,0.369,,,,,,,,,,,,,,,20171113.0,2017-18,False,LAL,7.0,5.0,2.0,1.0,0.0,0.0,0.0,0.0,0.0,0.0,0.0,0.0,0.0,1.0,1.0,0.0,0.0,0.0,1.0,0.0,0.0,,,,,,1.1,0.9,4.76,5.55,2.0,4.07,Elfrid,1.0,0.0,1.0,0.0,11.9,0.0,0.0,11.0,1.0,95.0,95.0,95.0,81.0,101.0,85.0,143.0,96.0,141.0,96.0,92.0,98.0,92.0,98.0,97.0,113.0,20.0,42.0,89.0,52.0,1.0,84.0,83.0,124.0,164.0,127.0,15.0,1.0,126.0,107.55,102.0,112.5,19.0,2.0,98.0,-23.0,24.0,109.0,155.0,108.0,40.0,133.0,101.0,158.0,19.0,111.0,8.0,108.0,149.0,89.5,140.0,85.0,155.0,153.0,26.0,153.0,127.0,133.0,148.0,133.0,145.0,21.0,4.0,,,1.0,,PHX,,-0.096,,-0.04,2.0,,3.0,0.667,0.705,-0.039,-0.145,,,,,,,,,,,,,,,,,,,,,,,,,,,,,,,,,,,,,,,,10307.0,105.0,,,,,,,,,,,,,,,1610612747.0,PHX,LAL,PHX,LAL,,,1.0,,-0.119,0.0,0.0,0.0,0.0,0.0,0.0,0.0,0.0,0.0,0.0,0.0,0.0,0.0,0.0
203901,Elfrid Payton,1610612753,ORL,24.0,30.75,6,11,0.545,2,3,0.667,0,0,0.0,3,0,3,5,3,0,0,0,3,1,14,-14,81.3,1.67,0.209,0.636,15.8,62,0.215,-15.8,101.6,97.56,26.3,0.0,0.278,0.053,0.636,0.107,104.9,96.72,120.6,122.2,15.8,-20.6,0.071,50.0,0.16,60.0,0.1,8.0,1.0,8.0,2.0,14.0,0.0,4.0,0.0,0.0,3.0,0.571,0.0,4.0,7.0,0.0,0.0,0.571,0.0,0.667,0.0,0.0,2.0,0.0,0.215,2.0,4.56,4.2,65.0,0.0,0.0,0.0,24.0,4.9,0.0,3.0,14.4,1.0,1.0,0.5,0.0,2.0,3.0,0.0,0.5,14.4,0.0,0.0,2.0,0.0,0.0,0.333,0.0,0.0,0.333,1.0,0.0,1.0,6.0,0.0,,0.0,3.0,0.273,0.273,1.0,3.0,0.0,0.333,0.333,1.0,0.333,,2.0,0.0,0.0,0.0,0.5,1.0,0.5,2.0,1.0,0.182,0.5,0.182,2.0,0.455,5.0,3.0,2.0,1.0,0.182,1.0,2.0,0.8,0.273,4.0,0.667,,0.0,0.0,0.0,1.0,0.0,0.0,1.0,0.0,0.0,0.0,0.091,0.091,0.6,0.0,6.0,0.6,0.0,1.0,5.0,3.0,6.0,1.0,0.0,0.0,0.0,0.636,0.0,0.0,0.0,2.0,1.0,0.5,1.0,1.0,0.667,1.0,2.0,0.0,0.0,2.0,1.0,1.0,1.0,0.333,0.0,3.0,3.0,0.0,0.0,1.0,1.0,0.0,0.5,,,,,,,0.0,1.0,,2.0,0.0,0.0,1.0,,2.0,1.0,0.0,0.333,0.0,0.0,1.0,2.0,1.0,0.0,0.0,4.0,0.0,1.0,,0.0,0.0,3.0,0.5,1.5,2.0,1.0,2.0,2.0,2.0,2018,21700213,,8.0,14.0,0.571,0.459,0.113,4.0,6.0,0.667,0.366,4.0,8.0,0.5,0.514,4.0,4.0,1.0,0.568,4.0,7.0,0.571,0.395,,,,,,,,,,,,,,,20171115.0,2017-18,False,POR,7.0,2.0,5.0,0.0,0.0,1.0,2.0,2.0,0.0,2.0,1.0,0.0,0.0,0.0,0.0,0.0,0.0,0.0,0.0,0.0,0.0,,,,,,1.2,1.1,4.49,5.09,2.3,3.98,Elfrid,1.0,0.0,1.0,0.0,22.1,0.0,0.0,24.0,1.0,110.0,110.0,110.0,65.0,38.0,53.0,63.0,33.0,78.0,20.0,124.0,128.0,124.0,15.0,196.0,113.0,22.0,17.0,102.0,75.0,1.0,150.0,105.0,53.0,204.0,85.0,18.0,1.0,60.0,97.56,75.0,122.2,84.0,6.0,26.0,-20.6,45.0,78.0,145.0,161.0,100.0,174.0,38.0,62.0,84.0,196.0,11.0,161.0,164.0,101.6,165.0,53.0,145.0,177.0,32.0,177.0,111.0,174.0,50.0,150.0,133.0,51.0,14.0,,,1.0,,PHX,,0.3,,-0.014,4.0,,4.0,1.0,0.597,0.403,0.432,,,,,,,,,,,,,,,,,,,,,,,,,,,,,,,,,,,,,,,,12057.0,,,,,,,,,,,,,,,,1610612757.0,POR,ORL,ORL,POR,,,1.0,,0.176,0.0,0.0,0.0,0.0,0.0,0.0,0.0,0.0,0.0,0.0,0.0,0.0,0.0,0.0
203901,Elfrid Payton,1610612753,ORL,24.0,23.35,3,7,0.429,0,0,0.0,1,2,0.5,1,2,3,3,2,3,0,0,3,4,7,-7,83.94,1.5,0.192,0.444,15.4,49,0.194,-11.7,98.0,100.73,23.1,0.087,0.2,0.063,0.429,0.04,100.3,99.62,112.1,112.2,15.5,-14.3,0.056,35.0,0.114,40.0,0.086,9.0,1.0,4.0,0.0,8.0,0.1,2.0,1.0,0.0,3.0,0.2,0.1,3.0,10.0,1.0,0.0,0.3,0.0,0.333,0.0,0.0,1.0,0.0,0.143,2.0,4.19,4.02,49.0,4.0,0.0,1.0,15.0,3.4,0.75,5.0,4.6,2.0,0.2,0.429,0.5,0.0,2.0,5.2,0.429,3.4,1.0,0.0,1.0,1.0,1.0,0.667,0.0,0.0,1.0,0.2,1.0,1.0,7.0,0.0,,0.0,1.0,0.143,0.143,0.0,1.0,0.0,0.0,0.0,0.0,0.0,,5.0,0.0,0.0,0.0,0.6,3.0,0.6,5.0,3.0,0.714,0.6,0.714,,,,,,,,,,,,,,0.0,0.0,0.0,1.0,0.0,0.0,,1.0,0.143,0.0,0.0,0.143,0.0,0.0,,0.0,0.0,,,1.0,0.0,0.0,0.0,2.0,1.0,0.5,0.429,0.0,0.0,3.0,1.0,0.0,0.0,2.0,0.0,0.25,0.0,1.0,0.0,0.0,0.0,0.0,0.0,0.0,1.0,0.0,4.0,2.0,0.0,0.0,0.0,0.0,0.0,0.0,,,,,,,0.0,3.0,0.0,0.0,,,0.0,0.0,0.0,0.0,0.0,1.0,0.0,0.0,3.0,0.0,0.0,0.0,0.0,1.0,0.0,0.0,0.0,,0.0,3.0,0.0,,0.0,,,,0.0,2018,21700229,,5.0,11.0,0.455,0.475,-0.021,1.0,5.0,0.2,0.382,4.0,6.0,0.667,0.549,3.0,5.0,0.6,0.636,2.0,6.0,0.333,0.397,,,,,,,,,,,,,,,20171118.0,2017-18,False,UTA,4.0,0.0,4.0,2.0,0.0,0.0,0.0,1.0,2.0,3.0,0.333,0.667,0.0,2.0,2.0,1.0,0.0,0.0,1.0,1.0,0.0,,,,,,0.9,0.9,4.64,5.54,1.8,3.99,Elfrid,1.0,0.0,1.0,0.0,22.1,0.0,0.0,19.0,1.0,86.0,86.0,86.0,77.0,63.0,76.0,76.0,74.0,111.0,74.0,59.0,44.0,60.0,35.0,86.0,83.0,26.0,27.0,3.0,57.0,1.0,111.0,17.0,74.0,118.0,54.0,8.0,1.0,62.0,100.73,74.0,112.2,60.0,3.0,53.0,-14.3,43.0,71.0,79.0,126.0,43.0,106.0,63.0,93.0,60.0,108.0,7.0,124.0,98.0,98.0,108.0,76.0,79.0,107.0,38.0,107.0,80.0,106.0,88.0,102.0,105.0,27.0,7.0,,,1.0,,PHX,,-0.182,,0.118,3.0,,5.0,0.6,0.672,-0.072,-0.036,,,,,,,,,,,,,,,,,,,,,,,,,,,,,,,,,,,,,,,,9420.0,,,,,,,,,,,,,,,,1610612762.0,ORL,UTA,ORL,UTA,,,1.0,,-0.064,0.0,0.0,0.0,0.0,0.0,0.0,0.0,0.0,0.0,0.0,0.0,0.0,0.0,0.0
203901,Elfrid Payton,1610612753,ORL,24.0,25.076666666666668,1,7,0.143,0,1,0.0,1,3,0.333,0,1,1,7,4,3,0,0,2,3,3,-3,86.14,1.75,0.197,0.18,21.1,54,0.2,-1.6,109.3,103.36,36.8,0.043,0.318,0.02,0.143,0.0,108.2,106.23,109.8,114.8,20.7,-5.6,0.0,42.0,0.167,49.0,0.167,11.0,0.0,7.0,0.0,18.0,0.0,2.0,0.0,0.0,2.0,0.5,0.0,2.0,4.0,0.0,0.0,0.5,0.0,0.5,0.0,0.0,1.0,0.0,0.054,0.0,4.28,3.96,56.0,2.0,0.0,0.0,20.0,4.0,0.0,0.0,4.5,0.0,0.0,0.5,0.0,0.0,2.0,4.5,0.5,0.0,1.0,0.0,1.0,0.5,0.5,0.0,0.0,0.0,0.0,0.0,0.0,0.0,2.0,0.0,,0.0,3.0,0.429,0.429,1.0,3.0,0.0,0.333,0.333,1.0,0.333,,1.0,0.0,0.0,0.0,0.0,0.0,0.0,1.0,0.0,0.143,0.0,0.143,1.0,0.429,3.0,2.0,0.0,0.0,0.143,0.0,0.0,0.0,0.286,0.0,0.0,,,,,,,,,,,,,,0.0,0.0,0.0,0.0,,0.0,2.0,0.0,0.0,0.0,0.0,0.0,0.0,0.143,0.0,0.0,0.0,0.0,0.0,0.0,1.0,0.0,0.0,0.0,2.0,0.0,0.0,0.0,1.0,0.0,0.0,0.333,0.0,1.0,3.0,0.0,1.0,0.0,0.0,0.0,0.0,,,,,,,0.0,0.0,,0.0,0.0,0.0,0.0,,1.0,0.0,0.0,0.333,0.0,0.0,1.0,0.0,0.0,0.0,0.0,1.0,0.0,0.0,,0.0,2.0,3.0,0.0,0.0,1.0,0.0,1.0,0.0,0.0,2018,21700243,,5.0,10.0,0.5,0.483,0.017,1.0,3.0,0.333,0.407,4.0,7.0,0.571,0.523,4.0,4.0,1.0,0.581,1.0,6.0,0.167,0.432,,,,,,,,,,,,,,,20171120.0,2017-18,False,IND,2.0,1.0,1.0,4.0,0.0,1.0,2.0,0.0,1.0,1.0,0.0,1.0,0.0,1.0,1.0,1.0,0.0,0.0,1.0,1.0,0.0,,,,,,1.0,0.9,4.32,4.95,1.8,4.19,Elfrid,1.0,0.0,1.0,0.0,19.7,0.0,0.0,17.0,1.0,118.0,118.0,118.0,106.0,168.0,108.0,194.0,115.0,133.0,115.0,83.0,50.0,115.0,110.0,167.0,177.0,8.0,8.0,10.0,73.0,1.0,110.0,39.0,172.0,136.0,106.0,20.0,2.0,112.0,103.36,106.0,114.8,65.0,1.0,110.0,-5.6,21.0,104.0,72.0,204.0,28.0,193.0,168.0,196.0,65.0,193.0,7.0,205.0,124.0,109.3,178.0,108.0,72.0,136.0,24.0,136.0,73.0,193.0,194.0,202.0,189.0,49.0,3.0,,,1.0,,PHX,,-0.073,,0.048,3.0,,3.0,1.0,0.61,0.39,0.42,,,,,,,,,,,,,,,,,,,,,,,,,,,,,,,,,,,,,,,,9736.0,,,,,,,,,,,,,,,,1610612754.0,ORL,IND,ORL,IND,,,1.0,,-0.266,0.0,0.0,0.0,0.0,0.0,0.0,0.0,0.0,0.0,0.0,0.0,0.0,0.0,0.0
203901,Elfrid Payton,1610612756,PHX,24.0,34.37166666666667,4,9,0.444,0,3,0.0,2,7,0.286,0,4,4,13,1,2,1,1,3,4,10,-1,86.12,13.0,0.16,0.414,3.8,74,0.165,-5.2,110.8,103.34,50.0,0.108,0.464,0.057,0.444,0.0,108.8,103.45,114.0,112.2,3.8,-1.4,0.103,66.0,0.197,72.0,0.197,21.0,0.0,13.0,0.0,31.0,0.0,2.0,0.0,1.0,3.0,0.222,0.222,3.0,9.0,2.0,2.0,0.333,0.111,0.333,0.0,0.0,1.0,0.0,0.123,2.0,4.53,4.27,81.0,1.0,0.0,0.0,19.0,6.1,0.0,3.0,13.8,0.0,0.0,0.571,0.0,0.0,5.0,13.8,0.5,0.0,4.0,1.0,4.0,1.0,0.8,0.0,0.0,1.0,0.0,0.0,0.0,0.0,8.0,0.0,,0.0,3.0,0.333,0.333,3.0,3.0,0.0,1.0,1.0,3.0,1.0,,3.0,0.0,0.0,0.0,0.333,1.0,0.333,3.0,1.0,0.333,0.333,0.333,1.0,0.111,1.0,0.0,0.0,0.0,0.111,0.0,0.0,0.0,0.0,0.0,,,0.0,0.0,0.0,2.0,0.0,0.0,2.0,0.0,0.0,0.0,0.222,0.222,,0.0,0.0,,,0.0,0.0,0.0,0.0,0.0,0.0,0.0,0.0,0.444,0.0,0.0,0.0,0.0,0.0,0.0,4.0,0.0,0.0,0.0,0.0,0.0,0.0,2.0,1.0,0.0,1.0,0.667,0.0,0.0,6.0,0.0,0.0,0.0,0.0,0.0,0.0,,,,,,,0.0,0.0,0.0,0.0,0.0,0.0,0.0,0.0,0.0,2.0,0.0,0.667,0.0,0.0,4.0,0.0,0.0,0.0,0.0,1.0,0.0,0.0,0.0,0.0,0.0,6.0,0.0,0.0,2.0,0.0,2.0,0.0,0.0,2018,21700264,,8.0,15.0,0.533,0.479,0.054,0.0,3.0,0.0,0.374,8.0,12.0,0.667,0.52,7.0,9.0,0.778,0.572,0.0,4.0,0.0,0.358,,,,,,,,,,,,,,,20171122.0,2017-18,False,MIL,6.0,4.0,2.0,2.0,0.0,1.0,2.0,0.0,2.0,2.0,0.0,1.0,0.0,1.0,1.0,1.0,0.0,0.0,1.0,1.0,0.0,,,,,,1.3,1.3,4.55,5.48,2.6,3.9,Elfrid,1.0,0.0,1.0,0.0,42.3,1.0,0.0,33.0,1.0,154.0,154.0,154.0,50.0,100.0,97.0,150.0,140.0,97.0,140.0,67.0,19.0,146.0,144.0,80.0,109.0,1.0,117.0,20.0,27.0,211.0,212.0,34.0,124.0,159.0,22.0,1.0,2.0,50.0,103.34,172.0,112.2,87.0,4.0,144.0,-1.4,4.0,170.0,100.0,106.0,77.0,189.0,100.0,217.0,87.0,175.0,9.0,106.0,168.0,110.8,197.0,97.0,100.0,157.0,7.0,157.0,114.0,189.0,181.0,196.0,132.0,1.0,10.0,,,1.0,,PHX,,-0.374,,0.147,6.0,,7.0,0.857,0.612,0.245,0.205,,,,,,,,,,,,,,,,,,,,,,,,,,,,,,,,,,,,,,,,13698.0,113.0,,,,,,,,,,,,,,,1610612749.0,PHX,MIL,PHX,MIL,,,1.0,,-0.358,0.0,0.0,0.0,0.0,0.0,0.0,0.0,0.0,0.0,0.0,0.0,0.0,0.0,0.0
203901,Elfrid Payton,1610612756,PHX,24.0,23.15,4,8,0.5,1,1,1.0,3,4,0.75,1,5,6,3,3,0,0,0,1,4,12,-15,84.67,1.0,0.206,0.615,18.8,49,0.209,-30.5,108.2,101.6,18.8,0.294,0.2,0.13,0.563,0.034,108.1,101.72,138.5,138.8,19.0,-30.6,0.101,42.0,0.071,49.0,0.071,7.0,0.0,3.0,0.0,6.0,0.0,3.0,0.0,2.0,1.0,0.429,0.143,3.0,7.0,1.0,4.0,0.429,0.286,0.0,3.0,0.75,0.0,0.0,0.203,0.0,4.59,4.39,59.0,0.0,0.0,0.0,15.0,4.5,0.0,4.0,8.6,0.0,0.333,0.667,0.0,1.0,6.0,5.4,0.6,24.6,5.0,1.0,6.0,0.833,0.833,0.0,1.0,0.0,0.0,0.25,0.0,0.0,10.0,0.0,,0.0,4.0,0.5,0.5,3.0,4.0,0.0,0.75,0.75,3.0,0.75,,1.0,0.0,0.0,0.0,0.0,0.0,0.0,1.0,0.0,0.125,0.0,0.125,1.0,0.125,1.0,0.0,0.0,1.5,0.125,1.0,1.0,1.0,0.0,1.0,,0.0,0.0,0.0,2.0,0.0,0.0,,2.0,0.25,0.0,0.0,0.25,0.0,0.0,0.0,0.0,0.0,,0.0,2.0,0.0,3.0,1.0,0.0,0.0,0.0,0.563,0.0,0.0,0.0,0.0,0.0,1.0,3.0,1.0,0.0,0.0,1.0,0.0,0.0,1.0,0.0,0.0,0.0,0.6,0.0,1.0,5.0,0.0,0.0,0.0,0.0,0.0,0.0,,,,,,,0.0,1.0,,0.0,0.0,0.0,1.0,,1.0,1.0,0.0,0.6,0.0,0.0,3.0,0.0,0.0,0.0,0.0,0.0,0.0,1.0,,0.0,0.0,5.0,0.0,1.5,1.0,1.0,1.0,1.0,1.0,2018,21700275,,6.0,10.0,0.6,0.465,0.135,1.0,2.0,0.5,0.377,5.0,8.0,0.625,0.529,4.0,7.0,0.571,0.551,2.0,3.0,0.667,0.402,,,,,,,,,,,,,,,20171124.0,2017-18,False,NOP,3.0,2.0,1.0,1.0,0.0,0.0,0.0,2.0,1.0,3.0,0.667,0.333,0.0,0.0,0.0,0.0,0.0,0.0,0.0,0.0,0.0,,,,,,0.9,0.8,4.42,4.57,1.7,4.26,Elfrid,1.0,0.0,1.0,0.0,20.7,0.0,0.0,22.0,1.0,106.0,106.0,106.0,111.0,74.0,95.0,67.0,58.0,125.0,1.0,26.0,26.0,52.0,61.0,38.0,45.0,46.0,17.0,94.0,77.0,1.0,46.0,22.0,71.0,190.0,105.0,17.0,3.0,88.0,101.6,80.0,138.8,84.0,4.0,88.0,-30.6,80.0,78.0,99.0,172.0,105.0,192.0,74.0,70.0,84.0,17.0,8.0,169.0,174.0,108.2,192.0,95.0,99.0,173.0,50.0,173.0,99.0,192.0,87.0,49.0,94.0,64.0,12.0,,,1.0,,PHX,,0.123,,0.096,4.0,,7.0,0.571,0.58,-0.008,0.02,,,,,,,,,,,,,,,,,,,,,,,,,,,,,,,,,,,,,,,,9058.0,100.0,,,,,,,,,,,,,,,1610612740.0,PHX,NOP,PHX,NOP,,,1.0,,0.264,0.0,0.0,0.0,0.0,0.0,0.0,0.0,0.0,0.0,0.0,0.0,0.0,0.0,0.0
203901,Elfrid Payton,1610612753,ORL,24.0,29.066666666666663,9,17,0.529,3,5,0.6,1,2,0.5,5,3,8,9,2,1,0,0,0,2,22,-10,84.63,4.5,0.29,0.615,6.9,61,0.297,-13.7,106.6,101.56,31.0,0.1,0.6,0.125,0.618,0.147,108.3,100.37,121.9,121.0,6.9,-14.4,0.195,46.0,0.196,61.0,0.196,14.0,0.0,9.0,0.0,19.0,0.0,3.0,0.0,1.0,3.0,0.333,0.222,3.0,9.0,2.0,2.0,0.333,0.111,0.333,1.0,0.5,1.0,1.0,0.314,3.0,4.93,4.27,70.0,3.0,1.0,0.667,26.0,5.8,0.0,9.0,10.4,3.0,0.556,0.5,0.0,2.0,7.0,7.2,0.5,12.4,3.0,0.0,5.0,0.429,0.429,0.375,0.0,0.0,0.6,0.556,0.0,3.0,16.0,0.0,,0.0,1.0,0.059,0.059,1.0,1.0,0.0,1.0,1.0,1.0,1.0,0.0,8.0,0.0,1.0,0.059,0.375,3.0,0.429,7.0,3.0,0.471,0.375,0.412,1.0,0.294,5.0,4.0,2.0,0.7,0.059,1.0,1.0,0.6,0.235,3.0,0.5,,0.667,2.0,0.0,3.0,1.0,0.667,3.0,0.0,2.0,0.0,0.176,0.176,0.5,2.0,8.0,0.667,1.0,2.0,6.0,3.0,3.0,0.333,2.0,0.5,0.0,0.618,1.0,0.0,0.0,1.0,0.0,0.6,4.0,3.0,0.333,0.0,3.0,0.0,0.0,5.0,0.0,0.0,0.0,0.667,0.0,3.0,6.0,0.0,0.0,1.0,0.0,0.0,0.333,,,,,,,0.0,2.0,0.0,1.0,,,3.0,0.0,1.0,5.0,0.0,0.667,0.0,0.0,4.0,1.0,1.0,0.0,0.0,2.0,0.0,0.6,0.0,,1.0,6.0,0.5,0.5,3.0,0.333,3.0,1.0,1.0,2018,21700278,,7.0,14.0,0.5,0.474,0.026,6.0,8.0,0.75,0.406,1.0,6.0,0.167,0.517,0.0,2.0,0.0,0.558,7.0,10.0,0.7,0.412,,,,,,,,,,,,,,,20171125.0,2017-18,False,PHI,8.0,4.0,4.0,3.0,0.0,0.0,0.0,0.0,0.0,0.0,0.0,0.0,0.0,3.0,3.0,0.0,0.0,0.0,1.0,0.0,0.0,,,,,,1.1,1.0,4.56,4.7,2.2,4.02,Elfrid,1.0,0.0,1.0,0.0,46.1,0.0,0.0,44.0,1.0,113.0,113.0,113.0,63.0,11.0,15.0,74.0,18.0,31.0,25.0,84.0,50.0,95.0,1.0,74.0,15.0,5.0,40.0,44.0,60.0,1.0,1.0,54.0,18.0,184.0,10.0,14.0,1.0,10.0,101.56,27.0,121.0,61.0,9.0,11.0,-14.4,32.0,28.0,100.0,103.0,79.0,179.0,11.0,78.0,61.0,129.0,17.0,103.0,147.0,106.6,183.0,15.0,100.0,153.0,3.0,153.0,94.0,179.0,69.0,51.0,23.0,11.0,22.0,,,1.0,,PHX,,0.344,,-0.351,0.0,,2.0,0.0,0.607,-0.607,-0.558,,,,,,,,,,,,,,,,,,,,,,,,,,,,,,,,,,,,,,,,11436.0,,,,,,,,,,,,,,,,1610612755.0,PHI,ORL,ORL,PHI,,,1.0,,0.288,0.0,0.0,1.0,2.0,0.5,1.0,0.0,0.0,0.0,0.0,0.0,0.0,1.0,1.0
203901,Elfrid Payton,1610612753,ORL,24.0,26.28333333333333,6,8,0.75,1,2,0.5,2,2,1.0,2,1,3,5,4,1,0,0,3,1,15,-6,82.18,1.25,0.213,0.845,22.2,54,0.217,-16.1,114.8,98.62,27.8,0.05,0.333,0.065,0.813,0.077,110.2,100.55,126.3,125.9,22.4,-11.1,0.124,46.0,0.13,58.0,0.109,13.0,0.0,6.0,1.0,14.0,0.0,8.0,0.0,1.0,4.0,1.333,0.167,0.0,6.0,1.0,2.0,0.0,0.167,0.75,2.0,1.0,3.0,0.0,0.242,0.0,4.72,4.29,62.0,1.0,0.0,0.0,18.0,4.9,2.0,2.0,17.3,2.0,1.0,0.75,0.0,0.0,2.0,5.9,0.75,22.9,1.0,0.0,1.0,0.5,0.5,0.667,0.0,0.0,1.0,1.0,0.0,2.0,4.0,,,,,,,,,,,,,,,4.0,0.0,0.0,0.0,0.75,3.0,0.75,4.0,3.0,0.5,0.75,0.5,1.0,0.375,3.0,2.0,2.0,1.167,0.125,1.0,1.0,1.0,0.25,3.0,1.0,,0.0,0.0,0.0,1.0,0.0,0.0,1.0,0.0,0.0,0.0,0.125,0.125,1.0,0.0,2.0,1.0,,0.0,1.0,1.0,3.0,0.5,0.0,0.0,1.0,0.813,0.0,0.0,2.0,1.0,1.0,0.0,3.0,0.0,1.0,0.0,1.0,1.0,0.0,1.0,1.0,0.0,0.0,0.75,1.0,1.0,4.0,0.0,1.0,1.0,1.0,0.0,1.0,,,,,,,1.0,1.0,0.0,1.0,0.0,0.0,0.0,0.0,1.0,1.0,1.0,0.75,0.0,0.0,3.0,1.0,1.0,0.0,0.0,1.0,0.0,0.0,0.0,0.0,0.0,4.0,1.0,0.75,2.0,0.5,2.0,1.0,1.0,2018,21700290,,2.0,5.0,0.4,0.486,-0.086,2.0,3.0,0.667,0.407,0.0,2.0,0.0,0.508,0.0,1.0,0.0,0.584,2.0,4.0,0.5,0.436,,,,,,,,,,,,,,,20171127.0,2017-18,False,IND,5.0,3.0,2.0,2.0,0.0,0.0,0.0,2.0,0.0,2.0,1.0,0.0,0.0,1.0,1.0,1.0,0.0,0.0,1.0,1.0,0.0,,,,,,1.1,0.9,4.57,4.97,2.0,4.16,Elfrid,1.0,0.0,1.0,0.0,25.1,0.0,0.0,26.0,1.0,88.0,88.0,88.0,70.0,28.0,68.0,19.0,51.0,75.0,35.0,42.0,50.0,1.0,20.0,113.0,80.0,18.0,5.0,28.0,48.0,1.0,123.0,83.0,38.0,121.0,46.0,10.0,1.0,43.0,98.62,63.0,125.9,95.0,6.0,42.0,-11.1,31.0,61.0,64.0,154.0,71.0,146.0,28.0,28.0,95.0,135.0,8.0,155.0,124.0,114.8,144.0,68.0,64.0,110.0,13.0,110.0,89.0,146.0,30.0,95.0,59.0,53.0,15.0,,,,,PHX,,0.26,,-0.508,0.0,,1.0,0.0,0.61,-0.61,-0.584,,,,,,,,,,,,,,,,,,,,,,,,,,,,,,,,,,,,,,,,10534.0,,,,,,,,,,,,,,,,1610612754.0,IND,ORL,ORL,IND,,,1.0,,0.065,0.0,0.0,0.0,0.0,0.0,0.0,0.0,0.0,0.0,0.0,0.0,0.0,0.0,0.0
203901,Elfrid Payton,1610612756,PHX,24.0,30.916666666666668,8,10,0.8,0,0,0.0,3,5,0.6,0,5,5,6,2,4,1,1,4,4,19,-5,88.63,3.0,0.194,0.779,10.0,69,0.21,-1.9,115.9,106.35,30.0,0.143,0.273,0.082,0.8,0.0,120.3,105.61,122.2,125.0,9.9,-9.1,0.162,44.0,0.159,50.0,0.136,9.0,0.0,7.0,1.0,15.0,0.0,6.0,0.0,0.0,4.0,0.857,0.143,2.0,7.0,1.0,0.0,0.286,0.0,0.75,0.0,0.0,3.0,0.0,0.322,1.0,6.09,6.17,59.0,2.0,0.0,0.0,13.0,6.0,1.0,1.0,11.2,1.0,0.0,0.714,0.2,0.0,6.0,11.2,0.714,0.0,4.0,0.0,4.0,0.833,0.833,0.2,0.0,0.0,0.0,0.0,1.0,0.0,7.0,0.0,,0.0,2.0,0.2,0.2,2.0,2.0,0.0,1.0,1.0,2.0,1.0,,4.0,0.0,0.0,0.0,0.5,2.0,0.5,4.0,2.0,0.4,0.5,0.4,0.0,0.3,3.0,3.0,3.0,1.0,0.0,,0.0,1.0,0.3,3.0,1.0,1.0,1.0,0.0,1.0,0.0,1.0,,1.0,0.1,1.0,1.0,0.1,0.0,0.5,,2.0,0.5,,,2.0,1.0,0.0,0.0,0.0,0.0,1.0,0.8,0.0,0.0,2.0,3.0,0.0,0.0,4.0,0.0,0.75,0.0,2.0,0.0,0.0,0.0,0.0,0.0,0.0,1.0,0.0,4.0,4.0,0.0,0.0,1.0,0.0,0.0,0.5,,,,,,,0.0,1.0,,2.0,0.0,0.0,0.0,,2.0,0.0,0.0,1.0,1.0,0.0,5.0,0.0,1.0,0.5,0.0,0.0,0.0,0.0,,0.0,2.0,5.0,0.0,,0.0,,,,0.0,2018,21700303,,5.0,10.0,0.5,0.463,0.037,1.0,3.0,0.333,0.321,4.0,7.0,0.571,0.532,4.0,5.0,0.8,0.602,1.0,3.0,0.333,0.361,,,,,,,,,,,,,,,20171129.0,2017-18,False,DET,5.0,4.0,1.0,4.0,0.0,0.0,0.0,3.0,2.0,5.0,0.6,0.4,0.0,0.0,0.0,0.0,0.0,0.0,0.0,0.0,0.0,,,,,,1.2,1.1,4.28,4.75,2.2,4.21,Elfrid,1.0,1.0,0.0,1.0,47.0,0.0,0.0,40.0,1.0,1.0,1.0,1.0,48.0,19.0,64.0,14.0,102.0,149.0,102.0,39.0,28.0,88.0,100.0,32.0,60.0,15.0,36.0,3.0,11.0,161.0,185.0,17.0,34.0,144.0,11.0,16.0,1.0,15.0,106.35,89.0,125.0,57.0,8.0,100.0,-9.1,35.0,98.0,79.0,111.0,60.0,181.0,19.0,31.0,57.0,88.0,10.0,111.0,117.0,115.9,171.0,64.0,79.0,138.0,35.0,138.0,60.0,181.0,22.0,102.0,38.0,18.0,19.0,,,1.0,,PHX,,0.013,,0.04,4.0,,5.0,0.8,0.626,0.174,0.198,,,,,,,,,,,,,,,,,,,,,,,,,,,,,,,,,,,,,,,,11824.0,110.0,,,,,,,,,,,,,,,1610612765.0,DET,PHX,PHX,DET,,,1.0,,-0.028,0.0,0.0,0.0,0.0,0.0,0.0,0.0,0.0,0.0,0.0,0.0,0.0,0.0,0.0
203901,Elfrid Payton,1610612753,ORL,24.0,29.383333333333333,5,10,0.5,0,0,0.0,0,2,0.0,2,2,4,9,2,3,0,3,4,2,10,-10,87.8,4.5,0.176,0.46,9.1,64,0.171,-15.3,126.6,105.37,40.9,0.133,0.333,0.083,0.5,0.061,122.2,108.21,137.5,140.0,9.1,-13.4,0.062,50.0,0.2,54.0,0.18,15.0,1.0,10.0,0.0,24.0,0.1,4.0,1.0,1.0,5.0,0.4,0.2,1.0,10.0,2.0,2.0,0.1,0.1,0.4,0.0,0.0,2.0,0.0,0.156,1.0,4.69,4.73,64.0,2.0,0.0,0.0,17.0,5.0,0.0,3.0,16.1,1.0,0.667,0.8,0.0,1.0,3.0,20.0,0.8,12.2,2.0,0.0,3.0,0.667,0.667,0.25,0.0,0.0,0.5,0.667,0.0,1.0,5.0,0.0,,0.0,1.0,0.1,0.1,0.0,1.0,0.0,0.0,0.0,0.0,0.0,,8.0,0.0,0.0,0.0,0.625,5.0,0.625,8.0,5.0,0.8,0.625,0.8,0.0,0.1,1.0,1.0,0.0,0.0,0.0,,0.0,0.0,0.1,0.0,0.0,,,,,,,,,,,,,,,,0.0,,,,0.0,0.0,0.0,0.0,0.0,0.0,0.0,0.5,0.0,0.0,0.0,1.0,0.0,0.0,4.0,0.0,0.25,0.0,0.0,0.0,0.0,0.0,0.0,0.0,0.0,0.667,0.0,4.0,6.0,0.0,0.0,0.0,0.0,0.0,0.0,,,,,,,1.0,2.0,0.0,0.0,0.0,0.0,0.0,0.0,2.0,0.0,0.5,0.667,0.0,0.0,4.0,0.0,0.0,0.0,0.0,0.0,0.0,0.0,0.0,0.0,0.0,6.0,0.0,,0.0,,,,0.0,2018,21700318,,9.0,16.0,0.563,0.491,0.071,2.0,6.0,0.333,0.423,7.0,10.0,0.7,0.57,4.0,4.0,1.0,0.622,3.0,9.0,0.333,0.441,,,,,,,,,,,,,,,20171201.0,2017-18,False,GSW,11.0,5.0,6.0,5.0,0.0,0.0,0.0,1.0,1.0,2.0,0.5,0.5,0.0,0.0,0.0,0.0,0.0,0.0,0.0,0.0,0.0,,,,,,1.2,1.2,4.92,5.03,2.4,4.81,Elfrid,1.0,0.0,1.0,0.0,35.3,0.0,0.0,29.0,1.0,88.0,88.0,88.0,52.0,42.0,47.0,70.0,79.0,120.0,79.0,91.0,44.0,91.0,23.0,85.0,61.0,6.0,26.0,4.0,63.0,170.0,152.0,48.0,71.0,142.0,25.0,13.0,1.0,36.0,105.37,97.0,140.0,29.0,5.0,47.0,-13.4,14.0,89.0,19.0,91.0,15.0,167.0,42.0,116.0,29.0,69.0,10.0,88.0,119.0,126.6,166.0,47.0,19.0,114.0,12.0,114.0,33.0,167.0,86.0,75.0,115.0,8.0,10.0,,,1.0,,PHX,,-0.09,,0.13,4.0,,4.0,1.0,0.656,0.344,0.378,,,,,,,,,,,,,,,,,,,,,,,,,,,,,,,,,,,,,,,,12643.0,,,,,,,,,,,,,,,,1610612744.0,ORL,GSW,ORL,GSW,,,1.0,,-0.108,0.0,0.0,0.0,0.0,0.0,0.0,0.0,0.0,0.0,0.0,0.0,0.0,0.0,0.0
203901,Elfrid Payton,1610612753,ORL,24.0,34.485,7,11,0.636,0,1,0.0,1,1,1.0,0,6,6,5,0,2,0,0,0,2,15,4,83.51,0.0,0.145,0.656,0.0,71,0.155,13.9,115.5,100.22,31.3,0.176,0.2,0.094,0.636,0.0,117.8,100.69,103.9,106.8,0.0,8.6,0.154,63.0,0.111,64.0,0.079,20.0,0.0,7.0,1.0,13.0,0.0,4.0,0.0,0.0,4.0,0.444,0.333,2.0,9.0,3.0,0.0,0.222,0.0,0.5,0.0,0.0,2.0,0.0,0.2,0.0,4.87,4.6,75.0,1.0,0.0,0.0,21.0,6.1,0.0,3.0,6.2,1.0,0.0,0.6,0.167,0.0,7.0,6.2,0.6,0.0,5.0,0.0,5.0,0.857,0.857,0.167,0.0,0.0,0.0,0.0,1.0,0.0,10.0,,,,,,,,,,,,,,,9.0,0.0,0.0,0.0,0.667,6.0,0.667,9.0,6.0,0.818,0.667,0.818,0.0,0.091,1.0,1.0,1.0,1.0,0.0,,0.0,1.0,0.091,1.0,1.0,,0.0,0.0,0.0,1.0,0.0,0.0,1.0,0.0,0.0,0.0,0.091,0.091,,0.0,0.0,,,0.0,0.0,0.0,0.0,0.0,0.0,0.0,0.0,0.636,0.0,0.0,0.0,0.0,0.0,0.0,7.0,0.0,0.0,0.0,0.0,0.0,0.0,0.0,1.0,0.0,0.0,0.7,0.0,0.0,10.0,0.0,1.0,0.0,0.0,0.0,0.0,,,,,,,0.0,0.0,0.0,0.0,,,0.0,0.0,0.0,0.0,0.0,0.7,0.0,0.0,7.0,0.0,0.0,0.0,0.0,1.0,0.0,0.0,0.0,,0.0,10.0,0.0,0.0,1.0,0.0,1.0,0.0,0.0,2018,21700334,,6.0,14.0,0.429,0.444,-0.015,3.0,5.0,0.6,0.367,3.0,9.0,0.333,0.478,2.0,5.0,0.4,0.555,3.0,6.0,0.5,0.374,,,,,,,,,,,,,,,20171203.0,2017-18,False,NYK,9.0,4.0,5.0,3.0,0.0,0.0,0.0,1.0,1.0,2.0,0.5,0.5,0.0,1.0,1.0,0.0,0.0,0.0,1.0,0.0,0.0,,,,,,1.3,1.3,4.53,4.78,2.6,4.32,Elfrid,1.0,1.0,0.0,1.0,35.7,0.0,0.0,30.0,1.0,1.0,1.0,1.0,19.0,18.0,28.0,18.0,51.0,59.0,51.0,49.0,60.0,1.0,50.0,11.0,19.0,9.0,73.0,5.0,32.0,1.0,1.0,33.0,26.0,31.0,16.0,11.0,1.0,22.0,100.22,73.0,106.8,38.0,7.0,50.0,8.6,15.0,76.0,32.0,1.0,36.0,50.0,18.0,28.0,38.0,26.0,11.0,1.0,24.0,115.5,49.0,28.0,32.0,33.0,21.0,33.0,31.0,50.0,25.0,43.0,30.0,51.0,15.0,,,,,PHX,,0.233,,-0.145,2.0,,3.0,0.667,0.612,0.055,-0.155,,,,,,,,,,,,,,,,,,,,,,,,,,,,,,,,,,,,,,,,13545.0,,,,,,,,,,,,,,,,1610612752.0,NYK,ORL,ORL,NYK,,,1.0,,0.126,0.0,0.0,0.0,0.0,0.0,0.0,0.0,0.0,0.0,0.0,0.0,0.0,0.0,0.0
203901,Elfrid Payton,1610612756,PHX,24.0,31.85833333333333,4,9,0.444,1,2,0.5,2,2,1.0,1,3,4,7,3,0,1,1,3,2,11,-6,84.75,2.33,0.167,0.557,15.8,67,0.177,-6.7,98.5,101.7,36.8,0.088,0.304,0.059,0.5,0.029,96.2,104.44,102.9,105.9,15.1,-7.4,0.092,57.0,0.123,67.0,0.123,15.0,0.0,7.0,0.0,16.0,0.091,2.0,1.0,0.0,3.0,0.182,0.273,4.0,11.0,3.0,0.0,0.364,0.0,0.333,0.0,0.0,1.0,0.0,0.151,2.0,4.8,4.4,73.0,1.0,0.0,1.0,28.0,5.8,0.0,4.0,12.6,1.0,0.25,0.5,0.333,1.0,4.0,7.5,0.5,27.9,2.0,0.0,3.0,0.75,0.75,0.25,0.0,0.0,0.0,0.25,1.0,0.0,8.0,0.0,,0.0,1.0,0.111,0.111,0.0,1.0,0.0,0.0,0.0,0.0,0.0,,5.0,0.0,0.0,0.0,0.4,2.0,0.4,5.0,2.0,0.556,0.4,0.556,,,,,,,,,,,,,,1.0,0.667,1.0,1.0,2.0,0.833,0.5,3.0,0.111,2.0,1.0,0.333,0.222,1.0,0.0,2.0,1.0,,0.0,1.0,1.0,3.0,0.5,2.0,1.0,0.0,0.5,0.0,0.0,0.0,0.0,0.5,0.0,3.0,0.0,0.0,0.0,0.0,1.0,0.0,0.0,2.0,0.0,0.0,0.5,0.5,1.0,6.0,0.0,2.0,0.0,1.0,0.0,0.0,,,,,,,0.0,0.0,,0.0,,,0.0,,1.0,0.0,0.0,0.5,0.0,0.0,3.0,1.0,0.0,0.0,0.0,2.0,0.0,0.0,,,0.0,6.0,0.5,0.75,2.0,0.5,2.0,1.0,1.0,2018,21700341,,2.0,9.0,0.222,0.437,-0.215,1.0,5.0,0.2,0.382,1.0,4.0,0.25,0.482,1.0,3.0,0.333,0.524,1.0,6.0,0.167,0.392,,,,,,,,,,,,,,,20171204.0,2017-18,False,PHI,9.0,4.0,5.0,1.0,0.0,0.0,0.0,0.0,0.0,0.0,0.0,0.0,0.0,0.0,0.0,0.0,0.0,0.0,0.0,0.0,0.0,,,,,,1.2,1.2,4.72,4.9,2.5,4.22,Elfrid,1.0,0.0,1.0,0.0,26.3,0.0,0.0,25.0,1.0,118.0,118.0,118.0,50.0,73.0,79.0,113.0,58.0,106.0,28.0,49.0,65.0,1.0,52.0,94.0,95.0,8.0,15.0,112.0,22.0,164.0,162.0,69.0,79.0,159.0,72.0,19.0,1.0,68.0,101.7,125.0,105.9,82.0,4.0,107.0,-7.4,28.0,135.0,144.0,168.0,44.0,131.0,73.0,104.0,82.0,159.0,9.0,171.0,135.0,98.5,115.0,79.0,144.0,138.0,32.0,138.0,156.0,131.0,98.0,148.0,112.0,29.0,11.0,,,1.0,,PHX,,-0.182,,-0.232,1.0,,3.0,0.333,0.55,-0.217,-0.191,,,,,,,,,,,,,,,,,,,,,,,,,,,,,,,,,,,,,,,,13063.0,97.0,,,,,,,,,,,,,,,1610612755.0,PHI,PHX,PHX,PHI,,,1.0,,-0.225,0.0,0.0,0.0,0.0,0.0,0.0,0.0,0.0,0.0,0.0,0.0,0.0,0.0,0.0
203901,Elfrid Payton,1610612753,ORL,24.0,39.78833333333333,3,11,0.273,0,5,0.0,0,0,0.0,2,3,5,6,4,2,1,1,3,1,6,2,80.93,1.5,0.16,0.273,19.0,80,0.16,6.0,102.5,97.11,28.6,0.068,0.194,0.057,0.273,0.047,101.2,99.57,95.2,98.8,19.0,3.7,0.027,63.0,0.095,68.0,0.095,12.0,0.0,6.0,0.0,14.0,0.0,2.0,0.0,0.0,2.0,0.2,0.1,7.0,10.0,1.0,0.0,0.7,0.0,0.5,0.0,0.0,1.0,0.0,0.077,0.0,5.13,4.76,78.0,1.0,0.0,0.0,23.0,6.7,0.0,5.0,8.9,1.0,0.5,0.455,0.333,2.0,7.0,4.3,0.417,15.8,2.0,1.0,4.0,0.429,0.429,0.2,1.0,0.0,0.0,0.4,1.0,0.0,12.0,1.0,0.0,0.0,0.0,0.091,0.0,0.0,1.0,0.091,0.0,,0.0,0.0,0.0,5.0,0.0,1.0,0.091,0.2,1.0,0.25,4.0,1.0,0.455,0.2,0.364,2.0,0.364,4.0,2.0,2.0,0.5,0.182,0.0,0.0,0.5,0.182,2.0,1.0,,0.0,0.0,0.0,1.0,0.0,0.0,1.0,0.0,0.0,0.0,0.091,0.091,0.0,0.0,0.0,0.0,0.0,1.0,2.0,0.0,0.0,0.0,0.0,0.0,0.0,0.273,0.0,0.0,0.0,1.0,0.0,0.0,2.0,0.0,0.333,0.0,0.0,0.0,0.0,3.0,2.0,0.0,1.0,0.667,0.0,3.0,3.0,0.0,1.0,0.0,0.0,0.0,0.0,,,,,,,1.0,3.0,,0.0,,,0.0,,0.0,3.0,0.333,0.667,0.0,0.0,2.0,0.0,0.0,0.0,0.0,2.0,0.0,0.0,,,0.0,3.0,0.0,0.0,4.0,0.0,4.0,0.0,0.0,2018,21700355,,10.0,12.0,0.833,0.449,0.385,3.0,3.0,1.0,0.376,7.0,9.0,0.778,0.5,4.0,5.0,0.8,0.535,4.0,5.0,0.8,0.384,,,,,,,,,,,,,,,20171206.0,2017-18,False,ATL,7.0,3.0,4.0,5.0,0.0,1.0,2.0,0.0,0.0,0.0,0.0,0.0,0.0,1.0,1.0,1.0,1.0,0.0,1.0,1.0,1.0,,,,,,1.6,1.4,4.52,4.84,3.0,4.22,Elfrid,1.0,1.0,0.0,1.0,26.0,0.0,0.0,23.0,1.0,1.0,1.0,1.0,6.0,94.0,53.0,161.0,116.0,37.0,116.0,93.0,102.0,93.0,24.0,78.0,54.0,13.0,6.0,12.0,24.0,135.0,145.0,85.0,122.0,74.0,64.0,17.0,2.0,77.0,97.11,134.0,98.8,83.0,3.0,68.0,3.7,36.0,125.0,113.0,174.0,57.0,72.0,94.0,169.0,83.0,144.0,11.0,174.0,79.0,102.5,55.0,53.0,113.0,86.0,57.0,86.0,116.0,72.0,166.0,139.0,162.0,54.0,6.0,,,1.0,,PHX,,0.624,,0.278,4.0,,5.0,0.8,0.573,0.227,0.265,,,,,,,,,,,,,,,,,,,,,,,,,,,,,,,,,,,,,,,,15649.0,,,,,,,,,,,,,,,,1610612737.0,ORL,ATL,ORL,ATL,,,1.0,,0.416,0.0,0.0,0.0,0.0,0.0,0.0,0.0,0.0,0.0,0.0,0.0,0.0,0.0,0.0
203901,Elfrid Payton,1610612753,ORL,24.0,31.016666666666666,3,10,0.3,2,3,0.667,3,4,0.75,0,0,0,6,1,1,0,0,2,2,11,-14,83.18,6.0,0.178,0.468,5.3,64,0.177,-19.4,96.9,99.82,31.6,0.0,0.316,0.0,0.4,0.0,96.8,100.16,116.2,116.9,5.3,-20.0,0.056,58.0,0.121,67.0,0.103,11.0,1.0,7.0,0.0,16.0,0.0,3.0,0.0,1.0,3.0,0.333,0.111,4.0,9.0,1.0,2.0,0.444,0.111,0.333,1.0,0.5,1.0,0.0,0.151,1.0,5.04,4.27,73.0,2.0,0.0,0.0,30.0,6.1,1.0,,,,,,,,,,,,,,,,,,,,,,,,,0.0,,0.0,2.0,0.2,0.2,1.0,2.0,0.0,0.5,0.5,1.0,0.5,,3.0,0.0,0.0,0.0,0.0,0.0,0.0,3.0,0.0,0.3,0.0,0.3,3.0,0.5,5.0,2.0,0.0,0.6,0.3,0.667,2.0,0.4,0.2,2.0,0.0,,,,,,,,,,,,,,0.0,0.0,0.0,0.0,,0.0,3.0,0.0,6.0,0.667,0.0,0.0,0.0,0.4,0.0,0.0,2.0,0.0,1.0,0.5,1.0,1.0,0.0,1.0,3.0,0.0,0.0,2.0,1.0,1.0,1.0,0.5,0.0,2.0,2.0,0.0,0.0,0.0,1.0,0.0,0.0,,,,,,,0.0,0.0,,0.0,0.0,0.0,0.0,,2.0,1.0,0.0,0.5,0.0,0.0,1.0,2.0,0.0,0.0,0.0,2.0,0.0,0.0,,0.0,3.0,2.0,1.0,1.0,3.0,0.667,3.0,2.0,2.0,2018,21700370,,10.0,17.0,0.588,0.452,0.136,1.0,4.0,0.25,0.362,9.0,13.0,0.692,0.492,7.0,10.0,0.7,0.532,3.0,6.0,0.5,0.394,,,,,,,,,,,,,,,20171208.0,2017-18,False,DEN,7.0,4.0,3.0,3.0,0.0,1.0,2.0,1.0,0.0,1.0,1.0,0.0,0.0,0.0,0.0,0.0,0.0,0.0,0.0,0.0,0.0,,,,,,1.3,1.1,4.67,4.73,2.4,4.61,Elfrid,1.0,0.0,1.0,0.0,22.0,0.0,0.0,21.0,1.0,83.0,83.0,83.0,50.0,74.0,47.0,122.0,18.0,55.0,10.0,32.0,26.0,58.0,80.0,145.0,150.0,8.0,60.0,26.0,47.0,1.0,65.0,49.0,58.0,156.0,63.0,14.0,1.0,60.0,99.82,80.0,116.9,48.0,3.0,80.0,-20.0,18.0,75.0,114.0,67.0,49.0,126.0,74.0,111.0,48.0,145.0,10.0,66.0,134.0,96.9,126.0,47.0,114.0,133.0,13.0,133.0,120.0,126.0,110.0,150.0,112.0,4.0,11.0,,,1.0,,PHX,,-0.112,,0.201,6.0,,9.0,0.667,0.58,0.087,0.168,,,,,,,,,,,,,,,,,,,,,,,,,,,,,,,,,,,,,,,,12645.0,,,,,,,,,,,,,,,,1610612743.0,ORL,DEN,ORL,DEN,,,1.0,,0.106,0.0,0.0,0.0,0.0,0.0,0.0,0.0,0.0,0.0,0.0,0.0,0.0,0.0,0.0
203901,Elfrid Payton,1610612756,PHX,24.0,24.016666666666666,5,9,0.556,1,4,0.25,0,0,0.0,0,1,1,3,1,0,0,0,4,1,11,-10,84.11,3.0,0.185,0.611,7.7,51,0.198,-18.0,100.0,100.93,23.1,0.045,0.176,0.024,0.611,0.0,107.5,95.97,125.5,122.0,7.7,-22.0,0.053,36.0,0.083,43.0,0.083,6.0,0.0,3.0,0.0,7.0,0.0,2.0,0.0,0.0,1.0,0.5,0.0,3.0,4.0,0.0,0.0,0.75,0.0,1.0,0.0,0.0,1.0,0.0,0.239,1.0,4.79,4.52,46.0,2.0,0.0,0.0,13.0,3.7,1.0,0.0,14.6,0.0,0.0,0.333,0.0,0.0,3.0,14.6,0.333,0.0,1.0,0.0,1.0,0.333,0.333,0.0,0.0,0.0,0.0,0.0,0.0,0.0,3.0,,,,,,,,,,,,,,0.0,4.0,0.0,1.0,0.111,0.5,2.0,0.667,3.0,2.0,0.444,0.5,0.333,0.0,0.111,1.0,1.0,1.0,1.0,0.0,,0.0,1.0,0.111,1.0,1.0,1.0,0.5,1.0,1.0,3.0,0.625,0.333,4.0,0.111,2.0,1.0,0.444,0.333,0.5,0.0,4.0,0.5,0.0,1.0,4.0,2.0,3.0,0.333,0.0,0.0,1.0,0.611,0.0,0.0,2.0,1.0,0.0,0.333,1.0,1.0,1.0,0.0,3.0,0.0,0.0,3.0,1.0,0.0,1.0,1.0,0.0,1.0,1.0,0.0,0.0,2.0,0.0,0.0,0.667,,,,,,,0.0,0.0,,1.0,0.0,0.0,0.0,,1.0,2.0,0.0,1.0,2.0,0.0,1.0,1.0,1.0,0.667,0.0,2.0,0.0,0.0,,0.0,3.0,1.0,0.5,0.75,2.0,0.5,2.0,1.0,1.0,2018,21700383,,3.0,11.0,0.273,0.434,-0.162,0.0,1.0,0.0,0.287,3.0,10.0,0.3,0.476,1.0,4.0,0.25,0.493,0.0,4.0,0.0,0.373,,,,,,,,,,,,,,,20171209.0,2017-18,False,SAS,3.0,3.0,0.0,2.0,0.0,0.0,0.0,0.0,1.0,1.0,0.0,1.0,0.0,0.0,0.0,0.0,0.0,0.0,0.0,0.0,0.0,,,,,,0.9,0.8,4.52,4.7,1.8,3.88,Elfrid,1.0,0.0,1.0,0.0,15.7,0.0,0.0,16.0,1.0,100.0,100.0,100.0,111.0,57.0,70.0,63.0,55.0,52.0,76.0,106.0,116.0,106.0,106.0,138.0,155.0,44.0,67.0,92.0,58.0,1.0,164.0,99.0,82.0,170.0,123.0,12.0,4.0,113.0,100.93,75.0,122.0,35.0,5.0,106.0,-22.0,60.0,77.0,129.0,89.0,111.0,163.0,57.0,77.0,35.0,162.0,9.0,88.0,152.0,100.0,168.0,70.0,129.0,168.0,57.0,168.0,107.0,163.0,67.0,174.0,137.0,15.0,11.0,,,,,PHX,,-0.287,,-0.176,1.0,,4.0,0.25,0.547,-0.297,-0.243,,,,,,,,,,,,,,,,,,,,,,,,,,,,,,,,,,,,,,,,9289.0,95.0,,,,,,,,,,,,,,,1610612759.0,PHX,SAS,PHX,SAS,,,1.0,,-0.373,0.0,0.0,0.0,0.0,0.0,0.0,0.0,0.0,0.0,0.0,0.0,0.0,0.0,0.0
203901,Elfrid Payton,1610612756,PHX,24.0,31.10333333333333,5,13,0.385,2,4,0.5,1,4,0.25,2,2,4,4,1,0,0,2,1,3,13,5,84.24,4.0,0.222,0.44,5.0,65,0.22,7.0,104.6,101.08,20.0,0.057,0.19,0.054,0.462,0.051,101.9,102.72,94.9,95.5,5.1,9.2,0.053,45.0,0.089,58.0,0.089,13.0,0.0,4.0,0.0,11.0,0.0,5.0,0.0,2.0,6.0,0.333,0.133,5.0,15.0,2.0,4.0,0.333,0.133,0.333,1.0,0.25,2.0,0.0,0.21,1.0,4.05,3.81,62.0,3.0,0.0,0.0,29.0,4.2,0.0,8.0,14.2,1.0,0.286,0.4,0.0,1.0,4.0,8.3,0.364,20.1,2.0,1.0,3.0,0.5,0.5,0.25,1.0,0.0,0.5,0.25,0.0,1.0,11.0,0.0,,0.0,5.0,0.385,0.385,1.0,5.0,0.0,0.2,0.2,1.0,0.2,,1.0,0.0,0.0,0.0,1.0,1.0,1.0,1.0,1.0,0.077,1.0,0.077,0.0,0.154,2.0,2.0,1.0,0.5,0.0,,0.0,0.5,0.154,1.0,0.5,0.0,0.4,2.0,1.0,4.0,0.6,0.5,5.0,0.077,2.0,0.0,0.385,0.308,0.0,0.0,0.0,0.0,,0.0,1.0,0.0,6.0,0.5,0.0,0.0,0.0,0.462,0.0,0.0,0.0,0.0,0.0,0.667,3.0,2.0,0.0,0.0,0.0,0.0,0.0,3.0,1.0,0.0,0.0,0.429,0.0,2.0,7.0,0.0,1.0,0.0,0.0,0.0,0.0,,,,,,,0.0,1.0,,0.0,0.0,0.0,2.0,,1.0,3.0,0.0,0.429,0.0,0.0,3.0,0.0,0.0,0.0,0.0,1.0,0.0,0.667,,0.0,0.0,7.0,0.0,0.75,4.0,0.5,4.0,2.0,2.0,2018,21700411,,0.0,7.0,0.0,0.458,-0.458,0.0,2.0,0.0,0.369,0.0,5.0,0.0,0.519,0.0,3.0,0.0,0.563,0.0,4.0,0.0,0.395,,,,,,,,,,,,,,,20171213.0,2017-18,False,TOR,5.0,3.0,2.0,1.0,0.0,1.0,2.0,3.0,0.0,3.0,1.0,0.0,0.0,0.0,0.0,0.0,0.0,0.0,0.0,0.0,0.0,,,,,,1.3,1.0,4.44,4.91,2.3,3.95,Elfrid,1.0,0.0,1.0,0.0,22.8,0.0,0.0,23.0,1.0,93.0,93.0,93.0,58.0,46.0,35.0,106.0,25.0,38.0,26.0,70.0,27.0,95.0,21.0,98.0,67.0,30.0,62.0,82.0,58.0,161.0,36.0,32.0,55.0,51.0,71.0,20.0,2.0,69.0,101.08,61.0,95.5,52.0,5.0,56.0,9.2,52.0,53.0,87.0,81.0,32.0,48.0,46.0,111.0,52.0,136.0,13.0,80.0,67.0,104.6,41.0,35.0,87.0,57.0,48.0,57.0,95.0,48.0,96.0,117.0,120.0,7.0,13.0,,,1.0,,PHX,,-0.369,,-0.519,0.0,,3.0,0.0,0.61,-0.61,-0.563,,,,,,,,,,,,,,,,,,,,,,,,,,,,,,,,,,,,,,,,12276.0,98.0,,,,,,,,,,,,,,,1610612761.0,PHX,TOR,PHX,TOR,,,1.0,,-0.395,0.0,0.0,0.0,0.0,0.0,0.0,0.0,0.0,0.0,0.0,0.0,0.0,0.0,0.0
203901,Elfrid Payton,1610612753,ORL,24.0,27.55,3,6,0.5,0,0,0.0,0,0,0.0,0,4,4,3,3,1,0,1,2,1,6,0,83.48,1.0,0.141,0.5,25.0,58,0.146,1.4,103.4,100.18,25.0,0.148,0.158,0.074,0.5,0.0,104.0,101.26,102.5,105.3,25.0,-1.8,0.057,47.0,0.064,50.0,0.064,10.0,0.0,3.0,0.0,8.0,0.222,0.0,2.0,0.0,2.0,0.0,0.0,5.0,9.0,0.0,0.0,0.556,0.0,0.0,0.0,0.0,0.0,0.0,0.107,1.0,4.2,3.89,56.0,1.0,0.0,0.0,19.0,3.9,0.0,2.0,10.7,1.0,0.0,0.667,0.25,0.0,4.0,10.7,0.667,0.0,3.0,0.0,3.0,1.0,1.0,0.25,0.0,0.0,0.0,0.0,1.0,0.0,6.0,0.0,,0.0,3.0,0.5,0.5,2.0,3.0,0.0,0.667,0.667,2.0,0.667,,1.0,0.0,0.0,0.0,0.0,0.0,0.0,1.0,0.0,0.167,0.0,0.167,0.0,0.333,2.0,2.0,1.0,0.5,0.0,,0.0,0.5,0.333,1.0,0.5,,,,,,,,,,,,,,0.5,,2.0,0.5,,,2.0,1.0,0.0,0.0,0.0,0.0,0.0,0.5,0.0,0.0,0.0,0.0,0.0,0.0,2.0,0.0,0.0,0.0,2.0,0.0,0.0,0.0,0.0,0.0,0.0,0.667,0.0,1.0,3.0,0.0,0.0,1.0,0.0,0.0,0.5,,,,,,,0.0,1.0,,0.0,,,0.0,,0.0,0.0,0.0,0.667,1.0,0.0,2.0,0.0,0.0,1.0,0.0,1.0,0.0,0.0,,,1.0,3.0,0.0,,0.0,,,,0.0,2018,21700420,,6.0,9.0,0.667,0.436,0.231,3.0,4.0,0.75,0.366,3.0,5.0,0.6,0.498,3.0,3.0,1.0,0.524,3.0,5.0,0.6,0.368,,,,,,,,,,,,,,,20171215.0,2017-18,False,POR,5.0,3.0,2.0,2.0,0.0,0.0,0.0,0.0,1.0,1.0,0.0,1.0,0.0,2.0,2.0,2.0,1.0,0.0,1.0,1.0,0.5,,,,,,1.0,1.0,4.38,4.77,2.0,4.05,Elfrid,1.0,0.0,1.0,0.0,15.3,0.0,0.0,15.0,1.0,117.0,117.0,117.0,88.0,108.0,132.0,72.0,112.0,171.0,112.0,115.0,126.0,115.0,121.0,67.0,89.0,55.0,19.0,49.0,73.0,152.0,109.0,100.0,140.0,104.0,137.0,17.0,3.0,137.0,100.18,163.0,105.3,101.0,3.0,121.0,-1.8,35.0,163.0,94.0,203.0,90.0,133.0,108.0,123.0,101.0,86.0,6.0,203.0,99.0,103.4,117.0,132.0,94.0,124.0,80.0,124.0,91.0,133.0,96.0,124.0,155.0,68.0,6.0,,,1.0,,PHX,,0.384,,0.102,3.0,,3.0,1.0,0.541,0.459,0.476,,,,,,,,,,,,,,,,,,,,,,,,,,,,,,,,,,,,,,,,10799.0,,,,,,,,,,,,,,,,1610612757.0,ORL,POR,ORL,POR,,,1.0,,0.232,0.0,0.0,0.0,0.0,0.0,0.0,0.0,0.0,0.0,0.0,0.0,0.0,0.0,0.0
203901,Elfrid Payton,1610612753,ORL,24.0,31.438333333333333,6,7,0.857,2,3,0.667,1,2,0.5,0,0,0,7,3,0,0,0,4,3,15,-4,87.15,2.33,0.149,0.952,16.7,68,0.149,-3.4,126.5,104.59,38.9,0.0,0.259,0.0,1.0,0.0,124.9,106.11,128.3,130.4,16.8,-4.0,0.074,51.0,0.137,61.0,0.137,14.0,0.0,7.0,0.0,19.0,0.222,5.0,2.0,1.0,2.0,0.556,0.0,4.0,9.0,0.0,2.0,0.444,0.111,1.0,1.0,0.5,2.0,0.0,0.231,1.0,4.28,3.74,65.0,0.0,0.0,0.0,22.0,4.6,0.0,,,,,,,,,,,,,,,,,,,,,,,,,,,,,,,,,,,,,,,4.0,0.0,0.0,0.0,1.0,4.0,1.0,4.0,4.0,0.571,1.0,0.571,,,,,,,,,,,,,,,0.667,2.0,0.0,3.0,1.0,0.667,3.0,0.0,2.0,0.0,0.429,0.429,,0.0,0.0,,,0.0,0.0,0.0,6.0,0.667,0.0,0.0,0.0,1.0,0.0,0.0,0.0,0.0,0.5,1.0,4.0,1.0,0.0,0.0,0.0,1.0,0.0,1.0,2.0,0.0,0.0,1.0,0.5,0.0,4.0,0.0,2.0,0.0,1.0,0.0,0.0,,,,,,,0.0,0.0,0.0,0.0,0.0,0.0,1.0,0.0,0.0,1.0,0.0,1.0,0.0,0.0,4.0,1.0,0.0,0.0,0.0,2.0,0.0,1.0,0.0,0.0,0.0,4.0,0.5,1.0,3.0,0.667,3.0,2.0,2.0,2018,21700438,,6.0,9.0,0.667,0.468,0.199,5.0,6.0,0.833,0.41,1.0,3.0,0.333,0.506,1.0,1.0,1.0,0.549,5.0,7.0,0.714,0.408,,,,,,,,,,,,,,,20171217.0,2017-18,False,DET,10.0,4.0,6.0,1.0,0.0,2.0,4.0,1.0,0.0,1.0,1.0,0.0,0.0,0.0,0.0,0.0,0.0,0.0,0.0,0.0,0.0,,,,,,1.2,1.2,4.59,4.88,2.4,4.34,Elfrid,1.0,0.0,1.0,0.0,22.5,0.0,0.0,24.0,1.0,41.0,41.0,41.0,16.0,15.0,42.0,4.0,17.0,29.0,10.0,30.0,21.0,28.0,37.0,73.0,74.0,3.0,4.0,41.0,29.0,1.0,73.0,16.0,21.0,54.0,33.0,5.0,2.0,29.0,104.59,53.0,130.4,6.0,6.0,37.0,-4.0,5.0,51.0,9.0,67.0,4.0,76.0,15.0,6.0,6.0,73.0,7.0,66.0,50.0,126.5,78.0,42.0,9.0,49.0,12.0,49.0,5.0,76.0,3.0,74.0,54.0,18.0,15.0,,,,,PHX,,0.423,,-0.172,1.0,,1.0,1.0,0.582,0.418,0.451,,,,,,,,,,,,,,,,,,,,,,,,,,,,,,,,,,,,,,,,12776.0,,,,,,,,,,,,,,,,1610612765.0,DET,ORL,ORL,DET,,,1.0,,0.306,0.0,0.0,0.0,0.0,0.0,0.0,0.0,0.0,0.0,0.0,0.0,0.0,0.0,0.0
203901,Elfrid Payton,1610612756,PHX,24.0,30.03333333333333,7,13,0.538,0,2,0.0,0,1,0.0,2,4,6,8,0,1,0,2,3,2,14,-18,79.91,0.0,0.197,0.521,0.0,60,0.202,-36.6,86.7,95.89,38.1,0.154,0.5,0.094,0.538,0.053,83.0,96.82,119.6,116.7,0.0,-30.0,0.144,60.0,0.133,60.0,0.133,17.0,0.0,8.0,0.0,17.0,0.0,10.0,0.0,0.0,9.0,0.714,0.143,3.0,14.0,2.0,0.0,0.214,0.0,0.556,0.0,0.0,5.0,1.0,0.184,1.0,4.43,3.51,76.0,5.0,0.0,0.0,33.0,5.6,0.4,6.0,6.2,2.0,0.333,0.5,0.0,0.0,7.0,7.3,0.462,4.0,4.0,1.0,4.0,0.667,0.571,0.333,0.0,1.0,1.0,0.333,0.0,2.0,13.0,0.0,,0.0,6.0,0.462,0.462,3.0,6.0,0.0,0.5,0.5,3.0,0.5,,3.0,0.0,0.0,0.0,1.0,3.0,1.0,3.0,3.0,0.231,1.0,0.231,0.0,0.154,2.0,2.0,1.0,0.5,0.0,,0.0,0.5,0.154,1.0,0.5,,0.0,0.0,0.0,2.0,0.0,0.0,2.0,0.0,0.0,0.0,0.154,0.154,0.0,0.0,0.0,0.0,,0.0,1.0,0.0,0.0,0.0,0.0,0.0,1.0,0.538,0.0,0.0,2.0,1.0,0.0,0.0,6.0,0.0,1.0,0.0,1.0,0.0,0.0,0.0,2.0,0.0,0.0,0.667,0.0,1.0,9.0,0.0,2.0,0.0,0.0,0.0,0.0,,,,,,,0.0,0.0,,0.0,,,0.0,,0.0,0.0,0.0,0.7,0.0,0.0,7.0,0.0,0.0,0.0,0.0,2.0,0.0,0.0,,,1.0,10.0,0.0,0.0,2.0,0.0,2.0,0.0,0.0,2018,21700465,,5.0,8.0,0.625,0.448,0.177,0.0,3.0,0.0,0.356,5.0,5.0,1.0,0.487,3.0,3.0,1.0,0.571,0.0,3.0,0.0,0.376,,,,,,,,,,,,,,,20171220.0,2017-18,False,LAC,6.0,4.0,2.0,4.0,0.0,0.0,0.0,2.0,1.0,3.0,0.667,0.333,1.0,0.0,1.0,1.0,1.0,1.0,0.0,1.0,1.0,,,,,,1.2,1.1,4.62,4.61,2.3,4.64,Elfrid,1.0,0.0,1.0,0.0,36.2,0.0,0.0,30.0,1.0,130.0,130.0,130.0,54.0,25.0,37.0,83.0,119.0,116.0,119.0,137.0,126.0,137.0,28.0,66.0,49.0,2.0,167.0,43.0,90.0,241.0,182.0,81.0,57.0,245.0,29.0,14.0,1.0,39.0,95.89,107.0,116.7,118.0,7.0,77.0,-30.0,23.0,109.0,225.0,1.0,108.0,197.0,25.0,124.0,118.0,102.0,13.0,1.0,235.0,86.7,210.0,37.0,225.0,225.0,3.0,225.0,231.0,197.0,111.0,117.0,68.0,136.0,14.0,,,1.0,,PHX,,-0.356,,0.513,3.0,,3.0,1.0,0.618,0.382,0.429,,,,,,,,,,,,,,,,,,,,,,,,,,,,,,,,,,,,,,,,11937.0,98.0,,,,,,,,,,,,,,,1610612746.0,LAC,PHX,PHX,LAC,,,1.0,,-0.376,0.0,0.0,0.0,0.0,0.0,0.0,1.0,1.0,0.0,0.0,0.0,0.0,0.0,0.0
203901,Elfrid Payton,1610612753,ORL,24.0,28.666666666666668,8,13,0.615,0,0,0.0,2,4,0.5,2,3,5,6,4,0,0,1,1,5,18,-9,85.81,1.5,0.25,0.61,16.7,62,0.26,-19.1,96.8,102.98,25.0,0.115,0.4,0.083,0.615,0.059,93.7,104.82,112.8,113.1,16.2,-16.3,0.162,47.0,0.17,57.0,0.128,13.0,1.0,8.0,1.0,14.0,0.056,11.0,1.0,1.0,9.0,0.611,0.056,5.0,18.0,1.0,2.0,0.278,0.056,0.556,0.0,0.0,5.0,0.0,0.273,1.0,5.14,4.86,66.0,2.0,0.0,2.0,22.0,5.7,1.0,4.0,7.0,2.0,0.667,0.556,0.0,0.0,6.0,7.0,0.5,7.0,3.0,1.0,3.0,0.5,0.5,0.4,1.0,0.0,1.0,0.5,0.0,2.0,10.0,0.0,,0.0,3.0,0.231,0.231,2.0,3.0,0.0,0.667,0.667,2.0,0.667,,6.0,0.0,0.0,0.0,0.667,4.0,0.667,6.0,4.0,0.462,0.667,0.462,0.0,0.308,4.0,4.0,2.0,0.5,0.0,,0.0,0.5,0.308,2.0,0.5,,,,,,,,,,,,,,0.8,,8.0,0.8,,,5.0,4.0,0.0,0.0,2.0,1.0,1.0,0.615,0.0,0.0,2.0,3.0,0.0,0.0,3.0,0.0,0.5,,3.0,0.0,0.0,0.0,0.0,,,0.75,0.0,6.0,4.0,0.0,0.0,2.0,0.0,0.0,0.667,,,,,,,1.0,3.0,0.0,3.0,,,0.0,0.0,4.0,0.0,0.333,0.75,1.0,0.0,3.0,0.0,0.75,0.5,0.0,0.0,0.0,0.0,0.0,,2.0,4.0,0.0,,0.0,,,,0.0,2018,21700472,,5.0,9.0,0.556,0.482,0.073,1.0,2.0,0.5,0.372,4.0,7.0,0.571,0.538,2.0,4.0,0.5,0.57,2.0,4.0,0.5,0.383,,,,,,,,,,,,,,,20171222.0,2017-18,False,NOP,7.0,6.0,1.0,1.0,0.0,0.0,0.0,2.0,0.0,2.0,1.0,0.0,0.0,1.0,1.0,1.0,0.0,0.0,1.0,1.0,0.0,,,,,,1.2,1.0,4.61,4.98,2.2,4.24,Elfrid,1.0,0.0,1.0,0.0,29.0,0.0,0.0,29.0,1.0,92.0,92.0,92.0,64.0,24.0,38.0,46.0,90.0,125.0,90.0,32.0,23.0,72.0,21.0,60.0,49.0,13.0,6.0,89.0,60.0,123.0,46.0,12.0,36.0,145.0,50.0,17.0,1.0,45.0,102.98,37.0,113.1,33.0,8.0,48.0,-16.3,38.0,37.0,150.0,153.0,29.0,98.0,24.0,67.0,33.0,94.0,13.0,152.0,146.0,96.8,98.0,38.0,150.0,137.0,11.0,137.0,151.0,98.0,57.0,82.0,34.0,41.0,18.0,,,1.0,,PHX,,0.129,,0.034,2.0,,4.0,0.5,0.608,-0.108,-0.07,,,,,,,,,,,,,,,,,,,,,,,,,,,,,,,,,,,,,,,,11840.0,,,,,,,,,,,,,,,,1610612740.0,ORL,NOP,ORL,NOP,,,1.0,,0.117,0.0,0.0,0.0,0.0,0.0,0.0,0.0,0.0,0.0,0.0,0.0,0.0,0.0,0.0
203901,Elfrid Payton,1610612756,PHX,24.0,35.56666666666667,11,16,0.688,0,0,0.0,8,8,1.0,0,5,5,10,3,4,1,0,3,7,30,-11,82.1,3.33,0.278,0.768,9.4,73,0.281,-17.9,112.3,98.52,31.3,0.167,0.455,0.078,0.688,0.0,106.3,102.62,124.1,127.4,9.2,-15.1,0.261,59.0,0.169,72.0,0.169,17.0,0.0,10.0,0.0,25.0,0.043,22.0,1.0,2.0,9.0,0.957,0.174,5.0,23.0,4.0,4.0,0.217,0.087,0.889,4.0,1.0,8.0,0.0,0.345,3.0,5.14,4.76,87.0,0.0,0.0,0.667,26.0,7.5,0.0,6.0,8.2,1.0,0.0,0.333,0.2,0.0,11.0,8.2,0.294,0.0,4.0,2.0,4.0,0.556,0.455,0.2,0.0,2.0,0.0,0.0,1.0,0.0,17.0,0.0,,0.0,4.0,0.25,0.25,3.0,4.0,0.0,0.75,0.75,3.0,0.75,,6.0,0.0,0.0,0.0,0.667,4.0,0.667,6.0,4.0,0.375,0.667,0.375,0.0,0.313,5.0,5.0,3.0,0.6,0.0,,0.0,0.6,0.313,3.0,0.6,1.0,1.0,0.0,1.0,0.0,1.0,,1.0,0.063,1.0,1.0,0.063,0.0,0.667,,8.0,0.667,,,6.0,4.0,0.0,0.0,2.0,1.0,0.0,0.688,0.0,0.0,0.0,3.0,0.0,0.0,6.0,0.0,0.5,0.0,3.0,0.0,0.0,0.0,0.0,0.0,0.0,0.857,0.0,6.0,7.0,0.0,0.0,2.0,0.0,0.0,0.667,,,,,,,1.0,2.0,,2.0,,,0.0,,4.0,0.0,0.5,0.875,1.0,0.0,7.0,0.0,0.5,0.5,0.0,0.0,0.0,0.0,,,2.0,8.0,0.0,,0.0,,,,0.0,2018,21700490,,9.0,14.0,0.643,0.465,0.178,3.0,6.0,0.5,0.359,6.0,8.0,0.75,0.524,5.0,6.0,0.833,0.58,3.0,6.0,0.5,0.369,,,,,,,,,,,,,,,20171223.0,2017-18,False,MIN,8.0,4.0,4.0,3.0,0.0,0.0,0.0,0.0,2.0,2.0,0.0,1.0,0.0,2.0,2.0,1.0,1.0,0.0,1.0,1.0,1.0,,,,,,1.4,1.1,4.41,4.95,2.6,3.58,Elfrid,1.0,0.0,1.0,0.0,63.0,1.0,0.0,55.0,1.0,136.0,136.0,136.0,26.0,7.0,27.0,35.0,138.0,199.0,138.0,4.0,7.0,1.0,138.0,42.0,71.0,5.0,17.0,3.0,26.0,1.0,194.0,4.0,7.0,239.0,1.0,1.0,3.0,2.0,98.52,35.0,127.4,98.0,11.0,138.0,-15.1,48.0,31.0,108.0,161.0,55.0,235.0,7.0,47.0,98.0,90.0,16.0,161.0,207.0,112.3,229.0,27.0,108.0,197.0,10.0,197.0,136.0,235.0,53.0,139.0,4.0,29.0,30.0,,,1.0,,PHX,,0.141,,0.226,4.0,,5.0,0.8,0.61,0.19,0.253,,,,,,,,,,,,,,,,,,,,,,,,,,,,,,,,,,,,,,,,13616.0,99.0,,,,,,,,,,,,,,,1610612750.0,PHX,MIN,PHX,MIN,,,1.0,,0.131,0.0,0.0,0.0,0.0,0.0,0.0,0.0,0.0,0.0,0.0,0.0,0.0,0.0,0.0
203901,Elfrid Payton,1610612756,PHX,24.0,33.63333333333333,9,18,0.5,0,0,0.0,1,3,0.333,3,5,8,6,2,1,0,1,3,2,19,-24,82.66,3.0,0.273,0.492,7.4,69,0.279,-35.9,82.6,99.19,22.2,0.128,0.429,0.107,0.5,0.083,83.5,97.13,119.4,115.7,7.3,-33.1,0.143,47.0,0.128,64.0,0.128,13.0,0.0,6.0,0.0,15.0,0.056,15.0,1.0,0.0,11.0,0.833,0.056,5.0,18.0,1.0,0.0,0.278,0.0,0.636,0.0,0.0,7.0,1.0,0.257,1.0,5.36,5.24,74.0,3.0,0.0,0.0,18.0,6.6,0.667,7.0,5.9,3.0,0.429,0.533,0.0,0.0,9.0,5.9,0.5,5.8,5.0,1.0,5.0,0.625,0.556,0.375,0.0,1.0,1.0,0.429,0.0,3.0,16.0,0.0,,0.0,6.0,0.333,0.333,2.0,6.0,0.0,0.333,0.333,2.0,0.333,,9.0,0.0,0.0,0.0,0.556,5.0,0.556,9.0,5.0,0.5,0.556,0.5,0.0,0.111,2.0,2.0,2.0,1.0,0.0,,0.0,1.0,0.111,2.0,1.0,0.0,0.0,0.0,1.0,0.0,0.0,,1.0,0.056,0.0,0.0,0.056,0.0,0.0,,0.0,0.0,,,3.0,0.0,0.0,0.0,0.0,0.0,0.333,0.5,0.0,0.0,2.0,3.0,0.0,0.0,6.0,0.0,0.333,0.0,2.0,0.0,0.0,0.0,0.0,0.0,0.0,0.857,0.0,9.0,7.0,0.0,0.0,0.0,0.0,0.0,0.0,,,,,,,3.0,8.0,,0.0,,,0.0,,0.0,0.0,0.375,0.75,0.0,0.0,6.0,0.0,0.0,0.0,0.0,0.0,0.0,0.0,,,2.0,8.0,0.0,,0.0,,,,0.0,2018,21700504,,5.0,20.0,0.25,0.459,-0.209,1.0,7.0,0.143,0.372,4.0,13.0,0.308,0.518,3.0,10.0,0.3,0.567,2.0,9.0,0.222,0.374,,,,,,,,,,,,,,,20171226.0,2017-18,False,MEM,6.0,2.0,4.0,2.0,0.0,0.0,0.0,0.0,0.0,0.0,0.0,0.0,1.0,3.0,4.0,1.0,0.0,0.25,0.75,0.5,0.0,,,,,,1.3,1.3,4.48,5.36,2.5,4.11,Elfrid,1.0,0.0,1.0,0.0,38.6,0.0,0.0,35.0,1.0,89.0,89.0,89.0,19.0,4.0,3.0,51.0,79.0,126.0,79.0,68.0,44.0,95.0,10.0,30.0,15.0,6.0,22.0,26.0,52.0,113.0,113.0,54.0,18.0,172.0,14.0,9.0,1.0,16.0,99.19,23.0,115.7,77.0,9.0,30.0,-33.1,44.0,22.0,154.0,96.0,98.0,133.0,4.0,105.0,77.0,81.0,18.0,96.0,156.0,82.6,143.0,3.0,154.0,157.0,8.0,157.0,156.0,133.0,70.0,58.0,56.0,17.0,19.0,,,1.0,,PHX,,-0.23,,-0.21,3.0,,10.0,0.3,0.594,-0.294,-0.267,,,,,,,,,,,,,,,,,,,,,,,,,,,,,,,,,,,,,,,,13448.0,96.0,,,,,,,,,,,,,,,1610612763.0,PHX,MEM,PHX,MEM,,,1.0,,-0.152,0.0,0.0,0.0,0.0,0.0,0.0,1.0,1.0,0.0,0.0,0.0,0.0,0.0,0.0
203901,Elfrid Payton,1610612753,ORL,24.0,39.06666666666667,6,12,0.5,1,2,0.5,6,6,1.0,1,7,8,8,2,1,0,3,0,5,19,5,82.42,4.0,0.189,0.649,8.0,80,0.188,6.0,105.0,98.91,32.0,0.179,0.32,0.104,0.542,0.026,104.1,99.06,98.1,97.5,8.1,7.5,0.19,66.0,0.121,78.0,0.121,19.0,0.0,8.0,0.0,20.0,0.0,8.0,0.0,1.0,8.0,0.471,0.059,6.0,17.0,1.0,2.0,0.353,0.059,0.375,2.0,1.0,3.0,0.0,0.216,2.0,5.78,5.44,88.0,1.0,0.0,0.0,26.0,8.5,2.0,4.0,10.7,2.0,0.25,0.615,0.286,1.0,9.0,9.7,0.615,17.6,5.0,0.0,6.0,0.778,0.778,0.25,0.0,0.0,0.0,0.25,2.0,0.0,13.0,0.0,,0.0,5.0,0.417,0.417,3.0,5.0,0.0,0.6,0.6,3.0,0.6,,5.0,0.0,0.0,0.0,0.4,2.0,0.4,5.0,2.0,0.417,0.4,0.417,1.0,0.083,1.0,0.0,0.0,1.5,0.083,1.0,1.0,1.0,0.0,1.0,,,0.0,0.0,0.0,1.0,0.0,0.0,1.0,0.0,0.0,0.0,0.083,0.083,0.0,0.0,0.0,0.0,,0.0,1.0,0.0,3.0,0.5,0.0,0.0,1.0,0.542,0.0,0.0,2.0,0.0,0.0,0.5,5.0,1.0,0.0,0.0,0.0,0.0,0.0,2.0,0.0,0.0,0.0,1.0,0.0,5.0,5.0,0.0,0.0,0.0,0.0,0.0,0.0,,,,,,,0.0,3.0,,0.0,0.0,0.0,1.0,,1.0,2.0,0.0,0.833,0.0,0.0,5.0,0.0,0.0,0.0,0.0,0.0,0.0,0.5,,0.0,0.0,6.0,0.0,0.75,2.0,0.5,2.0,1.0,1.0,2018,21700516,,7.0,23.0,0.304,0.456,-0.151,1.0,4.0,0.25,0.346,6.0,19.0,0.316,0.492,4.0,12.0,0.333,0.529,3.0,11.0,0.273,0.385,,,,,,,,,,,,,,,20171228.0,2017-18,False,DET,9.0,8.0,1.0,1.0,0.0,1.0,3.0,1.0,1.0,2.0,0.5,0.5,0.0,0.0,0.0,0.0,0.0,0.0,0.0,0.0,0.0,,,,,,1.6,1.3,4.31,4.87,2.8,4.05,Elfrid,1.0,1.0,0.0,1.0,41.6,0.0,0.0,38.0,1.0,1.0,1.0,1.0,8.0,22.0,26.0,27.0,27.0,40.0,10.0,11.0,13.0,1.0,24.0,8.0,11.0,3.0,21.0,17.0,30.0,100.0,1.0,8.0,17.0,24.0,11.0,8.0,1.0,11.0,98.91,44.0,97.5,55.0,6.0,40.0,7.5,15.0,39.0,46.0,47.0,54.0,34.0,22.0,28.0,55.0,28.0,12.0,47.0,34.0,105.0,36.0,26.0,46.0,34.0,6.0,34.0,55.0,34.0,39.0,33.0,9.0,4.0,19.0,,,1.0,,PHX,,-0.096,,-0.176,4.0,,11.0,0.364,0.568,-0.205,-0.196,,,,,,,,,,,,,,,,,,,,,,,,,,,,,,,,,,,,,,,,14921.0,,,,,,,,,,,,,,,,1610612765.0,ORL,DET,ORL,DET,,,1.0,,-0.113,0.0,0.0,0.0,0.0,0.0,0.0,0.0,0.0,0.0,0.0,0.0,0.0,0.0,0.0
203901,Elfrid Payton,1610612753,ORL,24.0,39.95,4,10,0.4,0,0,0.0,0,2,0.0,0,2,2,13,6,0,1,0,3,3,8,-7,76.1,2.17,0.198,0.368,20.0,76,0.201,-3.8,115.8,91.31,43.3,0.049,0.419,0.026,0.4,0.0,117.6,91.99,121.4,125.0,20.1,-9.2,0.037,64.0,0.219,79.0,0.203,21.0,0.0,14.0,1.0,33.0,0.133,4.0,2.0,1.0,8.0,0.267,0.0,4.0,15.0,0.0,2.0,0.267,0.067,0.25,0.0,0.0,2.0,0.0,0.096,2.0,5.16,4.55,83.0,0.0,0.0,1.0,32.0,7.1,0.0,5.0,12.4,0.0,0.0,0.2,0.0,0.0,5.0,12.4,0.2,0.0,2.0,0.0,2.0,0.4,0.4,0.0,0.0,0.0,0.0,0.0,0.0,0.0,10.0,0.0,,0.0,5.0,0.5,0.5,0.0,5.0,0.0,0.0,0.0,0.0,0.0,,5.0,0.0,0.0,0.0,0.8,4.0,0.8,5.0,4.0,0.5,0.8,0.5,,,,,,,,,,,,,,,,,,,,,,,,,,,0.0,,0.0,0.0,,,1.0,0.0,0.0,0.0,2.0,1.0,0.0,0.4,0.0,0.0,0.0,1.0,0.0,0.0,3.0,0.0,0.2,0.0,0.0,0.0,0.0,0.0,0.0,0.0,0.0,0.6,0.0,5.0,5.0,0.0,0.0,0.0,0.0,0.0,0.0,,,,,,,1.0,2.0,,0.0,,,0.0,,2.0,0.0,0.5,0.5,0.0,0.0,3.0,0.0,0.0,0.0,0.0,0.0,0.0,0.0,,,0.0,6.0,0.0,,0.0,,,,0.0,2018,21700531,,8.0,19.0,0.421,0.45,-0.029,2.0,6.0,0.333,0.385,6.0,13.0,0.462,0.49,4.0,10.0,0.4,0.546,2.0,7.0,0.286,0.382,,,,,,,,,,,,,,,20171230.0,2017-18,False,MIA,10.0,5.0,5.0,0.0,0.0,2.0,6.0,0.0,1.0,1.0,0.0,1.0,0.0,0.0,0.0,0.0,0.0,0.0,0.0,0.0,0.0,,,,,,1.5,1.4,4.37,4.84,2.9,3.96,Elfrid,1.0,0.0,1.0,0.0,26.9,0.0,0.0,25.0,1.0,79.0,79.0,79.0,4.0,51.0,50.0,78.0,65.0,105.0,65.0,72.0,41.0,72.0,62.0,82.0,90.0,1.0,1.0,66.0,16.0,1.0,112.0,19.0,71.0,123.0,49.0,11.0,1.0,49.0,91.31,61.0,125.0,132.0,4.0,62.0,-9.2,11.0,63.0,46.0,126.0,122.0,118.0,51.0,110.0,132.0,122.0,10.0,123.0,94.0,115.8,112.0,50.0,46.0,104.0,4.0,104.0,47.0,118.0,92.0,123.0,111.0,23.0,8.0,,,1.0,,PHX,,-0.051,,-0.028,2.0,,7.0,0.286,0.57,-0.284,-0.146,,,,,,,,,,,,,,,,,,,,,,,,,,,,,,,,,,,,,,,,15379.0,,,,,,,,,,,,,,,,1610612748.0,ORL,MIA,ORL,MIA,,,1.0,,-0.097,0.0,0.0,0.0,0.0,0.0,0.0,0.0,0.0,0.0,0.0,0.0,0.0,0.0,0.0
203901,Elfrid Payton,1610612753,ORL,24.0,32.035,7,15,0.467,1,3,0.333,2,3,0.667,1,3,4,7,3,2,1,1,2,2,17,0,82.41,2.33,0.217,0.521,12.0,66,0.229,-7.3,101.5,98.89,28.0,0.083,0.389,0.049,0.5,0.022,95.1,101.86,102.3,101.5,11.4,0.0,0.145,60.0,0.15,78.0,0.117,15.0,0.0,9.0,2.0,16.0,0.0,8.0,0.0,1.0,7.0,0.421,0.158,7.0,19.0,3.0,1.0,0.368,0.053,0.429,0.0,0.0,3.0,0.0,0.198,0.0,4.89,4.48,86.0,4.0,0.0,0.0,36.0,7.0,1.5,6.0,8.1,0.0,0.167,0.308,0.0,1.0,7.0,10.2,0.308,2.0,3.0,0.0,4.0,0.429,0.429,0.0,0.0,0.0,0.0,0.167,0.0,0.0,13.0,,,,,,,,,,,,,,,9.0,0.0,0.0,0.0,0.556,5.0,0.556,9.0,5.0,0.6,0.556,0.6,1.0,0.267,4.0,3.0,1.0,0.25,0.067,0.0,0.0,0.25,0.2,1.0,0.333,,0.5,1.0,0.0,2.0,0.75,0.5,2.0,0.0,1.0,0.0,0.133,0.133,1.0,0.0,6.0,1.0,,0.0,3.0,3.0,3.0,0.333,0.0,0.0,1.0,0.5,0.0,0.0,6.0,3.0,0.0,0.333,1.0,1.0,0.429,0.0,2.0,0.0,0.0,3.0,0.0,0.0,0.0,0.333,0.0,7.0,3.0,0.0,0.0,2.0,0.0,0.0,1.0,,,,,,,2.0,4.0,0.0,2.0,,,0.0,0.0,3.0,2.0,0.5,0.25,1.0,0.0,1.0,1.0,0.667,1.0,0.0,1.0,0.0,0.0,0.0,,1.0,4.0,1.0,0.5,3.0,0.333,3.0,1.0,1.0,2018,21700545,,3.0,8.0,0.375,0.439,-0.064,2.0,2.0,1.0,0.374,1.0,6.0,0.167,0.477,1.0,4.0,0.25,0.518,2.0,3.0,0.667,0.357,,,,,,,,,,,,,,,20180101.0,2017-18,False,BKN,8.0,6.0,2.0,3.0,0.0,1.0,3.0,2.0,3.0,5.0,0.4,0.6,0.0,0.0,0.0,0.0,0.0,0.0,0.0,0.0,0.0,,,,,,1.4,1.1,4.7,4.99,2.5,4.38,Elfrid,1.0,0.0,1.0,0.0,38.3,0.0,0.0,35.0,1.0,41.0,41.0,41.0,25.0,10.0,11.0,33.0,21.0,30.0,28.0,27.0,27.0,35.0,21.0,38.0,38.0,6.0,8.0,7.0,11.0,48.0,29.0,28.0,16.0,37.0,11.0,8.0,1.0,14.0,98.89,22.0,101.5,56.0,7.0,39.0,0.0,14.0,25.0,49.0,54.0,32.0,35.0,10.0,42.0,56.0,52.0,15.0,55.0,47.0,101.5,33.0,11.0,49.0,36.0,4.0,36.0,60.0,35.0,36.0,56.0,19.0,10.0,17.0,,,,,PHX,,0.626,,-0.311,1.0,,3.0,0.333,0.556,-0.222,-0.268,,,,,,,,,,,,,,,,,,,,,,,,,,,,,,,,,,,,,,,,12996.0,,,,,,,,,,,,,,,,1610612751.0,BKN,ORL,ORL,BKN,,,1.0,,0.309,0.0,0.0,0.0,0.0,0.0,0.0,0.0,0.0,0.0,0.0,0.0,0.0,0.0,0.0
203901,Elfrid Payton,1610612756,PHX,24.0,22.266666666666666,5,9,0.556,0,1,0.0,4,4,1.0,1,3,4,4,5,5,0,0,3,2,14,-23,91.62,0.8,0.276,0.651,25.0,51,0.28,-46.6,66.7,109.94,20.0,0.111,0.667,0.068,0.556,0.031,66.3,109.68,112.9,111.8,25.3,-45.1,0.207,43.0,0.14,49.0,0.093,16.0,2.0,6.0,0.0,12.0,0.1,8.0,1.0,2.0,3.0,0.8,0.0,4.0,10.0,0.0,4.0,0.4,0.2,0.667,4.0,1.0,2.0,0.0,0.233,1.0,5.01,4.32,60.0,1.0,0.0,0.0,21.0,5.0,0.0,3.0,6.2,1.0,0.333,0.667,0.333,1.0,5.0,6.0,0.5,6.9,2.0,2.0,3.0,1.0,0.6,0.25,0.0,2.0,0.0,0.333,1.0,0.0,8.0,0.0,,0.0,1.0,0.111,0.111,0.0,1.0,0.0,0.0,0.0,0.0,0.0,,5.0,0.0,0.0,0.0,0.6,3.0,0.6,5.0,3.0,0.556,0.6,0.556,0.0,0.111,1.0,1.0,1.0,1.0,0.0,,0.0,1.0,0.111,1.0,1.0,1.0,0.5,0.0,1.0,1.0,0.5,0.0,2.0,0.111,1.0,1.0,0.222,0.111,1.0,0.0,4.0,1.0,,0.0,2.0,2.0,0.0,0.0,0.0,0.0,0.0,0.556,0.0,0.0,0.0,1.0,0.0,0.0,2.0,0.0,0.5,0.0,2.0,0.0,0.0,1.0,0.0,0.0,0.0,0.5,0.0,2.0,4.0,0.0,0.0,2.0,0.0,0.0,1.0,,,,,,,0.0,0.0,,0.0,0.0,0.0,0.0,,1.0,1.0,0.0,0.6,1.0,0.0,3.0,1.0,0.0,1.0,0.0,1.0,0.0,0.0,,0.0,1.0,5.0,1.0,0.0,1.0,0.0,1.0,0.0,0.0,2018,21700563,,4.0,6.0,0.667,0.452,0.215,1.0,3.0,0.333,0.353,3.0,3.0,1.0,0.562,3.0,3.0,1.0,0.587,1.0,3.0,0.333,0.351,,,,,,,,,,,,,,,20180103.0,2017-18,False,DEN,2.0,0.0,2.0,6.0,0.0,0.0,0.0,0.0,2.0,2.0,0.0,1.0,0.0,5.0,5.0,3.0,0.0,0.0,1.0,1.0,0.0,,,,,,1.0,0.8,4.59,5.61,1.7,4.17,Elfrid,1.0,0.0,1.0,0.0,34.8,0.0,0.0,32.0,1.0,133.0,133.0,133.0,138.0,73.0,97.0,82.0,119.0,144.0,119.0,27.0,36.0,1.0,50.0,92.0,95.0,40.0,4.0,1.0,67.0,1.0,192.0,71.0,72.0,258.0,38.0,18.0,1.0,45.0,109.94,40.0,111.8,28.0,5.0,102.0,-45.1,86.0,34.0,246.0,242.0,20.0,145.0,73.0,82.0,28.0,147.0,9.0,238.0,236.0,66.7,152.0,97.0,246.0,234.0,4.0,234.0,249.0,145.0,109.0,151.0,21.0,109.0,14.0,,,1.0,,PHX,,-0.02,,0.438,1.0,,1.0,1.0,0.573,0.427,0.413,,,,,,,,,,,,,,,,,,,,,,,,,,,,,,,,,,,,,,,,9153.0,104.0,,,,,,,,,,,,,,,1610612743.0,DEN,PHX,PHX,DEN,,,1.0,,-0.018,0.0,0.0,0.0,0.0,0.0,0.0,0.0,0.0,0.0,0.0,0.0,0.0,0.0,0.0
203901,Elfrid Payton,1610612753,ORL,24.0,26.916666666666668,8,13,0.615,1,2,0.5,3,4,0.75,3,4,7,5,3,0,0,0,4,3,20,1,94.37,1.67,0.237,0.678,13.0,64,0.24,-3.3,109.4,113.24,21.7,0.129,0.238,0.119,0.654,0.107,107.6,113.52,110.9,109.5,13.2,-0.1,0.162,41.0,0.146,53.0,0.122,11.0,0.0,6.0,1.0,13.0,0.1,4.0,1.0,0.0,4.0,0.4,0.0,4.0,10.0,0.0,0.0,0.4,0.0,0.5,0.0,0.0,2.0,1.0,0.313,2.0,4.75,4.61,64.0,5.0,0.0,0.0,22.0,5.1,0.8,8.0,4.5,0.0,0.375,0.583,0.0,3.0,5.0,4.3,0.583,4.7,4.0,0.0,7.0,0.8,0.8,0.0,0.0,0.0,0.0,0.375,0.0,0.0,12.0,0.0,,0.0,4.0,0.308,0.308,3.0,4.0,0.0,0.75,0.75,3.0,0.75,,5.0,0.0,0.0,0.0,0.6,3.0,0.6,5.0,3.0,0.385,0.6,0.385,0.0,0.077,1.0,1.0,0.0,0.0,0.0,,0.0,0.0,0.077,0.0,0.0,1.0,0.667,1.0,1.0,2.0,0.833,0.5,3.0,0.077,2.0,1.0,0.231,0.154,0.0,0.0,0.0,0.0,,0.0,1.0,0.0,3.0,0.5,0.0,0.0,0.667,0.654,0.0,0.0,4.0,0.0,1.0,0.0,7.0,0.0,0.0,1.0,1.0,0.0,0.0,1.0,1.0,1.0,1.0,0.875,0.0,2.0,8.0,0.0,0.0,0.0,1.0,0.0,0.0,,,,,,,0.0,1.0,,0.0,0.0,0.0,0.0,,0.0,0.0,0.0,0.778,0.0,0.0,7.0,1.0,0.0,0.0,0.0,2.0,0.0,0.0,,0.0,1.0,9.0,0.5,0.75,2.0,0.5,2.0,1.0,1.0,2018,21700582,,2.0,6.0,0.333,0.387,-0.054,1.0,3.0,0.333,0.328,1.0,3.0,0.333,0.448,1.0,3.0,0.333,0.481,1.0,3.0,0.333,0.35,,,,,,,,,,,,,,,20180106.0,2017-18,False,CLE,1.0,0.0,1.0,1.0,0.0,0.0,0.0,1.0,0.0,1.0,1.0,0.0,0.0,0.0,0.0,0.0,0.0,0.0,0.0,0.0,0.0,,,,,,1.2,1.0,4.7,5.45,2.1,4.42,Elfrid,1.0,0.0,1.0,0.0,32.9,0.0,0.0,33.0,1.0,82.0,82.0,82.0,67.0,8.0,31.0,35.0,50.0,70.0,25.0,29.0,30.0,61.0,9.0,47.0,26.0,16.0,21.0,78.0,65.0,1.0,136.0,33.0,15.0,71.0,24.0,13.0,1.0,19.0,113.24,44.0,109.5,6.0,8.0,18.0,-0.1,43.0,43.0,62.0,107.0,21.0,99.0,8.0,41.0,6.0,74.0,13.0,107.0,85.0,109.4,105.0,31.0,62.0,82.0,31.0,82.0,72.0,99.0,43.0,39.0,31.0,34.0,20.0,,,1.0,,PHX,,0.006,,-0.115,1.0,,3.0,0.333,0.503,-0.169,-0.148,,,,,,,,,,,,,,,,,,,,,,,,,,,,,,,,,,,,,,,,11149.0,,,,,,,,,,,,,,,,1610612739.0,ORL,CLE,ORL,CLE,,,1.0,,-0.017,0.0,0.0,0.0,0.0,0.0,0.0,1.0,1.0,0.0,0.0,0.0,0.0,0.0,0.0
203901,Elfrid Payton,1610612753,ORL,24.0,23.3,3,7,0.429,2,2,1.0,0,2,0.0,1,1,2,4,3,1,0,1,2,3,8,-24,74.68,1.33,0.212,0.508,20.0,43,0.211,-52.7,97.7,89.61,26.7,0.059,0.286,0.048,0.571,0.04,94.1,92.29,146.8,150.0,20.2,-52.3,0.033,39.0,0.103,47.0,0.103,8.0,0.0,4.0,0.0,10.0,0.0,2.0,0.0,1.0,3.0,0.25,0.0,4.0,8.0,0.0,2.0,0.5,0.125,0.333,0.0,0.0,1.0,0.0,0.154,1.0,4.6,4.75,52.0,1.0,0.0,0.0,16.0,4.0,0.0,4.0,8.0,0.0,0.333,0.5,0.0,1.0,1.0,5.1,0.4,11.0,1.0,1.0,2.0,1.0,1.0,0.0,1.0,0.0,0.0,0.25,0.0,0.0,5.0,0.0,,0.0,1.0,0.143,0.143,0.0,1.0,0.0,0.0,0.0,0.0,0.0,,2.0,0.0,0.0,0.0,0.5,1.0,0.5,2.0,1.0,0.286,0.5,0.286,1.0,0.286,2.0,1.0,0.0,0.75,0.143,1.0,1.0,0.5,0.143,1.0,0.0,0.0,0.5,1.0,1.0,1.0,0.75,1.0,2.0,0.143,1.0,0.0,0.286,0.143,0.5,1.0,3.0,0.75,1.0,1.0,2.0,1.0,3.0,1.0,0.0,0.0,0.0,0.571,0.0,0.0,0.0,0.0,0.0,1.0,1.0,2.0,0.0,0.0,1.0,0.0,0.0,2.0,0.0,0.0,0.0,0.333,0.0,1.0,3.0,0.0,0.0,0.0,0.0,0.0,0.0,,,,,,,0.0,1.0,0.0,0.0,0.0,0.0,2.0,0.0,0.0,2.0,0.0,0.333,0.0,0.0,1.0,0.0,0.0,0.0,0.0,0.0,0.0,1.0,0.0,0.0,1.0,3.0,0.0,1.5,1.0,1.0,1.0,1.0,1.0,2018,21700601,,9.0,15.0,0.6,0.447,0.153,2.0,5.0,0.4,0.353,7.0,10.0,0.7,0.484,3.0,5.0,0.6,0.56,3.0,6.0,0.5,0.354,,,,,,,,,,,,,,,20180109.0,2017-18,False,DAL,6.0,3.0,3.0,1.0,0.0,0.0,0.0,0.0,0.0,0.0,0.0,0.0,0.0,2.0,2.0,1.0,1.0,0.0,1.0,1.0,1.0,,,,,,0.9,0.7,4.15,4.69,1.6,3.62,Elfrid,1.0,0.0,1.0,0.0,16.4,0.0,0.0,18.0,1.0,43.0,43.0,43.0,40.0,40.0,44.0,42.0,9.0,38.0,1.0,45.0,25.0,45.0,21.0,60.0,54.0,8.0,6.0,14.0,28.0,55.0,42.0,15.0,40.0,83.0,50.0,8.0,1.0,44.0,89.61,30.0,150.0,85.0,3.0,29.0,-52.3,13.0,26.0,52.0,74.0,70.0,80.0,40.0,41.0,85.0,65.0,7.0,70.0,79.0,97.7,76.0,44.0,52.0,78.0,10.0,78.0,58.0,80.0,27.0,60.0,66.0,21.0,8.0,,,1.0,,PHX,,0.047,,0.216,2.0,,4.0,0.5,0.575,-0.075,0.04,,,,,,,,,,,,,,,,,,,,,,,,,,,,,,,,,,,,,,,,8440.0,,,,,,,,,,,,,,,,1610612742.0,DAL,ORL,ORL,DAL,,,1.0,,0.147,0.0,0.0,0.0,0.0,0.0,0.0,0.0,0.0,0.0,0.0,0.0,0.0,0.0,0.0
203901,Elfrid Payton,1610612753,ORL,24.0,21.216666666666665,3,8,0.375,0,2,0.0,0,0,0.0,0,1,1,7,2,0,0,0,1,0,6,-14,85.78,3.5,0.192,0.375,11.8,46,0.197,-32.0,97.8,102.94,41.2,0.059,0.438,0.023,0.375,0.0,98.6,102.71,130.6,131.1,11.8,-33.3,0.062,37.0,0.189,47.0,0.189,11.0,0.0,7.0,0.0,15.0,0.0,2.0,0.0,0.0,2.0,0.286,0.0,5.0,7.0,0.0,0.0,0.714,0.0,0.5,0.0,0.0,1.0,0.0,0.125,0.0,5.53,5.46,48.0,0.0,0.0,0.0,13.0,4.4,0.0,2.0,7.3,0.0,0.0,0.333,0.0,0.0,1.0,7.3,0.333,0.0,1.0,0.0,1.0,1.0,1.0,0.0,0.0,0.0,0.0,0.0,0.0,0.0,3.0,,,,,,,,,,,,,,,4.0,0.0,0.0,0.0,0.5,2.0,0.5,4.0,2.0,0.5,0.5,0.5,0.0,0.25,2.0,2.0,1.0,0.5,0.0,,0.0,0.5,0.25,1.0,0.5,,0.0,0.0,0.0,2.0,0.0,0.0,2.0,0.0,0.0,0.0,0.25,0.25,0.0,0.0,0.0,0.0,0.0,1.0,2.0,0.0,0.0,0.0,0.0,0.0,0.0,0.375,0.0,0.0,0.0,1.0,0.0,0.0,2.0,0.0,0.5,0.0,1.0,0.0,,1.0,1.0,0.0,1.0,0.667,0.0,2.0,3.0,,0.0,0.0,0.0,,0.0,,,,,,,1.0,2.0,,0.0,0.0,0.0,0.0,,0.0,1.0,0.5,0.667,0.0,,2.0,0.0,0.0,0.0,,1.0,,0.0,,0.0,1.0,3.0,0.0,0.0,1.0,0.0,1.0,0.0,0.0,2018,21700610,,4.0,11.0,0.364,0.478,-0.114,0.0,5.0,0.0,0.346,4.0,6.0,0.667,0.536,3.0,4.0,0.75,0.587,0.0,6.0,0.0,0.357,,,,,,,,,,,,,,,20180110.0,2017-18,False,MIL,7.0,3.0,4.0,0.0,0.0,0.0,0.0,0.0,0.0,0.0,0.0,0.0,0.0,0.0,0.0,0.0,0.0,0.0,0.0,0.0,0.0,,,,,,0.9,0.7,4.57,5.01,1.6,4.11,Elfrid,1.0,0.0,1.0,0.0,15.7,0.0,0.0,14.0,1.0,118.0,118.0,118.0,128.0,111.0,94.0,144.0,104.0,100.0,104.0,120.0,131.0,120.0,113.0,162.0,174.0,9.0,37.0,112.0,76.0,1.0,54.0,165.0,141.0,214.0,129.0,18.0,2.0,132.0,102.94,101.0,131.1,57.0,3.0,113.0,-33.3,10.0,98.0,160.0,146.0,67.0,221.0,111.0,168.0,57.0,180.0,8.0,145.0,206.0,97.8,221.0,94.0,160.0,209.0,8.0,209.0,154.0,221.0,156.0,204.0,149.0,15.0,6.0,,,,,PHX,,-0.346,,0.131,3.0,,4.0,0.75,0.622,0.128,0.163,,,,,,,,,,,,,,,,,,,,,,,,,,,,,,,,,,,,,,,,8410.0,,,,,,,,,,,,,,,,1610612749.0,MIL,ORL,ORL,MIL,,,1.0,,-0.357,0.0,0.0,0.0,0.0,0.0,0.0,0.0,0.0,0.0,0.0,0.0,0.0,0.0,0.0
203901,Elfrid Payton,1610612756,PHX,24.0,38.266666666666666,9,12,0.75,1,1,1.0,8,9,0.889,2,3,5,8,3,1,0,1,1,5,27,-2,84.67,2.67,0.207,0.846,11.1,81,0.209,0.2,122.2,101.6,29.6,0.086,0.32,0.072,0.792,0.059,123.9,101.28,123.8,124.7,11.1,-2.5,0.169,67.0,0.119,76.0,0.119,16.0,0.0,8.0,0.0,20.0,0.0,7.0,0.0,2.0,4.0,0.583,0.167,4.0,12.0,2.0,4.0,0.333,0.167,0.5,3.0,0.75,2.0,0.0,0.314,2.0,4.83,4.4,86.0,2.0,0.0,1.0,25.0,6.9,0.0,3.0,8.5,1.0,0.667,0.714,0.0,1.0,5.0,9.5,0.625,7.1,3.0,1.0,4.0,0.75,0.6,0.2,0.0,1.0,0.5,0.667,0.0,1.0,8.0,0.0,,0.0,3.0,0.25,0.25,2.0,3.0,0.0,0.667,0.667,2.0,0.667,,5.0,0.0,0.0,0.0,0.6,3.0,0.6,5.0,3.0,0.417,0.6,0.417,0.0,0.25,3.0,3.0,3.0,1.0,0.0,,0.0,1.0,0.25,3.0,1.0,,1.0,1.0,0.0,1.0,1.5,1.0,1.0,0.0,1.0,0.0,0.083,0.083,,0.0,0.0,,,0.0,0.0,0.0,3.0,1.0,2.0,0.0,0.0,0.792,0.0,0.0,0.0,2.0,1.0,0.0,6.0,0.0,0.667,0.0,0.0,1.0,0.0,0.0,1.0,0.0,0.0,0.75,1.0,3.0,8.0,0.0,1.0,0.0,1.0,0.0,0.0,,,,,,,1.0,1.0,,0.0,0.0,0.0,0.0,,0.0,0.0,1.0,0.7,0.0,0.0,7.0,1.0,0.0,0.0,0.0,1.0,0.0,0.0,,0.0,0.0,10.0,1.0,1.5,1.0,1.0,1.0,1.0,1.0,2018,21700626,,10.0,16.0,0.625,0.465,0.16,1.0,1.0,1.0,0.351,9.0,15.0,0.6,0.493,7.0,8.0,0.875,0.565,3.0,5.0,0.6,0.373,,,,,,,,,,,,,,,20180112.0,2017-18,False,HOU,10.0,9.0,1.0,4.0,0.0,2.0,5.0,0.0,0.0,0.0,0.0,0.0,1.0,2.0,3.0,0.0,0.0,0.333,0.667,0.0,0.0,,,,,,1.5,1.2,4.24,5.05,2.7,3.54,Elfrid,1.0,0.0,1.0,0.0,45.0,0.0,0.0,43.0,1.0,85.0,85.0,85.0,11.0,10.0,40.0,14.0,54.0,102.0,1.0,3.0,4.0,44.0,23.0,68.0,52.0,7.0,10.0,42.0,60.0,113.0,27.0,15.0,6.0,89.0,15.0,18.0,1.0,14.0,101.6,63.0,124.7,36.0,9.0,48.0,-2.5,29.0,62.0,31.0,99.0,41.0,148.0,10.0,13.0,36.0,111.0,12.0,91.0,74.0,122.2,142.0,40.0,31.0,89.0,15.0,89.0,26.0,148.0,19.0,92.0,26.0,19.0,27.0,,,1.0,,PHX,,0.649,,0.107,7.0,,8.0,0.875,0.601,0.274,0.31,,,,,,,,,,,,,,,,,,,,,,,,,,,,,,,,,,,,,,,,14241.0,99.0,,,,,,,,,,,,,,,1610612745.0,PHX,HOU,PHX,HOU,,,1.0,,0.227,0.0,0.0,0.0,0.0,0.0,0.0,0.0,0.0,0.0,0.0,0.0,0.0,0.0,0.0
203901,Elfrid Payton,1610612756,PHX,24.0,24.25,3,5,0.6,0,0,0.0,0,0,0.0,0,4,4,3,3,1,0,0,1,0,6,-7,81.65,1.0,0.138,0.6,27.3,50,0.14,-14.5,86.0,97.98,27.3,0.129,0.214,0.068,0.6,0.0,84.0,100.91,98.5,102.0,27.3,-16.0,0.097,47.0,0.064,50.0,0.064,11.0,0.0,3.0,0.0,6.0,0.0,2.0,0.0,0.0,1.0,0.222,0.0,7.0,9.0,0.0,0.0,0.778,0.0,1.0,0.0,0.0,1.0,0.0,0.105,1.0,4.93,4.47,57.0,2.0,0.0,0.0,16.0,4.7,1.0,1.0,7.6,1.0,0.0,0.571,0.25,0.0,7.0,7.6,0.5,0.0,3.0,1.0,3.0,0.667,0.571,0.25,0.0,1.0,0.0,0.0,1.0,0.0,8.0,0.0,,0.0,2.0,0.4,0.4,1.0,2.0,0.0,0.5,0.5,1.0,0.5,,3.0,0.0,0.0,0.0,0.667,2.0,0.667,3.0,2.0,0.6,0.667,0.6,,,,,,,,,,,,,,,,,,,,,,,,,,,,,0.0,,,,0.0,0.0,0.0,0.0,0.0,0.0,1.0,0.6,0.0,0.0,2.0,0.0,0.0,0.0,3.0,0.0,0.0,0.0,0.0,0.0,0.0,0.0,0.0,0.0,0.0,0.6,0.0,0.0,5.0,0.0,0.0,0.0,0.0,0.0,0.0,,,,,,,0.0,0.0,,0.0,0.0,0.0,0.0,,0.0,0.0,0.0,0.6,0.0,0.0,3.0,0.0,0.0,0.0,0.0,0.0,0.0,0.0,,0.0,0.0,5.0,0.0,,0.0,,,,0.0,2018,21700652,,4.0,9.0,0.444,0.463,-0.018,0.0,2.0,0.0,0.345,4.0,7.0,0.571,0.494,2.0,5.0,0.4,0.546,1.0,3.0,0.333,0.355,,,,,,,,,,,,,,,20180116.0,2017-18,False,POR,5.0,3.0,2.0,3.0,0.0,1.0,2.0,2.0,2.0,4.0,0.5,0.5,0.0,3.0,3.0,2.0,0.0,0.0,1.0,1.0,0.0,,,,,,1.0,0.8,4.47,5.09,1.8,3.89,Elfrid,1.0,1.0,0.0,1.0,15.3,0.0,0.0,15.0,1.0,1.0,1.0,1.0,41.0,39.0,52.0,11.0,44.0,59.0,44.0,39.0,40.0,39.0,37.0,25.0,35.0,22.0,8.0,17.0,28.0,1.0,14.0,49.0,48.0,62.0,48.0,7.0,1.0,47.0,97.98,54.0,102.0,40.0,3.0,37.0,-16.0,15.0,52.0,75.0,73.0,32.0,22.0,39.0,28.0,40.0,36.0,5.0,73.0,63.0,86.0,18.0,52.0,75.0,66.0,16.0,66.0,76.0,22.0,26.0,43.0,35.0,27.0,6.0,,,1.0,,PHX,,-0.345,,0.077,1.0,,3.0,0.333,0.603,-0.269,-0.146,,,,,,,,,,,,,,,,,,,,,,,,,,,,,,,,,,,,,,,,9397.0,95.0,,,,,,,,,,,,,,,1610612757.0,POR,PHX,PHX,POR,,,1.0,,-0.022,0.0,0.0,0.0,0.0,0.0,0.0,0.0,0.0,0.0,0.0,0.0,0.0,0.0,0.0
203901,Elfrid Payton,1610612753,ORL,24.0,30.466666666666665,9,17,0.529,1,1,1.0,0,0,0.0,2,2,4,8,3,2,1,1,1,1,19,8,85.34,2.67,0.278,0.559,10.7,65,0.279,7.8,104.6,102.41,28.6,0.057,0.444,0.061,0.559,0.065,100.4,104.39,92.6,92.3,10.7,12.3,0.198,52.0,0.154,65.0,0.154,16.0,0.0,8.0,0.0,17.0,0.0,6.0,0.0,0.0,8.0,0.429,0.071,5.0,14.0,1.0,0.0,0.357,0.0,0.375,0.0,0.0,3.0,0.0,0.253,1.0,5.1,4.44,75.0,2.0,0.0,2.0,21.0,6.4,2.0,6.0,11.5,0.0,0.333,0.4,0.0,2.0,6.0,7.3,0.333,15.7,2.0,2.0,4.0,0.5,0.333,0.0,0.0,2.0,0.0,0.333,0.0,0.0,12.0,0.0,,0.0,2.0,0.118,0.118,2.0,2.0,0.0,1.0,1.0,2.0,1.0,,11.0,0.0,0.0,0.0,0.364,4.0,0.364,11.0,4.0,0.647,0.364,0.647,0.0,0.176,3.0,3.0,2.0,0.667,0.0,,0.0,0.667,0.176,2.0,0.667,,1.0,1.0,0.0,1.0,1.5,1.0,1.0,0.0,1.0,0.0,0.059,0.059,0.5,0.0,2.0,0.5,,0.0,2.0,1.0,3.0,1.0,2.0,1.0,1.0,0.559,0.0,0.0,4.0,0.0,0.0,1.0,6.0,1.0,0.0,0.0,4.0,0.0,0.0,1.0,0.0,0.0,0.0,0.667,0.0,3.0,9.0,0.0,0.0,2.0,0.0,0.0,0.5,,,,,,,1.0,3.0,0.0,0.0,0.0,0.0,1.0,0.0,1.0,1.0,0.333,0.667,1.0,0.0,6.0,0.0,0.0,0.333,0.0,0.0,0.0,1.0,0.0,0.0,3.0,9.0,0.0,1.5,1.0,1.0,1.0,1.0,1.0,2018,21700664,,4.0,9.0,0.444,0.434,0.01,1.0,4.0,0.25,0.293,3.0,5.0,0.6,0.524,2.0,4.0,0.5,0.609,2.0,5.0,0.4,0.342,,,,,,,,,,,,,,,20180118.0,2017-18,False,CLE,7.0,3.0,4.0,5.0,0.0,2.0,4.0,1.0,1.0,2.0,0.5,0.5,0.0,0.0,0.0,0.0,0.0,0.0,0.0,0.0,0.0,,,,,,1.2,1.1,4.54,4.84,2.3,4.25,Elfrid,1.0,0.0,1.0,0.0,41.8,0.0,0.0,38.0,1.0,39.0,39.0,39.0,31.0,4.0,8.0,20.0,19.0,43.0,1.0,40.0,45.0,40.0,8.0,42.0,31.0,2.0,6.0,5.0,10.0,49.0,20.0,32.0,10.0,13.0,9.0,7.0,1.0,9.0,102.41,11.0,92.3,16.0,9.0,18.0,12.3,12.0,12.0,30.0,44.0,14.0,23.0,4.0,31.0,16.0,61.0,17.0,43.0,29.0,104.6,25.0,8.0,30.0,19.0,4.0,19.0,37.0,23.0,21.0,46.0,5.0,8.0,19.0,,,1.0,,PHX,,-0.043,,0.076,2.0,,4.0,0.5,0.656,-0.156,-0.109,,,,,,,,,,,,,,,,,,,,,,,,,,,,,,,,,,,,,,,,12391.0,,,,,,,,,,,,,,,,1610612739.0,CLE,ORL,ORL,CLE,,,1.0,,0.058,0.0,0.0,0.0,0.0,0.0,0.0,0.0,0.0,0.0,0.0,0.0,0.0,0.0,0.0
203901,Elfrid Payton,1610612753,ORL,24.0,34.55,9,16,0.563,0,1,0.0,4,6,0.667,2,4,6,2,1,1,0,2,1,5,22,6,78.15,2.0,0.253,0.59,4.5,68,0.255,7.4,110.3,93.78,9.1,0.114,0.087,0.087,0.563,0.059,107.2,96.64,99.8,103.0,4.6,7.3,0.156,48.0,0.063,59.0,0.042,6.0,0.0,3.0,1.0,5.0,0.0,8.0,0.0,1.0,7.0,0.667,0.0,3.0,12.0,0.0,2.0,0.25,0.083,0.429,2.0,1.0,3.0,0.0,0.306,3.0,6.49,5.78,72.0,3.0,0.0,0.667,25.0,7.8,0.667,4.0,9.6,2.0,0.5,0.6,0.25,1.0,8.0,8.6,0.5,11.7,3.0,2.0,4.0,0.667,0.5,0.333,0.0,2.0,0.5,0.5,1.0,1.0,12.0,0.0,,0.0,4.0,0.25,0.25,2.0,4.0,0.0,0.5,0.5,2.0,0.5,,7.0,0.0,0.0,0.0,0.571,4.0,0.571,7.0,4.0,0.438,0.571,0.438,1.0,0.313,5.0,4.0,3.0,0.6,0.063,0.0,0.0,0.6,0.25,3.0,0.75,,,,,,,,,,,,,,0.75,0.0,6.0,0.75,,0.0,4.0,3.0,0.0,0.0,2.0,1.0,1.0,0.563,0.0,0.0,2.0,2.0,0.0,0.0,6.0,0.0,0.667,0.0,2.0,0.0,0.0,1.0,0.0,0.0,0.0,0.6,0.0,3.0,10.0,0.0,0.0,1.0,0.0,0.0,0.5,,,,,,,2.0,3.0,0.0,0.0,0.0,0.0,0.0,0.0,0.0,1.0,0.667,0.6,1.0,0.0,6.0,0.0,0.0,1.0,0.0,1.0,0.0,0.0,0.0,0.0,1.0,10.0,0.0,0.0,1.0,0.0,1.0,0.0,0.0,2018,21700683,,7.0,15.0,0.467,0.466,0.001,3.0,7.0,0.429,0.395,4.0,8.0,0.5,0.505,3.0,6.0,0.5,0.523,3.0,7.0,0.429,0.411,,,,,,,,,,,,,,,20180121.0,2017-18,False,BOS,11.0,7.0,4.0,1.0,0.0,1.0,2.0,0.0,2.0,2.0,0.0,1.0,0.0,2.0,2.0,2.0,1.0,0.0,1.0,1.0,0.5,,,,,,1.3,1.1,4.19,4.25,2.4,4.11,Elfrid,1.0,1.0,0.0,1.0,34.2,0.0,0.0,32.0,1.0,1.0,1.0,1.0,11.0,4.0,7.0,26.0,45.0,53.0,45.0,6.0,3.0,28.0,11.0,19.0,20.0,31.0,24.0,13.0,31.0,80.0,25.0,5.0,4.0,17.0,9.0,6.0,1.0,10.0,93.78,22.0,103.0,65.0,9.0,24.0,7.3,54.0,20.0,31.0,43.0,36.0,41.0,4.0,37.0,65.0,41.0,16.0,43.0,26.0,110.3,36.0,7.0,31.0,29.0,50.0,29.0,42.0,41.0,39.0,37.0,16.0,14.0,22.0,,,1.0,,PHX,,0.034,,-0.005,3.0,,5.0,0.6,0.576,0.024,-0.023,,,,,,,,,,,,,,,,,,,,,,,,,,,,,,,,,,,,,,,,12802.0,,,,,,,,,,,,,,,,1610612738.0,BOS,ORL,ORL,BOS,,,1.0,,0.017,0.0,0.0,0.0,0.0,0.0,0.0,0.0,0.0,0.0,0.0,0.0,0.0,0.0,0.0
203901,Elfrid Payton,1610612753,ORL,24.0,33.583333333333336,9,14,0.643,1,1,1.0,2,3,0.667,2,5,7,7,3,3,0,2,2,4,21,4,79.21,2.33,0.231,0.685,12.0,67,0.233,3.1,113.4,95.05,28.0,0.147,0.35,0.106,0.679,0.063,110.6,96.96,107.5,109.1,11.8,4.3,0.192,54.0,0.148,63.0,0.13,14.0,0.0,8.0,1.0,15.0,0.071,0.0,1.0,0.0,3.0,0.0,0.143,8.0,14.0,2.0,0.0,0.571,0.0,0.0,0.0,0.0,0.0,0.0,0.276,3.0,5.2,4.91,76.0,5.0,0.0,1.333,24.0,6.6,1.2,5.0,5.7,1.0,0.4,0.538,0.0,1.0,8.0,6.4,0.538,4.0,5.0,0.0,6.0,0.625,0.625,0.143,0.0,0.0,0.5,0.4,0.0,1.0,13.0,0.0,,0.0,4.0,0.286,0.286,2.0,4.0,0.0,0.5,0.5,2.0,0.5,,7.0,0.0,0.0,0.0,0.714,5.0,0.714,7.0,5.0,0.5,0.714,0.5,1.0,0.214,3.0,2.0,1.0,0.833,0.071,1.0,1.0,0.667,0.143,2.0,0.5,,,,,,,,,,,,,,0.0,0.0,0.0,0.0,,0.0,1.0,0.0,3.0,1.0,4.0,0.667,0.6,0.679,0.0,0.0,6.0,1.0,0.0,1.0,7.0,1.0,1.0,0.0,1.0,0.0,0.0,1.0,0.0,0.0,0.0,0.636,0.0,1.0,11.0,0.0,0.0,0.0,0.0,0.0,0.0,,,,,,,1.0,1.0,0.0,0.0,0.0,0.0,0.0,0.0,0.0,0.0,1.0,0.636,0.0,0.0,7.0,1.0,0.0,0.0,0.0,1.0,0.0,0.0,0.0,0.0,1.0,11.0,1.0,1.5,1.0,1.0,1.0,1.0,1.0,2018,21700696,,11.0,20.0,0.55,0.43,0.12,4.0,8.0,0.5,0.385,7.0,12.0,0.583,0.46,5.0,10.0,0.5,0.508,5.0,9.0,0.556,0.393,,,,,,,,,,,,,,,20180123.0,2017-18,False,SAC,11.0,4.0,7.0,4.0,0.0,1.0,3.0,1.0,2.0,3.0,0.333,0.667,0.0,0.0,0.0,0.0,0.0,0.0,0.0,0.0,0.0,,,,,,1.3,1.2,4.31,5.04,2.4,4.02,Elfrid,1.0,0.0,1.0,0.0,45.9,0.0,0.0,42.0,1.0,55.0,55.0,55.0,17.0,7.0,15.0,26.0,29.0,56.0,1.0,26.0,26.0,40.0,12.0,19.0,19.0,3.0,7.0,3.0,27.0,102.0,57.0,7.0,12.0,24.0,8.0,9.0,1.0,9.0,95.05,30.0,109.1,85.0,9.0,24.0,4.3,22.0,29.0,44.0,73.0,66.0,46.0,7.0,32.0,85.0,42.0,14.0,73.0,42.0,113.4,43.0,15.0,44.0,38.0,10.0,38.0,50.0,46.0,29.0,39.0,15.0,21.0,21.0,,,1.0,,PHX,,0.115,,0.123,4.0,,7.0,0.571,0.571,0.001,-0.008,,,,,,,,,,,,,,,,,,,,,,,,,,,,,,,,,,,,,,,,12909.0,,,,,,,,,,,,,,,,1610612758.0,ORL,SAC,ORL,SAC,,,1.0,,0.162,0.0,0.0,0.0,0.0,0.0,0.0,0.0,0.0,0.0,0.0,0.0,0.0,0.0,0.0
203901,Elfrid Payton,1610612753,ORL,24.0,28.683333333333334,4,8,0.5,1,2,0.5,3,5,0.6,0,3,3,5,4,1,0,1,5,4,12,-13,80.19,1.25,0.209,0.588,21.1,56,0.212,-19.3,101.8,96.22,26.3,0.125,0.263,0.054,0.563,0.0,99.9,96.86,119.2,118.6,20.8,-16.9,0.056,40.0,0.125,53.0,0.125,10.0,0.0,5.0,0.0,11.0,0.071,7.0,1.0,2.0,4.0,0.5,0.0,6.0,14.0,0.0,4.0,0.429,0.143,0.5,3.0,0.75,2.0,0.0,0.207,1.0,6.03,5.79,58.0,0.0,0.0,2.0,17.0,5.8,0.0,4.0,8.9,0.0,0.0,0.3,0.0,0.0,6.0,8.9,0.3,0.0,3.0,0.0,3.0,0.5,0.5,0.0,0.0,0.0,0.0,0.0,0.0,0.0,10.0,0.0,,0.0,1.0,0.125,0.125,1.0,1.0,0.0,1.0,1.0,1.0,1.0,,5.0,0.0,0.0,0.0,0.4,2.0,0.4,5.0,2.0,0.625,0.4,0.625,1.0,0.125,1.0,0.0,0.0,1.5,0.125,1.0,1.0,1.0,0.0,1.0,,,0.0,0.0,0.0,1.0,0.0,0.0,1.0,0.0,0.0,0.0,0.125,0.125,,0.0,0.0,,,0.0,0.0,0.0,3.0,0.5,2.0,1.0,0.0,0.563,0.0,0.0,0.0,0.0,1.0,0.0,3.0,0.0,0.0,1.0,0.0,,0.0,1.0,1.0,1.0,1.0,0.6,,1.0,5.0,0.0,,0.0,1.0,0.0,0.0,,,,,,,0.0,1.0,,0.0,0.0,0.0,0.0,,0.0,1.0,0.0,0.6,0.0,0.0,3.0,1.0,0.0,0.0,0.0,1.0,0.0,0.0,,0.0,0.0,5.0,1.0,0.75,2.0,0.5,2.0,1.0,1.0,2018,21700725,,5.0,11.0,0.455,0.475,-0.02,0.0,2.0,0.0,0.334,5.0,9.0,0.556,0.516,2.0,5.0,0.4,0.575,3.0,6.0,0.5,0.405,,,,,,,,,,,,,,,20180127.0,2017-18,False,IND,6.0,4.0,2.0,1.0,0.0,0.0,0.0,0.0,1.0,1.0,0.0,1.0,1.0,0.0,1.0,0.0,0.0,1.0,0.0,0.0,0.0,,,,,,1.1,1.0,4.4,4.5,2.1,4.3,Elfrid,1.0,0.0,1.0,0.0,22.1,0.0,0.0,23.0,1.0,74.0,74.0,74.0,52.0,49.0,61.0,45.0,39.0,71.0,20.0,20.0,18.0,58.0,81.0,53.0,75.0,13.0,4.0,15.0,47.0,94.0,141.0,15.0,47.0,121.0,59.0,11.0,3.0,50.0,96.22,53.0,118.6,61.0,4.0,81.0,-16.9,32.0,50.0,96.0,132.0,69.0,100.0,49.0,59.0,61.0,67.0,8.0,132.0,103.0,101.8,100.0,61.0,96.0,103.0,26.0,103.0,103.0,100.0,54.0,100.0,97.0,40.0,12.0,,,1.0,,PHX,,-0.334,,0.04,2.0,,5.0,0.4,0.608,-0.208,-0.175,,,,,,,,,,,,,,,,,,,,,,,,,,,,,,,,,,,,,,,,11265.0,,,,,,,,,,,,,,,,1610612754.0,IND,ORL,ORL,IND,,,1.0,,0.096,0.0,0.0,0.0,0.0,0.0,0.0,0.0,0.0,0.0,0.0,0.0,0.0,0.0,0.0
203901,Elfrid Payton,1610612753,ORL,24.0,17.533333333333335,2,6,0.333,0,0,0.0,0,0,0.0,1,0,1,2,0,2,0,1,3,0,4,-1,79.85,0.0,0.154,0.333,0.0,35,0.154,-1.4,125.7,95.82,25.0,0.0,0.118,0.032,0.333,0.056,126.1,96.04,127.6,128.6,0.0,-2.9,0.017,31.0,0.161,34.0,0.065,7.0,1.0,5.0,2.0,7.0,0.0,2.0,0.0,0.0,4.0,0.2,0.1,5.0,10.0,1.0,0.0,0.5,0.0,0.25,0.0,0.0,1.0,0.0,0.108,0.0,5.3,5.11,37.0,1.0,0.0,0.0,8.0,3.3,0.0,3.0,18.0,1.0,0.333,0.333,0.0,0.0,0.0,0.0,0.333,18.0,0.0,0.0,0.0,0.0,0.0,1.0,0.0,0.0,1.0,0.333,0.0,1.0,3.0,0.0,,0.0,2.0,0.333,0.333,1.0,2.0,0.0,0.5,0.5,1.0,0.5,,3.0,0.0,0.0,0.0,0.333,1.0,0.333,3.0,1.0,0.5,0.333,0.5,,,,,,,,,,,,,,0.0,0.0,0.0,1.0,0.0,0.0,,1.0,0.167,0.0,0.0,0.167,0.0,0.0,,0.0,0.0,,,1.0,0.0,0.0,0.0,0.0,0.0,0.0,0.333,0.0,0.0,0.0,1.0,0.0,0.0,1.0,0.0,0.5,0.0,1.0,0.0,,0.0,0.0,0.0,0.0,0.333,0.0,2.0,3.0,,0.0,0.0,0.0,,0.0,,,,,,,1.0,1.0,,0.0,0.0,0.0,0.0,,0.0,0.0,1.0,0.25,0.0,0.0,1.0,0.0,0.0,0.0,0.0,1.0,0.0,0.0,,0.0,0.0,4.0,0.0,,0.0,,,,0.0,2018,21700748,,8.0,12.0,0.667,0.488,0.179,2.0,5.0,0.4,0.366,6.0,7.0,0.857,0.581,6.0,7.0,0.857,0.603,2.0,5.0,0.4,0.364,,,,,,,,,,,,,,,20180130.0,2017-18,False,HOU,7.0,2.0,5.0,5.0,0.0,0.0,0.0,1.0,0.0,1.0,1.0,0.0,0.0,0.0,0.0,0.0,0.0,0.0,0.0,0.0,0.0,,,,,,0.7,0.7,4.8,5.15,1.4,4.49,Elfrid,1.0,0.0,1.0,0.0,14.2,0.0,0.0,11.0,1.0,93.0,93.0,93.0,132.0,117.0,109.0,126.0,95.0,135.0,95.0,102.0,107.0,102.0,43.0,162.0,140.0,65.0,125.0,10.0,69.0,122.0,129.0,141.0,133.0,94.0,117.0,18.0,2.0,127.0,95.82,123.0,128.6,141.0,2.0,52.0,-2.9,45.0,119.0,16.0,1.0,136.0,169.0,117.0,151.0,141.0,162.0,6.0,1.0,99.0,125.7,166.0,109.0,16.0,99.0,87.0,99.0,17.0,169.0,142.0,148.0,159.0,99.0,4.0,,,1.0,,PHX,,0.034,,0.277,6.0,,7.0,0.857,0.623,0.235,0.255,,,,,,,,,,,,,,,,,,,,,,,,,,,,,,,,,,,,,,,,7273.0,,,,,,,,,,,,,,,,1610612745.0,HOU,ORL,ORL,HOU,,,1.0,,0.036,0.0,0.0,0.0,0.0,0.0,0.0,0.0,0.0,0.0,0.0,0.0,0.0,0.0,0.0
203901,Elfrid Payton,1610612756,PHX,24.0,24.316666666666663,6,10,0.6,0,0,0.0,3,7,0.429,0,7,7,6,3,4,1,1,4,4,15,16,88.01,2.0,0.281,0.573,13.6,54,0.29,23.3,125.9,105.61,27.3,0.292,0.353,0.156,0.6,0.0,124.8,104.34,101.5,98.1,13.6,27.8,0.184,41.0,0.195,48.0,0.146,13.0,2.0,8.0,0.0,19.0,0.091,5.0,1.0,1.0,4.0,0.455,0.0,5.0,11.0,0.0,2.0,0.455,0.091,0.5,1.0,0.5,2.0,0.0,0.246,0.0,5.89,5.79,61.0,2.0,0.0,0.0,12.0,6.0,0.0,2.0,6.6,1.0,0.0,0.636,0.143,0.0,9.0,6.6,0.636,0.0,6.0,0.0,6.0,0.778,0.778,0.143,0.0,0.0,0.0,0.0,1.0,0.0,11.0,0.0,,0.0,4.0,0.4,0.4,2.0,4.0,0.0,0.5,0.5,2.0,0.5,,4.0,0.0,0.0,0.0,0.75,3.0,0.75,4.0,3.0,0.4,0.75,0.4,0.0,0.1,1.0,1.0,1.0,1.0,0.0,,0.0,1.0,0.1,1.0,1.0,0.0,0.0,0.0,1.0,0.0,0.0,,1.0,0.1,0.0,0.0,0.1,0.0,0.0,,0.0,0.0,,,2.0,0.0,0.0,0.0,0.0,0.0,0.0,0.6,0.0,0.0,0.0,2.0,0.0,0.0,4.0,0.0,0.667,0.0,2.0,0.0,0.0,0.0,0.0,0.0,0.0,0.8,0.0,3.0,5.0,0.0,0.0,0.0,0.0,0.0,0.0,,,,,,,1.0,2.0,0.0,0.0,0.0,0.0,0.0,0.0,1.0,0.0,0.5,0.833,0.0,0.0,5.0,0.0,0.0,0.0,0.0,0.0,0.0,0.0,0.0,0.0,1.0,6.0,0.0,,0.0,,,,0.0,2018,21700760,,2.0,8.0,0.25,0.45,-0.2,0.0,2.0,0.0,0.276,2.0,6.0,0.333,0.506,2.0,6.0,0.333,0.577,0.0,2.0,0.0,0.295,,,,,,,,,,,,,,,20180131.0,2017-18,False,DAL,3.0,2.0,1.0,4.0,0.0,1.0,2.0,0.0,3.0,3.0,0.0,1.0,0.0,0.0,0.0,0.0,0.0,0.0,0.0,0.0,0.0,,,,,,1.0,0.9,4.7,5.19,1.9,4.25,Elfrid,1.0,1.0,0.0,1.0,44.4,0.0,0.0,38.0,1.0,1.0,1.0,1.0,77.0,22.0,47.0,41.0,86.0,127.0,86.0,29.0,11.0,90.0,77.0,11.0,22.0,7.0,12.0,2.0,13.0,131.0,153.0,18.0,31.0,19.0,6.0,11.0,3.0,8.0,105.61,22.0,98.1,29.0,6.0,77.0,27.8,26.0,21.0,35.0,125.0,40.0,69.0,22.0,82.0,29.0,12.0,10.0,125.0,36.0,125.9,74.0,47.0,35.0,29.0,13.0,29.0,36.0,69.0,62.0,25.0,23.0,30.0,15.0,,,1.0,,PHX,,-0.276,,-0.173,1.0,,3.0,0.333,0.653,-0.32,-0.243,,,,,,,,,,,,,,,,,,,,,,,,,,,,,,,,,,,,,,,,9827.0,94.0,,,,,,,,,,,,,,,1610612742.0,PHX,DAL,PHX,DAL,,,1.0,,-0.295,0.0,0.0,0.0,0.0,0.0,0.0,0.0,0.0,0.0,0.0,0.0,0.0,0.0,0.0
203901,Elfrid Payton,1610612753,ORL,24.0,23.55,7,15,0.467,0,4,0.0,0,0,0.0,1,3,4,4,3,3,2,0,0,1,14,-22,80.68,1.33,0.346,0.467,13.6,47,0.346,-45.5,93.6,96.82,18.2,0.143,0.4,0.093,0.467,0.045,91.7,97.88,137.3,137.5,13.6,-43.9,0.129,31.0,0.129,44.0,0.129,9.0,0.0,4.0,0.0,10.0,0.167,6.0,2.0,0.0,6.0,0.5,0.0,3.0,12.0,0.0,0.0,0.25,0.0,0.5,0.0,0.0,3.0,0.0,0.28,1.0,5.14,4.82,50.0,2.0,0.0,0.0,17.0,4.3,2.0,5.0,4.8,1.0,0.2,0.444,0.0,0.0,4.0,5.4,0.444,2.9,3.0,0.0,3.0,0.75,0.75,0.25,0.0,0.0,1.0,0.2,0.0,1.0,9.0,0.0,,0.0,2.0,0.133,0.133,1.0,2.0,0.0,0.5,0.5,1.0,0.5,0.0,8.0,0.0,1.0,0.067,0.625,5.0,0.714,7.0,5.0,0.533,0.625,0.467,1.0,0.133,2.0,1.0,1.0,0.5,0.067,0.0,0.0,0.5,0.067,1.0,1.0,0.0,0.0,0.0,1.0,2.0,0.0,0.0,3.0,0.067,0.0,0.0,0.2,0.133,0.0,0.0,0.0,0.0,0.0,2.0,3.0,0.0,0.0,0.0,0.0,0.0,1.0,0.467,0.0,0.0,4.0,1.0,0.0,0.0,6.0,0.0,0.5,0.0,1.0,0.0,0.0,3.0,1.0,0.0,1.0,0.75,0.0,2.0,8.0,0.0,0.0,0.0,0.0,0.0,0.0,,,,,,,1.0,2.0,,0.0,,,0.0,,0.0,3.0,0.5,0.75,0.0,0.0,6.0,0.0,0.0,0.0,0.0,1.0,0.0,0.0,,,1.0,8.0,0.0,0.0,2.0,0.0,2.0,0.0,0.0,2018,21700778,,4.0,10.0,0.4,0.436,-0.036,1.0,3.0,0.333,0.311,3.0,7.0,0.429,0.474,2.0,6.0,0.333,0.552,1.0,3.0,0.333,0.375,,,,,,,,,,,,,,,20180203.0,2017-18,False,WAS,7.0,6.0,1.0,3.0,0.0,0.0,0.0,0.0,2.0,2.0,0.0,1.0,0.0,0.0,0.0,0.0,0.0,0.0,0.0,0.0,0.0,,,,,,0.9,0.8,4.37,4.9,1.7,3.89,Elfrid,1.0,0.0,1.0,0.0,36.8,0.0,0.0,32.0,1.0,91.0,91.0,91.0,99.0,19.0,18.0,85.0,95.0,53.0,95.0,96.0,101.0,96.0,41.0,78.0,78.0,31.0,11.0,4.0,6.0,1.0,1.0,84.0,50.0,184.0,28.0,12.0,1.0,33.0,96.82,4.0,137.5,133.0,7.0,69.0,-43.9,76.0,3.0,149.0,130.0,127.0,176.0,19.0,127.0,133.0,76.0,15.0,128.0,176.0,93.6,180.0,18.0,149.0,174.0,11.0,174.0,148.0,176.0,108.0,75.0,54.0,55.0,14.0,,,1.0,,PHX,,0.022,,-0.045,0.0,,2.0,0.0,0.531,-0.531,-0.219,,,,,,,,,,,,,,,,,,,,,,,,,,,,,,,,,,,,,,,,8880.0,,,,,,,,,,,,,,,,1610612764.0,ORL,WAS,ORL,WAS,,,1.0,,-0.042,0.0,0.0,0.0,0.0,0.0,0.0,0.0,0.0,0.0,0.0,0.0,0.0,0.0,0.0
203901,Elfrid Payton,1610612753,ORL,24.0,25.161666666666665,3,8,0.375,0,1,0.0,4,4,1.0,1,1,2,7,1,1,0,0,3,4,10,-8,82.67,7.0,0.204,0.512,5.6,52,0.202,-6.0,109.6,99.2,38.9,0.04,0.412,0.04,0.375,0.04,111.2,101.83,117.2,125.0,5.6,-15.4,0.098,37.0,0.189,47.0,0.189,14.0,0.0,7.0,0.0,19.0,0.0,4.0,0.0,1.0,5.0,0.308,0.154,5.0,13.0,2.0,2.0,0.385,0.077,0.2,2.0,1.0,1.0,0.0,0.192,2.0,5.88,5.23,52.0,1.0,0.0,1.5,14.0,5.1,2.0,4.0,6.9,1.0,0.25,0.333,1.0,1.0,2.0,1.1,0.333,12.7,0.0,0.0,1.0,0.5,0.5,0.5,0.0,0.0,0.0,0.25,1.0,0.0,6.0,0.0,,0.0,1.0,0.125,0.125,0.0,1.0,0.0,0.0,0.0,0.0,0.0,,2.0,0.0,0.0,0.0,0.5,1.0,0.5,2.0,1.0,0.25,0.5,0.25,1.0,0.5,4.0,3.0,1.0,0.25,0.125,0.0,0.0,0.25,0.375,1.0,0.333,1.0,1.0,0.0,1.0,0.0,1.0,,1.0,0.125,1.0,1.0,0.125,0.0,1.0,0.0,4.0,1.0,,0.0,2.0,2.0,0.0,0.0,3.0,0.0,0.0,0.375,0.0,0.0,2.0,2.0,0.0,0.0,0.0,0.0,0.333,0.0,1.0,0.0,0.0,1.0,0.0,0.0,0.0,0.0,0.0,6.0,0.0,0.0,0.0,1.0,0.0,0.0,1.0,,,,,,,1.0,3.0,,1.0,0.0,0.0,0.0,,2.0,1.0,0.333,0.0,1.0,0.0,0.0,0.0,0.5,1.0,0.0,0.0,0.0,0.0,,0.0,1.0,1.0,0.0,0.0,1.0,0.0,1.0,0.0,0.0,2018,21700792,,4.0,4.0,1.0,0.487,0.513,1.0,1.0,1.0,0.371,3.0,3.0,1.0,0.518,2.0,2.0,1.0,0.567,1.0,1.0,1.0,0.367,,,,,,,,,,,,,,,20180205.0,2017-18,False,MIA,3.0,2.0,1.0,2.0,0.0,0.0,0.0,1.0,0.0,1.0,1.0,0.0,0.0,2.0,2.0,1.0,1.0,0.0,1.0,0.5,0.5,,,,,,0.9,0.9,4.53,4.5,1.9,4.12,Elfrid,1.0,1.0,0.0,1.0,24.9,0.0,0.0,21.0,1.0,1.0,1.0,1.0,69.0,79.0,67.0,103.0,77.0,86.0,77.0,12.0,21.0,1.0,28.0,98.0,84.0,5.0,50.0,23.0,38.0,1.0,113.0,10.0,73.0,123.0,46.0,10.0,1.0,64.0,99.2,72.0,125.0,61.0,3.0,50.0,-15.4,12.0,65.0,83.0,68.0,44.0,121.0,79.0,81.0,61.0,123.0,8.0,67.0,89.0,109.6,102.0,67.0,83.0,108.0,6.0,108.0,73.0,121.0,109.0,111.0,79.0,2.0,10.0,,,1.0,,PHX,,0.629,,0.482,2.0,,2.0,1.0,0.607,0.394,0.434,,,,,,,,,,,,,,,,,,,,,,,,,,,,,,,,,,,,,,,,9958.0,,,,,,,,,,,,,,,,1610612748.0,MIA,ORL,ORL,MIA,,,1.0,,0.633,0.0,0.0,0.0,0.0,0.0,0.0,0.0,0.0,0.0,0.0,0.0,0.0,0.0,0.0
203901,Elfrid Payton,1610612756,PHX,24.0,23.466666666666665,5,8,0.625,0,0,0.0,0,0,0.0,0,2,2,8,2,1,2,0,1,3,10,4,85.23,4.0,0.172,0.625,11.1,51,0.183,2.9,117.6,102.27,44.4,0.08,0.421,0.043,0.625,0.0,116.0,103.54,113.1,114.3,11.1,3.4,0.155,35.0,0.257,42.0,0.229,12.0,0.0,9.0,1.0,18.0,0.063,8.0,1.0,0.0,7.0,0.5,0.125,5.0,16.0,2.0,0.0,0.313,0.0,0.571,0.0,0.0,4.0,0.0,0.213,0.0,5.7,4.96,47.0,1.0,0.0,0.0,13.0,4.5,0.0,1.0,5.7,0.0,0.0,0.333,0.0,0.0,5.0,5.7,0.333,0.0,2.0,0.0,2.0,0.4,0.4,0.0,0.0,0.0,0.0,0.0,0.0,0.0,6.0,,,,,,,,,,,,,,,8.0,0.0,0.0,0.0,0.625,5.0,0.625,8.0,5.0,1.0,0.625,1.0,,,,,,,,,,,,,,,,,,,,,,,,,,,,,0.0,,,,0.0,0.0,0.0,0.0,0.0,0.0,0.0,0.625,0.0,0.0,0.0,2.0,0.0,0.0,3.0,0.0,0.5,0.0,0.0,0.0,0.0,0.0,0.0,0.0,0.0,0.75,0.0,4.0,4.0,0.0,0.0,0.0,0.0,0.0,0.0,,,,,,,2.0,4.0,,0.0,,,0.0,,0.0,0.0,0.5,0.75,0.0,0.0,3.0,0.0,0.0,0.0,0.0,0.0,0.0,0.0,,,0.0,4.0,0.0,,0.0,,,,0.0,2018,21700804,,4.0,14.0,0.286,0.423,-0.138,0.0,4.0,0.0,0.305,4.0,10.0,0.4,0.493,4.0,9.0,0.444,0.546,0.0,5.0,0.0,0.34,,,,,,,,,,,,,,,20180206.0,2017-18,False,LAL,6.0,4.0,2.0,3.0,0.0,0.0,0.0,0.0,0.0,0.0,0.0,0.0,0.0,0.0,0.0,0.0,0.0,0.0,0.0,0.0,0.0,,,,,,0.9,0.9,4.63,4.92,1.8,4.37,Elfrid,1.0,1.0,0.0,1.0,31.4,0.0,0.0,26.0,1.0,1.0,1.0,1.0,83.0,40.0,62.0,37.0,79.0,126.0,79.0,88.0,97.0,88.0,94.0,87.0,104.0,3.0,35.0,26.0,5.0,1.0,44.0,33.0,61.0,67.0,31.0,11.0,1.0,40.0,102.27,100.0,114.3,44.0,5.0,94.0,3.4,14.0,105.0,60.0,105.0,38.0,116.0,40.0,64.0,44.0,115.0,8.0,105.0,82.0,117.6,121.0,62.0,60.0,85.0,6.0,85.0,58.0,116.0,56.0,131.0,46.0,3.0,10.0,,,,,PHX,,-0.305,,-0.093,4.0,,8.0,0.5,0.561,-0.061,-0.102,,,,,,,,,,,,,,,,,,,,,,,,,,,,,,,,,,,,,,,,9593.0,98.0,,,,,,,,,,,,,,,1610612747.0,LAL,PHX,PHX,LAL,,,1.0,,-0.34,0.0,0.0,0.0,0.0,0.0,0.0,0.0,0.0,0.0,0.0,0.0,0.0,0.0,0.0
203901,Elfrid Payton,1610612756,PHX,24.0,35.266666666666666,8,13,0.615,0,0,0.0,3,3,1.0,0,6,6,9,3,0,0,2,4,2,19,-3,82.8,3.0,0.205,0.663,11.5,73,0.209,-5.3,127.4,99.36,34.6,0.207,0.29,0.102,0.615,0.0,122.8,102.51,128.1,131.5,11.4,-4.1,0.129,60.0,0.183,69.0,0.15,18.0,1.0,11.0,1.0,20.0,0.0,17.0,0.0,1.0,12.0,0.739,0.13,7.0,23.0,3.0,2.0,0.304,0.043,0.583,2.0,1.0,7.0,0.0,0.238,0.0,5.6,5.13,80.0,0.0,0.0,0.0,20.0,7.5,0.0,6.0,7.0,0.0,0.0,0.4,0.0,0.0,10.0,7.0,0.4,0.0,6.0,0.0,6.0,0.6,0.6,0.0,0.0,0.0,0.0,0.0,0.0,0.0,15.0,0.0,,0.0,6.0,0.462,0.462,4.0,6.0,0.0,0.667,0.667,4.0,0.667,,5.0,0.0,0.0,0.0,0.4,2.0,0.4,5.0,2.0,0.385,0.4,0.385,0.0,0.077,1.0,1.0,1.0,1.0,0.0,,0.0,1.0,0.077,1.0,1.0,1.0,1.0,0.0,1.0,0.0,1.0,,1.0,0.077,1.0,1.0,0.077,0.0,1.0,,4.0,1.0,,,2.0,2.0,0.0,0.0,0.0,0.0,0.0,0.615,0.0,0.0,0.0,1.0,0.0,0.0,6.0,0.0,1.0,0.0,1.0,0.0,0.0,0.0,0.0,0.0,0.0,0.545,0.0,1.0,11.0,0.0,0.0,1.0,0.0,0.0,1.0,,,,,,,0.0,0.0,,1.0,,,0.0,,1.0,0.0,0.0,0.545,1.0,0.0,6.0,0.0,1.0,1.0,0.0,0.0,0.0,0.0,,,1.0,11.0,0.0,,0.0,,,,0.0,2018,21700832,,7.0,14.0,0.5,0.446,0.054,2.0,5.0,0.4,0.365,5.0,9.0,0.556,0.502,5.0,9.0,0.556,0.54,2.0,5.0,0.4,0.362,,,,,,,,,,,,,,,20180210.0,2017-18,False,DEN,6.0,2.0,4.0,2.0,0.0,1.0,3.0,0.0,0.0,0.0,0.0,0.0,1.0,0.0,1.0,0.0,0.0,1.0,0.0,0.0,0.0,,,,,,1.3,1.3,4.45,5.01,2.6,3.99,Elfrid,1.0,0.0,1.0,0.0,36.7,0.0,0.0,34.0,1.0,73.0,73.0,73.0,28.0,18.0,31.0,41.0,74.0,103.0,74.0,21.0,35.0,1.0,77.0,21.0,32.0,6.0,13.0,72.0,48.0,131.0,126.0,37.0,30.0,88.0,28.0,14.0,2.0,29.0,99.36,62.0,131.5,88.0,8.0,77.0,-4.1,21.0,61.0,19.0,99.0,50.0,122.0,18.0,52.0,88.0,35.0,13.0,100.0,84.0,127.4,116.0,31.0,19.0,82.0,20.0,82.0,35.0,122.0,54.0,58.0,41.0,15.0,19.0,,,1.0,,PHX,,0.035,,0.053,4.0,,8.0,0.5,0.575,-0.075,0.015,,,,,,,,,,,,,,,,,,,,,,,,,,,,,,,,,,,,,,,,13865.0,100.0,,,,,,,,,,,,,,,1610612743.0,PHX,DEN,PHX,DEN,,,1.0,,0.038,0.0,0.0,0.0,0.0,0.0,0.0,0.0,0.0,0.0,0.0,0.0,0.0,0.0,0.0
203901,Elfrid Payton,1610612756,PHX,24.0,31.35,11,18,0.611,2,4,0.5,5,7,0.714,2,6,8,5,4,0,0,2,3,4,29,-22,84.85,1.25,0.309,0.688,13.3,66,0.313,-38.2,90.9,101.82,16.7,0.24,0.417,0.116,0.667,0.045,86.9,103.01,125.2,122.4,13.3,-31.5,0.2,66.0,0.076,74.0,0.076,13.0,0.0,5.0,1.0,9.0,0.0,13.0,0.0,2.0,7.0,0.565,0.043,13.0,23.0,1.0,4.0,0.565,0.087,0.714,3.0,0.75,5.0,1.0,0.309,1.0,5.39,4.77,94.0,1.0,2.0,0.0,33.0,8.4,0.0,7.0,10.2,2.0,0.286,0.615,0.167,1.0,8.0,9.2,0.533,13.4,5.0,2.0,6.0,1.0,0.75,0.25,0.0,2.0,0.5,0.286,1.0,1.0,15.0,0.0,,0.0,4.0,0.222,0.222,3.0,4.0,0.0,0.75,0.75,3.0,0.75,,6.0,0.0,0.0,0.0,0.667,4.0,0.667,6.0,4.0,0.333,0.667,0.333,4.0,0.389,7.0,3.0,2.0,0.714,0.222,0.5,2.0,0.571,0.167,4.0,0.667,0.0,0.0,0.0,1.0,0.0,0.0,,1.0,0.056,0.0,0.0,0.056,0.0,0.429,0.0,6.0,0.429,0.0,1.0,7.0,3.0,6.0,0.667,0.0,0.0,0.0,0.667,2.0,1.0,0.0,3.0,0.0,0.5,4.0,2.0,0.6,0.0,4.0,0.0,0.0,4.0,0.0,0.0,0.0,0.8,0.0,5.0,5.0,0.0,0.0,2.0,0.0,0.0,0.5,,,,,,,2.0,2.0,,1.0,0.0,0.0,2.0,,2.0,4.0,1.0,0.714,1.0,0.0,5.0,0.0,0.5,0.333,0.0,0.0,0.0,0.5,,0.0,3.0,7.0,0.0,1.0,3.0,0.667,3.0,2.0,2.0,2018,21700846,,5.0,11.0,0.455,0.486,-0.031,1.0,5.0,0.2,0.424,4.0,6.0,0.667,0.553,2.0,4.0,0.5,0.645,1.0,5.0,0.2,0.443,,,,,,,,,,,,,,,20180212.0,2017-18,False,GSW,5.0,1.0,4.0,1.0,0.0,0.0,0.0,2.0,0.0,2.0,1.0,0.0,0.0,1.0,1.0,0.0,0.0,0.0,1.0,0.0,0.0,,,,,,1.3,1.0,4.61,4.62,2.4,4.17,Elfrid,1.0,0.0,1.0,0.0,42.1,0.0,0.0,44.0,1.0,66.0,66.0,66.0,33.0,2.0,4.0,28.0,17.0,31.0,15.0,6.0,4.0,46.0,16.0,17.0,14.0,11.0,2.0,59.0,48.0,118.0,93.0,9.0,2.0,129.0,11.0,12.0,2.0,4.0,101.82,12.0,122.4,56.0,11.0,40.0,-31.5,55.0,12.0,103.0,95.0,50.0,114.0,2.0,34.0,56.0,19.0,18.0,93.0,116.0,90.9,119.0,4.0,103.0,116.0,5.0,116.0,108.0,114.0,31.0,37.0,13.0,38.0,29.0,,,1.0,,PHX,,-0.224,,0.114,2.0,,4.0,0.5,0.701,-0.201,-0.145,,,,,,,,,,,,,,,,,,,,,,,,,,,,,,,,,,,,,,,,12519.0,102.0,,,,,,,,,,,,,,,1610612744.0,GSW,PHX,PHX,GSW,,,1.0,,-0.243,1.0,1.0,0.0,0.0,0.0,2.0,0.0,0.0,0.0,0.0,0.0,0.0,0.0,0.0
203901,Elfrid Payton,1610612756,PHX,24.0,38.66666666666666,5,11,0.455,1,2,0.5,2,2,1.0,1,10,11,12,5,1,1,0,2,2,13,-8,80.17,2.4,0.202,0.547,17.2,78,0.213,-6.5,100.0,96.21,41.4,0.222,0.6,0.133,0.5,0.026,103.7,95.14,110.2,111.7,17.3,-11.7,0.167,67.0,0.224,71.0,0.179,24.0,2.0,15.0,1.0,35.0,0.176,4.0,3.0,1.0,4.0,0.235,0.176,6.0,17.0,3.0,2.0,0.353,0.059,0.25,2.0,1.0,1.0,1.0,0.151,1.0,5.71,5.2,86.0,1.0,0.0,2.0,22.0,8.2,2.0,2.0,9.6,2.0,0.5,0.733,0.1,0.0,13.0,10.1,0.733,4.4,9.0,0.0,9.0,0.769,0.769,0.182,0.0,0.0,1.0,0.5,1.0,1.0,15.0,0.0,,0.0,5.0,0.455,0.455,4.0,5.0,0.0,0.8,0.8,4.0,0.8,,2.0,0.0,0.0,0.0,0.0,0.0,0.0,2.0,0.0,0.182,0.0,0.182,1.0,0.091,1.0,0.0,0.0,0.0,0.091,0.0,0.0,0.0,0.0,0.0,,0.0,0.333,1.0,2.0,1.0,0.5,1.0,3.0,0.182,1.0,0.0,0.273,0.091,0.2,1.0,3.0,0.3,1.0,1.0,5.0,1.0,0.0,0.0,2.0,1.0,1.0,0.5,0.0,0.0,2.0,1.0,0.0,0.5,3.0,1.0,0.25,0.0,2.0,0.0,0.0,2.0,0.0,0.0,0.0,1.0,0.0,4.0,3.0,0.0,0.0,0.0,0.0,0.0,0.0,,,,,,,0.0,1.0,0.0,0.0,0.0,0.0,1.0,0.0,2.0,1.0,0.0,1.0,0.0,0.0,4.0,0.0,0.0,0.0,0.0,1.0,0.0,1.0,0.0,0.0,2.0,4.0,0.0,0.0,1.0,0.0,1.0,0.0,0.0,2018,21700863,,8.0,21.0,0.381,0.459,-0.078,4.0,9.0,0.444,0.343,4.0,12.0,0.333,0.525,2.0,9.0,0.222,0.572,5.0,11.0,0.455,0.351,,,,,,,,,,,,,,,20180214.0,2017-18,False,UTA,9.0,2.0,7.0,3.0,0.0,0.0,0.0,0.0,3.0,3.0,0.0,1.0,0.0,0.0,0.0,0.0,0.0,0.0,0.0,0.0,0.0,,,,,,1.3,1.4,4.2,4.63,2.7,3.87,Elfrid,1.0,0.0,1.0,0.0,45.2,1.0,1.0,41.0,1.0,120.0,120.0,120.0,10.0,69.0,71.0,117.0,79.0,115.0,43.0,63.0,75.0,1.0,56.0,8.0,14.0,2.0,4.0,39.0,27.0,1.0,104.0,75.0,78.0,195.0,20.0,1.0,1.0,20.0,96.21,96.0,111.7,204.0,5.0,113.0,-11.7,17.0,100.0,150.0,200.0,217.0,131.0,69.0,122.0,204.0,51.0,11.0,199.0,142.0,100.0,127.0,71.0,150.0,164.0,2.0,164.0,141.0,131.0,113.0,60.0,36.0,30.0,13.0,,,1.0,,PHX,,0.101,,-0.192,2.0,,8.0,0.25,0.603,-0.353,-0.349,,,,,,,,,,,,,,,,,,,,,,,,,,,,,,,,,,,,,,,,14219.0,96.0,,,,,,,,,,,,,,,1610612762.0,UTA,PHX,PHX,UTA,,,1.0,,0.104,0.0,0.0,0.0,0.0,0.0,0.0,1.0,1.0,0.0,0.0,0.0,0.0,0.0,0.0
203901,Elfrid Payton,1610612756,PHX,24.0,29.03333333333333,5,11,0.455,0,2,0.0,0,0,0.0,1,3,4,6,1,3,0,1,2,1,10,-14,97.13,6.0,0.143,0.455,5.6,71,0.146,-24.4,93.0,116.56,33.3,0.111,0.286,0.056,0.455,0.023,92.8,115.2,117.2,114.3,5.6,-21.3,0.126,48.0,0.167,52.0,0.125,13.0,0.0,8.0,2.0,13.0,0.0,6.0,0.0,1.0,6.0,0.5,0.083,4.0,12.0,1.0,0.0,0.333,0.083,0.5,0.0,0.0,3.0,0.0,0.161,0.0,4.82,4.61,62.0,1.0,0.0,0.0,12.0,5.0,0.0,3.0,5.8,1.0,0.333,0.571,0.333,1.0,4.0,4.1,0.571,9.3,1.0,0.0,2.0,0.75,0.75,0.25,0.0,0.0,0.0,0.333,1.0,0.0,7.0,0.0,,0.0,2.0,0.182,0.182,1.0,2.0,0.0,0.5,0.5,1.0,0.5,,3.0,0.0,0.0,0.0,0.333,1.0,0.333,3.0,1.0,0.273,0.333,0.273,0.0,0.182,2.0,2.0,2.0,1.0,0.0,,0.0,1.0,0.182,2.0,1.0,0.5,0.25,0.0,2.0,2.0,0.25,0.0,4.0,0.182,1.0,1.0,0.364,0.182,0.5,0.0,2.0,0.5,,0.0,2.0,1.0,0.0,0.0,0.0,0.0,0.0,0.455,0.0,0.0,0.0,0.0,0.0,0.0,4.0,0.0,0.0,0.0,2.0,0.0,0.0,2.0,0.0,0.0,0.0,0.8,0.0,2.0,5.0,0.0,0.0,1.0,0.0,0.0,0.5,,,,,,,0.0,1.0,0.0,0.0,0.0,0.0,0.0,0.0,0.0,1.0,0.0,0.667,1.0,0.0,4.0,0.0,0.0,0.5,0.0,1.0,0.0,0.0,0.0,0.0,2.0,6.0,0.0,0.0,2.0,0.0,2.0,0.0,0.0,2018,21700881,,7.0,10.0,0.7,0.473,0.227,0.0,2.0,0.0,0.359,7.0,8.0,0.875,0.521,5.0,5.0,1.0,0.569,2.0,4.0,0.5,0.375,,,,,,,,,,,,,,,20180223.0,2017-18,False,LAC,7.0,4.0,3.0,4.0,0.0,0.0,0.0,1.0,1.0,2.0,0.5,0.5,0.0,1.0,1.0,0.0,0.0,0.0,1.0,0.0,0.0,,,,,,1.1,1.0,4.56,5.02,2.2,3.8,Elfrid,1.0,0.0,1.0,0.0,31.8,0.0,0.0,26.0,1.0,122.0,122.0,122.0,70.0,67.0,63.0,109.0,117.0,109.0,117.0,134.0,144.0,134.0,59.0,88.0,88.0,17.0,80.0,10.0,75.0,162.0,108.0,116.0,112.0,219.0,55.0,20.0,4.0,76.0,116.56,169.0,114.3,13.0,5.0,120.0,-21.3,23.0,166.0,182.0,106.0,11.0,147.0,67.0,150.0,13.0,120.0,11.0,104.0,194.0,93.0,156.0,63.0,182.0,187.0,33.0,187.0,180.0,147.0,135.0,145.0,77.0,5.0,10.0,,,1.0,,PHX,,-0.359,,0.355,5.0,,5.0,1.0,0.613,0.387,0.431,,,,,,,,,,,,,,,,,,,,,,,,,,,,,,,,,,,,,,,,11408.0,112.0,,,,,,,,,,,,,,,1610612746.0,PHX,LAC,PHX,LAC,,,1.0,,0.125,0.0,0.0,0.0,0.0,0.0,0.0,0.0,0.0,0.0,0.0,0.0,0.0,0.0,0.0
203901,Elfrid Payton,1610612756,PHX,24.0,32.663333333333334,4,10,0.4,0,1,0.0,5,8,0.625,0,6,6,11,4,1,0,0,4,4,13,-2,88.17,2.75,0.237,0.481,13.8,72,0.237,-1.2,98.6,105.81,37.9,0.133,0.5,0.078,0.4,0.0,97.4,107.98,98.6,101.4,14.0,-2.8,0.116,55.0,0.218,67.0,0.2,15.0,0.0,12.0,1.0,25.0,0.188,6.0,3.0,0.0,8.0,0.375,0.125,3.0,16.0,2.0,0.0,0.188,0.0,0.375,0.0,0.0,3.0,0.0,0.171,1.0,5.65,4.88,76.0,1.0,0.0,0.0,24.0,7.2,0.0,3.0,8.2,0.0,0.0,0.5,0.0,0.0,10.0,8.2,0.5,0.0,6.0,0.0,6.0,0.6,0.6,0.0,0.0,0.0,0.0,0.0,0.0,0.0,12.0,0.0,,0.0,1.0,0.1,0.1,0.0,1.0,0.0,0.0,0.0,0.0,0.0,,7.0,0.0,0.0,0.0,0.429,3.0,0.429,7.0,3.0,0.7,0.429,0.7,0.0,0.1,1.0,1.0,1.0,1.0,0.0,,0.0,1.0,0.1,1.0,1.0,,0.0,0.0,0.0,1.0,0.0,0.0,1.0,0.0,0.0,0.0,0.1,0.1,0.0,0.0,0.0,0.0,,0.0,1.0,0.0,0.0,0.0,0.0,0.0,0.0,0.4,0.0,0.0,0.0,2.0,0.0,0.0,2.0,0.0,0.4,0.0,0.0,0.0,0.0,0.0,1.0,0.0,1.0,0.5,0.0,5.0,4.0,0.0,0.0,0.0,0.0,0.0,0.0,,,,,,,1.0,2.0,,1.0,,,0.0,,3.0,0.0,0.5,0.5,0.0,0.0,2.0,0.0,0.333,0.0,0.0,1.0,0.0,0.0,,,0.0,4.0,0.0,0.0,1.0,0.0,1.0,0.0,0.0,2018,21700889,,6.0,15.0,0.4,0.442,-0.042,2.0,7.0,0.286,0.365,4.0,8.0,0.5,0.493,4.0,5.0,0.8,0.538,2.0,10.0,0.2,0.396,,,,,,,,,,,,,,,20180224.0,2017-18,False,POR,11.0,6.0,5.0,2.0,0.0,0.0,0.0,1.0,2.0,3.0,0.333,0.667,0.0,1.0,1.0,1.0,1.0,0.0,1.0,1.0,1.0,,,,,,1.2,1.1,4.43,4.55,2.4,3.96,Elfrid,1.0,0.0,1.0,0.0,35.7,1.0,0.0,32.0,1.0,86.0,86.0,86.0,26.0,61.0,59.0,98.0,84.0,90.0,84.0,9.0,5.0,73.0,90.0,23.0,40.0,2.0,3.0,26.0,60.0,1.0,147.0,15.0,48.0,88.0,27.0,1.0,1.0,27.0,105.81,49.0,101.4,35.0,4.0,90.0,-2.8,15.0,43.0,108.0,122.0,24.0,73.0,61.0,105.0,35.0,78.0,10.0,121.0,88.0,98.6,62.0,59.0,108.0,89.0,3.0,89.0,111.0,73.0,112.0,87.0,61.0,25.0,13.0,,,1.0,,PHX,,-0.079,,0.007,4.0,,4.0,1.0,0.577,0.423,0.262,,,,,,,,,,,,,,,,,,,,,,,,,,,,,,,,,,,,,,,,12452.0,102.0,,,,,,,,,,,,,,,1610612757.0,PHX,POR,PHX,POR,,,1.0,,-0.196,0.0,0.0,0.0,0.0,0.0,0.0,0.0,0.0,0.0,0.0,0.0,0.0,0.0,0.0
203901,Elfrid Payton,1610612756,PHX,24.0,35.95,7,17,0.412,0,1,0.0,2,2,1.0,4,3,7,5,5,2,0,2,3,3,16,-22,91.79,1.0,0.247,0.447,17.9,82,0.249,-20.5,95.1,110.15,17.9,0.077,0.238,0.083,0.412,0.089,95.4,112.21,115.9,120.5,17.9,-25.4,0.068,69.0,0.116,77.0,0.072,20.0,2.0,8.0,1.0,14.0,0.13,12.0,3.0,0.0,13.0,0.522,0.043,5.0,23.0,1.0,0.0,0.217,0.0,0.462,0.0,0.0,6.0,1.0,0.165,2.0,4.99,4.36,97.0,4.0,0.0,2.0,46.0,8.1,0.0,12.0,8.8,4.0,0.364,0.438,0.333,1.0,5.0,7.0,0.412,10.2,2.0,1.0,3.0,0.6,0.6,0.571,1.0,0.0,0.75,0.333,1.0,3.0,17.0,0.0,,0.0,5.0,0.294,0.294,1.0,5.0,0.0,0.2,0.2,1.0,0.2,,9.0,0.0,0.0,0.0,0.556,5.0,0.556,9.0,5.0,0.529,0.556,0.529,0.0,0.118,2.0,2.0,1.0,0.5,0.0,,0.0,0.5,0.118,1.0,0.5,,0.0,0.0,0.0,1.0,0.0,0.0,1.0,0.0,0.0,0.0,0.059,0.059,,0.0,0.0,,,0.0,0.0,0.0,0.0,0.0,4.0,1.0,0.0,0.412,0.0,0.0,0.0,1.0,0.0,0.0,6.0,0.0,0.333,0.0,0.0,0.0,0.0,0.0,1.0,0.0,1.0,0.462,0.0,3.0,13.0,0.0,0.0,0.0,0.0,0.0,0.0,,,,,,,1.0,2.0,0.0,0.0,,,0.0,0.0,1.0,0.0,0.5,0.462,0.0,0.0,6.0,0.0,0.0,0.0,0.0,1.0,0.0,0.0,0.0,,0.0,13.0,0.0,0.0,1.0,0.0,1.0,0.0,0.0,2018,21700902,,1.0,5.0,0.2,0.48,-0.28,0.0,1.0,0.0,0.323,1.0,4.0,0.25,0.549,1.0,2.0,0.5,0.581,0.0,2.0,0.0,0.362,,,,,,,,,,,,,,,20180226.0,2017-18,False,NOP,5.0,3.0,2.0,0.0,0.0,2.0,5.0,3.0,2.0,5.0,0.6,0.4,0.0,3.0,3.0,2.0,1.0,0.0,1.0,1.0,0.5,,,,,,1.5,1.3,4.69,4.89,2.8,4.47,Elfrid,1.0,0.0,1.0,0.0,32.9,0.0,0.0,32.0,1.0,109.0,109.0,109.0,11.0,26.0,9.0,112.0,107.0,121.0,107.0,56.0,66.0,1.0,5.0,82.0,33.0,20.0,4.0,15.0,65.0,193.0,146.0,32.0,44.0,203.0,39.0,15.0,1.0,39.0,110.15,49.0,120.5,25.0,7.0,26.0,-25.4,87.0,46.0,139.0,162.0,26.0,167.0,26.0,137.0,25.0,150.0,17.0,163.0,158.0,95.1,157.0,9.0,139.0,168.0,52.0,168.0,139.0,167.0,136.0,106.0,138.0,74.0,16.0,,,1.0,,PHX,,-0.323,,-0.299,1.0,,2.0,0.5,0.616,-0.116,-0.081,,,,,,,,,,,,,,,,,,,,,,,,,,,,,,,,,,,,,,,,14724.0,109.0,,,,,,,,,,,,,,,1610612740.0,NOP,PHX,PHX,NOP,,,1.0,,-0.362,0.0,1.0,0.0,0.0,0.0,0.0,0.0,0.0,0.0,0.0,0.0,0.0,0.0,0.0
203901,Elfrid Payton,1610612756,PHX,24.0,39.083333333333336,7,12,0.583,1,3,0.333,4,7,0.571,1,9,10,4,6,0,0,0,4,5,19,10,89.55,0.67,0.226,0.63,24.0,87,0.23,16.3,104.6,107.46,16.0,0.18,0.16,0.112,0.625,0.026,104.9,109.43,88.6,92.0,23.9,12.6,0.117,63.0,0.095,71.0,0.063,12.0,2.0,6.0,0.0,13.0,0.0,10.0,0.0,1.0,7.0,1.0,0.1,1.0,10.0,1.0,2.0,0.1,0.1,0.714,0.0,0.0,5.0,1.0,0.221,1.0,4.75,4.1,86.0,3.0,0.0,0.0,31.0,6.8,0.0,1.0,7.2,0.0,1.0,0.909,0.0,0.0,12.0,7.2,0.833,0.0,7.0,1.0,7.0,0.818,0.75,0.0,0.0,1.0,0.0,1.0,0.0,0.0,12.0,0.0,,0.0,2.0,0.167,0.167,2.0,2.0,0.0,1.0,1.0,2.0,1.0,,4.0,0.0,0.0,0.0,0.5,2.0,0.5,4.0,2.0,0.333,0.5,0.333,2.0,0.333,4.0,2.0,1.0,0.625,0.167,0.5,1.0,0.5,0.167,2.0,0.5,1.0,0.5,0.0,1.0,1.0,0.5,0.0,2.0,0.083,1.0,1.0,0.167,0.083,0.333,0.0,2.0,0.333,0.0,1.0,3.0,1.0,3.0,0.5,0.0,0.0,0.0,0.625,0.0,0.0,0.0,2.0,0.0,0.5,3.0,1.0,0.4,0.0,1.0,0.0,0.0,2.0,1.0,0.0,0.0,1.0,0.0,5.0,3.0,0.0,1.0,1.0,0.0,0.0,1.0,,,,,,,1.0,3.0,0.0,0.0,,,1.0,0.0,1.0,1.0,0.333,1.0,1.0,0.0,4.0,0.0,0.0,1.0,0.0,2.0,0.0,1.0,0.0,,1.0,4.0,0.0,0.75,2.0,0.5,2.0,1.0,1.0,2018,21700918,,7.0,12.0,0.583,0.416,0.168,3.0,3.0,1.0,0.342,4.0,9.0,0.444,0.458,4.0,7.0,0.571,0.497,3.0,5.0,0.6,0.358,,,,,,,,,,,,,,,20180228.0,2017-18,False,MEM,5.0,2.0,3.0,0.0,0.0,1.0,3.0,0.0,0.0,0.0,0.0,0.0,0.0,1.0,1.0,0.0,0.0,0.0,1.0,0.0,0.0,,,,,,1.4,1.4,4.32,4.79,2.8,3.94,Elfrid,1.0,1.0,0.0,1.0,31.0,1.0,0.0,34.0,1.0,1.0,1.0,1.0,6.0,20.0,43.0,42.0,51.0,67.0,61.0,25.0,13.0,68.0,48.0,5.0,14.0,26.0,2.0,99.0,63.0,1.0,164.0,19.0,25.0,31.0,44.0,1.0,1.0,28.0,107.46,55.0,92.0,28.0,7.0,84.0,12.6,98.0,52.0,97.0,176.0,15.0,31.0,20.0,62.0,28.0,54.0,12.0,176.0,46.0,104.6,27.0,43.0,97.0,55.0,68.0,55.0,99.0,31.0,52.0,53.0,71.0,77.0,19.0,,,1.0,,PHX,,0.658,,-0.014,4.0,,6.0,0.667,0.55,0.117,0.074,,,,,,,,,,,,,,,,,,,,,,,,,,,,,,,,,,,,,,,,14678.0,107.0,,,,,,,,,,,,,,,1610612763.0,MEM,PHX,PHX,MEM,,,1.0,,0.242,0.0,0.0,0.0,0.0,0.0,0.0,1.0,1.0,0.0,0.0,0.0,0.0,0.0,0.0
203901,Elfrid Payton,1610612756,PHX,24.0,38.82,6,16,0.375,0,1,0.0,6,6,1.0,2,8,10,8,1,2,2,2,5,7,18,-7,86.04,8.0,0.196,0.483,3.7,83,0.204,-8.3,116.9,103.25,29.6,0.174,0.25,0.112,0.375,0.047,114.8,104.43,123.2,123.8,3.6,-6.9,0.127,73.0,0.137,76.0,0.11,16.0,1.0,10.0,2.0,18.0,0.0,14.0,0.0,2.0,12.0,0.667,0.0,6.0,21.0,0.0,4.0,0.286,0.095,0.333,4.0,1.0,4.0,0.0,0.182,2.0,5.0,4.58,99.0,2.0,0.0,1.0,35.0,8.3,1.0,9.0,10.3,3.0,0.222,0.476,0.25,1.0,13.0,9.6,0.476,13.2,6.0,0.0,7.0,0.615,0.615,0.3,0.0,0.0,0.5,0.222,2.0,1.0,21.0,0.0,,0.0,3.0,0.188,0.188,1.0,3.0,0.0,0.333,0.333,1.0,0.333,,6.0,0.0,0.0,0.0,0.333,2.0,0.333,6.0,2.0,0.375,0.333,0.375,1.0,0.375,6.0,5.0,2.0,0.333,0.063,0.0,0.0,0.333,0.313,2.0,0.4,1.0,1.0,0.0,1.0,0.0,1.0,,1.0,0.063,1.0,1.0,0.063,0.0,0.5,0.0,4.0,0.5,,0.0,4.0,2.0,0.0,0.0,2.0,1.0,1.0,0.375,0.0,0.0,2.0,2.0,0.0,0.0,3.0,0.0,0.4,0.0,2.0,0.0,0.0,1.0,0.0,0.0,0.0,0.375,0.0,5.0,8.0,0.0,0.0,1.0,0.0,0.0,0.5,,,,,,,1.0,3.0,0.0,1.0,,,0.0,0.0,2.0,0.0,0.333,0.375,1.0,0.0,3.0,0.0,0.5,0.5,0.0,1.0,0.0,0.0,0.0,,2.0,8.0,0.0,0.0,1.0,0.0,1.0,0.0,0.0,2018,21700933,,10.0,22.0,0.455,0.437,0.018,0.0,1.0,0.0,0.35,10.0,21.0,0.476,0.476,6.0,14.0,0.429,0.532,1.0,3.0,0.333,0.361,,,,,,,,,,,,,,,20180302.0,2017-18,False,OKC,12.0,8.0,4.0,5.0,0.0,0.0,0.0,0.0,3.0,3.0,0.0,1.0,0.0,0.0,0.0,0.0,0.0,0.0,0.0,0.0,0.0,,,,,,1.5,1.2,4.18,4.62,2.7,3.74,Elfrid,1.0,0.0,1.0,0.0,53.0,1.0,0.0,44.0,1.0,106.0,106.0,106.0,13.0,41.0,25.0,129.0,101.0,113.0,101.0,11.0,19.0,1.0,29.0,13.0,13.0,5.0,79.0,17.0,7.0,190.0,188.0,6.0,39.0,153.0,6.0,1.0,1.0,10.0,103.25,83.0,123.8,43.0,6.0,62.0,-6.9,37.0,84.0,55.0,64.0,40.0,174.0,41.0,129.0,43.0,56.0,16.0,64.0,136.0,116.9,173.0,25.0,55.0,130.0,35.0,130.0,61.0,174.0,143.0,63.0,64.0,1.0,18.0,,,1.0,,PHX,,-0.35,,0.001,6.0,,14.0,0.429,0.553,-0.125,-0.103,,,,,,,,,,,,,,,,,,,,,,,,,,,,,,,,,,,,,,,,14416.0,102.0,,,,,,,,,,,,,,,1610612760.0,PHX,OKC,PHX,OKC,,,1.0,,-0.028,0.0,0.0,0.0,0.0,0.0,0.0,0.0,0.0,0.0,0.0,0.0,0.0,0.0,0.0
203901,Elfrid Payton,1610612756,PHX,24.0,29.433333333333334,5,13,0.385,0,0,0.0,1,1,1.0,2,8,10,14,2,1,1,1,1,2,11,-2,86.98,7.0,0.208,0.409,6.9,64,0.219,-5.5,107.8,104.37,48.3,0.267,0.56,0.156,0.385,0.059,105.1,105.87,110.6,110.9,6.8,-3.1,0.176,58.0,0.276,59.0,0.241,19.0,1.0,16.0,1.0,31.0,0.0,5.0,0.0,0.0,5.0,0.357,0.0,7.0,14.0,0.0,0.0,0.5,0.0,0.4,0.0,0.0,2.0,0.0,0.143,2.0,4.61,4.38,77.0,4.0,0.0,1.0,30.0,5.9,1.0,5.0,6.5,1.0,0.4,0.625,0.125,2.0,12.0,6.3,0.588,7.2,7.0,1.0,9.0,0.727,0.667,0.1,0.0,1.0,0.0,0.4,1.0,0.0,17.0,0.0,,0.0,1.0,0.077,0.077,1.0,1.0,0.0,1.0,1.0,1.0,1.0,,7.0,0.0,0.0,0.0,0.143,1.0,0.143,7.0,1.0,0.538,0.143,0.538,0.0,0.231,3.0,3.0,1.0,0.333,0.0,,0.0,0.333,0.231,1.0,0.333,1.0,1.0,0.0,2.0,0.0,1.0,,2.0,0.154,2.0,2.0,0.154,0.0,0.0,,0.0,0.0,,,3.0,0.0,0.0,0.0,2.0,1.0,0.667,0.385,0.0,0.0,4.0,0.0,0.0,0.0,5.0,0.0,0.0,0.0,3.0,0.0,0.0,0.0,0.0,0.0,0.0,0.714,0.0,3.0,7.0,0.0,0.0,0.0,0.0,0.0,0.0,,,,,,,0.0,2.0,,0.0,,,0.0,,1.0,0.0,0.0,0.714,0.0,0.0,5.0,0.0,0.0,0.0,0.0,0.0,0.0,0.0,,,3.0,7.0,0.0,,0.0,,,,0.0,2018,21700943,,8.0,14.0,0.571,0.42,0.152,2.0,3.0,0.667,0.347,6.0,11.0,0.545,0.449,2.0,5.0,0.4,0.49,5.0,8.0,0.625,0.371,,,,,,,,,,,,,,,20180304.0,2017-18,False,ATL,7.0,4.0,3.0,2.0,0.0,1.0,2.0,1.0,1.0,2.0,0.5,0.5,0.0,3.0,3.0,1.0,0.0,0.0,1.0,1.0,0.0,,,,,,1.2,1.0,4.51,5.11,2.2,3.96,Elfrid,1.0,0.0,1.0,0.0,48.0,1.0,1.0,39.0,1.0,73.0,73.0,73.0,43.0,37.0,26.0,86.0,76.0,106.0,76.0,66.0,76.0,1.0,17.0,8.0,9.0,2.0,28.0,25.0,15.0,94.0,18.0,52.0,58.0,77.0,6.0,1.0,1.0,11.0,104.37,54.0,110.9,44.0,5.0,40.0,-3.1,8.0,52.0,69.0,64.0,28.0,82.0,37.0,109.0,44.0,14.0,13.0,64.0,84.0,107.8,87.0,26.0,69.0,75.0,3.0,75.0,82.0,82.0,98.0,19.0,16.0,3.0,11.0,,,1.0,,PHX,,0.32,,0.097,2.0,,4.0,0.5,0.558,-0.058,-0.09,,,,,,,,,,,,,,,,,,,,,,,,,,,,,,,,,,,,,,,,11436.0,103.0,,,,,,,,,,,,,,,1610612737.0,ATL,PHX,PHX,ATL,,,1.0,,0.254,0.0,0.0,0.0,0.0,0.0,0.0,0.0,0.0,0.0,0.0,0.0,0.0,0.0,0.0
203901,Elfrid Payton,1610612756,PHX,24.0,24.305,3,10,0.3,0,0,0.0,3,5,0.6,1,4,5,2,2,0,1,1,4,3,9,-24,78.17,1.0,0.275,0.369,12.5,47,0.273,-51.2,102.1,93.81,12.5,0.19,0.125,0.111,0.3,0.042,100.1,94.36,151.3,150.0,12.3,-47.9,0.008,43.0,0.047,51.0,0.047,7.0,0.0,2.0,0.0,6.0,0.083,7.0,1.0,1.0,6.0,0.583,0.0,4.0,12.0,0.0,2.0,0.333,0.083,0.5,1.0,0.5,3.0,0.0,0.153,2.0,5.53,4.88,59.0,1.0,0.0,1.0,21.0,5.4,0.0,3.0,6.4,1.0,0.333,0.625,0.25,1.0,5.0,6.7,0.625,5.0,3.0,0.0,4.0,0.8,0.8,0.2,0.0,0.0,0.0,0.333,1.0,0.0,8.0,0.0,,0.0,3.0,0.3,0.3,1.0,3.0,0.0,0.333,0.333,1.0,0.333,,4.0,0.0,0.0,0.0,0.5,2.0,0.5,4.0,2.0,0.4,0.5,0.4,0.0,0.3,3.0,3.0,0.0,0.0,0.0,,0.0,0.0,0.3,0.0,0.0,,,,,,,,,,,,,,0.0,,0.0,0.0,,,4.0,0.0,0.0,0.0,2.0,0.5,0.0,0.3,0.0,0.0,0.0,3.0,0.0,0.0,0.0,0.0,0.6,0.0,3.0,0.0,0.0,0.0,0.0,0.0,0.0,0.0,0.0,5.0,2.0,0.0,0.0,0.0,0.0,0.0,0.0,,,,,,,2.0,4.0,,0.0,0.0,0.0,0.0,,0.0,0.0,0.5,0.333,0.0,0.0,1.0,0.0,0.0,0.0,0.0,0.0,0.0,0.0,,0.0,3.0,3.0,0.0,,0.0,,,,0.0,2018,21700952,,10.0,13.0,0.769,0.481,0.289,,,,,10.0,13.0,0.769,0.511,7.0,8.0,0.875,0.568,1.0,3.0,0.333,0.378,,,,,,,,,,,,,,,20180305.0,2017-18,False,MIA,3.0,3.0,0.0,2.0,0.0,0.0,0.0,0.0,0.0,0.0,0.0,0.0,0.0,2.0,2.0,1.0,1.0,0.0,1.0,1.0,1.0,,,,,,0.9,0.9,4.46,4.41,1.8,4.52,Elfrid,1.0,0.0,1.0,0.0,19.0,0.0,0.0,18.0,1.0,80.0,80.0,80.0,69.0,64.0,35.0,106.0,74.0,118.0,74.0,20.0,13.0,55.0,34.0,41.0,40.0,45.0,25.0,82.0,15.0,102.0,134.0,23.0,64.0,147.0,68.0,10.0,1.0,69.0,93.81,18.0,150.0,121.0,3.0,56.0,-47.9,82.0,14.0,59.0,93.0,114.0,151.0,64.0,107.0,121.0,46.0,10.0,93.0,148.0,102.1,152.0,35.0,59.0,144.0,65.0,144.0,77.0,151.0,111.0,54.0,122.0,39.0,9.0,,,1.0,,PHX,,,,0.258,7.0,,8.0,0.875,0.599,0.276,0.307,,,,,,,,,,,,,,,,,,,,,,,,,,,,,,,,,,,,,,,,9681.0,98.0,,,,,,,,,,,,,,,1610612748.0,MIA,PHX,PHX,MIA,,,1.0,,-0.045,0.0,0.0,0.0,0.0,0.0,0.0,0.0,0.0,0.0,0.0,0.0,0.0,0.0,0.0
203901,Elfrid Payton,1610612756,PHX,24.0,29.816666666666663,3,13,0.231,0,2,0.0,0,1,0.0,0,5,5,6,3,2,0,2,4,2,6,-32,88.54,2.0,0.225,0.223,13.6,66,0.236,-44.6,71.2,106.25,27.3,0.192,0.4,0.074,0.231,0.0,71.7,107.41,116.3,119.7,13.4,-48.5,0.01,57.0,0.123,67.0,0.105,18.0,0.0,7.0,1.0,15.0,0.125,4.0,2.0,0.0,6.0,0.25,0.25,4.0,16.0,4.0,0.0,0.25,0.0,0.333,0.0,0.0,2.0,0.0,0.076,0.0,5.44,5.16,79.0,1.0,0.0,0.0,29.0,7.2,0.0,5.0,9.0,0.0,0.0,0.417,0.0,0.0,7.0,9.0,0.417,0.0,5.0,0.0,5.0,0.714,0.714,0.0,0.0,0.0,0.0,0.0,0.0,0.0,12.0,0.0,,0.0,3.0,0.231,0.231,1.0,3.0,0.0,0.333,0.333,1.0,0.333,0.0,7.0,0.0,1.0,0.077,0.0,0.0,0.0,6.0,0.0,0.538,0.0,0.462,0.0,0.154,2.0,2.0,2.0,1.0,0.0,,0.0,1.0,0.154,2.0,1.0,,0.0,0.0,0.0,1.0,0.0,0.0,1.0,0.0,0.0,0.0,0.077,0.077,0.5,0.0,2.0,0.5,,0.0,2.0,1.0,0.0,0.0,0.0,0.0,0.0,0.231,0.0,0.0,0.0,0.0,0.0,0.0,2.0,0.0,0.0,0.0,2.0,0.0,0.0,2.0,0.0,0.0,0.0,0.25,0.0,1.0,8.0,0.0,0.0,1.0,0.0,0.0,0.5,,,,,,,0.0,0.0,,0.0,0.0,0.0,0.0,,0.0,2.0,0.0,0.222,1.0,0.0,2.0,0.0,0.0,1.0,0.0,1.0,0.0,0.0,,0.0,1.0,9.0,0.0,0.0,1.0,0.0,1.0,0.0,0.0,2018,21700975,,9.0,13.0,0.692,0.448,0.244,1.0,3.0,0.333,0.335,8.0,10.0,0.8,0.487,5.0,5.0,1.0,0.574,3.0,6.0,0.5,0.352,,,,,,,,,,,,,,,20180308.0,2017-18,False,OKC,6.0,2.0,4.0,5.0,0.0,0.0,0.0,0.0,1.0,1.0,0.0,1.0,0.0,1.0,1.0,1.0,0.0,0.0,1.0,1.0,0.0,,,,,,1.3,0.9,4.46,4.65,2.2,4.2,Elfrid,1.0,0.0,1.0,0.0,24.0,0.0,0.0,21.0,1.0,57.0,57.0,57.0,28.0,55.0,21.0,86.0,48.0,48.0,48.0,55.0,53.0,55.0,51.0,22.0,30.0,11.0,6.0,8.0,41.0,96.0,94.0,30.0,64.0,108.0,44.0,10.0,2.0,44.0,106.25,28.0,119.7,21.0,3.0,51.0,-48.5,21.0,34.0,104.0,78.0,24.0,84.0,55.0,94.0,21.0,30.0,13.0,78.0,102.0,71.2,81.0,21.0,104.0,104.0,6.0,104.0,104.0,84.0,89.0,59.0,92.0,15.0,6.0,,,1.0,,PHX,,-0.002,,0.313,5.0,,5.0,1.0,0.606,0.394,0.426,,,,,,,,,,,,,,,,,,,,,,,,,,,,,,,,,,,,,,,,11366.0,104.0,,,,,,,,,,,,,,,1610612760.0,OKC,PHX,PHX,OKC,,,1.0,,0.148,0.0,0.0,0.0,0.0,0.0,0.0,0.0,0.0,0.0,0.0,0.0,0.0,0.0,0.0
203901,Elfrid Payton,1610612756,PHX,24.0,27.25,7,13,0.538,0,1,0.0,0,0,0.0,1,2,3,3,2,1,0,1,4,1,14,-22,82.94,1.5,0.25,0.538,11.1,56,0.253,-31.6,85.7,99.52,16.7,0.069,0.273,0.054,0.538,0.037,85.1,102.48,116.7,122.8,11.1,-37.1,0.076,41.0,0.098,49.0,0.073,7.0,0.0,4.0,1.0,7.0,0.067,8.0,1.0,0.0,8.0,0.533,0.067,5.0,15.0,1.0,0.0,0.333,0.0,0.5,0.0,0.0,4.0,0.0,0.241,1.0,5.53,4.64,58.0,2.0,0.0,0.0,20.0,5.3,1.0,3.0,5.3,2.0,0.5,0.333,0.5,0.0,7.0,6.9,0.3,2.0,1.0,1.0,1.0,0.286,0.286,0.667,1.0,0.0,1.0,0.333,1.0,1.0,10.0,0.0,,0.0,3.0,0.231,0.231,2.0,3.0,0.0,0.667,0.667,2.0,0.667,,6.0,0.0,0.0,0.0,0.5,3.0,0.5,6.0,3.0,0.462,0.5,0.462,0.0,0.231,3.0,3.0,2.0,0.667,0.0,,0.0,0.667,0.231,2.0,0.667,,0.0,0.0,0.0,1.0,0.0,0.0,1.0,0.0,0.0,0.0,0.077,0.077,0.0,0.0,0.0,0.0,0.0,1.0,1.0,0.0,0.0,0.0,0.0,0.0,0.5,0.538,0.0,0.0,2.0,0.0,0.0,0.0,7.0,0.0,0.0,0.0,0.0,0.0,0.0,1.0,0.0,0.0,0.0,0.7,0.0,2.0,10.0,0.0,0.0,0.0,0.0,0.0,0.0,,,,,,,0.0,1.0,,0.0,0.0,0.0,0.0,,0.0,0.0,0.0,0.636,0.0,0.0,7.0,0.0,0.0,0.0,0.0,1.0,0.0,0.0,,0.0,0.0,11.0,0.0,,0.0,,0.0,0.0,0.0,2018,21700987,,2.0,8.0,0.25,0.442,-0.192,1.0,5.0,0.2,0.39,1.0,3.0,0.333,0.493,0.0,1.0,0.0,0.584,1.0,5.0,0.2,0.394,,,,,,,,,,,,,,,20180310.0,2017-18,False,CHA,5.0,1.0,4.0,2.0,0.0,0.0,0.0,1.0,1.0,2.0,0.5,0.5,0.0,1.0,1.0,0.0,0.0,0.0,1.0,0.0,0.0,,,,,,1.0,1.0,4.37,4.59,2.1,3.81,Elfrid,1.0,0.0,1.0,0.0,23.1,0.0,0.0,22.0,1.0,56.0,56.0,56.0,33.0,8.0,14.0,41.0,57.0,63.0,57.0,57.0,60.0,57.0,21.0,52.0,47.0,25.0,17.0,16.0,28.0,79.0,95.0,53.0,25.0,104.0,36.0,9.0,2.0,36.0,99.52,29.0,122.8,60.0,7.0,39.0,-37.1,45.0,25.0,91.0,64.0,22.0,85.0,8.0,58.0,60.0,79.0,13.0,64.0,86.0,85.7,73.0,14.0,91.0,92.0,16.0,92.0,93.0,85.0,58.0,73.0,68.0,27.0,14.0,,,1.0,,PHX,,-0.19,,-0.16,0.0,,1.0,0.0,0.65,-0.65,-0.584,,,,,,,,,,,,,,,,,,,,,,,,,,,,,,,,,,,,,,,,11011.0,99.0,,,,,,,,,,,,,,,1610612766.0,CHA,PHX,PHX,CHA,,,1.0,,-0.194,0.0,0.0,0.0,0.0,0.0,0.0,0.0,0.0,0.0,0.0,0.0,0.0,0.0,0.0
203901,Elfrid Payton,1610612756,PHX,24.0,23.35,4,10,0.4,0,3,0.0,2,3,0.667,0,4,4,7,5,1,0,2,1,5,10,-20,92.51,1.4,0.271,0.442,21.7,53,0.277,-35.2,88.7,111.01,30.4,0.19,0.467,0.082,0.4,0.0,85.5,113.51,120.8,121.8,21.4,-33.1,0.088,47.0,0.17,52.0,0.149,14.0,1.0,8.0,0.0,17.0,0.231,7.0,3.0,0.0,5.0,0.538,0.077,3.0,13.0,1.0,0.0,0.231,0.0,0.6,0.0,0.0,3.0,0.0,0.152,1.0,4.45,3.97,66.0,2.0,0.0,1.0,21.0,4.9,1.5,4.0,5.5,0.0,0.0,0.4,0.0,0.0,6.0,5.5,0.4,0.0,4.0,0.0,4.0,0.667,0.667,0.0,0.0,0.0,0.0,0.0,0.0,0.0,10.0,0.0,,0.0,4.0,0.4,0.4,1.0,4.0,0.0,0.25,0.25,1.0,0.25,,2.0,0.0,0.0,0.0,1.0,2.0,1.0,2.0,2.0,0.2,1.0,0.2,0.0,0.1,1.0,1.0,1.0,1.0,0.0,,0.0,1.0,0.1,1.0,1.0,,0.0,0.0,0.0,3.0,0.0,0.0,3.0,0.0,0.0,0.0,0.3,0.3,1.0,0.0,2.0,1.0,,0.0,1.0,1.0,0.0,0.0,1.0,0.0,1.0,0.4,0.0,0.0,3.0,2.0,0.0,0.0,1.0,0.0,0.667,0.0,1.0,0.0,0.0,3.0,0.0,0.0,0.0,0.333,0.0,3.0,3.0,0.0,0.0,1.0,0.0,0.0,1.0,,,,,,,1.0,1.0,,0.0,,,0.0,,0.0,1.0,1.0,0.4,1.0,0.0,2.0,0.0,0.0,1.0,0.0,2.0,0.0,0.0,,,1.0,5.0,0.0,0.0,3.0,0.0,3.0,0.0,0.0,2018,21701014,,0.0,4.0,0.0,0.467,-0.467,0.0,3.0,0.0,0.406,0.0,1.0,0.0,0.536,0.0,1.0,0.0,0.599,0.0,3.0,0.0,0.409,,,,,,,,,,,,,,,20180313.0,2017-18,False,CLE,1.0,1.0,0.0,2.0,0.0,1.0,2.0,0.0,0.0,0.0,0.0,0.0,0.0,1.0,1.0,0.0,0.0,0.0,1.0,0.0,0.0,,,,,,1.1,0.8,4.9,5.71,1.9,4.1,Elfrid,1.0,0.0,1.0,0.0,23.3,0.0,0.0,23.0,1.0,124.0,124.0,124.0,115.0,78.0,70.0,128.0,121.0,81.0,121.0,50.0,48.0,95.0,118.0,60.0,87.0,12.0,2.0,53.0,71.0,215.0,46.0,15.0,92.0,222.0,91.0,21.0,4.0,82.0,111.01,33.0,121.8,28.0,4.0,118.0,-33.1,41.0,32.0,182.0,206.0,21.0,184.0,78.0,157.0,28.0,65.0,10.0,207.0,206.0,88.7,184.0,70.0,182.0,203.0,11.0,203.0,190.0,184.0,151.0,112.0,108.0,61.0,10.0,,,1.0,,PHX,,-0.406,,-0.536,0.0,,1.0,0.0,0.654,-0.654,-0.599,,,,,,,,,,,,,,,,,,,,,,,,,,,,,,,,,,,,,,,,10091.0,113.0,,,,,,,,,,,,,,,1610612739.0,PHX,CLE,PHX,CLE,,,1.0,,-0.409,0.0,0.0,0.0,0.0,0.0,0.0,0.0,0.0,0.0,0.0,0.0,0.0,0.0,0.0
203901,Elfrid Payton,1610612756,PHX,24.0,16.65,2,3,0.667,0,0,0.0,0,0,0.0,0,0,0,1,1,0,0,0,0,0,4,-13,80.48,1.0,0.111,0.667,20.0,33,0.115,-37.3,84.8,96.58,20.0,0.0,0.1,0.0,0.667,0.0,85.5,95.37,122.8,120.6,20.0,-35.7,0.049,25.0,0.08,28.0,0.04,5.0,1.0,2.0,0.0,3.0,0.0,4.0,0.0,0.0,3.0,0.571,0.0,3.0,7.0,0.0,0.0,0.429,0.0,0.667,0.0,0.0,2.0,0.0,0.133,0.0,6.72,6.37,30.0,0.0,0.0,0.0,6.0,3.4,0.0,,,,,,,,,,,,,,,,,,,,,,,,,0.0,,0.0,1.0,0.333,0.333,1.0,1.0,0.0,1.0,1.0,1.0,1.0,,1.0,0.0,0.0,0.0,1.0,1.0,1.0,1.0,1.0,0.333,1.0,0.333,0.0,0.333,1.0,1.0,0.0,0.0,0.0,,0.0,0.0,0.333,0.0,0.0,,,,,,,,,,,,,,0.0,,0.0,0.0,,,1.0,0.0,0.0,0.0,0.0,0.0,0.0,0.667,0.0,0.0,0.0,0.0,0.0,0.0,2.0,0.0,0.0,0.0,1.0,0.0,0.0,0.0,0.0,0.0,0.0,1.0,0.0,0.0,2.0,0.0,0.0,0.0,0.0,0.0,0.0,,,,,,,0.0,0.0,0.0,0.0,0.0,0.0,0.0,0.0,1.0,0.0,0.0,1.0,0.0,0.0,2.0,0.0,0.0,0.0,0.0,0.0,0.0,0.0,0.0,0.0,0.0,2.0,0.0,,0.0,,,,0.0,2018,21701027,,2.0,5.0,0.4,0.419,-0.019,0.0,2.0,0.0,0.336,2.0,3.0,0.667,0.468,2.0,3.0,0.667,0.481,0.0,2.0,0.0,0.354,,,,,,,,,,,,,,,20180315.0,2017-18,False,UTA,5.0,3.0,2.0,1.0,0.0,0.0,0.0,0.0,0.0,0.0,0.0,0.0,0.0,0.0,0.0,0.0,0.0,0.0,0.0,0.0,0.0,,,,,,0.6,0.6,4.36,4.65,1.2,4.11,Elfrid,1.0,0.0,1.0,0.0,4.5,0.0,0.0,5.0,1.0,95.0,95.0,95.0,133.0,111.0,144.0,18.0,102.0,141.0,102.0,103.0,110.0,103.0,95.0,159.0,165.0,92.0,58.0,86.0,58.0,1.0,1.0,141.0,137.0,174.0,165.0,23.0,4.0,160.0,96.58,148.0,120.6,151.0,2.0,95.0,-35.7,56.0,148.0,164.0,160.0,167.0,148.0,111.0,42.0,151.0,159.0,3.0,160.0,173.0,84.8,153.0,144.0,164.0,175.0,89.0,175.0,164.0,148.0,34.0,165.0,131.0,56.0,4.0,,,1.0,,PHX,,-0.336,,0.198,2.0,,3.0,0.667,0.506,0.16,0.186,,,,,,,,,,,,,,,,,,,,,,,,,,,,,,,,,,,,,,,,6326.0,103.0,,,,,,,,,,,,,,,1610612762.0,UTA,PHX,PHX,UTA,,,1.0,,-0.354,0.0,0.0,0.0,0.0,0.0,0.0,0.0,0.0,0.0,0.0,0.0,0.0,0.0,0.0
203901,Elfrid Payton,1610612756,PHX,24.0,27.08333333333333,4,8,0.5,1,1,1.0,2,3,0.667,0,0,0,7,3,1,0,1,1,2,11,-11,90.83,2.33,0.174,0.59,15.8,62,0.184,-14.6,98.4,109.0,36.8,0.0,0.412,0.0,0.563,0.0,100.3,109.39,114.9,118.0,15.5,-19.6,0.085,40.0,0.2,49.0,0.175,12.0,0.0,8.0,1.0,18.0,0.125,6.0,1.0,1.0,3.0,0.75,0.125,2.0,8.0,1.0,2.0,0.25,0.125,0.667,2.0,1.0,2.0,0.0,0.212,0.0,5.52,5.23,52.0,0.0,0.0,0.0,16.0,4.8,0.0,,,,,,,,,,,,,,,,,,,,,,,,,0.0,,0.0,1.0,0.125,0.125,0.0,1.0,0.0,0.0,0.0,0.0,0.0,,2.0,0.0,0.0,0.0,0.5,1.0,0.5,2.0,1.0,0.25,0.5,0.25,0.0,0.5,4.0,4.0,2.0,0.5,0.0,,0.0,0.5,0.5,2.0,0.5,,1.0,1.0,0.0,1.0,1.5,1.0,1.0,0.0,1.0,0.0,0.125,0.125,0.667,1.0,5.0,0.833,1.0,1.0,3.0,2.0,0.0,0.0,0.0,0.0,0.0,0.563,0.0,0.0,0.0,1.0,0.0,1.0,1.0,1.0,0.5,0.0,3.0,0.0,0.0,1.0,0.0,0.0,0.0,0.5,0.0,2.0,2.0,0.0,0.0,1.0,0.0,0.0,0.333,,,,,,,0.0,0.0,,0.0,0.0,0.0,0.0,,1.0,0.0,0.0,0.667,0.0,0.0,2.0,2.0,0.0,0.0,0.0,3.0,0.0,0.0,,0.0,1.0,3.0,0.667,0.0,1.0,,0.0,0.0,0.0,2018,21701044,,3.0,6.0,0.5,0.478,0.023,1.0,2.0,0.5,0.393,2.0,4.0,0.5,0.549,1.0,2.0,0.5,0.653,2.0,4.0,0.5,0.397,,,,,,,,,,,,,,,20180317.0,2017-18,False,GSW,3.0,0.0,3.0,3.0,0.0,0.0,0.0,0.0,1.0,1.0,0.0,1.0,0.0,1.0,1.0,1.0,0.0,0.0,1.0,1.0,0.0,,,,,,1.0,1.1,4.68,4.85,2.1,4.55,Elfrid,1.0,0.0,1.0,0.0,21.5,0.0,0.0,21.0,1.0,113.0,113.0,113.0,92.0,77.0,91.0,65.0,72.0,132.0,1.0,58.0,55.0,93.0,116.0,194.0,202.0,14.0,16.0,38.0,77.0,137.0,40.0,63.0,84.0,176.0,99.0,19.0,2.0,95.0,109.0,117.0,118.0,18.0,4.0,116.0,-19.6,22.0,119.0,164.0,171.0,6.0,152.0,77.0,91.0,18.0,194.0,8.0,173.0,151.0,98.4,140.0,91.0,164.0,165.0,9.0,165.0,155.0,152.0,85.0,202.0,121.0,31.0,11.0,,,1.0,,PHX,,0.107,,-0.049,1.0,,2.0,0.5,0.706,-0.206,-0.153,,,,,,,,,,,,,,,,,,,,,,,,,,,,,,,,,,,,,,,,11062.0,103.0,,,,,,,,,,,,,,,1610612744.0,PHX,GSW,PHX,GSW,,,1.0,,0.104,0.0,0.0,0.0,0.0,0.0,0.0,0.0,0.0,0.0,0.0,0.0,0.0,0.0,0.0
203901,Elfrid Payton,1610612756,PHX,24.0,22.25,2,6,0.333,0,1,0.0,0,2,0.0,0,3,3,5,2,0,0,1,1,1,4,-16,87.19,2.5,0.158,0.291,14.3,48,0.159,-33.5,77.1,104.63,35.7,0.125,0.385,0.058,0.333,0.0,75.8,105.02,109.2,108.2,14.4,-31.1,0.041,37.0,0.135,40.0,0.135,9.0,0.0,5.0,0.0,12.0,0.0,4.0,0.0,1.0,5.0,0.286,0.286,3.0,14.0,4.0,2.0,0.214,0.071,0.4,0.0,0.0,2.0,0.0,0.082,0.0,5.34,4.73,49.0,1.0,0.0,0.0,14.0,4.4,0.0,4.0,7.4,0.0,0.0,0.375,0.0,0.0,4.0,7.4,0.375,0.0,3.0,0.0,3.0,0.75,0.75,0.0,0.0,0.0,0.0,0.0,0.0,0.0,8.0,0.0,,0.0,1.0,0.167,0.167,0.0,1.0,0.0,0.0,0.0,0.0,0.0,,4.0,0.0,0.0,0.0,0.5,2.0,0.5,4.0,2.0,0.667,0.5,0.667,,,,,,,,,,,,,,,0.0,0.0,0.0,1.0,0.0,0.0,1.0,0.0,0.0,0.0,0.167,0.167,0.0,0.0,0.0,0.0,,0.0,1.0,0.0,0.0,0.0,0.0,0.0,0.0,0.333,0.0,0.0,0.0,1.0,0.0,0.0,1.0,0.0,0.5,0.0,0.0,0.0,0.0,1.0,0.0,0.0,0.0,0.333,0.0,2.0,3.0,0.0,0.0,0.0,0.0,0.0,0.0,,,,,,,1.0,2.0,,0.0,0.0,0.0,0.0,,0.0,1.0,0.5,0.333,0.0,0.0,1.0,0.0,0.0,0.0,0.0,0.0,0.0,0.0,,0.0,0.0,3.0,0.0,0.0,1.0,0.0,1.0,0.0,0.0,2018,21701063,,3.0,6.0,0.5,0.472,0.028,0.0,3.0,0.0,0.409,3.0,3.0,1.0,0.528,3.0,3.0,1.0,0.566,0.0,3.0,0.0,0.405,,,,,,,,,,,,,,,20180320.0,2017-18,False,DET,4.0,2.0,2.0,0.0,0.0,0.0,0.0,0.0,0.0,0.0,0.0,0.0,0.0,1.0,1.0,0.0,0.0,0.0,1.0,0.0,0.0,,,,,,0.8,0.8,4.61,4.57,1.7,4.13,Elfrid,1.0,0.0,1.0,0.0,13.1,0.0,0.0,12.0,1.0,75.0,75.0,75.0,79.0,84.0,83.0,88.0,76.0,93.0,76.0,75.0,36.0,75.0,76.0,61.0,80.0,16.0,25.0,62.0,55.0,91.0,38.0,62.0,98.0,139.0,98.0,14.0,1.0,90.0,104.63,86.0,108.2,17.0,2.0,76.0,-31.1,13.0,83.0,135.0,109.0,27.0,82.0,84.0,114.0,17.0,72.0,6.0,107.0,137.0,77.1,81.0,83.0,135.0,138.0,13.0,138.0,136.0,82.0,103.0,104.0,108.0,15.0,4.0,,,1.0,,PHX,,-0.409,,0.472,3.0,,3.0,1.0,0.61,0.39,0.434,,,,,,,,,,,,,,,,,,,,,,,,,,,,,,,,,,,,,,,,8833.0,99.0,,,,,,,,,,,,,,,1610612765.0,PHX,DET,PHX,DET,,,1.0,,-0.405,0.0,0.0,0.0,0.0,0.0,0.0,0.0,0.0,0.0,0.0,0.0,0.0,0.0,0.0
203901,Elfrid Payton,1610612756,PHX,24.0,22.016666666666666,2,9,0.222,0,0,0.0,0,0,0.0,1,1,2,2,3,0,0,4,2,0,4,-31,84.48,0.67,0.245,0.222,21.4,46,0.25,-62.7,78.3,101.38,14.3,0.059,0.143,0.05,0.222,0.043,78.3,101.94,141.0,142.6,21.4,-64.3,-0.043,38.0,0.079,44.0,0.053,7.0,0.0,3.0,1.0,5.0,0.0,2.0,0.0,0.0,5.0,0.25,0.0,3.0,8.0,0.0,0.0,0.375,0.0,0.2,0.0,0.0,1.0,0.0,0.08,1.0,4.94,4.62,50.0,2.0,0.0,0.0,18.0,4.1,1.0,6.0,5.3,0.0,0.167,0.222,0.0,1.0,3.0,6.0,0.222,4.6,1.0,0.0,2.0,0.333,0.333,0.0,0.0,0.0,0.0,0.167,0.0,0.0,9.0,0.0,,0.0,1.0,0.111,0.111,0.0,1.0,0.0,0.0,0.0,0.0,0.0,,7.0,0.0,0.0,0.0,0.143,1.0,0.143,7.0,1.0,0.778,0.143,0.778,0.0,0.111,1.0,1.0,1.0,1.0,0.0,,0.0,1.0,0.111,1.0,1.0,,,,,,,,,,,,,,0.5,,2.0,0.5,,,2.0,1.0,0.0,0.0,0.0,0.0,1.0,0.222,0.0,0.0,2.0,1.0,0.0,0.0,1.0,0.0,0.167,0.0,1.0,0.0,0.0,0.0,0.0,0.0,0.0,0.5,0.0,6.0,2.0,0.0,0.0,0.0,0.0,0.0,0.0,,,,,,,0.0,4.0,,1.0,,,0.0,,2.0,0.0,0.0,0.5,0.0,0.0,1.0,0.0,0.5,0.0,0.0,0.0,0.0,0.0,,,1.0,2.0,0.0,,0.0,,,,0.0,2018,21701080,,7.0,9.0,0.778,0.492,0.285,0.0,1.0,0.0,0.396,7.0,8.0,0.875,0.542,7.0,8.0,0.875,0.61,0.0,1.0,0.0,0.391,,,,,,,,,,,,,,,20180323.0,2017-18,False,CLE,4.0,2.0,2.0,1.0,0.0,0.0,0.0,0.0,0.0,0.0,0.0,0.0,0.0,0.0,0.0,0.0,0.0,0.0,0.0,0.0,0.0,,,,,,0.8,0.8,4.39,4.58,1.6,4.21,Elfrid,1.0,0.0,1.0,0.0,6.4,0.0,0.0,8.0,1.0,102.0,102.0,102.0,119.0,124.0,80.0,170.0,105.0,147.0,105.0,111.0,115.0,111.0,51.0,146.0,135.0,72.0,14.0,81.0,62.0,197.0,75.0,149.0,144.0,198.0,170.0,18.0,3.0,164.0,101.38,42.0,142.6,53.0,2.0,70.0,-64.3,96.0,40.0,189.0,178.0,51.0,190.0,124.0,178.0,53.0,157.0,9.0,178.0,192.0,78.3,190.0,80.0,189.0,191.0,77.0,191.0,190.0,190.0,175.0,142.0,188.0,93.0,4.0,,,1.0,,PHX,,-0.396,,0.333,5.0,,6.0,0.833,0.677,0.156,0.265,,,,,,,,,,,,,,,,,,,,,,,,,,,,,,,,,,,,,,,,8298.0,104.0,,,,,,,,,,,,,,,1610612739.0,CLE,PHX,PHX,CLE,,,1.0,,-0.391,0.0,0.0,0.0,0.0,0.0,0.0,0.0,0.0,0.0,0.0,0.0,0.0,0.0,0.0
203901,Elfrid Payton,1610612756,PHX,24.0,33.516666666666666,6,15,0.4,0,3,0.0,2,4,0.5,1,4,5,8,1,3,1,2,3,3,14,-2,84.73,8.0,0.21,0.418,4.0,71,0.217,-5.8,97.2,101.68,32.0,0.114,0.421,0.066,0.4,0.024,94.6,102.86,100.4,100.0,3.9,-2.8,0.117,52.0,0.192,58.0,0.154,15.0,1.0,10.0,1.0,19.0,0.071,8.0,1.0,0.0,7.0,0.571,0.071,3.0,14.0,1.0,0.0,0.214,0.0,0.571,0.0,0.0,4.0,0.0,0.197,2.0,5.42,5.11,71.0,2.0,0.0,1.0,23.0,6.4,1.5,4.0,8.3,0.0,0.25,0.5,0.0,1.0,6.0,6.5,0.5,15.8,4.0,0.0,5.0,0.667,0.667,0.0,0.0,0.0,0.0,0.25,0.0,0.0,10.0,0.0,,0.0,6.0,0.4,0.4,3.0,6.0,0.0,0.5,0.5,3.0,0.5,,2.0,0.0,0.0,0.0,0.5,1.0,0.5,2.0,1.0,0.133,0.5,0.133,0.0,0.2,3.0,3.0,2.0,0.667,0.0,,0.0,0.667,0.2,2.0,0.667,0.0,0.0,0.0,1.0,3.0,0.0,0.0,4.0,0.067,0.0,0.0,0.267,0.2,0.0,0.0,0.0,0.0,0.0,3.0,5.0,0.0,0.0,0.0,2.0,1.0,1.0,0.4,0.0,0.0,3.0,3.0,0.0,0.0,3.0,0.0,0.75,0.0,3.0,0.0,0.0,3.0,0.0,0.0,0.0,0.6,0.0,4.0,5.0,0.0,0.0,0.0,0.0,0.0,0.0,,,,,,,2.0,3.0,0.0,1.0,0.0,0.0,0.0,0.0,2.0,2.0,0.667,0.6,0.0,0.0,3.0,0.0,0.5,0.0,0.0,2.0,0.0,0.0,0.0,0.0,1.0,5.0,0.0,0.0,1.0,,0.0,0.0,0.0,2018,21701090,,7.0,12.0,0.583,0.439,0.145,3.0,4.0,0.75,0.324,4.0,8.0,0.5,0.491,4.0,4.0,1.0,0.57,3.0,7.0,0.429,0.339,,,,,,,,,,,,,,,20180324.0,2017-18,False,ORL,5.0,3.0,2.0,5.0,0.0,1.0,2.0,0.0,2.0,2.0,0.0,1.0,0.0,1.0,1.0,0.0,0.0,0.0,1.0,0.0,0.0,,,,,,1.2,1.2,4.31,4.83,2.4,3.88,Elfrid,1.0,0.0,1.0,0.0,43.0,0.0,0.0,35.0,1.0,64.0,64.0,64.0,19.0,18.0,13.0,61.0,66.0,48.0,66.0,34.0,19.0,53.0,34.0,37.0,37.0,7.0,44.0,7.0,14.0,111.0,93.0,24.0,34.0,64.0,11.0,17.0,2.0,15.0,101.68,42.0,100.0,73.0,6.0,61.0,-2.8,14.0,43.0,64.0,41.0,69.0,64.0,18.0,83.0,73.0,65.0,15.0,41.0,67.0,97.2,74.0,13.0,64.0,62.0,5.0,62.0,72.0,64.0,80.0,72.0,45.0,1.0,14.0,,,1.0,,PHX,,0.426,,0.009,2.0,,2.0,1.0,0.639,0.361,0.43,,,,,,,,,,,,,,,,,,,,,,,,,,,,,,,,,,,,,,,,12934.0,102.0,,,,,,,,,,,,,,,1610612753.0,ORL,PHX,PHX,ORL,,,1.0,,0.09,0.0,0.0,0.0,0.0,0.0,0.0,0.0,0.0,0.0,0.0,0.0,0.0,0.0,0.0
203901,Elfrid Payton,1610612756,PHX,24.0,14.716666666666669,0,1,0.0,0,0,0.0,0,0,0.0,0,1,1,3,1,1,0,0,2,0,0,-15,72.03,3.0,0.071,0.0,20.0,27,0.075,-44.3,85.2,86.43,60.0,0.071,0.375,0.037,0.0,0.0,89.3,88.39,133.6,146.2,20.0,-61.0,0.018,27.0,0.148,26.0,0.111,8.0,0.0,4.0,1.0,7.0,0.0,0.0,0.0,0.0,0.0,0.0,0.167,4.0,6.0,1.0,0.0,0.667,0.0,0.0,0.0,0.0,0.0,0.0,0.0,0.0,6.03,5.6,30.0,0.0,0.0,0.0,6.0,3.0,0.0,1.0,7.4,0.0,0.0,0.5,0.0,0.0,1.0,7.4,0.5,0.0,1.0,0.0,1.0,1.0,1.0,0.0,0.0,0.0,0.0,0.0,0.0,0.0,2.0,,,,,,,,,,,,,,,1.0,0.0,0.0,0.0,0.0,0.0,0.0,1.0,0.0,1.0,0.0,1.0,,,,,,,,,,,,,,,,,,,,,,,,,,,,,0.0,,,,0.0,0.0,0.0,0.0,0.0,0.0,0.0,0.0,0.0,0.0,0.0,0.0,0.0,0.0,0.0,0.0,0.0,0.0,0.0,0.0,0.0,0.0,0.0,0.0,0.0,0.0,0.0,0.0,1.0,0.0,0.0,0.0,0.0,0.0,0.0,,,,,,,0.0,0.0,,0.0,0.0,0.0,0.0,,0.0,0.0,0.0,0.0,0.0,0.0,0.0,0.0,0.0,0.0,0.0,0.0,0.0,0.0,,0.0,0.0,1.0,0.0,,0.0,,,,0.0,2018,21701107,,3.0,6.0,0.5,0.414,0.086,2.0,4.0,0.5,0.374,1.0,2.0,0.5,0.464,1.0,1.0,1.0,0.549,2.0,5.0,0.4,0.379,,,,,,,,,,,,,,,20180326.0,2017-18,False,BOS,6.0,2.0,4.0,0.0,0.0,0.0,0.0,0.0,1.0,1.0,0.0,1.0,0.0,0.0,0.0,0.0,0.0,0.0,0.0,0.0,0.0,,,,,,0.5,0.5,4.11,4.47,1.0,3.8,Elfrid,1.0,0.0,1.0,0.0,7.7,0.0,0.0,6.0,1.0,57.0,57.0,57.0,79.0,93.0,93.0,93.0,56.0,77.0,56.0,55.0,59.0,55.0,57.0,67.0,75.0,20.0,37.0,17.0,28.0,1.0,51.0,72.0,95.0,103.0,82.0,13.0,1.0,85.0,86.43,93.0,146.2,106.0,0.0,57.0,-61.0,4.0,93.0,94.0,95.0,105.0,96.0,93.0,95.0,106.0,72.0,1.0,94.0,97.0,85.2,91.0,93.0,94.0,99.0,10.0,99.0,92.0,96.0,93.0,75.0,92.0,10.0,0.0,,,,,PHX,,0.126,,0.037,1.0,,1.0,1.0,0.59,0.41,0.451,,,,,,,,,,,,,,,,,,,,,,,,,,,,,,,,,,,,,,,,5347.0,93.0,,,,,,,,,,,,,,,1610612738.0,PHX,BOS,PHX,BOS,,,1.0,,0.021,0.0,0.0,0.0,0.0,0.0,0.0,0.0,0.0,0.0,0.0,0.0,0.0,0.0,0.0
203901,Elfrid Payton,1610612740,NOP,25.0,36.86666666666667,5,13,0.385,0,2,0.0,0,2,0.0,1,9,10,10,1,1,0,3,3,2,10,23,84.09,10.0,0.17,0.36,4.0,78,0.176,33.9,130.8,100.9,40.0,0.225,0.278,0.137,0.385,0.03,135.1,99.94,101.2,102.6,4.0,28.2,0.096,63.0,0.206,64.0,0.159,11.0,1.0,13.0,2.0,23.0,0.0,6.0,0.0,1.0,6.0,0.545,0.182,4.0,11.0,2.0,2.0,0.364,0.091,0.5,0.0,0.0,3.0,0.0,0.122,1.0,4.42,4.11,82.0,0.0,0.0,0.0,26.0,6.0,0.0,6.0,8.4,3.0,0.167,0.5,0.222,0.0,14.0,7.5,0.5,15.9,7.0,0.0,7.0,0.643,0.643,0.3,0.0,0.0,1.0,0.167,2.0,1.0,20.0,0.0,,0.0,2.0,0.154,0.154,0.0,2.0,0.0,0.0,0.0,0.0,0.0,,7.0,0.0,0.0,0.0,0.571,4.0,0.571,7.0,4.0,0.538,0.571,0.538,0.0,0.154,2.0,2.0,1.0,0.5,0.0,,0.0,0.5,0.154,1.0,0.5,,0.0,0.0,0.0,2.0,0.0,0.0,2.0,0.0,0.0,0.0,0.154,0.154,0.0,0.0,0.0,0.0,0.0,1.0,1.0,0.0,0.0,0.0,0.0,0.0,0.0,0.385,0.0,0.0,0.0,1.0,0.0,0.0,4.0,0.0,0.25,0.0,0.0,0.0,0.0,2.0,0.0,0.0,0.0,0.571,0.0,4.0,7.0,0.0,0.0,0.0,0.0,0.0,0.0,,,,,,,1.0,4.0,,0.0,,,0.0,,0.0,1.0,0.25,0.571,0.0,0.0,4.0,0.0,0.0,0.0,0.0,1.0,0.0,0.0,,,0.0,7.0,0.0,0.0,1.0,0.0,1.0,0.0,0.0,2019,21800009,,4.0,10.0,0.4,0.416,-0.016,1.0,3.0,0.333,0.355,3.0,7.0,0.429,0.493,2.0,5.0,0.4,0.527,1.0,4.0,0.25,0.361,,,,,,,,,,,,,,,20181017.0,2018-19,False,HOU,4.0,3.0,1.0,0.0,0.0,0.0,0.0,1.0,0.0,1.0,1.0,0.0,0.0,1.0,1.0,1.0,0.0,0.0,1.0,1.0,0.0,,,,,,1.5,1.3,4.34,4.93,2.8,3.81,Elfrid,1.0,1.0,0.0,1.0,39.0,1.0,1.0,32.0,1.0,1.0,1.0,1.0,17.0,66.0,43.0,137.0,122.0,109.0,122.0,122.0,77.0,122.0,62.0,11.0,17.0,1.0,84.0,34.0,71.0,231.0,142.0,84.0,101.0,7.0,27.0,1.0,1.0,41.0,100.9,129.0,102.6,156.0,5.0,92.0,28.2,7.0,129.0,11.0,94.0,165.0,106.0,66.0,178.0,156.0,46.0,13.0,92.0,17.0,130.8,92.0,43.0,11.0,29.0,29.0,29.0,14.0,106.0,155.0,52.0,105.0,1.0,10.0,,,1.0,,NOP,,-0.022,,-0.064,2.0,,5.0,0.4,0.551,-0.151,-0.127,,,,,,,,,,,,,,,,,,,,,,,,,,,,,,,,,,,,,,,,14647.0,105.0,,,,,,,,,,,,,,,1610612745.0,HOU,NOP,NOP,HOU,,,1.0,,-0.111,0.0,0.0,0.0,0.0,0.0,0.0,0.0,0.0,0.0,0.0,0.0,0.0,0.0,0.0
203901,Elfrid Payton,1610612740,NOP,25.0,24.08333333333333,5,7,0.714,1,1,1.0,0,0,0.0,2,4,6,6,2,0,1,0,1,0,11,16,96.33,3.0,0.132,0.786,13.3,58,0.133,23.7,137.9,115.6,40.0,0.2,0.231,0.14,0.786,0.087,134.3,116.99,110.7,110.3,13.3,27.6,0.136,43.0,0.186,42.0,0.14,13.0,2.0,8.0,0.0,15.0,0.0,6.0,0.0,0.0,3.0,1.0,0.167,3.0,6.0,1.0,0.0,0.5,0.0,1.0,0.0,0.0,3.0,0.0,0.208,1.0,4.25,4.06,53.0,1.0,0.0,0.0,19.0,3.8,2.0,3.0,7.6,1.0,0.667,0.857,0.0,1.0,4.0,6.5,0.857,9.8,4.0,0.0,5.0,1.0,1.0,0.167,0.0,0.0,0.5,0.667,0.0,1.0,7.0,0.0,,0.0,3.0,0.429,0.429,2.0,3.0,0.0,0.667,0.667,2.0,0.667,,2.0,0.0,0.0,0.0,0.5,1.0,0.5,2.0,1.0,0.286,0.5,0.286,1.0,0.286,2.0,1.0,1.0,1.25,0.143,1.0,1.0,1.0,0.143,2.0,1.0,,,,,,,,,,,,,,,0.0,0.0,,,0.0,0.0,0.0,3.0,1.0,0.0,0.0,1.0,0.786,0.0,0.0,2.0,1.0,0.0,1.0,3.0,1.0,0.5,,0.0,0.0,0.0,1.0,0.0,,,0.75,0.0,2.0,4.0,0.0,0.0,0.0,0.0,0.0,0.0,,,,,,,1.0,2.0,,0.0,,,1.0,,0.0,1.0,0.5,0.75,0.0,0.0,3.0,0.0,0.0,0.0,0.0,0.0,0.0,1.0,,,0.0,4.0,0.0,1.5,1.0,1.0,1.0,1.0,1.0,2019,21800022,,3.0,6.0,0.5,0.462,0.038,1.0,2.0,0.5,0.395,2.0,4.0,0.5,0.491,0.0,2.0,0.0,0.552,2.0,3.0,0.667,0.419,,,,,,,,,,,,,,,20181019.0,2018-19,False,SAC,3.0,3.0,0.0,0.0,0.0,0.0,0.0,0.0,0.0,0.0,0.0,0.0,0.0,1.0,1.0,0.0,0.0,0.0,1.0,0.0,0.0,,,,,,1.0,0.9,4.43,4.93,1.9,3.99,Elfrid,1.0,1.0,0.0,1.0,28.2,0.0,0.0,26.0,1.0,1.0,1.0,1.0,82.0,48.0,92.0,24.0,59.0,118.0,1.0,116.0,124.0,116.0,28.0,48.0,41.0,16.0,38.0,84.0,15.0,1.0,38.0,152.0,75.0,19.0,59.0,17.0,1.0,58.0,115.6,151.0,110.3,17.0,5.0,39.0,27.6,10.0,152.0,8.0,136.0,5.0,87.0,48.0,26.0,17.0,40.0,7.0,136.0,35.0,137.9,89.0,92.0,8.0,31.0,44.0,31.0,17.0,87.0,28.0,38.0,64.0,11.0,11.0,,,1.0,,NOP,,0.106,,0.009,,,,,,,-0.552,,,,,,,,,,,,,,,,,,,,,,,,,,,,,,,,,,,,,,,,10228.0,114.0,,,,,,,,,,,,,,,1610612758.0,NOP,SAC,NOP,SAC,,,1.0,,0.247,0.0,0.0,0.0,0.0,0.0,0.0,0.0,0.0,0.0,0.0,0.0,0.0,0.0,0.0
203901,Elfrid Payton,1610612740,NOP,25.0,35.75,7,11,0.636,1,1,1.0,5,7,0.714,2,5,7,6,2,3,0,2,4,5,20,11,83.36,3.0,0.184,0.71,9.1,75,0.188,15.0,118.7,100.03,27.3,0.122,0.261,0.085,0.682,0.049,115.9,103.38,101.0,105.4,9.1,13.3,0.17,62.0,0.097,60.0,0.097,10.0,1.0,6.0,0.0,13.0,0.0,9.0,0.0,2.0,5.0,0.9,0.0,1.0,10.0,0.0,4.0,0.1,0.2,0.6,3.0,0.75,3.0,0.0,0.247,0.0,4.22,3.81,81.0,3.0,0.0,0.0,28.0,5.7,1.333,7.0,9.6,1.0,0.286,0.538,0.2,1.0,9.0,5.3,0.438,30.9,4.0,3.0,5.0,0.833,0.556,0.143,0.0,3.0,0.0,0.286,1.0,0.0,16.0,0.0,,0.0,5.0,0.455,0.455,3.0,5.0,0.0,0.6,0.6,3.0,0.6,,3.0,0.0,0.0,0.0,1.0,3.0,1.0,3.0,3.0,0.273,1.0,0.273,0.0,0.091,1.0,1.0,0.0,0.0,0.0,,0.0,0.0,0.091,0.0,0.0,0.0,0.5,1.0,1.0,1.0,0.75,1.0,2.0,0.091,1.0,0.0,0.182,0.091,0.0,0.0,0.0,0.0,,0.0,1.0,0.0,3.0,0.5,0.0,0.0,0.667,0.682,0.0,0.0,4.0,0.0,0.0,1.0,6.0,1.0,0.0,0.0,0.0,0.0,0.0,1.0,0.0,0.0,0.0,0.667,0.0,1.0,9.0,0.0,0.0,0.0,0.0,0.0,0.0,,,,,,,0.0,1.0,,0.0,,,1.0,,0.0,1.0,0.0,0.667,0.0,0.0,6.0,0.0,0.0,0.0,0.0,0.0,0.0,1.0,,,0.0,9.0,0.0,1.5,1.0,1.0,1.0,1.0,1.0,2019,21800050,,5.0,9.0,0.556,0.46,0.096,1.0,3.0,0.333,0.391,4.0,6.0,0.667,0.486,4.0,5.0,0.8,0.494,1.0,3.0,0.333,0.408,,,,,,,,,,,,,,,20181023.0,2018-19,False,LAC,2.0,1.0,1.0,5.0,0.0,0.0,0.0,1.0,1.0,2.0,0.5,0.5,0.0,3.0,3.0,3.0,0.0,0.0,1.0,1.0,0.0,,,,,,1.5,1.3,4.32,4.91,2.8,3.81,Elfrid,1.0,1.0,0.0,1.0,44.4,0.0,0.0,40.0,1.0,1.0,1.0,1.0,11.0,11.0,19.0,12.0,17.0,43.0,1.0,8.0,5.0,20.0,6.0,13.0,13.0,7.0,11.0,2.0,21.0,57.0,49.0,6.0,9.0,9.0,7.0,8.0,1.0,8.0,100.03,34.0,105.4,50.0,7.0,25.0,13.3,16.0,35.0,19.0,38.0,37.0,20.0,11.0,14.0,50.0,30.0,11.0,38.0,12.0,118.7,15.0,19.0,19.0,13.0,8.0,13.0,21.0,20.0,17.0,29.0,9.0,7.0,20.0,,,1.0,,NOP,,-0.058,,0.181,4.0,,5.0,0.8,0.526,0.274,0.306,,,,,,,,,,,,,,,,,,,,,,,,,,,,,,,,,,,,,,,,14563.0,105.0,,,,,,,,,,,,,,,1610612746.0,NOP,LAC,NOP,LAC,,,1.0,,-0.075,0.0,0.0,0.0,0.0,0.0,0.0,0.0,0.0,0.0,0.0,0.0,0.0,0.0,0.0
203901,Elfrid Payton,1610612740,NOP,25.0,31.416666666666668,7,16,0.438,1,3,0.333,2,2,1.0,1,4,5,6,4,0,0,2,3,3,17,-5,85.94,1.5,0.253,0.504,15.4,67,0.269,-0.7,110.4,103.13,23.1,0.121,0.261,0.071,0.469,0.027,110.9,105.02,111.6,116.2,14.9,-5.7,0.085,46.0,0.152,57.0,0.13,11.0,0.0,7.0,1.0,14.0,0.167,10.0,2.0,0.0,9.0,0.833,0.083,1.0,12.0,1.0,0.0,0.083,0.0,0.444,0.0,0.0,4.0,0.0,0.254,0.0,4.41,3.85,67.0,2.0,0.0,0.0,24.0,4.9,1.0,5.0,8.0,2.0,0.25,0.385,0.25,0.0,10.0,8.9,0.333,4.1,3.0,2.0,3.0,0.444,0.4,0.4,1.0,1.0,1.0,0.2,1.0,1.0,15.0,0.0,,0.0,4.0,0.25,0.25,1.0,4.0,0.0,0.25,0.25,1.0,0.25,,8.0,0.0,0.0,0.0,0.5,4.0,0.5,8.0,4.0,0.5,0.5,0.5,0.0,0.063,1.0,1.0,1.0,1.0,0.0,,0.0,1.0,0.063,1.0,1.0,,0.333,1.0,0.0,3.0,0.5,0.333,3.0,0.0,1.0,0.0,0.188,0.188,,0.0,0.0,,,0.0,0.0,0.0,3.0,0.333,0.0,0.0,1.0,0.469,0.0,0.0,2.0,2.0,0.0,0.333,4.0,1.0,0.667,0.0,0.0,0.0,0.0,3.0,0.0,0.0,0.0,0.4,0.0,3.0,10.0,0.0,0.0,0.0,0.0,0.0,0.0,,,,,,,2.0,3.0,,0.0,,,1.0,,0.0,2.0,0.667,0.4,0.0,0.0,4.0,0.0,0.0,0.0,0.0,1.0,0.0,0.5,,,0.0,10.0,0.0,0.5,3.0,0.333,3.0,1.0,1.0,2019,21800072,,7.0,12.0,0.583,0.448,0.136,3.0,4.0,0.75,0.377,4.0,8.0,0.5,0.485,3.0,5.0,0.6,0.517,3.0,5.0,0.6,0.39,,,,,,,,,,,,,,,20181026.0,2018-19,False,BKN,8.0,4.0,4.0,3.0,0.0,0.0,0.0,0.0,1.0,1.0,0.0,1.0,1.0,2.0,3.0,2.0,1.0,0.333,0.667,0.667,0.333,,,,,,1.2,1.2,4.34,4.95,2.4,3.86,Elfrid,1.0,1.0,0.0,1.0,28.0,0.0,0.0,29.0,1.0,1.0,1.0,1.0,26.0,16.0,14.0,83.0,54.0,64.0,67.0,39.0,46.0,1.0,36.0,43.0,50.0,9.0,6.0,74.0,61.0,136.0,110.0,25.0,28.0,96.0,41.0,8.0,1.0,35.0,103.13,28.0,116.2,89.0,7.0,67.0,-5.7,37.0,31.0,77.0,114.0,86.0,97.0,16.0,87.0,89.0,77.0,16.0,114.0,77.0,110.4,84.0,14.0,77.0,84.0,21.0,84.0,66.0,97.0,99.0,80.0,82.0,38.0,17.0,,,1.0,,NOP,,0.373,,0.015,1.0,,3.0,0.333,0.575,-0.241,0.083,,,,,,,,,,,,,,,,,,,,,,,,,,,,,,,,,,,,,,,,12475.0,103.0,,,,,,,,,,,,,,,1610612751.0,NOP,BKN,NOP,BKN,,,1.0,,0.21,0.0,0.0,0.0,0.0,0.0,0.0,0.0,0.0,0.0,0.0,0.0,0.0,0.0,0.0
203901,Elfrid Payton,1610612740,NOP,25.0,15.783333333333331,0,1,0.0,0,0,0.0,0,0,0.0,1,1,2,4,2,0,0,0,3,1,0,-16,93.77,2.0,0.073,0.0,28.6,38,0.078,-47.4,78.9,112.52,57.1,0.071,0.4,0.063,0.0,0.056,79.7,112.28,127.1,127.8,28.6,-48.8,-0.007,32.0,0.156,29.0,0.125,11.0,1.0,5.0,0.0,13.0,0.0,0.0,0.0,0.0,0.0,0.0,0.333,3.0,3.0,1.0,0.0,1.0,0.0,0.0,0.0,0.0,0.0,0.0,0.0,1.0,4.94,4.38,37.0,1.0,0.0,0.0,10.0,3.0,0.0,1.0,10.1,1.0,1.0,0.5,0.0,0.0,3.0,10.3,0.5,10.0,1.0,0.0,1.0,0.333,0.333,0.5,0.0,0.0,1.0,1.0,0.0,1.0,4.0,,,,,,,,,,,,,,,1.0,0.0,0.0,0.0,0.0,0.0,0.0,1.0,0.0,1.0,0.0,1.0,,,,,,,,,,,,,,,,,,,,,,,,,,,,,0.0,,,,0.0,0.0,0.0,0.0,0.0,0.0,0.0,0.0,0.0,0.0,0.0,0.0,0.0,0.0,0.0,0.0,0.0,0.0,0.0,0.0,,0.0,0.0,0.0,0.0,0.0,0.0,1.0,0.0,,0.0,0.0,0.0,,0.0,,,,,,,0.0,1.0,0.0,0.0,,,0.0,0.0,0.0,0.0,0.0,0.0,0.0,0.0,0.0,0.0,0.0,0.0,0.0,0.0,0.0,0.0,0.0,,0.0,0.0,0.0,,0.0,,,,0.0,2019,21800075,,6.0,7.0,0.857,0.453,0.404,0.0,1.0,0.0,0.331,6.0,6.0,1.0,0.515,4.0,4.0,1.0,0.591,2.0,3.0,0.667,0.337,,,,,,,,,,,,,,,20181027.0,2018-19,False,UTA,2.0,1.0,1.0,2.0,0.0,0.0,0.0,1.0,0.0,1.0,1.0,0.0,0.0,1.0,1.0,1.0,0.0,0.0,1.0,1.0,0.0,,,,,,0.7,0.6,4.19,5.01,1.2,4.09,Elfrid,1.0,0.0,1.0,0.0,6.4,0.0,0.0,6.0,1.0,102.0,102.0,102.0,145.0,180.0,188.0,180.0,97.0,155.0,97.0,131.0,139.0,131.0,42.0,145.0,123.0,26.0,30.0,90.0,61.0,1.0,134.0,99.0,193.0,186.0,174.0,15.0,1.0,173.0,112.52,190.0,127.8,26.0,0.0,52.0,-48.8,7.0,189.0,178.0,193.0,26.0,187.0,180.0,193.0,26.0,147.0,1.0,193.0,197.0,78.9,188.0,188.0,178.0,198.0,10.0,198.0,175.0,187.0,180.0,131.0,188.0,29.0,0.0,,,,,NOP,,-0.331,,0.486,4.0,,4.0,1.0,0.616,0.384,0.41,,,,,,,,,,,,,,,,,,,,,,,,,,,,,,,,,,,,,,,,6557.0,109.0,,,,,,,,,,,,,,,1610612762.0,NOP,UTA,NOP,UTA,,,1.0,,0.329,0.0,0.0,0.0,0.0,0.0,0.0,0.0,0.0,0.0,0.0,0.0,0.0,0.0,0.0
203901,Elfrid Payton,1610612740,NOP,25.0,8.116666666666667,0,3,0.0,0,0,0.0,0,0,0.0,0,1,1,0,1,1,0,1,2,0,0,-12,103.49,0.0,0.19,0.0,25.0,21,0.2,-54.3,57.1,124.19,0.0,0.083,0.0,0.043,0.0,0.0,60.0,121.23,114.3,114.3,25.0,-57.1,-0.11,14.0,0.0,17.0,0.0,2.0,0.0,0.0,0.0,0.0,0.0,0.0,0.0,0.0,1.0,0.0,0.0,2.0,3.0,0.0,0.0,0.667,0.0,0.0,0.0,0.0,0.0,0.0,0.0,0.0,4.15,3.65,20.0,0.0,0.0,0.0,8.0,1.4,0.0,1.0,7.5,0.0,0.0,0.5,0.0,0.0,1.0,7.5,0.5,0.0,1.0,0.0,1.0,1.0,1.0,0.0,0.0,0.0,0.0,0.0,0.0,0.0,2.0,0.0,,0.0,1.0,0.333,0.333,0.0,1.0,0.0,0.0,0.0,0.0,0.0,,1.0,0.0,0.0,0.0,0.0,0.0,0.0,1.0,0.0,0.333,0.0,0.333,0.0,0.333,1.0,1.0,0.0,0.0,0.0,,0.0,0.0,0.333,0.0,0.0,,,,,,,,,,,,,,,,0.0,,,,0.0,0.0,0.0,0.0,0.0,0.0,0.0,0.0,0.0,0.0,0.0,0.0,0.0,0.0,0.0,0.0,0.0,0.0,0.0,0.0,0.0,0.0,0.0,0.0,0.0,0.0,0.0,0.0,3.0,0.0,0.0,0.0,0.0,0.0,0.0,,,,,,,0.0,0.0,,0.0,,,0.0,,0.0,0.0,0.0,0.0,0.0,0.0,0.0,0.0,0.0,0.0,0.0,0.0,0.0,0.0,,,0.0,3.0,0.0,,0.0,,,,0.0,2019,21800222,,0.0,3.0,0.0,0.426,-0.426,,,,,0.0,3.0,0.0,0.473,0.0,1.0,0.0,0.486,0.0,1.0,0.0,0.373,,,,,,,,,,,,,,,20181116.0,2018-19,False,NYK,3.0,3.0,0.0,1.0,0.0,0.0,0.0,0.0,0.0,0.0,0.0,0.0,0.0,0.0,0.0,0.0,0.0,0.0,0.0,0.0,0.0,,,,,,0.3,0.3,4.91,4.66,0.7,3.84,Elfrid,1.0,1.0,0.0,1.0,3.2,0.0,0.0,3.0,1.0,1.0,1.0,1.0,152.0,148.0,133.0,148.0,91.0,127.0,91.0,94.0,96.0,94.0,83.0,121.0,127.0,120.0,72.0,37.0,59.0,114.0,72.0,120.0,152.0,138.0,154.0,18.0,1.0,155.0,124.19,78.0,114.3,1.0,0.0,83.0,-57.1,120.0,76.0,162.0,148.0,1.0,128.0,148.0,152.0,1.0,110.0,3.0,147.0,163.0,57.1,131.0,133.0,162.0,164.0,120.0,164.0,162.0,128.0,148.0,121.0,164.0,89.0,0.0,,,1.0,,NOP,,,,-0.473,0.0,,1.0,0.0,0.513,-0.513,-0.486,,,,,,,,,,,,,,,,,,,,,,,,,,,,,,,,,,,,,,,,3500.0,111.0,,,,,,,,,,,,,,,1610612752.0,NOP,NYK,NOP,NYK,,,1.0,,-0.373,0.0,0.0,0.0,0.0,0.0,0.0,0.0,0.0,0.0,0.0,0.0,0.0,0.0,0.0
203901,Elfrid Payton,1610612740,NOP,25.0,24.225,3,9,0.333,1,3,0.333,2,2,1.0,0,1,1,6,4,1,0,2,2,1,9,-10,82.56,1.5,0.237,0.455,20.0,50,0.234,-18.4,116.0,99.07,30.0,0.042,0.353,0.02,0.389,0.0,113.1,102.04,131.5,136.0,20.1,-20.0,0.044,46.0,0.13,53.0,0.13,11.0,0.0,6.0,0.0,16.0,0.083,2.0,1.0,0.0,5.0,0.167,0.167,6.0,12.0,2.0,0.0,0.5,0.0,0.2,0.0,0.0,1.0,0.0,0.15,1.0,3.86,3.15,60.0,1.0,0.0,0.0,30.0,3.9,0.0,4.0,2.8,0.0,0.0,0.125,0.0,0.0,4.0,2.8,0.125,0.0,1.0,0.0,1.0,0.25,0.25,0.0,0.0,0.0,0.0,0.0,0.0,0.0,8.0,0.0,,0.0,2.0,0.222,0.222,0.0,2.0,0.0,0.0,0.0,0.0,0.0,,4.0,0.0,0.0,0.0,0.5,2.0,0.5,4.0,2.0,0.444,0.5,0.444,,,,,,,,,,,,,,,0.333,1.0,0.0,3.0,0.5,0.333,3.0,0.0,1.0,0.0,0.333,0.333,0.5,0.0,2.0,0.5,0.0,1.0,2.0,1.0,3.0,0.5,0.0,0.0,0.0,0.389,0.0,0.0,0.0,1.0,0.0,0.333,1.0,1.0,0.5,0.0,0.0,0.0,0.0,3.0,0.0,0.0,0.0,0.25,0.0,2.0,4.0,0.0,0.0,0.0,0.0,0.0,0.0,,,,,,,0.0,1.0,,1.0,0.0,0.0,0.0,,1.0,2.0,0.0,0.25,0.0,0.0,1.0,1.0,1.0,0.0,0.0,1.0,0.0,0.0,,0.0,0.0,4.0,1.0,0.75,2.0,0.5,2.0,1.0,1.0,2019,21800546,,3.0,9.0,0.333,0.431,-0.097,1.0,4.0,0.25,0.328,2.0,5.0,0.4,0.477,1.0,2.0,0.5,0.555,1.0,5.0,0.2,0.347,,,,,,,,,,,,,,,20181231.0,2018-19,False,MIN,6.0,3.0,3.0,3.0,0.0,0.0,0.0,0.0,1.0,1.0,0.0,1.0,0.0,1.0,1.0,0.0,0.0,0.0,1.0,0.0,0.0,,,,,,1.0,0.9,4.35,4.6,1.9,4.09,Elfrid,1.0,1.0,0.0,1.0,18.2,0.0,0.0,19.0,1.0,1.0,1.0,1.0,65.0,69.0,49.0,106.0,45.0,52.0,55.0,44.0,51.0,1.0,75.0,113.0,128.0,12.0,9.0,21.0,47.0,142.0,68.0,79.0,71.0,128.0,77.0,13.0,3.0,68.0,99.07,49.0,136.0,93.0,3.0,75.0,-20.0,28.0,41.0,60.0,128.0,59.0,139.0,69.0,105.0,93.0,131.0,9.0,128.0,111.0,116.0,135.0,49.0,60.0,113.0,15.0,113.0,66.0,139.0,107.0,142.0,112.0,33.0,9.0,,,1.0,,NOP,,-0.078,,-0.077,1.0,,2.0,0.5,0.588,-0.088,-0.055,,,,,,,,,,,,,,,,,,,,,,,,,,,,,,,,,,,,,,,,9996.0,98.0,,,,,,,,,,,,,,,1610612750.0,NOP,MIN,NOP,MIN,,,1.0,,-0.147,0.0,0.0,0.0,0.0,0.0,0.0,0.0,0.0,0.0,0.0,0.0,0.0,0.0,0.0
203901,Elfrid Payton,1610612740,NOP,25.0,33.56666666666667,10,15,0.667,2,4,0.5,3,4,0.75,1,1,2,7,4,0,0,0,0,5,25,18,84.61,1.75,0.25,0.746,14.8,71,0.259,21.6,139.4,101.53,25.9,0.029,0.259,0.031,0.733,0.033,137.3,101.64,115.6,114.1,14.4,25.4,0.146,50.0,0.14,68.0,0.14,10.0,0.0,7.0,0.0,16.0,0.063,13.0,1.0,0.0,8.0,0.813,0.125,6.0,16.0,2.0,0.0,0.375,0.0,0.75,0.0,0.0,6.0,0.0,0.333,1.0,3.9,3.21,75.0,3.0,0.0,0.0,37.0,4.9,1.333,2.0,9.9,0.0,0.5,0.4,0.0,1.0,3.0,16.9,0.4,2.8,1.0,0.0,2.0,0.333,0.333,0.0,0.0,0.0,0.0,0.5,0.0,0.0,5.0,0.0,,0.0,4.0,0.267,0.267,3.0,4.0,0.0,0.75,0.75,3.0,0.75,,4.0,0.0,0.0,0.0,0.75,3.0,0.75,4.0,3.0,0.267,0.75,0.267,1.0,0.267,4.0,3.0,2.0,0.875,0.067,1.0,1.0,0.75,0.2,3.0,0.667,,0.333,1.0,0.0,3.0,0.5,0.333,3.0,0.0,1.0,0.0,0.2,0.2,1.0,1.0,3.0,1.5,1.0,1.0,1.0,1.0,3.0,0.333,0.0,0.0,0.667,0.733,0.0,0.0,4.0,3.0,0.0,0.5,5.0,2.0,0.6,0.0,0.0,0.0,0.0,4.0,0.0,0.0,0.0,0.833,0.0,5.0,6.0,0.0,0.0,0.0,0.0,0.0,0.0,,,,,,,3.0,5.0,0.0,0.0,,,2.0,0.0,0.0,3.0,0.6,0.833,0.0,0.0,5.0,0.0,0.0,0.0,0.0,1.0,0.0,0.667,0.0,,0.0,6.0,0.0,0.5,3.0,0.333,3.0,1.0,1.0,2019,21800557,,6.0,15.0,0.4,0.456,-0.056,3.0,5.0,0.6,0.393,3.0,10.0,0.3,0.501,2.0,7.0,0.286,0.534,4.0,8.0,0.5,0.391,,,,,,,,,,,,,,,20190102.0,2018-19,False,BKN,9.0,5.0,4.0,3.0,0.0,0.0,0.0,1.0,1.0,2.0,0.5,0.5,0.0,2.0,2.0,2.0,0.0,0.0,1.0,1.0,0.0,,,,,,1.2,1.3,4.22,4.6,2.5,3.93,Elfrid,1.0,0.0,1.0,0.0,33.9,0.0,0.0,36.0,1.0,95.0,95.0,95.0,33.0,8.0,20.0,24.0,24.0,42.0,33.0,28.0,27.0,46.0,41.0,129.0,114.0,8.0,2.0,78.0,57.0,1.0,1.0,15.0,12.0,15.0,35.0,18.0,2.0,23.0,101.53,39.0,114.1,73.0,10.0,66.0,25.4,39.0,39.0,10.0,152.0,77.0,114.0,8.0,32.0,73.0,161.0,15.0,153.0,41.0,139.4,122.0,20.0,10.0,38.0,38.0,38.0,11.0,114.0,31.0,156.0,47.0,52.0,25.0,,,1.0,,NOP,,0.207,,-0.201,2.0,,6.0,0.333,0.576,-0.242,-0.248,,,,,,,,,,,,,,,,,,,,,,,,,,,,,,,,,,,,,,,,13439.0,97.0,,,,,,,,,,,,,,,1610612751.0,BKN,NOP,NOP,BKN,,,1.0,,0.109,0.0,0.0,0.0,0.0,0.0,0.0,0.0,0.0,0.0,0.0,0.0,0.0,0.0,0.0
203901,Elfrid Payton,1610612740,NOP,25.0,23.666666666666668,5,8,0.625,1,1,1.0,2,2,1.0,0,0,0,3,2,2,0,0,2,3,13,22,84.51,1.5,0.2,0.732,14.3,50,0.208,53.7,132.0,101.41,21.4,0.0,0.15,0.0,0.688,0.0,139.6,99.87,85.9,88.0,14.4,44.0,0.113,36.0,0.083,46.0,0.083,4.0,0.0,3.0,0.0,7.0,0.0,2.0,0.0,0.0,4.0,0.25,0.125,3.0,8.0,1.0,0.0,0.375,0.0,0.25,0.0,0.0,1.0,0.0,0.265,0.0,3.63,3.2,49.0,1.0,0.0,0.0,22.0,3.0,2.0,,,,,,,,,,,,,,,,,,,,,,,,,0.0,,0.0,1.0,0.125,0.125,0.0,1.0,0.0,0.0,0.0,0.0,0.0,,5.0,0.0,0.0,0.0,0.6,3.0,0.6,5.0,3.0,0.625,0.6,0.625,0.0,0.125,1.0,1.0,1.0,1.0,0.0,,0.0,1.0,0.125,1.0,1.0,,1.0,1.0,0.0,1.0,1.5,1.0,1.0,0.0,1.0,0.0,0.125,0.125,,0.0,0.0,,,0.0,0.0,0.0,3.0,1.0,0.0,0.0,1.0,0.688,0.0,0.0,2.0,1.0,0.0,1.0,3.0,1.0,1.0,0.0,0.0,0.0,0.0,1.0,0.0,0.0,0.0,0.5,0.0,1.0,6.0,0.0,0.0,0.0,0.0,0.0,0.0,,,,,,,1.0,1.0,0.0,0.0,,,1.0,0.0,0.0,1.0,1.0,0.5,0.0,0.0,3.0,0.0,0.0,0.0,0.0,0.0,0.0,1.0,0.0,,0.0,6.0,0.0,1.5,1.0,1.0,1.0,1.0,1.0,2019,21800579,,3.0,9.0,0.333,0.426,-0.092,1.0,3.0,0.333,0.377,2.0,6.0,0.333,0.459,2.0,4.0,0.5,0.562,1.0,5.0,0.2,0.366,,,,,,,,,,,,,,,20190105.0,2018-19,False,CLE,7.0,3.0,4.0,2.0,0.0,1.0,2.0,1.0,0.0,1.0,1.0,0.0,0.0,0.0,0.0,0.0,0.0,0.0,0.0,0.0,0.0,,,,,,0.9,0.9,4.3,4.85,1.8,3.86,Elfrid,1.0,1.0,0.0,1.0,21.5,0.0,0.0,21.0,1.0,1.0,1.0,1.0,89.0,45.0,65.0,27.0,50.0,105.0,1.0,46.0,59.0,1.0,75.0,144.0,149.0,44.0,29.0,15.0,50.0,1.0,71.0,35.0,54.0,6.0,76.0,16.0,2.0,73.0,101.41,52.0,88.0,87.0,5.0,75.0,44.0,57.0,52.0,17.0,118.0,104.0,22.0,45.0,34.0,87.0,144.0,8.0,112.0,5.0,132.0,20.0,65.0,17.0,8.0,70.0,8.0,6.0,22.0,36.0,149.0,56.0,46.0,13.0,,,1.0,,NOP,,-0.044,,-0.126,2.0,,4.0,0.5,0.628,-0.128,-0.062,,,,,,,,,,,,,,,,,,,,,,,,,,,,,,,,,,,,,,,,9280.0,102.0,,,,,,,,,,,,,,,1610612739.0,CLE,NOP,NOP,CLE,,,1.0,,-0.166,0.0,0.0,0.0,0.0,0.0,0.0,0.0,0.0,0.0,0.0,0.0,0.0,0.0,0.0
203901,Elfrid Payton,1610612740,NOP,25.0,24.41333333333333,5,10,0.5,0,0,0.0,1,1,1.0,0,3,3,4,4,3,0,1,1,1,11,9,81.1,1.0,0.264,0.527,22.2,50,0.264,14.5,112.0,97.32,22.2,0.136,0.222,0.075,0.5,0.0,106.5,101.92,92.0,95.9,21.7,16.1,0.12,36.0,0.111,43.0,0.111,5.0,0.0,4.0,0.0,9.0,0.111,7.0,1.0,0.0,6.0,0.778,0.0,1.0,9.0,0.0,0.0,0.111,0.0,0.5,0.0,0.0,3.0,0.0,0.208,0.0,4.21,3.85,53.0,3.0,0.0,0.0,27.0,3.7,0.0,3.0,10.9,0.0,0.0,0.6,0.0,0.0,3.0,10.9,0.5,0.0,3.0,1.0,3.0,1.0,1.0,0.0,1.0,0.0,0.0,0.0,0.0,0.0,6.0,0.0,,0.0,3.0,0.3,0.3,1.0,3.0,0.0,0.333,0.333,1.0,0.333,,6.0,0.0,0.0,0.0,0.5,3.0,0.5,6.0,3.0,0.6,0.5,0.6,0.0,0.1,1.0,1.0,1.0,1.0,0.0,,0.0,1.0,0.1,1.0,1.0,,,,,,,,,,,,,,1.0,,2.0,1.0,,,1.0,1.0,0.0,0.0,0.0,0.0,0.0,0.5,0.0,0.0,0.0,1.0,0.0,0.0,4.0,0.0,1.0,0.0,0.0,0.0,0.0,0.0,0.0,0.0,0.0,0.444,0.0,1.0,9.0,0.0,0.0,0.0,0.0,0.0,0.0,,,,,,,1.0,1.0,,0.0,0.0,0.0,0.0,,0.0,0.0,1.0,0.444,0.0,0.0,4.0,0.0,0.0,0.0,0.0,0.0,0.0,0.0,,0.0,0.0,9.0,0.0,,0.0,,,,0.0,2019,21800595,,1.0,6.0,0.167,0.418,-0.252,0.0,4.0,0.0,0.343,1.0,2.0,0.5,0.534,1.0,1.0,1.0,0.575,0.0,5.0,0.0,0.343,,,,,,,,,,,,,,,20190107.0,2018-19,False,MEM,3.0,0.0,3.0,4.0,0.0,0.0,0.0,0.0,0.0,0.0,0.0,0.0,0.0,0.0,0.0,0.0,0.0,0.0,0.0,0.0,0.0,,,,,,1.0,0.9,4.14,4.92,1.8,3.89,Elfrid,1.0,1.0,0.0,1.0,25.6,0.0,0.0,24.0,1.0,1.0,1.0,1.0,78.0,36.0,49.0,55.0,81.0,130.0,81.0,72.0,89.0,1.0,82.0,67.0,83.0,26.0,9.0,5.0,46.0,131.0,42.0,84.0,64.0,29.0,48.0,16.0,1.0,48.0,97.32,30.0,95.9,142.0,5.0,82.0,16.1,62.0,29.0,63.0,146.0,89.0,50.0,36.0,87.0,142.0,79.0,10.0,147.0,44.0,112.0,40.0,49.0,63.0,49.0,43.0,49.0,85.0,50.0,74.0,83.0,66.0,44.0,11.0,,,1.0,,NOP,,-0.343,,-0.034,1.0,,1.0,1.0,0.638,0.362,0.425,,,,,,,,,,,,,,,,,,,,,,,,,,,,,,,,,,,,,,,,9637.0,96.0,,,,,,,,,,,,,,,1610612763.0,NOP,MEM,NOP,MEM,,,1.0,,-0.343,0.0,0.0,0.0,0.0,0.0,0.0,0.0,0.0,0.0,0.0,0.0,0.0,0.0,0.0
203901,Elfrid Payton,1610612740,NOP,25.0,28.15,3,9,0.333,0,2,0.0,0,0,0.0,0,3,3,9,3,1,0,2,4,1,6,9,86.68,3.0,0.171,0.333,14.3,60,0.168,8.3,131.7,104.01,42.9,0.12,0.36,0.058,0.333,0.0,124.7,105.31,116.4,112.9,14.3,18.8,0.043,57.0,0.175,67.0,0.158,17.0,0.0,10.0,1.0,24.0,0.111,4.0,1.0,0.0,5.0,0.444,0.0,3.0,9.0,0.0,0.0,0.333,0.0,0.4,0.0,0.0,2.0,0.0,0.083,1.0,4.07,3.29,72.0,2.0,0.0,0.0,28.0,4.9,1.0,2.0,10.6,0.0,0.0,0.429,0.0,0.0,5.0,10.6,0.429,0.0,3.0,0.0,3.0,0.6,0.6,0.0,0.0,0.0,0.0,0.0,0.0,0.0,7.0,0.0,,0.0,6.0,0.667,0.667,3.0,6.0,0.0,0.5,0.5,3.0,0.5,0.0,2.0,0.0,1.0,0.111,0.0,0.0,0.0,1.0,0.0,0.222,0.0,0.111,,,,,,,,,,,,,,,0.0,0.0,0.0,1.0,0.0,0.0,1.0,0.0,0.0,0.0,0.111,0.111,,0.0,0.0,,,0.0,0.0,0.0,0.0,0.0,0.0,0.0,1.0,0.333,0.0,0.0,2.0,0.0,0.0,0.0,3.0,0.0,0.0,0.0,0.0,0.0,0.0,1.0,0.0,0.0,0.0,0.6,0.0,2.0,5.0,0.0,0.0,0.0,0.0,1.0,0.0,,,,,,,0.0,2.0,,0.0,0.0,0.0,0.0,,0.0,1.0,0.0,0.6,0.0,1.0,3.0,0.0,0.0,0.0,0.0,0.0,0.0,0.0,,0.0,0.0,5.0,0.0,0.0,1.0,0.0,1.0,0.0,0.0,2019,21800612,,5.0,7.0,0.714,0.421,0.294,2.0,3.0,0.667,0.371,3.0,4.0,0.75,0.495,2.0,2.0,1.0,0.537,2.0,3.0,0.667,0.357,,,,,,,,,,,,,,,20190109.0,2018-19,False,CLE,4.0,1.0,3.0,2.0,0.0,0.0,0.0,0.0,0.0,0.0,0.0,0.0,0.0,0.0,0.0,0.0,0.0,0.0,0.0,0.0,0.0,,,,,,1.1,1.0,4.16,4.74,2.1,3.67,Elfrid,1.0,1.0,0.0,1.0,23.1,0.0,0.0,20.0,1.0,1.0,1.0,1.0,72.0,108.0,73.0,142.0,109.0,99.0,109.0,113.0,117.0,113.0,105.0,77.0,102.0,4.0,19.0,35.0,62.0,198.0,167.0,100.0,131.0,46.0,84.0,14.0,1.0,101.0,104.01,126.0,112.9,97.0,3.0,105.0,18.8,12.0,118.0,23.0,146.0,82.0,139.0,108.0,171.0,97.0,109.0,9.0,145.0,75.0,131.7,151.0,73.0,23.0,51.0,17.0,51.0,39.0,139.0,153.0,130.0,156.0,17.0,6.0,,,1.0,,NOP,,0.296,,0.256,2.0,,2.0,1.0,0.576,0.424,0.463,,,,,,,,,,,,,,,,,,,,,,,,,,,,,,,,,,,,,,,,11117.0,105.0,,,,,,,,,,,,,,,1610612739.0,NOP,CLE,NOP,CLE,,,1.0,,0.31,0.0,0.0,0.0,0.0,0.0,0.0,0.0,0.0,0.0,0.0,0.0,0.0,0.0,0.0
203901,Elfrid Payton,1610612740,NOP,25.0,26.586666666666662,3,6,0.5,2,2,1.0,2,2,1.0,1,2,3,6,2,3,1,1,1,1,10,7,91.78,3.0,0.134,0.727,13.3,61,0.138,11.3,108.2,110.13,40.0,0.059,0.273,0.051,0.667,0.04,109.7,108.43,98.4,96.7,13.4,11.5,0.145,51.0,0.137,52.0,0.118,10.0,0.0,7.0,1.0,14.0,0.2,0.0,1.0,0.0,0.0,0.0,0.2,4.0,5.0,1.0,0.0,0.8,0.0,0.0,0.0,0.0,0.0,0.0,0.167,0.0,4.1,3.73,60.0,2.0,0.0,0.0,22.0,4.1,1.0,2.0,4.3,2.0,0.5,0.5,0.5,0.0,5.0,4.5,0.429,4.0,1.0,1.0,1.0,0.5,0.4,0.667,0.0,1.0,1.0,0.5,1.0,1.0,7.0,,,,,,,,,,,,,,,4.0,0.0,0.0,0.0,0.25,1.0,0.25,4.0,1.0,0.667,0.25,0.667,,,,,,,,,,,,,,,1.0,2.0,0.0,2.0,1.5,1.0,2.0,0.0,2.0,0.0,0.333,0.333,0.0,0.0,0.0,0.0,,0.0,1.0,0.0,6.0,1.0,0.0,0.0,1.0,0.667,0.0,0.0,2.0,0.0,0.0,1.0,1.0,2.0,0.0,0.0,1.0,0.0,,2.0,0.0,0.0,0.0,0.5,0.0,1.0,2.0,,0.0,0.0,0.0,,0.0,,,,,,,0.0,0.0,0.0,0.0,0.0,0.0,1.0,0.0,1.0,1.0,0.0,0.333,0.0,,1.0,1.0,0.0,0.0,,1.0,,1.0,0.0,0.0,0.0,3.0,1.0,1.5,2.0,1.0,2.0,2.0,2.0,2019,21800633,,3.0,9.0,0.333,0.435,-0.102,1.0,4.0,0.25,0.328,2.0,5.0,0.4,0.484,0.0,2.0,0.0,0.539,1.0,5.0,0.2,0.333,,,,,,,,,,,,,,,20190112.0,2018-19,False,MIN,4.0,2.0,2.0,2.0,0.0,0.0,0.0,0.0,1.0,1.0,0.0,1.0,0.0,1.0,1.0,0.0,0.0,0.0,1.0,0.0,0.0,,,,,,1.1,1.0,4.26,4.99,2.0,4.01,Elfrid,1.0,0.0,1.0,0.0,32.6,0.0,0.0,29.0,1.0,80.0,80.0,80.0,76.0,80.0,93.0,47.0,22.0,79.0,1.0,38.0,52.0,1.0,52.0,87.0,86.0,9.0,29.0,4.0,22.0,96.0,31.0,72.0,71.0,40.0,42.0,19.0,1.0,43.0,110.13,114.0,96.7,10.0,3.0,62.0,11.5,10.0,116.0,65.0,119.0,11.0,42.0,80.0,30.0,10.0,120.0,6.0,119.0,47.0,108.2,60.0,93.0,65.0,45.0,25.0,45.0,58.0,42.0,33.0,105.0,40.0,14.0,10.0,,,,,NOP,,-0.078,,-0.084,0.0,,2.0,0.0,0.586,-0.586,-0.539,,,,,,,,,,,,,,,,,,,,,,,,,,,,,,,,,,,,,,,,10684.0,103.0,,,,,,,,,,,,,,,1610612750.0,MIN,NOP,NOP,MIN,,,1.0,,-0.133,0.0,0.0,0.0,0.0,0.0,0.0,0.0,0.0,0.0,0.0,0.0,0.0,0.0,0.0
203901,Elfrid Payton,1610612740,NOP,25.0,29.39,5,10,0.5,1,3,0.333,0,2,0.0,1,5,6,3,0,0,0,2,0,2,11,6,89.15,0.0,0.143,0.506,0.0,65,0.142,9.9,120.0,106.98,21.4,0.192,0.12,0.095,0.55,0.027,118.5,107.86,108.6,109.1,0.0,10.9,0.087,49.0,0.102,51.0,0.061,7.0,0.0,5.0,2.0,8.0,0.1,4.0,1.0,1.0,5.0,0.4,0.0,3.0,10.0,0.0,2.0,0.3,0.1,0.4,0.0,0.0,2.0,0.0,0.177,1.0,4.29,4.1,62.0,1.0,0.0,2.0,21.0,4.4,2.0,4.0,12.4,0.0,0.25,0.667,0.0,1.0,7.0,10.5,0.6,21.5,5.0,1.0,6.0,0.833,0.714,0.0,0.0,1.0,0.0,0.25,0.0,0.0,10.0,0.0,,0.0,2.0,0.2,0.2,0.0,2.0,0.0,0.0,0.0,0.0,0.0,,4.0,0.0,0.0,0.0,0.75,3.0,0.75,4.0,3.0,0.4,0.75,0.4,1.0,0.2,2.0,1.0,1.0,0.5,0.1,0.0,0.0,0.5,0.1,1.0,1.0,,0.5,1.0,0.0,2.0,0.75,0.5,2.0,0.0,1.0,0.0,0.2,0.2,0.0,0.0,0.0,0.0,0.0,2.0,2.0,0.0,3.0,1.0,2.0,1.0,1.0,0.55,0.0,0.0,2.0,0.0,0.0,0.333,4.0,1.0,0.0,0.0,0.0,0.0,0.0,3.0,0.0,0.0,0.0,0.8,0.0,2.0,5.0,0.0,0.0,0.0,0.0,0.0,0.0,,,,,,,0.0,2.0,,0.0,0.0,0.0,1.0,,0.0,3.0,0.0,0.8,0.0,0.0,4.0,0.0,0.0,0.0,0.0,0.0,0.0,0.333,,0.0,0.0,5.0,0.0,1.5,1.0,1.0,1.0,1.0,1.0,2019,21800650,,6.0,13.0,0.462,0.445,0.016,3.0,6.0,0.5,0.386,3.0,7.0,0.429,0.469,3.0,6.0,0.5,0.512,3.0,6.0,0.5,0.407,,,,,,,,,,,,,,,20190114.0,2018-19,False,LAC,8.0,2.0,6.0,2.0,0.0,0.0,0.0,1.0,1.0,2.0,0.5,0.5,0.0,1.0,1.0,0.0,0.0,0.0,1.0,0.0,0.0,,,,,,1.1,1.0,4.2,4.28,2.2,3.76,Elfrid,1.0,1.0,0.0,1.0,22.7,0.0,0.0,21.0,1.0,1.0,1.0,1.0,41.0,30.0,39.0,34.0,39.0,47.0,39.0,61.0,39.0,61.0,35.0,22.0,24.0,32.0,78.0,57.0,45.0,108.0,1.0,36.0,45.0,31.0,49.0,10.0,1.0,51.0,106.98,82.0,109.1,13.0,5.0,62.0,10.9,41.0,81.0,17.0,1.0,12.0,64.0,30.0,65.0,13.0,30.0,10.0,1.0,38.0,120.0,69.0,39.0,17.0,36.0,63.0,36.0,19.0,64.0,42.0,45.0,61.0,65.0,11.0,,,1.0,,NOP,,0.114,,-0.041,3.0,,6.0,0.5,0.548,-0.048,-0.012,,,,,,,,,,,,,,,,,,,,,,,,,,,,,,,,,,,,,,,,11538.0,104.0,,,,,,,,,,,,,,,1610612746.0,LAC,NOP,NOP,LAC,,,1.0,,0.093,0.0,0.0,0.0,0.0,0.0,0.0,0.0,0.0,0.0,0.0,0.0,0.0,0.0,0.0
203901,Elfrid Payton,1610612740,NOP,25.0,29.23333333333333,3,10,0.3,1,3,0.333,0,1,0.0,2,3,5,12,4,2,0,2,3,2,7,3,95.78,3.0,0.184,0.335,15.4,70,0.195,3.4,120.0,114.94,46.2,0.094,0.5,0.074,0.35,0.056,119.8,114.71,116.4,115.7,15.1,4.3,0.06,52.0,0.25,56.0,0.231,10.0,0.0,13.0,1.0,30.0,0.1,2.0,1.0,0.0,3.0,0.2,0.2,5.0,10.0,2.0,0.0,0.5,0.0,0.333,0.0,0.0,1.0,0.0,0.097,3.0,3.87,3.5,72.0,4.0,0.0,0.667,30.0,4.6,1.0,6.0,12.8,0.0,0.333,0.5,0.0,2.0,5.0,14.4,0.455,10.4,3.0,1.0,5.0,0.75,0.6,0.0,0.0,1.0,0.0,0.333,0.0,0.0,11.0,0.0,,0.0,1.0,0.1,0.1,0.0,1.0,0.0,0.0,0.0,0.0,0.0,,4.0,0.0,0.0,0.0,0.25,1.0,0.25,4.0,1.0,0.4,0.25,0.4,0.0,0.2,2.0,2.0,1.0,0.5,0.0,,0.0,0.5,0.2,1.0,0.5,,0.333,1.0,0.0,3.0,0.5,0.333,3.0,0.0,1.0,0.0,0.3,0.3,0.0,0.0,0.0,0.0,0.0,1.0,1.0,0.0,3.0,0.5,2.0,1.0,0.667,0.35,0.0,0.0,4.0,1.0,0.0,0.333,1.0,1.0,0.25,0.0,0.0,0.0,0.0,3.0,0.0,0.0,0.0,0.333,0.0,4.0,3.0,0.0,0.0,0.0,0.0,0.0,0.0,,,,,,,0.0,2.0,,1.0,0.0,0.0,1.0,,1.0,3.0,0.0,0.25,0.0,0.0,1.0,0.0,1.0,0.0,0.0,0.0,0.0,0.333,,0.0,0.0,4.0,0.0,0.75,2.0,0.5,2.0,1.0,1.0,2019,21800663,,4.0,12.0,0.333,0.479,-0.145,2.0,6.0,0.333,0.417,2.0,6.0,0.333,0.546,2.0,2.0,1.0,0.643,2.0,8.0,0.25,0.411,,,,,,,,,,,,,,,20190116.0,2018-19,False,GSW,8.0,3.0,5.0,1.0,0.0,1.0,3.0,1.0,2.0,3.0,0.333,0.667,0.0,0.0,0.0,0.0,0.0,0.0,0.0,0.0,0.0,,,,,,1.3,1.1,4.72,5.08,2.4,4.36,Elfrid,1.0,0.0,1.0,0.0,33.0,0.0,0.0,29.0,1.0,89.0,89.0,89.0,55.0,88.0,61.0,133.0,61.0,66.0,67.0,90.0,82.0,90.0,20.0,66.0,47.0,3.0,4.0,8.0,54.0,153.0,121.0,44.0,103.0,59.0,33.0,18.0,2.0,41.0,114.94,74.0,115.7,19.0,3.0,46.0,4.3,8.0,79.0,70.0,147.0,15.0,71.0,88.0,140.0,19.0,95.0,10.0,145.0,68.0,120.0,79.0,61.0,70.0,63.0,3.0,63.0,65.0,71.0,133.0,85.0,115.0,16.0,7.0,,,1.0,,NOP,,-0.084,,-0.212,2.0,,2.0,1.0,0.687,0.314,0.357,,,,,,,,,,,,,,,,,,,,,,,,,,,,,,,,,,,,,,,,12785.0,115.0,,,,,,,,,,,,,,,1610612744.0,GSW,NOP,NOP,GSW,,,1.0,,-0.161,0.0,0.0,0.0,0.0,0.0,0.0,0.0,0.0,0.0,0.0,0.0,0.0,0.0,0.0
203901,Elfrid Payton,1610612740,NOP,25.0,16.7,2,3,0.667,0,1,0.0,0,0,0.0,0,3,3,3,3,1,0,0,2,0,4,-5,88.62,1.0,0.162,0.667,33.3,37,0.164,-9.6,121.6,106.35,33.3,0.158,0.214,0.097,0.667,0.0,123.2,106.58,132.8,135.1,33.3,-13.5,0.049,30.0,0.133,30.0,0.1,6.0,0.0,4.0,1.0,8.0,0.2,0.0,1.0,0.0,0.0,0.0,0.0,3.0,5.0,0.0,0.0,0.6,0.0,0.0,0.0,0.0,0.0,0.0,0.105,0.0,4.0,3.55,38.0,2.0,0.0,0.0,15.0,2.5,1.0,0.0,13.7,0.0,0.0,0.6,0.0,0.0,5.0,13.7,0.6,0.0,3.0,0.0,3.0,0.6,0.6,0.0,0.0,0.0,0.0,0.0,0.0,0.0,5.0,0.0,,0.0,1.0,0.333,0.333,1.0,1.0,0.0,1.0,1.0,1.0,1.0,,,,,,,,,,,,,,,,,,,,,,,,,,,1.0,0.5,0.0,1.0,1.0,0.5,0.0,2.0,0.333,1.0,1.0,0.667,0.333,,0.0,0.0,,,0.0,0.0,0.0,0.0,0.0,0.0,0.0,1.0,0.667,0.0,0.0,2.0,0.0,0.0,0.0,1.0,0.0,0.0,0.0,1.0,0.0,,1.0,0.0,0.0,0.0,1.0,0.0,0.0,1.0,,0.0,1.0,0.0,,1.0,,,,,,,0.0,0.0,,0.0,,,0.0,,0.0,0.0,0.0,1.0,1.0,,1.0,0.0,0.0,1.0,,1.0,,0.0,,,1.0,1.0,0.0,0.0,1.0,0.0,1.0,0.0,0.0,2019,21800677,,5.0,12.0,0.417,0.457,-0.041,1.0,7.0,0.143,0.37,4.0,5.0,0.8,0.524,1.0,2.0,0.5,0.552,4.0,10.0,0.4,0.391,,,,,,,,,,,,,,,20190118.0,2018-19,False,POR,8.0,3.0,5.0,2.0,0.0,0.0,0.0,0.0,0.0,0.0,0.0,0.0,0.0,0.0,0.0,0.0,0.0,0.0,0.0,0.0,0.0,,,,,,0.7,0.7,4.69,4.97,1.4,4.45,Elfrid,1.0,0.0,1.0,0.0,12.1,0.0,0.0,12.0,1.0,79.0,79.0,79.0,105.0,93.0,115.0,19.0,69.0,95.0,69.0,84.0,93.0,84.0,73.0,65.0,78.0,38.0,13.0,20.0,51.0,1.0,63.0,113.0,106.0,103.0,101.0,11.0,1.0,100.0,106.35,88.0,135.1,29.0,2.0,73.0,-13.5,9.0,88.0,31.0,146.0,35.0,135.0,93.0,38.0,29.0,58.0,3.0,146.0,94.0,121.6,135.0,115.0,31.0,104.0,39.0,104.0,19.0,135.0,36.0,60.0,104.0,47.0,4.0,,,1.0,,NOP,,-0.227,,0.276,1.0,,2.0,0.5,0.568,-0.068,-0.052,,,,,,,,,,,,,,,,,,,,,,,,,,,,,,,,,,,,,,,,7457.0,101.0,,,,,,,,,,,,,,,1610612757.0,POR,NOP,NOP,POR,,,1.0,,0.009,0.0,0.0,0.0,0.0,0.0,0.0,0.0,0.0,0.0,0.0,0.0,0.0,0.0,0.0
203901,Elfrid Payton,1610612740,NOP,25.0,32.07,3,8,0.375,1,2,0.5,2,2,1.0,1,2,3,4,3,2,0,0,2,1,9,9,81.7,1.33,0.16,0.507,18.8,66,0.166,12.2,107.6,98.04,25.0,0.061,0.154,0.051,0.438,0.038,106.4,99.2,94.2,95.4,18.9,12.2,0.062,43.0,0.093,47.0,0.093,8.0,0.0,4.0,0.0,9.0,0.2,4.0,2.0,1.0,4.0,0.4,0.1,3.0,10.0,1.0,2.0,0.3,0.1,0.25,2.0,1.0,1.0,0.0,0.158,1.0,4.52,4.19,57.0,2.0,0.0,0.0,26.0,4.3,0.0,2.0,10.2,1.0,0.5,0.6,0.5,1.0,4.0,11.6,0.5,7.4,1.0,1.0,2.0,0.667,0.5,0.333,0.0,1.0,0.0,0.5,1.0,0.0,6.0,0.0,,0.0,2.0,0.25,0.25,1.0,2.0,0.0,0.5,0.5,1.0,0.5,,3.0,0.0,0.0,0.0,0.333,1.0,0.333,3.0,1.0,0.375,0.333,0.375,1.0,0.25,2.0,1.0,0.0,0.0,0.125,0.0,0.0,0.0,0.125,0.0,0.0,,1.0,1.0,0.0,1.0,1.5,1.0,1.0,0.0,1.0,0.0,0.125,0.125,,0.0,0.0,,,0.0,0.0,0.0,3.0,0.5,0.0,0.0,0.0,0.438,0.0,0.0,0.0,1.0,0.0,0.0,1.0,0.0,0.25,0.0,1.0,0.0,0.0,1.0,0.0,0.0,0.0,0.5,0.0,4.0,2.0,0.0,0.0,1.0,0.0,0.0,1.0,,,,,,,1.0,4.0,,0.0,,,0.0,,0.0,1.0,0.25,0.5,0.0,0.0,1.0,1.0,0.0,0.0,0.0,1.0,0.0,0.0,,,0.0,2.0,1.0,1.5,1.0,1.0,1.0,1.0,1.0,2019,21800697,,4.0,9.0,0.444,0.429,0.015,2.0,5.0,0.4,0.358,2.0,4.0,0.5,0.486,1.0,2.0,0.5,0.608,2.0,6.0,0.333,0.358,,,,,,,,,,,,,,,20190121.0,2018-19,False,MEM,3.0,0.0,3.0,4.0,0.0,0.0,0.0,0.0,1.0,1.0,0.0,1.0,0.0,1.0,1.0,1.0,1.0,0.0,1.0,1.0,1.0,,,,,,1.3,1.1,4.19,4.6,2.4,3.78,Elfrid,1.0,1.0,0.0,1.0,21.6,0.0,0.0,21.0,1.0,1.0,1.0,1.0,41.0,105.0,96.0,141.0,61.0,99.0,37.0,58.0,77.0,1.0,51.0,126.0,109.0,35.0,19.0,14.0,78.0,1.0,103.0,113.0,101.0,56.0,96.0,19.0,2.0,89.0,98.04,140.0,95.4,177.0,3.0,82.0,12.2,50.0,137.0,101.0,205.0,175.0,71.0,105.0,123.0,177.0,184.0,8.0,202.0,71.0,107.6,70.0,96.0,101.0,74.0,83.0,74.0,102.0,71.0,138.0,158.0,151.0,62.0,9.0,,,1.0,,NOP,,0.042,,0.015,1.0,,2.0,0.5,0.629,-0.129,-0.108,,,,,,,,,,,,,,,,,,,,,,,,,,,,,,,,,,,,,,,,12851.0,96.0,,,,,,,,,,,,,,,1610612763.0,MEM,NOP,NOP,MEM,,,1.0,,-0.025,0.0,0.0,0.0,0.0,0.0,0.0,0.0,0.0,0.0,0.0,0.0,0.0,0.0,0.0
203901,Elfrid Payton,1610612740,NOP,25.0,32.24666666666667,1,7,0.143,0,2,0.0,0,0,0.0,0,3,3,5,1,1,0,2,3,1,2,-1,78.15,5.0,0.114,0.143,7.7,63,0.114,-3.9,96.8,93.78,38.5,0.086,0.185,0.043,0.143,0.0,95.5,93.99,99.4,98.4,7.7,-1.6,0.009,53.0,0.113,53.0,0.094,13.0,0.0,6.0,1.0,11.0,0.111,2.0,1.0,0.0,4.0,0.222,0.111,2.0,9.0,1.0,0.0,0.222,0.0,0.25,0.0,0.0,1.0,0.0,0.031,1.0,4.6,4.03,65.0,1.0,0.0,0.0,24.0,5.0,0.0,2.0,2.7,2.0,0.0,0.273,0.667,0.0,9.0,2.7,0.273,0.0,1.0,0.0,1.0,0.333,0.333,0.667,0.0,0.0,0.0,0.0,2.0,0.0,11.0,0.0,,0.0,1.0,0.143,0.143,0.0,1.0,0.0,0.0,0.0,0.0,0.0,,4.0,0.0,0.0,0.0,0.25,1.0,0.25,4.0,1.0,0.571,0.25,0.571,2.0,0.286,2.0,0.0,0.0,0.0,0.286,0.0,0.0,0.0,0.0,0.0,,,,,,,,,,,,,,,0.0,0.0,0.0,0.0,0.0,1.0,1.0,0.0,0.0,0.0,0.0,0.0,0.0,0.143,0.0,0.0,0.0,1.0,0.0,0.0,0.0,0.0,0.333,0.0,0.0,0.0,0.0,2.0,0.0,0.0,0.0,0.0,0.0,3.0,2.0,0.0,0.0,0.0,0.0,0.0,0.0,,,,,,,0.0,1.0,,0.0,,,0.0,,0.0,2.0,0.0,0.25,0.0,0.0,1.0,0.0,0.0,0.0,0.0,0.0,0.0,0.0,,,0.0,4.0,0.0,0.0,1.0,0.0,1.0,0.0,0.0,2019,21800714,,5.0,12.0,0.417,0.437,-0.02,2.0,4.0,0.5,0.369,3.0,8.0,0.375,0.489,2.0,7.0,0.286,0.531,3.0,5.0,0.6,0.384,,,,,,,,,,,,,,,20190123.0,2018-19,False,DET,5.0,1.0,4.0,2.0,0.0,1.0,3.0,0.0,1.0,1.0,0.0,1.0,0.0,2.0,2.0,2.0,2.0,0.0,1.0,1.0,1.0,,,,,,1.2,1.2,4.19,4.54,2.4,3.89,Elfrid,1.0,0.0,1.0,0.0,15.1,0.0,0.0,12.0,1.0,102.0,102.0,102.0,55.0,150.0,106.0,171.0,110.0,101.0,110.0,119.0,120.0,119.0,101.0,75.0,100.0,23.0,72.0,33.0,70.0,175.0,131.0,100.0,162.0,102.0,129.0,18.0,3.0,140.0,93.78,164.0,98.4,167.0,1.0,101.0,-1.6,13.0,164.0,162.0,102.0,169.0,44.0,150.0,178.0,167.0,118.0,7.0,101.0,111.0,96.8,59.0,106.0,162.0,97.0,59.0,97.0,163.0,44.0,172.0,140.0,176.0,6.0,2.0,,,1.0,,NOP,,0.131,,-0.114,2.0,,5.0,0.4,0.534,-0.134,-0.245,,,,,,,,,,,,,,,,,,,,,,,,,,,,,,,,,,,,,,,,12571.0,97.0,,,,,,,,,,,,,,,1610612765.0,NOP,DET,NOP,DET,,,1.0,,0.216,0.0,0.0,0.0,0.0,0.0,0.0,0.0,0.0,0.0,0.0,0.0,0.0,0.0,0.0
203901,Elfrid Payton,1610612740,NOP,25.0,29.416666666666668,5,12,0.417,1,4,0.25,4,4,1.0,1,3,4,12,2,1,2,0,1,2,15,-7,87.71,6.0,0.222,0.545,7.1,64,0.219,-15.4,117.2,105.25,42.9,0.091,0.462,0.061,0.458,0.03,113.7,105.64,129.1,126.2,7.2,-9.0,0.141,55.0,0.255,60.0,0.218,19.0,0.0,14.0,2.0,26.0,0.0,8.0,0.0,1.0,6.0,0.727,0.091,4.0,11.0,1.0,2.0,0.364,0.091,0.5,2.0,1.0,3.0,0.0,0.208,1.0,4.18,3.88,72.0,1.0,0.0,0.0,28.0,5.0,2.0,2.0,3.9,1.0,0.5,0.4,0.0,0.0,8.0,4.4,0.4,2.4,3.0,0.0,3.0,0.375,0.375,0.25,0.0,0.0,1.0,0.5,0.0,1.0,10.0,0.0,,0.0,3.0,0.25,0.25,1.0,3.0,0.0,0.333,0.333,1.0,0.333,,4.0,0.0,0.0,0.0,0.5,2.0,0.5,4.0,2.0,0.333,0.5,0.333,1.0,0.167,2.0,1.0,1.0,0.5,0.083,0.0,0.0,0.5,0.083,1.0,1.0,,0.333,1.0,0.0,3.0,0.5,0.333,3.0,0.0,1.0,0.0,0.25,0.25,0.0,0.0,0.0,0.0,,0.0,1.0,0.0,3.0,0.25,0.0,0.0,1.0,0.458,0.0,0.0,2.0,3.0,0.0,0.333,1.0,1.0,1.0,0.0,1.0,0.0,0.0,3.0,1.0,0.0,1.0,0.25,0.0,3.0,4.0,0.0,0.0,0.0,0.0,0.0,0.0,,,,,,,2.0,2.0,0.0,0.0,0.0,0.0,1.0,0.0,0.0,3.0,1.0,0.4,0.0,0.0,2.0,0.0,0.0,0.0,0.0,1.0,0.0,0.333,0.0,0.0,1.0,5.0,0.0,0.375,4.0,0.25,4.0,1.0,1.0,2019,21800717,,2.0,5.0,0.4,0.429,-0.029,1.0,2.0,0.5,0.373,1.0,3.0,0.333,0.493,1.0,2.0,0.5,0.556,1.0,2.0,0.5,0.375,,,,,,,,,,,,,,,20190124.0,2018-19,False,OKC,3.0,1.0,2.0,1.0,0.0,0.0,0.0,1.0,0.0,1.0,1.0,0.0,0.0,0.0,0.0,0.0,0.0,0.0,0.0,0.0,0.0,,,,,,1.3,1.0,4.43,5.16,2.3,3.75,Elfrid,1.0,0.0,1.0,0.0,44.8,1.0,0.0,38.0,1.0,42.0,42.0,42.0,28.0,30.0,27.0,55.0,25.0,24.0,36.0,10.0,14.0,1.0,25.0,32.0,34.0,4.0,13.0,13.0,3.0,1.0,18.0,24.0,26.0,56.0,9.0,1.0,2.0,14.0,105.25,28.0,126.2,44.0,5.0,38.0,-9.0,7.0,26.0,23.0,36.0,43.0,71.0,30.0,48.0,44.0,51.0,12.0,36.0,56.0,117.2,74.0,27.0,23.0,49.0,3.0,49.0,32.0,71.0,55.0,50.0,20.0,3.0,15.0,,,1.0,,NOP,,0.128,,-0.16,1.0,,2.0,0.5,0.585,-0.085,-0.056,,,,,,,,,,,,,,,,,,,,,,,,,,,,,,,,,,,,,,,,12117.0,109.0,,,,,,,,,,,,,,,1610612760.0,OKC,NOP,NOP,OKC,,,1.0,,0.125,0.0,0.0,0.0,0.0,0.0,0.0,0.0,0.0,0.0,0.0,0.0,0.0,0.0,0.0
203901,Elfrid Payton,1610612740,NOP,25.0,30.066666666666663,3,13,0.231,0,3,0.0,0,0,0.0,0,3,3,5,1,0,1,0,0,0,6,-11,90.47,5.0,0.189,0.231,5.3,66,0.191,-15.8,100.0,108.56,26.3,0.111,0.208,0.045,0.231,0.0,98.3,107.47,114.1,110.0,5.3,-10.0,0.025,48.0,0.167,53.0,0.104,11.0,0.0,8.0,3.0,12.0,0.067,6.0,1.0,0.0,5.0,0.4,0.0,9.0,15.0,0.0,0.0,0.6,0.0,0.6,0.0,0.0,3.0,0.0,0.094,2.0,3.63,3.38,64.0,2.0,0.0,0.0,28.0,3.9,0.0,2.0,9.0,0.0,0.0,0.6,0.0,0.0,4.0,9.0,0.5,0.0,3.0,1.0,3.0,0.75,0.75,0.0,1.0,0.0,0.0,0.0,0.0,0.0,6.0,0.0,,0.0,1.0,0.077,0.077,0.0,1.0,0.0,0.0,0.0,0.0,0.0,,8.0,0.0,0.0,0.0,0.375,3.0,0.375,8.0,3.0,0.615,0.375,0.615,1.0,0.154,2.0,1.0,0.0,0.0,0.077,0.0,0.0,0.0,0.077,0.0,0.0,,0.0,0.0,0.0,2.0,0.0,0.0,2.0,0.0,0.0,0.0,0.154,0.154,0.0,0.0,0.0,0.0,0.0,2.0,2.0,0.0,0.0,0.0,0.0,0.0,0.0,0.231,0.0,0.0,0.0,1.0,0.0,0.0,2.0,0.0,0.2,0.0,0.0,0.0,0.0,3.0,0.0,0.0,0.0,0.4,0.0,5.0,5.0,0.0,0.0,0.0,0.0,0.0,0.0,,,,,,,1.0,1.0,,0.0,,,0.0,,3.0,3.0,1.0,0.333,0.0,0.0,2.0,0.0,0.0,0.0,0.0,0.0,0.0,0.0,,,0.0,6.0,0.0,0.0,1.0,0.0,1.0,0.0,0.0,2019,21800730,,4.0,9.0,0.444,0.451,-0.006,1.0,4.0,0.25,0.411,3.0,5.0,0.6,0.459,2.0,3.0,0.667,0.524,2.0,5.0,0.4,0.429,,,,,,,,,,,,,,,20190126.0,2018-19,False,SAS,7.0,3.0,4.0,1.0,0.0,0.0,0.0,0.0,0.0,0.0,0.0,0.0,0.0,0.0,0.0,0.0,0.0,0.0,0.0,0.0,0.0,,,,,,1.3,1.1,4.55,4.95,2.4,4.14,Elfrid,1.0,0.0,1.0,0.0,19.1,0.0,0.0,16.0,1.0,55.0,55.0,55.0,30.0,48.0,19.0,91.0,61.0,38.0,61.0,67.0,69.0,67.0,55.0,37.0,48.0,12.0,32.0,51.0,13.0,1.0,1.0,83.0,69.0,93.0,55.0,10.0,3.0,61.0,108.56,49.0,110.0,14.0,3.0,55.0,-10.0,26.0,47.0,71.0,47.0,12.0,55.0,48.0,92.0,14.0,61.0,13.0,46.0,85.0,100.0,62.0,19.0,71.0,71.0,27.0,71.0,84.0,55.0,91.0,79.0,90.0,3.0,6.0,,,1.0,,NOP,,-0.161,,0.141,2.0,,3.0,0.667,0.583,0.084,0.143,,,,,,,,,,,,,,,,,,,,,,,,,,,,,,,,,,,,,,,,12571.0,102.0,,,,,,,,,,,,,,,1610612759.0,NOP,SAS,NOP,SAS,,,1.0,,-0.029,0.0,0.0,0.0,0.0,0.0,0.0,0.0,0.0,0.0,0.0,0.0,0.0,0.0,0.0
203901,Elfrid Payton,1610612740,NOP,25.0,28.316666666666663,7,10,0.7,1,1,1.0,0,2,0.0,0,2,2,4,2,0,2,1,4,4,15,-11,87.58,2.0,0.167,0.689,12.5,62,0.175,-24.5,103.2,105.1,25.0,0.067,0.222,0.031,0.75,0.0,97.3,107.98,121.8,121.0,11.8,-17.7,0.095,44.0,0.136,54.0,0.091,10.0,2.0,6.0,0.0,12.0,0.0,8.0,0.0,0.0,5.0,0.571,0.214,8.0,14.0,3.0,2.0,0.571,0.0,0.8,0.0,0.0,4.0,1.0,0.254,0.0,4.81,4.47,59.0,1.0,2.0,0.0,22.0,4.7,0.0,2.0,11.5,0.0,0.0,0.5,0.0,0.0,5.0,11.5,0.286,0.0,2.0,3.0,2.0,0.667,0.4,0.0,1.0,2.0,0.0,0.0,0.0,0.0,7.0,0.0,,0.0,2.0,0.2,0.2,2.0,2.0,0.0,1.0,1.0,2.0,1.0,,6.0,0.0,0.0,0.0,0.5,3.0,0.5,6.0,3.0,0.6,0.5,0.6,0.0,0.1,1.0,1.0,1.0,1.0,0.0,,0.0,1.0,0.1,1.0,1.0,,1.0,1.0,0.0,1.0,1.5,1.0,1.0,0.0,1.0,0.0,0.1,0.1,0.0,0.0,0.0,0.0,,0.0,1.0,0.0,3.0,1.0,0.0,0.0,0.0,0.75,2.0,1.0,0.0,0.0,0.0,1.0,6.0,1.0,0.0,0.0,1.0,0.0,0.0,1.0,0.0,0.0,0.0,0.75,0.0,0.0,8.0,0.0,0.0,0.0,0.0,0.0,0.0,,,,,,,0.0,0.0,0.0,0.0,0.0,0.0,1.0,0.0,0.0,1.0,0.0,0.75,0.0,0.0,6.0,0.0,0.0,0.0,0.0,0.0,0.0,1.0,0.0,0.0,1.0,8.0,0.0,1.5,1.0,1.0,1.0,1.0,1.0,2019,21800874,,4.0,8.0,0.5,0.432,0.068,1.0,4.0,0.25,0.368,3.0,4.0,0.75,0.484,2.0,3.0,0.667,0.547,2.0,5.0,0.4,0.394,,,,,,,,,,,,,,,20190222.0,2018-19,False,IND,11.0,6.0,5.0,1.0,0.0,1.0,2.0,0.0,0.0,0.0,0.0,0.0,0.0,0.0,0.0,0.0,0.0,0.0,0.0,0.0,0.0,,,,,,1.2,1.0,4.56,4.98,2.3,3.79,Elfrid,1.0,0.0,1.0,0.0,27.4,0.0,0.0,26.0,1.0,95.0,95.0,95.0,69.0,19.0,63.0,18.0,60.0,121.0,1.0,117.0,70.0,117.0,94.0,112.0,127.0,28.0,36.0,94.0,10.0,124.0,145.0,29.0,58.0,158.0,68.0,25.0,1.0,70.0,105.1,107.0,121.0,89.0,7.0,94.0,-17.7,37.0,107.0,113.0,119.0,56.0,141.0,19.0,47.0,89.0,139.0,10.0,121.0,159.0,103.2,150.0,63.0,113.0,146.0,34.0,146.0,141.0,141.0,24.0,158.0,87.0,34.0,15.0,,,1.0,,NOP,,-0.118,,0.266,1.0,,1.0,1.0,0.567,0.433,0.12,,,,,,,,,,,,,,,,,,,,,,,,,,,,,,,,,,,,,,,,12023.0,105.0,,,,,,,,,,,,,,,1610612754.0,IND,NOP,NOP,IND,,,1.0,,0.006,1.0,1.0,0.0,1.0,0.0,2.0,0.0,0.0,0.0,0.0,0.0,0.0,0.0,0.0
203901,Elfrid Payton,1610612740,NOP,25.0,36.1,5,10,0.5,2,4,0.5,2,2,1.0,1,4,5,9,5,2,1,1,4,4,14,20,94.18,1.8,0.17,0.643,20.0,86,0.175,20.7,122.1,113.02,36.0,0.138,0.25,0.083,0.6,0.032,123.9,111.08,103.2,101.2,20.1,20.9,0.089,62.0,0.161,67.0,0.145,14.0,1.0,10.0,0.0,21.0,0.077,2.0,1.0,0.0,2.0,0.154,0.0,9.0,13.0,0.0,0.0,0.692,0.0,0.5,0.0,0.0,1.0,0.0,0.167,0.0,4.14,3.55,84.0,2.0,0.0,0.0,35.0,5.8,0.0,7.0,5.0,1.0,0.143,0.417,0.0,0.0,8.0,5.2,0.385,4.2,4.0,1.0,4.0,0.571,0.5,0.2,0.0,1.0,1.0,0.143,0.0,1.0,13.0,0.0,,0.0,1.0,0.1,0.1,0.0,1.0,0.0,0.0,0.0,0.0,0.0,,4.0,0.0,0.0,0.0,0.5,2.0,0.5,4.0,2.0,0.4,0.5,0.4,2.0,0.3,3.0,1.0,1.0,0.833,0.2,0.5,1.0,0.667,0.1,2.0,1.0,,0.5,1.0,0.0,2.0,0.75,0.5,2.0,0.0,1.0,0.0,0.2,0.2,0.0,0.0,0.0,0.0,0.0,1.0,1.0,0.0,6.0,0.667,0.0,0.0,0.0,0.6,0.0,0.0,0.0,0.0,0.0,0.5,3.0,2.0,0.0,0.0,0.0,0.0,0.0,4.0,0.0,0.0,0.0,0.5,0.0,0.0,6.0,0.0,0.0,0.0,0.0,0.0,0.0,,,,,,,0.0,0.0,0.0,0.0,0.0,0.0,2.0,0.0,0.0,4.0,0.0,0.5,0.0,0.0,3.0,0.0,0.0,0.0,0.0,0.0,0.0,0.5,0.0,0.0,0.0,6.0,0.0,1.0,3.0,0.667,3.0,2.0,2.0,2019,21800887,,3.0,9.0,0.333,0.472,-0.138,1.0,3.0,0.333,0.353,2.0,6.0,0.333,0.555,2.0,5.0,0.4,0.608,1.0,3.0,0.333,0.365,,,,,,,,,,,,,,,20190223.0,2018-19,False,LAL,4.0,1.0,3.0,2.0,0.0,1.0,2.0,0.0,1.0,1.0,0.0,1.0,1.0,3.0,4.0,1.0,0.0,0.25,0.75,0.5,0.0,,,,,,1.6,1.2,4.22,4.74,2.7,3.97,Elfrid,1.0,1.0,0.0,1.0,37.5,0.0,0.0,36.0,1.0,1.0,1.0,1.0,16.0,72.0,77.0,93.0,45.0,74.0,36.0,74.0,90.0,1.0,60.0,69.0,74.0,5.0,4.0,15.0,31.0,160.0,209.0,36.0,82.0,8.0,42.0,27.0,1.0,39.0,113.02,126.0,101.2,17.0,5.0,107.0,20.9,29.0,127.0,71.0,222.0,42.0,51.0,72.0,95.0,17.0,108.0,10.0,216.0,45.0,122.1,63.0,77.0,71.0,37.0,43.0,37.0,58.0,51.0,95.0,116.0,127.0,73.0,14.0,,,1.0,,NOP,,-0.02,,-0.222,2.0,,5.0,0.4,0.645,-0.245,-0.208,,,,,,,,,,,,,,,,,,,,,,,,,,,,,,,,,,,,,,,,14365.0,111.0,,,,,,,,,,,,,,,1610612747.0,NOP,LAL,NOP,LAL,,,1.0,,-0.032,0.0,0.0,0.0,0.0,0.0,0.0,0.0,0.0,0.0,0.0,0.0,0.0,0.0,0.0
203901,Elfrid Payton,1610612740,NOP,25.0,30.28833333333333,5,13,0.385,0,4,0.0,0,0,0.0,1,3,4,14,2,1,0,2,3,0,10,13,95.09,7.0,0.174,0.385,6.9,72,0.178,15.8,108.3,114.1,48.3,0.075,0.519,0.051,0.385,0.026,106.8,114.45,91.0,90.3,6.9,18.1,0.114,51.0,0.294,56.0,0.275,17.0,1.0,15.0,0.0,33.0,0.0,8.0,0.0,0.0,6.0,0.571,0.143,6.0,14.0,2.0,0.0,0.429,0.0,0.667,0.0,0.0,4.0,0.0,0.145,2.0,3.7,3.23,69.0,5.0,0.0,1.0,33.0,4.3,0.4,3.0,5.0,1.0,0.333,0.5,0.0,0.0,5.0,6.0,0.5,1.9,3.0,0.0,3.0,0.6,0.6,0.25,0.0,0.0,1.0,0.333,0.0,1.0,8.0,0.0,,0.0,3.0,0.231,0.231,1.0,3.0,0.0,0.333,0.333,1.0,0.333,,4.0,0.0,0.0,0.0,0.75,3.0,0.75,4.0,3.0,0.308,0.75,0.308,0.0,0.077,1.0,1.0,1.0,1.0,0.0,,0.0,1.0,0.077,1.0,1.0,0.0,0.0,0.0,1.0,4.0,0.0,0.0,5.0,0.077,0.0,0.0,0.385,0.308,0.0,0.0,0.0,0.0,0.0,1.0,1.0,0.0,0.0,0.0,2.0,1.0,0.333,0.385,0.0,0.0,2.0,1.0,0.0,0.0,4.0,0.0,0.5,0.0,0.0,0.0,0.0,4.0,0.0,0.0,0.0,0.571,0.0,2.0,7.0,0.0,0.0,0.0,0.0,0.0,0.0,,,,,,,1.0,2.0,,0.0,0.0,0.0,0.0,,0.0,4.0,0.5,0.571,0.0,0.0,4.0,0.0,0.0,0.0,0.0,0.0,0.0,0.0,,0.0,0.0,7.0,0.0,0.0,3.0,0.0,3.0,0.0,0.0,2019,21800906,,7.0,15.0,0.467,0.458,0.009,1.0,3.0,0.333,0.395,6.0,12.0,0.5,0.496,4.0,10.0,0.4,0.541,3.0,5.0,0.6,0.396,,,,,,,,,,,,,,,20190225.0,2018-19,False,PHI,8.0,7.0,1.0,1.0,0.0,0.0,0.0,0.0,2.0,2.0,0.0,1.0,0.0,0.0,0.0,0.0,0.0,0.0,0.0,0.0,0.0,,,,,,1.2,1.2,4.65,5.01,2.5,4.03,Elfrid,1.0,0.0,1.0,0.0,36.8,1.0,0.0,30.0,1.0,112.0,112.0,112.0,70.0,58.0,52.0,128.0,125.0,74.0,125.0,127.0,130.0,127.0,53.0,98.0,92.0,1.0,39.0,42.0,78.0,203.0,153.0,166.0,98.0,22.0,41.0,1.0,4.0,60.0,114.1,115.0,90.3,35.0,5.0,111.0,18.1,11.0,113.0,111.0,111.0,24.0,38.0,58.0,165.0,35.0,160.0,13.0,110.0,40.0,108.3,43.0,52.0,111.0,34.0,2.0,34.0,116.0,38.0,153.0,155.0,86.0,2.0,10.0,,,1.0,,NOP,,-0.061,,0.004,0.0,,5.0,0.0,0.57,-0.57,-0.141,,,,,,,,,,,,,,,,,,,,,,,,,,,,,,,,,,,,,,,,13010.0,114.0,,,,,,,,,,,,,,,1610612755.0,NOP,PHI,NOP,PHI,,,1.0,,0.204,0.0,0.0,0.0,0.0,0.0,0.0,0.0,0.0,0.0,0.0,0.0,0.0,0.0,0.0
203901,Elfrid Payton,1610612740,NOP,25.0,30.85,3,12,0.25,0,1,0.0,0,0,0.0,3,8,11,9,1,0,1,2,4,0,6,4,88.17,9.0,0.159,0.25,4.5,67,0.16,2.0,119.4,105.8,40.9,0.25,0.321,0.164,0.25,0.086,115.9,105.62,113.9,110.1,4.5,9.3,0.073,54.0,0.222,53.0,0.167,18.0,1.0,12.0,2.0,22.0,0.0,4.0,0.0,0.0,8.0,0.308,0.154,4.0,13.0,2.0,0.0,0.308,0.0,0.25,0.0,0.0,2.0,0.0,0.087,1.0,4.33,3.64,69.0,3.0,0.0,0.0,31.0,5.0,0.0,4.0,6.9,3.0,0.75,0.786,0.25,2.0,10.0,6.0,0.786,9.3,6.0,0.0,8.0,0.8,0.8,0.273,0.0,0.0,0.333,0.75,2.0,1.0,14.0,0.0,,0.0,3.0,0.25,0.25,0.0,3.0,0.0,0.0,0.0,0.0,0.0,,6.0,0.0,0.0,0.0,0.333,2.0,0.333,6.0,2.0,0.5,0.333,0.5,0.0,0.167,2.0,2.0,1.0,0.5,0.0,,0.0,0.5,0.167,1.0,0.5,,0.0,0.0,0.0,1.0,0.0,0.0,1.0,0.0,0.0,0.0,0.083,0.083,,0.0,0.0,,,0.0,0.0,0.0,0.0,0.0,0.0,0.0,0.0,0.25,0.0,0.0,0.0,0.0,0.0,0.0,3.0,0.0,0.0,0.0,0.0,0.0,0.0,1.0,0.0,0.0,0.0,0.333,0.0,2.0,9.0,0.0,0.0,0.0,0.0,0.0,0.0,,,,,,,0.0,2.0,,0.0,,,0.0,,0.0,1.0,0.0,0.333,0.0,0.0,3.0,0.0,0.0,0.0,0.0,0.0,0.0,0.0,,,0.0,9.0,0.0,0.0,1.0,0.0,1.0,0.0,0.0,2019,21800921,,6.0,13.0,0.462,0.458,0.003,1.0,4.0,0.25,0.343,5.0,9.0,0.556,0.513,4.0,7.0,0.571,0.58,2.0,6.0,0.333,0.35,,,,,,,,,,,,,,,20190227.0,2018-19,False,LAL,7.0,4.0,3.0,0.0,0.0,1.0,3.0,1.0,1.0,2.0,0.5,0.5,0.0,0.0,0.0,0.0,0.0,0.0,0.0,0.0,0.0,,,,,,1.3,1.0,4.22,5.0,2.3,3.51,Elfrid,1.0,0.0,1.0,0.0,34.7,0.0,0.0,28.0,1.0,113.0,113.0,113.0,77.0,111.0,62.0,173.0,114.0,142.0,114.0,124.0,133.0,124.0,17.0,16.0,13.0,9.0,73.0,102.0,28.0,205.0,192.0,160.0,146.0,71.0,52.0,25.0,2.0,72.0,105.8,139.0,110.1,100.0,3.0,35.0,9.3,11.0,135.0,49.0,104.0,97.0,126.0,111.0,187.0,100.0,30.0,12.0,104.0,104.0,119.4,156.0,62.0,49.0,71.0,16.0,71.0,65.0,126.0,176.0,29.0,148.0,1.0,6.0,,,1.0,,NOP,,-0.093,,0.042,4.0,,5.0,0.8,0.586,0.214,-0.008,,,,,,,,,,,,,,,,,,,,,,,,,,,,,,,,,,,,,,,,12162.0,107.0,,,,,,,,,,,,,,,1610612747.0,LAL,NOP,NOP,LAL,,,1.0,,-0.017,0.0,0.0,0.0,0.0,0.0,0.0,0.0,0.0,0.0,0.0,0.0,0.0,0.0,0.0
203901,Elfrid Payton,1610612740,NOP,25.0,33.85,4,11,0.364,0,0,0.0,0,0,0.0,3,3,6,10,6,3,0,1,0,1,8,4,93.94,1.67,0.191,0.364,22.2,80,0.196,8.0,116.3,112.73,37.0,0.081,0.313,0.094,0.364,0.111,119.8,111.46,111.8,112.7,22.2,3.6,0.07,51.0,0.255,54.0,0.196,12.0,1.0,13.0,2.0,25.0,0.118,2.0,2.0,0.0,7.0,0.118,0.176,8.0,17.0,3.0,0.0,0.471,0.0,0.143,0.0,0.0,1.0,0.0,0.114,0.0,4.47,3.9,70.0,3.0,0.0,0.0,30.0,5.2,1.333,6.0,9.7,3.0,0.5,0.667,0.0,0.0,4.0,8.9,0.6,10.6,3.0,1.0,3.0,1.0,0.75,0.5,0.0,1.0,1.0,0.5,0.0,3.0,10.0,0.0,,0.0,3.0,0.273,0.273,1.0,3.0,0.0,0.333,0.333,1.0,0.333,,7.0,0.0,0.0,0.0,0.286,2.0,0.286,7.0,2.0,0.636,0.286,0.636,0.0,0.091,1.0,1.0,1.0,1.0,0.0,,0.0,1.0,0.091,1.0,1.0,,,,,,,,,,,,,,,,0.0,,,,0.0,0.0,0.0,0.0,0.0,0.0,1.0,0.364,0.0,0.0,4.0,0.0,0.0,0.0,4.0,0.0,0.0,0.0,0.0,0.0,0.0,0.0,0.0,0.0,0.0,0.364,0.0,0.0,11.0,0.0,0.0,0.0,0.0,0.0,0.0,,,,,,,0.0,0.0,,0.0,0.0,0.0,0.0,,0.0,0.0,0.0,0.364,0.0,0.0,4.0,0.0,0.0,0.0,0.0,0.0,0.0,0.0,,0.0,0.0,11.0,0.0,,0.0,,,,0.0,2019,21800932,,8.0,17.0,0.471,0.445,0.025,4.0,8.0,0.5,0.323,4.0,9.0,0.444,0.536,4.0,7.0,0.571,0.589,4.0,9.0,0.444,0.329,,,,,,,,,,,,,,,20190301.0,2018-19,False,PHX,10.0,4.0,6.0,3.0,0.0,0.0,0.0,3.0,0.0,3.0,1.0,0.0,0.0,1.0,1.0,0.0,0.0,0.0,1.0,0.0,0.0,,,,,,1.4,1.3,4.51,4.92,2.7,4.13,Elfrid,1.0,1.0,0.0,1.0,33.2,0.0,0.0,30.0,1.0,1.0,1.0,1.0,30.0,65.0,44.0,105.0,86.0,118.0,86.0,79.0,81.0,79.0,5.0,66.0,41.0,4.0,3.0,4.0,53.0,93.0,1.0,76.0,88.0,51.0,33.0,16.0,1.0,41.0,112.73,60.0,112.7,20.0,4.0,11.0,3.6,9.0,62.0,51.0,127.0,20.0,84.0,65.0,115.0,20.0,105.0,11.0,127.0,55.0,116.3,80.0,44.0,51.0,61.0,11.0,61.0,39.0,84.0,111.0,55.0,89.0,41.0,8.0,,,1.0,,NOP,,0.177,,-0.091,4.0,,5.0,0.8,0.651,0.149,-0.018,,,,,,,,,,,,,,,,,,,,,,,,,,,,,,,,,,,,,,,,14207.0,113.0,,,,,,,,,,,,,,,1610612756.0,PHX,NOP,NOP,PHX,,,1.0,,0.116,0.0,0.0,0.0,0.0,0.0,0.0,0.0,0.0,0.0,0.0,0.0,0.0,0.0,0.0
203901,Elfrid Payton,1610612740,NOP,25.0,32.3,3,9,0.333,0,2,0.0,2,4,0.5,2,5,7,10,2,0,0,0,2,4,8,-10,86.69,5.0,0.159,0.372,8.7,69,0.157,-14.9,105.8,104.02,43.5,0.167,0.37,0.106,0.333,0.056,99.6,108.3,114.5,116.9,8.8,-11.1,0.086,61.0,0.164,60.0,0.164,15.0,0.0,10.0,1.0,22.0,0.0,7.0,0.0,1.0,6.0,0.583,0.083,5.0,12.0,1.0,2.0,0.417,0.083,0.5,1.0,0.5,3.0,0.0,0.104,0.0,4.29,3.77,77.0,1.0,0.0,0.0,30.0,5.5,0.0,2.0,10.3,1.0,1.0,0.875,0.2,2.0,6.0,7.3,0.875,17.9,4.0,0.0,6.0,0.833,0.833,0.143,0.0,0.0,0.0,1.0,1.0,0.0,8.0,0.0,,0.0,2.0,0.222,0.222,0.0,2.0,0.0,0.0,0.0,0.0,0.0,,1.0,0.0,0.0,0.0,1.0,1.0,1.0,1.0,1.0,0.111,1.0,0.111,0.0,0.444,4.0,4.0,2.0,0.5,0.0,,0.0,0.5,0.444,2.0,0.5,,0.0,0.0,0.0,2.0,0.0,0.0,2.0,0.0,0.0,0.0,0.222,0.222,1.0,0.0,4.0,1.0,,0.0,2.0,2.0,0.0,0.0,0.0,0.0,0.0,0.333,0.0,0.0,0.0,2.0,0.0,0.0,1.0,0.0,0.667,0.0,0.0,0.0,0.0,2.0,0.0,0.0,0.0,0.25,0.0,3.0,4.0,0.0,0.0,0.0,0.0,0.0,0.0,,,,,,,2.0,2.0,,0.0,,,0.0,,0.0,2.0,1.0,0.2,0.0,0.0,1.0,0.0,0.0,0.0,0.0,0.0,0.0,0.0,,,0.0,5.0,0.0,0.0,2.0,0.0,2.0,0.0,0.0,2019,21800941,,7.0,14.0,0.5,0.43,0.07,3.0,5.0,0.6,0.364,4.0,9.0,0.444,0.48,3.0,7.0,0.429,0.463,4.0,6.0,0.667,0.373,,,,,,,,,,,,,,,20190302.0,2018-19,False,DEN,7.0,4.0,3.0,0.0,0.0,0.0,0.0,0.0,0.0,0.0,0.0,0.0,0.0,0.0,0.0,0.0,0.0,0.0,0.0,0.0,0.0,,,,,,1.4,1.1,4.31,4.57,2.5,4.02,Elfrid,1.0,1.0,0.0,1.0,29.4,0.0,0.0,25.0,1.0,1.0,1.0,1.0,31.0,79.0,61.0,120.0,99.0,98.0,99.0,50.0,35.0,88.0,19.0,37.0,33.0,3.0,31.0,93.0,73.0,1.0,77.0,30.0,92.0,150.0,55.0,13.0,2.0,64.0,104.02,121.0,116.9,68.0,3.0,44.0,-11.1,14.0,115.0,109.0,113.0,33.0,131.0,79.0,142.0,68.0,63.0,9.0,110.0,129.0,105.8,125.0,61.0,109.0,126.0,16.0,126.0,125.0,131.0,139.0,60.0,99.0,7.0,8.0,,,1.0,,NOP,,0.236,,-0.035,3.0,,6.0,0.5,0.518,-0.018,-0.035,,,,,,,,,,,,,,,,,,,,,,,,,,,,,,,,,,,,,,,,13159.0,107.0,,,,,,,,,,,,,,,1610612743.0,DEN,NOP,NOP,DEN,,,1.0,,0.294,0.0,0.0,0.0,0.0,0.0,0.0,0.0,0.0,0.0,0.0,0.0,0.0,0.0,0.0
203901,Elfrid Payton,1610612740,NOP,25.0,32.16166666666667,5,7,0.714,0,0,0.0,0,0,0.0,2,2,4,6,2,1,1,0,2,0,10,9,82.71,3.0,0.122,0.714,13.3,67,0.125,14.6,113.4,99.25,40.0,0.051,0.25,0.057,0.714,0.065,113.4,100.65,98.8,101.5,13.3,11.9,0.111,52.0,0.135,53.0,0.115,11.0,0.0,7.0,1.0,16.0,0.154,6.0,2.0,0.0,5.0,0.462,0.0,4.0,13.0,0.0,0.0,0.308,0.0,0.6,0.0,0.0,3.0,0.0,0.156,0.0,4.32,3.69,64.0,2.0,0.0,0.0,29.0,4.6,1.0,2.0,7.8,1.0,1.0,0.8,0.0,1.0,3.0,8.2,0.8,7.3,2.0,0.0,3.0,0.667,0.667,0.25,0.0,0.0,0.5,1.0,0.0,1.0,5.0,0.0,,0.0,1.0,0.143,0.143,1.0,1.0,0.0,1.0,1.0,1.0,1.0,,5.0,0.0,0.0,0.0,0.6,3.0,0.6,5.0,3.0,0.714,0.6,0.714,0.0,0.143,1.0,1.0,1.0,1.0,0.0,,0.0,1.0,0.143,1.0,1.0,,,,,,,,,,,,,,,,0.0,,,,0.0,0.0,0.0,0.0,0.0,0.0,1.0,0.714,0.0,0.0,2.0,0.0,0.0,0.0,5.0,0.0,0.0,0.0,0.0,0.0,0.0,0.0,0.0,0.0,0.0,1.0,0.0,2.0,5.0,0.0,0.0,0.0,0.0,0.0,0.0,,,,,,,0.0,2.0,,0.0,,,0.0,,0.0,0.0,0.0,1.0,0.0,0.0,5.0,0.0,0.0,0.0,0.0,0.0,0.0,0.0,,,0.0,5.0,0.0,,0.0,,,,0.0,2019,21800956,,7.0,19.0,0.368,0.464,-0.095,2.0,6.0,0.333,0.363,5.0,13.0,0.385,0.51,3.0,9.0,0.333,0.554,2.0,6.0,0.333,0.372,,,,,,,,,,,,,,,20190304.0,2018-19,False,UTA,15.0,7.0,8.0,3.0,0.0,0.0,0.0,0.0,0.0,0.0,0.0,0.0,0.0,1.0,1.0,0.0,0.0,0.0,1.0,0.0,0.0,,,,,,1.3,1.1,4.18,4.48,2.4,3.89,Elfrid,1.0,1.0,0.0,1.0,27.8,0.0,0.0,24.0,1.0,1.0,1.0,1.0,33.0,42.0,77.0,17.0,84.0,118.0,84.0,83.0,86.0,83.0,15.0,87.0,59.0,12.0,26.0,24.0,17.0,1.0,57.0,111.0,65.0,24.0,46.0,12.0,2.0,56.0,99.25,113.0,101.5,101.0,5.0,31.0,11.9,9.0,111.0,41.0,106.0,92.0,54.0,42.0,25.0,101.0,119.0,7.0,106.0,35.0,113.4,44.0,77.0,41.0,35.0,31.0,35.0,39.0,54.0,24.0,100.0,58.0,13.0,10.0,,,1.0,,NOP,,-0.03,,-0.125,2.0,,6.0,0.333,0.616,-0.282,-0.221,,,,,,,,,,,,,,,,,,,,,,,,,,,,,,,,,,,,,,,,12755.0,98.0,,,,,,,,,,,,,,,1610612762.0,UTA,NOP,NOP,UTA,,,1.0,,-0.039,0.0,0.0,0.0,0.0,0.0,0.0,0.0,0.0,0.0,0.0,0.0,0.0,0.0,0.0
203901,Elfrid Payton,1610612740,NOP,25.0,29.90833333333333,3,7,0.429,0,0,0.0,1,2,0.5,3,5,8,3,6,0,0,2,0,3,7,-20,90.28,0.5,0.189,0.444,35.3,67,0.189,-35.5,95.5,108.33,17.6,0.192,0.13,0.145,0.429,0.103,95.0,105.76,130.4,123.5,35.5,-28.0,0.04,59.0,0.085,62.0,0.051,10.0,1.0,5.0,1.0,8.0,0.308,2.0,4.0,0.0,3.0,0.154,0.077,5.0,13.0,1.0,0.0,0.385,0.0,0.333,0.0,0.0,1.0,0.0,0.091,2.0,3.95,3.25,77.0,5.0,0.0,0.0,35.0,5.1,0.6,4.0,8.0,1.0,0.75,0.8,0.0,2.0,7.0,7.8,0.727,8.4,5.0,1.0,7.0,0.833,0.714,0.125,0.0,1.0,0.333,0.75,0.0,1.0,11.0,0.0,,0.0,1.0,0.143,0.143,0.0,1.0,0.0,0.0,0.0,0.0,0.0,,5.0,0.0,0.0,0.0,0.4,2.0,0.4,5.0,2.0,0.714,0.4,0.714,0.0,0.143,1.0,1.0,1.0,1.0,0.0,,0.0,1.0,0.143,1.0,1.0,,,,,,,,,,,,,,,,0.0,,,,0.0,0.0,0.0,0.0,0.0,0.0,0.333,0.429,0.0,0.0,3.0,0.0,0.0,0.0,3.0,0.0,0.0,0.0,0.0,0.0,0.0,0.0,0.0,0.0,0.0,0.5,0.0,1.0,6.0,0.0,0.0,0.0,0.0,0.0,0.0,,,,,,,0.0,0.0,,0.0,0.0,0.0,0.0,,0.0,0.0,0.0,0.429,0.0,0.0,3.0,0.0,0.0,0.0,0.0,0.0,0.0,0.0,,0.0,0.0,7.0,0.0,,0.0,,,,0.0,2019,21800971,,10.0,15.0,0.667,0.438,0.229,2.0,5.0,0.4,0.38,8.0,10.0,0.8,0.499,4.0,5.0,0.8,0.563,3.0,7.0,0.429,0.381,,,,,,,,,,,,,,,20190306.0,2018-19,False,UTA,10.0,5.0,5.0,1.0,0.0,0.0,0.0,1.0,0.0,1.0,1.0,0.0,0.0,0.0,0.0,0.0,0.0,0.0,0.0,0.0,0.0,,,,,,1.3,1.1,4.53,4.77,2.4,4.28,Elfrid,1.0,0.0,1.0,0.0,15.1,0.0,0.0,18.0,1.0,103.0,103.0,103.0,61.0,103.0,108.0,102.0,115.0,159.0,115.0,84.0,62.0,86.0,13.0,39.0,23.0,48.0,2.0,93.0,63.0,192.0,1.0,46.0,122.0,204.0,131.0,19.0,1.0,110.0,108.33,98.0,123.5,28.0,3.0,25.0,-28.0,83.0,97.0,154.0,198.0,52.0,168.0,103.0,136.0,28.0,54.0,7.0,198.0,183.0,95.5,178.0,108.0,154.0,177.0,88.0,177.0,152.0,168.0,122.0,32.0,148.0,100.0,7.0,,,1.0,,NOP,,0.02,,0.301,4.0,,5.0,0.8,0.596,0.204,0.237,,,,,,,,,,,,,,,,,,,,,,,,,,,,,,,,,,,,,,,,12689.0,108.0,,,,,,,,,,,,,,,1610612762.0,NOP,UTA,NOP,UTA,,,1.0,,0.047,0.0,0.0,0.0,0.0,0.0,0.0,0.0,0.0,0.0,0.0,0.0,0.0,0.0,0.0
203901,Elfrid Payton,1610612740,NOP,25.0,28.766666666666666,5,9,0.556,3,5,0.6,0,0,0.0,1,5,6,6,2,1,0,1,2,2,13,-20,98.73,3.0,0.136,0.722,11.8,71,0.139,-30.2,88.7,118.47,35.3,0.185,0.273,0.091,0.722,0.026,89.7,116.3,119.9,116.9,11.8,-28.2,0.113,66.0,0.091,66.0,0.091,21.0,0.0,6.0,0.0,12.0,0.063,2.0,1.0,0.0,3.0,0.125,0.125,11.0,16.0,2.0,0.0,0.688,0.0,0.333,0.0,0.0,1.0,1.0,0.163,0.0,3.74,2.96,80.0,2.0,0.0,0.0,37.0,5.0,0.0,3.0,7.1,0.0,0.5,0.667,0.0,1.0,7.0,7.2,0.6,6.7,5.0,1.0,6.0,0.714,0.714,0.0,1.0,0.0,0.0,0.333,0.0,0.0,10.0,0.0,,0.0,1.0,0.111,0.111,0.0,1.0,0.0,0.0,0.0,0.0,0.0,,2.0,0.0,0.0,0.0,0.5,1.0,0.5,2.0,1.0,0.222,0.5,0.222,,,,,,,,,,,,,,1.0,0.667,3.0,1.0,5.0,0.917,0.6,6.0,0.111,4.0,1.0,0.667,0.556,1.0,1.0,5.0,1.25,1.0,1.0,2.0,2.0,6.0,0.5,0.0,0.0,0.0,0.722,0.0,0.0,0.0,0.0,0.0,0.75,1.0,3.0,0.0,0.0,1.0,0.0,0.0,4.0,1.0,0.0,1.0,0.5,0.0,1.0,2.0,0.0,0.0,1.0,0.0,0.0,1.0,,,,,,,0.0,0.0,0.0,0.0,,,3.0,0.0,0.0,4.0,0.0,0.333,1.0,0.0,1.0,0.0,0.0,1.0,0.0,1.0,0.0,0.75,0.0,,1.0,3.0,0.0,0.75,4.0,0.5,4.0,2.0,2.0,2019,21800983,,7.0,10.0,0.7,0.459,0.241,2.0,4.0,0.5,0.332,5.0,6.0,0.833,0.533,3.0,4.0,0.75,0.599,2.0,4.0,0.5,0.36,,,,,,,,,,,,,,,20190308.0,2018-19,False,TOR,5.0,2.0,3.0,4.0,0.0,0.0,0.0,2.0,1.0,3.0,0.667,0.333,0.0,1.0,1.0,1.0,0.0,0.0,1.0,1.0,0.0,,,,,,1.3,0.9,4.51,4.48,2.3,4.09,Elfrid,1.0,0.0,1.0,0.0,30.2,0.0,0.0,30.0,1.0,99.0,99.0,99.0,61.0,50.0,68.0,54.0,12.0,35.0,21.0,106.0,111.0,106.0,53.0,35.0,45.0,14.0,32.0,41.0,57.0,121.0,89.0,57.0,61.0,184.0,49.0,14.0,2.0,42.0,118.47,139.0,116.9,7.0,5.0,103.0,-28.2,18.0,139.0,160.0,116.0,4.0,132.0,50.0,39.0,7.0,50.0,9.0,115.0,169.0,88.7,143.0,68.0,160.0,167.0,27.0,167.0,161.0,132.0,35.0,82.0,74.0,16.0,13.0,,,1.0,,NOP,,0.168,,0.3,3.0,,4.0,0.75,0.643,0.108,0.152,,,,,,,,,,,,,,,,,,,,,,,,,,,,,,,,,,,,,,,,12076.0,113.0,,,,,,,,,,,,,,,1610612761.0,NOP,TOR,NOP,TOR,,,1.0,,0.14,0.0,0.0,0.0,0.0,0.0,0.0,1.0,1.0,0.0,0.0,0.0,0.0,0.0,0.0
203901,Elfrid Payton,1610612740,NOP,25.0,30.966666666666665,6,12,0.5,1,3,0.333,2,2,1.0,2,8,10,10,1,1,1,2,1,2,15,-12,86.54,10.0,0.194,0.582,4.2,66,0.195,-20.7,109.1,103.85,41.7,0.267,0.435,0.152,0.542,0.056,107.1,103.02,127.8,123.5,4.2,-14.4,0.17,64.0,0.172,67.0,0.156,18.0,0.0,11.0,1.0,25.0,0.071,10.0,1.0,1.0,6.0,0.714,0.071,5.0,14.0,1.0,2.0,0.357,0.071,0.667,2.0,1.0,4.0,0.0,0.179,0.0,3.88,3.19,84.0,2.0,0.0,0.0,34.0,5.4,0.0,5.0,7.7,3.0,0.4,0.714,0.125,0.0,11.0,7.9,0.667,6.9,7.0,1.0,7.0,0.8,0.727,0.3,0.0,1.0,1.0,0.4,1.0,2.0,15.0,,,,,,,,,,,,,,,8.0,0.0,0.0,0.0,0.5,4.0,0.5,8.0,4.0,0.667,0.5,0.667,3.0,0.25,3.0,0.0,0.0,0.5,0.25,0.333,1.0,0.333,0.0,1.0,,1.0,1.0,0.0,1.0,0.0,1.0,,1.0,0.083,1.0,1.0,0.083,0.0,0.667,1.0,5.0,0.833,0.5,2.0,3.0,2.0,0.0,0.0,0.0,0.0,0.0,0.542,0.0,0.0,0.0,1.0,0.0,0.333,3.0,1.0,0.2,0.0,1.0,0.0,0.0,3.0,0.0,0.0,0.0,1.0,0.0,5.0,3.0,0.0,0.0,1.0,0.0,0.0,1.0,,,,,,,1.0,5.0,,0.0,,,1.0,,0.0,3.0,0.2,1.0,1.0,0.0,3.0,0.0,0.0,1.0,0.0,0.0,0.0,0.333,,,1.0,3.0,0.0,0.0,1.0,0.0,1.0,0.0,0.0,2019,21800995,,7.0,15.0,0.467,0.437,0.029,3.0,7.0,0.429,0.352,4.0,8.0,0.5,0.491,4.0,7.0,0.571,0.521,3.0,8.0,0.375,0.346,,,,,,,,,,,,,,,20190310.0,2018-19,False,ATL,6.0,3.0,3.0,2.0,0.0,0.0,0.0,0.0,1.0,1.0,0.0,1.0,1.0,2.0,3.0,2.0,2.0,0.333,0.667,1.0,1.0,,,,,,1.2,1.1,4.39,4.68,2.4,3.8,Elfrid,1.0,0.0,1.0,0.0,47.0,1.0,1.0,40.0,1.0,97.0,97.0,97.0,43.0,34.0,42.0,58.0,54.0,69.0,67.0,47.0,60.0,1.0,22.0,9.0,9.0,2.0,57.0,29.0,19.0,171.0,33.0,58.0,43.0,164.0,8.0,1.0,1.0,15.0,103.85,92.0,123.5,61.0,6.0,50.0,-14.4,11.0,84.0,79.0,83.0,74.0,156.0,34.0,81.0,61.0,22.0,12.0,82.0,149.0,109.1,162.0,42.0,79.0,132.0,11.0,132.0,86.0,156.0,79.0,26.0,23.0,1.0,15.0,,,,,NOP,,0.076,,0.009,3.0,,6.0,0.5,0.547,-0.047,0.051,,,,,,,,,,,,,,,,,,,,,,,,,,,,,,,,,,,,,,,,12468.0,103.0,,,,,,,,,,,,,,,1610612737.0,ATL,NOP,NOP,ATL,,,1.0,,0.03,0.0,0.0,0.0,0.0,0.0,0.0,0.0,0.0,0.0,0.0,0.0,0.0,0.0,0.0
203901,Elfrid Payton,1610612740,NOP,25.0,34.45,6,15,0.4,2,7,0.286,0,0,0.0,1,14,15,11,3,1,1,2,2,0,14,-27,98.11,3.67,0.196,0.467,10.3,85,0.202,-31.4,78.8,117.74,37.9,0.378,0.524,0.179,0.467,0.021,79.5,117.79,110.8,111.9,10.3,-33.1,0.188,87.0,0.126,90.0,0.126,22.0,0.0,11.0,0.0,25.0,0.0,2.0,0.0,0.0,4.0,0.167,0.0,7.0,12.0,0.0,0.0,0.583,0.0,0.25,0.0,0.0,1.0,2.0,0.125,1.0,3.51,3.01,112.0,4.0,0.0,0.0,42.0,6.6,0.5,3.0,8.8,5.0,0.333,0.789,0.286,0.0,16.0,8.9,0.789,8.5,10.0,0.0,10.0,0.875,0.875,0.333,0.0,0.0,1.0,0.333,4.0,1.0,19.0,0.0,,0.0,1.0,0.067,0.067,0.0,1.0,0.0,0.0,0.0,0.0,0.0,,5.0,0.0,0.0,0.0,0.6,3.0,0.6,5.0,3.0,0.333,0.6,0.333,3.0,0.333,5.0,2.0,1.0,0.5,0.2,0.333,1.0,0.4,0.133,2.0,0.5,,0.25,1.0,0.0,4.0,0.375,0.25,4.0,0.0,1.0,0.0,0.267,0.267,0.333,1.0,3.0,0.5,0.5,2.0,3.0,1.0,3.0,0.2,0.0,0.0,0.5,0.467,0.0,0.0,2.0,2.0,0.0,0.333,2.0,2.0,0.5,0.0,0.0,0.0,0.0,6.0,1.0,0.0,1.0,0.5,0.0,4.0,4.0,0.0,0.0,0.0,0.0,0.0,0.0,,,,,,,2.0,4.0,,0.0,,,1.0,,0.0,2.0,0.5,0.5,0.0,0.0,2.0,1.0,0.0,0.0,0.0,5.0,0.0,0.5,,,0.0,4.0,0.2,0.3,5.0,0.2,5.0,1.0,1.0,2019,21801010,,5.0,16.0,0.313,0.466,-0.154,1.0,4.0,0.25,0.311,4.0,12.0,0.333,0.568,2.0,9.0,0.222,0.61,1.0,5.0,0.2,0.332,,,,,,,,,,,,,,,20190312.0,2018-19,False,MIL,10.0,8.0,2.0,2.0,0.0,1.0,3.0,0.0,1.0,1.0,0.0,1.0,0.0,3.0,3.0,1.0,1.0,0.0,1.0,1.0,1.0,,,,,,1.5,1.2,4.43,4.85,2.7,3.99,Elfrid,1.0,0.0,1.0,0.0,51.5,1.0,1.0,46.0,1.0,75.0,75.0,75.0,20.0,29.0,25.0,89.0,23.0,10.0,63.0,66.0,75.0,66.0,34.0,2.0,3.0,2.0,15.0,30.0,13.0,141.0,74.0,105.0,40.0,148.0,6.0,1.0,1.0,7.0,117.74,62.0,111.9,7.0,6.0,66.0,-33.1,16.0,59.0,135.0,95.0,10.0,88.0,29.0,96.0,7.0,4.0,15.0,94.0,136.0,78.8,84.0,25.0,135.0,136.0,1.0,136.0,137.0,88.0,89.0,14.0,17.0,12.0,14.0,,,1.0,,NOP,,-0.061,,-0.235,2.0,,8.0,0.25,0.653,-0.403,-0.388,,,,,,,,,,,,,,,,,,,,,,,,,,,,,,,,,,,,,,,,14421.0,115.0,,,,,,,,,,,,,,,1610612749.0,NOP,MIL,NOP,MIL,,,1.0,,-0.132,0.0,0.0,0.0,0.0,0.0,0.0,2.0,1.0,0.0,0.0,0.0,0.0,0.0,0.0
203901,Elfrid Payton,1610612740,NOP,25.0,41.05,4,11,0.364,1,4,0.25,5,6,0.833,4,8,12,16,1,1,0,3,1,3,14,-13,89.16,16.0,0.146,0.513,3.2,91,0.146,-8.6,101.1,106.99,51.6,0.157,0.5,0.124,0.409,0.087,103.4,106.85,112.0,114.1,3.3,-13.0,0.183,84.0,0.202,82.0,0.19,20.0,1.0,17.0,0.0,39.0,0.059,9.0,1.0,3.0,4.0,0.529,0.235,9.0,17.0,4.0,6.0,0.529,0.176,0.5,5.0,0.833,2.0,1.0,0.137,0.0,4.25,3.72,102.0,3.0,0.0,0.0,37.0,7.2,0.0,7.0,9.0,3.0,0.667,0.75,0.25,3.0,12.0,6.5,0.667,14.0,6.0,2.0,9.0,0.727,0.667,0.25,1.0,1.0,0.25,0.571,2.0,1.0,18.0,0.0,,0.0,1.0,0.091,0.091,1.0,1.0,0.0,1.0,1.0,1.0,1.0,,6.0,0.0,0.0,0.0,0.333,2.0,0.333,6.0,2.0,0.545,0.333,0.545,1.0,0.091,1.0,0.0,0.0,0.0,0.091,0.0,0.0,0.0,0.0,0.0,,,0.333,1.0,0.0,3.0,0.5,0.333,3.0,0.0,1.0,0.0,0.273,0.273,,0.0,0.0,,,0.0,0.0,0.0,3.0,0.25,0.0,0.0,0.0,0.409,0.0,0.0,0.0,0.0,0.0,0.25,3.0,1.0,0.0,0.0,0.0,0.0,0.0,4.0,0.0,0.0,0.0,0.5,0.0,1.0,6.0,0.0,0.0,0.0,0.0,0.0,0.0,,,,,,,0.0,0.0,,0.0,0.0,0.0,1.0,,1.0,3.0,0.0,0.5,0.0,0.0,3.0,0.0,0.0,0.0,0.0,1.0,0.0,0.333,,0.0,0.0,6.0,0.0,0.375,4.0,0.25,4.0,1.0,1.0,2019,21801031,,7.0,15.0,0.467,0.456,0.011,3.0,6.0,0.5,0.388,4.0,9.0,0.444,0.522,4.0,9.0,0.444,0.558,3.0,6.0,0.5,0.393,,,,,,,,,,,,,,,20190315.0,2018-19,False,POR,8.0,5.0,3.0,1.0,0.0,0.0,0.0,2.0,0.0,2.0,1.0,0.0,0.0,0.0,0.0,0.0,0.0,0.0,0.0,0.0,0.0,,,,,,1.7,1.5,4.56,5.0,3.3,3.91,Elfrid,1.0,0.0,1.0,0.0,54.4,1.0,1.0,45.0,1.0,84.0,84.0,84.0,4.0,70.0,44.0,105.0,46.0,40.0,64.0,11.0,13.0,41.0,7.0,9.0,7.0,1.0,54.0,26.0,54.0,164.0,28.0,28.0,51.0,143.0,6.0,1.0,1.0,9.0,106.99,121.0,114.1,34.0,4.0,30.0,-13.0,4.0,118.0,111.0,68.0,42.0,106.0,70.0,88.0,34.0,56.0,11.0,68.0,108.0,101.1,102.0,44.0,111.0,116.0,2.0,116.0,101.0,106.0,109.0,36.0,18.0,1.0,14.0,,,1.0,,NOP,,0.113,,-0.078,3.0,,6.0,0.5,0.567,-0.067,-0.114,,,,,,,,,,,,,,,,,,,,,,,,,,,,,,,,,,,,,,,,17198.0,103.0,,,,,,,,,,,,,,,1610612757.0,NOP,POR,NOP,POR,,,1.0,,0.107,0.0,0.0,0.0,0.0,0.0,0.0,1.0,1.0,0.0,0.0,0.0,0.0,0.0,0.0
203901,Elfrid Payton,1610612740,NOP,25.0,36.81666666666667,5,12,0.417,2,2,1.0,4,6,0.667,7,5,12,16,4,1,0,2,4,3,16,-7,91.26,4.0,0.183,0.546,11.4,85,0.187,-2.6,104.7,109.52,45.7,0.109,0.571,0.132,0.5,0.156,105.1,113.3,107.7,115.7,11.5,-11.0,0.164,86.0,0.198,84.0,0.186,23.0,1.0,17.0,0.0,39.0,0.0,5.0,0.0,2.0,3.0,0.385,0.154,8.0,13.0,2.0,4.0,0.615,0.154,0.333,3.0,0.75,1.0,4.0,0.145,3.0,3.84,3.02,110.0,7.0,0.0,0.0,52.0,7.0,0.571,9.0,8.3,3.0,0.778,0.667,0.2,5.0,11.0,5.5,0.632,10.6,5.0,1.0,10.0,0.5,0.455,0.25,0.0,1.0,0.286,0.778,1.0,2.0,19.0,0.0,,0.0,3.0,0.25,0.25,1.0,3.0,0.0,0.333,0.333,1.0,0.333,,4.0,0.0,0.0,0.0,0.25,1.0,0.25,4.0,1.0,0.333,0.25,0.333,0.0,0.167,2.0,2.0,0.0,0.0,0.0,,0.0,0.0,0.167,0.0,0.0,1.0,1.0,2.0,1.0,2.0,1.333,1.0,3.0,0.083,3.0,1.0,0.25,0.167,1.0,1.0,3.0,1.5,1.0,1.0,1.0,1.0,3.0,1.0,0.0,0.0,0.4,0.5,0.0,0.0,4.0,0.0,0.0,1.0,3.0,2.0,0.0,0.0,0.0,0.0,0.0,2.0,0.0,0.0,0.0,0.333,0.0,1.0,9.0,0.0,0.0,0.0,0.0,0.0,0.0,,,,,,,0.0,1.0,0.0,0.0,0.0,0.0,2.0,0.0,0.0,2.0,0.0,0.333,0.0,0.0,3.0,0.0,0.0,0.0,0.0,0.0,0.0,1.0,0.0,0.0,0.0,9.0,0.0,1.5,1.0,1.0,1.0,1.0,1.0,2019,21801036,,8.0,14.0,0.571,0.455,0.117,0.0,3.0,0.0,0.321,8.0,11.0,0.727,0.532,8.0,11.0,0.727,0.564,0.0,3.0,0.0,0.326,,,,,,,,,,,,,,,20190316.0,2018-19,False,PHX,4.0,2.0,2.0,1.0,0.0,0.0,0.0,2.0,2.0,4.0,0.5,0.5,0.0,0.0,0.0,0.0,0.0,0.0,0.0,0.0,0.0,,,,,,1.6,1.2,4.25,4.92,2.8,3.61,Elfrid,1.0,0.0,1.0,0.0,53.4,1.0,1.0,48.0,1.0,83.0,83.0,83.0,9.0,47.0,40.0,94.0,34.0,86.0,1.0,27.0,21.0,67.0,2.0,35.0,6.0,1.0,6.0,22.0,57.0,150.0,133.0,39.0,39.0,132.0,4.0,1.0,1.0,8.0,109.52,82.0,115.7,32.0,5.0,6.0,-11.0,8.0,81.0,109.0,116.0,22.0,104.0,47.0,86.0,32.0,92.0,12.0,115.0,94.0,104.7,72.0,40.0,109.0,126.0,2.0,126.0,105.0,104.0,74.0,42.0,24.0,10.0,16.0,,,1.0,,NOP,,-0.321,,0.195,6.0,,8.0,0.75,0.609,0.142,0.164,,,,,,,,,,,,,,,,,,,,,,,,,,,,,,,,,,,,,,,,14775.0,122.0,,,,,,,,,,,,,,,1610612756.0,NOP,PHX,NOP,PHX,,,1.0,,-0.326,0.0,0.0,0.0,0.0,0.0,0.0,3.0,0.75,2.0,0.5,0.0,0.0,0.0,0.0
203901,Elfrid Payton,1610612740,NOP,25.0,37.41666666666666,5,12,0.417,2,6,0.333,7,8,0.875,1,9,10,11,3,1,0,0,3,6,19,6,89.8,3.67,0.198,0.612,10.0,84,0.201,9.9,116.7,107.76,36.7,0.214,0.355,0.125,0.5,0.026,119.0,106.94,109.1,109.5,10.2,7.1,0.158,79.0,0.152,82.0,0.139,19.0,1.0,12.0,0.0,29.0,0.111,8.0,2.0,1.0,6.0,0.444,0.167,8.0,18.0,3.0,2.0,0.444,0.056,0.5,2.0,1.0,3.0,0.0,0.188,1.0,4.22,3.88,101.0,1.0,0.0,0.0,38.0,7.1,0.0,3.0,8.1,1.0,0.333,0.714,0.111,1.0,12.0,6.3,0.667,24.8,8.0,1.0,9.0,0.818,0.75,0.1,0.0,1.0,0.0,0.333,1.0,0.0,15.0,0.0,,0.0,1.0,0.083,0.083,0.0,1.0,0.0,0.0,0.0,0.0,0.0,,3.0,0.0,0.0,0.0,0.333,1.0,0.333,3.0,1.0,0.25,0.333,0.25,3.0,0.417,5.0,2.0,2.0,0.4,0.25,0.0,0.0,0.4,0.167,2.0,1.0,,0.667,2.0,0.0,3.0,1.0,0.667,3.0,0.0,2.0,0.0,0.25,0.25,0.0,0.0,0.0,0.0,0.0,1.0,2.0,0.0,6.0,0.4,0.0,0.0,0.0,0.5,0.0,0.0,0.0,3.0,0.0,0.4,0.0,2.0,0.6,0.0,0.0,0.0,0.0,5.0,1.0,0.0,1.0,0.0,0.0,5.0,1.0,0.0,0.0,0.0,0.0,0.0,0.0,,,,,,,3.0,4.0,0.0,0.0,0.0,1.0,2.0,0.0,0.0,4.0,0.75,0.0,0.0,0.0,0.0,0.0,0.0,0.0,0.0,1.0,0.0,0.5,0.0,0.0,0.0,2.0,0.0,0.375,4.0,0.25,4.0,1.0,1.0,2019,21801056,,9.0,15.0,0.6,0.434,0.166,2.0,4.0,0.5,0.32,7.0,11.0,0.636,0.503,5.0,8.0,0.625,0.57,3.0,5.0,0.6,0.326,,,,,,,,,,,,,,,20190318.0,2018-19,False,DAL,7.0,5.0,2.0,5.0,0.0,1.0,2.0,1.0,0.0,1.0,1.0,0.0,0.0,0.0,0.0,0.0,0.0,0.0,0.0,0.0,0.0,,,,,,1.6,1.3,4.29,4.85,2.9,3.74,Elfrid,1.0,1.0,0.0,1.0,47.5,1.0,1.0,44.0,1.0,1.0,1.0,1.0,16.0,48.0,42.0,114.0,25.0,25.0,58.0,8.0,7.0,66.0,41.0,6.0,12.0,3.0,18.0,36.0,67.0,1.0,128.0,7.0,29.0,42.0,14.0,1.0,1.0,15.0,107.76,83.0,109.5,29.0,5.0,83.0,7.1,16.0,76.0,52.0,116.0,46.0,99.0,48.0,72.0,29.0,43.0,12.0,112.0,54.0,116.7,101.0,42.0,52.0,64.0,10.0,64.0,45.0,99.0,86.0,41.0,35.0,15.0,19.0,,,1.0,,NOP,,0.18,,0.134,4.0,,7.0,0.571,0.606,-0.035,0.055,,,,,,,,,,,,,,,,,,,,,,,,,,,,,,,,,,,,,,,,15508.0,117.0,,,,,,,,,,,,,,,1610612742.0,DAL,NOP,NOP,DAL,,,1.0,,0.274,0.0,0.0,0.0,0.0,0.0,0.0,0.0,0.0,0.0,0.0,0.0,0.0,0.0,0.0
203901,Elfrid Payton,1610612740,NOP,25.0,24.48333333333333,3,7,0.429,1,3,0.333,0,0,0.0,2,1,3,2,1,1,0,1,2,0,7,-24,84.14,2.0,0.125,0.5,10.0,52,0.128,-49.7,90.4,100.97,20.0,0.042,0.125,0.05,0.5,0.056,89.3,101.67,139.0,139.2,10.0,-48.8,0.04,44.0,0.045,48.0,0.045,7.0,0.0,2.0,0.0,5.0,0.0,0.0,0.0,0.0,2.0,0.0,0.222,6.0,9.0,2.0,0.0,0.667,0.0,0.0,0.0,0.0,0.0,0.0,0.132,0.0,3.62,3.08,53.0,2.0,0.0,0.0,21.0,3.2,2.0,4.0,2.6,0.0,0.667,0.333,0.0,1.0,7.0,3.9,0.273,1.2,1.0,2.0,2.0,0.167,0.143,0.0,1.0,1.0,0.0,0.5,0.0,0.0,11.0,0.0,,0.0,2.0,0.333,0.333,0.0,2.0,0.0,0.0,0.0,0.0,0.0,,,,,,,,,,,,,,0.0,0.333,2.0,2.0,2.0,1.0,0.0,,0.0,1.0,0.333,2.0,1.0,,0.5,1.0,0.0,2.0,0.75,0.5,2.0,0.0,1.0,0.0,0.333,0.333,,0.0,0.0,,,0.0,0.0,0.0,3.0,0.5,0.0,0.0,1.0,0.5,0.0,0.0,4.0,0.0,0.0,0.333,2.0,1.0,0.0,0.0,0.0,0.0,0.0,3.0,0.0,0.0,0.0,1.0,0.0,2.0,2.0,0.0,0.0,0.0,0.0,0.0,0.0,,,,,,,0.0,2.0,,0.0,,,1.0,,0.0,3.0,0.0,1.0,0.0,0.0,2.0,0.0,0.0,0.0,0.0,0.0,0.0,0.333,,,0.0,2.0,0.0,0.75,2.0,0.5,2.0,1.0,1.0,2019,21801066,,4.0,8.0,0.5,0.449,0.052,0.0,1.0,0.0,0.351,4.0,7.0,0.571,0.488,4.0,7.0,0.571,0.515,0.0,1.0,0.0,0.344,,,,,,,,,,,,,,,20190320.0,2018-19,False,ORL,1.0,1.0,0.0,3.0,0.0,0.0,0.0,0.0,1.0,1.0,0.0,1.0,0.0,0.0,0.0,0.0,0.0,0.0,0.0,0.0,0.0,,,,,,1.0,0.8,4.52,4.85,1.8,4.16,Elfrid,1.0,0.0,1.0,0.0,15.6,0.0,0.0,15.0,1.0,95.0,95.0,95.0,92.0,85.0,97.0,96.0,65.0,77.0,72.0,104.0,111.0,104.0,25.0,135.0,97.0,74.0,59.0,36.0,57.0,115.0,87.0,137.0,105.0,178.0,113.0,16.0,1.0,108.0,100.97,148.0,139.2,102.0,3.0,54.0,-48.8,61.0,144.0,158.0,110.0,85.0,165.0,85.0,108.0,102.0,155.0,7.0,108.0,170.0,90.4,165.0,97.0,158.0,172.0,85.0,172.0,159.0,165.0,88.0,135.0,132.0,37.0,7.0,,,1.0,,NOP,,-0.351,,0.083,4.0,,6.0,0.667,0.553,0.114,0.057,,,,,,,,,,,,,,,,,,,,,,,,,,,,,,,,,,,,,,,,9280.0,103.0,,,,,,,,,,,,,,,1610612753.0,ORL,NOP,NOP,ORL,,,1.0,,-0.344,0.0,0.0,0.0,0.0,0.0,0.0,0.0,0.0,0.0,0.0,0.0,0.0,0.0,0.0
203901,Elfrid Payton,1610612740,NOP,25.0,31.416666666666668,2,8,0.25,0,1,0.0,0,0,0.0,1,3,4,8,5,1,0,1,1,2,4,-19,79.58,1.6,0.171,0.25,23.8,62,0.175,-27.5,87.1,95.49,38.1,0.086,0.4,0.053,0.25,0.024,86.8,96.32,114.3,115.9,23.8,-28.8,0.037,61.0,0.131,71.0,0.131,15.0,0.0,8.0,0.0,20.0,0.0,2.0,0.0,0.0,4.0,0.222,0.111,4.0,9.0,1.0,0.0,0.444,0.0,0.25,0.0,0.0,1.0,2.0,0.05,1.0,4.06,3.51,80.0,2.0,0.0,0.0,36.0,5.4,0.0,1.0,12.6,0.0,1.0,0.5,0.0,1.0,7.0,13.3,0.5,10.6,3.0,0.0,4.0,0.429,0.429,0.0,0.0,0.0,0.0,1.0,0.0,0.0,8.0,,,,,,,,,,,,,,,5.0,0.0,0.0,0.0,0.4,2.0,0.4,5.0,2.0,0.625,0.4,0.625,0.0,0.25,2.0,2.0,0.0,0.0,0.0,,0.0,0.0,0.25,0.0,0.0,,0.0,0.0,0.0,1.0,0.0,0.0,1.0,0.0,0.0,0.0,0.125,0.125,,0.0,0.0,,,0.0,0.0,0.0,0.0,0.0,0.0,0.0,0.0,0.25,0.0,0.0,0.0,1.0,0.0,0.0,1.0,0.0,0.25,0.0,0.0,0.0,0.0,0.0,1.0,0.0,0.0,0.333,0.0,4.0,3.0,0.0,1.0,0.0,0.0,0.0,0.0,,,,,,,0.0,3.0,,1.0,,,0.0,,1.0,0.0,0.0,0.333,0.0,0.0,1.0,0.0,1.0,0.0,0.0,1.0,0.0,0.0,,,0.0,3.0,0.0,0.0,1.0,0.0,1.0,0.0,0.0,2019,21801099,,6.0,14.0,0.429,0.475,-0.046,2.0,7.0,0.286,0.359,4.0,7.0,0.571,0.576,4.0,6.0,0.667,0.596,2.0,7.0,0.286,0.367,,,,,,,,,,,,,,,20190324.0,2018-19,False,HOU,4.0,1.0,3.0,2.0,0.0,0.0,0.0,0.0,1.0,1.0,0.0,1.0,0.0,0.0,0.0,0.0,0.0,0.0,0.0,0.0,0.0,,,,,,1.3,1.0,4.23,4.63,2.3,3.8,Elfrid,1.0,0.0,1.0,0.0,18.8,0.0,0.0,18.0,1.0,92.0,92.0,92.0,37.0,109.0,66.0,134.0,94.0,112.0,94.0,86.0,89.0,86.0,49.0,64.0,65.0,9.0,2.0,27.0,53.0,128.0,47.0,41.0,122.0,171.0,85.0,22.0,2.0,86.0,95.49,99.0,115.9,136.0,2.0,87.0,-28.8,22.0,99.0,158.0,170.0,123.0,97.0,109.0,151.0,136.0,107.0,8.0,170.0,141.0,87.1,89.0,66.0,158.0,143.0,12.0,143.0,158.0,97.0,142.0,113.0,137.0,45.0,4.0,,,,,NOP,,-0.073,,-0.005,4.0,,6.0,0.667,0.616,0.05,0.071,,,,,,,,,,,,,,,,,,,,,,,,,,,,,,,,,,,,,,,,11882.0,96.0,,,,,,,,,,,,,,,1610612745.0,NOP,HOU,NOP,HOU,,,1.0,,-0.081,0.0,0.0,0.0,0.0,0.0,0.0,2.0,1.0,0.0,0.0,0.0,0.0,0.0,0.0
203901,Elfrid Payton,1610612740,NOP,25.0,24.766666666666666,5,11,0.455,1,4,0.25,0,0,0.0,0,6,6,9,3,2,0,0,1,0,11,-14,101.75,3.0,0.209,0.5,13.0,63,0.211,-21.1,100.0,122.1,39.1,0.231,0.529,0.12,0.5,0.0,101.0,121.52,122.1,122.2,13.0,-22.2,0.14,53.0,0.208,60.0,0.17,11.0,1.0,11.0,1.0,21.0,0.0,8.0,0.0,0.0,7.0,0.8,0.0,3.0,10.0,0.0,0.0,0.3,0.0,0.571,0.0,0.0,4.0,0.0,0.159,2.0,3.92,3.43,69.0,1.0,0.0,0.0,22.0,4.5,0.0,0.0,9.0,0.0,0.0,1.0,0.0,0.0,6.0,9.0,1.0,0.0,6.0,0.0,6.0,1.0,1.0,0.0,0.0,0.0,0.0,0.0,0.0,0.0,6.0,,,,,,,,,,,,,,,6.0,0.0,0.0,0.0,0.667,4.0,0.667,6.0,4.0,0.545,0.667,0.545,0.0,0.091,1.0,1.0,0.0,0.0,0.0,,0.0,0.0,0.091,0.0,0.0,,0.25,1.0,0.0,4.0,0.375,0.25,4.0,0.0,1.0,0.0,0.364,0.364,,0.0,0.0,,,0.0,0.0,0.0,3.0,0.25,0.0,0.0,0.0,0.5,0.0,0.0,0.0,2.0,0.0,0.333,1.0,1.0,0.667,0.0,1.0,0.0,0.0,3.0,1.0,0.0,1.0,0.333,0.0,3.0,3.0,0.0,0.0,1.0,0.0,0.0,1.0,,,,,,,3.0,4.0,,0.0,,,1.0,,0.0,3.0,0.75,0.333,0.0,0.0,1.0,0.0,0.0,0.0,0.0,1.0,0.0,0.333,,,0.0,3.0,0.0,0.375,4.0,0.25,4.0,1.0,1.0,2019,21801113,,5.0,10.0,0.5,0.428,0.072,1.0,4.0,0.25,0.35,4.0,6.0,0.667,0.474,4.0,5.0,0.8,0.501,1.0,4.0,0.25,0.351,,,,,,,,,,,,,,,20190326.0,2018-19,False,ATL,4.0,1.0,3.0,3.0,0.0,1.0,3.0,0.0,1.0,1.0,0.0,1.0,0.0,0.0,0.0,0.0,0.0,0.0,0.0,0.0,0.0,,,,,,1.1,1.0,4.53,5.41,2.0,4.2,Elfrid,1.0,0.0,1.0,0.0,34.7,0.0,0.0,31.0,1.0,107.0,107.0,107.0,107.0,58.0,54.0,93.0,67.0,68.0,93.0,108.0,117.0,108.0,102.0,33.0,47.0,7.0,12.0,12.0,51.0,1.0,42.0,153.0,82.0,195.0,35.0,23.0,2.0,44.0,122.1,78.0,122.2,2.0,5.0,102.0,-22.2,11.0,74.0,116.0,138.0,4.0,175.0,58.0,121.0,2.0,39.0,11.0,138.0,176.0,100.0,169.0,54.0,116.0,182.0,5.0,182.0,112.0,175.0,93.0,59.0,56.0,18.0,11.0,,,,,NOP,,-0.1,,0.193,3.0,,4.0,0.75,0.524,0.227,0.299,,,,,,,,,,,,,,,,,,,,,,,,,,,,,,,,,,,,,,,,10801.0,114.0,,,,,,,,,,,,,,,1610612737.0,NOP,ATL,NOP,ATL,,,1.0,,-0.101,0.0,0.0,0.0,0.0,0.0,0.0,0.0,0.0,0.0,0.0,0.0,0.0,0.0,0.0
203901,Elfrid Payton,1610612740,NOP,25.0,36.35,7,14,0.5,0,4,0.0,2,2,1.0,0,4,4,9,3,0,1,0,0,3,16,-5,90.23,3.0,0.202,0.538,11.1,82,0.205,-5.2,111.0,108.28,33.3,0.1,0.3,0.053,0.5,0.0,110.4,109.23,115.6,117.1,11.2,-6.1,0.105,79.0,0.127,91.0,0.114,16.0,0.0,10.0,1.0,22.0,0.0,8.0,0.0,0.0,7.0,0.471,0.176,10.0,17.0,3.0,0.0,0.588,0.0,0.571,0.0,0.0,4.0,2.0,0.155,0.0,4.04,3.52,103.0,3.0,0.0,0.0,41.0,6.9,0.667,1.0,12.0,1.0,0.0,0.667,0.25,0.0,6.0,12.0,0.571,0.0,3.0,1.0,3.0,0.8,0.667,0.25,0.0,1.0,0.0,0.0,1.0,0.0,7.0,0.0,,0.0,2.0,0.143,0.143,1.0,2.0,0.0,0.5,0.5,1.0,0.5,,5.0,0.0,0.0,0.0,0.6,3.0,0.6,5.0,3.0,0.357,0.6,0.357,1.0,0.286,4.0,3.0,3.0,0.75,0.071,0.0,0.0,0.75,0.214,3.0,1.0,,0.0,0.0,0.0,3.0,0.0,0.0,3.0,0.0,0.0,0.0,0.214,0.214,0.0,0.0,0.0,0.0,0.0,1.0,1.0,0.0,0.0,0.0,0.0,0.0,1.0,0.5,0.0,0.0,2.0,0.0,0.0,0.0,7.0,0.0,0.0,0.0,0.0,0.0,0.0,4.0,0.0,0.0,0.0,0.778,0.0,1.0,9.0,0.0,0.0,0.0,0.0,0.0,0.0,,,,,,,0.0,1.0,,0.0,0.0,0.0,0.0,,0.0,3.0,0.0,0.778,0.0,0.0,7.0,0.0,0.0,0.0,0.0,1.0,0.0,0.0,,0.0,0.0,9.0,0.0,0.0,2.0,0.0,2.0,0.0,0.0,2019,21801128,,11.0,20.0,0.55,0.465,0.085,1.0,4.0,0.25,0.383,10.0,16.0,0.625,0.489,8.0,11.0,0.727,0.554,1.0,5.0,0.2,0.391,,,,,,,,,,,,,,,20190328.0,2018-19,False,SAC,8.0,6.0,2.0,2.0,0.0,1.0,3.0,1.0,2.0,3.0,0.333,0.667,0.0,2.0,2.0,1.0,0.0,0.0,1.0,1.0,0.0,,,,,,1.6,1.3,4.41,4.94,2.9,3.9,Elfrid,1.0,1.0,0.0,1.0,34.3,0.0,0.0,31.0,1.0,1.0,1.0,1.0,6.0,21.0,23.0,65.0,98.0,45.0,98.0,32.0,50.0,1.0,74.0,48.0,63.0,3.0,6.0,80.0,17.0,1.0,1.0,29.0,33.0,126.0,24.0,15.0,2.0,28.0,108.28,77.0,117.1,36.0,7.0,74.0,-6.1,19.0,76.0,83.0,121.0,32.0,121.0,21.0,89.0,36.0,102.0,14.0,119.0,102.0,111.0,119.0,23.0,83.0,108.0,22.0,108.0,88.0,121.0,82.0,110.0,77.0,16.0,16.0,,,1.0,,NOP,,-0.133,,0.136,7.0,,9.0,0.778,0.601,0.177,0.173,,,,,,,,,,,,,,,,,,,,,,,,,,,,,,,,,,,,,,,,15385.0,105.0,,,,,,,,,,,,,,,1610612758.0,NOP,SAC,NOP,SAC,,,1.0,,-0.191,0.0,1.0,0.0,0.0,0.0,0.0,1.0,0.5,0.0,0.0,0.0,0.0,0.0,0.0
203901,Elfrid Payton,1610612740,NOP,25.0,21.466666666666665,3,6,0.5,0,1,0.0,2,2,1.0,0,2,2,6,2,1,0,1,0,1,8,-1,88.51,3.0,0.184,0.581,13.3,47,0.183,0.4,119.1,106.21,40.0,0.091,0.333,0.053,0.5,0.0,118.1,107.11,117.8,118.8,13.4,0.4,0.11,43.0,0.163,47.0,0.14,11.0,0.0,7.0,0.0,17.0,0.0,4.0,0.0,1.0,1.0,0.5,0.125,6.0,8.0,1.0,2.0,0.75,0.125,1.0,2.0,1.0,1.0,1.0,0.151,1.0,4.45,3.92,53.0,2.0,0.0,0.0,25.0,3.9,0.0,1.0,4.5,1.0,0.0,0.5,0.5,0.0,4.0,4.5,0.4,0.0,1.0,1.0,1.0,0.667,0.5,0.5,0.0,1.0,0.0,0.0,1.0,0.0,5.0,0.0,,0.0,1.0,0.167,0.167,0.0,1.0,0.0,0.0,0.0,0.0,0.0,,1.0,0.0,0.0,0.0,1.0,1.0,1.0,1.0,1.0,0.167,1.0,0.167,1.0,0.333,2.0,1.0,0.0,0.0,0.167,0.0,0.0,0.0,0.167,0.0,0.0,1.0,1.0,0.0,2.0,0.0,1.0,,2.0,0.333,2.0,2.0,0.333,0.0,0.0,0.0,0.0,0.0,,0.0,1.0,0.0,0.0,0.0,0.0,0.0,0.0,0.5,0.0,0.0,0.0,0.0,0.0,0.0,3.0,0.0,0.0,0.0,0.0,0.0,,1.0,0.0,0.0,0.0,1.0,0.0,2.0,3.0,,0.0,0.0,0.0,,0.0,,,,,,,0.0,2.0,,0.0,,,0.0,,0.0,1.0,0.0,1.0,0.0,,3.0,0.0,0.0,0.0,,0.0,,0.0,,,0.0,3.0,0.0,0.0,1.0,0.0,1.0,0.0,0.0,2019,21801147,,6.0,14.0,0.429,0.432,-0.003,1.0,6.0,0.167,0.359,5.0,8.0,0.625,0.468,5.0,6.0,0.833,0.494,1.0,7.0,0.143,0.367,,,,,,,,,,,,,,,20190331.0,2018-19,False,LAL,6.0,3.0,3.0,1.0,0.0,0.0,0.0,1.0,0.0,1.0,1.0,0.0,0.0,0.0,0.0,0.0,0.0,0.0,0.0,0.0,0.0,,,,,,1.0,0.7,4.46,5.06,1.7,3.83,Elfrid,1.0,0.0,1.0,0.0,20.4,0.0,0.0,18.0,1.0,77.0,77.0,77.0,88.0,72.0,96.0,41.0,81.0,104.0,81.0,36.0,44.0,1.0,71.0,84.0,98.0,10.0,26.0,31.0,53.0,96.0,1.0,64.0,81.0,76.0,70.0,19.0,2.0,76.0,106.21,87.0,118.8,53.0,3.0,71.0,0.4,10.0,82.0,43.0,112.0,50.0,115.0,72.0,59.0,53.0,98.0,6.0,112.0,78.0,119.1,116.0,96.0,43.0,73.0,14.0,73.0,42.0,115.0,64.0,100.0,62.0,12.0,8.0,,,1.0,,NOP,,-0.192,,0.157,4.0,,4.0,1.0,0.563,0.438,0.339,,,,,,,,,,,,,,,,,,,,,,,,,,,,,,,,,,,,,,,,9148.0,110.0,,,,,,,,,,,,,,,1610612747.0,NOP,LAL,NOP,LAL,,,1.0,,-0.224,0.0,0.0,0.0,0.0,0.0,0.0,1.0,1.0,0.0,0.0,0.0,0.0,0.0,0.0
203901,Elfrid Payton,1610612740,NOP,25.0,28.516666666666666,1,8,0.125,0,5,0.0,0,0,0.0,0,2,2,7,2,1,0,0,2,0,2,-2,84.16,3.5,0.149,0.125,11.8,60,0.15,-7.0,111.7,100.99,41.2,0.067,0.304,0.033,0.125,0.0,108.3,102.37,115.4,115.0,11.8,-3.3,0.008,56.0,0.125,62.0,0.125,11.0,0.0,7.0,0.0,19.0,0.0,0.0,0.0,0.0,1.0,0.0,0.143,6.0,7.0,1.0,0.0,0.857,0.0,0.0,0.0,0.0,0.0,0.0,0.029,2.0,4.0,3.46,69.0,3.0,0.0,0.0,30.0,4.6,0.667,2.0,5.4,0.0,0.0,0.5,0.0,0.0,2.0,5.4,0.5,0.0,2.0,0.0,2.0,1.0,1.0,0.0,0.0,0.0,0.0,0.0,0.0,0.0,4.0,,,,,,,,,,,,,,0.0,2.0,0.0,1.0,0.125,0.0,0.0,0.0,1.0,0.0,0.25,0.0,0.125,1.0,0.375,3.0,2.0,1.0,0.333,0.125,0.0,0.0,0.333,0.25,1.0,0.5,,0.0,0.0,0.0,3.0,0.0,0.0,3.0,0.0,0.0,0.0,0.375,0.375,0.0,0.0,0.0,0.0,0.0,2.0,2.0,0.0,0.0,0.0,0.0,0.0,0.5,0.125,0.0,0.0,2.0,0.0,0.0,0.0,1.0,0.0,0.0,0.0,0.0,0.0,0.0,5.0,0.0,0.0,0.0,1.0,0.0,2.0,1.0,0.0,0.0,0.0,0.0,0.0,0.0,,,,,,,0.0,1.0,,0.0,0.0,1.0,0.0,,0.0,4.0,0.0,0.5,0.0,0.0,1.0,0.0,0.0,0.0,0.0,0.0,0.0,0.0,,0.0,0.0,2.0,0.0,0.0,3.0,0.0,3.0,0.0,0.0,2019,21801171,,6.0,12.0,0.5,0.437,0.064,3.0,5.0,0.6,0.352,3.0,7.0,0.429,0.493,1.0,4.0,0.25,0.54,3.0,6.0,0.5,0.354,,,,,,,,,,,,,,,20190403.0,2018-19,False,CHA,6.0,3.0,3.0,2.0,0.0,0.0,0.0,0.0,1.0,1.0,0.0,1.0,0.0,1.0,1.0,0.0,0.0,0.0,1.0,0.0,0.0,,,,,,1.2,0.9,4.37,4.61,2.2,3.7,Elfrid,1.0,0.0,1.0,0.0,15.9,0.0,0.0,13.0,1.0,125.0,125.0,125.0,81.0,195.0,114.0,221.0,127.0,36.0,127.0,138.0,147.0,138.0,121.0,138.0,161.0,12.0,36.0,42.0,87.0,1.0,104.0,177.0,210.0,139.0,156.0,26.0,2.0,163.0,100.99,175.0,115.0,122.0,1.0,121.0,-3.3,15.0,169.0,88.0,155.0,105.0,168.0,195.0,227.0,122.0,192.0,8.0,154.0,147.0,111.7,182.0,114.0,88.0,130.0,32.0,130.0,94.0,168.0,223.0,203.0,208.0,21.0,2.0,,,,,NOP,,0.248,,-0.064,1.0,,4.0,0.25,0.582,-0.332,-0.29,,,,,,,,,,,,,,,,,,,,,,,,,,,,,,,,,,,,,,,,11475.0,102.0,,,,,,,,,,,,,,,1610612766.0,NOP,CHA,NOP,CHA,,,1.0,,0.146,0.0,0.0,0.0,0.0,0.0,0.0,0.0,0.0,0.0,0.0,0.0,0.0,0.0,0.0
203901,Elfrid Payton,1610612740,NOP,25.0,43.41666666666666,6,14,0.429,2,3,0.667,0,0,0.0,0,5,5,12,3,2,0,3,5,0,14,-17,80.61,4.0,0.165,0.5,10.3,86,0.166,-24.2,117.4,96.74,41.4,0.122,0.353,0.058,0.5,0.0,109.0,100.21,133.2,132.6,10.3,-15.1,0.081,97.0,0.124,98.0,0.124,19.0,0.0,12.0,0.0,26.0,0.045,8.0,1.0,0.0,10.0,0.364,0.091,11.0,22.0,2.0,0.0,0.5,0.0,0.4,0.0,0.0,4.0,0.0,0.121,0.0,4.33,3.54,116.0,0.0,0.0,0.0,53.0,8.4,0.0,4.0,8.3,0.0,0.0,0.556,0.0,0.0,5.0,8.3,0.556,0.0,5.0,0.0,5.0,1.0,1.0,0.0,0.0,0.0,0.0,0.0,0.0,0.0,9.0,0.0,,0.0,5.0,0.357,0.357,0.0,5.0,0.0,0.0,0.0,0.0,0.0,,6.0,0.0,0.0,0.0,0.667,4.0,0.667,6.0,4.0,0.429,0.667,0.429,2.0,0.143,2.0,0.0,0.0,1.5,0.143,1.0,2.0,1.0,0.0,2.0,,,0.0,0.0,0.0,1.0,0.0,0.0,1.0,0.0,0.0,0.0,0.071,0.071,0.0,0.0,0.0,0.0,,0.0,1.0,0.0,6.0,0.667,0.0,0.0,0.0,0.5,0.0,0.0,0.0,3.0,0.0,0.667,1.0,2.0,0.75,0.0,2.0,0.0,0.0,3.0,0.0,0.0,0.0,0.2,0.0,4.0,5.0,0.0,0.0,0.0,0.0,0.0,0.0,,,,,,,3.0,6.0,0.0,0.0,,,1.0,0.0,0.0,2.0,0.5,0.2,0.0,0.0,1.0,1.0,0.0,0.0,0.0,1.0,0.0,0.5,0.0,,0.0,5.0,1.0,1.0,3.0,0.667,3.0,2.0,2.0,2019,21801189,,13.0,26.0,0.5,0.424,0.076,4.0,9.0,0.444,0.324,9.0,17.0,0.529,0.489,6.0,10.0,0.6,0.548,5.0,10.0,0.5,0.345,,,,,,,,,,,,,,,20190405.0,2018-19,False,PHX,12.0,6.0,6.0,4.0,0.0,1.0,3.0,1.0,0.0,1.0,1.0,0.0,0.0,1.0,1.0,0.0,0.0,0.0,1.0,0.0,0.0,,,,,,1.8,1.4,4.15,4.48,3.2,3.8,Elfrid,1.0,0.0,1.0,0.0,41.0,1.0,0.0,37.0,1.0,147.0,147.0,147.0,3.0,56.0,43.0,164.0,40.0,102.0,16.0,154.0,165.0,154.0,133.0,52.0,86.0,3.0,17.0,18.0,80.0,277.0,271.0,199.0,77.0,264.0,30.0,1.0,3.0,34.0,96.74,188.0,132.6,220.0,6.0,133.0,-15.1,13.0,179.0,100.0,181.0,189.0,257.0,56.0,170.0,220.0,144.0,14.0,179.0,228.0,117.4,260.0,43.0,100.0,201.0,22.0,201.0,154.0,257.0,143.0,176.0,159.0,14.0,14.0,,,1.0,,NOP,,0.121,,0.04,6.0,,10.0,0.6,0.578,0.022,0.053,,,,,,,,,,,,,,,,,,,,,,,,,,,,,,,,,,,,,,,,16644.0,105.0,,,,,,,,,,,,,,,1610612756.0,PHX,NOP,NOP,PHX,,,1.0,,0.155,0.0,0.0,0.0,0.0,0.0,0.0,0.0,0.0,0.0,0.0,0.0,0.0,0.0,0.0
203901,Elfrid Payton,1610612740,NOP,25.0,39.3,10,19,0.526,2,7,0.286,4,5,0.8,0,6,6,14,6,1,3,1,0,5,26,13,91.09,2.33,0.26,0.613,14.6,90,0.266,10.9,130.0,109.31,34.1,0.113,0.389,0.065,0.579,0.0,129.4,108.78,118.6,116.9,14.6,13.1,0.146,79.0,0.19,98.0,0.177,25.0,0.0,15.0,1.0,34.0,0.067,8.0,1.0,0.0,7.0,0.533,0.133,7.0,15.0,2.0,0.0,0.467,0.0,0.571,0.0,0.0,4.0,0.0,0.236,1.0,5.22,4.94,110.0,2.0,0.0,2.0,37.0,9.6,0.0,2.0,8.1,1.0,0.0,0.5,0.167,0.0,12.0,8.1,0.429,0.0,5.0,2.0,5.0,0.545,0.5,0.167,1.0,1.0,0.0,0.0,1.0,0.0,14.0,0.0,,0.0,2.0,0.105,0.105,0.0,2.0,0.0,0.0,0.0,0.0,0.0,,8.0,0.0,0.0,0.0,0.75,6.0,0.75,8.0,6.0,0.421,0.75,0.421,3.0,0.263,5.0,2.0,2.0,0.4,0.158,0.0,0.0,0.4,0.105,2.0,1.0,,0.5,2.0,0.0,4.0,0.75,0.5,4.0,0.0,2.0,0.0,0.211,0.211,0.5,1.0,5.0,0.625,0.333,3.0,4.0,2.0,3.0,0.25,2.0,1.0,0.0,0.579,0.0,0.0,0.0,6.0,1.0,0.167,1.0,1.0,0.667,1.0,1.0,0.0,0.0,6.0,1.0,1.0,1.0,0.5,0.0,9.0,2.0,0.0,0.0,1.0,1.0,0.0,1.0,,,,,,,4.0,7.0,,2.0,0.0,0.0,0.0,,2.0,4.0,0.571,0.667,0.0,0.0,2.0,2.0,1.0,0.0,0.0,3.0,0.0,0.0,,0.0,0.0,3.0,0.667,0.375,4.0,0.25,4.0,1.0,1.0,2019,21801207,,8.0,20.0,0.4,0.444,-0.044,4.0,10.0,0.4,0.388,4.0,10.0,0.4,0.482,4.0,8.0,0.5,0.541,4.0,10.0,0.4,0.4,,,,,,,,,,,,,,,20190407.0,2018-19,False,SAC,10.0,4.0,6.0,3.0,0.0,0.0,0.0,2.0,0.0,2.0,1.0,0.0,0.0,0.0,0.0,0.0,0.0,0.0,0.0,0.0,0.0,,,,,,1.7,1.3,4.35,4.65,3.0,4.02,Elfrid,1.0,1.0,0.0,1.0,60.2,1.0,0.0,56.0,1.0,1.0,1.0,1.0,13.0,9.0,12.0,102.0,49.0,28.0,125.0,33.0,36.0,85.0,161.0,35.0,65.0,2.0,1.0,46.0,4.0,190.0,1.0,12.0,16.0,35.0,2.0,1.0,3.0,2.0,109.31,44.0,116.9,50.0,10.0,161.0,13.1,29.0,41.0,32.0,231.0,48.0,184.0,9.0,115.0,50.0,172.0,19.0,231.0,88.0,130.0,193.0,12.0,32.0,72.0,12.0,72.0,35.0,184.0,119.0,183.0,66.0,52.0,26.0,,,1.0,,NOP,,0.012,,-0.082,2.0,,5.0,0.4,0.578,-0.178,-0.041,,,,,,,,,,,,,,,,,,,,,,,,,,,,,,,,,,,,,,,,15895.0,106.0,,,,,,,,,,,,,,,1610612758.0,SAC,NOP,NOP,SAC,,,1.0,,0.0,0.0,0.0,0.0,0.0,0.0,0.0,0.0,0.0,0.0,0.0,0.0,0.0,0.0,0.0
203901,Elfrid Payton,1610612740,NOP,25.0,25.066666666666663,1,4,0.25,0,1,0.0,1,2,0.5,1,5,6,7,2,0,1,0,1,3,3,-2,90.96,3.5,0.109,0.307,14.3,57,0.11,-3.9,98.2,109.15,50.0,0.179,0.333,0.098,0.25,0.03,97.4,109.91,101.3,101.8,14.4,-3.5,0.082,50.0,0.14,49.0,0.14,13.0,0.0,7.0,0.0,18.0,0.0,3.0,0.0,1.0,3.0,0.333,0.111,5.0,9.0,1.0,2.0,0.556,0.111,0.333,1.0,0.5,1.0,0.0,0.051,0.0,4.81,4.25,59.0,1.0,0.0,0.0,23.0,4.7,0.0,2.0,8.5,1.0,0.5,1.0,0.0,0.0,6.0,8.7,0.857,7.4,5.0,1.0,5.0,1.0,0.833,0.167,0.0,1.0,1.0,0.5,0.0,1.0,7.0,0.0,,0.0,1.0,0.25,0.25,0.0,1.0,0.0,0.0,0.0,0.0,0.0,,2.0,0.0,0.0,0.0,0.5,1.0,0.5,2.0,1.0,0.5,0.5,0.5,,,,,,,,,,,,,,,0.0,0.0,0.0,1.0,0.0,0.0,1.0,0.0,0.0,0.0,0.25,0.25,,0.0,0.0,,,0.0,0.0,0.0,0.0,0.0,0.0,0.0,0.0,0.25,0.0,0.0,0.0,0.0,0.0,0.0,1.0,0.0,0.0,0.0,1.0,0.0,0.0,1.0,0.0,0.0,0.0,0.5,0.0,0.0,2.0,0.0,0.0,0.0,0.0,0.0,0.0,,,,,,,0.0,1.0,,0.0,,,0.0,,0.0,1.0,0.0,0.5,0.0,0.0,1.0,0.0,0.0,0.0,0.0,0.0,0.0,0.0,,,0.0,2.0,0.0,0.0,1.0,0.0,1.0,0.0,0.0,2019,21801215,,8.0,16.0,0.5,0.443,0.058,3.0,5.0,0.6,0.391,5.0,11.0,0.455,0.489,4.0,8.0,0.5,0.486,4.0,7.0,0.571,0.416,,,,,,,,,,,,,,,20190409.0,2018-19,False,GSW,5.0,3.0,2.0,0.0,0.0,0.0,0.0,0.0,0.0,0.0,0.0,0.0,0.0,0.0,0.0,0.0,0.0,0.0,0.0,0.0,0.0,,,,,,1.0,0.8,4.15,4.35,1.8,3.93,Elfrid,1.0,0.0,1.0,0.0,21.7,0.0,0.0,18.0,1.0,120.0,120.0,120.0,98.0,172.0,165.0,178.0,132.0,150.0,132.0,82.0,60.0,83.0,54.0,51.0,57.0,12.0,39.0,109.0,29.0,1.0,42.0,36.0,178.0,125.0,100.0,25.0,3.0,118.0,109.15,191.0,101.8,25.0,1.0,100.0,-3.5,3.0,190.0,147.0,173.0,19.0,81.0,172.0,189.0,25.0,71.0,4.0,167.0,127.0,98.2,86.0,165.0,147.0,130.0,18.0,130.0,151.0,81.0,185.0,87.0,122.0,18.0,3.0,,,1.0,,NOP,,0.209,,-0.035,4.0,,8.0,0.5,0.529,-0.029,0.014,,,,,,,,,,,,,,,,,,,,,,,,,,,,,,,,,,,,,,,,9541.0,104.0,,,,,,,,,,,,,,,1610612744.0,NOP,GSW,NOP,GSW,,,1.0,,0.155,0.0,0.0,0.0,0.0,0.0,0.0,0.0,0.0,0.0,0.0,0.0,0.0,0.0,0.0
