PLAYER_ID,PLAYER_NAME,NICKNAME,TEAM_ID,TEAM_ABBREVIATION,AGE,GP,W,L,W_PCT,MIN,FGM,FGA,FG_PCT,FG3M,FG3A,FG3_PCT,FTM,FTA,FT_PCT,OREB,DREB,REB,AST,TOV,STL,BLK,BLKA,PF,PFD,PTS,PLUS_MINUS,NBA_FANTASY_PTS,DD2,TD3,WNBA_FANTASY_PTS,GP_RANK,W_RANK,L_RANK,W_PCT_RANK,MIN_RANK,FGM_RANK,FGA_RANK,FG_PCT_RANK,FG3M_RANK,FG3A_RANK,FG3_PCT_RANK,FTM_RANK,FTA_RANK,FT_PCT_RANK,OREB_RANK,DREB_RANK,REB_RANK,AST_RANK,TOV_RANK,STL_RANK,BLK_RANK,BLKA_RANK,PF_RANK,PFD_RANK,PTS_RANK,PLUS_MINUS_RANK,NBA_FANTASY_PTS_RANK,DD2_RANK,TD3_RANK,WNBA_FANTASY_PTS_RANK,team_poss,E_TOV_PCT_RANK,REB_PCT,FGA_PG,E_OFF_RATING,sp_work_OFF_RATING,E_DEF_RATING,PIE,DREB_PCT,OFF_RATING_RANK,TM_TOV_PCT,POSS,OREB_PCT,sp_work_PACE_RANK,DREB_PCT_RANK,REB_PCT_RANK,TS_PCT,AST_TO_RANK,PACE_PER40,FGM_PG_RANK,OFF_RATING,sp_work_NET_RATING_RANK,E_PACE,PIE_RANK,E_NET_RATING_RANK,AST_TO,E_USG_PCT_RANK,AST_PCT,E_DEF_RATING_RANK,PACE,DEF_RATING,sp_work_DEF_RATING,OREB_PCT_RANK,TS_PCT_RANK,FGM_PG,E_PACE_RANK,sp_work_PACE,EFG_PCT_RANK,AST_RATIO,TM_TOV_PCT_RANK,NET_RATING,E_NET_RATING,E_USG_PCT,EFG_PCT,E_OFF_RATING_RANK,DEF_RATING_RANK,NET_RATING_RANK,AST_PCT_RANK,sp_work_DEF_RATING_RANK,USG_PCT_RANK,FGA_PG_RANK,AST_RATIO_RANK,sp_work_OFF_RATING_RANK,sp_work_NET_RATING,USG_PCT,PACE_RANK,E_TOV_PCT,POTENTIAL_AST,FT_AST,AST_TO_PASS_PCT_ADJ,AST_PTS_CREATED,PASSES_MADE,AST_TO_PASS_PCT,SECONDARY_AST,PASSES_RECEIVED,AST_ADJ,DRIVE_TOV,DRIVE_FGA,DRIVE_PTS_PCT,DRIVE_FGM,DRIVE_PF_PCT,DRIVE_TOV_PCT,DRIVE_AST_PCT,DRIVE_FTA,DRIVE_FTM,DRIVE_AST,DRIVE_PASSES_PCT,DRIVES,DRIVE_FT_PCT,DRIVE_PF,DRIVE_FG_PCT,DRIVE_PASSES,DRIVE_PTS,ELBOW_TOUCHES,PAINT_TOUCHES,TOUCHES,POINTS,TIME_OF_POSS,PTS_PER_ELBOW_TOUCH,PTS_PER_PAINT_TOUCH,AVG_SEC_PER_TOUCH,PTS_PER_POST_TOUCH,POST_TOUCHES,FRONT_CT_TOUCHES,PTS_PER_TOUCH,AVG_DRIB_PER_TOUCH,REB_CONTEST,AVG_REB_DIST,DREB_CHANCES,AVG_DREB_DIST,DREB_UNCONTEST,DREB_CHANCE_DEFER,REB_CHANCE_PCT,REB_CHANCE_DEFER,OREB_CONTEST_PCT,OREB_CHANCE_PCT,DREB_CHANCE_PCT_ADJ,REB_CHANCES,OREB_CONTEST,OREB_UNCONTEST,REB_UNCONTEST,OREB_CHANCE_DEFER,DREB_CONTEST,OREB_CHANCE_PCT_ADJ,DREB_CONTEST_PCT,REB_CHANCE_PCT_ADJ,OREB_CHANCES,DREB_CHANCE_PCT,REB_CONTEST_PCT,AVG_OREB_DIST,very_tight_FG2_PCT,very_tight_FG3M,G,very_tight_FG2A_FREQUENCY,very_tight_FG3A_FREQUENCY,very_tight_FG3A,very_tight_FG2M,very_tight_FGM,very_tight_FGA,PLAYER_LAST_TEAM_ABBREVIATION,very_tight_FG_PCT,very_tight_FGA_FREQUENCY,very_tight_EFG_PCT,very_tight_FG2A,PLAYER_LAST_TEAM_ID,very_tight_FG3_PCT,tight_FG2A,tight_FG2A_FREQUENCY,tight_FG3A,tight_FG2_PCT,tight_FG3A_FREQUENCY,tight_FGM,tight_FGA_FREQUENCY,tight_FGA,tight_EFG_PCT,tight_FG3_PCT,tight_FG2M,tight_FG_PCT,tight_FG3M,open_FGA,open_FG3A,open_EFG_PCT,open_FG3M,open_FGA_FREQUENCY,open_FGM,open_FG2M,open_FG2_PCT,open_FG3A_FREQUENCY,open_FG2A_FREQUENCY,open_FG2A,open_FG_PCT,open_FG3_PCT,wide_open_FGA_FREQUENCY,wide_open_FG3M,wide_open_FG2M,wide_open_FG2A_FREQUENCY,wide_open_FG3A,wide_open_FG3A_FREQUENCY,wide_open_FG2_PCT,wide_open_FG3_PCT,wide_open_EFG_PCT,wide_open_FG2A,wide_open_FGA,wide_open_FG_PCT,wide_open_FGM,PULL_UP_FGM,PULL_UP_FG3A,PULL_UP_PTS,PULL_UP_EFG_PCT,PULL_UP_FG_PCT,PULL_UP_FG3_PCT,PULL_UP_FG3M,PULL_UP_FGA,POST_TOUCH_PTS,ELBOW_TOUCH_FG_PCT,ELBOW_TOUCH_PTS,POST_TOUCH_FG_PCT,EFF_FG_PCT,CATCH_SHOOT_FG_PCT,PAINT_TOUCH_FG_PCT,CATCH_SHOOT_PTS,PAINT_TOUCH_PTS,CORNER_3_FG_PCT,BACKCOURT_FGA,MID_FG_PCT,RIGHT_CORNER_3_FG_PCT,ITP_FG_PCT,ITP_FGA,ABOVE_BREAK_3_FGA,ABOVE_BREAK_3_FG_PCT,LEFT_CORNER_3_FGA,CORNER_3_FGM,LEFT_CORNER_3_FGM,LEFT_CORNER_3_FG_PCT,ITP_FGM,RA_FGM,RIGHT_CORNER_3_FGM,RIGHT_CORNER_3_FGA,ABOVE_BREAK_3_FGM,BACKCOURT_FG_PCT,CORNER_3_FGA,BACKCOURT_FGM,MID_FGA,MID_FGM,RA_FGA,RA_FG_PCT,PLAYER_POSITION,FGA_LT_06,FGM_LT_06,FREQ,LT_06_PCT,NS_LT_06_PCT,PLUSMINUS,FGA_15_19,FGP_25_29,FGA_35_39,FGP_LT_5,FGA_30_34,FGP_35_39,FGP_40_PLUS,FGA_25_29,FGP_10_14,FGM_LT_5,FGA_40_PLUS,FGP_5_9,FGM_35_39,FGM_40_PLUS,FGP_15_19,FGM_25_29,FGM_5_9,FGA_20_24,FGA_LT_5,FGA_5_9,FGP_20_24,FGP_30_34,FGM_30_34,FGM_20_24,FGM_15_19,TEAM_ABBR,FGM_10_14,FGA_10_14,CATCH_SHOOT_FGA,CATCH_SHOOT_FG3_PCT,CATCH_SHOOT_FG3A,CATCH_SHOOT_FG3M,CATCH_SHOOT_EFG_PCT,CATCH_SHOOT_FGM,year,GAME_ID,index,HTM,VTM,date,season,playoffs,team,opp_team,opp_id,series_key,overall_def_FREQ,overall_def_D_FGM,overall_def_D_FGA,overall_def_D_FG_PCT,overall_def_NORMAL_FG_PCT,overall_def_PCT_PLUSMINUS,three_pt_def_FREQ,three_pt_def_FG3M,three_pt_def_FG3A,three_pt_def_FG3_PCT,three_pt_def_NS_FG3_PCT,three_pt_def_PLUSMINUS,two_pt_def_FREQ,two_pt_def_FG2M,two_pt_def_FG2A,two_pt_def_FG2_PCT,two_pt_def_NS_FG2_PCT,two_pt_def_PLUSMINUS,less_6ft_def_FREQ,less_6ft_def_FGM_LT_06,less_6ft_def_FGA_LT_06,less_6ft_def_LT_06_PCT,less_6ft_def_NS_LT_06_PCT,less_6ft_def_PLUSMINUS,less_10ft_def_FREQ,less_10ft_def_FGM_LT_10,less_10ft_def_FGA_LT_10,less_10ft_def_LT_10_PCT,less_10ft_def_NS_LT_10_PCT,less_10ft_def_PLUSMINUS,more_15ft_def_FREQ,more_15ft_def_FGM_GT_15,more_15ft_def_FGA_GT_15,more_15ft_def_GT_15_PCT,more_15ft_def_NS_GT_15_PCT,more_15ft_def_PLUSMINUS,post_touch_TEAM_ID,post_touch_TEAM_ABBREVIATION,post_touch_TOUCHES,post_touch_POST_TOUCHES,post_touch_POST_TOUCH_FGM,post_touch_POST_TOUCH_FGA,post_touch_POST_TOUCH_FG_PCT,post_touch_POST_TOUCH_FTM,post_touch_POST_TOUCH_FTA,post_touch_POST_TOUCH_FT_PCT,post_touch_POST_TOUCH_PTS,post_touch_POST_TOUCH_PTS_PCT,post_touch_POST_TOUCH_PASSES,post_touch_POST_TOUCH_PASSES_PCT,post_touch_POST_TOUCH_AST,post_touch_POST_TOUCH_AST_PCT,post_touch_POST_TOUCH_TOV,post_touch_POST_TOUCH_TOV_PCT,post_touch_POST_TOUCH_FOULS,post_touch_POST_TOUCH_FOULS_PCT,speed_distance_TEAM_ID,speed_distance_TEAM_ABBREVIATION,speed_distance_MIN1,speed_distance_DIST_FEET,speed_distance_DIST_MILES,speed_distance_DIST_MILES_OFF,speed_distance_DIST_MILES_DEF,speed_distance_AVG_SPEED,speed_distance_AVG_SPEED_OFF,speed_distance_AVG_SPEED_DEF,hustle_CONTESTED_SHOTS,hustle_CONTESTED_SHOTS_2PT,hustle_CONTESTED_SHOTS_3PT,hustle_DEFLECTIONS,hustle_CHARGES_DRAWN,hustle_SCREEN_ASSISTS,hustle_SCREEN_AST_PTS,hustle_OFF_LOOSE_BALLS_RECOVERED,hustle_DEF_LOOSE_BALLS_RECOVERED,hustle_LOOSE_BALLS_RECOVERED,hustle_PCT_LOOSE_BALLS_RECOVERED_OFF,hustle_PCT_LOOSE_BALLS_RECOVERED_DEF,hustle_OFF_BOXOUTS,hustle_DEF_BOXOUTS,hustle_BOX_OUTS,hustle_BOX_OUT_PLAYER_TEAM_REBS,hustle_BOX_OUT_PLAYER_REBS,hustle_PCT_BOX_OUTS_OFF,hustle_PCT_BOX_OUTS_DEF,hustle_PCT_BOX_OUTS_TEAM_REB,hustle_PCT_BOX_OUTS_REB,hustle_TEAM_ID,hustle_TEAM_ABBREVIATION
2365,Chris Andersen,Chris,1610612748,MIA,35.0,1,0,1,0.0,13.75,0,1,0.0,0,0,0.0,0,0,0.0,0,0,0,1,3,0,0,0,3,3,0,1,-1.5,0,0,1.0,1,142,142,142,232,254,255,254,115,171,115,161,170,161,142,246,260,133,36,127,94,1,183,61,263,130,289,17,1,274,,282,0.0,1.0,109.9,110.7,117.0,-0.141,0.0,59,60.0,28,0.0,176,246,260,0.0,141,80.0,254,110.7,150,93.98,278,188,0.33,216,0.091,245,96.0,111.1,111.1,142,263,0.0,226,96.0,254,20.0,282,-0.4,-7.1,0.142,0.0,74,231,150,144,231,214,255,89,59,-0.4,0.138,176,60.0,2.0,0.0,0.1,2.0,10.0,0.1,0.0,9.0,1.0,0.0,0.0,0.0,0.0,0.0,0.0,0.0,0.0,0.0,0.0,0.0,0.0,0.0,0.0,0.0,0.0,0.0,0.0,3.0,14.0,0.0,0.3,0.0,0.0,1.29,0.0,0.0,9.0,0.0,0.14,,,,,,,,,,,,,,,,,,,,,,,,,,,,,,,,,,,,,,,,,1.0,1.0,0.0,0.0,0.0,0.0,1.0,1.0,0.0,,0.0,0.0,0.0,,,,,,,,,,,,,,,,,,,,,,,,,,,0.0,,0.0,,,,,0.0,0.0,0.0,0.0,0.0,0.0,0.0,0.0,0.0,0.0,0.0,0.0,0.0,0.0,0.0,0.0,0.0,0.0,0.0,0.0,0.0,0.0,0.0,0.0,0.0,0.0,0.0,0.0,0.0,0.0,0.0,0.0,1.0,0.0,F-C,7.0,4.0,0.7,0.571,0.542,0.029,0.0,0.0,,0.0,,,0.0,0.0,0.0,0.0,0.0,0.0,,0.0,0.0,0.0,0.0,0.0,1.0,0.0,0.0,,,0.0,0.0,MIA,0.0,0.0,0.0,,,,,0.0,2014,21300005,,PHI,MIA,20131030.0,2013-14,False,MIA,PHI,,,,,,,,,,,,,,,,,,,,,,,,,,,,,,,,,,,,,,,,,,,,,,,,,,,,,,,,,,,,,,,,,,,,,,,,,,,,,,,,,,,,,,,,,,,
2365,Chris Andersen,Chris,1610612748,MIA,35.0,1,0,1,0.0,13.586666666666666,1,3,0.333,0,0,0.0,2,3,0.667,1,0,1,1,0,1,0,0,5,3,4,-1,9.7,0,0,8.0,1,143,143,143,215,196,222,171,106,169,106,82,89,89,77,236,210,111,192,51,85,1,261,65,189,148,200,27,1,208,,1,0.053,3.0,105.5,100.0,104.3,-0.053,0.0,133,0.0,27,0.125,96,236,178,0.463,140,82.43,196,100.0,112,92.63,254,125,0.0,190,0.167,175,98.92,96.6,96.6,28,151,1.0,221,98.92,183,20.0,1,3.4,1.1,0.157,0.333,91,108,112,79,108,222,222,68,133,3.4,0.133,96,0.0,1.0,0.0,0.091,2.0,11.0,0.091,0.0,9.0,1.0,0.0,0.0,0.0,0.0,0.0,0.0,0.0,0.0,0.0,0.0,0.0,0.0,0.0,0.0,0.0,0.0,0.0,0.0,5.0,16.0,4.0,0.3,0.0,0.8,1.31,0.0,0.0,9.0,0.25,0.19,1.0,3.3,4.0,0.0,0.0,1.0,0.1,1.0,1.0,0.167,0.0,10.0,1.0,0.0,0.0,0.0,0.0,0.167,0.0,0.111,6.0,0.0,1.0,3.3,0.0,0.0,1.0,0.333,0.0,0.0,0.0,0.0,1.0,MIA,0.0,0.333,0.0,1.0,1610612748.0,,2.0,0.667,0.0,0.5,0.0,1.0,0.667,2.0,0.5,,1.0,0.5,0.0,,,,,,,,,,,,,,,,,,,,,,,,,,,0.0,,0.0,,,,,0.0,0.0,0.0,0.0,0.0,0.333,0.0,0.333,0.0,4.0,0.0,0.0,0.0,0.0,0.0,0.0,0.0,0.0,0.0,0.0,0.0,0.0,0.0,1.0,0.0,0.0,0.0,0.0,0.0,0.0,0.0,0.0,3.0,0.333,F-C,8.0,5.0,0.5,0.625,0.545,0.08,0.0,0.0,,0.333,,,0.0,0.0,0.0,1.0,0.0,0.0,,0.0,0.0,0.0,0.0,0.0,3.0,0.0,0.0,,,0.0,0.0,MIA,0.0,0.0,0.0,,,,,0.0,2014,21300028,,BKN,MIA,20131101.0,2013-14,False,MIA,BKN,,,,,,,,,,,,,,,,,,,,,,,,,,,,,,,,,,,,,,,,,,,,,,,,,,,,,,,,,,,,,,,,,,,,,,,,,,,,,,,,,,,,,,,,,,,
2365,Chris Andersen,Chris,1610612748,MIA,35.0,1,1,0,1.0,16.616666666666667,2,3,0.667,0,0,0.0,4,6,0.667,3,2,5,0,1,0,1,0,2,7,8,-1,16.0,0,0,15.0,1,1,1,1,92,72,101,12,51,89,51,13,12,46,10,68,35,88,54,67,9,1,49,3,59,63,76,13,1,72,,82,0.179,3.0,95.0,100.0,98.3,0.156,0.167,47,16.7,29,0.188,120,41,10,0.709,59,71.01,72,100.0,62,88.16,32,70,0.0,62,0.0,61,85.22,100.0,100.0,5,21,2.0,119,85.22,25,0.0,85,0.0,-3.3,0.192,0.667,73,67,62,88,67,68,101,88,47,0.0,0.176,120,15.1,2.0,0.0,0.063,0.0,16.0,0.0,1.0,13.0,1.0,0.0,0.0,0.0,0.0,0.0,0.0,0.0,0.0,0.0,0.0,0.0,0.0,0.0,0.0,0.0,0.0,0.0,0.0,9.0,23.0,8.0,0.6,0.0,0.667,1.49,0.0,0.0,15.0,0.348,0.57,4.0,2.3,5.0,2.0,0.0,0.0,0.455,0.0,0.667,0.5,0.4,11.0,2.0,1.0,1.0,0.0,2.0,0.5,1.0,0.455,6.0,0.4,0.8,2.5,0.0,0.0,1.0,0.333,0.0,0.0,0.0,0.0,1.0,MIA,0.0,0.333,0.0,1.0,1610612748.0,,2.0,0.667,0.0,1.0,0.0,2.0,0.667,2.0,1.0,,2.0,1.0,0.0,,,,,,,,,,,,,,,,,,,,,,,,,,,0.0,,0.0,,,,,0.0,0.0,0.0,0.0,0.0,0.667,0.0,0.667,0.0,6.0,0.0,,0.0,0.0,0.0,1.0,0.0,0.0,0.0,0.0,0.0,0.0,0.0,2.0,0.0,0.0,0.0,,0.0,,0.0,0.0,2.0,1.0,F-C,8.0,5.0,0.471,0.625,0.545,0.08,0.0,0.0,,0.667,0.0,,,0.0,0.0,2.0,,0.0,,,0.0,0.0,0.0,0.0,3.0,0.0,0.0,0.0,0.0,0.0,0.0,MIA,0.0,0.0,0.0,,,,,0.0,2014,21300042,,MIA,WAS,20131103.0,2013-14,False,MIA,WAS,,,,,,,,,,,,,,,,,,,,,,,,,,,,,,,,,,,,,,,,,,,,,,,,,,,,,,,,,,,,,,,,,,,,,,,,,,,,,,,,,,,,,,,,,,,
2365,Chris Andersen,Chris,1610612748,MIA,35.0,1,1,0,1.0,17.316666666666666,3,4,0.75,0,0,0.0,0,0,0.0,1,2,3,0,2,0,0,0,4,1,6,10,7.6,0,0,9.0,1,1,1,1,135,85,133,17,88,122,88,100,109,100,50,98,87,137,45,95,60,1,154,97,110,26,154,9,1,137,,182,0.107,4.0,105.1,105.7,81.4,0.033,0.154,78,33.3,35,0.067,121,72,66,0.75,104,80.85,85,105.7,29,94.74,140,34,0.0,124,0.0,18,97.02,77.1,77.1,51,31,3.0,138,97.02,24,0.0,181,28.6,23.7,0.161,0.75,84,14,29,137,14,123,133,137,78,28.6,0.158,121,33.3,2.0,0.0,0.0,0.0,11.0,0.0,0.0,10.0,0.0,0.0,0.0,0.0,0.0,0.0,0.0,0.0,0.0,0.0,0.0,0.0,0.0,0.0,0.0,0.0,0.0,0.0,2.0,3.0,16.0,6.0,0.4,0.0,1.333,1.4,0.0,0.0,9.0,0.375,0.44,2.0,6.3,4.0,7.6,1.0,0.0,0.375,0.0,1.0,0.25,0.5,8.0,1.0,0.0,1.0,0.0,1.0,0.25,0.5,0.375,4.0,0.5,0.667,3.6,,,,,,,,,,,,,,,,,2.0,0.5,0.0,0.5,0.0,1.0,0.5,2.0,0.5,,1.0,0.5,0.0,1.0,0.0,1.0,0.0,0.25,1.0,1.0,1.0,0.0,0.25,1.0,1.0,,0.25,0.0,1.0,0.25,0.0,0.0,1.0,,1.0,1.0,1.0,1.0,1.0,0.0,,0.0,,,,,0.0,0.0,0.0,0.0,0.0,0.75,1.0,0.667,2.0,4.0,0.0,,0.0,0.0,0.0,0.0,0.0,0.0,0.0,0.0,0.0,0.0,0.0,3.0,0.0,0.0,0.0,,0.0,,0.0,0.0,4.0,0.75,F-C,10.0,7.0,0.526,0.7,0.552,0.148,0.0,0.0,0.0,0.75,,0.0,,0.0,,3.0,,0.0,0.0,,0.0,0.0,0.0,0.0,4.0,0.0,0.0,,,0.0,0.0,MIA,,,1.0,,,,1.0,1.0,2014,21300051,,TOR,MIA,20131105.0,2013-14,False,MIA,TOR,,,,,,,,,,,,,,,,,,,,,,,,,,,,,,,,,,,,,,,,,,,,,,,,,,,,,,,,,,,,,,,,,,,,,,,,,,,,,,,,,,,,,,,,,,,
2365,Chris Andersen,Chris,1610612748,MIA,35.0,1,1,0,1.0,18.83333333333333,3,3,1.0,0,0,0.0,4,5,0.8,1,2,3,1,2,0,1,0,2,3,10,12,16.1,0,0,16.0,1,1,1,1,44,27,51,1,33,44,33,8,9,13,16,32,29,32,20,33,10,1,17,17,29,6,40,7,1,37,,53,0.115,3.0,133.9,140.6,99.0,0.144,0.154,1,25.0,32,0.077,57,18,16,0.962,34,69.03,27,140.6,1,85.28,14,3,0.5,28,0.071,21,82.83,100.0,100.0,11,4,3.0,56,82.83,2,12.5,53,40.6,34.9,0.191,1.0,1,18,1,41,18,27,51,33,1,40.6,0.189,57,24.4,0.0,0.0,0.083,2.0,12.0,0.083,0.0,11.0,1.0,0.0,0.0,0.0,0.0,0.0,0.0,0.0,0.0,0.0,0.0,0.0,0.0,0.0,0.0,0.0,0.0,0.0,1.0,5.0,18.0,10.0,0.5,3.0,1.0,1.5,0.0,0.0,12.0,0.556,0.22,2.0,4.1,3.0,3.7,1.0,1.0,0.5,1.0,1.0,0.333,1.0,6.0,1.0,0.0,1.0,0.0,1.0,0.333,0.5,0.6,3.0,0.667,0.667,4.8,,,,,,,,,,,,,,,,,1.0,0.333,0.0,1.0,0.0,1.0,0.333,1.0,1.0,,1.0,1.0,0.0,2.0,0.0,1.0,0.0,0.667,2.0,2.0,1.0,0.0,0.667,2.0,1.0,,,,,,,,,,,,,,,0.0,,0.0,,,,,0.0,0.0,1.0,3.0,0.0,1.0,1.0,1.0,2.0,5.0,0.0,,1.0,0.0,0.0,0.0,0.0,0.0,0.0,0.0,0.0,0.0,0.0,2.0,0.0,0.0,0.0,,0.0,,1.0,1.0,2.0,1.0,F-C,13.0,10.0,0.565,0.769,0.573,0.196,1.0,0.0,,1.0,,,,0.0,0.0,2.0,,0.0,,,1.0,0.0,0.0,0.0,2.0,0.0,0.0,,,0.0,1.0,MIA,0.0,0.0,1.0,,,,1.0,1.0,2014,21300070,,MIA,LAC,20131107.0,2013-14,False,MIA,LAC,,,,,,,,,,,,,,,,,,,,,,,,,,,,,,,,,,,,,,,,,,,,,,,,,,,,,,,,,,,,,,,,,,,,,,,,,,,,,,,,,,,,,,,,,,,
2365,Chris Andersen,Chris,1610612748,MIA,35.0,1,0,1,0.0,16.66,4,5,0.8,0,0,0.0,2,4,0.5,2,2,4,0,1,0,2,0,0,2,10,-9,19.8,0,0,18.0,1,95,95,95,129,66,116,8,73,119,73,45,28,70,19,87,70,132,76,88,7,1,1,65,75,149,81,20,1,86,,121,0.138,5.0,110.0,112.5,132.0,0.14,0.143,58,12.5,32,0.133,86,65,29,0.74,99,79.23,66,112.5,144,96.23,42,140,0.0,60,0.0,172,95.08,132.4,132.4,13,24,4.0,81,95.08,13,0.0,113,-19.9,-22.0,0.224,0.8,63,170,144,132,170,50,116,132,58,-19.9,0.229,86,12.9,1.0,1.0,0.083,1.0,12.0,0.0,0.0,9.0,1.0,0.0,1.0,2.0,1.0,0.0,0.0,0.0,0.0,0.0,0.0,0.0,1.0,0.0,0.0,1.0,0.0,2.0,0.0,5.0,20.0,10.0,0.4,0.0,0.6,1.3,0.0,1.0,10.0,0.5,0.2,2.0,4.7,7.0,5.6,1.0,1.0,0.333,1.0,0.5,0.4,0.333,12.0,1.0,0.0,1.0,0.0,1.0,0.4,0.5,0.364,5.0,0.286,0.5,3.0,0.0,0.0,1.0,0.2,0.0,0.0,0.0,0.0,1.0,MIA,0.0,0.2,0.0,1.0,1610612748.0,,4.0,0.8,0.0,1.0,0.0,4.0,0.8,4.0,1.0,,4.0,1.0,0.0,,,,,,,,,,,,,,,,,,,,,,,,,,,1.0,,2.0,1.0,1.0,,,1.0,0.0,0.0,0.0,0.0,0.8,0.0,0.5,0.0,3.0,0.0,0.0,1.0,0.0,0.0,0.0,0.0,0.0,0.0,0.0,0.0,0.0,0.0,3.0,0.0,0.0,0.0,0.0,0.0,0.0,1.0,1.0,4.0,0.75,F-C,21.0,13.0,0.677,0.619,0.577,0.042,0.0,0.0,,0.75,,,0.0,0.0,1.0,3.0,0.0,0.0,,0.0,0.0,0.0,0.0,0.0,4.0,0.0,0.0,,,0.0,0.0,MIA,1.0,1.0,0.0,,,,,0.0,2014,21300089,,MIA,BOS,20131109.0,2013-14,False,MIA,BOS,,,,,,,,,,,,,,,,,,,,,,,,,,,,,,,,,,,,,,,,,,,,,,,,,,,,,,,,,,,,,,,,,,,,,,,,,,,,,,,,,,,,,,,,,,,
2365,Chris Andersen,Chris,1610612748,MIA,35.0,1,1,0,1.0,18.216666666666665,2,4,0.5,0,0,0.0,0,0,0.0,1,6,7,0,0,0,0,1,2,0,4,15,12.4,0,0,11.0,1,1,1,1,146,133,154,63,82,133,82,112,118,112,52,29,38,160,151,107,75,141,103,159,150,16,153,17,1,155,,1,0.28,4.0,142.4,140.5,92.3,0.078,0.353,5,0.0,37,0.125,80,8,4,0.5,117,83.44,133,140.5,8,100.92,127,6,0.0,199,0.0,78,100.13,94.9,94.9,16,109,2.0,62,100.13,80,0.0,1,45.7,50.1,0.107,0.5,6,91,8,160,91,198,154,160,5,45.7,0.105,80,0.0,1.0,0.0,0.0,0.0,15.0,0.0,0.0,7.0,0.0,0.0,0.0,0.0,0.0,0.0,0.0,0.0,0.0,0.0,0.0,0.0,0.0,0.0,0.0,0.0,0.0,0.0,0.0,4.0,21.0,4.0,0.6,0.0,1.0,1.61,0.0,0.0,6.0,0.19,0.19,2.0,7.6,9.0,7.6,5.0,1.0,0.583,1.0,0.0,0.333,0.75,12.0,0.0,0.0,5.0,0.0,2.0,0.333,0.333,0.636,3.0,0.667,0.286,0.0,,,,,,,,,,,,,,,,,2.0,0.667,0.0,1.0,0.0,2.0,0.667,2.0,1.0,,2.0,1.0,0.0,,,,,,,,,,,,,,0.333,0.0,0.0,0.333,0.0,0.0,0.0,,0.0,1.0,1.0,0.0,0.0,0.0,,0.0,,,,,0.0,0.0,0.0,0.0,0.0,0.5,0.0,0.667,0.0,4.0,0.0,0.0,0.0,0.0,0.0,0.0,0.0,0.0,0.0,0.0,0.0,0.0,0.0,2.0,0.0,0.0,0.0,0.0,0.0,0.0,0.0,0.0,4.0,0.5,F-C,30.0,15.0,0.638,0.5,0.581,-0.081,0.0,0.0,0.0,0.5,,0.0,0.0,0.0,0.0,2.0,0.0,0.0,0.0,0.0,0.0,0.0,0.0,0.0,4.0,0.0,0.0,,,0.0,0.0,MIA,0.0,0.0,0.0,,,,,0.0,2014,21300130,,MIA,DAL,20131115.0,2013-14,False,MIA,DAL,,,,,,,,,,,,,,,,,,,,,,,,,,,,,,,,,,,,,,,,,,,,,,,,,,,,,,,,,,,,,,,,,,,,,,,,,,,,,,,,,,,,,,,,,,,
2365,Chris Andersen,Chris,1610612748,MIA,35.0,1,1,0,1.0,23.866666666666667,2,2,1.0,0,0,0.0,6,6,1.0,0,7,7,1,1,1,2,0,2,3,10,15,27.9,0,0,24.0,1,1,1,1,123,144,186,1,92,145,92,7,18,1,120,14,30,97,86,42,8,1,99,43,101,19,58,18,1,72,,173,0.163,2.0,126.4,125.6,86.5,0.214,0.25,24,14.3,43,0.0,222,19,26,1.078,53,72.07,144,125.6,17,88.29,14,14,1.0,184,0.059,49,86.48,90.7,90.7,120,6,2.0,218,86.48,6,14.3,164,34.9,39.9,0.123,1.0,20,56,17,141,56,176,186,89,24,34.9,0.125,222,15.1,2.0,0.0,0.059,3.0,17.0,0.059,0.0,8.0,1.0,0.0,0.0,0.0,0.0,0.0,0.0,0.0,0.0,0.0,0.0,0.0,0.0,0.0,0.0,0.0,0.0,0.0,2.0,4.0,19.0,10.0,0.3,2.0,0.5,1.02,0.0,1.0,8.0,0.526,0.05,3.0,3.8,14.0,3.8,4.0,3.0,0.412,3.0,0.0,0.0,0.636,17.0,0.0,0.0,4.0,0.0,3.0,0.0,0.429,0.5,3.0,0.5,0.429,0.0,,,,,,,,,,,,,,,,,1.0,0.5,0.0,1.0,0.0,1.0,0.5,1.0,1.0,,1.0,1.0,0.0,1.0,0.0,1.0,0.0,0.5,1.0,1.0,1.0,0.0,0.5,1.0,1.0,,,,,,,,,,,,,,,0.0,,0.0,,,,,0.0,0.0,1.0,4.0,0.0,1.0,1.0,1.0,2.0,2.0,0.0,0.0,1.0,0.0,0.0,0.0,0.0,0.0,0.0,0.0,0.0,0.0,0.0,1.0,0.0,0.0,0.0,0.0,0.0,0.0,1.0,1.0,1.0,1.0,F-C,38.0,18.0,0.613,0.474,0.581,-0.107,1.0,0.0,,1.0,,,0.0,0.0,0.0,1.0,0.0,0.0,,0.0,1.0,0.0,0.0,0.0,1.0,0.0,0.0,,,0.0,1.0,MIA,0.0,0.0,1.0,,,,1.0,1.0,2014,21300136,,CHA,MIA,20131116.0,2013-14,False,MIA,CHA,,,,,,,,,,,,,,,,,,,,,,,,,,,,,,,,,,,,,,,,,,,,,,,,,,,,,,,,,,,,,,,,,,,,,,,,,,,,,,,,,,,,,,,,,,,
2365,Chris Andersen,Chris,1610612748,MIA,35.0,1,1,0,1.0,12.666666666666666,0,3,0.0,0,0,0.0,2,4,0.5,2,1,3,0,0,1,0,0,3,4,2,5,8.6,0,0,7.0,1,1,1,1,86,93,82,93,49,70,49,24,18,43,19,67,52,79,76,24,33,1,74,11,87,32,80,8,1,84,,1,0.115,3.0,115.6,115.4,101.5,-0.064,0.077,23,0.0,26,0.154,36,70,37,0.21,61,82.11,93,115.4,18,95.87,103,25,0.0,70,0.0,63,98.53,96.2,96.2,9,95,0.0,53,98.53,93,0.0,1,19.2,14.1,0.159,0.0,20,35,18,79,35,67,82,79,23,19.2,0.167,36,0.0,0.0,0.0,0.0,0.0,9.0,0.0,0.0,6.0,0.0,0.0,0.0,0.0,0.0,0.0,0.0,0.0,0.0,0.0,0.0,0.0,0.0,0.0,0.0,0.0,0.0,0.0,1.0,3.0,13.0,2.0,0.4,0.0,0.0,1.75,0.0,0.0,9.0,0.154,0.69,0.0,4.2,2.0,2.2,1.0,0.0,0.429,0.0,0.0,0.4,0.5,7.0,0.0,2.0,3.0,0.0,0.0,0.4,0.0,0.429,5.0,0.5,0.0,5.2,0.0,0.0,1.0,0.333,0.0,0.0,0.0,0.0,1.0,MIA,0.0,0.333,0.0,1.0,1610612748.0,,1.0,0.333,0.0,0.0,0.0,0.0,0.333,1.0,0.0,,0.0,0.0,0.0,1.0,0.0,0.0,0.0,0.333,0.0,0.0,0.0,0.0,0.333,1.0,0.0,,,,,,,,,,,,,,,0.0,,0.0,,,,,0.0,0.0,0.0,0.0,0.0,0.0,0.0,0.0,0.0,0.0,0.0,,0.0,0.0,0.0,0.0,0.0,0.0,0.0,0.0,0.0,0.0,0.0,0.0,0.0,0.0,0.0,,0.0,,0.0,0.0,3.0,0.0,F-C,41.0,20.0,0.603,0.488,0.582,-0.094,0.0,0.0,,0.0,,,,0.0,0.0,0.0,,0.0,,,0.0,0.0,0.0,0.0,3.0,0.0,0.0,,,0.0,0.0,MIA,0.0,0.0,0.0,,,,,0.0,2014,21300158,,MIA,ATL,20131119.0,2013-14,False,MIA,ATL,,,,,,,,,,,,,,,,,,,,,,,,,,,,,,,,,,,,,,,,,,,,,,,,,,,,,,,,,,,,,,,,,,,,,,,,,,,,,,,,,,,,,,,,,,,
2365,Chris Andersen,Chris,1610612748,MIA,35.0,1,1,0,1.0,17.73,4,6,0.667,0,0,0.0,2,2,1.0,4,1,5,0,2,1,2,1,2,4,10,1,23.0,0,0,21.0,1,1,1,1,174,83,134,36,107,172,107,73,85,1,5,166,74,178,51,47,7,174,112,33,101,115,105,23,1,111,,216,0.135,6.0,91.1,92.1,84.2,0.175,0.063,194,22.2,38,0.19,34,194,48,0.727,138,85.73,83,92.1,124,106.67,41,93,0.0,127,0.0,36,102.88,89.5,89.5,4,53,4.0,14,102.88,61,0.0,212,2.6,7.0,0.191,0.667,194,46,124,178,46,127,134,178,194,2.6,0.188,34,22.5,1.0,0.0,0.0,0.0,11.0,0.0,0.0,12.0,0.0,1.0,0.0,0.0,0.0,0.0,1.0,0.0,0.0,0.0,0.0,0.0,1.0,0.0,0.0,0.0,0.0,0.0,1.0,10.0,22.0,10.0,0.5,2.0,1.0,1.33,0.0,0.0,15.0,0.455,0.27,4.0,3.9,6.0,1.4,0.0,0.0,0.357,0.0,0.75,0.5,0.167,14.0,3.0,1.0,1.0,0.0,1.0,0.5,1.0,0.357,8.0,0.167,0.8,4.5,,,,,,,,,,,,,,,,,4.0,0.8,0.0,0.75,0.0,3.0,0.8,4.0,0.75,,3.0,0.75,0.0,1.0,0.0,1.0,0.0,0.2,1.0,1.0,1.0,0.0,0.2,1.0,1.0,,,,,,,,,,,,,,,0.0,,0.0,,,,,0.0,0.0,1.0,2.0,0.0,0.667,0.0,0.667,0.0,10.0,0.0,0.0,0.0,0.0,0.0,0.0,0.0,0.0,0.0,0.0,0.0,0.0,0.0,4.0,0.0,0.0,0.0,0.0,0.0,0.0,0.0,0.0,6.0,0.667,F-C,45.0,21.0,0.616,0.467,0.577,-0.111,0.0,0.0,,0.667,0.0,,0.0,0.0,0.0,4.0,0.0,0.0,,0.0,0.0,0.0,0.0,0.0,6.0,0.0,0.0,0.0,0.0,0.0,0.0,MIA,0.0,0.0,0.0,,,,,0.0,2014,21300164,,ORL,MIA,20131120.0,2013-14,False,MIA,ORL,,,,,,,,,,,,,,,,,,,,,,,,,,,,,,,,,,,,,,,,,,,,,,,,,,,,,,,,,,,,,,,,,,,,,,,,,,,,,,,,,,,,,,,,,,,
2365,Chris Andersen,Chris,1610612748,MIA,35.0,1,1,0,1.0,16.683333333333334,3,4,0.75,0,0,0.0,0,0,0.0,2,2,4,0,1,0,0,1,3,4,6,-12,9.8,0,0,10.0,1,1,1,1,136,92,145,14,93,127,93,110,120,110,26,107,74,152,83,103,63,157,143,28,115,183,153,19,1,142,,175,0.138,4.0,78.9,90.0,131.2,0.085,0.182,165,20.0,30,0.111,198,57,45,0.75,107,71.93,92,90.0,195,91.95,107,197,0.0,164,0.0,202,86.31,130.0,130.0,30,29,3.0,168,86.31,27,0.0,174,-40.0,-52.3,0.134,0.75,188,199,195,152,199,161,145,152,165,-40.0,0.135,198,20.0,1.0,0.0,0.0,0.0,16.0,0.0,0.0,9.0,0.0,0.0,0.0,0.0,0.0,0.0,0.0,0.0,0.0,0.0,0.0,0.0,0.0,0.0,0.0,0.0,0.0,0.0,2.0,4.0,21.0,6.0,0.5,0.0,1.5,1.33,0.0,0.0,10.0,0.286,0.19,2.0,2.3,2.0,1.6,2.0,0.0,0.571,0.0,1.0,0.4,1.0,7.0,2.0,0.0,2.0,0.0,0.0,0.4,0.0,0.571,5.0,1.0,0.5,2.9,1.0,0.0,1.0,1.0,0.0,0.0,3.0,3.0,3.0,MIA,1.0,1.0,1.0,3.0,1610612748.0,,,,,,,,,,,,,,,,,,,,,,,,,,,,,,,,,,,,,,,,,0.0,,0.0,,,,,0.0,0.0,0.0,0.0,0.0,0.75,0.0,1.0,0.0,6.0,0.0,,0.0,,0.0,1.0,0.0,0.0,0.0,0.0,0.0,0.0,0.0,3.0,,,0.0,,0.0,,0.0,0.0,3.0,1.0,F-C,48.0,23.0,0.585,0.479,0.576,-0.096,0.0,0.0,,1.0,,,,0.0,0.0,3.0,,0.0,,,0.0,0.0,0.0,0.0,3.0,1.0,0.0,,,0.0,0.0,MIA,0.0,0.0,0.0,,,,,0.0,2014,21300191,,MIA,ORL,20131123.0,2013-14,False,MIA,ORL,,,,,,,,,,,,,,,,,,,,,,,,,,,,,,,,,,,,,,,,,,,,,,,,,,,,,,,,,,,,,,,,,,,,,,,,,,,,,,,,,,,,,,,,,,,
2365,Chris Andersen,Chris,1610612748,MIA,35.0,1,1,0,1.0,17.783333333333335,1,1,1.0,0,0,0.0,0,0,0.0,0,5,5,0,1,0,2,0,3,0,2,5,13.0,0,0,11.0,1,1,1,1,188,193,236,1,97,154,97,147,155,147,145,51,77,195,97,123,12,1,187,199,220,81,181,20,1,182,,264,0.167,1.0,110.1,105.6,90.7,0.063,0.263,96,50.0,36,0.0,84,28,40,1.0,144,82.1,193,105.6,69,95.71,170,68,0.0,262,0.0,74,98.52,89.2,89.2,145,10,1.0,134,98.52,4,0.0,264,16.4,19.4,0.056,1.0,79,68,69,195,68,262,236,195,96,16.4,0.054,84,50.0,0.0,0.0,0.0,0.0,15.0,0.0,0.0,3.0,0.0,0.0,0.0,0.0,0.0,0.0,0.0,0.0,0.0,0.0,0.0,0.0,0.0,0.0,0.0,0.0,0.0,0.0,0.0,2.0,16.0,2.0,0.4,0.0,1.0,1.38,0.0,0.0,3.0,0.125,0.06,2.0,3.9,8.0,3.9,3.0,1.0,0.5,1.0,0.0,0.0,0.714,10.0,0.0,0.0,3.0,0.0,2.0,0.0,0.4,0.556,2.0,0.625,0.4,0.0,,,,,,,,,,,,,,,,,1.0,1.0,0.0,1.0,0.0,1.0,1.0,1.0,1.0,,1.0,1.0,0.0,,,,,,,,,,,,,,,,,,,,,,,,,,,0.0,,0.0,,,,,0.0,0.0,0.0,0.0,0.0,1.0,0.0,1.0,0.0,2.0,0.0,0.0,0.0,0.0,0.0,0.0,0.0,0.0,0.0,0.0,0.0,0.0,0.0,1.0,0.0,0.0,0.0,0.0,0.0,0.0,0.0,0.0,1.0,1.0,F-C,57.0,28.0,0.582,0.491,0.58,-0.089,0.0,0.0,,1.0,,,0.0,0.0,0.0,1.0,0.0,0.0,,0.0,0.0,0.0,0.0,0.0,1.0,0.0,0.0,,,0.0,0.0,MIA,0.0,0.0,0.0,,,,,0.0,2014,21300219,,CLE,MIA,20131127.0,2013-14,False,MIA,CLE,,,,,,,,,,,,,,,,,,,,,,,,,,,,,,,,,,,,,,,,,,,,,,,,,,,,,,,,,,,,,,,,,,,,,,,,,,,,,,,,,,,,,,,,,,,
2365,Chris Andersen,Chris,1610612748,MIA,35.0,1,1,0,1.0,18.766666666666666,2,3,0.667,0,0,0.0,1,2,0.5,0,4,4,1,0,0,2,0,3,1,5,-7,17.3,0,0,14.0,1,1,1,1,169,150,215,25,110,175,110,103,89,107,148,73,94,127,186,138,13,1,202,129,173,217,135,26,2,149,,1,0.1,3.0,88.4,81.6,105.8,0.126,0.174,227,0.0,38,0.0,153,92,99,0.644,138,79.93,150,81.6,217,90.8,86,205,0.0,242,0.1,179,95.91,102.7,102.7,148,64,2.0,220,95.91,43,20.0,1,-21.1,-17.4,0.105,0.667,205,148,217,137,148,249,215,69,227,-21.1,0.098,153,0.0,1.0,0.0,0.111,3.0,9.0,0.111,0.0,9.0,1.0,0.0,0.0,0.0,0.0,0.0,0.0,0.0,0.0,0.0,0.0,0.0,0.0,0.0,0.0,0.0,0.0,0.0,0.0,5.0,15.0,5.0,0.4,0.0,0.6,1.5,0.0,0.0,8.0,0.333,0.47,3.0,3.0,9.0,3.0,1.0,1.0,0.4,1.0,0.0,0.0,0.5,10.0,0.0,0.0,1.0,0.0,3.0,0.0,0.75,0.444,1.0,0.444,0.75,0.0,0.0,0.0,1.0,0.333,0.0,0.0,0.0,0.0,1.0,MIA,0.0,0.333,0.0,1.0,1610612748.0,,2.0,0.667,0.0,1.0,0.0,2.0,0.667,2.0,1.0,,2.0,1.0,0.0,,,,,,,,,,,,,,,,,,,,,,,,,,,0.0,,0.0,,,,,0.0,0.0,0.0,0.0,0.0,0.667,0.0,0.5,0.0,3.0,0.0,,0.0,0.0,0.0,0.0,0.0,0.0,0.0,0.0,0.0,0.0,0.0,2.0,0.0,0.0,0.0,,0.0,,0.0,0.0,3.0,0.667,F-C,59.0,29.0,0.567,0.492,0.579,-0.087,0.0,0.0,0.0,0.667,,0.0,,0.0,0.0,2.0,,0.0,0.0,,0.0,0.0,0.0,0.0,3.0,0.0,0.0,,,0.0,0.0,MIA,0.0,0.0,0.0,,,,,0.0,2014,21300230,,TOR,MIA,20131129.0,2013-14,False,MIA,TOR,,,,,,,,,,,,,,,,,,,,,,,,,,,,,,,,,,,,,,,,,,,,,,,,,,,,,,,,,,,,,,,,,,,,,,,,,,,,,,,,,,,,,,,,,,,
2365,Chris Andersen,Chris,1610612748,MIA,35.0,1,0,1,0.0,20.765,4,8,0.5,0,0,0.0,2,4,0.5,2,1,3,0,1,1,1,2,3,4,10,-6,18.6,0,0,17.0,1,88,88,88,99,64,70,50,67,100,67,36,25,70,18,107,80,116,57,31,13,154,113,17,69,123,86,12,1,86,,88,0.075,8.0,85.9,86.8,97.6,0.066,0.053,136,10.0,38,0.095,133,127,84,0.512,87,75.13,64,86.8,111,90.57,107,108,0.0,29,0.0,68,90.15,97.5,97.5,27,84,4.0,135,90.15,73,0.0,88,-10.7,-11.7,0.26,0.5,137,68,111,116,68,38,70,116,136,-10.7,0.244,133,9.3,1.0,0.0,0.0,0.0,16.0,0.0,0.0,19.0,0.0,0.0,0.0,0.0,0.0,0.0,0.0,0.0,0.0,0.0,0.0,0.0,0.0,0.0,0.0,0.0,0.0,0.0,7.0,10.0,28.0,10.0,0.5,0.714,1.0,1.0,0.0,0.0,20.0,0.357,0.18,2.0,2.2,3.0,2.6,0.0,0.0,0.25,1.0,0.5,0.222,0.333,12.0,1.0,1.0,1.0,1.0,1.0,0.25,1.0,0.273,9.0,0.333,0.667,2.0,0.5,0.0,1.0,0.667,0.0,0.0,2.0,2.0,4.0,MIA,0.5,0.667,0.5,4.0,1610612748.0,,2.0,0.333,0.0,1.0,0.0,2.0,0.333,2.0,1.0,,2.0,1.0,0.0,,,,,,,,,,,,,,,,,,,,,,,,,,,0.0,,0.0,,,,,0.0,0.0,0.667,5.0,0.0,0.5,0.0,0.5,0.0,10.0,0.0,,0.0,0.0,0.0,1.0,0.0,0.0,0.0,0.0,0.0,0.0,0.0,4.0,0.0,0.0,0.0,,0.0,,0.0,0.0,7.0,0.571,F-C,85.0,45.0,0.586,0.529,0.577,-0.048,0.0,0.0,,0.5,,,,0.0,0.0,4.0,,0.0,,,0.0,0.0,0.0,0.0,8.0,0.0,0.0,,,0.0,0.0,MIA,0.0,0.0,0.0,,,,,0.0,2014,21300311,,IND,MIA,20131210.0,2013-14,False,MIA,IND,,,,,,,,,,,,,,,,,,,,,,,,,,,,,,,,,,,,,,,,,,,,,,,,,,,,,,,,,,,,,,,,,,,,,,,,,,,,,,,,,,,,,,,,,,,
2365,Chris Andersen,Chris,1610612748,MIA,35.0,1,1,0,1.0,17.833333333333332,1,4,0.25,1,1,1.0,0,0,0.0,1,4,5,0,1,0,3,0,1,1,3,-8,17.0,0,0,15.0,1,1,1,1,116,125,125,132,37,77,1,91,93,91,41,41,45,124,65,77,4,1,41,75,133,127,91,11,1,92,,146,0.167,4.0,103.7,102.9,117.0,0.058,0.25,92,20.0,34,0.071,105,26,23,0.375,93,77.38,125,102.9,123,94.91,114,110,0.0,132,0.0,126,92.86,122.9,122.9,42,128,1.0,92,92.86,115,0.0,146,-19.9,-13.3,0.14,0.375,85,139,123,124,139,138,125,124,92,-19.9,0.135,105,20.0,0.0,0.0,0.0,0.0,14.0,0.0,0.0,7.0,0.0,0.0,0.0,0.0,0.0,0.0,0.0,0.0,0.0,0.0,0.0,0.0,0.0,0.0,0.0,0.0,0.0,0.0,1.0,3.0,21.0,3.0,0.4,0.0,0.0,1.27,0.0,0.0,10.0,0.143,0.14,3.0,4.3,6.0,4.5,2.0,0.0,0.556,0.0,1.0,0.333,0.667,9.0,1.0,0.0,2.0,0.0,2.0,0.333,0.5,0.556,3.0,0.667,0.6,3.4,,,,,,,,,,,,,,,,,2.0,0.5,0.0,0.0,0.0,0.0,0.5,2.0,0.0,,0.0,0.0,0.0,1.0,0.0,0.0,0.0,0.25,0.0,0.0,0.0,0.0,0.25,1.0,0.0,,0.25,1.0,0.0,0.0,1.0,0.25,,1.0,1.5,0.0,1.0,1.0,1.0,0.0,0.0,0.0,,,,0.0,0.0,0.0,0.0,0.0,0.0,0.375,0.5,0.0,3.0,0.0,0.0,,0.0,0.0,0.0,0.0,1.0,1.0,0.0,0.0,0.0,0.0,0.0,0.0,0.0,0.0,1.0,,0.0,,1.0,0.0,2.0,0.0,F-C,89.0,46.0,0.582,0.517,0.577,-0.06,1.0,0.0,,0.0,,,0.0,0.0,0.0,0.0,0.0,0.0,,0.0,0.0,0.0,0.0,1.0,2.0,0.0,1.0,,,1.0,0.0,MIA,0.0,0.0,2.0,1.0,1.0,1.0,0.75,1.0,2014,21300344,,MIA,CLE,20131214.0,2013-14,False,MIA,CLE,,,,,,,,,,,,,,,,,,,,,,,,,,,,,,,,,,,,,,,,,,,,,,,,,,,,,,,,,,,,,,,,,,,,,,,,,,,,,,,,,,,,,,,,,,,
2365,Chris Andersen,Chris,1610612748,MIA,35.0,1,1,0,1.0,15.416666666666666,0,0,0.0,0,0,0.0,1,2,0.5,0,5,5,1,0,1,3,0,1,2,1,-2,20.5,0,0,15.0,1,1,1,1,127,148,157,148,72,102,72,64,55,60,97,31,50,81,106,30,2,1,24,57,148,98,76,12,1,92,,1,0.2,0.0,106.3,96.7,112.2,0.15,0.333,109,0.0,30,0.0,123,6,10,0.568,87,76.54,148,96.7,118,85.5,42,102,0.0,158,0.111,104,91.85,106.9,106.9,97,67,0.0,158,91.85,148,50.0,1,-10.2,-5.9,0.031,0.0,86,91,118,71,91,157,157,4,109,-10.2,0.032,123,0.0,0.0,0.0,0.083,2.0,12.0,0.083,0.0,3.0,1.0,0.0,0.0,0.0,0.0,0.0,0.0,0.0,0.0,0.0,0.0,0.0,0.0,0.0,0.0,0.0,0.0,0.0,0.0,1.0,14.0,1.0,0.4,0.0,1.0,1.77,0.0,0.0,3.0,0.071,0.07,1.0,2.1,8.0,2.1,4.0,0.0,0.556,0.0,0.0,0.0,0.625,9.0,0.0,0.0,4.0,0.0,1.0,0.0,0.2,0.556,1.0,0.625,0.2,0.0,,,,,,,,,,,,,,,,,,,,,,,,,,,,,,,,,,,,,,,,,,,,,,,,,,,,,,,,0.0,,0.0,,,,,0.0,0.0,0.0,0.0,0.0,0.0,0.0,0.0,0.0,1.0,0.0,0.0,0.0,0.0,0.0,0.0,0.0,0.0,0.0,0.0,0.0,0.0,0.0,0.0,0.0,0.0,0.0,0.0,0.0,0.0,0.0,0.0,0.0,0.0,F-C,98.0,51.0,0.594,0.52,0.581,-0.06,0.0,0.0,,0.0,,,0.0,0.0,0.0,0.0,0.0,0.0,,0.0,0.0,0.0,0.0,0.0,0.0,0.0,0.0,,,0.0,0.0,MIA,0.0,0.0,0.0,,,,,0.0,2014,21300360,,MIA,UTA,20131216.0,2013-14,False,MIA,UTA,,,,,,,,,,,,,,,,,,,,,,,,,,,,,,,,,,,,,,,,,,,,,,,,,,,,,,,,,,,,,,,,,,,,,,,,,,,,,,,,,,,,,,,,,,,
2365,Chris Andersen,Chris,1610612748,MIA,35.0,1,1,0,1.0,27.84,4,5,0.8,0,0,0.0,0,0,0.0,1,3,4,0,0,0,0,0,4,1,8,7,12.8,0,0,12.0,1,1,1,1,109,85,151,14,102,143,102,134,145,134,62,93,97,166,165,121,72,1,189,131,128,51,155,26,2,154,,1,0.087,5.0,116.1,115.1,98.7,0.06,0.136,51,0.0,53,0.042,170,104,101,0.8,122,76.87,85,115.1,59,92.45,157,48,0.0,212,0.0,83,92.24,100.0,100.0,87,27,4.0,161,92.24,24,0.0,1,15.1,17.5,0.09,0.8,47,84,59,166,84,210,151,166,51,15.1,0.088,170,0.0,3.0,0.0,0.0,0.0,20.0,0.0,0.0,12.0,0.0,0.0,0.0,0.0,0.0,0.0,0.0,0.0,0.0,0.0,0.0,0.0,0.0,0.0,0.0,0.0,0.0,0.0,3.0,6.0,25.0,8.0,0.7,0.667,0.667,1.66,0.0,0.0,13.0,0.32,0.36,2.0,6.3,6.0,7.0,2.0,2.0,0.444,2.0,1.0,0.333,0.75,9.0,1.0,0.0,2.0,0.0,1.0,0.333,0.333,0.571,3.0,0.5,0.5,4.1,1.0,0.0,1.0,0.2,0.0,0.0,1.0,1.0,1.0,MIA,1.0,0.2,1.0,1.0,1610612748.0,,1.0,0.2,0.0,1.0,0.0,1.0,0.2,1.0,1.0,,1.0,1.0,0.0,2.0,0.0,1.0,0.0,0.4,2.0,2.0,1.0,0.0,0.4,2.0,1.0,,0.2,0.0,0.0,0.2,0.0,0.0,0.0,,0.0,1.0,1.0,0.0,0.0,0.0,,0.0,,,,,0.0,0.0,1.0,2.0,0.0,0.8,0.5,1.0,2.0,4.0,0.0,0.0,0.0,0.0,1.0,1.0,0.0,0.0,0.0,0.0,0.0,0.0,1.0,3.0,0.0,0.0,0.0,0.0,0.0,0.0,1.0,0.0,3.0,1.0,F-C,103.0,55.0,0.585,0.534,0.581,-0.047,2.0,0.0,,1.0,,,0.0,0.0,0.0,3.0,0.0,0.0,,0.0,0.5,0.0,0.0,0.0,3.0,0.0,0.0,,,0.0,1.0,MIA,0.0,0.0,1.0,,,,0.0,0.0,2014,21300369,,MIA,IND,20131218.0,2013-14,False,MIA,IND,,,,,,,,,,,,,,,,,,,,,,,,,,,,,,,,,,,,,,,,,,,,,,,,,,,,,,,,,,,,,,,,,,,,,,,,,,,,,,,,,,,,,,,,,,,
2365,Chris Andersen,Chris,1610612748,MIA,35.0,1,1,0,1.0,20.78333333333333,3,5,0.6,0,1,0.0,0,0,0.0,1,6,7,0,0,2,0,0,2,2,6,7,20.4,0,0,17.0,1,1,1,1,114,85,125,47,76,90,76,100,106,100,47,27,31,135,125,24,69,1,89,50,109,47,92,19,1,100,,1,0.226,5.0,119.9,122.2,111.7,0.1,0.375,25,0.0,45,0.067,43,2,3,0.6,101,85.65,85,122.2,54,102.59,77,63,0.0,163,0.0,125,102.77,109.1,109.1,47,77,3.0,40,102.77,65,0.0,1,13.1,8.1,0.102,0.6,28,108,54,135,108,162,125,135,25,13.1,0.102,43,0.0,0.0,0.0,0.0,0.0,19.0,0.0,0.0,12.0,0.0,0.0,0.0,0.0,0.0,0.0,0.0,0.0,0.0,0.0,0.0,0.0,0.0,0.0,0.0,0.0,0.0,0.0,1.0,5.0,26.0,6.0,0.5,2.0,0.8,1.26,0.0,0.0,11.0,0.231,0.23,1.0,5.5,8.0,6.1,5.0,0.0,0.7,1.0,0.0,0.5,0.75,10.0,0.0,1.0,6.0,1.0,1.0,1.0,0.167,0.778,2.0,0.75,0.143,1.7,,,,,,,,,,,,,,,,,2.0,0.4,0.0,0.5,0.0,1.0,0.4,2.0,0.5,,1.0,0.5,0.0,1.0,0.0,1.0,0.0,0.2,1.0,1.0,1.0,0.0,0.2,1.0,1.0,,0.4,0.0,1.0,0.2,1.0,0.2,1.0,0.0,0.5,1.0,2.0,0.5,1.0,0.0,0.0,0.0,,,,0.0,0.0,0.0,1.0,2.0,0.0,0.6,0.0,0.667,0.0,4.0,0.0,0.0,0.0,0.0,0.0,0.0,1.0,0.0,0.0,0.0,0.0,0.0,0.0,3.0,0.0,0.0,0.0,0.0,0.0,0.0,0.0,0.0,4.0,0.75,F-C,108.0,59.0,0.59,0.546,0.579,-0.033,0.0,0.0,,0.75,,,0.0,1.0,0.0,3.0,0.0,0.0,,0.0,0.0,0.0,0.0,0.0,4.0,0.0,0.0,,,0.0,0.0,MIA,0.0,0.0,1.0,0.0,1.0,0.0,0.0,0.0,2014,21300387,,MIA,SAC,20131220.0,2013-14,False,MIA,SAC,,,,,,,,,,,,,,,,,,,,,,,,,,,,,,,,,,,,,,,,,,,,,,,,,,,,,,,,,,,,,,,,,,,,,,,,,,,,,,,,,,,,,,,,,,,
2365,Chris Andersen,Chris,1610612748,MIA,35.0,1,1,0,1.0,25.4,3,3,1.0,0,0,0.0,6,9,0.667,3,6,9,2,1,0,2,0,1,7,12,12,30.8,0,0,27.0,1,1,1,1,107,104,180,1,101,142,101,14,9,85,18,25,20,67,92,98,12,1,47,7,78,22,49,24,1,56,,127,0.2,3.0,126.2,128.6,104.9,0.187,0.25,19,10.0,49,0.143,124,19,9,0.862,34,79.53,104,128.6,23,93.09,29,40,2.0,169,0.105,111,95.43,98.1,98.1,20,12,3.0,169,95.43,2,20.0,121,30.5,21.3,0.148,1.0,29,71,23,106,71,162,180,61,19,30.5,0.148,124,10.0,4.0,0.0,0.1,5.0,20.0,0.1,0.0,11.0,2.0,0.0,0.0,0.0,0.0,0.0,0.0,0.0,0.0,0.0,0.0,0.0,0.0,0.0,0.0,0.0,0.0,0.0,1.0,8.0,26.0,12.0,0.5,1.0,1.0,1.23,0.0,0.0,13.0,0.462,0.08,4.0,4.4,9.0,3.3,3.0,0.0,0.6,0.0,0.667,0.5,0.667,15.0,2.0,1.0,4.0,0.0,2.0,0.5,0.333,0.6,6.0,0.667,0.444,6.2,,,,,,,,,,,,,,,,,3.0,1.0,0.0,1.0,0.0,3.0,1.0,3.0,1.0,,3.0,1.0,0.0,,,,,,,,,,,,,,,,,,,,,,,,,,,0.0,,0.0,,,,,0.0,0.0,0.0,1.0,0.0,1.0,0.0,1.0,0.0,8.0,0.0,0.0,0.0,0.0,0.0,0.0,0.0,0.0,0.0,0.0,0.0,0.0,0.0,3.0,0.0,0.0,0.0,0.0,0.0,0.0,0.0,0.0,3.0,1.0,F-C,113.0,61.0,0.582,0.54,0.58,-0.04,0.0,0.0,,1.0,,,0.0,0.0,0.0,3.0,0.0,0.0,,0.0,0.0,0.0,0.0,0.0,3.0,0.0,0.0,,,0.0,0.0,MIA,0.0,0.0,0.0,,,,,0.0,2014,21300411,,MIA,ATL,20131223.0,2013-14,False,MIA,ATL,,,,,,,,,,,,,,,,,,,,,,,,,,,,,,,,,,,,,,,,,,,,,,,,,,,,,,,,,,,,,,,,,,,,,,,,,,,,,,,,,,,,,,,,,,,
2365,Chris Andersen,Chris,1610612748,MIA,35.0,1,1,0,1.0,15.2,1,3,0.333,0,1,0.0,4,4,1.0,2,1,3,0,2,0,0,0,4,2,6,0,7.6,0,0,9.0,1,1,1,1,131,134,139,116,65,80,65,25,31,1,26,113,81,118,41,84,59,1,157,62,108,90,142,17,1,129,,178,0.103,3.0,105.7,106.3,105.7,0.0,0.071,70,28.6,32,0.133,57,126,69,0.63,98,85.53,134,106.3,88,101.56,152,94,0.0,95,0.0,108,102.63,103.0,103.0,15,46,1.0,61,102.63,124,0.0,177,3.2,0.0,0.182,0.333,77,98,88,118,98,86,139,118,70,3.2,0.189,57,29.6,3.0,0.0,0.0,0.0,13.0,0.0,0.0,7.0,0.0,0.0,0.0,0.0,0.0,0.0,0.0,0.0,0.0,0.0,0.0,0.0,0.0,0.0,0.0,0.0,0.0,0.0,2.0,4.0,17.0,6.0,0.4,0.0,0.5,1.27,0.0,0.0,10.0,0.353,0.12,2.0,6.3,5.0,3.5,1.0,0.0,0.375,0.0,1.0,0.667,0.2,8.0,2.0,0.0,1.0,0.0,0.0,0.667,0.0,0.375,3.0,0.2,0.667,7.7,0.0,0.0,1.0,0.333,0.0,0.0,0.0,0.0,1.0,MIA,0.0,0.333,0.0,1.0,1610612748.0,,1.0,0.333,0.0,1.0,0.0,1.0,0.333,1.0,1.0,,1.0,1.0,0.0,,,,,,,,,,,,,,0.333,0.0,0.0,0.0,1.0,0.333,,0.0,0.0,0.0,1.0,0.0,0.0,0.0,0.0,0.0,,,,0.0,0.0,0.0,0.0,0.0,0.0,0.333,0.0,0.5,0.0,2.0,0.0,0.0,0.0,0.0,0.0,0.0,1.0,0.0,0.0,0.0,0.0,0.0,0.0,1.0,0.0,0.0,0.0,0.0,0.0,0.0,0.0,0.0,2.0,0.5,F-C,123.0,67.0,0.58,0.545,0.58,-0.035,0.0,0.0,,0.5,,,0.0,1.0,0.0,1.0,0.0,0.0,,0.0,0.0,0.0,0.0,0.0,2.0,0.0,0.0,,,0.0,0.0,MIA,0.0,0.0,1.0,0.0,1.0,0.0,0.0,0.0,2014,21300490,,ORL,MIA,20140104.0,2013-14,False,MIA,ORL,,,,,,,,,,,,,,,,,,,,,,,,,,,,,,,,,,,,,,,,,,,,,,,,,,,,,,,,,,,,,,,,,,,,,,,,,,,,,,,,,,,,,,,,,,,
2365,Chris Andersen,Chris,1610612748,MIA,35.0,1,0,1,0.0,32.14333333333333,2,3,0.667,0,0,0.0,0,2,0.0,1,8,9,0,0,0,1,0,2,1,4,-2,17.8,0,0,15.0,1,136,136,136,65,133,188,32,98,153,98,124,82,124,73,18,31,173,161,111,29,1,115,128,158,140,125,26,1,141,,1,0.167,3.0,88.9,90.0,93.3,0.138,0.267,175,0.0,50,0.042,253,36,36,0.515,124,64.09,133,90.0,122,75.41,75,136,0.0,242,0.0,92,76.91,88.7,88.7,105,107,2.0,254,76.91,49,0.0,1,1.3,-4.3,0.07,0.667,190,65,122,173,65,240,188,173,175,1.3,0.073,253,0.0,0.0,0.0,0.0,0.0,20.0,0.0,0.0,8.0,0.0,0.0,0.0,0.0,0.0,0.0,0.0,0.0,0.0,0.0,0.0,0.0,0.0,0.0,0.0,0.0,0.0,0.0,1.0,4.0,24.0,4.0,0.5,0.0,1.0,1.24,0.0,0.0,8.0,0.167,0.13,2.0,3.6,12.0,3.3,6.0,1.0,0.529,1.0,0.0,0.2,0.727,17.0,0.0,1.0,7.0,0.0,2.0,0.2,0.25,0.563,5.0,0.667,0.222,6.3,0.5,0.0,1.0,0.667,0.0,0.0,1.0,1.0,2.0,MIA,0.5,0.667,0.5,2.0,1610612748.0,,,,,,,,,,,,,,,,,,,,,,,,,,,,0.333,0.0,1.0,0.333,0.0,0.0,1.0,,1.0,1.0,1.0,1.0,1.0,0.0,,0.0,,,,,0.0,0.0,0.0,0.0,0.0,0.667,0.0,0.667,0.0,4.0,0.0,,0.0,0.0,0.0,0.0,0.0,0.0,0.0,0.0,0.0,0.0,0.0,2.0,0.0,0.0,0.0,,0.0,,0.0,0.0,3.0,0.667,F-C,140.0,75.0,0.562,0.536,0.583,-0.047,0.0,0.0,0.0,0.667,,0.0,,0.0,0.0,2.0,,0.0,0.0,,0.0,0.0,0.0,0.0,3.0,0.0,0.0,,,0.0,0.0,MIA,0.0,0.0,0.0,,,,,0.0,2014,21300537,,BKN,MIA,20140110.0,2013-14,False,MIA,BKN,,,,,,,,,,,,,,,,,,,,,,,,,,,,,,,,,,,,,,,,,,,,,,,,,,,,,,,,,,,,,,,,,,,,,,,,,,,,,,,,,,,,,,,,,,,
2365,Chris Andersen,Chris,1610612748,MIA,35.0,1,0,1,0.0,17.466666666666665,2,4,0.5,0,0,0.0,4,4,1.0,1,1,2,0,0,0,1,0,2,3,8,-11,13.4,0,0,12.0,1,101,101,101,141,110,135,62,85,127,85,31,43,1,50,139,122,148,150,102,20,1,80,45,100,175,125,24,1,128,,1,0.067,4.0,97.5,100.0,133.0,0.07,0.077,116,0.0,38,0.059,32,136,115,0.694,122,87.02,110,100.0,178,104.15,122,182,0.0,138,0.0,188,104.43,128.9,128.9,64,45,2.0,29,104.43,81,0.0,1,-28.9,-35.5,0.144,0.5,138,183,178,148,183,135,135,148,116,-28.9,0.146,32,0.0,1.0,0.0,0.0,0.0,10.0,0.0,0.0,11.0,0.0,0.0,0.0,0.0,0.0,0.0,0.0,0.0,0.0,0.0,0.0,0.0,0.0,0.0,0.0,0.0,0.0,0.0,1.0,7.0,18.0,8.0,0.3,0.0,1.143,1.08,0.0,0.0,10.0,0.444,0.11,2.0,3.3,3.0,2.3,0.0,1.0,0.222,1.0,1.0,0.167,0.5,9.0,1.0,0.0,0.0,0.0,1.0,0.167,1.0,0.25,6.0,0.333,1.0,4.3,0.0,0.0,1.0,0.5,0.0,0.0,0.0,0.0,2.0,MIA,0.0,0.5,0.0,2.0,1610612748.0,,1.0,0.25,0.0,1.0,0.0,1.0,0.25,1.0,1.0,,1.0,1.0,0.0,,,,,,,,,,,,,,0.25,0.0,1.0,0.25,0.0,0.0,1.0,,1.0,1.0,1.0,1.0,1.0,0.0,,0.0,,,,,0.0,0.0,0.0,0.0,0.0,0.5,0.0,1.0,0.0,8.0,0.0,,0.0,0.0,0.0,0.0,0.0,0.0,0.0,0.0,0.0,0.0,0.0,2.0,0.0,0.0,0.0,,0.0,,0.0,0.0,4.0,0.5,F-C,142.0,77.0,0.548,0.542,0.583,-0.041,0.0,0.0,,0.5,,,,0.0,0.0,2.0,,0.0,,,0.0,0.0,0.0,0.0,4.0,0.0,0.0,,,0.0,0.0,MIA,0.0,0.0,0.0,,,,,0.0,2014,21300612,,ATL,MIA,20140120.0,2013-14,False,MIA,ATL,,,,,,,,,,,,,,,,,,,,,,,,,,,,,,,,,,,,,,,,,,,,,,,,,,,,,,,,,,,,,,,,,,,,,,,,,,,,,,,,,,,,,,,,,,,
2365,Chris Andersen,Chris,1610612748,MIA,35.0,1,0,1,0.0,19.35,2,4,0.5,0,0,0.0,1,2,0.5,1,4,5,0,1,0,0,1,0,1,5,3,10.0,0,0,10.0,1,64,64,64,86,79,88,39,53,83,53,44,42,43,29,30,34,83,41,59,43,79,1,60,85,42,91,12,1,91,,102,0.152,4.0,94.8,88.9,80.4,0.111,0.25,104,16.7,36,0.059,84,13,17,0.512,62,73.39,79,88.9,50,86.62,51,26,0.0,80,0.0,9,88.06,82.9,82.9,34,66,2.0,85,88.06,54,0.0,99,6.0,14.4,0.156,0.5,97,10,50,83,10,85,88,83,104,6.0,0.15,84,17.0,0.0,0.0,0.077,0.0,13.0,0.0,1.0,10.0,1.0,0.0,0.0,0.0,0.0,0.0,0.0,0.0,0.0,0.0,0.0,0.0,0.0,0.0,0.0,0.0,0.0,0.0,2.0,7.0,19.0,5.0,0.4,0.0,0.429,1.26,0.0,0.0,11.0,0.263,0.26,2.0,2.5,7.0,2.6,3.0,3.0,0.455,3.0,1.0,0.25,1.0,11.0,1.0,0.0,3.0,0.0,1.0,0.25,0.25,0.625,4.0,0.571,0.4,2.4,1.0,0.0,1.0,0.333,0.0,0.0,1.0,1.0,1.0,MIA,1.0,0.333,1.0,1.0,1610612748.0,,2.0,0.667,0.0,0.5,0.0,1.0,0.667,2.0,0.5,,1.0,0.5,0.0,,,,,,,,,,,,,,,,,,,,,,,,,,,0.0,,0.0,,,,,0.0,0.0,0.0,0.0,0.0,0.5,0.0,0.5,0.0,3.0,0.0,,0.0,0.0,0.0,0.0,0.0,0.0,0.0,0.0,0.0,0.0,0.0,2.0,0.0,0.0,0.0,,0.0,,0.0,0.0,4.0,0.5,F-C,287.0,150.0,0.536,0.523,0.59,-0.067,0.0,0.0,,0.5,,,,0.0,0.0,2.0,,0.0,,,0.0,0.0,0.0,0.0,4.0,0.0,0.0,,,0.0,0.0,MIA,0.0,0.0,0.0,,,,,0.0,2014,21301158,,MIA,BKN,20140408.0,2013-14,False,MIA,BKN,,,,,,,,,,,,,,,,,,,,,,,,,,,,,,,,,,,,,,,,,,,,,,,,,,,,,,,,,,,,,,,,,,,,,,,,,,,,,,,,,,,,,,,,,,,
2365,Chris Andersen,Chris,1610612748,MIA,35.0,1,1,0,1.0,29.366666666666667,2,2,1.0,0,0,0.0,6,9,0.667,2,3,5,0,0,0,2,0,3,7,10,9,22.0,0,0,19.0,1,1,1,1,86,135,202,1,96,153,96,15,7,87,32,77,61,166,171,106,12,1,161,8,91,43,93,21,2,103,,1,0.102,2.0,108.0,114.5,103.1,0.12,0.125,53,0.0,55,0.08,170,107,90,0.839,124,75.6,135,114.5,55,90.49,89,102,0.0,213,0.0,128,90.72,96.4,96.4,57,23,2.0,172,90.72,2,0.0,1,18.1,4.8,0.096,1.0,98,78,55,166,78,215,202,166,53,18.1,0.094,170,0.0,0.0,0.0,0.0,0.0,10.0,0.0,0.0,4.0,0.0,0.0,0.0,0.0,0.0,0.0,0.0,0.0,0.0,0.0,0.0,0.0,0.0,0.0,0.0,0.0,0.0,0.0,2.0,2.0,15.0,10.0,0.3,0.0,2.5,1.33,0.0,0.0,6.0,0.667,0.0,3.0,2.7,8.0,2.5,1.0,0.0,0.278,0.0,0.5,0.2,0.375,18.0,1.0,1.0,2.0,0.0,2.0,0.2,0.667,0.278,10.0,0.375,0.6,3.0,,,,,,,,,,,,,,,,,1.0,0.5,0.0,1.0,0.0,1.0,0.5,1.0,1.0,,1.0,1.0,0.0,,,,,,,,,,,,,,0.5,0.0,1.0,0.5,0.0,0.0,1.0,,1.0,1.0,1.0,1.0,1.0,0.0,,0.0,,,,,0.0,0.0,0.0,0.0,0.0,1.0,0.0,1.0,0.0,5.0,0.0,0.0,0.0,0.0,0.0,0.0,0.0,0.0,0.0,0.0,0.0,0.0,0.0,2.0,0.0,0.0,0.0,0.0,0.0,0.0,0.0,0.0,2.0,1.0,F-C,157.0,85.0,0.532,0.541,0.585,-0.044,0.0,0.0,0.0,1.0,,0.0,0.0,0.0,0.0,2.0,0.0,0.0,0.0,0.0,0.0,0.0,0.0,0.0,2.0,0.0,0.0,,,0.0,0.0,MIA,0.0,0.0,0.0,,,,,0.0,2014,21300705,,NYK,MIA,20140201.0,2013-14,False,MIA,NYK,,,,,,,,,,,,,,,,,,,,,,,,,,,,,,,,,,,,,,,,,,,,,,,,,,,,,,,,,,,,,,,,,,,,,,,,,,,,,,,,,,,,,,,,,,,
2365,Chris Andersen,Chris,1610612748,MIA,35.0,1,1,0,1.0,26.64333333333333,4,5,0.8,0,0,0.0,4,6,0.667,2,5,7,0,0,0,2,1,5,5,12,-5,26.4,0,0,23.0,1,1,1,1,111,94,154,10,99,148,99,39,29,102,37,41,45,169,161,117,14,144,216,22,90,159,89,27,2,94,,1,0.127,5.0,114.9,107.3,110.0,0.139,0.156,111,0.0,55,0.087,86,73,55,0.785,121,82.57,94,107.3,148,98.69,66,93,0.0,176,0.0,124,99.09,116.4,116.4,57,23,4.0,102,99.09,18,0.0,1,-9.1,4.9,0.138,0.8,66,176,148,169,176,177,154,169,111,-9.1,0.136,86,0.0,0.0,0.0,0.0,0.0,16.0,0.0,0.0,8.0,0.0,0.0,0.0,0.0,0.0,0.0,0.0,0.0,0.0,0.0,0.0,0.0,0.0,0.0,0.0,0.0,0.0,0.0,1.0,5.0,26.0,12.0,0.7,2.0,1.0,1.61,0.0,1.0,10.0,0.462,0.12,5.0,2.5,14.0,2.4,2.0,0.0,0.368,0.0,1.0,0.4,0.357,19.0,2.0,0.0,2.0,0.0,3.0,0.4,0.6,0.368,5.0,0.357,0.714,2.6,1.0,0.0,1.0,0.25,0.0,0.0,1.0,1.0,1.0,MIA,1.0,0.25,1.0,1.0,1610612748.0,,1.0,0.25,0.0,1.0,0.0,1.0,0.25,1.0,1.0,,1.0,1.0,0.0,1.0,0.0,1.0,0.0,0.25,1.0,1.0,1.0,0.0,0.25,1.0,1.0,,0.25,0.0,1.0,0.25,0.0,0.0,1.0,,1.0,1.0,1.0,1.0,1.0,0.0,,0.0,,,,,0.0,0.0,1.0,2.0,0.0,0.8,0.5,1.0,2.0,5.0,0.0,0.0,0.5,0.0,0.0,0.0,0.0,0.0,0.0,0.0,0.0,0.0,0.0,3.0,0.0,0.0,0.0,0.0,0.0,0.0,2.0,1.0,3.0,1.0,F-C,173.0,92.0,0.547,0.532,0.591,-0.059,2.0,0.0,,1.0,0.0,,0.0,0.0,0.0,3.0,0.0,0.0,,0.0,0.5,0.0,0.0,0.0,3.0,0.0,0.0,0.0,0.0,0.0,1.0,MIA,0.0,0.0,1.0,,,,1.0,1.0,2014,21300736,,LAC,MIA,20140205.0,2013-14,False,MIA,LAC,,,,,,,,,,,,,,,,,,,,,,,,,,,,,,,,,,,,,,,,,,,,,,,,,,,,,,,,,,,,,,,,,,,,,,,,,,,,,,,,,,,,,,,,,,,
2365,Chris Andersen,Chris,1610612748,MIA,35.0,1,0,1,0.0,18.466666666666665,1,1,1.0,0,0,0.0,1,2,0.5,3,2,5,0,0,0,0,0,4,2,3,-9,9.0,0,0,8.0,1,67,67,67,99,98,120,1,54,81,54,59,49,59,7,70,40,93,96,76,41,1,114,49,101,110,105,13,1,103,,1,0.156,1.0,83.6,81.8,112.2,0.034,0.143,111,0.0,33,0.167,129,54,24,0.798,70,71.48,98,81.8,117,83.64,108,118,0.0,125,0.0,88,85.78,109.1,109.1,9,10,1.0,128,85.78,1,0.0,1,-27.3,-28.6,0.053,1.0,110,84,117,93,84,125,120,93,111,-27.3,0.056,129,0.0,1.0,0.0,0.0,0.0,19.0,0.0,0.0,5.0,0.0,0.0,0.0,0.0,0.0,0.0,0.0,0.0,0.0,0.0,0.0,0.0,0.0,0.0,0.0,0.0,0.0,0.0,2.0,3.0,20.0,3.0,0.6,0.0,0.667,1.68,0.0,0.0,10.0,0.15,0.2,3.0,6.4,7.0,3.5,1.0,1.0,0.417,1.0,0.667,0.6,0.333,12.0,2.0,1.0,2.0,0.0,1.0,0.6,0.5,0.455,5.0,0.286,0.6,8.3,,,,,,,,,,,,,,,,,,,,,,,,,,,,,,,,,,,,,,,,,,,1.0,0.0,1.0,1.0,0.0,0.0,1.0,,1.0,1.0,1.0,1.0,1.0,0.0,,0.0,,,,,0.0,0.0,0.0,0.0,0.0,1.0,0.0,1.0,0.0,2.0,0.0,,0.0,0.0,0.0,0.0,0.0,0.0,0.0,0.0,0.0,0.0,0.0,1.0,0.0,0.0,0.0,,0.0,,0.0,0.0,1.0,1.0,F-C,177.0,94.0,0.55,0.531,0.59,-0.059,0.0,0.0,,1.0,,,,0.0,0.0,1.0,,0.0,,,0.0,0.0,0.0,0.0,1.0,0.0,0.0,,,0.0,0.0,MIA,0.0,0.0,0.0,,,,,0.0,2014,21300755,,UTA,MIA,20140208.0,2013-14,False,MIA,UTA,,,,,,,,,,,,,,,,,,,,,,,,,,,,,,,,,,,,,,,,,,,,,,,,,,,,,,,,,,,,,,,,,,,,,,,,,,,,,,,,,,,,,,,,,,,
2365,Chris Andersen,Chris,1610612748,MIA,35.0,1,1,0,1.0,17.938333333333333,3,5,0.6,0,0,0.0,0,0,0.0,4,2,6,0,0,1,0,0,4,1,6,18,16.2,0,0,14.0,1,1,1,1,93,61,83,33,62,86,62,72,73,72,5,63,29,94,91,27,48,1,132,61,81,8,80,13,2,79,,1,0.182,5.0,117.2,111.4,63.3,0.141,0.1,37,0.0,35,0.308,65,82,15,0.6,70,78.05,61,111.4,6,88.94,39,5,0.0,108,0.0,6,93.65,60.0,60.0,2,45,3.0,111,93.65,42,0.0,1,51.4,53.9,0.131,0.6,25,5,6,94,5,108,83,94,37,51.4,0.125,65,0.0,0.0,0.0,0.0,0.0,5.0,0.0,0.0,5.0,0.0,0.0,0.0,0.0,0.0,0.0,0.0,0.0,0.0,0.0,0.0,0.0,0.0,0.0,0.0,0.0,0.0,0.0,1.0,6.0,12.0,6.0,0.2,0.0,1.0,1.11,0.0,0.0,9.0,0.5,0.25,3.0,4.6,5.0,3.1,1.0,1.0,0.6,1.0,0.5,0.8,0.5,10.0,2.0,2.0,3.0,0.0,1.0,0.8,0.5,0.667,5.0,0.4,0.5,5.3,0.667,0.0,1.0,0.6,0.0,0.0,2.0,2.0,3.0,MIA,0.667,0.6,0.667,3.0,1610612748.0,,2.0,0.4,0.0,0.5,0.0,1.0,0.4,2.0,0.5,,1.0,0.5,0.0,,,,,,,,,,,,,,,,,,,,,,,,,,,0.0,,0.0,,,,,0.0,0.0,0.0,0.0,0.0,0.6,0.0,0.6,0.0,6.0,0.0,0.0,0.0,,0.0,0.0,0.0,0.0,0.0,0.0,0.0,0.0,0.0,3.0,,,0.0,0.0,0.0,0.0,0.0,0.0,5.0,0.6,F-C,178.0,95.0,0.541,0.534,0.59,-0.057,0.0,0.0,,0.6,,,0.0,0.0,0.0,3.0,0.0,0.0,,0.0,0.0,0.0,0.0,0.0,5.0,0.0,0.0,,,0.0,0.0,MIA,0.0,0.0,0.0,,,,,0.0,2014,21300774,,PHX,MIA,20140211.0,2013-14,False,MIA,PHX,,,,,,,,,,,,,,,,,,,,,,,,,,,,,,,,,,,,,,,,,,,,,,,,,,,,,,,,,,,,,,,,,,,,,,,,,,,,,,,,,,,,,,,,,,,
2365,Chris Andersen,Chris,1610612748,MIA,35.0,1,1,0,1.0,15.433333333333334,3,3,1.0,0,0,0.0,0,2,0.0,1,3,4,0,0,1,2,0,1,3,6,-4,19.8,0,0,16.0,1,1,1,1,188,123,202,1,105,162,105,134,75,134,68,97,103,189,177,50,11,1,42,51,154,175,120,27,1,138,,1,0.148,3.0,101.5,97.0,121.5,0.123,0.231,169,0.0,33,0.071,72,42,46,0.773,140,82.94,123,97.0,211,95.11,85,213,0.0,216,0.0,224,99.52,116.1,116.1,60,29,3.0,140,99.52,6,0.0,1,-19.2,-19.9,0.119,1.0,141,203,211,189,203,215,202,189,169,-19.2,0.114,72,0.0,0.0,0.0,0.071,0.0,14.0,0.0,1.0,6.0,1.0,0.0,0.0,0.0,0.0,0.0,0.0,0.0,0.0,0.0,0.0,0.0,0.0,0.0,0.0,0.0,0.0,0.0,0.0,5.0,18.0,6.0,0.3,0.0,1.2,1.03,0.0,0.0,7.0,0.333,0.11,1.0,4.2,5.0,4.5,2.0,0.0,0.444,0.0,0.0,0.25,0.6,9.0,0.0,1.0,3.0,0.0,1.0,0.25,0.333,0.444,4.0,0.6,0.25,3.3,1.0,0.0,1.0,0.333,0.0,0.0,1.0,1.0,1.0,MIA,1.0,0.333,1.0,1.0,1610612748.0,,1.0,0.333,0.0,1.0,0.0,1.0,0.333,1.0,1.0,,1.0,1.0,0.0,1.0,0.0,1.0,0.0,0.333,1.0,1.0,1.0,0.0,0.333,1.0,1.0,,,,,,,,,,,,,,,0.0,,0.0,,,,,0.0,0.0,0.0,0.0,0.0,1.0,0.0,1.0,0.0,6.0,0.0,,0.0,0.0,0.0,0.0,0.0,0.0,0.0,0.0,0.0,0.0,0.0,3.0,0.0,0.0,0.0,,0.0,,0.0,0.0,3.0,1.0,F-C,179.0,96.0,0.539,0.536,0.59,-0.054,0.0,0.0,,1.0,,,,0.0,0.0,3.0,,0.0,,,0.0,0.0,0.0,0.0,3.0,0.0,0.0,,,0.0,0.0,MIA,0.0,0.0,0.0,,,,,0.0,2014,21300788,,GSW,MIA,20140212.0,2013-14,False,MIA,GSW,,,,,,,,,,,,,,,,,,,,,,,,,,,,,,,,,,,,,,,,,,,,,,,,,,,,,,,,,,,,,,,,,,,,,,,,,,,,,,,,,,,,,,,,,,,
2365,Chris Andersen,Chris,1610612748,MIA,35.0,1,1,0,1.0,26.81833333333333,7,9,0.778,1,1,1.0,3,3,1.0,2,1,3,0,0,0,1,0,4,2,18,6,24.6,0,0,24.0,1,1,1,1,75,21,63,9,35,85,1,37,61,1,31,121,85,126,128,91,16,1,143,68,27,51,64,18,1,60,,1,0.059,9.0,133.9,129.4,118.1,0.128,0.032,14,0.0,51,0.1,133,145,110,0.872,102,76.81,21,129.4,56,89.56,60,52,0.0,91,0.0,147,92.18,115.4,115.4,30,9,7.0,148,92.18,11,0.0,1,14.0,15.8,0.19,0.833,10,137,56,126,137,101,63,126,14,14.0,0.179,133,0.0,1.0,0.0,0.0,0.0,20.0,0.0,0.0,16.0,0.0,0.0,0.0,0.0,0.0,0.0,0.0,0.0,0.0,0.0,0.0,1.0,1.0,0.0,0.0,0.0,1.0,0.0,3.0,9.0,31.0,18.0,0.7,2.0,1.444,1.39,0.0,0.0,16.0,0.581,0.19,1.0,3.8,10.0,4.4,0.0,1.0,0.176,1.0,0.0,0.286,0.111,17.0,0.0,2.0,2.0,0.0,1.0,0.286,1.0,0.188,7.0,0.1,0.333,3.6,0.5,0.0,1.0,0.222,0.0,0.0,1.0,1.0,2.0,MIA,0.5,0.222,0.5,2.0,1610612748.0,,4.0,0.444,0.0,1.0,0.0,4.0,0.444,4.0,1.0,,4.0,1.0,0.0,1.0,0.0,0.0,0.0,0.111,0.0,0.0,0.0,0.0,0.111,1.0,0.0,,0.222,1.0,1.0,0.111,1.0,0.111,1.0,1.0,1.25,1.0,2.0,1.0,2.0,0.0,0.0,0.0,,,,0.0,0.0,0.0,1.0,6.0,0.0,0.833,0.5,0.857,3.0,13.0,1.0,0.0,0.0,1.0,0.0,0.0,0.0,0.0,0.0,1.0,0.0,0.0,0.0,6.0,1.0,1.0,0.0,0.0,1.0,0.0,1.0,0.0,7.0,0.857,F-C,186.0,100.0,0.534,0.538,0.592,-0.054,1.0,0.0,,0.857,,,0.0,0.0,0.0,6.0,0.0,0.0,,0.0,0.0,0.0,0.0,1.0,7.0,0.0,1.0,,,1.0,0.0,MIA,0.0,0.0,1.0,,0.0,0.0,0.0,0.0,2014,21300798,,DAL,MIA,20140218.0,2013-14,False,MIA,DAL,,,,,,,,,,,,,,,,,,,,,,,,,,,,,,,,,,,,,,,,,,,,,,,,,,,,,,,,,,,,,,,,,,,,,,,,,,,,,,,,,,,,,,,,,,,
2365,Chris Andersen,Chris,1610612748,MIA,35.0,1,1,0,1.0,18.366666666666667,3,5,0.6,0,0,0.0,3,3,1.0,0,3,3,0,2,0,2,0,1,3,9,-7,16.6,0,0,16.0,1,1,1,1,93,75,88,32,57,84,57,29,42,1,76,43,62,97,29,68,4,1,23,29,73,114,81,8,2,81,,119,0.091,5.0,113.4,112.1,123.5,0.109,0.15,51,25.0,33,0.0,133,47,53,0.712,78,71.87,75,112.1,116,89.22,59,94,0.0,38,0.0,117,86.24,133.3,133.3,76,34,3.0,121,86.24,45,0.0,119,-21.2,-10.1,0.233,0.6,50,137,116,97,137,39,88,97,51,-21.2,0.222,133,24.0,1.0,0.0,0.0,0.0,15.0,0.0,0.0,12.0,0.0,1.0,0.0,0.0,0.0,0.0,1.0,0.0,0.0,0.0,0.0,0.0,1.0,0.0,0.0,0.0,0.0,0.0,2.0,6.0,22.0,9.0,0.6,1.0,0.667,1.54,0.0,0.0,11.0,0.409,0.32,1.0,4.9,7.0,4.9,2.0,1.0,0.3,1.0,0.0,0.0,0.5,10.0,0.0,0.0,2.0,0.0,1.0,0.0,0.333,0.333,3.0,0.429,0.333,0.0,1.0,0.0,1.0,0.2,0.0,0.0,1.0,1.0,1.0,MIA,1.0,0.2,1.0,1.0,1610612748.0,,2.0,0.4,0.0,0.5,0.0,1.0,0.4,2.0,0.5,,1.0,0.5,0.0,1.0,0.0,1.0,0.0,0.2,1.0,1.0,1.0,0.0,0.2,1.0,1.0,,0.2,0.0,0.0,0.2,0.0,0.0,0.0,,0.0,1.0,1.0,0.0,0.0,0.0,,0.0,,,,,0.0,0.0,0.0,2.0,0.0,0.6,0.0,0.667,0.0,4.0,0.0,0.0,0.0,0.0,0.0,1.0,0.0,0.0,0.0,0.0,0.0,0.0,0.0,3.0,0.0,0.0,0.0,0.0,0.0,0.0,1.0,0.0,3.0,1.0,F-C,222.0,115.0,0.524,0.518,0.591,-0.073,1.0,0.0,,0.75,,,0.0,0.0,0.0,3.0,0.0,0.0,,0.0,0.0,0.0,0.0,0.0,4.0,0.0,0.0,,,0.0,0.0,MIA,0.0,0.0,1.0,,,,0.0,0.0,2014,21300945,,MIA,WAS,20140310.0,2013-14,False,MIA,WAS,,,,,,,,,,,,,,,,,,,,,,,,,,,,,,,,,,,,,,,,,,,,,,,,,,,,,,,,,,,,,,,,,,,,,,,,,,,,,,,,,,,,,,,,,,,
2365,Chris Andersen,Chris,1610612748,MIA,35.0,1,1,0,1.0,21.4,0,2,0.0,0,0,0.0,3,6,0.5,3,5,8,1,2,0,1,1,3,4,3,-6,15.1,0,0,14.0,1,1,1,1,60,87,82,87,42,62,42,21,10,52,6,24,17,50,24,42,7,78,53,16,80,76,61,12,3,61,,96,0.186,2.0,78.6,84.2,93.8,0.018,0.294,90,25.0,38,0.115,99,7,8,0.323,54,72.9,87,84.2,73,91.11,78,79,0.5,71,0.091,25,87.48,95.0,95.0,13,81,0.0,91,87.48,87,12.5,95,-10.8,-15.2,0.145,0.0,95,25,73,50,25,65,82,49,90,-10.8,0.152,99,26.2,3.0,1.0,0.083,4.0,24.0,0.042,0.0,10.0,2.0,0.0,0.0,0.0,0.0,0.0,0.0,0.0,0.0,0.0,0.0,0.0,0.0,0.0,0.0,0.0,0.0,0.0,2.0,4.0,27.0,3.0,0.5,0.0,0.0,1.22,0.0,0.0,12.0,0.111,0.15,5.0,5.7,5.0,4.5,2.0,0.0,0.471,0.0,0.667,0.25,1.0,17.0,2.0,1.0,3.0,0.0,3.0,0.25,0.6,0.471,12.0,1.0,0.625,7.7,,,,,,,,,,,,,,,,,1.0,1.0,0.0,0.0,0.0,0.0,1.0,1.0,0.0,,0.0,0.0,0.0,,,,,,,,,,,,,,,,,,,,,,,,,,,0.0,,0.0,,,,,0.0,0.0,0.0,0.0,0.0,0.0,0.0,0.0,0.0,0.0,0.0,0.0,0.0,0.0,0.0,0.0,0.0,0.0,0.0,0.0,0.0,0.0,0.0,0.0,0.0,0.0,0.0,0.0,0.0,0.0,0.0,0.0,2.0,0.0,F-C,243.0,131.0,0.527,0.539,0.592,-0.053,0.0,0.0,,0.0,,,0.0,0.0,0.0,0.0,0.0,0.0,,0.0,0.0,0.0,0.0,0.0,2.0,0.0,0.0,,,0.0,0.0,MIA,0.0,0.0,0.0,,,,,0.0,2014,21301003,,CLE,MIA,20140318.0,2013-14,False,MIA,CLE,,,,,,,,,,,,,,,,,,,,,,,,,,,,,,,,,,,,,,,,,,,,,,,,,,,,,,,,,,,,,,,,,,,,,,,,,,,,,,,,,,,,,,,,,,,
2365,Chris Andersen,Chris,1610612748,MIA,35.0,1,1,0,1.0,19.183333333333334,2,4,0.5,0,0,0.0,1,1,1.0,3,1,4,0,2,0,1,0,3,4,5,9,10.8,0,0,11.0,1,1,1,1,130,121,139,62,76,131,76,87,117,1,15,149,71,146,40,101,16,1,149,26,132,26,145,22,2,139,,205,0.129,4.0,126.2,122.9,100.5,0.018,0.067,23,33.3,35,0.188,208,150,48,0.563,108,70.89,121,122.9,36,84.97,165,24,0.0,128,0.0,114,85.07,103.0,103.0,6,86,2.0,209,85.07,85,0.0,205,19.8,25.7,0.169,0.5,20,125,36,146,125,143,139,146,23,19.8,0.15,208,31.1,0.0,0.0,0.0,0.0,15.0,0.0,0.0,7.0,0.0,0.0,0.0,0.0,0.0,0.0,0.0,0.0,0.0,0.0,0.0,0.0,0.0,0.0,0.0,0.0,0.0,0.0,2.0,4.0,20.0,5.0,0.5,0.0,0.5,1.64,0.0,0.0,10.0,0.25,0.25,3.0,4.0,6.0,2.8,1.0,0.0,0.364,0.0,0.667,0.6,0.167,11.0,2.0,1.0,2.0,0.0,1.0,0.6,1.0,0.364,5.0,0.167,0.75,4.9,0.0,0.0,1.0,0.25,0.0,0.0,0.0,0.0,1.0,MIA,0.0,0.25,0.0,1.0,1610612748.0,,2.0,0.5,0.0,0.5,0.0,1.0,0.5,2.0,0.5,,1.0,0.5,0.0,,,,,,,,,,,,,,0.25,0.0,1.0,0.25,0.0,0.0,1.0,,1.0,1.0,1.0,1.0,1.0,0.0,,0.0,,,,,0.0,0.0,0.0,0.0,0.0,0.5,0.0,0.333,0.0,2.0,0.0,0.0,0.0,0.0,0.0,1.0,0.0,0.0,0.0,0.0,0.0,0.0,0.0,2.0,0.0,0.0,0.0,0.0,0.0,0.0,0.0,0.0,3.0,0.667,F-C,246.0,132.0,0.521,0.537,0.592,-0.055,0.0,0.0,,0.5,,,0.0,0.0,0.0,2.0,0.0,0.0,,0.0,0.0,0.0,0.0,0.0,4.0,0.0,0.0,,,0.0,0.0,MIA,0.0,0.0,0.0,,,,,0.0,2014,21301027,,MIA,MEM,20140321.0,2013-14,False,MIA,MEM,,,,,,,,,,,,,,,,,,,,,,,,,,,,,,,,,,,,,,,,,,,,,,,,,,,,,,,,,,,,,,,,,,,,,,,,,,,,,,,,,,,,,,,,,,,
2365,Chris Andersen,Chris,1610612748,MIA,35.0,1,1,0,1.0,23.251666666666665,4,8,0.5,0,0,0.0,5,6,0.833,5,6,11,0,1,1,2,1,5,4,13,-11,34.2,1,0,30.0,1,1,1,1,116,68,91,61,93,129,93,18,16,55,2,22,6,139,67,42,6,149,201,22,60,180,32,1,1,34,,114,0.204,8.0,87.4,88.4,117.8,0.207,0.261,169,8.3,43,0.161,175,20,13,0.611,101,73.97,68,88.4,172,87.82,23,178,0.0,71,0.0,165,88.77,114.0,114.0,13,62,4.0,182,88.77,81,0.0,108,-25.6,-30.4,0.222,0.5,174,140,172,139,140,62,91,139,169,-25.6,0.222,175,8.6,1.0,0.0,0.0,0.0,21.0,0.0,0.0,12.0,0.0,0.0,1.0,0.0,0.0,0.0,0.0,0.0,0.0,0.0,0.0,0.0,1.0,0.0,0.0,0.0,0.0,0.0,4.0,11.0,34.0,13.0,0.9,2.0,1.0,1.58,0.0,0.0,15.0,0.382,0.32,9.0,3.6,12.0,3.3,1.0,2.0,0.55,3.0,0.8,0.625,0.6,20.0,4.0,1.0,2.0,1.0,5.0,0.714,0.833,0.647,8.0,0.5,0.818,3.9,0.75,0.0,1.0,0.571,0.0,0.0,3.0,3.0,4.0,MIA,0.75,0.571,0.75,4.0,1610612748.0,,3.0,0.429,0.0,0.333,0.0,1.0,0.429,3.0,0.333,,1.0,0.333,0.0,,,,,,,,,,,,,,,,,,,,,,,,,,,0.0,,0.0,,,,,0.0,0.0,1.0,8.0,0.0,0.5,0.0,0.5,0.0,11.0,0.0,0.0,0.0,0.0,0.0,1.0,0.0,0.0,0.0,0.0,0.0,0.0,0.0,4.0,0.0,0.0,0.0,0.0,0.0,0.0,0.0,0.0,7.0,0.571,F-C,253.0,133.0,0.524,0.526,0.591,-0.065,0.0,0.0,,0.571,,,0.0,0.0,0.0,4.0,0.0,0.0,,0.0,0.0,0.0,0.0,0.0,7.0,1.0,0.0,,,0.0,0.0,MIA,0.0,0.0,0.0,,,,,0.0,2014,21301049,,MIA,POR,20140324.0,2013-14,False,MIA,POR,,,,,,,,,,,,,,,,,,,,,,,,,,,,,,,,,,,,,,,,,,,,,,,,,,,,,,,,,,,,,,,,,,,,,,,,,,,,,,,,,,,,,,,,,,,
2365,Chris Andersen,Chris,1610612748,MIA,35.0,1,0,1,0.0,18.721666666666668,1,1,1.0,0,0,0.0,1,2,0.5,0,4,4,0,0,0,3,0,1,2,3,0,16.8,0,0,13.0,1,101,101,101,134,144,180,1,80,121,80,76,56,82,101,48,69,135,129,91,3,1,29,60,149,96,110,19,1,121,,1,0.129,1.0,88.2,88.9,87.6,0.163,0.2,156,0.0,36,0.0,91,44,43,0.798,105,76.92,144,88.9,96,93.33,33,98,0.0,188,0.0,26,92.3,88.9,88.9,101,22,1.0,91,92.3,5,0.0,1,0.0,0.6,0.05,1.0,160,26,96,135,26,187,180,135,156,0.0,0.053,91,0.0,0.0,0.0,0.0,0.0,12.0,0.0,0.0,6.0,0.0,0.0,0.0,0.0,0.0,0.0,0.0,0.0,0.0,0.0,0.0,0.0,0.0,0.0,0.0,0.0,0.0,0.0,0.0,3.0,15.0,3.0,0.3,0.0,1.0,1.21,0.0,0.0,6.0,0.2,0.0,2.0,2.8,14.0,2.8,2.0,2.0,0.235,2.0,0.0,0.0,0.333,17.0,0.0,0.0,2.0,0.0,2.0,0.0,0.5,0.267,3.0,0.286,0.5,0.0,1.0,0.0,1.0,1.0,0.0,0.0,1.0,1.0,1.0,MIA,1.0,1.0,1.0,1.0,1610612748.0,,,,,,,,,,,,,,,,,,,,,,,,,,,,,,,,,,,,,,,,,0.0,,0.0,,,,,0.0,0.0,0.0,0.0,0.0,1.0,0.0,1.0,0.0,3.0,0.0,0.0,0.0,0.0,0.0,0.0,0.0,0.0,0.0,0.0,0.0,0.0,0.0,1.0,0.0,0.0,0.0,0.0,0.0,0.0,0.0,0.0,1.0,1.0,F-C,259.0,136.0,0.526,0.525,0.59,-0.065,0.0,0.0,,1.0,0.0,,0.0,0.0,0.0,1.0,0.0,0.0,,0.0,0.0,0.0,0.0,0.0,1.0,0.0,0.0,0.0,0.0,0.0,0.0,MIA,0.0,0.0,0.0,,,,,0.0,2014,21301067,,IND,MIA,20140326.0,2013-14,False,MIA,IND,,,,,,,,,,,,,,,,,,,,,,,,,,,,,,,,,,,,,,,,,,,,,,,,,,,,,,,,,,,,,,,,,,,,,,,,,,,,,,,,,,,,,,,,,,,
2365,Chris Andersen,Chris,1610612748,MIA,35.0,1,1,0,1.0,22.28333333333333,3,8,0.375,0,0,0.0,2,4,0.5,5,9,14,0,0,1,2,1,0,2,8,8,33.8,0,0,28.0,1,1,1,1,68,57,48,78,49,83,49,31,25,54,2,4,2,87,83,23,8,76,1,41,62,33,19,9,1,31,,1,0.311,8.0,113.0,113.9,88.7,0.259,0.375,38,0.0,36,0.238,122,5,2,0.41,61,66.42,57,113.9,26,79.14,5,32,0.0,48,0.0,23,79.7,86.8,86.8,3,89,3.0,123,79.7,84,0.0,1,27.0,24.3,0.216,0.375,37,20,26,87,20,43,48,87,38,27.0,0.217,122,0.0,0.0,0.0,0.0,0.0,17.0,0.0,0.0,6.0,0.0,0.0,0.0,0.0,0.0,0.0,0.0,0.0,0.0,0.0,0.0,0.0,0.0,0.0,0.0,0.0,0.0,0.0,0.0,9.0,27.0,8.0,0.6,0.0,0.889,1.29,1.0,1.0,11.0,0.296,0.04,9.0,4.9,12.0,6.5,5.0,1.0,0.7,1.0,1.0,0.625,0.818,20.0,5.0,0.0,5.0,0.0,4.0,0.625,0.444,0.737,8.0,0.75,0.643,2.0,0.75,0.0,1.0,0.571,0.0,0.0,3.0,3.0,4.0,MIA,0.75,0.571,0.75,4.0,1610612748.0,,2.0,0.286,0.0,0.0,0.0,0.0,0.286,2.0,0.0,,0.0,0.0,0.0,1.0,0.0,0.0,0.0,0.143,0.0,0.0,0.0,0.0,0.143,1.0,0.0,,,,,,,,,,,,,,,0.0,,0.0,,,,,0.0,1.0,0.0,0.0,0.0,0.375,0.0,0.5,0.0,8.0,0.0,,0.0,0.0,0.0,0.0,0.0,0.0,0.0,0.0,0.0,0.0,0.0,3.0,0.0,0.0,0.0,,0.0,,2.0,0.0,6.0,0.5,F-C,273.0,141.0,0.535,0.516,0.589,-0.073,1.0,0.0,,0.5,,,,0.0,0.0,3.0,,0.0,,,0.0,0.0,0.0,0.0,6.0,0.0,0.0,,,0.0,0.0,MIA,0.0,1.0,2.0,,,,0.0,0.0,2014,21301091,,MIL,MIA,20140329.0,2013-14,False,MIA,MIL,,,,,,,,,,,,,,,,,,,,,,,,,,,,,,,,,,,,,,,,,,,,,,,,,,,,,,,,,,,,,,,,,,,,,,,,,,,,,,,,,,,,,,,,,,,
2365,Chris Andersen,Chris,1610612748,MIA,35.0,1,1,0,1.0,25.19333333333333,5,5,1.0,0,0,0.0,3,3,1.0,3,4,7,0,1,0,2,0,3,2,13,-4,26.4,0,0,24.0,1,1,1,1,97,52,122,1,79,126,79,30,44,1,16,46,33,133,71,101,10,1,137,59,60,123,56,20,1,63,,139,0.189,5.0,99.1,95.5,105.4,0.22,0.222,132,14.3,44,0.158,197,36,21,1.028,104,68.27,52,95.5,136,81.96,17,115,0.0,134,0.0,111,81.93,109.5,109.5,15,7,5.0,198,81.93,2,0.0,139,-14.1,-6.4,0.158,1.0,124,134,136,133,134,145,122,133,132,-14.1,0.146,197,13.7,0.0,0.0,0.0,0.0,16.0,0.0,0.0,8.0,0.0,0.0,0.0,0.0,0.0,0.0,0.0,0.0,0.0,0.0,0.0,0.0,0.0,0.0,0.0,0.0,0.0,0.0,2.0,6.0,22.0,13.0,0.6,1.5,1.5,1.62,0.0,0.0,9.0,0.591,0.41,3.0,5.8,7.0,6.3,4.0,1.0,0.538,1.0,1.0,0.5,0.667,13.0,3.0,0.0,4.0,0.0,0.0,0.5,0.0,0.583,6.0,0.571,0.429,5.1,1.0,0.0,1.0,0.4,0.0,0.0,2.0,2.0,2.0,MIA,1.0,0.4,1.0,2.0,1610612748.0,,2.0,0.4,0.0,1.0,0.0,2.0,0.4,2.0,1.0,,2.0,1.0,0.0,1.0,0.0,1.0,0.0,0.2,1.0,1.0,1.0,0.0,0.2,1.0,1.0,,,,,,,,,,,,,,,0.0,,0.0,,,,,0.0,0.0,1.0,3.0,0.0,1.0,0.0,1.0,0.0,9.0,0.0,,0.0,0.0,0.0,0.0,0.0,0.0,0.0,0.0,0.0,0.0,0.0,5.0,0.0,0.0,0.0,,0.0,,0.0,0.0,5.0,1.0,F-C,275.0,143.0,0.534,0.52,0.589,-0.069,0.0,0.0,0.0,1.0,,0.0,0.0,0.0,0.0,5.0,0.0,0.0,0.0,0.0,0.0,0.0,0.0,0.0,5.0,0.0,0.0,,,0.0,0.0,MIA,0.0,0.0,0.0,,,,,0.0,2014,21301105,,MIA,TOR,20140331.0,2013-14,False,MIA,TOR,,,,,,,,,,,,,,,,,,,,,,,,,,,,,,,,,,,,,,,,,,,,,,,,,,,,,,,,,,,,,,,,,,,,,,,,,,,,,,,,,,,,,,,,,,,
2365,Chris Andersen,Chris,1610612748,MIA,35.0,1,1,0,1.0,17.533333333333335,2,4,0.5,0,1,0.0,4,4,1.0,2,5,7,0,1,1,2,0,1,3,8,15,24.4,0,0,21.0,1,1,1,1,190,169,192,101,113,125,113,31,49,1,28,40,34,192,88,45,9,1,50,49,138,33,86,17,2,105,,205,0.25,4.0,124.8,123.3,73.3,0.273,0.313,51,14.3,30,0.167,275,19,8,0.694,141,67.3,169,123.3,15,81.64,11,11,0.0,112,0.0,11,80.76,75.9,75.9,11,61,2.0,273,80.76,126,0.0,198,47.5,51.5,0.207,0.5,49,13,15,192,13,101,192,192,51,47.5,0.212,275,14.8,0.0,0.0,0.083,0.0,12.0,0.0,1.0,9.0,1.0,0.0,0.0,0.0,0.0,0.0,0.0,0.0,0.0,0.0,0.0,0.0,0.0,0.0,0.0,0.0,0.0,0.0,1.0,7.0,20.0,8.0,0.4,0.0,0.857,1.34,0.0,0.0,10.0,0.4,0.1,1.0,4.2,8.0,3.7,5.0,1.0,0.538,1.0,0.5,0.4,0.714,13.0,1.0,1.0,6.0,0.0,0.0,0.4,0.0,0.583,5.0,0.625,0.143,5.5,0.0,0.0,1.0,0.25,0.0,0.0,0.0,0.0,1.0,MIA,0.0,0.25,0.0,1.0,1610612748.0,,0.0,0.0,1.0,,0.25,0.0,0.25,1.0,0.0,0.0,0.0,0.0,0.0,2.0,0.0,1.0,0.0,0.5,2.0,2.0,1.0,0.0,0.5,2.0,1.0,,,,,,,,,,,,,,,0.0,0.0,0.0,,,,0.0,0.0,0.0,0.0,0.0,0.0,0.5,0.0,0.667,0.0,6.0,0.0,1.0,0.0,0.0,0.0,0.0,0.0,0.0,0.0,0.0,0.0,0.0,0.0,2.0,0.0,0.0,0.0,0.0,0.0,0.0,0.0,0.0,3.0,0.667,F-C,279.0,145.0,0.534,0.52,0.59,-0.07,0.0,0.0,,0.667,0.0,,0.0,0.0,0.0,2.0,1.0,0.0,,0.0,0.0,0.0,0.0,0.0,3.0,0.0,0.0,0.0,0.0,0.0,0.0,MIA,0.0,0.0,1.0,0.0,1.0,0.0,0.0,0.0,2014,21301121,,MIA,MIL,20140402.0,2013-14,False,MIA,MIL,,,,,,,,,,,,,,,,,,,,,,,,,,,,,,,,,,,,,,,,,,,,,,,,,,,,,,,,,,,,,,,,,,,,,,,,,,,,,,,,,,,,,,,,,,,
2365,Chris Andersen,Chris,1610612748,MIA,35.0,1,0,1,0.0,21.83333333333333,4,8,0.5,0,0,0.0,0,0,0.0,5,3,8,0,1,0,0,0,2,0,8,2,16.6,0,0,16.0,1,140,140,140,170,98,127,74,112,168,112,156,160,156,6,105,41,194,108,128,86,1,107,205,140,113,157,26,3,153,,167,0.182,8.0,102.5,102.4,94.6,0.094,0.158,155,11.1,41,0.2,177,91,20,0.5,147,76.95,98,102.4,92,91.5,123,96,0.0,138,0.0,65,92.34,93.0,93.0,7,136,4.0,201,92.34,93,0.0,164,9.4,7.9,0.192,0.5,141,53,92,194,53,138,127,194,155,9.4,0.188,177,11.1,1.0,0.0,0.0,0.0,14.0,0.0,0.0,9.0,0.0,0.0,0.0,0.0,0.0,0.0,0.0,0.0,0.0,0.0,0.0,0.0,0.0,0.0,0.0,0.0,0.0,0.0,0.0,8.0,24.0,8.0,0.6,0.0,0.75,1.54,0.0,1.0,13.0,0.333,0.04,5.0,4.6,5.0,6.0,3.0,2.0,0.471,2.0,1.0,0.417,1.0,17.0,5.0,0.0,3.0,0.0,0.0,0.417,0.0,0.533,12.0,0.6,0.625,3.7,0.0,0.0,1.0,0.25,0.0,0.0,0.0,0.0,2.0,MIA,0.0,0.25,0.0,2.0,1610612748.0,,4.0,0.5,0.0,0.75,0.0,3.0,0.5,4.0,0.75,,3.0,0.75,0.0,1.0,0.0,1.0,0.0,0.125,1.0,1.0,1.0,0.0,0.125,1.0,1.0,,0.125,0.0,0.0,0.125,0.0,0.0,0.0,,0.0,1.0,1.0,0.0,0.0,0.0,,0.0,,,,,0.0,0.0,0.0,0.0,0.0,0.5,0.0,0.5,0.0,6.0,0.0,0.0,0.0,0.0,0.0,0.0,0.0,0.0,0.0,0.0,0.0,0.0,0.0,4.0,0.0,0.0,0.0,0.0,0.0,0.0,1.0,0.0,7.0,0.571,F-C,284.0,149.0,0.535,0.525,0.59,-0.065,0.0,0.0,,0.571,,,0.0,0.0,0.0,4.0,0.0,0.0,,0.0,0.0,0.0,0.0,0.0,7.0,0.0,0.0,,,0.0,0.0,MIA,0.0,1.0,1.0,,,,0.0,0.0,2014,21301135,,MIA,MIN,20140404.0,2013-14,False,MIA,MIN,,,,,,,,,,,,,,,,,,,,,,,,,,,,,,,,,,,,,,,,,,,,,,,,,,,,,,,,,,,,,,,,,,,,,,,,,,,,,,,,,,,,,,,,,,,
2365,Chris Andersen,Chris,1610612748,MIA,35.0,1,1,0,1.0,16.183333333333334,1,4,0.25,0,0,0.0,3,4,0.75,2,4,6,0,2,0,1,1,4,4,5,-9,13.2,0,0,13.0,1,1,1,1,202,196,185,206,102,161,102,54,43,95,31,68,57,191,40,130,28,182,218,37,168,214,180,27,2,174,,247,0.214,4.0,78.6,79.3,116.3,0.014,0.364,242,25.0,29,0.118,262,10,14,0.434,143,70.44,196,79.3,242,84.23,208,245,0.0,72,0.0,197,84.53,114.3,114.3,29,171,1.0,250,84.53,211,0.0,242,-35.0,-37.7,0.24,0.25,244,183,242,191,183,74,185,191,242,-35.0,0.229,262,25.8,1.0,0.0,0.0,0.0,12.0,0.0,0.0,11.0,0.0,0.0,0.0,0.0,0.0,0.0,0.0,0.0,0.0,0.0,0.0,0.0,0.0,0.0,0.0,0.0,0.0,0.0,1.0,7.0,19.0,5.0,0.4,0.0,0.429,1.37,0.0,0.0,12.0,0.263,0.32,2.0,5.7,9.0,4.3,3.0,1.0,0.273,2.0,0.5,0.154,0.5,22.0,1.0,1.0,4.0,1.0,1.0,0.167,0.25,0.3,13.0,0.444,0.333,8.7,0.0,0.0,1.0,0.333,0.0,0.0,0.0,0.0,1.0,MIA,0.0,0.333,0.0,1.0,1610612748.0,,1.0,0.333,0.0,1.0,0.0,1.0,0.333,1.0,1.0,,1.0,1.0,0.0,,,,,,,,,,,,,,0.333,0.0,0.0,0.333,0.0,0.0,0.0,,0.0,1.0,1.0,0.0,0.0,0.0,,0.0,,,,,0.0,0.0,0.0,0.0,0.0,0.25,0.0,0.5,0.0,3.0,0.0,,0.0,0.0,0.0,0.0,0.0,0.0,0.0,0.0,0.0,0.0,0.0,1.0,0.0,0.0,0.0,,0.0,,1.0,0.0,3.0,0.333,F-C,289.0,151.0,0.534,0.522,0.59,-0.067,1.0,0.0,,0.333,,,,0.0,0.0,1.0,,0.0,,,0.0,0.0,0.0,0.0,3.0,0.0,0.0,,,0.0,0.0,MIA,0.0,0.0,1.0,,,,0.0,0.0,2014,21301180,,MIA,IND,20140411.0,2013-14,False,MIA,IND,,,,,,,,,,,,,,,,,,,,,,,,,,,,,,,,,,,,,,,,,,,,,,,,,,,,,,,,,,,,,,,,,,,,,,,,,,,,,,,,,,,,,,,,,,,
2365,Chris Andersen,Chris,1610612748,MIA,35.0,1,0,1,0.0,19.616666666666667,1,2,0.5,0,0,0.0,0,0,0.0,1,6,7,0,1,0,2,0,0,2,2,4,15.4,0,0,13.0,1,83,83,83,105,108,128,44,66,97,66,98,100,98,36,19,26,118,55,77,5,1,1,62,127,47,95,16,1,102,,147,0.2,2.0,106.9,109.8,99.8,0.099,0.273,50,33.3,41,0.077,30,12,8,0.5,90,83.6,108,109.8,45,101.74,75,53,0.0,145,0.0,57,100.32,100.0,100.0,25,90,1.0,25,100.32,65,0.0,147,9.8,7.1,0.07,0.5,60,52,45,118,52,146,128,118,50,9.8,0.07,30,33.3,3.0,0.0,0.0,0.0,14.0,0.0,0.0,8.0,0.0,0.0,0.0,0.0,0.0,0.0,0.0,0.0,0.0,0.0,0.0,1.0,1.0,0.0,0.0,0.0,1.0,0.0,1.0,3.0,18.0,2.0,0.5,0.0,0.667,1.5,0.0,0.0,7.0,0.111,0.17,3.0,4.2,10.0,4.5,4.0,1.0,0.583,1.0,1.0,0.5,0.667,12.0,1.0,0.0,4.0,0.0,2.0,0.5,0.333,0.636,2.0,0.6,0.429,2.3,,,,,,,,,,,,,,,,,2.0,1.0,0.0,0.5,0.0,1.0,1.0,2.0,0.5,,1.0,0.5,0.0,,,,,,,,,,,,,,,,,,,,,,,,,,,0.0,,0.0,,,,,0.0,0.0,0.0,0.0,0.0,0.5,0.0,0.5,0.0,2.0,0.0,0.0,0.0,0.0,0.0,0.0,0.0,0.0,0.0,0.0,0.0,0.0,0.0,1.0,0.0,0.0,0.0,0.0,0.0,0.0,0.0,0.0,2.0,0.5,F-C,293.0,152.0,0.531,0.519,0.59,-0.071,0.0,0.0,0.0,0.5,,0.0,0.0,0.0,0.0,1.0,0.0,0.0,0.0,0.0,0.0,0.0,0.0,0.0,2.0,0.0,0.0,,,0.0,0.0,MIA,0.0,0.0,0.0,,,,,0.0,2014,21301192,,ATL,MIA,20140412.0,2013-14,False,MIA,ATL,,,,,,,,,,,,,,,,,,,,,,,,,,,,,,,,,,,,,,,,,,,,,,,,,,,,,,,,,,,,,,,,,,,,,,,,,,,,,,,,,,,,,,,,,,,
2365,Chris Andersen,Chris,1610612748,MIA,35.0,1,0,1,0.0,7.083333333333333,0,1,0.0,0,0,0.0,0,0,0.0,0,1,1,0,0,0,1,1,2,0,0,-5,4.2,0,0,3.0,1,105,105,105,184,179,183,179,82,127,82,122,132,122,95,131,149,151,126,95,18,143,91,158,182,133,175,17,1,183,,1,0.1,1.0,132.0,130.8,178.6,-0.035,0.333,20,0.0,13,0.0,200,11,68,0.0,111,70.59,179,130.8,192,85.38,192,189,0.0,190,0.0,201,84.71,183.3,183.3,95,182,0.0,190,84.71,179,0.0,1,-52.6,-46.6,0.067,0.0,22,201,192,151,201,192,183,151,20,-52.6,0.063,200,0.0,0.0,0.0,0.0,0.0,6.0,0.0,0.0,3.0,0.0,0.0,0.0,0.0,0.0,0.0,0.0,0.0,0.0,0.0,0.0,0.0,0.0,0.0,0.0,0.0,0.0,0.0,1.0,1.0,8.0,0.0,0.2,0.0,0.0,1.81,0.0,0.0,2.0,0.0,0.0,1.0,2.4,1.0,2.4,0.0,0.0,0.25,1.0,0.0,0.0,1.0,4.0,0.0,0.0,0.0,1.0,1.0,0.0,1.0,0.333,3.0,1.0,1.0,0.0,,,,,,,,,,,,,,,,,,,,,,,,,,,,,,,,,,,,,,,,,,,,,,,,,,,,,,,,0.0,,0.0,,,,,0.0,0.0,0.0,0.0,0.0,0.0,0.0,0.0,0.0,0.0,0.0,,0.0,0.0,0.0,0.0,0.0,0.0,,0.0,,,0.0,0.0,0.0,0.0,0.0,,0.0,,0.0,0.0,1.0,0.0,F-C,296.0,155.0,0.532,0.524,0.59,-0.066,0.0,0.0,,0.0,,,,0.0,0.0,0.0,,0.0,,,0.0,0.0,0.0,0.0,1.0,0.0,0.0,,,0.0,0.0,MIA,0.0,0.0,0.0,,,,,0.0,2014,21301206,,WAS,MIA,20140414.0,2013-14,False,MIA,WAS,,,,,,,,,,,,,,,,,,,,,,,,,,,,,,,,,,,,,,,,,,,,,,,,,,,,,,,,,,,,,,,,,,,,,,,,,,,,,,,,,,,,,,,,,,,
2365,Chris Andersen,Chris,1610612748,MIA,35.0,1,1,0,1.0,19.466666666666665,5,8,0.625,0,0,0.0,1,2,0.5,2,5,7,0,0,0,1,0,1,2,11,13,22.4,0,0,20.0,1,1,1,1,113,39,77,30,62,115,62,78,57,78,27,29,28,131,140,94,13,1,37,56,66,22,70,15,1,79,,1,0.175,8.0,125.4,128.9,90.9,0.185,0.227,13,0.0,38,0.111,82,33,23,0.619,105,80.14,39,128.9,16,97.0,31,21,0.0,88,0.0,59,96.16,90.0,90.0,23,49,5.0,66,96.16,44,0.0,1,38.9,34.5,0.201,0.625,22,55,16,131,55,83,77,131,13,38.9,0.205,82,0.0,0.0,0.0,0.0,0.0,12.0,0.0,0.0,9.0,0.0,0.0,0.0,1.0,0.0,1.0,0.0,0.0,2.0,1.0,0.0,0.0,1.0,0.5,1.0,0.0,0.0,1.0,0.0,8.0,22.0,11.0,0.5,0.0,1.25,1.49,0.0,0.0,11.0,0.5,0.32,3.0,3.5,9.0,3.3,3.0,0.0,0.583,0.0,0.5,0.667,0.556,12.0,1.0,1.0,4.0,0.0,2.0,0.667,0.4,0.583,3.0,0.556,0.429,3.9,0.667,0.0,1.0,0.375,0.0,0.0,2.0,2.0,3.0,MIA,0.667,0.375,0.667,3.0,1610612748.0,,5.0,0.625,0.0,0.6,0.0,3.0,0.625,5.0,0.6,,3.0,0.6,0.0,,,,,,,,,,,,,,,,,,,,,,,,,,,0.0,,0.0,,,,,0.0,0.0,0.0,0.0,0.0,0.625,0.0,0.714,0.0,10.0,0.0,,0.0,0.0,0.0,1.0,0.0,0.0,0.0,0.0,0.0,0.0,0.0,5.0,0.0,0.0,0.0,,0.0,,0.0,0.0,7.0,0.714,F-C,54.0,27.0,0.593,0.5,0.582,-0.082,0.0,0.0,,0.714,0.0,,,0.0,0.0,5.0,,0.0,,,0.0,0.0,0.0,0.0,7.0,1.0,0.0,0.0,0.0,0.0,0.0,MIA,0.0,0.0,0.0,,,,,0.0,2014,21300205,,MIA,PHX,20131125.0,2013-14,False,MIA,PHX,,,,,,,,,,,,,,,,,,,,,,,,,,,,,,,,,,,,,,,,,,,,,,,,,,,,,,,,,,,,,,,,,,,,,,,,,,,,,,,,,,,,,,,,,,,
2365,Chris Andersen,Chris,1610612748,MIA,35.0,1,0,1,0.0,15.966666666666669,2,5,0.4,0,1,0.0,4,4,1.0,3,1,4,1,0,1,0,0,1,3,8,4,17.3,0,0,15.0,1,86,86,86,121,102,104,92,60,80,60,23,34,1,10,110,60,73,106,32,55,1,27,36,85,49,92,14,3,95,,1,0.133,5.0,125.5,121.9,108.0,0.148,0.067,21,0.0,32,0.2,50,114,37,0.592,82,80.17,102,121.9,46,95.42,37,37,0.0,81,0.083,94,96.2,109.4,109.4,6,62,2.0,58,96.2,103,12.5,1,12.5,17.5,0.187,0.4,15,97,46,87,97,72,104,80,21,12.5,0.189,50,0.0,2.0,0.0,0.071,3.0,14.0,0.071,0.0,11.0,1.0,0.0,0.0,0.0,0.0,0.0,0.0,0.0,0.0,0.0,0.0,0.0,0.0,0.0,0.0,0.0,0.0,0.0,2.0,8.0,21.0,8.0,0.4,1.0,1.0,1.17,0.0,0.0,12.0,0.381,0.33,2.0,2.3,5.0,3.0,0.0,0.0,0.5,0.0,0.333,1.0,0.2,8.0,1.0,0.0,0.0,0.0,1.0,1.0,1.0,0.5,3.0,0.2,0.5,1.6,0.667,0.0,1.0,0.6,0.0,0.0,2.0,2.0,3.0,MIA,0.667,0.6,0.667,3.0,1610612748.0,,1.0,0.2,0.0,0.0,0.0,0.0,0.2,1.0,0.0,,0.0,0.0,0.0,,,,,,,,,,,,,,0.2,0.0,0.0,0.0,1.0,0.2,,0.0,0.0,0.0,1.0,0.0,0.0,0.0,0.0,0.0,,,,0.0,0.0,0.0,0.0,2.0,0.0,0.4,0.0,0.5,0.0,8.0,0.0,,0.0,0.0,0.0,0.0,1.0,0.0,0.0,0.0,0.0,0.0,0.0,2.0,0.0,0.0,0.0,,0.0,,0.0,0.0,4.0,0.5,F-C,68.0,36.0,0.576,0.529,0.578,-0.049,0.0,0.0,0.0,0.5,,0.0,,0.0,0.0,2.0,,0.0,0.0,,0.0,0.0,0.0,1.0,4.0,0.0,0.0,,,0.0,0.0,MIA,0.0,0.0,1.0,0.0,1.0,0.0,0.0,0.0,2014,21300264,,MIA,DET,20131203.0,2013-14,False,MIA,DET,,,,,,,,,,,,,,,,,,,,,,,,,,,,,,,,,,,,,,,,,,,,,,,,,,,,,,,,,,,,,,,,,,,,,,,,,,,,,,,,,,,,,,,,,,,
2365,Chris Andersen,Chris,1610612748,MIA,35.0,1,1,0,1.0,23.433333333333334,4,5,0.8,0,0,0.0,2,2,1.0,2,3,5,1,0,0,1,0,1,3,10,1,20.5,0,0,18.0,1,1,1,1,53,34,61,8,45,70,45,29,36,1,10,31,25,49,71,52,12,1,17,22,41,45,41,9,1,46,,1,0.122,5.0,122.7,119.6,116.1,0.141,0.12,21,0.0,46,0.125,65,59,27,0.85,52,78.52,34,119.6,51,93.57,36,44,0.0,88,0.067,75,94.22,117.4,117.4,12,12,4.0,77,94.22,13,14.3,1,2.2,6.6,0.123,0.8,17,77,51,59,77,87,61,44,21,2.2,0.122,65,0.0,3.0,0.0,0.077,2.0,13.0,0.077,0.0,9.0,1.0,0.0,1.0,2.0,1.0,0.0,0.0,0.0,0.0,0.0,0.0,0.0,1.0,0.0,0.0,1.0,0.0,2.0,1.0,4.0,20.0,10.0,0.5,0.0,1.0,1.59,0.0,0.0,11.0,0.5,0.2,2.0,6.0,9.0,5.1,2.0,0.0,0.357,0.0,0.5,0.4,0.333,14.0,1.0,1.0,3.0,0.0,1.0,0.4,0.333,0.357,5.0,0.333,0.4,7.5,1.0,0.0,1.0,0.4,0.0,0.0,2.0,2.0,2.0,MIA,1.0,0.4,1.0,2.0,1610612748.0,,2.0,0.4,0.0,0.5,0.0,1.0,0.4,2.0,0.5,,1.0,0.5,0.0,1.0,0.0,1.0,0.0,0.2,1.0,1.0,1.0,0.0,0.2,1.0,1.0,,,,,,,,,,,,,,,0.0,,0.0,,,,,0.0,0.0,0.0,0.0,0.0,0.8,0.0,1.0,0.0,4.0,0.0,0.0,0.0,0.0,0.0,0.0,0.0,0.0,0.0,0.0,0.0,0.0,0.0,4.0,0.0,0.0,0.0,0.0,0.0,0.0,0.0,0.0,5.0,0.8,F-C,82.0,43.0,0.59,0.524,0.58,-0.056,0.0,0.0,,0.8,,,0.0,0.0,,4.0,0.0,0.0,,0.0,0.0,0.0,0.0,0.0,5.0,0.0,0.0,,,0.0,0.0,MIA,,,0.0,,,,,0.0,2014,21300300,,DET,MIA,20131208.0,2013-14,False,MIA,DET,,,,,,,,,,,,,,,,,,,,,,,,,,,,,,,,,,,,,,,,,,,,,,,,,,,,,,,,,,,,,,,,,,,,,,,,,,,,,,,,,,,,,,,,,,,
2365,Chris Andersen,Chris,1610612748,MIA,35.0,1,0,1,0.0,17.483333333333334,0,1,0.0,0,0,0.0,2,2,1.0,0,2,2,1,0,0,0,0,1,2,2,6,5.9,0,0,5.0,1,95,95,95,131,164,166,164,68,121,68,54,63,1,112,97,120,87,126,93,62,1,29,62,152,52,160,18,1,161,,1,0.065,1.0,107.6,110.5,91.1,0.058,0.118,63,0.0,38,0.0,16,92,118,0.532,97,86.94,164,110.5,50,107.84,111,47,0.0,178,0.077,45,104.33,94.7,94.7,112,78,0.0,7,104.33,164,33.3,1,15.8,16.5,0.047,0.0,75,57,50,110,57,177,166,14,63,15.8,0.05,16,0.0,2.0,0.0,0.067,2.0,15.0,0.067,0.0,8.0,1.0,0.0,0.0,0.0,0.0,0.0,0.0,0.0,0.0,0.0,0.0,0.0,0.0,0.0,0.0,0.0,0.0,0.0,3.0,3.0,17.0,2.0,0.4,0.667,0.667,1.37,0.0,0.0,5.0,0.118,0.24,0.0,2.8,4.0,2.8,2.0,0.0,0.25,0.0,0.0,0.0,0.5,8.0,0.0,0.0,2.0,0.0,0.0,0.0,0.0,0.25,4.0,0.5,0.0,0.0,0.0,0.0,1.0,1.0,0.0,0.0,0.0,0.0,1.0,MIA,0.0,1.0,0.0,1.0,1610612748.0,,,,,,,,,,,,,,,,,,,,,,,,,,,,,,,,,,,,,,,,,0.0,,0.0,,,,,0.0,0.0,0.0,2.0,0.0,0.0,0.0,0.0,0.0,2.0,0.0,0.0,0.0,0.0,0.0,0.0,0.0,0.0,0.0,0.0,0.0,0.0,0.0,0.0,0.0,0.0,0.0,0.0,0.0,0.0,0.0,0.0,1.0,0.0,F-C,119.0,63.0,0.578,0.529,0.581,-0.051,0.0,0.0,0.0,0.0,,0.0,0.0,0.0,0.0,0.0,0.0,0.0,0.0,0.0,0.0,0.0,0.0,0.0,1.0,0.0,0.0,,,0.0,0.0,MIA,0.0,0.0,0.0,,,,,0.0,2014,21300474,,MIA,GSW,20140102.0,2013-14,False,MIA,GSW,,,,,,,,,,,,,,,,,,,,,,,,,,,,,,,,,,,,,,,,,,,,,,,,,,,,,,,,,,,,,,,,,,,,,,,,,,,,,,,,,,,,,,,,,,,
2365,Chris Andersen,Chris,1610612748,MIA,35.0,1,1,0,1.0,15.883333333333333,2,2,1.0,0,0,0.0,0,0,0.0,1,3,4,0,1,0,0,0,6,0,4,11,7.8,0,0,8.0,1,1,1,1,104,85,122,1,59,91,59,83,87,83,43,56,55,101,52,64,44,1,148,107,102,29,115,13,1,115,,141,0.121,2.0,119.9,126.9,78.3,0.014,0.176,25,33.3,26,0.063,149,41,39,1.0,75,68.0,85,126.9,12,84.01,119,19,0.0,138,0.0,11,81.59,78.6,78.6,41,2,2.0,147,81.59,2,0.0,139,48.4,41.6,0.089,1.0,40,13,12,101,13,137,122,101,25,48.4,0.088,149,33.3,3.0,0.0,0.0,0.0,9.0,0.0,0.0,5.0,0.0,0.0,0.0,0.0,0.0,0.0,0.0,0.0,0.0,0.0,0.0,0.0,0.0,0.0,0.0,0.0,0.0,0.0,2.0,4.0,11.0,4.0,0.2,0.0,1.0,0.86,0.0,0.0,6.0,0.364,0.0,2.0,5.5,8.0,3.5,2.0,1.0,0.308,1.0,1.0,0.2,0.429,13.0,1.0,0.0,2.0,0.0,1.0,0.2,0.333,0.333,5.0,0.375,0.5,11.7,1.0,0.0,1.0,0.5,0.0,0.0,1.0,1.0,1.0,MIA,1.0,0.5,1.0,1.0,1610612748.0,,1.0,0.5,0.0,1.0,0.0,1.0,0.5,1.0,1.0,,1.0,1.0,0.0,,,,,,,,,,,,,,,,,,,,,,,,,,,0.0,,0.0,,,,,0.0,0.0,0.0,0.0,0.0,1.0,0.0,1.0,0.0,4.0,0.0,,0.0,0.0,0.0,0.0,0.0,0.0,0.0,0.0,0.0,0.0,0.0,2.0,0.0,0.0,0.0,,0.0,,0.0,0.0,2.0,1.0,F-C,125.0,68.0,0.573,0.544,0.58,-0.036,0.0,0.0,0.0,1.0,,0.0,,0.0,0.0,2.0,,0.0,0.0,,0.0,0.0,0.0,0.0,2.0,0.0,0.0,,,0.0,0.0,MIA,0.0,0.0,0.0,,,,,0.0,2014,21300500,,MIA,TOR,20140105.0,2013-14,False,MIA,TOR,,,,,,,,,,,,,,,,,,,,,,,,,,,,,,,,,,,,,,,,,,,,,,,,,,,,,,,,,,,,,,,,,,,,,,,,,,,,,,,,,,,,,,,,,,,
2365,Chris Andersen,Chris,1610612748,MIA,35.0,1,1,0,1.0,23.366666666666667,7,7,1.0,0,0,0.0,1,3,0.333,2,5,7,2,0,1,1,0,2,3,15,15,32.4,0,0,28.0,1,1,1,1,134,28,113,1,85,148,85,103,63,135,36,46,36,76,162,40,29,1,91,53,50,27,45,19,1,54,,1,0.171,7.0,127.5,131.8,97.4,0.277,0.208,9,0.0,44,0.118,202,57,37,0.901,130,75.32,28,131.8,20,92.07,9,31,0.0,148,0.143,102,90.39,97.7,97.7,29,14,7.0,173,90.39,3,20.0,1,34.1,30.2,0.168,1.0,20,104,20,95,104,148,113,79,9,34.1,0.16,202,0.0,2.0,0.0,0.091,5.0,22.0,0.091,0.0,15.0,2.0,0.0,0.0,0.0,0.0,0.0,0.0,0.0,0.0,0.0,0.0,0.0,0.0,0.0,0.0,0.0,0.0,0.0,3.0,12.0,30.0,15.0,0.5,0.0,1.167,1.03,0.0,0.0,15.0,0.5,0.0,5.0,4.7,8.0,3.9,2.0,0.0,0.583,0.0,1.0,0.5,0.625,12.0,2.0,0.0,2.0,0.0,3.0,0.5,0.6,0.583,4.0,0.625,0.714,6.6,1.0,0.0,1.0,0.143,0.0,0.0,1.0,1.0,1.0,MIA,1.0,0.143,1.0,1.0,1610612748.0,,5.0,0.714,0.0,1.0,0.0,5.0,0.714,5.0,1.0,,5.0,1.0,0.0,1.0,0.0,1.0,0.0,0.143,1.0,1.0,1.0,0.0,0.143,1.0,1.0,,,,,,,,,,,,,,,0.0,,0.0,,,,,0.0,0.0,0.0,0.0,0.0,1.0,0.0,1.0,0.0,14.0,0.0,0.0,0.0,0.0,0.0,0.0,0.0,0.0,0.0,0.0,0.0,0.0,0.0,7.0,0.0,0.0,0.0,0.0,0.0,0.0,0.0,0.0,7.0,1.0,F-C,129.0,69.0,0.571,0.535,0.581,-0.046,0.0,0.0,,1.0,0.0,,0.0,0.0,0.0,7.0,0.0,0.0,,0.0,0.0,0.0,0.0,0.0,7.0,0.0,0.0,0.0,0.0,0.0,0.0,MIA,0.0,0.0,0.0,,,,,0.0,2014,21300511,,MIA,NOP,20140107.0,2013-14,False,MIA,NOP,,,,,,,,,,,,,,,,,,,,,,,,,,,,,,,,,,,,,,,,,,,,,,,,,,,,,,,,,,,,,,,,,,,,,,,,,,,,,,,,,,,,,,,,,,,
2365,Chris Andersen,Chris,1610612748,MIA,35.0,1,1,0,1.0,24.6,5,5,1.0,0,0,0.0,3,4,0.75,3,4,7,0,2,1,1,0,1,3,13,3,25.4,0,0,24.0,1,1,1,1,50,24,64,1,46,67,46,21,18,28,7,21,14,74,18,15,13,1,21,17,27,37,32,9,1,28,,98,0.156,5.0,105.2,100.0,96.2,0.205,0.167,63,22.2,49,0.143,37,29,19,0.962,52,78.05,24,100.0,45,92.14,11,37,0.0,64,0.0,27,93.66,97.9,97.9,6,3,5.0,52,93.66,2,0.0,98,2.1,9.0,0.177,1.0,58,25,45,74,25,64,64,74,63,2.1,0.173,37,22.8,0.0,0.0,0.0,0.0,12.0,0.0,0.0,6.0,0.0,0.0,0.0,0.0,0.0,0.0,0.0,0.0,0.0,0.0,0.0,0.0,0.0,0.0,0.0,0.0,0.0,0.0,1.0,7.0,20.0,13.0,0.4,2.0,1.571,1.09,2.0,1.0,8.0,0.65,0.15,4.0,3.5,7.0,3.4,1.0,2.0,0.636,2.0,0.333,0.75,0.8,11.0,1.0,2.0,3.0,0.0,3.0,0.75,0.75,0.778,4.0,0.571,0.571,3.7,,,,,,,,,,,,,,,,,2.0,0.4,0.0,1.0,0.0,2.0,0.4,2.0,1.0,,2.0,1.0,0.0,,,,,,,,,,,,,,0.6,0.0,3.0,0.6,0.0,0.0,1.0,,1.0,3.0,3.0,1.0,3.0,0.0,,0.0,,,,,0.0,2.0,0.0,2.0,1.0,1.0,1.0,1.0,2.0,11.0,0.0,0.0,1.0,0.0,0.0,0.0,0.0,0.0,0.0,0.0,0.0,0.0,0.0,4.0,0.0,0.0,0.0,0.0,0.0,0.0,1.0,1.0,4.0,1.0,F-C,149.0,81.0,0.552,0.544,0.583,-0.039,1.0,0.0,0.0,1.0,,0.0,0.0,0.0,0.0,4.0,0.0,0.0,0.0,0.0,1.0,0.0,0.0,0.0,4.0,0.0,0.0,,,0.0,1.0,MIA,0.0,0.0,1.0,,,,1.0,1.0,2014,21300617,,MIA,BOS,20140121.0,2013-14,False,MIA,BOS,,,,,,,,,,,,,,,,,,,,,,,,,,,,,,,,,,,,,,,,,,,,,,,,,,,,,,,,,,,,,,,,,,,,,,,,,,,,,,,,,,,,,,,,,,,
2365,Chris Andersen,Chris,1610612748,MIA,35.0,1,1,0,1.0,16.583333333333332,3,4,0.75,0,1,0.0,2,2,1.0,2,3,5,0,1,0,2,0,2,1,8,11,19.0,0,0,17.0,1,1,1,1,117,78,110,12,65,81,65,51,54,1,24,54,44,113,53,83,6,1,56,89,82,18,87,13,1,87,,128,0.161,4.0,111.5,106.1,78.6,0.198,0.176,75,16.7,33,0.143,80,52,22,0.82,91,78.39,78,106.1,15,89.61,16,15,0.0,97,0.0,15,94.07,75.0,75.0,14,19,3.0,133,94.07,20,0.0,125,31.1,32.8,0.166,0.75,56,12,15,113,12,99,110,113,75,31.1,0.162,80,17.0,1.0,0.0,0.0,0.0,10.0,0.0,0.0,5.0,0.0,0.0,0.0,2.0,0.0,1.0,0.0,0.0,2.0,2.0,0.0,0.0,1.0,1.0,1.0,0.0,0.0,2.0,1.0,3.0,16.0,8.0,0.4,2.0,1.333,1.66,0.0,0.0,7.0,0.5,0.19,3.0,4.1,8.0,3.5,1.0,1.0,0.455,1.0,0.5,0.667,0.429,11.0,1.0,1.0,2.0,0.0,2.0,0.667,0.667,0.5,3.0,0.375,0.6,5.1,1.0,0.0,1.0,0.5,0.0,0.0,2.0,2.0,2.0,MIA,1.0,0.5,1.0,2.0,1610612748.0,,,,,,,,,,,,,,,1.0,0.0,1.0,0.0,0.25,1.0,1.0,1.0,0.0,0.25,1.0,1.0,,0.25,0.0,0.0,0.0,1.0,0.25,,0.0,0.0,0.0,1.0,0.0,0.0,0.0,0.0,0.0,,,,0.0,0.0,0.0,1.0,2.0,0.0,0.75,0.5,1.0,2.0,4.0,0.0,,1.0,0.0,0.0,0.0,1.0,0.0,0.0,0.0,0.0,0.0,0.0,2.0,0.0,0.0,0.0,,0.0,,1.0,1.0,2.0,1.0,F-C,153.0,83.0,0.552,0.542,0.584,-0.041,1.0,0.0,,1.0,0.0,,,0.0,0.0,2.0,,0.0,,,1.0,0.0,0.0,1.0,2.0,0.0,0.0,0.0,0.0,0.0,1.0,MIA,0.0,0.0,1.0,0.0,1.0,0.0,0.0,0.0,2014,21300654,,MIA,SAS,20140126.0,2013-14,False,MIA,SAS,,,,,,,,,,,,,,,,,,,,,,,,,,,,,,,,,,,,,,,,,,,,,,,,,,,,,,,,,,,,,,,,,,,,,,,,,,,,,,,,,,,,,,,,,,,
2365,Chris Andersen,Chris,1610612748,MIA,35.0,1,0,1,0.0,19.03333333333333,4,5,0.8,0,0,0.0,0,0,0.0,4,3,7,0,0,0,0,0,2,1,8,-8,16.4,0,0,15.0,1,99,99,99,137,67,122,8,72,122,72,108,117,108,10,70,31,137,135,95,52,1,79,104,98,158,113,18,1,110,,1,0.206,5.0,118.9,119.4,138.0,0.127,0.158,47,0.0,36,0.267,138,64,14,0.8,106,75.66,67,119.4,166,92.2,65,161,0.0,154,0.0,191,90.79,141.7,141.7,2,15,4.0,131,90.79,15,0.0,1,-22.2,-19.1,0.125,0.8,40,196,166,137,196,153,122,137,47,-22.2,0.122,138,0.0,0.0,0.0,0.0,0.0,15.0,0.0,0.0,5.0,0.0,0.0,0.0,0.0,0.0,0.0,0.0,0.0,0.0,0.0,0.0,0.0,0.0,0.0,0.0,0.0,0.0,0.0,1.0,5.0,20.0,8.0,0.4,0.0,1.2,1.2,0.0,0.0,9.0,0.4,0.1,5.0,4.9,5.0,4.3,2.0,0.0,0.636,0.0,1.0,0.667,0.6,11.0,4.0,0.0,2.0,0.0,1.0,0.667,0.333,0.636,6.0,0.6,0.714,5.3,1.0,0.0,1.0,0.6,0.0,0.0,3.0,3.0,3.0,MIA,1.0,0.6,1.0,3.0,1610612748.0,,1.0,0.2,0.0,0.0,0.0,0.0,0.2,1.0,0.0,,0.0,0.0,0.0,1.0,0.0,1.0,0.0,0.2,1.0,1.0,1.0,0.0,0.2,1.0,1.0,,,,,,,,,,,,,,,0.0,,0.0,,,,,0.0,0.0,0.0,0.0,0.0,0.8,0.0,0.75,0.0,6.0,0.0,,0.0,0.0,0.0,0.0,0.0,0.0,,0.0,,,0.0,4.0,0.0,0.0,0.0,,0.0,,0.0,0.0,5.0,0.8,F-C,154.0,84.0,0.54,0.545,0.585,-0.039,0.0,0.0,,0.8,0.0,,,0.0,0.0,4.0,,0.0,,,0.0,0.0,0.0,0.0,5.0,0.0,0.0,0.0,0.0,0.0,0.0,MIA,0.0,0.0,0.0,,,,,0.0,2014,21300675,,MIA,OKC,20140129.0,2013-14,False,MIA,OKC,,,,,,,,,,,,,,,,,,,,,,,,,,,,,,,,,,,,,,,,,,,,,,,,,,,,,,,,,,,,,,,,,,,,,,,,,,,,,,,,,,,,,,,,,,,
2365,Chris Andersen,Chris,1610612748,MIA,35.0,1,1,0,1.0,19.325,2,3,0.667,0,0,0.0,1,2,0.5,2,3,5,0,0,0,1,0,3,3,5,11,14.0,0,0,12.0,1,1,1,1,117,112,142,17,69,120,69,88,66,92,28,59,45,132,127,79,16,1,112,46,124,28,115,18,1,117,,1,0.139,3.0,119.9,118.4,92.6,0.074,0.143,43,0.0,38,0.133,126,70,43,0.644,102,78.65,112,118.4,27,92.2,102,31,0.0,171,0.0,36,94.39,89.5,89.5,18,46,2.0,139,94.39,25,0.0,1,28.9,27.3,0.093,0.667,36,25,27,132,25,168,142,132,43,28.9,0.095,126,0.0,1.0,1.0,0.091,0.0,11.0,0.0,0.0,9.0,1.0,0.0,0.0,0.0,0.0,0.0,0.0,0.0,0.0,0.0,0.0,0.0,0.0,0.0,0.0,0.0,0.0,0.0,4.0,7.0,17.0,5.0,0.3,0.0,1.0,1.12,0.0,0.0,11.0,0.294,0.06,3.0,2.5,9.0,2.9,2.0,1.0,0.417,1.0,1.0,0.667,0.375,12.0,2.0,0.0,2.0,0.0,1.0,0.667,0.333,0.455,3.0,0.333,0.6,1.9,1.0,0.0,1.0,0.333,0.0,0.0,1.0,1.0,1.0,MIA,1.0,0.333,1.0,1.0,1610612748.0,,2.0,0.667,0.0,0.5,0.0,1.0,0.667,2.0,0.5,,1.0,0.5,0.0,,,,,,,,,,,,,,,,,,,,,,,,,,,0.0,,0.0,,,,,0.0,0.0,0.0,0.0,0.0,0.667,0.0,1.0,0.0,7.0,0.0,,0.0,,0.0,0.0,0.0,0.0,0.0,0.0,0.0,0.0,0.0,2.0,,,0.0,,0.0,,1.0,0.0,2.0,1.0,F-C,203.0,107.0,0.533,0.527,0.59,-0.063,1.0,0.0,,1.0,,,,0.0,0.0,2.0,,0.0,,,0.0,0.0,0.0,0.0,2.0,0.0,0.0,,,0.0,0.0,MIA,0.0,0.0,1.0,,,,0.0,0.0,2014,21300874,,MIA,ORL,20140301.0,2013-14,False,MIA,ORL,,,,,,,,,,,,,,,,,,,,,,,,,,,,,,,,,,,,,,,,,,,,,,,,,,,,,,,,,,,,,,,,,,,,,,,,,,,,,,,,,,,,,,,,,,,
2365,Chris Andersen,Chris,1610612748,MIA,35.0,1,0,1,0.0,33.065,1,2,0.5,0,0,0.0,0,0,0.0,2,11,13,0,0,0,6,0,0,1,2,2,35.6,0,0,27.0,1,92,92,92,57,129,143,49,79,111,79,98,107,98,32,2,7,121,123,89,1,1,1,99,140,68,34,24,3,54,,1,0.203,2.0,98.4,98.3,91.6,0.137,0.314,121,0.0,60,0.069,170,7,9,0.5,89,72.58,129,98.3,78,88.67,50,60,0.0,176,0.0,34,87.1,95.0,95.0,50,99,1.0,159,87.1,67,0.0,1,3.3,6.8,0.031,0.5,126,50,78,121,50,176,143,121,121,3.3,0.03,170,0.0,1.0,0.0,0.0,0.0,24.0,0.0,0.0,6.0,0.0,0.0,0.0,0.0,0.0,0.0,0.0,0.0,0.0,0.0,0.0,0.0,0.0,0.0,0.0,0.0,0.0,0.0,1.0,4.0,29.0,2.0,0.6,0.0,0.5,1.26,0.0,0.0,6.0,0.069,0.31,6.0,4.0,16.0,2.5,6.0,0.0,0.5,0.0,0.5,0.2,0.688,26.0,1.0,1.0,7.0,0.0,5.0,0.2,0.455,0.5,10.0,0.688,0.462,12.2,,,,,,,,,,,,,,,,,2.0,1.0,0.0,0.5,0.0,1.0,1.0,2.0,0.5,,1.0,0.5,0.0,,,,,,,,,,,,,,,,,,,,,,,,,,,0.0,,0.0,,,,,0.0,0.0,0.0,0.0,0.0,0.5,0.0,1.0,0.0,2.0,0.0,0.0,0.0,0.0,0.0,1.0,0.0,0.0,0.0,0.0,0.0,0.0,0.0,1.0,0.0,0.0,0.0,0.0,0.0,0.0,0.0,0.0,1.0,1.0,F-C,219.0,115.0,0.532,0.525,0.591,-0.066,0.0,0.0,,1.0,,,0.0,0.0,0.0,1.0,0.0,0.0,,0.0,0.0,0.0,0.0,0.0,1.0,1.0,0.0,,,0.0,0.0,MIA,0.0,0.0,0.0,,,,,0.0,2014,21300934,,CHI,MIA,20140309.0,2013-14,False,MIA,CHI,,,,,,,,,,,,,,,,,,,,,,,,,,,,,,,,,,,,,,,,,,,,,,,,,,,,,,,,,,,,,,,,,,,,,,,,,,,,,,,,,,,,,,,,,,,
2365,Chris Andersen,Chris,1610612748,MIA,35.0,1,0,1,0.0,18.383333333333333,1,2,0.5,0,0,0.0,2,2,1.0,0,6,6,0,1,1,1,1,1,1,4,-7,16.2,0,0,14.0,1,118,118,118,150,161,191,63,98,140,98,61,81,1,118,26,50,159,82,38,18,164,47,103,153,173,137,23,1,139,,209,0.167,2.0,76.7,75.7,97.9,0.177,0.3,213,25.0,37,0.0,145,12,27,0.694,117,77.24,161,75.7,201,94.36,35,193,0.0,190,0.0,70,92.69,102.9,102.9,118,43,1.0,121,92.69,87,0.0,199,-27.3,-21.2,0.101,0.5,214,101,201,159,101,188,191,159,213,-27.3,0.103,145,25.8,1.0,0.0,0.0,0.0,20.0,0.0,0.0,6.0,0.0,0.0,0.0,0.0,0.0,0.0,0.0,0.0,0.0,0.0,0.0,0.0,0.0,0.0,0.0,0.0,0.0,0.0,1.0,4.0,24.0,4.0,0.5,0.0,1.0,1.18,0.0,0.0,7.0,0.167,0.13,2.0,4.3,10.0,4.3,4.0,0.0,0.462,0.0,0.0,0.0,0.6,13.0,0.0,0.0,4.0,0.0,2.0,0.0,0.333,0.462,3.0,0.6,0.333,0.0,,,,,,,,,,,,,,,,,1.0,1.0,0.0,1.0,0.0,1.0,1.0,1.0,1.0,,1.0,1.0,0.0,,,,,,,,,,,,,,,,,,,,,,,,,,,0.0,,0.0,,,,,0.0,0.0,0.0,0.0,0.0,0.5,0.0,0.5,0.0,4.0,0.0,,0.0,0.0,0.0,0.0,0.0,0.0,0.0,0.0,0.0,0.0,0.0,1.0,0.0,0.0,0.0,,0.0,,0.0,0.0,2.0,0.5,F-C,223.0,116.0,0.521,0.52,0.591,-0.071,0.0,0.0,,0.5,,,0.0,0.0,0.0,1.0,0.0,0.0,,0.0,0.0,0.0,0.0,0.0,2.0,0.0,0.0,,,0.0,0.0,MIA,0.0,0.0,0.0,,,,,0.0,2014,21300957,,MIA,BKN,20140312.0,2013-14,False,MIA,BKN,,,,,,,,,,,,,,,,,,,,,,,,,,,,,,,,,,,,,,,,,,,,,,,,,,,,,,,,,,,,,,,,,,,,,,,,,,,,,,,,,,,,,,,,,,,
2365,Chris Andersen,Chris,1610612748,MIA,35.0,1,0,1,0.0,21.53,6,7,0.857,0,1,0.0,2,2,1.0,2,4,6,0,0,0,4,0,0,1,14,9,33.2,0,0,28.0,1,105,105,105,109,36,107,12,78,91,78,43,59,1,24,59,43,142,146,106,2,1,1,103,54,49,28,18,1,44,,1,0.14,7.0,113.6,112.5,95.8,0.209,0.16,49,0.0,48,0.111,12,78,42,0.888,113,88.25,36,112.5,49,105.32,15,49,0.0,140,0.0,69,105.9,95.7,95.7,18,11,6.0,11,105.9,15,0.0,1,16.8,17.8,0.156,0.857,38,74,49,142,74,137,107,142,49,16.8,0.154,12,0.0,1.0,0.0,0.0,0.0,17.0,0.0,0.0,14.0,0.0,0.0,0.0,0.0,0.0,0.0,0.0,0.0,0.0,0.0,0.0,0.0,0.0,0.0,0.0,0.0,0.0,0.0,0.0,10.0,26.0,14.0,0.6,0.0,1.4,1.31,0.0,0.0,14.0,0.538,0.27,2.0,5.8,10.0,4.3,3.0,1.0,0.353,1.0,0.5,0.286,0.444,17.0,1.0,1.0,4.0,0.0,1.0,0.286,0.25,0.375,7.0,0.4,0.333,8.6,,,,,,,,,,,,,,,,,3.0,0.429,0.0,1.0,0.0,3.0,0.429,3.0,1.0,,3.0,1.0,0.0,2.0,1.0,0.5,0.0,0.286,1.0,1.0,1.0,0.143,0.143,1.0,0.5,0.0,0.286,0.0,2.0,0.286,0.0,0.0,1.0,,1.0,2.0,2.0,1.0,2.0,0.0,1.0,0.0,0.0,0.0,0.0,0.0,1.0,0.0,0.0,0.0,0.0,0.857,0.0,1.0,0.0,14.0,0.0,,0.0,0.0,0.0,0.0,1.0,0.0,0.0,0.0,0.0,0.0,0.0,6.0,0.0,0.0,0.0,,0.0,,0.0,0.0,6.0,1.0,F-C,231.0,123.0,0.523,0.532,0.592,-0.06,0.0,0.0,0.0,1.0,1.0,0.0,,0.0,0.0,6.0,,0.0,0.0,,0.0,0.0,0.0,0.0,6.0,0.0,0.0,0.0,0.0,0.0,0.0,MIA,0.0,0.0,0.0,,0.0,0.0,,0.0,2014,21300976,,MIA,DEN,20140314.0,2013-14,False,MIA,DEN,,,,,,,,,,,,,,,,,,,,,,,,,,,,,,,,,,,,,,,,,,,,,,,,,,,,,,,,,,,,,,,,,,,,,,,,,,,,,,,,,,,,,,,,,,,
2365,Chris Andersen,Chris,1610612748,MIA,35.0,1,1,0,1.0,20.96,2,3,0.667,0,0,0.0,2,2,1.0,3,4,7,0,0,0,1,0,1,2,6,-5,17.4,0,0,15.0,1,1,1,1,108,111,137,28,78,111,78,51,64,1,11,41,24,127,118,85,18,1,39,59,106,124,97,16,1,104,,1,0.226,3.0,119.7,123.7,136.6,0.108,0.267,30,0.0,38,0.188,172,22,10,0.773,90,72.52,111,123.7,131,88.58,72,136,0.0,171,0.0,176,87.02,136.8,136.8,9,25,2.0,173,87.02,41,0.0,1,-13.2,-16.9,0.09,0.667,46,176,131,127,176,170,137,127,30,-13.2,0.091,172,0.0,0.0,0.0,0.0,0.0,22.0,0.0,0.0,7.0,0.0,0.0,0.0,0.0,0.0,0.0,0.0,0.0,0.0,0.0,0.0,0.0,0.0,0.0,0.0,0.0,0.0,0.0,1.0,6.0,26.0,6.0,0.6,0.0,0.667,1.33,0.0,0.0,8.0,0.231,0.15,2.0,6.9,10.0,5.2,2.0,1.0,0.412,2.0,0.0,0.429,0.444,17.0,0.0,3.0,5.0,1.0,2.0,0.5,0.5,0.467,7.0,0.4,0.286,9.2,0.5,0.0,1.0,0.667,0.0,0.0,1.0,1.0,2.0,MIA,0.5,0.667,0.5,2.0,1610612748.0,,1.0,0.333,0.0,1.0,0.0,1.0,0.333,1.0,1.0,,1.0,1.0,0.0,,,,,,,,,,,,,,,,,,,,,,,,,,,0.0,,0.0,,,,,0.0,0.0,0.0,0.0,0.0,0.667,0.0,0.667,0.0,4.0,0.0,,0.0,0.0,1.0,1.0,0.0,0.0,0.0,0.0,0.0,0.0,1.0,1.0,0.0,0.0,0.0,,0.0,,0.0,0.0,2.0,0.5,F-C,241.0,129.0,0.531,0.535,0.592,-0.057,0.0,0.0,0.0,0.667,,0.0,0.0,0.0,0.0,2.0,0.0,0.0,0.0,0.0,0.0,0.0,0.0,0.0,3.0,0.0,0.0,,,0.0,0.0,MIA,0.0,0.0,0.0,,,,,0.0,2014,21300989,,MIA,HOU,20140316.0,2013-14,False,MIA,HOU,,,,,,,,,,,,,,,,,,,,,,,,,,,,,,,,,,,,,,,,,,,,,,,,,,,,,,,,,,,,,,,,,,,,,,,,,,,,,,,,,,,,,,,,,,,
2365,Chris Andersen,Chris,1610612748,MIA,35.0,1,0,1,0.0,20.116666666666667,6,7,0.857,0,0,0.0,4,5,0.8,6,2,8,0,0,0,0,0,0,4,16,-3,25.6,0,0,24.0,1,104,104,104,130,37,107,9,88,122,88,26,28,56,3,107,31,140,126,90,63,1,1,22,42,123,71,19,2,73,,1,0.222,7.0,107.6,102.9,110.7,0.292,0.133,119,0.0,34,0.286,202,84,10,0.87,98,66.61,37,102.9,149,79.74,5,109,0.0,62,0.0,126,79.93,115.2,115.2,3,10,6.0,199,79.93,12,0.0,1,-12.2,-3.1,0.233,0.857,93,157,149,140,157,68,107,140,119,-12.2,0.214,202,0.0,1.0,0.0,0.0,0.0,12.0,0.0,0.0,10.0,0.0,0.0,0.0,0.0,0.0,0.0,0.0,0.0,0.0,0.0,0.0,0.0,0.0,0.0,0.0,0.0,0.0,0.0,2.0,8.0,22.0,16.0,0.5,2.5,1.5,1.35,0.0,0.0,14.0,0.727,0.0,2.0,3.1,7.0,3.1,2.0,0.0,0.533,0.0,0.333,0.75,0.286,15.0,2.0,4.0,6.0,0.0,0.0,0.75,0.0,0.533,8.0,0.286,0.25,3.1,1.0,0.0,1.0,0.143,0.0,0.0,1.0,1.0,1.0,MIA,1.0,0.143,1.0,1.0,1610612748.0,,4.0,0.571,0.0,0.75,0.0,3.0,0.571,4.0,0.75,,3.0,0.75,0.0,2.0,0.0,1.0,0.0,0.286,2.0,2.0,1.0,0.0,0.286,2.0,1.0,,,,,,,,,,,,,,,0.0,,0.0,,,,,0.0,0.0,1.0,5.0,0.0,0.857,0.0,1.0,0.0,12.0,0.0,0.0,0.0,0.0,0.0,0.0,0.0,0.0,0.0,0.0,0.0,0.0,0.0,6.0,0.0,0.0,0.0,0.0,0.0,0.0,1.0,0.0,6.0,1.0,F-C,243.0,131.0,0.519,0.539,0.592,-0.053,1.0,0.0,0.0,1.0,,0.0,0.0,0.0,0.0,6.0,0.0,0.0,0.0,0.0,0.0,0.0,0.0,0.0,6.0,0.0,0.0,,,0.0,0.0,MIA,0.0,0.0,1.0,,,,0.0,0.0,2014,21301009,,BOS,MIA,20140319.0,2013-14,False,MIA,BOS,,,,,,,,,,,,,,,,,,,,,,,,,,,,,,,,,,,,,,,,,,,,,,,,,,,,,,,,,,,,,,,,,,,,,,,,,,,,,,,,,,,,,,,,,,,
2365,Chris Andersen,Chris,1610612748,MIA,35.0,1,1,0,1.0,21.98333333333333,4,6,0.667,0,0,0.0,5,6,0.833,1,5,6,0,1,1,0,1,1,3,13,9,22.2,0,0,21.0,1,1,1,1,149,87,137,34,100,150,100,17,16,70,68,38,52,182,87,42,73,176,65,47,64,64,106,14,3,99,,154,0.15,6.0,121.8,120.0,95.8,0.176,0.217,60,10.0,40,0.059,191,54,49,0.752,125,73.69,87,120.0,61,87.47,46,60,0.0,91,0.0,92,88.43,95.1,95.1,82,40,4.0,207,88.43,52,0.0,146,24.9,26.1,0.222,0.667,53,88,61,182,88,79,137,182,60,24.9,0.227,191,10.4,1.0,0.0,0.0,0.0,17.0,0.0,0.0,11.0,0.0,0.0,0.0,0.0,0.0,0.0,0.0,0.0,0.0,0.0,0.0,0.0,0.0,0.0,0.0,0.0,0.0,0.0,1.0,6.0,26.0,13.0,0.6,0.0,1.667,1.4,0.0,0.0,12.0,0.5,0.08,3.0,7.6,7.0,5.4,3.0,1.0,0.545,1.0,1.0,0.25,0.833,11.0,1.0,1.0,4.0,0.0,2.0,0.25,0.4,0.6,4.0,0.714,0.5,13.0,1.0,0.0,1.0,0.2,0.0,0.0,1.0,1.0,1.0,MIA,1.0,0.2,1.0,1.0,1610612748.0,,3.0,0.6,0.0,0.667,0.0,2.0,0.6,3.0,0.667,,2.0,0.667,0.0,1.0,0.0,1.0,0.0,0.2,1.0,1.0,1.0,0.0,0.2,1.0,1.0,,,,,,,,,,,,,,,0.0,,0.0,,,,,0.0,0.0,0.0,0.0,0.0,0.667,0.0,1.0,0.0,10.0,0.0,,0.0,0.0,0.0,0.0,0.0,0.0,0.0,0.0,0.0,0.0,0.0,4.0,0.0,0.0,0.0,,0.0,,1.0,0.0,5.0,0.8,F-C,266.0,141.0,0.532,0.53,0.591,-0.06,1.0,0.0,,0.8,,,,0.0,0.0,4.0,,0.0,,,0.0,0.0,0.0,0.0,5.0,0.0,0.0,,,0.0,0.0,MIA,0.0,0.0,0.0,,,,,0.0,2014,21301079,,DET,MIA,20140328.0,2013-14,False,MIA,DET,,,,,,,,,,,,,,,,,,,,,,,,,,,,,,,,,,,,,,,,,,,,,,,,,,,,,,,,,,,,,,,,,,,,,,,,,,,,,,,,,,,,,,,,,,,
2365,Chris Andersen,Chris,1610612748,MIA,35.0,1,1,0,1.0,19.65,4,5,0.8,0,1,0.0,1,4,0.25,2,2,4,0,0,0,3,0,1,2,9,6,22.8,0,0,19.0,1,1,1,1,115,53,117,6,66,81,66,79,35,96,27,104,71,130,120,80,4,1,40,57,78,46,73,17,1,85,,1,0.098,5.0,95.1,90.9,81.5,0.156,0.091,133,0.0,44,0.105,15,111,67,0.666,93,88.55,53,90.9,60,102.35,48,57,0.0,141,0.0,25,106.26,79.1,79.1,29,39,4.0,22,106.26,15,0.0,1,11.8,13.6,0.147,0.8,115,25,60,130,25,136,117,130,133,11.8,0.146,15,0.0,1.0,0.0,0.0,0.0,6.0,0.0,0.0,9.0,0.0,0.0,0.0,0.0,0.0,0.0,0.0,0.0,0.0,0.0,0.0,0.0,0.0,0.0,0.0,0.0,0.0,0.0,1.0,5.0,14.0,9.0,0.3,2.0,1.0,1.39,0.0,1.0,11.0,0.643,0.0,3.0,3.0,7.0,2.4,0.0,2.0,0.444,2.0,0.5,1.0,0.4,9.0,1.0,1.0,1.0,0.0,2.0,1.0,1.0,0.571,2.0,0.286,0.75,3.6,1.0,0.0,1.0,0.4,0.0,0.0,2.0,2.0,2.0,MIA,1.0,0.4,1.0,2.0,1610612748.0,,1.0,0.2,0.0,1.0,0.0,1.0,0.2,1.0,1.0,,1.0,1.0,0.0,1.0,1.0,0.0,0.0,0.2,0.0,0.0,,0.2,0.0,0.0,0.0,0.0,0.2,0.0,1.0,0.2,0.0,0.0,1.0,,1.0,1.0,1.0,1.0,1.0,0.0,0.0,0.0,,,,0.0,0.0,0.0,1.0,2.0,0.0,0.8,0.5,1.0,2.0,5.0,0.0,,1.0,0.0,0.0,0.0,1.0,0.0,0.0,0.0,0.0,0.0,0.0,3.0,0.0,0.0,0.0,,0.0,,1.0,1.0,3.0,1.0,F-C,72.0,37.0,0.581,0.514,0.578,-0.064,1.0,0.0,,1.0,,,,0.0,0.0,3.0,,0.0,,,1.0,0.0,0.0,1.0,3.0,0.0,0.0,,,0.0,1.0,MIA,0.0,0.0,1.0,0.0,1.0,0.0,0.0,0.0,2014,21300294,,MIN,MIA,20131207.0,2013-14,False,MIA,MIN,,,,,,,,,,,,,,,,,,,,,,,,,,,,,,,,,,,,,,,,,,,,,,,,,,,,,,,,,,,,,,,,,,,,,,,,,,,,,,,,,,,,,,,,,,,
2365,Chris Andersen,Chris,1610612748,MIA,35.0,1,1,0,1.0,21.651666666666667,1,2,0.5,0,0,0.0,0,0,0.0,2,1,3,0,1,2,2,0,1,1,2,-2,16.6,0,0,13.0,1,1,1,1,134,153,177,66,87,125,87,124,132,124,33,147,107,157,78,15,9,1,36,107,175,116,118,18,1,132,,209,0.067,2.0,84.2,85.7,86.9,0.082,0.043,175,33.3,42,0.091,139,184,127,0.5,108,77.59,153,85.7,121,95.86,118,116,0.0,207,0.0,42,93.11,90.5,90.5,45,114,1.0,90,93.11,85,0.0,209,-4.8,-2.7,0.063,0.5,181,54,121,157,54,207,177,157,175,-4.8,0.061,139,33.3,0.0,0.0,0.0,0.0,13.0,0.0,0.0,4.0,0.0,0.0,0.0,0.0,0.0,0.0,0.0,0.0,0.0,0.0,0.0,0.0,0.0,0.0,0.0,0.0,0.0,0.0,0.0,3.0,15.0,2.0,0.4,0.0,0.667,1.4,0.0,0.0,4.0,0.133,0.47,2.0,2.0,6.0,0.9,0.0,2.0,0.3,2.0,0.5,0.5,0.25,10.0,1.0,0.0,0.0,0.0,1.0,0.5,1.0,0.375,4.0,0.167,0.667,3.2,1.0,0.0,1.0,0.5,0.0,0.0,1.0,1.0,1.0,MIA,1.0,0.5,1.0,1.0,1610612748.0,,,,,,,,,,,,,,,,,,,,,,,,,,,,0.5,0.0,0.0,0.5,0.0,0.0,0.0,,0.0,1.0,1.0,0.0,0.0,0.0,,0.0,,,,,0.0,0.0,0.0,0.0,0.0,0.5,0.0,1.0,0.0,2.0,0.0,,0.0,0.0,0.0,0.0,0.0,0.0,0.0,0.0,0.0,0.0,0.0,1.0,0.0,0.0,0.0,,0.0,,1.0,0.0,1.0,1.0,F-C,164.0,88.0,0.538,0.537,0.586,-0.049,0.0,0.0,,1.0,,,,0.0,0.0,1.0,,0.0,,,0.0,0.0,0.0,1.0,1.0,0.0,0.0,,,0.0,0.0,MIA,0.0,0.0,1.0,,,,0.0,0.0,2014,21300713,,MIA,DET,20140203.0,2013-14,False,MIA,DET,,,,,,,,,,,,,,,,,,,,,,,,,,,,,,,,,,,,,,,,,,,,,,,,,,,,,,,,,,,,,,,,,,,,,,,,,,,,,,,,,,,,,,,,,,,
2365,Chris Andersen,Chris,1610612748,MIA,35.0,1,1,0,1.0,25.598333333333333,3,8,0.375,0,2,0.0,1,4,0.25,3,0,3,1,2,1,2,2,3,3,7,12,19.1,0,0,17.0,1,1,1,1,74,70,71,92,67,59,67,60,37,81,11,138,89,75,46,37,4,152,103,40,79,20,75,18,1,76,,111,0.049,8.0,111.2,108.9,77.5,-0.021,0.0,65,15.4,45,0.103,154,138,115,0.359,59,70.32,70,108.9,19,86.11,148,14,0.5,51,0.059,16,84.38,82.2,82.2,30,109,3.0,148,84.38,99,7.7,108,26.7,33.7,0.226,0.375,57,19,19,93,19,49,71,95,65,26.7,0.226,154,15.7,3.0,0.0,0.071,2.0,14.0,0.071,0.0,14.0,1.0,0.0,0.0,0.0,0.0,0.0,0.0,0.0,0.0,0.0,0.0,0.0,0.0,0.0,0.0,0.0,0.0,0.0,0.0,11.0,25.0,7.0,0.4,0.0,0.545,1.07,0.0,0.0,16.0,0.28,0.16,3.0,4.0,11.0,0.0,0.0,0.0,0.143,1.0,1.0,0.3,0.0,21.0,3.0,0.0,0.0,1.0,0.0,0.333,0.0,0.15,10.0,0.0,1.0,4.0,1.0,0.0,1.0,0.167,0.0,0.0,1.0,1.0,1.0,MIA,1.0,0.167,1.0,1.0,1610612748.0,,3.0,0.5,0.0,0.667,0.0,2.0,0.5,3.0,0.667,,2.0,0.667,0.0,,,,,,,,,,,,,,0.333,0.0,0.0,0.0,2.0,0.333,,0.0,0.0,0.0,2.0,0.0,0.0,0.0,0.0,0.0,,,,0.0,0.0,0.0,0.0,0.0,0.0,0.375,0.0,0.5,0.0,6.0,0.0,0.0,0.0,0.0,0.0,0.0,0.0,0.0,0.0,0.0,0.0,0.0,0.0,3.0,0.0,2.0,0.0,0.0,2.0,0.0,0.0,0.0,6.0,0.5,F-C,196.0,104.0,0.533,0.531,0.589,-0.059,0.0,0.0,,0.5,,,0.0,0.0,0.0,3.0,0.0,0.0,,0.0,0.0,0.0,0.0,2.0,6.0,0.0,0.0,,,0.0,0.0,MIA,0.0,0.0,2.0,0.0,2.0,0.0,0.0,0.0,2014,21300834,,MIA,CHI,20140223.0,2013-14,False,MIA,CHI,,,,,,,,,,,,,,,,,,,,,,,,,,,,,,,,,,,,,,,,,,,,,,,,,,,,,,,,,,,,,,,,,,,,,,,,,,,,,,,,,,,,,,,,,,,
2365,Chris Andersen,Chris,1610612748,MIA,35.0,1,0,1,0.0,19.95,2,3,0.667,0,0,0.0,1,1,1.0,2,5,7,0,0,0,5,0,5,2,5,10,28.4,0,0,22.0,1,66,66,66,75,73,96,15,48,79,48,60,72,1,13,18,16,96,89,61,1,1,120,43,81,28,39,12,2,47,,1,0.194,3.0,137.8,137.1,95.2,0.123,0.227,13,0.0,35,0.143,124,24,12,0.727,72,72.18,73,137.1,13,89.94,48,6,0.0,114,0.0,27,86.62,102.7,102.7,9,23,2.0,116,86.62,29,0.0,1,34.4,42.6,0.089,0.667,9,52,13,96,52,117,96,96,13,34.4,0.075,124,0.0,0.0,0.0,0.0,0.0,14.0,0.0,0.0,5.0,0.0,0.0,0.0,0.0,0.0,0.0,0.0,0.0,0.0,0.0,0.0,0.0,0.0,0.0,0.0,0.0,0.0,0.0,1.0,3.0,18.0,5.0,0.4,0.0,1.667,1.33,0.0,0.0,6.0,0.278,0.22,3.0,2.8,11.0,3.0,3.0,1.0,0.538,1.0,0.5,1.0,0.5,13.0,1.0,1.0,4.0,0.0,2.0,1.0,0.4,0.583,2.0,0.455,0.429,2.4,0.0,0.0,1.0,0.333,0.0,0.0,0.0,0.0,1.0,MIA,0.0,0.333,0.0,1.0,1610612748.0,,1.0,0.333,0.0,1.0,0.0,1.0,0.333,1.0,1.0,,1.0,1.0,0.0,,,,,,,,,,,,,,0.333,0.0,1.0,0.333,0.0,0.0,1.0,,1.0,1.0,1.0,1.0,1.0,0.0,,0.0,,,,,0.0,0.0,0.0,0.0,0.0,0.667,0.0,0.667,0.0,5.0,0.0,0.0,0.0,0.0,0.0,0.0,0.0,0.0,0.0,0.0,0.0,0.0,0.0,2.0,0.0,0.0,0.0,0.0,0.0,0.0,0.0,0.0,3.0,0.667,F-C,211.0,110.0,0.537,0.521,0.591,-0.07,0.0,0.0,,0.667,0.0,,0.0,0.0,0.0,2.0,0.0,0.0,,0.0,0.0,0.0,0.0,0.0,3.0,0.0,0.0,0.0,0.0,0.0,0.0,MIA,0.0,0.0,0.0,,,,,0.0,2014,21300900,,HOU,MIA,20140304.0,2013-14,False,MIA,HOU,,,,,,,,,,,,,,,,,,,,,,,,,,,,,,,,,,,,,,,,,,,,,,,,,,,,,,,,,,,,,,,,,,,,,,,,,,,,,,,,,,,,,,,,,,,
2365,Chris Andersen,Chris,1610612748,MIA,35.0,1,0,1,0.0,15.133333333333333,1,1,1.0,0,0,0.0,3,4,0.75,0,2,2,0,1,2,3,0,3,2,5,-10,21.4,0,0,17.0,1,83,83,83,118,115,143,1,60,106,60,25,22,51,83,84,97,114,53,7,5,1,113,45,105,140,73,15,1,83,,151,0.077,1.0,82.9,85.2,116.5,0.102,0.143,132,25.0,27,0.0,130,65,84,0.906,81,74.01,115,85.2,137,88.94,71,146,0.0,133,0.0,128,88.81,113.8,113.8,83,7,1.0,120,88.81,1,0.0,149,-28.6,-33.7,0.126,1.0,144,122,137,114,122,127,143,114,132,-28.6,0.133,130,26.6,0.0,0.0,0.0,0.0,9.0,0.0,0.0,4.0,0.0,0.0,0.0,0.0,0.0,0.0,0.0,0.0,0.0,0.0,0.0,0.0,0.0,0.0,0.0,0.0,0.0,0.0,0.0,1.0,13.0,5.0,0.3,0.0,2.0,1.22,0.0,0.0,4.0,0.385,0.23,1.0,5.3,4.0,5.3,1.0,0.0,0.286,0.0,0.0,0.0,0.5,7.0,0.0,0.0,1.0,0.0,1.0,0.0,0.5,0.286,3.0,0.5,0.5,0.0,1.0,0.0,1.0,1.0,0.0,0.0,1.0,1.0,1.0,MIA,1.0,1.0,1.0,1.0,1610612748.0,,,,,,,,,,,,,,,,,,,,,,,,,,,,,,,,,,,,,,,,,0.0,,0.0,,,,,0.0,0.0,0.0,0.0,0.0,1.0,0.0,1.0,0.0,2.0,0.0,,0.0,,0.0,0.0,0.0,0.0,0.0,0.0,0.0,0.0,0.0,1.0,,,0.0,,0.0,,0.0,0.0,1.0,1.0,F-C,249.0,133.0,0.521,0.534,0.591,-0.057,0.0,0.0,,1.0,,,,0.0,0.0,1.0,,0.0,,,0.0,0.0,0.0,0.0,1.0,0.0,0.0,,,0.0,0.0,MIA,0.0,0.0,0.0,,,,,0.0,2014,21301036,,NOP,MIA,20140322.0,2013-14,False,MIA,NOP,,,,,,,,,,,,,,,,,,,,,,,,,,,,,,,,,,,,,,,,,,,,,,,,,,,,,,,,,,,,,,,,,,,,,,,,,,,,,,,,,,,,,,,,,,,
2365,Chris Andersen,Chris,1610612748,MIA,35.0,1,1,0,1.0,19.0,4,6,0.667,0,0,0.0,0,0,0.0,3,4,7,2,2,0,2,0,1,0,8,13,23.4,0,0,21.0,1,1,1,1,58,26,47,14,38,60,38,47,51,47,5,17,11,29,21,46,3,1,19,68,41,18,32,5,1,35,,74,0.219,6.0,116.9,117.5,84.7,0.174,0.222,22,20.0,40,0.214,22,18,7,0.667,27,85.26,26,117.5,14,101.51,13,16,1.0,51,0.118,7,102.32,82.9,82.9,2,33,4.0,14,102.32,29,20.0,74,34.6,32.3,0.181,0.667,29,7,14,45,7,50,47,33,22,34.6,0.178,22,20.0,3.0,0.0,0.118,5.0,17.0,0.118,0.0,13.0,2.0,0.0,0.0,0.0,0.0,0.0,0.0,0.0,0.0,0.0,0.0,0.0,0.0,0.0,0.0,0.0,0.0,0.0,0.0,8.0,26.0,8.0,0.5,0.0,0.75,1.1,0.0,1.0,14.0,0.308,0.08,6.0,6.7,7.0,5.8,2.0,0.0,0.7,0.0,1.0,1.0,0.571,10.0,3.0,0.0,2.0,0.0,3.0,1.0,0.75,0.7,3.0,0.571,0.857,8.1,0.5,0.0,1.0,0.333,0.0,0.0,1.0,1.0,2.0,MIA,0.5,0.333,0.5,2.0,1610612748.0,,2.0,0.333,0.0,0.5,0.0,1.0,0.333,2.0,0.5,,1.0,0.5,0.0,1.0,0.0,1.0,0.0,0.167,1.0,1.0,1.0,0.0,0.167,1.0,1.0,,0.167,0.0,1.0,0.167,0.0,0.0,1.0,,1.0,1.0,1.0,1.0,1.0,0.0,,0.0,,,,,0.0,0.0,0.0,0.0,0.0,0.667,0.0,0.75,0.0,6.0,0.0,,0.0,0.0,0.0,1.0,0.0,0.0,0.0,0.0,0.0,0.0,0.0,4.0,0.0,0.0,0.0,,0.0,,0.0,0.0,5.0,0.8,F-C,25.0,14.0,0.641,0.56,0.581,-0.021,0.0,0.0,,0.8,0.0,,,0.0,0.0,4.0,,0.0,,,0.0,0.0,0.0,0.0,5.0,1.0,0.0,0.0,0.0,0.0,0.0,MIA,0.0,0.0,0.0,,,,,0.0,2014,21300107,,MIA,MIL,20131112.0,2013-14,False,MIA,MIL,,,,,,,,,,,,,,,,,,,,,,,,,,,,,,,,,,,,,,,,,,,,,,,,,,,,,,,,,,,,,,,,,,,,,,,,,,,,,,,,,,,,,,,,,,,
2365,Chris Andersen,Chris,1610612748,MIA,35.0,1,1,0,1.0,13.395,1,2,0.5,0,0,0.0,1,2,0.5,0,0,0,0,1,0,2,0,2,1,3,3,8.0,0,0,7.0,1,1,1,1,130,112,131,46,70,105,70,75,58,75,84,139,147,110,66,91,11,1,71,84,125,53,131,17,2,132,,150,0.0,2.0,103.4,100.0,91.2,-0.023,0.0,109,25.0,28,0.0,62,139,147,0.521,83,83.61,112,100.0,47,97.61,154,46,0.0,119,0.0,27,100.34,89.3,89.3,84,88,1.0,85,100.34,62,0.0,147,10.7,12.2,0.129,0.5,93,25,47,110,25,115,131,110,109,10.7,0.129,62,25.8,0.0,0.0,0.0,0.0,4.0,0.0,0.0,7.0,0.0,0.0,0.0,0.0,0.0,0.0,0.0,0.0,0.0,0.0,0.0,1.0,1.0,0.0,0.0,0.0,1.0,0.0,1.0,1.0,8.0,3.0,0.2,1.0,0.0,1.45,0.0,0.0,7.0,0.375,0.5,,,,,,,,,,,,,,,,,,,,,,,,,,,,,,,,,,,,,,,,,1.0,0.5,0.0,1.0,0.0,1.0,0.5,1.0,1.0,,1.0,1.0,0.0,1.0,0.0,0.0,0.0,0.5,0.0,0.0,0.0,0.0,0.5,1.0,0.0,,,,,,,,,,,,,,,0.0,,0.0,,,,,0.0,0.0,0.0,1.0,0.0,0.5,0.0,0.0,0.0,0.0,,0.0,0.0,,0.0,0.0,0.0,0.0,,,,,0.0,1.0,,,0.0,0.0,,0.0,1.0,0.0,1.0,1.0,F-C,62.0,31.0,0.564,0.5,0.577,-0.077,0.0,,,1.0,,,0.0,,0.0,1.0,0.0,0.0,,0.0,0.0,,0.0,1.0,1.0,0.0,0.0,,,0.0,0.0,MIA,0.0,0.0,1.0,,,,0.0,0.0,2014,21300252,,MIA,CHA,20131201.0,2013-14,False,MIA,CHA,,,,,,,,,,,,,,,,,,,,,,,,,,,,,,,,,,,,,,,,,,,,,,,,,,,,,,,,,,,,,,,,,,,,,,,,,,,,,,,,,,,,,,,,,,,
2365,Chris Andersen,Chris,1610612748,MIA,35.0,1,1,0,1.0,17.233333333333334,3,3,1.0,1,1,1.0,0,0,0.0,0,4,4,0,1,2,1,0,3,0,7,9,19.8,0,0,18.0,1,1,1,1,115,71,123,1,35,76,1,96,101,96,98,36,53,104,63,10,12,1,101,124,89,25,72,14,1,75,,152,0.148,3.0,152.1,150.0,121.4,0.122,0.211,9,25.0,34,0.0,69,33,28,1.167,86,80.08,71,150.0,22,94.87,54,25,0.0,135,0.0,137,96.09,120.0,120.0,98,1,3.0,72,96.09,1,0.0,150,30.0,30.8,0.116,1.167,12,125,22,104,125,134,123,104,9,30.0,0.114,69,25.0,1.0,0.0,0.05,0.0,20.0,0.0,1.0,9.0,1.0,0.0,0.0,0.0,0.0,0.0,0.0,0.0,0.0,0.0,0.0,0.0,0.0,0.0,0.0,0.0,0.0,0.0,2.0,3.0,24.0,7.0,0.5,0.0,0.667,1.35,0.0,0.0,9.0,0.292,0.13,0.0,2.4,8.0,2.4,4.0,0.0,0.444,0.0,0.0,0.0,0.5,9.0,0.0,0.0,4.0,0.0,0.0,0.0,0.0,0.444,1.0,0.5,0.0,0.0,1.0,0.0,1.0,0.333,0.0,0.0,1.0,1.0,1.0,MIA,1.0,0.333,1.0,1.0,1610612748.0,,1.0,0.333,0.0,1.0,0.0,1.0,0.333,1.0,1.0,,1.0,1.0,0.0,,,,,,,,,,,,,,0.333,1.0,0.0,0.0,1.0,0.333,,1.0,1.5,0.0,1.0,1.0,1.0,0.0,0.0,0.0,,,,0.0,0.0,0.0,0.0,0.0,0.0,1.167,1.0,1.0,3.0,2.0,0.0,,0.0,0.0,0.0,0.0,1.0,1.0,0.0,0.0,0.0,0.0,0.0,2.0,0.0,0.0,1.0,,0.0,,0.0,0.0,2.0,1.0,F-C,206.0,109.0,0.535,0.529,0.591,-0.062,0.0,1.0,,1.0,,,,1.0,0.0,2.0,,0.0,,,0.0,1.0,0.0,0.0,2.0,0.0,0.0,,,0.0,0.0,MIA,0.0,0.0,1.0,1.0,1.0,1.0,1.5,1.0,2014,21300893,,MIA,CHA,20140303.0,2013-14,False,MIA,CHA,,,,,,,,,,,,,,,,,,,,,,,,,,,,,,,,,,,,,,,,,,,,,,,,,,,,,,,,,,,,,,,,,,,,,,,,,,,,,,,,,,,,,,,,,,,
2365,Chris Andersen,Chris,1610612748,MIA,35.0,1,1,0,1.0,16.55,3,5,0.6,0,0,0.0,0,0,0.0,1,7,8,0,0,2,2,0,2,0,6,14,27.6,0,0,22.0,1,1,1,1,50,31,44,13,33,40,33,34,38,34,15,4,6,43,51,5,7,1,25,49,40,8,20,4,1,27,,1,0.242,5.0,113.8,108.8,67.5,0.245,0.368,18,0.0,34,0.071,26,3,3,0.6,37,82.18,31,108.8,6,96.58,5,2,0.0,46,0.0,4,98.61,67.6,67.6,14,21,3.0,51,98.61,16,0.0,1,41.2,46.3,0.149,0.6,14,4,6,43,4,46,44,43,18,41.2,0.143,26,0.0,2.0,2.0,0.095,2.0,21.0,0.0,0.0,11.0,2.0,0.0,0.0,0.0,0.0,0.0,0.0,0.0,0.0,0.0,0.0,0.0,0.0,0.0,0.0,0.0,0.0,0.0,1.0,6.0,26.0,6.0,0.4,2.0,0.667,0.95,0.0,0.0,11.0,0.231,0.12,1.0,3.4,8.0,2.9,6.0,1.0,0.727,1.0,0.0,0.333,1.0,11.0,0.0,1.0,7.0,0.0,1.0,0.333,0.143,0.8,3.0,0.875,0.125,6.8,0.0,0.0,1.0,0.2,0.0,0.0,0.0,0.0,1.0,MIA,0.0,0.2,0.0,1.0,1610612748.0,,2.0,0.4,0.0,0.5,0.0,1.0,0.4,2.0,0.5,,1.0,0.5,0.0,,,,,,,,,,,,,,0.4,0.0,2.0,0.4,0.0,0.0,1.0,,1.0,2.0,2.0,1.0,2.0,0.0,,0.0,,,,,0.0,0.0,1.0,2.0,0.0,0.6,0.0,0.5,0.0,4.0,0.0,,0.0,0.0,0.0,0.0,0.0,0.0,0.0,0.0,0.0,0.0,0.0,3.0,0.0,0.0,0.0,,0.0,,0.0,0.0,5.0,0.6,F-C,3.0,0.0,0.5,0.0,0.569,-0.569,0.0,0.0,0.0,0.6,0.0,0.0,,0.0,0.0,3.0,,0.0,0.0,,0.0,0.0,0.0,0.0,5.0,0.0,0.0,0.0,0.0,0.0,0.0,MIA,0.0,0.0,0.0,,,,,0.0,2014,21300002,,MIA,CHI,20131029.0,2013-14,False,MIA,CHI,,,,,,,,,,,,,,,,,,,,,,,,,,,,,,,,,,,,,,,,,,,,,,,,,,,,,,,,,,,,,,,,,,,,,,,,,,,,,,,,,,,,,,,,,,,
2365,Chris Andersen,Chris,1610612748,MIA,35.0,1,1,0,1.0,8.333333333333334,1,1,1.0,0,0,0.0,0,0,0.0,0,1,1,0,1,0,1,0,2,1,2,0,5.2,0,0,5.0,1,1,1,1,90,69,91,1,44,68,44,63,68,63,56,70,78,78,40,51,13,1,53,55,86,53,88,13,2,88,,107,0.071,1.0,113.3,113.3,108.7,0.018,0.091,33,50.0,15,0.0,97,63,57,1.0,55,72.0,69,113.3,52,88.24,84,49,0.0,75,0.0,66,86.4,113.3,113.3,56,3,1.0,89,86.4,3,0.0,107,0.0,4.6,0.133,1.0,36,78,52,78,78,73,91,78,33,0.0,0.133,97,50.0,0.0,0.0,0.0,0.0,2.0,0.0,0.0,2.0,0.0,0.0,0.0,0.0,0.0,0.0,0.0,0.0,0.0,0.0,0.0,0.0,0.0,0.0,0.0,0.0,0.0,0.0,0.0,1.0,4.0,2.0,0.1,0.0,2.0,1.13,0.0,0.0,2.0,0.5,0.0,1.0,5.9,5.0,5.9,0.0,0.0,0.2,0.0,0.0,0.0,0.2,5.0,0.0,0.0,0.0,0.0,1.0,0.0,1.0,0.2,0.0,0.2,1.0,0.0,,,,,,,,,,,,,,,,,,,,,,,,,,,,,,1.0,0.0,1.0,0.0,1.0,1.0,1.0,1.0,0.0,1.0,1.0,1.0,,,,,,,,,,,,,,,0.0,,0.0,,,,,0.0,0.0,0.0,0.0,0.0,1.0,0.0,1.0,0.0,2.0,0.0,0.0,0.0,0.0,0.0,0.0,0.0,0.0,0.0,0.0,0.0,0.0,0.0,1.0,0.0,0.0,0.0,0.0,0.0,0.0,0.0,0.0,1.0,1.0,F-C,117.0,63.0,0.588,0.538,0.579,-0.041,0.0,0.0,,1.0,,,0.0,0.0,0.0,1.0,0.0,0.0,,0.0,0.0,0.0,0.0,0.0,1.0,0.0,0.0,,,0.0,0.0,MIA,0.0,0.0,0.0,,,,,0.0,2014,21300420,,LAL,MIA,20131225.0,2013-14,False,MIA,LAL,,,,,,,,,,,,,,,,,,,,,,,,,,,,,,,,,,,,,,,,,,,,,,,,,,,,,,,,,,,,,,,,,,,,,,,,,,,,,,,,,,,,,,,,,,,
2365,Chris Andersen,Chris,1610612748,MIA,35.0,1,0,1,0.0,21.2,1,2,0.5,0,0,0.0,0,0,0.0,1,2,3,1,1,3,1,0,2,0,2,-9,18.1,0,0,14.0,1,20,20,20,27,30,33,14,18,26,18,21,25,21,8,26,24,16,14,1,5,1,13,32,36,32,21,4,1,23,,35,0.088,2.0,87.9,92.1,120.5,0.084,0.143,28,25.0,38,0.05,37,17,17,0.5,10,71.7,30,92.1,32,86.45,23,33,1.0,39,0.077,33,86.04,115.8,115.8,10,25,1.0,36,86.04,20,25.0,35,-23.7,-32.6,0.07,0.5,31,31,32,20,31,38,33,7,28,-23.7,0.073,37,25.0,3.0,0.0,0.05,3.0,20.0,0.05,0.0,7.0,1.0,0.0,0.0,0.0,0.0,0.0,0.0,0.0,0.0,0.0,0.0,0.0,0.0,0.0,0.0,0.0,0.0,0.0,1.0,3.0,23.0,2.0,0.6,0.0,0.667,1.49,0.0,0.0,7.0,0.087,0.3,0.0,2.6,4.0,3.1,2.0,1.0,0.5,2.0,0.0,0.5,0.667,6.0,0.0,1.0,3.0,1.0,0.0,1.0,0.0,0.75,2.0,0.5,0.0,1.8,,,,,,,,,,,,,,,,,1.0,0.5,0.0,1.0,0.0,1.0,0.5,1.0,1.0,,1.0,1.0,0.0,,,,,,,,,,,,,,0.5,0.0,0.0,0.5,0.0,0.0,0.0,,0.0,1.0,1.0,0.0,0.0,0.0,,0.0,,,,,0.0,0.0,0.0,0.0,0.0,0.5,0.0,1.0,0.0,2.0,0.0,0.0,0.0,0.0,0.0,1.0,0.0,0.0,0.0,0.0,0.0,0.0,0.0,1.0,0.0,0.0,0.0,0.0,0.0,0.0,0.0,0.0,1.0,1.0,F-C,133.0,71.0,0.571,0.534,0.583,-0.049,0.0,0.0,,1.0,,,0.0,0.0,0.0,1.0,0.0,0.0,,0.0,0.0,0.0,0.0,0.0,1.0,1.0,0.0,,,0.0,0.0,MIA,0.0,0.0,1.0,,,,0.0,0.0,2014,21300529,,NYK,MIA,20140109.0,2013-14,False,MIA,NYK,,,,,,,,,,,,,,,,,,,,,,,,,,,,,,,,,,,,,,,,,,,,,,,,,,,,,,,,,,,,,,,,,,,,,,,,,,,,,,,,,,,,,,,,,,,
2365,Chris Andersen,Chris,1610612748,MIA,35.0,1,1,0,1.0,12.883333333333333,2,3,0.667,0,0,0.0,0,0,0.0,2,2,4,0,2,1,1,0,4,1,4,3,12.8,0,0,12.0,1,1,1,1,32,25,33,5,18,27,18,23,27,23,7,17,15,29,9,9,5,1,33,20,30,12,30,5,1,28,,38,0.118,3.0,89.7,85.2,80.1,0.065,0.1,38,40.0,27,0.143,16,19,11,0.667,25,80.72,25,85.2,14,94.26,23,13,0.0,18,0.0,1,96.87,80.0,80.0,5,10,2.0,27,96.87,9,0.0,38,5.2,9.6,0.181,0.667,36,1,14,29,1,20,33,29,38,5.2,0.172,16,40.0,0.0,0.0,0.0,0.0,10.0,0.0,0.0,3.0,0.0,0.0,0.0,0.0,0.0,0.0,0.0,0.0,0.0,0.0,0.0,0.0,0.0,0.0,0.0,0.0,0.0,0.0,0.0,3.0,15.0,4.0,0.3,0.0,1.333,1.19,0.0,0.0,4.0,0.267,0.13,1.0,4.8,5.0,5.9,2.0,2.0,0.364,2.0,0.5,0.333,0.667,11.0,1.0,1.0,3.0,0.0,0.0,0.333,0.0,0.444,6.0,0.4,0.25,3.8,1.0,0.0,1.0,0.333,0.0,0.0,1.0,1.0,1.0,MIA,1.0,0.333,1.0,1.0,1610612748.0,,,,,,,,,,,,,,,1.0,0.0,1.0,0.0,0.333,1.0,1.0,1.0,0.0,0.333,1.0,1.0,,0.333,0.0,0.0,0.333,0.0,0.0,0.0,,0.0,1.0,1.0,0.0,0.0,0.0,,0.0,,,,,0.0,0.0,0.0,0.0,0.0,0.667,0.0,1.0,0.0,4.0,0.0,,0.0,0.0,0.0,0.0,0.0,0.0,0.0,0.0,0.0,0.0,0.0,2.0,0.0,0.0,0.0,,0.0,,1.0,0.0,2.0,1.0,F-C,152.0,82.0,0.555,0.539,0.583,-0.044,1.0,0.0,0.0,1.0,,0.0,,0.0,0.0,2.0,,0.0,0.0,,0.0,0.0,0.0,0.0,2.0,0.0,0.0,,,0.0,0.0,MIA,0.0,0.0,0.0,,,,,0.0,2014,21300631,,MIA,LAL,20140123.0,2013-14,False,MIA,LAL,,,,,,,,,,,,,,,,,,,,,,,,,,,,,,,,,,,,,,,,,,,,,,,,,,,,,,,,,,,,,,,,,,,,,,,,,,,,,,,,,,,,,,,,,,,
2365,Chris Andersen,Chris,1610612748,MIA,35.0,1,1,0,1.0,20.566666666666663,0,0,0.0,0,0,0.0,0,0,0.0,2,6,8,1,1,0,2,0,3,0,0,-8,16.1,0,0,13.0,1,1,1,1,42,50,52,50,26,39,26,31,32,31,13,8,7,27,24,29,4,1,30,45,51,40,31,7,1,35,,55,0.182,0.0,82.3,79.5,99.9,0.075,0.273,49,50.0,44,0.091,3,6,6,0.0,15,85.58,50,79.5,39,99.84,30,37,1.0,54,0.077,27,102.69,97.7,97.7,13,51,0.0,4,102.69,50,50.0,55,-18.2,-17.6,0.021,0.0,47,25,39,32,25,54,52,1,49,-18.2,0.021,3,50.0,2.0,0.0,0.111,2.0,18.0,0.056,1.0,6.0,2.0,0.0,0.0,0.0,0.0,0.0,0.0,0.0,0.0,0.0,0.0,0.0,0.0,0.0,0.0,0.0,0.0,0.0,2.0,3.0,20.0,0.0,0.4,0.0,0.0,1.15,0.0,0.0,7.0,0.0,0.1,3.0,6.5,8.0,3.5,4.0,1.0,0.8,1.0,0.5,1.0,0.857,10.0,1.0,1.0,5.0,0.0,2.0,1.0,0.333,0.889,2.0,0.75,0.375,15.7,,,,,,,,,,,,,,,,,,,,,,,,,,,,,,,,,,,,,,,,,,,,,,,,,,,,,,,,0.0,,0.0,,,,,0.0,0.0,0.0,0.0,0.0,0.0,0.0,0.0,0.0,0.0,0.0,0.0,0.0,,0.0,0.0,0.0,0.0,0.0,0.0,0.0,0.0,0.0,0.0,,,0.0,0.0,0.0,0.0,0.0,0.0,0.0,0.0,F-C,188.0,101.0,0.534,0.537,0.592,-0.055,0.0,0.0,,0.0,,,0.0,0.0,0.0,0.0,0.0,0.0,,0.0,0.0,0.0,0.0,0.0,0.0,0.0,0.0,,,0.0,0.0,MIA,0.0,0.0,0.0,,,,,0.0,2014,21300813,,OKC,MIA,20140220.0,2013-14,False,MIA,OKC,,,,,,,,,,,,,,,,,,,,,,,,,,,,,,,,,,,,,,,,,,,,,,,,,,,,,,,,,,,,,,,,,,,,,,,,,,,,,,,,,,,,,,,,,,,
2365,Chris Andersen,Chris,1610612748,MIA,35.0,1,1,0,1.0,16.688333333333333,0,1,0.0,0,0,0.0,0,0,0.0,1,6,7,0,0,0,2,0,3,2,0,17,14.4,0,0,11.0,1,1,1,1,62,76,78,76,38,50,38,55,57,55,21,11,17,54,64,40,3,1,50,30,80,10,50,7,1,59,,1,0.212,1.0,132.5,133.3,75.1,0.069,0.286,1,0.0,30,0.083,84,9,5,0.0,44,71.91,76,133.3,4,87.5,54,5,0.0,82,0.0,14,86.29,76.7,76.7,18,80,0.0,76,86.29,76,0.0,1,56.7,57.4,0.031,0.0,1,17,4,54,17,82,78,54,1,56.7,0.031,84,0.0,0.0,0.0,0.0,0.0,12.0,0.0,0.0,4.0,0.0,0.0,0.0,0.0,0.0,0.0,0.0,0.0,0.0,0.0,0.0,0.0,0.0,0.0,0.0,0.0,0.0,0.0,1.0,0.0,13.0,0.0,0.2,0.0,0.0,1.05,0.0,0.0,4.0,0.0,0.0,4.0,5.7,8.0,4.0,2.0,0.0,0.636,0.0,0.0,0.333,0.75,11.0,0.0,1.0,3.0,0.0,4.0,0.333,0.667,0.636,3.0,0.75,0.571,15.8,,,,,,,,,,,,,,,,,1.0,1.0,0.0,0.0,0.0,0.0,1.0,1.0,0.0,,0.0,0.0,0.0,,,,,,,,,,,,,,,,,,,,,,,,,,,0.0,,0.0,,,,,0.0,0.0,0.0,0.0,0.0,0.0,0.0,0.0,0.0,0.0,0.0,0.0,0.0,0.0,0.0,0.0,0.0,0.0,0.0,0.0,0.0,0.0,0.0,0.0,0.0,0.0,0.0,0.0,0.0,0.0,1.0,0.0,0.0,0.0,F-C,199.0,104.0,0.532,0.523,0.59,-0.068,1.0,0.0,,0.0,,,0.0,0.0,0.0,0.0,0.0,0.0,,0.0,0.0,0.0,0.0,0.0,0.0,0.0,0.0,,,0.0,0.0,MIA,0.0,0.0,1.0,,,,0.0,0.0,2014,21300865,,MIA,NYK,20140227.0,2013-14,False,MIA,NYK,,,,,,,,,,,,,,,,,,,,,,,,,,,,,,,,,,,,,,,,,,,,,,,,,,,,,,,,,,,,,,,,,,,,,,,,,,,,,,,,,,,,,,,,,,,
2365,Chris Andersen,Chris,1610612748,MIA,35.0,1,0,1,0.0,17.016666666666666,2,3,0.667,0,0,0.0,2,2,1.0,2,4,6,0,1,1,0,0,4,2,6,-13,15.2,0,0,14.0,1,35,35,35,48,39,51,8,32,44,32,18,21,1,5,22,15,47,29,16,18,1,56,21,41,57,39,6,1,40,,60,0.171,3.0,70.3,70.3,103.1,0.109,0.25,63,20.0,37,0.105,26,11,12,0.773,42,86.97,39,70.3,55,105.5,28,54,0.0,53,0.0,28,104.37,105.4,105.4,10,8,2.0,25,104.37,13,0.0,59,-35.1,-32.7,0.122,0.667,63,28,55,47,28,53,51,47,63,-35.1,0.125,26,20.5,2.0,0.0,0.0,0.0,16.0,0.0,0.0,8.0,0.0,0.0,0.0,0.0,0.0,0.0,0.0,0.0,0.0,0.0,0.0,0.0,0.0,0.0,0.0,0.0,0.0,0.0,0.0,5.0,21.0,6.0,0.4,0.0,0.8,1.19,0.0,0.0,8.0,0.286,0.33,3.0,10.2,6.0,13.2,2.0,1.0,0.545,1.0,0.5,0.4,0.8,11.0,1.0,1.0,3.0,0.0,2.0,0.4,0.5,0.6,5.0,0.667,0.5,4.2,,,,,,,,,,,,,,,,,3.0,1.0,0.0,0.667,0.0,2.0,1.0,3.0,0.667,,2.0,0.667,0.0,,,,,,,,,,,,,,,,,,,,,,,,,,,0.0,,0.0,,,,,0.0,0.0,0.0,0.0,0.0,0.667,0.0,0.5,0.0,4.0,0.0,0.0,0.0,0.0,0.0,0.0,0.0,0.0,0.0,0.0,0.0,0.0,0.0,2.0,0.0,0.0,0.0,0.0,0.0,0.0,0.0,0.0,3.0,0.667,F-C,215.0,114.0,0.54,0.53,0.592,-0.062,0.0,0.0,,0.667,,,0.0,0.0,0.0,2.0,0.0,0.0,,0.0,0.0,0.0,0.0,0.0,3.0,0.0,0.0,,,0.0,0.0,MIA,0.0,0.0,0.0,,,,,0.0,2014,21300914,,SAS,MIA,20140306.0,2013-14,False,MIA,SAS,,,,,,,,,,,,,,,,,,,,,,,,,,,,,,,,,,,,,,,,,,,,,,,,,,,,,,,,,,,,,,,,,,,,,,,,,,,,,,,,,,,,,,,,,,,
2365,Chris Andersen,Chris,1610612748,MIA,35.0,1,1,0,1.0,28.501666666666665,1,4,0.25,0,1,0.0,1,2,0.5,2,10,12,1,0,0,1,1,0,1,3,25,21.9,0,0,18.0,1,1,1,1,9,13,12,13,11,11,11,7,6,6,2,1,2,8,9,10,2,13,1,8,13,1,9,2,1,9,,1,0.245,4.0,126.7,127.1,77.4,0.152,0.323,2,0.0,48,0.111,16,1,1,0.307,7,66.66,13,127.1,1,79.73,5,1,0.0,17,0.048,1,80.0,76.6,76.6,3,15,1.0,15,80.0,15,16.7,1,50.5,49.3,0.094,0.25,2,1,1,11,1,17,12,9,2,50.5,0.093,16,0.0,1.0,0.0,0.043,2.0,23.0,0.043,0.0,10.0,1.0,0.0,0.0,0.0,0.0,0.0,0.0,0.0,0.0,0.0,0.0,0.0,0.0,0.0,0.0,0.0,0.0,0.0,0.0,3.0,28.0,3.0,0.5,0.0,0.667,1.06,0.0,0.0,9.0,0.107,0.11,5.0,3.5,15.0,3.5,7.0,2.0,0.571,3.0,1.0,0.333,0.769,21.0,2.0,0.0,7.0,1.0,3.0,0.4,0.3,0.667,6.0,0.667,0.417,3.5,0.5,0.0,1.0,0.667,0.0,0.0,1.0,1.0,2.0,MIA,0.5,0.667,0.5,2.0,1610612748.0,,0.0,0.0,1.0,,0.333,0.0,0.333,1.0,0.0,0.0,0.0,0.0,0.0,,,,,,,,,,,,,,,,,,,,,,,,,,,0.0,0.0,0.0,,,,0.0,0.0,0.0,0.0,0.0,0.0,0.25,0.0,0.5,0.0,2.0,0.0,0.0,0.0,0.0,0.0,0.0,1.0,0.0,0.0,0.0,0.0,0.0,0.0,1.0,0.0,0.0,0.0,0.0,0.0,0.0,0.0,0.0,3.0,0.333,F-C,36.0,12.0,0.439,0.333,0.597,-0.264,0.0,0.0,,0.333,0.0,,0.0,1.0,0.0,1.0,0.0,0.0,,0.0,0.0,0.0,0.0,0.0,3.0,0.0,0.0,0.0,0.0,0.0,0.0,MIA,0.0,0.0,1.0,0.0,1.0,0.0,0.0,0.0,2014,41300302,,IND,MIA,20140520.0,2013-14,True,MIA,IND,1610612754.0,MIA_IND_2014,1.0,2.0,12.0,0.167,0.463,-0.297,,,,,,,1.0,2.0,12.0,0.167,0.481,-0.314,0.417,1.0,5.0,0.2,0.583,-0.383,0.583,2.0,7.0,0.286,0.522,-0.236,0.167,0.0,2.0,0.0,0.435,-0.435,1610612748.0,MIA,28.0,0.0,0.0,0.0,0.0,0.0,0.0,0.0,0.0,0.0,0.0,0.0,0.0,0.0,0.0,0.0,0.0,0.0,1610612748.0,MIA,28.5,9696.0,1.84,0.87,0.96,3.78,4.03,3.96,,,,,,,,,,,,,,,,,,,,,,,
2365,Chris Andersen,Chris,1610612748,MIA,35.0,1,1,0,1.0,18.183333333333334,3,4,0.75,0,0,0.0,1,2,0.5,1,1,2,0,1,0,1,0,2,2,7,5,11.4,0,0,11.0,1,1,1,1,42,28,40,4,26,40,26,26,24,26,15,37,34,42,23,25,5,1,21,22,35,18,41,6,1,40,,45,0.08,4.0,124.4,120.6,113.5,0.071,0.111,13,16.7,34,0.063,57,34,30,0.717,33,73.69,28,120.6,21,85.37,38,18,0.0,36,0.0,41,88.43,109.1,109.1,16,14,3.0,55,88.43,8,0.0,45,11.5,10.9,0.159,0.75,7,33,21,42,33,35,40,42,13,11.5,0.154,57,17.0,1.0,0.0,0.0,0.0,10.0,0.0,0.0,7.0,0.0,0.0,0.0,0.0,0.0,0.0,0.0,0.0,0.0,0.0,0.0,0.0,0.0,0.0,0.0,0.0,0.0,0.0,1.0,5.0,15.0,7.0,0.4,0.0,1.0,1.43,0.0,0.0,8.0,0.467,0.13,2.0,3.2,3.0,3.8,0.0,1.0,0.222,1.0,1.0,0.167,0.5,9.0,1.0,0.0,0.0,0.0,1.0,0.167,1.0,0.25,6.0,0.333,1.0,2.5,0.0,0.0,1.0,0.25,0.0,0.0,0.0,0.0,1.0,MIA,0.0,0.25,0.0,1.0,1610612748.0,,1.0,0.25,0.0,1.0,0.0,1.0,0.25,1.0,1.0,,1.0,1.0,0.0,2.0,0.0,1.0,0.0,0.5,2.0,2.0,1.0,0.0,0.5,2.0,1.0,,,,,,,,,,,,,,,0.0,,0.0,,,,,0.0,0.0,0.0,0.0,0.0,0.75,0.0,0.667,0.0,5.0,0.0,,0.0,0.0,0.0,0.0,0.0,0.0,0.0,0.0,0.0,0.0,0.0,3.0,0.0,0.0,0.0,,0.0,,0.0,0.0,4.0,0.75,F-C,17.0,6.0,0.459,0.353,0.599,-0.246,0.0,0.0,,0.75,0.0,,,0.0,0.0,3.0,,0.0,,,0.0,0.0,0.0,0.0,4.0,0.0,0.0,0.0,0.0,0.0,0.0,MIA,0.0,0.0,0.0,,,,,0.0,2014,41300114,,CHA,MIA,20140428.0,2013-14,True,MIA,CHA,1610612766.0,MIA_CHA_2014,1.0,3.0,6.0,0.5,0.425,0.075,0.167,1.0,1.0,1.0,0.368,0.632,0.833,2.0,5.0,0.4,0.45,-0.05,0.333,1.0,2.0,0.5,0.596,-0.096,0.5,1.0,3.0,0.333,0.527,-0.194,0.5,2.0,3.0,0.667,0.366,0.301,1610612748.0,MIA,15.0,0.0,0.0,0.0,0.0,0.0,0.0,0.0,0.0,0.0,0.0,0.0,0.0,0.0,0.0,0.0,0.0,0.0,1610612748.0,MIA,18.18,6736.0,1.28,0.72,0.56,4.3,3.92,4.84,,,,,,,,,,,,,,,,,,,,,,,
2365,Chris Andersen,Chris,1610612748,MIA,35.0,1,0,1,0.0,19.716666666666665,0,1,0.0,0,0,0.0,3,4,0.75,2,3,5,0,0,1,1,1,1,2,3,-11,15.0,0,0,12.0,1,14,14,14,13,17,17,17,13,16,13,5,5,8,1,5,2,15,13,6,2,22,10,10,15,23,11,1,1,13,,1,0.2,1.0,119.3,118.8,138.9,0.076,0.273,9,0.0,32,0.143,25,2,3,0.543,13,67.96,17,118.8,20,81.7,15,16,0.0,19,0.0,26,81.56,140.0,140.0,2,15,0.0,23,81.56,17,0.0,1,-21.3,-19.5,0.077,0.0,9,26,20,15,26,19,17,15,9,-21.3,0.083,25,0.0,2.0,0.0,0.0,0.0,15.0,0.0,0.0,9.0,0.0,0.0,0.0,0.0,0.0,0.0,0.0,0.0,0.0,0.0,0.0,1.0,1.0,0.0,0.0,0.0,1.0,0.0,1.0,4.0,18.0,3.0,0.5,0.0,0.0,1.54,0.0,1.0,11.0,0.167,0.61,4.0,3.1,4.0,3.9,1.0,1.0,0.625,1.0,1.0,0.5,1.0,8.0,2.0,0.0,1.0,0.0,2.0,0.5,0.667,0.714,4.0,0.75,0.8,1.9,,,,,,,,,,,,,,,,,,,,,,,,,,,,,,,,,,,,,,,,,,,,,,,,,,,,,,,,0.0,,0.0,,,,,0.0,0.0,0.0,0.0,0.0,0.0,0.0,0.0,0.0,0.0,0.0,0.0,0.0,0.0,0.0,0.0,0.0,0.0,0.0,0.0,0.0,0.0,0.0,0.0,0.0,0.0,0.0,0.0,0.0,0.0,0.0,0.0,1.0,0.0,F-C,53.0,23.0,0.477,0.434,0.609,-0.175,0.0,0.0,0.0,0.0,,0.0,0.0,0.0,0.0,0.0,0.0,0.0,0.0,0.0,0.0,0.0,0.0,0.0,1.0,0.0,0.0,,,0.0,0.0,MIA,0.0,0.0,0.0,,,,,0.0,2014,41300403,,MIA,SAS,20140610.0,2013-14,True,MIA,SAS,1610612759.0,MIA_SAS_2014,1.0,7.0,8.0,0.875,0.482,0.394,0.125,1.0,1.0,1.0,0.362,0.638,0.875,6.0,7.0,0.857,0.525,0.332,0.625,4.0,5.0,0.8,0.671,0.129,0.75,5.0,6.0,0.833,0.607,0.226,0.125,1.0,1.0,1.0,0.344,0.656,1610612748.0,MIA,18.0,1.0,0.0,0.0,0.0,0.0,0.0,0.0,0.0,0.0,0.0,0.0,0.0,0.0,1.0,1.0,0.0,0.0,1610612748.0,MIA,19.72,7137.0,1.35,0.68,0.68,4.27,4.28,4.25,,,,,,,,,,,,,,,,,,,,,,,
2365,Chris Andersen,Chris,1610612748,MIA,35.0,1,0,1,0.0,18.6,6,7,0.857,0,0,0.0,2,2,1.0,2,2,4,0,2,1,2,0,4,1,14,3,25.8,0,0,24.0,1,14,14,14,11,6,11,2,10,14,10,6,7,1,2,9,6,13,4,3,1,1,21,12,8,7,7,2,1,7,,22,0.148,7.0,119.7,116.7,106.2,0.157,0.154,7,20.0,36,0.143,5,8,3,0.888,10,77.42,6,116.7,6,92.65,5,6,0.0,4,0.0,17,92.9,108.3,108.3,3,2,6.0,3,92.9,3,0.0,22,8.3,13.5,0.266,0.857,7,14,6,13,14,4,11,13,7,8.3,0.263,5,20.2,0.0,0.0,0.0,0.0,14.0,0.0,0.0,9.0,0.0,0.0,0.0,0.0,0.0,0.0,0.0,0.0,0.0,0.0,0.0,0.0,0.0,0.0,0.0,0.0,0.0,0.0,1.0,5.0,23.0,14.0,0.4,0.0,2.0,1.15,0.0,0.0,10.0,0.609,0.09,3.0,2.5,8.0,3.7,0.0,1.0,0.308,1.0,0.5,0.4,0.286,13.0,1.0,1.0,1.0,0.0,2.0,0.4,1.0,0.333,5.0,0.25,0.75,1.3,1.0,0.0,1.0,0.286,0.0,0.0,2.0,2.0,2.0,MIA,1.0,0.286,1.0,2.0,1610612748.0,,2.0,0.286,0.0,1.0,0.0,2.0,0.286,2.0,1.0,,2.0,1.0,0.0,1.0,0.0,0.0,0.0,0.143,0.0,0.0,0.0,0.0,0.143,1.0,0.0,,0.286,0.0,2.0,0.286,0.0,0.0,1.0,,1.0,2.0,2.0,1.0,2.0,0.0,,0.0,,,,,0.0,0.0,0.0,0.0,0.0,0.857,0.0,1.0,0.0,10.0,0.0,,0.0,0.0,0.0,0.0,0.0,0.0,0.0,0.0,0.0,0.0,0.0,6.0,0.0,0.0,0.0,,0.0,,1.0,0.0,6.0,1.0,F-C,31.0,11.0,0.443,0.355,0.599,-0.244,1.0,0.0,,1.0,,,,0.0,0.0,6.0,,0.0,,,0.0,0.0,0.0,0.0,6.0,0.0,0.0,,,0.0,0.0,MIA,0.0,0.0,1.0,,,,0.0,0.0,2014,41300301,,IND,MIA,20140518.0,2013-14,True,MIA,IND,1610612754.0,MIA_IND_2014,1.0,3.0,8.0,0.375,0.448,-0.073,0.125,0.0,1.0,0.0,0.372,-0.372,0.875,3.0,7.0,0.429,0.471,-0.043,0.5,1.0,4.0,0.25,0.599,-0.349,0.625,1.0,5.0,0.2,0.534,-0.334,0.125,0.0,1.0,0.0,0.382,-0.382,1610612748.0,MIA,23.0,0.0,0.0,0.0,0.0,0.0,0.0,0.0,0.0,0.0,0.0,0.0,0.0,0.0,0.0,0.0,0.0,0.0,1610612748.0,MIA,18.6,6598.0,1.25,0.62,0.63,3.88,4.25,3.57,,,,,,,,,,,,,,,,,,,,,,,
2365,Chris Andersen,Chris,1610612748,MIA,35.0,1,1,0,1.0,24.133333333333333,1,4,0.25,0,0,0.0,1,2,0.5,0,9,9,0,2,0,0,1,3,3,3,-1,11.8,0,0,12.0,1,1,1,1,12,14,14,15,12,15,12,7,7,6,7,1,4,15,5,12,5,17,13,5,14,11,14,3,1,13,,20,0.214,4.0,98.2,97.8,101.6,0.044,0.391,15,28.6,46,0.0,10,2,2,0.307,11,76.24,14,97.8,11,90.62,14,11,0.0,12,0.0,6,91.49,100.0,100.0,7,15,1.0,11,91.49,16,0.0,20,-2.2,-3.4,0.138,0.25,17,5,11,15,5,13,14,15,15,-2.2,0.132,10,29.1,0.0,0.0,0.0,0.0,21.0,0.0,0.0,10.0,0.0,0.0,0.0,0.0,0.0,0.0,0.0,0.0,0.0,0.0,0.0,0.0,0.0,0.0,0.0,0.0,0.0,0.0,0.0,3.0,28.0,3.0,0.6,0.0,0.0,1.32,0.0,0.0,11.0,0.107,0.21,5.0,3.6,10.0,3.6,3.0,0.0,0.6,0.0,0.0,0.0,0.9,15.0,0.0,0.0,3.0,0.0,5.0,0.0,0.556,0.6,5.0,0.9,0.556,0.0,0.0,0.0,1.0,0.333,0.0,0.0,0.0,0.0,1.0,MIA,0.0,0.333,0.0,1.0,1610612748.0,,1.0,0.333,0.0,1.0,0.0,1.0,0.333,1.0,1.0,,1.0,1.0,0.0,,,,,,,,,,,,,,0.333,0.0,0.0,0.333,0.0,0.0,0.0,,0.0,1.0,1.0,0.0,0.0,0.0,,0.0,,,,,0.0,0.0,0.0,0.0,0.0,0.25,0.0,0.0,0.0,0.0,0.0,,0.0,0.0,0.0,0.0,0.0,0.0,0.0,0.0,0.0,0.0,0.0,1.0,0.0,0.0,0.0,,0.0,,1.0,0.0,3.0,0.333,F-C,48.0,19.0,0.466,0.396,0.603,-0.207,1.0,0.0,0.0,0.333,,0.0,,0.0,0.0,1.0,,0.0,0.0,,0.0,0.0,0.0,0.0,3.0,0.0,0.0,,,0.0,0.0,MIA,0.0,0.0,1.0,,,,0.0,0.0,2014,41300402,,SAS,MIA,20140608.0,2013-14,True,MIA,SAS,1610612759.0,MIA_SAS_2014,1.0,3.0,6.0,0.5,0.486,0.014,,,,,,,1.0,3.0,6.0,0.5,0.513,-0.013,0.833,3.0,5.0,0.6,0.642,-0.042,0.833,3.0,5.0,0.6,0.589,0.011,,,,,,,1610612748.0,MIA,28.0,0.0,0.0,0.0,0.0,0.0,0.0,0.0,0.0,0.0,0.0,0.0,0.0,0.0,0.0,0.0,0.0,0.0,1610612748.0,MIA,24.13,8462.0,1.6,0.82,0.78,4.01,3.82,4.21,,,,,,,,,,,,,,,,,,,,,,,
2365,Chris Andersen,Chris,1610612748,MIA,35.0,1,0,1,0.0,17.533333333333335,1,2,0.5,0,0,0.0,0,0,0.0,0,3,3,0,1,0,1,1,0,1,2,-1,7.6,0,0,7.0,1,10,10,10,15,14,17,9,13,16,13,12,12,12,8,6,7,14,11,11,2,14,1,9,15,10,17,3,1,17,,16,0.094,2.0,98.2,97.1,96.7,0.056,0.2,11,33.3,35,0.0,9,4,7,0.5,12,80.99,14,97.1,9,96.97,13,8,0.0,17,0.0,6,97.19,97.2,97.2,8,13,1.0,7,97.19,12,0.0,15,-0.1,1.5,0.082,0.5,14,7,9,14,7,17,17,14,11,-0.1,0.079,9,33.3,0.0,0.0,0.0,0.0,9.0,0.0,0.0,3.0,0.0,0.0,1.0,2.0,1.0,0.0,0.0,0.0,0.0,0.0,0.0,0.0,1.0,0.0,0.0,1.0,0.0,2.0,0.0,1.0,11.0,2.0,0.4,0.0,0.0,1.97,0.0,0.0,4.0,0.182,0.45,1.0,7.0,5.0,7.0,2.0,0.0,0.6,0.0,0.0,0.0,0.6,5.0,0.0,0.0,2.0,0.0,1.0,0.0,0.333,0.6,0.0,0.6,0.333,0.0,,,,,,,,,,,,,,,,,1.0,1.0,0.0,1.0,0.0,1.0,1.0,1.0,1.0,,1.0,1.0,0.0,,,,,,,,,,,,,,,,,,,,,,,,,,,0.0,,0.0,,,,,0.0,0.0,0.0,0.0,0.0,0.5,0.0,0.0,0.0,0.0,0.0,,0.0,0.0,0.0,1.0,0.0,0.0,0.0,0.0,0.0,0.0,0.0,1.0,0.0,0.0,0.0,,0.0,,0.0,0.0,1.0,1.0,F-C,43.0,16.0,0.443,0.372,0.598,-0.226,0.0,0.0,,1.0,,,,0.0,0.0,1.0,,0.0,,,0.0,0.0,0.0,0.0,1.0,1.0,0.0,,,0.0,0.0,MIA,0.0,0.0,0.0,,,,,0.0,2014,41300401,,SAS,MIA,20140605.0,2013-14,True,MIA,SAS,1610612759.0,MIA_SAS_2014,1.0,0.0,6.0,0.0,0.499,-0.499,0.167,0.0,1.0,0.0,0.362,-0.362,0.833,0.0,5.0,0.0,0.536,-0.536,0.333,0.0,2.0,0.0,0.661,-0.661,0.667,0.0,4.0,0.0,0.594,-0.594,0.167,0.0,1.0,0.0,0.344,-0.344,1610612748.0,MIA,11.0,0.0,0.0,0.0,0.0,0.0,0.0,0.0,0.0,0.0,0.0,0.0,0.0,0.0,0.0,0.0,0.0,0.0,1610612748.0,MIA,17.53,6401.0,1.21,0.56,0.65,4.13,4.25,4.67,,,,,,,,,,,,,,,,,,,,,,,
2365,Chris Andersen,Chris,1610612748,MIA,35.0,1,1,0,1.0,13.866666666666667,2,2,1.0,0,0,0.0,1,2,0.5,3,3,6,0,0,0,0,0,0,1,5,-12,12.2,0,0,11.0,1,1,1,1,33,27,34,1,14,25,14,17,13,18,4,15,12,27,23,18,10,1,1,20,29,33,28,2,1,29,,1,0.231,2.0,84.4,79.2,128.1,0.246,0.273,38,0.0,24,0.2,38,4,1,0.868,18,69.23,27,79.2,38,80.86,3,38,0.0,36,0.0,34,83.08,129.2,129.2,2,2,2.0,40,83.08,1,0.0,1,-50.0,-43.7,0.105,1.0,38,36,38,27,36,36,34,27,38,-50.0,0.103,38,0.0,0.0,0.0,0.0,0.0,7.0,0.0,0.0,2.0,0.0,0.0,0.0,0.0,0.0,0.0,0.0,0.0,0.0,0.0,0.0,0.0,0.0,0.0,0.0,0.0,0.0,0.0,0.0,5.0,10.0,5.0,0.2,0.0,1.0,1.0,0.0,1.0,6.0,0.5,0.0,3.0,4.4,4.0,3.8,2.0,0.0,0.75,0.0,0.667,0.75,0.75,8.0,2.0,1.0,3.0,0.0,1.0,0.75,0.333,0.75,4.0,0.75,0.5,5.1,1.0,0.0,1.0,1.0,0.0,0.0,2.0,2.0,2.0,MIA,1.0,1.0,1.0,2.0,1610612748.0,,,,,,,,,,,,,,,,,,,,,,,,,,,,,,,,,,,,,,,,,0.0,,0.0,,,,,0.0,0.0,0.0,0.0,0.0,1.0,0.0,1.0,0.0,5.0,0.0,,0.0,0.0,0.0,0.0,0.0,0.0,0.0,0.0,0.0,0.0,0.0,2.0,0.0,0.0,0.0,,0.0,,0.0,0.0,2.0,1.0,F-C,27.0,10.0,0.45,0.37,0.599,-0.229,0.0,0.0,,1.0,0.0,,0.0,0.0,,2.0,0.0,0.0,,0.0,0.0,0.0,0.0,0.0,2.0,0.0,0.0,0.0,0.0,0.0,0.0,MIA,,,0.0,,,,,0.0,2014,41300214,,BKN,MIA,20140512.0,2013-14,True,MIA,BKN,1610612751.0,MIA_BKN_2014,1.0,3.0,6.0,0.5,0.447,0.053,0.167,0.0,1.0,0.0,0.273,-0.273,0.833,3.0,5.0,0.6,0.482,0.118,0.5,2.0,3.0,0.667,0.609,0.058,0.5,2.0,3.0,0.667,0.56,0.107,0.333,1.0,2.0,0.5,0.336,0.164,1610612748.0,MIA,10.0,1.0,0.0,0.0,0.0,0.0,0.0,0.0,0.0,0.0,1.0,1.0,0.0,0.0,0.0,0.0,0.0,0.0,1610612748.0,MIA,13.87,4747.0,0.9,0.49,0.41,3.91,3.88,3.96,,,,,,,,,,,,,,,,,,,,,,,
2365,Chris Andersen,Chris,1610612748,MIA,35.0,1,0,1,0.0,17.973333333333333,0,1,0.0,0,0,0.0,0,0,0.0,1,5,6,0,0,1,1,0,5,2,0,-11,13.2,0,0,10.0,1,14,14,14,11,19,20,19,10,16,10,14,14,14,4,6,6,19,10,2,3,1,25,8,21,22,10,3,1,14,,1,0.154,1.0,67.2,68.8,98.4,0.022,0.278,26,0.0,32,0.048,18,3,4,0.0,9,74.55,19,68.8,23,88.5,19,24,0.0,25,0.0,10,89.47,94.3,94.3,5,21,0.0,25,89.47,19,0.0,1,-25.5,-31.3,0.028,0.0,26,5,23,19,5,25,20,19,26,-25.5,0.027,18,0.0,0.0,0.0,0.0,0.0,7.0,0.0,0.0,0.0,0.0,0.0,0.0,0.0,0.0,0.0,0.0,0.0,0.0,0.0,0.0,0.0,0.0,0.0,0.0,0.0,0.0,0.0,0.0,1.0,9.0,0.0,0.1,0.0,0.0,0.91,0.0,0.0,1.0,0.0,0.22,1.0,3.9,9.0,4.2,5.0,0.0,0.353,0.0,1.0,0.125,0.556,17.0,1.0,0.0,5.0,0.0,0.0,0.125,0.0,0.353,8.0,0.556,0.167,2.0,0.0,0.0,1.0,1.0,0.0,0.0,0.0,0.0,1.0,MIA,0.0,1.0,0.0,1.0,1610612748.0,,,,,,,,,,,,,,,,,,,,,,,,,,,,,,,,,,,,,,,,,0.0,,0.0,,,,,0.0,0.0,0.0,0.0,0.0,0.0,0.0,0.0,0.0,0.0,0.0,,0.0,0.0,0.0,0.0,0.0,0.0,0.0,0.0,0.0,0.0,0.0,0.0,0.0,0.0,0.0,,0.0,,0.0,0.0,1.0,0.0,F-C,60.0,28.0,0.492,0.467,0.612,-0.145,0.0,0.0,,0.0,,,,0.0,0.0,0.0,,0.0,,,0.0,0.0,0.0,0.0,1.0,0.0,0.0,,,0.0,0.0,MIA,0.0,0.0,0.0,,,,,0.0,2014,41300405,,SAS,MIA,20140615.0,2013-14,True,MIA,SAS,1610612759.0,MIA_SAS_2014,1.0,5.0,8.0,0.625,0.489,0.136,0.25,1.0,2.0,0.5,0.397,0.103,0.75,4.0,6.0,0.667,0.54,0.127,0.625,3.0,5.0,0.6,0.664,-0.064,0.75,4.0,6.0,0.667,0.608,0.058,0.25,1.0,2.0,0.5,0.381,0.12,1610612748.0,MIA,9.0,0.0,0.0,0.0,0.0,0.0,0.0,0.0,0.0,0.0,0.0,0.0,0.0,0.0,0.0,0.0,0.0,0.0,1610612748.0,MIA,17.97,6809.0,1.29,0.66,0.63,4.33,4.52,4.14,,,,,,,,,,,,,,,,,,,,,,,
2365,Chris Andersen,Chris,1610612748,MIA,35.0,1,0,1,0.0,10.283333333333331,1,4,0.25,0,0,0.0,3,4,0.75,3,2,5,0,0,0,0,1,5,2,5,-9,11.0,0,0,10.0,1,14,14,14,16,17,12,20,8,17,8,4,4,4,2,6,5,15,15,9,4,22,25,7,14,20,12,3,1,15,,1,0.294,4.0,80.5,75.0,127.4,-0.02,0.4,25,0.0,20,0.25,8,1,1,0.434,11,79.74,17,75.0,25,87.47,23,23,0.0,8,0.0,15,95.69,114.3,114.3,3,20,1.0,10,95.69,20,0.0,1,-39.3,-46.9,0.254,0.25,25,10,25,15,10,8,12,15,25,-39.3,0.25,8,0.0,0.0,0.0,0.0,0.0,7.0,0.0,0.0,7.0,0.0,0.0,0.0,0.0,0.0,0.0,0.0,0.0,0.0,0.0,0.0,0.0,0.0,0.0,0.0,0.0,0.0,0.0,2.0,7.0,14.0,5.0,0.2,0.0,0.714,1.03,0.0,0.0,8.0,0.357,0.07,1.0,4.0,4.0,6.2,2.0,0.0,0.714,0.0,0.333,1.0,0.5,7.0,1.0,1.0,3.0,0.0,0.0,1.0,0.0,0.714,3.0,0.5,0.2,1.7,0.0,0.0,1.0,0.333,0.0,0.0,0.0,0.0,1.0,MIA,0.0,0.333,0.0,1.0,1610612748.0,,1.0,0.333,0.0,0.0,0.0,0.0,0.333,1.0,0.0,,0.0,0.0,0.0,1.0,0.0,1.0,0.0,0.333,1.0,1.0,1.0,0.0,0.333,1.0,1.0,,,,,,,,,,,,,,,0.0,,0.0,,,,,0.0,0.0,0.0,0.0,0.0,0.25,0.0,0.25,0.0,5.0,0.0,,0.0,0.0,0.0,0.0,0.0,0.0,0.0,0.0,0.0,0.0,0.0,1.0,0.0,0.0,0.0,,0.0,,0.0,0.0,4.0,0.25,F-C,55.0,25.0,0.482,0.455,0.607,-0.153,0.0,0.0,,0.25,,,,0.0,0.0,1.0,,0.0,,,0.0,0.0,0.0,0.0,4.0,0.0,0.0,,,0.0,0.0,MIA,0.0,0.0,0.0,,,,,0.0,2014,41300404,,MIA,SAS,20140612.0,2013-14,True,MIA,SAS,1610612759.0,MIA_SAS_2014,1.0,3.0,3.0,1.0,0.512,0.488,,,,,,,1.0,3.0,3.0,1.0,0.53,0.47,0.667,2.0,2.0,1.0,0.564,0.436,1.0,3.0,3.0,1.0,0.536,0.464,,,,,,,1610612748.0,MIA,14.0,0.0,0.0,0.0,0.0,0.0,0.0,0.0,0.0,0.0,0.0,0.0,0.0,0.0,0.0,0.0,0.0,0.0,1610612748.0,MIA,10.28,3919.0,0.74,0.36,0.38,4.08,4.53,4.82,,,,,,,,,,,,,,,,,,,,,,,
2365,Chris Andersen,Chris,1610612748,MIA,35.0,1,1,0,1.0,22.03333333333333,4,7,0.571,0,0,0.0,4,4,1.0,1,6,7,1,0,1,1,2,2,3,12,-1,27.9,0,0,24.0,1,1,1,1,46,25,37,17,42,51,42,7,14,1,19,11,14,41,49,16,15,71,39,17,27,51,24,10,1,30,,1,0.175,7.0,107.2,114.6,116.6,0.186,0.333,15,0.0,41,0.045,54,6,7,0.685,38,75.34,25,114.6,45,92.59,11,62,0.0,41,0.083,67,90.41,114.3,114.3,28,18,4.0,42,90.41,26,10.0,1,0.3,-9.4,0.191,0.571,26,67,45,49,67,36,37,45,15,0.3,0.196,54,0.0,3.0,0.0,0.04,2.0,25.0,0.04,0.0,17.0,1.0,0.0,1.0,0.0,0.0,0.0,0.0,0.0,0.0,0.0,0.0,0.0,1.0,0.0,0.0,0.0,0.0,0.0,0.0,7.0,36.0,12.0,0.8,0.0,1.429,1.32,2.0,1.0,17.0,0.333,0.06,2.0,2.9,6.0,3.0,5.0,0.0,0.538,0.0,1.0,0.143,1.0,13.0,1.0,0.0,5.0,0.0,1.0,0.143,0.167,0.538,7.0,1.0,0.286,2.2,1.0,0.0,1.0,0.4,0.0,0.0,2.0,2.0,2.0,MIA,1.0,0.4,1.0,2.0,1610612748.0,,1.0,0.2,0.0,1.0,0.0,1.0,0.2,1.0,1.0,,1.0,1.0,0.0,1.0,0.0,1.0,0.0,0.2,1.0,1.0,1.0,0.0,0.2,1.0,1.0,,0.2,0.0,0.0,0.2,0.0,0.0,0.0,,0.0,1.0,1.0,0.0,0.0,0.0,,0.0,,,,,0.0,2.0,0.0,0.0,0.0,0.571,0.0,1.0,0.0,10.0,0.0,0.0,0.0,0.0,0.0,0.0,0.0,0.0,0.0,0.0,0.0,0.0,0.0,4.0,0.0,0.0,0.0,0.0,0.0,0.0,1.0,0.0,6.0,0.667,F-C,15.0,5.0,0.484,0.333,0.599,-0.266,1.0,0.0,,0.667,0.0,,0.0,0.0,0.0,4.0,0.0,0.0,,0.0,0.0,0.0,0.0,0.0,6.0,0.0,0.0,0.0,0.0,0.0,0.0,MIA,0.0,0.0,1.0,,,,0.0,0.0,2014,41300113,,CHA,MIA,20140426.0,2013-14,True,MIA,CHA,1610612766.0,MIA_CHA_2014,1.0,3.0,9.0,0.333,0.439,-0.106,0.111,0.0,1.0,0.0,0.348,-0.348,0.889,3.0,8.0,0.375,0.478,-0.103,0.778,2.0,7.0,0.286,0.601,-0.316,0.778,2.0,7.0,0.286,0.542,-0.256,0.222,1.0,2.0,0.5,0.369,0.132,1610612748.0,MIA,36.0,1.0,0.0,0.0,0.0,2.0,2.0,1.0,2.0,2.0,0.0,0.0,0.0,0.0,0.0,0.0,1.0,1.0,1610612748.0,MIA,22.03,8000.0,1.52,0.78,0.74,4.09,4.27,3.91,,,,,,,,,,,,,,,,,,,,,,,
2365,Chris Andersen,Chris,1610612748,MIA,35.0,1,0,1,0.0,14.683333333333334,0,0,0.0,0,0,0.0,2,2,1.0,0,4,4,0,2,0,2,0,3,1,2,-13,10.8,0,0,10.0,1,26,26,26,30,36,43,36,18,26,18,12,16,1,20,11,13,27,6,23,2,1,38,21,32,49,26,4,1,27,,51,0.16,0.0,84.4,78.6,115.1,0.047,0.286,42,66.7,28,0.0,25,7,11,1.136,19,77.64,36,78.6,44,92.32,32,39,0.0,40,0.0,28,93.17,120.7,120.7,20,2,0.0,21,93.17,36,0.0,51,-42.1,-30.8,0.11,0.0,43,34,44,27,34,40,43,27,42,-42.1,0.107,25,69.4,1.0,0.0,0.0,0.0,14.0,0.0,0.0,7.0,0.0,0.0,0.0,0.0,0.0,0.0,0.0,0.0,0.0,0.0,0.0,0.0,0.0,0.0,0.0,0.0,0.0,0.0,0.0,4.0,15.0,2.0,0.4,0.0,0.0,1.57,0.0,0.0,6.0,0.133,0.13,0.0,3.4,5.0,3.4,4.0,1.0,0.667,1.0,0.0,0.0,1.0,6.0,0.0,0.0,4.0,0.0,0.0,0.0,0.0,0.8,1.0,0.8,0.0,0.0,,,,,,,,,,,,,,,,,,,,,,,,,,,,,,,,,,,,,,,,,,,,,,,,,,,,,,,,0.0,,0.0,,,,,0.0,0.0,0.0,0.0,0.0,0.0,0.0,0.0,0.0,0.0,0.0,,0.0,0.0,0.0,0.0,0.0,0.0,0.0,0.0,0.0,0.0,0.0,0.0,0.0,0.0,0.0,,0.0,,0.0,0.0,0.0,0.0,F-C,24.0,8.0,0.444,0.333,0.598,-0.265,0.0,0.0,0.0,0.0,0.0,0.0,,0.0,0.0,0.0,,0.0,0.0,,0.0,0.0,0.0,0.0,0.0,0.0,0.0,0.0,0.0,0.0,0.0,MIA,0.0,0.0,0.0,,,,,0.0,2014,41300213,,BKN,MIA,20140510.0,2013-14,True,MIA,BKN,1610612751.0,MIA_BKN_2014,1.0,1.0,5.0,0.2,0.474,-0.274,,,,,,,1.0,1.0,5.0,0.2,0.487,-0.287,0.4,1.0,2.0,0.5,0.608,-0.108,0.6,1.0,3.0,0.333,0.551,-0.218,0.2,0.0,1.0,0.0,0.327,-0.327,1610612748.0,MIA,15.0,0.0,0.0,0.0,0.0,0.0,0.0,0.0,0.0,0.0,0.0,0.0,0.0,0.0,0.0,0.0,0.0,0.0,1610612748.0,MIA,14.68,5345.0,1.01,0.53,0.48,4.1,3.92,4.3,,,,,,,,,,,,,,,,,,,,,,,
2365,Chris Andersen,Chris,1610612748,MIA,35.0,1,1,0,1.0,9.866666666666667,1,3,0.333,0,0,0.0,0,0,0.0,0,3,3,0,0,1,0,1,0,0,2,2,8.6,0,0,7.0,1,1,1,1,33,30,30,29,19,29,19,16,19,16,22,17,22,25,23,6,15,30,1,30,32,17,31,4,1,31,,1,0.176,3.0,134.2,120.0,110.7,0.077,0.333,14,0.0,20,0.0,14,2,3,0.333,18,83.11,30,120.0,18,91.85,25,10,0.0,24,0.0,20,99.73,104.8,104.8,22,32,1.0,21,99.73,30,0.0,1,15.2,23.6,0.168,0.333,10,24,18,25,24,27,30,25,14,15.2,0.15,14,0.0,0.0,0.0,0.0,0.0,6.0,0.0,0.0,4.0,0.0,0.0,0.0,0.0,0.0,0.0,0.0,0.0,0.0,0.0,0.0,0.0,0.0,0.0,0.0,0.0,0.0,0.0,0.0,2.0,9.0,2.0,0.2,0.0,1.0,1.31,0.0,0.0,3.0,0.222,0.11,1.0,2.8,3.0,2.8,2.0,0.0,0.5,0.0,0.0,0.0,1.0,6.0,0.0,0.0,2.0,0.0,1.0,0.0,0.333,0.5,3.0,1.0,0.333,0.0,,,,,,,,,,,,,,,,,1.0,0.5,0.0,1.0,0.0,1.0,0.5,1.0,1.0,,1.0,1.0,0.0,1.0,0.0,0.0,0.0,0.5,0.0,0.0,0.0,0.0,0.5,1.0,0.0,,,,,,,,,,,,,,,0.0,,0.0,,,,,0.0,0.0,0.0,0.0,0.0,0.333,0.0,0.5,0.0,2.0,0.0,0.0,0.0,0.0,0.0,0.0,0.0,0.0,0.0,0.0,0.0,0.0,0.0,1.0,0.0,0.0,0.0,0.0,0.0,0.0,1.0,0.0,2.0,0.5,F-C,22.0,7.0,0.449,0.318,0.597,-0.279,1.0,0.0,,0.5,0.0,,0.0,0.0,0.0,1.0,0.0,0.0,,0.0,0.0,0.0,0.0,0.0,2.0,0.0,0.0,0.0,0.0,0.0,0.0,MIA,0.0,0.0,1.0,,,,0.0,0.0,2014,41300212,,MIA,BKN,20140508.0,2013-14,True,MIA,BKN,1610612751.0,MIA_BKN_2014,1.0,1.0,6.0,0.167,0.433,-0.266,0.333,1.0,2.0,0.5,0.354,0.147,0.667,0.0,4.0,0.0,0.481,-0.481,0.333,0.0,2.0,0.0,0.571,-0.571,0.5,0.0,3.0,0.0,0.52,-0.52,0.5,1.0,3.0,0.333,0.374,-0.04,1610612748.0,MIA,9.0,0.0,0.0,0.0,0.0,0.0,0.0,0.0,0.0,0.0,0.0,0.0,0.0,0.0,0.0,0.0,0.0,0.0,1610612748.0,MIA,9.87,3661.0,0.69,0.34,0.36,4.3,3.66,4.95,,,,,,,,,,,,,,,,,,,,,,,
2365,Chris Andersen,Chris,1610612748,MIA,35.0,1,1,0,1.0,19.066666666666663,3,4,0.75,0,0,0.0,1,2,0.5,1,3,4,0,0,0,2,0,1,1,7,8,17.8,0,0,15.0,1,1,1,1,38,25,41,10,28,40,28,31,23,30,18,22,22,42,46,24,5,1,13,32,30,17,27,5,1,30,,1,0.108,4.0,119.7,116.2,91.9,0.173,0.12,19,0.0,37,0.083,30,31,20,0.717,35,78.67,25,116.2,12,93.15,17,10,0.0,49,0.0,14,94.41,92.1,92.1,16,15,3.0,40,94.41,12,0.0,1,24.1,27.8,0.129,0.75,14,12,12,42,12,49,41,42,19,24.1,0.125,30,0.0,1.0,1.0,0.083,2.0,12.0,0.0,0.0,10.0,1.0,0.0,0.0,0.0,0.0,0.0,0.0,0.0,0.0,0.0,0.0,0.0,0.0,0.0,0.0,0.0,0.0,0.0,2.0,2.0,18.0,7.0,0.5,1.0,1.0,1.56,0.0,0.0,9.0,0.389,0.06,1.0,3.3,10.0,3.7,3.0,3.0,0.267,3.0,1.0,0.2,0.429,15.0,1.0,0.0,3.0,0.0,0.0,0.2,0.0,0.333,5.0,0.3,0.25,2.0,1.0,0.0,1.0,0.25,0.0,0.0,1.0,1.0,1.0,MIA,1.0,0.25,1.0,1.0,1610612748.0,,2.0,0.5,0.0,1.0,0.0,2.0,0.5,2.0,1.0,,2.0,1.0,0.0,,,,,,,,,,,,,,0.25,0.0,0.0,0.25,0.0,0.0,0.0,,0.0,1.0,1.0,0.0,0.0,0.0,,0.0,,,,,0.0,0.0,1.0,2.0,0.0,0.75,0.0,1.0,0.0,2.0,0.0,0.0,0.0,0.0,0.0,0.0,0.0,0.0,0.0,0.0,0.0,0.0,0.0,3.0,0.0,0.0,0.0,0.0,0.0,0.0,1.0,0.0,3.0,1.0,F-C,8.0,3.0,0.364,0.375,0.598,-0.223,1.0,0.0,,1.0,,,0.0,0.0,0.0,3.0,0.0,0.0,,0.0,0.0,0.0,0.0,0.0,3.0,0.0,0.0,,,0.0,0.0,MIA,0.0,0.0,1.0,,,,0.0,0.0,2014,41300112,,MIA,CHA,20140423.0,2013-14,True,MIA,CHA,1610612766.0,MIA_CHA_2014,1.0,2.0,10.0,0.2,0.462,-0.262,0.1,0.0,1.0,0.0,0.325,-0.325,0.9,2.0,9.0,0.222,0.491,-0.269,0.4,1.0,4.0,0.25,0.587,-0.337,0.4,1.0,4.0,0.25,0.518,-0.268,0.2,0.0,2.0,0.0,0.382,-0.382,1610612748.0,MIA,18.0,0.0,0.0,0.0,0.0,0.0,0.0,0.0,0.0,0.0,0.0,0.0,0.0,0.0,0.0,0.0,0.0,0.0,1610612748.0,MIA,19.07,6879.0,1.3,0.7,0.61,4.1,4.26,3.93,,,,,,,,,,,,,,,,,,,,,,,
2365,Chris Andersen,Chris,1610612748,MIA,35.0,1,1,0,1.0,22.666666666666668,1,1,1.0,0,0,0.0,1,2,0.5,1,6,7,2,1,0,0,0,3,3,3,-2,13.4,0,0,12.0,1,1,1,1,11,16,18,1,11,15,11,9,8,9,4,2,2,6,8,11,4,1,15,5,16,13,10,2,1,11,,17,0.226,1.0,116.2,115.0,112.4,0.109,0.333,7,20.0,40,0.077,16,3,3,0.798,1,71.47,16,115.0,11,87.16,7,10,2.0,19,0.154,13,85.76,117.1,117.1,5,2,1.0,12,85.76,1,40.0,17,-2.1,3.8,0.071,1.0,7,14,11,7,14,19,18,1,7,-2.1,0.071,16,20.5,2.0,0.0,0.133,6.0,15.0,0.133,0.0,4.0,2.0,0.0,0.0,0.0,0.0,0.0,0.0,0.0,0.0,0.0,0.0,0.0,0.0,0.0,0.0,0.0,0.0,0.0,1.0,2.0,18.0,3.0,0.5,0.0,1.5,1.71,0.0,0.0,4.0,0.167,0.11,2.0,3.1,8.0,3.1,5.0,0.0,0.636,0.0,1.0,0.333,0.75,11.0,1.0,0.0,5.0,0.0,1.0,0.333,0.167,0.636,3.0,0.75,0.286,2.8,1.0,0.0,1.0,1.0,0.0,0.0,1.0,1.0,1.0,MIA,1.0,1.0,1.0,1.0,1610612748.0,,,,,,,,,,,,,,,,,,,,,,,,,,,,,,,,,,,,,,,,,0.0,,0.0,,,,,0.0,0.0,0.0,0.0,0.0,1.0,0.0,1.0,0.0,3.0,0.0,0.0,0.0,0.0,0.0,0.0,0.0,0.0,0.0,0.0,0.0,0.0,0.0,1.0,0.0,0.0,0.0,0.0,0.0,0.0,0.0,0.0,1.0,1.0,F-C,39.0,14.0,0.453,0.359,0.596,-0.237,0.0,0.0,0.0,1.0,0.0,0.0,0.0,0.0,0.0,1.0,0.0,0.0,0.0,0.0,0.0,0.0,0.0,0.0,1.0,0.0,0.0,0.0,0.0,0.0,0.0,MIA,0.0,0.0,0.0,,,,,0.0,2014,41300303,,MIA,IND,20140524.0,2013-14,True,MIA,IND,1610612754.0,MIA_IND_2014,1.0,2.0,4.0,0.5,0.465,0.035,,,,,,,1.0,2.0,4.0,0.5,0.48,0.02,0.75,2.0,3.0,0.667,0.584,0.083,0.75,2.0,3.0,0.667,0.534,0.132,0.25,0.0,1.0,0.0,0.435,-0.435,1610612748.0,MIA,18.0,0.0,0.0,0.0,0.0,0.0,0.0,0.0,0.0,0.0,0.0,0.0,0.0,0.0,0.0,0.0,0.0,0.0,1610612748.0,MIA,22.67,7180.0,1.36,0.69,0.67,3.72,3.8,3.63,,,,,,,,,,,,,,,,,,,,,,,
2365,Chris Andersen,Chris,1610612748,MIA,35.0,1,1,0,1.0,21.633333333333333,3,5,0.6,0,0,0.0,2,4,0.5,3,7,10,1,0,0,1,0,1,2,8,28,24.5,0,0,21.0,1,1,1,1,49,39,48,12,27,50,27,25,18,30,6,11,6,34,44,29,8,1,16,26,41,1,31,8,1,35,,1,0.263,5.0,151.1,154.1,74.8,0.203,0.304,3,0.0,37,0.2,78,7,3,0.592,34,68.41,39,154.1,1,84.85,5,2,0.0,41,0.056,7,82.1,78.4,78.4,2,23,3.0,73,82.1,15,12.5,1,75.7,76.3,0.158,0.6,3,9,1,41,9,38,48,32,3,75.7,0.163,78,0.0,1.0,0.0,0.071,2.0,14.0,0.071,0.0,6.0,1.0,0.0,0.0,0.0,0.0,0.0,0.0,0.0,0.0,0.0,0.0,0.0,0.0,0.0,0.0,0.0,0.0,0.0,1.0,5.0,21.0,8.0,0.5,2.0,0.8,1.43,0.0,1.0,9.0,0.381,0.1,3.0,4.8,7.0,5.1,6.0,0.0,0.909,0.0,0.667,0.75,1.0,11.0,2.0,1.0,7.0,0.0,1.0,0.75,0.143,0.909,4.0,1.0,0.3,4.2,0.667,0.0,1.0,0.6,0.0,0.0,2.0,2.0,3.0,MIA,0.667,0.6,0.667,3.0,1610612748.0,,1.0,0.2,0.0,1.0,0.0,1.0,0.2,1.0,1.0,,1.0,1.0,0.0,,,,,,,,,,,,,,0.2,0.0,0.0,0.2,0.0,0.0,0.0,,0.0,1.0,1.0,0.0,0.0,0.0,,0.0,,,,,0.0,0.0,0.0,2.0,0.0,0.6,0.0,0.5,0.0,4.0,0.0,,0.0,0.0,0.0,0.0,0.0,0.0,0.0,0.0,0.0,0.0,0.0,3.0,0.0,0.0,0.0,,0.0,,1.0,0.0,4.0,0.75,F-C,4.0,2.0,0.333,0.5,0.608,-0.108,1.0,0.0,,0.75,0.0,,,0.0,0.0,3.0,,0.0,,,0.0,0.0,0.0,0.0,4.0,0.0,0.0,0.0,0.0,0.0,0.0,MIA,0.0,0.0,1.0,,,,0.0,0.0,2014,41300111,,MIA,CHA,20140420.0,2013-14,True,MIA,CHA,1610612766.0,MIA_CHA_2014,1.0,4.0,12.0,0.333,0.448,-0.115,0.083,0.0,1.0,0.0,0.367,-0.367,0.917,4.0,11.0,0.364,0.47,-0.107,0.333,2.0,4.0,0.5,0.608,-0.108,0.5,2.0,6.0,0.333,0.526,-0.193,0.333,1.0,4.0,0.25,0.385,-0.135,1610612748.0,MIA,21.0,1.0,0.0,0.0,0.0,0.0,0.0,0.0,0.0,0.0,0.0,0.0,1.0,1.0,0.0,0.0,0.0,0.0,1610612748.0,MIA,21.63,7873.0,1.49,0.74,0.75,4.17,4.14,4.22,,,,,,,,,,,,,,,,,,,,,,,
2365,Chris Andersen,Chris,1610612748,MIA,35.0,1,1,0,1.0,9.675,0,1,0.0,0,0,0.0,0,0,0.0,3,3,6,0,0,0,1,0,2,0,0,-6,10.2,0,0,8.0,1,1,1,1,32,33,36,33,16,26,16,22,22,22,3,14,11,25,24,19,1,1,26,26,34,34,25,4,1,28,,1,0.316,1.0,98.0,100.0,134.1,0.068,0.429,24,0.0,16,0.25,40,2,1,0.0,18,70.28,33,100.0,34,81.17,27,37,0.0,37,0.0,42,84.34,122.2,122.2,1,34,0.0,42,84.34,33,0.0,1,-22.2,-36.1,0.047,0.0,26,42,34,25,42,37,36,25,24,-22.2,0.048,40,0.0,0.0,0.0,0.0,0.0,10.0,0.0,0.0,2.0,0.0,0.0,0.0,0.0,0.0,0.0,0.0,0.0,0.0,0.0,0.0,0.0,0.0,0.0,0.0,0.0,0.0,0.0,0.0,4.0,11.0,0.0,0.1,0.0,0.0,0.65,0.0,0.0,5.0,0.0,0.0,3.0,7.4,4.0,9.9,2.0,0.0,0.6,0.0,0.667,0.5,0.75,10.0,2.0,1.0,3.0,0.0,1.0,0.5,0.333,0.6,6.0,0.75,0.5,4.9,,,,,,,,,,,,,,,,,1.0,1.0,0.0,0.0,0.0,0.0,1.0,1.0,0.0,,0.0,0.0,0.0,,,,,,,,,,,,,,,,,,,,,,,,,,,0.0,,0.0,,,,,0.0,0.0,0.0,0.0,0.0,0.0,0.0,0.0,0.0,0.0,0.0,,0.0,0.0,0.0,0.0,0.0,0.0,0.0,0.0,0.0,0.0,0.0,0.0,0.0,0.0,0.0,,0.0,,0.0,0.0,1.0,0.0,F-C,27.0,10.0,0.435,0.37,0.599,-0.229,0.0,0.0,,0.0,,,0.0,0.0,0.0,0.0,0.0,0.0,,0.0,0.0,0.0,0.0,0.0,1.0,0.0,0.0,,,0.0,0.0,MIA,0.0,0.0,0.0,,,,,0.0,2014,41300215,,MIA,BKN,20140514.0,2013-14,True,MIA,BKN,1610612751.0,MIA_BKN_2014,1.0,0.0,2.0,0.0,0.483,-0.483,,,,,,,1.0,0.0,2.0,0.0,0.507,-0.507,,,,,,,0.5,0.0,1.0,0.0,0.565,-0.565,0.5,0.0,1.0,0.0,0.161,-0.161,1610612748.0,MIA,11.0,0.0,0.0,0.0,0.0,0.0,0.0,0.0,0.0,0.0,0.0,0.0,0.0,0.0,0.0,0.0,0.0,0.0,1610612748.0,MIA,9.68,3581.0,0.68,0.37,0.31,4.35,4.38,4.31,,,,,,,,,,,,,,,,,,,,,,,
2365,Chris Andersen,Chris,1610612748,MIA,35.0,1,1,0,1.0,16.0,2,3,0.667,0,0,0.0,3,4,0.75,1,3,4,0,0,0,4,0,1,3,7,7,23.8,0,0,19.0,1,1,1,1,28,23,30,7,17,28,17,7,8,18,8,13,11,28,26,20,1,1,14,9,23,14,12,5,1,14,,1,0.154,3.0,109.2,100.0,76.9,0.247,0.2,33,0.0,28,0.091,43,13,12,0.735,16,70.0,23,100.0,12,79.44,6,8,0.0,29,0.0,4,84.0,75.0,75.0,9,13,2.0,44,84.0,13,0.0,1,25.0,32.3,0.179,0.667,29,6,11,28,6,30,30,28,33,25.0,0.172,43,0.0,0.0,0.0,0.0,0.0,9.0,0.0,0.0,6.0,0.0,0.0,0.0,0.0,0.0,0.0,0.0,0.0,0.0,0.0,0.0,0.0,0.0,0.0,0.0,0.0,0.0,0.0,3.0,4.0,14.0,7.0,0.4,1.0,1.25,1.53,0.0,0.0,7.0,0.5,0.0,1.0,2.5,6.0,3.0,2.0,1.0,0.444,1.0,0.0,0.333,0.6,9.0,0.0,1.0,3.0,0.0,1.0,0.333,0.333,0.5,3.0,0.5,0.25,1.1,1.0,0.0,1.0,0.333,0.0,0.0,1.0,1.0,1.0,MIA,1.0,0.333,1.0,1.0,1610612748.0,,2.0,0.667,0.0,0.5,0.0,1.0,0.667,2.0,0.5,,1.0,0.5,0.0,,,,,,,,,,,,,,,,,,,,,,,,,,,0.0,,0.0,,,,,0.0,0.0,0.0,3.0,0.0,0.667,0.0,0.5,0.0,5.0,0.0,,0.0,0.0,0.0,0.0,0.0,0.0,0.0,0.0,0.0,0.0,0.0,2.0,0.0,0.0,0.0,,0.0,,0.0,0.0,3.0,0.667,F-C,20.0,7.0,0.465,0.35,0.6,-0.25,0.0,0.0,,0.667,,,,0.0,0.0,2.0,,0.0,,,0.0,0.0,0.0,0.0,3.0,0.0,0.0,,,0.0,0.0,MIA,0.0,0.0,0.0,,,,,0.0,2014,41300211,,MIA,BKN,20140506.0,2013-14,True,MIA,BKN,1610612751.0,MIA_BKN_2014,1.0,2.0,6.0,0.333,0.494,-0.161,0.167,1.0,1.0,1.0,0.361,0.639,0.833,1.0,5.0,0.2,0.528,-0.328,0.5,1.0,3.0,0.333,0.605,-0.272,0.667,1.0,4.0,0.25,0.588,-0.338,0.167,1.0,1.0,1.0,0.406,0.594,1610612748.0,MIA,14.0,0.0,0.0,0.0,0.0,0.0,0.0,0.0,0.0,0.0,0.0,0.0,0.0,0.0,0.0,0.0,0.0,0.0,1610612748.0,MIA,16.0,5818.0,1.1,0.54,0.56,4.13,3.93,4.32,,,,,,,,,,,,,,,,,,,,,,,
2365,Chris Andersen,Chris,1610612748,MIA,35.0,1,1,0,1.0,12.583333333333334,4,4,1.0,0,0,0.0,1,2,0.5,2,8,10,0,0,0,0,0,1,2,9,7,21.0,0,0,19.0,1,1,1,1,15,7,11,1,12,16,12,8,7,8,2,1,1,15,12,10,6,1,9,6,8,8,7,1,1,8,,1,0.435,4.0,134.8,126.1,95.3,0.368,0.571,17,0.0,23,0.222,12,1,1,0.922,11,73.11,7,126.1,7,85.06,1,4,0.0,11,0.0,5,87.74,95.7,95.7,1,6,4.0,20,87.74,2,0.0,1,30.4,39.4,0.207,1.0,8,6,7,15,6,11,11,15,17,30.4,0.2,12,0.0,0.0,0.0,0.0,0.0,12.0,0.0,0.0,3.0,0.0,0.0,0.0,1.0,0.0,1.0,0.0,0.0,2.0,1.0,0.0,0.0,1.0,0.5,1.0,0.0,0.0,1.0,1.0,4.0,17.0,9.0,0.5,1.0,2.0,1.69,0.0,0.0,5.0,0.529,0.18,8.0,4.3,8.0,4.8,2.0,1.0,1.0,1.0,1.0,1.0,1.143,10.0,2.0,0.0,2.0,0.0,6.0,1.0,0.75,1.111,2.0,1.0,0.8,2.2,1.0,0.0,1.0,0.5,0.0,0.0,2.0,2.0,2.0,MIA,1.0,0.5,1.0,2.0,1610612748.0,,2.0,0.5,0.0,1.0,0.0,2.0,0.5,2.0,1.0,,2.0,1.0,0.0,,,,,,,,,,,,,,,,,,,,,,,,,,,0.0,,0.0,,,,,0.0,0.0,0.0,1.0,0.0,1.0,0.0,1.0,0.0,8.0,0.0,,0.0,0.0,0.0,0.0,0.0,0.0,0.0,0.0,0.0,0.0,0.0,4.0,0.0,0.0,0.0,,0.0,,0.0,0.0,4.0,1.0,F-C,41.0,16.0,0.451,0.39,0.595,-0.205,0.0,0.0,,1.0,,,0.0,0.0,0.0,4.0,0.0,0.0,,0.0,0.0,0.0,0.0,0.0,4.0,0.0,0.0,,,0.0,0.0,MIA,0.0,0.0,0.0,,,,,0.0,2014,41300306,,MIA,IND,20140530.0,2013-14,True,MIA,IND,1610612754.0,MIA_IND_2014,1.0,2.0,5.0,0.4,0.463,-0.063,,,,,,,1.0,2.0,5.0,0.4,0.491,-0.091,0.4,2.0,2.0,1.0,0.576,0.425,0.8,2.0,4.0,0.5,0.535,-0.035,,,,,,,1610612748.0,MIA,17.0,0.0,0.0,0.0,0.0,0.0,0.0,0.0,0.0,0.0,0.0,0.0,0.0,0.0,0.0,0.0,0.0,0.0,1610612748.0,MIA,12.58,4569.0,0.87,0.47,0.39,4.3,4.23,4.37,,,,,,,,,,,,,,,,,,,,,,,
2365,Chris Andersen,Chris,1610612748,MIA,36.0,1,0,1,0.0,17.416666666666668,0,1,0.0,0,0,0.0,0,2,0.0,0,4,4,0,1,0,0,0,2,1,0,-1,3.8,0,0,4.0,1,92,92,92,130,167,166,167,81,122,81,109,62,109,96,39,62,129,61,87,60,1,88,94,171,98,171,18,1,168,,189,0.111,1.0,94.1,89.7,88.1,-0.063,0.182,158,33.3,29,0.0,183,44,47,0.0,99,68.9,167,89.7,77,80.31,184,70,0.0,159,0.0,23,82.68,87.1,87.1,96,171,0.0,191,82.68,167,0.0,183,2.6,5.9,0.094,0.0,145,22,77,129,22,158,166,129,158,2.6,0.094,183,34.7,1.0,0.0,0.0,0.0,7.0,0.0,0.0,3.0,0.0,0.0,0.0,0.0,0.0,0.0,0.0,0.0,0.0,0.0,0.0,0.0,0.0,0.0,0.0,0.0,0.0,0.0,0.0,0.0,8.0,0.0,0.1,0.0,0.0,1.1,0.0,0.0,3.0,0.0,0.0,2.0,4.7,8.0,4.7,2.0,0.0,0.444,0.0,0.0,0.0,0.5,9.0,0.0,0.0,2.0,0.0,2.0,0.0,0.5,0.444,1.0,0.5,0.5,0.0,,,,,,,,,,,,,,,,,,,,,,,,,,,,,,,,,,,,,,,,,,,1.0,0.0,0.0,1.0,0.0,0.0,0.0,,0.0,1.0,1.0,0.0,0.0,0.0,,0.0,,,,,0.0,0.0,0.0,0.0,0.0,0.0,0.0,0.0,0.0,0.0,0.0,,0.0,0.0,0.0,0.0,0.0,0.0,0.0,0.0,0.0,0.0,0.0,0.0,0.0,0.0,0.0,,0.0,,1.0,0.0,0.0,0.0,F-C,10.0,7.0,0.455,0.7,0.611,0.089,1.0,0.0,,0.0,,,,0.0,0.0,0.0,,0.0,,,0.0,0.0,0.0,0.0,0.0,0.0,0.0,,,0.0,0.0,MIA,0.0,0.0,1.0,,,,0.0,0.0,2015,21400112,,MIA,IND,20141112.0,2014-15,False,MIA,IND,,,1.0,2.0,6.0,0.333,0.415,-0.082,,,,,,,1.0,2.0,6.0,0.333,0.436,-0.103,0.333,1.0,2.0,0.5,0.498,0.003,0.5,1.0,3.0,0.333,0.452,-0.118,0.167,1.0,1.0,1.0,0.411,0.589,,,8.0,0.0,0.0,0.0,0.0,0.0,0.0,0.0,0.0,0.0,0.0,0.0,0.0,0.0,0.0,0.0,0.0,0.0,,,17.42,5754.0,1.09,0.5,0.59,3.8,3.99,3.64,,,,,,,,,,,,,,,,,,,,,,,
2365,Chris Andersen,Chris,1610612748,MIA,36.0,1,1,0,1.0,20.90333333333333,2,3,0.667,0,0,0.0,0,0,0.0,1,8,9,2,0,0,0,1,1,0,4,7,17.8,0,0,15.0,1,1,1,1,138,132,175,31,97,140,97,123,129,123,62,13,22,70,141,107,72,154,43,157,154,38,118,24,2,125,,1,0.205,3.0,104.6,102.3,88.6,0.164,0.308,141,0.0,43,0.056,76,16,17,0.667,119,82.28,132,102.3,44,96.26,40,46,0.0,210,0.118,36,98.74,86.0,86.0,71,57,2.0,121,98.74,52,40.0,1,16.3,16.0,0.067,0.667,126,33,44,96,33,210,175,17,141,16.3,0.065,76,0.0,1.0,0.0,0.105,4.0,19.0,0.105,0.0,8.0,2.0,0.0,0.0,0.0,0.0,0.0,0.0,0.0,0.0,0.0,0.0,0.0,0.0,0.0,0.0,0.0,0.0,0.0,3.0,4.0,23.0,4.0,0.6,0.0,1.0,1.62,0.0,0.0,9.0,0.174,0.09,5.0,3.2,11.0,3.4,4.0,1.0,0.643,2.0,1.0,0.333,0.8,14.0,1.0,0.0,4.0,1.0,4.0,0.5,0.5,0.75,3.0,0.727,0.556,1.7,,,,,,,,,,,,,,,,,2.0,1.0,0.0,1.0,0.0,2.0,1.0,2.0,1.0,,2.0,1.0,0.0,,,,,,,,,,,,,,,,,,,,,,,,,,,0.0,,0.0,,,,,0.0,0.0,0.0,0.0,0.0,0.667,0.0,0.667,0.0,4.0,0.0,0.0,0.0,0.0,0.0,0.0,0.0,0.0,0.0,0.0,0.0,0.0,0.0,2.0,0.0,0.0,0.0,0.0,0.0,0.0,0.0,0.0,3.0,0.667,F-C,134.0,79.0,0.598,0.59,0.595,-0.005,0.0,0.0,,0.667,,,0.0,0.0,0.0,2.0,0.0,0.0,,0.0,0.0,0.0,0.0,0.0,3.0,0.0,0.0,,,0.0,0.0,MIA,0.0,0.0,0.0,,,,,0.0,2015,21400657,,CHI,MIA,20150125.0,2014-15,False,MIA,CHI,,,1.0,6.0,13.0,0.462,0.445,0.017,0.154,1.0,2.0,0.5,0.345,0.155,0.846,5.0,11.0,0.455,0.469,-0.015,0.615,5.0,8.0,0.625,0.557,0.069,0.769,5.0,10.0,0.5,0.514,-0.014,0.154,1.0,2.0,0.5,0.347,0.153,,,23.0,0.0,0.0,0.0,0.0,0.0,0.0,0.0,0.0,0.0,0.0,0.0,0.0,0.0,0.0,0.0,0.0,0.0,,,20.9,7340.0,1.39,0.73,0.66,4.03,4.07,3.99,,,,,,,,,,,,,,,,,,,,,,,
2365,Chris Andersen,Chris,1610612748,MIA,36.0,1,1,0,1.0,24.148333333333333,3,6,0.5,0,0,0.0,1,3,0.333,0,6,6,1,0,2,0,0,0,3,7,11,21.7,0,0,18.0,1,1,1,1,93,89,99,64,70,116,70,84,52,108,97,16,33,87,118,10,55,1,1,29,103,16,77,18,1,88,,1,0.14,6.0,115.4,118.8,95.9,0.117,0.261,29,0.0,48,0.0,89,18,43,0.478,89,79.51,89,118.8,22,96.76,73,29,0.0,127,0.05,41,95.41,95.8,95.8,97,116,3.0,65,95.41,74,12.5,1,22.9,19.5,0.142,0.5,39,48,22,112,48,129,99,90,29,22.9,0.137,89,0.0,6.0,1.0,0.13,3.0,23.0,0.043,1.0,18.0,3.0,0.0,0.0,0.0,0.0,0.0,0.0,0.0,0.0,0.0,0.0,1.0,1.0,0.0,0.0,0.0,1.0,0.0,6.0,4.0,30.0,7.0,0.8,0.333,1.25,1.52,0.0,0.0,15.0,0.233,0.33,6.0,3.7,12.0,3.7,0.0,3.0,0.4,3.0,0.0,0.0,0.667,15.0,0.0,0.0,0.0,0.0,6.0,0.0,1.0,0.5,3.0,0.5,1.0,0.0,1.0,0.0,1.0,0.167,0.0,0.0,1.0,1.0,1.0,,1.0,0.167,1.0,1.0,,,4.0,0.667,0.0,0.25,0.0,1.0,0.667,4.0,0.25,,1.0,0.25,0.0,1.0,0.0,1.0,0.0,0.167,1.0,1.0,1.0,0.0,0.167,1.0,1.0,,,,,,,,,,,,,,,0.0,,0.0,0.0,0.0,,,1.0,0.0,1.0,2.0,0.0,0.5,0.0,0.667,0.0,5.0,0.0,0.0,0.0,0.0,0.0,2.0,0.0,0.0,0.0,0.0,0.0,0.0,0.0,3.0,0.0,0.0,0.0,0.0,0.0,0.0,1.0,0.0,3.0,1.0,F-C,55.0,33.0,0.598,0.6,0.599,0.001,0.0,0.0,0.0,1.0,,0.0,0.0,0.0,0.0,3.0,0.0,0.0,0.0,0.0,0.0,0.0,0.0,0.0,3.0,2.0,0.0,,,0.0,0.0,MIA,0.0,1.0,0.0,,,,,0.0,2015,21400404,,MIA,BOS,20141221.0,2014-15,False,MIA,BOS,,,1.0,4.0,7.0,0.571,0.451,0.121,,,,,,,1.0,4.0,7.0,0.571,0.491,0.081,0.857,4.0,6.0,0.667,0.605,0.061,0.857,4.0,6.0,0.667,0.555,0.112,,,,,,,,,30.0,0.0,0.0,0.0,0.0,0.0,0.0,0.0,0.0,0.0,0.0,0.0,0.0,0.0,0.0,0.0,0.0,0.0,,,24.15,8625.0,1.63,0.86,0.78,3.99,4.07,4.43,,,,,,,,,,,,,,,,,,,,,,,
2365,Chris Andersen,Chris,1610612748,MIA,36.0,1,0,1,0.0,16.166666666666668,1,2,0.5,0,0,0.0,0,0,0.0,0,3,3,2,1,0,0,0,2,0,2,-2,7.6,0,0,7.0,1,35,35,35,48,52,55,17,31,44,31,41,46,41,35,25,32,24,26,32,16,1,24,54,56,35,52,5,1,51,,58,0.094,2.0,85.4,85.3,87.6,0.062,0.167,59,20.0,34,0.0,14,24,29,0.5,7,85.36,52,85.3,40,102.97,50,36,2.0,63,0.222,11,102.43,88.6,88.6,35,39,1.0,11,102.43,23,40.0,57,-3.3,-2.2,0.086,0.5,59,9,40,21,9,64,55,4,59,-3.3,0.086,14,20.0,2.0,0.0,0.118,4.0,17.0,0.118,0.0,11.0,2.0,0.0,0.0,0.0,0.0,0.0,0.0,0.0,0.0,0.0,0.0,0.0,0.0,0.0,0.0,0.0,0.0,0.0,2.0,1.0,19.0,2.0,0.5,0.0,2.0,1.56,0.0,0.0,11.0,0.105,0.32,2.0,4.9,7.0,4.9,1.0,1.0,0.333,1.0,0.0,0.0,0.5,9.0,0.0,0.0,1.0,0.0,2.0,0.0,0.667,0.375,2.0,0.429,0.667,0.0,,,,,,,,,,,,,,,,,1.0,0.5,0.0,0.0,0.0,0.0,0.5,1.0,0.0,,0.0,0.0,0.0,1.0,0.0,1.0,0.0,0.5,1.0,1.0,1.0,0.0,0.5,1.0,1.0,,,,,,,,,,,,,,,0.0,,0.0,,,,,0.0,0.0,0.0,0.0,0.0,0.5,0.0,1.0,0.0,2.0,0.0,,0.0,0.0,0.0,1.0,0.0,0.0,0.0,0.0,0.0,0.0,0.0,1.0,0.0,0.0,0.0,,0.0,,0.0,0.0,1.0,1.0,F-C,252.0,146.0,0.587,0.579,0.593,-0.014,0.0,0.0,0.0,0.5,,0.0,,0.0,0.0,1.0,,0.0,0.0,,0.0,0.0,0.0,0.0,2.0,0.0,0.0,,,0.0,0.0,MIA,0.0,0.0,0.0,,,,,0.0,2015,21401124,,CLE,MIA,20150402.0,2014-15,False,MIA,CLE,,,1.0,2.0,3.0,0.667,0.5,0.167,,,,,,,1.0,2.0,3.0,0.667,0.514,0.153,0.667,1.0,2.0,0.5,0.604,-0.104,0.667,1.0,2.0,0.5,0.575,-0.075,0.333,1.0,1.0,1.0,0.392,0.608,,,19.0,0.0,0.0,0.0,0.0,0.0,0.0,0.0,0.0,0.0,0.0,0.0,0.0,0.0,0.0,0.0,0.0,0.0,,,16.17,5327.0,1.01,0.51,0.5,3.72,3.84,3.6,,,,,,,,,,,,,,,,,,,,,,,
2365,Chris Andersen,Chris,1610612748,MIA,36.0,1,1,0,1.0,17.005,0,2,0.0,0,0,0.0,0,0,0.0,1,2,3,0,0,0,0,0,2,0,0,6,3.6,0,0,3.0,1,1,1,1,181,221,210,221,94,166,94,146,157,146,56,128,124,178,177,120,78,1,111,191,232,65,225,17,1,230,,1,0.103,2.0,127.2,121.1,110.3,-0.018,0.2,26,0.0,38,0.053,54,48,85,0.0,137,85.86,221,121.1,94,102.24,224,68,0.0,248,0.0,187,103.03,114.3,114.3,77,232,0.0,76,103.03,221,0.0,1,6.8,17.0,0.05,0.0,15,203,94,178,203,249,210,178,26,6.8,0.048,54,0.0,0.0,0.0,0.0,0.0,15.0,0.0,0.0,11.0,0.0,0.0,0.0,0.0,0.0,0.0,0.0,0.0,0.0,0.0,0.0,0.0,0.0,0.0,0.0,0.0,0.0,0.0,2.0,2.0,17.0,0.0,0.3,0.0,0.0,1.19,0.0,0.0,11.0,0.0,0.18,1.0,2.7,1.0,2.7,1.0,0.0,1.0,1.0,0.0,0.5,2.0,3.0,0.0,0.0,1.0,1.0,1.0,1.0,0.5,1.5,2.0,2.0,0.333,0.0,,,,,,,,,,,,,,,,,2.0,1.0,0.0,0.0,0.0,0.0,1.0,2.0,0.0,,0.0,0.0,0.0,,,,,,,,,,,,,,,,,,,,,,,,,,,0.0,,0.0,,,,,0.0,0.0,0.0,0.0,0.0,0.0,0.0,0.0,0.0,0.0,0.0,0.0,0.0,0.0,0.0,0.0,0.0,0.0,0.0,0.0,0.0,0.0,0.0,0.0,0.0,0.0,0.0,0.0,0.0,0.0,1.0,0.0,1.0,0.0,F-C,8.0,6.0,0.5,0.75,0.64,0.11,1.0,0.0,,0.0,0.0,,0.0,0.0,0.0,0.0,0.0,0.0,,0.0,0.0,0.0,0.0,0.0,1.0,0.0,0.0,0.0,0.0,0.0,0.0,MIA,0.0,0.0,1.0,,,,0.0,0.0,2015,21400030,,PHI,MIA,20141101.0,2014-15,False,MIA,PHI,,,1.0,4.0,6.0,0.667,0.42,0.246,0.167,0.0,1.0,0.0,0.307,-0.307,0.833,4.0,5.0,0.8,0.458,0.342,0.5,2.0,3.0,0.667,0.542,0.125,0.5,2.0,3.0,0.667,0.486,0.18,0.333,1.0,2.0,0.5,0.348,0.152,,,17.0,0.0,0.0,0.0,0.0,0.0,0.0,0.0,0.0,0.0,0.0,0.0,0.0,0.0,0.0,0.0,0.0,0.0,,,17.0,6230.0,1.18,0.57,0.61,4.23,4.11,4.36,,,,,,,,,,,,,,,,,,,,,,,
2365,Chris Andersen,Chris,1610612748,MIA,36.0,1,1,0,1.0,29.5,8,9,0.889,0,0,0.0,2,4,0.5,5,9,14,1,1,1,1,0,3,4,18,8,41.3,1,0,37.0,1,1,1,1,71,17,73,6,91,143,91,52,33,93,6,6,6,103,85,45,21,1,140,17,26,42,12,1,1,18,,88,0.286,9.0,127.6,131.6,120.8,0.211,0.375,16,8.3,57,0.2,175,5,4,0.836,62,77.97,17,131.6,44,92.94,16,71,1.0,110,0.056,174,93.56,115.5,115.5,8,21,8.0,179,93.56,14,8.3,90,16.1,6.9,0.182,0.889,24,157,44,141,157,125,73,136,16,16.1,0.169,175,7.8,2.0,0.0,0.057,2.0,35.0,0.029,1.0,21.0,2.0,0.0,0.0,0.0,0.0,0.0,0.0,0.0,0.0,0.0,0.0,0.0,0.0,0.0,0.0,0.0,0.0,0.0,2.0,14.0,48.0,18.0,1.3,0.0,1.286,1.61,0.0,2.0,25.0,0.375,0.27,10.0,4.5,13.0,4.1,3.0,1.0,0.667,1.0,1.0,0.625,0.75,21.0,5.0,0.0,3.0,0.0,5.0,0.625,0.556,0.7,8.0,0.692,0.714,5.2,1.0,0.0,1.0,0.222,0.0,0.0,2.0,2.0,2.0,,1.0,0.222,1.0,2.0,,,5.0,0.556,0.0,0.8,0.0,4.0,0.556,5.0,0.8,,4.0,0.8,0.0,2.0,0.0,1.0,0.0,0.222,2.0,2.0,1.0,0.0,0.222,2.0,1.0,,,,,,,,,,,,,,,0.0,,0.0,,,,,0.0,0.0,0.0,0.0,0.0,0.889,0.0,0.889,0.0,18.0,0.0,0.0,0.0,0.0,1.0,2.0,0.0,0.0,0.0,0.0,0.0,0.0,2.0,6.0,0.0,0.0,0.0,0.0,0.0,0.0,0.0,0.0,7.0,0.857,F-C,218.0,128.0,0.591,0.587,0.591,-0.004,0.0,0.0,0.0,0.889,0.0,0.0,0.0,0.0,0.0,8.0,0.0,0.0,0.0,0.0,0.0,0.0,0.0,0.0,9.0,0.0,0.0,0.0,0.0,0.0,0.0,MIA,0.0,0.0,0.0,,,,,0.0,2015,21400955,,MIA,BKN,20150311.0,2014-15,False,MIA,BKN,,,1.0,5.0,9.0,0.556,0.468,0.087,0.111,1.0,1.0,1.0,0.273,0.727,0.889,4.0,8.0,0.5,0.489,0.011,0.778,3.0,7.0,0.429,0.603,-0.174,0.889,4.0,8.0,0.5,0.541,-0.041,0.111,1.0,1.0,1.0,0.386,0.614,,,48.0,2.0,0.0,0.0,0.0,0.0,0.0,0.0,0.0,0.0,2.0,1.0,0.0,0.0,0.0,0.0,0.0,0.0,,,29.5,10367.0,1.96,1.04,0.92,4.08,3.86,3.92,,,,,,,,,,,,,,,,,,,,,,,
2365,Chris Andersen,Chris,1610612748,MIA,36.0,1,0,1,0.0,18.566666666666663,2,2,1.0,0,0,0.0,2,2,1.0,1,4,5,1,0,0,1,0,1,1,6,9,16.5,0,0,14.0,1,93,93,93,117,95,143,1,62,105,62,37,46,1,41,36,40,73,113,91,14,1,48,74,94,35,90,12,1,97,,1,0.161,2.0,125.3,132.3,102.6,0.188,0.222,20,0.0,31,0.077,177,28,23,1.042,90,67.86,95,132.3,25,82.63,21,49,0.0,166,0.091,94,81.44,100.0,100.0,34,4,2.0,177,81.44,3,25.0,1,32.3,22.7,0.085,1.0,27,84,25,90,84,165,143,38,20,32.3,0.088,177,0.0,1.0,0.0,0.048,2.0,21.0,0.048,0.0,12.0,1.0,0.0,0.0,0.0,0.0,0.0,0.0,0.0,0.0,0.0,0.0,0.0,0.0,0.0,0.0,0.0,0.0,0.0,2.0,3.0,24.0,6.0,0.5,0.0,2.0,1.3,0.0,1.0,13.0,0.25,0.08,3.0,3.7,7.0,3.4,2.0,0.0,0.556,0.0,1.0,0.5,0.571,9.0,1.0,0.0,2.0,0.0,2.0,0.5,0.5,0.556,2.0,0.571,0.6,4.9,,,,,,,,,,,,,,,,,1.0,0.5,0.0,1.0,0.0,1.0,0.5,1.0,1.0,,1.0,1.0,0.0,1.0,0.0,1.0,0.0,0.5,1.0,1.0,1.0,0.0,0.5,1.0,1.0,,,,,,,,,,,,,,,0.0,,0.0,,,,,0.0,0.0,0.0,0.0,0.0,1.0,0.0,1.0,0.0,6.0,0.0,0.0,0.0,0.0,0.0,0.0,0.0,0.0,0.0,0.0,0.0,0.0,0.0,2.0,0.0,0.0,0.0,0.0,0.0,0.0,0.0,0.0,2.0,1.0,F-C,211.0,125.0,0.586,0.592,0.59,0.002,0.0,0.0,,1.0,,,0.0,0.0,0.0,2.0,0.0,0.0,,0.0,0.0,0.0,0.0,0.0,2.0,0.0,0.0,,,0.0,0.0,MIA,0.0,0.0,0.0,,,,,0.0,2015,21400940,,MIA,BOS,20150309.0,2014-15,False,MIA,BOS,,,1.0,2.0,10.0,0.2,0.456,-0.256,0.4,0.0,4.0,0.0,0.339,-0.339,0.6,2.0,6.0,0.333,0.484,-0.15,0.4,1.0,4.0,0.25,0.551,-0.301,0.4,1.0,4.0,0.25,0.506,-0.256,0.6,1.0,6.0,0.167,0.382,-0.215,,,24.0,1.0,0.0,0.0,0.0,0.0,0.0,0.0,0.0,0.0,1.0,1.0,0.0,0.0,0.0,0.0,0.0,0.0,,,18.57,6212.0,1.18,0.62,0.56,3.89,4.13,3.66,,,,,,,,,,,,,,,,,,,,,,,
2365,Chris Andersen,Chris,1610612748,MIA,36.0,1,0,1,0.0,7.183333333333334,0,0,0.0,0,0,0.0,0,0,0.0,0,1,1,1,0,0,0,0,1,1,0,2,2.7,0,0,2.0,1,106,106,106,196,185,206,185,91,133,91,109,120,109,102,152,166,94,144,102,65,1,40,104,192,82,198,15,1,197,,1,0.167,0.0,161.3,169.2,161.3,0.026,0.25,2,0.0,13,0.0,197,23,19,0.0,116,72.39,185,169.2,57,87.0,156,103,0.0,208,0.143,209,86.87,153.8,153.8,102,192,0.0,193,86.87,185,100.0,1,15.4,0.0,0.0,0.0,3,208,57,70,208,208,206,1,2,15.4,0.0,197,0.0,1.0,0.0,0.167,2.0,6.0,0.167,0.0,3.0,1.0,0.0,0.0,0.0,0.0,0.0,0.0,0.0,0.0,0.0,0.0,0.0,0.0,0.0,0.0,0.0,0.0,0.0,2.0,0.0,6.0,0.0,0.1,0.0,0.0,1.45,0.0,0.0,3.0,0.0,0.33,0.0,7.5,0.0,7.5,1.0,0.0,0.0,0.0,0.0,0.0,0.0,0.0,0.0,0.0,1.0,0.0,0.0,0.0,0.0,0.0,0.0,0.0,0.0,0.0,,,,,,,,,,,,,,,,,,,,,,,,,,,,,,,,,,,,,,,,,,,,,,,,,,,,,,,,0.0,,0.0,,,,,0.0,0.0,0.0,0.0,0.0,0.0,0.0,0.0,0.0,0.0,0.0,,0.0,0.0,0.0,0.0,0.0,0.0,0.0,0.0,0.0,0.0,0.0,0.0,0.0,0.0,0.0,,0.0,,0.0,0.0,0.0,0.0,F-C,12.0,8.0,0.5,0.667,0.616,0.051,0.0,0.0,,0.0,,,,0.0,0.0,0.0,,0.0,,,0.0,0.0,0.0,0.0,0.0,0.0,0.0,,,0.0,0.0,MIA,0.0,0.0,0.0,,,,,0.0,2015,21400124,,ATL,MIA,20141114.0,2014-15,False,MIA,ATL,,,1.0,1.0,2.0,0.5,0.476,0.024,,,,,,,1.0,1.0,2.0,0.5,0.494,0.006,1.0,1.0,2.0,0.5,0.64,-0.14,1.0,1.0,2.0,0.5,0.554,-0.054,,,,,,,,,6.0,0.0,0.0,0.0,0.0,0.0,0.0,0.0,0.0,0.0,0.0,0.0,0.0,0.0,0.0,0.0,0.0,0.0,,,7.18,2483.0,0.47,0.25,0.22,4.18,2.94,3.88,,,,,,,,,,,,,,,,,,,,,,,
2365,Chris Andersen,Chris,1610612748,MIA,36.0,1,1,0,1.0,29.08333333333333,3,5,0.6,0,0,0.0,5,6,0.833,1,4,5,0,0,1,3,0,1,6,11,-5,29.0,0,0,24.0,1,1,1,1,61,66,108,26,79,101,79,13,9,41,43,45,49,111,115,31,4,1,31,7,51,111,42,10,1,55,,1,0.096,5.0,99.4,96.8,106.1,0.135,0.133,89,0.0,62,0.045,39,67,58,0.72,88,84.58,66,96.8,107,100.38,47,104,0.0,132,0.0,106,101.5,106.6,106.6,51,26,3.0,34,101.5,40,0.0,1,-9.8,-6.7,0.125,0.6,80,110,107,111,110,129,108,111,89,-9.8,0.125,39,0.0,3.0,1.0,0.04,2.0,25.0,0.0,0.0,15.0,1.0,0.0,0.0,0.0,0.0,0.0,0.0,0.0,0.0,0.0,0.0,0.0,0.0,0.0,0.0,0.0,0.0,0.0,5.0,5.0,32.0,11.0,0.9,0.6,1.0,1.74,0.0,0.0,15.0,0.344,0.38,3.0,4.1,10.0,4.8,2.0,1.0,0.385,1.0,1.0,0.333,0.444,13.0,1.0,0.0,2.0,0.0,2.0,0.333,0.5,0.417,3.0,0.4,0.6,1.2,0.0,0.0,1.0,0.2,0.0,0.0,0.0,0.0,1.0,,0.0,0.2,0.0,1.0,,,3.0,0.6,0.0,1.0,0.0,3.0,0.6,3.0,1.0,,3.0,1.0,0.0,,,,,,,,,,,,,,0.2,0.0,0.0,0.2,0.0,0.0,0.0,,0.0,1.0,1.0,0.0,0.0,0.0,,0.0,,,,,0.0,0.0,1.0,3.0,0.0,0.6,0.0,0.667,0.0,5.0,0.0,0.0,0.0,0.0,0.0,0.0,0.0,0.0,0.0,0.0,0.0,0.0,0.0,3.0,0.0,0.0,0.0,0.0,0.0,0.0,1.0,0.0,4.0,0.75,F-C,207.0,124.0,0.591,0.599,0.591,0.008,1.0,0.0,,0.75,,,0.0,0.0,0.0,3.0,0.0,0.0,,0.0,0.0,0.0,0.0,0.0,4.0,0.0,0.0,,,0.0,0.0,MIA,0.0,0.0,0.0,,,,,0.0,2015,21400925,,MIA,SAC,20150307.0,2014-15,False,MIA,SAC,,,1.0,7.0,14.0,0.5,0.459,0.041,0.071,1.0,1.0,1.0,0.358,0.642,0.929,6.0,13.0,0.462,0.478,-0.017,0.643,5.0,9.0,0.556,0.564,-0.008,0.714,6.0,10.0,0.6,0.528,0.072,0.214,1.0,3.0,0.333,0.375,-0.041,,,32.0,0.0,0.0,0.0,0.0,0.0,0.0,0.0,0.0,0.0,0.0,0.0,0.0,0.0,0.0,0.0,0.0,0.0,,,29.08,10393.0,1.97,1.02,0.95,4.14,4.08,4.2,,,,,,,,,,,,,,,,,,,,,,,
2365,Chris Andersen,Chris,1610612748,MIA,36.0,1,0,1,0.0,18.6,2,3,0.667,0,0,0.0,3,3,1.0,0,5,5,0,0,1,1,1,2,3,7,3,19.0,0,0,16.0,1,102,102,102,135,129,161,28,78,129,78,37,51,1,112,41,64,153,129,31,23,135,85,38,119,76,105,18,1,116,,1,0.132,3.0,98.3,102.7,98.9,0.175,0.217,123,0.0,37,0.0,91,43,52,0.81,105,79.57,129,102.7,74,95.54,26,99,0.0,184,0.0,62,95.48,94.6,94.6,112,24,2.0,95,95.48,43,0.0,1,8.1,-0.5,0.106,0.667,142,32,74,153,32,185,161,153,123,8.1,0.1,91,0.0,0.0,0.0,0.0,0.0,17.0,0.0,0.0,5.0,0.0,0.0,1.0,0.0,0.0,0.0,0.0,0.0,0.0,0.0,0.0,0.0,1.0,0.0,0.0,0.0,0.0,0.0,1.0,4.0,22.0,7.0,0.5,0.0,1.25,1.38,0.0,0.0,9.0,0.318,0.41,3.0,3.5,12.0,3.5,2.0,1.0,0.333,1.0,0.0,0.0,0.455,15.0,0.0,0.0,2.0,0.0,3.0,0.0,0.6,0.357,3.0,0.417,0.6,0.0,1.0,0.0,1.0,0.5,0.0,0.0,1.0,1.0,1.0,,1.0,0.5,1.0,1.0,,,,,,,,,,,,,,,,1.0,0.0,1.0,0.0,0.5,1.0,1.0,1.0,0.0,0.5,1.0,1.0,,,,,,,,,,,,,,,0.0,,0.0,,,,,0.0,0.0,0.0,0.0,0.0,0.667,0.0,1.0,0.0,5.0,0.0,0.0,0.0,0.0,0.0,0.0,0.0,0.0,,0.0,,,0.0,2.0,0.0,0.0,0.0,0.0,0.0,0.0,0.0,0.0,3.0,0.667,F-C,49.0,29.0,0.576,0.592,0.598,-0.006,0.0,0.0,0.0,0.667,,0.0,0.0,0.0,0.0,2.0,0.0,0.0,0.0,0.0,0.0,0.0,0.0,0.0,3.0,0.0,0.0,,,0.0,0.0,MIA,0.0,0.0,0.0,,,,,0.0,2015,21400388,,MIA,WAS,20141219.0,2014-15,False,MIA,WAS,,,1.0,3.0,9.0,0.333,0.476,-0.142,,,,,,,1.0,3.0,9.0,0.333,0.492,-0.159,0.667,2.0,6.0,0.333,0.615,-0.282,0.778,2.0,7.0,0.286,0.579,-0.293,0.222,1.0,2.0,0.5,0.393,0.107,,,22.0,0.0,0.0,0.0,0.0,0.0,0.0,0.0,0.0,0.0,0.0,0.0,0.0,0.0,0.0,0.0,0.0,0.0,,,18.6,6569.0,1.24,0.67,0.57,3.89,4.29,4.11,,,,,,,,,,,,,,,,,,,,,,,
2365,Chris Andersen,Chris,1610612748,MIA,36.0,1,0,1,0.0,21.15,2,6,0.333,0,0,0.0,0,0,0.0,5,1,6,1,1,0,1,3,0,1,4,-11,14.7,0,0,13.0,1,119,119,119,140,144,137,147,91,146,91,114,125,114,5,155,54,114,87,108,26,233,1,105,158,205,140,16,1,147,,147,0.118,6.0,65.3,64.3,85.7,0.093,0.038,222,12.5,42,0.2,93,188,75,0.333,69,80.38,144,64.3,190,97.18,111,186,1.0,175,0.1,48,96.45,88.4,88.4,10,175,2.0,80,96.45,165,12.5,146,-24.1,-20.4,0.142,0.333,225,58,190,114,58,173,137,116,222,-24.1,0.14,93,12.5,4.0,0.0,0.05,2.0,20.0,0.05,0.0,15.0,1.0,0.0,0.0,0.0,0.0,0.0,0.0,0.0,0.0,0.0,0.0,0.0,0.0,0.0,0.0,0.0,0.0,0.0,4.0,10.0,28.0,4.0,0.7,0.0,0.4,1.51,0.0,1.0,20.0,0.143,0.32,6.0,2.8,5.0,3.6,0.0,2.0,0.462,2.0,1.0,0.625,0.333,13.0,5.0,0.0,0.0,0.0,1.0,0.625,1.0,0.545,8.0,0.2,1.0,2.6,0.0,0.0,1.0,0.333,0.0,0.0,0.0,0.0,1.0,,0.0,0.333,0.0,1.0,,,1.0,0.333,0.0,1.0,0.0,1.0,0.333,1.0,1.0,,1.0,1.0,0.0,1.0,0.0,1.0,0.0,0.333,1.0,1.0,1.0,0.0,0.333,1.0,1.0,,,,,,,,,,,,,,,0.0,,0.0,,,,,0.0,0.0,0.0,0.0,0.0,0.333,0.0,0.4,0.0,4.0,0.0,0.0,0.0,0.0,0.0,0.0,0.0,0.0,0.0,0.0,0.0,0.0,0.0,2.0,0.0,0.0,0.0,0.0,0.0,0.0,0.0,0.0,6.0,0.333,F-C,237.0,138.0,0.587,0.582,0.592,-0.01,0.0,0.0,,0.333,,,0.0,0.0,0.0,2.0,0.0,0.0,,0.0,0.0,0.0,0.0,0.0,6.0,0.0,0.0,,,0.0,0.0,MIA,0.0,0.0,0.0,,,,,0.0,2015,21401038,,OKC,MIA,20150322.0,2014-15,False,MIA,OKC,,,1.0,6.0,14.0,0.429,0.472,-0.044,0.071,1.0,1.0,1.0,0.337,0.663,0.929,5.0,13.0,0.385,0.497,-0.113,0.643,5.0,9.0,0.556,0.591,-0.035,0.786,5.0,11.0,0.455,0.546,-0.092,0.214,1.0,3.0,0.333,0.34,-0.007,,,28.0,1.0,0.0,0.0,0.0,0.0,0.0,0.0,0.0,0.0,1.0,1.0,0.0,0.0,0.0,0.0,0.0,0.0,,,21.15,7360.0,1.39,0.72,0.67,3.97,3.77,4.17,,,,,,,,,,,,,,,,,,,,,,,
2365,Chris Andersen,Chris,1610612748,MIA,36.0,1,0,1,0.0,21.633333333333333,5,7,0.714,0,0,0.0,0,0,0.0,2,3,5,1,0,0,0,0,1,1,10,-3,17.5,0,0,16.0,1,121,121,121,146,70,123,19,97,159,97,115,127,115,31,92,70,129,162,126,76,1,49,112,101,143,141,19,2,136,,1,0.128,7.0,94.2,95.0,98.5,0.17,0.158,164,0.0,40,0.1,213,80,55,0.714,128,73.96,70,95.0,156,90.93,37,140,0.0,153,0.083,75,88.75,102.5,102.5,34,42,5.0,174,88.75,37,12.5,1,-7.5,-4.2,0.162,0.714,178,108,156,141,108,150,123,135,164,-7.5,0.163,213,0.0,1.0,0.0,0.059,2.0,17.0,0.059,0.0,11.0,1.0,0.0,0.0,0.0,0.0,0.0,0.0,0.0,0.0,0.0,0.0,0.0,0.0,0.0,0.0,0.0,0.0,0.0,0.0,7.0,25.0,10.0,0.7,0.0,1.429,1.71,0.0,0.0,12.0,0.4,0.44,4.0,6.9,8.0,3.4,0.0,2.0,0.385,2.0,0.5,0.4,0.5,13.0,1.0,1.0,1.0,0.0,3.0,0.4,1.0,0.455,5.0,0.375,0.8,12.3,1.0,0.0,1.0,0.429,0.0,0.0,3.0,3.0,3.0,,1.0,0.429,1.0,3.0,,,3.0,0.429,0.0,0.667,0.0,2.0,0.429,3.0,0.667,,2.0,0.667,0.0,,,,,,,,,,,,,,0.143,0.0,0.0,0.143,0.0,0.0,0.0,,0.0,1.0,1.0,0.0,0.0,0.0,,0.0,,,,,0.0,0.0,0.0,0.0,0.0,0.714,0.5,0.833,2.0,10.0,0.0,0.0,0.0,0.0,1.0,1.0,0.0,0.0,0.0,0.0,0.0,0.0,1.0,4.0,0.0,0.0,0.0,0.0,0.0,0.0,1.0,0.0,5.0,0.8,F-C,159.0,96.0,0.605,0.604,0.594,0.01,0.0,0.0,0.0,0.8,,0.0,0.0,0.0,0.5,4.0,0.0,0.0,0.0,0.0,0.0,0.0,0.0,0.0,5.0,0.0,0.0,,,0.0,0.0,MIA,1.0,2.0,2.0,,,,0.5,1.0,2015,21400757,,SAS,MIA,20150206.0,2014-15,False,MIA,SAS,,,1.0,6.0,9.0,0.667,0.498,0.169,0.111,0.0,1.0,0.0,0.388,-0.388,0.889,6.0,8.0,0.75,0.508,0.242,0.556,5.0,5.0,1.0,0.617,0.383,0.778,6.0,7.0,0.857,0.561,0.296,0.111,0.0,1.0,0.0,0.393,-0.393,,,25.0,0.0,0.0,0.0,0.0,0.0,0.0,0.0,0.0,0.0,0.0,0.0,0.0,0.0,0.0,0.0,0.0,0.0,,,21.63,7791.0,1.48,0.77,0.7,4.17,4.32,4.0,,,,,,,,,,,,,,,,,,,,,,,
2365,Chris Andersen,Chris,1610612748,MIA,36.0,1,0,1,0.0,12.283333333333331,1,1,1.0,0,0,0.0,0,0,0.0,0,3,3,0,0,0,0,0,1,1,2,0,5.6,0,0,5.0,1,105,105,105,177,153,186,1,80,131,80,124,126,124,103,77,99,153,135,96,70,1,34,104,166,96,182,19,1,181,,1,0.167,1.0,100.5,91.7,99.1,0.095,0.273,147,0.0,24,0.0,175,11,18,1.0,113,74.9,153,91.7,121,86.13,98,94,0.0,196,0.0,73,89.88,100.0,100.0,103,4,1.0,192,89.88,2,0.0,1,-8.3,1.4,0.044,1.0,110,72,121,153,72,196,186,153,147,-8.3,0.04,175,0.0,0.0,0.0,0.0,0.0,8.0,0.0,0.0,8.0,0.0,0.0,0.0,0.0,0.0,0.0,0.0,0.0,0.0,0.0,0.0,0.0,0.0,0.0,0.0,0.0,0.0,0.0,2.0,1.0,17.0,2.0,0.5,0.0,0.0,1.77,0.0,0.0,7.0,0.118,0.53,1.0,2.9,3.0,2.9,2.0,0.0,1.0,0.0,0.0,0.0,1.0,3.0,0.0,0.0,2.0,0.0,1.0,0.0,0.333,1.0,0.0,1.0,0.333,0.0,,,,,,,,,,,,,,,,,,,,,,,,,,,,,,,,,,,,,,,,,,,1.0,0.0,1.0,1.0,0.0,0.0,1.0,,1.0,1.0,1.0,1.0,1.0,0.0,,0.0,,,,,0.0,0.0,0.0,0.0,0.0,1.0,1.0,0.0,2.0,0.0,0.0,,1.0,,0.0,0.0,0.0,0.0,0.0,0.0,0.0,0.0,0.0,0.0,,,0.0,,0.0,,1.0,1.0,0.0,0.0,F-C,107.0,63.0,0.588,0.589,0.598,-0.009,1.0,0.0,,0.0,,,,0.0,0.0,0.0,,0.0,,,1.0,0.0,0.0,0.0,0.0,0.0,0.0,,,0.0,1.0,MIA,0.0,0.0,1.0,,,,1.0,1.0,2015,21400582,,GSW,MIA,20150114.0,2014-15,False,MIA,GSW,,,1.0,1.0,5.0,0.2,0.486,-0.286,,,,,,,1.0,1.0,5.0,0.2,0.491,-0.291,0.2,1.0,1.0,1.0,0.588,0.412,0.4,1.0,2.0,0.5,0.538,-0.038,0.4,0.0,2.0,0.0,0.436,-0.436,,,17.0,0.0,0.0,0.0,0.0,0.0,0.0,0.0,0.0,0.0,0.0,0.0,0.0,0.0,0.0,0.0,0.0,0.0,,,12.28,4461.0,0.84,0.49,0.36,3.76,4.33,4.1,,,,,,,,,,,,,,,,,,,,,,,
2365,Chris Andersen,Chris,1610612748,MIA,36.0,1,1,0,1.0,15.178333333333333,2,4,0.5,0,1,0.0,0,0,0.0,1,2,3,0,1,0,1,0,1,0,4,-3,9.6,0,0,9.0,1,1,1,1,167,121,146,57,84,95,84,126,131,126,47,112,106,140,72,93,13,1,42,161,147,124,151,16,2,149,,181,0.1,4.0,86.5,88.9,97.3,0.086,0.118,161,20.0,27,0.077,198,112,80,0.5,101,71.15,121,88.9,135,87.79,105,131,0.0,128,0.0,78,85.38,100.0,100.0,36,119,2.0,182,85.38,76,0.0,180,-11.1,-10.8,0.163,0.5,163,80,136,140,80,124,146,140,161,-11.1,0.161,198,20.0,1.0,0.0,0.0,0.0,9.0,0.0,0.0,11.0,0.0,0.0,0.0,0.0,0.0,0.0,0.0,0.0,0.0,0.0,0.0,0.0,0.0,0.0,0.0,0.0,0.0,0.0,4.0,5.0,15.0,4.0,0.5,0.5,0.8,1.82,0.0,0.0,12.0,0.267,0.4,2.0,3.2,5.0,4.1,1.0,1.0,0.429,1.0,1.0,0.5,0.5,7.0,1.0,0.0,1.0,0.0,1.0,0.5,0.5,0.5,2.0,0.4,0.667,1.3,1.0,0.0,1.0,0.25,0.0,0.0,1.0,1.0,1.0,,1.0,0.25,1.0,1.0,,,2.0,0.5,0.0,0.5,0.0,1.0,0.5,2.0,0.5,,1.0,0.5,0.0,1.0,1.0,0.0,0.0,0.25,0.0,0.0,,0.25,0.0,0.0,0.0,0.0,,,,,,,,,,,,,,0.0,0.0,0.0,0.0,0.0,,0.0,1.0,0.0,1.0,2.0,0.0,0.5,0.0,0.667,0.0,4.0,0.0,0.0,0.0,0.0,0.0,0.0,1.0,0.0,0.0,0.0,0.0,0.0,0.0,2.0,0.0,0.0,0.0,0.0,0.0,0.0,1.0,0.0,2.0,1.0,F-C,227.0,133.0,0.593,0.586,0.592,-0.007,0.0,0.0,,1.0,,,0.0,0.0,0.0,2.0,0.0,0.0,,0.0,0.0,0.0,0.0,1.0,2.0,0.0,0.0,,,0.0,0.0,MIA,0.0,1.0,1.0,0.0,1.0,0.0,0.0,0.0,2015,21400995,,MIA,CLE,20150316.0,2014-15,False,MIA,CLE,,,1.0,2.0,6.0,0.333,0.458,-0.125,0.167,0.0,1.0,0.0,0.356,-0.356,0.833,2.0,5.0,0.4,0.512,-0.112,0.833,2.0,5.0,0.4,0.638,-0.238,0.833,2.0,5.0,0.4,0.584,-0.184,0.167,0.0,1.0,0.0,0.36,-0.36,,,15.0,0.0,0.0,0.0,0.0,0.0,0.0,0.0,0.0,0.0,0.0,0.0,0.0,0.0,0.0,0.0,0.0,0.0,,,15.18,5176.0,0.98,0.53,0.45,3.96,3.93,4.0,,,,,,,,,,,,,,,,,,,,,,,
2365,Chris Andersen,Chris,1610612748,MIA,36.0,1,1,0,1.0,14.25,0,0,0.0,0,0,0.0,1,2,0.5,1,3,4,0,0,0,1,0,0,1,1,3,8.8,0,0,7.0,1,1,1,1,82,89,93,89,47,61,47,42,36,40,31,34,37,73,65,49,10,1,1,53,92,37,81,9,2,81,,1,0.114,0.0,88.4,83.9,71.5,0.186,0.136,94,0.0,31,0.077,12,37,31,0.568,52,89.82,89,83.9,25,103.68,16,18,0.0,95,0.0,3,107.79,69.7,69.7,27,49,0.0,16,107.79,89,0.0,1,14.2,16.9,0.026,0.0,94,3,25,73,3,95,93,73,94,14.2,0.029,12,0.0,1.0,0.0,0.0,0.0,12.0,0.0,0.0,4.0,0.0,0.0,0.0,0.0,0.0,0.0,0.0,0.0,0.0,0.0,0.0,0.0,0.0,0.0,0.0,0.0,0.0,0.0,1.0,2.0,14.0,1.0,0.4,0.0,0.0,1.54,0.0,0.0,6.0,0.071,0.43,2.0,3.5,6.0,3.5,2.0,0.0,0.4,0.0,1.0,0.25,0.5,10.0,1.0,0.0,2.0,0.0,1.0,0.25,0.333,0.4,4.0,0.5,0.5,3.4,,,,,,,,,,,,,,,,,,,,,,,,,,,,,,,,,,,,,,,,,,,,,,,,,,,,,,,,0.0,,0.0,,,,,0.0,0.0,0.0,0.0,0.0,0.0,0.0,0.0,0.0,0.0,0.0,,0.0,0.0,0.0,0.0,0.0,0.0,0.0,0.0,0.0,0.0,0.0,0.0,0.0,0.0,0.0,,0.0,,0.0,0.0,0.0,0.0,F-C,194.0,115.0,0.601,0.593,0.591,0.002,0.0,0.0,,0.0,,,,0.0,0.0,0.0,,0.0,,,0.0,0.0,0.0,0.0,0.0,0.0,0.0,,,0.0,0.0,MIA,0.0,0.0,0.0,,,,,0.0,2015,21400887,,MIA,PHX,20150302.0,2014-15,False,MIA,PHX,,,1.0,1.0,4.0,0.25,0.452,-0.202,,,,,,,1.0,1.0,4.0,0.25,0.494,-0.244,1.0,1.0,4.0,0.25,0.586,-0.336,1.0,1.0,4.0,0.25,0.539,-0.289,,,,,,,,,14.0,0.0,0.0,0.0,0.0,0.0,0.0,0.0,0.0,0.0,0.0,0.0,0.0,0.0,0.0,0.0,0.0,0.0,,,14.25,5219.0,0.99,0.51,0.47,4.23,4.22,4.23,,,,,,,,,,,,,,,,,,,,,,,
2365,Chris Andersen,Chris,1610612748,MIA,36.0,1,1,0,1.0,24.166666666666668,2,2,1.0,0,0,0.0,3,4,0.75,2,4,6,1,0,2,1,0,0,5,7,5,24.7,0,0,20.0,1,1,1,1,118,139,214,1,96,160,96,44,44,80,37,56,52,119,173,15,29,1,1,19,130,76,84,22,1,97,,1,0.15,2.0,100.3,100.0,93.3,0.192,0.211,134,0.0,48,0.095,166,40,36,0.931,132,76.97,139,100.0,111,93.27,38,98,0.0,245,0.063,79,92.36,95.6,95.6,45,16,2.0,171,92.36,5,20.0,1,4.4,7.0,0.071,1.0,126,84,111,162,84,241,214,64,134,4.4,0.075,166,0.0,3.0,0.0,0.083,4.0,24.0,0.042,0.0,11.0,2.0,0.0,0.0,0.0,0.0,0.0,0.0,0.0,0.0,0.0,0.0,0.0,0.0,0.0,0.0,0.0,0.0,0.0,2.0,5.0,29.0,7.0,0.6,0.0,0.6,1.23,0.0,0.0,11.0,0.241,0.17,2.0,7.7,8.0,5.0,2.0,0.0,0.429,0.0,0.0,0.333,0.5,14.0,0.0,2.0,4.0,0.0,2.0,0.333,0.5,0.429,6.0,0.5,0.333,12.9,,,,,,,,,,,,,,,,,2.0,1.0,0.0,1.0,0.0,2.0,1.0,2.0,1.0,,2.0,1.0,0.0,,,,,,,,,,,,,,,,,,,,,,,,,,,0.0,,0.0,,,,,0.0,0.0,0.0,0.0,0.0,1.0,0.0,1.0,0.0,3.0,0.0,0.0,0.0,0.0,0.0,0.0,0.0,0.0,0.0,0.0,0.0,0.0,0.0,2.0,0.0,0.0,0.0,0.0,0.0,0.0,0.0,0.0,2.0,1.0,F-C,5.0,4.0,0.5,0.8,0.698,0.102,0.0,0.0,,1.0,0.0,,0.0,0.0,0.0,2.0,0.0,0.0,,0.0,0.0,0.0,0.0,0.0,2.0,0.0,0.0,0.0,0.0,0.0,0.0,MIA,0.0,0.0,0.0,,,,,0.0,2015,21400007,,MIA,WAS,20141029.0,2014-15,False,MIA,WAS,,,1.0,6.0,10.0,0.6,0.503,0.097,,,,,,,1.0,6.0,10.0,0.6,0.512,0.089,0.5,4.0,5.0,0.8,0.698,0.102,0.7,4.0,7.0,0.571,0.595,-0.023,0.2,1.0,2.0,0.5,0.423,0.078,,,29.0,0.0,0.0,0.0,0.0,0.0,0.0,0.0,0.0,0.0,0.0,0.0,0.0,0.0,0.0,0.0,0.0,0.0,,,24.17,8648.0,1.64,0.87,0.77,3.98,4.43,4.02,,,,,,,,,,,,,,,,,,,,,,,
2365,Chris Andersen,Chris,1610612748,MIA,36.0,1,0,1,0.0,26.133333333333333,3,6,0.5,0,0,0.0,0,0,0.0,2,7,9,0,1,1,0,0,2,0,6,-2,18.8,0,0,17.0,1,103,103,103,91,101,112,66,90,135,90,112,119,112,28,15,19,147,64,30,55,1,90,152,126,112,102,25,1,104,,158,0.225,6.0,123.0,127.7,130.3,0.092,0.333,31,14.3,47,0.105,194,8,12,0.5,105,71.17,101,127.7,128,88.53,102,125,0.0,151,0.0,183,85.41,134.8,134.8,32,111,3.0,166,85.41,88,0.0,157,-7.1,-7.3,0.133,0.5,46,188,128,147,188,149,112,147,31,-7.1,0.132,194,14.3,2.0,0.0,0.0,0.0,18.0,0.0,0.0,12.0,0.0,0.0,0.0,0.0,0.0,0.0,0.0,0.0,0.0,0.0,0.0,0.0,0.0,0.0,0.0,0.0,0.0,0.0,2.0,6.0,27.0,6.0,0.6,0.0,0.667,1.27,0.0,0.0,14.0,0.222,0.11,6.0,3.2,10.0,3.3,3.0,0.0,0.6,0.0,1.0,0.4,0.7,15.0,2.0,0.0,3.0,0.0,4.0,0.4,0.571,0.6,5.0,0.7,0.667,2.6,0.0,0.0,1.0,0.167,0.0,0.0,0.0,0.0,1.0,,0.0,0.167,0.0,1.0,,,2.0,0.333,0.0,1.0,0.0,2.0,0.333,2.0,1.0,,2.0,1.0,0.0,2.0,0.0,0.5,0.0,0.333,1.0,1.0,0.5,0.0,0.333,2.0,0.5,,0.167,0.0,0.0,0.167,0.0,0.0,0.0,,0.0,1.0,1.0,0.0,0.0,0.0,,0.0,0.0,0.0,,,1.0,0.0,0.0,0.0,0.0,0.5,0.5,0.5,2.0,4.0,0.0,,0.333,0.0,0.0,0.0,0.0,0.0,0.0,0.0,0.0,0.0,0.0,2.0,0.0,0.0,0.0,,0.0,,3.0,1.0,3.0,0.667,F-C,43.0,27.0,0.566,0.628,0.595,0.033,3.0,0.0,,0.667,0.0,,,0.0,0.0,2.0,,0.0,,,0.333,0.0,0.0,0.0,3.0,0.0,0.0,0.0,0.0,0.0,1.0,MIA,0.0,0.0,2.0,,,,0.5,1.0,2015,21400373,,MIA,UTA,20141217.0,2014-15,False,MIA,UTA,,,1.0,6.0,10.0,0.6,0.493,0.107,0.2,1.0,2.0,0.5,0.36,0.14,0.8,5.0,8.0,0.625,0.513,0.112,0.5,4.0,5.0,0.8,0.625,0.175,0.7,5.0,7.0,0.714,0.58,0.134,0.3,1.0,3.0,0.333,0.382,-0.049,,,27.0,0.0,0.0,0.0,0.0,0.0,0.0,0.0,0.0,0.0,0.0,0.0,0.0,0.0,0.0,0.0,0.0,0.0,,,26.13,9235.0,1.75,0.81,0.94,3.91,4.34,3.59,,,,,,,,,,,,,,,,,,,,,,,
2365,Chris Andersen,Chris,1610612748,MIA,36.0,1,0,1,0.0,18.2,1,1,1.0,0,0,0.0,0,0,0.0,2,1,3,1,0,0,1,0,2,0,2,-6,10.1,0,0,8.0,1,78,78,78,101,102,132,1,53,91,53,81,86,81,20,101,81,63,104,77,18,1,63,114,117,115,110,7,1,113,,1,0.086,1.0,86.1,80.0,99.1,0.071,0.071,128,0.0,35,0.095,140,102,68,1.0,76,74.73,102,80.0,128,88.14,86,106,0.0,145,0.111,83,89.67,103.0,103.0,29,4,1.0,142,89.67,3,50.0,1,-23.0,-13.0,0.027,1.0,110,104,128,65,104,145,132,3,128,-23.0,0.024,140,0.0,2.0,0.0,0.067,2.0,15.0,0.067,0.0,7.0,1.0,0.0,0.0,0.0,0.0,0.0,0.0,0.0,0.0,0.0,0.0,0.0,0.0,0.0,0.0,0.0,0.0,0.0,2.0,5.0,17.0,2.0,0.4,0.0,0.4,1.57,0.0,0.0,9.0,0.118,0.35,1.0,2.2,4.0,4.7,1.0,2.0,0.375,2.0,0.5,0.5,0.5,8.0,1.0,1.0,2.0,0.0,0.0,0.5,0.0,0.5,4.0,0.25,0.333,0.9,1.0,0.0,1.0,1.0,0.0,0.0,1.0,1.0,1.0,,1.0,1.0,1.0,1.0,,,,,,,,,,,,,,,,,,,,,,,,,,,,,,,,,,,,,,,,,,0.0,,0.0,,,,,0.0,0.0,0.0,0.0,0.0,1.0,0.0,1.0,0.0,2.0,0.0,,0.0,0.0,0.0,0.0,0.0,0.0,0.0,0.0,0.0,0.0,0.0,1.0,0.0,0.0,0.0,,0.0,,0.0,0.0,1.0,1.0,F-C,35.0,22.0,0.565,0.629,0.594,0.035,0.0,0.0,,1.0,,,,0.0,0.0,1.0,,0.0,,,0.0,0.0,0.0,0.0,1.0,0.0,0.0,,,0.0,0.0,MIA,0.0,0.0,0.0,,,,,0.0,2015,21400349,,MIA,CHI,20141214.0,2014-15,False,MIA,CHI,,,1.0,3.0,5.0,0.6,0.472,0.128,0.2,1.0,1.0,1.0,0.42,0.58,0.8,2.0,4.0,0.5,0.491,0.01,0.8,2.0,4.0,0.5,0.585,-0.085,0.8,2.0,4.0,0.5,0.547,-0.047,0.2,1.0,1.0,1.0,0.426,0.574,,,17.0,0.0,0.0,0.0,0.0,0.0,0.0,0.0,0.0,0.0,0.0,0.0,0.0,0.0,0.0,0.0,0.0,0.0,,,18.2,6541.0,1.24,0.62,0.62,3.96,3.98,3.94,,,,,,,,,,,,,,,,,,,,,,,
2365,Chris Andersen,Chris,1610612748,MIA,36.0,1,0,1,0.0,19.85,2,5,0.4,0,0,0.0,2,2,1.0,0,4,4,2,0,0,3,1,2,1,6,-5,22.8,0,0,18.0,1,131,131,131,150,143,150,132,101,164,101,68,76,1,133,62,99,77,167,120,5,173,118,118,137,177,87,23,1,108,,1,0.077,5.0,81.4,80.6,90.9,0.172,0.129,226,0.0,36,0.0,222,113,130,0.51,136,71.54,143,80.6,187,88.31,41,165,0.0,168,0.222,66,85.84,97.1,97.1,133,117,2.0,221,85.84,151,25.0,1,-16.6,-9.5,0.16,0.4,223,96,187,65,96,167,150,53,226,-16.6,0.158,222,0.0,3.0,0.0,0.095,4.0,21.0,0.095,0.0,13.0,2.0,0.0,0.0,0.0,0.0,0.0,0.0,0.0,0.0,0.0,0.0,0.0,0.0,0.0,0.0,0.0,0.0,0.0,2.0,5.0,26.0,6.0,0.7,1.0,0.4,1.73,0.0,1.0,11.0,0.231,0.62,2.0,4.2,10.0,4.2,2.0,1.0,0.267,2.0,0.0,0.0,0.444,15.0,0.0,0.0,2.0,1.0,2.0,0.0,0.5,0.308,5.0,0.4,0.5,0.0,0.0,0.0,1.0,0.5,0.0,0.0,0.0,0.0,2.0,,0.0,0.5,0.0,2.0,,,,,,,,,,,,,,,,2.0,0.0,1.0,0.0,0.5,2.0,2.0,1.0,0.0,0.5,2.0,1.0,,,,,,,,,,,,,,,0.0,,0.0,,,,,0.0,0.0,1.0,2.0,0.0,0.4,1.0,0.333,2.0,2.0,0.0,0.0,1.0,0.0,0.0,0.0,0.0,0.0,0.0,0.0,0.0,0.0,0.0,1.0,0.0,0.0,0.0,0.0,0.0,0.0,1.0,1.0,4.0,0.25,F-C,121.0,71.0,0.596,0.587,0.599,-0.012,1.0,0.0,,0.25,,,0.0,0.0,0.0,1.0,0.0,0.0,,0.0,1.0,0.0,0.0,0.0,4.0,0.0,0.0,,,0.0,1.0,MIA,0.0,0.0,0.0,,,,,0.0,2015,21400625,,CHA,MIA,20150121.0,2014-15,False,MIA,CHA,,,1.0,2.0,8.0,0.25,0.462,-0.212,0.125,0.0,1.0,0.0,0.304,-0.304,0.875,2.0,7.0,0.286,0.478,-0.192,0.625,1.0,5.0,0.2,0.578,-0.378,0.625,1.0,5.0,0.2,0.53,-0.33,0.375,1.0,3.0,0.333,0.362,-0.029,,,26.0,1.0,0.0,1.0,0.0,0.0,0.0,0.0,0.0,0.0,0.0,0.0,0.0,0.0,0.0,0.0,0.0,0.0,,,19.85,7001.0,1.33,0.7,0.63,4.02,4.07,3.96,,,,,,,,,,,,,,,,,,,,,,,
2365,Chris Andersen,Chris,1610612748,MIA,36.0,1,1,0,1.0,21.383333333333333,5,8,0.625,0,1,0.0,2,2,1.0,3,2,5,1,1,0,0,1,4,2,12,15,18.5,0,0,18.0,1,1,1,1,155,54,115,41,113,135,113,64,98,1,28,147,74,138,110,137,90,175,237,98,74,27,141,23,1,138,,140,0.125,8.0,112.9,120.0,89.9,0.102,0.111,33,9.1,45,0.136,57,147,71,0.676,69,86.05,54,120.0,25,102.4,141,46,1.0,155,0.067,62,103.26,83.0,83.0,33,55,5.0,81,103.26,61,9.1,136,37.0,23.0,0.184,0.625,69,36,25,176,36,142,115,167,33,37.0,0.185,57,9.2,1.0,0.0,0.043,3.0,23.0,0.043,0.0,18.0,1.0,0.0,1.0,0.0,0.0,0.0,0.0,0.0,0.0,0.0,0.0,0.0,1.0,0.0,0.0,0.0,0.0,0.0,6.0,7.0,32.0,12.0,0.8,0.0,1.429,1.45,0.0,0.0,21.0,0.375,0.34,3.0,2.8,3.0,1.6,2.0,0.0,0.556,0.0,1.0,0.5,0.667,9.0,3.0,0.0,2.0,0.0,0.0,0.5,0.0,0.556,6.0,0.667,0.6,3.6,0.667,0.0,1.0,0.429,0.0,0.0,2.0,2.0,3.0,,0.667,0.429,0.667,3.0,,,1.0,0.143,0.0,1.0,0.0,1.0,0.143,1.0,1.0,,1.0,1.0,0.0,2.0,0.0,1.0,0.0,0.286,2.0,2.0,1.0,0.0,0.286,2.0,1.0,,0.143,0.0,0.0,0.0,1.0,0.143,,0.0,0.0,0.0,1.0,0.0,0.0,0.0,0.0,0.0,,,,0.0,0.0,0.0,0.0,0.0,0.0,0.625,0.0,0.833,0.0,10.0,0.0,0.0,0.0,0.0,0.0,0.0,1.0,0.0,0.0,0.0,0.0,0.0,0.0,5.0,0.0,0.0,0.0,0.0,0.0,0.0,0.0,0.0,7.0,0.714,F-C,171.0,101.0,0.594,0.591,0.594,-0.004,0.0,0.0,,0.714,,,0.0,0.0,0.0,5.0,0.0,0.0,,0.0,0.0,0.0,0.0,1.0,7.0,0.0,0.0,,,0.0,0.0,MIA,0.0,0.0,1.0,0.0,1.0,0.0,0.0,0.0,2015,21400807,,NYK,MIA,20150220.0,2014-15,False,MIA,NYK,,,1.0,0.0,5.0,0.0,0.417,-0.417,,,,,,,1.0,0.0,5.0,0.0,0.438,-0.438,0.2,0.0,1.0,0.0,0.523,-0.523,0.2,0.0,1.0,0.0,0.487,-0.487,0.6,0.0,3.0,0.0,0.42,-0.42,,,32.0,0.0,0.0,0.0,0.0,0.0,0.0,0.0,0.0,0.0,0.0,0.0,0.0,0.0,0.0,0.0,0.0,0.0,,,21.38,7507.0,1.42,0.73,0.69,3.93,4.18,3.71,,,,,,,,,,,,,,,,,,,,,,,
2365,Chris Andersen,Chris,1610612748,MIA,36.0,1,0,1,0.0,15.383333333333333,1,2,0.5,0,0,0.0,0,0,0.0,1,2,3,1,0,1,0,0,0,0,2,-7,10.1,0,0,8.0,1,88,88,88,142,137,155,43,80,121,80,92,97,92,51,98,93,81,119,41,48,1,1,124,148,133,133,20,2,138,,1,0.071,2.0,58.3,55.2,81.0,0.256,0.105,174,0.0,29,0.043,159,99,95,0.5,90,75.41,137,55.2,154,87.12,7,152,0.0,170,0.167,19,90.49,79.3,79.3,63,85,1.0,173,90.49,61,33.3,1,-24.1,-22.7,0.062,0.5,174,18,154,60,18,170,155,13,174,-24.1,0.057,159,0.0,1.0,0.0,0.071,2.0,14.0,0.071,0.0,9.0,1.0,0.0,0.0,0.0,0.0,0.0,0.0,0.0,0.0,0.0,0.0,0.0,0.0,0.0,0.0,0.0,0.0,0.0,3.0,3.0,17.0,2.0,0.3,0.0,0.667,1.12,0.0,0.0,10.0,0.118,0.18,1.0,2.6,5.0,1.6,2.0,2.0,0.3,2.0,1.0,0.2,0.667,10.0,1.0,0.0,2.0,0.0,0.0,0.2,0.0,0.375,5.0,0.4,0.333,4.4,0.0,0.0,1.0,0.5,0.0,0.0,0.0,0.0,1.0,,0.0,0.5,0.0,1.0,,,1.0,0.5,0.0,1.0,0.0,1.0,0.5,1.0,1.0,,1.0,1.0,0.0,,,,,,,,,,,,,,,,,,,,,,,,,,,0.0,,0.0,,,,,0.0,0.0,0.0,0.0,0.0,0.5,0.0,0.5,0.0,2.0,0.0,,0.0,0.0,0.0,1.0,0.0,0.0,0.0,0.0,0.0,0.0,0.0,1.0,0.0,0.0,0.0,,0.0,,0.0,0.0,1.0,1.0,F-C,140.0,82.0,0.603,0.586,0.595,-0.009,0.0,0.0,,1.0,,,,0.0,0.0,1.0,,0.0,,,0.0,0.0,0.0,0.0,1.0,1.0,0.0,,,0.0,0.0,MIA,0.0,0.0,0.0,,,,,0.0,2015,21400702,,MIA,DAL,20150130.0,2014-15,False,MIA,DAL,,,1.0,3.0,8.0,0.375,0.482,-0.107,0.125,0.0,1.0,0.0,0.379,-0.379,0.875,3.0,7.0,0.429,0.529,-0.101,0.75,3.0,6.0,0.5,0.597,-0.097,0.75,3.0,6.0,0.5,0.568,-0.068,0.125,0.0,1.0,0.0,0.388,-0.388,,,17.0,0.0,0.0,0.0,0.0,0.0,0.0,0.0,0.0,0.0,0.0,0.0,0.0,0.0,0.0,0.0,0.0,0.0,,,15.38,5451.0,1.03,0.54,0.49,3.9,3.57,4.31,,,,,,,,,,,,,,,,,,,,,,,
2365,Chris Andersen,Chris,1610612748,MIA,36.0,1,0,1,0.0,14.916666666666666,1,4,0.25,0,1,0.0,0,0,0.0,1,3,4,0,0,0,1,0,3,0,2,-1,9.8,0,0,8.0,1,152,152,152,225,212,215,216,113,145,113,159,170,159,79,118,116,205,187,139,40,1,200,219,236,151,221,32,3,231,,1,0.133,4.0,115.3,114.3,125.6,0.0,0.25,63,0.0,28,0.056,281,33,64,0.25,147,72.4,212,114.3,212,86.95,241,186,0.0,225,0.0,275,86.88,126.9,126.9,83,240,1.0,278,86.88,219,0.0,1,-12.6,-10.3,0.134,0.25,57,282,212,205,282,234,215,205,63,-12.6,0.125,281,0.0,0.0,0.0,0.0,0.0,16.0,0.0,0.0,9.0,0.0,0.0,0.0,0.0,0.0,0.0,0.0,0.0,0.0,0.0,0.0,0.0,0.0,0.0,0.0,0.0,0.0,0.0,2.0,2.0,20.0,2.0,0.7,0.0,1.0,1.95,0.0,0.0,10.0,0.1,0.65,2.0,2.7,6.0,2.7,1.0,0.0,0.444,0.0,0.0,0.333,0.5,9.0,0.0,0.0,1.0,0.0,2.0,0.333,0.667,0.444,3.0,0.5,0.5,0.0,,,,,,,,,,,,,,,,,2.0,0.5,0.0,0.5,0.0,1.0,0.5,2.0,0.5,,1.0,0.5,0.0,,,,,,,,,,,,,,0.5,0.0,0.0,0.25,1.0,0.25,0.0,0.0,0.0,1.0,2.0,0.0,0.0,0.0,1.0,0.0,0.0,0.0,0.0,0.0,1.0,0.0,0.0,0.0,0.0,0.25,0.0,0.5,0.0,2.0,0.0,1.0,0.0,0.0,0.0,0.0,0.0,0.0,0.0,0.0,0.0,0.0,0.0,1.0,0.0,0.0,0.0,0.0,0.0,0.0,1.0,0.0,2.0,0.5,F-C,190.0,114.0,0.596,0.6,0.591,0.009,0.0,0.0,0.0,0.5,,0.0,0.0,0.0,0.0,1.0,1.0,0.0,0.0,0.0,0.0,0.0,0.0,1.0,2.0,0.0,0.0,,,0.0,0.0,MIA,0.0,0.0,1.0,,0.0,0.0,0.0,0.0,2015,21400865,,NOP,MIA,20150227.0,2014-15,False,MIA,NOP,,,1.0,6.0,6.0,1.0,0.537,0.463,,,,,,,1.0,6.0,6.0,1.0,0.543,0.457,0.667,4.0,4.0,1.0,0.595,0.405,1.0,6.0,6.0,1.0,0.584,0.417,,,,,,,,,20.0,0.0,0.0,0.0,0.0,0.0,0.0,0.0,0.0,0.0,0.0,0.0,0.0,0.0,0.0,0.0,0.0,0.0,,,14.92,5478.0,1.04,0.56,0.48,4.03,4.75,4.1,,,,,,,,,,,,,,,,,,,,,,,
2365,Chris Andersen,Chris,1610612748,MIA,36.0,1,1,0,1.0,17.151666666666667,1,4,0.25,0,1,0.0,3,4,0.75,2,1,3,1,2,1,2,0,2,4,5,-3,17.1,0,0,15.0,1,1,1,1,135,129,133,137,69,92,69,26,26,67,31,122,89,85,40,35,6,1,83,22,120,111,95,18,1,99,,163,0.097,4.0,95.7,93.9,110.7,0.052,0.071,137,22.2,33,0.118,137,125,72,0.434,72,76.96,129,93.9,119,88.32,120,134,0.5,79,0.111,130,92.35,103.0,103.0,33,118,1.0,164,92.35,142,11.1,160,-9.1,-15.0,0.207,0.25,128,96,119,80,96,79,133,95,137,-9.1,0.2,137,22.8,2.0,0.0,0.067,3.0,15.0,0.067,0.0,12.0,1.0,0.0,0.0,0.0,0.0,0.0,0.0,0.0,0.0,0.0,0.0,0.0,0.0,0.0,0.0,0.0,0.0,0.0,4.0,5.0,26.0,5.0,0.7,0.5,0.6,1.62,0.0,1.0,16.0,0.192,0.54,2.0,4.9,5.0,5.2,1.0,0.0,0.333,0.0,1.0,0.5,0.2,9.0,2.0,0.0,1.0,0.0,0.0,0.5,0.0,0.333,4.0,0.2,0.667,4.7,0.0,0.0,1.0,0.5,0.0,0.0,0.0,0.0,2.0,,0.0,0.5,0.0,2.0,,,1.0,0.25,0.0,1.0,0.0,1.0,0.25,1.0,1.0,,1.0,1.0,0.0,,,,,,,,,,,,,,0.25,0.0,0.0,0.0,1.0,0.25,,0.0,0.0,0.0,1.0,0.0,0.0,0.0,0.0,0.0,,,,0.0,0.0,0.0,0.0,2.0,0.0,0.25,0.0,0.333,0.0,3.0,0.0,0.0,0.0,0.0,0.0,0.0,0.0,0.0,0.0,0.0,0.0,0.0,0.0,1.0,0.0,1.0,0.0,0.0,1.0,0.0,0.0,0.0,3.0,0.333,F-C,29.0,19.0,0.527,0.655,0.602,0.053,0.0,0.0,,0.333,,,0.0,0.0,0.0,1.0,0.0,0.0,,0.0,0.0,0.0,0.0,1.0,3.0,0.0,0.0,,,0.0,0.0,MIA,0.0,0.0,1.0,0.0,1.0,0.0,0.0,0.0,2015,21400185,,ORL,MIA,20141122.0,2014-15,False,MIA,ORL,,,1.0,5.0,10.0,0.5,0.455,0.045,0.2,0.0,2.0,0.0,0.37,-0.37,0.8,5.0,8.0,0.625,0.499,0.126,0.6,3.0,6.0,0.5,0.572,-0.072,0.8,5.0,8.0,0.625,0.528,0.097,0.2,0.0,2.0,0.0,0.376,-0.376,,,26.0,1.0,0.0,0.0,0.0,0.0,0.0,0.0,0.0,0.0,0.0,0.0,0.0,0.0,0.0,0.0,0.0,0.0,,,17.15,6215.0,1.18,0.66,0.52,4.2,4.31,4.04,,,,,,,,,,,,,,,,,,,,,,,
2365,Chris Andersen,Chris,1610612748,MIA,36.0,1,1,0,1.0,16.833333333333332,2,3,0.667,0,0,0.0,4,4,1.0,4,4,8,0,0,1,2,1,2,3,8,4,26.6,0,0,22.0,1,1,1,1,119,98,134,20,64,106,64,22,30,1,11,47,27,115,107,38,10,110,83,30,82,39,52,21,2,68,,1,0.242,3.0,125.4,125.7,109.6,0.211,0.211,15,0.0,35,0.286,72,27,5,0.84,85,83.17,98,125.7,48,102.03,15,39,0.0,143,0.0,116,99.8,114.3,114.3,3,15,2.0,46,99.8,30,0.0,1,11.4,15.8,0.119,0.667,16,131,48,115,131,140,134,115,15,11.4,0.122,72,0.0,0.0,0.0,0.0,0.0,20.0,0.0,0.0,11.0,0.0,1.0,0.0,0.0,0.0,0.0,1.0,0.0,0.0,0.0,0.0,0.0,1.0,0.0,0.0,0.0,0.0,0.0,3.0,5.0,26.0,8.0,0.9,0.0,1.2,2.03,0.0,0.0,15.0,0.308,0.46,3.0,3.0,7.0,3.2,3.0,0.0,0.615,0.0,0.5,0.667,0.571,13.0,2.0,2.0,5.0,0.0,1.0,0.667,0.25,0.615,6.0,0.571,0.375,2.8,,,,,,,,,,,,,,,,,1.0,0.5,0.0,1.0,0.0,1.0,0.5,1.0,1.0,,1.0,1.0,0.0,1.0,0.0,1.0,0.0,0.5,1.0,1.0,1.0,0.0,0.5,1.0,1.0,,,,,,,,,,,,,,,0.0,,0.0,,,,,0.0,0.0,0.0,0.0,0.0,0.667,0.0,1.0,0.0,6.0,0.0,0.0,0.0,0.0,0.0,1.0,0.0,0.0,0.0,0.0,0.0,0.0,0.0,2.0,0.0,0.0,0.0,0.0,0.0,0.0,0.0,0.0,2.0,1.0,F-C,184.0,108.0,0.601,0.587,0.591,-0.004,0.0,0.0,,1.0,,,0.0,0.0,0.0,2.0,0.0,0.0,,0.0,0.0,0.0,0.0,0.0,2.0,1.0,0.0,,,0.0,0.0,MIA,0.0,0.0,0.0,,,,,0.0,2015,21400830,,MIA,PHI,20150223.0,2014-15,False,MIA,PHI,,,1.0,3.0,10.0,0.3,0.418,-0.118,0.1,0.0,1.0,0.0,0.374,-0.374,0.9,3.0,9.0,0.333,0.475,-0.142,0.7,3.0,7.0,0.429,0.536,-0.107,0.8,3.0,8.0,0.375,0.505,-0.13,0.1,0.0,1.0,0.0,0.358,-0.358,,,26.0,0.0,0.0,0.0,0.0,0.0,0.0,0.0,0.0,0.0,0.0,0.0,0.0,0.0,0.0,0.0,0.0,0.0,,,16.83,5643.0,1.07,0.57,0.5,3.93,4.31,3.57,,,,,,,,,,,,,,,,,,,,,,,
2365,Chris Andersen,Chris,1610612748,MIA,36.0,1,1,0,1.0,15.283333333333331,2,2,1.0,0,0,0.0,1,2,0.5,2,5,7,0,0,0,0,0,0,1,5,13,13.4,0,0,12.0,1,1,1,1,195,148,212,1,111,155,111,115,91,111,30,40,40,183,165,119,81,1,1,123,168,34,166,22,3,165,,1,0.184,2.0,89.0,86.2,43.2,0.4,0.278,214,0.0,29,0.1,222,26,25,0.868,133,74.59,148,86.2,18,87.69,5,14,0.0,227,0.0,6,89.51,42.9,42.9,45,18,2.0,231,89.51,4,0.0,1,43.3,45.8,0.09,1.0,204,6,18,183,6,230,212,183,214,43.3,0.086,222,0.0,2.0,0.0,0.0,0.0,16.0,0.0,0.0,10.0,0.0,0.0,0.0,0.0,0.0,0.0,0.0,0.0,0.0,0.0,0.0,0.0,0.0,0.0,0.0,0.0,0.0,0.0,2.0,2.0,19.0,5.0,0.4,0.0,1.5,1.33,0.0,0.0,11.0,0.263,0.11,3.0,3.5,6.0,3.6,4.0,0.0,0.778,0.0,1.0,0.667,0.833,9.0,2.0,0.0,4.0,0.0,1.0,0.667,0.2,0.778,3.0,0.833,0.429,3.2,1.0,0.0,1.0,1.0,0.0,0.0,2.0,2.0,2.0,,1.0,1.0,1.0,2.0,,,,,,,,,,,,,,,,,,,,,,,,,,,,,,,,,,,,,,,,,,0.0,,0.0,,,,,0.0,0.0,0.0,0.0,0.0,1.0,0.0,1.0,0.0,3.0,0.0,,0.0,0.0,0.0,0.0,0.0,0.0,0.0,0.0,0.0,0.0,0.0,2.0,0.0,0.0,0.0,,0.0,,0.0,0.0,2.0,1.0,F-C,228.0,133.0,0.585,0.583,0.592,-0.009,0.0,0.0,0.0,1.0,,0.0,,0.0,0.0,2.0,,0.0,0.0,,0.0,0.0,0.0,0.0,2.0,0.0,0.0,,,0.0,0.0,MIA,0.0,0.0,0.0,,,,,0.0,2015,21401024,,MIA,DEN,20150320.0,2014-15,False,MIA,DEN,,,1.0,0.0,1.0,0.0,0.507,-0.507,,,,,,,1.0,0.0,1.0,0.0,0.512,-0.512,,,,,,,1.0,0.0,1.0,0.0,0.53,-0.53,,,,,,,,,19.0,0.0,0.0,0.0,0.0,0.0,0.0,0.0,0.0,0.0,0.0,0.0,0.0,0.0,0.0,0.0,0.0,0.0,,,15.28,5066.0,0.96,0.48,0.48,3.92,3.84,3.98,,,,,,,,,,,,,,,,,,,,,,,
2365,Chris Andersen,Chris,1610612748,MIA,36.0,1,0,1,0.0,22.605,2,2,1.0,0,0,0.0,1,2,0.5,0,4,4,2,0,0,1,0,1,2,5,4,15.8,0,0,13.0,1,61,61,61,71,70,106,1,50,72,50,54,45,52,61,26,48,40,82,58,18,1,18,43,79,36,75,4,1,76,,1,0.129,2.0,114.0,115.9,111.9,0.094,0.235,23,0.0,44,0.0,81,18,23,0.868,61,78.74,70,115.9,34,92.07,55,48,0.0,115,0.118,90,94.49,104.4,104.4,61,8,2.0,95,94.49,3,40.0,1,11.5,2.1,0.063,1.0,23,68,34,56,68,114,106,6,23,11.5,0.065,81,0.0,3.0,1.0,0.15,6.0,20.0,0.1,0.0,9.0,3.0,0.0,0.0,0.0,0.0,0.0,0.0,0.0,0.0,0.0,0.0,0.0,0.0,0.0,0.0,0.0,0.0,0.0,3.0,3.0,24.0,5.0,0.7,0.667,0.333,1.84,0.0,1.0,10.0,0.208,0.29,1.0,3.8,6.0,3.8,3.0,0.0,0.571,0.0,0.0,0.0,0.667,7.0,0.0,0.0,3.0,0.0,1.0,0.0,0.25,0.571,1.0,0.667,0.25,0.0,1.0,0.0,1.0,0.5,0.0,0.0,1.0,1.0,1.0,,1.0,0.5,1.0,1.0,,,,,,,,,,,,,,,,,,,,,,,,,,,,,0.5,0.0,1.0,0.5,0.0,0.0,1.0,,1.0,1.0,1.0,1.0,1.0,0.0,,0.0,,,,,0.0,0.0,1.0,2.0,0.0,1.0,1.0,0.0,2.0,1.0,0.0,,1.0,0.0,0.0,0.0,0.0,0.0,0.0,0.0,0.0,0.0,0.0,1.0,0.0,0.0,0.0,,0.0,,1.0,1.0,1.0,1.0,F-C,71.0,42.0,0.592,0.592,0.593,-0.001,1.0,0.0,,1.0,,,,0.0,0.0,1.0,,0.0,,,1.0,0.0,0.0,0.0,1.0,0.0,0.0,,,0.0,1.0,MIA,0.0,0.0,1.0,,,,1.0,1.0,2015,21400462,,MIA,ORL,20141229.0,2014-15,False,MIA,ORL,,,1.0,8.0,10.0,0.8,0.494,0.306,,,,,,,1.0,8.0,10.0,0.8,0.512,0.288,0.5,3.0,5.0,0.6,0.599,0.001,0.8,6.0,8.0,0.75,0.556,0.194,0.2,2.0,2.0,1.0,0.387,0.613,,,24.0,1.0,0.0,0.0,0.0,0.0,0.0,0.0,0.0,0.0,1.0,1.0,0.0,0.0,0.0,0.0,0.0,0.0,,,22.6,8123.0,1.54,0.78,0.76,3.99,4.4,4.11,,,,,,,,,,,,,,,,,,,,,,,
2365,Chris Andersen,Chris,1610612748,MIA,36.0,1,1,0,1.0,19.555,2,3,0.667,0,0,0.0,0,0,0.0,2,7,9,1,0,0,2,0,1,1,4,11,22.3,0,0,18.0,1,1,1,1,80,74,94,16,52,74,52,66,68,66,20,5,8,63,91,60,7,1,21,61,88,20,48,5,1,62,,1,0.31,3.0,132.4,126.2,107.9,0.173,0.412,19,0.0,42,0.167,24,5,4,0.667,63,84.89,74,126.2,24,96.91,17,22,0.0,120,0.067,78,101.87,102.4,102.4,4,29,2.0,51,101.87,24,25.0,1,23.8,24.5,0.068,0.667,7,65,24,72,65,122,94,20,19,23.8,0.063,24,0.0,1.0,0.0,0.1,5.0,20.0,0.05,0.0,11.0,2.0,0.0,0.0,0.0,0.0,0.0,0.0,0.0,0.0,0.0,0.0,0.0,0.0,0.0,0.0,0.0,0.0,0.0,2.0,5.0,23.0,4.0,0.4,0.0,0.8,1.13,0.0,0.0,10.0,0.174,0.09,6.0,4.9,8.0,3.7,2.0,0.0,0.692,1.0,1.0,0.4,0.875,13.0,2.0,0.0,2.0,1.0,4.0,0.5,0.571,0.75,5.0,0.875,0.667,8.7,1.0,0.0,1.0,0.333,0.0,0.0,1.0,1.0,1.0,,1.0,0.333,1.0,1.0,,,2.0,0.667,0.0,0.5,0.0,1.0,0.667,2.0,0.5,,1.0,0.5,0.0,,,,,,,,,,,,,,,,,,,,,,,,,,,0.0,,0.0,,,,,0.0,0.0,0.0,0.0,0.0,0.667,0.0,0.667,0.0,4.0,0.0,,0.0,0.0,0.0,0.0,0.0,0.0,0.0,0.0,0.0,0.0,0.0,2.0,0.0,0.0,0.0,,0.0,,0.0,0.0,3.0,0.667,F-C,38.0,23.0,0.576,0.605,0.591,0.014,0.0,0.0,,0.667,,,,0.0,0.0,2.0,,0.0,,,0.0,0.0,0.0,0.0,3.0,0.0,0.0,,,0.0,0.0,MIA,0.0,0.0,0.0,,,,,0.0,2015,21400364,,BKN,MIA,20141216.0,2014-15,False,MIA,BKN,,,1.0,1.0,4.0,0.25,0.497,-0.247,0.25,0.0,1.0,0.0,0.273,-0.273,0.75,1.0,3.0,0.333,0.526,-0.193,0.75,1.0,3.0,0.333,0.563,-0.229,0.75,1.0,3.0,0.333,0.556,-0.223,0.25,0.0,1.0,0.0,0.386,-0.386,,,23.0,0.0,0.0,0.0,0.0,0.0,0.0,0.0,0.0,0.0,0.0,0.0,0.0,0.0,0.0,0.0,0.0,0.0,,,19.55,6954.0,1.32,0.72,0.59,4.01,4.09,3.91,,,,,,,,,,,,,,,,,,,,,,,
2365,Chris Andersen,Chris,1610612748,MIA,36.0,1,0,1,0.0,18.016666666666666,1,3,0.333,0,0,0.0,1,2,0.5,1,2,3,4,1,1,1,0,1,3,3,5,17.6,0,0,14.0,1,55,55,55,75,81,84,62,43,71,43,53,39,54,32,56,56,16,38,23,20,1,21,22,86,31,56,12,1,65,,59,0.1,3.0,108.2,114.7,99.2,0.14,0.1,22,11.1,34,0.1,105,57,36,0.387,6,74.38,81,114.7,30,93.67,29,35,4.0,88,0.364,38,89.25,103.0,103.0,14,79,1.0,95,89.25,70,44.4,56,11.7,9.0,0.132,0.333,36,46,30,8,46,84,84,5,22,11.7,0.132,105,11.3,3.0,0.0,0.19,9.0,21.0,0.19,0.0,14.0,4.0,0.0,0.0,0.0,0.0,0.0,0.0,1.0,0.0,0.0,1.0,0.0,1.0,0.0,0.0,0.0,0.0,0.0,2.0,4.0,25.0,3.0,0.5,0.0,0.5,1.3,0.0,0.0,15.0,0.12,0.2,2.0,3.9,6.0,2.2,0.0,0.0,0.333,0.0,0.0,0.333,0.333,9.0,0.0,1.0,1.0,0.0,2.0,0.333,1.0,0.333,3.0,0.333,0.667,7.2,,,,,,,,,,,,,,,,,2.0,0.667,0.0,0.5,0.0,1.0,0.667,2.0,0.5,,1.0,0.5,0.0,1.0,0.0,0.0,0.0,0.333,0.0,0.0,0.0,0.0,0.333,1.0,0.0,,,,,,,,,,,,,,,0.0,,0.0,0.0,0.0,,,1.0,0.0,0.0,0.0,0.0,0.333,0.0,0.5,0.0,2.0,0.0,0.0,0.0,,0.0,0.0,0.0,0.0,0.0,0.0,0.0,0.0,0.0,1.0,,,0.0,0.0,0.0,0.0,1.0,0.0,2.0,0.5,F-C,177.0,105.0,0.598,0.593,0.593,0.0,1.0,0.0,,0.5,,,0.0,0.0,0.0,1.0,0.0,0.0,,0.0,0.0,0.0,0.0,0.0,2.0,0.0,0.0,,,0.0,0.0,MIA,0.0,0.0,0.0,,,,,0.0,2015,21400817,,MIA,NOP,20150221.0,2014-15,False,MIA,NOP,,,1.0,5.0,8.0,0.625,0.487,0.138,,,,,,,1.0,5.0,8.0,0.625,0.506,0.119,0.75,4.0,6.0,0.667,0.555,0.111,0.875,5.0,7.0,0.714,0.541,0.173,0.125,0.0,1.0,0.0,0.413,-0.413,,,25.0,0.0,0.0,0.0,0.0,0.0,0.0,0.0,0.0,0.0,0.0,0.0,0.0,0.0,0.0,0.0,0.0,0.0,,,18.02,6318.0,1.2,0.62,0.58,4.0,4.27,3.77,,,,,,,,,,,,,,,,,,,,,,,
2365,Chris Andersen,Chris,1610612748,MIA,36.0,1,1,0,1.0,26.77833333333333,4,6,0.667,1,1,1.0,1,2,0.5,1,3,4,2,1,0,3,1,4,1,10,15,25.8,0,0,23.0,1,1,1,1,77,59,108,20,34,92,1,86,58,93,55,66,69,60,64,91,5,112,168,98,69,15,62,12,1,65,,108,0.089,6.0,137.7,134.7,100.3,0.085,0.111,11,10.0,49,0.056,157,86,74,0.727,29,73.94,59,134.7,14,88.51,105,10,2.0,126,0.118,74,88.73,102.0,102.0,68,29,4.0,164,88.73,24,20.0,106,32.7,37.4,0.155,0.75,11,78,14,88,78,125,108,66,11,32.7,0.154,157,10.1,3.0,0.0,0.077,5.0,26.0,0.077,0.0,18.0,2.0,0.0,0.0,0.0,0.0,0.0,0.0,0.0,0.0,0.0,0.0,0.0,0.0,0.0,0.0,0.0,0.0,0.0,6.0,5.0,34.0,10.0,0.8,0.167,1.2,1.38,0.0,0.0,17.0,0.294,0.15,2.0,8.6,7.0,8.6,1.0,1.0,0.364,1.0,0.0,0.25,0.5,11.0,0.0,1.0,2.0,0.0,2.0,0.25,0.667,0.4,4.0,0.429,0.5,8.6,1.0,0.0,1.0,0.2,0.0,0.0,1.0,1.0,1.0,,1.0,0.2,1.0,1.0,,,3.0,0.6,0.0,0.667,0.0,2.0,0.6,3.0,0.667,,2.0,0.667,0.0,,,,,,,,,,,,,,0.2,1.0,0.0,0.0,1.0,0.2,,1.0,1.5,0.0,1.0,1.0,1.0,0.0,0.0,0.0,,,,0.0,0.0,0.0,0.0,1.0,0.0,0.75,1.0,0.6,3.0,6.0,1.0,0.0,0.0,0.0,0.0,0.0,0.0,0.0,1.0,1.0,1.0,1.0,0.0,3.0,0.0,0.0,0.0,0.0,1.0,0.0,0.0,0.0,5.0,0.6,F-C,167.0,99.0,0.601,0.593,0.595,-0.002,0.0,0.0,,0.6,0.0,,0.0,0.0,0.0,3.0,0.0,0.0,,0.0,0.0,0.0,0.0,1.0,5.0,0.0,1.0,0.0,0.0,1.0,0.0,MIA,0.0,0.0,1.0,1.0,1.0,1.0,1.5,1.0,2015,21400777,,MIA,NYK,20150209.0,2014-15,False,MIA,NYK,,,1.0,7.0,15.0,0.467,0.48,-0.013,0.067,0.0,1.0,0.0,0.357,-0.357,0.933,7.0,14.0,0.5,0.492,0.008,0.533,3.0,8.0,0.375,0.606,-0.231,0.733,5.0,11.0,0.455,0.552,-0.098,0.2,1.0,3.0,0.333,0.368,-0.035,,,34.0,0.0,0.0,0.0,0.0,0.0,0.0,0.0,0.0,0.0,0.0,0.0,0.0,0.0,0.0,0.0,0.0,0.0,,,26.78,9262.0,1.75,0.9,0.86,4.04,4.38,3.76,,,,,,,,,,,,,,,,,,,,,,,
2365,Chris Andersen,Chris,1610612748,MIA,36.0,1,0,1,0.0,12.583333333333334,2,4,0.5,1,1,1.0,1,2,0.5,1,4,5,0,0,0,1,2,0,5,6,-7,15.0,0,0,14.0,1,61,61,61,99,71,84,32,20,58,1,56,48,53,34,36,42,85,72,60,9,106,1,9,69,87,76,11,1,72,,1,0.192,4.0,79.7,80.0,109.6,0.25,0.364,101,0.0,25,0.067,67,1,7,0.615,57,79.47,71,80.0,103,94.83,6,103,0.0,58,0.0,73,95.36,108.0,108.0,36,27,2.0,77,95.36,20,0.0,1,-28.0,-29.8,0.187,0.625,98,64,103,85,64,59,84,85,101,-28.0,0.185,67,0.0,1.0,0.0,0.0,0.0,14.0,0.0,0.0,13.0,0.0,0.0,0.0,0.0,0.0,0.0,0.0,0.0,0.0,0.0,0.0,0.0,0.0,0.0,0.0,0.0,0.0,0.0,3.0,8.0,21.0,6.0,0.6,0.0,0.375,1.61,0.0,2.0,14.0,0.286,0.29,3.0,2.5,4.0,2.7,2.0,0.0,0.556,0.0,1.0,0.2,1.0,9.0,1.0,0.0,2.0,0.0,2.0,0.2,0.5,0.556,5.0,1.0,0.6,1.9,,,,,,,,,,,,,,,,,1.0,0.5,0.0,1.0,0.0,1.0,0.5,1.0,1.0,,1.0,1.0,0.0,,,,,,,,,,,,,,0.5,1.0,0.0,0.0,1.0,0.5,,1.0,1.5,0.0,1.0,1.0,1.0,0.0,0.0,0.0,,,,0.0,0.0,0.0,0.0,0.0,0.0,0.625,1.0,0.333,3.0,3.0,1.0,,0.0,1.0,0.0,0.0,0.0,0.0,0.0,1.0,0.0,0.0,0.0,1.0,1.0,1.0,0.0,,1.0,,0.0,0.0,3.0,0.333,F-C,261.0,152.0,0.593,0.582,0.592,-0.01,0.0,0.0,,0.333,,,0.0,0.0,0.0,1.0,0.0,0.0,,0.0,0.0,0.0,0.0,1.0,3.0,0.0,1.0,,,1.0,0.0,MIA,0.0,0.0,1.0,1.0,1.0,1.0,1.5,1.0,2015,21401188,,MIA,TOR,20150411.0,2014-15,False,MIA,TOR,,,,,,,,,,,,,,,,,,,,,,,,,,,,,,,,,,,,,,,,,21.0,2.0,0.0,0.0,0.0,0.0,0.0,0.0,0.0,0.0,2.0,1.0,0.0,0.0,0.0,0.0,0.0,0.0,,,12.58,4574.0,0.87,0.47,0.39,4.3,4.21,4.42,,,,,,,,,,,,,,,,,,,,,,,
2365,Chris Andersen,Chris,1610612748,MIA,36.0,1,1,0,1.0,12.633333333333333,2,3,0.667,0,0,0.0,2,3,0.667,0,2,2,0,1,0,3,1,0,3,6,7,16.4,0,0,14.0,1,1,1,1,108,71,101,15,47,81,47,26,33,37,66,71,80,92,44,52,5,80,1,16,73,30,67,6,1,70,,98,0.065,3.0,104.6,112.0,84.8,0.16,0.111,39,20.0,25,0.0,82,70,79,0.694,58,79.16,71,112.0,16,97.87,28,23,0.0,61,0.0,23,94.99,84.0,84.0,66,22,2.0,61,94.99,21,0.0,99,28.0,19.8,0.192,0.667,54,21,16,92,21,66,101,92,39,28.0,0.179,82,18.8,0.0,0.0,0.083,0.0,12.0,0.0,1.0,10.0,1.0,0.0,0.0,0.0,0.0,0.0,0.0,0.0,0.0,0.0,0.0,0.0,0.0,0.0,0.0,0.0,0.0,0.0,2.0,5.0,17.0,6.0,0.4,2.0,1.2,1.29,0.0,0.0,10.0,0.353,0.18,1.0,4.0,8.0,4.0,1.0,1.0,0.167,1.0,0.0,0.0,0.286,12.0,0.0,0.0,1.0,0.0,1.0,0.0,0.5,0.182,4.0,0.25,0.5,0.0,1.0,0.0,1.0,0.5,0.0,0.0,1.0,1.0,1.0,,1.0,0.5,1.0,1.0,,,1.0,0.5,0.0,1.0,0.0,1.0,0.5,1.0,1.0,,1.0,1.0,0.0,,,,,,,,,,,,,,,,,,,,,,,,,,,0.0,,0.0,,,,,0.0,0.0,1.0,4.0,0.0,0.667,0.0,0.667,0.0,6.0,0.0,,0.0,,0.0,0.0,0.0,0.0,0.0,0.0,0.0,0.0,0.0,2.0,,,0.0,,0.0,,0.0,0.0,3.0,0.667,F-C,259.0,150.0,0.594,0.579,0.593,-0.013,0.0,,,0.667,,,,,0.0,2.0,,0.0,,,0.0,,0.0,0.0,3.0,0.0,0.0,,,0.0,0.0,MIA,0.0,0.0,0.0,,,,,0.0,2015,21401155,,MIA,CHA,20150407.0,2014-15,False,MIA,CHA,,,1.0,4.0,7.0,0.571,0.455,0.117,,,,,,,1.0,4.0,7.0,0.571,0.464,0.108,1.0,4.0,7.0,0.571,0.573,-0.001,1.0,4.0,7.0,0.571,0.52,0.052,,,,,,,,,17.0,0.0,0.0,0.0,0.0,0.0,0.0,0.0,0.0,0.0,0.0,0.0,0.0,0.0,0.0,0.0,0.0,0.0,,,12.63,4578.0,0.87,0.41,0.46,4.29,4.38,4.22,,,,,,,,,,,,,,,,,,,,,,,
2365,Chris Andersen,Chris,1610612748,MIA,36.0,1,0,1,0.0,20.966666666666665,5,7,0.714,0,0,0.0,2,4,0.5,1,4,5,0,1,0,1,0,1,2,12,-14,20.0,0,0,19.0,1,54,54,54,59,28,46,12,45,67,45,30,19,47,29,22,25,73,36,51,13,1,27,30,34,102,42,7,1,45,,59,0.116,7.0,91.9,88.1,121.9,0.132,0.182,88,10.0,42,0.048,43,29,33,0.685,47,81.08,28,88.1,91,94.0,34,94,0.0,38,0.0,86,97.3,118.6,118.6,36,25,5.0,54,97.3,18,0.0,56,-30.5,-30.0,0.231,0.714,86,74,91,73,74,39,46,73,88,-30.5,0.227,43,10.2,0.0,0.0,0.0,0.0,21.0,0.0,0.0,14.0,0.0,0.0,0.0,0.0,0.0,0.0,0.0,0.0,0.0,0.0,0.0,0.0,0.0,0.0,0.0,0.0,0.0,0.0,5.0,9.0,31.0,12.0,0.8,1.6,0.889,1.58,0.0,0.0,13.0,0.387,0.13,3.0,3.0,10.0,2.6,2.0,0.0,0.333,0.0,1.0,0.2,0.4,15.0,1.0,0.0,2.0,0.0,2.0,0.2,0.5,0.333,5.0,0.4,0.6,4.8,0.333,0.0,1.0,0.429,0.0,0.0,1.0,1.0,3.0,,0.333,0.429,0.333,3.0,,,2.0,0.286,0.0,1.0,0.0,2.0,0.286,2.0,1.0,,2.0,1.0,0.0,1.0,0.0,1.0,0.0,0.143,1.0,1.0,1.0,0.0,0.143,1.0,1.0,,0.143,0.0,1.0,0.143,0.0,0.0,1.0,,1.0,1.0,1.0,1.0,1.0,0.0,,0.0,,,,,0.0,0.0,1.0,8.0,0.0,0.714,1.0,0.6,2.0,8.0,0.0,,1.0,0.0,0.0,1.0,0.0,0.0,0.0,0.0,0.0,0.0,0.0,4.0,0.0,0.0,0.0,,0.0,,1.0,1.0,5.0,0.8,F-C,151.0,88.0,0.604,0.583,0.594,-0.011,1.0,0.0,,0.667,,,,0.0,0.0,4.0,,0.0,,,1.0,0.0,0.0,0.0,6.0,0.0,0.0,,,0.0,1.0,MIA,0.0,0.0,0.0,,,,,0.0,2015,21400727,,DET,MIA,20150203.0,2014-15,False,MIA,DET,,,1.0,4.0,11.0,0.364,0.459,-0.095,0.091,0.0,1.0,0.0,0.349,-0.349,0.909,4.0,10.0,0.4,0.496,-0.096,0.818,4.0,9.0,0.444,0.576,-0.131,0.909,4.0,10.0,0.4,0.526,-0.126,0.091,0.0,1.0,0.0,0.363,-0.363,,,31.0,0.0,0.0,0.0,0.0,0.0,0.0,0.0,0.0,0.0,0.0,0.0,0.0,0.0,0.0,0.0,0.0,0.0,,,20.97,7982.0,1.51,0.8,0.71,4.3,4.47,4.12,,,,,,,,,,,,,,,,,,,,,,,
2365,Chris Andersen,Chris,1610612748,MIA,36.0,1,1,0,1.0,28.28333333333333,1,1,1.0,0,0,0.0,2,2,1.0,3,10,13,0,2,0,0,0,3,3,4,2,17.6,0,0,17.0,1,1,1,1,77,175,218,1,89,145,89,58,71,1,12,6,8,163,37,105,77,1,166,40,165,96,117,21,1,112,,235,0.271,1.0,102.7,105.6,96.6,0.123,0.385,95,50.0,54,0.136,191,6,3,1.064,116,77.08,175,105.6,100,95.41,81,90,0.0,223,0.0,79,92.49,100.0,100.0,16,10,1.0,155,92.49,10,0.0,232,5.6,6.0,0.066,1.0,104,89,100,163,89,221,218,163,95,5.6,0.069,191,51.5,2.0,0.0,0.0,0.0,30.0,0.0,0.0,8.0,0.0,0.0,0.0,0.0,0.0,0.0,0.0,0.0,0.0,0.0,0.0,0.0,0.0,0.0,0.0,0.0,0.0,0.0,2.0,5.0,35.0,4.0,1.0,0.0,0.8,1.67,0.0,0.0,10.0,0.114,0.09,3.0,3.6,16.0,3.5,7.0,2.0,0.542,2.0,0.0,0.375,0.714,24.0,0.0,3.0,10.0,0.0,3.0,0.375,0.3,0.591,8.0,0.625,0.231,3.9,,,,,,,,,,,,,,,,,1.0,1.0,0.0,1.0,0.0,1.0,1.0,1.0,1.0,,1.0,1.0,0.0,,,,,,,,,,,,,,,,,,,,,,,,,,,0.0,,0.0,,,,,0.0,0.0,0.0,0.0,0.0,1.0,0.0,1.0,0.0,4.0,0.0,,0.0,0.0,0.0,0.0,0.0,0.0,0.0,0.0,0.0,0.0,0.0,1.0,0.0,0.0,0.0,,0.0,,0.0,0.0,1.0,1.0,F-C,126.0,74.0,0.597,0.587,0.597,-0.01,0.0,0.0,0.0,1.0,,0.0,,0.0,0.0,1.0,,0.0,0.0,,0.0,0.0,0.0,0.0,1.0,0.0,0.0,,,0.0,0.0,MIA,0.0,0.0,0.0,,,,,0.0,2015,21400644,,MIA,IND,20150123.0,2014-15,False,MIA,IND,,,1.0,5.0,8.0,0.625,0.438,0.187,,,,,,,1.0,5.0,8.0,0.625,0.465,0.16,0.625,3.0,5.0,0.6,0.558,0.042,0.875,4.0,7.0,0.571,0.499,0.073,0.125,1.0,1.0,1.0,0.381,0.619,,,35.0,0.0,0.0,0.0,0.0,0.0,0.0,0.0,0.0,0.0,0.0,0.0,0.0,0.0,0.0,0.0,0.0,0.0,,,28.28,10138.0,1.92,0.98,0.94,4.04,4.32,3.75,,,,,,,,,,,,,,,,,,,,,,,
2365,Chris Andersen,Chris,1610612748,MIA,36.0,1,0,1,0.0,18.68166666666667,0,2,0.0,0,1,0.0,2,2,1.0,1,4,5,2,1,0,1,1,1,1,2,-5,13.0,0,0,11.0,1,100,100,100,133,157,160,157,79,94,79,44,56,1,48,49,54,62,66,87,19,127,36,91,153,131,131,15,2,134,,146,0.122,2.0,77.3,78.0,89.4,0.085,0.182,171,16.7,41,0.053,32,49,46,0.347,29,88.86,157,78.0,119,106.37,99,128,2.0,169,0.182,41,106.63,88.1,88.1,52,144,0.0,30,106.63,157,33.3,141,-10.0,-12.1,0.089,0.0,173,37,119,55,37,168,160,24,171,-10.0,0.093,32,17.0,2.0,0.0,0.143,4.0,14.0,0.143,0.0,10.0,2.0,0.0,0.0,0.0,0.0,0.0,0.0,0.0,0.0,0.0,0.0,0.0,0.0,0.0,0.0,0.0,0.0,0.0,3.0,2.0,20.0,2.0,0.5,0.0,1.0,1.37,0.0,0.0,9.0,0.1,0.05,2.0,2.4,9.0,2.7,3.0,2.0,0.417,2.0,1.0,0.333,0.571,12.0,1.0,0.0,3.0,0.0,1.0,0.333,0.25,0.5,3.0,0.444,0.4,1.1,,,,,,,,,,,,,,,,,0.0,0.0,1.0,,1.0,0.0,1.0,1.0,0.0,0.0,0.0,0.0,0.0,,,,,,,,,,,,,,,,,,,,,,,,,,,0.0,0.0,0.0,,,,0.0,0.0,0.0,0.0,0.0,0.0,0.0,0.0,0.0,0.0,2.0,0.0,1.0,0.0,,0.0,0.0,0.0,0.0,0.0,0.0,0.0,0.0,0.0,0.0,,,0.0,0.0,0.0,0.0,0.0,0.0,1.0,0.0,F-C,222.0,131.0,0.589,0.59,0.591,-0.001,0.0,0.0,,0.0,0.0,,0.0,0.0,0.0,0.0,1.0,0.0,,0.0,0.0,0.0,0.0,0.0,1.0,0.0,0.0,0.0,0.0,0.0,0.0,MIA,0.0,0.0,1.0,0.0,1.0,0.0,0.0,0.0,2015,21400970,,TOR,MIA,20150313.0,2014-15,False,MIA,TOR,,,1.0,5.0,8.0,0.625,0.502,0.123,0.25,1.0,2.0,0.5,0.356,0.145,0.75,4.0,6.0,0.667,0.568,0.099,0.5,3.0,4.0,0.75,0.625,0.125,0.625,3.0,5.0,0.6,0.611,-0.011,0.25,1.0,2.0,0.5,0.369,0.131,,,20.0,0.0,0.0,0.0,0.0,0.0,0.0,0.0,0.0,0.0,0.0,0.0,0.0,0.0,0.0,0.0,0.0,0.0,,,18.68,6091.0,1.15,0.53,0.63,3.87,3.77,3.38,,,,,,,,,,,,,,,,,,,,,,,
2365,Chris Andersen,Chris,1610612748,MIA,36.0,1,0,1,0.0,23.9,1,2,0.5,0,0,0.0,3,6,0.5,1,2,3,1,0,2,1,1,1,3,5,-17,19.1,0,0,15.0,1,34,34,34,28,47,55,19,26,44,26,12,9,22,18,34,34,29,43,5,7,46,14,14,40,54,31,4,1,37,,1,0.058,2.0,74.1,74.4,104.1,0.099,0.074,59,0.0,43,0.04,62,49,44,0.539,33,71.97,47,74.4,51,90.62,34,49,0.0,58,0.1,41,86.36,114.0,114.0,22,27,1.0,53,86.36,26,16.7,1,-39.5,-29.9,0.101,0.5,58,44,51,32,44,58,55,29,59,-39.5,0.106,62,0.0,2.0,1.0,0.111,4.0,18.0,0.056,0.0,10.0,2.0,0.0,0.0,0.0,0.0,0.0,0.0,0.0,0.0,0.0,0.0,1.0,1.0,0.0,0.0,0.0,1.0,0.0,5.0,5.0,23.0,5.0,0.6,0.0,0.8,1.6,0.0,0.0,10.0,0.217,0.52,1.0,4.9,6.0,2.0,2.0,2.0,0.333,2.0,1.0,0.333,0.5,9.0,1.0,0.0,2.0,0.0,0.0,0.333,0.0,0.429,3.0,0.333,0.333,10.9,,,,,,,,,,,,,,,,,,,,,,,,,,,,,,1.0,0.0,1.0,0.0,1.0,1.0,1.0,1.0,0.0,1.0,1.0,1.0,,,,,,,,,,,,,,,0.0,,0.0,,,,,0.0,0.0,0.0,0.0,0.0,0.5,0.0,1.0,0.0,4.0,0.0,0.0,0.0,0.0,0.0,0.0,0.0,0.0,0.0,0.0,0.0,0.0,0.0,1.0,0.0,0.0,0.0,0.0,0.0,0.0,0.0,0.0,2.0,0.5,F-C,93.0,57.0,0.596,0.613,0.594,0.019,0.0,0.0,,0.5,,,0.0,0.0,0.0,1.0,0.0,0.0,,0.0,0.0,0.0,0.0,0.0,2.0,0.0,0.0,,,0.0,0.0,MIA,0.0,0.0,0.0,,,,,0.0,2015,21400537,,POR,MIA,20150108.0,2014-15,False,MIA,POR,,,1.0,6.0,9.0,0.667,0.468,0.199,,,,,,,1.0,6.0,9.0,0.667,0.498,0.169,0.778,5.0,7.0,0.714,0.605,0.109,0.778,5.0,7.0,0.714,0.554,0.16,,,,,,,,,23.0,0.0,0.0,0.0,0.0,0.0,0.0,0.0,0.0,0.0,0.0,0.0,0.0,0.0,0.0,0.0,0.0,0.0,,,23.9,8945.0,1.69,0.92,0.78,4.27,4.15,4.41,,,,,,,,,,,,,,,,,,,,,,,
2365,Chris Andersen,Chris,1610612748,MIA,36.0,1,1,0,1.0,17.946666666666665,2,2,1.0,1,1,1.0,0,0,0.0,0,5,5,1,0,0,1,0,2,0,5,1,15.5,0,0,14.0,1,1,1,1,32,21,34,1,6,22,1,22,22,22,21,6,11,22,29,20,6,1,18,30,24,17,22,2,1,23,,1,0.132,2.0,79.1,82.4,80.0,0.235,0.25,28,0.0,34,0.0,29,5,9,1.25,21,74.67,21,82.4,18,92.49,5,18,0.0,40,0.143,13,89.6,81.8,81.8,21,1,2.0,20,89.6,1,33.3,1,0.5,-0.9,0.053,1.25,30,13,18,17,13,40,34,7,28,0.5,0.051,29,0.0,2.0,0.0,0.059,2.0,17.0,0.059,0.0,8.0,1.0,0.0,0.0,0.0,0.0,0.0,0.0,0.0,0.0,0.0,0.0,0.0,0.0,0.0,0.0,0.0,0.0,0.0,1.0,3.0,19.0,5.0,0.6,0.0,0.667,1.84,0.0,1.0,7.0,0.263,0.21,2.0,4.6,8.0,4.6,3.0,1.0,0.625,1.0,0.0,0.0,0.714,8.0,0.0,0.0,3.0,0.0,2.0,0.0,0.4,0.714,0.0,0.625,0.4,0.0,,,,,,,,,,,,,,,,,,,,,,,,,,,,,,1.0,0.0,1.0,0.0,0.5,1.0,1.0,1.0,0.0,0.5,1.0,1.0,,0.5,1.0,0.0,0.0,1.0,0.5,,1.0,1.5,0.0,1.0,1.0,1.0,0.0,0.0,0.0,,,,0.0,0.0,0.0,0.0,0.0,0.0,1.25,1.0,1.0,3.0,2.0,1.0,0.0,0.0,1.0,0.0,0.0,0.0,0.0,0.0,1.0,0.0,0.0,0.0,1.0,1.0,1.0,0.0,0.0,1.0,0.0,0.0,0.0,1.0,1.0,F-C,142.0,84.0,0.594,0.592,0.595,-0.004,0.0,0.0,,1.0,,,0.0,0.0,0.0,1.0,0.0,0.0,,0.0,0.0,0.0,0.0,1.0,1.0,0.0,1.0,,,1.0,0.0,MIA,0.0,0.0,1.0,1.0,1.0,1.0,1.5,1.0,2015,21400716,,BOS,MIA,20150201.0,2014-15,False,MIA,BOS,,,1.0,4.0,7.0,0.571,0.459,0.112,0.143,0.0,1.0,0.0,0.262,-0.262,0.857,4.0,6.0,0.667,0.511,0.155,0.286,2.0,2.0,1.0,0.6,0.4,0.571,4.0,4.0,1.0,0.559,0.442,0.143,0.0,1.0,0.0,0.301,-0.301,,,19.0,1.0,0.0,0.0,0.0,0.0,0.0,0.0,0.0,0.0,1.0,1.0,0.0,0.0,0.0,0.0,0.0,0.0,,,17.95,5996.0,1.14,0.63,0.51,3.68,3.58,3.82,,,,,,,,,,,,,,,,,,,,,,,
2365,Chris Andersen,Chris,1610612748,MIA,36.0,1,0,1,0.0,20.6,3,7,0.429,0,0,0.0,5,6,0.833,3,4,7,0,0,0,2,1,2,4,11,-3,25.4,0,0,22.0,1,77,77,77,94,63,72,66,58,90,58,11,10,44,5,45,21,104,90,67,8,92,65,22,44,88,43,12,1,48,,1,0.212,7.0,108.8,111.4,115.0,0.14,0.267,41,0.0,35,0.167,146,12,6,0.571,69,67.96,63,111.4,89,84.3,29,81,0.0,32,0.0,118,81.55,120.0,120.0,9,55,3.0,141,81.55,76,0.0,1,-8.6,-6.2,0.248,0.429,44,118,89,104,118,27,72,104,41,-8.6,0.256,146,0.0,0.0,0.0,0.0,0.0,19.0,0.0,0.0,16.0,0.0,0.0,0.0,0.0,0.0,0.0,0.0,0.0,0.0,0.0,0.0,1.0,1.0,0.0,0.0,0.0,1.0,0.0,2.0,7.0,31.0,11.0,0.7,1.0,1.0,1.27,0.0,1.0,18.0,0.355,0.23,4.0,3.1,7.0,2.8,3.0,1.0,0.467,1.0,1.0,0.375,0.667,15.0,3.0,0.0,3.0,0.0,1.0,0.375,0.25,0.5,8.0,0.571,0.571,3.5,0.667,0.0,1.0,0.5,0.0,0.0,2.0,2.0,3.0,,0.667,0.5,0.667,3.0,,,,,,,,,,,,,,,,1.0,0.0,1.0,0.0,0.167,1.0,1.0,1.0,0.0,0.167,1.0,1.0,,0.333,0.0,0.0,0.333,0.0,0.0,0.0,,0.0,2.0,2.0,0.0,0.0,0.0,,0.0,,,,,0.0,0.0,1.0,2.0,0.0,0.429,0.0,0.667,0.0,7.0,0.0,,0.0,0.0,0.0,0.0,0.0,0.0,0.0,0.0,0.0,0.0,0.0,3.0,0.0,0.0,0.0,,0.0,,2.0,0.0,5.0,0.6,F-C,77.0,45.0,0.592,0.584,0.594,-0.01,2.0,0.0,,0.6,,,,0.0,0.0,3.0,,0.0,,,0.0,0.0,0.0,0.0,5.0,0.0,0.0,,,0.0,0.0,MIA,0.0,0.0,2.0,,,,0.0,0.0,2015,21400476,,IND,MIA,20141231.0,2014-15,False,MIA,IND,,,1.0,6.0,10.0,0.6,0.454,0.146,,,,,,,1.0,6.0,10.0,0.6,0.473,0.127,0.6,3.0,6.0,0.5,0.614,-0.114,0.9,5.0,9.0,0.556,0.521,0.035,,,,,,,,,31.0,1.0,0.0,0.0,0.0,0.0,0.0,0.0,0.0,0.0,1.0,1.0,0.0,0.0,0.0,0.0,0.0,0.0,,,20.6,7276.0,1.38,0.72,0.66,4.09,4.06,4.12,,,,,,,,,,,,,,,,,,,,,,,
2365,Chris Andersen,Chris,1610612748,MIA,36.0,1,0,1,0.0,13.233333333333333,1,4,0.25,0,1,0.0,2,2,1.0,1,5,6,1,1,0,0,0,1,1,4,19,11.7,0,0,11.0,1,124,124,124,205,183,179,183,104,137,104,69,82,1,64,41,55,111,80,118,79,1,47,119,183,7,177,21,2,175,,180,0.214,4.0,140.3,135.7,68.1,0.126,0.333,10,14.3,28,0.077,83,6,7,0.41,61,83.12,183,135.7,7,99.68,80,6,1.0,130,0.083,10,99.75,70.4,70.4,46,172,1.0,83,99.75,196,14.3,173,65.3,72.2,0.183,0.25,7,12,7,134,12,124,179,100,10,65.3,0.182,83,14.5,3.0,0.0,0.059,2.0,17.0,0.059,0.0,11.0,1.0,0.0,1.0,0.0,0.0,0.0,0.0,0.0,0.0,0.0,0.0,0.0,1.0,0.0,0.0,0.0,0.0,0.0,5.0,1.0,23.0,4.0,0.7,0.0,2.0,1.73,0.0,0.0,11.0,0.174,0.22,1.0,5.1,8.0,4.5,4.0,1.0,0.5,1.0,0.0,0.25,0.714,12.0,0.0,1.0,5.0,0.0,1.0,0.25,0.2,0.545,4.0,0.625,0.167,7.9,,,,,,,,,,,,,,,,,2.0,0.5,0.0,0.0,0.0,0.0,0.5,2.0,0.0,,0.0,0.0,0.0,1.0,1.0,0.0,0.0,0.25,0.0,0.0,,0.25,0.0,0.0,0.0,0.0,0.25,0.0,1.0,0.25,0.0,0.0,1.0,,1.0,1.0,1.0,1.0,1.0,0.0,0.0,0.0,,,,0.0,0.0,0.0,0.0,0.0,0.0,0.25,0.5,0.0,2.0,2.0,0.0,,1.0,0.0,0.0,1.0,0.0,0.0,0.0,0.0,0.0,0.0,0.0,0.0,0.0,1.0,0.0,,1.0,,1.0,1.0,1.0,0.0,F-C,198.0,119.0,0.589,0.601,0.592,0.009,1.0,0.0,,0.0,0.0,,,0.0,0.0,0.0,,0.0,,,1.0,0.0,0.0,1.0,2.0,0.0,0.0,0.0,0.0,0.0,1.0,MIA,0.0,0.0,2.0,0.0,1.0,0.0,0.5,1.0,2015,21400920,,WAS,MIA,20150306.0,2014-15,False,MIA,WAS,,,1.0,3.0,8.0,0.375,0.485,-0.11,0.25,0.0,2.0,0.0,0.344,-0.344,0.75,3.0,6.0,0.5,0.519,-0.019,0.25,2.0,2.0,1.0,0.694,0.306,0.375,2.0,3.0,0.667,0.554,0.113,0.5,1.0,4.0,0.25,0.367,-0.117,,,23.0,0.0,0.0,0.0,0.0,0.0,0.0,0.0,0.0,0.0,0.0,0.0,0.0,0.0,0.0,0.0,0.0,0.0,,,13.23,4764.0,0.9,0.46,0.44,4.08,4.94,3.36,,,,,,,,,,,,,,,,,,,,,,,
2365,Chris Andersen,Chris,1610612748,MIA,36.0,1,0,1,0.0,28.78333333333333,3,6,0.5,1,1,1.0,0,0,0.0,1,5,6,0,0,0,1,1,4,0,7,-8,17.2,0,0,16.0,1,24,24,24,14,20,22,13,9,22,1,23,24,23,9,6,7,29,31,20,1,34,37,34,24,39,20,4,1,20,,1,0.12,6.0,95.6,94.5,110.1,0.065,0.192,26,0.0,55,0.042,38,11,13,0.583,24,77.13,20,94.5,34,90.82,31,37,0.0,36,0.0,34,92.55,107.1,107.1,17,19,3.0,39,92.55,14,0.0,1,-12.6,-14.5,0.105,0.583,26,29,34,29,29,36,22,29,26,-12.6,0.102,38,0.0,0.0,0.0,0.0,0.0,22.0,0.0,0.0,13.0,0.0,0.0,0.0,0.0,0.0,0.0,0.0,0.0,0.0,0.0,0.0,0.0,0.0,0.0,0.0,0.0,0.0,0.0,2.0,3.0,28.0,7.0,0.5,0.0,1.333,1.07,0.0,0.0,13.0,0.25,0.18,2.0,3.7,15.0,3.8,4.0,2.0,0.353,2.0,1.0,0.5,0.385,17.0,1.0,0.0,4.0,0.0,1.0,0.5,0.2,0.4,2.0,0.333,0.333,3.3,0.5,0.0,1.0,0.4,0.0,0.0,1.0,1.0,2.0,,0.5,0.4,0.5,2.0,,,1.0,0.2,0.0,0.0,0.0,0.0,0.2,1.0,0.0,,0.0,0.0,0.0,1.0,0.0,1.0,0.0,0.2,1.0,1.0,1.0,0.0,0.2,1.0,1.0,,0.2,1.0,0.0,0.0,1.0,0.2,,1.0,1.5,0.0,1.0,1.0,1.0,0.0,0.0,0.0,,,,0.0,0.0,0.0,0.0,0.0,0.0,0.583,0.5,0.667,3.0,4.0,1.0,0.0,0.0,1.0,0.0,0.0,0.0,0.0,0.0,1.0,0.0,0.0,0.0,2.0,1.0,1.0,0.0,0.0,1.0,0.0,1.0,0.0,4.0,0.5,F-C,116.0,70.0,0.595,0.603,0.6,0.003,1.0,0.0,,0.5,,,0.0,0.0,0.0,2.0,0.0,0.0,,0.0,0.0,0.0,0.0,1.0,4.0,0.0,1.0,,,1.0,0.0,MIA,0.0,0.0,2.0,1.0,1.0,1.0,0.75,1.0,2015,21400623,,MIA,OKC,20150120.0,2014-15,False,MIA,OKC,,,1.0,10.0,13.0,0.769,0.479,0.29,,,,,,,1.0,10.0,13.0,0.769,0.522,0.247,0.692,7.0,9.0,0.778,0.623,0.154,0.923,9.0,12.0,0.75,0.572,0.178,0.077,1.0,1.0,1.0,0.422,0.578,,,28.0,0.0,0.0,0.0,0.0,0.0,0.0,0.0,0.0,0.0,0.0,0.0,0.0,0.0,0.0,0.0,0.0,0.0,,,28.78,10252.0,1.94,1.0,0.94,3.97,4.07,3.87,,,,,,,,,,,,,,,,,,,,,,,
2365,Chris Andersen,Chris,1610612748,MIA,36.0,1,0,1,0.0,24.883333333333333,5,5,1.0,0,0,0.0,3,4,0.75,1,3,4,0,2,0,1,0,4,3,13,-7,18.8,0,0,19.0,1,105,105,105,96,47,126,1,90,131,90,35,32,65,55,77,79,148,39,109,28,1,184,41,52,154,103,13,1,93,,181,0.095,5.0,106.5,102.0,108.0,0.13,0.15,119,22.2,49,0.045,114,79,83,0.962,109,78.77,47,102.0,147,96.18,67,113,0.0,122,0.0,131,94.52,116.3,116.3,73,6,5.0,122,94.52,3,0.0,176,-14.3,-1.6,0.172,1.0,84,152,147,148,152,123,126,148,119,-14.3,0.17,114,22.8,1.0,0.0,0.053,0.0,19.0,0.0,1.0,21.0,1.0,1.0,0.0,0.0,0.0,0.0,1.0,0.0,0.0,0.0,0.0,0.0,1.0,0.0,0.0,0.0,0.0,0.0,1.0,8.0,29.0,13.0,0.7,0.0,1.625,1.55,0.0,0.0,18.0,0.448,0.17,1.0,5.2,8.0,4.2,2.0,1.0,0.308,2.0,0.0,0.2,0.429,13.0,0.0,1.0,3.0,1.0,1.0,0.25,0.333,0.364,5.0,0.375,0.25,8.0,1.0,0.0,1.0,0.2,0.0,0.0,1.0,1.0,1.0,,1.0,0.2,1.0,1.0,,,3.0,0.6,0.0,1.0,0.0,3.0,0.6,3.0,1.0,,3.0,1.0,0.0,1.0,0.0,1.0,0.0,0.2,1.0,1.0,1.0,0.0,0.2,1.0,1.0,,,,,,,,,,,,,,,0.0,,0.0,,,,,0.0,0.0,0.0,0.0,0.0,1.0,0.0,1.0,0.0,13.0,0.0,0.0,0.0,0.0,0.0,0.0,0.0,0.0,,0.0,,,0.0,5.0,0.0,0.0,0.0,0.0,0.0,0.0,0.0,0.0,5.0,1.0,F-C,66.0,39.0,0.6,0.591,0.592,-0.001,0.0,0.0,,1.0,,,0.0,0.0,0.0,5.0,0.0,0.0,,0.0,0.0,0.0,0.0,0.0,5.0,0.0,0.0,,,0.0,0.0,MIA,0.0,0.0,0.0,,,,,0.0,2015,21400446,,MIA,MEM,20141227.0,2014-15,False,MIA,MEM,,,1.0,4.0,9.0,0.444,0.468,-0.024,,,,,,,1.0,4.0,9.0,0.444,0.48,-0.036,0.556,3.0,5.0,0.6,0.634,-0.034,0.778,4.0,7.0,0.571,0.573,-0.002,0.111,0.0,1.0,0.0,0.359,-0.359,,,29.0,0.0,0.0,0.0,0.0,0.0,0.0,0.0,0.0,0.0,0.0,0.0,0.0,0.0,0.0,0.0,0.0,0.0,,,24.88,8625.0,1.63,0.84,0.8,3.86,4.0,3.73,,,,,,,,,,,,,,,,,,,,,,,
2365,Chris Andersen,Chris,1610612748,MIA,36.0,1,0,1,0.0,20.06833333333333,0,0,0.0,0,0,0.0,1,4,0.25,1,2,3,0,2,1,1,0,2,4,1,-3,8.6,0,0,8.0,1,46,46,46,54,71,84,71,32,53,32,41,20,52,24,47,44,62,18,18,8,1,34,14,75,55,67,6,1,63,,86,0.1,0.0,99.2,94.9,103.8,-0.03,0.133,41,50.0,39,0.067,53,41,36,0.284,36,78.73,71,94.9,53,90.65,76,49,0.0,79,0.0,60,94.48,100.0,100.0,25,67,0.0,65,94.48,71,0.0,82,-5.1,-4.6,0.098,0.0,33,51,53,62,51,78,84,62,41,-5.1,0.098,53,53.2,0.0,0.0,0.0,0.0,13.0,0.0,0.0,9.0,0.0,0.0,0.0,0.0,0.0,0.0,0.0,0.0,0.0,0.0,0.0,0.0,0.0,0.0,0.0,0.0,0.0,0.0,3.0,2.0,18.0,1.0,0.4,0.333,0.5,1.37,0.0,1.0,10.0,0.056,0.11,2.0,11.2,5.0,3.1,0.0,0.0,0.375,0.0,0.0,0.333,0.4,8.0,0.0,1.0,1.0,0.0,2.0,0.333,1.0,0.375,3.0,0.4,0.667,27.5,,,,,,,,,,,,,,,,,,,,,,,,,,,,,,,,,,,,,,,,,,,,,,,,,,,,,,,,0.0,,0.0,,,,,0.0,0.0,0.0,1.0,0.0,0.0,0.0,0.0,0.0,1.0,0.0,0.0,0.0,0.0,0.0,0.0,0.0,0.0,0.0,0.0,0.0,0.0,0.0,0.0,0.0,0.0,0.0,0.0,0.0,0.0,0.0,0.0,0.0,0.0,F-C,16.0,11.0,0.516,0.688,0.609,0.078,0.0,0.0,,0.0,,,0.0,0.0,0.0,0.0,0.0,0.0,,0.0,0.0,0.0,0.0,0.0,0.0,0.0,0.0,,,0.0,0.0,MIA,0.0,0.0,0.0,,,,,0.0,2015,21400143,,MIA,MIL,20141116.0,2014-15,False,MIA,MIL,,,1.0,6.0,7.0,0.857,0.469,0.388,,,,,,,1.0,6.0,7.0,0.857,0.481,0.377,0.571,3.0,4.0,0.75,0.589,0.161,0.857,5.0,6.0,0.833,0.524,0.31,0.143,1.0,1.0,1.0,0.3,0.7,,,18.0,1.0,0.0,0.0,0.0,0.0,0.0,0.0,0.0,0.0,0.0,0.0,0.0,0.0,1.0,1.0,0.0,0.0,,,20.07,7463.0,1.41,0.77,0.64,4.19,4.42,3.91,,,,,,,,,,,,,,,,,,,,,,,
2365,Chris Andersen,Chris,1610612748,MIA,36.0,1,0,1,0.0,23.5,2,8,0.25,0,0,0.0,0,0,0.0,5,5,10,1,4,2,2,2,1,2,4,1,25.5,0,0,23.0,1,46,46,46,46,51,34,65,39,54,39,42,47,42,3,17,7,43,2,4,6,82,16,29,61,34,22,7,1,25,,82,0.227,8.0,97.2,97.8,96.3,0.071,0.238,58,30.8,45,0.217,60,9,4,0.25,40,76.6,51,97.8,36,91.83,47,40,0.25,28,0.083,25,91.91,95.6,95.6,1,69,2.0,62,91.91,65,7.7,82,2.2,0.8,0.23,0.25,57,22,36,49,22,28,34,57,58,2.2,0.226,60,30.8,3.0,0.0,0.026,3.0,39.0,0.026,0.0,28.0,1.0,0.0,0.0,0.0,0.0,0.0,0.0,0.0,0.0,0.0,0.0,0.0,0.0,0.0,0.0,0.0,0.0,0.0,5.0,12.0,52.0,4.0,1.3,0.0,0.5,1.48,0.0,1.0,32.0,0.077,0.31,4.0,4.5,10.0,3.6,2.0,0.0,0.526,0.0,0.2,0.556,0.5,19.0,1.0,3.0,5.0,0.0,3.0,0.556,0.6,0.526,9.0,0.5,0.4,5.6,0.0,0.0,1.0,0.333,0.0,0.0,0.0,0.0,2.0,,0.0,0.333,0.0,2.0,,,3.0,0.5,0.0,0.667,0.0,2.0,0.5,3.0,0.667,,2.0,0.667,0.0,,,,,,,,,,,,,,0.167,0.0,0.0,0.167,0.0,0.0,0.0,,0.0,1.0,1.0,0.0,0.0,0.0,,0.0,0.0,0.0,,,1.0,0.0,0.0,0.0,0.0,0.25,0.0,0.333,0.0,6.0,0.0,0.0,0.0,0.0,0.0,0.0,0.0,0.0,0.0,0.0,0.0,0.0,0.0,2.0,0.0,0.0,0.0,0.0,0.0,0.0,2.0,0.0,6.0,0.333,F-C,250.0,145.0,0.587,0.58,0.593,-0.013,0.0,0.0,,0.333,,,0.0,0.0,0.0,2.0,0.0,0.0,,0.0,0.0,0.0,0.0,1.0,6.0,0.0,0.0,,,0.0,0.0,MIA,0.0,1.0,1.0,,,,0.0,0.0,2015,21401110,,MIA,SAS,20150331.0,2014-15,False,MIA,SAS,,,1.0,5.0,9.0,0.556,0.509,0.046,,,,,,,1.0,5.0,9.0,0.556,0.52,0.036,0.444,3.0,4.0,0.75,0.607,0.143,0.556,3.0,5.0,0.6,0.566,0.034,0.333,2.0,3.0,0.667,0.36,0.306,,,52.0,1.0,0.0,1.0,0.0,0.0,0.0,0.0,0.0,0.0,0.0,0.0,0.0,0.0,0.0,0.0,0.0,0.0,,,23.5,8364.0,1.58,0.79,0.79,4.1,4.36,3.87,,,,,,,,,,,,,,,,,,,,,,,
2365,Chris Andersen,Chris,1610612748,MIA,36.0,1,1,0,1.0,15.383333333333333,1,3,0.333,0,1,0.0,2,4,0.5,0,5,5,1,3,1,1,0,0,2,4,-5,14.5,0,0,14.0,1,1,1,1,193,189,203,156,105,126,105,67,43,106,137,53,80,118,27,45,27,1,1,76,185,167,158,18,2,156,,242,0.156,3.0,68.8,67.7,90.8,0.158,0.313,232,33.3,31,0.0,105,9,38,0.42,118,81.91,189,67.7,180,92.3,54,207,0.33,53,0.167,72,98.29,81.3,81.3,137,167,1.0,183,98.29,170,11.1,240,-13.5,-22.0,0.246,0.333,234,27,180,80,27,53,203,128,232,-13.5,0.242,105,34.2,1.0,0.0,0.056,2.0,18.0,0.056,0.0,15.0,1.0,0.0,0.0,0.0,0.0,0.0,0.0,0.0,0.0,0.0,0.0,0.0,0.0,0.0,0.0,0.0,0.0,0.0,4.0,2.0,26.0,4.0,0.8,0.0,2.0,1.91,0.0,0.0,15.0,0.154,0.38,1.0,8.6,3.0,8.6,4.0,0.0,1.0,0.0,0.0,0.0,1.667,5.0,0.0,0.0,4.0,0.0,1.0,0.0,0.2,1.0,2.0,1.667,0.2,0.0,,,,,,,,,,,,,,,,,,,,,,,,,,,,,,3.0,1.0,0.333,0.0,1.0,1.0,1.0,0.5,0.333,0.667,2.0,0.333,0.0,,,,,,,,,,,,,,0.0,0.0,0.0,,,,0.0,0.0,0.0,0.0,0.0,0.0,0.333,0.0,1.0,0.0,4.0,0.0,1.0,0.0,0.0,0.0,0.0,0.0,0.0,0.0,0.0,0.0,0.0,0.0,1.0,0.0,0.0,0.0,0.0,0.0,0.0,1.0,0.0,1.0,1.0,F-C,186.0,110.0,0.594,0.591,0.591,0.0,1.0,0.0,,1.0,0.0,,0.0,0.0,0.0,1.0,1.0,0.0,,0.0,0.0,0.0,0.0,0.0,1.0,0.0,0.0,0.0,0.0,0.0,0.0,MIA,0.0,0.0,2.0,0.0,1.0,0.0,0.0,0.0,2015,21400842,,ORL,MIA,20150225.0,2014-15,False,MIA,ORL,,,1.0,3.0,7.0,0.429,0.463,-0.035,0.429,0.0,3.0,0.0,0.354,-0.354,0.571,3.0,4.0,0.75,0.495,0.255,0.286,2.0,2.0,1.0,0.628,0.373,0.571,3.0,4.0,0.75,0.534,0.217,0.429,0.0,3.0,0.0,0.393,-0.393,,,26.0,0.0,0.0,0.0,0.0,0.0,0.0,0.0,0.0,0.0,0.0,0.0,0.0,0.0,0.0,0.0,0.0,0.0,,,15.38,5334.0,1.01,0.58,0.43,3.92,4.08,3.7,,,,,,,,,,,,,,,,,,,,,,,
2365,Chris Andersen,Chris,1610612748,MIA,36.0,1,0,1,0.0,19.616666666666667,2,2,1.0,0,0,0.0,0,2,0.0,0,3,3,2,1,0,0,0,0,2,4,-14,9.6,0,0,9.0,1,85,85,85,107,103,147,1,62,108,62,96,51,96,91,56,77,53,59,89,56,1,1,50,119,150,130,14,1,128,,137,0.1,2.0,85.3,81.0,119.2,0.086,0.214,154,16.7,42,0.0,47,26,55,0.694,20,83.6,103,81.0,156,98.02,87,147,2.0,153,0.2,128,100.32,120.0,120.0,91,36,2.0,63,100.32,3,33.3,133,-39.0,-33.8,0.089,1.0,148,130,156,40,130,154,147,17,154,-39.0,0.085,47,17.0,2.0,0.0,0.118,4.0,17.0,0.118,0.0,12.0,2.0,0.0,0.0,0.0,0.0,0.0,0.0,0.0,0.0,0.0,0.0,0.0,0.0,0.0,0.0,0.0,0.0,0.0,4.0,3.0,23.0,4.0,0.4,0.0,1.333,1.08,0.0,0.0,12.0,0.174,0.17,1.0,4.2,3.0,4.2,2.0,0.0,0.75,0.0,0.0,0.0,1.0,4.0,0.0,0.0,2.0,0.0,1.0,0.0,0.333,0.75,1.0,1.0,0.333,0.0,1.0,0.0,1.0,0.5,0.0,0.0,1.0,1.0,1.0,,1.0,0.5,1.0,1.0,,,1.0,0.5,0.0,1.0,0.0,1.0,0.5,1.0,1.0,,1.0,1.0,0.0,,,,,,,,,,,,,,,,,,,,,,,,,,,0.0,,0.0,,,,,0.0,0.0,0.0,0.0,0.0,1.0,0.0,1.0,0.0,4.0,0.0,0.0,0.0,0.0,0.0,0.0,0.0,0.0,,0.0,,,0.0,2.0,0.0,0.0,0.0,0.0,0.0,0.0,0.0,0.0,2.0,1.0,F-C,81.0,49.0,0.587,0.605,0.595,0.01,0.0,0.0,,1.0,,,0.0,0.0,0.0,2.0,0.0,0.0,,0.0,0.0,0.0,0.0,0.0,2.0,0.0,0.0,,,0.0,0.0,MIA,0.0,0.0,0.0,,,,,0.0,2015,21400497,,HOU,MIA,20150103.0,2014-15,False,MIA,HOU,,,1.0,7.0,8.0,0.875,0.485,0.39,0.25,2.0,2.0,1.0,0.367,0.633,0.75,5.0,6.0,0.833,0.535,0.299,0.5,4.0,4.0,1.0,0.609,0.392,0.75,5.0,6.0,0.833,0.567,0.267,0.25,2.0,2.0,1.0,0.366,0.635,,,23.0,0.0,0.0,0.0,0.0,0.0,0.0,0.0,0.0,0.0,0.0,0.0,0.0,0.0,0.0,0.0,0.0,0.0,,,19.62,6816.0,1.29,0.69,0.6,3.99,3.79,4.25,,,,,,,,,,,,,,,,,,,,,,,
2365,Chris Andersen,Chris,1610612748,MIA,36.0,1,1,0,1.0,20.846666666666668,1,1,1.0,0,0,0.0,5,6,0.833,2,6,8,1,0,0,1,0,2,3,7,3,21.1,0,0,18.0,1,1,1,1,84,89,113,1,54,85,54,7,9,38,15,14,11,65,93,68,10,1,50,27,70,48,50,10,1,61,,1,0.195,1.0,101.9,100.0,83.2,0.236,0.261,60,0.0,38,0.111,105,15,11,0.962,72,73.87,89,100.0,44,91.36,9,31,0.0,116,0.083,14,88.65,89.7,89.7,14,6,1.0,97,88.65,2,20.0,1,10.3,18.8,0.084,1.0,50,26,44,77,26,115,113,42,60,10.3,0.087,105,0.0,3.0,0.0,0.063,2.0,16.0,0.063,0.0,9.0,1.0,0.0,0.0,0.0,0.0,0.0,0.0,0.0,0.0,0.0,0.0,0.0,0.0,0.0,0.0,0.0,0.0,0.0,0.0,7.0,21.0,7.0,0.6,0.0,0.857,1.67,0.0,0.0,9.0,0.333,0.52,3.0,3.7,12.0,3.1,5.0,2.0,0.5,2.0,1.0,0.5,0.6,16.0,2.0,0.0,5.0,0.0,1.0,0.5,0.167,0.571,4.0,0.5,0.375,5.6,,,,,,,,,,,,,,,,,1.0,1.0,0.0,1.0,0.0,1.0,1.0,1.0,1.0,,1.0,1.0,0.0,,,,,,,,,,,,,,,,,,,,,,,,,,,0.0,,0.0,,,,,0.0,0.0,0.0,0.0,0.0,1.0,0.0,1.0,0.0,6.0,0.0,,0.0,0.0,0.0,0.0,0.0,0.0,0.0,0.0,0.0,0.0,0.0,1.0,0.0,0.0,0.0,,0.0,,0.0,0.0,1.0,1.0,F-C,86.0,52.0,0.585,0.605,0.593,0.012,0.0,0.0,0.0,1.0,,0.0,,0.0,0.0,1.0,,0.0,0.0,,0.0,0.0,0.0,0.0,1.0,0.0,0.0,,,0.0,0.0,MIA,0.0,0.0,0.0,,,,,0.0,2015,21400505,,MIA,BKN,20150104.0,2014-15,False,MIA,BKN,,,1.0,6.0,9.0,0.667,0.471,0.196,0.111,1.0,1.0,1.0,0.352,0.648,0.889,5.0,8.0,0.625,0.499,0.126,0.556,3.0,5.0,0.6,0.561,0.039,0.667,4.0,6.0,0.667,0.54,0.126,0.333,2.0,3.0,0.667,0.443,0.224,,,21.0,0.0,0.0,0.0,0.0,0.0,0.0,0.0,0.0,0.0,0.0,0.0,0.0,0.0,0.0,0.0,0.0,0.0,,,20.85,7643.0,1.45,0.7,0.75,4.04,4.52,4.19,,,,,,,,,,,,,,,,,,,,,,,
2365,Chris Andersen,Chris,1610612748,MIA,36.0,1,1,0,1.0,16.083333333333332,3,4,0.75,0,0,0.0,1,2,0.5,2,1,3,1,1,0,1,0,1,3,7,2,14.1,0,0,13.0,1,1,1,1,144,86,136,18,84,122,84,71,58,72,20,125,84,92,63,94,19,1,36,34,100,74,119,13,1,119,,139,0.111,4.0,108.7,112.9,110.6,0.11,0.067,58,14.3,31,0.167,116,133,51,0.717,57,77.1,86,112.9,73,92.58,84,103,1.0,113,0.091,133,92.52,106.5,106.5,6,33,3.0,121,92.52,25,14.3,137,6.5,-1.9,0.167,0.75,68,106,73,102,106,105,136,92,58,6.5,0.171,116,14.5,3.0,0.0,0.059,2.0,17.0,0.059,0.0,16.0,1.0,0.0,0.0,0.0,0.0,0.0,0.0,0.0,0.0,0.0,0.0,0.0,0.0,0.0,0.0,0.0,0.0,0.0,4.0,8.0,23.0,7.0,0.4,0.0,0.5,1.09,0.0,0.0,18.0,0.304,0.26,3.0,3.9,7.0,3.4,1.0,1.0,0.3,1.0,1.0,0.667,0.167,10.0,2.0,0.0,1.0,0.0,1.0,0.667,1.0,0.333,3.0,0.143,1.0,4.4,0.0,0.0,1.0,0.25,0.0,0.0,0.0,0.0,1.0,,0.0,0.25,0.0,1.0,,,2.0,0.5,0.0,1.0,0.0,2.0,0.5,2.0,1.0,,2.0,1.0,0.0,,,,,,,,,,,,,,0.25,0.0,1.0,0.25,0.0,0.0,1.0,,1.0,1.0,1.0,1.0,1.0,0.0,,0.0,,,,,0.0,0.0,0.0,0.0,0.0,0.75,1.0,0.667,2.0,4.0,0.0,0.0,1.0,0.0,0.0,0.0,0.0,0.0,0.0,0.0,0.0,0.0,0.0,2.0,0.0,0.0,0.0,0.0,0.0,0.0,1.0,1.0,3.0,0.667,F-C,19.0,13.0,0.543,0.684,0.602,0.083,0.0,0.0,,0.667,,,0.0,0.0,0.0,2.0,0.0,0.0,,0.0,0.0,0.0,0.0,1.0,3.0,0.0,1.0,,,1.0,0.0,MIA,0.0,0.0,0.0,,,,,0.0,2015,21400149,,BKN,MIA,20141117.0,2014-15,False,MIA,BKN,,,1.0,3.0,4.0,0.75,0.485,0.265,,,,,,,1.0,3.0,4.0,0.75,0.511,0.239,0.75,2.0,3.0,0.667,0.56,0.106,0.75,2.0,3.0,0.667,0.539,0.128,,,,,,,,,23.0,0.0,0.0,0.0,0.0,0.0,0.0,0.0,0.0,0.0,0.0,0.0,0.0,0.0,0.0,0.0,0.0,0.0,,,16.08,5494.0,1.04,0.54,0.5,3.74,3.53,3.96,,,,,,,,,,,,,,,,,,,,,,,
2365,Chris Andersen,Chris,1610612748,MIA,36.0,1,1,0,1.0,15.448333333333334,2,8,0.25,0,1,0.0,0,0,0.0,2,4,6,0,0,1,1,0,0,0,4,-14,17.2,0,0,14.0,1,1,1,1,204,149,114,203,100,131,100,151,164,151,32,71,57,180,178,54,27,1,1,201,181,236,143,27,2,158,,1,0.188,8.0,65.0,60.6,102.0,0.086,0.286,258,0.0,33,0.111,43,20,18,0.25,130,85.45,149,60.6,245,99.55,131,235,0.0,62,0.0,161,102.54,103.0,103.0,35,228,2.0,93,102.54,210,0.0,1,-42.4,-37.0,0.244,0.25,255,158,245,180,158,75,114,180,258,-42.4,0.229,43,0.0,0.0,0.0,0.0,0.0,20.0,0.0,0.0,12.0,0.0,0.0,1.0,0.0,0.0,0.0,0.0,0.0,0.0,0.0,0.0,0.0,1.0,0.0,0.0,0.0,0.0,0.0,3.0,5.0,28.0,4.0,0.8,0.0,0.8,1.62,0.0,0.0,14.0,0.143,0.14,2.0,4.0,8.0,3.6,3.0,0.0,0.5,0.0,0.5,0.5,0.5,12.0,1.0,1.0,4.0,0.0,1.0,0.5,0.25,0.5,4.0,0.5,0.333,4.9,0.0,0.0,1.0,0.375,0.0,0.0,0.0,0.0,3.0,,0.0,0.375,0.0,3.0,,,2.0,0.25,0.0,0.5,0.0,1.0,0.25,2.0,0.5,,1.0,0.5,0.0,1.0,0.0,1.0,0.0,0.125,1.0,1.0,1.0,0.0,0.125,1.0,1.0,,0.25,0.0,0.0,0.125,1.0,0.125,0.0,0.0,0.0,1.0,2.0,0.0,0.0,0.0,0.0,0.0,,,,0.0,0.0,0.0,0.0,0.0,0.0,0.25,0.0,0.4,0.0,4.0,0.0,0.0,0.0,0.0,0.0,1.0,1.0,0.0,,0.0,,,0.0,2.0,0.0,0.0,0.0,0.0,0.0,0.0,1.0,0.0,5.0,0.4,F-C,196.0,117.0,0.598,0.597,0.591,0.006,1.0,0.0,,0.333,,,0.0,0.0,0.0,2.0,0.0,0.0,,0.0,0.0,0.0,0.0,1.0,6.0,0.0,0.0,,,0.0,0.0,MIA,0.0,0.0,1.0,,0.0,0.0,0.0,0.0,2015,21400905,,MIA,LAL,20150304.0,2014-15,False,MIA,LAL,,,1.0,4.0,5.0,0.8,0.436,0.364,0.2,1.0,1.0,1.0,0.369,0.631,0.8,3.0,4.0,0.75,0.455,0.295,0.4,2.0,2.0,1.0,0.608,0.393,0.6,2.0,3.0,0.667,0.563,0.104,0.4,2.0,2.0,1.0,0.362,0.638,,,28.0,0.0,0.0,0.0,0.0,0.0,0.0,0.0,0.0,0.0,0.0,0.0,0.0,0.0,0.0,0.0,0.0,0.0,,,15.45,5794.0,1.1,0.61,0.49,4.28,4.36,4.18,,,,,,,,,,,,,,,,,,,,,,,
2365,Chris Andersen,Chris,1610612748,MIA,36.0,1,1,0,1.0,29.185,4,5,0.8,0,0,0.0,4,6,0.667,2,6,8,1,0,2,1,0,5,4,12,15,32.1,0,0,27.0,1,1,1,1,38,40,60,5,44,61,44,10,8,28,17,14,14,52,62,5,10,1,104,13,35,8,22,11,1,27,,1,0.145,5.0,119.7,117.9,93.4,0.151,0.207,27,0.0,56,0.077,82,20,24,0.785,47,74.7,40,117.9,17,90.26,26,16,0.0,77,0.048,29,89.64,96.2,96.2,22,10,4.0,74,89.64,9,11.1,1,21.6,26.2,0.121,0.8,23,33,17,67,33,77,60,60,27,21.6,0.119,82,0.0,,,,,,,,,,,,,,,,,,,,,,,,,,,,,,,,,,,,,,,,,,,,,,,,,,,,,,,,,,,,,,,,,,,,,,,,,,,,,,,,,,,,,,,,,,,,,,,,,,,,,,,,,,,,,,,,,,,,,,,0.0,,0.0,,,,,0.0,,,,,,,,,,0.0,,0.0,0.0,0.0,0.0,0.0,0.0,0.0,0.0,0.0,0.0,0.0,4.0,0.0,0.0,0.0,,0.0,,0.0,0.0,5.0,0.8,F-C,61.0,36.0,0.604,0.59,0.589,0.001,0.0,0.0,0.0,0.8,,0.0,,0.0,0.0,4.0,,0.0,0.0,,0.0,0.0,0.0,0.0,5.0,0.0,0.0,,,0.0,0.0,MIA,0.0,0.0,0.0,,,,,0.0,2015,21400429,,MIA,CLE,20141225.0,2014-15,False,MIA,CLE,,,,,,,,,,,,,,,,,,,,,,,,,,,,,,,,,,,,,,,,,,,,,,,,,,,,,,,,,,,,,,,,,,,,,,,,,,,,,,,,,,,,,,,,,,,
2365,Chris Andersen,Chris,1610612748,MIA,36.0,1,0,1,0.0,12.488333333333332,1,2,0.5,0,0,0.0,1,2,0.5,2,3,5,0,0,1,1,0,3,1,3,-12,15.0,0,0,12.0,1,111,111,111,184,167,190,76,99,134,99,97,78,93,35,87,68,164,143,40,15,1,149,109,175,193,139,18,1,149,,1,0.2,2.0,70.3,66.7,105.6,0.096,0.3,211,0.0,24,0.133,96,18,11,0.521,120,80.07,167,66.7,202,94.71,111,197,0.0,191,0.0,91,96.09,107.7,107.7,21,111,1.0,104,96.09,98,0.0,1,-41.0,-35.3,0.116,0.5,211,113,202,164,113,191,190,164,211,-41.0,0.115,96,0.0,1.0,0.0,0.0,0.0,14.0,0.0,0.0,4.0,0.0,0.0,0.0,0.0,0.0,0.0,0.0,0.0,0.0,0.0,0.0,0.0,0.0,0.0,0.0,0.0,0.0,0.0,0.0,4.0,17.0,3.0,0.3,0.0,0.75,1.19,0.0,0.0,5.0,0.176,0.06,5.0,3.5,3.0,3.0,0.0,0.0,1.0,0.0,1.0,1.0,1.0,5.0,2.0,0.0,0.0,0.0,3.0,1.0,1.0,1.0,2.0,1.0,1.0,4.2,0.0,0.0,1.0,0.5,0.0,0.0,0.0,0.0,1.0,,0.0,0.5,0.0,1.0,,,1.0,0.5,0.0,1.0,0.0,1.0,0.5,1.0,1.0,,1.0,1.0,0.0,,,,,,,,,,,,,,,,,,,,,,,,,,,0.0,,0.0,,,,,0.0,0.0,0.0,0.0,0.0,0.5,0.0,0.5,0.0,3.0,0.0,,0.0,0.0,0.0,0.0,0.0,0.0,,0.0,,,0.0,1.0,0.0,0.0,0.0,,0.0,,0.0,0.0,2.0,0.5,F-C,154.0,91.0,0.606,0.591,0.593,-0.002,0.0,0.0,,0.5,,,,0.0,0.0,1.0,,0.0,,,0.0,0.0,0.0,0.0,2.0,0.0,0.0,,,0.0,0.0,MIA,0.0,0.0,0.0,,,,,0.0,2015,21400737,,MIN,MIA,20150204.0,2014-15,False,MIA,MIN,,,1.0,4.0,4.0,1.0,0.457,0.544,,,,,,,1.0,4.0,4.0,1.0,0.466,0.534,0.75,3.0,3.0,1.0,0.565,0.435,1.0,4.0,4.0,1.0,0.49,0.51,,,,,,,,,17.0,0.0,0.0,0.0,0.0,0.0,0.0,0.0,0.0,0.0,0.0,0.0,0.0,0.0,0.0,0.0,0.0,0.0,,,12.48,4703.0,0.89,0.48,0.41,4.33,4.79,3.87,,,,,,,,,,,,,,,,,,,,,,,
2365,Chris Andersen,Chris,1610612748,MIA,36.0,1,0,1,0.0,21.35,0,1,0.0,0,0,0.0,0,2,0.0,0,3,3,0,2,0,1,0,3,1,0,-11,4.6,0,0,5.0,1,25,25,25,24,37,38,37,20,31,20,23,15,23,15,14,16,29,7,22,3,1,34,23,39,40,35,6,1,35,,47,0.094,1.0,90.4,87.8,112.7,-0.068,0.214,34,50.0,41,0.0,31,10,19,0.0,19,75.88,37,87.8,36,91.68,46,36,0.0,41,0.0,29,91.05,117.5,117.5,15,39,0.0,27,91.05,37,0.0,46,-29.7,-22.3,0.095,0.0,35,34,36,29,34,41,38,29,34,-29.7,0.095,31,51.5,0.0,0.0,0.0,0.0,10.0,0.0,0.0,10.0,0.0,0.0,0.0,0.0,0.0,1.0,0.0,0.0,2.0,0.0,0.0,0.0,1.0,0.0,1.0,0.0,0.0,0.0,1.0,3.0,14.0,0.0,0.3,0.0,0.0,1.43,0.0,0.0,9.0,0.0,0.43,0.0,4.4,4.0,4.4,2.0,1.0,0.429,1.0,0.0,0.0,1.0,7.0,0.0,0.0,2.0,0.0,0.0,0.0,0.0,0.5,3.0,0.75,0.0,0.0,,,,,,,,,,,,,,,,,,,,,,,,,,,,,,1.0,0.0,0.0,0.0,1.0,0.0,0.0,0.0,0.0,1.0,1.0,0.0,,,,,,,,,,,,,,,0.0,,0.0,,,,,0.0,0.0,0.0,0.0,0.0,0.0,0.0,0.0,0.0,0.0,0.0,,0.0,0.0,0.0,0.0,0.0,0.0,0.0,0.0,0.0,0.0,0.0,0.0,0.0,0.0,0.0,,0.0,,1.0,0.0,0.0,0.0,F-C,23.0,16.0,0.511,0.696,0.61,0.085,1.0,0.0,,0.0,0.0,,,0.0,0.0,0.0,,0.0,,,0.0,0.0,0.0,0.0,0.0,0.0,0.0,0.0,0.0,0.0,0.0,MIA,0.0,0.0,1.0,,,,0.0,0.0,2015,21400170,,MIA,LAC,20141120.0,2014-15,False,MIA,LAC,,,1.0,7.0,10.0,0.7,0.534,0.166,0.3,2.0,3.0,0.667,0.373,0.294,0.7,5.0,7.0,0.714,0.566,0.149,0.4,3.0,4.0,0.75,0.652,0.098,0.4,3.0,4.0,0.75,0.637,0.114,0.6,4.0,6.0,0.667,0.416,0.25,,,14.0,0.0,0.0,0.0,0.0,0.0,0.0,0.0,0.0,0.0,0.0,0.0,0.0,0.0,0.0,0.0,0.0,0.0,,,21.35,7520.0,1.42,0.76,0.66,3.94,4.24,4.2,,,,,,,,,,,,,,,,,,,,,,,
2365,Chris Andersen,Chris,1610612748,MIA,36.0,1,1,0,1.0,26.726666666666667,5,6,0.833,0,0,0.0,2,2,1.0,1,7,8,1,0,0,3,0,0,2,12,-3,32.1,0,0,27.0,1,1,1,1,54,30,84,8,60,91,60,34,43,1,43,9,20,70,97,70,2,1,1,44,40,88,26,15,2,31,,1,0.143,6.0,77.4,75.9,78.3,0.273,0.212,134,0.0,54,0.043,82,26,32,0.872,73,80.07,30,75.9,93,98.02,8,74,0.0,115,0.083,18,96.08,83.0,83.0,53,8,5.0,76,96.08,11,12.5,1,-7.1,-0.9,0.121,0.833,130,19,93,80,19,115,84,72,134,-7.1,0.121,82,0.0,0.0,0.0,0.04,2.0,25.0,0.04,0.0,11.0,1.0,0.0,0.0,0.0,0.0,0.0,0.0,0.0,0.0,0.0,0.0,0.0,0.0,0.0,0.0,0.0,0.0,0.0,1.0,7.0,32.0,12.0,0.9,0.0,1.143,1.6,0.0,0.0,10.0,0.375,0.34,5.0,3.5,13.0,3.2,3.0,2.0,0.444,2.0,1.0,0.2,0.636,18.0,1.0,0.0,3.0,0.0,4.0,0.2,0.571,0.5,5.0,0.538,0.625,5.6,0.5,0.0,1.0,0.333,0.0,0.0,1.0,1.0,2.0,,0.5,0.333,0.5,2.0,,,3.0,0.5,0.0,1.0,0.0,3.0,0.5,3.0,1.0,,3.0,1.0,0.0,1.0,0.0,1.0,0.0,0.167,1.0,1.0,1.0,0.0,0.167,1.0,1.0,,,,,,,,,,,,,,,0.0,,0.0,,,,,0.0,0.0,0.0,0.0,0.0,0.833,0.0,0.75,0.0,8.0,0.0,0.0,0.0,0.0,0.0,1.0,0.0,0.0,0.0,0.0,0.0,0.0,0.0,5.0,0.0,0.0,0.0,0.0,0.0,0.0,0.0,0.0,5.0,1.0,F-C,106.0,62.0,0.599,0.585,0.598,-0.013,0.0,0.0,,1.0,0.0,,0.0,0.0,0.0,5.0,0.0,0.0,,0.0,0.0,0.0,0.0,0.0,5.0,1.0,0.0,0.0,0.0,0.0,0.0,MIA,0.0,0.0,0.0,,,,,0.0,2015,21400573,,LAL,MIA,20150113.0,2014-15,False,MIA,LAL,,,1.0,5.0,16.0,0.313,0.496,-0.183,0.125,0.0,2.0,0.0,0.36,-0.36,0.875,5.0,14.0,0.357,0.508,-0.151,0.625,4.0,10.0,0.4,0.634,-0.234,0.75,5.0,12.0,0.417,0.569,-0.152,0.25,0.0,4.0,0.0,0.366,-0.366,,,32.0,0.0,0.0,0.0,0.0,0.0,0.0,0.0,0.0,0.0,0.0,0.0,0.0,0.0,0.0,0.0,0.0,0.0,,,26.73,9749.0,1.85,0.95,0.89,4.05,4.49,4.05,,,,,,,,,,,,,,,,,,,,,,,
2365,Chris Andersen,Chris,1610612748,MIA,36.0,1,0,1,0.0,10.456666666666669,2,3,0.667,0,1,0.0,0,0,0.0,0,2,2,0,0,0,2,0,0,0,4,-4,12.4,0,0,10.0,1,22,22,22,33,22,32,6,17,20,17,17,18,17,23,23,24,33,28,18,1,1,1,29,26,24,26,6,1,28,,1,0.105,3.0,84.0,85.7,111.3,0.174,0.2,25,0.0,21,0.0,17,9,11,0.667,25,80.33,22,85.7,31,94.56,8,33,0.0,30,0.0,29,96.4,104.8,104.8,23,8,2.0,26,96.4,7,0.0,1,-19.0,-27.4,0.128,0.667,26,24,31,33,24,29,32,33,25,-19.0,0.13,17,0.0,1.0,0.0,0.0,0.0,13.0,0.0,0.0,8.0,0.0,0.0,0.0,0.0,0.0,0.0,0.0,0.0,0.0,0.0,0.0,0.0,0.0,0.0,0.0,0.0,0.0,0.0,1.0,0.0,16.0,4.0,0.5,2.0,0.0,1.72,0.0,0.0,8.0,0.25,0.06,1.0,2.3,4.0,2.3,1.0,0.0,0.333,0.0,0.0,0.0,0.5,6.0,0.0,0.0,1.0,0.0,1.0,0.0,0.5,0.333,2.0,0.5,0.5,0.0,1.0,0.0,1.0,0.333,0.0,0.0,1.0,1.0,1.0,,1.0,0.333,1.0,1.0,,,,,,,,,,,,,,,,1.0,1.0,0.0,0.0,0.333,0.0,0.0,,0.333,0.0,0.0,0.0,0.0,0.333,0.0,1.0,0.333,0.0,0.0,1.0,,1.0,1.0,1.0,1.0,1.0,0.0,1.0,0.0,0.0,0.0,0.0,0.0,1.0,0.0,1.0,2.0,0.0,0.667,1.0,0.0,2.0,0.0,0.0,,1.0,,0.0,0.0,0.0,0.0,1.0,0.0,0.0,0.0,0.0,1.0,,,0.0,,1.0,,1.0,1.0,1.0,1.0,F-C,261.0,152.0,0.593,0.582,0.592,-0.01,0.0,0.0,,1.0,,,,0.0,1.0,1.0,,0.0,,,0.0,0.0,0.0,1.0,1.0,0.0,0.0,,,0.0,0.0,MIA,1.0,1.0,1.0,,0.0,0.0,1.0,1.0,2015,21401173,,MIA,CHI,20150409.0,2014-15,False,MIA,CHI,,,1.0,2.0,4.0,0.5,0.459,0.042,0.25,0.0,1.0,0.0,0.382,-0.382,0.75,2.0,3.0,0.667,0.494,0.173,0.5,2.0,2.0,1.0,0.573,0.427,0.5,2.0,2.0,1.0,0.546,0.454,0.25,0.0,1.0,0.0,0.371,-0.371,,,16.0,0.0,0.0,0.0,0.0,0.0,0.0,0.0,0.0,0.0,0.0,0.0,0.0,0.0,0.0,0.0,0.0,0.0,,,10.45,3789.0,0.72,0.38,0.34,4.03,4.56,3.48,,,,,,,,,,,,,,,,,,,,,,,
2365,Chris Andersen,Chris,1610612748,MIA,36.0,1,0,1,0.0,10.183333333333334,1,1,1.0,0,0,0.0,0,0,0.0,0,0,0,0,2,0,0,0,0,0,2,16,0.0,0,0,2.0,1,103,103,103,183,156,192,1,81,144,81,124,135,124,111,179,189,151,34,102,62,1,1,159,177,13,204,17,1,197,,206,0.0,1.0,141.5,136.4,67.4,0.0,0.0,7,66.7,22,0.0,67,179,189,1.0,112,82.49,156,136.4,4,98.89,178,2,0.0,161,0.0,4,98.99,70.0,70.0,111,8,1.0,65,98.99,5,0.0,206,66.4,74.1,0.135,1.0,7,8,4,151,8,163,192,151,7,66.4,0.13,67,66.7,2.0,0.0,0.111,0.0,9.0,0.0,1.0,10.0,1.0,0.0,0.0,0.0,0.0,0.0,0.0,0.0,0.0,0.0,0.0,0.0,0.0,0.0,0.0,0.0,0.0,0.0,4.0,2.0,12.0,2.0,0.3,0.0,1.0,1.49,0.0,0.0,10.0,0.167,0.33,,,,,,,,,,,,,,,,,,,,,,,,,,,,,,,,,,,,,,,,,,,,,,,,,,,,,,1.0,0.0,1.0,0.0,1.0,1.0,1.0,1.0,0.0,1.0,1.0,1.0,,,,,,,,,,,,,,,0.0,,0.0,,,,,0.0,0.0,0.0,0.0,0.0,1.0,0.0,1.0,0.0,2.0,0.0,0.0,0.0,0.0,0.0,0.0,0.0,0.0,0.0,0.0,0.0,0.0,0.0,1.0,0.0,0.0,0.0,0.0,0.0,0.0,0.0,0.0,1.0,1.0,F-C,252.0,146.0,0.587,0.579,0.593,-0.014,0.0,0.0,,1.0,,,0.0,0.0,0.0,1.0,0.0,0.0,,0.0,0.0,0.0,0.0,0.0,1.0,0.0,0.0,,,0.0,0.0,MIA,0.0,0.0,0.0,,,,,0.0,2015,21401139,,DET,MIA,20150404.0,2014-15,False,MIA,DET,,,,,,,,,,,,,,,,,,,,,,,,,,,,,,,,,,,,,,,,,12.0,0.0,0.0,0.0,0.0,0.0,0.0,0.0,0.0,0.0,0.0,0.0,0.0,0.0,0.0,0.0,0.0,0.0,,,10.18,3622.0,0.69,0.36,0.32,4.14,4.82,3.48,,,,,,,,,,,,,,,,,,,,,,,
2365,Chris Andersen,Chris,1610612748,MIA,36.0,1,1,0,1.0,17.216666666666665,1,3,0.333,0,0,0.0,2,2,1.0,2,3,5,0,2,1,2,1,1,2,4,-16,17.0,0,0,15.0,1,1,1,1,77,77,81,68,52,71,52,20,31,1,10,35,30,79,18,15,5,74,25,29,74,98,55,9,1,58,,104,0.167,3.0,78.3,78.6,127.7,0.119,0.231,92,33.3,28,0.118,105,22,16,0.515,57,68.54,77,78.6,95,80.63,40,98,0.0,61,0.0,97,82.25,122.6,122.6,12,54,1.0,103,82.25,77,0.0,102,-44.0,-49.3,0.168,0.333,94,90,95,79,90,58,81,79,92,-44.0,0.171,105,34.0,0.0,0.0,0.05,0.0,20.0,0.0,1.0,13.0,1.0,0.0,0.0,0.0,0.0,0.0,0.0,0.0,0.0,0.0,0.0,1.0,1.0,0.0,0.0,0.0,1.0,0.0,2.0,6.0,25.0,4.0,0.6,1.0,0.667,1.43,0.0,0.0,10.0,0.16,0.28,3.0,4.4,8.0,2.9,2.0,1.0,0.385,1.0,1.0,0.4,0.429,13.0,2.0,0.0,2.0,0.0,1.0,0.4,0.333,0.417,5.0,0.375,0.6,6.6,1.0,0.0,1.0,0.5,0.0,0.0,1.0,1.0,1.0,,1.0,0.5,1.0,1.0,,,1.0,0.5,0.0,0.0,0.0,0.0,0.5,1.0,0.0,,0.0,0.0,0.0,,,,,,,,,,,,,,,,,,,,,,,,,,,0.0,,0.0,,,,,0.0,0.0,0.0,2.0,0.0,0.333,0.0,0.333,0.0,4.0,0.0,,0.0,0.0,0.0,1.0,0.0,0.0,0.0,0.0,0.0,0.0,0.0,1.0,0.0,0.0,0.0,,0.0,,0.0,0.0,2.0,0.5,F-C,96.0,58.0,0.596,0.604,0.594,0.01,0.0,0.0,,0.333,,,,0.0,0.0,1.0,,0.0,,,0.0,0.0,0.0,0.0,3.0,0.0,0.0,,,0.0,0.0,MIA,0.0,0.0,0.0,,,,,0.0,2015,21400559,,LAC,MIA,20150111.0,2014-15,False,MIA,LAC,,,1.0,2.0,5.0,0.4,0.5,-0.1,,,,,,,1.0,2.0,5.0,0.4,0.532,-0.132,0.6,1.0,3.0,0.333,0.608,-0.275,0.8,1.0,4.0,0.25,0.577,-0.327,0.2,1.0,1.0,1.0,0.447,0.553,,,25.0,0.0,0.0,0.0,0.0,0.0,0.0,0.0,0.0,0.0,0.0,0.0,0.0,0.0,0.0,0.0,0.0,0.0,,,17.22,5916.0,1.12,0.67,0.45,3.84,4.31,4.04,,,,,,,,,,,,,,,,,,,,,,,
2365,Chris Andersen,Chris,1610612748,MIA,36.0,1,0,1,0.0,19.816666666666663,1,1,1.0,0,0,0.0,0,0,0.0,0,2,2,1,0,1,1,0,0,1,2,-14,11.9,0,0,9.0,1,135,135,135,151,179,228,1,101,163,101,141,148,141,139,126,155,127,165,43,26,1,1,133,202,242,175,17,1,196,,1,0.077,1.0,109.6,113.9,147.1,0.07,0.222,57,0.0,36,0.0,248,43,128,1.0,125,71.66,179,113.9,241,90.59,158,238,0.0,254,0.077,252,85.99,157.1,157.1,139,8,1.0,200,85.99,4,50.0,1,-43.3,-37.4,0.025,1.0,70,256,241,155,256,254,228,6,57,-43.3,0.025,248,0.0,1.0,1.0,0.1,4.0,20.0,0.05,0.0,10.0,2.0,0.0,0.0,0.0,0.0,0.0,0.0,0.0,0.0,0.0,0.0,0.0,0.0,0.0,0.0,0.0,0.0,0.0,3.0,3.0,23.0,2.0,0.7,0.0,0.0,1.74,0.0,0.0,9.0,0.087,0.3,0.0,4.9,4.0,4.9,2.0,0.0,0.286,0.0,0.0,0.0,0.5,7.0,0.0,0.0,2.0,0.0,0.0,0.0,0.0,0.286,3.0,0.5,0.0,0.0,,,,,,,,,,,,,,,,,,,,,,,,,,,,,,,,,,,,,,,,,,,1.0,0.0,1.0,1.0,0.0,0.0,1.0,,1.0,1.0,1.0,1.0,1.0,0.0,,0.0,,,,,0.0,0.0,0.0,0.0,0.0,1.0,1.0,0.0,2.0,0.0,0.0,,1.0,0.0,0.0,0.0,0.0,0.0,0.0,0.0,0.0,0.0,0.0,0.0,0.0,0.0,0.0,,0.0,,1.0,1.0,0.0,0.0,F-C,170.0,101.0,0.601,0.594,0.595,-0.001,1.0,0.0,0.0,0.0,,0.0,0.0,0.0,0.0,0.0,0.0,0.0,0.0,0.0,1.0,0.0,0.0,0.0,0.0,0.0,0.0,,,0.0,1.0,MIA,0.0,0.0,1.0,,,,1.0,1.0,2015,21400796,,CLE,MIA,20150211.0,2014-15,False,MIA,CLE,,,1.0,3.0,5.0,0.6,0.505,0.095,,,,,,,1.0,3.0,5.0,0.6,0.525,0.075,0.6,2.0,3.0,0.667,0.598,0.069,1.0,3.0,5.0,0.6,0.574,0.026,,,,,,,,,23.0,0.0,0.0,0.0,0.0,0.0,0.0,0.0,0.0,0.0,0.0,0.0,0.0,0.0,0.0,0.0,0.0,0.0,,,19.82,6878.0,1.3,0.72,0.58,3.96,3.74,4.26,,,,,,,,,,,,,,,,,,,,,,,
2365,Chris Andersen,Chris,1610612748,MIA,36.0,1,1,0,1.0,9.466666666666669,4,5,0.8,0,0,0.0,2,2,1.0,0,5,5,0,0,0,1,0,2,3,10,-1,19.0,0,0,17.0,1,1,1,1,216,83,164,15,96,150,96,62,81,1,127,42,71,178,168,111,32,1,105,46,96,127,124,19,2,131,,1,0.227,5.0,75.1,72.2,81.4,0.694,0.455,227,0.0,18,0.0,204,2,9,0.85,137,76.06,83,72.2,147,87.52,1,147,0.0,28,0.0,32,91.27,77.8,77.8,127,19,4.0,238,91.27,21,0.0,1,-5.6,-6.3,0.289,0.8,225,25,147,178,25,27,164,178,227,-5.6,0.286,204,0.0,0.0,0.0,0.0,0.0,16.0,0.0,0.0,13.0,0.0,0.0,0.0,0.0,0.0,0.0,0.0,0.0,0.0,0.0,0.0,0.0,0.0,0.0,0.0,0.0,0.0,0.0,1.0,6.0,22.0,10.0,0.5,0.0,1.667,1.31,0.0,1.0,13.0,0.455,0.18,2.0,3.2,5.0,3.2,3.0,0.0,0.625,0.0,0.0,0.0,1.0,8.0,0.0,0.0,3.0,0.0,2.0,0.0,0.4,0.625,3.0,1.0,0.4,0.0,1.0,0.0,1.0,0.2,0.0,0.0,1.0,1.0,1.0,,1.0,0.2,1.0,1.0,,,4.0,0.8,0.0,0.75,0.0,3.0,0.8,4.0,0.75,,3.0,0.75,0.0,,,,,,,,,,,,,,,,,,,,,,,,,,,0.0,,0.0,0.0,0.0,,,1.0,0.0,0.0,0.0,0.0,0.8,0.0,1.0,0.0,10.0,,,0.0,,0.0,0.0,0.0,0.0,,,,,0.0,4.0,,,0.0,,,,1.0,0.0,4.0,1.0,F-C,262.0,153.0,0.591,0.584,0.592,-0.008,1.0,0.0,,1.0,,,,0.0,0.0,4.0,,0.0,,,0.0,0.0,0.0,0.0,4.0,0.0,0.0,,,0.0,0.0,MIA,0.0,0.0,0.0,,,,,0.0,2015,21401207,,MIA,ORL,20150413.0,2014-15,False,MIA,ORL,,,1.0,1.0,3.0,0.333,0.431,-0.098,,,,,,,1.0,1.0,3.0,0.333,0.507,-0.173,0.333,1.0,1.0,1.0,0.566,0.434,0.333,1.0,1.0,1.0,0.541,0.459,0.667,0.0,2.0,0.0,0.25,-0.25,,,22.0,1.0,0.0,0.0,0.0,0.0,0.0,0.0,0.0,0.0,1.0,1.0,0.0,0.0,0.0,0.0,0.0,0.0,,,9.47,3315.0,0.63,0.32,0.31,3.81,3.43,4.28,,,,,,,,,,,,,,,,,,,,,,,
2365,Chris Andersen,Chris,1610612748,MIA,36.0,1,1,0,1.0,14.363333333333332,1,1,1.0,0,0,0.0,0,0,0.0,0,3,3,1,0,0,1,0,2,1,2,1,10.1,0,0,8.0,1,1,1,1,178,176,216,1,100,149,100,127,137,127,109,80,103,116,149,107,27,1,100,115,196,96,173,17,3,182,,1,0.097,1.0,90.8,92.9,86.9,0.134,0.2,179,0.0,28,0.0,182,43,83,1.0,124,76.58,176,92.9,109,95.91,66,96,0.0,226,0.111,28,91.9,92.6,92.6,109,2,1.0,129,91.9,2,50.0,1,0.3,3.9,0.033,1.0,184,45,109,119,45,226,216,5,179,0.3,0.032,182,0.0,2.0,0.0,0.1,2.0,10.0,0.1,0.0,9.0,1.0,0.0,0.0,0.0,0.0,0.0,0.0,0.0,0.0,0.0,0.0,0.0,0.0,0.0,0.0,0.0,0.0,0.0,3.0,1.0,12.0,2.0,0.3,0.0,2.0,1.58,0.0,0.0,8.0,0.167,0.08,0.0,3.8,5.0,3.8,3.0,0.0,0.429,0.0,0.0,0.0,0.6,7.0,0.0,0.0,3.0,0.0,0.0,0.0,0.0,0.429,2.0,0.6,0.0,0.0,1.0,0.0,1.0,1.0,0.0,0.0,1.0,1.0,1.0,,1.0,1.0,1.0,1.0,,,,,,,,,,,,,,,,,,,,,,,,,,,,,,,,,,,,,,,,,,0.0,,0.0,,,,,0.0,0.0,0.0,0.0,0.0,1.0,0.0,1.0,0.0,2.0,0.0,0.0,0.0,0.0,0.0,0.0,0.0,0.0,,0.0,,,0.0,1.0,0.0,0.0,0.0,0.0,0.0,0.0,0.0,0.0,1.0,1.0,F-C,228.0,133.0,0.586,0.583,0.592,-0.009,0.0,0.0,,1.0,,,0.0,0.0,0.0,1.0,0.0,0.0,,0.0,0.0,0.0,0.0,0.0,1.0,0.0,0.0,,,0.0,0.0,MIA,0.0,0.0,0.0,,,,,0.0,2015,21401007,,MIA,POR,20150318.0,2014-15,False,MIA,POR,,,1.0,2.0,6.0,0.333,0.465,-0.131,0.167,0.0,1.0,0.0,0.344,-0.344,0.833,2.0,5.0,0.4,0.49,-0.09,0.167,0.0,1.0,0.0,0.601,-0.601,0.167,0.0,1.0,0.0,0.567,-0.567,0.667,1.0,4.0,0.25,0.392,-0.142,,,12.0,0.0,0.0,0.0,0.0,0.0,0.0,0.0,0.0,0.0,0.0,0.0,0.0,0.0,0.0,0.0,0.0,0.0,,,14.37,4725.0,0.89,0.42,0.48,3.77,3.63,3.89,,,,,,,,,,,,,,,,,,,,,,,
2365,Chris Andersen,Chris,1610612748,MIA,36.0,1,0,1,0.0,19.723333333333333,2,4,0.5,0,0,0.0,2,3,0.667,1,4,5,0,1,2,2,1,4,2,6,14,23.0,0,0,19.0,1,111,111,111,147,134,167,74,95,143,95,61,66,86,63,59,63,162,89,18,12,147,198,70,129,11,92,17,2,106,,166,0.122,4.0,112.9,113.2,73.6,0.107,0.167,56,16.7,38,0.059,192,72,65,0.564,118,78.08,134,113.2,15,94.28,104,15,0.0,168,0.0,14,93.7,74.4,74.4,69,93,2.0,187,93.7,93,0.0,166,38.8,39.3,0.147,0.5,57,15,15,162,15,174,167,162,56,38.8,0.136,192,15.8,1.0,0.0,0.0,0.0,13.0,0.0,0.0,12.0,0.0,0.0,0.0,0.0,0.0,0.0,0.0,0.0,0.0,0.0,0.0,0.0,0.0,0.0,0.0,0.0,0.0,0.0,0.0,5.0,20.0,6.0,0.5,0.0,0.6,1.38,0.0,0.0,14.0,0.3,0.65,1.0,3.7,7.0,4.2,4.0,1.0,0.417,1.0,1.0,0.2,0.667,12.0,1.0,0.0,4.0,0.0,0.0,0.2,0.0,0.455,5.0,0.571,0.2,1.7,1.0,0.0,1.0,0.667,0.0,0.0,2.0,2.0,2.0,,1.0,0.667,1.0,2.0,,,1.0,0.333,0.0,0.0,0.0,0.0,0.333,1.0,0.0,,0.0,0.0,0.0,,,,,,,,,,,,,,,,,,,,,,,,,,,0.0,,0.0,,,,,0.0,0.0,0.0,0.0,0.0,0.5,0.0,0.5,0.0,3.0,0.0,,0.0,0.0,0.0,0.0,0.0,0.0,0.0,0.0,0.0,0.0,0.0,2.0,0.0,0.0,0.0,,0.0,,0.0,0.0,4.0,0.5,F-C,61.0,36.0,0.604,0.59,0.589,0.001,0.0,0.0,,0.5,,,,0.0,0.0,2.0,,0.0,,,0.0,0.0,0.0,0.0,4.0,0.0,0.0,,,0.0,0.0,MIA,0.0,0.0,0.0,,,,,0.0,2015,21400422,,MIA,PHI,20141223.0,2014-15,False,MIA,PHI,,,1.0,4.0,9.0,0.444,0.399,0.046,0.111,0.0,1.0,0.0,0.374,-0.374,0.889,4.0,8.0,0.5,0.429,0.071,0.667,3.0,6.0,0.5,0.499,0.001,0.667,3.0,6.0,0.5,0.473,0.027,0.222,0.0,2.0,0.0,0.346,-0.346,,,20.0,0.0,0.0,0.0,0.0,0.0,0.0,0.0,0.0,0.0,0.0,0.0,0.0,0.0,0.0,0.0,0.0,0.0,,,19.72,6885.0,1.3,0.63,0.68,3.96,4.03,3.89,,,,,,,,,,,,,,,,,,,,,,,
2365,Chris Andersen,Chris,1610612748,MIA,36.0,1,1,0,1.0,1.5833333333333333,0,0,0.0,0,0,0.0,0,0,0.0,0,0,0,0,0,0,0,0,0,0,0,0,0.0,0,0,0.0,1,1,1,1,105,85,101,85,40,66,40,57,65,57,51,93,97,64,64,51,29,1,1,80,89,54,101,11,1,102,,1,0.0,0.0,51.5,50.0,66.7,0.0,0.0,102,0.0,4,0.0,3,93,97,0.0,40,88.42,85,50.0,89,104.29,83,86,0.0,104,0.0,7,106.11,66.7,66.7,51,89,0.0,5,106.11,85,0.0,1,-16.7,-15.1,0.0,0.0,102,8,89,64,8,104,101,64,102,-16.7,0.0,3,0.0,0.0,0.0,0.0,0.0,1.0,0.0,0.0,1.0,0.0,0.0,0.0,0.0,0.0,0.0,0.0,0.0,0.0,0.0,0.0,0.0,0.0,0.0,0.0,0.0,0.0,0.0,0.0,1.0,2.0,0.0,0.0,0.0,0.0,1.0,0.0,0.0,1.0,0.0,0.0,,,,,,,,,,,,,,,,,,,,,,,,,,,,,,,,,,,,,,,,,,,,,,,,,,,,,,,,,,,,,,,,,,,,,,,,,,,,,,,,0.0,,0.0,,,,,0.0,0.0,0.0,0.0,0.0,0.0,0.0,0.0,0.0,0.0,,,0.0,,,,0.0,0.0,,,,,,0.0,,,0.0,,,,0.0,0.0,0.0,0.0,F-C,31.0,20.0,0.544,0.645,0.595,0.05,0.0,0.0,,0.0,,,,0.0,,0.0,,,,,0.0,0.0,,,0.0,,,,,,0.0,MIA,,,0.0,,,,,0.0,2015,21400195,,MIA,CHA,20141123.0,2014-15,False,MIA,CHA,,,1.0,1.0,2.0,0.5,0.428,0.073,,,,,,,1.0,1.0,2.0,0.5,0.445,0.056,1.0,1.0,2.0,0.5,0.488,0.013,1.0,1.0,2.0,0.5,0.429,0.071,,,,,,,,,2.0,0.0,0.0,0.0,0.0,0.0,0.0,0.0,0.0,0.0,0.0,0.0,0.0,0.0,0.0,0.0,0.0,0.0,,,1.58,462.0,0.09,0.05,0.03,3.79,6.67,0.0,,,,,,,,,,,,,,,,,,,,,,,
2365,Chris Andersen,Chris,1610612748,MIA,36.0,1,0,1,0.0,26.383333333333333,2,4,0.5,0,0,0.0,0,0,0.0,2,4,6,2,3,0,1,1,1,2,4,4,14.2,0,0,14.0,1,62,62,62,59,78,92,39,61,85,61,67,73,67,22,25,26,44,13,56,14,78,20,33,90,35,76,15,1,74,,112,0.111,4.0,99.8,106.0,99.8,0.06,0.129,66,33.3,50,0.087,101,48,41,0.5,49,75.81,78,106.0,40,92.93,79,64,0.67,97,0.105,39,90.97,98.0,98.0,32,70,2.0,93,90.97,53,22.2,112,8.0,0.0,0.125,0.5,83,35,40,63,35,92,92,32,66,8.0,0.13,101,33.3,2.0,0.0,0.063,4.0,32.0,0.063,0.0,24.0,2.0,0.0,0.0,0.0,0.0,0.0,0.0,0.0,0.0,0.0,0.0,0.0,0.0,0.0,0.0,0.0,0.0,0.0,3.0,7.0,39.0,4.0,0.8,0.0,0.286,1.25,0.0,0.0,24.0,0.103,0.15,4.0,6.7,9.0,5.9,1.0,2.0,0.5,2.0,0.5,0.667,0.571,12.0,1.0,1.0,2.0,0.0,3.0,0.667,0.75,0.6,3.0,0.444,0.667,8.2,0.0,0.0,1.0,0.333,0.0,0.0,0.0,0.0,1.0,,0.0,0.333,0.0,1.0,,,1.0,0.333,0.0,1.0,0.0,1.0,0.333,1.0,1.0,,1.0,1.0,0.0,1.0,0.0,1.0,0.0,0.333,1.0,1.0,1.0,0.0,0.333,1.0,1.0,,,,,,,,,,,,,,,0.0,,0.0,,,,,0.0,0.0,0.0,0.0,0.0,0.5,1.0,0.333,2.0,2.0,0.0,0.0,1.0,0.0,0.0,0.0,0.0,0.0,0.0,0.0,0.0,0.0,0.0,1.0,0.0,0.0,0.0,0.0,0.0,0.0,1.0,1.0,3.0,0.333,F-C,246.0,142.0,0.59,0.577,0.593,-0.016,1.0,0.0,,0.333,,,0.0,0.0,0.0,1.0,0.0,0.0,,0.0,1.0,0.0,0.0,0.0,3.0,0.0,0.0,,,0.0,1.0,MIA,0.0,0.0,0.0,,,,,0.0,2015,21401055,,MIL,MIA,20150324.0,2014-15,False,MIA,MIL,,,1.0,6.0,13.0,0.462,0.502,-0.041,0.077,1.0,1.0,1.0,0.376,0.624,0.923,5.0,12.0,0.417,0.513,-0.097,0.692,4.0,9.0,0.444,0.604,-0.16,0.846,5.0,11.0,0.455,0.539,-0.084,0.154,1.0,2.0,0.5,0.42,0.081,,,39.0,0.0,0.0,0.0,0.0,0.0,0.0,0.0,0.0,0.0,0.0,0.0,0.0,0.0,0.0,0.0,0.0,0.0,,,26.38,8789.0,1.66,0.9,0.77,3.88,3.88,3.87,,,,,,,,,,,,,,,,,,,,,,,
2365,Chris Andersen,Chris,1610612763,MEM,37.0,1,0,1,0.0,4.2,1,1,1.0,1,1,1.0,0,0,0.0,0,1,1,1,0,0,0,0,0,0,3,5,5.7,0,0,6.0,1,126,126,126,238,172,223,1,58,125,1,129,144,129,119,170,186,108,160,113,89,1,1,176,180,61,205,28,1,195,,1,0.125,1.0,171.4,171.4,100.0,0.208,0.167,1,0.0,7,0.0,242,79,57,1.5,121,71.43,172,171.4,2,80.0,24,2,0.0,183,0.25,114,85.71,87.5,87.5,119,1,1.0,243,85.71,1,50.0,1,83.9,71.4,0.143,1.5,5,50,2,37,50,176,223,4,1,83.9,0.143,242,0.0,1.0,0.0,0.333,3.0,3.0,0.333,0.0,2.0,1.0,0.0,0.0,0.0,0.0,0.0,0.0,1.0,0.0,0.0,1.0,0.0,1.0,0.0,0.0,0.0,0.0,0.0,0.0,0.0,4.0,3.0,0.1,0.0,0.0,1.71,0.0,0.0,2.0,0.75,0.25,0.0,2.6,2.0,2.6,1.0,0.0,0.5,0.0,0.0,0.0,0.5,2.0,0.0,0.0,1.0,0.0,0.0,0.0,0.0,0.5,0.0,0.5,0.0,0.0,,,,,,,,,,,,,,,,,,,,,,,,,,,,,,1.0,1.0,1.5,1.0,1.0,1.0,0.0,,1.0,0.0,0.0,1.0,1.0,,,,,,,,,,,,,,0.0,0.0,0.0,,,,0.0,0.0,0.0,0.0,0.0,0.0,1.5,1.0,0.0,3.0,0.0,0.0,,0.0,0.0,0.0,0.0,1.0,1.0,,0.0,,,0.0,0.0,0.0,0.0,1.0,,0.0,,0.0,0.0,0.0,0.0,F-C,5.0,2.0,0.625,0.4,0.597,-0.197,0.0,1.0,,0.0,,,,1.0,0.0,0.0,,0.0,,,0.0,1.0,0.0,0.0,0.0,0.0,0.0,,,0.0,0.0,MEM,0.0,0.0,1.0,1.0,1.0,1.0,1.5,1.0,2016,21500220,,HOU,MEM,20151125.0,2015-16,False,MEM,HOU,,,1.0,1.0,2.0,0.5,0.6,-0.1,,,,,,,1.0,1.0,2.0,0.5,0.6,-0.1,0.5,1.0,1.0,1.0,0.667,0.333,1.0,1.0,2.0,0.5,0.556,-0.056,,,,,,,,,4.0,0.0,0.0,0.0,0.0,0.0,0.0,0.0,0.0,0.0,0.0,0.0,0.0,0.0,0.0,0.0,0.0,0.0,,,4.2,1330.0,0.25,0.12,0.13,4.29,4.19,2.17,,,,,,,,,,,,,,,,,,,,,,,
2365,Chris Andersen,Chris,1610612763,MEM,37.0,1,1,0,1.0,26.555,2,2,1.0,0,0,0.0,2,2,1.0,2,8,10,0,0,1,1,0,2,3,6,-4,24.0,0,0,20.0,1,1,1,1,91,120,178,1,92,144,92,45,62,1,28,10,13,141,139,38,21,1,90,39,122,133,68,17,1,79,,1,0.192,2.0,102.5,101.9,108.9,0.169,0.32,122,0.0,52,0.074,154,17,25,1.042,106,77.57,120,101.9,137,94.07,48,123,0.0,202,0.0,122,93.09,111.8,111.8,54,4,2.0,144,93.09,3,0.0,1,-9.8,-6.4,0.052,1.0,114,131,137,141,131,202,178,141,122,-9.8,0.052,154,0.0,0.0,0.0,0.0,0.0,38.0,0.0,0.0,11.0,0.0,0.0,0.0,0.0,0.0,0.0,0.0,0.0,0.0,0.0,0.0,0.0,0.0,0.0,0.0,0.0,0.0,0.0,7.0,2.0,42.0,6.0,1.0,0.571,1.0,1.46,0.0,0.0,13.0,0.143,0.24,4.0,4.7,8.0,3.2,5.0,1.0,0.769,1.0,0.5,0.4,1.143,13.0,1.0,1.0,6.0,0.0,3.0,0.4,0.375,0.833,5.0,1.0,0.4,10.4,1.0,0.0,1.0,0.5,0.0,0.0,1.0,1.0,1.0,,1.0,0.5,1.0,1.0,,,1.0,0.5,0.0,1.0,0.0,1.0,0.5,1.0,1.0,,1.0,1.0,0.0,,,,,,,,,,,,,,,,,,,,,,,,,,,0.0,,0.0,,,,,0.0,0.0,1.0,4.0,0.0,1.0,0.0,1.0,0.0,2.0,0.0,0.0,0.0,0.0,0.0,0.0,0.0,0.0,0.0,0.0,0.0,0.0,0.0,2.0,0.0,0.0,0.0,0.0,0.0,0.0,0.0,0.0,2.0,1.0,F-C,35.0,18.0,0.486,0.514,0.58,-0.066,0.0,0.0,,1.0,,,0.0,0.0,0.0,2.0,0.0,0.0,,0.0,0.0,0.0,0.0,0.0,2.0,0.0,0.0,,,0.0,0.0,MEM,0.0,0.0,0.0,,,,,0.0,2016,21500918,,MEM,UTA,20160304.0,2015-16,False,MEM,UTA,,,1.0,9.0,12.0,0.75,0.495,0.255,,,,,,,1.0,9.0,12.0,0.75,0.517,0.233,0.583,5.0,7.0,0.714,0.621,0.093,0.917,8.0,11.0,0.727,0.56,0.167,,,,,,,,,42.0,0.0,0.0,0.0,0.0,0.0,0.0,0.0,0.0,0.0,0.0,0.0,0.0,0.0,0.0,0.0,0.0,0.0,,,26.55,9822.0,1.86,0.95,0.91,4.3,4.43,4.17,,,,,,,,,,,,,,,,,,,,,,,
2365,Chris Andersen,Chris,1610612763,MEM,37.0,1,1,0,1.0,2.4833333333333334,0,0,0.0,0,0,0.0,0,0,0.0,0,0,0,0,0,0,0,0,0,0,0,-5,0.0,0,0,0.0,1,1,1,1,115,93,111,93,43,74,43,57,60,57,57,97,100,75,62,42,41,1,1,78,94,76,106,8,1,106,,1,0.0,0.0,69.4,50.0,175.0,0.0,0.0,114,0.0,4,0.0,118,97,100,0.0,49,64.43,93,50.0,119,66.49,91,119,0.0,113,0.0,119,77.32,175.0,175.0,57,94,0.0,119,77.32,93,0.0,1,-125.0,-105.6,0.0,0.0,109,119,119,75,119,113,111,75,114,-125.0,0.0,118,0.0,0.0,0.0,0.0,0.0,3.0,0.0,0.0,1.0,0.0,0.0,0.0,0.0,0.0,0.0,0.0,0.0,0.0,0.0,0.0,0.0,0.0,0.0,0.0,0.0,0.0,0.0,0.0,0.0,3.0,0.0,0.1,0.0,0.0,1.68,0.0,0.0,1.0,0.0,0.33,,,,,,,,,,,,,,,,,,,,,,,,,,,,,,,,,,,,,,,,,,,,,,,,,,,,,,,,,,,,,,,,,,,,,,,,,,,,,,,,0.0,,0.0,,,,,0.0,0.0,0.0,0.0,0.0,0.0,0.0,0.0,0.0,0.0,,,0.0,,0.0,0.0,0.0,0.0,,,,,0.0,0.0,,,0.0,,,,0.0,0.0,0.0,0.0,F-C,4.0,1.0,0.667,0.25,0.58,-0.33,0.0,,,0.0,,,,,0.0,0.0,,0.0,,,0.0,,0.0,0.0,0.0,0.0,0.0,,,0.0,0.0,MEM,0.0,0.0,0.0,,,,,0.0,2016,21500074,,POR,MEM,20151105.0,2015-16,False,MEM,POR,,,1.0,1.0,1.0,1.0,0.366,0.634,,,,,,,1.0,1.0,1.0,1.0,0.389,0.611,1.0,1.0,1.0,1.0,0.477,0.523,1.0,1.0,1.0,1.0,0.446,0.554,,,,,,,,,3.0,0.0,0.0,0.0,0.0,0.0,0.0,0.0,0.0,0.0,0.0,0.0,0.0,0.0,0.0,0.0,0.0,0.0,,,2.48,725.0,0.14,0.1,0.04,2.42,4.35,0.0,,,,,,,,,,,,,,,,,,,,,,,
2365,Chris Andersen,Chris,1610612763,MEM,37.0,1,0,1,0.0,19.6,1,1,1.0,0,0,0.0,2,4,0.5,2,6,8,0,0,0,0,0,3,3,4,-9,13.6,0,0,12.0,1,84,84,84,107,119,145,1,58,107,58,46,33,67,28,23,24,117,105,87,50,1,100,35,116,147,105,19,2,110,,1,0.205,1.0,112.1,115.0,140.0,0.073,0.353,16,0.0,40,0.091,129,6,11,0.725,87,80.61,119,115.0,144,98.35,102,144,0.0,154,0.0,156,96.73,141.0,141.0,23,24,1.0,103,96.73,2,0.0,1,-26.0,-27.9,0.064,1.0,38,158,144,117,158,151,145,117,16,-26.0,0.068,129,0.0,1.0,1.0,0.056,1.0,18.0,0.0,0.0,8.0,1.0,0.0,1.0,2.0,1.0,0.0,0.0,0.0,0.0,0.0,0.0,0.0,1.0,0.0,0.0,1.0,0.0,2.0,1.0,2.0,23.0,4.0,0.6,0.0,1.0,1.69,0.0,1.0,9.0,0.174,0.17,4.0,3.1,8.0,3.4,3.0,1.0,0.727,1.0,0.5,0.667,0.857,11.0,1.0,1.0,4.0,0.0,3.0,0.667,0.5,0.8,3.0,0.75,0.5,2.0,,,,,,,,,,,,,,,,,1.0,1.0,0.0,1.0,0.0,1.0,1.0,1.0,1.0,,1.0,1.0,0.0,,,,,,,,,,,,,,,,,,,,,,,,,,,0.0,,0.0,,,,,0.0,0.0,0.0,0.0,0.0,1.0,0.0,0.0,0.0,2.0,0.0,0.0,0.0,0.0,0.0,0.0,0.0,0.0,0.0,0.0,0.0,0.0,0.0,1.0,0.0,0.0,0.0,0.0,0.0,0.0,0.0,0.0,1.0,1.0,F-C,20.0,11.0,0.444,0.55,0.569,-0.019,0.0,0.0,,1.0,,,0.0,0.0,0.0,1.0,0.0,0.0,,0.0,0.0,0.0,0.0,0.0,1.0,0.0,0.0,,,0.0,0.0,MEM,0.0,0.0,0.0,,,,,0.0,2016,21500875,,PHX,MEM,20160227.0,2015-16,False,MEM,PHX,,,1.0,3.0,6.0,0.5,0.412,0.089,0.333,2.0,2.0,1.0,0.339,0.662,0.667,1.0,4.0,0.25,0.446,-0.196,0.333,1.0,2.0,0.5,0.516,-0.016,0.333,1.0,2.0,0.5,0.488,0.013,0.5,2.0,3.0,0.667,0.337,0.33,,,23.0,1.0,0.0,0.0,0.0,0.0,0.0,0.0,0.0,0.0,1.0,1.0,0.0,0.0,0.0,0.0,0.0,0.0,,,19.6,7071.0,1.34,0.7,0.64,4.0,4.2,3.78,,,,,,,,,,,,,,,,,,,,,,,
2365,Chris Andersen,Chris,1610612763,MEM,37.0,1,0,1,0.0,23.566666666666663,1,5,0.2,0,1,0.0,3,4,0.75,3,2,5,1,0,2,1,2,2,2,5,-4,21.5,0,0,17.0,1,108,108,108,103,151,136,175,93,112,93,33,27,71,11,112,55,103,136,16,22,193,96,59,133,131,87,15,2,101,,1,0.116,5.0,99.1,95.7,109.8,0.061,0.095,140,0.0,46,0.136,153,125,65,0.37,114,77.23,151,95.7,138,89.74,138,134,0.0,166,0.067,141,92.67,106.7,106.7,20,167,1.0,196,92.67,177,12.5,1,-11.0,-10.7,0.134,0.2,119,134,138,131,134,161,136,104,140,-11.0,0.135,153,0.0,1.0,0.0,0.042,3.0,24.0,0.042,0.0,14.0,1.0,0.0,0.0,0.0,0.0,0.0,0.0,0.0,0.0,0.0,0.0,1.0,1.0,0.0,0.0,0.0,1.0,0.0,3.0,5.0,31.0,5.0,0.8,0.0,0.2,1.59,0.0,0.0,17.0,0.161,0.16,3.0,3.0,6.0,1.8,1.0,1.0,0.417,1.0,0.667,0.5,0.4,12.0,2.0,1.0,2.0,0.0,1.0,0.5,0.5,0.455,6.0,0.333,0.6,3.7,,,,,,,,,,,,,,,,,2.0,0.667,0.0,0.5,0.0,1.0,0.667,2.0,0.5,,1.0,0.5,0.0,,,,,,,,,,,,,,0.333,0.0,0.0,0.0,1.0,0.333,,0.0,0.0,0.0,1.0,0.0,0.0,0.0,0.0,0.0,,,,0.0,0.0,0.0,0.0,0.0,0.0,0.2,0.0,0.0,0.0,1.0,0.0,0.0,0.0,0.0,0.0,0.0,1.0,0.0,0.0,0.0,0.0,0.0,0.0,1.0,0.0,0.0,0.0,0.0,0.0,0.0,0.0,0.0,4.0,0.25,F-C,51.0,30.0,0.5,0.588,0.595,-0.007,0.0,0.0,,0.25,,,0.0,1.0,0.0,1.0,0.0,0.0,,0.0,0.0,0.0,0.0,0.0,4.0,0.0,0.0,,,0.0,0.0,MEM,0.0,0.0,1.0,0.0,1.0,0.0,0.0,0.0,2016,21501100,,MEM,SAS,20160328.0,2015-16,False,MEM,SAS,,,1.0,6.0,10.0,0.6,0.515,0.085,0.1,0.0,1.0,0.0,0.353,-0.353,0.9,6.0,9.0,0.667,0.541,0.126,0.6,4.0,6.0,0.667,0.661,0.006,0.7,4.0,7.0,0.571,0.612,-0.04,0.2,1.0,2.0,0.5,0.425,0.075,,,31.0,0.0,0.0,0.0,0.0,0.0,0.0,0.0,0.0,0.0,0.0,0.0,0.0,0.0,0.0,0.0,0.0,0.0,,,23.57,8195.0,1.55,0.81,0.75,4.08,4.4,3.33,,,,,,,,,,,,,,,,,,,,,,,
2365,Chris Andersen,Chris,1610612763,MEM,37.0,1,0,1,0.0,23.69333333333333,1,5,0.2,0,0,0.0,5,8,0.625,8,5,13,2,1,1,1,0,1,6,7,1,30.6,0,0,26.0,1,45,45,45,38,61,53,68,45,58,45,3,4,36,1,18,2,24,24,13,9,1,12,4,43,38,20,11,1,23,,48,0.295,5.0,115.1,120.5,121.2,0.15,0.227,15,8.3,44,0.364,64,15,2,0.411,12,75.13,61,120.5,35,90.11,23,52,2.0,45,0.105,68,90.15,115.6,115.6,1,58,1.0,64,90.15,70,16.7,45,4.9,-6.0,0.176,0.2,22,56,35,47,56,41,53,35,15,4.9,0.185,64,8.7,3.0,0.0,0.057,6.0,35.0,0.057,0.0,18.0,2.0,0.0,0.0,0.0,0.0,0.0,0.0,0.0,0.0,0.0,0.0,0.0,0.0,0.0,0.0,0.0,0.0,0.0,3.0,13.0,46.0,7.0,1.2,0.667,0.538,1.54,0.0,1.0,24.0,0.152,0.26,8.0,3.8,12.0,2.6,3.0,1.0,0.565,1.0,0.75,0.727,0.455,23.0,6.0,2.0,5.0,0.0,2.0,0.727,0.4,0.591,11.0,0.417,0.615,4.6,,,,,,,,,,,,,,,,,3.0,0.6,0.0,0.333,0.0,1.0,0.6,3.0,0.333,,1.0,0.333,0.0,2.0,0.0,0.0,0.0,0.4,0.0,0.0,0.0,0.0,0.4,2.0,0.0,,,,,,,,,,,,,,,0.0,,0.0,,,,,0.0,0.0,0.0,2.0,0.0,0.2,0.0,0.25,0.0,7.0,0.0,0.0,0.0,0.0,0.0,0.0,0.0,0.0,0.0,0.0,0.0,0.0,0.0,1.0,0.0,0.0,0.0,0.0,0.0,0.0,1.0,0.0,4.0,0.25,F-C,8.0,6.0,0.421,0.75,0.648,0.102,1.0,0.0,,0.25,,,0.0,0.0,0.0,1.0,0.0,0.0,,0.0,0.0,0.0,0.0,0.0,4.0,0.0,0.0,,,0.0,0.0,MEM,0.0,0.0,1.0,,,,0.0,0.0,2016,41500154,,MEM,SAS,20160424.0,2015-16,True,MEM,SAS,1610612759.0,MEM_SAS_2016,1.0,5.0,6.0,0.833,0.489,0.344,,,,,,,1.0,5.0,6.0,0.833,0.503,0.33,0.667,4.0,4.0,1.0,0.665,0.335,0.667,4.0,4.0,1.0,0.58,0.42,,,,,,,,,46.0,1.0,0.0,0.0,0.0,0.0,0.0,0.0,0.0,0.0,1.0,1.0,0.0,0.0,0.0,0.0,0.0,0.0,,,23.7,8111.0,1.54,0.84,0.7,3.82,4.09,3.55,6.0,6.0,0.0,2.0,0.0,3.0,6.0,0.0,0.0,0.0,0.0,0.0,0.0,0.0,0.0,0.0,0.0,0.0,0.0,0.0,0.0,,
2365,Chris Andersen,Chris,1610612748,MIA,37.0,1,0,1,0.0,2.65,1,1,1.0,1,1,1.0,0,0,0.0,0,1,1,1,0,0,1,0,0,0,3,3,8.7,0,0,8.0,1,112,112,112,211,157,197,1,48,113,1,116,119,116,109,157,173,98,150,106,23,1,1,145,166,78,165,21,1,165,,1,0.2,1.0,124.2,133.3,83.3,0.367,0.333,5,0.0,6,0.0,26,9,14,1.5,116,90.57,157,133.3,7,112.66,2,10,0.0,147,0.5,30,108.68,83.3,83.3,109,1,1.0,12,108.68,1,50.0,1,50.0,40.9,0.155,1.5,11,34,7,11,34,135,197,4,5,50.0,0.167,26,0.0,1.0,0.0,0.333,3.0,3.0,0.333,0.0,3.0,1.0,0.0,0.0,0.0,0.0,0.0,0.0,0.0,0.0,0.0,0.0,0.0,0.0,0.0,0.0,0.0,0.0,0.0,1.0,0.0,4.0,3.0,0.1,0.0,0.0,1.62,0.0,0.0,3.0,0.75,0.25,0.0,5.0,2.0,5.0,1.0,1.0,0.5,1.0,0.0,0.0,1.0,2.0,0.0,0.0,1.0,0.0,0.0,0.0,0.0,1.0,0.0,0.5,0.0,0.0,,,,,,,,,,,,,,,,,,,,,,,,,,,,,,,,,,,,,,,,,,,1.0,1.0,0.0,0.0,1.0,1.0,,1.0,1.5,0.0,1.0,1.0,1.0,1.0,1.0,3.0,1.5,1.0,1.0,1.0,1.0,0.0,0.0,0.0,0.0,1.5,0.0,0.0,0.0,0.0,,,0.0,,0.0,0.0,1.0,1.0,,,,,0.0,0.0,,,1.0,,,,0.0,0.0,0.0,0.0,F-C,8.0,4.0,0.5,0.5,0.599,-0.099,,1.0,,0.0,,,,1.0,,0.0,,,,,,1.0,,0.0,0.0,,0.0,,,0.0,,MEM,,,0.0,,0.0,0.0,,0.0,2016,21500586,3094.0,LAC,MIA,20160113.0,2015-16,False,MIA,LAC,,,,,,,,,,,,,,,,,,,,,,,,,,,,,,,,,,,,,,,,,4.0,0.0,0.0,0.0,0.0,0.0,0.0,0.0,0.0,0.0,0.0,0.0,0.0,0.0,0.0,0.0,0.0,0.0,,,2.65,894.0,0.17,0.09,0.07,4.52,4.56,4.49,,,,,,,,,,,,,,,,,,,,,,,
2365,Chris Andersen,Chris,1610612763,MEM,37.0,1,0,1,0.0,15.983333333333333,1,3,0.333,0,1,0.0,0,0,0.0,2,1,3,0,0,0,0,0,2,1,2,-25,5.6,0,0,5.0,1,114,114,114,169,169,178,141,91,119,91,133,143,133,38,158,119,170,141,108,66,1,98,113,183,220,193,20,2,195,,1,0.103,3.0,66.9,71.0,151.2,0.0,0.111,217,0.0,31,0.1,180,118,77,0.333,117,76.33,169,71.0,222,96.04,194,215,0.0,211,0.0,215,91.6,156.7,156.7,38,173,1.0,122,91.6,154,0.0,1,-85.7,-84.3,0.077,0.333,217,219,222,170,219,211,178,170,217,-85.7,0.073,180,0.0,1.0,0.0,0.0,0.0,14.0,0.0,0.0,7.0,0.0,0.0,0.0,0.0,0.0,0.0,0.0,0.0,0.0,0.0,0.0,1.0,1.0,0.0,0.0,0.0,1.0,0.0,1.0,3.0,18.0,2.0,0.8,0.0,0.667,2.72,0.0,1.0,8.0,0.111,0.56,2.0,3.8,1.0,5.5,1.0,0.0,0.6,0.0,1.0,0.5,1.0,5.0,2.0,0.0,1.0,0.0,0.0,0.5,0.0,0.6,4.0,1.0,0.667,2.9,0.0,0.0,1.0,0.333,0.0,0.0,0.0,0.0,1.0,,0.0,0.333,0.0,1.0,,,1.0,0.333,0.0,1.0,0.0,1.0,0.333,1.0,1.0,,1.0,1.0,0.0,,,,,,,,,,,,,,0.333,0.0,0.0,0.0,1.0,0.333,,0.0,0.0,0.0,1.0,0.0,0.0,0.0,0.0,0.0,,,,0.0,0.0,0.0,0.0,0.0,0.0,0.333,0.0,0.5,0.0,2.0,0.0,,0.0,0.0,0.0,0.0,1.0,0.0,0.0,0.0,0.0,0.0,0.0,1.0,0.0,0.0,0.0,,0.0,,0.0,0.0,2.0,0.5,F-C,62.0,37.0,0.504,0.597,0.596,0.0,0.0,0.0,,0.5,0.0,,,1.0,0.0,1.0,,0.0,,,0.0,0.0,0.0,0.0,2.0,0.0,0.0,0.0,0.0,0.0,0.0,MEM,0.0,0.0,0.0,,0.0,0.0,,0.0,2016,21501148,,ORL,MEM,20160403.0,2015-16,False,MEM,ORL,,,1.0,6.0,7.0,0.857,0.486,0.372,,,,,,,1.0,6.0,7.0,0.857,0.506,0.351,0.571,4.0,4.0,1.0,0.596,0.404,0.714,4.0,5.0,0.8,0.55,0.25,0.286,2.0,2.0,1.0,0.462,0.538,,,18.0,1.0,0.0,0.0,0.0,0.0,0.0,0.0,0.0,0.0,1.0,1.0,0.0,0.0,0.0,0.0,0.0,0.0,,,15.98,6122.0,1.16,0.64,0.52,4.51,4.06,4.23,,,,,,,,,,,,,,,,,,,,,,,
2365,Chris Andersen,Chris,1610612748,MIA,37.0,1,1,0,1.0,3.716666666666667,0,2,0.0,0,2,0.0,2,2,1.0,0,0,0,0,0,0,1,0,0,1,2,-5,5.0,0,0,4.0,1,1,1,1,100,93,93,93,47,47,47,23,28,1,49,89,95,79,72,48,12,1,1,43,89,68,93,6,1,94,,1,0.0,2.0,50.8,44.4,114.2,0.043,0.0,100,0.0,9,0.0,2,89,95,0.347,60,91.48,93,44.4,97,101.77,77,96,0.0,5,0.0,69,109.78,112.5,112.5,49,81,0.0,19,109.78,93,0.0,1,-68.1,-63.5,0.365,0.0,99,64,97,79,64,4,93,79,100,-68.1,0.333,2,0.0,1.0,0.0,0.0,0.0,4.0,0.0,0.0,7.0,0.0,0.0,0.0,0.0,0.0,0.0,0.0,0.0,0.0,0.0,0.0,1.0,1.0,0.0,0.0,0.0,1.0,0.0,3.0,1.0,7.0,2.0,0.3,0.667,0.0,2.16,0.0,0.0,7.0,0.286,0.43,,,,,,,,,,,,,,,,,,,,,,,,,,,,,,,,,,,,,,,,,,,,,,,,,,,,,,,,,,,,,,,,,,,1.0,0.0,0.0,0.0,2.0,1.0,,0.0,0.0,0.0,2.0,0.0,0.0,0.0,1.0,0.0,0.0,0.0,0.0,0.0,1.0,0.0,0.0,2.0,0.0,0.0,0.0,0.0,0.0,0.0,,,0.0,,,,2.0,0.0,,,,,,0.0,,,0.0,,,,0.0,0.0,0.0,0.0,F-C,6.0,3.0,0.545,0.5,0.59,-0.09,0.0,0.0,,0.0,,,,2.0,,0.0,,,,,0.0,0.0,,0.0,0.0,,0.0,,,0.0,0.0,MEM,,,1.0,0.0,1.0,0.0,0.0,0.0,2016,21500508,2607.0,WAS,MIA,20160103.0,2015-16,False,MIA,WAS,,,1.0,2.0,2.0,1.0,0.407,0.594,,,,,,,1.0,2.0,2.0,1.0,0.458,0.542,0.5,1.0,1.0,1.0,0.557,0.443,0.5,1.0,1.0,1.0,0.515,0.485,0.5,1.0,1.0,1.0,0.358,0.642,,,7.0,0.0,0.0,0.0,0.0,0.0,0.0,0.0,0.0,0.0,0.0,0.0,0.0,0.0,0.0,0.0,0.0,0.0,,,3.72,1364.0,0.26,0.16,0.1,4.83,5.15,4.31,,,,,,,,,,,,,,,,,,,,,,,
2365,Chris Andersen,Chris,1610612763,MEM,37.0,1,1,0,1.0,27.275,2,4,0.5,0,0,0.0,6,8,0.75,2,4,6,0,3,2,1,0,2,4,10,2,23.2,0,0,22.0,1,1,1,1,87,136,169,63,105,159,105,13,11,75,26,69,52,155,22,14,26,1,102,26,90,89,78,16,1,79,,216,0.113,4.0,100.1,98.2,92.5,0.121,0.133,130,27.3,56,0.087,121,102,75,0.665,109,82.13,136,98.2,99,98.73,81,91,0.0,134,0.0,68,98.55,94.6,94.6,37,52,2.0,132,98.55,86,0.0,212,3.6,7.6,0.173,0.5,112,76,99,155,76,127,169,155,130,3.6,0.177,121,28.5,0.0,0.0,0.0,0.0,21.0,0.0,0.0,11.0,0.0,0.0,0.0,0.0,0.0,0.0,0.0,0.0,0.0,0.0,0.0,0.0,0.0,0.0,0.0,0.0,0.0,0.0,4.0,8.0,31.0,10.0,0.7,1.0,1.0,1.44,0.0,0.0,12.0,0.323,0.1,2.0,6.4,6.0,8.3,4.0,0.0,0.667,0.0,1.0,0.667,0.667,9.0,2.0,0.0,4.0,0.0,0.0,0.667,0.0,0.667,3.0,0.667,0.333,2.5,,,,,,,,,,,,,,,,,4.0,1.0,0.0,0.5,0.0,2.0,1.0,4.0,0.5,,2.0,0.5,0.0,,,,,,,,,,,,,,,,,,,,,,,,,,,0.0,,0.0,,,,,0.0,0.0,1.0,4.0,0.0,0.5,0.0,0.5,0.0,8.0,0.0,0.0,0.0,0.0,0.0,0.0,0.0,0.0,0.0,0.0,0.0,0.0,0.0,2.0,0.0,0.0,0.0,0.0,0.0,0.0,0.0,0.0,4.0,0.5,F-C,28.0,13.0,0.467,0.464,0.57,-0.106,0.0,0.0,,0.5,,,0.0,0.0,0.0,2.0,0.0,0.0,,0.0,0.0,0.0,0.0,0.0,4.0,0.0,0.0,,,0.0,0.0,MEM,0.0,0.0,0.0,,,,,0.0,2016,21500902,,MEM,SAC,20160302.0,2015-16,False,MEM,SAC,,,1.0,3.0,9.0,0.333,0.451,-0.118,0.222,1.0,2.0,0.5,0.332,0.168,0.778,2.0,7.0,0.286,0.477,-0.191,0.556,0.0,5.0,0.0,0.551,-0.551,0.556,0.0,5.0,0.0,0.524,-0.524,0.444,3.0,4.0,0.75,0.351,0.399,,,31.0,0.0,0.0,0.0,0.0,0.0,0.0,0.0,0.0,0.0,0.0,0.0,0.0,0.0,0.0,0.0,0.0,0.0,,,27.28,9499.0,1.8,1.02,0.78,3.98,4.28,3.66,,,,,,,,,,,,,,,,,,,,,,,
2365,Chris Andersen,Chris,1610612763,MEM,37.0,1,1,0,1.0,22.031666666666663,1,1,1.0,0,0,0.0,2,2,1.0,0,1,1,1,0,1,0,0,2,2,4,12,9.7,0,0,8.0,1,1,1,1,129,170,205,1,99,148,99,46,65,1,111,162,177,106,154,47,67,1,110,59,162,38,168,19,3,176,,1,0.023,1.0,113.5,114.6,88.3,0.066,0.045,53,0.0,41,0.0,199,184,197,1.064,123,74.44,170,114.6,37,88.28,139,43,0.0,225,0.063,52,89.33,85.4,85.4,111,3,1.0,201,89.33,3,33.3,1,29.3,25.2,0.041,1.0,56,47,37,147,47,224,205,25,53,29.3,0.043,199,0.0,1.0,0.0,0.05,2.0,20.0,0.05,0.0,13.0,1.0,0.0,0.0,0.0,0.0,0.0,0.0,0.0,0.0,0.0,0.0,0.0,0.0,0.0,0.0,0.0,0.0,0.0,2.0,3.0,23.0,4.0,0.5,0.0,1.333,1.37,0.0,0.0,12.0,0.174,0.0,0.0,4.2,4.0,4.2,1.0,1.0,0.143,1.0,0.0,0.0,0.333,7.0,0.0,0.0,1.0,0.0,0.0,0.0,0.0,0.167,3.0,0.25,0.0,0.0,,,,,,,,,,,,,,,,,,,,,,,,,,,,,,,,,,,,,,,,,,,1.0,0.0,1.0,1.0,0.0,0.0,1.0,,1.0,1.0,1.0,1.0,1.0,0.0,,0.0,,,,,0.0,0.0,0.0,0.0,0.0,1.0,0.0,1.0,0.0,4.0,0.0,0.0,0.0,0.0,0.0,0.0,0.0,0.0,0.0,0.0,0.0,0.0,0.0,1.0,0.0,0.0,0.0,0.0,0.0,0.0,0.0,0.0,1.0,1.0,F-C,67.0,41.0,0.504,0.612,0.592,0.02,0.0,0.0,,1.0,,,0.0,0.0,0.0,1.0,0.0,0.0,,0.0,0.0,0.0,0.0,0.0,1.0,0.0,0.0,,,0.0,0.0,MEM,0.0,0.0,0.0,,,,,0.0,2016,21501158,,MEM,CHI,20160405.0,2015-16,False,MEM,CHI,,,1.0,6.0,10.0,0.6,0.451,0.149,,,,,,,1.0,6.0,10.0,0.6,0.467,0.133,0.5,4.0,5.0,0.8,0.543,0.257,0.5,4.0,5.0,0.8,0.502,0.298,0.4,2.0,4.0,0.5,0.457,0.043,,,23.0,0.0,0.0,0.0,0.0,0.0,0.0,0.0,0.0,0.0,0.0,0.0,0.0,0.0,0.0,0.0,0.0,0.0,,,22.03,7780.0,1.47,0.78,0.69,4.09,4.12,4.05,,,,,,,,,,,,,,,,,,,,,,,
2365,Chris Andersen,Chris,1610612763,MEM,37.0,1,1,0,1.0,9.916666666666666,1,3,0.333,0,0,0.0,0,0,0.0,1,1,2,1,0,1,1,1,3,1,2,-24,11.9,0,0,9.0,1,1,1,1,182,146,156,138,89,137,89,114,128,114,56,137,124,97,139,34,23,138,154,94,167,219,137,21,2,152,,1,0.118,3.0,81.5,84.2,199.2,0.02,0.167,177,0.0,19,0.091,103,59,54,0.333,103,78.66,146,84.2,218,96.13,176,220,0.0,153,0.2,219,94.39,200.0,200.0,40,168,1.0,94,94.39,150,25.0,1,-115.8,-117.7,0.145,0.333,179,219,218,51,219,151,156,56,177,-115.8,0.143,103,0.0,1.0,0.0,0.091,2.0,11.0,0.091,0.0,8.0,1.0,0.0,0.0,0.0,0.0,0.0,0.0,0.0,0.0,0.0,0.0,0.0,0.0,0.0,0.0,0.0,0.0,0.0,2.0,2.0,14.0,2.0,0.4,0.0,1.0,1.56,0.0,0.0,8.0,0.143,0.43,0.0,6.3,2.0,6.3,1.0,0.0,1.0,0.0,0.0,0.0,0.5,2.0,0.0,0.0,1.0,0.0,0.0,0.0,0.0,1.0,0.0,0.5,0.0,0.0,,,,,,,,,,,,,,,,,1.0,0.5,0.0,1.0,0.0,1.0,0.5,1.0,1.0,,1.0,1.0,0.0,1.0,0.0,0.0,0.0,0.5,0.0,0.0,0.0,0.0,0.5,1.0,0.0,,,,,,,,,,,,,,,0.0,,0.0,,,,,0.0,0.0,0.0,0.0,0.0,0.333,0.0,0.5,0.0,2.0,0.0,,0.0,,0.0,0.0,0.0,0.0,0.0,0.0,0.0,0.0,0.0,1.0,,,0.0,,0.0,,1.0,0.0,2.0,0.5,F-C,8.0,4.0,0.5,0.5,0.599,-0.099,1.0,0.0,,0.5,,,,0.0,0.0,1.0,,0.0,,,0.0,0.0,0.0,0.0,2.0,0.0,0.0,,,0.0,0.0,MEM,0.0,0.0,1.0,,,,0.0,0.0,2016,21500519,,POR,MEM,20160104.0,2015-16,False,MEM,POR,,,1.0,4.0,5.0,0.8,0.472,0.328,0.2,1.0,1.0,1.0,0.374,0.626,0.8,3.0,4.0,0.75,0.504,0.246,0.4,1.0,2.0,0.5,0.626,-0.126,0.6,2.0,3.0,0.667,0.584,0.083,0.2,1.0,1.0,1.0,0.377,0.623,,,14.0,0.0,0.0,0.0,0.0,0.0,0.0,0.0,0.0,0.0,0.0,0.0,0.0,0.0,0.0,0.0,0.0,0.0,,,9.92,3689.0,0.7,0.39,0.31,4.24,4.3,4.18,,,,,,,,,,,,,,,,,,,,,,,
2365,Chris Andersen,Chris,1610612763,MEM,37.0,1,1,0,1.0,11.133333333333333,2,2,1.0,0,0,0.0,0,0,0.0,1,2,3,0,1,0,1,0,0,1,4,4,9.6,0,0,9.0,1,1,1,1,246,171,244,1,133,198,133,163,176,163,67,152,134,214,119,148,35,1,1,152,198,77,218,31,1,213,,276,0.167,2.0,108.3,100.0,81.5,0.235,0.25,162,33.3,22,0.1,268,37,36,1.0,160,77.25,171,100.0,65,91.4,15,34,0.0,220,0.0,25,92.69,85.7,85.7,32,9,2.0,286,92.69,4,0.0,276,14.3,26.7,0.134,1.0,127,39,65,214,39,230,244,214,162,14.3,0.125,268,33.3,0.0,0.0,0.0,0.0,6.0,0.0,0.0,4.0,0.0,0.0,0.0,0.0,0.0,0.0,0.0,0.0,0.0,0.0,0.0,0.0,0.0,0.0,0.0,0.0,0.0,0.0,2.0,3.0,9.0,4.0,0.1,1.0,0.667,0.85,0.0,0.0,5.0,0.444,0.22,1.0,2.5,2.0,2.2,2.0,0.0,0.6,0.0,1.0,0.333,1.0,5.0,1.0,0.0,2.0,0.0,0.0,0.333,0.0,0.6,3.0,1.0,0.333,2.9,1.0,0.0,1.0,0.5,0.0,0.0,1.0,1.0,1.0,,1.0,0.5,1.0,1.0,,,1.0,0.5,0.0,1.0,0.0,1.0,0.5,1.0,1.0,,1.0,1.0,0.0,,,,,,,,,,,,,,,,,,,,,,,,,,,0.0,,0.0,,,,,0.0,0.0,1.0,2.0,0.0,1.0,0.0,1.0,0.0,2.0,0.0,0.0,0.0,0.0,0.0,0.0,0.0,0.0,0.0,0.0,0.0,0.0,0.0,2.0,0.0,0.0,0.0,0.0,0.0,0.0,0.0,0.0,2.0,1.0,F-C,9.0,5.0,0.5,0.556,0.606,-0.051,0.0,0.0,0.0,1.0,,0.0,0.0,0.0,0.0,2.0,0.0,0.0,0.0,0.0,0.0,0.0,0.0,0.0,2.0,0.0,0.0,,,0.0,0.0,MEM,0.0,0.0,0.0,,,,,0.0,2016,21500810,,MEM,MIN,20160219.0,2015-16,False,MEM,MIN,,,1.0,1.0,2.0,0.5,0.496,0.005,,,,,,,1.0,1.0,2.0,0.5,0.513,-0.013,0.5,1.0,1.0,1.0,0.663,0.337,0.5,1.0,1.0,1.0,0.615,0.385,,,,,,,,,9.0,0.0,0.0,0.0,0.0,0.0,0.0,0.0,0.0,0.0,0.0,0.0,0.0,0.0,0.0,0.0,0.0,0.0,,,11.13,3777.0,0.72,0.34,0.37,3.79,3.69,3.87,,,,,,,,,,,,,,,,,,,,,,,
2365,Chris Andersen,Chris,1610612748,MIA,37.0,1,1,0,1.0,2.966666666666667,0,2,0.0,0,1,0.0,0,0,0.0,1,0,1,0,0,0,0,0,0,0,0,1,1.2,0,0,1.0,1,1,1,1,101,94,90,94,44,52,44,49,51,49,30,95,84,71,60,38,41,1,1,75,96,40,102,11,1,102,,1,0.167,2.0,102.5,100.0,80.0,-0.333,0.0,50,0.0,5,0.25,95,95,12,0.0,49,74.16,94,100.0,9,79.93,103,17,0.0,24,0.0,11,88.99,66.7,66.7,2,96,0.0,101,88.99,94,0.0,1,33.3,22.5,0.254,0.0,45,4,9,71,4,22,90,71,50,33.3,0.25,95,0.0,0.0,0.0,0.0,0.0,3.0,0.0,0.0,4.0,0.0,0.0,0.0,0.0,0.0,0.0,0.0,0.0,0.0,0.0,0.0,0.0,0.0,0.0,0.0,0.0,0.0,0.0,1.0,3.0,6.0,0.0,0.2,0.0,0.0,2.04,0.0,0.0,5.0,0.0,1.17,1.0,6.1,0.0,0.0,0.0,0.0,1.0,0.0,1.0,1.0,0.0,1.0,1.0,0.0,0.0,0.0,0.0,1.0,0.0,1.0,1.0,0.0,1.0,6.1,,,,,,,,,,,,,,,,,1.0,0.5,0.0,0.0,0.0,0.0,0.5,1.0,0.0,,0.0,0.0,0.0,,,,,,,,,,,,,,0.5,0.0,0.0,0.0,1.0,0.5,,0.0,0.0,0.0,1.0,0.0,0.0,0.0,0.0,0.0,,,,0.0,0.0,0.0,0.0,0.0,0.0,0.0,0.0,0.0,0.0,0.0,,,0.0,,0.0,1.0,1.0,0.0,,,,,0.0,0.0,,,0.0,,,,0.0,0.0,0.0,0.0,F-C,5.0,2.0,0.556,0.4,0.597,-0.197,0.0,0.0,,0.0,,,,0.0,0.0,0.0,,0.0,,,0.0,0.0,0.0,1.0,0.0,1.0,0.0,,,0.0,0.0,MEM,0.0,0.0,1.0,0.0,1.0,0.0,0.0,0.0,2016,21500491,2522.0,MIA,DAL,20160101.0,2015-16,False,MIA,DAL,,,1.0,0.0,1.0,0.0,0.492,-0.492,,,,,,,1.0,0.0,1.0,0.0,0.513,-0.513,,,,,,,,,,,,,,,,,,,,,6.0,0.0,0.0,0.0,0.0,0.0,0.0,0.0,0.0,0.0,0.0,0.0,0.0,0.0,0.0,0.0,0.0,0.0,,,2.97,1083.0,0.21,0.12,0.09,4.04,3.54,4.72,,,,,,,,,,,,,,,,,,,,,,,
2365,Chris Andersen,Chris,1610612763,MEM,37.0,1,1,0,1.0,22.02,2,3,0.667,0,0,0.0,3,6,0.5,0,4,4,1,0,0,0,1,2,3,7,8,13.3,0,0,12.0,1,1,1,1,80,91,109,14,65,95,65,31,17,61,78,39,49,73,94,68,45,95,55,26,85,19,95,18,3,97,,1,0.129,3.0,132.0,130.2,125.7,0.058,0.308,15,0.0,43,0.0,123,12,36,0.621,74,74.48,91,130.2,45,87.89,93,49,0.0,108,0.071,121,89.37,123.1,123.1,78,46,2.0,131,89.37,30,16.7,1,7.2,6.3,0.127,0.667,14,112,45,88,112,120,109,65,15,7.2,0.109,123,0.0,5.0,0.0,0.037,2.0,27.0,0.037,0.0,20.0,1.0,0.0,0.0,0.0,0.0,0.0,0.0,0.0,0.0,0.0,0.0,0.0,0.0,0.0,0.0,0.0,0.0,0.0,5.0,5.0,32.0,7.0,0.7,0.4,0.2,1.32,0.0,2.0,18.0,0.219,0.19,2.0,1.8,5.0,1.8,2.0,0.0,0.571,0.0,0.0,0.0,0.8,7.0,0.0,0.0,2.0,0.0,2.0,0.0,0.5,0.571,2.0,0.8,0.5,0.0,,,,,,,,,,,,,,,,,1.0,0.5,0.0,1.0,0.0,1.0,0.5,1.0,1.0,,1.0,1.0,0.0,1.0,0.0,1.0,0.0,0.5,1.0,1.0,1.0,0.0,0.5,1.0,1.0,,,,,,,,,,,,,,,0.0,,0.0,,,,,0.0,0.0,1.0,2.0,0.0,0.667,1.0,0.0,2.0,1.0,0.0,,1.0,0.0,0.0,0.0,0.0,0.0,0.0,0.0,0.0,0.0,0.0,1.0,0.0,0.0,0.0,,0.0,,1.0,1.0,2.0,0.5,F-C,23.0,13.0,0.451,0.565,0.574,-0.009,1.0,0.0,,0.5,,,,0.0,0.0,1.0,,0.0,,,1.0,0.0,0.0,0.0,2.0,0.0,0.0,,,0.0,1.0,MEM,0.0,0.0,0.0,,,,,0.0,2016,21500888,,DEN,MEM,20160229.0,2015-16,False,MEM,DEN,,,1.0,3.0,6.0,0.5,0.497,0.003,,,,,,,1.0,3.0,6.0,0.5,0.534,-0.034,0.5,2.0,3.0,0.667,0.608,0.058,0.833,3.0,5.0,0.6,0.552,0.048,0.167,0.0,1.0,0.0,0.378,-0.378,,,32.0,2.0,0.0,0.0,0.0,0.0,0.0,0.0,0.0,0.0,2.0,1.0,0.0,0.0,0.0,0.0,0.0,0.0,,,22.02,7952.0,1.51,0.76,0.75,4.1,4.16,4.04,,,,,,,,,,,,,,,,,,,,,,,
2365,Chris Andersen,Chris,1610612763,MEM,37.0,1,0,1,0.0,9.233333333333333,0,0,0.0,0,0,0.0,1,2,0.5,0,3,3,1,0,0,0,0,0,2,1,-5,6.1,0,0,5.0,1,108,108,108,186,189,200,189,92,144,92,99,79,98,110,71,99,101,138,101,64,1,1,78,191,152,181,18,1,183,,1,0.2,0.0,97.3,100.0,140.5,0.118,0.429,140,0.0,19,0.0,137,6,16,0.568,110,80.14,189,100.0,198,95.13,75,205,0.0,204,0.167,204,96.17,133.3,133.3,110,91,0.0,158,96.17,189,50.0,1,-33.3,-43.2,0.043,0.0,159,189,198,60,189,203,200,8,140,-33.3,0.05,137,0.0,1.0,0.0,0.1,2.0,10.0,0.1,0.0,5.0,1.0,0.0,0.0,0.0,0.0,0.0,0.0,0.0,0.0,0.0,0.0,0.0,0.0,0.0,0.0,0.0,0.0,0.0,0.0,1.0,12.0,1.0,0.2,0.0,1.0,1.13,0.0,0.0,4.0,0.083,0.0,2.0,3.5,3.0,3.5,1.0,0.0,0.75,0.0,0.0,0.0,1.0,4.0,0.0,0.0,1.0,0.0,2.0,0.0,0.667,0.75,1.0,1.0,0.667,0.0,,,,,,,,,,,,,,,,,,,,,,,,,,,,,,,,,,,,,,,,,,,,,,,,,,,,,,,,0.0,,0.0,,,,,0.0,0.0,0.0,0.0,0.0,0.0,0.0,0.0,0.0,1.0,,0.0,0.0,,0.0,0.0,0.0,0.0,,,,,0.0,0.0,,,0.0,0.0,,0.0,0.0,0.0,0.0,0.0,F-C,9.0,5.0,0.429,0.556,0.606,-0.051,0.0,0.0,,0.0,,,0.0,0.0,0.0,0.0,0.0,0.0,,0.0,0.0,0.0,0.0,0.0,0.0,0.0,0.0,,,0.0,0.0,MEM,0.0,0.0,0.0,,,,,0.0,2016,21500829,,TOR,MEM,20160221.0,2015-16,False,MEM,TOR,,,1.0,0.0,3.0,0.0,0.456,-0.456,,,,,,,1.0,0.0,3.0,0.0,0.513,-0.513,,,,,,,0.333,0.0,1.0,0.0,0.544,-0.544,0.333,0.0,1.0,0.0,0.438,-0.438,,,12.0,0.0,0.0,0.0,0.0,0.0,0.0,0.0,0.0,0.0,0.0,0.0,0.0,0.0,0.0,0.0,0.0,0.0,,,9.23,3533.0,0.67,0.34,0.33,4.56,3.88,3.94,,,,,,,,,,,,,,,,,,,,,,,
2365,Chris Andersen,Chris,1610612763,MEM,37.0,1,1,0,1.0,8.133333333333333,0,1,0.0,0,1,0.0,0,0,0.0,0,0,0,1,0,0,0,0,0,1,0,-7,1.5,0,0,1.0,1,1,1,1,187,184,190,184,94,107,94,123,128,123,106,185,190,99,138,114,54,1,1,100,190,158,201,12,1,201,,1,0.0,1.0,97.2,88.2,147.8,0.0,0.0,171,0.0,17,0.0,181,185,190,0.0,103,78.69,184,88.2,207,89.47,173,204,0.0,201,0.143,206,94.43,146.7,146.7,106,190,0.0,199,94.43,184,50.0,1,-58.4,-50.7,0.057,0.0,148,208,207,70,208,201,190,4,171,-58.4,0.053,181,0.0,1.0,0.0,0.143,2.0,7.0,0.143,0.0,5.0,1.0,0.0,0.0,0.0,0.0,0.0,0.0,0.0,0.0,0.0,0.0,0.0,0.0,0.0,0.0,0.0,0.0,0.0,3.0,0.0,8.0,0.0,0.2,0.0,0.0,1.68,0.0,0.0,5.0,0.0,0.38,,,,,,,,,,,,,,,,,,,,,,,,,,,,,,,,,,,,,,,,,,,,,,,,,,,,,,,,,,,,,,,,,,,1.0,0.0,0.0,0.0,1.0,1.0,,0.0,0.0,0.0,1.0,0.0,0.0,0.0,0.0,0.0,,,,0.0,0.0,0.0,0.0,0.0,0.0,0.0,0.0,0.0,0.0,0.0,0.0,0.0,0.0,,0.0,0.0,1.0,0.0,0.0,0.0,0.0,0.0,0.0,0.0,,,0.0,0.0,0.0,0.0,0.0,0.0,0.0,0.0,F-C,13.0,8.0,0.5,0.615,0.597,0.018,0.0,0.0,,0.0,,,0.0,1.0,0.0,0.0,0.0,0.0,,0.0,0.0,0.0,0.0,0.0,0.0,0.0,0.0,,,0.0,0.0,MEM,0.0,0.0,1.0,0.0,1.0,0.0,0.0,0.0,2016,21500851,,MEM,LAL,20160224.0,2015-16,False,MEM,LAL,,,1.0,3.0,5.0,0.6,0.446,0.154,,,,,,,1.0,3.0,5.0,0.6,0.47,0.13,0.8,3.0,4.0,0.75,0.576,0.174,0.8,3.0,4.0,0.75,0.54,0.21,0.2,0.0,1.0,0.0,0.346,-0.346,,,8.0,0.0,0.0,0.0,0.0,0.0,0.0,0.0,0.0,0.0,0.0,0.0,0.0,0.0,0.0,0.0,0.0,0.0,,,8.13,3164.0,0.6,0.32,0.28,4.44,4.13,4.79,,,,,,,,,,,,,,,,,,,,,,,
2365,Chris Andersen,Chris,1610612763,MEM,37.0,1,0,1,0.0,17.033333333333335,2,4,0.5,0,0,0.0,0,0,0.0,1,5,6,0,0,0,2,0,1,2,4,-15,17.2,0,0,14.0,1,96,96,96,134,116,141,61,86,124,86,106,113,106,56,35,42,135,128,87,11,1,35,63,133,176,103,18,1,111,,1,0.171,4.0,86.2,87.9,139.1,0.118,0.357,146,0.0,33,0.048,169,4,21,0.5,100,75.15,116,87.9,183,91.98,78,183,0.0,164,0.0,182,90.18,141.9,141.9,62,98,2.0,149,90.18,82,0.0,1,-54.1,-52.9,0.106,0.5,151,183,183,135,183,167,141,135,146,-54.1,0.1,169,0.0,1.0,0.0,0.0,0.0,18.0,0.0,0.0,10.0,0.0,0.0,0.0,0.0,0.0,0.0,0.0,0.0,0.0,0.0,0.0,1.0,1.0,0.0,0.0,0.0,1.0,0.0,1.0,2.0,24.0,4.0,0.6,2.0,1.0,1.54,0.0,0.0,11.0,0.167,0.17,3.0,4.6,6.0,4.2,3.0,0.0,0.6,0.0,1.0,0.25,0.833,10.0,1.0,0.0,3.0,0.0,2.0,0.25,0.4,0.6,4.0,0.833,0.5,6.9,,,,,,,,,,,,,,,,,2.0,0.5,0.0,0.5,0.0,1.0,0.5,2.0,0.5,,1.0,0.5,0.0,2.0,0.0,0.5,0.0,0.5,1.0,1.0,0.5,0.0,0.5,2.0,0.5,,,,,,,,,,,,,,,0.0,,0.0,,,,,0.0,0.0,1.0,2.0,0.0,0.5,0.0,0.5,0.0,2.0,0.0,,0.0,0.0,0.0,0.0,0.0,0.0,,0.0,,,0.0,2.0,0.0,0.0,0.0,,0.0,,1.0,0.0,3.0,0.667,F-C,55.0,31.0,0.505,0.564,0.597,-0.033,1.0,0.0,,0.667,0.0,,,0.0,0.0,2.0,,0.0,,,0.0,0.0,0.0,0.0,3.0,0.0,0.0,0.0,0.0,0.0,0.0,MEM,0.0,0.0,1.0,,,,0.0,0.0,2016,21501114,,MEM,DEN,20160330.0,2015-16,False,MEM,DEN,,,1.0,3.0,7.0,0.429,0.504,-0.076,0.143,1.0,1.0,1.0,0.333,0.667,0.857,2.0,6.0,0.333,0.522,-0.189,0.571,1.0,4.0,0.25,0.615,-0.365,0.714,1.0,5.0,0.2,0.574,-0.374,0.286,2.0,2.0,1.0,0.338,0.662,,,24.0,0.0,0.0,0.0,0.0,0.0,0.0,0.0,0.0,0.0,0.0,0.0,0.0,0.0,0.0,0.0,0.0,0.0,,,17.03,6250.0,1.18,0.65,0.53,4.26,4.59,3.87,,,,,,,,,,,,,,,,,,,,,,,
2365,Chris Andersen,Chris,1610612763,MEM,37.0,1,0,1,0.0,36.516666666666666,6,10,0.6,1,2,0.5,0,0,0.0,3,4,7,2,0,1,0,1,1,1,13,-4,27.4,0,0,25.0,1,94,94,94,20,38,63,36,44,72,27,111,116,111,14,51,30,73,114,31,64,114,33,93,58,119,58,17,3,64,,1,0.117,10.0,113.3,111.4,116.9,0.102,0.138,79,0.0,70,0.097,161,71,45,0.65,98,77.23,38,111.4,102,91.36,84,96,0.0,139,0.077,120,92.67,115.5,115.5,28,58,6.0,170,92.67,48,16.7,1,-4.1,-3.6,0.132,0.65,69,121,102,112,121,139,63,88,79,-4.1,0.128,161,0.0,3.0,0.0,0.056,4.0,36.0,0.056,0.0,22.0,2.0,0.0,0.0,0.0,0.0,0.0,0.0,0.0,0.0,0.0,0.0,0.0,0.0,0.0,0.0,0.0,0.0,0.0,8.0,7.0,49.0,13.0,1.2,0.75,0.571,1.42,0.0,2.0,25.0,0.265,0.16,5.0,5.8,9.0,6.8,4.0,1.0,0.438,1.0,1.0,0.429,0.5,16.0,3.0,1.0,5.0,0.0,2.0,0.429,0.5,0.467,7.0,0.444,0.714,4.4,,,,,,,,,,,,,,,,,5.0,0.556,0.0,0.6,0.0,3.0,0.556,5.0,0.6,,3.0,0.6,0.0,1.0,1.0,0.0,0.0,0.111,0.0,0.0,,0.111,0.0,0.0,0.0,0.0,0.333,1.0,2.0,0.222,1.0,0.111,1.0,1.0,1.167,2.0,3.0,1.0,3.0,0.0,0.0,0.0,,,,0.0,0.0,0.0,0.75,6.0,0.0,0.65,0.5,0.4,5.0,4.0,0.0,0.0,0.5,0.0,0.0,0.0,2.0,0.5,0.0,0.0,0.0,0.0,0.0,4.0,0.0,0.0,1.0,0.0,0.0,0.0,2.0,1.0,6.0,0.667,F-C,45.0,26.0,0.489,0.578,0.587,-0.009,1.0,0.0,0.0,0.667,,0.0,0.0,0.0,0.0,4.0,0.0,0.0,0.0,0.0,1.0,0.0,0.0,2.0,6.0,0.0,0.5,,,1.0,1.0,MEM,0.0,1.0,4.0,0.5,2.0,1.0,0.625,2.0,2016,21501078,,SAS,MEM,20160325.0,2015-16,False,MEM,SAS,,,1.0,10.0,15.0,0.667,0.499,0.168,,,,,,,1.0,10.0,15.0,0.667,0.51,0.156,0.467,5.0,7.0,0.714,0.633,0.081,0.6,7.0,9.0,0.778,0.562,0.216,0.4,3.0,6.0,0.5,0.433,0.067,,,49.0,2.0,0.0,0.0,0.0,0.0,0.0,0.0,0.0,0.0,2.0,1.0,0.0,0.0,0.0,0.0,0.0,0.0,,,36.52,12685.0,2.4,1.21,1.19,3.95,4.41,3.57,,,,,,,,,,,,,,,,,,,,,,,
2365,Chris Andersen,Chris,1610612763,MEM,37.0,1,0,1,0.0,21.133333333333333,4,7,0.571,0,2,0.0,0,0,0.0,2,3,5,0,1,2,0,0,0,1,8,-11,19.0,0,0,17.0,1,54,54,54,63,35,53,25,47,39,47,60,66,60,16,39,25,69,42,7,36,1,1,52,51,87,58,6,1,59,,66,0.106,7.0,69.9,74.4,98.5,0.161,0.167,99,12.5,43,0.069,12,36,39,0.571,52,82.33,35,74.4,87,101.53,19,88,0.0,74,0.0,37,98.8,97.7,97.7,25,35,4.0,11,98.8,31,0.0,65,-23.3,-28.6,0.155,0.571,100,32,87,69,32,71,53,69,99,-23.3,0.157,12,12.5,2.0,1.0,0.074,3.0,27.0,0.0,0.0,19.0,2.0,0.0,0.0,0.0,0.0,0.0,0.0,0.0,0.0,0.0,0.0,0.0,0.0,0.0,0.0,0.0,0.0,0.0,2.0,3.0,35.0,8.0,0.8,1.0,1.333,1.42,0.0,1.0,20.0,0.229,0.26,2.0,2.7,6.0,2.5,3.0,1.0,0.556,1.0,1.0,0.667,0.6,9.0,2.0,0.0,3.0,0.0,0.0,0.667,0.0,0.625,3.0,0.5,0.4,2.9,0.667,0.0,1.0,0.429,0.0,0.0,2.0,2.0,3.0,,0.667,0.429,0.667,3.0,,,1.0,0.143,0.0,1.0,0.0,1.0,0.143,1.0,1.0,,1.0,1.0,0.0,1.0,0.0,1.0,0.0,0.143,1.0,1.0,1.0,0.0,0.143,1.0,1.0,,0.286,0.0,0.0,0.0,2.0,0.286,,0.0,0.0,0.0,2.0,0.0,0.0,0.0,0.0,0.0,,,,0.0,0.0,0.0,1.0,2.0,0.0,0.571,0.0,0.667,0.0,4.0,0.0,0.0,0.0,0.0,0.0,0.0,2.0,0.0,0.0,0.0,0.0,0.0,0.0,4.0,0.0,0.0,0.0,0.0,0.0,0.0,0.0,0.0,5.0,0.8,F-C,74.0,46.0,0.49,0.622,0.594,0.028,0.0,0.0,,0.8,,,0.0,2.0,0.0,4.0,0.0,0.0,,0.0,0.0,0.0,0.0,0.0,5.0,0.0,0.0,,,0.0,0.0,MEM,0.0,0.0,2.0,0.0,2.0,0.0,0.0,0.0,2016,21501216,,LAC,MEM,20160412.0,2015-16,False,MEM,LAC,,,1.0,4.0,9.0,0.444,0.469,-0.024,0.111,1.0,1.0,1.0,0.467,0.533,0.889,3.0,8.0,0.375,0.489,-0.114,0.444,3.0,4.0,0.75,0.618,0.132,0.556,3.0,5.0,0.6,0.557,0.043,0.444,1.0,4.0,0.25,0.414,-0.164,,,35.0,1.0,0.0,0.0,0.0,0.0,0.0,0.0,0.0,0.0,1.0,1.0,0.0,0.0,0.0,0.0,0.0,0.0,,,21.13,7777.0,1.47,0.75,0.73,4.27,3.9,4.06,,,,,,,,,,,,,,,,,,,,,,,
2365,Chris Andersen,Chris,1610612763,MEM,37.0,1,0,1,0.0,8.05,0,0,0.0,0,0,0.0,0,0,0.0,0,1,1,0,0,0,0,0,0,0,0,-2,1.2,0,0,1.0,1,147,147,147,255,258,272,258,135,201,135,146,159,146,151,214,227,226,182,149,96,1,1,211,259,164,272,19,2,271,,1,0.056,0.0,129.4,129.4,142.2,0.02,0.1,22,0.0,17,0.0,132,165,179,0.0,162,84.47,258,129.4,194,101.01,241,198,0.0,274,0.0,275,101.37,141.2,141.2,151,259,0.0,138,101.37,258,0.0,1,-11.8,-12.8,0.0,0.0,23,274,194,226,274,274,272,226,22,-11.8,0.0,132,0.0,0.0,0.0,0.0,0.0,4.0,0.0,0.0,2.0,0.0,0.0,0.0,0.0,0.0,0.0,0.0,0.0,0.0,0.0,0.0,0.0,0.0,0.0,0.0,0.0,0.0,0.0,0.0,0.0,4.0,0.0,0.1,0.0,0.0,1.52,0.0,0.0,2.0,0.0,0.25,0.0,1.6,1.0,1.6,1.0,0.0,0.5,0.0,0.0,0.0,1.0,2.0,0.0,0.0,1.0,0.0,0.0,0.0,0.0,0.5,1.0,1.0,0.0,0.0,,,,,,,,,,,,,,,,,,,,,,,,,,,,,,,,,,,,,,,,,,,,,,,,,,,,,,,,0.0,,0.0,,,,,0.0,0.0,0.0,0.0,0.0,0.0,0.0,0.0,0.0,0.0,0.0,,0.0,0.0,0.0,0.0,0.0,0.0,0.0,0.0,0.0,0.0,0.0,0.0,0.0,0.0,0.0,,0.0,,0.0,0.0,0.0,0.0,F-C,75.0,47.0,0.49,0.627,0.594,0.033,0.0,0.0,,0.0,0.0,,,0.0,0.0,0.0,,0.0,,,0.0,0.0,0.0,0.0,0.0,0.0,0.0,0.0,0.0,0.0,0.0,MEM,0.0,0.0,0.0,,,,,0.0,2016,21501227,,GSW,MEM,20160413.0,2015-16,False,MEM,GSW,,,1.0,1.0,2.0,0.5,0.469,0.031,0.5,0.0,1.0,0.0,0.372,-0.372,0.5,1.0,1.0,1.0,0.553,0.447,0.5,1.0,1.0,1.0,0.634,0.366,0.5,1.0,1.0,1.0,0.597,0.403,0.5,0.0,1.0,0.0,0.408,-0.408,,,4.0,0.0,0.0,0.0,0.0,0.0,0.0,0.0,0.0,0.0,0.0,0.0,0.0,0.0,0.0,0.0,0.0,0.0,,,8.05,3103.0,0.59,0.32,0.27,4.52,4.24,4.84,,,,,,,,,,,,,,,,,,,,,,,
2365,Chris Andersen,Chris,1610612763,MEM,37.0,1,0,1,0.0,15.533333333333331,4,5,0.8,0,0,0.0,0,0,0.0,1,2,3,0,0,0,0,0,0,0,8,-4,11.6,0,0,11.0,1,40,40,40,61,31,49,5,32,56,32,51,52,51,26,44,42,50,60,44,21,1,1,64,39,54,57,7,2,52,,1,0.111,5.0,104.5,100.0,114.7,0.174,0.125,56,0.0,29,0.091,81,36,26,0.8,40,73.39,31,100.0,68,87.33,14,62,0.0,44,0.0,66,88.07,117.9,117.9,12,8,4.0,81,88.07,6,0.0,1,-17.9,-10.3,0.168,0.8,47,71,68,50,71,44,49,50,56,-17.9,0.161,81,0.0,0.0,0.0,0.0,0.0,18.0,0.0,0.0,11.0,0.0,0.0,0.0,0.0,0.0,0.0,0.0,0.0,0.0,0.0,0.0,0.0,0.0,0.0,0.0,0.0,0.0,0.0,1.0,1.0,23.0,8.0,0.6,2.0,0.0,1.62,0.0,0.0,10.0,0.348,0.17,2.0,3.7,6.0,3.8,1.0,0.0,0.333,0.0,1.0,0.333,0.333,9.0,1.0,0.0,1.0,0.0,1.0,0.333,0.5,0.333,3.0,0.333,0.667,3.4,0.5,0.0,1.0,0.4,0.0,0.0,1.0,1.0,2.0,,0.5,0.4,0.5,2.0,,,,,,,,,,,,,,,,2.0,0.0,1.0,0.0,0.4,2.0,2.0,1.0,0.0,0.4,2.0,1.0,,0.2,0.0,1.0,0.2,0.0,0.0,1.0,,1.0,1.0,1.0,1.0,1.0,1.0,,2.0,1.0,1.0,,,1.0,0.0,1.0,2.0,0.0,0.8,0.0,0.0,0.0,0.0,0.0,,1.0,0.0,0.0,0.0,0.0,0.0,,0.0,,,0.0,3.0,0.0,0.0,0.0,,0.0,,1.0,1.0,4.0,0.75,F-C,38.0,21.0,0.494,0.553,0.578,-0.025,1.0,0.0,0.0,0.75,,0.0,,0.0,0.0,3.0,,0.0,0.0,,1.0,0.0,0.0,0.0,4.0,0.0,0.0,,,0.0,1.0,MEM,0.0,0.0,0.0,,,,,0.0,2016,21501055,,LAL,MEM,20160322.0,2015-16,False,MEM,LAL,,,1.0,2.0,3.0,0.667,0.383,0.284,,,,,,,1.0,2.0,3.0,0.667,0.429,0.237,0.667,2.0,2.0,1.0,0.572,0.429,0.667,2.0,2.0,1.0,0.516,0.485,,,,,,,,,23.0,0.0,0.0,0.0,0.0,0.0,0.0,0.0,0.0,0.0,0.0,0.0,0.0,0.0,0.0,0.0,0.0,0.0,,,15.53,5634.0,1.07,0.54,0.53,4.26,4.12,3.65,,,,,,,,,,,,,,,,,,,,,,,
2365,Chris Andersen,Chris,1610612763,MEM,37.0,1,0,1,0.0,17.436666666666667,1,3,0.333,0,0,0.0,0,0,0.0,3,6,9,1,1,1,1,0,1,0,2,-14,19.3,0,0,16.0,1,48,48,48,60,61,62,58,39,56,39,43,44,43,2,11,9,33,24,15,8,1,19,61,71,78,36,9,1,38,,83,0.265,3.0,72.1,67.6,111.4,0.142,0.462,91,20.0,34,0.143,37,2,3,0.333,21,76.85,61,67.6,83,89.58,28,80,1.0,75,0.125,35,92.22,112.1,112.1,5,71,1.0,49,92.22,63,20.0,83,-44.5,-39.3,0.108,0.333,89,43,83,39,43,77,62,30,91,-44.5,0.103,37,20.0,2.0,0.0,0.042,3.0,24.0,0.042,0.0,12.0,1.0,0.0,0.0,0.0,0.0,0.0,0.0,0.0,0.0,0.0,0.0,0.0,0.0,0.0,0.0,0.0,0.0,0.0,1.0,4.0,30.0,2.0,0.7,0.0,0.5,1.49,0.0,0.0,14.0,0.067,0.1,5.0,3.6,6.0,3.5,4.0,0.0,1.0,0.0,1.0,1.0,1.0,9.0,3.0,0.0,4.0,0.0,2.0,1.0,0.333,1.0,3.0,1.0,0.556,4.0,0.0,0.0,1.0,0.333,0.0,0.0,0.0,0.0,1.0,,0.0,0.333,0.0,1.0,,,1.0,0.333,0.0,1.0,0.0,1.0,0.333,1.0,1.0,,1.0,1.0,0.0,1.0,0.0,0.0,0.0,0.333,0.0,0.0,0.0,0.0,0.333,1.0,0.0,,,,,,,,,,,,,,,0.0,,0.0,,,,,0.0,0.0,0.0,0.0,0.0,0.333,0.0,0.5,0.0,2.0,0.0,,0.0,0.0,0.0,0.0,0.0,0.0,0.0,0.0,0.0,0.0,0.0,1.0,0.0,0.0,0.0,,0.0,,1.0,0.0,2.0,0.5,F-C,1.0,1.0,0.5,1.0,0.654,0.346,1.0,0.0,,0.5,,,,0.0,0.0,1.0,,0.0,,,0.0,0.0,0.0,0.0,2.0,0.0,0.0,,,0.0,0.0,MEM,0.0,0.0,1.0,,,,0.0,0.0,2016,41500151,,SAS,MEM,20160417.0,2015-16,True,MEM,SAS,1610612759.0,MEM_SAS_2016,1.0,1.0,2.0,0.5,0.488,0.012,,,,,,,1.0,1.0,2.0,0.5,0.499,0.001,0.5,1.0,1.0,1.0,0.654,0.346,1.0,1.0,2.0,0.5,0.557,-0.057,,,,,,,,,30.0,0.0,0.0,0.0,0.0,0.0,0.0,0.0,0.0,0.0,0.0,0.0,0.0,0.0,0.0,0.0,0.0,0.0,,,17.43,5983.0,1.13,0.62,0.52,3.8,4.02,3.55,4.0,4.0,0.0,1.0,0.0,1.0,3.0,0.0,0.0,0.0,0.0,0.0,0.0,0.0,0.0,0.0,0.0,0.0,0.0,0.0,0.0,,
2365,Chris Andersen,Chris,1610612763,MEM,37.0,1,0,1,0.0,10.15,1,1,1.0,0,0,0.0,1,2,0.5,1,3,4,0,2,0,0,0,1,2,3,8,5.8,0,0,7.0,1,76,76,76,127,109,140,1,56,103,56,62,47,60,36,57,57,106,31,77,43,1,28,42,117,31,124,13,1,122,,149,0.19,1.0,91.4,100.0,57.8,0.122,0.25,67,50.0,20,0.111,145,18,9,0.798,79,78.82,109,100.0,11,100.82,55,15,0.0,105,0.0,3,94.58,60.0,60.0,18,14,1.0,72,94.58,3,0.0,148,40.0,33.6,0.162,1.0,106,4,11,106,4,96,140,106,67,40.0,0.167,145,51.5,0.0,0.0,0.0,0.0,8.0,0.0,0.0,5.0,0.0,0.0,0.0,0.0,0.0,0.0,0.0,0.0,0.0,0.0,0.0,0.0,0.0,0.0,0.0,0.0,0.0,0.0,1.0,1.0,11.0,3.0,0.3,1.0,2.0,1.64,0.0,0.0,6.0,0.273,0.36,4.0,3.5,4.0,3.5,0.0,0.0,0.667,0.0,1.0,0.5,0.75,6.0,1.0,0.0,0.0,0.0,3.0,0.5,1.0,0.667,2.0,0.75,1.0,3.4,1.0,0.0,1.0,1.0,0.0,0.0,1.0,1.0,1.0,,1.0,1.0,1.0,1.0,,,,,,,,,,,,,,,,,,,,,,,,,,,,,,,,,,,,,,,,,,0.0,,0.0,,,,,0.0,0.0,0.0,1.0,0.0,1.0,0.0,1.0,0.0,2.0,0.0,,0.0,0.0,0.0,0.0,0.0,0.0,0.0,0.0,0.0,0.0,0.0,1.0,0.0,0.0,0.0,,0.0,,0.0,0.0,1.0,1.0,F-C,3.0,0.0,0.6,0.0,0.614,-0.614,0.0,0.0,,1.0,,,,0.0,0.0,1.0,,0.0,,,0.0,0.0,0.0,0.0,1.0,0.0,0.0,,,0.0,0.0,MEM,0.0,0.0,0.0,,,,,0.0,2016,21500058,,SAC,MEM,20151103.0,2015-16,False,MEM,SAC,,,1.0,0.0,5.0,0.0,0.458,-0.458,,,,,,,1.0,0.0,5.0,0.0,0.504,-0.504,0.6,0.0,3.0,0.0,0.614,-0.614,1.0,0.0,5.0,0.0,0.559,-0.559,,,,,,,,,11.0,0.0,0.0,0.0,0.0,0.0,0.0,0.0,0.0,0.0,0.0,0.0,0.0,0.0,0.0,0.0,0.0,0.0,,,10.15,3660.0,0.69,0.35,0.34,4.14,4.74,3.55,,,,,,,,,,,,,,,,,,,,,,,
2365,Chris Andersen,Chris,1610612763,MEM,37.0,1,0,1,0.0,20.03333333333333,1,4,0.25,1,1,1.0,0,0,0.0,3,2,5,0,1,1,1,1,3,1,3,-11,14.0,0,0,13.0,1,97,97,97,125,146,142,151,46,111,1,114,122,114,16,109,59,149,86,40,26,125,133,97,159,166,131,20,2,133,,164,0.119,4.0,82.6,84.2,116.7,0.015,0.125,167,20.0,38,0.115,169,88,58,0.375,109,76.87,146,84.2,171,90.57,159,179,0.0,172,0.0,168,92.25,110.3,110.3,21,142,1.0,163,92.25,133,0.0,164,-26.0,-34.2,0.107,0.375,172,135,171,149,135,171,142,149,167,-26.0,0.106,169,20.0,2.0,0.0,0.0,0.0,24.0,0.0,0.0,9.0,0.0,0.0,0.0,0.0,0.0,0.0,0.0,0.0,0.0,0.0,0.0,0.0,0.0,0.0,0.0,0.0,0.0,0.0,0.0,6.0,30.0,3.0,0.6,0.0,0.0,1.24,0.0,0.0,11.0,0.1,0.17,3.0,7.6,7.0,6.0,1.0,1.0,0.455,1.0,0.667,0.75,0.333,11.0,2.0,1.0,2.0,0.0,1.0,0.75,0.5,0.5,4.0,0.286,0.6,8.7,,,,,,,,,,,,,,,,,2.0,0.667,0.0,0.0,0.0,0.0,0.667,2.0,0.0,,0.0,0.0,0.0,,,,,,,,,,,,,,0.333,1.0,0.0,0.0,1.0,0.333,,1.0,1.5,0.0,1.0,1.0,1.0,0.0,0.0,0.0,,,,0.0,0.0,0.0,0.0,0.0,0.0,0.375,1.0,0.0,3.0,0.0,0.0,0.0,0.0,0.0,0.0,0.0,1.0,1.0,0.0,0.0,0.0,0.0,0.0,0.0,0.0,0.0,1.0,0.0,0.0,0.0,0.0,0.0,3.0,0.0,F-C,58.0,33.0,0.5,0.569,0.596,-0.027,0.0,0.0,,0.0,0.0,,0.0,0.0,0.0,0.0,0.0,0.0,,0.0,0.0,0.0,0.0,1.0,3.0,0.0,1.0,0.0,0.0,1.0,0.0,MEM,0.0,0.0,1.0,1.0,1.0,1.0,1.5,1.0,2016,21501132,,MEM,TOR,20160401.0,2015-16,False,MEM,TOR,,,1.0,3.0,7.0,0.429,0.484,-0.055,,,,,,,1.0,3.0,7.0,0.429,0.501,-0.072,0.429,2.0,3.0,0.667,0.589,0.078,0.857,3.0,6.0,0.5,0.54,-0.04,,,,,,,,,30.0,0.0,0.0,0.0,0.0,0.0,0.0,0.0,0.0,0.0,0.0,0.0,0.0,0.0,0.0,0.0,0.0,0.0,,,20.03,7331.0,1.39,0.74,0.64,4.2,4.28,3.54,,,,,,,,,,,,,,,,,,,,,,,
2365,Chris Andersen,Chris,1610612763,MEM,37.0,1,0,1,0.0,8.666666666666666,1,1,1.0,0,0,0.0,0,0,0.0,4,1,5,0,1,0,0,0,0,0,2,2,7.0,0,0,7.0,1,71,71,71,125,102,129,1,66,97,66,85,88,85,7,95,38,102,50,66,42,1,1,101,114,50,120,18,3,117,,144,0.333,1.0,98.2,94.4,88.2,0.143,0.25,117,50.0,18,0.364,85,17,1,1.0,74,80.77,102,94.4,55,95.04,40,46,0.0,127,0.0,19,96.92,88.2,88.2,1,7,1.0,103,96.92,4,0.0,144,6.2,9.9,0.094,1.0,106,17,55,102,17,125,129,102,117,6.2,0.091,85,50.0,2.0,0.0,0.0,0.0,9.0,0.0,0.0,4.0,0.0,0.0,0.0,0.0,0.0,0.0,0.0,0.0,0.0,0.0,0.0,0.0,0.0,0.0,0.0,0.0,0.0,0.0,0.0,4.0,11.0,2.0,0.3,0.0,0.5,1.73,0.0,0.0,7.0,0.182,0.36,3.0,3.9,1.0,5.4,1.0,0.0,0.833,0.0,0.75,0.8,1.0,6.0,3.0,1.0,2.0,0.0,0.0,0.8,0.0,0.833,5.0,1.0,0.6,3.5,1.0,0.0,1.0,1.0,0.0,0.0,1.0,1.0,1.0,,1.0,1.0,1.0,1.0,,,,,,,,,,,,,,,,,,,,,,,,,,,,,,,,,,,,,,,,,,0.0,,0.0,,,,,0.0,0.0,0.0,0.0,0.0,1.0,0.0,1.0,0.0,2.0,0.0,,0.0,0.0,0.0,0.0,0.0,0.0,0.0,0.0,0.0,0.0,0.0,1.0,0.0,0.0,0.0,,0.0,,0.0,0.0,1.0,1.0,F-C,36.0,19.0,0.486,0.528,0.578,-0.051,0.0,0.0,0.0,1.0,,0.0,,0.0,0.0,1.0,,0.0,0.0,,0.0,0.0,0.0,0.0,1.0,0.0,0.0,,,0.0,0.0,MEM,0.0,0.0,0.0,,,,,0.0,2016,21500932,,MEM,PHX,20160306.0,2015-16,False,MEM,PHX,,,1.0,2.0,2.0,1.0,0.42,0.58,,,,,,,1.0,2.0,2.0,1.0,0.45,0.55,0.5,1.0,1.0,1.0,0.517,0.483,0.5,1.0,1.0,1.0,0.493,0.507,0.5,1.0,1.0,1.0,0.328,0.672,,,11.0,0.0,0.0,0.0,0.0,0.0,0.0,0.0,0.0,0.0,0.0,0.0,0.0,0.0,0.0,0.0,0.0,0.0,,,8.67,3056.0,0.58,0.32,0.26,4.19,3.66,4.88,,,,,,,,,,,,,,,,,,,,,,,
2365,Chris Andersen,Chris,1610612763,MEM,37.0,1,0,1,0.0,21.08333333333333,1,3,0.333,0,1,0.0,1,2,0.5,3,4,7,1,0,1,0,0,2,2,3,9,15.9,0,0,13.0,1,103,103,103,132,154,162,136,86,101,86,90,71,91,13,54,22,94,132,32,72,1,81,67,161,39,123,15,1,136,,1,0.179,3.0,96.2,100.0,78.8,0.128,0.222,135,0.0,39,0.143,179,34,17,0.387,106,74.94,154,100.0,34,89.47,63,51,0.0,187,0.071,12,89.93,75.0,75.0,11,151,1.0,190,89.93,146,20.0,1,25.0,17.5,0.08,0.333,145,10,34,110,10,187,162,63,135,25.0,0.082,179,0.0,2.0,1.0,0.111,5.0,18.0,0.056,0.0,9.0,2.0,0.0,1.0,2.0,1.0,0.0,0.0,0.0,0.0,0.0,0.0,0.0,1.0,0.0,0.0,1.0,0.0,2.0,1.0,3.0,23.0,3.0,0.6,0.0,0.333,1.46,0.0,0.0,12.0,0.13,0.39,2.0,6.1,6.0,4.5,4.0,0.0,0.636,0.0,0.667,0.6,0.667,11.0,2.0,1.0,5.0,0.0,0.0,0.6,0.0,0.636,5.0,0.667,0.286,8.1,,,,,,,,,,,,,,,,,1.0,0.333,0.0,1.0,0.0,1.0,0.333,1.0,1.0,,1.0,1.0,0.0,,,,,,,,,,,,,,0.667,0.0,0.0,0.333,1.0,0.333,0.0,0.0,0.0,1.0,2.0,0.0,0.0,0.0,0.0,0.0,,,,0.0,0.0,0.0,0.0,0.0,0.0,0.333,0.0,0.0,0.0,1.0,0.0,0.0,0.0,0.0,0.0,0.0,0.0,0.0,0.0,0.0,0.0,0.0,0.0,1.0,0.0,1.0,0.0,0.0,1.0,0.0,1.0,0.0,1.0,1.0,F-C,69.0,42.0,0.504,0.609,0.592,0.016,1.0,0.0,,1.0,0.0,,0.0,0.0,0.0,1.0,0.0,0.0,,0.0,0.0,0.0,0.0,1.0,1.0,0.0,0.0,0.0,0.0,0.0,0.0,MEM,0.0,0.0,2.0,0.0,1.0,0.0,0.0,0.0,2016,21501185,,DAL,MEM,20160408.0,2015-16,False,MEM,DAL,,,1.0,1.0,4.0,0.25,0.437,-0.187,0.5,0.0,2.0,0.0,0.319,-0.319,0.5,1.0,2.0,0.5,0.506,-0.006,0.5,1.0,2.0,0.5,0.589,-0.089,0.5,1.0,2.0,0.5,0.538,-0.038,0.5,0.0,2.0,0.0,0.345,-0.345,,,23.0,0.0,0.0,0.0,0.0,0.0,0.0,0.0,0.0,0.0,0.0,0.0,0.0,0.0,0.0,0.0,0.0,0.0,,,21.08,7177.0,1.36,0.69,0.67,3.99,4.15,3.84,,,,,,,,,,,,,,,,,,,,,,,
2365,Chris Andersen,Chris,1610612763,MEM,37.0,1,0,1,0.0,23.933333333333334,2,2,1.0,0,0,0.0,0,0,0.0,2,6,8,0,2,0,0,0,1,0,4,-11,11.6,0,0,12.0,1,26,26,26,18,25,40,1,16,32,16,24,25,24,4,7,4,34,7,22,23,1,15,31,28,39,34,2,1,33,,48,0.17,2.0,76.2,75.0,99.8,0.114,0.316,29,50.0,44,0.071,48,2,6,1.0,25,73.54,25,75.0,35,87.64,22,37,0.0,47,0.0,39,88.25,100.0,100.0,7,1,2.0,43,88.25,1,0.0,48,-25.0,-23.6,0.078,1.0,31,40,35,34,40,47,40,34,29,-25.0,0.077,48,50.0,2.0,0.0,0.0,0.0,24.0,0.0,0.0,11.0,0.0,0.0,0.0,0.0,0.0,0.0,0.0,0.0,0.0,0.0,0.0,0.0,0.0,0.0,0.0,0.0,0.0,0.0,1.0,3.0,28.0,4.0,0.8,0.0,1.333,1.61,0.0,0.0,13.0,0.143,0.18,4.0,2.9,9.0,3.4,2.0,1.0,0.571,1.0,0.5,0.4,0.75,14.0,1.0,1.0,3.0,0.0,3.0,0.4,0.5,0.615,5.0,0.667,0.5,1.9,1.0,0.0,1.0,0.5,0.0,0.0,1.0,1.0,1.0,,1.0,0.5,1.0,1.0,,,1.0,0.5,0.0,1.0,0.0,1.0,0.5,1.0,1.0,,1.0,1.0,0.0,,,,,,,,,,,,,,,,,,,,,,,,,,,0.0,,0.0,,,,,0.0,0.0,0.0,0.0,0.0,1.0,0.0,1.0,0.0,4.0,0.0,,0.0,0.0,0.0,0.0,0.0,0.0,0.0,0.0,0.0,0.0,0.0,2.0,0.0,0.0,0.0,,0.0,,0.0,0.0,2.0,1.0,F-C,2.0,2.0,0.286,1.0,0.637,0.363,0.0,0.0,,1.0,,,,0.0,0.0,2.0,,0.0,,,0.0,0.0,0.0,0.0,2.0,0.0,0.0,,,0.0,0.0,MEM,0.0,0.0,0.0,,,,,0.0,2016,41500152,,SAS,MEM,20160419.0,2015-16,True,MEM,SAS,1610612759.0,MEM_SAS_2016,1.0,2.0,5.0,0.4,0.48,-0.08,0.2,0.0,1.0,0.0,0.368,-0.368,0.8,2.0,4.0,0.5,0.525,-0.025,0.2,1.0,1.0,1.0,0.62,0.38,0.4,1.0,2.0,0.5,0.615,-0.115,0.6,1.0,3.0,0.333,0.396,-0.063,,,28.0,0.0,0.0,0.0,0.0,0.0,0.0,0.0,0.0,0.0,0.0,0.0,0.0,0.0,0.0,0.0,0.0,0.0,,,23.93,8332.0,1.58,0.87,0.71,4.02,4.33,3.67,5.0,4.0,1.0,0.0,0.0,2.0,4.0,0.0,0.0,1.0,0.0,0.0,0.0,0.0,0.0,0.0,0.0,0.0,0.0,0.0,0.0,,
2365,Chris Andersen,Chris,1610612763,MEM,37.0,1,0,1,0.0,13.633333333333333,2,4,0.5,0,0,0.0,2,2,1.0,2,2,4,1,0,2,0,0,0,1,6,8,18.3,0,0,15.0,1,63,63,63,102,71,81,39,67,85,67,33,41,1,26,61,50,61,82,9,46,1,1,64,73,30,62,11,1,69,,1,0.118,4.0,113.1,110.7,78.8,0.198,0.133,63,0.0,28,0.105,31,49,32,0.615,63,85.09,71,110.7,13,99.64,12,14,0.0,80,0.125,8,102.1,76.7,76.7,18,50,2.0,49,102.1,53,16.7,1,34.0,34.4,0.142,0.5,52,9,13,48,9,78,81,47,63,34.0,0.143,31,0.0,2.0,0.0,0.083,3.0,12.0,0.083,0.0,8.0,1.0,0.0,0.0,0.0,0.0,0.0,0.0,0.0,0.0,0.0,0.0,0.0,0.0,0.0,0.0,0.0,0.0,0.0,3.0,6.0,18.0,6.0,0.4,0.667,0.667,1.24,0.0,0.0,10.0,0.333,0.28,2.0,3.7,3.0,3.3,2.0,0.0,0.571,0.0,1.0,0.5,0.667,7.0,2.0,0.0,2.0,0.0,0.0,0.5,0.0,0.571,4.0,0.667,0.5,4.0,0.5,0.0,1.0,0.5,0.0,0.0,1.0,1.0,2.0,,0.5,0.5,0.5,2.0,,,2.0,0.5,0.0,0.5,0.0,1.0,0.5,2.0,0.5,,1.0,0.5,0.0,,,,,,,,,,,,,,,,,,,,,,,,,,,0.0,,0.0,,,,,0.0,0.0,0.5,2.0,0.0,0.5,0.0,0.667,0.0,4.0,0.0,0.0,0.0,0.0,0.0,1.0,0.0,0.0,0.0,0.0,0.0,0.0,0.0,2.0,0.0,0.0,0.0,0.0,0.0,0.0,0.0,0.0,3.0,0.667,F-C,70.0,43.0,0.493,0.614,0.592,0.022,0.0,0.0,,0.667,,,0.0,0.0,0.0,2.0,0.0,0.0,,0.0,0.0,0.0,0.0,0.0,3.0,1.0,0.0,,,0.0,0.0,MEM,0.0,0.0,0.0,,,,,0.0,2016,21501190,,MEM,GSW,20160409.0,2015-16,False,MEM,GSW,,,1.0,2.0,5.0,0.4,0.466,-0.066,0.4,0.0,2.0,0.0,0.435,-0.435,0.6,2.0,3.0,0.667,0.503,0.164,0.2,1.0,1.0,1.0,0.585,0.415,0.2,1.0,1.0,1.0,0.541,0.459,0.8,1.0,4.0,0.25,0.411,-0.161,,,18.0,0.0,0.0,0.0,0.0,0.0,0.0,0.0,0.0,0.0,0.0,0.0,0.0,0.0,0.0,0.0,0.0,0.0,,,13.63,5034.0,0.95,0.49,0.46,4.41,4.23,4.6,,,,,,,,,,,,,,,,,,,,,,,
2365,Chris Andersen,Chris,1610612763,MEM,37.0,1,1,0,1.0,19.23333333333333,1,2,0.5,0,0,0.0,0,0,0.0,2,1,3,0,0,1,3,0,3,1,2,3,17.6,0,0,13.0,1,1,1,1,109,120,140,46,66,118,66,94,99,94,23,115,77,111,115,26,3,1,108,89,136,62,83,16,1,105,,1,0.075,2.0,120.5,115.8,111.1,0.04,0.045,46,0.0,38,0.111,134,137,89,0.5,87,77.99,120,115.8,71,91.64,121,60,0.0,161,0.0,107,93.59,110.8,110.8,24,85,1.0,138,93.59,64,0.0,1,5.0,9.4,0.046,0.5,34,113,71,111,113,161,140,111,46,5.0,0.044,134,0.0,1.0,1.0,0.056,2.0,18.0,0.0,0.0,9.0,1.0,0.0,0.0,0.0,0.0,0.0,0.0,0.0,0.0,0.0,0.0,1.0,1.0,0.0,0.0,0.0,1.0,0.0,0.0,2.0,22.0,2.0,0.6,0.0,0.0,1.61,0.0,0.0,11.0,0.091,0.05,3.0,4.8,8.0,4.7,0.0,1.0,0.25,1.0,1.0,0.5,0.143,12.0,2.0,0.0,0.0,0.0,1.0,0.5,1.0,0.273,4.0,0.125,1.0,4.8,,,,,,,,,,,,,,,,,,,,,,,,,,,,,,1.0,0.0,1.0,0.0,0.5,1.0,1.0,1.0,0.0,0.5,1.0,1.0,,0.5,0.0,0.0,0.5,0.0,0.0,0.0,,0.0,1.0,1.0,0.0,0.0,0.0,,0.0,,,,,0.0,0.0,0.0,0.0,0.0,0.5,0.0,0.0,0.0,0.0,0.0,0.0,0.0,,0.0,1.0,0.0,0.0,0.0,0.0,0.0,0.0,0.0,1.0,,,0.0,0.0,0.0,0.0,0.0,0.0,1.0,1.0,F-C,18.0,10.0,0.462,0.556,0.575,-0.019,0.0,0.0,,1.0,,,0.0,0.0,0.0,1.0,0.0,0.0,,0.0,0.0,0.0,0.0,0.0,1.0,0.0,0.0,,,0.0,0.0,MEM,0.0,1.0,1.0,,,,0.0,0.0,2016,21500868,,LAL,MEM,20160226.0,2015-16,False,MEM,LAL,,,1.0,3.0,13.0,0.231,0.419,-0.189,0.231,0.0,3.0,0.0,0.331,-0.331,0.769,3.0,10.0,0.3,0.452,-0.152,0.385,2.0,5.0,0.4,0.518,-0.118,0.692,3.0,9.0,0.333,0.475,-0.142,0.231,0.0,3.0,0.0,0.341,-0.341,,,22.0,0.0,0.0,0.0,0.0,0.0,0.0,0.0,0.0,0.0,0.0,0.0,0.0,0.0,0.0,0.0,0.0,0.0,,,19.23,6967.0,1.32,0.72,0.59,4.07,4.45,3.69,,,,,,,,,,,,,,,,,,,,,,,
2365,Chris Andersen,Chris,1610612763,MEM,37.0,1,0,1,0.0,13.75,1,2,0.5,0,0,0.0,0,0,0.0,0,1,1,0,1,0,1,0,1,0,2,-9,5.2,0,0,5.0,1,30,30,30,46,42,45,20,27,40,27,30,34,30,26,44,44,45,13,27,11,1,10,43,46,50,49,8,1,49,,55,0.04,2.0,78.5,80.8,103.9,0.01,0.071,53,33.3,26,0.0,22,41,43,0.5,35,78.55,42,80.8,52,97.12,48,49,0.0,47,0.0,28,94.25,107.1,107.1,26,33,1.0,19,94.25,27,0.0,55,-26.4,-25.4,0.108,0.5,54,28,52,45,28,46,45,45,53,-26.4,0.107,22,33.3,2.0,0.0,0.0,0.0,14.0,0.0,0.0,11.0,0.0,0.0,0.0,0.0,0.0,0.0,0.0,0.0,0.0,0.0,0.0,0.0,0.0,0.0,0.0,0.0,0.0,0.0,2.0,1.0,16.0,2.0,0.5,0.0,2.0,1.79,0.0,0.0,10.0,0.125,0.31,0.0,1.8,7.0,1.8,1.0,2.0,0.125,2.0,0.0,0.0,0.2,8.0,0.0,0.0,1.0,0.0,0.0,0.0,0.0,0.167,1.0,0.143,0.0,0.0,,,,,,,,,,,,,,,,,,,,,,,,,,,,,,1.0,0.0,0.0,0.0,0.5,0.0,0.0,0.0,0.0,0.5,1.0,0.0,,0.5,0.0,1.0,0.5,0.0,0.0,1.0,,1.0,1.0,1.0,1.0,1.0,0.0,,0.0,,,,,0.0,0.0,0.0,0.0,0.0,0.5,0.0,1.0,0.0,2.0,0.0,0.0,0.0,0.0,0.0,0.0,0.0,0.0,0.0,0.0,0.0,0.0,0.0,1.0,0.0,0.0,0.0,0.0,0.0,0.0,1.0,0.0,1.0,1.0,F-C,4.0,2.0,0.308,0.5,0.631,-0.131,1.0,0.0,,1.0,0.0,,0.0,0.0,0.0,1.0,0.0,0.0,,0.0,0.0,0.0,0.0,0.0,1.0,0.0,0.0,0.0,0.0,0.0,0.0,MEM,0.0,0.0,0.0,,,,,0.0,2016,41500153,,MEM,SAS,20160422.0,2015-16,True,MEM,SAS,1610612759.0,MEM_SAS_2016,1.0,2.0,6.0,0.333,0.505,-0.172,0.167,0.0,1.0,0.0,0.382,-0.382,0.833,2.0,5.0,0.4,0.537,-0.137,0.333,0.0,2.0,0.0,0.626,-0.626,0.5,1.0,3.0,0.333,0.599,-0.266,0.167,0.0,1.0,0.0,0.39,-0.39,,,16.0,0.0,0.0,0.0,0.0,0.0,0.0,0.0,0.0,0.0,0.0,0.0,0.0,0.0,0.0,0.0,0.0,0.0,,,13.75,4814.0,0.91,0.48,0.43,3.95,4.33,3.56,4.0,3.0,1.0,1.0,0.0,1.0,2.0,0.0,0.0,0.0,0.0,0.0,0.0,0.0,0.0,0.0,0.0,0.0,0.0,0.0,0.0,,
2365,Chris Andersen,Chris,1610612763,MEM,37.0,1,0,1,0.0,17.436666666666667,1,3,0.333,0,0,0.0,0,0,0.0,3,6,9,1,1,1,1,0,1,0,2,-14,19.3,0,0,16.0,1,48,48,48,60,61,62,58,39,56,39,43,44,43,2,11,9,33,24,15,8,1,19,61,71,78,36,9,1,38,,83,0.265,3.0,72.1,67.6,111.4,0.142,0.462,91,20.0,34,0.143,37,2,3,0.333,21,76.85,61,67.6,83,89.58,28,80,1.0,75,0.125,35,92.22,112.1,112.1,5,71,1.0,49,92.22,63,20.0,83,-44.5,-39.3,0.108,0.333,89,43,83,39,43,77,62,30,91,-44.5,0.103,37,20.0,2.0,0.0,0.042,3.0,24.0,0.042,0.0,12.0,1.0,0.0,0.0,0.0,0.0,0.0,0.0,0.0,0.0,0.0,0.0,0.0,0.0,0.0,0.0,0.0,0.0,0.0,1.0,4.0,30.0,2.0,0.7,0.0,0.5,1.49,0.0,0.0,14.0,0.067,0.1,5.0,3.6,6.0,3.5,4.0,0.0,1.0,0.0,1.0,1.0,1.0,9.0,3.0,0.0,4.0,0.0,2.0,1.0,0.333,1.0,3.0,1.0,0.556,4.0,0.0,0.0,1.0,0.333,0.0,0.0,0.0,0.0,1.0,MEM,0.0,0.333,0.0,1.0,1610612763.0,,1.0,0.333,0.0,1.0,0.0,1.0,0.333,1.0,1.0,,1.0,1.0,0.0,1.0,0.0,0.0,0.0,0.333,0.0,0.0,0.0,0.0,0.333,1.0,0.0,,,,,,,,,,,,,,,0.0,,0.0,,,,,0.0,0.0,0.0,0.0,0.0,0.333,0.0,0.5,0.0,2.0,0.0,,0.0,0.0,0.0,0.0,0.0,0.0,0.0,0.0,0.0,0.0,0.0,1.0,0.0,0.0,0.0,,0.0,,1.0,0.0,2.0,0.5,F-C,1.0,1.0,0.5,1.0,0.654,0.346,1.0,0.0,,0.5,,,,0.0,0.0,1.0,,0.0,,,0.0,0.0,0.0,0.0,2.0,0.0,0.0,,,0.0,0.0,MEM,0.0,0.0,1.0,,,,0.0,0.0,2016,41500151,,SAS,MEM,20160417.0,2015-16,True,MEM,SAS,1610612759.0,MEM_SAS_2016,1.0,1.0,2.0,0.5,0.488,0.012,,,,,,,1.0,1.0,2.0,0.5,0.499,0.001,0.5,1.0,1.0,1.0,0.654,0.346,1.0,1.0,2.0,0.5,0.557,-0.057,,,,,,,1610612763.0,MEM,30.0,0.0,0.0,0.0,0.0,0.0,0.0,0.0,0.0,0.0,0.0,0.0,0.0,0.0,0.0,0.0,0.0,0.0,1610612763.0,MEM,17.43,5983.0,1.13,0.62,0.52,3.8,4.02,3.55,4.0,4.0,0.0,1.0,0.0,1.0,3.0,0.0,0.0,0.0,0.0,0.0,0.0,0.0,0.0,0.0,0.0,0.0,0.0,0.0,0.0,1610612763.0,MEM
2365,Chris Andersen,Chris,1610612763,MEM,37.0,1,0,1,0.0,23.69333333333333,1,5,0.2,0,0,0.0,5,8,0.625,8,5,13,2,1,1,1,0,1,6,7,1,30.6,0,0,26.0,1,45,45,45,38,61,53,68,45,58,45,3,4,36,1,18,2,24,24,13,9,1,12,4,43,38,20,11,1,23,,48,0.295,5.0,115.1,120.5,121.2,0.15,0.227,15,8.3,44,0.364,64,15,2,0.411,12,75.13,61,120.5,35,90.11,23,52,2.0,45,0.105,68,90.15,115.6,115.6,1,58,1.0,64,90.15,70,16.7,45,4.9,-6.0,0.176,0.2,22,56,35,47,56,41,53,35,15,4.9,0.185,64,8.7,3.0,0.0,0.057,6.0,35.0,0.057,0.0,18.0,2.0,0.0,0.0,0.0,0.0,0.0,0.0,0.0,0.0,0.0,0.0,0.0,0.0,0.0,0.0,0.0,0.0,0.0,3.0,13.0,46.0,7.0,1.2,0.667,0.538,1.54,0.0,1.0,24.0,0.152,0.26,8.0,3.8,12.0,2.6,3.0,1.0,0.565,1.0,0.75,0.727,0.455,23.0,6.0,2.0,5.0,0.0,2.0,0.727,0.4,0.591,11.0,0.417,0.615,4.6,,,,,,,,,,,,,,,,,3.0,0.6,0.0,0.333,0.0,1.0,0.6,3.0,0.333,,1.0,0.333,0.0,2.0,0.0,0.0,0.0,0.4,0.0,0.0,0.0,0.0,0.4,2.0,0.0,,,,,,,,,,,,,,,0.0,,0.0,,,,,0.0,0.0,0.0,2.0,0.0,0.2,0.0,0.25,0.0,7.0,0.0,0.0,0.0,0.0,0.0,0.0,0.0,0.0,0.0,0.0,0.0,0.0,0.0,1.0,0.0,0.0,0.0,0.0,0.0,0.0,1.0,0.0,4.0,0.25,F-C,8.0,6.0,0.421,0.75,0.648,0.102,1.0,0.0,,0.25,,,0.0,0.0,0.0,1.0,0.0,0.0,,0.0,0.0,0.0,0.0,0.0,4.0,0.0,0.0,,,0.0,0.0,MEM,0.0,0.0,1.0,,,,0.0,0.0,2016,41500154,,MEM,SAS,20160424.0,2015-16,True,MEM,SAS,1610612759.0,MEM_SAS_2016,1.0,5.0,6.0,0.833,0.489,0.344,,,,,,,1.0,5.0,6.0,0.833,0.503,0.33,0.667,4.0,4.0,1.0,0.665,0.335,0.667,4.0,4.0,1.0,0.58,0.42,,,,,,,1610612763.0,MEM,46.0,1.0,0.0,0.0,0.0,0.0,0.0,0.0,0.0,0.0,1.0,1.0,0.0,0.0,0.0,0.0,0.0,0.0,1610612763.0,MEM,23.7,8111.0,1.54,0.84,0.7,3.82,4.09,3.55,6.0,6.0,0.0,2.0,0.0,3.0,6.0,0.0,0.0,0.0,0.0,0.0,0.0,0.0,0.0,0.0,0.0,0.0,0.0,0.0,0.0,1610612763.0,MEM
2365,Chris Andersen,Chris,1610612763,MEM,37.0,1,0,1,0.0,13.75,1,2,0.5,0,0,0.0,0,0,0.0,0,1,1,0,1,0,1,0,1,0,2,-9,5.2,0,0,5.0,1,30,30,30,46,42,45,20,27,40,27,30,34,30,26,44,44,45,13,27,11,1,10,43,46,50,49,8,1,49,,55,0.04,2.0,78.5,80.8,103.9,0.01,0.071,53,33.3,26,0.0,22,41,43,0.5,35,78.55,42,80.8,52,97.12,48,49,0.0,47,0.0,28,94.25,107.1,107.1,26,33,1.0,19,94.25,27,0.0,55,-26.4,-25.4,0.108,0.5,54,28,52,45,28,46,45,45,53,-26.4,0.107,22,33.3,2.0,0.0,0.0,0.0,14.0,0.0,0.0,11.0,0.0,0.0,0.0,0.0,0.0,0.0,0.0,0.0,0.0,0.0,0.0,0.0,0.0,0.0,0.0,0.0,0.0,0.0,2.0,1.0,16.0,2.0,0.5,0.0,2.0,1.79,0.0,0.0,10.0,0.125,0.31,0.0,1.8,7.0,1.8,1.0,2.0,0.125,2.0,0.0,0.0,0.2,8.0,0.0,0.0,1.0,0.0,0.0,0.0,0.0,0.167,1.0,0.143,0.0,0.0,,,,,,,,,,,,,,,,,,,,,,,,,,,,,,1.0,0.0,0.0,0.0,0.5,0.0,0.0,0.0,0.0,0.5,1.0,0.0,,0.5,0.0,1.0,0.5,0.0,0.0,1.0,,1.0,1.0,1.0,1.0,1.0,0.0,,0.0,,,,,0.0,0.0,0.0,0.0,0.0,0.5,0.0,1.0,0.0,2.0,0.0,0.0,0.0,0.0,0.0,0.0,0.0,0.0,0.0,0.0,0.0,0.0,0.0,1.0,0.0,0.0,0.0,0.0,0.0,0.0,1.0,0.0,1.0,1.0,F-C,4.0,2.0,0.308,0.5,0.631,-0.131,1.0,0.0,,1.0,0.0,,0.0,0.0,0.0,1.0,0.0,0.0,,0.0,0.0,0.0,0.0,0.0,1.0,0.0,0.0,0.0,0.0,0.0,0.0,MEM,0.0,0.0,0.0,,,,,0.0,2016,41500153,,MEM,SAS,20160422.0,2015-16,True,MEM,SAS,1610612759.0,MEM_SAS_2016,1.0,2.0,6.0,0.333,0.505,-0.172,0.167,0.0,1.0,0.0,0.382,-0.382,0.833,2.0,5.0,0.4,0.537,-0.137,0.333,0.0,2.0,0.0,0.626,-0.626,0.5,1.0,3.0,0.333,0.599,-0.266,0.167,0.0,1.0,0.0,0.39,-0.39,1610612763.0,MEM,16.0,0.0,0.0,0.0,0.0,0.0,0.0,0.0,0.0,0.0,0.0,0.0,0.0,0.0,0.0,0.0,0.0,0.0,1610612763.0,MEM,13.75,4814.0,0.91,0.48,0.43,3.95,4.33,3.56,4.0,3.0,1.0,1.0,0.0,1.0,2.0,0.0,0.0,0.0,0.0,0.0,0.0,0.0,0.0,0.0,0.0,0.0,0.0,0.0,0.0,1610612763.0,MEM
2365,Chris Andersen,Chris,1610612763,MEM,37.0,1,0,1,0.0,23.933333333333334,2,2,1.0,0,0,0.0,0,0,0.0,2,6,8,0,2,0,0,0,1,0,4,-11,11.6,0,0,12.0,1,26,26,26,18,25,40,1,16,32,16,24,25,24,4,7,4,34,7,22,23,1,15,31,28,39,34,2,1,33,,48,0.17,2.0,76.2,75.0,99.8,0.114,0.316,29,50.0,44,0.071,48,2,6,1.0,25,73.54,25,75.0,35,87.64,22,37,0.0,47,0.0,39,88.25,100.0,100.0,7,1,2.0,43,88.25,1,0.0,48,-25.0,-23.6,0.078,1.0,31,40,35,34,40,47,40,34,29,-25.0,0.077,48,50.0,2.0,0.0,0.0,0.0,24.0,0.0,0.0,11.0,0.0,0.0,0.0,0.0,0.0,0.0,0.0,0.0,0.0,0.0,0.0,0.0,0.0,0.0,0.0,0.0,0.0,0.0,1.0,3.0,28.0,4.0,0.8,0.0,1.333,1.61,0.0,0.0,13.0,0.143,0.18,4.0,2.9,9.0,3.4,2.0,1.0,0.571,1.0,0.5,0.4,0.75,14.0,1.0,1.0,3.0,0.0,3.0,0.4,0.5,0.615,5.0,0.667,0.5,1.9,1.0,0.0,1.0,0.5,0.0,0.0,1.0,1.0,1.0,MEM,1.0,0.5,1.0,1.0,1610612763.0,,1.0,0.5,0.0,1.0,0.0,1.0,0.5,1.0,1.0,,1.0,1.0,0.0,,,,,,,,,,,,,,,,,,,,,,,,,,,0.0,,0.0,,,,,0.0,0.0,0.0,0.0,0.0,1.0,0.0,1.0,0.0,4.0,0.0,,0.0,0.0,0.0,0.0,0.0,0.0,0.0,0.0,0.0,0.0,0.0,2.0,0.0,0.0,0.0,,0.0,,0.0,0.0,2.0,1.0,F-C,2.0,2.0,0.286,1.0,0.637,0.363,0.0,0.0,,1.0,,,,0.0,0.0,2.0,,0.0,,,0.0,0.0,0.0,0.0,2.0,0.0,0.0,,,0.0,0.0,MEM,0.0,0.0,0.0,,,,,0.0,2016,41500152,,SAS,MEM,20160419.0,2015-16,True,MEM,SAS,1610612759.0,MEM_SAS_2016,1.0,2.0,5.0,0.4,0.48,-0.08,0.2,0.0,1.0,0.0,0.368,-0.368,0.8,2.0,4.0,0.5,0.525,-0.025,0.2,1.0,1.0,1.0,0.62,0.38,0.4,1.0,2.0,0.5,0.615,-0.115,0.6,1.0,3.0,0.333,0.396,-0.063,1610612763.0,MEM,28.0,0.0,0.0,0.0,0.0,0.0,0.0,0.0,0.0,0.0,0.0,0.0,0.0,0.0,0.0,0.0,0.0,0.0,1610612763.0,MEM,23.93,8332.0,1.58,0.87,0.71,4.02,4.33,3.67,5.0,4.0,1.0,0.0,0.0,2.0,4.0,0.0,0.0,1.0,0.0,0.0,0.0,0.0,0.0,0.0,0.0,0.0,0.0,0.0,0.0,1610612763.0,MEM
2365,Chris Andersen,Chris,1610612739,CLE,38.0,1,0,1,0.0,19.526666666666667,1,3,0.333,0,0,0.0,0,0,0.0,0,4,4,0,0,1,1,0,4,1,2,4,12.8,0,0,10.0,1,110,110,110,133,158,167,136,100,151,100,125,134,125,113,44,77,156,130,37,21,1,184,102,176,61,145,15,2,156,,1,0.121,3.0,114.6,115.4,102.3,0.022,0.19,69,0.0,39,0.0,92,48,50,0.333,104,80.91,158,115.4,58,97.54,176,62,0.0,199,0.0,80,97.1,102.5,102.5,113,175,1.0,87,97.1,157,0.0,1,12.9,12.3,0.076,0.333,83,92,58,156,92,198,167,156,69,12.9,0.077,92,0.0,2.0,0.0,0.0,0.0,18.0,0.0,0.0,12.0,0.0,0.0,0.0,0.0,0.0,0.0,0.0,0.0,0.0,0.0,0.0,0.0,0.0,0.0,0.0,0.0,0.0,0.0,1.0,2.0,22.0,2.0,0.7,0.0,1.0,1.85,0.0,0.0,13.0,0.091,0.36,1.0,3.4,7.0,3.4,3.0,1.0,0.364,1.0,0.0,0.0,0.667,11.0,0.0,0.0,3.0,0.0,1.0,0.0,0.25,0.4,4.0,0.571,0.25,0.0,,,,,,,,,,,,,,,,,1.0,0.333,0.0,0.0,0.0,0.0,0.333,1.0,0.0,,0.0,0.0,0.0,,,,,,,,,,,,,,0.667,0.0,1.0,0.667,0.0,0.0,0.5,,0.5,2.0,2.0,0.5,1.0,0.0,,0.0,,,,,0.0,0.0,0.0,0.0,0.0,0.333,0.0,1.0,0.0,2.0,0.0,0.0,0.0,0.0,0.0,0.0,0.0,0.0,0.0,0.0,0.0,0.0,0.0,1.0,0.0,0.0,0.0,0.0,0.0,0.0,1.0,0.0,2.0,0.5,F-C,33.0,18.0,0.579,0.545,0.629,-0.083,0.0,0.0,,0.5,,,0.0,0.0,0.0,1.0,0.0,0.0,,0.0,0.0,0.0,0.0,1.0,2.0,0.0,0.0,,,0.0,0.0,CLE,0.0,0.0,1.0,,,,0.0,0.0,2017,21600379,,MEM,CLE,20161214.0,2016-17,False,CLE,MEM,,,1.0,3.0,9.0,0.333,0.437,-0.103,0.222,1.0,2.0,0.5,0.244,0.257,0.778,2.0,7.0,0.286,0.453,-0.167,0.222,1.0,2.0,0.5,0.553,-0.053,0.333,1.0,3.0,0.333,0.518,-0.185,0.556,2.0,5.0,0.4,0.328,0.072,,,22.0,0.0,0.0,0.0,0.0,0.0,0.0,0.0,0.0,0.0,0.0,0.0,0.0,0.0,0.0,0.0,0.0,0.0,,,19.53,6693.0,1.27,0.6,0.66,4.0,4.37,3.74,11.0,10.0,1.0,3.0,0.0,7.0,17.0,0.0,0.0,0.0,0.0,0.0,0.0,0.0,0.0,0.0,0.0,0.0,0.0,0.0,0.0,,
2365,Chris Andersen,Chris,1610612739,CLE,38.0,1,1,0,1.0,4.016666666666667,1,3,0.333,0,1,0.0,0,0,0.0,0,1,1,0,0,0,1,0,0,0,2,-8,6.2,0,0,5.0,1,1,1,1,270,204,217,186,143,165,143,158,169,158,143,190,211,208,185,135,29,1,1,201,228,217,239,21,2,245,,1,0.111,3.0,63.6,66.7,148.3,0.07,0.333,269,0.0,9,0.0,45,19,87,0.333,141,89.63,204,66.7,286,112.81,172,287,0.0,21,0.0,275,107.55,155.6,155.6,143,222,1.0,16,107.55,203,0.0,1,-88.9,-84.7,0.318,0.333,273,279,286,208,279,24,217,208,269,-88.9,0.3,45,0.0,0.0,0.0,0.0,0.0,6.0,0.0,0.0,5.0,0.0,0.0,1.0,2.0,1.0,0.0,0.0,0.0,0.0,0.0,0.0,0.0,1.0,0.0,0.0,1.0,0.0,2.0,0.0,0.0,9.0,2.0,0.3,0.0,0.0,2.3,0.0,0.0,5.0,0.222,0.22,0.0,3.6,2.0,3.6,1.0,0.0,0.5,0.0,0.0,0.0,0.5,2.0,0.0,0.0,1.0,0.0,0.0,0.0,0.0,0.5,0.0,0.5,0.0,0.0,1.0,0.0,1.0,0.333,0.0,0.0,1.0,1.0,1.0,,1.0,0.333,1.0,1.0,,,,,,,,,,,,,,,,,,,,,,,,,,,,,0.667,0.0,0.0,0.333,1.0,0.333,0.0,0.0,0.0,1.0,2.0,0.0,0.0,0.0,0.0,0.0,,,,0.0,0.0,0.0,0.0,0.0,0.0,0.333,0.0,0.0,0.0,0.0,,,0.0,,1.0,1.0,1.0,0.0,,,,,1.0,0.0,,,0.0,,,,1.0,0.0,0.0,0.0,F-C,10.0,4.0,0.667,0.4,0.604,-0.204,1.0,0.0,,0.0,,,,1.0,0.0,0.0,,1.0,,,0.0,0.0,1.0,0.0,0.0,1.0,0.0,,,0.0,0.0,CLE,0.0,0.0,1.0,,0.0,0.0,0.0,0.0,2017,21600215,,CLE,POR,20161123.0,2016-17,False,CLE,POR,,,1.0,2.0,3.0,0.667,0.454,0.212,,,,,,,1.0,2.0,3.0,0.667,0.491,0.176,1.0,2.0,3.0,0.667,0.599,0.068,1.0,2.0,3.0,0.667,0.562,0.105,,,,,,,,,9.0,0.0,0.0,0.0,0.0,0.0,0.0,0.0,0.0,0.0,0.0,0.0,0.0,0.0,0.0,0.0,0.0,0.0,,,4.02,1489.0,0.28,0.16,0.12,4.48,5.33,3.4,3.0,3.0,0.0,0.0,0.0,1.0,2.0,0.0,0.0,0.0,0.0,0.0,0.0,0.0,0.0,0.0,0.0,0.0,0.0,0.0,0.0,,
2365,Chris Andersen,Chris,1610612739,CLE,38.0,1,1,0,1.0,12.15,1,1,1.0,0,0,0.0,2,2,1.0,1,3,4,0,0,1,2,0,4,1,4,11,17.8,0,0,14.0,1,1,1,1,158,138,173,1,95,136,95,51,70,1,44,77,75,142,107,29,7,1,158,91,139,29,103,12,2,116,,1,0.118,1.0,119.0,112.0,72.6,0.175,0.136,60,0.0,25,0.083,114,92,46,1.064,86,79.01,138,112.0,11,92.68,30,8,0.0,172,0.0,10,94.81,73.9,73.9,24,3,1.0,132,94.81,2,0.0,1,38.1,46.4,0.074,1.0,37,11,11,142,11,174,173,142,60,38.1,0.069,114,0.0,2.0,0.0,0.0,0.0,15.0,0.0,0.0,8.0,0.0,0.0,0.0,0.0,0.0,0.0,0.0,0.0,0.0,0.0,0.0,0.0,0.0,0.0,0.0,0.0,0.0,0.0,1.0,2.0,18.0,4.0,0.4,2.0,2.0,1.37,0.0,0.0,9.0,0.222,0.44,2.0,6.2,9.0,7.4,2.0,1.0,0.333,1.0,1.0,0.333,0.375,12.0,1.0,0.0,2.0,0.0,1.0,0.333,0.333,0.364,3.0,0.333,0.5,2.8,,,,,,,,,,,,,,,,,1.0,1.0,0.0,1.0,0.0,1.0,1.0,1.0,1.0,,1.0,1.0,0.0,,,,,,,,,,,,,,,,,,,,,,,,,,,0.0,,0.0,,,,,0.0,0.0,0.0,2.0,0.0,1.0,0.0,1.0,0.0,4.0,0.0,,0.0,0.0,0.0,0.0,0.0,0.0,0.0,0.0,0.0,0.0,0.0,1.0,0.0,0.0,0.0,,0.0,,0.0,0.0,1.0,1.0,F-C,30.0,16.0,0.652,0.533,0.635,-0.102,0.0,0.0,,1.0,,,,0.0,0.0,1.0,,0.0,,,0.0,0.0,0.0,0.0,1.0,0.0,0.0,,,0.0,0.0,CLE,0.0,0.0,0.0,,,,,0.0,2017,21600338,,CLE,MIA,20161209.0,2016-17,False,CLE,MIA,,,1.0,1.0,8.0,0.125,0.514,-0.389,,,,,,,1.0,1.0,8.0,0.125,0.539,-0.414,0.75,1.0,6.0,0.167,0.641,-0.474,1.0,1.0,8.0,0.125,0.584,-0.459,,,,,,,,,18.0,0.0,0.0,0.0,0.0,0.0,0.0,0.0,0.0,0.0,0.0,0.0,0.0,0.0,0.0,0.0,0.0,0.0,,,12.15,4211.0,0.8,0.37,0.43,3.95,4.56,3.5,5.0,5.0,0.0,1.0,0.0,1.0,2.0,0.0,0.0,0.0,0.0,0.0,0.0,0.0,0.0,0.0,0.0,0.0,0.0,0.0,0.0,,
2365,Chris Andersen,Chris,1610612739,CLE,38.0,1,1,0,1.0,18.8,2,4,0.5,0,1,0.0,0,0,0.0,3,3,6,3,2,0,0,0,4,1,4,8,13.7,0,0,13.0,1,1,1,1,211,188,234,99,158,193,158,161,182,161,13,116,68,69,58,149,105,1,288,146,222,68,205,29,2,200,,282,0.167,4.0,136.4,137.8,117.7,0.042,0.158,8,22.2,37,0.176,213,118,43,0.5,81,79.79,188,137.8,52,94.37,243,66,1.5,251,0.2,261,95.74,113.2,113.2,10,170,2.0,242,95.74,139,33.3,279,24.7,18.6,0.142,0.5,9,230,52,93,230,248,234,30,8,24.7,0.14,213,22.2,1.0,0.0,0.087,6.0,23.0,0.13,0.0,10.0,2.0,0.0,0.0,0.0,0.0,0.0,0.0,0.0,0.0,0.0,0.0,0.0,0.0,0.0,0.0,0.0,0.0,0.0,3.0,5.0,29.0,4.0,0.7,0.667,0.4,1.54,0.0,1.0,13.0,0.138,0.45,3.0,3.4,9.0,4.3,3.0,2.0,0.4,2.0,1.0,0.5,0.429,15.0,3.0,0.0,3.0,0.0,0.0,0.5,0.0,0.462,6.0,0.333,0.5,2.4,0.5,0.0,1.0,0.5,0.0,0.0,1.0,1.0,2.0,,0.5,0.5,0.5,2.0,,,1.0,0.25,0.0,1.0,0.0,1.0,0.25,1.0,1.0,,1.0,1.0,0.0,,,,,,,,,,,,,,0.25,0.0,0.0,0.0,1.0,0.25,,0.0,0.0,0.0,1.0,0.0,0.0,0.0,0.0,0.0,,,,0.0,0.0,0.0,1.0,2.0,0.0,0.5,0.0,0.5,0.0,2.0,0.0,0.0,0.0,0.0,0.0,0.0,1.0,0.0,0.0,0.0,0.0,0.0,0.0,2.0,0.0,0.0,0.0,0.0,0.0,0.0,0.0,0.0,3.0,0.667,F-C,17.0,11.0,0.68,0.647,0.63,0.017,0.0,0.0,,0.667,,,0.0,1.0,0.0,2.0,0.0,0.0,,0.0,0.0,0.0,0.0,0.0,3.0,0.0,0.0,,,0.0,0.0,CLE,0.0,0.0,1.0,0.0,1.0,0.0,0.0,0.0,2017,21600227,,CLE,DAL,20161125.0,2016-17,False,CLE,DAL,,,1.0,8.0,10.0,0.8,0.458,0.342,0.1,0.0,1.0,0.0,0.421,-0.421,0.9,8.0,9.0,0.889,0.525,0.364,0.7,7.0,7.0,1.0,0.669,0.331,0.7,7.0,7.0,1.0,0.618,0.382,0.3,1.0,3.0,0.333,0.378,-0.045,,,29.0,1.0,0.0,0.0,0.0,0.0,0.0,0.0,0.0,0.0,0.0,0.0,0.0,0.0,1.0,1.0,0.0,0.0,,,18.8,6529.0,1.24,0.67,0.57,3.83,4.43,3.87,6.0,5.0,1.0,0.0,0.0,6.0,15.0,0.0,0.0,1.0,0.0,0.0,0.0,0.0,0.0,0.0,0.0,0.0,0.0,0.0,0.0,,
2365,Chris Andersen,Chris,1610612739,CLE,38.0,1,0,1,0.0,10.933333333333334,0,1,0.0,0,0,0.0,2,2,1.0,0,3,3,1,0,0,0,1,2,1,2,2,7.1,0,0,6.0,1,69,69,69,112,120,122,120,67,100,67,28,35,1,59,43,54,68,86,67,42,102,72,58,110,49,114,12,2,114,,1,0.167,1.0,116.4,122.7,113.2,0.065,0.375,23,0.0,22,0.0,79,4,19,0.532,64,80.49,120,122.7,50,99.4,90,57,0.0,134,0.111,91,96.59,113.6,113.6,59,68,0.0,52,96.59,120,33.3,1,9.1,3.2,0.075,0.0,28,85,50,68,85,133,122,12,23,9.1,0.08,79,0.0,1.0,0.0,0.077,3.0,13.0,0.077,0.0,9.0,1.0,0.0,0.0,0.0,0.0,0.0,0.0,1.0,0.0,0.0,1.0,0.0,1.0,0.0,0.0,0.0,0.0,0.0,0.0,1.0,15.0,2.0,0.4,0.0,0.0,1.65,0.0,0.0,9.0,0.133,0.4,0.0,3.4,4.0,3.4,3.0,0.0,0.5,0.0,0.0,0.0,0.75,6.0,0.0,0.0,3.0,0.0,0.0,0.0,0.0,0.5,2.0,0.75,0.0,0.0,,,,,,,,,,,,,,,,,,,,,,,,,,,,,,,,,,,,,,,,,,,,,,,,,,,,,,,,0.0,,0.0,,,,,0.0,0.0,0.0,0.0,0.0,0.0,0.0,0.0,0.0,0.0,0.0,,0.0,0.0,0.0,0.0,0.0,0.0,0.0,0.0,0.0,0.0,0.0,0.0,0.0,0.0,0.0,,0.0,,0.0,0.0,1.0,0.0,F-C,20.0,14.0,0.645,0.7,0.63,0.07,0.0,0.0,,0.0,,,0.0,0.0,0.0,0.0,0.0,0.0,,0.0,0.0,0.0,0.0,0.0,1.0,0.0,0.0,,,0.0,0.0,CLE,0.0,0.0,0.0,,,,,0.0,2017,21600262,,MIL,CLE,20161129.0,2016-17,False,CLE,MIL,,,1.0,4.0,6.0,0.667,0.494,0.173,,,,,,,1.0,4.0,6.0,0.667,0.529,0.138,0.5,3.0,3.0,1.0,0.626,0.374,0.5,3.0,3.0,1.0,0.579,0.421,0.333,1.0,2.0,0.5,0.337,0.163,,,15.0,0.0,0.0,0.0,0.0,0.0,0.0,0.0,0.0,0.0,0.0,0.0,0.0,0.0,0.0,0.0,0.0,0.0,,,10.93,3723.0,0.71,0.36,0.35,3.84,4.66,3.12,4.0,4.0,0.0,0.0,0.0,2.0,5.0,0.0,0.0,0.0,0.0,0.0,0.0,0.0,0.0,0.0,0.0,0.0,0.0,0.0,0.0,,
2365,Chris Andersen,Chris,1610612739,CLE,38.0,1,1,0,1.0,9.266666666666667,0,5,0.0,0,1,0.0,2,2,1.0,2,2,4,0,1,1,1,1,2,2,2,-10,11.8,0,0,10.0,1,1,1,1,190,195,135,195,100,120,100,50,56,1,22,109,71,147,79,38,23,155,114,61,179,189,141,18,2,150,,168,0.182,5.0,65.2,64.7,121.5,-0.086,0.2,214,14.3,17,0.167,207,50,20,0.17,113,75.54,195,64.7,217,88.47,221,217,0.0,11,0.0,191,90.65,116.7,116.7,10,200,0.0,206,90.65,195,0.0,163,-52.0,-56.4,0.346,0.0,212,174,217,147,174,10,135,147,214,-52.0,0.35,207,14.5,0.0,0.0,0.0,0.0,12.0,0.0,0.0,9.0,0.0,0.0,1.0,1.0,0.0,0.5,0.0,0.0,2.0,2.0,0.0,0.0,2.0,1.0,1.0,0.0,0.0,2.0,1.0,2.0,20.0,2.0,0.5,0.0,0.0,1.51,0.0,0.0,10.0,0.1,0.25,4.0,7.5,5.0,3.0,0.0,1.0,0.444,1.0,1.0,0.5,0.5,9.0,2.0,0.0,0.0,0.0,2.0,0.5,1.0,0.5,4.0,0.4,1.0,11.9,0.0,0.0,1.0,0.25,0.0,0.0,0.0,0.0,1.0,,0.0,0.25,0.0,1.0,,,2.0,0.5,0.0,0.0,0.0,0.0,0.5,2.0,0.0,,0.0,0.0,0.0,,,,,,,,,,,,,,0.25,0.0,0.0,0.0,1.0,0.25,,0.0,0.0,0.0,1.0,0.0,0.0,0.0,0.0,0.0,0.0,0.0,,0.0,1.0,0.0,0.0,0.0,0.0,0.0,0.0,0.0,0.0,0.0,0.0,,0.0,0.0,0.0,0.0,1.0,0.0,,0.0,,,0.0,0.0,0.0,0.0,0.0,,0.0,,1.0,0.0,3.0,0.0,F-C,7.0,2.0,0.583,0.286,0.606,-0.32,0.0,0.0,,0.0,0.0,,,0.0,0.0,0.0,,0.0,,,0.0,0.0,0.0,1.0,3.0,0.0,0.0,0.0,0.0,0.0,0.0,CLE,0.0,1.0,1.0,0.0,1.0,0.0,0.0,0.0,2017,21600175,,CLE,DET,20161118.0,2016-17,False,CLE,DET,,,1.0,2.0,5.0,0.4,0.518,-0.118,,,,,,,1.0,2.0,5.0,0.4,0.528,-0.128,0.8,1.0,4.0,0.25,0.662,-0.412,1.0,2.0,5.0,0.4,0.575,-0.175,,,,,,,,,20.0,0.0,0.0,0.0,0.0,0.0,0.0,0.0,0.0,0.0,0.0,0.0,0.0,0.0,0.0,0.0,0.0,0.0,,,9.27,3258.0,0.62,0.33,0.29,3.89,3.93,3.86,5.0,4.0,1.0,3.0,0.0,0.0,0.0,0.0,0.0,0.0,0.0,0.0,0.0,0.0,0.0,0.0,0.0,0.0,0.0,0.0,0.0,,
2365,Chris Andersen,Chris,1610612739,CLE,38.0,1,1,0,1.0,5.566666666666666,1,1,1.0,0,0,0.0,0,0,0.0,0,0,0,0,0,0,1,0,0,0,2,1,5.0,0,0,4.0,1,1,1,1,63,42,61,1,33,50,33,32,33,32,32,60,61,50,44,34,6,1,1,44,46,28,58,7,2,63,,1,0.0,1.0,109.4,100.0,93.2,0.1,0.0,42,0.0,13,0.0,6,60,61,1.0,35,93.41,42,100.0,26,106.75,32,23,0.0,62,0.0,18,112.1,92.3,92.3,32,4,1.0,11,112.1,4,0.0,1,7.7,16.3,0.084,1.0,34,17,26,50,17,62,61,50,42,7.7,0.077,6,0.0,0.0,0.0,0.0,0.0,2.0,0.0,0.0,3.0,0.0,0.0,0.0,0.0,0.0,0.0,0.0,0.0,0.0,0.0,0.0,0.0,0.0,0.0,0.0,0.0,0.0,0.0,0.0,1.0,5.0,2.0,0.3,0.0,0.0,3.44,0.0,0.0,3.0,0.4,0.6,,,,,,,,,,,,,,,,,,,,,,,,,,,,,,,,,,,,,,,,,1.0,1.0,0.0,1.0,0.0,1.0,1.0,1.0,1.0,,1.0,1.0,0.0,,,,,,,,,,,,,,,,,,,,,,,,,,,1.0,,2.0,1.0,1.0,,,1.0,0.0,0.0,0.0,0.0,1.0,0.0,0.0,0.0,0.0,,0.0,1.0,,0.0,0.0,0.0,0.0,,,,,0.0,0.0,,,0.0,0.0,,0.0,1.0,1.0,0.0,0.0,F-C,1.0,0.0,0.5,0.0,0.532,-0.532,1.0,0.0,,0.0,,,0.0,0.0,0.0,0.0,0.0,0.0,,0.0,1.0,0.0,0.0,0.0,0.0,0.0,0.0,,,0.0,1.0,CLE,0.0,0.0,0.0,,,,,0.0,2017,21600001,,CLE,NYK,20161025.0,2016-17,False,CLE,NYK,,,1.0,0.0,2.0,0.0,0.45,-0.45,0.5,0.0,1.0,0.0,0.118,-0.118,0.5,0.0,1.0,0.0,0.45,-0.45,0.5,0.0,1.0,0.0,0.532,-0.532,0.5,0.0,1.0,0.0,0.5,-0.5,0.5,0.0,1.0,0.0,0.38,-0.38,,,5.0,0.0,0.0,0.0,0.0,0.0,0.0,0.0,0.0,0.0,0.0,0.0,0.0,0.0,0.0,0.0,0.0,0.0,,,5.57,2158.0,0.41,0.23,0.18,4.32,3.72,5.14,2.0,1.0,1.0,0.0,0.0,1.0,2.0,0.0,0.0,0.0,0.0,0.0,0.0,0.0,0.0,0.0,0.0,0.0,0.0,0.0,0.0,,
2365,Chris Andersen,Chris,1610612739,CLE,38.0,1,1,0,1.0,8.916666666666666,2,2,1.0,0,0,0.0,2,4,0.5,1,1,2,1,0,1,0,0,2,2,6,3,12.9,0,0,11.0,1,1,1,1,179,107,174,1,84,147,84,53,35,80,34,141,124,95,129,33,69,1,88,60,110,81,127,10,1,130,,1,0.095,2.0,93.8,100.0,80.5,0.367,0.083,104,0.0,18,0.111,75,139,77,0.798,103,82.99,107,100.0,43,101.85,2,67,0.0,97,0.2,26,99.59,78.9,78.9,20,18,2.0,69,99.59,3,20.0,1,21.1,13.3,0.186,1.0,142,22,43,53,22,77,174,65,104,21.1,0.2,75,0.0,0.0,0.0,0.125,3.0,8.0,0.125,0.0,4.0,1.0,0.0,0.0,0.0,0.0,0.0,0.0,0.0,0.0,0.0,0.0,0.0,0.0,0.0,0.0,0.0,0.0,0.0,0.0,1.0,11.0,6.0,0.2,0.0,2.0,0.94,0.0,0.0,5.0,0.545,0.27,1.0,3.6,4.0,4.0,1.0,0.0,0.333,0.0,1.0,0.5,0.25,6.0,1.0,0.0,1.0,0.0,0.0,0.5,0.0,0.333,2.0,0.25,0.5,3.2,,,,,,,,,,,,,,,,,1.0,0.5,0.0,1.0,0.0,1.0,0.5,1.0,1.0,,1.0,1.0,0.0,1.0,0.0,1.0,0.0,0.5,1.0,1.0,1.0,0.0,0.5,1.0,1.0,,,,,,,,,,,,,,,0.0,,0.0,,,,,0.0,0.0,0.0,0.0,0.0,1.0,0.0,1.0,0.0,2.0,,,0.0,,0.0,0.0,0.0,0.0,,,,,0.0,2.0,,,0.0,,,,0.0,0.0,2.0,1.0,F-C,2.0,0.0,0.4,0.0,0.488,-0.488,0.0,0.0,,1.0,0.0,,,0.0,0.0,2.0,,0.0,,,0.0,0.0,0.0,0.0,2.0,0.0,0.0,0.0,0.0,0.0,0.0,CLE,0.0,0.0,0.0,,,,,0.0,2017,21600029,,CLE,ORL,20161029.0,2016-17,False,CLE,ORL,,,1.0,1.0,3.0,0.333,0.39,-0.056,0.333,0.0,1.0,0.0,0.299,-0.299,0.667,1.0,2.0,0.5,0.451,0.05,0.333,0.0,1.0,0.0,0.443,-0.443,0.667,1.0,2.0,0.5,0.468,0.032,0.333,0.0,1.0,0.0,0.301,-0.301,,,11.0,0.0,0.0,0.0,0.0,0.0,0.0,0.0,0.0,0.0,0.0,0.0,0.0,0.0,0.0,0.0,0.0,0.0,,,8.92,3239.0,0.61,0.31,0.31,4.05,4.69,3.56,3.0,3.0,0.0,1.0,0.0,1.0,2.0,0.0,0.0,0.0,0.0,0.0,0.0,0.0,0.0,0.0,0.0,0.0,0.0,0.0,0.0,,
2365,Chris Andersen,Chris,1610612739,CLE,38.0,1,1,0,1.0,7.9,1,1,1.0,0,0,0.0,0,0,0.0,0,1,1,0,0,1,1,0,0,0,2,3,9.2,0,0,7.0,1,1,1,1,197,153,201,1,98,160,98,119,126,119,112,155,175,151,140,43,21,1,1,159,171,80,164,18,2,176,,1,0.071,1.0,160.0,150.0,135.3,0.108,0.1,2,0.0,16,0.0,183,128,112,1.0,108,78.48,153,150.0,69,92.72,96,44,0.0,209,0.0,199,94.18,140.0,140.0,112,6,1.0,202,94.18,6,0.0,1,10.0,24.7,0.067,1.0,3,204,69,151,204,209,201,151,2,10.0,0.063,183,0.0,0.0,0.0,0.0,0.0,4.0,0.0,0.0,2.0,0.0,0.0,0.0,0.0,0.0,0.0,0.0,0.0,0.0,0.0,0.0,0.0,0.0,0.0,0.0,0.0,0.0,0.0,0.0,0.0,5.0,2.0,0.1,0.0,0.0,1.36,0.0,0.0,1.0,0.4,0.0,0.0,3.2,5.0,3.2,1.0,0.0,0.167,0.0,0.0,0.0,0.2,6.0,0.0,0.0,1.0,0.0,0.0,0.0,0.0,0.167,1.0,0.2,0.0,0.0,,,,,,,,,,,,,,,,,1.0,1.0,0.0,1.0,0.0,1.0,1.0,1.0,1.0,,1.0,1.0,0.0,,,,,,,,,,,,,,,,,,,,,,,,,,,0.0,,0.0,,,,,0.0,0.0,0.0,0.0,0.0,1.0,0.0,0.0,0.0,0.0,0.0,,0.0,0.0,0.0,0.0,0.0,0.0,0.0,0.0,0.0,0.0,0.0,1.0,0.0,0.0,0.0,,0.0,,0.0,0.0,1.0,1.0,F-C,24.0,15.0,0.632,0.625,0.633,-0.008,0.0,0.0,,1.0,,,,0.0,0.0,1.0,,0.0,,,0.0,0.0,0.0,0.0,1.0,0.0,0.0,,,0.0,0.0,CLE,0.0,0.0,0.0,,,,,0.0,2017,21600327,,NYK,CLE,20161207.0,2016-17,False,CLE,NYK,,,1.0,3.0,5.0,0.6,0.496,0.104,0.2,1.0,1.0,1.0,0.267,0.733,0.8,2.0,4.0,0.5,0.538,-0.038,0.6,1.0,3.0,0.333,0.627,-0.294,0.6,1.0,3.0,0.333,0.592,-0.259,0.4,2.0,2.0,1.0,0.347,0.654,,,5.0,0.0,0.0,0.0,0.0,0.0,0.0,0.0,0.0,0.0,0.0,0.0,0.0,0.0,0.0,0.0,0.0,0.0,,,7.9,2649.0,0.5,0.26,0.24,3.8,4.43,3.14,4.0,3.0,1.0,2.0,0.0,3.0,8.0,0.0,0.0,0.0,0.0,0.0,0.0,0.0,0.0,0.0,0.0,0.0,0.0,0.0,0.0,,
2365,Chris Andersen,Chris,1610612739,CLE,38.0,1,0,1,0.0,7.6,0,0,0.0,0,0,0.0,2,4,0.5,0,1,1,0,0,0,0,0,2,2,2,-2,3.2,0,0,3.0,1,62,62,62,113,110,122,110,61,88,61,32,25,59,60,92,97,88,78,57,47,1,50,44,107,71,115,7,2,115,,1,0.077,0.0,143.8,138.5,134.4,-0.03,0.125,8,0.0,13,0.0,110,57,57,0.568,58,73.68,110,138.5,53,86.53,116,47,0.0,97,0.0,121,88.42,133.3,133.3,60,50,0.0,115,88.42,110,0.0,1,5.1,9.4,0.13,0.0,3,119,54,88,119,86,122,88,8,5.1,0.143,110,0.0,0.0,0.0,0.0,0.0,5.0,0.0,0.0,3.0,0.0,0.0,0.0,0.0,0.0,0.0,0.0,0.0,0.0,0.0,0.0,0.0,0.0,0.0,0.0,0.0,0.0,0.0,2.0,2.0,7.0,2.0,0.2,1.0,1.0,1.35,0.0,0.0,3.0,0.286,0.43,0.0,3.7,2.0,3.7,1.0,0.0,0.333,0.0,0.0,0.0,0.5,3.0,0.0,0.0,1.0,0.0,0.0,0.0,0.0,0.333,1.0,0.5,0.0,0.0,,,,,,,,,,,,,,,,,,,,,,,,,,,,,,,,,,,,,,,,,,,,,,,,,,,,,,,,0.0,,0.0,,,,,0.0,0.0,0.0,2.0,0.0,0.0,0.0,0.0,0.0,2.0,0.0,,0.0,0.0,0.0,0.0,0.0,0.0,0.0,0.0,0.0,0.0,0.0,0.0,0.0,0.0,0.0,,0.0,,0.0,0.0,0.0,0.0,F-C,21.0,14.0,0.636,0.667,0.634,0.032,0.0,0.0,,0.0,0.0,,,0.0,0.0,0.0,,0.0,,,0.0,0.0,0.0,0.0,0.0,0.0,0.0,0.0,0.0,0.0,0.0,CLE,0.0,0.0,0.0,,,,,0.0,2017,21600279,,CLE,LAC,20161201.0,2016-17,False,CLE,LAC,,,1.0,0.0,2.0,0.0,0.579,-0.579,,,,,,,1.0,0.0,2.0,0.0,0.619,-0.619,0.5,0.0,1.0,0.0,0.725,-0.725,0.5,0.0,1.0,0.0,0.716,-0.716,0.5,0.0,1.0,0.0,0.378,-0.378,,,7.0,0.0,0.0,0.0,0.0,0.0,0.0,0.0,0.0,0.0,0.0,0.0,0.0,0.0,0.0,0.0,0.0,0.0,,,7.6,2492.0,0.47,0.23,0.24,3.96,4.41,2.47,2.0,2.0,0.0,0.0,0.0,0.0,0.0,0.0,0.0,0.0,0.0,0.0,0.0,0.0,0.0,0.0,0.0,0.0,0.0,0.0,0.0,,
2365,Chris Andersen,Chris,1610612739,CLE,38.0,1,1,0,1.0,2.933333333333333,0,0,0.0,0,0,0.0,0,0,0.0,0,0,0,0,0,0,0,0,0,0,0,-2,0.0,0,0,0.0,1,1,1,1,124,113,122,113,66,96,66,72,77,72,73,111,118,90,84,60,50,1,1,90,117,69,127,11,2,127,,1,0.0,0.0,58.1,57.1,102.0,0.0,0.0,123,0.0,7,0.0,5,111,118,0.0,67,95.45,113,57.1,110,104.4,109,120,0.0,127,0.0,57,114.55,85.7,85.7,73,117,0.0,26,114.55,113,0.0,1,-28.6,-43.9,0.0,0.0,124,18,110,90,18,127,122,90,123,-28.6,0.0,5,0.0,0.0,0.0,0.0,0.0,4.0,0.0,0.0,2.0,0.0,0.0,0.0,0.0,0.0,0.0,0.0,0.0,0.0,0.0,0.0,0.0,0.0,0.0,0.0,0.0,0.0,0.0,0.0,0.0,4.0,0.0,0.1,0.0,0.0,1.77,0.0,0.0,1.0,0.0,0.75,,,,,,,,,,,,,,,,,,,,,,,,,,,,,,,,,,,,,,,,,,,,,,,,,,,,,,,,,,,,,,,,,,,,,,,,,,,,,,,,0.0,,0.0,,,,,0.0,0.0,0.0,0.0,0.0,0.0,0.0,0.0,0.0,0.0,,,0.0,,0.0,0.0,0.0,0.0,,,,,0.0,0.0,,,0.0,,,,0.0,0.0,0.0,0.0,F-C,31.0,17.0,0.646,0.548,0.634,-0.085,0.0,0.0,,0.0,,,,0.0,0.0,0.0,,0.0,,,0.0,0.0,0.0,,0.0,0.0,,,,,0.0,CLE,0.0,0.0,0.0,,,,,0.0,2017,21600368,,CLE,MEM,20161213.0,2016-17,False,CLE,MEM,,,1.0,1.0,2.0,0.5,0.457,0.043,,,,,,,1.0,1.0,2.0,0.5,0.527,-0.027,0.5,1.0,1.0,1.0,0.602,0.398,1.0,1.0,2.0,0.5,0.551,-0.051,,,,,,,,,4.0,0.0,0.0,0.0,0.0,0.0,0.0,0.0,0.0,0.0,0.0,0.0,0.0,0.0,0.0,0.0,0.0,0.0,,,2.93,1144.0,0.22,0.13,0.09,4.12,3.31,5.42,3.0,3.0,0.0,0.0,0.0,1.0,2.0,0.0,0.0,0.0,0.0,0.0,0.0,0.0,0.0,0.0,0.0,0.0,0.0,0.0,0.0,,
2365,Chris Andersen,Chris,1610612739,CLE,38.0,1,0,1,0.0,6.183333333333334,0,1,0.0,0,0,0.0,0,0,0.0,2,3,5,0,2,0,0,0,0,0,0,-2,4.0,0,0,5.0,1,123,123,123,212,203,212,203,110,162,110,114,125,114,20,82,60,160,39,111,73,1,1,153,207,123,205,16,1,194,,236,0.417,1.0,94.0,80.0,107.7,0.043,0.6,210,66.7,15,0.286,14,2,1,0.0,119,90.57,203,80.0,201,99.98,169,170,0.0,96,0.0,118,108.68,107.7,107.7,2,207,0.0,95,108.68,203,0.0,236,-27.7,-13.6,0.203,0.0,170,116,201,160,116,125,212,160,210,-27.7,0.176,14,66.7,1.0,0.0,0.0,0.0,8.0,0.0,0.0,4.0,0.0,0.0,0.0,0.0,0.0,0.0,0.0,0.0,0.0,0.0,0.0,0.0,0.0,0.0,0.0,0.0,0.0,0.0,0.0,2.0,12.0,0.0,0.3,0.0,0.0,1.31,0.0,0.0,5.0,0.0,0.08,3.0,8.3,3.0,5.1,1.0,0.0,0.833,0.0,0.5,0.667,1.0,6.0,1.0,1.0,2.0,0.0,2.0,0.667,0.667,0.833,3.0,1.0,0.6,13.0,0.0,0.0,1.0,1.0,0.0,0.0,0.0,0.0,1.0,,0.0,1.0,0.0,1.0,,,,,,,,,,,,,,,,,,,,,,,,,,,,,,,,,,,,,,,,,,0.0,,0.0,,,,,0.0,0.0,0.0,0.0,0.0,0.0,0.0,0.0,0.0,0.0,0.0,0.0,0.0,0.0,0.0,0.0,0.0,0.0,0.0,0.0,0.0,0.0,0.0,0.0,0.0,0.0,0.0,0.0,0.0,0.0,0.0,0.0,1.0,0.0,F-C,3.0,1.0,0.429,0.333,0.531,-0.198,0.0,0.0,,0.0,,,0.0,0.0,,0.0,0.0,0.0,,0.0,0.0,0.0,0.0,0.0,1.0,0.0,0.0,,,0.0,0.0,CLE,,,0.0,,,,,0.0,2017,21600160,,IND,CLE,20161116.0,2016-17,False,CLE,IND,,,1.0,2.0,2.0,1.0,0.496,0.504,,,,,,,1.0,2.0,2.0,1.0,0.517,0.483,0.5,1.0,1.0,1.0,0.618,0.382,0.5,1.0,1.0,1.0,0.556,0.444,0.5,1.0,1.0,1.0,0.412,0.588,,,12.0,0.0,0.0,0.0,0.0,0.0,0.0,0.0,0.0,0.0,0.0,0.0,0.0,0.0,0.0,0.0,0.0,0.0,,,6.18,2424.0,0.46,0.22,0.24,4.86,4.29,3.55,1.0,1.0,0.0,0.0,0.0,2.0,5.0,0.0,0.0,0.0,0.0,0.0,0.0,0.0,0.0,0.0,0.0,0.0,0.0,0.0,0.0,,
