PLAYER_ID,PLAYER_NAME,NICKNAME,TEAM_ID,TEAM_ABBREVIATION,AGE,GP,W,L,W_PCT,MIN,FGM,FGA,FG_PCT,FG3M,FG3A,FG3_PCT,FTM,FTA,FT_PCT,OREB,DREB,REB,AST,TOV,STL,BLK,BLKA,PF,PFD,PTS,PLUS_MINUS,NBA_FANTASY_PTS,DD2,TD3,WNBA_FANTASY_PTS,GP_RANK,W_RANK,L_RANK,W_PCT_RANK,MIN_RANK,FGM_RANK,FGA_RANK,FG_PCT_RANK,FG3M_RANK,FG3A_RANK,FG3_PCT_RANK,FTM_RANK,FTA_RANK,FT_PCT_RANK,OREB_RANK,DREB_RANK,REB_RANK,AST_RANK,TOV_RANK,STL_RANK,BLK_RANK,BLKA_RANK,PF_RANK,PFD_RANK,PTS_RANK,PLUS_MINUS_RANK,NBA_FANTASY_PTS_RANK,DD2_RANK,TD3_RANK,WNBA_FANTASY_PTS_RANK,team_poss,E_TOV_PCT_RANK,REB_PCT,FGA_PG,E_OFF_RATING,sp_work_OFF_RATING,E_DEF_RATING,PIE,DREB_PCT,OFF_RATING_RANK,TM_TOV_PCT,POSS,OREB_PCT,sp_work_PACE_RANK,DREB_PCT_RANK,REB_PCT_RANK,TS_PCT,AST_TO_RANK,PACE_PER40,FGM_PG_RANK,OFF_RATING,sp_work_NET_RATING_RANK,E_PACE,PIE_RANK,E_NET_RATING_RANK,AST_TO,E_USG_PCT_RANK,AST_PCT,E_DEF_RATING_RANK,PACE,DEF_RATING,sp_work_DEF_RATING,OREB_PCT_RANK,TS_PCT_RANK,FGM_PG,E_PACE_RANK,sp_work_PACE,EFG_PCT_RANK,AST_RATIO,TM_TOV_PCT_RANK,NET_RATING,E_NET_RATING,E_USG_PCT,EFG_PCT,E_OFF_RATING_RANK,DEF_RATING_RANK,NET_RATING_RANK,AST_PCT_RANK,sp_work_DEF_RATING_RANK,USG_PCT_RANK,FGA_PG_RANK,AST_RATIO_RANK,sp_work_OFF_RATING_RANK,sp_work_NET_RATING,USG_PCT,PACE_RANK,E_TOV_PCT,POTENTIAL_AST,FT_AST,AST_TO_PASS_PCT_ADJ,AST_PTS_CREATED,PASSES_MADE,AST_TO_PASS_PCT,SECONDARY_AST,PASSES_RECEIVED,AST_ADJ,DRIVE_TOV,DRIVE_FGA,DRIVE_PTS_PCT,DRIVE_FGM,DRIVE_PF_PCT,DRIVE_TOV_PCT,DRIVE_AST_PCT,DRIVE_FTA,DRIVE_FTM,DRIVE_AST,DRIVE_PASSES_PCT,DRIVES,DRIVE_FT_PCT,DRIVE_PF,DRIVE_FG_PCT,DRIVE_PASSES,DRIVE_PTS,ELBOW_TOUCHES,PAINT_TOUCHES,TOUCHES,POINTS,TIME_OF_POSS,PTS_PER_ELBOW_TOUCH,PTS_PER_PAINT_TOUCH,AVG_SEC_PER_TOUCH,PTS_PER_POST_TOUCH,POST_TOUCHES,FRONT_CT_TOUCHES,PTS_PER_TOUCH,AVG_DRIB_PER_TOUCH,REB_CONTEST,AVG_REB_DIST,DREB_CHANCES,AVG_DREB_DIST,DREB_UNCONTEST,DREB_CHANCE_DEFER,REB_CHANCE_PCT,REB_CHANCE_DEFER,OREB_CONTEST_PCT,OREB_CHANCE_PCT,DREB_CHANCE_PCT_ADJ,REB_CHANCES,OREB_CONTEST,OREB_UNCONTEST,REB_UNCONTEST,OREB_CHANCE_DEFER,DREB_CONTEST,OREB_CHANCE_PCT_ADJ,DREB_CONTEST_PCT,REB_CHANCE_PCT_ADJ,OREB_CHANCES,DREB_CHANCE_PCT,REB_CONTEST_PCT,AVG_OREB_DIST,very_tight_FG2_PCT,very_tight_FG3M,G,very_tight_FG2A_FREQUENCY,very_tight_FG3A_FREQUENCY,very_tight_FG3A,very_tight_FG2M,very_tight_FGM,very_tight_FGA,PLAYER_LAST_TEAM_ABBREVIATION,very_tight_FG_PCT,very_tight_FGA_FREQUENCY,very_tight_EFG_PCT,very_tight_FG2A,PLAYER_LAST_TEAM_ID,very_tight_FG3_PCT,tight_FG2A,tight_FG2A_FREQUENCY,tight_FG3A,tight_FG2_PCT,tight_FG3A_FREQUENCY,tight_FGM,tight_FGA_FREQUENCY,tight_FGA,tight_EFG_PCT,tight_FG3_PCT,tight_FG2M,tight_FG_PCT,tight_FG3M,open_FGA,open_FG3A,open_EFG_PCT,open_FG3M,open_FGA_FREQUENCY,open_FGM,open_FG2M,open_FG2_PCT,open_FG3A_FREQUENCY,open_FG2A_FREQUENCY,open_FG2A,open_FG_PCT,open_FG3_PCT,wide_open_FGA_FREQUENCY,wide_open_FG3M,wide_open_FG2M,wide_open_FG2A_FREQUENCY,wide_open_FG3A,wide_open_FG3A_FREQUENCY,wide_open_FG2_PCT,wide_open_FG3_PCT,wide_open_EFG_PCT,wide_open_FG2A,wide_open_FGA,wide_open_FG_PCT,wide_open_FGM,PULL_UP_FGM,PULL_UP_FG3A,PULL_UP_PTS,PULL_UP_EFG_PCT,PULL_UP_FG_PCT,PULL_UP_FG3_PCT,PULL_UP_FG3M,PULL_UP_FGA,POST_TOUCH_PTS,ELBOW_TOUCH_FG_PCT,ELBOW_TOUCH_PTS,POST_TOUCH_FG_PCT,EFF_FG_PCT,CATCH_SHOOT_FG_PCT,PAINT_TOUCH_FG_PCT,CATCH_SHOOT_PTS,PAINT_TOUCH_PTS,CORNER_3_FG_PCT,BACKCOURT_FGA,MID_FG_PCT,RIGHT_CORNER_3_FG_PCT,ITP_FG_PCT,ITP_FGA,ABOVE_BREAK_3_FGA,ABOVE_BREAK_3_FG_PCT,LEFT_CORNER_3_FGA,CORNER_3_FGM,LEFT_CORNER_3_FGM,LEFT_CORNER_3_FG_PCT,ITP_FGM,RA_FGM,RIGHT_CORNER_3_FGM,RIGHT_CORNER_3_FGA,ABOVE_BREAK_3_FGM,BACKCOURT_FG_PCT,CORNER_3_FGA,BACKCOURT_FGM,MID_FGA,MID_FGM,RA_FGA,RA_FG_PCT,PLAYER_POSITION,FGA_LT_06,FGM_LT_06,FREQ,LT_06_PCT,NS_LT_06_PCT,PLUSMINUS,FGA_15_19,FGP_25_29,FGA_35_39,FGP_LT_5,FGA_30_34,FGP_35_39,FGP_40_PLUS,FGA_25_29,FGP_10_14,FGM_LT_5,FGA_40_PLUS,FGP_5_9,FGM_35_39,FGM_40_PLUS,FGP_15_19,FGM_25_29,FGM_5_9,FGA_20_24,FGA_LT_5,FGA_5_9,FGP_20_24,FGP_30_34,FGM_30_34,FGM_20_24,FGM_15_19,TEAM_ABBR,FGM_10_14,FGA_10_14,CATCH_SHOOT_FGA,CATCH_SHOOT_FG3_PCT,CATCH_SHOOT_FG3A,CATCH_SHOOT_FG3M,CATCH_SHOOT_EFG_PCT,CATCH_SHOOT_FGM,year,GAME_ID,index,HTM,VTM,date,season,playoffs,team,opp_team,opp_id,series_key,overall_def_FREQ,overall_def_D_FGM,overall_def_D_FGA,overall_def_D_FG_PCT,overall_def_NORMAL_FG_PCT,overall_def_PCT_PLUSMINUS,three_pt_def_FREQ,three_pt_def_FG3M,three_pt_def_FG3A,three_pt_def_FG3_PCT,three_pt_def_NS_FG3_PCT,three_pt_def_PLUSMINUS,two_pt_def_FREQ,two_pt_def_FG2M,two_pt_def_FG2A,two_pt_def_FG2_PCT,two_pt_def_NS_FG2_PCT,two_pt_def_PLUSMINUS,less_6ft_def_FREQ,less_6ft_def_FGM_LT_06,less_6ft_def_FGA_LT_06,less_6ft_def_LT_06_PCT,less_6ft_def_NS_LT_06_PCT,less_6ft_def_PLUSMINUS,less_10ft_def_FREQ,less_10ft_def_FGM_LT_10,less_10ft_def_FGA_LT_10,less_10ft_def_LT_10_PCT,less_10ft_def_NS_LT_10_PCT,less_10ft_def_PLUSMINUS,more_15ft_def_FREQ,more_15ft_def_FGM_GT_15,more_15ft_def_FGA_GT_15,more_15ft_def_GT_15_PCT,more_15ft_def_NS_GT_15_PCT,more_15ft_def_PLUSMINUS,post_touch_TEAM_ID,post_touch_TEAM_ABBREVIATION,post_touch_TOUCHES,post_touch_POST_TOUCHES,post_touch_POST_TOUCH_FGM,post_touch_POST_TOUCH_FGA,post_touch_POST_TOUCH_FG_PCT,post_touch_POST_TOUCH_FTM,post_touch_POST_TOUCH_FTA,post_touch_POST_TOUCH_FT_PCT,post_touch_POST_TOUCH_PTS,post_touch_POST_TOUCH_PTS_PCT,post_touch_POST_TOUCH_PASSES,post_touch_POST_TOUCH_PASSES_PCT,post_touch_POST_TOUCH_AST,post_touch_POST_TOUCH_AST_PCT,post_touch_POST_TOUCH_TOV,post_touch_POST_TOUCH_TOV_PCT,post_touch_POST_TOUCH_FOULS,post_touch_POST_TOUCH_FOULS_PCT,speed_distance_TEAM_ID,speed_distance_TEAM_ABBREVIATION,speed_distance_MIN1,speed_distance_DIST_FEET,speed_distance_DIST_MILES,speed_distance_DIST_MILES_OFF,speed_distance_DIST_MILES_DEF,speed_distance_AVG_SPEED,speed_distance_AVG_SPEED_OFF,speed_distance_AVG_SPEED_DEF,hustle_CONTESTED_SHOTS,hustle_CONTESTED_SHOTS_2PT,hustle_CONTESTED_SHOTS_3PT,hustle_DEFLECTIONS,hustle_CHARGES_DRAWN,hustle_SCREEN_ASSISTS,hustle_SCREEN_AST_PTS,hustle_OFF_LOOSE_BALLS_RECOVERED,hustle_DEF_LOOSE_BALLS_RECOVERED,hustle_LOOSE_BALLS_RECOVERED,hustle_PCT_LOOSE_BALLS_RECOVERED_OFF,hustle_PCT_LOOSE_BALLS_RECOVERED_DEF,hustle_OFF_BOXOUTS,hustle_DEF_BOXOUTS,hustle_BOX_OUTS,hustle_BOX_OUT_PLAYER_TEAM_REBS,hustle_BOX_OUT_PLAYER_REBS,hustle_PCT_BOX_OUTS_OFF,hustle_PCT_BOX_OUTS_DEF,hustle_PCT_BOX_OUTS_TEAM_REB,hustle_PCT_BOX_OUTS_REB,hustle_TEAM_ID,hustle_TEAM_ABBREVIATION
2592,James Jones,James,1610612748,MIA,33.0,1,1,0,1.0,15.966666666666669,2,5,0.4,2,3,0.667,1,2,0.5,0,2,2,2,0,0,1,0,0,1,7,9,15.4,0,0,15.0,1,1,1,1,78,63,62,65,12,21,8,40,32,43,50,49,59,30,76,53,9,1,1,50,57,17,65,8,1,63,,1,0.071,5.0,124.0,131.0,97.1,0.121,0.118,4,0.0,29,0.0,91,54,57,0.595,61,73.9,63,131.0,9,90.97,39,11,0.0,57,0.154,41,88.68,96.7,96.7,50,45,2.0,86,88.68,35,25.0,1,34.4,27.0,0.186,0.6,5,38,9,39,38,49,62,26,4,34.4,0.194,91,0.0,3.0,0.0,0.25,4.0,16.0,0.125,2.0,16.0,4.0,0.0,0.0,0.0,0.0,0.0,0.0,0.0,0.0,0.0,0.0,0.0,0.0,0.0,0.0,0.0,0.0,0.0,0.0,0.0,22.0,7.0,0.5,0.0,0.0,1.23,0.0,0.0,16.0,0.318,0.23,1.0,12.3,4.0,12.3,1.0,1.0,0.5,1.0,0.0,0.0,0.667,4.0,0.0,0.0,1.0,0.0,1.0,0.0,0.5,0.667,0.0,0.5,0.5,0.0,,,,,,,,,,,,,,,,,1.0,0.2,0.0,0.0,0.0,0.0,0.2,1.0,0.0,,0.0,0.0,0.0,1.0,0.0,0.0,0.0,0.2,0.0,0.0,0.0,0.0,0.2,1.0,0.0,,0.6,2.0,0.0,0.0,3.0,0.6,,0.667,1.0,0.0,3.0,0.667,2.0,1.0,1.0,3.0,0.5,0.333,1.0,1.0,3.0,0.0,0.0,0.0,0.0,0.6,0.5,0.0,3.0,0.0,0.0,,0.0,0.0,0.0,0.0,2.0,1.0,0.0,0.0,0.0,0.0,0.0,0.0,0.0,1.0,2.0,,1.0,,2.0,0.0,0.0,0.0,,,,,,,,1.0,1.0,,0.0,,,,1.0,0.0,0.0,,0.0,,,0.0,1.0,0.0,3.0,0.0,0.0,0.333,,,1.0,0.0,MIA,0.0,0.0,2.0,0.5,2.0,1.0,0.75,1.0,2014,21300158,,MIA,ATL,20131119.0,2013-14,False,MIA,ATL,,,,,,,,,,,,,,,,,,,,,,,,,,,,,,,,,,,,,,,,,,,,,,,,,,,,,,,,,,,,,,,,,,,,,,,,,,,,,,,,,,,,,,,,,,,
2592,James Jones,James,1610612748,MIA,33.0,1,1,0,1.0,19.99333333333333,5,8,0.625,5,7,0.714,2,3,0.667,0,1,1,1,1,1,0,0,0,1,17,20,21.7,0,0,26.0,1,1,1,1,161,60,104,46,4,12,28,73,69,101,155,166,192,129,115,47,90,1,1,132,51,5,114,23,1,69,,120,0.03,8.0,141.1,145.9,92.8,0.173,0.045,5,9.1,37,0.0,203,206,219,0.912,78,75.03,60,145.9,8,89.93,42,10,1.0,59,0.077,79,90.03,89.5,89.5,155,16,5.0,220,90.03,19,9.1,118,56.5,48.3,0.25,0.938,5,46,8,155,46,62,104,152,5,56.5,0.244,203,8.8,2.0,0.0,0.067,2.0,15.0,0.067,0.0,21.0,1.0,0.0,0.0,0.0,0.0,0.0,0.0,0.0,0.0,0.0,0.0,0.0,0.0,0.0,0.0,0.0,0.0,0.0,1.0,1.0,25.0,17.0,0.5,0.0,0.0,1.08,0.0,0.0,20.0,0.68,0.16,0.0,2.8,2.0,2.8,1.0,0.0,0.333,0.0,0.0,0.0,0.5,3.0,0.0,0.0,1.0,0.0,0.0,0.0,0.0,0.333,1.0,0.5,0.0,0.0,0.0,1.0,1.0,0.125,0.125,1.0,0.0,1.0,2.0,MIA,0.5,0.25,0.75,1.0,1610612748.0,1.0,0.0,0.0,2.0,,0.25,2.0,0.25,2.0,1.5,1.0,0.0,1.0,2.0,2.0,2.0,1.5,2.0,0.25,2.0,0.0,,0.25,0.0,0.0,1.0,1.0,0.25,0.0,0.0,0.0,2.0,0.25,,0.0,0.0,0.0,2.0,0.0,0.0,0.0,0.0,0.0,,,,0.0,0.0,0.0,0.0,0.0,0.0,0.938,0.714,0.0,15.0,0.0,0.714,0.0,0.0,0.75,0.0,0.0,0.0,0.0,3.0,5.0,2.0,0.667,0.0,0.0,3.0,4.0,0.0,0.0,7.0,0.0,0.0,0.0,1.0,0.0,F-G,1.0,0.0,0.111,0.0,0.568,-0.568,0.0,0.0,0.0,0.0,,0.0,0.0,0.0,0.0,0.0,0.0,0.0,0.0,0.0,0.0,0.0,0.0,7.0,1.0,0.0,0.714,,,5.0,0.0,MIA,0.0,0.0,7.0,0.714,7.0,5.0,1.071,5.0,2014,21300164,,ORL,MIA,20131120.0,2013-14,False,MIA,ORL,,,,,,,,,,,,,,,,,,,,,,,,,,,,,,,,,,,,,,,,,,,,,,,,,,,,,,,,,,,,,,,,,,,,,,,,,,,,,,,,,,,,,,,,,,,
2592,James Jones,James,1610612748,MIA,33.0,1,1,0,1.0,2.3666666666666667,0,0,0.0,0,0,0.0,0,0,0.0,0,0,0,0,0,0,0,0,0,0,0,4,0.0,0,0,0.0,1,1,1,1,158,148,157,148,72,102,72,90,97,90,97,143,149,120,106,77,41,1,1,122,149,56,161,12,1,162,,1,0.0,0.0,160.0,133.3,80.0,0.0,0.0,14,0.0,6,0.0,4,143,149,0.0,87,92.96,148,133.3,4,101.41,132,3,0.0,160,0.0,15,111.55,80.0,80.0,97,149,0.0,37,111.55,148,0.0,1,53.3,80.0,0.0,0.0,2,15,4,120,15,160,157,120,14,53.3,0.0,4,0.0,0.0,0.0,0.0,0.0,1.0,0.0,0.0,1.0,0.0,0.0,0.0,0.0,0.0,0.0,0.0,0.0,0.0,0.0,0.0,0.0,0.0,0.0,0.0,0.0,0.0,0.0,0.0,0.0,1.0,0.0,0.0,0.0,0.0,0.6,0.0,0.0,0.0,0.0,0.0,,,,,,,,,,,,,,,,,,,,,,,,,,,,,,,,,,,,,,,,,,,,,,,,,,,,,,,,,,,,,,,,,,,,,,,,,,,,,,,,0.0,,0.0,,,,,0.0,0.0,0.0,0.0,0.0,0.0,0.0,0.0,0.0,0.0,,,0.0,,0.0,0.0,,,,,,,0.0,0.0,,,,,,,0.0,0.0,0.0,0.0,F-G,4.0,2.0,0.25,0.5,0.599,-0.099,0.0,,,0.0,,,,,,0.0,,0.0,,,0.0,,0.0,0.0,0.0,0.0,0.0,,,0.0,0.0,MIA,,,0.0,,,,,0.0,2014,21300360,,MIA,UTA,20131216.0,2013-14,False,MIA,UTA,,,,,,,,,,,,,,,,,,,,,,,,,,,,,,,,,,,,,,,,,,,,,,,,,,,,,,,,,,,,,,,,,,,,,,,,,,,,,,,,,,,,,,,,,,,
2592,James Jones,James,1610612748,MIA,33.0,1,1,0,1.0,1.7,0,0,0.0,0,0,0.0,1,2,0.5,0,0,0,0,0,0,0,0,0,1,1,-4,1.0,0,0,1.0,1,1,1,1,184,168,182,168,76,121,76,74,59,74,107,168,172,135,125,100,69,1,1,87,171,125,179,19,1,179,,1,0.0,0.0,25.8,20.0,100.0,0.0,0.0,185,0.0,5,0.0,3,168,172,0.568,101,117.65,168,20.0,185,125.36,163,185,0.0,60,0.0,65,141.18,100.0,100.0,107,82,0.0,3,141.18,168,0.0,1,-80.0,-74.2,0.227,0.0,185,65,185,135,65,77,182,135,185,-80.0,0.2,3,0.0,0.0,,0.0,0.0,0.0,0.0,0.0,0.0,0.0,0.0,0.0,0.0,0.0,0.0,0.0,0.0,0.0,0.0,0.0,0.0,0.0,0.0,0.0,0.0,0.0,0.0,0.0,0.0,0.0,1.0,0.0,0.0,0.0,0.0,0.0,0.0,0.0,0.0,0.0,,,,,,,,,,,,,,,,,,,,,,,,,,,,,,,,,,,,,,,,,,,,,,,,,,,,,,,,,,,,,,,,,,,,,,,,,,,,,,,,0.0,,0.0,,,,,0.0,0.0,0.0,0.0,0.0,0.0,0.0,0.0,0.0,0.0,0.0,,,0.0,,,0.0,0.0,,0.0,,,,0.0,0.0,0.0,0.0,,0.0,,,,0.0,0.0,F-G,5.0,3.0,0.294,0.6,0.585,0.015,,0.0,,0.0,,,,0.0,,0.0,,,,,,0.0,,0.0,0.0,,0.0,,,0.0,,MIA,,,0.0,,,,,0.0,2014,21300387,,MIA,SAC,20131220.0,2013-14,False,MIA,SAC,,,,,,,,,,,,,,,,,,,,,,,,,,,,,,,,,,,,,,,,,,,,,,,,,,,,,,,,,,,,,,,,,,,,,,,,,,,,,,,,,,,,,,,,,,,
2592,James Jones,James,1610612748,MIA,33.0,1,1,0,1.0,26.716666666666665,4,6,0.667,2,3,0.667,0,0,0.0,2,0,2,1,0,0,1,0,0,1,10,15,16.9,0,0,17.0,1,1,1,1,50,41,65,15,10,27,10,72,77,72,16,106,80,58,83,61,14,1,1,61,52,14,66,9,1,62,,1,0.037,6.0,99.4,102.2,63.7,0.228,0.0,69,0.0,45,0.083,117,106,97,0.833,61,68.12,41,102.2,11,85.27,9,9,0.0,109,0.083,4,81.75,67.4,67.4,26,14,4.0,105,81.75,12,14.3,1,34.8,35.7,0.113,0.833,77,6,11,69,6,108,65,53,69,34.8,0.111,117,0.0,3.0,0.0,0.034,2.0,29.0,0.034,0.0,30.0,1.0,0.0,1.0,1.0,1.0,0.0,0.0,0.0,0.0,0.0,0.0,0.5,2.0,0.0,0.0,1.0,1.0,2.0,1.0,3.0,37.0,10.0,0.9,0.0,0.667,1.54,0.0,0.0,30.0,0.27,0.46,1.0,34.9,6.0,0.0,0.0,1.0,0.222,1.0,0.5,0.667,0.0,9.0,1.0,1.0,1.0,0.0,0.0,0.667,0.0,0.25,3.0,0.0,0.5,34.9,1.0,1.0,1.0,0.167,0.167,1.0,1.0,2.0,2.0,MIA,1.0,0.333,1.25,1.0,1610612748.0,1.0,2.0,0.333,1.0,0.5,0.167,1.0,0.5,3.0,0.333,0.0,1.0,0.333,0.0,,,,,,,,,,,,,,0.167,1.0,0.0,0.0,1.0,0.167,,1.0,1.5,0.0,1.0,1.0,1.0,0.0,0.0,0.0,0.0,0.0,,0.0,1.0,0.0,0.0,0.0,0.0,0.833,0.667,1.0,6.0,2.0,0.667,,0.0,1.0,0.0,0.0,0.0,0.0,2.0,2.0,1.0,0.5,0.0,2.0,1.0,1.0,0.0,,3.0,,1.0,0.0,2.0,1.0,F-G,10.0,5.0,0.313,0.5,0.553,-0.053,1.0,0.0,,1.0,,,,0.0,0.0,2.0,,0.0,,,0.0,0.0,0.0,3.0,2.0,0.0,0.667,,,2.0,0.0,MIA,0.0,0.0,3.0,0.667,3.0,2.0,1.0,2.0,2014,21301091,,MIL,MIA,20140329.0,2013-14,False,MIA,MIL,,,,,,,,,,,,,,,,,,,,,,,,,,,,,,,,,,,,,,,,,,,,,,,,,,,,,,,,,,,,,,,,,,,,,,,,,,,,,,,,,,,,,,,,,,,
2592,James Jones,James,1610612748,MIA,33.0,1,1,0,1.0,24.7,2,5,0.4,2,4,0.5,2,2,1.0,0,4,4,0,2,0,0,1,1,1,8,-5,10.8,0,0,14.0,1,1,1,1,101,112,122,109,18,32,28,44,65,1,102,46,73,133,42,101,46,152,30,97,101,134,138,20,1,120,,185,0.114,5.0,113.8,116.7,119.5,0.071,0.211,46,25.0,42,0.0,190,40,60,0.68,104,68.83,112,116.7,127,85.74,123,113,0.0,118,0.0,165,82.59,125.6,125.6,102,52,2.0,170,82.59,65,0.0,183,-8.9,-5.6,0.175,0.6,58,181,127,133,181,102,122,133,46,-8.9,0.182,190,25.4,1.0,0.0,0.0,0.0,22.0,0.0,0.0,21.0,0.0,1.0,0.0,0.0,0.0,0.0,1.0,0.0,0.0,0.0,0.0,0.0,1.0,0.0,0.0,0.0,0.0,0.0,1.0,1.0,31.0,8.0,0.9,0.0,0.0,1.71,0.0,0.0,19.0,0.258,0.26,0.0,9.6,4.0,9.6,4.0,0.0,0.667,1.0,0.0,0.0,1.0,6.0,0.0,0.0,4.0,1.0,0.0,0.0,0.0,0.8,2.0,1.0,0.0,0.0,,,,,,,,,,,,,,,,,,,,,,,,,,,,,,2.0,2.0,0.0,0.0,0.5,0.0,0.0,,0.5,0.0,0.0,0.0,0.0,0.5,2.0,0.0,0.0,2.0,0.5,,1.0,1.5,0.0,2.0,1.0,2.0,0.0,0.0,0.0,,,,0.0,0.0,0.0,0.0,0.0,0.0,0.6,0.5,0.0,6.0,0.0,1.0,0.0,0.0,1.0,0.0,0.0,2.0,0.0,0.0,2.0,0.0,0.0,0.0,0.0,2.0,2.0,0.0,0.0,2.0,0.0,0.0,0.0,1.0,0.0,F-G,12.0,7.0,0.3,0.583,0.567,0.017,0.0,0.0,0.0,0.0,,0.0,0.0,1.0,0.0,0.0,0.0,0.0,0.0,0.0,0.0,0.0,0.0,3.0,1.0,0.0,0.667,,,2.0,0.0,MIA,0.0,0.0,4.0,0.5,4.0,2.0,0.75,2.0,2014,21301105,,MIA,TOR,20140331.0,2013-14,False,MIA,TOR,,,,,,,,,,,,,,,,,,,,,,,,,,,,,,,,,,,,,,,,,,,,,,,,,,,,,,,,,,,,,,,,,,,,,,,,,,,,,,,,,,,,,,,,,,,
2592,James Jones,James,1610612748,MIA,33.0,1,1,0,1.0,25.016666666666666,3,6,0.5,3,5,0.6,0,0,0.0,0,2,2,0,0,1,0,0,1,1,9,17,14.4,0,0,16.0,1,1,1,1,126,121,142,101,12,26,30,154,161,154,132,126,153,192,182,45,72,1,50,139,124,25,169,17,2,146,,1,0.044,6.0,112.3,111.4,71.1,0.121,0.077,117,0.0,44,0.0,261,182,190,0.75,141,70.35,121,111.4,26,85.04,90,22,0.0,221,0.0,9,84.42,72.7,72.7,132,47,3.0,260,84.42,41,0.0,1,38.6,41.2,0.129,0.75,112,8,26,192,8,221,142,192,117,38.6,0.125,261,0.0,1.0,0.0,0.0,0.0,24.0,0.0,0.0,20.0,0.0,0.0,0.0,0.0,0.0,0.0,0.0,0.0,0.0,0.0,0.0,0.0,0.0,0.0,0.0,0.0,0.0,0.0,1.0,0.0,30.0,9.0,0.7,0.0,0.0,1.41,0.0,0.0,19.0,0.3,0.27,0.0,6.8,8.0,6.8,2.0,1.0,0.2,1.0,0.0,0.0,0.286,10.0,0.0,0.0,2.0,0.0,0.0,0.0,0.0,0.222,2.0,0.25,0.0,0.0,,,,,,,,,,,,,,,,,,,,,,,,,,,,,,3.0,2.0,0.5,1.0,0.5,1.0,0.0,0.0,0.333,0.167,1.0,0.333,0.5,0.5,2.0,0.0,0.0,3.0,0.5,,0.667,1.0,0.0,3.0,0.667,2.0,0.0,0.0,0.0,,,,0.0,0.0,0.0,0.0,0.0,0.0,0.75,0.5,0.0,9.0,0.0,0.5,0.0,0.0,1.0,0.0,0.0,3.0,0.667,1.0,1.0,0.0,0.0,0.0,0.0,1.0,1.0,2.0,0.0,2.0,0.0,1.0,0.0,0.0,0.0,F-G,14.0,8.0,0.304,0.571,0.574,-0.002,1.0,0.5,,0.0,0.0,,0.0,2.0,0.0,0.0,0.0,0.0,,0.0,0.0,1.0,0.0,3.0,0.0,0.0,0.667,0.0,0.0,2.0,0.0,MIA,0.0,0.0,6.0,0.6,5.0,3.0,0.75,3.0,2014,21301121,,MIA,MIL,20140402.0,2013-14,False,MIA,MIL,,,,,,,,,,,,,,,,,,,,,,,,,,,,,,,,,,,,,,,,,,,,,,,,,,,,,,,,,,,,,,,,,,,,,,,,,,,,,,,,,,,,,,,,,,,
2592,James Jones,James,1610612748,MIA,33.0,1,0,1,0.0,10.005,1,2,0.5,1,2,0.5,0,0,0.0,0,2,2,1,0,0,0,0,0,1,3,5,6.9,0,0,7.0,1,140,140,140,247,203,237,74,60,106,31,156,160,156,155,142,176,134,193,128,86,1,1,142,213,78,230,26,3,227,,1,0.111,2.0,113.2,114.3,99.0,0.132,0.222,63,0.0,21,0.0,105,44,86,0.75,147,79.96,203,114.3,65,96.91,85,69,0.0,247,0.125,91,95.95,100.0,100.0,155,30,1.0,109,95.95,24,33.3,1,14.3,14.2,0.09,0.75,69,90,65,104,90,247,237,28,63,14.3,0.091,105,0.0,1.0,0.0,0.125,3.0,8.0,0.125,0.0,7.0,1.0,0.0,0.0,0.0,0.0,0.0,0.0,0.0,0.0,0.0,0.0,0.0,0.0,0.0,0.0,0.0,0.0,0.0,0.0,0.0,11.0,3.0,0.2,0.0,0.0,1.17,0.0,0.0,7.0,0.273,0.18,2.0,4.0,3.0,4.0,0.0,0.0,0.667,0.0,0.0,0.0,0.667,3.0,0.0,0.0,0.0,0.0,2.0,0.0,1.0,0.667,0.0,0.667,1.0,0.0,,,,,,,,,,,,,,,,,,,,,,,,,,,,,,,,,,,,,,,,,,,1.0,1.0,0.0,0.0,2.0,1.0,,0.5,0.75,0.0,2.0,0.5,1.0,0.0,0.0,0.0,,,,0.0,0.0,0.0,0.0,0.0,0.0,0.75,0.5,0.0,3.0,0.0,1.0,,0.0,1.0,0.0,0.0,1.0,0.0,0.0,1.0,0.0,0.0,0.0,0.0,1.0,1.0,0.0,,1.0,,0.0,0.0,0.0,0.0,F-G,14.0,8.0,0.304,0.571,0.574,-0.002,0.0,0.0,,0.0,,,,0.0,0.0,0.0,,0.0,,,0.0,0.0,0.0,2.0,0.0,0.0,0.5,,,1.0,0.0,MIA,0.0,0.0,2.0,0.5,2.0,1.0,0.75,1.0,2014,21301135,,MIA,MIN,20140404.0,2013-14,False,MIA,MIN,,,,,,,,,,,,,,,,,,,,,,,,,,,,,,,,,,,,,,,,,,,,,,,,,,,,,,,,,,,,,,,,,,,,,,,,,,,,,,,,,,,,,,,,,,,
2592,James Jones,James,1610612748,MIA,33.0,1,1,0,1.0,0.5466666666666666,0,0,0.0,0,0,0.0,0,0,0.0,0,0,0,0,0,0,0,0,0,0,0,-3,0.0,0,0,0.0,1,1,1,1,260,230,248,230,102,161,102,152,160,152,133,227,237,191,179,130,81,1,1,192,238,158,251,27,2,251,,1,0.0,0.0,0.0,0.0,300.0,0.0,0.0,262,0.0,1,0.0,239,227,237,0.0,143,73.17,230,0.0,266,43.9,218,266,0.0,252,0.0,266,87.8,300.0,300.0,133,238,0.0,262,87.8,230,0.0,1,-300.0,-300.0,0.0,0.0,262,266,266,191,266,252,248,191,262,-300.0,0.0,239,0.0,0.0,,0.0,0.0,0.0,0.0,0.0,0.0,0.0,0.0,0.0,0.0,0.0,0.0,0.0,0.0,0.0,0.0,0.0,0.0,0.0,0.0,0.0,0.0,0.0,0.0,0.0,0.0,0.0,0.0,0.0,0.0,0.0,0.0,0.0,0.0,0.0,0.0,0.0,,,,,,,,,,,,,,,,,,,,,,,,,,,,,,,,,,,,,,,,,,,,,,,,,,,,,,,,,,,,,,,,,,,,,,,,,,,,,,,,0.0,,0.0,,,,,0.0,0.0,0.0,0.0,0.0,0.0,0.0,0.0,0.0,0.0,,,,,,,0.0,0.0,,,,,,,,,0.0,,,,,,,,F-G,14.0,8.0,0.304,0.571,0.574,-0.002,,0.0,,,,,,0.0,,,,,,,,0.0,,,,,,,,,,MIA,,,0.0,,,,,0.0,2014,21301180,,MIA,IND,20140411.0,2013-14,False,MIA,IND,,,,,,,,,,,,,,,,,,,,,,,,,,,,,,,,,,,,,,,,,,,,,,,,,,,,,,,,,,,,,,,,,,,,,,,,,,,,,,,,,,,,,,,,,,,
2592,James Jones,James,1610612748,MIA,33.0,1,0,1,0.0,17.183333333333334,4,7,0.571,3,6,0.5,0,0,0.0,0,3,3,0,0,1,0,0,2,3,11,12,17.6,0,0,19.0,1,105,105,105,152,74,94,61,9,19,32,122,132,122,95,67,86,151,126,36,49,1,91,37,80,28,108,17,1,91,,1,0.097,7.0,120.1,118.8,81.6,0.174,0.176,48,0.0,32,0.0,179,61,75,0.786,111,74.49,74,118.8,13,88.72,27,10,0.0,65,0.0,12,89.39,81.3,81.3,95,24,4.0,179,89.39,26,0.0,1,37.5,38.5,0.208,0.786,49,12,13,151,12,62,94,151,48,37.5,0.206,179,0.0,1.0,0.0,0.0,0.0,14.0,0.0,0.0,14.0,0.0,0.0,0.0,0.0,0.0,0.0,0.0,0.0,0.0,0.0,0.0,0.0,0.0,0.0,0.0,0.0,0.0,0.0,0.0,1.0,22.0,11.0,0.4,0.0,0.0,1.05,0.0,0.0,13.0,0.5,0.36,0.0,6.4,5.0,6.4,3.0,1.0,0.6,1.0,0.0,0.0,0.75,5.0,0.0,0.0,3.0,0.0,0.0,0.0,0.0,0.75,0.0,0.6,0.0,0.0,,,,,,,,,,,,,,,,,1.0,0.143,1.0,1.0,0.143,1.0,0.286,2.0,0.5,0.0,1.0,0.5,0.0,2.0,2.0,1.5,2.0,0.286,2.0,0.0,,0.286,0.0,0.0,1.0,1.0,0.429,1.0,0.0,0.0,3.0,0.429,,0.333,0.5,0.0,3.0,0.333,1.0,2.0,1.0,5.0,1.25,1.0,1.0,1.0,2.0,0.0,0.0,0.0,0.0,0.786,0.4,0.0,6.0,0.0,0.5,,1.0,1.0,0.0,0.0,4.0,0.5,1.0,1.0,0.0,0.0,0.0,0.0,1.0,1.0,2.0,,2.0,,1.0,1.0,0.0,0.0,F-G,17.0,10.0,0.34,0.588,0.574,0.014,1.0,0.5,,0.0,0.0,,0.0,4.0,0.0,0.0,0.0,0.0,,0.0,1.0,2.0,0.0,2.0,0.0,0.0,0.5,0.0,0.0,1.0,1.0,MIA,0.0,0.0,5.0,0.4,5.0,2.0,0.6,2.0,2014,21301206,,WAS,MIA,20140414.0,2013-14,False,MIA,WAS,,,,,,,,,,,,,,,,,,,,,,,,,,,,,,,,,,,,,,,,,,,,,,,,,,,,,,,,,,,,,,,,,,,,,,,,,,,,,,,,,,,,,,,,,,,
2592,James Jones,James,1610612748,MIA,33.0,1,0,1,0.0,33.916666666666664,3,8,0.375,3,8,0.375,0,0,0.0,0,4,4,0,1,0,0,1,1,1,9,1,12.8,0,0,16.0,1,154,154,154,63,150,130,191,7,11,79,167,178,167,163,82,128,221,119,147,80,207,52,152,146,135,222,27,1,177,,178,0.075,8.0,102.8,101.5,96.5,0.058,0.143,172,11.1,67,0.0,195,114,155,0.563,162,78.43,150,101.5,152,95.92,205,115,0.0,246,0.0,85,94.11,101.5,101.5,163,124,3.0,176,94.11,103,0.0,176,0.0,6.2,0.128,0.563,165,103,152,221,103,248,130,221,172,0.0,0.123,195,11.1,0.0,0.0,0.0,0.0,37.0,0.0,0.0,25.0,0.0,0.0,0.0,0.0,0.0,0.0,0.0,0.0,0.0,0.0,0.0,0.0,0.0,0.0,0.0,0.0,0.0,0.0,0.0,0.0,46.0,9.0,1.3,0.0,0.0,1.74,0.0,0.0,24.0,0.196,0.35,2.0,7.0,9.0,7.0,2.0,1.0,0.364,2.0,0.0,0.0,0.5,11.0,0.0,0.0,2.0,1.0,2.0,0.0,0.5,0.444,2.0,0.444,0.5,0.0,,,,,,,,,,,,,,,,,,,,,,,,,,,,,,4.0,4.0,0.375,1.0,0.571,1.0,0.0,,0.571,0.0,0.0,0.25,0.25,0.429,2.0,0.0,0.0,3.0,0.429,,0.667,1.0,0.0,3.0,0.667,2.0,0.0,0.0,0.0,,,,0.0,0.0,0.0,0.0,0.0,0.0,0.563,0.375,0.0,9.0,0.0,0.6,,0.0,0.667,0.0,0.0,3.0,0.0,2.0,3.0,1.0,0.5,0.0,0.0,2.0,3.0,0.0,,5.0,,0.0,0.0,0.0,0.0,F-G,23.0,16.0,0.359,0.696,0.566,0.13,0.0,0.0,,0.0,0.0,,,3.0,0.0,0.0,,0.0,,,0.0,0.0,0.0,5.0,0.0,0.0,0.6,0.0,0.0,3.0,0.0,MIA,0.0,0.0,7.0,0.429,7.0,3.0,0.643,3.0,2014,21301225,,MIA,PHI,20140416.0,2013-14,False,MIA,PHI,,,,,,,,,,,,,,,,,,,,,,,,,,,,,,,,,,,,,,,,,,,,,,,,,,,,,,,,,,,,,,,,,,,,,,,,,,,,,,,,,,,,,,,,,,,
2592,James Jones,James,1610612748,MIA,33.0,1,1,0,1.0,1.3166666666666669,0,0,0.0,0,0,0.0,0,0,0.0,0,0,0,0,0,0,0,0,0,0,0,0,0.0,0,0,0.0,1,1,1,1,192,167,187,167,62,115,62,105,109,105,94,164,171,131,140,94,55,1,1,138,170,93,187,15,1,188,,1,0.0,0.0,0.0,0.0,0.0,0.0,0.0,192,0.0,3,0.0,7,164,171,0.0,105,91.14,167,0.0,93,109.37,145,99,0.0,190,0.0,1,109.37,0.0,0.0,94,170,0.0,5,109.37,167,0.0,1,0.0,0.0,0.0,0.0,192,1,93,131,1,190,187,131,192,0.0,0.0,7,0.0,0.0,0.0,0.0,0.0,1.0,0.0,0.0,0.0,0.0,0.0,0.0,0.0,0.0,0.0,0.0,0.0,0.0,0.0,0.0,0.0,0.0,0.0,0.0,0.0,0.0,0.0,0.0,0.0,1.0,0.0,0.0,0.0,0.0,1.68,0.0,0.0,0.0,0.0,0.0,,,,,,,,,,,,,,,,,,,,,,,,,,,,,,,,,,,,,,,,,,,,,,,,,,,,,,,,,,,,,,,,,,,,,,,,,,,,,,,,0.0,,0.0,,,,,0.0,0.0,0.0,0.0,0.0,0.0,0.0,0.0,0.0,0.0,,,0.0,,0.0,0.0,0.0,0.0,,,,,0.0,0.0,,,0.0,,,,0.0,0.0,0.0,0.0,F-G,1.0,0.0,0.111,0.0,0.568,-0.568,,,,0.0,,,,,0.0,0.0,,,,,,,,0.0,0.0,,0.0,,,0.0,,MIA,0.0,0.0,0.0,,,,,0.0,2014,21300205,,MIA,PHX,20131125.0,2013-14,False,MIA,PHX,,,,,,,,,,,,,,,,,,,,,,,,,,,,,,,,,,,,,,,,,,,,,,,,,,,,,,,,,,,,,,,,,,,,,,,,,,,,,,,,,,,,,,,,,,,
2592,James Jones,James,1610612748,MIA,33.0,1,0,1,0.0,11.166666666666666,0,4,0.0,0,3,0.0,0,0,0.0,0,0,0,1,0,0,0,0,0,0,0,-11,1.5,0,0,1.0,1,86,86,86,138,135,117,135,60,46,60,88,93,88,96,139,147,73,106,75,55,1,1,115,142,149,156,14,3,156,,1,0.0,4.0,71.4,78.3,126.7,-0.067,0.0,145,0.0,23,0.0,16,139,147,0.0,82,84.18,135,78.3,154,103.34,155,161,0.0,123,0.143,148,101.01,120.8,120.8,96,142,0.0,6,101.01,135,20.0,1,-42.6,-55.3,0.142,0.0,157,137,154,59,137,118,117,52,145,-42.6,0.143,16,0.0,3.0,0.0,0.083,2.0,12.0,0.083,0.0,17.0,1.0,0.0,0.0,0.0,0.0,0.0,0.0,1.0,0.0,0.0,1.0,0.0,1.0,0.0,0.0,0.0,0.0,0.0,0.0,0.0,19.0,0.0,0.4,0.0,0.0,1.37,0.0,0.0,15.0,0.0,0.32,,,,,,,,,,,,,,,,,,,,,,,,,,,,,,,,,,,,,,,,,1.0,0.25,0.0,0.0,0.0,0.0,0.25,1.0,0.0,,0.0,0.0,0.0,1.0,1.0,0.0,0.0,0.25,0.0,0.0,,0.25,0.0,0.0,0.0,0.0,0.5,0.0,0.0,0.0,2.0,0.5,,0.0,0.0,0.0,2.0,0.0,0.0,0.0,0.0,0.0,,,,0.0,0.0,0.0,0.0,0.0,0.0,0.0,0.0,0.0,0.0,0.0,0.0,,0.0,0.0,0.0,0.0,1.0,0.0,0.0,0.0,0.0,0.0,0.0,0.0,0.0,2.0,0.0,,2.0,,1.0,0.0,0.0,0.0,F-G,4.0,2.0,0.286,0.5,0.599,-0.099,1.0,0.0,,0.0,,,,0.0,0.0,0.0,,0.0,,,0.0,0.0,0.0,3.0,0.0,0.0,0.0,,,0.0,0.0,MIA,0.0,0.0,4.0,0.0,3.0,0.0,0.0,0.0,2014,21300264,,MIA,DET,20131203.0,2013-14,False,MIA,DET,,,,,,,,,,,,,,,,,,,,,,,,,,,,,,,,,,,,,,,,,,,,,,,,,,,,,,,,,,,,,,,,,,,,,,,,,,,,,,,,,,,,,,,,,,,
2592,James Jones,James,1610612748,MIA,33.0,1,1,0,1.0,2.75,0,1,0.0,0,0,0.0,0,0,0.0,0,1,1,0,0,0,0,0,0,0,0,-3,1.2,0,0,1.0,1,1,1,1,106,88,96,88,45,70,45,60,62,60,50,74,83,70,71,52,32,1,1,76,91,60,101,9,1,104,,1,0.125,1.0,0.0,0.0,50.0,0.0,0.2,108,0.0,5,0.0,100,22,24,0.0,52,72.73,88,0.0,103,96.0,81,102,0.0,49,0.0,4,87.27,60.0,60.0,50,91,0.0,67,87.27,88,0.0,1,-60.0,-50.0,0.2,0.0,108,6,103,70,6,48,96,70,108,-60.0,0.2,100,0.0,0.0,0.0,0.0,0.0,3.0,0.0,0.0,3.0,0.0,0.0,1.0,0.0,0.0,0.0,0.0,0.0,0.0,0.0,0.0,0.0,1.0,0.0,0.0,0.0,0.0,0.0,0.0,0.0,4.0,0.0,0.1,0.0,0.0,1.81,0.0,0.0,3.0,0.0,0.5,1.0,8.7,1.0,8.7,0.0,0.0,0.5,0.0,0.0,0.0,1.0,2.0,0.0,0.0,0.0,0.0,1.0,0.0,1.0,0.5,1.0,1.0,1.0,0.0,,,,,,,,,,,,,,,,,1.0,1.0,0.0,0.0,0.0,0.0,1.0,1.0,0.0,,0.0,0.0,0.0,,,,,,,,,,,,,,,,,,,,,,,,,,,0.0,,0.0,0.0,0.0,,,1.0,0.0,0.0,0.0,0.0,0.0,0.0,0.0,0.0,0.0,,,0.0,,,,0.0,0.0,,,,,,0.0,,,0.0,,,,1.0,0.0,0.0,0.0,F-G,4.0,2.0,0.25,0.5,0.599,-0.099,1.0,0.0,,0.0,,,,0.0,,0.0,,,,,0.0,0.0,,0.0,0.0,,0.0,,,0.0,0.0,MIA,,,0.0,,,,,0.0,2014,21300300,,DET,MIA,20131208.0,2013-14,False,MIA,DET,,,,,,,,,,,,,,,,,,,,,,,,,,,,,,,,,,,,,,,,,,,,,,,,,,,,,,,,,,,,,,,,,,,,,,,,,,,,,,,,,,,,,,,,,,,
2592,James Jones,James,1610612748,MIA,33.0,1,1,0,1.0,3.1666666666666665,1,2,0.5,1,1,1.0,0,0,0.0,0,0,0,0,0,0,0,0,0,0,3,-3,3.0,0,0,4.0,1,1,1,1,237,175,204,78,46,109,1,141,150,141,124,220,225,184,162,112,78,1,1,184,183,142,227,19,1,218,,1,0.0,2.0,100.0,83.3,138.9,0.174,0.0,210,0.0,6,0.0,188,220,225,0.75,130,75.79,175,83.3,238,81.55,46,227,0.0,18,0.0,243,90.95,133.3,133.3,124,36,1.0,247,90.95,28,0.0,1,-50.0,-38.9,0.333,0.75,133,234,239,184,234,30,204,184,210,-50.0,0.286,188,0.0,1.0,0.0,0.0,0.0,3.0,0.0,0.0,3.0,0.0,0.0,0.0,0.0,0.0,0.0,0.0,0.0,0.0,0.0,0.0,0.0,0.0,0.0,0.0,0.0,0.0,0.0,0.0,0.0,5.0,3.0,0.1,0.0,0.0,1.74,0.0,0.0,3.0,0.6,0.4,,,,,,,,,,,,,,,,,,,,,,,,,,,,,,,,,,,,,,,,,,,,,,,,,,,,,,1.0,0.0,0.0,0.0,0.5,0.0,0.0,0.0,0.0,0.5,1.0,0.0,,0.5,1.0,0.0,0.0,1.0,0.5,,1.0,1.5,0.0,1.0,1.0,1.0,0.0,0.0,0.0,,,,0.0,0.0,0.0,0.0,0.0,0.0,0.75,0.5,0.0,3.0,0.0,1.0,,0.0,0.0,0.0,0.0,0.0,0.0,1.0,1.0,1.0,1.0,0.0,0.0,0.0,0.0,0.0,,1.0,,1.0,0.0,0.0,0.0,F-G,5.0,3.0,0.278,0.6,0.585,0.015,1.0,0.0,,0.0,,,,0.0,0.0,0.0,,,,,0.0,0.0,,1.0,0.0,,1.0,,,1.0,0.0,MIA,0.0,0.0,2.0,1.0,1.0,1.0,0.75,1.0,2014,21300511,,MIA,NOP,20140107.0,2013-14,False,MIA,NOP,,,,,,,,,,,,,,,,,,,,,,,,,,,,,,,,,,,,,,,,,,,,,,,,,,,,,,,,,,,,,,,,,,,,,,,,,,,,,,,,,,,,,,,,,,,
2592,James Jones,James,1610612748,MIA,33.0,1,0,1,0.0,2.333333333333333,2,2,1.0,2,2,1.0,0,0,0.0,0,0,0,0,0,0,0,0,0,0,6,-1,6.0,0,0,8.0,1,119,119,119,233,142,192,1,25,83,1,129,140,129,124,205,213,165,161,120,77,1,1,171,138,132,192,25,1,173,,1,0.0,2.0,266.7,160.0,225.0,0.3,0.0,5,0.0,5,0.0,176,205,213,1.5,124,77.14,142,160.0,232,72.0,4,10,0.0,2,0.0,240,92.57,225.0,225.0,124,1,2.0,236,92.57,1,0.0,1,-65.0,41.7,0.667,1.5,2,240,232,165,240,2,192,165,5,-65.0,0.4,176,0.0,0.0,0.0,0.0,0.0,1.0,0.0,0.0,2.0,0.0,0.0,0.0,0.0,0.0,0.0,0.0,0.0,0.0,0.0,0.0,0.0,0.0,0.0,0.0,0.0,0.0,0.0,0.0,0.0,3.0,6.0,0.1,0.0,0.0,1.35,0.0,0.0,2.0,2.0,0.0,,,,,,,,,,,,,,,,,,,,,,,,,,,,,,,,,,,,,,,,,0.0,0.0,1.0,,0.5,1.0,0.5,1.0,1.5,1.0,0.0,1.0,1.0,,,,,,,,,,,,,,0.5,1.0,0.0,0.0,1.0,0.5,,1.0,1.5,0.0,1.0,1.0,1.0,0.0,0.0,0.0,,,,0.0,0.0,0.0,0.0,0.0,0.0,1.5,1.0,0.0,6.0,0.0,1.0,0.0,0.0,1.0,,,1.0,1.0,,1.0,,,,0.0,1.0,1.0,1.0,0.0,1.0,0.0,0.0,0.0,0.0,0.0,F-G,5.0,3.0,0.278,0.6,0.585,0.015,0.0,1.0,,0.0,,,0.0,1.0,,0.0,0.0,,,0.0,0.0,1.0,,1.0,0.0,,1.0,,,1.0,0.0,MIA,,,2.0,1.0,2.0,2.0,1.5,2.0,2014,21300568,,WAS,MIA,20140115.0,2013-14,False,MIA,WAS,,,,,,,,,,,,,,,,,,,,,,,,,,,,,,,,,,,,,,,,,,,,,,,,,,,,,,,,,,,,,,,,,,,,,,,,,,,,,,,,,,,,,,,,,,,
2592,James Jones,James,1610612748,MIA,33.0,1,1,0,1.0,2.333333333333333,0,1,0.0,0,1,0.0,0,0,0.0,0,0,0,0,0,0,1,0,0,0,0,-1,3.0,0,0,2.0,1,1,1,1,235,212,219,212,96,106,96,136,147,136,130,206,215,162,168,112,24,1,1,180,217,127,217,24,1,224,,1,0.0,1.0,100.0,75.0,100.0,-0.091,0.0,229,0.0,4,0.0,242,206,215,0.0,125,60.0,212,75.0,237,72.0,232,119,0.0,111,0.0,91,72.0,133.3,133.3,130,217,0.0,238,72.0,212,0.0,1,-58.3,0.0,0.2,0.0,155,235,238,162,235,144,219,162,229,-58.3,0.167,242,0.0,0.0,0.0,0.0,0.0,2.0,0.0,0.0,1.0,0.0,0.0,0.0,0.0,0.0,0.0,0.0,0.0,0.0,0.0,0.0,0.0,0.0,0.0,0.0,0.0,0.0,0.0,0.0,0.0,3.0,0.0,0.1,0.0,0.0,2.73,0.0,0.0,2.0,0.0,0.0,,,,,,,,,,,,,,,,,,,,,,,,,,,,,,,,,,,,,,,,,,,,,,,,,,,,,,1.0,1.0,0.0,0.0,1.0,0.0,0.0,,1.0,0.0,0.0,0.0,0.0,,,,,,,,,,,,,,0.0,0.0,0.0,,,,0.0,0.0,0.0,0.0,0.0,0.0,0.0,0.0,0.0,0.0,0.0,0.0,,0.0,0.0,,,0.0,0.0,,0.0,,,,0.0,0.0,1.0,0.0,,1.0,,0.0,0.0,0.0,0.0,F-G,5.0,3.0,0.278,0.6,0.585,0.015,,0.0,,0.0,,,,0.0,,0.0,,,,,,0.0,,1.0,0.0,,0.0,,,0.0,,MIA,,,1.0,0.0,1.0,0.0,0.0,0.0,2014,21300583,,PHI,MIA,20140117.0,2013-14,False,MIA,PHI,,,,,,,,,,,,,,,,,,,,,,,,,,,,,,,,,,,,,,,,,,,,,,,,,,,,,,,,,,,,,,,,,,,,,,,,,,,,,,,,,,,,,,,,,,,
2592,James Jones,James,1610612748,MIA,33.0,1,1,0,1.0,27.266666666666666,3,8,0.375,3,6,0.5,1,2,0.5,0,1,1,3,0,0,1,0,1,1,10,24,18.7,0,0,19.0,1,1,1,1,97,117,106,166,9,14,30,100,76,106,132,169,181,57,164,120,31,1,65,124,104,9,127,14,3,114,,1,0.02,8.0,135.6,138.8,92.8,0.07,0.032,19,0.0,49,0.0,239,205,214,0.563,125,71.15,117,138.8,19,85.87,159,24,0.0,175,0.13,84,85.38,91.7,91.7,132,114,3.0,223,85.38,96,25.0,1,47.1,42.7,0.164,0.563,20,71,19,116,71,165,106,64,19,47.1,0.167,239,0.0,3.0,0.0,0.158,8.0,19.0,0.158,0.0,19.0,3.0,0.0,0.0,0.0,0.0,0.0,0.0,0.0,0.0,0.0,0.0,0.0,0.0,0.0,0.0,0.0,0.0,0.0,1.0,0.0,27.0,10.0,0.6,0.0,0.0,1.34,0.0,0.0,19.0,0.37,0.22,0.0,6.6,4.0,6.6,1.0,0.0,0.167,0.0,0.0,0.0,0.25,6.0,0.0,0.0,1.0,0.0,0.0,0.0,0.0,0.167,2.0,0.25,0.0,0.0,,,,,,,,,,,,,,,,,1.0,0.125,2.0,0.0,0.25,1.0,0.375,3.0,0.5,0.5,0.0,0.333,1.0,2.0,1.0,0.75,1.0,0.25,1.0,0.0,0.0,0.125,0.125,1.0,0.5,1.0,0.375,1.0,0.0,0.0,3.0,0.375,,0.333,0.5,0.0,3.0,0.333,1.0,0.0,0.0,0.0,,,,0.0,0.0,0.0,0.0,0.0,0.0,0.563,0.375,0.0,9.0,0.0,1.0,0.0,0.0,1.0,0.0,0.0,4.0,0.25,1.0,2.0,1.0,1.0,0.0,0.0,1.0,1.0,1.0,0.0,2.0,0.0,2.0,0.0,0.0,0.0,F-G,7.0,4.0,0.259,0.571,0.582,-0.01,2.0,0.333,,0.0,,,0.0,3.0,0.0,0.0,0.0,0.0,,0.0,0.0,1.0,0.0,3.0,0.0,0.0,0.667,,,2.0,0.0,MIA,0.0,0.0,8.0,0.5,6.0,3.0,0.563,3.0,2014,21301079,,DET,MIA,20140328.0,2013-14,False,MIA,DET,,,,,,,,,,,,,,,,,,,,,,,,,,,,,,,,,,,,,,,,,,,,,,,,,,,,,,,,,,,,,,,,,,,,,,,,,,,,,,,,,,,,,,,,,,,
2592,James Jones,James,1610612748,MIA,33.0,1,1,0,1.0,3.683333333333333,0,1,0.0,0,1,0.0,0,0,0.0,0,1,1,0,0,0,0,0,0,0,0,1,1.2,0,0,1.0,1,1,1,1,182,160,169,160,66,81,66,99,102,99,110,123,141,130,120,80,61,1,1,135,168,77,177,17,1,178,,1,0.143,1.0,150.0,128.6,141.8,0.0,0.2,12,0.0,7,0.0,166,33,32,0.0,93,70.59,160,128.6,108,75.84,155,68,0.0,118,0.0,182,84.71,133.3,133.3,110,168,0.0,187,84.71,160,0.0,1,-4.8,8.2,0.167,0.0,2,177,108,130,177,139,169,130,12,-4.8,0.143,165,0.0,0.0,0.0,0.0,0.0,4.0,0.0,0.0,3.0,0.0,0.0,0.0,0.0,0.0,0.0,0.0,0.0,0.0,0.0,0.0,0.0,0.0,0.0,0.0,0.0,0.0,0.0,0.0,0.0,5.0,0.0,0.1,0.0,0.0,1.74,0.0,0.0,3.0,0.0,0.2,0.0,4.4,1.0,4.4,1.0,0.0,1.0,0.0,0.0,0.0,1.0,1.0,0.0,0.0,1.0,0.0,0.0,0.0,0.0,1.0,0.0,1.0,0.0,0.0,,,,,,,,,,,,,,,,,,,,,,,,,,,,,,,,,,,,,,,,,,,1.0,0.0,0.0,0.0,1.0,1.0,,0.0,0.0,0.0,1.0,0.0,0.0,0.0,0.0,0.0,,,,0.0,0.0,0.0,0.0,0.0,0.0,0.0,0.0,0.0,0.0,0.0,0.0,,0.0,,0.0,0.0,1.0,0.0,0.0,0.0,0.0,0.0,0.0,0.0,,,0.0,,0.0,,0.0,0.0,0.0,0.0,F-G,4.0,2.0,0.286,0.5,0.599,-0.099,,,,0.0,,,,,0.0,0.0,,0.0,,,,,0.0,1.0,0.0,0.0,0.0,,,0.0,,MIA,0.0,0.0,1.0,0.0,1.0,0.0,0.0,0.0,2014,21300294,,MIN,MIA,20131207.0,2013-14,False,MIA,MIN,,,,,,,,,,,,,,,,,,,,,,,,,,,,,,,,,,,,,,,,,,,,,,,,,,,,,,,,,,,,,,,,,,,,,,,,,,,,,,,,,,,,,,,,,,,
2592,James Jones,James,1610612748,MIA,33.0,1,1,0,1.0,3.6,1,2,0.5,1,2,0.5,0,0,0.0,0,0,0,0,0,0,0,0,0,0,3,1,3.0,0,0,4.0,1,1,1,1,90,65,71,35,19,26,15,47,51,47,43,78,81,66,66,46,20,1,1,68,70,39,83,5,1,82,,1,0.0,2.0,170.1,142.9,153.1,0.105,0.0,3,0.0,7,0.0,92,78,81,0.75,49,72.22,65,142.9,49,78.4,42,33,0.0,5,0.0,91,86.67,150.0,150.0,43,18,1.0,95,86.67,15,0.0,1,-7.1,17.0,0.34,0.75,1,92,49,66,92,13,71,66,3,-7.1,0.286,92,0.0,0.0,0.0,0.0,0.0,4.0,0.0,0.0,5.0,0.0,0.0,0.0,0.0,0.0,0.0,0.0,0.0,0.0,0.0,0.0,0.0,0.0,0.0,0.0,0.0,0.0,0.0,0.0,0.0,6.0,3.0,0.1,0.0,0.0,0.81,0.0,0.0,5.0,0.5,0.17,,,,,,,,,,,,,,,,,,,,,,,,,,,,,,,,,,,,,,,,,0.0,0.0,1.0,,0.5,0.0,0.5,1.0,0.0,0.0,0.0,0.0,0.0,,,,,,,,,,,,,,0.5,1.0,0.0,0.0,1.0,0.5,,1.0,1.5,0.0,1.0,1.0,1.0,0.0,1.0,0.0,0.0,0.0,0.0,0.0,1.0,0.0,0.0,0.0,0.0,0.75,1.0,0.0,3.0,0.0,1.0,,0.0,1.0,0.0,0.0,1.0,0.0,,1.0,,,0.0,0.0,1.0,1.0,0.0,,1.0,,0.0,0.0,0.0,0.0,,,,,,,,0.0,0.0,,0.0,,,,0.0,0.0,0.0,,0.0,,,0.0,0.0,0.0,2.0,0.0,0.0,0.5,,,1.0,0.0,MIA,0.0,0.0,1.0,1.0,1.0,1.0,1.5,1.0,2014,21300107,,MIA,MIL,20131112.0,2013-14,False,MIA,MIL,,,,,,,,,,,,,,,,,,,,,,,,,,,,,,,,,,,,,,,,,,,,,,,,,,,,,,,,,,,,,,,,,,,,,,,,,,,,,,,,,,,,,,,,,,,
2592,James Jones,James,1610612748,MIA,33.0,1,1,0,1.0,22.0,3,7,0.429,3,6,0.5,0,0,0.0,2,0,2,0,0,1,0,0,2,1,9,8,14.4,0,0,16.0,1,1,1,1,33,28,29,30,5,6,9,36,37,36,8,50,34,42,40,11,19,1,21,35,32,10,36,6,1,35,,1,0.054,7.0,113.5,114.6,93.5,0.072,0.0,21,0.0,41,0.111,31,50,38,0.643,33,77.27,28,114.6,8,90.68,36,10,0.0,35,0.0,10,92.73,88.6,88.6,8,18,3.0,42,92.73,17,0.0,1,26.0,20.0,0.161,0.643,19,5,8,42,5,34,29,42,21,26.0,0.163,31,0.0,0.0,0.0,0.0,0.0,18.0,0.0,0.0,13.0,0.0,0.0,0.0,0.0,0.0,0.0,0.0,0.0,0.0,0.0,0.0,0.0,0.0,0.0,0.0,0.0,0.0,0.0,0.0,0.0,25.0,9.0,0.6,0.0,0.0,1.42,0.0,0.0,15.0,0.36,0.04,0.0,27.8,1.0,0.0,0.0,0.0,0.667,0.0,0.0,1.0,0.0,3.0,0.0,2.0,2.0,0.0,0.0,1.0,0.0,0.667,2.0,0.0,0.0,27.8,,,,,,,,,,,,,,,,,0.0,0.0,1.0,,0.143,1.0,0.143,1.0,1.5,1.0,0.0,1.0,1.0,3.0,2.0,0.5,1.0,0.429,1.0,0.0,0.0,0.286,0.143,1.0,0.333,0.5,0.429,1.0,0.0,0.0,3.0,0.429,,0.333,0.5,0.0,3.0,0.333,1.0,0.0,0.0,0.0,,,,0.0,0.0,0.0,0.0,0.0,0.0,0.643,0.429,0.0,9.0,0.0,0.333,0.0,0.0,0.0,0.0,0.0,3.0,0.667,2.0,1.0,1.0,0.5,0.0,0.0,0.0,1.0,2.0,0.0,3.0,0.0,1.0,0.0,0.0,0.0,F-G,11.0,9.0,0.423,0.818,0.599,0.219,1.0,0.667,,0.0,0.0,,0.0,3.0,0.0,0.0,0.0,0.0,,0.0,0.0,2.0,0.0,3.0,0.0,0.0,0.333,0.0,0.0,1.0,0.0,MIA,0.0,0.0,6.0,0.5,6.0,3.0,0.75,3.0,2014,41300114,,CHA,MIA,20140428.0,2013-14,True,MIA,CHA,1610612766.0,MIA_CHA_2014,1.0,6.0,7.0,0.857,0.452,0.405,0.286,1.0,2.0,0.5,0.376,0.125,0.714,5.0,5.0,1.0,0.476,0.524,0.571,4.0,4.0,1.0,0.592,0.408,0.571,4.0,4.0,1.0,0.528,0.472,0.429,2.0,3.0,0.667,0.391,0.276,1610612748.0,MIA,25.0,0.0,0.0,0.0,0.0,0.0,0.0,0.0,0.0,0.0,0.0,0.0,0.0,0.0,0.0,0.0,0.0,0.0,1610612748.0,MIA,22.0,8031.0,1.52,0.85,0.67,4.09,4.34,4.4,,,,,,,,,,,,,,,,,,,,,,,
2592,James Jones,James,1610612748,MIA,33.0,1,0,1,0.0,2.033333333333333,0,0,0.0,0,0,0.0,0,0,0.0,0,1,1,0,0,0,0,0,3,0,0,4,1.2,0,0,1.0,1,14,14,14,19,17,21,17,13,16,13,15,16,15,8,13,14,15,13,10,5,1,15,17,21,9,20,1,1,20,,1,0.333,0.0,200.0,200.0,109.9,-0.25,0.5,1,0.0,4,0.0,1,1,1,0.0,13,78.69,17,200.0,1,90.18,24,1,0.0,22,0.0,14,94.43,100.0,100.0,8,21,0.0,3,94.43,17,0.0,1,100.0,90.1,0.0,0.0,1,8,1,15,8,22,21,15,1,100.0,0.0,1,0.0,0.0,0.0,0.0,0.0,3.0,0.0,0.0,1.0,0.0,0.0,0.0,0.0,0.0,0.0,0.0,0.0,0.0,0.0,0.0,0.0,0.0,0.0,0.0,0.0,0.0,0.0,0.0,0.0,3.0,0.0,0.1,0.0,0.0,1.33,0.0,0.0,1.0,0.0,0.0,0.0,5.6,1.0,5.6,1.0,0.0,1.0,0.0,0.0,0.0,1.0,1.0,0.0,0.0,1.0,0.0,0.0,0.0,0.0,1.0,0.0,1.0,0.0,0.0,,,,,,,,,,,,,,,,,,,,,,,,,,,,,,,,,,,,,,,,,,,,,,,,,,,,,,,,0.0,,0.0,,,,,0.0,0.0,0.0,0.0,0.0,0.0,0.0,0.0,0.0,0.0,,,0.0,,0.0,0.0,0.0,0.0,,,,,0.0,0.0,,,0.0,,,,0.0,0.0,0.0,0.0,F-G,16.0,13.0,0.39,0.813,0.593,0.22,0.0,0.0,,0.0,,,,0.0,0.0,0.0,,0.0,,,0.0,0.0,0.0,0.0,0.0,0.0,0.0,,,0.0,0.0,MIA,0.0,0.0,0.0,,,,,0.0,2014,41300403,,MIA,SAS,20140610.0,2013-14,True,MIA,SAS,1610612759.0,MIA_SAS_2014,,,,,,,,,,,,,,,,,,,,,,,,,,,,,,,,,,,,,1610612748.0,MIA,3.0,0.0,0.0,0.0,0.0,0.0,0.0,0.0,0.0,0.0,0.0,0.0,0.0,0.0,0.0,0.0,0.0,0.0,1610612748.0,MIA,2.03,916.0,0.17,0.08,0.09,5.91,6.25,5.6,,,,,,,,,,,,,,,,,,,,,,,
2592,James Jones,James,1610612748,MIA,33.0,1,0,1,0.0,3.545,0,1,0.0,0,0,0.0,0,0,0.0,0,0,0,0,0,0,0,1,0,0,0,-1,0.0,0,0,0.0,1,14,14,14,19,15,15,15,10,14,10,12,13,12,9,18,20,13,13,9,6,19,1,14,15,15,20,2,1,20,,1,0.0,1.0,50.0,50.0,66.7,-0.2,0.0,19,0.0,6,0.0,14,18,20,0.0,10,73.34,15,50.0,17,81.24,22,19,0.0,12,0.0,6,88.01,57.1,57.1,9,15,0.0,19,88.01,15,0.0,1,-7.1,-16.7,0.167,0.0,19,6,17,13,6,12,15,13,19,-7.1,0.167,14,0.0,0.0,0.0,0.0,0.0,2.0,0.0,0.0,2.0,0.0,0.0,1.0,0.0,0.0,0.0,0.0,0.0,0.0,0.0,0.0,0.0,1.0,0.0,0.0,0.0,0.0,0.0,0.0,0.0,3.0,0.0,0.1,0.0,0.0,1.44,0.0,0.0,2.0,0.0,0.67,,,,,,,,,,,,,,,,,,,,,,,,,,,,,,,,,,,,,,,,,,,,,,,,,,,,,,,,,,,,,,,,,,,,,,,,,,,,,,,,0.0,,0.0,,,,,0.0,0.0,0.0,0.0,0.0,0.0,0.0,0.0,0.0,0.0,0.0,,0.0,0.0,0.0,1.0,0.0,0.0,,0.0,,,0.0,0.0,0.0,0.0,0.0,,0.0,,0.0,0.0,0.0,0.0,F-G,14.0,11.0,0.368,0.786,0.59,0.195,0.0,0.0,,0.0,,,,0.0,0.0,0.0,,0.0,,,0.0,0.0,0.0,0.0,0.0,1.0,0.0,,,0.0,0.0,MIA,0.0,0.0,0.0,,,,,0.0,2014,41300301,,IND,MIA,20140518.0,2013-14,True,MIA,IND,1610612754.0,MIA_IND_2014,1.0,1.0,2.0,0.5,0.452,0.049,0.5,0.0,1.0,0.0,0.411,-0.411,0.5,1.0,1.0,1.0,0.441,0.559,0.5,1.0,1.0,1.0,0.504,0.496,0.5,1.0,1.0,1.0,0.465,0.535,0.5,0.0,1.0,0.0,0.412,-0.412,1610612748.0,MIA,3.0,0.0,0.0,0.0,0.0,0.0,0.0,0.0,0.0,0.0,0.0,0.0,0.0,0.0,0.0,0.0,0.0,0.0,1610612748.0,MIA,3.55,1200.0,0.23,0.13,0.1,3.39,3.78,3.07,,,,,,,,,,,,,,,,,,,,,,,
2592,James Jones,James,1610612748,MIA,33.0,1,1,0,1.0,6.818333333333333,0,2,0.0,0,2,0.0,0,0,0.0,0,0,0,0,0,0,0,0,1,0,0,3,0.0,0,0,0.0,1,1,1,1,18,17,17,17,12,10,12,12,12,12,7,16,16,15,12,12,5,1,3,15,17,6,18,3,1,18,,1,0.0,2.0,120.7,121.4,117.1,-0.207,0.0,5,0.0,14,0.0,15,16,16,0.0,11,73.33,17,121.4,12,91.66,20,7,0.0,15,0.0,17,88.0,127.3,127.3,7,17,0.0,7,88.0,17,0.0,1,-5.8,3.7,0.124,0.0,4,19,12,15,19,14,17,15,5,-5.8,0.125,15,0.0,1.0,1.0,0.25,1.0,4.0,0.0,0.0,3.0,1.0,0.0,0.0,0.0,0.0,0.0,0.0,0.0,0.0,0.0,0.0,0.0,0.0,0.0,0.0,0.0,0.0,0.0,0.0,0.0,6.0,0.0,0.2,0.0,0.0,1.9,0.0,0.0,4.0,0.0,0.17,,,,,,,,,,,,,,,,,,,,,,,,,,,,,,,,,,,,,,,,,,,,,,,,,,,,,,,,,,,,,,,,,,,1.0,0.0,0.0,0.0,2.0,1.0,,0.0,0.0,0.0,2.0,0.0,0.0,0.0,0.0,0.0,,,,0.0,0.0,0.0,0.0,0.0,0.0,0.0,0.0,0.0,0.0,0.0,0.0,,0.0,0.0,0.0,0.0,2.0,0.0,,0.0,,,0.0,0.0,0.0,0.0,0.0,,0.0,,0.0,0.0,0.0,0.0,F-G,16.0,13.0,0.39,0.813,0.593,0.22,0.0,0.0,0.0,0.0,,0.0,,1.0,0.0,0.0,,0.0,0.0,,0.0,0.0,0.0,1.0,0.0,0.0,0.0,,,0.0,0.0,MIA,0.0,0.0,2.0,0.0,2.0,0.0,0.0,0.0,2014,41300402,,SAS,MIA,20140608.0,2013-14,True,MIA,SAS,1610612759.0,MIA_SAS_2014,1.0,0.0,1.0,0.0,0.461,-0.461,,,,,,,1.0,0.0,1.0,0.0,0.5,-0.5,,,,,,,,,,,,,1.0,0.0,1.0,0.0,0.433,-0.433,1610612748.0,MIA,6.0,0.0,0.0,0.0,0.0,0.0,0.0,0.0,0.0,0.0,0.0,0.0,0.0,0.0,0.0,0.0,0.0,0.0,1610612748.0,MIA,6.82,2563.0,0.49,0.3,0.18,4.4,4.23,4.67,,,,,,,,,,,,,,,,,,,,,,,
2592,James Jones,James,1610612748,MIA,33.0,1,1,0,1.0,12.93,0,2,0.0,0,1,0.0,0,0,0.0,0,1,1,0,0,0,1,0,2,0,0,5,4.2,0,0,3.0,1,1,1,1,35,35,34,35,14,21,14,24,25,24,22,29,32,27,23,18,5,1,19,30,35,16,36,2,1,36,,1,0.048,2.0,117.0,111.1,104.0,-0.059,0.071,12,0.0,27,0.0,23,28,29,0.0,18,78.89,35,111.1,20,92.21,38,13,0.0,38,0.0,19,94.66,104.2,104.2,22,35,0.0,23,94.66,35,0.0,1,6.9,13.0,0.072,0.0,8,19,20,27,19,37,34,27,12,6.9,0.069,23,0.0,0.0,0.0,0.0,0.0,8.0,0.0,0.0,5.0,0.0,0.0,0.0,0.0,0.0,0.0,0.0,0.0,0.0,0.0,0.0,0.0,0.0,0.0,0.0,0.0,0.0,0.0,1.0,0.0,11.0,0.0,0.3,0.0,0.0,1.58,0.0,0.0,7.0,0.0,0.09,0.0,3.1,2.0,3.1,1.0,0.0,0.5,0.0,0.0,0.0,0.5,2.0,0.0,0.0,1.0,0.0,0.0,0.0,0.0,0.5,0.0,0.5,0.0,0.0,,,,,,,,,,,,,,,,,1.0,0.5,0.0,0.0,0.0,0.0,0.5,1.0,0.0,,0.0,0.0,0.0,1.0,1.0,0.0,0.0,0.5,0.0,0.0,,0.5,0.0,0.0,0.0,0.0,,,,,,,,,,,,,,0.0,0.0,0.0,0.0,0.0,,0.0,1.0,0.0,0.0,0.0,0.0,0.0,0.0,0.0,0.0,0.0,0.0,,0.0,0.0,0.0,0.0,1.0,0.0,0.0,0.0,0.0,0.0,0.0,0.0,0.0,0.0,0.0,,0.0,,1.0,0.0,0.0,0.0,F-G,13.0,10.0,0.394,0.769,0.597,0.172,0.0,0.0,,0.0,,,,1.0,0.0,0.0,,0.0,,,0.0,0.0,0.0,1.0,0.0,0.0,0.0,,,0.0,0.0,MIA,0.0,0.0,1.0,0.0,1.0,0.0,0.0,0.0,2014,41300214,,BKN,MIA,20140512.0,2013-14,True,MIA,BKN,1610612751.0,MIA_BKN_2014,1.0,1.0,4.0,0.25,0.459,-0.209,0.25,0.0,1.0,0.0,0.397,-0.397,0.75,1.0,3.0,0.333,0.491,-0.158,0.5,1.0,2.0,0.5,0.587,-0.087,0.5,1.0,2.0,0.5,0.535,-0.035,0.25,0.0,1.0,0.0,0.393,-0.393,1610612748.0,MIA,11.0,0.0,0.0,0.0,0.0,0.0,0.0,0.0,0.0,0.0,0.0,0.0,0.0,0.0,0.0,0.0,0.0,0.0,1610612748.0,MIA,12.93,4740.0,0.9,0.5,0.4,4.2,4.5,3.87,,,,,,,,,,,,,,,,,,,,,,,
2592,James Jones,James,1610612748,MIA,33.0,1,0,1,0.0,2.2,0,1,0.0,0,1,0.0,0,0,0.0,0,1,1,0,0,0,0,0,0,0,0,0,1.2,0,0,1.0,1,14,14,14,22,19,20,19,10,12,10,14,14,14,9,14,15,19,10,10,7,1,1,17,21,14,25,3,1,25,,1,0.167,1.0,102.0,120.0,126.1,0.0,0.333,8,0.0,5,0.0,1,1,1,0.0,9,90.91,19,120.0,13,116.07,21,20,0.0,15,0.0,24,109.09,120.0,120.0,9,21,0.0,1,109.09,19,0.0,1,0.0,-24.0,0.17,0.0,16,19,13,19,19,19,20,19,8,0.0,0.143,1,0.0,0.0,0.0,0.0,0.0,1.0,0.0,0.0,1.0,0.0,0.0,0.0,0.0,0.0,0.0,0.0,0.0,0.0,0.0,0.0,0.0,0.0,0.0,0.0,0.0,0.0,0.0,0.0,0.0,2.0,0.0,0.0,0.0,0.0,1.36,0.0,0.0,1.0,0.0,0.5,0.0,12.0,1.0,12.0,1.0,0.0,1.0,0.0,0.0,0.0,1.0,1.0,0.0,0.0,1.0,0.0,0.0,0.0,0.0,1.0,0.0,1.0,0.0,0.0,,,,,,,,,,,,,,,,,,,,,,,,,,,,,,,,,,,,,,,,,,,1.0,0.0,0.0,0.0,1.0,1.0,,0.0,0.0,0.0,1.0,0.0,0.0,0.0,0.0,0.0,,,,0.0,0.0,0.0,0.0,0.0,0.0,0.0,0.0,0.0,0.0,0.0,0.0,0.0,0.0,,0.0,0.0,1.0,0.0,0.0,0.0,0.0,0.0,0.0,0.0,,,0.0,0.0,0.0,0.0,0.0,0.0,0.0,0.0,F-G,16.0,13.0,0.39,0.813,0.593,0.22,0.0,,,0.0,,,0.0,,,0.0,0.0,0.0,,0.0,0.0,,0.0,1.0,0.0,0.0,0.0,,,0.0,0.0,MIA,,,1.0,0.0,1.0,0.0,0.0,0.0,2014,41300405,,SAS,MIA,20140615.0,2013-14,True,MIA,SAS,1610612759.0,MIA_SAS_2014,,,,,,,,,,,,,,,,,,,,,,,,,,,,,,,,,,,,,1610612748.0,MIA,2.0,0.0,0.0,0.0,0.0,0.0,0.0,0.0,0.0,0.0,0.0,0.0,0.0,0.0,0.0,0.0,0.0,0.0,1610612748.0,MIA,2.2,759.0,0.14,0.07,0.07,2.76,7.13,4.51,,,,,,,,,,,,,,,,,,,,,,,
2592,James Jones,James,1610612748,MIA,33.0,1,0,1,0.0,2.716666666666667,4,4,1.0,3,3,1.0,0,0,0.0,0,0,0,0,0,0,0,0,0,0,11,1,11.0,0,0,14.0,1,14,14,14,23,6,12,1,3,5,1,12,12,12,10,17,19,15,15,9,4,1,1,18,6,8,12,3,1,10,,1,0.0,4.0,183.3,183.3,215.5,0.524,0.0,4,0.0,6,0.0,4,17,19,1.375,11,80.98,6,183.3,17,94.0,1,20,0.0,1,0.0,25,97.18,200.0,200.0,10,1,4.0,3,97.18,1,0.0,1,-16.7,-32.2,0.667,1.375,4,26,17,15,26,1,12,15,4,-16.7,0.667,4,0.0,2.0,0.0,0.0,0.0,4.0,0.0,0.0,6.0,0.0,0.0,0.0,0.0,0.0,0.0,0.0,0.0,0.0,0.0,0.0,1.0,1.0,0.0,0.0,0.0,1.0,0.0,0.0,0.0,8.0,11.0,0.2,0.0,0.0,1.51,0.0,0.0,6.0,1.375,0.38,,,,,,,,,,,,,,,,,,,,,,,,,,,,,,,,,,,,,,,,,0.0,0.0,1.0,,0.25,1.0,0.25,1.0,1.5,1.0,0.0,1.0,1.0,2.0,1.0,1.25,1.0,0.5,2.0,1.0,1.0,0.25,0.25,1.0,1.0,1.0,0.25,1.0,0.0,0.0,1.0,0.25,,1.0,1.5,0.0,1.0,1.0,1.0,1.0,1.0,3.0,1.5,1.0,1.0,1.0,1.0,0.0,0.0,0.0,0.0,1.375,1.0,0.0,8.0,0.0,,,1.0,,0.0,0.0,3.0,1.0,,,,,0.0,0.0,,,3.0,,,,1.0,1.0,0.0,0.0,F-G,16.0,13.0,0.39,0.813,0.593,0.22,1.0,0.0,,0.0,,,,0.0,,0.0,,0.0,,,1.0,0.0,0.0,3.0,0.0,0.0,1.0,,,3.0,1.0,MIA,,,3.0,1.0,2.0,2.0,1.333,3.0,2014,41300404,,MIA,SAS,20140612.0,2013-14,True,MIA,SAS,1610612759.0,MIA_SAS_2014,,,,,,,,,,,,,,,,,,,,,,,,,,,,,,,,,,,,,1610612748.0,MIA,8.0,0.0,0.0,0.0,0.0,0.0,0.0,0.0,0.0,0.0,0.0,0.0,0.0,0.0,0.0,0.0,0.0,0.0,1610612748.0,MIA,2.72,999.0,0.19,0.1,0.09,4.43,6.1,3.48,,,,,,,,,,,,,,,,,,,,,,,
2592,James Jones,James,1610612748,MIA,33.0,1,1,0,1.0,16.816666666666666,1,6,0.167,1,5,0.2,0,0,0.0,0,0,0,3,0,2,1,0,3,1,3,16,16.5,0,0,13.0,1,1,1,1,59,57,45,68,20,11,38,42,43,42,42,73,75,21,49,8,15,1,56,40,58,2,43,10,1,48,,1,0.0,6.0,131.4,135.5,94.9,0.008,0.0,2,0.0,31,0.0,83,73,75,0.25,38,71.36,57,135.5,3,84.72,76,5,0.0,46,0.231,39,85.63,89.7,89.7,42,70,1.0,81,85.63,67,33.3,1,45.8,36.5,0.177,0.25,2,27,3,17,27,46,45,10,2,45.8,0.171,83,0.0,5.0,1.0,0.211,12.0,19.0,0.158,0.0,17.0,4.0,0.0,0.0,0.0,0.0,0.0,0.0,0.0,0.0,0.0,0.0,0.0,0.0,0.0,0.0,0.0,0.0,0.0,0.0,1.0,25.0,3.0,0.5,0.0,0.0,1.08,0.0,1.0,16.0,0.12,0.24,,,,,,,,,,,,,,,,,,,,,,,,,,0.0,1.0,0.0,0.167,1.0,0.0,0.0,1.0,MIA,0.0,0.167,0.0,0.0,1610612748.0,0.0,0.0,0.0,2.0,,0.333,0.0,0.333,2.0,0.0,0.0,0.0,0.0,0.0,,,,,,,,,,,,,,0.5,1.0,0.0,0.167,2.0,0.333,0.0,0.5,0.5,1.0,3.0,0.333,1.0,0.0,1.0,0.0,0.0,0.0,0.0,0.0,1.0,0.0,0.0,0.0,0.0,0.25,0.2,0.0,3.0,0.0,0.25,0.0,0.0,0.0,0.0,0.0,1.0,0.0,2.0,1.0,1.0,0.5,0.0,0.0,0.0,2.0,0.0,0.0,4.0,0.0,1.0,0.0,0.0,0.0,F-G,7.0,5.0,0.368,0.714,0.603,0.112,1.0,0.0,,0.0,,,0.0,2.0,0.0,0.0,0.0,0.0,,0.0,0.0,0.0,0.0,3.0,0.0,0.0,0.333,,,1.0,0.0,MIA,0.0,0.0,5.0,0.25,4.0,1.0,0.3,1.0,2014,41300113,,CHA,MIA,20140426.0,2013-14,True,MIA,CHA,1610612766.0,MIA_CHA_2014,1.0,3.0,7.0,0.429,0.44,-0.012,0.571,2.0,4.0,0.5,0.371,0.13,0.429,1.0,3.0,0.333,0.483,-0.15,0.286,1.0,2.0,0.5,0.614,-0.114,0.286,1.0,2.0,0.5,0.569,-0.069,0.571,2.0,4.0,0.5,0.382,0.119,1610612748.0,MIA,25.0,1.0,0.0,0.0,0.0,0.0,0.0,0.0,0.0,0.0,1.0,1.0,0.0,0.0,0.0,0.0,0.0,0.0,1610612748.0,MIA,16.82,6053.0,1.15,0.64,0.51,3.92,3.92,3.93,,,,,,,,,,,,,,,,,,,,,,,
2592,James Jones,James,1610612748,MIA,33.0,1,0,1,0.0,8.733333333333333,3,3,1.0,3,3,1.0,0,0,0.0,0,1,1,0,0,0,0,0,3,1,9,4,10.2,0,0,13.0,1,26,26,26,35,21,28,1,5,10,1,23,24,23,20,26,28,27,25,23,5,1,38,21,20,14,27,4,1,23,,1,0.083,3.0,162.0,164.3,134.9,0.189,0.2,1,0.0,14,0.0,49,13,24,1.5,19,66.41,21,164.3,11,77.72,6,13,0.0,23,0.0,43,79.69,126.7,126.7,20,1,3.0,39,79.69,1,0.0,1,37.6,27.0,0.185,1.5,4,43,11,27,43,22,28,27,1,37.6,0.188,49,0.0,0.0,0.0,0.0,0.0,5.0,0.0,0.0,5.0,0.0,0.0,0.0,0.0,0.0,0.0,0.0,0.0,0.0,0.0,0.0,0.0,0.0,0.0,0.0,0.0,0.0,0.0,0.0,0.0,8.0,9.0,0.1,0.0,0.0,0.9,0.0,0.0,5.0,1.125,0.0,0.0,7.8,0.0,7.8,1.0,0.0,0.0,0.0,0.0,0.0,0.0,0.0,0.0,0.0,1.0,0.0,0.0,0.0,0.0,0.0,0.0,0.0,0.0,0.0,,,,,,,,,,,,,,,,,0.0,0.0,2.0,,0.667,2.0,0.667,2.0,1.5,1.0,0.0,1.0,2.0,,,,,,,,,,,,,,0.333,1.0,0.0,0.0,1.0,0.333,,1.0,1.5,0.0,1.0,1.0,1.0,0.0,0.0,0.0,,,,0.0,0.0,0.0,0.0,0.0,0.0,1.5,1.0,0.0,9.0,0.0,1.0,,0.0,,0.0,0.0,2.0,1.0,1.0,1.0,1.0,1.0,0.0,0.0,,,2.0,,1.0,,0.0,0.0,0.0,0.0,F-G,11.0,9.0,0.379,0.818,0.599,0.219,0.0,1.0,,0.0,,,,1.0,0.0,0.0,,0.0,,,0.0,1.0,0.0,2.0,0.0,0.0,1.0,,,2.0,0.0,MIA,0.0,0.0,3.0,1.0,3.0,3.0,1.5,3.0,2014,41300213,,BKN,MIA,20140510.0,2013-14,True,MIA,BKN,1610612751.0,MIA_BKN_2014,1.0,1.0,2.0,0.5,0.452,0.048,,,,,,,1.0,1.0,2.0,0.5,0.513,-0.013,,,,,,,,,,,,,1.0,1.0,2.0,0.5,0.383,0.117,1610612748.0,MIA,8.0,0.0,0.0,0.0,0.0,0.0,0.0,0.0,0.0,0.0,0.0,0.0,0.0,0.0,0.0,0.0,0.0,0.0,1610612748.0,MIA,8.73,3374.0,0.64,0.33,0.31,4.13,5.2,3.43,,,,,,,,,,,,,,,,,,,,,,,
2592,James Jones,James,1610612748,MIA,33.0,1,1,0,1.0,10.8,1,2,0.5,1,2,0.5,0,0,0.0,0,1,1,0,0,0,0,0,1,0,3,4,4.2,0,0,5.0,1,1,1,1,50,42,47,19,13,25,11,36,36,36,32,40,44,42,46,24,17,1,13,42,48,21,51,5,1,51,,1,0.063,2.0,126.8,121.7,112.6,0.042,0.111,12,0.0,23,0.0,26,32,39,0.75,35,79.63,42,121.7,31,96.44,43,20,0.0,59,0.0,46,95.56,120.0,120.0,32,12,1.0,26,95.56,12,0.0,1,1.7,14.2,0.087,0.75,8,51,31,42,51,59,47,42,12,1.7,0.083,26,0.0,1.0,0.0,0.0,0.0,7.0,0.0,0.0,5.0,0.0,0.0,0.0,0.0,0.0,0.0,0.0,0.0,0.0,0.0,0.0,0.0,0.0,0.0,0.0,0.0,0.0,0.0,0.0,0.0,9.0,3.0,0.1,0.0,0.0,0.93,0.0,0.0,4.0,0.333,0.0,0.0,6.7,1.0,6.7,1.0,0.0,1.0,0.0,0.0,0.0,1.0,1.0,0.0,0.0,1.0,0.0,0.0,0.0,0.0,1.0,0.0,1.0,0.0,0.0,,,,,,,,,,,,,,,,,,,,,,,,,,,,,,,,,,,,,,,,,,,1.0,1.0,0.0,0.0,2.0,1.0,,0.5,0.75,0.0,2.0,0.5,1.0,0.0,0.0,0.0,,,,0.0,0.0,0.0,0.0,0.0,0.0,0.75,0.5,0.0,3.0,0.0,1.0,,0.0,1.0,0.0,0.0,1.0,0.0,0.0,1.0,0.0,0.0,0.0,0.0,1.0,1.0,0.0,,1.0,,0.0,0.0,0.0,0.0,F-G,5.0,4.0,0.417,0.8,0.598,0.202,0.0,0.0,,0.0,,,,1.0,0.0,0.0,,0.0,,,0.0,0.0,0.0,1.0,0.0,0.0,1.0,,,1.0,0.0,MIA,0.0,0.0,2.0,0.5,2.0,1.0,0.75,1.0,2014,41300112,,MIA,CHA,20140423.0,2013-14,True,MIA,CHA,1610612766.0,MIA_CHA_2014,1.0,5.0,5.0,1.0,0.451,0.549,0.2,1.0,1.0,1.0,0.367,0.633,0.8,4.0,4.0,1.0,0.474,0.526,0.2,1.0,1.0,1.0,0.579,0.421,0.4,2.0,2.0,1.0,0.537,0.463,0.4,2.0,2.0,1.0,0.35,0.651,1610612748.0,MIA,9.0,0.0,0.0,0.0,0.0,0.0,0.0,0.0,0.0,0.0,0.0,0.0,0.0,0.0,0.0,0.0,0.0,0.0,1610612748.0,MIA,10.8,4044.0,0.77,0.39,0.38,4.45,4.69,4.24,,,,,,,,,,,,,,,,,,,,,,,
2592,James Jones,James,1610612748,MIA,33.0,1,1,0,1.0,0.7083333333333334,0,0,0.0,0,0,0.0,0,0,0.0,0,0,0,0,0,0,0,0,0,0,0,-3,0.0,0,0,0.0,1,1,1,1,21,19,20,19,11,15,11,11,11,11,9,18,19,13,15,11,4,1,1,17,19,14,21,2,1,21,,1,0.0,0.0,0.0,0.0,300.0,0.0,0.0,21,0.0,2,0.0,1,18,19,0.0,12,84.71,19,0.0,21,67.76,16,21,0.0,21,0.0,21,101.65,300.0,300.0,9,19,0.0,21,101.65,19,0.0,1,-300.0,-300.0,0.0,0.0,21,21,21,13,21,21,20,13,21,-300.0,0.0,1,0.0,0.0,0.0,0.0,0.0,2.0,0.0,0.0,1.0,0.0,0.0,0.0,0.0,0.0,0.0,0.0,0.0,0.0,0.0,0.0,0.0,0.0,0.0,0.0,0.0,0.0,0.0,0.0,0.0,2.0,0.0,0.0,0.0,0.0,1.48,0.0,0.0,0.0,0.0,0.0,,,,,,,,,,,,,,,,,,,,,,,,,,,,,,,,,,,,,,,,,,,,,,,,,,,,,,,,,,,,,,,,,,,,,,,,,,,,,,,,0.0,,0.0,,,,,0.0,0.0,0.0,0.0,0.0,0.0,0.0,0.0,0.0,0.0,,,0.0,,,,0.0,0.0,,,,,,,,,0.0,,,,0.0,0.0,,,F-G,14.0,11.0,0.368,0.786,0.59,0.195,0.0,0.0,,,,,,0.0,,,,,,,0.0,0.0,,,,,,,,,0.0,MIA,,,0.0,,,,,0.0,2014,41300303,,MIA,IND,20140524.0,2013-14,True,MIA,IND,1610612754.0,MIA_IND_2014,,,,,,,,,,,,,,,,,,,,,,,,,,,,,,,,,,,,,1610612748.0,MIA,2.0,0.0,0.0,0.0,0.0,0.0,0.0,0.0,0.0,0.0,0.0,0.0,0.0,0.0,0.0,0.0,0.0,0.0,1610612748.0,MIA,0.72,232.0,0.04,0.03,0.01,0.0,0.0,0.0,,,,,,,,,,,,,,,,,,,,,,,
2592,James Jones,James,1610612748,MIA,33.0,1,1,0,1.0,14.181666666666668,4,6,0.667,2,3,0.667,2,3,0.667,1,2,3,1,0,0,0,0,1,1,12,18,17.1,0,0,18.0,1,1,1,1,58,27,43,3,11,19,4,25,28,24,22,43,41,34,44,29,25,1,16,41,28,5,45,8,1,39,,1,0.143,6.0,161.0,160.0,88.0,0.207,0.182,1,0.0,25,0.1,75,26,19,0.82,34,70.51,27,160.0,2,84.35,4,3,0.0,19,0.111,13,84.62,88.0,88.0,12,4,4.0,74,84.62,2,12.5,1,72.0,73.0,0.273,0.833,2,13,2,26,13,20,43,32,1,72.0,0.25,75,0.0,1.0,0.0,0.125,2.0,16.0,0.063,1.0,16.0,2.0,0.0,1.0,2.0,1.0,0.0,0.0,0.0,0.0,0.0,0.0,0.0,1.0,0.0,0.0,1.0,0.0,2.0,0.0,0.0,23.0,12.0,0.4,0.0,0.0,1.07,0.0,0.0,16.0,0.522,0.26,1.0,10.3,3.0,5.8,1.0,0.0,0.6,0.0,0.0,0.5,0.667,5.0,0.0,1.0,2.0,0.0,1.0,0.5,0.5,0.6,2.0,0.667,0.333,19.5,1.0,0.0,1.0,0.167,0.0,0.0,1.0,1.0,1.0,MIA,1.0,0.167,1.0,1.0,1610612748.0,,1.0,0.167,0.0,1.0,0.0,1.0,0.167,1.0,1.0,,1.0,1.0,0.0,1.0,1.0,1.5,1.0,0.167,1.0,0.0,,0.167,0.0,0.0,1.0,1.0,0.5,1.0,0.0,0.167,2.0,0.333,0.0,0.5,0.5,1.0,3.0,0.333,1.0,0.0,0.0,0.0,,,,0.0,0.0,0.0,0.0,0.0,0.0,0.833,0.5,0.0,6.0,0.0,1.0,,0.0,0.0,0.0,0.0,2.0,0.5,1.0,1.0,1.0,1.0,0.0,2.0,0.0,0.0,1.0,,1.0,,1.0,0.0,2.0,1.0,F-G,4.0,3.0,0.571,0.75,0.603,0.147,1.0,0.5,,1.0,0.0,,,2.0,0.0,2.0,,0.0,,,0.0,1.0,0.0,1.0,2.0,0.0,1.0,0.0,0.0,1.0,0.0,MIA,0.0,0.0,4.0,0.667,3.0,2.0,0.75,2.0,2014,41300111,,MIA,CHA,20140420.0,2013-14,True,MIA,CHA,1610612766.0,MIA_CHA_2014,1.0,5.0,7.0,0.714,0.434,0.28,0.286,2.0,2.0,1.0,0.357,0.644,0.714,3.0,5.0,0.6,0.458,0.142,0.571,3.0,4.0,0.75,0.603,0.147,0.571,3.0,4.0,0.75,0.526,0.224,0.429,2.0,3.0,0.667,0.374,0.293,1610612748.0,MIA,23.0,0.0,0.0,0.0,0.0,0.0,0.0,0.0,0.0,0.0,0.0,0.0,0.0,0.0,0.0,0.0,0.0,0.0,1610612748.0,MIA,14.18,5471.0,1.04,0.51,0.53,4.24,4.49,4.02,,,,,,,,,,,,,,,,,,,,,,,
2592,James Jones,James,1610612748,MIA,33.0,1,1,0,1.0,15.766666666666667,1,2,0.5,1,2,0.5,0,0,0.0,0,0,0,0,0,0,0,0,1,0,3,-11,3.0,0,0,4.0,1,1,1,1,27,22,31,10,10,15,4,22,22,22,23,35,38,25,24,19,14,1,11,26,26,39,34,4,1,31,,1,0.0,2.0,101.3,96.6,141.7,0.018,0.0,26,0.0,29,0.0,29,35,38,0.75,18,73.57,22,96.6,38,83.96,33,39,0.0,36,0.0,43,88.29,134.5,134.5,23,6,1.0,34,88.29,5,0.0,1,-37.9,-40.4,0.063,0.75,24,43,38,25,43,36,31,25,26,-37.9,0.061,29,0.0,1.0,0.0,0.0,0.0,14.0,0.0,0.0,11.0,0.0,0.0,0.0,0.0,0.0,0.0,0.0,0.0,0.0,0.0,0.0,0.0,0.0,0.0,0.0,0.0,0.0,0.0,0.0,0.0,16.0,3.0,0.3,0.0,0.0,1.04,0.0,0.0,11.0,0.188,0.13,,,,,,,,,,,,,,,,,,,,,,,,,,,,,,,,,,,,,,,,,0.0,0.0,1.0,,0.5,1.0,0.5,1.0,1.5,1.0,0.0,1.0,1.0,,,,,,,,,,,,,,0.5,0.0,0.0,0.0,1.0,0.5,,0.0,0.0,0.0,1.0,0.0,0.0,0.0,1.0,0.0,0.0,0.0,0.0,0.0,1.0,0.0,0.0,0.0,0.0,0.75,1.0,0.0,3.0,0.0,0.0,,0.0,0.0,0.0,0.0,2.0,0.5,0.0,0.0,0.0,0.0,0.0,0.0,0.0,0.0,1.0,,0.0,,0.0,0.0,0.0,0.0,F-G,13.0,10.0,0.361,0.769,0.597,0.172,0.0,0.5,0.0,0.0,,0.0,0.0,2.0,0.0,0.0,0.0,0.0,0.0,0.0,0.0,1.0,0.0,0.0,0.0,0.0,0.0,,,0.0,0.0,MIA,0.0,0.0,1.0,1.0,1.0,1.0,1.5,1.0,2014,41300215,,MIA,BKN,20140514.0,2013-14,True,MIA,BKN,1610612751.0,MIA_BKN_2014,1.0,2.0,3.0,0.667,0.462,0.205,0.667,1.0,2.0,0.5,0.397,0.103,0.333,1.0,1.0,1.0,0.502,0.498,,,,,,,,,,,,,0.667,1.0,2.0,0.5,0.393,0.107,1610612748.0,MIA,16.0,0.0,0.0,0.0,0.0,0.0,0.0,0.0,0.0,0.0,0.0,0.0,0.0,0.0,0.0,0.0,0.0,0.0,1610612748.0,MIA,15.77,5884.0,1.11,0.64,0.47,4.19,4.28,4.07,,,,,,,,,,,,,,,,,,,,,,,
2592,James Jones,James,1610612748,MIA,33.0,1,1,0,1.0,2.216666666666667,0,1,0.0,0,1,0.0,0,0,0.0,0,0,0,1,0,0,0,0,0,0,0,3,1.5,0,0,1.0,1,1,1,1,48,37,40,37,17,20,17,26,27,26,23,40,43,15,26,20,5,1,1,34,41,17,44,5,1,44,,1,0.0,1.0,140.0,140.0,106.4,0.0,0.0,1,0.0,5,0.0,1,40,43,0.0,16,99.25,37,140.0,1,94.85,38,4,0.0,24,0.333,14,119.1,66.7,66.7,23,41,0.0,18,119.1,37,50.0,1,73.3,33.6,0.2,0.0,2,1,1,5,1,21,40,3,1,73.3,0.2,1,0.0,1.0,0.0,0.5,3.0,2.0,0.5,0.0,2.0,1.0,0.0,0.0,0.0,0.0,0.0,0.0,0.0,0.0,0.0,0.0,0.0,0.0,0.0,0.0,0.0,0.0,0.0,0.0,0.0,3.0,0.0,0.1,0.0,0.0,1.68,0.0,0.0,2.0,0.0,0.0,,,,,,,,,,,,,,,,,,,,,,,,,,,,,,,,,,,,,,,,,,,,,,,,,,,,,,,,,,,,,,,,,,,1.0,0.0,0.0,0.0,1.0,1.0,,0.0,0.0,0.0,1.0,0.0,0.0,0.0,0.0,0.0,,,,0.0,0.0,0.0,0.0,0.0,0.0,0.0,0.0,0.0,0.0,0.0,0.0,0.0,,,0.0,0.0,1.0,0.0,0.0,0.0,0.0,0.0,0.0,0.0,,,0.0,0.0,0.0,0.0,,,0.0,0.0,F-G,11.0,9.0,0.407,0.818,0.599,0.219,,0.0,,0.0,,,0.0,0.0,0.0,0.0,0.0,0.0,,0.0,,0.0,0.0,1.0,0.0,0.0,0.0,,,0.0,,MIA,0.0,0.0,1.0,0.0,1.0,0.0,0.0,0.0,2014,41300211,,MIA,BKN,20140506.0,2013-14,True,MIA,BKN,1610612751.0,MIA_BKN_2014,1.0,0.0,1.0,0.0,0.392,-0.392,1.0,0.0,1.0,0.0,0.33,-0.33,,,,,,,,,,,,,,,,,,,1.0,0.0,1.0,0.0,0.336,-0.336,1610612748.0,MIA,3.0,0.0,0.0,0.0,0.0,0.0,0.0,0.0,0.0,0.0,0.0,0.0,0.0,0.0,0.0,0.0,0.0,0.0,1610612748.0,MIA,2.22,836.0,0.16,0.09,0.07,5.48,5.71,5.27,,,,,,,,,,,,,,,,,,,,,,,
2592,James Jones,James,1610612748,MIA,33.0,1,1,0,1.0,4.55,1,3,0.333,1,3,0.333,0,0,0.0,0,1,1,0,0,0,0,0,0,0,3,-4,4.2,0,0,5.0,1,1,1,1,21,15,14,16,6,4,8,11,11,11,8,10,12,15,12,10,6,1,1,13,17,16,20,1,1,18,,1,0.2,3.0,130.0,130.0,151.8,0.071,0.333,14,0.0,10,0.0,1,3,2,0.5,11,92.31,15,130.0,17,111.82,13,16,0.0,4,0.0,21,110.77,154.5,154.5,8,16,1.0,1,110.77,14,0.0,1,-24.5,-21.8,0.3,0.5,14,22,17,15,22,3,14,15,14,-24.5,0.3,1,0.0,0.0,0.0,0.0,0.0,5.0,0.0,0.0,6.0,0.0,0.0,0.0,0.0,0.0,0.0,0.0,0.0,0.0,0.0,0.0,0.0,0.0,0.0,0.0,0.0,0.0,0.0,0.0,0.0,8.0,3.0,0.2,0.0,0.0,1.25,0.0,0.0,4.0,0.375,0.25,0.0,17.9,2.0,17.9,1.0,0.0,0.5,0.0,0.0,0.0,0.5,2.0,0.0,0.0,1.0,0.0,0.0,0.0,0.0,0.5,0.0,0.5,0.0,0.0,,,,,,,,,,,,,,,,,,,,,,,,,,,,,,2.0,2.0,0.75,1.0,0.667,1.0,0.0,,0.667,0.0,0.0,0.5,0.5,0.333,0.0,0.0,0.0,1.0,0.333,,0.0,0.0,0.0,1.0,0.0,0.0,0.0,0.0,0.0,,,,0.0,0.0,0.0,0.0,0.0,0.0,0.5,0.333,0.0,3.0,0.0,,0.0,0.0,,,,3.0,0.333,,,,,,0.0,,,1.0,0.0,,0.0,0.0,0.0,0.0,0.0,F-G,16.0,13.0,0.4,0.813,0.593,0.22,0.0,0.0,0.0,0.0,,0.0,0.0,1.0,0.0,0.0,0.0,,0.0,0.0,0.0,0.0,,2.0,0.0,,0.5,,,1.0,0.0,MIA,0.0,0.0,3.0,0.333,3.0,1.0,0.5,1.0,2014,41300306,,MIA,IND,20140530.0,2013-14,True,MIA,IND,1610612754.0,MIA_IND_2014,1.0,2.0,2.0,1.0,0.452,0.549,,,,,,,1.0,2.0,2.0,1.0,0.485,0.515,1.0,2.0,2.0,1.0,0.61,0.39,1.0,2.0,2.0,1.0,0.604,0.396,,,,,,,1610612748.0,MIA,8.0,0.0,0.0,0.0,0.0,0.0,0.0,0.0,0.0,0.0,0.0,0.0,0.0,0.0,0.0,0.0,0.0,0.0,1610612748.0,MIA,4.55,1898.0,0.36,0.2,0.16,5.25,5.93,4.71,,,,,,,,,,,,,,,,,,,,,,,
2592,James Jones,James,1610612739,CLE,34.0,1,1,0,1.0,6.8,0,1,0.0,0,1,0.0,0,0,0.0,0,0,0,1,0,1,0,0,0,0,0,0,4.5,0,0,3.0,1,1,1,1,207,203,208,203,91,104,91,114,125,114,124,198,209,114,156,45,63,1,1,165,205,105,199,16,1,205,,1,0.0,1.0,70.4,66.7,83.3,0.067,0.0,217,0.0,15,0.0,22,198,209,0.0,125,85.29,203,66.7,126,92.47,146,161,0.0,222,0.333,39,102.35,71.4,71.4,124,205,0.0,165,102.35,203,50.0,1,-4.8,-12.9,0.066,0.0,218,23,126,21,23,223,208,5,217,-4.8,0.063,22,0.0,1.0,0.0,0.1,3.0,10.0,0.1,0.0,6.0,1.0,0.0,0.0,0.0,0.0,0.0,0.0,0.0,0.0,0.0,0.0,0.0,0.0,0.0,0.0,0.0,0.0,0.0,0.0,0.0,11.0,0.0,0.2,0.0,0.0,1.32,0.0,0.0,7.0,0.0,0.27,,,,,,,,,,,,,,,,,,,,,,,,,,,,,,,,,,,,,,,,,,,,,,,,,,,,,,,,,,,,,,,,,,,1.0,0.0,0.0,0.0,1.0,1.0,,0.0,0.0,0.0,1.0,0.0,0.0,0.0,0.0,0.0,,,,0.0,0.0,0.0,0.0,0.0,0.0,0.0,0.0,0.0,0.0,0.0,,,0.0,,0.0,0.0,1.0,0.0,,,,,0.0,0.0,,,0.0,,,,0.0,0.0,0.0,0.0,F,55.0,38.0,0.325,0.691,0.574,0.117,0.0,0.0,,0.0,,,,0.0,0.0,0.0,,0.0,,,0.0,0.0,0.0,1.0,0.0,0.0,0.0,,,0.0,0.0,CLE,0.0,0.0,1.0,0.0,1.0,0.0,0.0,0.0,2015,21401037,,MIL,CLE,20150322.0,2014-15,False,CLE,MIL,,,1.0,2.0,2.0,1.0,0.413,0.587,,,,,,,1.0,2.0,2.0,1.0,0.516,0.484,1.0,2.0,2.0,1.0,0.607,0.393,1.0,2.0,2.0,1.0,0.572,0.428,,,,,,,,,11.0,0.0,0.0,0.0,0.0,0.0,0.0,0.0,0.0,0.0,0.0,0.0,0.0,0.0,0.0,0.0,0.0,0.0,,,6.8,2423.0,0.46,0.28,0.18,4.41,4.19,4.78,,,,,,,,,,,,,,,,,,,,,,,
2592,James Jones,James,1610612739,CLE,34.0,1,1,0,1.0,5.383333333333334,0,2,0.0,0,2,0.0,0,0,0.0,0,0,0,0,1,0,0,0,0,0,0,-16,-1.0,0,0,0.0,1,1,1,1,82,79,77,79,36,32,36,49,50,49,48,82,83,61,33,39,28,1,1,63,82,77,93,6,1,90,,85,0.0,2.0,25.5,23.1,161.6,-0.188,0.0,92,33.3,13,0.0,10,82,83,0.0,42,92.88,79,23.1,92,104.86,92,92,0.0,18,0.0,88,111.46,158.3,158.3,48,82,0.0,16,111.46,79,0.0,83,-135.3,-136.1,0.255,0.0,92,88,92,61,88,27,77,61,92,-135.3,0.231,10,33.3,0.0,0.0,0.0,0.0,8.0,0.0,0.0,9.0,0.0,0.0,0.0,0.0,0.0,0.0,0.0,0.0,0.0,0.0,0.0,0.0,0.0,0.0,0.0,0.0,0.0,0.0,0.0,0.0,11.0,0.0,0.3,0.0,0.0,1.61,0.0,0.0,7.0,0.0,0.55,,,,,,,,,,,,,,,,,,,,,,,,,,,,,,,,,,,,,,,,,0.0,0.0,1.0,,0.5,0.0,0.5,1.0,0.0,0.0,0.0,0.0,0.0,,,,,,,,,,,,,,0.5,0.0,0.0,0.0,1.0,0.5,,0.0,0.0,0.0,1.0,0.0,0.0,0.0,0.0,0.0,,,,0.0,0.0,0.0,0.0,0.0,0.0,0.0,0.0,0.0,0.0,0.0,0.0,0.0,0.0,0.0,0.0,0.0,0.0,0.0,2.0,0.0,0.0,0.0,0.0,0.0,0.0,0.0,0.0,0.0,2.0,0.0,0.0,0.0,0.0,0.0,F,28.0,15.0,0.315,0.536,0.567,-0.031,0.0,0.0,0.0,0.0,,0.0,0.0,0.0,0.0,0.0,0.0,0.0,0.0,0.0,0.0,0.0,0.0,2.0,0.0,0.0,0.0,,,0.0,0.0,CLE,0.0,0.0,2.0,0.0,2.0,0.0,0.0,0.0,2015,21400743,,CLE,LAC,20150205.0,2014-15,False,CLE,LAC,,,1.0,2.0,4.0,0.5,0.436,0.065,,,,,,,1.0,2.0,4.0,0.5,0.459,0.041,0.5,2.0,2.0,1.0,0.571,0.429,0.5,2.0,2.0,1.0,0.527,0.474,0.25,0.0,1.0,0.0,0.321,-0.321,,,11.0,0.0,0.0,0.0,0.0,0.0,0.0,0.0,0.0,0.0,0.0,0.0,0.0,0.0,0.0,0.0,0.0,0.0,,,5.38,2129.0,0.4,0.25,0.16,4.46,3.65,5.72,,,,,,,,,,,,,,,,,,,,,,,
2592,James Jones,James,1610612739,CLE,34.0,1,1,0,1.0,2.0,0,1,0.0,0,1,0.0,0,0,0.0,0,0,0,0,0,0,0,0,0,0,0,-2,0.0,0,0,0.0,1,1,1,1,252,227,233,227,111,128,111,146,157,146,140,221,233,179,169,128,71,1,1,187,234,141,252,18,1,252,,1,0.0,1.0,72.5,50.0,138.9,-0.333,0.0,253,0.0,4,0.0,235,221,233,0.0,132,70.0,227,50.0,253,67.68,256,248,0.0,6,0.0,246,84.0,133.3,133.3,140,234,0.0,254,84.0,227,0.0,1,-83.3,-66.4,0.362,0.0,235,239,253,179,239,57,233,179,253,-83.3,0.25,235,0.0,0.0,0.0,0.0,0.0,6.0,0.0,0.0,4.0,0.0,0.0,0.0,0.0,0.0,0.0,0.0,0.0,0.0,0.0,0.0,0.0,0.0,0.0,0.0,0.0,0.0,0.0,0.0,0.0,7.0,0.0,0.2,0.0,0.0,2.1,0.0,0.0,4.0,0.0,0.57,,,,,,,,,,,,,,,,,,,,,,,,,,,,,,,,,,,,,,,,,,,,,,,,,,,,,,1.0,1.0,0.0,0.0,1.0,0.0,0.0,,1.0,0.0,0.0,0.0,0.0,,,,,,,,,,,,,,0.0,0.0,0.0,,,,0.0,0.0,0.0,0.0,0.0,0.0,0.0,0.0,0.0,0.0,0.0,,,0.0,,0.0,0.0,1.0,0.0,,,,,0.0,0.0,,,0.0,,,,0.0,0.0,0.0,0.0,F,25.0,12.0,0.309,0.48,0.567,-0.087,,0.0,,0.0,,,,1.0,,0.0,,0.0,,,,0.0,0.0,0.0,0.0,0.0,0.0,,,0.0,,CLE,,,1.0,0.0,1.0,0.0,0.0,0.0,2015,21400620,,CLE,CHI,20150119.0,2014-15,False,CLE,CHI,,,1.0,0.0,1.0,0.0,0.214,-0.214,,,,,,,1.0,0.0,1.0,0.0,0.214,-0.214,1.0,0.0,1.0,0.0,0.167,-0.167,1.0,0.0,1.0,0.0,0.143,-0.143,,,,,,,,,7.0,0.0,0.0,0.0,0.0,0.0,0.0,0.0,0.0,0.0,0.0,0.0,0.0,0.0,0.0,0.0,0.0,0.0,,,2.0,690.0,0.13,0.08,0.05,3.01,4.71,0.0,,,,,,,,,,,,,,,,,,,,,,,
2592,James Jones,James,1610612739,CLE,34.0,1,1,0,1.0,22.516666666666666,1,5,0.2,1,4,0.25,3,3,1.0,0,0,0,0,0,0,0,0,5,1,6,-2,6.0,0,0,7.0,1,1,1,1,36,52,40,59,16,14,27,13,19,1,35,60,61,47,39,32,16,1,65,34,43,35,56,5,1,51,,1,0.0,5.0,117.8,124.4,125.4,-0.03,0.0,8,0.0,41,0.0,64,60,61,0.475,29,74.61,52,124.4,30,91.2,62,41,0.0,53,0.0,59,89.53,123.3,123.3,35,47,1.0,61,89.53,57,0.0,1,1.1,-7.5,0.14,0.3,14,56,30,47,56,56,40,47,8,1.1,0.133,64,0.0,3.0,1.0,0.05,2.0,20.0,0.0,0.0,22.0,1.0,0.0,1.0,0.0,0.0,0.0,0.0,0.0,0.0,0.0,0.0,0.0,1.0,0.0,0.0,0.0,0.0,0.0,0.0,0.0,26.0,6.0,0.6,0.0,0.0,1.37,0.0,0.0,19.0,0.231,0.23,,,,,,,,,,,,,,,,,,,,,,,,,0.0,0.0,1.0,0.2,0.0,0.0,0.0,0.0,1.0,,0.0,0.2,0.0,1.0,,,0.0,0.0,1.0,,0.2,0.0,0.2,1.0,0.0,0.0,0.0,0.0,0.0,2.0,2.0,0.75,1.0,0.4,1.0,0.0,,0.4,0.0,0.0,0.5,0.5,0.2,0.0,0.0,0.0,1.0,0.2,,0.0,0.0,0.0,1.0,0.0,0.0,0.0,0.0,0.0,,,,0.0,0.0,0.0,0.0,0.0,0.0,0.3,0.25,0.0,3.0,0.0,0.0,,0.0,0.0,0.0,0.0,3.0,0.333,0.0,0.0,0.0,0.0,0.0,0.0,0.0,1.0,1.0,,1.0,,0.0,0.0,1.0,0.0,F,61.0,42.0,0.337,0.689,0.578,0.11,0.0,0.333,0.0,0.0,,0.0,,3.0,0.0,0.0,,0.0,0.0,,0.0,1.0,0.0,1.0,1.0,0.0,0.0,,,0.0,0.0,CLE,0.0,0.0,4.0,0.25,4.0,1.0,0.375,1.0,2015,21401124,,CLE,MIA,20150402.0,2014-15,False,CLE,MIA,,,1.0,4.0,5.0,0.8,0.462,0.338,0.2,1.0,1.0,1.0,0.347,0.653,0.8,3.0,4.0,0.75,0.492,0.259,0.6,3.0,3.0,1.0,0.611,0.389,0.6,3.0,3.0,1.0,0.564,0.436,0.4,1.0,2.0,0.5,0.369,0.131,,,26.0,0.0,0.0,0.0,0.0,0.0,0.0,0.0,0.0,0.0,0.0,0.0,0.0,0.0,0.0,0.0,0.0,0.0,,,22.52,8468.0,1.6,0.88,0.73,4.28,4.54,3.97,,,,,,,,,,,,,,,,,,,,,,,
2592,James Jones,James,1610612739,CLE,34.0,1,1,0,1.0,23.35,2,5,0.4,2,4,0.5,3,3,1.0,1,2,3,5,0,0,0,0,2,2,9,9,20.1,0,0,19.0,1,1,1,1,12,14,14,8,6,8,2,5,7,1,8,13,12,3,10,8,7,1,7,8,12,2,12,3,2,12,,1,0.054,5.0,113.6,121.3,100.8,0.139,0.077,2,0.0,47,0.033,4,12,13,0.712,8,83.08,14,121.3,2,100.48,4,4,0.0,15,0.278,6,99.7,96.0,96.0,9,1,2.0,3,99.7,5,45.5,1,25.3,12.8,0.111,0.6,5,4,2,4,4,15,14,1,2,25.3,0.107,4,0.0,3.0,0.0,0.222,13.0,27.0,0.185,1.0,19.0,6.0,0.0,0.0,0.0,0.0,0.0,0.0,0.0,0.0,0.0,0.0,0.0,0.0,0.0,0.0,0.0,0.0,0.0,1.0,0.0,33.0,9.0,1.0,0.0,0.0,1.77,0.0,0.0,20.0,0.273,0.45,0.0,9.3,4.0,6.2,2.0,0.0,0.5,0.0,0.0,0.5,0.5,6.0,0.0,1.0,3.0,0.0,0.0,0.5,0.0,0.5,2.0,0.5,0.0,15.4,,,,,,,,,,,,,,,,,0.0,0.0,1.0,,0.2,1.0,0.2,1.0,1.5,1.0,0.0,1.0,1.0,2.0,2.0,0.75,1.0,0.4,1.0,0.0,,0.4,0.0,0.0,0.5,0.5,0.4,0.0,0.0,0.2,1.0,0.2,0.0,0.0,0.0,1.0,2.0,0.0,0.0,0.0,1.0,0.0,0.0,0.0,0.0,0.0,2.0,0.0,0.0,0.0,0.0,0.6,0.667,0.0,6.0,0.0,0.5,0.0,0.0,0.0,0.0,0.0,2.0,0.5,1.0,1.0,1.0,1.0,0.0,0.0,0.0,1.0,1.0,0.0,2.0,0.0,1.0,0.0,0.0,0.0,F,24.0,18.0,0.407,0.75,0.6,0.15,1.0,0.0,0.0,0.0,,0.0,0.0,1.0,0.0,0.0,0.0,0.0,0.0,0.0,0.0,0.0,0.0,3.0,0.0,0.0,0.667,,,2.0,0.0,CLE,0.0,0.0,3.0,0.667,3.0,2.0,1.0,2.0,2015,41400303,,CLE,ATL,20150524.0,2014-15,True,CLE,ATL,1610612737.0,CLE_ATL_2015,1.0,5.0,8.0,0.625,0.449,0.177,0.375,2.0,3.0,0.667,0.32,0.347,0.625,3.0,5.0,0.6,0.542,0.058,0.5,3.0,4.0,0.75,0.637,0.113,0.5,3.0,4.0,0.75,0.581,0.169,0.5,2.0,4.0,0.5,0.36,0.14,,,33.0,0.0,0.0,0.0,0.0,0.0,0.0,0.0,0.0,0.0,0.0,0.0,0.0,0.0,0.0,0.0,0.0,0.0,,,23.35,9292.0,1.76,0.97,0.79,4.62,4.77,4.46,,,,,,,,,,,,,,,,,,,,,,,
2592,James Jones,James,1610612739,CLE,34.0,1,1,0,1.0,14.746666666666666,3,5,0.6,2,4,0.5,0,0,0.0,0,1,1,0,0,0,0,0,0,1,8,-2,9.2,0,0,11.0,1,1,1,1,60,35,48,18,8,18,13,51,54,51,40,55,61,61,58,43,22,1,1,44,42,52,65,11,1,57,,1,0.033,5.0,102.7,97.0,109.4,0.144,0.063,52,0.0,33,0.0,22,60,68,0.8,47,86.8,35,97.0,61,101.29,23,57,0.0,61,0.0,66,104.16,109.7,109.7,40,9,3.0,32,104.16,9,0.0,1,-12.7,-6.7,0.142,0.8,36,65,61,61,65,65,48,61,52,-12.7,0.132,22,0.0,0.0,0.0,0.0,0.0,18.0,0.0,0.0,13.0,0.0,0.0,0.0,0.0,0.0,0.0,0.0,0.0,0.0,0.0,0.0,0.0,0.0,0.0,0.0,0.0,0.0,0.0,0.0,0.0,24.0,8.0,0.6,0.0,0.0,1.6,2.0,1.0,14.0,0.333,0.33,0.0,4.2,5.0,4.2,1.0,0.0,0.2,0.0,0.0,0.0,0.2,5.0,0.0,0.0,1.0,0.0,0.0,0.0,0.0,0.2,0.0,0.2,0.0,0.0,1.0,0.0,1.0,0.2,0.0,0.0,1.0,1.0,1.0,,1.0,0.2,1.0,1.0,,,,,,,,,,,,,,,,3.0,3.0,0.5,1.0,0.6,1.0,0.0,,0.6,0.0,0.0,0.333,0.333,0.2,1.0,0.0,0.0,1.0,0.2,,1.0,1.5,0.0,1.0,1.0,1.0,2.0,1.0,5.0,1.25,1.0,1.0,1.0,2.0,2.0,0.0,0.0,1.0,0.8,0.333,0.0,3.0,0.0,0.5,0.0,1.0,0.0,0.0,0.0,2.0,0.5,1.0,1.0,1.0,1.0,0.0,0.0,0.0,1.0,1.0,0.0,2.0,0.0,1.0,1.0,0.0,0.0,F,1.0,1.0,0.5,1.0,0.649,0.351,0.0,0.5,,0.0,,,0.0,2.0,1.0,0.0,0.0,0.0,,0.0,0.0,1.0,0.0,2.0,0.0,0.0,0.5,,,1.0,0.0,CLE,1.0,1.0,3.0,0.333,3.0,1.0,0.5,1.0,2015,41400111,,CLE,BOS,20150419.0,2014-15,True,CLE,BOS,1610612738.0,CLE_BOS_2015,1.0,1.0,2.0,0.5,0.446,0.054,0.5,0.0,1.0,0.0,0.363,-0.363,0.5,1.0,1.0,1.0,0.541,0.459,0.5,1.0,1.0,1.0,0.649,0.351,0.5,1.0,1.0,1.0,0.597,0.403,0.5,0.0,1.0,0.0,0.36,-0.36,,,24.0,1.0,1.0,1.0,1.0,0.0,0.0,0.0,2.0,2.0,0.0,0.0,0.0,0.0,0.0,0.0,0.0,0.0,,,14.75,5871.0,1.11,0.63,0.48,4.5,4.23,4.87,,,,,,,,,,,,,,,,,,,,,,,
2592,James Jones,James,1610612739,CLE,34.0,1,1,0,1.0,4.066666666666666,0,1,0.0,0,1,0.0,0,0,0.0,0,0,0,0,0,0,0,0,0,1,0,-2,0.0,0,0,0.0,1,1,1,1,56,53,53,53,29,35,29,38,42,38,34,51,53,41,37,29,18,1,1,34,54,36,57,5,1,57,,1,0.0,1.0,25.0,25.0,57.1,-2.0,0.0,60,0.0,8,0.0,60,51,53,0.0,30,73.77,53,25.0,51,88.52,62,54,0.0,52,0.0,4,88.52,57.1,57.1,34,54,0.0,55,88.52,53,0.0,1,-32.1,-32.1,0.111,0.0,60,4,51,41,4,49,53,41,60,-32.1,0.111,60,0.0,1.0,0.0,0.0,0.0,7.0,0.0,0.0,5.0,0.0,0.0,0.0,0.0,0.0,0.0,0.0,0.0,0.0,0.0,0.0,0.0,0.0,0.0,0.0,0.0,0.0,0.0,0.0,0.0,8.0,0.0,0.1,0.0,0.0,0.96,0.0,0.0,4.0,0.0,0.0,,,,,,,,,,,,,,,,,,,,,,,,,,,,,,,,,,,,,,,,,,,,,,,,,,,,,,,,,,,,,,,,,,,1.0,0.0,0.0,0.0,1.0,1.0,,0.0,0.0,0.0,1.0,0.0,0.0,0.0,0.0,0.0,,,,0.0,0.0,0.0,0.0,0.0,0.0,0.0,0.0,0.0,0.0,0.0,0.0,,0.0,0.0,0.0,0.0,1.0,0.0,0.0,0.0,0.0,0.0,0.0,0.0,0.0,0.0,0.0,,0.0,,0.0,0.0,0.0,0.0,F,2.0,2.0,0.667,1.0,0.632,0.368,,0.0,,0.0,,,,1.0,0.0,0.0,,0.0,,,,0.0,0.0,0.0,0.0,0.0,0.0,,,0.0,,CLE,0.0,0.0,1.0,0.0,1.0,0.0,0.0,0.0,2015,41400112,,CLE,BOS,20150421.0,2014-15,True,CLE,BOS,1610612738.0,CLE_BOS_2015,1.0,1.0,1.0,1.0,0.426,0.574,,,,,,,1.0,1.0,1.0,1.0,0.506,0.494,1.0,1.0,1.0,1.0,0.615,0.385,1.0,1.0,1.0,1.0,0.571,0.429,,,,,,,,,8.0,0.0,0.0,0.0,0.0,0.0,0.0,0.0,0.0,0.0,0.0,0.0,0.0,0.0,0.0,0.0,0.0,0.0,,,4.07,1578.0,0.3,0.19,0.11,4.42,4.51,4.23,,,,,,,,,,,,,,,,,,,,,,,
2592,James Jones,James,1610612739,CLE,34.0,1,1,0,1.0,5.916666666666667,1,2,0.5,1,2,0.5,0,0,0.0,0,2,2,1,0,0,0,0,0,0,3,3,6.9,0,0,7.0,1,1,1,1,137,106,122,49,29,59,16,75,80,75,73,73,83,69,96,76,48,1,1,113,108,53,121,12,1,119,,1,0.182,2.0,101.1,100.0,72.7,0.333,0.333,85,0.0,11,0.0,143,6,13,0.75,76,70.99,106,100.0,26,88.75,2,15,0.0,88,0.333,4,85.18,80.0,80.0,73,25,1.0,126,85.18,22,33.3,1,20.0,28.4,0.168,0.75,91,8,26,12,8,99,122,17,85,20.0,0.154,143,0.0,0.0,0.0,0.2,2.0,5.0,0.2,0.0,4.0,1.0,0.0,0.0,0.0,0.0,0.0,0.0,0.0,0.0,0.0,0.0,0.0,0.0,0.0,0.0,0.0,0.0,0.0,0.0,0.0,7.0,3.0,0.2,0.0,0.0,1.77,0.0,0.0,4.0,0.429,0.57,0.0,6.9,3.0,6.9,2.0,0.0,0.667,0.0,0.0,0.0,0.667,3.0,0.0,0.0,2.0,0.0,0.0,0.0,0.0,0.667,0.0,0.667,0.0,0.0,,,,,,,,,,,,,,,,,,,,,,,,,,,,,,2.0,2.0,0.75,1.0,1.0,1.0,0.0,,1.0,0.0,0.0,0.5,0.5,,,,,,,,,,,,,,0.0,0.0,0.0,,,,0.0,0.0,0.0,0.0,0.0,0.0,0.75,0.5,0.0,3.0,0.0,1.0,0.0,0.0,1.0,0.0,0.0,1.0,0.0,0.0,1.0,0.0,0.0,0.0,0.0,1.0,1.0,0.0,0.0,1.0,0.0,0.0,0.0,0.0,0.0,,,,,,,,0.0,0.0,,0.0,,,0.0,1.0,0.0,0.0,0.0,0.0,,0.0,0.0,0.0,0.0,1.0,0.0,0.0,1.0,,,1.0,0.0,CLE,0.0,0.0,2.0,0.5,2.0,1.0,0.75,1.0,2015,21400199,,CLE,ORL,20141124.0,2014-15,False,CLE,ORL,,,,,,,,,,,,,,,,,,,,,,,,,,,,,,,,,,,,,,,,,7.0,0.0,0.0,0.0,0.0,0.0,0.0,0.0,0.0,0.0,0.0,0.0,0.0,0.0,0.0,0.0,0.0,0.0,,,5.92,2158.0,0.41,0.23,0.18,4.06,4.21,3.92,,,,,,,,,,,,,,,,,,,,,,,
2592,James Jones,James,1610612739,CLE,34.0,1,1,0,1.0,5.0,0,2,0.0,0,2,0.0,0,0,0.0,0,0,0,0,0,0,1,0,0,0,0,1,3.0,0,0,2.0,1,1,1,1,268,247,242,247,113,101,113,147,151,147,134,234,244,194,171,137,24,1,1,196,255,125,257,24,1,262,,1,0.0,2.0,37.5,38.5,36.8,-0.333,0.0,275,0.0,13,0.0,2,234,244,0.0,135,96.0,247,38.5,126,116.16,278,130,0.0,228,0.0,3,115.2,36.4,36.4,134,255,0.0,1,115.2,247,0.0,1,2.1,0.8,0.131,0.0,275,3,126,194,3,227,242,194,275,2.1,0.125,2,0.0,1.0,0.0,0.0,0.0,5.0,0.0,0.0,5.0,0.0,0.0,0.0,0.0,0.0,0.0,0.0,0.0,0.0,0.0,0.0,0.0,0.0,0.0,0.0,0.0,0.0,0.0,0.0,0.0,7.0,0.0,0.1,0.0,0.0,0.91,0.0,0.0,5.0,0.0,0.14,,,,,,,,,,,,,,,,,,,,,,,,,,,,,,,,,,,,,,,,,0.0,0.0,1.0,,0.5,0.0,0.5,1.0,0.0,0.0,0.0,0.0,0.0,1.0,1.0,0.0,0.0,0.5,0.0,0.0,,0.5,0.0,0.0,0.0,0.0,,,,,,,,,,,,,,0.0,0.0,0.0,,,,0.0,0.0,0.0,0.0,0.0,0.0,0.0,0.0,0.0,0.0,0.0,0.0,,0.0,0.0,0.0,0.0,1.0,0.0,0.0,0.0,0.0,0.0,0.0,0.0,0.0,1.0,0.0,,1.0,,0.0,0.0,0.0,0.0,F,63.0,43.0,0.344,0.683,0.578,0.104,0.0,0.0,,0.0,,,,1.0,0.0,0.0,,0.0,,,0.0,0.0,0.0,1.0,0.0,0.0,0.0,,,0.0,0.0,CLE,0.0,0.0,2.0,0.0,2.0,0.0,0.0,0.0,2015,21401167,,MIL,CLE,20150408.0,2014-15,False,CLE,MIL,,,1.0,1.0,2.0,0.5,0.462,0.039,,,,,,,1.0,1.0,2.0,0.5,0.481,0.019,1.0,1.0,2.0,0.5,0.567,-0.067,1.0,1.0,2.0,0.5,0.52,-0.02,,,,,,,,,7.0,0.0,0.0,0.0,0.0,0.0,0.0,0.0,0.0,0.0,0.0,0.0,0.0,0.0,0.0,0.0,0.0,0.0,,,5.0,2226.0,0.42,0.25,0.17,4.8,5.97,6.05,,,,,,,,,,,,,,,,,,,,,,,
2592,James Jones,James,1610612739,CLE,34.0,1,0,1,0.0,31.183333333333334,2,8,0.25,2,8,0.25,0,0,0.0,0,3,3,2,2,1,1,0,4,1,6,-3,16.6,0,0,17.0,1,105,105,105,48,121,87,152,18,2,71,126,131,126,103,79,106,69,39,43,13,1,171,106,120,124,116,16,2,106,,159,0.052,8.0,97.9,101.6,105.5,0.005,0.13,112,16.7,61,0.0,159,99,149,0.375,50,77.61,121,101.6,121,96.17,178,116,1.0,150,0.118,115,93.13,108.3,108.3,103,151,2.0,125,93.13,128,16.7,159,-6.7,-7.7,0.144,0.375,129,131,121,90,131,147,87,72,112,-6.7,0.145,159,16.7,2.0,0.0,0.063,5.0,32.0,0.063,0.0,25.0,2.0,0.0,0.0,0.0,0.0,0.0,0.0,0.0,0.0,0.0,0.0,1.0,1.0,0.0,0.0,0.0,1.0,0.0,0.0,0.0,41.0,6.0,0.9,0.0,0.0,1.33,0.0,0.0,24.0,0.146,0.32,2.0,5.7,5.0,5.7,1.0,1.0,0.5,1.0,0.0,0.0,0.75,6.0,0.0,0.0,1.0,0.0,2.0,0.0,0.667,0.6,1.0,0.6,0.667,0.0,,,,,,,,,,,,,,,,,0.0,0.0,1.0,,0.125,0.0,0.125,1.0,0.0,0.0,0.0,0.0,0.0,1.0,1.0,0.0,0.0,0.125,0.0,0.0,,0.125,0.0,0.0,0.0,0.0,0.75,2.0,0.0,0.0,6.0,0.75,,0.333,0.5,0.0,6.0,0.333,2.0,1.0,3.0,3.0,0.5,0.333,0.333,1.0,3.0,0.0,0.0,0.0,0.0,0.375,0.2,0.0,3.0,0.0,0.167,0.0,0.0,0.333,0.0,0.0,2.0,0.5,3.0,1.0,0.0,0.0,0.0,0.0,1.0,3.0,1.0,0.0,6.0,0.0,0.0,0.0,0.0,0.0,F,51.0,35.0,0.311,0.686,0.572,0.115,0.0,0.0,0.0,0.0,,0.0,0.0,0.0,0.0,0.0,0.0,0.0,0.0,0.0,0.0,0.0,0.0,8.0,0.0,0.0,0.25,,,2.0,0.0,CLE,0.0,0.0,5.0,0.2,5.0,1.0,0.3,1.0,2015,21400995,,MIA,CLE,20150316.0,2014-15,False,CLE,MIA,,,1.0,3.0,5.0,0.6,0.473,0.127,0.6,1.0,3.0,0.333,0.33,0.003,0.4,2.0,2.0,1.0,0.561,0.44,0.4,2.0,2.0,1.0,0.675,0.325,0.4,2.0,2.0,1.0,0.619,0.381,0.6,1.0,3.0,0.333,0.344,-0.011,,,41.0,0.0,0.0,0.0,0.0,0.0,0.0,0.0,0.0,0.0,0.0,0.0,0.0,0.0,0.0,0.0,0.0,0.0,,,31.18,11379.0,2.16,1.13,1.02,4.24,4.32,3.78,,,,,,,,,,,,,,,,,,,,,,,
2592,James Jones,James,1610612739,CLE,34.0,1,1,0,1.0,14.683333333333334,2,3,0.667,2,2,1.0,2,3,0.667,0,0,0,0,0,0,0,0,4,2,8,3,8.0,0,0,10.0,1,1,1,1,199,140,201,34,20,91,1,68,72,88,126,226,233,175,176,105,75,1,223,94,122,96,208,19,2,184,,1,0.0,3.0,121.3,126.9,110.3,0.043,0.0,22,0.0,26,0.0,234,226,233,0.926,134,73.55,140,126.9,62,88.92,185,88,0.0,210,0.0,161,88.26,107.1,107.1,126,17,2.0,229,88.26,5,0.0,1,19.8,11.0,0.13,1.0,39,147,62,175,147,213,201,175,22,19.8,0.121,234,0.0,1.0,1.0,0.077,1.0,13.0,0.0,0.0,11.0,1.0,0.0,1.0,0.0,0.0,0.0,0.0,0.0,0.0,0.0,0.0,0.0,1.0,0.0,0.0,0.0,0.0,0.0,0.0,0.0,17.0,8.0,0.3,0.0,0.0,1.2,0.0,0.0,14.0,0.471,0.18,,,,,,,,,,,,,,,,,,,,,,,,,0.0,0.0,1.0,0.333,0.0,0.0,0.0,0.0,1.0,,0.0,0.333,0.0,1.0,,,0.0,0.0,1.0,,0.333,1.0,0.333,1.0,1.5,1.0,0.0,1.0,1.0,1.0,1.0,1.5,1.0,0.333,1.0,0.0,,0.333,0.0,0.0,1.0,1.0,,,,,,,,,,,,,,0.0,0.0,0.0,0.0,0.0,,0.0,1.0,0.0,0.0,0.0,0.0,1.0,1.0,0.0,6.0,0.0,1.0,0.0,0.0,1.0,0.0,1.0,0.0,0.0,1.0,2.0,1.0,1.0,0.0,0.0,1.0,1.0,0.0,0.0,2.0,0.0,0.0,0.0,0.0,0.0,F,1.0,0.0,0.091,0.0,0.575,-0.575,0.0,0.0,,0.0,0.0,,0.0,0.0,0.0,0.0,0.0,0.0,,0.0,0.0,0.0,0.0,2.0,0.0,0.0,1.0,0.0,0.0,2.0,0.0,CLE,0.0,1.0,2.0,1.0,2.0,2.0,1.5,2.0,2015,21400281,,TOR,CLE,20141205.0,2014-15,False,CLE,TOR,,,1.0,3.0,8.0,0.375,0.433,-0.058,0.5,2.0,4.0,0.5,0.364,0.136,0.5,1.0,4.0,0.25,0.491,-0.241,0.125,0.0,1.0,0.0,0.575,-0.575,0.25,1.0,2.0,0.5,0.571,-0.071,0.625,2.0,5.0,0.4,0.374,0.026,,,17.0,0.0,0.0,0.0,0.0,0.0,0.0,0.0,0.0,0.0,0.0,0.0,0.0,0.0,0.0,0.0,0.0,0.0,,,14.68,5611.0,1.06,0.57,0.5,4.5,4.65,4.34,,,,,,,,,,,,,,,,,,,,,,,
2592,James Jones,James,1610612739,CLE,34.0,1,1,0,1.0,3.1166666666666667,0,2,0.0,0,1,0.0,0,0,0.0,0,0,0,0,0,0,0,0,0,0,0,-7,0.0,0,0,0.0,1,1,1,1,222,203,201,203,102,120,102,117,132,117,128,200,211,173,164,116,68,1,1,168,209,181,232,17,2,232,,1,0.0,2.0,14.5,14.3,138.9,-0.4,0.0,235,0.0,7,0.0,10,200,211,0.0,128,89.84,203,14.3,239,97.33,234,240,0.0,28,0.0,232,107.81,114.3,114.3,128,209,0.0,117,107.81,203,0.0,1,-100.0,-124.4,0.291,0.0,235,176,239,173,176,29,201,173,235,-100.0,0.286,10,0.0,0.0,0.0,0.0,0.0,3.0,0.0,0.0,4.0,0.0,0.0,1.0,0.0,0.0,0.0,0.0,0.0,0.0,0.0,0.0,0.0,1.0,0.0,0.0,0.0,0.0,0.0,0.0,0.0,5.0,0.0,0.1,0.0,0.0,1.73,0.0,0.0,5.0,0.0,0.4,,,,,,,,,,,,,,,,,,,,,,,,,,,,,,,,,,,,,,,,,1.0,0.5,1.0,0.0,0.5,0.0,1.0,2.0,0.0,0.0,0.0,0.0,0.0,,,,,,,,,,,,,,,,,,,,,,,,,,,0.0,0.0,0.0,0.0,0.0,,0.0,1.0,0.0,0.0,0.0,0.0,0.0,0.0,0.0,0.0,0.0,0.0,0.0,0.0,0.0,0.0,1.0,0.0,0.0,,0.0,,,0.0,0.0,0.0,1.0,0.0,0.0,1.0,0.0,0.0,0.0,0.0,0.0,F,15.0,6.0,0.294,0.4,0.593,-0.193,0.0,0.0,,0.0,,,0.0,0.0,0.0,0.0,0.0,0.0,,0.0,0.0,0.0,0.0,1.0,0.0,0.0,0.0,,,0.0,0.0,CLE,0.0,1.0,1.0,0.0,1.0,0.0,0.0,0.0,2015,21400484,,CHA,CLE,20150102.0,2014-15,False,CLE,CHA,,,1.0,1.0,1.0,1.0,0.323,0.677,1.0,1.0,1.0,1.0,0.301,0.699,,,,,,,,,,,,,,,,,,,1.0,1.0,1.0,1.0,0.313,0.687,,,5.0,0.0,0.0,0.0,0.0,0.0,0.0,0.0,0.0,0.0,0.0,0.0,0.0,0.0,0.0,0.0,0.0,0.0,,,3.12,1198.0,0.23,0.12,0.1,3.85,3.29,4.65,,,,,,,,,,,,,,,,,,,,,,,
2592,James Jones,James,1610612739,CLE,34.0,1,1,0,1.0,0.9266666666666666,0,0,0.0,0,0,0.0,0,0,0.0,0,0,0,0,0,0,0,0,0,0,0,-3,0.0,0,0,0.0,1,1,1,1,159,139,154,139,79,101,79,92,98,92,81,141,144,111,115,93,51,1,1,116,144,96,156,10,1,156,,1,0.0,0.0,0.0,0.0,300.0,0.0,0.0,158,0.0,2,0.0,31,141,144,0.0,88,86.33,139,0.0,161,77.7,131,161,0.0,158,0.0,161,103.6,150.0,150.0,81,144,0.0,159,103.6,139,0.0,1,-150.0,-300.0,0.0,0.0,158,159,161,111,159,158,154,111,158,-150.0,0.0,31,0.0,0.0,0.0,0.0,0.0,1.0,0.0,0.0,1.0,0.0,0.0,0.0,0.0,0.0,0.0,0.0,0.0,0.0,0.0,0.0,0.0,0.0,0.0,0.0,0.0,0.0,0.0,0.0,0.0,1.0,0.0,0.0,0.0,0.0,1.0,0.0,0.0,1.0,0.0,0.0,,,,,,,,,,,,,,,,,,,,,,,,,,,,,,,,,,,,,,,,,,,,,,,,,,,,,,,,,,,,,,,,,,,,,,,,,,,,,,,,0.0,,0.0,,,,,0.0,0.0,0.0,0.0,0.0,0.0,0.0,0.0,0.0,0.0,,,,,0.0,0.0,0.0,0.0,,,,,0.0,,,,0.0,,,,,,,,F,46.0,31.0,0.309,0.674,0.565,0.109,,0.0,,,0.0,,,0.0,,,,0.0,,,,0.0,0.0,,,0.0,,0.0,0.0,,,CLE,,,0.0,,,,,0.0,2015,21400924,,CLE,PHX,20150307.0,2014-15,False,CLE,PHX,,,1.0,1.0,1.0,1.0,0.447,0.553,1.0,1.0,1.0,1.0,0.324,0.676,,,,,,,,,,,,,,,,,,,1.0,1.0,1.0,1.0,0.358,0.642,,,1.0,0.0,0.0,0.0,0.0,0.0,0.0,0.0,0.0,0.0,0.0,0.0,0.0,0.0,0.0,0.0,0.0,0.0,,,0.93,180.0,0.03,0.03,0.0,0.0,0.0,0.0,,,,,,,,,,,,,,,,,,,,,,,
2592,James Jones,James,1610612739,CLE,34.0,1,0,1,0.0,12.566666666666666,1,3,0.333,1,3,0.333,3,3,1.0,0,2,2,0,1,0,1,0,0,1,6,-2,10.4,0,0,11.0,1,68,68,68,107,89,99,80,26,30,35,20,36,1,54,67,76,98,49,68,10,1,1,61,73,72,96,10,1,90,,104,0.074,3.0,84.9,95.8,102.3,0.133,0.167,74,20.0,24,0.0,69,45,64,0.694,72,77.98,89,95.8,69,98.39,40,95,0.0,70,0.0,73,93.58,100.0,100.0,54,26,1.0,47,93.58,48,0.0,104,-4.2,-17.4,0.183,0.5,112,64,69,98,64,75,99,98,74,-4.2,0.167,69,18.8,1.0,0.0,0.0,0.0,12.0,0.0,0.0,12.0,0.0,0.0,0.0,0.0,0.0,0.0,0.0,0.0,0.0,0.0,0.0,0.0,0.0,0.0,0.0,0.0,0.0,0.0,0.0,0.0,18.0,6.0,0.4,0.0,0.0,1.44,0.0,0.0,11.0,0.333,0.39,0.0,10.8,4.0,10.8,2.0,1.0,0.5,1.0,0.0,0.0,0.667,4.0,0.0,0.0,2.0,0.0,0.0,0.0,0.0,0.667,0.0,0.5,0.0,0.0,,,,,,,,,,,,,,,,,0.0,0.0,2.0,,0.667,1.0,0.667,2.0,0.75,0.5,0.0,0.5,1.0,,,,,,,,,,,,,,0.333,0.0,0.0,0.0,1.0,0.333,,0.0,0.0,0.0,1.0,0.0,0.0,0.0,1.0,0.0,0.0,0.0,0.0,0.0,1.0,0.0,0.0,0.0,0.0,0.5,0.5,0.0,3.0,0.0,0.5,0.0,0.0,0.0,0.0,0.0,1.0,0.0,1.0,1.0,1.0,1.0,0.0,0.0,0.0,1.0,0.0,0.0,2.0,0.0,0.0,0.0,0.0,0.0,F,16.0,6.0,0.302,0.375,0.593,-0.218,0.0,0.0,,0.0,,,0.0,0.0,0.0,0.0,0.0,0.0,,0.0,0.0,0.0,0.0,3.0,0.0,0.0,0.333,,,1.0,0.0,CLE,0.0,0.0,2.0,0.5,2.0,1.0,0.75,1.0,2015,21400503,,CLE,DAL,20150104.0,2014-15,False,CLE,DAL,,,1.0,0.0,2.0,0.0,0.437,-0.437,,,,,,,1.0,0.0,2.0,0.0,0.489,-0.489,0.5,0.0,1.0,0.0,0.592,-0.592,0.5,0.0,1.0,0.0,0.534,-0.534,,,,,,,,,18.0,0.0,0.0,0.0,0.0,0.0,0.0,0.0,0.0,0.0,0.0,0.0,0.0,0.0,0.0,0.0,0.0,0.0,,,12.57,4561.0,0.86,0.48,0.39,4.28,4.99,3.64,,,,,,,,,,,,,,,,,,,,,,,
2592,James Jones,James,1610612739,CLE,34.0,1,1,0,1.0,6.866666666666666,0,0,0.0,0,0,0.0,0,0,0.0,0,1,1,0,0,0,0,0,4,0,0,8,1.2,0,0,1.0,1,1,1,1,33,31,39,31,20,29,20,23,25,23,21,24,28,27,22,16,17,1,34,28,33,10,37,8,2,37,,1,0.063,0.0,142.6,146.2,72.9,-0.15,0.1,1,0.0,13,0.0,19,21,23,0.0,16,81.55,31,146.2,1,99.26,40,1,0.0,39,0.0,1,97.86,73.3,73.3,21,33,0.0,10,97.86,31,0.0,1,72.8,69.7,0.0,0.0,1,2,1,27,2,39,39,27,1,72.8,0.0,19,0.0,0.0,0.0,0.0,0.0,3.0,0.0,0.0,1.0,0.0,0.0,0.0,0.0,0.0,0.0,0.0,0.0,0.0,0.0,0.0,0.0,0.0,0.0,0.0,0.0,0.0,0.0,0.0,0.0,4.0,0.0,0.1,0.0,0.0,1.5,0.0,0.0,1.0,0.0,0.25,,,,,,,,,,,,,,,,,,,,,,,,,,,,,,,,,,,,,,,,,,,,,,,,,,,,,,,,,,,,,,,,,,,,,,,,,,,,,,,,0.0,,0.0,,,,,0.0,0.0,0.0,0.0,0.0,0.0,0.0,0.0,0.0,0.0,0.0,,0.0,0.0,0.0,0.0,0.0,0.0,0.0,0.0,0.0,0.0,0.0,0.0,0.0,0.0,0.0,,0.0,,0.0,0.0,0.0,0.0,F,16.0,11.0,0.444,0.688,0.59,0.097,0.0,0.0,,0.0,,,,0.0,0.0,0.0,,0.0,,,0.0,0.0,0.0,0.0,0.0,0.0,0.0,,,0.0,0.0,CLE,0.0,0.0,0.0,,,,,0.0,2015,41400215,,CLE,CHI,20150512.0,2014-15,True,CLE,CHI,1610612741.0,CLE_CHI_2015,,,,,,,,,,,,,,,,,,,,,,,,,,,,,,,,,,,,,,,4.0,0.0,0.0,0.0,0.0,0.0,0.0,0.0,0.0,0.0,0.0,0.0,0.0,0.0,0.0,0.0,0.0,0.0,,,6.87,2804.0,0.53,0.23,0.3,4.37,4.5,4.28,,,,,,,,,,,,,,,,,,,,,,,
2592,James Jones,James,1610612739,CLE,34.0,1,0,1,0.0,12.0,2,5,0.4,2,5,0.4,0,0,0.0,0,2,2,1,0,0,0,0,1,0,6,-9,9.9,0,0,11.0,1,103,103,103,177,127,126,113,28,32,53,112,119,112,97,100,119,105,132,93,55,1,40,152,126,159,155,25,1,145,,1,0.087,5.0,106.3,109.5,151.8,0.092,0.222,93,0.0,21,0.0,189,37,90,0.6,105,71.67,127,109.5,185,85.44,103,194,0.0,86,0.167,201,86.0,145.5,145.5,97,76,2.0,196,86.0,62,16.7,1,-35.9,-45.5,0.203,0.6,108,199,185,66,199,83,126,89,93,-35.9,0.2,189,0.0,1.0,0.0,0.091,2.0,11.0,0.091,0.0,8.0,1.0,0.0,0.0,0.0,0.0,0.0,0.0,0.0,0.0,0.0,0.0,0.0,0.0,0.0,0.0,0.0,0.0,0.0,0.0,0.0,16.0,6.0,0.3,0.0,0.0,1.28,0.0,0.0,7.0,0.375,0.44,0.0,4.5,2.0,4.5,2.0,0.0,0.667,0.0,0.0,0.0,1.0,3.0,0.0,0.0,2.0,0.0,0.0,0.0,0.0,0.667,1.0,1.0,0.0,0.0,,,,,,,,,,,,,,,,,0.0,0.0,1.0,,0.2,0.0,0.2,1.0,0.0,0.0,0.0,0.0,0.0,3.0,3.0,1.0,2.0,0.6,2.0,0.0,,0.6,0.0,0.0,0.667,0.667,0.2,0.0,0.0,0.0,1.0,0.2,,0.0,0.0,0.0,1.0,0.0,0.0,1.0,3.0,3.0,0.5,0.333,0.333,1.0,3.0,0.0,0.0,0.0,0.0,0.6,0.5,0.0,3.0,0.0,0.0,,0.0,0.0,0.0,0.0,5.0,0.4,,0.0,,,0.0,0.0,0.0,0.0,2.0,,0.0,,0.0,0.0,0.0,0.0,F,5.0,2.0,0.185,0.4,0.584,-0.184,0.0,0.4,,0.0,,,,5.0,0.0,0.0,,0.0,,,0.0,2.0,0.0,0.0,0.0,0.0,0.0,,,0.0,0.0,CLE,0.0,0.0,2.0,0.5,2.0,1.0,0.75,1.0,2015,21400370,,CLE,ATL,20141217.0,2014-15,False,CLE,ATL,,,1.0,2.0,4.0,0.5,0.456,0.044,0.25,1.0,1.0,1.0,0.321,0.679,0.75,1.0,3.0,0.333,0.509,-0.176,0.25,0.0,1.0,0.0,0.568,-0.568,0.75,1.0,3.0,0.333,0.568,-0.234,0.25,1.0,1.0,1.0,0.349,0.651,,,16.0,0.0,0.0,0.0,0.0,0.0,0.0,0.0,0.0,0.0,0.0,0.0,0.0,0.0,0.0,0.0,0.0,0.0,,,12.0,4611.0,0.87,0.43,0.44,4.5,4.54,3.58,,,,,,,,,,,,,,,,,,,,,,,
2592,James Jones,James,1610612739,CLE,34.0,1,0,1,0.0,27.35,3,7,0.429,3,6,0.5,0,0,0.0,0,2,2,1,1,0,0,0,2,2,9,-6,11.9,0,0,15.0,1,114,114,114,88,100,110,105,6,12,29,123,132,123,123,117,138,107,85,115,73,1,93,65,100,173,165,23,1,127,,140,0.037,7.0,110.6,109.1,119.1,0.044,0.091,82,11.1,55,0.0,97,132,172,0.643,67,79.71,100,109.1,162,96.21,158,142,1.0,186,0.063,182,95.65,122.2,122.2,123,64,3.0,86,95.65,50,11.1,136,-13.1,-8.5,0.129,0.643,75,194,162,134,194,189,110,112,82,-13.1,0.121,97,11.1,1.0,0.0,0.107,2.0,28.0,0.036,2.0,27.0,3.0,0.0,0.0,0.0,0.0,0.0,0.0,0.0,0.0,0.0,0.0,0.0,0.0,0.0,0.0,0.0,0.0,0.0,0.0,1.0,38.0,9.0,1.2,0.0,0.0,1.84,0.0,0.0,30.0,0.237,0.47,2.0,2.8,4.0,2.8,0.0,1.0,0.4,1.0,0.0,0.0,0.667,5.0,0.0,0.0,0.0,0.0,2.0,0.0,1.0,0.5,1.0,0.5,1.0,0.0,,,,,,,,,,,,,,,,,1.0,0.143,1.0,0.0,0.143,0.0,0.286,2.0,0.0,0.0,0.0,0.0,0.0,2.0,2.0,1.5,2.0,0.286,2.0,0.0,,0.286,0.0,0.0,1.0,1.0,0.429,1.0,0.0,0.0,3.0,0.429,,0.333,0.5,0.0,3.0,0.333,1.0,0.0,0.0,0.0,0.0,0.0,,0.0,1.0,0.0,0.0,0.0,0.0,0.643,0.5,0.0,9.0,0.0,1.0,0.0,0.0,0.0,0.0,0.0,5.0,0.4,1.0,1.0,1.0,1.0,0.0,0.0,0.0,0.0,2.0,0.0,1.0,0.0,1.0,0.0,0.0,0.0,F,19.0,8.0,0.328,0.421,0.584,-0.163,1.0,0.4,0.0,0.0,0.0,0.0,0.0,5.0,0.0,0.0,0.0,0.0,0.0,0.0,0.0,2.0,0.0,1.0,0.0,0.0,1.0,0.0,0.0,1.0,0.0,CLE,0.0,0.0,6.0,0.5,6.0,3.0,0.75,3.0,2015,21400509,,PHI,CLE,20150105.0,2014-15,False,CLE,PHI,,,1.0,4.0,5.0,0.8,0.399,0.401,0.4,2.0,2.0,1.0,0.331,0.67,0.6,2.0,3.0,0.667,0.459,0.208,0.6,2.0,3.0,0.667,0.537,0.129,0.6,2.0,3.0,0.667,0.49,0.177,0.4,2.0,2.0,1.0,0.323,0.678,,,38.0,0.0,0.0,0.0,0.0,0.0,0.0,0.0,0.0,0.0,0.0,0.0,0.0,0.0,0.0,0.0,0.0,0.0,,,27.35,9911.0,1.88,1.06,0.82,4.18,4.44,3.86,,,,,,,,,,,,,,,,,,,,,,,
2592,James Jones,James,1610612739,CLE,34.0,1,0,1,0.0,8.033333333333333,0,2,0.0,0,2,0.0,0,0,0.0,0,2,2,0,0,0,0,0,2,0,0,4,2.4,0,0,2.0,1,20,20,20,31,32,29,32,19,18,19,22,24,22,23,18,21,27,22,24,14,1,16,28,32,12,32,7,2,32,,1,0.2,2.0,130.5,142.9,119.0,-0.056,0.4,1,0.0,14,0.0,35,1,2,0.0,21,69.71,32,142.9,1,85.92,32,13,0.0,24,0.0,30,83.65,114.3,114.3,23,32,0.0,30,83.65,32,0.0,1,28.6,11.5,0.131,0.0,2,25,1,27,25,22,29,27,1,28.6,0.133,35,0.0,0.0,0.0,0.0,0.0,6.0,0.0,0.0,3.0,0.0,0.0,0.0,0.0,0.0,0.0,0.0,0.0,0.0,0.0,0.0,0.0,0.0,0.0,0.0,0.0,0.0,0.0,0.0,0.0,8.0,0.0,0.2,0.0,0.0,1.22,0.0,0.0,3.0,0.0,0.5,1.0,9.2,3.0,9.2,1.0,0.0,0.667,0.0,0.0,0.0,0.667,3.0,0.0,0.0,1.0,0.0,1.0,0.0,0.5,0.667,0.0,0.667,0.5,0.0,,,,,,,,,,,,,,,,,,,,,,,,,,,,,,,,,,,,,,,,,,,1.0,0.0,0.0,0.0,2.0,1.0,,0.0,0.0,0.0,2.0,0.0,0.0,0.0,0.0,0.0,,,,0.0,0.0,0.0,0.0,0.0,0.0,0.0,0.0,0.0,0.0,0.0,0.0,,0.0,0.0,0.0,0.0,1.0,0.0,0.0,0.0,0.0,0.0,0.0,0.0,0.0,1.0,0.0,,1.0,,0.0,0.0,0.0,0.0,F,5.0,3.0,0.357,0.6,0.618,-0.018,0.0,0.0,,0.0,,,,1.0,0.0,0.0,,0.0,,,0.0,0.0,0.0,1.0,0.0,0.0,0.0,,,0.0,0.0,CLE,0.0,0.0,2.0,0.0,2.0,0.0,0.0,0.0,2015,41400211,,CLE,CHI,20150504.0,2014-15,True,CLE,CHI,1610612741.0,CLE_CHI_2015,1.0,1.0,3.0,0.333,0.398,-0.065,,,,,,,1.0,1.0,3.0,0.333,0.408,-0.075,,,,,,,,,,,,,0.333,0.0,1.0,0.0,0.35,-0.35,,,8.0,0.0,0.0,0.0,0.0,0.0,0.0,0.0,0.0,0.0,0.0,0.0,0.0,0.0,0.0,0.0,0.0,0.0,,,8.03,3067.0,0.58,0.27,0.31,4.47,5.22,3.92,,,,,,,,,,,,,,,,,,,,,,,
2592,James Jones,James,1610612739,CLE,34.0,1,0,1,0.0,10.5,0,2,0.0,0,2,0.0,0,0,0.0,0,0,0,1,0,0,1,0,1,1,0,-9,4.5,0,0,3.0,1,64,64,64,110,108,104,108,57,55,57,70,74,70,65,109,112,66,79,63,15,1,25,63,113,103,112,12,1,115,,1,0.0,2.0,81.0,80.0,119.7,-0.037,0.0,117,0.0,20,0.0,94,109,112,0.0,69,78.1,108,80.0,114,92.89,119,114,0.0,106,0.143,99,93.71,119.0,119.0,65,113,0.0,103,93.71,108,33.3,1,-39.0,-38.8,0.096,0.0,116,100,114,44,100,108,104,9,117,-39.0,0.091,94,0.0,1.0,0.0,0.0,0.0,7.0,0.143,0.0,7.0,0.0,0.0,0.0,0.0,0.0,0.0,0.0,0.0,0.0,0.0,0.0,1.0,1.0,0.0,0.0,0.0,1.0,0.0,0.0,0.0,9.0,0.0,0.2,0.0,0.0,1.53,0.0,0.0,6.0,0.0,0.89,,,,,,,,,,,,,,,,,,,,,,,,,,,,,,,,,,,,,,,,,0.0,0.0,1.0,,0.5,0.0,0.5,1.0,0.0,0.0,0.0,0.0,0.0,,,,,,,,,,,,,,0.5,0.0,0.0,0.0,1.0,0.5,,0.0,0.0,0.0,1.0,0.0,0.0,0.0,0.0,0.0,,,,0.0,0.0,0.0,0.0,0.0,0.0,0.0,0.0,0.0,0.0,0.0,0.0,0.0,0.0,0.0,0.0,0.0,1.0,0.0,1.0,0.0,0.0,0.0,0.0,0.0,0.0,0.0,0.0,0.0,1.0,0.0,0.0,0.0,0.0,0.0,F,6.0,2.0,0.194,0.333,0.581,-0.247,0.0,0.0,,0.0,,,0.0,1.0,0.0,0.0,0.0,0.0,,0.0,0.0,0.0,0.0,1.0,0.0,0.0,0.0,,,0.0,0.0,CLE,0.0,0.0,2.0,0.0,2.0,0.0,0.0,0.0,2015,21400453,,CLE,DET,20141228.0,2014-15,False,CLE,DET,,,1.0,1.0,3.0,0.333,0.448,-0.115,,,,,,,1.0,1.0,3.0,0.333,0.472,-0.139,0.333,0.0,1.0,0.0,0.562,-0.562,0.667,0.0,2.0,0.0,0.517,-0.517,0.333,1.0,1.0,1.0,0.398,0.602,,,9.0,0.0,0.0,0.0,0.0,0.0,0.0,0.0,0.0,0.0,0.0,0.0,0.0,0.0,0.0,0.0,0.0,0.0,,,10.5,3890.0,0.74,0.4,0.33,4.0,4.88,3.22,,,,,,,,,,,,,,,,,,,,,,,
2592,James Jones,James,1610612739,CLE,34.0,1,0,1,0.0,17.843333333333334,0,3,0.0,0,1,0.0,0,0,0.0,0,3,3,0,1,0,1,0,1,0,0,-15,5.6,0,0,5.0,1,13,13,13,13,15,14,15,9,10,9,13,13,13,10,10,10,13,5,7,2,1,6,15,18,20,14,4,1,14,,21,0.067,3.0,67.1,67.6,124.5,-0.036,0.188,15,25.0,34,0.0,21,9,14,0.0,7,73.98,15,67.6,22,87.16,19,22,0.0,19,0.0,22,88.77,118.8,118.8,10,18,0.0,15,88.77,15,0.0,21,-51.1,-57.4,0.097,0.0,17,22,22,13,22,18,14,13,15,-51.1,0.095,21,25.0,2.0,0.0,0.0,0.0,23.0,0.0,0.0,17.0,0.0,0.0,0.0,0.0,0.0,0.0,0.0,0.0,0.0,0.0,0.0,0.0,0.0,0.0,0.0,0.0,0.0,0.0,0.0,1.0,26.0,0.0,0.7,0.0,0.0,1.58,0.0,2.0,16.0,0.0,0.35,1.0,2.6,5.0,2.6,2.0,0.0,0.429,0.0,0.0,0.0,0.6,7.0,0.0,0.0,2.0,0.0,1.0,0.0,0.333,0.429,2.0,0.6,0.333,0.0,0.0,0.0,1.0,0.333,0.0,0.0,0.0,0.0,1.0,,0.0,0.333,0.0,1.0,,,1.0,0.333,0.0,0.0,0.0,0.0,0.333,1.0,0.0,,0.0,0.0,0.0,1.0,1.0,0.0,0.0,0.333,0.0,0.0,,0.333,0.0,0.0,0.0,0.0,,,,,,,,,,,,,,0.0,0.0,0.0,,,,0.0,0.0,0.0,0.0,0.0,0.0,0.0,0.0,0.0,0.0,0.0,0.0,0.0,0.0,0.0,0.0,1.0,0.0,0.0,1.0,0.0,0.0,0.0,0.0,0.0,0.0,0.0,0.0,0.0,1.0,0.0,1.0,0.0,0.0,0.0,F,35.0,23.0,0.385,0.657,0.611,0.046,1.0,0.0,,0.0,0.0,,0.0,0.0,0.0,0.0,0.0,0.0,,0.0,0.0,0.0,0.0,1.0,0.0,1.0,0.0,0.0,0.0,0.0,0.0,CLE,0.0,0.0,2.0,0.0,1.0,0.0,0.0,0.0,2015,41400404,,CLE,GSW,20150611.0,2014-15,True,CLE,GSW,1610612744.0,CLE_GSW_2015,1.0,4.0,5.0,0.8,0.472,0.328,0.6,2.0,3.0,0.667,0.388,0.278,0.4,2.0,2.0,1.0,0.54,0.46,0.2,1.0,1.0,1.0,0.715,0.285,0.2,1.0,1.0,1.0,0.674,0.326,0.6,2.0,3.0,0.667,0.389,0.278,,,26.0,2.0,0.0,1.0,0.0,0.0,0.0,0.0,0.0,0.0,1.0,0.5,0.0,0.0,0.0,0.0,0.0,0.0,,,17.85,6474.0,1.23,0.71,0.52,4.04,3.98,4.13,,,,,,,,,,,,,,,,,,,,,,,
2592,James Jones,James,1610612739,CLE,34.0,1,0,1,0.0,10.486666666666666,2,4,0.5,2,4,0.5,0,0,0.0,1,1,2,0,0,1,0,1,0,0,6,5,11.4,0,0,12.0,1,137,137,137,235,149,191,77,25,41,37,147,153,147,81,188,177,199,189,56,75,196,1,198,148,73,189,21,1,179,,1,0.083,4.0,130.8,123.8,118.2,0.16,0.077,22,0.0,21,0.091,213,181,125,0.75,150,78.19,149,123.8,57,86.14,59,80,0.0,169,0.0,242,93.83,105.0,105.0,45,33,2.0,270,93.83,30,0.0,1,18.8,12.5,0.168,0.75,17,185,57,199,185,170,191,199,22,18.8,0.16,213,0.0,2.0,0.0,0.0,0.0,14.0,0.0,0.0,11.0,0.0,0.0,0.0,0.0,0.0,0.0,0.0,0.0,0.0,0.0,0.0,0.0,0.0,0.0,0.0,0.0,0.0,0.0,0.0,0.0,18.0,6.0,0.3,0.0,0.0,1.13,0.0,0.0,13.0,0.333,0.17,2.0,8.9,2.0,4.7,0.0,0.0,0.667,0.0,1.0,1.0,0.5,3.0,1.0,0.0,0.0,0.0,1.0,1.0,1.0,0.667,1.0,0.5,1.0,13.2,,,,,,,,,,,,,,,,,0.0,0.0,1.0,,0.333,1.0,0.333,1.0,1.5,1.0,0.0,1.0,1.0,2.0,2.0,0.75,1.0,0.667,1.0,0.0,,0.667,0.0,0.0,0.5,0.5,,,,,,,,,,,,,,0.0,0.0,0.0,,,,0.0,0.0,0.0,0.0,0.0,0.0,0.75,0.5,0.0,6.0,0.0,0.667,,0.0,1.0,0.0,0.0,1.0,0.0,2.0,2.0,1.0,0.5,0.0,0.0,1.0,1.0,0.0,,3.0,,0.0,0.0,0.0,0.0,F,20.0,9.0,0.323,0.45,0.582,-0.132,0.0,0.0,,0.0,,,0.0,1.0,0.0,0.0,0.0,0.0,,0.0,0.0,0.0,0.0,3.0,0.0,0.0,0.667,,,2.0,0.0,CLE,0.0,0.0,3.0,0.667,3.0,2.0,1.0,2.0,2015,21400523,,CLE,HOU,20150107.0,2014-15,False,CLE,HOU,,,1.0,3.0,4.0,0.75,0.388,0.362,0.75,2.0,3.0,0.667,0.322,0.345,0.25,1.0,1.0,1.0,0.454,0.546,0.25,1.0,1.0,1.0,0.546,0.454,0.25,1.0,1.0,1.0,0.489,0.511,0.75,2.0,3.0,0.667,0.317,0.35,,,18.0,0.0,0.0,0.0,0.0,0.0,0.0,0.0,0.0,0.0,0.0,0.0,0.0,0.0,0.0,0.0,0.0,0.0,,,10.48,3991.0,0.76,0.39,0.36,4.58,4.51,4.65,,,,,,,,,,,,,,,,,,,,,,,
2592,James Jones,James,1610612739,CLE,34.0,1,1,0,1.0,13.933333333333334,0,3,0.0,0,3,0.0,0,0,0.0,0,0,0,0,0,0,0,0,1,0,0,11,0.0,0,0,0.0,1,1,1,1,15,15,15,15,6,6,6,10,12,10,11,16,17,12,13,9,7,1,2,15,16,1,18,3,1,18,,1,0.0,3.0,116.3,123.1,85.2,-0.103,0.0,1,0.0,26,0.0,16,16,17,0.0,11,74.64,15,123.1,1,89.84,18,1,0.0,17,0.0,2,89.57,80.8,80.8,11,16,0.0,17,89.57,15,0.0,1,42.3,31.1,0.095,0.0,1,1,1,12,1,17,15,12,1,42.3,0.094,16,0.0,0.0,0.0,0.0,0.0,7.0,0.0,0.0,5.0,0.0,0.0,0.0,0.0,0.0,0.0,0.0,0.0,0.0,0.0,0.0,0.0,0.0,0.0,0.0,0.0,0.0,0.0,0.0,0.0,10.0,0.0,0.3,0.0,0.0,1.63,0.0,0.0,6.0,0.0,0.2,,,,,,,,,,,,,,,,,,,,,,,,,,0.0,1.0,0.0,0.333,1.0,0.0,0.0,1.0,,0.0,0.333,0.0,0.0,,0.0,,,,,,,,,,,,,,,,,,,,,,,,,,,0.667,0.0,0.0,0.0,2.0,0.667,,0.0,0.0,0.0,2.0,0.0,0.0,0.0,0.0,0.0,,,,0.0,0.0,0.0,0.0,0.0,0.0,0.0,0.0,0.0,0.0,0.0,0.0,0.0,0.0,0.0,0.0,0.0,2.0,0.0,0.0,0.0,0.0,0.0,0.0,0.0,0.0,1.0,0.0,0.0,1.0,0.0,0.0,0.0,0.0,0.0,F,18.0,13.0,0.409,0.722,0.597,0.125,0.0,0.0,0.0,0.0,,0.0,0.0,1.0,0.0,0.0,0.0,0.0,0.0,0.0,0.0,0.0,0.0,2.0,0.0,0.0,0.0,,,0.0,0.0,CLE,0.0,0.0,3.0,0.0,3.0,0.0,0.0,0.0,2015,41400301,,ATL,CLE,20150520.0,2014-15,True,CLE,ATL,1610612737.0,CLE_ATL_2015,1.0,1.0,3.0,0.333,0.437,-0.104,0.333,0.0,1.0,0.0,0.307,-0.307,0.667,1.0,2.0,0.5,0.494,0.006,0.333,1.0,1.0,1.0,0.72,0.28,0.333,1.0,1.0,1.0,0.621,0.379,0.333,0.0,1.0,0.0,0.317,-0.317,,,10.0,0.0,0.0,0.0,0.0,0.0,0.0,0.0,0.0,0.0,0.0,0.0,0.0,0.0,0.0,0.0,0.0,0.0,,,13.93,5347.0,1.01,0.52,0.49,4.32,4.31,4.34,,,,,,,,,,,,,,,,,,,,,,,
2592,James Jones,James,1610612739,CLE,34.0,1,1,0,1.0,15.22,2,4,0.5,2,3,0.667,0,0,0.0,1,3,4,0,0,0,0,0,1,0,6,11,10.8,0,0,12.0,1,1,1,1,70,49,60,32,8,25,7,43,45,43,16,29,29,57,54,39,26,1,20,58,47,8,66,8,2,56,,1,0.114,4.0,97.8,100.0,64.1,0.217,0.15,45,0.0,29,0.067,79,34,24,0.75,37,77.53,49,100.0,7,91.02,5,8,0.0,64,0.0,5,93.04,60.0,60.0,19,11,2.0,79,93.04,9,0.0,1,40.0,33.7,0.126,0.75,53,5,7,57,5,63,60,57,45,40.0,0.125,79,0.0,1.0,1.0,0.053,2.0,19.0,0.0,0.0,15.0,1.0,0.0,0.0,0.0,0.0,0.0,0.0,0.0,0.0,0.0,0.0,0.0,0.0,0.0,0.0,0.0,0.0,0.0,1.0,0.0,24.0,6.0,0.5,0.0,0.0,1.26,0.0,0.0,15.0,0.25,0.17,0.0,9.2,6.0,6.0,3.0,0.0,0.571,0.0,0.0,1.0,0.5,7.0,0.0,1.0,4.0,0.0,0.0,1.0,0.0,0.571,1.0,0.5,0.0,18.9,,,,,,,,,,,,,,,,,1.0,0.25,1.0,0.0,0.25,0.0,0.5,2.0,0.0,0.0,0.0,0.0,0.0,,,,,,,,,,,,,,0.5,2.0,0.0,0.0,2.0,0.5,,1.0,1.5,0.0,2.0,1.0,2.0,0.0,1.0,0.0,0.0,0.0,0.0,0.0,1.0,0.0,0.0,0.0,0.0,0.75,0.667,0.0,6.0,0.0,0.0,,0.0,0.0,0.0,0.0,3.0,0.667,0.0,0.0,0.0,0.0,0.0,0.0,0.0,0.0,2.0,,0.0,,1.0,0.0,0.0,0.0,F,37.0,22.0,0.314,0.595,0.563,0.032,0.0,0.667,,0.0,,,,3.0,0.0,0.0,,0.0,,,0.0,2.0,0.0,1.0,0.0,0.0,0.0,,,0.0,0.0,CLE,0.0,0.0,3.0,1.0,2.0,2.0,1.0,2.0,2015,21400839,,DET,CLE,20150224.0,2014-15,False,CLE,DET,,,1.0,2.0,2.0,1.0,0.412,0.589,0.5,1.0,1.0,1.0,0.379,0.621,0.5,1.0,1.0,1.0,0.46,0.54,,,,,,,,,,,,,0.5,1.0,1.0,1.0,0.398,0.602,,,24.0,0.0,0.0,0.0,0.0,0.0,0.0,0.0,0.0,0.0,0.0,0.0,0.0,0.0,0.0,0.0,0.0,0.0,,,15.22,5160.0,0.98,0.54,0.43,3.95,3.93,3.18,,,,,,,,,,,,,,,,,,,,,,,
2592,James Jones,James,1610612739,CLE,34.0,1,1,0,1.0,5.866666666666666,0,1,0.0,0,1,0.0,0,0,0.0,0,0,0,0,0,0,0,0,1,1,0,-4,0.0,0,0,0.0,1,1,1,1,170,158,169,158,80,91,80,108,111,108,88,157,164,129,119,89,52,1,33,89,164,115,174,20,1,174,,1,0.0,1.0,110.5,100.0,143.1,-0.068,0.0,85,0.0,13,0.0,49,157,164,0.0,94,85.23,158,100.0,164,96.71,171,162,0.0,168,0.0,172,102.27,141.7,141.7,88,164,0.0,87,102.27,158,0.0,1,-41.7,-32.6,0.078,0.0,50,174,164,129,174,170,169,129,85,-41.7,0.071,49,0.0,1.0,0.0,0.0,0.0,8.0,0.0,0.0,6.0,0.0,0.0,0.0,0.0,0.0,0.0,0.0,0.0,0.0,0.0,0.0,0.0,0.0,0.0,0.0,0.0,0.0,0.0,0.0,0.0,9.0,0.0,0.2,0.0,0.0,1.36,0.0,0.0,6.0,0.0,0.44,,,,,,,,,,,,,,,,,,,,,,,,,,,,,,,,,,,,,,,,,,,,,,,,,,,,,,,,,,,,,,,,,,,1.0,0.0,0.0,0.0,1.0,1.0,,0.0,0.0,0.0,1.0,0.0,0.0,0.0,0.0,0.0,,,,0.0,0.0,0.0,0.0,0.0,0.0,0.0,0.0,0.0,0.0,0.0,0.0,,0.0,0.0,0.0,0.0,1.0,0.0,,0.0,,,0.0,0.0,0.0,0.0,0.0,,0.0,,0.0,0.0,0.0,0.0,F,58.0,39.0,0.33,0.672,0.577,0.096,,0.0,,0.0,,,,1.0,0.0,0.0,,0.0,,,,0.0,0.0,0.0,0.0,0.0,0.0,,,0.0,,CLE,0.0,0.0,1.0,0.0,1.0,0.0,0.0,0.0,2015,21401092,,CLE,PHI,20150329.0,2014-15,False,CLE,PHI,,,1.0,2.0,3.0,0.667,0.419,0.248,0.333,1.0,1.0,1.0,0.244,0.756,0.667,1.0,2.0,0.5,0.476,0.025,0.333,0.0,1.0,0.0,0.587,-0.587,0.667,1.0,2.0,0.5,0.519,-0.019,0.333,1.0,1.0,1.0,0.243,0.757,,,9.0,0.0,0.0,0.0,0.0,0.0,0.0,0.0,0.0,0.0,0.0,0.0,0.0,0.0,0.0,0.0,0.0,0.0,,,5.87,2284.0,0.43,0.26,0.17,4.1,5.52,4.61,,,,,,,,,,,,,,,,,,,,,,,
2592,James Jones,James,1610612739,CLE,34.0,1,1,0,1.0,11.636666666666668,1,4,0.25,1,2,0.5,0,0,0.0,1,0,1,0,0,0,0,0,3,0,3,3,4.2,0,0,5.0,1,1,1,1,260,218,211,230,65,111,40,161,172,161,81,265,236,203,204,146,102,1,197,210,224,108,263,23,2,256,,1,0.053,4.0,151.8,150.0,119.9,-0.047,0.0,6,0.0,20,0.1,258,265,203,0.375,157,72.19,218,150.0,47,87.2,274,40,0.0,174,0.0,235,86.62,122.7,122.7,45,215,1.0,255,86.62,204,0.0,1,27.3,31.9,0.168,0.375,5,239,47,203,239,169,211,203,6,27.3,0.167,258,0.0,0.0,0.0,0.0,0.0,9.0,0.0,0.0,8.0,0.0,0.0,1.0,0.0,0.0,0.0,0.0,0.0,0.0,0.0,0.0,0.0,1.0,0.0,0.0,0.0,0.0,0.0,0.0,0.0,13.0,3.0,0.4,0.0,0.0,1.94,0.0,0.0,9.0,0.231,0.46,0.0,38.2,2.0,0.0,0.0,0.0,0.333,0.0,0.0,1.0,0.0,3.0,0.0,1.0,1.0,0.0,0.0,1.0,0.0,0.333,1.0,0.0,0.0,38.2,,,,,,,,,,,,,,,,,2.0,0.5,0.0,0.0,0.0,0.0,0.5,2.0,0.0,,0.0,0.0,0.0,,,,,,,,,,,,,,0.5,1.0,0.0,0.0,2.0,0.5,,0.5,0.75,0.0,2.0,0.5,1.0,0.0,0.0,0.0,,,,0.0,0.0,0.0,0.0,0.0,0.0,0.375,0.333,0.0,3.0,0.0,1.0,,0.0,,0.0,0.0,1.0,0.0,1.0,1.0,1.0,1.0,0.0,0.0,,,0.0,,1.0,,1.0,0.0,1.0,0.0,F,72.0,50.0,0.353,0.694,0.578,0.117,1.0,0.0,,0.0,,,,0.0,0.0,0.0,,0.0,,,0.0,0.0,0.0,2.0,1.0,0.0,0.5,,,1.0,0.0,CLE,0.0,0.0,3.0,0.5,2.0,1.0,0.5,1.0,2015,21401225,,CLE,WAS,20150415.0,2014-15,False,CLE,WAS,,,1.0,3.0,4.0,0.75,0.49,0.26,0.25,1.0,1.0,1.0,0.386,0.614,0.75,2.0,3.0,0.667,0.515,0.152,0.25,1.0,1.0,1.0,0.577,0.423,0.75,2.0,3.0,0.667,0.568,0.099,0.25,1.0,1.0,1.0,0.376,0.624,,,13.0,0.0,0.0,0.0,0.0,0.0,0.0,0.0,0.0,0.0,0.0,0.0,0.0,0.0,0.0,0.0,0.0,0.0,,,11.63,4053.0,0.77,0.43,0.34,4.14,4.03,3.19,,,,,,,,,,,,,,,,,,,,,,,
2592,James Jones,James,1610612739,CLE,34.0,1,0,1,0.0,30.17,2,6,0.333,2,5,0.4,0,2,0.0,0,0,0,1,1,0,0,0,2,3,6,-4,6.5,0,0,9.0,1,152,152,152,90,165,166,169,24,34,56,159,89,159,159,256,265,142,95,139,106,1,126,55,173,190,243,32,3,216,,184,0.0,6.0,95.9,96.7,108.8,-0.02,0.0,179,11.1,61,0.0,146,256,265,0.436,73,80.21,165,96.7,188,94.98,262,204,1.0,251,0.048,200,96.25,105.0,105.0,159,175,2.0,181,96.25,104,11.1,176,-8.3,-12.9,0.113,0.5,180,172,188,198,172,247,166,157,179,-8.3,0.111,146,11.3,1.0,0.0,0.048,2.0,21.0,0.048,0.0,19.0,1.0,0.0,0.0,0.0,0.0,0.0,0.0,0.0,0.0,0.0,0.0,0.0,1.0,0.0,0.0,0.0,0.0,0.0,0.0,0.0,29.0,6.0,0.8,0.0,0.0,1.62,0.0,0.0,21.0,0.207,0.55,,,,,,,,,,,,,,,,,,,,,,,,,,1.0,1.0,0.0,0.333,2.0,0.0,1.0,2.0,,0.5,0.333,0.75,0.0,,0.5,1.0,0.167,1.0,0.0,0.167,0.0,0.333,2.0,0.0,0.0,0.0,0.0,0.0,1.0,1.0,1.5,1.0,0.167,1.0,0.0,,0.167,0.0,0.0,1.0,1.0,0.167,0.0,0.0,0.0,1.0,0.167,,0.0,0.0,0.0,1.0,0.0,0.0,0.0,1.0,0.0,0.0,0.0,0.0,0.0,2.0,0.0,0.0,0.0,0.0,0.5,0.5,0.0,6.0,0.0,0.333,0.0,0.0,0.0,0.0,0.0,2.0,0.5,2.0,1.0,1.0,0.5,0.0,0.0,0.0,1.0,1.0,0.0,3.0,0.0,1.0,0.0,0.0,0.0,F,37.0,22.0,0.303,0.595,0.563,0.032,1.0,0.5,0.0,0.0,,0.0,0.0,2.0,0.0,0.0,0.0,0.0,0.0,0.0,0.0,1.0,0.0,3.0,0.0,0.0,0.333,,,1.0,0.0,CLE,0.0,0.0,4.0,0.5,4.0,2.0,0.75,2.0,2015,21400856,,IND,CLE,20150227.0,2014-15,False,CLE,IND,,,1.0,1.0,3.0,0.333,0.447,-0.114,0.333,0.0,1.0,0.0,0.358,-0.358,0.667,1.0,2.0,0.5,0.453,0.048,,,,,,,0.333,0.0,1.0,0.0,0.528,-0.528,0.667,1.0,2.0,0.5,0.36,0.141,,,29.0,0.0,0.0,0.0,0.0,0.0,0.0,0.0,0.0,0.0,0.0,0.0,0.0,0.0,0.0,0.0,0.0,0.0,,,30.17,11845.0,2.24,1.27,0.98,4.38,4.86,4.28,,,,,,,,,,,,,,,,,,,,,,,
2592,James Jones,James,1610612739,CLE,34.0,1,1,0,1.0,1.4666666666666666,0,0,0.0,0,0,0.0,0,0,0.0,0,0,0,0,0,0,0,0,0,0,0,-2,0.0,0,0,0.0,1,1,1,1,255,222,250,222,101,164,101,144,154,144,133,223,231,186,167,120,73,1,1,182,229,149,252,23,1,252,,1,0.0,0.0,100.0,66.7,138.9,0.0,0.0,252,0.0,3,0.0,248,223,231,0.0,136,68.18,222,66.7,257,79.85,222,235,0.0,253,0.0,251,81.82,200.0,200.0,133,229,0.0,254,81.82,222,0.0,1,-133.3,-38.9,0.0,0.0,137,257,257,186,257,253,250,186,252,-133.3,0.0,248,0.0,0.0,0.0,0.0,0.0,3.0,0.0,0.0,1.0,0.0,0.0,0.0,0.0,0.0,0.0,0.0,0.0,0.0,0.0,0.0,0.0,0.0,0.0,0.0,0.0,0.0,0.0,0.0,0.0,3.0,0.0,0.1,0.0,0.0,1.61,0.0,0.0,1.0,0.0,0.0,,,,,,,,,,,,,,,,,,,,,,,,,,,,,,,,,,,,,,,,,,,,,,,,,,,,,,,,,,,,,,,,,,,,,,,,,,,,,,,,0.0,,0.0,,,,,0.0,0.0,0.0,0.0,0.0,0.0,0.0,0.0,0.0,0.0,,,0.0,,0.0,0.0,0.0,0.0,,,,,0.0,0.0,,,0.0,,,,0.0,0.0,0.0,0.0,F,25.0,12.0,0.309,0.48,0.567,-0.087,,0.0,,0.0,,,,0.0,,0.0,,0.0,,,,0.0,0.0,0.0,0.0,0.0,0.0,,,0.0,,CLE,,,0.0,,,,,0.0,2015,21400626,,CLE,UTA,20150121.0,2014-15,False,CLE,UTA,,,,,,,,,,,,,,,,,,,,,,,,,,,,,,,,,,,,,,,,,3.0,0.0,0.0,0.0,0.0,0.0,0.0,0.0,0.0,0.0,0.0,0.0,0.0,0.0,0.0,0.0,0.0,0.0,,,1.47,495.0,0.09,0.06,0.04,4.05,6.55,0.0,,,,,,,,,,,,,,,,,,,,,,,
2592,James Jones,James,1610612739,CLE,34.0,1,0,1,0.0,15.441666666666666,3,6,0.5,3,6,0.5,0,0,0.0,0,1,1,0,1,0,0,0,2,1,9,12,9.2,0,0,13.0,1,80,80,80,128,74,95,37,6,17,19,86,90,86,90,111,127,105,57,77,53,1,62,80,76,25,120,17,1,105,,104,0.032,6.0,119.6,115.2,83.3,0.083,0.067,21,14.3,33,0.0,49,111,126,0.75,75,81.6,74,115.2,18,97.85,83,8,0.0,75,0.0,24,97.92,86.7,86.7,90,14,3.0,63,97.92,12,0.0,103,28.5,36.3,0.196,0.75,12,31,18,105,31,80,95,105,21,28.5,0.184,49,14.3,2.0,0.0,0.0,0.0,17.0,0.0,0.0,16.0,0.0,0.0,0.0,0.0,0.0,0.0,0.0,0.0,0.0,0.0,0.0,0.0,0.0,0.0,0.0,0.0,0.0,0.0,0.0,0.0,24.0,9.0,0.5,0.0,0.0,1.24,0.0,0.0,14.0,0.375,0.25,1.0,2.0,2.0,2.0,0.0,0.0,0.333,0.0,0.0,0.0,0.5,3.0,0.0,0.0,0.0,0.0,1.0,0.0,1.0,0.333,1.0,0.5,1.0,0.0,,0.0,1.0,0.0,0.167,1.0,0.0,0.0,1.0,,0.0,0.167,0.0,0.0,,0.0,,,,,,,,,,,,,,3.0,3.0,0.5,1.0,0.5,1.0,0.0,,0.5,0.0,0.0,0.333,0.333,0.333,2.0,0.0,0.0,2.0,0.333,,1.0,1.5,0.0,2.0,1.0,2.0,0.0,0.0,0.0,,,,0.0,0.0,0.0,0.0,0.0,0.0,0.75,0.5,0.0,9.0,0.0,0.0,0.0,0.0,0.0,0.0,0.0,6.0,0.5,0.0,0.0,0.0,0.0,0.0,0.0,0.0,0.0,3.0,0.0,0.0,0.0,0.0,0.0,0.0,0.0,F,40.0,25.0,0.301,0.625,0.566,0.059,0.0,0.6,0.0,0.0,,0.0,0.0,5.0,0.0,0.0,0.0,0.0,0.0,0.0,0.0,3.0,0.0,1.0,0.0,0.0,0.0,,,0.0,0.0,CLE,0.0,0.0,6.0,0.5,6.0,3.0,0.75,3.0,2015,21400883,,HOU,CLE,20150301.0,2014-15,False,CLE,HOU,,,1.0,4.0,11.0,0.364,0.442,-0.079,0.364,0.0,4.0,0.0,0.353,-0.353,0.636,4.0,7.0,0.571,0.477,0.094,0.273,3.0,3.0,1.0,0.606,0.394,0.455,3.0,5.0,0.6,0.526,0.074,0.364,0.0,4.0,0.0,0.35,-0.35,,,24.0,0.0,0.0,0.0,0.0,0.0,0.0,0.0,0.0,0.0,0.0,0.0,0.0,0.0,0.0,0.0,0.0,0.0,,,15.45,5380.0,1.02,0.56,0.46,3.91,4.85,3.77,,,,,,,,,,,,,,,,,,,,,,,
2592,James Jones,James,1610612739,CLE,34.0,1,1,0,1.0,2.3666666666666667,0,1,0.0,0,1,0.0,0,0,0.0,0,0,0,0,0,0,0,0,1,0,0,-6,0.0,0,0,0.0,1,1,1,1,176,160,165,160,80,92,80,92,97,92,97,161,165,120,119,84,48,1,28,124,163,124,176,20,2,176,,1,0.0,1.0,40.0,33.3,163.9,-0.174,0.0,178,0.0,6,0.0,5,161,165,0.0,90,92.96,160,33.3,179,100.19,178,179,0.0,74,0.0,175,111.55,160.0,160.0,97,163,0.0,49,111.55,160,0.0,1,-126.7,-123.9,0.2,0.0,178,176,179,120,176,102,165,120,178,-126.7,0.167,5,0.0,0.0,0.0,0.0,0.0,3.0,0.0,0.0,2.0,0.0,0.0,0.0,0.0,0.0,0.0,0.0,0.0,0.0,0.0,0.0,0.0,0.0,0.0,0.0,0.0,0.0,0.0,0.0,0.0,4.0,0.0,0.1,0.0,0.0,1.29,0.0,0.0,3.0,0.0,0.0,,,,,,,,,,,,,,,,,,,,,,,,,,,,,,,,,,,,,,,,,,,,,,,,,,,,,,,,,,,,,,,,,,,1.0,0.0,0.0,0.0,1.0,1.0,,0.0,0.0,0.0,1.0,0.0,0.0,0.0,0.0,0.0,,,,0.0,0.0,0.0,0.0,0.0,0.0,0.0,0.0,0.0,0.0,0.0,0.0,,0.0,,0.0,0.0,0.0,0.0,1.0,0.0,0.0,0.0,0.0,0.0,,,0.0,,1.0,,0.0,0.0,0.0,0.0,F,26.0,13.0,0.306,0.5,0.567,-0.067,0.0,0.0,,0.0,,,,0.0,,0.0,,0.0,,,0.0,0.0,0.0,1.0,0.0,0.0,0.0,,,0.0,0.0,CLE,,,1.0,0.0,1.0,0.0,0.0,0.0,2015,21400700,,CLE,SAC,20150130.0,2014-15,False,CLE,SAC,,,,,,,,,,,,,,,,,,,,,,,,,,,,,,,,,,,,,,,,,4.0,0.0,0.0,0.0,0.0,0.0,0.0,0.0,0.0,0.0,0.0,0.0,0.0,0.0,0.0,0.0,0.0,0.0,,,2.37,948.0,0.18,0.11,0.07,5.05,3.51,8.92,,,,,,,,,,,,,,,,,,,,,,,
2592,James Jones,James,1610612739,CLE,34.0,1,1,0,1.0,22.25,6,10,0.6,5,9,0.556,0,0,0.0,0,2,2,0,0,0,0,0,3,0,17,-1,19.4,0,0,24.0,1,1,1,1,23,5,11,6,1,2,5,26,28,26,20,21,24,26,25,22,15,1,21,33,8,20,17,6,1,13,,1,0.051,10.0,127.1,128.6,129.5,0.131,0.111,5,0.0,42,0.0,32,20,25,0.85,19,74.61,5,128.6,24,91.64,15,23,0.0,16,0.0,39,89.53,134.1,134.1,20,4,6.0,34,89.53,4,0.0,1,-5.6,-2.4,0.211,0.85,3,38,24,26,38,15,11,26,5,-5.6,0.204,32,0.0,1.0,0.0,0.0,0.0,19.0,0.0,0.0,18.0,0.0,0.0,0.0,0.0,0.0,0.0,0.0,0.0,0.0,0.0,0.0,0.0,0.0,0.0,0.0,0.0,0.0,0.0,0.0,0.0,29.0,17.0,0.7,0.0,0.0,1.48,0.0,0.0,18.0,0.586,0.28,1.0,3.4,6.0,3.4,1.0,1.0,0.286,1.0,0.0,0.0,0.4,7.0,0.0,0.0,1.0,0.0,1.0,0.0,0.5,0.333,1.0,0.333,0.5,0.0,,,,,,,,,,,,,,,,,1.0,0.1,0.0,1.0,0.0,1.0,0.1,1.0,1.0,,1.0,1.0,0.0,3.0,3.0,0.5,1.0,0.3,1.0,0.0,,0.3,0.0,0.0,0.333,0.333,0.6,4.0,0.0,0.0,6.0,0.6,,0.667,1.0,0.0,6.0,0.667,4.0,1.0,1.0,2.0,0.5,0.5,0.0,0.0,2.0,0.0,0.0,0.0,0.0,0.85,0.625,0.0,15.0,0.0,1.0,0.0,1.0,1.0,0.0,0.0,5.0,0.2,3.0,4.0,3.0,1.0,0.0,0.0,1.0,1.0,1.0,0.0,4.0,0.0,1.0,1.0,0.0,0.0,F,8.0,6.0,0.381,0.75,0.606,0.144,0.0,0.2,0.0,0.0,0.0,0.0,0.0,5.0,0.0,0.0,0.0,0.0,0.0,0.0,0.0,1.0,0.0,5.0,0.0,0.0,1.0,0.0,0.0,5.0,0.0,CLE,0.0,0.0,8.0,0.625,8.0,5.0,0.938,5.0,2015,41400212,,CLE,CHI,20150506.0,2014-15,True,CLE,CHI,1610612741.0,CLE_CHI_2015,1.0,6.0,7.0,0.857,0.451,0.406,,,,,,,1.0,6.0,7.0,0.857,0.48,0.377,0.429,3.0,3.0,1.0,0.584,0.416,0.714,5.0,5.0,1.0,0.54,0.46,0.286,1.0,2.0,0.5,0.318,0.182,,,29.0,0.0,0.0,0.0,0.0,0.0,0.0,0.0,0.0,0.0,0.0,0.0,0.0,0.0,0.0,0.0,0.0,0.0,,,22.25,8410.0,1.59,0.9,0.7,4.31,4.25,4.4,,,,,,,,,,,,,,,,,,,,,,,
2592,James Jones,James,1610612739,CLE,34.0,1,0,1,0.0,6.005,2,2,1.0,2,2,1.0,0,0,0.0,0,2,2,0,0,0,0,0,1,0,6,9,8.4,0,0,10.0,1,130,130,130,233,135,205,1,14,92,1,139,147,139,139,124,156,181,167,131,81,1,58,178,143,38,194,16,1,174,,1,0.143,2.0,152.3,160.0,117.6,0.203,0.333,3,0.0,15,0.0,14,15,54,1.5,131,99.92,135,160.0,8,113.99,27,19,0.0,222,0.0,199,119.9,100.0,100.0,139,1,2.0,12,119.9,1,0.0,1,60.0,34.7,0.101,1.5,11,100,8,181,100,217,205,181,3,60.0,0.105,14,0.0,0.0,0.0,0.0,0.0,6.0,0.0,0.0,3.0,0.0,0.0,0.0,0.0,0.0,0.0,0.0,0.0,0.0,0.0,0.0,0.0,0.0,0.0,0.0,0.0,0.0,0.0,0.0,0.0,8.0,6.0,0.3,0.0,0.0,1.89,0.0,0.0,5.0,0.75,0.13,1.0,4.4,3.0,4.4,1.0,0.0,0.667,0.0,0.0,0.0,0.667,3.0,0.0,0.0,1.0,0.0,1.0,0.0,0.5,0.667,0.0,0.667,0.5,0.0,,,,,,,,,,,,,,,,,0.0,0.0,2.0,,1.0,2.0,1.0,2.0,1.5,1.0,0.0,1.0,2.0,,,,,,,,,,,,,,,,,,,,,,,,,,,0.0,0.0,0.0,,,,0.0,0.0,0.0,0.0,0.0,0.0,1.5,1.0,0.0,6.0,0.0,0.0,0.0,0.0,0.0,0.0,0.0,2.0,1.0,0.0,0.0,0.0,0.0,0.0,0.0,0.0,0.0,2.0,0.0,0.0,0.0,0.0,0.0,0.0,0.0,F,4.0,2.0,0.174,0.5,0.589,-0.089,0.0,1.0,,0.0,,,0.0,2.0,,0.0,0.0,0.0,,0.0,0.0,2.0,0.0,0.0,0.0,0.0,0.0,,,0.0,0.0,CLE,,,2.0,1.0,2.0,2.0,1.5,2.0,2015,21400336,,NOP,CLE,20141212.0,2014-15,False,CLE,NOP,,,1.0,2.0,3.0,0.667,0.408,0.259,0.667,1.0,2.0,0.5,0.32,0.18,0.333,1.0,1.0,1.0,0.458,0.542,0.333,1.0,1.0,1.0,0.55,0.45,0.333,1.0,1.0,1.0,0.493,0.507,0.667,1.0,2.0,0.5,0.342,0.158,,,8.0,0.0,0.0,0.0,0.0,0.0,0.0,0.0,0.0,0.0,0.0,0.0,0.0,0.0,0.0,0.0,0.0,0.0,,,6.0,2066.0,0.39,0.22,0.17,4.05,4.03,4.07,,,,,,,,,,,,,,,,,,,,,,,
2592,James Jones,James,1610612739,CLE,34.0,1,1,0,1.0,19.6,1,5,0.2,1,4,0.25,2,3,0.667,0,2,2,1,0,1,0,0,2,2,5,10,11.9,0,0,11.0,1,1,1,1,14,16,15,18,5,6,8,6,6,5,11,11,11,10,12,3,9,1,14,9,15,7,15,4,1,14,,1,0.056,5.0,129.9,132.4,100.4,0.026,0.105,4,0.0,37,0.0,16,14,15,0.396,10,77.55,16,132.4,6,93.75,19,5,0.0,18,0.063,8,93.06,100.0,100.0,11,16,1.0,13,93.06,17,14.3,1,32.4,29.5,0.151,0.3,4,7,6,15,7,18,15,11,4,32.4,0.146,16,0.0,1.0,0.0,0.077,2.0,13.0,0.077,0.0,14.0,1.0,0.0,0.0,0.0,0.0,0.0,0.0,0.0,0.0,0.0,0.0,0.0,0.0,0.0,0.0,0.0,0.0,0.0,0.0,1.0,21.0,5.0,0.6,0.0,0.0,1.6,0.0,0.0,12.0,0.238,0.57,1.0,5.2,5.0,5.2,1.0,0.0,0.4,0.0,0.0,0.0,0.4,5.0,0.0,0.0,1.0,0.0,1.0,0.0,0.5,0.4,0.0,0.4,0.5,0.0,,,,,,,,,,,,,,,,,0.0,0.0,1.0,,0.2,1.0,0.2,1.0,1.5,1.0,0.0,1.0,1.0,2.0,1.0,0.0,0.0,0.4,0.0,0.0,0.0,0.2,0.2,1.0,0.0,0.0,0.4,0.0,0.0,0.0,2.0,0.4,,0.0,0.0,0.0,2.0,0.0,0.0,0.0,1.0,0.0,0.0,0.0,0.0,0.0,1.0,0.0,0.0,0.0,0.0,0.3,0.25,0.0,3.0,0.0,0.333,0.0,0.0,1.0,0.0,0.0,1.0,0.0,2.0,1.0,0.0,0.0,0.0,0.0,1.0,1.0,0.0,0.0,3.0,0.0,1.0,0.0,0.0,0.0,F,26.0,19.0,0.394,0.731,0.597,0.134,0.0,0.0,,0.0,,,0.0,1.0,0.0,0.0,0.0,0.0,,0.0,0.0,0.0,0.0,4.0,0.0,0.0,0.25,,,1.0,0.0,CLE,0.0,0.0,4.0,0.333,3.0,1.0,0.375,1.0,2015,41400304,,CLE,ATL,20150526.0,2014-15,True,CLE,ATL,1610612737.0,CLE_ATL_2015,1.0,3.0,7.0,0.429,0.438,-0.009,0.571,1.0,4.0,0.25,0.341,-0.091,0.429,2.0,3.0,0.667,0.484,0.183,0.286,1.0,2.0,0.5,0.555,-0.055,0.286,1.0,2.0,0.5,0.513,-0.013,0.571,1.0,4.0,0.25,0.377,-0.127,,,21.0,0.0,0.0,0.0,0.0,0.0,0.0,0.0,0.0,0.0,0.0,0.0,0.0,0.0,0.0,0.0,0.0,0.0,,,19.6,7018.0,1.33,0.73,0.6,3.99,4.18,3.79,,,,,,,,,,,,,,,,,,,,,,,
2592,James Jones,James,1610612739,CLE,34.0,1,0,1,0.0,27.4,1,5,0.2,0,4,0.0,3,3,1.0,0,1,1,0,1,0,0,0,3,1,5,4,5.2,0,0,6.0,1,10,10,10,11,13,13,13,9,6,9,8,9,1,11,14,15,11,8,8,9,1,7,12,12,5,15,5,2,15,,14,0.015,5.0,108.7,103.2,100.3,-0.023,0.031,7,14.3,62,0.0,7,15,15,0.396,8,89.05,13,103.2,8,103.95,15,6,0.0,13,0.0,11,106.86,100.0,100.0,11,13,1.0,7,106.86,13,0.0,14,3.2,8.4,0.108,0.2,5,11,8,11,11,13,13,11,7,3.2,0.096,7,13.7,0.0,0.0,0.0,0.0,20.0,0.0,0.0,14.0,0.0,0.0,0.0,0.0,0.0,0.0,0.0,0.0,0.0,0.0,0.0,0.0,0.0,0.0,0.0,0.0,0.0,0.0,0.0,0.0,27.0,5.0,0.6,0.0,0.0,1.31,0.0,0.0,14.0,0.185,0.04,1.0,4.6,8.0,4.6,0.0,0.0,0.125,0.0,0.0,0.0,0.125,8.0,0.0,0.0,0.0,0.0,1.0,0.0,1.0,0.125,0.0,0.125,1.0,0.0,,,,,,,,,,,,,,,,,,,,,,,,,,,,,,2.0,1.0,0.5,0.0,0.4,1.0,1.0,1.0,0.2,0.2,1.0,0.5,0.0,0.6,0.0,0.0,0.0,3.0,0.6,,0.0,0.0,0.0,3.0,0.0,0.0,0.0,0.0,0.0,,,,0.0,0.0,0.0,0.0,0.0,0.0,0.2,0.0,0.0,0.0,0.0,0.0,0.0,0.0,0.0,1.0,1.0,2.0,0.0,1.0,0.0,0.0,0.0,1.0,0.0,0.0,1.0,0.0,0.0,2.0,0.0,0.0,0.0,0.0,0.0,F,46.0,31.0,0.411,0.674,0.62,0.054,0.0,0.0,0.0,0.0,0.0,0.0,0.0,1.0,0.0,0.0,0.0,1.0,0.0,0.0,0.0,0.0,1.0,3.0,0.0,1.0,0.0,0.0,0.0,0.0,0.0,CLE,0.0,0.0,4.0,0.0,4.0,0.0,0.0,0.0,2015,41400406,,CLE,GSW,20150616.0,2014-15,True,CLE,GSW,1610612744.0,CLE_GSW_2015,1.0,11.0,15.0,0.733,0.474,0.259,0.4,5.0,6.0,0.833,0.378,0.456,0.6,6.0,9.0,0.667,0.538,0.129,0.467,6.0,7.0,0.857,0.669,0.188,0.533,6.0,8.0,0.75,0.605,0.146,0.467,5.0,7.0,0.714,0.371,0.343,,,27.0,0.0,0.0,0.0,0.0,0.0,0.0,0.0,0.0,0.0,0.0,0.0,0.0,0.0,0.0,0.0,0.0,0.0,,,27.4,10455.0,1.98,1.02,0.96,4.39,4.09,4.74,,,,,,,,,,,,,,,,,,,,,,,
2592,James Jones,James,1610612739,CLE,34.0,1,1,0,1.0,9.05,2,5,0.4,0,3,0.0,4,4,1.0,0,1,1,0,1,0,0,0,1,2,8,-4,8.2,0,0,9.0,1,1,1,1,211,131,137,132,89,52,89,18,28,1,121,155,176,163,90,105,77,1,52,70,112,154,189,21,1,175,,149,0.045,5.0,90.1,95.0,117.1,0.108,0.091,150,14.3,20,0.0,29,141,163,0.592,116,88.4,131,95.0,186,107.99,95,196,0.0,6,0.0,198,106.08,115.0,115.0,121,82,2.0,20,106.08,148,0.0,153,-20.0,-27.0,0.351,0.4,176,190,186,163,190,14,137,163,150,-20.0,0.318,29,12.9,0.0,0.0,0.0,0.0,11.0,0.0,0.0,10.0,0.0,0.0,0.0,0.0,0.0,0.0,0.0,0.0,0.0,0.0,0.0,0.0,0.0,0.0,0.0,0.0,0.0,0.0,1.0,2.0,17.0,8.0,0.4,2.0,2.5,1.54,0.0,0.0,10.0,0.471,0.24,0.0,2.6,1.0,2.6,1.0,1.0,1.0,1.0,0.0,0.0,0.0,1.0,0.0,0.0,1.0,0.0,0.0,0.0,0.0,0.0,0.0,1.0,0.0,0.0,1.0,0.0,1.0,0.2,0.0,0.0,1.0,1.0,1.0,,1.0,0.2,1.0,1.0,,,,,,,,,,,,,,,,2.0,1.0,0.5,0.0,0.4,1.0,1.0,1.0,0.2,0.2,1.0,0.5,0.0,0.4,0.0,0.0,0.0,2.0,0.4,,0.0,0.0,0.0,2.0,0.0,0.0,0.0,0.0,0.0,,,,0.0,0.0,0.0,1.0,2.0,0.0,0.4,0.0,1.0,0.0,5.0,0.0,0.0,0.0,0.0,0.0,0.0,2.0,0.0,,0.0,,,0.0,2.0,0.0,1.0,0.0,0.0,1.0,0.0,0.0,0.0,2.0,1.0,F,26.0,13.0,0.306,0.5,0.567,-0.067,0.0,0.0,,1.0,0.0,,0.0,2.0,0.0,2.0,0.0,0.0,,0.0,0.0,0.0,0.0,1.0,2.0,0.0,0.0,0.0,0.0,0.0,0.0,CLE,0.0,0.0,3.0,0.0,3.0,0.0,0.0,0.0,2015,21400643,,CLE,CHA,20150123.0,2014-15,False,CLE,CHA,,,1.0,1.0,4.0,0.25,0.35,-0.1,0.5,0.0,2.0,0.0,0.301,-0.301,0.5,1.0,2.0,0.5,0.425,0.075,0.25,1.0,1.0,1.0,0.554,0.446,0.25,1.0,1.0,1.0,0.512,0.488,0.75,0.0,3.0,0.0,0.296,-0.296,,,17.0,0.0,0.0,0.0,0.0,0.0,0.0,0.0,0.0,0.0,0.0,0.0,0.0,0.0,0.0,0.0,0.0,0.0,,,9.05,3322.0,0.63,0.36,0.27,3.98,4.84,4.4,,,,,,,,,,,,,,,,,,,,,,,
2592,James Jones,James,1610612739,CLE,34.0,1,0,1,0.0,18.148333333333333,1,7,0.143,0,6,0.0,7,9,0.778,0,0,0,0,0,2,0,0,3,6,9,-10,15.0,0,0,13.0,1,136,136,136,173,184,122,214,101,16,101,9,9,66,138,222,232,187,167,18,57,1,171,15,110,218,154,18,1,160,,1,0.0,7.0,64.8,64.7,94.8,0.0,0.0,240,0.0,34,0.0,229,222,232,0.411,141,73.84,184,64.7,221,89.56,211,218,0.0,44,0.0,75,88.6,97.0,97.0,138,169,1.0,210,88.6,216,0.0,1,-32.3,-30.0,0.268,0.143,239,87,221,187,87,55,122,187,240,-32.3,0.244,229,0.0,1.0,0.0,0.0,0.0,21.0,0.0,0.0,25.0,0.0,0.0,0.0,0.0,0.0,0.0,0.0,0.0,0.0,0.0,0.0,0.0,0.0,0.0,0.0,0.0,0.0,0.0,1.0,2.0,34.0,9.0,1.1,0.0,1.5,1.98,0.0,1.0,25.0,0.265,0.44,,,,,,,,,,,,,,,,,,,,,,,,,1.0,0.0,1.0,0.143,0.0,0.0,1.0,1.0,1.0,,1.0,0.143,1.0,1.0,,,,,,,,,,,,,,,,4.0,4.0,0.0,0.0,0.571,0.0,0.0,,0.571,0.0,0.0,0.0,0.0,0.286,0.0,0.0,0.0,2.0,0.286,,0.0,0.0,0.0,2.0,0.0,0.0,0.0,0.0,0.0,,,,0.0,0.0,0.0,0.0,0.0,0.0,0.143,0.0,1.0,0.0,3.0,0.0,0.0,1.0,0.0,0.0,0.0,4.0,0.0,1.0,0.0,0.0,0.0,0.0,0.0,0.0,1.0,0.0,0.0,2.0,0.0,1.0,1.0,0.0,0.0,F,65.0,45.0,0.346,0.692,0.578,0.114,0.0,0.0,,0.0,0.0,,0.0,3.0,0.0,0.0,0.0,1.0,,0.0,0.0,0.0,1.0,3.0,0.0,1.0,0.0,0.0,0.0,0.0,0.0,CLE,0.0,0.0,6.0,0.0,6.0,0.0,0.0,0.0,2015,21401178,,CLE,BOS,20150410.0,2014-15,False,CLE,BOS,,,1.0,3.0,5.0,0.6,0.427,0.173,0.6,1.0,3.0,0.333,0.363,-0.029,0.4,2.0,2.0,1.0,0.449,0.551,0.4,2.0,2.0,1.0,0.577,0.424,0.4,2.0,2.0,1.0,0.535,0.466,0.6,1.0,3.0,0.333,0.366,-0.032,,,34.0,1.0,0.0,0.0,0.0,0.0,0.0,0.0,0.0,0.0,1.0,1.0,0.0,0.0,0.0,0.0,0.0,0.0,,,18.15,6686.0,1.27,0.73,0.54,4.3,4.38,3.51,,,,,,,,,,,,,,,,,,,,,,,
2592,James Jones,James,1610612739,CLE,34.0,1,0,1,0.0,18.83333333333333,0,5,0.0,0,5,0.0,2,2,1.0,0,1,1,0,1,0,0,0,1,2,2,-14,2.2,0,0,3.0,1,117,117,117,151,198,148,198,99,24,99,56,67,1,131,162,183,172,89,122,80,1,42,61,185,201,216,23,1,212,,161,0.026,5.0,93.6,92.1,128.3,-0.049,0.059,164,14.3,38,0.0,119,178,196,0.17,123,80.71,198,92.1,211,96.34,217,207,0.0,145,0.0,211,96.85,128.9,128.9,131,199,0.0,130,96.85,198,0.0,152,-36.8,-34.7,0.166,0.0,157,214,211,172,214,135,148,172,164,-36.8,0.167,119,14.5,0.0,0.0,0.0,0.0,15.0,0.0,0.0,12.0,0.0,0.0,0.0,0.0,0.0,0.0,0.0,0.0,0.0,0.0,0.0,0.0,0.0,0.0,0.0,0.0,0.0,0.0,0.0,0.0,22.0,2.0,0.5,0.0,0.0,1.37,0.0,0.0,14.0,0.091,0.14,0.0,3.8,5.0,3.8,1.0,0.0,0.2,0.0,0.0,0.0,0.2,5.0,0.0,0.0,1.0,0.0,0.0,0.0,0.0,0.2,0.0,0.2,0.0,0.0,,,,,,,,,,,,,,,,,0.0,0.0,3.0,,0.6,0.0,0.6,3.0,0.0,0.0,0.0,0.0,0.0,1.0,1.0,0.0,0.0,0.2,0.0,0.0,,0.2,0.0,0.0,0.0,0.0,0.2,0.0,0.0,0.0,1.0,0.2,,0.0,0.0,0.0,1.0,0.0,0.0,0.0,1.0,0.0,0.0,0.0,0.0,0.0,1.0,0.0,0.0,0.0,0.0,0.0,0.0,0.0,0.0,0.0,0.0,0.0,0.0,0.0,0.0,0.0,2.0,0.0,2.0,0.0,0.0,0.0,0.0,0.0,0.0,1.0,0.0,0.0,3.0,0.0,0.0,0.0,0.0,0.0,F,21.0,10.0,0.296,0.476,0.583,-0.107,0.0,0.0,,0.0,0.0,,0.0,2.0,0.0,0.0,0.0,0.0,,0.0,0.0,0.0,0.0,3.0,0.0,0.0,0.0,0.0,0.0,0.0,0.0,CLE,0.0,0.0,4.0,0.0,4.0,0.0,0.0,0.0,2015,21400547,,GSW,CLE,20150109.0,2014-15,False,CLE,GSW,,,1.0,5.0,9.0,0.556,0.458,0.098,0.556,2.0,5.0,0.4,0.345,0.055,0.444,3.0,4.0,0.75,0.508,0.242,0.111,1.0,1.0,1.0,0.595,0.405,0.333,2.0,3.0,0.667,0.563,0.104,0.667,3.0,6.0,0.5,0.389,0.112,,,22.0,0.0,0.0,0.0,0.0,0.0,0.0,0.0,0.0,0.0,0.0,0.0,0.0,0.0,0.0,0.0,0.0,0.0,,,18.83,7439.0,1.41,0.7,0.7,4.31,4.22,4.41,,,,,,,,,,,,,,,,,,,,,,,
2592,James Jones,James,1610612739,CLE,34.0,1,1,0,1.0,4.6033333333333335,1,3,0.333,1,3,0.333,0,0,0.0,0,0,0,0,0,0,0,0,0,0,3,-2,3.0,0,0,4.0,1,1,1,1,236,181,196,161,52,67,65,137,148,137,134,211,219,183,165,119,81,1,1,174,193,139,229,22,3,223,,1,0.0,3.0,87.5,77.8,100.0,0.08,0.0,224,0.0,9,0.0,170,211,219,0.5,133,78.2,181,77.8,203,88.63,139,177,0.0,24,0.0,91,93.85,100.0,100.0,134,142,1.0,221,93.85,111,0.0,1,-22.2,-12.5,0.3,0.5,210,84,203,183,84,32,196,183,224,-22.2,0.273,170,0.0,0.0,0.0,0.0,0.0,6.0,0.0,0.0,7.0,0.0,0.0,0.0,0.0,0.0,0.0,0.0,0.0,0.0,0.0,0.0,0.0,0.0,0.0,0.0,0.0,0.0,0.0,0.0,0.0,9.0,3.0,0.2,0.0,0.0,1.23,0.0,0.0,7.0,0.333,0.22,,,,,,,,,,,,,,,,,,,,,,,,,,,,,,,,,,,,,,,,,,,,,,,,,,,,,,2.0,2.0,0.0,0.0,0.667,0.0,0.0,,0.667,0.0,0.0,0.0,0.0,0.333,1.0,0.0,0.0,1.0,0.333,,1.0,1.5,0.0,1.0,1.0,1.0,0.0,0.0,0.0,,,,0.0,0.0,0.0,0.0,0.0,0.0,0.5,0.333,0.0,3.0,0.0,0.0,,0.0,,0.0,0.0,2.0,0.5,1.0,0.0,0.0,0.0,0.0,0.0,,,1.0,,1.0,,0.0,0.0,0.0,0.0,F,53.0,36.0,0.317,0.679,0.573,0.107,0.0,0.5,,0.0,,,,2.0,0.0,0.0,,0.0,,,0.0,1.0,0.0,1.0,0.0,0.0,0.0,,,0.0,0.0,CLE,0.0,0.0,3.0,0.333,3.0,1.0,0.5,1.0,2015,21401023,,CLE,IND,20150320.0,2014-15,False,CLE,IND,,,1.0,0.0,1.0,0.0,0.44,-0.44,,,,,,,1.0,0.0,1.0,0.0,0.452,-0.452,1.0,0.0,1.0,0.0,0.55,-0.55,1.0,0.0,1.0,0.0,0.497,-0.497,,,,,,,,,9.0,0.0,0.0,0.0,0.0,0.0,0.0,0.0,0.0,0.0,0.0,0.0,0.0,0.0,0.0,0.0,0.0,0.0,,,4.6,1707.0,0.32,0.16,0.16,3.92,5.41,5.04,,,,,,,,,,,,,,,,,,,,,,,
2592,James Jones,James,1610612739,CLE,34.0,1,0,1,0.0,17.783333333333335,0,1,0.0,0,1,0.0,0,0,0.0,0,1,1,0,0,1,0,0,4,4,0,1,4.2,0,0,3.0,1,10,10,10,12,15,14,15,11,9,11,10,10,10,9,12,12,12,15,6,5,1,11,6,15,7,13,3,2,15,,1,0.028,1.0,105.0,108.3,108.4,-0.063,0.056,8,0.0,36,0.0,1,12,14,0.0,11,79.85,15,108.3,8,97.44,15,8,0.0,16,0.0,10,95.82,108.6,108.6,9,15,0.0,2,95.82,15,0.0,1,-0.2,-3.5,0.026,0.0,8,7,8,12,7,16,14,12,8,-0.2,0.026,1,0.0,0.0,0.0,0.1,3.0,10.0,0.0,0.0,6.0,1.0,0.0,0.0,0.0,0.0,0.0,0.0,0.0,0.0,0.0,0.0,0.0,0.0,0.0,0.0,0.0,0.0,0.0,0.0,0.0,14.0,0.0,0.3,0.0,0.0,1.09,0.0,0.0,4.0,0.0,0.29,0.0,4.5,6.0,4.5,2.0,0.0,0.125,0.0,0.0,0.0,0.167,8.0,0.0,0.0,2.0,0.0,0.0,0.0,0.0,0.125,2.0,0.167,0.0,0.0,,,,,,,,,,,,,,,,,,,,,,,,,,,,,,,,,,,,,,,,,,,1.0,0.0,0.0,0.0,1.0,1.0,,0.0,0.0,0.0,1.0,0.0,0.0,0.0,0.0,0.0,,,,0.0,0.0,0.0,0.0,0.0,0.0,0.0,0.0,0.0,0.0,0.0,0.0,0.0,0.0,0.0,0.0,0.0,1.0,0.0,,0.0,,,0.0,0.0,0.0,0.0,0.0,0.0,0.0,0.0,0.0,0.0,0.0,0.0,F,39.0,25.0,0.402,0.641,0.611,0.03,0.0,0.0,0.0,0.0,0.0,0.0,0.0,1.0,0.0,0.0,0.0,0.0,0.0,0.0,0.0,0.0,0.0,0.0,0.0,0.0,0.0,0.0,0.0,0.0,0.0,CLE,0.0,0.0,1.0,0.0,1.0,0.0,0.0,0.0,2015,41400405,,GSW,CLE,20150614.0,2014-15,True,CLE,GSW,1610612744.0,CLE_GSW_2015,1.0,2.0,6.0,0.333,0.468,-0.135,,,,,,,1.0,2.0,6.0,0.333,0.51,-0.177,0.667,2.0,4.0,0.5,0.608,-0.108,0.833,2.0,5.0,0.4,0.562,-0.162,0.167,0.0,1.0,0.0,0.353,-0.353,,,14.0,0.0,0.0,0.0,0.0,0.0,0.0,0.0,0.0,0.0,0.0,0.0,0.0,0.0,0.0,0.0,0.0,0.0,,,17.78,7289.0,1.38,0.77,0.61,4.53,4.58,4.48,,,,,,,,,,,,,,,,,,,,,,,
2592,James Jones,James,1610612739,CLE,34.0,1,1,0,1.0,14.366666666666667,2,4,0.5,1,3,0.333,0,0,0.0,0,2,2,0,0,0,0,0,1,0,5,-10,7.4,0,0,8.0,1,1,1,1,152,108,143,48,41,51,48,99,106,99,100,104,125,139,143,99,53,1,34,143,124,166,163,13,1,153,,1,0.071,4.0,80.4,74.1,116.5,0.089,0.143,176,0.0,27,0.0,190,70,104,0.625,106,73.78,108,74.1,175,84.6,97,174,0.0,125,0.0,162,88.54,115.4,115.4,100,49,2.0,191,88.54,42,0.0,1,-41.3,-36.1,0.161,0.625,163,157,175,139,157,131,143,139,176,-41.3,0.148,190,0.0,0.0,0.0,0.063,0.0,16.0,0.0,1.0,12.0,1.0,0.0,0.0,0.0,0.0,0.0,0.0,0.0,0.0,0.0,0.0,1.0,1.0,0.0,0.0,0.0,1.0,0.0,0.0,0.0,21.0,5.0,0.6,0.0,0.0,1.59,0.0,0.0,12.0,0.238,0.29,0.0,4.5,4.0,4.5,2.0,0.0,0.4,0.0,0.0,0.0,0.5,5.0,0.0,0.0,2.0,0.0,0.0,0.0,0.0,0.4,1.0,0.5,0.0,0.0,,,,,,,,,,,,,,,,,1.0,0.25,0.0,1.0,0.0,1.0,0.25,1.0,1.0,,1.0,1.0,0.0,,,,,,,,,,,,,,0.75,1.0,0.0,0.0,3.0,0.75,,0.333,0.5,0.0,3.0,0.333,1.0,1.0,0.0,2.0,1.0,1.0,,0.0,1.0,0.0,0.0,0.0,0.0,0.625,0.333,0.0,3.0,0.0,0.0,,1.0,0.0,0.0,0.0,3.0,0.333,0.0,0.0,0.0,0.0,0.0,0.0,0.0,0.0,1.0,,0.0,,1.0,1.0,0.0,0.0,F,37.0,22.0,0.319,0.595,0.563,0.032,1.0,0.5,,0.0,0.0,,,2.0,0.0,0.0,,0.0,,,1.0,1.0,0.0,1.0,0.0,0.0,0.0,0.0,0.0,0.0,1.0,CLE,0.0,0.0,3.0,0.333,3.0,1.0,0.5,1.0,2015,21400821,,NYK,CLE,20150222.0,2014-15,False,CLE,NYK,,,1.0,2.0,7.0,0.286,0.414,-0.128,0.429,0.0,3.0,0.0,0.348,-0.348,0.571,2.0,4.0,0.5,0.455,0.045,0.143,0.0,1.0,0.0,0.517,-0.517,0.286,1.0,2.0,0.5,0.542,-0.042,0.714,1.0,5.0,0.2,0.364,-0.164,,,21.0,0.0,0.0,0.0,0.0,0.0,0.0,0.0,0.0,0.0,0.0,0.0,0.0,0.0,0.0,0.0,0.0,0.0,,,14.37,4907.0,0.93,0.54,0.39,3.76,3.96,3.55,,,,,,,,,,,,,,,,,,,,,,,
2592,James Jones,James,1610612739,CLE,34.0,1,1,0,1.0,0.6516666666666666,0,0,0.0,0,0,0.0,0,0,0.0,0,0,0,0,0,0,0,0,0,0,0,-3,0.0,0,0,0.0,1,1,1,1,39,34,40,34,19,28,19,20,22,20,24,34,34,29,25,18,12,1,1,32,34,26,41,7,2,41,,1,0.0,0.0,0.0,0.0,159.6,0.0,0.0,40,0.0,2,0.0,1,34,34,0.0,21,122.76,34,0.0,40,106.07,34,40,0.0,41,0.0,40,147.31,150.0,150.0,24,34,0.0,5,147.31,34,0.0,1,-150.0,-159.6,0.0,0.0,40,40,40,29,40,41,40,29,40,-150.0,0.0,1,0.0,0.0,,0.0,0.0,0.0,0.0,0.0,0.0,0.0,0.0,0.0,0.0,0.0,0.0,0.0,0.0,0.0,0.0,0.0,0.0,0.0,0.0,0.0,0.0,0.0,0.0,0.0,0.0,0.0,0.0,0.0,0.0,0.0,0.0,0.0,0.0,0.0,0.0,0.0,,,,,,,,,,,,,,,,,,,,,,,,,,,,,,,,,,,,,,,,,,,,,,,,,,,,,,,,,,,,,,,,,,,,,,,,,,,,,,,,0.0,,0.0,,,,,0.0,0.0,0.0,0.0,0.0,0.0,0.0,0.0,0.0,0.0,0.0,,0.0,0.0,,,,,,0.0,,,,0.0,0.0,0.0,,,0.0,,0.0,0.0,0.0,0.0,F,37.0,22.0,0.311,0.595,0.563,0.032,0.0,,,0.0,,,,,,0.0,,,,,0.0,,,0.0,0.0,,0.0,,,0.0,0.0,CLE,,,0.0,,,,,0.0,2015,21400854,,CLE,GSW,20150226.0,2014-15,False,CLE,GSW,,,1.0,1.0,1.0,1.0,0.388,0.612,,,,,,,1.0,1.0,1.0,1.0,0.441,0.559,,,,,,,,,,,,,1.0,1.0,1.0,1.0,0.352,0.648,,,0.0,0.0,0.0,0.0,0.0,0.0,0.0,0.0,0.0,0.0,0.0,0.0,0.0,0.0,0.0,0.0,0.0,0.0,,,0.65,188.0,0.04,0.02,0.02,0.0,0.0,0.0,,,,,,,,,,,,,,,,,,,,,,,
2592,James Jones,James,1610612739,CLE,34.0,1,1,0,1.0,10.265,2,2,1.0,2,2,1.0,1,1,1.0,0,1,1,0,1,0,0,0,3,1,7,-5,7.2,0,0,10.0,1,1,1,1,17,10,16,1,2,8,1,6,9,1,13,14,16,14,8,9,10,1,11,12,9,12,16,3,1,14,,16,0.048,2.0,78.9,86.4,124.2,0.163,0.083,14,33.3,22,0.0,2,13,16,1.434,10,85.73,10,86.4,13,101.47,6,18,0.0,13,0.0,18,102.87,109.1,109.1,13,1,2.0,2,102.87,1,0.0,16,-22.7,-45.3,0.137,1.5,16,17,13,14,17,14,16,14,14,-22.7,0.12,2,29.1,0.0,0.0,0.0,0.0,13.0,0.0,0.0,7.0,0.0,0.0,0.0,0.0,0.0,0.0,0.0,0.0,0.0,0.0,0.0,0.0,0.0,0.0,0.0,0.0,0.0,0.0,0.0,0.0,15.0,7.0,0.4,0.0,0.0,1.65,0.0,0.0,4.0,0.467,0.8,1.0,2.4,5.0,2.4,0.0,0.0,0.2,0.0,0.0,0.0,0.2,5.0,0.0,0.0,0.0,0.0,1.0,0.0,1.0,0.2,0.0,0.2,1.0,0.0,,,,,,,,,,,,,,,,,,,,,,,,,,,,,,,,,,,,,,,,,,,1.0,2.0,0.0,0.0,2.0,1.0,,1.0,1.5,0.0,2.0,1.0,2.0,0.0,0.0,0.0,,,,0.0,0.0,0.0,0.0,0.0,0.0,1.5,1.0,0.0,6.0,0.0,1.0,0.0,0.0,,0.0,0.0,1.0,1.0,1.0,1.0,1.0,1.0,0.0,0.0,,,1.0,0.0,1.0,0.0,0.0,0.0,0.0,0.0,F,34.0,22.0,0.395,0.647,0.608,0.039,0.0,1.0,0.0,0.0,0.0,0.0,0.0,1.0,0.0,0.0,0.0,0.0,0.0,0.0,0.0,1.0,0.0,1.0,0.0,0.0,1.0,0.0,0.0,1.0,0.0,CLE,0.0,0.0,2.0,1.0,2.0,2.0,1.5,2.0,2015,41400403,,CLE,GSW,20150609.0,2014-15,True,CLE,GSW,1610612744.0,CLE_GSW_2015,1.0,1.0,3.0,0.333,0.471,-0.137,0.333,1.0,1.0,1.0,0.35,0.65,0.667,0.0,2.0,0.0,0.509,-0.509,0.333,0.0,1.0,0.0,0.646,-0.646,0.667,0.0,2.0,0.0,0.582,-0.582,0.333,1.0,1.0,1.0,0.353,0.647,,,15.0,0.0,0.0,0.0,0.0,0.0,0.0,0.0,0.0,0.0,0.0,0.0,0.0,0.0,0.0,0.0,0.0,0.0,,,10.27,3786.0,0.72,0.41,0.31,4.11,4.35,3.83,,,,,,,,,,,,,,,,,,,,,,,
2592,James Jones,James,1610612739,CLE,34.0,1,1,0,1.0,11.55,2,5,0.4,2,5,0.4,0,0,0.0,1,1,2,0,1,0,0,0,2,0,6,10,7.4,0,0,10.0,1,1,1,1,105,68,76,69,16,18,27,73,75,73,40,80,74,95,37,62,43,1,71,95,69,21,100,13,1,81,,107,0.091,5.0,116.6,120.8,85.7,0.051,0.111,33,16.7,24,0.077,24,63,57,0.6,68,83.12,68,120.8,13,97.75,93,20,0.0,55,0.0,25,99.74,79.2,79.2,34,43,2.0,32,99.74,36,0.0,107,41.7,30.8,0.208,0.6,41,17,13,95,17,51,76,95,33,41.7,0.2,24,16.7,1.0,0.0,0.0,0.0,15.0,0.0,0.0,13.0,0.0,0.0,0.0,0.0,0.0,0.0,0.0,0.0,0.0,0.0,0.0,0.0,0.0,0.0,0.0,0.0,0.0,0.0,0.0,0.0,21.0,6.0,0.4,0.0,0.0,1.16,0.0,0.0,14.0,0.286,0.14,0.0,18.5,3.0,15.3,1.0,0.0,0.5,0.0,0.0,1.0,0.333,4.0,0.0,1.0,2.0,0.0,0.0,1.0,0.0,0.5,1.0,0.333,0.0,21.8,,,,,,,,,,,,,,,,,0.0,0.0,1.0,,0.2,0.0,0.2,1.0,0.0,0.0,0.0,0.0,0.0,2.0,2.0,0.75,1.0,0.4,1.0,0.0,,0.4,0.0,0.0,0.5,0.5,0.4,1.0,0.0,0.0,2.0,0.4,,0.5,0.75,0.0,2.0,0.5,1.0,0.0,0.0,0.0,,,,0.0,0.0,0.0,0.0,0.0,0.0,0.6,0.4,0.0,6.0,0.0,0.5,,0.0,1.0,0.0,0.0,1.0,0.0,2.0,2.0,0.0,0.0,0.0,0.0,2.0,2.0,0.0,,4.0,,0.0,0.0,0.0,0.0,F,47.0,32.0,0.311,0.681,0.566,0.115,0.0,0.0,,0.0,,,,1.0,0.0,0.0,,0.0,,,0.0,0.0,0.0,4.0,0.0,0.0,0.5,,,2.0,0.0,CLE,0.0,0.0,5.0,0.4,5.0,2.0,0.6,2.0,2015,21400948,,DAL,CLE,20150310.0,2014-15,False,CLE,DAL,,,1.0,1.0,2.0,0.5,0.446,0.054,0.5,0.0,1.0,0.0,0.293,-0.293,0.5,1.0,1.0,1.0,0.488,0.512,0.5,1.0,1.0,1.0,0.604,0.396,0.5,1.0,1.0,1.0,0.559,0.441,0.5,0.0,1.0,0.0,0.371,-0.371,,,21.0,0.0,0.0,0.0,0.0,0.0,0.0,0.0,0.0,0.0,0.0,0.0,0.0,0.0,0.0,0.0,0.0,0.0,,,11.55,4076.0,0.77,0.48,0.29,4.17,4.66,3.53,,,,,,,,,,,,,,,,,,,,,,,
2592,James Jones,James,1610612739,CLE,34.0,1,0,1,0.0,3.1,0,0,0.0,0,0,0.0,0,0,0.0,0,0,0,0,0,0,0,0,0,0,0,-1,0.0,0,0,0.0,1,86,86,86,157,142,155,142,66,104,66,93,98,93,96,140,147,119,103,75,53,1,1,126,145,79,156,13,1,156,,1,0.0,0.0,102.0,100.0,140.0,0.0,0.0,87,0.0,6,0.0,71,140,147,0.0,83,77.42,142,100.0,126,84.23,133,152,0.0,158,0.0,154,92.9,116.7,116.7,96,145,0.0,158,92.9,142,0.0,1,-16.7,-38.0,0.0,0.0,87,130,126,119,130,158,155,119,87,-16.7,0.0,71,0.0,0.0,,0.0,0.0,0.0,0.0,0.0,0.0,0.0,0.0,0.0,0.0,0.0,0.0,0.0,0.0,0.0,0.0,0.0,0.0,0.0,0.0,0.0,0.0,0.0,0.0,0.0,0.0,1.0,0.0,0.0,0.0,0.0,2.36,0.0,0.0,0.0,0.0,0.0,,,,,,,,,,,,,,,,,,,,,,,,,,,,,,,,,,,,,,,,,,,,,,,,,,,,,,,,,,,,,,,,,,,,,,,,,,,,,,,,0.0,,0.0,,,,,0.0,0.0,0.0,0.0,0.0,0.0,0.0,0.0,0.0,0.0,0.0,,0.0,,,,0.0,0.0,0.0,0.0,0.0,0.0,,0.0,,,0.0,,0.0,,0.0,0.0,0.0,0.0,,,,,,,,0.0,,,0.0,,,,,,0.0,,,,,0.0,,,0.0,0.0,,0.0,,,0.0,0.0,CLE,,,0.0,,,,,0.0,2015,21400055,,POR,CLE,20141104.0,2014-15,False,CLE,POR,,,1.0,0.0,1.0,0.0,0.456,-0.456,1.0,0.0,1.0,0.0,0.345,-0.345,,,,,,,,,,,,,,,,,,,1.0,0.0,1.0,0.0,0.391,-0.391,,,1.0,0.0,0.0,0.0,0.0,0.0,0.0,0.0,0.0,0.0,0.0,0.0,0.0,0.0,0.0,0.0,0.0,0.0,,,3.1,1101.0,0.21,0.1,0.1,3.87,4.61,3.34,,,,,,,,,,,,,,,,,,,,,,,
2592,James Jones,James,1610612739,CLE,34.0,1,1,0,1.0,6.17,0,3,0.0,0,3,0.0,0,0,0.0,0,1,1,0,0,0,0,0,0,0,0,7,1.2,0,0,1.0,1,1,1,1,195,183,161,183,78,59,78,115,125,115,112,137,157,153,129,93,68,1,1,157,188,48,196,18,1,196,,1,0.071,3.0,103.1,92.3,37.5,-0.235,0.125,169,0.0,13,0.0,66,95,103,0.0,105,81.04,183,92.3,4,97.09,203,3,0.0,53,0.0,1,97.24,41.7,41.7,112,188,0.0,77,97.24,183,0.0,1,50.6,65.6,0.237,0.0,115,1,4,153,1,69,161,153,169,50.6,0.214,66,0.0,0.0,0.0,0.0,0.0,5.0,0.0,0.0,6.0,0.0,0.0,0.0,0.0,0.0,0.0,0.0,0.0,0.0,0.0,0.0,0.0,0.0,0.0,0.0,0.0,0.0,0.0,0.0,0.0,8.0,0.0,0.1,0.0,0.0,0.69,0.0,0.0,7.0,0.0,0.13,0.0,9.4,1.0,9.4,1.0,0.0,0.5,1.0,0.0,0.0,1.0,2.0,0.0,0.0,1.0,1.0,0.0,0.0,0.0,1.0,1.0,1.0,0.0,0.0,,,,,,,,,,,,,,,,,,,,,,,,,,,,,,2.0,2.0,0.0,0.0,0.667,0.0,0.0,,0.667,0.0,0.0,0.0,0.0,0.333,0.0,0.0,0.0,1.0,0.333,,0.0,0.0,0.0,1.0,0.0,0.0,0.0,0.0,0.0,,,,0.0,0.0,0.0,0.0,0.0,0.0,0.0,0.0,0.0,0.0,0.0,0.0,,0.0,0.0,0.0,0.0,1.0,0.0,2.0,0.0,0.0,0.0,0.0,0.0,0.0,0.0,0.0,,2.0,,0.0,0.0,0.0,0.0,F,5.0,2.0,0.179,0.4,0.584,-0.184,,0.0,0.0,0.0,,0.0,,1.0,0.0,0.0,,0.0,0.0,,,0.0,0.0,2.0,0.0,0.0,0.0,,,0.0,,CLE,0.0,0.0,3.0,0.0,3.0,0.0,0.0,0.0,2015,21400386,,CLE,BKN,20141219.0,2014-15,False,CLE,BKN,,,1.0,0.0,1.0,0.0,0.429,-0.429,1.0,0.0,1.0,0.0,0.352,-0.352,,,,,,,,,,,,,,,,,,,1.0,0.0,1.0,0.0,0.363,-0.363,,,8.0,0.0,0.0,0.0,0.0,0.0,0.0,0.0,0.0,0.0,0.0,0.0,0.0,0.0,0.0,0.0,0.0,0.0,,,6.17,2210.0,0.42,0.2,0.22,3.92,4.18,3.69,,,,,,,,,,,,,,,,,,,,,,,
2592,James Jones,James,1610612739,CLE,34.0,1,1,0,1.0,4.248333333333333,0,1,0.0,0,0,0.0,0,0,0.0,0,2,2,0,0,0,0,0,1,1,0,1,2.4,0,0,2.0,1,1,1,1,55,52,54,52,23,39,23,36,38,36,37,35,41,40,39,28,26,1,6,34,54,26,55,7,1,55,,1,0.2,1.0,77.8,63.6,53.6,0.0,0.4,54,0.0,11,0.0,2,1,4,0.0,28,103.57,52,63.6,19,114.12,51,6,0.0,50,0.0,3,124.28,54.5,54.5,37,54,0.0,2,124.28,52,0.0,1,9.1,24.2,0.1,0.0,53,3,19,40,3,53,54,40,54,9.1,0.083,2,0.0,1.0,0.0,0.0,0.0,6.0,0.0,0.0,4.0,0.0,0.0,0.0,0.0,0.0,0.0,0.0,0.0,0.0,0.0,0.0,0.0,0.0,0.0,0.0,0.0,0.0,0.0,0.0,0.0,8.0,0.0,0.1,0.0,0.0,1.1,0.0,0.0,5.0,0.0,0.25,2.0,4.7,3.0,4.7,0.0,0.0,0.667,0.0,0.0,0.0,0.667,3.0,0.0,0.0,0.0,0.0,2.0,0.0,1.0,0.667,0.0,0.667,1.0,0.0,,,,,,,,,,,,,,,,,,,,,,,,,,,,,,1.0,0.0,0.0,0.0,1.0,0.0,0.0,0.0,0.0,1.0,1.0,0.0,,,,,,,,,,,,,,,0.0,,0.0,0.0,0.0,,,1.0,0.0,0.0,0.0,0.0,0.0,0.0,0.0,0.0,0.0,0.0,,0.0,,0.0,0.0,0.0,0.0,0.0,0.0,0.0,0.0,0.0,0.0,,,0.0,,0.0,,1.0,0.0,0.0,0.0,F,3.0,2.0,0.6,0.667,0.628,0.039,0.0,0.0,,0.0,,,,0.0,,0.0,,0.0,,,0.0,0.0,0.0,1.0,0.0,0.0,0.0,,,0.0,0.0,CLE,,,0.0,,,,,0.0,2015,41400113,,BOS,CLE,20150423.0,2014-15,True,CLE,BOS,1610612738.0,CLE_BOS_2015,1.0,0.0,2.0,0.0,0.429,-0.429,,,,,,,1.0,0.0,2.0,0.0,0.468,-0.468,0.5,0.0,1.0,0.0,0.62,-0.62,1.0,0.0,2.0,0.0,0.516,-0.516,,,,,,,,,8.0,0.0,0.0,0.0,0.0,0.0,0.0,0.0,0.0,0.0,0.0,0.0,0.0,0.0,0.0,0.0,0.0,0.0,,,4.25,1513.0,0.29,0.13,0.16,4.25,3.0,5.36,,,,,,,,,,,,,,,,,,,,,,,
2592,James Jones,James,1610612739,CLE,34.0,1,1,0,1.0,9.666666666666666,3,3,1.0,2,2,1.0,0,0,0.0,0,0,0,1,0,0,0,0,1,0,8,2,9.5,0,0,11.0,1,1,1,1,215,110,188,1,25,82,1,136,141,136,127,212,219,118,168,111,79,1,42,181,120,92,190,19,2,171,,1,0.0,3.0,128.8,126.3,133.2,0.182,0.0,23,0.0,19,0.0,194,212,219,1.333,137,76.55,110,126.3,102,87.29,34,140,0.0,166,0.167,232,91.86,122.2,122.2,127,1,3.0,240,91.86,1,25.0,1,4.1,-4.4,0.153,1.333,14,205,102,76,205,172,188,48,23,4.1,0.143,194,0.0,1.0,0.0,0.071,2.0,14.0,0.071,0.0,14.0,1.0,0.0,0.0,0.0,0.0,0.0,0.0,1.0,0.0,0.0,1.0,0.0,1.0,0.0,0.0,0.0,0.0,0.0,0.0,0.0,18.0,8.0,0.5,0.0,0.0,1.75,0.0,0.0,11.0,0.444,0.44,,,,,,,,,,,,,,,,,,,,,,,,,,,,,,,,,,,,,,,,,1.0,0.333,0.0,1.0,0.0,1.0,0.333,1.0,1.0,,1.0,1.0,0.0,1.0,1.0,1.5,1.0,0.333,1.0,0.0,,0.333,0.0,0.0,1.0,1.0,0.333,1.0,0.0,0.0,1.0,0.333,,1.0,1.5,0.0,1.0,1.0,1.0,2.0,1.0,5.0,1.25,1.0,1.0,1.0,2.0,0.0,0.0,0.0,0.0,1.333,1.0,0.0,3.0,0.0,0.0,,1.0,,0.0,0.0,2.0,1.0,0.0,0.0,0.0,0.0,0.0,0.0,,,2.0,,0.0,,1.0,1.0,0.0,0.0,F,71.0,49.0,0.355,0.69,0.578,0.112,1.0,1.0,,0.0,,,,2.0,0.0,0.0,,0.0,,,1.0,2.0,0.0,0.0,0.0,0.0,0.0,,,0.0,1.0,CLE,0.0,0.0,1.0,1.0,1.0,1.0,1.5,1.0,2015,21401203,,CLE,DET,20150413.0,2014-15,False,CLE,DET,,,1.0,2.0,3.0,0.667,0.479,0.187,,,,,,,1.0,2.0,3.0,0.667,0.521,0.145,0.667,2.0,2.0,1.0,0.577,0.423,0.667,2.0,2.0,1.0,0.523,0.477,0.333,0.0,1.0,0.0,0.363,-0.363,,,18.0,0.0,0.0,0.0,0.0,0.0,0.0,0.0,0.0,0.0,0.0,0.0,0.0,0.0,0.0,0.0,0.0,0.0,,,9.67,3239.0,0.61,0.39,0.23,3.73,4.34,2.92,,,,,,,,,,,,,,,,,,,,,,,
2592,James Jones,James,1610612739,CLE,34.0,1,0,1,0.0,13.145,2,6,0.333,2,5,0.4,0,0,0.0,0,2,2,0,0,0,1,1,1,1,6,-11,11.4,0,0,12.0,1,124,124,124,206,141,144,163,16,29,64,137,142,137,127,127,153,177,168,118,21,171,47,119,149,210,179,21,2,169,,1,0.111,6.0,106.0,96.0,138.9,0.063,0.25,148,0.0,25,0.0,212,27,71,0.5,137,76.07,141,96.0,233,87.35,159,218,0.0,50,0.0,232,91.29,140.0,140.0,127,137,2.0,235,91.29,107,0.0,1,-44.0,-32.9,0.254,0.5,93,237,233,177,237,79,144,177,148,-44.0,0.222,212,0.0,0.0,0.0,0.0,0.0,17.0,0.0,0.0,14.0,0.0,0.0,0.0,0.0,0.0,0.0,0.0,0.0,0.0,0.0,0.0,0.0,0.0,0.0,0.0,0.0,0.0,0.0,0.0,0.0,23.0,6.0,0.6,0.0,0.0,1.66,0.0,0.0,13.0,0.261,0.22,1.0,2.8,2.0,2.8,1.0,0.0,0.667,0.0,0.0,0.0,1.0,3.0,0.0,0.0,1.0,0.0,1.0,0.0,0.5,0.667,1.0,1.0,0.5,0.0,,,,,,,,,,,,,,,,,1.0,0.2,0.0,0.0,0.0,0.0,0.2,1.0,0.0,,0.0,0.0,0.0,,,,,,,,,,,,,,0.8,2.0,0.0,0.0,4.0,0.8,,0.5,0.75,0.0,4.0,0.5,2.0,0.0,0.0,0.0,0.0,0.0,,0.0,1.0,0.0,0.0,0.0,0.0,0.5,0.4,0.0,6.0,0.0,0.333,,0.0,,0.0,0.0,2.0,0.5,3.0,1.0,1.0,0.333,0.0,0.0,,,1.0,,3.0,,1.0,0.0,0.0,0.0,F,46.0,31.0,0.311,0.674,0.565,0.109,1.0,0.0,,0.0,0.0,,,1.0,0.0,0.0,,0.0,,,0.0,0.0,0.0,4.0,0.0,0.0,0.5,0.0,0.0,2.0,0.0,CLE,0.0,0.0,4.0,0.5,4.0,2.0,0.75,2.0,2015,21400915,,ATL,CLE,20150306.0,2014-15,False,CLE,ATL,,,1.0,2.0,2.0,1.0,0.438,0.563,,,,,,,1.0,2.0,2.0,1.0,0.483,0.517,0.5,1.0,1.0,1.0,0.678,0.322,0.5,1.0,1.0,1.0,0.567,0.433,0.5,1.0,1.0,1.0,0.405,0.595,,,23.0,0.0,0.0,0.0,0.0,0.0,0.0,0.0,0.0,0.0,0.0,0.0,0.0,0.0,0.0,0.0,0.0,0.0,,,13.15,4658.0,0.88,0.46,0.42,4.14,4.39,3.87,,,,,,,,,,,,,,,,,,,,,,,
2592,James Jones,James,1610612739,CLE,34.0,1,0,1,0.0,10.15,1,4,0.25,1,3,0.333,0,0,0.0,0,0,0,1,1,0,0,0,1,1,3,-8,3.5,0,0,5.0,1,143,143,143,239,195,194,207,56,74,75,139,150,139,140,229,243,121,99,143,73,1,58,134,207,216,243,24,2,231,,201,0.0,4.0,73.8,75.0,121.1,-0.029,0.0,244,16.7,20,0.0,157,229,243,0.375,68,78.82,195,75.0,249,92.97,252,258,1.0,95,0.2,242,94.58,115.0,115.0,140,195,1.0,212,94.58,178,16.7,199,-40.0,-47.2,0.224,0.375,249,217,248,71,217,98,194,115,244,-40.0,0.217,157,16.7,1.0,0.0,0.143,2.0,7.0,0.143,0.0,9.0,1.0,0.0,1.0,0.0,0.0,0.0,0.0,0.0,0.0,0.0,0.0,0.0,1.0,0.0,0.0,0.0,0.0,0.0,0.0,0.0,12.0,3.0,0.3,0.0,0.0,1.34,0.0,0.0,10.0,0.25,0.58,,,,,,,,,,,,,,,,,,,,,,,,,0.0,0.0,1.0,0.25,0.0,0.0,0.0,0.0,1.0,,0.0,0.25,0.0,1.0,,,,,,,,,,,,,,,,3.0,3.0,0.5,1.0,0.75,1.0,0.0,,0.75,0.0,0.0,0.333,0.333,,,,,,,,,,,,,,0.0,0.0,0.0,0.0,0.0,,0.0,1.0,0.0,0.0,0.0,0.0,0.375,0.333,0.0,3.0,0.0,0.0,,0.0,0.0,0.0,1.0,3.0,0.333,0.0,0.0,0.0,0.0,0.0,0.0,0.0,0.0,1.0,,0.0,,0.0,0.0,0.0,0.0,F,57.0,39.0,0.329,0.684,0.577,0.108,0.0,0.0,0.0,0.0,,0.0,,2.0,0.0,0.0,,0.0,0.0,,0.0,0.0,0.0,1.0,0.0,0.0,1.0,,,1.0,0.0,CLE,0.0,1.0,3.0,0.333,3.0,1.0,0.5,1.0,2015,21401078,,BKN,CLE,20150327.0,2014-15,False,CLE,BKN,,,1.0,2.0,4.0,0.5,0.421,0.079,0.25,0.0,1.0,0.0,0.353,-0.353,0.75,2.0,3.0,0.667,0.519,0.148,0.5,1.0,2.0,0.5,0.654,-0.154,0.5,1.0,2.0,0.5,0.594,-0.094,0.25,0.0,1.0,0.0,0.303,-0.303,,,12.0,0.0,0.0,0.0,0.0,0.0,0.0,0.0,0.0,0.0,0.0,0.0,0.0,0.0,0.0,0.0,0.0,0.0,,,10.15,3722.0,0.7,0.43,0.28,4.15,4.06,4.28,,,,,,,,,,,,,,,,,,,,,,,
2592,James Jones,James,1610612739,CLE,34.0,1,0,1,0.0,25.633333333333333,3,10,0.3,3,9,0.333,0,0,0.0,1,2,3,2,1,3,2,1,3,0,9,5,29.6,0,0,27.0,1,112,112,112,80,92,55,155,11,5,53,110,121,110,52,106,100,62,77,3,7,145,155,157,85,58,43,13,2,45,,104,0.06,10.0,112.1,117.6,105.7,0.063,0.087,43,7.7,51,0.037,93,139,139,0.45,20,81.14,92,117.6,54,98.83,138,87,2.0,107,0.095,127,97.37,103.8,103.8,93,138,3.0,72,97.37,130,15.4,104,13.9,6.4,0.188,0.45,69,124,54,114,124,94,55,92,43,13.9,0.19,93,7.7,3.0,0.0,0.077,4.0,26.0,0.077,0.0,22.0,2.0,0.0,0.0,0.0,0.0,0.0,0.0,0.0,0.0,0.0,0.0,1.0,1.0,0.0,0.0,0.0,1.0,0.0,1.0,0.0,37.0,9.0,0.7,0.0,0.0,1.12,0.0,0.0,23.0,0.243,0.16,1.0,9.6,6.0,6.5,1.0,0.0,0.429,0.0,0.0,1.0,0.333,7.0,0.0,1.0,2.0,0.0,1.0,1.0,0.5,0.429,1.0,0.333,0.333,15.9,0.0,0.0,1.0,0.111,0.0,0.0,0.0,0.0,1.0,,0.0,0.111,0.0,1.0,,,0.0,0.0,2.0,,0.222,1.0,0.222,2.0,0.75,0.5,0.0,0.5,1.0,2.0,2.0,0.75,1.0,0.222,1.0,0.0,,0.222,0.0,0.0,0.5,0.5,0.444,1.0,0.0,0.0,4.0,0.444,,0.25,0.375,0.0,4.0,0.25,1.0,0.0,1.0,0.0,0.0,0.0,0.0,0.0,2.0,0.0,0.0,0.0,0.0,0.45,0.429,0.0,9.0,0.0,0.4,0.0,0.0,0.0,0.0,0.0,4.0,0.25,5.0,2.0,2.0,0.4,0.0,0.0,0.0,0.0,1.0,0.0,5.0,0.0,1.0,0.0,0.0,0.0,F,12.0,4.0,0.279,0.333,0.594,-0.26,1.0,0.0,0.0,0.0,,0.0,0.0,1.0,0.0,0.0,0.0,0.0,0.0,0.0,0.0,0.0,0.0,8.0,0.0,0.0,0.375,,,3.0,0.0,CLE,0.0,0.0,7.0,0.429,7.0,3.0,0.643,3.0,2015,21400466,,ATL,CLE,20141230.0,2014-15,False,CLE,ATL,,,1.0,4.0,12.0,0.333,0.442,-0.109,0.167,0.0,2.0,0.0,0.353,-0.353,0.833,4.0,10.0,0.4,0.502,-0.102,0.5,2.0,6.0,0.333,0.607,-0.273,0.75,3.0,9.0,0.333,0.555,-0.221,0.25,1.0,3.0,0.333,0.356,-0.022,,,37.0,0.0,0.0,0.0,0.0,0.0,0.0,0.0,0.0,0.0,0.0,0.0,0.0,0.0,0.0,0.0,0.0,0.0,,,25.63,9604.0,1.82,0.93,0.88,4.23,4.49,3.98,,,,,,,,,,,,,,,,,,,,,,,
2592,James Jones,James,1610612739,CLE,34.0,1,0,1,0.0,23.3,3,8,0.375,3,6,0.5,0,0,0.0,0,5,5,1,0,0,0,0,2,1,9,-8,16.5,0,0,18.0,1,77,77,77,79,63,57,86,8,14,15,83,89,83,77,33,45,73,90,67,52,1,65,68,63,116,86,12,1,73,,1,0.093,8.0,94.9,93.3,114.3,0.096,0.2,85,0.0,45,0.0,106,31,62,0.563,69,76.39,63,93.3,113,90.68,70,115,0.0,97,0.1,116,91.67,113.6,113.6,77,60,3.0,121,91.67,44,11.1,1,-20.3,-19.4,0.156,0.563,82,105,113,78,105,97,57,80,85,-20.3,0.151,106,0.0,4.0,1.0,0.08,5.0,25.0,0.04,0.0,23.0,2.0,0.0,0.0,0.0,0.0,0.0,0.0,0.0,0.0,0.0,0.0,1.0,1.0,0.0,0.0,0.0,1.0,0.0,0.0,0.0,33.0,9.0,0.7,0.0,0.0,1.23,0.0,1.0,22.0,0.273,0.33,0.0,5.8,5.0,5.8,5.0,0.0,1.0,0.0,0.0,0.0,1.0,5.0,0.0,0.0,5.0,0.0,0.0,0.0,0.0,1.0,0.0,1.0,0.0,0.0,0.0,0.0,1.0,0.25,0.0,0.0,0.0,0.0,2.0,,0.0,0.25,0.0,2.0,,,0.0,0.0,1.0,,0.125,0.0,0.125,1.0,0.0,0.0,0.0,0.0,0.0,2.0,2.0,0.75,1.0,0.25,1.0,0.0,,0.25,0.0,0.0,0.5,0.5,0.375,2.0,0.0,0.0,3.0,0.375,,0.667,1.0,0.0,3.0,0.667,2.0,0.0,1.0,0.0,0.0,0.0,0.0,0.0,1.0,0.0,0.0,0.0,0.0,0.563,0.5,0.0,9.0,0.0,0.5,0.0,0.0,1.0,0.0,0.0,4.0,0.5,1.0,1.0,0.0,0.0,0.0,0.0,1.0,1.0,2.0,0.0,2.0,0.0,2.0,0.0,0.0,0.0,F,15.0,6.0,0.3,0.4,0.593,-0.193,0.0,0.667,,0.0,0.0,,0.0,3.0,0.0,0.0,0.0,0.0,,0.0,0.0,2.0,0.0,3.0,0.0,0.0,0.333,0.0,0.0,1.0,0.0,CLE,0.0,2.0,6.0,0.6,5.0,3.0,0.75,3.0,2015,21400479,,CLE,MIL,20141231.0,2014-15,False,CLE,MIL,,,1.0,4.0,7.0,0.571,0.455,0.117,0.286,0.0,2.0,0.0,0.252,-0.252,0.714,4.0,5.0,0.8,0.483,0.317,0.429,2.0,3.0,0.667,0.591,0.075,0.571,3.0,4.0,0.75,0.546,0.204,0.286,0.0,2.0,0.0,0.344,-0.344,,,33.0,1.0,0.0,1.0,0.0,0.0,0.0,0.0,0.0,0.0,0.0,0.0,0.0,0.0,0.0,0.0,0.0,0.0,,,23.3,8614.0,1.63,0.91,0.72,4.12,4.68,3.57,,,,,,,,,,,,,,,,,,,,,,,
2592,James Jones,James,1610612739,CLE,34.0,1,1,0,1.0,22.633333333333333,3,5,0.6,3,5,0.6,0,0,0.0,0,2,2,0,0,2,1,0,1,0,9,-6,20.4,0,0,20.0,1,1,1,1,13,9,15,5,2,6,2,12,12,12,11,12,14,13,13,1,3,1,5,15,9,13,7,2,1,7,,1,0.054,5.0,124.2,111.9,129.4,0.119,0.143,4,0.0,42,0.0,17,9,15,0.9,9,73.34,9,111.9,15,83.56,8,10,0.0,19,0.0,19,88.01,129.3,129.3,11,2,3.0,18,88.01,2,0.0,1,-17.4,-5.2,0.114,0.9,1,19,15,13,19,19,15,13,4,-17.4,0.104,17,0.0,1.0,0.0,0.0,0.0,27.0,0.0,0.0,22.0,0.0,0.0,0.0,0.0,0.0,0.0,0.0,0.0,0.0,0.0,0.0,0.0,0.0,0.0,0.0,0.0,0.0,0.0,0.0,0.0,33.0,9.0,0.9,0.0,0.0,1.57,0.0,0.0,21.0,0.273,0.42,0.0,6.0,5.0,6.0,2.0,1.0,0.333,2.0,0.0,0.0,0.5,6.0,0.0,0.0,2.0,1.0,0.0,0.0,0.0,0.5,1.0,0.4,0.0,0.0,,,,,,,,,,,,,,,,,0.0,0.0,1.0,,0.2,1.0,0.2,1.0,1.5,1.0,0.0,1.0,1.0,,,,,,,,,,,,,,0.8,2.0,0.0,0.0,4.0,0.8,,0.5,0.75,0.0,4.0,0.5,2.0,0.0,0.0,0.0,,,,0.0,0.0,0.0,0.0,0.0,0.0,0.9,0.6,0.0,9.0,0.0,1.0,0.0,0.0,1.0,0.0,0.0,3.0,0.333,1.0,2.0,1.0,1.0,0.0,0.0,1.0,1.0,1.0,0.0,2.0,0.0,0.0,0.0,0.0,0.0,F,20.0,15.0,0.392,0.75,0.593,0.157,0.0,0.0,,0.0,,,0.0,2.0,0.0,0.0,0.0,0.0,,0.0,0.0,0.0,0.0,3.0,0.0,0.0,1.0,,,3.0,0.0,CLE,0.0,0.0,5.0,0.6,5.0,3.0,0.9,3.0,2015,41400302,,ATL,CLE,20150522.0,2014-15,True,CLE,ATL,1610612737.0,CLE_ATL_2015,1.0,4.0,7.0,0.571,0.462,0.11,0.286,0.0,2.0,0.0,0.398,-0.398,0.714,4.0,5.0,0.8,0.5,0.3,0.286,2.0,2.0,1.0,0.559,0.441,0.714,4.0,5.0,0.8,0.556,0.244,0.286,0.0,2.0,0.0,0.409,-0.409,,,33.0,0.0,0.0,0.0,0.0,0.0,0.0,0.0,0.0,0.0,0.0,0.0,0.0,0.0,0.0,0.0,0.0,0.0,,,22.63,8029.0,1.52,0.87,0.65,3.98,4.1,4.45,,,,,,,,,,,,,,,,,,,,,,,
2592,James Jones,James,1610612739,CLE,34.0,1,1,0,1.0,14.1,4,5,0.8,4,5,0.8,0,0,0.0,0,2,2,1,0,1,0,0,1,0,12,2,18.9,0,0,21.0,1,1,1,1,118,55,92,8,2,23,12,87,91,87,80,77,96,67,111,36,46,1,36,109,51,59,73,16,2,64,,1,0.087,5.0,128.1,122.2,110.9,0.233,0.167,13,0.0,27,0.0,128,49,65,1.2,87,76.6,55,122.2,53,91.44,7,29,0.0,93,0.125,105,91.91,114.8,114.8,80,1,4.0,129,91.91,1,16.7,1,7.4,17.2,0.174,1.2,9,118,53,62,118,94,92,52,13,7.4,0.167,128,0.0,0.0,0.0,0.067,2.0,15.0,0.067,0.0,14.0,1.0,0.0,0.0,0.0,0.0,0.0,0.0,0.0,0.0,0.0,0.0,0.0,0.0,0.0,0.0,0.0,0.0,0.0,0.0,0.0,20.0,12.0,0.5,0.0,0.0,1.63,0.0,0.0,14.0,0.6,0.35,0.0,13.5,3.0,13.5,2.0,0.0,0.667,0.0,0.0,0.0,0.667,3.0,0.0,0.0,2.0,0.0,0.0,0.0,0.0,0.667,0.0,0.667,0.0,0.0,,,,,,,,,,,,,,,,,,,,,,,,,,,,,,1.0,1.0,1.5,1.0,0.2,1.0,0.0,,0.2,0.0,0.0,1.0,1.0,0.8,3.0,0.0,0.0,4.0,0.8,,0.75,1.125,0.0,4.0,0.75,3.0,0.0,0.0,0.0,,,,0.0,0.0,0.0,0.0,0.0,0.0,1.2,0.8,0.0,12.0,0.0,1.0,,0.0,0.0,0.0,0.0,4.0,0.75,1.0,1.0,1.0,1.0,0.0,0.0,0.0,0.0,3.0,,1.0,,0.0,0.0,0.0,0.0,F,1.0,0.0,0.067,0.0,0.575,-0.575,0.0,0.667,0.0,0.0,,0.0,,3.0,0.0,0.0,,0.0,0.0,,0.0,2.0,0.0,2.0,0.0,0.0,1.0,,,2.0,0.0,CLE,0.0,0.0,5.0,0.8,5.0,4.0,1.2,4.0,2015,21400303,,BKN,CLE,20141208.0,2014-15,False,CLE,BKN,,,1.0,2.0,4.0,0.5,0.414,0.086,0.5,1.0,2.0,0.5,0.325,0.176,0.5,1.0,2.0,0.5,0.475,0.025,,,,,,,,,,,,,1.0,2.0,4.0,0.5,0.324,0.177,,,20.0,0.0,0.0,0.0,0.0,0.0,0.0,0.0,0.0,0.0,0.0,0.0,0.0,0.0,0.0,0.0,0.0,0.0,,,14.1,5165.0,0.98,0.55,0.43,4.26,3.94,3.71,,,,,,,,,,,,,,,,,,,,,,,
2592,James Jones,James,1610612739,CLE,34.0,1,1,0,1.0,22.81833333333333,4,8,0.5,4,8,0.5,0,0,0.0,0,2,2,1,0,0,0,0,2,0,12,12,15.9,0,0,19.0,1,1,1,1,86,57,65,56,4,5,27,87,95,87,78,89,104,83,114,78,47,1,69,117,53,23,92,18,1,72,,1,0.041,8.0,110.1,113.2,94.0,0.091,0.074,43,0.0,53,0.0,15,114,124,0.75,92,92.91,57,113.2,21,111.03,81,30,0.0,113,0.053,47,111.49,90.6,90.6,78,30,4.0,10,111.49,28,11.1,1,22.6,16.0,0.144,0.75,51,42,21,111,42,113,65,97,43,22.6,0.145,15,0.0,5.0,0.0,0.042,3.0,24.0,0.042,0.0,22.0,1.0,0.0,0.0,0.0,0.0,0.0,0.0,0.5,0.0,0.0,1.0,0.5,2.0,0.0,0.0,0.0,1.0,0.0,1.0,0.0,32.0,12.0,0.7,0.0,0.0,1.37,0.0,0.0,20.0,0.375,0.56,0.0,5.1,2.0,5.1,2.0,1.0,0.667,1.0,0.0,0.0,2.0,3.0,0.0,0.0,2.0,0.0,0.0,0.0,0.0,1.0,1.0,1.0,0.0,0.0,,,,,,,,,,,,,,,,,,,,,,,,,,,,,,1.0,1.0,0.0,0.0,0.125,0.0,0.0,,0.125,0.0,0.0,0.0,0.0,0.875,4.0,0.0,0.0,7.0,0.875,,0.571,0.857,0.0,7.0,0.571,4.0,0.0,0.0,0.0,,,,0.0,0.0,0.0,0.0,0.0,0.0,0.75,0.5,0.0,12.0,0.0,0.5,0.0,0.0,0.0,0.0,0.0,6.0,0.5,1.0,1.0,1.0,1.0,0.0,0.0,0.0,1.0,3.0,0.0,2.0,0.0,0.0,0.0,0.0,0.0,F,49.0,33.0,0.308,0.673,0.567,0.106,0.0,0.5,0.0,0.0,0.0,0.0,0.0,6.0,0.0,0.0,0.0,0.0,0.0,0.0,0.0,3.0,0.0,2.0,0.0,0.0,0.5,0.0,0.0,1.0,0.0,CLE,0.0,0.0,8.0,0.5,8.0,4.0,0.75,4.0,2015,21400985,,ORL,CLE,20150315.0,2014-15,False,CLE,ORL,,,1.0,0.0,5.0,0.0,0.457,-0.457,0.6,0.0,3.0,0.0,0.281,-0.281,0.4,0.0,2.0,0.0,0.524,-0.524,0.2,0.0,1.0,0.0,0.624,-0.624,0.2,0.0,1.0,0.0,0.563,-0.563,0.8,0.0,4.0,0.0,0.319,-0.319,,,32.0,0.0,0.0,0.0,0.0,0.0,0.0,0.0,0.0,0.0,0.0,0.0,0.0,0.0,0.0,0.0,0.0,0.0,,,22.82,8656.0,1.64,0.91,0.73,4.22,4.46,3.94,,,,,,,,,,,,,,,,,,,,,,,
2592,James Jones,James,1610612739,CLE,34.0,1,1,0,1.0,20.866666666666667,4,7,0.571,4,7,0.571,2,3,0.667,0,1,1,0,0,1,0,0,1,2,14,-4,18.2,0,0,21.0,1,1,1,1,160,92,131,50,3,12,22,67,67,97,139,188,208,180,178,54,79,1,50,77,59,163,138,27,2,100,,1,0.038,7.0,139.8,139.5,153.4,0.116,0.091,8,0.0,38,0.0,257,160,207,0.841,130,71.88,92,139.5,183,86.35,101,186,0.0,92,0.0,267,86.26,154.1,154.1,139,16,4.0,254,86.26,17,0.0,1,-14.6,-13.6,0.214,0.857,8,268,183,180,268,107,131,180,8,-14.6,0.2,257,0.0,1.0,0.0,0.0,0.0,34.0,0.0,0.0,27.0,0.0,0.0,0.0,0.0,0.0,0.0,0.0,0.0,0.0,0.0,0.0,0.0,0.0,0.0,0.0,0.0,0.0,0.0,0.0,0.0,44.0,14.0,1.1,0.0,0.0,1.49,0.0,0.0,24.0,0.318,0.14,0.0,13.2,3.0,13.2,1.0,0.0,0.2,0.0,0.0,0.0,0.333,5.0,0.0,0.0,1.0,0.0,0.0,0.0,0.0,0.2,2.0,0.333,0.0,0.0,,,,,,,,,,,,,,,,,,,,,,,,,,,,,,3.0,3.0,1.0,2.0,0.429,2.0,0.0,,0.429,0.0,0.0,0.667,0.667,0.571,2.0,0.0,0.0,4.0,0.571,,0.5,0.75,0.0,4.0,0.5,2.0,0.0,1.0,0.0,0.0,0.0,0.0,0.0,1.0,0.0,0.0,0.0,0.0,0.857,0.667,0.0,12.0,0.0,0.0,0.0,0.0,0.0,0.0,0.0,7.0,0.571,0.0,0.0,0.0,0.0,0.0,0.0,0.0,0.0,4.0,0.0,0.0,0.0,0.0,0.0,0.0,0.0,F,45.0,30.0,0.308,0.667,0.562,0.104,0.0,0.667,,0.0,,,0.0,6.0,0.0,0.0,0.0,0.0,,0.0,0.0,4.0,0.0,1.0,0.0,0.0,0.0,,,0.0,0.0,CLE,0.0,0.0,6.0,0.667,6.0,4.0,1.0,4.0,2015,21400900,,TOR,CLE,20150304.0,2014-15,False,CLE,TOR,,,1.0,6.0,6.0,1.0,0.46,0.54,0.333,2.0,2.0,1.0,0.37,0.63,0.667,4.0,4.0,1.0,0.513,0.488,0.667,4.0,4.0,1.0,0.603,0.397,0.667,4.0,4.0,1.0,0.546,0.455,0.333,2.0,2.0,1.0,0.377,0.623,,,44.0,0.0,0.0,0.0,0.0,0.0,0.0,0.0,0.0,0.0,0.0,0.0,0.0,0.0,0.0,0.0,0.0,0.0,,,20.87,7357.0,1.39,0.87,0.53,4.03,4.3,3.61,,,,,,,,,,,,,,,,,,,,,,,
2592,James Jones,James,1610612739,CLE,34.0,1,1,0,1.0,9.515,0,2,0.0,0,2,0.0,0,0,0.0,0,0,0,0,0,0,0,0,0,0,0,-4,0.0,0,0,0.0,1,1,1,1,33,39,34,39,20,18,20,22,25,22,19,36,38,29,28,19,13,1,1,29,41,27,42,4,1,43,,1,0.0,2.0,108.2,110.5,140.8,-0.058,0.0,12,0.0,19,0.0,25,36,38,0.0,21,81.98,39,110.5,29,93.73,39,38,0.0,42,0.0,41,98.37,125.0,125.0,19,41,0.0,37,98.37,39,0.0,1,-14.5,-32.5,0.089,0.0,13,38,29,29,38,42,34,29,12,-14.5,0.087,25,0.0,2.0,1.0,0.125,2.0,8.0,0.0,0.0,7.0,1.0,0.0,0.0,0.0,0.0,0.0,0.0,0.0,0.0,0.0,0.0,1.0,1.0,0.0,0.0,0.0,1.0,0.0,1.0,0.0,10.0,0.0,0.3,0.0,0.0,1.7,0.0,1.0,8.0,0.0,0.5,,,,,,,,,,,,,,,,,,,,,,,,,,,,,,,,,,,,,,,,,,,,,,,,,,,,,,2.0,2.0,0.0,0.0,1.0,0.0,0.0,,1.0,0.0,0.0,0.0,0.0,,,,,,,,,,,,,,0.0,1.0,0.0,0.0,0.0,0.0,0.0,1.0,0.0,0.0,0.0,0.0,0.0,0.0,0.0,0.0,0.0,0.0,,0.0,0.0,0.0,0.0,1.0,0.0,0.0,0.0,0.0,0.0,0.0,0.0,0.0,1.0,0.0,,1.0,,0.0,0.0,0.0,0.0,F,16.0,11.0,0.444,0.688,0.59,0.097,0.0,0.0,,0.0,,,0.0,0.0,0.0,0.0,0.0,0.0,,0.0,0.0,0.0,0.0,2.0,0.0,0.0,0.0,,,0.0,0.0,CLE,0.0,0.0,1.0,0.0,1.0,0.0,0.0,0.0,2015,41400214,,CHI,CLE,20150510.0,2014-15,True,CLE,CHI,1610612741.0,CLE_CHI_2015,1.0,5.0,8.0,0.625,0.418,0.207,0.25,1.0,2.0,0.5,0.339,0.162,0.75,4.0,6.0,0.667,0.472,0.195,0.625,4.0,5.0,0.8,0.569,0.231,0.625,4.0,5.0,0.8,0.522,0.278,0.375,1.0,3.0,0.333,0.333,0.001,,,10.0,1.0,0.0,0.0,0.0,0.0,0.0,0.0,0.0,0.0,1.0,1.0,0.0,0.0,0.0,0.0,0.0,0.0,,,9.52,3655.0,0.69,0.37,0.33,4.42,5.11,3.75,,,,,,,,,,,,,,,,,,,,,,,
2592,James Jones,James,1610612739,CLE,34.0,1,1,0,1.0,12.0,2,3,0.667,2,3,0.667,0,0,0.0,0,0,0,0,0,0,0,0,1,0,6,4,6.0,0,0,8.0,1,1,1,1,188,137,178,26,24,60,18,127,137,127,109,192,201,169,149,107,66,1,49,169,143,67,197,17,3,182,,1,0.0,3.0,105.1,109.5,92.1,0.131,0.0,83,0.0,21,0.0,231,192,201,1.0,124,70.0,137,109.5,34,85.04,68,53,0.0,200,0.0,43,84.0,90.5,90.5,109,2,2.0,224,84.0,2,0.0,1,19.0,13.1,0.116,1.0,113,39,34,169,39,199,178,169,83,19.0,0.115,231,0.0,0.0,0.0,0.0,0.0,15.0,0.0,0.0,11.0,0.0,0.0,0.0,0.0,0.0,0.0,0.0,0.0,0.0,0.0,0.0,0.0,0.0,0.0,0.0,0.0,0.0,0.0,0.0,0.0,19.0,6.0,0.5,0.0,0.0,1.71,0.0,0.0,10.0,0.316,0.42,,,,,,,,,,,,,,,,,,,,,,,,,,,,,,,,,,,,,,,,,,,,,,,,,,,,,,,,,,,,,,,,,,,1.0,2.0,0.0,0.0,3.0,1.0,,0.667,1.0,0.0,3.0,0.667,2.0,0.0,0.0,0.0,,,,0.0,0.0,0.0,0.0,0.0,0.0,1.0,0.667,0.0,6.0,0.0,0.0,0.0,0.0,0.0,0.0,0.0,3.0,0.667,,0.0,,,0.0,0.0,0.0,0.0,2.0,0.0,0.0,0.0,0.0,0.0,0.0,0.0,F,52.0,36.0,0.313,0.692,0.573,0.119,0.0,1.0,0.0,0.0,,0.0,0.0,2.0,0.0,0.0,0.0,0.0,0.0,0.0,0.0,2.0,0.0,1.0,0.0,0.0,0.0,,,0.0,0.0,CLE,0.0,0.0,3.0,0.667,3.0,2.0,1.0,2.0,2015,21401005,,CLE,BKN,20150318.0,2014-15,False,CLE,BKN,,,1.0,1.0,2.0,0.5,0.405,0.095,,,,,,,1.0,1.0,2.0,0.5,0.468,0.033,0.5,1.0,1.0,1.0,0.643,0.357,0.5,1.0,1.0,1.0,0.602,0.398,0.5,0.0,1.0,0.0,0.261,-0.261,,,19.0,0.0,0.0,0.0,0.0,0.0,0.0,0.0,0.0,0.0,0.0,0.0,0.0,0.0,0.0,0.0,0.0,0.0,,,12.0,4222.0,0.8,0.48,0.31,4.0,4.37,3.5,,,,,,,,,,,,,,,,,,,,,,,
2592,James Jones,James,1610612739,CLE,34.0,1,1,0,1.0,21.48333333333333,3,6,0.5,2,4,0.5,2,2,1.0,1,5,6,2,0,1,0,0,2,3,10,3,23.2,0,0,22.0,1,1,1,1,83,68,79,47,14,28,14,35,44,1,38,26,32,49,98,22,56,1,63,26,58,53,54,15,1,49,,1,0.115,6.0,101.2,97.6,85.6,0.229,0.179,82,0.0,41,0.042,123,40,41,0.727,71,76.34,68,97.6,51,92.41,9,36,0.0,100,0.182,26,91.61,90.2,90.2,56,23,3.0,122,91.61,24,22.2,1,7.3,15.6,0.151,0.667,65,38,51,50,38,100,79,42,82,7.3,0.149,123,0.0,1.0,0.0,0.1,7.0,30.0,0.067,0.0,24.0,3.0,0.0,1.0,2.0,1.0,0.5,0.0,0.0,2.0,2.0,0.0,0.0,2.0,1.0,1.0,1.0,0.0,4.0,1.0,0.0,37.0,10.0,1.0,0.0,0.0,1.61,0.0,1.0,22.0,0.27,0.57,2.0,7.9,10.0,6.2,3.0,2.0,0.545,2.0,0.0,1.0,0.625,11.0,0.0,1.0,4.0,0.0,2.0,1.0,0.4,0.667,1.0,0.5,0.333,16.8,0.0,0.0,1.0,0.167,0.167,1.0,0.0,0.0,2.0,,0.0,0.333,0.0,1.0,,0.0,1.0,0.167,1.0,1.0,0.167,2.0,0.333,2.0,1.25,1.0,1.0,1.0,1.0,,,,,,,,,,,,,,0.333,1.0,0.0,0.0,2.0,0.333,,0.5,0.75,0.0,2.0,0.5,1.0,2.0,1.0,5.0,0.833,0.667,1.0,1.0,3.0,0.0,0.0,0.0,0.0,0.667,0.333,0.0,3.0,0.0,0.0,0.0,0.5,0.0,0.0,0.0,3.0,0.667,1.0,0.0,0.0,0.0,0.0,0.0,0.0,0.0,2.0,0.0,1.0,0.0,2.0,1.0,0.0,0.0,F,41.0,26.0,0.293,0.634,0.558,0.076,0.0,0.5,,0.0,,,0.0,2.0,0.5,0.0,0.0,0.0,,0.0,0.0,1.0,0.0,2.0,0.0,0.0,0.5,,,1.0,0.0,CLE,1.0,2.0,3.0,0.333,3.0,1.0,0.5,1.0,2015,21400891,,CLE,BOS,20150303.0,2014-15,False,CLE,BOS,,,1.0,3.0,7.0,0.429,0.409,0.02,0.429,1.0,3.0,0.333,0.351,-0.018,0.571,2.0,4.0,0.5,0.436,0.064,0.143,1.0,1.0,1.0,0.263,0.737,0.429,1.0,3.0,0.333,0.421,-0.087,0.429,1.0,3.0,0.333,0.365,-0.032,,,37.0,1.0,0.0,1.0,0.0,0.0,0.0,0.0,0.0,0.0,0.0,0.0,0.0,0.0,0.0,0.0,0.0,0.0,,,21.48,7448.0,1.41,0.78,0.63,3.91,4.13,3.66,,,,,,,,,,,,,,,,,,,,,,,
2592,James Jones,James,1610612739,CLE,34.0,1,0,1,0.0,4.15,0,0,0.0,0,0,0.0,0,0,0.0,0,1,1,0,0,0,0,0,0,0,0,-5,1.2,0,0,1.0,1,53,53,53,95,86,97,86,44,61,44,53,54,53,61,67,76,72,62,49,38,1,1,69,89,71,97,11,1,97,,1,0.2,0.0,116.3,114.3,167.5,0.045,0.5,31,0.0,7,0.0,93,1,7,0.0,47,72.29,86,114.3,93,84.67,71,97,0.0,98,0.0,104,86.75,162.5,162.5,61,89,0.0,95,86.75,86,0.0,1,-48.2,-51.2,0.0,0.0,31,103,93,72,103,98,97,72,31,-48.2,0.0,93,0.0,,,,,,,,,,,,,,,,,,,,,,,,,,,,,,,,,,,,,,,,,,,,,,,,,,,,,,,,,,,,,,,,,,,,,,,,,,,,,,,,,,,,,,,,,,,,,,,,,,,,,,,,,,,,,,,,,,,,,,,0.0,,0.0,,,,,0.0,,,,,,,,,,,,0.0,,0.0,0.0,0.0,0.0,,,,,0.0,0.0,,,0.0,,,,0.0,0.0,0.0,0.0,F,5.0,2.0,0.179,0.4,0.584,-0.184,0.0,0.0,,0.0,,,,0.0,0.0,0.0,,0.0,,,0.0,0.0,0.0,0.0,0.0,0.0,0.0,,,0.0,0.0,CLE,0.0,0.0,0.0,,,,,0.0,2015,21400429,,MIA,CLE,20141225.0,2014-15,False,CLE,MIA,,,,,,,,,,,,,,,,,,,,,,,,,,,,,,,,,,,,,,,,,,,,,,,,,,,,,,,,,,,,,,,,,,,,,,,,,,,,,,,,,,,,,,,,,,,
2592,James Jones,James,1610612739,CLE,34.0,1,1,0,1.0,6.333333333333333,1,2,0.5,1,2,0.5,0,0,0.0,0,1,1,0,0,0,0,0,0,0,3,-10,4.2,0,0,5.0,1,1,1,1,199,150,182,70,35,71,27,117,127,117,109,148,166,152,136,87,67,1,1,162,157,192,189,15,1,184,,1,0.077,2.0,53.8,50.0,111.0,0.115,0.2,214,0.0,14,0.0,23,54,111,0.75,104,88.42,150,50.0,211,107.32,87,208,0.0,171,0.0,155,106.11,121.4,121.4,109,33,1.0,19,106.11,26,0.0,1,-71.4,-57.1,0.133,0.75,216,182,211,152,182,172,182,152,214,-71.4,0.125,23,0.0,0.0,0.0,0.0,0.0,4.0,0.0,0.0,5.0,0.0,0.0,0.0,0.0,0.0,0.0,0.0,0.0,0.0,0.0,0.0,0.0,0.0,0.0,0.0,0.0,0.0,0.0,0.0,0.0,7.0,3.0,0.2,0.0,0.0,1.53,0.0,0.0,5.0,0.429,0.29,0.0,10.5,1.0,10.5,1.0,0.0,1.0,0.0,0.0,0.0,1.0,1.0,0.0,0.0,1.0,0.0,0.0,0.0,0.0,1.0,0.0,1.0,0.0,0.0,,,,,,,,,,,,,,,,,,,,,,,,,,,,,,1.0,1.0,0.0,0.0,0.5,0.0,0.0,,0.5,0.0,0.0,0.0,0.0,0.5,1.0,0.0,0.0,1.0,0.5,,1.0,1.5,0.0,1.0,1.0,1.0,0.0,1.0,0.0,0.0,0.0,0.0,0.0,1.0,0.0,0.0,0.0,0.0,0.75,1.0,0.0,3.0,0.0,1.0,,0.0,,0.0,0.0,1.0,0.0,1.0,1.0,1.0,1.0,0.0,0.0,,,0.0,,1.0,,0.0,0.0,0.0,0.0,,,,,,,,0.0,0.0,,0.0,,,,0.0,,0.0,,0.0,,,0.0,0.0,0.0,2.0,0.0,0.0,0.5,,,1.0,0.0,CLE,,,1.0,1.0,1.0,1.0,1.5,1.0,2015,21400133,,CLE,ATL,20141115.0,2014-15,False,CLE,ATL,,,1.0,0.0,2.0,0.0,0.412,-0.412,0.5,0.0,1.0,0.0,0.311,-0.311,0.5,0.0,1.0,0.0,0.483,-0.483,,,,,,,,,,,,,1.0,0.0,2.0,0.0,0.344,-0.344,,,7.0,0.0,0.0,0.0,0.0,0.0,0.0,0.0,0.0,0.0,0.0,0.0,0.0,0.0,0.0,0.0,0.0,0.0,,,6.33,2377.0,0.45,0.27,0.18,4.73,5.27,4.11,,,,,,,,,,,,,,,,,,,,,,,
2592,James Jones,James,1610612739,CLE,34.0,1,1,0,1.0,22.966666666666665,0,6,0.0,0,6,0.0,2,2,1.0,0,2,2,0,0,0,1,0,4,4,2,-3,7.4,0,0,6.0,1,1,1,1,42,71,46,71,33,6,33,32,39,1,39,44,49,57,50,36,7,1,67,16,65,52,59,13,1,60,,1,0.036,6.0,88.2,86.0,89.7,-0.126,0.071,75,0.0,43,0.0,88,60,64,0.145,38,73.15,71,86.0,56,90.45,87,45,0.0,62,0.0,16,87.78,97.6,97.6,39,74,0.0,88,87.78,71,0.0,1,-11.5,-1.5,0.147,0.0,73,30,56,57,30,61,46,57,75,-11.5,0.14,88,0.0,1.0,0.0,0.0,0.0,27.0,0.0,0.0,23.0,0.0,0.0,0.0,0.0,0.0,0.0,0.0,0.0,0.0,0.0,0.0,0.0,0.0,0.0,0.0,0.0,0.0,0.0,0.0,0.0,34.0,2.0,0.9,0.0,0.0,1.64,0.0,0.0,25.0,0.059,0.15,0.0,12.3,5.0,12.3,2.0,2.0,0.333,2.0,0.0,0.0,0.667,6.0,0.0,0.0,2.0,0.0,0.0,0.0,0.0,0.5,1.0,0.4,0.0,0.0,,,,,,,,,,,,,,,,,,,,,,,,,,,,,,1.0,1.0,0.0,0.0,0.167,0.0,0.0,,0.167,0.0,0.0,0.0,0.0,0.833,0.0,0.0,0.0,5.0,0.833,,0.0,0.0,0.0,5.0,0.0,0.0,0.0,0.0,0.0,,,,0.0,0.0,0.0,0.0,0.0,0.0,0.0,0.0,0.0,0.0,0.0,0.0,0.0,0.0,0.0,0.0,0.0,2.0,0.0,3.0,0.0,0.0,0.0,0.0,0.0,0.0,1.0,0.0,0.0,4.0,0.0,0.0,0.0,0.0,0.0,F,5.0,3.0,0.455,0.6,0.618,-0.018,0.0,0.0,,0.0,,,0.0,1.0,0.0,0.0,0.0,0.0,,0.0,0.0,0.0,0.0,5.0,0.0,0.0,0.0,,,0.0,0.0,CLE,0.0,0.0,6.0,0.0,6.0,0.0,0.0,0.0,2015,41400114,,BOS,CLE,20150426.0,2014-15,True,CLE,BOS,1610612738.0,CLE_BOS_2015,1.0,2.0,6.0,0.333,0.447,-0.113,0.167,0.0,1.0,0.0,0.348,-0.348,0.833,2.0,5.0,0.4,0.479,-0.079,0.333,1.0,2.0,0.5,0.604,-0.104,0.667,2.0,4.0,0.5,0.561,-0.061,0.333,0.0,2.0,0.0,0.374,-0.374,,,34.0,0.0,0.0,0.0,0.0,0.0,0.0,0.0,0.0,0.0,0.0,0.0,0.0,0.0,0.0,0.0,0.0,0.0,,,22.97,8572.0,1.62,0.99,0.63,4.18,4.3,3.98,,,,,,,,,,,,,,,,,,,,,,,
2592,James Jones,James,1610612739,CLE,34.0,1,1,0,1.0,22.491666666666667,3,7,0.429,2,4,0.5,0,0,0.0,0,1,1,1,0,2,0,0,4,0,8,22,16.7,0,0,16.0,1,1,1,1,13,7,9,8,3,7,2,13,14,13,10,13,13,6,10,4,7,1,10,15,9,1,13,4,2,13,,1,0.024,7.0,122.6,128.9,85.1,0.071,0.048,1,0.0,45,0.0,13,14,16,0.571,8,78.25,7,128.9,1,95.61,10,2,0.0,12,0.077,8,93.9,83.7,83.7,10,5,3.0,12,93.9,4,12.5,1,45.2,37.4,0.136,0.571,1,7,1,7,7,12,9,6,1,45.2,0.13,13,0.0,,,,,,,,,,,,,,,,,,,,,,,,,,,,,,,,,,,,,,,,,,,,,,,,,,,,,,,,,,,,,,,,,,,,,,,,,,,,,,,,3.0,0.429,0.0,0.333,0.0,1.0,0.429,3.0,0.333,,1.0,0.333,0.0,4.0,4.0,0.75,2.0,0.571,2.0,0.0,,0.571,0.0,0.0,0.5,0.5,,,,,,,,,,,,,,1.0,0.0,2.0,1.0,1.0,,0.0,1.0,,,,,,,,,,0.5,0.0,0.0,0.5,0.5,2.0,2.0,0.5,0.0,1.0,0.0,0.0,1.0,0.0,1.0,2.0,1.0,0.0,2.0,0.0,1.0,0.0,0.0,0.0,F,33.0,22.0,0.398,0.667,0.607,0.06,1.0,0.5,,0.0,0.0,,0.0,2.0,1.0,0.0,0.0,0.0,,0.0,0.0,1.0,0.0,2.0,0.0,1.0,0.5,0.0,0.0,1.0,0.0,CLE,1.0,1.0,5.0,0.5,4.0,2.0,0.6,2.0,2015,41400402,,GSW,CLE,20150607.0,2014-15,True,CLE,GSW,1610612744.0,CLE_GSW_2015,1.0,3.0,8.0,0.375,0.47,-0.095,0.25,1.0,2.0,0.5,0.372,0.128,0.75,2.0,6.0,0.333,0.506,-0.172,0.25,1.0,2.0,0.5,0.655,-0.155,0.375,1.0,3.0,0.333,0.566,-0.233,0.5,2.0,4.0,0.5,0.373,0.127,,,,,,,,,,,,,,,,,,,,,,,,,,,,,,,,,,,,,,,,,,,,,,,,,,,,,
2592,James Jones,James,1610612739,CLE,34.0,1,0,1,0.0,26.25,4,7,0.571,1,3,0.333,5,5,1.0,1,3,4,0,0,0,1,0,2,4,14,-26,21.8,0,0,21.0,1,106,106,106,82,60,96,45,43,45,51,18,29,1,44,73,68,138,131,96,13,1,74,22,45,187,84,16,1,78,,1,0.087,7.0,78.7,78.3,128.5,0.131,0.125,158,0.0,60,0.045,20,97,85,0.761,97,89.9,60,78.3,174,106.53,60,175,0.0,141,0.0,166,107.89,125.9,125.9,66,29,4.0,11,107.89,46,0.0,1,-47.5,-49.8,0.149,0.643,158,163,174,138,163,147,96,138,158,-47.5,0.143,20,0.0,1.0,0.0,0.0,0.0,35.0,0.0,0.0,30.0,0.0,0.0,1.0,0.0,0.0,0.0,0.0,0.0,0.0,0.0,0.0,0.5,2.0,0.0,0.0,0.0,1.0,0.0,0.0,1.0,44.0,14.0,1.3,0.0,0.0,1.8,0.0,0.0,27.0,0.318,0.59,2.0,4.4,2.0,4.6,2.0,0.0,1.333,0.0,1.0,1.0,1.5,3.0,1.0,0.0,2.0,0.0,1.0,1.0,0.333,1.333,1.0,1.5,0.5,3.8,,,,,,,,,,,,,,,,,3.0,0.429,0.0,0.667,0.0,2.0,0.429,3.0,0.667,,2.0,0.667,0.0,2.0,1.0,1.25,1.0,0.286,2.0,1.0,1.0,0.143,0.143,1.0,1.0,1.0,0.286,0.0,0.0,0.0,2.0,0.286,,0.0,0.0,0.0,2.0,0.0,0.0,3.0,0.0,6.0,1.0,1.0,,0.0,3.0,0.0,0.0,0.0,0.0,0.643,0.333,0.0,3.0,0.0,0.0,0.0,1.0,0.0,0.0,1.0,2.0,0.5,0.0,0.0,0.0,0.0,0.0,0.0,0.0,1.0,1.0,0.0,1.0,0.0,3.0,3.0,0.0,0.0,F,69.0,47.0,0.35,0.681,0.578,0.103,2.0,0.5,0.0,0.0,0.0,0.0,0.0,2.0,0.0,0.0,0.0,0.0,0.0,0.0,1.0,1.0,0.0,2.0,0.0,1.0,0.5,0.0,0.0,1.0,2.0,CLE,0.0,0.0,3.0,0.333,3.0,1.0,0.5,1.0,2015,21401194,,BOS,CLE,20150412.0,2014-15,False,CLE,BOS,,,1.0,6.0,9.0,0.667,0.433,0.234,0.222,2.0,2.0,1.0,0.335,0.665,0.778,4.0,7.0,0.571,0.476,0.095,0.444,2.0,4.0,0.5,0.574,-0.074,0.556,3.0,5.0,0.6,0.512,0.088,0.222,2.0,2.0,1.0,0.36,0.64,,,44.0,0.0,0.0,0.0,0.0,0.0,0.0,0.0,0.0,0.0,0.0,0.0,0.0,0.0,0.0,0.0,0.0,0.0,,,26.25,9982.0,1.89,1.1,0.79,4.35,4.41,4.26,,,,,,,,,,,,,,,,,,,,,,,
2592,James Jones,James,1610612739,CLE,34.0,1,1,0,1.0,8.305,0,2,0.0,0,2,0.0,0,0,0.0,0,0,0,1,0,0,0,0,2,1,0,0,1.5,0,0,1.0,1,1,1,1,150,148,141,148,68,62,68,86,88,86,79,142,148,79,106,75,53,1,70,81,151,73,156,11,1,156,,1,0.0,2.0,129.5,133.3,138.5,-0.09,0.0,10,0.0,15,0.0,115,142,148,0.0,82,74.65,148,133.3,60,86.35,162,94,0.0,118,0.125,155,89.58,125.0,125.0,79,151,0.0,152,89.58,148,33.3,1,8.3,-9.0,0.13,0.0,13,133,60,67,133,116,141,21,10,8.3,0.133,115,0.0,1.0,0.0,0.063,3.0,16.0,0.063,0.0,12.0,1.0,0.0,0.0,0.0,0.0,0.0,0.0,0.0,0.0,0.0,0.0,1.0,1.0,0.0,0.0,0.0,1.0,0.0,0.0,0.0,18.0,0.0,0.3,0.0,0.0,1.01,0.0,0.0,11.0,0.0,0.28,,,,,,,,,,,,,,,,,,,,,,,,,,,,,,,,,,,,,,,,,,,,,,,,,,,,,,1.0,1.0,0.0,0.0,0.5,0.0,0.0,,0.5,0.0,0.0,0.0,0.0,0.5,0.0,0.0,0.0,1.0,0.5,,0.0,0.0,0.0,1.0,0.0,0.0,0.0,0.0,0.0,,,,0.0,0.0,0.0,0.0,0.0,0.0,0.0,0.0,0.0,0.0,0.0,0.0,,0.0,0.0,0.0,0.0,2.0,0.0,0.0,0.0,0.0,0.0,0.0,0.0,0.0,0.0,0.0,,0.0,,0.0,0.0,0.0,0.0,F,1.0,0.0,0.067,0.0,0.575,-0.575,0.0,0.0,,0.0,,,0.0,1.0,0.0,0.0,0.0,0.0,,0.0,0.0,0.0,0.0,1.0,0.0,0.0,0.0,,,0.0,0.0,CLE,0.0,0.0,2.0,0.0,2.0,0.0,0.0,0.0,2015,21400308,,CLE,TOR,20141209.0,2014-15,False,CLE,TOR,,,,,,,,,,,,,,,,,,,,,,,,,,,,,,,,,,,,,,,,,18.0,0.0,0.0,0.0,0.0,0.0,0.0,0.0,0.0,0.0,0.0,0.0,0.0,0.0,0.0,0.0,0.0,0.0,,,8.3,3142.0,0.6,0.3,0.3,4.34,5.12,3.76,,,,,,,,,,,,,,,,,,,,,,,
2592,James Jones,James,1610612739,CLE,34.0,1,1,0,1.0,1.1,1,1,1.0,0,0,0.0,0,0,0.0,0,0,0,0,0,0,0,0,0,0,2,3,2.0,0,0,2.0,1,1,1,1,237,163,201,1,101,148,101,132,137,132,126,190,205,161,151,117,72,1,1,166,179,89,219,22,1,216,,1,0.0,1.0,212.8,133.3,34.7,2.0,0.0,11,0.0,3,0.0,5,190,205,1.0,119,90.91,163,133.3,5,103.85,1,3,0.0,1,0.0,3,109.09,50.0,50.0,126,12,1.0,33,109.09,8,0.0,1,83.3,178.0,0.532,1.0,4,7,5,161,7,10,201,161,11,83.3,0.333,5,0.0,0.0,0.0,0.0,0.0,1.0,0.0,0.0,1.0,0.0,0.0,0.0,0.0,0.0,0.0,0.0,0.0,0.0,0.0,0.0,0.0,0.0,0.0,0.0,0.0,0.0,0.0,0.0,0.0,2.0,2.0,0.1,0.0,0.0,1.54,0.0,0.0,1.0,1.0,0.0,,,,,,,,,,,,,,,,,,,,,,,,,,,,,,,,,,,,,,,,,1.0,1.0,0.0,1.0,0.0,1.0,1.0,1.0,1.0,,1.0,1.0,0.0,,,,,,,,,,,,,,,,,,,,,,,,,,,0.0,,0.0,,,,,0.0,0.0,0.0,0.0,0.0,1.0,1.0,0.0,2.0,0.0,,,1.0,,0.0,0.0,0.0,0.0,,,,,0.0,,,,0.0,,,,1.0,1.0,,,F,26.0,13.0,0.306,0.5,0.567,-0.067,0.0,,,0.0,0.0,,,,0.0,0.0,,0.0,,,0.0,,0.0,1.0,0.0,0.0,1.0,0.0,0.0,1.0,0.0,CLE,0.0,0.0,1.0,,,,1.0,1.0,2015,21400711,,MIN,CLE,20150131.0,2014-15,False,CLE,MIN,,,,,,,,,,,,,,,,,,,,,,,,,,,,,,,,,,,,,,,,,2.0,0.0,0.0,0.0,0.0,0.0,0.0,0.0,0.0,0.0,0.0,0.0,0.0,0.0,0.0,0.0,0.0,0.0,,,1.1,280.0,0.05,0.03,0.02,5.47,0.0,0.0,,,,,,,,,,,,,,,,,,,,,,,
2592,James Jones,James,1610612739,CLE,34.0,1,1,0,1.0,19.69333333333333,0,1,0.0,0,1,0.0,2,2,1.0,0,0,0,0,0,0,0,0,4,2,2,6,2.0,0,0,2.0,1,1,1,1,71,87,89,87,39,51,39,30,38,1,50,89,94,79,69,52,32,1,81,33,84,21,98,10,1,98,,1,0.0,1.0,121.7,127.5,119.3,-0.042,0.0,12,0.0,40,0.0,56,89,94,0.532,56,80.23,87,127.5,29,97.06,98,52,0.0,99,0.0,78,96.28,115.4,115.4,50,45,0.0,47,96.28,87,0.0,1,12.1,2.4,0.043,0.0,19,78,29,79,78,98,89,79,12,12.1,0.047,56,0.0,0.0,0.0,0.0,0.0,9.0,0.0,0.0,7.0,0.0,0.0,0.0,0.0,0.0,0.0,0.0,0.0,0.0,0.0,0.0,0.0,0.0,0.0,0.0,0.0,0.0,0.0,0.0,0.0,11.0,2.0,0.3,0.0,0.0,1.77,0.0,0.0,7.0,0.182,0.27,,,,,,,,,,,,,,,,,,,,,,,,,,,,,,,,,,,,,,,,,,,,,,,,,,,,,,,,,,,,,,,,,,,1.0,0.0,0.0,0.0,1.0,1.0,,0.0,0.0,0.0,1.0,0.0,0.0,0.0,0.0,0.0,,,,0.0,0.0,0.0,0.0,0.0,0.0,0.0,0.0,0.0,0.0,0.0,0.0,0.0,0.0,0.0,0.0,0.0,1.0,0.0,0.0,0.0,0.0,0.0,0.0,0.0,0.0,0.0,0.0,0.0,0.0,0.0,0.0,0.0,0.0,0.0,F,48.0,33.0,0.312,0.688,0.566,0.121,0.0,0.0,,0.0,0.0,,0.0,1.0,0.0,0.0,0.0,0.0,,0.0,0.0,0.0,0.0,0.0,0.0,0.0,0.0,0.0,0.0,0.0,0.0,CLE,0.0,0.0,1.0,0.0,1.0,0.0,0.0,0.0,2015,21400964,,SAS,CLE,20150312.0,2014-15,False,CLE,SAS,,,1.0,2.0,3.0,0.667,0.455,0.212,0.333,1.0,1.0,1.0,0.409,0.591,0.667,1.0,2.0,0.5,0.501,-0.001,0.333,1.0,1.0,1.0,0.586,0.414,0.333,1.0,1.0,1.0,0.557,0.443,0.667,1.0,2.0,0.5,0.398,0.102,,,11.0,0.0,0.0,0.0,0.0,0.0,0.0,0.0,0.0,0.0,0.0,0.0,0.0,0.0,0.0,0.0,0.0,0.0,,,19.7,7295.0,1.38,0.7,0.68,4.28,4.45,4.12,,,,,,,,,,,,,,,,,,,,,,,
2592,James Jones,James,1610612739,CLE,34.0,1,1,0,1.0,4.65,0,1,0.0,0,1,0.0,0,0,0.0,0,1,1,1,0,0,0,0,0,0,0,-8,2.7,0,0,2.0,1,1,1,1,173,166,168,166,84,93,84,98,102,98,90,126,138,97,120,82,51,1,1,135,167,143,168,16,1,170,,1,0.143,1.0,100.0,90.0,191.4,0.033,0.333,132,0.0,10,0.0,62,8,32,0.0,103,81.72,166,90.0,176,92.28,133,178,0.0,157,0.333,179,98.06,188.9,188.9,90,167,0.0,153,98.06,166,50.0,1,-98.9,-91.4,0.111,0.0,102,178,176,17,178,162,168,3,132,-98.9,0.1,62,0.0,1.0,0.0,0.1,3.0,10.0,0.1,0.0,5.0,1.0,0.0,0.0,0.0,0.0,0.0,0.0,0.0,0.0,0.0,0.0,0.0,0.0,0.0,0.0,0.0,0.0,0.0,0.0,0.0,11.0,0.0,0.4,0.0,0.0,2.05,0.0,0.0,5.0,0.0,0.36,0.0,13.7,1.0,13.7,1.0,0.0,1.0,0.0,0.0,0.0,1.0,1.0,0.0,0.0,1.0,0.0,0.0,0.0,0.0,1.0,0.0,1.0,0.0,0.0,,,,,,,,,,,,,,,,,,,,,,,,,,,,,,,,,,,,,,,,,,,1.0,0.0,0.0,0.0,1.0,1.0,,0.0,0.0,0.0,1.0,0.0,0.0,0.0,0.0,0.0,,,,0.0,0.0,0.0,0.0,0.0,0.0,0.0,0.0,0.0,0.0,0.0,0.0,,0.0,0.0,0.0,0.0,1.0,0.0,0.0,0.0,0.0,0.0,0.0,0.0,0.0,0.0,0.0,,0.0,,0.0,0.0,0.0,0.0,F,29.0,16.0,0.319,0.552,0.567,-0.015,0.0,0.0,,0.0,,,,1.0,0.0,0.0,,,,,0.0,0.0,,0.0,0.0,,0.0,,,0.0,0.0,CLE,0.0,0.0,1.0,0.0,1.0,0.0,0.0,0.0,2015,21400766,,CLE,LAL,20150208.0,2014-15,False,CLE,LAL,,,1.0,1.0,2.0,0.5,0.381,0.12,0.5,0.0,1.0,0.0,0.336,-0.336,0.5,1.0,1.0,1.0,0.444,0.556,0.5,1.0,1.0,1.0,0.56,0.44,0.5,1.0,1.0,1.0,0.514,0.486,0.5,0.0,1.0,0.0,0.294,-0.294,,,11.0,0.0,0.0,0.0,0.0,0.0,0.0,0.0,0.0,0.0,0.0,0.0,0.0,0.0,0.0,0.0,0.0,0.0,,,4.65,1619.0,0.31,0.18,0.13,3.86,4.62,2.9,,,,,,,,,,,,,,,,,,,,,,,
2592,James Jones,James,1610612739,CLE,34.0,1,0,1,0.0,6.2,0,1,0.0,0,1,0.0,0,0,0.0,0,0,0,1,0,0,0,0,0,0,0,-6,1.5,0,0,1.0,1,53,53,53,97,91,97,91,52,57,52,65,68,65,50,93,98,54,67,47,31,1,1,79,96,67,100,9,1,101,,1,0.0,1.0,74.2,77.8,119.5,0.0,0.0,94,0.0,9,0.0,106,93,98,0.0,57,61.29,91,77.8,97,78.66,90,96,0.0,94,0.333,84,73.55,130.0,130.0,50,96,0.0,104,73.55,91,50.0,1,-52.2,-45.3,0.096,0.0,95,98,97,9,98,93,97,2,94,-52.2,0.1,106,0.0,1.0,0.0,0.2,2.0,5.0,0.2,0.0,5.0,1.0,0.0,0.0,0.0,0.0,0.0,0.0,0.0,0.0,0.0,0.0,0.0,0.0,0.0,0.0,0.0,0.0,0.0,0.0,0.0,6.0,0.0,0.2,0.0,0.0,1.57,0.0,0.0,5.0,0.0,0.5,,,,,,,,,,,,,,,,,,,,,,,,,,,,,,,,,,,,,,,,,0.0,0.0,1.0,,1.0,0.0,1.0,1.0,0.0,0.0,0.0,0.0,0.0,,,,,,,,,,,,,,,,,,,,,,,,,,,0.0,0.0,0.0,,,,0.0,0.0,0.0,0.0,0.0,0.0,0.0,0.0,0.0,0.0,0.0,,0.0,0.0,,0.0,0.0,1.0,0.0,,,,,0.0,0.0,,,0.0,0.0,,0.0,0.0,0.0,0.0,0.0,F,22.0,11.0,0.297,0.5,0.582,-0.082,0.0,0.0,,0.0,,,0.0,0.0,0.0,0.0,0.0,0.0,,0.0,0.0,0.0,0.0,1.0,0.0,0.0,0.0,,,0.0,0.0,CLE,0.0,0.0,1.0,0.0,1.0,0.0,0.0,0.0,2015,21400561,,SAC,CLE,20150111.0,2014-15,False,CLE,SAC,,,1.0,3.0,3.0,1.0,0.464,0.536,0.333,1.0,1.0,1.0,0.306,0.694,0.667,2.0,2.0,1.0,0.497,0.503,0.333,1.0,1.0,1.0,0.571,0.429,0.333,1.0,1.0,1.0,0.567,0.433,0.333,1.0,1.0,1.0,0.328,0.672,,,6.0,0.0,0.0,0.0,0.0,0.0,0.0,0.0,0.0,0.0,0.0,0.0,0.0,0.0,0.0,0.0,0.0,0.0,,,6.2,2039.0,0.39,0.2,0.19,3.87,4.38,3.47,,,,,,,,,,,,,,,,,,,,,,,
2592,James Jones,James,1610612739,CLE,34.0,1,0,1,0.0,15.186666666666667,2,5,0.4,2,5,0.4,2,2,1.0,0,2,2,0,0,1,0,1,2,2,8,-7,13.4,0,0,14.0,1,24,24,24,30,26,27,21,8,12,11,13,15,1,22,22,24,28,23,9,20,23,20,14,22,33,30,6,1,29,,1,0.05,5.0,72.2,67.7,86.7,0.188,0.083,35,0.0,31,0.0,23,26,25,0.68,15,80.33,26,67.7,34,96.97,5,31,0.0,17,0.0,11,96.4,93.3,93.3,22,11,2.0,20,96.4,12,0.0,1,-25.6,-14.5,0.195,0.6,34,16,34,28,16,19,27,28,35,-25.6,0.188,23,0.0,0.0,0.0,0.0,0.0,12.0,0.0,0.0,9.0,0.0,0.0,0.0,0.0,0.0,0.0,0.0,0.0,0.0,0.0,0.0,0.0,0.0,0.0,0.0,0.0,0.0,0.0,0.0,0.0,18.0,8.0,0.4,0.0,0.0,1.34,0.0,0.0,8.0,0.444,0.22,0.0,2.5,10.0,2.5,2.0,1.0,0.2,1.0,0.0,0.0,0.222,10.0,0.0,0.0,2.0,0.0,0.0,0.0,0.0,0.222,0.0,0.2,0.0,0.0,,,,,,,,,,,,,,,,,0.0,0.0,1.0,,0.25,0.0,0.25,1.0,0.0,0.0,0.0,0.0,0.0,1.0,1.0,1.5,1.0,0.25,1.0,0.0,,0.25,0.0,0.0,1.0,1.0,0.5,1.0,0.0,0.0,2.0,0.5,,0.5,0.75,0.0,2.0,0.5,1.0,1.0,2.0,3.0,0.75,0.5,0.5,1.0,2.0,0.0,0.0,0.0,0.0,0.6,0.333,0.0,3.0,0.0,0.0,0.0,0.0,0.0,0.0,0.0,4.0,0.5,0.0,0.0,0.0,0.0,0.0,0.0,0.0,1.0,2.0,0.0,1.0,0.0,0.0,0.0,0.0,0.0,F,11.0,7.0,0.393,0.636,0.6,0.037,0.0,0.0,,0.0,0.0,,0.0,0.0,0.0,0.0,0.0,0.0,,0.0,0.0,0.0,0.0,5.0,0.0,0.0,0.4,0.0,0.0,2.0,0.0,CLE,0.0,0.0,2.0,0.5,2.0,1.0,0.75,1.0,2015,41400213,,CHI,CLE,20150508.0,2014-15,True,CLE,CHI,1610612741.0,CLE_CHI_2015,1.0,1.0,7.0,0.143,0.431,-0.288,0.286,0.0,2.0,0.0,0.401,-0.401,0.714,1.0,5.0,0.2,0.483,-0.283,0.429,1.0,3.0,0.333,0.584,-0.251,0.714,1.0,5.0,0.2,0.543,-0.343,0.286,0.0,2.0,0.0,0.399,-0.399,,,18.0,0.0,0.0,0.0,0.0,0.0,0.0,0.0,0.0,0.0,0.0,0.0,0.0,0.0,0.0,0.0,0.0,0.0,,,15.18,5969.0,1.13,0.59,0.54,4.3,4.78,3.83,,,,,,,,,,,,,,,,,,,,,,,
2592,James Jones,James,1610612739,CLE,34.0,1,1,0,1.0,10.331666666666669,3,6,0.5,3,6,0.5,0,0,0.0,0,2,2,1,1,0,0,0,1,1,9,1,11.9,0,0,15.0,1,1,1,1,31,18,23,9,2,5,6,25,26,25,20,18,21,17,11,18,19,1,12,22,17,17,26,6,1,23,,34,0.083,6.0,101.2,105.3,100.0,0.226,0.154,17,12.5,19,0.0,27,16,21,0.75,9,75.5,18,105.3,16,90.04,3,20,1.0,8,0.25,21,90.6,95.0,95.0,20,7,3.0,26,90.6,6,12.5,34,10.3,1.2,0.295,0.75,17,17,16,6,17,7,23,16,17,10.3,0.304,27,12.5,0.0,0.0,0.125,2.0,8.0,0.125,0.0,8.0,1.0,0.0,0.0,0.0,0.0,0.0,0.0,0.0,0.0,0.0,0.0,0.0,0.0,0.0,0.0,0.0,0.0,0.0,0.0,0.0,14.0,9.0,0.3,0.0,0.0,1.2,0.0,0.0,8.0,0.643,0.07,1.0,17.7,4.0,17.7,1.0,1.0,0.5,1.0,0.0,0.0,0.667,4.0,0.0,0.0,1.0,0.0,1.0,0.0,0.5,0.667,0.0,0.5,0.5,0.0,,,,,,,,,,,,,,,,,,,,,,,,,,,,,,1.0,1.0,0.0,0.0,0.167,0.0,0.0,,0.167,0.0,0.0,0.0,0.0,0.833,3.0,0.0,0.0,5.0,0.833,,0.6,0.9,0.0,5.0,0.6,3.0,0.0,0.0,0.0,,,,0.0,0.0,0.0,0.0,0.0,0.0,0.75,0.5,0.0,9.0,0.0,1.0,0.0,0.0,1.0,0.0,0.0,5.0,0.4,,1.0,,,0.0,0.0,1.0,1.0,2.0,0.0,1.0,0.0,0.0,0.0,0.0,0.0,F,17.0,12.0,0.415,0.706,0.589,0.116,0.0,0.333,,0.0,0.0,,0.0,3.0,0.0,0.0,0.0,0.0,,0.0,0.0,1.0,0.0,3.0,0.0,0.0,0.667,0.0,0.0,2.0,0.0,CLE,0.0,0.0,6.0,0.5,6.0,3.0,0.75,3.0,2015,41400216,,CHI,CLE,20150514.0,2014-15,True,CLE,CHI,1610612741.0,CLE_CHI_2015,1.0,1.0,5.0,0.2,0.408,-0.208,0.4,0.0,2.0,0.0,0.335,-0.335,0.6,1.0,3.0,0.333,0.458,-0.125,0.2,1.0,1.0,1.0,0.576,0.424,0.2,1.0,1.0,1.0,0.541,0.459,0.8,0.0,4.0,0.0,0.281,-0.281,,,14.0,0.0,0.0,0.0,0.0,0.0,0.0,0.0,0.0,0.0,0.0,0.0,0.0,0.0,0.0,0.0,0.0,0.0,,,10.33,3602.0,0.68,0.37,0.32,4.06,4.33,3.76,,,,,,,,,,,,,,,,,,,,,,,
2592,James Jones,James,1610612739,CLE,34.0,1,1,0,1.0,7.95,3,4,0.75,3,4,0.75,1,2,0.5,0,0,0,0,0,0,0,0,1,1,10,3,10.0,0,0,13.0,1,1,1,1,250,124,201,13,7,50,16,120,98,105,143,241,253,201,183,137,90,1,53,138,110,105,203,23,1,175,,1,0.0,4.0,119.9,118.8,105.3,0.241,0.0,39,0.0,16,0.0,114,241,253,1.025,144,83.02,124,118.8,51,93.71,15,70,0.0,17,0.0,173,99.62,94.1,94.1,143,4,3.0,211,99.62,2,0.0,1,24.6,14.7,0.308,1.125,35,92,51,201,92,12,201,201,39,24.6,0.313,114,0.0,0.0,0.0,0.0,0.0,7.0,0.0,0.0,8.0,0.0,0.0,0.0,0.0,0.0,0.0,0.0,0.0,0.0,0.0,0.0,0.0,0.0,0.0,0.0,0.0,0.0,0.0,0.0,0.0,11.0,10.0,0.3,0.0,0.0,1.67,0.0,0.0,8.0,0.909,0.36,,,,,,,,,,,,,,,,,,,,,,,,,,,,,,,,,,,,,,,,,,,,,,,,,,,,,,2.0,2.0,0.75,1.0,0.5,1.0,0.0,,0.5,0.0,0.0,0.5,0.5,0.5,2.0,0.0,0.0,2.0,0.5,,1.0,1.5,0.0,2.0,1.0,2.0,0.0,0.0,0.0,,,,0.0,0.0,0.0,0.0,0.0,0.0,1.125,0.75,0.0,9.0,0.0,0.0,,0.0,0.0,0.0,0.0,3.0,1.0,0.0,0.0,0.0,0.0,0.0,0.0,0.0,1.0,3.0,,1.0,,0.0,0.0,0.0,0.0,F,36.0,22.0,0.33,0.611,0.564,0.047,0.0,1.0,,0.0,1.0,,,2.0,,0.0,,0.0,,,0.0,2.0,0.0,1.0,0.0,0.0,0.0,1.0,1.0,0.0,0.0,CLE,,,4.0,0.75,4.0,3.0,1.125,3.0,2015,21400809,,WAS,CLE,20150220.0,2014-15,False,CLE,WAS,,,1.0,5.0,6.0,0.833,0.447,0.386,0.167,1.0,1.0,1.0,0.346,0.654,0.833,4.0,5.0,0.8,0.452,0.348,0.5,2.0,3.0,0.667,0.537,0.13,0.5,2.0,3.0,0.667,0.494,0.172,0.167,1.0,1.0,1.0,0.366,0.634,,,11.0,0.0,0.0,0.0,0.0,0.0,0.0,0.0,0.0,0.0,0.0,0.0,0.0,0.0,0.0,0.0,0.0,0.0,,,7.95,2853.0,0.54,0.31,0.23,3.78,4.41,3.11,,,,,,,,,,,,,,,,,,,,,,,
2592,James Jones,James,1610612739,CLE,34.0,1,0,1,0.0,17.083333333333332,0,1,0.0,0,1,0.0,0,0,0.0,0,1,1,1,1,1,0,0,4,0,0,-11,4.7,0,0,4.0,1,11,11,11,13,17,16,17,9,10,9,9,9,9,12,15,17,10,6,5,8,1,16,11,17,17,18,1,1,17,,18,0.028,1.0,68.0,61.8,101.9,-0.067,0.063,18,33.3,34,0.0,3,16,18,0.0,8,79.61,17,61.8,17,87.5,18,17,1.0,16,0.111,10,95.53,94.1,94.1,12,17,0.0,16,95.53,17,33.3,18,-32.4,-33.9,0.059,0.0,18,6,17,12,6,17,16,2,18,-32.4,0.054,3,33.3,1.0,0.0,0.083,2.0,12.0,0.083,0.0,9.0,1.0,0.0,0.0,0.0,0.0,0.0,0.0,0.0,0.0,0.0,0.0,0.0,0.0,0.0,0.0,0.0,0.0,0.0,0.0,0.0,18.0,0.0,0.4,0.0,0.0,1.22,0.0,0.0,10.0,0.0,0.17,0.0,6.5,4.0,6.5,1.0,1.0,0.2,1.0,0.0,0.0,0.333,5.0,0.0,0.0,1.0,0.0,0.0,0.0,0.0,0.25,1.0,0.25,0.0,0.0,,,,,,,,,,,,,,,,,,,,,,,,,,,,,,1.0,1.0,0.0,0.0,1.0,0.0,0.0,,1.0,0.0,0.0,0.0,0.0,,,,,,,,,,,,,,0.0,0.0,0.0,,,,0.0,0.0,0.0,0.0,0.0,0.0,0.0,0.0,0.0,0.0,0.0,0.0,0.0,0.0,0.0,0.0,0.0,1.0,0.0,0.0,0.0,0.0,0.0,0.0,0.0,0.0,0.0,0.0,0.0,0.0,0.0,0.0,0.0,0.0,0.0,F,31.0,21.0,0.413,0.677,0.604,0.074,0.0,0.0,,0.0,,,0.0,1.0,0.0,0.0,0.0,0.0,,0.0,0.0,0.0,0.0,0.0,0.0,0.0,0.0,,,0.0,0.0,CLE,0.0,0.0,1.0,0.0,1.0,0.0,0.0,0.0,2015,41400401,,GSW,CLE,20150604.0,2014-15,True,CLE,GSW,1610612744.0,CLE_GSW_2015,1.0,3.0,9.0,0.333,0.474,-0.141,0.333,1.0,3.0,0.333,0.408,-0.075,0.667,2.0,6.0,0.333,0.511,-0.178,0.556,2.0,5.0,0.4,0.64,-0.24,0.667,2.0,6.0,0.333,0.573,-0.239,0.333,1.0,3.0,0.333,0.404,-0.071,,,18.0,0.0,0.0,0.0,0.0,0.0,0.0,0.0,0.0,0.0,0.0,0.0,0.0,0.0,0.0,0.0,0.0,0.0,,,17.08,6553.0,1.24,0.67,0.57,4.01,4.1,4.66,,,,,,,,,,,,,,,,,,,,,,,
2592,James Jones,James,1610612739,CLE,34.0,1,1,0,1.0,3.6,1,2,0.5,1,2,0.5,0,0,0.0,0,1,1,2,0,0,0,0,0,0,3,1,7.2,0,0,7.0,1,1,1,1,222,162,196,74,47,86,33,132,139,132,123,164,180,70,157,114,70,1,1,172,177,105,184,17,2,182,,1,0.167,2.0,114.3,114.3,103.6,0.345,0.333,49,0.0,7,0.0,196,5,25,0.75,118,77.78,162,114.3,55,91.73,3,71,0.0,43,1.0,114,93.33,100.0,100.0,123,36,1.0,205,93.33,26,50.0,1,14.3,10.7,0.25,0.75,50,91,55,1,91,37,196,1,49,14.3,0.25,196,0.0,2.0,0.0,0.4,5.0,5.0,0.4,0.0,5.0,2.0,0.0,0.0,0.0,0.0,0.0,0.0,0.0,0.0,0.0,0.0,1.0,1.0,0.0,0.0,0.0,1.0,0.0,0.0,0.0,8.0,3.0,0.3,0.0,0.0,2.05,0.0,0.0,5.0,0.375,0.38,1.0,3.2,1.0,3.2,0.0,0.0,1.0,0.0,0.0,0.0,1.0,1.0,0.0,0.0,0.0,0.0,1.0,0.0,1.0,1.0,0.0,1.0,1.0,0.0,,,,,,,,,,,,,,,,,,,,,,,,,,,,,,2.0,2.0,0.75,1.0,1.0,1.0,0.0,,1.0,0.0,0.0,0.5,0.5,,,,,,,,,,,,,,1.0,1.0,3.0,1.5,1.0,1.0,1.0,1.0,0.0,0.0,0.0,0.0,0.75,0.0,0.0,0.0,0.0,0.0,0.0,0.0,0.0,0.0,0.0,2.0,0.5,,0.0,,,0.0,0.0,0.0,0.0,1.0,0.0,0.0,0.0,0.0,0.0,0.0,0.0,F,5.0,2.0,0.179,0.4,0.584,-0.184,0.0,0.5,,0.0,,,0.0,2.0,0.0,0.0,0.0,0.0,,0.0,0.0,1.0,0.0,0.0,0.0,0.0,0.0,,,0.0,0.0,CLE,0.0,0.0,1.0,0.0,1.0,0.0,0.0,0.0,2015,21400416,,CLE,MIN,20141223.0,2014-15,False,CLE,MIN,,,,,,,,,,,,,,,,,,,,,,,,,,,,,,,,,,,,,,,,,8.0,0.0,0.0,0.0,0.0,0.0,0.0,0.0,0.0,0.0,0.0,0.0,0.0,0.0,0.0,0.0,0.0,0.0,,,3.6,1288.0,0.24,0.16,0.08,3.33,4.96,5.04,,,,,,,,,,,,,,,,,,,,,,,
2592,James Jones,James,1610612739,CLE,34.0,1,1,0,1.0,1.1833333333333331,0,0,0.0,0,0,0.0,0,0,0.0,0,0,0,0,0,0,0,0,0,0,0,2,0.0,0,0,0.0,1,1,1,1,259,221,254,221,101,163,101,141,148,141,139,221,227,178,165,119,72,1,1,197,237,99,253,17,1,254,,1,0.0,0.0,250.0,166.7,150.0,0.0,0.0,2,0.0,3,0.0,47,221,227,0.0,125,84.51,221,166.7,63,81.13,222,2,0.0,257,0.0,254,101.41,150.0,150.0,139,237,0.0,249,101.41,221,0.0,1,16.7,100.0,0.0,0.0,1,253,63,178,253,257,254,178,2,16.7,0.0,48,0.0,0.0,0.0,0.0,0.0,3.0,0.0,0.0,2.0,0.0,0.0,0.0,0.0,0.0,0.0,0.0,0.0,0.0,0.0,0.0,0.0,0.0,0.0,0.0,0.0,0.0,0.0,0.0,0.0,3.0,0.0,0.1,0.0,0.0,1.29,0.0,0.0,2.0,0.0,0.67,,,,,,,,,,,,,,,,,,,,,,,,,,,,,,,,,,,,,,,,,,,,,,,,,,,,,,,,,,,,,,,,,,,,,,,,,,,,,,,,0.0,,0.0,,,,,0.0,0.0,0.0,0.0,0.0,0.0,0.0,0.0,0.0,0.0,,,0.0,,0.0,0.0,0.0,0.0,,,,,0.0,,,,0.0,,,,0.0,0.0,,,F,29.0,16.0,0.315,0.552,0.567,-0.015,,,,,,,,,0.0,,,0.0,,,,,0.0,0.0,,0.0,0.0,,,0.0,,CLE,0.0,0.0,0.0,,,,,0.0,2015,21400796,,CLE,MIA,20150211.0,2014-15,False,CLE,MIA,,,1.0,1.0,1.0,1.0,0.478,0.522,1.0,1.0,1.0,1.0,0.323,0.677,,,,,,,,,,,,,,,,,,,1.0,1.0,1.0,1.0,0.356,0.644,,,3.0,0.0,0.0,0.0,0.0,0.0,0.0,0.0,0.0,0.0,0.0,0.0,0.0,0.0,0.0,0.0,0.0,0.0,,,1.18,355.0,0.07,0.05,0.02,5.04,0.0,0.0,,,,,,,,,,,,,,,,,,,,,,,
2592,James Jones,James,1610612739,CLE,34.0,1,0,1,0.0,29.73333333333333,2,8,0.25,2,8,0.25,3,3,1.0,1,2,3,1,1,1,0,0,3,2,9,-3,16.1,0,0,17.0,1,10,10,10,10,12,8,15,2,2,6,6,8,1,8,11,11,10,7,4,7,1,8,9,10,10,13,4,1,12,,12,0.046,8.0,99.4,100.0,105.9,0.036,0.059,13,9.1,64,0.032,2,15,14,0.483,6,86.1,12,100.0,12,103.0,14,12,1.0,13,0.05,10,103.32,104.7,104.7,10,10,2.0,1,103.32,11,9.1,12,-4.7,-6.5,0.149,0.375,14,9,12,12,9,13,8,14,13,-4.7,0.143,2,8.8,2.0,0.0,0.042,3.0,24.0,0.042,0.0,22.0,1.0,1.0,0.0,0.0,0.0,0.0,1.0,0.0,0.0,0.0,0.0,0.0,1.0,0.0,0.0,0.0,0.0,0.0,0.0,0.0,36.0,9.0,0.7,0.0,0.0,1.1,0.0,0.0,22.0,0.25,0.28,0.0,12.4,5.0,6.9,2.0,0.0,0.429,0.0,0.0,0.5,0.4,7.0,0.0,1.0,3.0,0.0,0.0,0.5,0.0,0.429,2.0,0.4,0.0,23.3,,,,,,,,,,,,,,,,,,,,,,,,,,,,,,4.0,4.0,0.0,0.0,0.5,0.0,0.0,,0.5,0.0,0.0,0.0,0.0,0.5,2.0,0.0,0.0,4.0,0.5,,0.5,0.75,0.0,4.0,0.5,2.0,0.0,1.0,0.0,0.0,0.0,0.0,0.0,1.0,0.0,0.0,0.0,0.0,0.375,0.286,0.0,6.0,0.0,0.0,0.0,0.0,0.0,0.0,0.0,6.0,0.333,2.0,0.0,0.0,0.0,0.0,0.0,0.0,0.0,2.0,0.0,2.0,0.0,0.0,0.0,0.0,0.0,F,33.0,20.0,0.32,0.606,0.566,0.04,0.0,0.333,0.0,0.0,,0.0,0.0,6.0,0.0,0.0,0.0,0.0,0.0,0.0,0.0,2.0,0.0,2.0,0.0,0.0,0.0,,,0.0,0.0,CLE,0.0,0.0,7.0,0.286,7.0,2.0,0.429,2.0,2015,21400800,,CHI,CLE,20150212.0,2014-15,False,CLE,CHI,,,1.0,7.0,11.0,0.636,0.449,0.188,0.182,2.0,2.0,1.0,0.401,0.599,0.818,5.0,9.0,0.556,0.474,0.082,0.364,4.0,4.0,1.0,0.564,0.436,0.636,4.0,7.0,0.571,0.524,0.048,0.273,3.0,3.0,1.0,0.368,0.632,,,36.0,0.0,0.0,0.0,0.0,0.0,0.0,0.0,0.0,0.0,0.0,0.0,0.0,0.0,0.0,0.0,0.0,0.0,,,29.73,10976.0,2.08,1.12,0.96,4.24,4.62,3.88,,,,,,,,,,,,,,,,,,,,,,,
2592,James Jones,James,1610612739,CLE,34.0,1,0,1,0.0,14.066666666666666,0,4,0.0,0,4,0.0,3,3,1.0,0,1,1,1,0,0,0,0,1,1,3,-15,5.7,0,0,5.0,1,20,20,20,33,35,27,35,20,13,20,11,15,1,23,28,31,18,29,19,14,1,9,23,31,38,35,5,1,36,,1,0.031,4.0,76.5,76.7,121.0,0.0,0.067,36,0.0,30,0.0,1,25,30,0.282,22,89.57,35,76.7,38,104.89,33,39,0.0,22,0.125,36,107.49,115.2,115.2,23,34,0.0,3,107.49,35,16.7,1,-38.5,-44.6,0.161,0.0,36,33,38,16,33,25,27,14,36,-38.5,0.152,1,0.0,1.0,0.0,0.091,2.0,11.0,0.091,0.0,14.0,1.0,0.0,0.0,0.0,0.0,0.0,0.0,0.0,0.0,0.0,0.0,0.0,0.0,0.0,0.0,0.0,0.0,0.0,0.0,0.0,17.0,3.0,0.6,0.0,0.0,2.11,0.0,0.0,14.0,0.176,0.18,1.0,0.7,2.0,0.7,0.0,0.0,0.333,0.0,0.0,0.0,0.5,3.0,0.0,0.0,0.0,0.0,1.0,0.0,1.0,0.333,1.0,0.5,1.0,0.0,,,,,,,,,,,,,,,,,,,,,,,,,,,,,,1.0,1.0,0.0,0.0,0.25,0.0,0.0,,0.25,0.0,0.0,0.0,0.0,0.75,0.0,0.0,0.0,3.0,0.75,,0.0,0.0,0.0,3.0,0.0,0.0,0.0,0.0,0.0,,,,0.0,0.0,0.0,0.0,0.0,0.0,0.0,0.0,0.0,0.0,0.0,0.0,0.0,0.0,0.0,0.0,0.0,2.0,0.0,0.0,0.0,0.0,0.0,0.0,0.0,0.0,2.0,0.0,0.0,2.0,0.0,0.0,0.0,0.0,0.0,F,3.0,1.0,0.15,0.333,0.601,-0.268,0.0,0.0,,0.0,0.0,,0.0,2.0,0.0,0.0,0.0,0.0,,0.0,0.0,0.0,0.0,2.0,0.0,0.0,0.0,0.0,0.0,0.0,0.0,CLE,0.0,0.0,3.0,0.0,3.0,0.0,0.0,0.0,2015,21400326,,OKC,CLE,20141211.0,2014-15,False,CLE,OKC,,,1.0,4.0,5.0,0.8,0.438,0.362,0.2,1.0,1.0,1.0,0.434,0.566,0.8,3.0,4.0,0.75,0.468,0.282,0.4,1.0,2.0,0.5,0.615,-0.115,0.4,1.0,2.0,0.5,0.537,-0.037,0.6,3.0,3.0,1.0,0.365,0.635,,,17.0,0.0,0.0,0.0,0.0,0.0,0.0,0.0,0.0,0.0,0.0,0.0,0.0,0.0,0.0,0.0,0.0,0.0,,,14.07,5350.0,1.01,0.6,0.42,4.27,4.31,4.22,,,,,,,,,,,,,,,,,,,,,,,
2592,James Jones,James,1610612739,CLE,34.0,1,0,1,0.0,11.5,1,3,0.333,0,2,0.0,0,0,0.0,0,0,0,0,0,1,0,0,2,0,2,6,5.0,0,0,4.0,1,72,72,72,123,107,113,91,60,52,60,78,89,78,66,126,131,102,97,29,50,1,70,109,117,32,125,15,2,129,,1,0.0,3.0,134.4,142.9,112.8,-0.024,0.0,3,0.0,21,0.0,121,126,131,0.333,73,76.52,107,142.9,8,90.99,130,22,0.0,124,0.0,110,91.83,104.3,104.3,66,107,1.0,133,91.83,98,0.0,1,38.5,21.6,0.11,0.333,9,81,8,102,81,120,113,102,3,38.5,0.111,121,0.0,1.0,0.0,0.0,0.0,13.0,0.0,0.0,11.0,0.0,0.0,0.0,0.0,0.0,0.0,0.0,0.0,0.0,0.0,0.0,0.0,0.0,0.0,0.0,0.0,0.0,0.0,1.0,0.0,17.0,2.0,0.4,0.0,0.0,1.54,0.0,0.0,9.0,0.118,0.29,,,,,,,,,,,,,,,,,,,,,,,,,,,,,,,,,,,,,,,,,1.0,0.333,0.0,1.0,0.0,1.0,0.333,1.0,1.0,,1.0,1.0,0.0,,,,,,,,,,,,,,0.667,0.0,0.0,0.0,2.0,0.667,,0.0,0.0,0.0,2.0,0.0,0.0,1.0,0.0,2.0,1.0,1.0,,0.0,1.0,0.0,0.0,0.0,0.0,0.333,0.0,0.0,0.0,0.0,0.0,0.0,1.0,0.0,0.0,0.0,2.0,0.0,0.0,0.0,0.0,0.0,0.0,0.0,0.0,0.0,0.0,0.0,0.0,0.0,1.0,1.0,0.0,0.0,F,24.0,12.0,0.3,0.5,0.584,-0.084,1.0,0.0,,0.0,,,0.0,1.0,0.0,0.0,0.0,0.0,,0.0,1.0,0.0,0.0,1.0,0.0,0.0,0.0,,,0.0,1.0,CLE,0.0,0.0,2.0,0.0,2.0,0.0,0.0,0.0,2015,21400570,,PHX,CLE,20150113.0,2014-15,False,CLE,PHX,,,1.0,2.0,6.0,0.333,0.462,-0.128,0.167,0.0,1.0,0.0,0.358,-0.358,0.833,2.0,5.0,0.4,0.496,-0.096,0.333,1.0,2.0,0.5,0.599,-0.099,0.667,2.0,4.0,0.5,0.556,-0.056,0.167,0.0,1.0,0.0,0.385,-0.385,,,17.0,0.0,0.0,0.0,0.0,0.0,0.0,0.0,0.0,0.0,0.0,0.0,0.0,0.0,0.0,0.0,0.0,0.0,,,11.5,3955.0,0.75,0.39,0.36,3.64,4.24,4.1,,,,,,,,,,,,,,,,,,,,,,,
2592,James Jones,James,1610612739,CLE,34.0,1,1,0,1.0,6.416666666666667,0,2,0.0,0,2,0.0,0,0,0.0,1,0,1,0,0,0,0,0,1,0,0,-1,1.2,0,0,1.0,1,1,1,1,251,234,232,234,112,104,112,138,146,138,66,230,205,191,182,134,90,1,48,199,240,132,252,20,1,253,,1,0.083,2.0,92.3,100.0,124.5,-0.116,0.0,118,0.0,12,0.125,218,230,122,0.0,143,74.81,234,100.0,168,87.67,261,228,0.0,211,0.0,227,89.77,108.3,108.3,24,240,0.0,238,89.77,234,0.0,1,-8.3,-32.2,0.125,0.0,178,176,168,191,176,208,232,191,118,-8.3,0.125,218,0.0,0.0,0.0,0.0,0.0,9.0,0.0,0.0,7.0,0.0,0.0,0.0,0.0,0.0,0.0,0.0,0.0,0.0,0.0,0.0,0.0,0.0,0.0,0.0,0.0,0.0,0.0,0.0,0.0,11.0,0.0,0.4,0.0,0.0,2.11,0.0,0.0,6.0,0.0,0.27,0.0,21.9,0.0,0.0,0.0,0.0,1.0,0.0,0.0,1.0,0.0,1.0,0.0,1.0,1.0,0.0,0.0,1.0,0.0,1.0,1.0,0.0,0.0,21.9,,,,,,,,,,,,,,,,,0.0,0.0,1.0,,0.5,0.0,0.5,1.0,0.0,0.0,0.0,0.0,0.0,1.0,1.0,0.0,0.0,0.5,0.0,0.0,,0.5,0.0,0.0,0.0,0.0,,,,,,,,,,,,,,0.0,0.0,0.0,,,,0.0,0.0,0.0,0.0,0.0,0.0,0.0,0.0,0.0,0.0,0.0,0.0,,0.0,0.0,0.0,0.0,1.0,0.0,0.0,0.0,0.0,0.0,0.0,0.0,0.0,1.0,0.0,,1.0,,0.0,0.0,0.0,0.0,F,55.0,38.0,0.325,0.691,0.574,0.117,0.0,0.0,,0.0,,,,1.0,0.0,0.0,,0.0,,,0.0,0.0,0.0,1.0,0.0,0.0,0.0,,,0.0,0.0,CLE,0.0,0.0,2.0,0.0,2.0,0.0,0.0,0.0,2015,21401066,,MEM,CLE,20150325.0,2014-15,False,CLE,MEM,,,,,,,,,,,,,,,,,,,,,,,,,,,,,,,,,,,,,,,,,11.0,0.0,0.0,0.0,0.0,0.0,0.0,0.0,0.0,0.0,0.0,0.0,0.0,0.0,0.0,0.0,0.0,0.0,,,6.42,2426.0,0.46,0.3,0.16,4.69,4.51,4.99,,,,,,,,,,,,,,,,,,,,,,,
2592,James Jones,James,1610612739,CLE,34.0,1,1,0,1.0,13.933333333333334,0,3,0.0,0,3,0.0,0,0,0.0,0,0,0,0,0,0,0,0,1,0,0,11,0.0,0,0,0.0,1,1,1,1,15,15,15,15,6,6,6,10,12,10,11,16,17,12,13,9,7,1,2,15,16,1,18,3,1,18,,1,0.0,3.0,116.3,123.1,85.2,-0.103,0.0,1,0.0,26,0.0,16,16,17,0.0,11,74.64,15,123.1,1,89.84,18,1,0.0,17,0.0,2,89.57,80.8,80.8,11,16,0.0,17,89.57,15,0.0,1,42.3,31.1,0.095,0.0,1,1,1,12,1,17,15,12,1,42.3,0.094,16,0.0,0.0,0.0,0.0,0.0,7.0,0.0,0.0,5.0,0.0,0.0,0.0,0.0,0.0,0.0,0.0,0.0,0.0,0.0,0.0,0.0,0.0,0.0,0.0,0.0,0.0,0.0,0.0,0.0,10.0,0.0,0.3,0.0,0.0,1.63,0.0,0.0,6.0,0.0,0.2,,,,,,,,,,,,,,,,,,,,,,,,,,0.0,1.0,0.0,0.333,1.0,0.0,0.0,1.0,CLE,0.0,0.333,0.0,0.0,1610612739.0,0.0,,,,,,,,,,,,,,,,,,,,,,,,,,,0.667,0.0,0.0,0.0,2.0,0.667,,0.0,0.0,0.0,2.0,0.0,0.0,0.0,0.0,0.0,,,,0.0,0.0,0.0,0.0,0.0,0.0,0.0,0.0,0.0,0.0,0.0,0.0,0.0,0.0,0.0,0.0,0.0,2.0,0.0,0.0,0.0,0.0,0.0,0.0,0.0,0.0,1.0,0.0,0.0,1.0,0.0,0.0,0.0,0.0,0.0,F,18.0,13.0,0.409,0.722,0.597,0.125,0.0,0.0,0.0,0.0,,0.0,0.0,1.0,0.0,0.0,0.0,0.0,0.0,0.0,0.0,0.0,0.0,2.0,0.0,0.0,0.0,,,0.0,0.0,CLE,0.0,0.0,3.0,0.0,3.0,0.0,0.0,0.0,2015,41400301,,ATL,CLE,20150520.0,2014-15,True,CLE,ATL,1610612737.0,CLE_ATL_2015,1.0,1.0,3.0,0.333,0.437,-0.104,0.333,0.0,1.0,0.0,0.307,-0.307,0.667,1.0,2.0,0.5,0.494,0.006,0.333,1.0,1.0,1.0,0.72,0.28,0.333,1.0,1.0,1.0,0.621,0.379,0.333,0.0,1.0,0.0,0.317,-0.317,1610612739.0,CLE,10.0,0.0,0.0,0.0,0.0,0.0,0.0,0.0,0.0,0.0,0.0,0.0,0.0,0.0,0.0,0.0,0.0,0.0,1610612739.0,CLE,13.93,5347.0,1.01,0.52,0.49,4.32,4.31,4.34,,,,,,,,,,,,,,,,,,,,,,,
2592,James Jones,James,1610612739,CLE,34.0,1,0,1,0.0,27.4,1,5,0.2,0,4,0.0,3,3,1.0,0,1,1,0,1,0,0,0,3,1,5,4,5.2,0,0,6.0,1,10,10,10,11,13,13,13,9,6,9,8,9,1,11,14,15,11,8,8,9,1,7,12,12,5,15,5,2,15,,14,0.015,5.0,108.7,103.2,100.3,-0.023,0.031,7,14.3,62,0.0,7,15,15,0.396,8,89.05,13,103.2,8,103.95,15,6,0.0,13,0.0,11,106.86,100.0,100.0,11,13,1.0,7,106.86,13,0.0,14,3.2,8.4,0.108,0.2,5,11,8,11,11,13,13,11,7,3.2,0.096,7,13.7,0.0,0.0,0.0,0.0,20.0,0.0,0.0,14.0,0.0,0.0,0.0,0.0,0.0,0.0,0.0,0.0,0.0,0.0,0.0,0.0,0.0,0.0,0.0,0.0,0.0,0.0,0.0,0.0,27.0,5.0,0.6,0.0,0.0,1.31,0.0,0.0,14.0,0.185,0.04,1.0,4.6,8.0,4.6,0.0,0.0,0.125,0.0,0.0,0.0,0.125,8.0,0.0,0.0,0.0,0.0,1.0,0.0,1.0,0.125,0.0,0.125,1.0,0.0,,,,,,,,,,,,,,,,,,,,,,,,,,,,,,2.0,1.0,0.5,0.0,0.4,1.0,1.0,1.0,0.2,0.2,1.0,0.5,0.0,0.6,0.0,0.0,0.0,3.0,0.6,,0.0,0.0,0.0,3.0,0.0,0.0,0.0,0.0,0.0,,,,0.0,0.0,0.0,0.0,0.0,0.0,0.2,0.0,0.0,0.0,0.0,0.0,0.0,0.0,0.0,1.0,1.0,2.0,0.0,1.0,0.0,0.0,0.0,1.0,0.0,0.0,1.0,0.0,0.0,2.0,0.0,0.0,0.0,0.0,0.0,F,46.0,31.0,0.411,0.674,0.62,0.054,0.0,0.0,0.0,0.0,0.0,0.0,0.0,1.0,0.0,0.0,0.0,1.0,0.0,0.0,0.0,0.0,1.0,3.0,0.0,1.0,0.0,0.0,0.0,0.0,0.0,CLE,0.0,0.0,4.0,0.0,4.0,0.0,0.0,0.0,2015,41400406,,CLE,GSW,20150616.0,2014-15,True,CLE,GSW,1610612744.0,CLE_GSW_2015,1.0,11.0,15.0,0.733,0.474,0.259,0.4,5.0,6.0,0.833,0.378,0.456,0.6,6.0,9.0,0.667,0.538,0.129,0.467,6.0,7.0,0.857,0.669,0.188,0.533,6.0,8.0,0.75,0.605,0.146,0.467,5.0,7.0,0.714,0.371,0.343,1610612739.0,CLE,27.0,0.0,0.0,0.0,0.0,0.0,0.0,0.0,0.0,0.0,0.0,0.0,0.0,0.0,0.0,0.0,0.0,0.0,1610612739.0,CLE,27.4,10455.0,1.98,1.02,0.96,4.39,4.09,4.74,,,,,,,,,,,,,,,,,,,,,,,
2592,James Jones,James,1610612739,CLE,34.0,1,1,0,1.0,9.515,0,2,0.0,0,2,0.0,0,0,0.0,0,0,0,0,0,0,0,0,0,0,0,-4,0.0,0,0,0.0,1,1,1,1,33,39,34,39,20,18,20,22,25,22,19,36,38,29,28,19,13,1,1,29,41,27,42,4,1,43,,1,0.0,2.0,108.2,110.5,140.8,-0.058,0.0,12,0.0,19,0.0,25,36,38,0.0,21,81.98,39,110.5,29,93.73,39,38,0.0,42,0.0,41,98.37,125.0,125.0,19,41,0.0,37,98.37,39,0.0,1,-14.5,-32.5,0.089,0.0,13,38,29,29,38,42,34,29,12,-14.5,0.087,25,0.0,2.0,1.0,0.125,2.0,8.0,0.0,0.0,7.0,1.0,0.0,0.0,0.0,0.0,0.0,0.0,0.0,0.0,0.0,0.0,1.0,1.0,0.0,0.0,0.0,1.0,0.0,1.0,0.0,10.0,0.0,0.3,0.0,0.0,1.7,0.0,1.0,8.0,0.0,0.5,,,,,,,,,,,,,,,,,,,,,,,,,,,,,,,,,,,,,,,,,,,,,,,,,,,,,,2.0,2.0,0.0,0.0,1.0,0.0,0.0,,1.0,0.0,0.0,0.0,0.0,,,,,,,,,,,,,,0.0,1.0,0.0,0.0,0.0,0.0,0.0,1.0,0.0,0.0,0.0,0.0,0.0,0.0,0.0,0.0,0.0,0.0,,0.0,0.0,0.0,0.0,1.0,0.0,0.0,0.0,0.0,0.0,0.0,0.0,0.0,1.0,0.0,,1.0,,0.0,0.0,0.0,0.0,F,16.0,11.0,0.444,0.688,0.59,0.097,0.0,0.0,,0.0,,,0.0,0.0,0.0,0.0,0.0,0.0,,0.0,0.0,0.0,0.0,2.0,0.0,0.0,0.0,,,0.0,0.0,CLE,0.0,0.0,1.0,0.0,1.0,0.0,0.0,0.0,2015,41400214,,CHI,CLE,20150510.0,2014-15,True,CLE,CHI,1610612741.0,CLE_CHI_2015,1.0,5.0,8.0,0.625,0.418,0.207,0.25,1.0,2.0,0.5,0.339,0.162,0.75,4.0,6.0,0.667,0.472,0.195,0.625,4.0,5.0,0.8,0.569,0.231,0.625,4.0,5.0,0.8,0.522,0.278,0.375,1.0,3.0,0.333,0.333,0.001,1610612739.0,CLE,10.0,1.0,0.0,0.0,0.0,0.0,0.0,0.0,0.0,0.0,1.0,1.0,0.0,0.0,0.0,0.0,0.0,0.0,1610612739.0,CLE,9.52,3655.0,0.69,0.37,0.33,4.42,5.11,3.75,,,,,,,,,,,,,,,,,,,,,,,
2592,James Jones,James,1610612739,CLE,34.0,1,1,0,1.0,19.6,1,5,0.2,1,4,0.25,2,3,0.667,0,2,2,1,0,1,0,0,2,2,5,10,11.9,0,0,11.0,1,1,1,1,14,16,15,18,5,6,8,6,6,5,11,11,11,10,12,3,9,1,14,9,15,7,15,4,1,14,,1,0.056,5.0,129.9,132.4,100.4,0.026,0.105,4,0.0,37,0.0,16,14,15,0.396,10,77.55,16,132.4,6,93.75,19,5,0.0,18,0.063,8,93.06,100.0,100.0,11,16,1.0,13,93.06,17,14.3,1,32.4,29.5,0.151,0.3,4,7,6,15,7,18,15,11,4,32.4,0.146,16,0.0,1.0,0.0,0.077,2.0,13.0,0.077,0.0,14.0,1.0,0.0,0.0,0.0,0.0,0.0,0.0,0.0,0.0,0.0,0.0,0.0,0.0,0.0,0.0,0.0,0.0,0.0,0.0,1.0,21.0,5.0,0.6,0.0,0.0,1.6,0.0,0.0,12.0,0.238,0.57,1.0,5.2,5.0,5.2,1.0,0.0,0.4,0.0,0.0,0.0,0.4,5.0,0.0,0.0,1.0,0.0,1.0,0.0,0.5,0.4,0.0,0.4,0.5,0.0,,,,,,,,,,,,,,,,,0.0,0.0,1.0,,0.2,1.0,0.2,1.0,1.5,1.0,0.0,1.0,1.0,2.0,1.0,0.0,0.0,0.4,0.0,0.0,0.0,0.2,0.2,1.0,0.0,0.0,0.4,0.0,0.0,0.0,2.0,0.4,,0.0,0.0,0.0,2.0,0.0,0.0,0.0,1.0,0.0,0.0,0.0,0.0,0.0,1.0,0.0,0.0,0.0,0.0,0.3,0.25,0.0,3.0,0.0,0.333,0.0,0.0,1.0,0.0,0.0,1.0,0.0,2.0,1.0,0.0,0.0,0.0,0.0,1.0,1.0,0.0,0.0,3.0,0.0,1.0,0.0,0.0,0.0,F,26.0,19.0,0.394,0.731,0.597,0.134,0.0,0.0,,0.0,,,0.0,1.0,0.0,0.0,0.0,0.0,,0.0,0.0,0.0,0.0,4.0,0.0,0.0,0.25,,,1.0,0.0,CLE,0.0,0.0,4.0,0.333,3.0,1.0,0.375,1.0,2015,41400304,,CLE,ATL,20150526.0,2014-15,True,CLE,ATL,1610612737.0,CLE_ATL_2015,1.0,3.0,7.0,0.429,0.438,-0.009,0.571,1.0,4.0,0.25,0.341,-0.091,0.429,2.0,3.0,0.667,0.484,0.183,0.286,1.0,2.0,0.5,0.555,-0.055,0.286,1.0,2.0,0.5,0.513,-0.013,0.571,1.0,4.0,0.25,0.377,-0.127,1610612739.0,CLE,21.0,0.0,0.0,0.0,0.0,0.0,0.0,0.0,0.0,0.0,0.0,0.0,0.0,0.0,0.0,0.0,0.0,0.0,1610612739.0,CLE,19.6,7018.0,1.33,0.73,0.6,3.99,4.18,3.79,,,,,,,,,,,,,,,,,,,,,,,
2592,James Jones,James,1610612739,CLE,34.0,1,0,1,0.0,17.843333333333334,0,3,0.0,0,1,0.0,0,0,0.0,0,3,3,0,1,0,1,0,1,0,0,-15,5.6,0,0,5.0,1,13,13,13,13,15,14,15,9,10,9,13,13,13,10,10,10,13,5,7,2,1,6,15,18,20,14,4,1,14,,21,0.067,3.0,67.1,67.6,124.5,-0.036,0.188,15,25.0,34,0.0,21,9,14,0.0,7,73.98,15,67.6,22,87.16,19,22,0.0,19,0.0,22,88.77,118.8,118.8,10,18,0.0,15,88.77,15,0.0,21,-51.1,-57.4,0.097,0.0,17,22,22,13,22,18,14,13,15,-51.1,0.095,21,25.0,2.0,0.0,0.0,0.0,23.0,0.0,0.0,17.0,0.0,0.0,0.0,0.0,0.0,0.0,0.0,0.0,0.0,0.0,0.0,0.0,0.0,0.0,0.0,0.0,0.0,0.0,0.0,1.0,26.0,0.0,0.7,0.0,0.0,1.58,0.0,2.0,16.0,0.0,0.35,1.0,2.6,5.0,2.6,2.0,0.0,0.429,0.0,0.0,0.0,0.6,7.0,0.0,0.0,2.0,0.0,1.0,0.0,0.333,0.429,2.0,0.6,0.333,0.0,0.0,0.0,1.0,0.333,0.0,0.0,0.0,0.0,1.0,CLE,0.0,0.333,0.0,1.0,1610612739.0,,1.0,0.333,0.0,0.0,0.0,0.0,0.333,1.0,0.0,,0.0,0.0,0.0,1.0,1.0,0.0,0.0,0.333,0.0,0.0,,0.333,0.0,0.0,0.0,0.0,,,,,,,,,,,,,,0.0,0.0,0.0,,,,0.0,0.0,0.0,0.0,0.0,0.0,0.0,0.0,0.0,0.0,0.0,0.0,0.0,0.0,0.0,0.0,1.0,0.0,0.0,1.0,0.0,0.0,0.0,0.0,0.0,0.0,0.0,0.0,0.0,1.0,0.0,1.0,0.0,0.0,0.0,F,35.0,23.0,0.385,0.657,0.611,0.046,1.0,0.0,,0.0,0.0,,0.0,0.0,0.0,0.0,0.0,0.0,,0.0,0.0,0.0,0.0,1.0,0.0,1.0,0.0,0.0,0.0,0.0,0.0,CLE,0.0,0.0,2.0,0.0,1.0,0.0,0.0,0.0,2015,41400404,,CLE,GSW,20150611.0,2014-15,True,CLE,GSW,1610612744.0,CLE_GSW_2015,1.0,4.0,5.0,0.8,0.472,0.328,0.6,2.0,3.0,0.667,0.388,0.278,0.4,2.0,2.0,1.0,0.54,0.46,0.2,1.0,1.0,1.0,0.715,0.285,0.2,1.0,1.0,1.0,0.674,0.326,0.6,2.0,3.0,0.667,0.389,0.278,1610612739.0,CLE,26.0,2.0,0.0,1.0,0.0,0.0,0.0,0.0,0.0,0.0,1.0,0.5,0.0,0.0,0.0,0.0,0.0,0.0,1610612739.0,CLE,17.85,6474.0,1.23,0.71,0.52,4.04,3.98,4.13,,,,,,,,,,,,,,,,,,,,,,,
2592,James Jones,James,1610612739,CLE,34.0,1,1,0,1.0,4.066666666666666,0,1,0.0,0,1,0.0,0,0,0.0,0,0,0,0,0,0,0,0,0,1,0,-2,0.0,0,0,0.0,1,1,1,1,56,53,53,53,29,35,29,38,42,38,34,51,53,41,37,29,18,1,1,34,54,36,57,5,1,57,,1,0.0,1.0,25.0,25.0,57.1,-2.0,0.0,60,0.0,8,0.0,60,51,53,0.0,30,73.77,53,25.0,51,88.52,62,54,0.0,52,0.0,4,88.52,57.1,57.1,34,54,0.0,55,88.52,53,0.0,1,-32.1,-32.1,0.111,0.0,60,4,51,41,4,49,53,41,60,-32.1,0.111,60,0.0,1.0,0.0,0.0,0.0,7.0,0.0,0.0,5.0,0.0,0.0,0.0,0.0,0.0,0.0,0.0,0.0,0.0,0.0,0.0,0.0,0.0,0.0,0.0,0.0,0.0,0.0,0.0,0.0,8.0,0.0,0.1,0.0,0.0,0.96,0.0,0.0,4.0,0.0,0.0,,,,,,,,,,,,,,,,,,,,,,,,,,,,,,,,,,,,,,,,,,,,,,,,,,,,,,,,,,,,,,,,,,,1.0,0.0,0.0,0.0,1.0,1.0,,0.0,0.0,0.0,1.0,0.0,0.0,0.0,0.0,0.0,,,,0.0,0.0,0.0,0.0,0.0,0.0,0.0,0.0,0.0,0.0,0.0,0.0,,0.0,0.0,0.0,0.0,1.0,0.0,0.0,0.0,0.0,0.0,0.0,0.0,0.0,0.0,0.0,,0.0,,0.0,0.0,0.0,0.0,F,2.0,2.0,0.667,1.0,0.632,0.368,,0.0,,0.0,,,,1.0,0.0,0.0,,0.0,,,,0.0,0.0,0.0,0.0,0.0,0.0,,,0.0,,CLE,0.0,0.0,1.0,0.0,1.0,0.0,0.0,0.0,2015,41400112,,CLE,BOS,20150421.0,2014-15,True,CLE,BOS,1610612738.0,CLE_BOS_2015,1.0,1.0,1.0,1.0,0.426,0.574,,,,,,,1.0,1.0,1.0,1.0,0.506,0.494,1.0,1.0,1.0,1.0,0.615,0.385,1.0,1.0,1.0,1.0,0.571,0.429,,,,,,,1610612739.0,CLE,8.0,0.0,0.0,0.0,0.0,0.0,0.0,0.0,0.0,0.0,0.0,0.0,0.0,0.0,0.0,0.0,0.0,0.0,1610612739.0,CLE,4.07,1578.0,0.3,0.19,0.11,4.42,4.51,4.23,,,,,,,,,,,,,,,,,,,,,,,
2592,James Jones,James,1610612739,CLE,34.0,1,1,0,1.0,22.966666666666665,0,6,0.0,0,6,0.0,2,2,1.0,0,2,2,0,0,0,1,0,4,4,2,-3,7.4,0,0,6.0,1,1,1,1,42,71,46,71,33,6,33,32,39,1,39,44,49,57,50,36,7,1,67,16,65,52,59,13,1,60,,1,0.036,6.0,88.2,86.0,89.7,-0.126,0.071,75,0.0,43,0.0,88,60,64,0.145,38,73.15,71,86.0,56,90.45,87,45,0.0,62,0.0,16,87.78,97.6,97.6,39,74,0.0,88,87.78,71,0.0,1,-11.5,-1.5,0.147,0.0,73,30,56,57,30,61,46,57,75,-11.5,0.14,88,0.0,1.0,0.0,0.0,0.0,27.0,0.0,0.0,23.0,0.0,0.0,0.0,0.0,0.0,0.0,0.0,0.0,0.0,0.0,0.0,0.0,0.0,0.0,0.0,0.0,0.0,0.0,0.0,0.0,34.0,2.0,0.9,0.0,0.0,1.64,0.0,0.0,25.0,0.059,0.15,0.0,12.3,5.0,12.3,2.0,2.0,0.333,2.0,0.0,0.0,0.667,6.0,0.0,0.0,2.0,0.0,0.0,0.0,0.0,0.5,1.0,0.4,0.0,0.0,,,,,,,,,,,,,,,,,,,,,,,,,,,,,,1.0,1.0,0.0,0.0,0.167,0.0,0.0,,0.167,0.0,0.0,0.0,0.0,0.833,0.0,0.0,0.0,5.0,0.833,,0.0,0.0,0.0,5.0,0.0,0.0,0.0,0.0,0.0,,,,0.0,0.0,0.0,0.0,0.0,0.0,0.0,0.0,0.0,0.0,0.0,0.0,0.0,0.0,0.0,0.0,0.0,2.0,0.0,3.0,0.0,0.0,0.0,0.0,0.0,0.0,1.0,0.0,0.0,4.0,0.0,0.0,0.0,0.0,0.0,F,5.0,3.0,0.455,0.6,0.618,-0.018,0.0,0.0,,0.0,,,0.0,1.0,0.0,0.0,0.0,0.0,,0.0,0.0,0.0,0.0,5.0,0.0,0.0,0.0,,,0.0,0.0,CLE,0.0,0.0,6.0,0.0,6.0,0.0,0.0,0.0,2015,41400114,,BOS,CLE,20150426.0,2014-15,True,CLE,BOS,1610612738.0,CLE_BOS_2015,1.0,2.0,6.0,0.333,0.447,-0.113,0.167,0.0,1.0,0.0,0.348,-0.348,0.833,2.0,5.0,0.4,0.479,-0.079,0.333,1.0,2.0,0.5,0.604,-0.104,0.667,2.0,4.0,0.5,0.561,-0.061,0.333,0.0,2.0,0.0,0.374,-0.374,1610612739.0,CLE,34.0,0.0,0.0,0.0,0.0,0.0,0.0,0.0,0.0,0.0,0.0,0.0,0.0,0.0,0.0,0.0,0.0,0.0,1610612739.0,CLE,22.97,8572.0,1.62,0.99,0.63,4.18,4.3,3.98,,,,,,,,,,,,,,,,,,,,,,,
2592,James Jones,James,1610612739,CLE,34.0,1,1,0,1.0,4.248333333333333,0,1,0.0,0,0,0.0,0,0,0.0,0,2,2,0,0,0,0,0,1,1,0,1,2.4,0,0,2.0,1,1,1,1,55,52,54,52,23,39,23,36,38,36,37,35,41,40,39,28,26,1,6,34,54,26,55,7,1,55,,1,0.2,1.0,77.8,63.6,53.6,0.0,0.4,54,0.0,11,0.0,2,1,4,0.0,28,103.57,52,63.6,19,114.12,51,6,0.0,50,0.0,3,124.28,54.5,54.5,37,54,0.0,2,124.28,52,0.0,1,9.1,24.2,0.1,0.0,53,3,19,40,3,53,54,40,54,9.1,0.083,2,0.0,1.0,0.0,0.0,0.0,6.0,0.0,0.0,4.0,0.0,0.0,0.0,0.0,0.0,0.0,0.0,0.0,0.0,0.0,0.0,0.0,0.0,0.0,0.0,0.0,0.0,0.0,0.0,0.0,8.0,0.0,0.1,0.0,0.0,1.1,0.0,0.0,5.0,0.0,0.25,2.0,4.7,3.0,4.7,0.0,0.0,0.667,0.0,0.0,0.0,0.667,3.0,0.0,0.0,0.0,0.0,2.0,0.0,1.0,0.667,0.0,0.667,1.0,0.0,,,,,,,,,,,,,,,,,,,,,,,,,,,,,,1.0,0.0,0.0,0.0,1.0,0.0,0.0,0.0,0.0,1.0,1.0,0.0,,,,,,,,,,,,,,,0.0,,0.0,0.0,0.0,,,1.0,0.0,0.0,0.0,0.0,0.0,0.0,0.0,0.0,0.0,0.0,,0.0,,0.0,0.0,0.0,0.0,0.0,0.0,0.0,0.0,0.0,0.0,,,0.0,,0.0,,1.0,0.0,0.0,0.0,F,3.0,2.0,0.6,0.667,0.628,0.039,0.0,0.0,,0.0,,,,0.0,,0.0,,0.0,,,0.0,0.0,0.0,1.0,0.0,0.0,0.0,,,0.0,0.0,CLE,,,0.0,,,,,0.0,2015,41400113,,BOS,CLE,20150423.0,2014-15,True,CLE,BOS,1610612738.0,CLE_BOS_2015,1.0,0.0,2.0,0.0,0.429,-0.429,,,,,,,1.0,0.0,2.0,0.0,0.468,-0.468,0.5,0.0,1.0,0.0,0.62,-0.62,1.0,0.0,2.0,0.0,0.516,-0.516,,,,,,,1610612739.0,CLE,8.0,0.0,0.0,0.0,0.0,0.0,0.0,0.0,0.0,0.0,0.0,0.0,0.0,0.0,0.0,0.0,0.0,0.0,1610612739.0,CLE,4.25,1513.0,0.29,0.13,0.16,4.25,3.0,5.36,,,,,,,,,,,,,,,,,,,,,,,
2592,James Jones,James,1610612739,CLE,34.0,1,0,1,0.0,8.033333333333333,0,2,0.0,0,2,0.0,0,0,0.0,0,2,2,0,0,0,0,0,2,0,0,4,2.4,0,0,2.0,1,20,20,20,31,32,29,32,19,18,19,22,24,22,23,18,21,27,22,24,14,1,16,28,32,12,32,7,2,32,,1,0.2,2.0,130.5,142.9,119.0,-0.056,0.4,1,0.0,14,0.0,35,1,2,0.0,21,69.71,32,142.9,1,85.92,32,13,0.0,24,0.0,30,83.65,114.3,114.3,23,32,0.0,30,83.65,32,0.0,1,28.6,11.5,0.131,0.0,2,25,1,27,25,22,29,27,1,28.6,0.133,35,0.0,0.0,0.0,0.0,0.0,6.0,0.0,0.0,3.0,0.0,0.0,0.0,0.0,0.0,0.0,0.0,0.0,0.0,0.0,0.0,0.0,0.0,0.0,0.0,0.0,0.0,0.0,0.0,0.0,8.0,0.0,0.2,0.0,0.0,1.22,0.0,0.0,3.0,0.0,0.5,1.0,9.2,3.0,9.2,1.0,0.0,0.667,0.0,0.0,0.0,0.667,3.0,0.0,0.0,1.0,0.0,1.0,0.0,0.5,0.667,0.0,0.667,0.5,0.0,,,,,,,,,,,,,,,,,,,,,,,,,,,,,,,,,,,,,,,,,,,1.0,0.0,0.0,0.0,2.0,1.0,,0.0,0.0,0.0,2.0,0.0,0.0,0.0,0.0,0.0,,,,0.0,0.0,0.0,0.0,0.0,0.0,0.0,0.0,0.0,0.0,0.0,0.0,,0.0,0.0,0.0,0.0,1.0,0.0,0.0,0.0,0.0,0.0,0.0,0.0,0.0,1.0,0.0,,1.0,,0.0,0.0,0.0,0.0,F,5.0,3.0,0.357,0.6,0.618,-0.018,0.0,0.0,,0.0,,,,1.0,0.0,0.0,,0.0,,,0.0,0.0,0.0,1.0,0.0,0.0,0.0,,,0.0,0.0,CLE,0.0,0.0,2.0,0.0,2.0,0.0,0.0,0.0,2015,41400211,,CLE,CHI,20150504.0,2014-15,True,CLE,CHI,1610612741.0,CLE_CHI_2015,1.0,1.0,3.0,0.333,0.398,-0.065,,,,,,,1.0,1.0,3.0,0.333,0.408,-0.075,,,,,,,,,,,,,0.333,0.0,1.0,0.0,0.35,-0.35,1610612739.0,CLE,8.0,0.0,0.0,0.0,0.0,0.0,0.0,0.0,0.0,0.0,0.0,0.0,0.0,0.0,0.0,0.0,0.0,0.0,1610612739.0,CLE,8.03,3067.0,0.58,0.27,0.31,4.47,5.22,3.92,,,,,,,,,,,,,,,,,,,,,,,
2592,James Jones,James,1610612739,CLE,34.0,1,0,1,0.0,15.186666666666667,2,5,0.4,2,5,0.4,2,2,1.0,0,2,2,0,0,1,0,1,2,2,8,-7,13.4,0,0,14.0,1,24,24,24,30,26,27,21,8,12,11,13,15,1,22,22,24,28,23,9,20,23,20,14,22,33,30,6,1,29,,1,0.05,5.0,72.2,67.7,86.7,0.188,0.083,35,0.0,31,0.0,23,26,25,0.68,15,80.33,26,67.7,34,96.97,5,31,0.0,17,0.0,11,96.4,93.3,93.3,22,11,2.0,20,96.4,12,0.0,1,-25.6,-14.5,0.195,0.6,34,16,34,28,16,19,27,28,35,-25.6,0.188,23,0.0,0.0,0.0,0.0,0.0,12.0,0.0,0.0,9.0,0.0,0.0,0.0,0.0,0.0,0.0,0.0,0.0,0.0,0.0,0.0,0.0,0.0,0.0,0.0,0.0,0.0,0.0,0.0,0.0,18.0,8.0,0.4,0.0,0.0,1.34,0.0,0.0,8.0,0.444,0.22,0.0,2.5,10.0,2.5,2.0,1.0,0.2,1.0,0.0,0.0,0.222,10.0,0.0,0.0,2.0,0.0,0.0,0.0,0.0,0.222,0.0,0.2,0.0,0.0,,,,,,,,,,,,,,,,,0.0,0.0,1.0,,0.25,0.0,0.25,1.0,0.0,0.0,0.0,0.0,0.0,1.0,1.0,1.5,1.0,0.25,1.0,0.0,,0.25,0.0,0.0,1.0,1.0,0.5,1.0,0.0,0.0,2.0,0.5,,0.5,0.75,0.0,2.0,0.5,1.0,1.0,2.0,3.0,0.75,0.5,0.5,1.0,2.0,0.0,0.0,0.0,0.0,0.6,0.333,0.0,3.0,0.0,0.0,0.0,0.0,0.0,0.0,0.0,4.0,0.5,0.0,0.0,0.0,0.0,0.0,0.0,0.0,1.0,2.0,0.0,1.0,0.0,0.0,0.0,0.0,0.0,F,11.0,7.0,0.393,0.636,0.6,0.037,0.0,0.0,,0.0,0.0,,0.0,0.0,0.0,0.0,0.0,0.0,,0.0,0.0,0.0,0.0,5.0,0.0,0.0,0.4,0.0,0.0,2.0,0.0,CLE,0.0,0.0,2.0,0.5,2.0,1.0,0.75,1.0,2015,41400213,,CHI,CLE,20150508.0,2014-15,True,CLE,CHI,1610612741.0,CLE_CHI_2015,1.0,1.0,7.0,0.143,0.431,-0.288,0.286,0.0,2.0,0.0,0.401,-0.401,0.714,1.0,5.0,0.2,0.483,-0.283,0.429,1.0,3.0,0.333,0.584,-0.251,0.714,1.0,5.0,0.2,0.543,-0.343,0.286,0.0,2.0,0.0,0.399,-0.399,1610612739.0,CLE,18.0,0.0,0.0,0.0,0.0,0.0,0.0,0.0,0.0,0.0,0.0,0.0,0.0,0.0,0.0,0.0,0.0,0.0,1610612739.0,CLE,15.18,5969.0,1.13,0.59,0.54,4.3,4.78,3.83,,,,,,,,,,,,,,,,,,,,,,,
2592,James Jones,James,1610612739,CLE,34.0,1,0,1,0.0,17.783333333333335,0,1,0.0,0,1,0.0,0,0,0.0,0,1,1,0,0,1,0,0,4,4,0,1,4.2,0,0,3.0,1,10,10,10,12,15,14,15,11,9,11,10,10,10,9,12,12,12,15,6,5,1,11,6,15,7,13,3,2,15,,1,0.028,1.0,105.0,108.3,108.4,-0.063,0.056,8,0.0,36,0.0,1,12,14,0.0,11,79.85,15,108.3,8,97.44,15,8,0.0,16,0.0,10,95.82,108.6,108.6,9,15,0.0,2,95.82,15,0.0,1,-0.2,-3.5,0.026,0.0,8,7,8,12,7,16,14,12,8,-0.2,0.026,1,0.0,0.0,0.0,0.1,3.0,10.0,0.0,0.0,6.0,1.0,0.0,0.0,0.0,0.0,0.0,0.0,0.0,0.0,0.0,0.0,0.0,0.0,0.0,0.0,0.0,0.0,0.0,0.0,0.0,14.0,0.0,0.3,0.0,0.0,1.09,0.0,0.0,4.0,0.0,0.29,0.0,4.5,6.0,4.5,2.0,0.0,0.125,0.0,0.0,0.0,0.167,8.0,0.0,0.0,2.0,0.0,0.0,0.0,0.0,0.125,2.0,0.167,0.0,0.0,,,,,,,,,,,,,,,,,,,,,,,,,,,,,,,,,,,,,,,,,,,1.0,0.0,0.0,0.0,1.0,1.0,,0.0,0.0,0.0,1.0,0.0,0.0,0.0,0.0,0.0,,,,0.0,0.0,0.0,0.0,0.0,0.0,0.0,0.0,0.0,0.0,0.0,0.0,0.0,0.0,0.0,0.0,0.0,1.0,0.0,,0.0,,,0.0,0.0,0.0,0.0,0.0,0.0,0.0,0.0,0.0,0.0,0.0,0.0,F,39.0,25.0,0.402,0.641,0.611,0.03,0.0,0.0,0.0,0.0,0.0,0.0,0.0,1.0,0.0,0.0,0.0,0.0,0.0,0.0,0.0,0.0,0.0,0.0,0.0,0.0,0.0,0.0,0.0,0.0,0.0,CLE,0.0,0.0,1.0,0.0,1.0,0.0,0.0,0.0,2015,41400405,,GSW,CLE,20150614.0,2014-15,True,CLE,GSW,1610612744.0,CLE_GSW_2015,1.0,2.0,6.0,0.333,0.468,-0.135,,,,,,,1.0,2.0,6.0,0.333,0.51,-0.177,0.667,2.0,4.0,0.5,0.608,-0.108,0.833,2.0,5.0,0.4,0.562,-0.162,0.167,0.0,1.0,0.0,0.353,-0.353,1610612739.0,CLE,14.0,0.0,0.0,0.0,0.0,0.0,0.0,0.0,0.0,0.0,0.0,0.0,0.0,0.0,0.0,0.0,0.0,0.0,1610612739.0,CLE,17.78,7289.0,1.38,0.77,0.61,4.53,4.58,4.48,,,,,,,,,,,,,,,,,,,,,,,
2592,James Jones,James,1610612739,CLE,34.0,1,1,0,1.0,22.25,6,10,0.6,5,9,0.556,0,0,0.0,0,2,2,0,0,0,0,0,3,0,17,-1,19.4,0,0,24.0,1,1,1,1,23,5,11,6,1,2,5,26,28,26,20,21,24,26,25,22,15,1,21,33,8,20,17,6,1,13,,1,0.051,10.0,127.1,128.6,129.5,0.131,0.111,5,0.0,42,0.0,32,20,25,0.85,19,74.61,5,128.6,24,91.64,15,23,0.0,16,0.0,39,89.53,134.1,134.1,20,4,6.0,34,89.53,4,0.0,1,-5.6,-2.4,0.211,0.85,3,38,24,26,38,15,11,26,5,-5.6,0.204,32,0.0,1.0,0.0,0.0,0.0,19.0,0.0,0.0,18.0,0.0,0.0,0.0,0.0,0.0,0.0,0.0,0.0,0.0,0.0,0.0,0.0,0.0,0.0,0.0,0.0,0.0,0.0,0.0,0.0,29.0,17.0,0.7,0.0,0.0,1.48,0.0,0.0,18.0,0.586,0.28,1.0,3.4,6.0,3.4,1.0,1.0,0.286,1.0,0.0,0.0,0.4,7.0,0.0,0.0,1.0,0.0,1.0,0.0,0.5,0.333,1.0,0.333,0.5,0.0,,,,,,,,,,,,,,,,,1.0,0.1,0.0,1.0,0.0,1.0,0.1,1.0,1.0,,1.0,1.0,0.0,3.0,3.0,0.5,1.0,0.3,1.0,0.0,,0.3,0.0,0.0,0.333,0.333,0.6,4.0,0.0,0.0,6.0,0.6,,0.667,1.0,0.0,6.0,0.667,4.0,1.0,1.0,2.0,0.5,0.5,0.0,0.0,2.0,0.0,0.0,0.0,0.0,0.85,0.625,0.0,15.0,0.0,1.0,0.0,1.0,1.0,0.0,0.0,5.0,0.2,3.0,4.0,3.0,1.0,0.0,0.0,1.0,1.0,1.0,0.0,4.0,0.0,1.0,1.0,0.0,0.0,F,8.0,6.0,0.381,0.75,0.606,0.144,0.0,0.2,0.0,0.0,0.0,0.0,0.0,5.0,0.0,0.0,0.0,0.0,0.0,0.0,0.0,1.0,0.0,5.0,0.0,0.0,1.0,0.0,0.0,5.0,0.0,CLE,0.0,0.0,8.0,0.625,8.0,5.0,0.938,5.0,2015,41400212,,CLE,CHI,20150506.0,2014-15,True,CLE,CHI,1610612741.0,CLE_CHI_2015,1.0,6.0,7.0,0.857,0.451,0.406,,,,,,,1.0,6.0,7.0,0.857,0.48,0.377,0.429,3.0,3.0,1.0,0.584,0.416,0.714,5.0,5.0,1.0,0.54,0.46,0.286,1.0,2.0,0.5,0.318,0.182,1610612739.0,CLE,29.0,0.0,0.0,0.0,0.0,0.0,0.0,0.0,0.0,0.0,0.0,0.0,0.0,0.0,0.0,0.0,0.0,0.0,1610612739.0,CLE,22.25,8410.0,1.59,0.9,0.7,4.31,4.25,4.4,,,,,,,,,,,,,,,,,,,,,,,
2592,James Jones,James,1610612739,CLE,34.0,1,1,0,1.0,6.866666666666666,0,0,0.0,0,0,0.0,0,0,0.0,0,1,1,0,0,0,0,0,4,0,0,8,1.2,0,0,1.0,1,1,1,1,33,31,39,31,20,29,20,23,25,23,21,24,28,27,22,16,17,1,34,28,33,10,37,8,2,37,,1,0.063,0.0,142.6,146.2,72.9,-0.15,0.1,1,0.0,13,0.0,19,21,23,0.0,16,81.55,31,146.2,1,99.26,40,1,0.0,39,0.0,1,97.86,73.3,73.3,21,33,0.0,10,97.86,31,0.0,1,72.8,69.7,0.0,0.0,1,2,1,27,2,39,39,27,1,72.8,0.0,19,0.0,0.0,0.0,0.0,0.0,3.0,0.0,0.0,1.0,0.0,0.0,0.0,0.0,0.0,0.0,0.0,0.0,0.0,0.0,0.0,0.0,0.0,0.0,0.0,0.0,0.0,0.0,0.0,0.0,4.0,0.0,0.1,0.0,0.0,1.5,0.0,0.0,1.0,0.0,0.25,,,,,,,,,,,,,,,,,,,,,,,,,,,,,,,,,,,,,,,,,,,,,,,,,,,,,,,,,,,,,,,,,,,,,,,,,,,,,,,,0.0,,0.0,,,,,0.0,0.0,0.0,0.0,0.0,0.0,0.0,0.0,0.0,0.0,0.0,,0.0,0.0,0.0,0.0,0.0,0.0,0.0,0.0,0.0,0.0,0.0,0.0,0.0,0.0,0.0,,0.0,,0.0,0.0,0.0,0.0,F,16.0,11.0,0.444,0.688,0.59,0.097,0.0,0.0,,0.0,,,,0.0,0.0,0.0,,0.0,,,0.0,0.0,0.0,0.0,0.0,0.0,0.0,,,0.0,0.0,CLE,0.0,0.0,0.0,,,,,0.0,2015,41400215,,CLE,CHI,20150512.0,2014-15,True,CLE,CHI,1610612741.0,CLE_CHI_2015,,,,,,,,,,,,,,,,,,,,,,,,,,,,,,,,,,,,,1610612739.0,CLE,4.0,0.0,0.0,0.0,0.0,0.0,0.0,0.0,0.0,0.0,0.0,0.0,0.0,0.0,0.0,0.0,0.0,0.0,1610612739.0,CLE,6.87,2804.0,0.53,0.23,0.3,4.37,4.5,4.28,,,,,,,,,,,,,,,,,,,,,,,
2592,James Jones,James,1610612739,CLE,34.0,1,1,0,1.0,14.746666666666666,3,5,0.6,2,4,0.5,0,0,0.0,0,1,1,0,0,0,0,0,0,1,8,-2,9.2,0,0,11.0,1,1,1,1,60,35,48,18,8,18,13,51,54,51,40,55,61,61,58,43,22,1,1,44,42,52,65,11,1,57,,1,0.033,5.0,102.7,97.0,109.4,0.144,0.063,52,0.0,33,0.0,22,60,68,0.8,47,86.8,35,97.0,61,101.29,23,57,0.0,61,0.0,66,104.16,109.7,109.7,40,9,3.0,32,104.16,9,0.0,1,-12.7,-6.7,0.142,0.8,36,65,61,61,65,65,48,61,52,-12.7,0.132,22,0.0,0.0,0.0,0.0,0.0,18.0,0.0,0.0,13.0,0.0,0.0,0.0,0.0,0.0,0.0,0.0,0.0,0.0,0.0,0.0,0.0,0.0,0.0,0.0,0.0,0.0,0.0,0.0,0.0,24.0,8.0,0.6,0.0,0.0,1.6,2.0,1.0,14.0,0.333,0.33,0.0,4.2,5.0,4.2,1.0,0.0,0.2,0.0,0.0,0.0,0.2,5.0,0.0,0.0,1.0,0.0,0.0,0.0,0.0,0.2,0.0,0.2,0.0,0.0,1.0,0.0,1.0,0.2,0.0,0.0,1.0,1.0,1.0,CLE,1.0,0.2,1.0,1.0,1610612739.0,,,,,,,,,,,,,,,3.0,3.0,0.5,1.0,0.6,1.0,0.0,,0.6,0.0,0.0,0.333,0.333,0.2,1.0,0.0,0.0,1.0,0.2,,1.0,1.5,0.0,1.0,1.0,1.0,2.0,1.0,5.0,1.25,1.0,1.0,1.0,2.0,2.0,0.0,0.0,1.0,0.8,0.333,0.0,3.0,0.0,0.5,0.0,1.0,0.0,0.0,0.0,2.0,0.5,1.0,1.0,1.0,1.0,0.0,0.0,0.0,1.0,1.0,0.0,2.0,0.0,1.0,1.0,0.0,0.0,F,1.0,1.0,0.5,1.0,0.649,0.351,0.0,0.5,,0.0,,,0.0,2.0,1.0,0.0,0.0,0.0,,0.0,0.0,1.0,0.0,2.0,0.0,0.0,0.5,,,1.0,0.0,CLE,1.0,1.0,3.0,0.333,3.0,1.0,0.5,1.0,2015,41400111,,CLE,BOS,20150419.0,2014-15,True,CLE,BOS,1610612738.0,CLE_BOS_2015,1.0,1.0,2.0,0.5,0.446,0.054,0.5,0.0,1.0,0.0,0.363,-0.363,0.5,1.0,1.0,1.0,0.541,0.459,0.5,1.0,1.0,1.0,0.649,0.351,0.5,1.0,1.0,1.0,0.597,0.403,0.5,0.0,1.0,0.0,0.36,-0.36,1610612739.0,CLE,24.0,1.0,1.0,1.0,1.0,0.0,0.0,0.0,2.0,2.0,0.0,0.0,0.0,0.0,0.0,0.0,0.0,0.0,1610612739.0,CLE,14.75,5871.0,1.11,0.63,0.48,4.5,4.23,4.87,,,,,,,,,,,,,,,,,,,,,,,
2592,James Jones,James,1610612739,CLE,34.0,1,1,0,1.0,23.35,2,5,0.4,2,4,0.5,3,3,1.0,1,2,3,5,0,0,0,0,2,2,9,9,20.1,0,0,19.0,1,1,1,1,12,14,14,8,6,8,2,5,7,1,8,13,12,3,10,8,7,1,7,8,12,2,12,3,2,12,,1,0.054,5.0,113.6,121.3,100.8,0.139,0.077,2,0.0,47,0.033,4,12,13,0.712,8,83.08,14,121.3,2,100.48,4,4,0.0,15,0.278,6,99.7,96.0,96.0,9,1,2.0,3,99.7,5,45.5,1,25.3,12.8,0.111,0.6,5,4,2,4,4,15,14,1,2,25.3,0.107,4,0.0,3.0,0.0,0.222,13.0,27.0,0.185,1.0,19.0,6.0,0.0,0.0,0.0,0.0,0.0,0.0,0.0,0.0,0.0,0.0,0.0,0.0,0.0,0.0,0.0,0.0,0.0,1.0,0.0,33.0,9.0,1.0,0.0,0.0,1.77,0.0,0.0,20.0,0.273,0.45,0.0,9.3,4.0,6.2,2.0,0.0,0.5,0.0,0.0,0.5,0.5,6.0,0.0,1.0,3.0,0.0,0.0,0.5,0.0,0.5,2.0,0.5,0.0,15.4,,,,,,,,,,,,,,,,,0.0,0.0,1.0,,0.2,1.0,0.2,1.0,1.5,1.0,0.0,1.0,1.0,2.0,2.0,0.75,1.0,0.4,1.0,0.0,,0.4,0.0,0.0,0.5,0.5,0.4,0.0,0.0,0.2,1.0,0.2,0.0,0.0,0.0,1.0,2.0,0.0,0.0,0.0,1.0,0.0,0.0,0.0,0.0,0.0,2.0,0.0,0.0,0.0,0.0,0.6,0.667,0.0,6.0,0.0,0.5,0.0,0.0,0.0,0.0,0.0,2.0,0.5,1.0,1.0,1.0,1.0,0.0,0.0,0.0,1.0,1.0,0.0,2.0,0.0,1.0,0.0,0.0,0.0,F,24.0,18.0,0.407,0.75,0.6,0.15,1.0,0.0,0.0,0.0,,0.0,0.0,1.0,0.0,0.0,0.0,0.0,0.0,0.0,0.0,0.0,0.0,3.0,0.0,0.0,0.667,,,2.0,0.0,CLE,0.0,0.0,3.0,0.667,3.0,2.0,1.0,2.0,2015,41400303,,CLE,ATL,20150524.0,2014-15,True,CLE,ATL,1610612737.0,CLE_ATL_2015,1.0,5.0,8.0,0.625,0.449,0.177,0.375,2.0,3.0,0.667,0.32,0.347,0.625,3.0,5.0,0.6,0.542,0.058,0.5,3.0,4.0,0.75,0.637,0.113,0.5,3.0,4.0,0.75,0.581,0.169,0.5,2.0,4.0,0.5,0.36,0.14,1610612739.0,CLE,33.0,0.0,0.0,0.0,0.0,0.0,0.0,0.0,0.0,0.0,0.0,0.0,0.0,0.0,0.0,0.0,0.0,0.0,1610612739.0,CLE,23.35,9292.0,1.76,0.97,0.79,4.62,4.77,4.46,,,,,,,,,,,,,,,,,,,,,,,
2592,James Jones,James,1610612739,CLE,34.0,1,0,1,0.0,17.083333333333332,0,1,0.0,0,1,0.0,0,0,0.0,0,1,1,1,1,1,0,0,4,0,0,-11,4.7,0,0,4.0,1,11,11,11,13,17,16,17,9,10,9,9,9,9,12,15,17,10,6,5,8,1,16,11,17,17,18,1,1,17,,18,0.028,1.0,68.0,61.8,101.9,-0.067,0.063,18,33.3,34,0.0,3,16,18,0.0,8,79.61,17,61.8,17,87.5,18,17,1.0,16,0.111,10,95.53,94.1,94.1,12,17,0.0,16,95.53,17,33.3,18,-32.4,-33.9,0.059,0.0,18,6,17,12,6,17,16,2,18,-32.4,0.054,3,33.3,1.0,0.0,0.083,2.0,12.0,0.083,0.0,9.0,1.0,0.0,0.0,0.0,0.0,0.0,0.0,0.0,0.0,0.0,0.0,0.0,0.0,0.0,0.0,0.0,0.0,0.0,0.0,0.0,18.0,0.0,0.4,0.0,0.0,1.22,0.0,0.0,10.0,0.0,0.17,0.0,6.5,4.0,6.5,1.0,1.0,0.2,1.0,0.0,0.0,0.333,5.0,0.0,0.0,1.0,0.0,0.0,0.0,0.0,0.25,1.0,0.25,0.0,0.0,,,,,,,,,,,,,,,,,,,,,,,,,,,,,,1.0,1.0,0.0,0.0,1.0,0.0,0.0,,1.0,0.0,0.0,0.0,0.0,,,,,,,,,,,,,,0.0,0.0,0.0,,,,0.0,0.0,0.0,0.0,0.0,0.0,0.0,0.0,0.0,0.0,0.0,0.0,0.0,0.0,0.0,0.0,0.0,1.0,0.0,0.0,0.0,0.0,0.0,0.0,0.0,0.0,0.0,0.0,0.0,0.0,0.0,0.0,0.0,0.0,0.0,F,31.0,21.0,0.413,0.677,0.604,0.074,0.0,0.0,,0.0,,,0.0,1.0,0.0,0.0,0.0,0.0,,0.0,0.0,0.0,0.0,0.0,0.0,0.0,0.0,,,0.0,0.0,CLE,0.0,0.0,1.0,0.0,1.0,0.0,0.0,0.0,2015,41400401,,GSW,CLE,20150604.0,2014-15,True,CLE,GSW,1610612744.0,CLE_GSW_2015,1.0,3.0,9.0,0.333,0.474,-0.141,0.333,1.0,3.0,0.333,0.408,-0.075,0.667,2.0,6.0,0.333,0.511,-0.178,0.556,2.0,5.0,0.4,0.64,-0.24,0.667,2.0,6.0,0.333,0.573,-0.239,0.333,1.0,3.0,0.333,0.404,-0.071,1610612739.0,CLE,18.0,0.0,0.0,0.0,0.0,0.0,0.0,0.0,0.0,0.0,0.0,0.0,0.0,0.0,0.0,0.0,0.0,0.0,1610612739.0,CLE,17.08,6553.0,1.24,0.67,0.57,4.01,4.1,4.66,,,,,,,,,,,,,,,,,,,,,,,
2592,James Jones,James,1610612739,CLE,34.0,1,1,0,1.0,10.331666666666669,3,6,0.5,3,6,0.5,0,0,0.0,0,2,2,1,1,0,0,0,1,1,9,1,11.9,0,0,15.0,1,1,1,1,31,18,23,9,2,5,6,25,26,25,20,18,21,17,11,18,19,1,12,22,17,17,26,6,1,23,,34,0.083,6.0,101.2,105.3,100.0,0.226,0.154,17,12.5,19,0.0,27,16,21,0.75,9,75.5,18,105.3,16,90.04,3,20,1.0,8,0.25,21,90.6,95.0,95.0,20,7,3.0,26,90.6,6,12.5,34,10.3,1.2,0.295,0.75,17,17,16,6,17,7,23,16,17,10.3,0.304,27,12.5,0.0,0.0,0.125,2.0,8.0,0.125,0.0,8.0,1.0,0.0,0.0,0.0,0.0,0.0,0.0,0.0,0.0,0.0,0.0,0.0,0.0,0.0,0.0,0.0,0.0,0.0,0.0,0.0,14.0,9.0,0.3,0.0,0.0,1.2,0.0,0.0,8.0,0.643,0.07,1.0,17.7,4.0,17.7,1.0,1.0,0.5,1.0,0.0,0.0,0.667,4.0,0.0,0.0,1.0,0.0,1.0,0.0,0.5,0.667,0.0,0.5,0.5,0.0,,,,,,,,,,,,,,,,,,,,,,,,,,,,,,1.0,1.0,0.0,0.0,0.167,0.0,0.0,,0.167,0.0,0.0,0.0,0.0,0.833,3.0,0.0,0.0,5.0,0.833,,0.6,0.9,0.0,5.0,0.6,3.0,0.0,0.0,0.0,,,,0.0,0.0,0.0,0.0,0.0,0.0,0.75,0.5,0.0,9.0,0.0,1.0,0.0,0.0,1.0,0.0,0.0,5.0,0.4,,1.0,,,0.0,0.0,1.0,1.0,2.0,0.0,1.0,0.0,0.0,0.0,0.0,0.0,F,17.0,12.0,0.415,0.706,0.589,0.116,0.0,0.333,,0.0,0.0,,0.0,3.0,0.0,0.0,0.0,0.0,,0.0,0.0,1.0,0.0,3.0,0.0,0.0,0.667,0.0,0.0,2.0,0.0,CLE,0.0,0.0,6.0,0.5,6.0,3.0,0.75,3.0,2015,41400216,,CHI,CLE,20150514.0,2014-15,True,CLE,CHI,1610612741.0,CLE_CHI_2015,1.0,1.0,5.0,0.2,0.408,-0.208,0.4,0.0,2.0,0.0,0.335,-0.335,0.6,1.0,3.0,0.333,0.458,-0.125,0.2,1.0,1.0,1.0,0.576,0.424,0.2,1.0,1.0,1.0,0.541,0.459,0.8,0.0,4.0,0.0,0.281,-0.281,1610612739.0,CLE,14.0,0.0,0.0,0.0,0.0,0.0,0.0,0.0,0.0,0.0,0.0,0.0,0.0,0.0,0.0,0.0,0.0,0.0,1610612739.0,CLE,10.33,3602.0,0.68,0.37,0.32,4.06,4.33,3.76,,,,,,,,,,,,,,,,,,,,,,,
2592,James Jones,James,1610612739,CLE,34.0,1,1,0,1.0,22.633333333333333,3,5,0.6,3,5,0.6,0,0,0.0,0,2,2,0,0,2,1,0,1,0,9,-6,20.4,0,0,20.0,1,1,1,1,13,9,15,5,2,6,2,12,12,12,11,12,14,13,13,1,3,1,5,15,9,13,7,2,1,7,,1,0.054,5.0,124.2,111.9,129.4,0.119,0.143,4,0.0,42,0.0,17,9,15,0.9,9,73.34,9,111.9,15,83.56,8,10,0.0,19,0.0,19,88.01,129.3,129.3,11,2,3.0,18,88.01,2,0.0,1,-17.4,-5.2,0.114,0.9,1,19,15,13,19,19,15,13,4,-17.4,0.104,17,0.0,1.0,0.0,0.0,0.0,27.0,0.0,0.0,22.0,0.0,0.0,0.0,0.0,0.0,0.0,0.0,0.0,0.0,0.0,0.0,0.0,0.0,0.0,0.0,0.0,0.0,0.0,0.0,0.0,33.0,9.0,0.9,0.0,0.0,1.57,0.0,0.0,21.0,0.273,0.42,0.0,6.0,5.0,6.0,2.0,1.0,0.333,2.0,0.0,0.0,0.5,6.0,0.0,0.0,2.0,1.0,0.0,0.0,0.0,0.5,1.0,0.4,0.0,0.0,,,,,,,,,,,,,,,,,0.0,0.0,1.0,,0.2,1.0,0.2,1.0,1.5,1.0,0.0,1.0,1.0,,,,,,,,,,,,,,0.8,2.0,0.0,0.0,4.0,0.8,,0.5,0.75,0.0,4.0,0.5,2.0,0.0,0.0,0.0,,,,0.0,0.0,0.0,0.0,0.0,0.0,0.9,0.6,0.0,9.0,0.0,1.0,0.0,0.0,1.0,0.0,0.0,3.0,0.333,1.0,2.0,1.0,1.0,0.0,0.0,1.0,1.0,1.0,0.0,2.0,0.0,0.0,0.0,0.0,0.0,F,20.0,15.0,0.392,0.75,0.593,0.157,0.0,0.0,,0.0,,,0.0,2.0,0.0,0.0,0.0,0.0,,0.0,0.0,0.0,0.0,3.0,0.0,0.0,1.0,,,3.0,0.0,CLE,0.0,0.0,5.0,0.6,5.0,3.0,0.9,3.0,2015,41400302,,ATL,CLE,20150522.0,2014-15,True,CLE,ATL,1610612737.0,CLE_ATL_2015,1.0,4.0,7.0,0.571,0.462,0.11,0.286,0.0,2.0,0.0,0.398,-0.398,0.714,4.0,5.0,0.8,0.5,0.3,0.286,2.0,2.0,1.0,0.559,0.441,0.714,4.0,5.0,0.8,0.556,0.244,0.286,0.0,2.0,0.0,0.409,-0.409,1610612739.0,CLE,33.0,0.0,0.0,0.0,0.0,0.0,0.0,0.0,0.0,0.0,0.0,0.0,0.0,0.0,0.0,0.0,0.0,0.0,1610612739.0,CLE,22.63,8029.0,1.52,0.87,0.65,3.98,4.1,4.45,,,,,,,,,,,,,,,,,,,,,,,
2592,James Jones,James,1610612739,CLE,34.0,1,1,0,1.0,10.265,2,2,1.0,2,2,1.0,1,1,1.0,0,1,1,0,1,0,0,0,3,1,7,-5,7.2,0,0,10.0,1,1,1,1,17,10,16,1,2,8,1,6,9,1,13,14,16,14,8,9,10,1,11,12,9,12,16,3,1,14,,16,0.048,2.0,78.9,86.4,124.2,0.163,0.083,14,33.3,22,0.0,2,13,16,1.434,10,85.73,10,86.4,13,101.47,6,18,0.0,13,0.0,18,102.87,109.1,109.1,13,1,2.0,2,102.87,1,0.0,16,-22.7,-45.3,0.137,1.5,16,17,13,14,17,14,16,14,14,-22.7,0.12,2,29.1,0.0,0.0,0.0,0.0,13.0,0.0,0.0,7.0,0.0,0.0,0.0,0.0,0.0,0.0,0.0,0.0,0.0,0.0,0.0,0.0,0.0,0.0,0.0,0.0,0.0,0.0,0.0,0.0,15.0,7.0,0.4,0.0,0.0,1.65,0.0,0.0,4.0,0.467,0.8,1.0,2.4,5.0,2.4,0.0,0.0,0.2,0.0,0.0,0.0,0.2,5.0,0.0,0.0,0.0,0.0,1.0,0.0,1.0,0.2,0.0,0.2,1.0,0.0,,,,,,,,,,,,,,,,,,,,,,,,,,,,,,,,,,,,,,,,,,,1.0,2.0,0.0,0.0,2.0,1.0,,1.0,1.5,0.0,2.0,1.0,2.0,0.0,0.0,0.0,,,,0.0,0.0,0.0,0.0,0.0,0.0,1.5,1.0,0.0,6.0,0.0,1.0,0.0,0.0,,0.0,0.0,1.0,1.0,1.0,1.0,1.0,1.0,0.0,0.0,,,1.0,0.0,1.0,0.0,0.0,0.0,0.0,0.0,F,34.0,22.0,0.395,0.647,0.608,0.039,0.0,1.0,0.0,0.0,0.0,0.0,0.0,1.0,0.0,0.0,0.0,0.0,0.0,0.0,0.0,1.0,0.0,1.0,0.0,0.0,1.0,0.0,0.0,1.0,0.0,CLE,0.0,0.0,2.0,1.0,2.0,2.0,1.5,2.0,2015,41400403,,CLE,GSW,20150609.0,2014-15,True,CLE,GSW,1610612744.0,CLE_GSW_2015,1.0,1.0,3.0,0.333,0.471,-0.137,0.333,1.0,1.0,1.0,0.35,0.65,0.667,0.0,2.0,0.0,0.509,-0.509,0.333,0.0,1.0,0.0,0.646,-0.646,0.667,0.0,2.0,0.0,0.582,-0.582,0.333,1.0,1.0,1.0,0.353,0.647,1610612739.0,CLE,15.0,0.0,0.0,0.0,0.0,0.0,0.0,0.0,0.0,0.0,0.0,0.0,0.0,0.0,0.0,0.0,0.0,0.0,1610612739.0,CLE,10.27,3786.0,0.72,0.41,0.31,4.11,4.35,3.83,,,,,,,,,,,,,,,,,,,,,,,
2592,James Jones,James,1610612739,CLE,34.0,1,1,0,1.0,22.491666666666667,3,7,0.429,2,4,0.5,0,0,0.0,0,1,1,1,0,2,0,0,4,0,8,22,16.7,0,0,16.0,1,1,1,1,13,7,9,8,3,7,2,13,14,13,10,13,13,6,10,4,7,1,10,15,9,1,13,4,2,13,,1,0.024,7.0,122.6,128.9,85.1,0.071,0.048,1,0.0,45,0.0,13,14,16,0.571,8,78.25,7,128.9,1,95.61,10,2,0.0,12,0.077,8,93.9,83.7,83.7,10,5,3.0,12,93.9,4,12.5,1,45.2,37.4,0.136,0.571,1,7,1,7,7,12,9,6,1,45.2,0.13,13,0.0,,,,,,,,,,,,,,,,,,,,,,,,,,,,,,,,,,,,,,,,,,,,,,,,,,,,,,,,,,,,,,,,,,,,,,,,,,,,,,,,3.0,0.429,0.0,0.333,0.0,1.0,0.429,3.0,0.333,,1.0,0.333,0.0,4.0,4.0,0.75,2.0,0.571,2.0,0.0,,0.571,0.0,0.0,0.5,0.5,,,,,,,,,,,,,,1.0,0.0,2.0,1.0,1.0,,0.0,1.0,,,,,,,,,,0.5,0.0,0.0,0.5,0.5,2.0,2.0,0.5,0.0,1.0,0.0,0.0,1.0,0.0,1.0,2.0,1.0,0.0,2.0,0.0,1.0,0.0,0.0,0.0,F,33.0,22.0,0.398,0.667,0.607,0.06,1.0,0.5,,0.0,0.0,,0.0,2.0,1.0,0.0,0.0,0.0,,0.0,0.0,1.0,0.0,2.0,0.0,1.0,0.5,0.0,0.0,1.0,0.0,CLE,1.0,1.0,5.0,0.5,4.0,2.0,0.6,2.0,2015,41400402,,GSW,CLE,20150607.0,2014-15,True,CLE,GSW,1610612744.0,CLE_GSW_2015,1.0,3.0,8.0,0.375,0.47,-0.095,0.25,1.0,2.0,0.5,0.372,0.128,0.75,2.0,6.0,0.333,0.506,-0.172,0.25,1.0,2.0,0.5,0.655,-0.155,0.375,1.0,3.0,0.333,0.566,-0.233,0.5,2.0,4.0,0.5,0.373,0.127,,,,,,,,,,,,,,,,,,,,,,,,,,,,,,,,,,,,,,,,,,,,,,,,,,,,,
2592,James Jones,James,1610612739,CLE,35.0,1,1,0,1.0,6.016666666666667,1,1,1.0,1,1,1.0,0,0,0.0,0,1,1,0,0,0,2,0,0,0,3,0,10.2,0,0,9.0,1,1,1,1,141,107,139,1,32,75,1,83,88,83,83,105,119,115,112,79,8,1,1,110,116,75,115,11,2,117,,1,0.063,1.0,83.6,81.8,69.2,0.357,0.143,125,0.0,11,0.0,129,59,93,1.5,92,76.45,107,81.8,58,94.78,2,43,0.0,142,0.0,8,91.75,75.0,75.0,83,1,1.0,98,91.75,1,0.0,1,6.8,14.4,0.078,1.5,120,16,58,115,16,141,139,115,125,6.8,0.077,129,0.0,0.0,0.0,0.0,0.0,6.0,0.0,0.0,3.0,0.0,0.0,0.0,0.0,0.0,0.0,0.0,0.0,0.0,0.0,0.0,0.0,0.0,0.0,0.0,0.0,0.0,0.0,0.0,0.0,7.0,3.0,0.1,0.0,0.0,0.89,0.0,0.0,3.0,0.429,0.14,0.0,7.6,3.0,7.6,1.0,0.0,0.333,0.0,0.0,0.0,0.333,3.0,0.0,0.0,1.0,0.0,0.0,0.0,0.0,0.333,0.0,0.333,0.0,0.0,,,,,,,,,,,,,,,,,,,,,,,,,,,,,,,,,,,,,,,,,,,1.0,1.0,0.0,0.0,1.0,1.0,,1.0,1.5,0.0,1.0,1.0,1.0,0.0,0.0,0.0,,,,0.0,0.0,0.0,0.0,0.0,0.0,1.5,1.0,0.0,3.0,0.0,0.0,,0.0,0.0,0.0,0.0,1.0,1.0,,0.0,,,0.0,0.0,0.0,0.0,1.0,,0.0,,0.0,0.0,0.0,0.0,G-F,15.0,10.0,0.429,0.667,0.575,0.091,0.0,0.0,,0.0,,,,0.0,0.0,0.0,,0.0,,,0.0,0.0,0.0,1.0,0.0,0.0,1.0,,,1.0,0.0,CLE,0.0,0.0,1.0,1.0,1.0,1.0,1.5,1.0,2016,21500240,,CLE,BKN,20151128.0,2015-16,False,CLE,BKN,,,1.0,1.0,2.0,0.5,0.486,0.015,,,,,,,1.0,1.0,2.0,0.5,0.5,0.001,0.5,0.0,1.0,0.0,0.596,-0.596,0.5,0.0,1.0,0.0,0.549,-0.549,0.5,1.0,1.0,1.0,0.417,0.583,,,7.0,0.0,0.0,0.0,0.0,0.0,0.0,0.0,0.0,0.0,0.0,0.0,0.0,0.0,0.0,0.0,0.0,0.0,,,6.02,2281.0,0.43,0.24,0.19,3.99,3.86,4.13,,,,,,,,,,,,,,,,,,,,,,,
2592,James Jones,James,1610612739,CLE,35.0,1,0,1,0.0,8.05,2,5,0.4,2,5,0.4,4,4,1.0,0,1,1,0,0,1,0,0,0,3,10,15,14.2,0,0,15.0,1,67,67,67,118,77,89,71,15,18,30,9,13,1,69,94,101,86,83,22,46,1,1,17,44,13,75,13,2,64,,1,0.059,5.0,122.5,147.1,63.0,0.45,0.167,5,0.0,17,0.0,44,37,82,0.74,66,84.47,77,147.1,3,108.16,3,3,0.0,12,0.0,3,101.37,58.8,58.8,69,25,2.0,13,101.37,36,0.0,1,88.2,59.6,0.316,0.6,19,2,3,86,2,17,89,86,5,88.2,0.286,44,0.0,0.0,0.0,0.0,0.0,11.0,0.0,0.0,12.0,0.0,0.0,0.0,0.0,0.0,0.0,0.0,0.0,0.0,0.0,0.0,1.0,1.0,0.0,0.0,0.0,1.0,0.0,0.0,0.0,17.0,10.0,0.4,0.0,0.0,1.25,0.0,0.0,12.0,0.588,0.35,0.0,7.5,2.0,7.5,1.0,0.0,0.5,0.0,0.0,0.0,0.5,2.0,0.0,0.0,1.0,0.0,0.0,0.0,0.0,0.5,0.0,0.5,0.0,0.0,,0.0,1.0,0.0,0.2,1.0,0.0,0.0,1.0,,0.0,0.2,0.0,0.0,,0.0,0.0,0.0,1.0,,0.2,1.0,0.2,1.0,1.5,1.0,0.0,1.0,1.0,1.0,1.0,0.0,0.0,0.2,0.0,0.0,,0.2,0.0,0.0,0.0,0.0,0.4,1.0,0.0,0.0,2.0,0.4,,0.5,0.75,0.0,2.0,0.5,1.0,0.0,0.0,0.0,,,,0.0,0.0,0.0,0.0,0.0,0.0,0.6,0.4,0.0,6.0,0.0,0.5,0.0,0.0,0.0,0.0,0.0,3.0,0.333,2.0,1.0,1.0,0.5,0.0,0.0,0.0,0.0,1.0,0.0,2.0,0.0,0.0,0.0,0.0,0.0,G-F,40.0,26.0,0.374,0.65,0.588,0.062,,0.0,,0.0,,,0.0,1.0,0.0,0.0,0.0,0.0,,0.0,,0.0,0.0,4.0,0.0,0.0,0.5,,,2.0,,CLE,0.0,0.0,5.0,0.4,5.0,2.0,0.6,2.0,2016,21501111,,CLE,HOU,20160329.0,2015-16,False,CLE,HOU,,,1.0,1.0,1.0,1.0,0.407,0.593,,,,,,,1.0,1.0,1.0,1.0,0.473,0.527,,,,,,,1.0,1.0,1.0,1.0,0.522,0.478,,,,,,,,,17.0,0.0,0.0,0.0,0.0,0.0,0.0,0.0,0.0,0.0,0.0,0.0,0.0,0.0,0.0,0.0,0.0,0.0,,,8.05,3021.0,0.57,0.33,0.24,4.51,4.03,3.41,,,,,,,,,,,,,,,,,,,,,,,
2592,James Jones,James,1610612739,CLE,35.0,1,1,0,1.0,4.683333333333334,0,0,0.0,0,0,0.0,0,0,0.0,0,0,0,0,0,0,0,0,0,0,0,0,0.0,0,0,0.0,1,1,1,1,197,176,200,176,79,130,79,113,117,113,117,173,187,146,132,96,73,1,1,148,184,98,201,13,2,201,,1,0.0,0.0,102.2,100.0,101.1,0.0,0.0,100,0.0,11,0.0,6,173,187,0.0,101,93.95,176,100.0,95,110.9,169,95,0.0,200,0.0,103,112.74,100.0,100.0,117,184,0.0,6,112.74,176,0.0,1,0.0,1.1,0.0,0.0,87,86,95,146,86,200,200,146,100,0.0,0.0,6,0.0,0.0,0.0,0.0,0.0,3.0,0.0,0.0,2.0,0.0,0.0,0.0,0.0,0.0,0.0,0.0,0.0,0.0,0.0,0.0,0.0,0.0,0.0,0.0,0.0,0.0,0.0,0.0,0.0,3.0,0.0,0.1,0.0,0.0,1.01,0.0,0.0,2.0,0.0,0.33,,,,,,,,,,,,,,,,,,,,,,,,,,,,,,,,,,,,,,,,,,,,,,,,,,,,,,,,,,,,,,,,,,,,,,,,,,,,,,,,0.0,,0.0,,,,,0.0,0.0,0.0,0.0,0.0,0.0,0.0,0.0,0.0,0.0,,,0.0,,0.0,0.0,0.0,0.0,,,,,0.0,0.0,,,0.0,,,,0.0,0.0,0.0,0.0,G-F,25.0,15.0,0.357,0.6,0.588,0.012,0.0,0.0,,0.0,,,,0.0,0.0,0.0,,0.0,,,0.0,0.0,0.0,0.0,0.0,0.0,0.0,,,0.0,0.0,CLE,0.0,0.0,0.0,,,,,0.0,2016,21500543,,MIN,CLE,20160108.0,2015-16,False,CLE,MIN,,,,,,,,,,,,,,,,,,,,,,,,,,,,,,,,,,,,,,,,,3.0,0.0,0.0,0.0,0.0,0.0,0.0,0.0,0.0,0.0,0.0,0.0,0.0,0.0,0.0,0.0,0.0,0.0,,,4.68,1479.0,0.28,0.16,0.12,3.86,4.63,2.88,,,,,,,,,,,,,,,,,,,,,,,
2592,James Jones,James,1610612739,CLE,35.0,1,1,0,1.0,14.05,1,5,0.2,1,3,0.333,0,0,0.0,0,0,0,1,0,0,0,1,3,1,3,-11,4.5,0,0,5.0,1,1,1,1,117,108,94,122,31,40,36,84,90,84,85,131,139,60,109,86,51,108,109,79,112,130,132,12,1,124,,1,0.0,5.0,85.6,83.3,134.1,-0.062,0.0,133,0.0,30,0.0,65,131,139,0.3,83,81.14,108,83.3,141,95.73,144,142,0.0,112,0.111,149,97.37,133.3,133.3,85,120,1.0,81,97.37,109,16.7,1,-50.0,-48.5,0.146,0.3,131,145,146,63,145,118,94,50,133,-50.0,0.139,65,0.0,0.0,0.0,0.045,2.0,22.0,0.045,0.0,17.0,1.0,0.0,1.0,0.0,0.0,0.0,0.0,0.0,0.0,0.0,0.0,0.0,1.0,0.0,0.0,0.0,0.0,0.0,0.0,0.0,27.0,3.0,0.7,0.0,0.0,1.47,0.0,0.0,18.0,0.111,0.3,,,,,,,,,,,,,,,,,,,,,,,,,,,,,,,,,,,,,,,,,1.0,0.25,0.0,0.0,0.0,0.0,0.25,1.0,0.0,,0.0,0.0,0.0,1.0,1.0,0.0,0.0,0.25,0.0,0.0,,0.25,0.0,0.0,0.0,0.0,0.5,1.0,0.0,0.0,2.0,0.5,,0.5,0.75,0.0,2.0,0.5,1.0,0.0,0.0,0.0,0.0,0.0,,0.0,1.0,0.0,0.0,0.0,0.0,0.3,0.333,0.0,3.0,0.0,0.5,0.0,0.0,0.0,0.0,0.0,1.0,0.0,2.0,1.0,1.0,0.5,0.0,0.0,0.0,0.0,0.0,0.0,2.0,0.0,1.0,0.0,1.0,0.0,G-F,14.0,10.0,0.467,0.714,0.574,0.14,1.0,1.0,,0.0,,,0.0,1.0,0.0,0.0,0.0,0.0,,0.0,0.0,1.0,0.0,2.0,1.0,0.0,0.0,,,0.0,0.0,CLE,0.0,0.0,3.0,0.333,3.0,1.0,0.5,1.0,2016,21500203,,CLE,ORL,20151123.0,2015-16,False,CLE,ORL,,,1.0,3.0,7.0,0.429,0.453,-0.025,0.143,0.0,1.0,0.0,0.366,-0.366,0.857,3.0,6.0,0.5,0.471,0.029,0.571,3.0,4.0,0.75,0.511,0.239,0.571,3.0,4.0,0.75,0.476,0.274,0.143,0.0,1.0,0.0,0.38,-0.38,,,27.0,0.0,0.0,0.0,0.0,0.0,0.0,0.0,0.0,0.0,0.0,0.0,0.0,0.0,0.0,0.0,0.0,0.0,,,14.05,5246.0,0.99,0.56,0.43,4.29,4.37,4.16,,,,,,,,,,,,,,,,,,,,,,,
2592,James Jones,James,1610612739,CLE,35.0,1,1,0,1.0,3.283333333333333,1,1,1.0,1,1,1.0,0,0,0.0,0,0,0,0,0,0,0,0,0,0,3,1,3.0,0,0,4.0,1,1,1,1,106,78,100,1,27,58,1,52,54,52,47,97,98,80,71,47,33,1,1,79,83,51,102,9,2,97,,1,0.0,1.0,100.0,83.3,80.0,0.316,0.0,82,0.0,6,0.0,108,97,98,1.5,57,67.01,78,83.3,51,73.1,3,23,0.0,65,0.0,13,80.41,80.0,80.0,47,1,1.0,108,80.41,1,0.0,1,3.3,20.0,0.167,1.5,60,11,51,80,11,76,100,80,82,3.3,0.143,108,0.0,0.0,0.0,0.0,0.0,4.0,0.0,0.0,4.0,0.0,0.0,0.0,0.0,0.0,0.0,0.0,0.0,0.0,0.0,0.0,0.0,0.0,0.0,0.0,0.0,0.0,0.0,0.0,0.0,5.0,3.0,0.1,0.0,0.0,1.49,0.0,0.0,4.0,0.6,0.2,,,,,,,,,,,,,,,,,,,,,,,,,,,,,,,,,,,,,,,,,,,,,,,,,,,,,,,,,,,,,,,,,,,1.0,1.0,0.0,0.0,1.0,1.0,,1.0,1.5,0.0,1.0,1.0,1.0,0.0,0.0,0.0,,,,0.0,0.0,0.0,0.0,0.0,0.0,1.5,1.0,0.0,3.0,0.0,1.0,,0.0,1.0,,,0.0,0.0,,1.0,,,,0.0,1.0,1.0,0.0,,1.0,,0.0,0.0,0.0,0.0,G-F,37.0,25.0,0.385,0.676,0.587,0.089,0.0,0.0,,0.0,,,,0.0,0.0,0.0,,,,,0.0,0.0,,1.0,0.0,,1.0,,,1.0,0.0,CLE,0.0,0.0,1.0,1.0,1.0,1.0,1.5,1.0,2016,21500983,,LAC,CLE,20160313.0,2015-16,False,CLE,LAC,,,,,,,,,,,,,,,,,,,,,,,,,,,,,,,,,,,,,,,,,5.0,0.0,0.0,0.0,0.0,0.0,0.0,0.0,0.0,0.0,0.0,0.0,0.0,0.0,0.0,0.0,0.0,0.0,,,3.28,1093.0,0.21,0.11,0.09,3.65,3.62,3.68,,,,,,,,,,,,,,,,,,,,,,,
2592,James Jones,James,1610612739,CLE,35.0,1,1,0,1.0,12.0,2,3,0.667,1,1,1.0,0,0,0.0,0,1,1,0,0,0,1,0,1,0,5,5,9.2,0,0,9.0,1,1,1,1,174,120,164,31,40,108,1,122,130,122,111,154,170,141,139,92,21,1,39,155,136,58,160,17,1,156,,1,0.036,3.0,112.6,108.7,85.5,0.148,0.059,96,0.0,23,0.0,184,163,169,0.833,106,75.0,120,108.7,49,91.2,61,31,0.0,163,0.0,30,90.0,90.9,90.9,111,21,2.0,165,90.0,22,0.0,1,17.8,27.1,0.124,0.833,67,49,49,141,49,163,164,141,96,17.8,0.12,184,0.0,2.0,0.0,0.1,0.0,10.0,0.0,1.0,10.0,1.0,0.0,0.0,0.0,0.0,0.0,0.0,0.0,0.0,0.0,0.0,1.0,1.0,0.0,0.0,0.0,1.0,0.0,0.0,0.0,13.0,5.0,0.3,0.0,0.0,1.37,0.0,0.0,10.0,0.385,0.85,0.0,7.5,3.0,7.5,1.0,1.0,0.25,1.0,0.0,0.0,0.5,4.0,0.0,0.0,1.0,0.0,0.0,0.0,0.0,0.333,1.0,0.333,0.0,0.0,,,,,,,,,,,,,,,,,2.0,0.667,0.0,0.5,0.0,1.0,0.667,2.0,0.5,,1.0,0.5,0.0,,,,,,,,,,,,,,0.333,1.0,0.0,0.0,1.0,0.333,,1.0,1.5,0.0,1.0,1.0,1.0,1.0,0.0,2.0,0.5,0.5,,0.0,2.0,0.0,0.0,0.0,0.0,0.833,1.0,0.0,3.0,0.0,1.0,,0.5,1.0,0.0,0.0,0.0,0.0,,1.0,,,0.0,0.0,1.0,1.0,0.0,,1.0,,2.0,1.0,0.0,0.0,G-F,35.0,23.0,0.385,0.657,0.589,0.069,1.0,0.0,0.0,0.0,,0.0,0.0,0.0,0.0,0.0,0.0,0.0,0.0,0.0,1.0,0.0,0.0,1.0,0.0,0.0,1.0,,,1.0,1.0,CLE,0.0,1.0,1.0,1.0,1.0,1.0,1.5,1.0,2016,21500917,,CLE,WAS,20160304.0,2015-16,False,CLE,WAS,,,1.0,2.0,5.0,0.4,0.431,-0.031,0.2,0.0,1.0,0.0,0.324,-0.324,0.8,2.0,4.0,0.5,0.446,0.054,0.4,1.0,2.0,0.5,0.575,-0.075,0.6,1.0,3.0,0.333,0.403,-0.07,0.2,0.0,1.0,0.0,0.387,-0.387,,,13.0,0.0,0.0,0.0,0.0,0.0,0.0,0.0,0.0,0.0,0.0,0.0,0.0,0.0,0.0,0.0,0.0,0.0,,,12.0,4541.0,0.86,0.46,0.4,4.51,5.08,3.94,,,,,,,,,,,,,,,,,,,,,,,
2592,James Jones,James,1610612739,CLE,35.0,1,1,0,1.0,15.816666666666666,1,5,0.2,0,2,0.0,0,0,0.0,0,5,5,1,0,0,1,0,1,0,2,-9,12.5,0,0,10.0,1,1,1,1,113,110,91,120,56,44,56,83,88,83,67,28,42,69,97,74,11,1,24,107,121,113,97,13,1,108,,1,0.139,5.0,85.0,81.8,110.0,0.076,0.313,125,0.0,33,0.0,47,8,29,0.2,76,83.46,110,81.8,124,97.84,87,116,0.0,107,0.1,85,100.15,109.1,109.1,67,126,1.0,78,100.15,120,16.7,1,-27.3,-25.0,0.136,0.2,122,81,124,72,81,110,91,65,125,-27.3,0.132,47,0.0,1.0,0.0,0.045,3.0,22.0,0.045,0.0,18.0,1.0,0.0,0.0,0.0,0.0,0.0,0.0,0.0,0.0,0.0,0.0,1.0,1.0,0.0,0.0,0.0,1.0,0.0,0.0,0.0,28.0,2.0,0.6,0.0,0.0,1.31,0.0,0.0,18.0,0.071,0.36,0.0,5.9,4.0,5.9,5.0,0.0,1.25,0.0,0.0,0.0,1.25,4.0,0.0,0.0,5.0,0.0,0.0,0.0,0.0,1.25,0.0,1.25,0.0,0.0,,,,,,,,,,,,,,,,,1.0,0.2,0.0,0.0,0.0,0.0,0.2,1.0,0.0,,0.0,0.0,0.0,3.0,2.0,0.0,0.0,0.6,0.0,0.0,0.0,0.4,0.2,1.0,0.0,0.0,0.2,0.0,1.0,0.2,0.0,0.0,1.0,,1.0,1.0,1.0,1.0,1.0,0.0,0.0,0.0,,,,0.0,0.0,0.0,0.0,0.0,0.0,0.2,0.2,0.0,2.0,0.0,0.0,0.0,0.333,0.0,0.0,0.0,1.0,0.0,1.0,0.0,0.0,0.0,0.0,0.0,0.0,0.0,0.0,0.0,1.0,0.0,3.0,1.0,0.0,0.0,G-F,23.0,14.0,0.411,0.609,0.585,0.024,0.0,0.0,0.0,0.0,0.0,0.0,0.0,0.0,0.0,0.0,0.0,0.0,0.0,0.0,0.0,0.0,0.0,5.0,0.0,0.0,0.2,0.0,0.0,1.0,0.0,CLE,0.0,0.0,5.0,0.0,2.0,0.0,0.2,1.0,2016,21500405,,CLE,PHI,20151220.0,2015-16,False,CLE,PHI,,,1.0,2.0,3.0,0.667,0.495,0.172,,,,,,,1.0,2.0,3.0,0.667,0.513,0.154,0.333,0.0,1.0,0.0,0.673,-0.673,0.667,1.0,2.0,0.5,0.555,-0.055,0.333,1.0,1.0,1.0,0.26,0.74,,,28.0,0.0,0.0,0.0,0.0,0.0,0.0,0.0,0.0,0.0,0.0,0.0,0.0,0.0,0.0,0.0,0.0,0.0,,,15.82,5553.0,1.05,0.67,0.38,4.17,4.46,3.76,,,,,,,,,,,,,,,,,,,,,,,
2592,James Jones,James,1610612739,CLE,35.0,1,1,0,1.0,5.25,1,2,0.5,1,1,1.0,0,0,0.0,0,0,0,0,1,0,0,0,1,0,3,2,2.0,0,0,4.0,1,1,1,1,281,219,253,67,61,143,1,161,170,161,157,257,270,203,119,143,94,1,47,221,229,106,279,24,1,265,,287,0.0,2.0,124.2,114.3,102.6,0.0,0.0,60,33.3,14,0.0,5,257,270,0.75,154,102.86,219,114.3,106,121.23,251,62,0.0,99,0.0,163,123.43,107.7,107.7,157,30,1.0,3,123.43,25,0.0,287,6.6,21.6,0.216,0.75,26,194,106,203,194,114,253,203,60,6.6,0.2,5,33.3,0.0,0.0,0.0,0.0,5.0,0.0,0.0,4.0,0.0,0.0,0.0,0.0,0.0,0.0,0.0,0.0,0.0,0.0,0.0,0.0,0.0,0.0,0.0,0.0,0.0,0.0,0.0,0.0,8.0,3.0,0.2,0.0,0.0,1.48,0.0,0.0,4.0,0.375,0.13,,,,,,,,,,,,,,,,,,,,,,,,,,,,,,,,,,,,,,,,,,,,,,,,,,,,,,1.0,0.0,0.0,0.0,0.5,0.0,0.0,0.0,0.0,0.5,1.0,0.0,,0.5,1.0,0.0,0.0,1.0,0.5,,1.0,1.5,0.0,1.0,1.0,1.0,0.0,0.0,0.0,0.0,0.0,,0.0,1.0,0.0,0.0,0.0,0.0,0.75,1.0,0.0,3.0,0.0,1.0,0.0,0.0,1.0,0.0,0.0,0.0,0.0,,1.0,,,0.0,0.0,1.0,1.0,0.0,0.0,1.0,0.0,1.0,0.0,0.0,0.0,G-F,2.0,1.0,0.667,0.5,0.6,-0.1,0.0,0.0,,0.0,,,0.0,0.0,0.0,0.0,0.0,0.0,,0.0,0.0,0.0,0.0,2.0,0.0,0.0,0.5,,,1.0,0.0,CLE,0.0,0.0,1.0,1.0,1.0,1.0,1.5,1.0,2016,21500011,,MEM,CLE,20151028.0,2015-16,False,CLE,MEM,,,1.0,1.0,1.0,1.0,0.468,0.532,,,,,,,1.0,1.0,1.0,1.0,0.482,0.518,,,,,,,,,,,,,1.0,1.0,1.0,1.0,0.369,0.631,,,8.0,0.0,0.0,0.0,0.0,0.0,0.0,0.0,0.0,0.0,0.0,0.0,0.0,0.0,0.0,0.0,0.0,0.0,,,5.25,1912.0,0.36,0.19,0.17,4.58,4.83,4.36,,,,,,,,,,,,,,,,,,,,,,,
2592,James Jones,James,1610612739,CLE,35.0,1,1,0,1.0,12.0,2,3,0.667,1,2,0.5,0,0,0.0,1,0,1,1,0,0,0,0,1,0,5,-2,7.7,0,0,8.0,1,1,1,1,18,11,17,7,3,7,2,14,15,14,4,21,18,10,19,13,9,1,5,21,15,14,18,1,1,18,,1,0.036,3.0,72.7,69.6,78.0,0.191,0.0,21,0.0,23,0.1,23,21,20,0.833,13,75.0,11,69.6,15,90.16,8,14,0.0,21,0.2,9,90.0,81.8,81.8,3,6,2.0,20,90.0,7,25.0,1,-12.3,-5.3,0.125,0.833,19,11,15,6,11,21,17,5,21,-12.3,0.12,23,0.0,1.0,0.0,0.053,3.0,19.0,0.053,0.0,18.0,1.0,0.0,0.0,0.0,0.0,0.0,0.0,0.0,0.0,0.0,0.0,0.0,0.0,0.0,0.0,0.0,0.0,0.0,1.0,1.0,23.0,5.0,0.8,0.0,0.0,2.18,0.0,0.0,17.0,0.217,0.61,0.0,8.3,2.0,0.0,0.0,0.0,0.333,0.0,0.0,1.0,0.0,3.0,0.0,1.0,1.0,0.0,0.0,1.0,0.0,0.333,1.0,0.0,0.0,8.3,,,,,,,,,,,,,,,,,,,,,,,,,,,,,,1.0,1.0,0.0,0.0,0.333,0.0,0.0,,0.333,0.0,0.0,0.0,0.0,0.667,1.0,1.0,0.333,1.0,0.333,1.0,1.0,1.25,1.0,2.0,1.0,2.0,1.0,1.0,2.0,0.5,0.5,0.0,0.0,2.0,0.0,0.0,0.0,0.0,0.833,1.0,0.0,3.0,0.0,,0.0,1.0,,0.0,0.0,2.0,0.5,,,,,0.0,0.0,,,1.0,0.0,,0.0,1.0,1.0,0.0,0.0,G-F,3.0,2.0,0.375,0.667,0.566,0.101,1.0,0.5,,0.0,,,0.0,2.0,0.0,0.0,0.0,0.0,,0.0,1.0,1.0,0.0,0.0,0.0,0.0,0.0,,,0.0,1.0,CLE,0.0,0.0,1.0,1.0,1.0,1.0,1.5,1.0,2016,41500305,,CLE,TOR,20160525.0,2015-16,True,CLE,TOR,1610612761.0,CLE_TOR_2016,1.0,1.0,3.0,0.333,0.436,-0.103,,,,,,,1.0,1.0,3.0,0.333,0.474,-0.141,0.333,1.0,1.0,1.0,0.516,0.484,0.333,1.0,1.0,1.0,0.483,0.517,0.667,0.0,2.0,0.0,0.35,-0.35,,,23.0,0.0,0.0,0.0,0.0,0.0,0.0,0.0,0.0,0.0,0.0,0.0,0.0,0.0,0.0,0.0,0.0,0.0,,,12.0,4133.0,0.78,0.45,0.34,4.01,3.71,3.26,2.0,2.0,0.0,1.0,0.0,0.0,0.0,0.0,0.0,0.0,0.0,0.0,0.0,0.0,0.0,0.0,0.0,0.0,0.0,0.0,0.0,,
2592,James Jones,James,1610612739,CLE,35.0,1,0,1,0.0,2.4,0,0,0.0,0,0,0.0,0,0,0.0,0,0,0,0,0,0,0,0,0,0,0,2,0.0,0,0,0.0,1,14,14,14,21,18,23,18,11,17,11,9,10,9,12,18,20,14,11,11,8,1,1,15,19,10,23,5,1,23,,1,0.0,0.0,51.5,40.0,0.0,0.0,0.0,20,0.0,5,0.0,19,18,20,0.0,8,75.0,18,40.0,3,78.8,18,3,0.0,24,0.0,1,90.0,0.0,0.0,12,19,0.0,21,90.0,18,0.0,1,40.0,51.5,0.0,0.0,20,1,3,14,1,24,23,14,20,40.0,0.0,19,0.0,0.0,0.0,0.0,0.0,1.0,0.0,0.0,1.0,0.0,0.0,0.0,0.0,0.0,0.0,0.0,0.0,0.0,0.0,0.0,0.0,0.0,0.0,0.0,0.0,0.0,0.0,0.0,0.0,1.0,0.0,0.0,0.0,0.0,1.84,0.0,0.0,1.0,0.0,0.0,,,,,,,,,,,,,,,,,,,,,,,,,,,,,,,,,,,,,,,,,,,,,,,,,,,,,,,,,,,,,,,,,,,,,,,,,,,,,,,,0.0,,0.0,,,,,0.0,0.0,0.0,0.0,0.0,0.0,0.0,0.0,0.0,0.0,0.0,,0.0,0.0,,,0.0,0.0,,0.0,,,,0.0,0.0,0.0,0.0,,0.0,,0.0,0.0,0.0,0.0,G-F,4.0,2.0,0.444,0.5,0.576,-0.076,0.0,0.0,,0.0,,,,0.0,,0.0,,,,,0.0,0.0,,0.0,0.0,,0.0,,,0.0,0.0,CLE,,,0.0,,,,,0.0,2016,41500401,,GSW,CLE,20160602.0,2015-16,True,CLE,GSW,1610612744.0,CLE_GSW_2016,,,,,,,,,,,,,,,,,,,,,,,,,,,,,,,,,,,,,,,1.0,0.0,0.0,0.0,0.0,0.0,0.0,0.0,0.0,0.0,0.0,0.0,0.0,0.0,0.0,0.0,0.0,0.0,,,2.4,915.0,0.17,0.11,0.07,4.99,5.31,4.7,,,,,,,,,,,,,,,,,,,,,,,
2592,James Jones,James,1610612739,CLE,35.0,1,1,0,1.0,3.083333333333333,0,0,0.0,0,0,0.0,0,0,0.0,0,0,0,0,1,0,0,0,2,0,0,1,-1.0,0,0,0.0,1,1,1,1,101,90,102,90,43,68,43,56,62,56,55,85,91,72,39,51,28,1,40,76,93,45,104,12,1,100,,104,0.0,0.0,108.7,116.7,87.2,-0.375,0.0,22,100.0,6,0.0,9,85,91,0.0,54,90.81,90,116.7,6,103.68,102,21,0.0,65,0.0,25,108.97,75.0,75.0,55,93,0.0,24,108.97,90,0.0,104,41.7,21.5,0.155,0.0,36,11,6,72,11,54,102,72,22,41.7,0.167,9,100.0,0.0,0.0,0.0,0.0,1.0,0.0,0.0,0.0,0.0,0.0,0.0,0.0,0.0,0.0,0.0,0.0,0.0,0.0,0.0,0.0,0.0,0.0,0.0,0.0,0.0,0.0,0.0,0.0,1.0,0.0,0.0,0.0,0.0,0.76,0.0,0.0,0.0,0.0,0.0,,,,,,,,,,,,,,,,,,,,,,,,,,,,,,,,,,,,,,,,,,,,,,,,,,,,,,,,,,,,,,,,,,,,,,,,,,,,,,,,0.0,,0.0,,,,,0.0,0.0,0.0,0.0,0.0,0.0,0.0,0.0,0.0,0.0,0.0,,0.0,,0.0,0.0,0.0,0.0,0.0,0.0,0.0,0.0,0.0,0.0,,,0.0,,0.0,,0.0,0.0,0.0,0.0,G-F,5.0,4.0,0.417,0.8,0.588,0.212,0.0,0.0,,0.0,,,,0.0,0.0,0.0,,0.0,,,0.0,0.0,0.0,0.0,0.0,0.0,0.0,,,0.0,0.0,CLE,0.0,0.0,0.0,,,,,0.0,2016,21500094,,CLE,IND,20151108.0,2015-16,False,CLE,IND,,,1.0,1.0,1.0,1.0,0.494,0.506,,,,,,,1.0,1.0,1.0,1.0,0.503,0.497,,,,,,,,,,,,,1.0,1.0,1.0,1.0,0.402,0.598,,,1.0,0.0,0.0,0.0,0.0,0.0,0.0,0.0,0.0,0.0,0.0,0.0,0.0,0.0,0.0,0.0,0.0,0.0,,,3.08,1144.0,0.22,0.11,0.1,3.9,4.71,3.33,,,,,,,,,,,,,,,,,,,,,,,
2592,James Jones,James,1610612739,CLE,35.0,1,1,0,1.0,1.6333333333333333,0,0,0.0,0,0,0.0,0,0,0.0,0,0,0,0,0,0,0,0,0,0,0,-7,0.0,0,0,0.0,1,1,1,1,185,159,179,159,75,120,75,103,108,103,94,167,172,126,119,96,68,1,1,132,161,132,184,19,2,185,,1,0.0,0.0,0.0,0.0,233.3,0.0,0.0,185,0.0,4,0.0,35,167,172,0.0,89,85.71,159,0.0,189,88.16,150,189,0.0,182,0.0,189,102.86,233.3,233.3,94,161,0.0,164,102.86,159,0.0,1,-233.3,-233.3,0.0,0.0,185,189,189,126,189,182,179,126,185,-233.3,0.0,35,0.0,0.0,0.0,0.0,0.0,4.0,0.0,0.0,2.0,0.0,0.0,0.0,0.0,0.0,0.0,0.0,0.0,0.0,0.0,0.0,0.0,0.0,0.0,0.0,0.0,0.0,0.0,0.0,0.0,5.0,0.0,0.2,0.0,0.0,1.96,0.0,0.0,2.0,0.0,0.6,,,,,,,,,,,,,,,,,,,,,,,,,,,,,,,,,,,,,,,,,,,,,,,,,,,,,,,,,,,,,,,,,,,,,,,,,,,,,,,,0.0,,0.0,,,,,0.0,0.0,0.0,0.0,0.0,0.0,0.0,0.0,0.0,0.0,,,,,0.0,0.0,0.0,0.0,,,,,0.0,0.0,,,0.0,,,,,,0.0,0.0,G-F,33.0,22.0,0.384,0.667,0.589,0.077,,0.0,,0.0,,,,0.0,0.0,0.0,,0.0,,,,0.0,0.0,,0.0,0.0,,,,,,CLE,0.0,0.0,0.0,,,,,0.0,2016,21500699,,DET,CLE,20160129.0,2015-16,False,CLE,DET,,,1.0,1.0,1.0,1.0,0.504,0.496,,,,,,,1.0,1.0,1.0,1.0,0.506,0.494,1.0,1.0,1.0,1.0,0.568,0.432,1.0,1.0,1.0,1.0,0.539,0.461,,,,,,,,,5.0,0.0,0.0,0.0,0.0,0.0,0.0,0.0,0.0,0.0,0.0,0.0,0.0,0.0,0.0,0.0,0.0,0.0,,,1.63,559.0,0.11,0.07,0.04,3.66,5.25,0.0,,,,,,,,,,,,,,,,,,,,,,,
2592,James Jones,James,1610612739,CLE,35.0,1,1,0,1.0,7.666666666666667,0,4,0.0,0,2,0.0,0,0,0.0,0,1,1,0,1,0,0,0,0,0,0,-1,0.2,0,0,1.0,1,1,1,1,25,23,18,23,19,12,19,13,13,13,9,17,18,18,9,9,5,1,1,19,24,15,26,3,1,25,,21,0.067,4.0,68.8,78.6,93.2,-0.25,0.143,25,20.0,14,0.0,23,10,12,0.0,14,73.04,23,78.6,15,90.41,26,16,0.0,3,0.0,7,87.65,85.7,85.7,9,24,0.0,17,87.65,23,0.0,21,-7.1,-24.4,0.313,0.0,25,5,15,18,5,3,18,18,25,-7.1,0.313,23,20.0,1.0,0.0,0.0,0.0,13.0,0.0,0.0,14.0,0.0,0.0,0.0,0.0,0.0,0.0,0.0,0.0,0.0,0.0,0.0,0.0,0.0,0.0,0.0,0.0,0.0,0.0,0.0,0.0,18.0,0.0,0.6,0.0,0.0,2.15,0.0,0.0,13.0,0.0,0.72,0.0,6.1,1.0,6.1,1.0,0.0,1.0,0.0,0.0,0.0,1.0,1.0,0.0,0.0,1.0,0.0,0.0,0.0,0.0,1.0,0.0,1.0,0.0,0.0,,,,,,,,,,,,,,,,,2.0,0.5,1.0,0.0,0.25,0.0,0.75,3.0,0.0,0.0,0.0,0.0,0.0,,,,,,,,,,,,,,0.25,0.0,0.0,0.0,1.0,0.25,,0.0,0.0,0.0,1.0,0.0,0.0,0.0,1.0,0.0,0.0,0.0,0.0,0.0,3.0,0.0,0.0,0.0,0.0,0.0,0.0,0.0,0.0,0.0,0.0,,0.0,0.0,0.0,0.0,2.0,0.0,0.0,0.0,0.0,0.0,0.0,0.0,0.0,0.0,0.0,,0.0,,2.0,0.0,0.0,0.0,G-F,1.0,1.0,0.333,1.0,0.573,0.427,1.0,0.0,,0.0,,,,1.0,0.0,0.0,,0.0,,,0.0,0.0,0.0,2.0,0.0,0.0,0.0,,,0.0,0.0,CLE,0.0,0.0,1.0,0.0,1.0,0.0,0.0,0.0,2016,41500202,,CLE,ATL,20160504.0,2015-16,True,CLE,ATL,1610612737.0,CLE_ATL_2016,1.0,2.0,2.0,1.0,0.458,0.543,,,,,,,1.0,2.0,2.0,1.0,0.515,0.485,0.5,1.0,1.0,1.0,0.573,0.427,0.5,1.0,1.0,1.0,0.514,0.486,,,,,,,,,18.0,0.0,0.0,0.0,0.0,0.0,0.0,0.0,0.0,0.0,0.0,0.0,0.0,0.0,0.0,0.0,0.0,0.0,,,7.67,2765.0,0.52,0.31,0.21,3.91,3.93,3.9,1.0,1.0,0.0,0.0,0.0,0.0,0.0,0.0,0.0,0.0,0.0,0.0,0.0,0.0,0.0,0.0,0.0,0.0,0.0,0.0,0.0,,
2592,James Jones,James,1610612739,CLE,35.0,1,1,0,1.0,4.633333333333334,0,0,0.0,0,0,0.0,1,2,0.5,0,0,0,2,0,0,0,0,0,1,1,5,4.0,0,0,3.0,1,1,1,1,22,21,25,21,13,16,13,9,9,8,15,19,22,7,16,9,7,1,1,13,21,9,21,3,1,22,,1,0.0,0.0,110.3,100.0,67.3,0.222,0.0,13,0.0,12,0.0,1,19,22,0.568,11,99.28,21,100.0,4,110.23,2,4,0.0,25,0.4,2,119.14,63.6,63.6,15,11,0.0,3,119.14,21,66.7,1,36.4,43.0,0.074,0.0,11,2,4,1,2,23,25,1,13,36.4,0.077,1,0.0,0.0,0.0,0.4,5.0,5.0,0.4,0.0,3.0,2.0,0.0,0.0,0.0,0.0,0.0,0.0,0.0,0.0,0.0,0.0,0.0,0.0,0.0,0.0,0.0,0.0,0.0,0.0,0.0,6.0,1.0,0.1,0.0,0.0,1.14,0.0,0.0,3.0,0.167,0.17,,,,,,,,,,,,,,,,,,,,,,,,,,,,,,,,,,,,,,,,,,,,,,,,,,,,,,,,,,,,,,,,,,,,,,,,,,,,,,,,0.0,,0.0,,,,,0.0,0.0,0.0,0.0,0.0,0.0,0.0,0.0,0.0,0.0,,0.0,0.0,,0.0,0.0,0.0,0.0,,,,,0.0,0.0,,,0.0,0.0,,0.0,0.0,0.0,0.0,0.0,G-F,4.0,2.0,0.25,0.5,0.576,-0.076,0.0,0.0,0.0,0.0,,0.0,0.0,0.0,0.0,0.0,0.0,0.0,0.0,0.0,0.0,0.0,0.0,0.0,0.0,0.0,0.0,,,0.0,0.0,CLE,0.0,0.0,0.0,,,,,0.0,2016,41500403,,CLE,GSW,20160608.0,2015-16,True,CLE,GSW,1610612744.0,CLE_GSW_2016,1.0,0.0,2.0,0.0,0.423,-0.423,,,,,,,1.0,0.0,2.0,0.0,0.429,-0.429,,,,,,,,,,,,,1.0,0.0,2.0,0.0,0.426,-0.426,,,6.0,0.0,0.0,0.0,0.0,0.0,0.0,0.0,0.0,0.0,0.0,0.0,0.0,0.0,0.0,0.0,0.0,0.0,,,4.63,1733.0,0.33,0.19,0.14,3.88,4.88,2.75,1.0,1.0,0.0,0.0,0.0,2.0,5.0,0.0,0.0,0.0,0.0,0.0,0.0,0.0,0.0,0.0,0.0,0.0,0.0,0.0,0.0,,
2592,James Jones,James,1610612739,CLE,35.0,1,1,0,1.0,2.6333333333333333,0,0,0.0,0,0,0.0,0,0,0.0,0,0,0,0,0,0,0,0,0,0,0,1,0.0,0,0,0.0,1,1,1,1,20,18,22,18,10,17,10,9,9,9,6,18,18,10,12,10,7,1,1,13,18,11,21,3,1,21,,1,0.0,0.0,60.0,60.0,33.3,0.0,0.0,20,0.0,5,0.0,1,18,18,0.0,7,83.54,18,60.0,8,100.25,18,9,0.0,22,0.0,1,100.25,33.3,33.3,6,18,0.0,2,100.25,18,0.0,1,26.7,26.7,0.0,0.0,20,1,8,10,1,22,22,10,20,26.7,0.0,1,0.0,0.0,0.0,0.0,0.0,2.0,0.0,0.0,1.0,0.0,0.0,0.0,0.0,0.0,0.0,0.0,0.0,0.0,0.0,0.0,0.0,0.0,0.0,0.0,0.0,0.0,0.0,0.0,0.0,2.0,0.0,0.1,0.0,0.0,1.82,0.0,0.0,0.0,0.0,0.5,,,,,,,,,,,,,,,,,,,,,,,,,,,,,,,,,,,,,,,,,,,,,,,,,,,,,,,,,,,,,,,,,,,,,,,,,,,,,,,,0.0,,0.0,,,,,0.0,0.0,0.0,0.0,0.0,0.0,0.0,0.0,0.0,0.0,,,0.0,,,,0.0,0.0,,,,,,0.0,,,0.0,,,,0.0,0.0,0.0,0.0,G-F,4.0,2.0,0.444,0.5,0.576,-0.076,,0.0,,0.0,,,,0.0,0.0,0.0,,,,,,0.0,,0.0,0.0,,0.0,,,0.0,,CLE,0.0,0.0,0.0,,,,,0.0,2016,41500306,,TOR,CLE,20160527.0,2015-16,True,CLE,TOR,1610612761.0,CLE_TOR_2016,1.0,0.0,1.0,0.0,0.479,-0.479,,,,,,,1.0,0.0,1.0,0.0,0.543,-0.543,1.0,0.0,1.0,0.0,0.608,-0.608,1.0,0.0,1.0,0.0,0.583,-0.583,,,,,,,,,2.0,0.0,0.0,0.0,0.0,0.0,0.0,0.0,0.0,0.0,0.0,0.0,0.0,0.0,0.0,0.0,0.0,0.0,,,2.63,894.0,0.17,0.1,0.07,4.54,3.66,5.98,1.0,1.0,0.0,0.0,0.0,0.0,0.0,0.0,0.0,0.0,0.0,0.0,0.0,0.0,0.0,0.0,0.0,0.0,0.0,0.0,0.0,,
2592,James Jones,James,1610612739,CLE,35.0,1,0,1,0.0,35.75,4,10,0.4,1,5,0.2,0,0,0.0,1,4,5,1,3,1,1,0,5,3,9,-4,19.5,0,0,20.0,1,147,147,147,36,99,93,165,69,41,120,146,159,146,74,86,88,152,22,57,36,1,269,38,134,186,160,19,2,142,,243,0.068,10.0,94.3,103.0,106.6,0.017,0.118,150,21.4,66,0.026,250,146,156,0.45,151,75.52,99,103.0,152,93.74,243,194,0.33,169,0.038,171,90.63,104.3,104.3,136,175,4.0,223,90.63,164,7.1,243,-1.3,-12.2,0.166,0.45,203,148,152,223,148,162,93,204,150,-1.3,0.169,250,21.4,1.0,0.0,0.033,2.0,30.0,0.033,0.0,25.0,1.0,1.0,1.0,1.0,1.0,0.0,0.5,0.0,0.0,0.0,0.0,0.0,2.0,0.0,0.0,1.0,0.0,2.0,2.0,0.0,43.0,9.0,1.2,1.0,0.0,1.71,2.0,1.0,28.0,0.209,0.6,1.0,14.3,8.0,11.7,3.0,0.0,0.5,0.0,0.0,0.5,0.5,10.0,0.0,1.0,4.0,0.0,1.0,0.5,0.25,0.5,2.0,0.5,0.2,24.5,1.0,0.0,1.0,0.2,0.0,0.0,2.0,2.0,2.0,,1.0,0.2,1.0,2.0,,,3.0,0.3,2.0,0.333,0.2,1.0,0.5,5.0,0.2,0.0,1.0,0.2,0.0,2.0,2.0,0.75,1.0,0.2,1.0,0.0,,0.2,0.0,0.0,0.5,0.5,0.1,0.0,0.0,0.0,1.0,0.1,,0.0,0.0,0.0,1.0,0.0,0.0,2.0,1.0,4.0,0.5,0.5,0.0,0.0,4.0,2.0,1.0,2.0,1.0,0.45,0.333,0.0,5.0,0.0,0.0,0.0,0.333,0.0,1.0,2.0,5.0,0.2,0.0,0.0,0.0,0.0,2.0,0.0,0.0,0.0,1.0,0.0,0.0,0.0,3.0,1.0,0.0,0.0,G-F,43.0,29.0,0.358,0.674,0.593,0.081,2.0,0.0,0.0,0.0,0.0,0.0,0.0,4.0,1.0,0.0,0.0,1.0,0.0,0.0,0.0,0.0,2.0,1.0,0.0,2.0,1.0,0.0,0.0,1.0,0.0,CLE,1.0,1.0,6.0,0.25,4.0,1.0,0.417,2.0,2016,21501220,,CLE,DET,20160413.0,2015-16,False,CLE,DET,,,1.0,3.0,4.0,0.75,0.456,0.294,0.5,2.0,2.0,1.0,0.437,0.564,0.5,1.0,2.0,0.5,0.467,0.034,0.25,1.0,1.0,1.0,0.667,0.333,0.25,1.0,1.0,1.0,0.556,0.444,0.5,2.0,2.0,1.0,0.419,0.582,,,43.0,1.0,1.0,1.0,1.0,0.0,0.0,0.0,2.0,2.0,0.0,0.0,0.0,0.0,0.0,0.0,0.0,0.0,,,35.75,13220.0,2.5,1.39,1.11,4.19,4.66,3.73,,,,,,,,,,,,,,,,,,,,,,,
2592,James Jones,James,1610612739,CLE,35.0,1,0,1,0.0,1.5666666666666669,0,0,0.0,0,0,0.0,0,0,0.0,0,2,2,0,0,0,0,0,0,0,0,0,2.4,0,0,2.0,1,53,53,53,101,89,100,89,43,69,43,50,51,50,50,60,71,75,72,59,26,1,1,70,90,47,97,11,1,96,,1,0.4,0.0,66.7,50.0,66.7,0.571,1.0,97,0.0,4,0.0,1,1,1,0.0,58,102.13,89,50.0,51,91.91,1,50,0.0,100,0.0,6,122.55,50.0,50.0,50,90,0.0,92,122.55,89,0.0,1,0.0,0.0,0.0,0.0,87,2,51,75,2,100,100,75,97,0.0,0.0,1,0.0,0.0,0.0,0.0,0.0,3.0,0.0,0.0,1.0,0.0,0.0,0.0,0.0,0.0,0.0,0.0,0.0,0.0,0.0,0.0,0.0,0.0,0.0,0.0,0.0,0.0,0.0,0.0,0.0,3.0,0.0,0.1,0.0,0.0,1.41,0.0,0.0,1.0,0.0,0.67,0.0,3.7,1.0,3.7,2.0,0.0,2.0,0.0,0.0,0.0,2.0,1.0,0.0,0.0,2.0,0.0,0.0,0.0,0.0,2.0,0.0,2.0,0.0,0.0,,,,,,,,,,,,,,,,,,,,,,,,,,,,,,,,,,,,,,,,,,,,,,,,,,,,,,,,0.0,,0.0,,,,,0.0,0.0,0.0,0.0,0.0,0.0,0.0,0.0,0.0,0.0,,,0.0,,0.0,0.0,0.0,0.0,,,,,0.0,0.0,,,0.0,,,,0.0,0.0,0.0,0.0,G-F,23.0,14.0,0.411,0.609,0.585,0.024,0.0,0.0,,0.0,,,,0.0,0.0,0.0,,,,,0.0,0.0,,0.0,0.0,,0.0,,,0.0,0.0,CLE,0.0,0.0,0.0,,,,,0.0,2016,21500438,,GSW,CLE,20151225.0,2015-16,False,CLE,GSW,,,,,,,,,,,,,,,,,,,,,,,,,,,,,,,,,,,,,,,,,3.0,0.0,0.0,0.0,0.0,0.0,0.0,0.0,0.0,0.0,0.0,0.0,0.0,0.0,0.0,0.0,0.0,0.0,,,1.57,694.0,0.13,0.09,0.04,3.82,5.67,0.0,,,,,,,,,,,,,,,,,,,,,,,
2592,James Jones,James,1610612739,CLE,35.0,1,1,0,1.0,1.4666666666666666,0,0,0.0,0,0,0.0,0,0,0.0,0,1,1,0,0,0,0,0,0,0,0,-4,1.2,0,0,1.0,1,1,1,1,266,234,257,234,114,176,114,152,161,152,132,190,207,183,187,128,87,1,1,198,243,174,259,21,2,261,,1,0.5,0.0,100.0,75.0,203.5,0.091,1.0,234,0.0,4,0.0,27,1,2,0.0,137,95.45,234,75.0,270,105.38,133,269,0.0,262,0.0,270,114.55,233.3,233.3,132,243,0.0,93,114.55,234,0.0,1,-158.3,-103.5,0.0,0.0,112,269,270,183,269,262,257,183,234,-158.3,0.0,27,0.0,0.0,0.0,0.0,0.0,4.0,0.0,0.0,1.0,0.0,0.0,0.0,0.0,0.0,0.0,0.0,0.0,0.0,0.0,0.0,0.0,0.0,0.0,0.0,0.0,0.0,0.0,0.0,0.0,5.0,0.0,0.1,0.0,0.0,1.36,0.0,0.0,0.0,0.0,0.2,0.0,8.5,0.0,8.5,1.0,0.0,0.0,0.0,0.0,0.0,0.0,0.0,0.0,0.0,1.0,0.0,0.0,0.0,0.0,0.0,0.0,0.0,0.0,0.0,,,,,,,,,,,,,,,,,,,,,,,,,,,,,,,,,,,,,,,,,,,,,,,,,,,,,,,,0.0,,0.0,,,,,0.0,0.0,0.0,0.0,0.0,0.0,0.0,0.0,0.0,0.0,0.0,,,0.0,0.0,0.0,0.0,0.0,,0.0,,,0.0,0.0,0.0,0.0,0.0,,0.0,,,,0.0,0.0,G-F,2.0,1.0,0.5,0.5,0.6,-0.1,,0.0,,0.0,,,,0.0,,0.0,,0.0,,,,0.0,0.0,0.0,0.0,0.0,0.0,,,0.0,,CLE,,,0.0,,,,,0.0,2016,21500021,,CLE,MIA,20151030.0,2015-16,False,CLE,MIA,,,1.0,1.0,1.0,1.0,0.613,0.387,,,,,,,1.0,1.0,1.0,1.0,0.613,0.387,,,,,,,1.0,1.0,1.0,1.0,0.648,0.352,,,,,,,,,5.0,0.0,0.0,0.0,0.0,0.0,0.0,0.0,0.0,0.0,0.0,0.0,0.0,0.0,0.0,0.0,0.0,0.0,,,1.47,622.0,0.12,0.08,0.03,4.07,5.7,0.0,,,,,,,,,,,,,,,,,,,,,,,
2592,James Jones,James,1610612739,CLE,35.0,1,1,0,1.0,18.371666666666663,5,10,0.5,4,8,0.5,1,2,0.5,0,1,1,0,1,1,0,0,4,1,15,3,18.2,0,0,22.0,1,1,1,1,156,52,69,68,8,9,38,76,61,78,120,164,179,163,97,50,78,1,206,103,47,72,106,16,1,85,,100,0.029,10.0,94.2,91.9,82.9,0.136,0.048,172,8.3,37,0.0,106,194,193,0.689,122,80.56,52,91.9,75,95.99,71,64,0.0,26,0.0,27,96.67,83.8,83.8,120,50,5.0,106,96.67,42,0.0,99,8.1,11.3,0.296,0.7,159,33,75,163,33,27,69,163,172,8.1,0.286,106,8.4,0.0,0.0,0.0,0.0,24.0,0.0,0.0,29.0,0.0,0.0,1.0,0.0,0.0,0.0,0.0,0.0,0.0,0.0,0.0,0.0,1.0,0.0,0.0,0.0,0.0,0.0,0.0,0.0,37.0,15.0,0.7,0.0,0.0,1.18,0.0,0.0,27.0,0.405,0.24,0.0,10.2,2.0,10.2,1.0,1.0,0.333,1.0,0.0,0.0,1.0,3.0,0.0,0.0,1.0,0.0,0.0,0.0,0.0,0.5,1.0,0.5,0.0,0.0,,,,,,,,,,,,,,,,,1.0,0.1,0.0,1.0,0.0,1.0,0.1,1.0,1.0,,1.0,1.0,0.0,3.0,2.0,0.5,1.0,0.3,1.0,0.0,0.0,0.2,0.1,1.0,0.333,0.5,0.6,3.0,0.0,0.0,6.0,0.6,,0.5,0.75,0.0,6.0,0.5,3.0,1.0,2.0,3.0,0.5,0.333,0.5,1.0,3.0,0.0,0.0,0.0,0.0,0.7,0.571,0.0,11.0,0.0,0.5,,0.5,0.5,0.0,0.0,6.0,0.5,0.0,1.0,0.0,0.0,0.0,0.0,1.0,2.0,3.0,,2.0,,2.0,1.0,0.0,0.0,G-F,22.0,14.0,0.415,0.636,0.581,0.056,1.0,0.4,,0.0,0.0,,,5.0,0.0,0.0,,0.0,,,1.0,2.0,0.0,3.0,0.0,0.0,0.667,0.0,0.0,2.0,1.0,CLE,0.0,1.0,7.0,0.5,6.0,3.0,0.786,4.0,2016,21500334,,ORL,CLE,20151211.0,2015-16,False,CLE,ORL,,,1.0,2.0,4.0,0.5,0.468,0.032,,,,,,,1.0,2.0,4.0,0.5,0.487,0.013,0.25,1.0,1.0,1.0,0.565,0.435,0.5,1.0,2.0,0.5,0.536,-0.036,0.5,1.0,2.0,0.5,0.477,0.023,,,37.0,0.0,0.0,0.0,0.0,0.0,0.0,0.0,0.0,0.0,0.0,0.0,0.0,0.0,0.0,0.0,0.0,0.0,,,18.37,7129.0,1.35,0.76,0.59,4.59,5.02,4.13,,,,,,,,,,,,,,,,,,,,,,,
2592,James Jones,James,1610612739,CLE,35.0,1,1,0,1.0,12.583333333333334,1,6,0.167,1,4,0.25,0,0,0.0,2,2,4,2,1,0,0,0,1,0,3,-4,9.8,0,0,10.0,1,1,1,1,172,149,106,187,47,33,75,120,126,120,23,107,83,63,88,107,62,1,40,165,163,141,154,17,1,148,,114,0.125,6.0,89.7,96.0,118.4,0.022,0.154,136,11.1,25,0.105,187,83,53,0.25,25,76.29,149,96.0,174,96.13,169,179,2.0,63,0.25,175,91.55,121.7,121.7,32,181,1.0,160,91.55,170,22.2,114,-25.7,-28.8,0.228,0.25,159,182,174,35,182,54,106,58,136,-25.7,0.233,187,11.1,2.0,0.0,0.136,5.0,22.0,0.091,1.0,21.0,3.0,0.0,0.0,0.0,0.0,0.0,0.0,0.0,0.0,0.0,0.0,0.0,0.0,0.0,0.0,0.0,0.0,0.0,0.0,1.0,30.0,3.0,0.6,0.0,0.0,1.12,0.0,0.0,22.0,0.1,0.27,2.0,13.3,3.0,9.7,1.0,0.0,0.8,0.0,0.5,1.0,0.667,5.0,1.0,1.0,2.0,0.0,1.0,1.0,0.5,0.8,2.0,0.667,0.5,16.8,,,,,,,,,,,,,,,,,0.0,0.0,1.0,,0.167,0.0,0.167,1.0,0.0,0.0,0.0,0.0,0.0,3.0,1.0,0.5,1.0,0.5,1.0,0.0,0.0,0.167,0.333,2.0,0.333,1.0,0.333,0.0,0.0,0.0,2.0,0.333,,0.0,0.0,0.0,2.0,0.0,0.0,0.0,0.0,0.0,0.0,0.0,,0.0,2.0,0.0,0.0,0.0,0.0,0.25,0.25,0.0,3.0,0.0,0.0,,0.0,0.0,0.0,0.0,4.0,0.25,0.0,0.0,0.0,0.0,0.0,0.0,0.0,0.0,1.0,,0.0,,2.0,0.0,0.0,0.0,G-F,5.0,4.0,0.455,0.8,0.588,0.212,1.0,0.0,,0.0,,,,2.0,0.0,0.0,,0.0,,,0.0,0.0,0.0,3.0,0.0,0.0,0.333,,,1.0,0.0,CLE,0.0,0.0,4.0,0.25,4.0,1.0,0.375,1.0,2016,21500078,,CLE,PHI,20151106.0,2015-16,False,CLE,PHI,,,1.0,1.0,2.0,0.5,0.453,0.048,0.5,0.0,1.0,0.0,0.38,-0.38,0.5,1.0,1.0,1.0,0.511,0.489,0.5,1.0,1.0,1.0,0.643,0.357,0.5,1.0,1.0,1.0,0.583,0.417,0.5,0.0,1.0,0.0,0.369,-0.369,,,30.0,0.0,0.0,0.0,0.0,0.0,0.0,0.0,0.0,0.0,0.0,0.0,0.0,0.0,0.0,0.0,0.0,0.0,,,12.58,4697.0,0.89,0.5,0.39,4.31,4.37,4.24,,,,,,,,,,,,,,,,,,,,,,,
2592,James Jones,James,1610612739,CLE,35.0,1,0,1,0.0,11.216666666666669,3,5,0.6,1,3,0.333,1,1,1.0,0,0,0,1,1,0,0,0,4,1,8,-4,8.5,0,0,10.0,1,110,110,110,185,104,129,44,63,62,71,91,108,1,101,186,195,105,67,101,64,1,175,104,108,137,166,22,1,154,,155,0.0,5.0,121.0,120.8,127.1,0.034,0.0,43,14.3,24,0.0,16,186,195,0.735,63,87.37,104,120.8,141,106.81,167,127,1.0,41,0.167,180,104.84,132.0,132.0,101,47,3.0,4,104.84,42,14.3,157,-11.2,-6.1,0.258,0.7,44,196,141,71,196,52,129,101,43,-11.2,0.24,16,13.4,1.0,0.0,0.167,2.0,6.0,0.167,0.0,9.0,1.0,0.0,0.0,0.0,0.0,0.0,0.0,0.0,0.0,0.0,0.0,0.0,0.0,0.0,0.0,0.0,0.0,0.0,0.0,0.0,12.0,8.0,0.3,0.0,0.0,1.58,0.0,0.0,9.0,0.667,0.58,,,,,,,,,,,,,,,,,,,,,,,,,,,,,,,,,,,,,,,,,1.0,0.2,0.0,1.0,0.0,1.0,0.2,1.0,1.0,,1.0,1.0,0.0,2.0,2.0,0.75,1.0,0.4,1.0,0.0,,0.4,0.0,0.0,0.5,0.5,0.4,0.0,1.0,0.2,1.0,0.2,1.0,0.0,0.5,1.0,2.0,0.5,1.0,1.0,0.0,2.0,1.0,1.0,,0.0,1.0,0.0,0.0,0.0,0.0,0.7,0.333,0.0,3.0,0.0,0.0,,1.0,0.0,0.0,0.0,3.0,0.333,0.0,0.0,0.0,0.0,0.0,0.0,0.0,0.0,1.0,,0.0,,2.0,2.0,0.0,0.0,G-F,26.0,16.0,0.356,0.615,0.588,0.027,1.0,0.0,,0.0,,,,1.0,1.0,0.0,,0.0,,,1.0,0.0,0.0,2.0,0.0,0.0,0.5,,,1.0,1.0,CLE,1.0,1.0,3.0,0.333,3.0,1.0,0.5,1.0,2016,21500622,,CLE,GSW,20160118.0,2015-16,False,CLE,GSW,,,1.0,3.0,3.0,1.0,0.481,0.519,0.667,2.0,2.0,1.0,0.403,0.597,0.333,1.0,1.0,1.0,0.521,0.479,0.333,1.0,1.0,1.0,0.585,0.415,0.333,1.0,1.0,1.0,0.541,0.459,0.667,2.0,2.0,1.0,0.399,0.601,,,12.0,0.0,0.0,0.0,0.0,0.0,0.0,0.0,0.0,0.0,0.0,0.0,0.0,0.0,0.0,0.0,0.0,0.0,,,11.22,4075.0,0.77,0.43,0.35,4.27,4.25,3.23,,,,,,,,,,,,,,,,,,,,,,,
2592,James Jones,James,1610612739,CLE,35.0,1,1,0,1.0,16.685,0,3,0.0,0,3,0.0,0,0,0.0,0,1,1,0,0,1,0,0,1,0,0,-5,4.2,0,0,3.0,1,1,1,1,164,200,184,200,99,56,99,120,130,120,114,156,177,160,150,35,71,1,60,165,209,155,206,24,2,212,,1,0.032,3.0,78.4,78.1,97.2,-0.047,0.077,206,0.0,32,0.0,194,149,187,0.0,110,76.72,200,78.1,171,90.28,219,177,0.0,221,0.0,93,92.06,93.8,93.8,114,209,0.0,196,92.06,200,0.0,1,-15.6,-18.7,0.091,0.0,209,69,171,160,69,221,184,160,206,-15.6,0.088,194,0.0,1.0,0.0,0.0,0.0,21.0,0.0,0.0,16.0,0.0,0.0,0.0,0.0,0.0,0.0,0.0,0.0,0.0,0.0,0.0,0.0,0.0,0.0,0.0,0.0,0.0,0.0,0.0,0.0,25.0,0.0,0.6,0.0,0.0,1.32,0.0,0.0,16.0,0.0,0.24,0.0,14.8,4.0,14.8,1.0,1.0,0.25,1.0,0.0,0.0,0.333,4.0,0.0,0.0,1.0,0.0,0.0,0.0,0.0,0.333,0.0,0.25,0.0,0.0,,,,,,,,,,,,,,,,,,,,,,,,,,,,,,,,,,,,,,,,,,,1.0,0.0,0.0,0.0,3.0,1.0,,0.0,0.0,0.0,3.0,0.0,0.0,0.0,0.0,0.0,,,,0.0,0.0,0.0,0.0,0.0,0.0,0.0,0.0,0.0,0.0,0.0,0.0,0.0,0.0,0.0,0.0,0.0,2.0,0.0,1.0,0.0,0.0,0.0,0.0,0.0,0.0,0.0,0.0,0.0,1.0,0.0,0.0,0.0,0.0,0.0,G-F,29.0,19.0,0.372,0.655,0.588,0.068,0.0,0.0,,0.0,,,0.0,0.0,0.0,0.0,0.0,0.0,,0.0,0.0,0.0,0.0,3.0,0.0,0.0,0.0,,,0.0,0.0,CLE,0.0,0.0,3.0,0.0,3.0,0.0,0.0,0.0,2016,21500631,,BKN,CLE,20160120.0,2015-16,False,CLE,BKN,,,1.0,4.0,5.0,0.8,0.454,0.346,,,,,,,1.0,4.0,5.0,0.8,0.477,0.323,0.6,3.0,3.0,1.0,0.583,0.417,0.6,3.0,3.0,1.0,0.532,0.468,0.2,1.0,1.0,1.0,0.347,0.653,,,25.0,0.0,0.0,0.0,0.0,0.0,0.0,0.0,0.0,0.0,0.0,0.0,0.0,0.0,0.0,0.0,0.0,0.0,,,16.68,5733.0,1.09,0.64,0.45,3.96,4.09,3.05,,,,,,,,,,,,,,,,,,,,,,,
2592,James Jones,James,1610612739,CLE,35.0,1,0,1,0.0,13.833333333333334,0,3,0.0,0,3,0.0,0,0,0.0,0,0,0,0,1,1,0,0,1,0,0,0,2.0,0,0,2.0,1,60,60,60,95,101,90,101,50,33,50,67,68,67,63,109,111,85,47,19,33,1,18,85,105,52,110,13,1,109,,107,0.0,3.0,79.9,81.5,82.2,-0.129,0.0,108,25.0,27,0.0,113,109,111,0.0,59,76.63,101,81.5,67,94.17,119,64,0.0,82,0.0,13,91.95,84.6,84.6,63,105,0.0,101,91.95,101,0.0,106,-3.1,-2.3,0.14,0.0,107,13,67,85,13,82,90,85,108,-3.1,0.138,113,25.0,2.0,0.0,0.0,0.0,9.0,0.0,0.0,8.0,0.0,0.0,0.0,0.0,0.0,0.0,0.0,0.0,0.0,0.0,0.0,0.0,0.0,0.0,0.0,0.0,0.0,0.0,0.0,0.0,13.0,0.0,0.3,0.0,0.0,1.21,0.0,0.0,8.0,0.0,0.15,,,,,,,,,,,,,,,,,,,,,,,,,,,,,,,,,,,,,,,,,0.0,0.0,1.0,,0.333,0.0,0.333,1.0,0.0,0.0,0.0,0.0,0.0,1.0,1.0,0.0,0.0,0.333,0.0,0.0,,0.333,0.0,0.0,0.0,0.0,0.333,0.0,0.0,0.0,1.0,0.333,,0.0,0.0,0.0,1.0,0.0,0.0,0.0,0.0,0.0,,,,0.0,0.0,0.0,0.0,0.0,0.0,0.0,0.0,0.0,0.0,0.0,0.0,0.0,0.0,0.0,0.0,0.0,1.0,0.0,1.0,0.0,0.0,0.0,0.0,0.0,0.0,1.0,0.0,0.0,2.0,0.0,0.0,0.0,0.0,0.0,G-F,17.0,11.0,0.415,0.647,0.58,0.067,0.0,0.0,,0.0,,,0.0,0.0,0.0,0.0,0.0,0.0,,0.0,0.0,0.0,0.0,3.0,0.0,0.0,0.0,,,0.0,0.0,CLE,0.0,0.0,3.0,0.0,3.0,0.0,0.0,0.0,2016,21500262,,CLE,WAS,20151201.0,2015-16,False,CLE,WAS,,,1.0,2.0,6.0,0.333,0.453,-0.12,0.5,0.0,3.0,0.0,0.387,-0.387,0.5,2.0,3.0,0.667,0.507,0.16,0.333,1.0,2.0,0.5,0.616,-0.116,0.333,1.0,2.0,0.5,0.574,-0.074,0.667,1.0,4.0,0.25,0.387,-0.137,,,13.0,0.0,0.0,0.0,0.0,0.0,0.0,0.0,0.0,0.0,0.0,0.0,0.0,0.0,0.0,0.0,0.0,0.0,,,13.83,5251.0,0.99,0.48,0.51,4.36,4.88,3.94,,,,,,,,,,,,,,,,,,,,,,,
2592,James Jones,James,1610612739,CLE,35.0,1,0,1,0.0,8.616666666666667,0,0,0.0,0,0,0.0,0,2,0.0,0,2,2,0,0,0,0,0,1,1,0,-4,2.4,0,0,2.0,1,13,13,13,19,22,24,22,11,16,11,13,5,13,14,8,14,15,19,14,9,1,6,11,22,15,24,1,1,24,,1,0.125,0.0,86.2,83.3,103.7,-0.074,0.286,18,0.0,18,0.0,7,2,6,0.0,13,83.56,22,83.3,15,99.49,24,13,0.0,25,0.0,15,100.27,105.6,105.6,14,22,0.0,10,100.27,22,0.0,1,-22.2,-17.5,0.045,0.0,15,16,15,15,16,25,24,15,18,-22.2,0.05,7,0.0,0.0,0.0,0.0,0.0,8.0,0.0,0.0,4.0,0.0,0.0,0.0,0.0,0.0,0.0,0.0,0.0,0.0,0.0,0.0,0.0,0.0,0.0,0.0,0.0,0.0,0.0,0.0,0.0,9.0,0.0,0.2,0.0,0.0,1.12,0.0,0.0,3.0,0.0,0.22,0.0,10.0,3.0,10.0,2.0,0.0,0.5,0.0,0.0,0.0,0.667,4.0,0.0,0.0,2.0,0.0,0.0,0.0,0.0,0.5,1.0,0.667,0.0,0.0,,,,,,,,,,,,,,,,,,,,,,,,,,,,,,,,,,,,,,,,,,,,,,,,,,,,,,,,0.0,,0.0,,,,,0.0,0.0,0.0,0.0,0.0,0.0,0.0,0.0,0.0,0.0,0.0,0.0,0.0,0.0,0.0,0.0,0.0,0.0,,0.0,,,0.0,0.0,0.0,0.0,0.0,0.0,0.0,0.0,0.0,0.0,0.0,0.0,G-F,4.0,2.0,0.286,0.5,0.576,-0.076,0.0,0.0,,0.0,0.0,,0.0,0.0,0.0,0.0,0.0,0.0,,0.0,0.0,0.0,0.0,0.0,0.0,0.0,0.0,0.0,0.0,0.0,0.0,CLE,0.0,0.0,0.0,,,,,0.0,2016,41500402,,GSW,CLE,20160605.0,2015-16,True,CLE,GSW,1610612744.0,CLE_GSW_2016,1.0,2.0,5.0,0.4,0.457,-0.057,0.2,1.0,1.0,1.0,0.4,0.6,0.8,1.0,4.0,0.25,0.486,-0.236,,,,,,,0.2,0.0,1.0,0.0,0.434,-0.434,0.4,2.0,2.0,1.0,0.417,0.583,,,9.0,0.0,0.0,0.0,0.0,0.0,0.0,0.0,0.0,0.0,0.0,0.0,0.0,0.0,0.0,0.0,0.0,0.0,,,8.62,2979.0,0.56,0.24,0.32,4.18,4.15,3.15,4.0,3.0,1.0,0.0,0.0,0.0,0.0,0.0,0.0,0.0,0.0,0.0,0.0,0.0,0.0,0.0,0.0,0.0,0.0,0.0,0.0,,
2592,James Jones,James,1610612739,CLE,35.0,1,0,1,0.0,5.133333333333334,2,3,0.667,1,1,1.0,0,0,0.0,0,0,0,0,0,0,1,0,0,1,5,4,8.0,0,0,8.0,1,89,89,89,157,100,137,23,40,92,1,102,107,102,90,146,154,122,113,80,17,1,1,81,113,55,135,10,1,133,,1,0.0,3.0,125.6,122.2,87.5,0.265,0.0,36,0.0,9,0.0,165,146,154,0.833,91,70.13,100,122.2,4,78.36,6,7,0.0,8,0.0,24,84.16,77.8,77.8,90,12,2.0,168,84.16,12,0.0,1,44.4,38.1,0.342,0.833,29,9,4,122,9,8,137,122,36,44.4,0.333,165,0.0,0.0,0.0,0.0,0.0,4.0,0.0,0.0,6.0,0.0,0.0,1.0,2.0,1.0,0.0,0.0,0.0,0.0,0.0,0.0,0.0,1.0,0.0,0.0,1.0,0.0,2.0,0.0,0.0,7.0,5.0,0.1,0.0,0.0,1.09,0.0,0.0,6.0,0.714,0.57,,,,,,,,,,,,,,,,,,,,,,,,,1.0,0.0,1.0,0.333,0.0,0.0,1.0,1.0,1.0,,1.0,0.333,1.0,1.0,,,1.0,0.333,0.0,0.0,0.0,0.0,0.333,1.0,0.0,,0.0,0.0,0.0,1.0,1.0,1.5,1.0,0.333,1.0,0.0,,0.333,0.0,0.0,1.0,1.0,,,,,,,,,,,,,,1.0,0.0,2.0,1.0,1.0,,0.0,1.0,0.0,0.0,0.0,0.0,0.833,0.5,0.0,3.0,0.0,1.0,,0.5,,0.0,0.0,0.0,0.0,1.0,1.0,1.0,1.0,0.0,0.0,,,0.0,,1.0,,2.0,1.0,0.0,0.0,G-F,42.0,28.0,0.365,0.667,0.591,0.075,1.0,0.0,,0.0,,,,0.0,0.0,0.0,,,,,1.0,0.0,,2.0,0.0,,0.5,,,1.0,1.0,CLE,0.0,0.0,2.0,1.0,1.0,1.0,0.75,1.0,2016,21501165,,IND,CLE,20160406.0,2015-16,False,CLE,IND,,,1.0,0.0,2.0,0.0,0.472,-0.472,,,,,,,1.0,0.0,2.0,0.0,0.49,-0.49,,,,,,,,,,,,,0.5,0.0,1.0,0.0,0.394,-0.394,,,7.0,0.0,0.0,0.0,0.0,0.0,0.0,0.0,0.0,0.0,0.0,0.0,0.0,0.0,0.0,0.0,0.0,0.0,,,5.13,1810.0,0.34,0.18,0.16,3.5,5.61,4.0,,,,,,,,,,,,,,,,,,,,,,,
2592,James Jones,James,1610612739,CLE,35.0,1,1,0,1.0,0.1833333333333333,0,0,0.0,0,0,0.0,0,0,0.0,0,0,0,0,0,0,0,0,0,0,0,2,0.0,0,0,0.0,1,1,1,1,101,84,96,84,46,66,46,53,55,53,55,86,91,78,67,52,30,1,1,67,85,38,97,7,1,98,,1,0.0,0.0,227.3,200.0,0.0,0.0,0.0,1,0.0,1,0.0,1,86,91,0.0,57,109.09,84,200.0,1,115.2,80,1,0.0,98,0.0,1,130.91,0.0,0.0,55,85,0.0,1,130.91,84,0.0,1,200.0,227.3,0.0,0.0,1,1,1,78,1,98,96,78,1,200.0,0.0,1,0.0,0.0,,0.0,0.0,0.0,0.0,0.0,0.0,0.0,0.0,0.0,0.0,0.0,0.0,0.0,0.0,0.0,0.0,0.0,0.0,0.0,0.0,0.0,0.0,0.0,0.0,0.0,0.0,0.0,0.0,0.0,0.0,0.0,0.0,0.0,0.0,0.0,0.0,0.0,,,,,,,,,,,,,,,,,,,,,,,,,,,,,,,,,,,,,,,,,,,,,,,,,,,,,,,,,,,,,,,,,,,,,,,,,,,,,,,,0.0,,0.0,,,,,0.0,0.0,0.0,0.0,0.0,0.0,0.0,0.0,0.0,0.0,,,,,,,0.0,0.0,,,,,,,,,0.0,,,,,,,,G-F,24.0,15.0,0.375,0.625,0.587,0.038,,,,,0.0,,,,,,,,,,,,,,,,,0.0,0.0,,,CLE,,,0.0,,,,,0.0,2016,21500473,,DEN,CLE,20151229.0,2015-16,False,CLE,DEN,,,,,,,,,,,,,,,,,,,,,,,,,,,,,,,,,,,,,,,,,0.0,0.0,0.0,0.0,0.0,0.0,0.0,0.0,0.0,0.0,0.0,0.0,0.0,0.0,0.0,0.0,0.0,0.0,,,0.18,26.0,0.0,0.0,,0.0,0.0,0.0,,,,,,,,,,,,,,,,,,,,,,,
2592,James Jones,James,1610612739,CLE,35.0,1,0,1,0.0,13.733333333333333,1,2,0.5,1,2,0.5,1,3,0.333,0,3,3,1,0,2,0,0,4,1,4,-3,15.1,0,0,13.0,1,77,77,77,111,100,122,48,39,53,23,62,43,77,75,58,79,61,96,9,49,1,122,71,98,82,89,9,2,90,,1,0.094,2.0,76.7,74.1,82.6,0.12,0.176,123,0.0,27,0.0,99,48,63,0.602,72,78.64,100,74.1,97,94.23,50,88,0.0,119,0.167,21,94.37,85.2,85.2,75,50,1.0,92,94.37,16,25.0,1,-11.1,-5.9,0.127,0.75,122,24,97,49,24,122,122,31,123,-11.1,0.111,99,0.0,1.0,0.0,0.043,3.0,23.0,0.043,0.0,13.0,1.0,0.0,0.0,0.0,0.0,0.0,0.0,0.0,0.0,0.0,0.0,0.0,0.0,0.0,0.0,0.0,0.0,0.0,1.0,1.0,27.0,4.0,0.7,0.0,0.0,1.46,0.0,0.0,13.0,0.148,0.3,1.0,4.8,6.0,4.8,2.0,0.0,0.429,0.0,0.0,0.0,0.5,7.0,0.0,0.0,2.0,0.0,1.0,0.0,0.333,0.429,1.0,0.5,0.333,0.0,,,,,,,,,,,,,,,,,,,,,,,,,,,,,,2.0,2.0,0.75,1.0,1.0,1.0,0.0,,1.0,0.0,0.0,0.5,0.5,,,,,,,,,,,,,,0.0,0.0,0.0,,,,0.0,0.0,0.0,0.0,0.0,0.0,0.75,0.5,0.0,3.0,0.0,0.0,0.0,0.0,0.0,0.0,0.0,2.0,0.5,0.0,0.0,0.0,0.0,0.0,0.0,0.0,0.0,1.0,0.0,0.0,0.0,0.0,0.0,0.0,0.0,G-F,6.0,5.0,0.333,0.833,0.578,0.255,0.0,0.5,,0.0,,,0.0,2.0,0.0,0.0,0.0,0.0,,0.0,0.0,1.0,0.0,0.0,0.0,0.0,0.0,,,0.0,0.0,CLE,0.0,0.0,2.0,0.5,2.0,1.0,0.75,1.0,2016,21500160,,DET,CLE,20151117.0,2015-16,False,CLE,DET,,,1.0,0.0,2.0,0.0,0.4,-0.4,0.5,0.0,1.0,0.0,0.1,-0.1,0.5,0.0,1.0,0.0,0.469,-0.469,,,,,,,0.5,0.0,1.0,0.0,0.543,-0.543,0.5,0.0,1.0,0.0,0.263,-0.263,,,27.0,0.0,0.0,0.0,0.0,0.0,0.0,0.0,0.0,0.0,0.0,0.0,0.0,0.0,0.0,0.0,0.0,0.0,,,13.73,5129.0,0.97,0.5,0.47,4.4,4.78,4.06,,,,,,,,,,,,,,,,,,,,,,,
2592,James Jones,James,1610612739,CLE,35.0,1,1,0,1.0,1.8666666666666667,0,0,0.0,0,0,0.0,0,0,0.0,0,0,0,0,0,0,0,0,0,0,0,-1,0.0,0,0,0.0,1,1,1,1,22,15,18,15,9,16,9,10,11,10,12,18,19,12,16,12,11,1,1,15,16,11,20,3,1,20,,1,0.0,0.0,0.0,0.0,53.2,0.0,0.0,20,0.0,3,0.0,22,18,19,0.0,10,53.57,15,0.0,20,49.89,16,20,0.0,21,0.0,3,64.29,50.0,50.0,12,16,0.0,22,64.29,15,0.0,1,-50.0,-53.2,0.0,0.0,20,2,20,12,2,21,18,12,20,-50.0,0.0,22,0.0,0.0,0.0,0.0,0.0,2.0,0.0,0.0,1.0,0.0,0.0,0.0,0.0,0.0,0.0,0.0,0.0,0.0,0.0,0.0,0.0,0.0,0.0,0.0,0.0,0.0,0.0,0.0,0.0,3.0,0.0,0.4,0.0,0.0,8.37,0.0,0.0,2.0,0.0,0.0,,,,,,,,,,,,,,,,,,,,,,,,,,,,,,,,,,,,,,,,,,,,,,,,,,,,,,,,,,,,,,,,,,,,,,,,,,,,,,,,0.0,,0.0,,,,,0.0,0.0,0.0,0.0,0.0,0.0,0.0,0.0,0.0,0.0,0.0,,,0.0,0.0,0.0,0.0,0.0,,0.0,,,0.0,0.0,0.0,0.0,0.0,,0.0,,,,0.0,0.0,G-F,5.0,2.0,0.294,0.4,0.583,-0.183,,0.0,,0.0,,,,0.0,0.0,0.0,,0.0,,,,0.0,0.0,0.0,0.0,0.0,0.0,,,0.0,,CLE,0.0,0.0,0.0,,,,,0.0,2016,41500405,,GSW,CLE,20160613.0,2015-16,True,CLE,GSW,1610612744.0,CLE_GSW_2016,1.0,0.0,1.0,0.0,0.485,-0.485,,,,,,,1.0,0.0,1.0,0.0,0.538,-0.538,1.0,0.0,1.0,0.0,0.609,-0.609,1.0,0.0,1.0,0.0,0.564,-0.564,,,,,,,,,3.0,0.0,0.0,0.0,0.0,0.0,0.0,0.0,0.0,0.0,0.0,0.0,0.0,0.0,0.0,0.0,0.0,0.0,,,1.87,504.0,0.1,0.06,0.04,3.22,5.33,0.0,1.0,1.0,0.0,0.0,0.0,0.0,0.0,0.0,0.0,0.0,0.0,0.0,0.0,0.0,0.0,0.0,0.0,0.0,0.0,0.0,0.0,,
2592,James Jones,James,1610612739,CLE,35.0,1,0,1,0.0,1.6333333333333333,0,0,0.0,0,0,0.0,0,0,0.0,0,0,0,0,0,0,0,0,0,1,0,-1,0.0,0,0,0.0,1,10,10,10,19,17,20,17,14,18,14,8,8,8,10,18,18,15,12,6,6,1,1,6,17,11,20,1,1,20,,1,0.0,0.0,150.0,150.0,277.8,0.0,0.0,1,0.0,2,0.0,19,18,18,0.0,11,48.98,17,150.0,19,50.55,16,19,0.0,20,0.0,19,58.78,200.0,200.0,10,17,0.0,19,58.78,17,0.0,1,-50.0,-127.8,0.0,0.0,1,19,19,15,19,20,20,15,1,-50.0,0.0,19,0.0,0.0,0.0,0.0,0.0,2.0,0.0,0.0,2.0,0.0,0.0,0.0,0.0,0.0,0.0,0.0,0.0,0.0,0.0,0.0,0.0,0.0,0.0,0.0,0.0,0.0,0.0,0.0,0.0,2.0,0.0,0.1,0.0,0.0,2.96,0.0,0.0,2.0,0.0,0.5,,,,,,,,,,,,,,,,,,,,,,,,,,,,,,,,,,,,,,,,,,,,,,,,,,,,,,,,,,,,,,,,,,,,,,,,,,,,,,,,0.0,,0.0,,,,,0.0,0.0,0.0,0.0,0.0,0.0,0.0,0.0,0.0,0.0,,,0.0,,,,0.0,0.0,,,,,,,,,0.0,,,,0.0,0.0,,,G-F,2.0,1.0,0.4,0.5,0.591,-0.091,0.0,0.0,,,,,,0.0,,,,,,,0.0,0.0,,0.0,,,0.0,,,0.0,0.0,CLE,,,0.0,,,,,0.0,2016,41500303,,TOR,CLE,20160521.0,2015-16,True,CLE,TOR,1610612761.0,CLE_TOR_2016,,,,,,,,,,,,,,,,,,,,,,,,,,,,,,,,,,,,,,,2.0,0.0,0.0,0.0,0.0,0.0,0.0,0.0,0.0,0.0,0.0,0.0,0.0,0.0,0.0,0.0,0.0,0.0,,,1.63,375.0,0.07,0.03,0.04,3.66,0.0,0.0,0.0,0.0,0.0,0.0,0.0,1.0,3.0,0.0,0.0,0.0,0.0,0.0,0.0,0.0,0.0,0.0,0.0,0.0,0.0,0.0,0.0,,
2592,James Jones,James,1610612739,CLE,35.0,1,1,0,1.0,1.8166666666666669,0,1,0.0,0,1,0.0,0,0,0.0,0,0,0,0,0,0,0,0,0,0,0,-5,0.0,0,0,0.0,1,1,1,1,208,184,190,184,94,107,94,123,128,123,106,185,190,140,138,114,54,1,1,157,190,140,209,12,1,209,,1,0.0,1.0,0.0,0.0,181.2,-0.333,0.0,215,0.0,4,0.0,33,185,190,0.0,103,88.07,184,0.0,216,76.1,218,218,0.0,14,0.0,217,105.69,125.0,125.0,106,190,0.0,217,105.69,184,0.0,1,-125.0,-181.2,0.333,0.0,215,178,216,140,178,47,190,140,215,-125.0,0.25,33,0.0,0.0,0.0,0.0,0.0,1.0,0.0,0.0,2.0,0.0,0.0,0.0,0.0,0.0,0.0,0.0,0.0,0.0,0.0,0.0,0.0,0.0,0.0,0.0,0.0,0.0,0.0,0.0,0.0,2.0,0.0,0.0,0.0,0.0,0.72,0.0,0.0,2.0,0.0,0.0,,,,,,,,,,,,,,,,,,,,,,,,,,,,,,,,,,,,,,,,,,,,,,,,,,,,,,,,,,,,,,,,,,,1.0,0.0,0.0,0.0,1.0,1.0,,0.0,0.0,0.0,1.0,0.0,0.0,0.0,0.0,0.0,,,,0.0,0.0,0.0,0.0,0.0,0.0,0.0,0.0,0.0,0.0,0.0,,,,,0.0,0.0,1.0,0.0,,,,,0.0,0.0,,,0.0,,,,,,0.0,0.0,G-F,33.0,22.0,0.384,0.667,0.589,0.077,,0.0,,0.0,,,,1.0,,0.0,,0.0,,,,0.0,0.0,,0.0,0.0,,,,,,CLE,,,1.0,0.0,1.0,0.0,0.0,0.0,2016,21500845,,CLE,CHA,20160224.0,2015-16,False,CLE,CHA,,,,,,,,,,,,,,,,,,,,,,,,,,,,,,,,,,,,,,,,,2.0,0.0,0.0,0.0,0.0,0.0,0.0,0.0,0.0,0.0,0.0,0.0,0.0,0.0,0.0,0.0,0.0,0.0,,,1.82,590.0,0.11,0.06,0.05,3.3,4.88,10.14,,,,,,,,,,,,,,,,,,,,,,,
2592,James Jones,James,1610612739,CLE,35.0,1,1,0,1.0,7.583333333333333,1,1,1.0,1,1,1.0,2,2,1.0,0,0,0,0,0,0,0,0,1,1,5,1,5.0,0,0,6.0,1,1,1,1,189,146,192,1,40,100,1,63,71,1,111,179,191,152,139,99,76,1,52,94,134,88,186,21,2,177,,1,0.0,1.0,136.9,118.8,126.8,0.116,0.0,53,0.0,16,0.0,94,179,191,1.33,103,79.12,146,118.8,136,88.87,79,71,0.0,175,0.0,179,94.95,128.6,128.6,111,2,1.0,171,94.95,1,0.0,1,-9.8,10.1,0.126,1.5,14,180,136,152,180,178,192,152,53,-9.8,0.118,94,0.0,0.0,0.0,0.0,0.0,9.0,0.0,0.0,7.0,0.0,0.0,0.0,2.0,0.0,1.0,0.0,0.0,2.0,2.0,0.0,0.0,1.0,1.0,1.0,0.0,0.0,2.0,0.0,0.0,11.0,5.0,0.3,0.0,0.0,1.73,0.0,0.0,6.0,0.455,0.82,,,,,,,,,,,,,,,,,,,,,,,,,,,,,,,,,,,,,,,,,,,,,,,,,,,,,,1.0,1.0,1.5,1.0,1.0,1.0,0.0,,1.0,0.0,0.0,1.0,1.0,,,,,,,,,,,,,,0.0,0.0,0.0,,,,0.0,0.0,0.0,0.0,0.0,0.0,1.5,1.0,0.0,3.0,0.0,,,0.0,,0.0,0.0,1.0,1.0,,,,,0.0,0.0,,,1.0,,,,0.0,0.0,0.0,0.0,G-F,25.0,15.0,0.357,0.6,0.588,0.012,0.0,1.0,,0.0,,,,1.0,,0.0,,0.0,,,0.0,1.0,0.0,0.0,0.0,0.0,0.0,,,0.0,0.0,CLE,,,1.0,1.0,1.0,1.0,1.5,1.0,2016,21500511,,CLE,TOR,20160104.0,2015-16,False,CLE,TOR,,,1.0,0.0,2.0,0.0,0.488,-0.488,0.5,0.0,1.0,0.0,0.346,-0.346,0.5,0.0,1.0,0.0,0.566,-0.566,0.5,0.0,1.0,0.0,0.609,-0.609,0.5,0.0,1.0,0.0,0.577,-0.577,0.5,0.0,1.0,0.0,0.352,-0.352,,,11.0,0.0,0.0,0.0,0.0,0.0,0.0,0.0,0.0,0.0,0.0,0.0,0.0,0.0,0.0,0.0,0.0,0.0,,,7.58,2868.0,0.54,0.32,0.23,3.96,4.82,3.11,,,,,,,,,,,,,,,,,,,,,,,
2592,James Jones,James,1610612739,CLE,35.0,1,0,1,0.0,10.8,2,4,0.5,2,3,0.667,1,1,1.0,0,1,1,0,0,0,0,0,0,1,7,7,8.2,0,0,10.0,1,95,95,95,164,110,125,58,20,52,9,70,97,1,95,131,147,142,119,84,59,1,1,91,106,44,140,14,3,133,,1,0.043,4.0,123.3,126.1,96.7,0.13,0.071,26,0.0,23,0.0,41,135,139,0.788,93,83.33,110,126.1,35,102.84,60,26,0.0,88,0.0,48,100.0,100.0,100.0,95,26,2.0,12,100.0,27,0.0,1,26.1,26.6,0.181,0.75,28,59,35,142,59,116,125,142,26,26.1,0.16,41,0.0,3.0,1.0,0.125,3.0,8.0,0.0,0.0,9.0,1.0,0.0,0.0,0.0,0.0,0.0,0.0,0.0,0.0,0.0,0.0,1.0,1.0,0.0,0.0,0.0,1.0,0.0,1.0,0.0,13.0,7.0,0.5,0.0,0.0,2.18,0.0,0.0,9.0,0.538,0.69,0.0,5.2,2.0,5.2,1.0,0.0,0.333,0.0,0.0,0.0,0.5,3.0,0.0,0.0,1.0,0.0,0.0,0.0,0.0,0.333,1.0,0.5,0.0,0.0,0.0,0.0,1.0,0.25,0.0,0.0,0.0,0.0,1.0,,0.0,0.25,0.0,1.0,,,0.0,0.0,2.0,,0.5,2.0,0.5,2.0,1.5,1.0,0.0,1.0,2.0,1.0,1.0,0.0,0.0,0.25,0.0,0.0,,0.25,0.0,0.0,0.0,0.0,,,,,,,,,,,,,,1.0,1.0,3.0,0.75,0.5,1.0,1.0,2.0,0.0,0.0,0.0,0.0,0.75,0.5,0.0,3.0,0.0,0.0,,0.0,0.0,0.0,0.0,3.0,0.667,0.0,0.0,0.0,0.0,0.0,0.0,0.0,0.0,2.0,,0.0,,1.0,0.0,0.0,0.0,G-F,40.0,26.0,0.392,0.65,0.588,0.062,0.0,0.5,,0.0,,,,2.0,0.0,0.0,,0.0,,,0.0,1.0,0.0,1.0,0.0,0.0,1.0,,,1.0,0.0,CLE,0.0,1.0,2.0,0.5,2.0,1.0,0.75,1.0,2016,21501033,,MIA,CLE,20160319.0,2015-16,False,CLE,MIA,,,1.0,2.0,6.0,0.333,0.421,-0.088,0.5,1.0,3.0,0.333,0.306,0.027,0.5,1.0,3.0,0.333,0.5,-0.167,0.5,1.0,3.0,0.333,0.606,-0.273,0.5,1.0,3.0,0.333,0.557,-0.223,0.5,1.0,3.0,0.333,0.33,0.003,,,13.0,0.0,0.0,0.0,0.0,0.0,0.0,0.0,0.0,0.0,0.0,0.0,0.0,0.0,0.0,0.0,0.0,0.0,,,10.8,3936.0,0.75,0.41,0.34,3.9,5.17,2.94,,,,,,,,,,,,,,,,,,,,,,,
2592,James Jones,James,1610612739,CLE,35.0,1,1,0,1.0,3.45,0,1,0.0,0,1,0.0,0,0,0.0,0,0,0,0,0,0,0,0,0,0,0,-5,0.0,0,0,0.0,1,1,1,1,152,143,149,143,66,76,66,86,90,86,74,135,140,109,104,76,46,1,1,112,148,106,157,11,2,157,,1,0.0,1.0,88.8,87.5,177.5,-0.065,0.0,133,0.0,8,0.0,36,135,140,0.0,77,86.96,143,87.5,155,101.84,158,156,0.0,142,0.0,160,104.35,171.4,171.4,74,148,0.0,52,104.35,143,0.0,1,-83.9,-88.7,0.092,0.0,133,162,155,109,162,143,149,109,133,-83.9,0.083,37,0.0,1.0,0.0,0.0,0.0,9.0,0.0,0.0,4.0,0.0,0.0,0.0,0.0,0.0,0.0,0.0,0.0,0.0,0.0,0.0,0.0,0.0,0.0,0.0,0.0,0.0,0.0,1.0,0.0,10.0,0.0,0.2,0.0,0.0,1.11,0.0,0.0,4.0,0.0,0.1,,,,,,,,,,,,,,,,,,,,,,,,,,,,,,,,,,,,,,,,,,,,,,,,,,,,,,,,,,,,,,,,,,,1.0,0.0,0.0,0.0,1.0,1.0,,0.0,0.0,0.0,1.0,0.0,0.0,0.0,0.0,0.0,,,,0.0,0.0,0.0,0.0,0.0,0.0,0.0,0.0,0.0,0.0,0.0,0.0,,0.0,0.0,0.0,0.0,1.0,0.0,,0.0,,,0.0,0.0,0.0,0.0,0.0,,0.0,,0.0,0.0,0.0,0.0,G-F,6.0,5.0,0.429,0.833,0.578,0.255,0.0,0.0,,0.0,,,,0.0,0.0,0.0,,0.0,,,0.0,0.0,0.0,1.0,0.0,0.0,0.0,,,0.0,0.0,CLE,0.0,0.0,1.0,0.0,1.0,0.0,0.0,0.0,2016,21500106,,CLE,UTA,20151110.0,2015-16,False,CLE,UTA,,,1.0,2.0,2.0,1.0,0.391,0.61,,,,,,,1.0,2.0,2.0,1.0,0.443,0.557,0.5,1.0,1.0,1.0,0.527,0.473,0.5,1.0,1.0,1.0,0.469,0.531,,,,,,,,,10.0,0.0,0.0,0.0,0.0,0.0,0.0,0.0,0.0,0.0,0.0,0.0,0.0,0.0,0.0,0.0,0.0,0.0,,,3.45,1550.0,0.29,0.18,0.12,5.32,6.18,4.19,,,,,,,,,,,,,,,,,,,,,,,
2592,James Jones,James,1610612739,CLE,35.0,1,1,0,1.0,3.316666666666667,0,1,0.0,0,1,0.0,0,0,0.0,0,0,0,0,0,0,0,0,0,0,0,0,0.0,0,0,0.0,1,1,1,1,21,21,21,21,12,14,12,12,13,12,13,22,23,17,13,8,6,1,1,19,21,9,25,2,2,25,,1,0.0,1.0,57.1,57.1,68.0,-0.182,0.0,20,0.0,7,0.0,6,22,23,0.0,12,84.42,21,57.1,9,93.2,25,13,0.0,16,0.0,2,101.31,57.1,57.1,13,21,0.0,19,101.31,21,0.0,1,0.0,-10.9,0.143,0.0,22,1,9,17,1,16,21,17,20,0.0,0.143,6,0.0,1.0,0.0,0.0,0.0,6.0,0.0,0.0,4.0,0.0,0.0,0.0,0.0,0.0,0.0,0.0,0.0,0.0,0.0,0.0,0.0,0.0,0.0,0.0,0.0,0.0,0.0,0.0,0.0,7.0,0.0,0.3,0.0,0.0,2.16,0.0,0.0,4.0,0.0,0.57,,,,,,,,,,,,,,,,,,,,,,,,,,,,,,,,,,,,,,,,,,,,,,,,,,,,,,1.0,1.0,0.0,0.0,1.0,0.0,0.0,,1.0,0.0,0.0,0.0,0.0,,,,,,,,,,,,,,0.0,0.0,0.0,,,,0.0,0.0,0.0,0.0,0.0,0.0,0.0,0.0,0.0,0.0,0.0,0.0,,0.0,0.0,0.0,0.0,1.0,0.0,,0.0,,,0.0,0.0,0.0,0.0,0.0,,0.0,,0.0,0.0,0.0,0.0,G-F,2.0,1.0,0.4,0.5,0.591,-0.091,0.0,0.0,,0.0,,,,0.0,0.0,0.0,,0.0,,,0.0,0.0,0.0,1.0,0.0,0.0,0.0,,,0.0,0.0,CLE,0.0,0.0,1.0,0.0,1.0,0.0,0.0,0.0,2016,41500302,,CLE,TOR,20160519.0,2015-16,True,CLE,TOR,1610612761.0,CLE_TOR_2016,1.0,0.0,2.0,0.0,0.456,-0.456,0.5,0.0,1.0,0.0,0.357,-0.357,0.5,0.0,1.0,0.0,0.543,-0.543,0.5,0.0,1.0,0.0,0.608,-0.608,0.5,0.0,1.0,0.0,0.583,-0.583,0.5,0.0,1.0,0.0,0.28,-0.28,,,7.0,0.0,0.0,0.0,0.0,0.0,0.0,0.0,0.0,0.0,0.0,0.0,0.0,0.0,0.0,0.0,0.0,0.0,,,3.32,1128.0,0.21,0.12,0.09,3.62,3.25,4.08,2.0,1.0,1.0,0.0,0.0,0.0,0.0,0.0,0.0,0.0,0.0,0.0,0.0,0.0,0.0,0.0,0.0,0.0,0.0,0.0,0.0,,
2592,James Jones,James,1610612739,CLE,35.0,1,1,0,1.0,10.243333333333334,0,2,0.0,0,2,0.0,0,0,0.0,0,3,3,0,0,0,0,0,3,0,0,4,3.6,0,0,3.0,1,1,1,1,207,199,200,199,108,91,108,129,137,129,120,83,117,163,162,122,69,1,170,171,209,72,215,17,3,215,,1,0.107,2.0,70.6,73.9,60.7,-0.174,0.231,206,0.0,23,0.0,20,37,78,0.0,123,89.81,199,73.9,45,106.56,229,72,0.0,224,0.0,11,107.78,56.5,56.5,120,209,0.0,22,107.78,199,0.0,1,17.4,9.9,0.077,0.0,213,9,45,163,9,222,200,163,206,17.4,0.077,20,0.0,0.0,0.0,0.0,0.0,14.0,0.0,0.0,9.0,0.0,0.0,0.0,0.0,0.0,0.0,0.0,0.0,0.0,0.0,0.0,0.0,0.0,0.0,0.0,0.0,0.0,0.0,0.0,0.0,16.0,0.0,0.3,0.0,0.0,1.02,0.0,0.0,8.0,0.0,0.13,0.0,5.9,2.0,5.9,3.0,0.0,1.0,0.0,0.0,0.0,1.5,3.0,0.0,0.0,3.0,0.0,0.0,0.0,0.0,1.0,1.0,1.5,0.0,0.0,,,,,,,,,,,,,,,,,0.0,0.0,1.0,,0.5,0.0,0.5,1.0,0.0,0.0,0.0,0.0,0.0,,,,,,,,,,,,,,0.5,0.0,0.0,0.0,1.0,0.5,,0.0,0.0,0.0,1.0,0.0,0.0,0.0,1.0,0.0,0.0,0.0,0.0,0.0,1.0,0.0,0.0,0.0,0.0,0.0,0.0,0.0,0.0,0.0,0.0,0.0,0.0,,0.0,0.0,2.0,0.0,0.0,0.0,0.0,0.0,0.0,0.0,,,0.0,0.0,0.0,0.0,0.0,0.0,0.0,0.0,G-F,6.0,5.0,0.375,0.833,0.578,0.255,0.0,0.0,,0.0,0.0,,0.0,0.0,0.0,0.0,0.0,0.0,,0.0,0.0,0.0,0.0,2.0,0.0,0.0,0.0,0.0,0.0,0.0,0.0,CLE,0.0,0.0,1.0,0.0,1.0,0.0,0.0,0.0,2016,21500130,,NYK,CLE,20151113.0,2015-16,False,CLE,NYK,,,1.0,0.0,2.0,0.0,0.418,-0.418,1.0,0.0,2.0,0.0,0.374,-0.374,,,,,,,,,,,,,,,,,,,1.0,0.0,2.0,0.0,0.365,-0.365,,,16.0,0.0,0.0,0.0,0.0,0.0,0.0,0.0,0.0,0.0,0.0,0.0,0.0,0.0,0.0,0.0,0.0,0.0,,,10.25,4261.0,0.81,0.45,0.35,4.7,5.2,5.4,,,,,,,,,,,,,,,,,,,,,,,
2592,James Jones,James,1610612739,CLE,35.0,1,0,1,0.0,14.716666666666669,1,5,0.2,1,5,0.2,4,4,1.0,0,2,2,1,1,1,0,0,2,3,7,-3,12.9,0,0,13.0,1,61,61,61,94,93,77,103,26,14,48,11,20,1,67,60,81,56,49,28,37,1,49,21,71,79,84,10,1,84,,70,0.063,5.0,94.3,90.0,104.0,0.113,0.111,90,11.1,30,0.0,53,61,73,0.518,38,82.9,93,90.0,81,93.74,42,85,1.0,23,0.125,69,99.48,96.8,96.8,67,62,1.0,84,99.48,96,11.1,65,-6.8,-9.7,0.245,0.3,87,45,81,49,45,22,77,67,90,-6.8,0.242,53,11.4,1.0,0.0,0.043,3.0,23.0,0.043,0.0,20.0,1.0,0.0,0.0,0.0,0.0,0.0,0.0,0.0,0.0,0.0,0.0,1.0,1.0,0.0,0.0,0.0,1.0,0.0,0.0,0.0,30.0,7.0,0.6,0.0,0.0,1.14,0.0,0.0,18.0,0.233,0.3,1.0,6.9,4.0,6.9,1.0,0.0,0.5,0.0,0.0,0.0,0.5,4.0,0.0,0.0,1.0,0.0,1.0,0.0,0.5,0.5,0.0,0.5,0.5,0.0,,0.0,1.0,0.0,0.2,1.0,0.0,0.0,1.0,,0.0,0.2,0.0,0.0,,0.0,,,,,,,,,,,,,,2.0,2.0,0.75,1.0,0.4,1.0,0.0,,0.4,0.0,0.0,0.5,0.5,0.4,0.0,0.0,0.0,2.0,0.4,,0.0,0.0,0.0,2.0,0.0,0.0,0.0,0.0,0.0,,,,0.0,0.0,0.0,0.0,0.0,0.0,0.3,0.2,0.0,3.0,0.0,0.0,,0.0,0.0,0.0,0.0,3.0,0.333,1.0,0.0,0.0,0.0,0.0,0.0,0.0,1.0,1.0,,2.0,,0.0,0.0,0.0,0.0,G-F,18.0,11.0,0.409,0.611,0.576,0.036,0.0,0.333,0.0,0.0,,0.0,,3.0,0.0,0.0,,0.0,0.0,,0.0,1.0,0.0,2.0,0.0,0.0,0.0,,,0.0,0.0,CLE,0.0,0.0,5.0,0.2,5.0,1.0,0.3,1.0,2016,21500288,,NOP,CLE,20151204.0,2015-16,False,CLE,NOP,,,1.0,1.0,3.0,0.333,0.426,-0.093,0.667,1.0,2.0,0.5,0.375,0.125,0.333,0.0,1.0,0.0,0.45,-0.45,0.333,0.0,1.0,0.0,0.497,-0.497,0.333,0.0,1.0,0.0,0.465,-0.465,0.667,1.0,2.0,0.5,0.387,0.113,,,30.0,0.0,0.0,0.0,0.0,0.0,0.0,0.0,0.0,0.0,0.0,0.0,0.0,0.0,0.0,0.0,0.0,0.0,,,14.72,5737.0,1.09,0.62,0.46,4.51,4.82,4.18,,,,,,,,,,,,,,,,,,,,,,,
2592,James Jones,James,1610612739,CLE,35.0,1,0,1,0.0,3.816666666666667,0,2,0.0,0,2,0.0,0,0,0.0,0,0,0,0,0,0,1,0,1,0,0,-7,3.0,0,0,2.0,1,32,32,32,59,53,54,53,29,24,29,34,36,34,37,56,56,45,44,31,9,1,8,46,55,45,58,4,1,59,,1,0.0,2.0,25.0,25.0,104.2,-0.833,0.0,61,0.0,8,0.0,33,56,56,0.0,35,83.84,53,25.0,61,104.64,62,61,0.0,15,0.0,42,100.61,112.5,112.5,37,55,0.0,17,100.61,53,0.0,1,-87.5,-79.2,0.25,0.0,62,52,61,45,52,13,54,45,61,-87.5,0.25,33,0.0,0.0,0.0,0.0,0.0,4.0,0.0,0.0,3.0,0.0,0.0,0.0,0.0,0.0,0.0,0.0,0.0,0.0,0.0,0.0,0.0,0.0,0.0,0.0,0.0,0.0,0.0,0.0,0.0,6.0,0.0,0.1,0.0,0.0,1.06,0.0,0.0,3.0,0.0,0.33,,,,,,,,,,,,,,,,,,,,,,,,,,,,,,,,,,,,,,,,,,,,,,,,,,,,,,,,,,,,,,,,,,,1.0,0.0,0.0,0.0,2.0,1.0,,0.0,0.0,0.0,2.0,0.0,0.0,0.0,0.0,0.0,,,,0.0,0.0,0.0,0.0,0.0,0.0,0.0,0.0,0.0,0.0,0.0,,0.0,0.0,,0.0,0.0,2.0,0.0,,,,,0.0,0.0,,,0.0,0.0,,0.0,0.0,0.0,0.0,0.0,G-F,2.0,1.0,1.0,0.5,0.6,-0.1,0.0,0.0,,0.0,,,0.0,1.0,0.0,0.0,0.0,0.0,,0.0,0.0,0.0,0.0,1.0,0.0,0.0,0.0,,,0.0,0.0,CLE,0.0,0.0,2.0,0.0,2.0,0.0,0.0,0.0,2016,21500002,,CHI,CLE,20151027.0,2015-16,False,CLE,CHI,,,1.0,1.0,2.0,0.5,0.445,0.056,,,,,,,1.0,1.0,2.0,0.5,0.461,0.04,1.0,1.0,2.0,0.5,0.6,-0.1,1.0,1.0,2.0,0.5,0.53,-0.03,,,,,,,,,6.0,0.0,0.0,0.0,0.0,0.0,0.0,0.0,0.0,0.0,0.0,0.0,0.0,0.0,0.0,0.0,0.0,0.0,,,3.82,1488.0,0.28,0.15,0.13,4.72,6.79,2.94,,,,,,,,,,,,,,,,,,,,,,,
2592,James Jones,James,1610612739,CLE,35.0,1,0,1,0.0,14.45,2,5,0.4,2,4,0.5,0,0,0.0,2,0,2,1,0,1,0,0,2,1,6,6,12.9,0,0,13.0,1,106,106,106,156,118,127,119,24,38,31,120,128,120,26,174,136,108,145,36,65,1,75,111,125,48,137,16,1,134,,1,0.054,5.0,79.8,86.7,69.3,0.242,0.0,174,0.0,30,0.083,106,174,136,0.6,118,81.66,118,86.7,39,102.05,6,59,0.0,155,0.2,5,97.99,69.0,69.0,40,74,2.0,29,97.99,70,16.7,1,17.7,10.4,0.133,0.6,192,7,39,53,7,154,127,86,174,17.7,0.128,106,0.0,3.0,0.0,0.059,3.0,17.0,0.059,0.0,13.0,1.0,0.0,0.0,0.0,0.0,0.0,0.0,0.0,0.0,0.0,0.0,0.0,0.0,0.0,0.0,0.0,0.0,0.0,0.0,1.0,22.0,6.0,0.4,0.0,0.0,1.08,0.0,0.0,13.0,0.273,0.18,0.0,25.5,3.0,0.0,0.0,0.0,0.4,0.0,0.0,1.0,0.0,5.0,0.0,1.0,1.0,0.0,0.0,1.0,0.0,0.4,2.0,0.0,0.0,25.5,,,,,,,,,,,,,,,,,,,,,,,,,,,,,,3.0,3.0,1.0,2.0,0.6,2.0,0.0,,0.6,0.0,0.0,0.667,0.667,0.4,0.0,0.0,0.2,1.0,0.2,0.0,0.0,0.0,1.0,2.0,0.0,0.0,0.0,1.0,0.0,0.0,0.0,0.0,0.0,1.0,0.0,0.0,0.0,0.0,0.6,0.5,0.0,6.0,0.0,0.0,,0.0,0.0,0.0,0.0,4.0,0.5,0.0,0.0,0.0,0.0,0.0,0.0,0.0,0.0,2.0,,0.0,,1.0,0.0,0.0,0.0,G-F,21.0,13.0,0.429,0.619,0.581,0.038,0.0,0.0,,0.0,0.0,,,2.0,0.0,0.0,,0.0,,,0.0,0.0,0.0,3.0,0.0,0.0,0.667,0.0,0.0,2.0,0.0,CLE,0.0,0.0,4.0,0.667,3.0,2.0,0.75,2.0,2016,21500291,,MIA,CLE,20151205.0,2015-16,False,CLE,MIA,,,1.0,3.0,5.0,0.6,0.435,0.165,,,,,,,1.0,3.0,5.0,0.6,0.484,0.116,0.6,2.0,3.0,0.667,0.616,0.05,0.6,2.0,3.0,0.667,0.54,0.127,0.4,1.0,2.0,0.5,0.351,0.15,,,22.0,0.0,0.0,0.0,0.0,0.0,0.0,0.0,0.0,0.0,0.0,0.0,0.0,0.0,0.0,0.0,0.0,0.0,,,14.45,5353.0,1.01,0.57,0.45,4.17,5.22,3.2,,,,,,,,,,,,,,,,,,,,,,,
2592,James Jones,James,1610612739,CLE,35.0,1,1,0,1.0,5.0,2,3,0.667,2,2,1.0,0,0,0.0,0,1,1,0,0,0,1,0,1,0,6,1,10.2,0,0,11.0,1,1,1,1,140,94,119,15,17,56,1,83,89,83,71,95,106,108,104,73,17,1,25,107,93,66,104,16,1,98,,1,0.125,3.0,138.0,130.8,129.9,0.172,0.25,13,0.0,13,0.0,4,19,37,1.0,83,100.0,94,130.8,83,118.27,20,55,0.0,33,0.0,131,120.0,133.3,133.3,71,7,2.0,4,120.0,5,0.0,1,-2.6,8.1,0.244,1.0,7,136,83,108,136,38,119,108,13,-2.6,0.231,4,0.0,0.0,0.0,0.0,0.0,6.0,0.0,0.0,6.0,0.0,0.0,0.0,0.0,0.0,0.0,0.0,0.0,0.0,0.0,0.0,0.0,0.0,0.0,0.0,0.0,0.0,0.0,0.0,0.0,10.0,6.0,0.2,0.0,0.0,1.38,0.0,0.0,4.0,0.6,0.3,1.0,2.0,2.0,2.0,0.0,0.0,0.5,0.0,0.0,0.0,0.5,2.0,0.0,0.0,0.0,0.0,1.0,0.0,1.0,0.5,0.0,0.5,1.0,0.0,,,,,,,,,,,,,,,,,1.0,0.333,0.0,0.0,0.0,0.0,0.333,1.0,0.0,,0.0,0.0,0.0,,,,,,,,,,,,,,0.667,2.0,0.0,0.0,2.0,0.667,,1.0,1.5,0.0,2.0,1.0,2.0,0.0,0.0,0.0,0.0,0.0,,0.0,1.0,0.0,0.0,0.0,0.0,1.0,1.0,0.0,6.0,0.0,1.0,,0.0,0.0,0.0,0.0,1.0,1.0,1.0,1.0,1.0,1.0,0.0,0.0,0.0,0.0,1.0,,1.0,,1.0,0.0,0.0,0.0,G-F,10.0,7.0,0.435,0.7,0.599,0.101,0.0,1.0,,0.0,,,,1.0,0.0,0.0,,0.0,,,0.0,1.0,0.0,1.0,0.0,0.0,1.0,,,1.0,0.0,CLE,0.0,1.0,2.0,1.0,2.0,2.0,1.5,2.0,2016,21500191,,CLE,ATL,20151121.0,2015-16,False,CLE,ATL,,,1.0,0.0,1.0,0.0,0.504,-0.504,,,,,,,1.0,0.0,1.0,0.0,0.585,-0.585,1.0,0.0,1.0,0.0,0.648,-0.648,1.0,0.0,1.0,0.0,0.638,-0.638,,,,,,,,,10.0,0.0,0.0,0.0,0.0,0.0,0.0,0.0,0.0,0.0,0.0,0.0,0.0,0.0,0.0,0.0,0.0,0.0,,,5.0,2020.0,0.38,0.2,0.18,4.81,4.39,5.3,,,,,,,,,,,,,,,,,,,,,,,
2592,James Jones,James,1610612739,CLE,35.0,1,1,0,1.0,18.33333333333333,2,5,0.4,1,3,0.333,0,0,0.0,1,1,2,0,0,0,0,0,0,2,5,-9,7.4,0,0,8.0,1,1,1,1,60,45,54,49,21,29,25,48,51,48,21,58,53,59,45,40,31,1,1,26,52,69,70,8,1,67,,1,0.059,5.0,102.0,97.3,117.9,0.055,0.067,55,0.0,37,0.053,65,55,47,0.5,33,79.64,45,97.3,71,96.14,54,62,0.0,63,0.0,62,95.56,125.0,125.0,25,45,2.0,63,95.56,37,0.0,1,-27.7,-15.9,0.134,0.5,46,68,71,59,68,62,54,59,55,-27.7,0.128,65,0.0,3.0,0.0,0.0,0.0,29.0,0.0,0.0,24.0,0.0,0.0,0.0,0.0,0.0,0.0,0.0,0.0,0.0,0.0,0.0,1.0,1.0,0.0,0.0,0.0,1.0,0.0,1.0,1.0,37.0,5.0,0.9,0.0,2.0,1.5,0.0,0.0,22.0,0.135,0.35,1.0,5.5,3.0,2.5,1.0,0.0,0.4,0.0,1.0,0.5,0.333,5.0,1.0,0.0,1.0,0.0,0.0,0.5,0.0,0.4,2.0,0.333,0.5,8.4,,,,,,,,,,,,,,,,,2.0,0.4,1.0,0.5,0.2,1.0,0.6,3.0,0.333,0.0,1.0,0.333,0.0,1.0,1.0,1.5,1.0,0.2,1.0,0.0,,0.2,0.0,0.0,1.0,1.0,0.2,0.0,0.0,0.0,1.0,0.2,,0.0,0.0,0.0,1.0,0.0,0.0,0.0,0.0,0.0,,,,0.0,0.0,0.0,0.0,0.0,0.0,0.5,0.25,1.0,3.0,2.0,0.0,0.0,0.0,0.0,0.0,0.0,3.0,0.333,0.0,0.0,0.0,0.0,0.0,1.0,0.0,0.0,1.0,0.0,0.0,0.0,1.0,0.0,1.0,1.0,G-F,37.0,25.0,0.385,0.676,0.587,0.089,1.0,0.0,,1.0,,,0.0,2.0,0.0,1.0,0.0,0.0,,0.0,0.0,0.0,0.0,1.0,1.0,0.0,1.0,,,1.0,0.0,CLE,0.0,0.0,4.0,0.333,3.0,1.0,0.375,1.0,2016,21500962,,LAL,CLE,20160310.0,2015-16,False,CLE,LAL,,,1.0,4.0,5.0,0.8,0.446,0.354,0.2,0.0,1.0,0.0,0.262,-0.262,0.8,4.0,4.0,1.0,0.479,0.522,0.4,2.0,2.0,1.0,0.556,0.444,0.4,2.0,2.0,1.0,0.519,0.481,0.2,0.0,1.0,0.0,0.295,-0.295,,,37.0,0.0,0.0,0.0,0.0,0.0,0.0,0.0,0.0,0.0,0.0,0.0,0.0,0.0,0.0,0.0,0.0,0.0,,,18.33,6735.0,1.28,0.68,0.6,4.26,4.47,4.04,,,,,,,,,,,,,,,,,,,,,,,
2592,James Jones,James,1610612739,CLE,35.0,1,1,0,1.0,6.4,0,1,0.0,0,1,0.0,0,0,0.0,0,0,0,0,0,0,0,0,0,0,0,2,0.0,0,0,0.0,1,1,1,1,21,23,23,23,10,12,10,16,16,16,8,22,23,15,16,13,5,1,1,19,23,11,24,1,1,24,,1,0.0,1.0,78.4,83.3,74.3,-0.1,0.0,18,0.0,12,0.0,22,22,23,0.0,12,75.0,23,83.3,10,88.2,25,12,0.0,25,0.0,5,90.0,66.7,66.7,8,23,0.0,20,90.0,23,0.0,1,16.7,4.0,0.063,0.0,20,4,10,15,4,25,23,15,18,16.7,0.063,22,0.0,2.0,0.0,0.0,0.0,9.0,0.0,0.0,9.0,0.0,0.0,0.0,0.0,0.0,0.0,0.0,0.0,0.0,0.0,0.0,0.0,0.0,0.0,0.0,0.0,0.0,0.0,0.0,0.0,11.0,0.0,0.4,0.0,0.0,2.0,0.0,0.0,8.0,0.0,0.27,,,,,,,,,,,,,,,,,,,,,,,,,,,,,,,,,,,,,,,,,,,,,,,,,,,,,,,,,,,,,,,,,,,1.0,0.0,0.0,0.0,1.0,1.0,,0.0,0.0,0.0,1.0,0.0,0.0,0.0,0.0,0.0,,,,0.0,0.0,0.0,0.0,0.0,0.0,0.0,0.0,0.0,0.0,0.0,0.0,,0.0,0.0,0.0,0.0,1.0,0.0,0.0,0.0,0.0,0.0,0.0,0.0,0.0,0.0,0.0,,0.0,,0.0,0.0,0.0,0.0,G-F,1.0,1.0,0.333,1.0,0.573,0.427,0.0,,,0.0,,,,,0.0,0.0,,0.0,,,0.0,,0.0,1.0,0.0,0.0,0.0,,,0.0,0.0,CLE,0.0,0.0,1.0,0.0,1.0,0.0,0.0,0.0,2016,41500301,,CLE,TOR,20160517.0,2015-16,True,CLE,TOR,1610612761.0,CLE_TOR_2016,,,,,,,,,,,,,,,,,,,,,,,,,,,,,,,,,,,,,,,11.0,0.0,0.0,0.0,0.0,0.0,0.0,0.0,0.0,0.0,0.0,0.0,0.0,0.0,0.0,0.0,0.0,0.0,,,6.4,2313.0,0.44,0.29,0.15,3.74,4.8,2.26,1.0,1.0,0.0,0.0,0.0,0.0,0.0,0.0,0.0,0.0,0.0,0.0,0.0,0.0,0.0,0.0,0.0,0.0,0.0,0.0,0.0,,
2592,James Jones,James,1610612739,CLE,35.0,1,1,0,1.0,6.733333333333333,1,2,0.5,1,2,0.5,0,0,0.0,0,1,1,0,0,1,0,0,0,0,3,-7,7.2,0,0,7.0,1,1,1,1,118,94,107,36,32,55,20,64,71,64,69,86,94,95,86,31,50,1,1,92,100,89,104,13,1,100,,1,0.067,2.0,50.0,50.0,104.2,0.2,0.2,121,0.0,14,0.0,93,29,71,0.75,71,80.2,94,50.0,120,97.81,11,118,0.0,101,0.0,53,96.24,107.7,107.7,69,20,1.0,66,96.24,14,0.0,1,-57.7,-54.2,0.133,0.75,121,70,120,95,70,101,107,95,121,-57.7,0.125,93,0.0,1.0,0.0,0.0,0.0,9.0,0.0,0.0,5.0,0.0,0.0,0.0,0.0,0.0,0.0,0.0,0.0,0.0,0.0,0.0,0.0,0.0,0.0,0.0,0.0,0.0,0.0,1.0,0.0,11.0,3.0,0.3,0.0,0.0,1.48,0.0,0.0,4.0,0.273,0.27,0.0,9.9,2.0,9.9,1.0,0.0,0.5,0.0,0.0,0.0,0.5,2.0,0.0,0.0,1.0,0.0,0.0,0.0,0.0,0.5,0.0,0.5,0.0,0.0,,,,,,,,,,,,,,,,,,,,,,,,,,,,,,2.0,2.0,0.75,1.0,1.0,1.0,0.0,,1.0,0.0,0.0,0.5,0.5,,,,,,,,,,,,,,0.0,0.0,0.0,,,,0.0,0.0,0.0,0.0,0.0,0.0,0.75,0.5,0.0,3.0,0.0,0.0,,0.0,0.0,0.0,0.0,2.0,0.5,0.0,0.0,0.0,0.0,0.0,0.0,0.0,0.0,1.0,,0.0,,0.0,0.0,0.0,0.0,G-F,40.0,26.0,0.37,0.65,0.588,0.062,0.0,0.5,,0.0,,,,2.0,0.0,0.0,,0.0,,,0.0,1.0,0.0,0.0,0.0,0.0,0.0,,,0.0,0.0,CLE,0.0,0.0,2.0,0.5,2.0,1.0,0.75,1.0,2016,21501122,,CLE,BKN,20160331.0,2015-16,False,CLE,BKN,,,1.0,0.0,1.0,0.0,0.394,-0.394,1.0,0.0,1.0,0.0,0.314,-0.314,,,,,,,,,,,,,,,,,,,1.0,0.0,1.0,0.0,0.333,-0.333,,,11.0,0.0,0.0,0.0,0.0,0.0,0.0,0.0,0.0,0.0,0.0,0.0,0.0,0.0,0.0,0.0,0.0,0.0,,,6.73,2466.0,0.47,0.27,0.2,4.46,4.62,4.23,,,,,,,,,,,,,,,,,,,,,,,
2592,James Jones,James,1610612739,CLE,35.0,1,1,0,1.0,8.566666666666666,2,4,0.5,2,4,0.5,0,0,0.0,0,0,0,0,0,0,0,0,0,0,6,0,6.0,0,0,8.0,1,1,1,1,198,137,165,76,30,43,32,126,132,126,111,199,206,172,154,123,67,1,1,173,139,106,196,19,3,176,,1,0.0,4.0,71.4,71.4,72.7,0.25,0.0,204,0.0,14,0.0,226,199,206,0.75,123,67.7,137,71.4,101,77.77,16,114,0.0,29,0.0,22,81.25,66.7,66.7,111,34,2.0,225,81.25,32,0.0,1,4.8,-1.2,0.286,0.75,208,14,101,172,14,23,165,172,204,4.8,0.286,226,0.0,2.0,0.0,0.0,0.0,9.0,0.0,0.0,10.0,0.0,0.0,0.0,0.0,0.0,0.0,0.0,0.0,0.0,0.0,0.0,0.0,0.0,0.0,0.0,0.0,0.0,0.0,0.0,0.0,14.0,6.0,0.3,0.0,0.0,1.49,0.0,0.0,10.0,0.429,0.36,,,,,,,,,,,,,,,,,,,,,,,,,,,,,,,,,,,,,,,,,0.0,0.0,1.0,,0.25,0.0,0.25,1.0,0.0,0.0,0.0,0.0,0.0,2.0,2.0,0.75,1.0,0.5,1.0,0.0,,0.5,0.0,0.0,0.5,0.5,0.25,1.0,0.0,0.0,1.0,0.25,,1.0,1.5,0.0,1.0,1.0,1.0,1.0,1.0,3.0,1.5,1.0,1.0,1.0,1.0,0.0,0.0,0.0,0.0,0.75,0.333,0.0,3.0,0.0,0.5,,0.0,0.0,0.0,0.0,2.0,0.5,2.0,1.0,1.0,0.5,0.0,0.0,0.0,0.0,1.0,,2.0,,0.0,0.0,0.0,0.0,G-F,42.0,28.0,0.372,0.667,0.591,0.075,0.0,0.5,,0.0,,,0.0,2.0,0.0,0.0,0.0,0.0,,0.0,0.0,1.0,0.0,2.0,0.0,0.0,0.5,,,1.0,0.0,CLE,0.0,0.0,3.0,0.333,3.0,1.0,0.5,1.0,2016,21501159,,MIL,CLE,20160405.0,2015-16,False,CLE,MIL,,,1.0,3.0,5.0,0.6,0.464,0.136,0.4,0.0,2.0,0.0,0.275,-0.275,0.6,3.0,3.0,1.0,0.507,0.493,0.4,2.0,2.0,1.0,0.655,0.345,0.4,2.0,2.0,1.0,0.614,0.386,0.6,1.0,3.0,0.333,0.312,0.021,,,14.0,0.0,0.0,0.0,0.0,0.0,0.0,0.0,0.0,0.0,0.0,0.0,0.0,0.0,0.0,0.0,0.0,0.0,,,8.57,2768.0,0.52,0.28,0.24,3.5,4.69,2.54,,,,,,,,,,,,,,,,,,,,,,,
2592,James Jones,James,1610612739,CLE,35.0,1,1,0,1.0,11.133333333333333,3,5,0.6,2,4,0.5,1,2,0.5,0,0,0,1,0,0,0,0,0,1,9,-1,10.5,0,0,12.0,1,1,1,1,50,33,39,12,11,10,14,26,24,27,32,50,54,27,38,27,15,1,1,32,28,30,46,7,1,41,,1,0.0,5.0,102.8,104.8,113.2,0.189,0.0,46,0.0,21,0.0,37,50,54,0.765,34,75.45,33,104.8,38,89.94,9,40,0.0,10,0.333,26,90.54,109.5,109.5,32,10,3.0,43,90.54,6,14.3,1,-4.8,-10.4,0.262,0.8,52,15,38,6,15,10,39,27,46,-4.8,0.261,37,0.0,2.0,0.0,0.091,2.0,11.0,0.091,0.0,14.0,1.0,0.0,1.0,0.75,1.0,0.25,0.0,0.25,2.0,1.0,1.0,0.25,4.0,0.5,1.0,1.0,1.0,3.0,0.0,0.0,17.0,9.0,0.5,0.0,0.0,1.69,0.0,0.0,14.0,0.529,0.65,,,,,,,,,,,,,,,,,,,,,,,,,1.0,0.0,1.0,0.2,0.0,0.0,1.0,1.0,1.0,,1.0,0.2,1.0,1.0,,,,,,,,,,,,,,,,1.0,1.0,0.0,0.0,0.2,0.0,0.0,,0.2,0.0,0.0,0.0,0.0,0.6,2.0,0.0,0.0,3.0,0.6,,0.667,1.0,0.0,3.0,0.667,2.0,1.0,0.0,2.0,1.0,1.0,,0.0,1.0,0.0,0.0,0.0,0.0,0.8,0.5,0.0,6.0,0.0,0.0,0.0,1.0,0.0,0.0,0.0,4.0,0.5,0.0,0.0,0.0,0.0,0.0,0.0,0.0,0.0,2.0,0.0,0.0,0.0,1.0,1.0,0.0,0.0,G-F,9.0,7.0,0.409,0.778,0.594,0.184,0.0,0.667,,0.0,,,0.0,3.0,1.0,0.0,0.0,0.0,,0.0,0.0,2.0,0.0,1.0,0.0,0.0,0.0,,,0.0,0.0,CLE,1.0,1.0,4.0,0.5,4.0,2.0,0.75,2.0,2016,21500176,,CLE,MIL,20151119.0,2015-16,False,CLE,MIL,,,1.0,2.0,4.0,0.5,0.489,0.011,,,,,,,1.0,2.0,4.0,0.5,0.512,-0.012,0.75,2.0,3.0,0.667,0.625,0.041,0.75,2.0,3.0,0.667,0.572,0.095,0.25,0.0,1.0,0.0,0.326,-0.326,,,17.0,0.0,0.0,0.0,0.0,0.0,0.0,0.0,0.0,0.0,0.0,0.0,0.0,0.0,0.0,0.0,0.0,0.0,,,11.13,4115.0,0.78,0.39,0.39,4.32,4.37,4.27,,,,,,,,,,,,,,,,,,,,,,,
2592,James Jones,James,1610612739,CLE,35.0,1,1,0,1.0,1.5666666666666669,0,0,0.0,0,0,0.0,0,0,0.0,0,0,0,0,0,0,0,0,0,0,0,0,0.0,0,0,0.0,1,1,1,1,185,165,179,165,84,133,84,108,117,108,101,173,177,141,118,100,65,1,1,139,169,87,185,18,2,185,,1,0.0,0.0,66.7,50.0,66.7,0.0,0.0,187,0.0,4,0.0,28,173,177,0.0,94,89.36,165,50.0,137,91.91,164,88,0.0,181,0.0,4,107.23,66.7,66.7,101,169,0.0,153,107.23,165,0.0,1,-16.7,0.0,0.0,0.0,186,4,137,141,4,181,179,141,187,-16.7,0.0,28,0.0,0.0,,0.0,0.0,0.0,0.0,0.0,0.0,0.0,0.0,0.0,0.0,0.0,0.0,0.0,0.0,0.0,0.0,0.0,0.0,0.0,0.0,0.0,0.0,0.0,0.0,0.0,0.0,0.0,0.0,0.0,0.0,0.0,0.0,0.0,0.0,0.0,0.0,0.0,,,,,,,,,,,,,,,,,,,,,,,,,,,,,,,,,,,,,,,,,,,,,,,,,,,,,,,,,,,,,,,,,,,,,,,,,,,,,,,,0.0,,0.0,,,,,0.0,0.0,0.0,0.0,0.0,0.0,0.0,0.0,0.0,0.0,,,0.0,,0.0,0.0,0.0,0.0,,,,,0.0,0.0,,,0.0,,,,0.0,0.0,0.0,0.0,G-F,42.0,28.0,0.362,0.667,0.591,0.075,0.0,,,0.0,,,,,,0.0,,0.0,,,0.0,,0.0,0.0,0.0,0.0,0.0,,,0.0,0.0,CLE,,,0.0,,,,,0.0,2016,21501203,,CLE,ATL,20160411.0,2015-16,False,CLE,ATL,,,1.0,0.0,1.0,0.0,0.425,-0.425,,,,,,,1.0,0.0,1.0,0.0,0.47,-0.47,,,,,,,,,,,,,1.0,0.0,1.0,0.0,0.373,-0.373,,,0.0,0.0,0.0,0.0,0.0,0.0,0.0,0.0,0.0,0.0,0.0,0.0,0.0,0.0,0.0,0.0,0.0,0.0,,,1.57,567.0,0.11,0.06,0.05,3.83,6.48,0.0,,,,,,,,,,,,,,,,,,,,,,,
2592,James Jones,James,1610612739,CLE,35.0,1,1,0,1.0,11.05,1,3,0.333,0,2,0.0,3,3,1.0,0,0,0,0,0,0,0,0,1,1,5,-3,5.0,0,0,5.0,1,1,1,1,177,152,160,131,96,68,96,35,55,1,108,178,184,152,152,104,65,1,47,99,138,130,183,17,1,181,,1,0.0,3.0,78.6,81.0,94.9,0.083,0.0,186,0.0,21,0.0,200,178,184,0.579,116,76.02,152,81.0,163,92.79,117,165,0.0,108,0.0,73,91.22,95.2,95.2,108,86,1.0,186,91.22,150,0.0,1,-14.3,-16.3,0.183,0.333,190,76,163,152,76,116,160,152,186,-14.3,0.167,200,0.0,0.0,0.0,0.0,0.0,15.0,0.0,0.0,13.0,0.0,0.0,0.0,0.0,0.0,0.0,0.0,0.0,0.0,0.0,0.0,0.0,0.0,0.0,0.0,0.0,0.0,0.0,0.0,0.0,19.0,5.0,0.4,0.0,0.0,1.26,0.0,0.0,13.0,0.263,0.26,,,,,,,,,,,,,,,,,,,,,,,,,,,,,,,,,,,,,,,,,1.0,0.333,0.0,1.0,0.0,1.0,0.333,1.0,1.0,,1.0,1.0,0.0,2.0,2.0,0.0,0.0,0.667,0.0,0.0,,0.667,0.0,0.0,0.0,0.0,,,,,,,,,,,,,,1.0,0.0,2.0,1.0,1.0,,0.0,1.0,0.0,0.0,0.0,0.0,0.333,0.0,0.0,0.0,0.0,,,1.0,,0.0,0.0,2.0,0.0,,,,,0.0,0.0,,,0.0,,,,1.0,1.0,0.0,0.0,G-F,4.0,3.0,0.444,0.75,0.574,0.176,1.0,0.0,,0.0,,,,2.0,0.0,0.0,,0.0,,,1.0,0.0,0.0,0.0,0.0,0.0,0.0,,,0.0,1.0,CLE,0.0,0.0,2.0,0.0,2.0,0.0,0.0,0.0,2016,21500063,,CLE,NYK,20151104.0,2015-16,False,CLE,NYK,,,1.0,2.0,2.0,1.0,0.463,0.537,0.5,1.0,1.0,1.0,0.293,0.707,0.5,1.0,1.0,1.0,0.498,0.502,0.5,1.0,1.0,1.0,0.598,0.402,0.5,1.0,1.0,1.0,0.55,0.45,0.5,1.0,1.0,1.0,0.336,0.664,,,19.0,0.0,0.0,0.0,0.0,0.0,0.0,0.0,0.0,0.0,0.0,0.0,0.0,0.0,0.0,0.0,0.0,0.0,,,11.05,4060.0,0.77,0.43,0.34,4.34,4.45,3.18,,,,,,,,,,,,,,,,,,,,,,,
2592,James Jones,James,1610612739,CLE,35.0,1,1,0,1.0,13.383333333333333,0,0,0.0,0,0,0.0,0,0,0.0,0,0,0,1,1,0,0,0,4,0,0,0,0.5,0,0,1.0,1,1,1,1,84,94,99,94,48,72,48,61,63,61,52,88,90,53,30,50,32,1,90,70,95,49,101,12,1,97,,106,0.0,0.0,116.5,111.1,118.1,-0.08,0.0,46,50.0,27,0.0,56,88,90,0.0,31,79.2,94,111.1,57,91.74,102,53,1.0,100,0.091,74,95.04,115.4,115.4,52,95,0.0,91,95.04,94,50.0,106,-4.3,-1.7,0.031,0.0,33,69,57,59,69,100,99,2,46,-4.3,0.03,56,50.0,1.0,0.0,0.083,3.0,12.0,0.083,0.0,8.0,1.0,0.0,0.0,0.0,0.0,0.0,0.0,0.0,0.0,0.0,0.0,0.0,0.0,0.0,0.0,0.0,0.0,0.0,0.0,0.0,13.0,0.0,0.3,0.0,0.0,1.51,0.0,0.0,7.0,0.0,0.69,,,,,,,,,,,,,,,,,,,,,,,,,,,,,,,,,,,,,,,,,,,,,,,,,,,,,,,,,,,,,,,,,,,,,,,,,,,,,,,,0.0,,0.0,,,,,0.0,0.0,0.0,0.0,0.0,0.0,0.0,0.0,0.0,0.0,0.0,0.0,0.0,0.0,0.0,0.0,0.0,0.0,0.0,0.0,0.0,0.0,0.0,0.0,0.0,0.0,0.0,0.0,0.0,0.0,0.0,0.0,0.0,0.0,G-F,32.0,21.0,0.39,0.656,0.59,0.066,0.0,0.0,,0.0,,,0.0,0.0,0.0,0.0,0.0,0.0,,0.0,0.0,0.0,0.0,0.0,0.0,0.0,0.0,,,0.0,0.0,CLE,0.0,0.0,0.0,,,,,0.0,2016,21500640,,CLE,LAC,20160121.0,2015-16,False,CLE,LAC,,,1.0,3.0,4.0,0.75,0.502,0.248,,,,,,,1.0,3.0,4.0,0.75,0.525,0.226,0.75,2.0,3.0,0.667,0.614,0.053,0.75,2.0,3.0,0.667,0.57,0.096,,,,,,,,,13.0,0.0,0.0,0.0,0.0,0.0,0.0,0.0,0.0,0.0,0.0,0.0,0.0,0.0,0.0,0.0,0.0,0.0,,,13.38,5004.0,0.95,0.56,0.39,4.05,4.88,4.02,,,,,,,,,,,,,,,,,,,,,,,
2592,James Jones,James,1610612739,CLE,35.0,1,1,0,1.0,5.763333333333334,1,2,0.5,0,0,0.0,0,0,0.0,0,1,1,0,0,0,0,0,0,0,2,7,3.2,0,0,3.0,1,1,1,1,201,151,178,66,92,144,92,130,137,130,110,136,159,149,138,101,64,1,1,168,176,46,193,18,1,193,,1,0.143,2.0,147.5,150.0,106.6,0.074,0.2,2,0.0,12,0.0,195,39,36,0.5,110,76.34,151,150.0,10,93.78,121,10,0.0,137,0.0,99,91.61,110.0,110.0,110,115,1.0,179,91.61,89,0.0,1,40.0,41.0,0.164,0.5,6,114,10,149,114,125,178,149,2,40.0,0.167,195,0.0,0.0,0.0,0.0,0.0,3.0,0.0,0.0,3.0,0.0,0.0,1.0,0.0,0.0,0.0,0.0,0.0,0.0,0.0,0.0,0.0,1.0,0.0,0.0,0.0,0.0,0.0,0.0,0.0,5.0,2.0,0.1,0.0,0.0,1.63,0.0,0.0,2.0,0.4,0.4,0.0,2.0,0.0,2.0,1.0,0.0,0.0,0.0,0.0,0.0,0.0,0.0,0.0,0.0,1.0,0.0,0.0,0.0,0.0,0.0,0.0,0.0,0.0,0.0,,,,,,,,,,,,,,,,,2.0,1.0,0.0,0.5,0.0,1.0,1.0,2.0,0.5,,1.0,0.5,0.0,,,,,,,,,,,,,,,,,,,,,,,,,,,0.0,,0.0,,,,,0.0,0.0,0.0,0.0,0.0,0.5,1.0,0.0,2.0,0.0,0.0,,0.5,0.0,0.0,0.0,0.0,0.0,,0.0,,,0.0,0.0,0.0,0.0,0.0,,0.0,,2.0,1.0,0.0,0.0,G-F,33.0,22.0,0.384,0.667,0.589,0.077,,0.0,,0.0,,,,0.0,0.0,0.0,,0.0,,,,0.0,0.0,1.0,0.0,0.0,1.0,,,1.0,,CLE,0.0,1.0,0.0,,,,,0.0,2016,21500824,,OKC,CLE,20160221.0,2015-16,False,CLE,OKC,,,,,,,,,,,,,,,,,,,,,,,,,,,,,,,,,,,,,,,,,5.0,0.0,0.0,0.0,0.0,0.0,0.0,0.0,0.0,0.0,0.0,0.0,0.0,0.0,0.0,0.0,0.0,0.0,,,5.77,2100.0,0.4,0.26,0.14,4.15,5.09,2.68,,,,,,,,,,,,,,,,,,,,,,,
2592,James Jones,James,1610612739,CLE,35.0,1,1,0,1.0,2.316666666666667,0,1,0.0,0,1,0.0,0,0,0.0,0,0,0,0,0,0,0,0,1,0,0,-7,0.0,0,0,0.0,1,1,1,1,22,20,19,20,11,13,11,14,15,14,11,23,23,17,15,10,8,1,10,18,21,15,25,3,1,25,,1,0.0,1.0,85.0,71.4,204.1,-0.111,0.0,22,0.0,7,0.0,1,23,23,0.0,14,120.86,20,71.4,23,121.83,23,23,0.0,12,0.0,23,145.04,171.4,171.4,11,21,0.0,1,145.04,20,0.0,1,-100.0,-119.0,0.17,0.0,21,23,23,17,23,13,19,17,22,-100.0,0.143,1,0.0,0.0,0.0,0.0,0.0,2.0,0.0,0.0,2.0,0.0,0.0,0.0,0.0,0.0,0.0,0.0,0.0,0.0,0.0,0.0,0.0,0.0,0.0,0.0,0.0,0.0,0.0,0.0,0.0,3.0,0.0,0.1,0.0,0.0,2.07,0.0,0.0,2.0,0.0,0.33,,,,,,,,,,,,,,,,,,,,,,,,,,,,,,,,,,,,,,,,,0.0,0.0,1.0,,1.0,0.0,1.0,1.0,0.0,0.0,0.0,0.0,0.0,,,,,,,,,,,,,,,,,,,,,,,,,,,0.0,0.0,0.0,,,,0.0,0.0,0.0,0.0,0.0,0.0,0.0,0.0,0.0,0.0,0.0,0.0,0.0,0.0,0.0,0.0,0.0,0.0,0.0,,0.0,,,0.0,0.0,0.0,1.0,0.0,0.0,1.0,0.0,0.0,0.0,0.0,0.0,G-F,6.0,3.0,0.333,0.5,0.579,-0.079,0.0,0.0,,0.0,,,0.0,0.0,0.0,0.0,0.0,0.0,,0.0,0.0,0.0,0.0,1.0,0.0,0.0,0.0,,,0.0,0.0,CLE,0.0,0.0,1.0,0.0,1.0,0.0,0.0,0.0,2016,41500406,,CLE,GSW,20160616.0,2015-16,True,CLE,GSW,1610612744.0,CLE_GSW_2016,1.0,1.0,1.0,1.0,0.534,0.466,,,,,,,1.0,1.0,1.0,1.0,0.535,0.465,1.0,1.0,1.0,1.0,0.559,0.441,1.0,1.0,1.0,1.0,0.519,0.481,,,,,,,,,3.0,0.0,0.0,0.0,0.0,0.0,0.0,0.0,0.0,0.0,0.0,0.0,0.0,0.0,0.0,0.0,0.0,0.0,,,2.32,948.0,0.18,0.11,0.07,5.22,4.09,7.26,1.0,1.0,0.0,0.0,0.0,0.0,0.0,0.0,0.0,0.0,0.0,0.0,0.0,0.0,0.0,0.0,0.0,0.0,0.0,0.0,0.0,,
2592,James Jones,James,1610612739,CLE,35.0,1,0,1,0.0,18.1,3,8,0.375,1,4,0.25,0,1,0.0,0,2,2,0,0,0,0,1,2,1,7,2,9.4,0,0,10.0,1,141,141,141,180,121,109,172,59,46,106,140,139,140,143,135,168,199,186,139,82,185,128,126,154,99,214,22,1,199,,1,0.051,8.0,87.7,88.2,77.2,0.025,0.091,213,0.0,34,0.0,223,177,194,0.415,143,75.14,121,88.2,107,93.45,226,94,0.0,90,0.0,19,90.17,82.4,82.4,143,200,3.0,194,90.17,166,0.0,1,5.9,10.5,0.233,0.438,215,37,107,199,37,105,109,199,213,5.9,0.216,223,0.0,1.0,0.0,0.042,2.0,24.0,0.0,0.0,19.0,1.0,0.0,1.0,2.0,1.0,0.0,0.0,0.0,0.0,0.0,0.0,0.0,1.0,0.0,0.0,1.0,0.0,2.0,1.0,1.0,33.0,7.0,0.8,2.0,2.0,1.42,0.0,1.0,16.0,0.212,0.3,1.0,4.0,3.0,4.0,1.0,0.0,0.667,0.0,0.0,0.0,0.667,3.0,0.0,0.0,1.0,0.0,1.0,0.0,0.5,0.667,0.0,0.667,0.5,0.0,,,,,,,,,,,,,,,,,2.0,0.286,0.0,0.5,0.0,1.0,0.286,2.0,0.5,,1.0,0.5,0.0,3.0,2.0,0.833,1.0,0.429,2.0,1.0,1.0,0.286,0.143,1.0,0.667,0.5,0.286,0.0,0.0,0.0,2.0,0.286,,0.0,0.0,0.0,2.0,0.0,0.0,1.0,0.0,2.0,0.5,0.5,,0.0,2.0,0.0,0.0,2.0,0.0,0.438,0.25,1.0,3.0,2.0,0.0,0.0,0.0,0.0,1.0,1.0,4.0,0.25,0.0,0.0,0.0,0.0,1.0,1.0,0.0,0.0,1.0,0.0,0.0,0.0,2.0,0.0,1.0,1.0,G-F,23.0,14.0,0.397,0.609,0.585,0.024,0.0,0.0,,1.0,,,0.0,0.0,0.333,1.0,0.0,0.0,,0.0,0.0,0.0,0.0,4.0,1.0,0.0,0.25,,,1.0,0.0,CLE,1.0,3.0,4.0,0.25,4.0,1.0,0.375,1.0,2016,21500453,,POR,CLE,20151226.0,2015-16,False,CLE,POR,,,1.0,1.0,2.0,0.5,0.448,0.052,0.5,0.0,1.0,0.0,0.377,-0.377,0.5,1.0,1.0,1.0,0.527,0.473,,,,,,,0.5,1.0,1.0,1.0,0.551,0.449,0.5,0.0,1.0,0.0,0.41,-0.41,,,33.0,1.0,0.0,1.0,0.0,0.0,0.0,0.0,0.0,0.0,0.0,0.0,0.0,0.0,0.0,0.0,0.0,0.0,,,18.1,6613.0,1.25,0.63,0.62,4.31,4.72,3.45,,,,,,,,,,,,,,,,,,,,,,,
2592,James Jones,James,1610612739,CLE,35.0,1,1,0,1.0,1.2166666666666666,0,0,0.0,0,0,0.0,0,0,0.0,0,0,0,0,0,0,0,0,0,0,0,3,0.0,0,0,0.0,1,1,1,1,65,53,61,53,26,38,26,32,35,32,33,52,55,40,36,27,20,1,1,43,54,20,59,4,1,61,,1,0.0,0.0,250.0,166.7,100.0,0.0,0.0,2,0.0,3,0.0,7,52,55,0.0,27,82.19,53,166.7,5,78.9,55,1,0.0,62,0.0,20,98.63,100.0,100.0,33,54,0.0,59,98.63,53,0.0,1,66.7,150.0,0.0,0.0,1,18,5,40,18,62,61,40,2,66.7,0.0,7,0.0,0.0,0.0,0.0,0.0,2.0,0.0,0.0,0.0,0.0,0.0,0.0,0.0,0.0,0.0,0.0,0.0,0.0,0.0,0.0,0.0,0.0,0.0,0.0,0.0,0.0,0.0,0.0,0.0,2.0,0.0,0.1,0.0,0.0,2.02,0.0,0.0,0.0,0.0,0.0,,,,,,,,,,,,,,,,,,,,,,,,,,,,,,,,,,,,,,,,,,,,,,,,,,,,,,,,,,,,,,,,,,,,,,,,,,,,,,,,0.0,,0.0,,,,,0.0,0.0,0.0,0.0,0.0,0.0,0.0,0.0,0.0,0.0,0.0,,0.0,,0.0,0.0,0.0,0.0,0.0,0.0,0.0,0.0,0.0,,,,0.0,,0.0,,0.0,0.0,,,,,,,,,,,0.0,,,,,,0.0,0.0,,,0.0,,,,0.0,0.0,,,0.0,,,,,,CLE,0.0,0.0,0.0,,,,,0.0,2016,41500102,,CLE,DET,20160420.0,2015-16,True,CLE,DET,1610612765.0,CLE_DET_2016,1.0,1.0,1.0,1.0,0.381,0.619,,,,,,,1.0,1.0,1.0,1.0,0.333,0.667,,,,,,,,,,,,,,,,,,,,,2.0,0.0,0.0,0.0,0.0,0.0,0.0,0.0,0.0,0.0,0.0,0.0,0.0,0.0,0.0,0.0,0.0,0.0,,,1.22,437.0,0.08,0.05,0.04,4.93,0.0,0.0,,,,,,,,,,,,,,,,,,,,,,,
2592,James Jones,James,1610612739,CLE,35.0,1,1,0,1.0,18.411666666666665,3,6,0.5,1,4,0.25,3,3,1.0,2,1,3,1,0,0,0,0,0,2,10,8,15.1,0,0,15.0,1,1,1,1,148,100,115,76,44,42,74,45,70,1,23,150,112,112,150,101,62,1,1,84,90,59,135,20,2,125,,1,0.071,6.0,100.7,102.7,82.1,0.19,0.048,115,0.0,37,0.095,134,192,140,0.683,128,79.3,100,102.7,66,96.77,26,63,0.0,131,0.111,30,95.16,83.3,83.3,41,57,3.0,130,95.16,75,12.5,1,19.4,18.6,0.18,0.583,130,31,66,117,31,129,115,130,115,19.4,0.175,134,0.0,2.0,0.0,0.053,3.0,19.0,0.053,0.0,20.0,1.0,0.0,1.0,2.0,1.0,0.0,0.0,0.0,0.0,0.0,0.0,0.0,1.0,0.0,0.0,1.0,0.0,2.0,1.0,0.0,26.0,10.0,0.5,0.0,0.0,1.07,0.0,0.0,21.0,0.385,0.35,0.0,17.3,1.0,6.7,1.0,0.0,1.0,0.0,0.0,1.0,1.0,3.0,0.0,2.0,3.0,0.0,0.0,1.0,0.0,1.0,2.0,1.0,0.0,22.7,,,,,,,,,,,,,,,,,,,,,,,,,,,,,,4.0,3.0,0.625,1.0,0.667,2.0,1.0,1.0,0.5,0.167,1.0,0.5,0.333,0.333,0.0,1.0,0.167,1.0,0.167,1.0,0.0,0.5,1.0,2.0,0.5,1.0,0.0,0.0,0.0,,,,0.0,0.0,0.0,0.0,0.0,0.0,0.583,0.4,0.0,5.0,0.0,0.0,0.0,1.0,,0.0,0.0,4.0,0.25,0.0,0.0,0.0,0.0,0.0,1.0,,,1.0,0.0,0.0,0.0,1.0,1.0,1.0,1.0,G-F,24.0,15.0,0.353,0.625,0.587,0.038,0.0,0.0,0.0,1.0,,0.0,0.0,2.0,0.0,1.0,0.0,0.0,0.0,0.0,0.0,0.0,0.0,3.0,1.0,0.0,0.667,,,2.0,0.0,CLE,0.0,0.0,5.0,0.25,4.0,1.0,0.5,2.0,2016,21500499,,CLE,ORL,20160102.0,2015-16,False,CLE,ORL,,,1.0,1.0,4.0,0.25,0.465,-0.215,0.75,1.0,3.0,0.333,0.362,-0.028,0.25,0.0,1.0,0.0,0.536,-0.536,,,,,,,0.25,0.0,1.0,0.0,0.56,-0.56,0.75,1.0,3.0,0.333,0.377,-0.044,,,26.0,0.0,0.0,0.0,0.0,0.0,0.0,0.0,0.0,0.0,0.0,0.0,0.0,0.0,0.0,0.0,0.0,0.0,,,18.42,6892.0,1.31,0.75,0.56,4.24,4.3,4.18,,,,,,,,,,,,,,,,,,,,,,,
2592,James Jones,James,1610612739,CLE,35.0,1,1,0,1.0,7.816666666666666,0,4,0.0,0,3,0.0,0,0,0.0,0,0,0,0,0,0,0,0,1,1,0,2,0.0,0,0,0.0,1,1,1,1,233,229,182,229,113,73,113,145,154,145,127,240,244,177,182,116,71,1,58,122,239,100,259,15,2,259,,1,0.0,4.0,109.4,111.1,107.4,-0.2,0.0,73,0.0,18,0.0,32,240,244,0.0,133,89.55,229,111.1,110,107.59,263,122,0.0,109,0.0,180,107.46,105.9,105.9,127,239,0.0,33,107.46,229,0.0,1,5.2,2.0,0.207,0.0,79,173,110,177,173,127,182,177,73,5.2,0.19,32,0.0,0.0,0.0,0.0,0.0,12.0,0.0,0.0,12.0,0.0,0.0,1.0,0.0,0.0,0.0,0.0,0.0,0.0,0.0,0.0,0.0,1.0,0.0,0.0,0.0,0.0,0.0,1.0,1.0,17.0,0.0,0.4,2.0,2.0,1.34,0.0,0.0,12.0,0.0,0.41,,,,,,,,,,,,,,,,,,,,,,,,,,,,,,,,,,,,,,,,,1.0,0.25,0.0,0.0,0.0,0.0,0.25,1.0,0.0,,0.0,0.0,0.0,,,,,,,,,,,,,,0.75,0.0,0.0,0.0,3.0,0.75,,0.0,0.0,0.0,3.0,0.0,0.0,0.0,0.0,0.0,0.0,0.0,,0.0,1.0,0.0,0.0,2.0,0.0,0.0,0.0,0.0,0.0,2.0,0.0,,0.0,0.0,0.0,0.0,2.0,0.0,,0.0,,,0.0,0.0,0.0,1.0,0.0,,1.0,,1.0,0.0,0.0,0.0,G-F,14.0,10.0,0.424,0.714,0.574,0.14,0.0,0.0,,0.0,,,,1.0,0.0,0.0,,0.0,,,0.0,0.0,0.0,2.0,0.0,0.0,0.0,,,0.0,0.0,CLE,0.0,1.0,3.0,0.0,3.0,0.0,0.0,0.0,2016,21500227,,CHA,CLE,20151127.0,2015-16,False,CLE,CHA,,,,,,,,,,,,,,,,,,,,,,,,,,,,,,,,,,,,,,,,,17.0,0.0,0.0,0.0,0.0,0.0,0.0,0.0,0.0,0.0,0.0,0.0,0.0,0.0,0.0,0.0,0.0,0.0,,,7.82,3026.0,0.57,0.3,0.27,4.63,4.42,4.84,,,,,,,,,,,,,,,,,,,,,,,
2592,James Jones,James,1610612739,CLE,35.0,1,0,1,0.0,3.733333333333333,0,0,0.0,0,0,0.0,0,0,0.0,0,0,0,0,0,0,0,0,0,1,0,-3,0.0,0,0,0.0,1,75,75,75,137,127,138,127,58,90,58,75,78,75,72,127,130,100,97,70,47,1,1,63,131,88,138,17,2,138,,1,0.0,0.0,42.9,42.9,87.2,0.0,0.0,142,0.0,7,0.0,99,127,130,0.0,75,80.36,127,42.9,133,89.23,114,137,0.0,141,0.0,41,96.43,75.0,75.0,72,131,0.0,133,96.43,127,0.0,1,-32.1,-44.4,0.0,0.0,143,16,133,100,16,141,138,100,142,-32.1,0.0,99,0.0,0.0,0.0,0.0,0.0,4.0,0.0,0.0,3.0,0.0,0.0,0.0,0.0,0.0,0.0,0.0,0.0,0.0,0.0,0.0,0.0,0.0,0.0,0.0,0.0,0.0,0.0,0.0,0.0,4.0,0.0,0.1,0.0,0.0,0.9,0.0,0.0,3.0,0.0,0.0,,,,,,,,,,,,,,,,,,,,,,,,,,,,,,,,,,,,,,,,,,,,,,,,,,,,,,,,,,,,,,,,,,,,,,,,,,,,,,,,0.0,,0.0,,,,,0.0,0.0,0.0,0.0,0.0,0.0,0.0,0.0,0.0,0.0,0.0,,0.0,,0.0,0.0,0.0,0.0,0.0,0.0,0.0,0.0,0.0,0.0,,,0.0,,0.0,,0.0,0.0,0.0,0.0,G-F,6.0,5.0,0.375,0.833,0.578,0.255,0.0,0.0,,0.0,,,,0.0,0.0,0.0,,0.0,,,0.0,0.0,0.0,0.0,0.0,0.0,0.0,,,0.0,0.0,CLE,0.0,0.0,0.0,,,,,0.0,2016,21500141,,MIL,CLE,20151114.0,2015-16,False,CLE,MIL,,,,,,,,,,,,,,,,,,,,,,,,,,,,,,,,,,,,,,,,,4.0,0.0,0.0,0.0,0.0,0.0,0.0,0.0,0.0,0.0,0.0,0.0,0.0,0.0,0.0,0.0,0.0,0.0,,,3.73,1402.0,0.27,0.17,0.09,4.81,5.18,4.21,,,,,,,,,,,,,,,,,,,,,,,
2592,James Jones,James,1610612739,CLE,35.0,1,1,0,1.0,12.933333333333334,1,4,0.25,1,4,0.25,0,0,0.0,0,3,3,1,2,1,0,0,2,0,3,-5,9.1,0,0,10.0,1,1,1,1,190,169,164,170,44,42,72,132,145,132,121,93,121,103,35,51,71,1,103,173,182,147,183,15,2,168,,210,0.1,4.0,59.2,60.9,79.6,0.05,0.188,222,28.6,23,0.0,205,54,84,0.375,99,74.23,169,60.9,165,88.18,154,181,0.5,61,0.333,22,89.07,76.0,76.0,121,164,1.0,212,89.07,145,14.3,210,-15.1,-20.3,0.234,0.375,223,13,165,19,13,61,164,92,222,-15.1,0.231,205,28.6,2.0,0.0,0.048,2.0,21.0,0.048,0.0,14.0,1.0,0.0,0.0,0.0,0.0,0.0,0.0,0.0,0.0,0.0,0.0,1.0,1.0,0.0,0.0,0.0,1.0,0.0,0.0,0.0,26.0,3.0,0.7,0.0,0.0,1.5,0.0,0.0,15.0,0.115,0.42,0.0,11.8,4.0,11.8,3.0,0.0,0.5,0.0,0.0,0.0,0.75,6.0,0.0,0.0,3.0,0.0,0.0,0.0,0.0,0.5,2.0,0.75,0.0,0.0,,,,,,,,,,,,,,,,,,,,,,,,,,,,,,1.0,1.0,0.0,0.0,0.25,0.0,0.0,,0.25,0.0,0.0,0.0,0.0,0.75,1.0,0.0,0.0,3.0,0.75,,0.333,0.5,0.0,3.0,0.333,1.0,0.0,0.0,0.0,,,,0.0,0.0,0.0,0.0,0.0,0.0,0.375,0.25,0.0,3.0,0.0,0.0,,0.0,0.0,0.0,0.0,3.0,0.333,1.0,0.0,0.0,0.0,0.0,0.0,0.0,0.0,1.0,,1.0,,0.0,0.0,0.0,0.0,G-F,24.0,15.0,0.375,0.625,0.587,0.038,0.0,0.5,,0.0,0.0,,,2.0,0.0,0.0,,0.0,,,0.0,1.0,0.0,2.0,0.0,0.0,0.0,0.0,0.0,0.0,0.0,CLE,0.0,0.0,4.0,0.25,4.0,1.0,0.375,1.0,2016,21500466,,PHX,CLE,20151228.0,2015-16,False,CLE,PHX,,,1.0,2.0,6.0,0.333,0.427,-0.094,0.5,1.0,3.0,0.333,0.393,-0.06,0.5,1.0,3.0,0.333,0.475,-0.142,0.167,1.0,1.0,1.0,0.649,0.351,0.5,1.0,3.0,0.333,0.558,-0.225,0.5,1.0,3.0,0.333,0.387,-0.054,,,26.0,0.0,0.0,0.0,0.0,0.0,0.0,0.0,0.0,0.0,0.0,0.0,0.0,0.0,0.0,0.0,0.0,0.0,,,12.93,4798.0,0.91,0.51,0.4,4.19,4.52,3.83,,,,,,,,,,,,,,,,,,,,,,,
2592,James Jones,James,1610612739,CLE,35.0,1,0,1,0.0,6.5,0,0,0.0,0,0,0.0,0,0,0.0,0,0,0,0,0,0,1,0,1,0,0,-3,3.0,0,0,2.0,1,84,84,84,154,146,161,146,71,111,71,93,101,93,87,142,150,132,106,72,19,1,37,119,150,102,150,14,2,154,,1,0.0,0.0,66.7,66.7,91.7,-0.028,0.0,162,0.0,12,0.0,125,142,150,0.0,91,76.92,146,66.7,125,88.62,150,135,0.0,163,0.0,33,92.31,84.6,84.6,87,150,0.0,147,92.31,146,0.0,1,-17.9,-25.0,0.0,0.0,163,16,125,132,16,163,161,132,162,-17.9,0.0,125,0.0,0.0,0.0,0.0,0.0,5.0,0.0,0.0,1.0,0.0,0.0,0.0,0.0,0.0,0.0,0.0,0.0,0.0,0.0,0.0,0.0,0.0,0.0,0.0,0.0,0.0,0.0,0.0,0.0,5.0,0.0,0.1,0.0,0.0,1.58,0.0,0.0,1.0,0.0,0.2,,,,,,,,,,,,,,,,,,,,,,,,,,,,,,,,,,,,,,,,,,,,,,,,,,,,,,,,,,,,,,,,,,,,,,,,,,,,,,,,0.0,,0.0,,,,,0.0,0.0,0.0,0.0,0.0,0.0,0.0,0.0,0.0,0.0,0.0,,0.0,,0.0,0.0,0.0,0.0,0.0,0.0,0.0,0.0,0.0,0.0,,,0.0,,0.0,,0.0,0.0,0.0,0.0,G-F,32.0,21.0,0.376,0.656,0.59,0.066,0.0,0.0,,0.0,,,,0.0,,0.0,,0.0,,,0.0,0.0,0.0,0.0,0.0,0.0,0.0,,,0.0,0.0,CLE,,,0.0,,,,,0.0,2016,21500659,,CLE,CHI,20160123.0,2015-16,False,CLE,CHI,,,1.0,1.0,3.0,0.333,0.414,-0.081,,,,,,,1.0,1.0,3.0,0.333,0.436,-0.103,,,,,,,,,,,,,1.0,1.0,3.0,0.333,0.378,-0.045,,,5.0,0.0,0.0,0.0,0.0,0.0,0.0,0.0,0.0,0.0,0.0,0.0,0.0,0.0,0.0,0.0,0.0,0.0,,,6.5,2710.0,0.51,0.27,0.25,4.63,6.39,3.27,,,,,,,,,,,,,,,,,,,,,,,
2592,James Jones,James,1610612739,CLE,35.0,1,1,0,1.0,4.526666666666666,0,0,0.0,0,0,0.0,0,0,0.0,0,0,0,0,0,0,0,0,0,0,0,-1,0.0,0,0,0.0,1,1,1,1,265,237,265,237,113,177,113,143,153,143,149,236,244,191,182,135,96,1,1,193,243,138,268,22,1,269,,1,0.0,0.0,50.6,55.6,76.1,0.0,0.0,271,0.0,9,0.0,159,236,244,0.0,138,79.53,237,55.6,168,94.16,229,223,0.0,269,0.0,13,95.43,66.7,66.7,149,243,0.0,179,95.43,237,0.0,1,-11.1,-25.5,0.0,0.0,272,5,167,191,5,269,265,191,271,-11.1,0.0,159,0.0,0.0,0.0,0.0,0.0,7.0,0.0,0.0,5.0,0.0,0.0,0.0,0.0,0.0,0.0,0.0,0.0,0.0,0.0,0.0,0.0,0.0,0.0,0.0,0.0,0.0,0.0,0.0,0.0,7.0,0.0,0.1,0.0,0.0,1.19,0.0,0.0,5.0,0.0,0.29,,,,,,,,,,,,,,,,,,,,,,,,,,,,,,,,,,,,,,,,,,,,,,,,,,,,,,,,,,,,,,,,,,,,,,,,,,,,,,,,0.0,,0.0,,,,,0.0,0.0,0.0,0.0,0.0,0.0,0.0,0.0,0.0,0.0,0.0,0.0,0.0,0.0,0.0,0.0,0.0,0.0,0.0,0.0,0.0,0.0,0.0,0.0,0.0,0.0,0.0,0.0,0.0,0.0,0.0,0.0,0.0,0.0,G-F,23.0,14.0,0.411,0.609,0.585,0.024,0.0,0.0,0.0,0.0,,0.0,0.0,0.0,0.0,0.0,0.0,0.0,0.0,0.0,0.0,0.0,0.0,0.0,0.0,0.0,0.0,,,0.0,0.0,CLE,0.0,0.0,0.0,,,,,0.0,2016,21500424,,CLE,NYK,20151223.0,2015-16,False,CLE,NYK,,,,,,,,,,,,,,,,,,,,,,,,,,,,,,,,,,,,,,,,,7.0,0.0,0.0,0.0,0.0,0.0,0.0,0.0,0.0,0.0,0.0,0.0,0.0,0.0,0.0,0.0,0.0,0.0,,,4.53,1649.0,0.31,0.19,0.12,3.98,4.96,2.85,,,,,,,,,,,,,,,,,,,,,,,
2592,James Jones,James,1610612739,CLE,35.0,1,1,0,1.0,15.05,4,6,0.667,4,5,0.8,0,0,0.0,0,1,1,0,0,0,0,1,0,0,12,-5,13.2,0,0,17.0,1,1,1,1,118,48,80,19,2,16,10,88,95,88,79,108,121,109,99,72,50,97,1,109,41,102,98,12,1,73,,1,0.04,6.0,119.4,112.9,133.5,0.138,0.083,34,0.0,31,0.0,89,98,116,1.0,77,82.39,48,112.9,112,94.53,43,102,0.0,70,0.0,145,98.87,129.0,129.0,79,3,4.0,124,98.87,3,0.0,1,-16.1,-14.1,0.198,1.0,19,141,112,109,141,77,80,109,34,-16.1,0.182,89,0.0,2.0,0.0,0.0,0.0,19.0,0.0,0.0,15.0,0.0,0.0,1.0,0.0,0.0,0.0,0.0,0.0,0.0,0.0,0.0,0.0,1.0,0.0,0.0,0.0,0.0,0.0,0.0,0.0,26.0,12.0,0.6,0.0,0.0,1.39,0.0,0.0,14.0,0.462,0.15,0.0,10.0,1.0,10.0,1.0,1.0,0.5,1.0,0.0,0.0,0.0,2.0,0.0,0.0,1.0,0.0,0.0,0.0,0.0,1.0,1.0,1.0,0.0,0.0,,,,,,,,,,,,,,,,,0.0,0.0,1.0,,0.2,1.0,0.2,1.0,1.5,1.0,0.0,1.0,1.0,2.0,2.0,1.5,2.0,0.4,2.0,0.0,,0.4,0.0,0.0,1.0,1.0,0.4,1.0,0.0,0.0,2.0,0.4,,0.5,0.75,0.0,2.0,0.5,1.0,0.0,0.0,0.0,,,,0.0,0.0,0.0,0.0,0.0,0.0,1.0,0.8,0.0,12.0,0.0,1.0,,0.0,,0.0,1.0,4.0,0.75,1.0,1.0,1.0,1.0,0.0,0.0,,,3.0,,1.0,,0.0,0.0,0.0,0.0,G-F,3.0,2.0,0.429,0.667,0.566,0.1,0.0,0.5,,0.0,,,0.0,2.0,0.0,0.0,0.0,0.0,,0.0,0.0,1.0,0.0,3.0,1.0,0.0,1.0,,,3.0,0.0,CLE,0.0,0.0,5.0,0.8,5.0,4.0,1.2,4.0,2016,21500046,,PHI,CLE,20151102.0,2015-16,False,CLE,PHI,,,1.0,1.0,3.0,0.333,0.399,-0.066,0.667,0.0,2.0,0.0,0.353,-0.353,0.333,1.0,1.0,1.0,0.429,0.571,0.333,1.0,1.0,1.0,0.5,0.5,0.333,1.0,1.0,1.0,0.485,0.515,0.667,0.0,2.0,0.0,0.351,-0.351,,,26.0,0.0,0.0,0.0,0.0,0.0,0.0,0.0,0.0,0.0,0.0,0.0,0.0,0.0,0.0,0.0,0.0,0.0,,,15.05,5238.0,0.99,0.49,0.5,4.0,4.0,3.99,,,,,,,,,,,,,,,,,,,,,,,
2592,James Jones,James,1610612739,CLE,35.0,1,1,0,1.0,8.25,2,2,1.0,2,2,1.0,0,0,0.0,0,1,1,0,0,0,1,0,0,0,6,10,10.2,0,0,11.0,1,1,1,1,174,107,161,1,23,66,1,96,106,96,92,131,144,139,122,95,24,1,1,132,105,31,144,18,2,133,,1,0.05,2.0,155.3,150.0,100.2,0.147,0.077,1,0.0,20,0.0,3,130,126,1.5,98,94.55,107,150.0,5,114.27,46,6,0.0,171,0.0,90,113.45,105.3,105.3,92,1,2.0,1,113.45,1,0.0,1,44.7,55.1,0.094,1.5,2,108,5,139,108,170,161,139,1,44.7,0.091,3,0.0,0.0,0.0,0.0,0.0,11.0,0.0,0.0,9.0,0.0,0.0,0.0,0.0,0.0,0.0,0.0,0.0,0.0,0.0,0.0,0.0,0.0,0.0,0.0,0.0,0.0,0.0,0.0,0.0,14.0,6.0,0.4,0.0,0.0,1.91,0.0,0.0,9.0,0.429,0.07,0.0,13.4,1.0,13.4,1.0,0.0,1.0,0.0,0.0,0.0,1.0,1.0,0.0,0.0,1.0,0.0,0.0,0.0,0.0,1.0,0.0,1.0,0.0,0.0,,,,,,,,,,,,,,,,,0.0,0.0,1.0,,0.5,1.0,0.5,1.0,1.5,1.0,0.0,1.0,1.0,,,,,,,,,,,,,,0.5,1.0,0.0,0.0,1.0,0.5,,1.0,1.5,0.0,1.0,1.0,1.0,0.0,0.0,0.0,,,,0.0,0.0,0.0,0.0,0.0,0.0,1.5,1.0,0.0,6.0,0.0,0.0,0.0,0.0,0.0,0.0,0.0,2.0,1.0,,0.0,,,0.0,0.0,0.0,0.0,2.0,0.0,0.0,0.0,0.0,0.0,0.0,0.0,G-F,40.0,26.0,0.377,0.65,0.588,0.062,0.0,1.0,,0.0,,,0.0,2.0,0.0,0.0,0.0,0.0,,0.0,0.0,2.0,0.0,0.0,0.0,0.0,0.0,,,0.0,0.0,CLE,0.0,0.0,2.0,1.0,2.0,2.0,1.5,2.0,2016,21501044,,CLE,DEN,20160321.0,2015-16,False,CLE,DEN,,,1.0,0.0,4.0,0.0,0.452,-0.452,0.75,0.0,3.0,0.0,0.358,-0.358,0.25,0.0,1.0,0.0,0.557,-0.557,,,,,,,0.25,0.0,1.0,0.0,0.585,-0.585,0.75,0.0,3.0,0.0,0.371,-0.371,,,14.0,0.0,0.0,0.0,0.0,0.0,0.0,0.0,0.0,0.0,0.0,0.0,0.0,0.0,0.0,0.0,0.0,0.0,,,8.25,3185.0,0.6,0.29,0.31,4.39,4.85,4.01,,,,,,,,,,,,,,,,,,,,,,,
2592,James Jones,James,1610612739,CLE,35.0,1,0,1,0.0,15.301666666666666,2,3,0.667,2,3,0.667,0,0,0.0,0,2,2,1,0,0,0,0,1,0,6,6,9.9,0,0,11.0,1,126,126,126,183,136,189,28,27,70,25,129,144,129,119,131,152,108,160,113,89,1,48,176,136,53,175,28,1,163,,1,0.063,3.0,127.0,135.5,131.8,0.088,0.133,14,0.0,31,0.0,105,111,153,1.0,121,82.34,136,135.5,30,94.73,127,133,0.0,229,0.083,234,98.81,112.5,112.5,119,12,2.0,155,98.81,8,25.0,1,23.0,-4.8,0.083,1.0,22,182,30,131,182,230,189,40,14,23.0,0.083,105,0.0,2.0,0.0,0.067,2.0,15.0,0.067,0.0,9.0,1.0,0.0,0.0,0.0,0.0,0.0,0.0,0.0,0.0,0.0,0.0,0.0,0.0,0.0,0.0,0.0,0.0,0.0,0.0,0.0,18.0,6.0,0.3,0.0,0.0,1.15,0.0,0.0,9.0,0.333,0.11,0.0,9.4,1.0,9.4,2.0,0.0,1.0,0.0,0.0,0.0,2.0,2.0,0.0,0.0,2.0,0.0,0.0,0.0,0.0,1.0,1.0,2.0,0.0,0.0,,,,,,,,,,,,,,,,,0.0,0.0,1.0,,0.333,0.0,0.333,1.0,0.0,0.0,0.0,0.0,0.0,1.0,1.0,1.5,1.0,0.333,1.0,0.0,,0.333,0.0,0.0,1.0,1.0,0.333,1.0,0.0,0.0,1.0,0.333,,1.0,1.5,0.0,1.0,1.0,1.0,0.0,0.0,0.0,,,,0.0,0.0,0.0,0.0,0.0,0.0,1.0,0.667,0.0,6.0,0.0,1.0,0.0,0.0,,0.0,0.0,2.0,0.5,1.0,1.0,1.0,1.0,0.0,0.0,,,1.0,0.0,1.0,0.0,0.0,0.0,0.0,0.0,G-F,14.0,10.0,0.424,0.714,0.574,0.14,0.0,0.0,,0.0,0.0,,0.0,0.0,0.0,0.0,0.0,0.0,,0.0,0.0,0.0,0.0,3.0,0.0,0.0,0.667,0.0,0.0,2.0,0.0,CLE,0.0,0.0,3.0,0.667,3.0,2.0,1.0,2.0,2016,21500219,,TOR,CLE,20151125.0,2015-16,False,CLE,TOR,,,1.0,1.0,3.0,0.333,0.42,-0.086,1.0,1.0,3.0,0.333,0.367,-0.033,,,,,,,,,,,,,,,,,,,1.0,1.0,3.0,0.333,0.375,-0.042,,,18.0,0.0,0.0,0.0,0.0,0.0,0.0,0.0,0.0,0.0,0.0,0.0,0.0,0.0,0.0,0.0,0.0,0.0,,,15.3,5581.0,1.06,0.52,0.54,4.32,4.2,3.68,,,,,,,,,,,,,,,,,,,,,,,
2592,James Jones,James,1610612739,CLE,35.0,1,1,0,1.0,4.633333333333334,0,0,0.0,0,0,0.0,1,2,0.5,0,0,0,2,0,0,0,0,0,1,1,5,4.0,0,0,3.0,1,1,1,1,22,21,25,21,13,16,13,9,9,8,15,19,22,7,16,9,7,1,1,13,21,9,21,3,1,22,,1,0.0,0.0,110.3,100.0,67.3,0.222,0.0,13,0.0,12,0.0,1,19,22,0.568,11,99.28,21,100.0,4,110.23,2,4,0.0,25,0.4,2,119.14,63.6,63.6,15,11,0.0,3,119.14,21,66.7,1,36.4,43.0,0.074,0.0,11,2,4,1,2,23,25,1,13,36.4,0.077,1,0.0,0.0,0.0,0.4,5.0,5.0,0.4,0.0,3.0,2.0,0.0,0.0,0.0,0.0,0.0,0.0,0.0,0.0,0.0,0.0,0.0,0.0,0.0,0.0,0.0,0.0,0.0,0.0,0.0,6.0,1.0,0.1,0.0,0.0,1.14,0.0,0.0,3.0,0.167,0.17,,,,,,,,,,,,,,,,,,,,,,,,,,,,,,,,,,,,,,,,,,,,,,,,,,,,,,,,,,,,,,,,,,,,,,,,,,,,,,,,0.0,,0.0,,,,,0.0,0.0,0.0,0.0,0.0,0.0,0.0,0.0,0.0,0.0,,0.0,0.0,,0.0,0.0,0.0,0.0,,,,,0.0,0.0,,,0.0,0.0,,0.0,0.0,0.0,0.0,0.0,G-F,4.0,2.0,0.25,0.5,0.576,-0.076,0.0,0.0,0.0,0.0,,0.0,0.0,0.0,0.0,0.0,0.0,0.0,0.0,0.0,0.0,0.0,0.0,0.0,0.0,0.0,0.0,,,0.0,0.0,CLE,0.0,0.0,0.0,,,,,0.0,2016,41500403,,CLE,GSW,20160608.0,2015-16,True,CLE,GSW,1610612744.0,CLE_GSW_2016,1.0,0.0,2.0,0.0,0.423,-0.423,,,,,,,1.0,0.0,2.0,0.0,0.429,-0.429,,,,,,,,,,,,,1.0,0.0,2.0,0.0,0.426,-0.426,1610612739.0,CLE,6.0,0.0,0.0,0.0,0.0,0.0,0.0,0.0,0.0,0.0,0.0,0.0,0.0,0.0,0.0,0.0,0.0,0.0,1610612739.0,CLE,4.63,1733.0,0.33,0.19,0.14,3.88,4.88,2.75,1.0,1.0,0.0,0.0,0.0,2.0,5.0,0.0,0.0,0.0,0.0,0.0,0.0,0.0,0.0,0.0,0.0,0.0,0.0,0.0,0.0,1610612739.0,CLE
2592,James Jones,James,1610612739,CLE,35.0,1,0,1,0.0,1.6333333333333333,0,0,0.0,0,0,0.0,0,0,0.0,0,0,0,0,0,0,0,0,0,1,0,-1,0.0,0,0,0.0,1,10,10,10,19,17,20,17,14,18,14,8,8,8,10,18,18,15,12,6,6,1,1,6,17,11,20,1,1,20,,1,0.0,0.0,150.0,150.0,277.8,0.0,0.0,1,0.0,2,0.0,19,18,18,0.0,11,48.98,17,150.0,19,50.55,16,19,0.0,20,0.0,19,58.78,200.0,200.0,10,17,0.0,19,58.78,17,0.0,1,-50.0,-127.8,0.0,0.0,1,19,19,15,19,20,20,15,1,-50.0,0.0,19,0.0,0.0,0.0,0.0,0.0,2.0,0.0,0.0,2.0,0.0,0.0,0.0,0.0,0.0,0.0,0.0,0.0,0.0,0.0,0.0,0.0,0.0,0.0,0.0,0.0,0.0,0.0,0.0,0.0,2.0,0.0,0.1,0.0,0.0,2.96,0.0,0.0,2.0,0.0,0.5,,,,,,,,,,,,,,,,,,,,,,,,,,,,,,,,,,,,,,,,,,,,,,,,,,,,,,,,,,,,,,,,,,,,,,,,,,,,,,,,0.0,,0.0,,,,,0.0,0.0,0.0,0.0,0.0,0.0,0.0,0.0,0.0,0.0,,,0.0,,,,0.0,0.0,,,,,,,,,0.0,,,,0.0,0.0,,,G-F,2.0,1.0,0.4,0.5,0.591,-0.091,0.0,0.0,,,,,,0.0,,,,,,,0.0,0.0,,0.0,,,0.0,,,0.0,0.0,CLE,,,0.0,,,,,0.0,2016,41500303,,TOR,CLE,20160521.0,2015-16,True,CLE,TOR,1610612761.0,CLE_TOR_2016,,,,,,,,,,,,,,,,,,,,,,,,,,,,,,,,,,,,,1610612739.0,CLE,2.0,0.0,0.0,0.0,0.0,0.0,0.0,0.0,0.0,0.0,0.0,0.0,0.0,0.0,0.0,0.0,0.0,0.0,1610612739.0,CLE,1.63,375.0,0.07,0.03,0.04,3.66,0.0,0.0,0.0,0.0,0.0,0.0,0.0,1.0,3.0,0.0,0.0,0.0,0.0,0.0,0.0,0.0,0.0,0.0,0.0,0.0,0.0,0.0,0.0,1610612739.0,CLE
2592,James Jones,James,1610612739,CLE,35.0,1,1,0,1.0,6.4,0,1,0.0,0,1,0.0,0,0,0.0,0,0,0,0,0,0,0,0,0,0,0,2,0.0,0,0,0.0,1,1,1,1,21,23,23,23,10,12,10,16,16,16,8,22,23,15,16,13,5,1,1,19,23,11,24,1,1,24,,1,0.0,1.0,78.4,83.3,74.3,-0.1,0.0,18,0.0,12,0.0,22,22,23,0.0,12,75.0,23,83.3,10,88.2,25,12,0.0,25,0.0,5,90.0,66.7,66.7,8,23,0.0,20,90.0,23,0.0,1,16.7,4.0,0.063,0.0,20,4,10,15,4,25,23,15,18,16.7,0.063,22,0.0,2.0,0.0,0.0,0.0,9.0,0.0,0.0,9.0,0.0,0.0,0.0,0.0,0.0,0.0,0.0,0.0,0.0,0.0,0.0,0.0,0.0,0.0,0.0,0.0,0.0,0.0,0.0,0.0,11.0,0.0,0.4,0.0,0.0,2.0,0.0,0.0,8.0,0.0,0.27,,,,,,,,,,,,,,,,,,,,,,,,,,,,,,,,,,,,,,,,,,,,,,,,,,,,,,,,,,,,,,,,,,,1.0,0.0,0.0,0.0,1.0,1.0,,0.0,0.0,0.0,1.0,0.0,0.0,0.0,0.0,0.0,,,,0.0,0.0,0.0,0.0,0.0,0.0,0.0,0.0,0.0,0.0,0.0,0.0,,0.0,0.0,0.0,0.0,1.0,0.0,0.0,0.0,0.0,0.0,0.0,0.0,0.0,0.0,0.0,,0.0,,0.0,0.0,0.0,0.0,G-F,1.0,1.0,0.333,1.0,0.573,0.427,0.0,,,0.0,,,,,0.0,0.0,,0.0,,,0.0,,0.0,1.0,0.0,0.0,0.0,,,0.0,0.0,CLE,0.0,0.0,1.0,0.0,1.0,0.0,0.0,0.0,2016,41500301,,CLE,TOR,20160517.0,2015-16,True,CLE,TOR,1610612761.0,CLE_TOR_2016,,,,,,,,,,,,,,,,,,,,,,,,,,,,,,,,,,,,,1610612739.0,CLE,11.0,0.0,0.0,0.0,0.0,0.0,0.0,0.0,0.0,0.0,0.0,0.0,0.0,0.0,0.0,0.0,0.0,0.0,1610612739.0,CLE,6.4,2313.0,0.44,0.29,0.15,3.74,4.8,2.26,1.0,1.0,0.0,0.0,0.0,0.0,0.0,0.0,0.0,0.0,0.0,0.0,0.0,0.0,0.0,0.0,0.0,0.0,0.0,0.0,0.0,1610612739.0,CLE
2592,James Jones,James,1610612739,CLE,35.0,1,1,0,1.0,7.666666666666667,0,4,0.0,0,2,0.0,0,0,0.0,0,1,1,0,1,0,0,0,0,0,0,-1,0.2,0,0,1.0,1,1,1,1,25,23,18,23,19,12,19,13,13,13,9,17,18,18,9,9,5,1,1,19,24,15,26,3,1,25,,21,0.067,4.0,68.8,78.6,93.2,-0.25,0.143,25,20.0,14,0.0,23,10,12,0.0,14,73.04,23,78.6,15,90.41,26,16,0.0,3,0.0,7,87.65,85.7,85.7,9,24,0.0,17,87.65,23,0.0,21,-7.1,-24.4,0.313,0.0,25,5,15,18,5,3,18,18,25,-7.1,0.313,23,20.0,1.0,0.0,0.0,0.0,13.0,0.0,0.0,14.0,0.0,0.0,0.0,0.0,0.0,0.0,0.0,0.0,0.0,0.0,0.0,0.0,0.0,0.0,0.0,0.0,0.0,0.0,0.0,0.0,18.0,0.0,0.6,0.0,0.0,2.15,0.0,0.0,13.0,0.0,0.72,0.0,6.1,1.0,6.1,1.0,0.0,1.0,0.0,0.0,0.0,1.0,1.0,0.0,0.0,1.0,0.0,0.0,0.0,0.0,1.0,0.0,1.0,0.0,0.0,,,,,,,,,,,,,,,,,2.0,0.5,1.0,0.0,0.25,0.0,0.75,3.0,0.0,0.0,0.0,0.0,0.0,,,,,,,,,,,,,,0.25,0.0,0.0,0.0,1.0,0.25,,0.0,0.0,0.0,1.0,0.0,0.0,0.0,1.0,0.0,0.0,0.0,0.0,0.0,3.0,0.0,0.0,0.0,0.0,0.0,0.0,0.0,0.0,0.0,0.0,,0.0,0.0,0.0,0.0,2.0,0.0,0.0,0.0,0.0,0.0,0.0,0.0,0.0,0.0,0.0,,0.0,,2.0,0.0,0.0,0.0,G-F,1.0,1.0,0.333,1.0,0.573,0.427,1.0,0.0,,0.0,,,,1.0,0.0,0.0,,0.0,,,0.0,0.0,0.0,2.0,0.0,0.0,0.0,,,0.0,0.0,CLE,0.0,0.0,1.0,0.0,1.0,0.0,0.0,0.0,2016,41500202,,CLE,ATL,20160504.0,2015-16,True,CLE,ATL,1610612737.0,CLE_ATL_2016,1.0,2.0,2.0,1.0,0.458,0.543,,,,,,,1.0,2.0,2.0,1.0,0.515,0.485,0.5,1.0,1.0,1.0,0.573,0.427,0.5,1.0,1.0,1.0,0.514,0.486,,,,,,,1610612739.0,CLE,18.0,0.0,0.0,0.0,0.0,0.0,0.0,0.0,0.0,0.0,0.0,0.0,0.0,0.0,0.0,0.0,0.0,0.0,1610612739.0,CLE,7.67,2765.0,0.52,0.31,0.21,3.91,3.93,3.9,1.0,1.0,0.0,0.0,0.0,0.0,0.0,0.0,0.0,0.0,0.0,0.0,0.0,0.0,0.0,0.0,0.0,0.0,0.0,0.0,0.0,1610612739.0,CLE
2592,James Jones,James,1610612739,CLE,35.0,1,1,0,1.0,12.0,2,3,0.667,1,2,0.5,0,0,0.0,1,0,1,1,0,0,0,0,1,0,5,-2,7.7,0,0,8.0,1,1,1,1,18,11,17,7,3,7,2,14,15,14,4,21,18,10,19,13,9,1,5,21,15,14,18,1,1,18,,1,0.036,3.0,72.7,69.6,78.0,0.191,0.0,21,0.0,23,0.1,23,21,20,0.833,13,75.0,11,69.6,15,90.16,8,14,0.0,21,0.2,9,90.0,81.8,81.8,3,6,2.0,20,90.0,7,25.0,1,-12.3,-5.3,0.125,0.833,19,11,15,6,11,21,17,5,21,-12.3,0.12,23,0.0,1.0,0.0,0.053,3.0,19.0,0.053,0.0,18.0,1.0,0.0,0.0,0.0,0.0,0.0,0.0,0.0,0.0,0.0,0.0,0.0,0.0,0.0,0.0,0.0,0.0,0.0,1.0,1.0,23.0,5.0,0.8,0.0,0.0,2.18,0.0,0.0,17.0,0.217,0.61,0.0,8.3,2.0,0.0,0.0,0.0,0.333,0.0,0.0,1.0,0.0,3.0,0.0,1.0,1.0,0.0,0.0,1.0,0.0,0.333,1.0,0.0,0.0,8.3,,,,,,,,,,,,,,,,,,,,,,,,,,,,,,1.0,1.0,0.0,0.0,0.333,0.0,0.0,,0.333,0.0,0.0,0.0,0.0,0.667,1.0,1.0,0.333,1.0,0.333,1.0,1.0,1.25,1.0,2.0,1.0,2.0,1.0,1.0,2.0,0.5,0.5,0.0,0.0,2.0,0.0,0.0,0.0,0.0,0.833,1.0,0.0,3.0,0.0,,0.0,1.0,,0.0,0.0,2.0,0.5,,,,,0.0,0.0,,,1.0,0.0,,0.0,1.0,1.0,0.0,0.0,G-F,3.0,2.0,0.375,0.667,0.566,0.101,1.0,0.5,,0.0,,,0.0,2.0,0.0,0.0,0.0,0.0,,0.0,1.0,1.0,0.0,0.0,0.0,0.0,0.0,,,0.0,1.0,CLE,0.0,0.0,1.0,1.0,1.0,1.0,1.5,1.0,2016,41500305,,CLE,TOR,20160525.0,2015-16,True,CLE,TOR,1610612761.0,CLE_TOR_2016,1.0,1.0,3.0,0.333,0.436,-0.103,,,,,,,1.0,1.0,3.0,0.333,0.474,-0.141,0.333,1.0,1.0,1.0,0.516,0.484,0.333,1.0,1.0,1.0,0.483,0.517,0.667,0.0,2.0,0.0,0.35,-0.35,1610612739.0,CLE,23.0,0.0,0.0,0.0,0.0,0.0,0.0,0.0,0.0,0.0,0.0,0.0,0.0,0.0,0.0,0.0,0.0,0.0,1610612739.0,CLE,12.0,4133.0,0.78,0.45,0.34,4.01,3.71,3.26,2.0,2.0,0.0,1.0,0.0,0.0,0.0,0.0,0.0,0.0,0.0,0.0,0.0,0.0,0.0,0.0,0.0,0.0,0.0,0.0,0.0,1610612739.0,CLE
2592,James Jones,James,1610612739,CLE,35.0,1,0,1,0.0,2.4,0,0,0.0,0,0,0.0,0,0,0.0,0,0,0,0,0,0,0,0,0,0,0,2,0.0,0,0,0.0,1,14,14,14,21,18,23,18,11,17,11,9,10,9,12,18,20,14,11,11,8,1,1,15,19,10,23,5,1,23,,1,0.0,0.0,51.5,40.0,0.0,0.0,0.0,20,0.0,5,0.0,19,18,20,0.0,8,75.0,18,40.0,3,78.8,18,3,0.0,24,0.0,1,90.0,0.0,0.0,12,19,0.0,21,90.0,18,0.0,1,40.0,51.5,0.0,0.0,20,1,3,14,1,24,23,14,20,40.0,0.0,19,0.0,0.0,0.0,0.0,0.0,1.0,0.0,0.0,1.0,0.0,0.0,0.0,0.0,0.0,0.0,0.0,0.0,0.0,0.0,0.0,0.0,0.0,0.0,0.0,0.0,0.0,0.0,0.0,0.0,1.0,0.0,0.0,0.0,0.0,1.84,0.0,0.0,1.0,0.0,0.0,,,,,,,,,,,,,,,,,,,,,,,,,,,,,,,,,,,,,,,,,,,,,,,,,,,,,,,,,,,,,,,,,,,,,,,,,,,,,,,,0.0,,0.0,,,,,0.0,0.0,0.0,0.0,0.0,0.0,0.0,0.0,0.0,0.0,0.0,,0.0,0.0,,,0.0,0.0,,0.0,,,,0.0,0.0,0.0,0.0,,0.0,,0.0,0.0,0.0,0.0,G-F,4.0,2.0,0.444,0.5,0.576,-0.076,0.0,0.0,,0.0,,,,0.0,,0.0,,,,,0.0,0.0,,0.0,0.0,,0.0,,,0.0,0.0,CLE,,,0.0,,,,,0.0,2016,41500401,,GSW,CLE,20160602.0,2015-16,True,CLE,GSW,1610612744.0,CLE_GSW_2016,,,,,,,,,,,,,,,,,,,,,,,,,,,,,,,,,,,,,1610612739.0,CLE,1.0,0.0,0.0,0.0,0.0,0.0,0.0,0.0,0.0,0.0,0.0,0.0,0.0,0.0,0.0,0.0,0.0,0.0,1610612739.0,CLE,2.4,915.0,0.17,0.11,0.07,4.99,5.31,4.7,,,,,,,,,,,,,,,,,,,,,,,
2592,James Jones,James,1610612739,CLE,35.0,1,1,0,1.0,1.2166666666666666,0,0,0.0,0,0,0.0,0,0,0.0,0,0,0,0,0,0,0,0,0,0,0,3,0.0,0,0,0.0,1,1,1,1,65,53,61,53,26,38,26,32,35,32,33,52,55,40,36,27,20,1,1,43,54,20,59,4,1,61,,1,0.0,0.0,250.0,166.7,100.0,0.0,0.0,2,0.0,3,0.0,7,52,55,0.0,27,82.19,53,166.7,5,78.9,55,1,0.0,62,0.0,20,98.63,100.0,100.0,33,54,0.0,59,98.63,53,0.0,1,66.7,150.0,0.0,0.0,1,18,5,40,18,62,61,40,2,66.7,0.0,7,0.0,0.0,0.0,0.0,0.0,2.0,0.0,0.0,0.0,0.0,0.0,0.0,0.0,0.0,0.0,0.0,0.0,0.0,0.0,0.0,0.0,0.0,0.0,0.0,0.0,0.0,0.0,0.0,0.0,2.0,0.0,0.1,0.0,0.0,2.02,0.0,0.0,0.0,0.0,0.0,,,,,,,,,,,,,,,,,,,,,,,,,,,,,,,,,,,,,,,,,,,,,,,,,,,,,,,,,,,,,,,,,,,,,,,,,,,,,,,,0.0,,0.0,,,,,0.0,0.0,0.0,0.0,0.0,0.0,0.0,0.0,0.0,0.0,0.0,,0.0,,0.0,0.0,0.0,0.0,0.0,0.0,0.0,0.0,0.0,,,,0.0,,0.0,,0.0,0.0,,,,,,,,,,,0.0,,,,,,0.0,0.0,,,0.0,,,,0.0,0.0,,,0.0,,,,,,CLE,0.0,0.0,0.0,,,,,0.0,2016,41500102,,CLE,DET,20160420.0,2015-16,True,CLE,DET,1610612765.0,CLE_DET_2016,1.0,1.0,1.0,1.0,0.381,0.619,,,,,,,1.0,1.0,1.0,1.0,0.333,0.667,,,,,,,,,,,,,,,,,,,1610612739.0,CLE,2.0,0.0,0.0,0.0,0.0,0.0,0.0,0.0,0.0,0.0,0.0,0.0,0.0,0.0,0.0,0.0,0.0,0.0,1610612739.0,CLE,1.22,437.0,0.08,0.05,0.04,4.93,0.0,0.0,,,,,,,,,,,,,,,,,,,,,,,
2592,James Jones,James,1610612739,CLE,35.0,1,1,0,1.0,3.316666666666667,0,1,0.0,0,1,0.0,0,0,0.0,0,0,0,0,0,0,0,0,0,0,0,0,0.0,0,0,0.0,1,1,1,1,21,21,21,21,12,14,12,12,13,12,13,22,23,17,13,8,6,1,1,19,21,9,25,2,2,25,,1,0.0,1.0,57.1,57.1,68.0,-0.182,0.0,20,0.0,7,0.0,6,22,23,0.0,12,84.42,21,57.1,9,93.2,25,13,0.0,16,0.0,2,101.31,57.1,57.1,13,21,0.0,19,101.31,21,0.0,1,0.0,-10.9,0.143,0.0,22,1,9,17,1,16,21,17,20,0.0,0.143,6,0.0,1.0,0.0,0.0,0.0,6.0,0.0,0.0,4.0,0.0,0.0,0.0,0.0,0.0,0.0,0.0,0.0,0.0,0.0,0.0,0.0,0.0,0.0,0.0,0.0,0.0,0.0,0.0,0.0,7.0,0.0,0.3,0.0,0.0,2.16,0.0,0.0,4.0,0.0,0.57,,,,,,,,,,,,,,,,,,,,,,,,,,,,,,,,,,,,,,,,,,,,,,,,,,,,,,1.0,1.0,0.0,0.0,1.0,0.0,0.0,,1.0,0.0,0.0,0.0,0.0,,,,,,,,,,,,,,0.0,0.0,0.0,,,,0.0,0.0,0.0,0.0,0.0,0.0,0.0,0.0,0.0,0.0,0.0,0.0,,0.0,0.0,0.0,0.0,1.0,0.0,,0.0,,,0.0,0.0,0.0,0.0,0.0,,0.0,,0.0,0.0,0.0,0.0,G-F,2.0,1.0,0.4,0.5,0.591,-0.091,0.0,0.0,,0.0,,,,0.0,0.0,0.0,,0.0,,,0.0,0.0,0.0,1.0,0.0,0.0,0.0,,,0.0,0.0,CLE,0.0,0.0,1.0,0.0,1.0,0.0,0.0,0.0,2016,41500302,,CLE,TOR,20160519.0,2015-16,True,CLE,TOR,1610612761.0,CLE_TOR_2016,1.0,0.0,2.0,0.0,0.456,-0.456,0.5,0.0,1.0,0.0,0.357,-0.357,0.5,0.0,1.0,0.0,0.543,-0.543,0.5,0.0,1.0,0.0,0.608,-0.608,0.5,0.0,1.0,0.0,0.583,-0.583,0.5,0.0,1.0,0.0,0.28,-0.28,1610612739.0,CLE,7.0,0.0,0.0,0.0,0.0,0.0,0.0,0.0,0.0,0.0,0.0,0.0,0.0,0.0,0.0,0.0,0.0,0.0,1610612739.0,CLE,3.32,1128.0,0.21,0.12,0.09,3.62,3.25,4.08,2.0,1.0,1.0,0.0,0.0,0.0,0.0,0.0,0.0,0.0,0.0,0.0,0.0,0.0,0.0,0.0,0.0,0.0,0.0,0.0,0.0,1610612739.0,CLE
2592,James Jones,James,1610612739,CLE,35.0,1,1,0,1.0,1.8666666666666667,0,0,0.0,0,0,0.0,0,0,0.0,0,0,0,0,0,0,0,0,0,0,0,-1,0.0,0,0,0.0,1,1,1,1,22,15,18,15,9,16,9,10,11,10,12,18,19,12,16,12,11,1,1,15,16,11,20,3,1,20,,1,0.0,0.0,0.0,0.0,53.2,0.0,0.0,20,0.0,3,0.0,22,18,19,0.0,10,53.57,15,0.0,20,49.89,16,20,0.0,21,0.0,3,64.29,50.0,50.0,12,16,0.0,22,64.29,15,0.0,1,-50.0,-53.2,0.0,0.0,20,2,20,12,2,21,18,12,20,-50.0,0.0,22,0.0,0.0,0.0,0.0,0.0,2.0,0.0,0.0,1.0,0.0,0.0,0.0,0.0,0.0,0.0,0.0,0.0,0.0,0.0,0.0,0.0,0.0,0.0,0.0,0.0,0.0,0.0,0.0,0.0,3.0,0.0,0.4,0.0,0.0,8.37,0.0,0.0,2.0,0.0,0.0,,,,,,,,,,,,,,,,,,,,,,,,,,,,,,,,,,,,,,,,,,,,,,,,,,,,,,,,,,,,,,,,,,,,,,,,,,,,,,,,0.0,,0.0,,,,,0.0,0.0,0.0,0.0,0.0,0.0,0.0,0.0,0.0,0.0,0.0,,,0.0,0.0,0.0,0.0,0.0,,0.0,,,0.0,0.0,0.0,0.0,0.0,,0.0,,,,0.0,0.0,G-F,5.0,2.0,0.294,0.4,0.583,-0.183,,0.0,,0.0,,,,0.0,0.0,0.0,,0.0,,,,0.0,0.0,0.0,0.0,0.0,0.0,,,0.0,,CLE,0.0,0.0,0.0,,,,,0.0,2016,41500405,,GSW,CLE,20160613.0,2015-16,True,CLE,GSW,1610612744.0,CLE_GSW_2016,1.0,0.0,1.0,0.0,0.485,-0.485,,,,,,,1.0,0.0,1.0,0.0,0.538,-0.538,1.0,0.0,1.0,0.0,0.609,-0.609,1.0,0.0,1.0,0.0,0.564,-0.564,,,,,,,1610612739.0,CLE,3.0,0.0,0.0,0.0,0.0,0.0,0.0,0.0,0.0,0.0,0.0,0.0,0.0,0.0,0.0,0.0,0.0,0.0,1610612739.0,CLE,1.87,504.0,0.1,0.06,0.04,3.22,5.33,0.0,1.0,1.0,0.0,0.0,0.0,0.0,0.0,0.0,0.0,0.0,0.0,0.0,0.0,0.0,0.0,0.0,0.0,0.0,0.0,0.0,0.0,1610612739.0,CLE
2592,James Jones,James,1610612739,CLE,35.0,1,1,0,1.0,2.6333333333333333,0,0,0.0,0,0,0.0,0,0,0.0,0,0,0,0,0,0,0,0,0,0,0,1,0.0,0,0,0.0,1,1,1,1,20,18,22,18,10,17,10,9,9,9,6,18,18,10,12,10,7,1,1,13,18,11,21,3,1,21,,1,0.0,0.0,60.0,60.0,33.3,0.0,0.0,20,0.0,5,0.0,1,18,18,0.0,7,83.54,18,60.0,8,100.25,18,9,0.0,22,0.0,1,100.25,33.3,33.3,6,18,0.0,2,100.25,18,0.0,1,26.7,26.7,0.0,0.0,20,1,8,10,1,22,22,10,20,26.7,0.0,1,0.0,0.0,0.0,0.0,0.0,2.0,0.0,0.0,1.0,0.0,0.0,0.0,0.0,0.0,0.0,0.0,0.0,0.0,0.0,0.0,0.0,0.0,0.0,0.0,0.0,0.0,0.0,0.0,0.0,2.0,0.0,0.1,0.0,0.0,1.82,0.0,0.0,0.0,0.0,0.5,,,,,,,,,,,,,,,,,,,,,,,,,,,,,,,,,,,,,,,,,,,,,,,,,,,,,,,,,,,,,,,,,,,,,,,,,,,,,,,,0.0,,0.0,,,,,0.0,0.0,0.0,0.0,0.0,0.0,0.0,0.0,0.0,0.0,,,0.0,,,,0.0,0.0,,,,,,0.0,,,0.0,,,,0.0,0.0,0.0,0.0,G-F,4.0,2.0,0.444,0.5,0.576,-0.076,,0.0,,0.0,,,,0.0,0.0,0.0,,,,,,0.0,,0.0,0.0,,0.0,,,0.0,,CLE,0.0,0.0,0.0,,,,,0.0,2016,41500306,,TOR,CLE,20160527.0,2015-16,True,CLE,TOR,1610612761.0,CLE_TOR_2016,1.0,0.0,1.0,0.0,0.479,-0.479,,,,,,,1.0,0.0,1.0,0.0,0.543,-0.543,1.0,0.0,1.0,0.0,0.608,-0.608,1.0,0.0,1.0,0.0,0.583,-0.583,,,,,,,1610612739.0,CLE,2.0,0.0,0.0,0.0,0.0,0.0,0.0,0.0,0.0,0.0,0.0,0.0,0.0,0.0,0.0,0.0,0.0,0.0,1610612739.0,CLE,2.63,894.0,0.17,0.1,0.07,4.54,3.66,5.98,1.0,1.0,0.0,0.0,0.0,0.0,0.0,0.0,0.0,0.0,0.0,0.0,0.0,0.0,0.0,0.0,0.0,0.0,0.0,0.0,0.0,1610612739.0,CLE
2592,James Jones,James,1610612739,CLE,35.0,1,1,0,1.0,2.316666666666667,0,1,0.0,0,1,0.0,0,0,0.0,0,0,0,0,0,0,0,0,1,0,0,-7,0.0,0,0,0.0,1,1,1,1,22,20,19,20,11,13,11,14,15,14,11,23,23,17,15,10,8,1,10,18,21,15,25,3,1,25,,1,0.0,1.0,85.0,71.4,204.1,-0.111,0.0,22,0.0,7,0.0,1,23,23,0.0,14,120.86,20,71.4,23,121.83,23,23,0.0,12,0.0,23,145.04,171.4,171.4,11,21,0.0,1,145.04,20,0.0,1,-100.0,-119.0,0.17,0.0,21,23,23,17,23,13,19,17,22,-100.0,0.143,1,0.0,0.0,0.0,0.0,0.0,2.0,0.0,0.0,2.0,0.0,0.0,0.0,0.0,0.0,0.0,0.0,0.0,0.0,0.0,0.0,0.0,0.0,0.0,0.0,0.0,0.0,0.0,0.0,0.0,3.0,0.0,0.1,0.0,0.0,2.07,0.0,0.0,2.0,0.0,0.33,,,,,,,,,,,,,,,,,,,,,,,,,,,,,,,,,,,,,,,,,0.0,0.0,1.0,,1.0,0.0,1.0,1.0,0.0,0.0,0.0,0.0,0.0,,,,,,,,,,,,,,,,,,,,,,,,,,,0.0,0.0,0.0,,,,0.0,0.0,0.0,0.0,0.0,0.0,0.0,0.0,0.0,0.0,0.0,0.0,0.0,0.0,0.0,0.0,0.0,0.0,0.0,,0.0,,,0.0,0.0,0.0,1.0,0.0,0.0,1.0,0.0,0.0,0.0,0.0,0.0,G-F,6.0,3.0,0.333,0.5,0.579,-0.079,0.0,0.0,,0.0,,,0.0,0.0,0.0,0.0,0.0,0.0,,0.0,0.0,0.0,0.0,1.0,0.0,0.0,0.0,,,0.0,0.0,CLE,0.0,0.0,1.0,0.0,1.0,0.0,0.0,0.0,2016,41500406,,CLE,GSW,20160616.0,2015-16,True,CLE,GSW,1610612744.0,CLE_GSW_2016,1.0,1.0,1.0,1.0,0.534,0.466,,,,,,,1.0,1.0,1.0,1.0,0.535,0.465,1.0,1.0,1.0,1.0,0.559,0.441,1.0,1.0,1.0,1.0,0.519,0.481,,,,,,,1610612739.0,CLE,3.0,0.0,0.0,0.0,0.0,0.0,0.0,0.0,0.0,0.0,0.0,0.0,0.0,0.0,0.0,0.0,0.0,0.0,1610612739.0,CLE,2.32,948.0,0.18,0.11,0.07,5.22,4.09,7.26,1.0,1.0,0.0,0.0,0.0,0.0,0.0,0.0,0.0,0.0,0.0,0.0,0.0,0.0,0.0,0.0,0.0,0.0,0.0,0.0,0.0,1610612739.0,CLE
2592,James Jones,James,1610612739,CLE,35.0,1,0,1,0.0,8.616666666666667,0,0,0.0,0,0,0.0,0,2,0.0,0,2,2,0,0,0,0,0,1,1,0,-4,2.4,0,0,2.0,1,13,13,13,19,22,24,22,11,16,11,13,5,13,14,8,14,15,19,14,9,1,6,11,22,15,24,1,1,24,,1,0.125,0.0,86.2,83.3,103.7,-0.074,0.286,18,0.0,18,0.0,7,2,6,0.0,13,83.56,22,83.3,15,99.49,24,13,0.0,25,0.0,15,100.27,105.6,105.6,14,22,0.0,10,100.27,22,0.0,1,-22.2,-17.5,0.045,0.0,15,16,15,15,16,25,24,15,18,-22.2,0.05,7,0.0,0.0,0.0,0.0,0.0,8.0,0.0,0.0,4.0,0.0,0.0,0.0,0.0,0.0,0.0,0.0,0.0,0.0,0.0,0.0,0.0,0.0,0.0,0.0,0.0,0.0,0.0,0.0,0.0,9.0,0.0,0.2,0.0,0.0,1.12,0.0,0.0,3.0,0.0,0.22,0.0,10.0,3.0,10.0,2.0,0.0,0.5,0.0,0.0,0.0,0.667,4.0,0.0,0.0,2.0,0.0,0.0,0.0,0.0,0.5,1.0,0.667,0.0,0.0,,,,,,,,,,,,,,,,,,,,,,,,,,,,,,,,,,,,,,,,,,,,,,,,,,,,,,,,0.0,,0.0,,,,,0.0,0.0,0.0,0.0,0.0,0.0,0.0,0.0,0.0,0.0,0.0,0.0,0.0,0.0,0.0,0.0,0.0,0.0,,0.0,,,0.0,0.0,0.0,0.0,0.0,0.0,0.0,0.0,0.0,0.0,0.0,0.0,G-F,4.0,2.0,0.286,0.5,0.576,-0.076,0.0,0.0,,0.0,0.0,,0.0,0.0,0.0,0.0,0.0,0.0,,0.0,0.0,0.0,0.0,0.0,0.0,0.0,0.0,0.0,0.0,0.0,0.0,CLE,0.0,0.0,0.0,,,,,0.0,2016,41500402,,GSW,CLE,20160605.0,2015-16,True,CLE,GSW,1610612744.0,CLE_GSW_2016,1.0,2.0,5.0,0.4,0.457,-0.057,0.2,1.0,1.0,1.0,0.4,0.6,0.8,1.0,4.0,0.25,0.486,-0.236,,,,,,,0.2,0.0,1.0,0.0,0.434,-0.434,0.4,2.0,2.0,1.0,0.417,0.583,1610612739.0,CLE,9.0,0.0,0.0,0.0,0.0,0.0,0.0,0.0,0.0,0.0,0.0,0.0,0.0,0.0,0.0,0.0,0.0,0.0,1610612739.0,CLE,8.62,2979.0,0.56,0.24,0.32,4.18,4.15,3.15,4.0,3.0,1.0,0.0,0.0,0.0,0.0,0.0,0.0,0.0,0.0,0.0,0.0,0.0,0.0,0.0,0.0,0.0,0.0,0.0,0.0,1610612739.0,CLE
2592,James Jones,James,1610612739,CLE,36.0,1,0,1,0.0,25.383333333333333,5,8,0.625,3,5,0.6,2,3,0.667,0,1,1,0,1,0,1,0,2,2,15,-1,18.2,0,0,21.0,1,110,110,110,90,48,93,36,12,32,26,47,45,76,113,143,164,156,72,105,21,1,99,65,47,114,108,15,2,84,,120,0.02,8.0,100.8,104.1,104.1,0.118,0.038,124,10.0,49,0.0,142,172,187,0.805,104,78.0,48,104.1,108,95.08,85,116,0.0,108,0.0,90,93.6,104.0,104.0,113,29,5.0,128,93.6,26,0.0,120,0.1,-3.3,0.193,0.813,135,95,108,156,95,104,93,156,124,0.1,0.189,142,9.7,1.0,0.0,0.0,0.0,32.0,0.0,0.0,22.0,0.0,0.0,0.0,0.0,0.0,0.0,0.0,0.0,0.0,0.0,0.0,0.0,0.0,0.0,0.0,0.0,0.0,0.0,2.0,0.0,43.0,15.0,1.2,0.0,0.0,1.65,3.0,1.0,23.0,0.349,0.21,0.0,6.7,9.0,6.7,1.0,1.0,0.091,1.0,0.0,0.0,0.125,11.0,0.0,0.0,1.0,0.0,0.0,0.0,0.0,0.1,2.0,0.111,0.0,0.0,,,,,,,,,,,,,,,,,1.0,0.125,0.0,1.0,0.0,1.0,0.125,1.0,1.0,,1.0,1.0,0.0,4.0,3.0,0.375,1.0,0.5,1.0,0.0,0.0,0.375,0.125,1.0,0.25,0.333,0.375,2.0,1.0,0.125,2.0,0.25,1.0,1.0,1.333,1.0,3.0,1.0,3.0,2.0,2.0,6.0,1.5,1.0,1.0,2.0,2.0,3.0,0.0,0.0,1.0,0.813,0.4,0.0,5.0,0.0,0.0,0.0,0.5,0.0,0.0,0.0,4.0,0.75,0.0,0.0,0.0,0.0,0.0,1.0,0.0,1.0,3.0,0.0,1.0,0.0,2.0,1.0,1.0,1.0,G-F,14.0,5.0,0.519,0.357,0.586,-0.229,1.0,1.0,,1.0,,,0.0,3.0,0.0,1.0,0.0,0.0,,0.0,0.0,3.0,0.0,3.0,1.0,0.0,0.333,,,1.0,0.0,CLE,0.0,0.0,5.0,0.333,3.0,1.0,0.5,2.0,2017,21600379,,MEM,CLE,20161214.0,2016-17,False,CLE,MEM,,,1.0,3.0,6.0,0.5,0.416,0.084,0.333,1.0,2.0,0.5,0.384,0.116,0.667,2.0,4.0,0.5,0.475,0.025,0.667,2.0,4.0,0.5,0.581,-0.081,0.667,2.0,4.0,0.5,0.523,-0.023,0.333,1.0,2.0,0.5,0.38,0.121,,,43.0,1.0,1.0,1.0,1.0,0.0,0.0,0.0,3.0,3.0,0.0,0.0,0.0,0.0,0.0,0.0,0.0,0.0,,,25.38,9281.0,1.76,0.95,0.81,4.26,4.58,3.54,5.0,3.0,2.0,1.0,0.0,2.0,5.0,0.0,0.0,0.0,0.0,0.0,0.0,0.0,0.0,0.0,0.0,0.0,0.0,0.0,0.0,,
2592,James Jones,James,1610612739,CLE,36.0,1,0,1,0.0,1.1166666666666667,1,1,1.0,1,1,1.0,0,0,0.0,0,1,1,0,0,0,0,0,0,0,3,1,4.2,0,0,5.0,1,50,50,50,98,82,92,1,30,62,1,57,60,57,56,70,79,79,64,51,31,1,1,77,83,41,89,8,2,90,,1,0.333,1.0,150.0,100.0,82.0,1.6,0.5,61,0.0,3,0.0,18,1,1,1.5,55,89.55,82,100.0,43,95.43,1,2,0.0,1,0.0,4,107.46,100.0,100.0,56,1,1.0,75,107.46,1,0.0,1,0.0,68.0,0.5,1.5,2,35,43,79,35,6,92,79,61,0.0,0.333,18,0.0,0.0,0.0,0.0,0.0,2.0,0.0,0.0,1.0,0.0,0.0,0.0,0.0,0.0,0.0,0.0,0.0,0.0,0.0,0.0,0.0,0.0,0.0,0.0,0.0,0.0,0.0,0.0,0.0,3.0,3.0,0.1,0.0,0.0,1.24,0.0,0.0,1.0,1.0,0.0,0.0,6.2,0.0,6.2,1.0,0.0,0.0,0.0,0.0,0.0,0.0,0.0,0.0,0.0,1.0,0.0,0.0,0.0,0.0,0.0,0.0,0.0,0.0,0.0,,,,,,,,,,,,,,,,,,,,,,,,,,,,,,,,,,,,,,,,,,,1.0,1.0,0.0,0.0,1.0,1.0,,1.0,1.5,0.0,1.0,1.0,1.0,0.0,0.0,0.0,,,,0.0,0.0,0.0,0.0,0.0,0.0,1.5,1.0,0.0,3.0,0.0,,,,,,,1.0,1.0,,,,,,0.0,,,1.0,,,,,,0.0,0.0,G-F,35.0,18.0,0.479,0.514,0.604,-0.09,,1.0,,0.0,,,,1.0,,0.0,,,,,,1.0,,,0.0,,,,,,,CLE,,,1.0,1.0,1.0,1.0,1.5,1.0,2017,21600796,,OKC,CLE,20170209.0,2016-17,False,CLE,OKC,,,,,,,,,,,,,,,,,,,,,,,,,,,,,,,,,,,,,,,,,3.0,0.0,0.0,0.0,0.0,0.0,0.0,0.0,0.0,0.0,0.0,0.0,0.0,0.0,0.0,0.0,0.0,0.0,,,1.12,247.0,0.05,0.02,0.02,0.0,0.0,0.0,,,,,,,,,,,,,,,,,,,,,,,
2592,James Jones,James,1610612739,CLE,36.0,1,0,1,0.0,26.65,1,3,0.333,0,2,0.0,0,0,0.0,0,3,3,3,1,1,0,0,4,2,2,-6,12.1,0,0,10.0,1,85,85,85,68,127,137,106,86,73,86,81,88,81,88,58,82,34,59,28,56,1,147,51,138,110,115,16,2,126,,120,0.073,3.0,114.7,117.4,127.1,0.019,0.143,55,14.3,46,0.0,162,60,87,0.333,12,70.54,127,117.4,102,84.91,136,111,3.0,152,0.143,129,84.65,125.0,125.0,88,127,1.0,160,84.65,118,42.9,119,-7.6,-12.4,0.08,0.333,58,126,102,61,126,151,137,9,55,-7.6,0.08,162,14.3,3.0,0.0,0.154,8.0,26.0,0.115,1.0,18.0,4.0,0.0,0.0,0.0,0.0,0.0,0.0,0.0,0.0,0.0,0.0,1.0,1.0,0.0,0.0,0.0,1.0,0.0,1.0,3.0,30.0,2.0,0.8,0.0,0.667,1.6,0.0,1.0,17.0,0.067,0.7,3.0,6.7,4.0,6.7,0.0,0.0,0.375,0.0,0.0,0.0,0.75,8.0,0.0,0.0,0.0,0.0,3.0,0.0,1.0,0.375,4.0,0.75,1.0,0.0,,,,,,,,,,,,,,,,,1.0,0.333,0.0,1.0,0.0,1.0,0.333,1.0,1.0,,1.0,1.0,0.0,2.0,2.0,0.0,0.0,0.667,0.0,0.0,,0.667,0.0,0.0,0.0,0.0,,,,,,,,,,,,,,1.0,1.0,2.0,0.5,0.5,0.0,0.0,2.0,0.0,0.0,0.0,0.0,0.333,0.0,1.0,0.0,2.0,0.0,,1.0,0.0,0.0,0.0,2.0,0.0,,0.0,,,0.0,0.0,0.0,0.0,0.0,,0.0,,1.0,1.0,0.0,0.0,G-F,41.0,23.0,0.456,0.561,0.608,-0.047,0.0,0.0,,0.0,,,,0.0,1.0,0.0,,0.0,,,0.0,0.0,0.0,2.0,0.0,0.0,0.0,,,0.0,0.0,CLE,1.0,1.0,1.0,0.0,1.0,0.0,0.0,0.0,2017,21600921,,MIA,CLE,20170304.0,2016-17,False,CLE,MIA,,,1.0,2.0,5.0,0.4,0.433,-0.033,0.8,1.0,4.0,0.25,0.383,-0.133,0.2,1.0,1.0,1.0,0.438,0.562,0.2,1.0,1.0,1.0,0.492,0.508,0.2,1.0,1.0,1.0,0.464,0.536,0.8,1.0,4.0,0.25,0.389,-0.139,,,30.0,1.0,0.0,0.0,0.0,0.0,0.0,0.0,0.0,0.0,0.0,0.0,1.0,1.0,0.0,0.0,0.0,0.0,,,26.65,9376.0,1.78,0.93,0.85,4.05,4.35,3.81,4.0,0.0,4.0,1.0,0.0,3.0,6.0,0.0,0.0,1.0,0.0,0.0,0.0,0.0,0.0,0.0,0.0,0.0,0.0,0.0,0.0,,
2592,James Jones,James,1610612739,CLE,36.0,1,1,0,1.0,9.5,0,2,0.0,0,1,0.0,0,0,0.0,0,1,1,0,1,0,0,0,3,0,0,-4,0.2,0,0,1.0,1,1,1,1,22,22,23,22,14,16,14,13,13,13,14,16,19,19,8,11,7,1,23,16,24,14,26,2,1,26,,25,0.056,2.0,100.6,95.2,117.4,-0.116,0.125,15,33.3,21,0.0,5,15,17,0.0,15,86.32,22,95.2,16,101.86,26,14,0.0,22,0.0,15,103.58,120.0,120.0,14,24,0.0,11,103.58,22,0.0,25,-24.8,-16.8,0.144,0.0,14,15,16,19,15,23,23,19,15,-24.8,0.136,5,33.3,0.0,0.0,0.0,0.0,10.0,0.0,0.0,4.0,0.0,0.0,0.0,0.0,0.0,0.0,0.0,0.0,0.0,0.0,0.0,0.0,0.0,0.0,0.0,0.0,0.0,0.0,0.0,0.0,12.0,0.0,0.3,0.0,0.0,1.27,0.0,1.0,4.0,0.0,0.33,0.0,9.0,3.0,9.0,1.0,0.0,0.333,0.0,0.0,0.0,0.333,3.0,0.0,0.0,1.0,0.0,0.0,0.0,0.0,0.333,0.0,0.333,0.0,0.0,0.0,0.0,1.0,0.5,0.0,0.0,0.0,0.0,1.0,,0.0,0.5,0.0,1.0,,,,,,,,,,,,,,,,,,,,,,,,,,,,,0.5,0.0,0.0,0.0,1.0,0.5,,0.0,0.0,0.0,1.0,0.0,0.0,0.0,1.0,0.0,0.0,0.0,0.0,0.0,1.0,0.0,0.0,0.0,0.0,0.0,0.0,0.0,0.0,0.0,0.0,,0.0,0.0,0.0,1.0,1.0,0.0,0.0,0.0,0.0,0.0,0.0,0.0,0.0,0.0,0.0,,0.0,,0.0,0.0,0.0,0.0,G-F,10.0,8.0,1.0,0.8,0.575,0.225,0.0,0.0,,0.0,,,,0.0,,0.0,,0.0,,,0.0,0.0,0.0,1.0,1.0,0.0,0.0,,,0.0,0.0,CLE,,,0.0,,0.0,0.0,,0.0,2017,41600302,,BOS,CLE,20170519.0,2016-17,True,CLE,BOS,1610612738.0,CLE_BOS_2017,1.0,7.0,8.0,0.875,0.463,0.413,,,,,,,1.0,7.0,8.0,0.875,0.498,0.377,1.0,7.0,8.0,0.875,0.569,0.306,1.0,7.0,8.0,0.875,0.542,0.333,,,,,,,,,12.0,1.0,0.0,1.0,0.0,0.0,0.0,0.0,0.0,0.0,0.0,0.0,0.0,0.0,0.0,0.0,0.0,0.0,,,9.5,3716.0,0.7,0.39,0.31,4.42,4.37,4.48,3.0,3.0,0.0,0.0,0.0,0.0,0.0,0.0,0.0,0.0,0.0,0.0,0.0,0.0,0.0,0.0,0.0,0.0,0.0,0.0,0.0,,
2592,James Jones,James,1610612739,CLE,36.0,1,0,1,0.0,15.095,1,3,0.333,1,2,0.5,0,0,0.0,0,5,5,0,0,0,0,0,2,0,3,2,9.0,0,0,9.0,1,74,74,74,107,107,110,101,43,62,24,84,87,84,72,26,42,101,88,73,51,1,63,100,113,60,111,11,1,112,,1,0.143,3.0,92.9,90.6,87.2,0.111,0.278,119,0.0,32,0.0,38,11,25,0.5,74,84.8,107,90.6,58,98.83,55,62,0.0,132,0.0,11,101.76,84.4,84.4,72,88,1.0,66,101.76,68,0.0,1,6.3,5.7,0.083,0.5,116,8,58,101,8,130,110,101,119,6.3,0.081,38,0.0,0.0,0.0,0.0,0.0,18.0,0.0,0.0,9.0,0.0,0.0,1.0,0.0,0.0,0.0,0.0,0.0,0.0,0.0,0.0,0.0,1.0,0.0,0.0,0.0,0.0,0.0,0.0,0.0,22.0,3.0,0.5,0.0,0.0,1.43,0.0,0.0,7.0,0.136,0.23,1.0,9.7,8.0,9.7,4.0,0.0,0.556,0.0,0.0,0.0,0.625,9.0,0.0,0.0,4.0,0.0,1.0,0.0,0.2,0.556,1.0,0.625,0.2,0.0,,,,,,,,,,,,,,,,,1.0,0.333,0.0,0.0,0.0,0.0,0.333,1.0,0.0,,0.0,0.0,0.0,1.0,1.0,0.0,0.0,0.333,0.0,0.0,,0.333,0.0,0.0,0.0,0.0,0.333,1.0,0.0,0.0,1.0,0.333,,1.0,1.5,0.0,1.0,1.0,1.0,0.0,0.0,0.0,,,,0.0,0.0,0.0,0.0,0.0,0.0,0.5,0.5,0.0,3.0,0.0,0.0,,0.0,0.0,0.0,0.0,2.0,0.5,,0.0,,,0.0,0.0,0.0,0.0,1.0,,0.0,,0.0,0.0,1.0,0.0,G-F,23.0,10.0,0.469,0.435,0.591,-0.156,0.0,0.5,,0.0,0.0,,,2.0,0.0,0.0,,0.0,,,0.0,1.0,0.0,0.0,1.0,0.0,0.0,0.0,0.0,0.0,0.0,CLE,0.0,0.0,2.0,0.5,2.0,1.0,0.75,1.0,2017,21600532,,CLE,CHI,20170104.0,2016-17,False,CLE,CHI,,,1.0,3.0,5.0,0.6,0.407,0.193,0.6,2.0,3.0,0.667,0.337,0.33,0.4,1.0,2.0,0.5,0.517,-0.017,0.2,1.0,1.0,1.0,0.664,0.336,0.2,1.0,1.0,1.0,0.594,0.406,0.6,2.0,3.0,0.667,0.336,0.331,,,22.0,0.0,0.0,0.0,0.0,0.0,0.0,0.0,0.0,0.0,0.0,0.0,0.0,0.0,0.0,0.0,0.0,0.0,,,15.1,5553.0,1.05,0.53,0.52,4.38,4.23,3.76,3.0,0.0,3.0,0.0,0.0,1.0,2.0,0.0,0.0,1.0,0.0,0.0,0.0,0.0,0.0,0.0,0.0,0.0,0.0,0.0,0.0,,
2592,James Jones,James,1610612739,CLE,36.0,1,0,1,0.0,14.463333333333331,0,2,0.0,0,2,0.0,2,5,0.4,1,2,3,0,0,0,0,0,0,3,2,-9,5.6,0,0,5.0,1,98,98,98,166,175,173,175,100,93,100,53,30,105,55,110,107,152,134,93,79,1,1,43,158,164,176,16,3,177,,1,0.115,2.0,104.5,100.0,128.1,-0.007,0.182,133,0.0,30,0.067,85,58,56,0.238,113,82.97,175,100.0,178,98.17,171,166,0.0,139,0.0,183,99.56,130.0,130.0,49,168,0.0,131,99.56,175,0.0,1,-30.0,-23.7,0.132,0.0,108,180,178,152,180,152,173,152,133,-30.0,0.121,85,0.0,1.0,1.0,0.1,1.0,10.0,0.0,0.0,9.0,1.0,0.0,0.0,0.0,0.0,0.0,0.0,0.0,0.0,0.0,0.0,0.0,0.0,0.0,0.0,0.0,0.0,0.0,0.0,2.0,15.0,2.0,0.3,0.0,1.0,1.28,0.0,0.0,10.0,0.133,0.13,1.0,7.6,2.0,6.7,1.0,0.0,1.5,0.0,0.0,0.0,1.0,2.0,0.0,1.0,2.0,0.0,1.0,0.0,0.5,1.5,0.0,1.0,0.333,9.5,,,,,,,,,,,,,,,,,,,,,,,,,,,,,,1.0,1.0,0.0,0.0,0.5,0.0,0.0,,0.5,0.0,0.0,0.0,0.0,0.5,0.0,0.0,0.0,1.0,0.5,,0.0,0.0,0.0,1.0,0.0,0.0,0.0,0.0,0.0,,,,0.0,0.0,0.0,0.0,0.0,0.0,0.0,0.0,0.0,0.0,2.0,0.0,0.0,0.0,0.0,0.0,0.0,1.0,0.0,0.0,0.0,0.0,0.0,0.0,0.0,0.0,1.0,0.0,0.0,1.0,0.0,0.0,0.0,0.0,0.0,G-F,33.0,17.0,0.5,0.515,0.608,-0.092,0.0,0.0,,0.0,,,0.0,0.0,0.0,0.0,0.0,0.0,,0.0,0.0,0.0,0.0,2.0,0.0,0.0,0.0,,,0.0,0.0,CLE,0.0,0.0,2.0,0.0,2.0,0.0,0.0,0.0,2017,21600680,,CLE,SAC,20170125.0,2016-17,False,CLE,SAC,,,1.0,1.0,4.0,0.25,0.44,-0.19,0.5,0.0,2.0,0.0,0.358,-0.358,0.5,1.0,2.0,0.5,0.499,0.002,0.25,1.0,1.0,1.0,0.546,0.454,0.25,1.0,1.0,1.0,0.533,0.467,0.5,0.0,2.0,0.0,0.359,-0.359,,,15.0,0.0,0.0,0.0,0.0,0.0,0.0,0.0,0.0,0.0,0.0,0.0,0.0,0.0,0.0,0.0,0.0,0.0,,,14.47,5538.0,1.05,0.52,0.53,4.17,4.36,4.0,2.0,1.0,1.0,0.0,0.0,1.0,3.0,0.0,0.0,0.0,0.0,0.0,0.0,0.0,0.0,0.0,0.0,0.0,0.0,0.0,0.0,,
2592,James Jones,James,1610612739,CLE,36.0,1,0,1,0.0,3.783333333333333,0,0,0.0,0,0,0.0,0,0,0.0,0,1,1,0,0,0,0,0,0,0,0,0,1.2,0,0,1.0,1,14,14,14,23,22,25,22,13,19,13,12,12,12,14,17,19,15,12,12,5,1,1,16,22,10,24,4,3,24,,1,0.125,0.0,116.7,100.0,100.0,0.061,0.25,16,0.0,7,0.0,25,5,7,0.0,9,74.01,22,100.0,9,82.47,17,8,0.0,25,0.0,4,88.81,100.0,100.0,14,22,0.0,23,88.81,22,0.0,1,0.0,16.7,0.0,0.0,8,4,9,15,4,25,25,15,16,0.0,0.0,25,0.0,0.0,0.0,0.0,0.0,1.0,0.0,0.0,0.0,0.0,0.0,0.0,0.0,0.0,0.0,0.0,0.0,0.0,0.0,0.0,0.0,0.0,0.0,0.0,0.0,0.0,0.0,0.0,0.0,1.0,0.0,0.0,0.0,0.0,0.84,0.0,0.0,0.0,0.0,0.0,0.0,6.4,1.0,6.4,1.0,0.0,1.0,0.0,0.0,0.0,1.0,1.0,0.0,0.0,1.0,0.0,0.0,0.0,0.0,1.0,0.0,1.0,0.0,0.0,,,,,,,,,,,,,,,,,,,,,,,,,,,,,,,,,,,,,,,,,,,,,,,,,,,,,,,,0.0,,0.0,,,,,0.0,0.0,0.0,0.0,0.0,0.0,0.0,0.0,0.0,0.0,,,0.0,,,,0.0,0.0,,,,,,0.0,,,0.0,,,,0.0,0.0,0.0,0.0,G-F,12.0,10.0,0.8,0.833,0.569,0.264,0.0,0.0,,0.0,,,,0.0,0.0,0.0,,,,,0.0,0.0,,,0.0,,,,,,0.0,CLE,0.0,0.0,0.0,,,,,0.0,2017,41600402,,GSW,CLE,20170604.0,2016-17,True,CLE,GSW,1610612744.0,CLE_GSW_2017,1.0,0.0,1.0,0.0,0.387,-0.387,1.0,0.0,1.0,0.0,0.325,-0.325,,,,,,,,,,,,,,,,,,,1.0,0.0,1.0,0.0,0.332,-0.332,,,1.0,0.0,0.0,0.0,0.0,0.0,0.0,0.0,0.0,0.0,0.0,0.0,0.0,0.0,0.0,0.0,0.0,0.0,,,3.78,1102.0,0.21,0.12,0.09,3.17,3.93,2.66,1.0,0.0,1.0,0.0,0.0,0.0,0.0,0.0,0.0,0.0,0.0,0.0,0.0,0.0,0.0,0.0,0.0,0.0,0.0,0.0,0.0,,
2592,James Jones,James,1610612739,CLE,36.0,1,1,0,1.0,2.433333333333333,0,0,0.0,0,0,0.0,1,2,0.5,0,0,0,0,0,0,0,0,1,1,1,-3,1.0,0,0,1.0,1,1,1,1,225,196,222,196,112,168,112,103,80,103,126,205,213,171,149,100,71,1,46,110,202,135,224,26,1,220,,1,0.0,0.0,105.0,100.0,172.4,-0.154,0.0,152,0.0,5,0.0,106,205,213,0.568,122,82.19,196,100.0,216,92.71,226,221,0.0,114,0.0,227,98.63,160.0,160.0,126,97,0.0,200,98.63,196,0.0,1,-60.0,-67.4,0.185,0.0,130,224,216,171,224,94,222,171,152,-60.0,0.2,106,0.0,0.0,0.0,0.0,0.0,3.0,0.0,0.0,3.0,0.0,0.0,0.0,0.0,0.0,0.0,0.0,0.0,0.0,0.0,0.0,0.0,0.0,0.0,0.0,0.0,0.0,0.0,0.0,0.0,4.0,1.0,0.1,0.0,0.0,1.97,0.0,0.0,2.0,0.25,0.5,,,,,,,,,,,,,,,,,,,,,,,,,,,,,,,,,,,,,,,,,,,,,,,,,,,,,,,,,,,,,,,,,,,,,,,,,,,,,,,,0.0,,0.0,,,,,0.0,0.0,0.0,0.0,0.0,0.0,0.0,0.0,0.0,0.0,,,0.0,,0.0,0.0,0.0,0.0,,,,,0.0,0.0,,,0.0,,,,0.0,0.0,0.0,0.0,G-F,14.0,5.0,0.519,0.357,0.586,-0.229,0.0,0.0,,0.0,,,,0.0,,0.0,,0.0,,,0.0,0.0,0.0,,0.0,0.0,,,,,0.0,CLE,,,0.0,,,,,0.0,2017,21600423,,MIL,CLE,20161220.0,2016-17,False,CLE,MIL,,,,,,,,,,,,,,,,,,,,,,,,,,,,,,,,,,,,,,,,,4.0,0.0,0.0,0.0,0.0,0.0,0.0,0.0,0.0,0.0,0.0,0.0,0.0,0.0,0.0,0.0,0.0,0.0,,,2.43,948.0,0.18,0.1,0.08,4.95,4.14,6.11,,,,,,,,,,,,,,,,,,,,,,,
2592,James Jones,James,1610612739,CLE,36.0,1,1,0,1.0,2.2666666666666666,0,0,0.0,0,0,0.0,0,0,0.0,0,0,0,0,0,0,0,0,0,0,0,0,0.0,0,0,0.0,1,1,1,1,23,21,22,21,14,16,14,14,16,14,14,21,22,16,15,8,8,1,1,17,22,11,25,4,2,25,,1,0.0,0.0,128.9,100.0,102.5,0.0,0.0,20,0.0,5,0.0,5,21,22,0.0,12,88.24,21,100.0,12,92.75,23,5,0.0,23,0.0,3,105.88,100.0,100.0,14,22,0.0,23,105.88,21,0.0,1,0.0,26.4,0.0,0.0,6,2,12,16,2,23,22,16,20,0.0,0.0,5,0.0,0.0,0.0,0.0,0.0,2.0,0.0,0.0,2.0,0.0,0.0,0.0,0.0,0.0,0.0,0.0,0.0,0.0,0.0,0.0,0.0,0.0,0.0,0.0,0.0,0.0,0.0,0.0,0.0,3.0,0.0,0.2,0.0,0.0,4.09,0.0,0.0,1.0,0.0,0.33,,,,,,,,,,,,,,,,,,,,,,,,,,,,,,,,,,,,,,,,,,,,,,,,,,,,,,,,,,,,,,,,,,,,,,,,,,,,,,,,0.0,,0.0,,,,,0.0,0.0,0.0,0.0,0.0,0.0,0.0,0.0,0.0,0.0,,,,,0.0,0.0,0.0,0.0,,,,,0.0,0.0,,,0.0,,,,,,0.0,0.0,G-F,12.0,10.0,0.706,0.833,0.569,0.264,,0.0,,0.0,,,,0.0,,0.0,,,,,,0.0,,0.0,0.0,,0.0,,,0.0,,CLE,,,0.0,,,,,0.0,2017,41600404,,CLE,GSW,20170609.0,2016-17,True,CLE,GSW,1610612744.0,CLE_GSW_2017,1.0,0.0,2.0,0.0,0.462,-0.462,1.0,0.0,2.0,0.0,0.354,-0.354,,,,,,,,,,,,,,,,,,,1.0,0.0,2.0,0.0,0.364,-0.364,,,3.0,0.0,0.0,0.0,0.0,0.0,0.0,0.0,0.0,0.0,0.0,0.0,0.0,0.0,0.0,0.0,0.0,0.0,,,2.27,690.0,0.13,0.06,0.07,2.64,4.89,5.7,1.0,0.0,1.0,0.0,0.0,0.0,0.0,0.0,0.0,0.0,0.0,0.0,0.0,0.0,0.0,0.0,0.0,0.0,0.0,0.0,0.0,,
2592,James Jones,James,1610612739,CLE,36.0,1,0,1,0.0,36.0,3,16,0.188,1,12,0.083,2,3,0.667,1,4,5,2,1,0,1,0,2,2,9,-10,20.0,0,0,19.0,1,157,157,157,20,141,20,263,68,3,143,67,64,102,84,70,79,93,101,151,25,1,152,76,137,247,141,21,2,140,,117,0.063,16.0,89.1,89.9,107.2,-0.009,0.105,239,5.0,69,0.024,250,159,181,0.26,39,76.11,141,89.9,210,91.15,274,220,2.0,83,0.125,178,91.33,105.9,105.9,156,259,3.0,247,91.33,262,10.0,114,-16.0,-18.1,0.236,0.219,242,154,210,128,154,82,20,180,239,-16.0,0.234,250,4.9,3.0,0.0,0.038,4.0,52.0,0.038,0.0,48.0,2.0,0.0,2.0,0.0,0.0,0.0,0.0,0.0,0.0,0.0,0.0,0.0,2.0,0.0,0.0,0.0,0.0,0.0,3.0,2.0,70.0,9.0,2.0,0.0,0.5,1.72,2.0,1.0,43.0,0.129,0.46,1.0,4.5,10.0,3.2,3.0,2.0,0.385,3.0,0.0,0.333,0.5,13.0,0.0,1.0,4.0,1.0,1.0,0.5,0.25,0.5,3.0,0.4,0.2,9.4,0.5,0.0,1.0,0.125,0.063,1.0,1.0,1.0,3.0,,0.333,0.188,0.333,2.0,,0.0,2.0,0.125,1.0,0.5,0.063,1.0,0.188,3.0,0.333,0.0,1.0,0.333,0.0,2.0,2.0,0.0,0.0,0.125,0.0,0.0,,0.125,0.0,0.0,0.0,0.0,0.5,1.0,0.0,0.0,8.0,0.5,,0.125,0.188,0.0,8.0,0.125,1.0,1.0,1.0,2.0,0.333,0.333,0.0,0.0,3.0,2.0,0.0,0.0,1.0,0.219,0.091,0.0,3.0,1.0,0.0,0.0,1.0,0.0,0.0,1.0,6.0,0.167,2.0,0.0,0.0,0.0,0.0,1.0,0.0,4.0,1.0,0.0,6.0,0.0,1.0,1.0,2.0,0.5,G-F,62.0,33.0,0.508,0.532,0.595,-0.063,0.0,0.0,,0.5,1.0,,0.0,3.0,1.0,1.0,0.0,0.0,,0.0,0.0,0.0,0.0,8.0,2.0,1.0,0.125,0.0,0.0,1.0,0.0,CLE,1.0,1.0,11.0,0.091,11.0,1.0,0.136,1.0,2017,21601218,,CLE,TOR,20170412.0,2016-17,False,CLE,TOR,,,1.0,5.0,15.0,0.333,0.437,-0.104,0.067,1.0,1.0,1.0,0.341,0.659,0.933,4.0,14.0,0.286,0.465,-0.179,0.8,3.0,12.0,0.25,0.532,-0.282,0.8,3.0,12.0,0.25,0.483,-0.233,0.2,2.0,3.0,0.667,0.362,0.305,,,70.0,1.0,1.0,1.0,1.0,0.0,0.0,0.0,2.0,2.0,0.0,0.0,0.0,0.0,0.0,0.0,0.0,0.0,,,36.0,13242.0,2.51,1.44,1.07,4.17,4.36,3.96,8.0,7.0,1.0,0.0,0.0,1.0,3.0,0.0,0.0,3.0,0.0,0.0,0.0,0.0,0.0,0.0,0.0,0.0,0.0,0.0,0.0,,
2592,James Jones,James,1610612739,CLE,36.0,1,0,1,0.0,3.316666666666667,1,1,1.0,1,1,1.0,0,0,0.0,0,0,0,0,0,0,0,0,0,0,3,8,3.0,0,0,4.0,1,65,65,65,122,93,110,1,29,81,1,66,69,66,67,107,109,81,82,63,38,1,1,86,102,25,114,7,1,112,,1,0.0,1.0,145.3,142.9,33.3,0.24,0.0,3,0.0,7,0.0,37,107,109,1.5,64,84.42,93,142.9,2,93.2,7,2,0.0,83,0.0,3,101.31,28.6,28.6,67,1,1.0,105,101.31,1,0.0,1,114.3,112.0,0.145,1.5,4,3,2,81,3,80,110,81,3,114.3,0.143,37,0.0,0.0,0.0,0.0,0.0,2.0,0.0,0.0,2.0,0.0,0.0,0.0,0.0,0.0,0.0,0.0,0.0,0.0,0.0,0.0,0.0,0.0,0.0,0.0,0.0,0.0,0.0,0.0,0.0,3.0,3.0,0.1,0.0,0.0,1.79,0.0,0.0,2.0,1.0,0.0,,,,,,,,,,,,,,,,,,,,,,,,,,,,,,,,,,,,,,,,,,,,,,,,,,,,,,1.0,1.0,1.5,1.0,1.0,1.0,0.0,,1.0,0.0,0.0,1.0,1.0,,,,,,,,,,,,,,0.0,0.0,0.0,,,,0.0,0.0,0.0,0.0,0.0,0.0,1.5,1.0,0.0,3.0,0.0,,,0.0,,0.0,0.0,1.0,1.0,,,,,0.0,0.0,,,1.0,,,,0.0,0.0,0.0,0.0,G-F,35.0,18.0,0.507,0.514,0.604,-0.09,0.0,0.0,,0.0,,,,0.0,,0.0,,0.0,,,0.0,0.0,0.0,1.0,0.0,0.0,1.0,,,1.0,0.0,CLE,,,1.0,1.0,1.0,1.0,1.5,1.0,2017,21600722,,DAL,CLE,20170130.0,2016-17,False,CLE,DAL,,,,,,,,,,,,,,,,,,,,,,,,,,,,,,,,,,,,,,,,,3.0,0.0,0.0,0.0,0.0,0.0,0.0,0.0,0.0,0.0,0.0,0.0,0.0,0.0,0.0,0.0,0.0,0.0,,,3.32,1242.0,0.24,0.12,0.11,3.6,4.63,2.94,1.0,1.0,0.0,0.0,0.0,2.0,4.0,0.0,0.0,0.0,0.0,0.0,0.0,0.0,0.0,0.0,0.0,0.0,0.0,0.0,0.0,,
2592,James Jones,James,1610612739,CLE,36.0,1,1,0,1.0,2.9,0,0,0.0,0,0,0.0,0,0,0.0,0,0,0,0,0,0,0,0,0,0,0,-4,0.0,0,0,0.0,1,1,1,1,215,195,212,195,113,156,113,113,125,113,116,189,199,152,146,114,72,1,1,150,198,142,213,20,3,213,,1,0.0,0.0,61.5,50.0,95.6,0.0,0.0,215,0.0,6,0.0,70,189,199,0.0,112,82.76,195,50.0,212,100.97,188,190,0.0,215,0.0,52,99.31,116.7,116.7,116,198,0.0,57,99.31,195,0.0,1,-66.7,-34.2,0.0,0.0,212,160,212,152,160,215,212,152,215,-66.7,0.0,70,0.0,0.0,0.0,0.0,0.0,3.0,0.0,0.0,3.0,0.0,0.0,0.0,0.0,0.0,0.0,0.0,0.0,0.0,0.0,0.0,0.0,0.0,0.0,0.0,0.0,0.0,0.0,0.0,0.0,4.0,0.0,0.3,0.0,0.0,3.85,0.0,0.0,1.0,0.0,0.25,,,,,,,,,,,,,,,,,,,,,,,,,,,,,,,,,,,,,,,,,,,,,,,,,,,,,,,,,,,,,,,,,,,,,,,,,,,,,,,,0.0,,0.0,,,,,0.0,0.0,0.0,0.0,0.0,0.0,0.0,0.0,0.0,0.0,0.0,,0.0,0.0,,,0.0,0.0,,0.0,,,,0.0,0.0,0.0,0.0,,0.0,,0.0,0.0,0.0,0.0,G-F,50.0,30.0,0.481,0.6,0.61,-0.01,0.0,0.0,,0.0,,,,0.0,,0.0,,,,,0.0,0.0,,0.0,0.0,,0.0,,,0.0,0.0,CLE,,,0.0,,,,,0.0,2017,21601128,,CLE,PHI,20170331.0,2016-17,False,CLE,PHI,,,1.0,2.0,2.0,1.0,0.506,0.494,0.5,1.0,1.0,1.0,0.333,0.667,0.5,1.0,1.0,1.0,0.6,0.4,0.5,1.0,1.0,1.0,0.632,0.368,0.5,1.0,1.0,1.0,0.638,0.362,0.5,1.0,1.0,1.0,0.333,0.667,,,4.0,0.0,0.0,0.0,0.0,0.0,0.0,0.0,0.0,0.0,0.0,0.0,0.0,0.0,0.0,0.0,0.0,0.0,,,2.9,957.0,0.18,0.1,0.08,4.14,3.82,4.49,1.0,0.0,1.0,0.0,0.0,0.0,0.0,0.0,0.0,0.0,0.0,0.0,0.0,0.0,0.0,0.0,0.0,0.0,0.0,0.0,0.0,,
2592,James Jones,James,1610612739,CLE,36.0,1,1,0,1.0,4.016666666666667,0,0,0.0,0,0,0.0,0,0,0.0,0,1,1,0,0,0,0,0,0,0,0,-8,1.2,0,0,1.0,1,1,1,1,270,248,279,248,143,209,143,158,169,158,143,190,211,208,185,135,103,1,1,201,256,217,273,21,2,275,,1,0.111,0.0,63.6,66.7,148.3,0.047,0.333,269,0.0,9,0.0,45,19,87,0.0,141,89.63,248,66.7,286,112.81,197,287,0.0,281,0.0,275,107.55,155.6,155.6,143,256,0.0,16,107.55,248,0.0,1,-88.9,-84.7,0.0,0.0,273,279,286,208,279,281,279,208,269,-88.9,0.0,45,0.0,0.0,0.0,0.0,0.0,3.0,0.0,0.0,1.0,0.0,0.0,0.0,0.0,0.0,0.0,0.0,0.0,0.0,0.0,0.0,0.0,0.0,0.0,0.0,0.0,0.0,0.0,0.0,0.0,3.0,0.0,0.1,0.0,0.0,1.32,0.0,0.0,0.0,0.0,0.0,0.0,10.8,1.0,10.8,1.0,0.0,1.0,0.0,0.0,0.0,1.0,1.0,0.0,0.0,1.0,0.0,0.0,0.0,0.0,1.0,0.0,1.0,0.0,0.0,,,,,,,,,,,,,,,,,,,,,,,,,,,,,,,,,,,,,,,,,,,,,,,,,,,,,,,,0.0,,0.0,,,,,0.0,0.0,0.0,0.0,0.0,0.0,0.0,0.0,0.0,0.0,,,0.0,,0.0,0.0,0.0,0.0,,,,,0.0,0.0,,,0.0,,,,0.0,0.0,0.0,0.0,G-F,3.0,2.0,0.429,0.667,0.618,0.049,0.0,0.0,,0.0,,,,0.0,0.0,0.0,,0.0,,,0.0,0.0,0.0,0.0,0.0,0.0,0.0,,,0.0,0.0,CLE,0.0,0.0,0.0,,,,,0.0,2017,21600215,,CLE,POR,20161123.0,2016-17,False,CLE,POR,,,1.0,1.0,1.0,1.0,0.452,0.548,1.0,1.0,1.0,1.0,0.4,0.6,,,,,,,,,,,,,,,,,,,1.0,1.0,1.0,1.0,0.4,0.6,,,3.0,0.0,0.0,0.0,0.0,0.0,0.0,0.0,0.0,0.0,0.0,0.0,0.0,0.0,0.0,0.0,0.0,0.0,,,4.02,1379.0,0.26,0.15,0.12,4.48,2.66,3.39,1.0,0.0,1.0,0.0,0.0,0.0,0.0,0.0,0.0,0.0,0.0,0.0,0.0,0.0,0.0,0.0,0.0,0.0,0.0,0.0,0.0,,
2592,James Jones,James,1610612739,CLE,36.0,1,1,0,1.0,2.6333333333333333,1,2,0.5,1,2,0.5,0,0,0.0,0,0,0,0,0,0,0,0,0,0,3,-7,3.0,0,0,4.0,1,1,1,1,296,210,257,84,70,129,42,164,172,164,142,262,271,220,187,145,90,1,1,209,226,219,281,23,4,270,,1,0.0,2.0,75.0,60.0,225.2,0.148,0.0,290,0.0,5,0.0,299,262,271,0.75,149,68.35,210,60.0,300,76.92,68,300,0.0,2,0.0,301,82.03,250.0,250.0,142,37,1.0,298,82.03,33,0.0,1,-190.0,-150.2,0.5,0.75,280,301,300,220,301,4,257,220,290,-190.0,0.4,299,0.0,0.0,0.0,0.0,0.0,2.0,0.0,0.0,3.0,0.0,0.0,0.0,0.0,0.0,0.0,0.0,0.0,0.0,0.0,0.0,0.0,0.0,0.0,0.0,0.0,0.0,0.0,0.0,0.0,4.0,3.0,0.1,0.0,0.0,1.7,0.0,0.0,3.0,0.75,0.75,,,,,,,,,,,,,,,,,,,,,,,,,,,,,,,,,,,,,,,,,0.0,0.0,2.0,,1.0,1.0,1.0,2.0,0.75,0.5,0.0,0.5,1.0,,,,,,,,,,,,,,,,,,,,,,,,,,,1.0,1.0,3.0,1.5,1.0,1.0,1.0,1.0,0.0,0.0,0.0,0.0,0.75,0.0,0.0,0.0,0.0,,,0.0,,0.0,0.0,2.0,0.5,,,,,0.0,0.0,,,1.0,,,,0.0,0.0,0.0,0.0,G-F,37.0,20.0,0.487,0.541,0.606,-0.066,0.0,0.5,,0.0,,,,2.0,0.0,0.0,,0.0,,,0.0,1.0,0.0,0.0,0.0,0.0,0.0,,,0.0,0.0,CLE,0.0,0.0,1.0,0.0,1.0,0.0,0.0,0.0,2017,21600835,,CLE,IND,20170215.0,2016-17,False,CLE,IND,,,1.0,1.0,1.0,1.0,0.478,0.522,,,,,,,1.0,1.0,1.0,1.0,0.519,0.481,,,,,,,,,,,,,1.0,1.0,1.0,1.0,0.424,0.576,,,4.0,0.0,0.0,0.0,0.0,0.0,0.0,0.0,0.0,0.0,0.0,0.0,0.0,0.0,0.0,0.0,0.0,0.0,,,2.63,772.0,0.15,0.08,0.07,2.28,4.38,4.76,1.0,1.0,0.0,0.0,0.0,0.0,0.0,0.0,0.0,0.0,0.0,0.0,0.0,0.0,0.0,0.0,0.0,0.0,0.0,0.0,0.0,,
2592,James Jones,James,1610612739,CLE,36.0,1,1,0,1.0,4.4,0,0,0.0,0,0,0.0,0,0,0.0,0,0,0,0,0,0,1,0,0,0,0,5,3.0,0,0,2.0,1,1,1,1,179,171,180,171,95,136,95,97,102,97,96,162,166,142,107,81,14,1,1,130,175,58,176,12,2,178,,1,0.0,0.0,157.1,157.1,77.3,0.038,0.0,2,0.0,7,0.0,184,162,166,0.0,86,63.64,171,157.1,2,80.51,148,1,0.0,182,0.0,17,76.36,85.7,85.7,96,175,0.0,184,76.36,171,0.0,1,71.4,79.8,0.0,0.0,2,23,2,142,23,182,180,142,2,71.4,0.0,184,0.0,0.0,0.0,0.0,0.0,4.0,0.0,0.0,1.0,0.0,0.0,0.0,0.0,0.0,0.0,0.0,0.0,0.0,0.0,0.0,0.0,0.0,0.0,0.0,0.0,0.0,0.0,0.0,0.0,4.0,0.0,0.1,0.0,0.0,2.18,0.0,0.0,0.0,0.0,0.0,,,,,,,,,,,,,,,,,,,,,,,,,,,,,,,,,,,,,,,,,,,,,,,,,,,,,,,,,,,,,,,,,,,,,,,,,,,,,,,,0.0,,0.0,,,,,0.0,0.0,0.0,0.0,0.0,0.0,0.0,0.0,0.0,0.0,0.0,,0.0,0.0,,,0.0,0.0,0.0,0.0,0.0,0.0,,0.0,0.0,0.0,0.0,,0.0,,0.0,0.0,0.0,0.0,G-F,8.0,3.0,0.421,0.375,0.614,-0.239,0.0,0.0,,0.0,,,,0.0,0.0,0.0,,0.0,,,0.0,0.0,0.0,0.0,0.0,0.0,0.0,,,0.0,0.0,CLE,0.0,0.0,0.0,,,,,0.0,2017,21600338,,CLE,MIA,20161209.0,2016-17,False,CLE,MIA,,,1.0,0.0,1.0,0.0,0.568,-0.568,,,,,,,1.0,0.0,1.0,0.0,0.573,-0.573,1.0,0.0,1.0,0.0,0.687,-0.687,1.0,0.0,1.0,0.0,0.61,-0.61,,,,,,,,,4.0,0.0,0.0,0.0,0.0,0.0,0.0,0.0,0.0,0.0,0.0,0.0,0.0,0.0,0.0,0.0,0.0,0.0,,,4.4,1270.0,0.24,0.11,0.13,2.72,3.74,2.13,1.0,1.0,0.0,0.0,0.0,0.0,0.0,0.0,0.0,0.0,0.0,0.0,0.0,0.0,0.0,0.0,0.0,0.0,0.0,0.0,0.0,,
2592,James Jones,James,1610612739,CLE,36.0,1,0,1,0.0,2.2666666666666666,0,1,0.0,0,1,0.0,0,0,0.0,0,0,0,0,0,0,0,0,0,0,0,-3,0.0,0,0,0.0,1,14,14,14,24,20,24,20,12,15,12,9,11,9,15,19,21,17,10,8,7,1,1,18,20,16,24,4,1,24,,1,0.0,1.0,51.5,50.0,125.0,-0.125,0.0,25,0.0,4,0.0,24,19,21,0.0,8,79.41,20,50.0,25,83.44,23,25,0.0,9,0.0,23,95.29,100.0,100.0,15,20,0.0,24,95.29,20,0.0,1,-50.0,-73.5,0.258,0.0,25,17,25,17,17,8,24,17,25,-50.0,0.25,24,0.0,0.0,0.0,0.0,0.0,1.0,0.0,0.0,2.0,0.0,0.0,0.0,0.0,0.0,0.0,0.0,0.0,0.0,0.0,0.0,0.0,0.0,0.0,0.0,0.0,0.0,0.0,0.0,0.0,2.0,0.0,0.0,0.0,0.0,1.1,0.0,0.0,2.0,0.0,0.0,,,,,,,,,,,,,,,,,,,,,,,,,,,,,,,,,,,,,,,,,,,,,,,,,,,,,,,,,,,,,,,,,,,1.0,0.0,0.0,0.0,1.0,1.0,,0.0,0.0,0.0,1.0,0.0,0.0,0.0,0.0,0.0,,,,0.0,0.0,0.0,0.0,0.0,0.0,0.0,0.0,0.0,0.0,0.0,0.0,,0.0,,0.0,0.0,1.0,0.0,0.0,0.0,0.0,0.0,0.0,0.0,,,0.0,,0.0,,0.0,0.0,0.0,0.0,G-F,12.0,10.0,0.857,0.833,0.569,0.264,,0.0,,0.0,,,,1.0,0.0,0.0,,,,,,0.0,,0.0,0.0,,0.0,,,0.0,,CLE,0.0,0.0,1.0,0.0,1.0,0.0,0.0,0.0,2017,41600401,,GSW,CLE,20170601.0,2016-17,True,CLE,GSW,1610612744.0,CLE_GSW_2017,1.0,1.0,2.0,0.5,0.387,0.113,0.5,1.0,1.0,1.0,0.325,0.675,0.5,0.0,1.0,0.0,0.465,-0.465,,,,,,,,,,,,,1.0,1.0,2.0,0.5,0.332,0.168,,,2.0,0.0,0.0,0.0,0.0,0.0,0.0,0.0,0.0,0.0,0.0,0.0,0.0,0.0,0.0,0.0,0.0,0.0,,,2.27,685.0,0.13,0.05,0.08,2.66,8.03,3.99,1.0,1.0,0.0,0.0,0.0,0.0,0.0,0.0,0.0,0.0,0.0,0.0,0.0,0.0,0.0,0.0,0.0,0.0,0.0,0.0,0.0,,
2592,James Jones,James,1610612739,CLE,36.0,1,0,1,0.0,2.3833333333333333,0,0,0.0,0,0,0.0,0,0,0.0,0,0,0,0,1,0,0,0,0,0,0,0,-1.0,0,0,0.0,1,57,57,57,105,95,104,95,42,71,42,57,60,57,49,89,95,75,35,55,32,1,1,79,99,60,113,8,1,107,,113,0.0,0.0,103.1,100.0,133.3,-0.125,0.0,73,100.0,4,0.0,111,89,95,0.0,48,67.13,95,100.0,61,69.28,113,95,0.0,47,0.0,95,80.56,100.0,100.0,49,99,0.0,111,80.56,95,0.0,113,0.0,-30.2,0.205,0.0,67,30,61,75,30,46,104,75,73,0.0,0.2,111,100.0,0.0,,0.0,0.0,0.0,0.0,0.0,1.0,0.0,0.0,0.0,0.0,0.0,0.0,0.0,0.0,0.0,0.0,0.0,0.0,0.0,0.0,0.0,0.0,0.0,0.0,0.0,0.0,1.0,0.0,0.0,0.0,0.0,0.8,0.0,0.0,1.0,0.0,0.0,,,,,,,,,,,,,,,,,,,,,,,,,,,,,,,,,,,,,,,,,,,,,,,,,,,,,,,,,,,,,,,,,,,,,,,,,,,,,,,,0.0,,0.0,,,,,0.0,0.0,0.0,0.0,0.0,0.0,0.0,0.0,0.0,0.0,,,0.0,,0.0,0.0,0.0,0.0,,,,,0.0,0.0,,,0.0,,,,0.0,0.0,0.0,0.0,G-F,47.0,28.0,0.475,0.596,0.607,-0.011,0.0,0.0,,0.0,,,0.0,0.0,,0.0,0.0,0.0,,0.0,0.0,0.0,0.0,0.0,0.0,0.0,0.0,,,0.0,0.0,CLE,,,0.0,,,,,0.0,2017,21601083,,CLE,WAS,20170325.0,2016-17,False,CLE,WAS,,,,,,,,,,,,,,,,,,,,,,,,,,,,,,,,,,,,,,,,,1.0,0.0,0.0,0.0,0.0,0.0,0.0,0.0,0.0,0.0,0.0,0.0,0.0,0.0,0.0,0.0,0.0,0.0,,,2.38,725.0,0.14,0.08,0.06,2.51,5.72,4.49,,,,,,,,,,,,,,,,,,,,,,,
2592,James Jones,James,1610612739,CLE,36.0,1,1,0,1.0,1.5333333333333334,0,0,0.0,0,0,0.0,0,0,0.0,0,0,0,0,0,0,0,0,0,0,0,-2,0.0,0,0,0.0,1,1,1,1,250,225,245,225,112,169,112,142,151,142,120,231,237,181,158,108,79,1,1,183,230,135,251,23,3,251,,1,0.0,0.0,0.0,0.0,100.0,0.0,0.0,253,0.0,3,0.0,251,231,237,0.0,122,65.22,225,0.0,252,62.61,214,252,0.0,247,0.0,87,78.26,100.0,100.0,120,230,0.0,251,78.26,225,0.0,1,-100.0,-100.0,0.0,0.0,253,81,252,181,81,247,245,181,253,-100.0,0.0,251,0.0,0.0,0.0,0.0,0.0,2.0,0.0,0.0,1.0,0.0,0.0,0.0,0.0,0.0,0.0,0.0,0.0,0.0,0.0,0.0,0.0,0.0,0.0,0.0,0.0,0.0,0.0,0.0,0.0,2.0,0.0,0.0,0.0,0.0,0.84,0.0,0.0,0.0,0.0,0.0,,,,,,,,,,,,,,,,,,,,,,,,,,,,,,,,,,,,,,,,,,,,,,,,,,,,,,,,,,,,,,,,,,,,,,,,,,,,,,,,0.0,,0.0,,,,,0.0,0.0,0.0,0.0,0.0,0.0,0.0,0.0,0.0,0.0,0.0,,0.0,,0.0,0.0,0.0,0.0,0.0,0.0,0.0,0.0,0.0,,,,0.0,,0.0,,0.0,0.0,,,G-F,42.0,24.0,0.457,0.571,0.605,-0.033,0.0,0.0,,,,,,0.0,,,,0.0,,,0.0,0.0,0.0,0.0,,0.0,0.0,,,0.0,0.0,CLE,,,0.0,,,,,0.0,2017,21600977,,ORL,CLE,20170311.0,2016-17,False,CLE,ORL,,,1.0,1.0,2.0,0.5,0.354,0.147,0.5,0.0,1.0,0.0,0.313,-0.313,0.5,1.0,1.0,1.0,0.398,0.602,0.5,1.0,1.0,1.0,0.481,0.519,0.5,1.0,1.0,1.0,0.457,0.543,0.5,0.0,1.0,0.0,0.338,-0.338,,,2.0,0.0,0.0,0.0,0.0,0.0,0.0,0.0,0.0,0.0,0.0,0.0,0.0,0.0,0.0,0.0,0.0,0.0,,,1.53,440.0,0.08,0.05,0.04,3.91,0.0,0.0,1.0,0.0,1.0,0.0,0.0,0.0,0.0,0.0,0.0,0.0,0.0,0.0,0.0,0.0,0.0,0.0,0.0,0.0,0.0,0.0,0.0,,
2592,James Jones,James,1610612739,CLE,36.0,1,1,0,1.0,3.316666666666667,0,0,0.0,0,0,0.0,0,0,0.0,0,1,1,0,0,0,0,0,1,0,0,-4,1.2,0,0,1.0,1,1,1,1,156,146,158,146,79,118,79,81,84,81,86,110,122,111,98,73,54,1,33,118,147,105,156,15,1,156,,1,0.111,0.0,14.5,16.7,102.5,0.0,0.333,161,0.0,6,0.0,80,7,46,0.0,78,78.39,146,16.7,158,85.1,142,163,0.0,158,0.0,64,94.07,71.4,71.4,86,147,0.0,156,94.07,146,0.0,1,-54.8,-87.9,0.0,0.0,161,9,158,111,9,158,158,111,161,-54.8,0.0,80,0.0,0.0,0.0,0.0,0.0,2.0,0.0,0.0,0.0,0.0,0.0,0.0,0.0,0.0,0.0,0.0,0.0,0.0,0.0,0.0,0.0,0.0,0.0,0.0,0.0,0.0,0.0,0.0,0.0,2.0,0.0,0.0,0.0,0.0,0.98,0.0,0.0,0.0,0.0,0.0,0.0,4.2,0.0,4.2,1.0,0.0,0.0,0.0,0.0,0.0,0.0,0.0,0.0,0.0,1.0,0.0,0.0,0.0,0.0,0.0,0.0,0.0,0.0,0.0,,,,,,,,,,,,,,,,,,,,,,,,,,,,,,,,,,,,,,,,,,,,,,,,,,,,,,,,0.0,,0.0,,,,,0.0,0.0,0.0,0.0,0.0,0.0,0.0,0.0,0.0,0.0,0.0,,0.0,,0.0,0.0,,,0.0,0.0,0.0,0.0,0.0,0.0,,,,,0.0,,0.0,0.0,0.0,0.0,G-F,15.0,6.0,0.536,0.4,0.587,-0.187,0.0,,,0.0,,,,,,0.0,,0.0,,,0.0,,0.0,0.0,0.0,0.0,0.0,,,0.0,0.0,CLE,,,0.0,,,,,0.0,2017,21600429,,CLE,MIL,20161221.0,2016-17,False,CLE,MIL,,,1.0,1.0,1.0,1.0,0.478,0.522,,,,,,,1.0,1.0,1.0,1.0,0.478,0.522,1.0,1.0,1.0,1.0,0.594,0.406,1.0,1.0,1.0,1.0,0.5,0.5,,,,,,,,,2.0,0.0,0.0,0.0,0.0,0.0,0.0,0.0,0.0,0.0,0.0,0.0,0.0,0.0,0.0,0.0,0.0,0.0,,,3.32,1219.0,0.23,0.13,0.11,3.62,3.03,4.49,1.0,1.0,0.0,0.0,0.0,0.0,0.0,0.0,0.0,0.0,0.0,0.0,0.0,0.0,0.0,0.0,0.0,0.0,0.0,0.0,0.0,,
2592,James Jones,James,1610612739,CLE,36.0,1,1,0,1.0,6.016666666666667,3,3,1.0,3,3,1.0,0,0,0.0,0,0,0,0,0,0,0,0,0,0,9,-1,9.0,0,0,12.0,1,1,1,1,305,147,258,1,19,102,1,161,182,161,160,288,295,225,222,149,105,1,1,232,140,165,256,29,2,216,,1,0.0,3.0,139.9,133.3,158.0,0.277,0.0,14,0.0,12,0.0,279,288,295,1.5,169,76.45,147,133.3,250,88.55,10,240,0.0,50,0.0,326,91.75,154.5,154.5,160,1,3.0,309,91.75,1,0.0,1,-21.2,-18.1,0.262,1.5,6,325,250,225,325,57,258,225,14,-21.2,0.25,279,0.0,0.0,0.0,0.0,0.0,8.0,0.0,0.0,8.0,0.0,0.0,0.0,0.0,0.0,0.0,0.0,0.0,0.0,0.0,0.0,0.0,0.0,0.0,0.0,0.0,0.0,0.0,0.0,0.0,11.0,9.0,0.3,0.0,0.0,1.68,0.0,0.0,7.0,0.818,0.09,,,,,,,,,,,,,,,,,,,,,,,,,,,,,,,,,,,,,,,,,,,,,,,,,,,,,,3.0,3.0,1.5,3.0,1.0,3.0,0.0,,1.0,0.0,0.0,1.0,1.0,,,,,,,,,,,,,,1.0,1.0,3.0,1.5,1.0,1.0,1.0,1.0,0.0,0.0,0.0,0.0,1.5,1.0,0.0,6.0,0.0,1.0,,0.0,,,,2.0,1.0,1.0,1.0,1.0,1.0,,0.0,,,2.0,,1.0,,0.0,0.0,0.0,0.0,G-F,3.0,2.0,0.333,0.667,0.618,0.049,0.0,1.0,,0.0,,,,2.0,0.0,0.0,,0.0,,,0.0,2.0,0.0,1.0,0.0,0.0,1.0,,,1.0,0.0,CLE,0.0,0.0,2.0,1.0,2.0,2.0,1.5,2.0,2017,21600227,,CLE,DAL,20161125.0,2016-17,False,CLE,DAL,,,1.0,1.0,2.0,0.5,0.442,0.058,1.0,1.0,2.0,0.5,0.309,0.192,,,,,,,,,,,,,,,,,,,1.0,1.0,2.0,0.5,0.317,0.183,,,11.0,0.0,0.0,0.0,0.0,0.0,0.0,0.0,0.0,0.0,0.0,0.0,0.0,0.0,0.0,0.0,0.0,0.0,,,6.02,1965.0,0.37,0.22,0.15,4.0,3.62,2.23,2.0,0.0,2.0,0.0,0.0,2.0,4.0,0.0,0.0,0.0,0.0,0.0,0.0,0.0,0.0,0.0,0.0,0.0,0.0,0.0,0.0,,
2592,James Jones,James,1610612739,CLE,36.0,1,1,0,1.0,6.266666666666667,0,1,0.0,0,1,0.0,2,3,0.667,0,1,1,0,0,0,0,0,0,1,2,0,3.2,0,0,3.0,1,1,1,1,101,93,94,93,54,58,54,24,28,42,50,68,78,80,71,53,30,1,1,56,84,51,98,8,3,100,,1,0.067,1.0,107.6,108.3,90.8,0.056,0.125,36,0.0,12,0.0,69,54,64,0.431,61,79.79,93,108.3,42,101.11,73,33,0.0,48,0.0,35,95.74,100.0,100.0,50,78,0.0,37,95.74,93,0.0,1,8.3,16.8,0.192,0.0,37,49,42,80,49,62,94,80,36,8.3,0.167,69,0.0,0.0,0.0,0.0,0.0,8.0,0.0,0.0,4.0,0.0,0.0,0.0,0.0,0.0,0.0,0.0,0.0,0.0,0.0,0.0,0.0,0.0,0.0,0.0,0.0,0.0,0.0,0.0,0.0,10.0,2.0,0.3,0.0,0.0,1.93,0.0,0.0,4.0,0.2,0.7,0.0,2.6,2.0,2.6,1.0,1.0,0.5,1.0,0.0,0.0,1.0,2.0,0.0,0.0,1.0,0.0,0.0,0.0,0.0,1.0,0.0,0.5,0.0,0.0,,,,,,,,,,,,,,,,,,,,,,,,,,,,,,,,,,,,,,,,,,,1.0,0.0,0.0,0.0,1.0,1.0,,0.0,0.0,0.0,1.0,0.0,0.0,0.0,0.0,0.0,,,,0.0,0.0,0.0,0.0,0.0,0.0,0.0,0.0,0.0,0.0,0.0,0.0,0.0,0.0,0.0,0.0,0.0,1.0,0.0,,0.0,,,0.0,0.0,0.0,0.0,0.0,0.0,0.0,0.0,0.0,0.0,0.0,0.0,G-F,44.0,26.0,0.458,0.591,0.605,-0.014,0.0,0.0,,0.0,0.0,,0.0,0.0,0.0,0.0,0.0,0.0,,0.0,0.0,0.0,0.0,1.0,0.0,0.0,0.0,0.0,0.0,0.0,0.0,CLE,0.0,0.0,1.0,0.0,1.0,0.0,0.0,0.0,2017,21600999,,CLE,DET,20170314.0,2016-17,False,CLE,DET,,,1.0,2.0,4.0,0.5,0.44,0.06,0.25,0.0,1.0,0.0,0.292,-0.292,0.75,2.0,3.0,0.667,0.484,0.182,0.5,2.0,2.0,1.0,0.616,0.385,0.5,2.0,2.0,1.0,0.564,0.437,0.25,0.0,1.0,0.0,0.311,-0.311,,,10.0,0.0,0.0,0.0,0.0,0.0,0.0,0.0,0.0,0.0,0.0,0.0,0.0,0.0,0.0,0.0,0.0,0.0,,,6.27,2428.0,0.46,0.27,0.19,4.8,5.34,4.15,1.0,0.0,1.0,0.0,0.0,1.0,3.0,0.0,0.0,0.0,0.0,0.0,0.0,0.0,0.0,0.0,0.0,0.0,0.0,0.0,0.0,,
2592,James Jones,James,1610612739,CLE,36.0,1,0,1,0.0,1.933333333333333,0,0,0.0,0,0,0.0,0,0,0.0,0,0,0,0,0,0,0,0,0,0,0,6,0.0,0,0,0.0,1,93,93,93,183,168,178,168,81,135,81,98,105,98,96,159,170,132,116,86,55,1,1,135,172,50,182,19,1,183,,1,0.0,0.0,154.6,150.0,0.0,0.0,0.0,3,0.0,4,0.0,70,159,170,0.0,93,82.76,168,150.0,1,85.41,160,1,0.0,183,0.0,1,99.31,0.0,0.0,96,172,0.0,177,99.31,168,0.0,1,150.0,154.6,0.0,0.0,3,1,1,132,1,183,178,132,3,150.0,0.0,70,0.0,0.0,0.0,0.0,0.0,1.0,0.0,0.0,1.0,0.0,0.0,0.0,0.0,0.0,0.0,0.0,0.0,0.0,0.0,0.0,0.0,0.0,0.0,0.0,0.0,0.0,0.0,0.0,0.0,1.0,0.0,0.0,0.0,0.0,2.32,0.0,0.0,1.0,0.0,1.0,,,,,,,,,,,,,,,,,,,,,,,,,,,,,,,,,,,,,,,,,,,,,,,,,,,,,,,,,,,,,,,,,,,,,,,,,,,,,,,,0.0,,0.0,,,,,0.0,0.0,0.0,0.0,0.0,0.0,0.0,0.0,0.0,0.0,,,0.0,,0.0,0.0,,,,,,,0.0,0.0,,,,,,,0.0,0.0,0.0,0.0,G-F,50.0,30.0,0.467,0.6,0.61,-0.01,0.0,,,0.0,,,,,,0.0,,0.0,,,0.0,,0.0,,0.0,0.0,,,,,0.0,CLE,,,0.0,,,,,0.0,2017,21601179,,CLE,ATL,20170407.0,2016-17,False,CLE,ATL,,,,,,,,,,,,,,,,,,,,,,,,,,,,,,,,,,,,,,,,,1.0,0.0,0.0,0.0,0.0,0.0,0.0,0.0,0.0,0.0,0.0,0.0,0.0,0.0,0.0,0.0,0.0,0.0,,,1.93,586.0,0.11,0.05,0.06,3.11,8.68,4.83,0.0,0.0,0.0,0.0,0.0,1.0,2.0,0.0,0.0,0.0,0.0,0.0,0.0,0.0,0.0,0.0,0.0,0.0,0.0,0.0,0.0,,
2592,James Jones,James,1610612739,CLE,36.0,1,1,0,1.0,20.395,5,8,0.625,4,6,0.667,0,0,0.0,0,0,0,2,2,0,1,0,3,0,14,-3,18.0,0,0,22.0,1,1,1,1,61,31,46,19,3,9,9,53,57,53,48,89,91,31,15,47,11,1,73,74,28,61,52,11,1,36,,76,0.0,8.0,108.4,116.7,118.9,0.095,0.0,32,16.7,42,0.0,28,89,91,0.875,36,83.35,31,116.7,59,104.64,42,72,1.0,34,0.143,79,100.02,120.9,120.9,48,6,5.0,11,100.02,6,16.7,76,-4.3,-10.5,0.216,0.875,48,77,59,37,77,30,46,37,32,-4.3,0.217,28,16.7,4.0,0.0,0.091,5.0,22.0,0.091,0.0,23.0,2.0,1.0,0.0,0.0,0.0,0.0,1.0,0.0,0.0,0.0,0.0,0.0,1.0,0.0,0.0,0.0,0.0,0.0,0.0,0.0,33.0,14.0,0.9,0.0,0.0,1.55,2.0,1.0,22.0,0.424,0.42,,,,,,,,,,,,,,,,,,,,,,,,,,,,,,,,,,,,,,,,,1.0,0.125,0.0,1.0,0.0,1.0,0.125,1.0,1.0,,1.0,1.0,0.0,2.0,2.0,0.75,1.0,0.25,1.0,0.0,,0.25,0.0,0.0,0.5,0.5,0.625,3.0,0.0,0.125,4.0,0.5,0.0,0.75,0.9,1.0,5.0,0.6,3.0,2.0,1.0,5.0,1.25,1.0,1.0,1.0,2.0,2.0,0.0,0.0,1.0,0.875,0.5,0.0,9.0,0.0,0.8,0.0,0.5,0.75,0.0,0.0,1.0,0.0,1.0,4.0,1.0,1.0,0.0,0.0,3.0,4.0,0.0,0.0,5.0,0.0,2.0,1.0,0.0,0.0,G-F,32.0,16.0,0.516,0.5,0.61,-0.11,0.0,0.0,,0.0,0.0,,0.0,0.0,1.0,0.0,0.0,0.0,,0.0,0.0,0.0,0.0,7.0,0.0,0.0,0.571,0.0,0.0,4.0,0.0,CLE,1.0,1.0,6.0,0.6,5.0,3.0,0.75,3.0,2017,21600636,,CLE,PHX,20170119.0,2016-17,False,CLE,PHX,,,1.0,7.0,11.0,0.636,0.538,0.098,,,,,,,1.0,7.0,11.0,0.636,0.562,0.074,0.727,6.0,8.0,0.75,0.673,0.078,0.818,7.0,9.0,0.778,0.631,0.146,0.182,0.0,2.0,0.0,0.348,-0.348,,,33.0,1.0,1.0,1.0,1.0,0.0,0.0,0.0,2.0,2.0,0.0,0.0,0.0,0.0,0.0,0.0,0.0,0.0,,,20.4,8057.0,1.53,0.82,0.71,4.43,4.54,4.32,6.0,6.0,0.0,2.0,0.0,1.0,2.0,0.0,0.0,0.0,0.0,0.0,0.0,0.0,0.0,0.0,0.0,0.0,0.0,0.0,0.0,,
2592,James Jones,James,1610612739,CLE,36.0,1,1,0,1.0,4.066666666666666,1,1,1.0,0,0,0.0,0,0,0.0,0,2,2,0,0,0,0,0,0,0,2,-3,4.4,0,0,4.0,1,1,1,1,162,127,151,1,86,119,86,87,92,87,83,85,103,117,109,82,57,1,1,119,140,98,151,17,1,152,,1,0.286,1.0,66.7,66.7,104.2,0.571,0.5,159,0.0,9,0.0,31,5,4,1.0,83,88.52,127,66.7,152,104.1,1,151,0.0,146,0.0,87,106.23,100.0,100.0,83,10,1.0,40,106.23,7,0.0,1,-33.3,-37.5,0.1,1.0,159,50,152,117,50,147,151,117,159,-33.3,0.1,31,0.0,0.0,0.0,0.0,0.0,4.0,0.0,0.0,1.0,0.0,0.0,0.0,0.0,0.0,0.0,0.0,0.0,0.0,0.0,0.0,0.0,0.0,0.0,0.0,0.0,0.0,0.0,0.0,0.0,5.0,2.0,0.1,0.0,0.0,1.7,0.0,0.0,1.0,0.4,1.0,1.0,5.1,2.0,5.1,1.0,0.0,1.0,0.0,0.0,0.0,1.0,2.0,0.0,0.0,1.0,0.0,1.0,0.0,0.5,1.0,0.0,1.0,0.5,0.0,,,,,,,,,,,,,,,,,,,,,,,,,,,,,,1.0,0.0,1.0,0.0,1.0,1.0,1.0,1.0,0.0,1.0,1.0,1.0,,,,,,,,,,,,,,,1.0,,2.0,1.0,1.0,,,1.0,0.0,0.0,0.0,0.0,1.0,0.0,0.0,0.0,0.0,,,1.0,,0.0,0.0,0.0,0.0,,,,,0.0,0.0,,,0.0,,,,1.0,1.0,0.0,0.0,G-F,50.0,30.0,0.467,0.6,0.61,-0.01,1.0,0.0,,0.0,,,,0.0,0.0,0.0,,,,,1.0,0.0,,0.0,0.0,,0.0,,,0.0,1.0,CLE,0.0,0.0,0.0,,,,,0.0,2017,21601169,,BOS,CLE,20170405.0,2016-17,False,CLE,BOS,,,1.0,2.0,3.0,0.667,0.39,0.277,0.667,1.0,2.0,0.5,0.327,0.173,0.333,1.0,1.0,1.0,0.466,0.534,,,,,,,0.333,1.0,1.0,1.0,0.556,0.444,0.667,1.0,2.0,0.5,0.34,0.16,,,5.0,0.0,0.0,0.0,0.0,0.0,0.0,0.0,0.0,0.0,0.0,0.0,0.0,0.0,0.0,0.0,0.0,0.0,,,4.07,1523.0,0.29,0.18,0.11,4.42,5.31,3.32,3.0,1.0,2.0,1.0,0.0,1.0,2.0,0.0,0.0,0.0,0.0,0.0,0.0,0.0,0.0,0.0,0.0,0.0,0.0,0.0,0.0,,
2592,James Jones,James,1610612739,CLE,36.0,1,1,0,1.0,0.5116666666666667,0,0,0.0,0,0,0.0,0,0,0.0,0,0,0,0,1,0,0,0,0,0,0,-4,-1.0,0,0,0.0,1,1,1,1,113,96,107,96,50,76,50,56,60,56,61,90,94,77,39,51,37,1,1,78,97,72,111,9,1,106,,113,0.0,0.0,0.0,0.0,212.8,-0.333,0.0,113,100.0,2,0.0,1,90,94,0.0,55,156.35,96,0.0,113,135.09,113,113,0.0,1,0.0,109,187.62,200.0,200.0,61,97,0.0,3,187.62,96,0.0,113,-200.0,-212.8,1.0,0.0,113,109,113,77,109,2,107,77,113,-200.0,0.5,1,100.0,0.0,0.0,0.0,0.0,2.0,0.0,0.0,2.0,0.0,0.0,0.0,0.0,0.0,0.0,0.0,0.0,0.0,0.0,0.0,0.0,0.0,0.0,0.0,0.0,0.0,0.0,1.0,1.0,4.0,0.0,0.1,0.0,0.0,1.78,0.0,0.0,2.0,0.0,0.0,,,,,,,,,,,,,,,,,,,,,,,,,,,,,,,,,,,,,,,,,,,,,,,,,,,,,,,,,,,,,,,,,,,,,,,,,,,,,,,,0.0,,0.0,,,,,0.0,0.0,0.0,0.0,0.0,0.0,0.0,0.0,0.0,0.0,,,,,0.0,0.0,,,,,,,0.0,0.0,,,,,,,,,0.0,0.0,G-F,3.0,2.0,1.0,0.667,0.618,0.049,,,,0.0,,,,,,0.0,,0.0,,,,,0.0,,0.0,0.0,,,,,,CLE,,,0.0,,,,,0.0,2017,21600068,,CLE,BOS,20161103.0,2016-17,False,CLE,BOS,,,1.0,1.0,1.0,1.0,0.457,0.543,,,,,,,1.0,1.0,1.0,1.0,0.521,0.479,1.0,1.0,1.0,1.0,0.624,0.376,1.0,1.0,1.0,1.0,0.598,0.402,,,,,,,,,4.0,0.0,0.0,0.0,0.0,0.0,0.0,0.0,0.0,0.0,0.0,0.0,0.0,0.0,0.0,0.0,0.0,0.0,,,0.52,149.0,0.03,0.01,0.02,0.0,0.0,0.0,,,,,,,,,,,,,,,,,,,,,,,
2592,James Jones,James,1610612739,CLE,36.0,1,0,1,0.0,10.933333333333334,1,3,0.333,1,2,0.5,0,0,0.0,0,0,0,0,1,0,2,0,1,0,3,2,8.0,0,0,8.0,1,69,69,69,112,94,108,87,32,59,19,73,80,73,59,123,127,94,42,67,3,1,33,99,102,49,109,12,2,106,,132,0.0,3.0,116.4,122.7,113.2,0.0,0.0,23,25.0,22,0.0,79,123,127,0.5,64,80.49,94,122.7,50,99.4,120,57,0.0,90,0.0,91,96.59,113.6,113.6,59,78,1.0,52,96.59,56,0.0,132,9.1,3.2,0.159,0.5,28,85,50,94,85,89,108,94,23,9.1,0.16,79,25.0,2.0,0.0,0.0,0.0,12.0,0.0,0.0,12.0,0.0,0.0,0.0,0.0,0.0,0.0,0.0,0.0,0.0,0.0,0.0,0.0,0.0,0.0,0.0,0.0,0.0,0.0,0.0,0.0,16.0,3.0,0.4,0.0,0.0,1.38,0.0,0.0,11.0,0.188,0.69,,,,,,,,,,,,,,,,,,,,,,,,,,0.0,1.0,0.0,0.333,1.0,0.0,0.0,1.0,,0.0,0.333,0.0,0.0,,0.0,1.0,0.333,0.0,0.0,0.0,0.0,0.333,1.0,0.0,,0.0,0.0,0.0,,,,,,,,,,,,,,0.333,1.0,0.0,0.0,1.0,0.333,,1.0,1.5,0.0,1.0,1.0,1.0,0.0,0.0,0.0,,,,0.0,0.0,0.0,0.0,0.0,0.0,0.5,0.333,0.0,3.0,0.0,0.0,,0.0,0.0,0.0,0.0,2.0,0.5,0.0,0.0,0.0,0.0,0.0,0.0,0.0,0.0,1.0,,0.0,,1.0,0.0,0.0,0.0,G-F,5.0,2.0,0.333,0.4,0.615,-0.215,1.0,0.5,,0.0,,,0.0,2.0,0.0,0.0,0.0,0.0,,0.0,0.0,1.0,0.0,0.0,0.0,0.0,0.0,,,0.0,0.0,CLE,0.0,0.0,2.0,0.5,2.0,1.0,0.75,1.0,2017,21600262,,MIL,CLE,20161129.0,2016-17,False,CLE,MIL,,,1.0,0.0,1.0,0.0,0.523,-0.523,,,,,,,1.0,0.0,1.0,0.0,0.562,-0.562,1.0,0.0,1.0,0.0,0.674,-0.674,1.0,0.0,1.0,0.0,0.634,-0.634,,,,,,,,,16.0,0.0,0.0,0.0,0.0,0.0,0.0,0.0,0.0,0.0,0.0,0.0,0.0,0.0,0.0,0.0,0.0,0.0,,,10.93,3781.0,0.72,0.4,0.31,3.84,4.66,3.12,2.0,2.0,0.0,0.0,0.0,0.0,0.0,0.0,0.0,0.0,0.0,0.0,0.0,0.0,0.0,0.0,0.0,0.0,0.0,0.0,0.0,,
2592,James Jones,James,1610612739,CLE,36.0,1,0,1,0.0,0.455,0,0,0.0,0,0,0.0,0,0,0.0,0,0,0,0,0,0,0,0,0,0,0,0,0.0,0,0,0.0,1,96,96,96,189,165,179,165,95,134,95,99,101,99,90,161,164,135,125,87,65,1,1,133,168,92,182,14,2,183,,1,0.0,0.0,0.0,0.0,0.0,0.0,0.0,189,0.0,1,0.0,2,161,164,0.0,96,131.87,165,0.0,92,52.75,160,91,0.0,181,0.0,1,158.24,0.0,0.0,90,168,0.0,191,158.24,165,0.0,1,0.0,0.0,0.0,0.0,189,1,92,135,1,181,179,135,189,0.0,0.0,2,0.0,0.0,,0.0,0.0,0.0,0.0,0.0,0.0,0.0,0.0,0.0,0.0,0.0,0.0,0.0,0.0,0.0,0.0,0.0,0.0,0.0,0.0,0.0,0.0,0.0,0.0,0.0,0.0,0.0,0.0,0.0,0.0,0.0,0.0,0.0,0.0,0.0,0.0,0.0,,,,,,,,,,,,,,,,,,,,,,,,,,,,,,,,,,,,,,,,,,,,,,,,,,,,,,,,,,,,,,,,,,,,,,,,,,,,,,,,0.0,,0.0,,,,,0.0,0.0,0.0,0.0,0.0,0.0,0.0,0.0,0.0,0.0,,,,,,,,,,,,,,0.0,,,,,,,,,0.0,0.0,G-F,23.0,10.0,0.469,0.435,0.591,-0.156,,,,0.0,,,,,,0.0,,,,,,,,,0.0,,,,,,,CLE,,,0.0,,,,,0.0,2017,21600576,,UTA,CLE,20170110.0,2016-17,False,CLE,UTA,,,,,,,,,,,,,,,,,,,,,,,,,,,,,,,,,,,,,,,,,0.0,0.0,0.0,0.0,0.0,0.0,0.0,0.0,0.0,0.0,0.0,0.0,0.0,0.0,0.0,0.0,0.0,0.0,,,0.45,127.0,0.02,0.01,0.01,0.0,0.0,0.0,,,,,,,,,,,,,,,,,,,,,,,
2592,James Jones,James,1610612739,CLE,36.0,1,1,0,1.0,2.4166666666666665,1,2,0.5,0,1,0.0,0,0,0.0,0,0,0,0,0,0,0,0,0,0,2,-4,2.0,0,0,2.0,1,1,1,1,217,157,181,67,100,120,100,126,131,126,97,192,197,147,143,95,69,1,1,160,179,145,205,18,2,204,,1,0.0,2.0,40.0,40.0,126.1,0.222,0.0,220,0.0,5,0.0,106,192,197,0.5,113,82.76,157,40.0,222,96.93,15,221,0.0,4,0.0,202,99.31,120.0,120.0,97,110,1.0,148,99.31,82,0.0,1,-80.0,-86.1,0.4,0.5,220,185,222,147,185,4,181,147,220,-80.0,0.4,106,0.0,0.0,0.0,0.0,0.0,3.0,0.0,0.0,3.0,0.0,0.0,0.0,0.0,0.0,0.0,0.0,0.0,0.0,0.0,0.0,0.0,0.0,0.0,0.0,0.0,0.0,0.0,0.0,0.0,5.0,2.0,0.1,0.0,0.0,0.97,0.0,0.0,3.0,0.4,0.4,,,,,,,,,,,,,,,,,,,,,,,,,,,,,,,,,,,,,,,,,0.0,0.0,1.0,,0.5,0.0,0.5,1.0,0.0,0.0,0.0,0.0,0.0,1.0,0.0,1.0,0.0,0.5,1.0,1.0,1.0,0.0,0.5,1.0,1.0,,,,,,,,,,,,,,,1.0,0.0,2.0,1.0,1.0,,0.0,1.0,0.0,0.0,0.0,0.0,0.5,0.0,0.0,0.0,0.0,,,1.0,,0.0,0.0,1.0,0.0,,,,,0.0,0.0,,,0.0,,,,1.0,1.0,0.0,0.0,G-F,3.0,2.0,0.5,0.667,0.618,0.049,1.0,0.0,,0.0,0.0,,,1.0,0.0,0.0,,0.0,,,1.0,0.0,0.0,0.0,0.0,0.0,0.0,0.0,0.0,0.0,1.0,CLE,0.0,0.0,1.0,0.0,1.0,0.0,0.0,0.0,2017,21600175,,CLE,DET,20161118.0,2016-17,False,CLE,DET,,,1.0,0.0,2.0,0.0,0.451,-0.451,0.5,0.0,1.0,0.0,0.384,-0.384,0.5,0.0,1.0,0.0,0.545,-0.545,,,,,,,,,,,,,0.5,0.0,1.0,0.0,0.367,-0.367,,,5.0,0.0,0.0,0.0,0.0,0.0,0.0,0.0,0.0,0.0,0.0,0.0,0.0,0.0,0.0,0.0,0.0,0.0,,,2.42,928.0,0.18,0.1,0.08,4.98,5.4,4.65,2.0,1.0,1.0,0.0,0.0,0.0,0.0,0.0,0.0,0.0,0.0,0.0,0.0,0.0,0.0,0.0,0.0,0.0,0.0,0.0,0.0,,
2592,James Jones,James,1610612739,CLE,36.0,1,0,1,0.0,2.6333333333333333,2,2,1.0,1,1,1.0,0,0,0.0,0,1,1,0,0,0,0,0,0,0,5,5,6.2,0,0,7.0,1,86,86,86,170,109,154,1,41,97,1,79,88,79,89,119,130,138,103,81,44,1,1,114,114,50,153,10,2,149,,1,0.333,2.0,184.4,180.0,100.0,0.429,0.5,1,0.0,5,0.0,134,2,2,1.25,88,75.95,109,180.0,1,80.93,2,1,0.0,1,0.0,32,91.14,80.0,80.0,89,1,2.0,173,91.14,1,0.0,1,100.0,84.4,0.41,1.25,1,7,1,138,7,2,154,138,1,100.0,0.4,134,0.0,0.0,0.0,0.0,0.0,5.0,0.0,0.0,5.0,0.0,0.0,0.0,0.0,0.0,0.0,0.0,0.0,0.0,0.0,0.0,0.0,0.0,0.0,0.0,0.0,0.0,0.0,0.0,1.0,7.0,5.0,0.3,0.0,2.0,2.54,2.0,1.0,4.0,0.714,1.0,0.0,7.9,1.0,7.9,1.0,0.0,1.0,0.0,0.0,0.0,1.0,1.0,0.0,0.0,1.0,0.0,0.0,0.0,0.0,1.0,0.0,1.0,0.0,0.0,1.0,0.0,1.0,0.5,0.0,0.0,1.0,1.0,1.0,,1.0,0.5,1.0,1.0,,,,,,,,,,,,,,,,,,,,,,,,,,,,,0.5,1.0,0.0,0.0,1.0,0.5,,1.0,1.5,0.0,1.0,1.0,1.0,1.0,1.0,3.0,1.5,1.0,1.0,1.0,1.0,2.0,0.0,0.0,1.0,1.25,1.0,1.0,2.0,2.0,,0.0,0.0,,1.0,1.0,1.0,1.0,,,,,1.0,0.0,,,1.0,0.0,,0.0,0.0,0.0,0.0,0.0,G-F,47.0,28.0,0.475,0.596,0.607,-0.011,0.0,,,0.0,1.0,,0.0,,1.0,0.0,0.0,,,0.0,0.0,,,,0.0,,,1.0,1.0,,0.0,CLE,1.0,1.0,1.0,,0.0,0.0,1.0,1.0,2017,21601064,,DEN,CLE,20170322.0,2016-17,False,CLE,DEN,,,,,,,,,,,,,,,,,,,,,,,,,,,,,,,,,,,,,,,,,7.0,1.0,1.0,1.0,1.0,0.0,0.0,0.0,2.0,2.0,0.0,0.0,0.0,0.0,0.0,0.0,0.0,0.0,,,2.63,770.0,0.15,0.08,0.07,2.27,5.2,4.02,,,,,,,,,,,,,,,,,,,,,,,
2592,James Jones,James,1610612739,CLE,36.0,1,1,0,1.0,10.9,2,2,1.0,2,2,1.0,0,0,0.0,0,0,0,0,0,1,0,0,2,1,6,-3,9.0,0,0,10.0,1,1,1,1,139,99,143,1,23,80,1,81,82,81,87,142,147,115,101,25,45,1,72,74,99,99,125,12,2,119,,1,0.0,2.0,85.8,87.0,98.1,0.133,0.0,133,0.0,23,0.0,69,142,147,1.5,78,82.57,99,87.0,122,102.96,51,108,0.0,147,0.0,51,99.08,104.5,104.5,87,1,2.0,44,99.08,1,0.0,1,-17.6,-12.4,0.086,1.5,135,72,122,115,72,147,143,115,133,-17.6,0.087,69,0.0,0.0,0.0,0.0,0.0,16.0,0.0,0.0,11.0,0.0,0.0,0.0,0.0,0.0,0.0,0.0,0.0,0.0,0.0,0.0,0.0,0.0,0.0,0.0,0.0,0.0,0.0,2.0,0.0,18.0,6.0,0.4,0.0,0.0,1.32,0.0,0.0,9.0,0.333,0.0,,,,,,,,,,,,,,,,,,,,,,,,,,,,,,,,,,,,,,,,,,,,,,,,,,,,,,,,,,,,,,,,,,,1.0,2.0,0.0,0.0,2.0,1.0,,1.0,1.5,0.0,2.0,1.0,2.0,0.0,0.0,0.0,,,,0.0,0.0,0.0,0.0,0.0,0.0,1.5,1.0,0.0,6.0,0.0,1.0,,0.0,1.0,0.0,0.0,1.0,1.0,0.0,1.0,0.0,0.0,0.0,0.0,1.0,1.0,1.0,,1.0,,0.0,0.0,0.0,0.0,G-F,4.0,2.0,0.286,0.5,0.601,-0.101,0.0,0.0,,0.0,,,,0.0,0.0,0.0,,0.0,,,0.0,0.0,0.0,2.0,0.0,0.0,1.0,,,2.0,0.0,CLE,0.0,0.0,2.0,1.0,2.0,2.0,1.5,2.0,2017,21600245,,PHI,CLE,20161127.0,2016-17,False,CLE,PHI,,,1.0,3.0,5.0,0.6,0.416,0.184,0.4,2.0,2.0,1.0,0.338,0.662,0.6,1.0,3.0,0.333,0.467,-0.134,0.2,0.0,1.0,0.0,0.549,-0.549,0.4,0.0,2.0,0.0,0.532,-0.532,0.4,2.0,2.0,1.0,0.328,0.673,,,18.0,0.0,0.0,0.0,0.0,0.0,0.0,0.0,0.0,0.0,0.0,0.0,0.0,0.0,0.0,0.0,0.0,0.0,,,10.9,4427.0,0.84,0.42,0.42,4.41,4.34,4.49,3.0,1.0,2.0,1.0,0.0,0.0,0.0,0.0,0.0,0.0,0.0,0.0,0.0,0.0,0.0,0.0,0.0,0.0,0.0,0.0,0.0,,
2592,James Jones,James,1610612739,CLE,36.0,1,1,0,1.0,5.5,1,2,0.5,1,1,1.0,2,2,1.0,0,0,0,0,0,0,0,0,1,1,5,1,5.0,0,0,6.0,1,1,1,1,64,42,55,23,19,36,1,13,14,1,32,60,61,50,44,34,24,1,16,28,34,28,58,7,2,53,,1,0.0,2.0,109.4,100.0,93.2,0.115,0.0,42,0.0,13,0.0,5,60,61,0.868,35,94.55,42,100.0,26,108.04,28,23,0.0,17,0.0,18,113.45,92.3,92.3,32,7,1.0,6,113.45,11,0.0,1,7.7,16.3,0.242,0.75,34,17,26,50,17,18,55,50,42,7.7,0.231,5,0.0,0.0,0.0,0.0,0.0,5.0,0.0,0.0,5.0,0.0,0.0,0.0,0.0,0.0,0.0,0.0,0.0,0.0,0.0,0.0,0.0,0.0,0.0,0.0,0.0,0.0,0.0,0.0,0.0,7.0,5.0,0.1,0.0,0.0,0.64,0.0,0.0,5.0,0.714,0.0,,,,,,,,,,,,,,,,,,,,,,,,,,,,,,,,,,,,,,,,,,,,,,,,,,,,,,1.0,0.0,0.0,0.0,0.5,0.0,0.0,0.0,0.0,0.5,1.0,0.0,,0.5,1.0,0.0,0.0,1.0,0.5,,1.0,1.5,0.0,1.0,1.0,1.0,0.0,0.0,0.0,,,,0.0,0.0,0.0,0.0,0.0,0.0,0.75,0.5,0.0,3.0,0.0,,0.0,0.0,,0.0,0.0,1.0,1.0,,,,,0.0,0.0,,,1.0,0.0,,0.0,1.0,0.0,0.0,0.0,G-F,2.0,1.0,1.0,0.5,0.615,-0.115,0.0,1.0,,0.0,,,0.0,1.0,0.0,0.0,0.0,0.0,,0.0,0.0,1.0,0.0,1.0,0.0,0.0,0.0,,,0.0,0.0,CLE,0.0,0.0,2.0,1.0,1.0,1.0,0.75,1.0,2017,21600001,,CLE,NYK,20161025.0,2016-17,False,CLE,NYK,,,1.0,1.0,2.0,0.5,0.529,-0.029,,,,,,,1.0,1.0,2.0,0.5,0.538,-0.038,1.0,1.0,2.0,0.5,0.615,-0.115,1.0,1.0,2.0,0.5,0.568,-0.068,,,,,,,,,7.0,0.0,0.0,0.0,0.0,0.0,0.0,0.0,0.0,0.0,0.0,0.0,0.0,0.0,0.0,0.0,0.0,0.0,,,5.5,2057.0,0.39,0.23,0.15,4.34,3.72,5.22,1.0,0.0,1.0,1.0,0.0,1.0,2.0,0.0,0.0,0.0,0.0,0.0,0.0,0.0,0.0,0.0,0.0,0.0,0.0,0.0,0.0,,
2592,James Jones,James,1610612739,CLE,36.0,1,1,0,1.0,2.6,0,0,0.0,0,0,0.0,0,0,0.0,0,0,0,0,0,0,0,0,1,0,0,0,0.0,0,0,0.0,1,1,1,1,121,115,121,115,60,90,60,71,73,71,68,111,112,88,90,60,41,1,25,93,117,59,123,14,2,123,,1,0.0,0.0,125.0,100.0,80.6,-0.143,0.0,79,0.0,5,0.0,126,111,112,0.0,67,76.92,115,100.0,63,94.15,127,11,0.0,124,0.0,8,92.31,100.0,100.0,68,117,0.0,119,92.31,115,0.0,1,0.0,44.4,0.0,0.0,20,40,63,88,40,124,121,88,79,0.0,0.0,126,0.0,0.0,,0.0,0.0,0.0,0.0,0.0,0.0,0.0,0.0,0.0,0.0,0.0,0.0,0.0,0.0,0.0,0.0,0.0,0.0,0.0,0.0,0.0,0.0,0.0,0.0,0.0,0.0,0.0,0.0,0.0,0.0,0.0,0.0,0.0,0.0,0.0,0.0,0.0,,,,,,,,,,,,,,,,,,,,,,,,,,,,,,,,,,,,,,,,,,,,,,,,,,,,,,,,,,,,,,,,,,,,,,,,,,,,,,,,0.0,,0.0,,,,,0.0,0.0,0.0,0.0,0.0,0.0,0.0,0.0,0.0,0.0,0.0,0.0,0.0,0.0,,,0.0,0.0,,0.0,,,,0.0,0.0,0.0,0.0,0.0,0.0,0.0,0.0,0.0,0.0,0.0,G-F,37.0,20.0,0.487,0.541,0.606,-0.066,0.0,0.0,,0.0,,,0.0,0.0,,0.0,0.0,,,0.0,0.0,0.0,,0.0,0.0,,0.0,,,0.0,0.0,CLE,,,0.0,,,,,0.0,2017,21600853,,CLE,NYK,20170223.0,2016-17,False,CLE,NYK,,,,,,,,,,,,,,,,,,,,,,,,,,,,,,,,,,,,,,,,,0.0,0.0,0.0,0.0,0.0,0.0,0.0,0.0,0.0,0.0,0.0,0.0,0.0,0.0,0.0,0.0,0.0,0.0,,,2.6,793.0,0.15,0.09,0.06,4.61,4.09,5.26,,,,,,,,,,,,,,,,,,,,,,,
2592,James Jones,James,1610612739,CLE,36.0,1,1,0,1.0,9.465,1,2,0.5,0,1,0.0,0,0,0.0,0,2,2,1,1,0,1,0,3,1,2,10,7.9,0,0,7.0,1,1,1,1,223,202,228,94,126,154,126,154,166,154,132,133,167,119,73,128,23,1,190,126,223,53,220,17,1,222,,237,0.095,2.0,127.1,105.0,48.1,0.029,0.125,136,25.0,20,0.0,83,121,106,0.5,66,84.52,202,105.0,13,99.9,205,2,1.0,143,0.167,2,101.43,55.0,55.0,132,143,1.0,131,101.43,109,25.0,236,50.0,79.0,0.182,0.5,43,3,13,88,3,188,228,60,136,50.0,0.15,83,25.0,1.0,0.0,0.077,3.0,13.0,0.077,0.0,9.0,1.0,0.0,0.0,0.0,0.0,0.0,0.0,0.0,0.0,0.0,0.0,0.0,0.0,0.0,0.0,0.0,0.0,0.0,1.0,0.0,16.0,2.0,0.3,0.0,0.0,1.31,0.0,0.0,7.0,0.125,0.13,1.0,5.1,4.0,5.1,1.0,1.0,0.5,1.0,0.0,0.0,0.667,4.0,0.0,0.0,1.0,0.0,1.0,0.0,0.5,0.667,0.0,0.5,0.5,0.0,,,,,,,,,,,,,,,,,,,,,,,,,,,,,,2.0,1.0,0.5,0.0,1.0,1.0,1.0,1.0,0.5,0.5,1.0,0.5,0.0,,,,,,,,,,,,,,0.0,1.0,0.0,0.0,0.0,0.0,0.0,1.0,0.0,0.0,0.0,0.0,0.5,1.0,0.0,2.0,0.0,,0.0,1.0,,0.0,0.0,1.0,0.0,,,,,0.0,0.0,,,0.0,0.0,,0.0,1.0,1.0,0.0,0.0,G-F,35.0,18.0,0.486,0.514,0.604,-0.09,0.0,0.0,0.0,0.0,0.0,0.0,0.0,1.0,0.0,0.0,0.0,0.0,0.0,0.0,0.0,0.0,0.0,1.0,0.0,0.0,1.0,0.0,0.0,1.0,0.0,CLE,0.0,0.0,1.0,,0.0,0.0,1.0,1.0,2017,21600731,,CLE,MIN,20170201.0,2016-17,False,CLE,MIN,,,1.0,0.0,3.0,0.0,0.425,-0.425,0.333,0.0,1.0,0.0,0.316,-0.316,0.667,0.0,2.0,0.0,0.522,-0.522,,,,,,,0.333,0.0,1.0,0.0,0.547,-0.547,0.667,0.0,2.0,0.0,0.327,-0.327,,,16.0,0.0,0.0,0.0,0.0,0.0,0.0,0.0,0.0,0.0,0.0,0.0,0.0,0.0,0.0,0.0,0.0,0.0,,,9.47,3381.0,0.64,0.3,0.34,3.81,4.6,3.26,3.0,2.0,1.0,0.0,0.0,1.0,3.0,0.0,0.0,0.0,0.0,0.0,0.0,0.0,0.0,0.0,0.0,0.0,0.0,0.0,0.0,,
2592,James Jones,James,1610612739,CLE,36.0,1,1,0,1.0,8.183333333333334,1,2,0.5,0,1,0.0,0,0,0.0,1,1,2,0,0,0,0,0,0,0,2,-4,4.4,0,0,4.0,1,1,1,1,22,21,22,8,15,16,15,17,17,17,5,15,15,17,17,12,11,1,1,20,23,14,25,2,1,23,,1,0.154,2.0,142.5,146.7,159.3,0.053,0.143,4,0.0,15,0.167,23,12,4,0.5,13,70.88,21,146.7,17,93.15,18,14,0.0,21,0.0,23,85.05,185.7,185.7,2,18,1.0,23,85.05,14,0.0,1,-39.0,-16.8,0.122,0.5,4,24,17,17,24,21,22,17,4,-39.0,0.118,23,0.0,1.0,0.0,0.0,0.0,12.0,0.0,0.0,7.0,0.0,0.0,0.0,0.0,0.0,0.0,0.0,0.0,0.0,0.0,0.0,1.0,1.0,0.0,0.0,0.0,1.0,0.0,0.0,1.0,14.0,2.0,0.3,0.0,2.0,1.43,0.0,0.0,7.0,0.143,0.21,0.0,8.5,3.0,8.5,1.0,1.0,0.667,1.0,0.0,0.0,0.5,3.0,0.0,0.0,1.0,0.0,0.0,0.0,0.0,1.0,0.0,0.333,0.0,0.0,,0.0,1.0,0.0,0.5,1.0,0.0,0.0,1.0,,0.0,0.5,0.0,0.0,,0.0,,,,,,,,,,,,,,1.0,0.0,1.0,0.0,0.5,1.0,1.0,1.0,0.0,0.5,1.0,1.0,,,,,,,,,,,,,,,0.0,0.0,0.0,,,,0.0,0.0,0.0,0.0,0.0,0.0,0.5,0.0,1.0,0.0,2.0,0.0,,0.0,0.0,0.0,0.0,0.0,0.0,0.0,0.0,0.0,0.0,0.0,1.0,0.0,1.0,0.0,,1.0,,0.0,0.0,1.0,1.0,G-F,12.0,10.0,1.0,0.833,0.569,0.264,0.0,0.0,,1.0,,,,0.0,0.0,1.0,,0.0,,,0.0,0.0,0.0,1.0,1.0,0.0,0.0,,,0.0,0.0,CLE,0.0,0.0,1.0,0.0,1.0,0.0,0.0,0.0,2017,41600305,,BOS,CLE,20170525.0,2016-17,True,CLE,BOS,1610612738.0,CLE_BOS_2017,1.0,2.0,2.0,1.0,0.43,0.57,,,,,,,1.0,2.0,2.0,1.0,0.457,0.544,1.0,2.0,2.0,1.0,0.541,0.46,1.0,2.0,2.0,1.0,0.52,0.48,,,,,,,,,14.0,0.0,0.0,0.0,0.0,0.0,0.0,0.0,0.0,0.0,0.0,0.0,0.0,0.0,0.0,0.0,0.0,0.0,,,8.18,2923.0,0.55,0.34,0.21,4.4,3.68,3.66,2.0,2.0,0.0,0.0,0.0,1.0,2.0,0.0,0.0,0.0,0.0,0.0,0.0,0.0,0.0,0.0,0.0,0.0,0.0,0.0,0.0,,
2592,James Jones,James,1610612739,CLE,36.0,1,1,0,1.0,15.95,0,4,0.0,0,2,0.0,0,0,0.0,0,1,1,1,0,0,0,0,1,1,0,-22,2.7,0,0,2.0,1,1,1,1,217,265,203,265,150,127,150,159,169,159,140,202,223,136,192,139,96,1,53,141,270,294,272,24,3,276,,1,0.031,4.0,88.0,82.9,145.1,-0.043,0.067,256,0.0,35,0.0,49,216,243,0.0,153,87.77,265,82.9,292,102.5,280,292,0.0,244,0.1,287,105.33,145.7,145.7,140,270,0.0,85,105.33,265,20.0,1,-62.9,-57.1,0.118,0.0,240,290,292,147,290,246,203,93,256,-62.9,0.111,49,0.0,1.0,0.0,0.063,2.0,16.0,0.063,0.0,9.0,1.0,0.0,1.0,0.0,0.0,0.0,0.0,0.0,0.0,0.0,0.0,0.0,1.0,0.0,0.0,0.0,0.0,0.0,0.0,0.0,20.0,0.0,0.5,0.0,0.0,1.49,0.0,0.0,9.0,0.0,0.35,0.0,3.8,3.0,3.8,1.0,0.0,0.25,0.0,0.0,0.0,0.333,4.0,0.0,0.0,1.0,0.0,0.0,0.0,0.0,0.25,1.0,0.333,0.0,0.0,,0.0,1.0,0.0,0.25,1.0,0.0,0.0,1.0,,0.0,0.25,0.0,0.0,,0.0,1.0,0.25,0.0,0.0,0.0,0.0,0.25,1.0,0.0,,0.0,0.0,0.0,1.0,0.0,0.0,0.0,0.25,0.0,0.0,0.0,0.0,0.25,1.0,0.0,,0.25,0.0,0.0,0.0,1.0,0.25,,0.0,0.0,0.0,1.0,0.0,0.0,0.0,0.0,0.0,0.0,0.0,,0.0,1.0,0.0,0.0,0.0,0.0,0.0,0.0,0.0,0.0,0.0,0.0,,0.0,0.0,0.0,1.0,1.0,0.0,1.0,0.0,0.0,0.0,0.0,0.0,0.0,0.0,0.0,,1.0,,1.0,0.0,0.0,0.0,G-F,20.0,9.0,0.556,0.45,0.599,-0.149,1.0,0.0,,0.0,,,,0.0,0.0,0.0,,0.0,,,0.0,0.0,0.0,2.0,1.0,0.0,0.0,,,0.0,0.0,CLE,0.0,0.0,2.0,0.0,2.0,0.0,0.0,0.0,2017,21600444,,CLE,BKN,20161223.0,2016-17,False,CLE,BKN,,,1.0,5.0,8.0,0.625,0.457,0.168,0.125,0.0,1.0,0.0,0.311,-0.311,0.875,5.0,7.0,0.714,0.571,0.144,0.625,3.0,5.0,0.6,0.636,-0.036,0.75,4.0,6.0,0.667,0.613,0.054,0.25,1.0,2.0,0.5,0.337,0.164,,,20.0,0.0,0.0,0.0,0.0,0.0,0.0,0.0,0.0,0.0,0.0,0.0,0.0,0.0,0.0,0.0,0.0,0.0,,,15.95,6369.0,1.21,0.65,0.56,4.52,4.22,4.88,4.0,3.0,1.0,0.0,0.0,2.0,5.0,0.0,0.0,0.0,0.0,0.0,0.0,0.0,0.0,0.0,0.0,0.0,0.0,0.0,0.0,,
2592,James Jones,James,1610612739,CLE,36.0,1,1,0,1.0,7.9,3,3,1.0,3,3,1.0,0,0,0.0,0,0,0,0,0,1,0,0,1,0,9,3,12.0,0,0,14.0,1,1,1,1,197,101,167,1,15,68,1,119,126,119,112,185,197,151,140,43,59,1,36,159,101,80,140,18,2,126,,1,0.0,3.0,160.0,150.0,135.3,0.217,0.0,2,0.0,16,0.0,183,185,197,1.5,108,78.48,101,150.0,69,92.72,19,44,0.0,96,0.0,199,94.18,140.0,140.0,112,1,3.0,202,94.18,1,0.0,1,10.0,24.7,0.2,1.5,3,204,69,151,204,107,167,151,2,10.0,0.188,183,0.0,1.0,0.0,0.0,0.0,14.0,0.0,0.0,11.0,0.0,0.0,0.0,0.0,0.0,0.0,0.0,0.0,0.0,0.0,0.0,0.0,0.0,0.0,0.0,0.0,0.0,0.0,0.0,0.0,17.0,9.0,0.4,0.0,0.0,1.58,0.0,0.0,10.0,0.529,0.29,,,,,,,,,,,,,,,,,,,,,,,,,,,,,,,,,,,,,,,,,,,,,,,,,,,,,,1.0,1.0,1.5,1.0,0.333,1.0,0.0,,0.333,0.0,0.0,1.0,1.0,0.667,2.0,0.0,0.0,2.0,0.667,,1.0,1.5,0.0,2.0,1.0,2.0,1.0,1.0,3.0,1.5,1.0,1.0,1.0,1.0,0.0,0.0,0.0,0.0,1.5,1.0,0.0,6.0,0.0,1.0,,0.0,1.0,0.0,0.0,1.0,1.0,1.0,2.0,1.0,1.0,0.0,0.0,1.0,1.0,1.0,,2.0,,0.0,0.0,0.0,0.0,G-F,7.0,3.0,0.389,0.429,0.603,-0.175,0.0,0.0,,0.0,,,,0.0,0.0,0.0,,0.0,,,0.0,0.0,0.0,3.0,0.0,0.0,1.0,,,3.0,0.0,CLE,0.0,0.0,2.0,1.0,2.0,2.0,1.5,2.0,2017,21600327,,NYK,CLE,20161207.0,2016-17,False,CLE,NYK,,,1.0,1.0,3.0,0.333,0.453,-0.12,,,,,,,1.0,1.0,3.0,0.333,0.49,-0.156,0.667,1.0,2.0,0.5,0.574,-0.074,0.667,1.0,2.0,0.5,0.534,-0.034,0.333,0.0,1.0,0.0,0.31,-0.31,,,17.0,0.0,0.0,0.0,0.0,0.0,0.0,0.0,0.0,0.0,0.0,0.0,0.0,0.0,0.0,0.0,0.0,0.0,,,7.9,2626.0,0.5,0.28,0.22,3.8,4.42,3.13,2.0,2.0,0.0,1.0,0.0,2.0,5.0,0.0,0.0,0.0,0.0,0.0,0.0,0.0,0.0,0.0,0.0,0.0,0.0,0.0,0.0,,
2592,James Jones,James,1610612739,CLE,36.0,1,0,1,0.0,7.166666666666667,0,1,0.0,0,0,0.0,0,0,0.0,1,0,1,2,1,0,0,0,0,0,0,1,3.2,0,0,3.0,1,62,62,62,115,110,113,110,61,88,61,84,86,84,31,108,97,35,49,57,47,1,1,100,118,55,115,7,2,115,,111,0.1,1.0,156.3,150.0,132.0,0.016,0.0,1,25.0,12,0.2,123,108,49,0.0,10,69.77,110,150.0,25,81.71,104,15,2.0,81,0.5,117,83.72,130.8,130.8,4,118,0.0,126,83.72,110,50.0,108,19.2,24.3,0.16,0.0,2,117,25,3,117,81,113,1,1,19.2,0.154,123,25.0,2.0,0.0,0.333,6.0,6.0,0.333,0.0,4.0,2.0,0.0,0.0,0.0,0.0,0.0,0.0,0.0,0.0,0.0,0.0,0.0,0.0,0.0,0.0,0.0,0.0,0.0,0.0,0.0,7.0,0.0,0.2,0.0,0.0,1.91,0.0,0.0,5.0,0.0,0.57,0.0,20.3,0.0,0.0,0.0,0.0,1.0,0.0,0.0,1.0,0.0,1.0,0.0,1.0,1.0,0.0,0.0,1.0,0.0,1.0,1.0,0.0,0.0,20.3,,,,,,,,,,,,,,,,,,,,,,,,,,,,,,1.0,0.0,0.0,0.0,1.0,0.0,0.0,0.0,0.0,1.0,1.0,0.0,,,,,,,,,,,,,,,0.0,,0.0,,,,,0.0,0.0,0.0,0.0,0.0,0.0,0.0,0.0,0.0,0.0,0.0,,0.0,0.0,0.0,0.0,0.0,0.0,0.0,0.0,0.0,0.0,0.0,0.0,0.0,0.0,0.0,,0.0,,1.0,0.0,0.0,0.0,G-F,5.0,2.0,0.333,0.4,0.615,-0.215,1.0,0.0,,0.0,0.0,,,0.0,0.0,0.0,,0.0,,,0.0,0.0,0.0,0.0,0.0,0.0,0.0,0.0,0.0,0.0,0.0,CLE,0.0,0.0,1.0,,,,0.0,0.0,2017,21600279,,CLE,LAC,20161201.0,2016-17,False,CLE,LAC,,,,,,,,,,,,,,,,,,,,,,,,,,,,,,,,,,,,,,,,,7.0,0.0,0.0,0.0,0.0,0.0,0.0,0.0,0.0,0.0,0.0,0.0,0.0,0.0,0.0,0.0,0.0,0.0,,,7.17,2383.0,0.45,0.22,0.23,4.2,4.41,2.7,,,,,,,,,,,,,,,,,,,,,,,
2592,James Jones,James,1610612739,CLE,36.0,1,1,0,1.0,1.9833333333333327,0,0,0.0,0,0,0.0,0,0,0.0,0,0,0,0,0,0,0,0,0,0,0,-3,0.0,0,0,0.0,1,1,1,1,129,111,127,111,64,96,64,67,71,67,64,108,112,78,79,49,33,1,1,92,115,74,124,9,4,124,,1,0.0,0.0,66.7,50.0,128.9,0.0,0.0,129,0.0,4,0.0,30,108,112,0.0,48,80.67,111,50.0,128,83.25,104,126,0.0,130,0.0,107,96.81,125.0,125.0,64,115,0.0,128,96.81,111,0.0,1,-75.0,-62.2,0.0,0.0,127,90,128,78,90,130,127,78,129,-75.0,0.0,30,0.0,0.0,0.0,0.0,0.0,1.0,0.0,0.0,0.0,0.0,0.0,0.0,0.0,0.0,0.0,0.0,0.0,0.0,0.0,0.0,0.0,0.0,0.0,0.0,0.0,0.0,0.0,0.0,0.0,1.0,0.0,0.0,0.0,0.0,0.72,0.0,0.0,0.0,0.0,0.0,,,,,,,,,,,,,,,,,,,,,,,,,,,,,,,,,,,,,,,,,,,,,,,,,,,,,,,,,,,,,,,,,,,,,,,,,,,,,,,,0.0,,0.0,,,,,0.0,0.0,0.0,0.0,0.0,0.0,0.0,0.0,0.0,0.0,0.0,,0.0,0.0,0.0,0.0,0.0,0.0,,0.0,,,0.0,0.0,0.0,0.0,0.0,,0.0,,0.0,0.0,0.0,0.0,G-F,21.0,9.0,0.5,0.429,0.593,-0.165,,0.0,,0.0,,,,0.0,0.0,0.0,,0.0,,,,0.0,0.0,0.0,0.0,0.0,0.0,,,0.0,,CLE,0.0,0.0,0.0,,,,,0.0,2017,21600505,,CHA,CLE,20161231.0,2016-17,False,CLE,CHA,,,1.0,1.0,1.0,1.0,0.399,0.601,,,,,,,1.0,1.0,1.0,1.0,0.455,0.545,,,,,,,,,,,,,1.0,1.0,1.0,1.0,0.322,0.678,,,1.0,0.0,0.0,0.0,0.0,0.0,0.0,0.0,0.0,0.0,0.0,0.0,0.0,0.0,0.0,0.0,0.0,0.0,,,1.98,545.0,0.1,0.06,0.05,3.03,5.35,0.0,1.0,1.0,0.0,0.0,0.0,0.0,0.0,0.0,0.0,0.0,0.0,0.0,0.0,0.0,0.0,0.0,0.0,0.0,0.0,0.0,0.0,,
2592,James Jones,James,1610612739,CLE,36.0,1,1,0,1.0,0.7583333333333333,0,0,0.0,0,0,0.0,0,0,0.0,0,1,1,0,0,0,0,0,0,0,0,2,1.2,0,0,1.0,1,1,1,1,187,168,180,168,102,135,102,108,113,108,95,131,143,129,119,92,55,1,1,144,172,70,182,17,2,182,,1,1.0,0.0,200.0,100.0,0.0,0.5,1.0,117,0.0,2,0.0,122,1,1,0.0,92,79.12,168,100.0,1,63.3,4,1,0.0,186,0.0,1,94.95,0.0,0.0,95,172,0.0,187,94.95,168,0.0,1,100.0,200.0,0.0,0.0,1,1,1,129,1,185,180,129,117,100.0,0.0,122,0.0,0.0,0.0,0.0,0.0,1.0,0.0,0.0,0.0,0.0,0.0,0.0,0.0,0.0,0.0,0.0,0.0,0.0,0.0,0.0,0.0,0.0,0.0,0.0,0.0,0.0,0.0,0.0,0.0,2.0,0.0,0.1,0.0,0.0,2.56,0.0,0.0,0.0,0.0,0.0,0.0,6.4,1.0,6.4,1.0,0.0,1.0,0.0,0.0,0.0,1.0,1.0,0.0,0.0,1.0,0.0,0.0,0.0,0.0,1.0,0.0,1.0,0.0,0.0,,,,,,,,,,,,,,,,,,,,,,,,,,,,,,,,,,,,,,,,,,,,,,,,,,,,,,,,0.0,,0.0,,,,,0.0,0.0,0.0,0.0,0.0,0.0,0.0,0.0,0.0,0.0,,,0.0,,,,,,,,,,,,,,,,,,0.0,0.0,,,G-F,24.0,10.0,0.48,0.417,0.589,-0.172,0.0,,,,,,,,,,,,,,0.0,,,0.0,,,0.0,,,0.0,0.0,CLE,,,0.0,,,,,0.0,2017,21600599,,SAC,CLE,20170113.0,2016-17,False,CLE,SAC,,,,,,,,,,,,,,,,,,,,,,,,,,,,,,,,,,,,,,,,,2.0,0.0,0.0,0.0,0.0,0.0,0.0,0.0,0.0,0.0,0.0,0.0,0.0,0.0,0.0,0.0,0.0,0.0,,,0.77,177.0,0.03,0.02,0.02,0.0,0.0,0.0,,,,,,,,,,,,,,,,,,,,,,,
2592,James Jones,James,1610612739,CLE,36.0,1,1,0,1.0,2.933333333333333,0,0,0.0,0,0,0.0,0,0,0.0,0,0,0,0,0,0,0,0,0,0,0,-2,0.0,0,0,0.0,1,1,1,1,124,113,122,113,66,96,66,72,77,72,73,111,118,90,84,60,50,1,1,90,117,69,127,11,2,127,,1,0.0,0.0,58.1,57.1,102.0,0.0,0.0,123,0.0,7,0.0,5,111,118,0.0,67,95.45,113,57.1,110,104.4,109,120,0.0,127,0.0,57,114.55,85.7,85.7,73,117,0.0,26,114.55,113,0.0,1,-28.6,-43.9,0.0,0.0,124,18,110,90,18,127,122,90,123,-28.6,0.0,5,0.0,0.0,0.0,0.0,0.0,2.0,0.0,0.0,0.0,0.0,0.0,0.0,0.0,0.0,0.0,0.0,0.0,0.0,0.0,0.0,0.0,0.0,0.0,0.0,0.0,0.0,0.0,0.0,0.0,2.0,0.0,0.1,0.0,0.0,2.44,0.0,0.0,0.0,0.0,0.0,,,,,,,,,,,,,,,,,,,,,,,,,,,,,,,,,,,,,,,,,,,,,,,,,,,,,,,,,,,,,,,,,,,,,,,,,,,,,,,,0.0,,0.0,,,,,0.0,0.0,0.0,0.0,0.0,0.0,0.0,0.0,0.0,0.0,,,0.0,,0.0,0.0,0.0,0.0,,,,,0.0,0.0,,,0.0,,,,0.0,0.0,0.0,0.0,G-F,10.0,3.0,0.476,0.3,0.588,-0.288,0.0,0.0,,0.0,,,,0.0,0.0,0.0,,0.0,,,0.0,0.0,0.0,,0.0,0.0,,,,,0.0,CLE,0.0,0.0,0.0,,,,,0.0,2017,21600368,,CLE,MEM,20161213.0,2016-17,False,CLE,MEM,,,1.0,0.0,2.0,0.0,0.399,-0.399,,,,,,,1.0,0.0,2.0,0.0,0.447,-0.447,1.0,0.0,2.0,0.0,0.485,-0.485,1.0,0.0,2.0,0.0,0.457,-0.457,,,,,,,,,2.0,0.0,0.0,0.0,0.0,0.0,0.0,0.0,0.0,0.0,0.0,0.0,0.0,0.0,0.0,0.0,0.0,0.0,,,2.93,1187.0,0.22,0.15,0.08,4.11,3.32,5.41,1.0,1.0,0.0,0.0,0.0,0.0,0.0,0.0,0.0,0.0,0.0,0.0,0.0,0.0,0.0,0.0,0.0,0.0,0.0,0.0,0.0,,
2592,James Jones,James,1610612739,CLE,36.0,1,1,0,1.0,1.6833333333333331,0,0,0.0,0,0,0.0,0,0,0.0,0,0,0,0,0,0,0,0,0,0,0,1,0.0,0,0,0.0,1,1,1,1,39,32,37,32,19,28,19,17,17,17,17,36,36,25,27,20,15,1,1,23,34,16,39,4,1,39,,1,0.0,0.0,166.7,125.0,103.1,0.0,0.0,7,0.0,4,0.0,9,36,36,0.0,19,83.17,32,125.0,24,98.09,33,2,0.0,37,0.0,23,99.8,133.3,133.3,17,34,0.0,21,99.8,32,0.0,1,-8.3,63.6,0.0,0.0,2,35,24,25,35,37,37,25,7,-8.3,0.0,9,0.0,0.0,0.0,0.0,0.0,2.0,0.0,0.0,1.0,0.0,0.0,0.0,0.0,0.0,0.0,0.0,0.0,0.0,0.0,0.0,0.0,0.0,0.0,0.0,0.0,0.0,0.0,0.0,0.0,2.0,0.0,0.1,0.0,0.0,2.26,0.0,0.0,1.0,0.0,0.5,,,,,,,,,,,,,,,,,,,,,,,,,,,,,,,,,,,,,,,,,,,,,,,,,,,,,,,,,,,,,,,,,,,,,,,,,,,,,,,,0.0,,0.0,,,,,0.0,0.0,0.0,0.0,0.0,0.0,0.0,0.0,0.0,0.0,,,0.0,,0.0,0.0,0.0,0.0,,,,,0.0,0.0,,,0.0,,,,0.0,0.0,0.0,0.0,G-F,2.0,1.0,1.0,0.5,0.599,-0.099,0.0,,,0.0,,,,,,0.0,,,,,0.0,,,0.0,0.0,,0.0,,,0.0,0.0,CLE,,,0.0,,,,,0.0,2017,41600213,,TOR,CLE,20170505.0,2016-17,True,CLE,TOR,1610612761.0,CLE_TOR_2017,,,,,,,,,,,,,,,,,,,,,,,,,,,,,,,,,,,,,,,2.0,0.0,0.0,0.0,0.0,0.0,0.0,0.0,0.0,0.0,0.0,0.0,0.0,0.0,0.0,0.0,0.0,0.0,,,1.68,499.0,0.09,0.06,0.04,3.57,6.2,0.0,1.0,1.0,0.0,0.0,0.0,0.0,0.0,0.0,0.0,0.0,0.0,0.0,0.0,0.0,0.0,0.0,0.0,0.0,0.0,0.0,0.0,,
2592,James Jones,James,1610612739,CLE,36.0,1,1,0,1.0,7.6,1,2,0.5,1,2,0.5,0,0,0.0,0,0,0,1,0,0,0,0,0,1,3,9,4.5,0,0,5.0,1,1,1,1,149,123,139,44,33,67,16,82,89,82,89,140,146,85,111,80,57,1,1,72,126,27,147,16,3,144,,1,0.0,2.0,145.9,146.7,82.5,0.113,0.0,3,0.0,15,0.0,51,140,146,0.75,87,84.21,123,146.7,3,97.39,60,3,0.0,122,0.143,16,101.05,76.5,76.5,89,20,1.0,109,101.05,17,33.3,1,70.2,63.4,0.133,0.75,3,9,3,62,9,119,139,15,3,70.2,0.133,51,0.0,1.0,0.0,0.111,2.0,9.0,0.111,0.0,8.0,1.0,0.0,0.0,0.0,0.0,0.0,0.0,0.0,0.0,0.0,0.0,0.0,0.0,0.0,0.0,0.0,0.0,0.0,0.0,0.0,11.0,3.0,0.3,0.0,0.0,1.39,0.0,0.0,6.0,0.273,0.36,,,,,,,,,,,,,,,,,,,,,,,,,,1.0,1.0,0.0,0.5,1.0,0.0,1.0,1.0,,1.0,0.5,1.5,0.0,,1.0,,,,,,,,,,,,,,,,,,,,,,,,,,,0.5,0.0,0.0,0.0,1.0,0.5,,0.0,0.0,0.0,1.0,0.0,0.0,0.0,0.0,0.0,,,,0.0,0.0,0.0,0.0,0.0,0.0,0.75,0.5,0.0,3.0,0.0,1.0,,0.0,1.0,0.0,0.0,1.0,0.0,,1.0,,,0.0,0.0,1.0,1.0,0.0,,1.0,,0.0,0.0,0.0,0.0,G-F,22.0,9.0,0.5,0.409,0.588,-0.179,0.0,0.0,,0.0,,,,1.0,0.0,0.0,,0.0,,,0.0,0.0,0.0,1.0,0.0,0.0,1.0,,,1.0,0.0,CLE,0.0,0.0,2.0,0.5,2.0,1.0,0.75,1.0,2017,21600514,,CLE,NOP,20170102.0,2016-17,False,CLE,NOP,,,1.0,0.0,2.0,0.0,0.394,-0.394,,,,,,,1.0,0.0,2.0,0.0,0.429,-0.429,0.5,0.0,1.0,0.0,0.474,-0.474,0.5,0.0,1.0,0.0,0.458,-0.458,0.5,0.0,1.0,0.0,0.338,-0.338,,,11.0,0.0,0.0,0.0,0.0,0.0,0.0,0.0,0.0,0.0,0.0,0.0,0.0,0.0,0.0,0.0,0.0,0.0,,,7.6,2960.0,0.56,0.3,0.26,4.74,4.76,4.73,2.0,2.0,0.0,1.0,0.0,0.0,0.0,0.0,0.0,0.0,0.0,0.0,0.0,0.0,0.0,0.0,0.0,0.0,0.0,0.0,0.0,,
2592,James Jones,James,1610612739,CLE,36.0,1,1,0,1.0,1.5333333333333334,1,1,1.0,1,1,1.0,0,0,0.0,0,0,0,0,0,0,0,0,0,0,3,-1,3.0,0,0,4.0,1,1,1,1,258,188,240,1,57,142,1,142,153,142,126,228,232,187,161,129,67,1,1,187,199,138,241,22,1,233,,1,0.0,1.0,150.0,150.0,233.3,0.231,0.0,5,0.0,4,0.0,20,228,232,1.5,121,91.3,188,150.0,264,109.57,10,264,0.0,63,0.0,268,109.57,233.3,233.3,126,1,1.0,22,109.57,1,0.0,1,-83.3,-83.3,0.25,1.5,8,265,264,187,265,107,240,187,5,-83.3,0.2,20,0.0,0.0,0.0,0.0,0.0,2.0,0.0,0.0,1.0,0.0,0.0,0.0,0.0,0.0,0.0,0.0,0.0,0.0,0.0,0.0,0.0,0.0,0.0,0.0,0.0,0.0,0.0,0.0,0.0,3.0,3.0,0.1,0.0,0.0,1.72,0.0,0.0,1.0,1.0,0.0,,,,,,,,,,,,,,,,,,,,,,,,,,,,,,,,,,,,,,,,,,,,,,,,,,,,,,1.0,1.0,1.5,1.0,1.0,1.0,0.0,,1.0,0.0,0.0,1.0,1.0,,,,,,,,,,,,,,0.0,0.0,0.0,,,,0.0,0.0,0.0,0.0,0.0,0.0,1.5,1.0,0.0,3.0,0.0,,,0.0,,,,1.0,1.0,,,,,,,,,1.0,,,,0.0,0.0,,,G-F,35.0,18.0,0.479,0.514,0.604,-0.09,0.0,0.0,,,,,,0.0,,,,,,,0.0,0.0,,1.0,,,1.0,,,1.0,0.0,CLE,,,1.0,1.0,1.0,1.0,1.5,1.0,2017,21600783,,IND,CLE,20170208.0,2016-17,False,CLE,IND,,,1.0,1.0,1.0,1.0,0.478,0.522,,,,,,,1.0,1.0,1.0,1.0,0.519,0.481,,,,,,,,,,,,,1.0,1.0,1.0,1.0,0.424,0.576,,,3.0,0.0,0.0,0.0,0.0,0.0,0.0,0.0,0.0,0.0,0.0,0.0,0.0,0.0,0.0,0.0,0.0,0.0,,,1.53,454.0,0.09,0.07,0.02,3.9,5.29,0.0,,,,,,,,,,,,,,,,,,,,,,,
2592,James Jones,James,1610612739,CLE,36.0,1,1,0,1.0,10.783333333333331,1,2,0.5,0,1,0.0,0,0,0.0,0,0,0,0,0,0,0,0,1,0,2,1,2.0,0,0,2.0,1,1,1,1,139,120,139,53,72,94,72,82,86,82,85,145,149,121,101,78,53,1,35,115,130,63,151,25,2,151,,1,0.0,2.0,80.2,81.8,74.3,0.0,0.0,151,0.0,22,0.0,100,145,149,0.5,88,81.61,120,81.8,65,100.87,142,58,0.0,147,0.0,5,97.93,77.3,77.3,85,92,1.0,73,97.93,74,0.0,1,4.5,5.9,0.089,0.5,150,7,65,121,7,147,139,121,151,4.5,0.087,100,0.0,0.0,0.0,0.0,0.0,8.0,0.0,0.0,6.0,0.0,0.0,1.0,2.0,1.0,0.0,0.0,0.0,0.0,0.0,0.0,0.0,1.0,0.0,0.0,1.0,0.0,2.0,0.0,0.0,11.0,2.0,0.4,0.0,0.0,2.41,0.0,0.0,3.0,0.182,0.91,,,,,,,,,,,,,,,,,,,,,,,,,,,,,,,,,,,,,,,,,,,,,,,,,,,,,,2.0,1.0,0.5,0.0,1.0,1.0,1.0,1.0,0.5,0.5,1.0,0.5,0.0,,,,,,,,,,,,,,0.0,0.0,0.0,,,,0.0,0.0,0.0,0.0,0.0,0.0,0.5,0.0,0.0,0.0,0.0,0.0,,0.0,0.0,0.0,0.0,1.0,0.0,,0.0,,,0.0,1.0,0.0,0.0,0.0,,0.0,,0.0,0.0,1.0,1.0,G-F,35.0,18.0,0.507,0.514,0.604,-0.09,0.0,0.0,,1.0,,,,1.0,0.0,1.0,,0.0,,,0.0,0.0,0.0,0.0,1.0,0.0,0.0,,,0.0,0.0,CLE,0.0,0.0,1.0,0.0,1.0,0.0,0.0,0.0,2017,21600712,,CLE,OKC,20170129.0,2016-17,False,CLE,OKC,,,1.0,1.0,3.0,0.333,0.41,-0.077,,,,,,,1.0,1.0,3.0,0.333,0.452,-0.119,0.667,1.0,2.0,0.5,0.544,-0.044,0.667,1.0,2.0,0.5,0.504,-0.004,0.333,0.0,1.0,0.0,0.354,-0.354,,,11.0,0.0,0.0,0.0,0.0,0.0,0.0,0.0,0.0,0.0,0.0,0.0,0.0,0.0,0.0,0.0,0.0,0.0,,,10.78,4171.0,0.79,0.41,0.38,4.46,4.24,4.7,2.0,2.0,0.0,1.0,0.0,0.0,0.0,0.0,0.0,0.0,0.0,0.0,0.0,0.0,0.0,0.0,0.0,0.0,0.0,0.0,0.0,,
2592,James Jones,James,1610612739,CLE,36.0,1,0,1,0.0,13.9,1,2,0.5,0,0,0.0,0,0,0.0,0,1,1,1,0,2,1,0,2,0,2,-6,13.7,0,0,10.0,1,71,71,71,100,90,108,41,56,88,56,67,73,67,61,80,93,52,88,10,11,1,55,94,103,91,76,9,2,89,,1,0.034,2.0,72.7,72.4,90.7,0.089,0.071,113,0.0,29,0.0,26,89,101,0.5,66,84.89,90,72.4,98,101.25,71,100,0.0,121,0.125,41,101.87,90.0,90.0,61,70,1.0,30,101.87,52,33.3,1,-17.6,-18.0,0.067,0.5,112,35,98,50,35,122,108,9,113,-17.6,0.065,26,0.0,1.0,0.0,0.071,3.0,14.0,0.071,0.0,7.0,1.0,0.0,0.0,0.0,0.0,0.0,0.0,0.0,0.0,0.0,0.0,0.0,0.0,0.0,0.0,0.0,0.0,0.0,0.0,1.0,16.0,2.0,0.7,0.0,0.0,2.58,0.0,0.0,8.0,0.125,1.5,0.0,4.3,3.0,4.3,1.0,0.0,0.333,0.0,0.0,0.0,0.333,3.0,0.0,0.0,1.0,0.0,0.0,0.0,0.0,0.333,0.0,0.333,0.0,0.0,1.0,0.0,1.0,0.5,0.0,0.0,1.0,1.0,1.0,,1.0,0.5,1.0,1.0,,,,,,,,,,,,,,,,1.0,0.0,0.0,0.0,0.5,0.0,0.0,0.0,0.0,0.5,1.0,0.0,,,,,,,,,,,,,,,0.0,,0.0,0.0,0.0,,,1.0,0.0,0.0,0.0,0.0,0.5,0.0,0.0,0.0,0.0,0.0,,0.0,0.0,0.0,0.0,0.0,0.0,,0.0,,,0.0,1.0,0.0,0.0,0.0,,0.0,,1.0,0.0,1.0,1.0,G-F,49.0,29.0,0.48,0.592,0.61,-0.018,0.0,0.0,0.0,1.0,,0.0,,0.0,0.0,1.0,,0.0,0.0,,0.0,0.0,0.0,1.0,1.0,0.0,0.0,,,0.0,0.0,CLE,0.0,0.0,0.0,,,,,0.0,2017,21601099,,SAS,CLE,20170327.0,2016-17,False,CLE,SAS,,,1.0,2.0,3.0,0.667,0.56,0.107,0.333,1.0,1.0,1.0,0.401,0.599,0.667,1.0,2.0,0.5,0.619,-0.119,0.667,1.0,2.0,0.5,0.672,-0.172,0.667,1.0,2.0,0.5,0.644,-0.144,0.333,1.0,1.0,1.0,0.397,0.603,,,16.0,0.0,0.0,0.0,0.0,0.0,0.0,0.0,0.0,0.0,0.0,0.0,0.0,0.0,0.0,0.0,0.0,0.0,,,13.9,5193.0,0.98,0.52,0.47,4.32,4.49,4.16,2.0,1.0,1.0,2.0,0.0,1.0,2.0,0.0,0.0,0.0,0.0,0.0,0.0,0.0,0.0,0.0,0.0,0.0,0.0,0.0,0.0,,
2592,James Jones,James,1610612739,CLE,36.0,1,1,0,1.0,1.6666666666666667,0,0,0.0,0,0,0.0,0,0,0.0,0,0,0,0,1,0,0,0,0,0,0,-4,-1.0,0,0,0.0,1,1,1,1,49,39,46,39,22,34,22,22,22,22,25,36,41,36,17,22,13,1,1,33,39,32,50,3,1,46,,50,0.0,0.0,66.7,50.0,154.6,-0.111,0.0,50,100.0,4,0.0,1,36,41,0.0,20,96.0,39,50.0,50,99.07,48,50,0.0,4,0.0,50,115.2,150.0,150.0,25,39,0.0,15,115.2,39,0.0,50,-100.0,-88.0,0.333,0.0,50,47,50,36,47,12,46,36,50,-100.0,0.25,1,100.0,0.0,0.0,0.0,0.0,2.0,0.0,0.0,2.0,0.0,0.0,0.0,0.0,0.0,0.0,0.0,0.0,0.0,0.0,0.0,0.0,0.0,0.0,0.0,0.0,0.0,0.0,1.0,0.0,3.0,0.0,0.1,0.0,0.0,2.72,0.0,0.0,2.0,0.0,1.0,,,,,,,,,,,,,,,,,,,,,,,,,,,,,,,,,,,,,,,,,,,,,,,,,,,,,,,,,,,,,,,,,,,,,,,,,,,,,,,,0.0,,0.0,,,,,0.0,0.0,0.0,0.0,0.0,0.0,0.0,0.0,0.0,0.0,,,0.0,,0.0,0.0,,,,,,,0.0,0.0,,,,,,,0.0,0.0,0.0,0.0,G-F,2.0,1.0,1.0,0.5,0.599,-0.099,,,,0.0,,,,,0.0,0.0,,0.0,,,,,0.0,,0.0,0.0,,,,,,CLE,0.0,0.0,0.0,,,,,0.0,2017,41600212,,CLE,TOR,20170503.0,2016-17,True,CLE,TOR,1610612761.0,CLE_TOR_2017,1.0,1.0,2.0,0.5,0.506,-0.006,,,,,,,1.0,1.0,2.0,0.5,0.525,-0.025,1.0,1.0,2.0,0.5,0.599,-0.099,1.0,1.0,2.0,0.5,0.568,-0.068,,,,,,,,,3.0,0.0,0.0,0.0,0.0,0.0,0.0,0.0,0.0,0.0,0.0,0.0,0.0,0.0,0.0,0.0,0.0,0.0,,,1.67,534.0,0.1,0.07,0.03,3.6,5.34,0.0,,,,,,,,,,,,,,,,,,,,,,,
2592,James Jones,James,1610612739,CLE,36.0,1,1,0,1.0,0.3116666666666666,0,0,0.0,0,0,0.0,0,0,0.0,0,0,0,0,0,0,0,0,0,0,0,-2,0.0,0,0,0.0,1,1,1,1,51,43,48,43,29,35,29,27,29,27,21,39,42,33,33,25,16,1,1,32,48,25,51,9,1,51,,1,0.0,0.0,0.0,0.0,200.0,0.0,0.0,51,0.0,1,0.0,1,39,42,0.0,23,128.34,43,0.0,51,77.01,44,51,0.0,50,0.0,51,154.01,200.0,200.0,21,48,0.0,51,154.01,43,0.0,1,-200.0,-200.0,0.0,0.0,51,51,51,33,51,50,48,33,51,-200.0,0.0,1,0.0,0.0,0.0,0.0,0.0,1.0,0.0,0.0,0.0,0.0,0.0,0.0,0.0,0.0,0.0,0.0,0.0,0.0,0.0,0.0,0.0,0.0,0.0,0.0,0.0,0.0,0.0,0.0,0.0,1.0,0.0,0.0,0.0,0.0,1.4,0.0,0.0,0.0,0.0,0.0,,,,,,,,,,,,,,,,,,,,,,,,,,,,,,,,,,,,,,,,,,,,,,,,,,,,,,,,,,,,,,,,,,,,,,,,,,,,,,,,0.0,,0.0,,,,,0.0,0.0,0.0,0.0,0.0,0.0,0.0,0.0,0.0,0.0,,,,,,,,,,,,,,0.0,,,,,,,,,0.0,0.0,,,,,,,,,,,0.0,,,,,,0.0,,,,,,,,,0.0,,,,,,,CLE,,,0.0,,,,,0.0,2017,41600211,,CLE,TOR,20170501.0,2016-17,True,CLE,TOR,1610612761.0,CLE_TOR_2017,,,,,,,,,,,,,,,,,,,,,,,,,,,,,,,,,,,,,,,1.0,0.0,0.0,0.0,0.0,0.0,0.0,0.0,0.0,0.0,0.0,0.0,0.0,0.0,0.0,0.0,0.0,0.0,,,0.32,41.0,0.01,0.0,0.01,0.0,0.0,0.0,,,,,,,,,,,,,,,,,,,,,,,
2592,James Jones,James,1610612739,CLE,36.0,1,0,1,0.0,23.4,5,6,0.833,4,5,0.8,0,0,0.0,0,2,2,1,0,1,1,0,4,0,14,-13,23.9,0,0,25.0,1,85,85,85,89,36,94,4,4,27,8,94,95,94,77,87,105,89,103,35,20,1,139,119,43,148,61,20,2,49,,1,0.045,6.0,109.0,104.3,132.0,0.126,0.083,77,0.0,47,0.0,123,104,116,1.167,82,80.34,36,104.3,139,94.28,50,139,0.0,130,0.083,156,96.41,131.9,131.9,77,1,5.0,128,96.41,1,14.3,1,-27.7,-23.0,0.123,1.167,62,156,139,99,156,132,94,76,77,-27.7,0.118,123,0.0,2.0,0.0,0.111,2.0,18.0,0.056,0.0,16.0,2.0,0.0,0.0,0.0,0.0,0.0,0.0,0.0,0.0,0.0,0.0,0.0,0.0,0.0,0.0,0.0,0.0,0.0,0.0,0.0,24.0,14.0,0.5,0.0,0.0,1.26,0.0,1.0,11.0,0.583,0.08,0.0,3.9,3.0,3.9,2.0,0.0,0.5,0.0,0.0,0.0,0.667,4.0,0.0,0.0,2.0,0.0,0.0,0.0,0.0,0.5,1.0,0.667,0.0,0.0,,1.0,1.0,0.0,0.167,1.0,0.0,1.0,1.0,,1.0,0.167,1.5,0.0,,1.0,,,,,,,,,,,,,,2.0,1.0,0.5,0.0,0.333,1.0,1.0,1.0,0.167,0.167,1.0,0.5,0.0,0.5,3.0,0.0,0.0,3.0,0.5,,1.0,1.5,0.0,3.0,1.0,3.0,1.0,0.0,2.0,1.0,1.0,,0.0,1.0,0.0,0.0,0.0,0.0,1.167,0.8,0.0,12.0,0.0,1.0,0.0,1.0,0.0,0.0,0.0,4.0,0.75,1.0,1.0,1.0,1.0,0.0,0.0,0.0,0.0,3.0,0.0,1.0,0.0,1.0,1.0,0.0,0.0,G-F,40.0,22.0,0.471,0.55,0.61,-0.06,0.0,1.0,0.0,0.0,,0.0,0.0,1.0,0.0,0.0,0.0,0.0,0.0,0.0,0.0,1.0,0.0,5.0,0.0,0.0,0.8,,,4.0,0.0,CLE,0.0,0.0,5.0,0.8,5.0,4.0,1.2,4.0,2017,21600871,,CLE,CHI,20170225.0,2016-17,False,CLE,CHI,,,1.0,6.0,9.0,0.667,0.426,0.241,0.444,2.0,4.0,0.5,0.34,0.16,0.556,4.0,5.0,0.8,0.522,0.278,0.333,2.0,3.0,0.667,0.664,0.003,0.333,2.0,3.0,0.667,0.606,0.061,0.667,4.0,6.0,0.667,0.341,0.325,,,24.0,1.0,0.0,0.0,0.0,0.0,0.0,0.0,0.0,0.0,1.0,1.0,0.0,0.0,0.0,0.0,0.0,0.0,,,23.4,8975.0,1.7,0.95,0.75,4.36,5.21,3.54,9.0,5.0,4.0,1.0,0.0,0.0,0.0,0.0,0.0,0.0,0.0,0.0,0.0,0.0,0.0,0.0,0.0,0.0,0.0,0.0,0.0,,
2592,James Jones,James,1610612739,CLE,36.0,1,0,1,0.0,1.4,1,1,1.0,1,1,1.0,0,0,0.0,0,0,0,0,0,0,0,0,0,0,3,2,3.0,0,0,4.0,1,123,123,123,231,172,212,1,60,121,1,114,125,114,121,198,206,160,152,111,73,1,1,153,180,83,211,16,1,202,,1,0.0,1.0,212.8,133.3,66.7,0.429,0.0,17,0.0,3,0.0,42,198,206,1.5,119,85.71,172,133.3,4,83.66,1,3,0.0,1,0.0,6,102.86,66.7,66.7,121,1,1.0,227,102.86,1,0.0,1,66.7,146.1,0.532,1.5,2,6,4,160,6,8,212,160,17,66.7,0.333,42,0.0,0.0,0.0,0.0,0.0,1.0,0.0,0.0,2.0,0.0,0.0,0.0,0.0,0.0,0.0,0.0,0.0,0.0,0.0,0.0,0.0,0.0,0.0,0.0,0.0,0.0,0.0,0.0,0.0,2.0,3.0,0.0,0.0,0.0,0.62,0.0,0.0,1.0,1.5,0.0,,,,,,,,,,,,,,,,,,,,,,,,,,,,,,,,,,,,,,,,,,,,,,,,,,,,,,,,,,,,,,,,,,,1.0,1.0,0.0,0.0,1.0,1.0,,1.0,1.5,0.0,1.0,1.0,1.0,0.0,0.0,0.0,,,,0.0,0.0,0.0,0.0,0.0,0.0,1.5,1.0,0.0,3.0,0.0,1.0,,0.0,1.0,,,0.0,0.0,,1.0,,,,0.0,1.0,1.0,0.0,,1.0,,0.0,0.0,0.0,0.0,G-F,3.0,2.0,0.75,0.667,0.618,0.049,0.0,0.0,,0.0,,,,0.0,,0.0,,,,,0.0,0.0,,1.0,0.0,,1.0,,,1.0,0.0,CLE,,,1.0,1.0,1.0,1.0,1.5,1.0,2017,21600160,,IND,CLE,20161116.0,2016-17,False,CLE,IND,,,1.0,0.0,1.0,0.0,0.229,-0.229,1.0,0.0,1.0,0.0,0.083,-0.083,,,,,,,,,,,,,,,,,,,1.0,0.0,1.0,0.0,0.083,-0.083,,,2.0,0.0,0.0,0.0,0.0,0.0,0.0,0.0,0.0,0.0,0.0,0.0,0.0,0.0,0.0,0.0,0.0,0.0,,,1.4,465.0,0.09,0.04,0.05,4.25,0.0,0.0,1.0,0.0,1.0,0.0,0.0,0.0,0.0,0.0,0.0,0.0,0.0,0.0,0.0,0.0,0.0,0.0,0.0,0.0,0.0,0.0,0.0,,
2592,James Jones,James,1610612739,CLE,36.0,1,0,1,0.0,6.766666666666667,1,2,0.5,1,2,0.5,2,2,1.0,0,2,2,0,0,0,0,0,0,1,5,3,7.4,0,0,8.0,1,62,62,62,113,91,106,39,29,56,18,30,42,1,68,58,75,90,79,60,43,1,1,57,82,37,100,12,2,95,,1,0.133,2.0,117.6,115.4,88.0,0.279,0.222,26,0.0,13,0.0,117,18,25,0.868,62,76.85,91,115.4,21,93.64,5,18,0.0,40,0.0,27,92.22,92.3,92.3,68,9,1.0,117,92.22,16,0.0,1,23.1,29.6,0.226,0.75,17,31,21,90,31,40,106,90,26,23.1,0.214,117,0.0,1.0,0.0,0.0,0.0,11.0,0.0,0.0,6.0,0.0,0.0,0.0,0.0,0.0,0.0,0.0,0.0,0.0,0.0,0.0,0.0,0.0,0.0,0.0,0.0,0.0,0.0,0.0,0.0,14.0,5.0,0.3,0.0,0.0,1.49,0.0,0.0,5.0,0.357,0.29,0.0,4.6,6.0,4.6,2.0,2.0,0.333,2.0,0.0,0.0,0.5,6.0,0.0,0.0,2.0,0.0,0.0,0.0,0.0,0.5,0.0,0.333,0.0,0.0,,,,,,,,,,,,,,,,,,,,,,,,,,,,,,1.0,1.0,1.5,1.0,0.5,1.0,0.0,,0.5,0.0,0.0,1.0,1.0,0.5,0.0,0.0,0.0,1.0,0.5,,0.0,0.0,0.0,1.0,0.0,0.0,0.0,0.0,0.0,,,,0.0,0.0,0.0,0.0,0.0,0.0,0.75,0.5,0.0,3.0,0.0,1.0,,0.0,1.0,0.0,0.0,1.0,0.0,0.0,1.0,0.0,0.0,0.0,0.0,1.0,1.0,0.0,,1.0,,0.0,0.0,0.0,0.0,G-F,24.0,10.0,0.48,0.417,0.589,-0.172,0.0,0.0,,0.0,,,,0.0,,0.0,,0.0,,,0.0,0.0,0.0,2.0,0.0,0.0,0.5,,,1.0,0.0,CLE,,,1.0,0.0,1.0,0.0,0.0,0.0,2017,21600585,,POR,CLE,20170111.0,2016-17,False,CLE,POR,,,1.0,0.0,1.0,0.0,0.479,-0.479,,,,,,,1.0,0.0,1.0,0.0,0.489,-0.489,1.0,0.0,1.0,0.0,0.531,-0.531,1.0,0.0,1.0,0.0,0.514,-0.514,,,,,,,,,14.0,0.0,0.0,0.0,0.0,0.0,0.0,0.0,0.0,0.0,0.0,0.0,0.0,0.0,0.0,0.0,0.0,0.0,,,6.77,2461.0,0.47,0.21,0.25,4.43,5.34,3.99,0.0,0.0,0.0,0.0,0.0,1.0,2.0,0.0,0.0,1.0,0.0,0.0,0.0,0.0,0.0,0.0,0.0,0.0,0.0,0.0,0.0,,
2592,James Jones,James,1610612739,CLE,36.0,1,0,1,0.0,6.65,0,0,0.0,0,0,0.0,0,0,0.0,0,0,0,0,0,0,0,0,1,0,0,-1,0.0,0,0,0.0,1,97,97,97,172,168,185,168,93,135,93,104,109,104,96,173,175,141,125,98,52,1,49,130,173,102,189,15,2,189,,1,0.0,0.0,91.4,93.3,113.0,-0.067,0.0,159,0.0,15,0.0,18,173,175,0.0,101,90.23,168,93.3,118,103.22,186,147,0.0,188,0.0,114,108.27,100.0,100.0,96,173,0.0,41,108.27,168,0.0,1,-6.7,-21.6,0.0,0.0,165,55,118,141,55,188,185,141,159,-6.7,0.0,18,0.0,0.0,0.0,0.0,0.0,9.0,0.0,0.0,2.0,0.0,0.0,0.0,0.0,0.0,0.0,0.0,0.0,0.0,0.0,0.0,0.0,0.0,0.0,0.0,0.0,0.0,0.0,0.0,0.0,9.0,0.0,0.2,0.0,0.0,1.32,0.0,0.0,1.0,0.0,0.11,,,,,,,,,,,,,,,,,,,,,,,,,,,,,,,,,,,,,,,,,,,,,,,,,,,,,,,,,,,,,,,,,,,,,,,,,,,,,,,,0.0,,0.0,,,,,0.0,0.0,0.0,0.0,0.0,0.0,0.0,0.0,0.0,0.0,0.0,,0.0,0.0,0.0,0.0,0.0,0.0,0.0,0.0,0.0,0.0,0.0,0.0,0.0,0.0,0.0,,0.0,,0.0,0.0,0.0,0.0,G-F,24.0,10.0,0.471,0.417,0.589,-0.172,0.0,0.0,0.0,0.0,0.0,0.0,,0.0,0.0,0.0,,0.0,0.0,,0.0,0.0,0.0,0.0,0.0,0.0,0.0,0.0,0.0,0.0,0.0,CLE,0.0,0.0,0.0,,,,,0.0,2017,21600619,,GSW,CLE,20170116.0,2016-17,False,CLE,GSW,,,1.0,0.0,1.0,0.0,0.664,-0.664,,,,,,,1.0,0.0,1.0,0.0,0.669,-0.669,,,,,,,1.0,0.0,1.0,0.0,0.683,-0.683,,,,,,,,,9.0,0.0,0.0,0.0,0.0,0.0,0.0,0.0,0.0,0.0,0.0,0.0,0.0,0.0,0.0,0.0,0.0,0.0,,,6.65,2363.0,0.45,0.26,0.19,3.61,5.27,3.73,1.0,1.0,0.0,0.0,0.0,0.0,0.0,0.0,0.0,0.0,0.0,0.0,0.0,0.0,0.0,0.0,0.0,0.0,0.0,0.0,0.0,,
2592,James Jones,James,1610612739,CLE,36.0,1,1,0,1.0,9.3,0,1,0.0,0,1,0.0,0,0,0.0,0,0,0,0,0,0,0,0,1,1,0,-16,0.0,0,0,0.0,1,1,1,1,54,56,55,56,27,30,27,32,33,32,28,54,54,41,38,29,17,1,14,30,56,58,58,7,1,58,,1,0.0,1.0,56.6,57.1,129.4,-0.063,0.0,58,0.0,21,0.0,2,54,54,0.0,27,90.32,56,57.1,59,110.55,57,59,0.0,59,0.0,55,108.39,133.3,133.3,28,56,0.0,2,108.39,56,0.0,1,-76.2,-72.8,0.043,0.0,58,55,59,41,55,59,55,41,58,-76.2,0.043,2,0.0,2.0,0.0,0.0,0.0,16.0,0.0,0.0,4.0,0.0,0.0,0.0,0.0,0.0,0.0,0.0,0.0,0.0,0.0,0.0,0.0,0.0,0.0,0.0,0.0,0.0,0.0,0.0,0.0,17.0,0.0,0.4,0.0,0.0,1.43,0.0,0.0,4.0,0.0,0.0,,,,,,,,,,,,,,,,,,,,,,,,,,,,,,,,,,,,,,,,,,,,,,,,,,,,,,1.0,1.0,0.0,0.0,1.0,0.0,0.0,,1.0,0.0,0.0,0.0,0.0,,,,,,,,,,,,,,0.0,0.0,0.0,,,,0.0,0.0,0.0,0.0,0.0,0.0,0.0,0.0,0.0,0.0,0.0,0.0,,0.0,0.0,0.0,0.0,1.0,0.0,,0.0,,,0.0,0.0,0.0,0.0,0.0,,0.0,,0.0,0.0,0.0,0.0,G-F,37.0,20.0,0.493,0.541,0.606,-0.066,0.0,0.0,,0.0,,,,0.0,0.0,0.0,,0.0,,,0.0,0.0,0.0,1.0,0.0,0.0,0.0,,,0.0,0.0,CLE,0.0,0.0,1.0,0.0,1.0,0.0,0.0,0.0,2017,21600832,,MIN,CLE,20170214.0,2016-17,False,CLE,MIN,,,1.0,2.0,2.0,1.0,0.497,0.503,,,,,,,1.0,2.0,2.0,1.0,0.528,0.473,1.0,2.0,2.0,1.0,0.645,0.356,1.0,2.0,2.0,1.0,0.591,0.41,,,,,,,,,17.0,0.0,0.0,0.0,0.0,0.0,0.0,0.0,0.0,0.0,0.0,0.0,0.0,0.0,0.0,0.0,0.0,0.0,,,9.3,3689.0,0.7,0.39,0.31,4.51,4.92,4.05,0.0,0.0,0.0,1.0,1.0,1.0,2.0,0.0,0.0,0.0,0.0,0.0,0.0,0.0,0.0,0.0,0.0,0.0,0.0,0.0,0.0,,
2592,James Jones,James,1610612739,CLE,36.0,1,0,1,0.0,13.916666666666666,0,2,0.0,0,1,0.0,0,0,0.0,0,1,1,0,0,0,1,0,1,0,0,-9,4.2,0,0,3.0,1,118,118,118,187,203,198,203,118,139,118,123,129,123,109,160,181,169,149,116,22,1,47,168,210,196,206,19,1,208,,1,0.034,2.0,85.1,84.4,117.5,-0.03,0.071,200,0.0,32,0.0,38,169,199,0.0,119,90.54,203,84.4,203,107.54,214,206,0.0,220,0.0,179,108.65,116.1,116.1,109,210,0.0,39,108.65,203,0.0,1,-31.8,-32.4,0.063,0.0,197,176,203,169,176,220,198,169,200,-31.8,0.063,38,0.0,0.0,0.0,0.0,0.0,13.0,0.0,0.0,8.0,0.0,0.0,0.0,0.0,0.0,0.0,0.0,0.0,0.0,0.0,0.0,0.0,0.0,0.0,0.0,0.0,0.0,0.0,1.0,0.0,15.0,0.0,0.3,0.0,0.0,1.3,0.0,0.0,7.0,0.0,0.27,0.0,2.9,3.0,2.9,1.0,0.0,0.25,0.0,0.0,0.0,0.333,4.0,0.0,0.0,1.0,0.0,0.0,0.0,0.0,0.25,1.0,0.333,0.0,0.0,,0.0,1.0,0.0,0.5,1.0,0.0,0.0,1.0,,0.0,0.5,0.0,0.0,,0.0,,,,,,,,,,,,,,,,,,,,,,,,,,,0.5,0.0,0.0,0.5,0.0,0.0,0.0,,0.0,1.0,1.0,0.0,0.0,0.0,0.0,0.0,0.0,0.0,,0.0,1.0,0.0,0.0,0.0,0.0,0.0,0.0,0.0,0.0,0.0,0.0,0.0,0.0,0.0,0.0,0.0,0.0,0.0,1.0,0.0,0.0,0.0,0.0,0.0,0.0,0.0,0.0,0.0,1.0,0.0,1.0,0.0,0.0,0.0,G-F,21.0,9.0,0.512,0.429,0.593,-0.165,1.0,0.0,,0.0,,,0.0,0.0,0.0,0.0,0.0,0.0,,0.0,0.0,0.0,0.0,1.0,0.0,0.0,0.0,,,0.0,0.0,CLE,0.0,0.0,1.0,0.0,1.0,0.0,0.0,0.0,2017,21600464,,DET,CLE,20161226.0,2016-17,False,CLE,DET,,,1.0,2.0,5.0,0.4,0.422,-0.022,0.4,1.0,2.0,0.5,0.339,0.161,0.6,1.0,3.0,0.333,0.474,-0.141,0.2,0.0,1.0,0.0,0.476,-0.476,0.2,0.0,1.0,0.0,0.464,-0.464,0.8,2.0,4.0,0.5,0.362,0.138,,,15.0,0.0,0.0,0.0,0.0,0.0,0.0,0.0,0.0,0.0,0.0,0.0,0.0,0.0,0.0,0.0,0.0,0.0,,,13.92,5513.0,1.04,0.54,0.5,4.32,4.44,4.2,3.0,2.0,1.0,0.0,0.0,2.0,5.0,0.0,0.0,0.0,0.0,0.0,0.0,0.0,0.0,0.0,0.0,0.0,0.0,0.0,0.0,,
2592,James Jones,James,1610612739,CLE,36.0,1,1,0,1.0,0.8266666666666667,0,1,0.0,0,1,0.0,0,0,0.0,0,1,1,0,0,0,0,0,0,0,0,0,1.2,0,0,1.0,1,1,1,1,166,143,153,143,78,91,78,101,104,101,90,113,132,121,103,83,55,1,1,128,150,82,162,19,1,162,,1,0.5,1.0,0.0,0.0,0.0,0.0,1.0,168,0.0,2,0.0,156,1,2,0.0,84,72.58,143,0.0,84,58.06,144,85,0.0,1,0.0,1,87.1,0.0,0.0,90,150,0.0,169,87.1,143,0.0,1,0.0,0.0,1.0,0.0,168,1,84,121,1,1,153,121,168,0.0,0.5,156,0.0,0.0,0.0,0.0,0.0,2.0,0.0,0.0,2.0,0.0,0.0,0.0,0.0,0.0,0.0,0.0,0.0,0.0,0.0,0.0,0.0,0.0,0.0,0.0,0.0,0.0,0.0,0.0,0.0,3.0,0.0,0.1,0.0,0.0,2.17,0.0,0.0,2.0,0.0,0.67,0.0,15.7,1.0,15.7,1.0,0.0,1.0,0.0,0.0,0.0,1.0,1.0,0.0,0.0,1.0,0.0,0.0,0.0,0.0,1.0,0.0,1.0,0.0,0.0,,,,,,,,,,,,,,,,,,,,,,,,,,,,,,1.0,1.0,0.0,0.0,1.0,0.0,0.0,,1.0,0.0,0.0,0.0,0.0,,,,,,,,,,,,,,0.0,0.0,0.0,,,,0.0,0.0,0.0,0.0,0.0,0.0,0.0,0.0,0.0,0.0,0.0,,,,,,,1.0,0.0,,,,,,,,,0.0,,,,,,,,G-F,3.0,2.0,1.0,0.667,0.618,0.049,,0.0,,,,,,1.0,,,,,,,,0.0,,,,,,,,,,CLE,,,0.0,,0.0,0.0,,0.0,2017,21600122,,WAS,CLE,20161111.0,2016-17,False,CLE,WAS,,,,,,,,,,,,,,,,,,,,,,,,,,,,,,,,,,,,,,,,,3.0,0.0,0.0,0.0,0.0,0.0,0.0,0.0,0.0,0.0,0.0,0.0,0.0,0.0,0.0,0.0,0.0,0.0,,,0.83,163.0,0.03,0.02,0.02,0.0,0.0,0.0,,,,,,,,,,,,,,,,,,,,,,,
2592,James Jones,James,1610612739,CLE,36.0,1,1,0,1.0,0.98,0,0,0.0,0,0,0.0,0,0,0.0,0,0,0,0,0,0,0,0,0,0,0,2,0.0,0,0,0.0,1,1,1,1,170,152,166,152,83,125,83,98,105,98,92,140,150,127,107,80,58,1,1,128,154,69,165,10,1,165,,1,0.0,0.0,250.0,250.0,150.0,0.0,0.0,1,0.0,2,0.0,94,140,150,0.0,89,81.63,152,250.0,1,97.96,146,1,0.0,167,0.0,162,97.96,150.0,150.0,92,154,0.0,85,97.96,152,0.0,1,100.0,100.0,0.0,0.0,1,161,1,127,161,167,166,127,1,100.0,0.0,94,0.0,0.0,0.0,0.0,0.0,1.0,0.0,0.0,0.0,0.0,0.0,0.0,0.0,0.0,0.0,0.0,0.0,0.0,0.0,0.0,0.0,0.0,0.0,0.0,0.0,0.0,0.0,0.0,0.0,1.0,0.0,0.1,0.0,0.0,4.64,0.0,0.0,0.0,0.0,0.0,,,,,,,,,,,,,,,,,,,,,,,,,,,,,,,,,,,,,,,,,,,,,,,,,,,,,,,,,,,,,,,,,,,,,,,,,,,,,,,,0.0,,0.0,,,,,0.0,0.0,0.0,0.0,0.0,0.0,0.0,0.0,0.0,0.0,,,0.0,,,,0.0,0.0,,,,,,,,,0.0,,,,0.0,0.0,,,G-F,35.0,18.0,0.479,0.514,0.604,-0.09,0.0,0.0,,,0.0,,,0.0,,,,,,,0.0,0.0,,,,,,0.0,0.0,,0.0,CLE,,,0.0,,,,,0.0,2017,21600811,,CLE,DEN,20170211.0,2016-17,False,CLE,DEN,,,,,,,,,,,,,,,,,,,,,,,,,,,,,,,,,,,,,,,,,1.0,0.0,0.0,0.0,0.0,0.0,0.0,0.0,0.0,0.0,0.0,0.0,0.0,0.0,0.0,0.0,0.0,0.0,,,0.98,263.0,0.05,0.03,0.02,0.0,0.0,0.0,,,,,,,,,,,,,,,,,,,,,,,
2592,James Jones,James,1610612739,CLE,36.0,1,0,1,0.0,17.121666666666666,0,2,0.0,0,1,0.0,0,0,0.0,0,1,1,0,0,0,0,1,2,0,0,-18,1.2,0,0,1.0,1,88,88,88,123,149,141,149,72,88,72,109,111,109,82,122,130,113,103,68,57,107,76,129,156,164,164,11,2,164,,1,0.031,2.0,72.5,68.4,115.9,-0.049,0.083,166,0.0,38,0.0,18,117,138,0.0,81,88.78,149,68.4,164,103.5,164,161,0.0,157,0.0,140,106.53,115.8,115.8,82,156,0.0,28,106.53,149,0.0,1,-47.4,-43.4,0.054,0.0,165,137,164,113,137,157,141,113,166,-47.4,0.051,18,0.0,0.0,0.0,0.0,0.0,20.0,0.0,0.0,9.0,0.0,0.0,0.0,0.0,0.0,0.0,0.0,0.0,0.0,0.0,0.0,0.0,0.0,0.0,0.0,0.0,0.0,0.0,0.0,0.0,23.0,0.0,0.7,0.0,0.0,1.74,0.0,1.0,7.0,0.0,0.3,1.0,8.0,3.0,8.0,0.0,0.0,0.333,0.0,0.0,0.0,0.333,3.0,0.0,0.0,0.0,0.0,1.0,0.0,1.0,0.333,0.0,0.333,1.0,0.0,,,,,,,,,,,,,,,,,,,,,,,,,,,,,,,,,,,,,,,,,,,1.0,0.0,0.0,0.0,1.0,1.0,,0.0,0.0,0.0,1.0,0.0,0.0,0.0,0.0,0.0,,,,0.0,0.0,0.0,0.0,0.0,0.0,0.0,0.0,0.0,0.0,0.0,0.0,,0.0,0.0,0.0,0.0,0.0,0.0,1.0,0.0,0.0,0.0,0.0,0.0,0.0,0.0,0.0,,1.0,,1.0,0.0,0.0,0.0,G-F,47.0,28.0,0.475,0.596,0.607,-0.011,0.0,0.0,,0.0,,,0.0,0.0,0.0,0.0,0.0,0.0,,0.0,0.0,0.0,0.0,1.0,0.0,0.0,0.0,,,0.0,0.0,CLE,0.0,1.0,1.0,0.0,1.0,0.0,0.0,0.0,2017,21601031,,LAC,CLE,20170318.0,2016-17,False,CLE,LAC,,,1.0,2.0,3.0,0.667,0.422,0.245,,,,,,,1.0,2.0,3.0,0.667,0.485,0.181,1.0,2.0,3.0,0.667,0.634,0.033,1.0,2.0,3.0,0.667,0.598,0.069,,,,,,,,,23.0,1.0,0.0,1.0,0.0,0.0,0.0,0.0,0.0,0.0,0.0,0.0,0.0,0.0,0.0,0.0,0.0,0.0,,,17.12,6428.0,1.22,0.65,0.57,4.23,4.74,3.82,1.0,1.0,0.0,0.0,0.0,0.0,0.0,0.0,0.0,0.0,0.0,0.0,0.0,0.0,0.0,0.0,0.0,0.0,0.0,0.0,0.0,,
2592,James Jones,James,1610612739,CLE,36.0,1,0,1,0.0,3.783333333333333,0,0,0.0,0,0,0.0,0,0,0.0,0,1,1,0,0,0,0,0,0,0,0,0,1.2,0,0,1.0,1,14,14,14,23,22,25,22,13,19,13,12,12,12,14,17,19,15,12,12,5,1,1,16,22,10,24,4,3,24,,1,0.125,0.0,116.7,100.0,100.0,0.061,0.25,16,0.0,7,0.0,25,5,7,0.0,9,74.01,22,100.0,9,82.47,17,8,0.0,25,0.0,4,88.81,100.0,100.0,14,22,0.0,23,88.81,22,0.0,1,0.0,16.7,0.0,0.0,8,4,9,15,4,25,25,15,16,0.0,0.0,25,0.0,0.0,0.0,0.0,0.0,1.0,0.0,0.0,0.0,0.0,0.0,0.0,0.0,0.0,0.0,0.0,0.0,0.0,0.0,0.0,0.0,0.0,0.0,0.0,0.0,0.0,0.0,0.0,0.0,1.0,0.0,0.0,0.0,0.0,0.84,0.0,0.0,0.0,0.0,0.0,0.0,6.4,1.0,6.4,1.0,0.0,1.0,0.0,0.0,0.0,1.0,1.0,0.0,0.0,1.0,0.0,0.0,0.0,0.0,1.0,0.0,1.0,0.0,0.0,,,,,,,,,,,,,,,,,,,,,,,,,,,,,,,,,,,,,,,,,,,,,,,,,,,,,,,,0.0,,0.0,,,,,0.0,0.0,0.0,0.0,0.0,0.0,0.0,0.0,0.0,0.0,,,0.0,,,,0.0,0.0,,,,,,0.0,,,0.0,,,,0.0,0.0,0.0,0.0,G-F,12.0,10.0,0.8,0.833,0.569,0.264,0.0,0.0,,0.0,,,,0.0,0.0,0.0,,,,,0.0,0.0,,,0.0,,,,,,0.0,CLE,0.0,0.0,0.0,,,,,0.0,2017,41600402,,GSW,CLE,20170604.0,2016-17,True,CLE,GSW,1610612744.0,CLE_GSW_2017,1.0,0.0,1.0,0.0,0.387,-0.387,1.0,0.0,1.0,0.0,0.325,-0.325,,,,,,,,,,,,,,,,,,,1.0,0.0,1.0,0.0,0.332,-0.332,1610612739.0,CLE,1.0,0.0,0.0,0.0,0.0,0.0,0.0,0.0,0.0,0.0,0.0,0.0,0.0,0.0,0.0,0.0,0.0,0.0,1610612739.0,CLE,3.78,1102.0,0.21,0.12,0.09,3.17,3.93,2.66,1.0,0.0,1.0,0.0,0.0,0.0,0.0,0.0,0.0,0.0,0.0,0.0,0.0,0.0,0.0,0.0,0.0,0.0,0.0,0.0,0.0,1610612739.0,CLE
2592,James Jones,James,1610612739,CLE,36.0,1,1,0,1.0,2.2666666666666666,0,0,0.0,0,0,0.0,0,0,0.0,0,0,0,0,0,0,0,0,0,0,0,0,0.0,0,0,0.0,1,1,1,1,23,21,22,21,14,16,14,14,16,14,14,21,22,16,15,8,8,1,1,17,22,11,25,4,2,25,,1,0.0,0.0,128.9,100.0,102.5,0.0,0.0,20,0.0,5,0.0,5,21,22,0.0,12,88.24,21,100.0,12,92.75,23,5,0.0,23,0.0,3,105.88,100.0,100.0,14,22,0.0,23,105.88,21,0.0,1,0.0,26.4,0.0,0.0,6,2,12,16,2,23,22,16,20,0.0,0.0,5,0.0,0.0,0.0,0.0,0.0,2.0,0.0,0.0,2.0,0.0,0.0,0.0,0.0,0.0,0.0,0.0,0.0,0.0,0.0,0.0,0.0,0.0,0.0,0.0,0.0,0.0,0.0,0.0,0.0,3.0,0.0,0.2,0.0,0.0,4.09,0.0,0.0,1.0,0.0,0.33,,,,,,,,,,,,,,,,,,,,,,,,,,,,,,,,,,,,,,,,,,,,,,,,,,,,,,,,,,,,,,,,,,,,,,,,,,,,,,,,0.0,,0.0,,,,,0.0,0.0,0.0,0.0,0.0,0.0,0.0,0.0,0.0,0.0,,,,,0.0,0.0,0.0,0.0,,,,,0.0,0.0,,,0.0,,,,,,0.0,0.0,G-F,12.0,10.0,0.706,0.833,0.569,0.264,,0.0,,0.0,,,,0.0,,0.0,,,,,,0.0,,0.0,0.0,,0.0,,,0.0,,CLE,,,0.0,,,,,0.0,2017,41600404,,CLE,GSW,20170609.0,2016-17,True,CLE,GSW,1610612744.0,CLE_GSW_2017,1.0,0.0,2.0,0.0,0.462,-0.462,1.0,0.0,2.0,0.0,0.354,-0.354,,,,,,,,,,,,,,,,,,,1.0,0.0,2.0,0.0,0.364,-0.364,1610612739.0,CLE,3.0,0.0,0.0,0.0,0.0,0.0,0.0,0.0,0.0,0.0,0.0,0.0,0.0,0.0,0.0,0.0,0.0,0.0,1610612739.0,CLE,2.27,690.0,0.13,0.06,0.07,2.64,4.89,5.7,1.0,0.0,1.0,0.0,0.0,0.0,0.0,0.0,0.0,0.0,0.0,0.0,0.0,0.0,0.0,0.0,0.0,0.0,0.0,0.0,0.0,1610612739.0,CLE
2592,James Jones,James,1610612739,CLE,36.0,1,1,0,1.0,1.6833333333333331,0,0,0.0,0,0,0.0,0,0,0.0,0,0,0,0,0,0,0,0,0,0,0,1,0.0,0,0,0.0,1,1,1,1,39,32,37,32,19,28,19,17,17,17,17,36,36,25,27,20,15,1,1,23,34,16,39,4,1,39,,1,0.0,0.0,166.7,125.0,103.1,0.0,0.0,7,0.0,4,0.0,9,36,36,0.0,19,83.17,32,125.0,24,98.09,33,2,0.0,37,0.0,23,99.8,133.3,133.3,17,34,0.0,21,99.8,32,0.0,1,-8.3,63.6,0.0,0.0,2,35,24,25,35,37,37,25,7,-8.3,0.0,9,0.0,0.0,0.0,0.0,0.0,2.0,0.0,0.0,1.0,0.0,0.0,0.0,0.0,0.0,0.0,0.0,0.0,0.0,0.0,0.0,0.0,0.0,0.0,0.0,0.0,0.0,0.0,0.0,0.0,2.0,0.0,0.1,0.0,0.0,2.26,0.0,0.0,1.0,0.0,0.5,,,,,,,,,,,,,,,,,,,,,,,,,,,,,,,,,,,,,,,,,,,,,,,,,,,,,,,,,,,,,,,,,,,,,,,,,,,,,,,,0.0,,0.0,,,,,0.0,0.0,0.0,0.0,0.0,0.0,0.0,0.0,0.0,0.0,,,0.0,,0.0,0.0,0.0,0.0,,,,,0.0,0.0,,,0.0,,,,0.0,0.0,0.0,0.0,G-F,2.0,1.0,1.0,0.5,0.599,-0.099,0.0,,,0.0,,,,,,0.0,,,,,0.0,,,0.0,0.0,,0.0,,,0.0,0.0,CLE,,,0.0,,,,,0.0,2017,41600213,,TOR,CLE,20170505.0,2016-17,True,CLE,TOR,1610612761.0,CLE_TOR_2017,,,,,,,,,,,,,,,,,,,,,,,,,,,,,,,,,,,,,1610612739.0,CLE,2.0,0.0,0.0,0.0,0.0,0.0,0.0,0.0,0.0,0.0,0.0,0.0,0.0,0.0,0.0,0.0,0.0,0.0,1610612739.0,CLE,1.68,499.0,0.09,0.06,0.04,3.57,6.2,0.0,1.0,1.0,0.0,0.0,0.0,0.0,0.0,0.0,0.0,0.0,0.0,0.0,0.0,0.0,0.0,0.0,0.0,0.0,0.0,0.0,0.0,1610612739.0,CLE
2592,James Jones,James,1610612739,CLE,36.0,1,1,0,1.0,1.6666666666666667,0,0,0.0,0,0,0.0,0,0,0.0,0,0,0,0,1,0,0,0,0,0,0,-4,-1.0,0,0,0.0,1,1,1,1,49,39,46,39,22,34,22,22,22,22,25,36,41,36,17,22,13,1,1,33,39,32,50,3,1,46,,50,0.0,0.0,66.7,50.0,154.6,-0.111,0.0,50,100.0,4,0.0,1,36,41,0.0,20,96.0,39,50.0,50,99.07,48,50,0.0,4,0.0,50,115.2,150.0,150.0,25,39,0.0,15,115.2,39,0.0,50,-100.0,-88.0,0.333,0.0,50,47,50,36,47,12,46,36,50,-100.0,0.25,1,100.0,0.0,0.0,0.0,0.0,2.0,0.0,0.0,2.0,0.0,0.0,0.0,0.0,0.0,0.0,0.0,0.0,0.0,0.0,0.0,0.0,0.0,0.0,0.0,0.0,0.0,0.0,1.0,0.0,3.0,0.0,0.1,0.0,0.0,2.72,0.0,0.0,2.0,0.0,1.0,,,,,,,,,,,,,,,,,,,,,,,,,,,,,,,,,,,,,,,,,,,,,,,,,,,,,,,,,,,,,,,,,,,,,,,,,,,,,,,,0.0,,0.0,,,,,0.0,0.0,0.0,0.0,0.0,0.0,0.0,0.0,0.0,0.0,,,0.0,,0.0,0.0,,,,,,,0.0,0.0,,,,,,,0.0,0.0,0.0,0.0,G-F,2.0,1.0,1.0,0.5,0.599,-0.099,,,,0.0,,,,,0.0,0.0,,0.0,,,,,0.0,,0.0,0.0,,,,,,CLE,0.0,0.0,0.0,,,,,0.0,2017,41600212,,CLE,TOR,20170503.0,2016-17,True,CLE,TOR,1610612761.0,CLE_TOR_2017,1.0,1.0,2.0,0.5,0.506,-0.006,,,,,,,1.0,1.0,2.0,0.5,0.525,-0.025,1.0,1.0,2.0,0.5,0.599,-0.099,1.0,1.0,2.0,0.5,0.568,-0.068,,,,,,,1610612739.0,CLE,3.0,0.0,0.0,0.0,0.0,0.0,0.0,0.0,0.0,0.0,0.0,0.0,0.0,0.0,0.0,0.0,0.0,0.0,1610612739.0,CLE,1.67,534.0,0.1,0.07,0.03,3.6,5.34,0.0,,,,,,,,,,,,,,,,,,,,,,,
2592,James Jones,James,1610612739,CLE,36.0,1,0,1,0.0,2.2666666666666666,0,1,0.0,0,1,0.0,0,0,0.0,0,0,0,0,0,0,0,0,0,0,0,-3,0.0,0,0,0.0,1,14,14,14,24,20,24,20,12,15,12,9,11,9,15,19,21,17,10,8,7,1,1,18,20,16,24,4,1,24,,1,0.0,1.0,51.5,50.0,125.0,-0.125,0.0,25,0.0,4,0.0,24,19,21,0.0,8,79.41,20,50.0,25,83.44,23,25,0.0,9,0.0,23,95.29,100.0,100.0,15,20,0.0,24,95.29,20,0.0,1,-50.0,-73.5,0.258,0.0,25,17,25,17,17,8,24,17,25,-50.0,0.25,24,0.0,0.0,0.0,0.0,0.0,1.0,0.0,0.0,2.0,0.0,0.0,0.0,0.0,0.0,0.0,0.0,0.0,0.0,0.0,0.0,0.0,0.0,0.0,0.0,0.0,0.0,0.0,0.0,0.0,2.0,0.0,0.0,0.0,0.0,1.1,0.0,0.0,2.0,0.0,0.0,,,,,,,,,,,,,,,,,,,,,,,,,,,,,,,,,,,,,,,,,,,,,,,,,,,,,,,,,,,,,,,,,,,1.0,0.0,0.0,0.0,1.0,1.0,,0.0,0.0,0.0,1.0,0.0,0.0,0.0,0.0,0.0,,,,0.0,0.0,0.0,0.0,0.0,0.0,0.0,0.0,0.0,0.0,0.0,0.0,,0.0,,0.0,0.0,1.0,0.0,0.0,0.0,0.0,0.0,0.0,0.0,,,0.0,,0.0,,0.0,0.0,0.0,0.0,G-F,12.0,10.0,0.857,0.833,0.569,0.264,,0.0,,0.0,,,,1.0,0.0,0.0,,,,,,0.0,,0.0,0.0,,0.0,,,0.0,,CLE,0.0,0.0,1.0,0.0,1.0,0.0,0.0,0.0,2017,41600401,,GSW,CLE,20170601.0,2016-17,True,CLE,GSW,1610612744.0,CLE_GSW_2017,1.0,1.0,2.0,0.5,0.387,0.113,0.5,1.0,1.0,1.0,0.325,0.675,0.5,0.0,1.0,0.0,0.465,-0.465,,,,,,,,,,,,,1.0,1.0,2.0,0.5,0.332,0.168,1610612739.0,CLE,2.0,0.0,0.0,0.0,0.0,0.0,0.0,0.0,0.0,0.0,0.0,0.0,0.0,0.0,0.0,0.0,0.0,0.0,1610612739.0,CLE,2.27,685.0,0.13,0.05,0.08,2.66,8.03,3.99,1.0,1.0,0.0,0.0,0.0,0.0,0.0,0.0,0.0,0.0,0.0,0.0,0.0,0.0,0.0,0.0,0.0,0.0,0.0,0.0,0.0,1610612739.0,CLE
2592,James Jones,James,1610612739,CLE,36.0,1,1,0,1.0,0.3116666666666666,0,0,0.0,0,0,0.0,0,0,0.0,0,0,0,0,0,0,0,0,0,0,0,-2,0.0,0,0,0.0,1,1,1,1,51,43,48,43,29,35,29,27,29,27,21,39,42,33,33,25,16,1,1,32,48,25,51,9,1,51,,1,0.0,0.0,0.0,0.0,200.0,0.0,0.0,51,0.0,1,0.0,1,39,42,0.0,23,128.34,43,0.0,51,77.01,44,51,0.0,50,0.0,51,154.01,200.0,200.0,21,48,0.0,51,154.01,43,0.0,1,-200.0,-200.0,0.0,0.0,51,51,51,33,51,50,48,33,51,-200.0,0.0,1,0.0,0.0,0.0,0.0,0.0,1.0,0.0,0.0,0.0,0.0,0.0,0.0,0.0,0.0,0.0,0.0,0.0,0.0,0.0,0.0,0.0,0.0,0.0,0.0,0.0,0.0,0.0,0.0,0.0,1.0,0.0,0.0,0.0,0.0,1.4,0.0,0.0,0.0,0.0,0.0,,,,,,,,,,,,,,,,,,,,,,,,,,,,,,,,,,,,,,,,,,,,,,,,,,,,,,,,,,,,,,,,,,,,,,,,,,,,,,,,0.0,,0.0,,,,,0.0,0.0,0.0,0.0,0.0,0.0,0.0,0.0,0.0,0.0,,,,,,,,,,,,,,0.0,,,,,,,,,0.0,0.0,,,,,,,,,,,0.0,,,,,,0.0,,,,,,,,,0.0,,,,,,,CLE,,,0.0,,,,,0.0,2017,41600211,,CLE,TOR,20170501.0,2016-17,True,CLE,TOR,1610612761.0,CLE_TOR_2017,,,,,,,,,,,,,,,,,,,,,,,,,,,,,,,,,,,,,1610612739.0,CLE,1.0,0.0,0.0,0.0,0.0,0.0,0.0,0.0,0.0,0.0,0.0,0.0,0.0,0.0,0.0,0.0,0.0,0.0,1610612739.0,CLE,0.32,41.0,0.01,0.0,0.01,0.0,0.0,0.0,,,,,,,,,,,,,,,,,,,,,,,
2592,James Jones,James,1610612739,CLE,36.0,1,1,0,1.0,9.5,0,2,0.0,0,1,0.0,0,0,0.0,0,1,1,0,1,0,0,0,3,0,0,-4,0.2,0,0,1.0,1,1,1,1,22,22,23,22,14,16,14,13,13,13,14,16,19,19,8,11,7,1,23,16,24,14,26,2,1,26,,25,0.056,2.0,100.6,95.2,117.4,-0.116,0.125,15,33.3,21,0.0,5,15,17,0.0,15,86.32,22,95.2,16,101.86,26,14,0.0,22,0.0,15,103.58,120.0,120.0,14,24,0.0,11,103.58,22,0.0,25,-24.8,-16.8,0.144,0.0,14,15,16,19,15,23,23,19,15,-24.8,0.136,5,33.3,0.0,0.0,0.0,0.0,10.0,0.0,0.0,4.0,0.0,0.0,0.0,0.0,0.0,0.0,0.0,0.0,0.0,0.0,0.0,0.0,0.0,0.0,0.0,0.0,0.0,0.0,0.0,0.0,12.0,0.0,0.3,0.0,0.0,1.27,0.0,1.0,4.0,0.0,0.33,0.0,9.0,3.0,9.0,1.0,0.0,0.333,0.0,0.0,0.0,0.333,3.0,0.0,0.0,1.0,0.0,0.0,0.0,0.0,0.333,0.0,0.333,0.0,0.0,0.0,0.0,1.0,0.5,0.0,0.0,0.0,0.0,1.0,CLE,0.0,0.5,0.0,1.0,1610612739.0,,,,,,,,,,,,,,,,,,,,,,,,,,,,0.5,0.0,0.0,0.0,1.0,0.5,,0.0,0.0,0.0,1.0,0.0,0.0,0.0,1.0,0.0,0.0,0.0,0.0,0.0,1.0,0.0,0.0,0.0,0.0,0.0,0.0,0.0,0.0,0.0,0.0,,0.0,0.0,0.0,1.0,1.0,0.0,0.0,0.0,0.0,0.0,0.0,0.0,0.0,0.0,0.0,,0.0,,0.0,0.0,0.0,0.0,G-F,10.0,8.0,1.0,0.8,0.575,0.225,0.0,0.0,,0.0,,,,0.0,,0.0,,0.0,,,0.0,0.0,0.0,1.0,1.0,0.0,0.0,,,0.0,0.0,CLE,,,0.0,,0.0,0.0,,0.0,2017,41600302,,BOS,CLE,20170519.0,2016-17,True,CLE,BOS,1610612738.0,CLE_BOS_2017,1.0,7.0,8.0,0.875,0.463,0.413,,,,,,,1.0,7.0,8.0,0.875,0.498,0.377,1.0,7.0,8.0,0.875,0.569,0.306,1.0,7.0,8.0,0.875,0.542,0.333,,,,,,,1610612739.0,CLE,12.0,1.0,0.0,1.0,0.0,0.0,0.0,0.0,0.0,0.0,0.0,0.0,0.0,0.0,0.0,0.0,0.0,0.0,1610612739.0,CLE,9.5,3716.0,0.7,0.39,0.31,4.42,4.37,4.48,3.0,3.0,0.0,0.0,0.0,0.0,0.0,0.0,0.0,0.0,0.0,0.0,0.0,0.0,0.0,0.0,0.0,0.0,0.0,0.0,0.0,1610612739.0,CLE
2592,James Jones,James,1610612739,CLE,36.0,1,1,0,1.0,8.183333333333334,1,2,0.5,0,1,0.0,0,0,0.0,1,1,2,0,0,0,0,0,0,0,2,-4,4.4,0,0,4.0,1,1,1,1,22,21,22,8,15,16,15,17,17,17,5,15,15,17,17,12,11,1,1,20,23,14,25,2,1,23,,1,0.154,2.0,142.5,146.7,159.3,0.053,0.143,4,0.0,15,0.167,23,12,4,0.5,13,70.88,21,146.7,17,93.15,18,14,0.0,21,0.0,23,85.05,185.7,185.7,2,18,1.0,23,85.05,14,0.0,1,-39.0,-16.8,0.122,0.5,4,24,17,17,24,21,22,17,4,-39.0,0.118,23,0.0,1.0,0.0,0.0,0.0,12.0,0.0,0.0,7.0,0.0,0.0,0.0,0.0,0.0,0.0,0.0,0.0,0.0,0.0,0.0,1.0,1.0,0.0,0.0,0.0,1.0,0.0,0.0,1.0,14.0,2.0,0.3,0.0,2.0,1.43,0.0,0.0,7.0,0.143,0.21,0.0,8.5,3.0,8.5,1.0,1.0,0.667,1.0,0.0,0.0,0.5,3.0,0.0,0.0,1.0,0.0,0.0,0.0,0.0,1.0,0.0,0.333,0.0,0.0,,0.0,1.0,0.0,0.5,1.0,0.0,0.0,1.0,CLE,0.0,0.5,0.0,0.0,1610612739.0,0.0,,,,,,,,,,,,,,1.0,0.0,1.0,0.0,0.5,1.0,1.0,1.0,0.0,0.5,1.0,1.0,,,,,,,,,,,,,,,0.0,0.0,0.0,,,,0.0,0.0,0.0,0.0,0.0,0.0,0.5,0.0,1.0,0.0,2.0,0.0,,0.0,0.0,0.0,0.0,0.0,0.0,0.0,0.0,0.0,0.0,0.0,1.0,0.0,1.0,0.0,,1.0,,0.0,0.0,1.0,1.0,G-F,12.0,10.0,1.0,0.833,0.569,0.264,0.0,0.0,,1.0,,,,0.0,0.0,1.0,,0.0,,,0.0,0.0,0.0,1.0,1.0,0.0,0.0,,,0.0,0.0,CLE,0.0,0.0,1.0,0.0,1.0,0.0,0.0,0.0,2017,41600305,,BOS,CLE,20170525.0,2016-17,True,CLE,BOS,1610612738.0,CLE_BOS_2017,1.0,2.0,2.0,1.0,0.43,0.57,,,,,,,1.0,2.0,2.0,1.0,0.457,0.544,1.0,2.0,2.0,1.0,0.541,0.46,1.0,2.0,2.0,1.0,0.52,0.48,,,,,,,1610612739.0,CLE,14.0,0.0,0.0,0.0,0.0,0.0,0.0,0.0,0.0,0.0,0.0,0.0,0.0,0.0,0.0,0.0,0.0,0.0,1610612739.0,CLE,8.18,2923.0,0.55,0.34,0.21,4.4,3.68,3.66,2.0,2.0,0.0,0.0,0.0,1.0,2.0,0.0,0.0,0.0,0.0,0.0,0.0,0.0,0.0,0.0,0.0,0.0,0.0,0.0,0.0,1610612739.0,CLE
